run,evaluations,best_so_far
1,8874,294.0
1,8904,315.0
1,8932,315.0
1,9405,315.0
1,9435,315.0
1,9449,315.0
1,9477,331.0
1,9479,331.0
1,9493,331.0
1,9521,331.0
1,9535,331.0
1,9537,331.0
1,9567,331.0
1,9595,331.0
1,9613,331.0
1,9615,331.0
1,9631,331.0
1,9645,331.0
1,9671,331.0
1,9701,331.0
1,9717,331.0
1,9731,333.0
1,9745,333.0
1,9775,333.0
1,9805,333.0
1,9837,333.0
1,9863,353.0
1,9877,353.0
1,9903,353.0
1,9929,353.0
1,9955,353.0
1,9969,353.0
1,9997,353.0
1,10013,353.0
1,10039,353.0
1,10053,353.0
1,10067,353.0
1,10093,353.0
1,10107,382.0
1,10133,382.0
1,10149,382.0
1,10175,382.0
1,10201,382.0
1,10229,382.0
1,10243,382.0
1,10257,382.0
1,10271,382.0
1,10287,382.0
1,10313,382.0
1,10341,382.0
1,10359,382.0
1,10385,382.0
1,10399,382.0
1,10401,382.0
1,10415,382.0
1,10431,382.0
1,10449,382.0
1,10477,382.0
1,10491,382.0
1,10505,382.0
1,10507,382.0
1,10521,382.0
1,10549,382.0
1,10579,382.0
1,10609,382.0
1,10611,382.0
1,10627,382.0
1,10659,382.0
1,10675,382.0
1,10689,382.0
1,10703,382.0
1,10705,382.0
1,10721,382.0
1,10735,382.0
1,10749,382.0
1,10777,382.0
1,10805,382.0
1,10821,382.0
1,10835,382.0
1,10861,388.0
1,10887,388.0
1,10903,388.0
1,10931,388.0
1,10945,388.0
1,10959,388.0
1,10975,388.0
1,10977,388.0
1,10993,388.0
1,11007,388.0
1,11033,388.0
1,11059,388.0
1,11073,388.0
1,11089,388.0
1,11105,388.0
1,11107,388.0
1,11123,388.0
1,11125,388.0
1,11141,388.0
1,11157,388.0
1,11187,388.0
1,11203,388.0
1,11219,388.0
1,11233,388.0
1,11235,388.0
1,11265,388.0
1,11297,388.0
1,11325,388.0
1,11339,388.0
1,11341,388.0
1,11343,388.0
1,11369,394.0
1,11371,394.0
1,11387,394.0
1,11413,394.0
1,11441,394.0
1,11457,394.0
1,11471,394.0
1,11473,394.0
1,11475,394.0
1,11493,394.0
1,11525,394.0
1,11539,394.0
1,11565,400.0
1,11567,400.0
1,11597,400.0
1,11599,400.0
1,11615,400.0
1,11649,400.0
1,11675,400.0
1,11707,400.0
1,11709,400.0
1,11723,402.0
1,11725,402.0
1,11741,402.0
1,11773,402.0
1,11803,402.0
1,11819,402.0
1,11835,402.0
1,11865,402.0
1,11867,402.0
1,11883,402.0
1,11897,402.0
1,11923,402.0
1,11937,402.0
1,11951,404.0
1,11979,404.0
1,11993,404.0
1,12007,404.0
1,12033,404.0
1,12063,404.0
1,12065,404.0
1,12097,404.0
1,12127,404.0
1,12143,404.0
1,12157,404.0
1,12171,404.0
1,12185,404.0
1,12211,407.0
1,12237,407.0
1,12265,407.0
1,12295,407.0
1,12329,407.0
1,12345,407.0
1,12363,407.0
1,12391,407.0
1,12423,407.0
1,12449,407.0
1,12463,407.0
1,12477,407.0
1,12491,407.0
1,12519,407.0
1,12545,407.0
1,12547,407.0
1,12549,407.0
1,12575,407.0
1,12589,414.0
1,12615,414.0
1,12645,414.0
1,12659,414.0
1,12673,414.0
1,12705,414.0
1,12719,414.0
1,12747,414.0
1,12773,414.0
1,12791,414.0
1,12793,414.0
1,12813,414.0
1,12815,414.0
1,12833,414.0
1,12847,414.0
1,12863,414.0
1,12893,414.0
1,12895,414.0
1,12911,414.0
1,12939,414.0
1,12969,414.0
1,12995,414.0
1,13011,414.0
1,13027,414.0
1,13053,414.0
1,13079,416.0
1,13093,416.0
1,13109,416.0
1,13123,416.0
1,13137,416.0
1,13163,416.0
1,13181,416.0
1,13195,416.0
1,13225,416.0
1,13227,416.0
1,13253,422.0
1,13281,422.0
1,13311,422.0
1,13325,422.0
1,13341,422.0
1,13357,422.0
1,13373,422.0
1,13387,422.0
1,13401,422.0
1,13421,422.0
1,13447,422.0
1,13463,422.0
1,13479,422.0
1,13495,422.0
1,13511,422.0
1,13525,422.0
1,13553,422.0
1,13581,422.0
1,13607,422.0
1,13621,422.0
1,13623,422.0
1,13649,422.0
1,13677,422.0
1,13695,422.0
1,13697,422.0
1,13699,422.0
1,13713,422.0
1,13727,422.0
1,13743,422.0
1,13761,422.0
1,13775,422.0
1,13789,422.0
1,13805,422.0
1,13833,422.0
1,13835,422.0
1,13849,422.0
1,13867,422.0
1,13881,422.0
1,13913,422.0
1,13939,428.0
1,13969,428.0
1,13971,428.0
1,13997,428.0
1,14025,428.0
1,14057,428.0
1,14071,428.0
1,14073,428.0
1,14099,428.0
1,14125,428.0
1,14155,428.0
1,14169,428.0
1,14171,428.0
1,14187,428.0
1,14213,428.0
1,14227,428.0
1,14243,428.0
1,14257,428.0
1,14271,428.0
1,14287,428.0
1,14315,428.0
1,14329,428.0
1,14355,428.0
1,14385,428.0
1,14417,428.0
1,14431,428.0
1,14445,428.0
1,14475,428.0
1,14507,428.0
1,14527,428.0
1,14543,428.0
1,14563,428.0
1,14577,428.0
1,14605,428.0
1,14619,428.0
1,14649,428.0
1,14651,428.0
1,14653,428.0
1,14681,428.0
1,14695,428.0
1,14721,428.0
1,14737,428.0
1,14767,428.0
1,14795,428.0
1,14809,428.0
1,14825,428.0
1,14841,428.0
1,14875,428.0
1,14877,428.0
1,14905,428.0
1,14931,428.0
1,14961,428.0
1,14991,428.0
1,15019,428.0
1,15045,428.0
1,15059,428.0
1,15087,428.0
1,15117,428.0
1,15143,428.0
1,15171,428.0
1,15185,428.0
1,15211,428.0
1,15241,428.0
1,15243,428.0
1,15259,428.0
1,15275,428.0
1,15289,428.0
1,15315,428.0
1,15331,428.0
1,15357,428.0
1,15375,428.0
1,15377,428.0
1,15403,428.0
1,15417,428.0
1,15445,428.0
1,15459,428.0
1,15475,428.0
1,15491,428.0
1,15493,428.0
1,15525,428.0
1,15559,428.0
1,15575,428.0
1,15591,428.0
1,15593,428.0
1,15607,428.0
1,15621,428.0
1,15623,428.0
1,15639,428.0
1,15665,428.0
1,15667,428.0
1,15693,428.0
1,15727,428.0
1,15753,428.0
1,15767,428.0
1,15797,428.0
1,15811,428.0
1,15837,428.0
1,15839,428.0
1,15853,428.0
1,15867,428.0
1,15893,428.0
1,15921,428.0
1,15949,428.0
1,15951,428.0
1,15969,428.0
1,15985,428.0
1,15999,428.0
1,16027,428.0
1,16043,428.0
1,16045,428.0
1,16059,428.0
1,16073,428.0
1,16105,428.0
1,16125,428.0
1,16127,428.0
1,16155,428.0
1,16157,428.0
1,16183,428.0
1,16197,428.0
1,16225,428.0
1,16239,428.0
1,16253,428.0
1,16279,428.0
1,16307,428.0
1,16325,428.0
1,16353,428.0
1,16367,428.0
1,16381,428.0
1,16409,428.0
1,16437,428.0
1,16451,428.0
1,16481,428.0
1,16495,428.0
1,16523,428.0
1,16551,428.0
1,16581,428.0
1,16595,428.0
1,16611,428.0
1,16613,428.0
1,16627,428.0
1,16655,428.0
1,16671,428.0
1,16701,428.0
1,16727,428.0
1,16755,428.0
1,16769,428.0
1,16795,428.0
1,16797,428.0
1,16811,428.0
1,16813,428.0
1,16815,428.0
1,16835,428.0
1,16849,428.0
1,16879,428.0
1,16893,428.0
1,16923,428.0
1,16937,428.0
1,16939,428.0
1,16941,428.0
1,16959,428.0
1,16973,428.0
1,16975,428.0
1,16989,428.0
1,17017,428.0
1,17019,428.0
1,17045,428.0
1,17059,428.0
1,17087,428.0
1,17103,428.0
1,17105,428.0
1,17135,428.0
1,17161,428.0
1,17163,428.0
1,17177,428.0
1,17179,428.0
1,17207,428.0
1,17209,428.0
1,17235,428.0
1,17261,428.0
1,17275,428.0
1,17303,428.0
1,17317,428.0
1,17343,428.0
1,17359,428.0
1,17373,428.0
1,17387,428.0
1,17413,428.0
1,17441,428.0
1,17467,428.0
1,17495,428.0
1,17509,428.0
1,17537,428.0
1,17539,428.0
1,17567,428.0
1,17595,428.0
1,17621,428.0
1,17647,428.0
1,17663,428.0
1,17689,428.0
1,17703,428.0
1,17729,428.0
1,17731,428.0
1,17757,428.0
1,17785,428.0
1,17813,428.0
1,17839,428.0
1,17841,428.0
1,17855,428.0
1,17857,428.0
1,17887,428.0
1,17903,428.0
1,17917,428.0
1,17945,428.0
1,17947,428.0
1,17961,428.0
1,17991,428.0
1,18019,428.0
1,18033,428.0
1,18047,428.0
1,18049,428.0
1,18063,428.0
1,18065,428.0
1,18081,428.0
1,18109,428.0
1,18123,428.0
1,18137,428.0
1,18139,428.0
1,18153,428.0
1,18179,428.0
1,18205,428.0
1,18231,428.0
1,18253,428.0
1,18279,428.0
1,18297,428.0
1,18323,428.0
1,18353,428.0
1,18379,428.0
1,18409,428.0
1,18423,428.0
1,18453,428.0
1,18455,428.0
1,18471,428.0
1,18473,428.0
1,18487,428.0
1,18501,428.0
1,18517,428.0
1,18533,428.0
1,18549,428.0
1,18583,428.0
1,18613,428.0
1,18627,428.0
1,18643,428.0
1,18673,428.0
1,18689,428.0
1,18717,428.0
1,18731,428.0
1,18761,428.0
1,18775,428.0
1,18803,428.0
1,18839,428.0
1,18865,428.0
2,8890,285.0
2,8892,285.0
2,8918,301.0
2,8920,301.0
2,9427,301.0
2,9441,320.0
2,9469,320.0
2,9497,325.0
2,9511,325.0
2,9525,325.0
2,9553,325.0
2,9567,338.0
2,9595,338.0
2,9609,338.0
2,9625,338.0
2,9639,338.0
2,9641,338.0
2,9655,338.0
2,9669,338.0
2,9699,338.0
2,9727,342.0
2,9755,362.0
2,9771,362.0
2,9773,362.0
2,9801,362.0
2,9829,362.0
2,9845,362.0
2,9863,362.0
2,9895,362.0
2,9921,362.0
2,9935,362.0
2,9965,362.0
2,9983,362.0
2,10011,362.0
2,10039,362.0
2,10053,362.0
2,10067,362.0
2,10095,362.0
2,10109,362.0
2,10123,362.0
2,10139,362.0
2,10153,362.0
2,10155,362.0
2,10169,362.0
2,10195,362.0
2,10223,362.0
2,10237,362.0
2,10267,364.0
2,10287,365.0
2,10303,365.0
2,10317,365.0
2,10333,365.0
2,10349,365.0
2,10365,365.0
2,10381,365.0
2,10395,365.0
2,10397,365.0
2,10411,365.0
2,10425,365.0
2,10427,365.0
2,10441,365.0
2,10469,365.0
2,10487,365.0
2,10515,365.0
2,10529,365.0
2,10559,365.0
2,10585,365.0
2,10599,370.0
2,10627,370.0
2,10641,370.0
2,10655,381.0
2,10673,381.0
2,10675,381.0
2,10703,381.0
2,10719,381.0
2,10747,381.0
2,10775,381.0
2,10789,381.0
2,10803,393.0
2,10817,400.0
2,10843,404.0
2,10869,405.0
2,10883,406.0
2,10897,406.0
2,10915,406.0
2,10945,406.0
2,10975,406.0
2,10989,406.0
2,11027,406.0
2,11057,406.0
2,11071,406.0
2,11085,406.0
2,11101,406.0
2,11119,406.0
2,11147,406.0
2,11173,406.0
2,11187,406.0
2,11189,406.0
2,11191,406.0
2,11219,406.0
2,11233,406.0
2,11261,406.0
2,11275,406.0
2,11307,406.0
2,11333,407.0
2,11355,407.0
2,11369,407.0
2,11383,407.0
2,11399,407.0
2,11425,407.0
2,11439,407.0
2,11453,407.0
2,11455,407.0
2,11481,407.0
2,11513,407.0
2,11527,407.0
2,11545,407.0
2,11571,411.0
2,11585,411.0
2,11611,411.0
2,11625,411.0
2,11655,411.0
2,11669,411.0
2,11683,411.0
2,11703,411.0
2,11733,411.0
2,11749,411.0
2,11765,411.0
2,11767,411.0
2,11793,411.0
2,11795,411.0
2,11809,411.0
2,11827,411.0
2,11829,411.0
2,11843,411.0
2,11857,411.0
2,11873,411.0
2,11887,411.0
2,11913,411.0
2,11939,411.0
2,11953,411.0
2,11967,411.0
2,11993,411.0
2,12019,411.0
2,12035,411.0
2,12049,411.0
2,12067,411.0
2,12081,411.0
2,12095,411.0
2,12111,411.0
2,12127,411.0
2,12159,411.0
2,12173,411.0
2,12189,411.0
2,12191,411.0
2,12217,411.0
2,12243,411.0
2,12245,411.0
2,12259,418.0
2,12287,418.0
2,12289,418.0
2,12319,418.0
2,12345,418.0
2,12375,418.0
2,12391,418.0
2,12417,418.0
2,12435,418.0
2,12449,418.0
2,12465,418.0
2,12467,418.0
2,12483,418.0
2,12497,418.0
2,12511,418.0
2,12537,418.0
2,12565,418.0
2,12591,418.0
2,12609,418.0
2,12637,419.0
2,12639,419.0
2,12641,419.0
2,12657,419.0
2,12671,419.0
2,12685,419.0
2,12713,419.0
2,12727,419.0
2,12743,419.0
2,12769,419.0
2,12783,419.0
2,12797,419.0
2,12815,419.0
2,12831,419.0
2,12859,419.0
2,12887,419.0
2,12915,419.0
2,12929,419.0
2,12945,419.0
2,12973,419.0
2,12987,419.0
2,13013,419.0
2,13027,419.0
2,13029,419.0
2,13055,419.0
2,13081,423.0
2,13107,423.0
2,13133,423.0
2,13151,423.0
2,13179,423.0
2,13207,423.0
2,13209,423.0
2,13223,423.0
2,13253,423.0
2,13279,423.0
2,13305,423.0
2,13319,423.0
2,13347,423.0
2,13361,423.0
2,13393,423.0
2,13407,423.0
2,13409,423.0
2,13435,423.0
2,13449,423.0
2,13469,423.0
2,13483,423.0
2,13499,423.0
2,13513,423.0
2,13543,423.0
2,13559,423.0
2,13575,423.0
2,13577,423.0
2,13579,423.0
2,13597,423.0
2,13611,423.0
2,13627,423.0
2,13643,423.0
2,13661,423.0
2,13675,423.0
2,13689,423.0
2,13705,423.0
2,13721,423.0
2,13723,423.0
2,13737,423.0
2,13767,423.0
2,13789,423.0
2,13803,423.0
2,13817,423.0
2,13831,423.0
2,13833,423.0
2,13861,423.0
2,13863,423.0
2,13877,423.0
2,13893,423.0
2,13919,423.0
2,13933,423.0
2,13947,423.0
2,13975,423.0
2,13991,423.0
2,13993,423.0
2,14021,423.0
2,14035,423.0
2,14051,423.0
2,14065,423.0
2,14091,423.0
2,14105,423.0
2,14131,423.0
2,14163,423.0
2,14191,423.0
2,14205,423.0
2,14221,423.0
2,14237,423.0
2,14273,423.0
2,14299,423.0
2,14313,423.0
2,14315,423.0
2,14343,423.0
2,14359,423.0
2,14385,423.0
2,14417,423.0
2,14443,423.0
2,14457,423.0
2,14485,423.0
2,14499,423.0
2,14513,423.0
2,14527,423.0
2,14541,423.0
2,14543,423.0
2,14571,423.0
2,14599,423.0
2,14613,423.0
2,14631,423.0
2,14633,423.0
2,14647,423.0
2,14663,423.0
2,14683,423.0
2,14711,423.0
2,14737,423.0
2,14753,423.0
2,14769,423.0
2,14799,423.0
2,14825,423.0
2,14827,423.0
2,14843,423.0
2,14857,423.0
2,14859,423.0
2,14873,423.0
2,14901,423.0
2,14915,423.0
2,14929,423.0
2,14931,423.0
2,14959,423.0
2,14973,423.0
2,15003,423.0
2,15021,423.0
2,15023,423.0
2,15049,423.0
2,15063,423.0
2,15089,423.0
2,15121,423.0
2,15149,423.0
2,15151,423.0
2,15167,423.0
2,15181,423.0
2,15197,423.0
2,15211,423.0
2,15237,423.0
2,15239,423.0
2,15269,423.0
2,15285,423.0
2,15301,423.0
2,15327,423.0
2,15329,423.0
2,15343,423.0
2,15357,423.0
2,15371,423.0
2,15399,423.0
2,15413,423.0
2,15427,423.0
2,15441,423.0
2,15443,423.0
2,15457,423.0
2,15471,423.0
2,15501,423.0
2,15529,423.0
2,15545,423.0
2,15547,423.0
2,15575,428.0
2,15601,428.0
2,15629,428.0
2,15643,428.0
2,15645,428.0
2,15647,428.0
2,15665,428.0
2,15679,428.0
2,15693,428.0
2,15695,428.0
2,15709,428.0
2,15741,428.0
2,15743,428.0
2,15769,428.0
2,15771,428.0
2,15799,428.0
2,15801,428.0
2,15829,428.0
2,15843,428.0
2,15857,428.0
2,15871,428.0
2,15885,428.0
2,15899,428.0
2,15915,428.0
2,15931,428.0
2,15961,428.0
2,15977,428.0
2,15991,428.0
2,16017,428.0
2,16031,428.0
2,16045,428.0
2,16075,428.0
2,16103,428.0
2,16131,428.0
2,16161,428.0
2,16189,428.0
2,16203,428.0
2,16229,428.0
2,16259,428.0
2,16275,428.0
2,16277,428.0
2,16291,428.0
2,16319,428.0
2,16321,428.0
2,16347,428.0
2,16375,428.0
2,16377,428.0
2,16403,428.0
2,16421,428.0
2,16447,428.0
2,16475,428.0
2,16489,428.0
2,16519,428.0
2,16545,428.0
2,16561,428.0
2,16575,428.0
2,16605,428.0
2,16619,428.0
2,16633,428.0
2,16651,428.0
2,16669,428.0
2,16697,428.0
2,16699,428.0
2,16701,428.0
2,16717,428.0
2,16719,428.0
2,16747,429.0
2,16775,429.0
2,16777,429.0
2,16795,429.0
2,16811,429.0
2,16813,429.0
2,16827,429.0
2,16845,429.0
2,16875,429.0
2,16901,429.0
2,16933,429.0
2,16959,429.0
2,16975,429.0
2,16989,429.0
2,17015,429.0
2,17031,429.0
2,17045,429.0
2,17071,429.0
2,17101,429.0
2,17115,429.0
2,17129,429.0
2,17145,429.0
2,17175,429.0
2,17203,429.0
2,17229,429.0
2,17247,429.0
2,17249,429.0
2,17251,429.0
2,17267,429.0
2,17281,429.0
2,17309,429.0
2,17337,429.0
2,17339,429.0
2,17367,429.0
2,17381,429.0
2,17407,429.0
2,17421,429.0
2,17453,429.0
2,17483,429.0
2,17485,429.0
2,17499,429.0
2,17527,429.0
2,17541,429.0
2,17573,429.0
2,17587,429.0
2,17601,429.0
2,17617,429.0
2,17643,429.0
2,17645,429.0
2,17659,429.0
2,17687,429.0
2,17713,429.0
2,17715,429.0
2,17729,429.0
2,17757,429.0
2,17773,429.0
2,17799,429.0
2,17825,429.0
2,17839,429.0
2,17875,429.0
2,17903,429.0
2,17905,429.0
2,17921,429.0
2,17949,429.0
2,17965,429.0
2,17995,429.0
2,18011,429.0
2,18027,429.0
2,18029,429.0
2,18043,429.0
2,18045,429.0
2,18059,429.0
2,18087,429.0
2,18113,429.0
2,18115,429.0
2,18147,429.0
2,18175,429.0
2,18205,429.0
2,18219,429.0
2,18235,429.0
2,18253,429.0
2,18267,429.0
2,18301,429.0
2,18333,429.0
2,18349,429.0
2,18365,429.0
2,18381,429.0
2,18411,429.0
2,18425,429.0
2,18439,429.0
2,18467,429.0
2,18481,429.0
2,18513,429.0
2,18531,429.0
2,18557,429.0
2,18559,429.0
2,18587,429.0
2,18601,429.0
2,18603,429.0
2,18629,429.0
2,18647,429.0
2,18673,429.0
2,18675,429.0
2,18701,429.0
2,18715,429.0
2,18741,429.0
2,18755,429.0
2,18769,429.0
2,18795,429.0
2,18825,429.0
2,18839,429.0
2,18867,429.0
2,18899,429.0
3,8908,286.0
3,8910,286.0
3,8928,286.0
3,8942,286.0
3,8974,286.0
3,8976,286.0
3,8978,286.0
3,9008,286.0
3,9024,286.0
3,9473,286.0
3,9503,286.0
3,9517,286.0
3,9543,303.0
3,9569,323.0
3,9583,323.0
3,9609,323.0
3,9637,323.0
3,9667,323.0
3,9695,323.0
3,9709,323.0
3,9741,323.0
3,9759,323.0
3,9789,323.0
3,9803,323.0
3,9829,335.0
3,9859,335.0
3,9861,335.0
3,9883,335.0
3,9885,335.0
3,9901,335.0
3,9915,335.0
3,9929,335.0
3,9957,360.0
3,9985,360.0
3,9987,360.0
3,9989,360.0
3,10003,360.0
3,10035,360.0
3,10053,360.0
3,10055,360.0
3,10083,360.0
3,10109,360.0
3,10125,360.0
3,10151,360.0
3,10177,360.0
3,10207,360.0
3,10241,360.0
3,10255,360.0
3,10269,360.0
3,10295,376.0
3,10327,376.0
3,10343,376.0
3,10357,376.0
3,10371,376.0
3,10385,376.0
3,10413,376.0
3,10433,376.0
3,10449,376.0
3,10451,376.0
3,10465,376.0
3,10481,376.0
3,10511,376.0
3,10543,376.0
3,10571,380.0
3,10603,380.0
3,10619,380.0
3,10633,380.0
3,10649,380.0
3,10665,380.0
3,10691,380.0
3,10693,380.0
3,10721,380.0
3,10723,380.0
3,10739,380.0
3,10753,380.0
3,10755,380.0
3,10757,380.0
3,10771,380.0
3,10785,380.0
3,10813,380.0
3,10827,380.0
3,10855,380.0
3,10873,380.0
3,10899,388.0
3,10913,388.0
3,10927,388.0
3,10957,388.0
3,10959,388.0
3,10973,388.0
3,10989,388.0
3,11015,390.0
3,11031,390.0
3,11033,390.0
3,11059,390.0
3,11087,390.0
3,11115,390.0
3,11131,390.0
3,11133,390.0
3,11147,390.0
3,11173,390.0
3,11191,390.0
3,11217,390.0
3,11243,390.0
3,11269,390.0
3,11299,390.0
3,11315,390.0
3,11329,392.0
3,11355,393.0
3,11373,393.0
3,11375,393.0
3,11401,395.0
3,11429,395.0
3,11431,395.0
3,11445,407.0
3,11473,407.0
3,11475,407.0
3,11505,407.0
3,11519,407.0
3,11521,407.0
3,11555,407.0
3,11583,407.0
3,11597,407.0
3,11611,407.0
3,11639,407.0
3,11671,407.0
3,11699,407.0
3,11713,407.0
3,11715,407.0
3,11717,407.0
3,11745,407.0
3,11771,407.0
3,11805,407.0
3,11819,407.0
3,11845,407.0
3,11863,407.0
3,11897,407.0
3,11899,407.0
3,11901,407.0
3,11931,407.0
3,11951,407.0
3,11977,407.0
3,11991,407.0
3,12005,407.0
3,12019,407.0
3,12047,407.0
3,12075,407.0
3,12091,407.0
3,12105,407.0
3,12133,407.0
3,12147,407.0
3,12161,407.0
3,12187,407.0
3,12201,407.0
3,12231,407.0
3,12249,407.0
3,12265,407.0
3,12279,409.0
3,12307,409.0
3,12325,409.0
3,12351,409.0
3,12383,409.0
3,12397,409.0
3,12411,409.0
3,12425,409.0
3,12451,409.0
3,12479,409.0
3,12495,409.0
3,12509,409.0
3,12525,409.0
3,12541,409.0
3,12557,409.0
3,12583,409.0
3,12609,409.0
3,12635,409.0
3,12651,409.0
3,12653,409.0
3,12669,409.0
3,12671,409.0
3,12685,409.0
3,12711,409.0
3,12725,409.0
3,12751,409.0
3,12767,409.0
3,12781,409.0
3,12783,409.0
3,12809,409.0
3,12837,409.0
3,12867,409.0
3,12893,409.0
3,12921,409.0
3,12937,409.0
3,12951,409.0
3,12953,409.0
3,12981,411.0
3,12997,411.0
3,13023,412.0
3,13037,414.0
3,13067,414.0
3,13083,414.0
3,13097,414.0
3,13099,414.0
3,13113,414.0
3,13129,414.0
3,13143,414.0
3,13169,414.0
3,13197,415.0
3,13211,415.0
3,13213,415.0
3,13227,415.0
3,13257,415.0
3,13283,415.0
3,13297,415.0
3,13329,415.0
3,13357,415.0
3,13371,415.0
3,13385,415.0
3,13405,415.0
3,13433,415.0
3,13447,415.0
3,13449,415.0
3,13477,419.0
3,13479,419.0
3,13513,419.0
3,13527,419.0
3,13529,419.0
3,13557,419.0
3,13571,419.0
3,13597,419.0
3,13617,419.0
3,13631,419.0
3,13665,419.0
3,13667,419.0
3,13681,419.0
3,13695,419.0
3,13723,419.0
3,13749,419.0
3,13775,419.0
3,13791,419.0
3,13823,419.0
3,13841,419.0
3,13873,419.0
3,13901,419.0
3,13917,419.0
3,13945,419.0
3,13947,419.0
3,13965,419.0
3,13981,419.0
3,14011,419.0
3,14037,419.0
3,14065,419.0
3,14079,419.0
3,14093,419.0
3,14095,419.0
3,14097,419.0
3,14115,419.0
3,14141,419.0
3,14155,419.0
3,14179,419.0
3,14207,419.0
3,14233,419.0
3,14263,419.0
3,14291,421.0
3,14305,421.0
3,14325,421.0
3,14341,421.0
3,14355,421.0
3,14381,421.0
3,14409,421.0
3,14423,421.0
3,14437,421.0
3,14453,421.0
3,14455,421.0
3,14471,421.0
3,14499,421.0
3,14525,421.0
3,14557,421.0
3,14583,421.0
3,14611,421.0
3,14627,421.0
3,14653,421.0
3,14667,421.0
3,14681,421.0
3,14709,421.0
3,14711,421.0
3,14739,421.0
3,14767,421.0
3,14795,421.0
3,14825,421.0
3,14827,421.0
3,14829,421.0
3,14831,421.0
3,14861,421.0
3,14877,421.0
3,14891,421.0
3,14909,421.0
3,14937,421.0
3,14967,421.0
3,14993,421.0
3,15007,421.0
3,15035,421.0
3,15063,421.0
3,15077,421.0
3,15093,421.0
3,15121,421.0
3,15137,421.0
3,15151,421.0
3,15169,421.0
3,15197,421.0
3,15211,421.0
3,15237,421.0
3,15275,421.0
3,15289,421.0
3,15305,421.0
3,15333,421.0
3,15363,421.0
3,15377,421.0
3,15405,425.0
3,15421,425.0
3,15447,425.0
3,15461,425.0
3,15491,425.0
3,15505,425.0
3,15531,425.0
3,15545,425.0
3,15577,425.0
3,15579,425.0
3,15609,425.0
3,15635,425.0
3,15649,425.0
3,15681,425.0
3,15713,425.0
3,15729,425.0
3,15743,425.0
3,15773,425.0
3,15805,425.0
3,15825,425.0
3,15839,425.0
3,15865,425.0
3,15895,425.0
3,15925,425.0
3,15951,425.0
3,15967,425.0
3,15993,425.0
3,16021,425.0
3,16035,425.0
3,16037,425.0
3,16067,425.0
3,16095,425.0
3,16097,425.0
3,16123,425.0
3,16149,425.0
3,16177,425.0
3,16193,425.0
3,16207,425.0
3,16235,425.0
3,16265,425.0
3,16293,425.0
3,16307,425.0
3,16321,425.0
3,16353,425.0
3,16367,425.0
3,16395,425.0
3,16409,425.0
3,16435,425.0
3,16449,425.0
3,16463,425.0
3,16479,425.0
3,16493,425.0
3,16519,425.0
3,16545,425.0
3,16559,425.0
3,16573,425.0
3,16607,425.0
3,16621,425.0
3,16641,425.0
3,16655,425.0
3,16681,425.0
3,16695,425.0
3,16697,425.0
3,16723,425.0
3,16725,425.0
3,16743,425.0
3,16757,425.0
3,16771,425.0
3,16787,425.0
3,16805,425.0
3,16807,425.0
3,16833,425.0
3,16835,425.0
3,16861,425.0
3,16875,425.0
3,16877,425.0
3,16891,425.0
3,16893,425.0
3,16919,425.0
3,16933,425.0
3,16961,425.0
3,16993,425.0
3,16995,425.0
3,16997,425.0
3,17011,425.0
3,17029,425.0
3,17047,425.0
3,17063,425.0
3,17091,425.0
3,17093,425.0
3,17095,425.0
3,17109,425.0
3,17125,425.0
3,17151,425.0
3,17187,425.0
3,17201,425.0
3,17215,425.0
3,17229,425.0
3,17255,425.0
3,17257,425.0
3,17285,425.0
3,17311,425.0
3,17341,425.0
3,17355,425.0
3,17357,425.0
3,17359,425.0
3,17387,425.0
3,17403,425.0
3,17417,425.0
3,17447,425.0
3,17449,425.0
3,17465,425.0
3,17467,425.0
3,17493,425.0
3,17521,425.0
3,17537,425.0
3,17569,425.0
3,17583,425.0
3,17597,425.0
3,17599,425.0
3,17613,425.0
3,17641,425.0
3,17643,425.0
3,17657,425.0
3,17671,425.0
3,17673,425.0
3,17687,425.0
3,17689,425.0
3,17715,425.0
3,17717,425.0
3,17719,425.0
3,17747,425.0
3,17761,425.0
3,17775,425.0
3,17801,425.0
3,17829,425.0
3,17851,425.0
3,17883,425.0
3,17897,425.0
3,17927,425.0
3,17953,425.0
3,17955,425.0
3,17987,425.0
3,18003,425.0
3,18019,425.0
3,18033,425.0
3,18063,425.0
3,18093,425.0
3,18095,425.0
3,18121,425.0
3,18135,425.0
3,18163,425.0
3,18191,425.0
3,18193,425.0
3,18211,425.0
3,18213,425.0
3,18229,425.0
3,18257,425.0
3,18259,425.0
3,18261,425.0
3,18291,425.0
3,18317,425.0
3,18345,425.0
3,18359,425.0
3,18387,425.0
3,18403,425.0
3,18429,425.0
3,18455,425.0
3,18469,425.0
3,18485,425.0
3,18501,425.0
3,18527,425.0
3,18541,425.0
3,18555,425.0
3,18557,425.0
3,18573,425.0
3,18599,425.0
3,18613,425.0
3,18639,425.0
3,18653,425.0
3,18681,425.0
3,18709,425.0
3,18711,425.0
3,18713,425.0
3,18739,425.0
3,18769,425.0
3,18785,425.0
3,18811,425.0
3,18827,425.0
3,18845,425.0
3,18847,425.0
3,18879,425.0
3,18895,425.0
3,18909,425.0
4,8844,287.0
4,8858,324.0
4,8872,324.0
4,8888,324.0
4,8902,324.0
4,8904,324.0
4,8918,326.0
4,8920,326.0
4,8922,326.0
4,9385,326.0
4,9399,326.0
4,9425,333.0
4,9443,333.0
4,9457,333.0
4,9473,333.0
4,9475,333.0
4,9501,333.0
4,9515,333.0
4,9545,333.0
4,9547,333.0
4,9563,333.0
4,9577,333.0
4,9605,333.0
4,9635,333.0
4,9637,333.0
4,9651,333.0
4,9677,340.0
4,9691,349.0
4,9707,349.0
4,9721,349.0
4,9737,349.0
4,9763,349.0
4,9791,349.0
4,9807,349.0
4,9825,350.0
4,9853,350.0
4,9879,350.0
4,9905,355.0
4,9931,358.0
4,9947,358.0
4,9949,358.0
4,9977,358.0
4,9991,358.0
4,10025,358.0
4,10059,358.0
4,10087,358.0
4,10103,358.0
4,10119,358.0
4,10135,358.0
4,10161,362.0
4,10163,362.0
4,10179,362.0
4,10181,362.0
4,10183,362.0
4,10203,362.0
4,10233,362.0
4,10247,362.0
4,10261,362.0
4,10287,362.0
4,10313,376.0
4,10339,378.0
4,10365,378.0
4,10393,387.0
4,10419,387.0
4,10447,387.0
4,10465,387.0
4,10467,387.0
4,10493,387.0
4,10523,387.0
4,10539,387.0
4,10565,399.0
4,10593,399.0
4,10619,401.0
4,10645,401.0
4,10659,401.0
4,10675,401.0
4,10691,401.0
4,10719,401.0
4,10721,401.0
4,10735,401.0
4,10765,401.0
4,10779,401.0
4,10781,401.0
4,10795,401.0
4,10823,401.0
4,10853,401.0
4,10867,401.0
4,10895,401.0
4,10897,401.0
4,10911,401.0
4,10925,401.0
4,10943,401.0
4,10975,401.0
4,10977,401.0
4,11011,401.0
4,11041,401.0
4,11069,401.0
4,11083,401.0
4,11099,401.0
4,11101,401.0
4,11117,401.0
4,11147,401.0
4,11161,401.0
4,11179,401.0
4,11195,401.0
4,11209,401.0
4,11225,401.0
4,11239,401.0
4,11241,401.0
4,11255,401.0
4,11269,401.0
4,11289,401.0
4,11291,401.0
4,11305,401.0
4,11331,401.0
4,11363,401.0
4,11397,401.0
4,11425,401.0
4,11441,401.0
4,11473,401.0
4,11501,401.0
4,11503,401.0
4,11505,401.0
4,11519,401.0
4,11551,401.0
4,11569,401.0
4,11571,401.0
4,11573,401.0
4,11599,401.0
4,11615,401.0
4,11617,401.0
4,11631,401.0
4,11647,401.0
4,11679,401.0
4,11693,401.0
4,11695,401.0
4,11725,401.0
4,11753,401.0
4,11789,401.0
4,11791,401.0
4,11793,401.0
4,11807,401.0
4,11833,401.0
4,11847,401.0
4,11861,401.0
4,11875,405.0
4,11891,405.0
4,11905,405.0
4,11935,405.0
4,11937,405.0
4,11953,405.0
4,11955,405.0
4,11969,405.0
4,11971,405.0
4,11999,409.0
4,12013,409.0
4,12029,409.0
4,12031,409.0
4,12033,409.0
4,12049,409.0
4,12063,409.0
4,12081,409.0
4,12083,409.0
4,12103,409.0
4,12117,409.0
4,12119,409.0
4,12121,409.0
4,12147,409.0
4,12161,409.0
4,12189,409.0
4,12205,409.0
4,12221,409.0
4,12223,409.0
4,12251,409.0
4,12265,409.0
4,12267,409.0
4,12281,409.0
4,12297,409.0
4,12313,409.0
4,12327,409.0
4,12341,409.0
4,12343,409.0
4,12357,409.0
4,12359,409.0
4,12361,409.0
4,12377,409.0
4,12405,409.0
4,12421,409.0
4,12447,409.0
4,12475,409.0
4,12503,409.0
4,12537,409.0
4,12567,409.0
4,12581,409.0
4,12597,409.0
4,12611,409.0
4,12627,409.0
4,12657,409.0
4,12683,409.0
4,12699,409.0
4,12713,409.0
4,12743,409.0
4,12757,409.0
4,12759,409.0
4,12773,409.0
4,12787,409.0
4,12801,409.0
4,12803,409.0
4,12831,409.0
4,12859,409.0
4,12875,409.0
4,12893,409.0
4,12921,409.0
4,12949,409.0
4,12979,409.0
4,13007,412.0
4,13021,412.0
4,13037,412.0
4,13051,412.0
4,13077,412.0
4,13093,412.0
4,13125,412.0
4,13151,412.0
4,13153,412.0
4,13155,412.0
4,13169,412.0
4,13183,412.0
4,13199,412.0
4,13201,412.0
4,13203,412.0
4,13219,412.0
4,13245,412.0
4,13271,412.0
4,13297,417.0
4,13311,417.0
4,13337,417.0
4,13339,417.0
4,13369,417.0
4,13395,417.0
4,13397,417.0
4,13423,417.0
4,13451,417.0
4,13465,417.0
4,13467,417.0
4,13481,417.0
4,13499,417.0
4,13527,419.0
4,13541,419.0
4,13575,419.0
4,13577,419.0
4,13595,419.0
4,13609,419.0
4,13625,419.0
4,13641,419.0
4,13673,419.0
4,13699,419.0
4,13701,419.0
4,13733,419.0
4,13761,419.0
4,13775,419.0
4,13791,419.0
4,13819,419.0
4,13821,419.0
4,13835,419.0
4,13863,419.0
4,13877,419.0
4,13891,419.0
4,13923,419.0
4,13925,419.0
4,13953,419.0
4,13967,419.0
4,13997,419.0
4,14025,419.0
4,14041,419.0
4,14057,419.0
4,14059,419.0
4,14075,419.0
4,14101,419.0
4,14129,419.0
4,14131,419.0
4,14145,419.0
4,14147,419.0
4,14173,419.0
4,14189,419.0
4,14217,419.0
4,14245,419.0
4,14277,419.0
4,14309,419.0
4,14323,419.0
4,14351,419.0
4,14365,419.0
4,14379,419.0
4,14393,419.0
4,14409,419.0
4,14425,419.0
4,14451,419.0
4,14477,419.0
4,14493,419.0
4,14519,419.0
4,14549,419.0
4,14563,419.0
4,14595,419.0
4,14621,419.0
4,14635,422.0
4,14637,422.0
4,14663,422.0
4,14689,422.0
4,14715,422.0
4,14729,422.0
4,14743,422.0
4,14745,422.0
4,14759,422.0
4,14761,422.0
4,14775,422.0
4,14803,422.0
4,14805,422.0
4,14821,425.0
4,14837,425.0
4,14853,425.0
4,14855,425.0
4,14869,425.0
4,14883,425.0
4,14909,425.0
4,14923,425.0
4,14925,425.0
4,14955,425.0
4,14983,425.0
4,14997,425.0
4,15011,425.0
4,15029,425.0
4,15057,425.0
4,15083,425.0
4,15111,425.0
4,15113,425.0
4,15131,425.0
4,15159,425.0
4,15187,425.0
4,15201,426.0
4,15227,426.0
4,15257,426.0
4,15259,426.0
4,15273,426.0
4,15287,426.0
4,15303,426.0
4,15319,426.0
4,15353,426.0
4,15367,426.0
4,15369,426.0
4,15389,426.0
4,15421,426.0
4,15449,426.0
4,15467,426.0
4,15469,426.0
4,15471,426.0
4,15497,426.0
4,15499,426.0
4,15527,426.0
4,15543,426.0
4,15559,426.0
4,15573,426.0
4,15601,426.0
4,15631,426.0
4,15657,426.0
4,15683,426.0
4,15697,426.0
4,15725,426.0
4,15757,426.0
4,15783,426.0
4,15797,426.0
4,15799,426.0
4,15831,426.0
4,15857,426.0
4,15877,426.0
4,15905,426.0
4,15935,426.0
4,15951,426.0
4,15977,426.0
4,15993,426.0
4,16011,426.0
4,16025,426.0
4,16051,426.0
4,16081,426.0
4,16111,426.0
4,16125,426.0
4,16139,426.0
4,16153,426.0
4,16183,426.0
4,16197,426.0
4,16223,426.0
4,16225,426.0
4,16239,426.0
4,16265,426.0
4,16283,426.0
4,16297,426.0
4,16313,426.0
4,16327,426.0
4,16341,426.0
4,16355,426.0
4,16373,426.0
4,16375,426.0
4,16391,426.0
4,16419,426.0
4,16447,426.0
4,16461,426.0
4,16475,426.0
4,16489,426.0
4,16491,426.0
4,16493,426.0
4,16521,426.0
4,16523,426.0
4,16537,426.0
4,16539,426.0
4,16567,426.0
4,16585,426.0
4,16601,426.0
4,16603,426.0
4,16623,426.0
4,16653,426.0
4,16685,426.0
4,16699,426.0
4,16701,426.0
4,16703,426.0
4,16717,426.0
4,16745,426.0
4,16747,426.0
4,16765,426.0
4,16767,426.0
4,16797,426.0
4,16811,426.0
4,16825,426.0
4,16853,426.0
4,16855,426.0
4,16869,426.0
4,16897,426.0
4,16899,426.0
4,16925,426.0
4,16927,426.0
4,16957,426.0
4,16971,426.0
4,17005,426.0
4,17007,426.0
4,17023,426.0
4,17037,426.0
4,17039,426.0
4,17053,426.0
4,17055,426.0
4,17081,426.0
4,17095,426.0
4,17113,426.0
4,17129,426.0
4,17155,426.0
4,17169,426.0
4,17171,426.0
4,17185,426.0
4,17199,426.0
4,17201,426.0
4,17227,426.0
4,17253,426.0
4,17291,426.0
4,17321,426.0
4,17323,426.0
4,17337,426.0
4,17339,426.0
4,17371,426.0
4,17387,426.0
4,17401,426.0
4,17431,426.0
4,17445,426.0
4,17473,426.0
4,17499,426.0
4,17515,426.0
4,17529,426.0
4,17559,426.0
4,17587,426.0
4,17589,426.0
4,17621,426.0
4,17635,426.0
4,17661,426.0
4,17679,426.0
4,17693,426.0
4,17711,426.0
4,17725,426.0
4,17753,426.0
4,17755,426.0
4,17769,426.0
4,17787,426.0
4,17789,426.0
4,17819,426.0
4,17835,426.0
4,17863,426.0
4,17865,426.0
4,17867,426.0
4,17881,426.0
4,17897,426.0
4,17923,426.0
4,17949,426.0
4,17965,426.0
4,17967,426.0
4,17981,426.0
4,17995,426.0
4,18013,426.0
4,18027,426.0
4,18055,426.0
4,18081,426.0
4,18095,426.0
4,18097,426.0
4,18115,426.0
4,18129,426.0
4,18159,426.0
4,18175,426.0
4,18201,426.0
4,18227,426.0
4,18241,426.0
4,18255,426.0
4,18269,426.0
4,18289,426.0
4,18303,426.0
4,18305,426.0
4,18333,426.0
4,18349,426.0
4,18375,426.0
4,18403,426.0
4,18417,426.0
4,18451,426.0
4,18465,426.0
4,18479,426.0
4,18495,426.0
4,18497,426.0
4,18513,426.0
4,18545,426.0
4,18563,426.0
4,18565,426.0
4,18579,427.0
4,18611,427.0
4,18625,427.0
4,18639,427.0
4,18653,427.0
4,18655,427.0
4,18673,427.0
4,18703,427.0
4,18731,427.0
4,18757,427.0
4,18771,427.0
4,18799,427.0
4,18827,427.0
5,8932,289.0
5,8946,289.0
5,8962,289.0
5,8988,305.0
5,9437,305.0
5,9469,305.0
5,9495,305.0
5,9521,342.0
5,9547,342.0
5,9573,342.0
5,9589,342.0
5,9603,342.0
5,9619,342.0
5,9637,342.0
5,9651,348.0
5,9679,348.0
5,9707,348.0
5,9721,372.0
5,9747,372.0
5,9749,372.0
5,9765,372.0
5,9767,372.0
5,9797,372.0
5,9811,372.0
5,9813,372.0
5,9829,372.0
5,9843,372.0
5,9845,372.0
5,9859,372.0
5,9861,372.0
5,9875,372.0
5,9891,372.0
5,9917,372.0
5,9947,372.0
5,9977,372.0
5,10003,372.0
5,10005,372.0
5,10033,372.0
5,10049,372.0
5,10067,372.0
5,10095,372.0
5,10097,372.0
5,10129,372.0
5,10145,372.0
5,10175,372.0
5,10177,372.0
5,10193,372.0
5,10209,372.0
5,10225,372.0
5,10253,372.0
5,10269,372.0
5,10283,372.0
5,10299,372.0
5,10329,372.0
5,10359,372.0
5,10393,372.0
5,10419,372.0
5,10451,372.0
5,10479,372.0
5,10481,372.0
5,10497,372.0
5,10511,372.0
5,10543,372.0
5,10569,376.0
5,10583,376.0
5,10611,376.0
5,10613,376.0
5,10627,376.0
5,10629,376.0
5,10643,376.0
5,10657,376.0
5,10685,376.0
5,10699,376.0
5,10717,376.0
5,10749,376.0
5,10751,376.0
5,10753,376.0
5,10769,376.0
5,10799,376.0
5,10815,376.0
5,10843,376.0
5,10871,376.0
5,10903,379.0
5,10929,388.0
5,10943,388.0
5,10959,388.0
5,10961,388.0
5,10963,388.0
5,10989,388.0
5,11003,388.0
5,11017,388.0
5,11019,388.0
5,11033,388.0
5,11035,388.0
5,11049,388.0
5,11063,388.0
5,11077,388.0
5,11103,390.0
5,11117,390.0
5,11131,390.0
5,11165,390.0
5,11181,390.0
5,11207,395.0
5,11221,395.0
5,11223,395.0
5,11259,395.0
5,11275,395.0
5,11277,395.0
5,11291,395.0
5,11309,408.0
5,11311,408.0
5,11337,408.0
5,11351,408.0
5,11377,408.0
5,11397,408.0
5,11429,408.0
5,11455,408.0
5,11481,408.0
5,11511,408.0
5,11513,408.0
5,11515,408.0
5,11517,408.0
5,11531,408.0
5,11545,408.0
5,11559,408.0
5,11591,408.0
5,11621,408.0
5,11623,408.0
5,11637,408.0
5,11657,408.0
5,11671,408.0
5,11701,408.0
5,11729,408.0
5,11743,408.0
5,11759,408.0
5,11787,408.0
5,11813,408.0
5,11827,408.0
5,11843,408.0
5,11871,408.0
5,11885,408.0
5,11899,408.0
5,11931,408.0
5,11959,408.0
5,11973,408.0
5,11975,408.0
5,11989,408.0
5,12003,408.0
5,12017,408.0
5,12045,408.0
5,12059,408.0
5,12087,408.0
5,12113,408.0
5,12127,408.0
5,12145,408.0
5,12159,408.0
5,12173,408.0
5,12189,408.0
5,12205,408.0
5,12219,408.0
5,12235,408.0
5,12237,408.0
5,12239,408.0
5,12241,408.0
5,12255,408.0
5,12271,408.0
5,12301,408.0
5,12303,408.0
5,12317,408.0
5,12335,408.0
5,12349,408.0
5,12365,408.0
5,12381,408.0
5,12407,408.0
5,12421,408.0
5,12451,408.0
5,12477,408.0
5,12503,408.0
5,12529,408.0
5,12545,408.0
5,12571,408.0
5,12603,408.0
5,12619,408.0
5,12651,415.0
5,12667,415.0
5,12669,415.0
5,12683,415.0
5,12685,415.0
5,12711,415.0
5,12725,415.0
5,12739,416.0
5,12765,416.0
5,12789,416.0
5,12803,416.0
5,12817,416.0
5,12819,416.0
5,12845,416.0
5,12873,416.0
5,12875,416.0
5,12889,416.0
5,12921,416.0
5,12947,416.0
5,12961,416.0
5,12975,416.0
5,13007,416.0
5,13021,416.0
5,13051,416.0
5,13077,416.0
5,13103,416.0
5,13105,416.0
5,13131,416.0
5,13157,416.0
5,13193,416.0
5,13207,416.0
5,13237,416.0
5,13251,416.0
5,13253,416.0
5,13267,416.0
5,13287,416.0
5,13313,416.0
5,13341,416.0
5,13371,416.0
5,13399,416.0
5,13401,416.0
5,13403,416.0
5,13433,416.0
5,13463,416.0
5,13489,416.0
5,13515,416.0
5,13533,416.0
5,13535,416.0
5,13567,416.0
5,13581,416.0
5,13583,416.0
5,13609,416.0
5,13637,416.0
5,13655,416.0
5,13657,416.0
5,13671,416.0
5,13673,416.0
5,13699,416.0
5,13727,416.0
5,13729,416.0
5,13757,416.0
5,13759,416.0
5,13785,419.0
5,13811,419.0
5,13825,419.0
5,13839,419.0
5,13853,420.0
5,13869,420.0
5,13883,420.0
5,13897,420.0
5,13915,420.0
5,13931,420.0
5,13945,420.0
5,13975,420.0
5,13991,420.0
5,14005,420.0
5,14037,420.0
5,14053,420.0
5,14055,420.0
5,14069,420.0
5,14097,420.0
5,14111,420.0
5,14137,422.0
5,14139,422.0
5,14153,422.0
5,14179,422.0
5,14205,422.0
5,14231,422.0
5,14257,422.0
5,14283,422.0
5,14299,422.0
5,14313,422.0
5,14327,422.0
5,14345,422.0
5,14359,422.0
5,14373,422.0
5,14401,422.0
5,14403,422.0
5,14429,422.0
5,14445,422.0
5,14459,422.0
5,14461,422.0
5,14477,422.0
5,14493,422.0
5,14523,422.0
5,14549,422.0
5,14563,422.0
5,14565,422.0
5,14595,422.0
5,14613,422.0
5,14627,422.0
5,14655,422.0
5,14683,422.0
5,14697,422.0
5,14725,422.0
5,14755,422.0
5,14769,422.0
5,14795,422.0
5,14809,422.0
5,14825,422.0
5,14841,422.0
5,14871,422.0
5,14885,422.0
5,14911,422.0
5,14941,422.0
5,14969,422.0
5,14983,422.0
5,15009,422.0
5,15023,422.0
5,15053,422.0
5,15079,422.0
5,15081,422.0
5,15095,422.0
5,15121,422.0
5,15137,422.0
5,15153,422.0
5,15171,422.0
5,15197,422.0
5,15223,422.0
5,15237,422.0
5,15269,422.0
5,15283,422.0
5,15297,422.0
5,15323,422.0
5,15325,422.0
5,15351,422.0
5,15365,422.0
5,15367,422.0
5,15381,422.0
5,15395,422.0
5,15397,422.0
5,15411,422.0
5,15425,422.0
5,15445,422.0
5,15459,422.0
5,15461,422.0
5,15487,422.0
5,15515,422.0
5,15529,422.0
5,15563,422.0
5,15579,422.0
5,15599,422.0
5,15625,422.0
5,15643,422.0
5,15657,422.0
5,15659,422.0
5,15675,422.0
5,15707,422.0
5,15721,422.0
5,15753,422.0
5,15767,422.0
5,15781,422.0
5,15799,422.0
5,15815,422.0
5,15829,422.0
5,15859,422.0
5,15873,422.0
5,15899,422.0
5,15927,422.0
5,15945,422.0
5,15973,422.0
5,15987,422.0
5,16001,422.0
5,16019,422.0
5,16033,422.0
5,16061,422.0
5,16087,422.0
5,16089,422.0
5,16103,422.0
5,16131,422.0
5,16149,422.0
5,16151,422.0
5,16153,422.0
5,16185,422.0
5,16199,422.0
5,16229,422.0
5,16243,422.0
5,16271,422.0
5,16287,422.0
5,16301,422.0
5,16319,422.0
5,16333,422.0
5,16359,422.0
5,16387,422.0
5,16403,422.0
5,16421,422.0
5,16447,422.0
5,16477,422.0
5,16491,422.0
5,16505,422.0
5,16507,422.0
5,16521,422.0
5,16553,422.0
5,16583,422.0
5,16599,422.0
5,16627,422.0
5,16655,422.0
5,16681,422.0
5,16683,422.0
5,16717,422.0
5,16747,422.0
5,16775,422.0
5,16803,425.0
5,16829,425.0
5,16855,425.0
5,16871,425.0
5,16873,425.0
5,16899,425.0
5,16925,425.0
5,16941,425.0
5,16957,425.0
5,16991,425.0
5,16993,425.0
5,17007,425.0
5,17039,425.0
5,17053,425.0
5,17067,425.0
5,17081,425.0
5,17095,425.0
5,17109,425.0
5,17143,425.0
5,17145,425.0
5,17163,425.0
5,17177,427.0
5,17191,427.0
5,17217,427.0
5,17231,427.0
5,17247,427.0
5,17275,427.0
5,17303,427.0
5,17317,427.0
5,17351,427.0
5,17353,427.0
5,17355,427.0
5,17381,427.0
5,17413,427.0
5,17441,427.0
5,17469,427.0
5,17499,427.0
5,17513,427.0
5,17539,427.0
5,17555,427.0
5,17571,427.0
5,17573,427.0
5,17601,427.0
5,17603,427.0
5,17617,427.0
5,17633,427.0
5,17659,427.0
5,17675,427.0
5,17677,427.0
5,17703,427.0
5,17729,427.0
5,17743,427.0
5,17757,427.0
5,17771,427.0
5,17773,427.0
5,17799,427.0
5,17827,427.0
5,17843,427.0
5,17871,427.0
5,17899,427.0
5,17927,427.0
5,17929,427.0
5,17943,427.0
5,17971,427.0
5,17997,428.0
5,18011,428.0
5,18031,428.0
5,18057,428.0
5,18085,428.0
5,18099,428.0
5,18101,428.0
5,18103,428.0
5,18133,428.0
5,18161,428.0
5,18175,428.0
5,18201,428.0
5,18231,428.0
5,18245,428.0
5,18277,428.0
5,18279,428.0
5,18307,428.0
5,18335,428.0
5,18361,428.0
5,18363,428.0
5,18389,428.0
5,18391,428.0
5,18405,428.0
5,18435,428.0
5,18455,428.0
5,18469,428.0
5,18483,428.0
5,18497,428.0
5,18513,428.0
5,18515,428.0
5,18517,428.0
5,18543,428.0
5,18559,428.0
5,18585,428.0
5,18615,428.0
5,18643,428.0
5,18659,428.0
5,18685,428.0
5,18711,428.0
5,18741,428.0
5,18743,428.0
5,18771,428.0
5,18773,428.0
5,18787,428.0
5,18789,428.0
5,18803,428.0
5,18817,428.0
5,18819,428.0
5,18833,428.0
5,18865,428.0
5,18883,428.0
5,18901,428.0
5,18915,428.0
5,18917,428.0
5,18931,428.0
6,8900,314.0
6,8914,314.0
6,8928,314.0
6,8946,314.0
6,8974,314.0
6,8988,314.0
6,9002,314.0
6,9028,314.0
6,9056,314.0
6,9084,314.0
6,9110,323.0
6,9136,337.0
6,9162,337.0
6,9190,337.0
6,9647,337.0
6,9673,337.0
6,9687,347.0
6,9689,347.0
6,9703,347.0
6,9705,347.0
6,9719,347.0
6,9735,347.0
6,9765,347.0
6,9779,347.0
6,9807,347.0
6,9833,347.0
6,9849,347.0
6,9877,347.0
6,9891,347.0
6,9905,347.0
6,9921,347.0
6,9935,347.0
6,9937,347.0
6,9953,347.0
6,9979,350.0
6,10005,350.0
6,10019,364.0
6,10033,393.0
6,10061,393.0
6,10087,393.0
6,10089,393.0
6,10117,393.0
6,10147,393.0
6,10149,393.0
6,10163,393.0
6,10193,393.0
6,10219,393.0
6,10249,393.0
6,10263,393.0
6,10291,393.0
6,10305,393.0
6,10307,393.0
6,10323,393.0
6,10339,393.0
6,10367,393.0
6,10369,393.0
6,10371,393.0
6,10387,393.0
6,10415,393.0
6,10445,393.0
6,10447,393.0
6,10465,393.0
6,10467,393.0
6,10481,393.0
6,10483,393.0
6,10499,393.0
6,10501,393.0
6,10503,393.0
6,10531,393.0
6,10533,393.0
6,10563,393.0
6,10577,393.0
6,10605,393.0
6,10621,393.0
6,10649,393.0
6,10665,393.0
6,10681,393.0
6,10709,393.0
6,10723,393.0
6,10739,393.0
6,10765,393.0
6,10797,393.0
6,10815,393.0
6,10829,393.0
6,10831,393.0
6,10857,393.0
6,10871,393.0
6,10873,393.0
6,10887,393.0
6,10903,393.0
6,10919,393.0
6,10933,393.0
6,10935,393.0
6,10951,393.0
6,10965,393.0
6,10993,396.0
6,11023,396.0
6,11049,396.0
6,11065,396.0
6,11067,396.0
6,11099,396.0
6,11129,396.0
6,11145,396.0
6,11173,396.0
6,11207,396.0
6,11221,396.0
6,11237,396.0
6,11265,396.0
6,11267,396.0
6,11281,396.0
6,11309,396.0
6,11323,396.0
6,11337,396.0
6,11339,396.0
6,11353,396.0
6,11367,396.0
6,11403,396.0
6,11419,396.0
6,11435,396.0
6,11461,396.0
6,11479,396.0
6,11493,396.0
6,11521,396.0
6,11535,396.0
6,11561,396.0
6,11575,396.0
6,11591,396.0
6,11605,396.0
6,11619,396.0
6,11621,396.0
6,11635,398.0
6,11651,398.0
6,11665,398.0
6,11679,409.0
6,11681,409.0
6,11695,409.0
6,11711,409.0
6,11713,409.0
6,11741,409.0
6,11743,409.0
6,11769,409.0
6,11803,409.0
6,11831,409.0
6,11845,409.0
6,11861,409.0
6,11875,409.0
6,11889,409.0
6,11919,409.0
6,11935,409.0
6,11949,409.0
6,11963,409.0
6,11991,409.0
6,12019,409.0
6,12049,409.0
6,12077,409.0
6,12101,409.0
6,12115,409.0
6,12117,409.0
6,12145,409.0
6,12165,409.0
6,12193,409.0
6,12221,409.0
6,12235,409.0
6,12251,409.0
6,12283,409.0
6,12313,409.0
6,12343,413.0
6,12373,413.0
6,12401,413.0
6,12417,413.0
6,12435,413.0
6,12449,413.0
6,12469,413.0
6,12471,413.0
6,12499,413.0
6,12529,413.0
6,12543,413.0
6,12545,413.0
6,12571,413.0
6,12585,413.0
6,12611,413.0
6,12639,413.0
6,12653,413.0
6,12679,413.0
6,12681,413.0
6,12697,413.0
6,12711,413.0
6,12713,413.0
6,12727,413.0
6,12753,413.0
6,12767,413.0
6,12783,413.0
6,12811,413.0
6,12837,413.0
6,12869,413.0
6,12883,413.0
6,12897,413.0
6,12911,413.0
6,12925,413.0
6,12955,413.0
6,12975,413.0
6,12977,413.0
6,12991,413.0
6,12993,413.0
6,12995,413.0
6,13011,413.0
6,13039,413.0
6,13067,413.0
6,13095,413.0
6,13123,413.0
6,13137,413.0
6,13165,413.0
6,13179,413.0
6,13195,413.0
6,13227,413.0
6,13253,413.0
6,13281,415.0
6,13295,415.0
6,13321,415.0
6,13347,416.0
6,13361,416.0
6,13375,416.0
6,13405,416.0
6,13407,416.0
6,13409,416.0
6,13411,416.0
6,13429,416.0
6,13457,416.0
6,13459,416.0
6,13473,416.0
6,13501,416.0
6,13529,418.0
6,13547,418.0
6,13573,418.0
6,13587,418.0
6,13601,418.0
6,13627,418.0
6,13653,418.0
6,13671,418.0
6,13673,418.0
6,13699,418.0
6,13715,418.0
6,13735,418.0
6,13761,418.0
6,13787,418.0
6,13815,418.0
6,13829,418.0
6,13843,418.0
6,13873,418.0
6,13905,418.0
6,13919,418.0
6,13933,418.0
6,13963,418.0
6,13989,418.0
6,14017,418.0
6,14035,418.0
6,14063,418.0
6,14079,418.0
6,14107,418.0
6,14123,418.0
6,14125,418.0
6,14151,418.0
6,14153,418.0
6,14167,418.0
6,14193,418.0
6,14219,418.0
6,14233,418.0
6,14265,418.0
6,14267,418.0
6,14269,418.0
6,14285,418.0
6,14299,418.0
6,14315,418.0
6,14343,418.0
6,14371,418.0
6,14385,418.0
6,14387,418.0
6,14401,418.0
6,14415,418.0
6,14433,418.0
6,14447,418.0
6,14465,418.0
6,14479,418.0
6,14481,418.0
6,14495,418.0
6,14497,418.0
6,14525,418.0
6,14541,418.0
6,14543,418.0
6,14573,418.0
6,14575,418.0
6,14593,418.0
6,14607,418.0
6,14623,418.0
6,14639,418.0
6,14641,418.0
6,14643,418.0
6,14663,418.0
6,14691,418.0
6,14705,418.0
6,14707,418.0
6,14733,418.0
6,14763,418.0
6,14791,418.0
6,14807,418.0
6,14809,418.0
6,14837,418.0
6,14839,418.0
6,14865,418.0
6,14893,418.0
6,14907,418.0
6,14909,418.0
6,14937,421.0
6,14939,421.0
6,14965,421.0
6,14991,423.0
6,15019,423.0
6,15035,423.0
6,15049,423.0
6,15063,423.0
6,15089,423.0
6,15115,423.0
6,15145,423.0
6,15159,423.0
6,15161,423.0
6,15177,423.0
6,15195,423.0
6,15209,423.0
6,15237,424.0
6,15251,424.0
6,15253,424.0
6,15255,424.0
6,15257,424.0
6,15259,424.0
6,15287,424.0
6,15303,424.0
6,15321,424.0
6,15337,424.0
6,15339,424.0
6,15357,424.0
6,15383,424.0
6,15409,424.0
6,15441,424.0
6,15469,424.0
6,15495,426.0
6,15521,426.0
6,15541,426.0
6,15567,426.0
6,15583,426.0
6,15585,426.0
6,15613,426.0
6,15639,426.0
6,15669,426.0
6,15697,426.0
6,15699,426.0
6,15715,426.0
6,15729,426.0
6,15745,426.0
6,15759,426.0
6,15761,426.0
6,15793,426.0
6,15809,426.0
6,15823,431.0
6,15837,431.0
6,15839,431.0
6,15853,431.0
6,15867,431.0
6,15899,431.0
6,15913,431.0
6,15941,431.0
6,15977,431.0
6,15993,431.0
6,15995,431.0
6,16011,431.0
6,16039,431.0
6,16067,431.0
6,16081,431.0
6,16111,431.0
6,16139,431.0
6,16141,431.0
6,16155,431.0
6,16183,431.0
6,16219,431.0
6,16221,431.0
6,16247,431.0
6,16275,431.0
6,16277,431.0
6,16297,431.0
6,16323,431.0
6,16343,431.0
6,16359,431.0
6,16373,431.0
6,16391,431.0
6,16419,431.0
6,16421,431.0
6,16435,431.0
6,16449,431.0
6,16481,431.0
6,16507,431.0
6,16521,431.0
6,16537,431.0
6,16539,431.0
6,16567,431.0
6,16595,431.0
6,16625,431.0
6,16639,431.0
6,16665,431.0
6,16681,431.0
6,16697,431.0
6,16711,431.0
6,16725,431.0
6,16741,431.0
6,16769,431.0
6,16799,431.0
6,16825,431.0
6,16851,431.0
6,16881,431.0
6,16883,431.0
6,16901,431.0
6,16935,431.0
6,16967,431.0
6,16995,431.0
6,17013,431.0
6,17027,431.0
6,17053,431.0
6,17081,431.0
6,17107,431.0
6,17123,431.0
6,17137,431.0
6,17167,431.0
6,17183,431.0
6,17213,431.0
6,17215,431.0
6,17229,431.0
6,17245,431.0
6,17261,431.0
6,17289,431.0
6,17317,431.0
6,17343,431.0
6,17371,431.0
6,17385,431.0
6,17411,431.0
6,17441,431.0
6,17457,431.0
6,17471,431.0
6,17489,431.0
6,17505,431.0
6,17521,431.0
6,17547,431.0
6,17561,431.0
6,17591,431.0
6,17593,431.0
6,17619,431.0
6,17649,431.0
6,17663,431.0
6,17665,431.0
6,17693,431.0
6,17707,431.0
6,17721,431.0
6,17735,431.0
6,17751,431.0
6,17767,431.0
6,17783,431.0
6,17811,431.0
6,17825,431.0
6,17839,431.0
6,17867,431.0
6,17881,431.0
6,17911,431.0
6,17925,431.0
6,17939,431.0
6,17955,431.0
6,17985,431.0
6,18015,431.0
6,18043,431.0
6,18059,431.0
6,18073,431.0
6,18075,431.0
6,18091,431.0
6,18119,431.0
6,18139,431.0
6,18153,431.0
6,18169,431.0
6,18197,431.0
6,18211,431.0
6,18225,431.0
6,18251,431.0
6,18267,431.0
6,18295,432.0
6,18315,432.0
6,18317,432.0
6,18349,432.0
6,18377,432.0
6,18409,432.0
6,18435,432.0
6,18449,432.0
6,18475,432.0
6,18501,432.0
6,18503,432.0
6,18535,432.0
6,18551,432.0
6,18565,432.0
6,18581,432.0
6,18609,432.0
6,18623,432.0
6,18625,432.0
6,18645,432.0
6,18673,432.0
6,18699,432.0
6,18715,432.0
6,18729,432.0
6,18731,432.0
6,18745,432.0
6,18773,432.0
6,18801,432.0
6,18815,432.0
6,18829,432.0
6,18831,432.0
6,18845,432.0
6,18871,432.0
6,18899,432.0
7,9034,292.0
7,9066,305.0
7,9080,305.0
7,9106,320.0
7,9108,320.0
7,9134,331.0
7,9148,331.0
7,9174,331.0
7,9188,331.0
7,9629,344.0
7,9645,344.0
7,9659,344.0
7,9677,344.0
7,9679,344.0
7,9709,344.0
7,9723,344.0
7,9751,344.0
7,9777,353.0
7,9793,353.0
7,9809,353.0
7,9837,353.0
7,9865,353.0
7,9867,353.0
7,9895,353.0
7,9897,353.0
7,9913,353.0
7,9943,353.0
7,9957,353.0
7,9971,353.0
7,9973,353.0
7,10001,353.0
7,10019,355.0
7,10049,355.0
7,10063,355.0
7,10077,355.0
7,10105,355.0
7,10119,355.0
7,10149,355.0
7,10163,355.0
7,10191,355.0
7,10207,355.0
7,10221,355.0
7,10235,355.0
7,10251,355.0
7,10269,355.0
7,10285,378.0
7,10287,378.0
7,10303,378.0
7,10331,378.0
7,10361,378.0
7,10375,378.0
7,10401,378.0
7,10427,378.0
7,10453,378.0
7,10455,378.0
7,10457,378.0
7,10483,378.0
7,10501,378.0
7,10521,378.0
7,10535,378.0
7,10555,378.0
7,10569,378.0
7,10583,378.0
7,10585,378.0
7,10601,378.0
7,10603,378.0
7,10621,378.0
7,10647,378.0
7,10661,378.0
7,10677,378.0
7,10703,378.0
7,10705,378.0
7,10721,378.0
7,10747,378.0
7,10777,378.0
7,10809,378.0
7,10837,378.0
7,10851,378.0
7,10877,378.0
7,10903,378.0
7,10919,378.0
7,10947,379.0
7,10961,379.0
7,10979,379.0
7,10995,379.0
7,11009,385.0
7,11025,385.0
7,11053,385.0
7,11069,385.0
7,11099,385.0
7,11113,385.0
7,11135,385.0
7,11151,385.0
7,11177,385.0
7,11191,385.0
7,11223,385.0
7,11251,385.0
7,11265,394.0
7,11281,394.0
7,11295,394.0
7,11309,394.0
7,11337,394.0
7,11365,394.0
7,11379,394.0
7,11395,394.0
7,11421,394.0
7,11439,394.0
7,11453,394.0
7,11469,394.0
7,11471,394.0
7,11485,394.0
7,11501,394.0
7,11503,394.0
7,11517,394.0
7,11531,394.0
7,11549,394.0
7,11577,394.0
7,11593,394.0
7,11621,394.0
7,11649,394.0
7,11677,394.0
7,11705,394.0
7,11719,394.0
7,11749,394.0
7,11775,394.0
7,11801,394.0
7,11803,394.0
7,11805,394.0
7,11819,394.0
7,11833,394.0
7,11859,394.0
7,11861,394.0
7,11893,394.0
7,11919,397.0
7,11937,397.0
7,11963,397.0
7,11977,397.0
7,11991,403.0
7,12019,404.0
7,12037,404.0
7,12039,404.0
7,12053,404.0
7,12055,404.0
7,12069,404.0
7,12083,404.0
7,12085,404.0
7,12101,404.0
7,12131,404.0
7,12147,404.0
7,12149,404.0
7,12177,404.0
7,12191,404.0
7,12217,404.0
7,12233,404.0
7,12247,404.0
7,12263,404.0
7,12289,404.0
7,12317,404.0
7,12331,404.0
7,12351,404.0
7,12381,404.0
7,12395,404.0
7,12397,404.0
7,12411,404.0
7,12425,404.0
7,12427,404.0
7,12443,404.0
7,12445,404.0
7,12461,404.0
7,12475,404.0
7,12503,404.0
7,12519,404.0
7,12545,404.0
7,12559,404.0
7,12589,404.0
7,12591,404.0
7,12593,404.0
7,12609,404.0
7,12611,404.0
7,12643,404.0
7,12673,404.0
7,12689,404.0
7,12703,404.0
7,12721,404.0
7,12753,404.0
7,12769,404.0
7,12783,404.0
7,12809,404.0
7,12823,404.0
7,12837,404.0
7,12851,406.0
7,12867,407.0
7,12895,407.0
7,12897,407.0
7,12915,407.0
7,12929,407.0
7,12945,407.0
7,12959,407.0
7,12975,407.0
7,12991,407.0
7,13007,407.0
7,13021,407.0
7,13023,407.0
7,13025,407.0
7,13041,407.0
7,13057,407.0
7,13071,407.0
7,13101,407.0
7,13129,407.0
7,13143,407.0
7,13173,407.0
7,13175,407.0
7,13201,407.0
7,13227,407.0
7,13255,407.0
7,13269,407.0
7,13299,407.0
7,13329,407.0
7,13345,407.0
7,13365,407.0
7,13379,407.0
7,13405,407.0
7,13431,407.0
7,13457,407.0
7,13473,407.0
7,13487,407.0
7,13489,407.0
7,13521,407.0
7,13535,407.0
7,13537,407.0
7,13551,412.0
7,13565,412.0
7,13581,412.0
7,13583,412.0
7,13597,412.0
7,13623,412.0
7,13651,412.0
7,13665,412.0
7,13681,412.0
7,13695,412.0
7,13697,412.0
7,13711,412.0
7,13739,412.0
7,13765,412.0
7,13767,412.0
7,13781,412.0
7,13809,413.0
7,13837,413.0
7,13867,413.0
7,13895,413.0
7,13923,413.0
7,13949,413.0
7,13979,413.0
7,13981,413.0
7,13983,413.0
7,13985,413.0
7,13987,413.0
7,14003,413.0
7,14017,413.0
7,14043,413.0
7,14071,421.0
7,14073,421.0
7,14089,421.0
7,14117,421.0
7,14131,421.0
7,14149,421.0
7,14181,421.0
7,14209,421.0
7,14223,421.0
7,14249,421.0
7,14277,421.0
7,14291,421.0
7,14293,421.0
7,14307,421.0
7,14333,421.0
7,14347,421.0
7,14361,421.0
7,14375,421.0
7,14391,421.0
7,14421,421.0
7,14435,421.0
7,14437,421.0
7,14451,421.0
7,14467,421.0
7,14469,421.0
7,14487,421.0
7,14503,421.0
7,14529,421.0
7,14561,421.0
7,14575,421.0
7,14589,421.0
7,14605,421.0
7,14633,421.0
7,14649,421.0
7,14665,421.0
7,14693,424.0
7,14695,424.0
7,14723,424.0
7,14725,424.0
7,14751,424.0
7,14767,424.0
7,14793,424.0
7,14807,424.0
7,14833,424.0
7,14835,424.0
7,14863,424.0
7,14895,424.0
7,14929,424.0
7,14943,424.0
7,14957,424.0
7,14971,424.0
7,14987,424.0
7,15003,424.0
7,15017,424.0
7,15045,424.0
7,15047,424.0
7,15073,424.0
7,15087,425.0
7,15113,425.0
7,15145,425.0
7,15147,425.0
7,15175,425.0
7,15201,425.0
7,15215,425.0
7,15217,425.0
7,15251,425.0
7,15283,425.0
7,15297,425.0
7,15311,425.0
7,15327,425.0
7,15355,425.0
7,15369,425.0
7,15397,425.0
7,15411,425.0
7,15427,425.0
7,15441,425.0
7,15469,425.0
7,15483,425.0
7,15485,425.0
7,15507,425.0
7,15537,425.0
7,15569,425.0
7,15583,425.0
7,15609,425.0
7,15641,425.0
7,15667,425.0
7,15681,425.0
7,15695,425.0
7,15725,425.0
7,15739,425.0
7,15741,425.0
7,15775,425.0
7,15801,425.0
7,15831,425.0
7,15861,425.0
7,15889,425.0
7,15917,425.0
7,15919,425.0
7,15933,425.0
7,15935,425.0
7,15965,425.0
7,15995,425.0
7,16011,425.0
7,16037,425.0
7,16065,425.0
7,16079,425.0
7,16109,425.0
7,16139,425.0
7,16141,425.0
7,16171,425.0
7,16185,425.0
7,16211,425.0
7,16241,425.0
7,16257,425.0
7,16271,425.0
7,16285,425.0
7,16301,425.0
7,16317,425.0
7,16333,425.0
7,16347,426.0
7,16349,426.0
7,16375,426.0
7,16409,426.0
7,16423,426.0
7,16449,426.0
7,16465,426.0
7,16479,426.0
7,16505,426.0
7,16507,426.0
7,16521,426.0
7,16553,426.0
7,16587,426.0
7,16589,426.0
7,16605,426.0
7,16607,426.0
7,16621,426.0
7,16635,426.0
7,16637,426.0
7,16651,426.0
7,16665,426.0
7,16691,426.0
7,16717,426.0
7,16731,426.0
7,16761,426.0
7,16763,426.0
7,16791,426.0
7,16793,426.0
7,16807,426.0
7,16833,426.0
7,16835,426.0
7,16861,426.0
7,16863,426.0
7,16889,426.0
7,16915,426.0
7,16945,426.0
7,16971,426.0
7,16973,426.0
7,16991,426.0
7,17007,426.0
7,17023,426.0
7,17025,426.0
7,17039,426.0
7,17069,426.0
7,17097,426.0
7,17125,426.0
7,17139,426.0
7,17141,426.0
7,17169,426.0
7,17187,426.0
7,17203,426.0
7,17217,426.0
7,17247,426.0
7,17261,426.0
7,17293,426.0
7,17321,426.0
7,17347,426.0
7,17361,426.0
7,17389,426.0
7,17407,426.0
7,17427,426.0
7,17429,426.0
7,17443,426.0
7,17471,426.0
7,17489,426.0
7,17519,426.0
7,17533,426.0
7,17547,426.0
7,17563,426.0
7,17565,426.0
7,17581,426.0
7,17595,426.0
7,17623,426.0
7,17651,426.0
7,17667,426.0
7,17697,426.0
7,17713,426.0
7,17739,426.0
7,17741,426.0
7,17743,426.0
7,17771,426.0
7,17773,426.0
7,17801,426.0
7,17817,426.0
7,17819,426.0
7,17845,426.0
7,17859,426.0
7,17877,426.0
7,17891,426.0
7,17907,426.0
7,17921,426.0
7,17949,426.0
7,17963,426.0
7,17981,426.0
7,17997,426.0
7,17999,426.0
7,18015,426.0
7,18017,426.0
7,18049,426.0
7,18079,426.0
7,18113,426.0
7,18139,426.0
7,18165,426.0
7,18191,426.0
7,18219,426.0
7,18233,426.0
7,18261,426.0
7,18263,426.0
7,18279,426.0
7,18299,426.0
7,18327,426.0
7,18329,426.0
7,18357,426.0
7,18359,426.0
7,18389,426.0
7,18405,426.0
7,18437,426.0
7,18451,426.0
7,18453,426.0
7,18479,426.0
7,18495,426.0
7,18497,426.0
7,18499,426.0
7,18513,426.0
7,18541,426.0
7,18555,426.0
7,18569,426.0
7,18571,426.0
7,18597,426.0
7,18611,426.0
7,18629,426.0
7,18643,426.0
7,18669,426.0
7,18695,426.0
7,18711,426.0
7,18739,426.0
7,18765,426.0
7,18779,426.0
7,18781,426.0
7,18815,426.0
7,18845,426.0
7,18863,426.0
7,18877,426.0
7,18895,426.0
7,18921,426.0
7,18923,426.0
7,18937,426.0
7,18965,426.0
7,18981,426.0
7,18995,426.0
7,19011,426.0
8,8920,289.0
8,8934,306.0
8,9377,306.0
8,9393,306.0
8,9421,306.0
8,9449,306.0
8,9465,306.0
8,9491,306.0
8,9505,306.0
8,9519,312.0
8,9549,312.0
8,9565,312.0
8,9581,312.0
8,9609,312.0
8,9629,312.0
8,9645,312.0
8,9663,312.0
8,9689,336.0
8,9715,336.0
8,9717,336.0
8,9731,336.0
8,9763,336.0
8,9779,336.0
8,9793,370.0
8,9807,370.0
8,9823,370.0
8,9837,370.0
8,9863,370.0
8,9865,370.0
8,9893,377.0
8,9919,377.0
8,9933,377.0
8,9947,377.0
8,9975,377.0
8,9989,377.0
8,10007,377.0
8,10021,377.0
8,10039,377.0
8,10055,377.0
8,10075,377.0
8,10093,377.0
8,10111,377.0
8,10113,377.0
8,10129,377.0
8,10143,377.0
8,10145,377.0
8,10171,377.0
8,10185,377.0
8,10201,377.0
8,10233,377.0
8,10251,377.0
8,10281,377.0
8,10297,377.0
8,10315,377.0
8,10347,377.0
8,10349,377.0
8,10383,377.0
8,10399,383.0
8,10401,383.0
8,10415,383.0
8,10429,383.0
8,10455,383.0
8,10471,383.0
8,10499,383.0
8,10525,383.0
8,10541,383.0
8,10567,383.0
8,10569,383.0
8,10585,383.0
8,10599,383.0
8,10625,383.0
8,10651,383.0
8,10667,383.0
8,10685,383.0
8,10699,383.0
8,10713,383.0
8,10727,383.0
8,10743,383.0
8,10757,383.0
8,10771,383.0
8,10789,383.0
8,10815,383.0
8,10829,391.0
8,10861,391.0
8,10875,391.0
8,10905,391.0
8,10921,391.0
8,10923,391.0
8,10925,391.0
8,10927,391.0
8,10941,396.0
8,10955,396.0
8,10971,396.0
8,10985,396.0
8,10987,396.0
8,10989,396.0
8,11007,396.0
8,11009,396.0
8,11039,396.0
8,11053,396.0
8,11081,396.0
8,11095,396.0
8,11123,396.0
8,11137,396.0
8,11155,396.0
8,11169,396.0
8,11183,396.0
8,11197,396.0
8,11225,396.0
8,11239,405.0
8,11253,405.0
8,11255,405.0
8,11257,405.0
8,11271,405.0
8,11285,405.0
8,11311,405.0
8,11337,405.0
8,11339,405.0
8,11365,405.0
8,11367,405.0
8,11381,405.0
8,11409,405.0
8,11443,405.0
8,11469,405.0
8,11495,405.0
8,11509,405.0
8,11525,405.0
8,11541,405.0
8,11557,405.0
8,11575,405.0
8,11601,405.0
8,11631,405.0
8,11649,405.0
8,11677,405.0
8,11693,405.0
8,11711,405.0
8,11713,405.0
8,11741,405.0
8,11769,405.0
8,11799,405.0
8,11801,405.0
8,11831,405.0
8,11845,405.0
8,11871,405.0
8,11897,405.0
8,11913,405.0
8,11915,405.0
8,11945,405.0
8,11971,405.0
8,11997,405.0
8,12011,405.0
8,12025,405.0
8,12027,405.0
8,12041,405.0
8,12055,405.0
8,12073,405.0
8,12099,405.0
8,12113,405.0
8,12143,405.0
8,12169,405.0
8,12183,405.0
8,12213,405.0
8,12229,405.0
8,12231,405.0
8,12233,405.0
8,12263,405.0
8,12277,405.0
8,12291,405.0
8,12305,405.0
8,12321,405.0
8,12335,405.0
8,12349,405.0
8,12351,405.0
8,12369,405.0
8,12383,405.0
8,12397,405.0
8,12423,405.0
8,12437,405.0
8,12451,405.0
8,12453,405.0
8,12467,405.0
8,12493,405.0
8,12519,405.0
8,12545,405.0
8,12547,405.0
8,12561,405.0
8,12591,405.0
8,12593,405.0
8,12629,405.0
8,12655,405.0
8,12683,405.0
8,12697,405.0
8,12723,405.0
8,12737,405.0
8,12763,405.0
8,12795,405.0
8,12797,405.0
8,12811,405.0
8,12813,405.0
8,12827,405.0
8,12857,405.0
8,12859,405.0
8,12861,405.0
8,12895,405.0
8,12897,405.0
8,12913,405.0
8,12943,405.0
8,12945,405.0
8,12973,405.0
8,12999,406.0
8,13001,406.0
8,13029,406.0
8,13047,406.0
8,13049,406.0
8,13063,406.0
8,13077,406.0
8,13093,406.0
8,13119,406.0
8,13135,406.0
8,13149,415.0
8,13179,415.0
8,13209,415.0
8,13237,415.0
8,13239,415.0
8,13255,415.0
8,13269,415.0
8,13271,415.0
8,13285,415.0
8,13301,415.0
8,13303,415.0
8,13331,415.0
8,13333,415.0
8,13363,415.0
8,13381,415.0
8,13383,415.0
8,13399,415.0
8,13427,415.0
8,13441,415.0
8,13477,415.0
8,13511,415.0
8,13513,415.0
8,13539,415.0
8,13557,415.0
8,13587,415.0
8,13601,415.0
8,13617,415.0
8,13649,415.0
8,13679,415.0
8,13681,415.0
8,13695,415.0
8,13709,415.0
8,13735,415.0
8,13761,415.0
8,13763,415.0
8,13789,417.0
8,13803,417.0
8,13821,417.0
8,13847,417.0
8,13861,417.0
8,13875,417.0
8,13877,417.0
8,13891,417.0
8,13905,417.0
8,13919,417.0
8,13945,417.0
8,13961,417.0
8,13993,417.0
8,14011,417.0
8,14041,417.0
8,14057,417.0
8,14071,417.0
8,14089,417.0
8,14091,417.0
8,14119,417.0
8,14147,417.0
8,14173,417.0
8,14187,417.0
8,14217,417.0
8,14231,417.0
8,14257,417.0
8,14291,417.0
8,14321,417.0
8,14339,417.0
8,14353,417.0
8,14367,417.0
8,14383,417.0
8,14411,417.0
8,14425,417.0
8,14427,417.0
8,14441,417.0
8,14467,417.0
8,14469,417.0
8,14483,417.0
8,14497,417.0
8,14525,417.0
8,14539,417.0
8,14555,417.0
8,14587,417.0
8,14613,417.0
8,14629,417.0
8,14655,417.0
8,14689,417.0
8,14705,417.0
8,14731,417.0
8,14749,417.0
8,14775,417.0
8,14803,417.0
8,14831,417.0
8,14857,417.0
8,14871,417.0
8,14891,417.0
8,14929,417.0
8,14959,417.0
8,14975,417.0
8,14989,417.0
8,15003,417.0
8,15019,417.0
8,15049,417.0
8,15067,417.0
8,15081,417.0
8,15097,417.0
8,15127,417.0
8,15141,417.0
8,15169,417.0
8,15199,417.0
8,15213,417.0
8,15229,417.0
8,15259,417.0
8,15275,417.0
8,15291,417.0
8,15317,417.0
8,15349,417.0
8,15363,417.0
8,15377,417.0
8,15391,417.0
8,15405,417.0
8,15431,417.0
8,15447,417.0
8,15461,417.0
8,15487,417.0
8,15503,417.0
8,15529,417.0
8,15555,417.0
8,15583,417.0
8,15609,417.0
8,15611,417.0
8,15645,417.0
8,15659,417.0
8,15687,417.0
8,15715,419.0
8,15743,419.0
8,15757,419.0
8,15791,419.0
8,15807,419.0
8,15825,419.0
8,15839,419.0
8,15853,419.0
8,15855,419.0
8,15869,419.0
8,15871,419.0
8,15897,419.0
8,15899,419.0
8,15915,419.0
8,15933,419.0
8,15959,419.0
8,15961,419.0
8,15975,419.0
8,16003,419.0
8,16033,419.0
8,16061,419.0
8,16075,419.0
8,16089,419.0
8,16103,419.0
8,16131,419.0
8,16157,419.0
8,16171,419.0
8,16185,419.0
8,16213,419.0
8,16215,419.0
8,16229,419.0
8,16245,419.0
8,16259,419.0
8,16273,421.0
8,16275,421.0
8,16277,421.0
8,16293,421.0
8,16323,421.0
8,16341,421.0
8,16359,421.0
8,16375,421.0
8,16377,421.0
8,16393,421.0
8,16421,421.0
8,16435,421.0
8,16449,421.0
8,16465,421.0
8,16495,421.0
8,16509,421.0
8,16537,421.0
8,16569,421.0
8,16601,421.0
8,16615,421.0
8,16631,421.0
8,16645,421.0
8,16661,421.0
8,16693,421.0
8,16719,421.0
8,16747,422.0
8,16761,422.0
8,16791,422.0
8,16819,422.0
8,16849,422.0
8,16879,422.0
8,16905,422.0
8,16931,422.0
8,16945,422.0
8,16961,422.0
8,16987,422.0
8,17001,422.0
8,17003,422.0
8,17017,422.0
8,17031,422.0
8,17065,422.0
8,17081,422.0
8,17109,422.0
8,17123,422.0
8,17137,422.0
8,17151,422.0
8,17179,422.0
8,17207,422.0
8,17223,422.0
8,17225,422.0
8,17239,422.0
8,17241,422.0
8,17243,422.0
8,17273,422.0
8,17289,422.0
8,17321,422.0
8,17337,422.0
8,17363,422.0
8,17377,427.0
8,17407,427.0
8,17421,427.0
8,17447,427.0
8,17449,427.0
8,17463,427.0
8,17477,427.0
8,17505,427.0
8,17507,427.0
8,17535,427.0
8,17549,427.0
8,17563,427.0
8,17577,427.0
8,17593,427.0
8,17595,427.0
8,17609,427.0
8,17627,427.0
8,17643,427.0
8,17659,427.0
8,17673,427.0
8,17689,427.0
8,17717,427.0
8,17731,427.0
8,17759,427.0
8,17787,427.0
8,17789,427.0
8,17803,427.0
8,17819,427.0
8,17849,427.0
8,17865,427.0
8,17891,427.0
8,17921,427.0
8,17949,427.0
8,17979,427.0
8,17995,427.0
8,18023,427.0
8,18037,427.0
8,18039,427.0
8,18069,427.0
8,18095,427.0
8,18109,427.0
8,18111,427.0
8,18113,427.0
8,18139,427.0
8,18141,427.0
8,18167,427.0
8,18181,427.0
8,18195,427.0
8,18211,427.0
8,18227,427.0
8,18241,427.0
8,18255,427.0
8,18281,427.0
8,18283,427.0
8,18285,427.0
8,18287,427.0
8,18301,427.0
8,18317,427.0
8,18333,427.0
8,18335,427.0
8,18353,427.0
8,18369,427.0
8,18395,427.0
8,18397,427.0
8,18423,427.0
8,18441,427.0
8,18455,427.0
8,18471,427.0
8,18497,427.0
8,18523,428.0
8,18553,428.0
8,18567,428.0
8,18595,428.0
8,18609,428.0
8,18641,428.0
8,18643,428.0
8,18659,428.0
8,18687,428.0
8,18689,428.0
8,18721,428.0
8,18739,428.0
8,18773,428.0
8,18787,428.0
8,18789,428.0
8,18815,428.0
8,18829,428.0
8,18831,428.0
8,18849,428.0
8,18875,428.0
8,18907,428.0
9,8938,320.0
9,9353,320.0
9,9381,320.0
9,9397,320.0
9,9411,320.0
9,9425,320.0
9,9443,320.0
9,9469,320.0
9,9471,320.0
9,9473,320.0
9,9487,320.0
9,9501,320.0
9,9515,320.0
9,9529,320.0
9,9543,339.0
9,9573,339.0
9,9589,339.0
9,9615,349.0
9,9643,349.0
9,9673,349.0
9,9705,349.0
9,9719,363.0
9,9733,363.0
9,9749,363.0
9,9763,363.0
9,9793,363.0
9,9795,363.0
9,9823,363.0
9,9837,363.0
9,9851,363.0
9,9879,363.0
9,9895,363.0
9,9897,363.0
9,9927,363.0
9,9957,363.0
9,9983,363.0
9,9997,363.0
9,10029,363.0
9,10057,363.0
9,10075,363.0
9,10103,363.0
9,10105,363.0
9,10133,363.0
9,10159,363.0
9,10189,363.0
9,10207,363.0
9,10235,363.0
9,10263,363.0
9,10265,363.0
9,10279,367.0
9,10295,367.0
9,10325,378.0
9,10339,378.0
9,10369,378.0
9,10397,378.0
9,10417,378.0
9,10431,378.0
9,10457,390.0
9,10459,390.0
9,10461,390.0
9,10491,390.0
9,10517,390.0
9,10533,390.0
9,10561,390.0
9,10591,390.0
9,10609,390.0
9,10635,390.0
9,10637,390.0
9,10665,390.0
9,10693,390.0
9,10727,390.0
9,10757,390.0
9,10785,390.0
9,10805,390.0
9,10831,390.0
9,10833,390.0
9,10849,390.0
9,10867,390.0
9,10881,390.0
9,10895,390.0
9,10911,390.0
9,10925,390.0
9,10957,390.0
9,10959,390.0
9,10973,393.0
9,10989,393.0
9,11003,393.0
9,11037,393.0
9,11039,393.0
9,11067,393.0
9,11095,393.0
9,11109,393.0
9,11125,393.0
9,11139,393.0
9,11155,393.0
9,11171,393.0
9,11185,393.0
9,11199,393.0
9,11213,398.0
9,11245,398.0
9,11271,398.0
9,11273,398.0
9,11275,398.0
9,11277,398.0
9,11299,398.0
9,11317,398.0
9,11319,398.0
9,11333,398.0
9,11359,398.0
9,11361,398.0
9,11391,398.0
9,11421,398.0
9,11435,398.0
9,11463,398.0
9,11497,398.0
9,11499,398.0
9,11527,398.0
9,11543,398.0
9,11557,398.0
9,11573,398.0
9,11587,398.0
9,11589,398.0
9,11603,398.0
9,11635,398.0
9,11651,398.0
9,11667,398.0
9,11681,398.0
9,11695,398.0
9,11723,398.0
9,11751,398.0
9,11783,398.0
9,11797,398.0
9,11823,398.0
9,11837,398.0
9,11851,398.0
9,11867,398.0
9,11883,398.0
9,11885,398.0
9,11887,398.0
9,11901,398.0
9,11931,398.0
9,11945,398.0
9,11973,398.0
9,11999,398.0
9,12027,398.0
9,12043,398.0
9,12069,398.0
9,12099,398.0
9,12113,398.0
9,12129,398.0
9,12147,398.0
9,12149,398.0
9,12175,402.0
9,12197,402.0
9,12211,402.0
9,12225,402.0
9,12251,402.0
9,12281,402.0
9,12299,402.0
9,12313,402.0
9,12327,402.0
9,12341,402.0
9,12367,402.0
9,12381,402.0
9,12409,402.0
9,12423,402.0
9,12439,402.0
9,12465,402.0
9,12467,402.0
9,12483,402.0
9,12485,402.0
9,12487,402.0
9,12503,402.0
9,12519,402.0
9,12535,402.0
9,12549,402.0
9,12565,402.0
9,12595,406.0
9,12597,406.0
9,12611,406.0
9,12627,406.0
9,12641,406.0
9,12657,406.0
9,12671,406.0
9,12699,406.0
9,12715,406.0
9,12731,406.0
9,12747,406.0
9,12765,406.0
9,12793,406.0
9,12809,406.0
9,12825,406.0
9,12839,406.0
9,12869,406.0
9,12901,406.0
9,12919,406.0
9,12933,406.0
9,12963,406.0
9,12965,406.0
9,12991,406.0
9,12993,406.0
9,13007,408.0
9,13009,408.0
9,13023,408.0
9,13037,408.0
9,13063,408.0
9,13095,408.0
9,13121,408.0
9,13147,408.0
9,13173,408.0
9,13199,412.0
9,13237,412.0
9,13239,412.0
9,13265,412.0
9,13279,412.0
9,13309,412.0
9,13323,412.0
9,13337,412.0
9,13351,412.0
9,13365,412.0
9,13395,412.0
9,13397,412.0
9,13427,412.0
9,13457,412.0
9,13459,412.0
9,13473,412.0
9,13487,412.0
9,13489,412.0
9,13505,412.0
9,13533,414.0
9,13561,414.0
9,13577,414.0
9,13591,414.0
9,13617,414.0
9,13631,414.0
9,13647,414.0
9,13675,414.0
9,13701,414.0
9,13727,414.0
9,13743,414.0
9,13757,414.0
9,13771,416.0
9,13785,416.0
9,13815,416.0
9,13829,416.0
9,13847,416.0
9,13865,416.0
9,13879,416.0
9,13907,416.0
9,13923,416.0
9,13937,416.0
9,13951,416.0
9,13965,422.0
9,13981,422.0
9,13995,422.0
9,14021,422.0
9,14049,422.0
9,14063,422.0
9,14065,422.0
9,14067,422.0
9,14081,422.0
9,14083,422.0
9,14109,422.0
9,14111,422.0
9,14125,422.0
9,14139,422.0
9,14155,422.0
9,14157,422.0
9,14185,422.0
9,14215,422.0
9,14217,422.0
9,14231,422.0
9,14245,422.0
9,14259,422.0
9,14289,422.0
9,14291,422.0
9,14293,422.0
9,14321,422.0
9,14335,422.0
9,14349,422.0
9,14375,422.0
9,14377,422.0
9,14379,422.0
9,14395,422.0
9,14411,422.0
9,14441,422.0
9,14455,422.0
9,14483,422.0
9,14497,422.0
9,14511,422.0
9,14541,422.0
9,14555,422.0
9,14573,422.0
9,14601,422.0
9,14617,422.0
9,14631,422.0
9,14661,422.0
9,14679,422.0
9,14707,422.0
9,14735,422.0
9,14737,422.0
9,14739,422.0
9,14753,422.0
9,14755,422.0
9,14771,422.0
9,14785,422.0
9,14799,422.0
9,14815,422.0
9,14817,422.0
9,14819,422.0
9,14849,422.0
9,14851,422.0
9,14867,422.0
9,14893,422.0
9,14895,422.0
9,14923,422.0
9,14949,422.0
9,14963,422.0
9,14995,422.0
9,15009,422.0
9,15027,422.0
9,15041,422.0
9,15073,422.0
9,15099,422.0
9,15129,422.0
9,15163,422.0
9,15193,422.0
9,15219,422.0
9,15235,422.0
9,15251,422.0
9,15281,422.0
9,15307,422.0
9,15339,422.0
9,15341,422.0
9,15357,422.0
9,15383,422.0
9,15397,422.0
9,15423,422.0
9,15439,422.0
9,15453,422.0
9,15467,422.0
9,15493,422.0
9,15507,422.0
9,15521,422.0
9,15541,422.0
9,15567,422.0
9,15597,422.0
9,15611,422.0
9,15625,422.0
9,15627,422.0
9,15643,422.0
9,15669,422.0
9,15699,422.0
9,15717,422.0
9,15743,422.0
9,15769,422.0
9,15783,422.0
9,15811,422.0
9,15813,422.0
9,15843,422.0
9,15875,422.0
9,15891,422.0
9,15893,422.0
9,15909,422.0
9,15935,422.0
9,15951,422.0
9,15965,422.0
9,15991,422.0
9,16021,422.0
9,16035,422.0
9,16061,422.0
9,16089,422.0
9,16091,422.0
9,16119,422.0
9,16133,422.0
9,16159,422.0
9,16173,422.0
9,16175,422.0
9,16201,422.0
9,16227,422.0
9,16253,422.0
9,16285,422.0
9,16301,422.0
9,16329,422.0
9,16343,422.0
9,16359,422.0
9,16361,422.0
9,16375,422.0
9,16403,422.0
9,16417,422.0
9,16419,422.0
9,16437,422.0
9,16439,422.0
9,16465,423.0
9,16493,423.0
9,16525,423.0
9,16539,423.0
9,16553,423.0
9,16567,423.0
9,16581,423.0
9,16595,423.0
9,16597,423.0
9,16625,423.0
9,16651,423.0
9,16665,423.0
9,16679,429.0
9,16693,429.0
9,16707,429.0
9,16721,429.0
9,16735,429.0
9,16737,429.0
9,16751,429.0
9,16765,429.0
9,16793,429.0
9,16823,429.0
9,16853,429.0
9,16879,429.0
9,16881,429.0
9,16909,429.0
9,16935,429.0
9,16937,429.0
9,16971,429.0
9,16985,429.0
9,16999,429.0
9,17013,429.0
9,17045,429.0
9,17061,429.0
9,17093,429.0
9,17095,429.0
9,17123,429.0
9,17151,429.0
9,17177,429.0
9,17179,429.0
9,17205,429.0
9,17233,429.0
9,17247,429.0
9,17263,429.0
9,17279,429.0
9,17281,429.0
9,17297,429.0
9,17323,429.0
9,17339,429.0
9,17365,429.0
9,17391,429.0
9,17393,429.0
9,17407,429.0
9,17435,429.0
9,17449,429.0
9,17463,429.0
9,17493,429.0
9,17509,429.0
9,17535,429.0
9,17549,429.0
9,17577,429.0
9,17591,429.0
9,17607,429.0
9,17639,429.0
9,17665,429.0
9,17681,429.0
9,17695,429.0
9,17725,429.0
9,17739,429.0
9,17753,429.0
9,17779,429.0
9,17805,429.0
9,17841,429.0
9,17843,429.0
9,17857,429.0
9,17873,429.0
9,17899,429.0
9,17925,429.0
9,17939,429.0
9,17955,429.0
9,17989,429.0
9,18019,429.0
9,18033,429.0
9,18059,429.0
9,18087,429.0
9,18101,429.0
9,18127,429.0
9,18153,429.0
9,18179,429.0
9,18193,429.0
9,18223,429.0
9,18239,429.0
9,18265,429.0
9,18281,429.0
9,18309,429.0
9,18311,429.0
9,18325,429.0
9,18351,429.0
9,18377,429.0
9,18403,429.0
9,18433,429.0
9,18463,429.0
9,18477,429.0
9,18491,429.0
9,18507,429.0
9,18509,429.0
9,18523,429.0
9,18551,429.0
9,18581,429.0
9,18597,429.0
9,18627,429.0
9,18653,429.0
9,18667,429.0
9,18685,429.0
9,18701,429.0
9,18727,429.0
9,18743,429.0
9,18777,429.0
9,18791,429.0
9,18817,429.0
9,18843,429.0
9,18871,429.0
9,18873,429.0
9,18875,429.0
9,18907,429.0
9,18927,429.0
10,8856,321.0
10,8888,321.0
10,9329,321.0
10,9359,321.0
10,9377,321.0
10,9393,321.0
10,9407,321.0
10,9437,321.0
10,9451,321.0
10,9479,321.0
10,9505,321.0
10,9521,321.0
10,9537,321.0
10,9551,321.0
10,9553,321.0
10,9583,321.0
10,9599,321.0
10,9613,322.0
10,9615,322.0
10,9645,322.0
10,9671,333.0
10,9673,333.0
10,9675,333.0
10,9689,333.0
10,9691,333.0
10,9721,333.0
10,9723,333.0
10,9755,333.0
10,9781,336.0
10,9797,336.0
10,9811,338.0
10,9831,338.0
10,9845,338.0
10,9859,338.0
10,9887,338.0
10,9919,338.0
10,9921,344.0
10,9947,344.0
10,9963,344.0
10,9965,344.0
10,9979,344.0
10,9981,344.0
10,10007,359.0
10,10033,359.0
10,10053,359.0
10,10067,359.0
10,10095,359.0
10,10109,359.0
10,10135,359.0
10,10161,359.0
10,10177,359.0
10,10191,368.0
10,10209,368.0
10,10223,368.0
10,10225,368.0
10,10251,368.0
10,10253,368.0
10,10267,368.0
10,10295,368.0
10,10321,368.0
10,10351,368.0
10,10365,368.0
10,10395,368.0
10,10409,368.0
10,10411,368.0
10,10429,368.0
10,10455,368.0
10,10481,374.0
10,10509,374.0
10,10523,374.0
10,10541,374.0
10,10567,383.0
10,10595,383.0
10,10609,383.0
10,10637,383.0
10,10665,383.0
10,10679,383.0
10,10693,383.0
10,10709,383.0
10,10711,383.0
10,10737,383.0
10,10753,383.0
10,10779,383.0
10,10793,383.0
10,10807,383.0
10,10835,383.0
10,10861,383.0
10,10875,383.0
10,10891,383.0
10,10905,383.0
10,10931,383.0
10,10957,383.0
10,10971,383.0
10,11001,392.0
10,11015,392.0
10,11029,392.0
10,11043,392.0
10,11071,392.0
10,11099,392.0
10,11101,392.0
10,11117,392.0
10,11145,392.0
10,11147,392.0
10,11149,392.0
10,11151,392.0
10,11153,392.0
10,11167,392.0
10,11193,392.0
10,11207,392.0
10,11233,392.0
10,11247,392.0
10,11273,392.0
10,11275,392.0
10,11303,392.0
10,11331,392.0
10,11345,395.0
10,11361,395.0
10,11375,395.0
10,11389,405.0
10,11405,405.0
10,11431,405.0
10,11461,405.0
10,11477,405.0
10,11493,405.0
10,11525,405.0
10,11539,405.0
10,11565,405.0
10,11579,405.0
10,11607,405.0
10,11625,405.0
10,11639,405.0
10,11653,405.0
10,11669,405.0
10,11685,405.0
10,11711,405.0
10,11713,405.0
10,11715,405.0
10,11731,405.0
10,11745,405.0
10,11771,411.0
10,11787,411.0
10,11813,411.0
10,11831,411.0
10,11859,411.0
10,11877,411.0
10,11895,411.0
10,11923,411.0
10,11937,411.0
10,11953,411.0
10,11967,411.0
10,11995,411.0
10,12021,411.0
10,12035,411.0
10,12051,411.0
10,12065,411.0
10,12079,411.0
10,12093,411.0
10,12123,411.0
10,12137,411.0
10,12153,411.0
10,12167,411.0
10,12197,411.0
10,12223,411.0
10,12237,411.0
10,12239,411.0
10,12257,411.0
10,12273,411.0
10,12299,411.0
10,12301,411.0
10,12303,411.0
10,12317,411.0
10,12331,411.0
10,12345,411.0
10,12361,411.0
10,12363,411.0
10,12381,411.0
10,12407,411.0
10,12433,411.0
10,12459,411.0
10,12487,411.0
10,12505,411.0
10,12537,411.0
10,12551,411.0
10,12577,411.0
10,12607,411.0
10,12623,411.0
10,12637,411.0
10,12663,411.0
10,12677,411.0
10,12691,411.0
10,12693,411.0
10,12725,411.0
10,12751,411.0
10,12767,411.0
10,12783,411.0
10,12797,411.0
10,12811,411.0
10,12825,411.0
10,12841,411.0
10,12867,411.0
10,12885,411.0
10,12901,411.0
10,12903,411.0
10,12905,411.0
10,12919,411.0
10,12921,411.0
10,12937,411.0
10,12965,411.0
10,12995,411.0
10,13009,411.0
10,13011,411.0
10,13025,411.0
10,13039,411.0
10,13055,411.0
10,13081,411.0
10,13095,411.0
10,13097,411.0
10,13117,411.0
10,13133,411.0
10,13167,411.0
10,13181,411.0
10,13209,411.0
10,13229,411.0
10,13245,411.0
10,13273,413.0
10,13287,413.0
10,13315,413.0
10,13345,413.0
10,13375,413.0
10,13393,413.0
10,13395,413.0
10,13397,413.0
10,13429,417.0
10,13455,417.0
10,13483,417.0
10,13497,419.0
10,13513,419.0
10,13515,419.0
10,13529,419.0
10,13543,419.0
10,13559,419.0
10,13575,419.0
10,13603,419.0
10,13631,419.0
10,13647,419.0
10,13663,419.0
10,13689,419.0
10,13703,419.0
10,13721,419.0
10,13723,419.0
10,13751,419.0
10,13767,419.0
10,13795,419.0
10,13821,420.0
10,13835,420.0
10,13851,420.0
10,13865,420.0
10,13881,420.0
10,13883,420.0
10,13885,420.0
10,13901,420.0
10,13915,420.0
10,13917,420.0
10,13931,420.0
10,13959,420.0
10,13973,420.0
10,13975,420.0
10,14001,420.0
10,14017,420.0
10,14043,422.0
10,14045,422.0
10,14059,422.0
10,14087,422.0
10,14115,422.0
10,14149,422.0
10,14163,422.0
10,14177,422.0
10,14203,422.0
10,14205,422.0
10,14233,422.0
10,14259,422.0
10,14261,422.0
10,14289,422.0
10,14317,422.0
10,14333,422.0
10,14335,422.0
10,14349,422.0
10,14381,422.0
10,14409,422.0
10,14423,422.0
10,14425,422.0
10,14439,422.0
10,14467,422.0
10,14469,422.0
10,14487,422.0
10,14517,422.0
10,14547,422.0
10,14561,422.0
10,14589,422.0
10,14603,422.0
10,14617,422.0
10,14633,422.0
10,14659,422.0
10,14673,422.0
10,14703,422.0
10,14717,422.0
10,14743,422.0
10,14759,422.0
10,14761,422.0
10,14775,422.0
10,14791,422.0
10,14805,422.0
10,14807,422.0
10,14821,422.0
10,14839,422.0
10,14867,422.0
10,14881,422.0
10,14895,422.0
10,14923,422.0
10,14925,422.0
10,14941,422.0
10,14955,422.0
10,14983,422.0
10,14997,422.0
10,15025,422.0
10,15041,422.0
10,15069,422.0
10,15083,422.0
10,15097,422.0
10,15123,425.0
10,15153,425.0
10,15169,425.0
10,15195,425.0
10,15209,425.0
10,15223,425.0
10,15237,425.0
10,15263,425.0
10,15277,425.0
10,15309,425.0
10,15311,425.0
10,15325,425.0
10,15351,425.0
10,15377,425.0
10,15407,425.0
10,15423,425.0
10,15437,425.0
10,15469,425.0
10,15495,425.0
10,15509,425.0
10,15525,425.0
10,15539,425.0
10,15565,425.0
10,15579,425.0
10,15605,425.0
10,15607,425.0
10,15621,425.0
10,15647,425.0
10,15661,425.0
10,15663,425.0
10,15665,425.0
10,15693,425.0
10,15725,425.0
10,15755,425.0
10,15783,425.0
10,15809,425.0
10,15823,425.0
10,15849,425.0
10,15863,425.0
10,15877,425.0
10,15905,425.0
10,15931,425.0
10,15945,425.0
10,15947,425.0
10,15963,425.0
10,15979,425.0
10,15993,425.0
10,16009,425.0
10,16011,425.0
10,16013,425.0
10,16015,425.0
10,16041,425.0
10,16067,425.0
10,16081,425.0
10,16095,425.0
10,16111,425.0
10,16125,425.0
10,16127,425.0
10,16141,425.0
10,16157,425.0
10,16189,425.0
10,16203,425.0
10,16219,425.0
10,16235,425.0
10,16249,425.0
10,16279,425.0
10,16299,425.0
10,16301,425.0
10,16329,425.0
10,16345,425.0
10,16371,425.0
10,16385,425.0
10,16411,425.0
10,16443,425.0
10,16475,425.0
10,16491,425.0
10,16509,425.0
10,16511,425.0
10,16539,425.0
10,16541,425.0
10,16575,425.0
10,16589,425.0
10,16603,425.0
10,16605,425.0
10,16619,425.0
10,16621,425.0
10,16647,425.0
10,16673,425.0
10,16699,425.0
10,16715,425.0
10,16729,425.0
10,16759,425.0
10,16787,425.0
10,16801,425.0
10,16815,425.0
10,16829,425.0
10,16859,425.0
10,16879,425.0
10,16893,425.0
10,16919,425.0
10,16921,425.0
10,16947,425.0
10,16961,425.0
10,16963,425.0
10,16965,425.0
10,16993,425.0
10,17023,425.0
10,17039,425.0
10,17067,425.0
10,17069,425.0
10,17097,425.0
10,17113,425.0
10,17115,425.0
10,17129,425.0
10,17145,425.0
10,17175,425.0
10,17189,425.0
10,17191,425.0
10,17219,425.0
10,17221,425.0
10,17235,425.0
10,17267,425.0
10,17285,425.0
10,17315,425.0
10,17329,425.0
10,17355,425.0
10,17381,425.0
10,17409,425.0
10,17435,425.0
10,17451,425.0
10,17453,425.0
10,17481,425.0
10,17497,425.0
10,17523,425.0
10,17551,425.0
10,17577,425.0
10,17607,425.0
10,17621,425.0
10,17635,425.0
10,17651,425.0
10,17665,425.0
10,17667,425.0
10,17681,425.0
10,17683,425.0
10,17697,425.0
10,17725,426.0
10,17755,426.0
10,17769,431.0
10,17783,431.0
10,17809,431.0
10,17811,431.0
10,17813,431.0
10,17827,431.0
10,17855,431.0
10,17869,431.0
10,17883,431.0
10,17885,431.0
10,17911,431.0
10,17927,431.0
10,17955,431.0
10,17973,431.0
10,17987,431.0
10,18001,431.0
10,18017,431.0
10,18019,431.0
10,18033,431.0
10,18035,431.0
10,18037,431.0
10,18051,431.0
10,18081,431.0
10,18099,431.0
10,18101,431.0
10,18115,431.0
10,18143,431.0
10,18157,431.0
10,18173,431.0
10,18201,431.0
10,18215,431.0
10,18217,431.0
10,18245,431.0
10,18271,431.0
10,18303,431.0
10,18305,431.0
10,18319,431.0
10,18321,431.0
10,18335,431.0
10,18363,431.0
10,18377,431.0
10,18379,431.0
10,18393,431.0
10,18419,431.0
10,18435,431.0
10,18463,431.0
10,18481,431.0
10,18495,431.0
10,18511,431.0
10,18537,431.0
10,18551,431.0
10,18577,431.0
10,18605,431.0
10,18633,431.0
10,18649,431.0
10,18663,431.0
10,18693,431.0
10,18721,431.0
10,18723,431.0
10,18737,431.0
10,18773,431.0
10,18775,431.0
10,18801,431.0
10,18831,431.0
10,18847,431.0
11,8590,291.0
11,8604,299.0
11,8618,320.0
11,8646,334.0
11,8660,334.0
11,9143,334.0
11,9159,334.0
11,9187,334.0
11,9215,334.0
11,9231,334.0
11,9259,334.0
11,9277,334.0
11,9279,334.0
11,9297,334.0
11,9329,334.0
11,9361,334.0
11,9391,334.0
11,9417,334.0
11,9419,334.0
11,9433,334.0
11,9461,334.0
11,9475,339.0
11,9477,339.0
11,9495,339.0
11,9509,339.0
11,9511,339.0
11,9539,339.0
11,9567,339.0
11,9583,339.0
11,9611,339.0
11,9625,339.0
11,9653,347.0
11,9681,347.0
11,9695,351.0
11,9711,351.0
11,9739,351.0
11,9753,351.0
11,9785,351.0
11,9799,351.0
11,9813,368.0
11,9829,368.0
11,9847,368.0
11,9861,368.0
11,9889,368.0
11,9917,368.0
11,9943,368.0
11,9971,391.0
11,9999,391.0
11,10017,391.0
11,10047,391.0
11,10073,391.0
11,10087,391.0
11,10113,391.0
11,10145,391.0
11,10171,391.0
11,10197,400.0
11,10225,400.0
11,10253,400.0
11,10267,400.0
11,10285,400.0
11,10301,400.0
11,10319,400.0
11,10347,400.0
11,10363,400.0
11,10377,400.0
11,10409,400.0
11,10427,400.0
11,10455,400.0
11,10457,400.0
11,10471,400.0
11,10473,400.0
11,10489,400.0
11,10503,400.0
11,10517,400.0
11,10519,400.0
11,10547,400.0
11,10579,400.0
11,10607,400.0
11,10637,410.0
11,10665,410.0
11,10667,410.0
11,10685,410.0
11,10699,410.0
11,10727,410.0
11,10729,410.0
11,10743,410.0
11,10777,410.0
11,10793,410.0
11,10807,410.0
11,10825,410.0
11,10839,410.0
11,10841,410.0
11,10855,410.0
11,10869,410.0
11,10887,410.0
11,10905,410.0
11,10931,410.0
11,10957,410.0
11,10983,410.0
11,11009,410.0
11,11035,410.0
11,11063,410.0
11,11077,410.0
11,11105,410.0
11,11135,410.0
11,11161,410.0
11,11175,410.0
11,11189,410.0
11,11209,410.0
11,11243,410.0
11,11259,410.0
11,11289,410.0
11,11291,410.0
11,11311,410.0
11,11339,410.0
11,11353,410.0
11,11381,410.0
11,11395,410.0
11,11397,410.0
11,11423,410.0
11,11451,411.0
11,11467,411.0
11,11469,411.0
11,11495,411.0
11,11497,411.0
11,11527,411.0
11,11543,411.0
11,11557,411.0
11,11585,411.0
11,11615,411.0
11,11647,411.0
11,11679,411.0
11,11681,411.0
11,11703,411.0
11,11717,411.0
11,11743,411.0
11,11773,411.0
11,11789,411.0
11,11821,411.0
11,11835,411.0
11,11865,411.0
11,11891,411.0
11,11905,413.0
11,11933,413.0
11,11947,413.0
11,11961,414.0
11,11989,414.0
11,12005,414.0
11,12021,414.0
11,12047,414.0
11,12063,414.0
11,12077,414.0
11,12105,414.0
11,12121,414.0
11,12149,414.0
11,12163,414.0
11,12179,414.0
11,12205,414.0
11,12219,414.0
11,12237,414.0
11,12265,414.0
11,12267,414.0
11,12281,414.0
11,12297,414.0
11,12323,414.0
11,12351,414.0
11,12365,414.0
11,12379,414.0
11,12397,414.0
11,12399,414.0
11,12429,414.0
11,12431,414.0
11,12447,414.0
11,12475,414.0
11,12489,414.0
11,12517,414.0
11,12519,414.0
11,12547,414.0
11,12561,414.0
11,12563,414.0
11,12589,414.0
11,12619,414.0
11,12645,414.0
11,12673,414.0
11,12675,414.0
11,12703,414.0
11,12721,414.0
11,12749,414.0
11,12751,414.0
11,12767,414.0
11,12781,414.0
11,12795,415.0
11,12811,415.0
11,12825,417.0
11,12851,417.0
11,12877,417.0
11,12895,417.0
11,12921,417.0
11,12951,417.0
11,12965,417.0
11,12967,417.0
11,13001,418.0
11,13015,418.0
11,13029,418.0
11,13043,418.0
11,13061,418.0
11,13077,418.0
11,13079,418.0
11,13105,418.0
11,13119,418.0
11,13147,418.0
11,13161,418.0
11,13189,418.0
11,13203,418.0
11,13217,418.0
11,13243,418.0
11,13259,418.0
11,13289,418.0
11,13303,418.0
11,13317,418.0
11,13343,418.0
11,13345,418.0
11,13359,418.0
11,13385,418.0
11,13387,418.0
11,13389,418.0
11,13405,418.0
11,13419,418.0
11,13447,418.0
11,13463,418.0
11,13465,418.0
11,13483,418.0
11,13511,418.0
11,13525,418.0
11,13527,418.0
11,13541,418.0
11,13575,418.0
11,13603,418.0
11,13635,418.0
11,13665,418.0
11,13679,418.0
11,13693,418.0
11,13721,418.0
11,13735,418.0
11,13751,418.0
11,13765,419.0
11,13779,419.0
11,13809,419.0
11,13839,419.0
11,13855,419.0
11,13873,419.0
11,13901,419.0
11,13919,419.0
11,13945,419.0
11,13973,419.0
11,13989,419.0
11,14003,419.0
11,14017,423.0
11,14045,423.0
11,14059,423.0
11,14075,423.0
11,14105,423.0
11,14119,423.0
11,14135,423.0
11,14161,423.0
11,14175,423.0
11,14205,423.0
11,14221,423.0
11,14235,423.0
11,14251,423.0
11,14277,423.0
11,14307,423.0
11,14335,423.0
11,14337,423.0
11,14353,423.0
11,14381,423.0
11,14383,423.0
11,14397,423.0
11,14411,423.0
11,14425,423.0
11,14441,423.0
11,14455,423.0
11,14487,423.0
11,14489,423.0
11,14503,423.0
11,14517,423.0
11,14531,423.0
11,14557,423.0
11,14591,423.0
11,14607,423.0
11,14621,423.0
11,14635,423.0
11,14649,423.0
11,14663,423.0
11,14693,423.0
11,14721,423.0
11,14747,423.0
11,14761,423.0
11,14775,423.0
11,14791,423.0
11,14805,423.0
11,14839,423.0
11,14861,423.0
11,14863,423.0
11,14877,423.0
11,14907,423.0
11,14921,423.0
11,14939,423.0
11,14967,423.0
11,14999,423.0
11,15027,423.0
11,15055,423.0
11,15057,423.0
11,15073,423.0
11,15101,423.0
11,15117,423.0
11,15131,423.0
11,15145,423.0
11,15161,423.0
11,15175,423.0
11,15201,423.0
11,15215,423.0
11,15229,423.0
11,15255,423.0
11,15283,423.0
11,15285,423.0
11,15301,423.0
11,15327,423.0
11,15355,423.0
11,15369,423.0
11,15383,423.0
11,15411,423.0
11,15437,423.0
11,15453,423.0
11,15467,423.0
11,15481,423.0
11,15483,423.0
11,15485,423.0
11,15511,423.0
11,15513,423.0
11,15527,423.0
11,15557,423.0
11,15571,423.0
11,15585,423.0
11,15601,423.0
11,15615,423.0
11,15629,423.0
11,15657,423.0
11,15689,423.0
11,15707,423.0
11,15709,423.0
11,15723,423.0
11,15737,427.0
11,15751,427.0
11,15765,427.0
11,15791,427.0
11,15805,427.0
11,15831,427.0
11,15847,427.0
11,15849,427.0
11,15879,427.0
11,15893,427.0
11,15909,427.0
11,15923,427.0
11,15955,427.0
11,15969,427.0
11,15985,427.0
11,16013,427.0
11,16027,427.0
11,16053,427.0
11,16067,427.0
11,16083,427.0
11,16111,427.0
11,16127,427.0
11,16141,427.0
11,16173,427.0
11,16187,427.0
11,16201,427.0
11,16203,427.0
11,16205,427.0
11,16231,427.0
11,16233,427.0
11,16235,427.0
11,16263,427.0
11,16277,427.0
11,16279,427.0
11,16305,427.0
11,16321,427.0
11,16335,427.0
11,16361,428.0
11,16379,428.0
11,16409,428.0
11,16427,428.0
11,16441,428.0
11,16455,428.0
11,16483,428.0
11,16485,428.0
11,16505,428.0
11,16523,428.0
11,16549,428.0
11,16579,428.0
11,16595,428.0
11,16621,428.0
11,16637,428.0
11,16667,428.0
11,16681,428.0
11,16709,428.0
11,16723,428.0
11,16739,428.0
11,16753,428.0
11,16779,428.0
11,16809,428.0
11,16839,428.0
11,16871,428.0
11,16887,428.0
11,16889,428.0
11,16903,428.0
11,16929,428.0
11,16945,428.0
11,16973,428.0
11,16999,428.0
11,17015,428.0
11,17041,428.0
11,17055,428.0
11,17083,428.0
11,17085,428.0
11,17113,428.0
11,17139,428.0
11,17141,428.0
11,17155,428.0
11,17185,428.0
11,17187,428.0
11,17201,428.0
11,17217,428.0
11,17233,428.0
11,17235,428.0
11,17263,428.0
11,17291,428.0
11,17317,428.0
11,17319,428.0
11,17321,428.0
11,17351,428.0
11,17353,428.0
11,17383,428.0
11,17385,428.0
11,17387,428.0
11,17417,428.0
11,17431,428.0
11,17457,428.0
11,17485,428.0
11,17515,428.0
11,17529,428.0
11,17543,428.0
11,17557,428.0
11,17583,428.0
11,17597,428.0
11,17611,428.0
11,17637,428.0
11,17655,428.0
11,17669,428.0
11,17671,428.0
11,17699,428.0
11,17713,428.0
11,17739,428.0
11,17741,428.0
11,17769,428.0
11,17787,428.0
11,17789,428.0
11,17819,428.0
11,17835,428.0
11,17851,428.0
11,17865,428.0
11,17879,428.0
11,17907,428.0
11,17939,428.0
11,17965,428.0
11,17995,428.0
11,18011,428.0
11,18013,428.0
11,18027,428.0
11,18041,428.0
11,18055,428.0
11,18081,428.0
11,18095,428.0
11,18097,428.0
11,18113,428.0
11,18141,428.0
11,18143,428.0
11,18157,428.0
11,18183,428.0
11,18197,428.0
11,18213,428.0
11,18241,428.0
11,18243,428.0
11,18269,428.0
11,18287,428.0
11,18301,428.0
11,18315,428.0
11,18317,428.0
11,18343,428.0
11,18359,428.0
11,18379,428.0
11,18407,428.0
11,18435,428.0
11,18469,428.0
11,18495,428.0
11,18497,428.0
11,18525,428.0
11,18553,428.0
11,18569,428.0
11,18583,428.0
11,18585,428.0
11,18613,428.0
12,8824,315.0
12,8838,315.0
12,8852,345.0
12,9295,345.0
12,9309,345.0
12,9325,345.0
12,9351,345.0
12,9377,356.0
12,9379,356.0
12,9405,356.0
12,9407,356.0
12,9433,356.0
12,9447,356.0
12,9461,356.0
12,9475,356.0
12,9477,356.0
12,9493,359.0
12,9509,359.0
12,9527,359.0
12,9557,359.0
12,9583,359.0
12,9599,359.0
12,9613,359.0
12,9639,359.0
12,9641,359.0
12,9669,359.0
12,9683,359.0
12,9685,359.0
12,9699,359.0
12,9701,359.0
12,9715,359.0
12,9743,359.0
12,9757,359.0
12,9773,359.0
12,9787,359.0
12,9789,359.0
12,9805,359.0
12,9831,359.0
12,9849,359.0
12,9875,359.0
12,9903,359.0
12,9933,359.0
12,9947,359.0
12,9973,359.0
12,9993,359.0
12,10009,359.0
12,10025,359.0
12,10043,359.0
12,10071,359.0
12,10103,359.0
12,10129,372.0
12,10145,372.0
12,10147,372.0
12,10163,372.0
12,10189,372.0
12,10191,372.0
12,10205,372.0
12,10207,372.0
12,10221,372.0
12,10223,372.0
12,10253,372.0
12,10291,372.0
12,10309,372.0
12,10311,372.0
12,10325,372.0
12,10339,372.0
12,10355,372.0
12,10385,372.0
12,10399,372.0
12,10425,384.0
12,10453,384.0
12,10467,384.0
12,10493,384.0
12,10521,384.0
12,10523,384.0
12,10549,384.0
12,10563,384.0
12,10589,384.0
12,10605,384.0
12,10621,384.0
12,10635,384.0
12,10637,384.0
12,10651,384.0
12,10665,384.0
12,10697,384.0
12,10727,384.0
12,10729,384.0
12,10743,384.0
12,10773,384.0
12,10803,384.0
12,10829,384.0
12,10845,384.0
12,10875,389.0
12,10891,389.0
12,10919,389.0
12,10933,389.0
12,10965,389.0
12,10991,389.0
12,11005,389.0
12,11033,389.0
12,11049,392.0
12,11063,392.0
12,11077,392.0
12,11095,392.0
12,11117,392.0
12,11119,392.0
12,11133,392.0
12,11151,392.0
12,11153,392.0
12,11179,392.0
12,11207,393.0
12,11235,393.0
12,11265,393.0
12,11291,393.0
12,11319,395.0
12,11347,395.0
12,11385,395.0
12,11411,395.0
12,11425,395.0
12,11427,395.0
12,11441,395.0
12,11469,395.0
12,11497,395.0
12,11499,395.0
12,11527,395.0
12,11553,395.0
12,11579,395.0
12,11611,395.0
12,11627,395.0
12,11645,395.0
12,11647,395.0
12,11663,395.0
12,11679,395.0
12,11705,399.0
12,11707,399.0
12,11709,399.0
12,11739,399.0
12,11753,399.0
12,11779,399.0
12,11805,399.0
12,11819,399.0
12,11833,399.0
12,11849,399.0
12,11877,399.0
12,11905,399.0
12,11931,399.0
12,11959,399.0
12,11989,399.0
12,12003,399.0
12,12029,399.0
12,12057,399.0
12,12071,399.0
12,12085,399.0
12,12099,399.0
12,12127,399.0
12,12141,399.0
12,12169,402.0
12,12171,402.0
12,12197,402.0
12,12223,402.0
12,12237,402.0
12,12263,404.0
12,12277,407.0
12,12291,407.0
12,12293,407.0
12,12307,407.0
12,12321,407.0
12,12337,407.0
12,12363,407.0
12,12377,407.0
12,12403,407.0
12,12419,407.0
12,12445,407.0
12,12461,407.0
12,12489,409.0
12,12507,409.0
12,12521,409.0
12,12549,409.0
12,12565,409.0
12,12593,409.0
12,12621,409.0
12,12643,409.0
12,12657,409.0
12,12673,409.0
12,12699,417.0
12,12725,417.0
12,12727,417.0
12,12741,417.0
12,12759,417.0
12,12777,417.0
12,12795,417.0
12,12809,417.0
12,12829,417.0
12,12855,417.0
12,12881,417.0
12,12911,417.0
12,12925,417.0
12,12927,417.0
12,12941,417.0
12,12971,417.0
12,12985,417.0
12,12987,417.0
12,12989,417.0
12,13007,417.0
12,13021,417.0
12,13037,417.0
12,13053,417.0
12,13067,417.0
12,13083,417.0
12,13109,417.0
12,13125,417.0
12,13139,417.0
12,13153,417.0
12,13155,417.0
12,13185,417.0
12,13199,417.0
12,13225,417.0
12,13227,417.0
12,13229,417.0
12,13245,417.0
12,13263,417.0
12,13281,417.0
12,13295,417.0
12,13315,417.0
12,13331,417.0
12,13345,417.0
12,13377,417.0
12,13393,417.0
12,13407,417.0
12,13433,417.0
12,13453,417.0
12,13467,417.0
12,13495,417.0
12,13521,417.0
12,13547,419.0
12,13577,419.0
12,13603,419.0
12,13631,419.0
12,13659,419.0
12,13661,419.0
12,13677,419.0
12,13705,419.0
12,13723,419.0
12,13749,419.0
12,13763,419.0
12,13779,419.0
12,13809,419.0
12,13827,419.0
12,13843,419.0
12,13857,419.0
12,13873,419.0
12,13891,419.0
12,13923,419.0
12,13941,419.0
12,13957,419.0
12,13971,419.0
12,13999,419.0
12,14001,419.0
12,14015,419.0
12,14041,420.0
12,14067,420.0
12,14093,420.0
12,14119,420.0
12,14147,420.0
12,14149,420.0
12,14163,420.0
12,14165,420.0
12,14179,420.0
12,14209,420.0
12,14235,420.0
12,14251,420.0
12,14253,420.0
12,14281,420.0
12,14315,420.0
12,14329,420.0
12,14345,420.0
12,14361,423.0
12,14363,423.0
12,14365,423.0
12,14367,423.0
12,14381,423.0
12,14383,423.0
12,14397,423.0
12,14423,423.0
12,14449,423.0
12,14475,423.0
12,14489,423.0
12,14505,423.0
12,14521,423.0
12,14547,423.0
12,14575,423.0
12,14577,423.0
12,14607,423.0
12,14635,423.0
12,14669,423.0
12,14683,423.0
12,14713,423.0
12,14727,423.0
12,14741,423.0
12,14767,423.0
12,14781,423.0
12,14795,423.0
12,14821,423.0
12,14851,423.0
12,14867,423.0
12,14881,423.0
12,14883,423.0
12,14897,423.0
12,14911,423.0
12,14937,423.0
12,14951,423.0
12,14977,423.0
12,14991,423.0
12,15021,423.0
12,15035,423.0
12,15055,423.0
12,15069,423.0
12,15095,423.0
12,15111,423.0
12,15143,423.0
12,15145,423.0
12,15159,426.0
12,15173,426.0
12,15201,426.0
12,15229,426.0
12,15257,426.0
12,15271,426.0
12,15301,426.0
12,15315,426.0
12,15341,426.0
12,15371,426.0
12,15401,426.0
12,15431,426.0
12,15445,426.0
12,15471,426.0
12,15489,426.0
12,15503,426.0
12,15519,426.0
12,15533,426.0
12,15547,426.0
12,15579,426.0
12,15581,426.0
12,15609,426.0
12,15637,426.0
12,15665,426.0
12,15679,426.0
12,15681,426.0
12,15707,426.0
12,15723,426.0
12,15749,426.0
12,15765,426.0
12,15767,426.0
12,15769,426.0
12,15795,426.0
12,15821,426.0
12,15835,426.0
12,15851,426.0
12,15869,426.0
12,15903,426.0
12,15931,426.0
12,15945,426.0
12,15971,426.0
12,15997,426.0
12,15999,426.0
12,16013,426.0
12,16039,426.0
12,16067,426.0
12,16095,426.0
12,16109,426.0
12,16135,426.0
12,16137,426.0
12,16151,426.0
12,16165,426.0
12,16181,426.0
12,16195,426.0
12,16209,426.0
12,16229,426.0
12,16257,426.0
12,16285,426.0
12,16301,426.0
12,16337,426.0
12,16363,426.0
12,16379,426.0
12,16395,426.0
12,16411,426.0
12,16425,426.0
12,16455,426.0
12,16473,426.0
12,16487,426.0
12,16515,426.0
12,16529,426.0
12,16557,426.0
12,16571,426.0
12,16599,426.0
12,16627,426.0
12,16655,426.0
12,16657,426.0
12,16671,426.0
12,16687,426.0
12,16713,426.0
12,16727,426.0
12,16753,426.0
12,16767,426.0
12,16769,426.0
12,16783,426.0
12,16797,426.0
12,16825,426.0
12,16839,426.0
12,16853,426.0
12,16871,426.0
12,16885,426.0
12,16901,426.0
12,16903,426.0
12,16917,426.0
12,16951,426.0
12,16977,426.0
12,16993,426.0
12,17021,426.0
12,17023,426.0
12,17051,426.0
12,17065,426.0
12,17091,426.0
12,17093,426.0
12,17095,426.0
12,17109,426.0
12,17123,426.0
12,17139,426.0
12,17141,426.0
12,17155,426.0
12,17183,426.0
12,17185,426.0
12,17205,426.0
12,17231,426.0
12,17233,426.0
12,17261,426.0
12,17287,426.0
12,17301,426.0
12,17315,426.0
12,17317,426.0
12,17345,426.0
12,17347,426.0
12,17377,426.0
12,17397,426.0
12,17433,426.0
12,17459,426.0
12,17485,426.0
12,17499,426.0
12,17515,426.0
12,17545,426.0
12,17561,426.0
12,17575,426.0
12,17605,426.0
12,17621,426.0
12,17635,426.0
12,17651,426.0
12,17677,426.0
12,17703,426.0
12,17721,426.0
12,17735,426.0
12,17751,426.0
12,17767,426.0
12,17793,426.0
12,17807,426.0
12,17821,426.0
12,17837,426.0
12,17839,426.0
12,17841,426.0
12,17859,426.0
12,17889,426.0
12,17919,426.0
12,17945,426.0
12,17959,426.0
12,17973,426.0
12,17999,426.0
12,18025,426.0
12,18053,426.0
12,18055,426.0
12,18081,432.0
12,18095,432.0
12,18109,432.0
12,18123,432.0
12,18137,432.0
12,18151,432.0
12,18153,432.0
12,18181,432.0
12,18215,432.0
12,18229,432.0
12,18243,432.0
12,18257,432.0
12,18287,432.0
12,18301,432.0
12,18303,432.0
12,18329,432.0
12,18343,432.0
12,18345,432.0
12,18373,432.0
12,18399,432.0
12,18415,432.0
12,18441,432.0
12,18469,432.0
12,18497,432.0
12,18513,432.0
12,18543,432.0
12,18569,432.0
12,18599,432.0
12,18617,432.0
12,18633,432.0
12,18661,432.0
12,18663,432.0
12,18689,432.0
12,18691,432.0
12,18719,432.0
12,18735,432.0
12,18737,432.0
12,18767,432.0
12,18785,432.0
12,18811,432.0
13,8664,313.0
13,8696,313.0
13,8722,320.0
13,8736,323.0
13,8738,323.0
13,8754,323.0
13,8782,323.0
13,8796,323.0
13,8824,332.0
13,8838,332.0
13,8840,332.0
13,8858,332.0
13,8860,332.0
13,8888,332.0
13,8918,332.0
13,8920,332.0
13,8946,336.0
13,8972,341.0
13,9004,341.0
13,9018,349.0
13,9036,349.0
13,9511,349.0
13,9525,349.0
13,9541,349.0
13,9555,365.0
13,9587,365.0
13,9603,365.0
13,9605,365.0
13,9623,365.0
13,9649,365.0
13,9667,365.0
13,9681,365.0
13,9697,365.0
13,9713,365.0
13,9739,378.0
13,9741,378.0
13,9773,378.0
13,9787,378.0
13,9789,378.0
13,9791,378.0
13,9819,378.0
13,9837,378.0
13,9851,389.0
13,9881,389.0
13,9895,389.0
13,9921,389.0
13,9951,389.0
13,9969,389.0
13,9983,389.0
13,10013,389.0
13,10041,389.0
13,10043,389.0
13,10073,389.0
13,10089,389.0
13,10103,389.0
13,10131,389.0
13,10159,389.0
13,10173,389.0
13,10189,389.0
13,10191,389.0
13,10193,389.0
13,10225,389.0
13,10227,389.0
13,10257,389.0
13,10271,389.0
13,10273,389.0
13,10299,389.0
13,10327,389.0
13,10341,389.0
13,10357,389.0
13,10371,389.0
13,10399,389.0
13,10401,389.0
13,10419,389.0
13,10435,389.0
13,10463,389.0
13,10465,389.0
13,10491,398.0
13,10505,398.0
13,10533,398.0
13,10551,398.0
13,10565,398.0
13,10593,399.0
13,10619,399.0
13,10621,399.0
13,10623,399.0
13,10649,399.0
13,10663,399.0
13,10665,399.0
13,10695,399.0
13,10709,402.0
13,10723,402.0
13,10751,402.0
13,10789,402.0
13,10805,402.0
13,10819,402.0
13,10845,402.0
13,10875,402.0
13,10889,402.0
13,10915,402.0
13,10935,402.0
13,10951,402.0
13,10979,402.0
13,10995,402.0
13,11021,402.0
13,11037,402.0
13,11065,402.0
13,11067,402.0
13,11069,402.0
13,11083,402.0
13,11099,402.0
13,11127,402.0
13,11159,402.0
13,11173,402.0
13,11175,402.0
13,11191,402.0
13,11205,402.0
13,11233,402.0
13,11235,402.0
13,11267,402.0
13,11297,402.0
13,11311,407.0
13,11325,407.0
13,11353,407.0
13,11369,407.0
13,11395,407.0
13,11411,407.0
13,11427,407.0
13,11453,407.0
13,11467,407.0
13,11495,407.0
13,11511,407.0
13,11525,407.0
13,11527,407.0
13,11555,407.0
13,11569,407.0
13,11583,407.0
13,11597,407.0
13,11599,407.0
13,11617,407.0
13,11643,417.0
13,11659,417.0
13,11673,417.0
13,11695,417.0
13,11697,417.0
13,11723,417.0
13,11749,417.0
13,11751,417.0
13,11765,417.0
13,11785,417.0
13,11813,417.0
13,11827,417.0
13,11841,417.0
13,11857,417.0
13,11883,417.0
13,11897,417.0
13,11929,417.0
13,11957,418.0
13,11959,418.0
13,11973,418.0
13,11975,418.0
13,11977,418.0
13,12005,418.0
13,12019,418.0
13,12033,418.0
13,12059,418.0
13,12085,418.0
13,12101,418.0
13,12115,418.0
13,12117,418.0
13,12131,418.0
13,12161,418.0
13,12179,418.0
13,12193,418.0
13,12221,418.0
13,12251,418.0
13,12253,418.0
13,12269,418.0
13,12283,418.0
13,12297,418.0
13,12315,418.0
13,12329,418.0
13,12357,418.0
13,12371,418.0
13,12401,418.0
13,12417,418.0
13,12431,418.0
13,12445,418.0
13,12473,418.0
13,12475,418.0
13,12505,418.0
13,12535,418.0
13,12537,418.0
13,12563,418.0
13,12597,418.0
13,12611,418.0
13,12613,418.0
13,12627,418.0
13,12643,418.0
13,12645,418.0
13,12671,418.0
13,12673,418.0
13,12705,418.0
13,12723,418.0
13,12737,418.0
13,12751,418.0
13,12765,419.0
13,12781,419.0
13,12809,419.0
13,12825,419.0
13,12839,419.0
13,12853,419.0
13,12867,419.0
13,12883,419.0
13,12897,419.0
13,12927,419.0
13,12941,425.0
13,12955,425.0
13,12971,425.0
13,12999,425.0
13,13015,425.0
13,13033,425.0
13,13047,425.0
13,13075,425.0
13,13089,425.0
13,13103,425.0
13,13117,425.0
13,13119,425.0
13,13133,425.0
13,13149,425.0
13,13163,425.0
13,13191,425.0
13,13209,425.0
13,13225,425.0
13,13251,425.0
13,13253,425.0
13,13279,425.0
13,13293,425.0
13,13311,425.0
13,13327,425.0
13,13345,425.0
13,13359,425.0
13,13373,425.0
13,13391,425.0
13,13407,425.0
13,13421,425.0
13,13435,425.0
13,13463,425.0
13,13495,425.0
13,13511,425.0
13,13537,425.0
13,13551,425.0
13,13577,425.0
13,13605,425.0
13,13607,425.0
13,13627,425.0
13,13653,425.0
13,13673,425.0
13,13675,425.0
13,13701,427.0
13,13715,427.0
13,13743,427.0
13,13745,427.0
13,13761,427.0
13,13777,427.0
13,13791,427.0
13,13805,427.0
13,13833,427.0
13,13847,427.0
13,13865,427.0
13,13893,427.0
13,13907,427.0
13,13925,427.0
13,13941,427.0
13,13969,427.0
13,13983,427.0
13,14011,427.0
13,14027,427.0
13,14057,427.0
13,14071,427.0
13,14101,427.0
13,14115,427.0
13,14131,427.0
13,14145,427.0
13,14147,427.0
13,14163,427.0
13,14177,427.0
13,14191,427.0
13,14217,427.0
13,14249,427.0
13,14265,427.0
13,14295,427.0
13,14309,427.0
13,14311,427.0
13,14337,427.0
13,14353,427.0
13,14381,427.0
13,14409,427.0
13,14435,427.0
13,14463,427.0
13,14481,427.0
13,14499,427.0
13,14515,427.0
13,14529,427.0
13,14557,427.0
13,14571,427.0
13,14603,427.0
13,14631,427.0
13,14645,427.0
13,14673,427.0
13,14701,427.0
13,14703,427.0
13,14717,427.0
13,14737,427.0
13,14767,427.0
13,14781,427.0
13,14809,427.0
13,14811,427.0
13,14825,427.0
13,14827,427.0
13,14843,427.0
13,14857,427.0
13,14871,427.0
13,14885,427.0
13,14899,427.0
13,14913,427.0
13,14945,427.0
13,14947,427.0
13,14963,427.0
13,14989,427.0
13,15005,427.0
13,15031,427.0
13,15045,427.0
13,15073,427.0
13,15101,427.0
13,15115,427.0
13,15133,427.0
13,15147,427.0
13,15161,427.0
13,15189,427.0
13,15203,427.0
13,15229,427.0
13,15247,427.0
13,15249,427.0
13,15275,427.0
13,15289,427.0
13,15319,427.0
13,15335,427.0
13,15367,427.0
13,15369,427.0
13,15371,427.0
13,15399,427.0
13,15415,427.0
13,15433,427.0
13,15463,427.0
13,15465,427.0
13,15467,427.0
13,15493,427.0
13,15519,427.0
13,15533,427.0
13,15549,427.0
13,15577,427.0
13,15605,427.0
13,15637,427.0
13,15663,427.0
13,15665,427.0
13,15679,427.0
13,15707,427.0
13,15709,427.0
13,15737,427.0
13,15763,427.0
13,15777,427.0
13,15791,427.0
13,15807,427.0
13,15821,427.0
13,15835,427.0
13,15849,427.0
13,15879,427.0
13,15909,427.0
13,15941,427.0
13,15967,429.0
13,15983,429.0
13,15997,429.0
13,15999,429.0
13,16013,429.0
13,16031,429.0
13,16033,429.0
13,16059,429.0
13,16073,429.0
13,16089,429.0
13,16115,429.0
13,16129,429.0
13,16157,429.0
13,16173,429.0
13,16189,429.0
13,16203,429.0
13,16217,429.0
13,16233,429.0
13,16259,429.0
13,16285,429.0
13,16287,429.0
13,16303,429.0
13,16317,429.0
13,16343,429.0
13,16369,429.0
13,16395,429.0
13,16413,429.0
13,16445,429.0
13,16459,429.0
13,16487,429.0
13,16503,429.0
13,16533,429.0
13,16535,429.0
13,16565,429.0
13,16593,429.0
13,16607,429.0
13,16635,429.0
13,16651,429.0
13,16681,429.0
13,16709,429.0
13,16735,429.0
13,16753,429.0
13,16769,429.0
13,16783,429.0
13,16813,429.0
13,16815,429.0
13,16841,429.0
13,16871,429.0
13,16897,429.0
13,16925,429.0
13,16951,429.0
13,16977,429.0
13,16991,429.0
13,16993,429.0
13,17019,429.0
13,17021,429.0
13,17037,429.0
13,17053,429.0
13,17071,429.0
13,17089,429.0
13,17103,429.0
13,17119,429.0
13,17145,429.0
13,17159,429.0
13,17173,429.0
13,17189,429.0
13,17191,429.0
13,17205,429.0
13,17235,429.0
13,17237,429.0
13,17251,429.0
13,17265,429.0
13,17267,429.0
13,17293,429.0
13,17307,429.0
13,17323,429.0
13,17337,429.0
13,17351,429.0
13,17379,429.0
13,17405,432.0
13,17419,432.0
13,17433,432.0
13,17435,432.0
13,17453,432.0
13,17455,432.0
13,17469,432.0
13,17483,432.0
13,17513,432.0
13,17527,432.0
13,17553,432.0
13,17581,432.0
13,17595,432.0
13,17609,432.0
13,17637,432.0
13,17651,432.0
13,17653,432.0
13,17669,432.0
13,17697,432.0
13,17711,432.0
13,17729,432.0
13,17755,432.0
13,17769,432.0
13,17783,432.0
13,17797,432.0
13,17799,432.0
13,17813,432.0
13,17839,432.0
13,17853,432.0
13,17881,432.0
13,17895,432.0
13,17909,432.0
13,17941,432.0
13,17959,432.0
13,17987,432.0
13,18013,432.0
13,18027,432.0
13,18057,432.0
13,18071,432.0
13,18073,432.0
13,18087,432.0
13,18113,432.0
13,18141,432.0
13,18155,432.0
13,18185,432.0
13,18199,432.0
13,18227,432.0
13,18247,432.0
13,18263,432.0
13,18295,432.0
13,18325,432.0
13,18343,432.0
13,18371,432.0
13,18373,432.0
13,18403,432.0
13,18405,432.0
13,18431,432.0
13,18457,432.0
13,18487,432.0
13,18489,432.0
13,18507,432.0
13,18525,432.0
13,18539,432.0
13,18565,432.0
13,18567,432.0
13,18583,432.0
13,18585,432.0
13,18599,432.0
13,18613,432.0
13,18639,432.0
13,18669,432.0
14,8738,318.0
14,8752,318.0
14,8768,318.0
14,8794,318.0
14,8816,318.0
14,8848,318.0
14,9309,318.0
14,9325,318.0
14,9339,347.0
14,9353,347.0
14,9367,347.0
14,9395,347.0
14,9425,347.0
14,9427,347.0
14,9429,347.0
14,9449,347.0
14,9451,347.0
14,9477,347.0
14,9495,347.0
14,9521,347.0
14,9549,347.0
14,9563,347.0
14,9589,347.0
14,9591,347.0
14,9593,347.0
14,9607,347.0
14,9609,347.0
14,9623,347.0
14,9651,347.0
14,9653,347.0
14,9667,347.0
14,9685,361.0
14,9699,361.0
14,9717,361.0
14,9745,361.0
14,9759,361.0
14,9793,361.0
14,9807,361.0
14,9821,361.0
14,9823,361.0
14,9837,367.0
14,9863,380.0
14,9889,380.0
14,9905,380.0
14,9935,380.0
14,9951,380.0
14,9953,380.0
14,9981,380.0
14,9995,380.0
14,9997,380.0
14,10027,380.0
14,10029,380.0
14,10045,380.0
14,10073,380.0
14,10101,380.0
14,10117,380.0
14,10133,380.0
14,10149,380.0
14,10175,380.0
14,10205,380.0
14,10221,380.0
14,10249,385.0
14,10279,385.0
14,10293,385.0
14,10325,385.0
14,10355,385.0
14,10381,387.0
14,10397,387.0
14,10411,387.0
14,10429,387.0
14,10455,387.0
14,10485,387.0
14,10487,387.0
14,10501,387.0
14,10517,387.0
14,10533,387.0
14,10559,387.0
14,10585,387.0
14,10599,387.0
14,10633,387.0
14,10661,387.0
14,10689,387.0
14,10715,399.0
14,10717,399.0
14,10745,399.0
14,10747,399.0
14,10765,399.0
14,10791,399.0
14,10805,399.0
14,10819,399.0
14,10821,399.0
14,10835,399.0
14,10849,399.0
14,10867,399.0
14,10883,399.0
14,10899,399.0
14,10913,399.0
14,10927,399.0
14,10941,399.0
14,10969,399.0
14,10999,399.0
14,11013,399.0
14,11015,399.0
14,11017,399.0
14,11033,399.0
14,11047,399.0
14,11073,399.0
14,11087,399.0
14,11101,399.0
14,11117,399.0
14,11145,399.0
14,11159,399.0
14,11173,399.0
14,11187,399.0
14,11189,399.0
14,11205,399.0
14,11219,399.0
14,11221,399.0
14,11247,399.0
14,11249,399.0
14,11251,399.0
14,11267,399.0
14,11293,403.0
14,11321,403.0
14,11353,403.0
14,11381,403.0
14,11397,403.0
14,11423,403.0
14,11425,403.0
14,11439,403.0
14,11441,403.0
14,11455,403.0
14,11485,403.0
14,11499,403.0
14,11501,403.0
14,11519,403.0
14,11545,403.0
14,11573,403.0
14,11589,403.0
14,11617,403.0
14,11631,403.0
14,11633,403.0
14,11647,403.0
14,11649,403.0
14,11663,405.0
14,11693,405.0
14,11707,405.0
14,11723,405.0
14,11751,405.0
14,11767,405.0
14,11793,405.0
14,11823,408.0
14,11859,408.0
14,11885,408.0
14,11899,408.0
14,11913,408.0
14,11929,408.0
14,11961,408.0
14,11989,408.0
14,12003,408.0
14,12017,408.0
14,12033,408.0
14,12035,408.0
14,12065,408.0
14,12091,408.0
14,12093,408.0
14,12109,408.0
14,12125,408.0
14,12155,408.0
14,12185,408.0
14,12201,408.0
14,12203,408.0
14,12217,408.0
14,12219,408.0
14,12221,408.0
14,12249,408.0
14,12265,408.0
14,12279,408.0
14,12307,408.0
14,12321,408.0
14,12335,408.0
14,12349,408.0
14,12369,408.0
14,12385,408.0
14,12401,408.0
14,12429,408.0
14,12447,408.0
14,12475,408.0
14,12503,408.0
14,12517,408.0
14,12531,408.0
14,12533,408.0
14,12559,408.0
14,12573,408.0
14,12587,409.0
14,12615,409.0
14,12629,409.0
14,12631,409.0
14,12645,409.0
14,12661,409.0
14,12689,409.0
14,12703,409.0
14,12721,409.0
14,12735,409.0
14,12753,409.0
14,12779,409.0
14,12811,409.0
14,12813,409.0
14,12827,409.0
14,12855,409.0
14,12869,409.0
14,12895,409.0
14,12909,409.0
14,12935,410.0
14,12937,410.0
14,12967,410.0
14,12995,410.0
14,13009,410.0
14,13035,410.0
14,13063,410.0
14,13077,410.0
14,13091,410.0
14,13105,410.0
14,13139,410.0
14,13141,410.0
14,13155,410.0
14,13175,410.0
14,13189,419.0
14,13191,419.0
14,13207,419.0
14,13223,419.0
14,13251,419.0
14,13277,419.0
14,13293,419.0
14,13307,419.0
14,13335,419.0
14,13361,419.0
14,13363,419.0
14,13389,419.0
14,13419,419.0
14,13433,419.0
14,13435,419.0
14,13437,419.0
14,13451,419.0
14,13453,419.0
14,13467,419.0
14,13481,419.0
14,13495,419.0
14,13525,419.0
14,13553,419.0
14,13575,419.0
14,13591,419.0
14,13605,419.0
14,13635,419.0
14,13637,419.0
14,13665,419.0
14,13681,419.0
14,13711,419.0
14,13727,419.0
14,13741,419.0
14,13743,419.0
14,13745,419.0
14,13761,419.0
14,13775,419.0
14,13789,419.0
14,13791,419.0
14,13821,419.0
14,13823,419.0
14,13837,419.0
14,13853,419.0
14,13867,419.0
14,13885,419.0
14,13911,419.0
14,13925,419.0
14,13939,419.0
14,13953,419.0
14,13955,419.0
14,13969,419.0
14,13983,419.0
14,13997,419.0
14,14029,419.0
14,14045,419.0
14,14047,419.0
14,14061,422.0
14,14077,422.0
14,14103,422.0
14,14119,422.0
14,14135,422.0
14,14149,422.0
14,14165,422.0
14,14167,422.0
14,14199,422.0
14,14231,422.0
14,14245,422.0
14,14259,422.0
14,14261,422.0
14,14291,422.0
14,14293,422.0
14,14325,422.0
14,14339,422.0
14,14367,422.0
14,14395,422.0
14,14421,422.0
14,14435,422.0
14,14449,422.0
14,14465,422.0
14,14479,422.0
14,14511,422.0
14,14541,422.0
14,14543,422.0
14,14557,422.0
14,14583,422.0
14,14597,422.0
14,14611,422.0
14,14641,422.0
14,14667,422.0
14,14669,422.0
14,14683,422.0
14,14697,422.0
14,14699,422.0
14,14713,422.0
14,14741,422.0
14,14755,422.0
14,14781,422.0
14,14811,422.0
14,14829,422.0
14,14843,422.0
14,14863,422.0
14,14889,422.0
14,14903,422.0
14,14919,422.0
14,14933,422.0
14,14947,422.0
14,14975,422.0
14,14989,422.0
14,15015,422.0
14,15031,422.0
14,15057,422.0
14,15073,422.0
14,15103,422.0
14,15105,422.0
14,15107,422.0
14,15121,422.0
14,15149,422.0
14,15167,422.0
14,15181,422.0
14,15207,422.0
14,15223,422.0
14,15251,422.0
14,15277,422.0
14,15291,422.0
14,15305,422.0
14,15331,422.0
14,15345,422.0
14,15371,422.0
14,15387,422.0
14,15401,422.0
14,15429,422.0
14,15457,422.0
14,15471,422.0
14,15497,423.0
14,15513,423.0
14,15541,423.0
14,15575,423.0
14,15605,423.0
14,15635,423.0
14,15637,423.0
14,15639,423.0
14,15665,423.0
14,15667,423.0
14,15695,423.0
14,15709,423.0
14,15711,423.0
14,15739,423.0
14,15753,423.0
14,15755,423.0
14,15783,423.0
14,15813,423.0
14,15827,423.0
14,15843,423.0
14,15873,423.0
14,15901,423.0
14,15903,423.0
14,15905,423.0
14,15921,423.0
14,15949,423.0
14,15951,423.0
14,15965,423.0
14,15991,423.0
14,16009,423.0
14,16023,423.0
14,16049,423.0
14,16063,423.0
14,16065,423.0
14,16079,423.0
14,16107,423.0
14,16139,423.0
14,16141,423.0
14,16155,423.0
14,16183,423.0
14,16185,423.0
14,16211,423.0
14,16239,423.0
14,16265,423.0
14,16291,423.0
14,16305,423.0
14,16307,423.0
14,16321,423.0
14,16337,423.0
14,16339,423.0
14,16365,423.0
14,16393,423.0
14,16395,423.0
14,16409,423.0
14,16425,423.0
14,16453,423.0
14,16479,423.0
14,16481,423.0
14,16509,423.0
14,16523,423.0
14,16549,423.0
14,16563,423.0
14,16565,423.0
14,16579,423.0
14,16609,423.0
14,16623,423.0
14,16649,423.0
14,16663,423.0
14,16679,423.0
14,16695,423.0
14,16729,423.0
14,16757,423.0
14,16771,423.0
14,16785,423.0
14,16805,423.0
14,16819,423.0
14,16821,423.0
14,16847,423.0
14,16875,423.0
14,16877,423.0
14,16879,423.0
14,16893,423.0
14,16907,423.0
14,16935,423.0
14,16951,423.0
14,16977,423.0
14,17005,423.0
14,17033,423.0
14,17069,423.0
14,17099,423.0
14,17113,423.0
14,17141,425.0
14,17159,425.0
14,17191,425.0
14,17205,425.0
14,17221,425.0
14,17235,425.0
14,17249,425.0
14,17251,425.0
14,17267,425.0
14,17281,425.0
14,17307,426.0
14,17335,426.0
14,17365,426.0
14,17381,426.0
14,17399,426.0
14,17419,426.0
14,17433,426.0
14,17447,426.0
14,17461,426.0
14,17475,426.0
14,17503,426.0
14,17531,426.0
14,17545,426.0
14,17571,426.0
14,17573,426.0
14,17589,426.0
14,17617,426.0
14,17635,426.0
14,17649,426.0
14,17663,426.0
14,17677,426.0
14,17707,426.0
14,17721,426.0
14,17735,426.0
14,17751,426.0
14,17767,426.0
14,17793,426.0
14,17819,426.0
14,17837,426.0
14,17839,426.0
14,17869,426.0
14,17871,426.0
14,17901,426.0
14,17917,426.0
14,17945,426.0
14,17975,426.0
14,18005,426.0
14,18037,426.0
14,18039,426.0
14,18065,426.0
14,18081,426.0
14,18083,426.0
14,18099,426.0
14,18125,426.0
14,18153,426.0
14,18181,426.0
14,18207,426.0
14,18233,426.0
14,18235,426.0
14,18251,426.0
14,18253,426.0
14,18267,426.0
14,18283,426.0
14,18297,426.0
14,18299,426.0
14,18313,426.0
14,18315,426.0
14,18341,426.0
14,18355,426.0
14,18371,426.0
14,18385,426.0
14,18415,426.0
14,18417,426.0
14,18449,426.0
14,18451,426.0
14,18465,426.0
14,18479,426.0
14,18481,426.0
14,18495,426.0
14,18509,426.0
14,18535,426.0
14,18549,426.0
14,18563,426.0
14,18589,426.0
14,18605,426.0
14,18619,426.0
14,18621,426.0
14,18649,426.0
14,18665,426.0
14,18683,426.0
14,18697,426.0
14,18723,426.0
14,18751,426.0
15,8844,286.0
15,8858,302.0
15,8860,302.0
15,9267,310.0
15,9281,311.0
15,9309,311.0
15,9325,311.0
15,9339,311.0
15,9367,311.0
15,9381,311.0
15,9411,311.0
15,9425,311.0
15,9439,311.0
15,9467,311.0
15,9483,311.0
15,9501,311.0
15,9515,311.0
15,9529,326.0
15,9543,326.0
15,9569,326.0
15,9585,326.0
15,9615,326.0
15,9629,326.0
15,9643,326.0
15,9671,341.0
15,9699,352.0
15,9729,352.0
15,9743,352.0
15,9757,352.0
15,9773,352.0
15,9787,352.0
15,9815,352.0
15,9829,352.0
15,9855,352.0
15,9881,371.0
15,9911,371.0
15,9941,374.0
15,9969,374.0
15,9985,374.0
15,10015,374.0
15,10035,374.0
15,10061,374.0
15,10063,374.0
15,10079,374.0
15,10107,374.0
15,10133,380.0
15,10159,380.0
15,10175,380.0
15,10201,380.0
15,10203,380.0
15,10219,380.0
15,10233,380.0
15,10261,380.0
15,10275,380.0
15,10301,380.0
15,10327,380.0
15,10329,380.0
15,10343,380.0
15,10363,380.0
15,10377,394.0
15,10391,394.0
15,10419,394.0
15,10433,394.0
15,10461,396.0
15,10475,396.0
15,10501,396.0
15,10519,396.0
15,10545,396.0
15,10561,396.0
15,10591,396.0
15,10617,396.0
15,10645,396.0
15,10659,396.0
15,10689,396.0
15,10715,396.0
15,10717,396.0
15,10733,396.0
15,10765,396.0
15,10783,396.0
15,10797,403.0
15,10817,403.0
15,10835,403.0
15,10863,403.0
15,10893,403.0
15,10907,404.0
15,10909,404.0
15,10935,404.0
15,10949,404.0
15,10979,404.0
15,11007,404.0
15,11033,404.0
15,11059,404.0
15,11093,404.0
15,11119,404.0
15,11121,404.0
15,11137,404.0
15,11163,404.0
15,11191,404.0
15,11209,404.0
15,11225,404.0
15,11253,413.0
15,11267,413.0
15,11283,413.0
15,11299,413.0
15,11301,413.0
15,11317,413.0
15,11345,413.0
15,11359,413.0
15,11373,413.0
15,11375,413.0
15,11401,413.0
15,11417,413.0
15,11419,413.0
15,11435,413.0
15,11461,413.0
15,11487,413.0
15,11501,413.0
15,11503,413.0
15,11519,413.0
15,11535,413.0
15,11551,413.0
15,11565,413.0
15,11583,413.0
15,11611,413.0
15,11627,413.0
15,11643,413.0
15,11671,414.0
15,11697,415.0
15,11711,415.0
15,11737,415.0
15,11765,415.0
15,11793,415.0
15,11811,415.0
15,11825,415.0
15,11839,415.0
15,11853,415.0
15,11879,415.0
15,11907,415.0
15,11921,415.0
15,11923,415.0
15,11937,415.0
15,11955,415.0
15,11957,415.0
15,11989,415.0
15,12003,415.0
15,12005,415.0
15,12007,415.0
15,12021,415.0
15,12035,415.0
15,12063,415.0
15,12091,415.0
15,12123,415.0
15,12137,415.0
15,12153,415.0
15,12167,415.0
15,12193,415.0
15,12219,415.0
15,12233,415.0
15,12249,415.0
15,12251,415.0
15,12265,415.0
15,12293,415.0
15,12295,415.0
15,12321,415.0
15,12323,415.0
15,12349,415.0
15,12351,415.0
15,12379,415.0
15,12405,415.0
15,12419,415.0
15,12447,415.0
15,12465,415.0
15,12479,415.0
15,12507,415.0
15,12535,415.0
15,12549,415.0
15,12563,415.0
15,12593,415.0
15,12625,415.0
15,12639,415.0
15,12669,415.0
15,12695,415.0
15,12697,415.0
15,12711,415.0
15,12743,415.0
15,12745,415.0
15,12775,415.0
15,12791,415.0
15,12805,415.0
15,12819,415.0
15,12837,415.0
15,12851,415.0
15,12867,415.0
15,12895,415.0
15,12897,415.0
15,12925,415.0
15,12951,415.0
15,12983,415.0
15,12985,415.0
15,13015,415.0
15,13041,415.0
15,13071,415.0
15,13097,415.0
15,13113,415.0
15,13131,415.0
15,13157,417.0
15,13173,417.0
15,13189,417.0
15,13191,417.0
15,13205,417.0
15,13233,417.0
15,13263,417.0
15,13265,417.0
15,13291,417.0
15,13323,417.0
15,13337,417.0
15,13351,417.0
15,13379,417.0
15,13395,417.0
15,13425,417.0
15,13441,417.0
15,13443,417.0
15,13457,417.0
15,13471,417.0
15,13503,417.0
15,13529,417.0
15,13557,417.0
15,13559,417.0
15,13573,417.0
15,13589,417.0
15,13619,417.0
15,13621,417.0
15,13649,417.0
15,13679,417.0
15,13707,417.0
15,13709,417.0
15,13737,417.0
15,13767,417.0
15,13797,417.0
15,13811,417.0
15,13813,417.0
15,13841,417.0
15,13869,417.0
15,13895,417.0
15,13909,417.0
15,13923,417.0
15,13939,417.0
15,13965,420.0
15,13967,420.0
15,13969,420.0
15,13997,420.0
15,14011,420.0
15,14013,420.0
15,14041,420.0
15,14067,420.0
15,14095,420.0
15,14109,420.0
15,14111,420.0
15,14125,420.0
15,14139,420.0
15,14155,420.0
15,14171,420.0
15,14199,420.0
15,14213,420.0
15,14227,420.0
15,14255,420.0
15,14281,420.0
15,14297,420.0
15,14299,420.0
15,14313,420.0
15,14315,420.0
15,14333,420.0
15,14347,420.0
15,14349,420.0
15,14375,422.0
15,14377,422.0
15,14379,422.0
15,14411,422.0
15,14441,422.0
15,14469,422.0
15,14483,422.0
15,14497,422.0
15,14527,427.0
15,14545,427.0
15,14547,427.0
15,14573,427.0
15,14587,427.0
15,14603,427.0
15,14605,427.0
15,14607,427.0
15,14621,427.0
15,14635,427.0
15,14649,427.0
15,14663,427.0
15,14677,427.0
15,14693,427.0
15,14709,427.0
15,14723,427.0
15,14749,427.0
15,14763,427.0
15,14777,427.0
15,14793,427.0
15,14807,427.0
15,14839,427.0
15,14853,427.0
15,14867,427.0
15,14883,427.0
15,14905,427.0
15,14931,427.0
15,14961,427.0
15,14975,427.0
15,14989,427.0
15,15005,427.0
15,15007,427.0
15,15021,427.0
15,15035,427.0
15,15063,427.0
15,15089,427.0
15,15125,427.0
15,15139,427.0
15,15167,427.0
15,15183,427.0
15,15199,427.0
15,15227,427.0
15,15253,427.0
15,15279,427.0
15,15293,427.0
15,15325,427.0
15,15341,427.0
15,15355,427.0
15,15369,427.0
15,15395,427.0
15,15425,427.0
15,15439,427.0
15,15465,427.0
15,15479,427.0
15,15493,427.0
15,15495,427.0
15,15497,427.0
15,15513,427.0
15,15539,427.0
15,15553,427.0
15,15555,427.0
15,15583,427.0
15,15611,427.0
15,15627,427.0
15,15657,427.0
15,15689,427.0
15,15717,427.0
15,15745,427.0
15,15773,427.0
15,15787,427.0
15,15803,427.0
15,15805,427.0
15,15833,427.0
15,15849,427.0
15,15851,427.0
15,15853,427.0
15,15869,427.0
15,15885,427.0
15,15911,427.0
15,15939,427.0
15,15965,427.0
15,15979,427.0
15,16009,427.0
15,16023,427.0
15,16053,427.0
15,16067,427.0
15,16081,427.0
15,16097,427.0
15,16115,427.0
15,16143,427.0
15,16157,427.0
15,16171,427.0
15,16203,427.0
15,16235,427.0
15,16263,427.0
15,16281,427.0
15,16307,427.0
15,16309,427.0
15,16323,427.0
15,16349,427.0
15,16363,427.0
15,16391,427.0
15,16405,427.0
15,16431,427.0
15,16459,427.0
15,16487,427.0
15,16513,427.0
15,16527,427.0
15,16541,427.0
15,16569,427.0
15,16587,427.0
15,16603,427.0
15,16605,427.0
15,16623,427.0
15,16651,427.0
15,16665,427.0
15,16691,427.0
15,16717,427.0
15,16731,427.0
15,16745,427.0
15,16771,427.0
15,16799,427.0
15,16827,427.0
15,16841,427.0
15,16867,427.0
15,16881,427.0
15,16907,427.0
15,16921,427.0
15,16935,427.0
15,16965,427.0
15,16979,427.0
15,16993,427.0
15,17007,427.0
15,17033,427.0
15,17061,427.0
15,17091,427.0
15,17123,427.0
15,17151,427.0
15,17167,427.0
15,17169,427.0
15,17195,427.0
15,17211,427.0
15,17213,427.0
15,17241,427.0
15,17269,427.0
15,17271,427.0
15,17299,427.0
15,17315,427.0
15,17343,427.0
15,17357,427.0
15,17371,427.0
15,17373,427.0
15,17375,427.0
15,17395,427.0
15,17411,427.0
15,17413,427.0
15,17427,427.0
15,17441,427.0
15,17443,427.0
15,17457,427.0
15,17471,427.0
15,17499,427.0
15,17501,427.0
15,17531,427.0
15,17545,430.0
15,17559,430.0
15,17573,430.0
15,17575,430.0
15,17603,430.0
15,17617,430.0
15,17631,430.0
15,17633,430.0
15,17661,430.0
15,17677,430.0
15,17713,430.0
15,17729,430.0
15,17731,430.0
15,17759,430.0
15,17773,430.0
15,17799,430.0
15,17815,430.0
15,17817,430.0
15,17837,430.0
15,17853,430.0
15,17869,430.0
15,17885,430.0
15,17899,430.0
15,17925,430.0
15,17927,430.0
15,17953,430.0
15,17981,430.0
15,18009,430.0
15,18025,430.0
15,18055,430.0
15,18083,430.0
15,18099,430.0
15,18117,430.0
15,18143,430.0
15,18145,430.0
15,18159,430.0
15,18179,430.0
15,18195,430.0
15,18225,430.0
15,18227,430.0
15,18257,430.0
15,18259,430.0
15,18287,430.0
15,18305,430.0
15,18333,430.0
15,18335,430.0
15,18349,430.0
15,18351,430.0
15,18377,430.0
15,18403,430.0
15,18431,430.0
15,18445,430.0
15,18475,430.0
15,18491,430.0
15,18517,430.0
15,18533,430.0
15,18549,430.0
15,18563,430.0
15,18577,430.0
15,18603,430.0
15,18617,430.0
15,18645,430.0
15,18671,430.0
15,18685,430.0
15,18711,430.0
15,18727,430.0
15,18741,430.0
15,18743,430.0
15,18757,430.0
15,18777,430.0
15,18791,430.0
15,18805,430.0
15,18821,430.0
16,8838,302.0
16,8870,326.0
16,8872,326.0
16,8888,326.0
16,8914,326.0
16,8916,326.0
16,8930,326.0
16,8960,326.0
16,8976,326.0
16,9006,326.0
16,9032,326.0
16,9054,326.0
16,9527,326.0
16,9553,341.0
16,9555,341.0
16,9557,341.0
16,9587,356.0
16,9601,356.0
16,9617,356.0
16,9619,356.0
16,9649,356.0
16,9679,356.0
16,9695,356.0
16,9711,356.0
16,9745,356.0
16,9771,356.0
16,9799,356.0
16,9829,356.0
16,9855,356.0
16,9869,356.0
16,9897,356.0
16,9899,356.0
16,9913,356.0
16,9931,356.0
16,9945,356.0
16,9975,368.0
16,9977,368.0
16,9979,368.0
16,10007,368.0
16,10033,377.0
16,10047,377.0
16,10063,377.0
16,10065,377.0
16,10095,377.0
16,10109,377.0
16,10123,377.0
16,10125,377.0
16,10141,377.0
16,10169,377.0
16,10197,377.0
16,10225,390.0
16,10227,390.0
16,10255,390.0
16,10269,390.0
16,10283,390.0
16,10309,390.0
16,10341,390.0
16,10369,390.0
16,10383,390.0
16,10397,390.0
16,10423,390.0
16,10451,395.0
16,10465,395.0
16,10479,395.0
16,10509,395.0
16,10523,395.0
16,10553,395.0
16,10567,395.0
16,10593,395.0
16,10615,395.0
16,10631,395.0
16,10663,395.0
16,10665,395.0
16,10693,395.0
16,10709,395.0
16,10711,395.0
16,10731,395.0
16,10745,395.0
16,10777,395.0
16,10803,395.0
16,10821,395.0
16,10841,395.0
16,10869,399.0
16,10897,399.0
16,10913,399.0
16,10931,399.0
16,10947,399.0
16,10973,399.0
16,10987,399.0
16,11001,399.0
16,11015,399.0
16,11017,399.0
16,11019,399.0
16,11045,399.0
16,11071,399.0
16,11089,399.0
16,11103,399.0
16,11105,399.0
16,11121,399.0
16,11149,399.0
16,11175,399.0
16,11205,399.0
16,11219,399.0
16,11221,399.0
16,11235,399.0
16,11237,399.0
16,11239,399.0
16,11253,399.0
16,11267,399.0
16,11269,399.0
16,11283,399.0
16,11285,399.0
16,11313,399.0
16,11341,399.0
16,11371,399.0
16,11385,399.0
16,11399,399.0
16,11401,399.0
16,11417,399.0
16,11447,399.0
16,11477,399.0
16,11505,399.0
16,11521,399.0
16,11547,399.0
16,11549,399.0
16,11551,399.0
16,11553,399.0
16,11589,399.0
16,11605,399.0
16,11619,399.0
16,11645,399.0
16,11659,399.0
16,11677,399.0
16,11703,399.0
16,11719,399.0
16,11721,399.0
16,11723,399.0
16,11739,399.0
16,11765,399.0
16,11767,399.0
16,11769,399.0
16,11771,399.0
16,11791,399.0
16,11793,399.0
16,11823,399.0
16,11825,399.0
16,11839,399.0
16,11865,399.0
16,11891,399.0
16,11917,399.0
16,11933,399.0
16,11967,399.0
16,11981,399.0
16,12009,399.0
16,12025,399.0
16,12053,399.0
16,12081,399.0
16,12107,399.0
16,12135,399.0
16,12149,399.0
16,12179,399.0
16,12207,399.0
16,12235,399.0
16,12249,401.0
16,12275,401.0
16,12289,401.0
16,12315,401.0
16,12341,401.0
16,12357,401.0
16,12385,401.0
16,12419,401.0
16,12449,401.0
16,12463,401.0
16,12465,401.0
16,12467,401.0
16,12481,401.0
16,12483,401.0
16,12497,401.0
16,12523,401.0
16,12553,401.0
16,12567,401.0
16,12595,401.0
16,12609,401.0
16,12635,401.0
16,12661,410.0
16,12675,410.0
16,12691,410.0
16,12719,410.0
16,12747,410.0
16,12761,410.0
16,12763,410.0
16,12777,410.0
16,12791,410.0
16,12817,418.0
16,12847,418.0
16,12875,418.0
16,12905,418.0
16,12933,418.0
16,12947,418.0
16,12963,418.0
16,12991,418.0
16,13005,420.0
16,13019,420.0
16,13033,420.0
16,13047,420.0
16,13075,420.0
16,13091,420.0
16,13119,420.0
16,13145,420.0
16,13159,420.0
16,13161,420.0
16,13177,420.0
16,13191,420.0
16,13217,420.0
16,13245,420.0
16,13261,420.0
16,13275,420.0
16,13301,420.0
16,13315,420.0
16,13341,424.0
16,13357,424.0
16,13383,424.0
16,13385,424.0
16,13405,424.0
16,13433,424.0
16,13449,424.0
16,13475,424.0
16,13491,424.0
16,13507,424.0
16,13521,424.0
16,13537,424.0
16,13551,424.0
16,13569,424.0
16,13583,424.0
16,13597,424.0
16,13599,424.0
16,13625,424.0
16,13651,424.0
16,13677,424.0
16,13691,424.0
16,13705,424.0
16,13719,424.0
16,13751,424.0
16,13767,424.0
16,13769,424.0
16,13771,424.0
16,13773,424.0
16,13775,424.0
16,13789,424.0
16,13803,424.0
16,13805,424.0
16,13825,424.0
16,13843,424.0
16,13845,424.0
16,13861,424.0
16,13863,424.0
16,13877,424.0
16,13899,424.0
16,13913,424.0
16,13927,424.0
16,13941,425.0
16,13969,425.0
16,13995,425.0
16,13997,425.0
16,14023,425.0
16,14051,425.0
16,14079,425.0
16,14095,425.0
16,14109,425.0
16,14137,426.0
16,14153,426.0
16,14155,426.0
16,14183,426.0
16,14197,426.0
16,14213,426.0
16,14239,426.0
16,14241,426.0
16,14269,426.0
16,14283,426.0
16,14311,426.0
16,14341,426.0
16,14355,426.0
16,14369,426.0
16,14397,426.0
16,14411,426.0
16,14439,426.0
16,14453,426.0
16,14467,426.0
16,14483,426.0
16,14509,426.0
16,14525,426.0
16,14527,426.0
16,14543,426.0
16,14557,426.0
16,14583,426.0
16,14597,428.0
16,14617,428.0
16,14631,428.0
16,14661,428.0
16,14675,428.0
16,14707,428.0
16,14723,428.0
16,14725,428.0
16,14741,428.0
16,14757,428.0
16,14771,428.0
16,14799,428.0
16,14815,428.0
16,14843,428.0
16,14875,428.0
16,14901,428.0
16,14915,428.0
16,14917,428.0
16,14943,428.0
16,14957,428.0
16,14983,428.0
16,15011,428.0
16,15027,428.0
16,15043,428.0
16,15069,428.0
16,15095,428.0
16,15111,428.0
16,15113,428.0
16,15145,428.0
16,15159,428.0
16,15175,428.0
16,15177,428.0
16,15197,428.0
16,15211,428.0
16,15225,428.0
16,15243,428.0
16,15259,428.0
16,15277,428.0
16,15291,428.0
16,15317,428.0
16,15331,428.0
16,15333,428.0
16,15347,428.0
16,15349,428.0
16,15377,428.0
16,15391,428.0
16,15421,428.0
16,15423,428.0
16,15453,428.0
16,15479,428.0
16,15507,428.0
16,15521,428.0
16,15535,428.0
16,15563,428.0
16,15565,428.0
16,15579,429.0
16,15609,429.0
16,15623,429.0
16,15649,429.0
16,15679,429.0
16,15681,429.0
16,15695,429.0
16,15721,429.0
16,15751,429.0
16,15779,429.0
16,15807,429.0
16,15835,429.0
16,15837,429.0
16,15865,429.0
16,15867,429.0
16,15869,429.0
16,15887,429.0
16,15913,429.0
16,15941,429.0
16,15969,429.0
16,15985,429.0
16,16011,429.0
16,16025,429.0
16,16027,429.0
16,16029,429.0
16,16045,429.0
16,16047,429.0
16,16073,429.0
16,16087,429.0
16,16123,429.0
16,16137,429.0
16,16139,429.0
16,16153,429.0
16,16155,429.0
16,16183,429.0
16,16209,429.0
16,16241,429.0
16,16273,429.0
16,16303,429.0
16,16317,429.0
16,16331,429.0
16,16333,429.0
16,16363,429.0
16,16377,429.0
16,16391,429.0
16,16405,429.0
16,16423,429.0
16,16451,429.0
16,16479,429.0
16,16495,429.0
16,16511,429.0
16,16539,430.0
16,16565,430.0
16,16579,430.0
16,16607,430.0
16,16623,430.0
16,16637,430.0
16,16659,430.0
16,16677,430.0
16,16707,430.0
16,16721,430.0
16,16723,430.0
16,16753,430.0
16,16781,430.0
16,16809,430.0
16,16837,430.0
16,16839,430.0
16,16869,430.0
16,16897,430.0
16,16915,430.0
16,16931,430.0
16,16933,430.0
16,16935,430.0
16,16963,430.0
16,16977,430.0
16,16991,430.0
16,17019,430.0
16,17045,430.0
16,17073,430.0
16,17087,430.0
16,17089,430.0
16,17091,430.0
16,17105,430.0
16,17121,430.0
16,17135,430.0
16,17151,430.0
16,17165,430.0
16,17167,430.0
16,17181,430.0
16,17211,430.0
16,17237,430.0
16,17239,430.0
16,17253,430.0
16,17291,430.0
16,17305,430.0
16,17307,430.0
16,17323,430.0
16,17355,430.0
16,17369,430.0
16,17383,430.0
16,17397,430.0
16,17411,430.0
16,17427,430.0
16,17453,430.0
16,17481,430.0
16,17495,430.0
16,17509,430.0
16,17541,430.0
16,17557,430.0
16,17573,430.0
16,17575,430.0
16,17591,430.0
16,17617,430.0
16,17643,430.0
16,17671,430.0
16,17697,430.0
16,17711,430.0
16,17725,430.0
16,17755,430.0
16,17773,430.0
16,17775,430.0
16,17793,430.0
16,17807,430.0
16,17839,430.0
16,17853,430.0
16,17869,430.0
16,17883,430.0
16,17885,430.0
16,17899,430.0
16,17929,430.0
16,17931,430.0
16,17957,430.0
16,17973,430.0
16,17975,430.0
16,17989,430.0
16,17991,430.0
16,18005,430.0
16,18035,430.0
16,18051,430.0
16,18065,430.0
16,18095,430.0
16,18131,430.0
16,18157,430.0
16,18185,430.0
16,18203,430.0
16,18233,430.0
16,18235,430.0
16,18261,430.0
16,18275,430.0
16,18293,430.0
16,18307,430.0
16,18337,430.0
16,18353,430.0
16,18381,430.0
16,18383,430.0
16,18397,430.0
16,18427,430.0
16,18443,430.0
16,18445,430.0
16,18459,430.0
16,18473,430.0
16,18499,430.0
16,18525,430.0
16,18539,430.0
16,18559,430.0
16,18575,430.0
16,18603,430.0
16,18631,430.0
16,18647,430.0
16,18673,430.0
16,18675,430.0
16,18691,430.0
16,18707,430.0
16,18727,430.0
16,18753,430.0
16,18779,430.0
16,18793,430.0
16,18795,430.0
16,18797,430.0
16,18811,430.0
16,18837,430.0
17,8808,288.0
17,8824,288.0
17,8826,288.0
17,9305,315.0
17,9319,315.0
17,9349,315.0
17,9375,320.0
17,9401,320.0
17,9415,320.0
17,9417,320.0
17,9437,320.0
17,9451,320.0
17,9453,320.0
17,9467,320.0
17,9493,340.0
17,9507,340.0
17,9523,340.0
17,9551,340.0
17,9553,340.0
17,9571,340.0
17,9601,340.0
17,9615,340.0
17,9647,340.0
17,9679,340.0
17,9693,340.0
17,9707,340.0
17,9721,345.0
17,9747,345.0
17,9775,367.0
17,9777,367.0
17,9791,367.0
17,9821,367.0
17,9823,367.0
17,9837,367.0
17,9851,367.0
17,9865,367.0
17,9881,367.0
17,9895,372.0
17,9897,372.0
17,9899,372.0
17,9925,372.0
17,9939,372.0
17,9953,377.0
17,9981,377.0
17,9995,377.0
17,10015,377.0
17,10041,380.0
17,10067,380.0
17,10093,380.0
17,10095,380.0
17,10129,380.0
17,10161,380.0
17,10189,380.0
17,10205,380.0
17,10219,380.0
17,10221,380.0
17,10249,380.0
17,10263,380.0
17,10265,380.0
17,10279,380.0
17,10281,380.0
17,10311,380.0
17,10325,380.0
17,10353,380.0
17,10381,380.0
17,10411,380.0
17,10413,380.0
17,10429,380.0
17,10455,380.0
17,10473,380.0
17,10489,380.0
17,10515,382.0
17,10529,382.0
17,10545,382.0
17,10547,382.0
17,10563,382.0
17,10579,382.0
17,10581,382.0
17,10599,382.0
17,10601,382.0
17,10615,382.0
17,10641,385.0
17,10655,385.0
17,10673,385.0
17,10705,385.0
17,10719,385.0
17,10735,385.0
17,10755,385.0
17,10769,385.0
17,10785,385.0
17,10787,385.0
17,10815,385.0
17,10845,385.0
17,10873,388.0
17,10901,388.0
17,10915,388.0
17,10931,388.0
17,10933,388.0
17,10949,388.0
17,10965,388.0
17,10967,388.0
17,10985,388.0
17,10999,388.0
17,11013,388.0
17,11039,388.0
17,11067,388.0
17,11093,388.0
17,11121,388.0
17,11137,388.0
17,11167,388.0
17,11197,388.0
17,11213,388.0
17,11243,388.0
17,11257,388.0
17,11273,388.0
17,11301,388.0
17,11303,388.0
17,11333,403.0
17,11361,403.0
17,11363,403.0
17,11365,403.0
17,11379,403.0
17,11393,403.0
17,11421,403.0
17,11435,403.0
17,11449,403.0
17,11465,403.0
17,11501,403.0
17,11519,403.0
17,11535,403.0
17,11551,403.0
17,11567,403.0
17,11581,403.0
17,11599,403.0
17,11613,403.0
17,11615,403.0
17,11631,403.0
17,11659,403.0
17,11673,403.0
17,11687,403.0
17,11701,403.0
17,11727,403.0
17,11741,403.0
17,11757,403.0
17,11785,403.0
17,11811,403.0
17,11837,403.0
17,11853,403.0
17,11883,403.0
17,11885,403.0
17,11915,403.0
17,11941,403.0
17,11963,403.0
17,11993,407.0
17,12007,407.0
17,12009,407.0
17,12039,407.0
17,12053,407.0
17,12079,407.0
17,12107,407.0
17,12123,407.0
17,12137,407.0
17,12139,407.0
17,12169,407.0
17,12195,407.0
17,12209,407.0
17,12211,407.0
17,12227,407.0
17,12243,407.0
17,12245,407.0
17,12263,407.0
17,12265,407.0
17,12279,407.0
17,12293,407.0
17,12323,407.0
17,12339,407.0
17,12367,407.0
17,12393,407.0
17,12407,415.0
17,12435,415.0
17,12465,415.0
17,12467,415.0
17,12483,415.0
17,12485,415.0
17,12499,415.0
17,12527,415.0
17,12555,415.0
17,12569,415.0
17,12601,415.0
17,12615,415.0
17,12647,415.0
17,12677,415.0
17,12691,415.0
17,12705,420.0
17,12721,420.0
17,12749,420.0
17,12751,420.0
17,12767,420.0
17,12799,420.0
17,12815,420.0
17,12845,420.0
17,12859,420.0
17,12873,420.0
17,12899,420.0
17,12913,420.0
17,12927,420.0
17,12929,420.0
17,12955,420.0
17,12969,420.0
17,12995,420.0
17,13009,420.0
17,13037,420.0
17,13063,420.0
17,13077,420.0
17,13093,420.0
17,13107,420.0
17,13123,420.0
17,13137,420.0
17,13167,420.0
17,13183,420.0
17,13211,420.0
17,13225,420.0
17,13241,420.0
17,13243,420.0
17,13273,420.0
17,13287,420.0
17,13313,420.0
17,13327,420.0
17,13329,420.0
17,13359,420.0
17,13389,420.0
17,13419,420.0
17,13421,420.0
17,13449,420.0
17,13465,420.0
17,13481,420.0
17,13509,420.0
17,13511,420.0
17,13541,420.0
17,13569,420.0
17,13597,420.0
17,13623,420.0
17,13637,420.0
17,13665,420.0
17,13681,420.0
17,13695,420.0
17,13711,420.0
17,13725,420.0
17,13741,420.0
17,13755,420.0
17,13785,420.0
17,13787,420.0
17,13789,420.0
17,13805,420.0
17,13835,420.0
17,13849,420.0
17,13881,420.0
17,13897,420.0
17,13913,420.0
17,13927,420.0
17,13941,420.0
17,13955,420.0
17,13969,420.0
17,13997,420.0
17,14011,420.0
17,14025,420.0
17,14041,420.0
17,14069,420.0
17,14097,420.0
17,14115,420.0
17,14131,420.0
17,14145,420.0
17,14165,420.0
17,14193,420.0
17,14219,420.0
17,14235,420.0
17,14255,420.0
17,14283,420.0
17,14313,420.0
17,14329,420.0
17,14343,420.0
17,14357,420.0
17,14371,420.0
17,14385,420.0
17,14387,420.0
17,14401,420.0
17,14427,420.0
17,14441,420.0
17,14457,420.0
17,14471,420.0
17,14485,420.0
17,14499,420.0
17,14513,420.0
17,14529,420.0
17,14531,420.0
17,14557,420.0
17,14585,420.0
17,14601,420.0
17,14615,420.0
17,14643,420.0
17,14657,420.0
17,14683,420.0
17,14685,420.0
17,14687,420.0
17,14715,420.0
17,14743,420.0
17,14757,420.0
17,14771,420.0
17,14785,420.0
17,14801,420.0
17,14817,420.0
17,14843,420.0
17,14857,420.0
17,14871,420.0
17,14873,420.0
17,14901,420.0
17,14927,420.0
17,14955,420.0
17,14981,420.0
17,14995,420.0
17,15029,420.0
17,15043,420.0
17,15057,420.0
17,15059,420.0
17,15075,420.0
17,15101,420.0
17,15131,420.0
17,15147,420.0
17,15149,420.0
17,15177,420.0
17,15203,420.0
17,15217,420.0
17,15233,420.0
17,15261,420.0
17,15287,420.0
17,15317,420.0
17,15319,420.0
17,15355,420.0
17,15357,420.0
17,15373,420.0
17,15387,420.0
17,15401,420.0
17,15403,420.0
17,15419,420.0
17,15433,420.0
17,15447,420.0
17,15461,420.0
17,15487,420.0
17,15489,420.0
17,15517,420.0
17,15519,420.0
17,15545,420.0
17,15561,420.0
17,15577,420.0
17,15603,420.0
17,15639,420.0
17,15665,420.0
17,15681,420.0
17,15695,420.0
17,15723,420.0
17,15751,420.0
17,15769,420.0
17,15783,420.0
17,15785,420.0
17,15799,420.0
17,15817,420.0
17,15835,420.0
17,15851,420.0
17,15865,420.0
17,15891,421.0
17,15921,421.0
17,15935,421.0
17,15951,421.0
17,15977,421.0
17,15993,421.0
17,16009,421.0
17,16011,421.0
17,16041,421.0
17,16069,421.0
17,16085,421.0
17,16099,421.0
17,16125,421.0
17,16127,421.0
17,16157,421.0
17,16171,421.0
17,16185,421.0
17,16203,421.0
17,16221,421.0
17,16237,421.0
17,16267,421.0
17,16283,421.0
17,16297,421.0
17,16325,421.0
17,16327,421.0
17,16329,421.0
17,16343,421.0
17,16359,421.0
17,16375,421.0
17,16377,421.0
17,16393,421.0
17,16407,421.0
17,16421,421.0
17,16437,421.0
17,16439,421.0
17,16469,421.0
17,16471,421.0
17,16485,421.0
17,16503,421.0
17,16533,421.0
17,16535,421.0
17,16561,421.0
17,16563,421.0
17,16579,421.0
17,16607,421.0
17,16621,421.0
17,16623,421.0
17,16649,421.0
17,16665,421.0
17,16667,421.0
17,16681,421.0
17,16709,421.0
17,16735,421.0
17,16751,421.0
17,16777,421.0
17,16793,421.0
17,16819,421.0
17,16835,421.0
17,16837,421.0
17,16851,421.0
17,16879,421.0
17,16881,421.0
17,16895,421.0
17,16897,421.0
17,16913,421.0
17,16915,421.0
17,16931,421.0
17,16961,421.0
17,16989,421.0
17,17023,421.0
17,17037,421.0
17,17063,421.0
17,17077,421.0
17,17091,421.0
17,17105,421.0
17,17107,421.0
17,17121,421.0
17,17149,421.0
17,17163,421.0
17,17177,421.0
17,17193,421.0
17,17221,421.0
17,17251,421.0
17,17265,421.0
17,17281,421.0
17,17297,421.0
17,17323,421.0
17,17337,421.0
17,17353,421.0
17,17367,421.0
17,17393,421.0
17,17407,421.0
17,17433,421.0
17,17449,421.0
17,17463,421.0
17,17481,421.0
17,17495,421.0
17,17509,421.0
17,17539,421.0
17,17569,421.0
17,17585,421.0
17,17611,421.0
17,17613,421.0
17,17641,421.0
17,17655,421.0
17,17673,421.0
17,17675,421.0
17,17689,421.0
17,17719,421.0
17,17733,421.0
17,17747,421.0
17,17773,421.0
17,17799,421.0
17,17827,421.0
17,17841,421.0
17,17871,421.0
17,17885,421.0
17,17887,421.0
17,17889,421.0
17,17905,421.0
17,17919,421.0
17,17933,421.0
17,17951,421.0
17,17953,421.0
17,17981,421.0
17,17983,421.0
17,18001,421.0
17,18017,421.0
17,18031,421.0
17,18033,421.0
17,18035,421.0
17,18051,421.0
17,18079,421.0
17,18081,421.0
17,18097,421.0
17,18111,421.0
17,18125,421.0
17,18153,421.0
17,18167,421.0
17,18169,421.0
17,18197,421.0
17,18223,422.0
17,18251,422.0
17,18265,422.0
17,18267,422.0
17,18293,422.0
17,18325,422.0
17,18339,422.0
17,18341,422.0
17,18359,422.0
17,18373,422.0
17,18387,422.0
17,18415,422.0
17,18429,422.0
17,18461,422.0
17,18489,422.0
17,18515,422.0
17,18531,422.0
17,18557,422.0
17,18571,422.0
17,18587,422.0
17,18617,422.0
17,18645,422.0
17,18659,422.0
17,18673,422.0
17,18703,422.0
17,18717,422.0
17,18733,422.0
17,18759,422.0
17,18775,422.0
17,18789,422.0
17,18791,422.0
17,18805,422.0
18,8994,289.0
18,9008,299.0
18,9010,299.0
18,9024,299.0
18,9052,319.0
18,9066,319.0
18,9082,319.0
18,9084,319.0
18,9110,319.0
18,9583,319.0
18,9597,328.0
18,9613,328.0
18,9615,328.0
18,9617,328.0
18,9619,328.0
18,9635,328.0
18,9665,328.0
18,9683,328.0
18,9709,328.0
18,9735,340.0
18,9767,342.0
18,9769,342.0
18,9783,342.0
18,9799,342.0
18,9825,352.0
18,9827,352.0
18,9853,352.0
18,9881,356.0
18,9911,356.0
18,9927,356.0
18,9953,356.0
18,9967,356.0
18,9969,356.0
18,9999,356.0
18,10017,356.0
18,10047,356.0
18,10063,356.0
18,10079,356.0
18,10095,356.0
18,10121,356.0
18,10123,356.0
18,10125,356.0
18,10139,356.0
18,10165,356.0
18,10179,356.0
18,10197,356.0
18,10227,356.0
18,10241,356.0
18,10273,356.0
18,10289,356.0
18,10305,356.0
18,10335,356.0
18,10351,356.0
18,10353,356.0
18,10355,356.0
18,10371,356.0
18,10397,356.0
18,10413,356.0
18,10429,356.0
18,10443,356.0
18,10475,357.0
18,10501,377.0
18,10533,377.0
18,10565,377.0
18,10591,377.0
18,10619,377.0
18,10649,388.0
18,10677,388.0
18,10709,388.0
18,10735,388.0
18,10737,388.0
18,10765,388.0
18,10791,388.0
18,10807,388.0
18,10833,388.0
18,10863,396.0
18,10881,396.0
18,10895,396.0
18,10925,396.0
18,10953,396.0
18,10967,396.0
18,10993,396.0
18,10995,396.0
18,10997,396.0
18,11013,396.0
18,11015,396.0
18,11031,396.0
18,11065,396.0
18,11079,396.0
18,11081,396.0
18,11083,396.0
18,11111,396.0
18,11139,396.0
18,11153,396.0
18,11179,396.0
18,11195,396.0
18,11197,396.0
18,11211,409.0
18,11225,409.0
18,11255,409.0
18,11271,409.0
18,11273,409.0
18,11287,409.0
18,11289,409.0
18,11291,409.0
18,11319,409.0
18,11347,409.0
18,11375,409.0
18,11391,409.0
18,11411,409.0
18,11425,409.0
18,11439,409.0
18,11441,409.0
18,11455,409.0
18,11471,409.0
18,11485,409.0
18,11513,409.0
18,11529,409.0
18,11545,409.0
18,11571,409.0
18,11599,409.0
18,11601,409.0
18,11603,409.0
18,11633,409.0
18,11649,409.0
18,11675,409.0
18,11677,409.0
18,11707,409.0
18,11721,409.0
18,11751,409.0
18,11767,409.0
18,11781,409.0
18,11795,409.0
18,11809,409.0
18,11811,409.0
18,11825,409.0
18,11855,409.0
18,11857,409.0
18,11859,409.0
18,11887,409.0
18,11913,409.0
18,11927,409.0
18,11941,409.0
18,11943,409.0
18,11959,409.0
18,11973,409.0
18,11987,409.0
18,12001,409.0
18,12017,409.0
18,12045,409.0
18,12075,409.0
18,12077,409.0
18,12109,409.0
18,12135,409.0
18,12149,409.0
18,12183,409.0
18,12197,409.0
18,12211,409.0
18,12227,409.0
18,12241,409.0
18,12255,409.0
18,12285,409.0
18,12313,409.0
18,12327,409.0
18,12361,409.0
18,12375,409.0
18,12403,409.0
18,12419,409.0
18,12421,409.0
18,12423,409.0
18,12425,409.0
18,12443,409.0
18,12469,409.0
18,12471,409.0
18,12487,409.0
18,12513,409.0
18,12527,409.0
18,12541,409.0
18,12557,409.0
18,12573,409.0
18,12601,409.0
18,12619,409.0
18,12633,409.0
18,12647,409.0
18,12661,409.0
18,12675,409.0
18,12703,409.0
18,12731,409.0
18,12745,409.0
18,12761,409.0
18,12775,409.0
18,12803,409.0
18,12817,409.0
18,12849,409.0
18,12863,409.0
18,12879,409.0
18,12893,409.0
18,12895,409.0
18,12921,409.0
18,12949,409.0
18,12965,409.0
18,12967,409.0
18,12981,409.0
18,13011,409.0
18,13013,409.0
18,13027,409.0
18,13041,409.0
18,13057,409.0
18,13085,409.0
18,13099,409.0
18,13113,410.0
18,13139,410.0
18,13165,410.0
18,13195,410.0
18,13209,410.0
18,13225,410.0
18,13239,410.0
18,13253,410.0
18,13281,410.0
18,13313,410.0
18,13327,410.0
18,13353,410.0
18,13381,410.0
18,13407,410.0
18,13425,410.0
18,13439,410.0
18,13465,410.0
18,13481,410.0
18,13507,410.0
18,13533,410.0
18,13535,410.0
18,13561,410.0
18,13587,410.0
18,13603,410.0
18,13619,410.0
18,13633,410.0
18,13635,410.0
18,13663,410.0
18,13693,410.0
18,13695,410.0
18,13697,410.0
18,13711,410.0
18,13725,410.0
18,13739,418.0
18,13741,418.0
18,13755,418.0
18,13783,418.0
18,13785,418.0
18,13799,418.0
18,13801,418.0
18,13815,418.0
18,13831,418.0
18,13859,418.0
18,13889,418.0
18,13919,418.0
18,13933,418.0
18,13961,418.0
18,13975,418.0
18,14005,418.0
18,14035,418.0
18,14049,418.0
18,14079,418.0
18,14097,418.0
18,14099,418.0
18,14117,418.0
18,14143,425.0
18,14159,425.0
18,14173,425.0
18,14175,425.0
18,14189,425.0
18,14203,425.0
18,14217,425.0
18,14249,425.0
18,14263,425.0
18,14291,425.0
18,14319,425.0
18,14349,425.0
18,14375,425.0
18,14389,425.0
18,14403,425.0
18,14437,425.0
18,14465,425.0
18,14481,425.0
18,14497,425.0
18,14523,425.0
18,14537,425.0
18,14553,425.0
18,14567,425.0
18,14569,425.0
18,14595,425.0
18,14613,425.0
18,14635,425.0
18,14649,425.0
18,14677,425.0
18,14709,425.0
18,14735,425.0
18,14749,425.0
18,14751,425.0
18,14781,425.0
18,14807,425.0
18,14809,425.0
18,14823,425.0
18,14837,425.0
18,14865,425.0
18,14881,425.0
18,14911,425.0
18,14937,425.0
18,14963,425.0
18,14977,425.0
18,14979,425.0
18,14981,425.0
18,15015,425.0
18,15029,425.0
18,15055,425.0
18,15069,425.0
18,15099,425.0
18,15101,425.0
18,15127,425.0
18,15129,425.0
18,15155,425.0
18,15185,425.0
18,15199,425.0
18,15201,425.0
18,15215,425.0
18,15241,425.0
18,15267,425.0
18,15283,425.0
18,15311,425.0
18,15313,425.0
18,15327,425.0
18,15329,425.0
18,15359,425.0
18,15385,425.0
18,15403,425.0
18,15405,425.0
18,15419,425.0
18,15433,425.0
18,15447,425.0
18,15463,425.0
18,15465,425.0
18,15479,425.0
18,15481,425.0
18,15483,425.0
18,15509,425.0
18,15539,425.0
18,15553,425.0
18,15555,425.0
18,15583,425.0
18,15597,425.0
18,15611,425.0
18,15627,425.0
18,15653,425.0
18,15679,425.0
18,15681,425.0
18,15709,425.0
18,15723,425.0
18,15741,425.0
18,15743,425.0
18,15771,425.0
18,15787,425.0
18,15821,425.0
18,15823,425.0
18,15837,425.0
18,15863,425.0
18,15881,425.0
18,15895,425.0
18,15897,425.0
18,15913,425.0
18,15927,425.0
18,15957,425.0
18,15971,425.0
18,15985,427.0
18,15999,427.0
18,16025,427.0
18,16027,427.0
18,16041,427.0
18,16057,427.0
18,16073,427.0
18,16105,427.0
18,16133,427.0
18,16135,427.0
18,16151,427.0
18,16169,427.0
18,16185,427.0
18,16199,427.0
18,16217,427.0
18,16231,427.0
18,16261,427.0
18,16289,427.0
18,16303,427.0
18,16333,427.0
18,16351,427.0
18,16377,427.0
18,16393,427.0
18,16409,427.0
18,16425,427.0
18,16427,427.0
18,16441,427.0
18,16469,427.0
18,16471,427.0
18,16473,427.0
18,16487,427.0
18,16517,427.0
18,16543,427.0
18,16559,427.0
18,16585,427.0
18,16587,427.0
18,16601,427.0
18,16633,427.0
18,16661,427.0
18,16679,427.0
18,16693,427.0
18,16709,427.0
18,16723,427.0
18,16725,427.0
18,16753,427.0
18,16783,427.0
18,16817,427.0
18,16845,427.0
18,16871,427.0
18,16873,427.0
18,16889,427.0
18,16903,427.0
18,16917,427.0
18,16935,427.0
18,16967,427.0
18,16969,427.0
18,16983,427.0
18,16997,427.0
18,17019,427.0
18,17033,427.0
18,17051,427.0
18,17053,427.0
18,17069,427.0
18,17083,427.0
18,17097,427.0
18,17099,427.0
18,17125,427.0
18,17127,427.0
18,17147,427.0
18,17161,427.0
18,17189,427.0
18,17203,427.0
18,17217,427.0
18,17219,427.0
18,17233,427.0
18,17261,427.0
18,17279,427.0
18,17293,427.0
18,17307,427.0
18,17309,427.0
18,17337,427.0
18,17353,427.0
18,17379,427.0
18,17393,427.0
18,17421,427.0
18,17435,427.0
18,17465,427.0
18,17493,427.0
18,17507,427.0
18,17533,427.0
18,17547,427.0
18,17563,427.0
18,17565,427.0
18,17593,427.0
18,17623,427.0
18,17655,427.0
18,17669,427.0
18,17683,427.0
18,17709,427.0
18,17723,427.0
18,17725,427.0
18,17741,427.0
18,17755,427.0
18,17757,427.0
18,17787,427.0
18,17823,427.0
18,17851,427.0
18,17869,427.0
18,17897,427.0
18,17923,427.0
18,17955,427.0
18,17971,427.0
18,17985,427.0
18,17999,427.0
18,18015,427.0
18,18043,427.0
18,18057,427.0
18,18071,427.0
18,18103,427.0
18,18135,427.0
18,18161,427.0
18,18187,430.0
18,18189,430.0
18,18217,430.0
18,18219,430.0
18,18221,430.0
18,18249,430.0
18,18251,430.0
18,18265,430.0
18,18267,430.0
18,18269,430.0
18,18287,430.0
18,18301,430.0
18,18303,430.0
18,18305,430.0
18,18333,430.0
18,18347,430.0
18,18361,430.0
18,18379,430.0
18,18395,430.0
18,18409,430.0
18,18423,430.0
18,18437,430.0
18,18453,430.0
18,18483,430.0
18,18517,430.0
18,18535,430.0
18,18563,430.0
18,18593,430.0
18,18625,430.0
18,18655,430.0
18,18681,430.0
18,18695,430.0
18,18711,430.0
18,18727,430.0
18,18741,430.0
18,18759,430.0
18,18791,430.0
18,18807,430.0
18,18841,430.0
18,18869,430.0
18,18897,430.0
18,18911,430.0
18,18927,430.0
18,18955,430.0
18,18969,430.0
18,18985,430.0
19,8924,309.0
19,8952,309.0
19,8982,309.0
19,8998,309.0
19,9024,309.0
19,9042,309.0
19,9044,309.0
19,9046,309.0
19,9060,309.0
19,9074,309.0
19,9076,309.0
19,9525,320.0
19,9539,320.0
19,9541,320.0
19,9555,320.0
19,9581,324.0
19,9595,324.0
19,9609,324.0
19,9623,324.0
19,9651,324.0
19,9679,357.0
19,9693,357.0
19,9695,357.0
19,9711,357.0
19,9725,357.0
19,9743,357.0
19,9761,357.0
19,9787,357.0
19,9789,357.0
19,9805,357.0
19,9833,357.0
19,9859,357.0
19,9875,357.0
19,9907,357.0
19,9939,357.0
19,9961,357.0
19,9963,357.0
19,9989,357.0
19,9991,357.0
19,10005,357.0
19,10033,357.0
19,10049,357.0
19,10065,357.0
19,10081,357.0
19,10083,357.0
19,10097,357.0
19,10099,357.0
19,10113,357.0
19,10115,357.0
19,10129,357.0
19,10161,357.0
19,10187,358.0
19,10201,358.0
19,10227,375.0
19,10229,375.0
19,10257,375.0
19,10271,375.0
19,10307,375.0
19,10321,375.0
19,10351,375.0
19,10381,375.0
19,10383,375.0
19,10385,375.0
19,10399,375.0
19,10401,375.0
19,10417,375.0
19,10443,375.0
19,10473,375.0
19,10487,375.0
19,10515,375.0
19,10517,375.0
19,10533,375.0
19,10549,375.0
19,10551,375.0
19,10553,375.0
19,10579,375.0
19,10605,383.0
19,10619,383.0
19,10647,383.0
19,10661,383.0
19,10663,383.0
19,10679,383.0
19,10695,383.0
19,10723,383.0
19,10737,383.0
19,10739,383.0
19,10753,383.0
19,10767,383.0
19,10769,383.0
19,10783,383.0
19,10815,383.0
19,10829,383.0
19,10845,383.0
19,10873,391.0
19,10899,391.0
19,10919,391.0
19,10921,391.0
19,10935,391.0
19,10951,391.0
19,10965,391.0
19,10979,391.0
19,10995,391.0
19,11021,391.0
19,11051,391.0
19,11077,391.0
19,11107,391.0
19,11121,391.0
19,11135,391.0
19,11137,391.0
19,11151,391.0
19,11153,391.0
19,11183,391.0
19,11199,391.0
19,11213,391.0
19,11215,391.0
19,11217,391.0
19,11233,391.0
19,11247,400.0
19,11275,400.0
19,11289,400.0
19,11303,400.0
19,11329,400.0
19,11357,400.0
19,11371,400.0
19,11373,400.0
19,11401,400.0
19,11417,400.0
19,11431,400.0
19,11445,405.0
19,11461,405.0
19,11463,405.0
19,11477,405.0
19,11491,405.0
19,11519,405.0
19,11535,405.0
19,11563,405.0
19,11589,405.0
19,11603,405.0
19,11617,405.0
19,11619,405.0
19,11635,405.0
19,11663,405.0
19,11681,405.0
19,11709,405.0
19,11711,405.0
19,11725,405.0
19,11757,405.0
19,11787,405.0
19,11801,405.0
19,11803,405.0
19,11831,409.0
19,11845,409.0
19,11873,409.0
19,11875,409.0
19,11889,409.0
19,11917,409.0
19,11943,409.0
19,11971,409.0
19,12003,409.0
19,12017,409.0
19,12033,409.0
19,12063,409.0
19,12065,409.0
19,12067,409.0
19,12083,409.0
19,12097,409.0
19,12113,409.0
19,12141,409.0
19,12155,409.0
19,12181,409.0
19,12195,409.0
19,12209,409.0
19,12225,409.0
19,12239,409.0
19,12253,409.0
19,12283,409.0
19,12299,409.0
19,12315,409.0
19,12331,409.0
19,12357,409.0
19,12371,409.0
19,12399,409.0
19,12427,409.0
19,12455,409.0
19,12485,409.0
19,12487,409.0
19,12517,409.0
19,12531,409.0
19,12545,409.0
19,12547,409.0
19,12567,409.0
19,12583,409.0
19,12585,409.0
19,12599,409.0
19,12627,409.0
19,12629,409.0
19,12655,409.0
19,12669,409.0
19,12697,409.0
19,12723,409.0
19,12749,412.0
19,12775,412.0
19,12791,412.0
19,12819,412.0
19,12835,412.0
19,12837,412.0
19,12863,412.0
19,12877,412.0
19,12891,412.0
19,12919,415.0
19,12949,415.0
19,12963,415.0
19,12977,415.0
19,12991,415.0
19,13023,415.0
19,13049,415.0
19,13065,415.0
19,13095,415.0
19,13111,415.0
19,13129,415.0
19,13143,415.0
19,13159,415.0
19,13173,415.0
19,13175,415.0
19,13201,419.0
19,13227,419.0
19,13243,419.0
19,13259,419.0
19,13291,419.0
19,13319,419.0
19,13335,419.0
19,13351,419.0
19,13377,419.0
19,13407,419.0
19,13437,419.0
19,13465,419.0
19,13479,419.0
19,13497,419.0
19,13523,419.0
19,13537,419.0
19,13569,419.0
19,13599,419.0
19,13627,419.0
19,13641,419.0
19,13667,419.0
19,13693,419.0
19,13709,419.0
19,13735,419.0
19,13763,419.0
19,13777,419.0
19,13793,419.0
19,13807,419.0
19,13837,419.0
19,13867,419.0
19,13893,419.0
19,13925,419.0
19,13951,419.0
19,13977,419.0
19,13995,419.0
19,14021,419.0
19,14049,419.0
19,14067,419.0
19,14097,419.0
19,14125,419.0
19,14151,419.0
19,14165,419.0
19,14193,419.0
19,14207,419.0
19,14221,419.0
19,14235,419.0
19,14257,419.0
19,14271,419.0
19,14297,419.0
19,14311,419.0
19,14329,419.0
19,14345,419.0
19,14359,419.0
19,14373,419.0
19,14375,419.0
19,14401,419.0
19,14415,419.0
19,14431,419.0
19,14445,419.0
19,14459,419.0
19,14475,419.0
19,14489,419.0
19,14515,419.0
19,14549,419.0
19,14551,419.0
19,14569,419.0
19,14585,419.0
19,14603,419.0
19,14619,419.0
19,14633,419.0
19,14647,419.0
19,14661,419.0
19,14663,419.0
19,14677,419.0
19,14691,419.0
19,14707,419.0
19,14721,419.0
19,14751,419.0
19,14767,419.0
19,14795,419.0
19,14811,419.0
19,14841,419.0
19,14859,419.0
19,14861,419.0
19,14887,419.0
19,14889,419.0
19,14917,419.0
19,14931,419.0
19,14957,419.0
19,14959,419.0
19,14961,419.0
19,14975,419.0
19,15003,419.0
19,15005,419.0
19,15007,419.0
19,15021,419.0
19,15035,420.0
19,15049,420.0
19,15065,420.0
19,15083,420.0
19,15097,420.0
19,15113,420.0
19,15129,420.0
19,15131,420.0
19,15145,420.0
19,15147,420.0
19,15173,420.0
19,15187,420.0
19,15189,420.0
19,15219,420.0
19,15233,420.0
19,15251,420.0
19,15265,420.0
19,15293,420.0
19,15295,420.0
19,15297,420.0
19,15313,420.0
19,15329,420.0
19,15355,420.0
19,15369,420.0
19,15397,420.0
19,15399,420.0
19,15419,420.0
19,15445,420.0
19,15459,420.0
19,15477,420.0
19,15491,420.0
19,15519,420.0
19,15533,420.0
19,15563,420.0
19,15591,420.0
19,15617,420.0
19,15619,420.0
19,15621,420.0
19,15637,420.0
19,15651,420.0
19,15667,420.0
19,15683,420.0
19,15697,420.0
19,15711,420.0
19,15739,420.0
19,15741,420.0
19,15771,420.0
19,15799,420.0
19,15831,420.0
19,15861,420.0
19,15863,420.0
19,15877,420.0
19,15879,420.0
19,15893,420.0
19,15919,420.0
19,15933,420.0
19,15951,420.0
19,15977,420.0
19,15991,420.0
19,16005,420.0
19,16021,420.0
19,16049,420.0
19,16079,420.0
19,16081,420.0
19,16113,420.0
19,16127,420.0
19,16141,420.0
19,16155,420.0
19,16171,420.0
19,16199,420.0
19,16201,420.0
19,16203,420.0
19,16205,420.0
19,16219,420.0
19,16221,420.0
19,16249,420.0
19,16265,420.0
19,16283,420.0
19,16309,420.0
19,16323,420.0
19,16351,420.0
19,16365,420.0
19,16385,420.0
19,16413,420.0
19,16427,420.0
19,16441,420.0
19,16443,420.0
19,16471,420.0
19,16487,420.0
19,16517,420.0
19,16535,420.0
19,16561,420.0
19,16563,420.0
19,16577,420.0
19,16607,420.0
19,16609,420.0
19,16623,420.0
19,16637,420.0
19,16651,420.0
19,16665,420.0
19,16679,421.0
19,16681,421.0
19,16683,421.0
19,16709,421.0
19,16723,421.0
19,16743,421.0
19,16759,421.0
19,16789,421.0
19,16805,421.0
19,16807,421.0
19,16837,421.0
19,16865,421.0
19,16879,421.0
19,16909,421.0
19,16939,421.0
19,16941,421.0
19,16971,421.0
19,16985,421.0
19,17013,421.0
19,17043,421.0
19,17057,421.0
19,17085,421.0
19,17111,421.0
19,17113,421.0
19,17127,421.0
19,17141,421.0
19,17171,421.0
19,17173,421.0
19,17189,421.0
19,17191,421.0
19,17205,421.0
19,17235,421.0
19,17249,421.0
19,17277,421.0
19,17279,421.0
19,17293,421.0
19,17313,421.0
19,17327,421.0
19,17329,421.0
19,17331,421.0
19,17347,421.0
19,17373,421.0
19,17401,421.0
19,17421,421.0
19,17435,421.0
19,17437,421.0
19,17451,421.0
19,17467,421.0
19,17481,421.0
19,17497,421.0
19,17525,421.0
19,17553,421.0
19,17567,421.0
19,17595,421.0
19,17611,421.0
19,17639,421.0
19,17653,421.0
19,17669,421.0
19,17683,421.0
19,17711,421.0
19,17727,421.0
19,17747,421.0
19,17761,421.0
19,17781,421.0
19,17797,421.0
19,17811,421.0
19,17839,421.0
19,17853,421.0
19,17867,421.0
19,17893,425.0
19,17923,425.0
19,17925,425.0
19,17943,425.0
19,17971,425.0
19,17987,425.0
19,17989,425.0
19,18005,425.0
19,18033,425.0
19,18047,425.0
19,18075,425.0
19,18111,425.0
19,18125,425.0
19,18153,425.0
19,18183,425.0
19,18197,425.0
19,18211,425.0
19,18225,425.0
19,18251,425.0
19,18265,425.0
19,18279,425.0
19,18305,427.0
19,18319,427.0
19,18349,427.0
19,18377,427.0
19,18405,427.0
19,18433,427.0
19,18461,427.0
19,18463,427.0
19,18489,427.0
19,18505,427.0
19,18523,427.0
19,18537,427.0
19,18539,427.0
19,18553,427.0
19,18569,427.0
19,18571,427.0
19,18597,427.0
19,18599,427.0
19,18613,427.0
19,18645,427.0
19,18659,427.0
19,18675,427.0
19,18691,427.0
19,18705,427.0
19,18707,427.0
19,18725,427.0
19,18739,427.0
19,18753,427.0
19,18779,427.0
19,18781,427.0
19,18795,427.0
19,18809,427.0
19,18825,427.0
19,18839,427.0
19,18853,427.0
19,18879,427.0
19,18915,427.0
20,8732,305.0
20,8746,305.0
20,8762,305.0
20,8794,312.0
20,9231,312.0
20,9233,312.0
20,9261,312.0
20,9275,312.0
20,9289,319.0
20,9305,319.0
20,9307,319.0
20,9327,319.0
20,9361,319.0
20,9387,319.0
20,9413,319.0
20,9415,319.0
20,9431,319.0
20,9447,319.0
20,9465,319.0
20,9467,319.0
20,9497,319.0
20,9527,344.0
20,9557,344.0
20,9587,344.0
20,9589,344.0
20,9619,344.0
20,9637,344.0
20,9655,344.0
20,9669,344.0
20,9683,344.0
20,9697,344.0
20,9723,344.0
20,9749,344.0
20,9779,344.0
20,9807,344.0
20,9821,344.0
20,9853,344.0
20,9879,344.0
20,9893,355.0
20,9911,355.0
20,9925,355.0
20,9947,355.0
20,9961,355.0
20,9977,355.0
20,9979,355.0
20,9995,355.0
20,10023,371.0
20,10037,371.0
20,10071,371.0
20,10101,371.0
20,10131,371.0
20,10133,371.0
20,10163,371.0
20,10165,371.0
20,10185,371.0
20,10203,371.0
20,10217,373.0
20,10243,375.0
20,10261,375.0
20,10289,375.0
20,10317,375.0
20,10343,375.0
20,10357,375.0
20,10371,375.0
20,10387,375.0
20,10413,375.0
20,10441,375.0
20,10455,375.0
20,10469,375.0
20,10485,377.0
20,10517,377.0
20,10531,377.0
20,10557,381.0
20,10583,381.0
20,10611,381.0
20,10627,381.0
20,10629,381.0
20,10657,381.0
20,10685,381.0
20,10699,381.0
20,10713,381.0
20,10739,387.0
20,10755,387.0
20,10781,387.0
20,10797,387.0
20,10799,387.0
20,10825,387.0
20,10851,387.0
20,10881,387.0
20,10895,387.0
20,10921,389.0
20,10949,389.0
20,10963,389.0
20,10965,389.0
20,10991,389.0
20,10993,389.0
20,11023,389.0
20,11037,389.0
20,11039,389.0
20,11053,389.0
20,11055,389.0
20,11083,389.0
20,11113,389.0
20,11139,389.0
20,11153,389.0
20,11185,389.0
20,11213,389.0
20,11215,389.0
20,11217,389.0
20,11219,389.0
20,11233,389.0
20,11235,389.0
20,11265,389.0
20,11291,389.0
20,11323,389.0
20,11337,393.0
20,11339,393.0
20,11365,393.0
20,11367,393.0
20,11397,393.0
20,11399,393.0
20,11415,393.0
20,11429,393.0
20,11457,393.0
20,11471,393.0
20,11473,393.0
20,11487,393.0
20,11503,393.0
20,11519,393.0
20,11533,393.0
20,11547,393.0
20,11577,393.0
20,11595,393.0
20,11609,397.0
20,11627,397.0
20,11653,402.0
20,11689,402.0
20,11705,402.0
20,11731,406.0
20,11759,406.0
20,11775,406.0
20,11777,406.0
20,11805,406.0
20,11819,406.0
20,11847,406.0
20,11849,406.0
20,11875,406.0
20,11889,406.0
20,11903,406.0
20,11917,406.0
20,11933,406.0
20,11959,406.0
20,11975,406.0
20,11989,406.0
20,12003,406.0
20,12029,406.0
20,12049,406.0
20,12051,406.0
20,12081,406.0
20,12083,406.0
20,12109,406.0
20,12123,406.0
20,12151,406.0
20,12177,406.0
20,12209,406.0
20,12211,406.0
20,12239,407.0
20,12267,407.0
20,12283,407.0
20,12297,407.0
20,12325,407.0
20,12341,407.0
20,12355,408.0
20,12369,408.0
20,12397,408.0
20,12425,408.0
20,12427,408.0
20,12453,408.0
20,12467,409.0
20,12499,409.0
20,12527,409.0
20,12557,409.0
20,12587,409.0
20,12615,409.0
20,12629,409.0
20,12645,409.0
20,12659,409.0
20,12675,409.0
20,12703,409.0
20,12729,409.0
20,12759,409.0
20,12761,409.0
20,12787,409.0
20,12813,409.0
20,12843,409.0
20,12877,409.0
20,12891,409.0
20,12911,409.0
20,12925,410.0
20,12939,411.0
20,12953,411.0
20,12967,412.0
20,12981,412.0
20,12983,412.0
20,12985,412.0
20,13011,412.0
20,13025,412.0
20,13059,412.0
20,13089,412.0
20,13105,412.0
20,13133,412.0
20,13147,412.0
20,13161,412.0
20,13191,412.0
20,13193,412.0
20,13223,412.0
20,13237,412.0
20,13267,412.0
20,13283,412.0
20,13285,412.0
20,13315,412.0
20,13329,412.0
20,13331,412.0
20,13345,412.0
20,13359,412.0
20,13373,412.0
20,13389,412.0
20,13419,412.0
20,13451,412.0
20,13465,412.0
20,13495,412.0
20,13509,412.0
20,13523,412.0
20,13525,412.0
20,13539,412.0
20,13565,412.0
20,13579,412.0
20,13593,412.0
20,13623,412.0
20,13637,415.0
20,13663,415.0
20,13677,415.0
20,13707,415.0
20,13733,416.0
20,13747,416.0
20,13779,416.0
20,13793,416.0
20,13821,416.0
20,13849,416.0
20,13879,416.0
20,13907,418.0
20,13921,418.0
20,13935,418.0
20,13937,418.0
20,13951,418.0
20,13965,418.0
20,13983,418.0
20,13985,418.0
20,14013,418.0
20,14027,418.0
20,14059,418.0
20,14077,418.0
20,14091,418.0
20,14123,418.0
20,14149,418.0
20,14163,418.0
20,14193,418.0
20,14223,418.0
20,14249,418.0
20,14265,418.0
20,14279,418.0
20,14293,418.0
20,14295,418.0
20,14311,418.0
20,14325,418.0
20,14327,418.0
20,14329,418.0
20,14343,418.0
20,14375,418.0
20,14389,418.0
20,14423,418.0
20,14459,418.0
20,14473,418.0
20,14489,418.0
20,14491,418.0
20,14523,418.0
20,14539,418.0
20,14553,418.0
20,14569,418.0
20,14585,418.0
20,14587,418.0
20,14605,418.0
20,14619,418.0
20,14647,418.0
20,14661,418.0
20,14675,418.0
20,14707,418.0
20,14733,418.0
20,14747,418.0
20,14767,418.0
20,14769,418.0
20,14783,418.0
20,14785,418.0
20,14815,418.0
20,14841,418.0
20,14855,418.0
20,14881,418.0
20,14897,418.0
20,14925,418.0
20,14953,418.0
20,14967,418.0
20,14969,418.0
20,14999,418.0
20,15031,418.0
20,15045,418.0
20,15071,418.0
20,15099,418.0
20,15113,418.0
20,15139,418.0
20,15153,418.0
20,15181,419.0
20,15209,419.0
20,15241,419.0
20,15273,419.0
20,15287,421.0
20,15317,421.0
20,15319,421.0
20,15321,421.0
20,15339,421.0
20,15369,421.0
20,15395,421.0
20,15397,421.0
20,15411,421.0
20,15425,421.0
20,15439,421.0
20,15465,421.0
20,15481,421.0
20,15509,421.0
20,15537,421.0
20,15563,421.0
20,15595,421.0
20,15623,421.0
20,15649,421.0
20,15679,421.0
20,15707,421.0
20,15723,421.0
20,15739,421.0
20,15753,421.0
20,15767,421.0
20,15783,421.0
20,15785,421.0
20,15801,421.0
20,15803,421.0
20,15805,421.0
20,15807,421.0
20,15823,421.0
20,15837,421.0
20,15851,421.0
20,15879,421.0
20,15907,421.0
20,15937,424.0
20,15965,424.0
20,15979,424.0
20,15981,424.0
20,15983,424.0
20,16015,424.0
20,16017,424.0
20,16031,424.0
20,16047,424.0
20,16061,424.0
20,16077,424.0
20,16093,424.0
20,16123,424.0
20,16125,424.0
20,16151,424.0
20,16177,424.0
20,16205,424.0
20,16207,424.0
20,16227,424.0
20,16241,424.0
20,16259,424.0
20,16277,424.0
20,16293,424.0
20,16295,424.0
20,16309,424.0
20,16327,424.0
20,16355,424.0
20,16369,424.0
20,16395,424.0
20,16425,424.0
20,16451,424.0
20,16477,424.0
20,16491,424.0
20,16519,424.0
20,16533,424.0
20,16547,424.0
20,16561,424.0
20,16563,424.0
20,16593,424.0
20,16607,424.0
20,16609,424.0
20,16627,424.0
20,16645,424.0
20,16677,424.0
20,16693,424.0
20,16695,424.0
20,16713,424.0
20,16727,424.0
20,16729,424.0
20,16757,424.0
20,16783,424.0
20,16797,424.0
20,16811,424.0
20,16813,424.0
20,16815,424.0
20,16829,424.0
20,16843,424.0
20,16869,424.0
20,16885,424.0
20,16901,424.0
20,16915,424.0
20,16931,424.0
20,16945,424.0
20,16959,424.0
20,16975,424.0
20,17001,424.0
20,17003,424.0
20,17017,424.0
20,17031,424.0
20,17057,424.0
20,17085,424.0
20,17101,424.0
20,17127,424.0
20,17155,424.0
20,17185,424.0
20,17213,424.0
20,17229,424.0
20,17257,424.0
20,17283,424.0
20,17285,424.0
20,17299,424.0
20,17313,424.0
20,17327,424.0
20,17353,424.0
20,17379,424.0
20,17397,424.0
20,17423,424.0
20,17425,424.0
20,17453,424.0
20,17479,424.0
20,17495,424.0
20,17521,424.0
20,17523,424.0
20,17551,424.0
20,17565,424.0
20,17579,424.0
20,17597,424.0
20,17613,424.0
20,17615,424.0
20,17633,424.0
20,17647,424.0
20,17679,424.0
20,17707,424.0
20,17721,424.0
20,17747,424.0
20,17761,424.0
20,17775,424.0
20,17791,424.0
20,17821,424.0
20,17835,424.0
20,17861,424.0
20,17875,424.0
20,17903,424.0
20,17917,424.0
20,17931,424.0
20,17959,424.0
20,17961,424.0
20,17977,424.0
20,17979,424.0
20,17997,424.0
20,18015,424.0
20,18029,424.0
20,18031,424.0
20,18057,424.0
20,18059,424.0
20,18089,424.0
20,18103,424.0
20,18135,424.0
20,18165,424.0
20,18179,424.0
20,18193,424.0
20,18209,424.0
20,18223,424.0
20,18237,424.0
20,18255,424.0
20,18285,424.0
20,18299,424.0
20,18327,424.0
20,18341,424.0
20,18369,424.0
20,18397,424.0
20,18411,424.0
20,18413,424.0
20,18415,424.0
20,18443,424.0
20,18459,424.0
20,18475,424.0
20,18489,424.0
20,18505,424.0
20,18531,424.0
20,18533,424.0
20,18535,424.0
20,18549,424.0
20,18565,424.0
20,18591,424.0
20,18607,424.0
20,18625,424.0
20,18655,424.0
20,18671,424.0
20,18685,424.0
20,18721,424.0
21,8780,291.0
21,8794,292.0
21,8820,319.0
21,8834,319.0
21,9297,319.0
21,9323,320.0
21,9353,320.0
21,9355,320.0
21,9373,320.0
21,9399,320.0
21,9429,325.0
21,9443,343.0
21,9469,358.0
21,9497,358.0
21,9499,358.0
21,9513,358.0
21,9531,358.0
21,9533,358.0
21,9553,358.0
21,9567,358.0
21,9569,358.0
21,9595,358.0
21,9597,358.0
21,9625,358.0
21,9653,358.0
21,9667,358.0
21,9669,358.0
21,9695,362.0
21,9711,362.0
21,9741,362.0
21,9757,362.0
21,9771,362.0
21,9785,362.0
21,9799,362.0
21,9831,362.0
21,9857,362.0
21,9871,362.0
21,9901,362.0
21,9917,362.0
21,9919,362.0
21,9953,362.0
21,9969,362.0
21,9971,362.0
21,9999,362.0
21,10013,362.0
21,10015,362.0
21,10041,362.0
21,10055,362.0
21,10083,364.0
21,10111,368.0
21,10125,368.0
21,10153,374.0
21,10179,374.0
21,10193,388.0
21,10195,388.0
21,10209,390.0
21,10211,390.0
21,10225,390.0
21,10255,390.0
21,10269,390.0
21,10283,395.0
21,10285,395.0
21,10317,395.0
21,10331,395.0
21,10357,395.0
21,10373,395.0
21,10391,395.0
21,10405,395.0
21,10425,395.0
21,10453,395.0
21,10479,395.0
21,10495,395.0
21,10509,395.0
21,10523,395.0
21,10537,395.0
21,10563,395.0
21,10589,395.0
21,10603,395.0
21,10619,395.0
21,10647,395.0
21,10675,395.0
21,10689,395.0
21,10717,395.0
21,10731,395.0
21,10763,395.0
21,10777,399.0
21,10797,399.0
21,10813,399.0
21,10829,399.0
21,10843,399.0
21,10857,399.0
21,10871,399.0
21,10885,399.0
21,10899,399.0
21,10901,399.0
21,10929,399.0
21,10943,399.0
21,10957,399.0
21,10971,399.0
21,10973,399.0
21,10989,399.0
21,11003,399.0
21,11017,399.0
21,11035,399.0
21,11037,399.0
21,11053,399.0
21,11079,399.0
21,11093,399.0
21,11121,399.0
21,11123,399.0
21,11125,399.0
21,11153,399.0
21,11183,399.0
21,11209,399.0
21,11237,399.0
21,11265,399.0
21,11267,399.0
21,11295,399.0
21,11309,399.0
21,11323,399.0
21,11349,399.0
21,11363,399.0
21,11381,399.0
21,11395,399.0
21,11423,399.0
21,11425,399.0
21,11451,399.0
21,11477,399.0
21,11495,399.0
21,11521,405.0
21,11535,405.0
21,11551,405.0
21,11579,405.0
21,11605,408.0
21,11635,408.0
21,11637,408.0
21,11671,408.0
21,11685,408.0
21,11699,408.0
21,11701,408.0
21,11727,408.0
21,11745,408.0
21,11747,408.0
21,11749,408.0
21,11763,408.0
21,11765,408.0
21,11779,408.0
21,11781,408.0
21,11809,408.0
21,11811,408.0
21,11837,408.0
21,11851,408.0
21,11883,408.0
21,11909,408.0
21,11923,408.0
21,11957,408.0
21,11983,408.0
21,12013,408.0
21,12041,408.0
21,12069,408.0
21,12083,408.0
21,12113,408.0
21,12127,408.0
21,12157,408.0
21,12185,408.0
21,12215,408.0
21,12241,408.0
21,12255,408.0
21,12269,408.0
21,12297,408.0
21,12323,408.0
21,12349,408.0
21,12363,408.0
21,12365,408.0
21,12393,408.0
21,12395,408.0
21,12409,408.0
21,12425,408.0
21,12451,415.0
21,12467,415.0
21,12495,415.0
21,12523,415.0
21,12525,415.0
21,12539,415.0
21,12553,415.0
21,12581,415.0
21,12583,415.0
21,12611,417.0
21,12629,417.0
21,12643,417.0
21,12673,417.0
21,12687,417.0
21,12719,417.0
21,12745,417.0
21,12759,417.0
21,12785,417.0
21,12815,417.0
21,12817,417.0
21,12833,417.0
21,12851,417.0
21,12883,417.0
21,12899,417.0
21,12901,417.0
21,12903,417.0
21,12905,417.0
21,12919,417.0
21,12935,417.0
21,12949,417.0
21,12963,417.0
21,12965,417.0
21,12967,417.0
21,12981,417.0
21,12983,417.0
21,13011,417.0
21,13037,417.0
21,13063,417.0
21,13093,417.0
21,13107,417.0
21,13133,417.0
21,13147,417.0
21,13179,417.0
21,13193,417.0
21,13195,417.0
21,13231,417.0
21,13245,417.0
21,13273,417.0
21,13289,417.0
21,13317,417.0
21,13319,417.0
21,13345,417.0
21,13375,417.0
21,13389,417.0
21,13415,417.0
21,13417,417.0
21,13419,417.0
21,13447,419.0
21,13461,419.0
21,13475,419.0
21,13477,419.0
21,13505,419.0
21,13521,419.0
21,13535,419.0
21,13549,419.0
21,13563,419.0
21,13577,419.0
21,13609,419.0
21,13635,419.0
21,13665,419.0
21,13681,419.0
21,13697,419.0
21,13725,419.0
21,13755,419.0
21,13769,419.0
21,13771,419.0
21,13785,419.0
21,13801,419.0
21,13815,419.0
21,13845,419.0
21,13847,419.0
21,13861,419.0
21,13895,419.0
21,13909,419.0
21,13935,419.0
21,13951,419.0
21,13953,419.0
21,13967,419.0
21,13983,419.0
21,13999,419.0
21,14013,419.0
21,14029,419.0
21,14045,419.0
21,14059,419.0
21,14061,419.0
21,14093,419.0
21,14129,419.0
21,14155,419.0
21,14187,419.0
21,14201,421.0
21,14217,421.0
21,14243,421.0
21,14259,421.0
21,14273,421.0
21,14289,421.0
21,14305,421.0
21,14331,421.0
21,14333,421.0
21,14335,421.0
21,14351,421.0
21,14365,421.0
21,14395,421.0
21,14423,421.0
21,14439,421.0
21,14453,421.0
21,14455,421.0
21,14483,421.0
21,14515,421.0
21,14545,421.0
21,14561,421.0
21,14575,421.0
21,14593,421.0
21,14619,421.0
21,14649,421.0
21,14663,421.0
21,14677,421.0
21,14705,421.0
21,14733,421.0
21,14761,421.0
21,14775,421.0
21,14791,421.0
21,14805,421.0
21,14807,421.0
21,14809,421.0
21,14823,421.0
21,14837,421.0
21,14867,421.0
21,14883,421.0
21,14897,421.0
21,14911,421.0
21,14937,421.0
21,14939,421.0
21,14941,421.0
21,14967,421.0
21,14983,421.0
21,15011,421.0
21,15025,421.0
21,15027,421.0
21,15041,421.0
21,15057,421.0
21,15087,421.0
21,15101,421.0
21,15129,421.0
21,15131,421.0
21,15157,421.0
21,15171,421.0
21,15199,421.0
21,15225,421.0
21,15239,421.0
21,15265,423.0
21,15291,423.0
21,15321,423.0
21,15337,423.0
21,15353,423.0
21,15383,423.0
21,15411,423.0
21,15425,423.0
21,15453,423.0
21,15481,423.0
21,15483,423.0
21,15509,423.0
21,15527,423.0
21,15553,423.0
21,15567,423.0
21,15593,423.0
21,15611,423.0
21,15625,423.0
21,15627,423.0
21,15659,423.0
21,15673,423.0
21,15687,423.0
21,15701,423.0
21,15717,423.0
21,15731,423.0
21,15745,423.0
21,15771,423.0
21,15789,423.0
21,15815,423.0
21,15829,423.0
21,15831,423.0
21,15833,423.0
21,15835,423.0
21,15849,423.0
21,15863,423.0
21,15889,423.0
21,15903,423.0
21,15935,423.0
21,15951,423.0
21,15967,423.0
21,15981,423.0
21,15983,423.0
21,15997,423.0
21,15999,423.0
21,16031,423.0
21,16051,423.0
21,16067,423.0
21,16093,424.0
21,16109,424.0
21,16137,424.0
21,16157,424.0
21,16171,424.0
21,16199,424.0
21,16217,424.0
21,16219,424.0
21,16245,424.0
21,16261,424.0
21,16293,424.0
21,16307,424.0
21,16323,424.0
21,16337,424.0
21,16363,424.0
21,16365,424.0
21,16367,424.0
21,16395,424.0
21,16425,424.0
21,16453,424.0
21,16483,424.0
21,16511,424.0
21,16537,424.0
21,16563,424.0
21,16565,424.0
21,16581,424.0
21,16611,424.0
21,16627,424.0
21,16655,424.0
21,16671,424.0
21,16685,424.0
21,16711,424.0
21,16725,424.0
21,16727,424.0
21,16729,424.0
21,16731,424.0
21,16745,424.0
21,16759,424.0
21,16773,424.0
21,16787,428.0
21,16813,428.0
21,16831,428.0
21,16847,428.0
21,16873,428.0
21,16901,428.0
21,16915,428.0
21,16945,428.0
21,16961,428.0
21,16963,428.0
21,16979,428.0
21,16995,428.0
21,17027,428.0
21,17041,428.0
21,17055,428.0
21,17081,428.0
21,17083,428.0
21,17109,428.0
21,17127,428.0
21,17141,428.0
21,17167,428.0
21,17183,428.0
21,17185,428.0
21,17187,428.0
21,17215,428.0
21,17217,428.0
21,17219,428.0
21,17233,428.0
21,17235,428.0
21,17261,428.0
21,17275,428.0
21,17303,428.0
21,17317,428.0
21,17337,428.0
21,17353,428.0
21,17379,428.0
21,17395,428.0
21,17397,428.0
21,17429,428.0
21,17447,428.0
21,17477,428.0
21,17479,428.0
21,17507,428.0
21,17521,428.0
21,17539,428.0
21,17555,428.0
21,17581,428.0
21,17611,428.0
21,17639,428.0
21,17671,428.0
21,17697,428.0
21,17713,428.0
21,17729,428.0
21,17757,428.0
21,17777,428.0
21,17805,428.0
21,17831,428.0
21,17861,428.0
21,17891,428.0
21,17919,428.0
21,17935,428.0
21,17949,429.0
21,17975,429.0
21,17989,429.0
21,18021,429.0
21,18023,429.0
21,18041,429.0
21,18069,429.0
21,18083,429.0
21,18111,429.0
21,18125,429.0
21,18139,429.0
21,18141,429.0
21,18171,429.0
21,18197,429.0
21,18227,429.0
21,18229,429.0
21,18243,429.0
21,18259,429.0
21,18273,429.0
21,18289,429.0
21,18317,429.0
21,18333,429.0
21,18335,429.0
21,18337,429.0
21,18351,429.0
21,18367,429.0
21,18401,429.0
21,18427,429.0
21,18453,429.0
21,18455,429.0
21,18469,429.0
21,18483,429.0
21,18497,429.0
21,18511,429.0
21,18527,429.0
21,18555,429.0
21,18557,429.0
21,18573,429.0
21,18587,429.0
21,18607,429.0
21,18633,429.0
21,18659,429.0
21,18673,429.0
21,18689,429.0
21,18715,429.0
21,18729,429.0
21,18745,429.0
21,18773,429.0
22,8908,289.0
22,8936,307.0
22,8954,307.0
22,8956,307.0
22,8982,307.0
22,8984,307.0
22,8986,307.0
22,9000,307.0
22,9030,312.0
22,9044,312.0
22,9046,312.0
22,9060,312.0
22,9086,312.0
22,9116,314.0
22,9130,314.0
22,9146,314.0
22,9174,314.0
22,9204,314.0
22,9220,314.0
22,9222,314.0
22,9663,340.0
22,9689,354.0
22,9705,354.0
22,9737,354.0
22,9751,354.0
22,9765,354.0
22,9785,354.0
22,9801,354.0
22,9815,354.0
22,9841,354.0
22,9855,354.0
22,9871,354.0
22,9887,354.0
22,9889,354.0
22,9915,363.0
22,9929,363.0
22,9943,363.0
22,9959,363.0
22,9987,370.0
22,10019,370.0
22,10021,370.0
22,10049,370.0
22,10063,370.0
22,10077,370.0
22,10105,370.0
22,10119,370.0
22,10145,370.0
22,10171,374.0
22,10173,374.0
22,10187,374.0
22,10201,374.0
22,10215,376.0
22,10243,376.0
22,10263,376.0
22,10265,376.0
22,10295,376.0
22,10309,376.0
22,10311,376.0
22,10327,376.0
22,10343,376.0
22,10357,376.0
22,10375,376.0
22,10409,376.0
22,10423,376.0
22,10451,376.0
22,10481,376.0
22,10511,376.0
22,10543,376.0
22,10575,376.0
22,10603,376.0
22,10605,376.0
22,10607,376.0
22,10637,376.0
22,10665,376.0
22,10693,376.0
22,10727,376.0
22,10745,376.0
22,10761,376.0
22,10775,376.0
22,10793,376.0
22,10807,376.0
22,10833,376.0
22,10835,376.0
22,10849,380.0
22,10863,386.0
22,10879,386.0
22,10893,386.0
22,10919,387.0
22,10945,387.0
22,10961,387.0
22,10987,387.0
22,11001,387.0
22,11003,387.0
22,11019,387.0
22,11033,387.0
22,11049,387.0
22,11075,387.0
22,11103,389.0
22,11105,389.0
22,11121,389.0
22,11149,390.0
22,11177,390.0
22,11179,390.0
22,11197,390.0
22,11199,390.0
22,11229,391.0
22,11255,391.0
22,11269,391.0
22,11287,391.0
22,11317,391.0
22,11333,391.0
22,11347,391.0
22,11375,391.0
22,11377,391.0
22,11391,391.0
22,11405,391.0
22,11421,391.0
22,11435,396.0
22,11449,396.0
22,11467,396.0
22,11469,396.0
22,11483,396.0
22,11497,396.0
22,11513,396.0
22,11515,396.0
22,11517,396.0
22,11533,396.0
22,11547,396.0
22,11573,396.0
22,11599,396.0
22,11615,396.0
22,11641,396.0
22,11655,396.0
22,11683,396.0
22,11717,396.0
22,11731,396.0
22,11745,396.0
22,11759,396.0
22,11777,396.0
22,11791,401.0
22,11817,402.0
22,11847,402.0
22,11881,402.0
22,11907,402.0
22,11909,402.0
22,11937,418.0
22,11965,418.0
22,11991,418.0
22,12021,418.0
22,12053,418.0
22,12081,418.0
22,12117,418.0
22,12143,418.0
22,12169,418.0
22,12183,418.0
22,12199,418.0
22,12201,418.0
22,12233,418.0
22,12247,418.0
22,12279,418.0
22,12293,418.0
22,12323,418.0
22,12337,418.0
22,12339,418.0
22,12353,418.0
22,12367,418.0
22,12385,418.0
22,12401,418.0
22,12403,418.0
22,12431,418.0
22,12433,418.0
22,12459,418.0
22,12475,418.0
22,12477,418.0
22,12491,418.0
22,12507,418.0
22,12521,418.0
22,12535,418.0
22,12561,418.0
22,12589,418.0
22,12591,418.0
22,12605,418.0
22,12623,418.0
22,12639,418.0
22,12655,418.0
22,12687,418.0
22,12701,418.0
22,12703,418.0
22,12705,418.0
22,12735,418.0
22,12737,418.0
22,12739,418.0
22,12767,418.0
22,12781,418.0
22,12783,418.0
22,12811,418.0
22,12839,418.0
22,12855,418.0
22,12887,418.0
22,12915,418.0
22,12917,418.0
22,12919,418.0
22,12937,418.0
22,12939,418.0
22,12957,418.0
22,12959,418.0
22,12985,418.0
22,12999,418.0
22,13013,418.0
22,13015,418.0
22,13043,418.0
22,13061,418.0
22,13089,418.0
22,13091,418.0
22,13121,418.0
22,13135,418.0
22,13161,418.0
22,13175,418.0
22,13203,418.0
22,13229,418.0
22,13255,418.0
22,13283,418.0
22,13311,418.0
22,13337,418.0
22,13363,421.0
22,13389,421.0
22,13419,421.0
22,13447,421.0
22,13473,421.0
22,13507,421.0
22,13521,421.0
22,13535,421.0
22,13537,421.0
22,13563,421.0
22,13565,421.0
22,13579,421.0
22,13595,421.0
22,13611,421.0
22,13639,421.0
22,13667,421.0
22,13681,421.0
22,13683,421.0
22,13711,421.0
22,13737,421.0
22,13767,421.0
22,13783,421.0
22,13797,421.0
22,13831,421.0
22,13845,421.0
22,13875,421.0
22,13891,421.0
22,13919,421.0
22,13947,421.0
22,13977,421.0
22,13993,421.0
22,14027,421.0
22,14043,421.0
22,14057,421.0
22,14071,421.0
22,14101,421.0
22,14129,421.0
22,14143,421.0
22,14173,421.0
22,14201,421.0
22,14203,421.0
22,14229,421.0
22,14255,421.0
22,14269,421.0
22,14299,421.0
22,14313,423.0
22,14329,423.0
22,14349,423.0
22,14375,423.0
22,14401,423.0
22,14415,423.0
22,14441,423.0
22,14455,423.0
22,14481,423.0
22,14497,423.0
22,14511,423.0
22,14541,423.0
22,14567,423.0
22,14595,423.0
22,14623,423.0
22,14637,423.0
22,14653,423.0
22,14667,423.0
22,14685,423.0
22,14699,423.0
22,14715,423.0
22,14741,423.0
22,14743,423.0
22,14773,423.0
22,14803,423.0
22,14817,423.0
22,14845,423.0
22,14859,423.0
22,14875,423.0
22,14889,423.0
22,14907,423.0
22,14939,423.0
22,14967,423.0
22,14981,423.0
22,15011,423.0
22,15025,423.0
22,15055,423.0
22,15069,423.0
22,15085,423.0
22,15101,423.0
22,15131,423.0
22,15145,423.0
22,15163,423.0
22,15165,423.0
22,15167,423.0
22,15181,423.0
22,15209,424.0
22,15239,424.0
22,15267,424.0
22,15295,424.0
22,15323,424.0
22,15337,424.0
22,15365,424.0
22,15367,424.0
22,15383,424.0
22,15409,424.0
22,15435,424.0
22,15461,424.0
22,15487,424.0
22,15489,424.0
22,15507,424.0
22,15509,424.0
22,15523,424.0
22,15549,424.0
22,15575,424.0
22,15589,424.0
22,15603,424.0
22,15633,424.0
22,15647,424.0
22,15649,424.0
22,15679,424.0
22,15695,424.0
22,15709,424.0
22,15723,424.0
22,15751,424.0
22,15753,424.0
22,15767,424.0
22,15797,424.0
22,15825,424.0
22,15853,424.0
22,15869,424.0
22,15895,424.0
22,15921,424.0
22,15935,424.0
22,15949,424.0
22,15965,424.0
22,15993,424.0
22,16007,424.0
22,16023,424.0
22,16039,424.0
22,16067,424.0
22,16081,424.0
22,16083,424.0
22,16109,424.0
22,16123,424.0
22,16139,424.0
22,16159,424.0
22,16191,424.0
22,16221,424.0
22,16239,424.0
22,16269,424.0
22,16295,424.0
22,16323,424.0
22,16349,424.0
22,16365,424.0
22,16381,424.0
22,16409,424.0
22,16439,424.0
22,16465,424.0
22,16495,424.0
22,16523,424.0
22,16551,424.0
22,16565,424.0
22,16567,424.0
22,16569,424.0
22,16597,424.0
22,16611,424.0
22,16625,424.0
22,16639,424.0
22,16653,424.0
22,16681,424.0
22,16695,424.0
22,16725,424.0
22,16751,424.0
22,16765,424.0
22,16779,424.0
22,16805,424.0
22,16819,424.0
22,16833,424.0
22,16863,424.0
22,16865,424.0
22,16879,424.0
22,16893,424.0
22,16909,424.0
22,16925,424.0
22,16951,424.0
22,16967,424.0
22,16983,424.0
22,16999,424.0
22,17017,424.0
22,17045,424.0
22,17063,424.0
22,17091,424.0
22,17117,424.0
22,17143,424.0
22,17169,424.0
22,17171,424.0
22,17203,424.0
22,17231,424.0
22,17257,424.0
22,17271,424.0
22,17291,424.0
22,17317,424.0
22,17335,424.0
22,17351,424.0
22,17377,424.0
22,17395,424.0
22,17409,424.0
22,17423,424.0
22,17437,424.0
22,17453,424.0
22,17471,424.0
22,17491,424.0
22,17517,424.0
22,17547,424.0
22,17563,424.0
22,17591,424.0
22,17607,424.0
22,17621,424.0
22,17647,424.0
22,17663,424.0
22,17679,424.0
22,17709,424.0
22,17711,424.0
22,17713,424.0
22,17729,424.0
22,17743,424.0
22,17775,424.0
22,17777,424.0
22,17803,424.0
22,17819,424.0
22,17835,424.0
22,17837,424.0
22,17865,424.0
22,17893,424.0
22,17907,424.0
22,17935,424.0
22,17949,424.0
22,17965,424.0
22,17967,424.0
22,17993,424.0
22,18019,426.0
22,18055,426.0
22,18081,426.0
22,18109,426.0
22,18137,426.0
22,18153,426.0
22,18167,426.0
22,18197,426.0
22,18213,426.0
22,18229,426.0
22,18247,426.0
22,18261,426.0
22,18289,426.0
22,18303,426.0
22,18331,426.0
22,18359,426.0
22,18389,426.0
22,18417,426.0
22,18419,426.0
22,18449,426.0
22,18463,426.0
22,18483,426.0
22,18511,426.0
22,18513,426.0
22,18527,426.0
22,18541,426.0
22,18575,426.0
22,18605,426.0
22,18619,426.0
22,18645,426.0
22,18647,426.0
22,18665,426.0
22,18667,426.0
22,18669,426.0
22,18685,426.0
22,18687,426.0
22,18701,426.0
22,18727,426.0
22,18743,426.0
22,18757,426.0
22,18787,426.0
22,18803,426.0
22,18833,426.0
22,18851,426.0
22,18865,426.0
22,18891,426.0
22,18925,426.0
23,8738,311.0
23,8752,311.0
23,8766,311.0
23,8782,311.0
23,9233,311.0
23,9249,311.0
23,9263,311.0
23,9293,311.0
23,9325,311.0
23,9327,311.0
23,9343,311.0
23,9357,311.0
23,9371,311.0
23,9373,311.0
23,9387,321.0
23,9401,324.0
23,9427,324.0
23,9457,324.0
23,9471,331.0
23,9485,344.0
23,9499,344.0
23,9501,344.0
23,9527,372.0
23,9555,372.0
23,9569,372.0
23,9571,372.0
23,9603,372.0
23,9617,372.0
23,9645,372.0
23,9673,381.0
23,9705,381.0
23,9721,381.0
23,9751,381.0
23,9777,381.0
23,9793,381.0
23,9811,381.0
23,9845,381.0
23,9847,381.0
23,9861,381.0
23,9879,381.0
23,9905,381.0
23,9931,381.0
23,9945,381.0
23,9973,381.0
23,10001,381.0
23,10015,381.0
23,10029,381.0
23,10043,381.0
23,10073,381.0
23,10099,381.0
23,10127,381.0
23,10141,381.0
23,10171,381.0
23,10185,381.0
23,10199,381.0
23,10225,381.0
23,10253,381.0
23,10269,381.0
23,10283,381.0
23,10297,381.0
23,10327,381.0
23,10329,381.0
23,10357,382.0
23,10385,382.0
23,10411,386.0
23,10427,386.0
23,10457,386.0
23,10475,386.0
23,10489,386.0
23,10515,392.0
23,10541,392.0
23,10569,392.0
23,10595,392.0
23,10597,392.0
23,10625,392.0
23,10651,392.0
23,10667,392.0
23,10681,392.0
23,10713,392.0
23,10739,399.0
23,10757,399.0
23,10771,399.0
23,10803,399.0
23,10805,399.0
23,10819,399.0
23,10833,402.0
23,10861,402.0
23,10875,402.0
23,10893,402.0
23,10925,402.0
23,10927,402.0
23,10929,402.0
23,10945,402.0
23,10961,402.0
23,10975,402.0
23,11005,402.0
23,11019,402.0
23,11021,402.0
23,11035,402.0
23,11061,402.0
23,11091,402.0
23,11105,402.0
23,11133,402.0
23,11165,402.0
23,11191,406.0
23,11217,406.0
23,11219,406.0
23,11233,406.0
23,11249,406.0
23,11279,406.0
23,11281,406.0
23,11283,406.0
23,11299,406.0
23,11327,406.0
23,11343,406.0
23,11345,406.0
23,11375,406.0
23,11377,406.0
23,11391,408.0
23,11405,408.0
23,11407,408.0
23,11439,408.0
23,11453,408.0
23,11469,408.0
23,11485,408.0
23,11487,408.0
23,11489,408.0
23,11503,408.0
23,11517,408.0
23,11531,408.0
23,11557,412.0
23,11571,412.0
23,11589,412.0
23,11603,412.0
23,11605,412.0
23,11635,412.0
23,11667,412.0
23,11669,412.0
23,11683,412.0
23,11685,412.0
23,11699,412.0
23,11701,412.0
23,11719,412.0
23,11733,412.0
23,11747,412.0
23,11763,412.0
23,11765,412.0
23,11767,412.0
23,11795,412.0
23,11823,417.0
23,11825,417.0
23,11841,417.0
23,11855,424.0
23,11857,424.0
23,11883,424.0
23,11909,424.0
23,11923,424.0
23,11937,424.0
23,11955,424.0
23,11971,424.0
23,11991,424.0
23,12009,424.0
23,12025,424.0
23,12043,424.0
23,12071,424.0
23,12085,424.0
23,12087,424.0
23,12089,424.0
23,12091,424.0
23,12117,424.0
23,12135,424.0
23,12149,424.0
23,12163,424.0
23,12181,424.0
23,12195,432.0
23,12211,432.0
23,12239,432.0
23,12253,432.0
23,12279,432.0
23,12281,432.0
23,12311,432.0
23,12329,432.0
23,12357,432.0
23,12371,432.0
23,12397,432.0
23,12423,432.0
23,12439,432.0
23,12453,432.0
23,12469,432.0
23,12497,432.0
23,12527,432.0
23,12563,432.0
23,12589,432.0
23,12591,432.0
23,12619,432.0
23,12649,432.0
23,12651,432.0
23,12677,432.0
23,12705,432.0
23,12719,432.0
23,12737,432.0
23,12765,432.0
23,12783,432.0
23,12811,432.0
23,12837,432.0
23,12867,432.0
23,12885,432.0
23,12899,432.0
23,12913,432.0
23,12939,432.0
23,12953,432.0
23,12967,432.0
23,12997,432.0
23,13027,432.0
23,13041,432.0
23,13057,432.0
23,13083,432.0
23,13097,432.0
23,13127,432.0
23,13157,432.0
23,13185,432.0
23,13211,432.0
23,13237,432.0
23,13251,432.0
23,13265,432.0
23,13267,432.0
23,13295,432.0
23,13297,432.0
23,13311,432.0
23,13343,432.0
23,13373,432.0
23,13399,432.0
23,13427,432.0
23,13443,432.0
23,13473,432.0
23,13487,432.0
23,13501,432.0
23,13527,432.0
23,13553,432.0
23,13567,432.0
23,13581,432.0
23,13611,432.0
23,13641,432.0
23,13655,432.0
23,13669,432.0
23,13685,432.0
23,13701,432.0
23,13727,432.0
23,13729,432.0
23,13757,432.0
23,13783,432.0
23,13785,432.0
23,13787,432.0
23,13789,432.0
23,13803,432.0
23,13829,432.0
23,13855,432.0
23,13871,432.0
23,13899,432.0
23,13915,432.0
23,13943,432.0
23,13945,432.0
23,13959,432.0
23,13975,432.0
23,14005,432.0
23,14019,432.0
23,14037,432.0
23,14039,432.0
23,14053,432.0
23,14067,432.0
23,14081,432.0
23,14083,432.0
23,14109,432.0
23,14125,432.0
23,14151,432.0
23,14183,432.0
23,14199,432.0
23,14213,432.0
23,14229,432.0
23,14245,432.0
23,14273,432.0
23,14289,432.0
23,14303,432.0
23,14317,432.0
23,14331,432.0
23,14349,432.0
23,14381,432.0
23,14397,432.0
23,14399,432.0
23,14413,432.0
23,14415,432.0
23,14441,432.0
23,14457,432.0
23,14477,432.0
23,14479,432.0
23,14493,432.0
23,14495,432.0
23,14497,432.0
23,14525,432.0
23,14551,432.0
23,14553,432.0
23,14567,432.0
23,14581,432.0
23,14597,432.0
23,14613,432.0
23,14615,432.0
23,14629,432.0
23,14659,432.0
23,14673,432.0
23,14703,432.0
23,14717,432.0
23,14731,432.0
23,14749,432.0
23,14777,432.0
23,14791,432.0
23,14793,432.0
23,14807,432.0
23,14821,432.0
23,14835,432.0
23,14851,432.0
23,14867,432.0
23,14893,432.0
23,14909,432.0
23,14941,432.0
23,14959,432.0
23,14975,432.0
23,14977,432.0
23,14993,432.0
23,15007,432.0
23,15035,432.0
23,15053,432.0
23,15069,432.0
23,15085,432.0
23,15087,432.0
23,15115,432.0
23,15143,432.0
23,15159,432.0
23,15175,432.0
23,15189,432.0
23,15191,432.0
23,15205,432.0
23,15207,432.0
23,15221,432.0
23,15239,432.0
23,15267,432.0
23,15293,432.0
23,15309,432.0
23,15323,432.0
23,15351,432.0
23,15379,432.0
23,15395,432.0
23,15409,432.0
23,15423,432.0
23,15449,432.0
23,15465,432.0
23,15479,432.0
23,15493,432.0
23,15495,432.0
23,15511,432.0
23,15541,432.0
23,15543,432.0
23,15573,432.0
23,15587,432.0
23,15603,432.0
23,15617,432.0
23,15619,432.0
23,15635,432.0
23,15665,432.0
23,15691,432.0
23,15707,432.0
23,15735,432.0
23,15751,432.0
23,15779,432.0
23,15781,432.0
23,15795,432.0
23,15821,432.0
23,15835,432.0
23,15849,432.0
23,15851,432.0
23,15865,432.0
23,15883,432.0
23,15911,432.0
23,15925,432.0
23,15951,432.0
23,15965,432.0
23,15991,432.0
23,16017,432.0
23,16043,432.0
23,16059,432.0
23,16073,432.0
23,16101,432.0
23,16103,432.0
23,16133,432.0
23,16163,432.0
23,16179,432.0
23,16195,432.0
23,16211,432.0
23,16225,432.0
23,16239,432.0
23,16241,432.0
23,16271,432.0
23,16273,432.0
23,16301,432.0
23,16315,432.0
23,16333,432.0
23,16361,432.0
23,16363,432.0
23,16391,432.0
23,16407,432.0
23,16421,432.0
23,16437,432.0
23,16465,432.0
23,16491,432.0
23,16507,432.0
23,16535,432.0
23,16549,432.0
23,16563,432.0
23,16589,432.0
23,16615,432.0
23,16629,432.0
23,16631,432.0
23,16661,432.0
23,16663,432.0
23,16677,432.0
23,16703,432.0
23,16729,432.0
23,16745,432.0
23,16747,432.0
23,16775,432.0
23,16789,432.0
23,16821,432.0
23,16835,432.0
23,16865,432.0
23,16893,432.0
23,16907,432.0
23,16923,432.0
23,16937,432.0
23,16939,432.0
23,16953,432.0
23,16969,432.0
23,16971,432.0
23,16987,432.0
23,16989,432.0
23,17005,432.0
23,17021,432.0
23,17049,432.0
23,17075,432.0
23,17093,432.0
23,17123,432.0
23,17137,432.0
23,17139,432.0
23,17153,432.0
23,17155,432.0
23,17157,432.0
23,17171,432.0
23,17173,432.0
23,17175,432.0
23,17191,432.0
23,17193,432.0
23,17221,432.0
23,17235,432.0
23,17249,432.0
23,17251,432.0
23,17277,432.0
23,17293,432.0
23,17307,432.0
23,17333,432.0
23,17359,432.0
23,17389,432.0
23,17391,432.0
23,17405,432.0
23,17419,432.0
23,17447,432.0
23,17461,432.0
23,17475,432.0
23,17501,432.0
23,17517,432.0
23,17545,432.0
23,17571,432.0
23,17585,432.0
23,17587,432.0
23,17601,432.0
23,17619,432.0
23,17633,432.0
23,17635,432.0
23,17669,432.0
23,17685,432.0
23,17701,432.0
23,17703,432.0
23,17705,432.0
23,17733,432.0
23,17763,432.0
23,17765,432.0
23,17767,432.0
23,17783,432.0
23,17797,432.0
23,17813,432.0
23,17839,432.0
23,17853,432.0
23,17867,432.0
23,17889,432.0
23,17891,432.0
23,17893,432.0
23,17895,432.0
23,17897,432.0
23,17911,432.0
23,17925,432.0
23,17939,432.0
23,17953,432.0
23,17981,432.0
23,17995,432.0
23,18009,432.0
23,18011,432.0
23,18037,432.0
23,18039,432.0
23,18053,432.0
23,18079,432.0
23,18081,432.0
23,18095,432.0
23,18097,432.0
23,18111,432.0
23,18113,432.0
23,18127,432.0
23,18145,432.0
23,18171,432.0
23,18185,432.0
23,18187,432.0
23,18219,432.0
23,18253,432.0
23,18267,432.0
23,18281,432.0
23,18297,432.0
23,18323,432.0
23,18325,432.0
23,18345,432.0
23,18359,432.0
23,18361,432.0
23,18375,432.0
23,18391,432.0
23,18417,432.0
23,18441,432.0
23,18467,432.0
23,18485,432.0
23,18503,432.0
23,18531,432.0
23,18545,432.0
23,18561,432.0
23,18587,432.0
23,18589,432.0
23,18603,432.0
23,18617,432.0
23,18631,432.0
23,18647,432.0
23,18663,432.0
23,18677,432.0
23,18709,432.0
23,18725,432.0
24,8914,288.0
24,8928,302.0
24,9379,302.0
24,9405,318.0
24,9419,318.0
24,9421,318.0
24,9437,318.0
24,9453,318.0
24,9455,318.0
24,9483,318.0
24,9509,318.0
24,9525,318.0
24,9545,318.0
24,9559,318.0
24,9575,318.0
24,9589,318.0
24,9605,318.0
24,9619,346.0
24,9647,346.0
24,9665,346.0
24,9691,346.0
24,9705,348.0
24,9707,348.0
24,9737,348.0
24,9751,348.0
24,9765,348.0
24,9781,348.0
24,9807,348.0
24,9821,348.0
24,9837,348.0
24,9851,348.0
24,9865,348.0
24,9879,348.0
24,9907,353.0
24,9939,353.0
24,9971,353.0
24,9985,353.0
24,10011,353.0
24,10025,353.0
24,10041,356.0
24,10055,356.0
24,10081,356.0
24,10109,356.0
24,10123,356.0
24,10149,356.0
24,10163,358.0
24,10183,358.0
24,10211,358.0
24,10213,358.0
24,10245,358.0
24,10261,358.0
24,10287,358.0
24,10289,358.0
24,10303,358.0
24,10331,358.0
24,10345,374.0
24,10359,374.0
24,10391,374.0
24,10405,374.0
24,10431,378.0
24,10445,378.0
24,10459,378.0
24,10477,378.0
24,10495,378.0
24,10509,387.0
24,10541,387.0
24,10557,387.0
24,10573,387.0
24,10601,387.0
24,10603,387.0
24,10617,387.0
24,10645,387.0
24,10665,387.0
24,10667,387.0
24,10695,387.0
24,10725,387.0
24,10739,387.0
24,10767,387.0
24,10769,387.0
24,10799,387.0
24,10829,387.0
24,10855,387.0
24,10871,387.0
24,10873,387.0
24,10905,387.0
24,10921,387.0
24,10935,387.0
24,10937,387.0
24,10951,387.0
24,10971,387.0
24,10985,387.0
24,11001,387.0
24,11027,387.0
24,11055,387.0
24,11075,387.0
24,11077,387.0
24,11091,387.0
24,11093,387.0
24,11095,387.0
24,11121,391.0
24,11143,391.0
24,11157,391.0
24,11171,391.0
24,11185,391.0
24,11199,391.0
24,11217,391.0
24,11219,391.0
24,11233,391.0
24,11247,391.0
24,11261,391.0
24,11275,391.0
24,11289,391.0
24,11319,392.0
24,11347,392.0
24,11373,399.0
24,11399,401.0
24,11425,401.0
24,11439,401.0
24,11469,406.0
24,11495,406.0
24,11513,406.0
24,11529,406.0
24,11547,406.0
24,11577,406.0
24,11593,406.0
24,11627,406.0
24,11647,406.0
24,11649,406.0
24,11663,410.0
24,11665,410.0
24,11691,410.0
24,11705,410.0
24,11721,410.0
24,11749,410.0
24,11767,410.0
24,11799,410.0
24,11801,410.0
24,11817,410.0
24,11835,410.0
24,11851,410.0
24,11881,410.0
24,11899,410.0
24,11927,410.0
24,11959,410.0
24,11961,410.0
24,11987,412.0
24,12003,412.0
24,12029,412.0
24,12061,412.0
24,12075,412.0
24,12101,412.0
24,12129,412.0
24,12131,412.0
24,12145,412.0
24,12161,412.0
24,12191,412.0
24,12219,412.0
24,12233,412.0
24,12259,412.0
24,12261,412.0
24,12287,412.0
24,12313,412.0
24,12331,412.0
24,12345,412.0
24,12375,412.0
24,12377,412.0
24,12379,412.0
24,12381,412.0
24,12383,412.0
24,12415,412.0
24,12441,412.0
24,12455,412.0
24,12469,412.0
24,12471,412.0
24,12485,412.0
24,12499,412.0
24,12525,412.0
24,12539,412.0
24,12555,412.0
24,12557,412.0
24,12571,412.0
24,12599,412.0
24,12613,412.0
24,12641,412.0
24,12671,413.0
24,12685,413.0
24,12713,413.0
24,12739,413.0
24,12741,413.0
24,12769,418.0
24,12799,418.0
24,12829,418.0
24,12863,418.0
24,12889,418.0
24,12891,418.0
24,12893,418.0
24,12921,418.0
24,12949,418.0
24,12963,418.0
24,12979,418.0
24,13005,418.0
24,13019,418.0
24,13033,418.0
24,13061,418.0
24,13075,418.0
24,13077,418.0
24,13091,418.0
24,13105,418.0
24,13131,418.0
24,13149,418.0
24,13151,418.0
24,13165,418.0
24,13167,418.0
24,13197,418.0
24,13199,418.0
24,13219,418.0
24,13245,418.0
24,13259,418.0
24,13273,418.0
24,13301,418.0
24,13329,418.0
24,13343,418.0
24,13357,418.0
24,13371,418.0
24,13385,418.0
24,13413,418.0
24,13431,418.0
24,13459,418.0
24,13461,418.0
24,13489,418.0
24,13503,418.0
24,13517,418.0
24,13531,418.0
24,13545,418.0
24,13547,418.0
24,13563,418.0
24,13565,418.0
24,13579,418.0
24,13597,418.0
24,13613,418.0
24,13615,418.0
24,13643,418.0
24,13675,418.0
24,13701,418.0
24,13727,418.0
24,13741,418.0
24,13775,418.0
24,13789,418.0
24,13791,418.0
24,13807,418.0
24,13809,418.0
24,13835,418.0
24,13863,418.0
24,13877,418.0
24,13893,418.0
24,13895,418.0
24,13921,418.0
24,13947,418.0
24,13963,418.0
24,13991,418.0
24,14007,418.0
24,14033,418.0
24,14047,418.0
24,14061,418.0
24,14075,418.0
24,14103,418.0
24,14105,418.0
24,14119,418.0
24,14145,418.0
24,14171,418.0
24,14187,418.0
24,14215,418.0
24,14233,418.0
24,14235,418.0
24,14251,418.0
24,14277,419.0
24,14293,419.0
24,14307,420.0
24,14321,420.0
24,14349,420.0
24,14365,420.0
24,14393,420.0
24,14425,420.0
24,14439,420.0
24,14455,420.0
24,14469,420.0
24,14485,420.0
24,14511,420.0
24,14525,420.0
24,14539,420.0
24,14541,420.0
24,14543,420.0
24,14571,420.0
24,14599,420.0
24,14625,421.0
24,14653,421.0
24,14679,421.0
24,14705,421.0
24,14733,421.0
24,14761,421.0
24,14789,421.0
24,14805,421.0
24,14807,421.0
24,14839,421.0
24,14855,421.0
24,14881,421.0
24,14897,421.0
24,14913,421.0
24,14927,421.0
24,14953,421.0
24,14955,421.0
24,14983,421.0
24,14997,421.0
24,15023,421.0
24,15051,421.0
24,15065,421.0
24,15067,421.0
24,15069,421.0
24,15085,421.0
24,15113,421.0
24,15129,421.0
24,15143,421.0
24,15171,421.0
24,15185,421.0
24,15187,421.0
24,15201,421.0
24,15203,421.0
24,15221,421.0
24,15223,421.0
24,15239,421.0
24,15265,421.0
24,15293,421.0
24,15307,421.0
24,15335,421.0
24,15337,421.0
24,15365,421.0
24,15367,421.0
24,15381,421.0
24,15395,421.0
24,15397,421.0
24,15411,421.0
24,15425,421.0
24,15439,421.0
24,15469,421.0
24,15483,421.0
24,15485,421.0
24,15499,421.0
24,15513,421.0
24,15515,421.0
24,15517,421.0
24,15533,421.0
24,15551,421.0
24,15565,421.0
24,15581,421.0
24,15583,421.0
24,15601,421.0
24,15627,428.0
24,15653,428.0
24,15679,428.0
24,15705,428.0
24,15721,428.0
24,15735,428.0
24,15763,428.0
24,15777,428.0
24,15779,428.0
24,15795,428.0
24,15809,428.0
24,15823,428.0
24,15839,428.0
24,15865,428.0
24,15893,428.0
24,15911,428.0
24,15913,428.0
24,15927,428.0
24,15941,428.0
24,15969,428.0
24,15985,428.0
24,15999,428.0
24,16033,428.0
24,16047,428.0
24,16061,428.0
24,16089,428.0
24,16107,428.0
24,16123,428.0
24,16137,428.0
24,16155,428.0
24,16169,428.0
24,16185,428.0
24,16199,428.0
24,16213,428.0
24,16227,428.0
24,16259,428.0
24,16287,428.0
24,16301,428.0
24,16315,428.0
24,16329,428.0
24,16345,428.0
24,16359,428.0
24,16387,428.0
24,16413,428.0
24,16415,428.0
24,16417,428.0
24,16445,428.0
24,16447,428.0
24,16461,428.0
24,16463,428.0
24,16477,428.0
24,16507,428.0
24,16521,428.0
24,16523,428.0
24,16539,428.0
24,16557,428.0
24,16575,428.0
24,16605,428.0
24,16631,428.0
24,16649,428.0
24,16679,428.0
24,16693,428.0
24,16709,428.0
24,16711,428.0
24,16713,428.0
24,16739,428.0
24,16753,428.0
24,16779,428.0
24,16795,428.0
24,16809,428.0
24,16811,428.0
24,16825,428.0
24,16839,428.0
24,16853,428.0
24,16869,428.0
24,16897,428.0
24,16913,428.0
24,16945,428.0
24,16965,428.0
24,16979,428.0
24,17007,428.0
24,17009,428.0
24,17023,428.0
24,17039,428.0
24,17053,428.0
24,17081,428.0
24,17109,428.0
24,17123,428.0
24,17137,428.0
24,17151,428.0
24,17179,428.0
24,17195,428.0
24,17223,428.0
24,17237,428.0
24,17271,428.0
24,17285,428.0
24,17301,428.0
24,17331,428.0
24,17333,428.0
24,17347,428.0
24,17373,428.0
24,17389,428.0
24,17403,428.0
24,17429,428.0
24,17455,428.0
24,17481,428.0
24,17497,428.0
24,17527,428.0
24,17541,428.0
24,17543,428.0
24,17545,428.0
24,17579,428.0
24,17595,428.0
24,17623,428.0
24,17637,428.0
24,17639,428.0
24,17667,428.0
24,17683,428.0
24,17711,428.0
24,17737,428.0
24,17759,428.0
24,17761,428.0
24,17789,428.0
24,17815,428.0
24,17829,428.0
24,17843,428.0
24,17877,428.0
24,17893,428.0
24,17895,428.0
24,17923,428.0
24,17951,428.0
24,17979,428.0
24,17995,428.0
24,18009,428.0
24,18037,428.0
24,18053,428.0
24,18079,428.0
24,18081,428.0
24,18111,428.0
24,18141,428.0
24,18157,428.0
24,18183,428.0
24,18201,428.0
24,18215,428.0
24,18233,428.0
24,18263,428.0
24,18291,428.0
24,18317,428.0
24,18349,428.0
24,18377,428.0
24,18391,428.0
24,18407,428.0
24,18425,428.0
24,18441,428.0
24,18457,428.0
24,18487,428.0
24,18517,428.0
24,18531,428.0
24,18533,428.0
24,18535,428.0
24,18549,428.0
24,18551,428.0
24,18579,428.0
24,18581,428.0
24,18583,428.0
24,18611,428.0
24,18625,428.0
24,18639,428.0
24,18655,428.0
24,18669,428.0
24,18685,428.0
24,18699,428.0
24,18713,428.0
24,18727,428.0
24,18759,428.0
24,18793,428.0
24,18795,428.0
24,18809,428.0
24,18823,428.0
24,18849,428.0
24,18851,428.0
24,18867,428.0
24,18893,428.0
25,8762,316.0
25,8776,316.0
25,8792,316.0
25,8818,316.0
25,8850,316.0
25,8852,316.0
25,8880,316.0
25,8882,316.0
25,8884,316.0
25,8912,316.0
25,9333,316.0
25,9363,322.0
25,9377,322.0
25,9405,322.0
25,9433,330.0
25,9447,347.0
25,9473,358.0
25,9475,358.0
25,9501,366.0
25,9533,366.0
25,9535,366.0
25,9561,366.0
25,9575,366.0
25,9589,366.0
25,9621,366.0
25,9635,366.0
25,9665,366.0
25,9681,366.0
25,9683,366.0
25,9709,366.0
25,9723,366.0
25,9751,366.0
25,9779,366.0
25,9793,366.0
25,9821,366.0
25,9849,366.0
25,9881,366.0
25,9909,366.0
25,9911,366.0
25,9927,366.0
25,9943,366.0
25,9969,371.0
25,9985,371.0
25,9987,371.0
25,10001,371.0
25,10003,371.0
25,10017,380.0
25,10033,380.0
25,10059,380.0
25,10085,380.0
25,10113,380.0
25,10127,380.0
25,10141,380.0
25,10159,380.0
25,10189,380.0
25,10203,380.0
25,10205,380.0
25,10223,380.0
25,10237,382.0
25,10263,382.0
25,10295,382.0
25,10313,382.0
25,10339,382.0
25,10359,382.0
25,10387,388.0
25,10417,388.0
25,10431,388.0
25,10461,388.0
25,10475,388.0
25,10497,388.0
25,10511,392.0
25,10539,393.0
25,10541,393.0
25,10573,393.0
25,10575,393.0
25,10591,393.0
25,10593,393.0
25,10621,393.0
25,10655,393.0
25,10683,397.0
25,10697,397.0
25,10711,397.0
25,10737,397.0
25,10769,397.0
25,10783,397.0
25,10809,398.0
25,10811,398.0
25,10827,398.0
25,10859,398.0
25,10877,398.0
25,10895,398.0
25,10897,398.0
25,10911,398.0
25,10943,398.0
25,10945,398.0
25,10947,398.0
25,10961,398.0
25,10975,398.0
25,10989,398.0
25,10991,398.0
25,11007,398.0
25,11009,398.0
25,11029,398.0
25,11031,398.0
25,11061,398.0
25,11075,398.0
25,11103,398.0
25,11117,398.0
25,11119,398.0
25,11147,403.0
25,11163,403.0
25,11165,403.0
25,11181,403.0
25,11195,403.0
25,11197,403.0
25,11211,403.0
25,11227,403.0
25,11255,403.0
25,11269,403.0
25,11283,403.0
25,11301,403.0
25,11315,403.0
25,11331,403.0
25,11359,403.0
25,11361,403.0
25,11387,403.0
25,11413,403.0
25,11427,403.0
25,11441,403.0
25,11443,403.0
25,11457,403.0
25,11471,403.0
25,11485,403.0
25,11501,403.0
25,11517,403.0
25,11545,403.0
25,11575,403.0
25,11591,403.0
25,11621,403.0
25,11649,403.0
25,11651,403.0
25,11677,403.0
25,11703,403.0
25,11729,403.0
25,11755,403.0
25,11783,403.0
25,11811,403.0
25,11827,403.0
25,11853,403.0
25,11879,403.0
25,11895,403.0
25,11897,403.0
25,11899,403.0
25,11915,403.0
25,11933,403.0
25,11947,403.0
25,11961,403.0
25,11975,403.0
25,12001,404.0
25,12015,404.0
25,12043,406.0
25,12071,406.0
25,12087,406.0
25,12089,406.0
25,12103,406.0
25,12131,406.0
25,12147,408.0
25,12179,408.0
25,12207,410.0
25,12221,414.0
25,12237,414.0
25,12251,414.0
25,12269,414.0
25,12271,414.0
25,12299,414.0
25,12313,414.0
25,12327,414.0
25,12341,414.0
25,12367,414.0
25,12369,414.0
25,12371,414.0
25,12401,414.0
25,12429,414.0
25,12431,414.0
25,12459,414.0
25,12473,414.0
25,12501,414.0
25,12521,414.0
25,12535,414.0
25,12549,414.0
25,12565,414.0
25,12583,414.0
25,12599,414.0
25,12629,414.0
25,12661,414.0
25,12675,414.0
25,12703,414.0
25,12705,414.0
25,12719,414.0
25,12733,414.0
25,12759,414.0
25,12785,414.0
25,12801,414.0
25,12819,414.0
25,12849,414.0
25,12851,414.0
25,12865,421.0
25,12867,421.0
25,12869,421.0
25,12883,421.0
25,12897,421.0
25,12913,421.0
25,12941,421.0
25,12969,421.0
25,12983,421.0
25,13011,421.0
25,13037,421.0
25,13065,421.0
25,13079,421.0
25,13093,421.0
25,13107,421.0
25,13123,421.0
25,13137,421.0
25,13139,421.0
25,13169,421.0
25,13183,421.0
25,13197,421.0
25,13211,421.0
25,13229,421.0
25,13243,421.0
25,13269,421.0
25,13283,421.0
25,13311,421.0
25,13327,421.0
25,13329,421.0
25,13359,421.0
25,13377,421.0
25,13393,421.0
25,13419,421.0
25,13435,421.0
25,13451,421.0
25,13465,421.0
25,13479,421.0
25,13513,421.0
25,13527,421.0
25,13557,421.0
25,13575,421.0
25,13577,421.0
25,13595,421.0
25,13609,421.0
25,13635,421.0
25,13651,421.0
25,13665,421.0
25,13667,421.0
25,13669,421.0
25,13697,421.0
25,13711,421.0
25,13725,421.0
25,13739,421.0
25,13741,421.0
25,13767,421.0
25,13769,421.0
25,13795,421.0
25,13809,421.0
25,13839,421.0
25,13857,421.0
25,13873,421.0
25,13889,421.0
25,13905,421.0
25,13907,421.0
25,13923,421.0
25,13955,421.0
25,13971,421.0
25,13987,421.0
25,14017,421.0
25,14045,421.0
25,14047,421.0
25,14073,421.0
25,14101,421.0
25,14133,421.0
25,14135,421.0
25,14149,421.0
25,14167,421.0
25,14183,421.0
25,14211,421.0
25,14213,421.0
25,14241,421.0
25,14243,421.0
25,14269,421.0
25,14295,421.0
25,14321,421.0
25,14347,421.0
25,14379,421.0
25,14405,421.0
25,14421,421.0
25,14437,421.0
25,14463,421.0
25,14477,421.0
25,14503,421.0
25,14533,421.0
25,14535,421.0
25,14549,421.0
25,14565,421.0
25,14579,421.0
25,14607,421.0
25,14609,421.0
25,14627,421.0
25,14629,421.0
25,14655,421.0
25,14669,421.0
25,14671,421.0
25,14687,421.0
25,14705,421.0
25,14707,421.0
25,14723,421.0
25,14741,421.0
25,14755,421.0
25,14757,421.0
25,14775,421.0
25,14791,421.0
25,14819,421.0
25,14833,421.0
25,14859,421.0
25,14873,421.0
25,14887,421.0
25,14919,421.0
25,14933,421.0
25,14947,421.0
25,14963,421.0
25,14977,421.0
25,14995,421.0
25,15023,421.0
25,15037,421.0
25,15063,421.0
25,15079,421.0
25,15093,421.0
25,15095,421.0
25,15109,421.0
25,15129,421.0
25,15131,421.0
25,15145,421.0
25,15159,421.0
25,15173,421.0
25,15199,421.0
25,15215,421.0
25,15241,421.0
25,15255,421.0
25,15285,421.0
25,15287,421.0
25,15313,421.0
25,15315,421.0
25,15331,421.0
25,15333,421.0
25,15335,421.0
25,15361,421.0
25,15389,421.0
25,15391,421.0
25,15413,421.0
25,15415,421.0
25,15445,424.0
25,15461,424.0
25,15475,424.0
25,15503,424.0
25,15529,424.0
25,15557,424.0
25,15571,424.0
25,15585,424.0
25,15601,424.0
25,15627,424.0
25,15645,424.0
25,15659,424.0
25,15661,424.0
25,15675,424.0
25,15691,424.0
25,15705,424.0
25,15719,424.0
25,15751,424.0
25,15769,424.0
25,15787,424.0
25,15801,424.0
25,15817,424.0
25,15819,424.0
25,15821,424.0
25,15835,424.0
25,15861,424.0
25,15889,424.0
25,15907,424.0
25,15933,424.0
25,15961,424.0
25,15989,424.0
25,16005,424.0
25,16007,424.0
25,16021,424.0
25,16035,424.0
25,16049,424.0
25,16051,424.0
25,16067,424.0
25,16093,424.0
25,16121,424.0
25,16149,424.0
25,16163,424.0
25,16193,424.0
25,16207,424.0
25,16221,424.0
25,16235,424.0
25,16251,424.0
25,16279,424.0
25,16281,424.0
25,16283,424.0
25,16311,424.0
25,16337,424.0
25,16351,424.0
25,16365,424.0
25,16381,424.0
25,16397,424.0
25,16425,424.0
25,16451,424.0
25,16465,424.0
25,16491,424.0
25,16493,424.0
25,16507,424.0
25,16509,424.0
25,16525,424.0
25,16539,424.0
25,16553,424.0
25,16573,424.0
25,16587,424.0
25,16601,424.0
25,16615,424.0
25,16629,424.0
25,16647,424.0
25,16677,424.0
25,16705,425.0
25,16741,425.0
25,16755,425.0
25,16769,425.0
25,16783,425.0
25,16785,425.0
25,16811,425.0
25,16825,425.0
25,16839,425.0
25,16855,425.0
25,16869,425.0
25,16897,425.0
25,16911,425.0
25,16925,425.0
25,16953,425.0
25,16955,425.0
25,16985,425.0
25,16999,425.0
25,17013,425.0
25,17029,425.0
25,17055,426.0
25,17081,426.0
25,17083,426.0
25,17099,426.0
25,17113,426.0
25,17127,426.0
25,17155,426.0
25,17185,426.0
25,17213,426.0
25,17215,426.0
25,17229,426.0
25,17247,426.0
25,17263,426.0
25,17291,426.0
25,17293,426.0
25,17321,426.0
25,17347,426.0
25,17365,426.0
25,17395,426.0
25,17421,426.0
25,17435,426.0
25,17449,426.0
25,17475,426.0
25,17501,426.0
25,17515,426.0
25,17545,426.0
25,17559,426.0
25,17585,426.0
25,17599,426.0
25,17615,426.0
25,17631,426.0
25,17633,426.0
25,17661,426.0
25,17663,426.0
25,17665,426.0
25,17695,426.0
25,17709,426.0
25,17735,426.0
25,17763,426.0
25,17777,426.0
25,17791,426.0
25,17805,426.0
25,17819,426.0
25,17845,426.0
25,17873,428.0
25,17889,428.0
25,17903,428.0
25,17919,428.0
25,17933,428.0
25,17949,428.0
25,17967,428.0
25,17981,428.0
25,18013,428.0
25,18015,428.0
25,18029,428.0
25,18043,428.0
25,18059,428.0
25,18085,428.0
25,18099,428.0
25,18127,428.0
25,18153,428.0
25,18179,428.0
25,18207,428.0
25,18223,428.0
25,18249,428.0
25,18275,428.0
25,18303,428.0
25,18305,428.0
25,18319,428.0
25,18349,428.0
25,18367,428.0
25,18369,428.0
25,18371,428.0
25,18373,428.0
25,18389,428.0
25,18405,428.0
25,18419,428.0
25,18437,428.0
25,18455,428.0
25,18469,428.0
25,18485,428.0
25,18519,428.0
25,18547,429.0
25,18563,429.0
25,18591,429.0
25,18619,429.0
25,18633,429.0
25,18659,429.0
25,18685,429.0
25,18713,429.0
25,18743,429.0
26,8680,314.0
26,8694,317.0
26,8720,317.0
26,8748,317.0
26,8776,330.0
26,8790,340.0
26,9229,340.0
26,9259,340.0
26,9285,340.0
26,9287,340.0
26,9301,342.0
26,9315,342.0
26,9329,342.0
26,9355,342.0
26,9383,342.0
26,9399,342.0
26,9427,342.0
26,9443,342.0
26,9471,342.0
26,9497,342.0
26,9513,342.0
26,9515,342.0
26,9531,342.0
26,9559,342.0
26,9591,342.0
26,9605,342.0
26,9633,342.0
26,9649,342.0
26,9665,342.0
26,9679,342.0
26,9693,342.0
26,9707,342.0
26,9723,342.0
26,9753,342.0
26,9769,342.0
26,9771,342.0
26,9787,342.0
26,9815,342.0
26,9817,368.0
26,9849,368.0
26,9851,368.0
26,9871,368.0
26,9873,368.0
26,9875,368.0
26,9907,368.0
26,9935,368.0
26,9949,368.0
26,9967,368.0
26,9997,368.0
26,10027,368.0
26,10041,368.0
26,10059,368.0
26,10075,368.0
26,10101,368.0
26,10103,368.0
26,10105,368.0
26,10131,368.0
26,10157,368.0
26,10185,368.0
26,10187,368.0
26,10201,368.0
26,10227,368.0
26,10243,368.0
26,10257,368.0
26,10285,368.0
26,10301,368.0
26,10315,368.0
26,10347,368.0
26,10361,368.0
26,10375,368.0
26,10407,368.0
26,10435,368.0
26,10463,368.0
26,10493,368.0
26,10521,368.0
26,10535,368.0
26,10565,375.0
26,10579,375.0
26,10607,375.0
26,10609,375.0
26,10641,375.0
26,10671,375.0
26,10689,375.0
26,10705,375.0
26,10735,376.0
26,10737,376.0
26,10767,376.0
26,10781,376.0
26,10807,385.0
26,10809,385.0
26,10811,385.0
26,10837,385.0
26,10851,385.0
26,10879,385.0
26,10895,385.0
26,10897,385.0
26,10913,385.0
26,10927,385.0
26,10953,385.0
26,10983,385.0
26,10997,389.0
26,11015,389.0
26,11031,391.0
26,11045,391.0
26,11071,391.0
26,11089,391.0
26,11103,391.0
26,11131,391.0
26,11147,391.0
26,11149,391.0
26,11163,391.0
26,11177,391.0
26,11207,400.0
26,11209,400.0
26,11211,400.0
26,11225,400.0
26,11265,400.0
26,11279,400.0
26,11281,400.0
26,11283,400.0
26,11311,400.0
26,11339,400.0
26,11341,400.0
26,11359,400.0
26,11361,400.0
26,11375,400.0
26,11389,400.0
26,11419,400.0
26,11447,400.0
26,11461,400.0
26,11487,400.0
26,11489,400.0
26,11503,400.0
26,11531,400.0
26,11547,400.0
26,11563,400.0
26,11565,400.0
26,11585,400.0
26,11601,400.0
26,11615,400.0
26,11643,400.0
26,11669,400.0
26,11685,400.0
26,11699,400.0
26,11727,400.0
26,11759,400.0
26,11773,400.0
26,11803,400.0
26,11833,400.0
26,11859,400.0
26,11887,400.0
26,11901,400.0
26,11927,400.0
26,11959,400.0
26,11973,400.0
26,11987,400.0
26,12019,400.0
26,12035,400.0
26,12061,400.0
26,12077,400.0
26,12107,400.0
26,12123,400.0
26,12137,400.0
26,12165,400.0
26,12183,400.0
26,12199,400.0
26,12227,404.0
26,12255,405.0
26,12269,405.0
26,12283,405.0
26,12311,405.0
26,12313,405.0
26,12327,405.0
26,12341,405.0
26,12355,405.0
26,12373,405.0
26,12399,405.0
26,12431,405.0
26,12433,405.0
26,12459,405.0
26,12473,405.0
26,12491,405.0
26,12519,412.0
26,12549,412.0
26,12577,412.0
26,12607,412.0
26,12633,414.0
26,12659,414.0
26,12687,414.0
26,12713,414.0
26,12727,414.0
26,12745,414.0
26,12763,414.0
26,12789,414.0
26,12791,414.0
26,12805,414.0
26,12819,414.0
26,12833,414.0
26,12861,414.0
26,12875,414.0
26,12889,414.0
26,12925,414.0
26,12953,414.0
26,12981,414.0
26,12995,414.0
26,12997,414.0
26,13025,414.0
26,13039,414.0
26,13053,414.0
26,13081,414.0
26,13083,414.0
26,13099,414.0
26,13115,414.0
26,13143,414.0
26,13157,414.0
26,13185,414.0
26,13199,414.0
26,13229,414.0
26,13261,414.0
26,13287,414.0
26,13305,414.0
26,13307,414.0
26,13323,414.0
26,13339,414.0
26,13365,414.0
26,13379,414.0
26,13405,414.0
26,13435,414.0
26,13451,414.0
26,13465,414.0
26,13483,414.0
26,13485,414.0
26,13515,414.0
26,13543,414.0
26,13577,414.0
26,13607,414.0
26,13623,414.0
26,13641,414.0
26,13657,414.0
26,13671,414.0
26,13673,414.0
26,13687,414.0
26,13713,418.0
26,13733,418.0
26,13751,418.0
26,13779,418.0
26,13807,418.0
26,13835,418.0
26,13865,418.0
26,13891,418.0
26,13919,418.0
26,13951,418.0
26,13965,418.0
26,13979,418.0
26,14007,418.0
26,14039,418.0
26,14067,418.0
26,14085,418.0
26,14111,420.0
26,14127,420.0
26,14143,420.0
26,14145,420.0
26,14159,420.0
26,14161,420.0
26,14187,420.0
26,14203,420.0
26,14217,420.0
26,14243,420.0
26,14257,420.0
26,14271,420.0
26,14297,420.0
26,14327,420.0
26,14357,420.0
26,14371,420.0
26,14401,420.0
26,14429,420.0
26,14457,420.0
26,14483,420.0
26,14511,420.0
26,14525,420.0
26,14553,420.0
26,14579,420.0
26,14607,420.0
26,14639,420.0
26,14653,420.0
26,14655,420.0
26,14657,420.0
26,14671,420.0
26,14685,420.0
26,14701,420.0
26,14715,420.0
26,14717,420.0
26,14731,420.0
26,14757,420.0
26,14771,420.0
26,14785,420.0
26,14787,420.0
26,14813,420.0
26,14841,420.0
26,14867,420.0
26,14883,420.0
26,14909,420.0
26,14923,420.0
26,14951,420.0
26,14977,420.0
26,14995,420.0
26,15021,420.0
26,15035,420.0
26,15037,420.0
26,15055,420.0
26,15069,420.0
26,15085,420.0
26,15113,420.0
26,15139,420.0
26,15167,420.0
26,15181,420.0
26,15199,420.0
26,15201,420.0
26,15215,420.0
26,15217,420.0
26,15233,420.0
26,15247,420.0
26,15265,420.0
26,15291,420.0
26,15307,420.0
26,15325,420.0
26,15341,420.0
26,15359,420.0
26,15373,420.0
26,15387,420.0
26,15415,420.0
26,15445,420.0
26,15473,420.0
26,15505,420.0
26,15519,420.0
26,15533,420.0
26,15547,420.0
26,15561,420.0
26,15577,420.0
26,15593,420.0
26,15607,420.0
26,15635,420.0
26,15665,420.0
26,15695,420.0
26,15711,420.0
26,15743,420.0
26,15771,420.0
26,15773,420.0
26,15801,420.0
26,15831,420.0
26,15845,420.0
26,15859,420.0
26,15885,420.0
26,15911,423.0
26,15937,423.0
26,15939,423.0
26,15967,423.0
26,15999,423.0
26,16015,423.0
26,16041,423.0
26,16071,423.0
26,16073,423.0
26,16089,423.0
26,16091,423.0
26,16105,423.0
26,16119,423.0
26,16133,423.0
26,16147,423.0
26,16161,423.0
26,16191,423.0
26,16205,423.0
26,16237,423.0
26,16251,423.0
26,16269,423.0
26,16283,423.0
26,16299,423.0
26,16313,423.0
26,16347,423.0
26,16373,423.0
26,16403,423.0
26,16417,423.0
26,16449,423.0
26,16451,423.0
26,16453,423.0
26,16455,423.0
26,16457,423.0
26,16485,423.0
26,16513,423.0
26,16539,423.0
26,16553,423.0
26,16567,423.0
26,16595,423.0
26,16621,423.0
26,16651,423.0
26,16677,423.0
26,16679,423.0
26,16695,423.0
26,16723,423.0
26,16737,423.0
26,16751,423.0
26,16765,423.0
26,16795,423.0
26,16797,423.0
26,16827,423.0
26,16841,423.0
26,16873,423.0
26,16887,423.0
26,16913,423.0
26,16945,423.0
26,16959,423.0
26,16973,423.0
26,16987,423.0
26,17015,423.0
26,17043,423.0
26,17075,423.0
26,17105,423.0
26,17133,423.0
26,17159,423.0
26,17175,423.0
26,17207,423.0
26,17221,423.0
26,17247,423.0
26,17263,423.0
26,17277,423.0
26,17309,423.0
26,17339,423.0
26,17353,423.0
26,17371,423.0
26,17387,423.0
26,17403,423.0
26,17419,423.0
26,17435,423.0
26,17463,423.0
26,17477,423.0
26,17491,423.0
26,17493,423.0
26,17507,423.0
26,17523,423.0
26,17551,423.0
26,17567,423.0
26,17581,423.0
26,17595,423.0
26,17621,423.0
26,17637,423.0
26,17663,425.0
26,17677,425.0
26,17703,425.0
26,17719,425.0
26,17733,425.0
26,17751,425.0
26,17753,425.0
26,17767,425.0
26,17769,425.0
26,17789,425.0
26,17805,425.0
26,17819,425.0
26,17849,425.0
26,17867,425.0
26,17883,425.0
26,17897,425.0
26,17911,425.0
26,17925,425.0
26,17941,425.0
26,17943,425.0
26,17971,425.0
26,17997,425.0
26,18011,425.0
26,18013,425.0
26,18043,425.0
26,18057,425.0
26,18071,425.0
26,18085,425.0
26,18099,425.0
26,18113,425.0
26,18127,425.0
26,18147,425.0
26,18165,425.0
26,18179,425.0
26,18195,425.0
26,18209,425.0
26,18223,425.0
26,18225,425.0
26,18241,425.0
26,18243,425.0
26,18275,425.0
26,18277,425.0
26,18291,425.0
26,18317,425.0
26,18331,425.0
26,18361,425.0
26,18391,425.0
26,18417,425.0
26,18433,425.0
26,18463,425.0
26,18465,425.0
26,18491,425.0
26,18505,425.0
26,18533,425.0
26,18559,425.0
26,18561,425.0
26,18575,425.0
26,18601,425.0
26,18615,425.0
26,18629,425.0
26,18655,425.0
26,18669,425.0
27,8676,289.0
27,9165,292.0
27,9167,292.0
27,9185,292.0
27,9199,303.0
27,9229,303.0
27,9257,303.0
27,9271,312.0
27,9289,312.0
27,9291,312.0
27,9311,312.0
27,9345,312.0
27,9361,312.0
27,9375,312.0
27,9377,312.0
27,9403,328.0
27,9431,328.0
27,9457,339.0
27,9485,339.0
27,9487,339.0
27,9515,339.0
27,9543,339.0
27,9545,339.0
27,9575,339.0
27,9577,339.0
27,9591,339.0
27,9605,339.0
27,9607,339.0
27,9621,339.0
27,9635,359.0
27,9661,359.0
27,9663,359.0
27,9691,359.0
27,9707,359.0
27,9723,359.0
27,9737,359.0
27,9753,359.0
27,9767,381.0
27,9781,381.0
27,9783,381.0
27,9811,389.0
27,9839,389.0
27,9865,389.0
27,9891,389.0
27,9907,389.0
27,9921,389.0
27,9935,389.0
27,9949,389.0
27,9963,389.0
27,9977,389.0
27,10003,389.0
27,10005,389.0
27,10023,389.0
27,10051,389.0
27,10053,389.0
27,10081,396.0
27,10097,396.0
27,10111,396.0
27,10125,396.0
27,10139,396.0
27,10169,396.0
27,10183,396.0
27,10211,400.0
27,10225,400.0
27,10251,400.0
27,10253,400.0
27,10281,400.0
27,10307,400.0
27,10321,404.0
27,10349,404.0
27,10377,404.0
27,10379,404.0
27,10381,404.0
27,10407,404.0
27,10409,404.0
27,10435,404.0
27,10449,404.0
27,10467,404.0
27,10469,404.0
27,10485,404.0
27,10499,404.0
27,10529,404.0
27,10543,404.0
27,10573,404.0
27,10599,404.0
27,10601,404.0
27,10627,404.0
27,10643,404.0
27,10671,404.0
27,10685,404.0
27,10703,404.0
27,10729,404.0
27,10743,404.0
27,10771,404.0
27,10805,404.0
27,10807,404.0
27,10835,404.0
27,10851,404.0
27,10865,404.0
27,10879,404.0
27,10893,404.0
27,10909,404.0
27,10937,404.0
27,10963,404.0
27,10965,404.0
27,10993,404.0
27,11019,404.0
27,11035,404.0
27,11063,404.0
27,11077,404.0
27,11103,404.0
27,11131,404.0
27,11157,404.0
27,11177,404.0
27,11191,404.0
27,11219,404.0
27,11233,404.0
27,11247,404.0
27,11263,404.0
27,11289,407.0
27,11315,407.0
27,11329,407.0
27,11331,407.0
27,11345,407.0
27,11377,407.0
27,11407,407.0
27,11423,407.0
27,11425,407.0
27,11451,407.0
27,11481,407.0
27,11495,407.0
27,11509,407.0
27,11535,407.0
27,11551,407.0
27,11565,407.0
27,11581,407.0
27,11595,407.0
27,11609,407.0
27,11623,407.0
27,11651,407.0
27,11669,407.0
27,11671,407.0
27,11673,407.0
27,11699,407.0
27,11713,409.0
27,11715,409.0
27,11743,409.0
27,11757,409.0
27,11785,409.0
27,11787,409.0
27,11801,409.0
27,11817,409.0
27,11835,409.0
27,11837,409.0
27,11867,409.0
27,11869,409.0
27,11899,409.0
27,11901,409.0
27,11919,409.0
27,11933,409.0
27,11959,409.0
27,11987,409.0
27,12013,409.0
27,12029,409.0
27,12059,409.0
27,12085,409.0
27,12113,409.0
27,12137,409.0
27,12165,409.0
27,12193,409.0
27,12221,409.0
27,12241,409.0
27,12255,409.0
27,12269,409.0
27,12297,409.0
27,12311,409.0
27,12327,409.0
27,12355,409.0
27,12369,409.0
27,12401,409.0
27,12415,409.0
27,12431,409.0
27,12457,409.0
27,12485,409.0
27,12511,409.0
27,12527,409.0
27,12553,409.0
27,12583,409.0
27,12609,409.0
27,12611,409.0
27,12627,409.0
27,12641,409.0
27,12655,409.0
27,12669,409.0
27,12683,409.0
27,12697,409.0
27,12711,409.0
27,12737,409.0
27,12753,409.0
27,12783,409.0
27,12797,409.0
27,12825,409.0
27,12853,409.0
27,12879,409.0
27,12881,409.0
27,12895,409.0
27,12925,409.0
27,12955,409.0
27,12983,409.0
27,12985,409.0
27,13001,409.0
27,13017,409.0
27,13019,409.0
27,13021,409.0
27,13037,409.0
27,13051,409.0
27,13053,409.0
27,13067,409.0
27,13081,409.0
27,13113,409.0
27,13127,409.0
27,13143,409.0
27,13169,409.0
27,13197,409.0
27,13211,413.0
27,13225,413.0
27,13251,413.0
27,13253,413.0
27,13285,413.0
27,13299,413.0
27,13325,413.0
27,13341,413.0
27,13355,413.0
27,13375,413.0
27,13401,413.0
27,13427,413.0
27,13441,413.0
27,13459,413.0
27,13473,413.0
27,13501,417.0
27,13515,417.0
27,13543,417.0
27,13545,417.0
27,13575,417.0
27,13601,417.0
27,13615,417.0
27,13631,417.0
27,13647,417.0
27,13661,417.0
27,13687,417.0
27,13689,417.0
27,13691,417.0
27,13719,417.0
27,13745,417.0
27,13759,417.0
27,13773,417.0
27,13803,417.0
27,13817,417.0
27,13819,417.0
27,13833,417.0
27,13847,417.0
27,13877,417.0
27,13879,417.0
27,13893,417.0
27,13907,417.0
27,13923,417.0
27,13949,417.0
27,13951,417.0
27,13971,417.0
27,13985,417.0
27,14003,417.0
27,14031,417.0
27,14047,417.0
27,14061,417.0
27,14087,417.0
27,14117,417.0
27,14145,417.0
27,14159,417.0
27,14187,417.0
27,14203,417.0
27,14231,417.0
27,14245,417.0
27,14275,417.0
27,14291,417.0
27,14307,417.0
27,14339,417.0
27,14353,417.0
27,14367,417.0
27,14397,417.0
27,14423,417.0
27,14453,417.0
27,14469,417.0
27,14497,417.0
27,14513,417.0
27,14529,417.0
27,14557,417.0
27,14589,417.0
27,14603,417.0
27,14623,417.0
27,14653,417.0
27,14681,417.0
27,14695,417.0
27,14697,417.0
27,14711,417.0
27,14727,417.0
27,14743,417.0
27,14759,417.0
27,14761,417.0
27,14777,417.0
27,14779,417.0
27,14809,417.0
27,14829,417.0
27,14855,417.0
27,14883,417.0
27,14897,417.0
27,14899,417.0
27,14901,417.0
27,14933,417.0
27,14961,417.0
27,14977,417.0
27,15005,422.0
27,15019,422.0
27,15035,422.0
27,15067,422.0
27,15083,422.0
27,15085,422.0
27,15113,422.0
27,15139,422.0
27,15169,422.0
27,15183,422.0
27,15211,422.0
27,15237,422.0
27,15251,422.0
27,15265,422.0
27,15279,422.0
27,15293,422.0
27,15307,422.0
27,15337,422.0
27,15351,422.0
27,15377,422.0
27,15391,422.0
27,15405,422.0
27,15419,422.0
27,15433,422.0
27,15459,422.0
27,15461,422.0
27,15493,422.0
27,15523,423.0
27,15537,425.0
27,15563,425.0
27,15577,425.0
27,15597,425.0
27,15613,425.0
27,15627,425.0
27,15641,425.0
27,15671,425.0
27,15687,425.0
27,15721,425.0
27,15739,425.0
27,15765,425.0
27,15781,425.0
27,15807,425.0
27,15823,425.0
27,15843,425.0
27,15857,425.0
27,15871,425.0
27,15891,425.0
27,15905,428.0
27,15919,428.0
27,15935,428.0
27,15937,428.0
27,15951,428.0
27,15965,428.0
27,15979,428.0
27,16005,428.0
27,16019,428.0
27,16033,428.0
27,16059,428.0
27,16073,428.0
27,16099,428.0
27,16127,428.0
27,16143,428.0
27,16173,428.0
27,16175,428.0
27,16203,428.0
27,16229,428.0
27,16257,428.0
27,16259,428.0
27,16285,428.0
27,16313,428.0
27,16327,428.0
27,16329,428.0
27,16343,428.0
27,16345,428.0
27,16359,428.0
27,16373,428.0
27,16375,428.0
27,16377,428.0
27,16395,428.0
27,16423,428.0
27,16425,428.0
27,16451,428.0
27,16479,428.0
27,16493,428.0
27,16519,428.0
27,16537,428.0
27,16551,428.0
27,16579,428.0
27,16607,428.0
27,16623,428.0
27,16625,428.0
27,16639,428.0
27,16653,428.0
27,16655,428.0
27,16669,428.0
27,16697,428.0
27,16711,428.0
27,16739,428.0
27,16753,428.0
27,16781,428.0
27,16797,428.0
27,16829,428.0
27,16843,428.0
27,16869,428.0
27,16871,428.0
27,16885,428.0
27,16899,428.0
27,16913,428.0
27,16927,428.0
27,16945,428.0
27,16973,428.0
27,17001,428.0
27,17003,428.0
27,17005,428.0
27,17033,428.0
27,17047,428.0
27,17049,428.0
27,17065,428.0
27,17079,428.0
27,17095,428.0
27,17109,428.0
27,17135,428.0
27,17163,428.0
27,17177,428.0
27,17205,428.0
27,17231,428.0
27,17261,428.0
27,17289,428.0
27,17305,428.0
27,17319,428.0
27,17347,428.0
27,17361,428.0
27,17377,428.0
27,17379,428.0
27,17381,428.0
27,17411,428.0
27,17413,428.0
27,17427,428.0
27,17459,428.0
27,17473,428.0
27,17505,428.0
27,17535,428.0
27,17549,428.0
27,17575,428.0
27,17603,428.0
27,17617,428.0
27,17633,428.0
27,17661,428.0
27,17687,428.0
27,17689,428.0
27,17703,428.0
27,17719,428.0
27,17721,428.0
27,17735,428.0
27,17765,428.0
27,17795,428.0
27,17821,428.0
27,17839,428.0
27,17859,428.0
27,17861,428.0
27,17875,428.0
27,17889,428.0
27,17903,428.0
27,17933,428.0
27,17959,428.0
27,17989,428.0
27,18021,428.0
27,18049,428.0
27,18079,428.0
27,18081,428.0
27,18107,428.0
27,18109,428.0
27,18111,428.0
27,18125,428.0
27,18141,428.0
27,18155,428.0
27,18169,428.0
27,18183,428.0
27,18199,428.0
27,18215,428.0
27,18245,428.0
27,18247,428.0
27,18273,428.0
27,18301,428.0
27,18315,428.0
27,18329,428.0
27,18331,428.0
27,18361,428.0
27,18389,428.0
27,18403,428.0
27,18431,428.0
27,18459,428.0
27,18489,428.0
27,18519,428.0
27,18537,428.0
27,18563,428.0
27,18591,428.0
27,18607,428.0
27,18633,428.0
27,18647,428.0
27,18649,428.0
28,9026,288.0
28,9042,288.0
28,9068,288.0
28,9096,288.0
28,9110,313.0
28,9136,337.0
28,9621,337.0
28,9647,337.0
28,9661,337.0
28,9687,355.0
28,9701,355.0
28,9715,355.0
28,9729,355.0
28,9743,355.0
28,9769,355.0
28,9799,355.0
28,9813,355.0
28,9841,355.0
28,9857,355.0
28,9871,355.0
28,9887,355.0
28,9917,355.0
28,9945,355.0
28,9959,355.0
28,9975,355.0
28,9989,357.0
28,10003,357.0
28,10029,363.0
28,10057,363.0
28,10091,363.0
28,10093,363.0
28,10119,363.0
28,10149,363.0
28,10151,363.0
28,10153,363.0
28,10167,363.0
28,10181,363.0
28,10195,363.0
28,10211,363.0
28,10225,367.0
28,10253,367.0
28,10267,371.0
28,10283,371.0
28,10309,371.0
28,10325,371.0
28,10327,371.0
28,10341,371.0
28,10355,371.0
28,10377,371.0
28,10393,371.0
28,10395,371.0
28,10423,371.0
28,10437,371.0
28,10451,371.0
28,10465,371.0
28,10479,375.0
28,10505,375.0
28,10533,375.0
28,10535,375.0
28,10549,375.0
28,10551,375.0
28,10553,375.0
28,10567,375.0
28,10581,375.0
28,10607,375.0
28,10621,375.0
28,10635,375.0
28,10663,375.0
28,10677,375.0
28,10693,375.0
28,10695,375.0
28,10709,375.0
28,10735,393.0
28,10749,393.0
28,10765,393.0
28,10779,393.0
28,10805,408.0
28,10823,408.0
28,10839,408.0
28,10871,408.0
28,10887,408.0
28,10913,408.0
28,10943,408.0
28,10945,408.0
28,10973,408.0
28,11001,408.0
28,11003,408.0
28,11029,408.0
28,11059,408.0
28,11087,408.0
28,11089,408.0
28,11117,408.0
28,11131,408.0
28,11161,408.0
28,11189,408.0
28,11203,408.0
28,11231,408.0
28,11247,408.0
28,11263,408.0
28,11277,408.0
28,11279,408.0
28,11297,408.0
28,11299,408.0
28,11317,408.0
28,11349,408.0
28,11363,408.0
28,11377,408.0
28,11405,408.0
28,11421,408.0
28,11449,408.0
28,11465,408.0
28,11479,408.0
28,11505,408.0
28,11519,408.0
28,11535,408.0
28,11561,410.0
28,11577,410.0
28,11605,410.0
28,11635,410.0
28,11649,410.0
28,11651,410.0
28,11683,410.0
28,11699,410.0
28,11715,410.0
28,11717,410.0
28,11731,410.0
28,11757,410.0
28,11771,410.0
28,11785,410.0
28,11813,410.0
28,11827,410.0
28,11841,410.0
28,11843,410.0
28,11857,410.0
28,11871,410.0
28,11899,410.0
28,11913,410.0
28,11941,412.0
28,11959,412.0
28,11975,412.0
28,12001,412.0
28,12029,412.0
28,12031,412.0
28,12057,412.0
28,12071,412.0
28,12087,412.0
28,12089,412.0
28,12115,412.0
28,12129,412.0
28,12131,412.0
28,12145,414.0
28,12161,414.0
28,12187,414.0
28,12213,414.0
28,12239,414.0
28,12253,414.0
28,12271,414.0
28,12273,414.0
28,12287,414.0
28,12289,414.0
28,12317,414.0
28,12331,414.0
28,12359,414.0
28,12387,416.0
28,12401,416.0
28,12429,416.0
28,12443,416.0
28,12445,416.0
28,12459,416.0
28,12487,416.0
28,12517,416.0
28,12533,416.0
28,12535,416.0
28,12553,416.0
28,12571,416.0
28,12585,416.0
28,12615,416.0
28,12629,416.0
28,12643,416.0
28,12645,416.0
28,12659,416.0
28,12689,416.0
28,12703,416.0
28,12717,416.0
28,12731,416.0
28,12759,416.0
28,12773,416.0
28,12775,416.0
28,12777,416.0
28,12803,416.0
28,12829,416.0
28,12845,416.0
28,12863,416.0
28,12879,416.0
28,12893,416.0
28,12919,416.0
28,12933,416.0
28,12947,416.0
28,12949,416.0
28,12977,416.0
28,13011,416.0
28,13013,416.0
28,13027,416.0
28,13043,416.0
28,13071,416.0
28,13073,416.0
28,13075,416.0
28,13077,416.0
28,13095,416.0
28,13121,416.0
28,13151,416.0
28,13167,416.0
28,13169,416.0
28,13189,416.0
28,13205,416.0
28,13219,416.0
28,13249,416.0
28,13277,416.0
28,13291,416.0
28,13309,416.0
28,13323,416.0
28,13341,416.0
28,13355,416.0
28,13369,416.0
28,13383,416.0
28,13401,416.0
28,13403,416.0
28,13405,416.0
28,13407,416.0
28,13423,416.0
28,13449,416.0
28,13451,416.0
28,13453,416.0
28,13471,416.0
28,13473,416.0
28,13503,416.0
28,13519,416.0
28,13553,416.0
28,13583,416.0
28,13597,416.0
28,13611,416.0
28,13639,416.0
28,13653,416.0
28,13655,416.0
28,13685,416.0
28,13717,416.0
28,13743,416.0
28,13761,416.0
28,13775,416.0
28,13793,416.0
28,13819,418.0
28,13851,418.0
28,13865,418.0
28,13891,418.0
28,13905,418.0
28,13933,418.0
28,13949,418.0
28,13967,418.0
28,13981,418.0
28,14007,418.0
28,14033,418.0
28,14063,418.0
28,14091,418.0
28,14125,418.0
28,14139,418.0
28,14171,418.0
28,14187,418.0
28,14203,418.0
28,14229,418.0
28,14231,418.0
28,14247,418.0
28,14269,418.0
28,14297,418.0
28,14323,418.0
28,14351,418.0
28,14365,418.0
28,14391,418.0
28,14411,418.0
28,14441,418.0
28,14467,418.0
28,14499,418.0
28,14527,418.0
28,14553,418.0
28,14569,418.0
28,14583,418.0
28,14609,418.0
28,14637,418.0
28,14653,418.0
28,14667,419.0
28,14697,419.0
28,14711,419.0
28,14741,419.0
28,14755,419.0
28,14789,419.0
28,14803,419.0
28,14835,419.0
28,14849,419.0
28,14875,419.0
28,14905,423.0
28,14931,423.0
28,14949,423.0
28,14977,423.0
28,14991,423.0
28,15009,423.0
28,15023,423.0
28,15037,423.0
28,15051,423.0
28,15079,423.0
28,15081,423.0
28,15095,423.0
28,15109,423.0
28,15143,423.0
28,15171,423.0
28,15173,423.0
28,15187,423.0
28,15213,423.0
28,15227,423.0
28,15241,423.0
28,15255,423.0
28,15257,423.0
28,15275,423.0
28,15289,423.0
28,15315,423.0
28,15341,423.0
28,15355,423.0
28,15387,423.0
28,15403,423.0
28,15405,423.0
28,15431,423.0
28,15433,423.0
28,15461,423.0
28,15487,423.0
28,15521,423.0
28,15551,423.0
28,15583,423.0
28,15597,423.0
28,15629,423.0
28,15643,423.0
28,15657,423.0
28,15659,423.0
28,15675,423.0
28,15691,423.0
28,15693,423.0
28,15721,423.0
28,15747,423.0
28,15777,423.0
28,15807,423.0
28,15809,423.0
28,15825,423.0
28,15827,423.0
28,15859,423.0
28,15873,423.0
28,15899,423.0
28,15933,423.0
28,15961,423.0
28,15977,423.0
28,16003,423.0
28,16029,423.0
28,16043,423.0
28,16071,423.0
28,16085,423.0
28,16101,423.0
28,16115,423.0
28,16131,423.0
28,16163,423.0
28,16191,423.0
28,16205,423.0
28,16221,423.0
28,16247,423.0
28,16261,423.0
28,16277,423.0
28,16291,423.0
28,16317,423.0
28,16337,423.0
28,16365,423.0
28,16391,423.0
28,16417,423.0
28,16443,423.0
28,16471,423.0
28,16499,423.0
28,16527,423.0
28,16557,423.0
28,16587,423.0
28,16613,423.0
28,16631,423.0
28,16633,423.0
28,16659,423.0
28,16673,423.0
28,16689,423.0
28,16719,423.0
28,16735,423.0
28,16751,423.0
28,16767,423.0
28,16785,423.0
28,16803,423.0
28,16831,423.0
28,16833,423.0
28,16859,423.0
28,16873,423.0
28,16875,423.0
28,16901,423.0
28,16915,423.0
28,16933,423.0
28,16947,423.0
28,16975,423.0
28,16989,423.0
28,17021,423.0
28,17023,423.0
28,17053,423.0
28,17069,423.0
28,17095,423.0
28,17111,423.0
28,17139,423.0
28,17153,424.0
28,17181,424.0
28,17195,424.0
28,17211,424.0
28,17227,424.0
28,17257,424.0
28,17259,424.0
28,17279,424.0
28,17309,424.0
28,17311,424.0
28,17325,424.0
28,17355,424.0
28,17381,424.0
28,17397,424.0
28,17411,424.0
28,17413,424.0
28,17429,424.0
28,17447,424.0
28,17449,424.0
28,17451,424.0
28,17465,424.0
28,17493,424.0
28,17521,424.0
28,17535,424.0
28,17537,424.0
28,17539,424.0
28,17555,424.0
28,17569,424.0
28,17603,424.0
28,17617,424.0
28,17645,424.0
28,17663,424.0
28,17681,424.0
28,17683,424.0
28,17685,424.0
28,17703,424.0
28,17705,424.0
28,17733,424.0
28,17759,424.0
28,17773,424.0
28,17789,424.0
28,17815,424.0
28,17829,424.0
28,17843,424.0
28,17873,424.0
28,17887,424.0
28,17919,424.0
28,17945,424.0
28,17947,424.0
28,17977,424.0
28,17979,424.0
28,17981,424.0
28,17995,424.0
28,18011,424.0
28,18037,424.0
28,18053,424.0
28,18083,424.0
28,18109,424.0
28,18123,424.0
28,18139,424.0
28,18167,424.0
28,18185,424.0
28,18199,424.0
28,18215,424.0
28,18231,424.0
28,18265,424.0
28,18267,424.0
28,18295,424.0
28,18309,424.0
28,18325,424.0
28,18353,424.0
28,18355,424.0
28,18373,424.0
28,18387,424.0
28,18401,424.0
28,18415,424.0
28,18441,424.0
28,18443,424.0
28,18445,424.0
28,18461,424.0
28,18477,424.0
28,18497,424.0
28,18499,424.0
28,18517,424.0
28,18547,424.0
28,18561,424.0
28,18595,424.0
28,18623,424.0
28,18637,424.0
28,18651,424.0
28,18665,424.0
28,18679,424.0
28,18693,424.0
28,18707,424.0
28,18721,424.0
28,18735,424.0
28,18737,424.0
28,18751,424.0
28,18767,424.0
28,18781,424.0
28,18809,424.0
28,18823,424.0
28,18839,424.0
28,18853,424.0
28,18881,424.0
28,18895,424.0
28,18921,424.0
28,18951,424.0
28,18953,424.0
28,18955,424.0
28,18969,424.0
28,19003,424.0
29,8854,316.0
29,8880,316.0
29,8882,316.0
29,9351,316.0
29,9365,316.0
29,9391,316.0
29,9405,316.0
29,9407,316.0
29,9409,316.0
29,9423,333.0
29,9449,341.0
29,9451,341.0
29,9465,341.0
29,9491,341.0
29,9523,341.0
29,9549,341.0
29,9567,341.0
29,9581,341.0
29,9595,341.0
29,9621,341.0
29,9649,356.0
29,9677,356.0
29,9703,356.0
29,9717,370.0
29,9747,370.0
29,9775,370.0
29,9805,370.0
29,9823,370.0
29,9837,370.0
29,9867,370.0
29,9895,370.0
29,9925,370.0
29,9939,370.0
29,9969,370.0
29,9999,370.0
29,10027,370.0
29,10029,370.0
29,10043,370.0
29,10071,370.0
29,10103,370.0
29,10117,370.0
29,10143,370.0
29,10157,370.0
29,10185,370.0
29,10203,370.0
29,10229,373.0
29,10245,373.0
29,10273,373.0
29,10303,373.0
29,10329,379.0
29,10359,379.0
29,10389,379.0
29,10405,379.0
29,10433,379.0
29,10435,379.0
29,10451,379.0
29,10453,379.0
29,10469,379.0
29,10487,380.0
29,10513,380.0
29,10539,380.0
29,10553,380.0
29,10567,380.0
29,10581,380.0
29,10613,380.0
29,10629,380.0
29,10643,380.0
29,10659,380.0
29,10687,383.0
29,10701,383.0
29,10727,387.0
29,10757,387.0
29,10759,387.0
29,10775,387.0
29,10791,391.0
29,10805,391.0
29,10819,391.0
29,10821,391.0
29,10849,391.0
29,10865,391.0
29,10891,391.0
29,10923,391.0
29,10949,391.0
29,10975,391.0
29,10977,391.0
29,10979,391.0
29,10981,391.0
29,10995,391.0
29,11011,391.0
29,11013,391.0
29,11031,391.0
29,11045,391.0
29,11047,391.0
29,11049,391.0
29,11077,391.0
29,11091,391.0
29,11123,391.0
29,11151,391.0
29,11167,391.0
29,11169,391.0
29,11171,391.0
29,11187,391.0
29,11203,391.0
29,11219,391.0
29,11247,399.0
29,11275,399.0
29,11293,399.0
29,11311,399.0
29,11343,399.0
29,11375,399.0
29,11409,399.0
29,11437,399.0
29,11451,399.0
29,11477,399.0
29,11505,399.0
29,11531,399.0
29,11545,399.0
29,11547,399.0
29,11573,399.0
29,11587,399.0
29,11589,399.0
29,11619,399.0
29,11633,399.0
29,11647,399.0
29,11663,399.0
29,11693,399.0
29,11719,399.0
29,11721,399.0
29,11739,399.0
29,11773,399.0
29,11775,399.0
29,11805,399.0
29,11819,399.0
29,11857,399.0
29,11859,399.0
29,11877,399.0
29,11879,399.0
29,11881,399.0
29,11913,399.0
29,11927,399.0
29,11955,399.0
29,11975,399.0
29,11991,399.0
29,12007,399.0
29,12009,399.0
29,12035,399.0
29,12063,399.0
29,12093,399.0
29,12107,399.0
29,12121,399.0
29,12123,399.0
29,12151,399.0
29,12179,399.0
29,12207,399.0
29,12235,399.0
29,12251,399.0
29,12267,399.0
29,12293,401.0
29,12307,401.0
29,12321,401.0
29,12335,401.0
29,12361,401.0
29,12377,401.0
29,12393,401.0
29,12407,401.0
29,12421,401.0
29,12455,401.0
29,12469,401.0
29,12471,401.0
29,12497,401.0
29,12511,401.0
29,12541,401.0
29,12557,401.0
29,12559,401.0
29,12575,401.0
29,12589,402.0
29,12605,402.0
29,12627,402.0
29,12641,405.0
29,12657,405.0
29,12675,405.0
29,12689,405.0
29,12691,405.0
29,12709,405.0
29,12725,405.0
29,12753,405.0
29,12771,405.0
29,12803,405.0
29,12819,405.0
29,12835,405.0
29,12849,405.0
29,12875,405.0
29,12889,405.0
29,12891,405.0
29,12893,405.0
29,12921,405.0
29,12935,405.0
29,12963,405.0
29,12965,405.0
29,12967,405.0
29,12997,405.0
29,13013,405.0
29,13027,405.0
29,13029,405.0
29,13031,405.0
29,13057,407.0
29,13073,407.0
29,13099,407.0
29,13127,407.0
29,13163,407.0
29,13189,407.0
29,13221,407.0
29,13235,407.0
29,13265,407.0
29,13281,407.0
29,13283,407.0
29,13297,413.0
29,13313,413.0
29,13341,413.0
29,13343,413.0
29,13345,413.0
29,13359,413.0
29,13373,415.0
29,13387,415.0
29,13405,415.0
29,13423,415.0
29,13437,415.0
29,13451,415.0
29,13477,415.0
29,13479,415.0
29,13493,415.0
29,13509,415.0
29,13523,415.0
29,13539,415.0
29,13573,415.0
29,13575,415.0
29,13577,415.0
29,13579,415.0
29,13593,415.0
29,13607,415.0
29,13621,415.0
29,13647,415.0
29,13679,415.0
29,13695,415.0
29,13721,415.0
29,13755,415.0
29,13785,415.0
29,13803,415.0
29,13829,415.0
29,13831,415.0
29,13863,415.0
29,13877,415.0
29,13891,415.0
29,13919,416.0
29,13945,416.0
29,13961,416.0
29,13975,416.0
29,14003,416.0
29,14005,416.0
29,14019,416.0
29,14033,416.0
29,14047,416.0
29,14077,416.0
29,14103,416.0
29,14119,416.0
29,14133,416.0
29,14159,416.0
29,14189,416.0
29,14217,416.0
29,14231,419.0
29,14233,419.0
29,14261,419.0
29,14275,419.0
29,14277,419.0
29,14305,419.0
29,14323,419.0
29,14337,419.0
29,14351,419.0
29,14377,419.0
29,14415,419.0
29,14443,419.0
29,14473,419.0
29,14499,419.0
29,14515,419.0
29,14533,419.0
29,14549,419.0
29,14579,419.0
29,14609,419.0
29,14623,419.0
29,14639,419.0
29,14653,419.0
29,14679,419.0
29,14693,419.0
29,14707,426.0
29,14709,426.0
29,14725,426.0
29,14755,426.0
29,14757,426.0
29,14771,426.0
29,14785,426.0
29,14811,426.0
29,14825,426.0
29,14839,426.0
29,14855,426.0
29,14869,426.0
29,14895,426.0
29,14921,426.0
29,14923,426.0
29,14925,426.0
29,14957,426.0
29,14971,426.0
29,14987,426.0
29,15013,426.0
29,15029,426.0
29,15031,426.0
29,15049,426.0
29,15079,426.0
29,15105,426.0
29,15135,426.0
29,15165,426.0
29,15183,426.0
29,15197,426.0
29,15223,426.0
29,15237,426.0
29,15265,426.0
29,15295,426.0
29,15311,426.0
29,15345,426.0
29,15359,426.0
29,15387,426.0
29,15389,426.0
29,15391,426.0
29,15407,426.0
29,15423,426.0
29,15449,426.0
29,15463,426.0
29,15489,426.0
29,15517,426.0
29,15531,426.0
29,15533,426.0
29,15535,426.0
29,15549,426.0
29,15565,426.0
29,15567,426.0
29,15569,426.0
29,15583,426.0
29,15599,426.0
29,15617,426.0
29,15645,426.0
29,15675,426.0
29,15691,426.0
29,15705,426.0
29,15721,426.0
29,15751,426.0
29,15781,426.0
29,15797,426.0
29,15827,426.0
29,15855,426.0
29,15857,426.0
29,15871,426.0
29,15887,426.0
29,15913,426.0
29,15939,426.0
29,15941,426.0
29,15943,426.0
29,15945,426.0
29,15961,426.0
29,15979,426.0
29,15981,426.0
29,15995,426.0
29,16015,426.0
29,16017,426.0
29,16047,426.0
29,16049,426.0
29,16063,426.0
29,16065,426.0
29,16091,426.0
29,16093,426.0
29,16111,426.0
29,16125,426.0
29,16139,426.0
29,16153,426.0
29,16179,426.0
29,16193,426.0
29,16207,426.0
29,16221,426.0
29,16251,426.0
29,16253,426.0
29,16267,426.0
29,16283,426.0
29,16297,426.0
29,16313,426.0
29,16341,426.0
29,16367,426.0
29,16381,426.0
29,16395,426.0
29,16397,426.0
29,16413,426.0
29,16429,426.0
29,16443,426.0
29,16457,426.0
29,16485,426.0
29,16513,426.0
29,16527,426.0
29,16555,426.0
29,16569,426.0
29,16599,426.0
29,16625,426.0
29,16627,426.0
29,16653,426.0
29,16679,426.0
29,16681,426.0
29,16711,426.0
29,16725,426.0
29,16739,426.0
29,16753,426.0
29,16769,426.0
29,16789,426.0
29,16817,426.0
29,16819,426.0
29,16835,426.0
29,16837,426.0
29,16865,426.0
29,16879,426.0
29,16907,426.0
29,16921,426.0
29,16923,426.0
29,16937,426.0
29,16939,426.0
29,16941,426.0
29,16957,426.0
29,16983,426.0
29,17009,426.0
29,17011,426.0
29,17025,426.0
29,17039,426.0
29,17055,426.0
29,17081,426.0
29,17095,426.0
29,17109,426.0
29,17125,426.0
29,17155,426.0
29,17181,426.0
29,17197,426.0
29,17199,426.0
29,17227,426.0
29,17243,426.0
29,17257,426.0
29,17273,426.0
29,17301,426.0
29,17331,426.0
29,17345,426.0
29,17371,426.0
29,17401,426.0
29,17415,426.0
29,17429,426.0
29,17445,426.0
29,17459,426.0
29,17473,426.0
29,17475,426.0
29,17501,426.0
29,17531,426.0
29,17547,426.0
29,17573,426.0
29,17601,426.0
29,17617,426.0
29,17645,426.0
29,17659,426.0
29,17675,426.0
29,17701,426.0
29,17717,426.0
29,17743,426.0
29,17757,426.0
29,17775,426.0
29,17801,426.0
29,17819,426.0
29,17847,426.0
29,17861,426.0
29,17887,426.0
29,17915,426.0
29,17931,426.0
29,17949,426.0
29,17951,426.0
29,17965,426.0
29,17983,426.0
29,17985,426.0
29,18013,426.0
29,18041,426.0
29,18069,426.0
29,18085,426.0
29,18111,426.0
29,18141,426.0
29,18143,426.0
29,18157,426.0
29,18183,426.0
29,18199,426.0
29,18227,426.0
29,18241,426.0
29,18255,426.0
29,18281,426.0
29,18309,426.0
29,18331,426.0
29,18345,426.0
29,18375,426.0
29,18403,426.0
29,18417,426.0
29,18431,426.0
29,18461,426.0
29,18475,426.0
29,18503,426.0
29,18531,426.0
29,18559,426.0
29,18575,426.0
29,18605,426.0
29,18619,426.0
29,18647,426.0
29,18675,426.0
29,18677,426.0
29,18691,426.0
29,18725,426.0
29,18739,426.0
29,18741,426.0
29,18771,426.0
29,18797,426.0
29,18827,426.0
29,18841,426.0
30,8852,316.0
30,9323,316.0
30,9325,316.0
30,9343,316.0
30,9345,316.0
30,9371,316.0
30,9401,342.0
30,9417,342.0
30,9445,342.0
30,9473,342.0
30,9503,342.0
30,9533,342.0
30,9547,342.0
30,9561,342.0
30,9563,342.0
30,9565,342.0
30,9567,342.0
30,9581,342.0
30,9609,342.0
30,9639,342.0
30,9667,342.0
30,9681,342.0
30,9695,342.0
30,9697,342.0
30,9711,342.0
30,9713,342.0
30,9727,342.0
30,9755,342.0
30,9769,344.0
30,9799,367.0
30,9817,367.0
30,9833,367.0
30,9847,367.0
30,9877,367.0
30,9879,367.0
30,9907,367.0
30,9923,367.0
30,9937,367.0
30,9963,367.0
30,9977,367.0
30,10007,372.0
30,10021,372.0
30,10049,372.0
30,10075,372.0
30,10077,372.0
30,10105,372.0
30,10107,372.0
30,10121,372.0
30,10137,372.0
30,10151,372.0
30,10177,374.0
30,10195,374.0
30,10221,374.0
30,10235,374.0
30,10249,374.0
30,10265,374.0
30,10267,374.0
30,10281,380.0
30,10309,380.0
30,10337,392.0
30,10339,392.0
30,10365,392.0
30,10395,392.0
30,10425,392.0
30,10451,392.0
30,10483,392.0
30,10499,392.0
30,10513,392.0
30,10529,392.0
30,10555,397.0
30,10557,397.0
30,10583,397.0
30,10615,397.0
30,10641,397.0
30,10657,397.0
30,10685,397.0
30,10703,397.0
30,10731,404.0
30,10745,404.0
30,10759,404.0
30,10777,404.0
30,10805,404.0
30,10823,404.0
30,10853,404.0
30,10881,404.0
30,10899,404.0
30,10925,404.0
30,10939,404.0
30,10965,404.0
30,10979,404.0
30,10999,404.0
30,11027,404.0
30,11041,404.0
30,11057,404.0
30,11071,404.0
30,11085,404.0
30,11101,404.0
30,11103,404.0
30,11123,404.0
30,11149,404.0
30,11165,404.0
30,11179,404.0
30,11195,404.0
30,11221,404.0
30,11249,404.0
30,11277,404.0
30,11291,404.0
30,11293,404.0
30,11321,404.0
30,11347,404.0
30,11373,407.0
30,11399,407.0
30,11425,407.0
30,11441,407.0
30,11457,407.0
30,11473,407.0
30,11475,407.0
30,11491,407.0
30,11521,407.0
30,11537,407.0
30,11563,407.0
30,11565,407.0
30,11593,407.0
30,11607,407.0
30,11621,407.0
30,11647,407.0
30,11661,407.0
30,11675,407.0
30,11703,407.0
30,11731,407.0
30,11747,407.0
30,11775,407.0
30,11789,407.0
30,11807,407.0
30,11821,407.0
30,11835,407.0
30,11837,407.0
30,11851,407.0
30,11865,407.0
30,11881,407.0
30,11895,407.0
30,11925,407.0
30,11941,407.0
30,11955,407.0
30,11957,407.0
30,11971,407.0
30,11985,407.0
30,11987,407.0
30,12001,407.0
30,12017,407.0
30,12031,407.0
30,12063,407.0
30,12091,407.0
30,12117,412.0
30,12149,412.0
30,12163,412.0
30,12189,413.0
30,12205,413.0
30,12239,413.0
30,12267,413.0
30,12283,413.0
30,12299,413.0
30,12315,413.0
30,12331,413.0
30,12361,413.0
30,12375,413.0
30,12377,413.0
30,12379,413.0
30,12409,413.0
30,12435,413.0
30,12437,413.0
30,12451,413.0
30,12467,413.0
30,12485,413.0
30,12499,413.0
30,12513,413.0
30,12527,413.0
30,12547,413.0
30,12549,413.0
30,12563,413.0
30,12593,413.0
30,12621,413.0
30,12637,413.0
30,12653,413.0
30,12679,413.0
30,12711,413.0
30,12727,413.0
30,12757,413.0
30,12785,413.0
30,12799,413.0
30,12813,413.0
30,12847,413.0
30,12849,413.0
30,12881,413.0
30,12909,413.0
30,12923,413.0
30,12939,413.0
30,12953,413.0
30,12967,413.0
30,12993,413.0
30,13007,413.0
30,13035,413.0
30,13049,413.0
30,13075,413.0
30,13105,413.0
30,13133,413.0
30,13147,413.0
30,13165,413.0
30,13179,413.0
30,13193,413.0
30,13207,413.0
30,13221,413.0
30,13239,413.0
30,13255,413.0
30,13281,413.0
30,13307,413.0
30,13337,413.0
30,13339,413.0
30,13341,413.0
30,13357,413.0
30,13373,413.0
30,13375,413.0
30,13389,413.0
30,13415,413.0
30,13433,413.0
30,13447,413.0
30,13473,413.0
30,13475,413.0
30,13489,413.0
30,13523,413.0
30,13539,413.0
30,13565,413.0
30,13579,413.0
30,13593,413.0
30,13607,413.0
30,13623,413.0
30,13653,413.0
30,13681,413.0
30,13695,413.0
30,13721,413.0
30,13735,416.0
30,13767,416.0
30,13781,416.0
30,13797,416.0
30,13811,416.0
30,13825,416.0
30,13851,416.0
30,13853,416.0
30,13867,416.0
30,13869,416.0
30,13885,416.0
30,13899,417.0
30,13917,417.0
30,13931,417.0
30,13961,417.0
30,13975,417.0
30,13977,417.0
30,13979,417.0
30,13993,417.0
30,14021,417.0
30,14023,417.0
30,14025,417.0
30,14041,417.0
30,14071,417.0
30,14099,418.0
30,14127,419.0
30,14141,419.0
30,14143,419.0
30,14171,419.0
30,14199,419.0
30,14215,419.0
30,14229,419.0
30,14247,419.0
30,14261,419.0
30,14287,419.0
30,14313,419.0
30,14341,419.0
30,14355,419.0
30,14375,419.0
30,14389,419.0
30,14405,419.0
30,14435,419.0
30,14463,419.0
30,14477,419.0
30,14491,419.0
30,14507,419.0
30,14535,419.0
30,14563,419.0
30,14577,420.0
30,14591,420.0
30,14607,420.0
30,14609,420.0
30,14611,420.0
30,14625,420.0
30,14627,420.0
30,14641,420.0
30,14667,420.0
30,14669,420.0
30,14671,420.0
30,14687,420.0
30,14719,420.0
30,14733,420.0
30,14751,420.0
30,14781,420.0
30,14809,420.0
30,14823,420.0
30,14825,420.0
30,14855,420.0
30,14869,420.0
30,14895,420.0
30,14909,420.0
30,14937,420.0
30,14967,420.0
30,14993,420.0
30,14995,420.0
30,14997,420.0
30,15011,420.0
30,15037,420.0
30,15053,420.0
30,15055,420.0
30,15071,420.0
30,15097,420.0
30,15123,420.0
30,15137,420.0
30,15163,420.0
30,15189,420.0
30,15191,420.0
30,15193,420.0
30,15195,420.0
30,15209,420.0
30,15225,420.0
30,15227,420.0
30,15255,420.0
30,15269,420.0
30,15295,420.0
30,15309,420.0
30,15325,420.0
30,15351,420.0
30,15365,420.0
30,15367,420.0
30,15397,420.0
30,15411,420.0
30,15443,420.0
30,15457,420.0
30,15471,420.0
30,15497,420.0
30,15513,420.0
30,15549,420.0
30,15551,420.0
30,15565,420.0
30,15579,420.0
30,15597,420.0
30,15611,420.0
30,15613,420.0
30,15645,420.0
30,15661,420.0
30,15687,420.0
30,15689,420.0
30,15707,420.0
30,15735,420.0
30,15751,420.0
30,15781,420.0
30,15795,420.0
30,15797,420.0
30,15813,420.0
30,15827,420.0
30,15829,420.0
30,15843,420.0
30,15875,420.0
30,15891,420.0
30,15917,420.0
30,15933,420.0
30,15947,420.0
30,15973,420.0
30,15987,420.0
30,16003,420.0
30,16019,420.0
30,16035,420.0
30,16049,420.0
30,16063,423.0
30,16065,423.0
30,16067,423.0
30,16083,423.0
30,16099,423.0
30,16113,423.0
30,16139,424.0
30,16155,424.0
30,16169,424.0
30,16183,429.0
30,16199,429.0
30,16213,429.0
30,16243,429.0
30,16271,429.0
30,16301,429.0
30,16315,429.0
30,16329,429.0
30,16343,429.0
30,16377,429.0
30,16407,429.0
30,16425,429.0
30,16443,429.0
30,16445,429.0
30,16459,429.0
30,16489,429.0
30,16503,429.0
30,16531,429.0
30,16561,429.0
30,16563,429.0
30,16581,429.0
30,16595,429.0
30,16623,429.0
30,16637,429.0
30,16671,429.0
30,16689,429.0
30,16703,429.0
30,16719,429.0
30,16733,429.0
30,16735,429.0
30,16749,429.0
30,16775,429.0
30,16789,429.0
30,16803,429.0
30,16817,429.0
30,16831,429.0
30,16833,429.0
30,16847,429.0
30,16861,429.0
30,16875,429.0
30,16903,429.0
30,16933,429.0
30,16947,429.0
30,16949,429.0
30,16975,429.0
30,17009,429.0
30,17011,429.0
30,17027,429.0
30,17055,429.0
30,17085,429.0
30,17101,429.0
30,17131,429.0
30,17159,429.0
30,17187,429.0
30,17213,429.0
30,17215,429.0
30,17245,429.0
30,17261,429.0
30,17275,429.0
30,17291,429.0
30,17305,429.0
30,17307,429.0
30,17333,429.0
30,17347,429.0
30,17361,429.0
30,17375,429.0
30,17401,429.0
30,17429,429.0
30,17459,429.0
30,17473,429.0
30,17501,429.0
30,17503,429.0
30,17521,429.0
30,17551,429.0
30,17581,429.0
30,17609,429.0
30,17625,429.0
30,17655,429.0
30,17685,429.0
30,17701,429.0
30,17717,429.0
30,17743,429.0
30,17771,429.0
30,17773,429.0
30,17789,429.0
30,17817,429.0
30,17835,429.0
30,17849,429.0
30,17875,429.0
30,17903,429.0
30,17921,429.0
30,17947,429.0
30,17963,429.0
30,17991,429.0
30,18005,429.0
30,18039,429.0
30,18053,429.0
30,18055,429.0
30,18083,429.0
30,18099,429.0
30,18115,429.0
30,18129,429.0
30,18155,429.0
30,18169,431.0
30,18183,431.0
30,18199,431.0
30,18215,431.0
30,18231,431.0
30,18245,431.0
30,18259,431.0
30,18289,431.0
30,18315,431.0
30,18329,431.0
30,18343,431.0
30,18357,431.0
30,18359,431.0
30,18373,431.0
30,18403,431.0
30,18405,431.0
30,18435,431.0
30,18451,431.0
30,18465,431.0
30,18491,431.0
30,18505,431.0
30,18533,431.0
30,18561,431.0
30,18575,431.0
30,18591,431.0
30,18607,431.0
30,18621,431.0
30,18649,431.0
30,18651,431.0
30,18665,431.0
30,18693,431.0
30,18707,431.0
30,18709,431.0
30,18737,431.0
30,18739,431.0
30,18753,431.0
30,18767,431.0
30,18795,431.0
30,18827,431.0
