run,evaluations,best_so_far
1,5826,404.0
1,5852,409.0
1,5854,409.0
1,5868,432.0
1,6475,432.0
1,6489,432.0
1,6507,432.0
1,6535,437.0
1,6565,453.0
1,6579,453.0
1,6581,453.0
1,6609,453.0
1,6635,453.0
1,6649,453.0
1,6663,453.0
1,6677,464.0
1,6691,480.0
1,6693,480.0
1,6709,480.0
1,6723,480.0
1,6749,480.0
1,6775,480.0
1,6789,480.0
1,6803,480.0
1,6817,480.0
1,6831,480.0
1,6857,485.0
1,6859,485.0
1,6861,485.0
1,6887,485.0
1,6913,485.0
1,6927,485.0
1,6941,485.0
1,6943,485.0
1,6971,485.0
1,6999,485.0
1,7017,485.0
1,7033,485.0
1,7059,485.0
1,7087,485.0
1,7089,485.0
1,7115,485.0
1,7131,485.0
1,7149,485.0
1,7175,487.0
1,7193,487.0
1,7209,487.0
1,7237,500.0
1,7265,500.0
1,7295,500.0
1,7311,500.0
1,7325,500.0
1,7327,500.0
1,7345,500.0
1,7373,500.0
1,7387,500.0
1,7415,506.0
1,7429,506.0
1,7457,506.0
1,7459,506.0
1,7487,506.0
1,7513,515.0
1,7527,515.0
1,7545,515.0
1,7547,515.0
1,7563,515.0
1,7591,520.0
1,7607,520.0
1,7621,520.0
1,7637,520.0
1,7665,523.0
1,7699,523.0
1,7713,523.0
1,7745,523.0
1,7747,523.0
1,7749,523.0
1,7777,523.0
1,7793,523.0
1,7807,523.0
1,7833,523.0
1,7835,523.0
1,7849,523.0
1,7863,523.0
1,7865,523.0
1,7881,523.0
1,7897,523.0
1,7899,523.0
1,7913,523.0
1,7929,523.0
1,7943,523.0
1,7945,523.0
1,7963,523.0
1,7995,523.0
1,8009,523.0
1,8037,523.0
1,8067,523.0
1,8097,523.0
1,8113,523.0
1,8141,523.0
1,8155,523.0
1,8181,523.0
1,8207,523.0
1,8209,523.0
1,8223,523.0
1,8225,523.0
1,8239,523.0
1,8271,523.0
1,8299,523.0
1,8325,523.0
1,8339,523.0
1,8341,523.0
1,8343,523.0
1,8369,523.0
1,8383,523.0
1,8413,523.0
1,8427,523.0
1,8429,523.0
1,8443,523.0
1,8459,523.0
1,8487,523.0
1,8501,523.0
1,8531,523.0
1,8545,523.0
1,8547,523.0
1,8549,523.0
1,8563,525.0
1,8593,525.0
1,8621,525.0
1,8635,525.0
1,8649,525.0
1,8675,525.0
1,8691,525.0
1,8717,526.0
1,8743,526.0
1,8771,526.0
1,8785,526.0
1,8799,526.0
1,8813,526.0
1,8827,528.0
1,8853,530.0
1,8867,530.0
1,8881,530.0
1,8909,530.0
1,8939,530.0
1,8955,530.0
1,8983,530.0
1,9011,530.0
1,9025,530.0
1,9055,530.0
1,9087,530.0
1,9089,530.0
1,9105,530.0
1,9119,530.0
1,9121,530.0
1,9123,530.0
1,9125,530.0
1,9141,530.0
1,9159,530.0
1,9177,530.0
1,9191,530.0
1,9223,530.0
1,9239,530.0
1,9255,530.0
1,9271,530.0
1,9301,530.0
1,9329,530.0
1,9345,530.0
1,9359,530.0
1,9387,530.0
1,9389,530.0
1,9423,530.0
1,9425,530.0
1,9441,530.0
1,9443,530.0
1,9461,530.0
1,9475,530.0
1,9503,530.0
1,9505,530.0
1,9519,530.0
1,9547,530.0
1,9561,530.0
1,9577,530.0
1,9591,530.0
1,9605,530.0
1,9621,530.0
1,9649,530.0
1,9651,530.0
1,9679,530.0
1,9681,530.0
1,9695,530.0
1,9721,530.0
1,9747,530.0
1,9763,530.0
1,9777,530.0
1,9793,530.0
1,9807,530.0
1,9833,530.0
1,9847,530.0
1,9879,530.0
1,9893,530.0
1,9907,530.0
1,9921,539.0
1,9923,539.0
1,9937,539.0
1,9951,539.0
1,9965,539.0
1,9995,539.0
1,10021,539.0
1,10035,539.0
1,10053,539.0
1,10067,539.0
1,10081,539.0
1,10109,539.0
1,10133,539.0
1,10165,539.0
1,10179,539.0
1,10205,539.0
1,10219,539.0
1,10235,539.0
1,10263,539.0
1,10279,539.0
1,10305,539.0
1,10307,539.0
1,10335,539.0
1,10353,539.0
1,10367,539.0
1,10383,539.0
1,10415,539.0
1,10417,539.0
1,10431,539.0
1,10445,539.0
1,10461,539.0
1,10489,539.0
1,10515,541.0
1,10545,541.0
1,10561,541.0
1,10591,549.0
1,10619,549.0
1,10633,549.0
1,10651,549.0
1,10665,549.0
1,10679,549.0
1,10693,549.0
1,10707,549.0
1,10733,549.0
1,10747,549.0
1,10775,549.0
1,10789,549.0
1,10803,549.0
1,10817,549.0
1,10831,549.0
1,10845,549.0
1,10859,549.0
1,10861,549.0
1,10875,549.0
1,10895,549.0
1,10897,549.0
1,10913,549.0
1,10943,549.0
1,10957,549.0
1,10991,549.0
1,11019,549.0
1,11033,549.0
1,11047,549.0
1,11049,549.0
1,11051,549.0
1,11091,549.0
1,11093,549.0
1,11095,549.0
1,11113,549.0
1,11127,549.0
1,11157,549.0
1,11171,549.0
1,11173,549.0
1,11175,549.0
1,11201,549.0
1,11215,549.0
1,11229,549.0
1,11255,549.0
1,11283,549.0
1,11313,549.0
1,11341,549.0
1,11355,549.0
1,11383,549.0
1,11397,549.0
1,11425,549.0
1,11451,549.0
1,11477,549.0
1,11491,549.0
1,11519,549.0
1,11521,549.0
1,11523,549.0
1,11537,549.0
1,11551,549.0
1,11565,549.0
1,11593,549.0
1,11607,549.0
1,11621,549.0
1,11649,549.0
1,11663,549.0
1,11691,549.0
1,11705,549.0
1,11707,549.0
1,11709,549.0
1,11735,549.0
1,11763,549.0
1,11779,549.0
1,11811,549.0
1,11813,549.0
1,11841,549.0
1,11867,549.0
1,11893,549.0
1,11919,549.0
1,11945,549.0
1,11973,549.0
1,11999,549.0
1,12013,549.0
1,12027,549.0
1,12043,549.0
1,12073,549.0
1,12075,549.0
1,12077,549.0
1,12079,549.0
1,12095,549.0
1,12097,549.0
1,12115,549.0
1,12143,549.0
1,12157,549.0
1,12171,549.0
1,12199,549.0
1,12213,549.0
1,12229,549.0
1,12255,549.0
1,12257,549.0
1,12285,549.0
1,12287,549.0
1,12301,549.0
1,12303,549.0
1,12317,549.0
1,12333,549.0
1,12361,549.0
1,12375,549.0
1,12403,549.0
1,12431,549.0
1,12447,549.0
1,12463,549.0
1,12495,549.0
1,12521,549.0
1,12547,549.0
1,12581,549.0
1,12583,549.0
1,12585,549.0
1,12611,549.0
1,12625,549.0
1,12651,549.0
1,12683,549.0
1,12685,549.0
1,12713,549.0
1,12729,549.0
1,12757,549.0
1,12789,549.0
1,12803,549.0
1,12819,549.0
1,12847,549.0
1,12861,549.0
1,12891,549.0
1,12917,549.0
1,12919,549.0
1,12921,549.0
1,12935,549.0
1,12963,549.0
1,12991,549.0
1,13009,549.0
1,13039,549.0
1,13067,549.0
1,13081,549.0
1,13109,549.0
1,13135,549.0
1,13163,549.0
1,13189,549.0
1,13203,549.0
1,13229,549.0
1,13243,549.0
1,13257,549.0
1,13287,549.0
1,13313,549.0
1,13327,549.0
1,13341,549.0
1,13343,549.0
1,13371,549.0
1,13385,549.0
1,13405,549.0
1,13407,549.0
1,13437,549.0
1,13451,549.0
1,13479,549.0
1,13495,549.0
1,13523,549.0
1,13539,549.0
1,13557,549.0
1,13587,549.0
1,13613,549.0
1,13629,549.0
1,13631,549.0
1,13645,549.0
1,13671,549.0
1,13699,549.0
1,13713,549.0
1,13727,549.0
1,13741,549.0
1,13775,549.0
1,13777,549.0
1,13791,549.0
1,13805,549.0
1,13833,549.0
1,13863,549.0
1,13877,549.0
1,13879,549.0
1,13893,549.0
1,13895,549.0
1,13897,549.0
1,13911,549.0
1,13925,549.0
1,13939,549.0
1,13967,549.0
1,13983,549.0
1,14009,549.0
1,14037,552.0
1,14063,552.0
1,14091,552.0
1,14105,552.0
1,14131,552.0
1,14145,552.0
1,14161,552.0
1,14187,552.0
1,14203,552.0
1,14229,552.0
1,14245,552.0
1,14261,552.0
1,14291,552.0
1,14307,552.0
1,14321,552.0
1,14337,552.0
1,14363,552.0
1,14365,552.0
1,14391,552.0
1,14407,552.0
1,14423,552.0
1,14453,552.0
1,14469,552.0
1,14471,552.0
1,14499,552.0
1,14501,552.0
1,14515,552.0
1,14517,552.0
1,14545,552.0
1,14559,552.0
1,14573,552.0
1,14575,552.0
1,14589,552.0
1,14617,552.0
1,14633,552.0
1,14649,552.0
1,14677,552.0
1,14703,552.0
1,14731,552.0
1,14745,552.0
1,14759,552.0
1,14773,552.0
1,14787,552.0
1,14815,552.0
1,14843,552.0
1,14873,552.0
1,14905,552.0
1,14919,552.0
1,14945,552.0
1,14967,552.0
1,14995,552.0
1,14997,552.0
1,15027,552.0
1,15045,552.0
1,15073,552.0
1,15099,552.0
1,15113,552.0
1,15131,552.0
1,15157,552.0
1,15159,552.0
1,15161,552.0
1,15175,552.0
1,15189,552.0
1,15221,552.0
1,15235,552.0
1,15261,552.0
1,15287,552.0
1,15301,552.0
1,15331,552.0
1,15345,552.0
1,15361,552.0
1,15379,552.0
1,15393,552.0
1,15411,552.0
1,15413,552.0
1,15447,552.0
1,15449,552.0
1,15479,552.0
1,15493,552.0
1,15521,552.0
1,15549,552.0
1,15565,552.0
1,15579,552.0
1,15581,552.0
1,15607,552.0
1,15629,552.0
1,15659,552.0
1,15673,552.0
1,15701,552.0
1,15717,552.0
1,15733,552.0
1,15763,552.0
1,15765,552.0
1,15781,552.0
1,15809,552.0
2,5984,364.0
2,5998,375.0
2,6012,386.0
2,6014,386.0
2,6016,386.0
2,6647,386.0
2,6661,386.0
2,6693,417.0
2,6723,417.0
2,6749,417.0
2,6775,417.0
2,6791,417.0
2,6817,420.0
2,6831,420.0
2,6845,420.0
2,6875,448.0
2,6889,448.0
2,6903,448.0
2,6917,448.0
2,6933,448.0
2,6963,449.0
2,6979,449.0
2,7011,449.0
2,7027,449.0
2,7041,478.0
2,7067,478.0
2,7069,478.0
2,7095,478.0
2,7125,478.0
2,7155,478.0
2,7183,478.0
2,7211,478.0
2,7227,478.0
2,7243,478.0
2,7257,478.0
2,7275,478.0
2,7301,492.0
2,7317,492.0
2,7319,492.0
2,7333,492.0
2,7335,492.0
2,7337,492.0
2,7351,492.0
2,7367,492.0
2,7393,492.0
2,7407,492.0
2,7421,492.0
2,7449,496.0
2,7465,496.0
2,7497,496.0
2,7511,496.0
2,7525,496.0
2,7539,496.0
2,7567,496.0
2,7583,496.0
2,7597,496.0
2,7613,496.0
2,7639,505.0
2,7653,505.0
2,7667,505.0
2,7695,505.0
2,7709,505.0
2,7739,505.0
2,7765,505.0
2,7793,505.0
2,7819,505.0
2,7835,505.0
2,7837,505.0
2,7863,505.0
2,7877,505.0
2,7905,505.0
2,7919,505.0
2,7945,505.0
2,7959,514.0
2,7987,514.0
2,7989,514.0
2,8019,519.0
2,8045,524.0
2,8059,524.0
2,8087,524.0
2,8119,524.0
2,8149,524.0
2,8177,524.0
2,8179,524.0
2,8195,524.0
2,8223,524.0
2,8237,524.0
2,8263,524.0
2,8265,524.0
2,8281,524.0
2,8297,524.0
2,8299,524.0
2,8327,530.0
2,8357,530.0
2,8371,530.0
2,8373,530.0
2,8403,530.0
2,8417,530.0
2,8443,530.0
2,8459,530.0
2,8485,530.0
2,8501,530.0
2,8519,530.0
2,8545,530.0
2,8559,530.0
2,8587,530.0
2,8615,530.0
2,8617,530.0
2,8633,530.0
2,8647,530.0
2,8673,533.0
2,8701,533.0
2,8719,533.0
2,8721,533.0
2,8735,533.0
2,8761,533.0
2,8789,533.0
2,8803,533.0
2,8835,533.0
2,8861,533.0
2,8887,533.0
2,8915,533.0
2,8943,533.0
2,8973,533.0
2,8987,533.0
2,9015,533.0
2,9031,533.0
2,9033,533.0
2,9047,533.0
2,9061,533.0
2,9087,533.0
2,9089,533.0
2,9103,533.0
2,9131,533.0
2,9149,533.0
2,9151,533.0
2,9167,533.0
2,9195,533.0
2,9223,540.0
2,9251,540.0
2,9253,540.0
2,9283,540.0
2,9297,540.0
2,9313,540.0
2,9329,540.0
2,9331,540.0
2,9333,540.0
2,9361,540.0
2,9363,540.0
2,9389,540.0
2,9391,540.0
2,9393,540.0
2,9419,540.0
2,9451,540.0
2,9469,540.0
2,9489,540.0
2,9503,540.0
2,9517,540.0
2,9531,540.0
2,9547,540.0
2,9565,540.0
2,9567,540.0
2,9593,540.0
2,9621,540.0
2,9635,540.0
2,9637,540.0
2,9651,540.0
2,9665,540.0
2,9679,540.0
2,9693,540.0
2,9695,540.0
2,9721,542.0
2,9735,542.0
2,9763,542.0
2,9777,542.0
2,9779,542.0
2,9805,542.0
2,9807,542.0
2,9835,545.0
2,9849,545.0
2,9851,545.0
2,9879,545.0
2,9895,545.0
2,9897,545.0
2,9923,545.0
2,9937,545.0
2,9967,545.0
2,9999,545.0
2,10019,545.0
2,10047,545.0
2,10061,545.0
2,10091,545.0
2,10117,545.0
2,10143,545.0
2,10171,545.0
2,10197,545.0
2,10223,545.0
2,10249,545.0
2,10263,545.0
2,10265,545.0
2,10293,545.0
2,10295,545.0
2,10323,545.0
2,10325,545.0
2,10327,545.0
2,10329,545.0
2,10355,545.0
2,10371,545.0
2,10403,545.0
2,10431,545.0
2,10447,545.0
2,10449,545.0
2,10463,545.0
2,10477,545.0
2,10503,545.0
2,10531,545.0
2,10551,545.0
2,10581,545.0
2,10607,545.0
2,10609,545.0
2,10611,545.0
2,10637,545.0
2,10651,545.0
2,10677,545.0
2,10707,545.0
2,10733,545.0
2,10763,545.0
2,10789,545.0
2,10805,545.0
2,10833,545.0
2,10847,545.0
2,10873,545.0
2,10903,545.0
2,10917,545.0
2,10933,545.0
2,10947,545.0
2,10975,545.0
2,10995,545.0
2,11023,545.0
2,11037,545.0
2,11039,545.0
2,11065,545.0
2,11093,545.0
2,11109,545.0
2,11123,545.0
2,11149,545.0
2,11163,545.0
2,11189,545.0
2,11215,545.0
2,11233,545.0
2,11263,545.0
2,11279,545.0
2,11281,545.0
2,11311,545.0
2,11313,545.0
2,11327,545.0
2,11341,545.0
2,11371,545.0
2,11385,545.0
2,11399,545.0
2,11427,545.0
2,11455,545.0
2,11471,545.0
2,11485,545.0
2,11503,545.0
2,11517,545.0
2,11531,545.0
2,11561,545.0
2,11575,545.0
2,11589,545.0
2,11603,545.0
2,11617,545.0
2,11631,545.0
2,11633,545.0
2,11647,545.0
2,11661,545.0
2,11675,545.0
2,11705,545.0
2,11739,545.0
2,11767,545.0
2,11769,545.0
2,11771,545.0
2,11789,545.0
2,11791,545.0
2,11805,545.0
2,11833,545.0
2,11847,545.0
2,11861,545.0
2,11877,545.0
2,11895,545.0
2,11897,545.0
2,11911,545.0
2,11937,545.0
2,11951,545.0
2,11967,545.0
2,11981,545.0
2,11995,545.0
2,12009,545.0
2,12039,545.0
2,12053,545.0
2,12069,545.0
2,12071,545.0
2,12101,545.0
2,12115,545.0
2,12129,545.0
2,12155,545.0
2,12185,545.0
2,12211,545.0
2,12241,545.0
2,12243,545.0
2,12271,545.0
2,12303,545.0
2,12317,545.0
2,12319,545.0
2,12345,545.0
2,12373,545.0
2,12387,545.0
2,12417,545.0
2,12431,545.0
2,12449,545.0
2,12463,545.0
2,12491,545.0
2,12505,545.0
2,12535,545.0
2,12555,545.0
2,12557,545.0
2,12587,545.0
2,12617,545.0
2,12633,545.0
2,12659,545.0
2,12687,545.0
2,12701,545.0
2,12727,545.0
2,12741,545.0
2,12743,545.0
2,12757,545.0
2,12759,545.0
2,12773,545.0
2,12787,545.0
2,12801,545.0
2,12817,545.0
2,12833,545.0
2,12847,545.0
2,12877,545.0
2,12905,545.0
2,12933,545.0
2,12961,545.0
2,12987,545.0
2,13001,545.0
2,13003,545.0
2,13017,545.0
2,13051,545.0
2,13077,545.0
2,13103,545.0
2,13131,545.0
2,13161,545.0
2,13179,545.0
2,13207,545.0
2,13237,545.0
2,13265,545.0
2,13279,545.0
2,13295,545.0
2,13313,545.0
2,13339,545.0
2,13365,545.0
2,13367,545.0
2,13397,545.0
2,13413,545.0
2,13441,545.0
2,13467,545.0
2,13495,545.0
2,13513,545.0
2,13539,545.0
2,13557,545.0
2,13559,545.0
2,13587,545.0
2,13601,545.0
2,13627,545.0
2,13655,545.0
2,13669,545.0
2,13697,545.0
2,13725,545.0
2,13743,545.0
2,13757,545.0
2,13759,545.0
2,13785,545.0
2,13787,545.0
2,13801,545.0
2,13827,545.0
2,13855,545.0
2,13869,545.0
2,13899,545.0
2,13915,545.0
2,13917,545.0
2,13919,545.0
2,13947,545.0
2,13975,545.0
2,14005,545.0
2,14019,545.0
2,14057,545.0
2,14071,545.0
2,14073,545.0
2,14075,545.0
2,14091,545.0
2,14093,545.0
2,14123,545.0
2,14141,545.0
2,14143,545.0
2,14145,545.0
2,14165,545.0
2,14181,545.0
2,14209,545.0
2,14223,545.0
2,14225,545.0
2,14239,545.0
2,14241,545.0
2,14255,545.0
2,14271,545.0
2,14285,545.0
2,14315,545.0
2,14331,545.0
2,14347,545.0
2,14375,545.0
2,14403,545.0
2,14439,545.0
2,14441,545.0
2,14455,545.0
2,14469,545.0
2,14497,545.0
2,14523,545.0
2,14553,545.0
2,14579,545.0
2,14593,545.0
2,14623,545.0
2,14637,545.0
2,14653,545.0
2,14655,545.0
2,14681,545.0
2,14709,545.0
2,14723,545.0
2,14737,545.0
2,14763,545.0
2,14779,545.0
2,14795,545.0
2,14809,545.0
2,14839,545.0
2,14841,545.0
2,14873,545.0
2,14875,545.0
2,14891,545.0
2,14905,548.0
2,14907,548.0
2,14935,548.0
2,14963,548.0
2,14977,548.0
2,14991,548.0
2,15005,548.0
2,15037,548.0
2,15051,548.0
2,15081,548.0
2,15095,548.0
2,15125,548.0
2,15153,548.0
2,15167,550.0
2,15181,550.0
2,15195,550.0
2,15197,550.0
2,15199,550.0
2,15213,550.0
2,15227,550.0
2,15243,550.0
2,15271,550.0
2,15299,550.0
2,15327,550.0
2,15357,550.0
2,15383,550.0
2,15411,550.0
2,15427,550.0
2,15457,550.0
2,15489,550.0
2,15517,550.0
2,15539,550.0
2,15565,552.0
2,15583,552.0
2,15611,552.0
2,15639,552.0
2,15653,552.0
2,15681,552.0
2,15697,552.0
2,15725,552.0
2,15739,552.0
2,15767,552.0
2,15781,552.0
2,15797,552.0
2,15811,552.0
2,15839,552.0
2,15865,552.0
2,15893,552.0
2,15919,552.0
2,15933,552.0
2,15959,552.0
2,15973,552.0
2,15987,552.0
3,5928,378.0
3,5954,409.0
3,5968,409.0
3,5982,409.0
3,5984,409.0
3,6014,435.0
3,6044,435.0
3,6665,435.0
3,6691,435.0
3,6705,435.0
3,6735,437.0
3,6749,437.0
3,6775,437.0
3,6789,437.0
3,6791,437.0
3,6817,437.0
3,6819,437.0
3,6821,437.0
3,6835,474.0
3,6855,474.0
3,6885,474.0
3,6911,474.0
3,6913,474.0
3,6929,474.0
3,6959,474.0
3,6975,474.0
3,7001,485.0
3,7033,485.0
3,7061,485.0
3,7089,485.0
3,7109,485.0
3,7111,485.0
3,7125,485.0
3,7139,485.0
3,7153,485.0
3,7169,485.0
3,7197,485.0
3,7223,485.0
3,7237,485.0
3,7251,485.0
3,7265,485.0
3,7297,485.0
3,7323,489.0
3,7351,489.0
3,7353,489.0
3,7369,489.0
3,7371,489.0
3,7385,496.0
3,7417,496.0
3,7445,496.0
3,7473,496.0
3,7503,496.0
3,7529,496.0
3,7555,501.0
3,7571,501.0
3,7597,501.0
3,7623,501.0
3,7653,519.0
3,7667,519.0
3,7683,519.0
3,7711,519.0
3,7725,519.0
3,7739,519.0
3,7765,519.0
3,7779,519.0
3,7807,519.0
3,7821,519.0
3,7835,519.0
3,7837,519.0
3,7851,519.0
3,7853,519.0
3,7881,519.0
3,7897,519.0
3,7931,519.0
3,7959,519.0
3,7991,519.0
3,8017,519.0
3,8031,519.0
3,8061,519.0
3,8087,519.0
3,8101,523.0
3,8119,523.0
3,8133,523.0
3,8151,523.0
3,8165,523.0
3,8179,523.0
3,8195,523.0
3,8225,523.0
3,8251,523.0
3,8281,523.0
3,8301,523.0
3,8329,523.0
3,8361,523.0
3,8389,523.0
3,8417,523.0
3,8443,523.0
3,8469,523.0
3,8499,523.0
3,8515,523.0
3,8531,523.0
3,8533,523.0
3,8547,523.0
3,8577,523.0
3,8593,523.0
3,8619,532.0
3,8651,532.0
3,8665,532.0
3,8667,532.0
3,8669,532.0
3,8683,532.0
3,8685,532.0
3,8711,532.0
3,8727,532.0
3,8741,532.0
3,8769,532.0
3,8771,532.0
3,8785,532.0
3,8799,532.0
3,8831,532.0
3,8845,532.0
3,8859,532.0
3,8887,532.0
3,8901,532.0
3,8915,532.0
3,8917,532.0
3,8933,532.0
3,8951,532.0
3,8965,532.0
3,8979,532.0
3,9011,532.0
3,9031,532.0
3,9047,532.0
3,9061,532.0
3,9087,532.0
3,9101,532.0
3,9131,532.0
3,9145,532.0
3,9147,532.0
3,9161,532.0
3,9187,532.0
3,9201,532.0
3,9215,532.0
3,9229,532.0
3,9255,532.0
3,9281,532.0
3,9295,532.0
3,9317,532.0
3,9343,536.0
3,9373,536.0
3,9387,536.0
3,9401,536.0
3,9415,536.0
3,9445,537.0
3,9473,537.0
3,9487,537.0
3,9501,545.0
3,9517,545.0
3,9547,545.0
3,9575,545.0
3,9603,545.0
3,9619,545.0
3,9647,545.0
3,9663,545.0
3,9691,545.0
3,9705,545.0
3,9719,545.0
3,9733,545.0
3,9763,545.0
3,9777,545.0
3,9793,545.0
3,9819,545.0
3,9833,545.0
3,9863,545.0
3,9865,545.0
3,9879,545.0
3,9893,545.0
3,9907,545.0
3,9935,545.0
3,9955,545.0
3,9983,545.0
3,10009,545.0
3,10011,545.0
3,10045,545.0
3,10071,545.0
3,10073,545.0
3,10101,545.0
3,10103,545.0
3,10129,545.0
3,10145,545.0
3,10163,545.0
3,10177,545.0
3,10191,545.0
3,10209,545.0
3,10223,545.0
3,10245,545.0
3,10247,545.0
3,10261,545.0
3,10275,545.0
3,10277,545.0
3,10291,545.0
3,10317,545.0
3,10319,545.0
3,10349,545.0
3,10377,545.0
3,10379,545.0
3,10395,545.0
3,10411,545.0
3,10441,545.0
3,10455,545.0
3,10469,545.0
3,10497,545.0
3,10499,545.0
3,10515,545.0
3,10537,545.0
3,10565,545.0
3,10585,545.0
3,10611,545.0
3,10641,545.0
3,10655,545.0
3,10657,545.0
3,10671,545.0
3,10697,545.0
3,10699,545.0
3,10731,545.0
3,10733,545.0
3,10759,545.0
3,10761,545.0
3,10787,545.0
3,10801,545.0
3,10815,545.0
3,10831,545.0
3,10847,545.0
3,10881,545.0
3,10907,545.0
3,10923,545.0
3,10939,545.0
3,10957,545.0
3,10983,545.0
3,11013,545.0
3,11015,545.0
3,11047,545.0
3,11049,545.0
3,11077,545.0
3,11097,545.0
3,11125,545.0
3,11157,546.0
3,11187,546.0
3,11189,546.0
3,11217,546.0
3,11233,546.0
3,11235,546.0
3,11251,546.0
3,11265,546.0
3,11267,546.0
3,11295,546.0
3,11297,546.0
3,11325,546.0
3,11341,546.0
3,11367,546.0
3,11381,546.0
3,11383,546.0
3,11385,546.0
3,11399,546.0
3,11427,546.0
3,11441,546.0
3,11455,546.0
3,11495,546.0
3,11523,546.0
3,11541,546.0
3,11543,546.0
3,11545,546.0
3,11547,546.0
3,11563,546.0
3,11591,546.0
3,11617,546.0
3,11631,546.0
3,11645,546.0
3,11647,546.0
3,11661,546.0
3,11679,546.0
3,11693,546.0
3,11719,546.0
3,11747,546.0
3,11761,546.0
3,11779,546.0
3,11805,546.0
3,11819,546.0
3,11851,546.0
3,11883,546.0
3,11915,546.0
3,11929,546.0
3,11945,546.0
3,11973,546.0
3,11999,546.0
3,12029,546.0
3,12031,546.0
3,12047,546.0
3,12061,546.0
3,12063,546.0
3,12065,546.0
3,12079,546.0
3,12105,546.0
3,12133,546.0
3,12149,546.0
3,12165,546.0
3,12167,546.0
3,12183,546.0
3,12213,550.0
3,12239,550.0
3,12253,550.0
3,12267,550.0
3,12285,550.0
3,12313,550.0
3,12315,550.0
3,12345,550.0
3,12347,550.0
3,12373,550.0
3,12375,550.0
3,12377,550.0
3,12395,550.0
3,12409,550.0
3,12423,552.0
3,12437,552.0
3,12451,552.0
3,12473,552.0
3,12475,552.0
3,12503,552.0
3,12531,552.0
3,12533,552.0
3,12547,552.0
3,12561,552.0
3,12575,552.0
3,12601,552.0
3,12627,552.0
3,12629,552.0
3,12631,552.0
3,12661,552.0
3,12675,552.0
3,12689,552.0
3,12721,552.0
3,12751,552.0
3,12777,552.0
3,12807,552.0
3,12821,552.0
3,12849,552.0
3,12879,552.0
3,12909,552.0
3,12911,552.0
3,12939,552.0
3,12965,552.0
3,12967,552.0
3,12983,552.0
3,13003,552.0
3,13019,552.0
3,13047,552.0
3,13049,552.0
3,13081,552.0
3,13109,552.0
3,13125,552.0
3,13139,552.0
3,13167,552.0
3,13181,552.0
3,13183,552.0
3,13197,552.0
3,13223,552.0
3,13225,552.0
3,13251,552.0
3,13279,552.0
3,13311,552.0
3,13331,552.0
3,13333,552.0
3,13351,552.0
3,13365,552.0
3,13367,552.0
3,13395,552.0
3,13421,552.0
3,13451,552.0
3,13465,552.0
3,13495,552.0
3,13509,552.0
3,13525,552.0
3,13555,552.0
3,13583,552.0
3,13597,552.0
3,13613,552.0
3,13615,552.0
3,13629,552.0
3,13643,552.0
3,13675,552.0
3,13689,552.0
3,13705,552.0
3,13721,552.0
3,13751,552.0
3,13753,552.0
3,13783,552.0
3,13797,552.0
3,13799,552.0
3,13827,552.0
3,13829,552.0
3,13857,552.0
3,13871,552.0
3,13885,552.0
3,13899,552.0
3,13913,552.0
3,13941,552.0
3,13967,552.0
3,13981,552.0
3,14007,552.0
3,14035,552.0
3,14051,552.0
3,14067,552.0
3,14085,552.0
3,14111,552.0
3,14139,552.0
3,14167,552.0
3,14169,552.0
3,14197,555.0
3,14211,555.0
3,14225,555.0
3,14241,555.0
3,14267,555.0
3,14285,555.0
3,14299,555.0
3,14319,555.0
3,14333,555.0
3,14359,555.0
3,14389,555.0
3,14403,555.0
3,14431,555.0
3,14445,555.0
3,14459,555.0
3,14485,555.0
3,14501,555.0
3,14517,555.0
3,14531,555.0
3,14547,555.0
3,14563,555.0
3,14579,555.0
3,14611,555.0
3,14627,555.0
3,14653,555.0
3,14667,555.0
3,14683,555.0
3,14711,555.0
3,14741,555.0
3,14771,555.0
3,14797,555.0
3,14815,555.0
3,14843,555.0
3,14857,555.0
3,14871,555.0
3,14885,555.0
3,14901,555.0
3,14917,555.0
3,14931,555.0
3,14951,555.0
3,14967,555.0
3,14995,555.0
3,15009,555.0
3,15023,555.0
3,15049,555.0
3,15051,555.0
3,15065,555.0
3,15095,555.0
3,15129,555.0
3,15131,555.0
3,15161,555.0
3,15175,555.0
3,15189,555.0
3,15203,555.0
3,15231,555.0
3,15259,555.0
3,15273,555.0
3,15299,555.0
3,15313,555.0
3,15315,555.0
3,15317,555.0
3,15331,555.0
3,15333,555.0
3,15361,555.0
3,15395,555.0
3,15429,555.0
3,15461,555.0
3,15487,555.0
3,15519,555.0
3,15547,555.0
3,15575,555.0
3,15591,555.0
3,15623,555.0
3,15639,555.0
3,15655,555.0
3,15669,555.0
3,15671,555.0
3,15703,555.0
3,15717,555.0
3,15719,555.0
3,15747,555.0
3,15761,555.0
3,15763,555.0
3,15789,555.0
3,15807,555.0
3,15823,555.0
3,15837,555.0
3,15851,555.0
3,15865,555.0
3,15883,555.0
3,15897,555.0
3,15899,555.0
4,5732,351.0
4,5734,351.0
4,6385,351.0
4,6413,360.0
4,6415,360.0
4,6429,360.0
4,6431,360.0
4,6457,367.0
4,6459,367.0
4,6485,413.0
4,6487,413.0
4,6517,413.0
4,6519,413.0
4,6521,413.0
4,6523,413.0
4,6549,420.0
4,6565,420.0
4,6595,420.0
4,6597,420.0
4,6613,420.0
4,6615,420.0
4,6643,420.0
4,6669,457.0
4,6695,457.0
4,6723,457.0
4,6737,457.0
4,6763,463.0
4,6789,463.0
4,6805,463.0
4,6833,482.0
4,6861,482.0
4,6863,482.0
4,6879,482.0
4,6893,482.0
4,6907,482.0
4,6923,482.0
4,6937,482.0
4,6963,482.0
4,6993,482.0
4,7007,482.0
4,7037,482.0
4,7067,482.0
4,7093,482.0
4,7123,482.0
4,7125,482.0
4,7153,482.0
4,7169,482.0
4,7199,482.0
4,7201,482.0
4,7215,482.0
4,7229,482.0
4,7243,482.0
4,7259,482.0
4,7285,482.0
4,7287,482.0
4,7301,489.0
4,7321,489.0
4,7347,501.0
4,7361,501.0
4,7387,501.0
4,7403,501.0
4,7405,501.0
4,7419,510.0
4,7421,510.0
4,7437,510.0
4,7455,510.0
4,7457,510.0
4,7487,510.0
4,7517,510.0
4,7547,510.0
4,7561,510.0
4,7577,510.0
4,7609,510.0
4,7637,510.0
4,7665,510.0
4,7681,510.0
4,7683,510.0
4,7685,510.0
4,7715,510.0
4,7729,514.0
4,7759,514.0
4,7773,514.0
4,7775,514.0
4,7789,514.0
4,7791,514.0
4,7819,514.0
4,7833,517.0
4,7847,517.0
4,7867,517.0
4,7893,517.0
4,7907,517.0
4,7921,517.0
4,7923,517.0
4,7949,517.0
4,7951,517.0
4,7977,518.0
4,8003,518.0
4,8029,518.0
4,8031,518.0
4,8045,518.0
4,8073,521.0
4,8103,521.0
4,8133,521.0
4,8159,521.0
4,8189,521.0
4,8191,521.0
4,8207,521.0
4,8221,521.0
4,8247,526.0
4,8275,526.0
4,8303,526.0
4,8305,526.0
4,8333,526.0
4,8335,526.0
4,8353,526.0
4,8369,526.0
4,8385,526.0
4,8399,526.0
4,8401,526.0
4,8419,526.0
4,8435,526.0
4,8451,526.0
4,8453,526.0
4,8455,526.0
4,8481,526.0
4,8495,526.0
4,8523,526.0
4,8537,526.0
4,8539,526.0
4,8567,526.0
4,8581,526.0
4,8609,526.0
4,8623,526.0
4,8637,526.0
4,8669,527.0
4,8687,527.0
4,8715,527.0
4,8741,527.0
4,8755,527.0
4,8769,527.0
4,8797,527.0
4,8799,527.0
4,8825,527.0
4,8839,527.0
4,8865,538.0
4,8879,538.0
4,8893,538.0
4,8907,538.0
4,8909,538.0
4,8911,538.0
4,8937,538.0
4,8965,538.0
4,8995,538.0
4,9021,538.0
4,9037,538.0
4,9055,538.0
4,9075,538.0
4,9091,538.0
4,9105,538.0
4,9107,538.0
4,9123,538.0
4,9137,538.0
4,9151,538.0
4,9165,538.0
4,9179,538.0
4,9205,538.0
4,9221,538.0
4,9247,538.0
4,9249,538.0
4,9275,538.0
4,9289,538.0
4,9291,538.0
4,9293,538.0
4,9327,538.0
4,9329,538.0
4,9357,538.0
4,9359,538.0
4,9385,538.0
4,9399,538.0
4,9401,538.0
4,9429,538.0
4,9455,538.0
4,9487,538.0
4,9521,538.0
4,9535,538.0
4,9565,538.0
4,9597,538.0
4,9623,538.0
4,9625,538.0
4,9639,538.0
4,9667,538.0
4,9669,538.0
4,9683,538.0
4,9697,541.0
4,9711,541.0
4,9737,541.0
4,9739,541.0
4,9741,541.0
4,9769,541.0
4,9771,541.0
4,9797,541.0
4,9823,541.0
4,9825,541.0
4,9851,541.0
4,9853,541.0
4,9869,541.0
4,9883,541.0
4,9911,541.0
4,9939,541.0
4,9965,541.0
4,9991,544.0
4,9993,544.0
4,9995,544.0
4,10023,544.0
4,10037,544.0
4,10069,544.0
4,10095,544.0
4,10109,544.0
4,10123,544.0
4,10149,544.0
4,10179,544.0
4,10193,544.0
4,10207,544.0
4,10209,544.0
4,10223,544.0
4,10237,544.0
4,10253,544.0
4,10281,544.0
4,10297,544.0
4,10311,544.0
4,10313,544.0
4,10327,544.0
4,10329,544.0
4,10343,544.0
4,10357,544.0
4,10385,544.0
4,10387,544.0
4,10401,544.0
4,10433,544.0
4,10461,544.0
4,10463,544.0
4,10477,544.0
4,10491,544.0
4,10517,544.0
4,10531,544.0
4,10561,544.0
4,10589,544.0
4,10621,544.0
4,10623,544.0
4,10639,544.0
4,10653,544.0
4,10667,544.0
4,10669,544.0
4,10685,544.0
4,10715,544.0
4,10729,544.0
4,10747,544.0
4,10773,544.0
4,10775,544.0
4,10791,544.0
4,10823,544.0
4,10839,544.0
4,10841,544.0
4,10869,544.0
4,10901,544.0
4,10929,544.0
4,10945,544.0
4,10959,544.0
4,10975,544.0
4,10991,544.0
4,10993,544.0
4,11021,544.0
4,11049,544.0
4,11075,544.0
4,11089,544.0
4,11103,544.0
4,11121,544.0
4,11135,544.0
4,11149,544.0
4,11175,544.0
4,11201,544.0
4,11229,544.0
4,11255,544.0
4,11269,544.0
4,11297,544.0
4,11311,544.0
4,11337,544.0
4,11363,544.0
4,11389,544.0
4,11403,544.0
4,11429,544.0
4,11455,544.0
4,11481,544.0
4,11509,544.0
4,11537,544.0
4,11567,544.0
4,11581,544.0
4,11583,544.0
4,11609,544.0
4,11635,544.0
4,11661,544.0
4,11691,544.0
4,11721,544.0
4,11747,544.0
4,11765,544.0
4,11779,544.0
4,11793,544.0
4,11807,544.0
4,11835,544.0
4,11837,544.0
4,11863,544.0
4,11881,544.0
4,11901,544.0
4,11919,544.0
4,11933,544.0
4,11947,544.0
4,11973,544.0
4,11989,544.0
4,12005,544.0
4,12019,544.0
4,12037,544.0
4,12051,544.0
4,12065,544.0
4,12079,544.0
4,12093,544.0
4,12107,544.0
4,12121,544.0
4,12135,544.0
4,12161,544.0
4,12163,544.0
4,12191,555.0
4,12205,555.0
4,12207,555.0
4,12237,555.0
4,12255,555.0
4,12281,555.0
4,12283,555.0
4,12309,555.0
4,12337,555.0
4,12351,555.0
4,12365,555.0
4,12381,555.0
4,12395,555.0
4,12423,555.0
4,12425,555.0
4,12439,555.0
4,12467,555.0
4,12481,555.0
4,12509,555.0
4,12511,555.0
4,12537,555.0
4,12553,555.0
4,12571,555.0
4,12573,555.0
4,12591,555.0
4,12605,555.0
4,12637,555.0
4,12651,555.0
4,12669,555.0
4,12671,555.0
4,12685,555.0
4,12701,555.0
4,12703,555.0
4,12719,555.0
4,12721,555.0
4,12735,555.0
4,12753,555.0
4,12783,555.0
4,12799,555.0
4,12827,555.0
4,12841,555.0
4,12857,555.0
4,12873,555.0
4,12887,555.0
4,12889,555.0
4,12903,555.0
4,12917,555.0
4,12949,555.0
4,12951,555.0
4,12985,555.0
4,12999,555.0
4,13015,555.0
4,13031,555.0
4,13045,555.0
4,13047,555.0
4,13061,555.0
4,13091,555.0
4,13117,555.0
4,13137,555.0
4,13155,555.0
4,13171,555.0
4,13185,555.0
4,13217,555.0
4,13245,555.0
4,13261,555.0
4,13277,555.0
4,13307,555.0
4,13321,555.0
4,13335,555.0
4,13337,555.0
4,13363,555.0
4,13389,555.0
4,13403,555.0
4,13429,555.0
4,13445,555.0
4,13459,555.0
4,13461,555.0
4,13463,555.0
4,13481,555.0
4,13513,555.0
4,13539,555.0
4,13555,555.0
4,13569,555.0
4,13599,555.0
4,13601,555.0
4,13615,555.0
4,13629,555.0
4,13645,555.0
4,13647,555.0
4,13663,555.0
4,13681,555.0
4,13695,555.0
4,13709,555.0
4,13737,555.0
4,13763,555.0
4,13765,555.0
4,13791,555.0
4,13805,555.0
4,13819,555.0
4,13851,555.0
4,13869,555.0
4,13885,555.0
4,13913,555.0
4,13929,555.0
4,13945,555.0
4,13973,555.0
4,13989,555.0
4,14005,555.0
4,14019,555.0
4,14045,555.0
4,14047,555.0
4,14063,555.0
4,14077,555.0
4,14091,555.0
4,14111,555.0
4,14113,555.0
4,14133,555.0
4,14159,555.0
4,14177,555.0
4,14191,555.0
4,14205,555.0
4,14231,555.0
4,14259,555.0
4,14273,555.0
4,14293,555.0
4,14319,555.0
4,14333,555.0
4,14351,555.0
4,14367,555.0
4,14397,555.0
4,14423,555.0
4,14437,555.0
4,14467,555.0
4,14493,555.0
4,14519,555.0
4,14547,555.0
4,14563,555.0
4,14581,555.0
4,14609,555.0
4,14637,555.0
4,14639,555.0
4,14641,555.0
4,14655,555.0
4,14681,555.0
4,14695,555.0
4,14709,555.0
4,14711,555.0
4,14739,555.0
4,14755,555.0
4,14769,555.0
4,14771,555.0
4,14791,555.0
4,14821,555.0
4,14853,555.0
4,14883,555.0
4,14885,555.0
4,14899,555.0
4,14913,555.0
4,14941,555.0
4,14955,555.0
4,14983,555.0
4,15009,555.0
4,15037,555.0
4,15063,555.0
4,15065,555.0
4,15093,555.0
4,15119,555.0
4,15133,555.0
4,15135,555.0
4,15151,555.0
4,15165,555.0
4,15199,555.0
4,15213,555.0
4,15227,555.0
4,15257,555.0
4,15283,555.0
4,15285,555.0
4,15299,555.0
4,15327,555.0
4,15329,555.0
4,15357,555.0
4,15389,555.0
4,15403,555.0
4,15417,555.0
4,15431,555.0
4,15445,555.0
4,15447,555.0
4,15477,555.0
4,15503,555.0
4,15533,555.0
4,15547,555.0
4,15563,555.0
4,15589,555.0
4,15605,555.0
4,15631,555.0
4,15647,555.0
4,15675,555.0
4,15677,555.0
4,15711,555.0
4,15725,555.0
4,15739,555.0
5,5882,355.0
5,5912,355.0
5,5940,358.0
5,5958,358.0
5,5988,400.0
5,6018,400.0
5,6048,400.0
5,6062,400.0
5,6088,400.0
5,6104,400.0
5,6120,400.0
5,6148,400.0
5,6162,408.0
5,6176,408.0
5,6801,408.0
5,6827,408.0
5,6845,408.0
5,6859,408.0
5,6887,408.0
5,6901,421.0
5,6915,423.0
5,6929,446.0
5,6945,446.0
5,6971,470.0
5,6985,470.0
5,6999,470.0
5,7025,470.0
5,7039,470.0
5,7055,470.0
5,7075,470.0
5,7089,470.0
5,7119,470.0
5,7133,470.0
5,7165,470.0
5,7179,470.0
5,7207,484.0
5,7225,484.0
5,7261,484.0
5,7275,484.0
5,7277,484.0
5,7279,484.0
5,7307,484.0
5,7321,484.0
5,7349,484.0
5,7363,484.0
5,7365,484.0
5,7391,484.0
5,7409,484.0
5,7423,484.0
5,7439,484.0
5,7455,484.0
5,7469,484.0
5,7501,484.0
5,7503,484.0
5,7519,484.0
5,7533,484.0
5,7547,484.0
5,7549,484.0
5,7551,484.0
5,7579,484.0
5,7593,484.0
5,7609,484.0
5,7639,484.0
5,7669,484.0
5,7683,484.0
5,7697,488.0
5,7725,490.0
5,7739,490.0
5,7753,490.0
5,7781,490.0
5,7795,490.0
5,7821,491.0
5,7835,491.0
5,7837,491.0
5,7853,491.0
5,7887,491.0
5,7917,491.0
5,7931,496.0
5,7933,496.0
5,7947,496.0
5,7961,496.0
5,7991,504.0
5,8017,510.0
5,8031,518.0
5,8065,518.0
5,8079,518.0
5,8093,518.0
5,8095,518.0
5,8113,518.0
5,8127,518.0
5,8153,518.0
5,8155,518.0
5,8157,518.0
5,8183,518.0
5,8197,518.0
5,8213,518.0
5,8233,518.0
5,8235,518.0
5,8251,518.0
5,8265,518.0
5,8279,518.0
5,8281,518.0
5,8295,518.0
5,8327,518.0
5,8341,518.0
5,8355,518.0
5,8371,525.0
5,8385,525.0
5,8401,525.0
5,8429,528.0
5,8431,528.0
5,8459,528.0
5,8489,528.0
5,8503,528.0
5,8519,528.0
5,8545,528.0
5,8565,528.0
5,8581,528.0
5,8595,528.0
5,8597,528.0
5,8615,528.0
5,8631,528.0
5,8633,528.0
5,8651,528.0
5,8685,528.0
5,8711,532.0
5,8725,532.0
5,8753,532.0
5,8755,532.0
5,8757,532.0
5,8787,532.0
5,8801,532.0
5,8815,532.0
5,8833,532.0
5,8849,532.0
5,8851,532.0
5,8853,532.0
5,8867,532.0
5,8881,532.0
5,8895,532.0
5,8909,532.0
5,8935,532.0
5,8965,532.0
5,8967,532.0
5,8981,532.0
5,8983,532.0
5,8997,532.0
5,9023,534.0
5,9025,534.0
5,9053,534.0
5,9079,534.0
5,9105,534.0
5,9137,534.0
5,9167,534.0
5,9169,534.0
5,9195,534.0
5,9197,534.0
5,9213,534.0
5,9241,534.0
5,9273,534.0
5,9289,534.0
5,9303,534.0
5,9317,534.0
5,9331,534.0
5,9357,534.0
5,9385,534.0
5,9399,534.0
5,9401,534.0
5,9417,534.0
5,9431,534.0
5,9445,534.0
5,9459,537.0
5,9485,537.0
5,9501,537.0
5,9515,537.0
5,9545,537.0
5,9559,537.0
5,9573,537.0
5,9599,537.0
5,9615,537.0
5,9641,537.0
5,9657,537.0
5,9683,537.0
5,9697,537.0
5,9713,537.0
5,9743,537.0
5,9769,537.0
5,9795,537.0
5,9823,537.0
5,9825,537.0
5,9839,537.0
5,9841,537.0
5,9855,537.0
5,9869,537.0
5,9885,537.0
5,9899,537.0
5,9929,537.0
5,9945,537.0
5,9977,537.0
5,10005,537.0
5,10019,537.0
5,10021,537.0
5,10049,537.0
5,10075,537.0
5,10089,537.0
5,10115,537.0
5,10129,537.0
5,10157,537.0
5,10159,537.0
5,10175,537.0
5,10189,537.0
5,10217,537.0
5,10231,537.0
5,10245,537.0
5,10275,537.0
5,10291,537.0
5,10293,537.0
5,10307,537.0
5,10333,537.0
5,10347,537.0
5,10361,538.0
5,10375,538.0
5,10405,538.0
5,10431,539.0
5,10457,539.0
5,10473,539.0
5,10487,539.0
5,10503,539.0
5,10517,539.0
5,10531,539.0
5,10559,539.0
5,10589,539.0
5,10619,539.0
5,10633,539.0
5,10661,539.0
5,10677,539.0
5,10693,539.0
5,10695,539.0
5,10711,539.0
5,10727,539.0
5,10761,539.0
5,10763,539.0
5,10777,539.0
5,10791,539.0
5,10793,539.0
5,10795,539.0
5,10811,539.0
5,10839,539.0
5,10841,539.0
5,10855,539.0
5,10871,539.0
5,10897,539.0
5,10911,539.0
5,10925,539.0
5,10939,539.0
5,10955,539.0
5,10969,539.0
5,11003,539.0
5,11005,539.0
5,11033,539.0
5,11059,539.0
5,11089,539.0
5,11105,539.0
5,11119,539.0
5,11133,539.0
5,11149,539.0
5,11175,539.0
5,11205,539.0
5,11233,539.0
5,11247,539.0
5,11249,539.0
5,11283,539.0
5,11297,539.0
5,11311,539.0
5,11313,539.0
5,11341,539.0
5,11369,539.0
5,11371,539.0
5,11397,543.0
5,11399,543.0
5,11415,543.0
5,11429,543.0
5,11443,543.0
5,11471,543.0
5,11497,543.0
5,11527,543.0
5,11543,543.0
5,11557,543.0
5,11587,543.0
5,11613,543.0
5,11639,543.0
5,11669,543.0
5,11683,543.0
5,11697,543.0
5,11725,543.0
5,11751,543.0
5,11753,543.0
5,11767,543.0
5,11781,549.0
5,11783,549.0
5,11797,549.0
5,11799,549.0
5,11815,549.0
5,11843,549.0
5,11857,549.0
5,11871,549.0
5,11899,549.0
5,11917,549.0
5,11919,549.0
5,11945,549.0
5,11959,549.0
5,11973,549.0
5,11999,549.0
5,12013,549.0
5,12045,549.0
5,12061,549.0
5,12063,549.0
5,12089,549.0
5,12115,549.0
5,12117,549.0
5,12131,549.0
5,12145,549.0
5,12161,549.0
5,12187,549.0
5,12215,549.0
5,12217,549.0
5,12233,549.0
5,12247,549.0
5,12265,549.0
5,12281,549.0
5,12309,549.0
5,12323,549.0
5,12337,549.0
5,12365,549.0
5,12391,554.0
5,12405,554.0
5,12407,554.0
5,12409,554.0
5,12423,554.0
5,12453,554.0
5,12481,554.0
5,12497,554.0
5,12511,554.0
5,12525,554.0
5,12539,554.0
5,12553,554.0
5,12581,554.0
5,12595,554.0
5,12609,554.0
5,12637,554.0
5,12667,554.0
5,12685,554.0
5,12701,554.0
5,12727,554.0
5,12729,554.0
5,12743,554.0
5,12745,554.0
5,12759,554.0
5,12761,554.0
5,12791,554.0
5,12807,554.0
5,12839,554.0
5,12841,554.0
5,12855,554.0
5,12869,554.0
5,12897,554.0
5,12911,554.0
5,12913,554.0
5,12939,554.0
5,12955,554.0
5,12969,554.0
5,12995,554.0
5,13023,554.0
5,13039,554.0
5,13055,554.0
5,13077,554.0
5,13095,554.0
5,13123,554.0
5,13151,554.0
5,13165,554.0
5,13197,554.0
5,13225,554.0
5,13239,554.0
5,13265,554.0
5,13279,554.0
5,13293,554.0
5,13319,554.0
5,13321,554.0
5,13335,554.0
5,13349,554.0
5,13377,554.0
5,13403,554.0
5,13423,554.0
5,13437,554.0
5,13451,554.0
5,13469,554.0
5,13483,554.0
5,13513,554.0
5,13529,554.0
5,13555,554.0
5,13587,554.0
5,13601,554.0
5,13615,554.0
5,13629,554.0
5,13655,554.0
5,13683,554.0
5,13699,554.0
5,13727,554.0
5,13743,554.0
5,13757,554.0
5,13759,554.0
5,13789,554.0
5,13817,554.0
5,13845,554.0
5,13847,554.0
5,13863,554.0
5,13865,554.0
5,13879,554.0
5,13911,554.0
5,13937,554.0
5,13955,554.0
5,13969,554.0
5,13983,554.0
5,14009,554.0
5,14039,554.0
5,14041,554.0
5,14069,554.0
5,14085,554.0
5,14087,554.0
5,14101,554.0
5,14129,554.0
5,14145,554.0
5,14147,554.0
5,14177,554.0
5,14213,554.0
5,14243,554.0
5,14259,554.0
5,14275,554.0
5,14289,554.0
5,14303,554.0
5,14317,554.0
5,14349,554.0
5,14365,554.0
5,14381,554.0
5,14383,554.0
5,14411,554.0
5,14425,554.0
5,14457,554.0
5,14471,554.0
5,14503,554.0
5,14537,554.0
5,14565,554.0
5,14579,554.0
5,14597,554.0
5,14623,554.0
5,14637,554.0
5,14639,554.0
5,14641,554.0
5,14671,554.0
5,14685,554.0
5,14699,554.0
5,14713,554.0
5,14741,554.0
5,14769,554.0
5,14787,554.0
5,14803,554.0
5,14837,554.0
5,14863,554.0
5,14889,554.0
5,14905,554.0
5,14921,554.0
5,14935,554.0
5,14961,554.0
5,14975,554.0
5,14989,554.0
5,15003,554.0
5,15005,554.0
5,15021,554.0
5,15051,554.0
5,15077,554.0
5,15091,554.0
5,15107,554.0
5,15109,554.0
5,15125,554.0
5,15145,554.0
5,15159,554.0
5,15173,554.0
5,15193,554.0
5,15207,554.0
5,15237,554.0
5,15271,554.0
5,15285,554.0
5,15299,554.0
5,15315,554.0
5,15343,558.0
5,15359,558.0
5,15361,558.0
5,15375,558.0
5,15389,558.0
5,15415,558.0
5,15417,558.0
5,15431,558.0
5,15445,558.0
5,15447,558.0
5,15475,558.0
5,15489,558.0
5,15503,558.0
5,15529,558.0
5,15555,558.0
5,15581,558.0
5,15609,558.0
5,15611,558.0
5,15639,558.0
5,15641,558.0
5,15669,558.0
5,15697,558.0
5,15725,558.0
5,15751,558.0
5,15765,558.0
5,15779,558.0
5,15795,558.0
5,15823,558.0
5,15825,558.0
5,15839,558.0
5,15853,558.0
5,15869,558.0
6,5882,413.0
6,5884,413.0
6,5912,414.0
6,5940,428.0
6,5966,428.0
6,5980,428.0
6,5982,428.0
6,5998,428.0
6,6012,428.0
6,6042,428.0
6,6044,428.0
6,6046,428.0
6,6074,435.0
6,6106,441.0
6,6120,452.0
6,6122,452.0
6,6148,463.0
6,6178,463.0
6,6192,463.0
6,6206,475.0
6,6222,475.0
6,6811,475.0
6,6825,475.0
6,6851,480.0
6,6867,480.0
6,6893,484.0
6,6913,484.0
6,6927,484.0
6,6961,484.0
6,6977,484.0
6,6991,484.0
6,6993,484.0
6,7007,493.0
6,7035,508.0
6,7049,508.0
6,7069,508.0
6,7071,508.0
6,7087,508.0
6,7119,508.0
6,7133,508.0
6,7135,508.0
6,7149,508.0
6,7151,508.0
6,7177,508.0
6,7179,508.0
6,7181,508.0
6,7213,508.0
6,7239,508.0
6,7267,508.0
6,7293,508.0
6,7309,508.0
6,7311,508.0
6,7337,508.0
6,7365,508.0
6,7391,508.0
6,7405,510.0
6,7407,510.0
6,7435,510.0
6,7461,515.0
6,7463,515.0
6,7479,515.0
6,7511,515.0
6,7541,515.0
6,7543,515.0
6,7557,515.0
6,7585,515.0
6,7601,515.0
6,7615,515.0
6,7629,515.0
6,7661,515.0
6,7691,515.0
6,7719,515.0
6,7735,515.0
6,7737,515.0
6,7753,515.0
6,7779,522.0
6,7807,522.0
6,7839,522.0
6,7853,522.0
6,7867,522.0
6,7893,522.0
6,7909,522.0
6,7935,522.0
6,7963,522.0
6,7989,523.0
6,7991,523.0
6,7993,523.0
6,7995,523.0
6,8013,523.0
6,8043,523.0
6,8069,523.0
6,8071,523.0
6,8085,523.0
6,8099,523.0
6,8113,523.0
6,8145,523.0
6,8161,523.0
6,8163,523.0
6,8165,523.0
6,8181,523.0
6,8195,523.0
6,8209,523.0
6,8225,523.0
6,8239,523.0
6,8255,523.0
6,8257,523.0
6,8271,523.0
6,8301,523.0
6,8303,523.0
6,8335,523.0
6,8361,523.0
6,8375,523.0
6,8389,523.0
6,8417,523.0
6,8443,523.0
6,8457,523.0
6,8483,523.0
6,8499,523.0
6,8527,524.0
6,8529,524.0
6,8563,524.0
6,8577,524.0
6,8593,524.0
6,8621,524.0
6,8649,524.0
6,8677,524.0
6,8703,524.0
6,8705,524.0
6,8719,524.0
6,8747,524.0
6,8761,525.0
6,8777,525.0
6,8791,525.0
6,8817,525.0
6,8847,525.0
6,8863,525.0
6,8865,525.0
6,8879,525.0
6,8895,525.0
6,8909,525.0
6,8911,525.0
6,8927,525.0
6,8953,525.0
6,8979,529.0
6,9005,529.0
6,9021,529.0
6,9047,529.0
6,9049,529.0
6,9075,529.0
6,9101,538.0
6,9115,538.0
6,9145,538.0
6,9175,538.0
6,9177,538.0
6,9209,538.0
6,9237,538.0
6,9239,538.0
6,9253,538.0
6,9255,538.0
6,9283,538.0
6,9297,538.0
6,9311,538.0
6,9337,538.0
6,9353,538.0
6,9367,538.0
6,9393,538.0
6,9395,538.0
6,9409,538.0
6,9423,538.0
6,9439,538.0
6,9441,538.0
6,9469,538.0
6,9483,538.0
6,9509,538.0
6,9525,538.0
6,9527,538.0
6,9529,538.0
6,9557,538.0
6,9573,538.0
6,9603,538.0
6,9629,538.0
6,9657,538.0
6,9683,538.0
6,9711,538.0
6,9741,538.0
6,9773,538.0
6,9789,538.0
6,9803,538.0
6,9817,538.0
6,9833,538.0
6,9847,538.0
6,9873,538.0
6,9887,538.0
6,9903,538.0
6,9921,538.0
6,9935,538.0
6,9961,538.0
6,9987,538.0
6,10013,538.0
6,10027,538.0
6,10055,540.0
6,10057,540.0
6,10087,540.0
6,10101,540.0
6,10129,540.0
6,10145,540.0
6,10159,540.0
6,10175,540.0
6,10193,540.0
6,10229,540.0
6,10243,540.0
6,10257,540.0
6,10287,540.0
6,10289,540.0
6,10317,540.0
6,10331,540.0
6,10357,540.0
6,10387,540.0
6,10401,540.0
6,10427,540.0
6,10441,540.0
6,10455,540.0
6,10471,540.0
6,10473,540.0
6,10475,540.0
6,10489,540.0
6,10525,540.0
6,10553,540.0
6,10567,540.0
6,10593,540.0
6,10623,540.0
6,10625,540.0
6,10653,540.0
6,10655,540.0
6,10669,540.0
6,10701,540.0
6,10727,540.0
6,10729,540.0
6,10759,540.0
6,10787,540.0
6,10801,540.0
6,10815,540.0
6,10817,540.0
6,10849,540.0
6,10863,540.0
6,10893,540.0
6,10895,540.0
6,10909,540.0
6,10923,540.0
6,10941,540.0
6,10959,540.0
6,10973,540.0
6,10999,540.0
6,11001,540.0
6,11017,540.0
6,11039,540.0
6,11065,540.0
6,11081,540.0
6,11107,540.0
6,11121,540.0
6,11135,540.0
6,11149,540.0
6,11151,540.0
6,11165,540.0
6,11181,540.0
6,11183,540.0
6,11201,540.0
6,11203,540.0
6,11223,540.0
6,11237,540.0
6,11239,540.0
6,11267,540.0
6,11281,540.0
6,11295,540.0
6,11313,540.0
6,11329,540.0
6,11343,540.0
6,11373,540.0
6,11375,540.0
6,11377,540.0
6,11403,540.0
6,11423,540.0
6,11437,540.0
6,11469,540.0
6,11485,540.0
6,11513,540.0
6,11527,540.0
6,11555,540.0
6,11569,540.0
6,11601,540.0
6,11619,540.0
6,11647,540.0
6,11677,540.0
6,11705,540.0
6,11721,540.0
6,11735,540.0
6,11751,540.0
6,11777,540.0
6,11803,540.0
6,11831,541.0
6,11845,541.0
6,11873,541.0
6,11887,541.0
6,11919,541.0
6,11949,541.0
6,11965,541.0
6,11981,541.0
6,11995,541.0
6,12009,544.0
6,12039,544.0
6,12053,544.0
6,12085,544.0
6,12113,544.0
6,12139,544.0
6,12153,544.0
6,12179,544.0
6,12181,544.0
6,12211,544.0
6,12241,544.0
6,12269,544.0
6,12285,544.0
6,12313,544.0
6,12327,544.0
6,12359,544.0
6,12373,544.0
6,12387,544.0
6,12419,544.0
6,12447,544.0
6,12465,544.0
6,12491,544.0
6,12519,544.0
6,12521,544.0
6,12551,544.0
6,12553,544.0
6,12567,544.0
6,12583,544.0
6,12613,544.0
6,12641,544.0
6,12643,544.0
6,12669,544.0
6,12683,544.0
6,12715,544.0
6,12729,544.0
6,12743,544.0
6,12771,544.0
6,12785,544.0
6,12799,544.0
6,12831,544.0
6,12845,544.0
6,12861,544.0
6,12891,544.0
6,12919,544.0
6,12935,544.0
6,12949,544.0
6,12963,544.0
6,12991,544.0
6,12993,544.0
6,12995,544.0
6,13009,544.0
6,13037,544.0
6,13051,544.0
6,13065,544.0
6,13079,544.0
6,13095,544.0
6,13121,544.0
6,13153,544.0
6,13167,544.0
6,13181,544.0
6,13195,544.0
6,13209,544.0
6,13237,544.0
6,13265,544.0
6,13279,544.0
6,13305,544.0
6,13339,544.0
6,13369,544.0
6,13387,544.0
6,13417,544.0
6,13433,544.0
6,13435,544.0
6,13461,544.0
6,13493,544.0
6,13519,545.0
6,13547,545.0
6,13573,545.0
6,13575,545.0
6,13603,545.0
6,13631,545.0
6,13659,545.0
6,13687,545.0
6,13701,545.0
6,13715,545.0
6,13717,545.0
6,13735,545.0
6,13749,545.0
6,13763,545.0
6,13785,545.0
6,13813,545.0
6,13815,545.0
6,13845,545.0
6,13859,545.0
6,13885,545.0
6,13899,545.0
6,13901,545.0
6,13915,545.0
6,13929,545.0
6,13943,545.0
6,13969,545.0
6,13983,548.0
6,14001,548.0
6,14017,548.0
6,14045,548.0
6,14075,548.0
6,14077,548.0
6,14107,548.0
6,14125,548.0
6,14139,548.0
6,14167,548.0
6,14169,548.0
6,14183,548.0
6,14213,548.0
6,14227,548.0
6,14241,548.0
6,14255,548.0
6,14269,548.0
6,14295,548.0
6,14297,548.0
6,14313,548.0
6,14339,548.0
6,14355,548.0
6,14371,548.0
6,14389,548.0
6,14423,548.0
6,14439,548.0
6,14471,548.0
6,14499,548.0
6,14501,548.0
6,14521,548.0
6,14537,548.0
6,14565,548.0
6,14567,548.0
6,14581,548.0
6,14597,548.0
6,14627,548.0
6,14653,548.0
6,14679,548.0
6,14707,548.0
6,14709,548.0
6,14737,548.0
6,14739,548.0
6,14753,548.0
6,14767,548.0
6,14785,548.0
6,14817,548.0
6,14831,548.0
6,14857,548.0
6,14893,548.0
6,14895,548.0
6,14927,548.0
6,14963,548.0
6,14983,548.0
6,15013,548.0
6,15027,548.0
6,15055,548.0
6,15069,548.0
6,15083,548.0
6,15109,548.0
6,15111,548.0
6,15113,548.0
6,15129,548.0
6,15155,548.0
6,15169,548.0
6,15183,548.0
6,15201,548.0
6,15227,548.0
6,15241,548.0
6,15255,548.0
6,15281,548.0
6,15309,548.0
6,15323,548.0
6,15337,548.0
6,15365,548.0
6,15393,548.0
6,15409,548.0
6,15437,548.0
6,15465,548.0
6,15481,548.0
6,15497,548.0
6,15529,548.0
6,15555,548.0
6,15581,548.0
6,15597,548.0
6,15625,548.0
6,15639,548.0
6,15653,548.0
6,15667,548.0
6,15701,548.0
6,15715,548.0
6,15743,548.0
6,15759,548.0
6,15787,548.0
6,15801,548.0
6,15831,548.0
6,15845,548.0
6,15863,548.0
7,5666,373.0
7,5680,435.0
7,5694,435.0
7,5708,435.0
7,5722,453.0
7,5736,453.0
7,5768,453.0
7,5794,453.0
7,6451,453.0
7,6467,453.0
7,6493,456.0
7,6511,456.0
7,6527,456.0
7,6555,456.0
7,6569,456.0
7,6597,456.0
7,6599,456.0
7,6625,456.0
7,6655,459.0
7,6683,459.0
7,6713,459.0
7,6741,459.0
7,6757,459.0
7,6771,459.0
7,6799,459.0
7,6817,459.0
7,6831,459.0
7,6859,459.0
7,6885,459.0
7,6899,459.0
7,6925,459.0
7,6927,459.0
7,6941,459.0
7,6955,463.0
7,6975,463.0
7,6991,463.0
7,7005,463.0
7,7019,474.0
7,7021,474.0
7,7055,474.0
7,7083,474.0
7,7111,474.0
7,7125,474.0
7,7143,474.0
7,7171,474.0
7,7199,474.0
7,7227,486.0
7,7241,486.0
7,7255,486.0
7,7269,486.0
7,7271,486.0
7,7285,486.0
7,7299,486.0
7,7301,486.0
7,7303,486.0
7,7329,486.0
7,7331,486.0
7,7361,486.0
7,7389,486.0
7,7391,486.0
7,7405,486.0
7,7421,486.0
7,7435,486.0
7,7449,486.0
7,7463,486.0
7,7477,486.0
7,7491,488.0
7,7507,488.0
7,7533,500.0
7,7547,500.0
7,7561,500.0
7,7579,500.0
7,7595,500.0
7,7597,500.0
7,7599,500.0
7,7613,500.0
7,7629,500.0
7,7631,500.0
7,7657,500.0
7,7671,500.0
7,7685,500.0
7,7703,500.0
7,7705,500.0
7,7731,514.0
7,7745,514.0
7,7759,514.0
7,7787,514.0
7,7803,514.0
7,7833,515.0
7,7847,515.0
7,7873,521.0
7,7901,521.0
7,7927,521.0
7,7929,521.0
7,7959,521.0
7,7993,521.0
7,8007,521.0
7,8037,521.0
7,8069,521.0
7,8083,521.0
7,8111,521.0
7,8129,521.0
7,8159,521.0
7,8187,521.0
7,8201,521.0
7,8233,521.0
7,8247,521.0
7,8261,521.0
7,8293,521.0
7,8319,521.0
7,8333,521.0
7,8335,521.0
7,8349,521.0
7,8377,521.0
7,8393,521.0
7,8407,521.0
7,8437,522.0
7,8451,522.0
7,8453,522.0
7,8469,522.0
7,8483,522.0
7,8497,522.0
7,8511,522.0
7,8513,522.0
7,8527,522.0
7,8541,522.0
7,8555,522.0
7,8571,522.0
7,8587,522.0
7,8613,522.0
7,8641,522.0
7,8667,524.0
7,8681,524.0
7,8695,524.0
7,8709,524.0
7,8725,524.0
7,8727,524.0
7,8729,524.0
7,8755,524.0
7,8769,524.0
7,8795,524.0
7,8811,524.0
7,8825,525.0
7,8841,525.0
7,8871,525.0
7,8897,525.0
7,8911,525.0
7,8927,525.0
7,8953,525.0
7,8967,525.0
7,8993,525.0
7,9023,525.0
7,9025,525.0
7,9039,526.0
7,9053,526.0
7,9079,527.0
7,9081,527.0
7,9097,527.0
7,9123,527.0
7,9151,527.0
7,9165,527.0
7,9181,527.0
7,9197,527.0
7,9211,527.0
7,9213,527.0
7,9239,532.0
7,9253,532.0
7,9255,532.0
7,9285,532.0
7,9301,532.0
7,9333,532.0
7,9335,532.0
7,9351,532.0
7,9379,532.0
7,9393,532.0
7,9409,532.0
7,9435,532.0
7,9461,532.0
7,9463,532.0
7,9497,532.0
7,9513,532.0
7,9529,532.0
7,9555,532.0
7,9569,532.0
7,9583,532.0
7,9585,532.0
7,9599,532.0
7,9613,532.0
7,9627,532.0
7,9655,532.0
7,9657,532.0
7,9671,532.0
7,9685,532.0
7,9699,532.0
7,9725,532.0
7,9739,532.0
7,9755,532.0
7,9769,532.0
7,9783,532.0
7,9809,532.0
7,9827,532.0
7,9843,532.0
7,9859,532.0
7,9887,532.0
7,9915,532.0
7,9931,532.0
7,9957,532.0
7,9983,535.0
7,10013,535.0
7,10039,535.0
7,10055,535.0
7,10069,535.0
7,10071,535.0
7,10085,535.0
7,10113,535.0
7,10143,535.0
7,10157,535.0
7,10171,535.0
7,10185,535.0
7,10199,535.0
7,10213,537.0
7,10215,537.0
7,10217,537.0
7,10233,537.0
7,10259,539.0
7,10289,539.0
7,10305,539.0
7,10335,539.0
7,10351,539.0
7,10367,539.0
7,10381,539.0
7,10395,539.0
7,10409,539.0
7,10411,539.0
7,10445,539.0
7,10471,539.0
7,10489,539.0
7,10491,539.0
7,10507,539.0
7,10537,539.0
7,10563,539.0
7,10577,539.0
7,10591,539.0
7,10593,539.0
7,10607,539.0
7,10609,539.0
7,10623,539.0
7,10625,539.0
7,10641,539.0
7,10643,539.0
7,10669,541.0
7,10697,541.0
7,10711,541.0
7,10727,541.0
7,10755,541.0
7,10771,541.0
7,10799,541.0
7,10831,541.0
7,10845,541.0
7,10861,541.0
7,10887,541.0
7,10901,541.0
7,10933,541.0
7,10947,541.0
7,10949,541.0
7,10965,541.0
7,10993,541.0
7,11019,541.0
7,11033,541.0
7,11049,541.0
7,11063,541.0
7,11091,541.0
7,11117,541.0
7,11131,541.0
7,11147,541.0
7,11173,541.0
7,11189,541.0
7,11215,541.0
7,11243,541.0
7,11257,541.0
7,11277,541.0
7,11305,541.0
7,11319,541.0
7,11333,541.0
7,11335,541.0
7,11361,541.0
7,11387,541.0
7,11413,541.0
7,11439,541.0
7,11457,541.0
7,11471,541.0
7,11499,541.0
7,11513,541.0
7,11543,541.0
7,11557,541.0
7,11571,541.0
7,11597,541.0
7,11611,541.0
7,11625,541.0
7,11639,541.0
7,11657,541.0
7,11683,541.0
7,11699,541.0
7,11725,541.0
7,11727,541.0
7,11753,541.0
7,11769,541.0
7,11799,541.0
7,11813,541.0
7,11829,541.0
7,11831,541.0
7,11847,541.0
7,11863,541.0
7,11889,541.0
7,11903,541.0
7,11931,541.0
7,11959,541.0
7,11985,541.0
7,12011,541.0
7,12025,541.0
7,12039,541.0
7,12065,541.0
7,12081,541.0
7,12083,541.0
7,12109,541.0
7,12111,541.0
7,12139,541.0
7,12155,541.0
7,12157,541.0
7,12171,541.0
7,12197,541.0
7,12225,541.0
7,12239,541.0
7,12255,541.0
7,12269,541.0
7,12283,541.0
7,12309,541.0
7,12327,541.0
7,12343,541.0
7,12369,541.0
7,12385,541.0
7,12415,541.0
7,12429,541.0
7,12459,541.0
7,12461,541.0
7,12491,541.0
7,12505,541.0
7,12537,541.0
7,12539,541.0
7,12553,541.0
7,12579,541.0
7,12593,541.0
7,12595,541.0
7,12625,541.0
7,12639,541.0
7,12665,542.0
7,12691,542.0
7,12705,542.0
7,12719,542.0
7,12733,542.0
7,12761,542.0
7,12779,542.0
7,12797,542.0
7,12811,542.0
7,12841,542.0
7,12855,542.0
7,12869,542.0
7,12883,542.0
7,12911,542.0
7,12939,542.0
7,12969,542.0
7,12995,542.0
7,13009,542.0
7,13025,542.0
7,13039,542.0
7,13053,542.0
7,13071,542.0
7,13085,542.0
7,13087,542.0
7,13101,542.0
7,13103,542.0
7,13133,542.0
7,13161,542.0
7,13177,542.0
7,13193,542.0
7,13195,542.0
7,13213,542.0
7,13227,544.0
7,13241,544.0
7,13257,544.0
7,13273,544.0
7,13287,544.0
7,13317,544.0
7,13335,544.0
7,13351,544.0
7,13379,545.0
7,13407,545.0
7,13435,545.0
7,13449,545.0
7,13465,545.0
7,13479,545.0
7,13511,545.0
7,13527,545.0
7,13529,545.0
7,13557,545.0
7,13571,545.0
7,13585,545.0
7,13601,545.0
7,13603,545.0
7,13631,545.0
7,13647,545.0
7,13661,545.0
7,13689,545.0
7,13703,545.0
7,13705,545.0
7,13719,545.0
7,13737,545.0
7,13767,545.0
7,13795,545.0
7,13825,545.0
7,13851,545.0
7,13867,545.0
7,13881,545.0
7,13915,545.0
7,13929,545.0
7,13959,545.0
7,13977,545.0
7,13991,545.0
7,14007,545.0
7,14009,545.0
7,14025,545.0
7,14027,545.0
7,14053,545.0
7,14079,545.0
7,14107,545.0
7,14109,545.0
7,14111,545.0
7,14141,545.0
7,14155,545.0
7,14169,545.0
7,14185,545.0
7,14213,545.0
7,14227,545.0
7,14241,545.0
7,14267,545.0
7,14293,545.0
7,14313,545.0
7,14345,545.0
7,14373,548.0
7,14389,548.0
7,14421,548.0
7,14447,548.0
7,14449,548.0
7,14481,548.0
7,14509,548.0
7,14527,548.0
7,14541,548.0
7,14569,548.0
7,14595,548.0
7,14625,548.0
7,14641,548.0
7,14667,548.0
7,14669,548.0
7,14685,548.0
7,14711,548.0
7,14725,548.0
7,14739,548.0
7,14753,548.0
7,14769,548.0
7,14791,548.0
7,14817,548.0
7,14819,548.0
7,14851,548.0
7,14853,548.0
7,14879,548.0
7,14907,548.0
7,14921,548.0
7,14935,548.0
7,14961,548.0
7,14963,548.0
7,14991,548.0
7,15017,548.0
7,15043,548.0
7,15057,548.0
7,15071,548.0
7,15087,548.0
7,15105,548.0
7,15119,548.0
7,15135,548.0
7,15161,548.0
7,15175,548.0
7,15189,548.0
7,15217,548.0
7,15245,548.0
7,15271,548.0
7,15297,548.0
7,15323,548.0
7,15351,548.0
7,15381,548.0
7,15395,548.0
7,15423,548.0
7,15437,548.0
7,15451,548.0
7,15453,548.0
7,15469,548.0
7,15487,548.0
7,15489,548.0
7,15503,548.0
7,15505,548.0
7,15535,548.0
7,15549,548.0
7,15563,548.0
7,15579,548.0
7,15607,548.0
7,15635,548.0
7,15663,548.0
7,15691,548.0
8,5870,374.0
8,5898,374.0
8,5900,374.0
8,5926,384.0
8,5940,392.0
8,5956,392.0
8,5986,411.0
8,6018,411.0
8,6050,411.0
8,6078,411.0
8,6106,411.0
8,6120,424.0
8,6713,424.0
8,6727,424.0
8,6729,424.0
8,6759,427.0
8,6773,427.0
8,6787,427.0
8,6813,427.0
8,6839,440.0
8,6865,440.0
8,6879,440.0
8,6881,440.0
8,6895,440.0
8,6923,440.0
8,6937,440.0
8,6951,440.0
8,6967,440.0
8,6983,440.0
8,6999,440.0
8,7027,440.0
8,7055,440.0
8,7057,440.0
8,7071,446.0
8,7089,446.0
8,7105,446.0
8,7119,456.0
8,7151,456.0
8,7153,456.0
8,7181,456.0
8,7199,456.0
8,7231,456.0
8,7261,456.0
8,7287,463.0
8,7303,463.0
8,7317,463.0
8,7347,463.0
8,7373,468.0
8,7375,468.0
8,7389,469.0
8,7403,469.0
8,7419,469.0
8,7447,489.0
8,7449,489.0
8,7465,489.0
8,7491,489.0
8,7523,497.0
8,7537,497.0
8,7555,502.0
8,7581,502.0
8,7609,502.0
8,7637,502.0
8,7651,502.0
8,7667,502.0
8,7669,502.0
8,7695,502.0
8,7709,502.0
8,7737,502.0
8,7751,502.0
8,7769,502.0
8,7783,502.0
8,7817,502.0
8,7833,502.0
8,7835,502.0
8,7849,502.0
8,7851,502.0
8,7879,502.0
8,7893,502.0
8,7895,502.0
8,7897,502.0
8,7923,502.0
8,7937,502.0
8,7951,502.0
8,7965,513.0
8,7993,513.0
8,8009,513.0
8,8035,513.0
8,8065,513.0
8,8079,513.0
8,8107,514.0
8,8109,514.0
8,8137,514.0
8,8151,514.0
8,8153,514.0
8,8187,514.0
8,8189,514.0
8,8191,514.0
8,8205,514.0
8,8231,514.0
8,8233,514.0
8,8253,514.0
8,8267,514.0
8,8283,514.0
8,8311,514.0
8,8327,514.0
8,8343,514.0
8,8357,514.0
8,8375,514.0
8,8405,514.0
8,8435,514.0
8,8449,514.0
8,8475,532.0
8,8501,532.0
8,8527,532.0
8,8555,532.0
8,8557,532.0
8,8583,532.0
8,8597,532.0
8,8623,532.0
8,8637,532.0
8,8653,532.0
8,8667,532.0
8,8683,532.0
8,8711,532.0
8,8741,532.0
8,8771,532.0
8,8799,532.0
8,8825,532.0
8,8839,532.0
8,8865,532.0
8,8893,532.0
8,8929,532.0
8,8959,532.0
8,8973,532.0
8,8991,532.0
8,9007,532.0
8,9009,532.0
8,9023,532.0
8,9053,532.0
8,9079,532.0
8,9093,532.0
8,9119,532.0
8,9135,532.0
8,9149,532.0
8,9163,532.0
8,9177,532.0
8,9195,532.0
8,9211,532.0
8,9225,532.0
8,9253,532.0
8,9281,532.0
8,9295,532.0
8,9309,532.0
8,9323,532.0
8,9341,532.0
8,9355,532.0
8,9369,532.0
8,9383,532.0
8,9413,532.0
8,9443,535.0
8,9461,535.0
8,9475,535.0
8,9509,535.0
8,9535,535.0
8,9549,535.0
8,9567,535.0
8,9583,535.0
8,9585,535.0
8,9599,535.0
8,9613,535.0
8,9627,535.0
8,9653,535.0
8,9681,535.0
8,9711,535.0
8,9713,535.0
8,9727,535.0
8,9741,535.0
8,9769,535.0
8,9795,535.0
8,9797,535.0
8,9823,535.0
8,9837,535.0
8,9851,535.0
8,9853,535.0
8,9867,535.0
8,9869,535.0
8,9871,535.0
8,9887,535.0
8,9901,535.0
8,9915,535.0
8,9929,535.0
8,9945,535.0
8,9959,535.0
8,9973,535.0
8,9987,535.0
8,10017,535.0
8,10019,535.0
8,10045,535.0
8,10059,535.0
8,10061,535.0
8,10077,535.0
8,10105,535.0
8,10121,535.0
8,10151,535.0
8,10153,535.0
8,10179,535.0
8,10181,535.0
8,10211,535.0
8,10241,535.0
8,10243,535.0
8,10273,535.0
8,10301,535.0
8,10303,535.0
8,10305,535.0
8,10319,537.0
8,10321,537.0
8,10339,537.0
8,10353,537.0
8,10355,537.0
8,10371,537.0
8,10387,537.0
8,10417,537.0
8,10419,537.0
8,10421,537.0
8,10435,537.0
8,10449,537.0
8,10451,537.0
8,10485,537.0
8,10515,537.0
8,10547,537.0
8,10573,537.0
8,10599,538.0
8,10601,538.0
8,10629,538.0
8,10645,538.0
8,10661,538.0
8,10691,538.0
8,10693,538.0
8,10709,538.0
8,10723,540.0
8,10753,540.0
8,10779,540.0
8,10793,540.0
8,10795,540.0
8,10797,540.0
8,10811,540.0
8,10839,540.0
8,10853,540.0
8,10881,540.0
8,10897,540.0
8,10925,541.0
8,10941,541.0
8,10969,541.0
8,10983,541.0
8,10997,541.0
8,11011,541.0
8,11029,541.0
8,11031,541.0
8,11047,541.0
8,11067,541.0
8,11097,541.0
8,11125,541.0
8,11139,541.0
8,11153,541.0
8,11179,541.0
8,11195,541.0
8,11211,541.0
8,11239,541.0
8,11241,541.0
8,11255,541.0
8,11285,541.0
8,11299,541.0
8,11327,541.0
8,11353,541.0
8,11369,541.0
8,11399,541.0
8,11425,541.0
8,11443,541.0
8,11445,541.0
8,11461,541.0
8,11489,541.0
8,11515,541.0
8,11531,541.0
8,11561,541.0
8,11589,541.0
8,11603,541.0
8,11617,541.0
8,11619,541.0
8,11633,541.0
8,11649,541.0
8,11685,541.0
8,11701,541.0
8,11731,541.0
8,11761,541.0
8,11763,541.0
8,11777,541.0
8,11791,541.0
8,11817,541.0
8,11831,541.0
8,11857,541.0
8,11885,541.0
8,11887,541.0
8,11903,541.0
8,11931,541.0
8,11961,541.0
8,11981,541.0
8,11995,541.0
8,12025,541.0
8,12057,541.0
8,12071,544.0
8,12101,544.0
8,12115,544.0
8,12145,544.0
8,12171,544.0
8,12173,544.0
8,12199,544.0
8,12213,544.0
8,12241,544.0
8,12257,544.0
8,12287,544.0
8,12301,544.0
8,12303,544.0
8,12321,544.0
8,12323,544.0
8,12351,544.0
8,12365,544.0
8,12379,544.0
8,12395,544.0
8,12409,544.0
8,12425,544.0
8,12439,544.0
8,12455,544.0
8,12457,544.0
8,12483,544.0
8,12499,544.0
8,12531,544.0
8,12533,544.0
8,12563,544.0
8,12593,544.0
8,12607,544.0
8,12633,544.0
8,12649,544.0
8,12669,544.0
8,12697,544.0
8,12723,544.0
8,12737,544.0
8,12755,544.0
8,12757,544.0
8,12775,544.0
8,12793,544.0
8,12825,544.0
8,12841,544.0
8,12859,544.0
8,12873,544.0
8,12887,544.0
8,12913,544.0
8,12945,544.0
8,12979,544.0
8,12981,544.0
8,12997,544.0
8,13011,544.0
8,13025,544.0
8,13051,544.0
8,13065,544.0
8,13093,544.0
8,13119,544.0
8,13121,544.0
8,13137,544.0
8,13163,544.0
8,13191,544.0
8,13193,544.0
8,13223,544.0
8,13225,544.0
8,13241,544.0
8,13255,544.0
8,13269,544.0
8,13283,544.0
8,13303,544.0
8,13329,544.0
8,13345,544.0
8,13375,544.0
8,13401,544.0
8,13415,544.0
8,13417,544.0
8,13447,544.0
8,13449,544.0
8,13451,544.0
8,13479,544.0
8,13493,544.0
8,13507,544.0
8,13525,544.0
8,13547,544.0
8,13573,544.0
8,13599,544.0
8,13627,544.0
8,13657,544.0
8,13671,544.0
8,13685,544.0
8,13713,544.0
8,13715,544.0
8,13729,544.0
8,13743,544.0
8,13777,544.0
8,13793,544.0
8,13823,544.0
8,13843,544.0
8,13869,544.0
8,13897,544.0
8,13915,544.0
8,13941,544.0
8,13969,544.0
8,13983,544.0
8,13985,544.0
8,13999,544.0
8,14015,544.0
8,14031,544.0
8,14061,544.0
8,14087,544.0
8,14101,544.0
8,14115,547.0
8,14141,547.0
8,14167,547.0
8,14193,547.0
8,14209,547.0
8,14211,547.0
8,14239,547.0
8,14269,547.0
8,14301,547.0
8,14329,547.0
8,14343,547.0
8,14357,547.0
8,14385,547.0
8,14415,547.0
8,14441,547.0
8,14443,547.0
8,14477,547.0
8,14505,547.0
8,14535,547.0
8,14549,547.0
8,14551,547.0
8,14577,547.0
8,14579,547.0
8,14605,547.0
8,14621,547.0
8,14635,547.0
8,14661,547.0
8,14687,547.0
8,14701,547.0
8,14729,547.0
8,14755,547.0
8,14781,547.0
8,14807,547.0
8,14839,547.0
8,14865,547.0
8,14867,547.0
8,14869,547.0
8,14871,547.0
8,14897,547.0
8,14925,547.0
8,14953,547.0
8,14955,547.0
8,14969,547.0
8,14983,547.0
8,14985,547.0
8,15015,547.0
8,15031,547.0
8,15033,547.0
8,15047,547.0
8,15061,547.0
8,15091,547.0
8,15107,547.0
8,15123,547.0
8,15149,547.0
8,15151,547.0
8,15177,547.0
8,15205,547.0
8,15219,547.0
8,15235,547.0
8,15253,547.0
8,15267,547.0
8,15269,547.0
8,15295,550.0
8,15297,550.0
8,15313,550.0
8,15339,550.0
8,15369,550.0
8,15383,550.0
8,15399,550.0
8,15415,550.0
8,15443,550.0
8,15459,550.0
8,15483,550.0
8,15513,550.0
8,15539,550.0
8,15573,550.0
8,15587,550.0
8,15601,550.0
8,15615,550.0
8,15629,550.0
8,15657,550.0
8,15671,550.0
8,15699,550.0
8,15713,550.0
8,15727,550.0
8,15743,550.0
8,15761,550.0
8,15775,550.0
8,15801,550.0
8,15815,550.0
8,15843,550.0
9,5930,374.0
9,6519,402.0
9,6549,417.0
9,6563,417.0
9,6589,417.0
9,6603,440.0
9,6619,440.0
9,6621,440.0
9,6647,442.0
9,6677,442.0
9,6691,442.0
9,6719,442.0
9,6733,442.0
9,6761,449.0
9,6763,449.0
9,6765,449.0
9,6779,449.0
9,6805,449.0
9,6821,449.0
9,6835,449.0
9,6861,449.0
9,6889,449.0
9,6903,469.0
9,6917,489.0
9,6935,489.0
9,6965,489.0
9,6979,489.0
9,6997,489.0
9,7011,495.0
9,7037,495.0
9,7055,495.0
9,7069,495.0
9,7071,495.0
9,7085,495.0
9,7101,495.0
9,7115,495.0
9,7131,495.0
9,7159,495.0
9,7185,495.0
9,7187,495.0
9,7201,495.0
9,7215,495.0
9,7233,495.0
9,7235,495.0
9,7249,505.0
9,7263,505.0
9,7279,505.0
9,7293,505.0
9,7319,505.0
9,7333,505.0
9,7349,505.0
9,7365,505.0
9,7393,505.0
9,7423,505.0
9,7457,505.0
9,7485,505.0
9,7515,505.0
9,7541,505.0
9,7543,505.0
9,7569,507.0
9,7583,507.0
9,7585,507.0
9,7613,507.0
9,7629,507.0
9,7655,509.0
9,7687,509.0
9,7703,509.0
9,7725,509.0
9,7741,509.0
9,7755,509.0
9,7771,509.0
9,7789,509.0
9,7803,509.0
9,7817,509.0
9,7835,509.0
9,7837,509.0
9,7851,509.0
9,7853,509.0
9,7867,509.0
9,7899,510.0
9,7925,511.0
9,7951,511.0
9,7977,511.0
9,7993,511.0
9,8019,511.0
9,8033,511.0
9,8049,511.0
9,8079,511.0
9,8093,511.0
9,8107,517.0
9,8143,517.0
9,8171,517.0
9,8173,517.0
9,8175,517.0
9,8177,517.0
9,8205,517.0
9,8219,517.0
9,8233,517.0
9,8249,517.0
9,8267,517.0
9,8295,517.0
9,8309,517.0
9,8323,517.0
9,8337,520.0
9,8351,520.0
9,8379,520.0
9,8409,520.0
9,8427,520.0
9,8443,520.0
9,8459,520.0
9,8461,520.0
9,8475,520.0
9,8507,520.0
9,8535,520.0
9,8561,520.0
9,8575,520.0
9,8595,520.0
9,8609,520.0
9,8639,520.0
9,8653,520.0
9,8693,521.0
9,8709,521.0
9,8735,521.0
9,8751,521.0
9,8767,521.0
9,8797,521.0
9,8799,521.0
9,8815,521.0
9,8841,521.0
9,8855,521.0
9,8873,521.0
9,8901,521.0
9,8927,521.0
9,8929,521.0
9,8943,521.0
9,8971,521.0
9,9001,521.0
9,9031,521.0
9,9049,521.0
9,9063,521.0
9,9065,521.0
9,9091,521.0
9,9107,521.0
9,9121,521.0
9,9137,521.0
9,9169,521.0
9,9185,521.0
9,9203,521.0
9,9217,521.0
9,9231,521.0
9,9245,521.0
9,9261,521.0
9,9275,521.0
9,9291,521.0
9,9307,521.0
9,9325,521.0
9,9351,523.0
9,9377,523.0
9,9395,523.0
9,9421,523.0
9,9447,523.0
9,9465,523.0
9,9479,523.0
9,9495,523.0
9,9523,523.0
9,9555,523.0
9,9569,523.0
9,9599,523.0
9,9613,523.0
9,9629,523.0
9,9643,523.0
9,9645,523.0
9,9647,523.0
9,9667,523.0
9,9669,523.0
9,9697,523.0
9,9727,523.0
9,9755,523.0
9,9757,523.0
9,9771,524.0
9,9797,524.0
9,9823,527.0
9,9849,527.0
9,9851,527.0
9,9879,527.0
9,9895,527.0
9,9909,527.0
9,9923,527.0
9,9961,527.0
9,9963,527.0
9,9979,527.0
9,9997,527.0
9,10023,527.0
9,10051,529.0
9,10081,532.0
9,10113,532.0
9,10141,532.0
9,10157,532.0
9,10175,532.0
9,10201,532.0
9,10215,532.0
9,10229,532.0
9,10243,532.0
9,10259,532.0
9,10287,532.0
9,10305,532.0
9,10319,532.0
9,10333,532.0
9,10361,532.0
9,10389,532.0
9,10403,532.0
9,10405,532.0
9,10435,532.0
9,10451,532.0
9,10485,532.0
9,10499,532.0
9,10517,532.0
9,10533,532.0
9,10547,532.0
9,10561,532.0
9,10575,532.0
9,10589,532.0
9,10615,535.0
9,10641,535.0
9,10659,535.0
9,10685,535.0
9,10687,535.0
9,10689,535.0
9,10705,535.0
9,10719,535.0
9,10721,535.0
9,10747,535.0
9,10775,535.0
9,10789,535.0
9,10805,535.0
9,10831,535.0
9,10861,535.0
9,10875,535.0
9,10877,535.0
9,10891,535.0
9,10893,535.0
9,10895,535.0
9,10911,535.0
9,10913,535.0
9,10927,535.0
9,10941,535.0
9,10969,535.0
9,10971,535.0
9,10999,535.0
9,11027,535.0
9,11053,535.0
9,11073,535.0
9,11087,535.0
9,11101,535.0
9,11127,535.0
9,11141,535.0
9,11173,535.0
9,11187,535.0
9,11213,535.0
9,11215,535.0
9,11217,535.0
9,11231,535.0
9,11261,535.0
9,11263,535.0
9,11277,535.0
9,11303,535.0
9,11305,535.0
9,11319,535.0
9,11347,535.0
9,11363,535.0
9,11377,535.0
9,11403,535.0
9,11417,535.0
9,11433,535.0
9,11435,535.0
9,11449,535.0
9,11477,535.0
9,11503,535.0
9,11529,535.0
9,11531,535.0
9,11557,536.0
9,11559,536.0
9,11573,536.0
9,11599,536.0
9,11631,536.0
9,11645,536.0
9,11659,536.0
9,11675,536.0
9,11705,536.0
9,11733,536.0
9,11759,536.0
9,11785,536.0
9,11801,536.0
9,11829,536.0
9,11831,536.0
9,11861,536.0
9,11889,536.0
9,11915,545.0
9,11947,545.0
9,11975,545.0
9,12001,545.0
9,12027,545.0
9,12041,545.0
9,12055,545.0
9,12073,545.0
9,12087,545.0
9,12115,545.0
9,12129,545.0
9,12143,545.0
9,12171,545.0
9,12185,545.0
9,12213,545.0
9,12243,545.0
9,12271,545.0
9,12285,545.0
9,12315,545.0
9,12341,545.0
9,12369,545.0
9,12371,545.0
9,12385,545.0
9,12403,545.0
9,12417,545.0
9,12439,545.0
9,12467,545.0
9,12497,545.0
9,12513,545.0
9,12515,545.0
9,12529,545.0
9,12557,545.0
9,12573,545.0
9,12605,545.0
9,12633,545.0
9,12659,545.0
9,12661,545.0
9,12663,545.0
9,12677,545.0
9,12679,545.0
9,12693,545.0
9,12721,545.0
9,12735,545.0
9,12767,545.0
9,12781,545.0
9,12795,545.0
9,12821,545.0
9,12853,545.0
9,12869,545.0
9,12871,545.0
9,12887,545.0
9,12913,545.0
9,12939,545.0
9,12955,545.0
9,12969,545.0
9,12999,545.0
9,13015,545.0
9,13045,545.0
9,13075,545.0
9,13093,545.0
9,13107,545.0
9,13135,545.0
9,13137,545.0
9,13163,549.0
9,13179,549.0
9,13207,549.0
9,13241,549.0
9,13255,549.0
9,13257,549.0
9,13271,549.0
9,13273,549.0
9,13287,549.0
9,13289,549.0
9,13305,549.0
9,13319,549.0
9,13333,549.0
9,13359,549.0
9,13375,549.0
9,13401,549.0
9,13415,549.0
9,13417,549.0
9,13445,549.0
9,13473,549.0
9,13501,549.0
9,13515,549.0
9,13541,549.0
9,13555,549.0
9,13569,549.0
9,13583,549.0
9,13597,549.0
9,13611,549.0
9,13637,549.0
9,13665,549.0
9,13681,549.0
9,13697,549.0
9,13725,549.0
9,13741,549.0
9,13757,549.0
9,13785,549.0
9,13803,549.0
9,13829,549.0
9,13859,549.0
9,13885,549.0
9,13915,549.0
9,13943,549.0
9,13973,549.0
9,13999,549.0
9,14027,549.0
9,14041,549.0
9,14073,549.0
9,14087,549.0
9,14115,549.0
9,14129,549.0
9,14157,549.0
9,14171,549.0
9,14199,549.0
9,14213,549.0
9,14227,549.0
9,14255,549.0
9,14257,549.0
9,14259,549.0
9,14275,549.0
9,14291,549.0
9,14317,549.0
9,14343,549.0
9,14371,549.0
9,14385,549.0
9,14399,549.0
9,14425,549.0
9,14427,549.0
9,14455,549.0
9,14481,549.0
9,14515,549.0
9,14549,549.0
9,14551,549.0
9,14569,549.0
9,14583,549.0
9,14597,549.0
9,14625,549.0
9,14639,549.0
9,14653,549.0
9,14683,549.0
9,14711,549.0
9,14737,549.0
9,14765,549.0
9,14779,549.0
9,14793,549.0
9,14807,549.0
9,14821,549.0
9,14835,549.0
9,14861,549.0
9,14887,549.0
9,14913,550.0
9,14939,550.0
9,14971,550.0
9,14985,550.0
9,15011,550.0
9,15025,550.0
9,15059,550.0
9,15061,550.0
9,15075,550.0
9,15091,550.0
9,15123,550.0
9,15139,550.0
9,15141,550.0
9,15143,550.0
9,15159,550.0
9,15161,550.0
9,15177,550.0
9,15193,550.0
9,15195,550.0
9,15223,550.0
9,15225,550.0
9,15251,550.0
9,15279,550.0
9,15293,550.0
9,15307,550.0
9,15309,550.0
9,15311,550.0
9,15337,550.0
9,15365,550.0
9,15393,550.0
9,15395,550.0
9,15409,550.0
9,15439,550.0
9,15453,550.0
9,15467,550.0
9,15499,550.0
9,15513,550.0
9,15527,550.0
9,15541,550.0
9,15569,550.0
9,15601,550.0
9,15603,550.0
9,15617,550.0
9,15631,550.0
9,15647,550.0
9,15665,550.0
9,15695,550.0
9,15711,550.0
9,15729,550.0
9,15743,550.0
9,15757,550.0
9,15771,550.0
9,15773,550.0
9,15791,550.0
9,15821,550.0
9,15835,550.0
9,15871,550.0
9,15899,550.0
9,15931,550.0
10,5922,375.0
10,5938,375.0
10,5966,375.0
10,5968,375.0
10,5982,411.0
10,5984,411.0
10,6014,411.0
10,6040,411.0
10,6070,411.0
10,6084,416.0
10,6112,416.0
10,6128,416.0
10,6154,416.0
10,6184,416.0
10,6214,416.0
10,6228,445.0
10,6254,445.0
10,6280,445.0
10,6310,445.0
10,6324,463.0
10,6342,463.0
10,6965,463.0
10,6979,463.0
10,6995,463.0
10,7023,463.0
10,7051,463.0
10,7079,463.0
10,7107,463.0
10,7121,463.0
10,7123,463.0
10,7151,463.0
10,7153,463.0
10,7155,463.0
10,7157,463.0
10,7159,463.0
10,7173,477.0
10,7189,477.0
10,7203,491.0
10,7233,491.0
10,7247,491.0
10,7261,498.0
10,7263,498.0
10,7291,499.0
10,7321,499.0
10,7335,499.0
10,7361,499.0
10,7375,507.0
10,7389,507.0
10,7415,507.0
10,7441,507.0
10,7467,507.0
10,7483,507.0
10,7497,507.0
10,7511,507.0
10,7537,507.0
10,7563,507.0
10,7589,507.0
10,7591,507.0
10,7617,507.0
10,7631,512.0
10,7651,512.0
10,7667,512.0
10,7693,512.0
10,7723,512.0
10,7737,512.0
10,7753,512.0
10,7755,512.0
10,7769,512.0
10,7785,512.0
10,7799,512.0
10,7829,512.0
10,7831,512.0
10,7833,512.0
10,7861,512.0
10,7875,512.0
10,7877,512.0
10,7895,512.0
10,7909,512.0
10,7911,512.0
10,7937,512.0
10,7953,516.0
10,7969,516.0
10,7987,516.0
10,8015,516.0
10,8029,516.0
10,8059,516.0
10,8077,516.0
10,8091,516.0
10,8119,521.0
10,8145,521.0
10,8161,521.0
10,8163,521.0
10,8191,521.0
10,8223,521.0
10,8251,521.0
10,8265,521.0
10,8295,521.0
10,8309,528.0
10,8323,528.0
10,8325,528.0
10,8351,528.0
10,8365,528.0
10,8379,528.0
10,8381,528.0
10,8411,528.0
10,8413,528.0
10,8427,528.0
10,8441,528.0
10,8455,528.0
10,8481,528.0
10,8483,528.0
10,8509,528.0
10,8511,528.0
10,8539,528.0
10,8541,528.0
10,8555,528.0
10,8583,528.0
10,8585,528.0
10,8619,528.0
10,8647,528.0
10,8675,528.0
10,8691,528.0
10,8721,528.0
10,8751,528.0
10,8753,528.0
10,8767,528.0
10,8781,528.0
10,8797,528.0
10,8825,528.0
10,8839,528.0
10,8865,528.0
10,8899,528.0
10,8901,528.0
10,8927,528.0
10,8953,528.0
10,8967,528.0
10,8981,528.0
10,8995,528.0
10,9029,528.0
10,9057,528.0
10,9087,528.0
10,9101,528.0
10,9115,528.0
10,9131,528.0
10,9133,528.0
10,9161,528.0
10,9187,528.0
10,9219,528.0
10,9237,528.0
10,9265,528.0
10,9295,528.0
10,9311,528.0
10,9325,528.0
10,9339,528.0
10,9353,528.0
10,9367,528.0
10,9383,528.0
10,9385,528.0
10,9413,528.0
10,9415,528.0
10,9443,528.0
10,9457,528.0
10,9489,529.0
10,9505,529.0
10,9507,529.0
10,9509,529.0
10,9523,529.0
10,9551,529.0
10,9553,529.0
10,9567,529.0
10,9583,529.0
10,9609,529.0
10,9639,529.0
10,9655,529.0
10,9657,529.0
10,9685,529.0
10,9699,529.0
10,9713,529.0
10,9727,529.0
10,9741,529.0
10,9755,529.0
10,9757,529.0
10,9783,529.0
10,9797,529.0
10,9825,529.0
10,9855,529.0
10,9871,529.0
10,9887,529.0
10,9923,529.0
10,9955,529.0
10,9981,529.0
10,9983,529.0
10,10009,529.0
10,10037,529.0
10,10071,529.0
10,10085,530.0
10,10113,530.0
10,10127,530.0
10,10143,530.0
10,10157,530.0
10,10189,530.0
10,10203,530.0
10,10205,530.0
10,10231,530.0
10,10247,530.0
10,10261,530.0
10,10263,530.0
10,10277,530.0
10,10291,530.0
10,10305,530.0
10,10321,530.0
10,10349,530.0
10,10367,530.0
10,10383,530.0
10,10399,530.0
10,10415,530.0
10,10441,530.0
10,10443,530.0
10,10469,530.0
10,10495,533.0
10,10529,533.0
10,10555,533.0
10,10583,533.0
10,10597,533.0
10,10629,533.0
10,10655,533.0
10,10669,533.0
10,10683,533.0
10,10711,533.0
10,10725,533.0
10,10739,533.0
10,10765,533.0
10,10795,533.0
10,10797,533.0
10,10799,533.0
10,10827,533.0
10,10861,533.0
10,10875,533.0
10,10893,533.0
10,10907,533.0
10,10933,533.0
10,10935,533.0
10,10937,533.0
10,10965,533.0
10,10981,533.0
10,11009,533.0
10,11011,533.0
10,11041,533.0
10,11057,533.0
10,11089,533.0
10,11091,533.0
10,11109,533.0
10,11111,533.0
10,11141,533.0
10,11169,533.0
10,11187,533.0
10,11203,533.0
10,11217,533.0
10,11245,533.0
10,11271,533.0
10,11285,534.0
10,11317,534.0
10,11345,534.0
10,11347,534.0
10,11361,534.0
10,11393,534.0
10,11421,534.0
10,11447,534.0
10,11475,538.0
10,11491,538.0
10,11507,538.0
10,11539,538.0
10,11567,538.0
10,11581,538.0
10,11595,538.0
10,11621,538.0
10,11635,538.0
10,11651,538.0
10,11665,538.0
10,11679,538.0
10,11693,538.0
10,11725,538.0
10,11753,538.0
10,11779,538.0
10,11793,538.0
10,11809,538.0
10,11811,538.0
10,11813,538.0
10,11827,538.0
10,11853,538.0
10,11855,538.0
10,11871,538.0
10,11897,538.0
10,11913,538.0
10,11929,538.0
10,11943,538.0
10,11959,538.0
10,11961,538.0
10,11975,538.0
10,12005,538.0
10,12007,538.0
10,12021,538.0
10,12049,538.0
10,12075,538.0
10,12089,538.0
10,12115,538.0
10,12131,538.0
10,12133,538.0
10,12163,538.0
10,12179,538.0
10,12181,538.0
10,12195,538.0
10,12197,538.0
10,12199,538.0
10,12227,538.0
10,12255,538.0
10,12271,538.0
10,12287,538.0
10,12289,538.0
10,12303,538.0
10,12341,538.0
10,12371,538.0
10,12397,538.0
10,12425,538.0
10,12453,538.0
10,12481,538.0
10,12507,538.0
10,12533,538.0
10,12547,538.0
10,12563,538.0
10,12591,538.0
10,12623,538.0
10,12639,538.0
10,12653,538.0
10,12669,538.0
10,12685,538.0
10,12687,538.0
10,12715,538.0
10,12729,538.0
10,12743,538.0
10,12745,538.0
10,12759,541.0
10,12761,541.0
10,12777,541.0
10,12779,541.0
10,12795,541.0
10,12797,541.0
10,12799,541.0
10,12825,541.0
10,12853,541.0
10,12855,541.0
10,12857,541.0
10,12887,541.0
10,12917,541.0
10,12931,541.0
10,12933,541.0
10,12959,541.0
10,12989,541.0
10,13017,541.0
10,13033,541.0
10,13059,545.0
10,13087,545.0
10,13101,545.0
10,13129,545.0
10,13143,545.0
10,13175,545.0
10,13205,545.0
10,13231,545.0
10,13257,545.0
10,13285,545.0
10,13299,545.0
10,13325,545.0
10,13353,545.0
10,13367,545.0
10,13381,545.0
10,13395,545.0
10,13415,545.0
10,13429,545.0
10,13461,545.0
10,13477,545.0
10,13479,545.0
10,13493,545.0
10,13507,545.0
10,13533,545.0
10,13547,545.0
10,13575,545.0
10,13601,545.0
10,13615,545.0
10,13631,545.0
10,13633,545.0
10,13661,545.0
10,13675,545.0
10,13689,545.0
10,13705,545.0
10,13731,548.0
10,13757,548.0
10,13773,548.0
10,13787,548.0
10,13803,548.0
10,13829,548.0
10,13843,548.0
10,13857,548.0
10,13859,548.0
10,13873,548.0
10,13901,548.0
10,13915,548.0
10,13941,548.0
10,13967,548.0
10,13969,548.0
10,13971,548.0
10,13985,548.0
10,13999,548.0
10,14027,548.0
10,14043,548.0
10,14045,548.0
10,14059,548.0
10,14073,548.0
10,14089,548.0
10,14103,548.0
10,14105,548.0
10,14121,548.0
10,14135,548.0
10,14137,548.0
10,14165,548.0
10,14193,548.0
10,14219,548.0
10,14233,548.0
10,14259,548.0
10,14285,548.0
10,14287,548.0
10,14289,548.0
10,14303,548.0
10,14333,548.0
10,14363,548.0
10,14379,548.0
10,14405,548.0
10,14421,548.0
10,14449,548.0
10,14451,548.0
10,14465,548.0
10,14479,548.0
10,14505,548.0
10,14507,548.0
10,14521,548.0
10,14541,548.0
10,14543,548.0
10,14545,548.0
10,14559,548.0
10,14581,548.0
10,14607,548.0
10,14635,550.0
10,14665,550.0
10,14679,550.0
10,14695,550.0
10,14697,550.0
10,14723,550.0
10,14749,550.0
10,14751,550.0
10,14767,550.0
10,14783,550.0
10,14799,550.0
10,14813,550.0
10,14827,550.0
10,14841,550.0
10,14855,550.0
10,14883,550.0
10,14913,550.0
10,14915,550.0
10,14931,550.0
10,14961,550.0
10,14979,550.0
10,14995,550.0
10,15023,550.0
10,15037,550.0
10,15053,550.0
10,15079,550.0
10,15097,550.0
10,15123,550.0
10,15137,550.0
10,15167,550.0
10,15199,550.0
10,15215,550.0
10,15245,550.0
10,15259,550.0
10,15275,550.0
10,15291,550.0
10,15307,550.0
10,15309,550.0
10,15323,550.0
10,15343,550.0
10,15359,550.0
10,15377,550.0
10,15391,550.0
10,15419,550.0
10,15433,550.0
10,15447,550.0
10,15463,550.0
10,15477,550.0
10,15491,550.0
10,15505,550.0
10,15533,550.0
10,15535,550.0
10,15549,550.0
10,15577,550.0
10,15605,550.0
10,15619,550.0
10,15635,550.0
10,15661,550.0
10,15689,550.0
10,15703,550.0
10,15721,550.0
10,15737,550.0
10,15753,550.0
10,15767,550.0
10,15781,550.0
10,15807,550.0
10,15823,550.0
10,15837,550.0
10,15853,550.0
10,15881,550.0
10,15897,550.0
11,5820,414.0
11,5848,438.0
11,6465,438.0
11,6467,438.0
11,6481,438.0
11,6507,438.0
11,6527,438.0
11,6529,438.0
11,6531,438.0
11,6533,438.0
11,6549,438.0
11,6563,438.0
11,6565,438.0
11,6567,438.0
11,6581,438.0
11,6619,438.0
11,6649,438.0
11,6675,438.0
11,6689,438.0
11,6691,438.0
11,6693,438.0
11,6713,438.0
11,6743,438.0
11,6745,438.0
11,6747,438.0
11,6763,438.0
11,6779,438.0
11,6781,438.0
11,6783,438.0
11,6797,464.0
11,6825,464.0
11,6839,464.0
11,6867,468.0
11,6869,468.0
11,6871,468.0
11,6905,468.0
11,6933,468.0
11,6949,468.0
11,6965,468.0
11,6991,468.0
11,6993,468.0
11,7009,468.0
11,7011,468.0
11,7025,468.0
11,7043,468.0
11,7073,468.0
11,7101,468.0
11,7127,476.0
11,7129,476.0
11,7143,476.0
11,7145,476.0
11,7175,476.0
11,7203,476.0
11,7217,476.0
11,7219,476.0
11,7221,476.0
11,7247,476.0
11,7273,476.0
11,7287,476.0
11,7313,476.0
11,7315,476.0
11,7345,479.0
11,7347,479.0
11,7363,479.0
11,7379,479.0
11,7395,479.0
11,7409,479.0
11,7423,479.0
11,7451,480.0
11,7477,486.0
11,7493,486.0
11,7519,486.0
11,7533,486.0
11,7551,486.0
11,7553,486.0
11,7567,486.0
11,7581,499.0
11,7597,499.0
11,7599,499.0
11,7613,499.0
11,7627,499.0
11,7657,499.0
11,7659,499.0
11,7675,499.0
11,7701,499.0
11,7715,499.0
11,7729,499.0
11,7745,499.0
11,7773,502.0
11,7791,502.0
11,7817,502.0
11,7833,502.0
11,7859,513.0
11,7875,513.0
11,7903,513.0
11,7905,513.0
11,7933,513.0
11,7963,513.0
11,7989,513.0
11,8003,513.0
11,8005,513.0
11,8023,513.0
11,8049,513.0
11,8077,513.0
11,8091,513.0
11,8093,513.0
11,8111,513.0
11,8113,513.0
11,8127,513.0
11,8141,513.0
11,8171,513.0
11,8191,513.0
11,8207,513.0
11,8235,513.0
11,8251,513.0
11,8279,513.0
11,8305,513.0
11,8319,513.0
11,8333,515.0
11,8347,515.0
11,8363,515.0
11,8365,515.0
11,8379,515.0
11,8409,515.0
11,8423,515.0
11,8425,515.0
11,8439,515.0
11,8453,515.0
11,8467,515.0
11,8493,515.0
11,8519,515.0
11,8521,515.0
11,8549,515.0
11,8575,515.0
11,8589,517.0
11,8619,518.0
11,8635,518.0
11,8651,518.0
11,8665,518.0
11,8697,518.0
11,8711,518.0
11,8737,522.0
11,8751,522.0
11,8753,522.0
11,8755,522.0
11,8783,522.0
11,8799,522.0
11,8815,522.0
11,8817,522.0
11,8845,522.0
11,8861,522.0
11,8875,522.0
11,8889,522.0
11,8903,522.0
11,8919,522.0
11,8933,522.0
11,8935,522.0
11,8961,522.0
11,8979,522.0
11,8993,522.0
11,9021,522.0
11,9047,526.0
11,9077,526.0
11,9107,526.0
11,9123,526.0
11,9139,526.0
11,9165,526.0
11,9183,526.0
11,9199,526.0
11,9201,526.0
11,9217,526.0
11,9231,526.0
11,9257,526.0
11,9283,527.0
11,9311,527.0
11,9325,528.0
11,9351,528.0
11,9377,528.0
11,9403,528.0
11,9417,528.0
11,9431,528.0
11,9445,540.0
11,9447,540.0
11,9461,540.0
11,9477,540.0
11,9493,540.0
11,9495,540.0
11,9509,540.0
11,9535,541.0
11,9553,541.0
11,9581,541.0
11,9607,541.0
11,9621,541.0
11,9651,541.0
11,9687,541.0
11,9689,541.0
11,9715,541.0
11,9717,541.0
11,9719,541.0
11,9749,541.0
11,9783,541.0
11,9785,541.0
11,9799,541.0
11,9827,541.0
11,9841,541.0
11,9857,541.0
11,9879,541.0
11,9895,541.0
11,9923,541.0
11,9941,541.0
11,9969,541.0
11,9983,541.0
11,10009,541.0
11,10025,541.0
11,10039,541.0
11,10067,541.0
11,10081,541.0
11,10095,541.0
11,10111,541.0
11,10139,541.0
11,10141,541.0
11,10155,541.0
11,10181,541.0
11,10209,541.0
11,10239,541.0
11,10267,541.0
11,10269,541.0
11,10285,541.0
11,10301,541.0
11,10315,541.0
11,10329,541.0
11,10345,541.0
11,10371,541.0
11,10387,541.0
11,10413,541.0
11,10431,541.0
11,10461,541.0
11,10489,541.0
11,10503,541.0
11,10531,541.0
11,10563,541.0
11,10565,541.0
11,10595,541.0
11,10609,541.0
11,10639,541.0
11,10653,541.0
11,10667,541.0
11,10681,541.0
11,10707,541.0
11,10721,541.0
11,10737,541.0
11,10767,541.0
11,10769,541.0
11,10795,541.0
11,10797,541.0
11,10827,541.0
11,10829,541.0
11,10857,541.0
11,10871,541.0
11,10885,541.0
11,10887,541.0
11,10901,541.0
11,10931,541.0
11,10959,541.0
11,10961,541.0
11,10975,541.0
11,10977,541.0
11,10991,541.0
11,11005,541.0
11,11019,541.0
11,11021,541.0
11,11055,541.0
11,11069,541.0
11,11071,541.0
11,11099,541.0
11,11129,541.0
11,11143,541.0
11,11157,541.0
11,11187,541.0
11,11203,541.0
11,11223,541.0
11,11225,541.0
11,11255,541.0
11,11285,541.0
11,11299,541.0
11,11329,541.0
11,11343,541.0
11,11357,541.0
11,11359,541.0
11,11361,541.0
11,11363,541.0
11,11391,543.0
11,11405,543.0
11,11419,543.0
11,11437,543.0
11,11451,543.0
11,11467,543.0
11,11481,543.0
11,11483,543.0
11,11499,543.0
11,11513,543.0
11,11527,543.0
11,11529,543.0
11,11543,543.0
11,11559,543.0
11,11593,543.0
11,11621,543.0
11,11651,543.0
11,11667,543.0
11,11681,543.0
11,11709,543.0
11,11735,543.0
11,11737,543.0
11,11765,543.0
11,11779,543.0
11,11807,543.0
11,11833,543.0
11,11863,543.0
11,11889,543.0
11,11917,543.0
11,11931,543.0
11,11963,543.0
11,11977,543.0
11,12005,543.0
11,12021,543.0
11,12049,543.0
11,12063,543.0
11,12083,543.0
11,12097,543.0
11,12123,543.0
11,12137,543.0
11,12151,543.0
11,12181,543.0
11,12195,543.0
11,12223,543.0
11,12239,543.0
11,12253,543.0
11,12281,543.0
11,12297,543.0
11,12325,544.0
11,12353,544.0
11,12383,544.0
11,12397,544.0
11,12411,544.0
11,12425,544.0
11,12441,544.0
11,12471,544.0
11,12487,544.0
11,12501,544.0
11,12521,544.0
11,12537,544.0
11,12567,544.0
11,12569,544.0
11,12585,544.0
11,12613,544.0
11,12629,544.0
11,12657,544.0
11,12687,544.0
11,12713,544.0
11,12715,544.0
11,12729,546.0
11,12747,546.0
11,12773,546.0
11,12787,546.0
11,12801,546.0
11,12803,546.0
11,12829,546.0
11,12847,546.0
11,12873,546.0
11,12899,546.0
11,12901,546.0
11,12917,546.0
11,12919,546.0
11,12933,546.0
11,12935,546.0
11,12951,546.0
11,12969,546.0
11,12999,546.0
11,13025,546.0
11,13051,546.0
11,13053,546.0
11,13069,546.0
11,13085,546.0
11,13099,546.0
11,13113,546.0
11,13139,546.0
11,13169,546.0
11,13195,546.0
11,13223,546.0
11,13239,546.0
11,13267,546.0
11,13281,546.0
11,13295,546.0
11,13297,546.0
11,13313,546.0
11,13343,546.0
11,13361,546.0
11,13375,546.0
11,13393,546.0
11,13407,546.0
11,13409,546.0
11,13437,546.0
11,13451,546.0
11,13467,546.0
11,13497,546.0
11,13513,546.0
11,13527,547.0
11,13561,547.0
11,13575,547.0
11,13603,547.0
11,13619,547.0
11,13633,547.0
11,13665,547.0
11,13695,547.0
11,13697,547.0
11,13711,547.0
11,13727,547.0
11,13743,547.0
11,13769,547.0
11,13785,547.0
11,13801,547.0
11,13831,547.0
11,13845,547.0
11,13859,547.0
11,13873,547.0
11,13887,547.0
11,13921,547.0
11,13951,547.0
11,13953,547.0
11,13967,547.0
11,13969,547.0
11,13995,547.0
11,14021,547.0
11,14037,547.0
11,14065,547.0
11,14079,547.0
11,14107,547.0
11,14137,547.0
11,14151,547.0
11,14181,547.0
11,14183,547.0
11,14197,547.0
11,14223,547.0
11,14239,547.0
11,14241,547.0
11,14271,547.0
11,14299,547.0
11,14301,547.0
11,14303,547.0
11,14317,547.0
11,14343,547.0
11,14357,547.0
11,14383,547.0
11,14399,547.0
11,14427,547.0
11,14443,547.0
11,14445,547.0
11,14477,547.0
11,14505,547.0
11,14533,547.0
11,14547,547.0
11,14577,547.0
11,14579,547.0
11,14593,547.0
11,14607,547.0
11,14635,547.0
11,14671,547.0
11,14701,547.0
11,14703,547.0
11,14719,547.0
11,14735,547.0
11,14753,547.0
11,14767,547.0
11,14793,547.0
11,14821,547.0
11,14839,547.0
11,14865,547.0
11,14893,547.0
11,14919,547.0
11,14933,547.0
11,14963,547.0
11,14991,547.0
11,15009,547.0
11,15025,547.0
11,15053,547.0
11,15067,547.0
11,15083,547.0
11,15121,547.0
11,15135,547.0
11,15165,547.0
11,15179,547.0
11,15205,547.0
11,15233,547.0
11,15247,547.0
11,15263,547.0
11,15281,547.0
11,15297,547.0
11,15299,547.0
11,15325,547.0
11,15355,547.0
11,15383,547.0
11,15409,547.0
11,15435,547.0
11,15449,547.0
11,15477,547.0
11,15491,547.0
11,15505,547.0
11,15521,547.0
11,15535,547.0
11,15551,547.0
11,15565,547.0
11,15585,547.0
11,15587,547.0
11,15613,547.0
11,15627,547.0
11,15643,547.0
11,15657,547.0
11,15659,547.0
11,15673,547.0
11,15689,547.0
11,15717,547.0
11,15749,547.0
11,15765,547.0
11,15767,547.0
11,15781,547.0
11,15809,547.0
12,5894,374.0
12,5912,374.0
12,5926,374.0
12,5952,429.0
12,5978,429.0
12,5992,429.0
12,6026,429.0
12,6062,429.0
12,6078,429.0
12,6096,429.0
12,6124,429.0
12,6140,429.0
12,6154,429.0
12,6182,467.0
12,6198,467.0
12,6226,467.0
12,6256,467.0
12,6270,467.0
12,6286,467.0
12,6302,467.0
12,6316,482.0
12,6330,482.0
12,6358,491.0
12,6376,491.0
12,6402,491.0
12,6418,491.0
12,6432,491.0
12,7045,491.0
12,7073,495.0
12,7075,495.0
12,7107,495.0
12,7109,495.0
12,7123,495.0
12,7125,495.0
12,7139,495.0
12,7153,495.0
12,7167,495.0
12,7181,495.0
12,7183,495.0
12,7199,495.0
12,7225,495.0
12,7227,495.0
12,7241,495.0
12,7259,495.0
12,7287,495.0
12,7301,495.0
12,7327,495.0
12,7347,495.0
12,7377,495.0
12,7407,495.0
12,7423,495.0
12,7449,495.0
12,7477,495.0
12,7505,495.0
12,7535,495.0
12,7537,495.0
12,7563,495.0
12,7589,495.0
12,7617,496.0
12,7631,499.0
12,7633,499.0
12,7649,499.0
12,7651,499.0
12,7681,500.0
12,7695,501.0
12,7711,501.0
12,7725,501.0
12,7739,501.0
12,7741,501.0
12,7773,501.0
12,7787,506.0
12,7813,506.0
12,7841,506.0
12,7867,506.0
12,7885,506.0
12,7899,508.0
12,7931,508.0
12,7933,508.0
12,7961,508.0
12,7989,508.0
12,8015,516.0
12,8053,516.0
12,8083,516.0
12,8115,516.0
12,8129,516.0
12,8145,516.0
12,8171,516.0
12,8185,516.0
12,8215,516.0
12,8245,516.0
12,8247,516.0
12,8261,518.0
12,8275,518.0
12,8305,518.0
12,8323,518.0
12,8337,518.0
12,8339,518.0
12,8353,518.0
12,8369,518.0
12,8395,518.0
12,8425,518.0
12,8441,518.0
12,8443,518.0
12,8471,525.0
12,8473,525.0
12,8487,525.0
12,8519,525.0
12,8545,525.0
12,8563,525.0
12,8579,525.0
12,8607,525.0
12,8635,525.0
12,8653,525.0
12,8669,525.0
12,8683,525.0
12,8697,525.0
12,8699,525.0
12,8729,525.0
12,8731,525.0
12,8749,525.0
12,8777,525.0
12,8805,525.0
12,8807,525.0
12,8823,525.0
12,8825,525.0
12,8841,525.0
12,8855,525.0
12,8857,525.0
12,8871,525.0
12,8885,525.0
12,8887,525.0
12,8901,525.0
12,8917,525.0
12,8945,528.0
12,8973,528.0
12,9001,528.0
12,9017,528.0
12,9045,528.0
12,9059,528.0
12,9073,528.0
12,9093,528.0
12,9107,528.0
12,9133,529.0
12,9135,529.0
12,9163,529.0
12,9193,529.0
12,9213,529.0
12,9229,529.0
12,9245,529.0
12,9261,529.0
12,9263,529.0
12,9277,529.0
12,9291,529.0
12,9307,529.0
12,9333,529.0
12,9347,529.0
12,9361,529.0
12,9389,529.0
12,9403,529.0
12,9421,529.0
12,9437,529.0
12,9451,529.0
12,9481,529.0
12,9511,529.0
12,9527,529.0
12,9529,529.0
12,9531,529.0
12,9557,529.0
12,9571,529.0
12,9585,529.0
12,9611,529.0
12,9629,529.0
12,9631,529.0
12,9633,529.0
12,9659,531.0
12,9677,531.0
12,9691,531.0
12,9709,531.0
12,9711,531.0
12,9725,531.0
12,9753,531.0
12,9771,531.0
12,9785,531.0
12,9787,531.0
12,9803,531.0
12,9817,531.0
12,9831,531.0
12,9857,531.0
12,9883,531.0
12,9899,531.0
12,9901,531.0
12,9919,531.0
12,9921,531.0
12,9949,531.0
12,9975,531.0
12,9977,531.0
12,10005,531.0
12,10007,531.0
12,10009,531.0
12,10025,531.0
12,10027,531.0
12,10029,531.0
12,10043,531.0
12,10069,533.0
12,10083,533.0
12,10097,534.0
12,10113,534.0
12,10127,534.0
12,10141,534.0
12,10167,534.0
12,10181,534.0
12,10199,534.0
12,10227,534.0
12,10255,534.0
12,10283,534.0
12,10299,534.0
12,10301,534.0
12,10329,534.0
12,10343,534.0
12,10357,534.0
12,10383,539.0
12,10401,539.0
12,10417,539.0
12,10419,539.0
12,10421,539.0
12,10453,539.0
12,10467,539.0
12,10481,539.0
12,10507,539.0
12,10535,539.0
12,10565,539.0
12,10599,539.0
12,10629,539.0
12,10631,539.0
12,10659,539.0
12,10673,539.0
12,10689,539.0
12,10715,539.0
12,10731,539.0
12,10759,539.0
12,10787,539.0
12,10801,539.0
12,10827,539.0
12,10829,539.0
12,10865,539.0
12,10879,539.0
12,10881,539.0
12,10907,539.0
12,10909,539.0
12,10935,539.0
12,10949,539.0
12,10977,539.0
12,10979,539.0
12,10993,539.0
12,11019,539.0
12,11035,539.0
12,11037,539.0
12,11051,539.0
12,11067,539.0
12,11083,539.0
12,11097,539.0
12,11113,539.0
12,11139,539.0
12,11155,539.0
12,11169,539.0
12,11199,539.0
12,11215,539.0
12,11241,539.0
12,11243,539.0
12,11259,539.0
12,11285,539.0
12,11299,539.0
12,11301,539.0
12,11315,539.0
12,11345,539.0
12,11371,539.0
12,11389,539.0
12,11415,539.0
12,11449,539.0
12,11481,539.0
12,11497,539.0
12,11513,539.0
12,11541,539.0
12,11573,539.0
12,11599,539.0
12,11625,539.0
12,11657,539.0
12,11685,539.0
12,11699,539.0
12,11701,539.0
12,11719,539.0
12,11733,539.0
12,11747,539.0
12,11765,539.0
12,11793,539.0
12,11823,539.0
12,11839,539.0
12,11865,539.0
12,11867,539.0
12,11883,539.0
12,11885,539.0
12,11899,539.0
12,11925,539.0
12,11939,539.0
12,11953,539.0
12,11981,539.0
12,12011,539.0
12,12037,539.0
12,12051,539.0
12,12077,539.0
12,12107,539.0
12,12137,539.0
12,12151,539.0
12,12153,539.0
12,12169,539.0
12,12171,539.0
12,12185,539.0
12,12199,539.0
12,12227,539.0
12,12257,539.0
12,12283,540.0
12,12311,540.0
12,12329,540.0
12,12331,540.0
12,12345,540.0
12,12359,540.0
12,12385,540.0
12,12399,540.0
12,12401,540.0
12,12415,540.0
12,12443,540.0
12,12457,540.0
12,12459,540.0
12,12473,540.0
12,12509,540.0
12,12511,540.0
12,12513,540.0
12,12529,540.0
12,12555,540.0
12,12569,540.0
12,12589,540.0
12,12603,540.0
12,12621,540.0
12,12649,540.0
12,12651,540.0
12,12679,540.0
12,12681,540.0
12,12695,540.0
12,12709,540.0
12,12723,540.0
12,12725,540.0
12,12757,540.0
12,12759,540.0
12,12789,540.0
12,12805,540.0
12,12819,540.0
12,12821,540.0
12,12847,540.0
12,12861,540.0
12,12889,540.0
12,12915,540.0
12,12931,540.0
12,12945,540.0
12,12959,540.0
12,12991,540.0
12,13007,540.0
12,13033,540.0
12,13047,540.0
12,13061,540.0
12,13075,540.0
12,13103,540.0
12,13133,540.0
12,13149,540.0
12,13163,540.0
12,13193,540.0
12,13207,540.0
12,13223,540.0
12,13239,540.0
12,13255,540.0
12,13257,540.0
12,13273,540.0
12,13301,540.0
12,13315,540.0
12,13343,540.0
12,13369,540.0
12,13399,540.0
12,13401,540.0
12,13431,540.0
12,13445,540.0
12,13467,540.0
12,13469,540.0
12,13485,540.0
12,13517,540.0
12,13547,540.0
12,13577,540.0
12,13595,540.0
12,13623,540.0
12,13639,540.0
12,13653,540.0
12,13655,540.0
12,13669,540.0
12,13687,540.0
12,13717,540.0
12,13719,540.0
12,13749,540.0
12,13751,540.0
12,13769,540.0
12,13787,540.0
12,13789,540.0
12,13791,540.0
12,13807,540.0
12,13833,540.0
12,13847,540.0
12,13875,540.0
12,13903,540.0
12,13931,540.0
12,13933,540.0
12,13947,540.0
12,13973,540.0
12,13987,540.0
12,13989,540.0
12,13991,540.0
12,14019,540.0
12,14021,540.0
12,14037,540.0
12,14051,540.0
12,14065,540.0
12,14091,540.0
12,14093,540.0
12,14095,540.0
12,14097,540.0
12,14113,540.0
12,14115,540.0
12,14117,540.0
12,14131,540.0
12,14151,540.0
12,14177,540.0
12,14207,540.0
12,14237,540.0
12,14251,540.0
12,14253,540.0
12,14267,540.0
12,14295,540.0
12,14297,540.0
12,14299,540.0
12,14329,540.0
12,14331,540.0
12,14357,540.0
12,14387,540.0
12,14401,540.0
12,14417,540.0
12,14431,540.0
12,14461,540.0
12,14487,540.0
12,14503,540.0
12,14517,540.0
12,14545,543.0
12,14561,543.0
12,14563,543.0
12,14591,543.0
12,14617,543.0
12,14643,543.0
12,14657,543.0
12,14671,543.0
12,14691,543.0
12,14717,543.0
12,14743,547.0
12,14771,547.0
12,14797,547.0
12,14811,547.0
12,14825,549.0
12,14851,549.0
12,14865,549.0
12,14891,549.0
12,14921,549.0
12,14947,549.0
12,14973,549.0
12,14975,549.0
12,15005,549.0
12,15007,549.0
12,15023,549.0
12,15051,549.0
12,15077,549.0
12,15105,549.0
12,15131,549.0
12,15147,549.0
12,15177,549.0
12,15203,549.0
12,15217,549.0
12,15233,549.0
12,15247,549.0
12,15275,549.0
12,15305,549.0
12,15331,549.0
12,15345,549.0
12,15373,549.0
12,15403,549.0
12,15417,549.0
12,15431,549.0
12,15459,549.0
12,15477,549.0
12,15505,550.0
12,15521,550.0
12,15551,550.0
12,15565,550.0
12,15591,550.0
12,15605,550.0
12,15623,550.0
12,15625,550.0
12,15641,550.0
12,15643,550.0
12,15645,550.0
12,15673,550.0
12,15699,550.0
12,15715,550.0
12,15743,550.0
12,15769,550.0
12,15783,550.0
12,15809,550.0
12,15837,550.0
12,15851,550.0
12,15853,550.0
12,15867,550.0
12,15895,550.0
13,5820,381.0
13,5850,381.0
13,5864,381.0
13,5882,381.0
13,5912,381.0
13,6555,381.0
13,6581,381.0
13,6583,381.0
13,6599,381.0
13,6613,381.0
13,6615,381.0
13,6617,381.0
13,6619,381.0
13,6635,381.0
13,6665,381.0
13,6667,381.0
13,6685,381.0
13,6687,381.0
13,6701,381.0
13,6717,381.0
13,6731,396.0
13,6759,407.0
13,6779,407.0
13,6805,427.0
13,6807,427.0
13,6821,439.0
13,6847,439.0
13,6861,439.0
13,6875,444.0
13,6877,444.0
13,6879,444.0
13,6909,444.0
13,6923,444.0
13,6937,455.0
13,6969,455.0
13,6997,455.0
13,7013,455.0
13,7041,455.0
13,7055,455.0
13,7073,455.0
13,7089,455.0
13,7091,455.0
13,7093,455.0
13,7121,455.0
13,7147,455.0
13,7177,455.0
13,7203,455.0
13,7217,455.0
13,7247,461.0
13,7261,461.0
13,7287,470.0
13,7301,470.0
13,7303,470.0
13,7321,470.0
13,7347,471.0
13,7361,471.0
13,7377,471.0
13,7405,471.0
13,7419,479.0
13,7433,479.0
13,7435,479.0
13,7449,479.0
13,7463,496.0
13,7477,496.0
13,7503,496.0
13,7517,496.0
13,7533,496.0
13,7535,496.0
13,7565,496.0
13,7593,496.0
13,7619,510.0
13,7633,510.0
13,7647,513.0
13,7661,513.0
13,7687,513.0
13,7689,513.0
13,7717,513.0
13,7747,513.0
13,7773,517.0
13,7787,517.0
13,7801,517.0
13,7829,517.0
13,7845,517.0
13,7873,517.0
13,7901,517.0
13,7903,517.0
13,7937,517.0
13,7965,517.0
13,7993,517.0
13,8019,517.0
13,8021,517.0
13,8047,520.0
13,8063,520.0
13,8077,520.0
13,8105,520.0
13,8119,520.0
13,8151,520.0
13,8153,520.0
13,8155,520.0
13,8157,520.0
13,8173,520.0
13,8191,520.0
13,8193,520.0
13,8209,520.0
13,8211,520.0
13,8237,520.0
13,8251,520.0
13,8253,520.0
13,8267,520.0
13,8283,520.0
13,8297,520.0
13,8329,520.0
13,8343,520.0
13,8369,520.0
13,8397,520.0
13,8411,520.0
13,8425,520.0
13,8451,520.0
13,8465,520.0
13,8501,520.0
13,8527,526.0
13,8553,526.0
13,8555,526.0
13,8583,526.0
13,8611,526.0
13,8627,526.0
13,8657,526.0
13,8659,526.0
13,8675,526.0
13,8701,526.0
13,8729,526.0
13,8757,526.0
13,8771,526.0
13,8785,526.0
13,8799,526.0
13,8813,526.0
13,8841,526.0
13,8855,526.0
13,8857,526.0
13,8883,526.0
13,8897,526.0
13,8899,526.0
13,8915,526.0
13,8917,526.0
13,8947,526.0
13,8973,526.0
13,8975,526.0
13,9001,526.0
13,9031,526.0
13,9045,527.0
13,9073,527.0
13,9101,527.0
13,9117,527.0
13,9119,527.0
13,9147,527.0
13,9161,527.0
13,9175,527.0
13,9201,527.0
13,9217,527.0
13,9247,527.0
13,9261,527.0
13,9295,527.0
13,9323,527.0
13,9337,527.0
13,9365,527.0
13,9391,527.0
13,9405,527.0
13,9427,527.0
13,9443,527.0
13,9459,527.0
13,9475,527.0
13,9493,527.0
13,9509,527.0
13,9523,527.0
13,9549,527.0
13,9579,527.0
13,9593,527.0
13,9607,527.0
13,9635,527.0
13,9663,527.0
13,9679,527.0
13,9695,527.0
13,9727,527.0
13,9729,527.0
13,9743,527.0
13,9759,527.0
13,9789,527.0
13,9815,527.0
13,9835,527.0
13,9853,527.0
13,9879,527.0
13,9881,527.0
13,9895,527.0
13,9909,527.0
13,9935,532.0
13,9951,532.0
13,9977,532.0
13,10003,532.0
13,10029,532.0
13,10057,532.0
13,10071,532.0
13,10085,535.0
13,10113,535.0
13,10115,535.0
13,10117,535.0
13,10131,535.0
13,10165,535.0
13,10197,535.0
13,10225,535.0
13,10227,535.0
13,10243,535.0
13,10271,535.0
13,10299,535.0
13,10335,535.0
13,10351,535.0
13,10383,535.0
13,10397,535.0
13,10411,535.0
13,10439,535.0
13,10455,535.0
13,10469,535.0
13,10471,535.0
13,10503,535.0
13,10535,535.0
13,10563,538.0
13,10593,538.0
13,10607,538.0
13,10637,538.0
13,10673,538.0
13,10691,538.0
13,10705,538.0
13,10719,538.0
13,10737,538.0
13,10765,538.0
13,10779,538.0
13,10807,538.0
13,10837,538.0
13,10851,538.0
13,10877,538.0
13,10905,538.0
13,10921,538.0
13,10949,538.0
13,10975,538.0
13,10989,538.0
13,11015,538.0
13,11029,538.0
13,11031,538.0
13,11059,538.0
13,11085,538.0
13,11087,538.0
13,11121,538.0
13,11137,538.0
13,11163,538.0
13,11177,538.0
13,11191,538.0
13,11205,538.0
13,11231,538.0
13,11245,538.0
13,11259,538.0
13,11261,538.0
13,11291,538.0
13,11307,538.0
13,11323,538.0
13,11353,538.0
13,11383,538.0
13,11397,538.0
13,11431,538.0
13,11461,538.0
13,11475,538.0
13,11477,538.0
13,11509,538.0
13,11535,542.0
13,11555,542.0
13,11571,542.0
13,11585,542.0
13,11613,542.0
13,11615,542.0
13,11617,542.0
13,11631,542.0
13,11633,542.0
13,11647,542.0
13,11661,542.0
13,11675,542.0
13,11701,544.0
13,11719,544.0
13,11733,544.0
13,11761,544.0
13,11777,544.0
13,11791,544.0
13,11805,544.0
13,11833,544.0
13,11847,544.0
13,11873,544.0
13,11875,544.0
13,11903,544.0
13,11929,544.0
13,11945,544.0
13,11947,544.0
13,11961,544.0
13,11987,544.0
13,11989,544.0
13,12019,544.0
13,12049,544.0
13,12063,544.0
13,12089,545.0
13,12123,545.0
13,12137,545.0
13,12139,545.0
13,12153,545.0
13,12169,545.0
13,12195,545.0
13,12227,545.0
13,12243,545.0
13,12269,545.0
13,12297,545.0
13,12311,545.0
13,12325,545.0
13,12327,545.0
13,12343,545.0
13,12361,545.0
13,12363,545.0
13,12365,545.0
13,12381,545.0
13,12409,545.0
13,12423,545.0
13,12437,545.0
13,12463,545.0
13,12477,545.0
13,12491,545.0
13,12505,545.0
13,12519,545.0
13,12521,545.0
13,12535,545.0
13,12537,545.0
13,12551,545.0
13,12565,545.0
13,12579,545.0
13,12609,545.0
13,12623,545.0
13,12649,545.0
13,12651,545.0
13,12683,545.0
13,12697,545.0
13,12723,545.0
13,12725,545.0
13,12745,545.0
13,12759,545.0
13,12773,545.0
13,12775,545.0
13,12805,545.0
13,12821,545.0
13,12835,545.0
13,12851,545.0
13,12867,545.0
13,12881,545.0
13,12895,545.0
13,12897,545.0
13,12925,545.0
13,12927,545.0
13,12957,545.0
13,12959,545.0
13,12989,545.0
13,13003,545.0
13,13019,545.0
13,13033,545.0
13,13035,545.0
13,13063,545.0
13,13077,545.0
13,13079,545.0
13,13093,545.0
13,13119,545.0
13,13145,545.0
13,13159,545.0
13,13173,548.0
13,13187,548.0
13,13217,548.0
13,13247,548.0
13,13275,548.0
13,13277,548.0
13,13295,548.0
13,13309,548.0
13,13323,548.0
13,13337,548.0
13,13339,548.0
13,13353,548.0
13,13367,548.0
13,13393,548.0
13,13421,548.0
13,13451,548.0
13,13453,548.0
13,13467,548.0
13,13483,548.0
13,13497,548.0
13,13499,548.0
13,13527,548.0
13,13555,548.0
13,13585,548.0
13,13613,548.0
13,13645,548.0
13,13661,548.0
13,13679,548.0
13,13707,548.0
13,13735,548.0
13,13765,548.0
13,13781,548.0
13,13807,548.0
13,13833,548.0
13,13861,548.0
13,13875,548.0
13,13903,548.0
13,13919,548.0
13,13933,548.0
13,13947,548.0
13,13961,548.0
13,13963,548.0
13,13977,548.0
13,13991,548.0
13,14021,548.0
13,14023,548.0
13,14037,548.0
13,14063,548.0
13,14065,548.0
13,14079,548.0
13,14109,548.0
13,14111,548.0
13,14139,548.0
13,14169,548.0
13,14171,548.0
13,14185,548.0
13,14199,548.0
13,14215,548.0
13,14243,548.0
13,14257,548.0
13,14259,548.0
13,14289,548.0
13,14305,548.0
13,14337,548.0
13,14353,548.0
13,14355,548.0
13,14369,548.0
13,14371,548.0
13,14385,548.0
13,14399,548.0
13,14425,548.0
13,14441,548.0
13,14455,548.0
13,14469,548.0
13,14483,548.0
13,14497,548.0
13,14499,548.0
13,14525,550.0
13,14541,550.0
13,14577,550.0
13,14603,550.0
13,14629,550.0
13,14643,550.0
13,14657,550.0
13,14685,550.0
13,14687,550.0
13,14703,550.0
13,14717,550.0
13,14749,550.0
13,14765,550.0
13,14791,550.0
13,14819,550.0
13,14849,550.0
13,14863,550.0
13,14865,550.0
13,14893,550.0
13,14909,550.0
13,14923,550.0
13,14925,550.0
13,14953,550.0
13,14967,550.0
13,14997,550.0
13,15011,550.0
13,15039,550.0
13,15067,550.0
13,15083,550.0
13,15111,550.0
13,15139,550.0
13,15167,550.0
13,15199,550.0
13,15227,550.0
13,15253,550.0
13,15279,550.0
13,15307,550.0
13,15333,550.0
13,15349,550.0
13,15363,550.0
13,15377,550.0
13,15405,550.0
13,15435,550.0
13,15463,550.0
13,15497,550.0
13,15525,550.0
13,15545,550.0
13,15571,550.0
13,15573,550.0
13,15575,550.0
13,15589,550.0
13,15619,550.0
13,15635,550.0
13,15661,550.0
13,15677,550.0
13,15705,550.0
13,15731,550.0
13,15749,550.0
13,15777,550.0
13,15805,550.0
13,15819,550.0
14,5822,402.0
14,5848,410.0
14,5862,410.0
14,5876,429.0
14,5878,429.0
14,6551,429.0
14,6565,453.0
14,6593,453.0
14,6619,453.0
14,6647,453.0
14,6649,453.0
14,6679,462.0
14,6681,462.0
14,6695,462.0
14,6697,462.0
14,6711,462.0
14,6729,462.0
14,6745,462.0
14,6775,462.0
14,6789,462.0
14,6819,462.0
14,6845,469.0
14,6861,469.0
14,6875,469.0
14,6889,469.0
14,6905,469.0
14,6907,469.0
14,6933,469.0
14,6951,469.0
14,6965,469.0
14,6979,469.0
14,7005,469.0
14,7021,469.0
14,7047,469.0
14,7061,469.0
14,7075,469.0
14,7089,469.0
14,7125,469.0
14,7153,478.0
14,7179,487.0
14,7207,487.0
14,7209,487.0
14,7211,487.0
14,7241,487.0
14,7257,487.0
14,7273,487.0
14,7303,487.0
14,7335,487.0
14,7361,487.0
14,7393,493.0
14,7409,493.0
14,7427,493.0
14,7443,493.0
14,7445,493.0
14,7461,493.0
14,7493,493.0
14,7509,493.0
14,7537,493.0
14,7563,493.0
14,7577,493.0
14,7593,493.0
14,7627,493.0
14,7641,493.0
14,7659,493.0
14,7661,493.0
14,7691,493.0
14,7721,493.0
14,7735,497.0
14,7749,497.0
14,7775,503.0
14,7797,503.0
14,7811,503.0
14,7847,503.0
14,7849,503.0
14,7863,503.0
14,7895,503.0
14,7897,503.0
14,7929,503.0
14,7957,503.0
14,7959,503.0
14,7985,503.0
14,7987,503.0
14,7989,503.0
14,8005,503.0
14,8019,503.0
14,8047,503.0
14,8063,503.0
14,8091,503.0
14,8093,503.0
14,8121,503.0
14,8135,503.0
14,8151,503.0
14,8153,503.0
14,8179,503.0
14,8209,503.0
14,8223,503.0
14,8255,503.0
14,8269,503.0
14,8295,503.0
14,8321,503.0
14,8337,503.0
14,8353,503.0
14,8381,503.0
14,8395,503.0
14,8397,503.0
14,8427,503.0
14,8455,503.0
14,8483,503.0
14,8513,503.0
14,8527,504.0
14,8529,504.0
14,8545,504.0
14,8559,504.0
14,8589,506.0
14,8605,506.0
14,8635,506.0
14,8637,506.0
14,8639,506.0
14,8655,506.0
14,8683,508.0
14,8713,508.0
14,8727,508.0
14,8759,508.0
14,8773,508.0
14,8775,508.0
14,8777,508.0
14,8805,508.0
14,8807,508.0
14,8809,508.0
14,8835,509.0
14,8865,509.0
14,8867,509.0
14,8881,509.0
14,8909,510.0
14,8937,514.0
14,8951,514.0
14,8965,514.0
14,8967,514.0
14,8969,514.0
14,8995,516.0
14,8997,516.0
14,9025,516.0
14,9053,516.0
14,9083,516.0
14,9111,518.0
14,9129,518.0
14,9145,518.0
14,9163,518.0
14,9165,518.0
14,9167,518.0
14,9181,518.0
14,9207,518.0
14,9223,518.0
14,9237,518.0
14,9263,518.0
14,9277,518.0
14,9303,523.0
14,9317,523.0
14,9343,523.0
14,9373,523.0
14,9389,523.0
14,9391,523.0
14,9407,526.0
14,9425,526.0
14,9451,526.0
14,9467,526.0
14,9495,528.0
14,9523,528.0
14,9549,528.0
14,9583,528.0
14,9597,528.0
14,9627,528.0
14,9659,528.0
14,9675,528.0
14,9689,528.0
14,9703,528.0
14,9731,528.0
14,9745,528.0
14,9759,528.0
14,9787,528.0
14,9817,528.0
14,9819,528.0
14,9833,528.0
14,9835,528.0
14,9863,528.0
14,9865,528.0
14,9891,529.0
14,9905,529.0
14,9919,529.0
14,9933,529.0
14,9935,529.0
14,9949,529.0
14,9963,529.0
14,9979,529.0
14,9981,529.0
14,9995,529.0
14,10009,529.0
14,10035,529.0
14,10065,529.0
14,10093,529.0
14,10109,529.0
14,10123,529.0
14,10149,529.0
14,10165,529.0
14,10179,530.0
14,10205,530.0
14,10223,530.0
14,10251,531.0
14,10265,531.0
14,10279,531.0
14,10281,531.0
14,10307,531.0
14,10321,531.0
14,10337,531.0
14,10363,531.0
14,10377,531.0
14,10403,531.0
14,10429,531.0
14,10431,531.0
14,10461,531.0
14,10477,531.0
14,10479,531.0
14,10481,531.0
14,10495,531.0
14,10521,532.0
14,10535,532.0
14,10561,532.0
14,10575,534.0
14,10607,534.0
14,10633,534.0
14,10647,534.0
14,10661,534.0
14,10677,534.0
14,10703,534.0
14,10723,534.0
14,10725,534.0
14,10739,534.0
14,10755,534.0
14,10781,534.0
14,10795,534.0
14,10831,534.0
14,10857,534.0
14,10859,534.0
14,10885,534.0
14,10913,534.0
14,10915,534.0
14,10941,534.0
14,10967,534.0
14,10993,534.0
14,11025,534.0
14,11041,534.0
14,11055,534.0
14,11083,534.0
14,11115,534.0
14,11145,534.0
14,11159,534.0
14,11175,534.0
14,11205,534.0
14,11225,534.0
14,11239,534.0
14,11241,534.0
14,11255,534.0
14,11283,536.0
14,11297,536.0
14,11299,536.0
14,11327,536.0
14,11343,536.0
14,11363,536.0
14,11391,536.0
14,11417,536.0
14,11435,536.0
14,11449,536.0
14,11477,536.0
14,11479,536.0
14,11493,536.0
14,11507,536.0
14,11525,536.0
14,11539,536.0
14,11553,536.0
14,11555,536.0
14,11585,536.0
14,11611,536.0
14,11639,536.0
14,11641,536.0
14,11669,536.0
14,11695,536.0
14,11711,536.0
14,11737,536.0
14,11751,536.0
14,11779,536.0
14,11807,536.0
14,11837,541.0
14,11853,541.0
14,11879,541.0
14,11907,541.0
14,11921,541.0
14,11935,541.0
14,11963,541.0
14,11991,541.0
14,12021,541.0
14,12047,541.0
14,12049,541.0
14,12051,541.0
14,12065,541.0
14,12079,541.0
14,12095,541.0
14,12121,541.0
14,12123,541.0
14,12137,541.0
14,12153,541.0
14,12167,541.0
14,12181,541.0
14,12183,541.0
14,12201,541.0
14,12231,541.0
14,12261,541.0
14,12287,541.0
14,12289,541.0
14,12303,541.0
14,12305,541.0
14,12333,541.0
14,12335,541.0
14,12349,541.0
14,12363,541.0
14,12377,541.0
14,12393,541.0
14,12421,541.0
14,12437,541.0
14,12465,541.0
14,12481,541.0
14,12507,541.0
14,12537,541.0
14,12563,541.0
14,12579,541.0
14,12597,541.0
14,12623,541.0
14,12637,541.0
14,12663,541.0
14,12679,541.0
14,12681,541.0
14,12711,541.0
14,12713,541.0
14,12731,541.0
14,12745,541.0
14,12761,541.0
14,12763,541.0
14,12797,541.0
14,12811,541.0
14,12825,541.0
14,12855,541.0
14,12857,541.0
14,12889,541.0
14,12917,541.0
14,12949,541.0
14,12975,541.0
14,12977,541.0
14,13003,541.0
14,13017,541.0
14,13037,541.0
14,13055,541.0
14,13091,541.0
14,13105,541.0
14,13119,541.0
14,13139,541.0
14,13153,541.0
14,13179,541.0
14,13181,541.0
14,13195,541.0
14,13209,541.0
14,13237,541.0
14,13239,541.0
14,13265,541.0
14,13279,541.0
14,13309,541.0
14,13323,544.0
14,13351,544.0
14,13365,544.0
14,13381,544.0
14,13407,544.0
14,13409,544.0
14,13423,544.0
14,13439,544.0
14,13453,544.0
14,13479,544.0
14,13495,544.0
14,13497,544.0
14,13511,544.0
14,13525,544.0
14,13551,544.0
14,13581,544.0
14,13597,544.0
14,13625,544.0
14,13653,544.0
14,13671,544.0
14,13697,544.0
14,13725,544.0
14,13755,544.0
14,13771,544.0
14,13805,544.0
14,13819,544.0
14,13821,544.0
14,13843,544.0
14,13857,544.0
14,13859,544.0
14,13861,544.0
14,13889,544.0
14,13903,544.0
14,13937,544.0
14,13939,544.0
14,13955,544.0
14,13981,544.0
14,14009,544.0
14,14025,544.0
14,14053,544.0
14,14067,544.0
14,14083,544.0
14,14097,544.0
14,14123,544.0
14,14141,544.0
14,14159,544.0
14,14185,544.0
14,14213,544.0
14,14239,544.0
14,14241,544.0
14,14255,544.0
14,14283,544.0
14,14301,544.0
14,14327,544.0
14,14341,544.0
14,14371,544.0
14,14387,544.0
14,14401,544.0
14,14433,544.0
14,14449,544.0
14,14477,544.0
14,14493,544.0
14,14507,544.0
14,14533,544.0
14,14559,544.0
14,14587,544.0
14,14603,544.0
14,14617,544.0
14,14643,544.0
14,14669,544.0
14,14697,544.0
14,14727,544.0
14,14757,544.0
14,14783,544.0
14,14799,544.0
14,14813,547.0
14,14827,547.0
14,14859,547.0
14,14887,551.0
14,14919,551.0
14,14933,551.0
14,14949,551.0
14,14975,551.0
14,14991,551.0
14,15005,551.0
14,15035,551.0
14,15051,551.0
14,15077,551.0
14,15079,551.0
14,15093,551.0
14,15119,551.0
14,15147,551.0
14,15161,551.0
14,15175,551.0
14,15177,551.0
14,15205,551.0
14,15219,551.0
14,15233,551.0
14,15265,551.0
14,15279,551.0
14,15293,551.0
14,15307,551.0
14,15321,551.0
14,15323,551.0
14,15353,551.0
14,15379,551.0
14,15395,551.0
14,15411,551.0
14,15425,551.0
14,15453,551.0
14,15467,551.0
14,15483,551.0
14,15499,551.0
14,15501,551.0
14,15515,551.0
14,15529,551.0
14,15543,551.0
14,15557,551.0
14,15571,551.0
14,15599,551.0
14,15615,551.0
14,15647,551.0
14,15661,551.0
14,15691,551.0
14,15693,551.0
14,15719,551.0
14,15749,551.0
14,15763,551.0
14,15789,551.0
14,15803,551.0
15,5942,383.0
15,5944,383.0
15,5946,383.0
15,5974,383.0
15,5990,383.0
15,6018,390.0
15,6020,390.0
15,6022,390.0
15,6036,399.0
15,6050,399.0
15,6078,429.0
15,6094,429.0
15,6120,429.0
15,6122,429.0
15,6136,429.0
15,6152,429.0
15,6154,429.0
15,6180,430.0
15,6783,430.0
15,6799,430.0
15,6827,473.0
15,6857,473.0
15,6887,473.0
15,6889,473.0
15,6891,473.0
15,6917,473.0
15,6943,473.0
15,6969,491.0
15,6983,491.0
15,6985,491.0
15,6987,491.0
15,6989,491.0
15,7003,491.0
15,7029,491.0
15,7043,491.0
15,7057,491.0
15,7071,494.0
15,7089,494.0
15,7125,494.0
15,7139,494.0
15,7141,494.0
15,7143,494.0
15,7169,494.0
15,7195,496.0
15,7209,502.0
15,7223,502.0
15,7237,502.0
15,7253,502.0
15,7279,502.0
15,7293,502.0
15,7307,511.0
15,7337,511.0
15,7351,511.0
15,7377,511.0
15,7391,511.0
15,7405,511.0
15,7421,511.0
15,7423,511.0
15,7425,511.0
15,7427,511.0
15,7441,511.0
15,7443,511.0
15,7473,511.0
15,7475,511.0
15,7501,511.0
15,7515,511.0
15,7545,511.0
15,7573,511.0
15,7607,511.0
15,7637,511.0
15,7655,511.0
15,7677,511.0
15,7703,511.0
15,7705,511.0
15,7719,511.0
15,7737,511.0
15,7739,511.0
15,7771,515.0
15,7785,515.0
15,7799,515.0
15,7813,515.0
15,7845,515.0
15,7873,515.0
15,7875,515.0
15,7877,515.0
15,7893,515.0
15,7919,515.0
15,7935,515.0
15,7953,515.0
15,7967,515.0
15,7995,515.0
15,8011,515.0
15,8013,515.0
15,8027,515.0
15,8055,515.0
15,8071,515.0
15,8097,515.0
15,8127,515.0
15,8157,515.0
15,8171,515.0
15,8185,516.0
15,8211,516.0
15,8241,516.0
15,8257,516.0
15,8259,516.0
15,8273,516.0
15,8301,521.0
15,8331,521.0
15,8347,521.0
15,8377,521.0
15,8391,521.0
15,8393,521.0
15,8409,521.0
15,8423,521.0
15,8439,521.0
15,8457,521.0
15,8483,526.0
15,8501,526.0
15,8517,526.0
15,8543,526.0
15,8557,526.0
15,8559,526.0
15,8575,526.0
15,8591,526.0
15,8607,526.0
15,8623,526.0
15,8643,526.0
15,8671,526.0
15,8713,526.0
15,8727,526.0
15,8741,526.0
15,8755,526.0
15,8785,529.0
15,8817,529.0
15,8831,529.0
15,8857,529.0
15,8887,529.0
15,8907,529.0
15,8923,529.0
15,8951,529.0
15,8965,529.0
15,8967,529.0
15,8993,529.0
15,9007,529.0
15,9035,529.0
15,9049,529.0
15,9051,529.0
15,9067,529.0
15,9097,529.0
15,9111,529.0
15,9125,529.0
15,9141,529.0
15,9169,529.0
15,9171,529.0
15,9201,529.0
15,9203,529.0
15,9217,529.0
15,9219,529.0
15,9221,529.0
15,9235,529.0
15,9237,529.0
15,9267,529.0
15,9285,529.0
15,9299,529.0
15,9313,529.0
15,9339,529.0
15,9365,529.0
15,9379,529.0
15,9405,529.0
15,9431,529.0
15,9449,529.0
15,9451,529.0
15,9465,531.0
15,9493,531.0
15,9519,531.0
15,9547,531.0
15,9561,531.0
15,9575,531.0
15,9603,531.0
15,9617,531.0
15,9643,531.0
15,9663,531.0
15,9693,531.0
15,9695,531.0
15,9721,531.0
15,9737,531.0
15,9751,531.0
15,9781,531.0
15,9799,531.0
15,9825,531.0
15,9853,531.0
15,9855,531.0
15,9869,531.0
15,9885,531.0
15,9901,531.0
15,9919,531.0
15,9933,531.0
15,9949,531.0
15,9977,531.0
15,10005,531.0
15,10031,531.0
15,10045,535.0
15,10047,535.0
15,10049,535.0
15,10079,535.0
15,10107,536.0
15,10121,536.0
15,10135,536.0
15,10149,536.0
15,10175,536.0
15,10177,536.0
15,10191,536.0
15,10211,536.0
15,10237,536.0
15,10251,536.0
15,10253,536.0
15,10281,536.0
15,10295,536.0
15,10321,536.0
15,10335,536.0
15,10337,536.0
15,10351,536.0
15,10353,536.0
15,10385,536.0
15,10401,536.0
15,10429,536.0
15,10457,536.0
15,10485,536.0
15,10513,536.0
15,10515,536.0
15,10529,536.0
15,10563,536.0
15,10593,536.0
15,10619,539.0
15,10649,539.0
15,10663,539.0
15,10679,539.0
15,10709,539.0
15,10727,539.0
15,10729,539.0
15,10755,539.0
15,10757,539.0
15,10783,539.0
15,10785,539.0
15,10799,539.0
15,10813,539.0
15,10815,539.0
15,10831,539.0
15,10847,539.0
15,10875,542.0
15,10877,542.0
15,10903,542.0
15,10919,542.0
15,10945,542.0
15,10973,542.0
15,10999,542.0
15,11001,542.0
15,11003,542.0
15,11017,542.0
15,11043,542.0
15,11071,542.0
15,11085,542.0
15,11101,542.0
15,11119,542.0
15,11145,542.0
15,11171,543.0
15,11199,543.0
15,11215,543.0
15,11229,543.0
15,11243,543.0
15,11245,543.0
15,11271,543.0
15,11299,543.0
15,11317,543.0
15,11331,543.0
15,11365,543.0
15,11385,543.0
15,11399,543.0
15,11429,543.0
15,11445,543.0
15,11471,543.0
15,11501,544.0
15,11531,545.0
15,11559,549.0
15,11575,549.0
15,11591,549.0
15,11593,549.0
15,11609,549.0
15,11625,549.0
15,11657,549.0
15,11683,549.0
15,11697,549.0
15,11711,549.0
15,11737,549.0
15,11753,549.0
15,11771,549.0
15,11789,549.0
15,11815,549.0
15,11829,549.0
15,11843,549.0
15,11869,549.0
15,11885,549.0
15,11915,549.0
15,11929,549.0
15,11945,549.0
15,11961,549.0
15,11977,549.0
15,11993,549.0
15,12007,549.0
15,12021,549.0
15,12051,549.0
15,12067,549.0
15,12097,549.0
15,12125,549.0
15,12127,549.0
15,12147,549.0
15,12161,549.0
15,12179,549.0
15,12193,549.0
15,12195,549.0
15,12209,549.0
15,12223,549.0
15,12251,549.0
15,12267,549.0
15,12281,549.0
15,12295,549.0
15,12321,549.0
15,12349,549.0
15,12377,549.0
15,12405,549.0
15,12407,549.0
15,12423,549.0
15,12449,549.0
15,12477,549.0
15,12479,549.0
15,12493,549.0
15,12509,549.0
15,12535,549.0
15,12563,549.0
15,12577,549.0
15,12603,549.0
15,12621,549.0
15,12635,549.0
15,12649,549.0
15,12681,549.0
15,12697,549.0
15,12711,549.0
15,12725,549.0
15,12739,549.0
15,12755,549.0
15,12775,549.0
15,12803,549.0
15,12829,549.0
15,12855,549.0
15,12885,549.0
15,12901,549.0
15,12917,549.0
15,12949,549.0
15,12951,549.0
15,12953,549.0
15,12967,549.0
15,12983,549.0
15,13009,549.0
15,13023,549.0
15,13049,549.0
15,13063,549.0
15,13077,549.0
15,13097,549.0
15,13111,549.0
15,13113,549.0
15,13127,549.0
15,13143,549.0
15,13145,549.0
15,13159,549.0
15,13177,549.0
15,13209,549.0
15,13225,549.0
15,13241,549.0
15,13271,549.0
15,13297,549.0
15,13327,549.0
15,13343,549.0
15,13359,549.0
15,13361,549.0
15,13375,549.0
15,13389,549.0
15,13417,549.0
15,13419,549.0
15,13435,549.0
15,13451,549.0
15,13453,549.0
15,13485,549.0
15,13499,549.0
15,13513,549.0
15,13539,549.0
15,13571,549.0
15,13603,549.0
15,13619,549.0
15,13633,549.0
15,13661,549.0
15,13691,549.0
15,13711,549.0
15,13725,549.0
15,13739,549.0
15,13757,549.0
15,13783,549.0
15,13817,549.0
15,13843,549.0
15,13871,549.0
15,13885,549.0
15,13899,549.0
15,13927,549.0
15,13957,549.0
15,13983,549.0
15,14009,549.0
15,14039,549.0
15,14053,549.0
15,14067,549.0
15,14069,549.0
15,14083,549.0
15,14117,549.0
15,14131,549.0
15,14133,549.0
15,14135,549.0
15,14137,549.0
15,14169,549.0
15,14199,549.0
15,14201,549.0
15,14215,549.0
15,14229,549.0
15,14231,549.0
15,14259,549.0
15,14273,549.0
15,14291,549.0
15,14317,549.0
15,14343,549.0
15,14373,549.0
15,14389,549.0
15,14419,549.0
15,14433,549.0
15,14463,549.0
15,14477,549.0
15,14505,549.0
15,14507,549.0
15,14525,549.0
15,14551,549.0
15,14581,549.0
15,14607,549.0
15,14621,549.0
15,14623,549.0
15,14641,549.0
15,14667,549.0
15,14683,549.0
15,14685,549.0
15,14711,549.0
15,14729,549.0
15,14743,549.0
15,14769,549.0
15,14785,549.0
15,14787,549.0
15,14801,549.0
15,14815,549.0
15,14817,549.0
15,14833,549.0
15,14859,549.0
15,14873,549.0
15,14899,549.0
15,14927,549.0
15,14941,549.0
15,14957,549.0
15,14983,549.0
15,14997,549.0
15,15017,549.0
15,15031,549.0
15,15057,549.0
15,15073,549.0
15,15075,549.0
15,15103,549.0
15,15135,549.0
15,15149,549.0
15,15177,549.0
15,15191,549.0
15,15223,549.0
15,15225,549.0
15,15253,549.0
15,15287,549.0
15,15307,549.0
15,15309,549.0
15,15327,549.0
15,15353,549.0
15,15355,549.0
15,15385,549.0
15,15413,549.0
15,15427,549.0
15,15443,549.0
15,15459,549.0
15,15487,549.0
15,15501,549.0
15,15515,549.0
15,15529,549.0
15,15543,549.0
15,15559,549.0
15,15591,549.0
15,15607,549.0
15,15621,549.0
15,15647,549.0
15,15649,549.0
15,15663,549.0
15,15679,549.0
15,15705,549.0
15,15735,549.0
15,15765,549.0
15,15779,549.0
15,15793,549.0
15,15823,549.0
15,15851,549.0
15,15881,549.0
15,15895,549.0
15,15923,549.0
15,15925,549.0
15,15939,549.0
16,5822,376.0
16,5848,407.0
16,5874,411.0
16,5890,411.0
16,5912,411.0
16,5944,411.0
16,5946,411.0
16,5974,411.0
16,6583,411.0
16,6609,432.0
16,6627,432.0
16,6653,436.0
16,6667,436.0
16,6669,436.0
16,6683,436.0
16,6697,436.0
16,6711,436.0
16,6739,453.0
16,6759,453.0
16,6773,453.0
16,6803,453.0
16,6817,453.0
16,6831,459.0
16,6857,475.0
16,6871,475.0
16,6873,475.0
16,6875,475.0
16,6877,475.0
16,6903,475.0
16,6929,475.0
16,6947,475.0
16,6973,484.0
16,6987,484.0
16,7001,484.0
16,7017,484.0
16,7033,484.0
16,7063,499.0
16,7065,499.0
16,7081,499.0
16,7107,499.0
16,7109,499.0
16,7123,499.0
16,7137,499.0
16,7151,499.0
16,7177,499.0
16,7203,499.0
16,7217,499.0
16,7219,499.0
16,7221,499.0
16,7249,499.0
16,7277,499.0
16,7307,499.0
16,7333,499.0
16,7347,499.0
16,7375,499.0
16,7405,499.0
16,7433,499.0
16,7459,499.0
16,7473,499.0
16,7487,499.0
16,7505,499.0
16,7531,503.0
16,7551,503.0
16,7565,503.0
16,7591,503.0
16,7617,503.0
16,7643,504.0
16,7657,504.0
16,7659,504.0
16,7689,504.0
16,7723,504.0
16,7737,512.0
16,7753,512.0
16,7779,512.0
16,7793,512.0
16,7823,512.0
16,7825,512.0
16,7841,512.0
16,7855,512.0
16,7869,512.0
16,7883,512.0
16,7909,519.0
16,7923,519.0
16,7937,519.0
16,7963,520.0
16,7977,520.0
16,7991,520.0
16,8017,527.0
16,8031,527.0
16,8057,527.0
16,8091,527.0
16,8119,527.0
16,8133,527.0
16,8147,527.0
16,8161,527.0
16,8177,527.0
16,8193,527.0
16,8211,527.0
16,8241,527.0
16,8257,527.0
16,8285,527.0
16,8317,527.0
16,8347,527.0
16,8361,527.0
16,8363,527.0
16,8393,527.0
16,8395,527.0
16,8421,527.0
16,8437,527.0
16,8453,527.0
16,8481,527.0
16,8495,527.0
16,8523,527.0
16,8551,530.0
16,8569,530.0
16,8597,530.0
16,8631,530.0
16,8657,530.0
16,8687,530.0
16,8703,530.0
16,8741,530.0
16,8769,530.0
16,8797,530.0
16,8811,530.0
16,8825,530.0
16,8851,530.0
16,8879,530.0
16,8907,530.0
16,8921,530.0
16,8949,530.0
16,8981,530.0
16,9009,530.0
16,9039,530.0
16,9069,530.0
16,9071,530.0
16,9099,530.0
16,9115,530.0
16,9143,530.0
16,9145,530.0
16,9159,530.0
16,9161,530.0
16,9177,530.0
16,9195,530.0
16,9209,530.0
16,9227,530.0
16,9229,530.0
16,9243,530.0
16,9257,530.0
16,9283,530.0
16,9317,530.0
16,9347,530.0
16,9349,530.0
16,9351,530.0
16,9369,530.0
16,9383,530.0
16,9409,530.0
16,9437,530.0
16,9457,530.0
16,9487,530.0
16,9517,530.0
16,9531,530.0
16,9559,530.0
16,9561,530.0
16,9591,530.0
16,9609,530.0
16,9637,530.0
16,9669,530.0
16,9697,531.0
16,9713,531.0
16,9743,531.0
16,9773,531.0
16,9787,531.0
16,9813,531.0
16,9827,531.0
16,9857,531.0
16,9889,531.0
16,9915,531.0
16,9929,531.0
16,9959,531.0
16,9987,531.0
16,10001,531.0
16,10017,531.0
16,10031,531.0
16,10033,531.0
16,10061,531.0
16,10075,531.0
16,10101,534.0
16,10133,534.0
16,10161,534.0
16,10187,534.0
16,10203,534.0
16,10223,534.0
16,10251,536.0
16,10277,536.0
16,10291,536.0
16,10319,536.0
16,10345,536.0
16,10359,536.0
16,10387,536.0
16,10403,536.0
16,10429,536.0
16,10459,536.0
16,10475,536.0
16,10509,536.0
16,10537,536.0
16,10539,536.0
16,10557,536.0
16,10575,536.0
16,10605,536.0
16,10607,536.0
16,10621,536.0
16,10635,536.0
16,10661,536.0
16,10675,536.0
16,10703,536.0
16,10705,536.0
16,10719,536.0
16,10745,537.0
16,10761,537.0
16,10775,537.0
16,10801,537.0
16,10819,537.0
16,10835,537.0
16,10837,537.0
16,10851,537.0
16,10879,537.0
16,10881,537.0
16,10913,537.0
16,10927,539.0
16,10941,539.0
16,10971,539.0
16,10987,539.0
16,11017,539.0
16,11047,539.0
16,11073,539.0
16,11087,539.0
16,11101,539.0
16,11129,541.0
16,11143,541.0
16,11169,541.0
16,11183,541.0
16,11185,541.0
16,11215,541.0
16,11217,541.0
16,11235,541.0
16,11265,541.0
16,11299,541.0
16,11327,541.0
16,11341,541.0
16,11357,541.0
16,11383,541.0
16,11409,541.0
16,11435,541.0
16,11437,541.0
16,11439,541.0
16,11455,541.0
16,11457,541.0
16,11485,541.0
16,11487,541.0
16,11515,541.0
16,11543,541.0
16,11557,541.0
16,11571,541.0
16,11597,541.0
16,11599,541.0
16,11617,541.0
16,11619,541.0
16,11647,541.0
16,11661,541.0
16,11689,541.0
16,11715,541.0
16,11733,541.0
16,11763,541.0
16,11789,541.0
16,11803,541.0
16,11831,541.0
16,11847,541.0
16,11861,541.0
16,11875,541.0
16,11901,541.0
16,11915,541.0
16,11945,541.0
16,11959,541.0
16,11973,541.0
16,12003,541.0
16,12017,541.0
16,12019,541.0
16,12047,541.0
16,12061,541.0
16,12095,541.0
16,12097,541.0
16,12099,541.0
16,12115,541.0
16,12131,541.0
16,12157,541.0
16,12185,541.0
16,12201,541.0
16,12231,541.0
16,12245,541.0
16,12271,541.0
16,12285,541.0
16,12311,541.0
16,12325,541.0
16,12327,541.0
16,12355,541.0
16,12369,541.0
16,12385,541.0
16,12411,541.0
16,12437,541.0
16,12439,541.0
16,12461,541.0
16,12481,541.0
16,12495,541.0
16,12497,541.0
16,12527,541.0
16,12541,541.0
16,12557,541.0
16,12583,541.0
16,12609,541.0
16,12635,541.0
16,12663,541.0
16,12677,541.0
16,12703,541.0
16,12733,541.0
16,12761,541.0
16,12775,541.0
16,12809,541.0
16,12827,541.0
16,12841,541.0
16,12855,541.0
16,12869,541.0
16,12883,541.0
16,12897,541.0
16,12925,541.0
16,12941,541.0
16,12969,541.0
16,12983,541.0
16,13009,541.0
16,13023,541.0
16,13037,541.0
16,13067,541.0
16,13093,544.0
16,13095,544.0
16,13109,544.0
16,13147,544.0
16,13163,544.0
16,13179,544.0
16,13205,544.0
16,13207,544.0
16,13209,544.0
16,13225,544.0
16,13227,544.0
16,13253,544.0
16,13269,544.0
16,13285,544.0
16,13287,544.0
16,13289,544.0
16,13317,544.0
16,13331,544.0
16,13347,544.0
16,13361,544.0
16,13377,544.0
16,13391,544.0
16,13393,544.0
16,13423,544.0
16,13437,544.0
16,13453,544.0
16,13467,544.0
16,13481,544.0
16,13495,544.0
16,13511,544.0
16,13537,544.0
16,13555,544.0
16,13557,544.0
16,13559,544.0
16,13579,544.0
16,13593,544.0
16,13607,544.0
16,13641,544.0
16,13655,544.0
16,13681,548.0
16,13683,548.0
16,13715,548.0
16,13729,548.0
16,13731,548.0
16,13761,548.0
16,13791,548.0
16,13805,548.0
16,13819,548.0
16,13837,548.0
16,13863,548.0
16,13893,548.0
16,13907,548.0
16,13939,548.0
16,13965,548.0
16,13979,548.0
16,13997,548.0
16,14011,548.0
16,14037,548.0
16,14067,548.0
16,14097,548.0
16,14127,548.0
16,14141,548.0
16,14167,548.0
16,14181,548.0
16,14195,548.0
16,14223,548.0
16,14237,548.0
16,14253,548.0
16,14283,548.0
16,14299,548.0
16,14315,548.0
16,14329,548.0
16,14331,548.0
16,14359,548.0
16,14361,548.0
16,14391,548.0
16,14405,548.0
16,14419,548.0
16,14433,548.0
16,14461,548.0
16,14475,548.0
16,14489,548.0
16,14503,548.0
16,14519,548.0
16,14521,548.0
16,14549,548.0
16,14575,548.0
16,14603,548.0
16,14629,548.0
16,14631,548.0
16,14647,548.0
16,14649,548.0
16,14663,548.0
16,14693,548.0
16,14695,548.0
16,14711,548.0
16,14741,548.0
16,14761,548.0
16,14789,548.0
16,14819,548.0
16,14833,548.0
16,14835,548.0
16,14849,548.0
16,14863,548.0
16,14881,548.0
16,14897,548.0
16,14911,548.0
16,14913,548.0
16,14929,548.0
16,14957,548.0
16,14971,548.0
16,14973,548.0
16,15001,548.0
16,15031,548.0
16,15033,548.0
16,15049,548.0
16,15065,548.0
16,15079,548.0
16,15093,548.0
16,15095,548.0
16,15125,548.0
16,15155,548.0
16,15183,548.0
16,15199,548.0
16,15215,548.0
16,15245,548.0
16,15261,548.0
16,15287,548.0
16,15313,548.0
16,15343,548.0
16,15357,548.0
16,15371,548.0
16,15387,548.0
16,15415,548.0
16,15417,548.0
16,15431,548.0
16,15445,548.0
16,15473,548.0
16,15499,548.0
16,15501,548.0
16,15533,548.0
16,15561,548.0
16,15595,548.0
16,15623,548.0
16,15639,548.0
16,15665,548.0
16,15679,548.0
16,15705,548.0
16,15719,548.0
16,15721,548.0
16,15735,548.0
16,15763,548.0
16,15779,548.0
16,15805,548.0
16,15823,548.0
17,5838,378.0
17,5840,378.0
17,5868,378.0
17,5894,378.0
17,6487,386.0
17,6489,386.0
17,6515,386.0
17,6529,403.0
17,6543,403.0
17,6559,403.0
17,6589,403.0
17,6591,403.0
17,6605,403.0
17,6607,403.0
17,6609,403.0
17,6623,403.0
17,6651,404.0
17,6667,407.0
17,6669,407.0
17,6687,407.0
17,6689,407.0
17,6703,407.0
17,6719,407.0
17,6735,407.0
17,6761,407.0
17,6791,456.0
17,6823,456.0
17,6851,456.0
17,6877,456.0
17,6891,479.0
17,6907,479.0
17,6923,479.0
17,6951,479.0
17,6953,479.0
17,6983,479.0
17,6999,479.0
17,7031,479.0
17,7045,479.0
17,7071,488.0
17,7097,488.0
17,7123,488.0
17,7137,488.0
17,7167,488.0
17,7181,488.0
17,7183,488.0
17,7211,488.0
17,7225,488.0
17,7239,488.0
17,7261,488.0
17,7263,488.0
17,7277,488.0
17,7291,490.0
17,7321,490.0
17,7323,490.0
17,7325,490.0
17,7359,490.0
17,7361,490.0
17,7375,490.0
17,7389,490.0
17,7403,490.0
17,7419,490.0
17,7437,490.0
17,7463,490.0
17,7495,490.0
17,7509,493.0
17,7523,493.0
17,7549,493.0
17,7563,493.0
17,7589,493.0
17,7619,493.0
17,7621,493.0
17,7635,493.0
17,7663,493.0
17,7677,494.0
17,7695,494.0
17,7729,494.0
17,7731,494.0
17,7747,494.0
17,7761,494.0
17,7763,494.0
17,7789,500.0
17,7807,500.0
17,7835,500.0
17,7865,500.0
17,7897,500.0
17,7925,500.0
17,7955,500.0
17,7957,500.0
17,7973,500.0
17,7975,500.0
17,7993,500.0
17,8009,500.0
17,8023,500.0
17,8053,500.0
17,8069,500.0
17,8085,500.0
17,8115,500.0
17,8141,500.0
17,8169,500.0
17,8197,500.0
17,8213,500.0
17,8233,500.0
17,8253,500.0
17,8267,500.0
17,8283,500.0
17,8299,500.0
17,8313,500.0
17,8341,500.0
17,8355,502.0
17,8357,502.0
17,8359,502.0
17,8375,502.0
17,8403,504.0
17,8405,504.0
17,8421,509.0
17,8437,509.0
17,8463,512.0
17,8489,512.0
17,8505,512.0
17,8521,512.0
17,8535,512.0
17,8551,512.0
17,8567,512.0
17,8581,512.0
17,8611,512.0
17,8625,518.0
17,8657,518.0
17,8683,518.0
17,8699,518.0
17,8725,518.0
17,8739,518.0
17,8753,518.0
17,8755,518.0
17,8769,518.0
17,8783,518.0
17,8799,518.0
17,8801,518.0
17,8827,518.0
17,8845,518.0
17,8861,518.0
17,8863,518.0
17,8891,518.0
17,8907,518.0
17,8909,518.0
17,8923,518.0
17,8937,518.0
17,8951,518.0
17,8965,518.0
17,8967,518.0
17,8981,518.0
17,8995,521.0
17,9013,521.0
17,9031,521.0
17,9045,521.0
17,9075,521.0
17,9077,521.0
17,9093,523.0
17,9119,523.0
17,9133,523.0
17,9149,523.0
17,9177,523.0
17,9179,523.0
17,9181,523.0
17,9207,523.0
17,9235,523.0
17,9251,523.0
17,9265,523.0
17,9293,527.0
17,9325,527.0
17,9339,527.0
17,9371,527.0
17,9373,527.0
17,9399,527.0
17,9413,527.0
17,9429,527.0
17,9455,527.0
17,9469,527.0
17,9497,527.0
17,9513,527.0
17,9529,527.0
17,9531,527.0
17,9549,527.0
17,9563,527.0
17,9565,527.0
17,9581,527.0
17,9611,527.0
17,9639,527.0
17,9653,527.0
17,9667,527.0
17,9669,527.0
17,9683,527.0
17,9711,528.0
17,9741,528.0
17,9769,529.0
17,9771,529.0
17,9787,529.0
17,9813,529.0
17,9815,529.0
17,9845,529.0
17,9875,533.0
17,9891,533.0
17,9919,533.0
17,9933,533.0
17,9947,534.0
17,9949,534.0
17,9963,534.0
17,9991,534.0
17,10019,534.0
17,10051,534.0
17,10067,534.0
17,10069,534.0
17,10071,534.0
17,10097,534.0
17,10125,534.0
17,10151,534.0
17,10167,534.0
17,10181,534.0
17,10207,534.0
17,10239,534.0
17,10241,534.0
17,10255,534.0
17,10269,534.0
17,10285,534.0
17,10301,534.0
17,10329,534.0
17,10357,534.0
17,10371,534.0
17,10385,534.0
17,10403,534.0
17,10405,534.0
17,10421,534.0
17,10423,534.0
17,10451,534.0
17,10453,534.0
17,10481,534.0
17,10497,534.0
17,10511,534.0
17,10537,534.0
17,10539,534.0
17,10567,536.0
17,10587,536.0
17,10617,536.0
17,10631,536.0
17,10645,536.0
17,10661,536.0
17,10677,536.0
17,10679,536.0
17,10707,536.0
17,10725,536.0
17,10739,536.0
17,10767,536.0
17,10797,536.0
17,10811,536.0
17,10825,536.0
17,10839,536.0
17,10853,536.0
17,10881,536.0
17,10897,536.0
17,10911,536.0
17,10931,536.0
17,10945,537.0
17,10975,537.0
17,10991,537.0
17,11007,537.0
17,11045,537.0
17,11061,537.0
17,11089,537.0
17,11107,537.0
17,11137,537.0
17,11163,540.0
17,11181,540.0
17,11195,540.0
17,11225,540.0
17,11227,540.0
17,11241,540.0
17,11243,540.0
17,11259,540.0
17,11285,540.0
17,11287,540.0
17,11307,540.0
17,11323,540.0
17,11355,540.0
17,11369,540.0
17,11371,540.0
17,11385,540.0
17,11413,540.0
17,11429,540.0
17,11443,540.0
17,11471,540.0
17,11501,540.0
17,11529,540.0
17,11555,540.0
17,11581,540.0
17,11607,540.0
17,11609,540.0
17,11623,540.0
17,11639,540.0
17,11665,540.0
17,11693,540.0
17,11707,540.0
17,11737,540.0
17,11751,540.0
17,11777,540.0
17,11779,540.0
17,11795,540.0
17,11811,540.0
17,11825,540.0
17,11839,540.0
17,11865,545.0
17,11867,545.0
17,11895,545.0
17,11911,545.0
17,11925,545.0
17,11941,545.0
17,11977,545.0
17,11991,545.0
17,11993,545.0
17,12007,545.0
17,12035,545.0
17,12037,545.0
17,12055,545.0
17,12069,545.0
17,12095,545.0
17,12123,545.0
17,12125,545.0
17,12157,545.0
17,12173,545.0
17,12189,545.0
17,12215,545.0
17,12241,545.0
17,12273,545.0
17,12303,545.0
17,12305,545.0
17,12323,545.0
17,12337,545.0
17,12365,545.0
17,12379,545.0
17,12395,545.0
17,12413,545.0
17,12441,545.0
17,12467,545.0
17,12481,545.0
17,12483,545.0
17,12485,545.0
17,12499,545.0
17,12529,545.0
17,12543,545.0
17,12577,545.0
17,12593,545.0
17,12607,545.0
17,12621,545.0
17,12623,545.0
17,12637,545.0
17,12663,545.0
17,12677,545.0
17,12691,545.0
17,12693,545.0
17,12707,545.0
17,12733,545.0
17,12761,545.0
17,12775,545.0
17,12789,545.0
17,12817,549.0
17,12831,549.0
17,12833,549.0
17,12849,549.0
17,12851,549.0
17,12869,549.0
17,12889,549.0
17,12917,549.0
17,12935,549.0
17,12961,549.0
17,12975,549.0
17,13003,549.0
17,13031,549.0
17,13045,549.0
17,13077,549.0
17,13103,549.0
17,13105,549.0
17,13123,549.0
17,13125,549.0
17,13155,549.0
17,13157,549.0
17,13187,549.0
17,13203,549.0
17,13235,549.0
17,13261,550.0
17,13275,550.0
17,13289,550.0
17,13291,550.0
17,13305,550.0
17,13321,550.0
17,13349,550.0
17,13367,550.0
17,13397,550.0
17,13413,550.0
17,13429,550.0
17,13455,550.0
17,13487,550.0
17,13503,550.0
17,13531,550.0
17,13559,550.0
17,13573,550.0
17,13601,550.0
17,13629,550.0
17,13649,550.0
17,13681,550.0
17,13695,550.0
17,13711,550.0
17,13741,550.0
17,13757,550.0
17,13771,550.0
17,13803,550.0
17,13831,550.0
17,13845,550.0
17,13869,550.0
17,13883,550.0
17,13909,550.0
17,13923,550.0
17,13949,550.0
17,13951,550.0
17,13965,550.0
17,13991,550.0
17,14019,550.0
17,14033,550.0
17,14035,550.0
17,14037,550.0
17,14065,550.0
17,14079,550.0
17,14081,550.0
17,14083,550.0
17,14109,550.0
17,14135,550.0
17,14151,550.0
17,14167,550.0
17,14169,550.0
17,14195,550.0
17,14225,550.0
17,14239,550.0
17,14267,550.0
17,14295,550.0
17,14297,550.0
17,14299,550.0
17,14313,550.0
17,14329,550.0
17,14355,550.0
17,14381,550.0
17,14399,550.0
17,14413,550.0
17,14439,550.0
17,14465,550.0
17,14467,550.0
17,14493,550.0
17,14495,550.0
17,14523,550.0
17,14525,550.0
17,14553,550.0
17,14567,550.0
17,14585,550.0
17,14599,550.0
17,14625,550.0
17,14639,550.0
17,14655,550.0
17,14669,550.0
17,14683,550.0
17,14699,550.0
17,14729,550.0
17,14763,550.0
17,14793,550.0
17,14819,550.0
17,14837,550.0
17,14851,550.0
17,14865,550.0
17,14867,550.0
17,14895,550.0
17,14897,550.0
17,14925,550.0
17,14953,550.0
17,14981,550.0
17,14995,550.0
17,15023,550.0
17,15059,550.0
17,15089,550.0
17,15103,550.0
17,15105,550.0
17,15107,550.0
17,15137,550.0
17,15151,550.0
17,15165,550.0
17,15179,550.0
17,15195,550.0
17,15209,550.0
17,15235,550.0
17,15253,550.0
17,15283,550.0
17,15309,550.0
17,15323,550.0
17,15337,550.0
17,15363,550.0
17,15389,550.0
17,15405,550.0
17,15433,550.0
17,15463,550.0
17,15479,550.0
17,15509,550.0
17,15523,550.0
17,15549,550.0
17,15567,550.0
17,15583,550.0
17,15609,550.0
17,15623,550.0
17,15637,550.0
17,15653,550.0
17,15683,550.0
17,15699,550.0
17,15701,550.0
17,15715,550.0
17,15729,550.0
17,15761,550.0
17,15787,550.0
17,15817,550.0
17,15845,550.0
18,5762,389.0
18,5764,389.0
18,5796,389.0
18,5810,389.0
18,5838,404.0
18,5858,404.0
18,5872,404.0
18,5886,404.0
18,5900,404.0
18,5914,404.0
18,5916,404.0
18,5930,404.0
18,5932,404.0
18,6533,404.0
18,6551,415.0
18,6553,415.0
18,6569,415.0
18,6585,415.0
18,6601,415.0
18,6617,415.0
18,6647,415.0
18,6649,415.0
18,6663,446.0
18,6689,446.0
18,6705,448.0
18,6721,448.0
18,6737,448.0
18,6753,448.0
18,6779,468.0
18,6809,468.0
18,6823,468.0
18,6825,468.0
18,6827,468.0
18,6853,468.0
18,6855,468.0
18,6881,481.0
18,6909,481.0
18,6937,494.0
18,6955,494.0
18,6969,500.0
18,6999,500.0
18,7033,500.0
18,7065,500.0
18,7079,500.0
18,7107,500.0
18,7133,500.0
18,7147,500.0
18,7163,500.0
18,7177,502.0
18,7203,502.0
18,7217,502.0
18,7231,502.0
18,7257,502.0
18,7273,502.0
18,7303,502.0
18,7331,502.0
18,7363,502.0
18,7377,502.0
18,7391,502.0
18,7417,502.0
18,7443,502.0
18,7461,502.0
18,7463,502.0
18,7491,502.0
18,7493,502.0
18,7511,505.0
18,7513,505.0
18,7539,505.0
18,7555,505.0
18,7583,505.0
18,7609,513.0
18,7625,513.0
18,7653,513.0
18,7667,513.0
18,7681,513.0
18,7709,513.0
18,7711,513.0
18,7725,513.0
18,7753,513.0
18,7755,513.0
18,7757,513.0
18,7785,513.0
18,7813,513.0
18,7845,513.0
18,7861,513.0
18,7889,518.0
18,7919,518.0
18,7933,518.0
18,7961,518.0
18,7979,518.0
18,7981,518.0
18,8013,522.0
18,8015,522.0
18,8029,522.0
18,8055,522.0
18,8081,527.0
18,8095,527.0
18,8109,527.0
18,8111,527.0
18,8125,527.0
18,8155,527.0
18,8157,527.0
18,8177,527.0
18,8179,527.0
18,8195,527.0
18,8223,527.0
18,8239,527.0
18,8253,527.0
18,8267,527.0
18,8295,527.0
18,8329,527.0
18,8355,527.0
18,8357,527.0
18,8371,527.0
18,8385,527.0
18,8399,527.0
18,8413,527.0
18,8443,527.0
18,8459,527.0
18,8475,527.0
18,8501,527.0
18,8517,527.0
18,8547,527.0
18,8549,527.0
18,8565,527.0
18,8591,527.0
18,8605,527.0
18,8635,527.0
18,8667,527.0
18,8669,527.0
18,8697,527.0
18,8711,527.0
18,8741,527.0
18,8771,527.0
18,8797,527.0
18,8811,527.0
18,8825,527.0
18,8855,527.0
18,8857,527.0
18,8859,527.0
18,8873,527.0
18,8875,527.0
18,8889,527.0
18,8891,527.0
18,8893,527.0
18,8921,527.0
18,8923,527.0
18,8951,527.0
18,8965,527.0
18,8991,527.0
18,9007,527.0
18,9037,527.0
18,9039,527.0
18,9055,527.0
18,9073,527.0
18,9087,527.0
18,9115,527.0
18,9117,527.0
18,9131,527.0
18,9145,527.0
18,9161,527.0
18,9187,527.0
18,9201,527.0
18,9215,527.0
18,9231,527.0
18,9245,532.0
18,9261,532.0
18,9263,532.0
18,9289,532.0
18,9303,543.0
18,9319,543.0
18,9347,543.0
18,9349,543.0
18,9375,543.0
18,9403,543.0
18,9417,543.0
18,9431,543.0
18,9461,543.0
18,9489,543.0
18,9503,543.0
18,9517,543.0
18,9519,543.0
18,9549,543.0
18,9575,543.0
18,9589,543.0
18,9615,543.0
18,9641,543.0
18,9655,543.0
18,9681,543.0
18,9683,543.0
18,9711,543.0
18,9739,543.0
18,9767,543.0
18,9781,543.0
18,9797,543.0
18,9811,543.0
18,9839,543.0
18,9841,543.0
18,9855,543.0
18,9869,543.0
18,9895,543.0
18,9909,543.0
18,9911,543.0
18,9937,543.0
18,9953,543.0
18,9955,543.0
18,9969,543.0
18,9985,543.0
18,10011,543.0
18,10013,543.0
18,10039,543.0
18,10041,543.0
18,10067,543.0
18,10095,543.0
18,10111,543.0
18,10125,543.0
18,10151,543.0
18,10153,543.0
18,10167,543.0
18,10183,543.0
18,10199,543.0
18,10231,543.0
18,10245,543.0
18,10275,543.0
18,10289,543.0
18,10305,543.0
18,10333,543.0
18,10361,543.0
18,10363,543.0
18,10379,543.0
18,10407,543.0
18,10421,543.0
18,10439,543.0
18,10453,543.0
18,10481,543.0
18,10495,543.0
18,10509,543.0
18,10511,543.0
18,10529,543.0
18,10557,543.0
18,10571,543.0
18,10597,543.0
18,10611,543.0
18,10625,543.0
18,10627,543.0
18,10641,543.0
18,10643,543.0
18,10661,543.0
18,10677,543.0
18,10693,543.0
18,10709,543.0
18,10737,543.0
18,10751,543.0
18,10765,543.0
18,10767,543.0
18,10781,543.0
18,10795,543.0
18,10797,543.0
18,10815,543.0
18,10831,543.0
18,10847,543.0
18,10861,543.0
18,10877,543.0
18,10891,543.0
18,10909,543.0
18,10923,543.0
18,10955,543.0
18,10969,543.0
18,10983,543.0
18,10997,543.0
18,11025,543.0
18,11051,543.0
18,11067,543.0
18,11095,543.0
18,11111,543.0
18,11137,543.0
18,11151,543.0
18,11165,543.0
18,11179,543.0
18,11207,543.0
18,11209,543.0
18,11237,543.0
18,11263,543.0
18,11293,543.0
18,11329,543.0
18,11343,543.0
18,11357,543.0
18,11359,543.0
18,11373,543.0
18,11399,543.0
18,11425,543.0
18,11451,543.0
18,11479,543.0
18,11493,543.0
18,11495,543.0
18,11497,543.0
18,11525,543.0
18,11551,543.0
18,11567,543.0
18,11593,543.0
18,11607,543.0
18,11609,543.0
18,11623,543.0
18,11625,543.0
18,11641,543.0
18,11643,543.0
18,11661,543.0
18,11681,543.0
18,11695,543.0
18,11725,543.0
18,11739,543.0
18,11771,543.0
18,11799,543.0
18,11827,543.0
18,11829,543.0
18,11843,543.0
18,11871,543.0
18,11899,543.0
18,11927,543.0
18,11943,543.0
18,11959,543.0
18,11973,543.0
18,12003,543.0
18,12029,543.0
18,12047,543.0
18,12063,543.0
18,12081,543.0
18,12099,543.0
18,12117,543.0
18,12135,543.0
18,12149,543.0
18,12179,543.0
18,12205,543.0
18,12237,543.0
18,12267,543.0
18,12283,543.0
18,12299,543.0
18,12313,543.0
18,12327,543.0
18,12357,543.0
18,12359,543.0
18,12387,543.0
18,12401,543.0
18,12427,543.0
18,12443,543.0
18,12459,543.0
18,12473,543.0
18,12491,543.0
18,12517,543.0
18,12519,543.0
18,12533,543.0
18,12549,543.0
18,12563,543.0
18,12593,543.0
18,12621,543.0
18,12647,543.0
18,12649,543.0
18,12651,543.0
18,12665,543.0
18,12695,543.0
18,12709,543.0
18,12723,543.0
18,12737,543.0
18,12767,543.0
18,12783,543.0
18,12785,543.0
18,12801,543.0
18,12815,543.0
18,12843,543.0
18,12857,543.0
18,12871,543.0
18,12899,543.0
18,12901,543.0
18,12929,543.0
18,12959,543.0
18,12973,543.0
18,13003,543.0
18,13019,543.0
18,13045,543.0
18,13077,543.0
18,13105,543.0
18,13121,543.0
18,13147,543.0
18,13161,543.0
18,13177,543.0
18,13209,543.0
18,13211,543.0
18,13225,543.0
18,13253,543.0
18,13267,543.0
18,13269,543.0
18,13285,543.0
18,13313,543.0
18,13343,543.0
18,13357,543.0
18,13371,543.0
18,13401,543.0
18,13415,543.0
18,13417,543.0
18,13445,543.0
18,13459,548.0
18,13489,548.0
18,13517,548.0
18,13531,548.0
18,13545,548.0
18,13583,548.0
18,13597,548.0
18,13611,548.0
18,13613,548.0
18,13639,548.0
18,13659,548.0
18,13685,548.0
18,13699,548.0
18,13725,548.0
18,13751,548.0
18,13781,548.0
18,13783,548.0
18,13815,548.0
18,13817,548.0
18,13849,548.0
18,13865,548.0
18,13879,548.0
18,13881,548.0
18,13895,548.0
18,13909,548.0
18,13937,548.0
18,13939,548.0
18,13953,548.0
18,13969,548.0
18,13985,548.0
18,14013,548.0
18,14043,548.0
18,14075,548.0
18,14101,548.0
18,14129,548.0
18,14145,548.0
18,14159,548.0
18,14177,548.0
18,14179,548.0
18,14195,548.0
18,14211,548.0
18,14243,548.0
18,14257,548.0
18,14285,548.0
18,14299,548.0
18,14301,548.0
18,14315,548.0
18,14341,548.0
18,14343,548.0
18,14369,548.0
18,14401,548.0
18,14427,551.0
18,14455,551.0
18,14481,551.0
18,14497,551.0
18,14499,551.0
18,14515,551.0
18,14529,551.0
18,14531,551.0
18,14549,551.0
18,14577,551.0
18,14579,551.0
18,14593,552.0
18,14609,552.0
18,14625,552.0
18,14641,552.0
18,14673,552.0
18,14699,552.0
18,14713,552.0
18,14729,552.0
18,14755,553.0
18,14769,553.0
18,14783,553.0
18,14809,553.0
18,14837,553.0
18,14851,553.0
18,14877,553.0
18,14911,553.0
18,14913,553.0
18,14915,553.0
18,14929,553.0
18,14931,553.0
18,14945,553.0
18,14973,553.0
18,14987,553.0
18,15013,553.0
18,15015,553.0
18,15029,553.0
18,15043,553.0
18,15057,553.0
18,15087,553.0
18,15089,553.0
18,15091,553.0
18,15117,553.0
18,15143,553.0
18,15171,553.0
18,15185,553.0
18,15215,553.0
18,15249,553.0
18,15269,553.0
18,15271,553.0
18,15287,553.0
18,15315,553.0
18,15329,553.0
18,15343,553.0
18,15369,553.0
18,15387,553.0
18,15413,553.0
18,15429,553.0
18,15455,553.0
18,15481,553.0
18,15483,553.0
18,15503,553.0
18,15531,553.0
18,15547,553.0
18,15549,553.0
18,15563,553.0
18,15577,553.0
18,15593,553.0
18,15619,553.0
18,15635,553.0
18,15655,553.0
18,15683,553.0
18,15709,553.0
18,15737,553.0
18,15769,553.0
19,5912,369.0
19,5926,369.0
19,5944,369.0
19,5974,369.0
19,6595,369.0
19,6611,369.0
19,6613,369.0
19,6641,397.0
19,6673,397.0
19,6703,397.0
19,6705,397.0
19,6735,397.0
19,6751,397.0
19,6765,397.0
19,6795,397.0
19,6823,397.0
19,6853,399.0
19,6885,399.0
19,6915,399.0
19,6933,399.0
19,6935,399.0
19,6961,399.0
19,6987,403.0
19,6989,403.0
19,7003,403.0
19,7017,403.0
19,7043,417.0
19,7073,417.0
19,7099,423.0
19,7127,449.0
19,7143,449.0
19,7159,449.0
19,7187,449.0
19,7201,453.0
19,7229,453.0
19,7243,453.0
19,7271,453.0
19,7287,453.0
19,7301,453.0
19,7303,453.0
19,7329,468.0
19,7359,468.0
19,7373,476.0
19,7389,476.0
19,7419,476.0
19,7449,476.0
19,7463,476.0
19,7489,476.0
19,7515,495.0
19,7517,495.0
19,7531,495.0
19,7561,495.0
19,7587,495.0
19,7609,495.0
19,7637,508.0
19,7651,508.0
19,7681,508.0
19,7697,508.0
19,7725,508.0
19,7755,508.0
19,7783,508.0
19,7797,508.0
19,7799,508.0
19,7801,508.0
19,7817,508.0
19,7833,508.0
19,7847,508.0
19,7849,508.0
19,7863,508.0
19,7865,508.0
19,7879,508.0
19,7907,508.0
19,7909,508.0
19,7937,508.0
19,7969,508.0
19,7989,508.0
19,8015,508.0
19,8029,508.0
19,8059,510.0
19,8077,510.0
19,8103,510.0
19,8131,510.0
19,8145,510.0
19,8179,510.0
19,8195,510.0
19,8221,510.0
19,8223,510.0
19,8239,510.0
19,8253,510.0
19,8255,510.0
19,8281,510.0
19,8309,519.0
19,8311,519.0
19,8313,519.0
19,8327,519.0
19,8343,519.0
19,8359,519.0
19,8361,519.0
19,8375,519.0
19,8395,519.0
19,8427,519.0
19,8443,519.0
19,8459,519.0
19,8487,519.0
19,8501,519.0
19,8535,519.0
19,8563,519.0
19,8565,519.0
19,8581,519.0
19,8583,519.0
19,8611,523.0
19,8639,523.0
19,8653,523.0
19,8673,523.0
19,8689,523.0
19,8719,523.0
19,8733,523.0
19,8747,523.0
19,8749,523.0
19,8763,523.0
19,8791,523.0
19,8819,523.0
19,8833,528.0
19,8847,528.0
19,8861,532.0
19,8887,532.0
19,8921,532.0
19,8949,532.0
19,8967,532.0
19,8993,535.0
19,9007,535.0
19,9021,535.0
19,9035,535.0
19,9049,535.0
19,9079,535.0
19,9105,535.0
19,9131,535.0
19,9145,535.0
19,9161,535.0
19,9177,535.0
19,9191,535.0
19,9193,535.0
19,9227,535.0
19,9241,535.0
19,9271,535.0
19,9285,535.0
19,9299,535.0
19,9313,535.0
19,9331,535.0
19,9357,535.0
19,9387,535.0
19,9413,535.0
19,9427,535.0
19,9443,535.0
19,9463,535.0
19,9479,535.0
19,9481,535.0
19,9497,535.0
19,9523,537.0
19,9555,537.0
19,9585,537.0
19,9603,537.0
19,9617,537.0
19,9643,537.0
19,9657,537.0
19,9685,537.0
19,9699,537.0
19,9701,537.0
19,9719,537.0
19,9721,537.0
19,9723,537.0
19,9737,537.0
19,9751,537.0
19,9783,537.0
19,9809,537.0
19,9827,537.0
19,9843,537.0
19,9869,537.0
19,9901,537.0
19,9917,537.0
19,9945,537.0
19,9961,537.0
19,9979,537.0
19,10009,537.0
19,10025,537.0
19,10053,537.0
19,10067,537.0
19,10069,537.0
19,10085,537.0
19,10099,537.0
19,10129,537.0
19,10131,537.0
19,10147,537.0
19,10173,537.0
19,10201,537.0
19,10227,537.0
19,10253,537.0
19,10279,537.0
19,10309,537.0
19,10335,537.0
19,10353,537.0
19,10369,537.0
19,10395,537.0
19,10409,537.0
19,10435,537.0
19,10451,537.0
19,10465,537.0
19,10497,537.0
19,10529,537.0
19,10557,538.0
19,10571,538.0
19,10599,538.0
19,10615,538.0
19,10629,538.0
19,10659,538.0
19,10685,538.0
19,10711,538.0
19,10739,538.0
19,10767,538.0
19,10795,538.0
19,10809,538.0
19,10827,538.0
19,10829,538.0
19,10859,538.0
19,10861,538.0
19,10895,538.0
19,10923,542.0
19,10937,542.0
19,10967,542.0
19,10981,542.0
19,10995,542.0
19,10997,542.0
19,11013,542.0
19,11027,542.0
19,11029,542.0
19,11043,542.0
19,11073,542.0
19,11101,542.0
19,11115,542.0
19,11129,542.0
19,11155,542.0
19,11175,542.0
19,11191,542.0
19,11207,542.0
19,11239,542.0
19,11241,542.0
19,11255,542.0
19,11283,542.0
19,11299,542.0
19,11327,542.0
19,11343,542.0
19,11359,542.0
19,11373,542.0
19,11391,542.0
19,11419,542.0
19,11435,542.0
19,11451,542.0
19,11479,542.0
19,11493,542.0
19,11519,542.0
19,11545,542.0
19,11563,542.0
19,11565,542.0
19,11567,542.0
19,11581,542.0
19,11595,542.0
19,11609,542.0
19,11639,542.0
19,11665,542.0
19,11695,542.0
19,11709,542.0
19,11723,542.0
19,11725,542.0
19,11753,542.0
19,11769,542.0
19,11783,542.0
19,11809,542.0
19,11823,542.0
19,11849,542.0
19,11879,542.0
19,11905,542.0
19,11907,542.0
19,11933,542.0
19,11949,542.0
19,11977,542.0
19,11991,542.0
19,12017,542.0
19,12043,542.0
19,12057,542.0
19,12085,542.0
19,12111,542.0
19,12125,542.0
19,12153,546.0
19,12181,546.0
19,12207,546.0
19,12221,546.0
19,12237,546.0
19,12255,546.0
19,12257,546.0
19,12271,546.0
19,12303,546.0
19,12331,546.0
19,12333,546.0
19,12349,546.0
19,12365,546.0
19,12391,546.0
19,12419,546.0
19,12449,546.0
19,12451,546.0
19,12465,546.0
19,12493,546.0
19,12507,546.0
19,12527,546.0
19,12555,546.0
19,12583,546.0
19,12605,546.0
19,12607,546.0
19,12621,546.0
19,12635,546.0
19,12663,546.0
19,12689,546.0
19,12709,546.0
19,12737,546.0
19,12739,546.0
19,12769,546.0
19,12785,546.0
19,12811,546.0
19,12829,546.0
19,12845,546.0
19,12859,546.0
19,12887,546.0
19,12907,546.0
19,12933,546.0
19,12951,546.0
19,12965,546.0
19,12981,546.0
19,12995,546.0
19,13023,546.0
19,13037,546.0
19,13053,546.0
19,13055,546.0
19,13057,546.0
19,13073,546.0
19,13087,546.0
19,13113,546.0
19,13131,546.0
19,13159,546.0
19,13185,546.0
19,13199,546.0
19,13213,546.0
19,13229,546.0
19,13247,546.0
19,13261,546.0
19,13287,546.0
19,13305,546.0
19,13335,546.0
19,13365,546.0
19,13381,546.0
19,13407,546.0
19,13423,546.0
19,13437,546.0
19,13439,546.0
19,13459,546.0
19,13477,546.0
19,13509,546.0
19,13525,546.0
19,13559,546.0
19,13575,546.0
19,13577,546.0
19,13579,546.0
19,13581,546.0
19,13607,546.0
19,13623,546.0
19,13651,546.0
19,13667,546.0
19,13681,546.0
19,13709,546.0
19,13727,546.0
19,13741,546.0
19,13771,546.0
19,13799,546.0
19,13829,546.0
19,13845,546.0
19,13861,546.0
19,13875,546.0
19,13889,546.0
19,13915,546.0
19,13931,546.0
19,13959,546.0
19,13987,546.0
19,13989,546.0
19,14021,546.0
19,14023,546.0
19,14049,546.0
19,14075,546.0
19,14077,546.0
19,14105,546.0
19,14133,546.0
19,14135,546.0
19,14149,546.0
19,14165,546.0
19,14195,546.0
19,14223,546.0
19,14253,546.0
19,14271,546.0
19,14291,546.0
19,14293,546.0
19,14319,546.0
19,14335,546.0
19,14363,546.0
19,14377,546.0
19,14391,546.0
19,14417,546.0
19,14419,546.0
19,14435,546.0
19,14451,546.0
19,14479,546.0
19,14481,546.0
19,14507,546.0
19,14523,546.0
19,14553,546.0
19,14555,546.0
19,14583,546.0
19,14613,546.0
19,14627,546.0
19,14641,546.0
19,14655,546.0
19,14669,546.0
19,14699,546.0
19,14713,546.0
19,14741,546.0
19,14759,546.0
19,14773,546.0
19,14787,546.0
19,14803,546.0
19,14817,546.0
19,14833,546.0
19,14861,546.0
19,14863,546.0
19,14883,546.0
19,14885,546.0
19,14913,546.0
19,14943,546.0
19,14957,546.0
19,14991,546.0
19,15007,546.0
19,15009,546.0
19,15025,546.0
19,15053,546.0
19,15081,546.0
19,15107,546.0
19,15121,546.0
19,15135,546.0
19,15151,546.0
19,15179,546.0
19,15205,546.0
19,15233,546.0
19,15261,546.0
19,15277,546.0
19,15291,546.0
19,15307,546.0
19,15309,546.0
19,15325,546.0
19,15345,546.0
19,15347,546.0
19,15349,546.0
19,15363,546.0
19,15397,546.0
19,15423,546.0
19,15449,546.0
19,15465,546.0
19,15479,546.0
19,15493,546.0
19,15521,546.0
19,15535,546.0
19,15567,546.0
19,15569,546.0
19,15599,546.0
19,15613,546.0
19,15641,546.0
19,15643,546.0
19,15671,546.0
19,15699,546.0
19,15713,546.0
19,15727,546.0
19,15743,546.0
19,15745,546.0
19,15773,546.0
19,15791,546.0
19,15817,546.0
19,15831,546.0
19,15861,546.0
19,15877,546.0
19,15891,546.0
19,15917,546.0
20,5806,379.0
20,5808,379.0
20,5810,379.0
20,5842,379.0
20,5870,412.0
20,6513,412.0
20,6527,412.0
20,6553,412.0
20,6583,412.0
20,6599,412.0
20,6625,443.0
20,6655,443.0
20,6669,443.0
20,6671,443.0
20,6703,443.0
20,6705,443.0
20,6721,443.0
20,6735,443.0
20,6769,443.0
20,6799,443.0
20,6813,443.0
20,6827,466.0
20,6853,466.0
20,6879,474.0
20,6905,474.0
20,6933,477.0
20,6963,477.0
20,6995,477.0
20,7013,477.0
20,7027,487.0
20,7043,487.0
20,7057,487.0
20,7087,487.0
20,7117,487.0
20,7145,487.0
20,7161,487.0
20,7175,487.0
20,7201,487.0
20,7231,487.0
20,7247,487.0
20,7275,498.0
20,7301,498.0
20,7317,498.0
20,7331,498.0
20,7345,498.0
20,7371,499.0
20,7385,499.0
20,7411,505.0
20,7439,505.0
20,7441,505.0
20,7467,505.0
20,7483,505.0
20,7511,505.0
20,7537,505.0
20,7563,505.0
20,7577,505.0
20,7591,505.0
20,7605,505.0
20,7621,505.0
20,7643,505.0
20,7645,505.0
20,7673,505.0
20,7695,505.0
20,7709,505.0
20,7711,505.0
20,7725,505.0
20,7741,505.0
20,7755,505.0
20,7771,505.0
20,7773,505.0
20,7775,505.0
20,7795,505.0
20,7821,513.0
20,7835,513.0
20,7861,513.0
20,7879,513.0
20,7905,521.0
20,7931,525.0
20,7957,525.0
20,7973,525.0
20,7987,525.0
20,8001,525.0
20,8015,525.0
20,8041,525.0
20,8055,525.0
20,8083,525.0
20,8085,525.0
20,8099,525.0
20,8135,525.0
20,8149,525.0
20,8167,525.0
20,8195,525.0
20,8223,525.0
20,8251,525.0
20,8267,525.0
20,8269,525.0
20,8295,525.0
20,8321,525.0
20,8337,525.0
20,8363,525.0
20,8379,525.0
20,8393,525.0
20,8409,525.0
20,8445,525.0
20,8471,525.0
20,8485,525.0
20,8499,525.0
20,8525,525.0
20,8539,525.0
20,8553,525.0
20,8567,525.0
20,8581,525.0
20,8609,525.0
20,8625,525.0
20,8651,525.0
20,8681,525.0
20,8695,525.0
20,8709,525.0
20,8739,525.0
20,8753,525.0
20,8781,525.0
20,8783,525.0
20,8797,525.0
20,8827,525.0
20,8841,525.0
20,8871,525.0
20,8885,525.0
20,8887,525.0
20,8889,525.0
20,8905,525.0
20,8907,525.0
20,8937,525.0
20,8953,525.0
20,8979,525.0
20,8995,525.0
20,8997,525.0
20,9025,525.0
20,9055,525.0
20,9077,525.0
20,9091,525.0
20,9105,525.0
20,9137,525.0
20,9151,525.0
20,9165,525.0
20,9179,525.0
20,9193,525.0
20,9195,525.0
20,9225,525.0
20,9227,525.0
20,9241,525.0
20,9269,525.0
20,9297,525.0
20,9327,525.0
20,9355,527.0
20,9373,527.0
20,9389,527.0
20,9417,527.0
20,9433,527.0
20,9463,527.0
20,9465,527.0
20,9467,527.0
20,9485,527.0
20,9487,527.0
20,9513,527.0
20,9541,527.0
20,9555,527.0
20,9569,527.0
20,9597,529.0
20,9625,538.0
20,9639,538.0
20,9653,538.0
20,9667,538.0
20,9683,538.0
20,9709,538.0
20,9727,538.0
20,9755,538.0
20,9783,538.0
20,9785,538.0
20,9799,538.0
20,9827,538.0
20,9829,538.0
20,9843,538.0
20,9875,538.0
20,9889,538.0
20,9917,538.0
20,9945,538.0
20,9959,538.0
20,9973,538.0
20,10001,538.0
20,10027,538.0
20,10043,538.0
20,10069,538.0
20,10083,538.0
20,10085,538.0
20,10099,538.0
20,10113,538.0
20,10143,538.0
20,10157,538.0
20,10189,538.0
20,10219,538.0
20,10233,538.0
20,10247,538.0
20,10249,538.0
20,10263,538.0
20,10265,538.0
20,10279,538.0
20,10281,538.0
20,10295,538.0
20,10313,538.0
20,10327,538.0
20,10329,538.0
20,10331,538.0
20,10357,538.0
20,10385,538.0
20,10387,538.0
20,10401,538.0
20,10419,538.0
20,10449,538.0
20,10479,538.0
20,10509,538.0
20,10537,538.0
20,10551,538.0
20,10565,539.0
20,10579,539.0
20,10593,539.0
20,10611,539.0
20,10637,539.0
20,10663,539.0
20,10691,539.0
20,10693,539.0
20,10707,539.0
20,10721,539.0
20,10735,539.0
20,10769,539.0
20,10797,539.0
20,10827,539.0
20,10841,539.0
20,10873,539.0
20,10887,539.0
20,10889,539.0
20,10891,539.0
20,10907,539.0
20,10925,539.0
20,10939,539.0
20,10941,539.0
20,10955,541.0
20,10981,541.0
20,11011,541.0
20,11025,541.0
20,11051,541.0
20,11065,541.0
20,11095,541.0
20,11123,541.0
20,11149,542.0
20,11151,542.0
20,11153,542.0
20,11155,542.0
20,11181,542.0
20,11195,542.0
20,11197,542.0
20,11225,542.0
20,11257,545.0
20,11283,545.0
20,11297,545.0
20,11311,545.0
20,11327,545.0
20,11355,545.0
20,11357,545.0
20,11371,545.0
20,11385,545.0
20,11413,545.0
20,11439,545.0
20,11469,545.0
20,11485,545.0
20,11499,545.0
20,11517,545.0
20,11519,545.0
20,11535,545.0
20,11537,545.0
20,11551,545.0
20,11565,545.0
20,11583,545.0
20,11597,545.0
20,11625,545.0
20,11627,545.0
20,11643,545.0
20,11645,545.0
20,11661,545.0
20,11691,545.0
20,11717,545.0
20,11737,545.0
20,11751,545.0
20,11781,545.0
20,11795,545.0
20,11797,545.0
20,11813,545.0
20,11831,545.0
20,11849,545.0
20,11867,545.0
20,11883,545.0
20,11897,545.0
20,11911,545.0
20,11937,545.0
20,11951,545.0
20,11977,545.0
20,11995,545.0
20,12021,545.0
20,12023,545.0
20,12051,545.0
20,12079,545.0
20,12109,545.0
20,12127,545.0
20,12141,545.0
20,12157,545.0
20,12175,545.0
20,12189,545.0
20,12203,545.0
20,12205,545.0
20,12207,545.0
20,12223,545.0
20,12237,545.0
20,12251,545.0
20,12267,545.0
20,12299,545.0
20,12315,545.0
20,12329,545.0
20,12367,545.0
20,12381,545.0
20,12395,545.0
20,12423,545.0
20,12439,545.0
20,12465,545.0
20,12467,545.0
20,12469,545.0
20,12485,545.0
20,12501,545.0
20,12503,545.0
20,12529,545.0
20,12543,545.0
20,12569,545.0
20,12585,545.0
20,12603,545.0
20,12633,545.0
20,12647,545.0
20,12663,545.0
20,12677,545.0
20,12693,545.0
20,12707,545.0
20,12733,545.0
20,12735,545.0
20,12737,545.0
20,12739,545.0
20,12757,545.0
20,12773,545.0
20,12799,545.0
20,12813,545.0
20,12839,545.0
20,12853,545.0
20,12869,545.0
20,12883,545.0
20,12885,545.0
20,12899,545.0
20,12917,545.0
20,12931,545.0
20,12961,545.0
20,12975,545.0
20,12989,545.0
20,13003,545.0
20,13017,545.0
20,13043,545.0
20,13059,545.0
20,13089,545.0
20,13115,545.0
20,13147,545.0
20,13161,545.0
20,13193,545.0
20,13219,545.0
20,13245,545.0
20,13263,545.0
20,13277,545.0
20,13293,545.0
20,13307,545.0
20,13341,545.0
20,13369,545.0
20,13395,545.0
20,13411,545.0
20,13441,545.0
20,13455,545.0
20,13483,545.0
20,13509,545.0
20,13537,545.0
20,13539,545.0
20,13565,545.0
20,13567,545.0
20,13581,545.0
20,13595,545.0
20,13625,545.0
20,13627,545.0
20,13653,547.0
20,13681,547.0
20,13709,547.0
20,13723,547.0
20,13749,547.0
20,13751,547.0
20,13765,547.0
20,13779,547.0
20,13807,547.0
20,13839,547.0
20,13873,547.0
20,13903,547.0
20,13931,547.0
20,13945,547.0
20,13973,547.0
20,13989,547.0
20,14003,547.0
20,14019,547.0
20,14035,547.0
20,14065,547.0
20,14067,547.0
20,14069,547.0
20,14095,547.0
20,14123,547.0
20,14149,547.0
20,14165,547.0
20,14167,547.0
20,14181,547.0
20,14195,547.0
20,14209,547.0
20,14225,547.0
20,14227,547.0
20,14257,547.0
20,14259,547.0
20,14261,547.0
20,14275,547.0
20,14289,547.0
20,14291,547.0
20,14305,547.0
20,14307,547.0
20,14321,547.0
20,14337,547.0
20,14363,547.0
20,14389,547.0
20,14391,547.0
20,14405,547.0
20,14433,547.0
20,14447,547.0
20,14449,547.0
20,14475,547.0
20,14489,547.0
20,14505,547.0
20,14519,547.0
20,14547,547.0
20,14575,547.0
20,14603,547.0
20,14617,547.0
20,14631,547.0
20,14633,547.0
20,14647,547.0
20,14649,547.0
20,14663,547.0
20,14679,547.0
20,14693,547.0
20,14707,547.0
20,14721,547.0
20,14735,547.0
20,14749,547.0
20,14763,547.0
20,14795,547.0
20,14809,547.0
20,14837,547.0
20,14871,547.0
20,14887,547.0
20,14921,547.0
20,14935,547.0
20,14963,547.0
20,14991,547.0
20,15007,547.0
20,15021,547.0
20,15023,547.0
20,15049,547.0
20,15075,551.0
20,15089,551.0
20,15091,551.0
20,15105,551.0
20,15131,551.0
20,15145,551.0
20,15177,551.0
20,15195,551.0
20,15213,551.0
20,15229,551.0
20,15257,551.0
20,15283,551.0
20,15297,551.0
20,15299,551.0
20,15313,551.0
20,15315,551.0
20,15317,551.0
20,15347,551.0
20,15375,551.0
20,15403,551.0
20,15405,551.0
20,15407,551.0
20,15421,551.0
20,15453,551.0
20,15471,551.0
20,15499,551.0
20,15527,551.0
20,15557,551.0
20,15573,551.0
20,15601,551.0
20,15627,551.0
20,15653,551.0
20,15671,551.0
20,15685,551.0
20,15713,551.0
20,15727,551.0
20,15741,551.0
20,15755,551.0
20,15773,551.0
20,15799,551.0
20,15813,552.0
21,5922,400.0
21,5936,400.0
21,5966,400.0
21,5980,413.0
21,5994,413.0
21,5996,413.0
21,6012,413.0
21,6643,413.0
21,6657,413.0
21,6685,413.0
21,6715,417.0
21,6717,417.0
21,6719,417.0
21,6733,417.0
21,6747,429.0
21,6775,442.0
21,6807,442.0
21,6821,442.0
21,6839,442.0
21,6867,442.0
21,6895,442.0
21,6913,442.0
21,6941,463.0
21,6943,463.0
21,6957,463.0
21,6983,482.0
21,7011,482.0
21,7037,482.0
21,7039,482.0
21,7065,482.0
21,7081,482.0
21,7095,482.0
21,7097,482.0
21,7127,482.0
21,7141,482.0
21,7173,482.0
21,7187,487.0
21,7213,491.0
21,7243,491.0
21,7245,491.0
21,7275,491.0
21,7277,491.0
21,7305,496.0
21,7335,496.0
21,7365,496.0
21,7381,496.0
21,7383,496.0
21,7409,496.0
21,7423,496.0
21,7439,496.0
21,7453,496.0
21,7467,500.0
21,7493,500.0
21,7495,500.0
21,7523,500.0
21,7539,500.0
21,7555,500.0
21,7581,500.0
21,7595,500.0
21,7609,500.0
21,7637,500.0
21,7653,500.0
21,7681,500.0
21,7709,500.0
21,7723,500.0
21,7725,500.0
21,7741,500.0
21,7743,500.0
21,7757,500.0
21,7759,500.0
21,7775,500.0
21,7805,509.0
21,7807,509.0
21,7821,509.0
21,7837,509.0
21,7853,509.0
21,7885,510.0
21,7887,510.0
21,7903,510.0
21,7917,510.0
21,7933,510.0
21,7949,510.0
21,7963,510.0
21,7983,510.0
21,8001,510.0
21,8021,510.0
21,8049,510.0
21,8063,510.0
21,8089,510.0
21,8091,510.0
21,8093,510.0
21,8109,510.0
21,8123,510.0
21,8151,510.0
21,8165,514.0
21,8193,514.0
21,8195,514.0
21,8211,514.0
21,8225,514.0
21,8253,517.0
21,8271,517.0
21,8273,517.0
21,8287,517.0
21,8315,517.0
21,8343,517.0
21,8357,517.0
21,8385,518.0
21,8399,518.0
21,8425,518.0
21,8439,518.0
21,8461,518.0
21,8477,518.0
21,8491,518.0
21,8517,518.0
21,8531,518.0
21,8557,518.0
21,8571,518.0
21,8597,520.0
21,8625,520.0
21,8653,520.0
21,8669,520.0
21,8697,520.0
21,8711,520.0
21,8737,520.0
21,8753,520.0
21,8781,520.0
21,8783,520.0
21,8813,530.0
21,8815,530.0
21,8831,530.0
21,8845,530.0
21,8847,530.0
21,8879,530.0
21,8905,530.0
21,8907,530.0
21,8909,530.0
21,8927,530.0
21,8929,530.0
21,8957,530.0
21,8959,530.0
21,8979,530.0
21,8993,530.0
21,9009,530.0
21,9039,530.0
21,9055,530.0
21,9071,530.0
21,9099,530.0
21,9115,530.0
21,9143,530.0
21,9169,530.0
21,9171,530.0
21,9185,530.0
21,9199,530.0
21,9213,530.0
21,9227,530.0
21,9241,530.0
21,9269,530.0
21,9295,530.0
21,9327,530.0
21,9341,530.0
21,9355,530.0
21,9357,530.0
21,9375,530.0
21,9377,530.0
21,9403,530.0
21,9431,530.0
21,9433,530.0
21,9469,530.0
21,9485,530.0
21,9499,530.0
21,9525,535.0
21,9539,535.0
21,9553,535.0
21,9567,535.0
21,9595,535.0
21,9627,535.0
21,9657,535.0
21,9685,535.0
21,9701,535.0
21,9715,535.0
21,9717,535.0
21,9719,535.0
21,9747,535.0
21,9761,535.0
21,9781,535.0
21,9795,535.0
21,9821,535.0
21,9837,535.0
21,9871,535.0
21,9885,535.0
21,9899,535.0
21,9901,535.0
21,9919,535.0
21,9945,544.0
21,9971,544.0
21,9997,544.0
21,10011,544.0
21,10041,544.0
21,10061,544.0
21,10075,544.0
21,10091,544.0
21,10117,544.0
21,10133,544.0
21,10149,544.0
21,10177,544.0
21,10193,544.0
21,10221,544.0
21,10251,544.0
21,10277,544.0
21,10293,544.0
21,10295,544.0
21,10323,544.0
21,10337,544.0
21,10351,544.0
21,10365,544.0
21,10397,544.0
21,10399,544.0
21,10427,544.0
21,10441,544.0
21,10455,544.0
21,10457,544.0
21,10473,544.0
21,10487,544.0
21,10505,544.0
21,10525,544.0
21,10551,544.0
21,10583,544.0
21,10585,544.0
21,10611,544.0
21,10639,544.0
21,10653,544.0
21,10667,544.0
21,10693,544.0
21,10709,544.0
21,10737,544.0
21,10753,544.0
21,10783,544.0
21,10809,544.0
21,10825,544.0
21,10841,544.0
21,10857,544.0
21,10873,544.0
21,10901,544.0
21,10919,544.0
21,10921,544.0
21,10923,544.0
21,10951,544.0
21,10983,544.0
21,10985,544.0
21,11011,544.0
21,11037,544.0
21,11051,544.0
21,11067,544.0
21,11095,544.0
21,11123,544.0
21,11151,544.0
21,11169,544.0
21,11197,544.0
21,11213,544.0
21,11227,544.0
21,11241,544.0
21,11259,544.0
21,11273,544.0
21,11301,544.0
21,11331,544.0
21,11345,544.0
21,11371,545.0
21,11405,545.0
21,11435,545.0
21,11467,545.0
21,11483,545.0
21,11515,545.0
21,11531,545.0
21,11563,545.0
21,11579,545.0
21,11599,545.0
21,11615,545.0
21,11645,545.0
21,11659,545.0
21,11661,545.0
21,11679,545.0
21,11705,545.0
21,11733,545.0
21,11747,545.0
21,11763,545.0
21,11789,545.0
21,11805,545.0
21,11831,545.0
21,11859,545.0
21,11887,545.0
21,11889,545.0
21,11905,545.0
21,11919,545.0
21,11933,545.0
21,11947,545.0
21,11963,545.0
21,11979,545.0
21,11993,545.0
21,11995,545.0
21,12021,545.0
21,12035,545.0
21,12037,545.0
21,12065,545.0
21,12093,545.0
21,12095,545.0
21,12111,545.0
21,12137,552.0
21,12151,552.0
21,12179,552.0
21,12195,552.0
21,12209,552.0
21,12239,552.0
21,12241,552.0
21,12267,552.0
21,12293,552.0
21,12321,552.0
21,12337,552.0
21,12363,552.0
21,12379,552.0
21,12393,552.0
21,12407,552.0
21,12409,552.0
21,12423,552.0
21,12441,552.0
21,12469,552.0
21,12487,552.0
21,12513,552.0
21,12515,552.0
21,12529,552.0
21,12559,552.0
21,12589,552.0
21,12603,552.0
21,12633,552.0
21,12667,552.0
21,12685,552.0
21,12713,552.0
21,12727,552.0
21,12741,552.0
21,12755,552.0
21,12769,552.0
21,12783,552.0
21,12797,552.0
21,12811,552.0
21,12825,552.0
21,12853,552.0
21,12879,552.0
21,12913,552.0
21,12939,552.0
21,12965,552.0
21,12995,552.0
21,12997,552.0
21,13023,553.0
21,13053,553.0
21,13055,553.0
21,13057,553.0
21,13075,553.0
21,13091,553.0
21,13117,553.0
21,13131,553.0
21,13145,553.0
21,13171,553.0
21,13201,553.0
21,13203,553.0
21,13217,553.0
21,13231,553.0
21,13245,553.0
21,13247,553.0
21,13265,553.0
21,13281,553.0
21,13283,553.0
21,13297,553.0
21,13323,553.0
21,13337,553.0
21,13355,553.0
21,13357,553.0
21,13371,553.0
21,13385,553.0
21,13415,553.0
21,13417,553.0
21,13447,553.0
21,13449,553.0
21,13477,553.0
21,13491,553.0
21,13507,553.0
21,13523,553.0
21,13551,553.0
21,13569,553.0
21,13599,553.0
21,13601,553.0
21,13631,553.0
21,13647,553.0
21,13649,553.0
21,13679,553.0
21,13693,553.0
21,13723,553.0
21,13753,553.0
21,13755,553.0
21,13769,553.0
21,13801,553.0
21,13815,553.0
21,13835,553.0
21,13837,553.0
21,13853,553.0
21,13869,553.0
21,13883,553.0
21,13897,553.0
21,13899,553.0
21,13913,553.0
21,13929,553.0
21,13943,553.0
21,13957,553.0
21,13971,553.0
21,14005,553.0
21,14033,553.0
21,14047,553.0
21,14063,553.0
21,14077,553.0
21,14091,553.0
21,14093,553.0
21,14119,553.0
21,14147,553.0
21,14161,553.0
21,14191,553.0
21,14205,553.0
21,14221,553.0
21,14247,553.0
21,14277,553.0
21,14297,553.0
21,14315,553.0
21,14341,554.0
21,14355,554.0
21,14373,554.0
21,14389,554.0
21,14415,554.0
21,14417,554.0
21,14419,554.0
21,14451,554.0
21,14465,554.0
21,14495,554.0
21,14509,554.0
21,14523,554.0
21,14525,554.0
21,14539,554.0
21,14567,554.0
21,14581,554.0
21,14607,554.0
21,14635,554.0
21,14637,554.0
21,14651,554.0
21,14665,554.0
21,14679,554.0
21,14693,554.0
21,14709,554.0
21,14725,554.0
21,14739,554.0
21,14753,554.0
21,14779,554.0
21,14795,554.0
21,14821,554.0
21,14823,554.0
21,14825,554.0
21,14839,554.0
21,14853,554.0
21,14883,554.0
21,14897,554.0
21,14911,554.0
21,14927,554.0
21,14941,554.0
21,14969,554.0
21,14987,554.0
21,14989,554.0
21,15015,554.0
21,15017,554.0
21,15045,554.0
21,15071,554.0
21,15099,554.0
21,15113,554.0
21,15115,554.0
21,15141,554.0
21,15167,554.0
21,15197,554.0
21,15223,554.0
21,15253,554.0
21,15269,554.0
21,15297,554.0
21,15325,554.0
21,15339,554.0
21,15369,554.0
21,15397,554.0
21,15425,554.0
21,15441,554.0
21,15455,554.0
21,15485,554.0
21,15503,554.0
21,15537,554.0
21,15555,554.0
21,15583,554.0
21,15601,554.0
21,15617,554.0
21,15631,554.0
21,15649,554.0
21,15675,554.0
21,15689,554.0
21,15703,554.0
21,15733,554.0
21,15765,554.0
21,15791,554.0
21,15793,554.0
21,15819,554.0
21,15837,554.0
21,15855,554.0
21,15869,554.0
21,15895,554.0
21,15909,554.0
22,5756,378.0
22,5786,378.0
22,5802,378.0
22,5818,378.0
22,5844,407.0
22,5872,407.0
22,5900,407.0
22,6511,407.0
22,6537,441.0
22,6565,441.0
22,6593,441.0
22,6609,445.0
22,6639,445.0
22,6653,445.0
22,6667,445.0
22,6697,445.0
22,6713,445.0
22,6745,445.0
22,6773,445.0
22,6775,445.0
22,6777,445.0
22,6807,445.0
22,6809,445.0
22,6845,445.0
22,6847,445.0
22,6877,445.0
22,6903,462.0
22,6905,462.0
22,6919,462.0
22,6947,462.0
22,6973,462.0
22,6975,462.0
22,6991,464.0
22,7017,464.0
22,7047,464.0
22,7063,464.0
22,7065,464.0
22,7067,464.0
22,7069,464.0
22,7097,464.0
22,7111,469.0
22,7127,469.0
22,7143,469.0
22,7171,469.0
22,7191,472.0
22,7205,472.0
22,7219,472.0
22,7245,484.0
22,7275,484.0
22,7289,484.0
22,7319,484.0
22,7345,493.0
22,7371,493.0
22,7385,500.0
22,7411,500.0
22,7427,500.0
22,7441,500.0
22,7455,507.0
22,7469,507.0
22,7483,507.0
22,7511,507.0
22,7525,507.0
22,7551,507.0
22,7565,507.0
22,7567,507.0
22,7593,507.0
22,7621,507.0
22,7655,507.0
22,7669,507.0
22,7683,507.0
22,7699,507.0
22,7715,507.0
22,7743,507.0
22,7745,507.0
22,7773,507.0
22,7791,507.0
22,7793,507.0
22,7807,507.0
22,7825,507.0
22,7827,507.0
22,7841,515.0
22,7843,515.0
22,7845,515.0
22,7859,515.0
22,7873,515.0
22,7887,515.0
22,7901,515.0
22,7917,515.0
22,7931,515.0
22,7945,515.0
22,7963,515.0
22,7977,515.0
22,7979,515.0
22,8007,515.0
22,8021,515.0
22,8049,515.0
22,8063,515.0
22,8091,519.0
22,8127,519.0
22,8155,519.0
22,8183,519.0
22,8197,519.0
22,8225,519.0
22,8239,521.0
22,8255,521.0
22,8269,521.0
22,8297,521.0
22,8311,521.0
22,8325,521.0
22,8339,524.0
22,8353,524.0
22,8369,524.0
22,8399,524.0
22,8413,524.0
22,8427,524.0
22,8453,524.0
22,8481,524.0
22,8511,524.0
22,8529,524.0
22,8555,524.0
22,8569,524.0
22,8583,524.0
22,8597,524.0
22,8625,524.0
22,8651,524.0
22,8665,530.0
22,8679,530.0
22,8709,530.0
22,8739,530.0
22,8767,530.0
22,8781,530.0
22,8799,530.0
22,8829,530.0
22,8843,530.0
22,8869,530.0
22,8885,530.0
22,8887,530.0
22,8903,530.0
22,8905,530.0
22,8919,530.0
22,8945,530.0
22,8947,530.0
22,8963,530.0
22,8977,530.0
22,8991,530.0
22,9005,530.0
22,9031,533.0
22,9047,533.0
22,9065,533.0
22,9083,533.0
22,9113,533.0
22,9127,533.0
22,9141,533.0
22,9171,533.0
22,9173,533.0
22,9201,533.0
22,9217,533.0
22,9253,533.0
22,9269,533.0
22,9283,533.0
22,9311,533.0
22,9341,533.0
22,9355,533.0
22,9385,533.0
22,9399,533.0
22,9415,533.0
22,9429,533.0
22,9443,533.0
22,9445,533.0
22,9459,533.0
22,9473,533.0
22,9489,533.0
22,9517,533.0
22,9549,533.0
22,9565,533.0
22,9591,533.0
22,9605,533.0
22,9633,533.0
22,9661,533.0
22,9687,533.0
22,9703,533.0
22,9729,533.0
22,9757,533.0
22,9773,533.0
22,9791,533.0
22,9807,533.0
22,9821,533.0
22,9835,533.0
22,9861,533.0
22,9875,533.0
22,9901,533.0
22,9903,533.0
22,9933,533.0
22,9949,533.0
22,9979,533.0
22,10007,533.0
22,10023,533.0
22,10051,533.0
22,10077,533.0
22,10105,533.0
22,10137,533.0
22,10151,533.0
22,10165,533.0
22,10181,533.0
22,10197,533.0
22,10211,533.0
22,10225,533.0
22,10259,533.0
22,10261,533.0
22,10263,533.0
22,10291,533.0
22,10319,534.0
22,10347,534.0
22,10363,534.0
22,10393,534.0
22,10395,534.0
22,10409,534.0
22,10437,534.0
22,10451,534.0
22,10453,534.0
22,10487,534.0
22,10517,534.0
22,10519,534.0
22,10521,534.0
22,10523,534.0
22,10537,534.0
22,10553,534.0
22,10569,534.0
22,10601,534.0
22,10619,534.0
22,10633,534.0
22,10647,534.0
22,10675,534.0
22,10705,534.0
22,10735,534.0
22,10751,534.0
22,10779,534.0
22,10793,534.0
22,10823,536.0
22,10839,536.0
22,10841,536.0
22,10857,536.0
22,10873,536.0
22,10889,536.0
22,10919,536.0
22,10935,536.0
22,10949,536.0
22,10975,536.0
22,11003,536.0
22,11031,536.0
22,11057,536.0
22,11071,536.0
22,11073,536.0
22,11087,536.0
22,11107,536.0
22,11109,536.0
22,11123,536.0
22,11145,536.0
22,11159,536.0
22,11173,536.0
22,11175,536.0
22,11177,536.0
22,11179,536.0
22,11209,536.0
22,11211,536.0
22,11225,536.0
22,11227,536.0
22,11245,536.0
22,11259,536.0
22,11289,536.0
22,11323,536.0
22,11325,536.0
22,11341,536.0
22,11355,539.0
22,11357,539.0
22,11391,539.0
22,11421,539.0
22,11447,539.0
22,11463,539.0
22,11493,539.0
22,11521,539.0
22,11535,539.0
22,11565,539.0
22,11595,539.0
22,11597,539.0
22,11623,539.0
22,11651,539.0
22,11677,541.0
22,11703,541.0
22,11721,541.0
22,11747,541.0
22,11773,541.0
22,11791,541.0
22,11805,541.0
22,11831,541.0
22,11859,541.0
22,11861,541.0
22,11891,541.0
22,11919,541.0
22,11921,541.0
22,11935,541.0
22,11949,541.0
22,11983,541.0
22,11985,541.0
22,11999,541.0
22,12027,541.0
22,12055,541.0
22,12087,541.0
22,12089,541.0
22,12115,541.0
22,12129,541.0
22,12145,541.0
22,12171,541.0
22,12185,541.0
22,12199,541.0
22,12201,541.0
22,12227,541.0
22,12241,541.0
22,12255,541.0
22,12257,541.0
22,12277,541.0
22,12279,541.0
22,12305,541.0
22,12331,541.0
22,12347,541.0
22,12349,541.0
22,12375,541.0
22,12393,541.0
22,12419,541.0
22,12433,541.0
22,12447,541.0
22,12473,541.0
22,12503,541.0
22,12529,541.0
22,12531,541.0
22,12559,541.0
22,12585,541.0
22,12615,541.0
22,12641,541.0
22,12643,541.0
22,12657,541.0
22,12683,541.0
22,12697,542.0
22,12723,542.0
22,12739,542.0
22,12767,545.0
22,12781,545.0
22,12795,545.0
22,12797,545.0
22,12823,545.0
22,12839,545.0
22,12853,545.0
22,12879,545.0
22,12907,545.0
22,12909,545.0
22,12927,545.0
22,12941,545.0
22,12959,545.0
22,12975,545.0
22,13005,545.0
22,13021,545.0
22,13037,545.0
22,13067,545.0
22,13097,545.0
22,13125,545.0
22,13139,545.0
22,13165,545.0
22,13193,545.0
22,13195,545.0
22,13211,545.0
22,13239,545.0
22,13267,545.0
22,13281,545.0
22,13309,545.0
22,13323,545.0
22,13351,545.0
22,13369,545.0
22,13399,545.0
22,13413,545.0
22,13439,545.0
22,13441,545.0
22,13455,545.0
22,13457,545.0
22,13473,545.0
22,13487,545.0
22,13489,545.0
22,13503,545.0
22,13505,545.0
22,13519,545.0
22,13537,545.0
22,13567,545.0
22,13583,545.0
22,13597,545.0
22,13627,545.0
22,13653,545.0
22,13687,545.0
22,13703,545.0
22,13717,545.0
22,13719,545.0
22,13747,545.0
22,13749,545.0
22,13775,545.0
22,13791,545.0
22,13821,545.0
22,13835,545.0
22,13851,545.0
22,13865,545.0
22,13867,545.0
22,13881,545.0
22,13895,545.0
22,13909,545.0
22,13923,545.0
22,13951,545.0
22,13983,545.0
22,13985,545.0
22,14011,545.0
22,14039,545.0
22,14065,545.0
22,14091,546.0
22,14119,546.0
22,14135,546.0
22,14149,546.0
22,14163,546.0
22,14177,546.0
22,14209,546.0
22,14223,546.0
22,14225,546.0
22,14253,546.0
22,14267,546.0
22,14281,546.0
22,14299,546.0
22,14329,546.0
22,14343,546.0
22,14373,546.0
22,14401,546.0
22,14429,546.0
22,14457,546.0
22,14459,546.0
22,14485,546.0
22,14499,546.0
22,14515,546.0
22,14541,546.0
22,14557,546.0
22,14571,546.0
22,14597,546.0
22,14599,546.0
22,14601,546.0
22,14615,546.0
22,14629,546.0
22,14647,546.0
22,14661,546.0
22,14663,546.0
22,14681,546.0
22,14709,546.0
22,14725,546.0
22,14741,546.0
22,14755,546.0
22,14785,546.0
22,14813,546.0
22,14829,546.0
22,14861,546.0
22,14889,546.0
22,14891,546.0
22,14921,546.0
22,14949,546.0
22,14977,546.0
22,15003,546.0
22,15017,546.0
22,15031,546.0
22,15045,546.0
22,15059,546.0
22,15089,548.0
22,15115,548.0
22,15145,548.0
22,15173,548.0
22,15189,548.0
22,15211,548.0
22,15229,548.0
22,15257,548.0
22,15273,548.0
22,15275,548.0
22,15289,548.0
22,15315,548.0
22,15349,548.0
22,15351,548.0
22,15367,548.0
22,15397,548.0
22,15423,548.0
22,15425,548.0
22,15439,548.0
22,15455,548.0
22,15469,548.0
22,15487,548.0
22,15501,548.0
22,15527,548.0
22,15541,548.0
22,15555,548.0
22,15581,548.0
22,15609,548.0
22,15623,548.0
22,15637,548.0
22,15663,548.0
22,15691,548.0
22,15705,548.0
22,15719,548.0
22,15747,548.0
22,15773,548.0
23,5908,410.0
23,5910,410.0
23,5924,410.0
23,5926,410.0
23,5952,436.0
23,5966,436.0
23,5992,451.0
23,6615,451.0
23,6629,451.0
23,6647,462.0
23,6661,462.0
23,6675,462.0
23,6707,462.0
23,6735,484.0
23,6755,484.0
23,6771,484.0
23,6789,484.0
23,6817,484.0
23,6845,484.0
23,6875,484.0
23,6893,484.0
23,6919,484.0
23,6933,484.0
23,6959,484.0
23,6961,484.0
23,6963,484.0
23,6993,484.0
23,7009,484.0
23,7023,484.0
23,7049,484.0
23,7063,484.0
23,7065,484.0
23,7081,484.0
23,7083,484.0
23,7109,484.0
23,7125,484.0
23,7127,484.0
23,7145,484.0
23,7159,484.0
23,7173,484.0
23,7203,484.0
23,7231,484.0
23,7247,484.0
23,7275,484.0
23,7303,484.0
23,7329,491.0
23,7343,495.0
23,7345,495.0
23,7377,495.0
23,7391,495.0
23,7421,495.0
23,7447,497.0
23,7477,497.0
23,7479,497.0
23,7493,497.0
23,7519,497.0
23,7533,497.0
23,7561,501.0
23,7563,501.0
23,7589,501.0
23,7603,501.0
23,7631,501.0
23,7651,501.0
23,7677,504.0
23,7679,504.0
23,7705,504.0
23,7719,504.0
23,7747,504.0
23,7761,505.0
23,7789,505.0
23,7807,505.0
23,7821,505.0
23,7849,505.0
23,7863,505.0
23,7891,505.0
23,7923,505.0
23,7953,507.0
23,7967,507.0
23,7969,507.0
23,7985,507.0
23,8003,507.0
23,8005,507.0
23,8025,507.0
23,8053,507.0
23,8081,509.0
23,8095,509.0
23,8123,509.0
23,8139,509.0
23,8169,509.0
23,8183,509.0
23,8199,509.0
23,8231,509.0
23,8245,509.0
23,8277,509.0
23,8279,509.0
23,8281,509.0
23,8309,514.0
23,8325,514.0
23,8327,514.0
23,8341,514.0
23,8359,514.0
23,8387,514.0
23,8389,514.0
23,8417,514.0
23,8431,514.0
23,8461,514.0
23,8475,514.0
23,8489,514.0
23,8511,514.0
23,8537,514.0
23,8567,514.0
23,8581,514.0
23,8609,514.0
23,8623,514.0
23,8637,514.0
23,8651,514.0
23,8665,514.0
23,8679,514.0
23,8705,514.0
23,8707,514.0
23,8721,514.0
23,8737,514.0
23,8763,514.0
23,8791,514.0
23,8805,514.0
23,8819,514.0
23,8845,514.0
23,8875,526.0
23,8891,526.0
23,8907,526.0
23,8939,526.0
23,8941,526.0
23,8967,526.0
23,8981,526.0
23,8983,526.0
23,8997,526.0
23,9025,526.0
23,9039,526.0
23,9067,527.0
23,9081,527.0
23,9107,529.0
23,9109,529.0
23,9135,529.0
23,9167,529.0
23,9181,529.0
23,9195,529.0
23,9221,529.0
23,9249,529.0
23,9263,529.0
23,9295,529.0
23,9323,529.0
23,9341,529.0
23,9371,529.0
23,9399,529.0
23,9415,529.0
23,9429,529.0
23,9443,529.0
23,9459,529.0
23,9485,529.0
23,9487,529.0
23,9503,529.0
23,9505,529.0
23,9531,529.0
23,9547,529.0
23,9561,529.0
23,9563,529.0
23,9591,529.0
23,9619,529.0
23,9633,529.0
23,9647,529.0
23,9661,529.0
23,9675,529.0
23,9701,534.0
23,9729,534.0
23,9743,534.0
23,9757,534.0
23,9787,534.0
23,9817,534.0
23,9831,534.0
23,9857,536.0
23,9871,536.0
23,9885,536.0
23,9913,536.0
23,9941,536.0
23,9967,536.0
23,9999,536.0
23,10015,536.0
23,10029,536.0
23,10057,536.0
23,10089,536.0
23,10117,536.0
23,10143,536.0
23,10171,536.0
23,10189,536.0
23,10217,536.0
23,10233,536.0
23,10247,536.0
23,10273,536.0
23,10301,536.0
23,10315,536.0
23,10329,536.0
23,10357,536.0
23,10371,536.0
23,10373,536.0
23,10399,537.0
23,10413,537.0
23,10441,537.0
23,10467,537.0
23,10495,537.0
23,10523,537.0
23,10537,537.0
23,10553,537.0
23,10585,537.0
23,10601,537.0
23,10603,537.0
23,10617,537.0
23,10631,537.0
23,10659,537.0
23,10685,537.0
23,10699,537.0
23,10713,537.0
23,10727,537.0
23,10741,537.0
23,10767,537.0
23,10793,537.0
23,10807,537.0
23,10833,537.0
23,10847,537.0
23,10861,537.0
23,10887,537.0
23,10915,537.0
23,10941,537.0
23,10969,537.0
23,10971,537.0
23,10987,537.0
23,11013,537.0
23,11041,537.0
23,11055,537.0
23,11083,537.0
23,11097,537.0
23,11125,537.0
23,11151,537.0
23,11165,537.0
23,11167,537.0
23,11195,537.0
23,11225,537.0
23,11255,537.0
23,11269,537.0
23,11271,537.0
23,11301,537.0
23,11315,537.0
23,11331,537.0
23,11349,537.0
23,11365,537.0
23,11393,537.0
23,11419,537.0
23,11435,537.0
23,11461,537.0
23,11477,537.0
23,11491,537.0
23,11505,537.0
23,11521,537.0
23,11537,537.0
23,11551,540.0
23,11581,540.0
23,11595,540.0
23,11597,540.0
23,11611,540.0
23,11637,540.0
23,11665,540.0
23,11693,540.0
23,11709,540.0
23,11735,540.0
23,11749,540.0
23,11763,540.0
23,11777,540.0
23,11811,540.0
23,11827,540.0
23,11853,540.0
23,11881,540.0
23,11899,540.0
23,11925,540.0
23,11941,540.0
23,11955,540.0
23,11985,540.0
23,11999,540.0
23,12015,540.0
23,12041,540.0
23,12067,540.0
23,12093,540.0
23,12113,540.0
23,12141,540.0
23,12171,540.0
23,12187,540.0
23,12215,540.0
23,12231,540.0
23,12259,540.0
23,12289,540.0
23,12317,540.0
23,12347,540.0
23,12361,540.0
23,12363,540.0
23,12379,540.0
23,12393,542.0
23,12409,542.0
23,12411,542.0
23,12441,542.0
23,12455,542.0
23,12475,542.0
23,12503,542.0
23,12533,542.0
23,12565,542.0
23,12579,542.0
23,12595,542.0
23,12621,542.0
23,12623,542.0
23,12637,542.0
23,12651,542.0
23,12665,542.0
23,12693,542.0
23,12709,542.0
23,12723,542.0
23,12741,542.0
23,12755,542.0
23,12771,542.0
23,12773,542.0
23,12775,542.0
23,12803,543.0
23,12829,543.0
23,12859,543.0
23,12873,545.0
23,12889,545.0
23,12891,545.0
23,12905,545.0
23,12921,545.0
23,12943,545.0
23,12969,546.0
23,12971,546.0
23,12985,546.0
23,12999,546.0
23,13029,546.0
23,13059,546.0
23,13061,546.0
23,13075,546.0
23,13089,546.0
23,13105,546.0
23,13131,546.0
23,13159,546.0
23,13173,546.0
23,13199,546.0
23,13229,546.0
23,13245,546.0
23,13271,546.0
23,13301,546.0
23,13315,546.0
23,13333,546.0
23,13347,546.0
23,13379,546.0
23,13381,546.0
23,13395,546.0
23,13421,546.0
23,13447,546.0
23,13477,546.0
23,13491,546.0
23,13505,546.0
23,13523,546.0
23,13539,546.0
23,13553,546.0
23,13569,546.0
23,13583,546.0
23,13613,546.0
23,13639,546.0
23,13641,546.0
23,13657,546.0
23,13673,546.0
23,13701,546.0
23,13731,546.0
23,13733,546.0
23,13759,546.0
23,13777,546.0
23,13793,546.0
23,13807,546.0
23,13809,546.0
23,13837,546.0
23,13851,546.0
23,13865,546.0
23,13891,546.0
23,13921,549.0
23,13951,549.0
23,13977,549.0
23,14005,549.0
23,14035,549.0
23,14061,549.0
23,14075,549.0
23,14109,549.0
23,14135,549.0
23,14151,549.0
23,14167,549.0
23,14181,549.0
23,14201,549.0
23,14231,549.0
23,14233,549.0
23,14261,549.0
23,14291,549.0
23,14305,549.0
23,14331,549.0
23,14345,549.0
23,14375,549.0
23,14389,549.0
23,14417,549.0
23,14419,549.0
23,14435,549.0
23,14463,549.0
23,14477,549.0
23,14491,549.0
23,14505,549.0
23,14521,549.0
23,14523,549.0
23,14537,549.0
23,14551,549.0
23,14581,549.0
23,14595,549.0
23,14621,549.0
23,14637,549.0
23,14639,549.0
23,14665,549.0
23,14693,549.0
23,14707,549.0
23,14733,549.0
23,14747,549.0
23,14773,549.0
23,14799,549.0
23,14817,549.0
23,14831,549.0
23,14857,549.0
23,14889,549.0
23,14903,549.0
23,14919,549.0
23,14933,549.0
23,14963,549.0
23,14991,549.0
23,15007,549.0
23,15023,549.0
23,15025,549.0
23,15039,549.0
23,15071,549.0
23,15073,549.0
23,15087,549.0
23,15117,549.0
23,15131,549.0
23,15133,549.0
23,15147,549.0
23,15175,549.0
23,15215,549.0
23,15233,549.0
23,15259,549.0
23,15279,549.0
23,15305,549.0
23,15331,549.0
23,15345,549.0
23,15377,549.0
23,15391,549.0
23,15393,549.0
23,15407,549.0
23,15437,549.0
23,15439,549.0
23,15467,549.0
23,15485,549.0
23,15487,549.0
23,15503,549.0
23,15531,549.0
23,15557,553.0
23,15571,553.0
23,15573,553.0
23,15587,553.0
23,15617,553.0
23,15643,553.0
23,15659,553.0
23,15661,553.0
23,15677,553.0
23,15691,553.0
23,15709,553.0
23,15737,553.0
23,15763,553.0
23,15765,553.0
23,15791,553.0
23,15821,553.0
23,15835,553.0
23,15863,553.0
23,15877,553.0
23,15903,553.0
24,5966,368.0
24,5996,368.0
24,6012,368.0
24,6026,375.0
24,6042,375.0
24,6056,375.0
24,6074,375.0
24,6100,390.0
24,6128,405.0
24,6154,408.0
24,6168,430.0
24,6182,430.0
24,6198,430.0
24,6212,432.0
24,6238,443.0
24,6264,443.0
24,6292,443.0
24,6324,443.0
24,6338,458.0
24,6366,458.0
24,6392,458.0
24,6420,458.0
24,6434,462.0
24,6462,464.0
24,6482,464.0
24,6498,464.0
24,6524,464.0
24,6544,464.0
24,6562,464.0
24,6576,464.0
24,6578,464.0
24,6592,464.0
24,6594,464.0
24,6622,464.0
24,6636,464.0
24,7257,464.0
24,7273,469.0
24,7303,469.0
24,7317,469.0
24,7331,475.0
24,7347,475.0
24,7375,475.0
24,7389,475.0
24,7391,475.0
24,7417,493.0
24,7431,493.0
24,7447,493.0
24,7463,493.0
24,7465,493.0
24,7491,493.0
24,7493,493.0
24,7511,493.0
24,7527,493.0
24,7559,493.0
24,7587,493.0
24,7615,501.0
24,7617,501.0
24,7619,501.0
24,7635,501.0
24,7651,501.0
24,7683,501.0
24,7709,501.0
24,7737,501.0
24,7765,501.0
24,7791,501.0
24,7805,501.0
24,7833,509.0
24,7849,509.0
24,7865,509.0
24,7867,509.0
24,7893,509.0
24,7909,509.0
24,7943,509.0
24,7971,509.0
24,7987,509.0
24,8001,522.0
24,8019,522.0
24,8047,522.0
24,8075,522.0
24,8077,522.0
24,8093,522.0
24,8107,522.0
24,8121,522.0
24,8149,522.0
24,8151,522.0
24,8165,522.0
24,8183,522.0
24,8197,522.0
24,8225,522.0
24,8227,522.0
24,8243,522.0
24,8257,522.0
24,8283,522.0
24,8309,522.0
24,8325,522.0
24,8353,522.0
24,8383,522.0
24,8411,522.0
24,8425,522.0
24,8427,522.0
24,8455,522.0
24,8469,522.0
24,8471,522.0
24,8497,522.0
24,8525,522.0
24,8541,522.0
24,8543,522.0
24,8571,522.0
24,8601,522.0
24,8603,522.0
24,8617,522.0
24,8631,522.0
24,8657,522.0
24,8671,522.0
24,8699,522.0
24,8729,522.0
24,8755,522.0
24,8781,524.0
24,8797,524.0
24,8825,524.0
24,8851,524.0
24,8865,524.0
24,8891,524.0
24,8905,524.0
24,8921,524.0
24,8951,524.0
24,8967,524.0
24,8993,524.0
24,9007,524.0
24,9009,524.0
24,9037,524.0
24,9065,524.0
24,9079,524.0
24,9113,524.0
24,9139,524.0
24,9171,524.0
24,9197,524.0
24,9213,524.0
24,9241,524.0
24,9255,524.0
24,9283,524.0
24,9285,524.0
24,9287,524.0
24,9315,524.0
24,9343,524.0
24,9373,524.0
24,9389,524.0
24,9403,524.0
24,9431,524.0
24,9433,524.0
24,9447,524.0
24,9463,524.0
24,9477,526.0
24,9479,526.0
24,9495,526.0
24,9497,526.0
24,9511,526.0
24,9513,526.0
24,9531,526.0
24,9557,526.0
24,9571,526.0
24,9587,526.0
24,9601,526.0
24,9615,526.0
24,9631,526.0
24,9657,526.0
24,9677,526.0
24,9691,526.0
24,9721,526.0
24,9747,526.0
24,9775,526.0
24,9805,526.0
24,9831,535.0
24,9865,535.0
24,9895,535.0
24,9911,535.0
24,9941,535.0
24,9955,535.0
24,9969,535.0
24,9971,535.0
24,9973,535.0
24,10005,535.0
24,10021,535.0
24,10047,535.0
24,10075,535.0
24,10091,535.0
24,10105,535.0
24,10133,535.0
24,10147,535.0
24,10173,535.0
24,10201,535.0
24,10203,535.0
24,10231,535.0
24,10259,535.0
24,10285,535.0
24,10305,535.0
24,10319,536.0
24,10353,536.0
24,10367,536.0
24,10393,536.0
24,10407,536.0
24,10433,536.0
24,10447,536.0
24,10475,536.0
24,10491,536.0
24,10517,536.0
24,10531,536.0
24,10547,536.0
24,10581,536.0
24,10607,536.0
24,10621,536.0
24,10635,536.0
24,10637,536.0
24,10651,536.0
24,10677,536.0
24,10705,536.0
24,10707,536.0
24,10735,536.0
24,10763,536.0
24,10765,536.0
24,10791,536.0
24,10823,536.0
24,10839,536.0
24,10853,536.0
24,10855,536.0
24,10869,536.0
24,10883,536.0
24,10915,536.0
24,10947,536.0
24,10961,536.0
24,10975,536.0
24,10989,536.0
24,11003,536.0
24,11017,536.0
24,11031,536.0
24,11063,536.0
24,11093,536.0
24,11109,536.0
24,11137,536.0
24,11165,536.0
24,11193,536.0
24,11219,536.0
24,11251,536.0
24,11265,536.0
24,11267,536.0
24,11293,536.0
24,11307,536.0
24,11321,536.0
24,11335,536.0
24,11361,536.0
24,11375,536.0
24,11377,536.0
24,11391,536.0
24,11393,536.0
24,11409,536.0
24,11435,536.0
24,11467,536.0
24,11487,536.0
24,11489,536.0
24,11523,536.0
24,11551,536.0
24,11579,536.0
24,11595,536.0
24,11611,536.0
24,11639,536.0
24,11667,536.0
24,11683,536.0
24,11701,536.0
24,11727,536.0
24,11741,536.0
24,11743,536.0
24,11759,536.0
24,11785,536.0
24,11813,536.0
24,11839,536.0
24,11865,536.0
24,11881,536.0
24,11895,536.0
24,11909,536.0
24,11925,536.0
24,11939,536.0
24,11957,536.0
24,11973,536.0
24,12001,536.0
24,12017,536.0
24,12033,536.0
24,12047,536.0
24,12063,536.0
24,12077,536.0
24,12079,536.0
24,12107,536.0
24,12133,536.0
24,12149,536.0
24,12151,536.0
24,12177,536.0
24,12191,536.0
24,12219,536.0
24,12233,536.0
24,12249,536.0
24,12275,536.0
24,12277,536.0
24,12309,536.0
24,12337,536.0
24,12363,536.0
24,12381,536.0
24,12397,536.0
24,12423,536.0
24,12455,536.0
24,12485,536.0
24,12511,536.0
24,12513,536.0
24,12515,536.0
24,12529,536.0
24,12555,536.0
24,12571,536.0
24,12585,536.0
24,12605,536.0
24,12631,536.0
24,12645,536.0
24,12673,536.0
24,12687,536.0
24,12707,536.0
24,12721,536.0
24,12723,536.0
24,12737,536.0
24,12753,536.0
24,12781,536.0
24,12807,536.0
24,12835,537.0
24,12837,537.0
24,12857,537.0
24,12859,537.0
24,12861,537.0
24,12877,537.0
24,12905,537.0
24,12919,537.0
24,12947,537.0
24,12973,537.0
24,12987,537.0
24,13001,537.0
24,13029,537.0
24,13031,537.0
24,13049,537.0
24,13063,537.0
24,13089,537.0
24,13103,537.0
24,13121,537.0
24,13135,537.0
24,13165,537.0
24,13181,537.0
24,13209,538.0
24,13223,538.0
24,13251,538.0
24,13279,538.0
24,13281,538.0
24,13313,538.0
24,13333,538.0
24,13347,538.0
24,13361,538.0
24,13375,538.0
24,13391,538.0
24,13419,538.0
24,13453,538.0
24,13469,538.0
24,13497,538.0
24,13525,538.0
24,13541,538.0
24,13567,538.0
24,13585,538.0
24,13615,538.0
24,13635,538.0
24,13651,538.0
24,13665,538.0
24,13667,538.0
24,13681,538.0
24,13707,538.0
24,13721,538.0
24,13737,538.0
24,13767,538.0
24,13781,538.0
24,13797,538.0
24,13811,538.0
24,13839,538.0
24,13855,538.0
24,13869,538.0
24,13897,538.0
24,13911,538.0
24,13941,538.0
24,13955,538.0
24,13969,542.0
24,13971,542.0
24,13985,542.0
24,14017,542.0
24,14031,542.0
24,14053,542.0
24,14055,542.0
24,14071,542.0
24,14087,542.0
24,14107,542.0
24,14121,542.0
24,14147,542.0
24,14161,542.0
24,14177,542.0
24,14191,542.0
24,14217,542.0
24,14249,542.0
24,14275,542.0
24,14301,542.0
24,14331,542.0
24,14333,542.0
24,14335,542.0
24,14337,542.0
24,14353,542.0
24,14367,542.0
24,14381,542.0
24,14395,542.0
24,14409,542.0
24,14435,542.0
24,14449,542.0
24,14465,542.0
24,14479,542.0
24,14507,542.0
24,14525,542.0
24,14539,542.0
24,14553,542.0
24,14567,542.0
24,14569,542.0
24,14571,542.0
24,14599,542.0
24,14627,542.0
24,14655,542.0
24,14669,542.0
24,14695,542.0
24,14709,542.0
24,14739,542.0
24,14759,542.0
24,14761,542.0
24,14775,542.0
24,14803,542.0
24,14805,542.0
24,14807,542.0
24,14821,542.0
24,14823,542.0
24,14825,542.0
24,14853,542.0
24,14855,542.0
24,14881,545.0
24,14895,545.0
24,14911,545.0
24,14925,545.0
24,14941,545.0
24,14959,545.0
24,14973,545.0
24,14975,545.0
24,15003,547.0
24,15017,547.0
24,15035,547.0
24,15063,547.0
24,15079,547.0
24,15107,547.0
24,15109,547.0
24,15123,547.0
24,15137,547.0
24,15155,547.0
24,15157,547.0
24,15171,547.0
24,15185,547.0
24,15203,547.0
24,15221,547.0
24,15239,547.0
24,15267,547.0
24,15293,547.0
24,15325,547.0
24,15339,547.0
24,15365,547.0
24,15379,547.0
24,15393,547.0
24,15409,547.0
24,15435,547.0
24,15461,547.0
24,15489,547.0
24,15503,547.0
24,15529,547.0
24,15531,547.0
24,15547,547.0
24,15563,547.0
24,15577,547.0
24,15591,547.0
24,15605,547.0
24,15633,547.0
24,15647,547.0
24,15675,547.0
24,15691,547.0
24,15717,547.0
24,15733,547.0
24,15763,547.0
24,15765,547.0
24,15791,547.0
24,15793,547.0
24,15807,547.0
24,15833,547.0
24,15861,547.0
24,15863,547.0
24,15865,547.0
24,15879,547.0
24,15893,547.0
24,15907,547.0
24,15933,547.0
24,15961,547.0
25,5836,372.0
25,5850,372.0
25,5852,372.0
25,5882,372.0
25,5904,372.0
25,5922,372.0
25,5948,395.0
25,5964,395.0
25,5966,395.0
25,5992,395.0
25,6018,395.0
25,6046,395.0
25,6060,395.0
25,6086,413.0
25,6100,413.0
25,6116,413.0
25,6118,413.0
25,6120,413.0
25,6757,413.0
25,6785,428.0
25,6801,428.0
25,6815,430.0
25,6831,430.0
25,6861,430.0
25,6887,439.0
25,6889,439.0
25,6915,446.0
25,6917,446.0
25,6949,446.0
25,6975,446.0
25,6977,446.0
25,6995,446.0
25,7013,452.0
25,7027,452.0
25,7061,452.0
25,7063,452.0
25,7093,452.0
25,7123,452.0
25,7137,452.0
25,7165,452.0
25,7179,452.0
25,7209,460.0
25,7223,493.0
25,7239,493.0
25,7253,501.0
25,7267,501.0
25,7283,501.0
25,7315,501.0
25,7341,501.0
25,7367,501.0
25,7383,501.0
25,7409,501.0
25,7439,501.0
25,7455,501.0
25,7489,501.0
25,7503,501.0
25,7529,509.0
25,7547,509.0
25,7549,509.0
25,7565,509.0
25,7567,509.0
25,7593,509.0
25,7623,509.0
25,7625,509.0
25,7627,509.0
25,7643,509.0
25,7657,509.0
25,7673,509.0
25,7675,509.0
25,7689,509.0
25,7719,509.0
25,7721,509.0
25,7723,509.0
25,7725,509.0
25,7751,509.0
25,7765,509.0
25,7793,509.0
25,7811,509.0
25,7839,509.0
25,7841,509.0
25,7859,509.0
25,7889,509.0
25,7905,509.0
25,7921,509.0
25,7951,509.0
25,7967,509.0
25,7995,509.0
25,8009,521.0
25,8023,521.0
25,8037,521.0
25,8051,521.0
25,8065,529.0
25,8067,529.0
25,8093,529.0
25,8109,529.0
25,8127,529.0
25,8141,529.0
25,8155,529.0
25,8187,529.0
25,8203,529.0
25,8231,529.0
25,8245,529.0
25,8259,529.0
25,8261,529.0
25,8263,529.0
25,8265,529.0
25,8291,535.0
25,8321,535.0
25,8349,535.0
25,8377,535.0
25,8379,535.0
25,8409,535.0
25,8435,535.0
25,8437,535.0
25,8451,535.0
25,8465,535.0
25,8491,535.0
25,8505,535.0
25,8519,535.0
25,8535,535.0
25,8551,535.0
25,8565,535.0
25,8567,535.0
25,8583,535.0
25,8585,535.0
25,8599,535.0
25,8613,535.0
25,8641,535.0
25,8655,535.0
25,8669,535.0
25,8671,535.0
25,8687,535.0
25,8715,535.0
25,8729,535.0
25,8745,535.0
25,8759,535.0
25,8787,535.0
25,8801,535.0
25,8831,535.0
25,8859,535.0
25,8891,535.0
25,8919,535.0
25,8935,535.0
25,8949,535.0
25,8963,535.0
25,8979,535.0
25,9005,535.0
25,9019,535.0
25,9033,535.0
25,9063,535.0
25,9077,535.0
25,9091,535.0
25,9119,535.0
25,9133,535.0
25,9147,535.0
25,9175,535.0
25,9201,535.0
25,9219,535.0
25,9245,535.0
25,9259,535.0
25,9289,535.0
25,9317,535.0
25,9331,535.0
25,9345,535.0
25,9359,535.0
25,9373,535.0
25,9387,535.0
25,9413,535.0
25,9415,535.0
25,9429,535.0
25,9457,535.0
25,9471,535.0
25,9473,535.0
25,9475,535.0
25,9489,535.0
25,9505,535.0
25,9507,535.0
25,9509,535.0
25,9511,535.0
25,9513,535.0
25,9541,535.0
25,9555,535.0
25,9569,535.0
25,9597,535.0
25,9611,535.0
25,9629,535.0
25,9643,535.0
25,9657,541.0
25,9673,541.0
25,9687,541.0
25,9703,541.0
25,9705,541.0
25,9707,541.0
25,9721,541.0
25,9747,541.0
25,9761,541.0
25,9763,541.0
25,9781,541.0
25,9795,541.0
25,9823,541.0
25,9849,541.0
25,9877,541.0
25,9879,541.0
25,9907,541.0
25,9939,541.0
25,9941,541.0
25,9943,541.0
25,9973,541.0
25,9975,541.0
25,10003,541.0
25,10017,541.0
25,10031,541.0
25,10059,541.0
25,10075,541.0
25,10095,541.0
25,10121,541.0
25,10149,541.0
25,10151,541.0
25,10177,541.0
25,10191,541.0
25,10193,541.0
25,10195,541.0
25,10209,541.0
25,10223,541.0
25,10253,541.0
25,10283,541.0
25,10285,541.0
25,10303,541.0
25,10335,541.0
25,10363,541.0
25,10377,544.0
25,10405,544.0
25,10435,544.0
25,10465,544.0
25,10495,544.0
25,10497,544.0
25,10513,544.0
25,10541,544.0
25,10567,544.0
25,10585,544.0
25,10611,544.0
25,10639,544.0
25,10657,544.0
25,10675,544.0
25,10693,544.0
25,10709,544.0
25,10711,544.0
25,10737,544.0
25,10753,544.0
25,10785,544.0
25,10787,544.0
25,10815,544.0
25,10831,544.0
25,10859,544.0
25,10887,544.0
25,10889,544.0
25,10919,544.0
25,10933,544.0
25,10947,544.0
25,10975,544.0
25,10989,544.0
25,11019,544.0
25,11047,544.0
25,11073,544.0
25,11099,544.0
25,11127,544.0
25,11159,544.0
25,11185,546.0
25,11213,546.0
25,11227,546.0
25,11253,546.0
25,11267,546.0
25,11269,546.0
25,11285,546.0
25,11299,546.0
25,11327,546.0
25,11353,552.0
25,11375,552.0
25,11403,552.0
25,11425,552.0
25,11439,552.0
25,11457,552.0
25,11487,552.0
25,11501,552.0
25,11515,552.0
25,11529,552.0
25,11557,552.0
25,11571,552.0
25,11599,552.0
25,11615,552.0
25,11617,552.0
25,11631,552.0
25,11633,552.0
25,11659,552.0
25,11673,552.0
25,11689,552.0
25,11703,552.0
25,11721,552.0
25,11737,552.0
25,11751,552.0
25,11753,552.0
25,11767,552.0
25,11793,552.0
25,11807,552.0
25,11821,552.0
25,11851,552.0
25,11867,552.0
25,11893,552.0
25,11907,552.0
25,11923,552.0
25,11937,552.0
25,11965,552.0
25,11991,552.0
25,12009,552.0
25,12025,552.0
25,12039,552.0
25,12069,552.0
25,12083,552.0
25,12109,552.0
25,12125,552.0
25,12153,552.0
25,12169,552.0
25,12183,552.0
25,12199,552.0
25,12229,552.0
25,12259,552.0
25,12273,554.0
25,12299,554.0
25,12301,554.0
25,12317,554.0
25,12345,554.0
25,12359,554.0
25,12375,554.0
25,12403,554.0
25,12417,554.0
25,12431,554.0
25,12433,554.0
25,12461,554.0
25,12475,554.0
25,12491,554.0
25,12507,554.0
25,12521,554.0
25,12535,554.0
25,12537,554.0
25,12561,554.0
25,12577,554.0
25,12591,554.0
25,12605,554.0
25,12619,554.0
25,12647,554.0
25,12675,554.0
25,12689,554.0
25,12703,554.0
25,12731,554.0
25,12747,554.0
25,12761,554.0
25,12777,554.0
25,12793,554.0
25,12807,554.0
25,12835,554.0
25,12851,554.0
25,12879,554.0
25,12895,554.0
25,12909,554.0
25,12937,554.0
25,12963,554.0
25,12991,554.0
25,13023,554.0
25,13037,554.0
25,13051,554.0
25,13081,554.0
25,13111,554.0
25,13141,554.0
25,13155,554.0
25,13175,554.0
25,13177,554.0
25,13191,554.0
25,13207,554.0
25,13233,554.0
25,13247,554.0
25,13277,554.0
25,13291,554.0
25,13307,554.0
25,13309,554.0
25,13343,554.0
25,13357,554.0
25,13359,554.0
25,13377,554.0
25,13391,554.0
25,13421,554.0
25,13435,554.0
25,13451,554.0
25,13467,554.0
25,13481,554.0
25,13509,554.0
25,13525,554.0
25,13527,554.0
25,13543,554.0
25,13557,554.0
25,13585,554.0
25,13611,554.0
25,13625,554.0
25,13639,554.0
25,13653,554.0
25,13685,554.0
25,13687,554.0
25,13701,554.0
25,13717,554.0
25,13745,554.0
25,13759,554.0
25,13787,554.0
25,13801,554.0
25,13803,554.0
25,13829,554.0
25,13845,554.0
25,13871,554.0
25,13899,554.0
25,13929,555.0
25,13943,555.0
25,13969,555.0
25,13999,555.0
25,14015,555.0
25,14045,555.0
25,14059,555.0
25,14085,555.0
25,14099,555.0
25,14113,555.0
25,14139,555.0
25,14169,555.0
25,14195,555.0
25,14209,555.0
25,14237,555.0
25,14265,555.0
25,14291,555.0
25,14307,555.0
25,14321,555.0
25,14323,555.0
25,14325,555.0
25,14327,555.0
25,14341,555.0
25,14355,555.0
25,14381,555.0
25,14383,555.0
25,14399,555.0
25,14413,555.0
25,14427,555.0
25,14459,555.0
25,14475,555.0
25,14489,555.0
25,14503,555.0
25,14531,555.0
25,14545,555.0
25,14571,555.0
25,14573,555.0
25,14589,555.0
25,14603,555.0
25,14621,555.0
25,14623,555.0
25,14641,555.0
25,14655,555.0
25,14669,555.0
25,14697,555.0
25,14713,555.0
25,14727,555.0
25,14741,555.0
25,14757,555.0
25,14771,555.0
25,14787,555.0
25,14801,555.0
25,14815,555.0
25,14817,555.0
25,14843,555.0
25,14859,555.0
25,14887,555.0
25,14913,555.0
25,14941,555.0
25,14959,555.0
25,14973,555.0
25,14975,555.0
25,15011,555.0
25,15037,555.0
25,15063,555.0
25,15065,555.0
25,15067,555.0
25,15081,555.0
25,15107,555.0
25,15125,555.0
25,15127,555.0
25,15141,555.0
25,15169,555.0
25,15195,555.0
25,15197,555.0
25,15229,555.0
25,15243,555.0
25,15261,555.0
25,15263,555.0
25,15293,555.0
25,15319,555.0
25,15335,555.0
25,15361,555.0
25,15377,555.0
25,15391,555.0
25,15407,555.0
25,15423,555.0
25,15437,555.0
25,15467,555.0
25,15485,555.0
25,15503,555.0
25,15505,555.0
25,15535,555.0
25,15563,555.0
25,15595,555.0
25,15611,555.0
25,15627,555.0
25,15641,555.0
25,15655,555.0
25,15683,555.0
25,15697,555.0
25,15713,555.0
25,15739,555.0
25,15773,555.0
25,15787,555.0
25,15801,555.0
25,15815,555.0
25,15831,555.0
25,15833,555.0
25,15867,555.0
26,5804,411.0
26,5806,411.0
26,5820,411.0
26,5834,411.0
26,5860,411.0
26,5876,411.0
26,5878,411.0
26,5894,411.0
26,5896,411.0
26,5922,411.0
26,5936,411.0
26,5938,411.0
26,5940,411.0
26,5954,425.0
26,5988,425.0
26,6004,425.0
26,6607,425.0
26,6637,425.0
26,6665,445.0
26,6679,445.0
26,6705,445.0
26,6719,445.0
26,6735,445.0
26,6749,445.0
26,6783,445.0
26,6799,445.0
26,6813,460.0
26,6827,460.0
26,6843,460.0
26,6871,477.0
26,6903,477.0
26,6921,477.0
26,6959,477.0
26,6985,492.0
26,7001,492.0
26,7029,492.0
26,7043,492.0
26,7073,492.0
26,7089,492.0
26,7105,492.0
26,7131,492.0
26,7157,492.0
26,7171,492.0
26,7185,492.0
26,7215,492.0
26,7229,492.0
26,7243,492.0
26,7273,497.0
26,7289,497.0
26,7303,497.0
26,7319,497.0
26,7333,497.0
26,7347,497.0
26,7363,497.0
26,7391,497.0
26,7405,497.0
26,7433,497.0
26,7447,497.0
26,7479,497.0
26,7493,497.0
26,7507,497.0
26,7535,497.0
26,7565,497.0
26,7567,497.0
26,7581,497.0
26,7611,497.0
26,7613,497.0
26,7627,497.0
26,7629,497.0
26,7643,499.0
26,7645,499.0
26,7663,499.0
26,7691,499.0
26,7707,499.0
26,7739,499.0
26,7755,499.0
26,7757,499.0
26,7787,499.0
26,7803,499.0
26,7833,499.0
26,7851,499.0
26,7887,499.0
26,7905,499.0
26,7919,508.0
26,7933,508.0
26,7947,508.0
26,7979,508.0
26,7997,508.0
26,7999,508.0
26,8027,508.0
26,8055,508.0
26,8057,508.0
26,8089,508.0
26,8117,508.0
26,8149,508.0
26,8165,508.0
26,8191,508.0
26,8219,508.0
26,8235,508.0
26,8249,508.0
26,8275,517.0
26,8303,517.0
26,8317,517.0
26,8331,521.0
26,8345,521.0
26,8373,521.0
26,8401,521.0
26,8403,521.0
26,8417,521.0
26,8431,521.0
26,8433,521.0
26,8461,521.0
26,8463,521.0
26,8477,521.0
26,8509,521.0
26,8511,521.0
26,8539,521.0
26,8569,521.0
26,8597,521.0
26,8611,521.0
26,8613,521.0
26,8641,521.0
26,8657,521.0
26,8685,521.0
26,8705,521.0
26,8707,521.0
26,8721,527.0
26,8735,527.0
26,8737,527.0
26,8739,527.0
26,8769,531.0
26,8799,531.0
26,8817,531.0
26,8847,531.0
26,8861,531.0
26,8887,534.0
26,8901,534.0
26,8927,534.0
26,8945,534.0
26,8961,534.0
26,8977,534.0
26,8995,534.0
26,9009,534.0
26,9011,534.0
26,9013,534.0
26,9039,534.0
26,9053,534.0
26,9067,534.0
26,9085,534.0
26,9101,534.0
26,9131,534.0
26,9163,534.0
26,9181,534.0
26,9199,534.0
26,9213,534.0
26,9239,534.0
26,9241,534.0
26,9255,534.0
26,9257,534.0
26,9259,534.0
26,9287,534.0
26,9289,534.0
26,9303,534.0
26,9305,534.0
26,9321,534.0
26,9349,534.0
26,9367,534.0
26,9397,534.0
26,9423,534.0
26,9453,534.0
26,9467,534.0
26,9495,534.0
26,9509,534.0
26,9523,534.0
26,9549,536.0
26,9577,536.0
26,9603,536.0
26,9617,536.0
26,9631,536.0
26,9659,536.0
26,9673,536.0
26,9689,536.0
26,9703,536.0
26,9729,536.0
26,9743,536.0
26,9757,536.0
26,9785,536.0
26,9787,536.0
26,9817,536.0
26,9831,536.0
26,9857,536.0
26,9883,536.0
26,9909,536.0
26,9923,536.0
26,9937,536.0
26,9939,536.0
26,9965,536.0
26,9979,536.0
26,10005,536.0
26,10039,536.0
26,10065,540.0
26,10091,540.0
26,10107,540.0
26,10133,540.0
26,10149,540.0
26,10151,540.0
26,10167,540.0
26,10181,540.0
26,10207,540.0
26,10221,540.0
26,10249,540.0
26,10275,540.0
26,10291,540.0
26,10317,540.0
26,10337,540.0
26,10351,540.0
26,10365,540.0
26,10367,540.0
26,10393,540.0
26,10395,540.0
26,10397,540.0
26,10413,540.0
26,10427,540.0
26,10441,540.0
26,10459,540.0
26,10473,540.0
26,10487,540.0
26,10515,540.0
26,10543,540.0
26,10557,540.0
26,10571,542.0
26,10599,543.0
26,10601,543.0
26,10627,543.0
26,10657,543.0
26,10671,543.0
26,10701,543.0
26,10703,543.0
26,10733,543.0
26,10747,543.0
26,10749,543.0
26,10751,543.0
26,10765,543.0
26,10791,543.0
26,10821,543.0
26,10837,543.0
26,10851,543.0
26,10865,543.0
26,10893,543.0
26,10907,543.0
26,10909,543.0
26,10935,543.0
26,10953,543.0
26,10955,543.0
26,10969,543.0
26,10995,543.0
26,10997,543.0
26,11025,543.0
26,11041,543.0
26,11069,543.0
26,11089,543.0
26,11103,543.0
26,11117,543.0
26,11145,543.0
26,11171,543.0
26,11185,543.0
26,11201,543.0
26,11203,543.0
26,11233,546.0
26,11263,546.0
26,11277,546.0
26,11291,546.0
26,11307,546.0
26,11309,546.0
26,11311,546.0
26,11313,546.0
26,11315,546.0
26,11329,546.0
26,11355,546.0
26,11369,546.0
26,11371,546.0
26,11385,546.0
26,11399,546.0
26,11413,546.0
26,11445,546.0
26,11473,546.0
26,11487,546.0
26,11513,546.0
26,11541,546.0
26,11555,546.0
26,11569,546.0
26,11583,546.0
26,11597,546.0
26,11627,546.0
26,11657,546.0
26,11687,546.0
26,11719,546.0
26,11721,546.0
26,11735,546.0
26,11749,546.0
26,11763,546.0
26,11791,546.0
26,11807,546.0
26,11835,546.0
26,11851,546.0
26,11879,546.0
26,11907,546.0
26,11925,546.0
26,11943,546.0
26,11971,546.0
26,11985,546.0
26,11999,546.0
26,12013,546.0
26,12027,546.0
26,12053,546.0
26,12067,546.0
26,12081,546.0
26,12111,546.0
26,12141,546.0
26,12169,546.0
26,12195,546.0
26,12211,546.0
26,12225,546.0
26,12255,546.0
26,12285,546.0
26,12303,546.0
26,12321,546.0
26,12349,546.0
26,12377,546.0
26,12411,546.0
26,12437,546.0
26,12465,546.0
26,12481,546.0
26,12515,546.0
26,12533,546.0
26,12535,546.0
26,12549,546.0
26,12565,546.0
26,12587,546.0
26,12613,546.0
26,12615,546.0
26,12631,546.0
26,12647,546.0
26,12673,548.0
26,12703,548.0
26,12719,548.0
26,12753,548.0
26,12767,548.0
26,12783,548.0
26,12813,548.0
26,12839,554.0
26,12841,554.0
26,12875,554.0
26,12877,554.0
26,12879,554.0
26,12881,554.0
26,12895,554.0
26,12909,554.0
26,12927,554.0
26,12943,554.0
26,12959,554.0
26,12973,554.0
26,13005,554.0
26,13035,554.0
26,13063,554.0
26,13077,554.0
26,13103,554.0
26,13119,554.0
26,13133,554.0
26,13147,554.0
26,13173,554.0
26,13189,554.0
26,13203,554.0
26,13219,554.0
26,13233,554.0
26,13253,554.0
26,13269,554.0
26,13297,554.0
26,13299,554.0
26,13313,554.0
26,13327,554.0
26,13343,554.0
26,13373,554.0
26,13399,554.0
26,13429,554.0
26,13455,554.0
26,13469,554.0
26,13489,554.0
26,13519,554.0
26,13535,554.0
26,13553,554.0
26,13567,554.0
26,13583,554.0
26,13597,554.0
26,13623,554.0
26,13625,554.0
26,13655,554.0
26,13669,554.0
26,13671,554.0
26,13687,554.0
26,13701,554.0
26,13703,554.0
26,13705,554.0
26,13719,554.0
26,13735,554.0
26,13763,554.0
26,13789,554.0
26,13819,554.0
26,13835,554.0
26,13851,554.0
26,13865,554.0
26,13879,554.0
26,13905,554.0
26,13939,554.0
26,13941,554.0
26,13943,554.0
26,13971,554.0
26,14001,554.0
26,14027,554.0
26,14043,554.0
26,14057,554.0
26,14071,554.0
26,14073,554.0
26,14101,554.0
26,14129,554.0
26,14155,554.0
26,14183,554.0
26,14185,554.0
26,14211,554.0
26,14225,554.0
26,14241,554.0
26,14269,554.0
26,14297,554.0
26,14299,554.0
26,14327,554.0
26,14343,554.0
26,14359,554.0
26,14377,554.0
26,14411,554.0
26,14413,554.0
26,14415,554.0
26,14431,554.0
26,14445,554.0
26,14459,554.0
26,14473,554.0
26,14501,554.0
26,14515,554.0
26,14529,554.0
26,14543,554.0
26,14569,554.0
26,14597,554.0
26,14625,554.0
26,14627,554.0
26,14659,554.0
26,14693,554.0
26,14709,554.0
26,14723,554.0
26,14749,554.0
26,14763,554.0
26,14791,554.0
26,14805,554.0
26,14821,554.0
26,14851,554.0
26,14881,554.0
26,14895,554.0
26,14925,554.0
26,14941,554.0
26,14955,554.0
26,14983,554.0
26,15009,554.0
26,15035,554.0
26,15051,554.0
26,15067,554.0
26,15087,554.0
26,15101,554.0
26,15115,554.0
26,15141,554.0
26,15155,554.0
26,15171,554.0
26,15173,554.0
26,15187,554.0
26,15201,554.0
26,15215,554.0
26,15241,554.0
26,15269,554.0
26,15283,554.0
26,15297,554.0
26,15311,554.0
26,15337,554.0
26,15353,554.0
26,15355,554.0
26,15369,554.0
26,15397,554.0
26,15411,554.0
26,15425,554.0
26,15439,554.0
26,15467,554.0
26,15493,554.0
26,15507,554.0
26,15535,554.0
26,15549,554.0
26,15565,554.0
26,15593,554.0
26,15621,554.0
26,15635,554.0
26,15649,554.0
26,15679,554.0
26,15681,554.0
26,15697,554.0
26,15713,554.0
26,15739,554.0
26,15767,554.0
26,15781,554.0
26,15795,554.0
27,5958,389.0
27,5976,389.0
27,5978,389.0
27,5992,389.0
27,6018,389.0
27,6032,389.0
27,6060,399.0
27,6645,399.0
27,6661,399.0
27,6689,399.0
27,6715,399.0
27,6729,430.0
27,6755,430.0
27,6783,430.0
27,6813,430.0
27,6829,430.0
27,6831,430.0
27,6833,430.0
27,6847,430.0
27,6863,430.0
27,6895,430.0
27,6921,430.0
27,6937,430.0
27,6951,430.0
27,6953,430.0
27,6955,430.0
27,6981,438.0
27,6983,438.0
27,6999,438.0
27,7015,438.0
27,7041,471.0
27,7043,471.0
27,7059,471.0
27,7075,471.0
27,7089,471.0
27,7117,480.0
27,7133,480.0
27,7147,480.0
27,7173,480.0
27,7175,480.0
27,7189,480.0
27,7191,480.0
27,7193,480.0
27,7207,480.0
27,7225,480.0
27,7239,492.0
27,7253,492.0
27,7283,492.0
27,7313,492.0
27,7345,492.0
27,7371,508.0
27,7373,508.0
27,7375,508.0
27,7401,508.0
27,7417,508.0
27,7433,508.0
27,7459,508.0
27,7489,508.0
27,7517,508.0
27,7535,508.0
27,7549,508.0
27,7581,508.0
27,7597,508.0
27,7611,508.0
27,7625,508.0
27,7627,508.0
27,7641,508.0
27,7667,515.0
27,7681,518.0
27,7707,518.0
27,7709,518.0
27,7727,518.0
27,7729,518.0
27,7747,518.0
27,7773,518.0
27,7789,518.0
27,7819,518.0
27,7821,518.0
27,7837,518.0
27,7839,518.0
27,7853,518.0
27,7867,518.0
27,7883,518.0
27,7897,518.0
27,7923,518.0
27,7939,518.0
27,7967,518.0
27,7981,518.0
27,8007,525.0
27,8033,525.0
27,8047,525.0
27,8061,525.0
27,8075,525.0
27,8103,525.0
27,8117,525.0
27,8135,525.0
27,8137,525.0
27,8151,525.0
27,8167,525.0
27,8169,525.0
27,8185,525.0
27,8217,525.0
27,8245,527.0
27,8247,527.0
27,8261,527.0
27,8263,527.0
27,8277,527.0
27,8291,528.0
27,8293,528.0
27,8307,528.0
27,8337,528.0
27,8351,528.0
27,8365,528.0
27,8393,530.0
27,8407,530.0
27,8423,530.0
27,8453,530.0
27,8467,530.0
27,8481,530.0
27,8507,530.0
27,8523,530.0
27,8537,530.0
27,8551,530.0
27,8553,530.0
27,8555,530.0
27,8581,530.0
27,8615,530.0
27,8617,530.0
27,8619,530.0
27,8649,530.0
27,8677,530.0
27,8691,530.0
27,8719,530.0
27,8733,530.0
27,8753,530.0
27,8767,530.0
27,8781,530.0
27,8783,530.0
27,8801,530.0
27,8829,530.0
27,8843,530.0
27,8871,530.0
27,8899,530.0
27,8931,530.0
27,8945,530.0
27,8959,530.0
27,8987,530.0
27,9001,533.0
27,9003,533.0
27,9031,533.0
27,9045,533.0
27,9061,533.0
27,9089,533.0
27,9103,533.0
27,9131,533.0
27,9149,533.0
27,9175,540.0
27,9191,540.0
27,9205,540.0
27,9235,540.0
27,9249,540.0
27,9283,540.0
27,9309,540.0
27,9323,540.0
27,9325,540.0
27,9353,540.0
27,9369,540.0
27,9371,540.0
27,9387,540.0
27,9389,540.0
27,9405,540.0
27,9419,540.0
27,9433,540.0
27,9449,540.0
27,9477,540.0
27,9493,540.0
27,9525,540.0
27,9527,540.0
27,9555,540.0
27,9571,540.0
27,9597,540.0
27,9623,540.0
27,9639,540.0
27,9655,540.0
27,9695,540.0
27,9697,540.0
27,9711,540.0
27,9727,540.0
27,9741,540.0
27,9757,540.0
27,9771,540.0
27,9785,540.0
27,9799,540.0
27,9815,540.0
27,9841,540.0
27,9859,540.0
27,9875,540.0
27,9895,540.0
27,9911,540.0
27,9925,540.0
27,9941,540.0
27,9955,540.0
27,9981,540.0
27,9995,540.0
27,10027,540.0
27,10029,540.0
27,10031,540.0
27,10047,540.0
27,10061,540.0
27,10089,540.0
27,10119,540.0
27,10133,540.0
27,10159,540.0
27,10173,540.0
27,10187,540.0
27,10219,540.0
27,10247,540.0
27,10263,540.0
27,10265,540.0
27,10279,540.0
27,10293,540.0
27,10327,540.0
27,10355,540.0
27,10381,540.0
27,10395,540.0
27,10421,540.0
27,10423,540.0
27,10437,540.0
27,10455,540.0
27,10469,540.0
27,10483,540.0
27,10497,540.0
27,10523,540.0
27,10539,540.0
27,10555,540.0
27,10581,540.0
27,10583,540.0
27,10611,540.0
27,10641,540.0
27,10655,540.0
27,10687,540.0
27,10703,540.0
27,10729,540.0
27,10743,540.0
27,10769,540.0
27,10795,540.0
27,10823,540.0
27,10839,540.0
27,10865,540.0
27,10867,540.0
27,10883,540.0
27,10897,540.0
27,10929,540.0
27,10943,540.0
27,10965,540.0
27,10979,540.0
27,10995,540.0
27,11021,540.0
27,11039,540.0
27,11055,540.0
27,11087,540.0
27,11115,540.0
27,11147,540.0
27,11163,540.0
27,11191,540.0
27,11205,540.0
27,11233,540.0
27,11249,540.0
27,11265,540.0
27,11293,540.0
27,11307,540.0
27,11309,540.0
27,11311,540.0
27,11339,540.0
27,11341,540.0
27,11343,540.0
27,11357,540.0
27,11373,540.0
27,11387,540.0
27,11407,540.0
27,11421,540.0
27,11447,540.0
27,11463,540.0
27,11491,543.0
27,11505,543.0
27,11533,543.0
27,11561,543.0
27,11575,543.0
27,11591,543.0
27,11607,543.0
27,11633,543.0
27,11647,543.0
27,11661,543.0
27,11675,543.0
27,11691,543.0
27,11717,543.0
27,11719,543.0
27,11747,543.0
27,11761,543.0
27,11787,543.0
27,11789,543.0
27,11809,543.0
27,11837,543.0
27,11851,543.0
27,11881,543.0
27,11897,543.0
27,11923,543.0
27,11937,543.0
27,11939,543.0
27,11953,543.0
27,11967,543.0
27,11969,543.0
27,11971,543.0
27,11985,543.0
27,11999,543.0
27,12013,543.0
27,12043,543.0
27,12057,543.0
27,12087,543.0
27,12089,543.0
27,12117,543.0
27,12131,543.0
27,12147,543.0
27,12161,543.0
27,12187,543.0
27,12215,543.0
27,12243,543.0
27,12269,543.0
27,12283,543.0
27,12297,543.0
27,12313,543.0
27,12331,543.0
27,12345,543.0
27,12359,543.0
27,12389,543.0
27,12405,543.0
27,12419,543.0
27,12435,543.0
27,12453,543.0
27,12481,543.0
27,12509,543.0
27,12511,543.0
27,12537,543.0
27,12563,543.0
27,12577,543.0
27,12579,543.0
27,12609,543.0
27,12623,543.0
27,12649,543.0
27,12665,543.0
27,12679,543.0
27,12709,543.0
27,12723,543.0
27,12737,543.0
27,12739,543.0
27,12741,543.0
27,12755,543.0
27,12771,543.0
27,12787,543.0
27,12817,543.0
27,12845,543.0
27,12875,543.0
27,12903,543.0
27,12917,543.0
27,12933,543.0
27,12963,543.0
27,12979,543.0
27,13007,543.0
27,13033,543.0
27,13035,543.0
27,13049,543.0
27,13079,543.0
27,13105,543.0
27,13119,543.0
27,13147,543.0
27,13175,543.0
27,13189,543.0
27,13217,546.0
27,13231,546.0
27,13233,546.0
27,13247,546.0
27,13263,546.0
27,13265,546.0
27,13291,546.0
27,13317,546.0
27,13319,546.0
27,13321,546.0
27,13323,546.0
27,13337,546.0
27,13363,546.0
27,13391,546.0
27,13405,546.0
27,13421,546.0
27,13435,546.0
27,13463,546.0
27,13477,546.0
27,13507,546.0
27,13521,546.0
27,13523,546.0
27,13525,546.0
27,13539,546.0
27,13541,546.0
27,13567,546.0
27,13569,546.0
27,13599,546.0
27,13601,546.0
27,13619,546.0
27,13647,546.0
27,13665,546.0
27,13693,546.0
27,13721,546.0
27,13723,546.0
27,13741,546.0
27,13757,546.0
27,13783,546.0
27,13785,546.0
27,13799,546.0
27,13825,546.0
27,13853,546.0
27,13867,546.0
27,13885,546.0
27,13913,546.0
27,13945,546.0
27,13947,546.0
27,13949,546.0
27,13977,546.0
27,14011,546.0
27,14043,546.0
27,14059,546.0
27,14075,546.0
27,14077,546.0
27,14091,546.0
27,14105,546.0
27,14135,546.0
27,14163,546.0
27,14189,546.0
27,14207,546.0
27,14237,546.0
27,14263,550.0
27,14265,550.0
27,14283,550.0
27,14299,550.0
27,14301,550.0
27,14315,550.0
27,14329,550.0
27,14343,550.0
27,14375,550.0
27,14389,550.0
27,14391,550.0
27,14417,550.0
27,14443,550.0
27,14475,550.0
27,14505,550.0
27,14533,550.0
27,14547,550.0
27,14577,550.0
27,14597,550.0
27,14611,550.0
27,14639,550.0
27,14667,550.0
27,14669,550.0
27,14697,550.0
27,14699,550.0
27,14713,550.0
27,14727,550.0
27,14753,550.0
27,14767,550.0
27,14769,550.0
27,14783,550.0
27,14797,550.0
27,14825,550.0
27,14843,550.0
27,14845,550.0
27,14877,550.0
27,14891,550.0
27,14893,550.0
27,14895,550.0
27,14921,550.0
27,14939,550.0
27,14941,550.0
27,14969,550.0
27,14985,550.0
27,14987,550.0
27,15015,550.0
27,15031,550.0
27,15047,550.0
27,15073,550.0
27,15099,550.0
27,15113,550.0
27,15139,550.0
27,15167,550.0
27,15169,550.0
27,15195,550.0
27,15209,550.0
27,15235,550.0
27,15237,550.0
27,15251,550.0
27,15265,550.0
27,15295,550.0
27,15297,550.0
27,15311,550.0
27,15313,550.0
27,15327,550.0
27,15353,550.0
27,15383,550.0
27,15409,550.0
27,15439,550.0
27,15453,550.0
27,15481,550.0
27,15511,550.0
27,15537,550.0
27,15567,550.0
27,15581,550.0
27,15595,550.0
27,15621,550.0
27,15647,550.0
27,15673,550.0
27,15695,550.0
27,15709,550.0
27,15723,550.0
27,15737,550.0
27,15739,550.0
27,15755,550.0
27,15757,550.0
27,15785,550.0
27,15803,550.0
27,15817,550.0
27,15831,550.0
27,15833,550.0
27,15849,550.0
27,15863,550.0
27,15877,550.0
27,15909,550.0
27,15923,550.0
28,5730,407.0
28,5744,407.0
28,5758,407.0
28,5760,407.0
28,5788,407.0
28,5814,436.0
28,5840,444.0
28,5868,456.0
28,6459,456.0
28,6485,456.0
28,6513,474.0
28,6539,474.0
28,6565,474.0
28,6579,474.0
28,6593,474.0
28,6619,474.0
28,6621,474.0
28,6635,474.0
28,6649,474.0
28,6677,474.0
28,6703,474.0
28,6719,474.0
28,6735,474.0
28,6749,474.0
28,6763,474.0
28,6789,474.0
28,6815,474.0
28,6847,474.0
28,6861,474.0
28,6875,474.0
28,6891,474.0
28,6909,474.0
28,6911,474.0
28,6925,474.0
28,6951,474.0
28,6981,474.0
28,6999,474.0
28,7025,481.0
28,7027,481.0
28,7053,481.0
28,7067,490.0
28,7081,490.0
28,7107,490.0
28,7133,495.0
28,7161,495.0
28,7191,495.0
28,7221,495.0
28,7247,495.0
28,7261,495.0
28,7291,506.0
28,7317,510.0
28,7347,510.0
28,7363,510.0
28,7379,510.0
28,7381,510.0
28,7411,510.0
28,7425,510.0
28,7455,510.0
28,7471,510.0
28,7485,510.0
28,7511,510.0
28,7539,510.0
28,7541,510.0
28,7573,510.0
28,7587,510.0
28,7589,510.0
28,7605,510.0
28,7623,510.0
28,7625,510.0
28,7639,510.0
28,7653,510.0
28,7683,510.0
28,7685,510.0
28,7701,510.0
28,7727,511.0
28,7755,511.0
28,7781,511.0
28,7795,511.0
28,7809,512.0
28,7827,512.0
28,7843,512.0
28,7845,512.0
28,7871,512.0
28,7873,512.0
28,7875,512.0
28,7889,512.0
28,7917,512.0
28,7931,512.0
28,7957,513.0
28,7983,513.0
28,8011,513.0
28,8037,513.0
28,8053,513.0
28,8079,513.0
28,8105,513.0
28,8135,513.0
28,8149,513.0
28,8163,513.0
28,8177,515.0
28,8195,515.0
28,8211,515.0
28,8239,515.0
28,8267,515.0
28,8287,515.0
28,8289,515.0
28,8315,515.0
28,8329,515.0
28,8347,515.0
28,8365,515.0
28,8403,515.0
28,8417,515.0
28,8443,515.0
28,8475,515.0
28,8477,515.0
28,8509,518.0
28,8511,518.0
28,8527,518.0
28,8541,518.0
28,8557,518.0
28,8585,518.0
28,8587,518.0
28,8603,518.0
28,8621,518.0
28,8623,518.0
28,8649,518.0
28,8665,518.0
28,8695,518.0
28,8725,518.0
28,8739,518.0
28,8755,518.0
28,8771,518.0
28,8789,518.0
28,8805,518.0
28,8833,518.0
28,8835,518.0
28,8861,518.0
28,8877,518.0
28,8891,518.0
28,8905,518.0
28,8939,518.0
28,8955,518.0
28,8971,518.0
28,8985,535.0
28,9001,535.0
28,9027,538.0
28,9055,538.0
28,9081,538.0
28,9107,538.0
28,9133,538.0
28,9147,538.0
28,9173,541.0
28,9201,541.0
28,9231,541.0
28,9257,541.0
28,9283,541.0
28,9297,541.0
28,9311,541.0
28,9347,541.0
28,9363,541.0
28,9377,541.0
28,9379,541.0
28,9393,541.0
28,9419,541.0
28,9435,541.0
28,9449,541.0
28,9481,541.0
28,9495,541.0
28,9509,541.0
28,9535,541.0
28,9537,541.0
28,9553,541.0
28,9567,541.0
28,9595,541.0
28,9609,541.0
28,9623,541.0
28,9637,541.0
28,9651,541.0
28,9681,541.0
28,9683,541.0
28,9697,541.0
28,9711,541.0
28,9739,541.0
28,9741,541.0
28,9769,541.0
28,9799,541.0
28,9801,541.0
28,9817,541.0
28,9843,541.0
28,9869,541.0
28,9883,541.0
28,9909,541.0
28,9923,541.0
28,9949,541.0
28,9975,541.0
28,9989,541.0
28,10017,541.0
28,10043,541.0
28,10073,541.0
28,10091,541.0
28,10117,541.0
28,10143,541.0
28,10145,541.0
28,10159,541.0
28,10161,541.0
28,10177,541.0
28,10191,541.0
28,10217,541.0
28,10251,541.0
28,10277,541.0
28,10291,541.0
28,10325,541.0
28,10327,541.0
28,10353,541.0
28,10367,541.0
28,10395,541.0
28,10411,541.0
28,10439,541.0
28,10465,541.0
28,10479,541.0
28,10507,541.0
28,10537,541.0
28,10569,541.0
28,10599,541.0
28,10601,541.0
28,10617,541.0
28,10631,541.0
28,10645,546.0
28,10673,546.0
28,10689,546.0
28,10691,546.0
28,10705,546.0
28,10731,546.0
28,10761,546.0
28,10789,546.0
28,10805,546.0
28,10807,546.0
28,10821,546.0
28,10835,546.0
28,10849,546.0
28,10881,546.0
28,10895,546.0
28,10909,546.0
28,10925,546.0
28,10939,546.0
28,10941,546.0
28,10957,546.0
28,10983,546.0
28,10997,546.0
28,11023,546.0
28,11025,546.0
28,11039,546.0
28,11041,546.0
28,11055,546.0
28,11069,546.0
28,11097,546.0
28,11099,546.0
28,11101,546.0
28,11115,546.0
28,11117,546.0
28,11131,546.0
28,11159,546.0
28,11161,546.0
28,11189,546.0
28,11215,546.0
28,11229,546.0
28,11231,546.0
28,11247,546.0
28,11263,546.0
28,11277,546.0
28,11291,546.0
28,11319,546.0
28,11347,546.0
28,11361,546.0
28,11389,546.0
28,11415,546.0
28,11441,546.0
28,11455,546.0
28,11485,546.0
28,11487,546.0
28,11501,546.0
28,11517,546.0
28,11549,546.0
28,11551,546.0
28,11567,546.0
28,11581,546.0
28,11609,546.0
28,11623,546.0
28,11639,546.0
28,11667,546.0
28,11693,546.0
28,11721,546.0
28,11749,546.0
28,11783,546.0
28,11797,546.0
28,11813,546.0
28,11815,546.0
28,11841,546.0
28,11855,546.0
28,11883,546.0
28,11909,546.0
28,11925,546.0
28,11953,546.0
28,11955,546.0
28,11985,546.0
28,12011,546.0
28,12027,546.0
28,12057,546.0
28,12073,546.0
28,12075,546.0
28,12093,546.0
28,12107,546.0
28,12133,546.0
28,12151,546.0
28,12165,546.0
28,12179,546.0
28,12193,546.0
28,12221,546.0
28,12223,546.0
28,12239,546.0
28,12265,546.0
28,12291,546.0
28,12307,546.0
28,12321,546.0
28,12335,546.0
28,12365,546.0
28,12395,546.0
28,12397,546.0
28,12411,546.0
28,12437,546.0
28,12453,546.0
28,12479,546.0
28,12481,546.0
28,12483,546.0
28,12511,546.0
28,12527,546.0
28,12541,546.0
28,12567,546.0
28,12569,546.0
28,12585,546.0
28,12587,546.0
28,12603,546.0
28,12617,546.0
28,12631,546.0
28,12645,546.0
28,12659,546.0
28,12661,546.0
28,12687,546.0
28,12701,546.0
28,12717,546.0
28,12719,546.0
28,12747,546.0
28,12775,546.0
28,12801,546.0
28,12831,546.0
28,12859,546.0
28,12873,546.0
28,12887,546.0
28,12915,546.0
28,12945,546.0
28,12961,546.0
28,12979,546.0
28,12993,546.0
28,13007,546.0
28,13023,546.0
28,13049,546.0
28,13063,546.0
28,13079,546.0
28,13093,546.0
28,13095,546.0
28,13109,546.0
28,13135,546.0
28,13151,546.0
28,13167,546.0
28,13169,546.0
28,13197,546.0
28,13225,546.0
28,13243,546.0
28,13245,546.0
28,13247,546.0
28,13267,546.0
28,13283,546.0
28,13297,546.0
28,13313,546.0
28,13327,546.0
28,13357,546.0
28,13383,546.0
28,13397,546.0
28,13399,546.0
28,13401,546.0
28,13415,546.0
28,13431,546.0
28,13457,546.0
28,13471,546.0
28,13473,546.0
28,13475,546.0
28,13477,546.0
28,13491,546.0
28,13505,546.0
28,13519,546.0
28,13535,546.0
28,13537,546.0
28,13553,546.0
28,13583,546.0
28,13585,546.0
28,13603,546.0
28,13629,546.0
28,13649,546.0
28,13663,546.0
28,13665,546.0
28,13691,546.0
28,13707,546.0
28,13737,546.0
28,13753,546.0
28,13769,546.0
28,13771,546.0
28,13787,546.0
28,13803,546.0
28,13805,546.0
28,13835,546.0
28,13849,546.0
28,13879,546.0
28,13905,546.0
28,13933,546.0
28,13935,546.0
28,13965,546.0
28,13979,546.0
28,14005,546.0
28,14033,546.0
28,14049,546.0
28,14083,546.0
28,14097,546.0
28,14099,546.0
28,14101,546.0
28,14115,546.0
28,14129,546.0
28,14131,546.0
28,14147,546.0
28,14167,546.0
28,14181,546.0
28,14195,546.0
28,14209,546.0
28,14223,546.0
28,14225,546.0
28,14239,546.0
28,14241,546.0
28,14271,546.0
28,14287,546.0
28,14303,546.0
28,14319,546.0
28,14335,546.0
28,14349,546.0
28,14351,546.0
28,14367,546.0
28,14385,546.0
28,14411,546.0
28,14427,546.0
28,14429,546.0
28,14443,546.0
28,14471,546.0
28,14485,546.0
28,14501,546.0
28,14519,546.0
28,14533,546.0
28,14549,546.0
28,14563,546.0
28,14579,546.0
28,14595,546.0
28,14597,546.0
28,14625,546.0
28,14641,546.0
28,14643,546.0
28,14661,546.0
28,14677,546.0
28,14679,546.0
28,14693,546.0
28,14707,546.0
28,14725,546.0
28,14739,546.0
28,14755,546.0
28,14783,546.0
28,14785,546.0
28,14799,546.0
28,14825,546.0
28,14827,546.0
28,14829,546.0
28,14843,546.0
28,14869,546.0
28,14897,546.0
28,14927,546.0
28,14953,547.0
28,14967,547.0
28,14993,548.0
28,15019,548.0
28,15035,548.0
28,15037,548.0
28,15067,548.0
28,15083,548.0
28,15085,548.0
28,15115,548.0
28,15141,548.0
28,15155,548.0
28,15187,548.0
28,15201,548.0
28,15215,548.0
28,15229,548.0
28,15259,548.0
28,15281,548.0
28,15283,548.0
28,15299,548.0
28,15313,548.0
28,15315,548.0
28,15337,548.0
28,15351,548.0
28,15377,548.0
28,15379,548.0
28,15395,548.0
28,15411,548.0
28,15413,548.0
28,15451,548.0
28,15465,548.0
28,15481,548.0
28,15509,548.0
28,15525,548.0
28,15527,548.0
28,15545,548.0
28,15547,548.0
28,15561,548.0
28,15591,548.0
28,15621,548.0
28,15637,548.0
28,15665,548.0
28,15667,548.0
28,15685,548.0
28,15713,548.0
29,6012,375.0
29,6046,375.0
29,6048,375.0
29,6074,375.0
29,6659,375.0
29,6685,400.0
29,6701,400.0
29,6703,400.0
29,6721,400.0
29,6735,400.0
29,6749,400.0
29,6775,400.0
29,6777,400.0
29,6793,400.0
29,6807,400.0
29,6823,400.0
29,6851,400.0
29,6883,400.0
29,6885,400.0
29,6899,400.0
29,6925,407.0
29,6927,407.0
29,6941,429.0
29,6967,429.0
29,7001,433.0
29,7003,433.0
29,7017,458.0
29,7033,458.0
29,7061,458.0
29,7093,458.0
29,7107,458.0
29,7123,458.0
29,7137,458.0
29,7151,458.0
29,7167,458.0
29,7181,458.0
29,7197,458.0
29,7211,458.0
29,7243,458.0
29,7257,474.0
29,7283,474.0
29,7299,474.0
29,7313,491.0
29,7329,491.0
29,7357,491.0
29,7373,491.0
29,7399,491.0
29,7427,491.0
29,7455,491.0
29,7469,499.0
29,7495,518.0
29,7521,518.0
29,7551,518.0
29,7565,518.0
29,7579,518.0
29,7595,518.0
29,7609,518.0
29,7641,518.0
29,7667,518.0
29,7695,518.0
29,7723,518.0
29,7751,518.0
29,7777,518.0
29,7791,520.0
29,7821,520.0
29,7837,520.0
29,7853,520.0
29,7869,520.0
29,7895,520.0
29,7923,520.0
29,7925,520.0
29,7951,520.0
29,7965,520.0
29,7979,520.0
29,7993,520.0
29,7995,520.0
29,8011,520.0
29,8037,522.0
29,8051,523.0
29,8067,523.0
29,8085,523.0
29,8121,523.0
29,8147,523.0
29,8163,526.0
29,8189,526.0
29,8203,526.0
29,8217,526.0
29,8233,526.0
29,8247,526.0
29,8263,526.0
29,8295,527.0
29,8321,527.0
29,8355,527.0
29,8371,527.0
29,8387,527.0
29,8389,527.0
29,8417,527.0
29,8443,527.0
29,8469,527.0
29,8471,527.0
29,8485,527.0
29,8487,527.0
29,8513,527.0
29,8515,527.0
29,8531,527.0
29,8545,527.0
29,8559,527.0
29,8587,527.0
29,8603,527.0
29,8617,527.0
29,8619,527.0
29,8621,527.0
29,8639,527.0
29,8653,527.0
29,8681,527.0
29,8697,527.0
29,8725,527.0
29,8739,527.0
29,8741,527.0
29,8769,527.0
29,8789,527.0
29,8803,527.0
29,8821,527.0
29,8849,529.0
29,8871,529.0
29,8885,529.0
29,8887,529.0
29,8901,529.0
29,8915,529.0
29,8931,529.0
29,8933,529.0
29,8947,529.0
29,8973,529.0
29,8987,532.0
29,9005,532.0
29,9019,532.0
29,9021,532.0
29,9035,532.0
29,9065,532.0
29,9095,532.0
29,9097,532.0
29,9111,532.0
29,9139,532.0
29,9155,532.0
29,9169,532.0
29,9197,532.0
29,9213,532.0
29,9227,532.0
29,9257,532.0
29,9273,532.0
29,9289,532.0
29,9307,532.0
29,9335,532.0
29,9349,532.0
29,9365,532.0
29,9381,532.0
29,9407,532.0
29,9439,532.0
29,9455,532.0
29,9471,532.0
29,9501,532.0
29,9515,532.0
29,9529,532.0
29,9557,532.0
29,9585,532.0
29,9587,532.0
29,9613,532.0
29,9627,532.0
29,9655,532.0
29,9669,532.0
29,9697,532.0
29,9723,532.0
29,9751,532.0
29,9765,532.0
29,9781,532.0
29,9807,532.0
29,9823,532.0
29,9837,532.0
29,9851,532.0
29,9865,532.0
29,9897,532.0
29,9913,532.0
29,9927,532.0
29,9957,532.0
29,9959,532.0
29,9985,532.0
29,10013,532.0
29,10015,532.0
29,10031,532.0
29,10049,532.0
29,10075,532.0
29,10091,532.0
29,10121,532.0
29,10149,532.0
29,10179,532.0
29,10197,532.0
29,10213,532.0
29,10227,532.0
29,10241,532.0
29,10255,532.0
29,10271,532.0
29,10287,532.0
29,10289,532.0
29,10315,532.0
29,10331,532.0
29,10349,532.0
29,10375,532.0
29,10389,532.0
29,10391,532.0
29,10407,532.0
29,10421,532.0
29,10423,532.0
29,10453,538.0
29,10479,538.0
29,10505,538.0
29,10507,538.0
29,10509,538.0
29,10511,538.0
29,10525,538.0
29,10553,538.0
29,10555,538.0
29,10569,538.0
29,10571,538.0
29,10587,538.0
29,10617,538.0
29,10645,538.0
29,10647,538.0
29,10675,538.0
29,10701,538.0
29,10719,538.0
29,10721,538.0
29,10737,538.0
29,10753,538.0
29,10787,538.0
29,10813,538.0
29,10841,538.0
29,10855,538.0
29,10869,538.0
29,10885,538.0
29,10899,538.0
29,10913,538.0
29,10939,538.0
29,10971,538.0
29,10985,538.0
29,10999,538.0
29,11015,538.0
29,11029,538.0
29,11047,538.0
29,11061,538.0
29,11077,538.0
29,11105,538.0
29,11131,538.0
29,11133,538.0
29,11147,538.0
29,11149,538.0
29,11177,539.0
29,11191,539.0
29,11193,539.0
29,11223,539.0
29,11251,539.0
29,11265,539.0
29,11297,539.0
29,11323,539.0
29,11353,539.0
29,11369,539.0
29,11371,539.0
29,11389,539.0
29,11421,539.0
29,11451,539.0
29,11477,539.0
29,11505,539.0
29,11519,539.0
29,11533,539.0
29,11559,539.0
29,11573,539.0
29,11589,539.0
29,11591,539.0
29,11617,539.0
29,11643,539.0
29,11659,539.0
29,11689,539.0
29,11705,539.0
29,11721,539.0
29,11723,539.0
29,11737,539.0
29,11739,539.0
29,11753,539.0
29,11767,539.0
29,11793,539.0
29,11809,539.0
29,11823,539.0
29,11839,539.0
29,11867,539.0
29,11881,539.0
29,11899,539.0
29,11901,539.0
29,11933,539.0
29,11949,539.0
29,11951,539.0
29,11983,539.0
29,11985,539.0
29,11987,539.0
29,11989,539.0
29,11991,539.0
29,12007,539.0
29,12023,539.0
29,12053,539.0
29,12079,539.0
29,12081,539.0
29,12107,539.0
29,12121,539.0
29,12147,539.0
29,12179,539.0
29,12195,539.0
29,12221,539.0
29,12255,539.0
29,12269,539.0
29,12285,539.0
29,12313,539.0
29,12327,539.0
29,12355,539.0
29,12369,539.0
29,12383,539.0
29,12411,539.0
29,12425,540.0
29,12427,540.0
29,12441,540.0
29,12443,540.0
29,12475,540.0
29,12501,540.0
29,12529,540.0
29,12545,540.0
29,12559,540.0
29,12585,540.0
29,12599,540.0
29,12617,540.0
29,12631,540.0
29,12659,540.0
29,12685,540.0
29,12687,540.0
29,12701,540.0
29,12715,540.0
29,12731,540.0
29,12745,540.0
29,12759,540.0
29,12787,540.0
29,12803,540.0
29,12805,540.0
29,12819,540.0
29,12833,540.0
29,12847,540.0
29,12877,540.0
29,12905,540.0
29,12919,540.0
29,12937,540.0
29,12965,541.0
29,12979,541.0
29,12981,541.0
29,12997,541.0
29,13011,541.0
29,13031,541.0
29,13047,541.0
29,13049,541.0
29,13051,541.0
29,13065,541.0
29,13091,541.0
29,13107,541.0
29,13123,541.0
29,13151,541.0
29,13167,541.0
29,13169,541.0
29,13185,541.0
29,13199,541.0
29,13233,541.0
29,13259,541.0
29,13289,541.0
29,13307,541.0
29,13323,541.0
29,13349,543.0
29,13377,543.0
29,13391,543.0
29,13417,543.0
29,13445,543.0
29,13459,543.0
29,13475,543.0
29,13503,543.0
29,13517,543.0
29,13531,543.0
29,13545,543.0
29,13573,543.0
29,13589,543.0
29,13615,543.0
29,13641,543.0
29,13643,543.0
29,13657,543.0
29,13671,546.0
29,13697,546.0
29,13699,546.0
29,13725,546.0
29,13727,546.0
29,13745,546.0
29,13759,546.0
29,13773,546.0
29,13789,546.0
29,13815,546.0
29,13829,546.0
29,13843,546.0
29,13871,546.0
29,13899,546.0
29,13929,546.0
29,13931,546.0
29,13957,546.0
29,13983,546.0
29,14015,546.0
29,14041,546.0
29,14057,546.0
29,14087,546.0
29,14101,546.0
29,14103,546.0
29,14131,546.0
29,14159,546.0
29,14161,546.0
29,14191,546.0
29,14205,546.0
29,14219,546.0
29,14233,546.0
29,14247,546.0
29,14277,546.0
29,14303,546.0
29,14331,546.0
29,14359,546.0
29,14375,546.0
29,14391,546.0
29,14393,546.0
29,14421,546.0
29,14449,546.0
29,14483,546.0
29,14497,546.0
29,14511,546.0
29,14539,546.0
29,14567,546.0
29,14593,546.0
29,14621,546.0
29,14647,546.0
29,14675,546.0
29,14703,546.0
29,14717,546.0
29,14745,546.0
29,14777,546.0
29,14807,546.0
29,14839,546.0
29,14841,546.0
29,14855,546.0
29,14857,546.0
29,14871,546.0
29,14899,546.0
29,14927,546.0
29,14955,546.0
29,14969,546.0
29,14983,546.0
29,14997,546.0
29,15029,546.0
29,15047,546.0
29,15075,546.0
29,15089,546.0
29,15119,546.0
29,15145,546.0
29,15159,546.0
29,15179,546.0
29,15209,546.0
29,15239,546.0
29,15253,546.0
29,15279,546.0
29,15307,546.0
29,15321,546.0
29,15347,546.0
29,15349,546.0
29,15377,546.0
29,15413,546.0
29,15439,546.0
29,15453,546.0
29,15481,546.0
29,15509,546.0
29,15539,546.0
29,15571,546.0
29,15573,546.0
29,15601,546.0
29,15615,546.0
29,15643,546.0
29,15645,546.0
29,15659,546.0
29,15661,546.0
29,15677,546.0
29,15693,546.0
29,15721,546.0
29,15737,546.0
29,15765,546.0
29,15767,546.0
29,15781,546.0
29,15795,546.0
29,15837,546.0
29,15867,546.0
29,15881,546.0
29,15911,546.0
29,15913,546.0
29,15929,546.0
29,15955,546.0
29,15983,546.0
29,16013,546.0
30,5930,390.0
30,5932,390.0
30,5962,392.0
30,5978,392.0
30,5992,392.0
30,6008,392.0
30,6036,392.0
30,6038,392.0
30,6054,392.0
30,6082,392.0
30,6096,418.0
30,6118,423.0
30,6146,423.0
30,6148,423.0
30,6150,423.0
30,6168,423.0
30,6194,440.0
30,6208,440.0
30,6210,440.0
30,6807,440.0
30,6809,440.0
30,6811,440.0
30,6827,440.0
30,6853,455.0
30,6889,459.0
30,6891,459.0
30,6917,459.0
30,6945,459.0
30,6959,459.0
30,6987,483.0
30,7001,483.0
30,7003,483.0
30,7021,483.0
30,7037,483.0
30,7065,488.0
30,7091,488.0
30,7117,488.0
30,7135,488.0
30,7151,488.0
30,7181,488.0
30,7197,488.0
30,7211,488.0
30,7239,498.0
30,7253,498.0
30,7267,498.0
30,7281,498.0
30,7295,498.0
30,7309,498.0
30,7335,498.0
30,7349,500.0
30,7379,500.0
30,7397,500.0
30,7423,510.0
30,7451,510.0
30,7481,510.0
30,7507,510.0
30,7509,510.0
30,7523,510.0
30,7553,510.0
30,7583,510.0
30,7601,510.0
30,7615,510.0
30,7629,510.0
30,7643,510.0
30,7659,512.0
30,7673,512.0
30,7675,512.0
30,7703,512.0
30,7705,512.0
30,7707,512.0
30,7709,512.0
30,7727,512.0
30,7741,512.0
30,7743,512.0
30,7757,512.0
30,7785,512.0
30,7811,525.0
30,7841,525.0
30,7869,525.0
30,7883,525.0
30,7911,525.0
30,7925,525.0
30,7939,525.0
30,7967,525.0
30,7995,525.0
30,8013,525.0
30,8029,525.0
30,8043,525.0
30,8071,525.0
30,8087,525.0
30,8105,525.0
30,8133,525.0
30,8149,525.0
30,8177,525.0
30,8205,525.0
30,8207,525.0
30,8233,525.0
30,8247,525.0
30,8273,529.0
30,8293,529.0
30,8307,529.0
30,8323,529.0
30,8339,529.0
30,8353,529.0
30,8379,529.0
30,8407,529.0
30,8409,529.0
30,8425,529.0
30,8439,529.0
30,8465,529.0
30,8491,529.0
30,8505,529.0
30,8533,529.0
30,8547,529.0
30,8573,529.0
30,8589,529.0
30,8603,534.0
30,8629,534.0
30,8661,534.0
30,8681,534.0
30,8707,534.0
30,8735,534.0
30,8737,534.0
30,8753,534.0
30,8769,534.0
30,8797,534.0
30,8825,534.0
30,8841,534.0
30,8875,534.0
30,8903,534.0
30,8917,534.0
30,8953,534.0
30,8979,534.0
30,8995,534.0
30,9011,534.0
30,9041,534.0
30,9057,534.0
30,9083,534.0
30,9097,534.0
30,9111,534.0
30,9125,534.0
30,9141,534.0
30,9167,534.0
30,9169,534.0
30,9185,534.0
30,9211,534.0
30,9237,534.0
30,9251,534.0
30,9277,535.0
30,9279,535.0
30,9295,535.0
30,9309,535.0
30,9337,535.0
30,9339,535.0
30,9355,535.0
30,9369,535.0
30,9395,535.0
30,9423,535.0
30,9449,535.0
30,9463,535.0
30,9477,535.0
30,9495,535.0
30,9509,535.0
30,9523,535.0
30,9525,535.0
30,9527,535.0
30,9541,535.0
30,9555,535.0
30,9571,535.0
30,9587,535.0
30,9603,535.0
30,9631,535.0
30,9645,535.0
30,9673,535.0
30,9687,535.0
30,9701,535.0
30,9727,535.0
30,9741,535.0
30,9755,535.0
30,9783,535.0
30,9809,535.0
30,9839,535.0
30,9855,535.0
30,9869,535.0
30,9883,535.0
30,9885,535.0
30,9899,535.0
30,9913,535.0
30,9927,535.0
30,9953,535.0
30,9981,535.0
30,9995,535.0
30,10013,535.0
30,10045,535.0
30,10047,535.0
30,10075,535.0
30,10101,540.0
30,10103,540.0
30,10117,540.0
30,10135,540.0
30,10149,540.0
30,10165,540.0
30,10167,540.0
30,10183,540.0
30,10185,540.0
30,10201,540.0
30,10229,540.0
30,10245,540.0
30,10261,540.0
30,10263,540.0
30,10279,540.0
30,10295,540.0
30,10309,540.0
30,10335,546.0
30,10365,546.0
30,10379,546.0
30,10393,546.0
30,10421,546.0
30,10435,546.0
30,10451,546.0
30,10467,546.0
30,10481,546.0
30,10507,546.0
30,10525,546.0
30,10539,546.0
30,10553,546.0
30,10579,546.0
30,10595,546.0
30,10609,546.0
30,10611,546.0
30,10639,546.0
30,10653,546.0
30,10667,546.0
30,10681,546.0
30,10695,546.0
30,10729,546.0
30,10761,546.0
30,10789,546.0
30,10815,546.0
30,10829,546.0
30,10855,546.0
30,10857,546.0
30,10871,546.0
30,10885,546.0
30,10911,546.0
30,10941,546.0
30,10943,546.0
30,10959,546.0
30,10985,548.0
30,10999,548.0
30,11015,548.0
30,11017,548.0
30,11031,548.0
30,11045,548.0
30,11061,548.0
30,11089,548.0
30,11121,548.0
30,11137,548.0
30,11139,548.0
30,11165,548.0
30,11181,548.0
30,11195,548.0
30,11209,548.0
30,11237,548.0
30,11265,548.0
30,11279,548.0
30,11307,548.0
30,11343,548.0
30,11357,548.0
30,11359,548.0
30,11375,548.0
30,11403,548.0
30,11417,548.0
30,11433,548.0
30,11461,548.0
30,11489,548.0
30,11517,548.0
30,11545,548.0
30,11559,548.0
30,11561,548.0
30,11575,548.0
30,11577,548.0
30,11591,548.0
30,11617,548.0
30,11631,548.0
30,11645,548.0
30,11647,548.0
30,11661,548.0
30,11663,548.0
30,11681,548.0
30,11699,548.0
30,11727,548.0
30,11753,548.0
30,11769,548.0
30,11783,548.0
30,11797,548.0
30,11799,548.0
30,11813,548.0
30,11829,548.0
30,11855,548.0
30,11881,548.0
30,11901,548.0
30,11927,548.0
30,11941,548.0
30,11943,548.0
30,11975,548.0
30,12001,548.0
30,12031,548.0
30,12049,548.0
30,12063,548.0
30,12097,548.0
30,12127,548.0
30,12141,548.0
30,12155,548.0
30,12171,548.0
30,12185,548.0
30,12201,548.0
30,12227,548.0
30,12243,548.0
30,12245,548.0
30,12259,548.0
30,12261,548.0
30,12289,548.0
30,12317,548.0
30,12331,548.0
30,12359,548.0
30,12375,548.0
30,12389,548.0
30,12391,548.0
30,12419,548.0
30,12435,548.0
30,12451,548.0
30,12453,548.0
30,12483,548.0
30,12485,548.0
30,12511,548.0
30,12513,548.0
30,12529,548.0
30,12531,548.0
30,12545,548.0
30,12573,548.0
30,12575,548.0
30,12589,548.0
30,12591,548.0
30,12605,548.0
30,12619,548.0
30,12621,548.0
30,12635,548.0
30,12649,548.0
30,12675,548.0
30,12689,548.0
30,12715,548.0
30,12717,548.0
30,12731,548.0
30,12761,548.0
30,12791,548.0
30,12793,548.0
30,12825,548.0
30,12857,548.0
30,12871,548.0
30,12887,548.0
30,12919,548.0
30,12949,548.0
30,12951,548.0
30,12979,548.0
30,12993,548.0
30,13007,548.0
30,13009,548.0
30,13025,548.0
30,13041,548.0
30,13055,548.0
30,13057,548.0
30,13089,548.0
30,13107,548.0
30,13133,548.0
30,13161,548.0
30,13177,548.0
30,13191,548.0
30,13193,548.0
30,13207,548.0
30,13223,548.0
30,13237,548.0
30,13253,548.0
30,13269,548.0
30,13271,548.0
30,13273,548.0
30,13287,548.0
30,13301,548.0
30,13327,548.0
30,13341,548.0
30,13369,548.0
30,13383,548.0
30,13397,548.0
30,13423,548.0
30,13437,549.0
30,13465,549.0
30,13483,549.0
30,13509,549.0
30,13523,549.0
30,13537,549.0
30,13553,549.0
30,13579,549.0
30,13593,549.0
30,13607,549.0
30,13621,549.0
30,13635,549.0
30,13665,549.0
30,13691,549.0
30,13705,549.0
30,13735,549.0
30,13751,549.0
30,13753,549.0
30,13781,549.0
30,13783,549.0
30,13797,549.0
30,13811,549.0
30,13839,549.0
30,13865,549.0
30,13879,549.0
30,13881,549.0
30,13895,549.0
30,13909,549.0
30,13925,549.0
30,13951,549.0
30,13977,549.0
30,14009,549.0
30,14037,549.0
30,14051,549.0
30,14089,549.0
30,14117,549.0
30,14145,549.0
30,14179,549.0
30,14195,549.0
30,14223,549.0
30,14237,549.0
30,14239,549.0
30,14253,549.0
30,14267,549.0
30,14297,549.0
30,14323,549.0
30,14351,549.0
30,14365,549.0
30,14393,549.0
30,14407,549.0
30,14427,549.0
30,14453,549.0
30,14467,549.0
30,14483,549.0
30,14511,549.0
30,14513,549.0
30,14541,549.0
30,14543,549.0
30,14573,549.0
30,14599,549.0
30,14631,549.0
30,14633,549.0
30,14659,549.0
30,14661,549.0
30,14691,549.0
30,14693,549.0
30,14721,549.0
30,14749,549.0
30,14763,549.0
30,14777,549.0
30,14805,549.0
30,14833,549.0
30,14863,549.0
30,14889,549.0
30,14905,549.0
30,14923,549.0
30,14939,549.0
30,14941,549.0
30,14967,549.0
30,14981,549.0
30,14995,549.0
30,14997,549.0
30,15013,549.0
30,15029,549.0
30,15043,549.0
30,15073,549.0
30,15105,549.0
30,15119,549.0
30,15149,549.0
30,15163,549.0
30,15177,549.0
30,15191,549.0
30,15193,549.0
30,15209,549.0
30,15223,549.0
30,15237,549.0
30,15253,549.0
30,15255,549.0
30,15257,549.0
30,15277,549.0
30,15279,549.0
30,15281,549.0
30,15309,549.0
30,15323,549.0
30,15337,549.0
30,15363,549.0
30,15379,549.0
30,15393,549.0
30,15425,549.0
30,15439,549.0
30,15455,549.0
30,15457,549.0
30,15483,549.0
30,15511,549.0
30,15513,549.0
30,15515,549.0
30,15517,549.0
30,15547,549.0
30,15575,549.0
30,15577,549.0
30,15593,549.0
30,15595,549.0
30,15625,549.0
30,15653,549.0
30,15667,549.0
30,15669,549.0
30,15683,549.0
30,15697,549.0
30,15711,549.0
30,15739,549.0
30,15753,549.0
30,15767,549.0
30,15781,549.0
30,15783,549.0
30,15811,549.0
30,15841,549.0
30,15873,549.0
30,15889,549.0
30,15917,549.0
