submodular_value,neg_cost,run
26535.30151308337,-32,1
26535.30151308337,-32,1
26535.30151308337,-32,1
26535.30151308337,-32,1
26535.30151308337,-32,1
23299.17396215751,-20,1
26535.30151308337,-32,1
26535.30151308337,-32,1
26535.30151308337,-32,1
26136.647550923404,-28,1
26535.30151308337,-32,1
26535.30151308337,-32,1
26535.30151308337,-32,1
26535.30151308337,-32,1
26535.30151308337,-32,1
26535.30151308337,-32,1
26535.30151308337,-32,1
26535.30151308337,-32,1
26535.30151308337,-32,1
25858.621274446778,-26,1
26535.30151308337,-32,1
26535.30151308337,-32,1
26535.30151308337,-32,1
26535.30151308337,-32,1
26535.30151308337,-32,1
25858.621274446778,-26,1
26535.30151308337,-32,1
25476.696833029542,-23,1
25476.696833029542,-23,1
26535.30151308337,-32,1
26535.30151308337,-32,1
26535.30151308337,-32,1
24686.968716106814,-21,1
26535.30151308337,-32,1
25598.34211108453,-25,1
26535.30151308337,-32,1
25858.621274446778,-26,1
26443.010994959375,-29,1
25858.621274446778,-26,1
26535.30151308337,-32,1
26535.30151308337,-32,1
25476.696833029542,-23,1
25262.68299142734,-22,1
26535.30151308337,-32,1
26656.331492720852,-33,1
26535.30151308337,-32,1
25858.621274446778,-26,1
26535.30151308337,-32,1
26535.30151308337,-32,1
26535.30151308337,-32,1
26535.30151308337,-32,1
26535.30151308337,-32,1
26535.30151308337,-32,1
26535.30151308337,-32,1
26535.30151308337,-32,1
23299.17396215751,-20,1
26535.30151308337,-32,1
26535.30151308337,-32,1
25476.696833029542,-23,1
26535.30151308337,-32,1
26535.30151308337,-32,1
26535.30151308337,-32,1
25598.34211108453,-25,1
26535.30151308337,-32,1
26535.30151308337,-32,1
26535.30151308337,-32,1
26535.30151308337,-32,1
25476.696833029542,-23,1
26535.30151308337,-32,1
23299.17396215751,-20,1
25858.621274446778,-26,1
25476.696833029542,-23,1
25858.621274446778,-26,1
25598.34211108453,-25,1
26535.30151308337,-32,1
26535.30151308337,-32,1
26443.010994959375,-29,1
26535.30151308337,-32,1
26535.30151308337,-32,1
26535.30151308337,-32,1
26535.30151308337,-32,1
26443.010994959375,-29,1
26535.30151308337,-32,1
26535.30151308337,-32,1
26535.30151308337,-32,1
25476.696833029542,-23,1
26535.30151308337,-32,1
26535.30151308337,-32,1
26535.30151308337,-32,1
26656.331492720852,-33,1
26535.30151308337,-32,1
26535.30151308337,-32,1
26535.30151308337,-32,1
25858.621274446778,-26,1
26535.30151308337,-32,1
25476.696833029542,-23,1
26535.30151308337,-32,1
26535.30151308337,-32,1
26535.30151308337,-32,1
26535.30151308337,-32,1
25858.621274446778,-26,1
26535.30151308337,-32,1
25858.621274446778,-26,1
25858.621274446778,-26,1
25858.621274446778,-26,1
26535.30151308337,-32,1
26535.30151308337,-32,1
26535.30151308337,-32,1
26535.30151308337,-32,1
26535.30151308337,-32,1
24686.968716106814,-21,1
26535.30151308337,-32,1
25858.621274446778,-26,1
25858.621274446778,-26,1
26656.331492720852,-33,1
26535.30151308337,-32,1
26656.331492720852,-33,1
26535.30151308337,-32,1
26535.30151308337,-32,1
25858.621274446778,-26,1
26535.30151308337,-32,1
26656.331492720852,-33,1
26535.30151308337,-32,1
26535.30151308337,-32,1
26535.30151308337,-32,1
26535.30151308337,-32,1
25476.696833029542,-23,1
25476.696833029542,-23,1
26535.30151308337,-32,1
25858.621274446778,-26,1
25476.696833029542,-23,1
26535.30151308337,-32,1
26535.30151308337,-32,1
26535.30151308337,-32,1
25476.696833029542,-23,1
26535.30151308337,-32,1
26535.30151308337,-32,1
26535.30151308337,-32,1
25598.34211108453,-25,1
25598.34211108453,-25,1
26535.30151308337,-32,1
26535.30151308337,-32,1
26535.30151308337,-32,1
25858.621274446778,-26,1
26656.331492720852,-33,1
26535.30151308337,-32,1
23299.17396215751,-20,1
25979.14341736937,-27,1
26535.30151308337,-32,1
25476.696833029542,-23,1
25858.621274446778,-26,1
26535.30151308337,-32,1
26535.30151308337,-32,1
25858.621274446778,-26,1
26535.30151308337,-32,1
26656.331492720852,-33,1
26535.30151308337,-32,1
26535.30151308337,-32,1
26535.30151308337,-32,1
25858.621274446778,-26,1
26535.30151308337,-32,1
26535.30151308337,-32,1
26535.30151308337,-32,1
26535.30151308337,-32,1
23299.17396215751,-20,1
26535.30151308337,-32,1
26535.30151308337,-32,1
25012.61481667797,-17,2
25012.61481667797,-17,2
25012.61481667797,-17,2
25012.61481667797,-17,2
25012.61481667797,-17,2
25012.61481667797,-17,2
25012.61481667797,-17,2
25012.61481667797,-17,2
25012.61481667797,-17,2
25413.637499193035,-18,2
25012.61481667797,-17,2
25012.61481667797,-17,2
25012.61481667797,-17,2
25982.764008424743,-22,2
25012.61481667797,-17,2
25888.98992692618,-21,2
25012.61481667797,-17,2
25413.637499193035,-18,2
25012.61481667797,-17,2
25012.61481667797,-17,2
25012.61481667797,-17,2
25012.61481667797,-17,2
25012.61481667797,-17,2
25012.61481667797,-17,2
25888.98992692618,-21,2
25012.61481667797,-17,2
25012.61481667797,-17,2
25012.61481667797,-17,2
25012.61481667797,-17,2
25012.61481667797,-17,2
25012.61481667797,-17,2
25413.637499193035,-18,2
25012.61481667797,-17,2
25012.61481667797,-17,2
25012.61481667797,-17,2
25413.637499193035,-18,2
25012.61481667797,-17,2
25012.61481667797,-17,2
25012.61481667797,-17,2
25012.61481667797,-17,2
23877.301497157412,-15,2
25012.61481667797,-17,2
25012.61481667797,-17,2
23877.301497157412,-15,2
25413.637499193035,-18,2
25012.61481667797,-17,2
25012.61481667797,-17,2
23877.301497157412,-15,2
23877.301497157412,-15,2
25012.61481667797,-17,2
25012.61481667797,-17,2
23877.301497157412,-15,2
25413.637499193035,-18,2
25012.61481667797,-17,2
25012.61481667797,-17,2
25012.61481667797,-17,2
25012.61481667797,-17,2
25012.61481667797,-17,2
25012.61481667797,-17,2
25012.61481667797,-17,2
18572.543573569135,-12,2
25012.61481667797,-17,2
25982.764008424743,-22,2
25012.61481667797,-17,2
25012.61481667797,-17,2
25012.61481667797,-17,2
25413.637499193035,-18,2
25012.61481667797,-17,2
25012.61481667797,-17,2
25413.637499193035,-18,2
18572.543573569135,-12,2
25012.61481667797,-17,2
25413.637499193035,-18,2
25012.61481667797,-17,2
25012.61481667797,-17,2
25413.637499193035,-18,2
25012.61481667797,-17,2
25012.61481667797,-17,2
25413.637499193035,-18,2
25012.61481667797,-17,2
25012.61481667797,-17,2
25888.98992692618,-21,2
25012.61481667797,-17,2
25012.61481667797,-17,2
25012.61481667797,-17,2
25982.764008424743,-22,2
25012.61481667797,-17,2
25413.637499193035,-18,2
25012.61481667797,-17,2
25012.61481667797,-17,2
25012.61481667797,-17,2
26793.056062691976,-24,2
25413.637499193035,-18,2
25012.61481667797,-17,2
25012.61481667797,-17,2
25888.98992692618,-21,2
26793.056062691976,-24,2
25982.764008424743,-22,2
25012.61481667797,-17,2
25012.61481667797,-17,2
25012.61481667797,-17,2
25012.61481667797,-17,2
26793.056062691976,-24,2
25012.61481667797,-17,2
25012.61481667797,-17,2
25012.61481667797,-17,2
25012.61481667797,-17,2
26793.056062691976,-24,2
25012.61481667797,-17,2
25012.61481667797,-17,2
25012.61481667797,-17,2
25012.61481667797,-17,2
25012.61481667797,-17,2
25413.637499193035,-18,2
25012.61481667797,-17,2
25012.61481667797,-17,2
25012.61481667797,-17,2
25012.61481667797,-17,2
25413.637499193035,-18,2
25012.61481667797,-17,2
25012.61481667797,-17,2
25012.61481667797,-17,2
25413.637499193035,-18,2
25012.61481667797,-17,2
23877.301497157412,-15,2
18572.543573569135,-12,2
25413.637499193035,-18,2
25413.637499193035,-18,2
25012.61481667797,-17,2
25888.98992692618,-21,2
25012.61481667797,-17,2
25012.61481667797,-17,2
25888.98992692618,-21,2
25012.61481667797,-17,2
26793.056062691976,-24,2
25012.61481667797,-17,2
25012.61481667797,-17,2
25012.61481667797,-17,2
25413.637499193035,-18,2
25012.61481667797,-17,2
25012.61481667797,-17,2
23877.301497157412,-15,2
25413.637499193035,-18,2
25413.637499193035,-18,2
25012.61481667797,-17,2
25012.61481667797,-17,2
18572.543573569135,-12,2
25012.61481667797,-17,2
18572.543573569135,-12,2
25012.61481667797,-17,2
25012.61481667797,-17,2
25012.61481667797,-17,2
25413.637499193035,-18,2
25012.61481667797,-17,2
25012.61481667797,-17,2
25413.637499193035,-18,2
25012.61481667797,-17,2
25012.61481667797,-17,2
25413.637499193035,-18,2
25012.61481667797,-17,2
25012.61481667797,-17,2
25413.637499193035,-18,2
25012.61481667797,-17,2
26793.056062691976,-24,2
23877.301497157412,-15,2
25012.61481667797,-17,2
25012.61481667797,-17,2
25012.61481667797,-17,2
25012.61481667797,-17,2
25888.98992692618,-21,2
25888.98992692618,-21,2
25413.637499193035,-18,2
25012.61481667797,-17,2
25012.61481667797,-17,2
25012.61481667797,-17,2
25012.61481667797,-17,2
25012.61481667797,-17,2
25012.61481667797,-17,2
25012.61481667797,-17,2
25012.61481667797,-17,2
25012.61481667797,-17,2
25012.61481667797,-17,2
25012.61481667797,-17,2
26793.056062691976,-24,2
25012.61481667797,-17,2
24535.480207538567,-16,2
26793.056062691976,-24,2
25012.61481667797,-17,2
25012.61481667797,-17,2
25012.61481667797,-17,2
26793.056062691976,-24,2
26793.056062691976,-24,2
25413.637499193035,-18,2
25012.61481667797,-17,2
26793.056062691976,-24,2
23877.301497157412,-15,2
24535.480207538567,-16,2
25413.637499193035,-18,2
25631.147717713968,-19,2
25888.98992692618,-21,2
26793.056062691976,-24,2
25012.61481667797,-17,2
25413.637499193035,-18,2
25012.61481667797,-17,2
25012.61481667797,-17,2
23877.301497157412,-15,2
25012.61481667797,-17,2
25012.61481667797,-17,2
25012.61481667797,-17,2
25012.61481667797,-17,2
25012.61481667797,-17,2
25012.61481667797,-17,2
25413.637499193035,-18,2
23608.249416900435,-14,2
25631.147717713968,-19,2
25012.61481667797,-17,2
25012.61481667797,-17,2
25012.61481667797,-17,2
25012.61481667797,-17,2
25012.61481667797,-17,2
25012.61481667797,-17,2
25012.61481667797,-17,2
25012.61481667797,-17,2
24535.480207538567,-16,2
25012.61481667797,-17,2
25413.637499193035,-18,2
25413.637499193035,-18,2
25012.61481667797,-17,2
25012.61481667797,-17,2
26793.056062691976,-24,2
25012.61481667797,-17,2
25888.98992692618,-21,2
18572.543573569135,-12,2
25012.61481667797,-17,2
25413.637499193035,-18,2
25012.61481667797,-17,2
25012.61481667797,-17,2
25012.61481667797,-17,2
25012.61481667797,-17,2
25012.61481667797,-17,2
25012.61481667797,-17,2
23877.301497157412,-15,2
25012.61481667797,-17,2
25012.61481667797,-17,2
25012.61481667797,-17,2
23877.301497157412,-15,2
25012.61481667797,-17,2
25012.61481667797,-17,2
25413.637499193035,-18,2
25012.61481667797,-17,2
25012.61481667797,-17,2
25012.61481667797,-17,2
25012.61481667797,-17,2
25413.637499193035,-18,2
25012.61481667797,-17,2
25413.637499193035,-18,2
25982.764008424743,-22,2
25413.637499193035,-18,2
25012.61481667797,-17,2
23877.301497157412,-15,2
25012.61481667797,-17,2
25413.637499193035,-18,2
25012.61481667797,-17,2
25012.61481667797,-17,2
25413.637499193035,-18,2
23877.301497157412,-15,2
25982.764008424743,-22,2
25012.61481667797,-17,2
25012.61481667797,-17,2
25888.98992692618,-21,2
25012.61481667797,-17,2
25413.637499193035,-18,2
25012.61481667797,-17,2
25012.61481667797,-17,2
25012.61481667797,-17,2
25012.61481667797,-17,2
25982.764008424743,-22,2
25012.61481667797,-17,2
25012.61481667797,-17,2
25413.637499193035,-18,2
25982.764008424743,-22,2
25012.61481667797,-17,2
25413.637499193035,-18,2
25012.61481667797,-17,2
25012.61481667797,-17,2
25012.61481667797,-17,2
25413.637499193035,-18,2
26793.056062691976,-24,2
25012.61481667797,-17,2
25888.98992692618,-21,2
23877.301497157412,-15,2
25012.61481667797,-17,2
26793.056062691976,-24,2
25012.61481667797,-17,2
25982.764008424743,-22,2
25413.637499193035,-18,2
25012.61481667797,-17,2
25012.61481667797,-17,2
26793.056062691976,-24,2
25012.61481667797,-17,2
25012.61481667797,-17,2
25012.61481667797,-17,2
25413.637499193035,-18,2
25413.637499193035,-18,2
25012.61481667797,-17,2
25888.98992692618,-21,2
25413.637499193035,-18,2
25012.61481667797,-17,2
25012.61481667797,-17,2
25012.61481667797,-17,2
25012.61481667797,-17,2
25012.61481667797,-17,2
25012.61481667797,-17,2
25012.61481667797,-17,2
25012.61481667797,-17,2
25012.61481667797,-17,2
25012.61481667797,-17,2
25888.98992692618,-21,2
25012.61481667797,-17,2
25012.61481667797,-17,2
25888.98992692618,-21,2
25012.61481667797,-17,2
25012.61481667797,-17,2
25012.61481667797,-17,2
25012.61481667797,-17,2
26793.056062691976,-24,2
25012.61481667797,-17,2
25012.61481667797,-17,2
25413.637499193035,-18,2
25012.61481667797,-17,2
25012.61481667797,-17,2
23877.301497157412,-15,2
25413.637499193035,-18,2
25012.61481667797,-17,2
25012.61481667797,-17,2
26793.056062691976,-24,2
25012.61481667797,-17,2
25012.61481667797,-17,2
18572.543573569135,-12,2
25012.61481667797,-17,2
25012.61481667797,-17,2
25413.637499193035,-18,2
25413.637499193035,-18,2
25888.98992692618,-21,2
25631.147717713968,-19,2
25012.61481667797,-17,2
25012.61481667797,-17,2
25012.61481667797,-17,2
25982.764008424743,-22,2
25413.637499193035,-18,2
25012.61481667797,-17,2
25012.61481667797,-17,2
25012.61481667797,-17,2
23877.301497157412,-15,2
25413.637499193035,-18,2
25012.61481667797,-17,2
23877.301497157412,-15,2
25012.61481667797,-17,2
25012.61481667797,-17,2
26324.611070326162,-23,2
25012.61481667797,-17,2
25012.61481667797,-17,2
25012.61481667797,-17,2
23877.301497157412,-15,2
25012.61481667797,-17,2
25413.637499193035,-18,2
25012.61481667797,-17,2
25012.61481667797,-17,2
25012.61481667797,-17,2
25012.61481667797,-17,2
25888.98992692618,-21,2
25012.61481667797,-17,2
26793.056062691976,-24,2
25012.61481667797,-17,2
25012.61481667797,-17,2
25012.61481667797,-17,2
25413.637499193035,-18,2
25012.61481667797,-17,2
26793.056062691976,-24,2
25413.637499193035,-18,2
25413.637499193035,-18,2
25012.61481667797,-17,2
25012.61481667797,-17,2
25012.61481667797,-17,2
25012.61481667797,-17,2
25012.61481667797,-17,2
23877.301497157412,-15,2
25012.61481667797,-17,2
25413.637499193035,-18,2
26793.056062691976,-24,2
25888.98992692618,-21,2
18572.543573569135,-12,2
25012.61481667797,-17,2
25012.61481667797,-17,2
25012.61481667797,-17,2
25413.637499193035,-18,2
25413.637499193035,-18,2
25413.637499193035,-18,2
25012.61481667797,-17,2
25012.61481667797,-17,2
25012.61481667797,-17,2
25012.61481667797,-17,2
25012.61481667797,-17,2
25012.61481667797,-17,2
25413.637499193035,-18,2
25012.61481667797,-17,2
25413.637499193035,-18,2
25012.61481667797,-17,2
25631.147717713968,-19,2
25888.98992692618,-21,2
25012.61481667797,-17,2
25012.61481667797,-17,2
25012.61481667797,-17,2
26793.056062691976,-24,2
25413.637499193035,-18,2
25012.61481667797,-17,2
25012.61481667797,-17,2
25413.637499193035,-18,2
25012.61481667797,-17,2
25413.637499193035,-18,2
25413.637499193035,-18,2
25012.61481667797,-17,2
25012.61481667797,-17,2
25982.764008424743,-22,2
25012.61481667797,-17,2
25012.61481667797,-17,2
25012.61481667797,-17,2
25012.61481667797,-17,2
23877.301497157412,-15,2
25413.637499193035,-18,2
25982.764008424743,-22,2
26793.056062691976,-24,2
25012.61481667797,-17,2
25012.61481667797,-17,2
24535.480207538567,-16,2
23877.301497157412,-15,2
25012.61481667797,-17,2
23877.301497157412,-15,2
25888.98992692618,-21,2
25012.61481667797,-17,2
25012.61481667797,-17,2
25012.61481667797,-17,2
25413.637499193035,-18,2
25413.637499193035,-18,2
25012.61481667797,-17,2
25982.764008424743,-22,2
25012.61481667797,-17,2
25012.61481667797,-17,2
25888.98992692618,-21,2
26793.056062691976,-24,2
25012.61481667797,-17,2
20390.086616307766,-13,2
25012.61481667797,-17,2
18572.543573569135,-12,2
25012.61481667797,-17,2
25888.98992692618,-21,2
23877.301497157412,-15,2
25012.61481667797,-17,2
25012.61481667797,-17,2
25012.61481667797,-17,2
25012.61481667797,-17,2
25413.637499193035,-18,2
25012.61481667797,-17,2
25413.637499193035,-18,2
25012.61481667797,-17,2
25012.61481667797,-17,2
25012.61481667797,-17,2
25012.61481667797,-17,2
25012.61481667797,-17,2
25012.61481667797,-17,2
25012.61481667797,-17,2
25413.637499193035,-18,2
25413.637499193035,-18,2
25012.61481667797,-17,2
25012.61481667797,-17,2
25413.637499193035,-18,2
18572.543573569135,-12,2
25012.61481667797,-17,2
25012.61481667797,-17,2
25012.61481667797,-17,2
25413.637499193035,-18,2
25012.61481667797,-17,2
25012.61481667797,-17,2
25413.637499193035,-18,2
25012.61481667797,-17,2
25413.637499193035,-18,2
25413.637499193035,-18,2
23877.301497157412,-15,2
25012.61481667797,-17,2
25012.61481667797,-17,2
25012.61481667797,-17,2
25012.61481667797,-17,2
25012.61481667797,-17,2
23877.301497157412,-15,2
25012.61481667797,-17,2
25413.637499193035,-18,2
25012.61481667797,-17,2
25012.61481667797,-17,2
25012.61481667797,-17,2
25012.61481667797,-17,2
25012.61481667797,-17,2
23877.301497157412,-15,2
18572.543573569135,-12,2
23877.301497157412,-15,2
25012.61481667797,-17,2
25012.61481667797,-17,2
25413.637499193035,-18,2
25012.61481667797,-17,2
25012.61481667797,-17,2
25012.61481667797,-17,2
26793.056062691976,-24,2
25012.61481667797,-17,2
25982.764008424743,-22,2
25012.61481667797,-17,2
25012.61481667797,-17,2
25413.637499193035,-18,2
25012.61481667797,-17,2
25407.919903538546,-27,3
26303.381823961103,-32,3
26303.381823961103,-32,3
25407.919903538546,-27,3
23733.063526122183,-21,3
25407.919903538546,-27,3
25407.919903538546,-27,3
25407.919903538546,-27,3
26303.381823961103,-32,3
26107.52189221965,-31,3
25407.919903538546,-27,3
24329.1358988258,-23,3
24329.1358988258,-23,3
24329.1358988258,-23,3
26303.381823961103,-32,3
23733.063526122183,-21,3
24329.1358988258,-23,3
25407.919903538546,-27,3
25407.919903538546,-27,3
25407.919903538546,-27,3
23733.063526122183,-21,3
16108.883527805276,-15,3
26303.381823961103,-32,3
25407.919903538546,-27,3
25407.919903538546,-27,3
23733.063526122183,-21,3
23733.063526122183,-21,3
25407.919903538546,-27,3
23733.063526122183,-21,3
23684.143927683024,-19,3
25407.919903538546,-27,3
23733.063526122183,-21,3
25407.919903538546,-27,3
25407.919903538546,-27,3
24329.1358988258,-23,3
23733.063526122183,-21,3
25407.919903538546,-27,3
21612.902167675722,-17,3
23733.063526122183,-21,3
23733.063526122183,-21,3
25407.919903538546,-27,3
23684.143927683024,-19,3
23733.063526122183,-21,3
23733.063526122183,-21,3
26107.52189221965,-31,3
26303.381823961103,-32,3
25407.919903538546,-27,3
25407.919903538546,-27,3
23733.063526122183,-21,3
25407.919903538546,-27,3
16108.883527805276,-15,3
23733.063526122183,-21,3
21612.902167675722,-17,3
25407.919903538546,-27,3
25870.79903668519,-28,3
25407.919903538546,-27,3
25407.919903538546,-27,3
23733.063526122183,-21,3
25407.919903538546,-27,3
26303.381823961103,-32,3
21612.902167675722,-17,3
25407.919903538546,-27,3
26303.381823961103,-32,3
25407.919903538546,-27,3
25407.919903538546,-27,3
23733.063526122183,-21,3
25407.919903538546,-27,3
25407.919903538546,-27,3
26303.381823961103,-32,3
23733.063526122183,-21,3
26303.381823961103,-32,3
26410.542138548284,-33,3
23733.063526122183,-21,3
23733.063526122183,-21,3
23733.063526122183,-21,3
25407.919903538546,-27,3
25407.919903538546,-27,3
25407.919903538546,-27,3
23733.063526122183,-21,3
24329.1358988258,-23,3
23733.063526122183,-21,3
26410.542138548284,-33,3
25407.919903538546,-27,3
25407.919903538546,-27,3
25870.79903668519,-28,3
25407.919903538546,-27,3
23733.063526122183,-21,3
21612.902167675722,-17,3
24329.1358988258,-23,3
23684.143927683024,-19,3
23733.063526122183,-21,3
25407.919903538546,-27,3
23733.063526122183,-21,3
25407.919903538546,-27,3
25407.919903538546,-27,3
21612.902167675722,-17,3
23733.063526122183,-21,3
23733.063526122183,-21,3
20868.65179923773,-16,3
25407.919903538546,-27,3
25407.919903538546,-27,3
25870.79903668519,-28,3
25407.919903538546,-27,3
25407.919903538546,-27,3
25407.919903538546,-27,3
25407.919903538546,-27,3
23733.063526122183,-21,3
20868.65179923773,-16,3
23733.063526122183,-21,3
25407.919903538546,-27,3
25407.919903538546,-27,3
23733.063526122183,-21,3
23733.063526122183,-21,3
25407.919903538546,-27,3
23733.063526122183,-21,3
25407.919903538546,-27,3
25870.79903668519,-28,3
25407.919903538546,-27,3
25407.919903538546,-27,3
16108.883527805276,-15,3
25407.919903538546,-27,3
23733.063526122183,-21,3
25407.919903538546,-27,3
25407.919903538546,-27,3
25407.919903538546,-27,3
25407.919903538546,-27,3
21612.902167675722,-17,3
25407.919903538546,-27,3
26303.381823961103,-32,3
25407.919903538546,-27,3
23733.063526122183,-21,3
23733.063526122183,-21,3
25407.919903538546,-27,3
25407.919903538546,-27,3
23733.063526122183,-21,3
26303.381823961103,-32,3
23733.063526122183,-21,3
25407.919903538546,-27,3
23733.063526122183,-21,3
24329.1358988258,-23,3
23733.063526122183,-21,3
23733.063526122183,-21,3
25407.919903538546,-27,3
23733.063526122183,-21,3
23733.063526122183,-21,3
25407.919903538546,-27,3
25407.919903538546,-27,3
25407.919903538546,-27,3
26303.381823961103,-32,3
23733.063526122183,-21,3
23733.063526122183,-21,3
25407.919903538546,-27,3
25407.919903538546,-27,3
25407.919903538546,-27,3
24329.1358988258,-23,3
23733.063526122183,-21,3
25407.919903538546,-27,3
25870.79903668519,-28,3
23733.063526122183,-21,3
25407.919903538546,-27,3
25407.919903538546,-27,3
25407.919903538546,-27,3
24329.1358988258,-23,3
26303.381823961103,-32,3
21612.902167675722,-17,3
26303.381823961103,-32,3
25407.919903538546,-27,3
23733.063526122183,-21,3
25407.919903538546,-27,3
26107.52189221965,-31,3
25407.919903538546,-27,3
25407.919903538546,-27,3
23733.063526122183,-21,3
25407.919903538546,-27,3
23733.063526122183,-21,3
25407.919903538546,-27,3
23733.063526122183,-21,3
23733.063526122183,-21,3
23733.063526122183,-21,3
25407.919903538546,-27,3
25407.919903538546,-27,3
25407.919903538546,-27,3
23733.063526122183,-21,3
25407.919903538546,-27,3
23733.063526122183,-21,3
16108.883527805276,-15,3
25407.919903538546,-27,3
24837.304551355817,-24,3
23733.063526122183,-21,3
23733.063526122183,-21,3
23733.063526122183,-21,3
24329.1358988258,-23,3
23733.063526122183,-21,3
23733.063526122183,-21,3
25407.919903538546,-27,3
21612.902167675722,-17,3
24134.50332445041,-22,3
25870.79903668519,-28,3
23733.063526122183,-21,3
23733.063526122183,-21,3
25407.919903538546,-27,3
25407.919903538546,-27,3
25407.919903538546,-27,3
25407.919903538546,-27,3
25407.919903538546,-27,3
25407.919903538546,-27,3
23733.063526122183,-21,3
25407.919903538546,-27,3
25176.10830834695,-26,3
21612.902167675722,-17,3
26303.381823961103,-32,3
25407.919903538546,-27,3
26303.381823961103,-32,3
25407.919903538546,-27,3
25407.919903538546,-27,3
25407.919903538546,-27,3
20868.65179923773,-16,3
25407.919903538546,-27,3
23733.063526122183,-21,3
25407.919903538546,-27,3
25407.919903538546,-27,3
24329.1358988258,-23,3
25870.79903668519,-28,3
25407.919903538546,-27,3
23733.063526122183,-21,3
23733.063526122183,-21,3
22316.657169293587,-18,3
23733.063526122183,-21,3
23733.063526122183,-21,3
25407.919903538546,-27,3
24134.50332445041,-22,3
21612.902167675722,-17,3
25870.79903668519,-28,3
25407.919903538546,-27,3
23733.063526122183,-21,3
21612.902167675722,-17,3
27314.250523027382,-36,4
26681.70114102843,-32,4
23022.569687281946,-20,4
27783.39268654988,-39,4
26681.70114102843,-32,4
26681.70114102843,-32,4
26681.70114102843,-32,4
26681.70114102843,-32,4
24738.464677627835,-22,4
26681.70114102843,-32,4
26681.70114102843,-32,4
25101.409647718025,-27,4
24738.464677627835,-22,4
27783.39268654988,-39,4
27783.39268654988,-39,4
26681.70114102843,-32,4
26681.70114102843,-32,4
26681.70114102843,-32,4
27783.39268654988,-39,4
26681.70114102843,-32,4
26681.70114102843,-32,4
26681.70114102843,-32,4
27783.39268654988,-39,4
27783.39268654988,-39,4
26681.70114102843,-32,4
26681.70114102843,-32,4
26681.70114102843,-32,4
26681.70114102843,-32,4
25101.409647718025,-27,4
26681.70114102843,-32,4
26681.70114102843,-32,4
26681.70114102843,-32,4
26681.70114102843,-32,4
27783.39268654988,-39,4
26681.70114102843,-32,4
27783.39268654988,-39,4
26681.70114102843,-32,4
26681.70114102843,-32,4
24197.35500991682,-21,4
27783.39268654988,-39,4
27783.39268654988,-39,4
26681.70114102843,-32,4
26681.70114102843,-32,4
25357.43239797716,-28,4
27783.39268654988,-39,4
26681.70114102843,-32,4
25357.43239797716,-28,4
27314.250523027382,-36,4
26681.70114102843,-32,4
27314.250523027382,-36,4
23022.569687281946,-20,4
27783.39268654988,-39,4
26681.70114102843,-32,4
26681.70114102843,-32,4
24738.464677627835,-22,4
26681.70114102843,-32,4
27783.39268654988,-39,4
27783.39268654988,-39,4
27783.39268654988,-39,4
27783.39268654988,-39,4
26681.70114102843,-32,4
27783.39268654988,-39,4
27783.39268654988,-39,4
26681.70114102843,-32,4
27783.39268654988,-39,4
26681.70114102843,-32,4
24738.464677627835,-22,4
26681.70114102843,-32,4
27783.39268654988,-39,4
27314.250523027382,-36,4
27783.39268654988,-39,4
27783.39268654988,-39,4
26681.70114102843,-32,4
27783.39268654988,-39,4
25921.534089711546,-29,4
26681.70114102843,-32,4
27783.39268654988,-39,4
27314.250523027382,-36,4
27783.39268654988,-39,4
27783.39268654988,-39,4
27314.250523027382,-36,4
27886.141696809398,-40,4
26681.70114102843,-32,4
27783.39268654988,-39,4
26681.70114102843,-32,4
26681.70114102843,-32,4
27753.022314569404,-38,4
26681.70114102843,-32,4
27783.39268654988,-39,4
27783.39268654988,-39,4
27783.39268654988,-39,4
27783.39268654988,-39,4
26681.70114102843,-32,4
26681.70114102843,-32,4
27314.250523027382,-36,4
27783.39268654988,-39,4
26681.70114102843,-32,4
26681.70114102843,-32,4
24738.464677627835,-22,4
27783.39268654988,-39,4
26681.70114102843,-32,4
27783.39268654988,-39,4
26681.70114102843,-32,4
27783.39268654988,-39,4
27783.39268654988,-39,4
23022.569687281946,-20,4
27783.39268654988,-39,4
27783.39268654988,-39,4
27783.39268654988,-39,4
26681.70114102843,-32,4
26681.70114102843,-32,4
26681.70114102843,-32,4
27783.39268654988,-39,4
26681.70114102843,-32,4
27783.39268654988,-39,4
24738.464677627835,-22,4
23022.569687281946,-20,4
27783.39268654988,-39,4
27783.39268654988,-39,4
26681.70114102843,-32,4
27783.39268654988,-39,4
26681.70114102843,-32,4
25101.409647718025,-27,4
26681.70114102843,-32,4
27753.022314569404,-38,4
27753.022314569404,-38,4
27783.39268654988,-39,4
26681.70114102843,-32,4
26681.70114102843,-32,4
27783.39268654988,-39,4
26681.70114102843,-32,4
26681.70114102843,-32,4
27783.39268654988,-39,4
26681.70114102843,-32,4
26681.70114102843,-32,4
25357.43239797716,-28,4
26681.70114102843,-32,4
27783.39268654988,-39,4
27685.176961441157,-37,4
26681.70114102843,-32,4
26681.70114102843,-32,4
26681.70114102843,-32,4
26681.70114102843,-32,4
27783.39268654988,-39,4
24738.464677627835,-22,4
27103.397820545997,-34,4
23022.569687281946,-20,4
24738.464677627835,-22,4
27783.39268654988,-39,4
27783.39268654988,-39,4
27783.39268654988,-39,4
27783.39268654988,-39,4
27783.39268654988,-39,4
26681.70114102843,-32,4
27783.39268654988,-39,4
26681.70114102843,-32,4
24738.464677627835,-22,4
26681.70114102843,-32,4
27783.39268654988,-39,4
24738.464677627835,-22,4
27783.39268654988,-39,4
26681.70114102843,-32,4
26681.70114102843,-32,4
26681.70114102843,-32,4
26681.70114102843,-32,4
26681.70114102843,-32,4
27783.39268654988,-39,4
23022.569687281946,-20,4
26681.70114102843,-32,4
26681.70114102843,-32,4
26681.70114102843,-32,4
26681.70114102843,-32,4
24738.464677627835,-22,4
26681.70114102843,-32,4
26208.241617747502,-30,4
27103.397820545997,-34,4
23022.569687281946,-20,4
26681.70114102843,-32,4
23022.569687281946,-20,4
26400.74075173959,-31,4
28215.216987759122,-41,4
27783.39268654988,-39,4
24738.464677627835,-22,4
27314.250523027382,-36,4
27783.39268654988,-39,4
27783.39268654988,-39,4
27783.39268654988,-39,4
26681.70114102843,-32,4
25101.409647718025,-27,4
26681.70114102843,-32,4
26681.70114102843,-32,4
27783.39268654988,-39,4
27783.39268654988,-39,4
26681.70114102843,-32,4
26681.70114102843,-32,4
26681.70114102843,-32,4
27783.39268654988,-39,4
27783.39268654988,-39,4
26681.70114102843,-32,4
24738.464677627835,-22,4
26681.70114102843,-32,4
26681.70114102843,-32,4
27783.39268654988,-39,4
26681.70114102843,-32,4
27783.39268654988,-39,4
27783.39268654988,-39,4
26681.70114102843,-32,4
26681.70114102843,-32,4
23022.569687281946,-20,4
27783.39268654988,-39,4
27783.39268654988,-39,4
27783.39268654988,-39,4
27082.865675691482,-33,4
24738.464677627835,-22,4
27783.39268654988,-39,4
27783.39268654988,-39,4
26681.70114102843,-32,4
26681.70114102843,-32,4
26681.70114102843,-32,4
26681.70114102843,-32,4
27783.39268654988,-39,4
26681.70114102843,-32,4
27783.39268654988,-39,4
24992.907769115332,-23,4
26681.70114102843,-32,4
27783.39268654988,-39,4
26681.70114102843,-32,4
27783.39268654988,-39,4
25357.43239797716,-28,4
27783.39268654988,-39,4
26482.816214595245,-28,5
26482.816214595245,-28,5
26482.816214595245,-28,5
26482.816214595245,-28,5
27076.647121407674,-33,5
27076.647121407674,-33,5
26482.816214595245,-28,5
26482.816214595245,-28,5
26482.816214595245,-28,5
26482.816214595245,-28,5
27042.63051848786,-32,5
26305.14913482489,-27,5
26482.816214595245,-28,5
26482.816214595245,-28,5
26482.816214595245,-28,5
26482.816214595245,-28,5
26482.816214595245,-28,5
23394.04014445847,-20,5
27042.63051848786,-32,5
27076.647121407674,-33,5
27076.647121407674,-33,5
25766.919617928288,-25,5
26482.816214595245,-28,5
27076.647121407674,-33,5
26861.02690337839,-31,5
23394.04014445847,-20,5
26482.816214595245,-28,5
27076.647121407674,-33,5
26482.816214595245,-28,5
26482.816214595245,-28,5
26482.816214595245,-28,5
26861.02690337839,-31,5
26482.816214595245,-28,5
26861.02690337839,-31,5
24646.694896091572,-22,5
24355.37930802348,-21,5
26482.816214595245,-28,5
24646.694896091572,-22,5
27076.647121407674,-33,5
27042.63051848786,-32,5
26482.816214595245,-28,5
27042.63051848786,-32,5
26482.816214595245,-28,5
23394.04014445847,-20,5
27076.647121407674,-33,5
23394.04014445847,-20,5
26482.816214595245,-28,5
27076.647121407674,-33,5
27076.647121407674,-33,5
26482.816214595245,-28,5
23394.04014445847,-20,5
26482.816214595245,-28,5
27076.647121407674,-33,5
24355.37930802348,-21,5
26482.816214595245,-28,5
26482.816214595245,-28,5
26482.816214595245,-28,5
26482.816214595245,-28,5
26482.816214595245,-28,5
27076.647121407674,-33,5
23394.04014445847,-20,5
27076.647121407674,-33,5
27042.63051848786,-32,5
26482.816214595245,-28,5
26482.816214595245,-28,5
26683.67511362644,-29,5
26683.67511362644,-29,5
27076.647121407674,-33,5
27076.647121407674,-33,5
27076.647121407674,-33,5
27076.647121407674,-33,5
26482.816214595245,-28,5
26482.816214595245,-28,5
26482.816214595245,-28,5
26482.816214595245,-28,5
27076.647121407674,-33,5
27076.647121407674,-33,5
26482.816214595245,-28,5
26482.816214595245,-28,5
26482.816214595245,-28,5
27076.647121407674,-33,5
26482.816214595245,-28,5
26482.816214595245,-28,5
26482.816214595245,-28,5
26482.816214595245,-28,5
27042.63051848786,-32,5
27076.647121407674,-33,5
26247.049666278166,-26,5
26482.816214595245,-28,5
27076.647121407674,-33,5
26482.816214595245,-28,5
23394.04014445847,-20,5
27076.647121407674,-33,5
27076.647121407674,-33,5
27042.63051848786,-32,5
27076.647121407674,-33,5
26482.816214595245,-28,5
27076.647121407674,-33,5
26482.816214595245,-28,5
26482.816214595245,-28,5
26482.816214595245,-28,5
26861.02690337839,-31,5
26482.816214595245,-28,5
24646.694896091572,-22,5
24355.37930802348,-21,5
26482.816214595245,-28,5
26482.816214595245,-28,5
27076.647121407674,-33,5
23394.04014445847,-20,5
26482.816214595245,-28,5
23394.04014445847,-20,5
26482.816214595245,-28,5
27076.647121407674,-33,5
26482.816214595245,-28,5
27076.647121407674,-33,5
26683.67511362644,-29,5
26482.816214595245,-28,5
27076.647121407674,-33,5
27076.647121407674,-33,5
26482.816214595245,-28,5
26482.816214595245,-28,5
26482.816214595245,-28,5
24646.694896091572,-22,5
27076.647121407674,-33,5
26482.816214595245,-28,5
27076.647121407674,-33,5
27076.647121407674,-33,5
26482.816214595245,-28,5
27076.647121407674,-33,5
27076.647121407674,-33,5
26482.816214595245,-28,5
27076.647121407674,-33,5
26482.816214595245,-28,5
27042.63051848786,-32,5
26482.816214595245,-28,5
27076.647121407674,-33,5
27042.63051848786,-32,5
26482.816214595245,-28,5
26861.02690337839,-31,5
27076.647121407674,-33,5
23394.04014445847,-20,5
26482.816214595245,-28,5
26482.816214595245,-28,5
27076.647121407674,-33,5
27042.63051848786,-32,5
26482.816214595245,-28,5
27042.63051848786,-32,5
26482.816214595245,-28,5
26482.816214595245,-28,5
26482.816214595245,-28,5
26482.816214595245,-28,5
27076.647121407674,-33,5
26482.816214595245,-28,5
26482.816214595245,-28,5
26849.565715069915,-30,5
23394.04014445847,-20,5
26482.816214595245,-28,5
27076.647121407674,-33,5
27076.647121407674,-33,5
27076.647121407674,-33,5
26482.816214595245,-28,5
27076.647121407674,-33,5
27042.63051848786,-32,5
25819.831095853217,-28,6
27366.716706148167,-38,6
27366.716706148167,-38,6
26468.04810852358,-31,6
26945.67850350846,-34,6
27366.716706148167,-38,6
27366.716706148167,-38,6
27366.716706148167,-38,6
27366.716706148167,-38,6
27366.716706148167,-38,6
27366.716706148167,-38,6
27366.716706148167,-38,6
26468.04810852358,-31,6
27366.716706148167,-38,6
26104.813657273342,-29,6
27366.716706148167,-38,6
27366.716706148167,-38,6
27366.716706148167,-38,6
27366.716706148167,-38,6
27366.716706148167,-38,6
27366.716706148167,-38,6
27366.716706148167,-38,6
26468.04810852358,-31,6
27366.716706148167,-38,6
26104.813657273342,-29,6
27366.716706148167,-38,6
26784.323591195684,-33,6
27366.716706148167,-38,6
27366.716706148167,-38,6
27366.716706148167,-38,6
26468.04810852358,-31,6
26468.04810852358,-31,6
26784.323591195684,-33,6
27366.716706148167,-38,6
26468.04810852358,-31,6
27366.716706148167,-38,6
27366.716706148167,-38,6
27366.716706148167,-38,6
27366.716706148167,-38,6
27366.716706148167,-38,6
27366.716706148167,-38,6
26784.323591195684,-33,6
26468.04810852358,-31,6
26468.04810852358,-31,6
27366.716706148167,-38,6
27366.716706148167,-38,6
27366.716706148167,-38,6
27366.716706148167,-38,6
27366.716706148167,-38,6
26468.04810852358,-31,6
26468.04810852358,-31,6
27366.716706148167,-38,6
27366.716706148167,-38,6
26104.813657273342,-29,6
27366.716706148167,-38,6
27366.716706148167,-38,6
27366.716706148167,-38,6
26468.04810852358,-31,6
27366.716706148167,-38,6
26468.04810852358,-31,6
27366.716706148167,-38,6
26468.04810852358,-31,6
26104.813657273342,-29,6
26468.04810852358,-31,6
27366.716706148167,-38,6
26468.04810852358,-31,6
27366.716706148167,-38,6
27366.716706148167,-38,6
27366.716706148167,-38,6
26468.04810852358,-31,6
27366.716706148167,-38,6
27366.716706148167,-38,6
27366.716706148167,-38,6
27366.716706148167,-38,6
27366.716706148167,-38,6
27366.716706148167,-38,6
26784.323591195684,-33,6
26468.04810852358,-31,6
27366.716706148167,-38,6
27366.716706148167,-38,6
27366.716706148167,-38,6
27366.716706148167,-38,6
27366.716706148167,-38,6
27366.716706148167,-38,6
27366.716706148167,-38,6
27366.716706148167,-38,6
27366.716706148167,-38,6
27366.716706148167,-38,6
27366.716706148167,-38,6
26468.04810852358,-31,6
26104.813657273342,-29,6
27366.716706148167,-38,6
27366.716706148167,-38,6
27366.716706148167,-38,6
26468.04810852358,-31,6
27366.716706148167,-38,6
26104.813657273342,-29,6
27366.716706148167,-38,6
27366.716706148167,-38,6
27366.716706148167,-38,6
27366.716706148167,-38,6
26945.67850350846,-34,6
26468.04810852358,-31,6
27366.716706148167,-38,6
27366.716706148167,-38,6
26104.813657273342,-29,6
26468.04810852358,-31,6
27366.716706148167,-38,6
26468.04810852358,-31,6
27366.716706148167,-38,6
27366.716706148167,-38,6
26468.04810852358,-31,6
27366.716706148167,-38,6
27366.716706148167,-38,6
27366.716706148167,-38,6
27366.716706148167,-38,6
27366.716706148167,-38,6
26104.813657273342,-29,6
27366.716706148167,-38,6
27366.716706148167,-38,6
27366.716706148167,-38,6
27366.716706148167,-38,6
26468.04810852358,-31,6
27366.716706148167,-38,6
27366.716706148167,-38,6
27366.716706148167,-38,6
27366.716706148167,-38,6
26468.04810852358,-31,6
27366.716706148167,-38,6
27366.716706148167,-38,6
27366.716706148167,-38,6
27366.716706148167,-38,6
26468.04810852358,-31,6
27366.716706148167,-38,6
27366.716706148167,-38,6
27366.716706148167,-38,6
26945.67850350846,-34,6
26104.813657273342,-29,6
26468.04810852358,-31,6
26468.04810852358,-31,6
27366.716706148167,-38,6
26468.04810852358,-31,6
26468.04810852358,-31,6
27366.716706148167,-38,6
27366.716706148167,-38,6
27366.716706148167,-38,6
26784.323591195684,-33,6
27366.716706148167,-38,6
27048.464863989626,-35,6
27366.716706148167,-38,6
27366.716706148167,-38,6
27366.716706148167,-38,6
27366.716706148167,-38,6
27366.716706148167,-38,6
24935.54661229689,-26,6
27366.716706148167,-38,6
27366.716706148167,-38,6
27366.716706148167,-38,6
27366.716706148167,-38,6
26468.04810852358,-31,6
26468.04810852358,-31,6
27366.716706148167,-38,6
27366.716706148167,-38,6
27366.716706148167,-38,6
27366.716706148167,-38,6
27366.716706148167,-38,6
27366.716706148167,-38,6
27366.716706148167,-38,6
27366.716706148167,-38,6
26468.04810852358,-31,6
27366.716706148167,-38,6
27366.716706148167,-38,6
26468.04810852358,-31,6
27366.716706148167,-38,6
26646.906703923214,-32,6
27366.716706148167,-38,6
27366.716706148167,-38,6
27366.716706148167,-38,6
27366.716706148167,-38,6
26468.04810852358,-31,6
27366.716706148167,-38,6
27366.716706148167,-38,6
27366.716706148167,-38,6
27366.716706148167,-38,6
26945.67850350846,-34,6
27366.716706148167,-38,6
26945.67850350846,-34,6
27366.716706148167,-38,6
26468.04810852358,-31,6
26468.04810852358,-31,6
27366.716706148167,-38,6
27366.716706148167,-38,6
27048.464863989626,-35,6
27366.716706148167,-38,6
27366.716706148167,-38,6
27366.716706148167,-38,6
27366.716706148167,-38,6
27366.716706148167,-38,6
26468.04810852358,-31,6
27366.716706148167,-38,6
27366.716706148167,-38,6
27366.716706148167,-38,6
27366.716706148167,-38,6
27366.716706148167,-38,6
27366.716706148167,-38,6
27366.716706148167,-38,6
24935.54661229689,-26,6
27366.716706148167,-38,6
27366.716706148167,-38,6
26104.813657273342,-29,6
26104.813657273342,-29,6
27366.716706148167,-38,6
27366.716706148167,-38,6
27366.716706148167,-38,6
27366.716706148167,-38,6
26468.04810852358,-31,6
27366.716706148167,-38,6
27366.716706148167,-38,6
27366.716706148167,-38,6
27366.716706148167,-38,6
27366.716706148167,-38,6
26104.813657273342,-29,6
27366.716706148167,-38,6
27366.716706148167,-38,6
27366.716706148167,-38,6
27366.716706148167,-38,6
27366.716706148167,-38,6
27366.716706148167,-38,6
26468.04810852358,-31,6
27366.716706148167,-38,6
26468.04810852358,-31,6
27366.716706148167,-38,6
27366.716706148167,-38,6
27366.716706148167,-38,6
27366.716706148167,-38,6
27366.716706148167,-38,6
27366.716706148167,-38,6
27366.716706148167,-38,6
27366.716706148167,-38,6
27366.716706148167,-38,6
27366.716706148167,-38,6
27366.716706148167,-38,6
27366.716706148167,-38,6
27366.716706148167,-38,6
26468.04810852358,-31,6
27366.716706148167,-38,6
26468.04810852358,-31,6
27366.716706148167,-38,6
26468.04810852358,-31,6
27366.716706148167,-38,6
27366.716706148167,-38,6
26646.906703923214,-32,6
26468.04810852358,-31,6
26945.67850350846,-34,6
26468.04810852358,-31,6
27366.716706148167,-38,6
27048.464863989626,-35,6
27366.716706148167,-38,6
27366.716706148167,-38,6
27366.716706148167,-38,6
27366.716706148167,-38,6
27366.716706148167,-38,6
27366.716706148167,-38,6
27366.716706148167,-38,6
27366.716706148167,-38,6
26468.04810852358,-31,6
27366.716706148167,-38,6
27366.716706148167,-38,6
27366.716706148167,-38,6
27366.716706148167,-38,6
26945.67850350846,-34,6
27366.716706148167,-38,6
27366.716706148167,-38,6
27366.716706148167,-38,6
27366.716706148167,-38,6
27366.716706148167,-38,6
27366.716706148167,-38,6
27366.716706148167,-38,6
27366.716706148167,-38,6
27366.716706148167,-38,6
27366.716706148167,-38,6
27366.716706148167,-38,6
27366.716706148167,-38,6
27366.716706148167,-38,6
27366.716706148167,-38,6
27366.716706148167,-38,6
27366.716706148167,-38,6
27048.464863989626,-35,6
27366.716706148167,-38,6
27366.716706148167,-38,6
26468.04810852358,-31,6
27366.716706148167,-38,6
26104.813657273342,-29,6
27366.716706148167,-38,6
27366.716706148167,-38,6
26468.04810852358,-31,6
27366.716706148167,-38,6
27366.716706148167,-38,6
27366.716706148167,-38,6
26468.04810852358,-31,6
26468.04810852358,-31,6
26945.67850350846,-34,6
26104.813657273342,-29,6
26468.04810852358,-31,6
27366.716706148167,-38,6
26104.813657273342,-29,6
27048.464863989626,-35,6
27366.716706148167,-38,6
27366.716706148167,-38,6
27366.716706148167,-38,6
27048.464863989626,-35,6
27366.716706148167,-38,6
27366.716706148167,-38,6
27366.716706148167,-38,6
27366.716706148167,-38,6
27366.716706148167,-38,6
27567.239816143363,-39,6
27366.716706148167,-38,6
27366.716706148167,-38,6
26468.04810852358,-31,6
27366.716706148167,-38,6
27366.716706148167,-38,6
26646.906703923214,-32,6
27366.716706148167,-38,6
26468.04810852358,-31,6
27366.716706148167,-38,6
26468.04810852358,-31,6
26468.04810852358,-31,6
26104.813657273342,-29,6
27366.716706148167,-38,6
27366.716706148167,-38,6
27366.716706148167,-38,6
27366.716706148167,-38,6
26468.04810852358,-31,6
27366.716706148167,-38,6
27366.716706148167,-38,6
26646.906703923214,-32,6
27366.716706148167,-38,6
27366.716706148167,-38,6
27366.716706148167,-38,6
27366.716706148167,-38,6
27366.716706148167,-38,6
27366.716706148167,-38,6
27366.716706148167,-38,6
27366.716706148167,-38,6
27366.716706148167,-38,6
27366.716706148167,-38,6
27366.716706148167,-38,6
26104.813657273342,-29,6
27366.716706148167,-38,6
27366.716706148167,-38,6
27366.716706148167,-38,6
26468.04810852358,-31,6
26104.813657273342,-29,6
26468.04810852358,-31,6
27366.716706148167,-38,6
27366.716706148167,-38,6
26945.67850350846,-34,6
26104.813657273342,-29,6
27366.716706148167,-38,6
27366.716706148167,-38,6
26104.813657273342,-29,6
27366.716706148167,-38,6
27366.716706148167,-38,6
27366.716706148167,-38,6
27366.716706148167,-38,6
26784.323591195684,-33,6
27366.716706148167,-38,6
27366.716706148167,-38,6
27366.716706148167,-38,6
27366.716706148167,-38,6
26468.04810852358,-31,6
27366.716706148167,-38,6
27366.716706148167,-38,6
26468.04810852358,-31,6
27321.657435566227,-36,6
27366.716706148167,-38,6
27366.716706148167,-38,6
27366.716706148167,-38,6
27366.716706148167,-38,6
27567.239816143363,-39,6
26468.04810852358,-31,6
26468.04810852358,-31,6
25423.342978218087,-27,6
27366.716706148167,-38,6
27366.716706148167,-38,6
26468.04810852358,-31,6
26945.67850350846,-34,6
27366.716706148167,-38,6
26784.323591195684,-33,6
27567.239816143363,-39,6
27366.716706148167,-38,6
27366.716706148167,-38,6
27366.716706148167,-38,6
27366.716706148167,-38,6
26104.813657273342,-29,6
26468.04810852358,-31,6
27366.716706148167,-38,6
26784.323591195684,-33,6
26367.60358004839,-30,6
27366.716706148167,-38,6
27366.716706148167,-38,6
26468.04810852358,-31,6
27366.716706148167,-38,6
26468.04810852358,-31,6
27366.716706148167,-38,6
27366.716706148167,-38,6
27366.716706148167,-38,6
27366.716706148167,-38,6
27366.716706148167,-38,6
26468.04810852358,-31,6
27366.716706148167,-38,6
27366.716706148167,-38,6
27048.464863989626,-35,6
26468.04810852358,-31,6
27366.716706148167,-38,6
27366.716706148167,-38,6
27366.716706148167,-38,6
27366.716706148167,-38,6
26468.04810852358,-31,6
27366.716706148167,-38,6
27366.716706148167,-38,6
26468.04810852358,-31,6
27366.716706148167,-38,6
27366.716706148167,-38,6
27366.716706148167,-38,6
27366.716706148167,-38,6
27366.716706148167,-38,6
27366.716706148167,-38,6
26104.813657273342,-29,6
27366.716706148167,-38,6
27366.716706148167,-38,6
27366.716706148167,-38,6
27366.716706148167,-38,6
26468.04810852358,-31,6
26945.67850350846,-34,6
26945.67850350846,-34,6
27366.716706148167,-38,6
27366.716706148167,-38,6
27366.716706148167,-38,6
27366.716706148167,-38,6
27397.748143572884,-34,7
27397.748143572884,-34,7
27397.748143572884,-34,7
27397.748143572884,-34,7
27397.748143572884,-34,7
25683.658605115263,-25,7
27397.748143572884,-34,7
26736.07017729046,-30,7
27397.748143572884,-34,7
18509.85475672496,-17,7
27397.748143572884,-34,7
27397.748143572884,-34,7
27397.748143572884,-34,7
27397.748143572884,-34,7
25683.658605115263,-25,7
27397.748143572884,-34,7
25683.658605115263,-25,7
27397.748143572884,-34,7
27397.748143572884,-34,7
27397.748143572884,-34,7
26736.07017729046,-30,7
27397.748143572884,-34,7
27397.748143572884,-34,7
27397.748143572884,-34,7
27397.748143572884,-34,7
27397.748143572884,-34,7
27397.748143572884,-34,7
27397.748143572884,-34,7
27397.748143572884,-34,7
27397.748143572884,-34,7
27397.748143572884,-34,7
27397.748143572884,-34,7
26736.07017729046,-30,7
27397.748143572884,-34,7
27397.748143572884,-34,7
27397.748143572884,-34,7
27397.748143572884,-34,7
27397.748143572884,-34,7
21110.820524382747,-18,7
27397.748143572884,-34,7
27397.748143572884,-34,7
27397.748143572884,-34,7
27397.748143572884,-34,7
24316.460402344892,-20,7
27397.748143572884,-34,7
27397.748143572884,-34,7
27397.748143572884,-34,7
27397.748143572884,-34,7
27397.748143572884,-34,7
27397.748143572884,-34,7
27397.748143572884,-34,7
27397.748143572884,-34,7
27397.748143572884,-34,7
26736.07017729046,-30,7
27397.748143572884,-34,7
27397.748143572884,-34,7
26736.07017729046,-30,7
27397.748143572884,-34,7
27397.748143572884,-34,7
27397.748143572884,-34,7
26736.07017729046,-30,7
26538.900047853815,-29,7
27249.89241142128,-32,7
27397.748143572884,-34,7
27397.748143572884,-34,7
27397.748143572884,-34,7
27397.748143572884,-34,7
27397.748143572884,-34,7
27397.748143572884,-34,7
27397.748143572884,-34,7
25683.658605115263,-25,7
27397.748143572884,-34,7
27397.748143572884,-34,7
27397.748143572884,-34,7
27798.912793530682,-35,7
26736.07017729046,-30,7
26736.07017729046,-30,7
27397.748143572884,-34,7
25683.658605115263,-25,7
27397.748143572884,-34,7
25683.658605115263,-25,7
27397.748143572884,-34,7
24430.761413204687,-23,7
26736.07017729046,-30,7
27397.748143572884,-34,7
27798.912793530682,-35,7
27397.748143572884,-34,7
27397.748143572884,-34,7
27397.748143572884,-34,7
27798.912793530682,-35,7
27397.748143572884,-34,7
27397.748143572884,-34,7
18509.85475672496,-17,7
27397.748143572884,-34,7
27397.748143572884,-34,7
27798.912793530682,-35,7
26736.07017729046,-30,7
25683.658605115263,-25,7
26736.07017729046,-30,7
26736.07017729046,-30,7
26736.07017729046,-30,7
25683.658605115263,-25,7
27397.748143572884,-34,7
25683.658605115263,-25,7
27397.748143572884,-34,7
24430.761413204687,-23,7
27397.748143572884,-34,7
18509.85475672496,-17,7
27397.748143572884,-34,7
25683.658605115263,-25,7
26736.07017729046,-30,7
18509.85475672496,-17,7
26736.07017729046,-30,7
27397.748143572884,-34,7
27397.748143572884,-34,7
27397.748143572884,-34,7
27397.748143572884,-34,7
25683.658605115263,-25,7
27397.748143572884,-34,7
27397.748143572884,-34,7
27397.748143572884,-34,7
27397.748143572884,-34,7
27397.748143572884,-34,7
27397.748143572884,-34,7
27397.748143572884,-34,7
27397.748143572884,-34,7
27397.748143572884,-34,7
27397.748143572884,-34,7
27397.748143572884,-34,7
27397.748143572884,-34,7
25683.658605115263,-25,7
27397.748143572884,-34,7
27397.748143572884,-34,7
24430.761413204687,-23,7
27397.748143572884,-34,7
27397.748143572884,-34,7
21110.820524382747,-18,7
27397.748143572884,-34,7
26736.07017729046,-30,7
27397.748143572884,-34,7
27397.748143572884,-34,7
27397.748143572884,-34,7
27397.748143572884,-34,7
26736.07017729046,-30,7
26736.07017729046,-30,7
27397.748143572884,-34,7
27397.748143572884,-34,7
27397.748143572884,-34,7
27397.748143572884,-34,7
24430.761413204687,-23,7
24430.761413204687,-23,7
26736.07017729046,-30,7
27397.748143572884,-34,7
27397.748143572884,-34,7
27397.748143572884,-34,7
26736.07017729046,-30,7
27275.459988168892,-33,7
26736.07017729046,-30,7
27397.748143572884,-34,7
27397.748143572884,-34,7
27397.748143572884,-34,7
27798.912793530682,-35,7
27397.748143572884,-34,7
27397.748143572884,-34,7
27397.748143572884,-34,7
27397.748143572884,-34,7
25683.658605115263,-25,7
27397.748143572884,-34,7
27397.748143572884,-34,7
27397.748143572884,-34,7
27397.748143572884,-34,7
27397.748143572884,-34,7
27275.459988168892,-33,7
27397.748143572884,-34,7
27397.748143572884,-34,7
27397.748143572884,-34,7
24430.761413204687,-23,7
27397.748143572884,-34,7
27397.748143572884,-34,7
27397.748143572884,-34,7
27397.748143572884,-34,7
24316.460402344892,-20,7
27397.748143572884,-34,7
27397.748143572884,-34,7
27397.748143572884,-34,7
27397.748143572884,-34,7
27397.748143572884,-34,7
27397.748143572884,-34,7
27798.912793530682,-35,7
27397.748143572884,-34,7
27397.748143572884,-34,7
21110.820524382747,-18,7
27397.748143572884,-34,7
27397.748143572884,-34,7
27397.748143572884,-34,7
27397.748143572884,-34,7
27397.748143572884,-34,7
27397.748143572884,-34,7
27397.748143572884,-34,7
27397.748143572884,-34,7
27397.748143572884,-34,7
27397.748143572884,-34,7
24430.761413204687,-23,7
27397.748143572884,-34,7
27397.748143572884,-34,7
25683.658605115263,-25,7
25683.658605115263,-25,7
23186.597631794397,-19,7
27397.748143572884,-34,7
27397.748143572884,-34,7
26736.07017729046,-30,7
27397.748143572884,-34,7
25683.658605115263,-25,7
27798.912793530682,-35,7
24430.761413204687,-23,7
24430.761413204687,-23,7
26736.07017729046,-30,7
27397.748143572884,-34,7
27397.748143572884,-34,7
27397.748143572884,-34,7
24430.761413204687,-23,7
27397.748143572884,-34,7
27798.912793530682,-35,7
25683.658605115263,-25,7
27397.748143572884,-34,7
27397.748143572884,-34,7
24430.761413204687,-23,7
26736.07017729046,-30,7
27397.748143572884,-34,7
26736.07017729046,-30,7
25683.658605115263,-25,7
27397.748143572884,-34,7
27397.748143572884,-34,7
26736.07017729046,-30,7
27397.748143572884,-34,7
27397.748143572884,-34,7
27397.748143572884,-34,7
27397.748143572884,-34,7
26736.07017729046,-30,7
21110.820524382747,-18,7
27397.748143572884,-34,7
27397.748143572884,-34,7
27397.748143572884,-34,7
25683.658605115263,-25,7
23186.597631794397,-19,7
27397.748143572884,-34,7
27397.748143572884,-34,7
27397.748143572884,-34,7
27397.748143572884,-34,7
27397.748143572884,-34,7
27397.748143572884,-34,7
27397.748143572884,-34,7
27275.459988168892,-33,7
26736.07017729046,-30,7
25683.658605115263,-25,7
27798.912793530682,-35,7
27397.748143572884,-34,7
27397.748143572884,-34,7
27397.748143572884,-34,7
27397.748143572884,-34,7
27397.748143572884,-34,7
24430.761413204687,-23,7
27397.748143572884,-34,7
27397.748143572884,-34,7
24430.761413204687,-23,7
26736.07017729046,-30,7
27397.748143572884,-34,7
27397.748143572884,-34,7
27397.748143572884,-34,7
25204.683209720923,-24,7
27397.748143572884,-34,7
27397.748143572884,-34,7
27397.748143572884,-34,7
26736.07017729046,-30,7
27397.748143572884,-34,7
27397.748143572884,-34,7
27397.748143572884,-34,7
27397.748143572884,-34,7
27397.748143572884,-34,7
27397.748143572884,-34,7
27397.748143572884,-34,7
27397.748143572884,-34,7
27397.748143572884,-34,7
27275.459988168892,-33,7
26736.07017729046,-30,7
27397.748143572884,-34,7
27397.748143572884,-34,7
25683.658605115263,-25,7
27397.748143572884,-34,7
24430.761413204687,-23,7
27397.748143572884,-34,7
27397.748143572884,-34,7
27798.912793530682,-35,7
25683.658605115263,-25,7
27397.748143572884,-34,7
27397.748143572884,-34,7
27397.748143572884,-34,7
27397.748143572884,-34,7
27397.748143572884,-34,7
27397.748143572884,-34,7
27397.748143572884,-34,7
26736.07017729046,-30,7
27072.541033650312,-31,7
27397.748143572884,-34,7
27397.748143572884,-34,7
25683.658605115263,-25,7
27397.748143572884,-34,7
27397.748143572884,-34,7
27397.748143572884,-34,7
27397.748143572884,-34,7
27275.459988168892,-33,7
21110.820524382747,-18,7
27397.748143572884,-34,7
27275.459988168892,-33,7
25683.658605115263,-25,7
24316.460402344892,-20,7
27397.748143572884,-34,7
26736.07017729046,-30,7
27397.748143572884,-34,7
27397.748143572884,-34,7
27397.748143572884,-34,7
27397.748143572884,-34,7
24430.761413204687,-23,7
27798.912793530682,-35,7
27397.748143572884,-34,7
27397.748143572884,-34,7
27397.748143572884,-34,7
27397.748143572884,-34,7
26736.07017729046,-30,7
24430.761413204687,-23,7
24430.761413204687,-23,7
25683.658605115263,-25,7
26736.07017729046,-30,7
25683.658605115263,-25,7
27397.748143572884,-34,7
27397.748143572884,-34,7
27397.748143572884,-34,7
24430.761413204687,-23,7
27397.748143572884,-34,7
27397.748143572884,-34,7
26736.07017729046,-30,7
27397.748143572884,-34,7
27397.748143572884,-34,7
27397.748143572884,-34,7
27397.748143572884,-34,7
27397.748143572884,-34,7
27397.748143572884,-34,7
24430.761413204687,-23,7
27275.459988168892,-33,7
23186.597631794397,-19,7
27397.748143572884,-34,7
27397.748143572884,-34,7
27397.748143572884,-34,7
27397.748143572884,-34,7
27397.748143572884,-34,7
18509.85475672496,-17,7
27397.748143572884,-34,7
24430.761413204687,-23,7
27397.748143572884,-34,7
27798.912793530682,-35,7
27397.748143572884,-34,7
27397.748143572884,-34,7
27397.748143572884,-34,7
25683.658605115263,-25,7
27397.748143572884,-34,7
27397.748143572884,-34,7
27397.748143572884,-34,7
27397.748143572884,-34,7
27397.748143572884,-34,7
27798.912793530682,-35,7
27397.748143572884,-34,7
25221.594471204175,-23,8
25221.594471204175,-23,8
25221.594471204175,-23,8
25221.594471204175,-23,8
25221.594471204175,-23,8
25783.661198037466,-26,8
25221.594471204175,-23,8
25221.594471204175,-23,8
25221.594471204175,-23,8
25221.594471204175,-23,8
25221.594471204175,-23,8
25221.594471204175,-23,8
25221.594471204175,-23,8
25783.661198037466,-26,8
25020.691389272873,-22,8
25221.594471204175,-23,8
25221.594471204175,-23,8
25221.594471204175,-23,8
25221.594471204175,-23,8
25221.594471204175,-23,8
25783.661198037466,-26,8
25221.594471204175,-23,8
25783.661198037466,-26,8
25221.594471204175,-23,8
25221.594471204175,-23,8
25221.594471204175,-23,8
25221.594471204175,-23,8
25221.594471204175,-23,8
25221.594471204175,-23,8
25783.661198037466,-26,8
25221.594471204175,-23,8
25221.594471204175,-23,8
25221.594471204175,-23,8
24162.62948140097,-19,8
25221.594471204175,-23,8
25221.594471204175,-23,8
25221.594471204175,-23,8
25221.594471204175,-23,8
25221.594471204175,-23,8
25221.594471204175,-23,8
25783.661198037466,-26,8
25221.594471204175,-23,8
25221.594471204175,-23,8
25221.594471204175,-23,8
25783.661198037466,-26,8
25221.594471204175,-23,8
25020.691389272873,-22,8
25221.594471204175,-23,8
25221.594471204175,-23,8
25221.594471204175,-23,8
25221.594471204175,-23,8
25221.594471204175,-23,8
25783.661198037466,-26,8
25221.594471204175,-23,8
25221.594471204175,-23,8
25221.594471204175,-23,8
25221.594471204175,-23,8
25221.594471204175,-23,8
25221.594471204175,-23,8
25221.594471204175,-23,8
25221.594471204175,-23,8
25221.594471204175,-23,8
25783.661198037466,-26,8
25221.594471204175,-23,8
25221.594471204175,-23,8
25221.594471204175,-23,8
25221.594471204175,-23,8
25221.594471204175,-23,8
25221.594471204175,-23,8
25221.594471204175,-23,8
25221.594471204175,-23,8
26733.75503731898,-31,8
25221.594471204175,-23,8
25020.691389272873,-22,8
25221.594471204175,-23,8
25221.594471204175,-23,8
25221.594471204175,-23,8
25783.661198037466,-26,8
25783.661198037466,-26,8
26106.878164161768,-29,8
25221.594471204175,-23,8
25221.594471204175,-23,8
25221.594471204175,-23,8
25221.594471204175,-23,8
25783.661198037466,-26,8
25783.661198037466,-26,8
25783.661198037466,-26,8
25221.594471204175,-23,8
25221.594471204175,-23,8
25221.594471204175,-23,8
25221.594471204175,-23,8
25221.594471204175,-23,8
25221.594471204175,-23,8
25783.661198037466,-26,8
25221.594471204175,-23,8
25221.594471204175,-23,8
25221.594471204175,-23,8
25221.594471204175,-23,8
25783.661198037466,-26,8
25221.594471204175,-23,8
25221.594471204175,-23,8
25221.594471204175,-23,8
25221.594471204175,-23,8
25221.594471204175,-23,8
25221.594471204175,-23,8
25221.594471204175,-23,8
25221.594471204175,-23,8
25221.594471204175,-23,8
25221.594471204175,-23,8
25783.661198037466,-26,8
25783.661198037466,-26,8
25783.661198037466,-26,8
25221.594471204175,-23,8
25221.594471204175,-23,8
25221.594471204175,-23,8
25221.594471204175,-23,8
25020.691389272873,-22,8
25221.594471204175,-23,8
25783.661198037466,-26,8
25221.594471204175,-23,8
25221.594471204175,-23,8
25783.661198037466,-26,8
25221.594471204175,-23,8
25221.594471204175,-23,8
25783.661198037466,-26,8
26106.878164161768,-29,8
25221.594471204175,-23,8
25783.661198037466,-26,8
25221.594471204175,-23,8
25221.594471204175,-23,8
25221.594471204175,-23,8
25221.594471204175,-23,8
25221.594471204175,-23,8
25221.594471204175,-23,8
25221.594471204175,-23,8
25221.594471204175,-23,8
25783.661198037466,-26,8
25221.594471204175,-23,8
25783.661198037466,-26,8
25221.594471204175,-23,8
25783.661198037466,-26,8
25783.661198037466,-26,8
25221.594471204175,-23,8
25221.594471204175,-23,8
25221.594471204175,-23,8
26307.78575147341,-30,8
26106.878164161768,-29,8
25783.661198037466,-26,8
25221.594471204175,-23,8
25221.594471204175,-23,8
25221.594471204175,-23,8
25221.594471204175,-23,8
25783.661198037466,-26,8
25221.594471204175,-23,8
25221.594471204175,-23,8
25221.594471204175,-23,8
25221.594471204175,-23,8
25221.594471204175,-23,8
25221.594471204175,-23,8
25221.594471204175,-23,8
25707.191745881675,-24,8
25221.594471204175,-23,8
25221.594471204175,-23,8
25221.594471204175,-23,8
25221.594471204175,-23,8
25221.594471204175,-23,8
25783.661198037466,-26,8
25221.594471204175,-23,8
25783.661198037466,-26,8
25020.691389272873,-22,8
24655.630991912913,-21,8
25221.594471204175,-23,8
25221.594471204175,-23,8
25783.661198037466,-26,8
25221.594471204175,-23,8
25783.661198037466,-26,8
25221.594471204175,-23,8
25221.594471204175,-23,8
25783.661198037466,-26,8
25221.594471204175,-23,8
25020.691389272873,-22,8
25783.661198037466,-26,8
25221.594471204175,-23,8
25221.594471204175,-23,8
25783.661198037466,-26,8
25221.594471204175,-23,8
25221.594471204175,-23,8
25221.594471204175,-23,8
25783.661198037466,-26,8
24655.630991912913,-21,8
25783.661198037466,-26,8
25221.594471204175,-23,8
25221.594471204175,-23,8
25221.594471204175,-23,8
26106.878164161768,-29,8
25221.594471204175,-23,8
25221.594471204175,-23,8
25221.594471204175,-23,8
25783.661198037466,-26,8
25221.594471204175,-23,8
25221.594471204175,-23,8
25221.594471204175,-23,8
25221.594471204175,-23,8
25783.661198037466,-26,8
25783.661198037466,-26,8
25783.661198037466,-26,8
25020.691389272873,-22,8
25221.594471204175,-23,8
25221.594471204175,-23,8
25221.594471204175,-23,8
25221.594471204175,-23,8
25783.661198037466,-26,8
25221.594471204175,-23,8
25783.661198037466,-26,8
25221.594471204175,-23,8
25221.594471204175,-23,8
25221.594471204175,-23,8
25221.594471204175,-23,8
25221.594471204175,-23,8
25221.594471204175,-23,8
25221.594471204175,-23,8
25221.594471204175,-23,8
25020.691389272873,-22,8
25221.594471204175,-23,8
26106.878164161768,-29,8
25221.594471204175,-23,8
25221.594471204175,-23,8
25221.594471204175,-23,8
25783.661198037466,-26,8
25783.661198037466,-26,8
25221.594471204175,-23,8
24438.14635895159,-20,8
26106.878164161768,-29,8
25221.594471204175,-23,8
25221.594471204175,-23,8
25221.594471204175,-23,8
25783.661198037466,-26,8
25221.594471204175,-23,8
25221.594471204175,-23,8
25221.594471204175,-23,8
25221.594471204175,-23,8
25221.594471204175,-23,8
25707.191745881675,-24,8
26106.878164161768,-29,8
25221.594471204175,-23,8
25221.594471204175,-23,8
25221.594471204175,-23,8
25221.594471204175,-23,8
25221.594471204175,-23,8
25783.661198037466,-26,8
25221.594471204175,-23,8
25221.594471204175,-23,8
26793.684728119195,-29,9
26793.684728119195,-29,9
26793.684728119195,-29,9
26793.684728119195,-29,9
26793.684728119195,-29,9
28126.217843397208,-33,9
26793.684728119195,-29,9
28405.29050446528,-38,9
26793.684728119195,-29,9
26793.684728119195,-29,9
26793.684728119195,-29,9
26793.684728119195,-29,9
28126.217843397208,-33,9
26793.684728119195,-29,9
26793.684728119195,-29,9
26793.684728119195,-29,9
26898.28401792094,-30,9
26793.684728119195,-29,9
26793.684728119195,-29,9
26793.684728119195,-29,9
26793.684728119195,-29,9
26898.28401792094,-30,9
28126.217843397208,-33,9
26793.684728119195,-29,9
26793.684728119195,-29,9
26793.684728119195,-29,9
26793.684728119195,-29,9
26793.684728119195,-29,9
26793.684728119195,-29,9
26898.28401792094,-30,9
28126.217843397208,-33,9
26793.684728119195,-29,9
26793.684728119195,-29,9
26793.684728119195,-29,9
26793.684728119195,-29,9
26793.684728119195,-29,9
27308.05315740331,-31,9
28126.217843397208,-33,9
26793.684728119195,-29,9
27308.05315740331,-31,9
28126.217843397208,-33,9
26793.684728119195,-29,9
26898.28401792094,-30,9
26793.684728119195,-29,9
27308.05315740331,-31,9
28126.217843397208,-33,9
26793.684728119195,-29,9
26793.684728119195,-29,9
26793.684728119195,-29,9
26793.684728119195,-29,9
26898.28401792094,-30,9
27308.05315740331,-31,9
26793.684728119195,-29,9
28126.217843397208,-33,9
26793.684728119195,-29,9
27308.05315740331,-31,9
26793.684728119195,-29,9
26793.684728119195,-29,9
26793.684728119195,-29,9
27923.758693947995,-32,9
26793.684728119195,-29,9
26793.684728119195,-29,9
26793.684728119195,-29,9
22626.72841634129,-26,9
26793.684728119195,-29,9
23425.925043306357,-27,9
23425.925043306357,-27,9
26793.684728119195,-29,9
28126.217843397208,-33,9
26793.684728119195,-29,9
28126.217843397208,-33,9
26793.684728119195,-29,9
26793.684728119195,-29,9
28126.217843397208,-33,9
26898.28401792094,-30,9
26793.684728119195,-29,9
26793.684728119195,-29,9
26473.487661610714,-28,9
26793.684728119195,-29,9
26793.684728119195,-29,9
26793.684728119195,-29,9
26793.684728119195,-29,9
26793.684728119195,-29,9
26898.28401792094,-30,9
26793.684728119195,-29,9
26793.684728119195,-29,9
27308.05315740331,-31,9
26793.684728119195,-29,9
26793.684728119195,-29,9
26793.684728119195,-29,9
26793.684728119195,-29,9
26793.684728119195,-29,9
26898.28401792094,-30,9
26793.684728119195,-29,9
23425.925043306357,-27,9
26793.684728119195,-29,9
26793.684728119195,-29,9
28308.632823077147,-37,9
28126.217843397208,-33,9
26793.684728119195,-29,9
26898.28401792094,-30,9
26793.684728119195,-29,9
26793.684728119195,-29,9
28126.217843397208,-33,9
25981.012704189394,-28,10
26552.44435623761,-33,10
25981.012704189394,-28,10
25981.012704189394,-28,10
25981.012704189394,-28,10
25981.012704189394,-28,10
25981.012704189394,-28,10
25981.012704189394,-28,10
25981.012704189394,-28,10
25981.012704189394,-28,10
21087.035793144525,-16,10
25981.012704189394,-28,10
25981.012704189394,-28,10
25981.012704189394,-28,10
25981.012704189394,-28,10
25981.012704189394,-28,10
24187.589142193072,-20,10
25981.012704189394,-28,10
25981.012704189394,-28,10
26181.496201304915,-29,10
25981.012704189394,-28,10
26181.496201304915,-29,10
25981.012704189394,-28,10
25981.012704189394,-28,10
25981.012704189394,-28,10
25981.012704189394,-28,10
25981.012704189394,-28,10
25981.012704189394,-28,10
25981.012704189394,-28,10
21087.035793144525,-16,10
22986.42898130622,-17,10
26552.44435623761,-33,10
25981.012704189394,-28,10
25981.012704189394,-28,10
21087.035793144525,-16,10
25981.012704189394,-28,10
25981.012704189394,-28,10
25981.012704189394,-28,10
25981.012704189394,-28,10
25981.012704189394,-28,10
25981.012704189394,-28,10
25981.012704189394,-28,10
26181.496201304915,-29,10
24187.589142193072,-20,10
25981.012704189394,-28,10
25981.012704189394,-28,10
25981.012704189394,-28,10
25981.012704189394,-28,10
24481.0307052746,-22,10
25981.012704189394,-28,10
25981.012704189394,-28,10
25981.012704189394,-28,10
25981.012704189394,-28,10
26181.496201304915,-29,10
24481.0307052746,-22,10
25981.012704189394,-28,10
25981.012704189394,-28,10
25981.012704189394,-28,10
24187.589142193072,-20,10
25981.012704189394,-28,10
25981.012704189394,-28,10
25981.012704189394,-28,10
25981.012704189394,-28,10
25981.012704189394,-28,10
25981.012704189394,-28,10
22986.42898130622,-17,10
21087.035793144525,-16,10
25981.012704189394,-28,10
25981.012704189394,-28,10
25981.012704189394,-28,10
25981.012704189394,-28,10
25981.012704189394,-28,10
25724.805143592584,-26,10
26666.685429272773,-34,10
25981.012704189394,-28,10
25981.012704189394,-28,10
25981.012704189394,-28,10
25981.012704189394,-28,10
21087.035793144525,-16,10
25981.012704189394,-28,10
26666.685429272773,-34,10
21087.035793144525,-16,10
25981.012704189394,-28,10
25981.012704189394,-28,10
25981.012704189394,-28,10
25981.012704189394,-28,10
26181.496201304915,-29,10
25981.012704189394,-28,10
25981.012704189394,-28,10
25981.012704189394,-28,10
26181.496201304915,-29,10
25981.012704189394,-28,10
25981.012704189394,-28,10
21087.035793144525,-16,10
25981.012704189394,-28,10
25981.012704189394,-28,10
25981.012704189394,-28,10
25981.012704189394,-28,10
24481.0307052746,-22,10
25981.012704189394,-28,10
25981.012704189394,-28,10
25981.012704189394,-28,10
25981.012704189394,-28,10
25981.012704189394,-28,10
26181.496201304915,-29,10
24187.589142193072,-20,10
25981.012704189394,-28,10
25981.012704189394,-28,10
26181.496201304915,-29,10
26552.44435623761,-33,10
25981.012704189394,-28,10
24481.0307052746,-22,10
25981.012704189394,-28,10
25981.012704189394,-28,10
25981.012704189394,-28,10
25981.012704189394,-28,10
25981.012704189394,-28,10
25981.012704189394,-28,10
25981.012704189394,-28,10
26181.496201304915,-29,10
25981.012704189394,-28,10
25724.805143592584,-26,10
25981.012704189394,-28,10
25981.012704189394,-28,10
26552.44435623761,-33,10
25981.012704189394,-28,10
21087.035793144525,-16,10
25981.012704189394,-28,10
21087.035793144525,-16,10
24132.05613194267,-18,10
26181.496201304915,-29,10
25724.805143592584,-26,10
25981.012704189394,-28,10
26181.496201304915,-29,10
25981.012704189394,-28,10
25981.012704189394,-28,10
24187.589142193072,-20,10
25981.012704189394,-28,10
25981.012704189394,-28,10
26181.496201304915,-29,10
25981.012704189394,-28,10
21087.035793144525,-16,10
24481.0307052746,-22,10
21087.035793144525,-16,10
26181.496201304915,-29,10
26181.496201304915,-29,10
25981.012704189394,-28,10
25981.012704189394,-28,10
24481.0307052746,-22,10
25981.012704189394,-28,10
26181.496201304915,-29,10
25981.012704189394,-28,10
21087.035793144525,-16,10
25981.012704189394,-28,10
26181.496201304915,-29,10
25724.805143592584,-26,10
25981.012704189394,-28,10
25981.012704189394,-28,10
25981.012704189394,-28,10
25981.012704189394,-28,10
25981.012704189394,-28,10
26666.685429272773,-34,10
21087.035793144525,-16,10
25981.012704189394,-28,10
25981.012704189394,-28,10
25981.012704189394,-28,10
21087.035793144525,-16,10
25981.012704189394,-28,10
24481.0307052746,-22,10
25981.012704189394,-28,10
26552.44435623761,-33,10
21087.035793144525,-16,10
25981.012704189394,-28,10
25981.012704189394,-28,10
21087.035793144525,-16,10
26181.496201304915,-29,10
24683.02332510722,-25,10
25981.012704189394,-28,10
26181.496201304915,-29,10
25981.012704189394,-28,10
26181.496201304915,-29,10
26181.496201304915,-29,10
25981.012704189394,-28,10
25981.012704189394,-28,10
25981.012704189394,-28,10
25981.012704189394,-28,10
25981.012704189394,-28,10
25981.012704189394,-28,10
26666.685429272773,-34,10
25981.012704189394,-28,10
21087.035793144525,-16,10
25981.012704189394,-28,10
25981.012704189394,-28,10
25724.805143592584,-26,10
25981.012704189394,-28,10
25981.012704189394,-28,10
26181.496201304915,-29,10
25981.012704189394,-28,10
25981.012704189394,-28,10
25981.012704189394,-28,10
24481.0307052746,-22,10
21087.035793144525,-16,10
25981.012704189394,-28,10
24187.589142193072,-20,10
25981.012704189394,-28,10
25981.012704189394,-28,10
21087.035793144525,-16,10
25981.012704189394,-28,10
25981.012704189394,-28,10
25981.012704189394,-28,10
26552.44435623761,-33,10
25981.012704189394,-28,10
25981.012704189394,-28,10
25724.805143592584,-26,10
21087.035793144525,-16,10
25981.012704189394,-28,10
25724.805143592584,-26,10
26552.44435623761,-33,10
25981.012704189394,-28,10
21087.035793144525,-16,10
21087.035793144525,-16,10
24187.589142193072,-20,10
25981.012704189394,-28,10
26181.496201304915,-29,10
25981.012704189394,-28,10
26181.496201304915,-29,10
25981.012704189394,-28,10
25981.012704189394,-28,10
25981.012704189394,-28,10
24683.02332510722,-25,10
26181.496201304915,-29,10
25981.012704189394,-28,10
26181.496201304915,-29,10
25981.012704189394,-28,10
25981.012704189394,-28,10
25981.012704189394,-28,10
25724.805143592584,-26,10
25981.012704189394,-28,10
25981.012704189394,-28,10
25981.012704189394,-28,10
21087.035793144525,-16,10
25981.012704189394,-28,10
26181.496201304915,-29,10
25981.012704189394,-28,10
25981.012704189394,-28,10
25981.012704189394,-28,10
25981.012704189394,-28,10
25981.012704189394,-28,10
25981.012704189394,-28,10
21087.035793144525,-16,10
25981.012704189394,-28,10
24388.382094661836,-21,10
24481.0307052746,-22,10
25943.575226783534,-27,10
25981.012704189394,-28,10
25981.012704189394,-28,10
25724.805143592584,-26,10
26181.496201304915,-29,10
25981.012704189394,-28,10
21087.035793144525,-16,10
25981.012704189394,-28,10
25981.012704189394,-28,10
26552.44435623761,-33,10
25981.012704189394,-28,10
25981.012704189394,-28,10
24187.589142193072,-20,10
21087.035793144525,-16,10
26181.496201304915,-29,10
25981.012704189394,-28,10
25981.012704189394,-28,10
25981.012704189394,-28,10
25981.012704189394,-28,10
25981.012704189394,-28,10
25981.012704189394,-28,10
25981.012704189394,-28,10
25981.012704189394,-28,10
25981.012704189394,-28,10
26181.496201304915,-29,10
25981.012704189394,-28,10
25981.012704189394,-28,10
25981.012704189394,-28,10
25981.012704189394,-28,10
25981.012704189394,-28,10
25981.012704189394,-28,10
25981.012704189394,-28,10
26552.44435623761,-33,10
25981.012704189394,-28,10
25981.012704189394,-28,10
25981.012704189394,-28,10
25981.012704189394,-28,10
25981.012704189394,-28,10
25981.012704189394,-28,10
21087.035793144525,-16,10
26290.12759837055,-30,10
25981.012704189394,-28,10
26181.496201304915,-29,10
25981.012704189394,-28,10
24481.0307052746,-22,10
25981.012704189394,-28,10
25981.012704189394,-28,10
25981.012704189394,-28,10
21087.035793144525,-16,10
25981.012704189394,-28,10
25981.012704189394,-28,10
25981.012704189394,-28,10
26181.496201304915,-29,10
25981.012704189394,-28,10
26181.496201304915,-29,10
25981.012704189394,-28,10
26552.44435623761,-33,10
25981.012704189394,-28,10
26552.44435623761,-33,10
25981.012704189394,-28,10
25981.012704189394,-28,10
24187.589142193072,-20,10
25981.012704189394,-28,10
25981.012704189394,-28,10
25724.805143592584,-26,10
25981.012704189394,-28,10
25981.012704189394,-28,10
24187.589142193072,-20,10
25981.012704189394,-28,10
24187.589142193072,-20,10
25981.012704189394,-28,10
25981.012704189394,-28,10
25981.012704189394,-28,10
25981.012704189394,-28,10
25981.012704189394,-28,10
25981.012704189394,-28,10
25981.012704189394,-28,10
25724.805143592584,-26,10
26666.685429272773,-34,10
25981.012704189394,-28,10
19369.26434101954,-15,10
25981.012704189394,-28,10
25981.012704189394,-28,10
25981.012704189394,-28,10
19369.26434101954,-15,10
25981.012704189394,-28,10
25889.45449650062,-27,11
26863.976207293927,-31,11
25842.10934848077,-26,11
26863.976207293927,-31,11
21485.113882156445,-21,11
23878.930021225497,-22,11
25842.10934848077,-26,11
26863.976207293927,-31,11
25842.10934848077,-26,11
26471.835984668058,-30,11
25842.10934848077,-26,11
26863.976207293927,-31,11
26863.976207293927,-31,11
25842.10934848077,-26,11
25842.10934848077,-26,11
25434.718326963768,-23,11
25842.10934848077,-26,11
25842.10934848077,-26,11
23878.930021225497,-22,11
26863.976207293927,-31,11
27107.088167197417,-32,11
26280.457143254764,-29,11
23878.930021225497,-22,11
21485.113882156445,-21,11
25842.10934848077,-26,11
25842.10934848077,-26,11
25842.10934848077,-26,11
26863.976207293927,-31,11
26471.835984668058,-30,11
26863.976207293927,-31,11
26863.976207293927,-31,11
26863.976207293927,-31,11
25842.10934848077,-26,11
26471.835984668058,-30,11
25842.10934848077,-26,11
25977.38536907475,-28,11
26863.976207293927,-31,11
26471.835984668058,-30,11
25842.10934848077,-26,11
23878.930021225497,-22,11
26863.976207293927,-31,11
25827.612515163815,-24,11
25842.10934848077,-26,11
25842.10934848077,-26,11
21485.113882156445,-21,11
25434.718326963768,-23,11
25977.38536907475,-28,11
25842.10934848077,-26,11
26863.976207293927,-31,11
26863.976207293927,-31,11
23878.930021225497,-22,11
23878.930021225497,-22,11
23878.930021225497,-22,11
25434.718326963768,-23,11
25842.10934848077,-26,11
25842.10934848077,-26,11
23878.930021225497,-22,11
26471.835984668058,-30,11
26471.835984668058,-30,11
21485.113882156445,-21,11
25842.10934848077,-26,11
26863.976207293927,-31,11
25842.10934848077,-26,11
26471.835984668058,-30,11
25842.10934848077,-26,11
21485.113882156445,-21,11
25842.10934848077,-26,11
26863.976207293927,-31,11
23878.930021225497,-22,11
26471.835984668058,-30,11
23878.930021225497,-22,11
25842.10934848077,-26,11
25977.38536907475,-28,11
25842.10934848077,-26,11
25434.718326963768,-23,11
26471.835984668058,-30,11
25842.10934848077,-26,11
25842.10934848077,-26,11
25842.10934848077,-26,11
25842.10934848077,-26,11
25977.38536907475,-28,11
26280.457143254764,-29,11
25842.10934848077,-26,11
25842.10934848077,-26,11
26863.976207293927,-31,11
25842.10934848077,-26,11
25842.10934848077,-26,11
25842.10934848077,-26,11
23878.930021225497,-22,11
21485.113882156445,-21,11
25842.10934848077,-26,11
23878.930021225497,-22,11
26863.976207293927,-31,11
26863.976207293927,-31,11
26863.976207293927,-31,11
23878.930021225497,-22,11
26863.976207293927,-31,11
26280.457143254764,-29,11
26471.835984668058,-30,11
26471.835984668058,-30,11
21485.113882156445,-21,11
25842.10934848077,-26,11
25434.718326963768,-23,11
26863.976207293927,-31,11
25842.10934848077,-26,11
26863.976207293927,-31,11
26863.976207293927,-31,11
26863.976207293927,-31,11
26863.976207293927,-31,11
25842.10934848077,-26,11
25842.10934848077,-26,11
26863.976207293927,-31,11
23878.930021225497,-22,11
25842.10934848077,-26,11
21485.113882156445,-21,11
26863.976207293927,-31,11
23878.930021225497,-22,11
26863.976207293927,-31,11
23878.930021225497,-22,11
26528.944318016507,-29,12
26528.944318016507,-29,12
26860.204371192893,-31,12
26528.944318016507,-29,12
21810.634254622866,-21,12
23151.583035849057,-22,12
26528.944318016507,-29,12
26528.944318016507,-29,12
26860.204371192893,-31,12
26528.944318016507,-29,12
26528.944318016507,-29,12
23151.583035849057,-22,12
24966.477750779464,-23,12
26528.944318016507,-29,12
23151.583035849057,-22,12
23151.583035849057,-22,12
27136.111949040293,-33,12
23151.583035849057,-22,12
26528.944318016507,-29,12
23151.583035849057,-22,12
26528.944318016507,-29,12
26528.944318016507,-29,12
27289.003966946613,-34,12
26528.944318016507,-29,12
23151.583035849057,-22,12
26372.397195762023,-28,12
26528.944318016507,-29,12
23151.583035849057,-22,12
27548.150443981605,-35,12
26372.397195762023,-28,12
26528.944318016507,-29,12
23151.583035849057,-22,12
27548.150443981605,-35,12
26528.944318016507,-29,12
26528.944318016507,-29,12
26528.944318016507,-29,12
27548.150443981605,-35,12
26528.944318016507,-29,12
26528.944318016507,-29,12
26528.944318016507,-29,12
26372.397195762023,-28,12
26528.944318016507,-29,12
26528.944318016507,-29,12
26528.944318016507,-29,12
25624.851129724328,-25,12
26528.944318016507,-29,12
23151.583035849057,-22,12
26528.944318016507,-29,12
23151.583035849057,-22,12
26528.944318016507,-29,12
26528.944318016507,-29,12
26528.944318016507,-29,12
27289.003966946613,-34,12
26528.944318016507,-29,12
26528.944318016507,-29,12
26778.157586762965,-30,12
26528.944318016507,-29,12
26528.944318016507,-29,12
26528.944318016507,-29,12
23151.583035849057,-22,12
26198.08217348215,-27,12
26528.944318016507,-29,12
26528.944318016507,-29,12
26528.944318016507,-29,12
26528.944318016507,-29,12
26528.944318016507,-29,12
26528.944318016507,-29,12
26528.944318016507,-29,12
26528.944318016507,-29,12
26528.944318016507,-29,12
26528.944318016507,-29,12
26372.397195762023,-28,12
26977.28234922839,-32,12
23151.583035849057,-22,12
24966.477750779464,-23,12
26528.944318016507,-29,12
26372.397195762023,-28,12
26528.944318016507,-29,12
26528.944318016507,-29,12
27289.003966946613,-34,12
26528.944318016507,-29,12
26528.944318016507,-29,12
26528.944318016507,-29,12
26372.397195762023,-28,12
26528.944318016507,-29,12
27548.150443981605,-35,12
26029.24828146252,-26,12
26372.397195762023,-28,12
23151.583035849057,-22,12
26372.397195762023,-28,12
26528.944318016507,-29,12
26528.944318016507,-29,12
26372.397195762023,-28,12
26860.204371192893,-31,12
23151.583035849057,-22,12
23151.583035849057,-22,12
26372.397195762023,-28,12
26528.944318016507,-29,12
23151.583035849057,-22,12
26372.397195762023,-28,12
26372.397195762023,-28,12
26528.944318016507,-29,12
25247.20188292814,-24,12
26528.944318016507,-29,12
26528.944318016507,-29,12
28424.541509988976,-41,13
26187.976520705262,-25,13
26187.976520705262,-25,13
27420.434066071084,-32,13
26187.976520705262,-25,13
28424.541509988976,-41,13
27420.434066071084,-32,13
27420.434066071084,-32,13
26187.976520705262,-25,13
26187.976520705262,-25,13
27420.434066071084,-32,13
28424.541509988976,-41,13
27420.434066071084,-32,13
26187.976520705262,-25,13
28241.802682510905,-36,13
27420.434066071084,-32,13
26187.976520705262,-25,13
27420.434066071084,-32,13
26187.976520705262,-25,13
26187.976520705262,-25,13
28424.541509988976,-41,13
27420.434066071084,-32,13
28863.25779477818,-43,13
28424.541509988976,-41,13
28424.541509988976,-41,13
27420.434066071084,-32,13
27420.434066071084,-32,13
28424.541509988976,-41,13
27420.434066071084,-32,13
27420.434066071084,-32,13
28424.541509988976,-41,13
28624.86069984488,-42,13
27420.434066071084,-32,13
27420.434066071084,-32,13
26187.976520705262,-25,13
27420.434066071084,-32,13
27420.434066071084,-32,13
26187.976520705262,-25,13
28424.541509988976,-41,13
28424.541509988976,-41,13
28624.86069984488,-42,13
27420.434066071084,-32,13
28241.802682510905,-36,13
27045.400173727434,-30,13
28424.541509988976,-41,13
27420.434066071084,-32,13
26187.976520705262,-25,13
26187.976520705262,-25,13
27420.434066071084,-32,13
27821.93730752238,-33,13
27420.434066071084,-32,13
27420.434066071084,-32,13
27420.434066071084,-32,13
27420.434066071084,-32,13
27420.434066071084,-32,13
27045.400173727434,-30,13
27420.434066071084,-32,13
28424.541509988976,-41,13
27420.434066071084,-32,13
28424.541509988976,-41,13
28424.541509988976,-41,13
27821.93730752238,-33,13
26589.520503060943,-26,13
28241.802682510905,-36,13
26187.976520705262,-25,13
26187.976520705262,-25,13
28424.541509988976,-41,13
24677.942414729194,-23,13
27420.434066071084,-32,13
28424.541509988976,-41,13
28424.541509988976,-41,13
27420.434066071084,-32,13
28424.541509988976,-41,13
27420.434066071084,-32,13
28241.802682510905,-36,13
27420.434066071084,-32,13
28424.541509988976,-41,13
27420.434066071084,-32,13
27045.400173727434,-30,13
27420.434066071084,-32,13
28424.541509988976,-41,13
27821.93730752238,-33,13
27821.93730752238,-33,13
28424.541509988976,-41,13
26187.976520705262,-25,13
27420.434066071084,-32,13
27420.434066071084,-32,13
28424.541509988976,-41,13
26187.976520705262,-25,13
28424.541509988976,-41,13
28424.541509988976,-41,13
27420.434066071084,-32,13
28424.541509988976,-41,13
26187.976520705262,-25,13
28424.541509988976,-41,13
28424.541509988976,-41,13
27420.434066071084,-32,13
28424.541509988976,-41,13
27821.93730752238,-33,13
27045.400173727434,-30,13
27420.434066071084,-32,13
27420.434066071084,-32,13
27420.434066071084,-32,13
28424.541509988976,-41,13
24677.942414729194,-23,13
28424.541509988976,-41,13
26187.976520705262,-25,13
28424.541509988976,-41,13
28424.541509988976,-41,13
28424.541509988976,-41,13
27420.434066071084,-32,13
27420.434066071084,-32,13
28424.541509988976,-41,13
27420.434066071084,-32,13
26187.976520705262,-25,13
27420.434066071084,-32,13
27821.93730752238,-33,13
27420.434066071084,-32,13
27420.434066071084,-32,13
28424.541509988976,-41,13
26187.976520705262,-25,13
28424.541509988976,-41,13
26187.976520705262,-25,13
27420.434066071084,-32,13
26187.976520705262,-25,13
28424.541509988976,-41,13
28424.541509988976,-41,13
28424.541509988976,-41,13
26187.976520705262,-25,13
27420.434066071084,-32,13
28424.541509988976,-41,13
27420.434066071084,-32,13
28424.541509988976,-41,13
28424.541509988976,-41,13
27420.434066071084,-32,13
28424.541509988976,-41,13
27420.434066071084,-32,13
27045.400173727434,-30,13
28624.86069984488,-42,13
27420.434066071084,-32,13
27420.434066071084,-32,13
28424.541509988976,-41,13
28424.541509988976,-41,13
26187.976520705262,-25,13
27045.400173727434,-30,13
26187.976520705262,-25,13
27420.434066071084,-32,13
27420.434066071084,-32,13
27420.434066071084,-32,13
27420.434066071084,-32,13
28424.541509988976,-41,13
27420.434066071084,-32,13
26187.976520705262,-25,13
26187.976520705262,-25,13
28424.541509988976,-41,13
27420.434066071084,-32,13
28624.86069984488,-42,13
26187.976520705262,-25,13
28424.541509988976,-41,13
27420.434066071084,-32,13
27821.93730752238,-33,13
26187.976520705262,-25,13
27420.434066071084,-32,13
27420.434066071084,-32,13
27420.434066071084,-32,13
28424.541509988976,-41,13
26187.976520705262,-25,13
27420.434066071084,-32,13
26187.976520705262,-25,13
26187.976520705262,-25,13
26187.976520705262,-25,13
27420.434066071084,-32,13
26187.976520705262,-25,13
28424.541509988976,-41,13
26187.976520705262,-25,13
28424.541509988976,-41,13
28624.86069984488,-42,13
28424.541509988976,-41,13
28424.541509988976,-41,13
28424.541509988976,-41,13
28424.541509988976,-41,13
28424.541509988976,-41,13
28624.86069984488,-42,13
28424.541509988976,-41,13
27420.434066071084,-32,13
27420.434066071084,-32,13
27420.434066071084,-32,13
26187.976520705262,-25,13
26187.976520705262,-25,13
28424.541509988976,-41,13
26187.976520705262,-25,13
28241.802682510905,-36,13
28424.541509988976,-41,13
28424.541509988976,-41,13
26187.976520705262,-25,13
27420.434066071084,-32,13
28241.802682510905,-36,13
28424.541509988976,-41,13
27821.93730752238,-33,13
28424.541509988976,-41,13
27420.434066071084,-32,13
27420.434066071084,-32,13
27420.434066071084,-32,13
28424.541509988976,-41,13
27420.434066071084,-32,13
27420.434066071084,-32,13
26187.976520705262,-25,13
27420.434066071084,-32,13
27420.434066071084,-32,13
28424.541509988976,-41,13
27045.400173727434,-30,13
28424.541509988976,-41,13
27420.434066071084,-32,13
26187.976520705262,-25,13
27420.434066071084,-32,13
27420.434066071084,-32,13
28424.541509988976,-41,13
28424.541509988976,-41,13
28241.802682510905,-36,13
27420.434066071084,-32,13
27420.434066071084,-32,13
28424.541509988976,-41,13
26187.976520705262,-25,13
26187.976520705262,-25,13
28424.541509988976,-41,13
27420.434066071084,-32,13
28424.541509988976,-41,13
27420.434066071084,-32,13
28424.541509988976,-41,13
26187.976520705262,-25,13
26187.976520705262,-25,13
27420.434066071084,-32,13
28424.541509988976,-41,13
28424.541509988976,-41,13
27420.434066071084,-32,13
26187.976520705262,-25,13
27420.434066071084,-32,13
27420.434066071084,-32,13
28424.541509988976,-41,13
26187.976520705262,-25,13
27420.434066071084,-32,13
28424.541509988976,-41,13
28424.541509988976,-41,13
27420.434066071084,-32,13
28424.541509988976,-41,13
28424.541509988976,-41,13
28424.541509988976,-41,13
26187.976520705262,-25,13
28424.541509988976,-41,13
27420.434066071084,-32,13
28424.541509988976,-41,13
28424.541509988976,-41,13
27420.434066071084,-32,13
28424.541509988976,-41,13
28424.541509988976,-41,13
26187.976520705262,-25,13
28424.541509988976,-41,13
28424.541509988976,-41,13
26187.976520705262,-25,13
28424.541509988976,-41,13
28424.541509988976,-41,13
26187.976520705262,-25,13
28424.541509988976,-41,13
28424.541509988976,-41,13
27821.93730752238,-33,13
27420.434066071084,-32,13
28424.541509988976,-41,13
27420.434066071084,-32,13
26187.976520705262,-25,13
28424.541509988976,-41,13
28424.541509988976,-41,13
27420.434066071084,-32,13
28424.541509988976,-41,13
28424.541509988976,-41,13
26187.976520705262,-25,13
26187.976520705262,-25,13
26187.976520705262,-25,13
26187.976520705262,-25,13
28424.541509988976,-41,13
26187.976520705262,-25,13
28286.086316476772,-40,13
26187.976520705262,-25,13
28192.05692050516,-35,13
27420.434066071084,-32,13
27045.400173727434,-30,13
26187.976520705262,-25,13
28424.541509988976,-41,13
27420.434066071084,-32,13
27420.434066071084,-32,13
28424.541509988976,-41,13
28424.541509988976,-41,13
27821.93730752238,-33,13
26187.976520705262,-25,13
28424.541509988976,-41,13
27420.434066071084,-32,13
27420.434066071084,-32,13
28424.541509988976,-41,13
28424.541509988976,-41,13
28424.541509988976,-41,13
27045.400173727434,-30,13
27420.434066071084,-32,13
26187.976520705262,-25,13
28424.541509988976,-41,13
27420.434066071084,-32,13
27420.434066071084,-32,13
27420.434066071084,-32,13
27420.434066071084,-32,13
26187.976520705262,-25,13
28424.541509988976,-41,13
27420.434066071084,-32,13
28424.541509988976,-41,13
28424.541509988976,-41,13
26187.976520705262,-25,13
26187.976520705262,-25,13
28424.541509988976,-41,13
27420.434066071084,-32,13
28424.541509988976,-41,13
27821.93730752238,-33,13
28424.541509988976,-41,13
27420.434066071084,-32,13
28424.541509988976,-41,13
28424.541509988976,-41,13
27420.434066071084,-32,13
27420.434066071084,-32,13
27420.434066071084,-32,13
27821.93730752238,-33,13
27821.93730752238,-33,13
26187.976520705262,-25,13
28424.541509988976,-41,13
28424.541509988976,-41,13
28424.541509988976,-41,13
27420.434066071084,-32,13
28424.541509988976,-41,13
26187.976520705262,-25,13
28424.541509988976,-41,13
27420.434066071084,-32,13
28424.541509988976,-41,13
28424.541509988976,-41,13
28424.541509988976,-41,13
28424.541509988976,-41,13
24677.942414729194,-23,13
26187.976520705262,-25,13
27420.434066071084,-32,13
28424.541509988976,-41,13
27420.434066071084,-32,13
28424.541509988976,-41,13
27045.400173727434,-30,13
28424.541509988976,-41,13
27420.434066071084,-32,13
24677.942414729194,-23,13
26187.976520705262,-25,13
28424.541509988976,-41,13
28424.541509988976,-41,13
27045.400173727434,-30,13
26187.976520705262,-25,13
27420.434066071084,-32,13
28424.541509988976,-41,13
28424.541509988976,-41,13
26187.976520705262,-25,13
27420.434066071084,-32,13
28424.541509988976,-41,13
26187.976520705262,-25,13
28424.541509988976,-41,13
28424.541509988976,-41,13
27420.434066071084,-32,13
26187.976520705262,-25,13
28424.541509988976,-41,13
26187.976520705262,-25,13
26187.976520705262,-25,13
27420.434066071084,-32,13
28624.86069984488,-42,13
28424.541509988976,-41,13
26187.976520705262,-25,13
27420.434066071084,-32,13
28424.541509988976,-41,13
28424.541509988976,-41,13
28424.541509988976,-41,13
28424.541509988976,-41,13
27045.400173727434,-30,13
26187.976520705262,-25,13
28424.541509988976,-41,13
28424.541509988976,-41,13
26187.976520705262,-25,13
26187.976520705262,-25,13
27420.434066071084,-32,13
27420.434066071084,-32,13
27420.434066071084,-32,13
27420.434066071084,-32,13
27420.434066071084,-32,13
27420.434066071084,-32,13
26187.976520705262,-25,13
28424.541509988976,-41,13
27420.434066071084,-32,13
26187.976520705262,-25,13
27420.434066071084,-32,13
26187.976520705262,-25,13
27821.93730752238,-33,13
26187.976520705262,-25,13
28424.541509988976,-41,13
28424.541509988976,-41,13
27420.434066071084,-32,13
28424.541509988976,-41,13
27420.434066071084,-32,13
27420.434066071084,-32,13
27420.434066071084,-32,13
28424.541509988976,-41,13
27420.434066071084,-32,13
27420.434066071084,-32,13
28424.541509988976,-41,13
26187.976520705262,-25,13
26187.976520705262,-25,13
28424.541509988976,-41,13
27045.400173727434,-30,13
28424.541509988976,-41,13
27420.434066071084,-32,13
27045.400173727434,-30,13
26187.976520705262,-25,13
27821.93730752238,-33,13
27420.434066071084,-32,13
28424.541509988976,-41,13
27420.434066071084,-32,13
27420.434066071084,-32,13
28424.541509988976,-41,13
28424.541509988976,-41,13
26187.976520705262,-25,13
26187.976520705262,-25,13
28424.541509988976,-41,13
28424.541509988976,-41,13
27420.434066071084,-32,13
26187.976520705262,-25,13
26187.976520705262,-25,13
27420.434066071084,-32,13
27420.434066071084,-32,13
27420.434066071084,-32,13
27420.434066071084,-32,13
27420.434066071084,-32,13
28424.541509988976,-41,13
28424.541509988976,-41,13
27420.434066071084,-32,13
28424.541509988976,-41,13
27420.434066071084,-32,13
27420.434066071084,-32,13
27420.434066071084,-32,13
26187.976520705262,-25,13
27420.434066071084,-32,13
28424.541509988976,-41,13
26187.976520705262,-25,13
27045.400173727434,-30,13
27420.434066071084,-32,13
27420.434066071084,-32,13
28424.541509988976,-41,13
28424.541509988976,-41,13
27420.434066071084,-32,13
27821.93730752238,-33,13
27420.434066071084,-32,13
28624.86069984488,-42,13
26187.976520705262,-25,13
28424.541509988976,-41,13
28424.541509988976,-41,13
26187.976520705262,-25,13
28424.541509988976,-41,13
27045.400173727434,-30,13
28424.541509988976,-41,13
27420.434066071084,-32,13
28424.541509988976,-41,13
27420.434066071084,-32,13
26187.976520705262,-25,13
27420.434066071084,-32,13
27045.400173727434,-30,13
28424.541509988976,-41,13
28424.541509988976,-41,13
26187.976520705262,-25,13
27420.434066071084,-32,13
28424.541509988976,-41,13
27420.434066071084,-32,13
28424.541509988976,-41,13
26187.976520705262,-25,13
28424.541509988976,-41,13
27821.93730752238,-33,13
28424.541509988976,-41,13
27420.434066071084,-32,13
27045.400173727434,-30,13
27420.434066071084,-32,13
28424.541509988976,-41,13
27420.434066071084,-32,13
28424.541509988976,-41,13
26187.976520705262,-25,13
28424.541509988976,-41,13
28424.541509988976,-41,13
27420.434066071084,-32,13
27420.434066071084,-32,13
27821.93730752238,-33,13
27420.434066071084,-32,13
27045.400173727434,-30,13
27420.434066071084,-32,13
28424.541509988976,-41,13
28424.541509988976,-41,13
28424.541509988976,-41,13
27045.400173727434,-30,13
28424.541509988976,-41,13
27420.434066071084,-32,13
28424.541509988976,-41,13
27420.434066071084,-32,13
28424.541509988976,-41,13
27821.93730752238,-33,13
27420.434066071084,-32,13
26187.976520705262,-25,13
27420.434066071084,-32,13
24677.942414729194,-23,13
27420.434066071084,-32,13
27420.434066071084,-32,13
28424.541509988976,-41,13
28424.541509988976,-41,13
28424.541509988976,-41,13
27420.434066071084,-32,13
28424.541509988976,-41,13
26187.976520705262,-25,13
27420.434066071084,-32,13
28424.541509988976,-41,13
28424.541509988976,-41,13
27420.434066071084,-32,13
28424.541509988976,-41,13
28424.541509988976,-41,13
27420.434066071084,-32,13
27420.434066071084,-32,13
28424.541509988976,-41,13
27420.434066071084,-32,13
27420.434066071084,-32,13
28624.86069984488,-42,13
28424.541509988976,-41,13
28624.86069984488,-42,13
26187.976520705262,-25,13
28424.541509988976,-41,13
27420.434066071084,-32,13
27420.434066071084,-32,13
26187.976520705262,-25,13
28424.541509988976,-41,13
27420.434066071084,-32,13
27420.434066071084,-32,13
28424.541509988976,-41,13
26187.976520705262,-25,13
28424.541509988976,-41,13
28424.541509988976,-41,13
27420.434066071084,-32,13
28424.541509988976,-41,13
26187.976520705262,-25,13
27420.434066071084,-32,13
28424.541509988976,-41,13
28424.541509988976,-41,13
27420.434066071084,-32,13
27420.434066071084,-32,13
27420.434066071084,-32,13
27420.434066071084,-32,13
26187.976520705262,-25,13
26187.976520705262,-25,13
27821.93730752238,-33,13
26187.976520705262,-25,13
26187.976520705262,-25,13
28624.86069984488,-42,13
26187.976520705262,-25,13
26187.976520705262,-25,13
27821.93730752238,-33,13
27821.93730752238,-33,13
27420.434066071084,-32,13
28424.541509988976,-41,13
28624.86069984488,-42,13
27420.434066071084,-32,13
27420.434066071084,-32,13
26187.976520705262,-25,13
28424.541509988976,-41,13
28424.541509988976,-41,13
28424.541509988976,-41,13
27420.434066071084,-32,13
26187.976520705262,-25,13
28424.541509988976,-41,13
27420.434066071084,-32,13
27420.434066071084,-32,13
27420.434066071084,-32,13
26187.976520705262,-25,13
27420.434066071084,-32,13
28424.541509988976,-41,13
27420.434066071084,-32,13
26187.976520705262,-25,13
27420.434066071084,-32,13
25926.93303440952,-24,13
28424.541509988976,-41,13
27821.93730752238,-33,13
27045.400173727434,-30,13
28424.541509988976,-41,13
27420.434066071084,-32,13
26187.976520705262,-25,13
28424.541509988976,-41,13
28424.541509988976,-41,13
27045.400173727434,-30,13
27420.434066071084,-32,13
26187.976520705262,-25,13
27420.434066071084,-32,13
26187.976520705262,-25,13
26187.976520705262,-25,13
27420.434066071084,-32,13
27045.400173727434,-30,13
26187.976520705262,-25,13
27821.93730752238,-33,13
26187.976520705262,-25,13
27420.434066071084,-32,13
26187.976520705262,-25,13
28424.541509988976,-41,13
27821.93730752238,-33,13
27420.434066071084,-32,13
27420.434066071084,-32,13
27420.434066071084,-32,13
27420.434066071084,-32,13
28424.541509988976,-41,13
27420.434066071084,-32,13
27420.434066071084,-32,13
28424.541509988976,-41,13
28424.541509988976,-41,13
27420.434066071084,-32,13
27420.434066071084,-32,13
27420.434066071084,-32,13
28424.541509988976,-41,13
26187.976520705262,-25,13
28424.541509988976,-41,13
28424.541509988976,-41,13
28863.25779477818,-43,13
28424.541509988976,-41,13
24677.942414729194,-23,13
27420.434066071084,-32,13
27420.434066071084,-32,13
27420.434066071084,-32,13
27420.434066071084,-32,13
28424.541509988976,-41,13
26187.976520705262,-25,13
27420.434066071084,-32,13
27821.93730752238,-33,13
27420.434066071084,-32,13
27420.434066071084,-32,13
27420.434066071084,-32,13
26187.976520705262,-25,13
27821.93730752238,-33,13
27420.434066071084,-32,13
26187.976520705262,-25,13
26187.976520705262,-25,13
27420.434066071084,-32,13
26187.976520705262,-25,13
27045.400173727434,-30,13
26187.976520705262,-25,13
27045.400173727434,-30,13
27420.434066071084,-32,13
28424.541509988976,-41,13
28424.541509988976,-41,13
27133.404934857524,-31,13
26187.976520705262,-25,13
26187.976520705262,-25,13
26187.976520705262,-25,13
26187.976520705262,-25,13
27420.434066071084,-32,13
28424.541509988976,-41,13
25926.93303440952,-24,13
26187.976520705262,-25,13
28424.541509988976,-41,13
26187.976520705262,-25,13
26187.976520705262,-25,13
27420.434066071084,-32,13
27821.93730752238,-33,13
26187.976520705262,-25,13
28424.541509988976,-41,13
26187.976520705262,-25,13
27821.93730752238,-33,13
26187.976520705262,-25,13
28424.541509988976,-41,13
27420.434066071084,-32,13
27821.93730752238,-33,13
27133.404934857524,-31,13
28424.541509988976,-41,13
27420.434066071084,-32,13
27420.434066071084,-32,13
26187.976520705262,-25,13
28424.541509988976,-41,13
26187.976520705262,-25,13
27420.434066071084,-32,13
28424.541509988976,-41,13
27420.434066071084,-32,13
26187.976520705262,-25,13
28022.68635882288,-34,13
28424.541509988976,-41,13
27420.434066071084,-32,13
28624.86069984488,-42,13
26187.976520705262,-25,13
28424.541509988976,-41,13
27420.434066071084,-32,13
26187.976520705262,-25,13
27420.434066071084,-32,13
28424.541509988976,-41,13
26187.976520705262,-25,13
28424.541509988976,-41,13
28424.541509988976,-41,13
27420.434066071084,-32,13
28424.541509988976,-41,13
24677.942414729194,-23,13
27420.434066071084,-32,13
27420.434066071084,-32,13
27420.434066071084,-32,13
27420.434066071084,-32,13
28424.541509988976,-41,13
28424.541509988976,-41,13
27045.400173727434,-30,13
27420.434066071084,-32,13
26187.976520705262,-25,13
26187.976520705262,-25,13
28424.541509988976,-41,13
27420.434066071084,-32,13
27420.434066071084,-32,13
27420.434066071084,-32,13
28424.541509988976,-41,13
28424.541509988976,-41,13
26187.976520705262,-25,13
27420.434066071084,-32,13
28424.541509988976,-41,13
28424.541509988976,-41,13
26187.976520705262,-25,13
27420.434066071084,-32,13
27420.434066071084,-32,13
26187.976520705262,-25,13
27420.434066071084,-32,13
26187.976520705262,-25,13
28424.541509988976,-41,13
27420.434066071084,-32,13
27420.434066071084,-32,13
28424.541509988976,-41,13
28424.541509988976,-41,13
28424.541509988976,-41,13
28424.541509988976,-41,13
28424.541509988976,-41,13
27420.434066071084,-32,13
27420.434066071084,-32,13
27045.400173727434,-30,13
27420.434066071084,-32,13
28424.541509988976,-41,13
26187.976520705262,-25,13
27420.434066071084,-32,13
26187.976520705262,-25,13
28424.541509988976,-41,13
28424.541509988976,-41,13
28424.541509988976,-41,13
28424.541509988976,-41,13
28424.541509988976,-41,13
28424.541509988976,-41,13
28424.541509988976,-41,13
28424.541509988976,-41,13
28424.541509988976,-41,13
27420.434066071084,-32,13
28424.541509988976,-41,13
28424.541509988976,-41,13
28424.541509988976,-41,13
28424.541509988976,-41,13
27420.434066071084,-32,13
24677.942414729194,-23,13
27045.400173727434,-30,13
26187.976520705262,-25,13
26187.976520705262,-25,13
28424.541509988976,-41,13
27420.434066071084,-32,13
28424.541509988976,-41,13
24677.942414729194,-23,13
27420.434066071084,-32,13
27420.434066071084,-32,13
27420.434066071084,-32,13
27821.93730752238,-33,13
27420.434066071084,-32,13
27420.434066071084,-32,13
27420.434066071084,-32,13
28424.541509988976,-41,13
28424.541509988976,-41,13
27045.400173727434,-30,13
28424.541509988976,-41,13
26187.976520705262,-25,13
26187.976520705262,-25,13
26187.976520705262,-25,13
27420.434066071084,-32,13
27420.434066071084,-32,13
27133.404934857524,-31,13
27420.434066071084,-32,13
28624.86069984488,-42,13
27045.400173727434,-30,13
27045.400173727434,-30,13
27420.434066071084,-32,13
28424.541509988976,-41,13
28424.541509988976,-41,13
28424.541509988976,-41,13
26187.976520705262,-25,13
26589.520503060943,-26,13
27420.434066071084,-32,13
26187.976520705262,-25,13
27420.434066071084,-32,13
28424.541509988976,-41,13
27420.434066071084,-32,13
28424.541509988976,-41,13
28424.541509988976,-41,13
26187.976520705262,-25,13
27045.400173727434,-30,13
27045.400173727434,-30,13
27420.434066071084,-32,13
28624.86069984488,-42,13
27420.434066071084,-32,13
28424.541509988976,-41,13
28424.541509988976,-41,13
28424.541509988976,-41,13
28424.541509988976,-41,13
26187.976520705262,-25,13
28241.802682510905,-36,13
28241.802682510905,-36,13
26187.976520705262,-25,13
27420.434066071084,-32,13
27045.400173727434,-30,13
27420.434066071084,-32,13
26187.976520705262,-25,13
26187.976520705262,-25,13
28424.541509988976,-41,13
28424.541509988976,-41,13
28424.541509988976,-41,13
27045.400173727434,-30,13
27420.434066071084,-32,13
27420.434066071084,-32,13
26187.976520705262,-25,13
27045.400173727434,-30,13
27420.434066071084,-32,13
28424.541509988976,-41,13
26187.976520705262,-25,13
26187.976520705262,-25,13
27045.400173727434,-30,13
27420.434066071084,-32,13
27045.400173727434,-30,13
26187.976520705262,-25,13
26187.976520705262,-25,13
27420.434066071084,-32,13
27420.434066071084,-32,13
27045.400173727434,-30,13
27420.434066071084,-32,13
26187.976520705262,-25,13
28424.541509988976,-41,13
26187.976520705262,-25,13
27420.434066071084,-32,13
26187.976520705262,-25,13
27048.99485342054,-34,14
27048.99485342054,-34,14
27319.608679054545,-35,14
27319.608679054545,-35,14
27048.99485342054,-34,14
27881.48736010091,-39,14
27048.99485342054,-34,14
27048.99485342054,-34,14
27319.608679054545,-35,14
27319.608679054545,-35,14
27048.99485342054,-34,14
27747.737469769698,-38,14
27665.8693417873,-37,14
27747.737469769698,-38,14
27747.737469769698,-38,14
27747.737469769698,-38,14
27319.608679054545,-35,14
27048.99485342054,-34,14
27048.99485342054,-34,14
27048.99485342054,-34,14
27048.99485342054,-34,14
27747.737469769698,-38,14
27048.99485342054,-34,14
27881.48736010091,-39,14
27048.99485342054,-34,14
27319.608679054545,-35,14
27881.48736010091,-39,14
27747.737469769698,-38,14
27747.737469769698,-38,14
27319.608679054545,-35,14
26983.946926540895,-33,14
27048.99485342054,-34,14
27048.99485342054,-34,14
27747.737469769698,-38,14
27048.99485342054,-34,14
27048.99485342054,-34,14
27319.608679054545,-35,14
27048.99485342054,-34,14
27048.99485342054,-34,14
27048.99485342054,-34,14
25138.042002639442,-27,14
27048.99485342054,-34,14
27881.48736010091,-39,14
27319.608679054545,-35,14
26022.18850882774,-30,14
27319.608679054545,-35,14
27319.608679054545,-35,14
26022.18850882774,-30,14
27048.99485342054,-34,14
24731.654824914956,-26,14
27048.99485342054,-34,14
26983.946926540895,-33,14
26983.946926540895,-33,14
27747.737469769698,-38,14
24731.654824914956,-26,14
27048.99485342054,-34,14
27747.737469769698,-38,14
27048.99485342054,-34,14
27747.737469769698,-38,14
27881.48736010091,-39,14
27048.99485342054,-34,14
27048.99485342054,-34,14
27048.99485342054,-34,14
27747.737469769698,-38,14
26983.946926540895,-33,14
27747.737469769698,-38,14
27048.99485342054,-34,14
27048.99485342054,-34,14
27319.608679054545,-35,14
27747.737469769698,-38,14
27319.608679054545,-35,14
27048.99485342054,-34,14
27747.737469769698,-38,14
27747.737469769698,-38,14
27048.99485342054,-34,14
27048.99485342054,-34,14
27747.737469769698,-38,14
27048.99485342054,-34,14
27747.737469769698,-38,14
27319.608679054545,-35,14
26983.946926540895,-33,14
27048.99485342054,-34,14
27048.99485342054,-34,14
27881.48736010091,-39,14
24731.654824914956,-26,14
27048.99485342054,-34,14
27747.737469769698,-38,14
26983.946926540895,-33,14
27319.608679054545,-35,14
24446.37497439115,-23,14
27747.737469769698,-38,14
27048.99485342054,-34,14
27319.608679054545,-35,14
27881.48736010091,-39,14
26983.946926540895,-33,14
25863.299076483512,-29,14
27881.48736010091,-39,14
27048.99485342054,-34,14
27048.99485342054,-34,14
27747.737469769698,-38,14
27048.99485342054,-34,14
27747.737469769698,-38,14
27319.608679054545,-35,14
27048.99485342054,-34,14
27747.737469769698,-38,14
27747.737469769698,-38,14
27048.99485342054,-34,14
27048.99485342054,-34,14
27747.737469769698,-38,14
27048.99485342054,-34,14
27747.737469769698,-38,14
27048.99485342054,-34,14
25863.299076483512,-29,14
26983.946926540895,-33,14
24731.654824914956,-26,14
27048.99485342054,-34,14
27048.99485342054,-34,14
27747.737469769698,-38,14
27747.737469769698,-38,14
27747.737469769698,-38,14
26022.18850882774,-30,14
27048.99485342054,-34,14
27048.99485342054,-34,14
27048.99485342054,-34,14
27747.737469769698,-38,14
27747.737469769698,-38,14
27747.737469769698,-38,14
27048.99485342054,-34,14
27747.737469769698,-38,14
27048.99485342054,-34,14
27048.99485342054,-34,14
27747.737469769698,-38,14
27747.737469769698,-38,14
27319.608679054545,-35,14
24446.37497439115,-23,14
27319.608679054545,-35,14
27747.737469769698,-38,14
27319.608679054545,-35,14
27319.608679054545,-35,14
27048.99485342054,-34,14
26775.66794922168,-32,14
27048.99485342054,-34,14
27747.737469769698,-38,14
27048.99485342054,-34,14
27747.737469769698,-38,14
27048.99485342054,-34,14
27048.99485342054,-34,14
27048.99485342054,-34,14
26983.946926540895,-33,14
27048.99485342054,-34,14
27747.737469769698,-38,14
26983.946926540895,-33,14
27048.99485342054,-34,14
27319.608679054545,-35,14
27048.99485342054,-34,14
26022.18850882774,-30,14
27048.99485342054,-34,14
26983.946926540895,-33,14
26495.169836816724,-31,14
27048.99485342054,-34,14
27048.99485342054,-34,14
27319.608679054545,-35,14
24731.654824914956,-26,14
27048.99485342054,-34,14
27319.608679054545,-35,14
27048.99485342054,-34,14
27048.99485342054,-34,14
27048.99485342054,-34,14
27048.99485342054,-34,14
27048.99485342054,-34,14
26983.946926540895,-33,14
27048.99485342054,-34,14
27747.737469769698,-38,14
27048.99485342054,-34,14
27747.737469769698,-38,14
27881.48736010091,-39,14
27747.737469769698,-38,14
25863.299076483512,-29,14
27048.99485342054,-34,14
27048.99485342054,-34,14
25138.042002639442,-27,14
27048.99485342054,-34,14
27747.737469769698,-38,14
27048.99485342054,-34,14
27048.99485342054,-34,14
27048.99485342054,-34,14
27319.608679054545,-35,14
27319.608679054545,-35,14
27048.99485342054,-34,14
27747.737469769698,-38,14
27747.737469769698,-38,14
27747.737469769698,-38,14
27048.99485342054,-34,14
27747.737469769698,-38,14
27319.608679054545,-35,14
27048.99485342054,-34,14
27048.99485342054,-34,14
27747.737469769698,-38,14
27048.99485342054,-34,14
27747.737469769698,-38,14
27048.99485342054,-34,14
27747.737469769698,-38,14
27048.99485342054,-34,14
27048.99485342054,-34,14
27048.99485342054,-34,14
27048.99485342054,-34,14
27747.737469769698,-38,14
27747.737469769698,-38,14
27048.99485342054,-34,14
26495.169836816724,-31,14
27747.737469769698,-38,14
27048.99485342054,-34,14
27048.99485342054,-34,14
27747.737469769698,-38,14
27319.608679054545,-35,14
27048.99485342054,-34,14
26983.946926540895,-33,14
26022.18850882774,-30,14
27747.737469769698,-38,14
27048.99485342054,-34,14
27048.99485342054,-34,14
27048.99485342054,-34,14
27747.737469769698,-38,14
27747.737469769698,-38,14
27747.737469769698,-38,14
24446.37497439115,-23,14
27881.48736010091,-39,14
27747.737469769698,-38,14
27747.737469769698,-38,14
27319.608679054545,-35,14
27747.737469769698,-38,14
27747.737469769698,-38,14
27319.608679054545,-35,14
27747.737469769698,-38,14
27319.608679054545,-35,14
27319.608679054545,-35,14
27048.99485342054,-34,14
27747.737469769698,-38,14
27747.737469769698,-38,14
27048.99485342054,-34,14
27048.99485342054,-34,14
27048.99485342054,-34,14
24446.37497439115,-23,14
27048.99485342054,-34,14
27747.737469769698,-38,14
27048.99485342054,-34,14
26983.946926540895,-33,14
27747.737469769698,-38,14
27048.99485342054,-34,14
27747.737469769698,-38,14
27747.737469769698,-38,14
25138.042002639442,-27,14
27048.99485342054,-34,14
27048.99485342054,-34,14
26983.946926540895,-33,14
27881.48736010091,-39,14
27048.99485342054,-34,14
27048.99485342054,-34,14
27048.99485342054,-34,14
27319.608679054545,-35,14
27048.99485342054,-34,14
26983.946926540895,-33,14
27048.99485342054,-34,14
26983.946926540895,-33,14
27747.737469769698,-38,14
27048.99485342054,-34,14
27747.737469769698,-38,14
26983.946926540895,-33,14
27319.608679054545,-35,14
24731.654824914956,-26,14
27048.99485342054,-34,14
27048.99485342054,-34,14
27747.737469769698,-38,14
27048.99485342054,-34,14
26495.169836816724,-31,14
27048.99485342054,-34,14
27319.608679054545,-35,14
27048.99485342054,-34,14
27048.99485342054,-34,14
27319.608679054545,-35,14
26983.946926540895,-33,14
27747.737469769698,-38,14
27048.99485342054,-34,14
27747.737469769698,-38,14
27747.737469769698,-38,14
27048.99485342054,-34,14
27747.737469769698,-38,14
27881.48736010091,-39,14
26495.169836816724,-31,14
26495.169836816724,-31,14
27319.608679054545,-35,14
27048.99485342054,-34,14
27048.99485342054,-34,14
27048.99485342054,-34,14
27319.608679054545,-35,14
27048.99485342054,-34,14
27048.99485342054,-34,14
26983.946926540895,-33,14
27747.737469769698,-38,14
27747.737469769698,-38,14
27319.608679054545,-35,14
27747.737469769698,-38,14
27048.99485342054,-34,14
20988.754836120857,-20,14
27747.737469769698,-38,14
27747.737469769698,-38,14
27048.99485342054,-34,14
26983.946926540895,-33,14
27747.737469769698,-38,14
27048.99485342054,-34,14
27048.99485342054,-34,14
27747.737469769698,-38,14
27319.608679054545,-35,14
27048.99485342054,-34,14
26983.946926540895,-33,14
27747.737469769698,-38,14
27747.737469769698,-38,14
26983.946926540895,-33,14
24731.654824914956,-26,14
27319.608679054545,-35,14
27048.99485342054,-34,14
27319.608679054545,-35,14
27048.99485342054,-34,14
27429.11380680253,-36,14
27319.608679054545,-35,14
27048.99485342054,-34,14
27048.99485342054,-34,14
26495.169836816724,-31,14
27881.48736010091,-39,14
27048.99485342054,-34,14
26983.946926540895,-33,14
27048.99485342054,-34,14
27319.608679054545,-35,14
24446.37497439115,-23,14
27747.737469769698,-38,14
27747.737469769698,-38,14
27747.737469769698,-38,14
26495.169836816724,-31,14
27048.99485342054,-34,14
27319.608679054545,-35,14
27319.608679054545,-35,14
27048.99485342054,-34,14
27319.608679054545,-35,14
26775.66794922168,-32,14
26983.946926540895,-33,14
27048.99485342054,-34,14
27048.99485342054,-34,14
27048.99485342054,-34,14
24731.654824914956,-26,14
27048.99485342054,-34,14
26983.946926540895,-33,14
27881.48736010091,-39,14
26983.946926540895,-33,14
27747.737469769698,-38,14
27747.737469769698,-38,14
27747.737469769698,-38,14
27747.737469769698,-38,14
20988.754836120857,-20,14
27048.99485342054,-34,14
27048.99485342054,-34,14
27747.737469769698,-38,14
24446.37497439115,-23,14
27048.99485342054,-34,14
27048.99485342054,-34,14
27319.608679054545,-35,14
26983.946926540895,-33,14
27319.608679054545,-35,14
27747.737469769698,-38,14
27319.608679054545,-35,14
26022.18850882774,-30,14
27747.737469769698,-38,14
26983.946926540895,-33,14
27048.99485342054,-34,14
27881.48736010091,-39,14
27747.737469769698,-38,14
27747.737469769698,-38,14
27048.99485342054,-34,14
27881.48736010091,-39,14
27747.737469769698,-38,14
27048.99485342054,-34,14
27747.737469769698,-38,14
27319.608679054545,-35,14
27048.99485342054,-34,14
27048.99485342054,-34,14
26983.946926540895,-33,14
27747.737469769698,-38,14
27048.99485342054,-34,14
27048.99485342054,-34,14
27747.737469769698,-38,14
27747.737469769698,-38,14
27048.99485342054,-34,14
27319.608679054545,-35,14
27319.608679054545,-35,14
27048.99485342054,-34,14
27048.99485342054,-34,14
22295.400009992278,-21,14
27048.99485342054,-34,14
27048.99485342054,-34,14
27319.608679054545,-35,14
27048.99485342054,-34,14
27048.99485342054,-34,14
27319.608679054545,-35,14
27048.99485342054,-34,14
24087.7659295537,-22,14
27048.99485342054,-34,14
27319.608679054545,-35,14
27319.608679054545,-35,14
27048.99485342054,-34,14
27319.608679054545,-35,14
27048.99485342054,-34,14
26983.946926540895,-33,14
27747.737469769698,-38,14
27747.737469769698,-38,14
27319.608679054545,-35,14
27747.737469769698,-38,14
26983.946926540895,-33,14
27881.48736010091,-39,14
27048.99485342054,-34,14
27747.737469769698,-38,14
27048.99485342054,-34,14
27048.99485342054,-34,14
27747.737469769698,-38,14
26983.946926540895,-33,14
27747.737469769698,-38,14
27881.48736010091,-39,14
27319.608679054545,-35,14
27048.99485342054,-34,14
27048.99485342054,-34,14
27319.608679054545,-35,14
27048.99485342054,-34,14
26983.946926540895,-33,14
27048.99485342054,-34,14
27747.737469769698,-38,14
27319.608679054545,-35,14
27048.99485342054,-34,14
27747.737469769698,-38,14
27048.99485342054,-34,14
25138.042002639442,-27,14
25863.299076483512,-29,14
27048.99485342054,-34,14
27747.737469769698,-38,14
26022.18850882774,-30,14
27747.737469769698,-38,14
27048.99485342054,-34,14
27048.99485342054,-34,14
27319.608679054545,-35,14
27048.99485342054,-34,14
27048.99485342054,-34,14
27048.99485342054,-34,14
27319.608679054545,-35,14
27881.48736010091,-39,14
27319.608679054545,-35,14
27048.99485342054,-34,14
27747.737469769698,-38,14
27747.737469769698,-38,14
26983.946926540895,-33,14
27319.608679054545,-35,14
26983.946926540895,-33,14
27747.737469769698,-38,14
27319.608679054545,-35,14
27747.737469769698,-38,14
27048.99485342054,-34,14
20988.754836120857,-20,14
25680.646612306628,-28,14
27747.737469769698,-38,14
27048.99485342054,-34,14
26022.18850882774,-30,14
26495.169836816724,-31,14
27048.99485342054,-34,14
27747.737469769698,-38,14
27747.737469769698,-38,14
27048.99485342054,-34,14
20988.754836120857,-20,14
26983.946926540895,-33,14
27048.99485342054,-34,14
27747.737469769698,-38,14
27048.99485342054,-34,14
27747.737469769698,-38,14
27319.608679054545,-35,14
24731.654824914956,-26,14
27048.99485342054,-34,14
27048.99485342054,-34,14
26983.946926540895,-33,14
26983.946926540895,-33,14
27747.737469769698,-38,14
27747.737469769698,-38,14
27747.737469769698,-38,14
27048.99485342054,-34,14
27048.99485342054,-34,14
27319.608679054545,-35,14
27048.99485342054,-34,14
26983.946926540895,-33,14
27319.608679054545,-35,14
27319.608679054545,-35,14
25863.299076483512,-29,14
27048.99485342054,-34,14
26983.946926540895,-33,14
27319.608679054545,-35,14
27881.48736010091,-39,14
27048.99485342054,-34,14
27319.608679054545,-35,14
27048.99485342054,-34,14
27881.48736010091,-39,14
27048.99485342054,-34,14
27048.99485342054,-34,14
27319.608679054545,-35,14
27747.737469769698,-38,14
27048.99485342054,-34,14
27048.99485342054,-34,14
27747.737469769698,-38,14
27319.608679054545,-35,14
26495.169836816724,-31,14
24731.654824914956,-26,14
26276.850050087996,-32,15
25834.8281058258,-23,15
25834.8281058258,-23,15
24074.886440119648,-18,15
26276.850050087996,-32,15
25834.8281058258,-23,15
21424.4110312544,-17,15
25834.8281058258,-23,15
25527.601388132418,-22,15
26276.850050087996,-32,15
26276.850050087996,-32,15
25834.8281058258,-23,15
25834.8281058258,-23,15
26276.850050087996,-32,15
25527.601388132418,-22,15
26276.850050087996,-32,15
25834.8281058258,-23,15
24842.53805848214,-20,15
24842.53805848214,-20,15
24626.93558020788,-19,15
25834.8281058258,-23,15
24074.886440119648,-18,15
17434.068254108202,-15,15
26276.850050087996,-32,15
26276.850050087996,-32,15
26276.850050087996,-32,15
25527.601388132418,-22,15
26276.850050087996,-32,15
26276.850050087996,-32,15
17434.068254108202,-15,15
21424.4110312544,-17,15
25834.8281058258,-23,15
26594.662750665728,-34,15
17434.068254108202,-15,15
26594.662750665728,-34,15
26276.850050087996,-32,15
24842.53805848214,-20,15
26276.850050087996,-32,15
25834.8281058258,-23,15
26276.850050087996,-32,15
25527.601388132418,-22,15
24626.93558020788,-19,15
25834.8281058258,-23,15
26276.850050087996,-32,15
21424.4110312544,-17,15
24842.53805848214,-20,15
24842.53805848214,-20,15
26276.850050087996,-32,15
26276.850050087996,-32,15
25834.8281058258,-23,15
26594.662750665728,-34,15
25527.601388132418,-22,15
26276.850050087996,-32,15
25834.8281058258,-23,15
26276.850050087996,-32,15
25527.601388132418,-22,15
26276.850050087996,-32,15
26276.850050087996,-32,15
25834.8281058258,-23,15
21424.4110312544,-17,15
26594.662750665728,-34,15
25834.8281058258,-23,15
26276.850050087996,-32,15
26594.662750665728,-34,15
24842.53805848214,-20,15
21424.4110312544,-17,15
17434.068254108202,-15,15
26276.850050087996,-32,15
25834.8281058258,-23,15
26276.850050087996,-32,15
21424.4110312544,-17,15
26795.099747843073,-35,15
25834.8281058258,-23,15
25834.8281058258,-23,15
26594.662750665728,-34,15
24074.886440119648,-18,15
25834.8281058258,-23,15
24074.886440119648,-18,15
26276.850050087996,-32,15
26149.032126718055,-31,15
17434.068254108202,-15,15
26276.850050087996,-32,15
25527.601388132418,-22,15
25834.8281058258,-23,15
26285.712379499237,-33,15
24626.93558020788,-19,15
26276.850050087996,-32,15
26276.850050087996,-32,15
21424.4110312544,-17,15
26285.712379499237,-33,15
24074.886440119648,-18,15
25527.601388132418,-22,15
26276.850050087996,-32,15
17434.068254108202,-15,15
26276.850050087996,-32,15
26276.850050087996,-32,15
26276.850050087996,-32,15
26276.850050087996,-32,15
26276.850050087996,-32,15
25527.601388132418,-22,15
25834.8281058258,-23,15
26594.662750665728,-34,15
24842.53805848214,-20,15
26149.032126718055,-31,15
26276.850050087996,-32,15
25527.601388132418,-22,15
26276.850050087996,-32,15
24074.886440119648,-18,15
24842.53805848214,-20,15
25527.601388132418,-22,15
26594.662750665728,-34,15
26276.850050087996,-32,15
25937.7723157871,-24,15
26276.850050087996,-32,15
24074.886440119648,-18,15
26276.850050087996,-32,15
26276.850050087996,-32,15
26594.662750665728,-34,15
26276.850050087996,-32,15
25527.601388132418,-22,15
26276.850050087996,-32,15
26594.662750665728,-34,15
25834.8281058258,-23,15
26276.850050087996,-32,15
25834.8281058258,-23,15
26276.850050087996,-32,15
26276.850050087996,-32,15
17434.068254108202,-15,15
26276.850050087996,-32,15
25834.8281058258,-23,15
24842.53805848214,-20,15
26276.850050087996,-32,15
26276.850050087996,-32,15
26276.850050087996,-32,15
26276.850050087996,-32,15
26276.850050087996,-32,15
26276.850050087996,-32,15
25527.601388132418,-22,15
25527.601388132418,-22,15
24074.886440119648,-18,15
26594.662750665728,-34,15
21424.4110312544,-17,15
26276.850050087996,-32,15
26594.662750665728,-34,15
24074.886440119648,-18,15
21424.4110312544,-17,15
26276.850050087996,-32,15
26276.850050087996,-32,15
21424.4110312544,-17,15
24626.93558020788,-19,15
24626.93558020788,-19,15
21424.4110312544,-17,15
21424.4110312544,-17,15
26594.662750665728,-34,15
17434.068254108202,-15,15
26594.662750665728,-34,15
25073.613457243053,-21,15
25834.8281058258,-23,15
24074.886440119648,-18,15
26276.850050087996,-32,15
21424.4110312544,-17,15
21424.4110312544,-17,15
26594.662750665728,-34,15
26276.850050087996,-32,15
21424.4110312544,-17,15
21424.4110312544,-17,15
25527.601388132418,-22,15
24626.93558020788,-19,15
26276.850050087996,-32,15
24842.53805848214,-20,15
25834.8281058258,-23,15
26276.850050087996,-32,15
26285.712379499237,-33,15
26276.850050087996,-32,15
26276.850050087996,-32,15
26276.850050087996,-32,15
26285.712379499237,-33,15
26795.099747843073,-35,15
17434.068254108202,-15,15
25834.8281058258,-23,15
26276.850050087996,-32,15
24842.53805848214,-20,15
25834.8281058258,-23,15
26276.850050087996,-32,15
26276.850050087996,-32,15
24074.886440119648,-18,15
17434.068254108202,-15,15
20405.11073233543,-16,15
24842.53805848214,-20,15
27808.854285067537,-44,16
26759.594387442467,-38,16
27808.854285067537,-44,16
26759.594387442467,-38,16
26759.594387442467,-38,16
25969.38080093979,-34,16
26759.594387442467,-38,16
27808.854285067537,-44,16
25969.38080093979,-34,16
27808.854285067537,-44,16
26759.594387442467,-38,16
25969.38080093979,-34,16
26759.594387442467,-38,16
26759.594387442467,-38,16
26173.826998632205,-35,16
26759.594387442467,-38,16
25969.38080093979,-34,16
27808.854285067537,-44,16
24519.641473536256,-27,16
25969.38080093979,-34,16
25969.38080093979,-34,16
26759.594387442467,-38,16
25969.38080093979,-34,16
25969.38080093979,-34,16
26759.594387442467,-38,16
26759.594387442467,-38,16
27808.854285067537,-44,16
26759.594387442467,-38,16
26759.594387442467,-38,16
27371.75744333207,-41,16
25969.38080093979,-34,16
26759.594387442467,-38,16
27371.75744333207,-41,16
26759.594387442467,-38,16
26759.594387442467,-38,16
26759.594387442467,-38,16
26759.594387442467,-38,16
25969.38080093979,-34,16
27808.854285067537,-44,16
26759.594387442467,-38,16
24519.641473536256,-27,16
26173.826998632205,-35,16
25806.021607141996,-31,16
25969.38080093979,-34,16
25969.38080093979,-34,16
27371.75744333207,-41,16
26759.594387442467,-38,16
27808.854285067537,-44,16
26759.594387442467,-38,16
26759.594387442467,-38,16
25969.38080093979,-34,16
26616.084289447244,-37,16
25969.38080093979,-34,16
26759.594387442467,-38,16
25969.38080093979,-34,16
26759.594387442467,-38,16
26759.594387442467,-38,16
26759.594387442467,-38,16
26759.594387442467,-38,16
25969.38080093979,-34,16
26759.594387442467,-38,16
24519.641473536256,-27,16
27371.75744333207,-41,16
26759.594387442467,-38,16
26759.594387442467,-38,16
26759.594387442467,-38,16
24519.641473536256,-27,16
26173.826998632205,-35,16
27808.854285067537,-44,16
27371.75744333207,-41,16
27371.75744333207,-41,16
27808.854285067537,-44,16
25969.38080093979,-34,16
25969.206714024906,-33,16
26252.768157490747,-36,16
26759.594387442467,-38,16
25969.38080093979,-34,16
25969.38080093979,-34,16
25969.38080093979,-34,16
27371.75744333207,-41,16
27371.75744333207,-41,16
26759.594387442467,-38,16
25969.38080093979,-34,16
27808.854285067537,-44,16
24519.641473536256,-27,16
26759.594387442467,-38,16
26759.594387442467,-38,16
25969.38080093979,-34,16
27063.99715958302,-39,16
26759.594387442467,-38,16
25969.38080093979,-34,16
26759.594387442467,-38,16
24519.641473536256,-27,16
27220.307698383785,-40,16
26759.594387442467,-38,16
25969.38080093979,-34,16
25969.38080093979,-34,16
25969.38080093979,-34,16
27808.854285067537,-44,16
25969.38080093979,-34,16
26759.594387442467,-38,16
26759.594387442467,-38,16
26759.594387442467,-38,16
27808.854285067537,-44,16
25969.38080093979,-34,16
27808.854285067537,-44,16
25969.38080093979,-34,16
26759.594387442467,-38,16
26759.594387442467,-38,16
27808.854285067537,-44,16
26759.594387442467,-38,16
26759.594387442467,-38,16
26759.594387442467,-38,16
25969.38080093979,-34,16
25969.38080093979,-34,16
25969.38080093979,-34,16
27371.75744333207,-41,16
27808.854285067537,-44,16
25969.38080093979,-34,16
27371.75744333207,-41,16
25969.38080093979,-34,16
26759.594387442467,-38,16
26759.594387442467,-38,16
26759.594387442467,-38,16
27808.854285067537,-44,16
25554.647741750443,-29,16
25969.38080093979,-34,16
26759.594387442467,-38,16
26759.594387442467,-38,16
26759.594387442467,-38,16
25969.206714024906,-33,16
27408.883710413356,-42,16
27808.854285067537,-44,16
26616.084289447244,-37,16
25969.38080093979,-34,16
27808.854285067537,-44,16
25969.38080093979,-34,16
25969.38080093979,-34,16
26759.594387442467,-38,16
25969.38080093979,-34,16
25969.38080093979,-34,16
26759.594387442467,-38,16
24519.641473536256,-27,16
26759.594387442467,-38,16
27808.854285067537,-44,16
25969.38080093979,-34,16
26759.594387442467,-38,16
25969.38080093979,-34,16
25969.206714024906,-33,16
25969.38080093979,-34,16
25969.38080093979,-34,16
27371.75744333207,-41,16
24519.641473536256,-27,16
27808.854285067537,-44,16
26759.594387442467,-38,16
26759.594387442467,-38,16
24519.641473536256,-27,16
27808.854285067537,-44,16
26759.594387442467,-38,16
26759.594387442467,-38,16
25969.38080093979,-34,16
26759.594387442467,-38,16
26759.594387442467,-38,16
26616.084289447244,-37,16
26759.594387442467,-38,16
27808.854285067537,-44,16
27808.854285067537,-44,16
26759.594387442467,-38,16
26759.594387442467,-38,16
25969.38080093979,-34,16
26759.594387442467,-38,16
25969.38080093979,-34,16
26759.594387442467,-38,16
26759.594387442467,-38,16
26759.594387442467,-38,16
26759.594387442467,-38,16
26759.594387442467,-38,16
27808.854285067537,-44,16
25969.38080093979,-34,16
27371.75744333207,-41,16
26759.594387442467,-38,16
26759.594387442467,-38,16
25969.38080093979,-34,16
25298.714199543374,-28,16
26759.594387442467,-38,16
26759.594387442467,-38,16
25969.38080093979,-34,16
24519.641473536256,-27,16
25969.38080093979,-34,16
26759.594387442467,-38,16
25969.38080093979,-34,16
26759.594387442467,-38,16
25969.38080093979,-34,16
25969.38080093979,-34,16
26759.594387442467,-38,16
27808.854285067537,-44,16
26759.594387442467,-38,16
26759.594387442467,-38,16
26759.594387442467,-38,16
26759.594387442467,-38,16
24519.641473536256,-27,16
27808.854285067537,-44,16
26173.826998632205,-35,16
27808.854285067537,-44,16
27808.854285067537,-44,16
27674.565538874784,-43,16
26759.594387442467,-38,16
25969.38080093979,-34,16
26759.594387442467,-38,16
25969.38080093979,-34,16
26759.594387442467,-38,16
27808.854285067537,-44,16
25969.38080093979,-34,16
26759.594387442467,-38,16
27954.974557112593,-45,16
25898.588481409963,-32,16
27808.854285067537,-44,16
26759.594387442467,-38,16
27808.854285067537,-44,16
25969.38080093979,-34,16
26759.594387442467,-38,16
27808.854285067537,-44,16
26173.826998632205,-35,16
25969.38080093979,-34,16
26759.594387442467,-38,16
27808.854285067537,-44,16
26173.826998632205,-35,16
26759.594387442467,-38,16
26759.594387442467,-38,16
25969.38080093979,-34,16
26759.594387442467,-38,16
27283.84051402196,-43,17
27283.84051402196,-43,17
28067.22224713234,-47,17
28067.22224713234,-47,17
27283.84051402196,-43,17
27165.042555778324,-39,17
28067.22224713234,-47,17
28334.383951828422,-48,17
27283.84051402196,-43,17
27283.84051402196,-43,17
28067.22224713234,-47,17
27283.84051402196,-43,17
28735.794368664214,-49,17
27283.84051402196,-43,17
27283.84051402196,-43,17
28067.22224713234,-47,17
28067.22224713234,-47,17
27165.042555778324,-39,17
27283.84051402196,-43,17
28067.22224713234,-47,17
27165.042555778324,-39,17
28067.22224713234,-47,17
28334.383951828422,-48,17
27165.042555778324,-39,17
27283.84051402196,-43,17
27165.042555778324,-39,17
28334.383951828422,-48,17
24428.82037556212,-29,17
26819.904222841644,-34,17
27283.84051402196,-43,17
26819.904222841644,-34,17
28334.383951828422,-48,17
28067.22224713234,-47,17
28067.22224713234,-47,17
26365.96986036505,-32,17
27283.84051402196,-43,17
27283.84051402196,-43,17
25435.821156830083,-30,17
27283.84051402196,-43,17
28334.383951828422,-48,17
26977.037163412348,-38,17
27283.84051402196,-43,17
28067.22224713234,-47,17
28334.383951828422,-48,17
28067.22224713234,-47,17
27283.84051402196,-43,17
27165.042555778324,-39,17
27283.84051402196,-43,17
27750.55063664894,-44,17
28067.22224713234,-47,17
28928.081694031098,-50,17
28334.383951828422,-48,17
27283.84051402196,-43,17
28334.383951828422,-48,17
28928.081694031098,-50,17
28067.22224713234,-47,17
25435.821156830083,-30,17
28067.22224713234,-47,17
24428.82037556212,-29,17
26819.904222841644,-34,17
26129.782374400085,-31,17
27165.042555778324,-39,17
27283.84051402196,-43,17
26129.782374400085,-31,17
28334.383951828422,-48,17
27283.84051402196,-43,17
27283.84051402196,-43,17
28067.22224713234,-47,17
28067.22224713234,-47,17
27165.042555778324,-39,17
27165.042555778324,-39,17
27283.84051402196,-43,17
27283.84051402196,-43,17
28067.22224713234,-47,17
27283.84051402196,-43,17
27283.84051402196,-43,17
25435.821156830083,-30,17
28067.22224713234,-47,17
27283.84051402196,-43,17
26565.55067895801,-33,17
27283.84051402196,-43,17
28067.22224713234,-47,17
27283.84051402196,-43,17
28334.383951828422,-48,17
27283.84051402196,-43,17
27283.84051402196,-43,17
27283.84051402196,-43,17
25435.821156830083,-30,17
28334.383951828422,-48,17
28067.22224713234,-47,17
26977.037163412348,-38,17
27283.84051402196,-43,17
26565.55067895801,-33,17
27283.84051402196,-43,17
26565.55067895801,-33,17
27165.042555778324,-39,17
28067.22224713234,-47,17
29082.936537220437,-51,17
28067.22224713234,-47,17
27283.84051402196,-43,17
28067.22224713234,-47,17
25435.821156830083,-30,17
28334.383951828422,-48,17
26565.55067895801,-33,17
27283.84051402196,-43,17
26565.55067895801,-33,17
26819.904222841644,-34,17
26565.55067895801,-33,17
27283.84051402196,-43,17
27283.84051402196,-43,17
27283.84051402196,-43,17
27264.999033947493,-38,18
26050.346414041487,-33,18
27264.999033947493,-38,18
27264.999033947493,-38,18
27264.999033947493,-38,18
24307.950168783675,-26,18
27264.999033947493,-38,18
27156.855433840545,-37,18
27264.999033947493,-38,18
27264.999033947493,-38,18
27264.999033947493,-38,18
23912.305257591346,-25,18
27264.999033947493,-38,18
27264.999033947493,-38,18
26050.346414041487,-33,18
24307.950168783675,-26,18
17830.158323737956,-21,18
24307.950168783675,-26,18
27264.999033947493,-38,18
26050.346414041487,-33,18
27264.999033947493,-38,18
27264.999033947493,-38,18
27989.570500244976,-41,18
17830.158323737956,-21,18
27264.999033947493,-38,18
27264.999033947493,-38,18
27264.999033947493,-38,18
27644.676783773783,-39,18
27264.999033947493,-38,18
17830.158323737956,-21,18
17830.158323737956,-21,18
27264.999033947493,-38,18
27989.570500244976,-41,18
27264.999033947493,-38,18
27264.999033947493,-38,18
27156.855433840545,-37,18
23711.654131591895,-24,18
25920.767186427864,-29,18
27264.999033947493,-38,18
17830.158323737956,-21,18
24307.950168783675,-26,18
26934.881801284257,-35,18
17830.158323737956,-21,18
27264.999033947493,-38,18
27264.999033947493,-38,18
24307.950168783675,-26,18
17830.158323737956,-21,18
27264.999033947493,-38,18
17830.158323737956,-21,18
27156.855433840545,-37,18
27156.855433840545,-37,18
26050.346414041487,-33,18
27264.999033947493,-38,18
27264.999033947493,-38,18
17830.158323737956,-21,18
27264.999033947493,-38,18
27264.999033947493,-38,18
17830.158323737956,-21,18
17830.158323737956,-21,18
26050.346414041487,-33,18
27264.999033947493,-38,18
27264.999033947493,-38,18
22170.427811539783,-23,18
27264.999033947493,-38,18
27264.999033947493,-38,18
27264.999033947493,-38,18
17830.158323737956,-21,18
27264.999033947493,-38,18
27264.999033947493,-38,18
27264.999033947493,-38,18
17830.158323737956,-21,18
27264.999033947493,-38,18
27264.999033947493,-38,18
27264.999033947493,-38,18
27264.999033947493,-38,18
27156.855433840545,-37,18
26525.50613908205,-34,18
17830.158323737956,-21,18
27264.999033947493,-38,18
27264.999033947493,-38,18
27264.999033947493,-38,18
27264.999033947493,-38,18
17830.158323737956,-21,18
27264.999033947493,-38,18
27156.855433840545,-37,18
25920.767186427864,-29,18
26050.346414041487,-33,18
27156.855433840545,-37,18
27264.999033947493,-38,18
27264.999033947493,-38,18
23711.654131591895,-24,18
27264.999033947493,-38,18
25321.393186620862,-27,18
27156.855433840545,-37,18
27264.999033947493,-38,18
17830.158323737956,-21,18
27003.339962486338,-36,18
27156.855433840545,-37,18
27264.999033947493,-38,18
27264.999033947493,-38,18
27264.999033947493,-38,18
27264.999033947493,-38,18
27264.999033947493,-38,18
24307.950168783675,-26,18
27156.855433840545,-37,18
27264.999033947493,-38,18
27264.999033947493,-38,18
27264.999033947493,-38,18
17830.158323737956,-21,18
27003.339962486338,-36,18
27264.999033947493,-38,18
27644.676783773783,-39,18
17830.158323737956,-21,18
22170.427811539783,-23,18
27264.999033947493,-38,18
20049.18972339425,-22,18
27264.999033947493,-38,18
24307.950168783675,-26,18
26050.346414041487,-33,18
24307.950168783675,-26,18
27264.999033947493,-38,18
27989.570500244976,-41,18
17830.158323737956,-21,18
27264.999033947493,-38,18
27264.999033947493,-38,18
27264.999033947493,-38,18
27264.999033947493,-38,18
25920.767186427864,-29,18
27264.999033947493,-38,18
25920.767186427864,-29,18
17830.158323737956,-21,18
17830.158323737956,-21,18
27831.318653309947,-40,18
27264.999033947493,-38,18
26934.881801284257,-35,18
17830.158323737956,-21,18
26050.346414041487,-33,18
27264.999033947493,-38,18
27989.570500244976,-41,18
17830.158323737956,-21,18
27264.999033947493,-38,18
27264.999033947493,-38,18
27264.999033947493,-38,18
25920.767186427864,-29,18
27264.999033947493,-38,18
27264.999033947493,-38,18
27264.999033947493,-38,18
27264.999033947493,-38,18
17830.158323737956,-21,18
27264.999033947493,-38,18
27156.855433840545,-37,18
17830.158323737956,-21,18
27264.999033947493,-38,18
27264.999033947493,-38,18
27264.999033947493,-38,18
27264.999033947493,-38,18
17830.158323737956,-21,18
27264.999033947493,-38,18
27264.999033947493,-38,18
27264.999033947493,-38,18
27264.999033947493,-38,18
27264.999033947493,-38,18
27264.999033947493,-38,18
27003.339962486338,-36,18
17830.158323737956,-21,18
26050.346414041487,-33,18
27264.999033947493,-38,18
27156.855433840545,-37,18
27156.855433840545,-37,18
25920.767186427864,-29,18
27264.999033947493,-38,18
27264.999033947493,-38,18
27264.999033947493,-38,18
27264.999033947493,-38,18
25321.393186620862,-27,18
27264.999033947493,-38,18
27264.999033947493,-38,18
27264.999033947493,-38,18
27264.999033947493,-38,18
27264.999033947493,-38,18
27264.999033947493,-38,18
27264.999033947493,-38,18
27264.999033947493,-38,18
25718.351682088967,-28,18
27264.999033947493,-38,18
27264.999033947493,-38,18
17830.158323737956,-21,18
27156.855433840545,-37,18
27264.999033947493,-38,18
27264.999033947493,-38,18
27264.999033947493,-38,18
24307.950168783675,-26,18
27156.855433840545,-37,18
17830.158323737956,-21,18
27264.999033947493,-38,18
25321.393186620862,-27,18
27264.999033947493,-38,18
27644.676783773783,-39,18
17830.158323737956,-21,18
27396.66787819963,-34,19
24850.9148593554,-24,19
25836.164233494175,-26,19
27396.66787819963,-34,19
25836.164233494175,-26,19
27662.32426676563,-38,19
27662.32426676563,-38,19
27396.66787819963,-34,19
23978.580406270055,-22,19
27662.32426676563,-38,19
25836.164233494175,-26,19
24850.9148593554,-24,19
27662.32426676563,-38,19
25836.164233494175,-26,19
27662.32426676563,-38,19
27396.66787819963,-34,19
27662.32426676563,-38,19
25836.164233494175,-26,19
25836.164233494175,-26,19
25836.164233494175,-26,19
27396.66787819963,-34,19
25836.164233494175,-26,19
25836.164233494175,-26,19
26593.555474549747,-30,19
25836.164233494175,-26,19
25836.164233494175,-26,19
27662.32426676563,-38,19
25836.164233494175,-26,19
21197.309390407027,-21,19
27396.66787819963,-34,19
27396.66787819963,-34,19
25836.164233494175,-26,19
26593.555474549747,-30,19
25836.164233494175,-26,19
27396.66787819963,-34,19
23978.580406270055,-22,19
25836.164233494175,-26,19
27662.32426676563,-38,19
27662.32426676563,-38,19
25836.164233494175,-26,19
25836.164233494175,-26,19
27662.32426676563,-38,19
27396.66787819963,-34,19
25694.315546688053,-25,19
25836.164233494175,-26,19
26593.555474549747,-30,19
25694.315546688053,-25,19
27396.66787819963,-34,19
27396.66787819963,-34,19
23978.580406270055,-22,19
25836.164233494175,-26,19
25836.164233494175,-26,19
27396.66787819963,-34,19
26956.634854323536,-31,19
25836.164233494175,-26,19
27662.32426676563,-38,19
21197.309390407027,-21,19
25836.164233494175,-26,19
27396.66787819963,-34,19
27396.66787819963,-34,19
25836.164233494175,-26,19
27396.66787819963,-34,19
21197.309390407027,-21,19
27396.66787819963,-34,19
27662.32426676563,-38,19
25836.164233494175,-26,19
25836.164233494175,-26,19
27396.66787819963,-34,19
25836.164233494175,-26,19
25836.164233494175,-26,19
27662.32426676563,-38,19
27396.66787819963,-34,19
25836.164233494175,-26,19
25836.164233494175,-26,19
25836.164233494175,-26,19
27396.66787819963,-34,19
26593.555474549747,-30,19
27662.32426676563,-38,19
25836.164233494175,-26,19
25836.164233494175,-26,19
25836.164233494175,-26,19
27662.32426676563,-38,19
21197.309390407027,-21,19
27662.32426676563,-38,19
27176.687644286718,-33,19
25836.164233494175,-26,19
25836.164233494175,-26,19
27662.32426676563,-38,19
27662.32426676563,-38,19
27396.66787819963,-34,19
24850.9148593554,-24,19
27396.66787819963,-34,19
25836.164233494175,-26,19
25836.164233494175,-26,19
27396.66787819963,-34,19
25836.164233494175,-26,19
25836.164233494175,-26,19
27662.32426676563,-38,19
27396.66787819963,-34,19
24850.9148593554,-24,19
27662.32426676563,-38,19
27662.32426676563,-38,19
23978.580406270055,-22,19
25836.164233494175,-26,19
27396.66787819963,-34,19
25836.164233494175,-26,19
27396.66787819963,-34,19
25836.164233494175,-26,19
27396.66787819963,-34,19
21197.309390407027,-21,19
27660.58905465417,-36,19
25836.164233494175,-26,19
27396.66787819963,-34,19
25836.164233494175,-26,19
26593.555474549747,-30,19
27662.32426676563,-38,19
25836.164233494175,-26,19
27660.58905465417,-36,19
25836.164233494175,-26,19
27396.66787819963,-34,19
27662.32426676563,-38,19
27396.66787819963,-34,19
27396.66787819963,-34,19
25836.164233494175,-26,19
27662.32426676563,-38,19
25836.164233494175,-26,19
25836.164233494175,-26,19
25836.164233494175,-26,19
27396.66787819963,-34,19
25836.164233494175,-26,19
27662.32426676563,-38,19
25836.164233494175,-26,19
25836.164233494175,-26,19
27396.66787819963,-34,19
25836.164233494175,-26,19
25836.164233494175,-26,19
21197.309390407027,-21,19
23978.580406270055,-22,19
24596.318521789108,-23,19
25694.315546688053,-25,19
25836.164233494175,-26,19
25836.164233494175,-26,19
26593.555474549747,-30,19
25836.164233494175,-26,19
21197.309390407027,-21,19
27662.32426676563,-38,19
23978.580406270055,-22,19
26593.555474549747,-30,19
26593.555474549747,-30,19
27396.66787819963,-34,19
25836.164233494175,-26,19
27660.58905465417,-36,19
24850.9148593554,-24,19
27396.66787819963,-34,19
27396.66787819963,-34,19
25836.164233494175,-26,19
25836.164233494175,-26,19
27662.32426676563,-38,19
27396.66787819963,-34,19
27176.687644286718,-33,19
27662.32426676563,-38,19
27396.66787819963,-34,19
27396.66787819963,-34,19
27396.66787819963,-34,19
27396.66787819963,-34,19
27396.66787819963,-34,19
27396.66787819963,-34,19
25836.164233494175,-26,19
25836.164233494175,-26,19
21197.309390407027,-21,19
27396.66787819963,-34,19
25836.164233494175,-26,19
25836.164233494175,-26,19
25836.164233494175,-26,19
25836.164233494175,-26,19
27662.32426676563,-38,19
25836.164233494175,-26,19
23978.580406270055,-22,19
25836.164233494175,-26,19
25836.164233494175,-26,19
27662.32426676563,-38,19
27176.687644286718,-33,19
21197.309390407027,-21,19
26956.634854323536,-31,19
27396.66787819963,-34,19
27660.58905465417,-36,19
25836.164233494175,-26,19
25836.164233494175,-26,19
27662.32426676563,-38,19
25836.164233494175,-26,19
25836.164233494175,-26,19
25836.164233494175,-26,19
24596.318521789108,-23,19
21197.309390407027,-21,19
26442.677314314857,-29,19
24850.9148593554,-24,19
25836.164233494175,-26,19
27662.32426676563,-38,19
27396.66787819963,-34,19
27396.66787819963,-34,19
26593.555474549747,-30,19
27660.58905465417,-36,19
25836.164233494175,-26,19
25836.164233494175,-26,19
27662.32426676563,-38,19
26593.555474549747,-30,19
25694.315546688053,-25,19
25836.164233494175,-26,19
25836.164233494175,-26,19
27176.687644286718,-33,19
23978.580406270055,-22,19
25836.164233494175,-26,19
27396.66787819963,-34,19
25836.164233494175,-26,19
25836.164233494175,-26,19
27662.32426676563,-38,19
25836.164233494175,-26,19
25836.164233494175,-26,19
26065.301238113818,-27,19
27517.845427951215,-35,19
27396.66787819963,-34,19
27192.564129741764,-33,20
27192.564129741764,-33,20
27192.564129741764,-33,20
26534.396553794904,-30,20
27192.564129741764,-33,20
27192.564129741764,-33,20
27192.564129741764,-33,20
27192.564129741764,-33,20
27687.582669732015,-35,20
27192.564129741764,-33,20
27192.564129741764,-33,20
27192.564129741764,-33,20
27192.564129741764,-33,20
27192.564129741764,-33,20
27192.564129741764,-33,20
27192.564129741764,-33,20
27192.564129741764,-33,20
27192.564129741764,-33,20
27192.564129741764,-33,20
27192.564129741764,-33,20
27192.564129741764,-33,20
27192.564129741764,-33,20
27192.564129741764,-33,20
27192.564129741764,-33,20
27192.564129741764,-33,20
26368.65712063692,-26,20
27192.564129741764,-33,20
27192.564129741764,-33,20
27192.564129741764,-33,20
27687.582669732015,-35,20
27192.564129741764,-33,20
27192.564129741764,-33,20
26368.65712063692,-26,20
27192.564129741764,-33,20
26368.65712063692,-26,20
27192.564129741764,-33,20
21712.5341665152,-21,20
27192.564129741764,-33,20
26368.65712063692,-26,20
27192.564129741764,-33,20
27192.564129741764,-33,20
26534.396553794904,-30,20
27192.564129741764,-33,20
24464.059368956776,-23,20
27192.564129741764,-33,20
27192.564129741764,-33,20
27192.564129741764,-33,20
27192.564129741764,-33,20
26368.65712063692,-26,20
27192.564129741764,-33,20
25417.748261690016,-24,20
26368.65712063692,-26,20
27192.564129741764,-33,20
27192.564129741764,-33,20
27687.582669732015,-35,20
27192.564129741764,-33,20
27192.564129741764,-33,20
27192.564129741764,-33,20
27192.564129741764,-33,20
27192.564129741764,-33,20
26368.65712063692,-26,20
27192.564129741764,-33,20
26070.895598290997,-25,20
27192.564129741764,-33,20
27192.564129741764,-33,20
27192.564129741764,-33,20
27192.564129741764,-33,20
27192.564129741764,-33,20
27192.564129741764,-33,20
27192.564129741764,-33,20
27192.564129741764,-33,20
27192.564129741764,-33,20
27192.564129741764,-33,20
27192.564129741764,-33,20
27192.564129741764,-33,20
27192.564129741764,-33,20
27192.564129741764,-33,20
27192.564129741764,-33,20
26534.396553794904,-30,20
27192.564129741764,-33,20
27192.564129741764,-33,20
27687.582669732015,-35,20
27192.564129741764,-33,20
27192.564129741764,-33,20
27192.564129741764,-33,20
26070.895598290997,-25,20
27192.564129741764,-33,20
27790.757698296853,-36,20
27192.564129741764,-33,20
27192.564129741764,-33,20
27192.564129741764,-33,20
27192.564129741764,-33,20
26534.396553794904,-30,20
27192.564129741764,-33,20
27192.564129741764,-33,20
27687.582669732015,-35,20
26368.65712063692,-26,20
27192.564129741764,-33,20
27192.564129741764,-33,20
27192.564129741764,-33,20
27192.564129741764,-33,20
27192.564129741764,-33,20
27192.564129741764,-33,20
26534.396553794904,-30,20
26534.396553794904,-30,20
27192.564129741764,-33,20
27192.564129741764,-33,20
27192.564129741764,-33,20
27192.564129741764,-33,20
27192.564129741764,-33,20
27192.564129741764,-33,20
27192.564129741764,-33,20
27192.564129741764,-33,20
27192.564129741764,-33,20
27192.564129741764,-33,20
27192.564129741764,-33,20
27192.564129741764,-33,20
27192.564129741764,-33,20
27192.564129741764,-33,20
27192.564129741764,-33,20
27192.564129741764,-33,20
24464.059368956776,-23,20
26534.396553794904,-30,20
27192.564129741764,-33,20
27192.564129741764,-33,20
27192.564129741764,-33,20
27192.564129741764,-33,20
27192.564129741764,-33,20
26368.65712063692,-26,20
26368.65712063692,-26,20
27192.564129741764,-33,20
27192.564129741764,-33,20
27687.582669732015,-35,20
27192.564129741764,-33,20
27192.564129741764,-33,20
24464.059368956776,-23,20
27192.564129741764,-33,20
27192.564129741764,-33,20
27192.564129741764,-33,20
27192.564129741764,-33,20
27192.564129741764,-33,20
27192.564129741764,-33,20
27192.564129741764,-33,20
24464.059368956776,-23,20
27192.564129741764,-33,20
27192.564129741764,-33,20
27425.62454262782,-34,20
27192.564129741764,-33,20
27192.564129741764,-33,20
27192.564129741764,-33,20
24464.059368956776,-23,20
27192.564129741764,-33,20
27192.564129741764,-33,20
27192.564129741764,-33,20
27192.564129741764,-33,20
27192.564129741764,-33,20
27192.564129741764,-33,20
27192.564129741764,-33,20
27687.582669732015,-35,20
27192.564129741764,-33,20
27192.564129741764,-33,20
27192.564129741764,-33,20
27192.564129741764,-33,20
24464.059368956776,-23,20
26368.65712063692,-26,20
26070.895598290997,-25,20
27192.564129741764,-33,20
27192.564129741764,-33,20
26368.65712063692,-26,20
27192.564129741764,-33,20
27192.564129741764,-33,20
26368.65712063692,-26,20
27192.564129741764,-33,20
27192.564129741764,-33,20
24464.059368956776,-23,20
27790.757698296853,-36,20
27192.564129741764,-33,20
27192.564129741764,-33,20
27192.564129741764,-33,20
27192.564129741764,-33,20
27192.564129741764,-33,20
27192.564129741764,-33,20
27192.564129741764,-33,20
26368.65712063692,-26,20
27192.564129741764,-33,20
26368.65712063692,-26,20
27192.564129741764,-33,20
27192.564129741764,-33,20
27192.564129741764,-33,20
27192.564129741764,-33,20
26534.396553794904,-30,20
27192.564129741764,-33,20
27192.564129741764,-33,20
27192.564129741764,-33,20
27192.564129741764,-33,20
26534.396553794904,-30,20
27104.392502406765,-31,20
26368.65712063692,-26,20
27192.564129741764,-33,20
26534.396553794904,-30,20
27192.564129741764,-33,20
27192.564129741764,-33,20
26534.396553794904,-30,20
27192.564129741764,-33,20
27192.564129741764,-33,20
27192.564129741764,-33,20
27192.564129741764,-33,20
26534.396553794904,-30,20
24464.059368956776,-23,20
26469.018858024956,-27,20
27192.564129741764,-33,20
27192.564129741764,-33,20
27192.564129741764,-33,20
27192.564129741764,-33,20
26070.895598290997,-25,20
23642.848386475496,-22,20
27192.564129741764,-33,20
26368.65712063692,-26,20
27192.564129741764,-33,20
27192.564129741764,-33,20
27192.564129741764,-33,20
27192.564129741764,-33,20
27192.564129741764,-33,20
27192.564129741764,-33,20
27192.564129741764,-33,20
25417.748261690016,-24,20
27192.564129741764,-33,20
24464.059368956776,-23,20
26368.65712063692,-26,20
27192.564129741764,-33,20
27192.564129741764,-33,20
27192.564129741764,-33,20
27192.564129741764,-33,20
27192.564129741764,-33,20
27192.564129741764,-33,20
27192.564129741764,-33,20
27192.564129741764,-33,20
27192.564129741764,-33,20
27192.564129741764,-33,20
24464.059368956776,-23,20
27192.564129741764,-33,20
24464.059368956776,-23,20
27192.564129741764,-33,20
27192.564129741764,-33,20
27192.564129741764,-33,20
27192.564129741764,-33,20
27192.564129741764,-33,20
27192.564129741764,-33,20
27192.564129741764,-33,20
27192.564129741764,-33,20
26534.396553794904,-30,20
27192.564129741764,-33,20
27192.564129741764,-33,20
27192.564129741764,-33,20
27192.564129741764,-33,20
21712.5341665152,-21,20
26534.396553794904,-30,20
27192.564129741764,-33,20
26368.65712063692,-26,20
27192.564129741764,-33,20
27192.564129741764,-33,20
27192.564129741764,-33,20
27192.564129741764,-33,20
27192.564129741764,-33,20
27192.564129741764,-33,20
27192.564129741764,-33,20
27192.564129741764,-33,20
27192.564129741764,-33,20
27790.757698296853,-36,20
26368.65712063692,-26,20
27192.564129741764,-33,20
27192.564129741764,-33,20
26534.396553794904,-30,20
27192.564129741764,-33,20
27192.564129741764,-33,20
27192.564129741764,-33,20
27192.564129741764,-33,20
27192.564129741764,-33,20
27192.564129741764,-33,20
27192.564129741764,-33,20
26070.895598290997,-25,20
26534.396553794904,-30,20
27192.564129741764,-33,20
27192.564129741764,-33,20
27192.564129741764,-33,20
27687.582669732015,-35,20
27192.564129741764,-33,20
27192.564129741764,-33,20
27192.564129741764,-33,20
27192.564129741764,-33,20
27192.564129741764,-33,20
27192.564129741764,-33,20
27192.564129741764,-33,20
27192.564129741764,-33,20
27192.564129741764,-33,20
27687.582669732015,-35,20
27192.564129741764,-33,20
27192.564129741764,-33,20
27192.564129741764,-33,20
27192.564129741764,-33,20
27192.564129741764,-33,20
27192.564129741764,-33,20
27192.564129741764,-33,20
27192.564129741764,-33,20
27687.582669732015,-35,20
27192.564129741764,-33,20
27192.564129741764,-33,20
27192.564129741764,-33,20
27192.564129741764,-33,20
27192.564129741764,-33,20
27192.564129741764,-33,20
27687.582669732015,-35,20
27192.564129741764,-33,20
27192.564129741764,-33,20
27192.564129741764,-33,20
27192.564129741764,-33,20
27192.564129741764,-33,20
27192.564129741764,-33,20
27192.564129741764,-33,20
26534.396553794904,-30,20
26368.65712063692,-26,20
27687.582669732015,-35,20
27192.564129741764,-33,20
27192.564129741764,-33,20
27192.564129741764,-33,20
27192.564129741764,-33,20
27192.564129741764,-33,20
27192.564129741764,-33,20
27192.564129741764,-33,20
24464.059368956776,-23,20
27192.564129741764,-33,20
27192.564129741764,-33,20
27192.564129741764,-33,20
27192.564129741764,-33,20
27192.564129741764,-33,20
27192.564129741764,-33,20
27192.564129741764,-33,20
26534.396553794904,-30,20
27192.564129741764,-33,20
27192.564129741764,-33,20
27192.564129741764,-33,20
25417.748261690016,-24,20
27192.564129741764,-33,20
27192.564129741764,-33,20
27192.564129741764,-33,20
27192.564129741764,-33,20
27192.564129741764,-33,20
24464.059368956776,-23,20
27192.564129741764,-33,20
27192.564129741764,-33,20
24464.059368956776,-23,20
27192.564129741764,-33,20
27192.564129741764,-33,20
27192.564129741764,-33,20
27192.564129741764,-33,20
27192.564129741764,-33,20
27192.564129741764,-33,20
27192.564129741764,-33,20
27192.564129741764,-33,20
27192.564129741764,-33,20
27192.564129741764,-33,20
27192.564129741764,-33,20
26534.396553794904,-30,20
27192.564129741764,-33,20
27192.564129741764,-33,20
27192.564129741764,-33,20
27192.564129741764,-33,20
27192.564129741764,-33,20
27192.564129741764,-33,20
27192.564129741764,-33,20
27192.564129741764,-33,20
27192.564129741764,-33,20
25417.748261690016,-24,20
27192.564129741764,-33,20
27192.564129741764,-33,20
27192.564129741764,-33,20
26534.396553794904,-30,20
26368.65712063692,-26,20
27192.564129741764,-33,20
27192.564129741764,-33,20
27687.582669732015,-35,20
27192.564129741764,-33,20
26469.018858024956,-27,20
27192.564129741764,-33,20
27192.564129741764,-33,20
27192.564129741764,-33,20
27192.564129741764,-33,20
27192.564129741764,-33,20
27192.564129741764,-33,20
27192.564129741764,-33,20
27192.564129741764,-33,20
24464.059368956776,-23,20
27192.564129741764,-33,20
27192.564129741764,-33,20
26368.65712063692,-26,20
27192.564129741764,-33,20
26368.65712063692,-26,20
26368.65712063692,-26,20
26469.018858024956,-27,20
27192.564129741764,-33,20
21712.5341665152,-21,20
27192.564129741764,-33,20
27192.564129741764,-33,20
26368.65712063692,-26,20
27192.564129741764,-33,20
27192.564129741764,-33,20
21712.5341665152,-21,20
27192.564129741764,-33,20
27192.564129741764,-33,20
26368.65712063692,-26,20
27192.564129741764,-33,20
27104.392502406765,-31,20
27192.564129741764,-33,20
26534.396553794904,-30,20
27192.564129741764,-33,20
27192.564129741764,-33,20
27192.564129741764,-33,20
27192.564129741764,-33,20
27687.582669732015,-35,20
27192.564129741764,-33,20
27192.564129741764,-33,20
27192.564129741764,-33,20
27192.564129741764,-33,20
26534.396553794904,-30,20
27192.564129741764,-33,20
27192.564129741764,-33,20
26368.65712063692,-26,20
27192.564129741764,-33,20
27192.564129741764,-33,20
27192.564129741764,-33,20
27192.564129741764,-33,20
24464.059368956776,-23,20
27192.564129741764,-33,20
24464.059368956776,-23,20
27192.564129741764,-33,20
27192.564129741764,-33,20
27192.564129741764,-33,20
24464.059368956776,-23,20
27192.564129741764,-33,20
27192.564129741764,-33,20
27192.564129741764,-33,20
27192.564129741764,-33,20
27192.564129741764,-33,20
26534.396553794904,-30,20
27721.863901283723,-38,21
27721.863901283723,-38,21
27721.863901283723,-38,21
27721.863901283723,-38,21
27721.863901283723,-38,21
27721.863901283723,-38,21
27721.863901283723,-38,21
27721.863901283723,-38,21
27721.863901283723,-38,21
27721.863901283723,-38,21
25026.18220859755,-25,21
27721.863901283723,-38,21
27721.863901283723,-38,21
27721.863901283723,-38,21
27721.863901283723,-38,21
27721.863901283723,-38,21
26248.751208228667,-31,21
27510.81057961345,-35,21
27721.863901283723,-38,21
27721.863901283723,-38,21
27721.863901283723,-38,21
27721.863901283723,-38,21
26248.751208228667,-31,21
27721.863901283723,-38,21
27721.863901283723,-38,21
27721.863901283723,-38,21
27721.863901283723,-38,21
27510.81057961345,-35,21
27721.863901283723,-38,21
27721.863901283723,-38,21
26248.751208228667,-31,21
27721.863901283723,-38,21
27721.863901283723,-38,21
27721.863901283723,-38,21
27510.81057961345,-35,21
27721.863901283723,-38,21
27182.87472096474,-34,21
27721.863901283723,-38,21
27721.863901283723,-38,21
26976.158254898768,-33,21
27721.863901283723,-38,21
23560.552446153422,-24,21
27721.863901283723,-38,21
25452.585788610104,-27,21
27721.863901283723,-38,21
27721.863901283723,-38,21
27721.863901283723,-38,21
27721.863901283723,-38,21
27721.863901283723,-38,21
26248.751208228667,-31,21
27721.863901283723,-38,21
27510.81057961345,-35,21
27721.863901283723,-38,21
26248.751208228667,-31,21
27721.863901283723,-38,21
27721.863901283723,-38,21
27721.863901283723,-38,21
26248.751208228667,-31,21
27721.863901283723,-38,21
27721.863901283723,-38,21
27721.863901283723,-38,21
27721.863901283723,-38,21
27721.863901283723,-38,21
22562.835342701448,-23,21
26248.751208228667,-31,21
27721.863901283723,-38,21
27721.863901283723,-38,21
27721.863901283723,-38,21
27721.863901283723,-38,21
27721.863901283723,-38,21
26976.158254898768,-33,21
27721.863901283723,-38,21
25026.18220859755,-25,21
27721.863901283723,-38,21
27721.863901283723,-38,21
27721.863901283723,-38,21
27721.863901283723,-38,21
27721.863901283723,-38,21
27721.863901283723,-38,21
22562.835342701448,-23,21
25812.28378931593,-29,21
27721.863901283723,-38,21
27721.863901283723,-38,21
27721.863901283723,-38,21
27182.87472096474,-34,21
27721.863901283723,-38,21
27721.863901283723,-38,21
27721.863901283723,-38,21
28087.15741311088,-39,21
27721.863901283723,-38,21
27721.863901283723,-38,21
27721.863901283723,-38,21
26248.751208228667,-31,21
27721.863901283723,-38,21
27721.863901283723,-38,21
27721.863901283723,-38,21
27721.863901283723,-38,21
27721.863901283723,-38,21
22562.835342701448,-23,21
27721.863901283723,-38,21
27721.863901283723,-38,21
27721.863901283723,-38,21
26248.751208228667,-31,21
27721.863901283723,-38,21
25812.28378931593,-29,21
27721.863901283723,-38,21
25643.56322555356,-28,21
27721.863901283723,-38,21
26248.751208228667,-31,21
27182.87472096474,-34,21
27721.863901283723,-38,21
26248.751208228667,-31,21
22562.835342701448,-23,21
27721.863901283723,-38,21
27721.863901283723,-38,21
27721.863901283723,-38,21
27182.87472096474,-34,21
27721.863901283723,-38,21
27721.863901283723,-38,21
27721.863901283723,-38,21
26248.751208228667,-31,21
27721.863901283723,-38,21
27721.863901283723,-38,21
26976.158254898768,-33,21
26825.978223594044,-32,21
27721.863901283723,-38,21
27721.863901283723,-38,21
27721.863901283723,-38,21
25026.18220859755,-25,21
27721.863901283723,-38,21
27721.863901283723,-38,21
27721.863901283723,-38,21
27721.863901283723,-38,21
27721.863901283723,-38,21
27721.863901283723,-38,21
27721.863901283723,-38,21
27721.863901283723,-38,21
27721.863901283723,-38,21
26976.158254898768,-33,21
27721.863901283723,-38,21
27721.863901283723,-38,21
27721.863901283723,-38,21
27721.863901283723,-38,21
26248.751208228667,-31,21
27721.863901283723,-38,21
27721.863901283723,-38,21
27721.863901283723,-38,21
27721.863901283723,-38,21
27721.863901283723,-38,21
27721.863901283723,-38,21
27510.81057961345,-35,21
27721.863901283723,-38,21
27721.863901283723,-38,21
27721.863901283723,-38,21
27721.863901283723,-38,21
27721.863901283723,-38,21
27721.863901283723,-38,21
27706.35867291662,-36,21
27721.863901283723,-38,21
27721.863901283723,-38,21
27721.863901283723,-38,21
22562.835342701448,-23,21
27721.863901283723,-38,21
27721.863901283723,-38,21
26825.978223594044,-32,21
26248.751208228667,-31,21
25026.18220859755,-25,21
27721.863901283723,-38,21
26248.751208228667,-31,21
27721.863901283723,-38,21
27721.863901283723,-38,21
27721.863901283723,-38,21
27721.863901283723,-38,21
26976.158254898768,-33,21
27721.863901283723,-38,21
27721.863901283723,-38,21
25643.56322555356,-28,21
27721.863901283723,-38,21
27721.863901283723,-38,21
27721.863901283723,-38,21
27721.863901283723,-38,21
27721.863901283723,-38,21
27721.863901283723,-38,21
27721.863901283723,-38,21
27721.863901283723,-38,21
27510.81057961345,-35,21
26248.751208228667,-31,21
27721.863901283723,-38,21
27182.87472096474,-34,21
27721.863901283723,-38,21
27721.863901283723,-38,21
26248.751208228667,-31,21
22064.880125203552,-21,21
27721.863901283723,-38,21
27721.863901283723,-38,21
27721.863901283723,-38,21
27721.863901283723,-38,21
27182.87472096474,-34,21
27721.863901283723,-38,21
27721.863901283723,-38,21
27721.863901283723,-38,21
27721.863901283723,-38,21
27721.863901283723,-38,21
26976.158254898768,-33,21
27721.863901283723,-38,21
27721.863901283723,-38,21
27721.863901283723,-38,21
27721.863901283723,-38,21
25026.18220859755,-25,21
27721.863901283723,-38,21
27721.863901283723,-38,21
26248.751208228667,-31,21
26248.751208228667,-31,21
27721.863901283723,-38,21
27721.863901283723,-38,21
27721.863901283723,-38,21
27721.863901283723,-38,21
27721.863901283723,-38,21
27721.863901283723,-38,21
27721.863901283723,-38,21
27721.863901283723,-38,21
27510.81057961345,-35,21
27721.863901283723,-38,21
27721.863901283723,-38,21
27721.863901283723,-38,21
27721.863901283723,-38,21
22416.94896112055,-22,21
26248.751208228667,-31,21
27721.863901283723,-38,21
27721.863901283723,-38,21
27721.863901283723,-38,21
25026.18220859755,-25,21
26248.751208228667,-31,21
25401.61613821092,-26,21
25643.56322555356,-28,21
24955.446270594366,-25,22
24955.446270594366,-25,22
25887.909498886904,-30,22
24955.446270594366,-25,22
26590.44767737932,-35,22
24518.897542354276,-24,22
25887.909498886904,-30,22
26371.947229634057,-34,22
25887.909498886904,-30,22
25887.909498886904,-30,22
25887.909498886904,-30,22
24955.446270594366,-25,22
24955.446270594366,-25,22
26590.44767737932,-35,22
25808.300256830495,-29,22
26590.44767737932,-35,22
25887.909498886904,-30,22
27158.839783844043,-38,22
24955.446270594366,-25,22
24955.446270594366,-25,22
26590.44767737932,-35,22
25887.909498886904,-30,22
24955.446270594366,-25,22
24955.446270594366,-25,22
26916.257077913124,-37,22
24955.446270594366,-25,22
24955.446270594366,-25,22
26590.44767737932,-35,22
26590.44767737932,-35,22
25887.909498886904,-30,22
25887.909498886904,-30,22
24955.446270594366,-25,22
25887.909498886904,-30,22
25887.909498886904,-30,22
25887.909498886904,-30,22
24955.446270594366,-25,22
24955.446270594366,-25,22
24955.446270594366,-25,22
27158.839783844043,-38,22
25887.909498886904,-30,22
26821.031219517896,-36,22
24955.446270594366,-25,22
24955.446270594366,-25,22
24955.446270594366,-25,22
27158.839783844043,-38,22
24955.446270594366,-25,22
25887.909498886904,-30,22
25887.909498886904,-30,22
24955.446270594366,-25,22
26590.44767737932,-35,22
24955.446270594366,-25,22
26916.257077913124,-37,22
24955.446270594366,-25,22
24308.125051178533,-23,22
24955.446270594366,-25,22
25887.909498886904,-30,22
24955.446270594366,-25,22
24955.446270594366,-25,22
26371.947229634057,-34,22
24955.446270594366,-25,22
24955.446270594366,-25,22
25887.909498886904,-30,22
24955.446270594366,-25,22
25058.339524548544,-26,22
26916.257077913124,-37,22
24955.446270594366,-25,22
26315.657980750908,-31,22
24955.446270594366,-25,22
26590.44767737932,-35,22
25887.909498886904,-30,22
25887.909498886904,-30,22
24955.446270594366,-25,22
24955.446270594366,-25,22
24955.446270594366,-25,22
25887.909498886904,-30,22
24955.446270594366,-25,22
25887.909498886904,-30,22
25887.909498886904,-30,22
26590.44767737932,-35,22
24308.125051178533,-23,22
26590.44767737932,-35,22
24955.446270594366,-25,22
24955.446270594366,-25,22
26590.44767737932,-35,22
24955.446270594366,-25,22
24955.446270594366,-25,22
24955.446270594366,-25,22
25887.909498886904,-30,22
24308.125051178533,-23,22
24955.446270594366,-25,22
25887.909498886904,-30,22
25887.909498886904,-30,22
24955.446270594366,-25,22
24308.125051178533,-23,22
25887.909498886904,-30,22
24955.446270594366,-25,22
27217.3186545356,-44,23
27217.3186545356,-44,23
27321.869347473923,-45,23
27217.3186545356,-44,23
20696.41738356381,-24,23
27193.344131696518,-39,23
27217.3186545356,-44,23
20696.41738356381,-24,23
25190.03182763435,-28,23
27217.3186545356,-44,23
27217.3186545356,-44,23
27193.344131696518,-39,23
25699.941516727802,-31,23
27321.869347473923,-45,23
26622.486371655705,-35,23
25190.03182763435,-28,23
24994.53635612007,-27,23
27217.3186545356,-44,23
27217.3186545356,-44,23
26622.486371655705,-35,23
27321.869347473923,-45,23
26622.486371655705,-35,23
25190.03182763435,-28,23
27217.3186545356,-44,23
26622.486371655705,-35,23
25190.03182763435,-28,23
26622.486371655705,-35,23
26622.486371655705,-35,23
25190.03182763435,-28,23
25190.03182763435,-28,23
27217.3186545356,-44,23
27217.3186545356,-44,23
27193.344131696518,-39,23
25190.03182763435,-28,23
25190.03182763435,-28,23
25190.03182763435,-28,23
27217.3186545356,-44,23
27217.3186545356,-44,23
26622.486371655705,-35,23
27217.3186545356,-44,23
27217.3186545356,-44,23
25190.03182763435,-28,23
25190.03182763435,-28,23
27217.3186545356,-44,23
27321.869347473923,-45,23
27217.3186545356,-44,23
26622.486371655705,-35,23
26622.486371655705,-35,23
25190.03182763435,-28,23
25746.642071890892,-33,23
27193.344131696518,-39,23
25190.03182763435,-28,23
27217.3186545356,-44,23
25190.03182763435,-28,23
25190.03182763435,-28,23
27193.344131696518,-39,23
25190.03182763435,-28,23
27321.869347473923,-45,23
27193.344131696518,-39,23
26622.486371655705,-35,23
27193.344131696518,-39,23
27217.3186545356,-44,23
25190.03182763435,-28,23
27217.3186545356,-44,23
25501.961990030555,-29,23
20696.41738356381,-24,23
27193.344131696518,-39,23
27193.344131696518,-39,23
20696.41738356381,-24,23
26622.486371655705,-35,23
26622.486371655705,-35,23
25190.03182763435,-28,23
25190.03182763435,-28,23
27193.344131696518,-39,23
25190.03182763435,-28,23
20696.41738356381,-24,23
27321.869347473923,-45,23
26622.486371655705,-35,23
25190.03182763435,-28,23
27217.3186545356,-44,23
27217.3186545356,-44,23
27217.3186545356,-44,23
27217.3186545356,-44,23
26350.841747936844,-34,23
27217.3186545356,-44,23
27217.3186545356,-44,23
25190.03182763435,-28,23
26622.486371655705,-35,23
27217.3186545356,-44,23
25190.03182763435,-28,23
25190.03182763435,-28,23
27217.3186545356,-44,23
27193.344131696518,-39,23
27217.3186545356,-44,23
25190.03182763435,-28,23
25190.03182763435,-28,23
27217.3186545356,-44,23
25190.03182763435,-28,23
27217.3186545356,-44,23
25746.642071890892,-33,23
27052.554182685762,-38,23
25190.03182763435,-28,23
25746.642071890892,-33,23
25190.03182763435,-28,23
25190.03182763435,-28,23
27217.3186545356,-44,23
26350.841747936844,-34,23
25190.03182763435,-28,23
26622.486371655705,-35,23
27321.869347473923,-45,23
26901.93222932134,-36,23
25699.941516727802,-31,23
25190.03182763435,-28,23
26350.841747936844,-34,23
25190.03182763435,-28,23
27217.3186545356,-44,23
27321.869347473923,-45,23
26622.486371655705,-35,23
26622.486371655705,-35,23
27217.3186545356,-44,23
25190.03182763435,-28,23
24994.53635612007,-27,23
25190.03182763435,-28,23
27217.3186545356,-44,23
23708.592048438557,-25,23
27321.869347473923,-45,23
27217.3186545356,-44,23
24994.53635612007,-27,23
25190.03182763435,-28,23
25190.03182763435,-28,23
27217.3186545356,-44,23
25190.03182763435,-28,23
26622.486371655705,-35,23
26622.486371655705,-35,23
24994.53635612007,-27,23
27321.869347473923,-45,23
26622.486371655705,-35,23
25190.03182763435,-28,23
25746.642071890892,-33,23
27321.869347473923,-45,23
24994.53635612007,-27,23
24994.53635612007,-27,23
26901.93222932134,-36,23
27217.3186545356,-44,23
24342.73168601062,-26,23
24994.53635612007,-27,23
25190.03182763435,-28,23
26622.486371655705,-35,23
25190.03182763435,-28,23
25190.03182763435,-28,23
27217.3186545356,-44,23
27217.3186545356,-44,23
27193.344131696518,-39,23
24342.73168601062,-26,23
26622.486371655705,-35,23
25746.642071890892,-33,23
27217.3186545356,-44,23
27193.344131696518,-39,23
25690.18488491451,-30,23
27217.3186545356,-44,23
25190.03182763435,-28,23
27660.900272895786,-46,23
27321.869347473923,-45,23
25699.941516727802,-31,23
25501.961990030555,-29,23
27321.869347473923,-45,23
24994.53635612007,-27,23
27193.344131696518,-39,23
20696.41738356381,-24,23
27217.3186545356,-44,23
25190.03182763435,-28,23
27217.3186545356,-44,23
24994.53635612007,-27,23
25190.03182763435,-28,23
25190.03182763435,-28,23
27608.208759678102,-40,24
27608.208759678102,-40,24
26925.228671076253,-35,24
27608.208759678102,-40,24
27608.208759678102,-40,24
27608.208759678102,-40,24
27608.208759678102,-40,24
27608.208759678102,-40,24
27608.208759678102,-40,24
27608.208759678102,-40,24
27608.208759678102,-40,24
25582.267599649575,-28,24
27608.208759678102,-40,24
26925.228671076253,-35,24
27608.208759678102,-40,24
27608.208759678102,-40,24
27608.208759678102,-40,24
27608.208759678102,-40,24
27608.208759678102,-40,24
26925.228671076253,-35,24
27608.208759678102,-40,24
27608.208759678102,-40,24
27608.208759678102,-40,24
27608.208759678102,-40,24
27608.208759678102,-40,24
27608.208759678102,-40,24
27608.208759678102,-40,24
27608.208759678102,-40,24
27608.208759678102,-40,24
27608.208759678102,-40,24
27608.208759678102,-40,24
27608.208759678102,-40,24
27608.208759678102,-40,24
27608.208759678102,-40,24
27608.208759678102,-40,24
27608.208759678102,-40,24
27608.208759678102,-40,24
27608.208759678102,-40,24
27608.208759678102,-40,24
26925.228671076253,-35,24
27608.208759678102,-40,24
27608.208759678102,-40,24
27608.208759678102,-40,24
26925.228671076253,-35,24
27608.208759678102,-40,24
27608.208759678102,-40,24
25582.267599649575,-28,24
24909.81300137012,-25,24
27608.208759678102,-40,24
27608.208759678102,-40,24
27608.208759678102,-40,24
27608.208759678102,-40,24
27608.208759678102,-40,24
27608.208759678102,-40,24
26925.228671076253,-35,24
27608.208759678102,-40,24
27608.208759678102,-40,24
26925.228671076253,-35,24
27608.208759678102,-40,24
27608.208759678102,-40,24
26551.331484113252,-30,24
27608.208759678102,-40,24
27608.208759678102,-40,24
27608.208759678102,-40,24
27608.208759678102,-40,24
27608.208759678102,-40,24
26925.228671076253,-35,24
27608.208759678102,-40,24
27608.208759678102,-40,24
27608.208759678102,-40,24
27608.208759678102,-40,24
27608.208759678102,-40,24
24909.81300137012,-25,24
27608.208759678102,-40,24
27608.208759678102,-40,24
27608.208759678102,-40,24
27608.208759678102,-40,24
27608.208759678102,-40,24
27608.208759678102,-40,24
25582.267599649575,-28,24
27608.208759678102,-40,24
27608.208759678102,-40,24
27608.208759678102,-40,24
27608.208759678102,-40,24
25582.267599649575,-28,24
26551.331484113252,-30,24
27608.208759678102,-40,24
27608.208759678102,-40,24
27608.208759678102,-40,24
25582.267599649575,-28,24
27608.208759678102,-40,24
27608.208759678102,-40,24
26925.228671076253,-35,24
27608.208759678102,-40,24
27608.208759678102,-40,24
27608.208759678102,-40,24
27608.208759678102,-40,24
27608.208759678102,-40,24
27505.606745866913,-39,24
27608.208759678102,-40,24
27608.208759678102,-40,24
27608.208759678102,-40,24
27608.208759678102,-40,24
27608.208759678102,-40,24
27608.208759678102,-40,24
27608.208759678102,-40,24
27608.208759678102,-40,24
26925.228671076253,-35,24
27608.208759678102,-40,24
27608.208759678102,-40,24
27608.208759678102,-40,24
27608.208759678102,-40,24
27608.208759678102,-40,24
27608.208759678102,-40,24
26925.228671076253,-35,24
27608.208759678102,-40,24
27505.606745866913,-39,24
27608.208759678102,-40,24
27608.208759678102,-40,24
27608.208759678102,-40,24
27608.208759678102,-40,24
25582.267599649575,-28,24
27608.208759678102,-40,24
27608.208759678102,-40,24
27608.208759678102,-40,24
27608.208759678102,-40,24
27608.208759678102,-40,24
26925.228671076253,-35,24
27608.208759678102,-40,24
26551.331484113252,-30,24
27608.208759678102,-40,24
27608.208759678102,-40,24
27608.208759678102,-40,24
27608.208759678102,-40,24
27608.208759678102,-40,24
27608.208759678102,-40,24
26925.228671076253,-35,24
27608.208759678102,-40,24
27608.208759678102,-40,24
27608.208759678102,-40,24
27125.552685044553,-36,24
27608.208759678102,-40,24
26925.228671076253,-35,24
27608.208759678102,-40,24
27608.208759678102,-40,24
27608.208759678102,-40,24
27608.208759678102,-40,24
27608.208759678102,-40,24
27608.208759678102,-40,24
27608.208759678102,-40,24
26551.331484113252,-30,24
25582.267599649575,-28,24
27608.208759678102,-40,24
27608.208759678102,-40,24
27608.208759678102,-40,24
27608.208759678102,-40,24
27608.208759678102,-40,24
27608.208759678102,-40,24
27608.208759678102,-40,24
27608.208759678102,-40,24
27608.208759678102,-40,24
26925.228671076253,-35,24
27608.208759678102,-40,24
27608.208759678102,-40,24
26925.228671076253,-35,24
27608.208759678102,-40,24
27608.208759678102,-40,24
27608.208759678102,-40,24
27608.208759678102,-40,24
27608.208759678102,-40,24
27608.208759678102,-40,24
27608.208759678102,-40,24
27608.208759678102,-40,24
27608.208759678102,-40,24
27608.208759678102,-40,24
25582.267599649575,-28,24
27608.208759678102,-40,24
27608.208759678102,-40,24
26551.331484113252,-30,24
27608.208759678102,-40,24
27608.208759678102,-40,24
27608.208759678102,-40,24
26925.228671076253,-35,24
27608.208759678102,-40,24
27608.208759678102,-40,24
26551.331484113252,-30,24
27608.208759678102,-40,24
27608.208759678102,-40,24
26551.331484113252,-30,24
24909.81300137012,-25,24
27608.208759678102,-40,24
27608.208759678102,-40,24
27608.208759678102,-40,24
27608.208759678102,-40,24
26551.331484113252,-30,24
26925.228671076253,-35,24
27608.208759678102,-40,24
27608.208759678102,-40,24
27608.208759678102,-40,24
25582.267599649575,-28,24
26925.228671076253,-35,24
27608.208759678102,-40,24
27608.208759678102,-40,24
27608.208759678102,-40,24
24909.81300137012,-25,24
27608.208759678102,-40,24
27608.208759678102,-40,24
27608.208759678102,-40,24
27608.208759678102,-40,24
27608.208759678102,-40,24
27608.208759678102,-40,24
27608.208759678102,-40,24
27608.208759678102,-40,24
27505.606745866913,-39,24
27608.208759678102,-40,24
27608.208759678102,-40,24
27608.208759678102,-40,24
27608.208759678102,-40,24
27608.208759678102,-40,24
27608.208759678102,-40,24
27608.208759678102,-40,24
27608.208759678102,-40,24
27608.208759678102,-40,24
27608.208759678102,-40,24
27608.208759678102,-40,24
27608.208759678102,-40,24
27608.208759678102,-40,24
27608.208759678102,-40,24
27608.208759678102,-40,24
27608.208759678102,-40,24
27608.208759678102,-40,24
27608.208759678102,-40,24
27608.208759678102,-40,24
26925.228671076253,-35,24
26551.331484113252,-30,24
27608.208759678102,-40,24
27608.208759678102,-40,24
27608.208759678102,-40,24
26551.331484113252,-30,24
27608.208759678102,-40,24
27608.208759678102,-40,24
27505.606745866913,-39,24
27608.208759678102,-40,24
27608.208759678102,-40,24
27608.208759678102,-40,24
27125.552685044553,-36,24
27608.208759678102,-40,24
27608.208759678102,-40,24
26551.331484113252,-30,24
26925.228671076253,-35,24
27608.208759678102,-40,24
27608.208759678102,-40,24
27608.208759678102,-40,24
27608.208759678102,-40,24
27608.208759678102,-40,24
27608.208759678102,-40,24
25582.267599649575,-28,24
27608.208759678102,-40,24
27608.208759678102,-40,24
27608.208759678102,-40,24
27608.208759678102,-40,24
26551.331484113252,-30,24
27608.208759678102,-40,24
27608.208759678102,-40,24
27608.208759678102,-40,24
25582.267599649575,-28,24
27608.208759678102,-40,24
27608.208759678102,-40,24
27608.208759678102,-40,24
27608.208759678102,-40,24
27608.208759678102,-40,24
27608.208759678102,-40,24
27608.208759678102,-40,24
25582.267599649575,-28,24
24909.81300137012,-25,24
27608.208759678102,-40,24
27608.208759678102,-40,24
27505.606745866913,-39,24
27608.208759678102,-40,24
27608.208759678102,-40,24
27608.208759678102,-40,24
27608.208759678102,-40,24
27608.208759678102,-40,24
27608.208759678102,-40,24
27608.208759678102,-40,24
27608.208759678102,-40,24
27608.208759678102,-40,24
26551.331484113252,-30,24
27608.208759678102,-40,24
27608.208759678102,-40,24
23382.53982760194,-22,24
25582.267599649575,-28,24
27608.208759678102,-40,24
25582.267599649575,-28,24
27608.208759678102,-40,24
27608.208759678102,-40,24
27608.208759678102,-40,24
26925.228671076253,-35,24
27608.208759678102,-40,24
27608.208759678102,-40,24
27608.208759678102,-40,24
27608.208759678102,-40,24
27608.208759678102,-40,24
26925.228671076253,-35,24
27608.208759678102,-40,24
27608.208759678102,-40,24
25582.267599649575,-28,24
27608.208759678102,-40,24
26925.228671076253,-35,24
27608.208759678102,-40,24
27608.208759678102,-40,24
27608.208759678102,-40,24
27608.208759678102,-40,24
27608.208759678102,-40,24
27608.208759678102,-40,24
27608.208759678102,-40,24
26551.331484113252,-30,24
27608.208759678102,-40,24
27608.208759678102,-40,24
27608.208759678102,-40,24
27505.606745866913,-39,24
27608.208759678102,-40,24
27608.208759678102,-40,24
27608.208759678102,-40,24
27608.208759678102,-40,24
26925.228671076253,-35,24
26551.331484113252,-30,24
27608.208759678102,-40,24
27608.208759678102,-40,24
27608.208759678102,-40,24
27608.208759678102,-40,24
27608.208759678102,-40,24
27608.208759678102,-40,24
24909.81300137012,-25,24
26551.331484113252,-30,24
27608.208759678102,-40,24
27608.208759678102,-40,24
26925.228671076253,-35,24
26925.228671076253,-35,24
27608.208759678102,-40,24
26925.228671076253,-35,24
27608.208759678102,-40,24
27608.208759678102,-40,24
27608.208759678102,-40,24
26925.228671076253,-35,24
27608.208759678102,-40,24
26551.331484113252,-30,24
27608.208759678102,-40,24
25582.267599649575,-28,24
27608.208759678102,-40,24
27608.208759678102,-40,24
27608.208759678102,-40,24
27608.208759678102,-40,24
27608.208759678102,-40,24
26925.228671076253,-35,24
25582.267599649575,-28,24
27608.208759678102,-40,24
27608.208759678102,-40,24
27608.208759678102,-40,24
27608.208759678102,-40,24
27608.208759678102,-40,24
26925.228671076253,-35,24
27608.208759678102,-40,24
27608.208759678102,-40,24
27608.208759678102,-40,24
27608.208759678102,-40,24
27608.208759678102,-40,24
27608.208759678102,-40,24
27608.208759678102,-40,24
27608.208759678102,-40,24
27608.208759678102,-40,24
27608.208759678102,-40,24
27608.208759678102,-40,24
27608.208759678102,-40,24
26925.228671076253,-35,24
26925.228671076253,-35,24
27608.208759678102,-40,24
26653.38767099601,-31,24
27608.208759678102,-40,24
27608.208759678102,-40,24
27608.208759678102,-40,24
27608.208759678102,-40,24
27608.208759678102,-40,24
27608.208759678102,-40,24
26551.331484113252,-30,24
27608.208759678102,-40,24
27608.208759678102,-40,24
27608.208759678102,-40,24
27608.208759678102,-40,24
27608.208759678102,-40,24
27608.208759678102,-40,24
26925.228671076253,-35,24
27608.208759678102,-40,24
27608.208759678102,-40,24
27608.208759678102,-40,24
27608.208759678102,-40,24
27608.208759678102,-40,24
27125.552685044553,-36,24
27608.208759678102,-40,24
26925.228671076253,-35,24
27608.208759678102,-40,24
27608.208759678102,-40,24
26925.228671076253,-35,24
27608.208759678102,-40,24
27505.606745866913,-39,24
27608.208759678102,-40,24
27608.208759678102,-40,24
27608.208759678102,-40,24
27608.208759678102,-40,24
27608.208759678102,-40,24
27608.208759678102,-40,24
27608.208759678102,-40,24
26925.228671076253,-35,24
27608.208759678102,-40,24
27608.208759678102,-40,24
27608.208759678102,-40,24
27608.208759678102,-40,24
27608.208759678102,-40,24
26551.331484113252,-30,24
27608.208759678102,-40,24
27608.208759678102,-40,24
27608.208759678102,-40,24
26551.331484113252,-30,24
27608.208759678102,-40,24
27608.208759678102,-40,24
27608.208759678102,-40,24
27608.208759678102,-40,24
27608.208759678102,-40,24
26925.228671076253,-35,24
27608.208759678102,-40,24
26925.228671076253,-35,24
25582.267599649575,-28,24
27608.208759678102,-40,24
27608.208759678102,-40,24
27608.208759678102,-40,24
26551.331484113252,-30,24
27608.208759678102,-40,24
27608.208759678102,-40,24
25582.267599649575,-28,24
25582.267599649575,-28,24
27608.208759678102,-40,24
26551.331484113252,-30,24
27608.208759678102,-40,24
27608.208759678102,-40,24
27608.208759678102,-40,24
27608.208759678102,-40,24
27608.208759678102,-40,24
27608.208759678102,-40,24
27608.208759678102,-40,24
27608.208759678102,-40,24
27125.552685044553,-36,24
27608.208759678102,-40,24
27608.208759678102,-40,24
27608.208759678102,-40,24
27608.208759678102,-40,24
27608.208759678102,-40,24
27608.208759678102,-40,24
27608.208759678102,-40,24
27125.552685044553,-36,24
27608.208759678102,-40,24
27608.208759678102,-40,24
27608.208759678102,-40,24
27608.208759678102,-40,24
27608.208759678102,-40,24
27608.208759678102,-40,24
27608.208759678102,-40,24
27608.208759678102,-40,24
26925.228671076253,-35,24
27608.208759678102,-40,24
27608.208759678102,-40,24
27608.208759678102,-40,24
27608.208759678102,-40,24
27608.208759678102,-40,24
26925.228671076253,-35,24
26551.331484113252,-30,24
27608.208759678102,-40,24
27608.208759678102,-40,24
27608.208759678102,-40,24
27608.208759678102,-40,24
27608.208759678102,-40,24
27608.208759678102,-40,24
27608.208759678102,-40,24
27125.552685044553,-36,24
27505.606745866913,-39,24
27608.208759678102,-40,24
26925.228671076253,-35,24
27608.208759678102,-40,24
27608.208759678102,-40,24
27608.208759678102,-40,24
27608.208759678102,-40,24
27608.208759678102,-40,24
27608.208759678102,-40,24
27608.208759678102,-40,24
27608.208759678102,-40,24
27608.208759678102,-40,24
27125.552685044553,-36,24
27608.208759678102,-40,24
26925.228671076253,-35,24
27608.208759678102,-40,24
25239.50666867016,-27,24
27608.208759678102,-40,24
27608.208759678102,-40,24
27608.208759678102,-40,24
27608.208759678102,-40,24
27608.208759678102,-40,24
27608.208759678102,-40,24
26925.228671076253,-35,24
27608.208759678102,-40,24
26551.331484113252,-30,24
27608.208759678102,-40,24
25582.267599649575,-28,24
27608.208759678102,-40,24
26551.331484113252,-30,24
27608.208759678102,-40,24
27608.208759678102,-40,24
27608.208759678102,-40,24
27608.208759678102,-40,24
27608.208759678102,-40,24
27608.208759678102,-40,24
27608.208759678102,-40,24
27608.208759678102,-40,24
26551.331484113252,-30,24
27608.208759678102,-40,24
27608.208759678102,-40,24
27608.208759678102,-40,24
25582.267599649575,-28,24
27505.606745866913,-39,24
27608.208759678102,-40,24
27125.552685044553,-36,24
27608.208759678102,-40,24
27608.208759678102,-40,24
25582.267599649575,-28,24
26551.331484113252,-30,24
27608.208759678102,-40,24
27608.208759678102,-40,24
27608.208759678102,-40,24
27608.208759678102,-40,24
27608.208759678102,-40,24
27608.208759678102,-40,24
26925.228671076253,-35,24
27608.208759678102,-40,24
27125.552685044553,-36,24
27608.208759678102,-40,24
25582.267599649575,-28,24
27608.208759678102,-40,24
27608.208759678102,-40,24
25582.267599649575,-28,24
27608.208759678102,-40,24
27608.208759678102,-40,24
26925.228671076253,-35,24
27608.208759678102,-40,24
27608.208759678102,-40,24
27608.208759678102,-40,24
27608.208759678102,-40,24
27608.208759678102,-40,24
27608.208759678102,-40,24
27608.208759678102,-40,24
27608.208759678102,-40,24
27608.208759678102,-40,24
27608.208759678102,-40,24
27608.208759678102,-40,24
27608.208759678102,-40,24
27608.208759678102,-40,24
27505.606745866913,-39,24
26925.228671076253,-35,24
27608.208759678102,-40,24
26551.331484113252,-30,24
27710.793714109608,-41,24
27608.208759678102,-40,24
27608.208759678102,-40,24
27608.208759678102,-40,24
26412.647763197303,-29,24
27608.208759678102,-40,24
27608.208759678102,-40,24
27608.208759678102,-40,24
27608.208759678102,-40,24
27608.208759678102,-40,24
27608.208759678102,-40,24
27608.208759678102,-40,24
27608.208759678102,-40,24
27608.208759678102,-40,24
27608.208759678102,-40,24
27608.208759678102,-40,24
26551.331484113252,-30,24
27608.208759678102,-40,24
27608.208759678102,-40,24
27608.208759678102,-40,24
27608.208759678102,-40,24
27608.208759678102,-40,24
24478.118417137142,-24,24
27608.208759678102,-40,24
27608.208759678102,-40,24
27608.208759678102,-40,24
27447.54195953799,-36,25
27321.82478650806,-34,25
24789.23804400532,-26,25
27990.631372911936,-40,25
27447.54195953799,-36,25
24789.23804400532,-26,25
25172.07469249474,-28,25
27321.82478650806,-34,25
27447.54195953799,-36,25
27676.789636830912,-39,25
27447.54195953799,-36,25
27447.54195953799,-36,25
27321.82478650806,-34,25
27321.82478650806,-34,25
27321.82478650806,-34,25
27447.54195953799,-36,25
27676.789636830912,-39,25
24789.23804400532,-26,25
24789.23804400532,-26,25
27447.54195953799,-36,25
27990.631372911936,-40,25
27447.54195953799,-36,25
27676.789636830912,-39,25
24789.23804400532,-26,25
27447.54195953799,-36,25
27321.82478650806,-34,25
27676.789636830912,-39,25
27447.54195953799,-36,25
25172.07469249474,-28,25
25675.27934516524,-29,25
24789.23804400532,-26,25
27676.789636830912,-39,25
27447.54195953799,-36,25
27447.54195953799,-36,25
27447.54195953799,-36,25
27447.54195953799,-36,25
27676.789636830912,-39,25
27676.789636830912,-39,25
24789.23804400532,-26,25
27447.54195953799,-36,25
27447.54195953799,-36,25
27321.82478650806,-34,25
25675.27934516524,-29,25
25172.07469249474,-28,25
27676.789636830912,-39,25
27676.789636830912,-39,25
25675.27934516524,-29,25
27447.54195953799,-36,25
24789.23804400532,-26,25
24789.23804400532,-26,25
27321.82478650806,-34,25
27990.631372911936,-40,25
27447.54195953799,-36,25
23135.301384545633,-24,25
27447.54195953799,-36,25
25172.07469249474,-28,25
27676.789636830912,-39,25
27447.54195953799,-36,25
27447.54195953799,-36,25
27447.54195953799,-36,25
27447.54195953799,-36,25
27447.54195953799,-36,25
27676.789636830912,-39,25
27447.54195953799,-36,25
26304.646427704698,-30,25
27321.82478650806,-34,25
27447.54195953799,-36,25
27321.82478650806,-34,25
27447.54195953799,-36,25
27447.54195953799,-36,25
27447.54195953799,-36,25
24789.23804400532,-26,25
27447.54195953799,-36,25
24789.23804400532,-26,25
27447.54195953799,-36,25
24789.23804400532,-26,25
24789.23804400532,-26,25
27447.54195953799,-36,25
27676.789636830912,-39,25
27990.631372911936,-40,25
24789.23804400532,-26,25
24789.23804400532,-26,25
27447.54195953799,-36,25
27321.82478650806,-34,25
24789.23804400532,-26,25
25675.27934516524,-29,25
27447.54195953799,-36,25
26935.09124702238,-32,25
27520.306299752727,-38,25
27447.54195953799,-36,25
27447.54195953799,-36,25
24789.23804400532,-26,25
27447.54195953799,-36,25
27447.54195953799,-36,25
24789.23804400532,-26,25
24789.23804400532,-26,25
27447.54195953799,-36,25
26935.09124702238,-32,25
24789.23804400532,-26,25
27520.306299752727,-38,25
25172.07469249474,-28,25
27447.54195953799,-36,25
24789.23804400532,-26,25
27990.631372911936,-40,25
27676.789636830912,-39,25
27676.789636830912,-39,25
27447.54195953799,-36,25
27447.54195953799,-36,25
23135.301384545633,-24,25
23135.301384545633,-24,25
24789.23804400532,-26,25
27447.54195953799,-36,25
27676.789636830912,-39,25
27447.54195953799,-36,25
27321.82478650806,-34,25
25172.07469249474,-28,25
27447.54195953799,-36,25
27321.82478650806,-34,25
24789.23804400532,-26,25
25675.27934516524,-29,25
24789.23804400532,-26,25
27676.789636830912,-39,25
27447.54195953799,-36,25
27447.54195953799,-36,25
27447.54195953799,-36,25
27676.789636830912,-39,25
25022.05358820479,-27,25
27447.54195953799,-36,25
27447.54195953799,-36,25
24789.23804400532,-26,25
27676.789636830912,-39,25
27447.54195953799,-36,25
27676.789636830912,-39,25
27321.82478650806,-34,25
27321.82478650806,-34,25
27321.82478650806,-34,25
27676.789636830912,-39,25
27184.76555492646,-33,25
24789.23804400532,-26,25
27676.789636830912,-39,25
27676.789636830912,-39,25
27447.54195953799,-36,25
27447.54195953799,-36,25
27447.54195953799,-36,25
26935.09124702238,-32,25
25172.07469249474,-28,25
24789.23804400532,-26,25
27321.82478650806,-34,25
27447.54195953799,-36,25
27447.54195953799,-36,25
27447.54195953799,-36,25
27676.789636830912,-39,25
24789.23804400532,-26,25
24789.23804400532,-26,25
24789.23804400532,-26,25
27447.54195953799,-36,25
27447.54195953799,-36,25
24789.23804400532,-26,25
27447.54195953799,-36,25
26815.854083571532,-31,25
27447.54195953799,-36,25
27447.54195953799,-36,25
27676.789636830912,-39,25
27447.54195953799,-36,25
27447.54195953799,-36,25
24789.23804400532,-26,25
24789.23804400532,-26,25
24789.23804400532,-26,25
27447.54195953799,-36,25
27447.54195953799,-36,25
27321.82478650806,-34,25
27676.789636830912,-39,25
25172.07469249474,-28,25
27990.631372911936,-40,25
24789.23804400532,-26,25
27447.54195953799,-36,25
27676.789636830912,-39,25
27676.789636830912,-39,25
24656.223532899636,-25,25
27447.54195953799,-36,25
27447.54195953799,-36,25
27321.82478650806,-34,25
26815.854083571532,-31,25
27447.54195953799,-36,25
27447.54195953799,-36,25
27184.76555492646,-33,25
24789.23804400532,-26,25
25172.07469249474,-28,25
27447.54195953799,-36,25
27447.54195953799,-36,25
27447.54195953799,-36,25
24789.23804400532,-26,25
27447.54195953799,-36,25
24789.23804400532,-26,25
24789.23804400532,-26,25
27447.54195953799,-36,25
27447.54195953799,-36,25
23135.301384545633,-24,25
27447.54195953799,-36,25
27676.789636830912,-39,25
25675.27934516524,-29,25
25675.27934516524,-29,25
24789.23804400532,-26,25
24789.23804400532,-26,25
27676.789636830912,-39,25
27447.54195953799,-36,25
27447.54195953799,-36,25
27676.789636830912,-39,25
27321.82478650806,-34,25
27447.54195953799,-36,25
27184.76555492646,-33,25
27447.54195953799,-36,25
27990.631372911936,-40,25
27321.82478650806,-34,25
27447.54195953799,-36,25
27447.54195953799,-36,25
27321.82478650806,-34,25
27676.789636830912,-39,25
27990.631372911936,-40,25
27447.54195953799,-36,25
24789.23804400532,-26,25
27447.54195953799,-36,25
27990.631372911936,-40,25
27321.82478650806,-34,25
24789.23804400532,-26,25
27447.54195953799,-36,25
27447.54195953799,-36,25
27990.631372911936,-40,25
27447.54195953799,-36,25
27676.789636830912,-39,25
27447.54195953799,-36,25
27447.54195953799,-36,25
27447.54195953799,-36,25
25675.27934516524,-29,25
27321.82478650806,-34,25
24789.23804400532,-26,25
27447.54195953799,-36,25
27447.54195953799,-36,25
27676.789636830912,-39,25
27447.54195953799,-36,25
27676.789636830912,-39,25
27447.54195953799,-36,25
25172.07469249474,-28,25
27447.54195953799,-36,25
27447.54195953799,-36,25
27321.82478650806,-34,25
27676.789636830912,-39,25
26815.854083571532,-31,25
26304.646427704698,-30,25
27447.54195953799,-36,25
25172.07469249474,-28,25
27676.789636830912,-39,25
27321.82478650806,-34,25
27447.54195953799,-36,25
24789.23804400532,-26,25
27184.76555492646,-33,25
27349.774709375437,-37,26
27349.774709375437,-37,26
25247.3203206853,-26,26
27349.774709375437,-37,26
27349.774709375437,-37,26
25247.3203206853,-26,26
27349.774709375437,-37,26
27349.774709375437,-37,26
27349.774709375437,-37,26
27349.774709375437,-37,26
26001.190344551975,-28,26
27349.774709375437,-37,26
26001.190344551975,-28,26
27349.774709375437,-37,26
27349.774709375437,-37,26
27529.173963211895,-38,26
27349.774709375437,-37,26
24094.568335677184,-24,26
25247.3203206853,-26,26
25247.3203206853,-26,26
27349.774709375437,-37,26
27349.774709375437,-37,26
27349.774709375437,-37,26
26001.190344551975,-28,26
25247.3203206853,-26,26
27349.774709375437,-37,26
27349.774709375437,-37,26
27349.774709375437,-37,26
27349.774709375437,-37,26
27349.774709375437,-37,26
27349.774709375437,-37,26
25247.3203206853,-26,26
25247.3203206853,-26,26
27349.774709375437,-37,26
27349.774709375437,-37,26
27349.774709375437,-37,26
24094.568335677184,-24,26
27349.774709375437,-37,26
25247.3203206853,-26,26
25247.3203206853,-26,26
27349.774709375437,-37,26
25247.3203206853,-26,26
25247.3203206853,-26,26
27349.774709375437,-37,26
25247.3203206853,-26,26
26001.190344551975,-28,26
27349.774709375437,-37,26
26001.190344551975,-28,26
26136.439465157004,-31,26
27349.774709375437,-37,26
25247.3203206853,-26,26
27349.774709375437,-37,26
25247.3203206853,-26,26
27349.774709375437,-37,26
27349.774709375437,-37,26
26001.190344551975,-28,26
27349.774709375437,-37,26
27863.0974063465,-40,26
27212.595574579856,-36,26
24094.568335677184,-24,26
27349.774709375437,-37,26
27349.774709375437,-37,26
25247.3203206853,-26,26
26496.918188710802,-33,26
27349.774709375437,-37,26
27349.774709375437,-37,26
27349.774709375437,-37,26
27349.774709375437,-37,26
27349.774709375437,-37,26
26001.190344551975,-28,26
27212.595574579856,-36,26
27349.774709375437,-37,26
27863.0974063465,-40,26
27349.774709375437,-37,26
26001.190344551975,-28,26
26001.190344551975,-28,26
27349.774709375437,-37,26
27349.774709375437,-37,26
27349.774709375437,-37,26
26001.190344551975,-28,26
27212.595574579856,-36,26
27349.774709375437,-37,26
27349.774709375437,-37,26
27349.774709375437,-37,26
26001.190344551975,-28,26
25247.3203206853,-26,26
27863.0974063465,-40,26
26406.038945516375,-32,26
27349.774709375437,-37,26
27349.774709375437,-37,26
24094.568335677184,-24,26
27349.774709375437,-37,26
27349.774709375437,-37,26
27349.774709375437,-37,26
27349.774709375437,-37,26
25247.3203206853,-26,26
26001.190344551975,-28,26
26001.190344551975,-28,26
27349.774709375437,-37,26
27349.774709375437,-37,26
27212.595574579856,-36,26
27349.774709375437,-37,26
27349.774709375437,-37,26
26496.918188710802,-33,26
27349.774709375437,-37,26
26001.190344551975,-28,26
27349.774709375437,-37,26
27349.774709375437,-37,26
27714.13650981496,-39,26
27349.774709375437,-37,26
25247.3203206853,-26,26
27349.774709375437,-37,26
27349.774709375437,-37,26
27349.774709375437,-37,26
27349.774709375437,-37,26
27349.774709375437,-37,26
25247.3203206853,-26,26
27349.774709375437,-37,26
25247.3203206853,-26,26
27349.774709375437,-37,26
27349.774709375437,-37,26
27349.774709375437,-37,26
27863.0974063465,-40,26
27349.774709375437,-37,26
26001.190344551975,-28,26
26001.190344551975,-28,26
26001.190344551975,-28,26
27349.774709375437,-37,26
27349.774709375437,-37,26
23593.33727741566,-23,26
27048.374079216428,-35,26
25247.3203206853,-26,26
27349.774709375437,-37,26
27349.774709375437,-37,26
25247.3203206853,-26,26
25247.3203206853,-26,26
27212.595574579856,-36,26
25247.3203206853,-26,26
27349.774709375437,-37,26
24094.568335677184,-24,26
27349.774709375437,-37,26
27349.774709375437,-37,26
27349.774709375437,-37,26
24094.568335677184,-24,26
27349.774709375437,-37,26
27349.774709375437,-37,26
25247.3203206853,-26,26
25247.3203206853,-26,26
27349.774709375437,-37,26
24094.568335677184,-24,26
27349.774709375437,-37,26
27349.774709375437,-37,26
27349.774709375437,-37,26
25247.3203206853,-26,26
25247.3203206853,-26,26
25247.3203206853,-26,26
27349.774709375437,-37,26
27349.774709375437,-37,26
27349.774709375437,-37,26
27349.774709375437,-37,26
27349.774709375437,-37,26
27714.13650981496,-39,26
27349.774709375437,-37,26
26001.190344551975,-28,26
27349.774709375437,-37,26
27349.774709375437,-37,26
25247.3203206853,-26,26
25247.3203206853,-26,26
27349.774709375437,-37,26
27349.774709375437,-37,26
25576.862120429192,-27,26
27212.595574579856,-36,26
27349.774709375437,-37,26
27349.774709375437,-37,26
27048.374079216428,-35,26
27863.0974063465,-40,26
26001.190344551975,-28,26
26001.190344551975,-28,26
27349.774709375437,-37,26
27048.374079216428,-35,26
27349.774709375437,-37,26
27349.774709375437,-37,26
27212.595574579856,-36,26
27212.595574579856,-36,26
27349.774709375437,-37,26
27349.774709375437,-37,26
27349.774709375437,-37,26
27349.774709375437,-37,26
24094.568335677184,-24,26
25247.3203206853,-26,26
25576.862120429192,-27,26
26001.190344551975,-28,26
27349.774709375437,-37,26
25247.3203206853,-26,26
27349.774709375437,-37,26
27349.774709375437,-37,26
27349.774709375437,-37,26
25247.3203206853,-26,26
27349.774709375437,-37,26
27349.774709375437,-37,26
25247.3203206853,-26,26
26496.918188710802,-33,26
27349.774709375437,-37,26
27863.0974063465,-40,26
27349.774709375437,-37,26
25576.862120429192,-27,26
25247.3203206853,-26,26
27212.595574579856,-36,26
24094.568335677184,-24,26
24094.568335677184,-24,26
27349.774709375437,-37,26
27349.774709375437,-37,26
26136.439465157004,-31,26
25247.3203206853,-26,26
27349.774709375437,-37,26
27863.0974063465,-40,26
27349.774709375437,-37,26
26001.190344551975,-28,26
27349.774709375437,-37,26
27863.0974063465,-40,26
25247.3203206853,-26,26
27529.173963211895,-38,26
24759.41080357156,-25,26
25247.3203206853,-26,26
26001.190344551975,-28,26
27349.774709375437,-37,26
25247.3203206853,-26,26
24094.568335677184,-24,26
27349.774709375437,-37,26
27349.774709375437,-37,26
27349.774709375437,-37,26
27349.774709375437,-37,26
26121.108224325737,-29,26
27212.595574579856,-36,26
24094.568335677184,-24,26
27529.173963211895,-38,26
26001.190344551975,-28,26
27349.774709375437,-37,26
26001.190344551975,-28,26
27349.774709375437,-37,26
27349.774709375437,-37,26
27349.774709375437,-37,26
27349.774709375437,-37,26
27349.774709375437,-37,26
24094.568335677184,-24,26
24094.568335677184,-24,26
27048.374079216428,-35,26
27349.774709375437,-37,26
27714.13650981496,-39,26
27349.774709375437,-37,26
27349.774709375437,-37,26
27349.774709375437,-37,26
27048.374079216428,-35,26
27349.774709375437,-37,26
25247.3203206853,-26,26
27349.774709375437,-37,26
26332.805527677596,-26,27
26851.528818076386,-31,27
24921.51830593375,-21,27
26851.528818076386,-31,27
26851.528818076386,-31,27
24921.51830593375,-21,27
26332.805527677596,-26,27
26332.805527677596,-26,27
24921.51830593375,-21,27
26851.528818076386,-31,27
24921.51830593375,-21,27
24921.51830593375,-21,27
24921.51830593375,-21,27
24921.51830593375,-21,27
24921.51830593375,-21,27
24921.51830593375,-21,27
26332.805527677596,-26,27
24921.51830593375,-21,27
26851.528818076386,-31,27
26332.805527677596,-26,27
26851.528818076386,-31,27
24921.51830593375,-21,27
24921.51830593375,-21,27
24921.51830593375,-21,27
26332.805527677596,-26,27
24921.51830593375,-21,27
26851.528818076386,-31,27
26332.805527677596,-26,27
26332.805527677596,-26,27
24921.51830593375,-21,27
24921.51830593375,-21,27
24921.51830593375,-21,27
24921.51830593375,-21,27
24921.51830593375,-21,27
26851.528818076386,-31,27
24921.51830593375,-21,27
27101.40742095867,-36,27
26851.528818076386,-31,27
24921.51830593375,-21,27
26851.528818076386,-31,27
26851.528818076386,-31,27
26851.528818076386,-31,27
26851.528818076386,-31,27
24921.51830593375,-21,27
26332.805527677596,-26,27
26851.528818076386,-31,27
24921.51830593375,-21,27
26851.528818076386,-31,27
24921.51830593375,-21,27
26332.805527677596,-26,27
26332.805527677596,-26,27
24921.51830593375,-21,27
26332.805527677596,-26,27
24921.51830593375,-21,27
24921.51830593375,-21,27
24921.51830593375,-21,27
26332.805527677596,-26,27
24921.51830593375,-21,27
24921.51830593375,-21,27
26332.805527677596,-26,27
26851.528818076386,-31,27
24921.51830593375,-21,27
24921.51830593375,-21,27
24921.51830593375,-21,27
26332.805527677596,-26,27
26332.805527677596,-26,27
24734.82906318732,-20,27
26332.805527677596,-26,27
24921.51830593375,-21,27
24921.51830593375,-21,27
24921.51830593375,-21,27
24921.51830593375,-21,27
26332.805527677596,-26,27
27101.40742095867,-36,27
24921.51830593375,-21,27
26851.528818076386,-31,27
24921.51830593375,-21,27
26851.528818076386,-31,27
26851.528818076386,-31,27
26332.805527677596,-26,27
26332.805527677596,-26,27
24921.51830593375,-21,27
26332.805527677596,-26,27
24921.51830593375,-21,27
26332.805527677596,-26,27
26332.805527677596,-26,27
26332.805527677596,-26,27
26851.528818076386,-31,27
26332.805527677596,-26,27
26851.528818076386,-31,27
26851.528818076386,-31,27
26332.805527677596,-26,27
25265.01997679278,-22,27
24921.51830593375,-21,27
24921.51830593375,-21,27
24921.51830593375,-21,27
26851.528818076386,-31,27
26851.528818076386,-31,27
26960.935981991337,-32,27
24921.51830593375,-21,27
24921.51830593375,-21,27
24274.466912013806,-19,27
26332.805527677596,-26,27
24921.51830593375,-21,27
24921.51830593375,-21,27
24921.51830593375,-21,27
26851.528818076386,-31,27
24921.51830593375,-21,27
24921.51830593375,-21,27
24921.51830593375,-21,27
24921.51830593375,-21,27
24921.51830593375,-21,27
26851.528818076386,-31,27
26332.805527677596,-26,27
24921.51830593375,-21,27
24921.51830593375,-21,27
24921.51830593375,-21,27
26332.805527677596,-26,27
26851.528818076386,-31,27
26332.805527677596,-26,27
24921.51830593375,-21,27
26851.528818076386,-31,27
24921.51830593375,-21,27
25265.01997679278,-22,27
24921.51830593375,-21,27
24921.51830593375,-21,27
26851.528818076386,-31,27
26332.805527677596,-26,27
24921.51830593375,-21,27
24921.51830593375,-21,27
24921.51830593375,-21,27
26332.805527677596,-26,27
26332.805527677596,-26,27
26851.528818076386,-31,27
24921.51830593375,-21,27
26332.805527677596,-26,27
26960.935981991337,-32,27
26332.805527677596,-26,27
26851.528818076386,-31,27
24921.51830593375,-21,27
25870.17855397255,-23,27
24921.51830593375,-21,27
24921.51830593375,-21,27
24921.51830593375,-21,27
24921.51830593375,-21,27
26851.528818076386,-31,27
26851.528818076386,-31,27
24921.51830593375,-21,27
26851.528818076386,-31,27
26851.528818076386,-31,27
26332.805527677596,-26,27
26851.528818076386,-31,27
26851.528818076386,-31,27
24921.51830593375,-21,27
26851.528818076386,-31,27
26851.528818076386,-31,27
26851.528818076386,-31,27
24921.51830593375,-21,27
26851.528818076386,-31,27
24921.51830593375,-21,27
26332.805527677596,-26,27
24921.51830593375,-21,27
26332.805527677596,-26,27
24921.51830593375,-21,27
26851.528818076386,-31,27
26851.528818076386,-31,27
26332.805527677596,-26,27
26332.805527677596,-26,27
26851.528818076386,-31,27
26851.528818076386,-31,27
26332.805527677596,-26,27
24921.51830593375,-21,27
24921.51830593375,-21,27
24921.51830593375,-21,27
24921.51830593375,-21,27
24921.51830593375,-21,27
26851.528818076386,-31,27
24921.51830593375,-21,27
24921.51830593375,-21,27
26851.528818076386,-31,27
24921.51830593375,-21,27
24921.51830593375,-21,27
26851.528818076386,-31,27
26851.528818076386,-31,27
25265.01997679278,-22,27
26332.805527677596,-26,27
24921.51830593375,-21,27
25870.17855397255,-23,27
24921.51830593375,-21,27
26332.805527677596,-26,27
26332.805527677596,-26,27
26332.805527677596,-26,27
26332.805527677596,-26,27
26332.805527677596,-26,27
26332.805527677596,-26,27
26851.528818076386,-31,27
26332.805527677596,-26,27
26851.528818076386,-31,27
24921.51830593375,-21,27
24921.51830593375,-21,27
24921.51830593375,-21,27
24921.51830593375,-21,27
24921.51830593375,-21,27
26332.805527677596,-26,27
24921.51830593375,-21,27
24921.51830593375,-21,27
26851.528818076386,-31,27
24921.51830593375,-21,27
26332.805527677596,-26,27
26851.528818076386,-31,27
26332.805527677596,-26,27
26851.528818076386,-31,27
24921.51830593375,-21,27
24921.51830593375,-21,27
26851.528818076386,-31,27
26332.805527677596,-26,27
26851.528818076386,-31,27
24921.51830593375,-21,27
24921.51830593375,-21,27
24921.51830593375,-21,27
24921.51830593375,-21,27
24921.51830593375,-21,27
26851.528818076386,-31,27
27496.14445087802,-37,27
26332.805527677596,-26,27
24921.51830593375,-21,27
26851.528818076386,-31,27
24734.82906318732,-20,27
26332.805527677596,-26,27
26332.805527677596,-26,27
26332.805527677596,-26,27
26851.528818076386,-31,27
24921.51830593375,-21,27
24921.51830593375,-21,27
24921.51830593375,-21,27
24921.51830593375,-21,27
26332.805527677596,-26,27
26332.805527677596,-26,27
26851.528818076386,-31,27
26851.528818076386,-31,27
26851.528818076386,-31,27
26332.805527677596,-26,27
24921.51830593375,-21,27
26332.805527677596,-26,27
26332.805527677596,-26,27
24921.51830593375,-21,27
26851.528818076386,-31,27
24921.51830593375,-21,27
24921.51830593375,-21,27
18909.448929026228,-18,27
24921.51830593375,-21,27
24921.51830593375,-21,27
24921.51830593375,-21,27
24921.51830593375,-21,27
26332.805527677596,-26,27
26851.528818076386,-31,27
24921.51830593375,-21,27
26332.805527677596,-26,27
24921.51830593375,-21,27
26332.805527677596,-26,27
24921.51830593375,-21,27
26851.528818076386,-31,27
26851.528818076386,-31,27
24921.51830593375,-21,27
24921.51830593375,-21,27
24921.51830593375,-21,27
26851.528818076386,-31,27
24921.51830593375,-21,27
24921.51830593375,-21,27
24921.51830593375,-21,27
24921.51830593375,-21,27
24921.51830593375,-21,27
24921.51830593375,-21,27
18909.448929026228,-18,27
24921.51830593375,-21,27
26851.528818076386,-31,27
26851.528818076386,-31,27
24921.51830593375,-21,27
24921.51830593375,-21,27
26851.528818076386,-31,27
26332.805527677596,-26,27
24921.51830593375,-21,27
26851.528818076386,-31,27
26332.805527677596,-26,27
24921.51830593375,-21,27
26332.805527677596,-26,27
24921.51830593375,-21,27
26332.805527677596,-26,27
25870.17855397255,-23,27
26851.528818076386,-31,27
26851.528818076386,-31,27
26851.528818076386,-31,27
24921.51830593375,-21,27
24921.51830593375,-21,27
26851.528818076386,-31,27
26332.805527677596,-26,27
26332.805527677596,-26,27
26851.528818076386,-31,27
26851.528818076386,-31,27
26332.805527677596,-26,27
26332.805527677596,-26,27
24921.51830593375,-21,27
24734.82906318732,-20,27
24921.51830593375,-21,27
24921.51830593375,-21,27
24921.51830593375,-21,27
26851.528818076386,-31,27
24921.51830593375,-21,27
24921.51830593375,-21,27
24921.51830593375,-21,27
24921.51830593375,-21,27
26332.805527677596,-26,27
24921.51830593375,-21,27
26332.805527677596,-26,27
24921.51830593375,-21,27
24921.51830593375,-21,27
24921.51830593375,-21,27
24921.51830593375,-21,27
24921.51830593375,-21,27
26851.528818076386,-31,27
26332.805527677596,-26,27
26851.528818076386,-31,27
26332.805527677596,-26,27
24921.51830593375,-21,27
24921.51830593375,-21,27
26851.528818076386,-31,27
26332.805527677596,-26,27
26851.528818076386,-31,27
26851.528818076386,-31,27
24921.51830593375,-21,27
26332.805527677596,-26,27
26332.805527677596,-26,27
24921.51830593375,-21,27
26851.528818076386,-31,27
24921.51830593375,-21,27
26332.805527677596,-26,27
24921.51830593375,-21,27
24921.51830593375,-21,27
24921.51830593375,-21,27
24921.51830593375,-21,27
24921.51830593375,-21,27
24921.51830593375,-21,27
24921.51830593375,-21,27
24921.51830593375,-21,27
24921.51830593375,-21,27
26332.805527677596,-26,27
26332.805527677596,-26,27
26851.528818076386,-31,27
24921.51830593375,-21,27
26332.805527677596,-26,27
24274.466912013806,-19,27
24921.51830593375,-21,27
24921.51830593375,-21,27
24921.51830593375,-21,27
26332.805527677596,-26,27
26332.805527677596,-26,27
24921.51830593375,-21,27
24921.51830593375,-21,27
24921.51830593375,-21,27
24921.51830593375,-21,27
24921.51830593375,-21,27
26332.805527677596,-26,27
26851.528818076386,-31,27
26332.805527677596,-26,27
26332.805527677596,-26,27
26851.528818076386,-31,27
24921.51830593375,-21,27
26851.528818076386,-31,27
26851.528818076386,-31,27
24921.51830593375,-21,27
24921.51830593375,-21,27
25265.01997679278,-22,27
26332.805527677596,-26,27
24921.51830593375,-21,27
24921.51830593375,-21,27
24921.51830593375,-21,27
26851.528818076386,-31,27
24921.51830593375,-21,27
26332.805527677596,-26,27
26332.805527677596,-26,27
26851.528818076386,-31,27
24921.51830593375,-21,27
24921.51830593375,-21,27
26332.805527677596,-26,27
24921.51830593375,-21,27
24921.51830593375,-21,27
26851.528818076386,-31,27
26332.805527677596,-26,27
26205.040009610275,-25,27
25265.01997679278,-22,27
24921.51830593375,-21,27
24921.51830593375,-21,27
26332.805527677596,-26,27
24921.51830593375,-21,27
26332.805527677596,-26,27
24921.51830593375,-21,27
24921.51830593375,-21,27
26332.805527677596,-26,27
26332.805527677596,-26,27
26851.528818076386,-31,27
26332.805527677596,-26,27
24921.51830593375,-21,27
24921.51830593375,-21,27
24921.51830593375,-21,27
24921.51830593375,-21,27
26332.805527677596,-26,27
24921.51830593375,-21,27
26332.805527677596,-26,27
26851.528818076386,-31,27
26332.805527677596,-26,27
26851.528818076386,-31,27
24921.51830593375,-21,27
24734.82906318732,-20,27
24921.51830593375,-21,27
24921.51830593375,-21,27
26851.528818076386,-31,27
24921.51830593375,-21,27
26851.528818076386,-31,27
27496.14445087802,-37,27
24921.51830593375,-21,27
24921.51830593375,-21,27
26332.805527677596,-26,27
26332.805527677596,-26,27
26332.805527677596,-26,27
26332.805527677596,-26,27
26332.805527677596,-26,27
26851.528818076386,-31,27
26332.805527677596,-26,27
26332.805527677596,-26,27
26851.528818076386,-31,27
24921.51830593375,-21,27
24921.51830593375,-21,27
26851.528818076386,-31,27
24921.51830593375,-21,27
26851.528818076386,-31,27
26332.805527677596,-26,27
26332.805527677596,-26,27
26851.528818076386,-31,27
26332.805527677596,-26,27
26851.528818076386,-31,27
26851.528818076386,-31,27
26851.528818076386,-31,27
26020.432864151255,-24,27
24921.51830593375,-21,27
24921.51830593375,-21,27
26332.805527677596,-26,27
24921.51830593375,-21,27
26332.805527677596,-26,27
26332.805527677596,-26,27
24921.51830593375,-21,27
26851.528818076386,-31,27
26851.528818076386,-31,27
24921.51830593375,-21,27
24921.51830593375,-21,27
24921.51830593375,-21,27
24921.51830593375,-21,27
26332.805527677596,-26,27
26332.805527677596,-26,27
24921.51830593375,-21,27
26851.528818076386,-31,27
24921.51830593375,-21,27
24921.51830593375,-21,27
26332.805527677596,-26,27
26332.805527677596,-26,27
26332.805527677596,-26,27
26851.528818076386,-31,27
26851.528818076386,-31,27
26332.805527677596,-26,27
24921.51830593375,-21,27
26332.805527677596,-26,27
24921.51830593375,-21,27
26851.528818076386,-31,27
26332.805527677596,-26,27
24921.51830593375,-21,27
24921.51830593375,-21,27
24921.51830593375,-21,27
24921.51830593375,-21,27
26851.528818076386,-31,27
26332.805527677596,-26,27
24921.51830593375,-21,27
26824.242335535782,-27,27
26851.528818076386,-31,27
24921.51830593375,-21,27
26851.528818076386,-31,27
24921.51830593375,-21,27
24921.51830593375,-21,27
26851.528818076386,-31,27
24921.51830593375,-21,27
26332.805527677596,-26,27
26332.805527677596,-26,27
24921.51830593375,-21,27
26332.805527677596,-26,27
24921.51830593375,-21,27
24921.51830593375,-21,27
26851.528818076386,-31,27
24921.51830593375,-21,27
26332.805527677596,-26,27
26332.805527677596,-26,27
26332.805527677596,-26,27
24921.51830593375,-21,27
24921.51830593375,-21,27
24921.51830593375,-21,27
24921.51830593375,-21,27
24921.51830593375,-21,27
24734.82906318732,-20,27
24921.51830593375,-21,27
24921.51830593375,-21,27
24921.51830593375,-21,27
26332.805527677596,-26,27
26332.805527677596,-26,27
24921.51830593375,-21,27
26851.528818076386,-31,27
26332.805527677596,-26,27
26332.805527677596,-26,27
24921.51830593375,-21,27
26851.528818076386,-31,27
24921.51830593375,-21,27
24921.51830593375,-21,27
26851.528818076386,-31,27
26332.805527677596,-26,27
26851.528818076386,-31,27
26332.805527677596,-26,27
24921.51830593375,-21,27
24921.51830593375,-21,27
24921.51830593375,-21,27
26332.805527677596,-26,27
26332.805527677596,-26,27
24921.51830593375,-21,27
26851.528818076386,-31,27
26332.805527677596,-26,27
26851.528818076386,-31,27
25265.01997679278,-22,27
24921.51830593375,-21,27
26332.805527677596,-26,27
26851.528818076386,-31,27
24921.51830593375,-21,27
26851.528818076386,-31,27
24734.82906318732,-20,27
26332.805527677596,-26,27
26332.805527677596,-26,27
24921.51830593375,-21,27
26851.528818076386,-31,27
24921.51830593375,-21,27
24921.51830593375,-21,27
26332.805527677596,-26,27
24921.51830593375,-21,27
26332.805527677596,-26,27
26332.805527677596,-26,27
24274.466912013806,-19,27
26332.805527677596,-26,27
24921.51830593375,-21,27
26332.805527677596,-26,27
24734.82906318732,-20,27
24921.51830593375,-21,27
24921.51830593375,-21,27
24921.51830593375,-21,27
24921.51830593375,-21,27
27101.40742095867,-36,27
24921.51830593375,-21,27
26332.805527677596,-26,27
24921.51830593375,-21,27
24921.51830593375,-21,27
24921.51830593375,-21,27
26332.805527677596,-26,27
26851.528818076386,-31,27
26851.528818076386,-31,27
24921.51830593375,-21,27
24921.51830593375,-21,27
26332.805527677596,-26,27
24921.51830593375,-21,27
26960.935981991337,-32,27
26851.528818076386,-31,27
24921.51830593375,-21,27
26332.805527677596,-26,27
24921.51830593375,-21,27
26332.805527677596,-26,27
26332.805527677596,-26,27
24921.51830593375,-21,27
26332.805527677596,-26,27
26851.528818076386,-31,27
26332.805527677596,-26,27
24921.51830593375,-21,27
25870.17855397255,-23,27
26851.528818076386,-31,27
24921.51830593375,-21,27
24921.51830593375,-21,27
24921.51830593375,-21,27
26851.528818076386,-31,27
24921.51830593375,-21,27
24921.51830593375,-21,27
24734.82906318732,-20,27
26332.805527677596,-26,27
24921.51830593375,-21,27
26851.528818076386,-31,27
26851.528818076386,-31,27
26332.805527677596,-26,27
26851.528818076386,-31,27
26332.805527677596,-26,27
26851.528818076386,-31,27
24921.51830593375,-21,27
26851.528818076386,-31,27
24921.51830593375,-21,27
26332.805527677596,-26,27
24921.51830593375,-21,27
26851.528818076386,-31,27
24921.51830593375,-21,27
26332.805527677596,-26,27
24734.82906318732,-20,27
24921.51830593375,-21,27
24921.51830593375,-21,27
26851.528818076386,-31,27
24921.51830593375,-21,27
26332.805527677596,-26,27
26851.528818076386,-31,27
26205.040009610275,-25,27
26332.805527677596,-26,27
26851.528818076386,-31,27
26332.805527677596,-26,27
24921.51830593375,-21,27
26332.805527677596,-26,27
27713.984608788873,-37,28
27713.984608788873,-37,28
27042.155377870884,-32,28
27042.155377870884,-32,28
27713.984608788873,-37,28
26836.990378547514,-30,28
26025.234199606195,-28,28
27713.984608788873,-37,28
27713.984608788873,-37,28
26025.234199606195,-28,28
27713.984608788873,-37,28
27713.984608788873,-37,28
22969.35234347523,-23,28
26836.990378547514,-30,28
27042.155377870884,-32,28
26836.990378547514,-30,28
27713.984608788873,-37,28
27713.984608788873,-37,28
27713.984608788873,-37,28
27713.984608788873,-37,28
27713.984608788873,-37,28
27713.984608788873,-37,28
26025.234199606195,-28,28
27713.984608788873,-37,28
27042.155377870884,-32,28
27713.984608788873,-37,28
27713.984608788873,-37,28
27713.984608788873,-37,28
27713.984608788873,-37,28
27713.984608788873,-37,28
28402.024915810165,-41,28
27713.984608788873,-37,28
27713.984608788873,-37,28
27713.984608788873,-37,28
27713.984608788873,-37,28
27713.984608788873,-37,28
27713.984608788873,-37,28
27713.984608788873,-37,28
27613.771784254455,-36,28
27713.984608788873,-37,28
27713.984608788873,-37,28
27294.301145764082,-34,28
27713.984608788873,-37,28
26836.990378547514,-30,28
27713.984608788873,-37,28
27713.984608788873,-37,28
27713.984608788873,-37,28
27713.984608788873,-37,28
27613.771784254455,-36,28
27713.984608788873,-37,28
26025.234199606195,-28,28
27042.155377870884,-32,28
27042.155377870884,-32,28
27713.984608788873,-37,28
27713.984608788873,-37,28
27713.984608788873,-37,28
27713.984608788873,-37,28
26025.234199606195,-28,28
27713.984608788873,-37,28
27613.771784254455,-36,28
27042.155377870884,-32,28
27713.984608788873,-37,28
27042.155377870884,-32,28
27294.301145764082,-34,28
27713.984608788873,-37,28
27713.984608788873,-37,28
22969.35234347523,-23,28
27713.984608788873,-37,28
28402.024915810165,-41,28
27294.301145764082,-34,28
27713.984608788873,-37,28
26025.234199606195,-28,28
27713.984608788873,-37,28
27042.155377870884,-32,28
27713.984608788873,-37,28
27713.984608788873,-37,28
27713.984608788873,-37,28
27613.771784254455,-36,28
27042.155377870884,-32,28
27993.287765123292,-38,28
27713.984608788873,-37,28
27713.984608788873,-37,28
27713.984608788873,-37,28
27713.984608788873,-37,28
27042.155377870884,-32,28
27713.984608788873,-37,28
27713.984608788873,-37,28
27713.984608788873,-37,28
26025.234199606195,-28,28
27713.984608788873,-37,28
27713.984608788873,-37,28
28402.024915810165,-41,28
27713.984608788873,-37,28
27713.984608788873,-37,28
27713.984608788873,-37,28
22969.35234347523,-23,28
27713.984608788873,-37,28
27713.984608788873,-37,28
27713.984608788873,-37,28
27713.984608788873,-37,28
27713.984608788873,-37,28
27713.984608788873,-37,28
28280.622846432347,-40,28
27713.984608788873,-37,28
27713.984608788873,-37,28
27713.984608788873,-37,28
28102.686682762287,-39,28
27713.984608788873,-37,28
26836.990378547514,-30,28
26025.234199606195,-28,28
27713.984608788873,-37,28
27713.984608788873,-37,28
27713.984608788873,-37,28
27713.984608788873,-37,28
27713.984608788873,-37,28
22969.35234347523,-23,28
27713.984608788873,-37,28
27713.984608788873,-37,28
27713.984608788873,-37,28
26025.234199606195,-28,28
27713.984608788873,-37,28
27613.771784254455,-36,28
27713.984608788873,-37,28
27713.984608788873,-37,28
27713.984608788873,-37,28
27713.984608788873,-37,28
26025.234199606195,-28,28
27713.984608788873,-37,28
27713.984608788873,-37,28
27713.984608788873,-37,28
27713.984608788873,-37,28
27713.984608788873,-37,28
27713.984608788873,-37,28
27713.984608788873,-37,28
27713.984608788873,-37,28
22969.35234347523,-23,28
28102.686682762287,-39,28
27713.984608788873,-37,28
27713.984608788873,-37,28
26836.990378547514,-30,28
27713.984608788873,-37,28
27613.771784254455,-36,28
27713.984608788873,-37,28
27713.984608788873,-37,28
27713.984608788873,-37,28
26025.234199606195,-28,28
27713.984608788873,-37,28
27713.984608788873,-37,28
27713.984608788873,-37,28
27713.984608788873,-37,28
26836.990378547514,-30,28
28102.686682762287,-39,28
27713.984608788873,-37,28
27713.984608788873,-37,28
27713.984608788873,-37,28
27713.984608788873,-37,28
27713.984608788873,-37,28
27713.984608788873,-37,28
27713.984608788873,-37,28
27713.984608788873,-37,28
22969.35234347523,-23,28
27713.984608788873,-37,28
27713.984608788873,-37,28
27713.984608788873,-37,28
27713.984608788873,-37,28
27713.984608788873,-37,28
27713.984608788873,-37,28
27713.984608788873,-37,28
25762.271468862604,-27,28
27713.984608788873,-37,28
27713.984608788873,-37,28
27713.984608788873,-37,28
26025.234199606195,-28,28
27713.984608788873,-37,28
27613.771784254455,-36,28
27713.984608788873,-37,28
27713.984608788873,-37,28
27713.984608788873,-37,28
27713.984608788873,-37,28
27713.984608788873,-37,28
27713.984608788873,-37,28
27613.771784254455,-36,28
27713.984608788873,-37,28
27713.984608788873,-37,28
27713.984608788873,-37,28
27713.984608788873,-37,28
27713.984608788873,-37,28
27713.984608788873,-37,28
27713.984608788873,-37,28
27713.984608788873,-37,28
27713.984608788873,-37,28
27713.984608788873,-37,28
28102.686682762287,-39,28
26025.234199606195,-28,28
27713.984608788873,-37,28
27294.301145764082,-34,28
27713.984608788873,-37,28
28280.622846432347,-40,28
27713.984608788873,-37,28
27713.984608788873,-37,28
27713.984608788873,-37,28
27713.984608788873,-37,28
27713.984608788873,-37,28
27713.984608788873,-37,28
27713.984608788873,-37,28
22969.35234347523,-23,28
27713.984608788873,-37,28
22015.267470697538,-22,28
27713.984608788873,-37,28
26025.234199606195,-28,28
26025.234199606195,-28,28
27713.984608788873,-37,28
27042.155377870884,-32,28
27713.984608788873,-37,28
27713.984608788873,-37,28
22969.35234347523,-23,28
27713.984608788873,-37,28
27713.984608788873,-37,28
27003.6451155842,-31,28
27713.984608788873,-37,28
27713.984608788873,-37,28
27713.984608788873,-37,28
27713.984608788873,-37,28
28280.622846432347,-40,28
25762.271468862604,-27,28
27713.984608788873,-37,28
27713.984608788873,-37,28
27713.984608788873,-37,28
27713.984608788873,-37,28
27713.984608788873,-37,28
27713.984608788873,-37,28
27713.984608788873,-37,28
27713.984608788873,-37,28
27713.984608788873,-37,28
27713.984608788873,-37,28
27713.984608788873,-37,28
26836.990378547514,-30,28
27713.984608788873,-37,28
28280.622846432347,-40,28
27713.984608788873,-37,28
27713.984608788873,-37,28
26426.930971251295,-29,28
27713.984608788873,-37,28
27713.984608788873,-37,28
27042.155377870884,-32,28
27713.984608788873,-37,28
27294.301145764082,-34,28
22969.35234347523,-23,28
27294.301145764082,-34,28
27713.984608788873,-37,28
27713.984608788873,-37,28
27713.984608788873,-37,28
27613.771784254455,-36,28
27713.984608788873,-37,28
27713.984608788873,-37,28
27713.984608788873,-37,28
26025.234199606195,-28,28
27713.984608788873,-37,28
27713.984608788873,-37,28
27294.301145764082,-34,28
27493.487308038915,-35,28
26836.990378547514,-30,28
27003.6451155842,-31,28
26836.990378547514,-30,28
26025.234199606195,-28,28
27713.984608788873,-37,28
26025.234199606195,-28,28
27713.984608788873,-37,28
27713.984608788873,-37,28
26025.234199606195,-28,28
22969.35234347523,-23,28
27713.984608788873,-37,28
28280.622846432347,-40,28
27713.984608788873,-37,28
27042.155377870884,-32,28
27713.984608788873,-37,28
27713.984608788873,-37,28
28102.686682762287,-39,28
27294.301145764082,-34,28
27713.984608788873,-37,28
27294.301145764082,-34,28
27713.984608788873,-37,28
27613.771784254455,-36,28
27713.984608788873,-37,28
27713.984608788873,-37,28
27713.984608788873,-37,28
27713.984608788873,-37,28
27713.984608788873,-37,28
27713.984608788873,-37,28
27713.984608788873,-37,28
27713.984608788873,-37,28
27713.984608788873,-37,28
27713.984608788873,-37,28
27713.984608788873,-37,28
27713.984608788873,-37,28
27042.155377870884,-32,28
27294.301145764082,-34,28
27613.771784254455,-36,28
27713.984608788873,-37,28
22969.35234347523,-23,28
27713.984608788873,-37,28
27713.984608788873,-37,28
26025.234199606195,-28,28
27713.984608788873,-37,28
27613.771784254455,-36,28
27713.984608788873,-37,28
22969.35234347523,-23,28
27493.487308038915,-35,28
27713.984608788873,-37,28
27713.984608788873,-37,28
27713.984608788873,-37,28
27713.984608788873,-37,28
27713.984608788873,-37,28
27713.984608788873,-37,28
27713.984608788873,-37,28
26025.234199606195,-28,28
27713.984608788873,-37,28
28280.622846432347,-40,28
28280.622846432347,-40,28
27713.984608788873,-37,28
26025.234199606195,-28,28
27042.155377870884,-32,28
27713.984608788873,-37,28
26836.990378547514,-30,28
27713.984608788873,-37,28
27613.771784254455,-36,28
27713.984608788873,-37,28
27713.984608788873,-37,28
27042.155377870884,-32,28
27042.155377870884,-32,28
28280.622846432347,-40,28
26025.234199606195,-28,28
27713.984608788873,-37,28
27713.984608788873,-37,28
22969.35234347523,-23,28
27713.984608788873,-37,28
27713.984608788873,-37,28
27493.487308038915,-35,28
27713.984608788873,-37,28
27713.984608788873,-37,28
27713.984608788873,-37,28
27713.984608788873,-37,28
27294.301145764082,-34,28
27713.984608788873,-37,28
27713.984608788873,-37,28
26025.234199606195,-28,28
27713.984608788873,-37,28
27713.984608788873,-37,28
27713.984608788873,-37,28
27713.984608788873,-37,28
27713.984608788873,-37,28
27713.984608788873,-37,28
27713.984608788873,-37,28
27713.984608788873,-37,28
27713.984608788873,-37,28
27713.984608788873,-37,28
22969.35234347523,-23,28
27713.984608788873,-37,28
22969.35234347523,-23,28
27713.984608788873,-37,28
26836.990378547514,-30,28
27713.984608788873,-37,28
27613.771784254455,-36,28
27613.771784254455,-36,28
27613.771784254455,-36,28
22969.35234347523,-23,28
22969.35234347523,-23,28
27713.984608788873,-37,28
27713.984608788873,-37,28
27713.984608788873,-37,28
26836.990378547514,-30,28
27613.771784254455,-36,28
27713.984608788873,-37,28
26025.234199606195,-28,28
27713.984608788873,-37,28
27713.984608788873,-37,28
27713.984608788873,-37,28
27713.984608788873,-37,28
27713.984608788873,-37,28
27713.984608788873,-37,28
27713.984608788873,-37,28
27493.487308038915,-35,28
27294.301145764082,-34,28
27713.984608788873,-37,28
27713.984608788873,-37,28
27713.984608788873,-37,28
27713.984608788873,-37,28
27713.984608788873,-37,28
26025.234199606195,-28,28
27713.984608788873,-37,28
28280.622846432347,-40,28
28102.686682762287,-39,28
27713.984608788873,-37,28
27294.301145764082,-34,28
27294.301145764082,-34,28
27713.984608788873,-37,28
27713.984608788873,-37,28
27713.984608788873,-37,28
27713.984608788873,-37,28
27713.984608788873,-37,28
27713.984608788873,-37,28
26025.234199606195,-28,28
27713.984608788873,-37,28
27713.984608788873,-37,28
27713.984608788873,-37,28
27713.984608788873,-37,28
27713.984608788873,-37,28
27713.984608788873,-37,28
27713.984608788873,-37,28
27713.984608788873,-37,28
27713.984608788873,-37,28
27713.984608788873,-37,28
27493.487308038915,-35,28
27042.155377870884,-32,28
27713.984608788873,-37,28
27713.984608788873,-37,28
27294.301145764082,-34,28
27713.984608788873,-37,28
27713.984608788873,-37,28
27713.984608788873,-37,28
27713.984608788873,-37,28
27713.984608788873,-37,28
27713.984608788873,-37,28
27713.984608788873,-37,28
27493.487308038915,-35,28
27294.301145764082,-34,28
27713.984608788873,-37,28
27713.984608788873,-37,28
27713.984608788873,-37,28
27713.984608788873,-37,28
27713.984608788873,-37,28
27493.487308038915,-35,28
25762.271468862604,-27,28
27713.984608788873,-37,28
22969.35234347523,-23,28
28402.024915810165,-41,28
27713.984608788873,-37,28
27713.984608788873,-37,28
27713.984608788873,-37,28
27713.984608788873,-37,28
27713.984608788873,-37,28
26025.234199606195,-28,28
27713.984608788873,-37,28
27713.984608788873,-37,28
27713.984608788873,-37,28
27713.984608788873,-37,28
27713.984608788873,-37,28
27042.155377870884,-32,28
27713.984608788873,-37,28
27713.984608788873,-37,28
27713.984608788873,-37,28
28280.622846432347,-40,28
27713.984608788873,-37,28
27613.771784254455,-36,28
27713.984608788873,-37,28
27713.984608788873,-37,28
22969.35234347523,-23,28
22969.35234347523,-23,28
22969.35234347523,-23,28
27613.771784254455,-36,28
27713.984608788873,-37,28
27713.984608788873,-37,28
27613.771784254455,-36,28
27713.984608788873,-37,28
27713.984608788873,-37,28
27713.984608788873,-37,28
27713.984608788873,-37,28
27713.984608788873,-37,28
27294.301145764082,-34,28
27713.984608788873,-37,28
27713.984608788873,-37,28
27713.984608788873,-37,28
27713.984608788873,-37,28
27713.984608788873,-37,28
27713.984608788873,-37,28
27713.984608788873,-37,28
27713.984608788873,-37,28
27613.771784254455,-36,28
27713.984608788873,-37,28
26025.234199606195,-28,28
27713.984608788873,-37,28
27713.984608788873,-37,28
25762.271468862604,-27,28
25663.905938714393,-24,28
27713.984608788873,-37,28
27713.984608788873,-37,28
27713.984608788873,-37,28
27713.984608788873,-37,28
27713.984608788873,-37,28
28280.622846432347,-40,28
27713.984608788873,-37,28
22969.35234347523,-23,28
27713.984608788873,-37,28
28280.622846432347,-40,28
27713.984608788873,-37,28
27713.984608788873,-37,28
27713.984608788873,-37,28
27265.870228982953,-35,29
27564.1855222713,-36,29
27850.870760816295,-39,29
26390.91705404654,-31,29
26390.91705404654,-31,29
26128.973168230885,-29,29
27265.870228982953,-35,29
26390.91705404654,-31,29
26917.355225572646,-33,29
26612.17360886698,-32,29
24640.716431449808,-27,29
27850.870760816295,-39,29
28107.229732590247,-45,29
27709.82454443571,-38,29
26217.13145019757,-30,29
25297.934676726163,-28,29
26917.355225572646,-33,29
27564.1855222713,-36,29
27265.870228982953,-35,29
27564.1855222713,-36,29
27850.870760816295,-39,29
27850.870760816295,-39,29
26917.355225572646,-33,29
26390.91705404654,-31,29
26917.355225572646,-33,29
26390.91705404654,-31,29
26917.355225572646,-33,29
27709.82454443571,-38,29
27265.870228982953,-35,29
28287.536143959784,-46,29
27709.82454443571,-38,29
28107.229732590247,-45,29
27913.601318001703,-40,29
27707.82782949822,-37,29
28107.229732590247,-45,29
28107.229732590247,-45,29
28107.229732590247,-45,29
26390.91705404654,-31,29
26612.17360886698,-32,29
24640.716431449808,-27,29
27265.870228982953,-35,29
27850.870760816295,-39,29
28107.229732590247,-45,29
25297.934676726163,-28,29
27850.870760816295,-39,29
26917.355225572646,-33,29
26917.355225572646,-33,29
27913.601318001703,-40,29
27707.82782949822,-37,29
28107.229732590247,-45,29
26390.91705404654,-31,29
26390.91705404654,-31,29
26917.355225572646,-33,29
26917.355225572646,-33,29
23591.05615377143,-26,29
27850.870760816295,-39,29
26917.355225572646,-33,29
27913.601318001703,-40,29
27850.870760816295,-39,29
27850.870760816295,-39,29
26390.91705404654,-31,29
28107.229732590247,-45,29
26917.355225572646,-33,29
26917.355225572646,-33,29
26917.355225572646,-33,29
28107.229732590247,-45,29
27707.82782949822,-37,29
26917.355225572646,-33,29
27564.1855222713,-36,29
27707.82782949822,-37,29
26917.355225572646,-33,29
27707.82782949822,-37,29
27850.870760816295,-39,29
27850.870760816295,-39,29
26390.91705404654,-31,29
27913.601318001703,-40,29
27265.870228982953,-35,29
27265.870228982953,-35,29
27110.458749034064,-34,29
27265.870228982953,-35,29
26917.355225572646,-33,29
27913.601318001703,-40,29
27850.870760816295,-39,29
27913.601318001703,-40,29
26390.91705404654,-31,29
26390.91705404654,-31,29
26217.13145019757,-30,29
26890.746830180608,-32,30
24731.858918535494,-23,30
26417.008315649407,-30,30
24731.858918535494,-23,30
27882.608414295308,-36,30
28000.239979982416,-37,30
24731.858918535494,-23,30
24731.858918535494,-23,30
27408.3024125001,-34,30
27546.468504266464,-35,30
24731.858918535494,-23,30
24731.858918535494,-23,30
24731.858918535494,-23,30
24731.858918535494,-23,30
24731.858918535494,-23,30
24731.858918535494,-23,30
24731.858918535494,-23,30
26853.66356522899,-31,30
27045.053266353738,-33,30
27408.3024125001,-34,30
27546.468504266464,-35,30
27546.468504266464,-35,30
24731.858918535494,-23,30
27546.468504266464,-35,30
26890.746830180608,-32,30
28000.239979982416,-37,30
27546.468504266464,-35,30
27546.468504266464,-35,30
26890.746830180608,-32,30
24731.858918535494,-23,30
27546.468504266464,-35,30
25888.520307158018,-28,30
24731.858918535494,-23,30
27546.468504266464,-35,30
27546.468504266464,-35,30
24731.858918535494,-23,30
24731.858918535494,-23,30
24731.858918535494,-23,30
26890.746830180608,-32,30
26890.746830180608,-32,30
24487.399974376818,-22,30
24731.858918535494,-23,30
24731.858918535494,-23,30
27546.468504266464,-35,30
24731.858918535494,-23,30
26890.746830180608,-32,30
24731.858918535494,-23,30
24487.399974376818,-22,30
24731.858918535494,-23,30
24731.858918535494,-23,30
26890.746830180608,-32,30
24731.858918535494,-23,30
24487.399974376818,-22,30
24731.858918535494,-23,30
24731.858918535494,-23,30
24731.858918535494,-23,30
24731.858918535494,-23,30
25068.78813086726,-24,30
25369.637524586986,-26,30
27546.468504266464,-35,30
24487.399974376818,-22,30
24731.858918535494,-23,30
24731.858918535494,-23,30
24731.858918535494,-23,30
27546.468504266464,-35,30
28000.239979982416,-37,30
24731.858918535494,-23,30
27546.468504266464,-35,30
24487.399974376818,-22,30
27546.468504266464,-35,30
24731.858918535494,-23,30
24731.858918535494,-23,30
24731.858918535494,-23,30
24731.858918535494,-23,30
27546.468504266464,-35,30
24731.858918535494,-23,30
24731.858918535494,-23,30
24731.858918535494,-23,30
24487.399974376818,-22,30
25369.637524586986,-26,30
24731.858918535494,-23,30
25656.671709991388,-27,30
26890.746830180608,-32,30
26853.66356522899,-31,30
24487.399974376818,-22,30
27546.468504266464,-35,30
24731.858918535494,-23,30
25068.78813086726,-24,30
24731.858918535494,-23,30
26890.746830180608,-32,30
27546.468504266464,-35,30
24731.858918535494,-23,30
26890.746830180608,-32,30
24731.858918535494,-23,30
24487.399974376818,-22,30
24731.858918535494,-23,30
24731.858918535494,-23,30
24731.858918535494,-23,30
24731.858918535494,-23,30
24731.858918535494,-23,30
24731.858918535494,-23,30
25369.637524586986,-26,30
25068.78813086726,-24,30
24731.858918535494,-23,30
24731.858918535494,-23,30
24731.858918535494,-23,30
24731.858918535494,-23,30
24731.858918535494,-23,30
26417.008315649407,-30,30
26417.008315649407,-30,30
24731.858918535494,-23,30
26890.746830180608,-32,30
24731.858918535494,-23,30
24731.858918535494,-23,30
24731.858918535494,-23,30
28000.239979982416,-37,30
24487.399974376818,-22,30
24731.858918535494,-23,30
27546.468504266464,-35,30
24731.858918535494,-23,30
26890.746830180608,-32,30
26890.746830180608,-32,30
24731.858918535494,-23,30
27546.468504266464,-35,30
24731.858918535494,-23,30
25068.78813086726,-24,30
24731.858918535494,-23,30
26890.746830180608,-32,30
24731.858918535494,-23,30
24731.858918535494,-23,30
24731.858918535494,-23,30
24731.858918535494,-23,30
24731.858918535494,-23,30
24731.858918535494,-23,30
24731.858918535494,-23,30
27546.468504266464,-35,30
24731.858918535494,-23,30
27546.468504266464,-35,30
24731.858918535494,-23,30
24073.669005465665,-21,30
