run,evaluations,best_so_far
1,202102,29.909999999999993
1,202132,52.87999999999999
1,206213,52.87999999999999
1,206239,52.87999999999999
1,206265,52.87999999999999
1,206281,52.87999999999999
1,206309,52.87999999999999
1,206325,52.87999999999999
1,206357,52.87999999999999
1,206375,52.87999999999999
1,206401,52.87999999999999
1,206429,52.87999999999999
1,206443,52.87999999999999
1,206457,52.87999999999999
1,206459,52.87999999999999
1,206485,52.87999999999999
1,206499,52.87999999999999
1,206501,52.87999999999999
1,206517,52.87999999999999
1,206547,52.87999999999999
1,206563,52.87999999999999
1,206589,52.87999999999999
1,206615,52.87999999999999
1,206641,52.87999999999999
1,206669,53.75
1,206687,53.75
1,206689,53.75
1,206707,53.75
1,206733,53.75
1,206761,53.75
1,206775,53.75
1,206777,53.75
1,206807,53.75
1,206821,60.230000000000004
1,206823,60.230000000000004
1,206839,60.230000000000004
1,206867,60.230000000000004
1,206869,60.230000000000004
1,206885,60.230000000000004
1,206887,60.230000000000004
1,206913,60.230000000000004
1,206915,60.230000000000004
1,206931,60.230000000000004
1,206949,60.230000000000004
1,206981,60.230000000000004
1,206983,60.230000000000004
1,206999,60.230000000000004
1,207001,60.230000000000004
1,207003,60.230000000000004
1,207035,60.230000000000004
1,207037,60.230000000000004
1,207053,60.230000000000004
1,207067,60.230000000000004
1,207093,60.230000000000004
1,207121,60.230000000000004
1,207147,60.230000000000004
1,207161,60.230000000000004
1,207177,60.230000000000004
1,207191,60.230000000000004
1,207205,60.230000000000004
1,207233,60.230000000000004
1,207247,60.230000000000004
1,207273,60.230000000000004
1,207301,60.230000000000004
1,207329,60.230000000000004
1,207331,60.230000000000004
1,207333,71.75
1,207361,71.75
1,207377,71.75
1,207391,71.75
1,207407,71.75
1,207421,71.75
1,207435,71.75
1,207449,71.75
1,207479,71.75
1,207495,71.75
1,207521,82.40000000000003
1,207549,82.40000000000003
1,207551,82.40000000000003
1,207565,82.40000000000003
1,207579,82.40000000000003
1,207593,82.40000000000003
1,207609,82.40000000000003
1,207625,82.40000000000003
1,207651,82.40000000000003
1,207681,82.40000000000003
1,207697,82.40000000000003
1,207699,82.40000000000003
1,207701,82.40000000000003
1,207715,82.40000000000003
1,207733,82.40000000000003
1,207747,82.40000000000003
1,207761,82.40000000000003
1,207775,82.40000000000003
1,207791,82.40000000000003
1,207821,82.40000000000003
1,207839,82.40000000000003
1,207865,82.40000000000003
1,207895,82.40000000000003
1,207911,82.40000000000003
1,207925,82.40000000000003
1,207939,82.40000000000003
1,207969,82.40000000000003
1,207971,82.40000000000003
1,207989,82.40000000000003
1,208015,82.40000000000003
1,208035,82.40000000000003
1,208051,82.40000000000003
1,208085,82.40000000000003
1,208111,82.40000000000003
1,208139,82.40000000000003
1,208153,82.40000000000003
1,208179,82.40000000000003
1,208195,82.40000000000003
1,208223,82.40000000000003
1,208237,82.40000000000003
1,208251,82.40000000000003
1,208267,82.40000000000003
1,208293,82.40000000000003
1,208321,82.40000000000003
1,208349,82.40000000000003
1,208377,82.40000000000003
1,208391,82.40000000000003
1,208423,82.40000000000003
1,208437,82.40000000000003
1,208465,82.40000000000003
1,208499,82.40000000000003
1,208529,82.40000000000003
1,208543,82.40000000000003
1,208557,82.40000000000003
1,208573,82.40000000000003
1,208587,82.40000000000003
1,208617,82.40000000000003
1,208647,82.40000000000003
1,208649,82.40000000000003
1,208677,82.40000000000003
1,208693,82.40000000000003
1,208725,82.40000000000003
1,208757,82.40000000000003
1,208785,82.40000000000003
1,208799,82.40000000000003
1,208821,82.40000000000003
1,208835,82.40000000000003
1,208851,82.40000000000003
1,208865,82.40000000000003
1,208881,82.40000000000003
1,208897,82.40000000000003
1,208927,82.40000000000003
1,208941,82.40000000000003
1,208969,82.40000000000003
1,208971,82.40000000000003
1,208997,82.40000000000003
1,209011,82.40000000000003
1,209037,82.40000000000003
1,209053,82.40000000000003
1,209085,82.40000000000003
1,209099,82.40000000000003
1,209127,82.40000000000003
1,209141,82.40000000000003
1,209169,88.23000000000003
1,209197,88.23000000000003
1,209211,88.23000000000003
1,209225,88.23000000000003
1,209227,88.23000000000003
1,209253,88.23000000000003
1,209287,88.23000000000003
1,209313,88.23000000000003
1,209327,88.23000000000003
1,209329,88.23000000000003
1,209355,88.23000000000003
1,209369,88.23000000000003
1,209385,88.23000000000003
1,209415,88.23000000000003
1,209443,88.23000000000003
1,209471,88.23000000000003
1,209473,88.23000000000003
1,209487,88.23000000000003
1,209501,88.23000000000003
1,209515,88.23000000000003
1,209531,88.23000000000003
1,209563,88.23000000000003
1,209589,88.23000000000003
1,209605,88.23000000000003
1,209621,88.23000000000003
1,209647,88.23000000000003
1,209649,88.23000000000003
1,209663,88.23000000000003
1,209677,88.23000000000003
1,209693,88.23000000000003
1,209721,88.23000000000003
1,209749,88.23000000000003
1,209775,88.23000000000003
1,209789,88.23000000000003
1,209807,88.23000000000003
1,209821,88.23000000000003
1,209835,88.23000000000003
1,209861,88.23000000000003
1,209863,88.23000000000003
1,209889,88.23000000000003
1,209917,88.23000000000003
1,209943,88.23000000000003
1,209973,88.23000000000003
1,210003,88.23000000000003
1,210019,88.23000000000003
1,210033,88.23000000000003
1,210063,88.23000000000003
1,210079,88.23000000000003
1,210099,88.23000000000003
1,210127,88.23000000000003
1,210157,88.23000000000003
1,210171,88.23000000000003
1,210173,88.23000000000003
1,210201,88.23000000000003
1,210217,88.23000000000003
1,210219,88.23000000000003
1,210235,88.23000000000003
1,210269,88.23000000000003
1,210299,88.23000000000003
1,210325,88.23000000000003
1,210355,88.23000000000003
1,210381,88.23000000000003
1,210407,88.23000000000003
1,210433,88.23000000000003
1,210463,88.23000000000003
1,210477,88.23000000000003
1,210491,88.23000000000003
1,210523,88.23000000000003
1,210551,88.96000000000002
1,210577,88.96000000000002
1,210591,88.96000000000002
1,210607,88.96000000000002
1,210633,88.96000000000002
1,210651,88.96000000000002
1,210653,88.96000000000002
1,210669,88.96000000000002
1,210697,88.96000000000002
1,210711,88.96000000000002
1,210727,88.96000000000002
1,210729,88.96000000000002
1,210743,88.96000000000002
1,210775,88.96000000000002
1,210789,88.96000000000002
1,210803,88.96000000000002
1,210805,88.96000000000002
1,210821,88.96000000000002
1,210837,88.96000000000002
1,210865,88.96000000000002
1,210881,88.96000000000002
1,210907,88.96000000000002
1,210923,88.96000000000002
1,210937,95.02000000000004
1,210951,95.02000000000004
1,210953,95.02000000000004
1,210967,95.02000000000004
1,210981,95.02000000000004
1,210995,95.02000000000004
1,210997,95.02000000000004
1,210999,95.02000000000004
1,211013,95.02000000000004
1,211029,95.02000000000004
1,211045,95.02000000000004
1,211059,95.02000000000004
1,211073,95.02000000000004
1,211099,95.02000000000004
1,211129,95.02000000000004
1,211155,95.02000000000004
1,211181,95.02000000000004
1,211197,95.02000000000004
1,211231,95.02000000000004
1,211245,95.02000000000004
1,211263,95.02000000000004
1,211289,95.02000000000004
1,211315,95.02000000000004
1,211331,95.02000000000004
1,211345,95.02000000000004
1,211359,95.02000000000004
1,211361,95.02000000000004
1,211387,95.02000000000004
1,211415,95.02000000000004
1,211441,95.02000000000004
1,211471,95.02000000000004
1,211473,95.02000000000004
1,211489,95.02000000000004
1,211521,95.02000000000004
1,211535,95.02000000000004
1,211563,95.02000000000004
1,211565,95.02000000000004
1,211597,95.02000000000004
1,211599,95.02000000000004
1,211613,95.02000000000004
1,211615,95.02000000000004
1,211645,95.02000000000004
1,211675,95.02000000000004
1,211703,95.02000000000004
1,211733,95.02000000000004
1,211753,95.02000000000004
1,211779,100.93999999999997
1,211805,100.93999999999997
1,211833,100.93999999999997
1,211847,100.93999999999997
1,211865,100.93999999999997
1,211893,100.93999999999997
1,211895,100.93999999999997
1,211897,100.93999999999997
1,211913,100.93999999999997
1,211939,100.93999999999997
1,211941,106.98000000000008
1,211975,106.98000000000008
1,211991,106.98000000000008
1,212017,106.98000000000008
1,212031,106.98000000000008
1,212047,106.98000000000008
1,212063,106.98000000000008
1,212077,106.98000000000008
1,212111,106.98000000000008
2,202562,34.41999999999998
2,202590,34.41999999999998
2,202608,34.41999999999998
2,202634,34.41999999999998
2,202650,34.41999999999998
2,202652,34.41999999999998
2,202666,34.41999999999998
2,202668,34.41999999999998
2,202694,36.06999999999999
2,202708,36.06999999999999
2,206717,37.65
2,206743,37.65
2,206757,37.65
2,206783,37.65
2,206799,37.65
2,206815,37.65
2,206817,37.65
2,206831,37.65
2,206847,37.65
2,206861,37.65
2,206875,37.65
2,206877,40.65999999999999
2,206907,40.65999999999999
2,206921,42.209999999999994
2,206947,42.209999999999994
2,206961,42.209999999999994
2,206975,42.209999999999994
2,207005,42.209999999999994
2,207031,46.34000000000002
2,207057,46.34000000000002
2,207059,46.34000000000002
2,207075,46.34000000000002
2,207077,46.34000000000002
2,207079,46.34000000000002
2,207093,46.34000000000002
2,207113,46.34000000000002
2,207139,46.34000000000002
2,207153,46.34000000000002
2,207181,46.34000000000002
2,207213,46.34000000000002
2,207215,46.34000000000002
2,207229,47.49999999999999
2,207243,47.49999999999999
2,207261,47.49999999999999
2,207275,50.720000000000006
2,207301,50.720000000000006
2,207333,60.03999999999999
2,207347,60.03999999999999
2,207361,60.03999999999999
2,207379,60.03999999999999
2,207393,60.03999999999999
2,207407,60.03999999999999
2,207435,60.03999999999999
2,207461,60.03999999999999
2,207489,60.03999999999999
2,207509,60.03999999999999
2,207527,60.03999999999999
2,207541,60.03999999999999
2,207567,60.03999999999999
2,207581,60.03999999999999
2,207611,60.03999999999999
2,207625,60.03999999999999
2,207639,60.03999999999999
2,207671,60.03999999999999
2,207685,60.03999999999999
2,207713,60.03999999999999
2,207731,60.03999999999999
2,207757,60.03999999999999
2,207785,65.02000000000001
2,207811,65.02000000000001
2,207825,65.02000000000001
2,207839,65.02000000000001
2,207853,65.02000000000001
2,207883,65.02000000000001
2,207885,65.02000000000001
2,207901,65.02000000000001
2,207917,65.02000000000001
2,207933,65.02000000000001
2,207949,65.02000000000001
2,207965,65.02000000000001
2,207995,65.02000000000001
2,208009,70.83999999999999
2,208037,70.83999999999999
2,208039,70.83999999999999
2,208067,70.83999999999999
2,208095,70.83999999999999
2,208121,86.77
2,208135,86.77
2,208163,86.77
2,208177,86.77
2,208191,86.77
2,208207,86.77
2,208233,86.77
2,208259,86.77
2,208287,86.77
2,208313,86.77
2,208347,86.77
2,208361,86.77
2,208379,86.77
2,208393,86.77
2,208419,86.77
2,208449,86.77
2,208475,86.77
2,208489,86.77
2,208515,86.77
2,208543,86.77
2,208571,86.77
2,208585,86.77
2,208599,86.77
2,208613,86.77
2,208627,86.77
2,208655,86.77
2,208657,86.77
2,208671,86.77
2,208697,86.77
2,208723,86.77
2,208749,86.77
2,208775,86.77
2,208793,86.77
2,208825,86.77
2,208853,86.77
2,208869,86.77
2,208895,86.77
2,208911,86.77
2,208927,86.77
2,208955,86.77
2,208971,86.77
2,208985,86.77
2,208999,86.77
2,209013,86.77
2,209043,86.77
2,209057,86.77
2,209087,86.77
2,209101,86.77
2,209115,86.77
2,209129,86.77
2,209131,86.77
2,209133,86.77
2,209151,86.77
2,209183,86.77
2,209203,86.77
2,209205,86.77
2,209207,86.77
2,209227,86.77
2,209253,86.77
2,209283,86.77
2,209297,86.77
2,209323,86.77
2,209339,86.77
2,209365,86.77
2,209391,86.77
2,209405,86.77
2,209437,86.77
2,209453,86.77
2,209469,86.77
2,209499,86.77
2,209515,86.77
2,209545,86.77
2,209579,86.77
2,209595,86.77
2,209609,86.77
2,209625,86.77
2,209639,86.77
2,209653,86.77
2,209681,86.77
2,209697,86.77
2,209713,86.77
2,209733,86.77
2,209735,86.97999999999999
2,209763,86.97999999999999
2,209765,86.97999999999999
2,209779,86.97999999999999
2,209809,86.97999999999999
2,209827,86.97999999999999
2,209863,86.97999999999999
2,209879,86.97999999999999
2,209913,86.97999999999999
2,209915,86.97999999999999
2,209933,86.97999999999999
2,209961,86.97999999999999
2,209979,86.97999999999999
2,210005,86.97999999999999
2,210007,86.97999999999999
2,210021,86.97999999999999
2,210051,86.97999999999999
2,210053,86.97999999999999
2,210067,86.97999999999999
2,210097,86.97999999999999
2,210099,86.97999999999999
2,210101,86.97999999999999
2,210127,86.97999999999999
2,210153,86.97999999999999
2,210167,86.97999999999999
2,210169,86.97999999999999
2,210171,86.97999999999999
2,210185,86.97999999999999
2,210213,86.97999999999999
2,210227,86.97999999999999
2,210241,89.58
2,210243,89.58
2,210259,89.58
2,210273,89.58
2,210287,89.58
2,210313,89.58
2,210327,89.58
2,210355,89.58
2,210381,89.58
2,210407,89.58
2,210409,89.58
2,210423,89.58
2,210449,89.58
2,210463,89.58
2,210489,89.58
2,210491,89.58
2,210505,89.58
2,210539,89.58
2,210557,89.58
2,210571,89.58
2,210585,92.23999999999995
2,210601,92.23999999999995
2,210629,92.23999999999995
2,210657,92.23999999999995
2,210683,92.23999999999995
2,210697,92.23999999999995
2,210713,92.23999999999995
2,210727,92.23999999999995
2,210741,92.23999999999995
2,210755,97.24999999999997
2,210781,97.24999999999997
2,210807,97.24999999999997
2,210837,97.24999999999997
2,210851,97.24999999999997
2,210867,97.24999999999997
2,210881,97.24999999999997
2,210895,97.24999999999997
2,210921,97.24999999999997
2,210951,97.24999999999997
2,210979,97.24999999999997
2,210995,97.24999999999997
2,211011,97.24999999999997
2,211039,97.24999999999997
2,211053,97.24999999999997
2,211067,97.24999999999997
2,211083,97.24999999999997
2,211111,97.24999999999997
2,211137,97.24999999999997
2,211153,97.24999999999997
2,211181,97.24999999999997
2,211207,97.24999999999997
2,211235,97.24999999999997
2,211251,97.24999999999997
2,211265,97.24999999999997
2,211279,97.24999999999997
2,211281,97.24999999999997
2,211297,97.24999999999997
2,211311,97.24999999999997
2,211329,97.24999999999997
2,211343,97.24999999999997
2,211373,97.24999999999997
2,211387,97.24999999999997
2,211415,97.24999999999997
2,211417,97.24999999999997
2,211443,97.24999999999997
2,211469,97.24999999999997
2,211495,97.24999999999997
2,211521,97.24999999999997
2,211549,97.24999999999997
2,211565,97.24999999999997
2,211567,97.24999999999997
2,211595,97.24999999999997
2,211623,97.24999999999997
2,211653,97.24999999999997
2,211679,97.24999999999997
2,211709,97.24999999999997
2,211711,97.24999999999997
2,211739,97.24999999999997
2,211767,97.24999999999997
2,211781,97.24999999999997
2,211783,97.24999999999997
2,211811,97.24999999999997
2,211825,97.24999999999997
2,211851,97.24999999999997
2,211877,97.24999999999997
2,211879,97.24999999999997
2,211893,97.24999999999997
2,211895,97.24999999999997
2,211921,97.24999999999997
2,211935,97.24999999999997
2,211949,97.24999999999997
2,211979,97.24999999999997
2,211993,97.24999999999997
2,212009,97.24999999999997
2,212023,97.24999999999997
2,212055,97.24999999999997
2,212069,97.24999999999997
2,212071,97.24999999999997
2,212097,97.24999999999997
2,212127,97.24999999999997
2,212153,97.24999999999997
2,212167,97.24999999999997
2,212181,97.24999999999997
2,212209,97.24999999999997
2,212223,97.24999999999997
2,212237,97.24999999999997
2,212265,97.24999999999997
2,212279,97.24999999999997
2,212307,97.24999999999997
2,212325,97.24999999999997
2,212339,97.24999999999997
2,212367,97.24999999999997
2,212369,97.24999999999997
2,212397,97.24999999999997
2,212399,97.54000000000002
2,212413,97.54000000000002
2,212439,97.54000000000002
2,212453,97.54000000000002
2,212455,97.54000000000002
2,212469,97.54000000000002
2,212483,97.54000000000002
2,212511,97.54000000000002
2,212513,97.54000000000002
2,212527,97.54000000000002
2,212555,97.54000000000002
3,201954,28.509999999999998
3,206067,45.670000000000016
3,206099,45.670000000000016
3,206101,45.670000000000016
3,206131,45.670000000000016
3,206159,45.670000000000016
3,206187,45.670000000000016
3,206215,45.670000000000016
3,206247,45.670000000000016
3,206273,58.37999999999998
3,206301,58.37999999999998
3,206315,58.37999999999998
3,206329,58.37999999999998
3,206345,58.37999999999998
3,206347,58.37999999999998
3,206363,58.37999999999998
3,206389,58.37999999999998
3,206391,58.37999999999998
3,206405,58.37999999999998
3,206421,58.37999999999998
3,206449,58.37999999999998
3,206477,58.37999999999998
3,206491,58.37999999999998
3,206517,58.37999999999998
3,206533,58.37999999999998
3,206561,58.37999999999998
3,206577,58.37999999999998
3,206605,58.37999999999998
3,206621,58.37999999999998
3,206649,58.37999999999998
3,206665,58.37999999999998
3,206681,58.37999999999998
3,206683,58.37999999999998
3,206685,58.37999999999998
3,206711,58.37999999999998
3,206739,58.37999999999998
3,206753,58.37999999999998
3,206769,58.37999999999998
3,206783,58.37999999999998
3,206799,58.37999999999998
3,206813,58.37999999999998
3,206843,58.37999999999998
3,206861,58.37999999999998
3,206863,58.37999999999998
3,206879,58.37999999999998
3,206897,58.37999999999998
3,206915,58.37999999999998
3,206941,62.849999999999994
3,206955,62.849999999999994
3,206985,62.849999999999994
3,206999,62.849999999999994
3,207001,62.849999999999994
3,207003,62.849999999999994
3,207033,62.849999999999994
3,207065,62.849999999999994
3,207079,62.849999999999994
3,207093,64.69999999999999
3,207107,64.69999999999999
3,207121,64.69999999999999
3,207151,64.69999999999999
3,207179,64.69999999999999
3,207193,73.81000000000002
3,207207,73.81000000000002
3,207235,73.81000000000002
3,207249,73.81000000000002
3,207251,73.81000000000002
3,207269,73.81000000000002
3,207303,73.81000000000002
3,207317,73.81000000000002
3,207345,73.81000000000002
3,207347,73.81000000000002
3,207361,73.81000000000002
3,207393,73.81000000000002
3,207411,73.81000000000002
3,207427,73.81000000000002
3,207429,73.81000000000002
3,207445,73.81000000000002
3,207483,73.81000000000002
3,207503,73.81000000000002
3,207519,73.81000000000002
3,207537,73.81000000000002
3,207565,73.81000000000002
3,207591,73.81000000000002
3,207593,73.81000000000002
3,207625,73.81000000000002
3,207651,73.81000000000002
3,207665,73.81000000000002
3,207667,73.81000000000002
3,207681,73.81000000000002
3,207707,80.11999999999999
3,207735,80.11999999999999
3,207765,80.11999999999999
3,207767,80.11999999999999
3,207783,80.11999999999999
3,207809,80.11999999999999
3,207837,80.11999999999999
3,207851,80.11999999999999
3,207865,80.11999999999999
3,207893,80.11999999999999
3,207921,140.21999999999997
3,207923,140.21999999999997
3,207951,140.21999999999997
3,207965,140.21999999999997
3,207979,140.21999999999997
3,208007,140.21999999999997
3,208039,140.21999999999997
3,208053,140.21999999999997
3,208081,140.21999999999997
3,208095,140.21999999999997
3,208109,140.21999999999997
3,208129,140.21999999999997
3,208147,140.21999999999997
3,208173,140.21999999999997
3,208199,140.21999999999997
3,208215,140.21999999999997
3,208217,140.21999999999997
3,208245,140.21999999999997
3,208277,140.21999999999997
3,208291,140.21999999999997
3,208309,140.21999999999997
3,208323,140.21999999999997
3,208339,140.21999999999997
3,208353,140.21999999999997
3,208369,140.21999999999997
3,208371,140.21999999999997
3,208397,140.21999999999997
3,208425,140.21999999999997
3,208455,140.21999999999997
3,208471,140.21999999999997
3,208487,140.21999999999997
3,208501,140.21999999999997
3,208517,140.21999999999997
3,208543,140.21999999999997
3,208575,140.21999999999997
3,208605,140.21999999999997
3,208619,140.21999999999997
3,208633,140.21999999999997
3,208647,144.14000000000001
3,208661,144.14000000000001
3,208677,144.14000000000001
3,208691,144.14000000000001
3,208717,144.14000000000001
3,208733,144.14000000000001
3,208761,144.14000000000001
3,208787,144.14000000000001
3,208815,144.14000000000001
3,208831,144.14000000000001
3,208845,144.14000000000001
3,208871,144.14000000000001
3,208897,144.14000000000001
3,208925,144.14000000000001
3,208941,144.14000000000001
3,208955,144.14000000000001
3,208969,144.14000000000001
3,208995,144.14000000000001
3,208997,144.14000000000001
3,209011,144.14000000000001
3,209025,144.14000000000001
3,209039,144.14000000000001
3,209057,144.14000000000001
3,209087,144.14000000000001
3,209113,144.14000000000001
3,209129,145.51000000000002
3,209143,145.51000000000002
3,209159,145.51000000000002
3,209173,145.51000000000002
3,209187,145.51000000000002
3,209201,145.51000000000002
3,209215,145.51000000000002
3,209231,145.51000000000002
3,209247,145.51000000000002
3,209249,145.51000000000002
3,209263,145.51000000000002
3,209289,145.51000000000002
3,209319,145.51000000000002
3,209333,145.51000000000002
3,209347,145.51000000000002
3,209363,145.51000000000002
3,209391,145.51000000000002
3,209393,145.51000000000002
3,209419,145.51000000000002
3,209437,145.51000000000002
3,209453,145.51000000000002
3,209455,145.51000000000002
3,209485,145.51000000000002
3,209501,145.51000000000002
3,209515,145.51000000000002
3,209531,145.51000000000002
3,209545,145.51000000000002
3,209561,145.51000000000002
3,209575,145.51000000000002
3,209577,145.51000000000002
3,209609,145.51000000000002
3,209627,145.51000000000002
3,209653,145.51000000000002
3,209679,145.51000000000002
3,209707,145.51000000000002
3,209709,145.51000000000002
3,209737,145.51000000000002
3,209765,145.51000000000002
3,209779,145.51000000000002
3,209793,145.51000000000002
3,209819,145.51000000000002
3,209845,145.51000000000002
3,209859,145.51000000000002
3,209861,145.51000000000002
3,209863,145.51000000000002
3,209881,145.51000000000002
3,209895,145.51000000000002
3,209927,145.51000000000002
3,209955,145.51000000000002
3,209969,145.51000000000002
3,209983,145.51000000000002
3,209997,145.51000000000002
3,210011,145.51000000000002
3,210039,145.51000000000002
3,210065,145.51000000000002
3,210095,145.51000000000002
3,210113,145.51000000000002
3,210139,145.51000000000002
3,210165,145.51000000000002
3,210191,145.51000000000002
3,210193,145.51000000000002
3,210207,145.51000000000002
3,210221,145.51000000000002
3,210235,145.51000000000002
3,210251,145.51000000000002
3,210281,145.51000000000002
3,210295,145.51000000000002
3,210297,145.51000000000002
3,210311,145.51000000000002
3,210337,145.51000000000002
3,210365,145.51000000000002
3,210379,145.51000000000002
3,210411,145.51000000000002
3,210427,145.51000000000002
3,210455,145.51000000000002
3,210469,145.51000000000002
3,210471,145.51000000000002
3,210485,145.51000000000002
3,210487,145.51000000000002
3,210501,145.51000000000002
3,210517,145.51000000000002
3,210533,145.51000000000002
3,210559,145.51000000000002
3,210573,145.51000000000002
3,210589,145.51000000000002
3,210591,145.51000000000002
3,210605,145.51000000000002
3,210631,145.51000000000002
3,210659,145.51000000000002
3,210673,145.51000000000002
3,210675,145.51000000000002
3,210677,145.51000000000002
3,210679,145.51000000000002
3,210705,145.51000000000002
3,210735,145.51000000000002
3,210767,145.51000000000002
3,210793,145.51000000000002
3,210811,145.51000000000002
3,210827,145.51000000000002
3,210841,145.51000000000002
3,210843,147.32000000000002
3,210871,147.32000000000002
3,210899,147.32000000000002
3,210915,147.32000000000002
3,210945,147.32000000000002
3,210973,147.32000000000002
3,210999,147.32000000000002
3,211025,147.32000000000002
3,211027,147.32000000000002
3,211053,147.32000000000002
3,211067,147.32000000000002
3,211081,147.32000000000002
3,211109,147.32000000000002
3,211135,147.32000000000002
3,211151,147.32000000000002
3,211165,147.32000000000002
3,211191,147.32000000000002
3,211217,147.32000000000002
3,211247,147.32000000000002
3,211261,147.32000000000002
3,211291,147.32000000000002
3,211307,147.32000000000002
3,211321,147.32000000000002
3,211349,147.32000000000002
3,211379,147.32000000000002
3,211407,147.32000000000002
3,211433,147.32000000000002
3,211447,147.32000000000002
3,211473,147.32000000000002
3,211501,147.32000000000002
3,211515,149.75000000000006
3,211541,149.75000000000006
3,211557,149.75000000000006
3,211573,149.75000000000006
3,211599,149.75000000000006
3,211613,149.75000000000006
3,211647,149.75000000000006
3,211675,149.75000000000006
3,211689,149.75000000000006
3,211715,149.75000000000006
3,211717,149.75000000000006
3,211731,149.75000000000006
3,211759,149.75000000000006
3,211773,149.75000000000006
3,211775,149.75000000000006
3,211801,149.75000000000006
3,211815,149.75000000000006
3,211835,149.75000000000006
3,211865,149.75000000000006
3,211879,149.75000000000006
3,211895,149.75000000000006
3,211909,149.75000000000006
3,211939,149.75000000000006
3,211955,149.75000000000006
4,201586,30.320000000000004
4,201602,30.320000000000004
4,201604,30.320000000000004
4,205565,30.320000000000004
4,205581,37.19999999999998
4,205609,37.19999999999998
4,205623,37.19999999999998
4,205637,37.19999999999998
4,205651,45.79000000000002
4,205679,45.79000000000002
4,205693,45.79000000000002
4,205707,45.79000000000002
4,205737,45.79000000000002
4,205753,54.19000000000001
4,205779,54.19000000000001
4,205781,54.19000000000001
4,205807,57.05999999999998
4,205821,57.05999999999998
4,205823,57.05999999999998
4,205851,57.05999999999998
4,205865,57.05999999999998
4,205881,57.05999999999998
4,205907,57.05999999999998
4,205933,57.05999999999998
4,205947,57.05999999999998
4,205963,57.05999999999998
4,205991,57.05999999999998
4,205993,57.05999999999998
4,205995,57.05999999999998
4,206021,57.05999999999998
4,206035,57.05999999999998
4,206037,57.05999999999998
4,206067,57.05999999999998
4,206081,57.05999999999998
4,206111,57.05999999999998
4,206139,57.05999999999998
4,206153,61.850000000000016
4,206179,61.850000000000016
4,206193,61.850000000000016
4,206209,61.850000000000016
4,206223,61.850000000000016
4,206251,69.54999999999998
4,206265,69.54999999999998
4,206291,69.54999999999998
4,206305,69.54999999999998
4,206319,69.54999999999998
4,206349,69.54999999999998
4,206367,69.54999999999998
4,206381,69.54999999999998
4,206395,69.54999999999998
4,206397,69.54999999999998
4,206411,69.54999999999998
4,206413,69.54999999999998
4,206427,69.54999999999998
4,206453,69.54999999999998
4,206481,69.54999999999998
4,206483,69.54999999999998
4,206511,69.54999999999998
4,206539,69.54999999999998
4,206565,69.54999999999998
4,206581,69.54999999999998
4,206597,69.54999999999998
4,206625,69.54999999999998
4,206645,69.54999999999998
4,206673,69.54999999999998
4,206687,69.54999999999998
4,206715,69.54999999999998
4,206729,69.54999999999998
4,206745,69.54999999999998
4,206773,69.54999999999998
4,206775,69.54999999999998
4,206805,69.54999999999998
4,206807,69.54999999999998
4,206823,69.54999999999998
4,206839,69.54999999999998
4,206853,69.54999999999998
4,206883,69.54999999999998
4,206909,69.54999999999998
4,206923,69.54999999999998
4,206939,69.54999999999998
4,206973,69.54999999999998
4,206999,69.54999999999998
4,207025,69.54999999999998
4,207039,74.55000000000001
4,207061,74.55000000000001
4,207087,74.55000000000001
4,207101,74.55000000000001
4,207117,74.55000000000001
4,207145,74.55000000000001
4,207173,74.55000000000001
4,207187,74.55000000000001
4,207189,74.55000000000001
4,207205,74.55000000000001
4,207221,74.55000000000001
4,207237,74.55000000000001
4,207255,74.55000000000001
4,207269,74.55000000000001
4,207285,74.55000000000001
4,207311,74.55000000000001
4,207325,74.55000000000001
4,207343,74.55000000000001
4,207359,74.55000000000001
4,207361,74.55000000000001
4,207363,74.55000000000001
4,207377,74.55000000000001
4,207391,74.55000000000001
4,207393,74.55000000000001
4,207419,74.55000000000001
4,207447,74.55000000000001
4,207463,74.55000000000001
4,207495,74.55000000000001
4,207513,74.55000000000001
4,207539,74.55000000000001
4,207567,74.55000000000001
4,207593,74.55000000000001
4,207607,74.55000000000001
4,207633,74.55000000000001
4,207659,74.55000000000001
4,207661,74.55000000000001
4,207663,74.55000000000001
4,207677,74.55000000000001
4,207703,74.55000000000001
4,207731,74.55000000000001
4,207761,78.47999999999995
4,207763,78.47999999999995
4,207789,78.47999999999995
4,207791,78.47999999999995
4,207821,78.47999999999995
4,207849,78.47999999999995
4,207877,78.47999999999995
4,207907,78.47999999999995
4,207921,78.47999999999995
4,207923,78.47999999999995
4,207951,78.47999999999995
4,207977,78.47999999999995
4,207979,78.47999999999995
4,208007,78.47999999999995
4,208037,78.47999999999995
4,208065,78.47999999999995
4,208095,78.47999999999995
4,208109,78.47999999999995
4,208111,78.47999999999995
4,208127,78.47999999999995
4,208141,78.47999999999995
4,208171,78.47999999999995
4,208187,78.47999999999995
4,208203,78.47999999999995
4,208231,78.47999999999995
4,208233,78.47999999999995
4,208261,78.47999999999995
4,208275,78.47999999999995
4,208301,79.38999999999996
4,208315,79.38999999999996
4,208345,79.38999999999996
4,208359,79.38999999999996
4,208373,79.38999999999996
4,208375,84.65999999999995
4,208401,84.65999999999995
4,208433,84.65999999999995
4,208447,84.65999999999995
4,208475,84.65999999999995
4,208477,84.65999999999995
4,208503,84.65999999999995
4,208517,84.65999999999995
4,208531,84.65999999999995
4,208547,84.65999999999995
4,208573,84.65999999999995
4,208605,84.65999999999995
4,208619,84.65999999999995
4,208647,84.65999999999995
4,208661,84.65999999999995
4,208663,84.65999999999995
4,208689,84.65999999999995
4,208703,84.65999999999995
4,208731,84.65999999999995
4,208733,84.65999999999995
4,208747,84.65999999999995
4,208777,84.65999999999995
4,208793,84.65999999999995
4,208809,84.65999999999995
4,208837,84.65999999999995
4,208863,84.65999999999995
4,208889,84.65999999999995
4,208905,84.65999999999995
4,208919,84.65999999999995
4,208945,84.65999999999995
4,208965,84.65999999999995
4,209001,84.65999999999995
4,209031,84.65999999999995
4,209047,84.65999999999995
4,209061,84.65999999999995
4,209063,84.65999999999995
4,209083,84.65999999999995
4,209097,84.65999999999995
4,209131,84.65999999999995
4,209147,84.65999999999995
4,209161,84.65999999999995
4,209175,84.65999999999995
4,209201,84.65999999999995
4,209217,84.65999999999995
4,209245,84.65999999999995
4,209259,84.65999999999995
4,209285,84.65999999999995
4,209315,84.65999999999995
4,209341,84.65999999999995
4,209357,84.65999999999995
4,209371,84.65999999999995
4,209399,84.65999999999995
4,209415,84.65999999999995
4,209443,84.65999999999995
4,209469,84.65999999999995
4,209495,84.65999999999995
4,209511,84.65999999999995
4,209531,84.65999999999995
4,209545,84.65999999999995
4,209559,84.65999999999995
4,209577,84.65999999999995
4,209579,84.65999999999995
4,209593,84.65999999999995
4,209619,84.65999999999995
4,209645,84.65999999999995
4,209647,84.65999999999995
4,209673,84.65999999999995
4,209687,84.65999999999995
4,209701,84.65999999999995
4,209715,84.65999999999995
4,209741,84.65999999999995
4,209755,84.65999999999995
4,209769,84.65999999999995
4,209771,84.65999999999995
4,209801,84.65999999999995
4,209817,84.65999999999995
4,209831,84.65999999999995
4,209845,84.65999999999995
4,209847,84.65999999999995
4,209861,84.65999999999995
4,209893,84.65999999999995
4,209909,84.65999999999995
4,209923,84.65999999999995
4,209949,84.65999999999995
4,209963,84.65999999999995
4,209977,90.97999999999995
4,209995,90.97999999999995
4,210009,90.97999999999995
4,210023,90.97999999999995
4,210057,90.97999999999995
4,210085,90.97999999999995
4,210113,90.97999999999995
4,210141,90.97999999999995
4,210157,90.97999999999995
4,210183,90.97999999999995
4,210199,90.97999999999995
4,210233,90.97999999999995
4,210251,90.97999999999995
4,210281,90.97999999999995
4,210309,90.97999999999995
4,210325,90.97999999999995
4,210351,90.97999999999995
4,210353,90.97999999999995
4,210379,193.76000000000005
4,210381,193.76000000000005
4,210409,193.76000000000005
4,210435,193.76000000000005
4,210463,193.76000000000005
4,210489,193.76000000000005
4,210503,193.76000000000005
4,210533,193.76000000000005
4,210549,193.76000000000005
4,210583,193.76000000000005
4,210597,193.76000000000005
4,210599,193.76000000000005
4,210625,193.76000000000005
4,210627,193.76000000000005
4,210645,193.76000000000005
4,210675,193.76000000000005
4,210703,193.76000000000005
4,210717,193.76000000000005
4,210731,193.76000000000005
4,210745,193.76000000000005
4,210777,193.76000000000005
4,210791,193.76000000000005
4,210807,196.25000000000006
4,210823,196.25000000000006
4,210825,196.25000000000006
4,210855,196.25000000000006
4,210869,196.25000000000006
4,210895,196.25000000000006
4,210909,196.25000000000006
4,210925,196.25000000000006
4,210941,196.25000000000006
4,210955,196.25000000000006
4,210981,196.25000000000006
4,211009,196.25000000000006
4,211023,196.25000000000006
4,211055,196.25000000000006
4,211069,196.25000000000006
4,211071,196.25000000000006
4,211101,196.25000000000006
4,211131,196.25000000000006
4,211149,196.25000000000006
4,211165,196.25000000000006
4,211191,196.25000000000006
4,211209,196.25000000000006
4,211237,196.25000000000006
4,211273,196.25000000000006
4,211287,196.25000000000006
4,211289,196.25000000000006
4,211291,196.25000000000006
4,211305,196.25000000000006
4,211335,196.25000000000006
4,211349,196.25000000000006
4,211377,196.25000000000006
4,211391,196.25000000000006
4,211417,196.25000000000006
4,211431,196.25000000000006
4,211463,196.25000000000006
4,211465,201.85000000000005
4,211467,201.85000000000005
4,211481,201.85000000000005
4,211483,201.85000000000005
4,211501,201.85000000000005
4,211529,201.85000000000005
4,211557,201.85000000000005
4,211587,201.85000000000005
5,201806,30.06
5,201808,30.06
5,201834,43.94999999999999
5,201860,43.94999999999999
5,201862,43.94999999999999
5,201878,43.94999999999999
5,201896,43.94999999999999
5,201924,43.94999999999999
5,201938,43.94999999999999
5,201954,43.94999999999999
5,201984,43.94999999999999
5,201998,47.11
5,202000,47.11
5,202026,47.11
5,202052,47.11
5,202078,47.11
5,202080,47.11
5,202108,47.11
5,202138,47.11
5,202166,47.11
5,202184,47.11
5,202214,47.11
5,202228,47.11
5,206353,47.11
5,206383,47.11
5,206385,47.11
5,206411,47.11
5,206439,47.11
5,206453,47.11
5,206479,47.11
5,206493,47.11
5,206521,47.11
5,206535,64.0
5,206561,64.0
5,206575,64.0
5,206601,64.0
5,206627,64.0
5,206629,64.0
5,206631,64.0
5,206651,64.0
5,206665,64.0
5,206679,64.0
5,206695,64.0
5,206711,64.0
5,206739,64.0
5,206769,64.0
5,206797,64.0
5,206827,64.0
5,206843,64.0
5,206861,64.0
5,206875,64.0
5,206905,64.0
5,206931,64.0
5,206945,64.0
5,206947,64.0
5,206975,64.0
5,206989,64.0
5,206991,64.0
5,206993,64.0
5,207019,64.0
5,207045,64.0
5,207059,64.0
5,207087,64.0
5,207101,64.0
5,207133,64.0
5,207135,64.0
5,207161,64.0
5,207187,64.0
5,207215,64.0
5,207243,64.0
5,207245,64.0
5,207247,64.0
5,207261,64.0
5,207287,64.0
5,207301,64.0
5,207303,64.0
5,207305,64.0
5,207325,64.0
5,207343,64.0
5,207377,64.0
5,207403,64.0
5,207405,64.0
5,207407,64.0
5,207425,64.0
5,207451,64.0
5,207481,64.0
5,207483,64.0
5,207511,72.66999999999999
5,207527,72.66999999999999
5,207555,72.66999999999999
5,207569,72.66999999999999
5,207601,72.66999999999999
5,207615,72.66999999999999
5,207631,72.66999999999999
5,207657,72.66999999999999
5,207673,72.66999999999999
5,207701,72.66999999999999
5,207727,72.66999999999999
5,207743,72.66999999999999
5,207757,72.66999999999999
5,207771,72.66999999999999
5,207797,72.66999999999999
5,207799,72.66999999999999
5,207825,72.66999999999999
5,207841,72.66999999999999
5,207869,72.66999999999999
5,207889,72.66999999999999
5,207903,72.66999999999999
5,207917,72.66999999999999
5,207935,72.66999999999999
5,207949,72.66999999999999
5,207975,72.66999999999999
5,208005,72.66999999999999
5,208007,72.66999999999999
5,208023,72.66999999999999
5,208037,72.66999999999999
5,208055,72.66999999999999
5,208087,72.66999999999999
5,208101,72.66999999999999
5,208129,72.66999999999999
5,208131,72.66999999999999
5,208157,72.66999999999999
5,208171,72.66999999999999
5,208199,72.66999999999999
5,208227,72.66999999999999
5,208245,72.66999999999999
5,208247,72.66999999999999
5,208263,72.66999999999999
5,208277,72.66999999999999
5,208279,72.66999999999999
5,208281,72.66999999999999
5,208295,72.66999999999999
5,208321,72.66999999999999
5,208323,72.66999999999999
5,208325,72.66999999999999
5,208341,72.66999999999999
5,208343,72.66999999999999
5,208359,72.66999999999999
5,208387,72.66999999999999
5,208413,72.66999999999999
5,208439,72.66999999999999
5,208441,72.66999999999999
5,208443,72.66999999999999
5,208471,72.66999999999999
5,208497,72.66999999999999
5,208499,73.64
5,208533,73.64
5,208549,73.64
5,208577,73.64
5,208603,73.64
5,208605,73.64
5,208633,73.64
5,208663,73.64
5,208689,73.64
5,208691,73.64
5,208705,73.64
5,208733,73.64
5,208749,73.64
5,208763,73.64
5,208777,73.64
5,208779,73.64
5,208805,73.64
5,208819,79.71
5,208833,79.71
5,208861,79.71
5,208887,79.71
5,208903,79.71
5,208931,79.71
5,208949,79.71
5,208963,79.71
5,208977,79.71
5,208991,79.71
5,209023,79.71
5,209051,79.71
5,209065,79.71
5,209079,79.71
5,209105,79.71
5,209133,79.71
5,209159,79.71
5,209185,79.71
5,209201,79.71
5,209227,79.71
5,209257,79.71
5,209283,79.71
5,209297,81.63
5,209315,81.63
5,209329,81.63
5,209355,81.63
5,209369,81.63
5,209397,81.63
5,209427,81.63
5,209429,81.63
5,209457,81.63
5,209485,81.63
5,209499,81.63
5,209529,81.63
5,209531,81.63
5,209533,81.63
5,209549,81.63
5,209563,81.63
5,209577,81.63
5,209591,81.63
5,209617,81.63
5,209643,81.63
5,209671,81.63
5,209697,81.63
5,209711,81.63
5,209739,81.63
5,209753,81.63
5,209767,98.17999999999996
5,209785,98.17999999999996
5,209799,98.17999999999996
5,209813,98.17999999999996
5,209839,98.17999999999996
5,209865,98.17999999999996
5,209883,98.17999999999996
5,209897,98.17999999999996
5,209925,98.17999999999996
5,209927,98.17999999999996
5,209943,98.17999999999996
5,209957,98.17999999999996
5,209975,98.17999999999996
5,209977,98.17999999999996
5,209991,98.17999999999996
5,210019,98.17999999999996
5,210045,98.17999999999996
5,210073,98.17999999999996
5,210075,98.17999999999996
5,210091,98.17999999999996
5,210105,98.17999999999996
5,210107,98.17999999999996
5,210135,98.17999999999996
5,210149,98.17999999999996
5,210177,98.17999999999996
5,210179,98.17999999999996
5,210193,98.17999999999996
5,210225,98.17999999999996
5,210253,98.17999999999996
5,210267,98.17999999999996
5,210281,98.17999999999996
5,210299,98.17999999999996
5,210313,98.17999999999996
5,210329,98.17999999999996
5,210355,98.17999999999996
5,210369,98.17999999999996
5,210385,98.17999999999996
5,210415,98.17999999999996
5,210443,98.17999999999996
5,210459,98.17999999999996
5,210461,98.17999999999996
5,210463,98.17999999999996
5,210493,98.17999999999996
5,210519,98.17999999999996
5,210545,98.17999999999996
5,210571,98.17999999999996
5,210587,98.17999999999996
5,210605,98.17999999999996
5,210641,98.17999999999996
5,210667,98.17999999999996
5,210681,98.17999999999996
5,210701,98.17999999999996
5,210715,98.17999999999996
5,210717,98.17999999999996
5,210719,98.17999999999996
5,210745,98.17999999999996
5,210759,98.17999999999996
5,210775,98.17999999999996
5,210789,98.17999999999996
5,210803,98.17999999999996
5,210817,98.17999999999996
5,210845,98.17999999999996
5,210859,98.17999999999996
5,210887,98.17999999999996
5,210901,98.17999999999996
5,210915,98.17999999999996
5,210931,98.17999999999996
5,210947,98.17999999999996
5,210973,98.17999999999996
5,210999,98.17999999999996
5,211027,98.17999999999996
5,211041,98.17999999999996
5,211069,98.17999999999996
5,211085,98.17999999999996
5,211115,98.17999999999996
5,211129,98.17999999999996
5,211155,98.17999999999996
5,211169,98.17999999999996
5,211195,98.17999999999996
5,211225,98.17999999999996
5,211239,98.17999999999996
5,211241,98.17999999999996
5,211257,98.17999999999996
5,211259,98.17999999999996
5,211285,98.17999999999996
5,211299,98.17999999999996
5,211325,98.17999999999996
5,211327,98.17999999999996
5,211341,98.17999999999996
5,211367,98.17999999999996
5,211383,98.17999999999996
5,211401,98.17999999999996
5,211415,98.17999999999996
5,211431,98.17999999999996
5,211459,98.17999999999996
5,211485,98.17999999999996
5,211499,98.17999999999996
5,211531,98.17999999999996
5,211557,98.17999999999996
5,211571,98.17999999999996
5,211573,98.17999999999996
5,211575,98.17999999999996
5,211589,98.17999999999996
5,211621,98.17999999999996
5,211647,98.17999999999996
5,211681,98.17999999999996
5,211697,98.17999999999996
5,211723,98.17999999999996
5,211751,98.17999999999996
5,211777,98.17999999999996
5,211793,98.17999999999996
6,200700,29.190000000000005
6,200714,50.64000000000003
6,200742,50.64000000000003
6,200770,50.64000000000003
6,200772,50.64000000000003
6,204925,50.64000000000003
6,204939,50.64000000000003
6,204953,50.64000000000003
6,204983,50.64000000000003
6,205013,50.64000000000003
6,205015,50.64000000000003
6,205029,50.64000000000003
6,205059,50.64000000000003
6,205075,50.64000000000003
6,205089,50.64000000000003
6,205109,50.64000000000003
6,205139,50.64000000000003
6,205169,50.64000000000003
6,205185,50.64000000000003
6,205199,50.64000000000003
6,205215,50.64000000000003
6,205229,50.64000000000003
6,205255,50.64000000000003
6,205289,50.64000000000003
6,205317,50.64000000000003
6,205347,50.64000000000003
6,205373,50.64000000000003
6,205375,50.64000000000003
6,205405,50.64000000000003
6,205419,50.64000000000003
6,205433,50.64000000000003
6,205449,50.64000000000003
6,205483,50.64000000000003
6,205509,50.64000000000003
6,205511,50.64000000000003
6,205525,50.64000000000003
6,205551,50.64000000000003
6,205553,50.64000000000003
6,205569,50.64000000000003
6,205597,50.64000000000003
6,205611,50.64000000000003
6,205613,50.64000000000003
6,205631,50.64000000000003
6,205649,50.64000000000003
6,205667,50.64000000000003
6,205697,50.64000000000003
6,205699,50.64000000000003
6,205717,50.64000000000003
6,205743,50.64000000000003
6,205771,50.64000000000003
6,205785,50.64000000000003
6,205799,50.64000000000003
6,205801,50.64000000000003
6,205819,50.64000000000003
6,205849,50.64000000000003
6,205875,50.64000000000003
6,205903,50.64000000000003
6,205921,50.64000000000003
6,205951,50.64000000000003
6,205971,50.64000000000003
6,205997,50.64000000000003
6,205999,50.64000000000003
6,206001,50.64000000000003
6,206017,50.64000000000003
6,206031,50.64000000000003
6,206033,50.64000000000003
6,206035,50.64000000000003
6,206053,50.64000000000003
6,206067,50.64000000000003
6,206081,50.64000000000003
6,206095,50.64000000000003
6,206131,50.64000000000003
6,206147,50.64000000000003
6,206161,50.64000000000003
6,206187,50.64000000000003
6,206201,50.64000000000003
6,206227,50.64000000000003
6,206229,50.64000000000003
6,206245,50.64000000000003
6,206259,50.64000000000003
6,206287,50.64000000000003
6,206315,50.64000000000003
6,206317,50.64000000000003
6,206353,50.64000000000003
6,206379,53.32000000000001
6,206397,53.32000000000001
6,206431,53.32000000000001
6,206433,53.32000000000001
6,206449,53.32000000000001
6,206463,53.32000000000001
6,206491,53.32000000000001
6,206523,53.32000000000001
6,206539,53.32000000000001
6,206565,53.32000000000001
6,206593,53.32000000000001
6,206595,53.32000000000001
6,206613,53.32000000000001
6,206641,53.32000000000001
6,206659,53.32000000000001
6,206687,53.720000000000006
6,206719,53.720000000000006
6,206733,53.720000000000006
6,206747,53.720000000000006
6,206775,54.09999999999999
6,206803,54.09999999999999
6,206819,54.09999999999999
6,206833,54.09999999999999
6,206859,54.09999999999999
6,206873,54.09999999999999
6,206901,54.09999999999999
6,206903,54.09999999999999
6,206919,54.09999999999999
6,206947,54.09999999999999
6,206975,54.09999999999999
6,207007,54.09999999999999
6,207025,54.09999999999999
6,207053,54.09999999999999
6,207067,54.09999999999999
6,207081,54.09999999999999
6,207107,54.09999999999999
6,207135,54.09999999999999
6,207149,56.15999999999999
6,207175,56.15999999999999
6,207205,56.15999999999999
6,207233,56.15999999999999
6,207261,56.61999999999999
6,207263,56.61999999999999
6,207291,56.61999999999999
6,207321,56.61999999999999
6,207323,56.61999999999999
6,207325,56.61999999999999
6,207339,56.61999999999999
6,207373,56.61999999999999
6,207399,56.61999999999999
6,207413,56.61999999999999
6,207439,56.61999999999999
6,207473,56.61999999999999
6,207487,56.61999999999999
6,207501,56.61999999999999
6,207523,56.61999999999999
6,207539,56.61999999999999
6,207571,60.819999999999986
6,207585,60.819999999999986
6,207601,60.819999999999986
6,207615,60.819999999999986
6,207629,60.819999999999986
6,207647,60.819999999999986
6,207649,60.819999999999986
6,207677,60.819999999999986
6,207703,65.03999999999999
6,207719,65.03999999999999
6,207733,65.03999999999999
6,207735,65.03999999999999
6,207763,65.03999999999999
6,207779,65.03999999999999
6,207811,65.03999999999999
6,207825,65.03999999999999
6,207855,65.03999999999999
6,207881,71.67000000000002
6,207895,71.67000000000002
6,207909,71.67000000000002
6,207923,71.67000000000002
6,207937,71.67000000000002
6,207951,71.67000000000002
6,207953,71.67000000000002
6,207983,71.67000000000002
6,207999,71.67000000000002
6,208027,71.67000000000002
6,208053,71.67000000000002
6,208067,71.67000000000002
6,208083,71.67000000000002
6,208115,71.67000000000002
6,208143,71.67000000000002
6,208157,71.67000000000002
6,208185,71.67000000000002
6,208213,71.67000000000002
6,208227,71.67000000000002
6,208259,71.67000000000002
6,208261,71.67000000000002
6,208293,71.67000000000002
6,208323,71.67000000000002
6,208325,71.67000000000002
6,208339,71.67000000000002
6,208365,71.67000000000002
6,208401,71.67000000000002
6,208403,71.67000000000002
6,208419,71.67000000000002
6,208449,71.67000000000002
6,208463,71.67000000000002
6,208489,72.47
6,208503,72.47
6,208505,72.47
6,208521,72.47
6,208537,72.47
6,208555,72.47
6,208585,72.47
6,208613,72.47
6,208641,72.47
6,208655,72.47
6,208669,72.47
6,208683,72.47
6,208699,72.47
6,208713,72.47
6,208743,72.47
6,208769,72.47
6,208795,72.47
6,208797,72.47
6,208813,72.47
6,208827,72.47
6,208841,72.47
6,208857,72.47
6,208887,72.47
6,208901,72.47
6,208903,72.47
6,208933,72.47
6,208965,72.47
6,208979,72.47
6,208993,72.47
6,209007,72.47
6,209009,72.47
6,209011,72.47
6,209029,72.47
6,209057,72.47
6,209071,72.47
6,209073,72.47
6,209087,72.47
6,209105,72.47
6,209119,72.47
6,209121,72.47
6,209137,72.47
6,209163,72.47
6,209165,72.47
6,209167,72.47
6,209197,72.47
6,209213,72.47
6,209239,72.47
6,209265,72.47
6,209293,72.47
6,209307,72.47
6,209333,72.47
6,209349,72.47
6,209365,72.47
6,209367,72.47
6,209385,72.47
6,209411,72.47
6,209425,72.47
6,209461,72.47
6,209463,72.47
6,209477,72.47
6,209507,72.47
6,209537,72.47
6,209551,72.47
6,209569,72.47
6,209583,72.47
6,209597,72.47
6,209611,72.47
6,209625,72.47
6,209653,72.47
6,209655,72.47
6,209671,72.47
6,209701,72.47
6,209717,72.47
6,209731,72.47
6,209745,79.92
6,209761,79.92
6,209775,79.92
6,209791,79.92
6,209793,79.92
6,209823,79.92
6,209825,79.92
6,209839,79.92
6,209841,84.05000000000001
6,209855,84.05999999999997
6,209869,84.05999999999997
6,209897,84.05999999999997
6,209911,84.05999999999997
6,209937,84.05999999999997
6,209951,84.05999999999997
6,209981,84.05999999999997
6,209995,84.05999999999997
6,210023,84.05999999999997
6,210049,84.05999999999997
6,210077,84.05999999999997
6,210079,84.05999999999997
6,210095,84.05999999999997
6,210109,84.05999999999997
6,210141,84.05999999999997
6,210143,84.05999999999997
6,210175,84.05999999999997
6,210189,84.05999999999997
6,210203,84.05999999999997
6,210219,84.05999999999997
6,210221,84.05999999999997
6,210249,84.05999999999997
6,210277,84.05999999999997
6,210303,84.05999999999997
6,210329,84.05999999999997
6,210343,84.05999999999997
6,210371,84.05999999999997
6,210385,84.05999999999997
6,210411,84.05999999999997
6,210425,84.05999999999997
6,210439,84.05999999999997
6,210441,84.05999999999997
6,210459,84.05999999999997
6,210473,84.05999999999997
6,210487,84.05999999999997
6,210501,84.05999999999997
6,210515,84.05999999999997
6,210529,84.05999999999997
6,210531,84.05999999999997
6,210545,84.05999999999997
6,210559,84.05999999999997
6,210575,84.05999999999997
6,210589,84.05999999999997
6,210603,84.05999999999997
6,210619,84.05999999999997
6,210633,84.05999999999997
6,210659,84.05999999999997
6,210673,84.05999999999997
6,210675,84.05999999999997
6,210705,84.05999999999997
7,201708,29.199999999999996
7,201722,29.199999999999996
7,201724,29.199999999999996
7,201750,44.47
7,201766,44.47
7,201794,44.47
7,201822,44.47
7,201836,44.47
7,205921,44.47
7,205951,44.47
7,205965,44.47
7,205967,44.47
7,205981,44.47
7,206015,44.47
7,206031,44.47
7,206047,44.47
7,206049,44.47
7,206063,44.47
7,206097,44.47
7,206127,44.47
7,206153,44.47
7,206185,44.47
7,206213,44.47
7,206243,44.47
7,206269,44.47
7,206285,44.47
7,206287,44.47
7,206317,50.02999999999999
7,206331,50.02999999999999
7,206357,50.02999999999999
7,206373,50.02999999999999
7,206391,50.02999999999999
7,206405,50.02999999999999
7,206421,50.02999999999999
7,206449,50.02999999999999
7,206479,50.02999999999999
7,206505,50.02999999999999
7,206533,50.02999999999999
7,206549,50.02999999999999
7,206581,59.380000000000024
7,206583,59.380000000000024
7,206597,59.380000000000024
7,206613,59.380000000000024
7,206639,59.380000000000024
7,206655,59.380000000000024
7,206673,59.380000000000024
7,206687,59.380000000000024
7,206701,59.380000000000024
7,206729,59.380000000000024
7,206745,59.380000000000024
7,206747,59.380000000000024
7,206763,59.380000000000024
7,206765,59.380000000000024
7,206779,59.380000000000024
7,206793,59.380000000000024
7,206795,59.380000000000024
7,206823,59.380000000000024
7,206851,59.380000000000024
7,206885,59.380000000000024
7,206899,59.380000000000024
7,206927,59.380000000000024
7,206941,59.380000000000024
7,206957,59.380000000000024
7,206971,69.66
7,206985,69.66
7,206999,69.66
7,207015,69.66
7,207033,69.66
7,207061,69.66
7,207077,69.66
7,207079,69.66
7,207109,69.66
7,207125,69.66
7,207157,69.66
7,207175,69.66
7,207191,69.66
7,207205,80.60000000000005
7,207207,80.60000000000005
7,207221,80.60000000000005
7,207235,80.60000000000005
7,207267,80.60000000000005
7,207293,80.60000000000005
7,207307,80.60000000000005
7,207333,80.60000000000005
7,207359,80.60000000000005
7,207361,80.60000000000005
7,207389,80.60000000000005
7,207415,80.60000000000005
7,207451,80.60000000000005
7,207465,80.60000000000005
7,207481,80.60000000000005
7,207507,80.60000000000005
7,207523,80.60000000000005
7,207539,80.60000000000005
7,207555,80.60000000000005
7,207585,80.60000000000005
7,207615,80.60000000000005
7,207629,80.60000000000005
7,207655,80.60000000000005
7,207671,80.60000000000005
7,207673,80.60000000000005
7,207675,80.60000000000005
7,207695,80.60000000000005
7,207723,80.60000000000005
7,207737,80.60000000000005
7,207751,80.60000000000005
7,207777,80.60000000000005
7,207779,80.60000000000005
7,207797,80.60000000000005
7,207825,80.60000000000005
7,207853,80.60000000000005
7,207869,80.60000000000005
7,207897,80.60000000000005
7,207915,80.60000000000005
7,207931,80.60000000000005
7,207959,80.60000000000005
7,207975,82.44999999999997
7,207991,82.44999999999997
7,208007,82.44999999999997
7,208023,82.44999999999997
7,208039,82.44999999999997
7,208065,82.44999999999997
7,208067,82.44999999999997
7,208081,82.44999999999997
7,208109,82.44999999999997
7,208123,82.44999999999997
7,208155,82.44999999999997
7,208185,82.44999999999997
7,208201,82.44999999999997
7,208215,82.44999999999997
7,208217,82.44999999999997
7,208245,82.44999999999997
7,208273,82.44999999999997
7,208305,82.44999999999997
7,208319,82.44999999999997
7,208335,82.44999999999997
7,208351,82.44999999999997
7,208353,82.44999999999997
7,208367,82.44999999999997
7,208395,82.44999999999997
7,208421,82.44999999999997
7,208423,82.44999999999997
7,208439,82.44999999999997
7,208453,82.44999999999997
7,208479,82.44999999999997
7,208495,82.44999999999997
7,208509,82.44999999999997
7,208523,82.44999999999997
7,208549,82.44999999999997
7,208551,82.44999999999997
7,208553,82.44999999999997
7,208555,82.44999999999997
7,208557,82.44999999999997
7,208571,82.44999999999997
7,208587,82.44999999999997
7,208601,82.44999999999997
7,208633,82.44999999999997
7,208647,82.44999999999997
7,208681,82.44999999999997
7,208699,82.44999999999997
7,208713,82.44999999999997
7,208743,82.44999999999997
7,208771,82.44999999999997
7,208803,82.44999999999997
7,208817,82.44999999999997
7,208845,82.44999999999997
7,208871,82.44999999999997
7,208885,82.74999999999997
7,208899,82.74999999999997
7,208913,82.74999999999997
7,208943,82.74999999999997
7,208971,82.74999999999997
7,208973,82.74999999999997
7,208975,82.74999999999997
7,209003,82.74999999999997
7,209033,82.74999999999997
7,209047,82.74999999999997
7,209079,82.74999999999997
7,209095,82.74999999999997
7,209109,82.74999999999997
7,209123,82.74999999999997
7,209139,82.74999999999997
7,209141,82.74999999999997
7,209157,82.74999999999997
7,209159,82.74999999999997
7,209173,82.74999999999997
7,209201,82.74999999999997
7,209215,82.74999999999997
7,209241,82.74999999999997
7,209255,82.74999999999997
7,209281,82.74999999999997
7,209309,82.74999999999997
7,209323,82.74999999999997
7,209339,82.74999999999997
7,209355,82.74999999999997
7,209383,82.74999999999997
7,209401,82.74999999999997
7,209429,82.74999999999997
7,209443,82.74999999999997
7,209459,82.74999999999997
7,209473,82.74999999999997
7,209489,82.74999999999997
7,209517,82.74999999999997
7,209543,82.74999999999997
7,209569,82.74999999999997
7,209589,82.74999999999997
7,209605,82.74999999999997
7,209621,88.68999999999998
7,209635,88.68999999999998
7,209661,88.68999999999998
7,209677,88.68999999999998
7,209703,88.68999999999998
7,209729,88.68999999999998
7,209743,88.68999999999998
7,209757,88.68999999999998
7,209777,93.96
7,209795,93.96
7,209823,93.96
7,209853,93.96
7,209871,93.96
7,209889,93.96
7,209907,93.96
7,209935,93.96
7,209949,93.96
7,209979,93.96
7,210007,93.96
7,210021,93.96
7,210023,93.96
7,210025,93.96
7,210041,93.96
7,210057,93.96
7,210059,93.96
7,210073,93.96
7,210099,93.96
7,210129,93.96
7,210159,93.96
7,210189,93.96
7,210205,93.96
7,210233,93.96
7,210247,93.96
7,210275,93.96
7,210277,93.96
7,210293,93.96
7,210307,93.96
7,210335,93.96
7,210349,93.96
7,210377,93.96
7,210403,93.96
7,210417,93.96
7,210443,103.69000000000003
7,210457,103.69000000000003
7,210485,103.69000000000003
7,210499,103.69000000000003
7,210513,103.69000000000003
7,210527,103.69000000000003
7,210557,103.69000000000003
7,210573,103.69000000000003
7,210587,103.69000000000003
7,210603,103.69000000000003
7,210619,103.69000000000003
7,210633,103.69000000000003
7,210661,103.69000000000003
7,210689,103.69000000000003
7,210703,103.69000000000003
7,210717,103.69000000000003
7,210749,103.69000000000003
7,210775,103.69000000000003
7,210803,103.69000000000003
7,210819,103.69000000000003
7,210833,103.69000000000003
7,210859,103.69000000000003
7,210875,103.69000000000003
7,210891,103.69000000000003
7,210905,103.69000000000003
7,210919,103.69000000000003
7,210949,103.69000000000003
7,210963,103.69000000000003
7,210977,103.69000000000003
7,210991,103.69000000000003
7,211025,103.69000000000003
7,211039,103.69000000000003
7,211053,103.69000000000003
7,211081,103.69000000000003
7,211083,103.69000000000003
7,211111,103.69000000000003
7,211125,103.69000000000003
7,211151,103.69000000000003
7,211165,103.69000000000003
7,211183,103.69000000000003
7,211199,103.69000000000003
7,211215,103.69000000000003
7,211229,103.69000000000003
7,211245,103.69000000000003
7,211271,103.69000000000003
7,211273,103.69000000000003
7,211299,103.69000000000003
7,211313,103.69000000000003
7,211345,103.69000000000003
7,211375,103.69000000000003
7,211377,103.69000000000003
7,211405,103.69000000000003
7,211419,103.69000000000003
7,211433,103.69000000000003
7,211449,103.69000000000003
7,211463,103.69000000000003
7,211481,103.69000000000003
7,211497,103.69000000000003
7,211511,111.86000000000003
7,211525,111.86000000000003
7,211539,111.86000000000003
7,211557,111.86000000000003
7,211583,111.86000000000003
7,211601,111.86000000000003
7,211617,111.86000000000003
7,211647,111.86000000000003
7,211661,111.86000000000003
7,211675,111.86000000000003
7,211693,111.86000000000003
8,201454,31.360000000000003
8,201468,34.47999999999998
8,201498,34.47999999999998
8,201500,34.47999999999998
8,201530,39.1
8,201548,39.1
8,201564,39.1
8,201578,39.1
8,205661,39.1
8,205687,39.1
8,205713,39.68000000000001
8,205745,39.68000000000001
8,205759,39.68000000000001
8,205785,53.07000000000001
8,205811,53.07000000000001
8,205837,53.07000000000001
8,205851,53.07000000000001
8,205881,53.07000000000001
8,205895,68.29999999999998
8,205925,68.29999999999998
8,205939,68.29999999999998
8,205955,68.29999999999998
8,205981,68.29999999999998
8,206007,68.29999999999998
8,206023,68.29999999999998
8,206025,68.29999999999998
8,206027,68.29999999999998
8,206059,68.29999999999998
8,206061,68.29999999999998
8,206089,68.29999999999998
8,206103,68.29999999999998
8,206141,68.29999999999998
8,206161,68.29999999999998
8,206163,68.29999999999998
8,206189,68.29999999999998
8,206207,68.29999999999998
8,206223,68.29999999999998
8,206251,68.29999999999998
8,206265,68.29999999999998
8,206279,68.29999999999998
8,206293,68.29999999999998
8,206323,68.29999999999998
8,206349,68.29999999999998
8,206365,68.29999999999998
8,206379,68.29999999999998
8,206395,68.29999999999998
8,206413,68.29999999999998
8,206415,68.29999999999998
8,206431,68.29999999999998
8,206461,68.29999999999998
8,206493,68.29999999999998
8,206507,68.29999999999998
8,206521,68.29999999999998
8,206535,68.29999999999998
8,206561,68.29999999999998
8,206589,68.29999999999998
8,206603,68.29999999999998
8,206629,68.29999999999998
8,206645,68.29999999999998
8,206647,68.29999999999998
8,206649,68.29999999999998
8,206677,68.29999999999998
8,206691,82.52999999999996
8,206717,82.52999999999996
8,206747,82.52999999999996
8,206749,82.52999999999996
8,206763,82.52999999999996
8,206765,82.52999999999996
8,206781,82.52999999999996
8,206797,82.52999999999996
8,206815,82.52999999999996
8,206829,82.52999999999996
8,206843,82.52999999999996
8,206859,82.52999999999996
8,206873,82.52999999999996
8,206891,82.52999999999996
8,206917,82.52999999999996
8,206947,82.52999999999996
8,206961,82.52999999999996
8,206975,82.52999999999996
8,206989,82.52999999999996
8,207017,82.52999999999996
8,207043,82.52999999999996
8,207057,82.52999999999996
8,207075,82.52999999999996
8,207101,82.52999999999996
8,207115,82.52999999999996
8,207117,82.52999999999996
8,207133,82.52999999999996
8,207135,82.52999999999996
8,207161,82.52999999999996
8,207163,82.52999999999996
8,207165,82.52999999999996
8,207191,82.52999999999996
8,207205,82.52999999999996
8,207219,82.52999999999996
8,207233,82.52999999999996
8,207259,82.52999999999996
8,207273,82.52999999999996
8,207287,82.52999999999996
8,207313,82.52999999999996
8,207315,82.52999999999996
8,207345,82.52999999999996
8,207365,82.52999999999996
8,207391,82.52999999999996
8,207419,82.52999999999996
8,207453,82.52999999999996
8,207467,82.52999999999996
8,207493,82.52999999999996
8,207519,82.52999999999996
8,207547,82.52999999999996
8,207561,82.52999999999996
8,207563,82.52999999999996
8,207577,82.52999999999996
8,207603,82.52999999999996
8,207631,82.52999999999996
8,207647,82.52999999999996
8,207661,82.52999999999996
8,207687,82.52999999999996
8,207713,82.52999999999996
8,207745,82.52999999999996
8,207761,82.52999999999996
8,207789,82.52999999999996
8,207817,82.52999999999996
8,207831,82.52999999999996
8,207845,82.52999999999996
8,207847,82.52999999999996
8,207849,82.52999999999996
8,207851,82.52999999999996
8,207853,82.52999999999996
8,207869,82.52999999999996
8,207897,82.52999999999996
8,207923,82.52999999999996
8,207953,82.52999999999996
8,207983,82.52999999999996
8,207999,82.52999999999996
8,208013,82.52999999999996
8,208015,82.52999999999996
8,208033,82.52999999999996
8,208065,82.52999999999996
8,208095,82.52999999999996
8,208109,82.52999999999996
8,208111,82.52999999999996
8,208127,82.52999999999996
8,208141,82.52999999999996
8,208155,82.52999999999996
8,208169,82.52999999999996
8,208171,82.52999999999996
8,208205,82.52999999999996
8,208219,82.52999999999996
8,208249,82.52999999999996
8,208263,82.52999999999996
8,208295,82.52999999999996
8,208325,82.52999999999996
8,208339,82.52999999999996
8,208367,82.52999999999996
8,208381,82.52999999999996
8,208395,82.52999999999996
8,208409,82.52999999999996
8,208437,82.52999999999996
8,208465,82.52999999999996
8,208479,82.52999999999996
8,208493,82.52999999999996
8,208509,82.52999999999996
8,208525,82.52999999999996
8,208551,82.52999999999996
8,208581,82.52999999999996
8,208607,82.52999999999996
8,208621,82.52999999999996
8,208653,82.52999999999996
8,208669,82.52999999999996
8,208703,82.52999999999996
8,208705,82.52999999999996
8,208733,82.52999999999996
8,208749,82.52999999999996
8,208767,82.52999999999996
8,208781,82.52999999999996
8,208795,82.52999999999996
8,208809,82.52999999999996
8,208837,82.52999999999996
8,208851,82.52999999999996
8,208869,82.52999999999996
8,208895,82.52999999999996
8,208921,82.52999999999996
8,208935,82.52999999999996
8,208949,82.52999999999996
8,208963,82.52999999999996
8,208979,82.52999999999996
8,208995,82.52999999999996
8,209013,82.52999999999996
8,209041,82.52999999999996
8,209055,82.52999999999996
8,209085,82.52999999999996
8,209099,82.52999999999996
8,209133,82.52999999999996
8,209169,82.52999999999996
8,209199,82.52999999999996
8,209215,82.52999999999996
8,209243,82.52999999999996
8,209271,88.62
8,209297,88.62
8,209313,88.62
8,209339,88.62
8,209365,88.62
8,209381,88.62
8,209407,88.62
8,209437,88.62
8,209453,88.62
8,209467,88.62
8,209497,88.62
8,209529,88.62
8,209543,88.62
8,209545,88.62
8,209559,88.62
8,209585,88.62
8,209615,88.62
8,209641,88.62
8,209643,88.62
8,209645,88.62
8,209647,88.62
8,209675,88.62
8,209677,88.62
8,209679,88.62
8,209697,88.62
8,209711,88.62
8,209743,88.62
8,209745,88.62
8,209773,88.62
8,209799,88.62
8,209813,88.62
8,209827,88.62
8,209841,88.62
8,209869,88.62
8,209903,88.62
8,209931,88.62
8,209945,91.29
8,209947,91.29
8,209963,103.71
8,209977,103.71
8,209999,103.71
8,210017,103.71
8,210047,103.71
8,210049,103.71
8,210065,103.71
8,210083,103.71
8,210111,103.71
8,210139,103.71
8,210165,103.71
8,210195,103.71
8,210211,103.71
8,210227,103.71
8,210241,103.71
8,210269,103.71
8,210285,103.71
8,210287,103.71
8,210301,103.71
8,210303,103.71
8,210317,103.71
8,210319,103.71
8,210335,103.71
8,210337,103.71
8,210355,103.71
8,210383,103.71
8,210409,103.71
8,210423,103.71
8,210439,103.71
8,210467,103.71
8,210483,103.71
8,210503,103.71
8,210521,103.71
8,210547,103.71
8,210549,103.71
8,210581,103.71
8,210595,103.71
8,210627,103.71
8,210641,103.71
8,210655,103.71
8,210675,103.71
8,210689,103.71
8,210719,103.71
8,210747,103.71
8,210763,103.71
8,210781,103.71
8,210813,103.71
8,210839,103.71
8,210855,103.71
8,210881,103.71
8,210909,103.71
8,210937,103.71
8,210963,103.71
8,210989,103.71
8,211023,103.71
8,211049,103.71
8,211051,103.71
8,211079,103.71
8,211107,103.71
8,211133,103.71
8,211149,103.71
8,211165,103.71
8,211197,103.71
8,211213,103.71
8,211239,103.71
8,211267,103.71
8,211285,103.71
8,211315,103.71
8,211347,103.71
8,211373,103.71
8,211399,103.71
8,211401,103.71
8,211427,103.71
9,202274,30.270000000000007
9,202296,30.270000000000007
9,202312,30.270000000000007
9,202314,30.270000000000007
9,202328,30.270000000000007
9,202330,30.270000000000007
9,202344,34.42000000000001
9,206357,34.42000000000001
9,206371,34.769999999999975
9,206385,43.74
9,206415,43.74
9,206429,43.74
9,206457,43.74
9,206473,43.74
9,206499,43.74
9,206513,43.74
9,206515,43.74
9,206531,43.74
9,206547,43.74
9,206561,45.33999999999998
9,206563,45.33999999999998
9,206579,45.33999999999998
9,206593,45.33999999999998
9,206619,45.33999999999998
9,206635,45.33999999999998
9,206649,45.33999999999998
9,206675,45.33999999999998
9,206689,48.63999999999999
9,206703,48.63999999999999
9,206717,48.63999999999999
9,206749,48.63999999999999
9,206763,48.63999999999999
9,206777,48.63999999999999
9,206811,48.63999999999999
9,206813,48.63999999999999
9,206839,48.63999999999999
9,206853,48.63999999999999
9,206867,48.63999999999999
9,206893,48.63999999999999
9,206907,48.63999999999999
9,206937,48.63999999999999
9,206963,48.63999999999999
9,206993,48.63999999999999
9,206995,48.63999999999999
9,207009,48.63999999999999
9,207035,48.63999999999999
9,207049,51.44
9,207063,52.26999999999999
9,207077,52.26999999999999
9,207109,52.26999999999999
9,207139,52.26999999999999
9,207157,52.26999999999999
9,207175,52.26999999999999
9,207201,52.26999999999999
9,207203,52.26999999999999
9,207223,52.26999999999999
9,207237,67.96000000000002
9,207263,67.96000000000002
9,207277,67.96000000000002
9,207293,67.96000000000002
9,207295,67.96000000000002
9,207323,67.96000000000002
9,207357,67.96000000000002
9,207371,67.96000000000002
9,207385,67.96000000000002
9,207399,67.96000000000002
9,207413,67.96000000000002
9,207427,67.96000000000002
9,207441,67.96000000000002
9,207443,68.84999999999998
9,207473,68.84999999999998
9,207475,68.84999999999998
9,207501,68.84999999999998
9,207531,68.84999999999998
9,207557,68.84999999999998
9,207559,68.84999999999998
9,207585,68.84999999999998
9,207599,68.84999999999998
9,207625,68.84999999999998
9,207651,68.84999999999998
9,207667,68.84999999999998
9,207693,68.84999999999998
9,207707,68.84999999999998
9,207735,72.40000000000002
9,207763,72.40000000000002
9,207789,72.40000000000002
9,207807,72.40000000000002
9,207809,72.40000000000002
9,207823,74.74999999999999
9,207825,74.74999999999999
9,207843,74.74999999999999
9,207869,74.74999999999999
9,207901,74.74999999999999
9,207931,74.74999999999999
9,207945,74.74999999999999
9,207975,74.74999999999999
9,208003,74.74999999999999
9,208005,74.74999999999999
9,208019,74.74999999999999
9,208037,74.74999999999999
9,208065,74.74999999999999
9,208091,74.74999999999999
9,208119,74.74999999999999
9,208153,74.74999999999999
9,208179,74.74999999999999
9,208193,74.74999999999999
9,208207,74.74999999999999
9,208223,74.74999999999999
9,208249,74.74999999999999
9,208251,74.74999999999999
9,208267,74.74999999999999
9,208297,74.74999999999999
9,208299,74.74999999999999
9,208325,74.74999999999999
9,208343,74.74999999999999
9,208359,74.74999999999999
9,208375,74.74999999999999
9,208407,74.74999999999999
9,208423,74.74999999999999
9,208437,74.74999999999999
9,208451,74.74999999999999
9,208465,74.74999999999999
9,208479,74.74999999999999
9,208507,74.74999999999999
9,208537,74.74999999999999
9,208563,74.74999999999999
9,208577,74.74999999999999
9,208593,74.74999999999999
9,208595,74.74999999999999
9,208621,74.74999999999999
9,208635,74.74999999999999
9,208663,74.74999999999999
9,208681,74.74999999999999
9,208695,74.74999999999999
9,208725,74.74999999999999
9,208755,74.74999999999999
9,208757,74.74999999999999
9,208783,74.74999999999999
9,208809,74.74999999999999
9,208825,74.74999999999999
9,208827,74.74999999999999
9,208855,74.74999999999999
9,208881,74.74999999999999
9,208895,74.74999999999999
9,208897,74.74999999999999
9,208911,74.74999999999999
9,208941,74.74999999999999
9,208957,74.74999999999999
9,208959,74.74999999999999
9,208961,74.74999999999999
9,208975,74.74999999999999
9,208991,74.74999999999999
9,209005,74.74999999999999
9,209019,74.74999999999999
9,209049,74.74999999999999
9,209063,74.74999999999999
9,209065,74.74999999999999
9,209081,74.74999999999999
9,209107,74.74999999999999
9,209133,74.74999999999999
9,209147,74.74999999999999
9,209149,74.74999999999999
9,209165,74.74999999999999
9,209195,74.74999999999999
9,209209,74.74999999999999
9,209227,74.74999999999999
9,209243,86.01
9,209245,86.01
9,209259,86.01
9,209287,86.01
9,209289,86.01
9,209303,86.01
9,209305,86.01
9,209321,86.01
9,209351,86.01
9,209367,86.01
9,209381,86.01
9,209397,86.01
9,209413,86.01
9,209429,86.01
9,209443,86.01
9,209457,86.01
9,209489,86.01
9,209517,86.01
9,209531,86.01
9,209557,86.01
9,209571,86.01
9,209601,86.01
9,209627,86.01
9,209657,86.01
9,209685,86.01
9,209717,86.01
9,209751,86.01
9,209765,86.01
9,209767,86.01
9,209793,86.01
9,209821,86.01
9,209823,86.01
9,209839,86.01
9,209865,86.01
9,209899,86.01
9,209927,86.01
9,209941,86.01
9,209955,86.01
9,209969,86.01
9,209995,86.01
9,210023,86.01
9,210049,86.01
9,210065,86.01
9,210095,86.01
9,210113,86.01
9,210131,86.01
9,210159,86.01
9,210173,86.01
9,210187,86.01
9,210203,86.01
9,210231,86.01
9,210245,86.01
9,210263,86.01
9,210291,193.13000000000008
9,210321,193.13000000000008
9,210353,193.13000000000008
9,210355,193.13000000000008
9,210369,193.13000000000008
9,210385,193.13000000000008
9,210401,193.13000000000008
9,210417,193.13000000000008
9,210419,193.13000000000008
9,210433,193.13000000000008
9,210461,195.99
9,210489,195.99
9,210515,195.99
9,210533,195.99
9,210547,195.99
9,210563,195.99
9,210589,195.99
9,210603,195.99
9,210631,195.99
9,210645,195.99
9,210673,195.99
9,210675,204.07
9,210677,204.07
9,210707,204.07
9,210737,204.07
9,210767,204.07
9,210793,204.07
9,210811,204.07
9,210837,204.07
9,210853,204.07
9,210881,204.07
9,210883,204.07
9,210899,204.07
9,210913,204.07
9,210939,204.07
9,210953,204.07
9,210967,204.07
9,210981,204.07
9,210995,204.07
9,211011,204.07
9,211027,204.07
9,211041,204.07
9,211055,204.07
9,211069,204.07
9,211095,204.07
9,211111,204.07
9,211125,204.07
9,211155,204.07
9,211189,204.07
9,211203,204.07
9,211217,204.07
9,211219,204.07
9,211249,204.07
9,211277,204.07
9,211305,204.07
9,211319,204.07
9,211333,204.07
9,211359,204.07
9,211385,204.07
9,211401,204.07
9,211415,204.07
9,211429,204.07
9,211431,204.07
9,211465,204.07
9,211493,204.07
9,211519,204.07
9,211535,204.07
9,211537,204.07
9,211539,204.07
9,211567,204.07
9,211595,204.07
9,211609,204.07
9,211629,204.07
9,211643,204.07
9,211675,204.07
9,211677,204.07
9,211705,204.07
9,211733,204.07
9,211759,204.07
9,211791,204.07
9,211819,204.07
9,211835,204.07
9,211851,204.07
9,211877,204.07
9,211891,204.07
9,211917,204.07
9,211919,204.07
9,211945,204.07
9,211959,204.07
9,211975,204.07
9,211977,204.07
9,211991,204.07
9,212005,204.07
9,212033,204.07
9,212047,204.07
9,212067,204.07
9,212083,204.07
9,212113,204.07
9,212129,204.07
9,212145,204.07
9,212161,204.07
9,212181,204.07
9,212195,204.07
9,212209,204.07
9,212237,204.07
9,212251,204.07
9,212283,204.07
10,201566,27.98999999999999
10,201580,32.53000000000001
10,205725,32.53000000000001
10,205743,32.53000000000001
10,205757,32.53000000000001
10,205759,32.53000000000001
10,205793,32.53000000000001
10,205815,36.07
10,205833,36.07
10,205865,36.07
10,205867,36.07
10,205897,40.48000000000001
10,205899,40.48000000000001
10,205917,40.48000000000001
10,205937,40.48000000000001
10,205953,44.17
10,205983,44.17
10,206011,52.07
10,206029,52.07
10,206055,57.439999999999955
10,206071,57.439999999999955
10,206085,57.439999999999955
10,206111,57.439999999999955
10,206113,57.439999999999955
10,206131,57.439999999999955
10,206147,57.439999999999955
10,206161,57.439999999999955
10,206163,57.439999999999955
10,206177,57.439999999999955
10,206193,57.439999999999955
10,206219,57.439999999999955
10,206233,57.439999999999955
10,206261,57.439999999999955
10,206293,57.439999999999955
10,206309,57.439999999999955
10,206341,57.439999999999955
10,206357,57.439999999999955
10,206389,57.439999999999955
10,206403,57.439999999999955
10,206417,57.439999999999955
10,206447,57.439999999999955
10,206461,57.439999999999955
10,206489,57.439999999999955
10,206507,57.439999999999955
10,206525,57.439999999999955
10,206553,57.439999999999955
10,206567,57.439999999999955
10,206587,57.439999999999955
10,206615,57.439999999999955
10,206631,57.439999999999955
10,206645,57.439999999999955
10,206675,57.439999999999955
10,206705,57.439999999999955
10,206733,57.439999999999955
10,206751,57.439999999999955
10,206765,57.439999999999955
10,206781,57.439999999999955
10,206783,57.439999999999955
10,206809,57.439999999999955
10,206825,57.439999999999955
10,206841,57.439999999999955
10,206855,57.439999999999955
10,206869,57.439999999999955
10,206871,57.439999999999955
10,206899,57.439999999999955
10,206925,57.439999999999955
10,206927,57.439999999999955
10,206945,57.439999999999955
10,206959,57.439999999999955
10,206989,57.439999999999955
10,207003,57.439999999999955
10,207005,57.439999999999955
10,207023,57.439999999999955
10,207049,57.439999999999955
10,207051,57.439999999999955
10,207069,57.439999999999955
10,207083,59.18999999999999
10,207115,59.18999999999999
10,207131,59.18999999999999
10,207149,59.18999999999999
10,207163,59.18999999999999
10,207179,59.18999999999999
10,207207,59.18999999999999
10,207235,59.18999999999999
10,207251,59.18999999999999
10,207277,59.18999999999999
10,207305,59.18999999999999
10,207331,59.18999999999999
10,207365,59.18999999999999
10,207379,59.18999999999999
10,207407,59.18999999999999
10,207421,59.18999999999999
10,207435,59.18999999999999
10,207463,59.18999999999999
10,207477,64.64999999999999
10,207493,64.64999999999999
10,207519,64.64999999999999
10,207533,64.64999999999999
10,207547,64.64999999999999
10,207575,64.64999999999999
10,207601,64.64999999999999
10,207615,64.64999999999999
10,207641,64.64999999999999
10,207667,64.64999999999999
10,207669,64.64999999999999
10,207671,64.64999999999999
10,207699,64.64999999999999
10,207727,64.64999999999999
10,207743,64.64999999999999
10,207769,64.64999999999999
10,207785,64.64999999999999
10,207787,64.64999999999999
10,207789,64.64999999999999
10,207819,64.64999999999999
10,207833,64.64999999999999
10,207859,64.64999999999999
10,207885,64.64999999999999
10,207903,64.64999999999999
10,207917,64.64999999999999
10,207943,64.64999999999999
10,207945,64.64999999999999
10,207975,64.64999999999999
10,207991,64.64999999999999
10,208005,64.64999999999999
10,208019,64.64999999999999
10,208033,64.64999999999999
10,208035,64.64999999999999
10,208049,64.64999999999999
10,208063,64.64999999999999
10,208077,64.64999999999999
10,208093,64.64999999999999
10,208119,64.64999999999999
10,208137,64.64999999999999
10,208139,64.64999999999999
10,208153,64.64999999999999
10,208155,64.64999999999999
10,208157,64.64999999999999
10,208189,64.64999999999999
10,208191,64.64999999999999
10,208219,64.64999999999999
10,208247,64.64999999999999
10,208277,64.64999999999999
10,208291,64.64999999999999
10,208305,64.64999999999999
10,208319,64.64999999999999
10,208347,64.64999999999999
10,208363,64.64999999999999
10,208379,64.64999999999999
10,208395,64.64999999999999
10,208409,64.64999999999999
10,208411,64.64999999999999
10,208439,64.64999999999999
10,208467,64.64999999999999
10,208501,64.64999999999999
10,208519,64.64999999999999
10,208545,64.64999999999999
10,208547,64.64999999999999
10,208561,64.64999999999999
10,208587,69.41000000000004
10,208603,69.41000000000004
10,208617,69.41000000000004
10,208635,69.41000000000004
10,208649,69.41000000000004
10,208665,69.41000000000004
10,208697,69.41000000000004
10,208723,69.41000000000004
10,208725,69.41000000000004
10,208727,69.41000000000004
10,208741,69.41000000000004
10,208755,69.41000000000004
10,208771,69.41000000000004
10,208787,69.41000000000004
10,208803,69.41000000000004
10,208817,69.41000000000004
10,208845,69.99999999999999
10,208861,69.99999999999999
10,208875,69.99999999999999
10,208903,69.99999999999999
10,208917,69.99999999999999
10,208931,69.99999999999999
10,208947,69.99999999999999
10,208975,69.99999999999999
10,209001,69.99999999999999
10,209027,77.70000000000002
10,209053,77.70000000000002
10,209069,77.70000000000002
10,209087,77.70000000000002
10,209113,77.70000000000002
10,209145,77.70000000000002
10,209171,77.70000000000002
10,209187,77.70000000000002
10,209201,77.70000000000002
10,209227,77.70000000000002
10,209245,77.70000000000002
10,209263,77.70000000000002
10,209277,77.70000000000002
10,209291,77.70000000000002
10,209319,77.70000000000002
10,209321,77.70000000000002
10,209337,77.70000000000002
10,209351,77.70000000000002
10,209377,77.70000000000002
10,209393,77.70000000000002
10,209419,77.70000000000002
10,209433,77.70000000000002
10,209447,77.70000000000002
10,209449,77.70000000000002
10,209477,77.70000000000002
10,209491,77.70000000000002
10,209505,77.70000000000002
10,209519,77.70000000000002
10,209521,77.70000000000002
10,209535,77.70000000000002
10,209549,77.70000000000002
10,209551,77.70000000000002
10,209567,77.70000000000002
10,209569,77.70000000000002
10,209585,77.70000000000002
10,209611,77.70000000000002
10,209641,77.70000000000002
10,209673,77.70000000000002
10,209687,77.80999999999996
10,209701,77.80999999999996
10,209729,77.80999999999996
10,209731,77.80999999999996
10,209733,77.80999999999996
10,209759,77.80999999999996
10,209761,77.80999999999996
10,209775,77.80999999999996
10,209791,77.80999999999996
10,209819,77.80999999999996
10,209845,77.80999999999996
10,209873,77.80999999999996
10,209901,83.10000000000001
10,209919,83.10000000000001
10,209933,83.10000000000001
10,209959,83.10000000000001
10,209975,83.10000000000001
10,210005,83.10000000000001
10,210021,83.10000000000001
10,210023,83.10000000000001
10,210037,83.10000000000001
10,210039,83.10000000000001
10,210053,83.10000000000001
10,210069,83.10000000000001
10,210087,83.10000000000001
10,210101,83.10000000000001
10,210129,83.10000000000001
10,210131,83.10000000000001
10,210159,83.10000000000001
10,210173,83.10000000000001
10,210203,83.10000000000001
10,210219,83.10000000000001
10,210237,83.10000000000001
10,210251,83.10000000000001
10,210267,83.10000000000001
10,210297,83.10000000000001
10,210311,83.10000000000001
10,210325,91.52000000000002
10,210353,91.52000000000002
10,210355,91.52000000000002
10,210385,91.52000000000002
10,210399,91.52000000000002
10,210425,91.52000000000002
10,210427,91.52000000000002
10,210441,91.52000000000002
10,210473,91.52000000000002
10,210513,91.52000000000002
10,210515,91.52000000000002
10,210533,91.52000000000002
10,210565,91.52000000000002
10,210567,91.52000000000002
10,210593,91.52000000000002
10,210621,91.52000000000002
10,210637,91.52000000000002
10,210651,91.52000000000002
10,210665,91.52000000000002
10,210693,91.52000000000002
10,210707,91.52000000000002
10,210709,91.52000000000002
10,210723,91.52000000000002
10,210739,91.52000000000002
10,210767,91.52000000000002
10,210783,91.52000000000002
10,210785,91.52000000000002
10,210803,91.52000000000002
10,210817,91.52000000000002
10,210835,91.52000000000002
10,210867,91.52000000000002
10,210869,91.52000000000002
10,210883,91.52000000000002
10,210913,91.52000000000002
10,210929,91.52000000000002
10,210955,91.52000000000002
10,210985,91.52000000000002
10,211011,91.52000000000002
10,211039,91.52000000000002
10,211053,91.52000000000002
10,211081,91.52000000000002
10,211095,91.52000000000002
10,211097,91.52000000000002
10,211123,91.52000000000002
10,211125,91.52000000000002
10,211127,91.52000000000002
10,211141,91.52000000000002
10,211169,91.52000000000002
10,211185,91.52000000000002
10,211219,91.52000000000002
10,211247,91.52000000000002
10,211261,91.52000000000002
10,211287,91.52000000000002
10,211315,91.52000000000002
10,211345,96.54000000000002
10,211361,96.54000000000002
10,211375,96.54000000000002
10,211403,96.54000000000002
10,211429,96.54000000000002
10,211461,96.54000000000002
10,211475,96.54000000000002
10,211489,96.54000000000002
10,211503,96.54000000000002
10,211537,96.54000000000002
11,202248,40.54000000000001
11,206371,40.54000000000001
11,206387,40.54000000000001
11,206415,40.54000000000001
11,206441,40.54000000000001
11,206455,40.54000000000001
11,206487,40.54000000000001
11,206513,43.750000000000014
11,206543,43.750000000000014
11,206561,43.750000000000014
11,206587,43.750000000000014
11,206617,43.750000000000014
11,206635,43.750000000000014
11,206651,43.750000000000014
11,206677,43.750000000000014
11,206703,43.750000000000014
11,206717,43.750000000000014
11,206731,43.750000000000014
11,206733,43.750000000000014
11,206749,43.750000000000014
11,206751,43.750000000000014
11,206767,43.750000000000014
11,206769,43.750000000000014
11,206799,43.750000000000014
11,206801,43.750000000000014
11,206829,43.750000000000014
11,206855,43.750000000000014
11,206857,43.750000000000014
11,206871,43.750000000000014
11,206885,43.750000000000014
11,206899,43.750000000000014
11,206913,43.750000000000014
11,206941,43.750000000000014
11,206969,43.750000000000014
11,206971,43.750000000000014
11,206987,43.750000000000014
11,207015,43.750000000000014
11,207029,43.750000000000014
11,207059,49.57000000000001
11,207073,49.57000000000001
11,207075,49.57000000000001
11,207105,49.57000000000001
11,207119,49.57000000000001
11,207147,49.57000000000001
11,207163,49.57000000000001
11,207177,49.57000000000001
11,207191,49.57000000000001
11,207217,49.57000000000001
11,207219,49.57000000000001
11,207249,49.57000000000001
11,207267,49.57000000000001
11,207269,49.57000000000001
11,207299,60.839999999999996
11,207315,60.839999999999996
11,207345,60.839999999999996
11,207373,60.839999999999996
11,207387,60.839999999999996
11,207413,62.429999999999986
11,207427,62.429999999999986
11,207457,62.429999999999986
11,207473,62.429999999999986
11,207487,62.429999999999986
11,207521,62.429999999999986
11,207523,62.429999999999986
11,207539,62.429999999999986
11,207567,62.429999999999986
11,207583,62.429999999999986
11,207597,62.429999999999986
11,207625,62.429999999999986
11,207639,62.429999999999986
11,207653,62.429999999999986
11,207685,62.429999999999986
11,207701,62.429999999999986
11,207717,62.429999999999986
11,207749,62.429999999999986
11,207751,62.429999999999986
11,207779,62.429999999999986
11,207781,62.429999999999986
11,207809,62.429999999999986
11,207837,62.429999999999986
11,207867,62.429999999999986
11,207881,62.429999999999986
11,207883,62.429999999999986
11,207903,62.429999999999986
11,207929,62.429999999999986
11,207943,62.429999999999986
11,207969,62.429999999999986
11,207997,62.429999999999986
11,208013,62.429999999999986
11,208029,62.429999999999986
11,208055,62.429999999999986
11,208081,62.429999999999986
11,208095,62.429999999999986
11,208097,62.429999999999986
11,208123,62.429999999999986
11,208137,62.429999999999986
11,208165,62.429999999999986
11,208181,62.429999999999986
11,208195,62.429999999999986
11,208197,62.429999999999986
11,208217,62.429999999999986
11,208231,62.429999999999986
11,208261,62.429999999999986
11,208275,62.429999999999986
11,208289,62.429999999999986
11,208319,62.429999999999986
11,208347,62.429999999999986
11,208373,62.429999999999986
11,208401,62.429999999999986
11,208429,70.62999999999998
11,208431,70.62999999999998
11,208457,70.62999999999998
11,208471,70.62999999999998
11,208497,70.62999999999998
11,208527,70.62999999999998
11,208555,70.62999999999998
11,208573,70.62999999999998
11,208587,70.62999999999998
11,208601,70.62999999999998
11,208615,70.62999999999998
11,208629,70.62999999999998
11,208657,70.62999999999998
11,208671,70.62999999999998
11,208685,70.62999999999998
11,208699,70.62999999999998
11,208729,70.62999999999998
11,208755,70.62999999999998
11,208781,70.62999999999998
11,208795,70.62999999999998
11,208813,70.62999999999998
11,208815,70.62999999999998
11,208829,70.62999999999998
11,208859,70.62999999999998
11,208875,70.62999999999998
11,208889,70.62999999999998
11,208915,70.62999999999998
11,208929,70.62999999999998
11,208931,70.62999999999998
11,208945,70.62999999999998
11,208959,70.62999999999998
11,208989,70.62999999999998
11,209003,71.55999999999999
11,209019,71.55999999999999
11,209045,73.62999999999998
11,209073,73.62999999999998
11,209075,73.62999999999998
11,209089,73.62999999999998
11,209091,73.62999999999998
11,209107,73.62999999999998
11,209109,73.62999999999998
11,209127,73.62999999999998
11,209129,73.62999999999998
11,209157,73.62999999999998
11,209171,73.62999999999998
11,209187,73.62999999999998
11,209201,73.62999999999998
11,209217,73.62999999999998
11,209219,73.62999999999998
11,209247,73.62999999999998
11,209275,73.62999999999998
11,209277,73.62999999999998
11,209291,73.62999999999998
11,209317,73.62999999999998
11,209345,73.62999999999998
11,209347,73.62999999999998
11,209373,77.15
11,209407,77.15
11,209409,77.15
11,209423,77.15
11,209437,77.15
11,209471,77.15
11,209497,77.15
11,209513,77.15
11,209539,77.15
11,209553,77.15
11,209569,77.15
11,209599,77.15
11,209613,77.15
11,209629,77.15
11,209631,77.15
11,209661,77.15
11,209675,77.15
11,209691,77.15
11,209711,77.15
11,209727,77.15
11,209741,77.15
11,209767,77.15
11,209783,77.15
11,209799,77.15
11,209813,77.15
11,209829,77.15
11,209843,77.15
11,209871,77.15
11,209873,77.15
11,209889,77.15
11,209917,77.15
11,209931,82.83000000000004
11,209957,84.52000000000002
11,209959,84.52000000000002
11,209987,84.52000000000002
11,210023,84.52000000000002
11,210025,84.52000000000002
11,210039,84.52000000000002
11,210055,84.52000000000002
11,210085,84.52000000000002
11,210113,84.52000000000002
11,210143,84.52000000000002
11,210169,84.52000000000002
11,210183,84.52000000000002
11,210185,84.52000000000002
11,210199,84.52000000000002
11,210225,84.52000000000002
11,210255,84.52000000000002
11,210257,84.52000000000002
11,210259,84.52000000000002
11,210293,84.52000000000002
11,210319,84.52000000000002
11,210345,84.52000000000002
11,210371,84.52000000000002
11,210399,84.52000000000002
11,210425,84.52000000000002
11,210441,84.52000000000002
11,210443,84.52000000000002
11,210469,84.52000000000002
11,210471,84.52000000000002
11,210499,84.52000000000002
11,210513,84.52000000000002
11,210541,84.52000000000002
11,210555,84.52000000000002
11,210569,84.52000000000002
11,210585,84.52000000000002
11,210599,97.38999999999994
11,210631,97.38999999999994
11,210647,97.38999999999994
11,210675,97.38999999999994
11,210689,97.38999999999994
11,210705,97.38999999999994
11,210731,97.38999999999994
11,210745,97.38999999999994
11,210761,97.38999999999994
11,210775,97.38999999999994
11,210807,97.38999999999994
11,210833,97.38999999999994
11,210861,97.38999999999994
11,210887,97.38999999999994
11,210913,97.38999999999994
11,210927,97.38999999999994
11,210945,97.38999999999994
11,210959,97.38999999999994
11,210975,97.38999999999994
11,210977,97.38999999999994
11,210991,97.38999999999994
11,211019,97.38999999999994
11,211021,97.38999999999994
11,211035,97.38999999999994
11,211051,97.38999999999994
11,211081,97.38999999999994
11,211095,97.38999999999994
11,211123,97.38999999999994
11,211153,97.38999999999994
11,211167,97.38999999999994
11,211181,97.38999999999994
11,211197,97.38999999999994
11,211233,97.38999999999994
11,211259,97.38999999999994
11,211273,97.38999999999994
11,211287,97.38999999999994
11,211313,97.38999999999994
11,211329,97.38999999999994
11,211343,97.38999999999994
11,211369,97.38999999999994
11,211383,97.38999999999994
11,211397,97.38999999999994
11,211423,97.38999999999994
11,211437,97.38999999999994
11,211451,97.38999999999994
11,211471,97.38999999999994
11,211497,97.38999999999994
11,211523,97.38999999999994
11,211537,97.38999999999994
11,211553,97.38999999999994
11,211581,97.38999999999994
11,211595,97.38999999999994
11,211597,97.38999999999994
11,211613,97.38999999999994
11,211641,97.38999999999994
11,211669,97.38999999999994
11,211699,97.38999999999994
11,211715,97.38999999999994
11,211729,97.38999999999994
11,211763,97.38999999999994
11,211779,97.38999999999994
11,211795,97.38999999999994
11,211797,97.38999999999994
11,211827,97.38999999999994
11,211859,97.38999999999994
11,211875,97.38999999999994
11,211901,97.38999999999994
11,211919,97.38999999999994
11,211921,97.38999999999994
11,211949,97.38999999999994
11,211975,97.38999999999994
11,212005,97.38999999999994
11,212019,97.38999999999994
11,212035,97.38999999999994
11,212049,97.38999999999994
11,212063,97.38999999999994
11,212079,97.38999999999994
11,212107,97.38999999999994
11,212133,97.38999999999994
11,212159,97.38999999999994
11,212185,97.38999999999994
11,212187,97.38999999999994
11,212203,97.38999999999994
11,212217,97.38999999999994
11,212219,97.38999999999994
11,212247,97.38999999999994
12,201408,29.39999999999999
12,201422,30.559999999999995
12,201454,30.559999999999995
12,201468,36.64000000000001
12,201498,36.64000000000001
12,201524,40.11000000000001
12,201552,40.11000000000001
12,201582,40.11000000000001
12,201598,40.11000000000001
12,201614,40.11000000000001
12,201628,42.589999999999975
12,201644,42.589999999999975
12,205709,42.589999999999975
12,205727,42.589999999999975
12,205741,42.589999999999975
12,205755,42.589999999999975
12,205783,42.589999999999975
12,205809,42.589999999999975
12,205839,42.589999999999975
12,205853,42.589999999999975
12,205867,42.76999999999996
12,205895,42.76999999999996
12,205925,42.76999999999996
12,205939,49.34
12,205965,49.34
12,205967,49.34
12,205993,49.34
12,206019,49.34
12,206049,49.34
12,206063,49.34
12,206091,49.34
12,206105,49.34
12,206121,49.34
12,206123,49.34
12,206151,49.34
12,206153,49.34
12,206169,49.34
12,206187,49.34
12,206213,62.040000000000006
12,206243,62.040000000000006
12,206245,62.040000000000006
12,206277,62.040000000000006
12,206295,62.040000000000006
12,206309,62.040000000000006
12,206335,62.040000000000006
12,206349,62.040000000000006
12,206363,62.040000000000006
12,206377,62.040000000000006
12,206407,62.040000000000006
12,206435,62.040000000000006
12,206449,62.040000000000006
12,206451,62.040000000000006
12,206481,62.040000000000006
12,206509,62.040000000000006
12,206523,62.040000000000006
12,206551,62.040000000000006
12,206579,62.040000000000006
12,206593,62.040000000000006
12,206609,62.040000000000006
12,206635,62.040000000000006
12,206661,62.040000000000006
12,206675,62.040000000000006
12,206691,62.040000000000006
12,206705,62.040000000000006
12,206721,62.040000000000006
12,206735,62.040000000000006
12,206763,62.040000000000006
12,206793,62.040000000000006
12,206813,62.040000000000006
12,206849,62.040000000000006
12,206875,62.040000000000006
12,206877,62.040000000000006
12,206903,62.040000000000006
12,206919,62.040000000000006
12,206921,62.040000000000006
12,206953,62.040000000000006
12,206967,63.29999999999998
12,206983,63.29999999999998
12,206997,63.29999999999998
12,206999,63.29999999999998
12,207027,63.29999999999998
12,207053,63.29999999999998
12,207067,63.29999999999998
12,207083,63.29999999999998
12,207115,63.29999999999998
12,207131,63.29999999999998
12,207147,63.29999999999998
12,207149,63.29999999999998
12,207165,63.29999999999998
12,207191,63.29999999999998
12,207205,63.29999999999998
12,207221,63.29999999999998
12,207235,63.29999999999998
12,207261,63.29999999999998
12,207291,63.29999999999998
12,207305,63.29999999999998
12,207319,63.29999999999998
12,207335,63.29999999999998
12,207365,63.29999999999998
12,207397,63.29999999999998
12,207411,78.13000000000001
12,207413,78.13000000000001
12,207433,78.13000000000001
12,207461,78.13000000000001
12,207487,78.13000000000001
12,207513,78.13000000000001
12,207527,78.13000000000001
12,207541,78.13000000000001
12,207557,78.13000000000001
12,207571,78.13000000000001
12,207585,78.13000000000001
12,207599,78.13000000000001
12,207613,78.13000000000001
12,207641,78.13000000000001
12,207655,78.13000000000001
12,207669,78.13000000000001
12,207699,78.13000000000001
12,207701,78.13000000000001
12,207703,78.13000000000001
12,207731,78.13000000000001
12,207757,78.13000000000001
12,207771,78.13000000000001
12,207773,78.13000000000001
12,207775,78.13000000000001
12,207793,78.13000000000001
12,207795,78.13000000000001
12,207797,78.13000000000001
12,207823,78.13000000000001
12,207825,78.13000000000001
12,207855,78.13000000000001
12,207857,78.13000000000001
12,207891,78.13000000000001
12,207907,78.13000000000001
12,207921,78.13000000000001
12,207935,78.13000000000001
12,207951,78.13000000000001
12,207953,78.13000000000001
12,207979,78.13000000000001
12,208005,78.13000000000001
12,208039,78.13000000000001
12,208065,78.13000000000001
12,208091,78.13000000000001
12,208117,78.13000000000001
12,208143,78.13000000000001
12,208157,78.13000000000001
12,208159,78.13000000000001
12,208175,78.13000000000001
12,208177,78.13000000000001
12,208203,78.13000000000001
12,208219,78.13000000000001
12,208235,78.13000000000001
12,208267,78.13000000000001
12,208281,78.13000000000001
12,208299,78.13000000000001
12,208313,78.13000000000001
12,208341,78.13000000000001
12,208367,78.13000000000001
12,208369,78.13000000000001
12,208389,78.13000000000001
12,208417,78.13000000000001
12,208419,78.13000000000001
12,208439,78.13000000000001
12,208455,78.13000000000001
12,208485,78.13000000000001
12,208499,78.13000000000001
12,208513,78.13000000000001
12,208531,78.13000000000001
12,208557,78.13000000000001
12,208585,78.13000000000001
12,208613,78.13000000000001
12,208639,78.13000000000001
12,208657,78.13000000000001
12,208673,78.13000000000001
12,208687,78.13000000000001
12,208701,78.13000000000001
12,208717,78.13000000000001
12,208719,78.13000000000001
12,208749,78.13000000000001
12,208775,78.13000000000001
12,208777,78.13000000000001
12,208807,78.13000000000001
12,208821,78.13000000000001
12,208841,78.13000000000001
12,208857,78.13000000000001
12,208873,78.13000000000001
12,208901,78.13000000000001
12,208929,78.13000000000001
12,208963,78.13000000000001
12,208977,78.13000000000001
12,209007,78.13000000000001
12,209009,78.13000000000001
12,209037,82.42999999999996
12,209051,82.42999999999996
12,209067,82.42999999999996
12,209093,82.42999999999996
12,209119,82.42999999999996
12,209121,82.42999999999996
12,209147,82.42999999999996
12,209177,82.42999999999996
12,209203,82.42999999999996
12,209217,82.42999999999996
12,209219,82.42999999999996
12,209247,82.42999999999996
12,209275,82.42999999999996
12,209293,82.42999999999996
12,209307,82.42999999999996
12,209335,82.42999999999996
12,209351,82.42999999999996
12,209367,82.42999999999996
12,209369,82.42999999999996
12,209371,86.67999999999999
12,209399,86.67999999999999
12,209427,86.67999999999999
12,209443,86.67999999999999
12,209457,86.67999999999999
12,209487,86.67999999999999
12,209501,86.67999999999999
12,209527,86.67999999999999
12,209543,86.67999999999999
12,209557,86.67999999999999
12,209571,86.67999999999999
12,209585,86.67999999999999
12,209611,86.67999999999999
12,209625,86.67999999999999
12,209639,86.67999999999999
12,209655,86.67999999999999
12,209671,86.67999999999999
12,209705,86.67999999999999
12,209721,86.67999999999999
12,209749,86.67999999999999
12,209763,86.67999999999999
12,209777,86.67999999999999
12,209791,86.67999999999999
12,209807,86.67999999999999
12,209825,86.67999999999999
12,209861,86.67999999999999
12,209895,86.67999999999999
12,209897,86.67999999999999
12,209915,86.67999999999999
12,209929,86.67999999999999
12,209943,86.67999999999999
12,209959,86.67999999999999
12,209961,86.67999999999999
12,209991,86.67999999999999
12,209993,86.67999999999999
12,210011,86.67999999999999
12,210013,86.67999999999999
12,210029,86.67999999999999
12,210047,86.67999999999999
12,210061,86.67999999999999
12,210093,86.67999999999999
12,210109,86.67999999999999
12,210135,86.67999999999999
12,210149,86.67999999999999
12,210179,86.67999999999999
12,210209,86.67999999999999
12,210223,86.67999999999999
12,210253,86.67999999999999
12,210255,86.67999999999999
12,210269,86.67999999999999
12,210299,86.67999999999999
12,210301,86.67999999999999
12,210327,86.67999999999999
12,210345,86.67999999999999
12,210373,86.67999999999999
12,210405,86.67999999999999
12,210407,86.67999999999999
12,210433,86.67999999999999
12,210449,86.67999999999999
12,210465,86.67999999999999
12,210497,96.97999999999998
12,210523,96.97999999999998
12,210541,96.97999999999998
12,210557,96.97999999999998
12,210559,96.97999999999998
12,210585,96.97999999999998
12,210587,96.97999999999998
12,210589,96.97999999999998
12,210617,98.27000000000004
12,210649,98.27000000000004
12,210663,98.27000000000004
12,210665,98.27000000000004
12,210681,98.27000000000004
12,210711,98.27000000000004
12,210725,98.27000000000004
12,210753,98.27000000000004
12,210767,98.27000000000004
12,210785,98.27000000000004
12,210801,98.27000000000004
12,210817,98.27000000000004
12,210837,98.27000000000004
12,210867,98.27000000000004
12,210893,98.27000000000004
12,210907,98.27000000000004
12,210933,98.27000000000004
12,210949,98.27000000000004
12,210963,98.27000000000004
12,210977,98.27000000000004
12,211005,98.27000000000004
12,211025,98.27000000000004
12,211027,98.27000000000004
12,211041,98.27000000000004
12,211055,98.27000000000004
12,211069,98.27000000000004
12,211083,98.27000000000004
12,211097,101.23999999999992
12,211123,101.23999999999992
12,211151,101.23999999999992
12,211165,101.23999999999992
12,211191,101.23999999999992
12,211193,101.23999999999992
12,211195,101.23999999999992
12,211209,101.23999999999992
12,211235,101.23999999999992
12,211249,101.23999999999992
12,211275,101.23999999999992
12,211289,101.23999999999992
12,211311,101.23999999999992
12,211337,101.23999999999992
12,211355,101.23999999999992
12,211369,101.23999999999992
12,211385,101.23999999999992
12,211411,101.23999999999992
13,202236,29.909999999999993
13,202250,36.770000000000024
13,202264,36.770000000000024
13,202278,37.71000000000001
13,202294,38.85999999999999
13,202310,38.85999999999999
13,202326,38.85999999999999
13,202342,38.85999999999999
13,202344,38.85999999999999
13,202370,38.85999999999999
13,202386,38.85999999999999
13,206471,38.85999999999999
13,206497,38.85999999999999
13,206523,38.85999999999999
13,206549,43.210000000000015
13,206581,43.210000000000015
13,206607,46.66000000000002
13,206621,46.66000000000002
13,206639,46.66000000000002
13,206653,46.66000000000002
13,206667,46.66000000000002
13,206683,46.66000000000002
13,206697,46.66000000000002
13,206715,46.66000000000002
13,206717,46.66000000000002
13,206731,46.66000000000002
13,206745,46.66000000000002
13,206771,46.66000000000002
13,206799,46.66000000000002
13,206817,46.66000000000002
13,206845,46.66000000000002
13,206859,46.66000000000002
13,206887,46.66000000000002
13,206901,46.66000000000002
13,206915,46.66000000000002
13,206917,46.66000000000002
13,206935,46.66000000000002
13,206967,46.66000000000002
13,206983,46.66000000000002
13,206999,46.66000000000002
13,207001,46.66000000000002
13,207027,46.66000000000002
13,207041,46.66000000000002
13,207043,46.66000000000002
13,207057,46.66000000000002
13,207071,46.66000000000002
13,207089,46.66000000000002
13,207103,46.66000000000002
13,207105,46.66000000000002
13,207123,46.66000000000002
13,207149,54.05000000000002
13,207181,55.150000000000006
13,207213,55.150000000000006
13,207241,55.150000000000006
13,207243,55.150000000000006
13,207269,55.150000000000006
13,207283,55.150000000000006
13,207301,55.150000000000006
13,207331,55.150000000000006
13,207357,55.150000000000006
13,207373,55.150000000000006
13,207387,55.150000000000006
13,207389,55.150000000000006
13,207417,60.69000000000001
13,207443,60.69000000000001
13,207471,60.69000000000001
13,207499,60.69000000000001
13,207515,60.69000000000001
13,207531,60.69000000000001
13,207561,60.69000000000001
13,207581,60.69000000000001
13,207583,60.69000000000001
13,207599,60.69000000000001
13,207613,60.69000000000001
13,207631,60.69000000000001
13,207661,60.69000000000001
13,207675,60.69000000000001
13,207701,60.69000000000001
13,207717,60.69000000000001
13,207719,60.69000000000001
13,207735,60.69000000000001
13,207761,60.69000000000001
13,207763,60.69000000000001
13,207777,60.69000000000001
13,207793,60.69000000000001
13,207819,60.69000000000001
13,207847,60.69000000000001
13,207873,60.69000000000001
13,207889,60.69000000000001
13,207915,60.69000000000001
13,207917,60.69000000000001
13,207931,60.69000000000001
13,207957,60.69000000000001
13,207971,60.69000000000001
13,207989,60.69000000000001
13,208003,60.69000000000001
13,208029,60.69000000000001
13,208031,60.69000000000001
13,208047,60.69000000000001
13,208065,60.69000000000001
13,208081,60.69000000000001
13,208095,60.69000000000001
13,208109,60.69000000000001
13,208137,60.69000000000001
13,208163,60.69000000000001
13,208179,60.69000000000001
13,208181,60.69000000000001
13,208207,60.69000000000001
13,208223,60.69000000000001
13,208225,60.69000000000001
13,208239,60.69000000000001
13,208255,60.69000000000001
13,208275,60.69000000000001
13,208277,63.960000000000015
13,208293,63.960000000000015
13,208295,63.960000000000015
13,208309,63.960000000000015
13,208311,63.960000000000015
13,208327,63.960000000000015
13,208347,63.960000000000015
13,208349,63.960000000000015
13,208363,63.960000000000015
13,208377,63.960000000000015
13,208379,63.960000000000015
13,208393,63.960000000000015
13,208407,63.960000000000015
13,208423,63.960000000000015
13,208449,63.960000000000015
13,208451,63.960000000000015
13,208465,63.960000000000015
13,208491,79.02999999999997
13,208493,79.02999999999997
13,208519,79.02999999999997
13,208551,79.02999999999997
13,208587,79.02999999999997
13,208613,79.02999999999997
13,208641,79.02999999999997
13,208655,79.02999999999997
13,208669,79.02999999999997
13,208671,79.02999999999997
13,208699,79.02999999999997
13,208727,79.02999999999997
13,208743,79.02999999999997
13,208757,79.02999999999997
13,208771,79.02999999999997
13,208789,79.02999999999997
13,208805,79.02999999999997
13,208819,79.02999999999997
13,208835,79.02999999999997
13,208863,79.02999999999997
13,208879,79.02999999999997
13,208909,79.02999999999997
13,208939,79.02999999999997
13,208971,79.02999999999997
13,208985,79.02999999999997
13,208999,79.02999999999997
13,209013,79.02999999999997
13,209043,79.02999999999997
13,209071,79.02999999999997
13,209085,79.02999999999997
13,209111,79.02999999999997
13,209125,79.02999999999997
13,209151,79.02999999999997
13,209169,79.02999999999997
13,209199,79.02999999999997
13,209229,79.02999999999997
13,209255,79.02999999999997
13,209269,79.02999999999997
13,209287,79.02999999999997
13,209289,79.02999999999997
13,209305,79.02999999999997
13,209319,79.02999999999997
13,209321,79.02999999999997
13,209353,79.02999999999997
13,209381,79.02999999999997
13,209411,79.02999999999997
13,209425,79.02999999999997
13,209451,79.02999999999997
13,209453,79.02999999999997
13,209479,79.02999999999997
13,209509,79.02999999999997
13,209535,79.02999999999997
13,209551,79.02999999999997
13,209565,79.02999999999997
13,209599,79.02999999999997
13,209613,79.02999999999997
13,209635,79.02999999999997
13,209665,79.02999999999997
13,209681,79.02999999999997
13,209711,79.02999999999997
13,209727,79.02999999999997
13,209743,79.02999999999997
13,209773,79.02999999999997
13,209801,79.02999999999997
13,209829,79.02999999999997
13,209857,79.02999999999997
13,209871,79.02999999999997
13,209873,79.02999999999997
13,209889,79.02999999999997
13,209891,79.02999999999997
13,209893,79.02999999999997
13,209911,79.02999999999997
13,209925,79.02999999999997
13,209941,79.02999999999997
13,209969,79.02999999999997
13,210001,79.02999999999997
13,210027,80.21999999999998
13,210041,80.21999999999998
13,210043,80.21999999999998
13,210057,80.21999999999998
13,210071,80.21999999999998
13,210085,80.21999999999998
13,210101,80.21999999999998
13,210129,80.21999999999998
13,210145,80.21999999999998
13,210163,80.21999999999998
13,210191,80.21999999999998
13,210193,80.21999999999998
13,210223,80.21999999999998
13,210237,80.21999999999998
13,210253,80.21999999999998
13,210281,80.21999999999998
13,210295,80.21999999999998
13,210311,80.21999999999998
13,210341,80.21999999999998
13,210355,80.21999999999998
13,210373,80.21999999999998
13,210389,80.21999999999998
13,210405,80.21999999999998
13,210419,80.21999999999998
13,210447,80.21999999999998
13,210461,80.21999999999998
13,210491,80.21999999999998
13,210493,80.21999999999998
13,210519,80.21999999999998
13,210547,80.21999999999998
13,210575,80.21999999999998
13,210601,80.21999999999998
13,210603,80.21999999999998
13,210631,80.21999999999998
13,210633,80.21999999999998
13,210661,80.21999999999998
13,210675,80.21999999999998
13,210693,80.21999999999998
13,210707,85.26000000000005
13,210733,85.26000000000005
13,210749,85.26000000000005
13,210767,85.26000000000005
13,210783,85.26000000000005
13,210811,85.26000000000005
13,210839,85.26000000000005
13,210865,85.26000000000005
13,210881,85.26000000000005
13,210897,85.26000000000005
13,210927,85.26000000000005
13,210957,85.26000000000005
13,210959,85.26000000000005
13,210975,85.26000000000005
13,210989,85.26000000000005
13,211007,85.26000000000005
13,211035,85.26000000000005
13,211063,85.26000000000005
13,211089,85.26000000000005
13,211103,85.26000000000005
13,211105,85.26000000000005
13,211121,85.26000000000005
13,211135,85.26000000000005
13,211163,85.26000000000005
13,211193,95.98000000000006
13,211195,95.98000000000006
13,211211,95.98000000000006
13,211241,95.98000000000006
13,211255,95.98000000000006
13,211281,95.98000000000006
13,211295,95.98000000000006
13,211309,95.98000000000006
13,211323,95.98000000000006
13,211351,95.98000000000006
13,211371,95.98000000000006
13,211385,95.98000000000006
13,211399,95.98000000000006
13,211413,95.98000000000006
13,211427,95.98000000000006
13,211443,95.98000000000006
13,211459,95.98000000000006
13,211473,95.98000000000006
13,211489,95.98000000000006
13,211503,95.98000000000006
13,211529,95.98000000000006
13,211543,95.98000000000006
13,211557,95.98000000000006
13,211573,95.98000000000006
13,211587,95.98000000000006
13,211601,95.98000000000006
13,211629,95.98000000000006
13,211655,95.98000000000006
13,211683,95.98000000000006
13,211699,95.98000000000006
13,211713,95.98000000000006
13,211727,95.98000000000006
13,211755,95.98000000000006
13,211771,95.98000000000006
13,211785,95.98000000000006
13,211799,95.98000000000006
13,211815,95.98000000000006
13,211829,95.98000000000006
13,211843,95.98000000000006
13,211869,95.98000000000006
13,211895,95.98000000000006
13,211911,95.98000000000006
13,211941,95.98000000000006
13,211955,95.98000000000006
13,211969,95.98000000000006
13,211983,95.98000000000006
13,211997,95.98000000000006
13,212023,95.98000000000006
13,212025,95.98000000000006
13,212043,95.98000000000006
13,212069,95.98000000000006
13,212071,95.98000000000006
13,212085,95.98000000000006
13,212099,95.98000000000006
13,212113,95.98000000000006
13,212127,95.98000000000006
13,212129,95.98000000000006
13,212157,95.98000000000006
13,212185,95.98000000000006
13,212201,95.98000000000006
13,212229,95.98000000000006
14,201476,28.870000000000008
14,201506,28.870000000000008
14,205505,28.870000000000008
14,205519,30.339999999999986
14,205535,31.319999999999993
14,205549,31.319999999999993
14,205563,33.39
14,205565,33.39
14,205579,33.39
14,205607,33.39
14,205641,33.39
14,205669,33.39
14,205671,33.39
14,205685,33.39
14,205699,33.39
14,205701,33.39
14,205731,33.39
14,205747,33.39
14,205749,33.39
14,205775,40.519999999999996
14,205789,42.5
14,205803,42.5
14,205805,42.5
14,205819,42.5
14,205821,42.5
14,205849,42.5
14,205851,42.5
14,205877,42.5
14,205905,42.5
14,205921,42.5
14,205941,42.5
14,205957,42.5
14,205971,42.5
14,205985,42.5
14,206015,42.5
14,206029,42.5
14,206031,42.5
14,206045,42.5
14,206059,45.86
14,206087,45.86
14,206113,45.86
14,206127,45.86
14,206129,45.86
14,206131,45.86
14,206147,45.86
14,206163,45.86
14,206165,45.86
14,206193,45.86
14,206219,45.86
14,206247,45.86
14,206277,45.86
14,206291,45.86
14,206311,45.86
14,206339,45.86
14,206371,52.850000000000016
14,206373,52.850000000000016
14,206401,52.850000000000016
14,206415,52.850000000000016
14,206441,52.850000000000016
14,206455,52.850000000000016
14,206485,52.850000000000016
14,206503,52.850000000000016
14,206517,52.850000000000016
14,206551,52.850000000000016
14,206567,52.850000000000016
14,206595,52.850000000000016
14,206627,52.850000000000016
14,206655,52.850000000000016
14,206669,52.850000000000016
14,206671,52.850000000000016
14,206697,52.850000000000016
14,206725,64.97000000000001
14,206739,64.97000000000001
14,206741,64.97000000000001
14,206755,64.97000000000001
14,206781,64.97000000000001
14,206807,64.97000000000001
14,206835,64.97000000000001
14,206865,64.97000000000001
14,206867,64.97000000000001
14,206893,65.77999999999999
14,206907,65.77999999999999
14,206935,65.77999999999999
14,206937,65.77999999999999
14,206965,65.77999999999999
14,206993,65.77999999999999
14,207021,65.77999999999999
14,207051,65.77999999999999
14,207077,65.77999999999999
14,207095,65.77999999999999
14,207125,65.77999999999999
14,207153,65.77999999999999
14,207155,65.77999999999999
14,207157,65.77999999999999
14,207159,65.77999999999999
14,207187,65.77999999999999
14,207215,65.77999999999999
14,207245,65.77999999999999
14,207247,65.77999999999999
14,207249,65.77999999999999
14,207279,65.77999999999999
14,207307,65.77999999999999
14,207323,65.77999999999999
14,207337,65.77999999999999
14,207353,65.77999999999999
14,207379,65.77999999999999
14,207409,65.77999999999999
14,207423,65.77999999999999
14,207449,65.77999999999999
14,207469,65.77999999999999
14,207483,65.77999999999999
14,207497,65.77999999999999
14,207529,65.77999999999999
14,207531,65.77999999999999
14,207545,65.77999999999999
14,207571,65.77999999999999
14,207573,65.77999999999999
14,207591,65.77999999999999
14,207617,65.77999999999999
14,207645,65.77999999999999
14,207661,65.77999999999999
14,207691,65.77999999999999
14,207705,65.77999999999999
14,207731,65.77999999999999
14,207745,65.77999999999999
14,207771,65.77999999999999
14,207785,65.77999999999999
14,207799,65.77999999999999
14,207801,65.77999999999999
14,207833,65.77999999999999
14,207851,65.77999999999999
14,207879,66.74999999999999
14,207913,66.74999999999999
14,207927,66.74999999999999
14,207945,66.74999999999999
14,207947,66.74999999999999
14,207961,66.74999999999999
14,207975,66.74999999999999
14,207989,66.74999999999999
14,208005,66.74999999999999
14,208019,66.74999999999999
14,208049,66.74999999999999
14,208079,66.74999999999999
14,208093,66.74999999999999
14,208121,66.74999999999999
14,208147,66.74999999999999
14,208161,66.74999999999999
14,208175,66.74999999999999
14,208201,74.08999999999996
14,208233,74.08999999999996
14,208263,74.08999999999996
14,208279,74.08999999999996
14,208307,74.08999999999996
14,208335,74.08999999999996
14,208349,74.08999999999996
14,208351,74.08999999999996
14,208353,74.08999999999996
14,208379,74.08999999999996
14,208399,74.08999999999996
14,208431,74.08999999999996
14,208447,74.08999999999996
14,208475,74.08999999999996
14,208489,74.08999999999996
14,208521,74.08999999999996
14,208523,74.08999999999996
14,208555,74.08999999999996
14,208583,74.08999999999996
14,208599,74.08999999999996
14,208615,74.08999999999996
14,208631,74.08999999999996
14,208663,74.08999999999996
14,208677,74.08999999999996
14,208705,82.03999999999996
14,208719,82.03999999999996
14,208721,82.03999999999996
14,208749,82.03999999999996
14,208775,82.03999999999996
14,208791,82.03999999999996
14,208819,82.03999999999996
14,208851,82.03999999999996
14,208853,82.03999999999996
14,208869,82.03999999999996
14,208871,82.03999999999996
14,208903,82.03999999999996
14,208905,82.03999999999996
14,208935,82.03999999999996
14,208963,82.03999999999996
14,208991,82.03999999999996
14,208993,82.03999999999996
14,209023,82.58
14,209043,82.58
14,209057,90.37000000000002
14,209085,90.37000000000002
14,209113,90.37000000000002
14,209127,90.37000000000002
14,209159,90.37000000000002
14,209187,90.37000000000002
14,209203,90.37000000000002
14,209231,90.37000000000002
14,209259,90.37000000000002
14,209261,90.37000000000002
14,209291,90.37000000000002
14,209305,90.37000000000002
14,209321,90.37000000000002
14,209353,90.37000000000002
14,209381,90.37000000000002
14,209417,90.37000000000002
14,209443,93.65999999999997
14,209469,93.65999999999997
14,209483,93.65999999999997
14,209485,93.65999999999997
14,209499,93.65999999999997
14,209515,93.65999999999997
14,209541,93.65999999999997
14,209555,93.65999999999997
14,209581,93.65999999999997
14,209583,93.65999999999997
14,209597,93.65999999999997
14,209625,93.65999999999997
14,209641,93.65999999999997
14,209643,93.65999999999997
14,209657,93.65999999999997
14,209673,93.65999999999997
14,209687,93.65999999999997
14,209715,93.65999999999997
14,209717,93.65999999999997
14,209733,93.65999999999997
14,209735,93.65999999999997
14,209749,93.65999999999997
14,209779,93.65999999999997
14,209811,93.65999999999997
14,209813,93.65999999999997
14,209827,93.65999999999997
14,209841,93.65999999999997
14,209855,93.65999999999997
14,209857,93.65999999999997
14,209871,93.65999999999997
14,209873,93.65999999999997
14,209887,93.65999999999997
14,209901,93.65999999999997
14,209917,93.65999999999997
14,209931,93.65999999999997
14,209945,93.65999999999997
14,209971,93.65999999999997
14,209985,93.65999999999997
14,210007,93.65999999999997
14,210025,93.65999999999997
14,210039,93.65999999999997
14,210067,93.65999999999997
14,210081,93.65999999999997
14,210095,93.65999999999997
14,210113,93.65999999999997
14,210139,93.65999999999997
14,210153,93.65999999999997
14,210167,93.65999999999997
14,210195,93.65999999999997
14,210221,93.65999999999997
14,210247,93.65999999999997
14,210273,93.65999999999997
14,210289,93.65999999999997
14,210317,93.65999999999997
14,210351,93.65999999999997
14,210365,93.65999999999997
14,210391,97.23000000000003
14,210419,97.23000000000003
14,210447,97.23000000000003
14,210461,97.23000000000003
14,210489,97.23000000000003
14,210503,97.23000000000003
14,210519,97.23000000000003
14,210533,97.23000000000003
14,210547,97.23000000000003
14,210573,97.23000000000003
14,210587,97.23000000000003
14,210613,97.23000000000003
14,210639,97.23000000000003
14,210657,97.23000000000003
14,210683,97.23000000000003
14,210713,97.23000000000003
14,210727,97.23000000000003
14,210729,97.23000000000003
14,210761,97.23000000000003
14,210793,97.23000000000003
14,210823,97.23000000000003
14,210825,97.23000000000003
14,210839,97.23000000000003
14,210871,97.23000000000003
14,210885,97.23000000000003
14,210887,97.23000000000003
14,210903,97.23000000000003
14,210921,97.23000000000003
14,210949,97.23000000000003
14,210965,97.23000000000003
14,210991,97.23000000000003
14,211005,97.23000000000003
14,211019,97.23000000000003
14,211047,97.23000000000003
14,211073,97.23000000000003
14,211101,97.23000000000003
14,211131,97.23000000000003
14,211161,97.23000000000003
14,211175,97.23000000000003
14,211177,97.23000000000003
14,211195,97.23000000000003
14,211225,97.23000000000003
14,211253,97.23000000000003
14,211281,97.23000000000003
14,211301,97.23000000000003
14,211319,97.23000000000003
14,211347,97.23000000000003
14,211365,97.23000000000003
14,211391,97.23000000000003
14,211419,97.23000000000003
14,211445,97.23000000000003
14,211459,97.23000000000003
15,202684,28.980000000000008
15,202716,28.980000000000008
15,202718,28.980000000000008
15,202732,39.390000000000015
15,202758,39.390000000000015
15,202772,39.390000000000015
15,206821,39.390000000000015
15,206839,39.390000000000015
15,206857,39.390000000000015
15,206873,39.390000000000015
15,206903,39.390000000000015
15,206905,39.390000000000015
15,206921,39.390000000000015
15,206937,39.390000000000015
15,206969,39.390000000000015
15,206997,39.390000000000015
15,207027,39.390000000000015
15,207029,39.390000000000015
15,207055,39.390000000000015
15,207069,39.390000000000015
15,207089,39.390000000000015
15,207115,39.390000000000015
15,207141,39.390000000000015
15,207167,39.390000000000015
15,207181,39.390000000000015
15,207195,39.390000000000015
15,207221,39.390000000000015
15,207249,39.47999999999999
15,207263,41.150000000000006
15,207277,41.150000000000006
15,207291,41.150000000000006
15,207321,41.150000000000006
15,207347,41.150000000000006
15,207363,41.150000000000006
15,207391,46.99
15,207421,46.99
15,207447,46.99
15,207465,46.99
15,207481,46.99
15,207513,46.99
15,207539,46.99
15,207565,49.66999999999999
15,207579,49.66999999999999
15,207593,49.66999999999999
15,207611,49.66999999999999
15,207627,49.66999999999999
15,207643,49.66999999999999
15,207659,49.66999999999999
15,207685,49.66999999999999
15,207701,49.66999999999999
15,207727,49.66999999999999
15,207755,49.66999999999999
15,207781,49.66999999999999
15,207811,49.66999999999999
15,207827,49.66999999999999
15,207853,49.66999999999999
15,207867,49.66999999999999
15,207895,49.66999999999999
15,207897,49.66999999999999
15,207913,49.66999999999999
15,207939,55.88000000000001
15,207967,55.88000000000001
15,207985,55.88000000000001
15,208011,55.88000000000001
15,208037,55.88000000000001
15,208067,55.88000000000001
15,208087,55.88000000000001
15,208103,55.88000000000001
15,208117,55.88000000000001
15,208133,55.88000000000001
15,208159,55.88000000000001
15,208173,55.88000000000001
15,208191,55.88000000000001
15,208205,55.88000000000001
15,208219,55.88000000000001
15,208245,55.88000000000001
15,208259,55.88000000000001
15,208273,55.88000000000001
15,208293,55.88000000000001
15,208307,55.88000000000001
15,208321,55.88000000000001
15,208335,55.88000000000001
15,208363,55.88000000000001
15,208391,55.88000000000001
15,208419,55.88000000000001
15,208433,55.88000000000001
15,208459,55.88000000000001
15,208461,55.88000000000001
15,208463,55.88000000000001
15,208481,55.88000000000001
15,208507,55.88000000000001
15,208523,55.88000000000001
15,208551,55.88000000000001
15,208569,55.88000000000001
15,208583,55.88000000000001
15,208585,55.88000000000001
15,208587,55.88000000000001
15,208607,55.88000000000001
15,208621,55.88000000000001
15,208635,55.88000000000001
15,208669,55.88000000000001
15,208683,55.88000000000001
15,208685,56.01000000000001
15,208701,56.01000000000001
15,208715,56.01000000000001
15,208731,56.01000000000001
15,208745,56.01000000000001
15,208763,56.01000000000001
15,208789,72.92
15,208805,72.92
15,208819,72.92
15,208833,72.92
15,208835,72.92
15,208863,72.92
15,208877,72.92
15,208891,72.92
15,208905,72.92
15,208933,72.92
15,208947,72.92
15,208975,72.92
15,208977,72.92
15,209005,72.92
15,209007,72.92
15,209021,88.66000000000003
15,209047,88.66000000000003
15,209073,88.66000000000003
15,209087,88.66000000000003
15,209113,88.66000000000003
15,209127,88.66000000000003
15,209141,88.66000000000003
15,209155,88.66000000000003
15,209169,88.66000000000003
15,209199,88.66000000000003
15,209237,88.66000000000003
15,209263,88.66000000000003
15,209265,88.66000000000003
15,209291,88.66000000000003
15,209321,88.66000000000003
15,209335,88.66000000000003
15,209349,88.66000000000003
15,209365,88.66000000000003
15,209379,88.66000000000003
15,209393,88.66000000000003
15,209421,88.66000000000003
15,209435,88.66000000000003
15,209465,88.66000000000003
15,209479,88.66000000000003
15,209481,88.66000000000003
15,209497,88.66000000000003
15,209515,88.66000000000003
15,209541,88.66000000000003
15,209555,88.66000000000003
15,209587,88.66000000000003
15,209603,88.66000000000003
15,209623,88.66000000000003
15,209637,88.66000000000003
15,209665,88.66000000000003
15,209679,88.66000000000003
15,209681,88.66000000000003
15,209707,88.66000000000003
15,209739,88.66000000000003
15,209755,88.66000000000003
15,209783,88.66000000000003
15,209797,88.66000000000003
15,209811,88.66000000000003
15,209825,88.66000000000003
15,209853,88.66000000000003
15,209869,88.66000000000003
15,209871,88.66000000000003
15,209899,88.66000000000003
15,209915,88.66000000000003
15,209943,88.66000000000003
15,209959,88.66000000000003
15,209993,88.66000000000003
15,210019,88.66000000000003
15,210047,88.66000000000003
15,210049,88.66000000000003
15,210051,88.66000000000003
15,210079,88.66000000000003
15,210093,88.66000000000003
15,210107,88.66000000000003
15,210137,88.66000000000003
15,210151,88.66000000000003
15,210165,88.66000000000003
15,210197,88.66000000000003
15,210211,89.09999999999995
15,210225,89.09999999999995
15,210239,89.09999999999995
15,210255,89.09999999999995
15,210269,89.09999999999995
15,210283,89.09999999999995
15,210299,89.09999999999995
15,210315,89.09999999999995
15,210345,89.09999999999995
15,210377,89.09999999999995
15,210403,89.09999999999995
15,210417,89.09999999999995
15,210443,89.09999999999995
15,210473,89.09999999999995
15,210499,89.09999999999995
15,210513,89.09999999999995
15,210527,89.09999999999995
15,210541,89.09999999999995
15,210543,89.09999999999995
15,210557,89.09999999999995
15,210587,89.09999999999995
15,210601,89.09999999999995
15,210603,89.09999999999995
15,210619,89.09999999999995
15,210621,89.09999999999995
15,210623,89.09999999999995
15,210649,89.09999999999995
15,210675,89.09999999999995
15,210689,89.09999999999995
15,210719,89.09999999999995
15,210721,89.09999999999995
15,210735,89.09999999999995
15,210749,89.09999999999995
15,210767,89.09999999999995
15,210783,89.09999999999995
15,210799,89.09999999999995
15,210813,89.09999999999995
15,210829,89.09999999999995
15,210863,89.09999999999995
15,210893,89.09999999999995
15,210895,89.09999999999995
15,210923,89.09999999999995
15,210955,89.09999999999995
15,210983,89.09999999999995
15,210985,89.09999999999995
15,211013,89.09999999999995
15,211027,89.09999999999995
15,211041,89.09999999999995
15,211067,89.09999999999995
15,211099,89.09999999999995
15,211131,89.09999999999995
15,211163,89.09999999999995
15,211191,89.09999999999995
15,211217,89.09999999999995
15,211243,89.09999999999995
15,211257,89.09999999999995
15,211271,89.09999999999995
15,211285,89.09999999999995
15,211299,89.09999999999995
15,211315,89.09999999999995
15,211343,89.09999999999995
15,211357,89.09999999999995
15,211371,89.09999999999995
15,211401,89.09999999999995
15,211403,89.09999999999995
15,211421,89.09999999999995
15,211423,89.09999999999995
15,211451,89.09999999999995
15,211453,89.09999999999995
15,211481,89.09999999999995
15,211513,89.09999999999995
15,211529,89.09999999999995
15,211559,89.09999999999995
15,211585,94.53999999999996
15,211613,94.53999999999996
15,211641,94.53999999999996
15,211657,94.53999999999996
15,211685,94.53999999999996
15,211711,94.53999999999996
15,211727,94.53999999999996
15,211741,94.53999999999996
15,211767,94.53999999999996
15,211793,94.53999999999996
15,211819,94.53999999999996
15,211845,94.53999999999996
15,211871,94.53999999999996
15,211885,94.53999999999996
15,211899,94.53999999999996
15,211901,94.53999999999996
15,211903,94.53999999999996
15,211933,94.53999999999996
15,211959,94.53999999999996
15,211973,94.53999999999996
15,212001,94.53999999999996
15,212003,94.53999999999996
15,212031,94.53999999999996
15,212059,94.53999999999996
15,212061,94.53999999999996
15,212077,94.53999999999996
15,212093,94.53999999999996
15,212121,94.53999999999996
15,212151,94.53999999999996
15,212153,94.53999999999996
15,212155,94.53999999999996
15,212171,94.53999999999996
15,212185,94.53999999999996
15,212215,94.53999999999996
15,212231,94.53999999999996
15,212245,94.53999999999996
15,212259,94.53999999999996
15,212275,94.53999999999996
15,212289,94.53999999999996
15,212305,94.53999999999996
15,212319,94.53999999999996
15,212345,94.53999999999996
15,212373,94.53999999999996
15,212401,94.53999999999996
15,212427,94.53999999999996
15,212455,94.53999999999996
15,212483,94.53999999999996
15,212517,94.53999999999996
15,212531,94.53999999999996
15,212533,94.53999999999996
15,212547,94.53999999999996
15,212577,94.53999999999996
15,212591,94.53999999999996
15,212593,94.53999999999996
15,212627,94.53999999999996
15,212641,94.53999999999996
15,212643,94.53999999999996
15,212645,94.53999999999996
15,212675,94.53999999999996
16,201438,31.500000000000014
16,201464,39.34
16,201492,39.34
16,205483,39.34
16,205497,39.34
16,205523,39.34
16,205539,39.34
16,205553,44.31999999999999
16,205555,44.31999999999999
16,205583,46.74999999999998
16,205597,46.74999999999998
16,205633,46.74999999999998
16,205647,46.74999999999998
16,205663,46.74999999999998
16,205665,46.74999999999998
16,205667,46.74999999999998
16,205669,46.74999999999998
16,205671,46.74999999999998
16,205685,46.74999999999998
16,205687,46.74999999999998
16,205689,46.74999999999998
16,205717,46.74999999999998
16,205731,46.74999999999998
16,205733,46.74999999999998
16,205759,46.74999999999998
16,205773,46.74999999999998
16,205787,46.74999999999998
16,205817,46.74999999999998
16,205845,46.74999999999998
16,205859,46.74999999999998
16,205877,46.74999999999998
16,205891,46.74999999999998
16,205907,46.74999999999998
16,205909,46.74999999999998
16,205923,46.74999999999998
16,205925,46.74999999999998
16,205951,46.74999999999998
16,205979,46.74999999999998
16,206007,47.069999999999986
16,206035,47.069999999999986
16,206049,47.069999999999986
16,206081,47.069999999999986
16,206115,51.370000000000005
16,206129,51.370000000000005
16,206155,51.370000000000005
16,206183,52.12999999999998
16,206211,52.12999999999998
16,206239,52.12999999999998
16,206269,52.12999999999998
16,206283,52.12999999999998
16,206311,56.679999999999986
16,206325,56.679999999999986
16,206357,56.679999999999986
16,206387,56.679999999999986
16,206417,56.679999999999986
16,206443,56.679999999999986
16,206459,56.679999999999986
16,206473,56.679999999999986
16,206487,56.679999999999986
16,206521,56.679999999999986
16,206537,56.679999999999986
16,206551,56.679999999999986
16,206579,56.679999999999986
16,206593,56.679999999999986
16,206607,56.679999999999986
16,206633,56.679999999999986
16,206635,56.679999999999986
16,206649,56.679999999999986
16,206663,56.679999999999986
16,206677,62.07
16,206707,62.07
16,206737,62.07
16,206751,62.07
16,206777,62.07
16,206791,62.07
16,206807,62.07
16,206821,62.07
16,206837,62.07
16,206865,62.07
16,206879,62.07
16,206881,62.07
16,206907,67.50999999999999
16,206933,67.50999999999999
16,206959,67.50999999999999
16,206973,67.50999999999999
16,206987,67.50999999999999
16,207017,67.50999999999999
16,207031,67.50999999999999
16,207045,67.50999999999999
16,207071,67.50999999999999
16,207099,67.50999999999999
16,207127,67.50999999999999
16,207141,67.50999999999999
16,207143,67.50999999999999
16,207157,67.50999999999999
16,207173,67.50999999999999
16,207203,67.50999999999999
16,207219,67.50999999999999
16,207235,67.50999999999999
16,207265,67.50999999999999
16,207281,67.50999999999999
16,207307,67.50999999999999
16,207321,67.50999999999999
16,207337,67.50999999999999
16,207339,67.50999999999999
16,207355,67.50999999999999
16,207369,67.50999999999999
16,207397,67.50999999999999
16,207425,67.50999999999999
16,207427,67.50999999999999
16,207445,67.50999999999999
16,207459,67.50999999999999
16,207479,67.50999999999999
16,207495,67.50999999999999
16,207497,67.50999999999999
16,207525,67.50999999999999
16,207555,67.50999999999999
16,207581,67.50999999999999
16,207607,67.50999999999999
16,207627,67.50999999999999
16,207629,67.50999999999999
16,207657,67.50999999999999
16,207689,67.50999999999999
16,207715,67.63999999999999
16,207717,67.63999999999999
16,207733,67.63999999999999
16,207759,67.63999999999999
16,207789,67.63999999999999
16,207815,67.63999999999999
16,207817,67.63999999999999
16,207831,72.82000000000001
16,207847,72.82000000000001
16,207877,80.17
16,207893,80.17
16,207921,80.17
16,207935,80.17
16,207965,80.17
16,207991,80.17
16,208021,80.17
16,208053,80.17
16,208055,80.17
16,208081,80.17
16,208109,80.17
16,208139,80.17
16,208141,80.17
16,208167,80.17
16,208169,80.17
16,208205,80.17
16,208235,80.17
16,208237,80.17
16,208253,80.17
16,208279,80.17
16,208295,80.17
16,208323,80.17
16,208337,80.17
16,208351,80.17
16,208365,80.17
16,208367,80.17
16,208381,80.17
16,208407,80.17
16,208437,80.17
16,208451,80.17
16,208465,80.17
16,208481,80.17
16,208513,80.17
16,208515,80.17
16,208545,80.17
16,208573,80.17
16,208605,80.17
16,208621,80.17
16,208647,80.17
16,208673,80.17
16,208675,80.17
16,208677,84.05999999999999
16,208695,84.05999999999999
16,208709,84.05999999999999
16,208735,84.05999999999999
16,208749,84.05999999999999
16,208779,84.05999999999999
16,208795,84.05999999999999
16,208809,84.05999999999999
16,208825,84.05999999999999
16,208827,84.05999999999999
16,208853,84.05999999999999
16,208867,84.05999999999999
16,208881,84.05999999999999
16,208883,84.05999999999999
16,208897,84.05999999999999
16,208933,84.05999999999999
16,208959,84.05999999999999
16,208975,191.07000000000002
16,208977,191.07000000000002
16,209003,191.07000000000002
16,209005,191.07000000000002
16,209021,191.07000000000002
16,209037,191.07000000000002
16,209053,191.07000000000002
16,209079,191.07000000000002
16,209095,191.07000000000002
16,209123,191.07000000000002
16,209137,191.07000000000002
16,209163,191.07000000000002
16,209181,191.07000000000002
16,209183,191.07000000000002
16,209209,191.07000000000002
16,209223,191.07000000000002
16,209245,191.07000000000002
16,209247,191.07000000000002
16,209275,191.07000000000002
16,209305,191.07000000000002
16,209319,191.07000000000002
16,209347,191.07000000000002
16,209373,191.07000000000002
16,209401,191.07000000000002
16,209427,191.07000000000002
16,209441,191.07000000000002
16,209457,191.07000000000002
16,209471,191.07000000000002
16,209473,191.07000000000002
16,209501,191.07000000000002
16,209515,191.07000000000002
16,209543,191.07000000000002
16,209569,191.07000000000002
16,209595,191.07000000000002
16,209625,191.07000000000002
16,209641,191.07000000000002
16,209669,191.07000000000002
16,209695,191.07000000000002
16,209709,191.07000000000002
16,209723,191.07000000000002
16,209739,191.07000000000002
16,209765,195.72999999999996
16,209791,195.72999999999996
16,209805,195.72999999999996
16,209819,195.72999999999996
16,209833,195.72999999999996
16,209861,195.72999999999996
16,209889,195.72999999999996
16,209905,195.72999999999996
16,209921,195.72999999999996
16,209937,195.72999999999996
16,209951,195.72999999999996
16,209967,195.72999999999996
16,209995,195.72999999999996
16,210021,199.33000000000007
16,210047,199.33000000000007
16,210061,199.33000000000007
16,210075,199.33000000000007
16,210091,199.33000000000007
16,210105,199.33000000000007
16,210119,199.33000000000007
16,210145,199.33000000000007
16,210159,199.33000000000007
16,210173,199.33000000000007
16,210205,199.33000000000007
16,210225,199.33000000000007
16,210227,199.33000000000007
16,210243,199.33000000000007
16,210257,199.33000000000007
16,210271,199.33000000000007
16,210285,199.33000000000007
16,210311,199.33000000000007
16,210335,199.33000000000007
16,210365,199.33000000000007
16,210391,199.33000000000007
16,210405,199.33000000000007
16,210419,199.33000000000007
16,210435,199.33000000000007
16,210449,199.33000000000007
16,210463,199.33000000000007
16,210493,199.33000000000007
16,210511,199.33000000000007
16,210541,199.33000000000007
16,210557,199.33000000000007
16,210583,201.23999999999992
16,210597,201.23999999999992
16,210623,201.23999999999992
16,210651,201.23999999999992
16,210665,201.23999999999992
16,210681,201.23999999999992
16,210707,201.23999999999992
16,210735,201.23999999999992
16,210737,201.23999999999992
16,210763,201.23999999999992
16,210765,201.23999999999992
16,210779,201.23999999999992
16,210781,201.23999999999992
16,210797,201.23999999999992
16,210831,201.23999999999992
16,210845,201.23999999999992
16,210859,201.23999999999992
16,210889,201.23999999999992
16,210911,201.23999999999992
16,210939,201.23999999999992
16,210965,201.23999999999992
16,210993,201.23999999999992
16,211007,201.23999999999992
16,211033,201.23999999999992
16,211061,201.23999999999992
16,211063,201.23999999999992
16,211079,201.23999999999992
16,211097,201.23999999999992
16,211111,201.23999999999992
16,211137,201.23999999999992
16,211139,206.53000000000003
16,211153,206.53000000000003
16,211179,206.53000000000003
16,211205,206.53000000000003
16,211221,206.53000000000003
16,211249,206.53000000000003
16,211265,206.53000000000003
16,211293,206.53000000000003
16,211307,206.53000000000003
16,211325,206.53000000000003
16,211343,206.53000000000003
16,211357,206.53000000000003
16,211385,206.53000000000003
16,211413,206.53000000000003
17,201500,29.499999999999993
17,201532,29.499999999999993
17,201550,29.499999999999993
17,205585,29.499999999999993
17,205587,29.499999999999993
17,205605,29.499999999999993
17,205631,43.119999999999976
17,205647,43.119999999999976
17,205675,43.119999999999976
17,205689,43.119999999999976
17,205719,43.119999999999976
17,205733,43.119999999999976
17,205747,43.119999999999976
17,205761,43.119999999999976
17,205777,43.119999999999976
17,205795,44.76999999999999
17,205811,44.76999999999999
17,205837,44.76999999999999
17,205863,44.76999999999999
17,205895,44.76999999999999
17,205911,44.76999999999999
17,205913,44.76999999999999
17,205943,44.76999999999999
17,205969,44.76999999999999
17,205997,44.76999999999999
17,206013,44.76999999999999
17,206039,44.76999999999999
17,206053,44.76999999999999
17,206067,44.76999999999999
17,206083,44.76999999999999
17,206097,44.76999999999999
17,206111,44.76999999999999
17,206137,44.76999999999999
17,206139,44.76999999999999
17,206165,52.910000000000004
17,206179,52.910000000000004
17,206205,52.910000000000004
17,206219,52.910000000000004
17,206233,68.86
17,206247,68.86
17,206273,68.86
17,206305,68.86
17,206323,68.86
17,206337,68.86
17,206351,68.86
17,206377,68.86
17,206395,68.86
17,206409,68.86
17,206423,68.86
17,206437,68.86
17,206451,68.86
17,206453,68.86
17,206471,68.86
17,206485,68.86
17,206515,68.86
17,206529,68.86
17,206561,68.86
17,206575,68.86
17,206589,68.86
17,206615,68.86
17,206641,70.71000000000002
17,206669,70.71000000000002
17,206683,70.71000000000002
17,206697,70.71000000000002
17,206723,70.71000000000002
17,206739,70.71000000000002
17,206753,70.71000000000002
17,206767,70.71000000000002
17,206795,70.71000000000002
17,206813,70.71000000000002
17,206839,70.71000000000002
17,206853,70.71000000000002
17,206855,70.71000000000002
17,206883,70.71000000000002
17,206885,70.71000000000002
17,206901,70.71000000000002
17,206927,70.71000000000002
17,206947,70.71000000000002
17,206973,70.71000000000002
17,206987,70.71000000000002
17,207001,70.71000000000002
17,207027,70.71000000000002
17,207043,70.71000000000002
17,207061,70.71000000000002
17,207087,70.71000000000002
17,207101,70.71000000000002
17,207119,70.71000000000002
17,207133,70.71000000000002
17,207161,70.71000000000002
17,207181,70.71000000000002
17,207207,70.71000000000002
17,207233,70.71000000000002
17,207247,70.71000000000002
17,207275,70.71000000000002
17,207309,70.71000000000002
17,207341,70.71000000000002
17,207355,70.71000000000002
17,207387,70.71000000000002
17,207415,70.71000000000002
17,207443,70.71000000000002
17,207459,70.71000000000002
17,207479,70.71000000000002
17,207493,70.71000000000002
17,207523,70.71000000000002
17,207539,71.54
17,207557,71.54
17,207571,71.54
17,207585,71.54
17,207615,71.54
17,207641,71.54
17,207643,71.54
17,207669,71.54
17,207683,71.54
17,207709,71.54
17,207735,71.54
17,207749,71.54
17,207777,71.54
17,207805,71.54
17,207821,71.54
17,207849,71.54
17,207875,71.54
17,207901,71.54
17,207915,71.72999999999999
17,207931,71.72999999999999
17,207957,71.72999999999999
17,207983,71.72999999999999
17,208027,71.72999999999999
17,208043,71.72999999999999
17,208061,71.72999999999999
17,208075,71.72999999999999
17,208093,71.72999999999999
17,208107,71.72999999999999
17,208125,71.72999999999999
17,208151,71.72999999999999
17,208167,71.72999999999999
17,208181,71.72999999999999
17,208215,71.72999999999999
17,208217,71.72999999999999
17,208231,71.72999999999999
17,208245,71.72999999999999
17,208259,71.72999999999999
17,208273,71.72999999999999
17,208275,71.72999999999999
17,208289,71.72999999999999
17,208305,71.72999999999999
17,208307,71.72999999999999
17,208321,71.72999999999999
17,208349,71.72999999999999
17,208375,71.72999999999999
17,208377,71.72999999999999
17,208379,78.32
17,208395,78.32
17,208397,78.32
17,208399,80.06
17,208427,80.06
17,208457,80.06
17,208489,80.06
17,208517,80.06
17,208545,80.06
17,208559,80.06
17,208587,80.06
17,208603,80.06
17,208617,80.06
17,208631,80.06
17,208657,80.06
17,208675,80.06
17,208689,80.06
17,208715,80.06
17,208729,80.06
17,208743,80.06
17,208759,80.06
17,208773,80.06
17,208799,80.06
17,208827,80.06
17,208857,80.06
17,208885,80.06
17,208915,80.06
17,208929,80.06
17,208947,80.06
17,208975,80.06
17,208989,80.06
17,209019,80.06
17,209021,80.06
17,209049,80.06
17,209063,80.06
17,209081,80.06
17,209097,80.06
17,209111,80.06
17,209141,80.06
17,209171,80.06
17,209189,80.06
17,209215,80.06
17,209217,80.06
17,209243,80.06
17,209269,80.06
17,209283,82.21000000000001
17,209301,82.21000000000001
17,209329,82.21000000000001
17,209331,82.21000000000001
17,209349,82.21000000000001
17,209365,82.21000000000001
17,209393,82.21000000000001
17,209409,82.21000000000001
17,209439,82.21000000000001
17,209441,82.21000000000001
17,209443,82.21000000000001
17,209445,82.21000000000001
17,209477,82.21000000000001
17,209491,82.21000000000001
17,209505,82.21000000000001
17,209519,82.21000000000001
17,209521,82.21000000000001
17,209535,82.21000000000001
17,209551,82.21000000000001
17,209565,82.21000000000001
17,209567,82.21000000000001
17,209597,82.21000000000001
17,209625,82.21000000000001
17,209641,82.21000000000001
17,209667,82.21000000000001
17,209681,82.21000000000001
17,209695,82.21000000000001
17,209721,82.21000000000001
17,209749,82.21000000000001
17,209765,82.21000000000001
17,209779,82.21000000000001
17,209781,82.21000000000001
17,209811,82.21000000000001
17,209827,82.21000000000001
17,209857,83.46
17,209875,83.46
17,209877,83.46
17,209893,83.46
17,209925,83.46
17,209939,90.17999999999996
17,209953,90.17999999999996
17,209979,90.17999999999996
17,210011,90.17999999999996
17,210013,90.17999999999996
17,210027,96.23
17,210041,96.23
17,210067,96.23
17,210083,96.23
17,210109,96.23
17,210111,96.23
17,210127,96.23
17,210129,96.23
17,210155,96.23
17,210171,96.23
17,210187,96.23
17,210215,96.23
17,210229,96.23
17,210231,96.23
17,210245,104.64000000000003
17,210275,104.64000000000003
17,210303,104.64000000000003
17,210321,104.64000000000003
17,210351,104.64000000000003
17,210365,104.64000000000003
17,210379,104.64000000000003
17,210409,104.64000000000003
17,210437,104.64000000000003
17,210463,104.64000000000003
17,210491,104.64000000000003
17,210519,104.64000000000003
17,210533,104.64000000000003
17,210547,104.64000000000003
17,210565,104.64000000000003
17,210579,104.64000000000003
17,210607,104.64000000000003
17,210621,104.64000000000003
17,210623,104.64000000000003
17,210651,104.64000000000003
17,210665,104.64000000000003
17,210695,104.64000000000003
17,210709,104.64000000000003
17,210723,104.64000000000003
17,210739,104.64000000000003
17,210755,104.64000000000003
17,210769,104.64000000000003
17,210785,104.64000000000003
17,210803,104.64000000000003
17,210819,104.64000000000003
17,210821,104.64000000000003
17,210835,104.64000000000003
17,210861,104.64000000000003
17,210863,104.64000000000003
17,210877,104.64000000000003
17,210893,104.64000000000003
17,210909,104.64000000000003
17,210923,104.64000000000003
17,210941,104.64000000000003
17,210943,104.64000000000003
17,210957,104.64000000000003
17,210971,104.64000000000003
17,210987,104.64000000000003
17,210989,104.64000000000003
17,211005,104.64000000000003
17,211031,104.64000000000003
17,211045,104.64000000000003
17,211047,104.64000000000003
17,211075,104.64000000000003
17,211089,104.64000000000003
17,211105,104.64000000000003
17,211131,104.64000000000003
17,211133,104.64000000000003
17,211159,104.64000000000003
17,211161,104.64000000000003
17,211163,104.64000000000003
17,211189,104.64000000000003
17,211203,104.64000000000003
17,211229,104.64000000000003
17,211257,104.64000000000003
17,211271,119.50000000000001
17,211273,119.50000000000001
17,211301,119.50000000000001
17,211329,119.50000000000001
17,211343,119.50000000000001
17,211357,119.50000000000001
17,211385,119.50000000000001
17,211413,119.50000000000001
17,211415,119.50000000000001
17,211417,119.50000000000001
17,211445,119.50000000000001
17,211473,119.50000000000001
17,211487,119.50000000000001
17,211501,119.50000000000001
18,201104,29.37999999999999
18,201118,36.629999999999995
18,201136,36.629999999999995
18,201150,36.629999999999995
18,201164,36.629999999999995
18,201178,36.629999999999995
18,201196,36.629999999999995
18,201222,36.629999999999995
18,201238,36.629999999999995
18,201270,36.629999999999995
18,201286,36.629999999999995
18,201312,50.849999999999994
18,201326,50.849999999999994
18,201328,50.849999999999994
18,201346,50.849999999999994
18,201376,50.849999999999994
18,201390,50.849999999999994
18,201420,50.849999999999994
18,201438,50.849999999999994
18,201440,50.849999999999994
18,201442,50.849999999999994
18,201456,50.849999999999994
18,205525,50.849999999999994
18,205527,50.849999999999994
18,205529,50.849999999999994
18,205557,50.849999999999994
18,205571,50.849999999999994
18,205585,50.849999999999994
18,205599,50.849999999999994
18,205601,50.849999999999994
18,205619,50.849999999999994
18,205647,50.849999999999994
18,205649,57.80000000000001
18,205665,57.80000000000001
18,205695,57.80000000000001
18,205725,57.80000000000001
18,205727,57.80000000000001
18,205741,57.80000000000001
18,205757,57.80000000000001
18,205783,57.80000000000001
18,205797,57.80000000000001
18,205823,57.80000000000001
18,205839,57.80000000000001
18,205853,57.80000000000001
18,205867,57.80000000000001
18,205881,57.80000000000001
18,205909,57.80000000000001
18,205935,57.80000000000001
18,205951,57.80000000000001
18,205965,57.80000000000001
18,205981,57.80000000000001
18,205995,57.80000000000001
18,206021,57.80000000000001
18,206023,57.80000000000001
18,206037,57.80000000000001
18,206051,57.80000000000001
18,206053,57.80000000000001
18,206067,57.80000000000001
18,206093,57.80000000000001
18,206111,57.80000000000001
18,206127,57.80000000000001
18,206145,57.80000000000001
18,206175,57.80000000000001
18,206177,57.80000000000001
18,206193,57.80000000000001
18,206213,57.80000000000001
18,206227,57.80000000000001
18,206255,57.80000000000001
18,206269,57.80000000000001
18,206297,64.46
18,206329,64.46
18,206345,64.46
18,206371,64.46
18,206385,64.46
18,206413,64.46
18,206435,64.46
18,206449,64.46
18,206463,64.46
18,206491,64.46
18,206517,71.61000000000001
18,206543,71.61000000000001
18,206557,71.61000000000001
18,206573,71.61000000000001
18,206589,71.61000000000001
18,206603,71.61000000000001
18,206617,71.61000000000001
18,206633,71.61000000000001
18,206647,71.61000000000001
18,206661,71.61000000000001
18,206687,71.61000000000001
18,206717,71.61000000000001
18,206733,71.61000000000001
18,206749,71.61000000000001
18,206777,71.61000000000001
18,206779,71.61000000000001
18,206781,71.61000000000001
18,206809,71.61000000000001
18,206837,71.61000000000001
18,206853,71.61000000000001
18,206867,71.61000000000001
18,206895,71.61000000000001
18,206923,71.61000000000001
18,206951,71.61000000000001
18,206979,71.61000000000001
18,206995,71.61000000000001
18,207011,71.61000000000001
18,207039,71.61000000000001
18,207065,71.61000000000001
18,207079,71.61000000000001
18,207109,71.61000000000001
18,207123,71.61000000000001
18,207137,71.61000000000001
18,207153,71.61000000000001
18,207169,71.61000000000001
18,207197,71.61000000000001
18,207211,71.61000000000001
18,207241,72.35999999999997
18,207255,72.35999999999997
18,207283,72.35999999999997
18,207315,72.35999999999997
18,207349,72.35999999999997
18,207365,72.35999999999997
18,207391,72.35999999999997
18,207421,72.35999999999997
18,207423,72.35999999999997
18,207437,72.35999999999997
18,207451,72.35999999999997
18,207481,72.35999999999997
18,207509,72.35999999999997
18,207529,72.35999999999997
18,207561,72.35999999999997
18,207577,72.35999999999997
18,207605,72.35999999999997
18,207619,72.35999999999997
18,207649,72.35999999999997
18,207683,72.35999999999997
18,207697,72.35999999999997
18,207723,72.35999999999997
18,207737,72.35999999999997
18,207751,72.35999999999997
18,207765,72.35999999999997
18,207795,72.35999999999997
18,207797,72.35999999999997
18,207813,72.35999999999997
18,207815,72.35999999999997
18,207833,72.35999999999997
18,207835,72.35999999999997
18,207849,72.35999999999997
18,207851,72.35999999999997
18,207877,72.35999999999997
18,207903,72.35999999999997
18,207929,72.35999999999997
18,207943,72.35999999999997
18,207945,72.35999999999997
18,207973,72.35999999999997
18,207999,72.35999999999997
18,208001,72.35999999999997
18,208027,72.35999999999997
18,208029,72.35999999999997
18,208057,72.35999999999997
18,208085,72.35999999999997
18,208099,72.35999999999997
18,208101,72.35999999999997
18,208115,72.35999999999997
18,208145,72.35999999999997
18,208161,72.35999999999997
18,208187,72.35999999999997
18,208203,72.35999999999997
18,208217,72.35999999999997
18,208231,72.35999999999997
18,208259,72.35999999999997
18,208275,72.35999999999997
18,208303,72.35999999999997
18,208329,76.81000000000002
18,208359,76.81000000000002
18,208389,76.81000000000002
18,208403,76.81000000000002
18,208421,76.81000000000002
18,208435,76.81000000000002
18,208437,76.81000000000002
18,208439,76.81000000000002
18,208453,76.81000000000002
18,208481,76.81000000000002
18,208495,76.81000000000002
18,208509,76.81000000000002
18,208527,76.81000000000002
18,208541,76.81000000000002
18,208559,76.81000000000002
18,208561,76.81000000000002
18,208563,76.81000000000002
18,208565,76.81000000000002
18,208591,76.81000000000002
18,208621,76.81000000000002
18,208649,76.81000000000002
18,208681,76.81000000000002
18,208709,76.81000000000002
18,208723,76.81000000000002
18,208737,76.81000000000002
18,208765,76.81000000000002
18,208767,76.81000000000002
18,208783,76.81000000000002
18,208809,76.81000000000002
18,208825,76.81000000000002
18,208839,76.81000000000002
18,208871,76.81000000000002
18,208903,76.81000000000002
18,208905,76.81000000000002
18,208919,76.81000000000002
18,208945,76.81000000000002
18,208959,76.81000000000002
18,208961,76.81000000000002
18,208963,76.81000000000002
18,208989,76.81000000000002
18,209019,76.81000000000002
18,209033,76.81000000000002
18,209059,76.81000000000002
18,209073,76.81000000000002
18,209075,76.81000000000002
18,209105,76.81000000000002
18,209121,76.81000000000002
18,209149,76.81000000000002
18,209175,76.81000000000002
18,209189,82.61999999999999
18,209219,82.61999999999999
18,209247,82.61999999999999
18,209261,82.61999999999999
18,209289,82.61999999999999
18,209321,82.61999999999999
18,209335,82.61999999999999
18,209369,82.61999999999999
18,209383,82.61999999999999
18,209385,82.61999999999999
18,209413,82.61999999999999
18,209443,82.61999999999999
18,209469,82.61999999999999
18,209471,82.61999999999999
18,209485,82.61999999999999
18,209513,82.61999999999999
18,209531,82.61999999999999
18,209559,82.61999999999999
18,209573,82.61999999999999
18,209589,82.61999999999999
18,209615,82.61999999999999
18,209633,82.61999999999999
18,209635,82.61999999999999
18,209651,82.61999999999999
18,209667,82.61999999999999
18,209697,82.61999999999999
18,209711,82.61999999999999
18,209713,82.61999999999999
18,209715,82.61999999999999
18,209741,82.61999999999999
18,209769,82.61999999999999
18,209785,82.61999999999999
18,209801,82.61999999999999
18,209815,82.61999999999999
18,209829,82.61999999999999
18,209847,82.61999999999999
18,209877,82.61999999999999
18,209903,82.61999999999999
18,209905,82.61999999999999
18,209919,82.61999999999999
18,209921,82.61999999999999
18,209923,82.61999999999999
18,209937,82.61999999999999
18,209955,82.61999999999999
18,209957,82.61999999999999
18,209983,82.61999999999999
18,210009,82.61999999999999
18,210011,82.61999999999999
18,210039,82.61999999999999
18,210067,82.61999999999999
18,210099,82.61999999999999
18,210125,82.61999999999999
18,210143,82.61999999999999
18,210157,82.61999999999999
18,210175,82.61999999999999
18,210177,82.61999999999999
18,210205,82.61999999999999
18,210231,82.61999999999999
18,210249,82.61999999999999
18,210277,82.61999999999999
18,210279,82.61999999999999
18,210295,82.61999999999999
18,210309,82.61999999999999
18,210325,82.61999999999999
18,210343,82.61999999999999
18,210369,82.61999999999999
18,210389,82.61999999999999
18,210415,82.61999999999999
18,210417,82.61999999999999
18,210433,82.61999999999999
18,210435,82.61999999999999
18,210449,82.61999999999999
18,210463,82.61999999999999
18,210465,82.61999999999999
18,210479,82.61999999999999
18,210493,82.61999999999999
18,210509,82.61999999999999
18,210523,82.61999999999999
18,210549,82.61999999999999
18,210563,82.61999999999999
18,210589,82.61999999999999
18,210617,82.61999999999999
18,210633,82.61999999999999
18,210647,82.61999999999999
18,210649,82.61999999999999
18,210663,82.61999999999999
18,210693,82.61999999999999
18,210719,86.55000000000003
18,210737,86.55000000000003
18,210751,86.55000000000003
18,210765,86.55000000000003
18,210785,86.55000000000003
18,210801,86.55000000000003
18,210833,86.55000000000003
18,210847,86.55000000000003
18,210849,86.55000000000003
18,210851,86.55000000000003
18,210865,86.55000000000003
18,210893,86.55000000000003
18,210907,86.55000000000003
18,210935,86.55000000000003
18,210967,86.55000000000003
18,210995,86.55000000000003
18,210997,86.55000000000003
18,211011,86.55000000000003
18,211025,86.55000000000003
18,211053,86.55000000000003
18,211079,86.55000000000003
19,201840,30.01
19,201870,33.550000000000004
19,205965,33.550000000000004
19,205979,33.550000000000004
19,205995,33.550000000000004
19,206009,33.550000000000004
19,206023,33.550000000000004
19,206051,33.550000000000004
19,206053,33.550000000000004
19,206083,40.989999999999974
19,206115,40.989999999999974
19,206129,40.989999999999974
19,206149,40.989999999999974
19,206151,40.989999999999974
19,206167,40.989999999999974
19,206197,40.989999999999974
19,206227,40.989999999999974
19,206241,40.989999999999974
19,206273,40.989999999999974
19,206303,40.989999999999974
19,206319,40.989999999999974
19,206333,40.989999999999974
19,206335,40.989999999999974
19,206337,40.989999999999974
19,206353,40.989999999999974
19,206369,40.989999999999974
19,206395,40.989999999999974
19,206397,40.989999999999974
19,206427,40.989999999999974
19,206455,40.989999999999974
19,206473,40.989999999999974
19,206503,40.989999999999974
19,206519,40.989999999999974
19,206533,40.989999999999974
19,206547,44.76999999999999
19,206577,44.76999999999999
19,206605,44.76999999999999
19,206607,44.76999999999999
19,206621,44.76999999999999
19,206649,55.21999999999999
19,206651,55.21999999999999
19,206653,55.21999999999999
19,206667,55.21999999999999
19,206693,55.21999999999999
19,206725,55.21999999999999
19,206739,55.21999999999999
19,206741,55.21999999999999
19,206767,55.21999999999999
19,206793,55.21999999999999
19,206807,55.21999999999999
19,206825,55.21999999999999
19,206841,55.21999999999999
19,206843,55.21999999999999
19,206857,61.22000000000002
19,206871,61.22000000000002
19,206899,61.22000000000002
19,206917,61.22000000000002
19,206953,61.22000000000002
19,206969,61.22000000000002
19,206997,61.22000000000002
19,207013,61.22000000000002
19,207031,61.22000000000002
19,207057,61.22000000000002
19,207085,61.22000000000002
19,207115,61.22000000000002
19,207129,61.22000000000002
19,207143,61.22000000000002
19,207171,61.22000000000002
19,207199,61.22000000000002
19,207213,61.22000000000002
19,207215,61.22000000000002
19,207217,61.22000000000002
19,207231,61.22000000000002
19,207257,70.78999999999998
19,207277,70.78999999999998
19,207305,70.78999999999998
19,207307,70.78999999999998
19,207333,70.78999999999998
19,207335,70.78999999999998
19,207365,70.78999999999998
19,207379,70.78999999999998
19,207381,70.78999999999998
19,207407,70.78999999999998
19,207409,70.78999999999998
19,207437,70.78999999999998
19,207451,72.86
19,207479,72.86
19,207507,72.86
19,207521,72.86
19,207551,77.19
19,207577,77.19
19,207591,77.19
19,207593,82.29000000000006
19,207619,82.29000000000006
19,207637,82.29000000000006
19,207651,82.29000000000006
19,207669,82.29000000000006
19,207683,82.29000000000006
19,207685,82.29000000000006
19,207687,82.29000000000006
19,207701,82.29000000000006
19,207729,82.29000000000006
19,207757,82.29000000000006
19,207771,82.29000000000006
19,207799,82.29000000000006
19,207825,82.29000000000006
19,207853,82.29000000000006
19,207869,82.29000000000006
19,207897,82.29000000000006
19,207913,82.29000000000006
19,207931,82.29000000000006
19,207947,82.29000000000006
19,207961,82.29000000000006
19,207979,82.29000000000006
19,207993,82.29000000000006
19,207995,82.29000000000006
19,208021,82.29000000000006
19,208039,82.29000000000006
19,208065,82.29000000000006
19,208079,82.29000000000006
19,208081,82.29000000000006
19,208109,82.29000000000006
19,208141,82.29000000000006
19,208167,82.29000000000006
19,208195,82.29000000000006
19,208211,82.29000000000006
19,208227,82.29000000000006
19,208229,82.29000000000006
19,208255,82.29000000000006
19,208257,82.29000000000006
19,208271,82.29000000000006
19,208299,82.29000000000006
19,208319,82.29000000000006
19,208351,82.29000000000006
19,208365,82.29000000000006
19,208397,82.29000000000006
19,208429,82.29000000000006
19,208457,82.29000000000006
19,208483,82.29000000000006
19,208497,82.29000000000006
19,208519,82.29000000000006
19,208547,82.29000000000006
19,208577,82.29000000000006
19,208579,82.29000000000006
19,208605,82.29000000000006
19,208635,82.29000000000006
19,208651,82.29000000000006
19,208667,82.29000000000006
19,208683,82.29000000000006
19,208711,82.29000000000006
19,208727,82.29000000000006
19,208753,82.29000000000006
19,208769,82.29000000000006
19,208783,82.29000000000006
19,208817,82.29000000000006
19,208831,82.29000000000006
19,208833,82.29000000000006
19,208851,82.29000000000006
19,208867,82.29000000000006
19,208883,82.29000000000006
19,208885,82.29000000000006
19,208899,82.29000000000006
19,208915,82.29000000000006
19,208931,82.29000000000006
19,208947,82.29000000000006
19,208961,82.29000000000006
19,208975,82.29000000000006
19,208989,82.29000000000006
19,209005,82.29000000000006
19,209023,82.29000000000006
19,209049,82.29000000000006
19,209065,82.29000000000006
19,209067,82.29000000000006
19,209081,82.29000000000006
19,209095,82.29000000000006
19,209121,82.29000000000006
19,209137,82.29000000000006
19,209165,82.29000000000006
19,209179,82.29000000000006
19,209207,82.29000000000006
19,209233,82.29000000000006
19,209253,82.29000000000006
19,209283,82.29000000000006
19,209315,82.29000000000006
19,209347,82.29000000000006
19,209373,82.29000000000006
19,209401,82.29000000000006
19,209415,82.29000000000006
19,209429,82.29000000000006
19,209431,82.29000000000006
19,209433,82.29000000000006
19,209435,82.29000000000006
19,209463,82.29000000000006
19,209477,82.29000000000006
19,209505,82.29000000000006
19,209531,82.29000000000006
19,209533,82.29000000000006
19,209561,82.29000000000006
19,209589,82.29000000000006
19,209617,82.29000000000006
19,209643,82.29000000000006
19,209657,82.29000000000006
19,209671,82.29000000000006
19,209701,82.29000000000006
19,209717,82.29000000000006
19,209737,83.65000000000003
19,209765,83.65000000000003
19,209767,83.65000000000003
19,209793,86.75000000000001
19,209827,86.75000000000001
19,209829,86.75000000000001
19,209843,86.75000000000001
19,209877,86.75000000000001
19,209893,86.75000000000001
19,209895,86.75000000000001
19,209911,86.75000000000001
19,209925,86.75000000000001
19,209941,86.75000000000001
19,209957,86.75000000000001
19,209973,86.75000000000001
19,209987,86.75000000000001
19,210015,86.75000000000001
19,210041,86.75000000000001
19,210055,86.75000000000001
19,210083,86.75000000000001
19,210097,86.75000000000001
19,210111,86.75000000000001
19,210137,86.75000000000001
19,210165,86.75000000000001
19,210195,86.75000000000001
19,210221,86.75000000000001
19,210239,86.75000000000001
19,210267,86.75000000000001
19,210295,86.75000000000001
19,210323,86.75000000000001
19,210339,86.75000000000001
19,210341,86.75000000000001
19,210377,86.75000000000001
19,210407,86.75000000000001
19,210409,86.75000000000001
19,210427,86.75000000000001
19,210429,86.75000000000001
19,210457,86.75000000000001
19,210471,86.75000000000001
19,210489,86.75000000000001
19,210509,86.75000000000001
19,210523,86.75000000000001
19,210551,86.75000000000001
19,210587,86.75000000000001
19,210601,88.38000000000002
19,210627,88.38000000000002
19,210657,88.38000000000002
19,210677,88.38000000000002
19,210679,88.38000000000002
19,210681,88.38000000000002
19,210697,88.38000000000002
19,210711,88.38000000000002
19,210713,88.38000000000002
19,210729,88.38000000000002
19,210731,88.38000000000002
19,210765,88.38000000000002
19,210793,88.38000000000002
19,210811,88.38000000000002
19,210825,88.38000000000002
19,210857,88.38000000000002
19,210873,88.38000000000002
19,210887,88.38000000000002
19,210915,88.38000000000002
19,210941,88.38000000000002
19,210943,88.38000000000002
19,210957,88.38000000000002
19,210973,88.38000000000002
19,210975,88.38000000000002
19,211007,88.38000000000002
19,211021,88.38000000000002
19,211051,88.38000000000002
19,211053,88.38000000000002
19,211067,88.38000000000002
19,211081,88.38000000000002
19,211095,88.38000000000002
19,211123,88.38000000000002
19,211137,88.38000000000002
19,211153,88.38000000000002
19,211181,88.38000000000002
19,211183,88.38000000000002
19,211211,88.38000000000002
19,211241,88.38000000000002
19,211259,88.38000000000002
19,211273,88.38000000000002
19,211301,88.38000000000002
19,211327,88.38000000000002
19,211353,88.38000000000002
19,211355,88.38000000000002
19,211369,88.38000000000002
19,211397,88.38000000000002
19,211411,88.38000000000002
19,211413,88.38000000000002
19,211427,88.38000000000002
19,211455,88.38000000000002
19,211457,88.38000000000002
19,211489,88.38000000000002
19,211505,88.38000000000002
19,211519,88.38000000000002
19,211533,88.38000000000002
19,211535,88.38000000000002
19,211551,88.38000000000002
19,211577,88.38000000000002
19,211579,88.38000000000002
19,211581,88.38000000000002
19,211595,88.38000000000002
19,211613,88.38000000000002
19,211641,88.38000000000002
19,211667,88.38000000000002
19,211683,88.38000000000002
19,211699,88.38000000000002
19,211727,88.38000000000002
19,211729,88.38000000000002
19,211761,88.38000000000002
19,211777,88.38000000000002
19,211791,88.38000000000002
19,211817,88.38000000000002
20,202102,30.41000000000001
20,202128,30.519999999999982
20,202130,30.519999999999982
20,202158,30.519999999999982
20,202174,30.519999999999982
20,206201,30.519999999999982
20,206231,30.519999999999982
20,206257,34.350000000000016
20,206273,34.350000000000016
20,206291,34.350000000000016
20,206307,34.350000000000016
20,206337,34.350000000000016
20,206351,35.85000000000001
20,206385,35.85000000000001
20,206401,35.85000000000001
20,206415,38.199999999999996
20,206443,38.199999999999996
20,206471,38.199999999999996
20,206473,38.199999999999996
20,206489,38.199999999999996
20,206503,40.040000000000006
20,206517,40.040000000000006
20,206519,40.040000000000006
20,206533,47.06999999999999
20,206559,47.06999999999999
20,206575,47.06999999999999
20,206589,47.06999999999999
20,206615,47.06999999999999
20,206645,47.06999999999999
20,206675,47.06999999999999
20,206705,47.06999999999999
20,206721,47.06999999999999
20,206735,47.06999999999999
20,206749,47.06999999999999
20,206763,47.06999999999999
20,206789,47.06999999999999
20,206817,47.06999999999999
20,206845,47.06999999999999
20,206861,47.06999999999999
20,206891,47.06999999999999
20,206917,47.06999999999999
20,206931,47.06999999999999
20,206945,47.06999999999999
20,206973,47.06999999999999
20,207005,47.06999999999999
20,207021,47.06999999999999
20,207037,47.06999999999999
20,207055,47.06999999999999
20,207069,47.06999999999999
20,207095,47.06999999999999
20,207111,47.86
20,207125,47.86
20,207155,47.86
20,207173,47.86
20,207187,47.86
20,207201,52.800000000000004
20,207217,58.999999999999986
20,207249,58.999999999999986
20,207275,58.999999999999986
20,207289,58.999999999999986
20,207317,58.999999999999986
20,207331,58.999999999999986
20,207351,62.199999999999996
20,207353,62.199999999999996
20,207385,62.199999999999996
20,207399,62.199999999999996
20,207413,62.199999999999996
20,207415,62.199999999999996
20,207445,63.540000000000006
20,207461,63.540000000000006
20,207475,63.540000000000006
20,207477,63.540000000000006
20,207505,63.540000000000006
20,207531,64.91
20,207545,64.91
20,207561,64.91
20,207575,64.91
20,207577,64.91
20,207579,64.91
20,207581,64.91
20,207609,64.91
20,207629,64.91
20,207661,64.91
20,207675,64.91
20,207691,64.91
20,207719,64.91
20,207733,64.91
20,207747,64.91
20,207761,64.91
20,207789,64.91
20,207817,64.91
20,207847,64.91
20,207869,64.91
20,207899,64.91
20,207913,64.91
20,207939,64.91
20,207967,64.91
20,207981,64.91
20,208007,64.91
20,208021,81.07
20,208047,81.07
20,208075,81.07
20,208091,81.07
20,208105,81.07
20,208139,81.07
20,208169,81.07
20,208183,81.07
20,208197,81.07
20,208211,81.07
20,208237,81.07
20,208263,81.07
20,208277,81.07
20,208305,81.07
20,208335,81.07
20,208351,81.07
20,208377,81.07
20,208391,81.07
20,208405,81.07
20,208407,81.07
20,208435,81.07
20,208451,81.07
20,208477,81.07
20,208495,81.07
20,208511,81.07
20,208513,81.07
20,208515,81.07
20,208529,81.07
20,208559,81.07
20,208587,81.07
20,208613,81.07
20,208639,81.07
20,208657,81.07
20,208687,81.07
20,208705,81.07
20,208721,81.07
20,208735,81.07
20,208767,81.07
20,208793,81.07
20,208807,81.07
20,208823,81.07
20,208837,81.07
20,208863,84.15
20,208865,84.15
20,208881,84.15
20,208895,84.15
20,208897,84.15
20,208925,84.15
20,208951,84.15
20,208977,84.15
20,208993,86.22000000000001
20,208995,86.22000000000001
20,208997,86.22000000000001
20,209011,86.22000000000001
20,209025,86.22000000000001
20,209041,86.22000000000001
20,209067,86.22000000000001
20,209081,86.22000000000001
20,209107,86.22000000000001
20,209133,86.22000000000001
20,209167,86.22000000000001
20,209183,86.22000000000001
20,209209,86.22000000000001
20,209235,86.22000000000001
20,209253,86.22000000000001
20,209267,86.22000000000001
20,209299,86.22000000000001
20,209325,86.22000000000001
20,209351,86.22000000000001
20,209371,86.22000000000001
20,209401,86.22000000000001
20,209427,86.22000000000001
20,209453,86.22000000000001
20,209479,103.24999999999999
20,209481,103.24999999999999
20,209495,103.24999999999999
20,209497,103.24999999999999
20,209499,103.24999999999999
20,209513,103.24999999999999
20,209527,103.24999999999999
20,209557,103.24999999999999
20,209573,103.24999999999999
20,209591,103.24999999999999
20,209619,103.24999999999999
20,209645,103.24999999999999
20,209659,103.24999999999999
20,209673,103.24999999999999
20,209689,103.24999999999999
20,209703,103.24999999999999
20,209717,103.24999999999999
20,209737,103.24999999999999
20,209769,103.24999999999999
20,209785,103.24999999999999
20,209813,103.24999999999999
20,209827,106.72000000000003
20,209855,106.72000000000003
20,209881,106.72000000000003
20,209883,106.72000000000003
20,209885,106.72000000000003
20,209901,106.72000000000003
20,209929,106.72000000000003
20,209943,106.72000000000003
20,209945,106.72000000000003
20,209959,106.72000000000003
20,209973,106.72000000000003
20,210003,106.72000000000003
20,210033,106.72000000000003
20,210047,106.72000000000003
20,210073,106.72000000000003
20,210101,106.72000000000003
20,210115,106.72000000000003
20,210117,106.72000000000003
20,210147,106.72000000000003
20,210175,106.72000000000003
20,210189,106.72000000000003
20,210205,106.72000000000003
20,210207,106.72000000000003
20,210221,106.72000000000003
20,210235,106.72000000000003
20,210249,106.72000000000003
20,210265,106.72000000000003
20,210267,106.72000000000003
20,210269,106.72000000000003
20,210297,106.72000000000003
20,210313,106.72000000000003
20,210329,106.72000000000003
20,210331,106.72000000000003
20,210333,106.72000000000003
20,210349,106.72000000000003
20,210379,106.72000000000003
20,210397,106.72000000000003
20,210399,106.72000000000003
20,210415,106.72000000000003
20,210431,106.72000000000003
20,210433,106.72000000000003
20,210461,106.72000000000003
20,210483,106.72000000000003
20,210509,106.72000000000003
20,210523,106.72000000000003
20,210537,106.72000000000003
20,210563,106.72000000000003
20,210591,106.72000000000003
20,210605,106.72000000000003
20,210631,106.72000000000003
20,210633,117.61000000000001
20,210647,117.61000000000001
20,210679,117.61000000000001
20,210681,117.61000000000001
20,210695,117.61000000000001
20,210721,117.61000000000001
20,210751,117.61000000000001
20,210753,117.61000000000001
20,210767,117.61000000000001
20,210783,117.61000000000001
20,210797,117.61000000000001
20,210811,117.61000000000001
20,210825,117.61000000000001
20,210851,117.61000000000001
20,210865,117.61000000000001
20,210881,117.61000000000001
20,210907,117.61000000000001
20,210945,117.61000000000001
20,210959,117.61000000000001
20,210987,117.61000000000001
20,211015,117.61000000000001
20,211043,117.61000000000001
20,211061,117.61000000000001
20,211087,117.61000000000001
20,211101,117.61000000000001
20,211133,117.61000000000001
20,211147,117.61000000000001
20,211177,117.61000000000001
20,211195,117.61000000000001
20,211209,117.61000000000001
20,211235,117.61000000000001
20,211251,117.61000000000001
20,211277,117.61000000000001
20,211305,117.61000000000001
20,211319,117.61000000000001
20,211335,117.61000000000001
20,211349,117.61000000000001
20,211363,117.61000000000001
20,211377,117.61000000000001
20,211405,117.61000000000001
20,211437,117.61000000000001
20,211467,117.61000000000001
20,211481,117.61000000000001
20,211509,117.61000000000001
20,211539,117.61000000000001
20,211541,117.61000000000001
20,211555,117.61000000000001
20,211571,117.61000000000001
20,211607,117.61000000000001
20,211623,117.61000000000001
20,211653,117.61000000000001
20,211683,117.61000000000001
20,211697,117.61000000000001
20,211713,117.61000000000001
20,211715,117.61000000000001
20,211741,117.61000000000001
20,211771,117.61000000000001
20,211787,117.61000000000001
20,211801,117.61000000000001
20,211831,117.61000000000001
20,211847,117.61000000000001
20,211877,117.61000000000001
20,211905,117.61000000000001
20,211933,117.61000000000001
20,211947,117.61000000000001
20,211963,117.61000000000001
20,211965,117.61000000000001
20,211991,117.61000000000001
20,212007,117.61000000000001
20,212009,117.61000000000001
20,212035,117.61000000000001
20,212037,121.55999999999997
20,212051,121.55999999999997
20,212067,121.55999999999997
20,212093,121.55999999999997
21,201728,30.379999999999978
21,205779,30.379999999999978
21,205793,37.89000000000001
21,205821,37.89000000000001
21,205837,37.89000000000001
21,205865,37.89000000000001
21,205879,37.89000000000001
21,205893,37.89000000000001
21,205907,40.61999999999999
21,205921,40.61999999999999
21,205923,40.61999999999999
21,205925,40.61999999999999
21,205927,40.61999999999999
21,205941,40.61999999999999
21,205955,40.61999999999999
21,205973,40.61999999999999
21,205975,40.61999999999999
21,205977,40.61999999999999
21,205997,40.61999999999999
21,206013,40.61999999999999
21,206027,40.929999999999986
21,206041,40.929999999999986
21,206043,40.929999999999986
21,206071,40.929999999999986
21,206073,40.929999999999986
21,206089,40.929999999999986
21,206119,40.929999999999986
21,206135,40.929999999999986
21,206153,40.929999999999986
21,206179,46.27000000000001
21,206205,47.11999999999999
21,206207,47.11999999999999
21,206223,47.11999999999999
21,206237,47.11999999999999
21,206251,47.11999999999999
21,206269,47.11999999999999
21,206303,47.11999999999999
21,206317,47.11999999999999
21,206331,47.11999999999999
21,206357,47.11999999999999
21,206371,47.11999999999999
21,206373,47.11999999999999
21,206389,47.11999999999999
21,206403,47.11999999999999
21,206421,47.11999999999999
21,206435,47.11999999999999
21,206465,47.11999999999999
21,206479,47.11999999999999
21,206493,47.11999999999999
21,206507,48.809999999999995
21,206535,51.90999999999999
21,206561,51.90999999999999
21,206595,51.90999999999999
21,206611,51.90999999999999
21,206613,51.90999999999999
21,206627,51.90999999999999
21,206655,51.90999999999999
21,206671,51.90999999999999
21,206687,51.90999999999999
21,206703,51.90999999999999
21,206733,51.90999999999999
21,206747,51.90999999999999
21,206765,51.90999999999999
21,206779,51.90999999999999
21,206805,51.90999999999999
21,206831,51.90999999999999
21,206833,51.90999999999999
21,206861,51.90999999999999
21,206875,51.90999999999999
21,206905,51.90999999999999
21,206919,51.90999999999999
21,206935,51.90999999999999
21,206953,51.90999999999999
21,206967,51.90999999999999
21,206969,51.90999999999999
21,206985,51.90999999999999
21,206999,57.97000000000002
21,207013,57.97000000000002
21,207015,57.97000000000002
21,207041,57.97000000000002
21,207067,57.97000000000002
21,207095,57.97000000000002
21,207121,59.12000000000001
21,207149,59.12000000000001
21,207175,59.12000000000001
21,207205,61.12000000000001
21,207219,61.12000000000001
21,207233,61.12000000000001
21,207259,61.12000000000001
21,207285,71.44000000000001
21,207311,71.44000000000001
21,207325,71.44000000000001
21,207327,71.44000000000001
21,207353,71.44000000000001
21,207385,71.44000000000001
21,207399,71.44000000000001
21,207401,71.44000000000001
21,207429,71.44000000000001
21,207431,71.44000000000001
21,207463,71.44000000000001
21,207491,71.44000000000001
21,207493,71.44000000000001
21,207509,71.44000000000001
21,207523,71.44000000000001
21,207537,71.44000000000001
21,207539,71.44000000000001
21,207567,71.44000000000001
21,207583,71.44000000000001
21,207617,71.44000000000001
21,207643,71.44000000000001
21,207657,71.44000000000001
21,207659,71.44000000000001
21,207689,71.44000000000001
21,207703,71.44000000000001
21,207729,71.44000000000001
21,207743,71.44000000000001
21,207771,71.44000000000001
21,207799,71.44000000000001
21,207801,71.44000000000001
21,207829,71.44000000000001
21,207857,71.44000000000001
21,207883,71.44000000000001
21,207897,71.44000000000001
21,207911,71.44000000000001
21,207927,71.44000000000001
21,207943,71.44000000000001
21,207959,71.44000000000001
21,207991,71.44000000000001
21,208005,71.44000000000001
21,208019,71.44000000000001
21,208033,71.44000000000001
21,208047,71.44000000000001
21,208049,71.44000000000001
21,208065,71.44000000000001
21,208067,71.44000000000001
21,208099,71.44000000000001
21,208113,71.44000000000001
21,208115,71.44000000000001
21,208129,71.44000000000001
21,208143,71.44000000000001
21,208175,71.44000000000001
21,208207,71.44000000000001
21,208233,71.44000000000001
21,208247,71.44000000000001
21,208261,71.44000000000001
21,208291,71.44000000000001
21,208305,71.44000000000001
21,208331,71.44000000000001
21,208345,71.44000000000001
21,208371,71.44000000000001
21,208373,71.44000000000001
21,208399,73.31999999999998
21,208425,73.31999999999998
21,208427,73.31999999999998
21,208441,73.31999999999998
21,208455,73.31999999999998
21,208457,73.31999999999998
21,208471,73.31999999999998
21,208499,73.31999999999998
21,208529,73.31999999999998
21,208543,73.31999999999998
21,208571,79.03
21,208573,79.03
21,208589,79.03
21,208605,79.03
21,208631,79.03
21,208645,79.03
21,208675,79.03
21,208677,79.03
21,208707,79.03
21,208721,79.03
21,208747,79.03
21,208777,79.03
21,208779,79.03
21,208805,79.03
21,208819,79.03
21,208833,79.03
21,208847,79.03
21,208873,79.03
21,208887,79.03
21,208901,79.03
21,208917,79.03
21,208953,79.03
21,208955,79.03
21,208985,79.03
21,209011,79.03
21,209039,79.03
21,209041,79.03
21,209059,79.03
21,209089,79.03
21,209103,79.03
21,209117,79.03
21,209131,79.03
21,209145,88.68000000000002
21,209173,88.68000000000002
21,209199,88.68000000000002
21,209201,88.68000000000002
21,209217,88.68000000000002
21,209245,88.68000000000002
21,209247,88.68000000000002
21,209249,88.68000000000002
21,209265,88.68000000000002
21,209267,88.68000000000002
21,209281,88.68000000000002
21,209297,88.68000000000002
21,209313,88.68000000000002
21,209327,88.68000000000002
21,209343,88.68000000000002
21,209357,88.68000000000002
21,209373,88.68000000000002
21,209375,88.68000000000002
21,209377,88.68000000000002
21,209405,88.68000000000002
21,209435,88.68000000000002
21,209449,88.68000000000002
21,209477,88.68000000000002
21,209491,88.68000000000002
21,209507,88.68000000000002
21,209509,88.68000000000002
21,209511,88.68000000000002
21,209539,88.68000000000002
21,209573,88.68000000000002
21,209587,88.68000000000002
21,209601,88.68000000000002
21,209615,88.68000000000002
21,209643,88.68000000000002
21,209657,88.68000000000002
21,209671,88.68000000000002
21,209685,88.68000000000002
21,209713,88.68000000000002
21,209727,88.68000000000002
21,209741,88.68000000000002
21,209769,88.68000000000002
21,209785,88.68000000000002
21,209811,88.68000000000002
21,209825,88.68000000000002
21,209827,88.68000000000002
21,209843,88.68000000000002
21,209857,88.68000000000002
21,209871,88.68000000000002
21,209889,88.68000000000002
21,209915,88.68000000000002
21,209933,88.68000000000002
21,209949,88.68000000000002
21,209979,88.68000000000002
21,209993,88.68000000000002
21,209995,88.68000000000002
21,210011,88.68000000000002
21,210039,88.68000000000002
21,210069,88.68000000000002
21,210087,88.68000000000002
21,210089,88.68000000000002
21,210119,88.68000000000002
21,210149,88.68000000000002
21,210165,88.68000000000002
21,210193,88.68000000000002
21,210195,88.68000000000002
21,210209,88.68000000000002
21,210225,88.68000000000002
21,210239,88.68000000000002
21,210253,88.68000000000002
21,210267,88.68000000000002
21,210269,88.68000000000002
21,210297,88.68000000000002
21,210311,88.68000000000002
21,210327,88.68000000000002
21,210345,88.68000000000002
21,210359,88.68000000000002
21,210373,88.68000000000002
21,210391,88.68000000000002
21,210417,90.56999999999998
21,210419,90.56999999999998
21,210433,90.56999999999998
21,210435,90.56999999999998
21,210437,90.56999999999998
21,210465,90.56999999999998
21,210479,90.56999999999998
21,210511,90.56999999999998
21,210543,90.56999999999998
21,210571,90.56999999999998
21,210599,90.56999999999998
21,210629,90.56999999999998
21,210645,90.56999999999998
21,210647,90.56999999999998
21,210661,90.56999999999998
21,210679,90.56999999999998
21,210705,90.56999999999998
21,210707,90.56999999999998
21,210737,90.56999999999998
21,210753,90.56999999999998
21,210755,90.56999999999998
21,210757,90.56999999999998
21,210773,90.56999999999998
21,210775,90.56999999999998
21,210789,90.56999999999998
21,210819,90.56999999999998
21,210847,90.56999999999998
21,210873,90.56999999999998
21,210901,90.56999999999998
21,210929,90.56999999999998
21,210959,90.56999999999998
21,210977,90.56999999999998
21,211007,90.56999999999998
21,211037,90.56999999999998
21,211053,90.56999999999998
21,211055,90.56999999999998
21,211081,90.56999999999998
21,211095,90.56999999999998
21,211109,90.56999999999998
21,211125,90.56999999999998
21,211141,90.56999999999998
21,211167,90.56999999999998
21,211169,90.56999999999998
21,211171,90.56999999999998
21,211185,90.56999999999998
21,211215,90.56999999999998
21,211229,90.56999999999998
21,211247,90.56999999999998
21,211275,90.56999999999998
21,211293,90.56999999999998
21,211307,90.56999999999998
21,211321,90.56999999999998
21,211349,90.56999999999998
21,211375,90.56999999999998
21,211403,90.56999999999998
21,211405,90.56999999999998
21,211423,90.56999999999998
21,211449,90.56999999999998
21,211463,90.56999999999998
21,211465,90.56999999999998
21,211467,90.56999999999998
21,211493,90.56999999999998
21,211507,90.56999999999998
21,211521,90.56999999999998
21,211537,90.56999999999998
21,211563,90.56999999999998
21,211593,90.56999999999998
21,211607,90.56999999999998
21,211635,90.56999999999998
21,211649,90.56999999999998
21,211681,90.56999999999998
21,211695,90.56999999999998
21,211725,90.56999999999998
22,201212,30.630000000000003
22,201238,37.87000000000001
22,201264,41.43000000000001
22,201280,41.43000000000001
22,201310,41.43000000000001
22,201338,41.43000000000001
22,201352,41.43000000000001
22,201366,41.43000000000001
22,201382,41.43000000000001
22,201412,52.86999999999999
22,205373,52.86999999999999
22,205399,52.86999999999999
22,205415,52.86999999999999
22,205441,52.86999999999999
22,205473,52.86999999999999
22,205491,52.86999999999999
22,205505,52.86999999999999
22,205531,52.86999999999999
22,205533,52.86999999999999
22,205535,52.86999999999999
22,205561,52.86999999999999
22,205589,52.86999999999999
22,205605,52.86999999999999
22,205619,52.86999999999999
22,205647,52.86999999999999
22,205673,52.86999999999999
22,205687,52.86999999999999
22,205713,52.86999999999999
22,205743,52.86999999999999
22,205757,52.86999999999999
22,205773,52.86999999999999
22,205801,52.86999999999999
22,205815,52.86999999999999
22,205841,52.86999999999999
22,205855,52.86999999999999
22,205869,52.86999999999999
22,205883,52.86999999999999
22,205897,52.86999999999999
22,205911,52.86999999999999
22,205943,52.86999999999999
22,205973,52.86999999999999
22,205975,52.86999999999999
22,206003,52.86999999999999
22,206019,52.86999999999999
22,206035,52.86999999999999
22,206063,52.86999999999999
22,206077,52.86999999999999
22,206091,52.86999999999999
22,206105,52.86999999999999
22,206131,52.86999999999999
22,206147,52.86999999999999
22,206175,52.86999999999999
22,206201,52.86999999999999
22,206233,52.86999999999999
22,206259,57.380000000000024
22,206273,57.380000000000024
22,206301,57.380000000000024
22,206317,57.380000000000024
22,206319,57.380000000000024
22,206333,57.380000000000024
22,206363,57.380000000000024
22,206391,64.41000000000003
22,206419,64.41000000000003
22,206447,64.41000000000003
22,206449,64.41000000000003
22,206477,64.41000000000003
22,206491,64.41000000000003
22,206509,64.41000000000003
22,206511,64.41000000000003
22,206527,64.41000000000003
22,206555,64.41000000000003
22,206569,64.41000000000003
22,206597,64.41000000000003
22,206625,64.41000000000003
22,206653,64.41000000000003
22,206679,64.41000000000003
22,206709,64.41000000000003
22,206723,64.41000000000003
22,206737,72.12999999999997
22,206751,72.12999999999997
22,206765,72.12999999999997
22,206767,72.12999999999997
22,206781,72.12999999999997
22,206811,72.12999999999997
22,206827,72.12999999999997
22,206841,72.12999999999997
22,206857,72.12999999999997
22,206875,72.12999999999997
22,206909,72.12999999999997
22,206935,72.12999999999997
22,206955,72.12999999999997
22,206987,72.12999999999997
22,206989,72.12999999999997
22,206991,72.12999999999997
22,207017,72.12999999999997
22,207031,72.12999999999997
22,207045,72.12999999999997
22,207075,72.12999999999997
22,207101,72.12999999999997
22,207133,72.12999999999997
22,207159,72.12999999999997
22,207193,72.12999999999997
22,207221,72.12999999999997
22,207237,72.12999999999997
22,207267,72.12999999999997
22,207281,72.12999999999997
22,207309,72.12999999999997
22,207335,150.88000000000005
22,207351,150.88000000000005
22,207353,150.88000000000005
22,207373,150.88000000000005
22,207403,150.88000000000005
22,207405,150.88000000000005
22,207419,150.88000000000005
22,207445,150.88000000000005
22,207461,150.88000000000005
22,207487,150.88000000000005
22,207519,150.88000000000005
22,207545,150.88000000000005
22,207579,150.88000000000005
22,207607,150.88000000000005
22,207623,150.88000000000005
22,207637,150.88000000000005
22,207665,150.88000000000005
22,207667,150.88000000000005
22,207685,150.88000000000005
22,207699,150.88000000000005
22,207717,150.88000000000005
22,207745,150.88000000000005
22,207773,150.88000000000005
22,207791,150.88000000000005
22,207819,150.88000000000005
22,207835,150.88000000000005
22,207851,150.88000000000005
22,207879,150.88000000000005
22,207911,150.88000000000005
22,207941,150.88000000000005
22,207969,150.88000000000005
22,207999,150.88000000000005
22,208013,150.88000000000005
22,208039,150.88000000000005
22,208055,150.88000000000005
22,208071,150.88000000000005
22,208085,150.88000000000005
22,208119,150.88000000000005
22,208149,150.88000000000005
22,208163,150.88000000000005
22,208191,150.88000000000005
22,208193,150.88000000000005
22,208221,150.88000000000005
22,208247,150.88000000000005
22,208277,150.88000000000005
22,208303,150.88000000000005
22,208317,150.88000000000005
22,208333,150.88000000000005
22,208349,150.88000000000005
22,208363,150.88000000000005
22,208379,150.88000000000005
22,208395,150.88000000000005
22,208413,150.88000000000005
22,208415,150.88000000000005
22,208417,150.88000000000005
22,208443,150.88000000000005
22,208469,150.88000000000005
22,208483,150.88000000000005
22,208497,150.88000000000005
22,208499,150.88000000000005
22,208513,150.88000000000005
22,208529,150.88000000000005
22,208543,150.88000000000005
22,208563,150.88000000000005
22,208593,150.88000000000005
22,208619,150.88000000000005
22,208633,150.88000000000005
22,208649,150.88000000000005
22,208665,150.88000000000005
22,208681,150.88000000000005
22,208683,150.88000000000005
22,208711,150.88000000000005
22,208713,157.61999999999998
22,208727,157.61999999999998
22,208741,157.61999999999998
22,208771,157.61999999999998
22,208803,157.61999999999998
22,208823,157.61999999999998
22,208841,157.61999999999998
22,208867,157.61999999999998
22,208881,157.61999999999998
22,208899,157.61999999999998
22,208915,157.61999999999998
22,208931,157.61999999999998
22,208933,157.61999999999998
22,208949,157.61999999999998
22,208977,157.61999999999998
22,208991,157.61999999999998
22,209005,157.61999999999998
22,209021,157.61999999999998
22,209061,157.61999999999998
22,209087,157.61999999999998
22,209103,157.61999999999998
22,209129,157.61999999999998
22,209159,157.61999999999998
22,209173,157.61999999999998
22,209201,157.61999999999998
22,209227,157.61999999999998
22,209241,157.61999999999998
22,209267,157.61999999999998
22,209283,157.61999999999998
22,209297,157.61999999999998
22,209299,157.61999999999998
22,209333,157.61999999999998
22,209347,157.61999999999998
22,209365,157.61999999999998
22,209393,157.61999999999998
22,209395,157.61999999999998
22,209409,157.61999999999998
22,209445,157.61999999999998
22,209471,157.61999999999998
22,209497,158.40999999999997
22,209511,158.40999999999997
22,209541,158.40999999999997
22,209559,158.40999999999997
22,209591,158.40999999999997
22,209623,158.40999999999997
22,209637,158.40999999999997
22,209667,158.40999999999997
22,209681,158.40999999999997
22,209697,158.40999999999997
22,209729,158.40999999999997
22,209743,158.40999999999997
22,209757,158.40999999999997
22,209773,158.40999999999997
22,209775,158.40999999999997
22,209809,158.40999999999997
22,209839,158.40999999999997
22,209853,158.40999999999997
22,209885,158.40999999999997
22,209899,158.40999999999997
22,209901,158.40999999999997
22,209917,158.40999999999997
22,209933,158.40999999999997
22,209959,158.40999999999997
22,209989,158.40999999999997
22,210015,158.40999999999997
22,210041,158.40999999999997
22,210057,158.40999999999997
22,210083,158.40999999999997
22,210097,158.40999999999997
22,210099,158.40999999999997
22,210115,158.40999999999997
22,210135,158.40999999999997
22,210149,158.40999999999997
22,210165,158.40999999999997
22,210183,158.40999999999997
22,210185,158.40999999999997
22,210213,158.40999999999997
22,210239,158.40999999999997
22,210241,158.40999999999997
22,210267,158.40999999999997
22,210297,158.40999999999997
22,210325,158.40999999999997
22,210327,158.40999999999997
22,210357,158.40999999999997
22,210359,158.40999999999997
22,210391,158.40999999999997
22,210413,158.40999999999997
22,210427,158.40999999999997
22,210443,158.40999999999997
22,210473,158.40999999999997
22,210475,158.40999999999997
22,210477,158.40999999999997
22,210505,158.40999999999997
22,210521,158.40999999999997
22,210535,158.40999999999997
22,210563,158.40999999999997
22,210591,158.40999999999997
22,210619,158.40999999999997
22,210635,158.40999999999997
22,210649,158.40999999999997
22,210663,158.40999999999997
22,210677,158.40999999999997
22,210703,158.40999999999997
22,210733,158.40999999999997
22,210763,158.40999999999997
22,210791,158.40999999999997
22,210805,158.40999999999997
22,210835,158.40999999999997
22,210863,158.40999999999997
22,210879,158.40999999999997
22,210893,158.40999999999997
22,210911,158.40999999999997
22,210939,158.40999999999997
22,210953,158.40999999999997
22,210967,158.40999999999997
22,210993,158.40999999999997
22,211007,158.40999999999997
22,211035,158.40999999999997
22,211049,158.40999999999997
22,211063,158.40999999999997
22,211077,161.11000000000004
22,211109,161.11000000000004
22,211127,161.11000000000004
22,211141,161.11000000000004
22,211157,161.11000000000004
22,211187,161.11000000000004
22,211189,161.11000000000004
22,211215,161.11000000000004
23,202296,30.180000000000007
23,202324,34.79000000000001
23,202338,34.79000000000001
23,202368,34.79000000000001
23,202396,38.95999999999998
23,202412,38.95999999999998
23,202426,38.95999999999998
23,202458,38.95999999999998
23,202486,38.95999999999998
23,202502,38.95999999999998
23,206535,38.95999999999998
23,206549,38.95999999999998
23,206579,38.95999999999998
23,206607,39.839999999999996
23,206621,39.839999999999996
23,206639,39.839999999999996
23,206667,39.839999999999996
23,206697,39.839999999999996
23,206711,39.839999999999996
23,206725,39.839999999999996
23,206755,39.839999999999996
23,206783,51.36000000000001
23,206797,51.36000000000001
23,206819,51.36000000000001
23,206833,51.36000000000001
23,206849,51.36000000000001
23,206867,51.36000000000001
23,206881,51.36000000000001
23,206909,51.36000000000001
23,206923,51.36000000000001
23,206925,51.36000000000001
23,206955,51.36000000000001
23,206969,51.36000000000001
23,206983,51.36000000000001
23,207009,51.36000000000001
23,207025,51.36000000000001
23,207039,51.36000000000001
23,207069,51.36000000000001
23,207071,51.36000000000001
23,207099,51.36000000000001
23,207101,51.36000000000001
23,207115,51.36000000000001
23,207129,51.36000000000001
23,207157,51.36000000000001
23,207189,51.36000000000001
23,207205,51.36000000000001
23,207221,51.36000000000001
23,207249,51.36000000000001
23,207267,51.36000000000001
23,207299,51.36000000000001
23,207327,51.36000000000001
23,207353,51.36000000000001
23,207367,51.36000000000001
23,207395,51.36000000000001
23,207415,51.36000000000001
23,207429,51.36000000000001
23,207457,51.36000000000001
23,207475,51.36000000000001
23,207489,51.36000000000001
23,207523,51.36000000000001
23,207525,51.36000000000001
23,207539,51.36000000000001
23,207555,51.36000000000001
23,207569,51.36000000000001
23,207571,51.36000000000001
23,207601,51.36000000000001
23,207619,51.36000000000001
23,207633,51.36000000000001
23,207661,51.36000000000001
23,207687,51.36000000000001
23,207707,51.36000000000001
23,207733,51.36000000000001
23,207763,51.36000000000001
23,207777,51.36000000000001
23,207795,51.36000000000001
23,207809,51.36000000000001
23,207823,51.36000000000001
23,207849,51.36000000000001
23,207881,51.36000000000001
23,207895,51.36000000000001
23,207927,51.36000000000001
23,207929,51.36000000000001
23,207931,51.36000000000001
23,207959,65.44
23,207985,66.78999999999999
23,207987,66.78999999999999
23,208017,66.78999999999999
23,208033,66.78999999999999
23,208065,66.78999999999999
23,208079,66.78999999999999
23,208107,66.78999999999999
23,208137,66.78999999999999
23,208165,66.78999999999999
23,208167,66.78999999999999
23,208193,66.78999999999999
23,208195,66.78999999999999
23,208225,66.78999999999999
23,208253,66.78999999999999
23,208271,66.78999999999999
23,208285,66.78999999999999
23,208287,66.78999999999999
23,208301,66.78999999999999
23,208317,66.78999999999999
23,208331,66.78999999999999
23,208369,66.78999999999999
23,208383,66.78999999999999
23,208397,66.78999999999999
23,208425,66.78999999999999
23,208451,66.78999999999999
23,208453,66.78999999999999
23,208471,66.78999999999999
23,208499,66.78999999999999
23,208529,74.26
23,208545,74.26
23,208547,74.26
23,208565,74.26
23,208581,74.26
23,208609,74.26
23,208623,74.26
23,208649,74.26
23,208677,74.26
23,208705,74.26
23,208735,74.26
23,208767,74.26
23,208793,74.26
23,208809,74.26
23,208825,74.26
23,208827,74.26
23,208855,74.26
23,208881,74.26
23,208911,74.26
23,208927,74.26
23,208941,74.26
23,208959,74.26
23,208973,74.26
23,209003,74.26
23,209029,74.26
23,209045,74.26
23,209073,74.26
23,209075,74.26
23,209089,74.26
23,209103,74.26
23,209121,74.26
23,209151,74.26
23,209177,74.26
23,209203,74.26
23,209229,74.26
23,209255,74.26
23,209283,74.26
23,209313,74.26
23,209341,81.29000000000002
23,209355,81.29000000000002
23,209383,81.29000000000002
23,209409,81.29000000000002
23,209425,81.29000000000002
23,209439,81.29000000000002
23,209453,198.05999999999997
23,209467,198.05999999999997
23,209495,198.05999999999997
23,209521,198.05999999999997
23,209551,198.05999999999997
23,209577,198.05999999999997
23,209591,198.05999999999997
23,209619,198.05999999999997
23,209633,198.05999999999997
23,209647,198.05999999999997
23,209677,198.05999999999997
23,209703,198.05999999999997
23,209719,198.05999999999997
23,209745,198.05999999999997
23,209747,198.05999999999997
23,209775,198.05999999999997
23,209789,198.05999999999997
23,209805,198.05999999999997
23,209819,198.05999999999997
23,209835,198.05999999999997
23,209849,198.05999999999997
23,209883,198.05999999999997
23,209885,198.05999999999997
23,209917,198.05999999999997
23,209931,198.05999999999997
23,209959,198.05999999999997
23,209961,198.05999999999997
23,209963,198.05999999999997
23,209979,198.05999999999997
23,210005,198.05999999999997
23,210019,198.05999999999997
23,210047,198.05999999999997
23,210065,198.05999999999997
23,210079,198.05999999999997
23,210107,198.05999999999997
23,210125,198.05999999999997
23,210141,198.05999999999997
23,210171,198.05999999999997
23,210185,198.05999999999997
23,210187,198.05999999999997
23,210203,198.05999999999997
23,210231,198.05999999999997
23,210245,198.05999999999997
23,210271,198.05999999999997
23,210289,198.05999999999997
23,210305,198.05999999999997
23,210333,198.05999999999997
23,210335,198.05999999999997
23,210337,198.05999999999997
23,210363,198.05999999999997
23,210377,198.05999999999997
23,210391,206.5700000000001
23,210423,206.5700000000001
23,210451,206.5700000000001
23,210481,206.5700000000001
23,210483,206.5700000000001
23,210497,206.5700000000001
23,210523,206.5700000000001
23,210557,206.5700000000001
23,210587,206.5700000000001
23,210615,206.5700000000001
23,210629,206.5700000000001
23,210643,206.5700000000001
23,210645,206.5700000000001
23,210673,206.5700000000001
23,210689,206.5700000000001
23,210725,206.5700000000001
23,210743,206.5700000000001
23,210757,206.5700000000001
23,210771,206.5700000000001
23,210797,206.5700000000001
23,210827,206.5700000000001
23,210853,206.5700000000001
23,210879,206.5700000000001
23,210905,206.5700000000001
23,210933,206.5700000000001
23,210949,206.5700000000001
23,210951,206.5700000000001
23,210965,206.5700000000001
23,210995,206.5700000000001
23,210997,206.5700000000001
23,211023,206.5700000000001
23,211049,206.5700000000001
23,211067,206.5700000000001
23,211069,206.5700000000001
23,211095,206.5700000000001
23,211109,206.5700000000001
23,211125,206.5700000000001
23,211141,206.5700000000001
23,211155,206.5700000000001
23,211175,206.5700000000001
23,211203,208.7199999999999
23,211219,208.7199999999999
23,211245,208.7199999999999
23,211279,208.7199999999999
23,211309,208.7199999999999
23,211323,208.7199999999999
23,211353,208.7199999999999
23,211383,208.7199999999999
23,211409,208.7199999999999
23,211423,208.7199999999999
23,211439,208.7199999999999
23,211465,208.7199999999999
23,211483,208.7199999999999
23,211499,208.7199999999999
23,211513,208.7199999999999
23,211527,208.98000000000008
23,211543,208.98000000000008
23,211561,208.98000000000008
23,211579,208.98000000000008
23,211613,208.98000000000008
23,211641,208.98000000000008
23,211643,208.98000000000008
23,211645,208.98000000000008
23,211659,208.98000000000008
23,211689,208.98000000000008
23,211723,208.98000000000008
23,211755,208.98000000000008
23,211771,208.98000000000008
23,211785,208.98000000000008
23,211799,208.98000000000008
23,211813,208.98000000000008
23,211815,208.98000000000008
23,211841,208.98000000000008
23,211855,208.98000000000008
23,211883,208.98000000000008
23,211909,208.98000000000008
23,211911,208.98000000000008
23,211941,208.98000000000008
23,211971,208.98000000000008
23,211985,208.98000000000008
23,211999,208.98000000000008
23,212001,208.98000000000008
23,212027,208.98000000000008
23,212041,208.98000000000008
23,212055,208.98000000000008
23,212057,208.98000000000008
23,212059,208.98000000000008
23,212075,208.98000000000008
23,212107,208.98000000000008
23,212127,208.98000000000008
23,212153,208.98000000000008
23,212167,208.98000000000008
23,212169,208.98000000000008
23,212185,208.98000000000008
23,212213,208.98000000000008
23,212229,208.98000000000008
23,212257,208.98000000000008
23,212283,208.98000000000008
24,201556,31.140000000000008
24,205727,42.769999999999996
24,205741,42.769999999999996
24,205775,42.769999999999996
24,205803,42.769999999999996
24,205817,42.769999999999996
24,205819,42.769999999999996
24,205835,42.769999999999996
24,205863,42.769999999999996
24,205889,55.36999999999998
24,205903,55.36999999999998
24,205917,55.36999999999998
24,205931,55.36999999999998
24,205947,55.36999999999998
24,205961,55.36999999999998
24,205963,55.36999999999998
24,205977,55.36999999999998
24,206009,55.36999999999998
24,206037,55.36999999999998
24,206039,55.36999999999998
24,206053,55.36999999999998
24,206067,55.36999999999998
24,206069,55.36999999999998
24,206101,55.36999999999998
24,206127,55.36999999999998
24,206145,55.36999999999998
24,206161,55.36999999999998
24,206177,55.36999999999998
24,206191,55.36999999999998
24,206209,55.36999999999998
24,206223,55.36999999999998
24,206239,55.36999999999998
24,206257,55.36999999999998
24,206259,55.36999999999998
24,206291,55.36999999999998
24,206305,55.36999999999998
24,206321,55.36999999999998
24,206347,55.36999999999998
24,206375,55.36999999999998
24,206377,55.36999999999998
24,206379,55.36999999999998
24,206407,55.36999999999998
24,206437,55.36999999999998
24,206451,55.36999999999998
24,206479,55.36999999999998
24,206509,55.36999999999998
24,206527,55.36999999999998
24,206557,55.36999999999998
24,206571,55.36999999999998
24,206587,55.36999999999998
24,206603,55.36999999999998
24,206621,55.36999999999998
24,206635,55.36999999999998
24,206663,55.36999999999998
24,206677,55.36999999999998
24,206691,55.36999999999998
24,206707,55.36999999999998
24,206723,55.36999999999998
24,206749,55.36999999999998
24,206775,55.36999999999998
24,206789,55.36999999999998
24,206803,55.36999999999998
24,206819,55.36999999999998
24,206833,55.36999999999998
24,206861,55.36999999999998
24,206875,55.36999999999998
24,206903,55.36999999999998
24,206917,55.36999999999998
24,206945,55.36999999999998
24,206961,55.36999999999998
24,206975,55.36999999999998
24,207005,55.36999999999998
24,207021,55.36999999999998
24,207053,55.36999999999998
24,207069,55.36999999999998
24,207083,55.36999999999998
24,207115,61.830000000000005
24,207129,61.830000000000005
24,207143,61.830000000000005
24,207159,61.830000000000005
24,207191,61.830000000000005
24,207193,61.830000000000005
24,207219,61.830000000000005
24,207249,61.830000000000005
24,207269,61.830000000000005
24,207283,61.830000000000005
24,207313,61.830000000000005
24,207339,61.830000000000005
24,207341,61.830000000000005
24,207359,61.830000000000005
24,207361,61.830000000000005
24,207363,61.830000000000005
24,207381,61.830000000000005
24,207395,61.830000000000005
24,207415,61.830000000000005
24,207431,61.830000000000005
24,207457,61.830000000000005
24,207471,61.830000000000005
24,207497,61.830000000000005
24,207525,73.12999999999997
24,207551,73.12999999999997
24,207583,73.12999999999997
24,207585,73.12999999999997
24,207611,73.12999999999997
24,207625,73.12999999999997
24,207655,73.12999999999997
24,207669,73.12999999999997
24,207671,73.12999999999997
24,207703,73.12999999999997
24,207717,73.12999999999997
24,207733,73.12999999999997
24,207761,73.12999999999997
24,207775,73.12999999999997
24,207791,73.12999999999997
24,207793,73.12999999999997
24,207807,73.12999999999997
24,207837,95.97000000000001
24,207851,95.97000000000001
24,207865,95.97000000000001
24,207881,95.97000000000001
24,207907,95.97000000000001
24,207921,95.97000000000001
24,207935,95.97000000000001
24,207963,95.97000000000001
24,207983,95.97000000000001
24,207985,95.97000000000001
24,208001,95.97000000000001
24,208003,95.97000000000001
24,208005,95.97000000000001
24,208019,95.97000000000001
24,208033,95.97000000000001
24,208047,95.97000000000001
24,208077,95.97000000000001
24,208079,95.97000000000001
24,208081,95.97000000000001
24,208099,95.97000000000001
24,208115,95.97000000000001
24,208141,95.97000000000001
24,208171,96.63999999999994
24,208197,96.63999999999994
24,208199,96.63999999999994
24,208231,96.63999999999994
24,208245,96.63999999999994
24,208273,96.63999999999994
24,208301,96.63999999999994
24,208319,96.63999999999994
24,208333,96.63999999999994
24,208349,117.63999999999996
24,208363,117.63999999999996
24,208391,117.63999999999996
24,208405,117.63999999999996
24,208423,117.63999999999996
24,208441,117.63999999999996
24,208455,117.63999999999996
24,208457,117.63999999999996
24,208487,117.63999999999996
24,208489,117.63999999999996
24,208503,117.63999999999996
24,208531,117.63999999999996
24,208545,117.63999999999996
24,208559,117.63999999999996
24,208585,117.63999999999996
24,208613,117.63999999999996
24,208641,117.63999999999996
24,208655,117.63999999999996
24,208657,117.63999999999996
24,208673,117.63999999999996
24,208687,117.63999999999996
24,208713,117.63999999999996
24,208729,117.63999999999996
24,208743,117.63999999999996
24,208759,117.63999999999996
24,208761,117.63999999999996
24,208791,117.63999999999996
24,208825,117.63999999999996
24,208841,117.63999999999996
24,208855,117.63999999999996
24,208881,117.63999999999996
24,208883,117.63999999999996
24,208915,117.63999999999996
24,208933,117.63999999999996
24,208947,117.63999999999996
24,208961,117.63999999999996
24,208975,117.63999999999996
24,209003,117.63999999999996
24,209017,117.63999999999996
24,209019,117.63999999999996
24,209045,117.63999999999996
24,209071,117.63999999999996
24,209085,117.63999999999996
24,209099,117.63999999999996
24,209113,117.63999999999996
24,209115,117.63999999999996
24,209131,117.63999999999996
24,209157,117.63999999999996
24,209173,117.63999999999996
24,209199,117.63999999999996
24,209215,117.63999999999996
24,209241,117.63999999999996
24,209269,117.63999999999996
24,209299,117.63999999999996
24,209329,117.63999999999996
24,209355,117.63999999999996
24,209357,117.63999999999996
24,209385,117.63999999999996
24,209401,117.63999999999996
24,209415,117.63999999999996
24,209417,117.63999999999996
24,209445,117.63999999999996
24,209459,117.63999999999996
24,209491,117.63999999999996
24,209505,117.63999999999996
24,209533,117.63999999999996
24,209547,117.63999999999996
24,209561,117.63999999999996
24,209577,117.63999999999996
24,209605,117.63999999999996
24,209621,117.63999999999996
24,209623,119.30999999999999
24,209657,119.30999999999999
24,209689,119.30999999999999
24,209705,119.30999999999999
24,209719,119.30999999999999
24,209747,119.30999999999999
24,209775,119.30999999999999
24,209777,119.30999999999999
24,209779,119.30999999999999
24,209807,119.30999999999999
24,209833,119.30999999999999
24,209861,119.30999999999999
24,209875,119.30999999999999
24,209893,119.30999999999999
24,209921,119.30999999999999
24,209923,119.30999999999999
24,209953,119.30999999999999
24,209967,119.30999999999999
24,209983,119.30999999999999
24,210013,119.30999999999999
24,210031,119.30999999999999
24,210047,119.30999999999999
24,210061,119.30999999999999
24,210079,119.30999999999999
24,210095,119.30999999999999
24,210121,119.30999999999999
24,210147,119.30999999999999
24,210183,119.30999999999999
24,210211,119.30999999999999
24,210227,119.30999999999999
24,210243,119.30999999999999
24,210269,119.30999999999999
24,210283,119.30999999999999
24,210297,119.30999999999999
24,210327,119.30999999999999
24,210345,119.30999999999999
24,210359,119.30999999999999
24,210391,119.30999999999999
24,210419,119.30999999999999
24,210449,119.30999999999999
24,210467,119.30999999999999
24,210495,119.30999999999999
24,210521,119.30999999999999
24,210549,119.30999999999999
24,210567,119.30999999999999
24,210597,119.30999999999999
24,210623,119.30999999999999
24,210651,119.30999999999999
24,210679,119.30999999999999
24,210705,119.30999999999999
24,210733,119.30999999999999
24,210747,119.30999999999999
24,210773,119.30999999999999
24,210805,119.30999999999999
24,210821,119.30999999999999
24,210835,119.30999999999999
24,210865,119.30999999999999
24,210897,119.30999999999999
24,210915,119.30999999999999
24,210931,119.30999999999999
24,210945,119.30999999999999
24,210947,121.65
24,210961,121.65
24,210975,121.65
24,211003,121.65
24,211031,121.65
24,211047,121.65
24,211077,121.65
24,211079,121.65
24,211097,121.65
24,211111,121.65
24,211127,121.65
24,211141,121.65
24,211155,121.65
24,211173,121.65
24,211187,121.65
24,211189,121.65
24,211191,121.65
24,211221,121.65
24,211235,121.65
24,211251,121.65
24,211281,121.65
24,211295,121.65
24,211321,121.65
24,211347,121.65
24,211361,121.65
24,211391,121.65
24,211425,121.65
24,211451,121.65
24,211465,121.65
24,211481,121.65
24,211499,121.65
24,211529,121.65
24,211545,121.65
25,201210,29.29999999999999
25,201236,41.29
25,201250,41.29
25,201276,41.29
25,205325,41.29
25,205341,41.29
25,205355,41.29
25,205381,41.29
25,205413,41.29
25,205427,41.29
25,205429,41.29
25,205457,41.29
25,205471,41.29
25,205489,41.29
25,205503,46.39999999999997
25,205517,46.39999999999997
25,205543,48.25
25,205545,48.25
25,205547,48.25
25,205579,48.25
25,205611,48.25
25,205627,48.25
25,205643,48.25
25,205671,48.25
25,205685,48.25
25,205687,48.25
25,205715,48.25
25,205733,48.25
25,205759,48.25
25,205777,48.25
25,205793,48.25
25,205795,48.25
25,205821,48.25
25,205853,48.25
25,205867,48.25
25,205895,48.25
25,205897,48.25
25,205911,48.25
25,205925,48.25
25,205943,48.25
25,205973,48.25
25,205993,48.25
25,206021,48.25
25,206057,48.25
25,206071,48.25
25,206103,48.25
25,206105,48.25
25,206131,48.25
25,206161,48.25
25,206175,48.25
25,206189,48.669999999999995
25,206203,54.34
25,206217,54.34
25,206219,54.34
25,206247,54.34
25,206275,54.34
25,206289,54.34
25,206305,54.34
25,206331,54.34
25,206345,54.34
25,206375,54.34
25,206377,54.34
25,206391,60.269999999999975
25,206407,60.269999999999975
25,206409,60.269999999999975
25,206411,60.269999999999975
25,206439,60.269999999999975
25,206467,60.269999999999975
25,206483,60.269999999999975
25,206497,60.269999999999975
25,206523,60.269999999999975
25,206525,60.269999999999975
25,206539,60.269999999999975
25,206555,60.269999999999975
25,206581,60.269999999999975
25,206613,60.269999999999975
25,206629,60.269999999999975
25,206645,60.269999999999975
25,206647,60.269999999999975
25,206663,60.269999999999975
25,206689,170.28000000000003
25,206703,170.28000000000003
25,206719,170.97000000000008
25,206735,170.97000000000008
25,206749,170.97000000000008
25,206751,170.97000000000008
25,206753,170.97000000000008
25,206767,170.97000000000008
25,206781,170.97000000000008
25,206795,170.97000000000008
25,206813,170.97000000000008
25,206827,170.97000000000008
25,206841,170.97000000000008
25,206869,170.97000000000008
25,206885,170.97000000000008
25,206917,170.97000000000008
25,206933,170.97000000000008
25,206959,170.97000000000008
25,206977,170.97000000000008
25,206995,170.97000000000008
25,207009,170.97000000000008
25,207037,170.97000000000008
25,207039,170.97000000000008
25,207067,170.97000000000008
25,207103,170.97000000000008
25,207117,170.97000000000008
25,207143,170.97000000000008
25,207159,170.97000000000008
25,207187,170.97000000000008
25,207201,170.97000000000008
25,207229,170.97000000000008
25,207243,170.97000000000008
25,207259,170.97000000000008
25,207293,170.97000000000008
25,207313,170.97000000000008
25,207329,170.97000000000008
25,207343,170.97000000000008
25,207375,170.97000000000008
25,207405,170.97000000000008
25,207419,170.97000000000008
25,207433,170.97000000000008
25,207451,170.97000000000008
25,207465,170.97000000000008
25,207479,175.03000000000006
25,207493,175.03000000000006
25,207521,175.03000000000006
25,207547,175.03000000000006
25,207549,175.03000000000006
25,207575,175.03000000000006
25,207601,175.03000000000006
25,207631,175.03000000000006
25,207659,175.03000000000006
25,207675,175.03000000000006
25,207691,175.03000000000006
25,207721,175.03000000000006
25,207751,175.03000000000006
25,207779,175.03000000000006
25,207805,175.03000000000006
25,207837,175.03000000000006
25,207839,175.03000000000006
25,207865,175.03000000000006
25,207893,175.03000000000006
25,207909,175.03000000000006
25,207923,175.03000000000006
25,207951,175.03000000000006
25,207967,175.03000000000006
25,207983,175.03000000000006
25,207997,175.03000000000006
25,208013,175.03000000000006
25,208027,175.03000000000006
25,208029,175.03000000000006
25,208047,175.03000000000006
25,208061,175.03000000000006
25,208089,175.03000000000006
25,208105,175.03000000000006
25,208107,175.03000000000006
25,208137,175.03000000000006
25,208167,175.03000000000006
25,208199,175.03000000000006
25,208227,175.03000000000006
25,208255,175.03000000000006
25,208281,175.03000000000006
25,208297,175.03000000000006
25,208327,175.03000000000006
25,208355,175.03000000000006
25,208357,175.03000000000006
25,208371,175.03000000000006
25,208403,175.03000000000006
25,208417,175.03000000000006
25,208449,175.03000000000006
25,208451,175.03000000000006
25,208481,175.03000000000006
25,208509,175.03000000000006
25,208523,175.03000000000006
25,208555,175.03000000000006
25,208583,175.03000000000006
25,208613,175.03000000000006
25,208639,175.03000000000006
25,208655,175.03000000000006
25,208669,175.03000000000006
25,208697,175.03000000000006
25,208715,175.03000000000006
25,208729,175.03000000000006
25,208745,175.03000000000006
25,208773,175.03000000000006
25,208799,175.03000000000006
25,208825,175.03000000000006
25,208853,175.03000000000006
25,208867,175.03000000000006
25,208897,175.03000000000006
25,208915,175.03000000000006
25,208931,175.03000000000006
25,208945,175.03000000000006
25,208963,175.03000000000006
25,208977,175.03000000000006
25,209011,175.03000000000006
25,209037,175.03000000000006
25,209039,175.03000000000006
25,209053,175.03000000000006
25,209079,175.03000000000006
25,209105,175.03000000000006
25,209119,175.03000000000006
25,209121,175.03000000000006
25,209137,175.03000000000006
25,209163,175.03000000000006
25,209189,175.03000000000006
25,209191,175.03000000000006
25,209209,175.03000000000006
25,209223,180.06999999999996
25,209251,180.06999999999996
25,209279,180.06999999999996
25,209281,180.06999999999996
25,209297,180.06999999999996
25,209311,180.06999999999996
25,209325,180.06999999999996
25,209339,180.06999999999996
25,209353,180.06999999999996
25,209367,180.06999999999996
25,209381,180.06999999999996
25,209395,180.06999999999996
25,209411,180.06999999999996
25,209425,180.06999999999996
25,209441,180.06999999999996
25,209457,180.06999999999996
25,209489,180.06999999999996
25,209503,180.06999999999996
25,209529,180.06999999999996
25,209555,180.06999999999996
25,209583,180.06999999999996
25,209601,180.06999999999996
25,209603,180.06999999999996
25,209617,180.06999999999996
25,209647,180.06999999999996
25,209663,180.06999999999996
25,209691,180.06999999999996
25,209705,180.06999999999996
25,209721,180.06999999999996
25,209753,180.06999999999996
25,209755,180.06999999999996
25,209769,180.06999999999996
25,209799,180.06999999999996
25,209815,180.06999999999996
25,209841,180.06999999999996
25,209855,180.06999999999996
25,209881,180.06999999999996
25,209909,180.06999999999996
25,209927,180.06999999999996
25,209941,180.06999999999996
25,209955,180.06999999999996
25,209969,180.06999999999996
25,209997,180.06999999999996
25,210015,180.06999999999996
25,210017,180.06999999999996
25,210047,180.06999999999996
25,210063,180.06999999999996
25,210077,180.06999999999996
25,210091,180.06999999999996
25,210119,180.06999999999996
25,210133,180.06999999999996
25,210149,180.06999999999996
25,210179,180.06999999999996
25,210207,180.06999999999996
25,210209,180.06999999999996
25,210223,180.06999999999996
25,210237,180.06999999999996
25,210251,180.06999999999996
25,210253,180.06999999999996
25,210267,180.06999999999996
25,210269,180.06999999999996
25,210297,180.06999999999996
25,210311,180.06999999999996
25,210313,180.06999999999996
25,210327,180.06999999999996
25,210359,180.06999999999996
25,210361,180.06999999999996
25,210377,180.06999999999996
25,210403,180.06999999999996
25,210431,180.06999999999996
25,210461,180.06999999999996
25,210463,180.06999999999996
25,210477,180.06999999999996
25,210491,180.06999999999996
25,210505,180.06999999999996
25,210507,180.06999999999996
25,210535,180.06999999999996
25,210537,180.06999999999996
25,210563,180.06999999999996
25,210577,180.06999999999996
25,210605,180.06999999999996
25,210631,180.06999999999996
25,210659,181.39999999999992
25,210661,181.39999999999992
25,210675,181.39999999999992
25,210705,181.39999999999992
25,210719,181.39999999999992
25,210751,181.39999999999992
25,210765,181.39999999999992
25,210791,181.39999999999992
25,210793,181.39999999999992
25,210795,181.39999999999992
25,210823,181.39999999999992
25,210841,181.39999999999992
25,210875,181.39999999999992
25,210903,181.39999999999992
25,210931,181.39999999999992
25,210959,181.39999999999992
25,210973,181.39999999999992
25,211005,181.39999999999992
25,211031,181.39999999999992
25,211059,181.39999999999992
25,211089,181.39999999999992
25,211117,181.39999999999992
25,211145,181.39999999999992
25,211159,181.39999999999992
25,211173,181.39999999999992
25,211187,181.39999999999992
25,211215,181.39999999999992
26,201662,29.119999999999994
26,201676,29.119999999999994
26,201710,29.119999999999994
26,201724,39.90000000000002
26,201754,43.53
26,201768,43.53
26,201784,43.53
26,201798,43.53
26,205799,43.53
26,205815,43.53
26,205817,43.53
26,205845,43.53
26,205847,43.53
26,205875,43.53
26,205891,43.53
26,205893,43.53
26,205921,43.53
26,205937,43.53
26,205953,43.53
26,205979,47.15000000000003
26,206013,47.15000000000003
26,206015,47.15000000000003
26,206033,47.15000000000003
26,206035,47.15000000000003
26,206037,47.15000000000003
26,206073,47.15000000000003
26,206075,47.15000000000003
26,206077,47.15000000000003
26,206091,47.15000000000003
26,206107,47.15000000000003
26,206121,47.15000000000003
26,206149,47.15000000000003
26,206179,47.15000000000003
26,206207,47.15000000000003
26,206221,47.15000000000003
26,206247,47.15000000000003
26,206261,47.15000000000003
26,206289,47.15000000000003
26,206319,47.15000000000003
26,206349,47.15000000000003
26,206377,47.15000000000003
26,206391,47.15000000000003
26,206405,47.15000000000003
26,206431,47.15000000000003
26,206433,47.15000000000003
26,206459,47.15000000000003
26,206477,47.15000000000003
26,206507,47.15000000000003
26,206509,47.15000000000003
26,206523,47.15000000000003
26,206557,47.15000000000003
26,206573,47.15000000000003
26,206587,47.15000000000003
26,206603,47.15000000000003
26,206633,47.15000000000003
26,206665,47.15000000000003
26,206691,47.15000000000003
26,206721,47.15000000000003
26,206747,50.78000000000001
26,206763,50.78000000000001
26,206789,50.78000000000001
26,206817,50.78000000000001
26,206847,50.78000000000001
26,206873,50.78000000000001
26,206887,50.78000000000001
26,206889,50.78000000000001
26,206903,50.78000000000001
26,206933,50.78000000000001
26,206935,50.78000000000001
26,206949,50.78000000000001
26,206979,50.78000000000001
26,206995,50.78000000000001
26,207009,50.78000000000001
26,207023,52.70000000000001
26,207053,52.70000000000001
26,207069,52.70000000000001
26,207097,52.70000000000001
26,207125,52.70000000000001
26,207143,52.70000000000001
26,207171,52.70000000000001
26,207199,52.70000000000001
26,207201,52.70000000000001
26,207217,52.70000000000001
26,207243,56.24000000000001
26,207275,56.24000000000001
26,207289,56.24000000000001
26,207303,56.24000000000001
26,207317,56.24000000000001
26,207319,56.24000000000001
26,207335,56.24000000000001
26,207351,56.24000000000001
26,207365,56.24000000000001
26,207379,56.24000000000001
26,207395,56.24000000000001
26,207421,56.24000000000001
26,207435,56.24000000000001
26,207463,56.24000000000001
26,207491,56.24000000000001
26,207507,56.24000000000001
26,207537,56.24000000000001
26,207551,56.24000000000001
26,207579,56.24000000000001
26,207597,56.24000000000001
26,207611,56.24000000000001
26,207613,56.24000000000001
26,207627,56.24000000000001
26,207643,56.24000000000001
26,207669,60.709999999999994
26,207671,60.709999999999994
26,207703,60.709999999999994
26,207735,60.709999999999994
26,207749,60.709999999999994
26,207763,60.709999999999994
26,207779,60.709999999999994
26,207805,60.709999999999994
26,207807,60.709999999999994
26,207821,60.709999999999994
26,207835,60.709999999999994
26,207867,60.709999999999994
26,207893,60.709999999999994
26,207909,60.709999999999994
26,207923,60.709999999999994
26,207955,60.709999999999994
26,207973,60.709999999999994
26,207987,60.709999999999994
26,208013,62.28999999999998
26,208039,62.28999999999998
26,208071,62.28999999999998
26,208085,62.28999999999998
26,208117,65.17000000000002
26,208143,65.17000000000002
26,208171,65.17000000000002
26,208199,65.17000000000002
26,208227,65.17000000000002
26,208253,65.17000000000002
26,208267,65.17000000000002
26,208281,65.17000000000002
26,208309,65.17000000000002
26,208335,65.17000000000002
26,208367,65.17000000000002
26,208381,65.17000000000002
26,208415,65.17000000000002
26,208429,65.17000000000002
26,208447,65.17000000000002
26,208477,65.17000000000002
26,208479,65.17000000000002
26,208511,65.17000000000002
26,208537,65.17000000000002
26,208551,65.17000000000002
26,208587,65.17000000000002
26,208603,65.17000000000002
26,208619,65.17000000000002
26,208635,65.17000000000002
26,208667,65.17000000000002
26,208693,65.17000000000002
26,208725,65.70000000000002
26,208727,65.70000000000002
26,208741,65.70000000000002
26,208757,65.70000000000002
26,208789,65.70000000000002
26,208805,65.70000000000002
26,208819,65.70000000000002
26,208821,65.70000000000002
26,208835,65.70000000000002
26,208849,65.70000000000002
26,208863,65.70000000000002
26,208877,65.70000000000002
26,208879,65.70000000000002
26,208911,65.70000000000002
26,208939,65.70000000000002
26,208965,65.70000000000002
26,208993,66.35999999999999
26,209009,66.35999999999999
26,209023,66.35999999999999
26,209043,66.35999999999999
26,209059,66.35999999999999
26,209075,66.35999999999999
26,209107,66.35999999999999
26,209135,66.35999999999999
26,209153,66.35999999999999
26,209167,66.35999999999999
26,209169,66.35999999999999
26,209171,66.35999999999999
26,209187,66.35999999999999
26,209189,66.35999999999999
26,209215,66.35999999999999
26,209229,70.39000000000001
26,209259,70.39000000000001
26,209273,70.39000000000001
26,209275,70.39000000000001
26,209303,70.39000000000001
26,209317,70.39000000000001
26,209331,70.39000000000001
26,209363,70.39000000000001
26,209383,70.39000000000001
26,209397,70.39000000000001
26,209423,70.39000000000001
26,209449,78.94000000000003
26,209477,78.94000000000003
26,209479,78.94000000000003
26,209493,78.94000000000003
26,209519,78.94000000000003
26,209533,78.94000000000003
26,209547,78.94000000000003
26,209563,78.94000000000003
26,209581,78.94000000000003
26,209597,78.94000000000003
26,209611,78.94000000000003
26,209625,78.94000000000003
26,209639,78.94000000000003
26,209665,78.94000000000003
26,209681,78.94000000000003
26,209695,78.94000000000003
26,209723,78.94000000000003
26,209755,78.94000000000003
26,209771,78.94000000000003
26,209785,78.94000000000003
26,209799,78.94000000000003
26,209813,78.94000000000003
26,209827,78.94000000000003
26,209841,78.94000000000003
26,209867,78.94000000000003
26,209869,78.94000000000003
26,209899,78.94000000000003
26,209915,78.94000000000003
26,209931,78.94000000000003
26,209959,78.94000000000003
26,209985,78.94000000000003
26,210011,78.94000000000003
26,210027,78.94000000000003
26,210041,78.94000000000003
26,210073,78.94000000000003
26,210089,78.94000000000003
26,210103,78.94000000000003
26,210131,79.98
26,210145,79.98
26,210159,79.98
26,210175,79.98
26,210191,79.98
26,210207,79.98
26,210235,80.37999999999998
26,210237,80.37999999999998
26,210251,80.37999999999998
26,210267,80.37999999999998
26,210269,80.37999999999998
26,210283,80.37999999999998
26,210285,80.37999999999998
26,210299,80.37999999999998
26,210313,80.37999999999998
26,210329,80.37999999999998
26,210359,80.37999999999998
26,210385,80.37999999999998
26,210411,80.37999999999998
26,210439,80.37999999999998
26,210453,80.37999999999998
26,210455,80.37999999999998
26,210469,80.37999999999998
26,210497,80.37999999999998
26,210511,80.37999999999998
26,210513,80.37999999999998
26,210533,80.37999999999998
26,210561,80.37999999999998
26,210589,80.37999999999998
26,210615,80.37999999999998
26,210629,80.37999999999998
26,210647,80.37999999999998
26,210649,80.37999999999998
26,210651,80.37999999999998
26,210665,80.37999999999998
26,210667,80.37999999999998
26,210681,80.37999999999998
26,210715,80.37999999999998
26,210733,80.37999999999998
26,210761,80.37999999999998
26,210775,80.37999999999998
26,210801,80.37999999999998
26,210829,80.37999999999998
26,210857,80.37999999999998
26,210883,80.37999999999998
26,210897,80.37999999999998
26,210927,80.37999999999998
26,210929,80.37999999999998
26,210943,80.37999999999998
26,210945,80.37999999999998
26,210959,87.93000000000002
26,210973,87.93000000000002
26,210987,87.93000000000002
26,211003,87.93000000000002
26,211019,87.93000000000002
26,211049,87.93000000000002
26,211077,87.93000000000002
26,211093,87.93000000000002
26,211095,87.93000000000002
26,211111,89.28999999999998
26,211129,89.28999999999998
26,211147,89.28999999999998
26,211149,89.28999999999998
26,211163,89.28999999999998
26,211189,89.28999999999998
26,211203,89.28999999999998
26,211219,89.28999999999998
26,211233,89.28999999999998
26,211247,89.28999999999998
26,211265,89.28999999999998
26,211293,89.28999999999998
26,211323,89.28999999999998
26,211349,89.28999999999998
26,211375,89.28999999999998
26,211377,89.28999999999998
26,211391,89.28999999999998
26,211417,89.28999999999998
26,211433,89.28999999999998
26,211461,89.28999999999998
26,211475,89.28999999999998
26,211503,89.28999999999998
26,211517,89.28999999999998
26,211531,89.28999999999998
26,211533,89.28999999999998
26,211559,89.28999999999998
26,211575,89.28999999999998
26,211609,89.28999999999998
26,211623,89.28999999999998
26,211637,89.28999999999998
26,211655,89.28999999999998
26,211669,89.28999999999998
27,202152,30.230000000000008
27,202166,30.230000000000008
27,202184,30.230000000000008
27,202212,30.230000000000008
27,206227,30.230000000000008
27,206241,30.230000000000008
27,206271,30.230000000000008
27,206297,41.71000000000003
27,206313,41.71000000000003
27,206327,41.71000000000003
27,206341,41.71000000000003
27,206343,41.71000000000003
27,206359,41.71000000000003
27,206389,41.71000000000003
27,206419,41.71000000000003
27,206435,41.71000000000003
27,206449,41.71000000000003
27,206475,41.71000000000003
27,206501,49.99
27,206503,49.99
27,206533,49.99
27,206549,49.99
27,206551,49.99
27,206553,49.99
27,206567,49.99
27,206595,49.99
27,206627,49.99
27,206641,49.99
27,206655,49.99
27,206685,51.17000000000001
27,206713,51.17000000000001
27,206715,51.17000000000001
27,206729,51.17000000000001
27,206743,51.17000000000001
27,206759,51.17000000000001
27,206785,51.569999999999986
27,206813,51.569999999999986
27,206827,51.569999999999986
27,206853,51.569999999999986
27,206883,51.569999999999986
27,206911,51.569999999999986
27,206939,51.569999999999986
27,206953,51.569999999999986
27,206955,51.569999999999986
27,206969,51.569999999999986
27,206985,51.569999999999986
27,206987,51.569999999999986
27,207013,51.569999999999986
27,207027,51.569999999999986
27,207053,51.569999999999986
27,207079,51.569999999999986
27,207105,51.569999999999986
27,207135,64.26000000000002
27,207153,64.26000000000002
27,207155,64.26000000000002
27,207173,64.26000000000002
27,207191,64.26000000000002
27,207207,64.26000000000002
27,207209,64.26000000000002
27,207223,64.26000000000002
27,207249,64.26000000000002
27,207275,64.26000000000002
27,207291,64.26000000000002
27,207323,64.26000000000002
27,207337,64.26000000000002
27,207365,64.26000000000002
27,207393,64.26000000000002
27,207409,64.26000000000002
27,207435,64.26000000000002
27,207461,64.26000000000002
27,207487,64.26000000000002
27,207515,64.26000000000002
27,207547,64.26000000000002
27,207561,64.26000000000002
27,207587,64.26000000000002
27,207615,64.26000000000002
27,207643,64.26000000000002
27,207673,64.26000000000002
27,207675,64.26000000000002
27,207689,64.26000000000002
27,207691,64.26000000000002
27,207707,64.26000000000002
27,207735,64.26000000000002
27,207767,64.26000000000002
27,207785,64.26000000000002
27,207813,64.26000000000002
27,207839,67.43000000000002
27,207841,67.43000000000002
27,207871,67.43000000000002
27,207899,67.43000000000002
27,207913,67.43000000000002
27,207915,67.43000000000002
27,207941,67.43000000000002
27,207957,67.43000000000002
27,207959,67.43000000000002
27,207977,67.43000000000002
27,207993,67.43000000000002
27,208019,67.43000000000002
27,208047,67.43000000000002
27,208061,67.43000000000002
27,208077,67.43000000000002
27,208079,67.43000000000002
27,208109,67.43000000000002
27,208123,67.43000000000002
27,208155,67.43000000000002
27,208157,67.43000000000002
27,208185,67.43000000000002
27,208213,67.43000000000002
27,208243,67.43000000000002
27,208257,67.43000000000002
27,208259,67.43000000000002
27,208287,67.43000000000002
27,208313,67.43000000000002
27,208327,67.43000000000002
27,208329,67.43000000000002
27,208331,67.43000000000002
27,208361,67.43000000000002
27,208377,67.43000000000002
27,208393,67.43000000000002
27,208419,67.43000000000002
27,208445,67.43000000000002
27,208447,67.43000000000002
27,208461,67.43000000000002
27,208477,67.43000000000002
27,208505,67.43000000000002
27,208533,67.43000000000002
27,208547,67.43000000000002
27,208569,67.43000000000002
27,208583,67.43000000000002
27,208615,67.43000000000002
27,208643,67.43000000000002
27,208657,67.43000000000002
27,208659,67.43000000000002
27,208673,67.43000000000002
27,208701,67.43000000000002
27,208717,67.43000000000002
27,208743,67.43000000000002
27,208771,67.43000000000002
27,208785,70.90999999999998
27,208813,70.90999999999998
27,208827,70.90999999999998
27,208843,70.90999999999998
27,208875,70.90999999999998
27,208891,70.90999999999998
27,208905,70.90999999999998
27,208931,70.90999999999998
27,208945,70.90999999999998
27,208971,70.90999999999998
27,208973,70.90999999999998
27,208975,70.90999999999998
27,209001,70.90999999999998
27,209019,70.90999999999998
27,209045,70.90999999999998
27,209077,70.90999999999998
27,209093,70.90999999999998
27,209111,70.90999999999998
27,209127,70.90999999999998
27,209161,70.90999999999998
27,209177,70.90999999999998
27,209203,70.90999999999998
27,209233,70.90999999999998
27,209263,70.90999999999998
27,209277,70.90999999999998
27,209309,70.90999999999998
27,209337,70.90999999999998
27,209353,70.90999999999998
27,209367,70.90999999999998
27,209393,70.90999999999998
27,209425,70.90999999999998
27,209459,70.90999999999998
27,209461,70.90999999999998
27,209475,70.90999999999998
27,209489,70.90999999999998
27,209515,70.90999999999998
27,209541,70.90999999999998
27,209567,72.18
27,209593,72.18
27,209609,78.86
27,209611,78.86
27,209627,78.86
27,209629,78.86
27,209643,78.86
27,209657,78.86
27,209659,78.86
27,209687,78.86
27,209689,78.86
27,209715,78.86
27,209745,78.86
27,209759,78.86
27,209787,78.86
27,209801,78.86
27,209827,78.86
27,209855,78.86
27,209869,78.86
27,209883,78.86
27,209899,78.86
27,209927,78.86
27,209945,78.86
27,209973,78.86
27,210003,78.86
27,210033,78.86
27,210049,78.86
27,210065,78.86
27,210095,78.86
27,210121,78.86
27,210139,78.86
27,210153,78.86
27,210169,78.86
27,210195,78.86
27,210209,78.86
27,210211,78.86
27,210225,78.86
27,210245,78.86
27,210259,78.86
27,210287,78.86
27,210301,78.86
27,210315,78.86
27,210329,78.86
27,210355,78.86
27,210371,78.86
27,210385,78.86
27,210401,78.86
27,210403,78.86
27,210419,78.86
27,210453,78.86
27,210483,78.86
27,210509,78.86
27,210523,78.86
27,210549,78.86
27,210563,78.86
27,210579,78.86
27,210609,78.86
27,210635,78.86
27,210649,78.86
27,210663,78.86
27,210677,78.86
27,210707,78.86
27,210721,78.87
27,210737,78.87
27,210739,78.87
27,210757,78.87
27,210771,78.87
27,210787,85.27999999999999
27,210789,85.27999999999999
27,210805,85.27999999999999
27,210833,85.27999999999999
27,210863,85.27999999999999
27,210865,85.27999999999999
27,210879,85.27999999999999
27,210893,85.27999999999999
27,210911,85.27999999999999
27,210945,85.27999999999999
27,210963,85.27999999999999
27,210979,85.27999999999999
27,210993,85.27999999999999
27,211021,85.27999999999999
27,211051,85.27999999999999
27,211065,85.27999999999999
27,211067,85.27999999999999
27,211093,85.27999999999999
27,211107,85.27999999999999
27,211135,85.27999999999999
27,211163,85.27999999999999
27,211179,85.27999999999999
27,211193,85.27999999999999
27,211195,85.27999999999999
27,211209,85.27999999999999
27,211211,85.27999999999999
27,211237,85.31000000000002
27,211239,85.31000000000002
27,211253,85.31000000000002
27,211267,85.31000000000002
27,211281,85.31000000000002
27,211297,85.31000000000002
27,211313,90.29
27,211339,90.29
27,211353,90.29
27,211379,90.29
27,211409,90.29
27,211435,92.68000000000002
27,211451,92.68000000000002
27,211453,92.68000000000002
27,211467,92.68000000000002
27,211493,92.68000000000002
27,211507,92.68000000000002
27,211537,92.68000000000002
27,211563,92.68000000000002
27,211591,92.68000000000002
27,211605,92.68000000000002
27,211633,92.68000000000002
27,211647,92.68000000000002
27,211675,92.68000000000002
27,211689,92.68000000000002
27,211703,92.68000000000002
27,211729,92.68000000000002
27,211731,92.68000000000002
27,211759,92.68000000000002
27,211777,92.68000000000002
27,211791,92.68000000000002
27,211805,92.68000000000002
27,211833,92.68000000000002
27,211861,92.68000000000002
27,211891,92.68000000000002
27,211909,92.68000000000002
27,211927,92.68000000000002
27,211953,93.21000000000001
27,211967,93.21000000000001
27,211983,93.21000000000001
27,212009,93.21000000000001
27,212025,93.21000000000001
27,212051,93.21000000000001
27,212079,93.21000000000001
27,212109,93.21000000000001
27,212135,93.21000000000001
27,212151,93.21000000000001
28,201738,36.79
28,201740,36.79
28,201756,36.79
28,201786,36.79
28,201802,36.79
28,201830,38.12
28,201844,38.12
28,201858,38.12
28,205971,38.12
28,206003,38.12
28,206029,38.12
28,206031,38.12
28,206033,38.12
28,206061,38.12
28,206095,38.12
28,206121,38.12
28,206149,46.569999999999986
28,206165,46.569999999999986
28,206181,46.569999999999986
28,206213,46.569999999999986
28,206229,46.569999999999986
28,206245,46.569999999999986
28,206275,46.569999999999986
28,206301,46.569999999999986
28,206315,46.569999999999986
28,206331,46.569999999999986
28,206365,46.569999999999986
28,206381,46.569999999999986
28,206407,48.629999999999995
28,206409,48.629999999999995
28,206435,48.629999999999995
28,206449,53.690000000000005
28,206463,53.690000000000005
28,206465,53.690000000000005
28,206495,53.690000000000005
28,206529,53.690000000000005
28,206561,53.690000000000005
28,206563,53.690000000000005
28,206565,53.690000000000005
28,206595,53.690000000000005
28,206611,53.690000000000005
28,206637,53.690000000000005
28,206667,53.690000000000005
28,206695,53.690000000000005
28,206711,53.690000000000005
28,206739,53.690000000000005
28,206759,53.690000000000005
28,206785,55.16000000000002
28,206799,59.24000000000001
28,206827,59.24000000000001
28,206849,59.24000000000001
28,206883,59.24000000000001
28,206897,59.24000000000001
28,206911,59.24000000000001
28,206927,59.24000000000001
28,206957,59.24000000000001
28,206971,59.24000000000001
28,206987,59.24000000000001
28,207005,59.24000000000001
28,207019,59.24000000000001
28,207021,59.24000000000001
28,207047,59.24000000000001
28,207049,59.24000000000001
28,207051,59.24000000000001
28,207079,59.24000000000001
28,207105,59.24000000000001
28,207121,59.24000000000001
28,207123,59.24000000000001
28,207149,59.24000000000001
28,207177,59.24000000000001
28,207193,59.24000000000001
28,207207,59.24000000000001
28,207223,59.24000000000001
28,207239,59.24000000000001
28,207253,59.24000000000001
28,207267,59.24000000000001
28,207281,71.16999999999999
28,207295,71.16999999999999
28,207325,71.16999999999999
28,207341,71.16999999999999
28,207357,71.16999999999999
28,207373,71.16999999999999
28,207387,71.16999999999999
28,207413,71.16999999999999
28,207427,71.16999999999999
28,207441,71.16999999999999
28,207467,71.16999999999999
28,207493,71.16999999999999
28,207507,74.88999999999997
28,207533,74.88999999999997
28,207559,74.88999999999997
28,207561,74.88999999999997
28,207591,74.88999999999997
28,207607,74.88999999999997
28,207633,77.91000000000003
28,207647,77.91000000000003
28,207673,77.91000000000003
28,207701,77.91000000000003
28,207731,77.91000000000003
28,207733,77.91000000000003
28,207747,77.91000000000003
28,207763,77.91000000000003
28,207777,77.91000000000003
28,207779,77.91000000000003
28,207805,77.91000000000003
28,207819,77.91000000000003
28,207833,77.91000000000003
28,207859,77.91000000000003
28,207891,77.91000000000003
28,207893,77.91000000000003
28,207909,81.28000000000003
28,207925,81.28000000000003
28,207957,81.28000000000003
28,207973,86.70999999999995
28,208007,86.70999999999995
28,208009,86.70999999999995
28,208011,86.70999999999995
28,208025,86.70999999999995
28,208027,86.70999999999995
28,208043,86.70999999999995
28,208045,86.70999999999995
28,208073,86.70999999999995
28,208103,86.70999999999995
28,208129,86.70999999999995
28,208161,86.70999999999995
28,208175,86.70999999999995
28,208203,86.70999999999995
28,208229,86.70999999999995
28,208231,86.70999999999995
28,208245,86.70999999999995
28,208259,86.70999999999995
28,208273,86.70999999999995
28,208287,86.70999999999995
28,208301,86.70999999999995
28,208315,86.70999999999995
28,208329,86.70999999999995
28,208343,86.70999999999995
28,208359,86.70999999999995
28,208385,86.70999999999995
28,208387,86.70999999999995
28,208401,86.70999999999995
28,208415,86.70999999999995
28,208443,86.70999999999995
28,208473,86.70999999999995
28,208487,86.70999999999995
28,208489,86.70999999999995
28,208517,86.70999999999995
28,208531,86.70999999999995
28,208557,86.70999999999995
28,208571,86.70999999999995
28,208573,86.70999999999995
28,208575,86.70999999999995
28,208605,86.70999999999995
28,208619,86.70999999999995
28,208635,86.70999999999995
28,208651,86.70999999999995
28,208677,86.70999999999995
28,208707,86.70999999999995
28,208723,86.70999999999995
28,208749,86.70999999999995
28,208763,86.70999999999995
28,208791,86.70999999999995
28,208793,86.70999999999995
28,208795,86.70999999999995
28,208811,86.70999999999995
28,208841,86.70999999999995
28,208855,86.70999999999995
28,208877,86.70999999999995
28,208891,86.70999999999995
28,208893,86.70999999999995
28,208895,86.70999999999995
28,208897,86.70999999999995
28,208899,86.70999999999995
28,208925,86.70999999999995
28,208951,86.70999999999995
28,208965,86.70999999999995
28,208967,86.70999999999995
28,208995,86.70999999999995
28,209009,86.70999999999995
28,209035,86.70999999999995
28,209061,86.70999999999995
28,209077,86.70999999999995
28,209105,86.70999999999995
28,209119,86.70999999999995
28,209145,86.70999999999995
28,209159,86.70999999999995
28,209161,86.70999999999995
28,209179,86.70999999999995
28,209193,86.70999999999995
28,209219,86.70999999999995
28,209233,86.70999999999995
28,209247,86.70999999999995
28,209261,86.70999999999995
28,209291,86.70999999999995
28,209293,86.70999999999995
28,209295,86.70999999999995
28,209321,86.70999999999995
28,209337,86.70999999999995
28,209365,86.70999999999995
28,209399,86.70999999999995
28,209417,86.70999999999995
28,209445,86.70999999999995
28,209473,86.70999999999995
28,209475,86.70999999999995
28,209491,86.70999999999995
28,209507,86.70999999999995
28,209523,86.70999999999995
28,209537,86.70999999999995
28,209563,86.70999999999995
28,209565,86.70999999999995
28,209567,86.70999999999995
28,209581,86.70999999999995
28,209595,86.70999999999995
28,209609,86.70999999999995
28,209623,86.70999999999995
28,209625,86.70999999999995
28,209643,86.70999999999995
28,209675,86.70999999999995
28,209691,86.70999999999995
28,209709,86.70999999999995
28,209723,86.70999999999995
28,209739,95.94999999999999
28,209753,95.94999999999999
28,209767,95.94999999999999
28,209785,95.94999999999999
28,209787,95.94999999999999
28,209817,95.94999999999999
28,209831,95.94999999999999
28,209861,95.94999999999999
28,209863,95.94999999999999
28,209877,95.94999999999999
28,209879,95.94999999999999
28,209907,95.94999999999999
28,209909,95.94999999999999
28,209935,95.94999999999999
28,209937,95.94999999999999
28,209939,95.94999999999999
28,209953,95.94999999999999
28,209981,95.94999999999999
28,209983,95.94999999999999
28,210013,95.94999999999999
28,210015,95.94999999999999
28,210029,95.94999999999999
28,210059,95.94999999999999
28,210073,95.94999999999999
28,210105,95.94999999999999
28,210131,95.94999999999999
28,210145,95.94999999999999
28,210161,95.94999999999999
28,210189,95.94999999999999
28,210203,95.94999999999999
28,210219,95.94999999999999
28,210233,95.94999999999999
28,210259,95.94999999999999
28,210287,95.94999999999999
28,210301,95.94999999999999
28,210315,95.94999999999999
28,210349,95.94999999999999
28,210369,95.94999999999999
28,210405,95.94999999999999
28,210423,95.94999999999999
28,210441,95.94999999999999
28,210455,95.94999999999999
28,210481,95.94999999999999
28,210495,95.94999999999999
28,210497,95.94999999999999
28,210513,95.94999999999999
28,210539,95.94999999999999
28,210567,95.94999999999999
28,210581,95.94999999999999
28,210595,95.94999999999999
28,210623,95.94999999999999
28,210637,95.94999999999999
28,210639,95.94999999999999
28,210667,95.94999999999999
28,210695,95.94999999999999
28,210723,95.94999999999999
28,210749,95.94999999999999
28,210775,95.94999999999999
28,210791,95.94999999999999
28,210805,95.94999999999999
28,210807,95.94999999999999
28,210821,95.94999999999999
28,210823,95.94999999999999
28,210837,95.94999999999999
28,210853,95.94999999999999
28,210879,95.94999999999999
28,210907,95.94999999999999
28,210939,95.94999999999999
28,210941,95.94999999999999
28,210969,95.94999999999999
28,211007,95.94999999999999
28,211021,95.94999999999999
28,211053,95.94999999999999
28,211067,95.94999999999999
28,211081,95.94999999999999
28,211095,95.94999999999999
28,211127,95.94999999999999
28,211157,95.94999999999999
28,211171,95.94999999999999
28,211185,95.94999999999999
28,211199,95.94999999999999
28,211201,95.94999999999999
28,211227,95.94999999999999
28,211241,95.94999999999999
28,211257,95.94999999999999
28,211259,95.94999999999999
28,211291,95.94999999999999
28,211321,95.94999999999999
28,211335,95.94999999999999
28,211361,95.94999999999999
28,211377,95.94999999999999
28,211407,95.94999999999999
28,211423,95.94999999999999
28,211425,95.94999999999999
28,211453,95.94999999999999
28,211479,95.94999999999999
28,211505,95.94999999999999
28,211507,95.94999999999999
28,211523,95.94999999999999
28,211541,95.94999999999999
28,211555,95.94999999999999
28,211583,95.94999999999999
28,211585,95.94999999999999
28,211613,95.94999999999999
28,211627,95.94999999999999
28,211653,95.94999999999999
28,211667,95.94999999999999
28,211693,95.94999999999999
28,211707,95.94999999999999
28,211737,95.94999999999999
29,201264,29.49999999999999
29,201290,32.84
29,201320,32.989999999999995
29,201322,32.989999999999995
29,201350,32.989999999999995
29,201366,32.989999999999995
29,201380,32.989999999999995
29,201396,32.989999999999995
29,201412,32.989999999999995
29,201426,37.60000000000001
29,201440,42.36
29,201470,42.36
29,201498,42.36
29,201500,42.36
29,201516,42.36
29,201530,42.36
29,201560,42.36
29,201588,42.36
29,201618,42.36
29,201644,46.46000000000001
29,205759,46.46000000000001
29,205777,46.46000000000001
29,205805,46.46000000000001
29,205821,46.46000000000001
29,205835,46.46000000000001
29,205853,46.46000000000001
29,205881,46.46000000000001
29,205897,46.46000000000001
29,205919,46.46000000000001
29,205921,46.46000000000001
29,205955,46.46000000000001
29,205981,46.46000000000001
29,206009,46.46000000000001
29,206025,46.46000000000001
29,206055,46.46000000000001
29,206069,46.46000000000001
29,206095,58.85999999999999
29,206123,58.85999999999999
29,206137,58.85999999999999
29,206163,58.85999999999999
29,206179,58.85999999999999
29,206193,58.85999999999999
29,206195,58.85999999999999
29,206211,58.85999999999999
29,206225,58.85999999999999
29,206239,58.85999999999999
29,206265,58.85999999999999
29,206267,58.85999999999999
29,206295,58.85999999999999
29,206325,58.85999999999999
29,206341,58.85999999999999
29,206371,58.85999999999999
29,206397,58.85999999999999
29,206423,58.85999999999999
29,206425,58.85999999999999
29,206439,58.85999999999999
29,206469,63.75
29,206501,63.75
29,206519,63.75
29,206545,63.75
29,206559,63.75
29,206573,63.75
29,206607,63.75
29,206623,63.75
29,206653,63.75
29,206679,63.75
29,206705,63.75
29,206731,63.75
29,206747,63.75
29,206761,63.75
29,206775,63.75
29,206803,63.75
29,206819,63.75
29,206845,63.75
29,206861,63.75
29,206891,63.75
29,206893,63.75
29,206909,63.75
29,206911,69.86000000000003
29,206929,69.86000000000003
29,206931,69.86000000000003
29,206949,69.86000000000003
29,206963,69.86000000000003
29,206979,69.86000000000003
29,206993,69.86000000000003
29,207021,69.86000000000003
29,207047,69.86000000000003
29,207061,69.86000000000003
29,207079,69.86000000000003
29,207111,69.86000000000003
29,207139,69.86000000000003
29,207155,69.86000000000003
29,207181,69.86000000000003
29,207209,70.25
29,207211,70.25
29,207243,70.25
29,207261,70.25
29,207287,70.25
29,207301,70.25
29,207331,70.25
29,207347,70.25
29,207365,70.25
29,207395,70.25
29,207397,70.25
29,207427,70.25
29,207441,73.46000000000002
29,207457,73.46000000000002
29,207471,73.47999999999999
29,207499,73.47999999999999
29,207513,73.47999999999999
29,207541,73.47999999999999
29,207543,73.47999999999999
29,207559,73.47999999999999
29,207587,73.47999999999999
29,207615,73.47999999999999
29,207645,73.47999999999999
29,207659,73.47999999999999
29,207689,73.47999999999999
29,207719,73.47999999999999
29,207733,73.47999999999999
29,207735,73.47999999999999
29,207737,73.47999999999999
29,207751,73.47999999999999
29,207777,73.47999999999999
29,207797,73.47999999999999
29,207823,73.47999999999999
29,207825,73.47999999999999
29,207827,73.47999999999999
29,207857,73.47999999999999
29,207859,73.47999999999999
29,207861,73.47999999999999
29,207891,73.47999999999999
29,207905,73.47999999999999
29,207919,73.47999999999999
29,207937,73.47999999999999
29,207965,73.47999999999999
29,207981,73.47999999999999
29,208009,73.47999999999999
29,208035,73.47999999999999
29,208063,73.47999999999999
29,208077,73.47999999999999
29,208103,73.47999999999999
29,208117,73.47999999999999
29,208133,73.47999999999999
29,208149,73.47999999999999
29,208175,73.47999999999999
29,208201,73.47999999999999
29,208227,73.47999999999999
29,208253,73.47999999999999
29,208279,73.47999999999999
29,208295,73.47999999999999
29,208309,77.42999999999995
29,208339,77.42999999999995
29,208365,77.42999999999995
29,208367,77.42999999999995
29,208369,77.42999999999995
29,208383,77.42999999999995
29,208397,77.42999999999995
29,208411,77.42999999999995
29,208443,77.42999999999995
29,208473,77.42999999999995
29,208487,77.42999999999995
29,208515,77.42999999999995
29,208529,77.42999999999995
29,208555,90.69000000000004
29,208569,90.69000000000004
29,208585,90.69000000000004
29,208615,90.69000000000004
29,208617,90.69000000000004
29,208633,90.69000000000004
29,208635,90.69000000000004
29,208663,90.69000000000004
29,208679,90.69000000000004
29,208705,90.69000000000004
29,208707,90.69000000000004
29,208723,90.69000000000004
29,208739,90.69000000000004
29,208753,90.69000000000004
29,208785,90.69000000000004
29,208813,90.69000000000004
29,208833,90.69000000000004
29,208865,90.69000000000004
29,208867,90.69000000000004
29,208869,90.69000000000004
29,208883,90.69000000000004
29,208903,90.69000000000004
29,208905,90.69000000000004
29,208935,90.69000000000004
29,208951,90.69000000000004
29,208979,90.69000000000004
29,208995,90.69000000000004
29,208997,90.69000000000004
29,209025,90.69000000000004
29,209051,90.69000000000004
29,209079,90.69000000000004
29,209095,90.69000000000004
29,209121,90.69000000000004
29,209147,90.69000000000004
29,209161,90.69000000000004
29,209191,90.69000000000004
29,209205,90.69000000000004
29,209219,90.69000000000004
29,209221,90.69000000000004
29,209247,100.98
29,209279,100.98
29,209307,100.98
29,209333,100.98
29,209335,100.98
29,209361,100.98
29,209391,100.98
29,209417,100.98
29,209433,100.98
29,209435,100.98
29,209451,100.98
29,209485,100.98
29,209513,100.98
29,209531,100.98
29,209551,100.98
29,209565,100.98
29,209593,100.98
29,209611,100.98
29,209627,100.98
29,209655,100.98
29,209669,100.98
29,209697,109.25999999999993
29,209717,109.25999999999993
29,209743,109.25999999999993
29,209757,109.25999999999993
29,209771,109.25999999999993
29,209785,109.25999999999993
29,209799,109.25999999999993
29,209819,109.25999999999993
29,209833,109.25999999999993
29,209835,109.25999999999993
29,209849,109.25999999999993
29,209851,109.25999999999993
29,209879,109.25999999999993
29,209893,109.25999999999993
29,209919,109.25999999999993
29,209945,109.25999999999993
29,209977,109.25999999999993
29,210005,109.25999999999993
29,210035,109.25999999999993
29,210049,109.25999999999993
29,210063,109.25999999999993
29,210079,109.25999999999993
29,210081,109.25999999999993
29,210097,109.25999999999993
29,210113,109.25999999999993
29,210127,109.25999999999993
29,210141,109.25999999999993
29,210167,109.25999999999993
29,210193,122.43000000000004
29,210221,122.43000000000004
29,210249,122.43000000000004
29,210279,122.43000000000004
29,210307,122.43000000000004
29,210321,122.43000000000004
29,210349,122.43000000000004
29,210377,122.43000000000004
29,210403,124.75000000000004
29,210417,124.75000000000004
29,210431,124.75000000000004
29,210445,124.75000000000004
29,210459,124.75000000000004
29,210461,124.75000000000004
29,210475,124.75000000000004
29,210491,124.75000000000004
29,210505,124.75000000000004
29,210519,124.75000000000004
29,210539,124.75000000000004
29,210571,124.75000000000004
29,210601,124.75000000000004
29,210615,124.75000000000004
29,210631,124.75000000000004
29,210633,124.75000000000004
29,210659,124.75000000000004
29,210685,124.75000000000004
29,210699,124.75000000000004
29,210725,129.49000000000007
29,210755,129.49000000000007
29,210769,129.49000000000007
29,210787,129.49000000000007
29,210789,129.49000000000007
29,210791,134.92
29,210805,134.92
29,210819,134.92
29,210833,134.92
29,210859,134.92
29,210887,134.92
29,210921,134.92
29,210923,134.92
29,210937,134.92
29,210963,134.92
29,210979,134.92
29,210993,134.92
29,211019,134.92
29,211049,134.92
29,211075,134.92
29,211107,134.92
29,211121,134.92
29,211135,134.92
29,211151,134.92
29,211179,134.92
29,211195,134.92
29,211221,134.92
29,211235,134.92
30,201068,28.15999999999999
30,201096,29.569999999999993
30,205193,32.14
30,205209,32.14
30,205223,32.14
30,205251,32.14
30,205279,35.34
30,205293,35.34
30,205321,35.34
30,205351,35.34
30,205377,35.34
30,205391,47.240000000000045
30,205409,47.240000000000045
30,205411,47.240000000000045
30,205425,47.240000000000045
30,205427,47.240000000000045
30,205441,47.240000000000045
30,205469,47.240000000000045
30,205471,47.240000000000045
30,205473,47.240000000000045
30,205503,47.240000000000045
30,205531,47.240000000000045
30,205547,47.240000000000045
30,205561,47.240000000000045
30,205577,47.240000000000045
30,205615,47.240000000000045
30,205631,47.240000000000045
30,205645,47.240000000000045
30,205675,47.240000000000045
30,205701,47.240000000000045
30,205715,47.240000000000045
30,205729,47.240000000000045
30,205757,47.240000000000045
30,205785,47.240000000000045
30,205787,47.240000000000045
30,205789,47.240000000000045
30,205803,47.240000000000045
30,205819,47.240000000000045
30,205845,47.240000000000045
30,205859,47.240000000000045
30,205887,47.240000000000045
30,205903,47.240000000000045
30,205917,47.240000000000045
30,205931,47.240000000000045
30,205947,47.240000000000045
30,205975,47.240000000000045
30,206007,47.240000000000045
30,206021,47.240000000000045
30,206035,47.240000000000045
30,206037,47.240000000000045
30,206053,47.240000000000045
30,206079,47.240000000000045
30,206097,47.240000000000045
30,206111,50.179999999999986
30,206141,50.179999999999986
30,206167,51.22
30,206183,51.22
30,206211,51.22
30,206239,51.22
30,206265,56.96999999999998
30,206279,56.96999999999998
30,206293,56.96999999999998
30,206311,56.96999999999998
30,206327,56.96999999999998
30,206359,56.96999999999998
30,206373,56.96999999999998
30,206399,56.96999999999998
30,206427,56.96999999999998
30,206455,56.96999999999998
30,206485,56.96999999999998
30,206499,56.96999999999998
30,206521,56.96999999999998
30,206535,56.96999999999998
30,206563,62.61999999999998
30,206565,62.61999999999998
30,206567,62.61999999999998
30,206583,62.61999999999998
30,206611,62.61999999999998
30,206629,62.61999999999998
30,206643,62.61999999999998
30,206657,62.61999999999998
30,206687,62.61999999999998
30,206701,62.61999999999998
30,206731,62.61999999999998
30,206761,62.61999999999998
30,206791,62.61999999999998
30,206805,62.61999999999998
30,206823,62.61999999999998
30,206851,62.61999999999998
30,206881,62.61999999999998
30,206911,62.61999999999998
30,206925,62.61999999999998
30,206951,62.61999999999998
30,206965,62.61999999999998
30,206991,62.61999999999998
30,207021,62.61999999999998
30,207035,62.61999999999998
30,207053,62.61999999999998
30,207069,62.61999999999998
30,207071,62.61999999999998
30,207073,62.61999999999998
30,207087,62.61999999999998
30,207101,62.61999999999998
30,207115,62.61999999999998
30,207129,62.61999999999998
30,207143,62.61999999999998
30,207159,62.61999999999998
30,207191,62.61999999999998
30,207221,62.61999999999998
30,207237,62.61999999999998
30,207265,62.61999999999998
30,207279,67.72999999999998
30,207293,75.07999999999998
30,207319,75.07999999999998
30,207333,75.07999999999998
30,207361,75.07999999999998
30,207377,75.07999999999998
30,207393,75.07999999999998
30,207395,75.07999999999998
30,207409,75.07999999999998
30,207425,75.07999999999998
30,207441,75.07999999999998
30,207455,75.07999999999998
30,207457,75.07999999999998
30,207491,75.97999999999998
30,207519,75.97999999999998
30,207537,75.97999999999998
30,207551,75.97999999999998
30,207577,151.83
30,207591,151.83
30,207631,151.83
30,207659,151.83
30,207689,151.83
30,207719,151.83
30,207745,151.83
30,207747,151.83
30,207775,151.83
30,207797,151.83
30,207825,151.83
30,207827,151.83
30,207855,151.83
30,207887,151.83
30,207915,151.83
30,207941,151.83
30,207973,151.83
30,207987,151.83
30,207989,151.83
30,207991,151.83
30,208017,151.83
30,208035,151.83
30,208061,151.83
30,208075,151.83
30,208077,151.83
30,208093,151.83
30,208111,151.83
30,208127,151.83
30,208153,151.83
30,208167,151.83
30,208193,151.83
30,208219,151.83
30,208245,151.83
30,208261,151.83
30,208275,151.83
30,208289,151.83
30,208305,151.83
30,208331,151.83
30,208345,151.83
30,208347,151.83
30,208373,151.83
30,208387,151.83
30,208403,151.83
30,208433,151.83
30,208459,151.83
30,208491,151.83
30,208507,151.83
30,208533,151.83
30,208535,151.83
30,208537,151.83
30,208567,151.83
30,208583,151.83
30,208611,151.83
30,208641,151.83
30,208669,151.83
30,208671,151.83
30,208687,151.83
30,208717,151.83
30,208745,151.83
30,208771,151.83
30,208785,151.83
30,208801,151.83
30,208803,151.83
30,208805,151.83
30,208807,151.83
30,208821,151.83
30,208851,151.83
30,208865,151.83
30,208881,151.83
30,208907,151.83
30,208909,151.83
30,208923,151.83
30,208925,151.83
30,208941,152.39999999999995
30,208957,152.39999999999995
30,208959,152.39999999999995
30,208979,152.39999999999995
30,208995,152.39999999999995
30,209025,152.39999999999995
30,209055,152.39999999999995
30,209085,152.39999999999995
30,209111,152.39999999999995
30,209125,152.39999999999995
30,209139,152.39999999999995
30,209169,152.39999999999995
30,209195,152.39999999999995
30,209209,152.39999999999995
30,209237,152.39999999999995
30,209263,152.39999999999995
30,209265,152.39999999999995
30,209279,152.39999999999995
30,209305,152.39999999999995
30,209333,152.39999999999995
30,209347,152.39999999999995
30,209363,152.39999999999995
30,209389,152.39999999999995
30,209415,152.39999999999995
30,209441,152.39999999999995
30,209471,152.39999999999995
30,209487,152.39999999999995
30,209501,152.39999999999995
30,209515,152.39999999999995
30,209543,152.39999999999995
30,209559,152.39999999999995
30,209585,152.39999999999995
30,209613,152.39999999999995
30,209615,152.39999999999995
30,209617,152.39999999999995
30,209643,152.39999999999995
30,209673,152.39999999999995
30,209689,152.39999999999995
30,209703,152.39999999999995
30,209719,152.39999999999995
30,209735,152.39999999999995
30,209761,152.39999999999995
30,209793,152.39999999999995
30,209809,152.39999999999995
30,209837,152.39999999999995
30,209851,152.39999999999995
30,209865,152.39999999999995
30,209897,152.39999999999995
30,209933,152.39999999999995
30,209947,152.39999999999995
30,209949,152.39999999999995
30,209963,152.39999999999995
30,209979,152.39999999999995
30,209995,152.39999999999995
30,210025,152.39999999999995
30,210027,152.39999999999995
30,210055,152.39999999999995
30,210075,152.39999999999995
30,210103,152.39999999999995
30,210117,152.39999999999995
30,210147,152.39999999999995
30,210149,152.39999999999995
30,210163,152.39999999999995
30,210189,152.39999999999995
30,210203,152.39999999999995
30,210219,152.39999999999995
30,210249,152.39999999999995
30,210279,152.39999999999995
30,210309,152.39999999999995
30,210325,152.39999999999995
30,210339,152.39999999999995
30,210365,152.39999999999995
30,210393,152.39999999999995
30,210423,152.39999999999995
30,210437,152.39999999999995
30,210451,152.39999999999995
30,210467,152.39999999999995
30,210497,152.39999999999995
30,210513,152.39999999999995
30,210527,152.39999999999995
30,210529,152.39999999999995
30,210543,152.39999999999995
30,210573,152.39999999999995
30,210575,152.39999999999995
30,210601,152.39999999999995
30,210617,152.39999999999995
30,210635,152.39999999999995
30,210663,152.39999999999995
30,210665,152.39999999999995
30,210691,152.39999999999995
30,210705,152.39999999999995
30,210721,152.39999999999995
30,210751,152.39999999999995
30,210777,152.39999999999995
30,210791,152.39999999999995
30,210793,152.39999999999995
30,210819,152.39999999999995
30,210847,152.39999999999995
30,210849,152.39999999999995
30,210863,152.39999999999995
30,210891,152.39999999999995
30,210917,152.39999999999995
30,210919,152.39999999999995
30,210947,152.39999999999995
30,210949,152.39999999999995
30,210951,152.39999999999995
30,210965,152.39999999999995
30,210967,152.39999999999995
30,210981,152.39999999999995
30,210999,152.39999999999995
30,211021,152.39999999999995
30,211051,152.39999999999995
