evaluations raw_y
1 -290.0000000000
2 -277.0000000000
3 -270.0000000000
28 -261.0000000000
118 -259.0000000000
153 -258.0000000000
178 -257.0000000000
203 -256.0000000000
215 -255.0000000000
241 -254.0000000000
266 -253.0000000000
319 -252.0000000000
328 -251.0000000000
352 -250.0000000000
364 -249.0000000000
401 -248.0000000000
459 -246.0000000000
495 -245.0000000000
524 -244.0000000000
541 -243.0000000000
591 -242.0000000000
600 -240.0000000000
667 -238.0000000000
672 -237.0000000000
695 -236.0000000000
770 -235.0000000000
806 -234.0000000000
814 -233.0000000000
839 -232.0000000000
879 -231.0000000000
893 -229.0000000000
954 -228.0000000000
955 -227.0000000000
995 -226.0000000000
1017 -225.0000000000
1050 -224.0000000000
1067 -223.0000000000
1109 -221.0000000000
1131 -220.0000000000
1150 -219.0000000000
1182 -218.0000000000
1224 -217.0000000000
1238 -215.0000000000
1289 -214.0000000000
1298 -213.0000000000
1336 -212.0000000000
1390 -211.0000000000
1425 -210.0000000000
1501 -209.0000000000
1546 -208.0000000000
1566 -207.0000000000
1583 -206.0000000000
1593 -205.0000000000
1654 -204.0000000000
1711 -203.0000000000
1723 -202.0000000000
1787 -201.0000000000
1789 -199.0000000000
1811 -198.0000000000
1840 -197.0000000000
1867 -196.0000000000
1987 -195.0000000000
2012 -194.0000000000
2081 -193.0000000000
2133 -191.0000000000
2214 -189.0000000000
2318 -188.0000000000
2365 -187.0000000000
2376 -186.0000000000
2412 -184.0000000000
2420 -183.0000000000
2524 -182.0000000000
2571 -181.0000000000
2587 -180.0000000000
2601 -179.0000000000
2668 -178.0000000000
2730 -177.0000000000
2755 -176.0000000000
2786 -175.0000000000
2871 -174.0000000000
2884 -173.0000000000
2907 -172.0000000000
2990 -171.0000000000
3060 -170.0000000000
3094 -169.0000000000
3138 -168.0000000000
3146 -167.0000000000
3203 -166.0000000000
3286 -165.0000000000
3308 -164.0000000000
3360 -163.0000000000
3409 -162.0000000000
3454 -161.0000000000
3504 -160.0000000000
3543 -159.0000000000
3602 -158.0000000000
3671 -157.0000000000
3704 -155.0000000000
3842 -154.0000000000
3904 -153.0000000000
3905 -152.0000000000
3951 -151.0000000000
4029 -150.0000000000
4089 -149.0000000000
4127 -148.0000000000
4163 -147.0000000000
4201 -146.0000000000
4237 -145.0000000000
4258 -144.0000000000
4313 -143.0000000000
4388 -142.0000000000
4420 -139.0000000000
4422 -138.0000000000
4469 -137.0000000000
4543 -136.0000000000
4687 -135.0000000000
4774 -134.0000000000
4800 -132.0000000000
4914 -131.0000000000
4984 -130.0000000000
5009 -129.0000000000
5086 -128.0000000000
5137 -127.0000000000
5172 -126.0000000000
5177 -125.0000000000
5241 -124.0000000000
5315 -123.0000000000
5350 -122.0000000000
5367 -121.0000000000
5443 -120.0000000000
5505 -119.0000000000
5551 -118.0000000000
5557 -117.0000000000
5723 -116.0000000000
5783 -115.0000000000
5814 -113.0000000000
5852 -112.0000000000
5917 -111.0000000000
5918 -110.0000000000
6064 -109.0000000000
6136 -108.0000000000
6205 -107.0000000000
6232 -106.0000000000
6249 -105.0000000000
6369 -104.0000000000
6422 -103.0000000000
6515 -102.0000000000
6579 -101.0000000000
6658 -100.0000000000
6664 -99.0000000000
6677 -98.0000000000
6786 -97.0000000000
6818 -96.0000000000
6897 -95.0000000000
7025 -94.0000000000
7075 -93.0000000000
7108 -92.0000000000
7181 -91.0000000000
7205 -90.0000000000
7222 -89.0000000000
7295 -88.0000000000
7387 -87.0000000000
7409 -86.0000000000
7535 -85.0000000000
7550 -83.0000000000
7642 -82.0000000000
7721 -81.0000000000
7754 -80.0000000000
7851 -79.0000000000
7862 -78.0000000000
7977 -77.0000000000
8058 -76.0000000000
8093 -75.0000000000
8131 -74.0000000000
8279 -73.0000000000
8376 -72.0000000000
8409 -71.0000000000
8557 -70.0000000000
8577 -69.0000000000
8678 -68.0000000000
8802 -67.0000000000
8904 -66.0000000000
8960 -65.0000000000
9042 -64.0000000000
9121 -63.0000000000
9276 -62.0000000000
9326 -60.0000000000
9418 -59.0000000000
9591 -58.0000000000
9719 -57.0000000000
9837 -56.0000000000
9926 -55.0000000000
10011 -54.0000000000
10035 -53.0000000000
10050 -56.0000000000
evaluations raw_y
1 -280.0000000000
2 -248.0000000000
57 -247.0000000000
102 -246.0000000000
109 -245.0000000000
130 -244.0000000000
184 -243.0000000000
197 -241.0000000000
216 -240.0000000000
277 -239.0000000000
326 -238.0000000000
365 -237.0000000000
397 -235.0000000000
447 -234.0000000000
498 -232.0000000000
531 -231.0000000000
546 -230.0000000000
563 -228.0000000000
593 -225.0000000000
669 -224.0000000000
697 -223.0000000000
748 -222.0000000000
761 -221.0000000000
767 -220.0000000000
805 -219.0000000000
874 -218.0000000000
914 -217.0000000000
939 -216.0000000000
946 -215.0000000000
992 -213.0000000000
1004 -212.0000000000
1045 -211.0000000000
1069 -210.0000000000
1098 -209.0000000000
1112 -208.0000000000
1133 -207.0000000000
1199 -206.0000000000
1203 -205.0000000000
1254 -204.0000000000
1298 -203.0000000000
1327 -202.0000000000
1354 -201.0000000000
1363 -200.0000000000
1400 -199.0000000000
1481 -198.0000000000
1511 -196.0000000000
1555 -195.0000000000
1571 -194.0000000000
1585 -193.0000000000
1653 -192.0000000000
1690 -190.0000000000
1703 -189.0000000000
1743 -187.0000000000
1775 -186.0000000000
1851 -185.0000000000
1874 -183.0000000000
1912 -182.0000000000
1931 -181.0000000000
1944 -180.0000000000
1985 -178.0000000000
2002 -177.0000000000
2074 -176.0000000000
2095 -175.0000000000
2168 -174.0000000000
2202 -173.0000000000
2214 -171.0000000000
2292 -170.0000000000
2333 -169.0000000000
2384 -168.0000000000
2436 -167.0000000000
2467 -166.0000000000
2554 -164.0000000000
2620 -163.0000000000
2623 -162.0000000000
2727 -161.0000000000
2765 -160.0000000000
2876 -159.0000000000
2902 -158.0000000000
2905 -157.0000000000
2995 -154.0000000000
3070 -153.0000000000
3112 -152.0000000000
3124 -151.0000000000
3197 -150.0000000000
3215 -149.0000000000
3221 -148.0000000000
3265 -147.0000000000
3351 -146.0000000000
3429 -145.0000000000
3431 -144.0000000000
3447 -143.0000000000
3512 -142.0000000000
3612 -141.0000000000
3632 -140.0000000000
3696 -139.0000000000
3744 -138.0000000000
3813 -137.0000000000
3848 -136.0000000000
3889 -135.0000000000
3980 -134.0000000000
4031 -133.0000000000
4110 -132.0000000000
4132 -131.0000000000
4161 -130.0000000000
4230 -128.0000000000
4249 -127.0000000000
4342 -126.0000000000
4392 -125.0000000000
4476 -124.0000000000
4559 -123.0000000000
4586 -122.0000000000
4620 -121.0000000000
4670 -120.0000000000
4749 -119.0000000000
4842 -118.0000000000
4899 -117.0000000000
4960 -116.0000000000
5118 -115.0000000000
5127 -114.0000000000
5221 -113.0000000000
5238 -111.0000000000
5340 -110.0000000000
5451 -108.0000000000
5475 -107.0000000000
5567 -106.0000000000
5615 -105.0000000000
5655 -104.0000000000
5767 -103.0000000000
5844 -102.0000000000
5920 -101.0000000000
5927 -99.0000000000
6003 -98.0000000000
6050 -97.0000000000
6116 -96.0000000000
6171 -95.0000000000
6294 -94.0000000000
6378 -93.0000000000
6434 -92.0000000000
6536 -91.0000000000
6631 -90.0000000000
6773 -89.0000000000
6881 -88.0000000000
6906 -87.0000000000
6944 -86.0000000000
7031 -85.0000000000
7124 -83.0000000000
7290 -82.0000000000
7416 -81.0000000000
7564 -80.0000000000
7643 -79.0000000000
7776 -78.0000000000
7786 -77.0000000000
7842 -76.0000000000
7955 -75.0000000000
7988 -74.0000000000
8100 -73.0000000000
8200 -72.0000000000
8279 -71.0000000000
8349 -70.0000000000
8468 -69.0000000000
8564 -68.0000000000
8635 -67.0000000000
8765 -66.0000000000
8916 -65.0000000000
9023 -64.0000000000
9138 -63.0000000000
9176 -62.0000000000
9265 -61.0000000000
9404 -59.0000000000
9528 -58.0000000000
9529 -57.0000000000
9543 -56.0000000000
9607 -55.0000000000
9710 -54.0000000000
9905 -53.0000000000
9984 -52.0000000000
10026 -51.0000000000
10050 -55.0000000000
evaluations raw_y
1 -272.0000000000
6 -270.0000000000
7 -257.0000000000
52 -256.0000000000
99 -255.0000000000
103 -254.0000000000
137 -253.0000000000
140 -251.0000000000
184 -250.0000000000
187 -249.0000000000
198 -248.0000000000
201 -247.0000000000
223 -246.0000000000
295 -245.0000000000
328 -244.0000000000
355 -242.0000000000
362 -241.0000000000
445 -240.0000000000
503 -239.0000000000
508 -238.0000000000
517 -236.0000000000
565 -235.0000000000
595 -234.0000000000
648 -233.0000000000
687 -232.0000000000
719 -231.0000000000
750 -230.0000000000
764 -229.0000000000
803 -228.0000000000
817 -227.0000000000
830 -226.0000000000
879 -225.0000000000
924 -224.0000000000
936 -223.0000000000
991 -222.0000000000
1039 -221.0000000000
1048 -220.0000000000
1088 -219.0000000000
1108 -217.0000000000
1121 -216.0000000000
1140 -214.0000000000
1179 -213.0000000000
1203 -212.0000000000
1262 -210.0000000000
1276 -209.0000000000
1345 -206.0000000000
1389 -205.0000000000
1402 -204.0000000000
1442 -202.0000000000
1519 -201.0000000000
1533 -200.0000000000
1576 -198.0000000000
1591 -197.0000000000
1674 -196.0000000000
1690 -195.0000000000
1784 -194.0000000000
1798 -193.0000000000
1874 -192.0000000000
1885 -191.0000000000
1922 -189.0000000000
2005 -188.0000000000
2061 -186.0000000000
2103 -185.0000000000
2115 -184.0000000000
2125 -182.0000000000
2141 -181.0000000000
2191 -179.0000000000
2227 -178.0000000000
2266 -177.0000000000
2300 -176.0000000000
2305 -175.0000000000
2350 -174.0000000000
2464 -173.0000000000
2483 -172.0000000000
2508 -171.0000000000
2531 -170.0000000000
2564 -169.0000000000
2621 -168.0000000000
2657 -167.0000000000
2720 -166.0000000000
2760 -165.0000000000
2782 -164.0000000000
2788 -163.0000000000
2834 -162.0000000000
2897 -161.0000000000
2923 -160.0000000000
2937 -159.0000000000
3035 -158.0000000000
3081 -157.0000000000
3091 -156.0000000000
3153 -155.0000000000
3167 -154.0000000000
3198 -152.0000000000
3204 -151.0000000000
3215 -150.0000000000
3288 -149.0000000000
3347 -148.0000000000
3404 -147.0000000000
3430 -146.0000000000
3527 -145.0000000000
3565 -144.0000000000
3657 -143.0000000000
3742 -142.0000000000
3805 -141.0000000000
3828 -140.0000000000
3922 -139.0000000000
3994 -138.0000000000
4081 -135.0000000000
4212 -134.0000000000
4258 -133.0000000000
4293 -132.0000000000
4335 -131.0000000000
4408 -130.0000000000
4429 -129.0000000000
4534 -128.0000000000
4596 -127.0000000000
4698 -126.0000000000
4724 -125.0000000000
4772 -124.0000000000
4794 -123.0000000000
4817 -122.0000000000
4843 -121.0000000000
4872 -120.0000000000
4965 -119.0000000000
5007 -118.0000000000
5073 -117.0000000000
5144 -116.0000000000
5186 -115.0000000000
5287 -114.0000000000
5334 -113.0000000000
5388 -112.0000000000
5505 -111.0000000000
5564 -110.0000000000
5636 -108.0000000000
5653 -107.0000000000
5776 -106.0000000000
5907 -105.0000000000
6004 -104.0000000000
6053 -103.0000000000
6143 -102.0000000000
6268 -101.0000000000
6371 -100.0000000000
6381 -99.0000000000
6410 -98.0000000000
6483 -97.0000000000
6614 -96.0000000000
6624 -95.0000000000
6697 -94.0000000000
6763 -92.0000000000
6841 -91.0000000000
6867 -90.0000000000
6998 -89.0000000000
7052 -88.0000000000
7144 -87.0000000000
7238 -86.0000000000
7293 -85.0000000000
7351 -84.0000000000
7360 -83.0000000000
7370 -82.0000000000
7566 -81.0000000000
7590 -79.0000000000
7733 -77.0000000000
7816 -76.0000000000
7889 -75.0000000000
7954 -74.0000000000
7957 -73.0000000000
7984 -72.0000000000
8074 -71.0000000000
8112 -70.0000000000
8258 -69.0000000000
8375 -68.0000000000
8433 -67.0000000000
8510 -66.0000000000
8556 -65.0000000000
8590 -64.0000000000
8678 -63.0000000000
8688 -62.0000000000
8777 -61.0000000000
8912 -60.0000000000
8972 -59.0000000000
9114 -58.0000000000
9125 -57.0000000000
9214 -55.0000000000
9470 -54.0000000000
9593 -53.0000000000
9616 -52.0000000000
9714 -51.0000000000
9821 -49.0000000000
10050 -50.0000000000
evaluations raw_y
1 -267.0000000000
17 -258.0000000000
125 -257.0000000000
148 -256.0000000000
150 -255.0000000000
230 -254.0000000000
231 -253.0000000000
258 -252.0000000000
296 -251.0000000000
313 -250.0000000000
346 -249.0000000000
367 -247.0000000000
441 -246.0000000000
495 -245.0000000000
519 -244.0000000000
536 -243.0000000000
569 -242.0000000000
603 -241.0000000000
635 -239.0000000000
712 -238.0000000000
759 -237.0000000000
771 -236.0000000000
863 -235.0000000000
921 -234.0000000000
969 -233.0000000000
985 -232.0000000000
1085 -231.0000000000
1105 -230.0000000000
1113 -229.0000000000
1121 -228.0000000000
1133 -227.0000000000
1189 -226.0000000000
1223 -225.0000000000
1289 -224.0000000000
1320 -223.0000000000
1339 -222.0000000000
1390 -221.0000000000
1433 -220.0000000000
1458 -217.0000000000
1554 -216.0000000000
1558 -215.0000000000
1585 -214.0000000000
1607 -213.0000000000
1611 -212.0000000000
1638 -210.0000000000
1669 -208.0000000000
1761 -207.0000000000
1782 -206.0000000000
1798 -205.0000000000
1915 -203.0000000000
1951 -202.0000000000
1995 -201.0000000000
2016 -200.0000000000
2080 -199.0000000000
2142 -198.0000000000
2158 -197.0000000000
2191 -196.0000000000
2264 -195.0000000000
2287 -193.0000000000
2348 -192.0000000000
2383 -191.0000000000
2404 -190.0000000000
2422 -189.0000000000
2490 -188.0000000000
2534 -187.0000000000
2572 -185.0000000000
2644 -182.0000000000
2805 -181.0000000000
2840 -180.0000000000
2859 -179.0000000000
2916 -178.0000000000
2989 -177.0000000000
3061 -174.0000000000
3201 -173.0000000000
3259 -171.0000000000
3274 -170.0000000000
3298 -169.0000000000
3377 -168.0000000000
3435 -167.0000000000
3443 -166.0000000000
3551 -165.0000000000
3575 -164.0000000000
3643 -162.0000000000
3699 -160.0000000000
3749 -159.0000000000
3849 -158.0000000000
3854 -157.0000000000
3867 -156.0000000000
3877 -154.0000000000
3978 -153.0000000000
4059 -151.0000000000
4093 -150.0000000000
4136 -149.0000000000
4249 -148.0000000000
4285 -147.0000000000
4306 -144.0000000000
4386 -143.0000000000
4500 -142.0000000000
4600 -140.0000000000
4620 -139.0000000000
4690 -138.0000000000
4739 -137.0000000000
4770 -136.0000000000
4839 -134.0000000000
4866 -133.0000000000
4882 -132.0000000000
4990 -131.0000000000
5038 -130.0000000000
5043 -129.0000000000
5112 -128.0000000000
5148 -127.0000000000
5174 -126.0000000000
5254 -125.0000000000
5325 -124.0000000000
5367 -123.0000000000
5434 -122.0000000000
5487 -121.0000000000
5638 -120.0000000000
5650 -119.0000000000
5712 -118.0000000000
5784 -117.0000000000
5862 -116.0000000000
5913 -115.0000000000
6014 -114.0000000000
6065 -113.0000000000
6165 -112.0000000000
6198 -110.0000000000
6208 -109.0000000000
6226 -108.0000000000
6326 -107.0000000000
6386 -106.0000000000
6473 -105.0000000000
6559 -104.0000000000
6659 -103.0000000000
6731 -102.0000000000
6792 -101.0000000000
6893 -100.0000000000
6950 -99.0000000000
7043 -98.0000000000
7081 -97.0000000000
7152 -96.0000000000
7234 -95.0000000000
7256 -94.0000000000
7343 -93.0000000000
7422 -92.0000000000
7455 -91.0000000000
7539 -90.0000000000
7635 -89.0000000000
7690 -88.0000000000
7787 -87.0000000000
7871 -85.0000000000
7931 -84.0000000000
8022 -83.0000000000
8114 -82.0000000000
8246 -81.0000000000
8275 -80.0000000000
8345 -78.0000000000
8444 -76.0000000000
8684 -75.0000000000
8718 -74.0000000000
8725 -73.0000000000
8832 -72.0000000000
8987 -70.0000000000
9129 -69.0000000000
9356 -68.0000000000
9377 -67.0000000000
9420 -65.0000000000
9571 -64.0000000000
9642 -63.0000000000
9728 -62.0000000000
9856 -61.0000000000
9914 -60.0000000000
10001 -59.0000000000
10050 -60.0000000000
evaluations raw_y
1 -298.0000000000
2 -288.0000000000
4 -285.0000000000
9 -269.0000000000
11 -268.0000000000
67 -267.0000000000
112 -266.0000000000
117 -265.0000000000
162 -264.0000000000
168 -263.0000000000
188 -261.0000000000
198 -259.0000000000
257 -258.0000000000
266 -257.0000000000
276 -256.0000000000
319 -254.0000000000
356 -253.0000000000
372 -252.0000000000
410 -251.0000000000
424 -250.0000000000
448 -248.0000000000
473 -247.0000000000
493 -246.0000000000
536 -245.0000000000
600 -244.0000000000
631 -243.0000000000
713 -242.0000000000
735 -241.0000000000
783 -240.0000000000
795 -239.0000000000
842 -238.0000000000
844 -237.0000000000
890 -236.0000000000
944 -235.0000000000
969 -233.0000000000
1023 -232.0000000000
1062 -230.0000000000
1098 -229.0000000000
1149 -228.0000000000
1186 -227.0000000000
1225 -226.0000000000
1237 -225.0000000000
1296 -224.0000000000
1314 -223.0000000000
1375 -222.0000000000
1406 -220.0000000000
1419 -219.0000000000
1421 -218.0000000000
1487 -217.0000000000
1533 -216.0000000000
1550 -215.0000000000
1645 -214.0000000000
1689 -213.0000000000
1730 -211.0000000000
1735 -210.0000000000
1768 -209.0000000000
1840 -208.0000000000
1877 -206.0000000000
1904 -205.0000000000
1929 -203.0000000000
1965 -202.0000000000
2005 -200.0000000000
2035 -199.0000000000
2073 -197.0000000000
2087 -196.0000000000
2098 -195.0000000000
2124 -194.0000000000
2166 -193.0000000000
2205 -192.0000000000
2230 -191.0000000000
2254 -190.0000000000
2305 -189.0000000000
2327 -188.0000000000
2401 -187.0000000000
2413 -186.0000000000
2442 -185.0000000000
2450 -183.0000000000
2480 -182.0000000000
2529 -180.0000000000
2564 -179.0000000000
2587 -178.0000000000
2645 -177.0000000000
2678 -176.0000000000
2717 -175.0000000000
2874 -174.0000000000
2929 -173.0000000000
2975 -172.0000000000
3001 -171.0000000000
3030 -169.0000000000
3069 -168.0000000000
3096 -167.0000000000
3167 -166.0000000000
3181 -165.0000000000
3249 -164.0000000000
3280 -163.0000000000
3374 -161.0000000000
3460 -160.0000000000
3508 -159.0000000000
3525 -158.0000000000
3600 -156.0000000000
3644 -155.0000000000
3700 -154.0000000000
3761 -153.0000000000
3853 -152.0000000000
3885 -151.0000000000
3950 -150.0000000000
3957 -149.0000000000
3974 -147.0000000000
3977 -145.0000000000
4080 -143.0000000000
4195 -142.0000000000
4234 -141.0000000000
4255 -140.0000000000
4329 -139.0000000000
4395 -138.0000000000
4415 -137.0000000000
4467 -135.0000000000
4592 -133.0000000000
4705 -132.0000000000
4745 -131.0000000000
4790 -130.0000000000
4799 -129.0000000000
4942 -128.0000000000
4970 -127.0000000000
5039 -126.0000000000
5159 -125.0000000000
5170 -124.0000000000
5230 -123.0000000000
5236 -122.0000000000
5347 -121.0000000000
5437 -120.0000000000
5501 -119.0000000000
5574 -118.0000000000
5579 -117.0000000000
5691 -116.0000000000
5787 -115.0000000000
5821 -114.0000000000
5875 -113.0000000000
5962 -112.0000000000
6083 -111.0000000000
6106 -110.0000000000
6179 -109.0000000000
6222 -108.0000000000
6312 -107.0000000000
6348 -106.0000000000
6376 -105.0000000000
6431 -103.0000000000
6453 -102.0000000000
6535 -101.0000000000
6581 -99.0000000000
6665 -98.0000000000
6666 -97.0000000000
6729 -96.0000000000
6819 -95.0000000000
6925 -94.0000000000
6948 -93.0000000000
7031 -92.0000000000
7153 -90.0000000000
7163 -89.0000000000
7216 -88.0000000000
7248 -87.0000000000
7401 -86.0000000000
7426 -85.0000000000
7460 -84.0000000000
7550 -83.0000000000
7608 -82.0000000000
7704 -81.0000000000
7730 -80.0000000000
7852 -79.0000000000
7944 -78.0000000000
8008 -77.0000000000
8115 -76.0000000000
8233 -75.0000000000
8351 -73.0000000000
8489 -72.0000000000
8568 -71.0000000000
8608 -70.0000000000
8819 -69.0000000000
8842 -68.0000000000
8915 -67.0000000000
8993 -66.0000000000
9050 -65.0000000000
9145 -64.0000000000
9254 -63.0000000000
9397 -62.0000000000
9519 -61.0000000000
9613 -60.0000000000
9619 -59.0000000000
9770 -57.0000000000
9864 -56.0000000000
9959 -54.0000000000
10050 -58.0000000000
evaluations raw_y
1 -298.0000000000
2 -268.0000000000
22 -267.0000000000
67 -266.0000000000
147 -264.0000000000
200 -263.0000000000
217 -262.0000000000
272 -261.0000000000
291 -260.0000000000
352 -259.0000000000
355 -258.0000000000
357 -257.0000000000
397 -256.0000000000
444 -255.0000000000
472 -254.0000000000
502 -253.0000000000
541 -252.0000000000
579 -251.0000000000
591 -250.0000000000
656 -249.0000000000
680 -248.0000000000
699 -247.0000000000
757 -246.0000000000
763 -245.0000000000
789 -244.0000000000
817 -243.0000000000
876 -242.0000000000
908 -241.0000000000
920 -240.0000000000
939 -239.0000000000
1023 -237.0000000000
1049 -236.0000000000
1052 -235.0000000000
1110 -234.0000000000
1151 -232.0000000000
1189 -231.0000000000
1206 -229.0000000000
1291 -228.0000000000
1296 -227.0000000000
1390 -226.0000000000
1439 -225.0000000000
1441 -224.0000000000
1478 -222.0000000000
1528 -221.0000000000
1566 -219.0000000000
1585 -218.0000000000
1638 -217.0000000000
1649 -216.0000000000
1677 -215.0000000000
1787 -214.0000000000
1807 -213.0000000000
1809 -212.0000000000
1816 -211.0000000000
1873 -210.0000000000
1912 -209.0000000000
1939 -208.0000000000
1995 -206.0000000000
2094 -204.0000000000
2119 -203.0000000000
2131 -202.0000000000
2212 -201.0000000000
2248 -200.0000000000
2267 -199.0000000000
2318 -197.0000000000
2342 -196.0000000000
2431 -194.0000000000
2480 -193.0000000000
2551 -192.0000000000
2583 -189.0000000000
2685 -188.0000000000
2725 -187.0000000000
2758 -186.0000000000
2775 -185.0000000000
2827 -184.0000000000
2853 -183.0000000000
2876 -182.0000000000
2896 -181.0000000000
2928 -180.0000000000
2969 -179.0000000000
2988 -178.0000000000
3039 -177.0000000000
3074 -176.0000000000
3119 -175.0000000000
3143 -173.0000000000
3149 -172.0000000000
3203 -171.0000000000
3220 -170.0000000000
3281 -169.0000000000
3328 -167.0000000000
3405 -166.0000000000
3431 -165.0000000000
3441 -164.0000000000
3504 -163.0000000000
3524 -162.0000000000
3585 -161.0000000000
3667 -159.0000000000
3705 -158.0000000000
3732 -157.0000000000
3742 -156.0000000000
3792 -155.0000000000
3857 -154.0000000000
3926 -153.0000000000
3987 -152.0000000000
4005 -151.0000000000
4037 -150.0000000000
4063 -149.0000000000
4133 -147.0000000000
4178 -146.0000000000
4184 -145.0000000000
4271 -144.0000000000
4323 -142.0000000000
4355 -141.0000000000
4388 -140.0000000000
4417 -139.0000000000
4540 -138.0000000000
4602 -137.0000000000
4686 -134.0000000000
4730 -132.0000000000
4817 -131.0000000000
4948 -130.0000000000
4961 -129.0000000000
5019 -128.0000000000
5134 -127.0000000000
5138 -126.0000000000
5161 -125.0000000000
5300 -124.0000000000
5375 -123.0000000000
5376 -122.0000000000
5458 -121.0000000000
5511 -120.0000000000
5553 -118.0000000000
5595 -117.0000000000
5716 -116.0000000000
5749 -115.0000000000
5757 -114.0000000000
5866 -113.0000000000
5900 -112.0000000000
5928 -111.0000000000
5950 -110.0000000000
6006 -109.0000000000
6058 -108.0000000000
6213 -107.0000000000
6260 -106.0000000000
6315 -105.0000000000
6341 -104.0000000000
6381 -102.0000000000
6504 -101.0000000000
6513 -100.0000000000
6634 -99.0000000000
6680 -98.0000000000
6790 -96.0000000000
6815 -95.0000000000
6901 -94.0000000000
6951 -93.0000000000
6981 -92.0000000000
7109 -91.0000000000
7186 -90.0000000000
7197 -89.0000000000
7306 -88.0000000000
7398 -87.0000000000
7445 -86.0000000000
7473 -85.0000000000
7537 -84.0000000000
7598 -83.0000000000
7606 -82.0000000000
7670 -81.0000000000
7778 -80.0000000000
7821 -79.0000000000
7925 -78.0000000000
8059 -77.0000000000
8067 -76.0000000000
8110 -75.0000000000
8187 -74.0000000000
8286 -73.0000000000
8355 -72.0000000000
8440 -71.0000000000
8448 -70.0000000000
8549 -69.0000000000
8588 -68.0000000000
8753 -67.0000000000
8881 -65.0000000000
9007 -64.0000000000
9098 -63.0000000000
9191 -62.0000000000
9222 -61.0000000000
9334 -60.0000000000
9407 -59.0000000000
9505 -58.0000000000
9641 -57.0000000000
9699 -56.0000000000
9758 -55.0000000000
9929 -54.0000000000
10032 -53.0000000000
10050 -56.0000000000
evaluations raw_y
1 -282.0000000000
2 -275.0000000000
4 -270.0000000000
16 -252.0000000000
87 -251.0000000000
132 -249.0000000000
141 -248.0000000000
150 -247.0000000000
187 -246.0000000000
251 -245.0000000000
288 -244.0000000000
342 -242.0000000000
356 -240.0000000000
360 -238.0000000000
425 -237.0000000000
442 -236.0000000000
458 -235.0000000000
465 -233.0000000000
553 -232.0000000000
597 -231.0000000000
626 -230.0000000000
672 -229.0000000000
686 -228.0000000000
754 -227.0000000000
788 -226.0000000000
802 -225.0000000000
816 -224.0000000000
821 -223.0000000000
855 -222.0000000000
901 -221.0000000000
945 -220.0000000000
994 -219.0000000000
1010 -218.0000000000
1065 -216.0000000000
1151 -215.0000000000
1158 -214.0000000000
1174 -213.0000000000
1204 -211.0000000000
1236 -209.0000000000
1340 -208.0000000000
1378 -207.0000000000
1410 -206.0000000000
1448 -205.0000000000
1463 -204.0000000000
1503 -203.0000000000
1533 -202.0000000000
1596 -201.0000000000
1626 -199.0000000000
1699 -197.0000000000
1712 -195.0000000000
1804 -194.0000000000
1875 -193.0000000000
1913 -192.0000000000
1923 -191.0000000000
1992 -190.0000000000
2040 -189.0000000000
2106 -188.0000000000
2166 -187.0000000000
2191 -185.0000000000
2290 -183.0000000000
2350 -181.0000000000
2419 -180.0000000000
2483 -179.0000000000
2517 -178.0000000000
2602 -177.0000000000
2643 -176.0000000000
2671 -175.0000000000
2716 -174.0000000000
2728 -173.0000000000
2730 -172.0000000000
2775 -171.0000000000
2854 -170.0000000000
2865 -169.0000000000
2897 -168.0000000000
2906 -166.0000000000
2950 -165.0000000000
2959 -164.0000000000
3012 -163.0000000000
3032 -162.0000000000
3082 -161.0000000000
3129 -160.0000000000
3156 -159.0000000000
3276 -158.0000000000
3325 -157.0000000000
3368 -156.0000000000
3486 -155.0000000000
3527 -154.0000000000
3538 -153.0000000000
3593 -152.0000000000
3688 -151.0000000000
3770 -150.0000000000
3771 -149.0000000000
3824 -148.0000000000
3839 -147.0000000000
3872 -146.0000000000
3919 -145.0000000000
4036 -144.0000000000
4134 -143.0000000000
4192 -142.0000000000
4252 -141.0000000000
4380 -140.0000000000
4409 -139.0000000000
4481 -138.0000000000
4540 -137.0000000000
4668 -135.0000000000
4716 -134.0000000000
4776 -133.0000000000
4801 -132.0000000000
4882 -131.0000000000
4957 -130.0000000000
4996 -129.0000000000
5054 -128.0000000000
5064 -127.0000000000
5100 -126.0000000000
5138 -125.0000000000
5178 -124.0000000000
5186 -123.0000000000
5211 -122.0000000000
5275 -121.0000000000
5370 -120.0000000000
5402 -118.0000000000
5476 -116.0000000000
5587 -115.0000000000
5686 -114.0000000000
5752 -113.0000000000
5828 -112.0000000000
5902 -111.0000000000
5943 -110.0000000000
6020 -109.0000000000
6037 -108.0000000000
6112 -107.0000000000
6163 -106.0000000000
6218 -105.0000000000
6232 -103.0000000000
6397 -102.0000000000
6478 -101.0000000000
6560 -100.0000000000
6603 -99.0000000000
6676 -98.0000000000
6726 -97.0000000000
6816 -96.0000000000
6870 -95.0000000000
6970 -94.0000000000
7047 -93.0000000000
7111 -92.0000000000
7215 -91.0000000000
7298 -90.0000000000
7350 -89.0000000000
7468 -88.0000000000
7539 -87.0000000000
7664 -86.0000000000
7772 -85.0000000000
7812 -83.0000000000
7878 -82.0000000000
8015 -81.0000000000
8151 -80.0000000000
8213 -79.0000000000
8298 -78.0000000000
8315 -77.0000000000
8492 -76.0000000000
8527 -75.0000000000
8635 -74.0000000000
8718 -73.0000000000
8803 -72.0000000000
8891 -71.0000000000
8960 -70.0000000000
9118 -69.0000000000
9128 -68.0000000000
9296 -67.0000000000
9487 -66.0000000000
9567 -65.0000000000
9659 -64.0000000000
9746 -63.0000000000
9833 -62.0000000000
9864 -61.0000000000
9988 -60.0000000000
10026 -59.0000000000
10050 -61.0000000000
evaluations raw_y
1 -276.0000000000
5 -270.0000000000
11 -264.0000000000
28 -262.0000000000
69 -260.0000000000
91 -259.0000000000
103 -258.0000000000
152 -257.0000000000
171 -256.0000000000
185 -254.0000000000
237 -253.0000000000
254 -251.0000000000
282 -250.0000000000
287 -248.0000000000
319 -247.0000000000
354 -246.0000000000
397 -245.0000000000
435 -244.0000000000
438 -243.0000000000
440 -242.0000000000
507 -240.0000000000
525 -238.0000000000
579 -237.0000000000
596 -236.0000000000
598 -235.0000000000
653 -233.0000000000
724 -232.0000000000
763 -231.0000000000
790 -230.0000000000
840 -229.0000000000
856 -228.0000000000
867 -226.0000000000
876 -225.0000000000
878 -224.0000000000
927 -223.0000000000
966 -222.0000000000
1028 -221.0000000000
1052 -220.0000000000
1108 -219.0000000000
1240 -217.0000000000
1282 -215.0000000000
1334 -214.0000000000
1382 -212.0000000000
1461 -211.0000000000
1521 -210.0000000000
1561 -209.0000000000
1566 -208.0000000000
1569 -207.0000000000
1640 -206.0000000000
1651 -204.0000000000
1744 -203.0000000000
1748 -202.0000000000
1795 -201.0000000000
1800 -200.0000000000
1856 -199.0000000000
1917 -197.0000000000
1972 -195.0000000000
2076 -194.0000000000
2123 -192.0000000000
2176 -191.0000000000
2219 -190.0000000000
2235 -189.0000000000
2258 -188.0000000000
2323 -187.0000000000
2392 -186.0000000000
2405 -185.0000000000
2440 -184.0000000000
2469 -183.0000000000
2475 -182.0000000000
2523 -181.0000000000
2583 -180.0000000000
2612 -179.0000000000
2638 -177.0000000000
2715 -176.0000000000
2716 -175.0000000000
2768 -172.0000000000
2819 -171.0000000000
2882 -170.0000000000
2910 -169.0000000000
3000 -168.0000000000
3024 -167.0000000000
3110 -166.0000000000
3156 -165.0000000000
3165 -164.0000000000
3243 -163.0000000000
3302 -162.0000000000
3303 -161.0000000000
3306 -159.0000000000
3388 -158.0000000000
3485 -157.0000000000
3570 -155.0000000000
3590 -154.0000000000
3657 -153.0000000000
3687 -152.0000000000
3717 -151.0000000000
3820 -150.0000000000
3835 -149.0000000000
3931 -148.0000000000
3966 -147.0000000000
4031 -146.0000000000
4035 -144.0000000000
4072 -143.0000000000
4123 -142.0000000000
4165 -141.0000000000
4202 -140.0000000000
4207 -139.0000000000
4252 -138.0000000000
4280 -136.0000000000
4418 -135.0000000000
4486 -134.0000000000
4543 -133.0000000000
4599 -132.0000000000
4671 -131.0000000000
4773 -130.0000000000
4826 -128.0000000000
4886 -127.0000000000
4969 -126.0000000000
4993 -125.0000000000
5033 -124.0000000000
5095 -123.0000000000
5189 -122.0000000000
5223 -121.0000000000
5300 -120.0000000000
5319 -118.0000000000
5485 -117.0000000000
5505 -116.0000000000
5599 -115.0000000000
5647 -114.0000000000
5648 -113.0000000000
5776 -112.0000000000
5914 -111.0000000000
5936 -110.0000000000
5967 -109.0000000000
6035 -108.0000000000
6079 -107.0000000000
6196 -106.0000000000
6299 -105.0000000000
6358 -104.0000000000
6423 -103.0000000000
6431 -102.0000000000
6467 -101.0000000000
6561 -100.0000000000
6600 -99.0000000000
6681 -98.0000000000
6732 -97.0000000000
6764 -96.0000000000
6811 -95.0000000000
6918 -94.0000000000
6978 -93.0000000000
7017 -92.0000000000
7084 -91.0000000000
7198 -90.0000000000
7266 -89.0000000000
7320 -88.0000000000
7330 -87.0000000000
7417 -86.0000000000
7525 -85.0000000000
7649 -84.0000000000
7684 -83.0000000000
7753 -82.0000000000
7866 -81.0000000000
7970 -80.0000000000
8060 -79.0000000000
8089 -78.0000000000
8184 -77.0000000000
8223 -76.0000000000
8291 -75.0000000000
8357 -74.0000000000
8383 -73.0000000000
8461 -72.0000000000
8562 -71.0000000000
8686 -70.0000000000
8897 -68.0000000000
8992 -66.0000000000
9146 -65.0000000000
9172 -64.0000000000
9304 -63.0000000000
9370 -62.0000000000
9408 -61.0000000000
9534 -60.0000000000
9666 -59.0000000000
9771 -58.0000000000
9843 -57.0000000000
9963 -56.0000000000
10019 -55.0000000000
10050 -57.0000000000
evaluations raw_y
1 -278.0000000000
6 -271.0000000000
8 -264.0000000000
140 -263.0000000000
151 -262.0000000000
162 -261.0000000000
230 -259.0000000000
241 -258.0000000000
296 -257.0000000000
353 -255.0000000000
401 -254.0000000000
413 -253.0000000000
458 -252.0000000000
516 -250.0000000000
519 -249.0000000000
567 -247.0000000000
620 -246.0000000000
638 -245.0000000000
676 -242.0000000000
691 -241.0000000000
717 -240.0000000000
754 -239.0000000000
806 -238.0000000000
849 -237.0000000000
877 -236.0000000000
905 -234.0000000000
987 -233.0000000000
1028 -230.0000000000
1079 -229.0000000000
1136 -226.0000000000
1177 -224.0000000000
1249 -222.0000000000
1287 -221.0000000000
1317 -218.0000000000
1353 -217.0000000000
1388 -216.0000000000
1392 -215.0000000000
1401 -214.0000000000
1456 -213.0000000000
1469 -212.0000000000
1490 -211.0000000000
1528 -210.0000000000
1589 -208.0000000000
1594 -206.0000000000
1664 -204.0000000000
1739 -203.0000000000
1783 -202.0000000000
1791 -200.0000000000
1796 -197.0000000000
1841 -196.0000000000
1913 -195.0000000000
1954 -194.0000000000
1969 -193.0000000000
2036 -192.0000000000
2063 -191.0000000000
2128 -188.0000000000
2149 -185.0000000000
2171 -184.0000000000
2211 -183.0000000000
2232 -182.0000000000
2249 -181.0000000000
2256 -180.0000000000
2273 -179.0000000000
2343 -177.0000000000
2382 -176.0000000000
2438 -175.0000000000
2453 -174.0000000000
2520 -173.0000000000
2574 -172.0000000000
2607 -171.0000000000
2665 -170.0000000000
2689 -169.0000000000
2700 -168.0000000000
2740 -167.0000000000
2820 -166.0000000000
2848 -164.0000000000
2953 -163.0000000000
2997 -162.0000000000
3012 -161.0000000000
3083 -160.0000000000
3092 -159.0000000000
3120 -158.0000000000
3145 -157.0000000000
3255 -156.0000000000
3262 -155.0000000000
3312 -154.0000000000
3332 -153.0000000000
3340 -152.0000000000
3452 -151.0000000000
3454 -150.0000000000
3488 -149.0000000000
3567 -148.0000000000
3632 -147.0000000000
3703 -146.0000000000
3746 -145.0000000000
3770 -144.0000000000
3820 -143.0000000000
3895 -141.0000000000
3994 -140.0000000000
4083 -138.0000000000
4114 -137.0000000000
4246 -136.0000000000
4262 -135.0000000000
4318 -133.0000000000
4432 -131.0000000000
4545 -130.0000000000
4548 -129.0000000000
4557 -128.0000000000
4619 -127.0000000000
4676 -126.0000000000
4737 -124.0000000000
4778 -123.0000000000
4808 -122.0000000000
4827 -120.0000000000
4901 -118.0000000000
4925 -117.0000000000
5041 -115.0000000000
5059 -114.0000000000
5123 -113.0000000000
5204 -112.0000000000
5272 -111.0000000000
5306 -110.0000000000
5382 -109.0000000000
5403 -108.0000000000
5506 -107.0000000000
5556 -105.0000000000
5642 -104.0000000000
5670 -103.0000000000
5775 -101.0000000000
5875 -99.0000000000
6016 -98.0000000000
6110 -97.0000000000
6153 -95.0000000000
6236 -94.0000000000
6297 -93.0000000000
6320 -92.0000000000
6382 -91.0000000000
6520 -90.0000000000
6536 -89.0000000000
6554 -88.0000000000
6680 -87.0000000000
6718 -86.0000000000
6777 -85.0000000000
6937 -84.0000000000
6957 -83.0000000000
6983 -82.0000000000
7076 -81.0000000000
7160 -80.0000000000
7231 -79.0000000000
7242 -78.0000000000
7282 -77.0000000000
7383 -76.0000000000
7483 -75.0000000000
7620 -74.0000000000
7722 -73.0000000000
7771 -72.0000000000
7946 -71.0000000000
8027 -70.0000000000
8043 -69.0000000000
8130 -68.0000000000
8193 -67.0000000000
8281 -66.0000000000
8430 -65.0000000000
8594 -64.0000000000
8709 -63.0000000000
8747 -61.0000000000
8957 -60.0000000000
9074 -59.0000000000
9198 -58.0000000000
9306 -57.0000000000
9382 -55.0000000000
9482 -54.0000000000
9525 -53.0000000000
9814 -51.0000000000
9936 -50.0000000000
10046 -49.0000000000
10050 -52.0000000000
evaluations raw_y
1 -277.0000000000
3 -264.0000000000
93 -263.0000000000
110 -262.0000000000
146 -261.0000000000
187 -260.0000000000
212 -259.0000000000
241 -257.0000000000
324 -256.0000000000
343 -255.0000000000
369 -254.0000000000
378 -253.0000000000
404 -252.0000000000
432 -251.0000000000
458 -250.0000000000
505 -248.0000000000
512 -247.0000000000
554 -246.0000000000
584 -244.0000000000
645 -242.0000000000
674 -241.0000000000
750 -240.0000000000
778 -239.0000000000
806 -237.0000000000
844 -236.0000000000
907 -235.0000000000
920 -234.0000000000
938 -233.0000000000
958 -232.0000000000
1043 -231.0000000000
1075 -230.0000000000
1100 -229.0000000000
1122 -227.0000000000
1184 -226.0000000000
1199 -225.0000000000
1294 -224.0000000000
1305 -223.0000000000
1373 -222.0000000000
1445 -220.0000000000
1499 -219.0000000000
1521 -218.0000000000
1535 -217.0000000000
1589 -215.0000000000
1595 -213.0000000000
1671 -212.0000000000
1720 -211.0000000000
1768 -210.0000000000
1799 -209.0000000000
1831 -208.0000000000
1884 -207.0000000000
1920 -206.0000000000
1941 -205.0000000000
1979 -204.0000000000
2026 -203.0000000000
2100 -202.0000000000
2133 -201.0000000000
2157 -200.0000000000
2172 -199.0000000000
2204 -198.0000000000
2223 -197.0000000000
2320 -196.0000000000
2336 -195.0000000000
2346 -194.0000000000
2352 -193.0000000000
2417 -192.0000000000
2449 -191.0000000000
2461 -190.0000000000
2475 -189.0000000000
2527 -188.0000000000
2591 -187.0000000000
2656 -186.0000000000
2662 -184.0000000000
2745 -183.0000000000
2762 -182.0000000000
2812 -181.0000000000
2858 -180.0000000000
2873 -179.0000000000
2904 -178.0000000000
2959 -177.0000000000
2996 -176.0000000000
3011 -175.0000000000
3065 -174.0000000000
3112 -173.0000000000
3169 -172.0000000000
3201 -171.0000000000
3229 -168.0000000000
3265 -167.0000000000
3315 -166.0000000000
3382 -165.0000000000
3401 -164.0000000000
3484 -163.0000000000
3524 -161.0000000000
3589 -160.0000000000
3648 -159.0000000000
3670 -158.0000000000
3717 -156.0000000000
3821 -155.0000000000
3871 -154.0000000000
3933 -153.0000000000
3951 -151.0000000000
3970 -150.0000000000
3997 -149.0000000000
4054 -148.0000000000
4128 -147.0000000000
4195 -146.0000000000
4280 -145.0000000000
4357 -144.0000000000
4372 -143.0000000000
4393 -142.0000000000
4418 -140.0000000000
4464 -139.0000000000
4468 -138.0000000000
4479 -137.0000000000
4583 -136.0000000000
4627 -135.0000000000
4684 -134.0000000000
4786 -133.0000000000
4849 -132.0000000000
4890 -131.0000000000
4988 -130.0000000000
5046 -129.0000000000
5095 -128.0000000000
5114 -127.0000000000
5154 -126.0000000000
5254 -125.0000000000
5344 -124.0000000000
5382 -123.0000000000
5410 -122.0000000000
5458 -121.0000000000
5554 -119.0000000000
5628 -118.0000000000
5751 -117.0000000000
5785 -116.0000000000
5817 -115.0000000000
5837 -113.0000000000
5846 -112.0000000000
5911 -111.0000000000
5955 -110.0000000000
6077 -109.0000000000
6117 -108.0000000000
6166 -107.0000000000
6171 -106.0000000000
6293 -105.0000000000
6311 -104.0000000000
6398 -103.0000000000
6463 -102.0000000000
6544 -101.0000000000
6598 -100.0000000000
6638 -99.0000000000
6736 -98.0000000000
6795 -97.0000000000
6950 -95.0000000000
7032 -93.0000000000
7057 -92.0000000000
7169 -91.0000000000
7260 -90.0000000000
7274 -89.0000000000
7370 -88.0000000000
7526 -87.0000000000
7540 -86.0000000000
7647 -85.0000000000
7689 -84.0000000000
7697 -83.0000000000
7861 -82.0000000000
7961 -81.0000000000
8092 -80.0000000000
8155 -79.0000000000
8220 -78.0000000000
8271 -77.0000000000
8284 -76.0000000000
8374 -75.0000000000
8405 -74.0000000000
8490 -73.0000000000
8631 -72.0000000000
8705 -71.0000000000
8768 -70.0000000000
8886 -69.0000000000
8887 -68.0000000000
9004 -67.0000000000
9102 -66.0000000000
9138 -65.0000000000
9255 -64.0000000000
9327 -63.0000000000
9382 -62.0000000000
9452 -61.0000000000
9504 -60.0000000000
9544 -59.0000000000
9651 -58.0000000000
9722 -57.0000000000
9853 -56.0000000000
9907 -55.0000000000
10050 -57.0000000000
evaluations raw_y
1 -285.0000000000
2 -284.0000000000
4 -264.0000000000
43 -263.0000000000
67 -262.0000000000
93 -260.0000000000
183 -259.0000000000
215 -258.0000000000
254 -257.0000000000
297 -256.0000000000
318 -255.0000000000
340 -254.0000000000
375 -252.0000000000
382 -251.0000000000
436 -250.0000000000
459 -249.0000000000
501 -248.0000000000
577 -247.0000000000
588 -246.0000000000
608 -245.0000000000
622 -244.0000000000
678 -243.0000000000
710 -242.0000000000
764 -241.0000000000
794 -240.0000000000
831 -239.0000000000
838 -238.0000000000
851 -237.0000000000
884 -236.0000000000
924 -235.0000000000
930 -234.0000000000
984 -233.0000000000
1027 -232.0000000000
1066 -231.0000000000
1090 -230.0000000000
1131 -229.0000000000
1181 -228.0000000000
1237 -227.0000000000
1251 -224.0000000000
1284 -222.0000000000
1309 -220.0000000000
1360 -219.0000000000
1383 -218.0000000000
1441 -217.0000000000
1457 -216.0000000000
1508 -215.0000000000
1535 -214.0000000000
1540 -212.0000000000
1640 -211.0000000000
1679 -210.0000000000
1730 -209.0000000000
1734 -208.0000000000
1799 -207.0000000000
1818 -206.0000000000
1837 -205.0000000000
1851 -204.0000000000
1873 -203.0000000000
1896 -202.0000000000
1915 -201.0000000000
1996 -200.0000000000
2027 -199.0000000000
2059 -198.0000000000
2110 -197.0000000000
2191 -196.0000000000
2226 -195.0000000000
2283 -193.0000000000
2287 -192.0000000000
2296 -191.0000000000
2308 -190.0000000000
2327 -189.0000000000
2370 -188.0000000000
2410 -187.0000000000
2420 -185.0000000000
2499 -184.0000000000
2526 -182.0000000000
2627 -180.0000000000
2685 -179.0000000000
2707 -178.0000000000
2720 -177.0000000000
2792 -176.0000000000
2839 -175.0000000000
2857 -174.0000000000
2911 -173.0000000000
2937 -172.0000000000
2979 -171.0000000000
3022 -170.0000000000
3037 -169.0000000000
3116 -168.0000000000
3124 -167.0000000000
3189 -166.0000000000
3195 -165.0000000000
3282 -164.0000000000
3366 -163.0000000000
3384 -161.0000000000
3491 -160.0000000000
3503 -159.0000000000
3559 -158.0000000000
3610 -157.0000000000
3626 -156.0000000000
3694 -155.0000000000
3716 -154.0000000000
3773 -153.0000000000
3799 -152.0000000000
3800 -151.0000000000
3829 -150.0000000000
3866 -149.0000000000
3946 -148.0000000000
4043 -146.0000000000
4079 -145.0000000000
4101 -144.0000000000
4165 -143.0000000000
4200 -142.0000000000
4210 -141.0000000000
4275 -140.0000000000
4336 -139.0000000000
4376 -138.0000000000
4404 -137.0000000000
4500 -136.0000000000
4582 -135.0000000000
4615 -134.0000000000
4710 -132.0000000000
4740 -131.0000000000
4823 -130.0000000000
4890 -127.0000000000
4961 -126.0000000000
5015 -125.0000000000
5125 -124.0000000000
5173 -123.0000000000
5184 -121.0000000000
5283 -119.0000000000
5375 -117.0000000000
5409 -116.0000000000
5440 -115.0000000000
5488 -114.0000000000
5506 -113.0000000000
5558 -112.0000000000
5590 -111.0000000000
5709 -110.0000000000
5759 -109.0000000000
5783 -107.0000000000
5882 -106.0000000000
6012 -105.0000000000
6066 -104.0000000000
6136 -102.0000000000
6145 -101.0000000000
6166 -100.0000000000
6265 -99.0000000000
6335 -98.0000000000
6340 -97.0000000000
6408 -95.0000000000
6416 -94.0000000000
6508 -93.0000000000
6598 -92.0000000000
6618 -91.0000000000
6659 -90.0000000000
6738 -89.0000000000
6862 -87.0000000000
6928 -86.0000000000
6960 -84.0000000000
7131 -83.0000000000
7302 -82.0000000000
7395 -81.0000000000
7504 -80.0000000000
7609 -79.0000000000
7699 -78.0000000000
7720 -77.0000000000
7735 -76.0000000000
7858 -75.0000000000
8017 -74.0000000000
8042 -73.0000000000
8057 -72.0000000000
8104 -71.0000000000
8156 -70.0000000000
8196 -69.0000000000
8247 -68.0000000000
8334 -67.0000000000
8461 -66.0000000000
8547 -65.0000000000
8641 -64.0000000000
8691 -63.0000000000
8737 -62.0000000000
8797 -61.0000000000
8845 -60.0000000000
8931 -59.0000000000
8997 -58.0000000000
9019 -57.0000000000
9118 -56.0000000000
9171 -55.0000000000
9223 -53.0000000000
9435 -52.0000000000
9452 -51.0000000000
9557 -50.0000000000
9642 -49.0000000000
9822 -48.0000000000
9879 -47.0000000000
9952 -46.0000000000
10050 -49.0000000000
evaluations raw_y
1 -288.0000000000
3 -263.0000000000
148 -261.0000000000
217 -260.0000000000
249 -259.0000000000
259 -258.0000000000
305 -256.0000000000
352 -255.0000000000
361 -253.0000000000
380 -252.0000000000
436 -251.0000000000
449 -248.0000000000
508 -247.0000000000
517 -246.0000000000
529 -245.0000000000
569 -244.0000000000
612 -243.0000000000
653 -242.0000000000
671 -241.0000000000
694 -239.0000000000
755 -238.0000000000
780 -237.0000000000
787 -236.0000000000
869 -235.0000000000
897 -234.0000000000
901 -233.0000000000
964 -232.0000000000
1015 -231.0000000000
1018 -230.0000000000
1064 -229.0000000000
1097 -227.0000000000
1115 -226.0000000000
1159 -224.0000000000
1279 -223.0000000000
1290 -221.0000000000
1301 -220.0000000000
1334 -219.0000000000
1363 -218.0000000000
1377 -217.0000000000
1383 -216.0000000000
1446 -215.0000000000
1477 -213.0000000000
1541 -212.0000000000
1557 -211.0000000000
1579 -210.0000000000
1622 -209.0000000000
1686 -208.0000000000
1710 -207.0000000000
1734 -206.0000000000
1815 -205.0000000000
1827 -204.0000000000
1862 -203.0000000000
1888 -202.0000000000
1907 -201.0000000000
1935 -200.0000000000
2002 -199.0000000000
2025 -198.0000000000
2033 -197.0000000000
2122 -196.0000000000
2130 -195.0000000000
2137 -193.0000000000
2216 -192.0000000000
2247 -191.0000000000
2267 -190.0000000000
2339 -189.0000000000
2392 -188.0000000000
2438 -187.0000000000
2475 -186.0000000000
2555 -185.0000000000
2559 -184.0000000000
2587 -183.0000000000
2624 -182.0000000000
2713 -181.0000000000
2749 -180.0000000000
2774 -179.0000000000
2785 -177.0000000000
2838 -176.0000000000
2886 -175.0000000000
2920 -174.0000000000
2950 -173.0000000000
2968 -172.0000000000
3022 -171.0000000000
3079 -169.0000000000
3126 -168.0000000000
3180 -167.0000000000
3207 -165.0000000000
3317 -164.0000000000
3355 -163.0000000000
3405 -162.0000000000
3478 -161.0000000000
3505 -160.0000000000
3515 -159.0000000000
3620 -158.0000000000
3699 -157.0000000000
3740 -155.0000000000
3864 -154.0000000000
3874 -153.0000000000
3917 -152.0000000000
3969 -151.0000000000
3992 -150.0000000000
4050 -149.0000000000
4102 -147.0000000000
4164 -146.0000000000
4178 -145.0000000000
4257 -144.0000000000
4326 -142.0000000000
4375 -141.0000000000
4413 -139.0000000000
4473 -138.0000000000
4516 -137.0000000000
4521 -136.0000000000
4527 -135.0000000000
4578 -134.0000000000
4603 -133.0000000000
4630 -132.0000000000
4724 -130.0000000000
4828 -129.0000000000
4843 -128.0000000000
4858 -127.0000000000
4893 -126.0000000000
4934 -125.0000000000
5046 -124.0000000000
5076 -123.0000000000
5129 -122.0000000000
5186 -121.0000000000
5228 -120.0000000000
5304 -118.0000000000
5375 -117.0000000000
5402 -116.0000000000
5485 -115.0000000000
5543 -114.0000000000
5622 -112.0000000000
5713 -111.0000000000
5777 -110.0000000000
5857 -109.0000000000
5870 -108.0000000000
5930 -107.0000000000
5940 -106.0000000000
5972 -105.0000000000
6058 -104.0000000000
6129 -103.0000000000
6199 -102.0000000000
6300 -101.0000000000
6353 -100.0000000000
6409 -99.0000000000
6530 -97.0000000000
6600 -96.0000000000
6705 -95.0000000000
6818 -94.0000000000
6936 -93.0000000000
7120 -92.0000000000
7158 -91.0000000000
7202 -89.0000000000
7314 -88.0000000000
7403 -87.0000000000
7459 -86.0000000000
7544 -85.0000000000
7649 -84.0000000000
7661 -83.0000000000
7695 -82.0000000000
7782 -81.0000000000
7887 -80.0000000000
7981 -79.0000000000
8022 -78.0000000000
8115 -77.0000000000
8174 -76.0000000000
8234 -75.0000000000
8259 -74.0000000000
8330 -73.0000000000
8442 -72.0000000000
8571 -71.0000000000
8650 -70.0000000000
8791 -69.0000000000
8902 -68.0000000000
9060 -67.0000000000
9070 -65.0000000000
9164 -64.0000000000
9265 -63.0000000000
9293 -62.0000000000
9432 -61.0000000000
9551 -60.0000000000
9735 -59.0000000000
9835 -58.0000000000
9898 -57.0000000000
9935 -56.0000000000
10039 -55.0000000000
10050 -56.0000000000
evaluations raw_y
1 -294.0000000000
2 -287.0000000000
3 -258.0000000000
75 -257.0000000000
131 -256.0000000000
149 -255.0000000000
179 -253.0000000000
226 -252.0000000000
229 -251.0000000000
309 -250.0000000000
323 -248.0000000000
362 -247.0000000000
392 -246.0000000000
419 -245.0000000000
425 -244.0000000000
475 -243.0000000000
495 -241.0000000000
537 -240.0000000000
549 -239.0000000000
616 -238.0000000000
633 -237.0000000000
641 -236.0000000000
649 -235.0000000000
679 -234.0000000000
712 -233.0000000000
744 -232.0000000000
752 -230.0000000000
810 -229.0000000000
838 -228.0000000000
889 -227.0000000000
919 -225.0000000000
970 -224.0000000000
982 -223.0000000000
1005 -222.0000000000
1158 -221.0000000000
1177 -220.0000000000
1239 -219.0000000000
1243 -218.0000000000
1270 -217.0000000000
1295 -215.0000000000
1369 -214.0000000000
1454 -213.0000000000
1466 -211.0000000000
1512 -210.0000000000
1523 -209.0000000000
1530 -208.0000000000
1552 -207.0000000000
1578 -205.0000000000
1612 -204.0000000000
1635 -203.0000000000
1685 -202.0000000000
1739 -201.0000000000
1749 -200.0000000000
1794 -199.0000000000
1818 -197.0000000000
1867 -196.0000000000
1873 -195.0000000000
1932 -194.0000000000
1984 -193.0000000000
2020 -192.0000000000
2055 -190.0000000000
2130 -189.0000000000
2170 -187.0000000000
2227 -186.0000000000
2267 -185.0000000000
2341 -184.0000000000
2428 -183.0000000000
2457 -182.0000000000
2472 -181.0000000000
2477 -180.0000000000
2572 -179.0000000000
2581 -178.0000000000
2598 -176.0000000000
2622 -175.0000000000
2650 -174.0000000000
2723 -173.0000000000
2738 -172.0000000000
2761 -171.0000000000
2824 -170.0000000000
2876 -169.0000000000
2906 -167.0000000000
2927 -166.0000000000
2942 -165.0000000000
3044 -164.0000000000
3103 -163.0000000000
3156 -162.0000000000
3222 -161.0000000000
3292 -160.0000000000
3353 -159.0000000000
3358 -158.0000000000
3473 -157.0000000000
3490 -156.0000000000
3584 -155.0000000000
3607 -153.0000000000
3674 -152.0000000000
3682 -151.0000000000
3735 -150.0000000000
3757 -149.0000000000
3794 -148.0000000000
3817 -147.0000000000
3823 -144.0000000000
3847 -143.0000000000
3875 -141.0000000000
4018 -140.0000000000
4034 -139.0000000000
4101 -138.0000000000
4123 -137.0000000000
4146 -136.0000000000
4276 -135.0000000000
4286 -134.0000000000
4353 -133.0000000000
4405 -132.0000000000
4473 -131.0000000000
4516 -130.0000000000
4603 -129.0000000000
4628 -128.0000000000
4704 -127.0000000000
4721 -126.0000000000
4771 -125.0000000000
4922 -124.0000000000
4931 -123.0000000000
4992 -122.0000000000
5035 -121.0000000000
5104 -120.0000000000
5126 -119.0000000000
5229 -118.0000000000
5338 -117.0000000000
5358 -116.0000000000
5382 -115.0000000000
5468 -114.0000000000
5524 -113.0000000000
5573 -111.0000000000
5593 -110.0000000000
5605 -109.0000000000
5662 -108.0000000000
5737 -107.0000000000
5741 -106.0000000000
5753 -105.0000000000
5873 -104.0000000000
5933 -103.0000000000
6040 -102.0000000000
6066 -101.0000000000
6194 -100.0000000000
6321 -99.0000000000
6375 -98.0000000000
6461 -97.0000000000
6632 -96.0000000000
6746 -95.0000000000
6857 -94.0000000000
6965 -93.0000000000
7085 -92.0000000000
7136 -91.0000000000
7221 -90.0000000000
7299 -89.0000000000
7381 -88.0000000000
7425 -87.0000000000
7538 -86.0000000000
7602 -84.0000000000
7733 -83.0000000000
7832 -82.0000000000
7936 -81.0000000000
8001 -80.0000000000
8015 -79.0000000000
8063 -78.0000000000
8153 -77.0000000000
8190 -76.0000000000
8309 -75.0000000000
8350 -74.0000000000
8523 -73.0000000000
8547 -72.0000000000
8615 -71.0000000000
8718 -70.0000000000
8820 -68.0000000000
8885 -67.0000000000
8999 -66.0000000000
9174 -65.0000000000
9237 -63.0000000000
9395 -62.0000000000
9541 -61.0000000000
9610 -60.0000000000
9744 -59.0000000000
9837 -58.0000000000
9860 -57.0000000000
10050 -58.0000000000
evaluations raw_y
1 -283.0000000000
3 -263.0000000000
98 -262.0000000000
139 -260.0000000000
150 -259.0000000000
157 -256.0000000000
245 -255.0000000000
253 -253.0000000000
271 -252.0000000000
297 -251.0000000000
300 -250.0000000000
319 -249.0000000000
383 -247.0000000000
431 -246.0000000000
486 -245.0000000000
498 -244.0000000000
547 -243.0000000000
561 -241.0000000000
591 -240.0000000000
614 -238.0000000000
666 -237.0000000000
703 -236.0000000000
769 -235.0000000000
780 -234.0000000000
788 -233.0000000000
833 -232.0000000000
874 -231.0000000000
900 -230.0000000000
922 -229.0000000000
962 -228.0000000000
1014 -227.0000000000
1020 -226.0000000000
1046 -225.0000000000
1072 -224.0000000000
1125 -223.0000000000
1145 -222.0000000000
1162 -221.0000000000
1181 -220.0000000000
1261 -219.0000000000
1329 -218.0000000000
1357 -217.0000000000
1359 -216.0000000000
1378 -215.0000000000
1456 -212.0000000000
1490 -211.0000000000
1536 -210.0000000000
1594 -209.0000000000
1683 -208.0000000000
1736 -207.0000000000
1794 -206.0000000000
1804 -205.0000000000
1817 -204.0000000000
1887 -202.0000000000
1901 -201.0000000000
1973 -200.0000000000
2027 -199.0000000000
2056 -198.0000000000
2072 -197.0000000000
2096 -196.0000000000
2124 -195.0000000000
2181 -194.0000000000
2193 -193.0000000000
2197 -192.0000000000
2285 -191.0000000000
2307 -188.0000000000
2364 -187.0000000000
2410 -186.0000000000
2426 -184.0000000000
2482 -183.0000000000
2498 -182.0000000000
2513 -181.0000000000
2536 -178.0000000000
2611 -177.0000000000
2686 -176.0000000000
2752 -175.0000000000
2787 -174.0000000000
2847 -173.0000000000
2914 -172.0000000000
3003 -171.0000000000
3046 -170.0000000000
3081 -169.0000000000
3136 -168.0000000000
3165 -167.0000000000
3218 -164.0000000000
3320 -163.0000000000
3362 -162.0000000000
3436 -161.0000000000
3483 -160.0000000000
3502 -158.0000000000
3533 -157.0000000000
3615 -156.0000000000
3663 -155.0000000000
3728 -154.0000000000
3758 -153.0000000000
3823 -152.0000000000
3885 -151.0000000000
3915 -150.0000000000
4010 -149.0000000000
4044 -147.0000000000
4122 -146.0000000000
4179 -145.0000000000
4191 -144.0000000000
4225 -143.0000000000
4252 -142.0000000000
4334 -141.0000000000
4429 -140.0000000000
4446 -139.0000000000
4513 -138.0000000000
4559 -137.0000000000
4566 -136.0000000000
4602 -135.0000000000
4656 -134.0000000000
4757 -133.0000000000
4816 -132.0000000000
4894 -131.0000000000
4909 -130.0000000000
4952 -129.0000000000
5019 -128.0000000000
5037 -127.0000000000
5196 -126.0000000000
5203 -125.0000000000
5317 -124.0000000000
5429 -123.0000000000
5499 -121.0000000000
5554 -120.0000000000
5644 -118.0000000000
5694 -117.0000000000
5801 -116.0000000000
5878 -115.0000000000
5905 -114.0000000000
5921 -113.0000000000
5985 -112.0000000000
6071 -111.0000000000
6144 -110.0000000000
6181 -109.0000000000
6190 -108.0000000000
6254 -107.0000000000
6351 -106.0000000000
6439 -105.0000000000
6547 -104.0000000000
6613 -103.0000000000
6647 -102.0000000000
6687 -101.0000000000
6789 -100.0000000000
6896 -99.0000000000
6966 -98.0000000000
7038 -97.0000000000
7129 -96.0000000000
7160 -95.0000000000
7237 -94.0000000000
7243 -93.0000000000
7380 -92.0000000000
7414 -91.0000000000
7419 -90.0000000000
7521 -89.0000000000
7606 -88.0000000000
7725 -87.0000000000
7917 -86.0000000000
7953 -85.0000000000
7980 -84.0000000000
8058 -83.0000000000
8062 -82.0000000000
8144 -81.0000000000
8193 -80.0000000000
8351 -79.0000000000
8376 -78.0000000000
8428 -77.0000000000
8450 -76.0000000000
8574 -75.0000000000
8600 -74.0000000000
8658 -73.0000000000
8683 -72.0000000000
8719 -71.0000000000
8862 -70.0000000000
8881 -69.0000000000
8955 -68.0000000000
9041 -67.0000000000
9113 -66.0000000000
9120 -65.0000000000
9160 -64.0000000000
9197 -63.0000000000
9341 -62.0000000000
9449 -61.0000000000
9515 -60.0000000000
9567 -59.0000000000
9758 -58.0000000000
9772 -56.0000000000
9910 -55.0000000000
10050 -56.0000000000
evaluations raw_y
1 -300.0000000000
2 -270.0000000000
5 -267.0000000000
32 -265.0000000000
162 -264.0000000000
165 -263.0000000000
209 -262.0000000000
212 -261.0000000000
262 -258.0000000000
282 -256.0000000000
356 -254.0000000000
426 -252.0000000000
469 -251.0000000000
490 -250.0000000000
499 -249.0000000000
535 -248.0000000000
566 -246.0000000000
577 -245.0000000000
660 -244.0000000000
722 -243.0000000000
731 -242.0000000000
769 -241.0000000000
818 -240.0000000000
820 -238.0000000000
832 -237.0000000000
874 -236.0000000000
879 -235.0000000000
899 -234.0000000000
931 -233.0000000000
941 -232.0000000000
942 -231.0000000000
1005 -230.0000000000
1027 -229.0000000000
1050 -228.0000000000
1061 -227.0000000000
1067 -226.0000000000
1149 -225.0000000000
1181 -224.0000000000
1224 -222.0000000000
1273 -220.0000000000
1304 -219.0000000000
1345 -218.0000000000
1352 -217.0000000000
1384 -216.0000000000
1427 -215.0000000000
1432 -214.0000000000
1469 -213.0000000000
1481 -212.0000000000
1563 -211.0000000000
1590 -210.0000000000
1594 -209.0000000000
1653 -208.0000000000
1665 -207.0000000000
1686 -206.0000000000
1703 -205.0000000000
1767 -204.0000000000
1801 -203.0000000000
1802 -201.0000000000
1877 -200.0000000000
1911 -199.0000000000
1935 -198.0000000000
1948 -197.0000000000
1982 -196.0000000000
1999 -193.0000000000
2058 -192.0000000000
2076 -190.0000000000
2100 -189.0000000000
2163 -188.0000000000
2227 -187.0000000000
2247 -186.0000000000
2274 -185.0000000000
2325 -184.0000000000
2371 -183.0000000000
2406 -181.0000000000
2506 -180.0000000000
2550 -178.0000000000
2601 -177.0000000000
2617 -176.0000000000
2652 -174.0000000000
2737 -173.0000000000
2790 -172.0000000000
2826 -171.0000000000
2865 -169.0000000000
2920 -167.0000000000
3023 -166.0000000000
3106 -165.0000000000
3123 -164.0000000000
3158 -163.0000000000
3167 -161.0000000000
3225 -160.0000000000
3289 -159.0000000000
3307 -158.0000000000
3460 -157.0000000000
3463 -156.0000000000
3531 -155.0000000000
3581 -154.0000000000
3638 -153.0000000000
3720 -152.0000000000
3816 -151.0000000000
3923 -150.0000000000
3980 -149.0000000000
3984 -148.0000000000
4050 -147.0000000000
4091 -146.0000000000
4196 -145.0000000000
4219 -144.0000000000
4243 -143.0000000000
4306 -142.0000000000
4378 -141.0000000000
4424 -140.0000000000
4477 -139.0000000000
4492 -138.0000000000
4560 -137.0000000000
4607 -136.0000000000
4625 -135.0000000000
4691 -134.0000000000
4782 -133.0000000000
4818 -132.0000000000
4841 -131.0000000000
4915 -130.0000000000
4957 -129.0000000000
5060 -128.0000000000
5160 -126.0000000000
5340 -125.0000000000
5395 -123.0000000000
5494 -122.0000000000
5548 -121.0000000000
5676 -120.0000000000
5762 -119.0000000000
5780 -117.0000000000
5896 -116.0000000000
6025 -115.0000000000
6051 -114.0000000000
6063 -113.0000000000
6165 -112.0000000000
6224 -111.0000000000
6372 -110.0000000000
6440 -109.0000000000
6499 -108.0000000000
6566 -107.0000000000
6577 -106.0000000000
6711 -105.0000000000
6746 -104.0000000000
6820 -103.0000000000
6913 -102.0000000000
7047 -101.0000000000
7176 -100.0000000000
7210 -98.0000000000
7305 -97.0000000000
7310 -96.0000000000
7398 -95.0000000000
7565 -94.0000000000
7631 -93.0000000000
7650 -92.0000000000
7737 -91.0000000000
7745 -90.0000000000
7778 -89.0000000000
7788 -88.0000000000
7954 -87.0000000000
7977 -86.0000000000
8033 -85.0000000000
8173 -84.0000000000
8202 -83.0000000000
8319 -82.0000000000
8359 -81.0000000000
8514 -79.0000000000
8626 -78.0000000000
8691 -77.0000000000
8823 -76.0000000000
8920 -74.0000000000
9015 -73.0000000000
9183 -72.0000000000
9297 -71.0000000000
9439 -70.0000000000
9461 -69.0000000000
9593 -68.0000000000
9615 -67.0000000000
9710 -66.0000000000
9850 -65.0000000000
9922 -64.0000000000
10050 -64.0000000000
evaluations raw_y
1 -280.0000000000
2 -277.0000000000
10 -274.0000000000
14 -270.0000000000
29 -269.0000000000
33 -262.0000000000
66 -261.0000000000
119 -260.0000000000
136 -259.0000000000
145 -258.0000000000
183 -257.0000000000
200 -256.0000000000
234 -255.0000000000
267 -253.0000000000
372 -252.0000000000
397 -251.0000000000
408 -249.0000000000
453 -248.0000000000
501 -247.0000000000
521 -246.0000000000
548 -245.0000000000
567 -244.0000000000
606 -242.0000000000
646 -241.0000000000
709 -240.0000000000
713 -238.0000000000
775 -237.0000000000
807 -236.0000000000
815 -235.0000000000
829 -234.0000000000
897 -232.0000000000
918 -231.0000000000
947 -230.0000000000
985 -229.0000000000
1041 -227.0000000000
1118 -226.0000000000
1137 -225.0000000000
1172 -224.0000000000
1221 -223.0000000000
1242 -222.0000000000
1271 -221.0000000000
1302 -220.0000000000
1341 -219.0000000000
1380 -218.0000000000
1390 -217.0000000000
1443 -216.0000000000
1460 -215.0000000000
1503 -213.0000000000
1599 -211.0000000000
1636 -210.0000000000
1649 -209.0000000000
1653 -208.0000000000
1675 -207.0000000000
1739 -206.0000000000
1742 -205.0000000000
1818 -204.0000000000
1835 -203.0000000000
1887 -202.0000000000
1929 -201.0000000000
1969 -199.0000000000
2009 -198.0000000000
2015 -197.0000000000
2034 -196.0000000000
2070 -195.0000000000
2140 -194.0000000000
2193 -193.0000000000
2202 -192.0000000000
2252 -190.0000000000
2298 -189.0000000000
2338 -188.0000000000
2397 -187.0000000000
2417 -186.0000000000
2449 -185.0000000000
2495 -184.0000000000
2561 -183.0000000000
2611 -181.0000000000
2727 -179.0000000000
2792 -178.0000000000
2856 -177.0000000000
2911 -176.0000000000
2946 -175.0000000000
3027 -174.0000000000
3062 -173.0000000000
3129 -171.0000000000
3234 -169.0000000000
3310 -168.0000000000
3325 -167.0000000000
3386 -166.0000000000
3409 -165.0000000000
3445 -164.0000000000
3520 -163.0000000000
3552 -162.0000000000
3600 -161.0000000000
3634 -160.0000000000
3652 -159.0000000000
3700 -158.0000000000
3763 -157.0000000000
3828 -156.0000000000
3866 -155.0000000000
3896 -154.0000000000
3923 -152.0000000000
3965 -151.0000000000
4033 -150.0000000000
4055 -149.0000000000
4156 -148.0000000000
4214 -147.0000000000
4229 -146.0000000000
4260 -145.0000000000
4317 -143.0000000000
4378 -142.0000000000
4450 -141.0000000000
4576 -140.0000000000
4607 -139.0000000000
4697 -138.0000000000
4784 -137.0000000000
4830 -136.0000000000
4946 -135.0000000000
4948 -134.0000000000
4981 -133.0000000000
5051 -132.0000000000
5150 -131.0000000000
5169 -130.0000000000
5290 -129.0000000000
5334 -128.0000000000
5417 -127.0000000000
5482 -126.0000000000
5509 -125.0000000000
5586 -123.0000000000
5657 -121.0000000000
5686 -120.0000000000
5726 -119.0000000000
5851 -118.0000000000
5925 -117.0000000000
5932 -116.0000000000
6014 -115.0000000000
6095 -114.0000000000
6146 -112.0000000000
6207 -111.0000000000
6238 -110.0000000000
6272 -109.0000000000
6364 -108.0000000000
6394 -107.0000000000
6575 -106.0000000000
6598 -105.0000000000
6680 -104.0000000000
6728 -103.0000000000
6737 -102.0000000000
6831 -100.0000000000
6984 -99.0000000000
7028 -98.0000000000
7097 -97.0000000000
7123 -96.0000000000
7151 -93.0000000000
7163 -92.0000000000
7195 -91.0000000000
7340 -90.0000000000
7369 -89.0000000000
7463 -88.0000000000
7543 -87.0000000000
7665 -86.0000000000
7743 -85.0000000000
7869 -84.0000000000
7924 -83.0000000000
7962 -81.0000000000
8065 -78.0000000000
8147 -77.0000000000
8285 -76.0000000000
8288 -74.0000000000
8295 -73.0000000000
8409 -72.0000000000
8441 -71.0000000000
8511 -70.0000000000
8585 -69.0000000000
8737 -68.0000000000
8786 -67.0000000000
8909 -66.0000000000
8946 -65.0000000000
8967 -64.0000000000
9173 -63.0000000000
9244 -62.0000000000
9296 -61.0000000000
9447 -60.0000000000
9471 -59.0000000000
9504 -58.0000000000
9598 -57.0000000000
9630 -56.0000000000
9780 -55.0000000000
9852 -54.0000000000
9980 -53.0000000000
10050 -56.0000000000
evaluations raw_y
1 -295.0000000000
2 -290.0000000000
6 -279.0000000000
14 -270.0000000000
53 -269.0000000000
96 -268.0000000000
101 -267.0000000000
123 -266.0000000000
161 -265.0000000000
173 -263.0000000000
236 -262.0000000000
246 -261.0000000000
277 -260.0000000000
335 -259.0000000000
357 -258.0000000000
382 -257.0000000000
385 -256.0000000000
426 -255.0000000000
462 -254.0000000000
473 -253.0000000000
506 -251.0000000000
606 -250.0000000000
640 -248.0000000000
673 -246.0000000000
687 -245.0000000000
749 -244.0000000000
756 -243.0000000000
762 -242.0000000000
800 -241.0000000000
819 -238.0000000000
864 -237.0000000000
936 -236.0000000000
957 -235.0000000000
999 -233.0000000000
1014 -232.0000000000
1068 -231.0000000000
1106 -230.0000000000
1115 -229.0000000000
1172 -228.0000000000
1175 -227.0000000000
1199 -225.0000000000
1276 -224.0000000000
1305 -223.0000000000
1358 -220.0000000000
1394 -219.0000000000
1404 -218.0000000000
1411 -217.0000000000
1467 -216.0000000000
1482 -215.0000000000
1544 -214.0000000000
1576 -213.0000000000
1627 -212.0000000000
1658 -210.0000000000
1684 -209.0000000000
1706 -208.0000000000
1709 -207.0000000000
1727 -206.0000000000
1769 -204.0000000000
1801 -203.0000000000
1829 -201.0000000000
1894 -200.0000000000
1975 -197.0000000000
2016 -196.0000000000
2052 -195.0000000000
2116 -194.0000000000
2148 -193.0000000000
2180 -191.0000000000
2202 -190.0000000000
2297 -189.0000000000
2311 -188.0000000000
2356 -186.0000000000
2371 -185.0000000000
2439 -184.0000000000
2453 -183.0000000000
2508 -182.0000000000
2537 -181.0000000000
2577 -180.0000000000
2641 -179.0000000000
2725 -178.0000000000
2739 -177.0000000000
2769 -176.0000000000
2868 -175.0000000000
2917 -174.0000000000
2942 -171.0000000000
3063 -169.0000000000
3192 -168.0000000000
3236 -167.0000000000
3249 -166.0000000000
3283 -165.0000000000
3294 -164.0000000000
3308 -162.0000000000
3321 -161.0000000000
3375 -160.0000000000
3391 -159.0000000000
3394 -157.0000000000
3492 -156.0000000000
3516 -155.0000000000
3568 -153.0000000000
3607 -152.0000000000
3651 -151.0000000000
3657 -150.0000000000
3682 -149.0000000000
3693 -148.0000000000
3804 -147.0000000000
3909 -145.0000000000
4050 -144.0000000000
4069 -143.0000000000
4131 -142.0000000000
4189 -141.0000000000
4241 -140.0000000000
4287 -139.0000000000
4356 -138.0000000000
4400 -136.0000000000
4526 -135.0000000000
4565 -134.0000000000
4606 -133.0000000000
4675 -132.0000000000
4791 -131.0000000000
4861 -130.0000000000
4941 -129.0000000000
4986 -128.0000000000
5077 -127.0000000000
5097 -126.0000000000
5156 -125.0000000000
5246 -123.0000000000
5281 -122.0000000000
5346 -121.0000000000
5427 -120.0000000000
5525 -119.0000000000
5610 -118.0000000000
5678 -117.0000000000
5716 -116.0000000000
5784 -115.0000000000
5830 -113.0000000000
5879 -112.0000000000
5928 -111.0000000000
5992 -110.0000000000
6033 -108.0000000000
6164 -107.0000000000
6194 -106.0000000000
6238 -105.0000000000
6282 -104.0000000000
6322 -103.0000000000
6428 -102.0000000000
6461 -101.0000000000
6509 -100.0000000000
6585 -99.0000000000
6626 -98.0000000000
6660 -97.0000000000
6793 -96.0000000000
6888 -95.0000000000
6919 -94.0000000000
6956 -93.0000000000
7033 -91.0000000000
7078 -90.0000000000
7148 -89.0000000000
7179 -87.0000000000
7244 -86.0000000000
7331 -85.0000000000
7367 -83.0000000000
7497 -82.0000000000
7522 -81.0000000000
7669 -80.0000000000
7743 -79.0000000000
7779 -78.0000000000
7814 -77.0000000000
7885 -76.0000000000
7998 -75.0000000000
8079 -74.0000000000
8131 -73.0000000000
8205 -70.0000000000
8304 -69.0000000000
8368 -68.0000000000
8413 -67.0000000000
8566 -66.0000000000
8599 -65.0000000000
8604 -64.0000000000
8719 -63.0000000000
8872 -62.0000000000
8946 -61.0000000000
8970 -60.0000000000
9004 -59.0000000000
9106 -58.0000000000
9168 -57.0000000000
9400 -56.0000000000
9484 -55.0000000000
9526 -53.0000000000
9628 -52.0000000000
9692 -51.0000000000
9915 -50.0000000000
9957 -49.0000000000
9969 -48.0000000000
10050 -49.0000000000
evaluations raw_y
1 -288.0000000000
2 -283.0000000000
3 -281.0000000000
5 -277.0000000000
8 -276.0000000000
15 -264.0000000000
84 -263.0000000000
159 -262.0000000000
209 -261.0000000000
218 -260.0000000000
231 -259.0000000000
286 -258.0000000000
295 -257.0000000000
346 -256.0000000000
350 -255.0000000000
383 -254.0000000000
388 -253.0000000000
397 -251.0000000000
446 -250.0000000000
494 -249.0000000000
536 -248.0000000000
552 -247.0000000000
604 -246.0000000000
652 -245.0000000000
657 -244.0000000000
693 -243.0000000000
704 -242.0000000000
725 -241.0000000000
756 -240.0000000000
783 -239.0000000000
823 -238.0000000000
854 -237.0000000000
861 -236.0000000000
912 -235.0000000000
951 -234.0000000000
968 -233.0000000000
996 -231.0000000000
1047 -230.0000000000
1089 -229.0000000000
1115 -228.0000000000
1189 -227.0000000000
1223 -226.0000000000
1244 -225.0000000000
1262 -224.0000000000
1305 -222.0000000000
1308 -220.0000000000
1313 -219.0000000000
1322 -218.0000000000
1356 -217.0000000000
1371 -216.0000000000
1430 -215.0000000000
1464 -214.0000000000
1492 -213.0000000000
1553 -212.0000000000
1592 -211.0000000000
1597 -209.0000000000
1718 -207.0000000000
1804 -206.0000000000
1836 -204.0000000000
1899 -203.0000000000
1934 -201.0000000000
1975 -200.0000000000
1990 -199.0000000000
2047 -197.0000000000
2174 -195.0000000000
2225 -194.0000000000
2284 -193.0000000000
2346 -192.0000000000
2395 -191.0000000000
2441 -190.0000000000
2463 -189.0000000000
2524 -188.0000000000
2530 -187.0000000000
2576 -186.0000000000
2617 -185.0000000000
2670 -183.0000000000
2737 -182.0000000000
2749 -181.0000000000
2774 -180.0000000000
2801 -179.0000000000
2811 -178.0000000000
2848 -177.0000000000
2928 -176.0000000000
2947 -175.0000000000
2963 -173.0000000000
3002 -172.0000000000
3039 -171.0000000000
3102 -170.0000000000
3148 -169.0000000000
3253 -168.0000000000
3286 -167.0000000000
3294 -166.0000000000
3327 -165.0000000000
3382 -164.0000000000
3405 -163.0000000000
3464 -162.0000000000
3478 -161.0000000000
3547 -160.0000000000
3633 -159.0000000000
3646 -158.0000000000
3681 -157.0000000000
3693 -156.0000000000
3773 -155.0000000000
3831 -154.0000000000
3888 -153.0000000000
3904 -152.0000000000
3963 -151.0000000000
4018 -150.0000000000
4044 -149.0000000000
4054 -148.0000000000
4126 -147.0000000000
4220 -146.0000000000
4256 -145.0000000000
4271 -144.0000000000
4273 -143.0000000000
4323 -142.0000000000
4418 -141.0000000000
4465 -139.0000000000
4536 -138.0000000000
4591 -136.0000000000
4640 -135.0000000000
4783 -134.0000000000
4818 -133.0000000000
4830 -132.0000000000
4925 -131.0000000000
5017 -130.0000000000
5043 -129.0000000000
5119 -127.0000000000
5208 -126.0000000000
5269 -125.0000000000
5306 -124.0000000000
5352 -123.0000000000
5410 -122.0000000000
5457 -121.0000000000
5530 -120.0000000000
5545 -119.0000000000
5630 -117.0000000000
5638 -115.0000000000
5664 -114.0000000000
5745 -113.0000000000
5816 -111.0000000000
6020 -110.0000000000
6052 -109.0000000000
6157 -108.0000000000
6182 -107.0000000000
6271 -106.0000000000
6363 -104.0000000000
6489 -103.0000000000
6598 -102.0000000000
6652 -101.0000000000
6728 -100.0000000000
6750 -99.0000000000
6849 -98.0000000000
6932 -97.0000000000
7004 -96.0000000000
7030 -95.0000000000
7084 -94.0000000000
7174 -92.0000000000
7281 -91.0000000000
7353 -90.0000000000
7437 -89.0000000000
7571 -88.0000000000
7747 -87.0000000000
7760 -86.0000000000
7919 -85.0000000000
8044 -83.0000000000
8195 -82.0000000000
8358 -81.0000000000
8419 -80.0000000000
8456 -79.0000000000
8521 -78.0000000000
8690 -77.0000000000
8699 -76.0000000000
8756 -75.0000000000
8799 -74.0000000000
8832 -73.0000000000
8903 -72.0000000000
9010 -71.0000000000
9027 -70.0000000000
9113 -69.0000000000
9214 -68.0000000000
9377 -67.0000000000
9442 -66.0000000000
9489 -65.0000000000
9619 -64.0000000000
9668 -62.0000000000
9755 -61.0000000000
10050 -61.0000000000
evaluations raw_y
1 -315.0000000000
2 -300.0000000000
3 -280.0000000000
5 -272.0000000000
17 -257.0000000000
50 -253.0000000000
60 -252.0000000000
92 -251.0000000000
129 -250.0000000000
149 -249.0000000000
167 -248.0000000000
220 -247.0000000000
242 -246.0000000000
280 -244.0000000000
306 -242.0000000000
326 -240.0000000000
393 -239.0000000000
404 -238.0000000000
422 -237.0000000000
445 -234.0000000000
468 -233.0000000000
520 -232.0000000000
540 -231.0000000000
575 -230.0000000000
595 -229.0000000000
622 -228.0000000000
692 -227.0000000000
710 -226.0000000000
786 -225.0000000000
819 -224.0000000000
834 -223.0000000000
877 -222.0000000000
927 -221.0000000000
955 -220.0000000000
1007 -219.0000000000
1019 -218.0000000000
1063 -217.0000000000
1110 -216.0000000000
1181 -215.0000000000
1226 -213.0000000000
1242 -212.0000000000
1320 -211.0000000000
1342 -210.0000000000
1383 -209.0000000000
1403 -208.0000000000
1410 -207.0000000000
1486 -206.0000000000
1525 -204.0000000000
1613 -203.0000000000
1635 -202.0000000000
1649 -200.0000000000
1704 -199.0000000000
1767 -198.0000000000
1777 -197.0000000000
1790 -196.0000000000
1867 -195.0000000000
1927 -194.0000000000
1966 -193.0000000000
1984 -192.0000000000
2001 -191.0000000000
2036 -190.0000000000
2067 -189.0000000000
2136 -188.0000000000
2159 -187.0000000000
2183 -186.0000000000
2206 -185.0000000000
2279 -184.0000000000
2310 -183.0000000000
2341 -181.0000000000
2409 -179.0000000000
2432 -178.0000000000
2452 -176.0000000000
2522 -175.0000000000
2583 -174.0000000000
2645 -173.0000000000
2719 -172.0000000000
2732 -170.0000000000
2766 -169.0000000000
2780 -168.0000000000
2859 -167.0000000000
2868 -165.0000000000
2895 -164.0000000000
2955 -163.0000000000
2983 -162.0000000000
3091 -161.0000000000
3096 -160.0000000000
3192 -159.0000000000
3233 -158.0000000000
3330 -157.0000000000
3372 -156.0000000000
3409 -154.0000000000
3502 -153.0000000000
3512 -151.0000000000
3590 -150.0000000000
3594 -149.0000000000
3691 -148.0000000000
3733 -147.0000000000
3809 -146.0000000000
3857 -145.0000000000
3872 -142.0000000000
3999 -141.0000000000
4075 -140.0000000000
4077 -138.0000000000
4083 -137.0000000000
4178 -136.0000000000
4219 -134.0000000000
4320 -132.0000000000
4342 -131.0000000000
4404 -130.0000000000
4420 -129.0000000000
4526 -128.0000000000
4569 -127.0000000000
4602 -126.0000000000
4681 -125.0000000000
4792 -124.0000000000
4829 -122.0000000000
4896 -121.0000000000
5035 -120.0000000000
5048 -119.0000000000
5142 -118.0000000000
5165 -117.0000000000
5276 -116.0000000000
5344 -115.0000000000
5380 -113.0000000000
5473 -112.0000000000
5581 -111.0000000000
5589 -109.0000000000
5719 -108.0000000000
5760 -107.0000000000
5874 -106.0000000000
5932 -105.0000000000
5988 -104.0000000000
6012 -102.0000000000
6073 -101.0000000000
6176 -100.0000000000
6295 -99.0000000000
6351 -98.0000000000
6421 -97.0000000000
6458 -96.0000000000
6492 -95.0000000000
6521 -94.0000000000
6607 -93.0000000000
6744 -92.0000000000
6771 -89.0000000000
6933 -88.0000000000
6952 -87.0000000000
7044 -86.0000000000
7147 -85.0000000000
7183 -84.0000000000
7313 -83.0000000000
7376 -82.0000000000
7485 -81.0000000000
7560 -80.0000000000
7655 -79.0000000000
7769 -77.0000000000
7890 -75.0000000000
7936 -74.0000000000
8041 -73.0000000000
8067 -72.0000000000
8197 -71.0000000000
8237 -70.0000000000
8308 -69.0000000000
8372 -68.0000000000
8404 -67.0000000000
8416 -66.0000000000
8460 -65.0000000000
8480 -64.0000000000
8602 -63.0000000000
8738 -62.0000000000
8776 -61.0000000000
8875 -60.0000000000
8983 -59.0000000000
9146 -58.0000000000
9212 -57.0000000000
9274 -56.0000000000
9385 -55.0000000000
9608 -53.0000000000
9867 -52.0000000000
9992 -51.0000000000
9994 -50.0000000000
10050 -53.0000000000
evaluations raw_y
1 -272.0000000000
12 -270.0000000000
21 -259.0000000000
69 -257.0000000000
103 -256.0000000000
134 -255.0000000000
169 -252.0000000000
222 -251.0000000000
265 -250.0000000000
339 -249.0000000000
351 -248.0000000000
392 -247.0000000000
429 -246.0000000000
438 -244.0000000000
488 -243.0000000000
579 -242.0000000000
620 -241.0000000000
646 -240.0000000000
678 -239.0000000000
713 -238.0000000000
725 -237.0000000000
777 -236.0000000000
783 -235.0000000000
799 -234.0000000000
874 -233.0000000000
925 -232.0000000000
953 -230.0000000000
980 -229.0000000000
1052 -228.0000000000
1077 -227.0000000000
1092 -226.0000000000
1143 -225.0000000000
1149 -224.0000000000
1164 -223.0000000000
1179 -222.0000000000
1209 -221.0000000000
1247 -220.0000000000
1276 -218.0000000000
1305 -217.0000000000
1327 -216.0000000000
1382 -215.0000000000
1395 -212.0000000000
1406 -211.0000000000
1425 -210.0000000000
1508 -209.0000000000
1510 -207.0000000000
1606 -206.0000000000
1668 -205.0000000000
1713 -204.0000000000
1757 -202.0000000000
1777 -201.0000000000
1814 -199.0000000000
1902 -197.0000000000
1985 -196.0000000000
2024 -195.0000000000
2036 -193.0000000000
2057 -192.0000000000
2113 -191.0000000000
2138 -190.0000000000
2208 -189.0000000000
2209 -188.0000000000
2266 -187.0000000000
2280 -186.0000000000
2319 -185.0000000000
2321 -184.0000000000
2330 -183.0000000000
2378 -182.0000000000
2490 -181.0000000000
2521 -179.0000000000
2577 -178.0000000000
2678 -176.0000000000
2778 -174.0000000000
2862 -173.0000000000
2946 -172.0000000000
2953 -171.0000000000
2997 -170.0000000000
3048 -169.0000000000
3094 -168.0000000000
3140 -167.0000000000
3204 -164.0000000000
3224 -163.0000000000
3286 -162.0000000000
3289 -161.0000000000
3380 -160.0000000000
3392 -159.0000000000
3419 -158.0000000000
3485 -156.0000000000
3525 -155.0000000000
3589 -154.0000000000
3610 -153.0000000000
3616 -151.0000000000
3651 -150.0000000000
3690 -149.0000000000
3748 -148.0000000000
3832 -147.0000000000
3880 -146.0000000000
3929 -145.0000000000
3981 -144.0000000000
4037 -143.0000000000
4100 -142.0000000000
4150 -141.0000000000
4192 -140.0000000000
4271 -139.0000000000
4291 -137.0000000000
4324 -135.0000000000
4368 -134.0000000000
4476 -133.0000000000
4491 -132.0000000000
4512 -131.0000000000
4599 -130.0000000000
4641 -129.0000000000
4660 -128.0000000000
4704 -127.0000000000
4752 -126.0000000000
4832 -125.0000000000
4902 -124.0000000000
4942 -123.0000000000
5040 -122.0000000000
5101 -121.0000000000
5109 -120.0000000000
5158 -119.0000000000
5304 -118.0000000000
5330 -117.0000000000
5356 -116.0000000000
5448 -115.0000000000
5452 -114.0000000000
5500 -113.0000000000
5605 -112.0000000000
5644 -111.0000000000
5706 -110.0000000000
5775 -109.0000000000
5808 -108.0000000000
5931 -107.0000000000
5972 -106.0000000000
6045 -105.0000000000
6091 -104.0000000000
6196 -103.0000000000
6225 -102.0000000000
6252 -101.0000000000
6415 -100.0000000000
6484 -99.0000000000
6599 -98.0000000000
6640 -97.0000000000
6659 -96.0000000000
6737 -95.0000000000
6745 -94.0000000000
6813 -93.0000000000
6868 -91.0000000000
6984 -90.0000000000
7099 -89.0000000000
7117 -88.0000000000
7207 -87.0000000000
7361 -86.0000000000
7471 -84.0000000000
7559 -83.0000000000
7608 -82.0000000000
7768 -81.0000000000
7795 -80.0000000000
7836 -79.0000000000
7863 -78.0000000000
7950 -77.0000000000
8074 -76.0000000000
8126 -75.0000000000
8141 -74.0000000000
8203 -73.0000000000
8270 -71.0000000000
8396 -70.0000000000
8427 -69.0000000000
8500 -67.0000000000
8664 -66.0000000000
8783 -65.0000000000
8836 -64.0000000000
8856 -63.0000000000
8881 -62.0000000000
9026 -61.0000000000
9175 -60.0000000000
9262 -59.0000000000
9395 -58.0000000000
9432 -57.0000000000
9590 -56.0000000000
9643 -55.0000000000
9829 -54.0000000000
9985 -53.0000000000
10050 -53.0000000000
evaluations raw_y
1 -269.0000000000
38 -266.0000000000
119 -265.0000000000
157 -264.0000000000
179 -263.0000000000
222 -262.0000000000
244 -261.0000000000
280 -260.0000000000
285 -259.0000000000
287 -258.0000000000
291 -257.0000000000
356 -256.0000000000
374 -255.0000000000
427 -254.0000000000
429 -253.0000000000
450 -252.0000000000
497 -251.0000000000
521 -250.0000000000
585 -249.0000000000
590 -248.0000000000
615 -247.0000000000
622 -246.0000000000
645 -245.0000000000
690 -244.0000000000
711 -243.0000000000
785 -242.0000000000
790 -241.0000000000
817 -240.0000000000
832 -239.0000000000
877 -238.0000000000
900 -237.0000000000
905 -236.0000000000
927 -235.0000000000
936 -234.0000000000
953 -233.0000000000
978 -232.0000000000
986 -231.0000000000
1028 -230.0000000000
1050 -229.0000000000
1118 -228.0000000000
1122 -227.0000000000
1206 -226.0000000000
1246 -225.0000000000
1286 -224.0000000000
1302 -223.0000000000
1321 -222.0000000000
1334 -221.0000000000
1388 -220.0000000000
1400 -219.0000000000
1444 -218.0000000000
1456 -217.0000000000
1478 -216.0000000000
1488 -213.0000000000
1523 -212.0000000000
1590 -211.0000000000
1618 -210.0000000000
1619 -209.0000000000
1684 -208.0000000000
1709 -207.0000000000
1754 -206.0000000000
1769 -205.0000000000
1816 -204.0000000000
1864 -203.0000000000
1880 -201.0000000000
1961 -200.0000000000
1975 -198.0000000000
2057 -196.0000000000
2079 -195.0000000000
2105 -193.0000000000
2215 -192.0000000000
2257 -191.0000000000
2279 -190.0000000000
2317 -188.0000000000
2384 -187.0000000000
2418 -186.0000000000
2446 -185.0000000000
2450 -184.0000000000
2529 -183.0000000000
2562 -182.0000000000
2567 -181.0000000000
2630 -180.0000000000
2650 -179.0000000000
2697 -178.0000000000
2756 -177.0000000000
2812 -176.0000000000
2851 -175.0000000000
2868 -174.0000000000
2918 -172.0000000000
2954 -170.0000000000
2994 -169.0000000000
3091 -168.0000000000
3130 -166.0000000000
3231 -164.0000000000
3270 -163.0000000000
3348 -162.0000000000
3394 -161.0000000000
3433 -160.0000000000
3473 -159.0000000000
3562 -158.0000000000
3578 -157.0000000000
3708 -156.0000000000
3720 -155.0000000000
3768 -154.0000000000
3813 -153.0000000000
3870 -152.0000000000
3889 -151.0000000000
3962 -150.0000000000
4013 -149.0000000000
4023 -146.0000000000
4108 -145.0000000000
4149 -144.0000000000
4187 -143.0000000000
4198 -142.0000000000
4305 -141.0000000000
4338 -139.0000000000
4448 -138.0000000000
4454 -137.0000000000
4570 -136.0000000000
4603 -135.0000000000
4711 -134.0000000000
4794 -133.0000000000
4857 -132.0000000000
4924 -131.0000000000
4949 -130.0000000000
5021 -129.0000000000
5074 -128.0000000000
5130 -127.0000000000
5245 -126.0000000000
5264 -125.0000000000
5353 -124.0000000000
5405 -123.0000000000
5444 -122.0000000000
5466 -121.0000000000
5482 -119.0000000000
5514 -118.0000000000
5551 -117.0000000000
5574 -116.0000000000
5725 -115.0000000000
5753 -113.0000000000
5870 -111.0000000000
6017 -110.0000000000
6066 -109.0000000000
6172 -108.0000000000
6191 -107.0000000000
6317 -106.0000000000
6376 -105.0000000000
6428 -104.0000000000
6463 -103.0000000000
6582 -102.0000000000
6667 -101.0000000000
6687 -100.0000000000
6765 -99.0000000000
6871 -98.0000000000
7004 -97.0000000000
7062 -96.0000000000
7091 -95.0000000000
7110 -93.0000000000
7126 -91.0000000000
7188 -90.0000000000
7271 -89.0000000000
7329 -88.0000000000
7389 -87.0000000000
7467 -86.0000000000
7558 -85.0000000000
7566 -84.0000000000
7651 -83.0000000000
7705 -82.0000000000
7814 -81.0000000000
7935 -80.0000000000
7960 -79.0000000000
8136 -78.0000000000
8157 -77.0000000000
8205 -76.0000000000
8361 -74.0000000000
8401 -72.0000000000
8421 -71.0000000000
8650 -70.0000000000
8828 -69.0000000000
8910 -68.0000000000
9021 -67.0000000000
9136 -66.0000000000
9217 -65.0000000000
9252 -64.0000000000
9260 -63.0000000000
9316 -62.0000000000
9331 -61.0000000000
9431 -60.0000000000
9452 -59.0000000000
9619 -58.0000000000
9658 -57.0000000000
9718 -56.0000000000
9779 -55.0000000000
9852 -54.0000000000
9947 -53.0000000000
10021 -52.0000000000
10050 -54.0000000000
evaluations raw_y
1 -292.0000000000
3 -279.0000000000
6 -275.0000000000
7 -272.0000000000
13 -267.0000000000
58 -266.0000000000
87 -264.0000000000
169 -263.0000000000
190 -262.0000000000
191 -261.0000000000
264 -260.0000000000
326 -259.0000000000
338 -258.0000000000
364 -256.0000000000
400 -255.0000000000
447 -253.0000000000
462 -252.0000000000
484 -251.0000000000
513 -250.0000000000
539 -248.0000000000
568 -247.0000000000
634 -246.0000000000
643 -245.0000000000
658 -244.0000000000
666 -243.0000000000
741 -241.0000000000
797 -240.0000000000
802 -239.0000000000
854 -238.0000000000
862 -237.0000000000
922 -236.0000000000
967 -235.0000000000
985 -234.0000000000
988 -233.0000000000
1056 -232.0000000000
1111 -231.0000000000
1130 -230.0000000000
1143 -229.0000000000
1163 -228.0000000000
1168 -227.0000000000
1190 -226.0000000000
1237 -224.0000000000
1322 -223.0000000000
1389 -221.0000000000
1421 -220.0000000000
1491 -219.0000000000
1495 -218.0000000000
1516 -217.0000000000
1554 -216.0000000000
1562 -214.0000000000
1620 -213.0000000000
1665 -212.0000000000
1699 -211.0000000000
1726 -210.0000000000
1786 -209.0000000000
1835 -207.0000000000
1848 -206.0000000000
1927 -205.0000000000
1984 -204.0000000000
2022 -203.0000000000
2071 -202.0000000000
2098 -201.0000000000
2102 -200.0000000000
2145 -199.0000000000
2194 -198.0000000000
2213 -197.0000000000
2239 -196.0000000000
2307 -195.0000000000
2318 -194.0000000000
2319 -193.0000000000
2366 -192.0000000000
2397 -191.0000000000
2445 -190.0000000000
2464 -189.0000000000
2513 -188.0000000000
2558 -187.0000000000
2623 -186.0000000000
2642 -185.0000000000
2662 -184.0000000000
2776 -183.0000000000
2818 -182.0000000000
2876 -181.0000000000
2920 -180.0000000000
2952 -179.0000000000
2969 -178.0000000000
3077 -177.0000000000
3090 -176.0000000000
3159 -175.0000000000
3173 -174.0000000000
3233 -173.0000000000
3242 -172.0000000000
3361 -171.0000000000
3369 -170.0000000000
3429 -169.0000000000
3513 -168.0000000000
3518 -167.0000000000
3556 -166.0000000000
3580 -165.0000000000
3651 -164.0000000000
3657 -163.0000000000
3691 -162.0000000000
3717 -159.0000000000
3831 -158.0000000000
3855 -157.0000000000
3888 -156.0000000000
3972 -154.0000000000
4089 -153.0000000000
4090 -152.0000000000
4165 -151.0000000000
4195 -150.0000000000
4279 -149.0000000000
4344 -148.0000000000
4359 -146.0000000000
4377 -145.0000000000
4429 -144.0000000000
4470 -142.0000000000
4583 -141.0000000000
4598 -140.0000000000
4608 -138.0000000000
4717 -136.0000000000
4762 -135.0000000000
4786 -134.0000000000
4804 -133.0000000000
4886 -132.0000000000
4895 -131.0000000000
4909 -130.0000000000
5017 -129.0000000000
5073 -128.0000000000
5113 -127.0000000000
5201 -125.0000000000
5283 -124.0000000000
5356 -123.0000000000
5430 -122.0000000000
5459 -121.0000000000
5579 -120.0000000000
5617 -119.0000000000
5626 -118.0000000000
5721 -117.0000000000
5763 -116.0000000000
5800 -114.0000000000
5900 -113.0000000000
5904 -112.0000000000
5991 -111.0000000000
6068 -110.0000000000
6136 -109.0000000000
6233 -108.0000000000
6346 -107.0000000000
6428 -106.0000000000
6559 -105.0000000000
6578 -104.0000000000
6582 -103.0000000000
6681 -102.0000000000
6754 -101.0000000000
6903 -100.0000000000
6905 -99.0000000000
6952 -98.0000000000
7045 -97.0000000000
7153 -95.0000000000
7289 -93.0000000000
7291 -92.0000000000
7452 -91.0000000000
7562 -90.0000000000
7666 -89.0000000000
7684 -88.0000000000
7742 -87.0000000000
7864 -86.0000000000
7957 -84.0000000000
7971 -83.0000000000
8057 -82.0000000000
8107 -81.0000000000
8155 -79.0000000000
8259 -76.0000000000
8423 -75.0000000000
8516 -74.0000000000
8567 -73.0000000000
8627 -72.0000000000
8756 -71.0000000000
8808 -70.0000000000
8810 -69.0000000000
8855 -68.0000000000
8950 -67.0000000000
9053 -66.0000000000
9071 -65.0000000000
9196 -64.0000000000
9238 -63.0000000000
9344 -62.0000000000
9353 -61.0000000000
9454 -60.0000000000
9486 -59.0000000000
9584 -58.0000000000
9653 -57.0000000000
9718 -56.0000000000
9872 -55.0000000000
9986 -54.0000000000
10050 -54.0000000000
evaluations raw_y
1 -262.0000000000
6 -260.0000000000
29 -256.0000000000
42 -251.0000000000
62 -250.0000000000
183 -249.0000000000
212 -246.0000000000
280 -245.0000000000
311 -244.0000000000
322 -243.0000000000
333 -242.0000000000
400 -241.0000000000
425 -240.0000000000
429 -239.0000000000
462 -237.0000000000
515 -236.0000000000
560 -235.0000000000
600 -233.0000000000
641 -232.0000000000
670 -231.0000000000
673 -230.0000000000
675 -228.0000000000
700 -227.0000000000
707 -226.0000000000
719 -224.0000000000
837 -223.0000000000
844 -222.0000000000
846 -221.0000000000
889 -219.0000000000
910 -217.0000000000
959 -216.0000000000
999 -214.0000000000
1017 -213.0000000000
1047 -211.0000000000
1090 -210.0000000000
1104 -209.0000000000
1120 -208.0000000000
1167 -206.0000000000
1205 -205.0000000000
1248 -204.0000000000
1316 -203.0000000000
1320 -202.0000000000
1390 -201.0000000000
1454 -199.0000000000
1545 -198.0000000000
1563 -197.0000000000
1601 -196.0000000000
1619 -195.0000000000
1645 -194.0000000000
1677 -193.0000000000
1743 -192.0000000000
1772 -191.0000000000
1827 -190.0000000000
1843 -189.0000000000
1873 -188.0000000000
1895 -187.0000000000
1918 -186.0000000000
1984 -185.0000000000
2040 -184.0000000000
2067 -183.0000000000
2130 -182.0000000000
2166 -181.0000000000
2218 -179.0000000000
2319 -178.0000000000
2368 -177.0000000000
2398 -176.0000000000
2454 -175.0000000000
2510 -174.0000000000
2565 -173.0000000000
2567 -172.0000000000
2618 -171.0000000000
2666 -170.0000000000
2672 -169.0000000000
2682 -168.0000000000
2725 -167.0000000000
2788 -166.0000000000
2813 -165.0000000000
2827 -164.0000000000
2902 -162.0000000000
3019 -161.0000000000
3082 -160.0000000000
3134 -158.0000000000
3193 -157.0000000000
3236 -155.0000000000
3274 -154.0000000000
3329 -153.0000000000
3375 -152.0000000000
3431 -151.0000000000
3477 -150.0000000000
3492 -149.0000000000
3562 -148.0000000000
3581 -147.0000000000
3693 -145.0000000000
3762 -144.0000000000
3797 -142.0000000000
3904 -140.0000000000
3983 -139.0000000000
4020 -138.0000000000
4031 -137.0000000000
4042 -136.0000000000
4131 -135.0000000000
4153 -134.0000000000
4210 -133.0000000000
4254 -132.0000000000
4293 -131.0000000000
4330 -130.0000000000
4390 -129.0000000000
4419 -128.0000000000
4547 -127.0000000000
4604 -126.0000000000
4625 -125.0000000000
4707 -124.0000000000
4760 -123.0000000000
4777 -121.0000000000
4833 -120.0000000000
4855 -119.0000000000
4954 -118.0000000000
5022 -116.0000000000
5149 -115.0000000000
5167 -114.0000000000
5251 -113.0000000000
5342 -112.0000000000
5462 -111.0000000000
5520 -110.0000000000
5569 -109.0000000000
5604 -108.0000000000
5665 -107.0000000000
5785 -106.0000000000
5817 -105.0000000000
5863 -103.0000000000
5927 -102.0000000000
6018 -101.0000000000
6121 -100.0000000000
6181 -99.0000000000
6236 -98.0000000000
6251 -97.0000000000
6318 -96.0000000000
6436 -95.0000000000
6481 -94.0000000000
6569 -93.0000000000
6660 -92.0000000000
6712 -91.0000000000
6783 -90.0000000000
6863 -89.0000000000
6934 -88.0000000000
6942 -87.0000000000
6985 -86.0000000000
7032 -85.0000000000
7070 -84.0000000000
7201 -83.0000000000
7273 -82.0000000000
7312 -81.0000000000
7401 -80.0000000000
7479 -79.0000000000
7525 -78.0000000000
7667 -77.0000000000
7806 -76.0000000000
7866 -75.0000000000
7959 -74.0000000000
7989 -73.0000000000
8190 -72.0000000000
8280 -71.0000000000
8321 -70.0000000000
8407 -69.0000000000
8521 -68.0000000000
8576 -67.0000000000
8604 -65.0000000000
8698 -64.0000000000
8829 -62.0000000000
8958 -61.0000000000
8980 -60.0000000000
9053 -59.0000000000
9119 -58.0000000000
9215 -57.0000000000
9306 -56.0000000000
9438 -54.0000000000
9571 -53.0000000000
9709 -52.0000000000
9718 -51.0000000000
9774 -50.0000000000
9945 -49.0000000000
10001 -48.0000000000
10050 -50.0000000000
evaluations raw_y
1 -288.0000000000
2 -276.0000000000
11 -262.0000000000
42 -259.0000000000
75 -257.0000000000
92 -256.0000000000
126 -255.0000000000
141 -254.0000000000
148 -253.0000000000
199 -251.0000000000
239 -250.0000000000
271 -249.0000000000
299 -248.0000000000
365 -247.0000000000
382 -246.0000000000
413 -244.0000000000
471 -243.0000000000
498 -242.0000000000
544 -241.0000000000
619 -240.0000000000
626 -239.0000000000
635 -238.0000000000
687 -237.0000000000
688 -236.0000000000
759 -235.0000000000
796 -234.0000000000
824 -233.0000000000
830 -231.0000000000
862 -229.0000000000
871 -227.0000000000
911 -226.0000000000
947 -225.0000000000
984 -224.0000000000
1031 -223.0000000000
1068 -222.0000000000
1083 -221.0000000000
1135 -220.0000000000
1189 -218.0000000000
1229 -217.0000000000
1259 -216.0000000000
1293 -215.0000000000
1351 -214.0000000000
1382 -213.0000000000
1396 -212.0000000000
1446 -211.0000000000
1459 -210.0000000000
1495 -209.0000000000
1519 -208.0000000000
1547 -207.0000000000
1595 -206.0000000000
1614 -205.0000000000
1663 -203.0000000000
1679 -202.0000000000
1729 -201.0000000000
1780 -200.0000000000
1840 -199.0000000000
1873 -198.0000000000
1969 -197.0000000000
1990 -196.0000000000
2021 -195.0000000000
2040 -194.0000000000
2076 -193.0000000000
2130 -191.0000000000
2207 -190.0000000000
2248 -189.0000000000
2297 -188.0000000000
2307 -186.0000000000
2315 -185.0000000000
2366 -184.0000000000
2367 -183.0000000000
2392 -182.0000000000
2465 -181.0000000000
2467 -180.0000000000
2475 -179.0000000000
2551 -178.0000000000
2557 -177.0000000000
2566 -176.0000000000
2635 -175.0000000000
2650 -174.0000000000
2680 -171.0000000000
2796 -170.0000000000
2898 -169.0000000000
2932 -167.0000000000
3017 -166.0000000000
3044 -165.0000000000
3076 -164.0000000000
3121 -162.0000000000
3135 -161.0000000000
3211 -160.0000000000
3224 -159.0000000000
3243 -158.0000000000
3311 -157.0000000000
3361 -156.0000000000
3371 -155.0000000000
3429 -153.0000000000
3477 -151.0000000000
3544 -150.0000000000
3590 -149.0000000000
3601 -148.0000000000
3629 -147.0000000000
3679 -146.0000000000
3737 -145.0000000000
3834 -144.0000000000
3838 -143.0000000000
3893 -142.0000000000
3920 -141.0000000000
3978 -140.0000000000
4103 -139.0000000000
4121 -138.0000000000
4164 -137.0000000000
4240 -136.0000000000
4307 -135.0000000000
4325 -134.0000000000
4426 -133.0000000000
4466 -132.0000000000
4534 -131.0000000000
4535 -130.0000000000
4545 -129.0000000000
4668 -128.0000000000
4733 -127.0000000000
4744 -126.0000000000
4781 -125.0000000000
4809 -124.0000000000
4909 -123.0000000000
4936 -122.0000000000
4996 -121.0000000000
5029 -120.0000000000
5074 -119.0000000000
5140 -118.0000000000
5162 -117.0000000000
5183 -116.0000000000
5295 -115.0000000000
5339 -113.0000000000
5355 -112.0000000000
5411 -111.0000000000
5484 -110.0000000000
5554 -108.0000000000
5588 -107.0000000000
5685 -106.0000000000
5718 -105.0000000000
5802 -104.0000000000
5831 -103.0000000000
5938 -102.0000000000
5975 -101.0000000000
5979 -100.0000000000
6056 -98.0000000000
6136 -97.0000000000
6242 -96.0000000000
6265 -95.0000000000
6411 -93.0000000000
6525 -92.0000000000
6538 -91.0000000000
6611 -90.0000000000
6665 -89.0000000000
6757 -88.0000000000
6900 -87.0000000000
7016 -86.0000000000
7101 -85.0000000000
7195 -84.0000000000
7317 -83.0000000000
7413 -82.0000000000
7488 -81.0000000000
7643 -79.0000000000
7793 -78.0000000000
7877 -77.0000000000
8004 -76.0000000000
8024 -75.0000000000
8095 -74.0000000000
8245 -73.0000000000
8286 -72.0000000000
8335 -71.0000000000
8397 -70.0000000000
8494 -69.0000000000
8582 -68.0000000000
8759 -67.0000000000
8800 -66.0000000000
8876 -65.0000000000
8877 -63.0000000000
8963 -62.0000000000
9051 -61.0000000000
9128 -60.0000000000
9240 -59.0000000000
9282 -58.0000000000
9321 -57.0000000000
9394 -56.0000000000
9461 -55.0000000000
9527 -54.0000000000
9627 -53.0000000000
9730 -52.0000000000
9845 -50.0000000000
10050 -51.0000000000
evaluations raw_y
1 -288.0000000000
2 -271.0000000000
8 -268.0000000000
70 -267.0000000000
103 -266.0000000000
153 -264.0000000000
162 -263.0000000000
223 -262.0000000000
226 -261.0000000000
253 -260.0000000000
274 -259.0000000000
318 -258.0000000000
359 -257.0000000000
377 -256.0000000000
450 -254.0000000000
488 -253.0000000000
524 -252.0000000000
567 -251.0000000000
609 -250.0000000000
657 -248.0000000000
720 -247.0000000000
749 -246.0000000000
761 -244.0000000000
806 -243.0000000000
863 -242.0000000000
888 -241.0000000000
912 -240.0000000000
966 -239.0000000000
981 -238.0000000000
1025 -236.0000000000
1053 -235.0000000000
1072 -233.0000000000
1096 -232.0000000000
1120 -231.0000000000
1188 -230.0000000000
1219 -229.0000000000
1243 -227.0000000000
1301 -226.0000000000
1307 -225.0000000000
1351 -224.0000000000
1373 -223.0000000000
1385 -222.0000000000
1410 -220.0000000000
1422 -219.0000000000
1430 -217.0000000000
1479 -216.0000000000
1514 -215.0000000000
1553 -213.0000000000
1601 -212.0000000000
1694 -211.0000000000
1707 -210.0000000000
1739 -209.0000000000
1825 -208.0000000000
1853 -207.0000000000
1917 -206.0000000000
1928 -204.0000000000
1964 -203.0000000000
1986 -202.0000000000
2058 -201.0000000000
2081 -200.0000000000
2177 -199.0000000000
2232 -198.0000000000
2263 -197.0000000000
2264 -196.0000000000
2281 -195.0000000000
2327 -194.0000000000
2406 -193.0000000000
2429 -192.0000000000
2476 -191.0000000000
2526 -188.0000000000
2614 -187.0000000000
2685 -185.0000000000
2761 -184.0000000000
2861 -183.0000000000
2862 -182.0000000000
2911 -181.0000000000
2997 -180.0000000000
3018 -179.0000000000
3024 -178.0000000000
3044 -177.0000000000
3057 -176.0000000000
3131 -174.0000000000
3196 -173.0000000000
3234 -172.0000000000
3249 -171.0000000000
3282 -170.0000000000
3337 -168.0000000000
3426 -167.0000000000
3464 -166.0000000000
3496 -165.0000000000
3515 -164.0000000000
3527 -163.0000000000
3586 -162.0000000000
3602 -161.0000000000
3684 -160.0000000000
3789 -159.0000000000
3866 -158.0000000000
3944 -157.0000000000
4027 -156.0000000000
4110 -155.0000000000
4162 -154.0000000000
4228 -152.0000000000
4329 -151.0000000000
4375 -150.0000000000
4467 -149.0000000000
4494 -148.0000000000
4503 -147.0000000000
4576 -146.0000000000
4609 -145.0000000000
4649 -144.0000000000
4738 -143.0000000000
4835 -142.0000000000
4903 -140.0000000000
4951 -138.0000000000
5075 -137.0000000000
5129 -136.0000000000
5160 -135.0000000000
5207 -133.0000000000
5276 -132.0000000000
5321 -131.0000000000
5417 -130.0000000000
5453 -129.0000000000
5500 -128.0000000000
5536 -127.0000000000
5613 -126.0000000000
5631 -125.0000000000
5673 -124.0000000000
5806 -123.0000000000
5833 -122.0000000000
5856 -121.0000000000
5909 -120.0000000000
5928 -119.0000000000
6039 -118.0000000000
6058 -117.0000000000
6149 -116.0000000000
6221 -115.0000000000
6379 -113.0000000000
6428 -112.0000000000
6533 -111.0000000000
6642 -110.0000000000
6673 -109.0000000000
6723 -108.0000000000
6758 -107.0000000000
6838 -105.0000000000
6939 -104.0000000000
6976 -103.0000000000
7068 -101.0000000000
7160 -100.0000000000
7224 -99.0000000000
7279 -98.0000000000
7333 -97.0000000000
7368 -96.0000000000
7434 -95.0000000000
7563 -94.0000000000
7629 -93.0000000000
7723 -92.0000000000
7770 -91.0000000000
7838 -90.0000000000
7928 -89.0000000000
8053 -88.0000000000
8093 -87.0000000000
8196 -86.0000000000
8197 -85.0000000000
8241 -84.0000000000
8321 -83.0000000000
8408 -82.0000000000
8438 -81.0000000000
8449 -80.0000000000
8691 -79.0000000000
8717 -78.0000000000
8776 -77.0000000000
8830 -76.0000000000
8942 -75.0000000000
9040 -74.0000000000
9176 -73.0000000000
9205 -72.0000000000
9325 -71.0000000000
9465 -70.0000000000
9675 -69.0000000000
9761 -68.0000000000
9815 -67.0000000000
9983 -66.0000000000
10035 -65.0000000000
10050 -67.0000000000
evaluations raw_y
1 -297.0000000000
2 -273.0000000000
6 -261.0000000000
29 -256.0000000000
94 -255.0000000000
140 -253.0000000000
156 -252.0000000000
182 -251.0000000000
203 -250.0000000000
227 -249.0000000000
243 -248.0000000000
254 -247.0000000000
268 -246.0000000000
286 -245.0000000000
334 -242.0000000000
418 -241.0000000000
425 -238.0000000000
460 -236.0000000000
500 -235.0000000000
606 -233.0000000000
625 -232.0000000000
669 -231.0000000000
670 -230.0000000000
713 -228.0000000000
815 -227.0000000000
854 -225.0000000000
936 -224.0000000000
958 -223.0000000000
1041 -221.0000000000
1126 -220.0000000000
1133 -219.0000000000
1146 -218.0000000000
1181 -217.0000000000
1197 -215.0000000000
1209 -214.0000000000
1278 -213.0000000000
1311 -211.0000000000
1336 -209.0000000000
1437 -208.0000000000
1443 -207.0000000000
1452 -206.0000000000
1456 -203.0000000000
1461 -202.0000000000
1475 -201.0000000000
1503 -200.0000000000
1515 -198.0000000000
1576 -195.0000000000
1623 -194.0000000000
1689 -193.0000000000
1713 -192.0000000000
1773 -191.0000000000
1794 -190.0000000000
1827 -189.0000000000
1846 -188.0000000000
1913 -187.0000000000
1914 -186.0000000000
1991 -185.0000000000
2028 -184.0000000000
2046 -183.0000000000
2054 -181.0000000000
2066 -180.0000000000
2214 -179.0000000000
2238 -178.0000000000
2248 -177.0000000000
2267 -175.0000000000
2381 -174.0000000000
2471 -173.0000000000
2501 -172.0000000000
2504 -171.0000000000
2546 -170.0000000000
2555 -169.0000000000
2605 -168.0000000000
2645 -167.0000000000
2713 -165.0000000000
2775 -164.0000000000
2789 -163.0000000000
2824 -162.0000000000
2850 -161.0000000000
2875 -160.0000000000
2930 -159.0000000000
2955 -158.0000000000
2973 -157.0000000000
3026 -156.0000000000
3098 -155.0000000000
3143 -153.0000000000
3245 -152.0000000000
3262 -151.0000000000
3335 -150.0000000000
3362 -149.0000000000
3433 -148.0000000000
3469 -147.0000000000
3502 -146.0000000000
3585 -145.0000000000
3661 -144.0000000000
3705 -143.0000000000
3741 -141.0000000000
3808 -140.0000000000
3840 -139.0000000000
3912 -137.0000000000
3967 -136.0000000000
4067 -135.0000000000
4136 -134.0000000000
4158 -133.0000000000
4196 -132.0000000000
4236 -131.0000000000
4402 -130.0000000000
4428 -129.0000000000
4490 -128.0000000000
4531 -127.0000000000
4608 -126.0000000000
4615 -125.0000000000
4669 -124.0000000000
4727 -123.0000000000
4753 -122.0000000000
4835 -121.0000000000
4909 -120.0000000000
4946 -119.0000000000
5088 -118.0000000000
5126 -117.0000000000
5256 -116.0000000000
5282 -115.0000000000
5407 -114.0000000000
5446 -113.0000000000
5514 -112.0000000000
5553 -111.0000000000
5672 -110.0000000000
5804 -108.0000000000
5841 -107.0000000000
5881 -106.0000000000
5986 -105.0000000000
6011 -104.0000000000
6054 -103.0000000000
6202 -102.0000000000
6229 -101.0000000000
6363 -100.0000000000
6386 -99.0000000000
6456 -98.0000000000
6529 -97.0000000000
6594 -96.0000000000
6619 -95.0000000000
6687 -94.0000000000
6706 -93.0000000000
6801 -92.0000000000
6827 -91.0000000000
6898 -90.0000000000
7023 -89.0000000000
7086 -88.0000000000
7176 -87.0000000000
7293 -86.0000000000
7381 -85.0000000000
7417 -84.0000000000
7536 -83.0000000000
7582 -82.0000000000
7782 -81.0000000000
7834 -80.0000000000
7899 -78.0000000000
7999 -75.0000000000
8078 -74.0000000000
8219 -73.0000000000
8416 -72.0000000000
8607 -71.0000000000
8761 -70.0000000000
8895 -69.0000000000
8927 -68.0000000000
8988 -67.0000000000
9150 -66.0000000000
9251 -65.0000000000
9373 -64.0000000000
9433 -63.0000000000
9510 -62.0000000000
9698 -61.0000000000
9747 -60.0000000000
9871 -59.0000000000
9911 -58.0000000000
10021 -57.0000000000
10050 -59.0000000000
evaluations raw_y
1 -275.0000000000
2 -262.0000000000
62 -260.0000000000
134 -259.0000000000
154 -258.0000000000
205 -257.0000000000
211 -255.0000000000
217 -254.0000000000
263 -253.0000000000
296 -252.0000000000
355 -251.0000000000
390 -250.0000000000
401 -249.0000000000
416 -246.0000000000
475 -245.0000000000
527 -244.0000000000
556 -243.0000000000
599 -242.0000000000
614 -241.0000000000
689 -240.0000000000
729 -239.0000000000
743 -237.0000000000
801 -236.0000000000
808 -235.0000000000
885 -233.0000000000
928 -231.0000000000
959 -230.0000000000
1047 -228.0000000000
1101 -226.0000000000
1134 -225.0000000000
1162 -224.0000000000
1169 -223.0000000000
1212 -222.0000000000
1213 -221.0000000000
1253 -220.0000000000
1255 -218.0000000000
1260 -217.0000000000
1285 -216.0000000000
1297 -215.0000000000
1315 -214.0000000000
1370 -213.0000000000
1394 -212.0000000000
1402 -211.0000000000
1445 -210.0000000000
1465 -209.0000000000
1494 -208.0000000000
1520 -207.0000000000
1574 -206.0000000000
1620 -204.0000000000
1737 -203.0000000000
1769 -201.0000000000
1773 -200.0000000000
1801 -198.0000000000
1862 -197.0000000000
1896 -195.0000000000
1961 -193.0000000000
2036 -192.0000000000
2093 -190.0000000000
2100 -189.0000000000
2168 -187.0000000000
2227 -186.0000000000
2246 -185.0000000000
2324 -184.0000000000
2333 -183.0000000000
2396 -182.0000000000
2431 -181.0000000000
2444 -179.0000000000
2482 -178.0000000000
2490 -177.0000000000
2546 -176.0000000000
2569 -175.0000000000
2597 -174.0000000000
2646 -173.0000000000
2664 -172.0000000000
2731 -171.0000000000
2801 -169.0000000000
2900 -168.0000000000
2968 -167.0000000000
3033 -166.0000000000
3098 -165.0000000000
3147 -164.0000000000
3188 -163.0000000000
3215 -161.0000000000
3220 -160.0000000000
3248 -159.0000000000
3307 -158.0000000000
3351 -157.0000000000
3414 -156.0000000000
3435 -155.0000000000
3486 -154.0000000000
3497 -152.0000000000
3541 -151.0000000000
3581 -150.0000000000
3619 -149.0000000000
3677 -148.0000000000
3678 -147.0000000000
3774 -145.0000000000
3823 -144.0000000000
3895 -143.0000000000
3906 -142.0000000000
3921 -141.0000000000
4028 -140.0000000000
4036 -139.0000000000
4058 -138.0000000000
4155 -137.0000000000
4202 -136.0000000000
4209 -135.0000000000
4240 -134.0000000000
4286 -133.0000000000
4344 -132.0000000000
4388 -131.0000000000
4481 -130.0000000000
4594 -129.0000000000
4673 -128.0000000000
4697 -126.0000000000
4731 -125.0000000000
4851 -124.0000000000
4902 -123.0000000000
4914 -122.0000000000
4960 -121.0000000000
4978 -120.0000000000
5071 -119.0000000000
5085 -118.0000000000
5156 -117.0000000000
5193 -116.0000000000
5219 -115.0000000000
5373 -114.0000000000
5436 -113.0000000000
5548 -110.0000000000
5607 -109.0000000000
5665 -107.0000000000
5778 -105.0000000000
5967 -104.0000000000
6059 -103.0000000000
6136 -102.0000000000
6197 -100.0000000000
6263 -99.0000000000
6344 -98.0000000000
6366 -97.0000000000
6427 -96.0000000000
6492 -95.0000000000
6518 -94.0000000000
6636 -93.0000000000
6647 -92.0000000000
6761 -91.0000000000
6829 -90.0000000000
6836 -89.0000000000
6875 -88.0000000000
6948 -87.0000000000
6973 -86.0000000000
7024 -85.0000000000
7148 -84.0000000000
7203 -83.0000000000
7388 -82.0000000000
7463 -81.0000000000
7670 -80.0000000000
7769 -79.0000000000
7832 -78.0000000000
7913 -77.0000000000
7951 -76.0000000000
8032 -75.0000000000
8159 -74.0000000000
8245 -73.0000000000
8378 -72.0000000000
8389 -71.0000000000
8539 -70.0000000000
8608 -69.0000000000
8667 -68.0000000000
8830 -67.0000000000
8955 -66.0000000000
8974 -65.0000000000
9160 -64.0000000000
9207 -63.0000000000
9437 -62.0000000000
9463 -61.0000000000
9546 -60.0000000000
9637 -58.0000000000
9661 -57.0000000000
9705 -56.0000000000
9832 -55.0000000000
9999 -54.0000000000
10050 -55.0000000000
evaluations raw_y
1 -301.0000000000
2 -299.0000000000
3 -293.0000000000
5 -270.0000000000
8 -264.0000000000
40 -255.0000000000
119 -252.0000000000
165 -251.0000000000
188 -250.0000000000
241 -248.0000000000
287 -247.0000000000
302 -246.0000000000
336 -245.0000000000
356 -244.0000000000
388 -243.0000000000
464 -242.0000000000
491 -241.0000000000
500 -240.0000000000
508 -239.0000000000
545 -238.0000000000
554 -237.0000000000
594 -236.0000000000
634 -235.0000000000
670 -234.0000000000
687 -232.0000000000
695 -231.0000000000
785 -229.0000000000
800 -226.0000000000
891 -225.0000000000
928 -224.0000000000
936 -223.0000000000
985 -220.0000000000
1033 -219.0000000000
1042 -218.0000000000
1080 -217.0000000000
1122 -216.0000000000
1227 -215.0000000000
1251 -214.0000000000
1291 -213.0000000000
1312 -212.0000000000
1357 -211.0000000000
1389 -210.0000000000
1433 -209.0000000000
1484 -208.0000000000
1532 -207.0000000000
1557 -206.0000000000
1610 -205.0000000000
1662 -204.0000000000
1702 -203.0000000000
1714 -202.0000000000
1836 -201.0000000000
1882 -200.0000000000
1923 -199.0000000000
1944 -197.0000000000
2002 -196.0000000000
2051 -195.0000000000
2052 -194.0000000000
2091 -193.0000000000
2162 -190.0000000000
2304 -189.0000000000
2347 -188.0000000000
2407 -187.0000000000
2440 -186.0000000000
2509 -185.0000000000
2583 -184.0000000000
2585 -183.0000000000
2608 -182.0000000000
2630 -181.0000000000
2704 -180.0000000000
2747 -179.0000000000
2764 -178.0000000000
2789 -176.0000000000
2887 -175.0000000000
2924 -174.0000000000
2965 -173.0000000000
3017 -172.0000000000
3037 -171.0000000000
3108 -168.0000000000
3188 -167.0000000000
3209 -165.0000000000
3327 -164.0000000000
3332 -163.0000000000
3458 -162.0000000000
3471 -161.0000000000
3489 -160.0000000000
3499 -159.0000000000
3641 -158.0000000000
3649 -157.0000000000
3660 -156.0000000000
3749 -155.0000000000
3784 -153.0000000000
3835 -152.0000000000
3942 -151.0000000000
3980 -150.0000000000
4030 -149.0000000000
4058 -148.0000000000
4065 -147.0000000000
4121 -146.0000000000
4184 -145.0000000000
4234 -144.0000000000
4266 -143.0000000000
4312 -142.0000000000
4411 -141.0000000000
4438 -140.0000000000
4506 -138.0000000000
4573 -137.0000000000
4593 -136.0000000000
4679 -135.0000000000
4742 -134.0000000000
4839 -133.0000000000
4894 -132.0000000000
4921 -131.0000000000
4952 -130.0000000000
5026 -129.0000000000
5087 -128.0000000000
5152 -127.0000000000
5190 -126.0000000000
5231 -125.0000000000
5235 -124.0000000000
5242 -123.0000000000
5287 -122.0000000000
5369 -121.0000000000
5429 -119.0000000000
5521 -118.0000000000
5528 -117.0000000000
5613 -116.0000000000
5730 -115.0000000000
5758 -114.0000000000
5782 -113.0000000000
5836 -112.0000000000
5886 -111.0000000000
5976 -110.0000000000
6072 -109.0000000000
6110 -108.0000000000
6212 -107.0000000000
6270 -106.0000000000
6376 -105.0000000000
6482 -104.0000000000
6565 -102.0000000000
6692 -99.0000000000
6817 -98.0000000000
6961 -97.0000000000
6983 -96.0000000000
7032 -95.0000000000
7063 -94.0000000000
7091 -92.0000000000
7186 -91.0000000000
7252 -90.0000000000
7371 -89.0000000000
7465 -88.0000000000
7475 -87.0000000000
7575 -86.0000000000
7720 -85.0000000000
7763 -84.0000000000
7898 -82.0000000000
7936 -81.0000000000
8024 -78.0000000000
8051 -77.0000000000
8179 -76.0000000000
8204 -75.0000000000
8290 -74.0000000000
8313 -73.0000000000
8374 -72.0000000000
8482 -71.0000000000
8575 -70.0000000000
8676 -69.0000000000
8705 -68.0000000000
8797 -67.0000000000
8925 -66.0000000000
8988 -65.0000000000
9056 -64.0000000000
9207 -63.0000000000
9289 -62.0000000000
9395 -61.0000000000
9560 -60.0000000000
9686 -59.0000000000
9697 -58.0000000000
9779 -57.0000000000
9798 -56.0000000000
9855 -55.0000000000
9936 -54.0000000000
10050 -57.0000000000
evaluations raw_y
1 -262.0000000000
30 -261.0000000000
39 -253.0000000000
123 -252.0000000000
152 -251.0000000000
191 -249.0000000000
211 -248.0000000000
235 -247.0000000000
270 -246.0000000000
317 -245.0000000000
320 -244.0000000000
357 -243.0000000000
376 -242.0000000000
403 -241.0000000000
427 -240.0000000000
453 -238.0000000000
510 -237.0000000000
617 -236.0000000000
652 -235.0000000000
661 -233.0000000000
673 -232.0000000000
705 -231.0000000000
771 -230.0000000000
810 -229.0000000000
827 -228.0000000000
850 -227.0000000000
867 -226.0000000000
937 -225.0000000000
977 -224.0000000000
994 -223.0000000000
1046 -221.0000000000
1101 -220.0000000000
1114 -219.0000000000
1167 -218.0000000000
1216 -217.0000000000
1221 -216.0000000000
1249 -214.0000000000
1267 -213.0000000000
1342 -212.0000000000
1365 -211.0000000000
1439 -210.0000000000
1478 -209.0000000000
1483 -208.0000000000
1581 -207.0000000000
1586 -206.0000000000
1619 -205.0000000000
1640 -204.0000000000
1720 -203.0000000000
1775 -202.0000000000
1842 -201.0000000000
1943 -200.0000000000
1992 -199.0000000000
2059 -197.0000000000
2087 -196.0000000000
2120 -195.0000000000
2138 -194.0000000000
2172 -193.0000000000
2233 -192.0000000000
2244 -191.0000000000
2298 -190.0000000000
2330 -189.0000000000
2366 -188.0000000000
2451 -187.0000000000
2473 -186.0000000000
2530 -185.0000000000
2535 -184.0000000000
2576 -183.0000000000
2595 -182.0000000000
2608 -181.0000000000
2752 -180.0000000000
2783 -179.0000000000
2789 -178.0000000000
2817 -177.0000000000
2853 -175.0000000000
2897 -174.0000000000
2950 -173.0000000000
2960 -172.0000000000
3038 -171.0000000000
3080 -170.0000000000
3082 -169.0000000000
3104 -168.0000000000
3160 -167.0000000000
3197 -166.0000000000
3206 -165.0000000000
3322 -164.0000000000
3349 -163.0000000000
3353 -162.0000000000
3421 -161.0000000000
3493 -160.0000000000
3549 -159.0000000000
3563 -158.0000000000
3679 -157.0000000000
3751 -156.0000000000
3807 -155.0000000000
3888 -154.0000000000
3963 -153.0000000000
3998 -152.0000000000
4084 -151.0000000000
4184 -150.0000000000
4220 -148.0000000000
4267 -147.0000000000
4314 -146.0000000000
4408 -145.0000000000
4446 -144.0000000000
4552 -143.0000000000
4563 -142.0000000000
4618 -140.0000000000
4656 -139.0000000000
4682 -138.0000000000
4749 -137.0000000000
4778 -136.0000000000
4786 -135.0000000000
4831 -134.0000000000
4935 -133.0000000000
4965 -132.0000000000
5022 -131.0000000000
5034 -130.0000000000
5035 -129.0000000000
5127 -128.0000000000
5257 -127.0000000000
5273 -126.0000000000
5303 -124.0000000000
5380 -123.0000000000
5492 -122.0000000000
5571 -121.0000000000
5654 -120.0000000000
5716 -119.0000000000
5728 -118.0000000000
5807 -117.0000000000
5898 -116.0000000000
5953 -115.0000000000
6035 -114.0000000000
6117 -113.0000000000
6196 -112.0000000000
6207 -111.0000000000
6336 -110.0000000000
6389 -109.0000000000
6392 -108.0000000000
6538 -107.0000000000
6572 -106.0000000000
6645 -105.0000000000
6660 -104.0000000000
6740 -103.0000000000
6787 -102.0000000000
6829 -101.0000000000
6869 -100.0000000000
7026 -99.0000000000
7108 -98.0000000000
7220 -97.0000000000
7251 -96.0000000000
7346 -94.0000000000
7372 -93.0000000000
7378 -92.0000000000
7406 -91.0000000000
7475 -90.0000000000
7559 -89.0000000000
7660 -88.0000000000
7699 -87.0000000000
7840 -86.0000000000
7858 -85.0000000000
7885 -84.0000000000
7998 -83.0000000000
8114 -82.0000000000
8166 -81.0000000000
8234 -80.0000000000
8361 -79.0000000000
8446 -78.0000000000
8506 -77.0000000000
8530 -75.0000000000
8698 -74.0000000000
8789 -73.0000000000
8813 -72.0000000000
8969 -71.0000000000
8986 -70.0000000000
9130 -69.0000000000
9206 -68.0000000000
9290 -67.0000000000
9418 -66.0000000000
9532 -65.0000000000
9562 -64.0000000000
9600 -63.0000000000
9625 -62.0000000000
9814 -61.0000000000
10022 -60.0000000000
10050 -61.0000000000
evaluations raw_y
1 -282.0000000000
4 -264.0000000000
74 -263.0000000000
138 -261.0000000000
178 -260.0000000000
199 -259.0000000000
213 -258.0000000000
217 -256.0000000000
291 -255.0000000000
299 -254.0000000000
341 -253.0000000000
344 -252.0000000000
356 -251.0000000000
416 -250.0000000000
454 -249.0000000000
486 -248.0000000000
521 -247.0000000000
543 -246.0000000000
571 -245.0000000000
607 -244.0000000000
666 -243.0000000000
695 -241.0000000000
733 -240.0000000000
741 -239.0000000000
777 -238.0000000000
832 -237.0000000000
834 -236.0000000000
866 -234.0000000000
928 -231.0000000000
995 -230.0000000000
1025 -229.0000000000
1060 -228.0000000000
1079 -227.0000000000
1120 -226.0000000000
1127 -225.0000000000
1203 -224.0000000000
1209 -221.0000000000
1237 -220.0000000000
1270 -219.0000000000
1333 -217.0000000000
1397 -215.0000000000
1524 -214.0000000000
1563 -213.0000000000
1603 -212.0000000000
1643 -211.0000000000
1700 -209.0000000000
1761 -208.0000000000
1808 -207.0000000000
1869 -205.0000000000
1930 -204.0000000000
2013 -203.0000000000
2041 -202.0000000000
2060 -201.0000000000
2080 -200.0000000000
2152 -199.0000000000
2167 -198.0000000000
2188 -197.0000000000
2219 -196.0000000000
2236 -195.0000000000
2295 -194.0000000000
2313 -192.0000000000
2446 -191.0000000000
2486 -190.0000000000
2503 -189.0000000000
2538 -188.0000000000
2614 -187.0000000000
2648 -186.0000000000
2676 -185.0000000000
2723 -184.0000000000
2760 -183.0000000000
2782 -182.0000000000
2848 -181.0000000000
2894 -180.0000000000
2935 -178.0000000000
2964 -177.0000000000
3000 -176.0000000000
3067 -172.0000000000
3080 -171.0000000000
3178 -169.0000000000
3230 -168.0000000000
3286 -166.0000000000
3420 -164.0000000000
3421 -163.0000000000
3452 -162.0000000000
3547 -161.0000000000
3595 -160.0000000000
3626 -159.0000000000
3653 -158.0000000000
3705 -157.0000000000
3742 -156.0000000000
3744 -155.0000000000
3821 -152.0000000000
3893 -151.0000000000
3901 -150.0000000000
3916 -149.0000000000
4010 -148.0000000000
4021 -146.0000000000
4153 -145.0000000000
4189 -143.0000000000
4216 -142.0000000000
4267 -141.0000000000
4280 -140.0000000000
4335 -138.0000000000
4406 -137.0000000000
4447 -136.0000000000
4483 -135.0000000000
4497 -134.0000000000
4564 -133.0000000000
4610 -131.0000000000
4702 -130.0000000000
4779 -129.0000000000
4828 -128.0000000000
4924 -127.0000000000
4947 -126.0000000000
5068 -125.0000000000
5092 -124.0000000000
5157 -123.0000000000
5195 -122.0000000000
5245 -121.0000000000
5252 -120.0000000000
5390 -119.0000000000
5435 -118.0000000000
5440 -117.0000000000
5507 -115.0000000000
5678 -114.0000000000
5840 -113.0000000000
5858 -112.0000000000
5924 -111.0000000000
5982 -110.0000000000
6060 -109.0000000000
6139 -108.0000000000
6239 -107.0000000000
6263 -106.0000000000
6360 -105.0000000000
6402 -104.0000000000
6479 -103.0000000000
6548 -101.0000000000
6601 -100.0000000000
6716 -99.0000000000
6772 -98.0000000000
6853 -97.0000000000
6962 -96.0000000000
6979 -95.0000000000
6983 -94.0000000000
7128 -93.0000000000
7174 -92.0000000000
7242 -91.0000000000
7261 -90.0000000000
7352 -89.0000000000
7358 -88.0000000000
7459 -87.0000000000
7508 -86.0000000000
7541 -85.0000000000
7708 -84.0000000000
7732 -83.0000000000
7834 -82.0000000000
7861 -81.0000000000
7967 -80.0000000000
8019 -79.0000000000
8031 -78.0000000000
8060 -77.0000000000
8148 -76.0000000000
8247 -75.0000000000
8344 -74.0000000000
8369 -73.0000000000
8384 -72.0000000000
8418 -71.0000000000
8467 -70.0000000000
8606 -69.0000000000
8705 -68.0000000000
8785 -67.0000000000
8819 -66.0000000000
8826 -65.0000000000
8872 -64.0000000000
8994 -63.0000000000
9033 -62.0000000000
9076 -61.0000000000
9168 -60.0000000000
9227 -59.0000000000
9320 -57.0000000000
9515 -56.0000000000
9527 -55.0000000000
9548 -54.0000000000
9740 -53.0000000000
9760 -52.0000000000
9763 -51.0000000000
9904 -50.0000000000
9906 -49.0000000000
10005 -48.0000000000
10050 -50.0000000000
