evaluations raw_y
1 -1910.0000000000
40 -1904.0000000000
41 -1887.0000000000
142 -1886.0000000000
144 -1885.0000000000
159 -1883.0000000000
231 -1881.0000000000
245 -1880.0000000000
305 -1878.0000000000
329 -1877.0000000000
379 -1876.0000000000
423 -1875.0000000000
433 -1873.0000000000
484 -1872.0000000000
486 -1867.0000000000
528 -1866.0000000000
535 -1865.0000000000
554 -1864.0000000000
589 -1863.0000000000
649 -1862.0000000000
654 -1861.0000000000
690 -1858.0000000000
730 -1856.0000000000
745 -1855.0000000000
789 -1854.0000000000
803 -1853.0000000000
811 -1852.0000000000
846 -1851.0000000000
874 -1850.0000000000
883 -1849.0000000000
917 -1848.0000000000
931 -1847.0000000000
932 -1846.0000000000
986 -1845.0000000000
1006 -1844.0000000000
1044 -1843.0000000000
1065 -1842.0000000000
1123 -1841.0000000000
1149 -1840.0000000000
1158 -1839.0000000000
1199 -1838.0000000000
1228 -1837.0000000000
1277 -1836.0000000000
1291 -1834.0000000000
1321 -1833.0000000000
1384 -1832.0000000000
1405 -1831.0000000000
1428 -1830.0000000000
1500 -1828.0000000000
1526 -1827.0000000000
1529 -1826.0000000000
1559 -1824.0000000000
1606 -1823.0000000000
1614 -1822.0000000000
1633 -1821.0000000000
1653 -1820.0000000000
1658 -1819.0000000000
1687 -1818.0000000000
1754 -1817.0000000000
1756 -1816.0000000000
1794 -1815.0000000000
1835 -1814.0000000000
1860 -1813.0000000000
1878 -1811.0000000000
1911 -1810.0000000000
1916 -1809.0000000000
1941 -1808.0000000000
1991 -1805.0000000000
2035 -1804.0000000000
2082 -1803.0000000000
2083 -1802.0000000000
2127 -1801.0000000000
2160 -1800.0000000000
2177 -1799.0000000000
2193 -1798.0000000000
2213 -1797.0000000000
2238 -1796.0000000000
2243 -1795.0000000000
2257 -1794.0000000000
2302 -1792.0000000000
2314 -1791.0000000000
2368 -1790.0000000000
2374 -1789.0000000000
2422 -1788.0000000000
2429 -1787.0000000000
2471 -1785.0000000000
2474 -1783.0000000000
2492 -1782.0000000000
2557 -1781.0000000000
2581 -1780.0000000000
2642 -1779.0000000000
2665 -1778.0000000000
2701 -1777.0000000000
2730 -1775.0000000000
2746 -1774.0000000000
2774 -1773.0000000000
2789 -1772.0000000000
2824 -1771.0000000000
2873 -1769.0000000000
2913 -1768.0000000000
2926 -1765.0000000000
3010 -1764.0000000000
3066 -1763.0000000000
3074 -1762.0000000000
3105 -1761.0000000000
3122 -1759.0000000000
3150 -1758.0000000000
3155 -1757.0000000000
3167 -1755.0000000000
3213 -1754.0000000000
3231 -1753.0000000000
3283 -1752.0000000000
3301 -1751.0000000000
3320 -1749.0000000000
3371 -1748.0000000000
3420 -1747.0000000000
3442 -1746.0000000000
3460 -1743.0000000000
3506 -1742.0000000000
3553 -1741.0000000000
3554 -1740.0000000000
3628 -1739.0000000000
3648 -1738.0000000000
3687 -1737.0000000000
3723 -1736.0000000000
3734 -1735.0000000000
3777 -1734.0000000000
3806 -1732.0000000000
3862 -1731.0000000000
3908 -1730.0000000000
3936 -1729.0000000000
3961 -1728.0000000000
4007 -1726.0000000000
4059 -1725.0000000000
4125 -1724.0000000000
4145 -1723.0000000000
4175 -1722.0000000000
4192 -1721.0000000000
4226 -1719.0000000000
4308 -1718.0000000000
4331 -1717.0000000000
4341 -1716.0000000000
4394 -1715.0000000000
4461 -1714.0000000000
4481 -1713.0000000000
4517 -1712.0000000000
4526 -1711.0000000000
4535 -1710.0000000000
4577 -1709.0000000000
4628 -1708.0000000000
4636 -1707.0000000000
4639 -1705.0000000000
4689 -1704.0000000000
4710 -1703.0000000000
4717 -1702.0000000000
4765 -1701.0000000000
4783 -1699.0000000000
4794 -1697.0000000000
4826 -1696.0000000000
4894 -1695.0000000000
4904 -1694.0000000000
4965 -1693.0000000000
4980 -1692.0000000000
4991 -1691.0000000000
5052 -1689.0000000000
5102 -1688.0000000000
5108 -1687.0000000000
5182 -1686.0000000000
5221 -1685.0000000000
5260 -1684.0000000000
5273 -1683.0000000000
5287 -1682.0000000000
5352 -1681.0000000000
5367 -1680.0000000000
5416 -1678.0000000000
5473 -1677.0000000000
5498 -1675.0000000000
5528 -1674.0000000000
5566 -1673.0000000000
5624 -1672.0000000000
5644 -1670.0000000000
5651 -1669.0000000000
5667 -1668.0000000000
5742 -1667.0000000000
5767 -1666.0000000000
5783 -1665.0000000000
5820 -1663.0000000000
5877 -1662.0000000000
5901 -1661.0000000000
5914 -1660.0000000000
5941 -1658.0000000000
5947 -1657.0000000000
5986 -1656.0000000000
6002 -1655.0000000000
6046 -1654.0000000000
6062 -1653.0000000000
6109 -1652.0000000000
6120 -1651.0000000000
6163 -1650.0000000000
6218 -1649.0000000000
6227 -1648.0000000000
6287 -1647.0000000000
6308 -1646.0000000000
6326 -1645.0000000000
6373 -1643.0000000000
6448 -1641.0000000000
6463 -1640.0000000000
6525 -1637.0000000000
6616 -1636.0000000000
6628 -1635.0000000000
6692 -1634.0000000000
6726 -1633.0000000000
6754 -1632.0000000000
6798 -1631.0000000000
6807 -1630.0000000000
6891 -1629.0000000000
6914 -1628.0000000000
6926 -1627.0000000000
6952 -1626.0000000000
6971 -1623.0000000000
7000 -1622.0000000000
7082 -1621.0000000000
7097 -1620.0000000000
7116 -1619.0000000000
7155 -1618.0000000000
7195 -1617.0000000000
7207 -1616.0000000000
7268 -1615.0000000000
7282 -1614.0000000000
7335 -1613.0000000000
7357 -1612.0000000000
7426 -1611.0000000000
7478 -1609.0000000000
7514 -1608.0000000000
7550 -1607.0000000000
7564 -1603.0000000000
7588 -1602.0000000000
7652 -1600.0000000000
7765 -1599.0000000000
7801 -1598.0000000000
7807 -1597.0000000000
7843 -1596.0000000000
7865 -1595.0000000000
7873 -1594.0000000000
7902 -1593.0000000000
7923 -1592.0000000000
7972 -1591.0000000000
8072 -1590.0000000000
8083 -1589.0000000000
8094 -1588.0000000000
8138 -1586.0000000000
8212 -1585.0000000000
8224 -1584.0000000000
8250 -1582.0000000000
8254 -1581.0000000000
8302 -1580.0000000000
8317 -1579.0000000000
8319 -1578.0000000000
8360 -1577.0000000000
8365 -1576.0000000000
8399 -1575.0000000000
8407 -1574.0000000000
8412 -1572.0000000000
8413 -1571.0000000000
8474 -1570.0000000000
8508 -1569.0000000000
8548 -1568.0000000000
8553 -1565.0000000000
8598 -1564.0000000000
8629 -1563.0000000000
8702 -1561.0000000000
8739 -1560.0000000000
8791 -1558.0000000000
8869 -1556.0000000000
8884 -1555.0000000000
8915 -1554.0000000000
8964 -1553.0000000000
8985 -1552.0000000000
9000 -1551.0000000000
9029 -1549.0000000000
9079 -1548.0000000000
9082 -1547.0000000000
9143 -1546.0000000000
9161 -1545.0000000000
9204 -1544.0000000000
9255 -1542.0000000000
9285 -1541.0000000000
9302 -1539.0000000000
9333 -1538.0000000000
9383 -1537.0000000000
9442 -1534.0000000000
9517 -1533.0000000000
9544 -1532.0000000000
9555 -1531.0000000000
9590 -1530.0000000000
9617 -1528.0000000000
9663 -1527.0000000000
9673 -1526.0000000000
9685 -1525.0000000000
9738 -1524.0000000000
9764 -1523.0000000000
9782 -1522.0000000000
9798 -1521.0000000000
9832 -1519.0000000000
9878 -1518.0000000000
9926 -1517.0000000000
9983 -1516.0000000000
10034 -1515.0000000000
10050 -1516.0000000000
evaluations raw_y
1 -1908.0000000000
22 -1901.0000000000
35 -1898.0000000000
132 -1897.0000000000
154 -1895.0000000000
173 -1894.0000000000
203 -1893.0000000000
207 -1892.0000000000
230 -1891.0000000000
237 -1890.0000000000
267 -1889.0000000000
285 -1886.0000000000
381 -1885.0000000000
395 -1884.0000000000
435 -1883.0000000000
456 -1882.0000000000
511 -1881.0000000000
543 -1880.0000000000
572 -1879.0000000000
612 -1878.0000000000
614 -1877.0000000000
651 -1876.0000000000
678 -1875.0000000000
704 -1874.0000000000
705 -1873.0000000000
739 -1872.0000000000
754 -1871.0000000000
756 -1870.0000000000
769 -1869.0000000000
838 -1867.0000000000
883 -1866.0000000000
889 -1865.0000000000
900 -1864.0000000000
908 -1862.0000000000
918 -1861.0000000000
964 -1860.0000000000
968 -1859.0000000000
1035 -1858.0000000000
1093 -1857.0000000000
1107 -1856.0000000000
1165 -1855.0000000000
1172 -1854.0000000000
1183 -1853.0000000000
1193 -1850.0000000000
1275 -1849.0000000000
1293 -1848.0000000000
1295 -1847.0000000000
1308 -1846.0000000000
1325 -1845.0000000000
1360 -1844.0000000000
1390 -1843.0000000000
1404 -1842.0000000000
1415 -1840.0000000000
1422 -1839.0000000000
1471 -1837.0000000000
1528 -1836.0000000000
1556 -1833.0000000000
1621 -1832.0000000000
1696 -1831.0000000000
1744 -1830.0000000000
1769 -1828.0000000000
1832 -1827.0000000000
1837 -1826.0000000000
1888 -1825.0000000000
1929 -1824.0000000000
1950 -1823.0000000000
1958 -1822.0000000000
1984 -1821.0000000000
1997 -1819.0000000000
2046 -1818.0000000000
2069 -1817.0000000000
2111 -1816.0000000000
2122 -1814.0000000000
2132 -1813.0000000000
2149 -1812.0000000000
2186 -1811.0000000000
2238 -1810.0000000000
2239 -1809.0000000000
2267 -1808.0000000000
2302 -1807.0000000000
2330 -1806.0000000000
2393 -1805.0000000000
2398 -1804.0000000000
2400 -1803.0000000000
2422 -1801.0000000000
2465 -1800.0000000000
2479 -1799.0000000000
2505 -1798.0000000000
2540 -1797.0000000000
2565 -1796.0000000000
2585 -1795.0000000000
2623 -1794.0000000000
2682 -1793.0000000000
2695 -1792.0000000000
2715 -1791.0000000000
2766 -1790.0000000000
2769 -1789.0000000000
2789 -1788.0000000000
2810 -1787.0000000000
2814 -1785.0000000000
2851 -1784.0000000000
2862 -1783.0000000000
2898 -1782.0000000000
2923 -1780.0000000000
2959 -1779.0000000000
2985 -1778.0000000000
2987 -1777.0000000000
3023 -1776.0000000000
3037 -1775.0000000000
3068 -1774.0000000000
3104 -1773.0000000000
3124 -1772.0000000000
3158 -1770.0000000000
3165 -1769.0000000000
3177 -1768.0000000000
3213 -1767.0000000000
3249 -1766.0000000000
3298 -1765.0000000000
3313 -1763.0000000000
3342 -1762.0000000000
3346 -1761.0000000000
3361 -1760.0000000000
3369 -1759.0000000000
3400 -1758.0000000000
3421 -1757.0000000000
3431 -1756.0000000000
3502 -1755.0000000000
3504 -1754.0000000000
3545 -1753.0000000000
3561 -1752.0000000000
3574 -1750.0000000000
3634 -1749.0000000000
3729 -1748.0000000000
3783 -1746.0000000000
3788 -1745.0000000000
3853 -1744.0000000000
3894 -1741.0000000000
3913 -1740.0000000000
3972 -1739.0000000000
4007 -1737.0000000000
4023 -1736.0000000000
4098 -1735.0000000000
4148 -1734.0000000000
4156 -1733.0000000000
4177 -1732.0000000000
4213 -1731.0000000000
4259 -1729.0000000000
4270 -1728.0000000000
4302 -1726.0000000000
4341 -1724.0000000000
4354 -1722.0000000000
4432 -1721.0000000000
4470 -1720.0000000000
4494 -1719.0000000000
4543 -1717.0000000000
4607 -1716.0000000000
4609 -1715.0000000000
4634 -1714.0000000000
4681 -1713.0000000000
4689 -1712.0000000000
4772 -1711.0000000000
4794 -1710.0000000000
4833 -1709.0000000000
4852 -1708.0000000000
4888 -1706.0000000000
4890 -1704.0000000000
4902 -1703.0000000000
4954 -1702.0000000000
4993 -1701.0000000000
5022 -1700.0000000000
5047 -1699.0000000000
5090 -1698.0000000000
5100 -1697.0000000000
5109 -1696.0000000000
5127 -1695.0000000000
5141 -1693.0000000000
5232 -1692.0000000000
5254 -1691.0000000000
5261 -1690.0000000000
5290 -1689.0000000000
5314 -1688.0000000000
5336 -1687.0000000000
5387 -1686.0000000000
5421 -1685.0000000000
5463 -1684.0000000000
5478 -1683.0000000000
5554 -1682.0000000000
5569 -1680.0000000000
5634 -1679.0000000000
5650 -1677.0000000000
5689 -1675.0000000000
5791 -1674.0000000000
5807 -1673.0000000000
5825 -1672.0000000000
5858 -1671.0000000000
5886 -1669.0000000000
5937 -1668.0000000000
5956 -1667.0000000000
5972 -1665.0000000000
6046 -1664.0000000000
6069 -1663.0000000000
6085 -1662.0000000000
6132 -1661.0000000000
6151 -1660.0000000000
6213 -1659.0000000000
6227 -1658.0000000000
6256 -1656.0000000000
6287 -1654.0000000000
6337 -1653.0000000000
6343 -1652.0000000000
6345 -1651.0000000000
6381 -1650.0000000000
6414 -1649.0000000000
6445 -1648.0000000000
6503 -1646.0000000000
6564 -1645.0000000000
6578 -1644.0000000000
6644 -1643.0000000000
6677 -1642.0000000000
6690 -1641.0000000000
6749 -1639.0000000000
6764 -1638.0000000000
6827 -1637.0000000000
6862 -1636.0000000000
6877 -1635.0000000000
6921 -1634.0000000000
6937 -1633.0000000000
6976 -1631.0000000000
7123 -1628.0000000000
7132 -1627.0000000000
7136 -1626.0000000000
7146 -1624.0000000000
7226 -1622.0000000000
7232 -1621.0000000000
7331 -1620.0000000000
7365 -1619.0000000000
7396 -1618.0000000000
7409 -1616.0000000000
7481 -1615.0000000000
7500 -1614.0000000000
7527 -1613.0000000000
7596 -1612.0000000000
7610 -1611.0000000000
7655 -1610.0000000000
7677 -1609.0000000000
7714 -1608.0000000000
7715 -1607.0000000000
7721 -1606.0000000000
7774 -1605.0000000000
7798 -1604.0000000000
7810 -1603.0000000000
7841 -1602.0000000000
7880 -1601.0000000000
7890 -1600.0000000000
7905 -1599.0000000000
7914 -1598.0000000000
7955 -1597.0000000000
7998 -1596.0000000000
8035 -1594.0000000000
8049 -1593.0000000000
8102 -1592.0000000000
8116 -1591.0000000000
8210 -1590.0000000000
8236 -1589.0000000000
8240 -1588.0000000000
8364 -1587.0000000000
8366 -1586.0000000000
8399 -1585.0000000000
8426 -1584.0000000000
8440 -1583.0000000000
8548 -1582.0000000000
8558 -1581.0000000000
8578 -1579.0000000000
8585 -1578.0000000000
8602 -1577.0000000000
8627 -1576.0000000000
8661 -1575.0000000000
8712 -1574.0000000000
8759 -1573.0000000000
8791 -1572.0000000000
8860 -1571.0000000000
8908 -1569.0000000000
8975 -1568.0000000000
8980 -1567.0000000000
9004 -1566.0000000000
9084 -1565.0000000000
9112 -1564.0000000000
9130 -1563.0000000000
9178 -1562.0000000000
9204 -1561.0000000000
9253 -1560.0000000000
9267 -1559.0000000000
9313 -1558.0000000000
9335 -1557.0000000000
9379 -1556.0000000000
9419 -1555.0000000000
9444 -1554.0000000000
9473 -1553.0000000000
9490 -1552.0000000000
9522 -1551.0000000000
9556 -1549.0000000000
9566 -1547.0000000000
9605 -1546.0000000000
9633 -1545.0000000000
9690 -1542.0000000000
9723 -1541.0000000000
9772 -1540.0000000000
9779 -1538.0000000000
9836 -1537.0000000000
9841 -1536.0000000000
9898 -1535.0000000000
9956 -1533.0000000000
9987 -1532.0000000000
10031 -1531.0000000000
10050 -1534.0000000000
evaluations raw_y
1 -1955.0000000000
4 -1939.0000000000
17 -1924.0000000000
24 -1903.0000000000
187 -1902.0000000000
211 -1901.0000000000
215 -1900.0000000000
242 -1899.0000000000
257 -1898.0000000000
271 -1897.0000000000
286 -1896.0000000000
291 -1894.0000000000
345 -1893.0000000000
397 -1892.0000000000
417 -1891.0000000000
441 -1889.0000000000
468 -1888.0000000000
488 -1887.0000000000
533 -1885.0000000000
598 -1884.0000000000
633 -1882.0000000000
660 -1881.0000000000
667 -1879.0000000000
731 -1878.0000000000
757 -1877.0000000000
808 -1876.0000000000
839 -1875.0000000000
855 -1874.0000000000
898 -1872.0000000000
910 -1870.0000000000
933 -1869.0000000000
948 -1868.0000000000
1019 -1867.0000000000
1026 -1866.0000000000
1037 -1865.0000000000
1054 -1864.0000000000
1072 -1863.0000000000
1125 -1862.0000000000
1135 -1861.0000000000
1162 -1860.0000000000
1176 -1858.0000000000
1204 -1857.0000000000
1247 -1856.0000000000
1293 -1855.0000000000
1323 -1854.0000000000
1348 -1853.0000000000
1401 -1851.0000000000
1423 -1849.0000000000
1458 -1848.0000000000
1489 -1845.0000000000
1540 -1843.0000000000
1563 -1842.0000000000
1592 -1841.0000000000
1604 -1840.0000000000
1634 -1839.0000000000
1665 -1838.0000000000
1735 -1837.0000000000
1780 -1836.0000000000
1790 -1834.0000000000
1795 -1833.0000000000
1810 -1832.0000000000
1839 -1831.0000000000
1893 -1829.0000000000
1907 -1828.0000000000
1941 -1827.0000000000
1967 -1826.0000000000
1987 -1825.0000000000
2040 -1824.0000000000
2056 -1823.0000000000
2099 -1822.0000000000
2140 -1820.0000000000
2142 -1818.0000000000
2192 -1816.0000000000
2222 -1815.0000000000
2293 -1812.0000000000
2319 -1811.0000000000
2337 -1810.0000000000
2390 -1808.0000000000
2397 -1807.0000000000
2407 -1806.0000000000
2446 -1805.0000000000
2476 -1804.0000000000
2540 -1803.0000000000
2566 -1802.0000000000
2598 -1801.0000000000
2616 -1800.0000000000
2653 -1798.0000000000
2681 -1796.0000000000
2691 -1795.0000000000
2710 -1794.0000000000
2741 -1793.0000000000
2782 -1792.0000000000
2794 -1791.0000000000
2818 -1790.0000000000
2826 -1789.0000000000
2827 -1787.0000000000
2862 -1786.0000000000
2896 -1785.0000000000
2902 -1784.0000000000
2928 -1783.0000000000
2983 -1782.0000000000
2998 -1780.0000000000
3044 -1778.0000000000
3081 -1777.0000000000
3131 -1775.0000000000
3153 -1774.0000000000
3207 -1773.0000000000
3237 -1772.0000000000
3247 -1771.0000000000
3297 -1769.0000000000
3338 -1767.0000000000
3396 -1766.0000000000
3406 -1765.0000000000
3442 -1764.0000000000
3464 -1763.0000000000
3466 -1762.0000000000
3485 -1761.0000000000
3490 -1760.0000000000
3596 -1759.0000000000
3614 -1757.0000000000
3629 -1756.0000000000
3646 -1755.0000000000
3652 -1754.0000000000
3698 -1753.0000000000
3759 -1750.0000000000
3781 -1749.0000000000
3860 -1748.0000000000
3897 -1746.0000000000
3921 -1745.0000000000
3984 -1744.0000000000
4029 -1743.0000000000
4043 -1742.0000000000
4063 -1741.0000000000
4142 -1740.0000000000
4187 -1737.0000000000
4204 -1736.0000000000
4253 -1735.0000000000
4257 -1734.0000000000
4302 -1733.0000000000
4303 -1732.0000000000
4337 -1730.0000000000
4394 -1729.0000000000
4407 -1728.0000000000
4443 -1726.0000000000
4465 -1724.0000000000
4511 -1723.0000000000
4600 -1722.0000000000
4638 -1720.0000000000
4648 -1719.0000000000
4696 -1718.0000000000
4726 -1716.0000000000
4797 -1715.0000000000
4811 -1714.0000000000
4825 -1713.0000000000
4869 -1712.0000000000
4892 -1711.0000000000
4896 -1710.0000000000
4963 -1709.0000000000
4970 -1708.0000000000
5010 -1707.0000000000
5050 -1706.0000000000
5067 -1705.0000000000
5083 -1704.0000000000
5124 -1703.0000000000
5156 -1702.0000000000
5260 -1701.0000000000
5291 -1699.0000000000
5306 -1698.0000000000
5314 -1696.0000000000
5377 -1695.0000000000
5429 -1693.0000000000
5453 -1692.0000000000
5492 -1691.0000000000
5506 -1690.0000000000
5602 -1689.0000000000
5641 -1688.0000000000
5663 -1687.0000000000
5682 -1686.0000000000
5686 -1685.0000000000
5791 -1684.0000000000
5807 -1683.0000000000
5816 -1680.0000000000
5912 -1678.0000000000
5981 -1677.0000000000
6045 -1676.0000000000
6069 -1675.0000000000
6096 -1674.0000000000
6128 -1673.0000000000
6145 -1671.0000000000
6177 -1670.0000000000
6252 -1669.0000000000
6263 -1668.0000000000
6282 -1667.0000000000
6287 -1666.0000000000
6312 -1665.0000000000
6354 -1664.0000000000
6413 -1663.0000000000
6434 -1662.0000000000
6481 -1660.0000000000
6492 -1659.0000000000
6543 -1658.0000000000
6555 -1657.0000000000
6628 -1656.0000000000
6634 -1655.0000000000
6650 -1653.0000000000
6724 -1652.0000000000
6742 -1650.0000000000
6758 -1649.0000000000
6805 -1648.0000000000
6834 -1647.0000000000
6910 -1646.0000000000
6945 -1644.0000000000
6969 -1643.0000000000
7001 -1642.0000000000
7019 -1641.0000000000
7043 -1640.0000000000
7085 -1639.0000000000
7099 -1638.0000000000
7139 -1637.0000000000
7175 -1636.0000000000
7190 -1635.0000000000
7255 -1634.0000000000
7275 -1633.0000000000
7304 -1631.0000000000
7376 -1630.0000000000
7380 -1628.0000000000
7449 -1627.0000000000
7471 -1626.0000000000
7475 -1625.0000000000
7498 -1624.0000000000
7568 -1623.0000000000
7586 -1622.0000000000
7613 -1621.0000000000
7650 -1618.0000000000
7782 -1617.0000000000
7804 -1616.0000000000
7854 -1615.0000000000
7877 -1614.0000000000
7895 -1613.0000000000
7940 -1612.0000000000
7962 -1611.0000000000
7971 -1610.0000000000
7988 -1609.0000000000
8031 -1608.0000000000
8094 -1607.0000000000
8120 -1606.0000000000
8141 -1605.0000000000
8172 -1604.0000000000
8213 -1603.0000000000
8230 -1602.0000000000
8270 -1601.0000000000
8305 -1600.0000000000
8316 -1599.0000000000
8360 -1598.0000000000
8365 -1597.0000000000
8405 -1596.0000000000
8406 -1595.0000000000
8417 -1594.0000000000
8444 -1593.0000000000
8515 -1592.0000000000
8556 -1591.0000000000
8605 -1590.0000000000
8610 -1589.0000000000
8633 -1588.0000000000
8678 -1586.0000000000
8681 -1585.0000000000
8683 -1584.0000000000
8745 -1583.0000000000
8761 -1582.0000000000
8824 -1580.0000000000
8864 -1579.0000000000
8902 -1578.0000000000
8952 -1577.0000000000
9019 -1575.0000000000
9048 -1574.0000000000
9100 -1573.0000000000
9136 -1572.0000000000
9142 -1571.0000000000
9177 -1570.0000000000
9246 -1569.0000000000
9250 -1568.0000000000
9271 -1566.0000000000
9296 -1564.0000000000
9341 -1563.0000000000
9349 -1561.0000000000
9407 -1560.0000000000
9448 -1559.0000000000
9508 -1558.0000000000
9512 -1557.0000000000
9565 -1556.0000000000
9597 -1555.0000000000
9626 -1554.0000000000
9687 -1553.0000000000
9734 -1552.0000000000
9766 -1551.0000000000
9789 -1550.0000000000
9844 -1549.0000000000
9903 -1547.0000000000
9970 -1546.0000000000
10025 -1545.0000000000
10050 -1547.0000000000
evaluations raw_y
1 -1980.0000000000
2 -1973.0000000000
4 -1958.0000000000
8 -1936.0000000000
9 -1915.0000000000
25 -1893.0000000000
36 -1883.0000000000
91 -1882.0000000000
125 -1881.0000000000
156 -1880.0000000000
164 -1879.0000000000
194 -1877.0000000000
203 -1876.0000000000
218 -1875.0000000000
236 -1874.0000000000
263 -1872.0000000000
319 -1871.0000000000
335 -1870.0000000000
372 -1869.0000000000
392 -1868.0000000000
407 -1867.0000000000
428 -1866.0000000000
507 -1864.0000000000
517 -1862.0000000000
640 -1861.0000000000
643 -1860.0000000000
736 -1858.0000000000
831 -1856.0000000000
870 -1855.0000000000
898 -1854.0000000000
913 -1853.0000000000
932 -1852.0000000000
953 -1851.0000000000
980 -1850.0000000000
991 -1849.0000000000
1001 -1848.0000000000
1029 -1847.0000000000
1031 -1846.0000000000
1036 -1845.0000000000
1090 -1844.0000000000
1130 -1842.0000000000
1180 -1841.0000000000
1216 -1840.0000000000
1234 -1837.0000000000
1263 -1836.0000000000
1298 -1834.0000000000
1348 -1833.0000000000
1354 -1832.0000000000
1375 -1831.0000000000
1428 -1830.0000000000
1498 -1829.0000000000
1524 -1826.0000000000
1564 -1825.0000000000
1597 -1824.0000000000
1628 -1823.0000000000
1682 -1822.0000000000
1710 -1820.0000000000
1716 -1819.0000000000
1757 -1818.0000000000
1766 -1817.0000000000
1789 -1816.0000000000
1900 -1815.0000000000
1918 -1813.0000000000
1948 -1812.0000000000
2008 -1811.0000000000
2028 -1810.0000000000
2057 -1809.0000000000
2080 -1808.0000000000
2081 -1807.0000000000
2176 -1806.0000000000
2209 -1805.0000000000
2211 -1804.0000000000
2215 -1803.0000000000
2303 -1802.0000000000
2306 -1801.0000000000
2333 -1800.0000000000
2378 -1799.0000000000
2380 -1798.0000000000
2381 -1796.0000000000
2405 -1795.0000000000
2421 -1794.0000000000
2480 -1793.0000000000
2515 -1792.0000000000
2542 -1791.0000000000
2582 -1789.0000000000
2589 -1788.0000000000
2592 -1787.0000000000
2619 -1786.0000000000
2659 -1785.0000000000
2705 -1784.0000000000
2734 -1783.0000000000
2751 -1782.0000000000
2756 -1781.0000000000
2824 -1780.0000000000
2848 -1779.0000000000
2907 -1778.0000000000
2947 -1777.0000000000
2964 -1776.0000000000
3012 -1775.0000000000
3036 -1774.0000000000
3056 -1773.0000000000
3067 -1771.0000000000
3094 -1770.0000000000
3121 -1769.0000000000
3132 -1767.0000000000
3162 -1766.0000000000
3192 -1764.0000000000
3202 -1763.0000000000
3230 -1762.0000000000
3255 -1761.0000000000
3275 -1760.0000000000
3325 -1759.0000000000
3337 -1758.0000000000
3394 -1757.0000000000
3405 -1756.0000000000
3426 -1755.0000000000
3439 -1754.0000000000
3470 -1753.0000000000
3479 -1752.0000000000
3496 -1751.0000000000
3559 -1750.0000000000
3568 -1748.0000000000
3637 -1747.0000000000
3638 -1746.0000000000
3673 -1744.0000000000
3697 -1743.0000000000
3729 -1742.0000000000
3758 -1741.0000000000
3784 -1740.0000000000
3822 -1739.0000000000
3849 -1738.0000000000
3874 -1737.0000000000
3906 -1736.0000000000
3942 -1734.0000000000
4027 -1732.0000000000
4061 -1731.0000000000
4084 -1730.0000000000
4114 -1729.0000000000
4125 -1728.0000000000
4212 -1727.0000000000
4217 -1726.0000000000
4258 -1725.0000000000
4275 -1724.0000000000
4303 -1723.0000000000
4329 -1722.0000000000
4367 -1721.0000000000
4405 -1720.0000000000
4415 -1719.0000000000
4472 -1717.0000000000
4517 -1716.0000000000
4578 -1714.0000000000
4616 -1712.0000000000
4629 -1711.0000000000
4661 -1710.0000000000
4711 -1709.0000000000
4750 -1707.0000000000
4820 -1705.0000000000
4845 -1704.0000000000
4880 -1703.0000000000
4882 -1702.0000000000
4952 -1701.0000000000
4975 -1698.0000000000
5039 -1697.0000000000
5088 -1696.0000000000
5097 -1695.0000000000
5142 -1694.0000000000
5153 -1693.0000000000
5191 -1692.0000000000
5199 -1691.0000000000
5245 -1690.0000000000
5288 -1689.0000000000
5301 -1688.0000000000
5318 -1687.0000000000
5331 -1686.0000000000
5397 -1684.0000000000
5410 -1683.0000000000
5469 -1682.0000000000
5533 -1680.0000000000
5551 -1679.0000000000
5564 -1678.0000000000
5608 -1677.0000000000
5644 -1676.0000000000
5670 -1675.0000000000
5716 -1674.0000000000
5717 -1672.0000000000
5742 -1670.0000000000
5776 -1668.0000000000
5805 -1667.0000000000
5882 -1666.0000000000
5897 -1665.0000000000
5932 -1664.0000000000
5934 -1661.0000000000
5943 -1660.0000000000
5962 -1659.0000000000
6037 -1658.0000000000
6051 -1657.0000000000
6086 -1656.0000000000
6140 -1655.0000000000
6150 -1654.0000000000
6219 -1648.0000000000
6289 -1646.0000000000
6377 -1643.0000000000
6427 -1642.0000000000
6472 -1641.0000000000
6533 -1639.0000000000
6592 -1638.0000000000
6598 -1637.0000000000
6675 -1635.0000000000
6758 -1634.0000000000
6775 -1633.0000000000
6829 -1632.0000000000
6873 -1629.0000000000
7021 -1628.0000000000
7037 -1627.0000000000
7047 -1626.0000000000
7116 -1625.0000000000
7151 -1624.0000000000
7152 -1623.0000000000
7191 -1622.0000000000
7233 -1621.0000000000
7254 -1618.0000000000
7278 -1617.0000000000
7337 -1616.0000000000
7377 -1615.0000000000
7401 -1613.0000000000
7453 -1611.0000000000
7464 -1610.0000000000
7479 -1609.0000000000
7519 -1608.0000000000
7529 -1606.0000000000
7542 -1605.0000000000
7557 -1603.0000000000
7594 -1601.0000000000
7693 -1600.0000000000
7720 -1599.0000000000
7745 -1598.0000000000
7846 -1597.0000000000
7860 -1596.0000000000
7877 -1595.0000000000
7884 -1594.0000000000
7914 -1593.0000000000
8002 -1592.0000000000
8003 -1590.0000000000
8021 -1588.0000000000
8126 -1587.0000000000
8138 -1586.0000000000
8201 -1585.0000000000
8276 -1584.0000000000
8286 -1583.0000000000
8310 -1582.0000000000
8331 -1581.0000000000
8336 -1580.0000000000
8356 -1579.0000000000
8370 -1577.0000000000
8398 -1576.0000000000
8411 -1575.0000000000
8456 -1574.0000000000
8475 -1573.0000000000
8487 -1572.0000000000
8519 -1571.0000000000
8561 -1570.0000000000
8620 -1569.0000000000
8666 -1568.0000000000
8704 -1567.0000000000
8751 -1566.0000000000
8813 -1565.0000000000
8851 -1564.0000000000
8902 -1563.0000000000
8938 -1562.0000000000
9000 -1561.0000000000
9037 -1560.0000000000
9043 -1559.0000000000
9046 -1558.0000000000
9096 -1557.0000000000
9135 -1555.0000000000
9185 -1554.0000000000
9250 -1553.0000000000
9299 -1552.0000000000
9334 -1551.0000000000
9365 -1550.0000000000
9376 -1549.0000000000
9400 -1547.0000000000
9456 -1546.0000000000
9518 -1545.0000000000
9559 -1544.0000000000
9602 -1542.0000000000
9654 -1539.0000000000
9722 -1538.0000000000
9750 -1536.0000000000
9835 -1535.0000000000
9871 -1534.0000000000
9878 -1533.0000000000
9911 -1532.0000000000
9927 -1531.0000000000
9964 -1530.0000000000
10009 -1529.0000000000
10025 -1528.0000000000
10029 -1527.0000000000
10050 -1532.0000000000
evaluations raw_y
1 -2043.0000000000
2 -1957.0000000000
6 -1940.0000000000
16 -1936.0000000000
17 -1923.0000000000
59 -1922.0000000000
97 -1921.0000000000
131 -1920.0000000000
165 -1919.0000000000
181 -1918.0000000000
202 -1916.0000000000
240 -1915.0000000000
245 -1914.0000000000
271 -1913.0000000000
296 -1912.0000000000
300 -1911.0000000000
347 -1910.0000000000
354 -1909.0000000000
366 -1908.0000000000
410 -1907.0000000000
429 -1906.0000000000
456 -1905.0000000000
491 -1904.0000000000
496 -1903.0000000000
522 -1902.0000000000
560 -1901.0000000000
595 -1899.0000000000
634 -1898.0000000000
640 -1897.0000000000
642 -1896.0000000000
679 -1895.0000000000
727 -1894.0000000000
754 -1893.0000000000
776 -1892.0000000000
826 -1890.0000000000
905 -1888.0000000000
943 -1887.0000000000
951 -1886.0000000000
979 -1885.0000000000
1012 -1884.0000000000
1089 -1882.0000000000
1119 -1880.0000000000
1147 -1879.0000000000
1169 -1878.0000000000
1206 -1877.0000000000
1241 -1874.0000000000
1330 -1873.0000000000
1345 -1872.0000000000
1363 -1871.0000000000
1385 -1870.0000000000
1426 -1869.0000000000
1457 -1868.0000000000
1469 -1867.0000000000
1522 -1866.0000000000
1523 -1865.0000000000
1535 -1864.0000000000
1551 -1863.0000000000
1556 -1862.0000000000
1563 -1861.0000000000
1578 -1860.0000000000
1617 -1859.0000000000
1647 -1858.0000000000
1659 -1856.0000000000
1683 -1855.0000000000
1717 -1854.0000000000
1743 -1853.0000000000
1781 -1849.0000000000
1818 -1847.0000000000
1830 -1846.0000000000
1831 -1845.0000000000
1895 -1844.0000000000
1915 -1843.0000000000
1962 -1842.0000000000
1999 -1841.0000000000
2017 -1840.0000000000
2045 -1838.0000000000
2059 -1837.0000000000
2102 -1836.0000000000
2105 -1835.0000000000
2160 -1834.0000000000
2202 -1833.0000000000
2245 -1832.0000000000
2263 -1831.0000000000
2264 -1830.0000000000
2275 -1829.0000000000
2322 -1828.0000000000
2371 -1827.0000000000
2404 -1826.0000000000
2414 -1824.0000000000
2469 -1823.0000000000
2482 -1822.0000000000
2513 -1821.0000000000
2591 -1820.0000000000
2609 -1819.0000000000
2643 -1818.0000000000
2662 -1817.0000000000
2690 -1816.0000000000
2693 -1815.0000000000
2729 -1814.0000000000
2784 -1813.0000000000
2807 -1812.0000000000
2835 -1811.0000000000
2857 -1809.0000000000
2895 -1807.0000000000
2942 -1805.0000000000
2948 -1804.0000000000
3044 -1803.0000000000
3060 -1801.0000000000
3117 -1800.0000000000
3130 -1799.0000000000
3164 -1798.0000000000
3199 -1796.0000000000
3272 -1795.0000000000
3292 -1794.0000000000
3340 -1793.0000000000
3387 -1792.0000000000
3404 -1791.0000000000
3448 -1790.0000000000
3456 -1789.0000000000
3489 -1788.0000000000
3506 -1787.0000000000
3525 -1785.0000000000
3597 -1784.0000000000
3600 -1783.0000000000
3669 -1780.0000000000
3685 -1779.0000000000
3708 -1778.0000000000
3730 -1777.0000000000
3807 -1776.0000000000
3820 -1774.0000000000
3869 -1773.0000000000
3902 -1772.0000000000
3917 -1771.0000000000
3948 -1770.0000000000
3949 -1769.0000000000
3981 -1768.0000000000
3986 -1767.0000000000
4004 -1766.0000000000
4034 -1765.0000000000
4067 -1764.0000000000
4121 -1763.0000000000
4143 -1762.0000000000
4176 -1761.0000000000
4242 -1760.0000000000
4261 -1759.0000000000
4298 -1758.0000000000
4346 -1757.0000000000
4361 -1754.0000000000
4431 -1753.0000000000
4443 -1752.0000000000
4455 -1751.0000000000
4459 -1750.0000000000
4472 -1749.0000000000
4494 -1748.0000000000
4513 -1747.0000000000
4533 -1746.0000000000
4578 -1745.0000000000
4606 -1743.0000000000
4634 -1742.0000000000
4688 -1741.0000000000
4746 -1739.0000000000
4767 -1738.0000000000
4769 -1737.0000000000
4790 -1736.0000000000
4795 -1735.0000000000
4844 -1734.0000000000
4868 -1733.0000000000
4896 -1732.0000000000
4927 -1731.0000000000
4947 -1730.0000000000
4950 -1729.0000000000
4952 -1728.0000000000
4978 -1727.0000000000
5001 -1726.0000000000
5041 -1725.0000000000
5105 -1724.0000000000
5115 -1723.0000000000
5140 -1722.0000000000
5152 -1721.0000000000
5206 -1720.0000000000
5231 -1719.0000000000
5235 -1718.0000000000
5252 -1717.0000000000
5277 -1716.0000000000
5336 -1715.0000000000
5354 -1714.0000000000
5382 -1713.0000000000
5427 -1712.0000000000
5475 -1711.0000000000
5549 -1710.0000000000
5586 -1709.0000000000
5619 -1708.0000000000
5622 -1707.0000000000
5670 -1706.0000000000
5689 -1704.0000000000
5736 -1703.0000000000
5748 -1702.0000000000
5851 -1701.0000000000
5887 -1700.0000000000
5935 -1699.0000000000
5962 -1697.0000000000
6038 -1696.0000000000
6041 -1695.0000000000
6128 -1694.0000000000
6137 -1693.0000000000
6211 -1691.0000000000
6278 -1690.0000000000
6319 -1689.0000000000
6349 -1688.0000000000
6377 -1687.0000000000
6388 -1686.0000000000
6400 -1685.0000000000
6433 -1683.0000000000
6462 -1682.0000000000
6483 -1681.0000000000
6484 -1680.0000000000
6551 -1678.0000000000
6576 -1677.0000000000
6649 -1676.0000000000
6650 -1675.0000000000
6688 -1674.0000000000
6708 -1673.0000000000
6736 -1672.0000000000
6751 -1671.0000000000
6765 -1670.0000000000
6768 -1669.0000000000
6797 -1668.0000000000
6800 -1666.0000000000
6817 -1665.0000000000
6832 -1664.0000000000
6866 -1663.0000000000
6908 -1661.0000000000
6918 -1660.0000000000
6949 -1659.0000000000
6973 -1658.0000000000
6987 -1657.0000000000
7026 -1654.0000000000
7059 -1652.0000000000
7105 -1651.0000000000
7111 -1649.0000000000
7212 -1647.0000000000
7268 -1646.0000000000
7283 -1645.0000000000
7332 -1644.0000000000
7361 -1643.0000000000
7380 -1642.0000000000
7469 -1641.0000000000
7481 -1640.0000000000
7546 -1639.0000000000
7575 -1638.0000000000
7598 -1637.0000000000
7639 -1636.0000000000
7656 -1635.0000000000
7661 -1634.0000000000
7708 -1632.0000000000
7754 -1631.0000000000
7783 -1629.0000000000
7791 -1628.0000000000
7822 -1627.0000000000
7840 -1626.0000000000
7875 -1625.0000000000
7886 -1624.0000000000
7950 -1623.0000000000
7953 -1621.0000000000
8079 -1620.0000000000
8154 -1619.0000000000
8175 -1618.0000000000
8233 -1617.0000000000
8245 -1616.0000000000
8255 -1615.0000000000
8285 -1614.0000000000
8301 -1613.0000000000
8319 -1611.0000000000
8321 -1610.0000000000
8340 -1608.0000000000
8428 -1607.0000000000
8464 -1605.0000000000
8467 -1604.0000000000
8501 -1603.0000000000
8543 -1602.0000000000
8564 -1601.0000000000
8594 -1600.0000000000
8599 -1599.0000000000
8606 -1598.0000000000
8633 -1597.0000000000
8663 -1596.0000000000
8683 -1595.0000000000
8694 -1594.0000000000
8742 -1593.0000000000
8757 -1590.0000000000
8874 -1589.0000000000
8915 -1588.0000000000
8932 -1587.0000000000
8967 -1585.0000000000
9059 -1584.0000000000
9065 -1583.0000000000
9087 -1582.0000000000
9146 -1581.0000000000
9172 -1578.0000000000
9204 -1577.0000000000
9249 -1576.0000000000
9297 -1575.0000000000
9301 -1574.0000000000
9334 -1573.0000000000
9377 -1572.0000000000
9383 -1571.0000000000
9397 -1569.0000000000
9457 -1568.0000000000
9540 -1567.0000000000
9570 -1566.0000000000
9639 -1565.0000000000
9642 -1564.0000000000
9655 -1562.0000000000
9701 -1561.0000000000
9719 -1560.0000000000
9777 -1559.0000000000
9799 -1558.0000000000
9856 -1557.0000000000
9866 -1556.0000000000
9922 -1555.0000000000
9947 -1552.0000000000
10024 -1551.0000000000
10036 -1550.0000000000
10050 -1553.0000000000
evaluations raw_y
1 -1988.0000000000
2 -1958.0000000000
6 -1928.0000000000
20 -1899.0000000000
82 -1898.0000000000
125 -1896.0000000000
130 -1895.0000000000
131 -1894.0000000000
208 -1893.0000000000
244 -1892.0000000000
256 -1891.0000000000
270 -1890.0000000000
274 -1889.0000000000
309 -1888.0000000000
362 -1887.0000000000
380 -1884.0000000000
443 -1883.0000000000
451 -1882.0000000000
472 -1881.0000000000
531 -1879.0000000000
580 -1878.0000000000
607 -1877.0000000000
625 -1876.0000000000
645 -1875.0000000000
679 -1874.0000000000
686 -1873.0000000000
699 -1871.0000000000
736 -1870.0000000000
798 -1869.0000000000
815 -1868.0000000000
890 -1867.0000000000
902 -1866.0000000000
923 -1865.0000000000
931 -1863.0000000000
979 -1862.0000000000
993 -1861.0000000000
1000 -1859.0000000000
1055 -1858.0000000000
1091 -1856.0000000000
1118 -1855.0000000000
1181 -1854.0000000000
1200 -1853.0000000000
1207 -1852.0000000000
1216 -1851.0000000000
1223 -1850.0000000000
1258 -1848.0000000000
1315 -1847.0000000000
1367 -1846.0000000000
1372 -1845.0000000000
1405 -1844.0000000000
1463 -1842.0000000000
1470 -1841.0000000000
1498 -1840.0000000000
1562 -1839.0000000000
1575 -1838.0000000000
1607 -1837.0000000000
1641 -1836.0000000000
1667 -1835.0000000000
1723 -1834.0000000000
1729 -1833.0000000000
1762 -1832.0000000000
1818 -1831.0000000000
1865 -1830.0000000000
1871 -1829.0000000000
1904 -1828.0000000000
1972 -1826.0000000000
2013 -1825.0000000000
2047 -1824.0000000000
2057 -1823.0000000000
2096 -1822.0000000000
2135 -1820.0000000000
2174 -1819.0000000000
2219 -1818.0000000000
2280 -1817.0000000000
2293 -1816.0000000000
2311 -1814.0000000000
2369 -1813.0000000000
2426 -1812.0000000000
2443 -1811.0000000000
2500 -1809.0000000000
2504 -1808.0000000000
2522 -1807.0000000000
2528 -1806.0000000000
2581 -1805.0000000000
2623 -1804.0000000000
2659 -1803.0000000000
2733 -1801.0000000000
2757 -1800.0000000000
2766 -1798.0000000000
2802 -1796.0000000000
2869 -1795.0000000000
2875 -1794.0000000000
2919 -1793.0000000000
2944 -1792.0000000000
2985 -1790.0000000000
3033 -1788.0000000000
3061 -1787.0000000000
3117 -1786.0000000000
3120 -1785.0000000000
3138 -1784.0000000000
3160 -1783.0000000000
3175 -1782.0000000000
3191 -1781.0000000000
3233 -1780.0000000000
3247 -1779.0000000000
3303 -1778.0000000000
3343 -1777.0000000000
3349 -1776.0000000000
3354 -1774.0000000000
3386 -1773.0000000000
3407 -1772.0000000000
3426 -1771.0000000000
3474 -1770.0000000000
3504 -1769.0000000000
3513 -1767.0000000000
3581 -1765.0000000000
3596 -1764.0000000000
3633 -1763.0000000000
3707 -1762.0000000000
3726 -1761.0000000000
3731 -1760.0000000000
3734 -1759.0000000000
3740 -1758.0000000000
3744 -1757.0000000000
3773 -1755.0000000000
3804 -1754.0000000000
3826 -1753.0000000000
3829 -1752.0000000000
3841 -1751.0000000000
3880 -1750.0000000000
3915 -1749.0000000000
3951 -1747.0000000000
3962 -1746.0000000000
4033 -1743.0000000000
4069 -1741.0000000000
4119 -1740.0000000000
4155 -1739.0000000000
4177 -1738.0000000000
4198 -1737.0000000000
4214 -1736.0000000000
4238 -1735.0000000000
4276 -1734.0000000000
4296 -1733.0000000000
4313 -1732.0000000000
4340 -1731.0000000000
4358 -1730.0000000000
4398 -1729.0000000000
4426 -1728.0000000000
4441 -1727.0000000000
4458 -1726.0000000000
4507 -1725.0000000000
4546 -1724.0000000000
4550 -1723.0000000000
4580 -1722.0000000000
4592 -1721.0000000000
4631 -1720.0000000000
4684 -1718.0000000000
4736 -1717.0000000000
4758 -1716.0000000000
4760 -1715.0000000000
4817 -1714.0000000000
4850 -1713.0000000000
4862 -1712.0000000000
4873 -1711.0000000000
4917 -1710.0000000000
4958 -1709.0000000000
5012 -1708.0000000000
5054 -1706.0000000000
5073 -1705.0000000000
5103 -1703.0000000000
5109 -1702.0000000000
5147 -1701.0000000000
5166 -1700.0000000000
5217 -1699.0000000000
5240 -1698.0000000000
5274 -1697.0000000000
5292 -1696.0000000000
5295 -1695.0000000000
5323 -1694.0000000000
5365 -1693.0000000000
5390 -1692.0000000000
5430 -1690.0000000000
5481 -1688.0000000000
5548 -1687.0000000000
5588 -1686.0000000000
5603 -1685.0000000000
5652 -1684.0000000000
5656 -1683.0000000000
5661 -1682.0000000000
5697 -1681.0000000000
5709 -1680.0000000000
5769 -1678.0000000000
5816 -1677.0000000000
5852 -1676.0000000000
5875 -1675.0000000000
5878 -1674.0000000000
5916 -1673.0000000000
5932 -1672.0000000000
5993 -1671.0000000000
6005 -1670.0000000000
6031 -1669.0000000000
6092 -1668.0000000000
6141 -1667.0000000000
6144 -1666.0000000000
6194 -1665.0000000000
6239 -1664.0000000000
6271 -1663.0000000000
6323 -1662.0000000000
6331 -1660.0000000000
6383 -1659.0000000000
6426 -1658.0000000000
6432 -1657.0000000000
6465 -1655.0000000000
6483 -1652.0000000000
6595 -1648.0000000000
6690 -1647.0000000000
6706 -1646.0000000000
6727 -1645.0000000000
6758 -1644.0000000000
6811 -1643.0000000000
6835 -1642.0000000000
6854 -1641.0000000000
6873 -1640.0000000000
6889 -1639.0000000000
6934 -1638.0000000000
6958 -1636.0000000000
6963 -1635.0000000000
6993 -1633.0000000000
7008 -1632.0000000000
7046 -1631.0000000000
7091 -1630.0000000000
7124 -1629.0000000000
7145 -1628.0000000000
7199 -1627.0000000000
7208 -1626.0000000000
7224 -1625.0000000000
7226 -1624.0000000000
7283 -1623.0000000000
7333 -1622.0000000000
7352 -1621.0000000000
7357 -1620.0000000000
7391 -1619.0000000000
7430 -1618.0000000000
7450 -1617.0000000000
7491 -1616.0000000000
7556 -1615.0000000000
7569 -1614.0000000000
7575 -1613.0000000000
7579 -1612.0000000000
7644 -1611.0000000000
7660 -1610.0000000000
7676 -1609.0000000000
7742 -1608.0000000000
7771 -1607.0000000000
7819 -1606.0000000000
7854 -1605.0000000000
7863 -1604.0000000000
7936 -1603.0000000000
7949 -1602.0000000000
7958 -1601.0000000000
8009 -1600.0000000000
8049 -1599.0000000000
8090 -1597.0000000000
8102 -1596.0000000000
8134 -1594.0000000000
8211 -1593.0000000000
8221 -1592.0000000000
8229 -1591.0000000000
8272 -1590.0000000000
8286 -1589.0000000000
8368 -1587.0000000000
8450 -1586.0000000000
8475 -1585.0000000000
8493 -1584.0000000000
8505 -1583.0000000000
8544 -1582.0000000000
8561 -1581.0000000000
8667 -1580.0000000000
8680 -1579.0000000000
8684 -1578.0000000000
8690 -1577.0000000000
8727 -1576.0000000000
8776 -1575.0000000000
8793 -1573.0000000000
8891 -1572.0000000000
8907 -1571.0000000000
8939 -1570.0000000000
8980 -1569.0000000000
8991 -1568.0000000000
9005 -1566.0000000000
9053 -1565.0000000000
9067 -1564.0000000000
9086 -1563.0000000000
9121 -1562.0000000000
9144 -1561.0000000000
9158 -1560.0000000000
9231 -1559.0000000000
9276 -1558.0000000000
9324 -1557.0000000000
9348 -1556.0000000000
9364 -1554.0000000000
9392 -1552.0000000000
9478 -1549.0000000000
9524 -1548.0000000000
9536 -1547.0000000000
9582 -1546.0000000000
9619 -1544.0000000000
9694 -1542.0000000000
9807 -1541.0000000000
9833 -1540.0000000000
9856 -1538.0000000000
9920 -1537.0000000000
9955 -1536.0000000000
9965 -1535.0000000000
9997 -1534.0000000000
10048 -1533.0000000000
10050 -1534.0000000000
evaluations raw_y
1 -1951.0000000000
5 -1922.0000000000
22 -1904.0000000000
138 -1903.0000000000
173 -1902.0000000000
192 -1901.0000000000
220 -1900.0000000000
227 -1898.0000000000
288 -1897.0000000000
295 -1896.0000000000
334 -1894.0000000000
380 -1893.0000000000
389 -1892.0000000000
402 -1891.0000000000
421 -1890.0000000000
425 -1889.0000000000
445 -1888.0000000000
464 -1887.0000000000
486 -1886.0000000000
528 -1885.0000000000
557 -1883.0000000000
595 -1882.0000000000
618 -1881.0000000000
619 -1880.0000000000
641 -1879.0000000000
654 -1878.0000000000
699 -1877.0000000000
708 -1876.0000000000
737 -1875.0000000000
756 -1874.0000000000
769 -1873.0000000000
808 -1872.0000000000
838 -1870.0000000000
839 -1869.0000000000
857 -1868.0000000000
895 -1865.0000000000
907 -1864.0000000000
966 -1863.0000000000
994 -1862.0000000000
1001 -1861.0000000000
1091 -1860.0000000000
1094 -1858.0000000000
1120 -1857.0000000000
1165 -1855.0000000000
1176 -1854.0000000000
1196 -1853.0000000000
1205 -1852.0000000000
1242 -1851.0000000000
1259 -1850.0000000000
1282 -1849.0000000000
1287 -1847.0000000000
1328 -1845.0000000000
1345 -1844.0000000000
1402 -1843.0000000000
1424 -1842.0000000000
1429 -1841.0000000000
1474 -1840.0000000000
1492 -1838.0000000000
1503 -1837.0000000000
1549 -1836.0000000000
1599 -1835.0000000000
1614 -1834.0000000000
1638 -1833.0000000000
1674 -1831.0000000000
1721 -1830.0000000000
1738 -1829.0000000000
1771 -1828.0000000000
1801 -1827.0000000000
1813 -1826.0000000000
1849 -1825.0000000000
1863 -1824.0000000000
1875 -1823.0000000000
1924 -1822.0000000000
1951 -1821.0000000000
1961 -1820.0000000000
2012 -1819.0000000000
2057 -1818.0000000000
2061 -1816.0000000000
2086 -1815.0000000000
2109 -1814.0000000000
2130 -1812.0000000000
2237 -1811.0000000000
2255 -1810.0000000000
2261 -1808.0000000000
2341 -1807.0000000000
2375 -1806.0000000000
2388 -1805.0000000000
2417 -1804.0000000000
2472 -1803.0000000000
2501 -1802.0000000000
2525 -1801.0000000000
2553 -1800.0000000000
2591 -1799.0000000000
2605 -1798.0000000000
2620 -1796.0000000000
2624 -1795.0000000000
2631 -1794.0000000000
2686 -1792.0000000000
2731 -1791.0000000000
2755 -1790.0000000000
2779 -1789.0000000000
2801 -1788.0000000000
2826 -1787.0000000000
2864 -1785.0000000000
2883 -1783.0000000000
2993 -1782.0000000000
3009 -1781.0000000000
3027 -1780.0000000000
3085 -1779.0000000000
3109 -1778.0000000000
3124 -1777.0000000000
3150 -1776.0000000000
3216 -1775.0000000000
3224 -1774.0000000000
3246 -1773.0000000000
3272 -1772.0000000000
3275 -1771.0000000000
3327 -1770.0000000000
3365 -1769.0000000000
3396 -1768.0000000000
3404 -1767.0000000000
3426 -1766.0000000000
3451 -1765.0000000000
3459 -1764.0000000000
3497 -1763.0000000000
3527 -1761.0000000000
3537 -1760.0000000000
3564 -1759.0000000000
3586 -1758.0000000000
3591 -1757.0000000000
3613 -1755.0000000000
3637 -1754.0000000000
3662 -1753.0000000000
3668 -1752.0000000000
3672 -1751.0000000000
3693 -1750.0000000000
3709 -1748.0000000000
3723 -1747.0000000000
3745 -1746.0000000000
3756 -1745.0000000000
3796 -1744.0000000000
3799 -1743.0000000000
3856 -1741.0000000000
3911 -1740.0000000000
3952 -1739.0000000000
3954 -1737.0000000000
3970 -1736.0000000000
3995 -1735.0000000000
4001 -1733.0000000000
4043 -1732.0000000000
4067 -1731.0000000000
4086 -1730.0000000000
4179 -1729.0000000000
4188 -1728.0000000000
4210 -1727.0000000000
4242 -1726.0000000000
4247 -1725.0000000000
4270 -1724.0000000000
4325 -1723.0000000000
4352 -1722.0000000000
4386 -1721.0000000000
4427 -1720.0000000000
4449 -1719.0000000000
4451 -1718.0000000000
4462 -1717.0000000000
4478 -1716.0000000000
4491 -1715.0000000000
4534 -1714.0000000000
4583 -1713.0000000000
4587 -1712.0000000000
4611 -1711.0000000000
4659 -1709.0000000000
4701 -1708.0000000000
4718 -1707.0000000000
4735 -1706.0000000000
4772 -1705.0000000000
4825 -1704.0000000000
4837 -1703.0000000000
4844 -1702.0000000000
4850 -1700.0000000000
4911 -1699.0000000000
4959 -1698.0000000000
4985 -1696.0000000000
5040 -1695.0000000000
5071 -1694.0000000000
5091 -1693.0000000000
5105 -1692.0000000000
5113 -1691.0000000000
5123 -1690.0000000000
5132 -1689.0000000000
5145 -1688.0000000000
5190 -1687.0000000000
5228 -1686.0000000000
5280 -1685.0000000000
5294 -1684.0000000000
5332 -1683.0000000000
5368 -1682.0000000000
5417 -1681.0000000000
5462 -1680.0000000000
5466 -1679.0000000000
5526 -1678.0000000000
5527 -1677.0000000000
5562 -1676.0000000000
5603 -1675.0000000000
5642 -1673.0000000000
5695 -1672.0000000000
5703 -1671.0000000000
5765 -1670.0000000000
5829 -1669.0000000000
5884 -1668.0000000000
5889 -1667.0000000000
5927 -1666.0000000000
5942 -1665.0000000000
5995 -1664.0000000000
6037 -1663.0000000000
6054 -1662.0000000000
6086 -1661.0000000000
6106 -1660.0000000000
6108 -1659.0000000000
6158 -1658.0000000000
6185 -1657.0000000000
6198 -1656.0000000000
6261 -1654.0000000000
6270 -1653.0000000000
6313 -1652.0000000000
6343 -1651.0000000000
6372 -1650.0000000000
6416 -1649.0000000000
6467 -1648.0000000000
6500 -1646.0000000000
6540 -1645.0000000000
6545 -1644.0000000000
6594 -1643.0000000000
6602 -1642.0000000000
6644 -1641.0000000000
6674 -1640.0000000000
6721 -1639.0000000000
6734 -1638.0000000000
6803 -1637.0000000000
6812 -1635.0000000000
6857 -1634.0000000000
6868 -1633.0000000000
6894 -1632.0000000000
6971 -1631.0000000000
6999 -1630.0000000000
7057 -1629.0000000000
7087 -1627.0000000000
7144 -1626.0000000000
7170 -1625.0000000000
7182 -1624.0000000000
7233 -1623.0000000000
7235 -1622.0000000000
7253 -1621.0000000000
7297 -1620.0000000000
7313 -1619.0000000000
7339 -1618.0000000000
7382 -1617.0000000000
7456 -1616.0000000000
7458 -1615.0000000000
7477 -1614.0000000000
7497 -1613.0000000000
7536 -1612.0000000000
7600 -1610.0000000000
7699 -1609.0000000000
7742 -1608.0000000000
7755 -1607.0000000000
7832 -1606.0000000000
7841 -1605.0000000000
7873 -1604.0000000000
7897 -1603.0000000000
7937 -1602.0000000000
7944 -1601.0000000000
7970 -1599.0000000000
8044 -1597.0000000000
8102 -1596.0000000000
8121 -1595.0000000000
8184 -1594.0000000000
8205 -1593.0000000000
8209 -1592.0000000000
8245 -1591.0000000000
8306 -1590.0000000000
8355 -1589.0000000000
8387 -1588.0000000000
8453 -1587.0000000000
8458 -1586.0000000000
8504 -1585.0000000000
8569 -1584.0000000000
8585 -1583.0000000000
8599 -1582.0000000000
8601 -1581.0000000000
8678 -1579.0000000000
8684 -1578.0000000000
8734 -1577.0000000000
8745 -1576.0000000000
8801 -1575.0000000000
8831 -1574.0000000000
8867 -1572.0000000000
8894 -1571.0000000000
8903 -1570.0000000000
8967 -1568.0000000000
9014 -1566.0000000000
9045 -1565.0000000000
9060 -1564.0000000000
9114 -1563.0000000000
9124 -1562.0000000000
9134 -1561.0000000000
9214 -1560.0000000000
9240 -1559.0000000000
9296 -1558.0000000000
9321 -1557.0000000000
9342 -1554.0000000000
9407 -1553.0000000000
9441 -1552.0000000000
9465 -1551.0000000000
9476 -1550.0000000000
9523 -1548.0000000000
9589 -1546.0000000000
9617 -1544.0000000000
9638 -1543.0000000000
9678 -1542.0000000000
9711 -1541.0000000000
9733 -1539.0000000000
9792 -1538.0000000000
9825 -1537.0000000000
9888 -1536.0000000000
9948 -1535.0000000000
9969 -1534.0000000000
10009 -1533.0000000000
10027 -1532.0000000000
10033 -1531.0000000000
10050 -1535.0000000000
evaluations raw_y
1 -1980.0000000000
2 -1957.0000000000
3 -1927.0000000000
40 -1915.0000000000
41 -1899.0000000000
191 -1897.0000000000
217 -1896.0000000000
260 -1895.0000000000
280 -1894.0000000000
311 -1893.0000000000
336 -1892.0000000000
370 -1891.0000000000
406 -1889.0000000000
418 -1888.0000000000
427 -1887.0000000000
480 -1885.0000000000
514 -1884.0000000000
541 -1881.0000000000
545 -1880.0000000000
604 -1878.0000000000
637 -1877.0000000000
671 -1876.0000000000
687 -1875.0000000000
743 -1874.0000000000
760 -1872.0000000000
810 -1871.0000000000
837 -1870.0000000000
887 -1868.0000000000
917 -1867.0000000000
925 -1866.0000000000
951 -1865.0000000000
967 -1864.0000000000
975 -1863.0000000000
978 -1862.0000000000
995 -1861.0000000000
1018 -1860.0000000000
1061 -1857.0000000000
1095 -1856.0000000000
1129 -1855.0000000000
1193 -1854.0000000000
1213 -1853.0000000000
1259 -1852.0000000000
1267 -1850.0000000000
1280 -1849.0000000000
1342 -1848.0000000000
1367 -1847.0000000000
1413 -1846.0000000000
1452 -1845.0000000000
1514 -1842.0000000000
1568 -1841.0000000000
1624 -1840.0000000000
1653 -1839.0000000000
1676 -1837.0000000000
1730 -1836.0000000000
1739 -1835.0000000000
1764 -1832.0000000000
1814 -1831.0000000000
1823 -1830.0000000000
1885 -1829.0000000000
1890 -1828.0000000000
1927 -1827.0000000000
1944 -1826.0000000000
1975 -1825.0000000000
1982 -1824.0000000000
2028 -1822.0000000000
2061 -1821.0000000000
2106 -1820.0000000000
2110 -1819.0000000000
2118 -1818.0000000000
2198 -1817.0000000000
2201 -1815.0000000000
2305 -1814.0000000000
2337 -1812.0000000000
2390 -1811.0000000000
2428 -1810.0000000000
2442 -1809.0000000000
2473 -1808.0000000000
2476 -1807.0000000000
2481 -1806.0000000000
2550 -1805.0000000000
2586 -1804.0000000000
2599 -1802.0000000000
2618 -1800.0000000000
2635 -1799.0000000000
2695 -1798.0000000000
2708 -1797.0000000000
2719 -1795.0000000000
2799 -1794.0000000000
2838 -1793.0000000000
2864 -1792.0000000000
2900 -1791.0000000000
2903 -1790.0000000000
2952 -1789.0000000000
2978 -1788.0000000000
3022 -1787.0000000000
3024 -1786.0000000000
3131 -1785.0000000000
3161 -1784.0000000000
3193 -1783.0000000000
3199 -1781.0000000000
3239 -1780.0000000000
3275 -1779.0000000000
3279 -1778.0000000000
3286 -1777.0000000000
3315 -1776.0000000000
3350 -1774.0000000000
3359 -1773.0000000000
3375 -1772.0000000000
3380 -1771.0000000000
3448 -1770.0000000000
3483 -1769.0000000000
3521 -1768.0000000000
3548 -1767.0000000000
3583 -1766.0000000000
3613 -1765.0000000000
3630 -1764.0000000000
3662 -1763.0000000000
3720 -1760.0000000000
3725 -1759.0000000000
3805 -1757.0000000000
3811 -1756.0000000000
3861 -1755.0000000000
3890 -1754.0000000000
3914 -1753.0000000000
3955 -1752.0000000000
3987 -1751.0000000000
4006 -1750.0000000000
4051 -1749.0000000000
4070 -1748.0000000000
4107 -1747.0000000000
4135 -1746.0000000000
4156 -1745.0000000000
4192 -1744.0000000000
4214 -1743.0000000000
4217 -1742.0000000000
4247 -1740.0000000000
4303 -1739.0000000000
4319 -1738.0000000000
4342 -1737.0000000000
4361 -1736.0000000000
4380 -1735.0000000000
4397 -1734.0000000000
4418 -1733.0000000000
4432 -1732.0000000000
4490 -1731.0000000000
4506 -1729.0000000000
4534 -1728.0000000000
4579 -1727.0000000000
4597 -1725.0000000000
4607 -1724.0000000000
4630 -1723.0000000000
4688 -1722.0000000000
4726 -1721.0000000000
4768 -1720.0000000000
4770 -1719.0000000000
4799 -1718.0000000000
4831 -1717.0000000000
4867 -1715.0000000000
4872 -1714.0000000000
4938 -1712.0000000000
4982 -1710.0000000000
5053 -1709.0000000000
5075 -1708.0000000000
5093 -1707.0000000000
5153 -1706.0000000000
5198 -1705.0000000000
5239 -1704.0000000000
5271 -1702.0000000000
5349 -1701.0000000000
5364 -1700.0000000000
5376 -1698.0000000000
5398 -1696.0000000000
5440 -1695.0000000000
5450 -1693.0000000000
5545 -1691.0000000000
5582 -1689.0000000000
5619 -1688.0000000000
5640 -1687.0000000000
5659 -1686.0000000000
5675 -1684.0000000000
5706 -1682.0000000000
5795 -1681.0000000000
5814 -1680.0000000000
5859 -1679.0000000000
5893 -1678.0000000000
5900 -1677.0000000000
5939 -1676.0000000000
5976 -1675.0000000000
5995 -1674.0000000000
6031 -1673.0000000000
6039 -1672.0000000000
6062 -1670.0000000000
6080 -1669.0000000000
6107 -1668.0000000000
6166 -1667.0000000000
6218 -1666.0000000000
6237 -1665.0000000000
6274 -1664.0000000000
6301 -1663.0000000000
6314 -1662.0000000000
6365 -1661.0000000000
6392 -1659.0000000000
6407 -1657.0000000000
6443 -1656.0000000000
6459 -1655.0000000000
6527 -1654.0000000000
6545 -1653.0000000000
6567 -1651.0000000000
6614 -1649.0000000000
6617 -1648.0000000000
6657 -1647.0000000000
6667 -1646.0000000000
6708 -1645.0000000000
6742 -1643.0000000000
6784 -1642.0000000000
6851 -1641.0000000000
6856 -1640.0000000000
6886 -1639.0000000000
6938 -1638.0000000000
6939 -1637.0000000000
6961 -1636.0000000000
6963 -1635.0000000000
7009 -1633.0000000000
7040 -1632.0000000000
7051 -1630.0000000000
7131 -1629.0000000000
7189 -1628.0000000000
7190 -1627.0000000000
7211 -1625.0000000000
7259 -1624.0000000000
7307 -1623.0000000000
7336 -1622.0000000000
7402 -1620.0000000000
7415 -1619.0000000000
7430 -1617.0000000000
7477 -1616.0000000000
7504 -1614.0000000000
7535 -1613.0000000000
7561 -1611.0000000000
7610 -1610.0000000000
7649 -1609.0000000000
7650 -1607.0000000000
7665 -1606.0000000000
7686 -1605.0000000000
7716 -1604.0000000000
7729 -1603.0000000000
7761 -1602.0000000000
7784 -1600.0000000000
7792 -1598.0000000000
7842 -1597.0000000000
7849 -1596.0000000000
7857 -1595.0000000000
7882 -1594.0000000000
7925 -1592.0000000000
7937 -1591.0000000000
8003 -1590.0000000000
8005 -1589.0000000000
8034 -1588.0000000000
8119 -1587.0000000000
8146 -1586.0000000000
8175 -1585.0000000000
8186 -1584.0000000000
8227 -1583.0000000000
8259 -1581.0000000000
8322 -1580.0000000000
8344 -1579.0000000000
8400 -1578.0000000000
8416 -1577.0000000000
8445 -1576.0000000000
8467 -1575.0000000000
8481 -1574.0000000000
8503 -1573.0000000000
8510 -1572.0000000000
8569 -1571.0000000000
8579 -1570.0000000000
8604 -1569.0000000000
8627 -1567.0000000000
8660 -1566.0000000000
8780 -1565.0000000000
8803 -1564.0000000000
8836 -1563.0000000000
8869 -1562.0000000000
8882 -1561.0000000000
8900 -1560.0000000000
8935 -1558.0000000000
8965 -1557.0000000000
8969 -1556.0000000000
9013 -1555.0000000000
9021 -1554.0000000000
9042 -1553.0000000000
9085 -1551.0000000000
9090 -1550.0000000000
9141 -1549.0000000000
9206 -1547.0000000000
9240 -1546.0000000000
9259 -1544.0000000000
9338 -1542.0000000000
9369 -1541.0000000000
9433 -1540.0000000000
9453 -1539.0000000000
9469 -1538.0000000000
9501 -1536.0000000000
9514 -1535.0000000000
9602 -1533.0000000000
9610 -1532.0000000000
9649 -1531.0000000000
9734 -1530.0000000000
9756 -1529.0000000000
9787 -1528.0000000000
9853 -1526.0000000000
9929 -1525.0000000000
9969 -1524.0000000000
9990 -1523.0000000000
10050 -1525.0000000000
evaluations raw_y
1 -1914.0000000000
4 -1905.0000000000
55 -1904.0000000000
67 -1903.0000000000
148 -1902.0000000000
175 -1901.0000000000
194 -1900.0000000000
241 -1899.0000000000
263 -1898.0000000000
312 -1897.0000000000
336 -1896.0000000000
353 -1895.0000000000
392 -1893.0000000000
413 -1892.0000000000
476 -1891.0000000000
520 -1889.0000000000
563 -1888.0000000000
591 -1887.0000000000
600 -1886.0000000000
613 -1885.0000000000
640 -1884.0000000000
678 -1882.0000000000
706 -1881.0000000000
740 -1880.0000000000
782 -1879.0000000000
790 -1878.0000000000
825 -1877.0000000000
833 -1876.0000000000
873 -1875.0000000000
899 -1874.0000000000
937 -1872.0000000000
978 -1871.0000000000
980 -1869.0000000000
1040 -1868.0000000000
1051 -1866.0000000000
1078 -1864.0000000000
1126 -1863.0000000000
1162 -1862.0000000000
1193 -1861.0000000000
1223 -1860.0000000000
1233 -1859.0000000000
1285 -1858.0000000000
1303 -1857.0000000000
1345 -1856.0000000000
1370 -1855.0000000000
1379 -1854.0000000000
1413 -1853.0000000000
1447 -1852.0000000000
1478 -1850.0000000000
1527 -1849.0000000000
1540 -1848.0000000000
1586 -1847.0000000000
1593 -1846.0000000000
1615 -1845.0000000000
1639 -1844.0000000000
1661 -1843.0000000000
1684 -1842.0000000000
1701 -1840.0000000000
1763 -1839.0000000000
1770 -1838.0000000000
1782 -1837.0000000000
1808 -1836.0000000000
1865 -1835.0000000000
1883 -1834.0000000000
1891 -1833.0000000000
1963 -1832.0000000000
1999 -1831.0000000000
2000 -1830.0000000000
2005 -1829.0000000000
2022 -1828.0000000000
2053 -1827.0000000000
2083 -1826.0000000000
2095 -1825.0000000000
2106 -1823.0000000000
2156 -1822.0000000000
2178 -1821.0000000000
2222 -1820.0000000000
2258 -1818.0000000000
2300 -1817.0000000000
2336 -1816.0000000000
2376 -1815.0000000000
2405 -1813.0000000000
2446 -1812.0000000000
2501 -1809.0000000000
2584 -1808.0000000000
2599 -1807.0000000000
2651 -1806.0000000000
2678 -1805.0000000000
2690 -1804.0000000000
2722 -1803.0000000000
2751 -1802.0000000000
2790 -1800.0000000000
2838 -1797.0000000000
2894 -1796.0000000000
2909 -1795.0000000000
2927 -1794.0000000000
2945 -1793.0000000000
2967 -1792.0000000000
3020 -1791.0000000000
3057 -1790.0000000000
3065 -1789.0000000000
3089 -1788.0000000000
3115 -1787.0000000000
3134 -1786.0000000000
3185 -1784.0000000000
3225 -1782.0000000000
3266 -1781.0000000000
3277 -1780.0000000000
3322 -1779.0000000000
3337 -1777.0000000000
3396 -1775.0000000000
3475 -1774.0000000000
3483 -1771.0000000000
3517 -1769.0000000000
3595 -1768.0000000000
3598 -1767.0000000000
3637 -1766.0000000000
3684 -1765.0000000000
3690 -1764.0000000000
3697 -1763.0000000000
3717 -1762.0000000000
3723 -1761.0000000000
3785 -1759.0000000000
3829 -1758.0000000000
3848 -1757.0000000000
3849 -1756.0000000000
3888 -1755.0000000000
3892 -1753.0000000000
3905 -1752.0000000000
3999 -1750.0000000000
4054 -1749.0000000000
4079 -1747.0000000000
4124 -1746.0000000000
4141 -1745.0000000000
4181 -1744.0000000000
4250 -1742.0000000000
4311 -1741.0000000000
4358 -1740.0000000000
4381 -1739.0000000000
4391 -1738.0000000000
4393 -1737.0000000000
4407 -1736.0000000000
4443 -1734.0000000000
4479 -1733.0000000000
4489 -1732.0000000000
4505 -1731.0000000000
4513 -1730.0000000000
4568 -1729.0000000000
4595 -1728.0000000000
4610 -1726.0000000000
4669 -1724.0000000000
4672 -1722.0000000000
4695 -1721.0000000000
4770 -1720.0000000000
4788 -1719.0000000000
4794 -1718.0000000000
4795 -1717.0000000000
4876 -1716.0000000000
4885 -1715.0000000000
4894 -1714.0000000000
4950 -1713.0000000000
4952 -1712.0000000000
4977 -1711.0000000000
5068 -1709.0000000000
5094 -1707.0000000000
5150 -1706.0000000000
5155 -1705.0000000000
5204 -1704.0000000000
5272 -1703.0000000000
5281 -1701.0000000000
5330 -1700.0000000000
5336 -1699.0000000000
5348 -1698.0000000000
5383 -1697.0000000000
5419 -1695.0000000000
5466 -1694.0000000000
5529 -1693.0000000000
5537 -1692.0000000000
5553 -1691.0000000000
5575 -1689.0000000000
5598 -1688.0000000000
5657 -1687.0000000000
5688 -1686.0000000000
5721 -1685.0000000000
5776 -1683.0000000000
5845 -1682.0000000000
5859 -1681.0000000000
5900 -1680.0000000000
5939 -1679.0000000000
5985 -1678.0000000000
6027 -1677.0000000000
6062 -1674.0000000000
6102 -1673.0000000000
6163 -1672.0000000000
6182 -1671.0000000000
6231 -1670.0000000000
6257 -1669.0000000000
6312 -1668.0000000000
6327 -1667.0000000000
6331 -1666.0000000000
6349 -1665.0000000000
6390 -1664.0000000000
6392 -1663.0000000000
6410 -1662.0000000000
6455 -1661.0000000000
6503 -1660.0000000000
6532 -1659.0000000000
6536 -1658.0000000000
6583 -1657.0000000000
6601 -1656.0000000000
6615 -1655.0000000000
6631 -1654.0000000000
6658 -1653.0000000000
6694 -1652.0000000000
6713 -1650.0000000000
6740 -1649.0000000000
6773 -1648.0000000000
6798 -1647.0000000000
6839 -1646.0000000000
6840 -1645.0000000000
6896 -1642.0000000000
6949 -1641.0000000000
6976 -1640.0000000000
7014 -1639.0000000000
7087 -1638.0000000000
7094 -1637.0000000000
7132 -1636.0000000000
7171 -1635.0000000000
7190 -1634.0000000000
7197 -1633.0000000000
7225 -1632.0000000000
7279 -1631.0000000000
7308 -1630.0000000000
7351 -1629.0000000000
7362 -1628.0000000000
7408 -1627.0000000000
7416 -1626.0000000000
7438 -1625.0000000000
7451 -1624.0000000000
7493 -1623.0000000000
7525 -1621.0000000000
7563 -1620.0000000000
7603 -1618.0000000000
7628 -1617.0000000000
7663 -1616.0000000000
7728 -1615.0000000000
7731 -1614.0000000000
7773 -1613.0000000000
7785 -1612.0000000000
7859 -1611.0000000000
7875 -1610.0000000000
7915 -1609.0000000000
7959 -1608.0000000000
7963 -1607.0000000000
7970 -1606.0000000000
8030 -1605.0000000000
8060 -1604.0000000000
8082 -1603.0000000000
8092 -1602.0000000000
8128 -1601.0000000000
8133 -1600.0000000000
8146 -1599.0000000000
8200 -1598.0000000000
8212 -1597.0000000000
8255 -1595.0000000000
8304 -1594.0000000000
8361 -1593.0000000000
8396 -1592.0000000000
8400 -1590.0000000000
8480 -1589.0000000000
8531 -1588.0000000000
8534 -1586.0000000000
8579 -1584.0000000000
8607 -1583.0000000000
8623 -1582.0000000000
8691 -1581.0000000000
8710 -1580.0000000000
8719 -1579.0000000000
8749 -1578.0000000000
8768 -1577.0000000000
8796 -1576.0000000000
8859 -1575.0000000000
8875 -1573.0000000000
8933 -1572.0000000000
8974 -1571.0000000000
9036 -1570.0000000000
9062 -1569.0000000000
9090 -1567.0000000000
9135 -1566.0000000000
9176 -1565.0000000000
9192 -1563.0000000000
9255 -1562.0000000000
9266 -1561.0000000000
9297 -1560.0000000000
9330 -1559.0000000000
9358 -1558.0000000000
9407 -1557.0000000000
9421 -1556.0000000000
9450 -1555.0000000000
9467 -1554.0000000000
9519 -1553.0000000000
9545 -1552.0000000000
9554 -1551.0000000000
9587 -1550.0000000000
9588 -1548.0000000000
9672 -1547.0000000000
9684 -1546.0000000000
9686 -1545.0000000000
9710 -1544.0000000000
9760 -1543.0000000000
9803 -1542.0000000000
9827 -1540.0000000000
9830 -1539.0000000000
9938 -1538.0000000000
9961 -1536.0000000000
10026 -1535.0000000000
10050 -1535.0000000000
evaluations raw_y
1 -1963.0000000000
3 -1906.0000000000
17 -1900.0000000000
87 -1899.0000000000
103 -1898.0000000000
134 -1896.0000000000
173 -1894.0000000000
209 -1893.0000000000
231 -1892.0000000000
288 -1891.0000000000
305 -1890.0000000000
318 -1888.0000000000
388 -1887.0000000000
404 -1886.0000000000
430 -1885.0000000000
453 -1882.0000000000
545 -1880.0000000000
582 -1879.0000000000
615 -1878.0000000000
625 -1877.0000000000
681 -1876.0000000000
733 -1875.0000000000
755 -1874.0000000000
788 -1873.0000000000
857 -1872.0000000000
868 -1871.0000000000
921 -1870.0000000000
933 -1869.0000000000
955 -1868.0000000000
978 -1867.0000000000
1019 -1866.0000000000
1029 -1865.0000000000
1037 -1864.0000000000
1057 -1863.0000000000
1123 -1862.0000000000
1136 -1861.0000000000
1178 -1860.0000000000
1227 -1859.0000000000
1251 -1857.0000000000
1301 -1855.0000000000
1315 -1854.0000000000
1323 -1853.0000000000
1357 -1852.0000000000
1374 -1851.0000000000
1430 -1850.0000000000
1477 -1849.0000000000
1481 -1848.0000000000
1524 -1847.0000000000
1548 -1846.0000000000
1558 -1845.0000000000
1605 -1844.0000000000
1621 -1843.0000000000
1670 -1842.0000000000
1680 -1841.0000000000
1718 -1839.0000000000
1733 -1838.0000000000
1771 -1837.0000000000
1774 -1836.0000000000
1793 -1835.0000000000
1851 -1834.0000000000
1854 -1833.0000000000
1946 -1832.0000000000
1978 -1831.0000000000
1986 -1829.0000000000
2044 -1828.0000000000
2098 -1825.0000000000
2137 -1824.0000000000
2157 -1823.0000000000
2177 -1821.0000000000
2266 -1820.0000000000
2288 -1819.0000000000
2322 -1817.0000000000
2383 -1816.0000000000
2391 -1815.0000000000
2393 -1814.0000000000
2413 -1813.0000000000
2447 -1811.0000000000
2477 -1810.0000000000
2498 -1808.0000000000
2524 -1807.0000000000
2575 -1806.0000000000
2599 -1805.0000000000
2617 -1804.0000000000
2635 -1803.0000000000
2706 -1802.0000000000
2737 -1801.0000000000
2763 -1800.0000000000
2782 -1799.0000000000
2831 -1798.0000000000
2841 -1797.0000000000
2886 -1796.0000000000
2895 -1795.0000000000
2906 -1794.0000000000
2944 -1793.0000000000
3015 -1792.0000000000
3020 -1791.0000000000
3051 -1790.0000000000
3083 -1789.0000000000
3125 -1788.0000000000
3157 -1787.0000000000
3169 -1786.0000000000
3186 -1785.0000000000
3188 -1784.0000000000
3238 -1783.0000000000
3291 -1782.0000000000
3317 -1780.0000000000
3375 -1779.0000000000
3390 -1778.0000000000
3398 -1777.0000000000
3442 -1775.0000000000
3514 -1772.0000000000
3544 -1771.0000000000
3550 -1770.0000000000
3583 -1769.0000000000
3628 -1768.0000000000
3666 -1767.0000000000
3691 -1766.0000000000
3714 -1765.0000000000
3728 -1764.0000000000
3745 -1763.0000000000
3804 -1762.0000000000
3827 -1761.0000000000
3878 -1760.0000000000
3884 -1759.0000000000
3924 -1757.0000000000
3970 -1755.0000000000
3975 -1754.0000000000
4013 -1753.0000000000
4023 -1752.0000000000
4059 -1751.0000000000
4126 -1750.0000000000
4143 -1749.0000000000
4151 -1748.0000000000
4154 -1747.0000000000
4210 -1745.0000000000
4254 -1744.0000000000
4285 -1743.0000000000
4304 -1742.0000000000
4332 -1741.0000000000
4404 -1739.0000000000
4434 -1738.0000000000
4445 -1737.0000000000
4504 -1736.0000000000
4554 -1735.0000000000
4575 -1734.0000000000
4585 -1733.0000000000
4643 -1730.0000000000
4648 -1729.0000000000
4683 -1728.0000000000
4699 -1727.0000000000
4722 -1726.0000000000
4771 -1724.0000000000
4831 -1722.0000000000
4871 -1720.0000000000
4915 -1719.0000000000
4939 -1718.0000000000
4995 -1716.0000000000
5059 -1715.0000000000
5062 -1713.0000000000
5082 -1712.0000000000
5113 -1711.0000000000
5146 -1710.0000000000
5200 -1709.0000000000
5201 -1708.0000000000
5275 -1706.0000000000
5304 -1705.0000000000
5392 -1704.0000000000
5426 -1703.0000000000
5445 -1702.0000000000
5471 -1701.0000000000
5522 -1700.0000000000
5535 -1698.0000000000
5643 -1697.0000000000
5684 -1696.0000000000
5707 -1695.0000000000
5735 -1694.0000000000
5770 -1693.0000000000
5776 -1692.0000000000
5777 -1690.0000000000
5854 -1689.0000000000
5903 -1687.0000000000
5955 -1686.0000000000
5991 -1685.0000000000
6004 -1684.0000000000
6049 -1683.0000000000
6057 -1682.0000000000
6132 -1681.0000000000
6168 -1679.0000000000
6189 -1678.0000000000
6257 -1677.0000000000
6269 -1676.0000000000
6283 -1675.0000000000
6286 -1674.0000000000
6291 -1673.0000000000
6379 -1672.0000000000
6407 -1670.0000000000
6455 -1669.0000000000
6536 -1668.0000000000
6558 -1667.0000000000
6579 -1666.0000000000
6639 -1664.0000000000
6683 -1663.0000000000
6704 -1662.0000000000
6738 -1661.0000000000
6764 -1660.0000000000
6827 -1659.0000000000
6858 -1656.0000000000
6872 -1655.0000000000
6928 -1654.0000000000
6953 -1653.0000000000
6980 -1652.0000000000
6984 -1651.0000000000
7003 -1650.0000000000
7052 -1649.0000000000
7055 -1648.0000000000
7057 -1647.0000000000
7083 -1646.0000000000
7156 -1643.0000000000
7189 -1642.0000000000
7207 -1641.0000000000
7220 -1640.0000000000
7259 -1639.0000000000
7333 -1638.0000000000
7348 -1637.0000000000
7359 -1636.0000000000
7363 -1635.0000000000
7451 -1634.0000000000
7459 -1633.0000000000
7516 -1632.0000000000
7547 -1631.0000000000
7597 -1630.0000000000
7618 -1629.0000000000
7620 -1628.0000000000
7647 -1626.0000000000
7684 -1625.0000000000
7693 -1624.0000000000
7726 -1622.0000000000
7741 -1621.0000000000
7800 -1620.0000000000
7836 -1618.0000000000
7864 -1617.0000000000
7923 -1616.0000000000
7947 -1614.0000000000
7990 -1613.0000000000
8061 -1612.0000000000
8092 -1609.0000000000
8141 -1608.0000000000
8184 -1607.0000000000
8221 -1606.0000000000
8223 -1604.0000000000
8260 -1603.0000000000
8319 -1602.0000000000
8342 -1601.0000000000
8389 -1600.0000000000
8406 -1599.0000000000
8454 -1598.0000000000
8480 -1597.0000000000
8490 -1596.0000000000
8529 -1595.0000000000
8558 -1594.0000000000
8636 -1593.0000000000
8649 -1590.0000000000
8724 -1589.0000000000
8726 -1588.0000000000
8734 -1587.0000000000
8791 -1586.0000000000
8819 -1584.0000000000
8845 -1583.0000000000
8872 -1582.0000000000
8923 -1581.0000000000
8958 -1580.0000000000
8990 -1579.0000000000
9008 -1578.0000000000
9064 -1577.0000000000
9112 -1576.0000000000
9148 -1575.0000000000
9164 -1574.0000000000
9179 -1573.0000000000
9224 -1572.0000000000
9239 -1571.0000000000
9286 -1570.0000000000
9321 -1568.0000000000
9336 -1567.0000000000
9436 -1566.0000000000
9450 -1563.0000000000
9497 -1562.0000000000
9545 -1561.0000000000
9595 -1560.0000000000
9627 -1559.0000000000
9662 -1558.0000000000
9667 -1557.0000000000
9730 -1555.0000000000
9809 -1553.0000000000
9845 -1552.0000000000
9849 -1551.0000000000
9865 -1550.0000000000
9899 -1548.0000000000
9935 -1547.0000000000
9947 -1546.0000000000
10001 -1545.0000000000
10027 -1543.0000000000
10033 -1542.0000000000
10036 -1540.0000000000
10050 -1544.0000000000
evaluations raw_y
1 -1965.0000000000
3 -1953.0000000000
4 -1933.0000000000
13 -1927.0000000000
14 -1923.0000000000
28 -1917.0000000000
73 -1915.0000000000
85 -1914.0000000000
132 -1913.0000000000
144 -1912.0000000000
171 -1911.0000000000
196 -1909.0000000000
228 -1908.0000000000
252 -1907.0000000000
270 -1905.0000000000
333 -1904.0000000000
350 -1903.0000000000
423 -1902.0000000000
452 -1901.0000000000
472 -1900.0000000000
487 -1899.0000000000
586 -1898.0000000000
598 -1897.0000000000
622 -1896.0000000000
665 -1895.0000000000
725 -1894.0000000000
729 -1893.0000000000
768 -1892.0000000000
786 -1891.0000000000
807 -1889.0000000000
852 -1888.0000000000
870 -1887.0000000000
901 -1886.0000000000
928 -1885.0000000000
929 -1884.0000000000
974 -1883.0000000000
996 -1882.0000000000
1049 -1881.0000000000
1063 -1880.0000000000
1081 -1879.0000000000
1097 -1878.0000000000
1167 -1877.0000000000
1182 -1876.0000000000
1195 -1875.0000000000
1206 -1874.0000000000
1219 -1873.0000000000
1269 -1872.0000000000
1298 -1871.0000000000
1325 -1870.0000000000
1337 -1869.0000000000
1381 -1868.0000000000
1389 -1866.0000000000
1441 -1865.0000000000
1447 -1864.0000000000
1491 -1863.0000000000
1523 -1862.0000000000
1535 -1861.0000000000
1554 -1859.0000000000
1560 -1857.0000000000
1633 -1855.0000000000
1657 -1854.0000000000
1681 -1852.0000000000
1689 -1851.0000000000
1768 -1850.0000000000
1792 -1849.0000000000
1809 -1848.0000000000
1844 -1847.0000000000
1849 -1846.0000000000
1860 -1845.0000000000
1876 -1844.0000000000
1888 -1843.0000000000
1901 -1842.0000000000
1920 -1841.0000000000
1983 -1840.0000000000
2020 -1837.0000000000
2105 -1836.0000000000
2155 -1835.0000000000
2169 -1833.0000000000
2194 -1832.0000000000
2275 -1831.0000000000
2317 -1830.0000000000
2319 -1828.0000000000
2375 -1827.0000000000
2392 -1826.0000000000
2427 -1825.0000000000
2443 -1824.0000000000
2467 -1823.0000000000
2481 -1822.0000000000
2504 -1821.0000000000
2540 -1820.0000000000
2547 -1818.0000000000
2610 -1817.0000000000
2640 -1814.0000000000
2693 -1813.0000000000
2719 -1812.0000000000
2746 -1810.0000000000
2776 -1809.0000000000
2818 -1808.0000000000
2831 -1806.0000000000
2915 -1805.0000000000
2931 -1804.0000000000
2957 -1803.0000000000
2968 -1802.0000000000
2999 -1801.0000000000
3028 -1799.0000000000
3047 -1798.0000000000
3089 -1797.0000000000
3098 -1795.0000000000
3171 -1792.0000000000
3227 -1791.0000000000
3243 -1790.0000000000
3266 -1789.0000000000
3303 -1788.0000000000
3312 -1787.0000000000
3381 -1785.0000000000
3427 -1784.0000000000
3463 -1783.0000000000
3466 -1782.0000000000
3525 -1781.0000000000
3566 -1779.0000000000
3584 -1778.0000000000
3594 -1777.0000000000
3613 -1775.0000000000
3619 -1774.0000000000
3727 -1773.0000000000
3760 -1772.0000000000
3778 -1771.0000000000
3792 -1769.0000000000
3813 -1768.0000000000
3834 -1766.0000000000
3873 -1765.0000000000
3904 -1764.0000000000
3937 -1763.0000000000
3975 -1762.0000000000
3995 -1761.0000000000
4063 -1759.0000000000
4071 -1757.0000000000
4131 -1755.0000000000
4147 -1754.0000000000
4157 -1753.0000000000
4187 -1752.0000000000
4209 -1751.0000000000
4238 -1750.0000000000
4264 -1749.0000000000
4278 -1748.0000000000
4324 -1746.0000000000
4372 -1745.0000000000
4415 -1744.0000000000
4425 -1743.0000000000
4428 -1742.0000000000
4442 -1741.0000000000
4449 -1739.0000000000
4519 -1737.0000000000
4539 -1736.0000000000
4560 -1735.0000000000
4585 -1734.0000000000
4641 -1733.0000000000
4645 -1732.0000000000
4685 -1731.0000000000
4692 -1729.0000000000
4741 -1727.0000000000
4793 -1726.0000000000
4798 -1725.0000000000
4818 -1724.0000000000
4827 -1723.0000000000
4877 -1722.0000000000
4905 -1721.0000000000
4921 -1720.0000000000
4961 -1719.0000000000
4990 -1718.0000000000
5008 -1716.0000000000
5046 -1715.0000000000
5061 -1714.0000000000
5099 -1713.0000000000
5132 -1712.0000000000
5148 -1711.0000000000
5169 -1708.0000000000
5177 -1707.0000000000
5268 -1706.0000000000
5287 -1704.0000000000
5339 -1703.0000000000
5341 -1702.0000000000
5377 -1700.0000000000
5456 -1698.0000000000
5510 -1697.0000000000
5524 -1696.0000000000
5549 -1695.0000000000
5600 -1694.0000000000
5620 -1693.0000000000
5646 -1692.0000000000
5692 -1690.0000000000
5731 -1689.0000000000
5746 -1688.0000000000
5805 -1687.0000000000
5852 -1685.0000000000
5856 -1684.0000000000
5946 -1683.0000000000
5992 -1682.0000000000
6006 -1681.0000000000
6015 -1680.0000000000
6044 -1679.0000000000
6075 -1678.0000000000
6098 -1677.0000000000
6129 -1676.0000000000
6136 -1675.0000000000
6142 -1674.0000000000
6181 -1673.0000000000
6207 -1671.0000000000
6219 -1670.0000000000
6272 -1669.0000000000
6288 -1668.0000000000
6363 -1667.0000000000
6371 -1666.0000000000
6436 -1665.0000000000
6489 -1663.0000000000
6505 -1662.0000000000
6546 -1661.0000000000
6600 -1660.0000000000
6610 -1659.0000000000
6646 -1657.0000000000
6656 -1656.0000000000
6657 -1655.0000000000
6671 -1654.0000000000
6689 -1653.0000000000
6739 -1652.0000000000
6742 -1651.0000000000
6748 -1650.0000000000
6800 -1649.0000000000
6851 -1648.0000000000
6856 -1646.0000000000
6873 -1645.0000000000
6910 -1644.0000000000
6915 -1643.0000000000
6974 -1642.0000000000
6995 -1641.0000000000
7046 -1640.0000000000
7081 -1639.0000000000
7087 -1638.0000000000
7130 -1637.0000000000
7134 -1635.0000000000
7177 -1634.0000000000
7198 -1633.0000000000
7233 -1632.0000000000
7255 -1631.0000000000
7296 -1630.0000000000
7325 -1628.0000000000
7354 -1626.0000000000
7433 -1625.0000000000
7444 -1624.0000000000
7477 -1623.0000000000
7512 -1622.0000000000
7533 -1621.0000000000
7545 -1620.0000000000
7599 -1619.0000000000
7611 -1618.0000000000
7628 -1617.0000000000
7653 -1616.0000000000
7732 -1613.0000000000
7736 -1612.0000000000
7788 -1610.0000000000
7816 -1608.0000000000
7822 -1607.0000000000
7859 -1606.0000000000
7888 -1605.0000000000
7913 -1604.0000000000
7915 -1603.0000000000
7936 -1602.0000000000
7960 -1601.0000000000
7970 -1598.0000000000
8066 -1597.0000000000
8075 -1596.0000000000
8113 -1595.0000000000
8158 -1594.0000000000
8188 -1593.0000000000
8211 -1592.0000000000
8266 -1590.0000000000
8275 -1589.0000000000
8321 -1587.0000000000
8370 -1586.0000000000
8462 -1585.0000000000
8477 -1584.0000000000
8499 -1583.0000000000
8525 -1582.0000000000
8567 -1580.0000000000
8667 -1579.0000000000
8676 -1578.0000000000
8691 -1577.0000000000
8711 -1575.0000000000
8795 -1574.0000000000
8819 -1573.0000000000
8850 -1572.0000000000
8902 -1571.0000000000
8918 -1569.0000000000
8997 -1568.0000000000
9005 -1566.0000000000
9071 -1565.0000000000
9106 -1563.0000000000
9143 -1562.0000000000
9172 -1561.0000000000
9186 -1560.0000000000
9209 -1558.0000000000
9239 -1557.0000000000
9300 -1556.0000000000
9331 -1555.0000000000
9355 -1553.0000000000
9404 -1550.0000000000
9427 -1549.0000000000
9477 -1547.0000000000
9485 -1545.0000000000
9555 -1544.0000000000
9586 -1543.0000000000
9596 -1542.0000000000
9663 -1541.0000000000
9681 -1540.0000000000
9738 -1538.0000000000
9770 -1537.0000000000
9780 -1535.0000000000
9840 -1534.0000000000
9856 -1530.0000000000
9926 -1529.0000000000
9973 -1528.0000000000
10009 -1527.0000000000
10039 -1525.0000000000
10050 -1530.0000000000
evaluations raw_y
1 -1984.0000000000
2 -1954.0000000000
6 -1910.0000000000
26 -1894.0000000000
149 -1893.0000000000
156 -1892.0000000000
177 -1891.0000000000
207 -1890.0000000000
212 -1889.0000000000
236 -1888.0000000000
244 -1887.0000000000
258 -1885.0000000000
317 -1884.0000000000
340 -1883.0000000000
351 -1881.0000000000
376 -1879.0000000000
451 -1878.0000000000
472 -1877.0000000000
504 -1876.0000000000
539 -1875.0000000000
559 -1874.0000000000
567 -1873.0000000000
592 -1872.0000000000
612 -1871.0000000000
655 -1869.0000000000
660 -1868.0000000000
711 -1865.0000000000
783 -1864.0000000000
789 -1863.0000000000
838 -1861.0000000000
908 -1860.0000000000
939 -1859.0000000000
976 -1858.0000000000
982 -1857.0000000000
987 -1856.0000000000
1017 -1855.0000000000
1085 -1854.0000000000
1088 -1853.0000000000
1118 -1851.0000000000
1147 -1850.0000000000
1159 -1849.0000000000
1166 -1848.0000000000
1185 -1847.0000000000
1230 -1846.0000000000
1234 -1845.0000000000
1254 -1844.0000000000
1312 -1843.0000000000
1323 -1842.0000000000
1338 -1841.0000000000
1354 -1840.0000000000
1418 -1839.0000000000
1451 -1838.0000000000
1453 -1837.0000000000
1471 -1836.0000000000
1492 -1835.0000000000
1547 -1834.0000000000
1565 -1833.0000000000
1587 -1832.0000000000
1627 -1831.0000000000
1645 -1830.0000000000
1689 -1829.0000000000
1744 -1828.0000000000
1773 -1827.0000000000
1777 -1825.0000000000
1796 -1824.0000000000
1849 -1823.0000000000
1868 -1821.0000000000
1930 -1820.0000000000
1973 -1819.0000000000
1975 -1818.0000000000
2007 -1817.0000000000
2022 -1816.0000000000
2057 -1815.0000000000
2101 -1814.0000000000
2118 -1813.0000000000
2195 -1812.0000000000
2210 -1811.0000000000
2233 -1810.0000000000
2253 -1809.0000000000
2289 -1808.0000000000
2322 -1807.0000000000
2334 -1806.0000000000
2362 -1805.0000000000
2385 -1804.0000000000
2422 -1802.0000000000
2445 -1799.0000000000
2453 -1797.0000000000
2463 -1796.0000000000
2523 -1795.0000000000
2544 -1793.0000000000
2585 -1791.0000000000
2628 -1789.0000000000
2686 -1788.0000000000
2721 -1787.0000000000
2785 -1786.0000000000
2802 -1785.0000000000
2813 -1784.0000000000
2829 -1783.0000000000
2870 -1782.0000000000
2893 -1781.0000000000
2926 -1780.0000000000
2941 -1779.0000000000
2974 -1778.0000000000
2979 -1777.0000000000
2999 -1776.0000000000
3051 -1775.0000000000
3072 -1774.0000000000
3097 -1773.0000000000
3104 -1772.0000000000
3169 -1771.0000000000
3181 -1770.0000000000
3205 -1769.0000000000
3215 -1768.0000000000
3269 -1767.0000000000
3305 -1766.0000000000
3309 -1765.0000000000
3332 -1762.0000000000
3376 -1761.0000000000
3432 -1760.0000000000
3470 -1759.0000000000
3475 -1757.0000000000
3540 -1756.0000000000
3564 -1755.0000000000
3583 -1754.0000000000
3608 -1753.0000000000
3678 -1752.0000000000
3708 -1751.0000000000
3714 -1748.0000000000
3741 -1747.0000000000
3755 -1746.0000000000
3766 -1744.0000000000
3862 -1743.0000000000
3884 -1741.0000000000
3951 -1739.0000000000
3994 -1738.0000000000
4033 -1737.0000000000
4067 -1736.0000000000
4112 -1735.0000000000
4153 -1734.0000000000
4172 -1733.0000000000
4185 -1732.0000000000
4219 -1731.0000000000
4266 -1730.0000000000
4299 -1729.0000000000
4332 -1727.0000000000
4359 -1726.0000000000
4426 -1725.0000000000
4485 -1724.0000000000
4517 -1723.0000000000
4567 -1722.0000000000
4572 -1721.0000000000
4575 -1719.0000000000
4675 -1718.0000000000
4693 -1717.0000000000
4729 -1716.0000000000
4746 -1715.0000000000
4793 -1714.0000000000
4830 -1712.0000000000
4889 -1711.0000000000
4898 -1709.0000000000
4934 -1707.0000000000
4952 -1706.0000000000
5048 -1705.0000000000
5076 -1704.0000000000
5093 -1703.0000000000
5122 -1702.0000000000
5162 -1701.0000000000
5188 -1700.0000000000
5192 -1699.0000000000
5203 -1698.0000000000
5213 -1697.0000000000
5237 -1696.0000000000
5242 -1695.0000000000
5296 -1694.0000000000
5305 -1693.0000000000
5349 -1692.0000000000
5371 -1690.0000000000
5405 -1689.0000000000
5441 -1688.0000000000
5478 -1687.0000000000
5498 -1685.0000000000
5534 -1684.0000000000
5593 -1683.0000000000
5632 -1682.0000000000
5651 -1681.0000000000
5692 -1680.0000000000
5718 -1679.0000000000
5755 -1677.0000000000
5789 -1676.0000000000
5828 -1675.0000000000
5866 -1674.0000000000
5900 -1673.0000000000
5952 -1672.0000000000
5967 -1671.0000000000
6001 -1670.0000000000
6050 -1669.0000000000
6070 -1668.0000000000
6077 -1667.0000000000
6095 -1666.0000000000
6123 -1665.0000000000
6148 -1664.0000000000
6168 -1663.0000000000
6232 -1662.0000000000
6238 -1660.0000000000
6304 -1659.0000000000
6383 -1657.0000000000
6443 -1656.0000000000
6472 -1655.0000000000
6499 -1654.0000000000
6540 -1653.0000000000
6552 -1652.0000000000
6592 -1651.0000000000
6620 -1650.0000000000
6640 -1648.0000000000
6668 -1647.0000000000
6727 -1646.0000000000
6765 -1645.0000000000
6791 -1644.0000000000
6811 -1642.0000000000
6874 -1641.0000000000
6903 -1640.0000000000
6926 -1639.0000000000
6969 -1637.0000000000
7012 -1636.0000000000
7027 -1634.0000000000
7051 -1632.0000000000
7053 -1631.0000000000
7085 -1630.0000000000
7111 -1629.0000000000
7129 -1628.0000000000
7153 -1627.0000000000
7174 -1626.0000000000
7177 -1625.0000000000
7220 -1624.0000000000
7303 -1623.0000000000
7319 -1622.0000000000
7361 -1621.0000000000
7401 -1620.0000000000
7420 -1619.0000000000
7442 -1618.0000000000
7454 -1617.0000000000
7501 -1616.0000000000
7530 -1615.0000000000
7597 -1614.0000000000
7609 -1613.0000000000
7662 -1612.0000000000
7696 -1611.0000000000
7719 -1608.0000000000
7787 -1607.0000000000
7832 -1605.0000000000
7847 -1604.0000000000
7862 -1603.0000000000
7876 -1602.0000000000
7896 -1601.0000000000
7957 -1600.0000000000
7987 -1599.0000000000
8006 -1598.0000000000
8045 -1596.0000000000
8048 -1595.0000000000
8114 -1594.0000000000
8126 -1593.0000000000
8162 -1591.0000000000
8192 -1590.0000000000
8228 -1589.0000000000
8266 -1588.0000000000
8303 -1587.0000000000
8349 -1586.0000000000
8376 -1585.0000000000
8380 -1584.0000000000
8452 -1581.0000000000
8504 -1580.0000000000
8572 -1579.0000000000
8621 -1578.0000000000
8637 -1577.0000000000
8641 -1576.0000000000
8647 -1575.0000000000
8722 -1573.0000000000
8788 -1572.0000000000
8814 -1571.0000000000
8820 -1570.0000000000
8861 -1568.0000000000
8878 -1567.0000000000
8921 -1566.0000000000
8955 -1565.0000000000
9008 -1564.0000000000
9012 -1563.0000000000
9076 -1562.0000000000
9101 -1561.0000000000
9139 -1560.0000000000
9175 -1559.0000000000
9209 -1558.0000000000
9236 -1557.0000000000
9280 -1556.0000000000
9297 -1555.0000000000
9360 -1554.0000000000
9426 -1553.0000000000
9454 -1552.0000000000
9470 -1551.0000000000
9495 -1550.0000000000
9558 -1548.0000000000
9570 -1547.0000000000
9633 -1546.0000000000
9669 -1545.0000000000
9677 -1544.0000000000
9684 -1543.0000000000
9693 -1541.0000000000
9768 -1540.0000000000
9775 -1539.0000000000
9785 -1538.0000000000
9831 -1536.0000000000
9849 -1535.0000000000
9853 -1534.0000000000
9878 -1533.0000000000
9923 -1532.0000000000
9970 -1530.0000000000
9976 -1528.0000000000
10050 -1530.0000000000
evaluations raw_y
1 -1970.0000000000
2 -1940.0000000000
11 -1934.0000000000
14 -1910.0000000000
35 -1909.0000000000
143 -1908.0000000000
174 -1906.0000000000
207 -1905.0000000000
223 -1903.0000000000
274 -1902.0000000000
291 -1900.0000000000
335 -1899.0000000000
352 -1897.0000000000
396 -1896.0000000000
400 -1894.0000000000
406 -1893.0000000000
442 -1892.0000000000
447 -1891.0000000000
476 -1890.0000000000
496 -1889.0000000000
498 -1888.0000000000
559 -1887.0000000000
593 -1886.0000000000
607 -1885.0000000000
637 -1884.0000000000
643 -1883.0000000000
647 -1882.0000000000
687 -1880.0000000000
699 -1879.0000000000
751 -1878.0000000000
761 -1877.0000000000
792 -1876.0000000000
817 -1875.0000000000
819 -1873.0000000000
911 -1872.0000000000
913 -1870.0000000000
952 -1869.0000000000
995 -1868.0000000000
1022 -1867.0000000000
1048 -1866.0000000000
1080 -1864.0000000000
1118 -1863.0000000000
1154 -1861.0000000000
1196 -1860.0000000000
1219 -1859.0000000000
1226 -1858.0000000000
1315 -1857.0000000000
1337 -1856.0000000000
1353 -1854.0000000000
1368 -1853.0000000000
1415 -1852.0000000000
1456 -1851.0000000000
1496 -1850.0000000000
1521 -1848.0000000000
1533 -1847.0000000000
1553 -1845.0000000000
1565 -1844.0000000000
1592 -1842.0000000000
1618 -1841.0000000000
1670 -1840.0000000000
1683 -1838.0000000000
1733 -1837.0000000000
1735 -1835.0000000000
1769 -1834.0000000000
1775 -1832.0000000000
1867 -1831.0000000000
1884 -1830.0000000000
1911 -1829.0000000000
1930 -1828.0000000000
1968 -1827.0000000000
1992 -1826.0000000000
2011 -1825.0000000000
2037 -1823.0000000000
2054 -1822.0000000000
2085 -1821.0000000000
2127 -1820.0000000000
2171 -1818.0000000000
2198 -1817.0000000000
2270 -1816.0000000000
2285 -1814.0000000000
2345 -1813.0000000000
2389 -1812.0000000000
2395 -1810.0000000000
2417 -1809.0000000000
2427 -1808.0000000000
2451 -1807.0000000000
2475 -1806.0000000000
2521 -1805.0000000000
2537 -1804.0000000000
2539 -1803.0000000000
2576 -1802.0000000000
2616 -1801.0000000000
2628 -1800.0000000000
2666 -1798.0000000000
2699 -1797.0000000000
2738 -1796.0000000000
2768 -1794.0000000000
2833 -1793.0000000000
2863 -1792.0000000000
2903 -1791.0000000000
2917 -1790.0000000000
2937 -1789.0000000000
2999 -1788.0000000000
3029 -1786.0000000000
3051 -1784.0000000000
3057 -1783.0000000000
3159 -1782.0000000000
3188 -1780.0000000000
3220 -1779.0000000000
3225 -1778.0000000000
3238 -1777.0000000000
3272 -1776.0000000000
3302 -1775.0000000000
3332 -1774.0000000000
3394 -1773.0000000000
3401 -1772.0000000000
3415 -1771.0000000000
3468 -1770.0000000000
3500 -1769.0000000000
3530 -1767.0000000000
3578 -1766.0000000000
3620 -1765.0000000000
3666 -1764.0000000000
3676 -1763.0000000000
3687 -1762.0000000000
3710 -1761.0000000000
3732 -1760.0000000000
3749 -1758.0000000000
3775 -1756.0000000000
3853 -1755.0000000000
3922 -1754.0000000000
3925 -1753.0000000000
3942 -1752.0000000000
3989 -1751.0000000000
4001 -1750.0000000000
4037 -1748.0000000000
4046 -1747.0000000000
4079 -1745.0000000000
4125 -1744.0000000000
4177 -1743.0000000000
4213 -1742.0000000000
4245 -1740.0000000000
4305 -1739.0000000000
4343 -1738.0000000000
4345 -1737.0000000000
4363 -1736.0000000000
4416 -1735.0000000000
4445 -1734.0000000000
4463 -1733.0000000000
4501 -1732.0000000000
4518 -1730.0000000000
4554 -1729.0000000000
4573 -1728.0000000000
4594 -1727.0000000000
4608 -1725.0000000000
4639 -1724.0000000000
4650 -1723.0000000000
4684 -1722.0000000000
4719 -1721.0000000000
4745 -1720.0000000000
4762 -1719.0000000000
4816 -1718.0000000000
4831 -1717.0000000000
4839 -1716.0000000000
4885 -1715.0000000000
4898 -1714.0000000000
4922 -1713.0000000000
4969 -1712.0000000000
4999 -1711.0000000000
5011 -1710.0000000000
5055 -1708.0000000000
5111 -1707.0000000000
5150 -1706.0000000000
5193 -1705.0000000000
5208 -1704.0000000000
5237 -1703.0000000000
5249 -1701.0000000000
5319 -1700.0000000000
5329 -1699.0000000000
5344 -1698.0000000000
5395 -1697.0000000000
5398 -1696.0000000000
5425 -1695.0000000000
5469 -1694.0000000000
5563 -1692.0000000000
5645 -1691.0000000000
5662 -1689.0000000000
5723 -1688.0000000000
5738 -1687.0000000000
5755 -1686.0000000000
5769 -1685.0000000000
5800 -1684.0000000000
5845 -1683.0000000000
5889 -1682.0000000000
5901 -1681.0000000000
5929 -1680.0000000000
5958 -1678.0000000000
6024 -1677.0000000000
6068 -1676.0000000000
6140 -1675.0000000000
6145 -1674.0000000000
6175 -1673.0000000000
6253 -1671.0000000000
6315 -1670.0000000000
6324 -1669.0000000000
6365 -1668.0000000000
6376 -1667.0000000000
6416 -1666.0000000000
6426 -1665.0000000000
6484 -1664.0000000000
6533 -1663.0000000000
6539 -1661.0000000000
6605 -1660.0000000000
6651 -1659.0000000000
6691 -1658.0000000000
6695 -1657.0000000000
6716 -1656.0000000000
6726 -1655.0000000000
6827 -1654.0000000000
6852 -1653.0000000000
6876 -1652.0000000000
6948 -1651.0000000000
6986 -1650.0000000000
6993 -1649.0000000000
7031 -1648.0000000000
7057 -1647.0000000000
7067 -1646.0000000000
7105 -1645.0000000000
7108 -1644.0000000000
7149 -1643.0000000000
7200 -1642.0000000000
7236 -1641.0000000000
7290 -1640.0000000000
7345 -1639.0000000000
7364 -1638.0000000000
7410 -1637.0000000000
7444 -1636.0000000000
7494 -1635.0000000000
7508 -1633.0000000000
7515 -1632.0000000000
7544 -1630.0000000000
7598 -1629.0000000000
7625 -1628.0000000000
7666 -1627.0000000000
7681 -1626.0000000000
7731 -1625.0000000000
7743 -1624.0000000000
7782 -1623.0000000000
7832 -1622.0000000000
7856 -1621.0000000000
7899 -1620.0000000000
7927 -1618.0000000000
7929 -1617.0000000000
8001 -1615.0000000000
8006 -1614.0000000000
8035 -1613.0000000000
8046 -1612.0000000000
8052 -1611.0000000000
8091 -1610.0000000000
8117 -1609.0000000000
8158 -1608.0000000000
8242 -1607.0000000000
8258 -1606.0000000000
8268 -1605.0000000000
8276 -1603.0000000000
8311 -1602.0000000000
8388 -1601.0000000000
8405 -1600.0000000000
8441 -1599.0000000000
8497 -1598.0000000000
8509 -1597.0000000000
8596 -1596.0000000000
8626 -1593.0000000000
8709 -1592.0000000000
8749 -1590.0000000000
8789 -1589.0000000000
8869 -1587.0000000000
8879 -1585.0000000000
8910 -1584.0000000000
8965 -1582.0000000000
9044 -1580.0000000000
9116 -1579.0000000000
9123 -1578.0000000000
9148 -1577.0000000000
9154 -1576.0000000000
9195 -1575.0000000000
9214 -1573.0000000000
9358 -1572.0000000000
9393 -1571.0000000000
9437 -1570.0000000000
9467 -1568.0000000000
9513 -1567.0000000000
9548 -1566.0000000000
9564 -1565.0000000000
9592 -1564.0000000000
9605 -1562.0000000000
9628 -1561.0000000000
9641 -1560.0000000000
9722 -1559.0000000000
9741 -1556.0000000000
9822 -1555.0000000000
9836 -1554.0000000000
9858 -1552.0000000000
9869 -1551.0000000000
9922 -1550.0000000000
9938 -1549.0000000000
9947 -1548.0000000000
9957 -1547.0000000000
9990 -1546.0000000000
10050 -1549.0000000000
evaluations raw_y
1 -1939.0000000000
10 -1892.0000000000
71 -1891.0000000000
96 -1890.0000000000
143 -1889.0000000000
169 -1888.0000000000
184 -1887.0000000000
257 -1884.0000000000
297 -1883.0000000000
304 -1882.0000000000
315 -1881.0000000000
341 -1880.0000000000
378 -1879.0000000000
385 -1877.0000000000
407 -1875.0000000000
449 -1874.0000000000
467 -1872.0000000000
554 -1869.0000000000
607 -1868.0000000000
634 -1867.0000000000
683 -1866.0000000000
699 -1865.0000000000
725 -1864.0000000000
750 -1863.0000000000
768 -1862.0000000000
823 -1861.0000000000
831 -1860.0000000000
840 -1859.0000000000
841 -1858.0000000000
900 -1855.0000000000
957 -1854.0000000000
986 -1851.0000000000
1012 -1850.0000000000
1025 -1849.0000000000
1038 -1848.0000000000
1105 -1847.0000000000
1159 -1846.0000000000
1161 -1844.0000000000
1202 -1843.0000000000
1210 -1842.0000000000
1254 -1841.0000000000
1273 -1839.0000000000
1281 -1838.0000000000
1328 -1836.0000000000
1347 -1835.0000000000
1387 -1834.0000000000
1414 -1833.0000000000
1425 -1831.0000000000
1495 -1828.0000000000
1569 -1827.0000000000
1588 -1825.0000000000
1611 -1824.0000000000
1625 -1823.0000000000
1657 -1822.0000000000
1697 -1821.0000000000
1741 -1820.0000000000
1781 -1819.0000000000
1783 -1818.0000000000
1817 -1817.0000000000
1838 -1816.0000000000
1855 -1815.0000000000
1862 -1814.0000000000
1898 -1813.0000000000
1908 -1812.0000000000
1987 -1811.0000000000
2016 -1810.0000000000
2029 -1809.0000000000
2041 -1808.0000000000
2082 -1807.0000000000
2102 -1806.0000000000
2157 -1805.0000000000
2193 -1804.0000000000
2232 -1803.0000000000
2243 -1802.0000000000
2256 -1800.0000000000
2315 -1799.0000000000
2351 -1798.0000000000
2384 -1797.0000000000
2442 -1795.0000000000
2500 -1794.0000000000
2520 -1793.0000000000
2532 -1790.0000000000
2590 -1787.0000000000
2684 -1786.0000000000
2722 -1784.0000000000
2729 -1783.0000000000
2787 -1782.0000000000
2845 -1781.0000000000
2868 -1780.0000000000
2879 -1779.0000000000
2906 -1778.0000000000
2929 -1777.0000000000
2979 -1776.0000000000
2994 -1775.0000000000
3012 -1773.0000000000
3052 -1772.0000000000
3078 -1771.0000000000
3088 -1770.0000000000
3094 -1769.0000000000
3139 -1768.0000000000
3148 -1767.0000000000
3204 -1766.0000000000
3214 -1764.0000000000
3275 -1763.0000000000
3288 -1762.0000000000
3293 -1761.0000000000
3311 -1760.0000000000
3354 -1759.0000000000
3394 -1758.0000000000
3443 -1757.0000000000
3485 -1756.0000000000
3512 -1755.0000000000
3536 -1753.0000000000
3570 -1752.0000000000
3601 -1750.0000000000
3606 -1749.0000000000
3627 -1748.0000000000
3656 -1747.0000000000
3666 -1746.0000000000
3700 -1745.0000000000
3741 -1744.0000000000
3758 -1742.0000000000
3784 -1740.0000000000
3815 -1739.0000000000
3865 -1738.0000000000
3900 -1737.0000000000
3917 -1736.0000000000
3936 -1735.0000000000
3984 -1734.0000000000
3997 -1732.0000000000
4047 -1731.0000000000
4084 -1730.0000000000
4122 -1728.0000000000
4197 -1727.0000000000
4240 -1726.0000000000
4255 -1725.0000000000
4273 -1724.0000000000
4314 -1722.0000000000
4325 -1721.0000000000
4408 -1719.0000000000
4422 -1717.0000000000
4463 -1716.0000000000
4498 -1715.0000000000
4536 -1714.0000000000
4604 -1712.0000000000
4634 -1711.0000000000
4642 -1710.0000000000
4673 -1709.0000000000
4675 -1708.0000000000
4693 -1707.0000000000
4757 -1706.0000000000
4780 -1705.0000000000
4829 -1704.0000000000
4855 -1703.0000000000
4900 -1701.0000000000
4985 -1700.0000000000
5008 -1699.0000000000
5054 -1698.0000000000
5070 -1697.0000000000
5142 -1696.0000000000
5158 -1694.0000000000
5178 -1693.0000000000
5198 -1692.0000000000
5210 -1691.0000000000
5254 -1690.0000000000
5262 -1689.0000000000
5282 -1688.0000000000
5307 -1687.0000000000
5358 -1686.0000000000
5387 -1684.0000000000
5404 -1682.0000000000
5476 -1680.0000000000
5535 -1678.0000000000
5603 -1676.0000000000
5622 -1675.0000000000
5641 -1674.0000000000
5733 -1672.0000000000
5801 -1671.0000000000
5833 -1670.0000000000
5845 -1668.0000000000
5864 -1667.0000000000
5916 -1666.0000000000
6002 -1665.0000000000
6031 -1664.0000000000
6063 -1663.0000000000
6092 -1662.0000000000
6116 -1661.0000000000
6155 -1660.0000000000
6170 -1659.0000000000
6182 -1658.0000000000
6208 -1657.0000000000
6211 -1655.0000000000
6220 -1654.0000000000
6266 -1653.0000000000
6329 -1652.0000000000
6333 -1651.0000000000
6337 -1650.0000000000
6378 -1649.0000000000
6381 -1648.0000000000
6397 -1647.0000000000
6439 -1646.0000000000
6463 -1645.0000000000
6486 -1644.0000000000
6536 -1643.0000000000
6547 -1642.0000000000
6573 -1641.0000000000
6603 -1640.0000000000
6633 -1638.0000000000
6650 -1636.0000000000
6704 -1635.0000000000
6759 -1634.0000000000
6777 -1633.0000000000
6825 -1632.0000000000
6829 -1631.0000000000
6897 -1630.0000000000
6939 -1629.0000000000
6970 -1628.0000000000
6995 -1627.0000000000
7031 -1625.0000000000
7096 -1624.0000000000
7127 -1623.0000000000
7152 -1622.0000000000
7179 -1621.0000000000
7187 -1620.0000000000
7200 -1619.0000000000
7222 -1618.0000000000
7243 -1617.0000000000
7296 -1616.0000000000
7300 -1615.0000000000
7319 -1613.0000000000
7388 -1612.0000000000
7434 -1611.0000000000
7441 -1610.0000000000
7493 -1609.0000000000
7518 -1608.0000000000
7534 -1607.0000000000
7557 -1606.0000000000
7595 -1605.0000000000
7603 -1604.0000000000
7616 -1603.0000000000
7669 -1602.0000000000
7733 -1601.0000000000
7756 -1600.0000000000
7792 -1599.0000000000
7799 -1598.0000000000
7874 -1597.0000000000
7880 -1596.0000000000
7981 -1595.0000000000
8005 -1594.0000000000
8021 -1593.0000000000
8043 -1592.0000000000
8058 -1591.0000000000
8071 -1590.0000000000
8123 -1589.0000000000
8160 -1586.0000000000
8263 -1585.0000000000
8280 -1584.0000000000
8289 -1583.0000000000
8323 -1582.0000000000
8349 -1581.0000000000
8377 -1580.0000000000
8431 -1579.0000000000
8438 -1578.0000000000
8445 -1576.0000000000
8460 -1575.0000000000
8513 -1574.0000000000
8561 -1572.0000000000
8601 -1571.0000000000
8669 -1568.0000000000
8690 -1567.0000000000
8719 -1566.0000000000
8754 -1565.0000000000
8788 -1564.0000000000
8828 -1563.0000000000
8864 -1562.0000000000
8882 -1560.0000000000
8932 -1559.0000000000
8939 -1558.0000000000
8991 -1557.0000000000
9024 -1555.0000000000
9036 -1554.0000000000
9047 -1553.0000000000
9055 -1552.0000000000
9100 -1550.0000000000
9156 -1549.0000000000
9199 -1548.0000000000
9213 -1547.0000000000
9254 -1546.0000000000
9262 -1545.0000000000
9299 -1544.0000000000
9361 -1543.0000000000
9405 -1542.0000000000
9423 -1541.0000000000
9437 -1540.0000000000
9501 -1539.0000000000
9528 -1538.0000000000
9548 -1537.0000000000
9583 -1535.0000000000
9656 -1534.0000000000
9705 -1533.0000000000
9737 -1531.0000000000
9765 -1530.0000000000
9809 -1529.0000000000
9867 -1528.0000000000
9919 -1527.0000000000
9923 -1526.0000000000
9961 -1524.0000000000
9976 -1523.0000000000
10050 -1524.0000000000
evaluations raw_y
1 -2028.0000000000
2 -2013.0000000000
3 -1941.0000000000
7 -1904.0000000000
59 -1903.0000000000
89 -1902.0000000000
104 -1901.0000000000
121 -1900.0000000000
151 -1899.0000000000
184 -1898.0000000000
220 -1896.0000000000
284 -1895.0000000000
300 -1893.0000000000
337 -1892.0000000000
369 -1891.0000000000
386 -1890.0000000000
414 -1889.0000000000
417 -1888.0000000000
432 -1887.0000000000
484 -1886.0000000000
537 -1885.0000000000
549 -1884.0000000000
606 -1883.0000000000
624 -1881.0000000000
644 -1880.0000000000
661 -1879.0000000000
725 -1878.0000000000
767 -1877.0000000000
782 -1876.0000000000
799 -1875.0000000000
862 -1874.0000000000
874 -1873.0000000000
892 -1872.0000000000
913 -1871.0000000000
924 -1870.0000000000
933 -1869.0000000000
965 -1868.0000000000
993 -1867.0000000000
1031 -1865.0000000000
1085 -1864.0000000000
1098 -1863.0000000000
1128 -1862.0000000000
1166 -1861.0000000000
1224 -1860.0000000000
1256 -1859.0000000000
1272 -1858.0000000000
1280 -1857.0000000000
1310 -1856.0000000000
1327 -1855.0000000000
1355 -1852.0000000000
1407 -1851.0000000000
1473 -1850.0000000000
1505 -1849.0000000000
1549 -1848.0000000000
1562 -1847.0000000000
1567 -1846.0000000000
1594 -1845.0000000000
1611 -1844.0000000000
1647 -1842.0000000000
1695 -1841.0000000000
1708 -1840.0000000000
1780 -1838.0000000000
1784 -1837.0000000000
1792 -1836.0000000000
1846 -1835.0000000000
1896 -1834.0000000000
1930 -1832.0000000000
1937 -1830.0000000000
1992 -1828.0000000000
2041 -1827.0000000000
2048 -1826.0000000000
2060 -1825.0000000000
2088 -1824.0000000000
2173 -1823.0000000000
2188 -1822.0000000000
2218 -1821.0000000000
2274 -1820.0000000000
2279 -1819.0000000000
2297 -1818.0000000000
2301 -1816.0000000000
2340 -1815.0000000000
2359 -1814.0000000000
2411 -1813.0000000000
2489 -1811.0000000000
2545 -1809.0000000000
2570 -1808.0000000000
2608 -1807.0000000000
2617 -1806.0000000000
2676 -1804.0000000000
2702 -1803.0000000000
2743 -1802.0000000000
2778 -1800.0000000000
2809 -1799.0000000000
2823 -1798.0000000000
2903 -1797.0000000000
2938 -1795.0000000000
2976 -1794.0000000000
2977 -1793.0000000000
3064 -1792.0000000000
3095 -1791.0000000000
3103 -1790.0000000000
3136 -1788.0000000000
3179 -1787.0000000000
3198 -1786.0000000000
3230 -1785.0000000000
3244 -1784.0000000000
3258 -1783.0000000000
3286 -1781.0000000000
3335 -1780.0000000000
3361 -1779.0000000000
3396 -1778.0000000000
3438 -1777.0000000000
3473 -1775.0000000000
3509 -1774.0000000000
3541 -1773.0000000000
3563 -1772.0000000000
3602 -1771.0000000000
3620 -1770.0000000000
3630 -1769.0000000000
3675 -1768.0000000000
3734 -1766.0000000000
3757 -1765.0000000000
3769 -1763.0000000000
3781 -1762.0000000000
3852 -1761.0000000000
3864 -1760.0000000000
3876 -1759.0000000000
3878 -1757.0000000000
3929 -1756.0000000000
3994 -1755.0000000000
4019 -1753.0000000000
4049 -1752.0000000000
4093 -1750.0000000000
4152 -1749.0000000000
4166 -1748.0000000000
4169 -1747.0000000000
4219 -1745.0000000000
4287 -1743.0000000000
4337 -1742.0000000000
4340 -1741.0000000000
4354 -1740.0000000000
4377 -1739.0000000000
4392 -1738.0000000000
4408 -1736.0000000000
4463 -1735.0000000000
4505 -1734.0000000000
4526 -1733.0000000000
4562 -1732.0000000000
4602 -1731.0000000000
4605 -1730.0000000000
4654 -1728.0000000000
4679 -1727.0000000000
4747 -1725.0000000000
4766 -1724.0000000000
4787 -1723.0000000000
4834 -1722.0000000000
4861 -1720.0000000000
4881 -1719.0000000000
4884 -1716.0000000000
4970 -1715.0000000000
5030 -1714.0000000000
5057 -1713.0000000000
5077 -1712.0000000000
5115 -1710.0000000000
5158 -1709.0000000000
5189 -1708.0000000000
5231 -1707.0000000000
5245 -1706.0000000000
5305 -1705.0000000000
5313 -1704.0000000000
5350 -1703.0000000000
5360 -1702.0000000000
5383 -1701.0000000000
5436 -1700.0000000000
5451 -1696.0000000000
5487 -1695.0000000000
5564 -1692.0000000000
5566 -1691.0000000000
5581 -1690.0000000000
5596 -1689.0000000000
5632 -1687.0000000000
5691 -1685.0000000000
5723 -1684.0000000000
5732 -1683.0000000000
5760 -1682.0000000000
5817 -1681.0000000000
5867 -1680.0000000000
5892 -1678.0000000000
5949 -1677.0000000000
5981 -1676.0000000000
6008 -1675.0000000000
6023 -1674.0000000000
6031 -1673.0000000000
6076 -1672.0000000000
6077 -1671.0000000000
6133 -1670.0000000000
6166 -1669.0000000000
6176 -1668.0000000000
6188 -1665.0000000000
6190 -1663.0000000000
6263 -1662.0000000000
6269 -1661.0000000000
6297 -1660.0000000000
6300 -1659.0000000000
6330 -1658.0000000000
6373 -1657.0000000000
6391 -1656.0000000000
6394 -1655.0000000000
6418 -1654.0000000000
6433 -1653.0000000000
6443 -1652.0000000000
6484 -1651.0000000000
6496 -1650.0000000000
6505 -1649.0000000000
6506 -1648.0000000000
6552 -1647.0000000000
6564 -1646.0000000000
6578 -1645.0000000000
6619 -1644.0000000000
6645 -1642.0000000000
6695 -1641.0000000000
6754 -1640.0000000000
6756 -1639.0000000000
6774 -1638.0000000000
6827 -1637.0000000000
6882 -1636.0000000000
6913 -1634.0000000000
6933 -1633.0000000000
6964 -1632.0000000000
7000 -1631.0000000000
7063 -1629.0000000000
7082 -1628.0000000000
7093 -1626.0000000000
7155 -1625.0000000000
7197 -1624.0000000000
7222 -1623.0000000000
7259 -1622.0000000000
7281 -1620.0000000000
7308 -1619.0000000000
7327 -1616.0000000000
7338 -1614.0000000000
7340 -1613.0000000000
7357 -1611.0000000000
7385 -1610.0000000000
7396 -1609.0000000000
7442 -1608.0000000000
7478 -1607.0000000000
7490 -1606.0000000000
7553 -1605.0000000000
7607 -1604.0000000000
7613 -1603.0000000000
7637 -1602.0000000000
7642 -1601.0000000000
7716 -1600.0000000000
7720 -1599.0000000000
7728 -1598.0000000000
7750 -1597.0000000000
7811 -1596.0000000000
7817 -1595.0000000000
7877 -1594.0000000000
7884 -1593.0000000000
7929 -1592.0000000000
7958 -1591.0000000000
7973 -1588.0000000000
8065 -1587.0000000000
8077 -1586.0000000000
8088 -1585.0000000000
8116 -1583.0000000000
8162 -1582.0000000000
8215 -1581.0000000000
8223 -1580.0000000000
8225 -1579.0000000000
8258 -1578.0000000000
8288 -1577.0000000000
8313 -1575.0000000000
8337 -1574.0000000000
8408 -1572.0000000000
8467 -1571.0000000000
8510 -1570.0000000000
8566 -1568.0000000000
8603 -1567.0000000000
8629 -1566.0000000000
8630 -1564.0000000000
8676 -1563.0000000000
8715 -1562.0000000000
8731 -1560.0000000000
8795 -1559.0000000000
8846 -1558.0000000000
8892 -1557.0000000000
8922 -1556.0000000000
9008 -1555.0000000000
9022 -1554.0000000000
9053 -1552.0000000000
9144 -1550.0000000000
9212 -1548.0000000000
9274 -1547.0000000000
9292 -1545.0000000000
9361 -1544.0000000000
9363 -1543.0000000000
9426 -1542.0000000000
9473 -1541.0000000000
9493 -1539.0000000000
9539 -1538.0000000000
9552 -1537.0000000000
9589 -1535.0000000000
9648 -1534.0000000000
9657 -1533.0000000000
9684 -1532.0000000000
9737 -1531.0000000000
9763 -1530.0000000000
9781 -1529.0000000000
9789 -1528.0000000000
9835 -1527.0000000000
9845 -1526.0000000000
9889 -1525.0000000000
9935 -1523.0000000000
10002 -1522.0000000000
10012 -1521.0000000000
10050 -1522.0000000000
evaluations raw_y
1 -1943.0000000000
4 -1930.0000000000
8 -1901.0000000000
120 -1899.0000000000
172 -1898.0000000000
196 -1897.0000000000
213 -1896.0000000000
276 -1894.0000000000
315 -1893.0000000000
344 -1892.0000000000
357 -1891.0000000000
371 -1890.0000000000
397 -1889.0000000000
420 -1886.0000000000
478 -1885.0000000000
498 -1884.0000000000
511 -1883.0000000000
577 -1881.0000000000
621 -1879.0000000000
657 -1878.0000000000
659 -1877.0000000000
700 -1876.0000000000
742 -1875.0000000000
774 -1874.0000000000
778 -1872.0000000000
782 -1871.0000000000
843 -1870.0000000000
872 -1869.0000000000
893 -1866.0000000000
903 -1865.0000000000
937 -1863.0000000000
939 -1861.0000000000
985 -1860.0000000000
1036 -1859.0000000000
1057 -1858.0000000000
1067 -1856.0000000000
1164 -1855.0000000000
1182 -1854.0000000000
1192 -1853.0000000000
1262 -1852.0000000000
1290 -1851.0000000000
1312 -1850.0000000000
1345 -1848.0000000000
1405 -1847.0000000000
1407 -1846.0000000000
1425 -1845.0000000000
1430 -1843.0000000000
1500 -1842.0000000000
1516 -1841.0000000000
1550 -1840.0000000000
1586 -1838.0000000000
1607 -1837.0000000000
1609 -1836.0000000000
1626 -1835.0000000000
1637 -1834.0000000000
1641 -1833.0000000000
1652 -1832.0000000000
1663 -1831.0000000000
1680 -1830.0000000000
1703 -1829.0000000000
1709 -1827.0000000000
1749 -1826.0000000000
1779 -1825.0000000000
1844 -1824.0000000000
1858 -1823.0000000000
1917 -1822.0000000000
1945 -1821.0000000000
1956 -1820.0000000000
1975 -1818.0000000000
2044 -1817.0000000000
2061 -1815.0000000000
2107 -1814.0000000000
2148 -1813.0000000000
2184 -1812.0000000000
2234 -1811.0000000000
2257 -1810.0000000000
2268 -1808.0000000000
2333 -1807.0000000000
2394 -1805.0000000000
2427 -1801.0000000000
2460 -1800.0000000000
2485 -1799.0000000000
2531 -1798.0000000000
2566 -1796.0000000000
2612 -1794.0000000000
2617 -1792.0000000000
2746 -1791.0000000000
2778 -1790.0000000000
2796 -1789.0000000000
2827 -1788.0000000000
2858 -1786.0000000000
2871 -1785.0000000000
2905 -1784.0000000000
2907 -1783.0000000000
2954 -1782.0000000000
2974 -1781.0000000000
2992 -1779.0000000000
3045 -1778.0000000000
3060 -1777.0000000000
3091 -1775.0000000000
3136 -1774.0000000000
3172 -1772.0000000000
3186 -1771.0000000000
3187 -1769.0000000000
3189 -1767.0000000000
3196 -1766.0000000000
3233 -1765.0000000000
3282 -1764.0000000000
3301 -1763.0000000000
3316 -1762.0000000000
3331 -1761.0000000000
3339 -1758.0000000000
3369 -1757.0000000000
3414 -1756.0000000000
3431 -1755.0000000000
3469 -1752.0000000000
3556 -1751.0000000000
3585 -1750.0000000000
3644 -1749.0000000000
3645 -1748.0000000000
3668 -1747.0000000000
3708 -1746.0000000000
3727 -1745.0000000000
3733 -1744.0000000000
3785 -1743.0000000000
3871 -1742.0000000000
3886 -1741.0000000000
3902 -1740.0000000000
3922 -1739.0000000000
4009 -1737.0000000000
4046 -1736.0000000000
4073 -1735.0000000000
4077 -1734.0000000000
4096 -1732.0000000000
4151 -1731.0000000000
4186 -1730.0000000000
4217 -1729.0000000000
4221 -1728.0000000000
4261 -1727.0000000000
4298 -1726.0000000000
4314 -1725.0000000000
4350 -1723.0000000000
4361 -1722.0000000000
4369 -1721.0000000000
4434 -1719.0000000000
4458 -1718.0000000000
4490 -1717.0000000000
4500 -1716.0000000000
4599 -1715.0000000000
4609 -1714.0000000000
4638 -1713.0000000000
4648 -1712.0000000000
4684 -1711.0000000000
4716 -1710.0000000000
4734 -1709.0000000000
4778 -1708.0000000000
4806 -1707.0000000000
4811 -1706.0000000000
4852 -1705.0000000000
4890 -1704.0000000000
4897 -1703.0000000000
4917 -1702.0000000000
4956 -1701.0000000000
4970 -1700.0000000000
4982 -1699.0000000000
5006 -1698.0000000000
5011 -1697.0000000000
5053 -1696.0000000000
5076 -1695.0000000000
5107 -1694.0000000000
5133 -1693.0000000000
5180 -1691.0000000000
5216 -1690.0000000000
5270 -1689.0000000000
5287 -1688.0000000000
5345 -1687.0000000000
5384 -1686.0000000000
5419 -1685.0000000000
5480 -1683.0000000000
5515 -1682.0000000000
5537 -1681.0000000000
5546 -1680.0000000000
5585 -1679.0000000000
5653 -1678.0000000000
5683 -1677.0000000000
5732 -1675.0000000000
5775 -1674.0000000000
5838 -1673.0000000000
5852 -1672.0000000000
5880 -1671.0000000000
5916 -1670.0000000000
5961 -1669.0000000000
6030 -1668.0000000000
6062 -1667.0000000000
6088 -1665.0000000000
6128 -1664.0000000000
6188 -1663.0000000000
6221 -1662.0000000000
6233 -1661.0000000000
6281 -1660.0000000000
6298 -1659.0000000000
6339 -1657.0000000000
6396 -1656.0000000000
6432 -1654.0000000000
6470 -1653.0000000000
6484 -1652.0000000000
6509 -1651.0000000000
6523 -1650.0000000000
6573 -1649.0000000000
6588 -1648.0000000000
6596 -1647.0000000000
6625 -1646.0000000000
6659 -1645.0000000000
6712 -1644.0000000000
6729 -1642.0000000000
6771 -1641.0000000000
6822 -1640.0000000000
6833 -1639.0000000000
6883 -1638.0000000000
6946 -1636.0000000000
6959 -1635.0000000000
7012 -1634.0000000000
7013 -1633.0000000000
7017 -1632.0000000000
7068 -1630.0000000000
7100 -1629.0000000000
7131 -1628.0000000000
7134 -1627.0000000000
7184 -1626.0000000000
7196 -1625.0000000000
7200 -1624.0000000000
7253 -1623.0000000000
7319 -1622.0000000000
7347 -1621.0000000000
7357 -1620.0000000000
7419 -1619.0000000000
7449 -1618.0000000000
7452 -1617.0000000000
7461 -1616.0000000000
7507 -1615.0000000000
7538 -1614.0000000000
7554 -1613.0000000000
7612 -1611.0000000000
7644 -1610.0000000000
7649 -1609.0000000000
7682 -1608.0000000000
7714 -1607.0000000000
7778 -1606.0000000000
7794 -1605.0000000000
7811 -1604.0000000000
7820 -1603.0000000000
7822 -1602.0000000000
7870 -1601.0000000000
7877 -1600.0000000000
7931 -1599.0000000000
7975 -1598.0000000000
7983 -1596.0000000000
8071 -1595.0000000000
8089 -1594.0000000000
8106 -1592.0000000000
8172 -1591.0000000000
8184 -1590.0000000000
8202 -1589.0000000000
8222 -1588.0000000000
8269 -1587.0000000000
8313 -1586.0000000000
8342 -1585.0000000000
8389 -1584.0000000000
8447 -1583.0000000000
8448 -1582.0000000000
8488 -1581.0000000000
8521 -1580.0000000000
8543 -1579.0000000000
8599 -1578.0000000000
8606 -1577.0000000000
8634 -1576.0000000000
8642 -1575.0000000000
8676 -1574.0000000000
8690 -1573.0000000000
8704 -1572.0000000000
8762 -1571.0000000000
8764 -1570.0000000000
8834 -1569.0000000000
8853 -1567.0000000000
8896 -1566.0000000000
8930 -1565.0000000000
8941 -1563.0000000000
8964 -1562.0000000000
9025 -1561.0000000000
9049 -1560.0000000000
9075 -1559.0000000000
9124 -1558.0000000000
9133 -1557.0000000000
9181 -1556.0000000000
9233 -1555.0000000000
9282 -1554.0000000000
9338 -1553.0000000000
9354 -1552.0000000000
9367 -1551.0000000000
9405 -1550.0000000000
9443 -1549.0000000000
9466 -1548.0000000000
9528 -1547.0000000000
9543 -1546.0000000000
9572 -1544.0000000000
9578 -1542.0000000000
9658 -1541.0000000000
9698 -1539.0000000000
9785 -1538.0000000000
9786 -1537.0000000000
9846 -1535.0000000000
9878 -1534.0000000000
9922 -1533.0000000000
9936 -1532.0000000000
9972 -1531.0000000000
10006 -1528.0000000000
10050 -1530.0000000000
evaluations raw_y
1 -1936.0000000000
3 -1929.0000000000
9 -1925.0000000000
21 -1916.0000000000
33 -1883.0000000000
106 -1882.0000000000
129 -1881.0000000000
151 -1879.0000000000
160 -1878.0000000000
165 -1877.0000000000
203 -1876.0000000000
233 -1875.0000000000
266 -1874.0000000000
291 -1872.0000000000
335 -1871.0000000000
382 -1870.0000000000
392 -1869.0000000000
398 -1868.0000000000
424 -1865.0000000000
490 -1864.0000000000
530 -1863.0000000000
558 -1862.0000000000
576 -1861.0000000000
629 -1860.0000000000
631 -1858.0000000000
663 -1857.0000000000
725 -1856.0000000000
765 -1855.0000000000
790 -1853.0000000000
832 -1852.0000000000
873 -1851.0000000000
923 -1850.0000000000
972 -1849.0000000000
980 -1848.0000000000
992 -1847.0000000000
1036 -1846.0000000000
1094 -1845.0000000000
1115 -1844.0000000000
1142 -1843.0000000000
1183 -1842.0000000000
1248 -1841.0000000000
1273 -1840.0000000000
1303 -1839.0000000000
1350 -1837.0000000000
1360 -1836.0000000000
1369 -1835.0000000000
1377 -1834.0000000000
1410 -1833.0000000000
1444 -1832.0000000000
1512 -1829.0000000000
1546 -1828.0000000000
1572 -1827.0000000000
1623 -1826.0000000000
1666 -1825.0000000000
1680 -1824.0000000000
1689 -1823.0000000000
1761 -1821.0000000000
1764 -1820.0000000000
1781 -1819.0000000000
1836 -1818.0000000000
1856 -1817.0000000000
1922 -1815.0000000000
1983 -1814.0000000000
2021 -1813.0000000000
2038 -1812.0000000000
2057 -1811.0000000000
2105 -1809.0000000000
2119 -1808.0000000000
2144 -1807.0000000000
2179 -1806.0000000000
2193 -1804.0000000000
2242 -1803.0000000000
2288 -1801.0000000000
2296 -1800.0000000000
2324 -1799.0000000000
2362 -1798.0000000000
2405 -1795.0000000000
2456 -1793.0000000000
2511 -1792.0000000000
2517 -1791.0000000000
2548 -1790.0000000000
2572 -1788.0000000000
2635 -1787.0000000000
2654 -1785.0000000000
2665 -1784.0000000000
2735 -1782.0000000000
2819 -1781.0000000000
2845 -1780.0000000000
2851 -1779.0000000000
2864 -1778.0000000000
2893 -1777.0000000000
2902 -1775.0000000000
2940 -1774.0000000000
3005 -1773.0000000000
3025 -1772.0000000000
3065 -1771.0000000000
3112 -1770.0000000000
3134 -1769.0000000000
3174 -1768.0000000000
3180 -1767.0000000000
3217 -1766.0000000000
3245 -1765.0000000000
3282 -1764.0000000000
3290 -1763.0000000000
3293 -1762.0000000000
3305 -1761.0000000000
3376 -1760.0000000000
3398 -1759.0000000000
3466 -1758.0000000000
3476 -1757.0000000000
3504 -1756.0000000000
3532 -1754.0000000000
3562 -1753.0000000000
3625 -1752.0000000000
3652 -1751.0000000000
3722 -1750.0000000000
3739 -1749.0000000000
3766 -1748.0000000000
3782 -1747.0000000000
3825 -1746.0000000000
3859 -1744.0000000000
3918 -1743.0000000000
3923 -1742.0000000000
3964 -1741.0000000000
3992 -1740.0000000000
4010 -1739.0000000000
4045 -1738.0000000000
4083 -1737.0000000000
4137 -1736.0000000000
4159 -1735.0000000000
4185 -1734.0000000000
4194 -1731.0000000000
4217 -1730.0000000000
4264 -1729.0000000000
4302 -1728.0000000000
4331 -1726.0000000000
4388 -1725.0000000000
4420 -1723.0000000000
4480 -1721.0000000000
4538 -1720.0000000000
4587 -1719.0000000000
4588 -1718.0000000000
4644 -1717.0000000000
4677 -1716.0000000000
4717 -1715.0000000000
4745 -1713.0000000000
4783 -1712.0000000000
4816 -1711.0000000000
4834 -1709.0000000000
4847 -1708.0000000000
4879 -1707.0000000000
4950 -1706.0000000000
4957 -1705.0000000000
4981 -1704.0000000000
4990 -1703.0000000000
5000 -1701.0000000000
5043 -1700.0000000000
5050 -1699.0000000000
5058 -1698.0000000000
5059 -1697.0000000000
5086 -1696.0000000000
5111 -1695.0000000000
5132 -1694.0000000000
5146 -1692.0000000000
5167 -1689.0000000000
5202 -1688.0000000000
5219 -1687.0000000000
5264 -1686.0000000000
5282 -1685.0000000000
5320 -1684.0000000000
5343 -1683.0000000000
5403 -1682.0000000000
5404 -1681.0000000000
5467 -1680.0000000000
5485 -1679.0000000000
5543 -1677.0000000000
5578 -1676.0000000000
5605 -1674.0000000000
5668 -1673.0000000000
5730 -1672.0000000000
5731 -1671.0000000000
5780 -1670.0000000000
5790 -1669.0000000000
5820 -1668.0000000000
5882 -1667.0000000000
5896 -1665.0000000000
5961 -1663.0000000000
5993 -1662.0000000000
6044 -1661.0000000000
6071 -1660.0000000000
6096 -1659.0000000000
6124 -1658.0000000000
6152 -1657.0000000000
6209 -1656.0000000000
6226 -1655.0000000000
6246 -1653.0000000000
6267 -1652.0000000000
6340 -1650.0000000000
6403 -1649.0000000000
6405 -1648.0000000000
6450 -1647.0000000000
6464 -1646.0000000000
6476 -1644.0000000000
6516 -1643.0000000000
6548 -1642.0000000000
6584 -1641.0000000000
6601 -1640.0000000000
6642 -1639.0000000000
6652 -1638.0000000000
6693 -1637.0000000000
6727 -1636.0000000000
6732 -1634.0000000000
6772 -1633.0000000000
6833 -1632.0000000000
6869 -1631.0000000000
6880 -1630.0000000000
6894 -1629.0000000000
6914 -1628.0000000000
6933 -1626.0000000000
6954 -1625.0000000000
6979 -1624.0000000000
6986 -1623.0000000000
7015 -1622.0000000000
7039 -1621.0000000000
7085 -1620.0000000000
7107 -1619.0000000000
7144 -1618.0000000000
7185 -1617.0000000000
7231 -1616.0000000000
7265 -1615.0000000000
7292 -1614.0000000000
7306 -1613.0000000000
7339 -1612.0000000000
7357 -1611.0000000000
7370 -1610.0000000000
7373 -1609.0000000000
7423 -1607.0000000000
7462 -1605.0000000000
7479 -1603.0000000000
7547 -1602.0000000000
7588 -1601.0000000000
7595 -1599.0000000000
7646 -1598.0000000000
7671 -1597.0000000000
7687 -1595.0000000000
7780 -1594.0000000000
7815 -1593.0000000000
7865 -1592.0000000000
7900 -1591.0000000000
7904 -1590.0000000000
7956 -1589.0000000000
7974 -1588.0000000000
8038 -1586.0000000000
8086 -1585.0000000000
8134 -1583.0000000000
8194 -1582.0000000000
8252 -1581.0000000000
8271 -1580.0000000000
8317 -1579.0000000000
8323 -1578.0000000000
8332 -1577.0000000000
8336 -1576.0000000000
8376 -1575.0000000000
8413 -1573.0000000000
8508 -1570.0000000000
8576 -1569.0000000000
8580 -1568.0000000000
8615 -1566.0000000000
8676 -1565.0000000000
8724 -1564.0000000000
8762 -1563.0000000000
8784 -1562.0000000000
8823 -1561.0000000000
8877 -1560.0000000000
8905 -1559.0000000000
8928 -1558.0000000000
8933 -1557.0000000000
8961 -1556.0000000000
8988 -1555.0000000000
9038 -1554.0000000000
9096 -1553.0000000000
9105 -1552.0000000000
9122 -1551.0000000000
9210 -1550.0000000000
9231 -1549.0000000000
9251 -1548.0000000000
9312 -1547.0000000000
9338 -1546.0000000000
9353 -1545.0000000000
9394 -1544.0000000000
9420 -1543.0000000000
9436 -1542.0000000000
9512 -1541.0000000000
9557 -1540.0000000000
9588 -1539.0000000000
9600 -1538.0000000000
9671 -1537.0000000000
9706 -1536.0000000000
9714 -1535.0000000000
9725 -1534.0000000000
9773 -1533.0000000000
9804 -1532.0000000000
9816 -1531.0000000000
9879 -1530.0000000000
9896 -1529.0000000000
9898 -1527.0000000000
9975 -1526.0000000000
10029 -1525.0000000000
10049 -1524.0000000000
10050 -1527.0000000000
evaluations raw_y
1 -1937.0000000000
9 -1928.0000000000
21 -1923.0000000000
23 -1896.0000000000
36 -1895.0000000000
102 -1894.0000000000
118 -1893.0000000000
157 -1892.0000000000
198 -1891.0000000000
199 -1890.0000000000
216 -1889.0000000000
273 -1888.0000000000
301 -1887.0000000000
310 -1886.0000000000
315 -1884.0000000000
343 -1883.0000000000
368 -1882.0000000000
389 -1881.0000000000
409 -1880.0000000000
435 -1879.0000000000
441 -1878.0000000000
514 -1876.0000000000
517 -1873.0000000000
539 -1872.0000000000
591 -1870.0000000000
623 -1869.0000000000
648 -1868.0000000000
660 -1867.0000000000
703 -1865.0000000000
725 -1864.0000000000
761 -1863.0000000000
771 -1862.0000000000
822 -1861.0000000000
828 -1860.0000000000
894 -1859.0000000000
905 -1858.0000000000
933 -1856.0000000000
973 -1855.0000000000
1019 -1854.0000000000
1049 -1853.0000000000
1064 -1852.0000000000
1084 -1851.0000000000
1105 -1850.0000000000
1111 -1848.0000000000
1193 -1846.0000000000
1251 -1845.0000000000
1311 -1844.0000000000
1342 -1843.0000000000
1357 -1841.0000000000
1370 -1840.0000000000
1406 -1839.0000000000
1435 -1838.0000000000
1501 -1837.0000000000
1505 -1836.0000000000
1556 -1835.0000000000
1559 -1834.0000000000
1598 -1833.0000000000
1600 -1832.0000000000
1618 -1831.0000000000
1644 -1830.0000000000
1658 -1829.0000000000
1709 -1828.0000000000
1714 -1826.0000000000
1781 -1825.0000000000
1821 -1824.0000000000
1832 -1823.0000000000
1846 -1822.0000000000
1912 -1821.0000000000
1935 -1820.0000000000
1967 -1819.0000000000
1987 -1818.0000000000
2036 -1817.0000000000
2062 -1816.0000000000
2107 -1815.0000000000
2146 -1814.0000000000
2157 -1812.0000000000
2204 -1811.0000000000
2222 -1810.0000000000
2230 -1809.0000000000
2235 -1807.0000000000
2286 -1806.0000000000
2342 -1805.0000000000
2350 -1804.0000000000
2365 -1802.0000000000
2463 -1801.0000000000
2497 -1800.0000000000
2509 -1797.0000000000
2547 -1795.0000000000
2617 -1794.0000000000
2642 -1793.0000000000
2712 -1792.0000000000
2749 -1791.0000000000
2771 -1790.0000000000
2815 -1789.0000000000
2825 -1787.0000000000
2867 -1785.0000000000
2891 -1784.0000000000
2974 -1783.0000000000
3000 -1782.0000000000
3031 -1780.0000000000
3120 -1779.0000000000
3142 -1777.0000000000
3152 -1776.0000000000
3219 -1775.0000000000
3225 -1774.0000000000
3303 -1773.0000000000
3323 -1771.0000000000
3346 -1770.0000000000
3403 -1769.0000000000
3436 -1767.0000000000
3486 -1765.0000000000
3500 -1764.0000000000
3509 -1763.0000000000
3581 -1762.0000000000
3598 -1760.0000000000
3649 -1758.0000000000
3714 -1757.0000000000
3745 -1756.0000000000
3779 -1755.0000000000
3802 -1754.0000000000
3867 -1752.0000000000
3898 -1750.0000000000
3942 -1749.0000000000
3995 -1748.0000000000
4014 -1747.0000000000
4074 -1746.0000000000
4107 -1745.0000000000
4140 -1744.0000000000
4148 -1743.0000000000
4173 -1742.0000000000
4202 -1741.0000000000
4209 -1740.0000000000
4252 -1739.0000000000
4259 -1737.0000000000
4353 -1736.0000000000
4361 -1735.0000000000
4400 -1734.0000000000
4418 -1733.0000000000
4497 -1732.0000000000
4512 -1731.0000000000
4527 -1730.0000000000
4543 -1729.0000000000
4569 -1728.0000000000
4603 -1727.0000000000
4649 -1726.0000000000
4650 -1725.0000000000
4703 -1724.0000000000
4718 -1723.0000000000
4756 -1722.0000000000
4798 -1721.0000000000
4822 -1720.0000000000
4859 -1718.0000000000
4921 -1717.0000000000
4927 -1716.0000000000
4954 -1715.0000000000
4991 -1714.0000000000
5051 -1713.0000000000
5054 -1712.0000000000
5069 -1711.0000000000
5073 -1710.0000000000
5096 -1709.0000000000
5137 -1708.0000000000
5158 -1707.0000000000
5208 -1706.0000000000
5233 -1705.0000000000
5248 -1703.0000000000
5269 -1702.0000000000
5341 -1701.0000000000
5384 -1699.0000000000
5416 -1698.0000000000
5456 -1697.0000000000
5466 -1696.0000000000
5530 -1695.0000000000
5535 -1694.0000000000
5591 -1693.0000000000
5608 -1692.0000000000
5682 -1691.0000000000
5683 -1690.0000000000
5684 -1689.0000000000
5731 -1688.0000000000
5764 -1686.0000000000
5804 -1685.0000000000
5833 -1684.0000000000
5852 -1683.0000000000
5853 -1679.0000000000
5881 -1678.0000000000
5893 -1677.0000000000
5923 -1676.0000000000
5950 -1675.0000000000
6009 -1672.0000000000
6035 -1671.0000000000
6044 -1669.0000000000
6070 -1668.0000000000
6126 -1667.0000000000
6135 -1666.0000000000
6136 -1665.0000000000
6170 -1664.0000000000
6227 -1663.0000000000
6231 -1661.0000000000
6271 -1660.0000000000
6306 -1659.0000000000
6332 -1658.0000000000
6362 -1657.0000000000
6387 -1656.0000000000
6394 -1655.0000000000
6397 -1654.0000000000
6419 -1653.0000000000
6507 -1652.0000000000
6527 -1651.0000000000
6537 -1650.0000000000
6545 -1649.0000000000
6549 -1648.0000000000
6592 -1647.0000000000
6659 -1646.0000000000
6672 -1645.0000000000
6705 -1644.0000000000
6747 -1643.0000000000
6793 -1642.0000000000
6825 -1641.0000000000
6845 -1640.0000000000
6859 -1639.0000000000
6931 -1638.0000000000
6939 -1636.0000000000
6976 -1634.0000000000
7066 -1633.0000000000
7089 -1632.0000000000
7133 -1631.0000000000
7198 -1630.0000000000
7203 -1629.0000000000
7233 -1628.0000000000
7246 -1626.0000000000
7265 -1624.0000000000
7279 -1623.0000000000
7331 -1622.0000000000
7333 -1621.0000000000
7390 -1620.0000000000
7436 -1619.0000000000
7441 -1618.0000000000
7485 -1617.0000000000
7495 -1616.0000000000
7518 -1615.0000000000
7558 -1614.0000000000
7582 -1613.0000000000
7629 -1612.0000000000
7688 -1611.0000000000
7761 -1609.0000000000
7811 -1608.0000000000
7840 -1607.0000000000
7855 -1606.0000000000
7867 -1605.0000000000
7872 -1604.0000000000
7878 -1603.0000000000
7930 -1601.0000000000
7956 -1600.0000000000
8017 -1599.0000000000
8047 -1598.0000000000
8056 -1597.0000000000
8080 -1596.0000000000
8099 -1595.0000000000
8125 -1594.0000000000
8167 -1593.0000000000
8177 -1592.0000000000
8207 -1591.0000000000
8218 -1590.0000000000
8319 -1589.0000000000
8355 -1587.0000000000
8415 -1586.0000000000
8457 -1585.0000000000
8514 -1584.0000000000
8543 -1583.0000000000
8581 -1582.0000000000
8593 -1581.0000000000
8624 -1580.0000000000
8652 -1579.0000000000
8721 -1578.0000000000
8743 -1577.0000000000
8793 -1576.0000000000
8852 -1575.0000000000
8880 -1574.0000000000
8907 -1573.0000000000
8948 -1572.0000000000
8972 -1571.0000000000
9028 -1570.0000000000
9076 -1569.0000000000
9078 -1568.0000000000
9123 -1566.0000000000
9126 -1565.0000000000
9171 -1564.0000000000
9202 -1563.0000000000
9203 -1562.0000000000
9221 -1561.0000000000
9234 -1559.0000000000
9238 -1558.0000000000
9276 -1557.0000000000
9315 -1556.0000000000
9381 -1555.0000000000
9398 -1554.0000000000
9466 -1552.0000000000
9544 -1551.0000000000
9592 -1550.0000000000
9620 -1549.0000000000
9626 -1546.0000000000
9722 -1545.0000000000
9793 -1544.0000000000
9829 -1543.0000000000
9846 -1542.0000000000
9850 -1541.0000000000
9937 -1540.0000000000
9957 -1538.0000000000
9968 -1535.0000000000
10041 -1533.0000000000
10050 -1541.0000000000
evaluations raw_y
1 -1951.0000000000
4 -1950.0000000000
9 -1946.0000000000
22 -1940.0000000000
29 -1914.0000000000
129 -1913.0000000000
160 -1912.0000000000
183 -1911.0000000000
198 -1910.0000000000
203 -1909.0000000000
242 -1908.0000000000
247 -1907.0000000000
284 -1906.0000000000
299 -1905.0000000000
321 -1903.0000000000
325 -1902.0000000000
370 -1901.0000000000
388 -1900.0000000000
408 -1898.0000000000
479 -1897.0000000000
508 -1896.0000000000
525 -1895.0000000000
543 -1894.0000000000
586 -1893.0000000000
620 -1892.0000000000
649 -1891.0000000000
663 -1890.0000000000
677 -1888.0000000000
762 -1887.0000000000
781 -1885.0000000000
803 -1884.0000000000
843 -1883.0000000000
874 -1881.0000000000
882 -1880.0000000000
915 -1879.0000000000
952 -1878.0000000000
999 -1877.0000000000
1003 -1874.0000000000
1071 -1872.0000000000
1107 -1870.0000000000
1152 -1868.0000000000
1202 -1866.0000000000
1215 -1865.0000000000
1233 -1864.0000000000
1272 -1863.0000000000
1279 -1862.0000000000
1316 -1861.0000000000
1346 -1860.0000000000
1348 -1859.0000000000
1370 -1857.0000000000
1427 -1855.0000000000
1433 -1852.0000000000
1458 -1851.0000000000
1464 -1850.0000000000
1474 -1849.0000000000
1540 -1848.0000000000
1590 -1845.0000000000
1627 -1844.0000000000
1665 -1843.0000000000
1686 -1842.0000000000
1708 -1841.0000000000
1716 -1839.0000000000
1765 -1838.0000000000
1801 -1837.0000000000
1845 -1836.0000000000
1859 -1835.0000000000
1916 -1833.0000000000
1958 -1831.0000000000
2022 -1830.0000000000
2046 -1829.0000000000
2065 -1828.0000000000
2071 -1827.0000000000
2124 -1826.0000000000
2133 -1825.0000000000
2156 -1823.0000000000
2210 -1822.0000000000
2225 -1821.0000000000
2258 -1820.0000000000
2293 -1819.0000000000
2348 -1817.0000000000
2389 -1816.0000000000
2394 -1815.0000000000
2422 -1814.0000000000
2436 -1813.0000000000
2479 -1812.0000000000
2516 -1811.0000000000
2559 -1810.0000000000
2572 -1809.0000000000
2574 -1808.0000000000
2588 -1807.0000000000
2634 -1806.0000000000
2668 -1805.0000000000
2723 -1804.0000000000
2742 -1803.0000000000
2749 -1802.0000000000
2807 -1801.0000000000
2808 -1800.0000000000
2809 -1799.0000000000
2840 -1798.0000000000
2859 -1797.0000000000
2896 -1796.0000000000
2927 -1795.0000000000
2933 -1794.0000000000
2946 -1793.0000000000
2973 -1792.0000000000
3003 -1790.0000000000
3020 -1789.0000000000
3069 -1787.0000000000
3100 -1786.0000000000
3126 -1785.0000000000
3127 -1784.0000000000
3171 -1783.0000000000
3207 -1782.0000000000
3265 -1780.0000000000
3271 -1779.0000000000
3325 -1778.0000000000
3351 -1777.0000000000
3369 -1776.0000000000
3405 -1775.0000000000
3431 -1773.0000000000
3470 -1772.0000000000
3494 -1771.0000000000
3501 -1770.0000000000
3528 -1769.0000000000
3554 -1768.0000000000
3607 -1766.0000000000
3613 -1765.0000000000
3698 -1764.0000000000
3725 -1762.0000000000
3744 -1760.0000000000
3765 -1759.0000000000
3823 -1758.0000000000
3828 -1757.0000000000
3877 -1756.0000000000
3888 -1755.0000000000
3936 -1754.0000000000
3976 -1753.0000000000
3983 -1752.0000000000
3992 -1751.0000000000
4130 -1750.0000000000
4164 -1749.0000000000
4179 -1748.0000000000
4182 -1747.0000000000
4199 -1746.0000000000
4223 -1745.0000000000
4245 -1744.0000000000
4287 -1743.0000000000
4314 -1742.0000000000
4320 -1740.0000000000
4337 -1739.0000000000
4409 -1738.0000000000
4464 -1737.0000000000
4474 -1735.0000000000
4477 -1734.0000000000
4496 -1733.0000000000
4517 -1732.0000000000
4532 -1730.0000000000
4534 -1729.0000000000
4590 -1728.0000000000
4641 -1726.0000000000
4695 -1724.0000000000
4736 -1723.0000000000
4738 -1722.0000000000
4804 -1721.0000000000
4842 -1719.0000000000
4865 -1718.0000000000
4890 -1717.0000000000
4956 -1716.0000000000
4983 -1715.0000000000
5005 -1714.0000000000
5017 -1713.0000000000
5073 -1711.0000000000
5115 -1710.0000000000
5127 -1709.0000000000
5135 -1708.0000000000
5161 -1707.0000000000
5207 -1706.0000000000
5236 -1705.0000000000
5280 -1704.0000000000
5303 -1703.0000000000
5344 -1702.0000000000
5365 -1701.0000000000
5383 -1700.0000000000
5435 -1699.0000000000
5472 -1698.0000000000
5499 -1697.0000000000
5502 -1696.0000000000
5540 -1695.0000000000
5574 -1694.0000000000
5600 -1693.0000000000
5610 -1690.0000000000
5674 -1689.0000000000
5740 -1688.0000000000
5760 -1687.0000000000
5769 -1686.0000000000
5818 -1684.0000000000
5841 -1683.0000000000
5876 -1682.0000000000
5913 -1680.0000000000
5938 -1679.0000000000
5971 -1678.0000000000
6007 -1677.0000000000
6029 -1676.0000000000
6060 -1675.0000000000
6073 -1674.0000000000
6093 -1673.0000000000
6117 -1672.0000000000
6122 -1671.0000000000
6159 -1670.0000000000
6209 -1669.0000000000
6241 -1668.0000000000
6288 -1667.0000000000
6292 -1665.0000000000
6361 -1664.0000000000
6416 -1663.0000000000
6447 -1661.0000000000
6495 -1660.0000000000
6507 -1659.0000000000
6591 -1658.0000000000
6621 -1657.0000000000
6641 -1656.0000000000
6673 -1655.0000000000
6695 -1654.0000000000
6709 -1653.0000000000
6724 -1652.0000000000
6734 -1651.0000000000
6782 -1649.0000000000
6800 -1648.0000000000
6809 -1647.0000000000
6869 -1645.0000000000
6894 -1644.0000000000
6979 -1642.0000000000
7050 -1640.0000000000
7086 -1639.0000000000
7108 -1638.0000000000
7148 -1637.0000000000
7223 -1636.0000000000
7270 -1635.0000000000
7297 -1634.0000000000
7352 -1633.0000000000
7356 -1631.0000000000
7437 -1630.0000000000
7462 -1629.0000000000
7491 -1628.0000000000
7493 -1627.0000000000
7544 -1625.0000000000
7586 -1623.0000000000
7653 -1622.0000000000
7693 -1621.0000000000
7724 -1620.0000000000
7728 -1619.0000000000
7766 -1618.0000000000
7783 -1617.0000000000
7845 -1616.0000000000
7870 -1615.0000000000
7918 -1614.0000000000
7934 -1613.0000000000
8000 -1612.0000000000
8009 -1611.0000000000
8032 -1610.0000000000
8080 -1608.0000000000
8129 -1606.0000000000
8176 -1605.0000000000
8185 -1604.0000000000
8275 -1603.0000000000
8321 -1602.0000000000
8349 -1600.0000000000
8403 -1599.0000000000
8411 -1598.0000000000
8453 -1597.0000000000
8490 -1596.0000000000
8497 -1595.0000000000
8502 -1594.0000000000
8564 -1593.0000000000
8597 -1592.0000000000
8618 -1591.0000000000
8700 -1590.0000000000
8713 -1589.0000000000
8748 -1588.0000000000
8778 -1587.0000000000
8807 -1585.0000000000
8839 -1584.0000000000
8925 -1582.0000000000
9000 -1581.0000000000
9029 -1580.0000000000
9061 -1577.0000000000
9129 -1576.0000000000
9140 -1575.0000000000
9197 -1574.0000000000
9201 -1572.0000000000
9304 -1571.0000000000
9349 -1570.0000000000
9373 -1569.0000000000
9403 -1568.0000000000
9460 -1567.0000000000
9489 -1566.0000000000
9530 -1565.0000000000
9538 -1564.0000000000
9616 -1563.0000000000
9653 -1562.0000000000
9672 -1561.0000000000
9694 -1560.0000000000
9727 -1559.0000000000
9748 -1558.0000000000
9779 -1557.0000000000
9789 -1556.0000000000
9837 -1555.0000000000
9874 -1554.0000000000
9914 -1553.0000000000
9942 -1551.0000000000
9962 -1550.0000000000
9993 -1548.0000000000
10050 -1549.0000000000
evaluations raw_y
1 -2002.0000000000
2 -1970.0000000000
3 -1954.0000000000
5 -1946.0000000000
11 -1934.0000000000
18 -1916.0000000000
45 -1912.0000000000
68 -1911.0000000000
122 -1909.0000000000
142 -1908.0000000000
150 -1907.0000000000
194 -1906.0000000000
249 -1905.0000000000
293 -1904.0000000000
299 -1903.0000000000
344 -1902.0000000000
356 -1901.0000000000
370 -1900.0000000000
404 -1899.0000000000
425 -1898.0000000000
477 -1896.0000000000
511 -1895.0000000000
546 -1894.0000000000
563 -1893.0000000000
585 -1892.0000000000
664 -1890.0000000000
685 -1889.0000000000
720 -1888.0000000000
736 -1887.0000000000
801 -1885.0000000000
817 -1884.0000000000
846 -1883.0000000000
868 -1882.0000000000
870 -1881.0000000000
901 -1880.0000000000
939 -1878.0000000000
978 -1876.0000000000
1005 -1875.0000000000
1029 -1874.0000000000
1047 -1873.0000000000
1050 -1872.0000000000
1079 -1871.0000000000
1097 -1870.0000000000
1100 -1868.0000000000
1144 -1866.0000000000
1180 -1865.0000000000
1215 -1864.0000000000
1225 -1862.0000000000
1282 -1860.0000000000
1294 -1859.0000000000
1346 -1858.0000000000
1369 -1856.0000000000
1391 -1855.0000000000
1446 -1854.0000000000
1456 -1853.0000000000
1483 -1852.0000000000
1564 -1851.0000000000
1573 -1848.0000000000
1637 -1846.0000000000
1720 -1845.0000000000
1769 -1844.0000000000
1796 -1843.0000000000
1825 -1842.0000000000
1836 -1841.0000000000
1880 -1840.0000000000
1916 -1839.0000000000
1940 -1838.0000000000
1965 -1836.0000000000
1971 -1835.0000000000
1982 -1834.0000000000
2046 -1833.0000000000
2084 -1832.0000000000
2089 -1831.0000000000
2146 -1830.0000000000
2151 -1829.0000000000
2160 -1828.0000000000
2188 -1827.0000000000
2196 -1826.0000000000
2251 -1825.0000000000
2303 -1824.0000000000
2315 -1823.0000000000
2341 -1821.0000000000
2436 -1820.0000000000
2454 -1818.0000000000
2458 -1817.0000000000
2464 -1815.0000000000
2483 -1814.0000000000
2511 -1813.0000000000
2576 -1812.0000000000
2577 -1811.0000000000
2611 -1809.0000000000
2645 -1808.0000000000
2662 -1807.0000000000
2686 -1806.0000000000
2699 -1805.0000000000
2733 -1804.0000000000
2743 -1802.0000000000
2757 -1800.0000000000
2777 -1799.0000000000
2784 -1798.0000000000
2844 -1797.0000000000
2884 -1796.0000000000
2911 -1794.0000000000
2952 -1793.0000000000
2958 -1792.0000000000
3005 -1791.0000000000
3033 -1790.0000000000
3072 -1787.0000000000
3081 -1786.0000000000
3128 -1785.0000000000
3190 -1784.0000000000
3194 -1783.0000000000
3212 -1781.0000000000
3269 -1780.0000000000
3291 -1779.0000000000
3298 -1778.0000000000
3363 -1777.0000000000
3389 -1776.0000000000
3405 -1775.0000000000
3422 -1774.0000000000
3462 -1773.0000000000
3471 -1770.0000000000
3538 -1769.0000000000
3602 -1768.0000000000
3638 -1767.0000000000
3640 -1766.0000000000
3680 -1765.0000000000
3739 -1764.0000000000
3759 -1763.0000000000
3768 -1761.0000000000
3843 -1759.0000000000
3898 -1757.0000000000
3900 -1756.0000000000
3909 -1755.0000000000
3916 -1754.0000000000
3983 -1753.0000000000
3998 -1751.0000000000
4039 -1750.0000000000
4064 -1749.0000000000
4082 -1748.0000000000
4084 -1746.0000000000
4140 -1745.0000000000
4198 -1743.0000000000
4235 -1742.0000000000
4269 -1741.0000000000
4276 -1740.0000000000
4329 -1739.0000000000
4347 -1738.0000000000
4356 -1737.0000000000
4381 -1736.0000000000
4405 -1735.0000000000
4437 -1734.0000000000
4480 -1733.0000000000
4514 -1732.0000000000
4546 -1731.0000000000
4565 -1730.0000000000
4593 -1729.0000000000
4637 -1728.0000000000
4669 -1725.0000000000
4705 -1724.0000000000
4715 -1723.0000000000
4756 -1722.0000000000
4771 -1719.0000000000
4851 -1715.0000000000
4938 -1714.0000000000
4954 -1713.0000000000
4969 -1712.0000000000
4985 -1711.0000000000
5028 -1710.0000000000
5061 -1709.0000000000
5096 -1708.0000000000
5126 -1706.0000000000
5175 -1704.0000000000
5207 -1703.0000000000
5316 -1701.0000000000
5361 -1700.0000000000
5391 -1699.0000000000
5428 -1698.0000000000
5446 -1697.0000000000
5459 -1696.0000000000
5503 -1695.0000000000
5525 -1694.0000000000
5557 -1692.0000000000
5598 -1690.0000000000
5657 -1689.0000000000
5682 -1688.0000000000
5693 -1687.0000000000
5719 -1686.0000000000
5747 -1685.0000000000
5786 -1684.0000000000
5796 -1683.0000000000
5854 -1682.0000000000
5897 -1681.0000000000
5901 -1679.0000000000
5918 -1678.0000000000
5942 -1677.0000000000
5978 -1675.0000000000
6004 -1674.0000000000
6030 -1673.0000000000
6052 -1672.0000000000
6121 -1670.0000000000
6143 -1669.0000000000
6198 -1668.0000000000
6235 -1667.0000000000
6260 -1666.0000000000
6313 -1665.0000000000
6336 -1664.0000000000
6361 -1662.0000000000
6384 -1661.0000000000
6441 -1660.0000000000
6444 -1659.0000000000
6482 -1658.0000000000
6514 -1657.0000000000
6566 -1656.0000000000
6597 -1655.0000000000
6605 -1654.0000000000
6641 -1652.0000000000
6664 -1651.0000000000
6670 -1650.0000000000
6731 -1649.0000000000
6781 -1648.0000000000
6791 -1647.0000000000
6839 -1646.0000000000
6875 -1645.0000000000
6922 -1644.0000000000
6965 -1643.0000000000
6971 -1642.0000000000
6973 -1641.0000000000
7021 -1640.0000000000
7038 -1639.0000000000
7090 -1638.0000000000
7107 -1637.0000000000
7149 -1635.0000000000
7152 -1633.0000000000
7191 -1632.0000000000
7260 -1631.0000000000
7274 -1630.0000000000
7282 -1629.0000000000
7310 -1628.0000000000
7392 -1626.0000000000
7400 -1625.0000000000
7432 -1624.0000000000
7444 -1623.0000000000
7456 -1622.0000000000
7502 -1621.0000000000
7549 -1620.0000000000
7564 -1619.0000000000
7574 -1618.0000000000
7596 -1616.0000000000
7652 -1615.0000000000
7671 -1614.0000000000
7734 -1613.0000000000
7747 -1611.0000000000
7850 -1609.0000000000
7874 -1608.0000000000
7906 -1606.0000000000
7946 -1605.0000000000
7951 -1604.0000000000
8015 -1603.0000000000
8039 -1601.0000000000
8095 -1599.0000000000
8162 -1596.0000000000
8248 -1595.0000000000
8257 -1594.0000000000
8311 -1593.0000000000
8362 -1592.0000000000
8378 -1591.0000000000
8431 -1590.0000000000
8446 -1589.0000000000
8454 -1586.0000000000
8532 -1585.0000000000
8579 -1584.0000000000
8621 -1583.0000000000
8689 -1580.0000000000
8722 -1579.0000000000
8785 -1577.0000000000
8853 -1576.0000000000
8859 -1575.0000000000
8882 -1574.0000000000
8903 -1572.0000000000
8922 -1570.0000000000
8991 -1569.0000000000
9007 -1568.0000000000
9049 -1567.0000000000
9075 -1566.0000000000
9094 -1564.0000000000
9155 -1562.0000000000
9210 -1561.0000000000
9249 -1560.0000000000
9282 -1559.0000000000
9345 -1556.0000000000
9401 -1554.0000000000
9515 -1553.0000000000
9520 -1552.0000000000
9563 -1551.0000000000
9573 -1550.0000000000
9625 -1549.0000000000
9666 -1547.0000000000
9702 -1546.0000000000
9732 -1545.0000000000
9759 -1544.0000000000
9807 -1543.0000000000
9867 -1542.0000000000
9879 -1540.0000000000
9933 -1539.0000000000
9944 -1538.0000000000
9947 -1536.0000000000
9954 -1535.0000000000
9965 -1533.0000000000
10005 -1531.0000000000
10035 -1530.0000000000
10050 -1531.0000000000
evaluations raw_y
1 -1938.0000000000
23 -1926.0000000000
24 -1904.0000000000
46 -1889.0000000000
87 -1887.0000000000
141 -1886.0000000000
194 -1885.0000000000
197 -1884.0000000000
223 -1883.0000000000
258 -1882.0000000000
265 -1881.0000000000
296 -1880.0000000000
308 -1878.0000000000
371 -1877.0000000000
382 -1876.0000000000
398 -1875.0000000000
412 -1874.0000000000
420 -1873.0000000000
447 -1872.0000000000
467 -1870.0000000000
519 -1869.0000000000
521 -1868.0000000000
571 -1866.0000000000
642 -1865.0000000000
647 -1864.0000000000
665 -1863.0000000000
682 -1862.0000000000
722 -1861.0000000000
734 -1859.0000000000
797 -1858.0000000000
819 -1857.0000000000
880 -1855.0000000000
947 -1854.0000000000
994 -1852.0000000000
997 -1850.0000000000
999 -1849.0000000000
1039 -1848.0000000000
1056 -1847.0000000000
1091 -1844.0000000000
1121 -1843.0000000000
1124 -1842.0000000000
1176 -1841.0000000000
1211 -1839.0000000000
1235 -1838.0000000000
1270 -1837.0000000000
1323 -1836.0000000000
1343 -1834.0000000000
1346 -1833.0000000000
1390 -1831.0000000000
1450 -1829.0000000000
1532 -1828.0000000000
1566 -1827.0000000000
1580 -1826.0000000000
1607 -1824.0000000000
1638 -1821.0000000000
1663 -1820.0000000000
1698 -1819.0000000000
1748 -1817.0000000000
1803 -1816.0000000000
1854 -1814.0000000000
1863 -1813.0000000000
1868 -1812.0000000000
1937 -1810.0000000000
2029 -1809.0000000000
2047 -1808.0000000000
2090 -1807.0000000000
2109 -1806.0000000000
2140 -1805.0000000000
2167 -1804.0000000000
2193 -1803.0000000000
2196 -1802.0000000000
2237 -1801.0000000000
2248 -1799.0000000000
2267 -1797.0000000000
2357 -1796.0000000000
2411 -1795.0000000000
2426 -1794.0000000000
2459 -1793.0000000000
2467 -1792.0000000000
2484 -1791.0000000000
2486 -1789.0000000000
2541 -1788.0000000000
2570 -1787.0000000000
2595 -1785.0000000000
2661 -1784.0000000000
2672 -1782.0000000000
2697 -1780.0000000000
2757 -1779.0000000000
2776 -1776.0000000000
2786 -1775.0000000000
2793 -1773.0000000000
2846 -1772.0000000000
2889 -1771.0000000000
2955 -1769.0000000000
2988 -1768.0000000000
3030 -1767.0000000000
3070 -1766.0000000000
3081 -1765.0000000000
3126 -1764.0000000000
3135 -1763.0000000000
3159 -1762.0000000000
3201 -1761.0000000000
3222 -1759.0000000000
3275 -1758.0000000000
3279 -1757.0000000000
3311 -1756.0000000000
3319 -1755.0000000000
3336 -1754.0000000000
3361 -1753.0000000000
3368 -1752.0000000000
3391 -1751.0000000000
3411 -1750.0000000000
3465 -1748.0000000000
3506 -1747.0000000000
3525 -1746.0000000000
3548 -1745.0000000000
3597 -1744.0000000000
3609 -1742.0000000000
3636 -1741.0000000000
3704 -1740.0000000000
3730 -1739.0000000000
3745 -1738.0000000000
3821 -1737.0000000000
3837 -1736.0000000000
3869 -1735.0000000000
3883 -1734.0000000000
3927 -1733.0000000000
3964 -1732.0000000000
4005 -1731.0000000000
4015 -1730.0000000000
4036 -1729.0000000000
4044 -1728.0000000000
4068 -1727.0000000000
4092 -1726.0000000000
4152 -1725.0000000000
4194 -1724.0000000000
4222 -1723.0000000000
4243 -1722.0000000000
4274 -1720.0000000000
4287 -1718.0000000000
4339 -1717.0000000000
4351 -1716.0000000000
4379 -1715.0000000000
4421 -1714.0000000000
4475 -1713.0000000000
4508 -1712.0000000000
4548 -1710.0000000000
4598 -1709.0000000000
4636 -1708.0000000000
4640 -1707.0000000000
4644 -1706.0000000000
4679 -1705.0000000000
4685 -1703.0000000000
4708 -1701.0000000000
4746 -1700.0000000000
4757 -1699.0000000000
4805 -1697.0000000000
4892 -1696.0000000000
4893 -1694.0000000000
4918 -1692.0000000000
4938 -1689.0000000000
5031 -1688.0000000000
5081 -1687.0000000000
5113 -1686.0000000000
5118 -1685.0000000000
5175 -1684.0000000000
5177 -1683.0000000000
5254 -1682.0000000000
5284 -1681.0000000000
5352 -1680.0000000000
5358 -1679.0000000000
5370 -1678.0000000000
5401 -1677.0000000000
5438 -1676.0000000000
5472 -1675.0000000000
5479 -1674.0000000000
5527 -1673.0000000000
5545 -1672.0000000000
5550 -1671.0000000000
5573 -1670.0000000000
5624 -1669.0000000000
5680 -1668.0000000000
5685 -1666.0000000000
5710 -1665.0000000000
5726 -1664.0000000000
5829 -1662.0000000000
5871 -1660.0000000000
5899 -1659.0000000000
5975 -1658.0000000000
5978 -1655.0000000000
5997 -1654.0000000000
6049 -1653.0000000000
6093 -1652.0000000000
6143 -1651.0000000000
6179 -1650.0000000000
6201 -1649.0000000000
6226 -1648.0000000000
6255 -1647.0000000000
6284 -1646.0000000000
6300 -1645.0000000000
6307 -1644.0000000000
6409 -1643.0000000000
6435 -1642.0000000000
6454 -1641.0000000000
6515 -1640.0000000000
6549 -1638.0000000000
6561 -1637.0000000000
6566 -1636.0000000000
6657 -1635.0000000000
6668 -1634.0000000000
6711 -1633.0000000000
6748 -1632.0000000000
6786 -1631.0000000000
6819 -1630.0000000000
6837 -1629.0000000000
6879 -1628.0000000000
6897 -1626.0000000000
6904 -1625.0000000000
6992 -1624.0000000000
7008 -1623.0000000000
7069 -1622.0000000000
7102 -1621.0000000000
7139 -1620.0000000000
7163 -1619.0000000000
7201 -1618.0000000000
7226 -1617.0000000000
7243 -1616.0000000000
7267 -1614.0000000000
7285 -1613.0000000000
7330 -1612.0000000000
7363 -1611.0000000000
7370 -1610.0000000000
7396 -1607.0000000000
7427 -1606.0000000000
7468 -1605.0000000000
7510 -1604.0000000000
7534 -1603.0000000000
7540 -1602.0000000000
7552 -1601.0000000000
7587 -1600.0000000000
7601 -1599.0000000000
7668 -1598.0000000000
7716 -1597.0000000000
7719 -1596.0000000000
7805 -1595.0000000000
7811 -1594.0000000000
7908 -1593.0000000000
7930 -1592.0000000000
7943 -1590.0000000000
8003 -1589.0000000000
8006 -1587.0000000000
8082 -1586.0000000000
8111 -1585.0000000000
8172 -1584.0000000000
8194 -1583.0000000000
8229 -1582.0000000000
8247 -1581.0000000000
8249 -1580.0000000000
8283 -1579.0000000000
8307 -1578.0000000000
8381 -1577.0000000000
8420 -1576.0000000000
8488 -1573.0000000000
8591 -1572.0000000000
8640 -1570.0000000000
8672 -1569.0000000000
8723 -1567.0000000000
8807 -1566.0000000000
8814 -1565.0000000000
8831 -1564.0000000000
8912 -1563.0000000000
8930 -1562.0000000000
8943 -1561.0000000000
8964 -1560.0000000000
8991 -1559.0000000000
9020 -1558.0000000000
9089 -1557.0000000000
9126 -1556.0000000000
9138 -1555.0000000000
9160 -1553.0000000000
9226 -1552.0000000000
9237 -1551.0000000000
9244 -1550.0000000000
9264 -1549.0000000000
9271 -1548.0000000000
9360 -1547.0000000000
9398 -1546.0000000000
9428 -1545.0000000000
9432 -1544.0000000000
9442 -1543.0000000000
9462 -1541.0000000000
9492 -1539.0000000000
9588 -1538.0000000000
9590 -1537.0000000000
9667 -1536.0000000000
9674 -1535.0000000000
9688 -1533.0000000000
9724 -1532.0000000000
9758 -1529.0000000000
9829 -1528.0000000000
9869 -1526.0000000000
9974 -1525.0000000000
9990 -1524.0000000000
10014 -1523.0000000000
10050 -1522.0000000000
evaluations raw_y
1 -1974.0000000000
4 -1950.0000000000
11 -1944.0000000000
13 -1922.0000000000
16 -1920.0000000000
27 -1917.0000000000
36 -1880.0000000000
65 -1879.0000000000
82 -1878.0000000000
112 -1877.0000000000
175 -1876.0000000000
192 -1875.0000000000
264 -1874.0000000000
297 -1873.0000000000
329 -1872.0000000000
335 -1871.0000000000
338 -1870.0000000000
392 -1869.0000000000
398 -1868.0000000000
434 -1867.0000000000
464 -1866.0000000000
466 -1865.0000000000
511 -1864.0000000000
514 -1863.0000000000
530 -1862.0000000000
583 -1860.0000000000
588 -1859.0000000000
591 -1858.0000000000
648 -1857.0000000000
654 -1856.0000000000
668 -1855.0000000000
681 -1854.0000000000
723 -1852.0000000000
751 -1851.0000000000
836 -1850.0000000000
847 -1849.0000000000
871 -1848.0000000000
876 -1847.0000000000
890 -1846.0000000000
896 -1844.0000000000
970 -1843.0000000000
996 -1841.0000000000
1072 -1840.0000000000
1093 -1839.0000000000
1097 -1838.0000000000
1113 -1837.0000000000
1170 -1836.0000000000
1179 -1834.0000000000
1236 -1832.0000000000
1264 -1831.0000000000
1307 -1830.0000000000
1322 -1829.0000000000
1330 -1828.0000000000
1351 -1827.0000000000
1373 -1826.0000000000
1418 -1825.0000000000
1428 -1824.0000000000
1470 -1823.0000000000
1515 -1822.0000000000
1535 -1821.0000000000
1548 -1819.0000000000
1582 -1818.0000000000
1645 -1817.0000000000
1670 -1816.0000000000
1698 -1815.0000000000
1739 -1813.0000000000
1765 -1812.0000000000
1793 -1811.0000000000
1803 -1810.0000000000
1832 -1809.0000000000
1842 -1808.0000000000
1853 -1806.0000000000
1895 -1805.0000000000
1919 -1803.0000000000
1984 -1801.0000000000
2031 -1800.0000000000
2039 -1799.0000000000
2067 -1797.0000000000
2188 -1796.0000000000
2212 -1795.0000000000
2220 -1793.0000000000
2240 -1792.0000000000
2244 -1790.0000000000
2312 -1789.0000000000
2357 -1788.0000000000
2400 -1787.0000000000
2424 -1786.0000000000
2446 -1785.0000000000
2483 -1784.0000000000
2515 -1783.0000000000
2534 -1781.0000000000
2579 -1780.0000000000
2602 -1779.0000000000
2641 -1778.0000000000
2659 -1777.0000000000
2661 -1775.0000000000
2721 -1774.0000000000
2782 -1773.0000000000
2783 -1771.0000000000
2800 -1770.0000000000
2815 -1769.0000000000
2831 -1767.0000000000
2885 -1766.0000000000
2889 -1765.0000000000
2937 -1764.0000000000
2964 -1763.0000000000
2982 -1762.0000000000
3008 -1761.0000000000
3036 -1760.0000000000
3067 -1759.0000000000
3089 -1757.0000000000
3111 -1756.0000000000
3153 -1754.0000000000
3175 -1753.0000000000
3231 -1752.0000000000
3246 -1751.0000000000
3266 -1750.0000000000
3287 -1749.0000000000
3316 -1748.0000000000
3337 -1747.0000000000
3359 -1746.0000000000
3404 -1744.0000000000
3437 -1742.0000000000
3534 -1741.0000000000
3558 -1740.0000000000
3566 -1738.0000000000
3632 -1737.0000000000
3643 -1735.0000000000
3696 -1734.0000000000
3711 -1732.0000000000
3717 -1731.0000000000
3781 -1730.0000000000
3821 -1729.0000000000
3838 -1728.0000000000
3863 -1727.0000000000
3901 -1726.0000000000
3907 -1725.0000000000
3952 -1724.0000000000
3969 -1723.0000000000
3986 -1722.0000000000
3997 -1721.0000000000
4002 -1719.0000000000
4071 -1718.0000000000
4078 -1716.0000000000
4098 -1715.0000000000
4144 -1714.0000000000
4155 -1713.0000000000
4178 -1712.0000000000
4206 -1711.0000000000
4226 -1709.0000000000
4285 -1708.0000000000
4322 -1707.0000000000
4354 -1706.0000000000
4407 -1705.0000000000
4415 -1704.0000000000
4448 -1703.0000000000
4455 -1702.0000000000
4508 -1701.0000000000
4530 -1700.0000000000
4536 -1699.0000000000
4580 -1698.0000000000
4585 -1694.0000000000
4619 -1693.0000000000
4627 -1692.0000000000
4647 -1691.0000000000
4689 -1690.0000000000
4739 -1688.0000000000
4802 -1686.0000000000
4875 -1683.0000000000
4891 -1682.0000000000
4924 -1680.0000000000
4925 -1679.0000000000
4950 -1677.0000000000
4981 -1676.0000000000
5019 -1675.0000000000
5063 -1674.0000000000
5100 -1673.0000000000
5107 -1672.0000000000
5177 -1671.0000000000
5179 -1670.0000000000
5245 -1667.0000000000
5266 -1666.0000000000
5324 -1665.0000000000
5363 -1664.0000000000
5379 -1663.0000000000
5410 -1662.0000000000
5470 -1661.0000000000
5482 -1659.0000000000
5488 -1658.0000000000
5498 -1656.0000000000
5531 -1655.0000000000
5597 -1653.0000000000
5599 -1652.0000000000
5626 -1651.0000000000
5669 -1650.0000000000
5715 -1649.0000000000
5744 -1648.0000000000
5762 -1647.0000000000
5782 -1646.0000000000
5803 -1645.0000000000
5806 -1643.0000000000
5878 -1642.0000000000
5914 -1640.0000000000
5963 -1639.0000000000
6008 -1638.0000000000
6042 -1637.0000000000
6065 -1636.0000000000
6076 -1635.0000000000
6094 -1634.0000000000
6107 -1633.0000000000
6142 -1632.0000000000
6145 -1631.0000000000
6149 -1630.0000000000
6165 -1628.0000000000
6170 -1627.0000000000
6257 -1626.0000000000
6315 -1625.0000000000
6345 -1624.0000000000
6383 -1622.0000000000
6425 -1621.0000000000
6513 -1620.0000000000
6562 -1619.0000000000
6612 -1618.0000000000
6627 -1617.0000000000
6643 -1616.0000000000
6685 -1615.0000000000
6719 -1614.0000000000
6770 -1613.0000000000
6777 -1612.0000000000
6805 -1611.0000000000
6839 -1610.0000000000
6895 -1609.0000000000
6919 -1607.0000000000
6935 -1606.0000000000
6988 -1604.0000000000
7028 -1603.0000000000
7034 -1602.0000000000
7101 -1601.0000000000
7102 -1600.0000000000
7105 -1598.0000000000
7152 -1597.0000000000
7202 -1596.0000000000
7278 -1595.0000000000
7296 -1593.0000000000
7320 -1592.0000000000
7336 -1591.0000000000
7360 -1590.0000000000
7385 -1589.0000000000
7422 -1588.0000000000
7465 -1587.0000000000
7480 -1586.0000000000
7542 -1585.0000000000
7577 -1584.0000000000
7593 -1583.0000000000
7661 -1582.0000000000
7676 -1581.0000000000
7754 -1580.0000000000
7755 -1579.0000000000
7764 -1576.0000000000
7842 -1575.0000000000
7917 -1574.0000000000
7936 -1573.0000000000
7976 -1572.0000000000
8025 -1571.0000000000
8045 -1569.0000000000
8124 -1568.0000000000
8138 -1567.0000000000
8149 -1565.0000000000
8205 -1564.0000000000
8238 -1563.0000000000
8266 -1562.0000000000
8308 -1561.0000000000
8417 -1559.0000000000
8486 -1558.0000000000
8498 -1557.0000000000
8536 -1556.0000000000
8585 -1555.0000000000
8594 -1552.0000000000
8634 -1550.0000000000
8665 -1549.0000000000
8742 -1548.0000000000
8746 -1547.0000000000
8755 -1546.0000000000
8777 -1545.0000000000
8811 -1544.0000000000
8818 -1543.0000000000
8871 -1542.0000000000
8907 -1541.0000000000
8958 -1540.0000000000
8978 -1539.0000000000
8998 -1538.0000000000
9065 -1537.0000000000
9104 -1536.0000000000
9145 -1534.0000000000
9215 -1532.0000000000
9257 -1531.0000000000
9301 -1530.0000000000
9347 -1529.0000000000
9352 -1527.0000000000
9459 -1526.0000000000
9514 -1525.0000000000
9529 -1522.0000000000
9608 -1521.0000000000
9671 -1520.0000000000
9702 -1518.0000000000
9722 -1515.0000000000
9760 -1513.0000000000
9798 -1512.0000000000
9833 -1511.0000000000
9840 -1510.0000000000
9855 -1509.0000000000
9916 -1508.0000000000
9962 -1507.0000000000
10005 -1506.0000000000
10038 -1504.0000000000
10050 -1508.0000000000
evaluations raw_y
1 -1940.0000000000
3 -1928.0000000000
16 -1884.0000000000
62 -1883.0000000000
116 -1882.0000000000
138 -1880.0000000000
179 -1878.0000000000
237 -1877.0000000000
260 -1876.0000000000
273 -1875.0000000000
289 -1874.0000000000
301 -1873.0000000000
303 -1872.0000000000
334 -1871.0000000000
366 -1869.0000000000
423 -1868.0000000000
428 -1867.0000000000
462 -1866.0000000000
467 -1865.0000000000
500 -1864.0000000000
505 -1863.0000000000
550 -1861.0000000000
572 -1860.0000000000
622 -1859.0000000000
639 -1858.0000000000
683 -1856.0000000000
705 -1855.0000000000
770 -1854.0000000000
794 -1853.0000000000
851 -1852.0000000000
872 -1851.0000000000
922 -1850.0000000000
927 -1847.0000000000
978 -1846.0000000000
1012 -1845.0000000000
1035 -1844.0000000000
1050 -1843.0000000000
1063 -1842.0000000000
1066 -1841.0000000000
1120 -1840.0000000000
1173 -1839.0000000000
1205 -1838.0000000000
1229 -1837.0000000000
1270 -1836.0000000000
1282 -1835.0000000000
1305 -1834.0000000000
1329 -1833.0000000000
1362 -1832.0000000000
1371 -1831.0000000000
1377 -1829.0000000000
1492 -1828.0000000000
1512 -1827.0000000000
1583 -1826.0000000000
1620 -1825.0000000000
1635 -1824.0000000000
1680 -1823.0000000000
1683 -1822.0000000000
1694 -1821.0000000000
1729 -1820.0000000000
1742 -1819.0000000000
1781 -1818.0000000000
1826 -1817.0000000000
1838 -1816.0000000000
1866 -1815.0000000000
1896 -1813.0000000000
1941 -1812.0000000000
1944 -1811.0000000000
1986 -1810.0000000000
1992 -1808.0000000000
2031 -1807.0000000000
2105 -1806.0000000000
2125 -1805.0000000000
2163 -1804.0000000000
2175 -1803.0000000000
2211 -1802.0000000000
2229 -1801.0000000000
2260 -1799.0000000000
2296 -1798.0000000000
2311 -1797.0000000000
2333 -1796.0000000000
2362 -1793.0000000000
2394 -1791.0000000000
2422 -1790.0000000000
2448 -1789.0000000000
2479 -1787.0000000000
2493 -1785.0000000000
2524 -1784.0000000000
2561 -1783.0000000000
2590 -1782.0000000000
2606 -1781.0000000000
2624 -1778.0000000000
2650 -1777.0000000000
2701 -1775.0000000000
2722 -1773.0000000000
2754 -1772.0000000000
2765 -1771.0000000000
2815 -1770.0000000000
2847 -1769.0000000000
2861 -1768.0000000000
2889 -1767.0000000000
2967 -1765.0000000000
2985 -1764.0000000000
2993 -1763.0000000000
3046 -1760.0000000000
3102 -1759.0000000000
3116 -1758.0000000000
3146 -1756.0000000000
3173 -1755.0000000000
3178 -1754.0000000000
3224 -1753.0000000000
3307 -1752.0000000000
3323 -1751.0000000000
3393 -1750.0000000000
3419 -1749.0000000000
3452 -1748.0000000000
3461 -1747.0000000000
3475 -1746.0000000000
3503 -1745.0000000000
3539 -1744.0000000000
3585 -1742.0000000000
3654 -1740.0000000000
3734 -1739.0000000000
3758 -1738.0000000000
3769 -1737.0000000000
3802 -1736.0000000000
3827 -1735.0000000000
3872 -1734.0000000000
3876 -1733.0000000000
3916 -1732.0000000000
3918 -1731.0000000000
3942 -1729.0000000000
3973 -1728.0000000000
4021 -1726.0000000000
4054 -1725.0000000000
4074 -1724.0000000000
4095 -1723.0000000000
4153 -1722.0000000000
4181 -1720.0000000000
4220 -1719.0000000000
4245 -1718.0000000000
4263 -1716.0000000000
4279 -1715.0000000000
4337 -1713.0000000000
4344 -1712.0000000000
4349 -1711.0000000000
4402 -1710.0000000000
4406 -1709.0000000000
4435 -1708.0000000000
4494 -1707.0000000000
4516 -1706.0000000000
4520 -1705.0000000000
4567 -1704.0000000000
4637 -1703.0000000000
4684 -1702.0000000000
4719 -1701.0000000000
4724 -1699.0000000000
4768 -1698.0000000000
4794 -1697.0000000000
4819 -1696.0000000000
4850 -1695.0000000000
4882 -1694.0000000000
4925 -1693.0000000000
4969 -1692.0000000000
4985 -1691.0000000000
5001 -1690.0000000000
5015 -1689.0000000000
5056 -1688.0000000000
5109 -1687.0000000000
5159 -1686.0000000000
5169 -1685.0000000000
5171 -1684.0000000000
5236 -1682.0000000000
5277 -1680.0000000000
5295 -1679.0000000000
5329 -1678.0000000000
5347 -1677.0000000000
5392 -1676.0000000000
5417 -1674.0000000000
5428 -1673.0000000000
5447 -1672.0000000000
5477 -1671.0000000000
5486 -1670.0000000000
5514 -1668.0000000000
5580 -1667.0000000000
5626 -1665.0000000000
5653 -1664.0000000000
5702 -1661.0000000000
5718 -1660.0000000000
5745 -1659.0000000000
5746 -1658.0000000000
5763 -1657.0000000000
5805 -1656.0000000000
5809 -1655.0000000000
5899 -1654.0000000000
5954 -1653.0000000000
5999 -1652.0000000000
6027 -1651.0000000000
6084 -1650.0000000000
6109 -1649.0000000000
6131 -1648.0000000000
6153 -1647.0000000000
6179 -1646.0000000000
6186 -1645.0000000000
6212 -1644.0000000000
6269 -1643.0000000000
6307 -1642.0000000000
6331 -1641.0000000000
6366 -1640.0000000000
6409 -1639.0000000000
6441 -1637.0000000000
6450 -1636.0000000000
6460 -1635.0000000000
6502 -1633.0000000000
6568 -1632.0000000000
6629 -1631.0000000000
6650 -1628.0000000000
6720 -1627.0000000000
6788 -1626.0000000000
6833 -1624.0000000000
6848 -1623.0000000000
6916 -1622.0000000000
6953 -1621.0000000000
7004 -1619.0000000000
7027 -1616.0000000000
7057 -1615.0000000000
7097 -1613.0000000000
7142 -1612.0000000000
7189 -1611.0000000000
7219 -1609.0000000000
7245 -1608.0000000000
7298 -1607.0000000000
7333 -1606.0000000000
7350 -1605.0000000000
7363 -1604.0000000000
7409 -1603.0000000000
7449 -1602.0000000000
7453 -1601.0000000000
7507 -1600.0000000000
7516 -1598.0000000000
7587 -1597.0000000000
7605 -1595.0000000000
7644 -1594.0000000000
7680 -1592.0000000000
7748 -1590.0000000000
7817 -1589.0000000000
7818 -1588.0000000000
7861 -1587.0000000000
7916 -1586.0000000000
7940 -1584.0000000000
7952 -1583.0000000000
8002 -1581.0000000000
8050 -1580.0000000000
8069 -1579.0000000000
8096 -1578.0000000000
8161 -1577.0000000000
8186 -1576.0000000000
8202 -1575.0000000000
8211 -1574.0000000000
8240 -1572.0000000000
8274 -1571.0000000000
8335 -1570.0000000000
8396 -1568.0000000000
8441 -1567.0000000000
8483 -1566.0000000000
8493 -1565.0000000000
8521 -1564.0000000000
8547 -1563.0000000000
8623 -1562.0000000000
8699 -1561.0000000000
8712 -1560.0000000000
8758 -1559.0000000000
8762 -1558.0000000000
8780 -1557.0000000000
8822 -1556.0000000000
8849 -1555.0000000000
8893 -1554.0000000000
8904 -1553.0000000000
8914 -1549.0000000000
8993 -1548.0000000000
9016 -1547.0000000000
9044 -1545.0000000000
9075 -1544.0000000000
9101 -1543.0000000000
9162 -1542.0000000000
9165 -1541.0000000000
9222 -1540.0000000000
9234 -1539.0000000000
9275 -1538.0000000000
9328 -1537.0000000000
9332 -1536.0000000000
9342 -1535.0000000000
9393 -1534.0000000000
9409 -1533.0000000000
9432 -1532.0000000000
9461 -1531.0000000000
9481 -1530.0000000000
9524 -1529.0000000000
9574 -1528.0000000000
9598 -1527.0000000000
9611 -1526.0000000000
9640 -1525.0000000000
9706 -1524.0000000000
9738 -1523.0000000000
9823 -1522.0000000000
9830 -1521.0000000000
9869 -1520.0000000000
9879 -1519.0000000000
9936 -1518.0000000000
10024 -1516.0000000000
10050 -1518.0000000000
evaluations raw_y
1 -1961.0000000000
4 -1930.0000000000
17 -1929.0000000000
19 -1924.0000000000
24 -1910.0000000000
110 -1908.0000000000
160 -1907.0000000000
172 -1906.0000000000
226 -1905.0000000000
262 -1904.0000000000
299 -1903.0000000000
306 -1901.0000000000
309 -1900.0000000000
350 -1898.0000000000
400 -1896.0000000000
405 -1895.0000000000
448 -1894.0000000000
476 -1892.0000000000
514 -1890.0000000000
555 -1888.0000000000
573 -1886.0000000000
576 -1885.0000000000
591 -1884.0000000000
597 -1883.0000000000
609 -1882.0000000000
640 -1881.0000000000
648 -1878.0000000000
728 -1876.0000000000
734 -1874.0000000000
764 -1873.0000000000
802 -1872.0000000000
823 -1870.0000000000
825 -1869.0000000000
867 -1867.0000000000
873 -1866.0000000000
900 -1865.0000000000
914 -1863.0000000000
928 -1861.0000000000
991 -1859.0000000000
1008 -1858.0000000000
1064 -1856.0000000000
1138 -1855.0000000000
1160 -1853.0000000000
1212 -1852.0000000000
1236 -1850.0000000000
1256 -1848.0000000000
1300 -1847.0000000000
1323 -1844.0000000000
1436 -1843.0000000000
1468 -1842.0000000000
1472 -1841.0000000000
1484 -1839.0000000000
1557 -1838.0000000000
1577 -1836.0000000000
1646 -1835.0000000000
1667 -1834.0000000000
1677 -1833.0000000000
1729 -1831.0000000000
1751 -1830.0000000000
1800 -1828.0000000000
1874 -1827.0000000000
1888 -1826.0000000000
1936 -1825.0000000000
1967 -1824.0000000000
2001 -1823.0000000000
2002 -1822.0000000000
2010 -1821.0000000000
2016 -1820.0000000000
2020 -1819.0000000000
2041 -1818.0000000000
2110 -1817.0000000000
2152 -1816.0000000000
2193 -1815.0000000000
2219 -1814.0000000000
2226 -1812.0000000000
2233 -1810.0000000000
2286 -1809.0000000000
2290 -1808.0000000000
2335 -1807.0000000000
2409 -1806.0000000000
2433 -1805.0000000000
2444 -1804.0000000000
2479 -1803.0000000000
2491 -1802.0000000000
2503 -1801.0000000000
2559 -1800.0000000000
2567 -1799.0000000000
2590 -1797.0000000000
2630 -1795.0000000000
2665 -1794.0000000000
2692 -1793.0000000000
2716 -1792.0000000000
2723 -1791.0000000000
2771 -1790.0000000000
2787 -1789.0000000000
2832 -1788.0000000000
2880 -1786.0000000000
2909 -1784.0000000000
2936 -1782.0000000000
2967 -1780.0000000000
2988 -1778.0000000000
3056 -1777.0000000000
3082 -1775.0000000000
3109 -1774.0000000000
3119 -1773.0000000000
3180 -1772.0000000000
3218 -1771.0000000000
3252 -1770.0000000000
3286 -1769.0000000000
3297 -1768.0000000000
3325 -1767.0000000000
3371 -1765.0000000000
3393 -1763.0000000000
3439 -1762.0000000000
3506 -1761.0000000000
3518 -1760.0000000000
3521 -1759.0000000000
3540 -1758.0000000000
3571 -1757.0000000000
3593 -1756.0000000000
3601 -1755.0000000000
3624 -1754.0000000000
3639 -1753.0000000000
3649 -1752.0000000000
3696 -1750.0000000000
3721 -1749.0000000000
3727 -1748.0000000000
3743 -1747.0000000000
3754 -1746.0000000000
3769 -1745.0000000000
3812 -1743.0000000000
3865 -1742.0000000000
3909 -1741.0000000000
3932 -1740.0000000000
3998 -1739.0000000000
4005 -1738.0000000000
4018 -1737.0000000000
4096 -1736.0000000000
4099 -1735.0000000000
4118 -1734.0000000000
4125 -1732.0000000000
4163 -1731.0000000000
4237 -1730.0000000000
4253 -1728.0000000000
4258 -1727.0000000000
4345 -1726.0000000000
4367 -1725.0000000000
4400 -1724.0000000000
4401 -1723.0000000000
4462 -1722.0000000000
4480 -1721.0000000000
4505 -1720.0000000000
4555 -1718.0000000000
4576 -1717.0000000000
4577 -1716.0000000000
4615 -1715.0000000000
4630 -1714.0000000000
4639 -1713.0000000000
4714 -1711.0000000000
4749 -1709.0000000000
4765 -1708.0000000000
4776 -1707.0000000000
4836 -1706.0000000000
4858 -1705.0000000000
4894 -1703.0000000000
4951 -1702.0000000000
4972 -1701.0000000000
4985 -1699.0000000000
5063 -1698.0000000000
5087 -1697.0000000000
5105 -1696.0000000000
5191 -1695.0000000000
5194 -1694.0000000000
5195 -1693.0000000000
5243 -1692.0000000000
5307 -1691.0000000000
5329 -1690.0000000000
5383 -1689.0000000000
5424 -1688.0000000000
5453 -1687.0000000000
5485 -1686.0000000000
5497 -1685.0000000000
5515 -1682.0000000000
5535 -1681.0000000000
5594 -1680.0000000000
5618 -1679.0000000000
5628 -1678.0000000000
5644 -1677.0000000000
5699 -1675.0000000000
5731 -1674.0000000000
5752 -1673.0000000000
5767 -1672.0000000000
5774 -1670.0000000000
5810 -1669.0000000000
5883 -1668.0000000000
5916 -1667.0000000000
5947 -1666.0000000000
5963 -1665.0000000000
6016 -1664.0000000000
6035 -1663.0000000000
6044 -1661.0000000000
6106 -1660.0000000000
6124 -1659.0000000000
6153 -1658.0000000000
6157 -1657.0000000000
6212 -1655.0000000000
6219 -1653.0000000000
6292 -1651.0000000000
6333 -1650.0000000000
6336 -1648.0000000000
6364 -1647.0000000000
6425 -1645.0000000000
6547 -1644.0000000000
6574 -1643.0000000000
6610 -1642.0000000000
6649 -1640.0000000000
6684 -1639.0000000000
6695 -1637.0000000000
6748 -1636.0000000000
6763 -1635.0000000000
6831 -1634.0000000000
6841 -1633.0000000000
6888 -1632.0000000000
6923 -1631.0000000000
6936 -1630.0000000000
6938 -1629.0000000000
6983 -1628.0000000000
6997 -1627.0000000000
7030 -1625.0000000000
7049 -1624.0000000000
7071 -1622.0000000000
7124 -1621.0000000000
7195 -1620.0000000000
7216 -1618.0000000000
7306 -1617.0000000000
7318 -1616.0000000000
7378 -1615.0000000000
7400 -1613.0000000000
7402 -1612.0000000000
7494 -1611.0000000000
7499 -1609.0000000000
7547 -1607.0000000000
7618 -1606.0000000000
7625 -1605.0000000000
7677 -1604.0000000000
7689 -1603.0000000000
7711 -1601.0000000000
7749 -1598.0000000000
7773 -1596.0000000000
7811 -1595.0000000000
7812 -1594.0000000000
7869 -1592.0000000000
7918 -1591.0000000000
7927 -1590.0000000000
7933 -1589.0000000000
7941 -1588.0000000000
7998 -1587.0000000000
8024 -1586.0000000000
8041 -1585.0000000000
8049 -1584.0000000000
8070 -1583.0000000000
8091 -1582.0000000000
8111 -1581.0000000000
8160 -1580.0000000000
8168 -1579.0000000000
8217 -1578.0000000000
8237 -1577.0000000000
8264 -1576.0000000000
8294 -1575.0000000000
8367 -1574.0000000000
8387 -1573.0000000000
8399 -1572.0000000000
8428 -1571.0000000000
8505 -1570.0000000000
8545 -1569.0000000000
8553 -1568.0000000000
8555 -1567.0000000000
8576 -1566.0000000000
8635 -1564.0000000000
8676 -1562.0000000000
8721 -1560.0000000000
8737 -1558.0000000000
8786 -1557.0000000000
8789 -1556.0000000000
8857 -1555.0000000000
8881 -1554.0000000000
8896 -1553.0000000000
8946 -1552.0000000000
9018 -1551.0000000000
9129 -1549.0000000000
9162 -1548.0000000000
9194 -1547.0000000000
9212 -1546.0000000000
9215 -1545.0000000000
9241 -1543.0000000000
9266 -1541.0000000000
9369 -1539.0000000000
9456 -1537.0000000000
9479 -1536.0000000000
9519 -1534.0000000000
9544 -1532.0000000000
9545 -1531.0000000000
9564 -1530.0000000000
9573 -1529.0000000000
9589 -1528.0000000000
9611 -1527.0000000000
9619 -1526.0000000000
9666 -1525.0000000000
9673 -1524.0000000000
9697 -1523.0000000000
9749 -1522.0000000000
9796 -1521.0000000000
9824 -1519.0000000000
9874 -1518.0000000000
9928 -1517.0000000000
9949 -1516.0000000000
9978 -1515.0000000000
10005 -1514.0000000000
10043 -1513.0000000000
10046 -1511.0000000000
10050 -1515.0000000000
evaluations raw_y
1 -1937.0000000000
11 -1933.0000000000
18 -1929.0000000000
37 -1928.0000000000
42 -1923.0000000000
46 -1888.0000000000
111 -1886.0000000000
141 -1884.0000000000
152 -1883.0000000000
175 -1882.0000000000
201 -1881.0000000000
205 -1879.0000000000
261 -1878.0000000000
267 -1877.0000000000
292 -1876.0000000000
340 -1875.0000000000
342 -1874.0000000000
404 -1873.0000000000
436 -1871.0000000000
454 -1870.0000000000
513 -1869.0000000000
533 -1868.0000000000
557 -1866.0000000000
595 -1865.0000000000
605 -1864.0000000000
646 -1863.0000000000
669 -1862.0000000000
715 -1861.0000000000
744 -1860.0000000000
751 -1859.0000000000
762 -1857.0000000000
791 -1856.0000000000
813 -1855.0000000000
853 -1854.0000000000
895 -1853.0000000000
897 -1852.0000000000
935 -1851.0000000000
956 -1850.0000000000
999 -1849.0000000000
1033 -1848.0000000000
1051 -1845.0000000000
1065 -1844.0000000000
1096 -1843.0000000000
1145 -1842.0000000000
1147 -1841.0000000000
1195 -1839.0000000000
1231 -1838.0000000000
1262 -1837.0000000000
1288 -1835.0000000000
1331 -1834.0000000000
1392 -1833.0000000000
1416 -1832.0000000000
1427 -1831.0000000000
1502 -1829.0000000000
1514 -1828.0000000000
1552 -1827.0000000000
1596 -1826.0000000000
1603 -1825.0000000000
1637 -1824.0000000000
1663 -1823.0000000000
1691 -1822.0000000000
1728 -1821.0000000000
1736 -1820.0000000000
1751 -1819.0000000000
1764 -1818.0000000000
1800 -1817.0000000000
1829 -1816.0000000000
1872 -1815.0000000000
1891 -1814.0000000000
1939 -1813.0000000000
1946 -1812.0000000000
1972 -1810.0000000000
1996 -1809.0000000000
2019 -1808.0000000000
2076 -1807.0000000000
2088 -1806.0000000000
2133 -1805.0000000000
2154 -1801.0000000000
2168 -1799.0000000000
2205 -1798.0000000000
2292 -1797.0000000000
2339 -1796.0000000000
2386 -1795.0000000000
2395 -1794.0000000000
2440 -1793.0000000000
2471 -1792.0000000000
2510 -1791.0000000000
2520 -1790.0000000000
2539 -1789.0000000000
2545 -1788.0000000000
2579 -1787.0000000000
2596 -1786.0000000000
2654 -1785.0000000000
2684 -1782.0000000000
2727 -1781.0000000000
2780 -1780.0000000000
2802 -1779.0000000000
2818 -1776.0000000000
2846 -1774.0000000000
2865 -1773.0000000000
2944 -1770.0000000000
2988 -1768.0000000000
3005 -1767.0000000000
3015 -1766.0000000000
3063 -1765.0000000000
3093 -1764.0000000000
3098 -1763.0000000000
3155 -1762.0000000000
3175 -1761.0000000000
3180 -1760.0000000000
3212 -1759.0000000000
3244 -1758.0000000000
3287 -1757.0000000000
3299 -1756.0000000000
3301 -1755.0000000000
3350 -1754.0000000000
3378 -1753.0000000000
3395 -1752.0000000000
3406 -1751.0000000000
3459 -1750.0000000000
3495 -1749.0000000000
3528 -1748.0000000000
3557 -1747.0000000000
3568 -1746.0000000000
3628 -1744.0000000000
3684 -1743.0000000000
3709 -1742.0000000000
3749 -1741.0000000000
3780 -1739.0000000000
3820 -1738.0000000000
3839 -1737.0000000000
3868 -1736.0000000000
3878 -1735.0000000000
3903 -1734.0000000000
3914 -1733.0000000000
3939 -1732.0000000000
3985 -1731.0000000000
4016 -1730.0000000000
4073 -1729.0000000000
4128 -1728.0000000000
4143 -1727.0000000000
4175 -1725.0000000000
4204 -1724.0000000000
4205 -1723.0000000000
4237 -1722.0000000000
4254 -1721.0000000000
4299 -1719.0000000000
4364 -1718.0000000000
4396 -1717.0000000000
4399 -1715.0000000000
4473 -1714.0000000000
4507 -1713.0000000000
4560 -1712.0000000000
4573 -1711.0000000000
4586 -1710.0000000000
4601 -1709.0000000000
4672 -1708.0000000000
4691 -1707.0000000000
4713 -1705.0000000000
4784 -1704.0000000000
4802 -1703.0000000000
4823 -1702.0000000000
4895 -1701.0000000000
4909 -1697.0000000000
4956 -1696.0000000000
5003 -1695.0000000000
5037 -1694.0000000000
5038 -1693.0000000000
5059 -1692.0000000000
5098 -1691.0000000000
5105 -1690.0000000000
5142 -1689.0000000000
5174 -1688.0000000000
5184 -1687.0000000000
5191 -1686.0000000000
5198 -1685.0000000000
5200 -1683.0000000000
5223 -1682.0000000000
5263 -1681.0000000000
5291 -1680.0000000000
5345 -1678.0000000000
5395 -1676.0000000000
5471 -1675.0000000000
5488 -1674.0000000000
5519 -1673.0000000000
5530 -1671.0000000000
5637 -1669.0000000000
5697 -1668.0000000000
5738 -1667.0000000000
5745 -1666.0000000000
5784 -1665.0000000000
5793 -1664.0000000000
5799 -1662.0000000000
5852 -1661.0000000000
5870 -1659.0000000000
5896 -1658.0000000000
5909 -1655.0000000000
5947 -1654.0000000000
5964 -1653.0000000000
6022 -1652.0000000000
6055 -1650.0000000000
6171 -1649.0000000000
6196 -1648.0000000000
6221 -1647.0000000000
6231 -1646.0000000000
6307 -1645.0000000000
6315 -1644.0000000000
6321 -1643.0000000000
6359 -1642.0000000000
6388 -1641.0000000000
6398 -1640.0000000000
6459 -1639.0000000000
6524 -1638.0000000000
6549 -1637.0000000000
6618 -1636.0000000000
6619 -1635.0000000000
6647 -1634.0000000000
6679 -1632.0000000000
6692 -1631.0000000000
6727 -1630.0000000000
6766 -1629.0000000000
6799 -1628.0000000000
6884 -1627.0000000000
6901 -1626.0000000000
6955 -1625.0000000000
6957 -1623.0000000000
7005 -1622.0000000000
7021 -1621.0000000000
7031 -1620.0000000000
7065 -1619.0000000000
7099 -1618.0000000000
7133 -1617.0000000000
7155 -1616.0000000000
7189 -1615.0000000000
7272 -1614.0000000000
7291 -1613.0000000000
7306 -1611.0000000000
7335 -1610.0000000000
7399 -1609.0000000000
7416 -1608.0000000000
7439 -1607.0000000000
7440 -1606.0000000000
7495 -1604.0000000000
7527 -1603.0000000000
7551 -1601.0000000000
7646 -1600.0000000000
7705 -1599.0000000000
7720 -1598.0000000000
7763 -1596.0000000000
7814 -1595.0000000000
7846 -1594.0000000000
7889 -1592.0000000000
7960 -1591.0000000000
7974 -1590.0000000000
8009 -1589.0000000000
8070 -1588.0000000000
8086 -1587.0000000000
8105 -1586.0000000000
8123 -1585.0000000000
8188 -1582.0000000000
8251 -1581.0000000000
8304 -1580.0000000000
8347 -1579.0000000000
8357 -1577.0000000000
8382 -1576.0000000000
8430 -1575.0000000000
8436 -1572.0000000000
8455 -1570.0000000000
8474 -1569.0000000000
8540 -1568.0000000000
8570 -1567.0000000000
8571 -1566.0000000000
8645 -1564.0000000000
8694 -1563.0000000000
8701 -1562.0000000000
8722 -1561.0000000000
8779 -1560.0000000000
8820 -1558.0000000000
8863 -1557.0000000000
8933 -1556.0000000000
8983 -1555.0000000000
9018 -1554.0000000000
9071 -1552.0000000000
9080 -1551.0000000000
9198 -1550.0000000000
9200 -1549.0000000000
9277 -1548.0000000000
9289 -1547.0000000000
9315 -1545.0000000000
9352 -1544.0000000000
9401 -1543.0000000000
9452 -1542.0000000000
9461 -1541.0000000000
9472 -1540.0000000000
9555 -1539.0000000000
9614 -1537.0000000000
9693 -1536.0000000000
9694 -1535.0000000000
9745 -1534.0000000000
9805 -1533.0000000000
9859 -1532.0000000000
9873 -1531.0000000000
9934 -1530.0000000000
9943 -1529.0000000000
9983 -1528.0000000000
9998 -1527.0000000000
10031 -1526.0000000000
10050 -1527.0000000000
evaluations raw_y
1 -1989.0000000000
2 -1976.0000000000
3 -1911.0000000000
4 -1872.0000000000
86 -1870.0000000000
131 -1868.0000000000
195 -1867.0000000000
245 -1866.0000000000
257 -1865.0000000000
273 -1864.0000000000
278 -1863.0000000000
287 -1861.0000000000
326 -1860.0000000000
395 -1858.0000000000
445 -1856.0000000000
506 -1854.0000000000
509 -1853.0000000000
590 -1852.0000000000
634 -1850.0000000000
637 -1848.0000000000
688 -1846.0000000000
750 -1845.0000000000
794 -1844.0000000000
802 -1843.0000000000
816 -1842.0000000000
858 -1841.0000000000
893 -1839.0000000000
895 -1838.0000000000
913 -1837.0000000000
922 -1836.0000000000
960 -1835.0000000000
974 -1834.0000000000
1024 -1833.0000000000
1027 -1832.0000000000
1053 -1829.0000000000
1091 -1828.0000000000
1100 -1827.0000000000
1124 -1826.0000000000
1177 -1825.0000000000
1193 -1823.0000000000
1199 -1822.0000000000
1223 -1821.0000000000
1236 -1820.0000000000
1276 -1819.0000000000
1325 -1818.0000000000
1327 -1816.0000000000
1388 -1814.0000000000
1447 -1813.0000000000
1471 -1812.0000000000
1512 -1811.0000000000
1536 -1810.0000000000
1554 -1809.0000000000
1570 -1808.0000000000
1608 -1807.0000000000
1638 -1805.0000000000
1716 -1804.0000000000
1756 -1803.0000000000
1759 -1802.0000000000
1796 -1800.0000000000
1840 -1799.0000000000
1872 -1798.0000000000
1913 -1797.0000000000
1960 -1796.0000000000
2007 -1795.0000000000
2046 -1794.0000000000
2058 -1793.0000000000
2065 -1792.0000000000
2078 -1791.0000000000
2103 -1790.0000000000
2152 -1789.0000000000
2194 -1787.0000000000
2243 -1786.0000000000
2271 -1785.0000000000
2290 -1784.0000000000
2294 -1783.0000000000
2329 -1782.0000000000
2337 -1781.0000000000
2382 -1780.0000000000
2412 -1778.0000000000
2435 -1777.0000000000
2460 -1776.0000000000
2524 -1775.0000000000
2561 -1773.0000000000
2622 -1772.0000000000
2645 -1771.0000000000
2655 -1769.0000000000
2657 -1767.0000000000
2708 -1766.0000000000
2737 -1765.0000000000
2764 -1764.0000000000
2810 -1763.0000000000
2819 -1762.0000000000
2847 -1761.0000000000
2860 -1760.0000000000
2874 -1759.0000000000
2887 -1758.0000000000
2930 -1757.0000000000
2995 -1755.0000000000
3051 -1754.0000000000
3095 -1753.0000000000
3113 -1752.0000000000
3160 -1751.0000000000
3181 -1750.0000000000
3202 -1749.0000000000
3238 -1748.0000000000
3259 -1747.0000000000
3274 -1746.0000000000
3291 -1745.0000000000
3296 -1744.0000000000
3324 -1743.0000000000
3366 -1742.0000000000
3419 -1741.0000000000
3447 -1739.0000000000
3458 -1738.0000000000
3489 -1737.0000000000
3495 -1736.0000000000
3528 -1735.0000000000
3561 -1734.0000000000
3605 -1733.0000000000
3617 -1732.0000000000
3637 -1731.0000000000
3668 -1730.0000000000
3709 -1729.0000000000
3745 -1728.0000000000
3759 -1727.0000000000
3803 -1725.0000000000
3823 -1724.0000000000
3846 -1722.0000000000
3928 -1721.0000000000
3948 -1720.0000000000
3972 -1719.0000000000
3989 -1717.0000000000
4021 -1716.0000000000
4034 -1715.0000000000
4084 -1714.0000000000
4098 -1713.0000000000
4185 -1712.0000000000
4189 -1711.0000000000
4225 -1709.0000000000
4264 -1708.0000000000
4271 -1707.0000000000
4293 -1706.0000000000
4309 -1705.0000000000
4324 -1704.0000000000
4345 -1702.0000000000
4384 -1699.0000000000
4386 -1698.0000000000
4484 -1697.0000000000
4541 -1696.0000000000
4583 -1694.0000000000
4617 -1693.0000000000
4637 -1691.0000000000
4711 -1689.0000000000
4729 -1688.0000000000
4762 -1687.0000000000
4780 -1686.0000000000
4790 -1684.0000000000
4865 -1683.0000000000
4871 -1682.0000000000
4929 -1681.0000000000
4947 -1680.0000000000
4976 -1679.0000000000
5029 -1678.0000000000
5035 -1677.0000000000
5065 -1675.0000000000
5102 -1674.0000000000
5142 -1672.0000000000
5147 -1671.0000000000
5170 -1670.0000000000
5210 -1669.0000000000
5263 -1668.0000000000
5309 -1666.0000000000
5318 -1665.0000000000
5327 -1664.0000000000
5341 -1663.0000000000
5379 -1662.0000000000
5449 -1661.0000000000
5481 -1660.0000000000
5488 -1659.0000000000
5492 -1658.0000000000
5521 -1657.0000000000
5564 -1655.0000000000
5584 -1654.0000000000
5620 -1653.0000000000
5646 -1651.0000000000
5699 -1650.0000000000
5710 -1649.0000000000
5741 -1648.0000000000
5758 -1647.0000000000
5760 -1645.0000000000
5803 -1644.0000000000
5856 -1643.0000000000
5899 -1642.0000000000
5902 -1641.0000000000
5918 -1640.0000000000
5952 -1639.0000000000
5974 -1637.0000000000
5988 -1636.0000000000
6023 -1635.0000000000
6036 -1633.0000000000
6103 -1632.0000000000
6117 -1631.0000000000
6156 -1630.0000000000
6159 -1629.0000000000
6173 -1628.0000000000
6241 -1627.0000000000
6263 -1626.0000000000
6302 -1625.0000000000
6312 -1624.0000000000
6331 -1623.0000000000
6334 -1622.0000000000
6370 -1621.0000000000
6397 -1620.0000000000
6423 -1619.0000000000
6478 -1618.0000000000
6494 -1617.0000000000
6538 -1616.0000000000
6540 -1614.0000000000
6647 -1612.0000000000
6692 -1611.0000000000
6730 -1610.0000000000
6774 -1609.0000000000
6794 -1608.0000000000
6817 -1607.0000000000
6836 -1606.0000000000
6849 -1605.0000000000
6902 -1604.0000000000
6923 -1603.0000000000
6924 -1601.0000000000
6936 -1600.0000000000
6985 -1599.0000000000
7017 -1598.0000000000
7065 -1597.0000000000
7068 -1596.0000000000
7107 -1595.0000000000
7118 -1594.0000000000
7144 -1593.0000000000
7176 -1592.0000000000
7193 -1591.0000000000
7224 -1589.0000000000
7258 -1588.0000000000
7271 -1587.0000000000
7322 -1585.0000000000
7353 -1583.0000000000
7399 -1582.0000000000
7414 -1581.0000000000
7428 -1580.0000000000
7494 -1579.0000000000
7499 -1578.0000000000
7515 -1577.0000000000
7590 -1576.0000000000
7675 -1575.0000000000
7692 -1574.0000000000
7715 -1573.0000000000
7785 -1572.0000000000
7798 -1571.0000000000
7829 -1570.0000000000
7858 -1569.0000000000
7896 -1568.0000000000
7956 -1567.0000000000
8032 -1566.0000000000
8071 -1565.0000000000
8093 -1564.0000000000
8124 -1563.0000000000
8145 -1561.0000000000
8198 -1560.0000000000
8256 -1559.0000000000
8263 -1558.0000000000
8310 -1557.0000000000
8358 -1556.0000000000
8364 -1555.0000000000
8393 -1554.0000000000
8434 -1553.0000000000
8457 -1552.0000000000
8511 -1551.0000000000
8582 -1550.0000000000
8606 -1549.0000000000
8628 -1548.0000000000
8648 -1547.0000000000
8680 -1546.0000000000
8693 -1545.0000000000
8719 -1544.0000000000
8742 -1543.0000000000
8752 -1542.0000000000
8818 -1541.0000000000
8819 -1540.0000000000
8875 -1539.0000000000
8924 -1538.0000000000
8944 -1537.0000000000
8952 -1536.0000000000
9001 -1535.0000000000
9041 -1534.0000000000
9071 -1533.0000000000
9105 -1532.0000000000
9175 -1531.0000000000
9230 -1530.0000000000
9245 -1529.0000000000
9287 -1528.0000000000
9290 -1527.0000000000
9328 -1526.0000000000
9358 -1525.0000000000
9396 -1524.0000000000
9477 -1523.0000000000
9482 -1521.0000000000
9507 -1520.0000000000
9592 -1519.0000000000
9631 -1518.0000000000
9658 -1517.0000000000
9687 -1516.0000000000
9708 -1515.0000000000
9768 -1514.0000000000
9797 -1513.0000000000
9836 -1512.0000000000
9871 -1511.0000000000
9935 -1510.0000000000
9962 -1509.0000000000
9988 -1508.0000000000
10050 -1508.0000000000
evaluations raw_y
1 -1947.0000000000
4 -1946.0000000000
8 -1933.0000000000
12 -1891.0000000000
109 -1890.0000000000
158 -1889.0000000000
169 -1888.0000000000
199 -1887.0000000000
224 -1885.0000000000
242 -1884.0000000000
287 -1882.0000000000
306 -1881.0000000000
344 -1879.0000000000
369 -1878.0000000000
401 -1877.0000000000
416 -1876.0000000000
455 -1875.0000000000
482 -1874.0000000000
510 -1873.0000000000
526 -1872.0000000000
532 -1871.0000000000
560 -1870.0000000000
598 -1869.0000000000
619 -1867.0000000000
631 -1866.0000000000
677 -1865.0000000000
713 -1864.0000000000
716 -1863.0000000000
719 -1862.0000000000
774 -1861.0000000000
786 -1860.0000000000
794 -1859.0000000000
825 -1858.0000000000
854 -1857.0000000000
884 -1854.0000000000
886 -1853.0000000000
902 -1851.0000000000
914 -1850.0000000000
925 -1849.0000000000
943 -1848.0000000000
973 -1847.0000000000
990 -1846.0000000000
1022 -1845.0000000000
1035 -1844.0000000000
1087 -1841.0000000000
1093 -1840.0000000000
1201 -1839.0000000000
1219 -1838.0000000000
1240 -1837.0000000000
1325 -1836.0000000000
1343 -1835.0000000000
1379 -1834.0000000000
1411 -1833.0000000000
1448 -1832.0000000000
1498 -1831.0000000000
1538 -1830.0000000000
1547 -1828.0000000000
1606 -1827.0000000000
1652 -1826.0000000000
1695 -1823.0000000000
1705 -1821.0000000000
1723 -1820.0000000000
1738 -1818.0000000000
1783 -1817.0000000000
1805 -1816.0000000000
1821 -1815.0000000000
1870 -1814.0000000000
1878 -1813.0000000000
1929 -1812.0000000000
1982 -1811.0000000000
1993 -1810.0000000000
2035 -1809.0000000000
2047 -1808.0000000000
2071 -1807.0000000000
2072 -1806.0000000000
2094 -1805.0000000000
2150 -1804.0000000000
2174 -1802.0000000000
2212 -1800.0000000000
2265 -1798.0000000000
2320 -1796.0000000000
2329 -1795.0000000000
2406 -1794.0000000000
2427 -1793.0000000000
2464 -1792.0000000000
2509 -1791.0000000000
2547 -1789.0000000000
2612 -1788.0000000000
2633 -1787.0000000000
2654 -1786.0000000000
2661 -1785.0000000000
2664 -1784.0000000000
2721 -1781.0000000000
2750 -1780.0000000000
2751 -1778.0000000000
2806 -1777.0000000000
2857 -1776.0000000000
2872 -1775.0000000000
2895 -1774.0000000000
2940 -1773.0000000000
2941 -1772.0000000000
2969 -1770.0000000000
2978 -1768.0000000000
3034 -1767.0000000000
3079 -1766.0000000000
3124 -1765.0000000000
3143 -1764.0000000000
3193 -1763.0000000000
3229 -1761.0000000000
3262 -1759.0000000000
3298 -1758.0000000000
3308 -1757.0000000000
3334 -1756.0000000000
3341 -1755.0000000000
3430 -1753.0000000000
3526 -1752.0000000000
3537 -1751.0000000000
3584 -1750.0000000000
3606 -1749.0000000000
3623 -1748.0000000000
3660 -1747.0000000000
3702 -1746.0000000000
3748 -1745.0000000000
3789 -1743.0000000000
3821 -1742.0000000000
3889 -1741.0000000000
3913 -1740.0000000000
3940 -1739.0000000000
3963 -1738.0000000000
3973 -1735.0000000000
4001 -1734.0000000000
4016 -1733.0000000000
4026 -1732.0000000000
4080 -1731.0000000000
4091 -1730.0000000000
4113 -1728.0000000000
4144 -1727.0000000000
4145 -1726.0000000000
4153 -1725.0000000000
4158 -1724.0000000000
4176 -1723.0000000000
4213 -1722.0000000000
4244 -1720.0000000000
4267 -1719.0000000000
4308 -1717.0000000000
4318 -1716.0000000000
4360 -1715.0000000000
4366 -1714.0000000000
4398 -1712.0000000000
4423 -1710.0000000000
4490 -1709.0000000000
4520 -1707.0000000000
4598 -1706.0000000000
4622 -1705.0000000000
4643 -1704.0000000000
4645 -1703.0000000000
4704 -1701.0000000000
4761 -1700.0000000000
4798 -1699.0000000000
4805 -1698.0000000000
4830 -1697.0000000000
4864 -1696.0000000000
4869 -1694.0000000000
4881 -1693.0000000000
4889 -1692.0000000000
4925 -1690.0000000000
4929 -1689.0000000000
4989 -1687.0000000000
5051 -1686.0000000000
5085 -1685.0000000000
5107 -1684.0000000000
5218 -1683.0000000000
5224 -1682.0000000000
5267 -1680.0000000000
5271 -1678.0000000000
5301 -1676.0000000000
5341 -1675.0000000000
5455 -1674.0000000000
5465 -1673.0000000000
5488 -1672.0000000000
5497 -1671.0000000000
5508 -1670.0000000000
5551 -1669.0000000000
5577 -1668.0000000000
5629 -1667.0000000000
5726 -1666.0000000000
5729 -1665.0000000000
5809 -1664.0000000000
5813 -1663.0000000000
5833 -1662.0000000000
5835 -1661.0000000000
5868 -1660.0000000000
5907 -1659.0000000000
5928 -1658.0000000000
5957 -1657.0000000000
6015 -1656.0000000000
6033 -1655.0000000000
6077 -1654.0000000000
6107 -1653.0000000000
6128 -1652.0000000000
6131 -1650.0000000000
6172 -1648.0000000000
6245 -1647.0000000000
6259 -1646.0000000000
6267 -1645.0000000000
6321 -1644.0000000000
6376 -1641.0000000000
6377 -1638.0000000000
6422 -1637.0000000000
6464 -1636.0000000000
6468 -1635.0000000000
6508 -1633.0000000000
6545 -1632.0000000000
6586 -1631.0000000000
6618 -1628.0000000000
6670 -1627.0000000000
6718 -1626.0000000000
6733 -1625.0000000000
6735 -1624.0000000000
6795 -1623.0000000000
6830 -1622.0000000000
6858 -1621.0000000000
6889 -1620.0000000000
6941 -1619.0000000000
6954 -1618.0000000000
7018 -1617.0000000000
7081 -1616.0000000000
7135 -1615.0000000000
7160 -1614.0000000000
7225 -1612.0000000000
7273 -1611.0000000000
7322 -1610.0000000000
7324 -1609.0000000000
7345 -1608.0000000000
7381 -1607.0000000000
7394 -1606.0000000000
7417 -1605.0000000000
7432 -1604.0000000000
7433 -1603.0000000000
7480 -1601.0000000000
7508 -1600.0000000000
7561 -1599.0000000000
7605 -1598.0000000000
7640 -1596.0000000000
7681 -1595.0000000000
7720 -1594.0000000000
7744 -1593.0000000000
7764 -1592.0000000000
7789 -1591.0000000000
7817 -1590.0000000000
7850 -1589.0000000000
7905 -1587.0000000000
7920 -1585.0000000000
8016 -1584.0000000000
8083 -1582.0000000000
8101 -1580.0000000000
8106 -1579.0000000000
8236 -1576.0000000000
8304 -1575.0000000000
8308 -1574.0000000000
8343 -1573.0000000000
8384 -1572.0000000000
8412 -1571.0000000000
8449 -1570.0000000000
8484 -1569.0000000000
8498 -1567.0000000000
8519 -1566.0000000000
8585 -1565.0000000000
8636 -1564.0000000000
8660 -1563.0000000000
8694 -1561.0000000000
8777 -1560.0000000000
8823 -1559.0000000000
8845 -1558.0000000000
8866 -1557.0000000000
8881 -1556.0000000000
8910 -1555.0000000000
8985 -1554.0000000000
9032 -1552.0000000000
9133 -1551.0000000000
9182 -1549.0000000000
9250 -1548.0000000000
9292 -1547.0000000000
9296 -1545.0000000000
9373 -1543.0000000000
9441 -1542.0000000000
9454 -1541.0000000000
9477 -1540.0000000000
9520 -1538.0000000000
9547 -1537.0000000000
9569 -1536.0000000000
9640 -1535.0000000000
9668 -1534.0000000000
9721 -1533.0000000000
9735 -1532.0000000000
9757 -1531.0000000000
9803 -1530.0000000000
9879 -1529.0000000000
9907 -1528.0000000000
9920 -1527.0000000000
9945 -1526.0000000000
9994 -1525.0000000000
10018 -1524.0000000000
10042 -1523.0000000000
10050 -1525.0000000000
evaluations raw_y
1 -2004.0000000000
3 -1995.0000000000
4 -1984.0000000000
5 -1938.0000000000
9 -1930.0000000000
17 -1910.0000000000
29 -1907.0000000000
111 -1906.0000000000
133 -1905.0000000000
159 -1904.0000000000
179 -1902.0000000000
204 -1901.0000000000
209 -1900.0000000000
242 -1899.0000000000
257 -1898.0000000000
265 -1897.0000000000
302 -1896.0000000000
309 -1895.0000000000
333 -1894.0000000000
409 -1892.0000000000
433 -1891.0000000000
493 -1890.0000000000
505 -1888.0000000000
564 -1887.0000000000
607 -1886.0000000000
648 -1885.0000000000
682 -1884.0000000000
701 -1883.0000000000
716 -1882.0000000000
758 -1881.0000000000
829 -1880.0000000000
834 -1879.0000000000
843 -1877.0000000000
891 -1876.0000000000
905 -1875.0000000000
939 -1874.0000000000
968 -1872.0000000000
988 -1871.0000000000
1049 -1870.0000000000
1102 -1868.0000000000
1136 -1866.0000000000
1165 -1865.0000000000
1224 -1864.0000000000
1244 -1863.0000000000
1257 -1862.0000000000
1276 -1861.0000000000
1339 -1860.0000000000
1354 -1859.0000000000
1390 -1858.0000000000
1401 -1857.0000000000
1425 -1856.0000000000
1458 -1855.0000000000
1460 -1854.0000000000
1489 -1853.0000000000
1513 -1852.0000000000
1546 -1851.0000000000
1593 -1850.0000000000
1615 -1848.0000000000
1627 -1847.0000000000
1676 -1846.0000000000
1699 -1844.0000000000
1713 -1843.0000000000
1734 -1842.0000000000
1789 -1841.0000000000
1810 -1840.0000000000
1831 -1839.0000000000
1840 -1838.0000000000
1859 -1837.0000000000
1884 -1836.0000000000
1945 -1835.0000000000
1998 -1834.0000000000
2028 -1833.0000000000
2051 -1829.0000000000
2100 -1828.0000000000
2134 -1827.0000000000
2135 -1826.0000000000
2137 -1825.0000000000
2173 -1823.0000000000
2231 -1822.0000000000
2259 -1821.0000000000
2286 -1819.0000000000
2303 -1818.0000000000
2312 -1816.0000000000
2323 -1814.0000000000
2430 -1812.0000000000
2467 -1810.0000000000
2491 -1808.0000000000
2585 -1807.0000000000
2591 -1805.0000000000
2600 -1804.0000000000
2631 -1803.0000000000
2664 -1802.0000000000
2671 -1801.0000000000
2677 -1800.0000000000
2706 -1799.0000000000
2761 -1798.0000000000
2837 -1797.0000000000
2840 -1796.0000000000
2857 -1795.0000000000
2913 -1794.0000000000
2929 -1792.0000000000
3011 -1791.0000000000
3035 -1790.0000000000
3059 -1789.0000000000
3096 -1788.0000000000
3117 -1787.0000000000
3123 -1786.0000000000
3171 -1785.0000000000
3230 -1784.0000000000
3261 -1783.0000000000
3268 -1782.0000000000
3289 -1781.0000000000
3309 -1779.0000000000
3356 -1778.0000000000
3394 -1777.0000000000
3408 -1776.0000000000
3450 -1775.0000000000
3518 -1774.0000000000
3540 -1773.0000000000
3604 -1772.0000000000
3626 -1771.0000000000
3660 -1768.0000000000
3665 -1767.0000000000
3701 -1766.0000000000
3754 -1765.0000000000
3824 -1764.0000000000
3866 -1763.0000000000
3893 -1761.0000000000
3926 -1759.0000000000
3971 -1757.0000000000
4028 -1756.0000000000
4061 -1755.0000000000
4071 -1754.0000000000
4077 -1753.0000000000
4101 -1751.0000000000
4121 -1748.0000000000
4204 -1747.0000000000
4247 -1746.0000000000
4257 -1745.0000000000
4267 -1744.0000000000
4288 -1743.0000000000
4334 -1742.0000000000
4370 -1741.0000000000
4406 -1740.0000000000
4436 -1739.0000000000
4453 -1738.0000000000
4470 -1737.0000000000
4497 -1735.0000000000
4599 -1734.0000000000
4643 -1733.0000000000
4652 -1731.0000000000
4701 -1730.0000000000
4757 -1729.0000000000
4798 -1728.0000000000
4864 -1727.0000000000
4866 -1725.0000000000
4875 -1724.0000000000
4894 -1723.0000000000
4939 -1721.0000000000
4973 -1720.0000000000
4992 -1719.0000000000
5001 -1718.0000000000
5023 -1717.0000000000
5051 -1716.0000000000
5100 -1715.0000000000
5102 -1714.0000000000
5150 -1713.0000000000
5171 -1712.0000000000
5188 -1711.0000000000
5195 -1710.0000000000
5212 -1709.0000000000
5224 -1708.0000000000
5283 -1705.0000000000
5313 -1704.0000000000
5377 -1702.0000000000
5414 -1700.0000000000
5475 -1698.0000000000
5523 -1697.0000000000
5531 -1696.0000000000
5594 -1695.0000000000
5609 -1694.0000000000
5613 -1692.0000000000
5636 -1691.0000000000
5712 -1690.0000000000
5714 -1689.0000000000
5755 -1688.0000000000
5760 -1687.0000000000
5800 -1686.0000000000
5847 -1684.0000000000
5888 -1683.0000000000
5910 -1682.0000000000
5943 -1681.0000000000
5984 -1679.0000000000
6040 -1678.0000000000
6083 -1677.0000000000
6105 -1675.0000000000
6179 -1674.0000000000
6200 -1673.0000000000
6244 -1672.0000000000
6246 -1671.0000000000
6295 -1670.0000000000
6320 -1669.0000000000
6327 -1668.0000000000
6340 -1665.0000000000
6363 -1664.0000000000
6428 -1663.0000000000
6440 -1662.0000000000
6453 -1660.0000000000
6508 -1659.0000000000
6561 -1658.0000000000
6568 -1657.0000000000
6570 -1656.0000000000
6607 -1655.0000000000
6660 -1654.0000000000
6680 -1653.0000000000
6733 -1651.0000000000
6760 -1650.0000000000
6795 -1649.0000000000
6819 -1648.0000000000
6848 -1647.0000000000
6892 -1646.0000000000
6904 -1645.0000000000
6939 -1644.0000000000
6986 -1643.0000000000
6998 -1642.0000000000
7009 -1641.0000000000
7079 -1640.0000000000
7089 -1639.0000000000
7102 -1638.0000000000
7104 -1637.0000000000
7114 -1636.0000000000
7143 -1635.0000000000
7166 -1634.0000000000
7190 -1633.0000000000
7248 -1632.0000000000
7263 -1631.0000000000
7274 -1630.0000000000
7308 -1629.0000000000
7310 -1628.0000000000
7344 -1627.0000000000
7423 -1626.0000000000
7463 -1625.0000000000
7508 -1624.0000000000
7553 -1623.0000000000
7585 -1621.0000000000
7619 -1620.0000000000
7687 -1619.0000000000
7693 -1617.0000000000
7736 -1616.0000000000
7811 -1615.0000000000
7839 -1614.0000000000
7862 -1613.0000000000
7934 -1612.0000000000
7946 -1610.0000000000
7977 -1609.0000000000
7980 -1608.0000000000
7990 -1607.0000000000
8052 -1606.0000000000
8081 -1605.0000000000
8111 -1604.0000000000
8131 -1603.0000000000
8166 -1602.0000000000
8185 -1601.0000000000
8225 -1600.0000000000
8281 -1599.0000000000
8338 -1598.0000000000
8367 -1597.0000000000
8377 -1596.0000000000
8399 -1595.0000000000
8426 -1594.0000000000
8436 -1593.0000000000
8454 -1590.0000000000
8517 -1589.0000000000
8558 -1587.0000000000
8626 -1586.0000000000
8695 -1585.0000000000
8709 -1583.0000000000
8755 -1582.0000000000
8769 -1581.0000000000
8868 -1580.0000000000
8897 -1579.0000000000
8934 -1578.0000000000
8963 -1577.0000000000
9000 -1576.0000000000
9009 -1575.0000000000
9041 -1574.0000000000
9066 -1573.0000000000
9112 -1572.0000000000
9140 -1571.0000000000
9186 -1570.0000000000
9226 -1569.0000000000
9239 -1568.0000000000
9286 -1567.0000000000
9341 -1566.0000000000
9360 -1564.0000000000
9384 -1562.0000000000
9427 -1561.0000000000
9473 -1560.0000000000
9535 -1558.0000000000
9565 -1557.0000000000
9580 -1556.0000000000
9652 -1555.0000000000
9657 -1554.0000000000
9712 -1553.0000000000
9757 -1552.0000000000
9807 -1551.0000000000
9809 -1550.0000000000
9835 -1549.0000000000
9902 -1548.0000000000
9941 -1547.0000000000
9950 -1546.0000000000
10004 -1545.0000000000
10013 -1544.0000000000
10046 -1543.0000000000
10050 -1545.0000000000
evaluations raw_y
1 -1984.0000000000
2 -1946.0000000000
3 -1938.0000000000
30 -1927.0000000000
94 -1925.0000000000
133 -1923.0000000000
154 -1922.0000000000
199 -1920.0000000000
202 -1919.0000000000
250 -1918.0000000000
276 -1917.0000000000
337 -1916.0000000000
384 -1915.0000000000
438 -1912.0000000000
482 -1911.0000000000
507 -1910.0000000000
586 -1909.0000000000
614 -1908.0000000000
632 -1906.0000000000
640 -1905.0000000000
685 -1904.0000000000
718 -1903.0000000000
763 -1902.0000000000
787 -1901.0000000000
812 -1900.0000000000
885 -1899.0000000000
898 -1898.0000000000
910 -1896.0000000000
980 -1895.0000000000
1015 -1893.0000000000
1095 -1892.0000000000
1115 -1890.0000000000
1144 -1888.0000000000
1160 -1887.0000000000
1187 -1885.0000000000
1267 -1884.0000000000
1281 -1883.0000000000
1313 -1882.0000000000
1332 -1881.0000000000
1398 -1880.0000000000
1419 -1879.0000000000
1435 -1878.0000000000
1444 -1877.0000000000
1451 -1876.0000000000
1463 -1875.0000000000
1484 -1874.0000000000
1515 -1873.0000000000
1543 -1872.0000000000
1559 -1871.0000000000
1566 -1870.0000000000
1611 -1868.0000000000
1641 -1867.0000000000
1666 -1866.0000000000
1694 -1865.0000000000
1752 -1864.0000000000
1754 -1863.0000000000
1807 -1862.0000000000
1828 -1861.0000000000
1839 -1860.0000000000
1891 -1859.0000000000
1924 -1858.0000000000
1926 -1857.0000000000
1964 -1855.0000000000
2016 -1854.0000000000
2039 -1853.0000000000
2045 -1851.0000000000
2106 -1850.0000000000
2146 -1849.0000000000
2189 -1848.0000000000
2204 -1847.0000000000
2234 -1846.0000000000
2268 -1845.0000000000
2288 -1844.0000000000
2292 -1843.0000000000
2294 -1842.0000000000
2320 -1841.0000000000
2335 -1839.0000000000
2347 -1838.0000000000
2384 -1837.0000000000
2397 -1834.0000000000
2412 -1830.0000000000
2440 -1829.0000000000
2450 -1827.0000000000
2484 -1826.0000000000
2505 -1825.0000000000
2507 -1824.0000000000
2526 -1823.0000000000
2621 -1822.0000000000
2645 -1821.0000000000
2655 -1820.0000000000
2728 -1819.0000000000
2758 -1818.0000000000
2823 -1817.0000000000
2837 -1816.0000000000
2864 -1815.0000000000
2882 -1814.0000000000
2887 -1813.0000000000
2922 -1812.0000000000
2944 -1811.0000000000
2968 -1809.0000000000
2987 -1808.0000000000
3032 -1807.0000000000
3048 -1805.0000000000
3100 -1804.0000000000
3109 -1803.0000000000
3147 -1802.0000000000
3172 -1801.0000000000
3187 -1799.0000000000
3248 -1798.0000000000
3284 -1797.0000000000
3295 -1796.0000000000
3316 -1795.0000000000
3353 -1794.0000000000
3370 -1793.0000000000
3392 -1792.0000000000
3430 -1791.0000000000
3457 -1790.0000000000
3491 -1789.0000000000
3521 -1788.0000000000
3528 -1787.0000000000
3546 -1785.0000000000
3562 -1784.0000000000
3579 -1783.0000000000
3646 -1782.0000000000
3682 -1781.0000000000
3689 -1780.0000000000
3692 -1779.0000000000
3725 -1778.0000000000
3738 -1777.0000000000
3787 -1775.0000000000
3828 -1774.0000000000
3830 -1773.0000000000
3897 -1772.0000000000
3914 -1769.0000000000
3991 -1768.0000000000
4045 -1767.0000000000
4056 -1766.0000000000
4131 -1765.0000000000
4136 -1764.0000000000
4177 -1763.0000000000
4193 -1762.0000000000
4215 -1761.0000000000
4217 -1760.0000000000
4230 -1759.0000000000
4259 -1758.0000000000
4296 -1756.0000000000
4365 -1754.0000000000
4382 -1752.0000000000
4410 -1751.0000000000
4488 -1749.0000000000
4531 -1748.0000000000
4555 -1746.0000000000
4621 -1745.0000000000
4661 -1744.0000000000
4671 -1743.0000000000
4673 -1742.0000000000
4711 -1741.0000000000
4733 -1740.0000000000
4737 -1739.0000000000
4753 -1738.0000000000
4824 -1737.0000000000
4829 -1736.0000000000
4866 -1735.0000000000
4888 -1734.0000000000
4921 -1733.0000000000
4946 -1732.0000000000
4954 -1730.0000000000
5006 -1728.0000000000
5081 -1727.0000000000
5144 -1726.0000000000
5149 -1725.0000000000
5164 -1723.0000000000
5210 -1722.0000000000
5237 -1721.0000000000
5242 -1719.0000000000
5297 -1718.0000000000
5333 -1717.0000000000
5365 -1716.0000000000
5411 -1715.0000000000
5417 -1713.0000000000
5453 -1712.0000000000
5490 -1711.0000000000
5544 -1709.0000000000
5593 -1708.0000000000
5644 -1706.0000000000
5650 -1704.0000000000
5698 -1703.0000000000
5735 -1702.0000000000
5839 -1701.0000000000
5871 -1700.0000000000
5885 -1699.0000000000
5933 -1698.0000000000
5992 -1697.0000000000
6025 -1696.0000000000
6030 -1695.0000000000
6105 -1694.0000000000
6109 -1693.0000000000
6154 -1691.0000000000
6220 -1690.0000000000
6244 -1689.0000000000
6288 -1688.0000000000
6313 -1687.0000000000
6388 -1686.0000000000
6403 -1685.0000000000
6407 -1684.0000000000
6457 -1683.0000000000
6482 -1682.0000000000
6501 -1681.0000000000
6544 -1680.0000000000
6567 -1679.0000000000
6595 -1678.0000000000
6598 -1677.0000000000
6618 -1675.0000000000
6652 -1674.0000000000
6665 -1672.0000000000
6719 -1671.0000000000
6736 -1670.0000000000
6743 -1669.0000000000
6818 -1668.0000000000
6837 -1667.0000000000
6882 -1666.0000000000
6908 -1665.0000000000
6944 -1664.0000000000
6976 -1663.0000000000
6980 -1662.0000000000
7048 -1661.0000000000
7051 -1660.0000000000
7103 -1659.0000000000
7117 -1657.0000000000
7119 -1656.0000000000
7154 -1655.0000000000
7170 -1654.0000000000
7231 -1653.0000000000
7264 -1652.0000000000
7287 -1651.0000000000
7292 -1650.0000000000
7317 -1648.0000000000
7375 -1647.0000000000
7429 -1644.0000000000
7517 -1643.0000000000
7551 -1642.0000000000
7577 -1641.0000000000
7611 -1640.0000000000
7621 -1639.0000000000
7685 -1638.0000000000
7702 -1637.0000000000
7706 -1636.0000000000
7717 -1635.0000000000
7800 -1634.0000000000
7831 -1633.0000000000
7871 -1632.0000000000
7911 -1630.0000000000
7949 -1629.0000000000
7965 -1628.0000000000
8028 -1626.0000000000
8079 -1625.0000000000
8138 -1624.0000000000
8176 -1622.0000000000
8281 -1620.0000000000
8332 -1619.0000000000
8356 -1618.0000000000
8378 -1615.0000000000
8381 -1614.0000000000
8405 -1613.0000000000
8422 -1612.0000000000
8461 -1611.0000000000
8472 -1610.0000000000
8564 -1608.0000000000
8610 -1607.0000000000
8652 -1606.0000000000
8657 -1605.0000000000
8697 -1604.0000000000
8701 -1603.0000000000
8776 -1601.0000000000
8835 -1600.0000000000
8852 -1599.0000000000
8879 -1598.0000000000
8959 -1597.0000000000
8986 -1595.0000000000
9006 -1594.0000000000
9029 -1592.0000000000
9131 -1590.0000000000
9214 -1589.0000000000
9220 -1588.0000000000
9239 -1587.0000000000
9280 -1586.0000000000
9336 -1585.0000000000
9344 -1584.0000000000
9361 -1583.0000000000
9373 -1581.0000000000
9426 -1580.0000000000
9512 -1579.0000000000
9535 -1578.0000000000
9551 -1577.0000000000
9579 -1576.0000000000
9583 -1575.0000000000
9636 -1574.0000000000
9675 -1573.0000000000
9700 -1572.0000000000
9791 -1570.0000000000
9831 -1569.0000000000
9860 -1568.0000000000
9895 -1566.0000000000
9902 -1564.0000000000
10009 -1563.0000000000
10050 -1566.0000000000
evaluations raw_y
1 -1974.0000000000
2 -1963.0000000000
3 -1947.0000000000
13 -1935.0000000000
17 -1923.0000000000
24 -1911.0000000000
38 -1859.0000000000
113 -1857.0000000000
169 -1855.0000000000
175 -1854.0000000000
241 -1853.0000000000
275 -1852.0000000000
303 -1851.0000000000
309 -1850.0000000000
349 -1848.0000000000
366 -1847.0000000000
386 -1846.0000000000
437 -1845.0000000000
468 -1844.0000000000
484 -1843.0000000000
512 -1842.0000000000
524 -1841.0000000000
548 -1838.0000000000
552 -1837.0000000000
583 -1836.0000000000
599 -1835.0000000000
648 -1833.0000000000
670 -1832.0000000000
716 -1831.0000000000
735 -1830.0000000000
761 -1829.0000000000
792 -1828.0000000000
816 -1827.0000000000
851 -1826.0000000000
872 -1825.0000000000
922 -1824.0000000000
953 -1823.0000000000
961 -1822.0000000000
1002 -1821.0000000000
1023 -1820.0000000000
1046 -1819.0000000000
1088 -1818.0000000000
1123 -1817.0000000000
1143 -1816.0000000000
1144 -1815.0000000000
1201 -1813.0000000000
1222 -1811.0000000000
1230 -1810.0000000000
1290 -1809.0000000000
1315 -1807.0000000000
1326 -1806.0000000000
1381 -1805.0000000000
1390 -1804.0000000000
1416 -1803.0000000000
1421 -1800.0000000000
1501 -1799.0000000000
1526 -1798.0000000000
1546 -1797.0000000000
1626 -1796.0000000000
1636 -1795.0000000000
1658 -1794.0000000000
1704 -1793.0000000000
1714 -1792.0000000000
1761 -1790.0000000000
1823 -1789.0000000000
1830 -1788.0000000000
1867 -1787.0000000000
1920 -1786.0000000000
1932 -1784.0000000000
1999 -1783.0000000000
2033 -1782.0000000000
2070 -1781.0000000000
2140 -1780.0000000000
2155 -1779.0000000000
2200 -1778.0000000000
2211 -1777.0000000000
2239 -1776.0000000000
2274 -1775.0000000000
2307 -1774.0000000000
2345 -1773.0000000000
2363 -1772.0000000000
2378 -1769.0000000000
2393 -1768.0000000000
2444 -1766.0000000000
2518 -1764.0000000000
2580 -1762.0000000000
2617 -1760.0000000000
2641 -1758.0000000000
2677 -1757.0000000000
2702 -1756.0000000000
2726 -1755.0000000000
2745 -1754.0000000000
2777 -1753.0000000000
2829 -1750.0000000000
2897 -1749.0000000000
2953 -1748.0000000000
2979 -1746.0000000000
3000 -1745.0000000000
3018 -1744.0000000000
3048 -1742.0000000000
3090 -1741.0000000000
3130 -1740.0000000000
3173 -1739.0000000000
3195 -1738.0000000000
3201 -1737.0000000000
3237 -1736.0000000000
3238 -1735.0000000000
3261 -1734.0000000000
3304 -1733.0000000000
3365 -1732.0000000000
3394 -1731.0000000000
3415 -1729.0000000000
3466 -1728.0000000000
3495 -1727.0000000000
3509 -1725.0000000000
3552 -1724.0000000000
3580 -1723.0000000000
3621 -1722.0000000000
3632 -1721.0000000000
3678 -1719.0000000000
3681 -1717.0000000000
3736 -1716.0000000000
3760 -1713.0000000000
3877 -1711.0000000000
3906 -1710.0000000000
3922 -1709.0000000000
3972 -1706.0000000000
4019 -1704.0000000000
4028 -1703.0000000000
4099 -1702.0000000000
4113 -1701.0000000000
4148 -1700.0000000000
4193 -1698.0000000000
4240 -1697.0000000000
4277 -1696.0000000000
4329 -1695.0000000000
4362 -1694.0000000000
4389 -1693.0000000000
4443 -1692.0000000000
4471 -1691.0000000000
4529 -1690.0000000000
4569 -1689.0000000000
4570 -1687.0000000000
4621 -1685.0000000000
4674 -1684.0000000000
4679 -1683.0000000000
4708 -1682.0000000000
4752 -1680.0000000000
4807 -1679.0000000000
4838 -1678.0000000000
4898 -1677.0000000000
4909 -1676.0000000000
4911 -1675.0000000000
4975 -1674.0000000000
5005 -1673.0000000000
5018 -1672.0000000000
5027 -1671.0000000000
5053 -1669.0000000000
5134 -1668.0000000000
5156 -1667.0000000000
5158 -1666.0000000000
5161 -1665.0000000000
5206 -1664.0000000000
5238 -1663.0000000000
5249 -1662.0000000000
5251 -1660.0000000000
5316 -1658.0000000000
5324 -1657.0000000000
5348 -1656.0000000000
5387 -1654.0000000000
5427 -1653.0000000000
5465 -1652.0000000000
5481 -1651.0000000000
5491 -1650.0000000000
5537 -1649.0000000000
5573 -1648.0000000000
5600 -1647.0000000000
5644 -1646.0000000000
5645 -1644.0000000000
5717 -1643.0000000000
5742 -1642.0000000000
5770 -1641.0000000000
5809 -1640.0000000000
5814 -1639.0000000000
5870 -1638.0000000000
5873 -1637.0000000000
5900 -1635.0000000000
5982 -1633.0000000000
6014 -1631.0000000000
6042 -1630.0000000000
6078 -1628.0000000000
6104 -1627.0000000000
6129 -1625.0000000000
6145 -1624.0000000000
6156 -1622.0000000000
6216 -1621.0000000000
6232 -1620.0000000000
6290 -1619.0000000000
6325 -1618.0000000000
6332 -1617.0000000000
6355 -1615.0000000000
6407 -1614.0000000000
6468 -1612.0000000000
6534 -1611.0000000000
6551 -1610.0000000000
6574 -1609.0000000000
6591 -1608.0000000000
6620 -1607.0000000000
6644 -1606.0000000000
6661 -1605.0000000000
6735 -1602.0000000000
6756 -1601.0000000000
6800 -1600.0000000000
6840 -1598.0000000000
6859 -1597.0000000000
6895 -1596.0000000000
6977 -1595.0000000000
7013 -1594.0000000000
7030 -1593.0000000000
7061 -1592.0000000000
7066 -1591.0000000000
7086 -1589.0000000000
7159 -1588.0000000000
7193 -1587.0000000000
7232 -1586.0000000000
7269 -1585.0000000000
7293 -1584.0000000000
7319 -1583.0000000000
7371 -1582.0000000000
7375 -1581.0000000000
7394 -1580.0000000000
7424 -1579.0000000000
7449 -1578.0000000000
7494 -1577.0000000000
7501 -1576.0000000000
7524 -1575.0000000000
7571 -1574.0000000000
7587 -1573.0000000000
7635 -1572.0000000000
7651 -1571.0000000000
7664 -1570.0000000000
7699 -1569.0000000000
7730 -1568.0000000000
7758 -1567.0000000000
7795 -1566.0000000000
7806 -1563.0000000000
7887 -1561.0000000000
7919 -1560.0000000000
7951 -1558.0000000000
8012 -1557.0000000000
8044 -1556.0000000000
8077 -1555.0000000000
8102 -1554.0000000000
8149 -1553.0000000000
8165 -1552.0000000000
8220 -1551.0000000000
8245 -1550.0000000000
8286 -1549.0000000000
8310 -1548.0000000000
8379 -1546.0000000000
8439 -1544.0000000000
8456 -1543.0000000000
8483 -1542.0000000000
8551 -1540.0000000000
8574 -1539.0000000000
8613 -1536.0000000000
8707 -1535.0000000000
8733 -1534.0000000000
8790 -1533.0000000000
8822 -1532.0000000000
8842 -1531.0000000000
8846 -1530.0000000000
8859 -1528.0000000000
8867 -1527.0000000000
8899 -1525.0000000000
8958 -1524.0000000000
9021 -1523.0000000000
9088 -1522.0000000000
9108 -1520.0000000000
9146 -1518.0000000000
9209 -1517.0000000000
9239 -1516.0000000000
9265 -1514.0000000000
9299 -1513.0000000000
9402 -1512.0000000000
9430 -1511.0000000000
9451 -1509.0000000000
9491 -1507.0000000000
9571 -1504.0000000000
9636 -1503.0000000000
9697 -1502.0000000000
9715 -1501.0000000000
9761 -1500.0000000000
9776 -1499.0000000000
9855 -1498.0000000000
9867 -1497.0000000000
9912 -1495.0000000000
9922 -1494.0000000000
9959 -1493.0000000000
9980 -1492.0000000000
10037 -1491.0000000000
10050 -1490.0000000000
