evaluations raw_y
1 706431.6150446173
3 711695.5887144658
20 715487.6904496799
24 723480.6694922982
38 725739.7980768728
43 728524.2996263861
59 737248.2386367396
88 738392.6864705898
99 739969.6397754546
100 740635.6656043842
102 740751.4619389229
113 740960.4660437152
115 743109.1574826279
118 746084.0883559948
133 746418.4935339995
137 746429.9063610695
139 746647.8092309857
146 747336.1404293575
154 747817.3187526547
158 748492.5815788996
159 749144.0915220410
164 749324.4823387478
168 749363.4508108033
177 749805.9260141277
180 751550.6766183712
182 751724.5591815911
194 751747.8356575140
199 752458.4312274419
202 753593.4456203870
215 753638.2946112519
216 753847.0314522317
218 754600.4269266232
220 755048.9454368672
224 755451.1335299695
232 755610.4806233145
246 755905.3286590764
250 755985.5397640994
256 756084.4034281090
257 756125.9489925130
260 756164.6162011338
261 756756.0293288067
272 756818.6156739967
287 757415.2556388152
289 757669.3131159622
302 758126.9985815445
306 758446.2404009566
309 758750.0427253569
315 759065.1795864363
320 759390.5660938364
325 759717.4938629960
327 759921.6906272589
330 760070.5939805433
339 760678.1222164639
350 761156.1642683892
358 761564.7016896839
366 762010.5835957405
376 762525.8344426046
395 762800.6837034283
399 762945.4458587609
406 763733.3129558992
419 764477.0972257522
428 764492.4193434308
442 765437.8399523315
447 765509.2538323960
455 765801.3943465889
461 766341.6998357235
468 766408.5835179668
469 766542.3254222473
471 766884.3077851904
473 768209.6048518843
487 769098.1303798229
492 769509.4116987369
504 770536.6769414799
508 770624.7412457819
518 771849.7001908139
523 772059.8014688139
543 772953.9644003449
546 773074.8544882671
550 774081.4313384913
559 774083.8167560734
563 774280.1175429599
568 774691.4063913859
573 774706.2579814419
575 774860.7464877977
587 775604.5704632389
601 777006.4586917051
613 777505.7610149815
622 777655.9110030263
629 777952.0630517830
644 778469.2812220835
651 778671.9369833969
655 779352.7585239360
661 779653.2801642797
665 780895.7579959169
677 781603.8868494035
695 782369.6161394434
704 783062.3345745089
713 783169.9718175341
718 783210.2908861333
737 784257.3443200728
753 784429.0023946511
755 784785.5996396716
773 785281.9966756110
785 785960.0568540740
790 786834.6632003248
791 787093.4218990674
804 787221.6235249258
809 787415.5359975824
815 789014.7252239622
843 789024.8189984842
850 789662.0818519862
861 789718.9347436940
863 789850.6399539803
864 790421.7914701272
873 790730.1988212214
885 791709.0225539118
892 792406.9956317721
910 792749.3112046922
914 793353.0985562037
925 794743.1018621738
936 795289.8615130155
955 795764.1298046481
963 796712.3569962076
982 797177.4469183302
991 797358.6066450421
992 798038.4556938579
1000 798147.3726551695
1002 798311.2553289428
1006 799161.7964851804
1010 800438.6237585539
1018 800878.5561085345
1038 801383.9048176918
1042 802000.1907953043
1052 802370.1060630044
1067 802572.8355852007
1070 802892.1169242619
1079 803866.3641191947
1084 804069.7607708807
1092 804702.7542458422
1112 805422.5790456868
1115 806095.5329317321
1129 806492.4336678201
1147 806988.5441078118
1153 806992.7185780870
1155 807508.2118915099
1173 807557.6497084735
1182 807867.6309672202
1191 808143.3826363061
1193 808200.8133772850
1198 808906.4515059724
1208 808970.4258446373
1209 809254.1744969481
1216 809263.2632504740
1217 810174.5979185710
1222 810289.3344516923
1228 810646.9106561500
1246 810855.5891136123
1254 811500.5994761700
1259 811746.5139322303
1270 811940.2713769724
1272 812146.2604409532
1278 812350.1677292690
1280 812755.0556457830
1281 813205.2366038040
1291 813261.9639493723
1295 814177.9598334340
1302 814426.1678657734
1312 814476.5969831387
1313 814649.6890266268
1321 815305.5725959491
1329 815515.7693179523
1333 815975.2057479725
1343 816309.9758093632
1345 817057.4527498322
1365 817532.0259590766
1367 817582.4463401872
1369 817610.6533752907
1374 817928.9380639422
1376 817979.3584301124
1379 818160.2213772335
1382 818756.4704400789
1391 819168.3389068991
1393 819212.1509158942
1409 819559.7323344285
1416 820059.2885462596
1425 820071.3762263228
1431 820609.9026090460
1432 821335.6333807327
1439 821603.6527046043
1441 821976.7928085497
1460 823275.4353506983
1477 823651.9099905198
1485 823728.8649702189
1494 823855.7250812192
1496 824267.5141867966
1510 824720.9414897092
1520 824865.1012142529
1528 824957.4318249094
1532 825045.2531113741
1540 825189.5316558701
1541 825787.1199551927
1547 825910.4644377889
1553 826143.2140490409
1560 827364.7961240012
1568 827957.0158042304
1580 828267.8828763203
1583 828928.2967755835
1591 829285.1884565966
1593 829688.6656272707
1600 830084.1140556833
1610 830257.4379061139
1618 830382.3238563968
1619 830973.2752241325
1632 831271.4843315772
1654 832224.4008079382
1684 832543.1213367057
1685 832870.2748165469
1700 833157.2380737764
1722 833422.3811494096
1726 833670.0604933735
1748 833942.2321511502
1756 834270.7569086878
1763 834615.0648048448
1769 835418.7565308729
1782 835602.4385898013
1793 835873.0506852625
1800 836749.2219200173
1801 837207.4508580230
1802 837268.6699068092
1818 837433.0702477501
1820 838465.5982829022
1826 838700.7918732129
1835 838888.5177564902
1836 839166.1934599498
1847 839383.4337749999
1856 839834.5286979526
1858 840014.9349172161
1868 841282.5448582139
1895 841510.4407429955
1899 841736.1044258755
1901 842050.8918498111
1908 842366.2638632033
1912 842792.2920784679
1928 843049.7564808370
1944 843236.2263322613
1948 843460.9277589917
1949 843649.4232415542
1956 844081.3558037727
1960 844176.0801023660
1963 844530.5215430211
1970 845028.6236712760
1982 845346.8303035651
1991 845789.9215402342
1994 845821.4095652150
1997 846059.5749324170
2004 846547.9810390982
2005 847046.9361940136
2008 847874.2643738802
2016 848226.4348005994
2022 848708.4104474299
2025 848809.5392865273
2026 849178.0966314164
2034 849274.0450008867
2039 849923.5258376366
2049 850186.9666240570
2060 850291.8323733528
2078 851066.9835477771
2096 851198.9124158020
2109 851608.0998047789
2116 851648.1903551522
2118 851948.4156767868
2121 852109.4759799016
2129 852471.3990793878
2133 852654.5634181214
2141 852697.8884176851
2147 853103.2161837998
2153 854283.3579629334
2165 854459.0580217473
2166 855729.6581800695
2182 856258.5332228154
2189 857159.1238823695
2205 857507.6098767946
2214 857911.5652960173
2228 858045.8663210131
2230 858396.2723115779
2232 858433.0176239120
2234 858722.3703668517
2237 858747.7769754665
2244 859404.8276589303
2246 859703.2002688845
2249 859749.7745648730
2252 859989.8746568516
2259 860154.5555639203
2266 860296.5091446548
2267 860351.2316853241
2271 860634.0594048557
2274 860753.8559570953
2276 861882.7594095904
2284 862469.7832448001
2294 862481.7543868551
2296 862917.7692262902
2298 863762.1078048248
2311 864117.5738416266
2314 864682.5082446362
2319 865256.9469397085
2336 865737.8316723155
2350 865932.6204042133
2353 865960.7628430114
2360 866256.6428857147
2369 866362.9180021234
2373 866826.3130414098
2374 867138.2566697950
2375 867663.7081645996
2386 867930.6555212206
2390 868544.6084267071
2399 868803.9465013834
2403 869299.2068909853
2406 869797.0264023495
2412 870395.4431024602
2421 870814.1233015414
2428 870930.5145180266
2432 871505.5010218032
2447 871508.2341054346
2450 871524.8305895900
2452 871723.6385366871
2454 872916.2394595324
2469 873378.1401446866
2473 873460.9437596251
2478 873705.7025664260
2489 874405.2727461460
2491 874853.2086867962
2496 875206.4181103051
2504 876219.7662108304
2509 877657.8614040487
2527 877809.4542254567
2545 878827.7558195868
2558 878835.4064564013
2559 878923.9278407508
2564 880313.3617964131
2583 880526.3871073190
2584 881546.6098597740
2597 881878.0066926371
2607 882307.8637790651
2621 883158.3086659890
2628 883750.1006132036
2630 884126.0555878207
2632 884937.9529193948
2648 885091.1555358779
2649 885374.5774194381
2655 886448.4163946183
2667 886486.0528394139
2696 886890.7817881886
2700 886970.1685727887
2705 887668.2373503275
2714 888675.7005219684
2715 888822.1281959659
2724 889023.9496888762
2740 890210.1944443396
2754 890333.8001149147
2764 890505.1452067936
2765 890563.6066975986
2767 890627.3944979234
2769 891759.5128064288
2777 891784.0589236937
2789 891817.9646550181
2791 892064.0131551926
2796 892107.4017836229
2798 892141.3060092709
2816 892190.0042892491
2819 892214.4769769239
2829 892330.1913461777
2830 892533.7762058751
2835 892623.0697516534
2841 892659.7651538089
2847 892849.9489320263
2852 892944.2639777864
2859 893595.5051057613
2877 894124.8141328684
2892 895229.5425827979
2907 895380.0003347880
2918 896766.5409298502
2934 897333.7123244072
2943 897980.2075933655
2947 898038.4849343104
2956 898895.6521093246
2964 899607.3010197650
2993 900364.9609451026
2996 900371.7809432843
3000 900741.3249318009
3013 900835.5201034893
3016 901178.0142963002
3021 901867.5717148423
3025 901876.6087882061
3035 902529.8294441256
3043 902547.3513214183
3054 902862.9011815095
3061 905076.2456919422
3084 905572.1785457170
3091 906293.5682848002
3100 906352.0530080474
3134 906507.7353945972
3135 907110.2468437871
3144 907283.2197341988
3148 908141.0909179518
3156 909259.1734606966
3171 909513.5732084601
3174 910094.2051474801
3192 910221.9475839203
3201 910403.0501697368
3204 911284.3513133627
3217 911574.0339757852
3245 911718.5953170419
3246 912099.1712119820
3253 912248.7385091564
3265 912359.1022860695
3272 912463.4966834143
3276 912991.9306885216
3281 913666.6339358961
3283 915348.9979609716
3314 915361.6775733365
3319 916165.2299040875
3326 916413.3259191592
3334 916471.7361868061
3336 916484.0435028521
3338 916713.2553600938
3340 916848.7561036992
3346 917512.5921822827
3349 917914.8481033361
3361 918356.5470155536
3363 919176.7316220076
3366 919390.8353944338
3376 919393.6834141236
3377 920384.2603472653
3388 920659.3501190731
3396 921106.8084652961
3406 921477.4506822545
3413 921795.0990629054
3434 921950.7638529198
3435 922445.3678297750
3446 923164.6371922833
3452 923712.5572629661
3461 924452.3036411852
3471 924833.6858510835
3478 925282.0115487836
3487 925761.8350827142
3492 925817.0110416242
3498 925875.4304228062
3499 926210.1470815905
3502 926508.1414918689
3523 926842.8533908426
3530 927015.3318026094
3536 927234.0097573828
3537 927279.8325262569
3542 927387.7551925782
3546 927894.9426380795
3572 928226.2232214618
3578 928733.4078994235
3588 929534.6568390161
3614 929589.1473844453
3616 930390.3896645047
3624 930797.5124393360
3637 931333.2536635293
3653 931590.0694654540
3654 931916.8425002989
3656 931949.6014687263
3660 932314.2843993960
3665 932496.3950400107
3670 933430.6501790484
3682 933629.5254155926
3684 934141.3682800905
3694 934705.0426319290
3701 935097.2705673097
3711 935433.9158942088
3717 935747.1844870510
3721 935923.9990141754
3733 936383.5291715444
3740 936685.5761878089
3749 937406.8526506514
3760 937541.6320798215
3775 937626.3717840409
3780 937664.1809772373
3786 938113.8745719702
3792 938120.7973442172
3795 938900.6167748010
3810 938973.1324088195
3814 939131.1903308580
3823 939249.4760062270
3838 939613.8256567545
3854 939798.9150057080
3859 939920.3151052892
3867 939971.6235007897
3869 940004.1996217582
3875 940513.0514685272
3884 940662.6635257484
3885 941140.0096978380
3893 941226.9188724436
3901 942627.5195359216
3918 942946.2361021034
3925 943333.4887083687
3936 944102.2240172620
3939 944901.7303375269
3964 945688.7161938673
3967 945782.1718737457
3969 946569.1493813422
3997 946898.4095797769
4002 947666.0627930177
4012 947780.9843693369
4015 947835.2732524663
4021 947925.7138002178
4024 948470.0137048286
4034 948511.8124685371
4051 948743.9512312755
4056 949051.8682788371
4061 950231.1440285572
4080 950935.5845313724
4085 950959.1244564694
4089 951234.8791817101
4102 951292.3847109459
4105 951461.1433210132
4109 951874.9235537541
4116 951973.2954166245
4125 952460.9122360031
4136 952661.3809139410
4143 953427.7856374034
4147 953813.8883901412
4162 954180.9874164963
4163 954730.0676519589
4175 954965.0001994405
4191 955083.0034130627
4196 955390.7951282089
4202 955442.3241757770
4204 956120.8204376509
4215 956593.4201191288
4235 956833.0649218350
4237 956881.1381635021
4248 957602.8400120236
4269 957802.2964755782
4276 959882.1149344615
4293 960567.9645060109
4301 960713.5180992289
4309 961458.5996670491
4331 961479.1861377300
4339 961527.8374454528
4350 962377.8054543090
4358 962471.0903232935
4364 963268.4335945940
4367 963337.6659734804
4380 963916.5956423762
4388 964101.1689039918
4401 964348.3897312882
4403 964473.7895027786
4405 964515.6176049327
4407 965616.9924525635
4416 965694.7635242355
4424 966565.2802676008
4437 966787.1914380022
4443 967043.8871164471
4455 967661.1791641156
4468 968427.1706351949
4484 968649.0815573768
4498 969072.6848703038
4502 969424.0464080289
4530 970293.1479206687
4549 970899.4205065150
4560 971542.7450341156
4571 971990.4837230707
4580 972246.4801698757
4582 972297.0275739268
4584 972300.2400584405
4586 972304.0345266799
4587 972575.2409381797
4590 972622.1168570973
4595 972658.5579334025
4598 972949.4320394943
4601 973160.8396228763
4604 973458.6704606608
4615 973465.6720953993
4621 973988.4533597633
4638 973988.6650828999
4641 974374.2508074772
4645 974729.1251152396
4658 974779.9603030629
4669 975337.5376934838
4686 975459.0641787759
4688 976371.5171121580
4704 976704.8196569423
4718 976893.1031307394
4726 977835.1374104347
4747 977904.9008922378
4753 978496.6444129404
4765 978756.7017934122
4766 979099.0148721604
4770 980444.3452536479
4785 980444.9134392760
4795 981280.7733307231
4820 981917.7976611673
4834 982114.9838401303
4838 983198.5577789402
4864 983676.3636413139
4889 983776.0067978784
4890 984188.4181064502
4895 984498.0471390801
4899 984659.5818481732
4901 984715.4310145860
4908 985650.0800087374
4954 985751.8649466151
4955 986228.8961828391
4963 986309.5620287200
4965 986490.5139063414
4973 986954.3408819700
4977 987148.8132789530
4980 987198.7603231604
4988 987389.9816260810
4994 988322.7849453551
5011 988357.9546207789
5013 989277.5448246970
5022 989608.4107315994
5028 989640.0813902461
5030 990241.1673132831
5047 990592.5551731909
5055 991274.1096200629
5059 991813.6592461910
5074 992569.8019332604
5088 992572.8161698865
5092 992838.5148173069
5095 993052.7587763576
5100 993639.1802551410
5110 994884.1479081559
5127 995451.1533646282
5136 995681.7848644718
5145 996749.9445540681
5170 996753.6734093229
5180 996823.4539878548
5185 998503.1461859331
5207 998821.3007852993
5219 998835.2764482363
5224 999008.0992114742
5229 999157.5510405791
5230 999229.6382490376
5232 999400.6397921648
5233 999545.9319846949
5238 999965.7459909635
5243 1000283.8838215679
5246 1000551.4780010724
5247 1000798.4931277196
5248 1001418.1967808150
5249 1001480.5895493004
5253 1002307.1707510542
5278 1003410.7253296393
5303 1004762.8218031871
5307 1005625.4529382905
5325 1006013.4788811655
5328 1006316.7000132168
5338 1006788.1040413963
5357 1007682.4639639343
5408 1007946.2007806243
5409 1008276.9454454315
5427 1008526.9504827547
5437 1008720.5935142002
5449 1008973.9532195874
5450 1009101.1984784659
5453 1009168.6920237548
5457 1009210.6156207361
5464 1009223.5123385834
5468 1009234.2428948152
5475 1010105.9117764217
5477 1010264.0533205379
5490 1010535.9417546573
5493 1011296.6247211052
5518 1011448.4858738898
5520 1011838.3532446354
5528 1012268.3797603667
5534 1012473.5955859525
5541 1012527.7844966898
5544 1013082.1698068484
5560 1013576.3212094639
5565 1013594.6590448694
5578 1014238.4166718842
5585 1014396.0640030782
5604 1014570.2152549194
5607 1014609.9708749483
5611 1014734.3269256263
5614 1014942.0184980978
5635 1014948.3313868014
5639 1015156.0295145619
5652 1015632.0222697258
5657 1015838.2874935589
5667 1016977.7359320369
5683 1017614.0680557983
5691 1017744.5392172388
5703 1018160.5218955103
5710 1018519.3736540213
5711 1018535.8846558678
5729 1019027.1656120596
5737 1019065.8281828533
5749 1019504.2982253340
5758 1020013.7460997200
5775 1020095.7819234678
5779 1020171.3427515352
5781 1020464.4059070140
5782 1020500.9996042214
5796 1020560.7479708939
5800 1021979.7430182616
5801 1022175.9217484157
5813 1022419.5821337447
5833 1023229.6020385884
5841 1023286.2228463317
5847 1023615.3916310120
5848 1024208.6658134551
5859 1024822.5050472700
5883 1025339.0563042292
5892 1025511.1171326473
5896 1025738.9906335599
5911 1026036.5787522680
5921 1026676.1404535855
5940 1027652.4130246876
5953 1028005.5888279682
5978 1028012.3747990526
5984 1028484.6422244514
6000 1028529.6914391598
6002 1028790.6804279275
6021 1028879.7927772364
6038 1029260.5040084401
6039 1029274.3524469535
6052 1030143.3919096695
6063 1030526.8529759861
6079 1030527.7467142548
6084 1031377.7132723369
6100 1031504.5687311683
6110 1031722.2034131527
6122 1031734.2261700651
6124 1031760.9470252499
6131 1032586.9668544850
6146 1032617.9859581990
6166 1033491.9663045902
6185 1033933.5175711614
6214 1034448.8573643055
6251 1034669.5539403338
6271 1034808.7523061102
6272 1035311.6134641931
6280 1035510.2776723454
6289 1035649.4890735232
6293 1036152.3200528946
6303 1036233.5731876708
6307 1036261.5614830281
6309 1036287.9465857771
6312 1037131.9317350823
6324 1037723.7798649304
6344 1037773.9479013399
6356 1038112.7772595224
6365 1038488.6159566740
6378 1039251.8099259654
6395 1039665.9206555567
6416 1039716.0816154431
6418 1039823.8255011922
6424 1040016.8391938158
6433 1040141.8992400037
6434 1040192.0590901817
6444 1040261.5359126001
6445 1040327.1136544733
6447 1040737.6668712713
6451 1041028.4265812063
6463 1041789.7504832678
6476 1042099.2500314936
6483 1042300.2255685045
6487 1042775.3884949994
6497 1043638.4824437336
6507 1043648.5568398827
6508 1044135.9239431586
6527 1044224.8780586396
6528 1044644.4554228142
6532 1045143.9935801914
6556 1045667.3271978314
6570 1046230.1622894831
6572 1046259.2556957217
6588 1046296.1826770594
6596 1046791.9258575104
6601 1047224.2921202445
6602 1047354.7754757642
6607 1047561.3850521459
6618 1047683.3687427123
6625 1047839.7061431392
6634 1048922.6269121459
6638 1048960.9776981673
6656 1049667.8338406275
6671 1049829.7019924398
6674 1050432.7543897077
6692 1051208.3063000466
6711 1051209.5209891482
6722 1051257.4512111950
6727 1051383.0577024061
6764 1051885.8891663316
6766 1053152.3426653678
6782 1053446.2554611508
6784 1053869.5715836887
6788 1053981.2740117270
6791 1054625.4141030763
6793 1055170.2121151043
6811 1055245.4395507094
6814 1055392.7458859468
6822 1055662.9567497857
6836 1055768.6941011876
6838 1055991.5859080823
6851 1056544.9078478019
6860 1056762.4509571290
6874 1056778.0394431998
6881 1057165.9857251216
6886 1057342.4448855426
6889 1057548.9039607765
6892 1058398.4258920352
6913 1058534.7415042378
6914 1058990.1816129291
6919 1059228.5086040655
6924 1059857.5389088134
6945 1060240.2648302349
6967 1060293.4010635468
6973 1060850.8893078563
6985 1061711.8521461317
6999 1061780.1014909346
7012 1062052.0781259995
7013 1062054.9615104664
7016 1062379.9460210791
7025 1062434.7406359757
7028 1062519.4257522558
7035 1063321.7415439640
7049 1063543.7793432365
7051 1063991.9860223266
7071 1064418.9156277850
7106 1064442.4601512137
7114 1065068.8444428772
7123 1065307.6804572344
7130 1065575.8185753913
7140 1066076.0544105389
7147 1066523.8624630347
7156 1066566.2429272896
7160 1066666.8300456242
7162 1066806.5554257808
7165 1067369.3274796449
7172 1067543.1006947968
7175 1067615.0824224555
7181 1068173.9507953266
7188 1068298.6067592988
7202 1068594.8121552032
7204 1070248.5526932976
7228 1070681.9357813136
7242 1070766.0712533868
7249 1070816.4020203636
7253 1070978.7915752979
7254 1071224.8983345104
7255 1071707.8412698696
7263 1071815.1473618061
7266 1072099.3989738908
7275 1072829.8064271533
7293 1073664.8408369308
7325 1074025.3181698918
7338 1074420.6337424766
7339 1074478.6477274194
7350 1074584.9605286899
7364 1074872.1092474288
7393 1075023.9142846698
7397 1075166.0288601280
7401 1075166.4493484923
7402 1075526.9185725136
7403 1075559.9013430695
7418 1075962.9199094884
7422 1076227.5840435401
7436 1076741.6979986273
7444 1076874.1659026952
7453 1077421.7531795292
7463 1077961.5477010258
7489 1078016.9907333243
7501 1078339.8214817166
7502 1078394.4898496079
7505 1078492.7797500039
7510 1078891.4387186605
7519 1079382.5813203703
7534 1079603.6449902367
7540 1079924.3015576338
7548 1080648.2473760336
7561 1081554.9177098435
7591 1082140.7659748476
7621 1082461.4196940633
7626 1082474.5349599503
7628 1083383.6424069884
7642 1083410.2514781246
7649 1084356.6871231999
7675 1084798.6195613416
7686 1085097.4158124721
7695 1085343.6661161454
7698 1085476.2478953395
7701 1086750.4044516603
7705 1087277.0399786516
7716 1087325.6086526744
7726 1087365.2774343707
7734 1087734.5187031180
7735 1087874.6685274334
7737 1087894.8283541515
7738 1087990.6269621565
7743 1088114.2203634281
7756 1088174.0384756681
7757 1088808.3451912322
7764 1088848.0111247972
7779 1088874.5039836441
7786 1089478.5328307666
7829 1089805.6298369798
7856 1090111.2014716878
7872 1090125.8506883071
7877 1090438.2969845245
7884 1090643.4635412416
7892 1090737.1402738509
7912 1091335.5212338751
7928 1091601.3366614257
7932 1091850.5758385889
7939 1092199.7112528230
7947 1092498.5471032145
7954 1092940.0284126168
7957 1093408.4492389162
7970 1093566.9246204952
7971 1094030.2889714413
7983 1094225.9078229924
7994 1094356.8816630978
7999 1094681.5726371936
8001 1095174.3324114764
8013 1096023.0882541866
8017 1096356.2824683599
8025 1096491.4797547401
8028 1096870.9839331170
8037 1097099.7320910355
8041 1097113.3020502133
8042 1097568.9639939950
8060 1097893.5008265413
8063 1098631.8787306459
8072 1098777.5243731088
8092 1099263.1698760446
8096 1099637.3424276549
8097 1100342.5094735937
8124 1100417.5369285438
8133 1100576.0760184568
8148 1100634.8799028634
8149 1100969.0511529925
8159 1101550.8909436476
8167 1102541.1923955388
8177 1102801.0227065778
8183 1103253.0910384040
8202 1103293.2663433563
8203 1104016.9434470995
8230 1104250.3935434727
8233 1104850.7038478188
8237 1104861.0557306325
8247 1104888.2326322596
8252 1105442.8844930574
8257 1105886.3021890521
8261 1105954.4625025801
8300 1106464.4036158354
8309 1106532.5585500000
8313 1106988.5255321581
8319 1107056.6830513643
8325 1107207.5365175954
8334 1107386.1849948224
8337 1107668.1900984796
8360 1107825.6099603956
8369 1107875.9181222762
8372 1108221.4092379983
8373 1108521.5441480076
8380 1108840.4615002908
8434 1108896.0927865910
8436 1109038.7123071116
8439 1109215.0027529330
8451 1109279.0159111810
8456 1109403.6478212120
8471 1109421.6271942535
8477 1110049.1893325374
8482 1110173.8245957459
8502 1110308.8454710443
8503 1110760.1189117972
8510 1110884.7666272456
8531 1111036.6056375031
8539 1111270.0959363363
8550 1111516.7752707384
8554 1111908.9174698852
8570 1111964.5042722723
8575 1112344.7979151013
8583 1112403.2708469094
8585 1112671.9089918938
8602 1112813.9519085293
8603 1112873.8611261877
8608 1113081.8753591978
8618 1113233.7109384371
8624 1113705.0288769116
8634 1113841.1402853958
8635 1113856.8638168664
8638 1114010.1298847133
8641 1114546.5379838038
8643 1114715.5115794854
8645 1115024.6282180580
8649 1115169.6624473128
8670 1115557.2289076496
8686 1116390.9534521727
8697 1116575.3225638561
8710 1116928.1880994346
8725 1117483.0178706597
8738 1117741.9863544267
8751 1117852.6381831910
8753 1118314.2899755763
8766 1118573.2602338018
8793 1119122.1813939055
8795 1119226.6152827644
8814 1119469.4700821061
8821 1119604.4010622681
8826 1119775.5361069408
8827 1120799.2188020283
8893 1121110.1537646207
8900 1121761.1687044627
8907 1122233.6569102495
8929 1122263.6632334553
8932 1122508.4759743698
8934 1122508.8475445572
8936 1122870.8329169608
8940 1122902.7176177036
8945 1123063.3407246585
8959 1123656.5213575198
8963 1123742.9809606099
8967 1123952.9144374102
8971 1124295.5637296932
8982 1125138.3920187529
9001 1125668.2062928593
9012 1125752.2325281100
9016 1125843.7760247537
9026 1126312.6595798922
9042 1127113.3327739865
9065 1127193.3249412056
9073 1127228.5225390350
9079 1127665.5417045006
9089 1127741.6879259783
9106 1127757.7831789430
9108 1127784.9873363702
9122 1127809.9942786891
9126 1128081.6630567049
9131 1128521.6041301200
9162 1129166.6157561771
9177 1129228.9298613884
9181 1129674.5788101477
9190 1130152.8445232655
9213 1130325.7939353029
9214 1130447.1609955591
9235 1130740.1824863215
9237 1131122.4470328465
9241 1131600.7087352346
9274 1131790.9559190895
9285 1131963.8900108656
9296 1132347.1841814632
9306 1132520.1163551207
9326 1133227.0839348000
9340 1133337.2341078063
9348 1133366.1724078255
9361 1133822.8634702777
9366 1135708.3632900070
9369 1135847.4519702757
9380 1136445.9901033232
9424 1136950.0584649511
9427 1137241.9406048919
9428 1137357.3122199662
9442 1137649.1879756220
9449 1137812.6091324743
9456 1137840.4631145156
9461 1138247.7052027164
9473 1138936.9106268317
9494 1139272.1749416722
9515 1139487.5760214690
9521 1139908.2672504121
9527 1140071.1878891885
9528 1140310.3068114393
9542 1140505.5747119056
9567 1140820.0366126304
9586 1141016.8048999717
9612 1141025.0538254487
9616 1141370.1633271682
9635 1141803.6880313433
9656 1142050.5983102529
9662 1142338.3670227698
9667 1142543.3730956854
9694 1142554.6517216929
9709 1142780.6021645020
9710 1143535.9349497028
9718 1143884.7092604083
9734 1144055.2762128564
9738 1144722.4601420488
9742 1145363.0300876899
9767 1145585.3940299747
9772 1145586.7607983840
9804 1145668.3540506011
9815 1145693.7313407555
9818 1145754.4794929526
9831 1145755.8390443975
9839 1145923.7782263958
9840 1145953.6678206658
9847 1146203.9084108311
9858 1146209.0883097851
9875 1146265.5969627418
9884 1146690.5073741660
9894 1146940.4368586577
9908 1147002.1138303019
9915 1147435.6963751598
9926 1147569.7375712246
9942 1147752.1524590405
9957 1147866.7514270977
9959 1148564.0222068285
9964 1148583.4884352612
9972 1148587.2923679757
9979 1148672.2137028363
9980 1148853.5577006098
9981 1148880.4969665904
10003 1149218.9604386156
10006 1149542.1595036096
10010 1148587.2923679757
evaluations raw_y
1 683671.2812512706
2 694576.7004385145
4 716908.8475110000
10 719604.7608911729
16 725748.0833227807
20 731655.1624144855
28 742661.6130629997
57 743045.9733095508
67 744983.4718179227
78 745357.3675102525
82 746332.5017064849
87 746457.7349634705
92 746533.2418270363
94 747261.6410889103
96 747629.9774914403
97 751446.3311353553
100 752345.7088497510
101 755639.8898612187
111 755677.1678681202
121 755744.4658927333
130 756295.2466653672
135 756478.8055275399
138 758036.5610529096
146 759149.8445862452
164 759330.1405416507
166 759450.7594215057
173 759849.9841421014
177 760020.9241904367
195 760286.8095410215
207 760726.3514058229
209 760973.3754527508
217 761800.8327440936
233 762392.1129987938
238 763012.4468177693
248 763406.6006554875
252 763947.6388129109
256 763977.9272038817
266 766818.9548167048
295 767051.8701590117
304 767210.9927489848
318 767550.5773626418
332 769194.3979566017
348 770346.3269748202
366 770959.2048022135
382 771179.4841635849
388 771522.3696182164
393 771751.7893416487
402 772219.8517136478
412 772974.2330218719
418 773659.5840056923
427 773753.9933494191
434 773781.6076755882
444 774330.8179263575
446 774911.6503158201
462 775297.5051509577
468 776352.4882561847
479 776447.5300185475
486 776871.2897535055
494 777113.0186024378
504 777621.8728449668
507 777778.5395415179
517 778053.3149294517
526 779044.9731380687
540 779526.3587436001
557 779681.6158885931
563 779852.2083766399
565 780257.4629719609
566 780762.5697600199
586 780892.2156863865
595 781402.1249211971
596 781588.1552053426
620 781763.9680612780
622 782099.3825612358
627 783031.9399486467
633 783208.4080488754
637 783380.1235233578
640 784427.3822729232
657 784473.5907990198
666 784833.6126494966
667 785389.0596588666
689 785494.6167592830
691 786506.3816761953
694 786887.7843335707
707 787060.8290812871
709 787243.9737933273
714 788077.3978481659
722 789030.0260100574
730 790592.3718882641
744 790928.1196911271
752 791196.3630812110
759 791926.4601295068
763 792232.4630178110
768 792412.1478197997
773 792898.1257936076
777 793252.4924954785
782 793364.1633647468
787 794341.7904991145
808 794963.7108053593
841 795865.7300000207
848 796094.2343344687
853 796157.0572291202
856 796481.9086162712
870 797821.2002176507
880 798131.9280543566
895 798561.7583842443
899 798729.5960965842
900 798748.9823258863
914 798987.3561838362
916 799274.3553344839
922 799432.6176790575
931 800162.0639012376
942 800310.3496181220
951 800364.9927695368
962 801975.1987102701
973 803069.5287999980
987 803707.2465205624
993 803907.3113012877
998 803916.3757096253
1002 804029.9721417285
1012 804058.6144584089
1015 804664.0768060265
1019 805348.0027104631
1037 806114.9448342778
1042 806521.0709737262
1050 806832.1215017933
1058 808434.7842507849
1072 808768.8031233411
1079 809212.4079835286
1091 809758.7115585670
1101 809802.3513739115
1107 810092.1833272302
1108 810126.5347955849
1109 810730.2630190711
1122 811148.2435375357
1135 811204.7189179120
1136 812112.7794387297
1145 812599.6123319801
1160 812763.4627590082
1166 813256.7371754448
1173 813957.6144959204
1174 814441.9318710746
1183 815435.9023967464
1190 815968.8225273567
1203 816177.2633658557
1209 816989.8883820993
1214 817728.8409877670
1225 818288.7236136704
1242 819462.4166793235
1274 819771.5944213283
1281 819909.8653003596
1284 821386.1425293977
1294 821546.6362926259
1302 821919.7176369700
1312 822398.8234208045
1318 822518.7365844988
1321 822690.6329281160
1327 822829.8314158095
1337 823874.6777179574
1351 824092.5241890943
1352 824504.2323121850
1359 824952.8247656430
1361 825123.8705218678
1366 825336.8931506118
1369 825370.2968262888
1371 825607.9245254258
1377 825989.0761520059
1380 827631.1491503230
1415 827766.2934320909
1416 828080.9945487825
1417 828395.3375255632
1418 828673.8539521280
1419 829691.9870255430
1443 829812.9056137297
1446 830157.7757083364
1449 830661.6578485004
1456 830918.1180203627
1462 831361.7167431687
1472 831389.2902488430
1481 832384.5412402679
1497 832402.1163151782
1499 832429.0477710814
1505 833262.4598438982
1507 834149.3156471065
1510 834185.5187370522
1513 835253.3824286782
1514 835761.0683756020
1538 835836.4788801575
1544 836477.6247405576
1547 837246.1573962417
1571 837403.0739643358
1574 838045.4275445731
1607 838920.8201523325
1609 839305.1067836380
1621 839838.0316226045
1632 839937.6588425954
1634 839993.1140466027
1637 840080.7928356390
1639 840480.3762355535
1654 840672.4235734371
1662 840827.5039098287
1666 841234.9499480209
1668 841507.7168915386
1673 841625.0209159191
1678 842342.1027376942
1679 842624.5480966964
1702 842776.2635524995
1706 842895.0634068820
1710 843150.2970568655
1711 843292.0940725756
1721 843388.6761539078
1722 843395.2222915024
1734 843598.3741532420
1741 843728.8585888355
1751 844505.2102008791
1769 844842.8668782853
1774 845003.0604708769
1779 845198.8405074368
1780 845457.8025425095
1797 845864.9793399964
1809 846744.1160684635
1820 847023.0475863616
1824 847410.2517949364
1836 847721.8113621235
1838 848038.1741379671
1843 848101.5485066954
1844 848387.9469051990
1855 848681.6089520216
1859 849946.6879073880
1869 850543.4125227572
1872 850833.5306383147
1894 851580.7619926556
1905 851827.2599357966
1911 852511.5888255303
1914 853356.7488737588
1932 853766.6519328424
1936 853856.4459592388
1955 854570.0623300018
1958 854629.3572212799
1959 854847.9872875423
1962 854988.9429239373
1971 855603.5831287624
2000 856567.6980863573
2007 856768.6425992621
2008 856891.8608388966
2011 856971.3832657017
2023 857282.0415101355
2024 857363.0736419098
2026 857499.9102586881
2027 858192.7845755361
2033 858769.5522265510
2046 859512.7070417793
2078 860312.8079428106
2090 860360.4368179393
2097 861557.5354348272
2109 863050.6979173144
2131 863402.3166733786
2143 863429.8904888157
2144 863716.8452026540
2148 864018.1793700567
2151 864142.2558898687
2157 864164.5626366844
2158 864630.7348893270
2162 865309.7183839406
2178 866098.1388946269
2192 866725.4043805167
2202 866770.8900612039
2204 868185.7005733929
2226 869006.7400567023
2246 869643.0016872616
2262 869763.5203341830
2269 870350.9106871407
2272 870431.2595282359
2273 871159.3412765126
2288 871579.6000790186
2297 872762.6955449381
2310 872810.1978306022
2311 873523.9897786891
2339 874348.6707516829
2358 875300.4060188492
2368 875833.6609289014
2370 876492.9294321754
2386 877851.5403732857
2415 877863.5580985310
2416 878295.9595813819
2417 878956.9454732725
2422 879474.8913871793
2444 879767.5485099579
2457 880261.1112978971
2460 880276.3930415757
2465 881158.0348886510
2472 881673.3647954552
2475 881869.1088253588
2487 882401.0759137057
2491 882739.7946573561
2496 883235.6984087430
2505 883580.0096406158
2511 883591.2960498672
2515 883669.4871452135
2519 884331.6205707955
2531 885508.8196857016
2562 886121.0484463249
2567 886456.0117184656
2573 886893.3794247207
2579 887068.2358524349
2582 888767.6795887091
2626 888849.5161810553
2628 889411.4182430386
2631 889802.4246883222
2637 890133.3850572588
2649 890347.4572301266
2656 890418.1272876415
2664 890534.7909181796
2667 890636.1731036332
2670 890762.3849387175
2673 891353.5870817769
2683 891582.3088847457
2684 892501.6619463987
2699 892509.5336410425
2706 892737.1172778116
2707 892846.0474213511
2711 893483.4658955756
2718 893884.6672421393
2722 894797.8005857166
2733 894803.7473717340
2752 894902.6737484365
2768 894984.8958829108
2780 896418.7867795305
2783 896723.8790309055
2789 897241.7829391082
2809 899043.0994562949
2834 899492.8022907367
2844 900089.2030312984
2869 900737.4273485726
2871 901048.9372692264
2880 901126.3565900676
2897 901401.8833098894
2905 901648.0179826111
2912 902036.9433244719
2925 902080.0439515335
2948 902798.0107569821
2950 902917.9964955904
2952 903229.2790895439
2968 903850.6401657338
2981 904077.8872514237
2986 904208.0502091749
2988 904438.3365898391
2990 904790.7307546959
3005 905409.5845494814
3006 906450.9470992421
3036 907042.5639113466
3048 907401.4666293258
3057 907454.8230590903
3070 907595.2632032388
3074 908029.2651866288
3077 908356.3128032272
3080 909008.9656528711
3088 910094.8473892958
3101 910144.6507061181
3104 910309.0354945502
3105 910373.0923444987
3109 910861.3205190904
3110 912153.5323587034
3116 912741.6576559297
3130 913531.3555857404
3132 914287.4572443120
3138 915001.5747831707
3158 915476.9883371181
3167 915985.7397762226
3172 917067.9268005312
3192 917072.8154592561
3197 917774.8001485377
3203 917900.9511258921
3205 918409.7955969357
3213 918785.6413324047
3231 919108.5336245133
3232 919570.3732523569
3237 919641.2691781097
3238 919895.8932015353
3241 920107.3401078875
3244 920194.3150105905
3245 920237.9907341399
3247 920384.2906095914
3249 920897.0802379379
3257 921112.3717865199
3262 921585.5433538305
3270 923546.2230260153
3304 923651.0458874602
3313 924715.3904723466
3316 925286.9251739552
3326 925671.8462271459
3336 926066.8201736592
3340 926361.5978942624
3365 927059.7776569790
3375 927093.7093940000
3379 927887.2167753333
3393 928122.8579458223
3405 929099.3196694183
3414 929406.9204401911
3431 929572.8586798233
3434 930035.1106484473
3440 930315.1488393547
3451 930774.2859585319
3461 930997.0465149506
3469 931290.3063171081
3470 931378.6857758814
3474 931804.3084195306
3484 931982.3476936640
3486 932027.0685905080
3501 932234.0081174492
3509 932693.1416207238
3518 933746.2364651450
3533 933896.3848014013
3539 934434.9381239797
3567 934907.4934147069
3577 935578.6863666701
3610 936634.9051013398
3622 936896.3839314284
3627 937115.9751877056
3630 937297.4894556692
3640 937460.6535338800
3664 937599.9732255553
3667 937800.6934081421
3674 937976.4220561208
3684 938077.5799499954
3689 938487.3874402369
3692 938688.1022167699
3693 938879.5725273765
3694 940129.1384240165
3715 940426.7968337070
3727 940478.5842436001
3729 940571.0873244405
3730 941742.7618639540
3769 941872.5370473894
3775 942200.1013135851
3791 942801.9828997134
3803 942922.0554927195
3816 943066.3399537862
3833 943176.4547725524
3842 943214.4856199811
3854 943872.4170018749
3856 943878.0621362368
3857 944014.9105061295
3866 944076.6095488460
3870 944287.4849931637
3875 944464.2310430956
3890 944811.6110728325
3911 944940.3479945238
3913 945262.9808898387
3915 945795.7819541974
3927 946493.0860270926
3945 946621.8208180229
3957 946989.9180320053
3996 947142.5315074122
4005 947520.6008077727
4016 948248.3663166950
4031 948537.2905142041
4042 948630.0490421184
4044 949062.6640886585
4054 949232.3768197332
4056 949376.4159100229
4061 949408.2279825711
4066 949602.6526791980
4071 950267.6195127459
4091 951151.5135535413
4108 951532.8529330705
4115 951866.7464664149
4119 952236.9695116644
4120 952801.2653972395
4126 952853.6148391101
4135 952876.7759154070
4136 953756.6617567051
4141 953795.5914291997
4146 954536.3262703040
4157 955521.7622129164
4160 955669.0464596408
4170 956233.3324488971
4171 956447.1424960039
4172 957158.7124758778
4177 957212.7692931336
4185 957914.4542135273
4200 959069.4518506827
4212 959675.2251146305
4234 959784.2801310244
4235 960704.4464741501
4251 960932.3471745315
4255 961717.0929831653
4264 961734.6695133081
4267 961872.1081673718
4270 962297.9244885911
4291 962315.5007240168
4292 962550.1334538198
4299 962960.2331228134
4303 963113.4053630272
4309 963472.7541894754
4317 963722.3459287888
4323 963851.9558286237
4329 964083.9945659564
4332 964101.5476449078
4340 965245.5838756232
4355 966362.3255507326
4366 967355.9453325599
4373 968236.0583641561
4404 968391.9818624966
4426 968532.3597794119
4427 968558.9068084636
4431 968603.7747361755
4439 968620.0611663336
4445 968699.2846438267
4446 968955.1953875329
4471 969227.8354484561
4494 969959.5352438830
4535 970215.4422560334
4537 970307.6856530756
4546 970788.6372039899
4562 971234.0127212929
4576 971515.4389685217
4581 971582.1573149781
4589 971673.7556451824
4592 973306.2393402869
4606 973751.6075152472
4608 973812.0519825277
4611 973934.9574567010
4616 974050.9244029882
4625 974411.4564205764
4626 974519.5568594319
4631 974561.8939017730
4632 974618.2367912821
4641 974710.7681657845
4652 975444.3706635444
4655 975470.7623640689
4663 975586.6644978485
4664 975746.5781614011
4668 976566.1881691904
4675 976584.6844687976
4682 976676.0374924539
4695 976748.7990092555
4698 976879.8253628247
4703 977363.9231497074
4720 977453.0813676049
4721 977616.1795874170
4722 977922.8602099293
4740 977992.4254948794
4742 978134.4148166290
4745 978587.5154961332
4750 978643.1466292371
4760 978780.5135895006
4765 978854.6811459250
4772 978874.8251636346
4775 979019.3834964704
4778 979093.5507311350
4783 979491.4548300322
4810 980331.0376745887
4836 980865.7901947309
4846 981083.8147927888
4855 981187.2621181855
4856 981940.9293199849
4860 982322.7125309752
4884 982727.7303212362
4887 982732.2157556807
4889 983175.4886326529
4890 983869.1600161284
4923 984620.3550049311
4944 984898.8858346066
4948 985481.8294281475
4954 985896.1915895160
4958 985965.9864649561
4969 986045.4193597264
4970 986145.0867855202
4975 986148.5600081565
4976 986954.0596377878
4987 987064.9713907543
4995 987453.2821458977
5002 988086.4868260227
5014 988384.2638881949
5035 988556.1630755023
5042 988838.2116693808
5060 989332.4509563718
5079 989615.3546040580
5081 989830.4882116875
5082 990132.4450327791
5106 990717.3002786173
5114 990758.4659239820
5125 990855.6695463099
5136 991370.5235899655
5150 991541.1141142710
5154 992152.5295117307
5160 992908.3192669505
5184 993398.3397019998
5188 993742.1370550906
5193 993818.5965855483
5197 993910.5037499560
5202 994232.1534792368
5204 994496.9355553841
5206 994652.4100404892
5218 994839.7798320111
5220 996158.4984475705
5238 996298.8135213683
5254 996583.7420273221
5262 996626.2829054375
5267 997762.0101041851
5283 997795.1723776066
5287 997909.8572473124
5303 998426.4181345275
5304 998651.6757601693
5307 998975.5308195284
5313 998988.3499366270
5315 999597.9753000202
5344 999835.8118667327
5349 1000488.4265279557
5350 1000558.4237484549
5363 1001351.2335958609
5397 1001808.3123785716
5399 1001896.0223782590
5420 1001990.2018862437
5429 1002394.4754980608
5433 1002398.8159025478
5435 1002551.3404497447
5448 1003100.4612744536
5449 1003252.9698025063
5459 1003255.2777343112
5463 1004594.8866799977
5471 1005057.5621821171
5477 1005106.5643060356
5487 1005779.4480984953
5506 1005795.9443529211
5510 1007462.1017747642
5520 1007706.7403638801
5523 1007825.0278559495
5552 1007839.9434899912
5559 1007916.6171097216
5564 1008084.5765946440
5567 1008262.6105874744
5571 1008295.5691229480
5572 1008714.7349030413
5581 1008846.4992335916
5589 1008945.4421601682
5592 1009316.1780931011
5595 1009334.9709496502
5603 1009582.3632269992
5606 1009594.2120020776
5608 1009607.7486798811
5609 1009635.0992746751
5612 1009792.7884956392
5613 1010115.1823561804
5614 1010752.3021710302
5622 1010938.4819733016
5628 1011035.7770865946
5634 1011315.6333249174
5671 1011376.6979691006
5677 1011835.2249860925
5687 1012137.8298394691
5694 1012531.6514874453
5696 1012771.6031203601
5701 1013532.7232846450
5708 1013990.7617673444
5710 1014067.4793849739
5718 1014988.3380952517
5742 1016033.8657488237
5753 1016909.1582474037
5777 1016951.2337254033
5793 1017172.3966827631
5798 1018576.2217242494
5800 1019301.1470852200
5809 1019338.8056808835
5822 1019856.9239550355
5831 1019930.0142118144
5832 1020114.3940053922
5835 1021566.9282905788
5849 1021929.5343728295
5858 1021975.6179650915
5863 1022191.2879732749
5880 1023130.1933975575
5897 1023223.3884323721
5900 1023305.8815200173
5904 1023379.5871705536
5912 1024050.3505647652
5920 1024257.7243476046
5924 1024620.2213331711
5931 1024639.7191385275
5946 1024742.7764779489
5949 1025042.4040980266
5951 1025542.5295713712
5966 1025575.4098025967
5970 1026428.7516998645
5997 1026731.6632073579
6000 1026919.6912821237
6005 1027384.7137377207
6022 1028212.7744196777
6040 1028315.1707376097
6047 1028421.1872902371
6050 1028596.8291931159
6053 1029246.9954929691
6058 1030522.9665757503
6064 1031057.4555693996
6075 1031235.7301889996
6080 1031852.5264691724
6098 1031944.5498032027
6125 1032199.0632296165
6131 1032750.9387278650
6167 1032927.4389808999
6198 1033323.0466582670
6201 1033754.1464517470
6255 1034022.3349176932
6273 1035635.4413671212
6321 1035883.5924676887
6343 1035975.2365626594
6352 1036017.4816061095
6353 1036118.4062271755
6357 1036719.3183746310
6358 1037498.0038679205
6378 1037888.7955942133
6393 1037991.1309916328
6396 1038462.1748613003
6397 1038526.3952188378
6401 1039303.1656478845
6424 1039951.2956543508
6460 1040186.1080963283
6470 1040432.1713572687
6477 1040440.7627428098
6482 1040666.9833579153
6488 1040675.5746100991
6494 1040756.8855908223
6505 1040991.6970437997
6521 1041000.2845532382
6530 1041291.8163930528
6554 1041533.2373793768
6560 1042251.1205381897
6576 1042346.6175560683
6579 1042492.5410389040
6580 1042606.6568827063
6582 1043229.8996271776
6589 1043289.6549559620
6594 1043994.0901486704
6597 1044578.2803888081
6610 1044965.1977742634
6630 1045244.3838917733
6637 1045943.2618216074
6665 1046064.0724475704
6667 1046804.9331892818
6700 1047163.6824258919
6706 1047342.0665489663
6739 1047787.4424244710
6748 1047882.1467683696
6749 1048474.5157394962
6757 1049345.5736842607
6759 1049796.0996706262
6769 1049982.1743410374
6779 1050422.6163664120
6783 1050452.1419673122
6790 1050556.4684309971
6792 1050774.7584082903
6794 1050926.1185241973
6803 1051030.4453574286
6815 1051289.5965581541
6823 1051820.0141629311
6832 1052717.9766909624
6838 1052828.3281995577
6845 1053583.6026545439
6885 1054122.2636214192
6902 1054379.1585012046
6903 1054828.6892212348
6912 1054991.6451254366
6917 1055702.4479395403
6943 1056102.0359202370
6948 1056483.3575894288
6962 1056487.7446100316
6963 1056845.8524998918
6965 1057041.8230062528
6981 1057046.8218869872
6984 1057119.2548343560
6986 1057121.5992779161
6998 1057163.8074155473
7008 1057685.0649572634
7014 1057686.6868982764
7017 1057718.2442435510
7020 1058646.2399664165
7034 1058648.7334152656
7037 1059330.9117366034
7042 1059951.2526959176
7044 1060013.7042678010
7052 1060669.7960729930
7053 1060834.7968420205
7056 1060918.7200721551
7067 1060963.3402089949
7070 1061082.0367609805
7071 1061331.6557830814
7083 1061742.4367556286
7105 1062168.0361761414
7132 1062477.8651181222
7134 1062903.4521190641
7142 1063043.7094446479
7154 1063556.8831690790
7176 1063589.5856902478
7189 1064242.0921593499
7203 1064243.3901130296
7211 1064755.3186219479
7231 1064928.5980533289
7256 1065052.7896746504
7259 1065184.9793299839
7265 1065440.5264215257
7270 1065737.9961622218
7276 1066043.9399952330
7284 1066313.3312163330
7285 1066341.4087081430
7299 1066610.7956650751
7305 1067227.0190043803
7316 1067790.1004405660
7334 1067824.5189965682
7336 1068093.8885516331
7337 1068216.3301833533
7338 1068576.9680161981
7344 1069329.9223059332
7356 1069893.3851283717
7363 1069908.9740863859
7365 1070677.7767364588
7372 1070905.2757542010
7375 1071041.3160923766
7388 1071804.9979623477
7399 1071805.0131339296
7404 1071907.6107226962
7408 1072422.6523553701
7416 1072795.7447125828
7429 1073247.0760536410
7446 1074155.2376753821
7460 1074215.4528220820
7475 1074248.9094365865
7515 1074309.1186329836
7528 1074790.8488239448
7539 1075103.1580114309
7545 1075160.4052141823
7551 1075645.0827612404
7559 1075646.5841781234
7574 1075702.3162463771
7576 1075958.7868233314
7582 1076538.9804447978
7605 1076866.8958062229
7609 1077082.4005242267
7612 1077410.3151113973
7614 1077457.4801886843
7623 1078025.6240710572
7638 1078048.5586410169
7639 1078095.7218906919
7643 1078363.9323628100
7644 1078712.4792988920
7663 1079079.8593750419
7664 1079092.8394975918
7668 1079152.5384998466
7669 1079158.6256326842
7670 1079375.4660003749
7674 1079559.6789591908
7682 1079716.6435153142
7698 1079818.0862652112
7701 1080012.2218002703
7708 1080771.7470773112
7711 1080777.0801325536
7712 1081455.2386960953
7725 1081487.5511417598
7727 1081574.9291668558
7733 1081832.3157751407
7738 1082512.0337440888
7760 1082756.1375212439
7768 1083314.7443265752
7778 1083485.9212183077
7779 1083733.5468400614
7808 1084375.9497803515
7810 1084536.2367260940
7849 1084884.7223828021
7862 1085495.9767544921
7878 1085812.5254627527
7880 1086692.7393738988
7893 1087135.1602350725
7902 1088065.4317418386
7923 1088711.6869056034
7938 1088995.3735370496
7951 1089387.0522987787
7974 1089778.9241807975
7983 1090097.1436860124
7987 1090147.7495869433
7988 1090982.6483572966
8017 1091655.3101751432
8026 1092295.8722461411
8086 1093002.7969346726
8092 1093386.1324080811
8114 1093892.1934373856
8135 1093936.7473191491
8138 1094788.6673400302
8159 1095275.6409864435
8171 1095396.1507002914
8198 1095640.1821361706
8203 1095656.3786613101
8210 1095997.3043322163
8214 1096373.3524198548
8237 1096389.5393249588
8240 1096940.1659423208
8254 1097500.3851612757
8263 1097849.9029284725
8282 1099488.4166647242
8319 1099820.4729310544
8346 1099909.2979068384
8347 1100261.7662929685
8356 1100463.6941888209
8374 1101064.4820490631
8379 1101533.4274610502
8403 1102312.0876704366
8436 1102578.7367555585
8439 1102861.5166000165
8457 1103078.9463223126
8458 1103092.6195982166
8470 1103197.1527554283
8472 1103530.7048422522
8489 1103866.3400462535
8496 1104097.4553686925
8502 1104132.9861616658
8529 1104286.0767181099
8530 1105040.3529980292
8562 1105687.9778710245
8582 1106313.3031030116
8593 1106323.3522618527
8620 1106583.6358814416
8638 1106623.0074450760
8643 1107292.1462935642
8656 1107428.1343785962
8665 1107552.4256533016
8678 1107688.4118199290
8679 1107799.8498953285
8682 1108694.3538491430
8684 1108775.6592850136
8688 1108830.3250583590
8694 1109356.7775227805
8708 1109388.6495746369
8720 1109492.7497665095
8725 1109524.6093559554
8731 1109610.1153777244
8736 1109967.2788116098
8747 1110135.1072075118
8766 1110260.7932597762
8775 1110562.1836893293
8785 1110594.0383580995
8788 1111250.4134917918
8811 1111250.9022967697
8822 1111588.1106024280
8839 1111588.6111074225
8846 1111866.7216701892
8859 1112424.0674408043
8897 1112576.8022416972
8898 1112712.6435010361
8902 1112904.2282752665
8916 1113192.8069712992
8926 1113498.1415903419
8941 1113682.1710759017
8954 1113970.2330506768
8964 1114841.8279409613
8973 1115607.1775924987
8982 1115913.0064088083
9006 1115994.2022049760
9019 1116611.1604279748
9035 1116852.5252271302
9038 1117303.2842783658
9059 1117811.4642112069
9064 1118121.3151436078
9076 1118819.6078056186
9078 1119345.1245681783
9095 1119499.5714752455
9097 1119808.0561648940
9104 1121846.5418896517
9130 1122239.8357757451
9132 1122690.4897734567
9144 1122859.9151464233
9149 1123083.7801702109
9161 1123912.6727007320
9187 1123989.1603212571
9205 1124482.9271326978
9220 1124718.3191415733
9224 1124889.7519285623
9236 1125379.2147211754
9247 1125955.7791772790
9256 1126032.2610065078
9281 1126284.6432447690
9301 1127055.4634447978
9319 1127198.6393926980
9323 1127210.0236391763
9325 1127443.8565659914
9326 1127600.8283892283
9327 1127648.9295584173
9330 1127883.2616872969
9354 1128114.6912837580
9355 1128322.9335113997
9367 1128499.0885451406
9378 1128640.9977571375
9380 1129002.7643633755
9382 1129089.6929171258
9400 1129182.0919581079
9404 1129387.1606809027
9412 1129563.6337813721
9419 1129952.0220422647
9423 1130360.0490129073
9434 1130765.5730516575
9459 1130817.4857760479
9460 1131020.6053140920
9468 1131090.4087765100
9469 1131261.2810543291
9471 1131293.5147185575
9474 1131462.0955720583
9475 1131663.3871278344
9479 1132072.5173288023
9481 1132461.7317793779
9506 1132970.3270548051
9511 1133310.7441038955
9516 1133569.0592326217
9533 1133874.0188800714
9535 1133985.3455373631
9540 1134240.3046549133
9546 1134306.9509122805
9556 1134372.7791346002
9561 1134463.4154062688
9564 1134831.5147981730
9570 1134920.8858794575
9572 1134947.2896644506
9586 1135261.2840838353
9589 1136188.3132853571
9610 1136275.6405441791
9611 1136568.7574762418
9626 1136628.2953909433
9629 1136652.3184167391
9632 1136662.9795512606
9636 1137500.7983202040
9651 1137513.0529074171
9666 1137722.4108344528
9668 1137961.6440129019
9697 1138062.2708718511
9717 1138090.9854922863
9719 1138124.9620769883
9735 1138172.3149462349
9737 1138210.2473542148
9739 1139005.8450052070
9749 1139061.8191806593
9795 1139335.7567823352
9816 1139511.3199083954
9831 1140231.0129406848
9864 1140570.1971351814
9899 1141204.8652651536
9924 1142040.7457244750
9939 1142564.9934596121
9946 1143363.6075170978
9970 1143585.9292132258
10006 1144554.5630143951
10010 1142665.7816734836
evaluations raw_y
1 672528.1688526545
2 693614.8726538537
3 718787.2120558296
20 735958.3804441722
28 740452.1294986651
36 743517.7428776161
38 744510.9946876270
48 748694.5580758374
56 749546.3855026901
57 751451.4617493353
60 753408.1028988685
63 757021.9673436567
66 759483.4582747886
68 767185.5339756855
80 769897.3022871435
102 770425.9697235808
108 771069.5382946969
109 772616.8766537636
115 773580.9738222283
116 774643.6599899833
120 776845.2211136824
125 778703.5317139736
130 779545.6545728296
136 780198.1023001825
142 780549.4389653441
150 781037.0644827399
154 781650.6724029846
155 783628.2548243895
169 784119.8117064992
170 785321.7845565135
173 787526.9219555780
190 787910.8942636009
191 789469.0381619433
198 789612.3617329062
218 790079.0123090901
220 791047.5894196292
230 791645.2249724147
231 792760.9439507510
232 794239.6566222812
237 794497.4282532802
239 794758.0838056323
259 795158.2982776971
261 795777.8289685599
269 796690.5392559507
282 796697.7901455624
285 797925.2449063055
301 798235.3532390014
305 798801.2205100870
310 798979.1762509376
322 799031.5919630193
323 799225.5730455776
326 799513.0706052926
332 799605.8232967355
333 799812.9246242845
335 800663.8050742033
340 801080.2888189662
356 801134.9779066048
359 802207.0295161934
374 802546.1740202857
376 802762.0438859984
393 803217.8247831662
395 804025.0783797982
410 804172.2972888404
423 804364.2076508332
424 804607.6176539296
425 805179.8386482595
432 805631.5490505904
439 805921.4883008748
444 806076.0884854752
445 806523.6719107731
457 806614.4831056639
476 807013.7294430294
482 807306.4421142050
490 807567.0977834091
500 807604.6619019563
501 807630.5733968921
502 808464.0434839773
521 809007.5824046233
531 809418.5054153139
535 809573.7274385169
543 809636.0660732056
564 809648.7494308336
576 810011.6782291329
586 810412.9541393443
606 810963.0884095465
613 811032.2781206710
618 811817.0288047368
644 811932.3968471425
651 812653.0510304744
672 813296.0021695724
687 813760.5171512112
704 813767.3530908941
705 813985.7759531629
711 814052.3814920931
712 814688.7591701883
720 814839.8265067035
726 815207.3137530327
730 816118.5853066586
739 816249.5023890124
743 816421.7076683879
744 817465.5352157386
752 818356.8117738316
770 819114.4985036099
772 819341.1697968792
773 819425.3093529610
779 819788.0445189885
787 819904.4581858467
793 820285.9772058667
799 820491.7422986977
805 820652.2197791823
809 821347.9185552830
811 821512.8781924699
816 822019.6407248316
818 822612.9341247530
836 822876.9901380703
839 823048.6766996245
853 823213.6281504786
860 823405.6631159749
865 823719.3104150560
903 823929.1522983770
908 824523.2023226740
910 824985.8898118307
922 825106.6112692599
939 825115.7252690046
940 826083.9253004808
949 826765.6120815399
966 827499.1915786207
974 827523.9660114890
979 828209.8137638286
988 828704.0626749337
1003 828761.4118889978
1008 829600.4282041168
1010 829735.3610831999
1022 829846.4847360613
1023 830094.4505582181
1024 830483.8791467361
1033 830799.2391257371
1036 831036.2932639243
1037 831837.8855144978
1053 832428.7955723023
1061 832837.0907124789
1067 832871.6129724648
1068 833476.9224612957
1073 833782.6195011501
1085 833920.0451136831
1094 834640.5058282940
1117 835091.7170359308
1134 835254.8424751109
1137 835429.7312999717
1138 835584.0182876716
1139 835613.4901972443
1143 836105.8216592550
1151 836781.3107971384
1156 837122.7886178849
1162 837267.5929283847
1165 837453.5091276099
1168 837485.5037631280
1170 838103.8676272596
1174 838908.6739923911
1175 839254.6266905122
1177 839675.6598959183
1211 840095.5687271949
1212 840647.5496146932
1221 840879.4541532234
1237 841535.7277075658
1250 841770.1523785740
1254 842342.3296414752
1260 842760.3019240552
1269 843435.5795437658
1274 843907.6726163095
1283 844599.5641161819
1290 844926.8957377539
1294 844935.5481345092
1299 844954.1695624923
1300 846397.7961759842
1313 847137.1393805668
1331 847196.8579881301
1332 847430.0666868240
1337 847500.4829146609
1346 847539.6187355965
1350 847701.7566102255
1353 848684.7187029234
1370 848960.7471900971
1376 848989.2087042046
1389 849104.8812936941
1393 849668.5482487044
1399 850143.8590339936
1412 850367.9978967507
1414 850843.3070311296
1438 851149.4765924390
1441 851159.4477497861
1449 851555.4808318045
1455 851848.9145169210
1457 851877.4604241435
1474 852351.9391325486
1482 852742.5174414967
1483 852901.4016457967
1490 853435.4759526859
1492 853669.9432119321
1510 854162.6560401111
1523 854973.6800886887
1543 855387.5894921689
1554 855574.9430456845
1564 856266.5403214658
1583 856462.6145249677
1593 856466.9321320336
1601 856516.1670310189
1603 857073.3676619930
1613 857140.8506331118
1619 857203.3465238061
1620 857564.5416999181
1621 857970.5408182597
1637 858452.1911003408
1650 859342.1919568506
1672 859371.0243121540
1677 859373.1048027592
1679 859680.8688809066
1692 859986.8873249857
1699 860196.8690913843
1700 860491.5711919029
1711 860695.3970981210
1715 860780.7231427386
1718 860905.3778435226
1719 861321.4230281906
1741 861454.3376526156
1747 861660.4041509777
1750 861870.3827885182
1756 861995.0365746069
1762 862747.2143698634
1767 863162.5574034096
1777 863562.2218293735
1778 863674.8971169324
1786 864178.4939488178
1795 864190.4719140333
1798 864743.6992623790
1805 865183.2863728087
1812 865843.8107757876
1820 865851.0324345188
1821 866065.0874090353
1824 866324.1162584117
1832 866415.6532504223
1834 866492.8446914993
1837 867766.9005209361
1853 867922.4138632824
1867 868740.8218131716
1869 868876.2054935861
1872 869373.8143559056
1883 869558.0739119902
1899 870144.6699925843
1921 871057.8457776319
1940 871072.2739400415
1954 871651.2196609701
1957 871846.6630935674
1962 872494.9374766509
1985 873066.9212399409
2005 874174.4359534465
2007 874876.9591310747
2029 875096.6890730456
2031 875234.6997592830
2047 875514.9419640319
2063 875799.2120035444
2072 875937.2219288602
2074 877434.8934024867
2101 877768.3256592258
2102 878704.0062466714
2116 879115.0991548476
2120 879396.7660061152
2124 879423.2449472358
2130 880011.4469970852
2133 880037.9251333815
2139 880618.6562529431
2180 880941.9514587986
2190 881015.4640491065
2193 881283.4579264522
2200 881606.7533900021
2234 882049.6636493200
2241 883020.4928904012
2253 883167.3404073226
2258 883370.2460329258
2262 883553.4647636305
2263 885403.7608088463
2301 885625.8571154427
2303 885730.3382459129
2312 886100.9901376803
2324 886434.2955790448
2347 886666.9141878877
2349 886819.9322302225
2351 886924.4170393227
2363 887410.7830670191
2372 888157.3128020562
2404 888725.7470781150
2409 889645.5783117368
2416 890052.3691434329
2424 890809.5390289194
2443 891382.1761592678
2454 891685.5301343517
2464 892067.9770010817
2479 892673.4025206156
2485 893144.1952828084
2497 893195.4779741183
2513 893627.0520151451
2527 893800.8983192438
2533 894117.0196967360
2537 894599.8714110357
2550 894620.5767401329
2560 894825.5436086719
2563 895739.4801425419
2581 895811.9420799422
2584 896082.6691975172
2607 896243.0251440136
2611 896586.2105223226
2621 896827.6239819682
2647 896843.6165330604
2663 897089.4581074881
2677 897844.3914735817
2694 898096.6973459537
2716 898115.9551433340
2724 898522.1237573156
2730 899513.3685832585
2737 900473.0607512858
2752 900848.5255008171
2753 901250.4888676802
2755 901877.0774848663
2764 902518.0102833761
2765 902838.4424896336
2787 903075.6229088184
2801 903577.9251255011
2821 903826.2586996241
2834 904226.1688758050
2849 904446.5882834145
2861 904846.4913581803
2864 905085.4494607800
2869 905308.1478180469
2875 905597.1247269569
2884 906085.2728637803
2901 906183.2262880208
2909 906668.0154524156
2936 907043.2993349961
2940 907448.3476104451
2947 907653.6179479668
2949 907968.0864582289
2959 908932.2977762024
2964 909205.2805565068
2970 909571.4936716628
2978 910789.0486208418
2985 910830.4518197406
2988 911077.0179829550
2992 911241.1648639756
2995 911359.8173118113
2999 911418.4772610521
3001 911429.7983524160
3002 911607.1104152636
3003 912324.0056738597
3012 912501.3143638376
3023 913259.2520799732
3024 913410.9440105085
3027 913779.1371350354
3036 915129.3036749928
3049 915491.1738412952
3051 916220.0556985217
3061 916471.0327733931
3065 917108.3917574456
3089 917359.3693573126
3092 918003.9551165712
3098 918998.7959287721
3109 919000.3610711095
3111 919073.2083305644
3113 919248.0922449789
3125 920066.3666872428
3126 920081.3500910468
3136 920976.9123607680
3150 921601.2478304937
3175 922210.0510183307
3182 922246.2589028032
3193 923048.5729170345
3196 923342.1932789871
3206 923606.4479264071
3208 923642.6518411231
3218 924112.8603634341
3223 924144.5930226719
3227 924413.8008759329
3254 924784.3858312076
3258 925378.4555246953
3272 925584.4672458539
3275 925768.3199589008
3280 926472.1520603492
3306 927291.0965982573
3307 927386.2220650613
3308 928048.9157027288
3321 928194.2318818471
3329 928911.2233970494
3336 929814.3474486548
3347 929857.0769124666
3351 930942.3858080661
3364 931865.2467021047
3375 932171.8235322682
3381 933016.3676282321
3403 933129.0714206990
3404 933946.1593308134
3406 934145.9058075353
3412 934780.1773177261
3413 934842.4249265034
3426 935068.7449499201
3449 935416.6443748991
3451 935811.7079169023
3458 936143.6386391399
3460 936419.0105748615
3465 936539.2280607680
3473 936662.6216162981
3474 937159.6399326966
3484 937766.9381943466
3485 938153.0981739342
3492 939004.8012363284
3499 939381.1116713246
3508 939500.8213895771
3511 939616.3048887176
3514 939787.2128164115
3527 940128.1876601649
3544 940150.6514002505
3547 940414.5807056775
3559 940694.8350864549
3564 940920.3323986901
3580 941441.9061037811
3588 942215.3542154607
3608 942503.3314016409
3610 943099.7542719542
3611 943468.5196874434
3619 944160.8284667530
3648 944594.3693973627
3652 945566.1466858819
3661 945664.6023550790
3671 946394.4805663864
3676 946516.3194256343
3681 947442.4376190644
3687 947602.0724558405
3692 948079.7978748728
3702 948242.9261795409
3705 949208.9758876027
3707 950073.0921086686
3721 950182.6332732022
3730 950635.1017448880
3755 950717.0042026704
3778 951174.8323450810
3796 951571.5592387801
3808 951812.8843375875
3809 952688.1219834065
3821 952706.2077624906
3823 952909.7038303457
3842 953282.1418872229
3868 953864.5910538679
3878 954639.3116792244
3885 955986.9162208483
3900 956036.4449045416
3901 956540.0836504274
3922 957833.3666824584
3924 958716.1965394422
3947 959228.5919614853
3953 959454.4004289914
3976 959498.8897412424
3980 960292.4946408171
3990 960319.8768156825
3995 960574.9451099868
3996 960776.7993549254
4008 961782.5471900195
4025 961834.5952279498
4028 961843.6228666593
4030 962498.7290562994
4041 962537.5025488137
4042 962978.2046219918
4057 963254.4846571813
4064 963524.1833687061
4074 963882.6678655742
4085 963911.8782605311
4091 964017.9865749184
4093 964379.5325229701
4107 964532.9078365510
4115 964966.0917975080
4118 965108.6858975209
4119 965524.6341680468
4130 966107.8562682072
4131 966212.3915313189
4137 966609.2556439510
4149 967651.7287189034
4158 968334.4748134561
4176 968907.3641855139
4187 969470.8464743857
4224 969517.1338244579
4225 970004.1393899532
4255 970085.5358706297
4257 970730.2682433650
4268 971474.7629241729
4283 972138.2235876671
4290 973158.9898114050
4308 973292.5910039421
4316 973315.7696379639
4325 973390.8943027871
4327 973478.0413319335
4334 973764.4710077932
4335 974114.7354762867
4338 974126.0168743356
4339 974301.6787036295
4343 974590.9857819985
4345 974920.6848656432
4349 975491.9090195474
4358 975518.4287356186
4364 975688.4090017574
4370 976502.4274021881
4375 976660.9518610375
4384 976922.1309845746
4391 977298.7887546313
4394 977553.4130007412
4411 978483.1311155272
4413 978511.0100938708
4429 978608.8751890409
4443 978656.5507011920
4444 978691.6198768769
4447 979147.6583858598
4454 979362.8742195104
4461 979763.1377789321
4466 979971.0878132368
4467 980075.8135725679
4471 980602.3860809020
4476 981135.4414433130
4497 981266.4553949027
4516 981363.9846847082
4519 981737.9551736853
4520 981977.3518244629
4528 982724.0471530886
4531 982952.5828841785
4533 983195.5301909283
4546 983361.1145225697
4547 983424.0533110121
4556 983691.4010355620
4560 983832.5737782052
4570 984365.6311300677
4579 984650.4656579307
4581 984669.8377599764
4598 985940.2870904248
4613 986262.0557572279
4619 986301.5618713208
4624 986388.6549868332
4626 987029.1757414422
4631 987135.3881960921
4644 987244.1445191626
4646 987537.4251206469
4653 987884.1005980336
4656 988345.9509572601
4659 989270.2517986377
4684 990183.5397233026
4700 990349.0098856002
4701 990385.4611816294
4710 990688.9969592261
4718 991066.3715684094
4722 991324.8957762782
4730 991589.5548395683
4743 991891.6423258345
4765 992039.9559494224
4767 992882.9852580131
4798 993109.9647958094
4803 993116.2278212111
4806 993311.8766963106
4808 993813.7435555028
4824 994340.4736026704
4835 994409.6781274130
4847 994915.1046308791
4853 995041.8659207082
4860 995414.5248340839
4867 996719.0359252924
4887 996769.3274860085
4906 996779.4753559504
4908 997622.7868958197
4912 997760.6747019484
4919 998075.7872095290
4931 998487.4013601742
4944 998613.6054007834
4947 998911.5641573893
4960 999314.6375631067
4961 999365.4219483550
4970 999498.5611746196
4982 1000265.4532477522
4992 1000381.8229791420
4996 1000408.4823644679
5008 1001114.7251910676
5025 1001293.4385294225
5030 1001870.7869494349
5069 1001924.6826407318
5071 1002569.1404837521
5085 1003328.7567082753
5108 1003498.4020567999
5122 1003916.6685043818
5125 1004726.4134649287
5136 1005454.7559527793
5143 1005614.8071769614
5159 1006048.5261353619
5166 1006310.4617146669
5170 1006988.9518398420
5183 1007189.7644041756
5191 1007547.0096089061
5192 1007699.1588090225
5198 1007967.7701580160
5211 1008191.3007633549
5240 1009111.1104083409
5258 1009379.7123779488
5263 1009682.0448961135
5273 1009786.8175462544
5275 1010361.1515790531
5286 1010782.0748791597
5296 1010833.7079307217
5298 1011721.7640129607
5317 1011957.1954728074
5324 1012496.3539833337
5326 1012653.4181161274
5347 1013118.4428802741
5355 1013208.1168858340
5377 1013320.8784565558
5380 1013403.7866085012
5387 1013636.6182705965
5394 1014072.1668596866
5409 1014707.7165102733
5427 1015701.2686768168
5452 1015923.1619941585
5469 1015964.9155038684
5475 1016806.1095213228
5496 1017066.6528049633
5504 1017556.8211932485
5506 1017726.0900698564
5521 1018581.5257088381
5525 1018913.3842195716
5542 1019560.5187072894
5568 1019740.9521622299
5571 1020479.2343048663
5600 1020756.4322934749
5606 1020837.4742229991
5607 1021114.7643970564
5614 1021230.5676093560
5628 1021947.5070442375
5657 1022075.9485794512
5665 1022172.2735426078
5672 1022363.6425211448
5708 1022863.0271846874
5712 1022954.7048797709
5713 1023565.4340182467
5723 1023719.0489589634
5730 1024139.0307914789
5740 1024311.9172705795
5741 1024608.8840369973
5751 1024900.6385070939
5768 1025475.0528417688
5780 1026231.1972382551
5790 1026325.0512026014
5796 1026954.5774498526
5803 1027081.1869837664
5812 1028025.2724625074
5817 1028032.0159199717
5818 1028629.6886111633
5839 1028924.6480371008
5852 1029230.5443184669
5857 1029232.5617587002
5865 1029527.5216997426
5875 1029756.4096080685
5877 1029923.1280724187
5893 1029955.1493632908
5897 1030788.5135916668
5901 1030926.6358696471
5903 1031243.3754470476
5921 1031764.4288533722
5922 1032751.5316415908
5934 1032939.3500470024
5945 1033740.7620255208
5956 1034289.5300533692
5968 1034434.1729508925
5984 1034979.8265497334
5986 1035089.6900551971
5989 1035387.3562668628
6002 1035673.2360709484
6003 1036313.3767980111
6009 1037107.2912677160
6024 1037400.0316162253
6056 1037623.4825136163
6057 1037730.5318776567
6075 1038087.2813822880
6077 1038426.5508043582
6079 1038675.2716728016
6081 1039544.7592767989
6098 1039767.6703973298
6125 1039804.3615431280
6131 1040084.8866683557
6145 1040190.9717223587
6159 1040320.4009655864
6165 1040442.9616647417
6166 1041209.2816003101
6193 1041338.7101031980
6198 1041482.6261675591
6219 1042123.2642922117
6235 1043088.9059719485
6245 1043133.4513154931
6249 1043184.0407135881
6254 1043898.8177124646
6263 1044036.3976201760
6279 1045036.9689089425
6287 1045280.8858356024
6303 1045535.4045099647
6307 1045586.6960773407
6326 1045659.1027413659
6327 1045728.0277984299
6331 1045736.8336636382
6334 1046084.2483120562
6336 1046690.6645577929
6348 1047037.1799647402
6356 1047230.3727235969
6374 1047359.7225381215
6386 1047455.1396732444
6387 1047877.0360547350
6388 1048237.5572923564
6394 1048667.8197750829
6397 1048809.3778317140
6409 1048817.5447303990
6422 1048876.6517396125
6431 1049608.9834508768
6458 1050434.8896679960
6478 1050491.5603184570
6487 1051098.8240523569
6499 1051317.4620408691
6525 1051677.3208544073
6529 1051775.7075761782
6536 1051933.7004122247
6552 1052408.0955065135
6581 1053026.4459101676
6595 1053181.1788308206
6603 1053297.0669952491
6606 1053515.3489422540
6613 1053849.4564366324
6638 1054076.6651270089
6643 1054838.8186700365
6653 1055198.5514036980
6668 1055465.0846299266
6669 1055774.8481117000
6676 1055906.4380664539
6677 1056092.4784038065
6679 1056462.8602973053
6682 1056795.0199389041
6689 1056865.9824744000
6691 1057718.7883351250
6710 1057835.6125768838
6713 1058125.5970110421
6717 1058655.5923861172
6720 1059035.5095373332
6733 1060253.0145608666
6754 1060489.1411763106
6757 1060531.5665256400
6758 1060690.0627729620
6762 1060992.7673087476
6774 1061146.1872256396
6786 1061856.3905525180
6799 1061862.6959487819
6800 1062120.4428188782
6812 1062619.5758532146
6814 1062860.1982441775
6835 1063148.8553871782
6841 1063566.8511304166
6851 1063739.0643392138
6862 1064088.9130436180
6865 1064181.4750167469
6874 1064669.1338392040
6882 1064790.5200589139
6886 1064895.7500848901
6891 1064897.9411173174
6923 1065003.1672128625
6930 1065124.5391343299
6943 1065231.3205709492
6966 1065417.2151215011
6969 1065964.8833333859
6973 1066013.7224627107
6985 1066071.6636246897
6986 1066388.8053521118
6997 1066395.0743923699
7003 1066775.4712776793
7016 1066939.4808150926
7019 1067009.8716358244
7029 1067423.6334138142
7040 1067838.0554477498
7044 1068140.2113850550
7055 1068780.8736991629
7059 1069551.0983799065
7062 1069815.5543861103
7097 1070177.0839742003
7104 1070736.5810527527
7116 1070897.1238874856
7120 1071267.5018092461
7139 1071492.6399015409
7160 1072128.1729472221
7163 1072284.2634390828
7177 1072405.6113850139
7183 1072655.4252083362
7192 1073074.0985704444
7193 1073841.9132886867
7211 1073907.8581414898
7222 1074014.5487713313
7226 1074324.1471265128
7238 1074986.1100611151
7252 1075547.2796155950
7260 1076494.6796237046
7277 1076585.4099154330
7291 1077485.3001812710
7304 1077975.8745617629
7312 1078112.6626199977
7321 1078790.2898408053
7332 1078939.9518264153
7333 1079294.6913779771
7341 1079374.8792835209
7356 1079428.3537125464
7376 1079549.2458122869
7383 1079959.5753169220
7407 1080139.9521544657
7410 1080362.0405651666
7432 1080940.4296068253
7435 1081224.2937585348
7442 1081899.8488059072
7454 1082361.1984000399
7466 1083223.0821246814
7468 1083617.2638794747
7483 1083831.7454374891
7494 1083980.9392509134
7499 1084446.4744543454
7501 1084713.1682266481
7508 1085303.3257103327
7510 1085834.6362154370
7534 1086026.9934846854
7535 1086305.1552771470
7543 1086595.1270350569
7548 1087065.6423842690
7571 1087165.4259512010
7585 1087220.5197730642
7587 1087286.0071213313
7605 1087320.2925180295
7611 1087839.5014002842
7628 1088015.4332756202
7635 1088253.7418792089
7639 1088721.5694617198
7644 1088930.8501370701
7647 1089221.4534517340
7660 1089578.2673152990
7665 1089675.7695985823
7666 1090816.8635377006
7683 1091054.6567111863
7699 1091780.5141076155
7714 1091974.0951917844
7728 1092280.3706604785
7731 1092377.7790298688
7736 1092555.0780718697
7754 1093571.2322832898
7764 1093714.7515631849
7774 1094033.7387518759
7803 1095352.8551643076
7830 1095438.3890114834
7841 1095757.3739940773
7843 1095992.6628190060
7853 1096053.9543678719
7856 1096397.1700897205
7863 1096458.4564909814
7873 1096868.2379795797
7880 1097646.9463282337
7895 1098650.4790665968
7924 1099278.4493816572
7951 1099831.2237536344
7961 1100458.6687541653
7981 1100992.9503797218
7991 1101312.0571367897
8013 1101904.8215977142
8015 1101974.0307006461
8020 1102370.1950829113
8029 1102413.2858005194
8034 1102967.1514587931
8053 1103479.9848107309
8059 1103919.6663849358
8061 1104027.9349418858
8071 1104589.6165072229
8093 1105206.4501965153
8108 1106832.5925983132
8136 1107153.6228186458
8137 1107354.0609176909
8142 1108502.6046894148
8170 1108542.2751198558
8185 1109233.7553559884
8203 1109654.3839548528
8212 1110041.9856733431
8221 1110553.7817780843
8239 1110662.7750233978
8248 1110963.6959408554
8254 1111389.2264105878
8257 1111398.2366692971
8271 1111412.1419999131
8273 1111573.9675281926
8274 1111714.7237010940
8277 1112171.6262490647
8284 1112196.9670847931
8293 1112642.3626094877
8303 1113304.8510651584
8320 1113497.8622857018
8321 1113869.9434456972
8344 1114160.3321300759
8351 1114373.4514322979
8366 1114551.1433437383
8369 1114848.3036365008
8373 1114861.1825594855
8379 1114896.6031757144
8391 1115074.2829217904
8398 1115234.1126808522
8417 1115364.8816957532
8421 1115447.2020699193
8424 1115524.7082259138
8435 1115814.9269698276
8451 1115852.2180601056
8463 1115958.6946262491
8476 1116078.4758366067
8490 1116184.9438217615
8530 1116258.9739323645
8531 1116275.0879528071
8542 1117211.0623698463
8548 1118202.2636726794
8551 1118303.9320848747
8574 1118442.6867864877
8599 1119848.2654180846
8642 1119867.6881579547
8675 1120197.5666124756
8676 1120256.1314462617
8682 1120979.6596647520
8698 1121005.5939980235
8719 1121020.8431766466
8722 1121310.2361046858
8728 1121744.3713663914
8730 1121865.1805116611
8745 1122338.6042266286
8764 1122398.2728990600
8779 1122689.4543171038
8793 1122941.1600166755
8806 1123614.1891351619
8822 1123666.1658935670
8825 1124401.2645406951
8838 1124664.9427356338
8859 1125085.7892322952
8866 1125360.8831753589
8872 1125546.2547359350
8882 1125672.9976214941
8884 1125790.6184659204
8886 1125813.5781915765
8889 1125945.9987472822
8900 1126578.6346027041
8915 1127008.3642431821
8919 1127043.6234873680
8924 1127309.2805986938
8951 1127491.5990951201
8958 1127924.9330735249
8987 1128180.3686209409
9000 1128236.8636339789
9006 1128578.9703342216
9047 1129429.7371224144
9083 1129686.3426826079
9085 1129864.8400557349
9127 1130166.5018857103
9129 1130382.9799084025
9147 1130722.4376247332
9151 1131270.1893215915
9192 1132468.5040108301
9244 1132932.0547236670
9250 1133747.2861259289
9283 1134035.7304023004
9304 1134134.6114360681
9327 1134667.3683187936
9336 1135191.8454843482
9376 1136152.6718107520
9437 1136604.1224705221
9460 1136783.0368698169
9466 1137013.8679726464
9485 1137291.1767904127
9486 1137321.3480471503
9492 1137470.0782537411
9515 1138008.3803528922
9537 1138024.9185944158
9542 1138725.6189552965
9550 1139263.9196459502
9578 1140084.5512525702
9590 1140197.1537947773
9599 1140540.9125493804
9604 1140599.4798046420
9608 1141029.9302733010
9609 1141159.6775833662
9624 1142152.1384919733
9627 1142986.3468221184
9631 1143446.4986544622
9635 1143746.3465375437
9663 1143938.3666594636
9678 1143953.0928443198
9684 1144235.3894574766
9709 1144238.2055941541
9711 1144934.0045147557
9736 1145039.3058174213
9750 1145653.2438763655
9757 1146628.3929891172
9786 1147036.4484724759
9788 1147476.4849371386
9796 1147505.1339151233
9807 1147589.7544199286
9828 1148070.4628989620
9833 1148155.0683736564
9875 1148158.4118593282
9879 1148324.3763886164
9880 1148431.4138188364
9882 1149142.8667076295
9894 1149149.3413797293
9897 1149273.2382205725
9898 1149311.0194748533
9905 1149407.7314613916
9911 1150118.8854147370
9917 1150306.4571505771
9927 1150540.5276207074
9935 1151065.9154383068
9941 1151254.9307556557
9948 1151334.4341688394
9961 1151384.6515054700
9963 1151773.5597959235
9964 1152712.0849885254
9974 1152824.2088739416
9979 1152854.1828355950
9982 1153327.5742722703
9987 1153512.7758093078
9996 1154112.5529099372
10001 1154316.5645976164
10010 1153654.8522048311
evaluations raw_y
1 693043.5948683913
3 699345.2357085809
5 713212.4597740454
21 717094.0571902506
29 719726.7606863927
46 729528.3160098501
64 731712.6140178560
68 732514.6173228202
72 735044.7953369615
74 736537.6630043205
80 750870.8686868891
105 755931.2086855299
108 757036.0963063888
125 759786.5918413404
126 760791.0126063197
127 761589.8179246194
141 764791.9035127840
155 764819.0984719095
158 766289.7930897254
165 767179.2870112219
171 768894.2470523850
176 770560.8987658800
188 772211.7804636967
205 772552.2165436525
212 774668.1325465495
252 775246.0300679989
254 775533.7038679884
255 775579.5497532170
259 775972.3653991739
261 777128.5443380065
288 777247.2602735343
294 777547.1912635979
300 777696.5124682121
308 778248.2341324625
327 778315.6423469007
330 778654.4491672079
331 779205.4548346231
335 779809.5683945941
342 780258.7174132827
346 781498.6108527279
355 781890.7089904894
365 782022.6568216437
367 782231.1379142429
378 782290.1270945619
379 782826.8472315171
381 783012.0722891410
385 783044.6318575405
387 783544.4470321067
395 784190.7424367340
404 784719.9498294801
424 785010.7264189706
426 785353.7641576092
437 785491.8472294200
446 786028.3227857780
452 786533.9818636549
456 787555.6740889435
467 788720.3773694134
488 788863.7959722453
492 789088.5719773025
502 789385.6040344368
506 789529.0207210726
508 789760.4121399451
527 790099.4038198600
550 790412.7374360214
556 791286.2084173409
572 791402.9589473627
579 792109.0192654707
582 792129.0954077357
586 792323.3440259828
590 792367.0655640203
591 792476.0159617879
595 792489.0437759104
596 793130.3210774594
600 793137.4722475735
619 793174.0355965103
623 793358.7469386508
624 794554.7591515839
646 794821.6397766749
653 795240.2209538155
659 795499.4299949412
661 795514.2465462517
664 795765.0694399067
667 796190.8133303614
678 796327.4247485416
679 796947.4215291678
685 798000.6830896152
710 798720.0036493909
728 799059.5023361886
735 799937.2610271964
749 800320.7150861116
753 801260.0757021565
771 801613.0041384809
776 802232.9237170795
788 802369.2809361012
796 802934.0354801561
801 803241.6813085966
815 803308.9237586609
816 803905.0720731909
831 804356.6373067577
833 804653.5826706042
837 804675.3003832509
844 804946.0386035854
847 804946.9935636099
853 805908.6938831232
866 806619.6851466870
874 806844.8685198637
877 807763.2559848541
894 807928.5615087812
895 808163.9540686395
897 808334.2225768669
901 808345.4698182166
905 809196.7767334711
913 809712.1388315209
916 810777.8865730428
918 811385.6695135938
920 812124.9363761295
940 812130.6420194274
941 812386.5841830290
942 812924.5795140642
944 813417.6622111903
955 813798.0019824384
969 815434.3113412707
982 815843.3237884535
996 815858.7002266332
997 816715.8536500216
1003 817252.8674912634
1007 818247.5889033846
1009 818450.3738430309
1023 818857.0458094639
1033 819348.6939307803
1038 819446.2469114133
1043 819834.1302386218
1046 820887.6862560256
1066 821092.9773803087
1072 821460.8745174522
1074 821551.6364154042
1078 822878.5803201006
1105 825349.7348375376
1121 825406.9762102219
1122 825429.1781180253
1125 825827.0236074926
1128 826487.7165120337
1140 826849.4834617374
1155 827258.8365038304
1158 827277.9880928561
1159 827933.2089274384
1183 828291.1754038325
1184 828439.8724386835
1186 828719.2973435576
1188 829160.9185645548
1189 829632.3973031045
1191 829735.2119678145
1194 830268.9460942941
1195 831180.4504347949
1207 831266.2293648252
1226 831879.1604032891
1237 832394.3959335958
1238 833736.5937504446
1244 833754.1556733055
1247 834520.7237458769
1253 835091.8850811940
1254 835515.8805800005
1265 835862.0860913941
1270 836070.5459109662
1273 836377.1203611444
1281 836542.6322867271
1284 836641.6184546120
1286 837266.9681701094
1295 837501.9816564411
1302 837526.7443879510
1311 838876.4401268067
1317 839792.9290985861
1337 840444.9766151928
1353 841314.1281288491
1372 841868.2924337713
1387 842262.9807984431
1389 842457.1277300013
1391 842574.8785539622
1396 842842.9817316605
1423 842960.7325300077
1434 843635.6240108707
1438 844136.1491249751
1456 844365.3792179334
1458 845066.0609090815
1473 845348.3384931182
1478 847171.9984314699
1493 847230.7160535220
1500 847621.2596873153
1504 847627.4466355952
1510 847674.7694139903
1511 847754.3936971575
1512 848711.0487629137
1531 849528.3171719324
1549 851244.9220274693
1563 851381.8641874042
1568 852100.4473494462
1577 852114.3875407544
1596 852467.4963589255
1602 852890.4832427646
1617 853029.4365016496
1622 853061.6027224006
1626 853643.7124093960
1630 854275.3904997172
1634 854757.1379458018
1654 855062.4561196514
1655 855203.6458812981
1657 855223.8045249846
1658 855447.3249180579
1661 856708.4658515854
1670 856916.4331880461
1684 857129.6629302694
1693 857352.0653099009
1694 857767.2227727268
1702 858030.2294481794
1708 858677.5236463255
1712 858685.0476742854
1717 859824.0690266134
1721 860597.9464050569
1727 860899.0369419538
1733 861354.8995615513
1739 861742.5557795215
1740 862327.9955549559
1748 863144.5660714877
1766 863438.2156828408
1775 863575.6870028018
1776 863786.1260717657
1778 863978.6177983957
1783 864366.8931086614
1796 864434.9618851510
1802 865794.7647140019
1826 865873.7106564112
1827 866992.3778009064
1830 867570.3208778016
1838 867986.8212958290
1841 868120.0733092672
1851 868465.3533510693
1853 868728.6077189847
1862 868837.6812901984
1868 869211.3544452055
1871 869414.1998930248
1872 870986.5076876824
1879 872255.4732092220
1895 872614.9090603545
1900 873076.9109021223
1901 873194.7550392209
1915 873547.7046160394
1930 874121.2739139611
1949 875396.4249481821
1965 875543.7832254448
1969 876111.5452049997
1974 876831.4926864515
1987 876850.4464363139
1991 878163.3572378565
1997 878465.4699058691
2004 878544.9361350698
2010 878885.3375922847
2018 879298.3322427435
2032 879391.5427678621
2036 880204.7478688391
2042 881574.2827391685
2055 882429.9685847602
2072 882535.3056092380
2083 883197.8362547263
2086 884299.5159334493
2096 884331.1059609751
2104 885291.5682573564
2106 885719.5842437702
2110 885739.0917823610
2113 885750.2768274670
2118 886058.4039696814
2120 886596.0207292110
2131 886601.9028692802
2140 887453.9594612605
2144 888503.2908645440
2152 888583.6906928727
2157 889245.1740741929
2172 889709.7753948282
2178 889972.8947705805
2186 890010.9996085664
2193 890350.7001667637
2196 890436.5879143123
2201 890451.6879708036
2202 891120.7858477811
2204 891571.8910223780
2209 891824.6878142614
2211 892640.3587012480
2214 892733.3555648918
2217 893125.5408748959
2221 893293.6744544667
2228 893465.2122542294
2237 894017.0288842710
2241 894772.5791188917
2256 895189.8775337242
2275 895880.3506676592
2292 896221.6862260799
2319 896342.8056218693
2327 896938.3888672707
2339 897104.7716624665
2341 897310.3236884841
2345 898533.1522543163
2356 900221.8394370774
2377 900476.0483245787
2381 900615.3932076165
2388 900791.6119507725
2393 900917.9320699562
2396 901925.3762821695
2403 902165.0388522492
2410 902336.9393999451
2411 902421.0755314679
2421 902828.9338588652
2424 903809.5303764932
2437 904029.9501352273
2443 904448.1837592910
2445 904819.3185060146
2468 905350.0830350425
2472 905588.0169424673
2482 906962.5306059424
2495 907055.4116992552
2504 907113.9166912098
2505 907936.2015606030
2512 908129.0178334592
2520 908718.7079861797
2528 909170.4718491033
2541 909945.1830481545
2542 910597.1393257206
2570 911547.7061390079
2590 911587.5247712689
2595 912112.6147623744
2599 912238.2295413140
2618 912278.0476557574
2619 912724.7187534177
2626 913336.7027447042
2634 913467.5322170489
2637 913635.2507046819
2646 913742.7961959412
2648 914247.2312641441
2652 914542.3232113032
2664 914668.0777756306
2675 914864.8686136390
2683 915047.0856509304
2689 915205.4255781478
2695 915817.3964468195
2699 915934.6076236372
2722 916232.8464433135
2725 916548.0972975465
2730 916579.7452130566
2738 916652.4735364022
2739 917532.2673426790
2742 917622.8565510245
2750 917857.8949038829
2755 918040.3300138894
2761 920294.1988911943
2777 920643.6953329217
2783 920723.7471083800
2787 920840.8176332212
2803 920984.5388019605
2814 921514.6234525259
2827 921732.1146115203
2828 921920.6287894584
2833 922791.2992541398
2852 923473.5039890894
2855 923594.0006410413
2862 924125.5360363278
2870 924463.0070694225
2875 924699.8591015551
2876 924791.3345547568
2879 925240.9215923909
2885 925707.0680202951
2892 926330.1764987997
2898 926783.4330803632
2906 927749.5200673579
2914 927835.4989416973
2926 928547.0759219534
2945 928896.7984980150
2952 929214.4550948644
2968 929358.4311492643
2970 929798.4656375896
2979 930069.0447555496
2980 930338.3641388335
2982 930344.0034716830
2986 930578.2974341129
2987 930606.8148451357
2989 930621.0730720196
2993 931964.5646371276
3010 932324.8410475366
3033 933131.9514278307
3045 933240.5310023249
3046 933249.1255707316
3053 933742.2534129599
3061 934025.1723423389
3062 934183.5727782989
3074 934925.9713896738
3098 934983.0792542532
3101 935393.3832735216
3109 935481.6619633312
3113 935969.8995800827
3117 936707.7484810915
3120 937375.3400220987
3122 937396.4951461431
3126 937563.9486072975
3127 937961.7548033796
3150 938019.6726604061
3155 938229.3981971460
3183 938422.8118650343
3184 938874.6178327315
3201 938929.0022314003
3205 939111.8690586546
3206 939387.2121329543
3219 940022.9076818950
3232 940244.8127366685
3233 940962.6367074465
3254 941177.8932019878
3263 941392.0360368267
3274 942065.4643516884
3279 942857.3584902978
3282 942902.9708040060
3293 942926.1329482258
3300 943157.4550573601
3302 943523.1598976558
3304 943591.2299929583
3305 944654.2290499376
3318 944840.9676141751
3320 944984.8162405392
3328 945344.7944849969
3335 945446.1835256742
3342 945622.7981974616
3343 945810.2218049876
3346 946463.3306640232
3348 946635.8858960783
3372 947116.2623062051
3375 947390.6136355196
3386 948270.7490663718
3395 948942.3385941637
3398 949620.0997566945
3401 950584.4504332087
3412 950994.7304365830
3430 951235.5076802274
3435 951558.8413525611
3453 952517.9971227939
3476 953208.7523630613
3482 953236.2131981269
3486 954373.2327246097
3496 954706.7388593236
3518 954713.2328027718
3522 954950.6542461071
3531 956028.7021384137
3547 956397.1663238464
3554 956658.3793208780
3562 957320.7033692009
3568 957386.0983157635
3573 957698.8127036789
3583 958223.5950449649
3594 958758.2650551741
3619 958991.4521849464
3623 959567.3289478872
3635 959967.5523062358
3647 961195.5591092911
3649 961551.1436792584
3660 962671.3894565178
3676 963324.1707506861
3689 964089.5972081764
3707 964527.5987638035
3713 964624.8665883797
3715 964913.5570370883
3718 965283.4389278773
3727 965476.8904424889
3735 965572.1292208071
3738 966161.9693214420
3747 966369.1256928964
3749 966953.8004933266
3753 967205.2179365637
3773 967217.4257288782
3778 967326.3557417443
3779 967789.1191322235
3781 968182.8391544207
3787 969007.6519443367
3797 969231.5704996412
3801 969338.8665019337
3811 969958.9130106911
3827 970202.1634932581
3839 970775.4194726459
3842 971174.4521383008
3853 971309.4378621591
3860 972259.0335874072
3878 972388.0817994826
3892 972604.2099536780
3896 972622.5093323950
3901 973053.8766015893
3908 973302.7674742101
3919 973748.6154390548
3920 974120.1331079291
3926 974177.4543623974
3929 974231.6974357427
3938 974527.4359031086
3939 974761.8028588674
3940 975657.1712589415
3966 975835.5769805859
3967 976933.6861587616
3981 977542.2685962463
3983 977605.1362046999
3988 978925.5689974418
4005 979155.3047425067
4013 980129.9887369036
4014 980769.5749324731
4020 980888.7892830619
4021 982028.5720653934
4031 982101.0120014391
4036 982756.7060883376
4038 983542.9562567129
4062 983744.5143127384
4077 984106.9258662653
4079 984682.8917553178
4088 984693.5029358262
4105 984867.8038093452
4110 985349.4609598906
4111 985548.3096110527
4122 986284.5741207578
4140 986465.6152818799
4143 987062.4624713681
4166 987327.1241154210
4173 988715.1545832185
4175 989083.1003779471
4212 989221.3380092031
4215 989603.4788554377
4221 989635.3029523098
4224 990222.1046591271
4232 990313.2701306393
4242 990400.4383462952
4250 991835.8342142099
4257 992383.5584736115
4276 992992.4565069105
4279 994428.5554035490
4302 994441.6959370450
4306 994880.6691355472
4313 995332.5077465258
4320 995499.8236520381
4331 995841.5143847523
4332 996016.7807501686
4338 996069.4285686251
4341 996208.0488009845
4343 996358.4714100828
4344 997178.5042150981
4358 997561.5117779698
4368 997995.7516321628
4373 998535.6408632718
4390 999578.4059920883
4391 999585.9961070234
4409 1000365.7652989877
4418 1000728.5511178694
4424 1001125.5598991201
4448 1001350.7480950617
4454 1001488.3445702388
4460 1002244.9145872253
4467 1003004.7022799700
4472 1003262.6156932246
4490 1004176.5447299081
4511 1004798.0010339811
4529 1005100.4101248895
4535 1005267.6708934448
4551 1005568.9656081727
4553 1006152.9497289772
4563 1006538.9422734925
4570 1007122.9263743653
4585 1008118.7185326836
4617 1008714.5901331849
4633 1008716.0081512878
4650 1008975.6915117304
4670 1009076.3187969646
4675 1009282.5932741179
4679 1009756.2739159211
4691 1009769.7526890537
4701 1009930.6589050211
4706 1010018.4944471536
4709 1010481.1616194126
4718 1010628.3691156185
4723 1010933.7534731190
4747 1011895.9365793826
4787 1012181.7160099681
4801 1012268.8089044506
4802 1012722.3513349630
4811 1012723.2581949022
4816 1012920.5237625921
4822 1012933.3451854173
4824 1013679.6770319589
4830 1014637.3341844755
4836 1015632.9721086337
4859 1016612.5895094367
4873 1017469.3223684031
4905 1017660.4725803402
4906 1018610.3996067728
4917 1019812.6995687439
4924 1019945.4093854384
4940 1020219.8415411316
4949 1020352.5477702690
4975 1020593.4195354596
4995 1020726.1218403907
5015 1021675.2881225009
5046 1022400.3502461803
5056 1023446.8992943907
5082 1023473.6836294415
5087 1024161.7110219293
5088 1024644.5088745441
5117 1025196.3871584451
5138 1025433.6417357359
5140 1025804.3225484429
5141 1025895.3332820601
5152 1026121.4707104294
5162 1026502.2705953126
5164 1027182.2684391844
5171 1027369.0046274511
5178 1027997.9724634796
5185 1028026.5102884477
5188 1028684.7875291547
5207 1029796.5816792988
5245 1030002.3430222858
5254 1030993.4854172721
5277 1031030.2880181087
5280 1031180.0619403077
5284 1031704.1711835007
5312 1031909.9318501182
5315 1032367.7186008784
5321 1032440.8977334552
5340 1032654.5938619382
5342 1032657.5284960158
5346 1032761.8356730164
5348 1032900.6436244713
5349 1033020.4153310421
5351 1033104.7135253663
5357 1033717.7702036715
5386 1034560.1460051227
5430 1034681.2700414993
5448 1035360.1681333046
5461 1035801.2684513946
5478 1036015.6237114599
5483 1036135.9583359797
5490 1036179.3624969737
5494 1036514.0396589920
5497 1036683.8541658267
5499 1037061.9468095321
5503 1037396.6224246717
5510 1037582.5126119948
5513 1037960.5874067704
5522 1038664.5621270800
5550 1039325.1570061239
5555 1039522.2755834929
5561 1040362.2530279302
5585 1040461.7375664719
5594 1040896.6949312729
5601 1040948.8909365344
5603 1041622.3495345155
5624 1041865.5255312003
5635 1042211.9833503425
5642 1042273.6267388788
5645 1042676.1346222098
5664 1042804.0005711063
5677 1043268.1525909400
5698 1043640.0971182216
5712 1044171.6365378672
5732 1044689.8847167246
5741 1044940.8069369375
5755 1045312.7513667952
5757 1045700.5010520405
5763 1045924.9191633150
5787 1046074.8244924721
5792 1046303.7076610452
5805 1046331.5452575482
5812 1046344.7847649627
5816 1046572.9197986684
5821 1046704.8554283516
5832 1047692.7440717604
5852 1047720.5807330621
5857 1048366.8728984265
5862 1048524.6158011809
5867 1049151.0438659946
5868 1049511.0924647306
5894 1050147.3775762946
5905 1050921.6236542263
5921 1051462.6456869119
5936 1051642.1875257653
5943 1052138.3989832692
5954 1052305.6989737698
5960 1052728.7537777617
5961 1052807.0384823130
5970 1052884.8791837136
5971 1053163.2797787725
5981 1053506.6958773779
5997 1053688.3013916588
6013 1053758.9276431208
6034 1055468.2158012229
6076 1055499.1467966305
6081 1056437.3490256339
6113 1056874.3300469250
6114 1056887.6858876434
6136 1057404.5301532710
6147 1057488.4618787321
6156 1057553.0677198321
6175 1057739.0303008410
6218 1057842.6609358890
6223 1057944.6918756594
6245 1057954.1212592702
6256 1058370.7351776538
6267 1058722.5631724291
6278 1059265.9830803217
6279 1059344.3304603104
6283 1060445.6906311032
6299 1061096.0864595561
6315 1061188.8799675342
6318 1061209.9624149706
6322 1061907.7912938413
6327 1062572.1472665104
6337 1062740.4066031883
6338 1063504.6131427956
6350 1063723.8298135698
6353 1064552.1604120703
6354 1064620.6601866102
6365 1064955.8061354395
6371 1065038.9623707782
6387 1065162.9695532122
6388 1065597.6107206808
6393 1066168.5337987558
6396 1067656.9917256655
6411 1067910.5530437001
6416 1068992.9147017431
6423 1069137.9930287614
6428 1069288.3651805599
6434 1069587.5008788051
6447 1069915.9759711083
6455 1069996.7306155469
6466 1070035.0780711048
6468 1070202.0023237495
6486 1070499.5539334877
6492 1071168.1026011719
6508 1071461.2728991657
6529 1072985.8579747058
6549 1073013.5017080326
6553 1073883.1402823387
6586 1073935.3842747300
6591 1074182.4189643043
6620 1074466.2208261609
6625 1074628.3570424370
6632 1074950.8617538544
6642 1075002.5748767676
6644 1075181.6677199104
6649 1075251.6970544613
6664 1075786.5834463900
6670 1075990.3091657108
6678 1076432.9491984509
6682 1076435.2382515564
6689 1077327.2289811373
6708 1077581.6184982236
6732 1078090.9199770726
6749 1078130.5843680804
6756 1078329.5405943557
6763 1078790.9215202637
6814 1079035.1166168361
6832 1079546.0697074276
6864 1079833.0098639438
6865 1079972.3442466760
6871 1080457.8947554354
6894 1080575.1705796239
6901 1080777.1833246986
6906 1080904.0820566576
6919 1081490.3412760110
6935 1081579.4110556955
6946 1082302.1555153548
6958 1082517.8917221155
6960 1082630.0173126420
6965 1082911.7417840350
6992 1083041.4937331770
6996 1083563.8012013834
7011 1083829.3239225841
7017 1083859.0183296280
7032 1083867.4571721402
7033 1084841.4679650276
7048 1085226.6019532548
7055 1085605.0782903866
7062 1085890.8730041345
7064 1086224.0664404773
7071 1086537.2993645649
7074 1086573.0849743874
7083 1086587.6742777952
7086 1086688.9828419038
7093 1086830.7225480685
7106 1086946.6175993478
7116 1087588.1212582095
7132 1087632.1164733935
7134 1088049.0885774582
7147 1088802.6009621294
7155 1089037.3837234662
7173 1089056.0818083151
7181 1089552.8092566128
7186 1090361.7630754504
7203 1091027.0580506905
7214 1091200.1371514658
7223 1091535.8061046056
7234 1091934.5307650657
7238 1092793.0687108980
7247 1093132.3005862010
7256 1094545.9842364190
7276 1094807.7106412940
7289 1095095.0620136585
7294 1095148.7001437412
7302 1095470.7668662313
7304 1095909.7564999308
7322 1096590.8554862796
7330 1096709.0876907005
7336 1096952.3968094657
7337 1097035.1479712483
7338 1097829.1664611511
7360 1097834.4617422353
7368 1097991.0171808188
7374 1098072.4730197408
7391 1098605.1572391992
7396 1098653.3000075428
7401 1098762.8112135830
7405 1099070.0709535989
7427 1099308.4188205437
7429 1099490.5398688910
7439 1099574.9594671871
7443 1100593.5823365005
7470 1100701.4719150094
7485 1100703.0707374227
7494 1100886.9591468351
7513 1101222.3062042454
7525 1101552.7163525454
7531 1101632.0900480349
7536 1102087.1887840510
7538 1102257.8879196560
7540 1103326.9591167222
7556 1103625.9040165830
7570 1104016.4110965636
7576 1104028.9156791773
7580 1104030.1719315520
7588 1104216.5727762347
7598 1104636.2573308276
7600 1105151.5377294926
7621 1105600.6695547868
7628 1105758.8732695582
7637 1106175.1313283299
7653 1106736.9179899318
7668 1107194.8514550233
7671 1107364.3279101315
7679 1107562.6421371084
7691 1109022.8277536598
7739 1109097.3708614076
7741 1109270.9160913955
7772 1109505.4688284197
7789 1109947.7151604127
7804 1109950.5178043777
7805 1110834.3073849680
7824 1111296.3338297890
7859 1111609.2386295996
7867 1111728.9701057083
7870 1111758.1288763036
7876 1111972.3825183131
7884 1112371.7914584491
7890 1112415.6927169117
7897 1112555.6729767430
7899 1112581.7017634492
7909 1112785.9475383048
7910 1112923.9685500064
7913 1113209.6238418755
7914 1113413.0394040039
7920 1113855.6004120922
7934 1113902.7499060964
7939 1114404.8591698841
7958 1114917.6397217060
7959 1114949.0647172646
7961 1114974.5392454138
7967 1115177.9250099126
7975 1115303.4747803388
7979 1115575.7515269795
7980 1116082.2913654572
7988 1116107.7439086779
7998 1116368.0258328682
8014 1117021.1579991230
8037 1117035.7967401284
8040 1117496.6242203373
8041 1118547.0644440777
8057 1118580.6461899935
8060 1118862.4499033876
8080 1119030.9942880867
8087 1119236.3660103397
8098 1119988.6906110563
8114 1120049.1991603044
8120 1120515.9591179956
8124 1120711.8285654900
8129 1121070.0420182263
8144 1121233.3545863028
8148 1121872.7022805074
8166 1122449.5298353047
8181 1122806.0764830697
8188 1122809.6400381878
8213 1123382.9017352152
8228 1123669.3150915422
8233 1124239.3454678024
8238 1124246.1356302064
8253 1124325.8143126802
8256 1124557.7691532285
8262 1125218.3176263263
8279 1125826.3666558631
8286 1125866.8926130654
8292 1126311.9310765692
8298 1126503.6936850641
8306 1126603.6430784687
8312 1126957.7410629368
8313 1126996.7920076235
8329 1127450.8395768723
8331 1127811.9796672352
8355 1127920.6502227450
8357 1128133.7752380779
8360 1128172.9924169928
8367 1128587.5934893771
8387 1128635.0583592874
8394 1128737.8786424112
8396 1128803.1110379619
8399 1128985.9802561901
8402 1129028.5993459416
8420 1129074.1142368037
8442 1129475.7919804726
8450 1129547.0012535271
8459 1129606.4879710968
8461 1129946.0078171298
8465 1130481.0395648724
8489 1130544.0324075157
8496 1130662.7171403456
8510 1130804.5242177169
8514 1130979.4856455442
8522 1131232.3244920839
8538 1131622.9707029506
8550 1131761.3345326963
8551 1132418.3695847946
8556 1133297.4086165188
8571 1133457.5859924033
8578 1133526.7085168052
8591 1133686.8819879768
8601 1133779.0433844333
8615 1134476.2754279724
8616 1134545.3990202222
8619 1134705.5617944479
8626 1135221.8129189394
8649 1135454.1216642694
8654 1135640.8987702907
8664 1135909.5985114155
8674 1136069.7372795409
8678 1136301.5584213124
8679 1136426.4979026506
8681 1136591.4143964911
8688 1136671.7505121941
8699 1137077.8257894821
8706 1137273.9231085167
8711 1137511.2103839850
8714 1138087.3443358294
8717 1138273.6075740743
8724 1138704.8888813125
8726 1138933.2958919422
8728 1139404.2406082202
8746 1140392.1108830522
8759 1140620.5022255392
8766 1140662.8365249801
8783 1140739.5077063181
8797 1141726.2953754393
8807 1141727.3321702029
8829 1143084.9354351049
8833 1143776.7539588679
8845 1143928.5530126491
8862 1144707.5220724423
8872 1145672.6648307228
8894 1145731.7004559906
8911 1145961.7889167382
8932 1146197.3308927158
8935 1146233.5728831415
8950 1146634.7533362568
8964 1146800.2797363575
8983 1147237.6974018861
8990 1147369.3282193795
9000 1147576.4432427010
9008 1147923.7423629060
9013 1148121.0289814975
9024 1148519.1981279715
9035 1148956.6048687543
9042 1149402.5119419175
9050 1149525.6343633777
9061 1149560.2387964919
9063 1150147.0174744814
9068 1150182.1460954789
9095 1150975.9020815103
9098 1151014.3942054997
9123 1151374.3874247503
9131 1151956.0185876682
9141 1152092.4133375497
9153 1152525.0312009212
9165 1152705.4638172162
9173 1153037.3775819740
9203 1153122.6554609772
9212 1153209.3635636407
9214 1153715.9876052251
9223 1154020.6432109948
9232 1154613.9554686986
9252 1154828.1523422580
9254 1155421.4418298115
9275 1155599.9643300809
9296 1155622.0664174717
9312 1155867.7074238528
9336 1156068.3294724256
9346 1156237.7139850224
9348 1156395.2067394680
9356 1156435.3549453956
9360 1156632.5464190613
9367 1157230.5891209838
9381 1157565.1972321898
9427 1157657.7475626532
9428 1158226.8699794177
9431 1158512.2630360348
9448 1159015.9226857028
9457 1159104.5984111363
9459 1160696.5527750638
9480 1161860.8359946720
9489 1162594.3300122132
9519 1162723.1882295464
9530 1162981.9781828036
9543 1163071.6738003327
9552 1163197.3640802761
9556 1163305.5761254346
9558 1163344.7400695803
9568 1163522.5656789378
9576 1163649.7437191510
9627 1163958.7807981248
9634 1164048.4678888950
9665 1164639.0646406147
9673 1164857.2411794062
9700 1165651.0230367165
9709 1166499.0303093002
9710 1166862.4252684705
9735 1167494.6634341893
9741 1168432.6218775669
9761 1168702.7886424528
9771 1169882.0713539969
9774 1170648.7663568412
9791 1170719.1150904123
9814 1170806.9871158190
9820 1171545.7399717288
9869 1172356.6268308833
9886 1173199.9649104173
9888 1173447.1195382432
9909 1173598.3323396279
9911 1174067.9516646778
9926 1174408.1317248775
9937 1174559.3439629171
9939 1174800.0760726596
9966 1175372.1186727528
9985 1175387.8199052985
9989 1175986.6197814345
9993 1176350.0319470766
10000 1176972.2241525312
10010 1176972.2241525312
evaluations raw_y
1 674172.7761286679
2 692183.7878700894
3 693881.7063800755
9 714496.4123385341
10 721089.3344028243
28 725579.9351930197
40 725689.2776094720
43 727523.7243843449
44 733415.7390297106
53 733859.2550163093
57 734076.0218485086
59 736003.2575343086
61 736235.9946742936
67 736840.3977980961
68 738627.7623999151
70 740263.5197929099
73 747401.3911030680
88 748932.1127118462
100 751935.3656606022
122 752979.8345541776
130 753171.3844941749
141 753725.6948860500
145 754464.6833228236
146 754979.3452894064
150 755093.1366481899
151 755786.2673385909
152 756048.1972824791
156 756228.5995043315
161 756443.1431409057
169 756980.1505562196
172 757160.5503282937
179 757359.9394701474
185 757507.1337093743
192 758347.0473200819
205 758396.8121309836
230 758444.3617551104
236 759129.9195124143
237 759238.3402805312
239 760341.1143429088
253 760955.4800758103
256 760979.8860837192
266 761274.8009850284
269 761694.5470671799
273 761861.8088176568
287 762213.6385383720
293 762689.2779955954
295 763363.5736694378
306 763364.5618856895
318 763447.7787462099
319 763584.3110485729
326 763807.3599515660
328 764144.8250629207
329 765555.4197205576
334 766063.2168141413
345 766602.3703182362
350 767038.5308888106
355 767818.6209634395
358 767914.0586068532
360 767930.8597825493
366 768661.2828375493
367 768814.6402407405
370 769341.5474331221
375 769622.9910803189
377 770230.4727085376
397 770349.8379968804
406 770988.3148166443
413 771115.8061328400
422 771481.3302361702
433 772052.0801766699
451 772154.5865359135
460 773181.2388009550
465 773249.2177038887
475 773907.5867396989
483 774051.2364873887
491 774351.3448364651
492 774478.4386258303
494 774932.6332126147
510 774964.5877253106
512 775315.2777201157
517 776132.2965642355
527 777023.8184249101
543 778242.7466847149
547 778468.5851771064
562 778570.1082269480
564 779385.9708481214
581 780071.6549478996
601 780216.0419404074
605 780845.1206975903
637 781900.0073014125
642 782053.5099513083
647 782135.5838278593
651 782582.8831073644
652 782799.0677924491
659 782946.7314049421
673 783190.3816062878
675 783205.1844841345
680 783765.6332799537
686 783803.5444198062
688 784501.3984006888
693 784852.8776392571
698 784974.7594865360
700 785098.7497126863
706 785480.8112684571
712 785856.0555351019
714 786278.7145230687
726 786627.1643560320
737 786693.8609955551
746 787528.0221856389
748 787678.7734139751
749 788469.9519262301
753 788565.4105806925
757 788747.3075076728
762 789139.0458532311
763 790065.0625093634
770 790510.9527166079
773 791045.6394776340
781 791363.0630177074
783 791439.7547208066
788 791875.9117617816
790 791892.3398248953
794 792803.9818813909
796 793213.9695728783
820 793524.7203976344
837 794054.5346416155
842 794314.4944066479
855 794847.7495188456
863 795310.3399852061
866 796395.0329554161
880 796849.1407884315
893 797071.0762638884
904 797130.7996401308
906 798052.6546110152
911 798086.2658732324
917 798728.6958306000
919 799173.3765524100
923 800784.6850312485
942 801129.6953477969
953 801675.3774747007
954 801825.8783460279
977 802132.7666302779
983 802149.6251506975
984 802371.1638367333
985 803048.5216959956
1009 803522.7679727735
1024 804346.7529618012
1029 805260.0054671502
1058 805709.5032488902
1060 805745.0367198820
1061 806216.2572451240
1063 806342.6813343538
1075 806384.1740701756
1082 807042.3468545588
1125 807450.8115946103
1146 807789.2860363789
1153 808227.9477049568
1159 808313.8410419330
1166 808796.7093555314
1177 808803.0231110785
1179 809037.9470377804
1184 809849.3304599703
1185 810031.9129108659
1193 811134.4020140890
1211 811274.2081095258
1222 811949.0892963989
1234 812074.6170151348
1235 812527.2367645951
1250 812896.5268536436
1252 813646.2041936449
1273 814364.4934042655
1298 814638.0224357011
1300 814805.9902797675
1307 815242.7397075829
1310 816406.3054786454
1324 816663.1911653279
1329 817141.3014477069
1333 817524.1003685666
1340 817580.2198340757
1345 817733.9921298659
1346 818724.4081735514
1353 818851.3534224875
1369 819411.9095281011
1373 819780.5588281057
1383 819994.7821459785
1386 820092.0368101387
1395 820888.4623497184
1402 820953.4543433322
1409 821106.7249737912
1414 821388.6704488875
1415 821447.9213264862
1416 821568.5943309121
1418 821570.2573052383
1419 821632.6290603795
1423 822149.8968034864
1428 822964.1452513412
1442 823136.6486923019
1446 823521.5087963261
1451 823966.3725768039
1461 824081.7200823226
1465 824334.2257741358
1474 824375.1318204884
1488 824410.5276236295
1492 824636.9245310425
1493 825132.7678382393
1495 825438.2895314026
1498 825696.9555958443
1507 825788.6664353046
1509 826102.0315253930
1517 826216.0408081438
1518 826263.4663540364
1531 826283.7161406890
1535 826734.8018332248
1542 827801.7863247546
1565 828566.9978809090
1575 828738.5343613095
1582 829219.2675055532
1585 829289.2203410269
1589 830150.0772532845
1591 830203.5984167067
1594 830915.2890743555
1607 831314.1285890214
1622 831435.5698087530
1627 831833.5763020236
1640 831901.3646940306
1644 832224.5642692560
1649 832518.1317412836
1650 833042.0560810288
1651 833440.2320877964
1668 833613.2874813107
1676 833804.7862361690
1683 834429.5052546766
1690 834852.8574543331
1698 835119.6079030955
1719 835296.3716108013
1723 835402.3293065348
1725 836089.3707605544
1736 836524.3358646112
1767 836788.8044093621
1771 837415.1439860781
1779 838070.4462505498
1785 838229.0727676291
1791 839237.0562705287
1804 839428.5894066967
1813 839446.2862790053
1814 839738.2112742475
1815 840471.2524067510
1818 840557.6990362341
1820 840828.1122126286
1826 840908.3818216641
1831 841471.4836869884
1841 842174.0372893470
1874 842197.4611339248
1876 842597.7232030143
1877 842629.4918745065
1879 843046.0016479375
1888 843069.6513524255
1890 843093.0756743748
1892 843433.1866118887
1897 843762.6635004029
1903 843822.0892293985
1905 844335.5298912311
1906 844342.3803203639
1911 844996.2818489932
1912 845139.2245456836
1922 846024.9887896328
1928 846268.8846399199
1930 846867.1260017942
1933 846996.1465022302
1940 847438.8615828530
1942 848435.0678253982
1951 848762.3227592866
1965 849232.2488001377
1970 849919.1205288571
1975 850187.2193897776
1982 850475.1362835577
1987 852514.3263277994
1991 853225.1134053610
2001 853610.3165400684
2014 853670.7993288442
2021 855220.1296587907
2036 855390.0390420184
2039 855423.0643780290
2052 855916.0548633708
2057 855925.0581208271
2061 856235.2432809529
2063 856950.1197934885
2074 857779.3036454251
2081 858197.6029115206
2089 858297.5847943504
2096 858800.8032443837
2109 859094.7652228709
2117 859924.2743663091
2126 860119.8701267734
2149 860303.8716851750
2152 861134.4145290519
2160 861741.1164790640
2163 861918.6650650969
2170 862090.4205328868
2182 862503.4910627863
2192 863076.1348594098
2204 863627.0603350225
2209 863793.9922456814
2223 864445.0254682365
2224 864578.0511759490
2232 864890.6165606619
2238 865028.7102184546
2244 865378.6657294421
2253 865607.0142975189
2264 866414.9658074598
2267 866681.9000198664
2273 867236.1811514890
2286 867526.1543891510
2293 867698.4874137492
2295 868259.2984643629
2301 868795.3824514212
2310 868983.8572472663
2325 869401.6166036786
2326 869845.9176964593
2332 870093.3789057861
2334 870528.3725200252
2353 870820.1426265248
2365 871057.1764438234
2369 871504.0896589961
2386 871751.2532551845
2388 871991.5678165377
2391 872259.2248162749
2398 872486.8868183306
2401 874198.1406645308
2412 874313.3511649705
2419 874375.6753154007
2425 874409.1246793875
2441 874410.8879655316
2445 875046.2572632047
2451 875108.5791046775
2452 875275.4726048774
2458 875919.6111737693
2463 876792.7237724126
2473 876811.1677974720
2475 877486.7914654925
2484 877645.4467507292
2486 878275.6118673962
2503 879355.6597211594
2508 879455.5474993031
2513 880444.7857853537
2543 880854.0967034138
2566 880965.4878862066
2573 881350.3567241298
2577 882280.1431224896
2601 882633.2802184945
2604 882928.9309813060
2607 883003.7128719257
2611 883260.0657559236
2615 883321.4433541063
2619 883613.4929684986
2622 883883.0645907597
2630 885509.0120357820
2632 886503.1555177786
2659 886800.1180800939
2661 887517.3742656778
2664 887867.1735669586
2677 888857.1867940885
2697 889299.1238436695
2704 890151.3423512740
2720 890924.2794765577
2733 890967.7026389377
2747 890998.5783666919
2750 891336.6364353466
2751 891825.9587575778
2758 893060.5234068461
2769 893175.7889243057
2776 893370.7692146645
2778 893386.6696605220
2782 893443.4712110903
2788 894548.7438291275
2807 895482.5567638034
2824 896153.8722926463
2844 896312.8446845843
2853 896519.3533819284
2871 896786.5472770438
2882 897342.3548615002
2885 897435.3933324949
2898 898464.4630442052
2905 899073.6101955005
2922 899644.3588851491
2942 900297.6491273202
2948 900896.5177696185
2985 900933.0482670820
2990 901367.1966065526
3003 901682.2146244880
3026 901901.9412477229
3029 902527.3785756211
3043 902788.2804600003
3068 902898.4591178925
3075 903400.7314821916
3086 903998.3572768322
3087 904173.6804359988
3095 904413.0707305168
3099 904839.8309673445
3106 904899.5686376931
3108 904945.6533072313
3117 904969.0941926249
3118 904998.3387065331
3121 905879.3410960906
3127 906233.3217893660
3131 906312.6472399191
3137 906629.5200488286
3143 906670.5486381052
3147 906674.3910556677
3148 906934.3146661567
3151 907079.4443603571
3152 907857.3472994553
3172 908256.2790875890
3174 908467.0467178312
3178 908877.9446345761
3197 908995.2147186401
3199 909366.4992153653
3202 910257.3530217829
3231 910794.4480059119
3243 910857.6514852896
3246 911156.5092690602
3250 911333.4909306953
3253 911611.8984962056
3260 912333.0653095532
3273 912535.9887894219
3278 912723.5983390815
3280 912928.4391081735
3288 913649.6044341167
3294 914072.1226472631
3310 914464.5726170102
3311 914771.2676977862
3328 915735.6500346040
3349 915856.9947063258
3354 916413.5432893391
3363 916610.1771864811
3378 916657.0490960866
3383 917125.9137122505
3395 917465.3593242617
3398 917863.8910225392
3403 917882.4563625973
3405 918815.1493411402
3437 918931.5506265064
3460 919316.7896948917
3463 919717.2606019861
3466 919937.3944301271
3467 920454.5973339583
3471 920610.8095732778
3475 920960.0185066577
3477 921024.8071118711
3480 921212.6265765704
3489 921218.0083109631
3492 922147.1187371161
3519 922244.3328143717
3520 922370.1669290395
3524 923125.9795816459
3529 923491.3193257859
3538 923525.5018325398
3540 923591.4019182271
3562 923791.0161653411
3579 923928.0156426060
3588 923976.7766587255
3591 924294.9368295384
3600 924335.1783366968
3601 924430.0850505959
3605 924816.1335311985
3630 925231.8744860194
3638 925418.4218382816
3642 926059.3599157252
3652 926500.2550773075
3658 926574.7182832810
3662 927376.5072155097
3663 927882.1148447155
3664 927957.1168416418
3693 928343.8393427915
3695 928783.4632767844
3696 929119.1906736476
3701 929245.1759629669
3716 929468.4065477173
3724 929502.7966081424
3726 930008.1354484897
3731 930470.4440589487
3756 930500.0548367443
3757 930951.4296530888
3759 931056.5757326931
3772 931108.7197921306
3773 931173.1017515485
3778 931291.9259579389
3779 931913.7797160251
3783 932206.6025330873
3792 932233.9418583827
3807 932353.6598667779
3808 932363.5534921460
3814 932726.7483928428
3820 932754.0800743600
3834 933676.4998819844
3849 934006.2383699314
3852 934148.1418705316
3863 934195.3175082812
3871 934207.4557981364
3877 934378.4620322750
3880 934764.1826796248
3891 934985.9643623980
3893 935507.4252650795
3900 935688.4416535995
3919 935880.0507212975
3920 936039.0208361477
3924 936071.5984051798
3930 936475.5913895585
3934 936675.1101238728
3936 937413.9513385314
3957 937790.0447546358
3961 937897.1603674099
3971 938736.1129817992
3972 938843.2292327489
3974 939330.9701627996
3993 939421.1292460213
3995 939471.4071795914
3998 939911.7260632166
4007 940734.3627793138
4022 940881.0288913287
4032 940921.6448018273
4035 941068.3196049550
4049 941408.1974946680
4050 941477.8685653531
4055 942100.6098604745
4061 942388.1656120686
4065 942512.4583412422
4069 942952.7580648243
4071 943000.7820601354
4075 943412.1062934892
4080 943439.4796558757
4081 943755.5954675440
4088 943778.4343168355
4090 944039.9930551811
4091 944405.5821315565
4097 945030.9702164071
4108 945260.9997588863
4113 945813.8754253231
4129 946903.2042636628
4146 947538.4025298888
4147 947786.9085385533
4155 948597.3428056142
4183 948903.7094974431
4184 949428.9666912125
4200 950916.6590831504
4236 951514.8398646081
4242 951888.8468427892
4243 952251.6821604144
4255 952880.1529059375
4276 953461.8991465101
4305 953465.0591731226
4306 953933.6264383828
4316 954650.9002370287
4332 954870.2710524295
4341 954968.6279440859
4343 955587.5411148524
4358 955932.7016224258
4365 956113.0832659912
4370 956788.9739765148
4377 957147.5947454012
4383 957171.9492160354
4395 957237.0261678847
4399 958219.2932687129
4426 958842.4812500461
4434 958998.9406638800
4451 959978.7692325130
4480 960944.7133068141
4500 961061.1139840405
4509 961306.6844734646
4515 961487.3532051280
4516 961767.5702782801
4530 961963.3338416320
4552 962086.4126697566
4553 962757.9681854043
4554 962766.0896620476
4557 962770.6381745994
4563 963345.7060063272
4598 963528.4818060590
4600 963650.8866553656
4609 964147.9319960842
4623 964813.6608943075
4630 965162.2424597857
4631 965354.9035088934
4633 965391.8734067872
4639 965535.8760327453
4645 965661.0475306003
4650 966516.9772497186
4651 967158.3609518338
4655 967883.0208096192
4669 968237.0566417623
4676 968393.5410983535
4680 968471.9484809913
4685 968494.1058455021
4698 969324.1141373061
4704 969379.9235369043
4708 969731.0504892535
4716 970075.6139331306
4729 970269.1725134461
4731 970564.3755706022
4737 970774.4545796360
4752 970799.2439320962
4760 970841.2957033596
4768 971088.5649937848
4769 971263.1970322952
4775 971510.4664792612
4787 971577.3005732875
4798 972323.8034285945
4808 973282.4711282831
4814 973373.2275988646
4822 974004.0371933815
4828 974840.2814489407
4830 975662.7501624848
4836 975822.8739733942
4840 976091.7415501240
4874 977030.6952898657
4882 977071.2814240929
4897 977386.4509280592
4919 977511.4433892941
4925 978227.3763706897
4936 978607.0093098022
4950 978769.4319838349
4957 979328.3950855496
4972 980105.7462456782
4988 980397.2855410285
5015 981042.7096291813
5019 982086.9923511687
5037 983023.9496219386
5050 983105.8047838859
5063 983724.0287893617
5064 983785.1843530514
5067 983812.9707061230
5072 983829.1391289686
5083 984187.2726397144
5085 984282.1363447878
5088 984505.7703439276
5091 984534.6465585895
5094 984557.8837557083
5095 984654.1522991594
5096 984798.0455829353
5099 985457.6636232948
5105 986150.4716676193
5110 986594.1093928164
5120 987070.5242151386
5130 987399.9362090668
5133 987501.5396683820
5151 987697.1532717034
5166 987724.9367215381
5169 988110.7702449231
5181 988664.8505611577
5183 989093.8513276204
5200 989231.1314365790
5203 989781.8811047320
5217 989916.5474730862
5223 990128.2838040706
5238 990753.2214988905
5246 991107.2483510444
5250 991149.5079596459
5258 992044.9418716115
5276 992545.4867640547
5279 992561.9005385491
5295 993376.0914594416
5313 994177.1858396573
5329 994320.3336369192
5334 995021.5629249904
5346 995062.1846480393
5354 995115.1654178434
5358 995275.0391450793
5359 995284.9706509472
5362 995538.4456893082
5388 995556.5047535686
5393 995894.9492608063
5400 996284.7206115135
5417 996315.0545097308
5418 996451.6408431416
5422 996487.4502776765
5423 996727.5286002635
5424 996866.1174214617
5425 997291.6935400862
5426 997361.1222709500
5441 997698.6900003004
5454 997906.7740296365
5455 998332.2807272514
5467 998672.7682088220
5473 998839.6877157293
5493 999385.5852199718
5505 999670.1191269155
5506 1000235.4447210015
5521 1001712.4427634553
5549 1002123.4184935505
5566 1002963.8415183643
5594 1004641.5423394456
5617 1004683.4488059400
5619 1004813.9515396666
5634 1005027.9118630057
5643 1005194.5189338695
5661 1005365.6724223980
5664 1005563.5973983399
5666 1005917.5373166794
5668 1006196.4030675491
5673 1006325.1724684661
5675 1006489.9154999400
5678 1006703.8753899594
5689 1006934.9662006357
5692 1007523.1135498523
5706 1008401.5845028732
5725 1008414.0735899489
5736 1009033.2829744436
5741 1009096.9041499180
5748 1009109.3925867494
5756 1009538.3646357597
5759 1010323.0906032131
5770 1010910.9835049139
5781 1011096.7564909074
5792 1012095.9814528683
5819 1012264.6919350992
5825 1012266.6473727250
5827 1012696.6949309084
5833 1012920.5271702402
5835 1013558.3367132832
5838 1014750.3663344466
5862 1014770.9888275939
5865 1014965.9111510852
5874 1015188.4613109507
5875 1015962.3821843724
5884 1016164.8186849193
5915 1016183.3238986979
5916 1016382.0128796843
5924 1016399.1758586483
5932 1016569.0105333173
5939 1016833.6237326890
5947 1016933.9505215962
5960 1017421.6168963156
5977 1017872.4460547090
5991 1017922.9926886597
5998 1017966.8745852263
6000 1018115.6157033392
6007 1018739.8316030377
6011 1019117.7619420900
6013 1019397.2247392599
6043 1019401.1186753317
6046 1019413.8824820367
6048 1019692.4259174940
6049 1019724.6042166736
6056 1020638.9830491351
6066 1021628.3451665442
6077 1021955.1789446120
6082 1021984.2076722183
6086 1022278.9310666755
6118 1023074.0311434771
6130 1023836.2464877811
6154 1025077.9301184883
6158 1025140.7216441967
6182 1025398.2726714564
6186 1025461.0631296369
6189 1025608.2647168104
6195 1026245.3869010963
6208 1026308.2641990981
6212 1027232.5828205629
6237 1027506.6652554761
6248 1027508.8764952860
6250 1027829.6634708196
6261 1027856.8711776882
6276 1028448.9254858766
6280 1028537.4627066628
6287 1028542.5808282129
6292 1028657.7776100505
6296 1028862.7403329511
6303 1029337.6548079193
6311 1029470.3406986371
6343 1030318.4524189227
6345 1030436.7075118944
6350 1030972.0076379264
6355 1031323.1809557840
6363 1031694.3413011276
6368 1032334.0125964871
6392 1032342.1270859848
6397 1032757.5645629313
6400 1032890.2319875724
6421 1033095.8598404564
6438 1033189.6879820604
6440 1033527.9767533859
6456 1034316.8809779793
6461 1034860.4928273589
6475 1035033.6764714515
6478 1035172.7101329912
6480 1035317.8809514795
6481 1035429.2880435025
6494 1035909.7730236587
6495 1036375.2505307106
6496 1036529.3041543188
6503 1036566.3763813277
6506 1036999.8430662022
6516 1037234.0328637004
6517 1037425.3149481011
6523 1039312.3793970554
6554 1039551.5948292161
6561 1039625.2393883535
6563 1039667.8646080988
6577 1039957.7460490171
6581 1040062.2134557776
6585 1040366.5080408163
6603 1040403.9508126864
6615 1040420.4240024316
6618 1040707.2933968700
6619 1040812.7118769918
6621 1041102.5894400071
6625 1041443.3639836828
6642 1041600.3308528273
6643 1041760.7093524849
6650 1042092.7023313816
6653 1042586.0337250325
6669 1042620.9835284147
6671 1042801.0688281582
6676 1043402.8023180391
6681 1043622.0235823434
6712 1044273.7043449370
6755 1044576.3667847293
6762 1044970.1345680136
6763 1045110.6574523458
6764 1045436.6450921586
6774 1045467.6035131158
6776 1046037.9704812140
6782 1046964.4867405719
6797 1047021.0656432370
6798 1047908.1674553795
6843 1047977.7435931760
6855 1048435.2113616365
6859 1049238.1074383941
6871 1049919.2074290428
6873 1050008.6551620632
6880 1050258.4238462441
6892 1050376.6750116432
6897 1050448.3264137278
6901 1050734.5844387286
6907 1051128.9496800201
6917 1051315.1639661721
6924 1051845.9951867070
6928 1051918.4029490827
6961 1052096.8558747433
6963 1052758.4985261285
6995 1052761.9782833357
7003 1053169.2781955358
7004 1053748.3154914384
7010 1053751.7928564467
7017 1054159.0950024698
7024 1054162.5721614314
7036 1054269.9275961784
7049 1054934.7579316818
7055 1055042.0999781007
7079 1055362.7747859810
7082 1055468.9723161969
7089 1055473.7914346429
7090 1055729.5001642338
7096 1056418.9241628137
7109 1056526.9554390388
7114 1056695.0830552108
7128 1056819.7014459509
7150 1056820.3351535872
7153 1056956.3837484845
7156 1057173.7699109798
7160 1057638.6565271423
7180 1057899.9560441449
7193 1058035.1616685197
7194 1058249.4955601143
7196 1058308.8905345155
7198 1059076.6780100756
7214 1059198.2638369175
7228 1059690.6112445346
7247 1060975.2833047023
7270 1061134.6652652710
7273 1061346.0740230191
7278 1062298.3000083850
7286 1063643.6296774626
7297 1063679.6061953641
7302 1064072.2616174873
7332 1064114.6166966851
7334 1064249.7576028444
7344 1064402.7834800824
7351 1064535.1693238232
7356 1064800.2694137068
7357 1065156.9480107042
7359 1066044.0984233769
7372 1066498.1660246581
7393 1067201.6289404866
7403 1067381.8967676498
7411 1067794.0296036792
7412 1067968.9508302817
7424 1068529.0856663655
7444 1069174.3050916325
7446 1069752.7936759803
7449 1069983.7915247085
7463 1070328.0400253665
7474 1070777.2196924654
7477 1070941.5836067128
7493 1071734.9850420142
7515 1071800.2062502943
7518 1072300.5798877133
7531 1072333.5768084875
7533 1072470.4000641007
7539 1072797.3825283116
7543 1073469.3408931883
7557 1073861.0472485651
7564 1074120.3930571992
7568 1074177.2428085979
7574 1074965.3871734322
7577 1075086.8041442467
7582 1075543.0538894343
7588 1076069.4619690792
7606 1076838.8629489129
7634 1077494.3975946081
7650 1077945.2403085323
7664 1078493.4724955545
7666 1078655.3809432113
7683 1078849.7321362514
7694 1079205.5213261622
7700 1079416.1505208283
7709 1079515.6249307350
7713 1080163.6687972329
7729 1080585.4267591101
7740 1081203.3668065644
7748 1081300.3354495403
7758 1081987.3370209951
7767 1082307.7104160560
7776 1082971.6296769714
7791 1083013.8226210000
7794 1083299.0009304110
7798 1084201.8683995018
7821 1084695.0970526391
7825 1084892.8793201940
7838 1084936.3202986454
7839 1085298.1893204858
7853 1085348.2377220029
7859 1085433.8449669532
7860 1085566.8505217279
7861 1085856.4957027263
7894 1086097.6937221787
7900 1086362.4769884823
7930 1086372.4424941784
7936 1086408.6079470182
7948 1086524.4437955185
7973 1086656.4763385190
7980 1086928.5222772998
7984 1087378.8831759861
7991 1087471.0655544635
8003 1087576.8223528252
8013 1088364.5600764190
8020 1088441.1347429217
8058 1088684.3373942827
8062 1088778.1771885513
8064 1089227.8058797964
8086 1089631.8087489209
8094 1089839.5228913287
8095 1090036.4427375738
8098 1090243.5290964432
8121 1090294.1661740248
8130 1090406.1339193608
8133 1090586.0902560388
8139 1090724.1612350838
8145 1091199.5772496345
8180 1091449.6188084397
8183 1091655.8636562044
8191 1092114.5877202360
8194 1092364.6388345000
8209 1092544.5607536330
8215 1093353.7597346210
8221 1093855.9403848522
8248 1093898.5213153153
8250 1093926.5638524177
8258 1093936.3725306166
8262 1094142.5486284429
8266 1094222.5586573076
8270 1094294.3973443080
8274 1094438.5434602562
8282 1095167.6108139190
8289 1095815.9564466004
8312 1096518.3537236326
8337 1096579.2215301453
8359 1097397.2283488554
8372 1097467.5746574458
8380 1097498.0762183550
8381 1097759.6143278668
8384 1098455.6961031228
8406 1098725.3257401001
8416 1099230.3768509550
8430 1099655.9010454754
8434 1099936.2509657745
8448 1100504.7397546077
8455 1100812.6355357012
8461 1100997.4939356218
8466 1101393.6483649847
8469 1101566.2631562084
8484 1101938.0578323172
8485 1102354.9300819624
8510 1102427.4209226533
8520 1102631.7192199752
8521 1102658.4627213092
8522 1102731.8250331550
8523 1102914.0246801188
8533 1103043.8318706022
8534 1103358.3910552873
8536 1103616.7638598238
8559 1103792.0024610483
8563 1104002.6394517338
8578 1104241.8833808342
8593 1104342.8674693345
8599 1104452.5202161577
8600 1105135.6495696264
8628 1105302.5691724943
8630 1105607.6803314157
8652 1106384.9862716040
8659 1106512.7201318515
8663 1106682.2374652075
8664 1106869.4347152088
8668 1106893.4505867327
8672 1107151.1047644829
8682 1107552.3086724794
8706 1107635.5354649092
8711 1107767.5978232627
8723 1107908.2613779753
8742 1108053.0175815122
8744 1108116.5490088870
8746 1108184.8157855540
8750 1108452.0360725156
8757 1108972.7842398810
8764 1109358.3570225050
8769 1109621.3075079406
8770 1110214.5922273847
8777 1110699.3657389765
8782 1110786.1408720568
8804 1110813.8610500286
8805 1111079.7653333356
8809 1111364.3250036491
8814 1111586.1462498005
8831 1111744.4482202418
8837 1111978.4264506830
8839 1112053.0280058824
8845 1112586.7630121235
8856 1112808.5825452362
8858 1112928.1649518451
8868 1113253.2889716765
8876 1113787.0164571551
8884 1114070.3540546321
8899 1114092.1035252651
8900 1114122.9914484159
8905 1114232.9058391969
8921 1114321.7731109019
8925 1114431.6803231307
8929 1114832.8216064633
8950 1114925.7142208635
8966 1115035.6146081637
8979 1115208.6317921279
9000 1115308.5866770498
9047 1115735.1250218463
9078 1115853.9352021501
9082 1116620.1441607641
9099 1116859.1683763633
9112 1116949.5016902040
9113 1117107.1260405404
9125 1117225.9216537061
9126 1117740.0815005386
9137 1117830.3907647282
9146 1118340.7849328301
9147 1118450.6411000080
9163 1118569.4209064643
9171 1118726.2776114861
9172 1119705.3995868359
9192 1119897.9683592343
9197 1121032.5423370609
9216 1121488.7373693294
9237 1121629.2420293379
9241 1122371.5483917389
9265 1122447.8373016075
9291 1122881.8955924783
9325 1123059.3170187986
9327 1123234.2510954989
9329 1124363.5672122447
9352 1124590.3751481792
9361 1124673.6609677440
9362 1124989.1914623498
9366 1125938.4264656305
9439 1126320.1060354614
9447 1126761.3704319105
9461 1127143.0438684940
9472 1127464.4176933642
9477 1127742.6785396980
9482 1127875.8381489946
9495 1128124.3472317695
9511 1128257.4967438411
9512 1128678.0845585780
9526 1129089.4946854762
9542 1129172.0627253926
9550 1129807.4148325427
9571 1130000.9762787821
9575 1130081.4399163758
9579 1130854.3052147131
9585 1130893.4449038520
9589 1132305.3800459451
9620 1132427.4712945612
9622 1132873.2647130406
9640 1133142.7944098162
9647 1133278.7414704857
9652 1133894.0084520432
9658 1134164.0333579925
9670 1134368.8880325069
9674 1134497.2987818606
9678 1135269.1180477634
9688 1135527.1820729561
9706 1135812.1372599071
9715 1136503.2565308064
9734 1136788.2069913659
9750 1137624.7743115297
9771 1137650.1736978292
9776 1137740.1487178509
9778 1138140.8558778048
9780 1138224.6320282391
9786 1138338.3977144514
9795 1138725.2501643323
9809 1139368.9044383995
9815 1139558.9255418156
9827 1139755.7463309958
9830 1140515.7769282721
9839 1140798.6909130963
9851 1141121.3312167737
9853 1141366.5546922975
9869 1142349.5109607540
9888 1142551.1250417924
9890 1142872.7172866506
9891 1142930.1376485683
9895 1143418.7422059476
9920 1143653.5823641324
9925 1143819.4961629929
9937 1144192.4297122757
9948 1144358.3430466959
9953 1144559.8974829151
9978 1145161.1646766900
9988 1145185.0149785511
9994 1145360.5527595568
9996 1145363.8142018062
9997 1145415.5172087140
10001 1145464.6529979594
10003 1145625.3463331240
10010 1144979.2670914154
evaluations raw_y
1 677531.5201451585
4 697239.6459143454
5 705084.6771429387
6 707639.2829840527
17 711031.3668283011
33 721356.2328153661
55 723015.6673981819
63 727451.1609024411
68 730963.4350872800
84 736957.4112142031
88 742788.5075395788
100 743349.8050462722
109 745150.3978748035
116 759869.7661745283
125 762026.5050627462
158 764321.3740713133
162 767085.5024839455
169 770198.7875492957
180 770504.9582006205
184 772256.7429011659
189 772661.5172485162
203 773630.2734005653
205 775154.4077879405
213 776139.6878717457
219 776323.6317178631
223 777329.7865473648
229 778170.7997872689
237 778910.0961320950
246 778991.1623371437
256 779814.4203601198
266 782373.6248317629
280 783683.4283180677
284 785620.4804201664
306 785660.3560244280
316 786002.9794647411
317 786726.8269726289
322 787115.8194111165
326 787148.8031838429
331 787417.7628089043
333 788629.8521922999
334 790520.9240338648
369 790572.1671864545
376 790854.2025000068
379 791061.0294421334
387 791868.1427194361
400 793212.0421476683
415 793461.6048700853
427 793561.1147620991
429 793644.8669880065
439 793945.4067729204
440 794365.6739147503
443 794510.9278402809
450 794705.9004996961
453 795707.7317096881
474 795873.4430242085
476 796150.1454837043
477 796662.5003333285
486 797496.9914940620
495 797997.6675598891
505 798239.2975227828
507 798904.7297310289
514 799056.2713925713
529 799413.3778542753
532 799853.0287083067
542 800917.9802755074
556 801241.4361809868
559 801305.7953142627
579 801966.1874218546
597 802560.4799806681
608 802999.6604085868
624 803225.1321239332
627 803227.8308812896
630 803401.1718794949
640 803698.1698235683
648 804283.9502134589
665 804672.0229002425
681 805092.5361217256
682 805167.2949366035
684 805289.8060399769
690 805923.9179867024
692 806135.1842836238
709 807957.2980980114
720 808043.3207891425
722 808710.8635183059
729 808870.3982233754
739 809491.6035096089
745 809675.4413499121
752 809781.4459317856
764 810296.2981209705
775 810487.6163865955
777 810834.7696060349
780 810867.5598574472
790 811414.3730885960
799 812435.7814701255
813 812446.9866369473
815 812635.0753592427
818 814732.6455043436
835 815169.8037706780
845 815516.7723949900
857 815538.7137525715
864 815892.3316805348
873 817037.1387498749
875 817383.6727028856
905 818773.9685710474
926 818943.4036984039
928 819507.5213564531
934 819735.2706540775
939 820468.8206396144
974 821458.8791070174
1007 822525.7878196831
1018 822895.8801910513
1032 823217.2903049606
1044 823641.6457650292
1053 823648.5489839318
1058 823849.5809089805
1061 824197.9387794227
1065 824338.6889774414
1067 824608.7864415986
1072 824687.0467737623
1074 824913.2371716143
1100 825236.0317118398
1101 825283.1682263268
1104 825584.3869291019
1106 825995.2342715232
1107 826085.9554778045
1130 826106.6911296940
1135 826751.5900688544
1141 826863.0441372495
1147 828737.4050543999
1159 829248.0723052066
1167 829819.9519197680
1182 830094.0954736790
1183 830346.7410594390
1188 831098.8782802169
1212 831136.9743777392
1218 831957.5678534912
1234 832200.4485079796
1235 832813.1901941990
1241 833055.2341305471
1251 833059.1274309783
1253 833282.2270041185
1263 833591.6483450513
1264 833771.7715789269
1267 834234.1540845459
1270 835043.0100063931
1276 835065.0533674933
1292 835194.7955455916
1294 835230.4367101799
1300 835900.6025206086
1306 835997.3684045082
1309 836157.6417685320
1324 836806.3718940940
1336 837774.7946785669
1349 838028.2819948232
1352 838041.9084592414
1359 838795.3864307394
1376 839106.5332393184
1377 839225.2291102024
1399 839329.9319930228
1400 839508.9033968262
1405 840165.7688044934
1414 840207.7940243365
1421 840372.4165553201
1428 840551.3877698672
1430 841458.4743100532
1431 841469.0276246417
1448 841888.8493531770
1455 842170.8985422418
1462 842237.2260260609
1477 842623.7707636738
1483 843473.1203752948
1491 843591.2364216736
1496 844420.4967167600
1501 844552.4128941534
1503 844710.1344979763
1505 844915.5979591653
1521 845129.2505687972
1524 845469.9403644351
1533 845571.4564414889
1538 845747.2015803265
1545 845988.3130553792
1559 846343.3416403105
1560 846616.2287553394
1569 847506.2296992913
1579 847535.3187893583
1585 847605.9933595080
1593 848106.5732123160
1599 848697.8474536060
1603 849055.1223160564
1626 849403.7334886575
1641 849909.1830364882
1656 850528.7465193452
1677 850891.5237908264
1695 850956.0745577784
1703 851740.4391791747
1707 853069.5447807392
1721 853582.3780268454
1725 854515.2742860558
1727 855596.4169900039
1736 855776.1574585965
1759 857260.6714162794
1772 857977.2159134172
1788 858556.5474107472
1795 858604.5469299556
1803 859273.0849273589
1814 860109.9915568803
1823 860214.1400895849
1832 860923.7634591726
1833 861521.7812401369
1841 861846.0249351062
1854 862735.4391044601
1860 863333.0228558717
1865 864239.8988875841
1885 864489.1490106822
1896 865479.6397909492
1926 865901.6350522545
1927 866083.6298115000
1931 866217.0905410766
1934 866288.1324932321
1936 866892.1214302320
1938 867081.1730211222
1946 867208.2117351443
1954 867506.9535449942
1957 868247.6732543438
1969 869374.1193762603
1980 870220.1898959382
1984 871068.0293926158
1991 871760.5945871187
2008 872147.1300884977
2017 872250.1965507064
2022 872748.0184684177
2026 872879.5264357965
2036 873827.1087409938
2046 874224.3633329469
2047 875064.2722858100
2079 875373.5177541020
2082 875733.5414939859
2086 876465.7754982787
2098 877004.8630871976
2116 877192.7111323579
2117 877519.5641332180
2121 877640.4130258969
2129 877967.2665921440
2131 878594.0676920722
2145 878952.5608905252
2156 879891.0832695380
2173 880368.8059024527
2174 881006.7629484292
2182 881196.5557189804
2186 881582.9317121989
2195 881855.5878540945
2202 882000.2191445320
2203 882254.8029418279
2207 882764.3759891092
2220 882807.6511392255
2226 883472.2476220184
2227 883528.8448025540
2230 884161.8796469623
2250 884388.7007366536
2251 884904.0049905611
2255 885625.1953772996
2258 885732.5297972244
2265 885996.4708462167
2273 886310.5392231656
2277 886824.2890094651
2295 887052.3263787670
2297 887172.8191148440
2303 887223.1035074447
2308 887257.3014314106
2316 887666.0099767479
2333 887693.0911490010
2341 887786.4976913674
2346 888288.8644831150
2357 888379.2414912136
2360 888524.1287361057
2364 889531.3787603891
2376 889571.3753774950
2389 890250.7590368231
2400 890390.6259157979
2413 891534.4602376600
2426 891846.5933089241
2430 892318.6277726116
2436 892504.4355920946
2446 892778.5466653709
2450 892839.4209849661
2464 893413.2421378781
2476 894216.1474633869
2480 894401.1490959832
2498 894585.8898751271
2506 894628.4912491533
2514 895173.4240672849
2523 895557.8397264180
2534 896087.4218276750
2536 897487.6015371926
2552 897523.5448432796
2556 898351.9942442605
2571 898425.0138628224
2581 898440.8563813895
2589 898678.8165796445
2600 900341.5746883551
2606 900801.0000415196
2619 901089.3476817789
2624 901324.4571607718
2631 901612.8041523263
2635 902514.2520857413
2647 903067.6335541937
2650 903989.0315741814
2675 904887.9415151651
2689 905352.2647086178
2691 905696.6618791454
2712 906324.1306463768
2716 906680.7349489486
2742 907058.8659397186
2744 907289.6151983425
2759 907418.8842077251
2765 907515.5495687813
2771 907893.6803633246
2781 908467.2439764420
2808 908486.0609973954
2810 909224.2059561177
2839 909507.3153208006
2863 909516.8002625810
2873 909531.5310381397
2877 909832.7813246638
2908 910074.5967624008
2912 910727.6476616707
2925 910803.5595522200
2929 911087.7374751914
2931 911682.0090154553
2937 911707.9965698327
2945 911910.5255888732
2948 911974.3037038255
2951 912059.4377004572
2956 913086.6353224632
2974 913194.9232646431
2980 913555.6560943575
2984 914115.4486453913
3007 914200.3066764737
3008 915235.3164519945
3025 915423.3893352753
3028 915928.1209304531
3046 915940.3555339392
3054 916629.3323944689
3072 916730.1496615625
3078 917167.0471522931
3090 917290.0670310016
3092 917973.8052745163
3095 918358.1966969506
3101 918901.1471875843
3107 919634.2339273858
3128 919653.9999898366
3137 920018.6188646606
3138 920625.2086028709
3151 920894.8133733012
3152 921498.1885340215
3165 921528.0952926046
3168 922064.0146815669
3169 922105.8770061027
3187 922145.8755506350
3191 922924.7819027427
3198 922946.8526290407
3207 923019.6932625901
3225 923830.0300450092
3230 924227.0221759671
3233 924446.2693704112
3238 924518.9894577380
3239 925365.6377465079
3258 925708.0653200629
3259 926116.9942360335
3267 926141.4117959586
3268 927852.5894326620
3307 927891.5947179534
3311 927912.3500844394
3315 928387.0886274134
3316 928922.6853030595
3325 928938.8479176569
3331 929493.9246097491
3339 930567.7929632821
3340 931052.7365496650
3354 931374.9009555292
3360 931784.2236975256
3368 932180.1219619218
3370 932867.0351131009
3404 933408.8131741607
3413 933533.3746870438
3425 934076.7515598644
3432 934273.0805522043
3442 934568.6290628576
3445 934816.4484351143
3446 935269.3204173383
3462 935665.7960510383
3485 936130.1991229955
3495 936610.3091821007
3496 936960.8864099996
3542 938451.3111485118
3564 938554.5002494884
3569 938653.0719176084
3575 938821.4344051346
3576 939285.9391530801
3584 940016.7251150712
3587 940145.3695847959
3592 941134.9378499693
3605 941460.5695493055
3625 942057.2939999029
3633 942067.8435323259
3641 942493.1464891162
3650 943411.8499526761
3672 944052.7275361542
3683 944141.2343458784
3687 944801.7853752888
3688 944837.8526142279
3697 945354.5910909793
3700 945438.4382819972
3703 945722.9737648255
3725 945780.6182900250
3729 945892.9810210493
3732 946170.0741616552
3737 946424.6850120937
3740 947118.9241189921
3741 947127.2687808345
3757 947434.1772245050
3762 947435.2126293307
3767 947838.9746088767
3780 948528.6783306556
3781 948573.0012512526
3805 949451.9987309924
3833 949797.3094607403
3837 950044.5930901127
3839 950140.4098764408
3844 950764.6961345511
3846 951147.9842566352
3855 951366.8473325215
3860 951667.5696109443
3886 951817.4274753549
3891 952644.1043774961
3904 952839.8145298612
3926 953341.7243796862
3927 953422.7290497069
3931 953816.3538418260
3935 954179.9992311352
3941 954217.6684482415
3950 954444.2944719268
3967 954526.2317282885
3968 954777.6248663554
3979 955502.7625769940
3986 955547.0156755731
3990 956182.5938447784
4004 956645.5022690560
4034 957127.4585208873
4041 957171.7045951416
4047 958211.2797144897
4057 958706.5698672244
4058 958951.8851710972
4071 959385.4732043440
4085 959472.6828935440
4112 959669.2988954152
4114 960538.2897163449
4130 960612.4900427328
4133 960631.1240015974
4139 960771.7735030209
4146 960871.2681414158
4148 961565.4621289650
4180 962351.4934562930
4187 962551.4292832732
4191 963090.8943641029
4198 963357.3460353506
4211 963398.6228908997
4214 963620.7088912016
4218 963815.9234999866
4223 963954.5820024631
4231 964376.8340736730
4243 965236.1484048913
4245 965803.8845979377
4254 966211.0194500148
4271 966593.0526910162
4276 967072.3225042738
4289 968002.8019081303
4290 968240.3402175996
4310 968280.1828099189
4318 969114.1412624592
4328 969663.1142561268
4330 969676.1540519922
4336 970164.6641708062
4338 971291.3553167477
4343 971460.8541450091
4348 971635.9230432366
4350 972331.8334950806
4351 972392.3463115867
4352 972613.9132256352
4354 972641.9381644607
4361 972918.8913280439
4369 974045.7257703982
4373 974327.6274186182
4387 974555.5214542403
4389 974828.8699288154
4397 975293.6932958295
4399 975410.0949120506
4404 976983.0757482451
4421 977258.5069566095
4431 977443.9770145786
4432 977602.1735966632
4437 978038.9463936494
4444 978180.3372319055
4448 978224.4136750618
4455 978276.2002488410
4459 978320.2615766865
4470 978876.2154221457
4471 978883.5313224543
4475 979626.8924863945
4491 979908.1782784556
4494 980405.4545313206
4496 980577.1742101733
4512 980711.2613626150
4514 981148.3124441295
4532 981733.9927948295
4597 981838.9219902960
4599 982189.7297302430
4606 982732.4290108597
4614 982761.5916334634
4620 983039.7629374875
4635 983312.1738661212
4639 983839.7968356063
4669 983999.6595867835
4676 984014.4847132363
4680 984350.1700408888
4684 984382.0174830869
4688 984429.4345504496
4694 984660.1853692717
4699 984794.8811359159
4704 984801.1855492378
4710 984919.6387190839
4716 985171.6507398302
4723 986341.8321621510
4734 986572.2806617655
4742 987123.0643242882
4760 987241.5147457527
4766 987933.2708199143
4774 988142.4108773352
4783 988172.4622004998
4790 988954.4111744744
4800 989134.2814584515
4803 989168.9677486641
4820 989415.4362376189
4829 989639.8423405375
4831 990276.5292951105
4835 990791.4289634391
4848 990829.4713490559
4849 991576.9596269636
4861 991899.3433010995
4870 991907.3528929673
4884 992023.6112330419
4887 992548.1297161623
4889 992653.5476108597
4891 992770.1242066453
4892 993013.0840694833
4898 993510.5984748041
4936 993820.1384474613
4939 993971.1101775510
4941 994167.8546230780
4950 994171.4924556145
4952 994381.5332856735
4956 994843.7325654181
4959 995179.6118930555
4965 995882.6163922072
4970 996442.2508631615
4972 996681.5604438810
4996 996693.2618393108
4998 996710.5060743173
5007 997465.9853611646
5010 997617.8448709537
5017 997952.1390031368
5033 998775.1026051941
5035 999158.3780948089
5041 999457.6562463517
5048 1000112.8089968601
5054 1000381.0556569414
5055 1000990.9826241008
5069 1001110.9393008617
5074 1001259.2294063759
5076 1001360.3197145396
5078 1001628.4558442123
5079 1001872.1723912971
5095 1002509.6435158211
5111 1002511.4634988530
5118 1002828.2142177592
5154 1002887.4780327274
5156 1003507.6468674412
5179 1003770.3456498539
5193 1003849.3889827024
5199 1003899.2387299964
5201 1004399.5591300100
5219 1004721.1332884885
5224 1004804.0415687609
5239 1005184.5118780010
5249 1005822.7031370377
5257 1006122.0750848663
5271 1006613.5519971075
5277 1007156.4427454104
5283 1007550.3486817981
5294 1008616.9736239057
5300 1008825.0828820389
5307 1009104.0925751524
5332 1010233.5594343172
5333 1010599.7713411172
5339 1010771.4678282661
5352 1010851.4814723226
5355 1011504.9481540385
5365 1011796.3506566986
5369 1012363.8596921754
5390 1012796.1702314363
5428 1012805.4297617964
5430 1013035.4974897167
5432 1013364.7041055195
5436 1013590.8180978014
5451 1014223.7725611026
5461 1015034.9374146066
5488 1015937.6360877355
5500 1016039.1098673892
5510 1016075.2193773253
5515 1016624.1877312373
5520 1016877.0245077525
5527 1017724.5375073195
5535 1018148.9985000941
5537 1018310.8796075509
5539 1018388.1668605584
5551 1018769.2511254820
5552 1019242.0548343898
5557 1019252.2830525623
5565 1019432.8756325261
5572 1019707.4645080458
5577 1019749.1190292297
5581 1019802.7909127844
5591 1020419.1889779973
5595 1020986.4397504244
5616 1021170.4115355904
5622 1021565.0648010363
5626 1021577.5275013184
5641 1021862.6789270454
5643 1022723.1464891555
5654 1023061.1053070111
5674 1023543.9008232119
5679 1024145.3502854236
5694 1024228.9624111349
5699 1024397.2249599312
5700 1024400.3481319463
5707 1024438.7170737364
5716 1024645.9345563429
5717 1024954.4472654371
5723 1025021.4971877084
5734 1025514.3177681053
5738 1025709.4049787897
5742 1026526.8568495241
5764 1026636.1180111275
5790 1028349.1082063032
5801 1028821.0035470874
5803 1028924.2194467164
5818 1029040.0698703662
5823 1029396.1181090337
5832 1029625.1997234649
5834 1030068.8965802417
5840 1030275.8234200620
5858 1030364.9220923957
5870 1030594.0034099563
5883 1030992.5612011738
5892 1031432.3413183978
5904 1032229.8886551574
5927 1032571.4758513893
5928 1032620.1897651362
5945 1033149.5212560537
5947 1033402.9398695118
5983 1033945.5087174893
5999 1034386.1546077647
6002 1034567.0634706097
6034 1034586.6325443924
6039 1034636.9565957207
6058 1034921.8608834259
6085 1035120.5198634248
6107 1035308.7238738049
6121 1035378.6309877057
6122 1036238.3867304948
6165 1036947.7810939001
6179 1037224.6594721165
6182 1037477.8224735565
6192 1037595.7467502157
6207 1037766.7977378876
6209 1038077.2411875444
6216 1038141.0515257051
6219 1038441.3352767616
6229 1038521.8520380961
6230 1039364.2253949346
6244 1039642.7287126710
6247 1039882.5226678620
6256 1040611.1329706798
6267 1041404.0597213812
6288 1041725.7069088713
6299 1042183.3468957787
6313 1042969.8341969425
6322 1043549.2083213483
6328 1043921.6701448979
6344 1044063.1778879175
6361 1045354.1672718923
6391 1045670.9343618583
6397 1046107.7880533912
6406 1046261.8278284024
6421 1046839.9109105349
6427 1047017.8997662050
6441 1048088.1437074704
6442 1048386.2483896837
6449 1048556.3546036886
6466 1049095.4104724119
6478 1049265.8595123959
6485 1050025.1922733879
6494 1050583.1411872373
6506 1050621.1963170087
6512 1050719.1145802117
6517 1050758.3368858255
6518 1051287.8878885189
6521 1051550.9775808202
6522 1051898.5961137954
6538 1052441.5347124687
6541 1052534.5053584161
6550 1052562.8071936402
6554 1052828.3768848882
6560 1052927.7782328324
6570 1053049.0446549330
6583 1053278.9623174167
6599 1053317.2004651360
6605 1053681.0058766934
6610 1053795.8532685256
6613 1053802.2733731796
6614 1054415.3559170056
6619 1054663.9464546321
6620 1054785.2124471238
6624 1055398.2943495361
6631 1055609.7766809568
6642 1055882.9083540866
6650 1056721.6658615053
6663 1057092.8472637848
6672 1057317.9006636320
6674 1057574.4582433146
6677 1057667.4918061576
6681 1058293.6558217963
6693 1058363.1030638581
6700 1058479.2188312598
6703 1058989.2657274033
6713 1059122.0689934290
6714 1059561.1305791691
6718 1059817.6775069167
6725 1060046.2797717249
6749 1060145.9812426327
6758 1060743.7630854857
6767 1061301.4547202201
6784 1061949.5865904868
6800 1062364.5335612113
6802 1062853.7734956515
6809 1063461.1600550832
6822 1064303.7558276092
6830 1064525.2132848718
6852 1065252.9518625408
6874 1065410.9383193089
6878 1065714.1925996887
6888 1066271.9546595335
6891 1066610.0351504066
6919 1066877.2127896680
6929 1066932.7336543710
6931 1067402.2004790762
6938 1067456.5720289885
6944 1067867.4444544935
6951 1068500.0954759840
6963 1068525.3766626234
6985 1069122.7336887235
6987 1069248.9760906238
6993 1069470.7121511523
7004 1070247.8107133540
7023 1070377.0808742589
7024 1071054.1803893691
7028 1071169.4786906578
7048 1071222.2102449825
7049 1071359.0293726586
7054 1071411.8727568646
7059 1071655.4934641353
7084 1071814.4537941816
7092 1071909.6993013122
7106 1071931.7916728789
7115 1071967.7005104700
7125 1072115.4103880972
7147 1072197.4596180036
7148 1072397.7933867048
7155 1073375.6815338416
7159 1073457.7189467456
7173 1073622.5098805048
7177 1073738.8301875612
7181 1074144.0662583446
7187 1074179.9572063759
7188 1074258.3205085373
7196 1075157.6257939334
7207 1075400.0461542457
7222 1075574.5584205880
7227 1075742.3963282760
7237 1075809.6892583193
7248 1077028.3554580275
7258 1077157.0600823916
7261 1077712.6369881083
7272 1077982.9425694179
7276 1078100.2934558461
7277 1078817.6846862710
7292 1078887.2469854942
7294 1079184.7890696106
7297 1079583.8039843885
7302 1079644.0926960392
7303 1080297.2799096042
7320 1080581.0554365558
7330 1081278.6480095792
7334 1081301.5730122200
7336 1081382.9779738595
7348 1081751.5154088612
7359 1082143.4788282812
7363 1082215.1190006044
7364 1082520.1667539903
7365 1082598.9516238410
7375 1082817.7633298282
7376 1083178.1975921611
7391 1083818.1490149226
7405 1084555.2595870006
7407 1084804.4790002075
7421 1086499.5357082100
7446 1086658.9027267694
7458 1087137.4469597829
7463 1087401.4335339086
7467 1088054.0965692333
7484 1088221.3812009767
7485 1088423.3779388075
7505 1088995.5710367092
7521 1089197.5603153151
7528 1090404.1347069975
7540 1090727.6616504900
7555 1090871.9266788957
7563 1091149.7604449010
7565 1091561.7591784094
7577 1091579.4433330696
7580 1092406.4684530238
7594 1092962.8632409873
7613 1093042.2902055266
7634 1093217.4748525505
7648 1094009.2787036060
7661 1094010.3130069203
7664 1094223.7585522500
7672 1094638.6427300291
7673 1094755.6830467212
7678 1095170.5842810767
7707 1095256.4066120388
7711 1095401.3304496133
7713 1095663.7088290062
7724 1095933.2606612244
7740 1096182.3645150852
7744 1096195.6265147626
7749 1096388.9196281398
7752 1096903.3239265531
7782 1097269.5529272740
7805 1097535.5682770037
7807 1097683.3350545727
7814 1097854.0080922537
7830 1097872.0715523793
7837 1098005.8506765414
7850 1098120.4150160060
7854 1098624.0655096888
7868 1098693.3470328748
7869 1098807.9089722864
7881 1099463.3964681313
7884 1099577.9518500033
7888 1099867.6317903926
7896 1100254.0121326316
7904 1100335.4623998320
7905 1100452.7680351967
7920 1101080.6636047531
7933 1102070.9492440727
7985 1102609.8030552310
8008 1102919.8830973897
8014 1103773.3040690636
8024 1104069.5998958021
8025 1104528.2204678615
8044 1105459.7285718415
8071 1106046.2528997099
8098 1106053.2924135255
8109 1106141.1639925241
8122 1106646.0881066630
8139 1106734.7217793616
8156 1107239.6431316098
8164 1107769.8872043879
8182 1107847.8409515808
8191 1108358.5438690137
8212 1108529.6530787523
8232 1108723.9923161287
8235 1108863.4580131713
8236 1109217.7351615198
8242 1109831.8647986243
8254 1110561.4612152618
8266 1111136.0270870174
8284 1112084.8417803396
8311 1112500.5840794768
8313 1112660.5159133126
8317 1113151.0054213942
8335 1113316.0382540764
8346 1114209.9598020543
8357 1114376.5501133725
8367 1114567.4682748807
8372 1114718.8707343510
8376 1115632.6075185554
8377 1115668.6289928809
8384 1115921.3529412504
8426 1116442.4682814586
8445 1116515.1306899171
8448 1116675.8753639371
8490 1116850.8535167370
8502 1117084.2596408178
8506 1117282.0546686042
8519 1117603.6489293256
8523 1117646.9443587062
8525 1118445.6393792091
8540 1119242.8033296710
8552 1119397.9040407010
8556 1119433.5682412791
8562 1120034.6085221104
8567 1120489.9122796811
8589 1120845.2124571328
8593 1120914.7466291320
8601 1120943.4447386821
8602 1121388.1122774074
8604 1122250.0770712621
8613 1122366.4842076763
8630 1122909.3834507980
8651 1123029.7421806415
8656 1123629.4509243150
8680 1123963.6771572502
8681 1124472.5174838703
8692 1124683.7288231258
8696 1124913.2178175300
8699 1125158.6069154865
8706 1125860.2990150985
8717 1125994.7136375038
8732 1126034.0277604009
8739 1126168.4394628964
8752 1126320.4702098409
8754 1127071.5270078203
8781 1127142.3529945482
8787 1127294.2482627400
8812 1128339.2132379005
8856 1128705.4027575487
8867 1128943.3944147779
8882 1129082.1029003761
8909 1129300.2846281722
8916 1129300.4424280012
8920 1129564.3833272778
8940 1129765.8914367275
8957 1129858.9923359186
8969 1130465.7313904769
8981 1130586.8760002980
8986 1130651.5106690640
8994 1130691.7462137917
9011 1131062.6115123620
9016 1131228.4550960027
9026 1131664.3863080346
9027 1132235.3864695102
9049 1132357.3697434170
9052 1132497.0104175485
9073 1132618.9936509195
9086 1132775.3275988149
9098 1132843.9532207157
9134 1133056.5015004021
9143 1133337.3123434670
9144 1133567.3228000184
9158 1133904.1438118289
9169 1134237.4777144042
9176 1134461.8029897234
9191 1134535.3274817010
9199 1134674.3479000197
9224 1135047.3538094643
9228 1135767.1932615992
9234 1136496.1761912997
9254 1136593.7783441006
9260 1136867.0896642690
9269 1137567.9805341389
9282 1137653.1824454421
9300 1138001.5481139959
9302 1138008.4418633862
9310 1138194.0848177201
9322 1139524.6525181206
9348 1139866.5616635601
9353 1140034.2232705858
9360 1140462.0728419209
9365 1140523.1013897127
9377 1140738.0472661338
9386 1142334.0720169446
9400 1142352.3982865710
9410 1142765.9890553697
9412 1142904.5319824007
9418 1143015.6999174529
9420 1143692.2226126518
9441 1144191.0677876608
9442 1144410.8428892242
9450 1144770.6660407356
9451 1144777.9763357772
9460 1144990.1513122458
9463 1145704.1888197279
9476 1146422.7939905617
9504 1146465.1760694268
9507 1146535.3777177304
9512 1146593.1299469091
9514 1147024.6905019404
9521 1147195.0314412906
9534 1147424.3136264330
9554 1147428.0710663367
9562 1147746.4848338848
9585 1147824.8579997211
9591 1148349.5711273169
9611 1148427.9362053333
9616 1148741.9189989478
9621 1148922.0461882900
9622 1148964.4923693654
9635 1149248.8594588805
9649 1149851.9124902308
9677 1150144.9574507100
9691 1150525.5866169608
9729 1150956.1136997447
9735 1151096.5539749993
9749 1151160.0195919150
9757 1151253.9402590652
9766 1152490.3456110579
9787 1152523.7722835178
9796 1153384.3300662197
9807 1153637.1999288124
9815 1153900.4615991227
9817 1154331.8205264152
9833 1154473.7104588419
9842 1154503.8515597892
9843 1154743.9112677462
9845 1155007.7500193531
9883 1155119.7557775998
9887 1155149.6300705678
9890 1155261.6330642200
9910 1155378.3743087295
9928 1155738.7962355630
9934 1155911.9050058434
9952 1155996.9547186410
9980 1156339.5743823426
9996 1156849.0319131070
10005 1157191.6466878795
10010 1156270.4290724967
evaluations raw_y
1 705993.4041196856
20 709973.3031308049
22 718720.3327820323
30 725799.1778654804
43 726999.1496625530
44 727566.2887928215
45 733736.0761069783
46 734736.8620551002
50 737630.7251468154
72 749559.5216139401
84 751875.9149259666
90 759315.4480774069
103 763051.6188533219
115 764356.5433553648
121 764759.2944194977
124 765431.0371077023
137 765753.4473534714
139 768206.5590222419
145 769061.6447102443
151 770413.6849239006
164 771045.9869325198
171 771794.6810558969
173 774189.4287378055
178 774764.7297551556
188 774792.8657752841
191 775147.3907597322
192 776098.1252530850
202 776134.0240333029
205 776644.7477332295
206 777002.3055258772
209 777377.7968072973
220 777523.5412611049
231 777668.4042804430
236 777925.9899824138
247 777958.5577598260
248 778694.3718633299
250 779302.0449581590
253 779886.1435474439
265 780182.3405204715
273 780255.0816542128
275 780751.8044429860
276 781076.3161270925
281 781775.8794156155
294 781891.3804314850
295 781919.4644068435
298 782657.6365194720
321 782990.3587877189
338 783454.5105338995
344 783952.0371781929
354 784459.6311219437
359 784787.9912815351
365 784819.0061616960
374 785203.6219522898
380 785317.2051646149
384 785517.4101052369
391 786139.2026547578
405 786787.8558602326
433 786951.7394380342
434 787632.5140226361
452 788698.7893818121
462 788786.1960017869
476 789162.4556465304
483 789374.4523580866
486 789387.2862926482
490 790207.1051122346
501 790517.7975811396
511 791101.1689437064
524 791509.9468294848
531 791592.5218085116
538 791735.2022456073
549 792226.5532273594
565 793160.9039734327
585 793316.0111246267
594 794014.5996061672
614 794377.2505631937
625 794931.6683750582
626 795150.7065282991
631 795976.2057746139
650 796148.8791159666
654 796237.3253423577
657 796269.0433878152
670 796535.8805620170
683 796615.9942618118
702 796753.7943392347
703 796978.7178757932
707 797456.1052699429
740 797724.3061045359
743 797951.3288491586
749 799006.3871857312
759 799238.2942132287
768 799844.4224378447
777 799987.9677955740
785 800193.2008511971
794 800504.1647828736
803 800647.7080508637
815 801434.0089175929
827 801782.7782889435
831 802221.5915522262
858 802634.8538891028
860 802747.9853476866
861 802955.1176329736
867 803307.9552733665
869 803389.2849485852
871 804563.5150792558
898 804980.0601942233
904 805256.9079876011
910 805572.0448831877
927 806118.2041742307
934 806727.0388286305
957 807166.9270542603
963 807241.5283657280
966 807365.2360131798
972 807625.6734317519
981 808680.9138801234
992 808833.2373275256
993 809793.2184954036
1009 810449.4973214208
1011 810675.8989944773
1013 810681.5351822968
1015 812416.1083047908
1040 812496.6326828271
1043 812642.1911880850
1050 812917.7346367971
1051 813762.2917372716
1059 814360.3800189240
1069 814673.5878593979
1074 814969.6667122628
1077 815352.4506390907
1084 816630.7687717621
1101 817034.6401623846
1108 817733.0871629601
1119 817746.6622953647
1129 818101.4309930808
1139 818468.9880852508
1146 818505.2301253349
1158 819919.2934627980
1168 820780.0368778826
1175 821299.9212916570
1182 821512.4382310144
1187 822646.8575625400
1207 822703.1152752453
1211 823059.4270033264
1221 823480.5005452619
1234 824207.0652292479
1261 824622.0564029807
1264 825097.4309710265
1278 825329.0680880337
1283 825438.2375950619
1286 826456.8442956062
1293 826864.5817937764
1297 827229.8320202596
1298 827356.7097796957
1307 827751.5238343884
1315 829079.8133809554
1323 829223.0218601803
1337 829834.2856313495
1339 830270.3714403040
1340 830569.4767729334
1348 832183.8629304924
1352 832393.7883601462
1374 832611.1005949816
1382 833379.2119448727
1387 833682.0862717602
1402 833871.6703343734
1404 834044.8047527131
1411 834378.5039339327
1415 834440.2268689527
1417 835814.7816505553
1429 837313.9835886158
1460 837858.8541925013
1463 838020.4673316684
1466 838229.9157463451
1476 838267.2938849468
1477 838473.4319421680
1478 838803.3827037975
1493 839009.5176954215
1497 839184.7005112508
1498 839720.7788932470
1529 839940.5431781755
1530 839979.9156490156
1537 840430.1813127564
1544 840804.6477705892
1553 840932.0715060091
1555 841451.5658401641
1563 841476.0083561079
1574 841687.1340017642
1587 841833.7116781947
1588 842225.6785570908
1600 842635.9855950320
1610 843179.7276920446
1617 843518.0622192075
1618 843521.2436096778
1630 844061.8030904273
1655 844392.0873047662
1666 844643.6091125992
1672 845118.5214296171
1673 845190.8446111260
1677 845280.7391567716
1679 845507.7933100049
1682 846164.5962090399
1683 846453.3620458046
1692 847670.2658263744
1696 847968.5600582386
1698 848349.3754581361
1710 848488.0896694666
1711 848519.0055068999
1713 848527.8086995754
1719 848978.9084398050
1723 849345.3170610279
1733 849361.6837614245
1743 849608.8354993794
1751 850330.2465831090
1765 850386.8648834664
1769 850446.9344571915
1771 850667.1983959896
1780 851110.9044136328
1789 851352.6772510990
1802 851469.3637823845
1813 852288.9504929809
1821 853000.1090451087
1837 853601.2713123183
1839 853627.6548679729
1841 853762.3272950342
1843 854020.3094353410
1844 854598.1424890724
1860 854803.9743029639
1863 855378.2236596498
1868 856368.7975584287
1897 856373.2596007314
1906 857008.0647544941
1915 857132.7260916245
1918 857556.4841681208
1925 858333.2191578900
1932 858473.9444356383
1942 858823.2472678241
1949 858871.7405116550
1952 859507.0258311126
1955 859647.7462327413
1957 860037.9321417987
1962 860150.6670992913
1978 860495.6080391095
1983 860998.5289556502
1984 861508.2704511564
1998 862452.0276161538
2003 862570.2782928632
2021 862619.8474760181
2022 862787.2901205203
2023 863130.5170903192
2032 864424.2799962115
2048 864591.8927811033
2052 864744.1147371525
2054 865221.8075360173
2067 865285.0055307784
2094 866018.4362975289
2097 866994.1573464707
2112 867859.7313223884
2118 867984.5330837622
2132 868891.6409191986
2155 869165.8999389313
2157 869529.1781191285
2160 870436.2863095328
2166 871551.2690751518
2175 871671.8699891500
2183 872292.6859050341
2190 872768.4507170443
2206 872787.5482969946
2207 873528.9615703301
2220 874137.1603109323
2237 874474.4086993394
2245 874724.2420396422
2250 874868.2546583663
2251 875605.7429525360
2266 875831.9450532765
2270 875965.0041788124
2277 877106.2069953270
2288 877617.0583006250
2290 878335.9250977396
2298 878587.9048560123
2307 879912.0809753424
2309 880506.0153887940
2325 880758.0217460758
2342 880813.2451469257
2345 880850.9343850331
2350 880973.2473946128
2353 881287.7740081665
2357 881662.4595123620
2358 882257.3145068887
2367 882412.2273099562
2370 883168.4459218143
2380 883300.1492289279
2384 883691.1271580152
2391 884019.3229851230
2399 884200.1085421506
2418 885439.1675308151
2438 886299.1419514773
2443 886666.4173795724
2458 887366.1857941392
2460 888443.6508940578
2472 888617.6043350778
2473 889289.6917751237
2477 891203.7894925692
2508 891313.1380419135
2514 892365.8175882202
2515 892446.4386924818
2532 893071.7216203562
2537 893213.7278690562
2546 893513.4295802364
2563 893742.7184214592
2570 893876.6521250177
2577 893916.6711194316
2589 894542.7843974300
2600 895557.6296119516
2604 895673.1991214036
2609 895878.8113225821
2610 896299.3164964525
2616 896781.2591394857
2620 897311.2788369934
2625 897819.9076664116
2633 899573.2698589825
2648 900594.5945545206
2681 900736.5642774603
2704 901538.1133569676
2714 902276.3047679041
2731 902393.7260467111
2734 903560.6124451987
2751 904434.2543529017
2755 904578.7625660204
2759 905332.6525680613
2778 905796.9291566478
2785 906318.2706201592
2801 907112.0324068073
2818 907119.2622623389
2833 907457.0286367587
2840 907620.2298448330
2861 907824.0231895472
2863 908943.7151926249
2865 909151.5990720832
2891 909241.8927539166
2892 909526.7928328749
2895 910226.3409589445
2926 910233.5656114049
2938 911231.1365498045
2950 911392.4495724724
2957 911751.7139353206
2965 911769.8837924674
2970 911993.8680494606
2974 912527.3040962549
2984 913062.0627784226
2999 913356.7064682044
3006 913430.3137758686
3009 913570.4756787071
3010 914110.6208321993
3030 914444.1084226486
3031 914763.9565013868
3045 915131.1911539123
3050 915520.8184178222
3071 915566.7867145500
3078 915900.4908811707
3081 916417.0557508625
3090 916448.9731129573
3091 917070.8679140806
3109 917132.3650167469
3111 917141.1073885502
3116 917435.9803704479
3117 917787.2517509928
3133 919246.2373461297
3158 919602.8397628681
3160 920059.1729702221
3161 920483.3435393156
3173 920515.2457430179
3174 920602.3541112875
3184 920675.5057472110
3198 921113.5516869297
3210 922289.6549224881
3240 922730.3621409346
3247 923533.9387174622
3248 923995.1699304975
3254 924019.3893538157
3257 924060.1290631332
3268 924675.0039675381
3269 924706.3326563459
3271 925174.1186604709
3272 925214.8574284185
3277 925361.9410290862
3280 925658.7291648020
3288 925690.0579771728
3294 925987.8876697577
3295 926556.4109578807
3299 926618.7268483131
3301 926719.4222440702
3308 926767.6892953225
3309 927074.0351119314
3310 927157.4689310113
3325 927544.1766672524
3326 928221.8611711300
3339 928432.5402100285
3344 928733.9412572428
3351 929031.7912960137
3355 929295.5156301961
3362 929836.0058365539
3386 929992.1039741749
3390 930324.4867610881
3401 930531.7309766014
3402 930600.5914621818
3407 931543.8288585361
3425 932446.0750325357
3443 933625.6429404318
3452 933913.7591789429
3458 934314.1020791121
3481 934376.7473595912
3491 934968.8221579059
3502 935213.4354982991
3505 935383.1021863963
3527 935890.0550387272
3536 935977.3765267011
3537 936276.4919000114
3555 936953.1036113749
3560 937036.3392394308
3567 937832.6462393745
3576 937964.5473276244
3586 938105.4190000377
3593 938466.2000175727
3594 939111.0109992009
3622 940113.3474005865
3647 940286.2180233186
3650 940315.4803330703
3651 940417.9873265902
3665 940728.3253957095
3667 940778.7901013967
3679 940808.0553823281
3680 940970.3398679163
3681 941385.8415999537
3690 941790.1778523724
3694 941839.4416223924
3719 942188.5457511304
3720 942308.9780341358
3724 942363.3849719651
3730 943421.8076699964
3745 943863.4838179465
3756 944239.6652633280
3770 944291.2727710252
3771 944889.4292080603
3784 945026.3435755164
3789 945205.3850615710
3791 945389.5620956499
3794 945526.4734656094
3795 945837.1168556373
3796 946119.7347087332
3812 946256.6473037577
3813 946795.8504861559
3822 946932.7587321999
3838 947347.8475465820
3840 947354.6634790521
3850 947554.3987161368
3861 948144.5134300055
3865 948263.7537295226
3880 948780.3717936530
3899 948842.9479824340
3907 949370.4930553642
3917 950045.5174883102
3928 950193.2982741972
3930 950409.6778993992
3938 950597.1734730625
3939 950646.9146341778
3940 950912.9289594975
3947 951806.9498207046
3969 952246.9851958532
3991 953213.6147221640
4007 953403.8013502269
4013 953862.3017493865
4019 953999.8562252937
4020 954419.0539154295
4023 954773.9045919783
4027 954829.1065770701
4036 955860.6307596521
4045 955943.8170014115
4057 956385.0636212667
4060 956913.3635224939
4064 957179.5601052361
4072 957317.9497042418
4077 957660.2489197711
4078 957867.7923210206
4085 958065.6519964942
4086 958475.1396846112
4096 958563.5939862443
4098 958584.7336669217
4100 959370.6103844579
4118 959527.2838718188
4123 960372.1699517356
4125 960510.2776023917
4149 960683.7863157179
4150 961247.3676199776
4165 961976.8733730506
4180 962633.8499404131
4189 962861.7616656644
4191 963174.8083524239
4199 964108.1510710979
4225 964137.2488903905
4227 964667.6566389411
4233 964798.0691003010
4246 964868.1517483387
4247 965024.3793739355
4250 965322.8390840144
4252 965372.1664409856
4253 965768.6493404162
4255 965820.6457332530
4273 966171.1665746324
4289 966427.7180336531
4300 966514.7508139497
4301 966530.6056062011
4305 966781.3276882656
4347 967505.2170536418
4364 968165.3406684548
4381 968488.9313869652
4382 968576.2622861930
4387 968891.4853334095
4400 968952.3075185446
4403 969047.7184810294
4405 969465.4358956021
4420 970273.4026933046
4438 971256.3477621200
4447 971337.2355260057
4458 972045.3383255976
4474 972344.2555163846
4478 972364.0329881496
4491 972662.9509647384
4494 972722.7208859369
4521 973467.5737615114
4533 973527.3430289386
4541 973908.3597209008
4550 974330.9982585277
4553 974626.2626447534
4562 975130.0809193213
4569 975440.8175571074
4573 975492.9470728781
4577 975808.9799086337
4579 975979.0176800517
4590 976012.6993577994
4592 976205.1311446648
4596 976314.0065578464
4601 976341.8837666434
4622 976459.5667298689
4624 976530.3435406334
4627 976586.9372922918
4628 976726.5870247890
4633 977259.8486628641
4647 977504.8800286510
4648 977757.1204943419
4657 978226.3090940268
4658 978333.3419575677
4660 978346.7146708519
4663 979824.5041198669
4706 980086.0685811111
4708 980541.1682233036
4726 980925.2806388834
4729 981330.2212964976
4731 981599.7910248924
4734 981984.2559656677
4745 982134.8788976498
4762 982179.1513486730
4768 982335.1822955940
4783 982738.0519939398
4790 982875.7676009195
4794 982877.9522634711
4801 983032.7080339331
4812 983524.5699098358
4818 983902.7135416009
4843 984097.2008406104
4845 984199.2136186634
4863 984921.8115387203
4875 984974.1392552009
4880 985126.7932211935
4887 985655.5086343129
4903 986573.6536778937
4944 986604.0565756733
4958 986813.3224254879
4961 986948.6859941485
4970 987745.7768018991
5013 987868.6385779277
5019 988764.1343609031
5049 990134.3291122059
5063 990338.2276012828
5065 990351.2918520673
5076 991017.4553077306
5081 991516.1600250667
5097 992251.5750577857
5111 992608.3350301246
5127 993349.3053056316
5154 993777.6775976146
5163 994551.7129497949
5171 994991.5587402914
5206 995408.7046427710
5220 995436.8558234065
5235 996147.8372771561
5246 996500.9207639172
5249 996812.9027728190
5268 997084.9080553723
5279 997091.1932366067
5282 997283.7956803113
5285 997335.1102646670
5287 998227.3187998639
5290 998475.2294851930
5325 998615.6159752666
5327 998921.3143317401
5334 998952.4406266359
5342 999130.9885124362
5347 999635.7961340840
5356 999863.0388828570
5362 1000194.3360743436
5369 1000202.8978902372
5376 1000272.5665957053
5384 1001526.6326497762
5407 1001889.8486293998
5412 1002217.3806228985
5421 1002350.8238326298
5435 1002664.5060338124
5442 1003258.4581971038
5448 1003374.4523394173
5449 1004231.0898785596
5452 1005039.7342695590
5462 1005410.5365762373
5481 1005490.1327193076
5482 1005851.5419544433
5496 1006133.4980918340
5509 1006382.4062714401
5530 1006743.2698924590
5531 1006846.5911943453
5533 1007112.0404635555
5570 1007141.9509876703
5603 1007692.4526834501
5618 1007797.8937237331
5621 1008162.0515790808
5629 1009378.3883032724
5633 1009462.0588349726
5634 1010122.0237232209
5645 1010185.0414531672
5649 1011006.5768509618
5676 1012488.8019785224
5690 1012500.5327144876
5691 1012605.3778188542
5699 1012669.4695847052
5702 1012961.3498628751
5707 1013282.0583124151
5712 1013716.6599140888
5726 1013798.6851255683
5729 1014129.2846175679
5741 1014426.9795555698
5749 1015272.5200787858
5764 1015334.2517688985
5768 1015357.9563639318
5771 1015441.3758727171
5772 1015712.2521272830
5778 1016219.5616088040
5793 1017121.1852922876
5799 1017297.7058910700
5809 1017711.7084366027
5817 1018338.1445177399
5833 1018517.4176913343
5838 1018537.5998319576
5841 1019611.7595142730
5848 1019939.2342806291
5854 1020799.5443598800
5857 1021234.0849850749
5865 1021512.3344527633
5872 1021989.6836065145
5876 1022413.1150294581
5883 1022629.6565747152
5885 1022850.9423792914
5891 1022924.9088229104
5902 1023023.3922465125
5918 1023110.3871528349
5921 1023492.6326899905
5922 1023566.6045439750
5932 1024353.5205560921
5942 1024514.4728759015
5946 1025180.6299723552
5995 1025686.2546159432
6008 1026547.1261985973
6016 1026585.4749133221
6032 1026941.2233910409
6034 1027192.9435932542
6041 1027324.1940079118
6050 1027840.4266849945
6055 1028289.8439299611
6084 1028291.7188996770
6089 1028427.4720367722
6093 1029219.5087425046
6100 1029481.2271491595
6128 1029671.6030125663
6130 1030604.4577591916
6170 1031020.4396486914
6193 1031112.4695665146
6202 1031680.1727014818
6205 1032011.8134354262
6208 1032256.0590310671
6216 1032315.7984936746
6221 1033125.6006635750
6229 1033158.6690045405
6232 1033247.4322247325
6233 1033307.1716037318
6236 1033666.5952433728
6241 1033858.9472340264
6248 1034052.0170215155
6252 1034794.7805283197
6263 1034840.5174706958
6277 1034974.9394767229
6280 1035763.4417623535
6282 1036046.0538832974
6298 1036098.2662926144
6300 1036443.3814275538
6304 1036621.9368907600
6313 1036870.5660711664
6315 1037258.2566215501
6325 1037355.4203882611
6327 1037419.5041539301
6330 1037630.9943520778
6331 1037826.6450803477
6333 1038364.6270197873
6343 1038424.3642693678
6356 1038808.7006563365
6361 1038994.1881915804
6363 1039190.1618706833
6369 1039363.9602210993
6384 1039806.5455267107
6392 1039973.2031329288
6394 1040465.7857235426
6400 1040465.8320625291
6409 1040466.1207147238
6415 1040473.3918311854
6418 1041468.9527228622
6429 1041548.9439748663
6431 1041726.1360777123
6439 1041979.7013391485
6441 1042102.5520535274
6448 1043528.2955098130
6473 1043600.9113313295
6476 1043771.2552180975
6478 1043923.9239595331
6498 1045195.4169683553
6521 1045328.0343932912
6533 1046210.5651263520
6540 1046270.3074551993
6547 1046495.7762937193
6549 1047325.4902397877
6561 1048925.1839342890
6590 1048998.7340046538
6594 1049806.8081394320
6610 1049824.7130279366
6615 1049886.3761604680
6621 1050319.9838090886
6624 1051044.9041864825
6649 1051204.1251739252
6663 1051797.7380641955
6681 1052150.2933549862
6694 1052719.2112586831
6715 1052749.6171703076
6728 1053185.6994041584
6731 1054132.2944656976
6735 1054213.5313106787
6737 1054680.0169023313
6741 1055611.6200215693
6769 1055616.8978078924
6773 1055753.1687278070
6790 1055797.9896469477
6791 1055802.0062693600
6799 1056130.6463712207
6804 1056494.8237720376
6813 1056632.0332022698
6832 1057054.2053430921
6838 1057189.1385056449
6850 1058533.4938220549
6853 1059116.2448264994
6883 1059137.6827216055
6886 1059163.6469558487
6889 1060439.2132701329
6907 1060493.5754125020
6909 1060666.0919636546
6914 1060912.2799499833
6920 1061273.9698959605
6925 1061500.8479556628
6931 1062272.8459731082
6939 1062385.9913149127
6948 1063704.5160099294
6970 1064323.8949326805
6972 1064865.7995374599
6986 1065237.4995267976
6987 1065241.5163020375
6993 1065355.3298006407
7048 1065644.4251081557
7066 1066348.2459301639
7092 1066414.5062425993
7093 1066511.6210937409
7108 1067423.0248582573
7121 1067876.7093387290
7124 1067905.0675715941
7129 1068066.6131595259
7132 1068248.7609252208
7134 1068493.0584870379
7156 1069484.9147988812
7192 1069812.0638376123
7209 1070304.3700197311
7221 1070516.9899161595
7239 1070694.8044342268
7241 1070791.5673399530
7264 1071220.0528759097
7267 1071260.9823893290
7268 1071332.9866874213
7272 1072525.6578743495
7291 1072539.4887407988
7294 1073302.2273894281
7305 1073358.8777317873
7311 1073600.0077570570
7326 1074129.0474332832
7343 1074307.8213186571
7349 1074467.1632573823
7350 1074650.2066959848
7367 1074936.5618830996
7381 1075692.3929432770
7407 1075867.1464712441
7408 1076072.3947979393
7411 1076083.1439205778
7420 1076141.9892887459
7448 1076176.1500246848
7454 1076443.7470726895
7465 1077044.2155597429
7480 1077180.9803835438
7482 1077354.3014898945
7484 1077799.6550842053
7488 1077809.5427557565
7490 1078887.7686106062
7521 1079429.5226873697
7523 1080253.1618831714
7529 1080271.2867897341
7530 1080680.9230953325
7532 1081071.0125362196
7540 1081124.6095401323
7551 1081559.0457237631
7564 1081583.2900323409
7565 1081772.1861143776
7566 1082079.2216057756
7568 1082182.0293819904
7575 1082204.0737314767
7592 1083182.4936568202
7612 1083524.8196719685
7654 1083758.6014194803
7657 1083870.8302845103
7661 1084761.1815045918
7673 1085022.4393443477
7679 1085459.9945047249
7695 1085528.6447427101
7697 1085721.2518207151
7720 1085761.6179211452
7750 1085789.8995747443
7775 1086022.8744979582
7780 1086104.9401385840
7789 1086120.9395107925
7793 1086290.4553484833
7801 1086691.9485992114
7807 1086713.8919352735
7812 1086801.2884419579
7814 1087188.1841287897
7827 1087275.5647535580
7845 1087330.6206326238
7862 1087623.1459059794
7872 1087658.2633132320
7880 1087959.4585666687
7905 1088041.2289831308
7912 1088377.5368924374
7926 1088511.7679425415
7932 1088812.7224213127
7938 1088848.0747466558
7952 1089052.7988947183
7961 1089402.0477566342
7980 1090016.4414099851
8016 1090522.6693980594
8033 1090832.1213083847
8052 1091040.3801976833
8055 1091041.3843308992
8072 1091260.3224764075
8075 1091585.1683151533
8083 1092459.3420410017
8113 1092764.0427264762
8115 1093207.6598477988
8136 1093317.0293252429
8137 1093957.2138402909
8143 1094944.1132066308
8150 1095103.9833239350
8156 1095812.9486223899
8190 1096751.5505565088
8207 1096975.7334888566
8210 1096985.3178508242
8233 1097209.4982884049
8244 1097568.1761625002
8257 1097976.0935920491
8261 1098326.3787567269
8272 1099176.6250036790
8315 1099430.5044538882
8329 1099891.0959836955
8351 1100373.0134618005
8357 1101178.0364018753
8390 1101524.8939521865
8393 1101636.9727209730
8396 1101980.4920649962
8408 1102001.5349995641
8411 1102086.1094421390
8413 1102414.2990670167
8432 1102480.2269258325
8434 1103061.3023557798
8443 1103101.7942649997
8467 1103653.1780732509
8508 1104471.6659621340
8523 1105630.1195696229
8530 1105892.2168095480
8542 1106142.2311711647
8555 1107073.2363353688
8577 1107168.3960280844
8612 1107207.5641240634
8632 1107287.9867774085
8659 1107471.6772830416
8677 1107770.8656990852
8684 1108027.4331205480
8700 1108738.9190069123
8705 1108843.4288173087
8721 1109522.9407676249
8731 1109845.0870601214
8754 1110861.3094416826
8763 1112123.3107531928
8793 1112343.4742493737
8798 1112722.6945899182
8806 1112851.8491897820
8811 1113271.6005447963
8819 1114755.0918618448
8849 1114912.7240885678
8857 1115033.1084643512
8879 1115244.2326811887
8911 1115341.4954470904
8917 1115549.7006718270
8919 1115577.3744494580
8931 1115924.5217421292
8959 1115954.4188561814
8961 1116310.1653005511
8992 1116866.6426182347
9007 1116975.1706560927
9008 1117083.6732728134
9009 1117917.2792929073
9024 1118521.8024923904
9049 1118573.2361509176
9051 1119159.7761811242
9069 1119660.6127603948
9112 1119745.1729293833
9124 1119876.2685756164
9135 1120119.3626974542
9150 1120309.2260670683
9152 1120335.0182694530
9159 1120524.8818007221
9171 1120983.6312673795
9191 1121441.2792469580
9206 1121501.1575236742
9207 1121900.0261601876
9216 1121957.2314157814
9221 1122048.7991656940
9225 1122532.0097276196
9227 1122686.1336646271
9243 1123206.6644636027
9244 1123326.3239556153
9255 1123412.2417053806
9256 1123727.8730878998
9260 1123870.9819824204
9311 1124569.8100690360
9326 1124667.9498758439
9342 1124869.0428222287
9348 1124944.4246113994
9358 1125495.4635182060
9364 1126254.4866226278
9376 1126489.8397916078
9386 1126687.5126228856
9407 1126781.2829232300
9412 1126887.9922737826
9413 1126993.9108664664
9417 1127253.1726579056
9424 1127925.9777692272
9450 1127942.6573053051
9451 1128105.8086518536
9455 1128309.4929107027
9457 1128927.2878909674
9467 1129444.8199308100
9473 1129518.6540276199
9476 1129731.2762573359
9484 1129981.2458147197
9497 1130203.7709800797
9511 1130473.0396903495
9529 1130757.1719386638
9536 1130831.6373445219
9556 1130887.1138287182
9566 1131051.8120698738
9568 1131473.4435611786
9580 1131815.0272034085
9587 1132106.5282389366
9589 1132272.0436158443
9594 1132804.7285293683
9610 1132838.2683809786
9613 1133052.9662138426
9621 1133071.4053409863
9627 1133116.7689255613
9629 1133134.9719916896
9630 1133178.7720374714
9634 1133678.3371901491
9639 1133745.6657688776
9650 1134101.1006631656
9653 1134326.7452426164
9657 1134406.5623454642
9663 1134433.3371213416
9666 1134683.5804161543
9669 1134936.5137555029
9671 1135079.9607898446
9685 1135293.3346296577
9695 1135689.7005605039
9703 1135763.7551664929
9706 1135933.0108018499
9708 1136484.5404319444
9726 1137184.9478174862
9750 1137587.7108402767
9769 1137736.3459090453
9785 1137816.0665416147
9790 1138139.1064382163
9800 1138656.6674550399
9803 1139059.4132747545
9827 1139465.2873051560
9830 1139478.9617053857
9847 1140071.9258392977
9877 1140506.9261525094
9898 1140807.1040024287
9910 1140836.8727562090
9921 1141125.1074046765
9927 1141425.2774633626
9938 1141475.2937151860
9939 1141614.8899674513
9954 1141638.3420664126
9962 1141664.9154495543
9964 1142174.6602679023
9985 1142383.5567445117
9987 1142419.8730014602
9997 1142439.2127513113
10005 1142819.3509616568
10009 1143161.9485793393
10010 1141617.1725237370
evaluations raw_y
1 663407.3682427836
2 676985.7129110874
4 686196.4515159398
5 711175.2247409880
15 718432.2466117499
17 723212.2952354257
26 724394.7013373766
35 729274.4615665649
37 733664.5386115195
39 735370.2004654781
47 736279.8246172238
52 738190.1295125816
58 740107.9770669219
60 750413.7713809533
67 750647.6105248119
71 751091.9025929874
74 752713.9635623983
78 754362.8217265049
83 754534.5015320311
94 762800.9006020213
111 764311.6099886720
114 765219.0031525916
120 766621.9926040224
124 767507.1234867971
128 769224.3780817422
134 769384.7373760098
136 771732.0449557872
159 772797.9772515817
171 773326.9724420790
172 773624.5439060063
181 775443.5820098086
204 777246.5306895250
205 778945.6807759277
215 779276.2761235822
222 780079.6482534527
229 780526.1747207360
231 780888.1140329614
236 781098.3258357856
242 781529.5943056255
252 782062.6243369363
253 782203.7240749107
258 782274.1543663590
260 782834.1396503992
269 782990.6283224461
272 784498.3506540452
273 784727.1581945505
282 784766.6152563371
288 786057.6818301486
303 786522.6848609165
310 786733.8157985476
327 787503.4576138521
336 788670.0923772312
340 788755.1187626391
345 789129.1524352070
351 789836.4438778999
352 790170.5813943179
356 790306.8368813351
366 790427.3337797413
368 790971.7903265144
369 791474.9083494563
385 791481.4360663455
389 793026.4884147519
416 793253.0277182974
419 794611.4658824181
421 795221.6084399261
440 795278.4621493842
449 795615.4522554943
456 796056.3869258132
466 796272.2354920249
479 797401.9978290083
499 797782.0604227548
501 797795.8358857256
515 798289.4262672928
516 798440.0020426419
519 798840.1572439781
529 798925.6156361175
537 799126.9579158616
546 799162.3408445714
547 799925.0980631820
550 800122.2977020206
563 800295.4626547825
564 800310.0932498581
566 800559.6713975471
572 802326.9763032909
575 802639.2320347747
587 803861.9148311757
589 804174.1681977510
596 804285.4978097533
606 805045.9618171203
620 805631.5331331083
621 806007.0254294176
632 807163.7958489794
650 807577.9370522277
657 807614.1132581342
661 808107.0556527788
668 808365.1447988283
675 808427.9166666546
679 808883.0118738730
680 809467.2373845374
683 810211.6667972346
684 810311.6509262979
691 811272.6930135697
708 811698.4628141081
709 811877.5716113143
718 812605.9005737335
740 813038.9597592333
741 813181.6610912734
745 813417.0876212714
747 813439.5951938421
749 814447.9428846150
774 814660.4313013633
786 815693.5253624268
797 816117.9508632185
798 816215.1020733103
809 816245.5675612674
812 816575.0009612658
813 816959.7173324169
821 819114.3438165695
843 819204.8743774248
852 819741.1093201000
866 819890.5059609455
868 819929.5197628083
871 820437.6797342348
877 820954.9409337599
887 821873.0080486489
894 822121.8783697239
900 822337.2245255728
915 822370.0110148576
917 823031.1981630453
925 823561.0936446667
945 824013.5163465587
950 824276.3177550802
962 824281.4352395949
969 824642.2985108411
970 825074.3594297454
977 825079.4753830935
978 825286.1531858663
979 825380.4021174635
992 825760.8274023016
995 826093.0845216427
1006 826936.0739507950
1043 826995.2741368789
1044 827877.4987549495
1089 828322.3532165093
1097 828458.3970807418
1106 828708.9905293164
1113 829063.8676567775
1114 829073.5379167596
1117 829353.7236700129
1118 829647.7336040136
1123 830169.4346033843
1128 830172.1031385335
1136 830438.6898283237
1139 830787.2344232353
1149 830936.6044887567
1155 830960.3871066645
1158 832186.8883917631
1185 832298.3452444548
1189 833086.2491659244
1205 833960.2292277195
1215 833982.1637544065
1219 834163.6031781567
1229 834370.8987889447
1238 834632.7084136736
1240 835008.1509715256
1244 836295.1792793169
1246 836796.8421637572
1250 836896.1064554807
1257 837387.3766586862
1267 837420.2580796764
1271 838512.5137258403
1290 838603.5618284764
1301 839258.3789712486
1306 839922.1031834154
1311 840242.4960557487
1319 840954.0707106703
1336 841006.3680004502
1343 841833.4246077989
1345 842193.4069272118
1346 842340.8175764777
1351 842340.8646229012
1359 842892.4711784614
1368 843809.3392817237
1370 844296.6670464433
1376 844299.7302210634
1379 845595.2001293222
1397 845840.3772704495
1408 845922.2447844851
1410 846692.7540568559
1429 847026.5330681787
1430 847483.5702765698
1440 847632.3408991687
1442 848153.0722156584
1450 848317.3101496823
1456 848422.1918147331
1461 848488.5742060316
1468 848691.0817350610
1477 848706.1563423895
1479 849505.4115098516
1493 849538.2698022507
1499 849887.2584296211
1510 850094.0112543462
1512 850489.2630932354
1520 850549.7199065315
1524 851042.9033842834
1540 851097.3815863213
1543 851123.2062476766
1545 851200.2125711477
1546 851808.8729990979
1552 851811.4879932530
1557 852143.4636738519
1561 852739.6728025939
1574 853339.4381496167
1580 853365.9958221100
1582 853371.4727229510
1588 853969.4629810029
1594 854322.2805220607
1596 854553.6109880300
1604 855124.0148868992
1607 855928.5684340911
1614 856212.8565365046
1617 857310.7315791092
1637 857539.2940387704
1648 857952.6655185811
1650 858002.0715555093
1654 858597.1990800443
1670 858631.9447660996
1671 858826.7556138288
1675 859091.9006509414
1678 859425.2323901386
1692 859827.6063788417
1709 859888.0368723605
1724 860032.5258259174
1731 860160.5922807683
1736 860292.0533045410
1737 861410.5255696161
1744 861472.8925126465
1754 862267.3635720162
1762 862802.7643194543
1768 863248.1926740430
1773 864393.9636131302
1783 864838.2416867588
1785 864858.7705308055
1802 865724.3468736913
1832 865919.9708281077
1836 865934.4072285520
1837 866515.0096998034
1839 866908.0383423945
1841 867825.8247360106
1857 868429.9509360297
1867 869359.7687174729
1868 870149.0061251181
1870 871025.9637650502
1895 871114.9229695725
1906 871791.5831810319
1912 871868.3262937120
1944 871942.8733349951
1947 872487.9263074645
1965 872622.4325760208
1972 872709.2126125150
1991 872798.3558377229
1992 873037.4825388502
1999 873449.7199665461
2010 873643.5647059737
2016 874115.7529057463
2026 874697.4321082656
2042 875674.4111541816
2060 876266.2434356933
2063 877131.7298452345
2069 877337.6944458765
2074 877579.4267183320
2076 878691.0848707833
2095 879310.6926333735
2108 880250.9652267235
2132 881011.1464628883
2148 882122.4996568222
2155 882559.6920280050
2169 882599.4053254039
2184 882742.1035685578
2186 883465.1214738869
2201 883867.1377712365
2220 884743.9283777579
2221 885527.0866803182
2226 885732.9144359367
2238 885954.9129073756
2241 886565.7047985957
2256 887239.7977592443
2280 887534.9375185190
2300 887565.8582410360
2309 889307.2456775286
2337 889496.1501624716
2343 889892.0983689800
2349 890279.8939691501
2362 890472.9961490956
2377 890485.3060914843
2378 890770.1351702162
2382 891398.7668347633
2387 892502.9560101746
2393 893159.2348620938
2402 893798.4455408332
2417 893986.2673470003
2421 894251.4459085331
2427 894393.5791686354
2433 894433.6460163784
2441 894440.2321290195
2442 895593.0860374375
2443 895607.9580422190
2449 895631.0094308321
2452 895788.8611115111
2456 895976.0550081560
2458 896468.2935154036
2470 897035.8349853726
2474 897124.7721315593
2492 897161.0631244289
2494 897354.0073557298
2499 897908.6036547060
2504 898184.3627646730
2511 898289.2281571559
2526 898719.3219609348
2537 898919.1039009567
2544 898986.4344962128
2547 899184.8499760033
2553 899199.0311511286
2556 899402.2471828181
2560 899891.3877601678
2563 900095.2164675012
2578 900994.3941648933
2579 901405.2243328659
2589 901655.6426701584
2594 901872.4057231498
2597 902385.3069153713
2612 903004.9437341536
2624 903037.6440875422
2626 903599.3838586346
2648 903941.0260684858
2649 904493.6734239932
2653 904511.8916523881
2669 905008.1200310442
2675 905180.7017741359
2687 905569.2893378199
2709 906128.1321542420
2717 906180.8284337381
2738 907187.2524366627
2753 907341.1081101251
2762 908082.2913303894
2781 908462.1385058177
2796 908487.9427805926
2801 909172.1844683716
2804 909469.7889994672
2808 909974.4950515728
2814 910034.8039988155
2825 910719.8507446314
2828 911128.9238247836
2846 911469.7379278736
2848 912106.8649903869
2851 912140.1168986800
2855 912664.2545912577
2856 913143.6165066407
2885 913531.6725239116
2890 913839.4932168552
2891 914224.1405045333
2902 914314.5865969803
2905 914502.3759274379
2914 914982.8959716581
2925 915610.0688258214
2947 915664.0864406159
2953 915789.5564441634
2962 916155.8610421724
2979 916386.3002517788
2984 916618.0397622072
2989 917175.6927571357
2995 917418.4137900113
3003 918079.9381673106
3027 918385.7366887759
3028 918893.3616061879
3041 919249.3305021722
3045 919329.2439443066
3051 919340.1209244673
3053 919926.7769054216
3071 920116.7451939528
3076 920637.9893552442
3078 920850.7313757339
3085 921550.7205576173
3108 922026.3620901891
3112 922764.4663656715
3132 923055.0406111334
3135 923715.5242162267
3144 923896.9705044037
3145 924271.4181769576
3166 924649.6234894653
3171 925002.0064747757
3173 925032.1328942705
3183 925991.7539461126
3191 926009.1259329714
3193 926030.6509520952
3195 926179.6348008564
3196 926724.0757545874
3202 927418.3155320579
3205 927453.3057102537
3219 927495.1344561890
3224 928330.2088932042
3238 929346.6726948550
3254 929391.3438771392
3259 930575.8672076655
3268 930694.9019855374
3283 931268.3707248304
3286 931862.2958459267
3287 931871.7326461581
3294 931924.1407428809
3299 932032.9659172442
3301 932061.7574275023
3306 932728.0117291756
3309 932754.2583755385
3310 932852.4350044561
3312 933608.7065667282
3334 933658.5447706706
3341 933810.7432811502
3350 934659.5106536360
3357 934828.3117172351
3358 935030.3511203714
3372 935262.2328057156
3373 936031.3084208582
3394 936186.9945718861
3399 936236.0846428932
3403 936291.2331689636
3409 936355.5840620111
3415 936896.4409417295
3448 938231.4960758700
3450 938375.0359379667
3456 938495.1816064015
3465 938777.4189425054
3473 939567.0483216933
3475 940418.5358379607
3504 941401.5376833379
3511 942524.0834589325
3535 942888.9870414262
3537 943013.5045016131
3539 943466.2574403498
3542 943500.9049036531
3549 943948.5325376448
3556 944891.3582250620
3566 945361.2224843730
3583 945808.2061430053
3598 946064.1848421764
3605 946469.2281296117
3613 946722.7838776469
3614 947308.6504639310
3631 947994.2024128491
3663 948214.7144837879
3675 948343.3433191362
3676 948347.3927861517
3685 948663.4327493358
3693 948828.1513328943
3697 949001.9264771467
3712 949177.2919613564
3713 949413.2957464965
3722 949916.1139033363
3725 950062.1808685985
3728 950082.5197952859
3731 950163.5860856738
3738 950897.0181034366
3745 951311.1680444443
3754 952009.0137319678
3770 952019.2542144681
3780 952095.4922336283
3786 952225.6301775884
3789 953013.6946090430
3817 953071.2631284475
3819 953936.3093794030
3826 954216.1745527386
3836 954427.5947788039
3837 954644.1429653950
3839 954823.6004777816
3842 955374.1324727064
3843 955430.1473475279
3859 955518.6235777454
3885 955758.7825553062
3887 955946.7576529528
3888 956270.4164842796
3893 956881.8275640267
3907 957089.0587662407
3914 957402.3243549083
3923 957464.1423682437
3929 958175.0702568935
3942 958313.8613280752
3959 958476.9954032399
3964 958574.9181533261
3972 959128.0837865386
3983 959971.8990311329
3986 960057.2761226881
3992 960080.9754882307
3999 961166.0288402764
4001 961793.6084525674
4017 963117.8377156709
4040 963141.2859095786
4043 963301.3015519080
4049 963884.9679169590
4052 964251.2523367839
4056 964258.5569933819
4063 964483.4183592355
4081 965388.7356473876
4082 966210.5438227860
4085 966517.4053045589
4096 966669.0126178056
4097 967335.5220262518
4100 967914.8076936945
4113 968120.8621566349
4130 968215.3412055625
4135 968646.7231354247
4139 968935.0027462541
4143 969029.4754139980
4145 969293.4135114185
4154 969435.3252393494
4156 969585.5827633711
4158 969762.6637533043
4161 970137.6380568735
4168 970189.8051347637
4176 970261.5419698703
4180 971193.9957690192
4184 971203.0022876525
4195 971557.4458812672
4201 971854.3624548104
4208 971871.3833085933
4220 972522.7376533521
4232 972681.0124608837
4238 973221.1505783167
4245 973297.8146866711
4252 973548.7614391255
4253 973962.3478304987
4255 973991.7998255801
4267 974300.9755771272
4270 974622.7638183306
4274 974807.8871504669
4275 975738.1011488719
4309 976646.2616327043
4322 978074.6805932064
4335 978584.1173562501
4345 978600.7150996308
4365 980739.3322129784
4388 981071.6540592602
4389 981265.3609097586
4390 982046.5705331924
4393 982280.4245773420
4397 983417.9903637943
4412 983738.5170511298
4429 984337.7740712885
4455 984883.0655316554
4473 985623.9998903138
4475 986032.4085010408
4488 986635.8093671129
4494 986644.0479681391
4500 986769.7291173845
4501 987506.1004236077
4510 987940.6360202545
4514 988292.8253715826
4518 988575.2316377187
4526 988707.0129737158
4529 988740.2711348690
4532 989059.1967457942
4533 989391.4920984606
4547 989710.4110637405
4564 990072.7975898787
4565 990150.9334608247
4574 990180.2211255811
4576 990774.3611521863
4581 990785.5941384492
4599 991770.2570872603
4627 991997.0682423644
4643 993072.0575738498
4666 993691.0284012695
4680 993715.9550386169
4700 993954.8445009171
4704 994288.5561065169
4706 994835.0407331886
4712 995490.1592597695
4720 995495.2998180155
4722 996402.6646547167
4731 996538.0506139374
4735 996771.0872454117
4745 996943.8175042350
4749 998166.5608217497
4789 999028.8375732547
4806 1000386.7732221606
4819 1000997.9423874691
4837 1001090.8683828432
4840 1001927.2452617183
4856 1002077.7788565335
4867 1002610.9513064104
4876 1002703.8635355397
4881 1003415.4414206266
4893 1003713.2078398538
4901 1003874.3994070822
4910 1004373.6820913445
4958 1004782.3390012961
4959 1005015.6377431361
4963 1005345.8303815786
4968 1005595.7379673563
4973 1005987.7719783281
5003 1006431.6060221925
5024 1006633.8513834105
5029 1006998.5080118801
5042 1007120.7608535435
5061 1007485.4172250758
5069 1007684.6930195655
5083 1008633.6306532306
5089 1009323.5641444178
5095 1009362.2562149945
5096 1010052.1863717710
5115 1010470.0382832215
5127 1010710.5621570745
5135 1011128.4116997820
5140 1011289.8253328175
5154 1011302.1782124308
5155 1011410.7371792441
5164 1011777.7489047647
5166 1011922.7904007755
5174 1012071.2711796960
5181 1012410.7139330488
5186 1012478.4389134095
5194 1012676.2992211572
5198 1013730.7980658115
5214 1014037.6062008028
5224 1014362.9851080826
5230 1015710.9363868155
5259 1015729.3900120984
5260 1015875.5718676320
5265 1016418.7471425280
5272 1016459.2766203226
5276 1016602.9024521533
5281 1017148.6261900327
5307 1017167.0770874581
5311 1017436.5640618349
5321 1017537.2059144777
5327 1018553.9649510329
5330 1019048.1000065099
5340 1019083.2779556960
5342 1019479.3634902986
5344 1019613.3465697449
5345 1020026.9873315836
5349 1020143.4807564744
5357 1020791.1649618198
5394 1021299.3282754991
5419 1021351.1237562057
5428 1022708.1008244252
5438 1023030.2560174153
5442 1023157.3636724317
5449 1023422.9973249404
5464 1023608.0020936411
5465 1023692.7271639026
5469 1023869.3260537692
5482 1023943.4956613047
5491 1024784.0781050352
5511 1024917.4798268639
5514 1024963.9894355627
5529 1025145.6648341735
5531 1025316.0701851294
5540 1025786.2674879320
5542 1026241.9850654245
5572 1026976.6887399546
5588 1027431.8535699060
5607 1027495.0657350972
5616 1028349.1909111729
5628 1028376.1581418626
5639 1028412.3979922245
5642 1028616.7436133844
5649 1029100.8086570144
5651 1029304.5524500903
5658 1029545.1325625742
5667 1029927.1167780400
5674 1030135.6840802506
5685 1030339.2839768713
5692 1030376.2634234050
5694 1030961.8314993966
5707 1030991.9153818514
5711 1031403.9582529748
5725 1032073.6540172643
5726 1032478.7819480768
5735 1032601.3965957852
5736 1032856.3711516935
5746 1033148.7739036713
5752 1033205.8833945802
5756 1033271.3868907607
5758 1033834.1036951841
5761 1033958.8408375104
5772 1034694.4875383903
5797 1035572.7650355012
5818 1035973.0083902688
5821 1036151.7790899060
5826 1036314.5663492881
5833 1037136.4130671324
5860 1037515.0566927142
5875 1037739.1726035501
5878 1038091.5713880361
5889 1038391.1380757096
5894 1038759.1876390161
5905 1039371.9918199747
5914 1039546.5399905380
5923 1039776.1860274234
5930 1040033.9013103715
5931 1040083.9017010266
5946 1040226.7168160491
5951 1041035.8576096201
5954 1041166.1822274295
5965 1041364.8803501732
6005 1041529.4825206744
6007 1041548.8597742189
6019 1042020.4212179588
6034 1042439.4638541894
6056 1043244.2817096370
6080 1044467.3121821958
6109 1044903.4144526760
6134 1045079.5428657158
6142 1045137.4210117453
6153 1045501.6334883888
6159 1046018.4905960520
6172 1046544.2262098875
6186 1046992.3494366436
6189 1047062.2284861195
6197 1048088.5509027079
6224 1048351.2945563460
6226 1048409.1457672101
6235 1048441.3592821241
6242 1048568.4422702789
6249 1048579.6954418449
6255 1048921.2463359025
6279 1049177.5893697781
6286 1049678.4335341763
6305 1049699.7975099629
6306 1050214.8829631682
6307 1050360.6159095562
6315 1050412.6235395053
6323 1050488.8869491166
6325 1050662.7500690413
6328 1050973.1032245921
6341 1051098.4375286819
6351 1051138.8567299058
6355 1051503.5473190853
6365 1051518.1539344024
6378 1051640.2009444048
6382 1052195.5256684197
6400 1052337.0876567955
6406 1052531.0307580701
6413 1052832.5697132049
6423 1053220.6227834327
6432 1053364.0629969921
6440 1053368.5522976129
6459 1053533.6329816929
6469 1053618.1320877667
6478 1053635.2584369839
6479 1053852.4431958855
6484 1054241.4047328227
6505 1054421.4514016206
6514 1054544.4268202044
6516 1054833.6580346029
6530 1055126.9858845831
6531 1055217.0560931265
6557 1055331.1700152699
6558 1055594.6122212659
6570 1056561.1400577591
6585 1057298.7048117623
6588 1057364.5966981612
6611 1057569.3176666887
6614 1057937.1827740099
6620 1058537.0380000058
6624 1058585.4201357996
6635 1059195.6363874257
6643 1059275.5825356990
6648 1059585.5069427069
6649 1060033.9242774884
6660 1060185.7886320956
6664 1060421.6518977017
6666 1060505.5709778147
6667 1060930.4394560680
6669 1061558.5761238332
6693 1061754.6604191195
6703 1061776.2466560400
6707 1061846.4644821023
6714 1062277.8278768263
6715 1062487.3854211674
6719 1062579.4908568484
6725 1063022.8169604300
6738 1063937.1383320871
6767 1063938.6079598805
6785 1064359.7219781943
6795 1064914.1710933945
6799 1065237.9616134509
6807 1066705.4499006355
6816 1066825.0575472361
6829 1067266.8857179719
6864 1067534.1591605798
6874 1068132.6827607329
6910 1068708.2185006472
6952 1068911.3493143674
6953 1069129.9868801839
6959 1069717.7356382767
6976 1069878.1030624378
6997 1070263.7916422710
7008 1070769.0152457696
7033 1071000.1922549871
7053 1071140.9285856020
7054 1071430.9928719720
7062 1071875.2512675202
7071 1072058.8997745386
7072 1072185.5248668627
7077 1073199.2075390145
7088 1073204.5761860490
7101 1073358.9146599176
7104 1073551.7799863049
7108 1074330.0624928758
7109 1074496.9113543786
7116 1075294.4288189095
7124 1075399.0164579898
7137 1075642.7946050670
7138 1075972.2619968774
7152 1076477.6691007637
7202 1077114.1506491071
7211 1077264.9706680712
7229 1077358.2818092045
7237 1077626.3122142192
7244 1078167.0459565811
7255 1078435.0691339246
7264 1078565.4482430532
7273 1079054.9810683429
7280 1079762.8280676473
7290 1080555.7256903013
7291 1081537.0331159381
7315 1081877.0732704555
7316 1081914.9110393047
7323 1082694.1561980802
7339 1082896.2166430752
7353 1083371.8194894209
7390 1083615.2051900462
7404 1083664.5086292159
7416 1083987.1439032638
7418 1084056.7268026823
7422 1084069.1686625972
7428 1084229.1841962512
7429 1084472.5631421751
7432 1084660.1550613018
7446 1084977.3946615702
7449 1085155.0560144277
7452 1085447.1391380019
7475 1085988.7140765635
7515 1086438.4994960167
7517 1086840.3751014280
7523 1086906.4932951196
7530 1087180.4944296328
7536 1087268.7216192016
7537 1088032.1533277754
7559 1088542.7697239916
7560 1088680.8647348774
7577 1089248.2868298634
7580 1089429.0177893937
7607 1089556.6203649465
7610 1089881.0192067344
7616 1090255.6550081568
7647 1090476.9474253415
7658 1091068.4715493354
7692 1091196.0528438136
7711 1091311.9912098176
7713 1091597.7993494025
7732 1091725.3794761242
7746 1091841.3167555053
7747 1091846.8270399545
7759 1092314.6978791300
7772 1092420.9972763946
7780 1092558.2058145420
7790 1093132.3745422054
7823 1093133.3405223377
7825 1093376.8427372130
7838 1093581.7161278203
7868 1093761.4663821170
7872 1093788.8594029448
7881 1094639.7223819052
7886 1094819.4533061143
7908 1095364.3438459523
7911 1095438.6562361822
7940 1095711.9468721263
7945 1095832.9559363166
7960 1096096.4523782320
7967 1096565.0417753712
8039 1097180.5707951072
8058 1097438.0074188320
8063 1097875.8664596037
8083 1098659.4013791187
8142 1099251.7670022084
8161 1099503.5168860883
8162 1099507.2756002240
8198 1100514.9294593120
8224 1100549.4817371045
8238 1100958.6863276171
8242 1101327.6652971588
8293 1101658.9709310089
8294 1101771.4209069833
8302 1101830.9584293752
8306 1102185.7073075478
8320 1102555.1735390145
8324 1102597.0525622854
8326 1102637.4209530314
8329 1103326.7809265489
8336 1103710.3439894700
8339 1104358.1987504726
8365 1104819.4827503767
8375 1105249.2519698159
8376 1105493.6889415730
8385 1105903.6838087828
8405 1106001.0139112258
8408 1106219.5398469253
8410 1106267.0558909997
8415 1106756.7103137344
8429 1107042.6691467175
8434 1107261.1985114315
8444 1107512.5898470699
8453 1108165.1657127985
8478 1108409.3348186819
8483 1108743.4203118559
8496 1108755.5917860998
8502 1108856.1447028199
8503 1108975.8852177248
8505 1109261.8202030526
8518 1109868.9950478806
8525 1109981.8333688765
8528 1110124.6309990860
8535 1110249.5982887212
8537 1110499.8834218879
8555 1110612.7225218597
8556 1111679.1365399058
8581 1111693.4038577869
8590 1111814.2503304381
8594 1112052.5612724188
8619 1112270.4455222152
8630 1112862.2124991252
8638 1113220.7814143458
8650 1113821.6742517115
8665 1114614.5770743426
8703 1114987.3935227781
8705 1115327.4382087793
8713 1116052.4405011167
8746 1116426.9843061026
8756 1117015.0066759416
8775 1117560.3475878281
8779 1118206.5639495794
8793 1118723.9528522093
8798 1119076.4074351555
8803 1119441.9833527156
8805 1119845.8821519108
8810 1119867.8947062863
8816 1120210.7428107494
8819 1120652.0037175403
8864 1120692.3574795455
8868 1121338.0984224814
8888 1121378.4501453778
8906 1121477.8336975316
8938 1121533.8604900860
8939 1122206.9573111895
8951 1122296.5213335042
8956 1122804.3021372212
8973 1123592.0378387638
8996 1123612.8391088925
8998 1123911.6441463921
9007 1124324.2690645440
9014 1124623.0669042929
9023 1124632.1763555261
9038 1125284.1164374908
9043 1125656.7829144644
9060 1126135.8628030880
9069 1126568.0758382045
9094 1126675.6666806720
9097 1127160.7120444968
9119 1127232.9171573096
9122 1127571.4492748107
9130 1127604.1100108644
9135 1128186.0429667665
9145 1128524.5774459469
9168 1129212.5402560788
9178 1129324.5592126674
9185 1129887.2537089712
9195 1130106.6747927614
9200 1130412.9908441459
9212 1130510.1341401322
9214 1130634.6658216799
9219 1130767.2091655175
9226 1131175.5375165953
9227 1131281.6864368259
9232 1132238.3537417045
9233 1132481.3781492086
9255 1132966.3783180965
9271 1133066.1154712907
9273 1133117.2858978752
9290 1133606.2524364835
9291 1133846.1448757530
9292 1134006.4552751742
9296 1134065.6240974921
9298 1134108.2718140101
9309 1134239.4878906235
9317 1134278.0347307860
9322 1134290.1805718094
9323 1135260.7621702158
9337 1135501.3787763205
9349 1135725.9340783029
9350 1135738.0626673272
9370 1136095.0150572262
9401 1136159.3814482021
9402 1136895.0743890614
9418 1137121.0653188452
9420 1137280.0182516333
9429 1137538.5552707205
9445 1137983.9916182293
9477 1138182.4157941006
9486 1138960.9201376140
9513 1139667.5230625344
9537 1140277.4304793829
9550 1141226.2059452115
9585 1141624.5410194222
9612 1142224.0041026862
9623 1142900.8897941827
9628 1142995.0056392285
9635 1143006.7722140984
9640 1143617.9567926929
9648 1144769.8544408425
9650 1145202.2275964015
9668 1145498.8152830943
9671 1145841.3340308093
9677 1145908.5747698902
9684 1146011.8868663751
9701 1146677.0088969131
9720 1146835.1359315484
9725 1146881.8440412765
9735 1147521.7975909193
9742 1147888.2367505960
9751 1148947.5764461230
9771 1149613.6882881122
9778 1149913.1325912802
9796 1149933.1934057069
9807 1150055.1999161222
9819 1150083.0879295380
9842 1150375.0922772128
9855 1150560.5508842901
9870 1150629.0027413194
9883 1151055.8268820108
9887 1151379.5564139616
9911 1151550.7643934935
9919 1151615.6888787323
9921 1152537.4479222186
9930 1153066.2472200901
9950 1153134.5691842712
9957 1153274.1433003722
9969 1153357.8368889636
9976 1153422.7881644559
9977 1153439.7164023544
9981 1154088.1295290203
10005 1154423.0902770106
10010 1153768.5567977114
evaluations raw_y
1 678099.1278131055
3 704108.3362235927
16 707825.0257421694
33 714335.0485833955
35 719908.1816030554
39 723104.4039407361
49 723519.1143777840
57 725252.9947288515
72 725550.2374241077
75 728802.5557559197
77 735490.8257880864
79 736462.4061894057
90 736586.1812077092
92 741185.3787964568
98 743696.4907946582
108 744415.5312217387
110 744978.8621088760
120 747066.2479415882
130 749428.7249937943
136 752593.1438626609
143 753287.3483369031
145 754811.2048383221
155 755404.4801301720
157 758147.7765214040
172 758267.3114256997
178 758468.7202037302
180 758513.3671216841
191 758671.0519966576
192 760187.7805869333
194 760947.8286272803
200 761500.4560948856
203 761528.6245746834
209 762663.4721969243
224 764206.0562679383
226 765164.4894417528
228 766033.5856145549
245 766255.1225940395
252 766836.0826762102
254 766878.9780971587
258 767745.0143641882
269 768523.3351647641
274 768552.9703715673
275 768670.7417001877
283 768960.1848146948
286 769178.7405029709
290 769657.1959846929
296 769930.1602015060
300 770581.9277549292
301 770719.9379621890
305 771070.5770130007
308 772118.0582902398
326 772175.9889094234
334 772281.1285397353
337 772536.8817734923
340 773618.9711509052
342 773899.2388404115
349 774209.3866278181
352 774562.0648850040
354 775214.8685613106
366 776295.9267862671
373 776503.1058684197
380 777295.7150737427
381 777386.9518940878
384 777514.9984793685
387 778469.0709798119
390 778796.9371528219
399 779308.3048389363
407 779503.6566225606
412 780147.3426799267
419 781009.2138487909
424 781926.1030530132
434 782855.0386990892
440 783841.7249691904
451 783915.0673867512
456 784645.0369918871
459 785267.9599283529
474 785438.2454914602
478 785465.0367915520
485 785576.2482772631
487 785683.5332925813
489 786390.2985217359
492 786955.4222241529
506 787247.8324243199
512 787907.8994325050
524 788959.1508319332
537 789617.4062564381
547 790401.1456138105
567 790745.8517800545
576 792193.8597358696
594 792686.0459879151
598 792714.9761135828
599 792778.5118161041
601 793214.6139753588
611 794811.5237196615
617 795669.7960170502
619 795828.1669865220
630 796013.0170293633
632 796111.2781946737
641 796380.5075955883
656 796912.3701732042
663 796949.8969685710
667 797455.1371454200
672 798232.2212952523
677 798379.0875990369
678 799290.5771341964
690 799506.4766531583
697 799916.8666523142
700 800881.3441449238
717 800905.1960395253
726 800970.4017133794
731 801119.7985708488
733 802090.7690129261
735 802773.5802843311
740 802990.3221128585
752 803123.7777392877
758 803607.4810656213
767 803629.6066350720
770 804374.4615788541
774 804571.9053385919
779 806081.4248435945
786 806139.8981528352
795 806225.4764207402
798 807078.4455224685
823 808448.7160215839
838 808894.8812387040
851 809894.0154328047
869 810472.4427846951
877 810662.6610285027
883 810968.2745146852
889 811082.2267368175
892 811563.2357796760
893 811867.3580505007
894 811970.4217283934
897 812067.9346497486
899 812555.6941870233
900 812943.9691815330
905 813943.4492448258
928 814118.8383275188
934 814870.2871135230
951 815423.7451128252
968 815942.6850487454
994 816205.7764769673
997 816378.2457409216
1022 816717.7425951728
1046 816986.9425287987
1061 817312.5018146870
1063 817318.1410764046
1065 817412.4227071739
1067 817863.9011875164
1074 818187.1131529032
1077 818189.4604213020
1078 819403.8770888897
1091 819857.9443296954
1093 820158.8485766166
1112 820445.4531850771
1123 820804.0380374730
1130 820922.7413530068
1131 821083.9521614314
1136 821157.5339900143
1137 821703.4311342583
1144 822056.9161730967
1151 822321.6623906752
1152 822414.8022695762
1158 823934.1454165406
1167 823953.9253101570
1176 824294.4272227208
1177 824805.7374218011
1191 824875.5861696306
1194 825653.2604374037
1196 826424.9166887203
1205 826577.1068247663
1206 826665.9194774660
1216 826983.4246510788
1221 827108.5939175523
1227 827253.7053754235
1230 827630.0864938255
1233 828002.7362105498
1238 828247.7952859366
1249 828500.9742815441
1253 828839.4652745517
1254 829268.4648561084
1257 829573.6362862729
1260 829962.8397488212
1262 830078.1269184537
1263 830208.7601864099
1266 830927.8051592610
1283 831277.5271265138
1295 831343.2435449897
1297 831347.7378524659
1298 832077.8606143051
1311 832263.0949389051
1312 832405.5590380994
1323 832495.1113780363
1324 832669.5838828206
1331 833510.1973186317
1334 833522.6017179623
1336 833649.9084533650
1351 833872.9968280841
1352 834512.2511157225
1381 834553.6523978931
1382 834827.1866435874
1385 834864.6684450071
1386 835004.6742336630
1388 835494.0731555277
1399 835749.1510229537
1402 836404.1443341300
1416 837170.4632954361
1421 837371.9959636984
1427 837882.7697115090
1435 837940.2244736613
1446 838181.2310495469
1463 838927.7977645282
1464 839280.2094328465
1478 839394.5006157700
1482 840073.9252254812
1483 840555.3928316862
1493 840820.4882800793
1496 841276.0906668989
1497 841450.4375705440
1505 842182.9935849514
1517 842389.2273691818
1524 843099.8528360542
1550 843671.8509926809
1558 843907.9054409938
1560 844511.2085473043
1571 844581.6153223850
1575 845455.5640316455
1576 845813.8194098952
1595 846417.6887181603
1599 846586.5289136720
1610 846688.2355291535
1628 847580.2503696261
1656 848087.5634365843
1681 848189.2664400720
1697 848433.0981245225
1699 848555.1076489585
1702 849042.1092889619
1703 849053.5297066865
1707 849211.3431059140
1714 849468.0575077154
1719 849561.3200485787
1720 850348.4486187992
1727 851237.4963511586
1735 851740.4829761272
1736 851948.2236715280
1747 852548.2568874110
1766 852859.5140970337
1770 853640.8265489520
1777 854286.5351349970
1778 854812.8375336049
1800 855159.6480114830
1808 855877.0189848774
1812 856189.0286798999
1820 856270.1603430392
1825 857138.7045749017
1839 858675.0214853755
1855 859085.4075242884
1869 859889.8187601872
1872 860074.7188293124
1879 860223.1158668468
1880 860499.6615602471
1881 860531.4545521886
1888 860775.4183148323
1890 861141.2972628982
1894 861846.6012937428
1906 861919.7654162996
1907 862448.4297741497
1913 864008.2295143063
1930 864876.4139686265
1942 865175.1256978684
1962 865866.8808047026
1968 865940.7637530070
1971 865976.3722404997
1980 866772.9207150121
1981 866789.9495018943
1988 866965.0356423173
1994 867528.9815422902
1997 868363.6894012967
2011 868443.9097761342
2019 869145.7623806306
2035 869273.0763195495
2037 869372.6447373400
2038 870107.7835682582
2055 870282.8462890926
2063 870426.9603701703
2064 871272.9355044737
2077 871677.8392900513
2107 871853.1991569398
2115 871954.9130615046
2119 872348.7660323236
2128 872597.6834068088
2133 873049.8050268206
2148 873545.6956470188
2163 874505.1630859622
2183 874533.6602486357
2184 874946.8309911753
2195 874962.8967833503
2223 875376.0657608933
2226 875411.6162460494
2229 875653.1280826543
2234 876020.8584019537
2242 876709.0946708834
2246 877083.8785848457
2252 877205.1739156290
2259 878081.7074440611
2271 878452.4390407912
2281 878835.5099194801
2283 878885.6516720564
2286 879137.0181087890
2289 880123.5454058875
2292 881109.1750648117
2302 881348.4525816578
2322 881486.0392592918
2327 882286.7595641791
2335 882923.7151273454
2340 883160.4981311725
2355 883372.4703879043
2362 883776.9899579728
2366 884347.1912174128
2373 884635.4061295316
2375 884948.5324851683
2376 884969.7860092295
2379 885266.4382487760
2384 885596.8368500123
2387 886067.2776393407
2402 886151.6212271008
2408 886472.3922828902
2409 887092.7033265636
2429 888022.4108491018
2434 889753.3677507347
2438 889921.9699878003
2444 890541.6205107549
2452 890967.3562128103
2454 891489.4123443488
2467 892530.6269675629
2478 893037.8391477708
2493 893104.5511242878
2509 893954.1379331761
2522 894051.6712627732
2528 894528.0646003676
2533 894961.5668415701
2534 895146.4072098196
2549 895488.0602463603
2552 895752.0345620682
2561 895952.2781135418
2565 896333.8278332935
2586 896338.0646924225
2591 896740.2223161700
2596 897146.3787666709
2597 897509.3725265191
2602 898297.3030027793
2609 898977.7186237462
2616 899340.7098537791
2624 899873.8384604084
2631 900496.0366112292
2637 900780.2029263136
2661 901132.6325918506
2671 901402.2457871868
2672 902036.9986877077
2676 902060.8412225281
2678 902142.7792352799
2691 902418.5443081217
2718 902555.3206142676
2727 902893.1110906738
2736 902948.1010581047
2739 903341.8576998159
2777 904284.0846051541
2786 904516.9424515880
2789 904788.6276869765
2797 904834.7505681708
2800 904897.6542829002
2802 905066.1674049322
2805 905402.1960511407
2811 905725.3577047407
2813 906129.3032877863
2825 906964.7167253258
2833 907336.7583469332
2839 907831.7388283742
2843 908008.2381794244
2853 908203.7776688434
2872 908998.0253385986
2877 909927.8238629068
2894 910515.3296385856
2904 910632.1227638702
2920 910670.4220066153
2921 911207.6175266963
2931 911493.7422002043
2937 911495.4630598587
2942 911750.6040555548
2947 912952.0572966171
2953 913224.1769086887
2963 913755.5384028573
2973 913838.7696141646
2980 914165.9882880084
2985 914913.9451224412
2989 915165.0183288682
2990 915171.8906951372
2994 916071.5175222408
3008 916456.1801173026
3011 916622.3169795363
3013 917579.0254000972
3034 917888.3876415995
3035 918313.6305352793
3041 918427.9588710249
3048 918570.7182008688
3062 919139.6876474621
3067 919140.2955403955
3070 919428.5512922001
3086 920050.5918972503
3093 920223.0180754103
3099 920267.1804327007
3105 920468.4819475363
3109 920691.4459212413
3114 920874.2864699776
3115 921069.0128468869
3123 921076.1054119960
3129 921352.4045929522
3135 922209.8835746638
3146 922322.3933697039
3149 922454.5278949179
3150 922788.2912427715
3159 923424.5237058406
3166 924180.8777386555
3178 924811.1310935274
3190 924998.0201953949
3192 925212.0613973737
3196 925618.2349934826
3198 925728.6914267605
3209 926007.7428050425
3215 926698.0543007570
3217 927108.9989664885
3227 927419.8152935415
3233 927561.7061067380
3238 927714.1774600348
3241 928530.9877784025
3250 929172.4302653936
3257 929322.8848309157
3259 929393.5937494178
3268 930150.0059628359
3280 931280.5839863978
3301 931710.9913959394
3308 932448.2413186848
3317 932931.1711856205
3322 933615.5881270305
3333 934720.6980317975
3334 934809.9019055903
3351 935047.8128900160
3355 935147.2393902530
3359 935488.8540991214
3373 935540.7693155131
3374 935785.1871913857
3376 935941.3018121441
3386 936024.8207968216
3387 936776.0376772200
3397 936950.7104354148
3406 937048.0730558867
3408 937207.9717600567
3411 937447.5990836110
3417 938181.9653564909
3427 938326.9155430017
3438 938856.7340937561
3439 939201.4161363560
3446 939533.7665078767
3452 940191.3243148894
3468 940742.2227201188
3471 940798.5155110183
3476 941349.4097567316
3482 941467.1609440385
3485 941520.3938097883
3490 941647.2437447535
3500 942183.3138830075
3508 942361.3135167628
3512 942568.3828022262
3513 942690.9609726018
3518 943298.2930908296
3533 943535.3853772049
3543 944596.2477810588
3551 944772.7244180714
3571 945944.2048597058
3584 946259.8761388775
3587 946621.6489760262
3589 946888.6663845539
3610 948751.9730021049
3632 948815.7826496972
3636 949072.0994288675
3640 949458.5061993859
3642 949628.6714333020
3648 950635.8707576792
3662 950724.5028904126
3665 951727.5656576713
3689 952622.6231626847
3696 952647.1166638498
3707 952868.1842164744
3711 954203.1127939565
3723 954754.4156085522
3751 954792.1709238233
3759 955227.8584278859
3761 955667.8890074783
3768 955744.7631151844
3783 956014.3158013321
3794 956259.8749993786
3797 956572.1009229794
3808 956663.8051759624
3814 956766.0748250134
3843 957566.1842956487
3848 957920.0903415631
3866 958339.3356263029
3868 958720.1940213082
3878 958847.6378841766
3881 960184.0248795573
3893 960795.3035590732
3900 961889.1545099029
3912 961943.8502723578
3914 962842.3480177626
3948 963154.1531250316
3968 963453.2856853309
3969 963741.7812045120
3975 963752.4574933060
3976 964393.7528645913
3982 964498.4568037563
3987 965083.2262857222
3997 965235.2723056962
4005 965294.0311956558
4009 965695.6181295676
4014 966209.9574404629
4015 966559.7161947564
4019 967249.1593674660
4024 967365.9473168578
4029 967863.7629364453
4038 967973.3018810205
4042 968419.6534408993
4054 968925.4853482689
4067 970349.9918317836
4070 970499.4952079698
4084 970547.3597129319
4094 971643.6006540081
4109 971923.9800686294
4110 971948.9182868800
4111 972700.0680652215
4126 972803.9424639575
4140 973257.6196317916
4149 973297.6944133192
4162 973906.1755176098
4164 974007.2054184115
4170 974079.6258798523
4172 974194.9861119809
4176 974789.1384676538
4185 974900.7012818162
4190 975280.6055086555
4192 975393.8125852060
4195 975425.8343356075
4197 975969.9775671886
4227 976182.5744669093
4229 976226.7559163802
4237 976613.9740936573
4248 976857.6853589381
4256 977218.7430314034
4258 977448.7334918127
4265 977887.0791560317
4279 979007.4871602561
4292 979459.3756081084
4294 979656.4047574815
4300 979661.4122279977
4305 980493.5059317909
4306 980943.9714360632
4315 981192.4280491405
4322 981273.7383982622
4328 981304.8167889200
4335 981494.6283525263
4341 982370.7023306293
4342 982645.0472593221
4373 982787.2958263520
4374 982803.2965975485
4388 982882.1764765298
4390 983503.6812964996
4423 983676.2942278355
4428 983737.0533460410
4431 983825.8984857108
4437 983872.7507668744
4440 984341.8358253433
4446 984358.5525978405
4451 985192.6157882890
4457 985402.0842576149
4492 985929.9589033074
4506 986252.1641901480
4522 986258.1746749430
4526 986580.3789066686
4533 987483.8424600810
4546 987540.8654732145
4555 988598.4174638055
4558 988730.9557113526
4575 989179.7911732679
4576 989235.2023877648
4598 989260.8692037573
4599 989577.6416049555
4606 990106.4489514604
4622 990365.2341873625
4635 990635.1459240982
4643 990985.7859468128
4652 991159.1766230211
4671 991320.0337821104
4672 991568.6282045748
4680 991799.1935494614
4681 992265.3655641419
4682 992375.7090064384
4685 992784.0611704164
4697 992791.1445960436
4698 992986.6696651489
4704 993094.6609096804
4711 993705.6246656489
4723 993989.0997720868
4732 994920.3592785901
4760 995796.0212845086
4802 995915.6921236649
4804 996128.2772561680
4805 996456.4218429208
4826 997342.7966967993
4836 997688.7754462946
4837 997847.7402547896
4846 998221.2532302688
4847 998224.7089843309
4852 998603.0789861464
4866 999318.1244833240
4896 1000443.7248205334
4916 1000544.7702633803
4932 1000808.3405563132
4963 1000908.0233133433
4966 1001002.3074628686
4984 1001804.8975309327
4994 1001932.2083668029
4998 1002453.3222827495
5021 1002596.2435496426
5036 1002641.4243265376
5037 1002827.6158093304
5050 1003126.6998026561
5058 1003473.4235974849
5062 1003669.4311157342
5070 1003949.4267579017
5075 1004588.9992111343
5089 1005256.5912416923
5102 1005582.9533882223
5117 1005768.4260909522
5137 1006094.7962103181
5139 1006579.1906765474
5146 1006973.6931601701
5151 1007831.6170558027
5165 1008786.0835932959
5176 1009086.7109900647
5184 1009557.4198924963
5191 1009686.7558217179
5193 1010157.4641768526
5202 1011371.2035252488
5243 1011641.3497078291
5247 1011963.6170159016
5252 1012457.5580987706
5255 1012480.8083927766
5256 1012650.7918302054
5264 1013296.2876367046
5289 1013831.1656539754
5290 1014290.8918288130
5293 1014933.9408358611
5294 1014960.9799527819
5306 1014969.7115486558
5309 1015813.1677108414
5326 1016139.5433393875
5341 1016738.3495930760
5354 1017378.3537536274
5359 1018087.6164335656
5385 1018562.6242496042
5391 1018936.5300801047
5403 1018959.0057798770
5409 1019065.7645235135
5411 1019393.9236165246
5435 1019452.8735507757
5445 1019693.7814141107
5458 1020046.2623389021
5463 1020071.8881802969
5484 1020424.3628824957
5493 1021171.6547621083
5516 1021401.4207674162
5555 1021626.0324672315
5562 1021688.5844491436
5582 1021929.6965681376
5592 1022378.9845277038
5607 1022750.2125923838
5612 1023348.5855950782
5614 1023635.7418172373
5634 1024808.0434066873
5657 1025240.6504419663
5679 1025302.6991377923
5686 1025638.7428895254
5689 1026141.9909696099
5712 1026441.7818823002
5714 1026636.6178680710
5729 1027089.5942425517
5741 1027508.5147834379
5748 1027584.2202254068
5771 1027832.0139780712
5773 1028003.1337709266
5776 1028816.5278432614
5804 1029187.9289497915
5816 1029576.1114607266
5825 1029905.1503818172
5843 1030228.6453841230
5844 1030458.8286059612
5867 1030877.4687018263
5881 1030919.2272792492
5888 1031503.6780219999
5892 1031716.6684837915
5898 1031831.6114061801
5902 1031946.5174145768
5908 1032061.4550828367
5909 1032959.3623811587
5922 1033091.9414427989
5932 1033420.5440602998
5936 1033675.7444685140
5939 1033713.8180637135
5945 1034626.5150842608
5957 1035117.5126801410
5963 1035508.8718926478
5975 1035543.6757839283
5984 1035735.2960888385
5987 1036161.9189063406
5990 1036240.5771337186
5998 1036325.8590781982
6003 1036550.5921150628
6020 1036968.3454949004
6046 1037041.1756765997
6048 1037186.8284085577
6054 1037212.1980716131
6062 1037777.5688681200
6065 1037888.8748384415
6067 1038045.8749235201
6078 1038405.8726169519
6084 1038438.9004003276
6086 1038680.0180082878
6097 1038831.4663414939
6102 1038923.8578657401
6109 1039507.1084035969
6126 1040301.1130109824
6127 1040544.9097236597
6144 1040754.7459600779
6149 1041227.3068499428
6159 1041430.0665387549
6167 1041919.8785301950
6181 1042639.4447937264
6188 1042708.2859892100
6208 1043085.0449400883
6211 1043427.8437424564
6228 1043858.4855106579
6231 1044741.1204123251
6241 1044884.0224247988
6263 1045431.3186173489
6274 1045783.9681510645
6281 1045935.4310445478
6294 1046512.5363042899
6299 1046638.3350346801
6303 1047452.0319717821
6315 1048420.3445520607
6352 1048542.3306630446
6371 1049253.3656048072
6402 1049380.8836185492
6410 1049964.8888546401
6417 1050111.1801623993
6435 1050268.9201543771
6441 1050847.9928596658
6465 1050985.9373435534
6469 1051436.9393336363
6480 1051931.6600072505
6499 1052373.9793442830
6508 1052989.2412288419
6536 1052991.9690055456
6544 1053135.9174559158
6556 1053226.1488784000
6558 1053651.6480299649
6567 1053753.2852888084
6568 1054434.1171181472
6570 1054539.3337152577
6578 1054573.7303755360
6581 1054973.4260773393
6609 1055353.4477862651
6610 1055787.1401723686
6615 1055933.6600986063
6625 1055960.0877464828
6627 1056343.5869305911
6629 1056849.0290480424
6641 1057145.3805826777
6654 1057360.7660608068
6658 1057522.6521421412
6661 1058014.6252891836
6668 1058258.7513907088
6690 1058734.2952711757
6705 1058819.9018012160
6719 1058951.9835342346
6722 1059732.6756258572
6735 1059938.3131790259
6745 1060339.0738864513
6779 1060468.2431992488
6780 1060703.6500152918
6798 1060812.0356702241
6799 1060990.7663914340
6800 1061194.6478237929
6818 1062420.0246361587
6819 1062951.1615529791
6830 1063744.3831700112
6848 1064975.9270867191
6856 1065077.3156404260
6873 1065194.9468903407
6875 1065374.8989316032
6877 1065759.6318975373
6884 1065964.1776133506
6897 1066132.2512610978
6900 1066265.8738055045
6901 1066834.6509055931
6913 1067103.1332153291
6918 1067431.5060115301
6936 1067980.9708972548
6947 1068564.2382961013
6976 1068621.7680155591
6981 1069036.6018717268
7003 1069380.1490312743
7005 1069668.6802987095
7008 1069894.7738107203
7011 1070057.0988653193
7020 1070098.0740191501
7029 1071728.4763420688
7053 1071744.8415464095
7057 1072498.6659964835
7063 1072806.9655066489
7092 1073292.1341412088
7093 1074397.1387967705
7110 1074397.6887080756
7125 1075071.3086984323
7132 1075902.9019272428
7147 1076480.9131356217
7161 1076896.6016228467
7174 1076932.3353487342
7177 1077222.7390779944
7181 1077246.1461359896
7182 1077685.0786135644
7195 1077998.8958913239
7201 1078439.9866394820
7213 1078483.5637156265
7230 1078537.8578592183
7240 1078581.4334205170
7242 1079131.6660536181
7243 1079185.9602213278
7249 1079379.2713543004
7254 1079422.1856308635
7260 1079475.0887379767
7263 1080070.2824165674
7271 1080747.7423855206
7273 1081064.0170959414
7282 1081229.5812462596
7283 1081333.6502981624
7293 1081418.7213753543
7295 1081442.5626425797
7300 1081628.9591828410
7302 1082340.1206146616
7313 1083397.7390015305
7331 1083637.0331595470
7336 1083727.4032880163
7339 1084153.8634727518
7357 1084543.5907878876
7363 1084767.4393008405
7379 1085311.1603404789
7384 1085368.1212459726
7393 1085489.7535095788
7394 1085696.0067450383
7413 1086230.4053498274
7423 1086561.2975551700
7424 1086970.0096572691
7446 1087129.5951611942
7451 1087376.8754966166
7454 1087511.4170959345
7457 1087612.4002029840
7467 1087717.6615234315
7471 1088166.6952768150
7483 1088447.1609367288
7486 1088524.8133219776
7493 1088786.3322765413
7504 1088956.9107700498
7506 1089096.2445837462
7507 1089204.0925961665
7517 1089239.7545088441
7526 1089697.7776786464
7529 1089977.6140845285
7534 1090224.7958481896
7535 1090884.4076190090
7540 1090921.9572726304
7552 1091882.2668239502
7558 1091917.9096158654
7560 1092264.4922093281
7565 1092588.4185691497
7578 1092600.8249735876
7589 1093250.3183053965
7606 1094751.6988939056
7634 1094756.4858190790
7637 1095297.1753675088
7640 1095394.3170326056
7645 1095869.8607400851
7649 1096380.1091158059
7681 1096561.0220075885
7685 1096658.1494204458
7691 1097057.0407585513
7710 1097655.8480375512
7719 1098147.4650438030
7732 1098256.1790380767
7741 1098575.9338975381
7751 1098836.4756175971
7754 1098915.5514279965
7761 1099069.9089338954
7768 1099235.3045066730
7773 1099320.0094667384
7779 1099538.0747474246
7792 1100428.1966639785
7814 1100493.1581483197
7816 1100955.6165286773
7823 1101216.1038672507
7824 1101267.2197544468
7828 1101684.4654612564
7831 1101928.8404726074
7848 1101998.8591071232
7850 1102823.3481547481
7879 1102973.3630720347
7881 1103696.0045208267
7896 1103797.8433026555
7901 1104212.6835756525
7912 1104932.5560078779
7935 1105121.6846256841
7945 1105207.1199060751
7962 1105429.7562938523
7971 1106069.6852604321
7972 1106542.5853916304
7982 1106994.7898140363
7987 1107256.8936079405
7989 1107719.6733594094
7996 1107803.8811019629
8004 1107806.4375353258
8009 1107925.3059857362
8010 1107941.0368273826
8019 1108334.1442729759
8021 1108389.7465074807
8038 1108725.3965184963
8046 1108746.2665864525
8053 1108796.3468276670
8054 1108925.4244882714
8059 1108996.3157471155
8064 1109044.2647164108
8065 1109046.3894250444
8070 1109169.6960126397
8082 1109294.2744338312
8093 1109578.5237417826
8110 1109591.9646979419
8120 1109944.9750536610
8131 1110442.3351474525
8149 1111078.2946192394
8157 1111093.0313753271
8168 1111242.7271833236
8177 1111426.5066952156
8188 1112096.1468262454
8190 1112176.9347344716
8199 1112212.7203776850
8207 1112882.3581059843
8211 1113417.0196882663
8232 1113516.7956533467
8250 1113894.6226250236
8264 1113967.2517249240
8266 1114006.8108331014
8292 1114558.9761244091
8310 1114822.6135607734
8311 1114842.6205721081
8318 1114965.7430094585
8320 1115263.8769504509
8330 1115577.4676034185
8337 1115702.9339978206
8350 1116427.9543572830
8374 1116482.0239703991
8377 1117065.1576010741
8384 1117427.1539012773
8389 1117564.6914808103
8404 1117883.3225940214
8428 1118425.1369071032
8436 1118963.6753544777
8482 1119374.3956524064
8483 1120490.4571018335
8495 1121484.4226308942
8502 1121795.3631161165
8506 1121843.1468774576
8517 1122696.6520396932
8529 1122837.1115787963
8539 1123782.9411244777
8567 1123886.0849690258
8571 1124391.1071497586
8600 1124547.9500165165
8637 1124936.6903033033
8645 1125572.1344059887
8659 1125572.3370603526
8675 1125698.6945501969
8684 1126336.8157233063
8691 1127040.5035564760
8702 1127221.4449370436
8706 1127903.3787490202
8730 1127917.3573899444
8731 1128273.7664288341
8736 1129218.6845422767
8744 1130009.9869565533
8746 1130524.6991293279
8752 1130574.0771762598
8760 1130938.7501958385
8761 1131094.5276859095
8783 1131378.6498569690
8792 1131927.2221579826
8798 1132244.2623300964
8801 1132401.4507821375
8806 1133000.2928688247
8820 1133228.7719064693
8828 1133247.6737037783
8838 1133470.0181336643
8842 1133539.3221908591
8853 1134234.0026593476
8862 1135731.6192212671
8870 1135763.0554575690
8885 1136107.7292821067
8894 1136138.9513784619
8897 1136691.9613147113
8909 1137284.8459216242
8974 1137906.3713667225
8978 1138139.7789296121
8995 1138194.1099068499
9005 1138614.6669869632
9049 1138646.4680261521
9051 1139009.4709507397
9077 1139516.1574641569
9088 1140177.9803252444
9142 1140360.3427513870
9143 1141042.3889699827
9172 1141047.1688780659
9193 1141092.1718596143
9204 1141519.1561122143
9227 1141922.0300873832
9228 1142150.2635058975
9232 1142341.0763686583
9244 1142394.0174072781
9252 1142972.2021697054
9267 1143025.1248938530
9275 1143068.8959684679
9280 1143167.7045084012
9281 1143490.9574256705
9284 1144114.8710950220
9293 1145090.7222228749
9317 1145187.4103144058
9320 1145691.9854631710
9326 1145914.7933497834
9331 1145920.4786049165
9335 1146544.8943511012
9369 1147278.9159946525
9394 1147368.7702526422
9402 1148425.2498172098
9424 1148547.6659935236
9427 1149062.9863435244
9451 1149375.0729551981
9453 1149570.2503194332
9458 1149603.1196400682
9461 1150032.5073930298
9472 1150115.6427324438
9477 1150240.8542192036
9482 1150811.8686688207
9521 1152046.7197778672
9542 1152218.9018678784
9551 1152234.2840202837
9552 1152423.5822538945
9558 1152548.5009523479
9561 1153000.1565466532
9567 1153089.9054305381
9577 1153159.0867499202
9585 1153187.9214073129
9588 1153314.3594949332
9590 1154023.3406399770
9637 1154061.9467451682
9640 1154197.6241445846
9648 1154839.6529030150
9656 1155100.4516359868
9665 1155190.1967206404
9686 1155431.8251139482
9690 1155583.6449208467
9694 1155672.0233675190
9710 1155693.0714331218
9725 1156048.7616635500
9743 1156680.2706261997
9754 1156951.6549331355
9760 1157074.1238137251
9765 1157116.3899849204
9770 1157595.5206287068
9777 1157647.1634768674
9802 1157866.1786282724
9806 1157914.4029082104
9808 1158075.7962146632
9827 1158253.2407952568
9832 1158334.1046940887
9841 1158410.0005094039
9850 1158619.0697044379
9858 1158631.9333015003
9860 1158816.9631753943
9864 1159061.6205755980
9869 1159380.2405223255
9879 1159531.6948336335
9887 1159858.1277707403
9892 1160185.8962427629
9894 1160278.8189000329
9897 1160501.0279177395
9903 1160681.0510117803
9909 1160956.4341635159
9915 1161193.9248823104
9922 1161783.6598382122
9936 1161813.6156621573
9945 1162273.3878798378
9956 1162275.7269153604
9958 1162307.8560894171
9983 1162537.2924347895
9992 1162571.7570554405
9998 1162946.0288715016
10002 1163209.9234607089
10010 1162571.7570554405
evaluations raw_y
1 676644.3630760820
2 712910.7811293076
7 716394.4091695504
37 727414.7652634780
40 728673.9036465442
43 750438.0351165682
47 761079.3601998099
67 761754.5111273370
71 765035.1739486647
72 768315.9528900096
73 769438.0625411049
76 769917.9535734837
78 772404.4500418031
84 773497.2704498261
91 773601.7711653407
96 776221.4782940653
98 776449.3431664337
108 777251.3993361841
110 777742.0620749030
113 781037.7586336026
122 785417.3261162953
134 789421.3082007085
151 791689.2990534074
156 791692.0926942595
176 791781.0028312437
177 792010.6002229109
178 793107.4224846449
185 793348.7159898853
188 793396.8851302273
192 794739.5185524472
194 795754.4241763571
209 796173.1418193732
228 796288.1608994768
234 797126.4937388011
236 797505.8077650026
249 798014.1032243153
266 798586.6905097063
269 799156.8832728406
290 799344.2569199975
294 799633.1348406367
299 799923.2613490040
304 800304.2635906679
310 800526.2671540165
313 801034.1948857859
314 801405.4685409951
317 801908.8632342252
322 802075.8000401208
329 802670.3631769426
347 802714.0810127892
353 802797.8566350422
359 803047.2696881240
364 803061.4267604914
368 803501.4895490782
375 804180.9790524376
378 804485.3375464784
387 804550.0267074449
393 804850.3295348743
395 805230.9762106177
406 805707.0817192822
418 805980.7165549165
430 806741.2388238941
443 806914.9411616670
445 807965.7397596563
473 808077.0609050697
475 808284.5971706791
484 810742.4750663519
505 811359.3255969005
508 811535.7065475886
515 811605.6810093144
516 811812.8999256897
526 812009.7437622087
527 812630.7685498483
528 813387.0214462143
534 813799.7294871414
550 813937.2283980307
553 814577.7933864504
560 814940.8659768137
567 815881.4600947778
575 816284.0484071602
582 817580.1924271053
601 817799.5691543333
602 818191.7512630788
606 818758.9179117770
631 819119.2148444135
633 819370.4717487466
639 819418.1125540377
646 819985.5697444075
661 820134.4213541688
667 820947.6963159593
680 821044.8077037344
683 821655.7685497784
689 822113.8490849179
690 822173.3640953113
705 822821.9174002545
713 823132.9117344160
719 824350.0073382903
728 824459.9288566287
730 825380.4612373194
739 826040.8196374066
747 826103.0011706973
754 826104.6691509670
763 826361.6157722897
766 827160.4542572206
781 827272.3691196910
790 827555.5396973381
793 827876.4425274166
800 828413.9543521040
806 828724.9050768584
810 829316.9542327045
813 829335.8276850840
818 830122.3590552667
830 830174.0014442196
834 830467.1508240175
841 830660.5439696624
844 831073.0228790998
851 831259.9256023607
856 831604.7640766042
863 831822.3646528488
868 832358.4519583465
881 832449.5781250664
885 832695.9300334560
892 832906.7705720200
896 833841.8010335823
900 834813.6302168869
915 835407.8073882337
928 835446.5270294059
930 835536.0564533329
939 835787.2076379642
944 836395.8674605894
953 836425.0267166874
964 836975.7932476687
966 837917.7256315750
983 838116.2717949850
986 838227.7282260769
990 838256.2725603342
993 838405.3446077394
1000 838882.3338239235
1002 838999.3169972363
1014 839957.7599610545
1020 840338.6612104088
1022 840391.7282844400
1026 840699.6615808957
1027 841651.1181906100
1042 842662.6268893110
1057 842999.0804738982
1066 843069.8011126341
1072 843226.9041571898
1075 843295.9967147458
1076 844089.0806996118
1079 844272.4755955806
1084 844788.8618691295
1092 845060.4119850175
1096 845394.6195541315
1098 845753.3546114049
1102 846151.2715784598
1107 846690.2343896014
1110 847454.2620999118
1111 848371.3115446232
1130 848834.1944797563
1142 849055.0229060046
1174 849227.0850640240
1178 849542.7595830655
1186 849546.4366584077
1187 849605.4904069542
1190 850072.9307727085
1200 850589.7822813092
1205 850746.2565313141
1210 851069.1080197686
1214 851315.8582305474
1221 851919.6921751925
1233 852249.9796212120
1240 852405.5791934775
1244 852608.5640784963
1246 852703.8750172784
1251 852849.9265095264
1255 852921.3277923446
1264 853314.9322800533
1279 853480.8080463792
1293 854046.6051502506
1308 854145.3928255175
1318 854164.3544831709
1324 854199.8433965016
1341 854705.3122568622
1355 855131.6355184852
1364 855182.1465855695
1369 855337.2621880840
1371 855625.3739469633
1385 855895.2608432940
1389 856496.3792160574
1393 856974.0543637149
1394 857836.2204006843
1406 858088.1920803970
1417 858721.4493006231
1419 858791.4463444748
1424 859222.8903713947
1434 859365.5089628871
1438 859685.3713968029
1443 859985.7835755555
1446 860167.1346539169
1448 860231.3321261236
1449 860671.3050081200
1455 861147.5165957279
1464 862433.3883685875
1478 862950.0560457251
1502 863406.2243083923
1518 863989.5114557702
1519 864769.7502652291
1535 864883.6627063671
1548 865124.2701797432
1550 865729.5107404795
1551 865937.3881426599
1555 866503.9899542287
1556 868108.5080037735
1569 868231.6057932847
1574 868974.8404605886
1592 870308.4756085010
1606 870911.7830572145
1622 871238.7761724514
1627 871245.5806848906
1631 871637.9587646725
1634 872175.8797293751
1640 872184.5039054292
1652 872629.5722186170
1656 873804.2942799735
1684 873923.7443643955
1690 874114.7897376338
1706 874598.0181312453
1707 875031.9412766419
1720 875391.1465551690
1737 875785.0080579310
1738 876281.9366246606
1747 876705.7513479609
1749 877279.8833534780
1776 877313.8305969574
1777 877363.6662579778
1779 877901.7878722848
1792 878159.0580246951
1794 878679.2368402093
1799 878967.2631768538
1804 879427.3575123814
1807 880390.2019782247
1825 880390.7877928028
1826 880676.0078956060
1830 880815.4192390875
1834 881192.1150830805
1837 881690.6747848651
1848 881752.9853244290
1860 882039.9406893572
1867 882792.9880172957
1873 882915.1181707163
1876 884311.2130580397
1892 884731.2313383389
1905 885456.7757845602
1913 886025.6754316317
1915 887092.2468770242
1920 887273.5453475673
1932 887861.8055287680
1945 889705.2431447166
1954 890063.9899859029
1970 890086.2934028661
1972 890135.9706358595
1975 890365.6005576215
1980 890712.2096324345
1985 890749.2930011619
1988 890796.1376038580
1997 891173.8878996698
1998 892038.1491003712
2002 892187.9221507170
2011 892617.4710178010
2016 893087.5908592562
2030 893165.2835525635
2033 893565.9437176199
2036 893957.7152318661
2047 894140.1562855225
2049 894340.4956996040
2061 894638.0648567898
2066 894909.9573212400
2077 895195.1254929982
2081 896086.5040839352
2090 896888.1498830051
2128 897312.3716331945
2134 897602.7035119486
2137 897796.7695635018
2144 898162.1249649205
2154 898196.6038721962
2157 898719.5648309063
2158 898874.1616599403
2166 899297.4328380416
2167 899325.7004755677
2168 899397.0059638745
2185 900056.4290382047
2195 900699.8720855106
2204 900937.3586956487
2208 902477.8329174422
2235 903740.2521676449
2249 903780.0319569294
2257 904257.7349968089
2260 904359.6942364298
2263 904476.6382617023
2267 904585.3520634290
2276 904657.3729071846
2282 905085.4289096916
2288 905190.7111461267
2301 905223.1808828937
2302 905794.9259651684
2307 905890.0166825263
2321 906512.9111062821
2333 906688.2937730075
2337 907009.0661784309
2348 907327.4967310312
2382 907805.2817168410
2389 907830.6348605766
2412 907986.5885931934
2415 908597.8187758932
2419 908998.1675973767
2423 909529.3334253163
2446 909709.7336890859
2448 909756.8607564105
2451 910587.7993053964
2472 910780.5775465484
2473 911131.4925604751
2475 911546.3033074031
2500 912648.0919390494
2508 912784.1400777319
2518 912995.0276998237
2520 913215.8306754741
2522 913622.3397150571
2530 913992.4259944253
2531 914384.3092280182
2536 914446.6100038438
2544 914473.2212325067
2547 914792.3192457485
2550 915363.8944166426
2551 915462.6977382210
2556 915959.3276294086
2561 916236.7855147035
2567 916270.1412689431
2579 916907.3500662588
2585 917082.1086839372
2590 917382.3086132212
2591 918201.7563471962
2603 918335.2324337858
2618 919313.9244565567
2621 919418.2757364728
2628 919658.8210037422
2637 920510.9506678006
2687 920708.4046906169
2690 920785.5965405537
2695 921927.7174726105
2725 922053.0695322820
2728 922099.3369248295
2738 922547.2523125345
2750 922687.7146100869
2751 922763.0604117392
2752 923643.1421035007
2789 924360.2914128817
2806 924614.8649422848
2824 925007.8752204233
2836 925097.4483498918
2842 925420.5674284878
2847 925542.3603037685
2852 925629.6197016664
2859 925813.5766878800
2861 926219.3919939608
2873 926348.0622473835
2875 926747.9331120625
2879 926986.2286193450
2888 927379.2359342033
2895 927756.8423438016
2900 928014.3802012847
2920 928014.8455400732
2924 928073.0345020698
2925 928117.5175140566
2926 928166.7310587378
2938 928489.3788366951
2950 928489.8417578860
2958 928542.6234486894
2968 928543.0879504171
2972 929365.4358331102
2991 930415.1460810227
3005 930683.1161392063
3028 931359.1802022684
3039 932093.6397899803
3044 932554.2804480859
3054 932812.8273558053
3057 933667.0282961162
3070 933685.7235455922
3076 934199.5331114327
3078 934394.1244232937
3079 934474.4403568307
3080 934858.5159954433
3092 935230.2792598981
3100 935768.4953290130
3117 935777.3203809059
3122 936481.1612628816
3123 936634.3623619823
3131 936643.1872607986
3134 936643.5156743012
3144 936716.1019606877
3146 936842.9560343238
3147 938367.4471976797
3181 938490.0991354081
3195 938922.0905434679
3200 939210.7430180522
3208 939477.8552549583
3210 939701.3132169021
3211 939959.3840894502
3215 940003.1572979650
3221 940924.2414923831
3236 941916.0310814438
3238 942547.9146558077
3244 943004.9464716145
3252 943128.5839047958
3264 943151.9002574586
3265 943443.2207227026
3267 944068.0903585864
3293 944451.7334202114
3295 944514.7114483962
3297 944681.6273075887
3302 945179.2594477005
3305 945663.7966843061
3316 946039.5574006955
3324 946404.4224459495
3345 946693.9602030331
3349 946813.6529349643
3354 946903.2567947991
3356 947749.0132974060
3378 947813.4993836295
3384 949686.5761280402
3393 949866.0145489759
3397 950038.4921799653
3413 950623.6460065608
3420 950803.0836891839
3437 950981.0318256638
3438 951246.1072342397
3452 951379.6914293086
3461 952417.6639736537
3475 952782.2597973116
3479 953192.8688934118
3490 953408.4070545286
3493 953410.6492349845
3507 954768.7191735217
3521 955124.8287408217
3542 955179.2061306058
3552 956161.7471595153
3573 957220.6245156095
3587 957592.6552519380
3589 958843.3439778844
3607 958853.9887918558
3609 959239.7874464080
3615 959685.2529504041
3619 959769.2315352857
3620 959769.2780898359
3626 960296.3840990373
3632 960378.3875468137
3635 960444.7233340072
3642 960603.1232138688
3652 961358.9584884200
3668 961358.9943069513
3670 962257.5673162419
3671 962564.3056895701
3691 962658.8131749741
3706 962661.6502998561
3711 962733.0887614770
3715 963283.3748297917
3732 963946.1137307783
3738 963967.4238490273
3754 963980.7429680955
3755 964536.2116935434
3757 965067.2441940967
3769 965622.6999349309
3780 965656.8282799323
3781 965659.1148930708
3783 965687.6543439931
3794 965923.0802050689
3802 966396.2120510337
3803 966396.5510319446
3805 966428.1720315685
3807 967050.0456334661
3810 968195.0266408038
3830 968216.5831576545
3831 968518.7838738025
3845 968727.3430345261
3848 968871.8933399508
3853 969287.8226427272
3864 969931.2394952298
3868 970111.7647092785
3884 970191.9915923602
3909 970267.5465114272
3912 970380.6834140444
3923 970545.3632403165
3924 970998.8529522684
3936 971111.2836544659
3937 971595.6856218223
3945 971879.8964415040
3954 972104.1854066228
3966 972363.5903077151
3974 973037.9641225317
3979 973066.8415019178
3988 973297.3665599837
3994 974793.4185787481
4024 975061.4825520000
4035 975424.5194915400
4037 976566.4943112932
4049 976702.2862641360
4059 977019.9994355700
4065 977172.2920836043
4066 977649.3110668677
4071 977663.3268484754
4092 978179.4379697994
4098 978183.4514011571
4108 978316.0364795850
4109 978572.5618523116
4113 978595.9637322639
4124 979050.5298067973
4126 979212.1835743784
4128 979224.9561738957
4134 980113.6057383291
4156 980443.1576463217
4165 980704.4246715801
4174 981763.3655633484
4199 981767.1447472770
4202 982249.2738253039
4204 982382.7128357060
4212 982455.8707168933
4221 982643.9646387571
4225 983334.9974968231
4238 984023.7226229357
4263 984329.0698609387
4276 985440.0788808562
4310 985444.9214028948
4312 985565.7382041588
4320 986107.7545830992
4326 986743.0476011573
4335 986832.0803366725
4341 987350.3913938480
4348 987374.0866155133
4356 987959.6197507607
4364 988879.1764846386
4373 989183.6812180862
4374 989225.9488110931
4385 989258.6085854634
4388 989530.4571099587
4394 989807.8275407082
4401 989944.3432830398
4406 990245.8872276308
4407 990298.7509304720
4408 990575.8954768567
4424 990741.7466387027
4429 990908.0496128640
4432 991256.6911306707
4438 991566.0105688297
4460 991700.1431144478
4462 992098.3640241971
4464 992226.2117471023
4469 992984.9202854597
4476 993173.3720372081
4489 993246.6340940016
4490 993275.1082506039
4494 993424.9143587466
4502 993801.3352283762
4504 994222.3187474839
4514 995122.9621702683
4523 995525.1817248601
4527 996507.1974196198
4532 996562.5254486054
4538 997191.0889861954
4543 998142.5387155076
4545 998401.9945391821
4572 998672.8243044434
4578 998677.8393314633
4579 998961.8861992223
4587 999576.6594478738
4588 999650.1488047985
4602 999928.4377543846
4613 1000017.4195627136
4618 1000279.3583581254
4630 1000295.6966684255
4647 1000849.6215642417
4649 1001441.5218827743
4663 1001569.7905062357
4670 1001879.8336137024
4674 1002228.6246541083
4679 1002668.4469262247
4699 1003072.9191314199
4707 1003490.0762904112
4720 1003900.8764801188
4732 1004741.9703321141
4741 1005056.9978918399
4745 1005246.8351407471
4764 1005892.7538074256
4779 1006117.4659389957
4789 1006716.7764364434
4796 1006896.8473439062
4798 1007406.2234824933
4803 1007801.0308306793
4808 1007852.8807264874
4820 1008568.7677880276
4831 1008588.8912491883
4832 1008778.8628078740
4837 1009348.9729115651
4848 1009522.3500005804
4862 1009790.5889018662
4870 1010076.9654019583
4872 1010963.7583452566
4890 1011137.1363911055
4892 1011954.1827584895
4896 1012577.7941000148
4907 1012673.0909031660
4910 1012794.7468558080
4911 1013032.1702588629
4912 1013521.5110841610
4921 1013522.7167267579
4925 1013534.3903308617
4928 1013918.0528394973
4933 1014033.5685715125
4939 1014168.1219936237
4941 1014990.7763161729
4966 1015047.6529459258
4968 1015050.0490187806
4978 1015450.1249037791
4981 1015898.4617908674
4986 1016039.3031563328
4996 1016086.4212269636
5002 1016689.9296721063
5003 1017615.3207423885
5023 1018295.7292916790
5030 1018319.0965452007
5031 1019303.8243964382
5045 1019479.9373217610
5048 1020100.6087226942
5066 1020433.1428067795
5075 1020587.1807462232
5076 1021016.0492142922
5090 1021086.7050186316
5094 1021127.3390870319
5103 1021215.4173570047
5105 1021489.5006382753
5112 1022359.9712797841
5126 1022559.3369477277
5136 1022816.0703056883
5138 1023029.9275088868
5154 1023962.6097958999
5156 1024961.7915482681
5187 1025082.3291794134
5192 1025330.5899517841
5193 1025469.9352878975
5202 1025636.3568890737
5208 1026291.6986449467
5233 1026338.7381984964
5234 1026370.5930870887
5237 1026587.4562218681
5264 1026599.0452921212
5273 1026788.1198500691
5288 1027292.9519706460
5297 1027358.4833783788
5311 1027547.8972610810
5312 1028233.5935051738
5318 1028378.1101837294
5322 1028815.5896753956
5329 1029063.7993848682
5330 1029095.4134834574
5334 1029229.2808237437
5344 1029781.0987767368
5346 1029801.9091690907
5351 1029804.6643637171
5353 1030353.7293758717
5358 1030581.0567808115
5374 1030942.5020520133
5384 1031336.2988634761
5392 1031378.5625330897
5403 1031492.8950548616
5405 1032233.7695847872
5419 1033507.3117300705
5429 1033985.4560908338
5471 1034706.5814133466
5479 1035029.5097574135
5481 1035184.7266057821
5482 1035683.6833787011
5489 1036210.6551689333
5494 1036244.5065107731
5508 1036563.2723334832
5511 1036697.8384105726
5532 1036922.5372505474
5540 1037144.2693557830
5552 1037182.7697028376
5565 1037532.8921337569
5575 1037615.7516879844
5579 1037953.1186269553
5595 1038004.3738221633
5596 1038093.8504442591
5612 1038132.3358328696
5614 1038183.5943342228
5617 1038586.1087780233
5625 1038597.2883226705
5632 1039470.1608052510
5640 1040511.3237672345
5674 1040831.5674456599
5688 1041639.7676692043
5701 1041690.6751501241
5713 1042978.2414024107
5730 1043068.8192080094
5736 1043536.0439754858
5742 1043869.3649085200
5745 1044028.7769059482
5746 1044623.8742283093
5753 1045054.1130711110
5759 1046001.2515639492
5771 1046099.4297467297
5774 1046575.2454289127
5801 1046939.9712577618
5805 1047030.2037125531
5807 1047737.8899739658
5838 1048167.2041324856
5841 1048552.7505179389
5846 1048731.7770505089
5851 1048874.8736010478
5862 1049228.8544163324
5871 1049834.0674761306
5877 1049877.3706745401
5884 1050326.4663329001
5908 1050389.1598343418
5910 1050774.6793161614
5918 1050958.7259002186
5925 1051108.8669098073
5929 1051188.7821442785
5934 1051601.2468045664
5935 1052633.1062016699
5963 1052772.1493638826
5971 1053061.6922162119
5977 1053126.9096039757
5979 1054193.4590361444
5989 1055064.7420418155
6000 1055127.4187822591
6009 1055343.5694491172
6017 1055737.3700310304
6022 1056048.0213161800
6031 1056113.5562972494
6044 1056114.1100772077
6053 1057096.4349936766
6071 1057272.8747766388
6101 1057868.8591667465
6118 1058032.3919546485
6123 1059381.5103695057
6143 1059539.2365515418
6145 1059827.2674836400
6164 1059909.3363502224
6177 1059954.3748839472
6187 1060141.5901733991
6190 1060529.4486330696
6194 1060789.5832308079
6202 1061321.3942735663
6224 1061662.3331200185
6243 1062194.1444808673
6245 1062593.4848757104
6274 1062637.5484732310
6295 1062701.1811332919
6299 1063581.1085516901
6309 1064164.0880084473
6334 1064200.1420162057
6340 1064342.9452206681
6346 1064491.5457057699
6359 1064569.0033482111
6364 1064633.5950190779
6369 1064695.4960667782
6375 1064779.4996342990
6377 1065122.9712529408
6386 1065210.5633326913
6387 1065410.9161687491
6411 1065699.9403465376
6413 1065925.7110698170
6416 1066552.2671168018
6427 1066676.8183134715
6432 1066718.0143853324
6436 1067040.7146210202
6437 1067373.3982456108
6454 1067469.1140603321
6466 1067834.7218282772
6467 1067886.2849795555
6479 1068255.4357207504
6484 1068550.0255387668
6495 1069180.4491462624
6521 1069181.3971885636
6527 1069297.3614824736
6537 1069659.4493933183
6565 1069784.2722405281
6570 1069868.0272721932
6581 1070293.3990318582
6593 1070377.1488071624
6603 1070930.3694348307
6614 1071042.4294596403
6617 1071651.6171871880
6635 1071735.1598704348
6644 1072766.0508181625
6649 1073644.9834921458
6684 1073941.4140707254
6718 1074164.6332260447
6732 1074863.3606068294
6767 1074872.2330017257
6772 1075118.2218419418
6773 1076502.5418719333
6792 1076763.0424448114
6805 1077119.2788120667
6817 1077577.1057635790
6820 1077604.5940220142
6821 1077887.8797091844
6836 1078098.7555429605
6837 1078513.4497999705
6844 1078596.8988047272
6845 1078945.0591284796
6859 1079264.8049594229
6872 1079626.5295306288
6900 1080405.9813195025
6916 1080507.8592058690
6936 1081287.3096789289
6960 1081564.2999916538
6963 1082041.5236482911
6975 1082055.5174288836
6979 1082097.3186613994
6990 1082318.5092564214
6993 1082329.3198383611
7005 1082592.3179730009
7014 1083291.2005170255
7024 1083448.6656724208
7038 1084101.1841349695
7050 1084436.6552933045
7058 1084513.3186310050
7060 1085018.0088064696
7083 1085402.2828055101
7095 1085439.7567696748
7101 1085631.6809277998
7106 1085916.5897195509
7109 1086987.8220906318
7114 1087269.2857663643
7116 1087378.7934026341
7122 1087714.3571269384
7127 1087909.0999877879
7129 1088012.4867486898
7133 1088566.9958485595
7147 1088941.1014681819
7152 1089076.6856585597
7157 1089205.9121536356
7165 1089414.4581169852
7186 1090201.7861474724
7193 1090961.4073457015
7217 1091050.0074381887
7220 1091634.3604620735
7221 1091903.8515980027
7228 1091906.6246909283
7229 1092541.8615942230
7261 1092596.0271423797
7272 1093282.5799669102
7293 1093641.9372540931
7297 1093983.0955733282
7311 1094006.3746590849
7314 1094040.9581659078
7321 1094436.1857424993
7346 1094824.5323454968
7353 1095718.9077237437
7358 1095855.9825253980
7369 1096059.6812959881
7383 1096459.0862542035
7388 1096812.0986341930
7424 1097006.2791875296
7434 1097020.5115697437
7436 1097083.1685487251
7440 1097132.4901241013
7443 1097305.7972351015
7451 1097496.8029798472
7453 1097610.5591105728
7458 1098065.1295886659
7477 1098161.8550346466
7483 1098373.5350691602
7487 1098403.1933949597
7495 1098608.4101811161
7498 1098804.5020029964
7501 1099009.7009721054
7519 1099471.2552659113
7532 1099561.1699846203
7538 1100009.8404707918
7543 1100111.7086047842
7578 1100567.3438594691
7583 1100755.9546383370
7592 1101034.5637870617
7599 1101211.5887124925
7605 1102186.2841249104
7622 1102808.8184774150
7661 1103629.5200231324
7668 1103699.5791141717
7671 1104684.0263797846
7682 1105006.1879968294
7699 1105606.7313805958
7702 1105706.6845966338
7716 1106348.6528100937
7730 1106357.6574873831
7735 1106448.6058171401
7756 1106613.1638943576
7768 1106765.0577258000
7771 1107032.5878126372
7794 1107188.1400565531
7798 1107288.0928386778
7800 1107574.9240849398
7851 1107590.1955864893
7854 1107730.3187392396
7856 1107786.1027182557
7858 1108117.1022637659
7861 1108653.6962882320
7878 1109039.9356186660
7895 1109426.7191010308
7903 1110240.6218156575
7933 1110825.3612127048
7937 1111757.4360262051
7951 1111921.8741107208
7953 1111936.6913374467
7954 1112097.4664672308
7962 1112712.8258984697
7973 1114563.4902162247
7980 1114622.8444351258
7998 1115152.0366652277
8014 1115579.9041999711
8033 1115882.5443731134
8039 1115908.1228008061
8043 1116364.6488487944
8047 1116452.8958425208
8060 1117068.0034938292
8065 1117129.0178312815
8068 1117308.4878556530
8081 1117366.5977900270
8083 1117660.8119187704
8092 1118151.3244352262
8111 1118599.0159662780
8128 1118604.7855486739
8143 1118696.5569869173
8166 1118804.8845297492
8173 1119300.9691998421
8174 1119566.8583115835
8199 1119841.4561880636
8206 1119937.0936074408
8208 1120094.3643564659
8222 1120313.7104733081
8237 1121408.6416825515
8265 1121545.5313428703
8267 1121570.8168839917
8281 1121802.8422817634
8284 1122111.0330375852
8285 1122191.3040784402
8298 1122424.7212093431
8301 1122603.2092001492
8306 1123192.4843004893
8325 1123646.9641417526
8353 1123869.1787024427
8370 1124149.8476505086
8378 1124314.4244079413
8398 1125090.3806078022
8416 1125419.6800931552
8418 1126029.2184038463
8424 1126211.8995911097
8431 1126539.1853210023
8454 1126636.7797806524
8456 1126729.6279674366
8458 1127206.4455059702
8471 1127247.7031540787
8487 1127501.0793381275
8505 1127525.0395246963
8507 1128064.1420371183
8513 1128327.5819307433
8557 1128987.7520637009
8571 1129087.6924969321
8589 1129498.4178449237
8612 1129658.8492913847
8615 1130069.5737756435
8633 1130324.7482828991
8643 1130425.2090420108
8662 1130477.0011492579
8689 1131098.5722256287
8691 1131242.3225497373
8720 1131360.1471766382
8728 1131947.3083734037
8735 1132451.0567408276
8745 1132855.9138321115
8752 1133716.8166029807
8785 1133857.2284798298
8787 1134455.8188381118
8812 1134729.5525732667
8813 1134915.4034893105
8815 1135051.6775042296
8818 1135928.1328151852
8840 1136264.8831779128
8849 1136378.2948160656
8853 1136543.5031398628
8893 1136844.7773299066
8905 1137366.4127720555
8917 1137636.6257646091
8923 1138351.3379217531
8934 1138716.7412824614
8938 1138757.5433074345
8959 1139027.7113801078
8977 1139786.7251956440
8987 1139900.9183455645
9006 1139922.2783377897
9009 1139942.7000417809
9019 1140171.0630289277
9024 1140956.4700871955
9025 1141130.7047636558
9038 1141370.7267548540
9043 1141835.1488926271
9044 1141931.3578528289
9058 1142144.7562436925
9062 1142428.7062996353
9075 1142570.3825296378
9081 1142594.2565009200
9098 1142822.3043728967
9116 1142877.3073561867
9118 1143070.9252435742
9124 1143199.3055345183
9127 1143271.7713037496
9137 1143499.3423970263
9138 1143752.4656345444
9141 1143960.4169856536
9147 1144032.8703301584
9148 1144380.8493906769
9149 1144578.5961903997
9168 1144634.6309228803
9175 1144651.0478293360
9182 1144807.1792260120
9192 1145068.2256265082
9194 1145278.7745780232
9200 1145442.5145017852
9206 1145598.6452095315
9211 1146616.5449781055
9225 1148001.2420215311
9266 1148657.4212162648
9297 1149285.1320681893
9315 1150366.4429088430
9344 1150589.0451287499
9363 1151060.8611639456
9378 1151070.2654338584
9385 1151351.4533067939
9437 1152132.3458218600
9454 1152427.0295491307
9463 1153114.0470837734
9472 1153195.3605138182
9473 1153383.9441197580
9485 1154045.1246753340
9497 1154604.9251441206
9506 1156132.7231119145
9536 1156590.5160692534
9541 1156834.6708175333
9542 1157024.5774343032
9558 1157119.4418315997
9560 1157484.4330431416
9566 1157972.0034013693
9569 1157986.2132166307
9592 1158705.9940499335
9618 1158730.5321400317
9623 1159112.2226998340
9628 1159226.4998106030
9640 1159240.6444198554
9648 1159396.3150163374
9652 1159926.8816248162
9668 1160079.0312682211
9673 1160512.6417425349
9695 1160584.7308990415
9702 1160993.8857345597
9726 1161128.9200573477
9741 1161381.4824254543
9756 1161396.6200101878
9763 1161463.7460765312
9770 1161680.7919290871
9828 1162988.9047231276
9844 1163054.7864597831
9860 1163384.1262964404
9889 1163561.0876593394
9897 1163655.5770009242
9899 1163735.0648040234
9912 1163952.0272028300
9933 1164953.9465172573
9959 1165190.0345755299
9975 1165745.8583997902
9982 1165981.9433726177
9996 1166061.3497715211
10004 1166501.7562720929
10010 1165666.4275584547
evaluations raw_y
1 678196.1173669564
3 698833.4422799986
7 701215.1201444347
9 708116.0814815577
10 711666.6227471194
17 723332.5484968859
26 726585.5487393356
32 732328.4580923823
37 735311.6782145154
42 740099.7444995285
44 744302.6050012478
58 748091.6228638669
70 754513.3480089628
77 760796.1899440462
83 764401.8526617618
85 768054.0277116387
105 768381.2224050604
110 768852.9553488448
118 769944.6077598442
121 770471.9691898477
124 772226.9917873743
129 773856.9128838619
136 776318.0641249832
168 776538.2952728026
172 776860.8106956168
174 778779.3400124784
179 781029.6484629555
198 781753.3309006853
201 783044.0179772100
206 783340.8625293996
207 783985.3117554202
211 784821.9969965168
216 785290.5858803431
224 785795.0558930748
226 786419.1536125222
242 786642.1048423242
254 786809.3240353983
256 787011.4636689678
260 787178.6824197323
262 787283.8751212271
265 787560.4448323761
266 787970.9472607583
277 788956.1524102737
288 789399.0630616795
289 789520.0771687273
298 789965.4840962852
300 790205.2185924174
311 790331.1302465461
314 790495.0675549016
322 791596.1677665781
328 792259.7573216675
336 792368.8420012927
338 793221.7092997173
350 793427.9634672215
351 793992.3235579634
381 794513.5329910233
385 794555.0375267533
388 794696.0412171166
390 795001.8164886737
391 795415.7704870986
404 795598.1822666896
418 795817.6699115451
421 796136.2069337087
426 796791.6161744249
431 797224.2696993218
452 797531.9080354286
455 798208.2090169063
466 798496.7741644203
471 798548.3082585768
473 798551.3103073896
474 798656.8655915376
475 798785.9860974227
492 799409.3621417849
497 799558.3790183213
500 800030.8703197296
507 800037.2930067895
513 800336.6066910523
516 800453.3152041868
521 800488.4953459612
524 801208.3482816146
551 801815.1946187568
552 803438.4092789125
584 803992.5850844661
615 804210.0269962332
630 804898.7833588871
637 805001.9374314358
638 805239.2695838457
641 805540.4665869534
645 805870.5724549700
657 806092.2712822558
664 806262.3361245174
665 806647.6344375981
675 806814.1406125014
677 807125.0663367126
685 807729.4446452453
692 807846.9318108801
708 808762.2290090786
743 809307.2429941234
746 810460.6179080029
747 811460.2537338703
755 812005.2573811609
758 812079.9465039612
766 813183.0862257370
767 813816.0084910661
789 813828.5721490042
792 814222.5577817626
794 814373.5650131166
802 814718.2440441705
809 815487.7681399097
823 816033.4221209557
828 816398.6437430099
839 816691.2156970457
841 816955.4444847720
854 817026.1680967844
860 817484.8652068008
861 817845.9086950063
864 818402.7084357362
866 819169.0253007541
882 819650.9380104245
885 820279.0793369031
891 820442.3520415889
895 821497.7939575472
898 821613.5616871007
912 822476.2029426792
933 823327.5721671877
937 824178.8380016363
946 824284.8050331156
951 824398.7284302089
953 824874.5565668336
955 825075.5621968238
965 825490.1700251683
969 825599.9599784359
971 826887.0924885196
974 827051.7469551038
987 827181.3673819172
997 827679.4876344212
1008 828275.9329885248
1009 828659.5625129867
1016 828683.4354132686
1029 828864.4942156853
1032 829065.0696215346
1034 829397.6835840474
1041 829699.9925578811
1046 830045.1391603731
1057 830111.9485504528
1058 830310.7687533378
1059 830457.0930029512
1081 830559.8135121366
1083 831261.7970332541
1093 832923.6214252129
1098 833649.0021845920
1115 833673.3986438671
1117 834402.5760572226
1143 834899.7380720195
1148 835843.1637473413
1159 836002.2018644959
1167 836790.9057233455
1187 836906.9491009878
1188 837181.8454840656
1192 837715.9155671606
1217 837729.9744434351
1219 838381.8568095004
1220 838544.8204505427
1230 838692.0862408219
1239 839792.3240870355
1245 839820.5646973348
1258 840302.0276782754
1265 840586.3348917142
1267 840756.4027413547
1273 841122.1972683395
1274 841499.1069884626
1289 841859.6376091080
1297 842060.1443250162
1299 842683.9153820573
1313 843792.3471836392
1335 844656.4708669073
1352 844878.3325634435
1361 845457.0482732856
1369 845547.9692766786
1371 845714.5942245168
1374 846283.4809436204
1375 846606.0915535957
1379 847134.1714885550
1385 848299.2603709531
1396 848875.0418915859
1415 849512.7439296802
1426 849786.5379256207
1431 850421.0690038739
1454 851147.3532468596
1456 851370.5314498112
1466 851891.4284344397
1473 852215.0673550885
1488 852592.2668867765
1491 852736.0646932636
1497 853153.9069912040
1503 853801.4195889195
1516 854631.6368337624
1521 854813.3510487974
1526 855395.1886505715
1534 855419.3410264016
1536 855794.1281062403
1541 856075.0184247391
1547 856493.9123170838
1551 856774.8024219648
1561 857489.9553048416
1572 857734.8470779388
1581 857743.0660537981
1588 858209.0585886941
1592 859223.0525759121
1595 859947.2239384556
1607 860195.8330228410
1614 861118.2195790379
1624 861835.2081939384
1633 862196.5576802444
1642 862544.2287484583
1646 862721.4538869387
1648 863350.7892852636
1655 863603.1709134737
1666 863939.3396197952
1667 864033.6874536128
1679 864115.3128479210
1680 865174.2723246535
1685 865695.9962727727
1707 866115.6543663967
1712 866358.8942330541
1718 866586.8940913335
1720 867111.4275802885
1723 867242.5610415135
1733 867256.8569616774
1734 868624.3036162164
1750 868687.7916234824
1751 868710.7828218688
1756 868958.2509319551
1765 869091.7775413271
1781 869768.6892149608
1783 870121.9371552488
1793 870889.7873521351
1798 870912.7933696918
1805 871595.6495502696
1814 871791.7351805688
1820 871817.6898454769
1846 872066.5970534846
1854 872853.2010696040
1855 873322.0843890662
1870 873495.6710053103
1875 873608.7819711203
1878 873646.1843154946
1881 873793.0325008115
1886 874142.6871079347
1887 875000.0645051914
1901 875113.1755433369
1912 876937.2166489228
1935 877392.6963698965
1937 877914.9074963733
1946 878056.3193912425
1950 879087.6385936931
1953 880428.2656203740
1955 880882.2619196217
1992 881465.6337100334
1997 881570.2171837420
2015 881792.6147279313
2026 881906.7981015063
2032 882246.6053830599
2036 882910.8770135897
2045 884134.9461548415
2047 884229.7384826862
2051 884233.6176809436
2055 884553.7694156868
2069 885143.4780229399
2079 885432.5300386564
2086 886269.5864494439
2088 886511.2620143532
2094 886759.8325033699
2098 887053.0052680534
2104 887429.4997087148
2118 887736.7525228388
2126 888064.6504269734
2138 888163.1861252844
2141 888662.4318679712
2155 889073.9139470328
2156 889261.4905886884
2157 889435.1089297481
2166 890235.0513038407
2184 890667.2481120756
2185 890699.3446358120
2193 891012.5295991822
2208 891703.2879814523
2221 891848.4236781184
2225 892988.5887567238
2250 893818.0280919293
2266 894322.8815386273
2281 894517.3433323159
2299 895022.1948825632
2326 895994.5230295955
2343 896053.9682589520
2349 896413.2316589511
2355 896798.1836018402
2369 896890.8784824029
2372 896975.4216860151
2375 897200.8915725782
2376 898078.6173282519
2393 898855.6039547604
2402 899929.5710692434
2413 900578.4259373754
2423 901249.1123561136
2424 901958.0010180768
2447 902061.9067428730
2453 902675.6028606131
2460 902860.5894739912
2461 903664.5491802541
2493 903844.2553346006
2496 903909.9695401429
2502 904094.9448184299
2506 904178.6025524874
2511 904668.8256308277
2516 905038.9936269803
2520 905403.4516811228
2534 906008.7364305867
2535 906295.5372369797
2549 906891.7335365438
2567 907006.8562048326
2574 907599.7046936988
2584 907638.3152742962
2593 908242.5582095766
2598 908619.2674555160
2599 908734.0263101219
2609 908868.7753180254
2613 909075.2803986485
2614 909252.8925437538
2633 909446.4196464894
2638 909741.5079264308
2647 909982.2599336999
2659 910873.2336248264
2660 911066.7555665857
2673 911921.2782863152
2690 912031.4117564477
2694 912748.5299738772
2701 913284.3756338783
2707 913694.6695264991
2725 914527.9102311563
2726 915279.6928355837
2740 915556.7421820166
2752 915623.5487530824
2765 916154.3422044658
2770 916412.5974867028
2787 916943.3894977364
2791 917114.9129707291
2804 917388.4380238944
2807 917430.9864005441
2808 917794.7993126158
2815 917819.7482620707
2816 919044.7893770292
2823 919139.8179775857
2839 919468.7674070552
2842 919877.7748923815
2845 920056.3177374799
2851 920542.3991185722
2861 921303.4300454287
2877 921338.0770440940
2881 921430.8893968244
2893 921806.6045157468
2896 921843.4298733140
2908 922259.9607873531
2914 922346.5977411304
2920 922562.6355324867
2925 922805.1186925331
2928 923063.1556545558
2935 923147.3874744895
2940 923267.7274089822
2943 923353.3182105995
2947 923424.0646009290
2948 924024.2541708944
2959 925017.0338749746
2960 925246.8031724988
2968 925415.9407398195
2974 926259.0712626467
3006 926325.9496244899
3009 927034.9833187622
3020 927287.8494891153
3024 927957.1026425851
3028 928411.6196658534
3033 928845.0200141151
3058 928949.2589631691
3063 929237.0982428300
3064 929533.3334392023
3066 929939.2828525616
3070 929952.4448218094
3080 930926.8619558569
3086 931259.2510677694
3087 932082.6207007081
3094 932477.0094690884
3114 932639.3923362812
3118 932784.9559035019
3120 933463.8106739771
3137 933544.8001238565
3142 934752.6907863296
3151 934800.6023104043
3158 935003.9322696376
3164 935187.5426810258
3166 935822.0773493056
3178 937133.4796091416
3201 937668.1976577811
3213 937870.9003284682
3223 938351.0755188623
3224 938553.7781758095
3242 938658.4325573576
3245 939088.4956411993
3252 939284.1590912256
3264 939818.8732716201
3283 939832.0375268740
3285 939938.1846814780
3288 940087.2337908291
3297 941410.5928023125
3311 942010.0139803935
3344 942215.4694200928
3346 942394.3588575523
3349 943393.4885540358
3375 943629.9797057002
3376 943708.4767590227
3382 943911.3668190013
3383 943976.7506761097
3385 944371.4556616955
3391 944494.2118497685
3395 945301.8271355744
3397 945378.4733656410
3411 945436.0722945513
3423 945878.3518251971
3424 946285.1951044376
3433 946308.0113302640
3438 947240.9251645026
3457 947552.9719637750
3473 947841.1340670680
3489 948160.8924689422
3493 949037.1917553627
3512 949076.5307089887
3520 949102.0653424001
3521 950221.6951208961
3536 950436.3874587144
3537 950716.0526449292
3552 951297.6803777192
3561 952121.8315020074
3572 952659.9409120877
3573 952751.0416940782
3576 952842.2599351432
3589 953332.8927742586
3601 953437.4340891984
3609 953744.3710395971
3611 953756.7647989400
3613 953800.3271132442
3614 954610.8044817412
3638 955101.4358027719
3657 955163.6309086104
3672 956099.4115867200
3681 956151.7829334452
3682 956872.8626618206
3697 957011.0603392918
3702 957825.3407840875
3717 957852.0756844812
3721 958622.4001391316
3769 958649.2407492793
3770 958820.3733496375
3784 959147.0654708757
3789 959372.0859693553
3792 959456.7616894699
3811 959520.0852835136
3813 959604.7571517641
3830 959779.0894510603
3841 959926.4181591327
3870 960443.9185366458
3893 960544.6198254264
3896 960910.9883790347
3900 961411.7132634647
3913 961528.9403618301
3932 962239.4279617624
3945 962337.1269662457
3950 963111.1644750417
3969 963636.4192921639
3976 963895.5982631797
4000 964275.0562706275
4004 964384.3348614726
4022 964471.3605333046
4026 964669.6159010377
4027 965461.5863176035
4046 965521.8888887177
4049 965663.7725519419
4053 965738.2410805403
4071 966248.3205263783
4085 967270.9332112870
4091 967673.8443485093
4105 968288.9796509824
4114 968497.1268063085
4117 969599.5531305490
4132 969643.6727384957
4136 969789.8661488110
4149 969991.6064565427
4152 971565.8314051909
4174 971608.1900337077
4188 971889.6997880655
4194 972112.8581216690
4197 972494.6682426201
4208 972799.4705551522
4216 972927.8467041104
4223 973262.7473827297
4227 973435.2337758454
4229 973799.5063764912
4232 974058.4831987183
4241 974116.7807963926
4251 974169.5328649064
4254 974525.3925921302
4265 974552.0319178022
4271 974787.9213186015
4272 974814.2753810348
4274 975118.1404230398
4279 975176.4287015967
4290 975307.8074469524
4294 975728.9084970154
4298 976492.6819912391
4326 977091.7557245654
4339 978031.0257873060
4342 978089.2910463479
4367 978584.5130165051
4370 978637.0971438627
4378 979126.6696419962
4391 979335.2059332257
4414 980648.1155037448
4418 981579.8499806930
4433 982164.6851344169
4436 982450.3931089963
4445 982849.2806288900
4467 982968.2280157070
4468 983752.7418256850
4490 983999.5371044168
4492 984013.4483323413
4495 984452.4570248965
4539 984836.2877254933
4542 984960.6986538543
4558 985387.4222063167
4565 986348.6690015682
4572 986403.6638396793
4594 986588.4213458451
4595 986918.5282972709
4598 987105.1282964299
4601 987882.7750405945
4620 988491.8738705524
4643 988511.5881566348
4648 988779.4600808081
4651 988904.7753030527
4658 989407.8229274180
4669 990848.0791784391
4684 991287.9088324058
4707 991575.9452935389
4708 991641.5339393066
4714 991903.9039288565
4716 991960.5643543082
4718 992422.5927168223
4732 993565.9267391236
4744 993950.5442689777
4752 994345.7704590837
4780 994840.3057682738
4785 995123.8000388899
4788 996390.7379011862
4805 996427.5462643637
4814 996577.1355043669
4819 997172.7761869195
4828 997340.5593996916
4831 997660.0695656204
4837 998095.7280523349
4847 998257.9753434509
4851 998355.5618773756
4854 999225.1065339069
4864 999951.5582668735
4866 999977.7697199309
4870 1000133.0800591144
4873 1000296.2545777197
4874 1001371.8436034600
4900 1001833.6359777411
4908 1001836.6877375016
4917 1002275.2663387154
4920 1002296.4631625523
4921 1002510.0981499357
4925 1003007.7452284258
4932 1003402.3763924672
4943 1003555.6775610838
4946 1003754.7112415915
4950 1004251.5597756897
4956 1004310.6162846088
4958 1004733.2173685889
4998 1006357.1055966154
5013 1006675.5185031546
5019 1006826.7845705029
5022 1007598.6891208643
5040 1007789.7981207296
5041 1007859.3243177522
5049 1009037.1761870503
5066 1009038.0414821048
5073 1010730.8250131386
5105 1011320.2706030546
5117 1011586.2911362924
5120 1012250.5602748798
5131 1012355.5540873416
5133 1012367.5304027903
5134 1013139.5335080795
5149 1013744.3634883479
5153 1014004.9843693947
5154 1014541.9901314465
5164 1014722.2766788531
5167 1014813.9544020428
5170 1014922.6879770455
5175 1015154.7867811795
5182 1015453.9801080236
5201 1015680.2630065973
5202 1015834.6700913827
5219 1015860.2732665394
5220 1016287.1901045502
5223 1016476.9248574490
5238 1017055.4653036190
5251 1017285.6335599269
5253 1017845.5198840135
5278 1018113.8198881525
5283 1018810.9452373306
5288 1019588.0457061566
5304 1020401.7323363606
5306 1020514.2505351416
5313 1020614.6310710969
5322 1021714.2081102245
5330 1022041.5895218891
5368 1022632.6950305208
5375 1022643.0628257353
5390 1022647.7254605821
5398 1022737.7939846562
5401 1022785.1625530494
5404 1023486.5372201559
5411 1023623.9698529775
5416 1023704.0816856346
5417 1024058.6884344834
5428 1024089.2315442483
5430 1025072.6009646928
5444 1025644.7408974565
5453 1026007.7777624571
5463 1026809.8345034050
5473 1026886.7375416860
5476 1027066.6027959876
5479 1027217.5824961022
5484 1027563.2283221483
5491 1027895.4731347632
5509 1028015.0970865397
5514 1028744.1865177635
5522 1029155.9589010626
5537 1029920.5994337624
5538 1030045.9582108654
5545 1030930.0555342783
5565 1030964.2743757216
5574 1031452.0398719737
5589 1031483.7407189944
5599 1031640.3336166214
5607 1032237.2838114547
5611 1032341.8776913843
5612 1032467.2186355521
5642 1033241.7216824219
5659 1033842.7858427260
5661 1034571.8061035390
5676 1034606.9076936014
5681 1035010.8132158731
5694 1035079.4760106819
5699 1035611.5775232563
5700 1036295.3208232661
5712 1036634.0049557631
5721 1037954.8213575868
5728 1038243.7547591239
5756 1038797.2397709629
5773 1038860.3078753897
5781 1039918.2846917224
5804 1040451.9409037624
5819 1040691.4993306756
5826 1041116.0675138886
5838 1041242.4324718163
5846 1042133.5915663361
5875 1042673.7847804817
5888 1042715.4961460833
5890 1042915.3984277218
5901 1042964.8481591739
5902 1043305.2659678457
5904 1043489.3768284904
5906 1043719.5218617239
5915 1044111.1744147494
5918 1044435.6518961615
5924 1044576.6472151793
5927 1045091.2442638937
5931 1045380.7664650994
5935 1045631.4206202867
5954 1045887.0167525032
5967 1046043.6695466931
5969 1046352.3174019543
5980 1046740.0782815067
5994 1047680.4067014058
6005 1047824.2338389802
6017 1048402.9416568903
6034 1048546.7624325388
6045 1048576.8624505703
6078 1049693.1688097799
6089 1049806.1481547079
6118 1049836.3539137302
6119 1049971.7988061986
6122 1050687.7211394282
6141 1051100.0919995010
6143 1052108.3481482044
6149 1052770.2264241404
6162 1053258.6873823635
6165 1053546.7095136431
6168 1054302.3107973039
6188 1054362.6299588352
6191 1054897.7751559427
6198 1055014.0118937336
6199 1055099.9889403854
6214 1055268.2057634257
6215 1055581.3998592619
6220 1055639.5598015925
6231 1055659.0594414065
6232 1055903.8746242188
6236 1056855.4387606450
6242 1057720.1735977121
6267 1057873.1516696324
6269 1058055.3265226616
6287 1058230.7557239174
6293 1058243.4574167861
6294 1058754.0403040147
6301 1058857.6118943177
6307 1059263.3768574225
6317 1059268.4172680778
6322 1059780.7362967476
6379 1060088.5870368935
6382 1060557.2880589073
6397 1060662.0480897694
6398 1061047.9833292516
6451 1061942.7628562059
6502 1061979.4347585631
6504 1062351.7622842584
6516 1062568.9770854188
6520 1062812.0146100235
6529 1063113.7698196853
6541 1063272.4670650468
6555 1063914.0154132941
6563 1064314.8152023340
6592 1064496.9231814400
6594 1064997.5064966390
6595 1065471.3401899906
6615 1066349.3130414363
6627 1066445.7904856866
6632 1066665.3317575362
6659 1067325.4206494181
6664 1067544.9569986793
6666 1068106.1746225981
6677 1068405.8363196540
6691 1068629.7491053070
6695 1069122.6072134201
6700 1069352.4505642401
6712 1070332.7895618808
6746 1070446.5954558721
6760 1070695.3927975453
6764 1070802.2954452757
6773 1070876.1226607997
6776 1070916.0933480270
6778 1070990.7966683544
6782 1071320.4355328942
6800 1071597.2258401504
6802 1071655.3395816106
6806 1073024.9080297288
6840 1073765.4339482116
6850 1074004.2903636999
6866 1074607.7268199720
6875 1074900.7379300492
6884 1074926.8980895155
6892 1075298.8395123514
6904 1075823.3389479415
6913 1076554.0873866079
6922 1077205.8822038788
6940 1077464.0293119389
6952 1077711.5033807016
6959 1077976.3409987297
6969 1078309.4107538511
6974 1078705.9154231444
6982 1079412.1641053974
6988 1079716.4293457803
6993 1080060.7755643805
7007 1080152.3710262866
7015 1080352.7342334071
7016 1080975.0358958428
7047 1081032.1714733876
7052 1082138.2944728229
7073 1082242.5724691842
7074 1082265.0371767755
7082 1082377.0855814572
7087 1082577.2716150025
7101 1083087.8215013945
7114 1083109.2201901437
7120 1083113.5165539721
7121 1083197.0350570520
7123 1083293.3965552540
7129 1083358.3761055041
7131 1083735.3735338515
7159 1084081.4922416741
7164 1084103.7504677912
7167 1084560.0494599272
7203 1084890.5171871486
7219 1085061.2724425183
7226 1086843.1327614200
7233 1087668.0933995608
7261 1087926.8157813465
7267 1088060.1224177484
7273 1088691.2450219456
7280 1089224.2580086715
7293 1089379.9007874541
7299 1089632.9366387455
7307 1089840.1300092679
7309 1090172.9919276766
7323 1090404.4429258616
7326 1090543.1156463528
7327 1090774.5630808768
7334 1091672.3986686261
7353 1091955.1400318115
7364 1092928.7582086960
7388 1093107.8659919279
7400 1093338.9542217976
7412 1093845.2712967910
7417 1094220.3279368237
7435 1094281.6352681220
7438 1094726.6400483756
7457 1095071.4465760605
7470 1095914.0988405917
7483 1096185.6106170102
7487 1096198.8418873625
7490 1096209.7846486862
7492 1096784.8463963068
7505 1096807.1113666152
7507 1097225.5683866008
7525 1097432.8787562815
7528 1097721.4300705341
7532 1097845.1767150096
7536 1097936.9273089694
7537 1097967.7067808602
7542 1097975.8105067413
7551 1098108.2513066952
7552 1098900.8694122394
7566 1098920.2544841154
7567 1099009.9490275162
7576 1099443.8072597946
7584 1100197.4917386342
7591 1100494.3475298123
7598 1101392.1090613923
7608 1101665.6231376142
7613 1101726.0817654834
7623 1101899.4285717595
7624 1102035.6198101051
7656 1102331.2990502892
7660 1102838.6060676218
7686 1102991.8877315673
7687 1103224.7649802691
7691 1103285.1108022092
7697 1103617.2081766608
7700 1103635.1787435410
7701 1103933.9623626389
7717 1104392.7012910866
7723 1104608.9823029155
7724 1104691.4837035304
7732 1105366.4997970555
7741 1105665.2767142209
7757 1106103.0987749030
7782 1106224.0013152806
7784 1106522.4322616905
7788 1106936.4543669748
7799 1107309.7078036205
7836 1107356.3101336465
7841 1107470.9633832031
7847 1108406.2168437708
7866 1109074.1220523703
7901 1109149.9551207509
7926 1110147.6085715629
7939 1110654.3684909383
7958 1111028.0698359048
7979 1111100.5225193864
7984 1111865.0263597334
8059 1112353.5451981009
8062 1112663.6060771630
8076 1113152.1171974880
8088 1113616.0714269099
8094 1113754.9376460004
8114 1113755.5721719370
8131 1114230.5090283642
8151 1114238.5153710062
8159 1114443.2951549890
8170 1114445.4106944085
8180 1114453.4099707433
8183 1114542.9703797372
8188 1114658.1906859330
8200 1114795.2040002213
8214 1114976.5812268357
8228 1115075.4858204292
8232 1115183.0977605528
8241 1115318.3598537266
8249 1115321.0240780218
8252 1115433.5898564237
8255 1115492.1020274255
8257 1115885.4156434441
8269 1116236.3545230764
8275 1116472.0689457513
8279 1116879.5701752515
8291 1117005.7483185579
8311 1117294.0586604991
8315 1117473.1729002753
8340 1117761.4751152201
8349 1117822.6470819663
8362 1117976.6301787661
8391 1118059.2179284708
8392 1118391.3912073669
8396 1118674.9519944694
8418 1118701.5377171400
8431 1119353.9696749023
8440 1119508.2837368189
8451 1119757.2536579971
8459 1119944.8843459669
8460 1120202.8685695408
8462 1120389.7161663701
8466 1120450.8522323244
8477 1120917.6477275051
8486 1121042.5287777481
8491 1121103.6491250093
8496 1121108.2467641910
8505 1121809.1743950474
8507 1121870.2966959246
8523 1121909.8878523852
8537 1122495.8524166157
8566 1122581.4309892352
8577 1122736.1359123541
8593 1123134.1401475042
8612 1123239.8898411025
8614 1124227.2851612826
8622 1124532.7287631321
8642 1124962.5992671414
8688 1125838.8900892064
8722 1125938.2710032861
8742 1125949.3790787666
8744 1126308.2495093045
8751 1126468.9161321216
8778 1126826.7850996514
8779 1127129.5474005181
8782 1127240.0155489706
8796 1127542.7771674031
8801 1127811.8389895917
8816 1128129.9760513357
8821 1128554.6252103900
8851 1128957.0665404149
8852 1129370.2847559326
8874 1129822.5085190625
8899 1130668.6300056006
8908 1130874.6811160794
8915 1130974.6662955731
8924 1131290.6573944865
8932 1131499.3488626115
8937 1131874.4894634304
8940 1132171.9589059798
8963 1132234.6209633844
8964 1132347.4744576062
8968 1132466.9280544580
8974 1132920.8034028180
9006 1133610.9601257262
9012 1133834.5853150550
9016 1134136.5632463382
9029 1134608.2368873411
9031 1136551.1480018245
9058 1136786.8256835120
9080 1136800.1452707560
9092 1138341.1925409248
9118 1138479.4446028920
9148 1138991.9045373939
9158 1139087.0604559525
9159 1139237.4652070149
9166 1139299.6486996429
9188 1139463.9598380546
9190 1140648.7423501713
9237 1141247.3298075013
9243 1141348.4146607285
9252 1141353.3582116307
9254 1141481.9514874942
9257 1141629.1626222078
9260 1141718.0890908246
9266 1142126.5650412785
9288 1142602.3766548801
9300 1142778.8124371504
9309 1142810.3963692442
9313 1143381.4284186312
9323 1143946.7958730317
9341 1143955.8308226783
9353 1144333.2552132430
9365 1144431.7367822542
9376 1144468.3378132216
9387 1144731.9163218318
9392 1144907.6393091492
9408 1145184.9051934080
9417 1145741.1207962348
9446 1146139.6878299082
9455 1146378.6750214936
9473 1146937.9928724272
9495 1147050.0217915915
9505 1147584.6431548495
9510 1147856.8609580016
9519 1148503.5024161586
9562 1148541.5210996794
9564 1149084.4679025023
9569 1149944.0693097366
9590 1150385.1474670630
9592 1150985.7726844396
9614 1151344.7856947582
9627 1151538.6604742859
9633 1151644.2950459945
9634 1151893.7444840504
9644 1152022.3538008837
9645 1153042.7606949415
9666 1153124.2051673313
9667 1153565.2710075241
9678 1153970.9279920773
9699 1153985.0178117894
9718 1154839.3283832972
9760 1154972.9189839535
9763 1156071.3814312732
9773 1156427.9340157495
9777 1157004.7619914897
9791 1157085.2034157184
9792 1157111.2766387584
9798 1157444.8986412173
9807 1157766.6131256407
9821 1157849.4344006781
9842 1158495.7789343719
9844 1158553.5443044980
9849 1159218.8578825810
9872 1159665.4922387959
9886 1159931.9922196292
9895 1160186.8041674870
9911 1160514.3913583627
9952 1160750.1782364165
9968 1160750.8965758458
9990 1161709.8608137278
10006 1161728.6193116463
10010 1161709.8608137278
evaluations raw_y
1 678053.0154928183
2 697099.9713321350
19 697438.9422185662
21 706420.6535106172
29 708016.5678370472
31 709384.1984758539
35 709691.4652148625
40 709812.9854239399
43 712739.4508048178
44 712904.5332253239
45 713654.8958769175
47 713710.7581376842
52 721619.8779215085
62 721727.1953367045
66 722241.8438046259
72 723160.2826236465
73 726069.5292140539
79 731168.8681295749
94 731653.9669650577
102 733080.5195868397
113 733330.1537277380
114 734054.3945618684
119 734215.1349613832
123 734579.7264185807
125 734613.7946199183
126 741545.7056487838
142 741818.0365999721
152 742020.8198155278
156 743539.7397635120
159 744641.0683108311
177 746327.7544704946
185 746776.6345559448
187 747011.0143742539
190 747801.9330826643
202 748096.6906663543
205 750397.2782246785
221 750440.6598671105
229 751498.9143967428
245 752668.1230033782
252 753331.1405831994
264 753579.9101500708
269 753924.0993529905
279 754428.1598384940
283 755002.1676817518
294 755065.5738094330
301 755526.8879199584
316 755786.7965113858
329 756304.3163106436
336 756546.4828229195
337 756787.5265904493
343 757432.5154185380
345 758342.0262334815
361 760198.2266125614
372 760422.8788990699
375 760511.7137479410
380 760526.9332353722
381 761130.1892313842
388 761863.9053439763
397 761901.2834607455
398 762521.1295811029
401 762753.1588214530
408 763177.2201641625
409 763594.8113140491
420 763769.8075624779
433 764513.4503508090
439 765445.0632432009
442 765598.6226779664
455 766009.0807876561
462 766461.3356570099
479 767492.9451773630
501 767822.6678657739
504 768515.7211731026
514 769514.6668214807
516 770408.3370692945
542 770727.3738152640
550 771130.4995186102
556 771231.2202931994
567 771424.5187879121
570 771425.1590374199
575 772009.4992201934
579 772957.9940446790
586 773022.7824988251
597 773300.8584134813
603 773528.2036027522
609 773607.7580298377
616 773835.0964746784
626 774608.7289067777
647 774776.2834039549
651 775081.2731104827
667 775142.8790923376
679 775336.4750288251
680 775743.5115309100
682 776277.6591428748
698 776449.1528532063
713 776458.8194334008
716 776720.0395374758
724 777239.5210684298
743 777320.8382884515
745 778507.2947289940
762 778850.9421040975
765 779243.4578791724
767 779319.4789698992
773 780842.9563170988
777 780847.8138452667
782 781199.9524837263
785 781304.4442921398
790 781772.7300466188
802 782447.4338875386
819 782572.9569326534
823 782755.6629976283
827 783634.0259500594
835 784526.3350817887
851 785204.0911400566
858 785722.5531369725
873 786215.7414887684
876 786735.3207490316
883 787991.3982887786
887 788314.2442411794
889 788520.3978976335
903 789077.7635806487
929 789686.1454497445
934 789845.6021844789
936 789985.3664012264
937 790768.3896925759
947 790820.2240277851
961 791736.9088132166
974 791755.5554952201
975 791904.5279978510
981 792571.0440330338
988 792655.0232518492
999 794173.3384354457
1012 795140.9392855698
1017 795973.8769604992
1034 796057.8439365191
1044 796629.6755724024
1055 796975.1824710275
1066 797075.4068766782
1067 798633.9441765107
1080 798714.8585862559
1087 798880.6677449988
1092 799162.4747785886
1094 800282.5004559607
1125 800376.5772794952
1136 801092.6943200926
1153 801730.8578274499
1155 801809.0159278206
1158 802447.1718846791
1170 802641.5154177205
1178 802844.4625106825
1187 803193.4934556797
1194 803414.1663177717
1196 803637.2242899451
1200 804594.0111520751
1205 804712.5400574852
1211 804813.1952766383
1221 805119.5903428341
1232 805729.7012039997
1253 806421.0034092697
1264 807174.5620637587
1267 807364.0563114911
1277 807678.6739672974
1280 807784.6695381978
1283 807883.4909879717
1284 807961.3403857346
1287 808542.3473818434
1289 808689.7713826639
1302 809207.5217874129
1304 809514.9854845194
1305 809758.4200063199
1309 810014.5388688005
1310 810610.8853910025
1320 811449.6668738840
1321 811544.1115797370
1323 812044.5875459821
1338 812364.2094891412
1341 812431.9583521120
1355 812836.3490933254
1361 813581.0282090240
1380 813746.1252759577
1385 813964.4636188078
1386 814188.6226795778
1388 815112.3507135620
1390 815255.5677508319
1391 815265.2333520998
1392 816565.1793418596
1395 817115.8711365317
1400 817319.9843158048
1416 817535.4101396484
1417 817825.1892786010
1439 818076.9098212622
1442 818573.3890007590
1451 818696.6841608861
1461 818854.2759175418
1465 819094.4700559198
1474 819757.1216416120
1476 820252.6516934119
1496 820565.7364181757
1500 821066.1536416855
1506 821295.3941736738
1508 821454.8736392605
1511 822728.5170399632
1524 823245.9158391660
1527 824058.0820559474
1535 824307.8319298953
1542 825634.8349858570
1563 825950.7460378592
1574 826089.4053476122
1581 826364.8234368770
1588 826527.3960110300
1592 826834.4811664247
1596 827279.7108570806
1604 827645.2116680451
1607 827912.5968300119
1616 828634.7027275991
1618 828646.3576992338
1620 828696.2514646772
1631 828960.0103708884
1638 829017.4325736994
1646 829026.3609583045
1648 830541.4239295769
1681 830610.0848839714
1684 830664.6056727378
1685 831339.8251040245
1686 831398.1441424761
1703 832392.5811543182
1712 832851.8276749135
1740 833127.6663089313
1749 833463.7669854601
1750 833647.1738912548
1752 834240.0531789007
1754 834333.7677828299
1764 834520.2850141651
1771 834550.8540098787
1784 834831.0856704648
1793 835365.6443971262
1808 835574.6943461263
1819 835936.6982381479
1823 836149.7936784402
1825 836329.3696476688
1831 836720.8461778155
1841 836904.5242775986
1850 837455.7133156332
1853 837635.2874722773
1861 837945.9550334854
1872 837970.5302217401
1877 839536.2179510038
1887 839899.4809086173
1896 840162.5365188090
1899 840576.9061249149
1905 841126.4611048187
1907 841156.1545702997
1912 841340.1635658428
1915 841406.2151697205
1921 841506.7145715242
1924 841518.9428923960
1926 841749.2695810333
1929 842095.7130013761
1938 842941.7740892003
1949 843156.8794822986
1960 844357.5420657686
1985 844604.8729311522
1989 845074.9407122548
2001 845298.3634265831
2005 845628.8872352914
2017 846263.0812549825
2029 846814.7956849613
2050 847133.6716963432
2051 847440.2839228620
2052 847590.9680778761
2055 847675.7536485075
2059 848135.0121059751
2066 848845.7985537251
2068 849164.6709274368
2092 849211.8588068821
2100 849446.1439166965
2107 849660.5340783243
2116 850025.6236223634
2121 850411.4900957175
2131 850585.3460476036
2143 852274.7267787794
2147 852345.5023926322
2148 852847.5329051760
2149 853580.1228604342
2168 853636.9754441368
2169 853807.5257702579
2170 853900.7038324004
2177 854695.1441422871
2190 854824.4504933853
2200 854854.7117405464
2203 855125.2796426647
2208 855570.2029021820
2217 856433.2627699643
2230 857105.3779475151
2242 858350.7369971790
2256 858895.2029953764
2269 858943.1101047053
2280 859324.6163896775
2283 859769.8692272453
2301 860867.9593435004
2310 860871.8022799158
2311 861332.2882471508
2329 861456.1277403313
2337 862021.8748543325
2350 862267.5995000377
2359 862801.4139206148
2368 863310.2042772640
2377 863664.4913084204
2391 864595.7646592022
2408 865667.6490306504
2417 865924.4546098561
2432 866454.6864383714
2436 867141.1271624611
2442 867766.4099128471
2446 867965.8309817478
2453 868617.3538286958
2461 869187.7974973845
2483 870972.6115244831
2499 871483.5647938978
2538 872636.2236288745
2548 873400.8848219168
2567 873879.4614952925
2569 874417.8645833068
2579 874654.3183577383
2582 875138.6797599052
2586 875206.2174437728
2589 876067.9936871142
2603 877465.5686286314
2617 877946.7572571614
2638 878031.0137253080
2641 879250.5437405037
2665 879822.2708616100
2670 879853.8204385426
2681 879858.6567413105
2685 881345.7994682599
2690 881476.3244497206
2702 881671.0743624183
2707 881854.0539474633
2715 882196.8131644725
2722 882294.7738666753
2730 882312.0268340022
2736 882657.0262652269
2740 882779.0464724828
2743 883166.7088205620
2746 883371.7504135444
2757 883516.5393402913
2760 883779.7373245556
2765 885009.7097382336
2787 885419.5334025412
2791 885860.1707753369
2799 886725.7609132417
2820 886765.7362519909
2821 887011.5901596310
2826 887361.5351781475
2830 887409.3642416144
2835 887922.6568246927
2844 887948.9822083105
2852 888093.9535120906
2862 888682.8447802525
2870 888869.5578371782
2874 889858.1550027886
2877 889874.6250516810
2904 890571.2114367987
2923 891012.5849910186
2924 891106.3279959890
2933 891394.2457475537
2936 892852.2946349597
2944 892868.7938218515
2953 893819.0168618001
2972 893856.4252772174
2973 894460.6988913877
2979 894551.7362891468
2981 895650.9230508573
3022 895887.5200154356
3024 895985.1600901170
3028 896032.4861301634
3029 896248.7288772716
3030 896609.3031080839
3050 896778.1790357659
3061 897102.5573783207
3074 897470.2233955155
3083 898145.3785197319
3088 898611.9543127276
3105 898616.8255779184
3107 898753.0091998761
3108 898914.3066380641
3111 898982.8785280643
3112 900584.4847146756
3122 900750.3466953645
3134 901258.2712768948
3153 901575.7646827282
3167 901582.1138555881
3170 901608.4281559133
3172 902060.9473658651
3177 902098.1309615918
3184 902206.9712531283
3199 902503.9594797762
3221 903389.8152770833
3226 903474.5739250549
3237 904057.5910754106
3243 904110.3188828167
3244 904757.6871593858
3246 904921.9808441420
3259 905043.1005556193
3261 905289.6951882690
3263 905517.4090201542
3266 905734.9038682054
3280 906408.4804459055
3289 906583.6189270967
3291 906593.2834019747
3297 907796.7636625334
3312 908380.6064875659
3319 908388.7394517622
3327 909236.9864695341
3343 909918.6090102296
3348 910622.6197504228
3355 910858.6941109315
3364 911478.9686608829
3366 912082.1182314317
3409 913441.7255375858
3443 913923.5724608348
3452 915093.1072157900
3457 915574.9435014144
3473 915666.7613456446
3477 916187.2274559471
3479 916405.0493896928
3485 916423.2933752364
3494 916797.8433956070
3496 917015.6649780817
3501 917536.1304927684
3512 917753.9507659789
3526 918421.8039434192
3530 918582.4109180315
3545 919032.4468415483
3549 919192.6764295785
3553 919265.2896373277
3555 920537.8193450930
3585 920582.4289063932
3588 920822.1209355866
3589 920986.2620599290
3593 921597.3305290426
3594 921825.6242603232
3603 922181.5151236161
3605 922995.2126467263
3621 923124.5598482298
3632 923352.8409129541
3634 923409.6237443323
3651 923910.6075015063
3656 924064.4880131443
3666 924069.6214366714
3667 924121.2707679237
3668 924193.5134563509
3677 924781.2688110648
3678 924861.5242765653
3693 925067.4005156765
3697 925411.0348813918
3704 925519.7229051172
3747 925897.3772302291
3749 926447.9989281803
3766 926763.7210757135
3782 927340.9778374081
3786 928972.8437691448
3787 929020.0841485878
3817 929155.0068433969
3825 929419.9023209267
3836 930499.3133997412
3858 930526.6440873024
3859 930593.5067825234
3860 931037.8802575219
3866 931363.1887078399
3869 931400.4456551404
3874 931458.8072390433
3880 932613.4423476649
3884 932680.7600904114
3889 932999.5246929576
3893 933167.7458983067
3908 933668.5356859177
3914 934690.8882868662
3931 935898.0489193042
3937 936758.3510282980
3954 936920.4933223026
3959 937134.8138838407
3963 937677.1292878459
3982 938355.9520221577
3999 938996.5870996430
4028 939329.5052958938
4029 939400.3349021266
4030 939707.9811522955
4033 939950.5591396423
4035 940697.5616326419
4050 940730.0296969636
4056 941200.1981824443
4067 942090.5072557930
4075 942602.4328071749
4097 943080.0860015423
4101 943619.7306184528
4119 943775.1698823909
4128 944147.1774206120
4129 944424.0118853928
4130 944468.6914888782
4131 944658.9316283328
4140 945031.1180548746
4145 945117.5323563770
4150 945120.6686094876
4164 945372.5187587349
4173 945814.1887082532
4189 946466.1629579311
4202 946661.9655815450
4205 946681.7300400590
4208 946917.8958436491
4220 947006.2590611689
4228 947527.4888688420
4257 947812.4008878972
4263 948243.7435838261
4268 948246.0153733293
4281 948480.0803880565
4283 948600.3250647377
4285 949380.5544014947
4295 949626.6746482810
4303 950293.9161191041
4308 950409.2674900049
4314 950886.1313514470
4319 951295.5183255705
4322 951479.8992813877
4324 951651.1306663320
4337 951672.4595895488
4341 952403.4787674143
4342 953772.9455620225
4370 954176.9049799877
4373 954230.5401622849
4379 954908.8090910489
4383 955348.7588391325
4393 956172.9925820983
4400 956749.1182811374
4416 957303.5594647200
4421 957558.3249780355
4433 958352.7939426875
4448 958639.0453957255
4468 959780.4753581272
4481 959995.7734646305
4486 960713.0710070673
4493 960919.3508344674
4512 961071.7805654254
4522 961247.2942764388
4523 961583.9028498805
4525 962023.3468423417
4528 962149.3246449771
4539 962526.5704528425
4546 963714.8587202274
4576 963871.7283684277
4577 964821.9725382279
4579 964880.0339109892
4592 965375.1297940781
4594 965447.4411854822
4596 965703.8112253575
4610 965854.1581441596
4612 965948.5959306693
4614 966553.6267688185
4616 966654.1240097519
4635 967261.5932203647
4639 967472.2319854115
4644 967613.8364037083
4648 967802.9960379003
4656 968383.7879205156
4666 968388.2265943614
4670 968910.1581951395
4692 968928.1074113018
4707 969045.1336844172
4709 969637.2076033012
4718 969958.9577170182
4723 970225.8994784100
4728 970452.0380170876
4731 971064.5527061261
4742 971797.3724696980
4749 973498.5079864979
4762 973680.6992162325
4769 973822.9667212067
4779 974201.7895702461
4782 974361.6046017039
4784 974664.9654553400
4785 974926.3475522549
4789 976528.2150826077
4808 977118.5967159841
4825 977626.5682007603
4845 977697.9090976181
4850 977848.0518811819
4856 978030.1842913883
4863 978444.0211553833
4875 979232.9712546319
4890 979753.2036385757
4922 980407.5308638827
4939 980638.9164202629
4943 980841.5942014718
4951 981564.7547850526
4973 982421.1160922454
4980 982740.6322895206
5001 983716.0977184251
5009 984551.0347070836
5020 984604.5377227805
5023 984787.0537328395
5028 985023.2027099694
5038 985430.2912008739
5050 985520.1405232005
5054 986940.2933583792
5071 986983.9073295353
5081 987608.3973963966
5082 987629.4271569669
5086 988133.7861366312
5100 988541.3189196922
5113 988552.0431575979
5117 989257.3902511196
5118 989274.0482375807
5124 989471.4419295753
5130 990446.7293678640
5159 990770.0181346292
5163 990985.3715018365
5175 991096.2472649029
5177 991527.6580187189
5183 991586.0355722595
5188 991984.0993728912
5191 992128.3175081979
5208 992555.0488725362
5227 992654.9907807917
5228 992961.8798256537
5237 993098.6457191227
5243 993355.4265296354
5246 993362.1657599943
5257 993610.3321668701
5269 994244.6522193153
5270 994559.8085623868
5278 994942.4288037196
5279 995058.3635329691
5286 995170.5079737104
5291 995736.7678024356
5308 997351.0543757463
5327 997748.2267201840
5333 997974.8398705414
5340 998345.7007829777
5350 999245.2091042795
5351 1000043.8688652542
5367 1000335.7235364208
5379 1000658.1152680460
5389 1000869.3631968675
5420 1000887.0854656775
5429 1001069.0856083019
5432 1001853.0408346237
5437 1002100.4496966266
5445 1002983.9707582674
5454 1003437.1966792732
5489 1003860.8802340382
5500 1004167.6384889858
5505 1004260.4826481047
5507 1004640.7608450745
5511 1005150.5817253129
5521 1005657.4725869078
5524 1005716.5077874303
5534 1006228.9951779918
5547 1006440.2260921864
5559 1006480.0326640251
5563 1007329.3244675272
5580 1007408.5597118265
5585 1007456.6920684647
5586 1007596.6191109567
5587 1008567.7316905186
5613 1008690.4674332195
5618 1009593.7923616555
5627 1010333.6586172018
5654 1010457.6731789678
5663 1010757.2223936374
5674 1010824.2311026464
5688 1012388.5337711254
5713 1012752.8849574401
5720 1013744.5670699872
5748 1013818.8140084732
5764 1014129.7784377417
5766 1014184.3091177605
5771 1015229.1559273060
5814 1015287.2815928524
5821 1015413.9592909082
5822 1015766.6812815598
5829 1016175.3215039495
5830 1016260.1614257144
5842 1016301.9929839335
5850 1016401.9627185041
5855 1016655.7307526403
5856 1017415.0106687733
5883 1018252.3479897839
5894 1018475.0185096685
5905 1018914.7492062566
5921 1019087.5569826908
5934 1019493.0261540214
5936 1019665.8324628394
5944 1019676.9973267382
5949 1020004.6323238938
5967 1020013.5971232520
5972 1020765.8834961973
5973 1020811.1909455942
5975 1020953.9522302824
5985 1021351.9623018960
5986 1022331.4958666615
6021 1022746.2096663195
6022 1024255.1733597582
6069 1025428.5652990743
6093 1025491.9934947044
6109 1025514.7956352835
6111 1025858.5584138364
6122 1026171.5287836192
6150 1026362.0927184672
6152 1027045.8077613194
6158 1027085.8218239620
6165 1027908.0011909825
6193 1027948.0125673860
6201 1028188.3836996981
6228 1028478.8088574327
6244 1028991.8288776928
6247 1029745.7797208850
6268 1029754.4914594756
6273 1030612.3894443295
6284 1031473.6024218695
6296 1032356.9330188021
6299 1033094.1408920554
6328 1033175.5617828985
6334 1033304.0895920544
6337 1033579.8438122482
6340 1033901.4179020000
6345 1033902.2879040894
6346 1034028.8339351239
6347 1034041.2982631488
6354 1034721.8413911689
6357 1035232.6968234167
6368 1035944.7226709486
6377 1036555.1683655283
6399 1036566.5508936004
6408 1037277.0955162148
6424 1037626.2989599661
6431 1037950.9459496557
6438 1039139.7040715556
6463 1039825.6560074649
6477 1039920.6921945268
6478 1040274.1216868793
6481 1040335.5636430373
6484 1040616.4942889378
6493 1040957.3931782643
6502 1041405.8598879318
6518 1041910.4527501920
6527 1043270.3100537555
6558 1043376.4893781407
6563 1043383.6945416756
6572 1043628.3307063954
6578 1043661.9228999545
6581 1043685.6429380398
6584 1044043.6669750084
6590 1044069.5349627817
6593 1044406.3328905229
6603 1044938.3184280454
6606 1045242.6587247598
6614 1045342.3766473737
6615 1045771.3348145708
6627 1046718.7441864044
6658 1046862.9596396891
6665 1047221.3867893901
6669 1047365.5995283014
6670 1047393.1264942852
6674 1047907.1496724781
6687 1048141.5369186803
6690 1048409.7844195480
6696 1048534.3518666667
6698 1048830.5489186698
6722 1048964.6788228757
6725 1049260.8684293579
6727 1049781.4100476303
6733 1050077.5887995341
6743 1050261.7659274910
6744 1050834.7612965582
6754 1050908.0058456187
6760 1051093.1610255323
6766 1051315.1148588269
6770 1051605.8936026471
6779 1051751.3905997421
6784 1051817.4267799186
6789 1052036.4557224680
6800 1052278.1809995857
6840 1052319.2823061962
6842 1052475.5170813063
6846 1052886.9547306774
6862 1053296.3612710235
6871 1053961.0629571660
6876 1054044.6260909899
6884 1054081.9682283027
6886 1054132.5118124359
6895 1054159.8846276652
6906 1054424.2307567929
6907 1054435.9273896234
6914 1054880.7720680574
6921 1054909.3861684457
6927 1055079.8787021248
6943 1055245.2940629895
6946 1055371.5770655544
6978 1055627.9180958264
7002 1055800.5533214058
7007 1055858.5367146321
7008 1056443.4923113224
7012 1056595.6907984472
7028 1056826.3060794240
7038 1057381.0943826649
7043 1057625.5877220081
7060 1057687.7132676935
7062 1057988.5757125746
7083 1058712.9461514445
7093 1059344.0352324443
7104 1059375.6133087252
7111 1059385.9078460091
7118 1059576.8861562016
7130 1059794.1700313154
7132 1059803.8329177189
7135 1060016.9923170463
7137 1060587.0284009259
7147 1060814.5263821129
7162 1061109.5212532606
7166 1061388.5932600524
7173 1062041.6891703771
7205 1062783.2247925510
7218 1062923.6121697153
7227 1063170.9077202498
7237 1063484.0716269033
7248 1063495.4241496492
7250 1063944.3474294669
7261 1064030.3642685832
7275 1064476.6378515812
7302 1064567.2382111636
7309 1065289.6311530017
7310 1065468.1227074503
7321 1066229.4822064794
7334 1066714.8001009282
7355 1067113.0080889089
7390 1067684.3084412417
7407 1067705.5183685760
7408 1067746.8309485514
7411 1067931.8550661036
7414 1068056.0767343510
7417 1068446.1028637972
7422 1068476.1145583573
7424 1068866.1420569182
7430 1068869.2474238982
7431 1069239.0523092118
7444 1069250.4070637578
7451 1069434.6259441320
7457 1069882.7285358310
7468 1069890.7165746195
7474 1070108.9878539667
7475 1070153.2022671923
7497 1070390.1217558342
7504 1071030.7789070380
7522 1071224.8644609789
7541 1071398.3152836775
7548 1071450.0343295378
7558 1072839.5902575946
7585 1072880.7890672884
7591 1073519.2465506739
7612 1074293.6634229107
7627 1074432.4773699681
7628 1074559.3283095525
7629 1074838.3720584151
7649 1074851.7955857182
7650 1075267.1408229996
7661 1075465.4816936958
7664 1075590.6156532199
7665 1075750.7483710337
7668 1075880.3924452832
7679 1075935.0868894858
7680 1076436.9680796042
7703 1076831.6270547854
7711 1076891.0739872279
7728 1076910.8299701663
7736 1077233.1483616680
7770 1077678.7035146544
7771 1078336.5612499637
7799 1078640.3096009924
7800 1078677.9526172169
7802 1079015.9467473726
7809 1079328.4262668153
7812 1079648.2808429352
7813 1080361.9023103584
7814 1081308.0455906703
7830 1081718.8127744670
7857 1081870.1421053638
7858 1082338.2591791837
7868 1082684.4292084004
7878 1083251.5130423852
7890 1083303.8697609063
7905 1083775.0714316180
7918 1084644.0819424018
7937 1084858.1833070733
7943 1085244.2074994552
7945 1085617.7247040027
7950 1085622.4952380676
7959 1086596.1315999443
7995 1086664.8747753664
7997 1086752.1290751316
7998 1087098.3123022246
7999 1087136.1968788600
8002 1087582.1856438012
8015 1087857.8629234144
8028 1089153.9622390755
8066 1090055.1838914684
8073 1090096.6213636626
8078 1090238.9549544551
8079 1090271.5359422630
8088 1090350.0999430418
8093 1090391.2169792592
8095 1090391.5371797248
8100 1090566.1292212335
8111 1090676.2632179591
8113 1091171.6688065969
8124 1091314.0017812438
8139 1091449.4883888094
8141 1092153.1744638311
8157 1092319.1855814504
8170 1092534.8906795976
8176 1092793.6719097614
8178 1093160.9615871138
8187 1093171.9295657575
8188 1093783.5853027089
8199 1093840.3377473310
8200 1093993.3833430782
8204 1094334.2347387234
8216 1094462.9575292408
8224 1094816.3755445813
8250 1094854.5768569093
8273 1094926.8574818932
8283 1095815.5996110733
8288 1096403.7765825943
8314 1097093.5630266818
8321 1097315.7898973760
8322 1098276.7832724787
8336 1098499.4301972478
8371 1098867.9722502430
8382 1098898.6710866205
8388 1099314.6094227417
8392 1099510.0360817537
8421 1099675.8578483767
8422 1099928.7674592305
8427 1100059.9398405089
8432 1100144.4877280938
8445 1100917.0641910960
8454 1100949.6185903947
8466 1101607.8151371875
8476 1101774.3583788541
8492 1101842.4464588296
8510 1102044.0155237149
8540 1102080.8849480259
8543 1102379.6988557209
8546 1102581.2536388244
8557 1102830.6097638390
8564 1103024.5213628411
8568 1103380.1877424889
8570 1103575.2965024493
8578 1103863.4376538063
8579 1104003.3512404361
8587 1104035.7498127553
8593 1104273.9429264108
8594 1104413.9107853894
8599 1104417.7704511127
8610 1104418.3952479595
8616 1104676.2513378488
8619 1104987.5314436615
8621 1105942.8157214932
8646 1106006.7911290035
8654 1106191.4527895604
8662 1106642.5743478246
8663 1106661.7629748287
8671 1106851.3918192761
8672 1107485.4219904367
8704 1107838.1506251765
8733 1108273.3628589541
8744 1108780.5839925024
8753 1109280.1835473110
8781 1109289.9552404708
8785 1109595.6295375936
8786 1109848.7351777132
8790 1110070.8498068769
8795 1110658.8237505869
8806 1110880.4382527045
8814 1111008.3217662056
8823 1111427.3901924430
8832 1111620.9040665589
8843 1111837.5969395866
8844 1112269.1149739730
8847 1112287.6023553028
8849 1112639.8686338235
8854 1112922.3893841156
8867 1113143.9974228546
8871 1114007.1021746688
8880 1114087.5441908091
8886 1114095.8956720519
8895 1115387.2542983824
8917 1115533.2945797492
8927 1115835.4564612408
8930 1116218.2888414522
8951 1117026.4747915373
8967 1117094.5394942558
8971 1117484.5317278393
8973 1117660.1730047856
8983 1117660.7341957514
8984 1117880.4287635344
8990 1118207.1762623664
9025 1118219.3643655689
9031 1118299.7714435409
9032 1118958.7978674474
9044 1118961.2780598961
9050 1119021.9563091891
9057 1119238.8782211938
9065 1119535.9268525054
9067 1119813.5108137052
9079 1119848.3309654263
9082 1120194.2317116286
9102 1120706.1522504867
9123 1121084.5633479382
9124 1121367.7623108113
9134 1121442.2372300511
9137 1121945.6096922529
9143 1122634.5257174356
9174 1122648.4914296309
9184 1123439.1534930423
9196 1123911.1536471709
9213 1124482.5247653790
9220 1124552.8935654040
9239 1125432.5396179582
9248 1125468.6914254436
9255 1125758.0805853717
9292 1125875.3267041154
9302 1125945.6891577754
9304 1126274.2768146507
9317 1126532.2478110404
9325 1127048.7757346854
9354 1127302.6871051658
9360 1127994.0489533485
9365 1128663.9064006251
9393 1128721.9332148277
9398 1128874.7131672660
9418 1128878.3476122089
9426 1129369.8981039317
9453 1129371.9889480784
9454 1129814.6900769689
9457 1129816.0110626775
9483 1129906.3415604683
9490 1129934.4503322004
9491 1130228.2502090051
9509 1130992.5676673488
9513 1131226.6014694250
9520 1131433.7204969209
9522 1131574.3922563051
9560 1131910.0893364847
9583 1132323.1020755956
9596 1132551.2360088734
9622 1132835.5300371367
9624 1132897.8019912567
9639 1132922.9810408878
9646 1133401.1500430647
9653 1133503.1796163972
9667 1134065.8471690896
9673 1135053.8685572743
9684 1135404.8167532620
9723 1135603.0157415313
9732 1136038.1835778519
9743 1136236.3686200948
9745 1136252.0455621139
9754 1136553.5304407384
9756 1136624.7193278361
9759 1137064.5416476752
9781 1137266.5492448010
9790 1137611.3479835303
9795 1137751.7951162702
9797 1137918.0000640473
9820 1138211.1464909038
9822 1138393.3397814382
9829 1138429.5449027924
9830 1138552.5301175553
9832 1138686.4870044601
9834 1138826.9314496815
9848 1139074.0457313810
9855 1139443.2710850814
9862 1139579.1776412779
9883 1139743.5845221120
9892 1140141.5701453495
9895 1140282.2250679813
9899 1140766.6833034181
9917 1141394.0907127748
9928 1141427.5927170862
9933 1142159.1562567330
9950 1142385.4643303526
9955 1142519.1223447232
9960 1142861.2202534382
9961 1143014.2024639803
9977 1143416.4622073213
9998 1143642.7437333411
10003 1144436.6870684051
10010 1143374.1685311045
evaluations raw_y
1 695899.9495959013
7 702746.8527580699
17 711091.7677986425
29 712677.9502917606
41 715708.9468987504
58 727839.8892167120
67 728828.0476320130
72 738316.3593345974
98 743194.1520894286
106 744367.7446154190
117 745972.1419702563
125 746144.0325679942
127 748350.4828985996
150 749725.8139351815
158 750346.8088185124
169 750976.8597960131
171 752454.3914746899
199 753398.1305888798
203 754434.4240358839
206 754894.8609883609
212 755158.9270049440
216 755429.2990445144
218 756134.8772301545
220 756390.6684429736
226 757564.0128680249
242 758562.2549970198
248 758766.4708873481
265 759820.0620884643
273 762182.2827059511
274 763058.5120096160
284 763720.7873920297
289 764130.6390852709
312 764344.9051460836
317 764810.6826905746
324 765104.1273911473
334 765230.3082619208
343 766626.2850533297
352 767049.2282478483
366 767634.2604534973
367 767956.0324458756
377 768874.2308707281
386 769221.8222863231
394 770541.7432813904
402 770752.8294237214
408 771612.7266846413
413 772059.4267976539
421 772183.6208976443
430 773063.4330956112
434 773281.0471188767
438 773924.5554474852
444 773959.0829813652
457 774205.6006878067
461 775101.2503054922
469 775138.9484371665
484 775261.0259087015
486 775808.4371908180
491 776028.0012133549
501 776227.3477564361
510 776293.0532013667
514 776478.5126141298
515 777082.4734406031
519 777319.2526747244
530 777342.1328425248
542 777552.1532667078
546 777585.9784314149
553 778231.1385604617
564 778268.8743985777
568 778645.9409780228
574 779755.4134496088
588 779885.0454395079
589 780355.5859250192
594 780703.4851722800
604 780770.4697586808
608 781313.0574792789
616 781709.0698600424
627 781776.0493743264
635 781988.9082230569
638 782468.3535381630
640 782795.8484550469
649 784131.3769423616
659 784972.8588294074
673 785062.5306546750
688 785361.5847966362
701 785519.5207838382
714 786024.9828859215
715 786123.9977175059
721 786229.5391162643
726 786361.3931300582
729 786899.0240816082
731 787239.8261658911
739 787338.1650417852
741 787471.8152197116
742 788333.1681407966
745 788916.8191518927
753 789220.3978790931
757 789296.7929003473
765 790584.1021300560
790 790994.6423587102
793 791481.9705783920
794 791666.9795508484
799 792408.4863599972
814 793205.1072441129
836 793821.6812812380
838 794006.0892102309
842 794031.1333338886
849 794098.1051646103
852 794205.2723050847
853 794453.4885913837
856 795559.1173208894
860 795708.5049872333
868 795999.6206644467
869 797360.1138849275
875 798315.9467571600
903 798500.4228264341
905 798654.6814749851
911 798658.0913425655
912 799459.7100123471
915 800600.8799364684
943 800775.4878173651
946 800844.4821016337
952 800979.6521767983
953 801160.2272925973
956 801795.3546179382
985 802070.9333645299
993 802380.8423928610
999 802525.7430993520
1009 802980.0133992871
1010 803514.6867176250
1016 803710.3892885010
1022 803807.4870018107
1030 804861.4482748635
1042 805508.2164562034
1061 805647.6478871149
1070 806297.7030758247
1072 807076.9703811799
1074 808003.0488395052
1081 808255.0367660356
1087 808707.6187678478
1094 808986.4783838164
1100 810110.7916390543
1112 810711.0554863861
1113 810908.5421119340
1114 810922.7643874611
1116 812157.0315418437
1117 812249.2746519061
1120 813476.6392228680
1131 813600.7990573245
1136 814677.7839264133
1159 814800.2165493510
1168 815468.9728244126
1175 815799.3962084248
1182 815816.3454887990
1195 816700.5540880520
1198 817102.0117234486
1216 817129.7103977933
1217 817177.6824105445
1223 817409.7115450533
1227 817850.9491479557
1230 818169.0070711013
1256 818476.7020150740
1268 818892.6894645388
1272 819436.6934712167
1278 819852.6808999931
1290 820444.7918759912
1309 820485.9472005471
1312 820945.2053687877
1316 821194.7225534762
1319 821245.0873259379
1324 821286.2427959739
1325 821345.6593814801
1329 821532.6943766669
1330 821601.8153088830
1331 822085.9917365636
1340 822284.5101570757
1341 822461.5257116519
1356 822515.3257357669
1359 822564.3169764675
1363 823666.7348391922
1375 824394.4650216320
1376 825079.3253661005
1383 825204.1163907559
1393 825269.2748378690
1399 825497.3664094257
1401 825748.3712514013
1411 826223.6667559561
1412 826586.5418391246
1425 827001.1281893495
1432 827402.1881445902
1440 827449.9457801947
1444 828394.2934124275
1466 828670.1366155156
1485 828863.0733758215
1495 828878.5827404024
1502 829278.4967904297
1505 829552.2453430314
1510 829738.8703522623
1513 830459.4606740323
1525 830888.4125639243
1544 831136.1755226599
1549 831274.2613467129
1557 831353.3613169491
1569 831484.8300961005
1577 832123.2746907820
1583 832792.1163327572
1596 833253.9844864358
1608 833835.8004914157
1609 834445.6255351362
1624 834976.9536454394
1631 835045.5864120473
1634 835464.3372441186
1635 835476.7836541011
1641 835845.1194262411
1651 836068.1190357856
1660 836210.5109446201
1672 837743.4220399162
1681 838094.2703429558
1703 838379.9765710833
1707 838532.7064516381
1709 839319.3211001282
1711 839499.2520683031
1722 840024.5249010136
1731 840596.3492676952
1739 840908.3254734346
1741 841126.7084933701
1758 841379.9382009056
1781 841430.5030350804
1786 841847.0281430284
1788 842368.0171906952
1790 842672.0158408623
1796 842832.3654098121
1802 843373.4894853970
1818 843851.4822572523
1837 844552.9454350774
1847 844712.0819214173
1863 844742.8647792967
1865 844875.3747131142
1872 845528.7040241796
1885 847035.7233065573
1907 847065.8262250875
1912 847175.6700403932
1923 847205.7729941169
1935 847409.2356187031
1939 847631.4357590814
1940 847896.1986408995
1941 848388.6185717047
1962 848512.0045908932
1974 848951.9001739105
1985 848982.2675824472
1989 849478.2135130343
1992 850091.3860517010
2004 850353.3004548068
2009 850979.1371897083
2016 851067.3069648609
2017 853454.1959731343
2049 853734.9469545585
2056 854593.6703527613
2070 855413.4949276462
2073 856092.0398069095
2081 856107.4227441610
2087 856167.7699388770
2095 856648.8482767444
2105 856715.6425709353
2120 857040.8386717715
2123 857624.9541223088
2128 857956.2643029290
2139 858011.1756961267
2145 858095.1671827922
2152 858865.5745254540
2159 859358.7228030192
2166 859410.5957719518
2173 859638.4784407292
2174 859774.4613231873
2177 859828.0435718716
2179 859961.6061151607
2182 860893.3644204659
2187 860915.2017278869
2191 862135.2425771876
2207 862554.8258384953
2214 862609.7291351184
2218 863081.5778402060
2220 863429.1887917496
2227 863452.3721339293
2229 864380.8422524449
2260 864562.0396817391
2281 864787.2606975177
2287 864796.3906283255
2294 864918.7624008973
2302 865439.6230967098
2315 865817.6261654262
2324 866263.1862654499
2328 866706.6068613941
2350 867300.5318231917
2375 867752.1726691962
2380 867984.6878080722
2381 868786.9441260347
2387 869158.2457882678
2407 869280.5719692713
2411 870029.0237378664
2418 870138.8926239752
2422 870892.6617180685
2426 871823.5073740138
2428 871961.9874463052
2436 872097.4807668698
2446 872804.1429343252
2454 873801.8304966312
2465 874581.3197142684
2474 874646.3238964876
2475 874846.3623138575
2481 874872.4754445410
2494 875308.4832950186
2496 876708.1760334179
2542 877295.9143906330
2547 877442.5373838646
2566 877539.4620520216
2568 878225.6998951670
2588 878390.3729999454
2596 878842.5097782054
2611 879013.4325863710
2620 879021.7747586754
2627 879338.4041531624
2633 879959.7135910501
2663 880130.6334814915
2664 880633.5806611856
2674 881646.6330527426
2697 881990.9204374952
2713 882099.2617505107
2716 882229.7210732367
2723 883005.2741444818
2727 883835.7292990909
2731 883987.6147370980
2747 884090.0683876592
2752 884711.8799897784
2765 885036.7766008934
2770 885258.3053566094
2773 885514.8283640452
2779 885565.9199039189
2782 885901.5599124967
2788 886885.6294053661
2789 887028.4546678789
2808 887466.8862062701
2811 887481.8604805603
2818 887590.0480608018
2823 888060.1831100050
2824 888278.8859717061
2836 888304.8438350197
2845 888752.3808695104
2857 889621.8992885364
2880 889733.2811089872
2896 889772.9025538886
2901 889891.7241768958
2903 890108.8747504014
2905 890201.8004445564
2906 890419.7757015949
2909 890431.4003070259
2910 890507.4710496688
2912 890665.9103396665
2926 891650.4823993830
2948 892786.6166806124
2950 893896.7598028100
2959 894443.7270228212
2980 895117.5976654313
3004 895194.5765904104
3009 895360.7013038929
3013 895648.1936899793
3025 896111.5434452633
3032 897416.7096342403
3048 898379.2319270853
3088 898757.6968533240
3102 898770.5679051671
3104 899850.3802493360
3111 900014.3899283055
3126 900896.7214406442
3134 900963.6626901946
3147 901054.0464416310
3149 901546.4523332721
3158 901712.1080359026
3160 901868.6854403176
3163 902081.1847649571
3177 902246.8401843430
3189 902285.3728998427
3195 902992.2574454846
3208 903030.7897954179
3212 903285.2339825665
3220 904701.5968974563
3255 905578.6409843188
3267 905580.9494923613
3270 905918.9367197941
3282 906452.9700320831
3292 906486.4431315353
3294 906566.7810136372
3295 906824.2171881309
3303 906836.1718646871
3314 906976.4227776941
3317 907277.0831711950
3318 908156.2439505013
3335 908823.6989855568
3344 909079.6987410900
3361 909872.7119108095
3374 910515.6018627484
3376 910774.7984904767
3381 911806.4263078085
3400 912231.8654918963
3411 912823.8413560239
3424 913257.6121828937
3425 913689.7903556365
3438 913972.8763391137
3453 914477.6119254157
3458 914773.6895511659
3460 914956.2686885148
3470 915283.8417714585
3472 915642.3278654651
3473 916219.7922782818
3476 917071.7700246957
3494 917117.0836734833
3496 917413.3251219151
3505 918216.6851343304
3517 918390.7064818165
3535 918947.4291114059
3543 919136.8359908459
3558 919955.6512890896
3567 920745.5525226323
3569 920833.3830457177
3589 921051.1969312473
3595 921138.6274975395
3599 921649.3791354827
3613 922286.0962435539
3618 922527.2255676725
3621 923047.5929951244
3626 923303.3932556706
3638 923506.5281578961
3656 923825.7740076658
3657 924625.3652524847
3681 924853.9259352400
3682 925242.0324533355
3688 925945.6092107070
3689 926381.3284339218
3714 926653.7771047563
3715 926916.1009507505
3716 927448.6947259782
3729 927843.5229077043
3743 929889.9772187456
3751 930429.6479652590
3770 930751.5540057565
3773 930959.6401802613
3776 931191.7370523554
3778 931378.1306806180
3782 931794.2498888641
3786 932223.9638028146
3789 932753.2212665397
3804 933079.2530634429
3806 933206.8469966991
3812 933693.9844110037
3816 934687.0907257679
3822 934893.4920405458
3825 934942.9442560166
3827 936044.2296415057
3831 936175.1894934820
3847 936177.6281140001
3848 937112.9265040966
3857 937219.6261225300
3864 937634.5949052742
3868 937792.3705397625
3869 938275.4843145197
3877 938503.1540999241
3884 938757.3840631030
3885 938893.1347955106
3890 939167.6363866373
3902 939725.8704222722
3910 939989.5452318024
3923 940078.7141284570
3930 940411.8181828068
3932 940877.3254551576
3933 941726.2689949226
3954 941846.0231679265
3958 942194.2704427342
3975 942236.8166707522
3982 942641.1239966833
3987 942989.3683174521
3999 943109.1215759732
4001 943356.9810406024
4028 944177.6346895022
4030 944884.3911292215
4041 945109.8322617850
4051 945720.5784307070
4060 946481.0864424363
4067 946659.7076552286
4076 946749.3529550518
4081 946885.7736407170
4084 947190.3550279388
4088 947624.1136879205
4092 947869.2847887066
4094 948831.2939766853
4113 949360.4852776909
4116 949476.6942791902
4118 949848.2363525931
4131 950068.9873963363
4132 950728.2841759231
4146 950842.2061546646
4149 951173.1407568783
4158 951643.1430835264
4167 952338.8434267105
4173 952516.5985451669
4186 952642.3564170109
4187 952716.2835320362
4189 953450.2148340505
4192 954132.2059170834
4194 954133.1318083429
4210 954155.3475650601
4211 954260.0937981210
4216 955509.0673559792
4222 955929.2709935593
4228 955929.9911402181
4229 956167.3338328062
4231 956777.9089446012
4236 956844.9127964972
4239 956872.8043883160
4240 957119.4157387818
4255 957214.3109480973
4261 958167.5765734904
4273 958944.2464234796
4314 959655.3848181219
4318 960183.5747004993
4319 960341.4460463490
4333 960403.4346622566
4337 960510.5935800789
4346 961130.6784893698
4350 961523.5079559139
4353 962163.4065043619
4359 962592.1389938031
4395 963215.4048953889
4418 963806.0384501904
4444 964428.5057678933
4485 964640.8376520516
4488 964716.6819022929
4511 965508.2626024071
4516 965520.5273393058
4532 965720.6001017761
4535 965731.7723438765
4544 966263.5550470679
4547 966492.1103785340
4556 966605.2443064885
4558 966658.4105835070
4560 966970.5155888484
4563 967255.0350216369
4578 967630.9773660384
4580 967765.6217198846
4602 968393.4884554015
4605 969047.0733482445
4624 969864.7559200634
4633 969930.6141150759
4643 970395.5529599647
4647 970863.6675678103
4656 971017.7885037521
4662 971044.6489794591
4667 971601.7737176291
4680 971728.5575495872
4681 972290.2227823836
4695 972363.9627332385
4699 972736.1546759165
4716 972838.3739774299
4719 973028.8961615888
4721 973051.9163385819
4730 973384.9233399945
4740 973985.2172555885
4744 974521.2380093413
4748 974765.8651853375
4755 975233.9794132062
4769 976449.2175293737
4770 976708.2313369758
4795 977098.4865691388
4798 977769.6667991134
4811 978318.6482232078
4822 978526.4642360198
4835 978569.0798247333
4840 978604.0193061961
4841 978929.3617089478
4848 978932.8669767758
4859 979258.2057123772
4870 980255.5070843745
4888 980560.6322419576
4895 980715.4488094461
4899 981157.0118427397
4911 981667.8959037781
4915 981888.1839241406
4917 981954.3440387149
4921 982068.8048975960
4923 982396.0829286414
4925 982863.1423445127
4945 983340.5177766194
4955 983583.5323093067
4961 983764.1418610333
4970 984165.0115766310
4976 984187.1663260210
4984 984575.5079514066
5004 984934.9716624175
5008 985020.1874426297
5024 985310.4388163773
5031 985501.8487717150
5033 985994.5364951697
5049 986098.4825938978
5050 987422.8563349525
5073 987822.1801920629
5092 988140.3392199249
5105 988342.6800799689
5109 988799.2861839295
5119 989177.0450456750
5124 989360.9284072166
5129 989926.4066504206
5147 990189.8067963450
5151 991094.0931208091
5159 991123.8616403517
5160 991761.7226496538
5162 991921.4822499764
5185 992220.1966321861
5187 992710.8819760764
5216 992870.6327325089
5217 993066.2158052352
5218 993556.9913654411
5233 993592.8392365754
5240 994382.2571746949
5245 994421.8373777355
5248 994484.0918581714
5255 995062.5995447593
5265 995170.4280288194
5268 995531.9054678226
5283 995572.0786064032
5301 996187.7095095130
5314 996227.8743172762
5336 997046.5269501260
5349 997269.2020865763
5351 997567.7253064450
5358 997851.6919829194
5365 998063.1361618056
5370 998609.1557060407
5378 999688.7311017371
5402 1000039.7579200908
5417 1000114.3951306515
5419 1000300.1042493698
5427 1000568.7832899365
5434 1001135.9228851116
5448 1001340.1328571005
5450 1001509.0383666530
5455 1001612.1096923712
5457 1001872.4586002905
5458 1002554.6808422968
5471 1003396.0971135276
5502 1004303.0313729097
5522 1004402.1334558513
5528 1004664.2559444286
5529 1005023.9709333975
5541 1005137.0540494960
5543 1005309.0578976604
5555 1005723.9110036023
5569 1006273.3988698560
5580 1007273.4528276732
5596 1007697.9037750601
5597 1007850.6083090750
5605 1008108.6963201233
5624 1008227.3170049689
5630 1008807.6168350916
5647 1009239.9291238668
5657 1010179.9975110254
5682 1010232.9765558322
5683 1010327.9300930663
5685 1010400.5527285429
5686 1010530.4736161799
5689 1011142.4116170503
5698 1011150.4481173810
5701 1011327.1450175924
5706 1011939.0851253999
5719 1011966.1642487397
5726 1012316.6379695606
5729 1012798.0437722387
5735 1012938.0871025953
5742 1013676.9422960840
5754 1013779.7762011148
5774 1014103.9369544996
5776 1014325.6863248957
5781 1014446.5789333234
5814 1014543.5072131330
5816 1014668.3278430996
5818 1014926.1882775521
5826 1015459.5877652306
5849 1015584.3969485572
5863 1015859.6104550540
5864 1016682.4718081369
5892 1017552.5727110174
5896 1017802.8803082270
5902 1018106.3675547651
5903 1018169.5076157654
5918 1018321.7572871884
5922 1018333.2529699586
5923 1018645.8434573394
5940 1019540.9194761282
5970 1020303.6967077564
6002 1020303.7999517443
6020 1020782.0954434291
6022 1021185.3284504501
6035 1021781.4573107802
6036 1022770.6898957733
6048 1023129.6691670442
6080 1023212.6439357325
6087 1023270.4101127275
6088 1023317.8078412736
6100 1024145.6401756754
6131 1024407.0858834680
6143 1024415.3486302111
6147 1024517.4776373169
6155 1024746.0085462589
6164 1024812.5420642920
6167 1025223.0813471691
6170 1025984.9164085782
6186 1026075.9277320905
6191 1026706.5674004041
6195 1026737.2798456647
6196 1027675.1813712250
6202 1028084.7782992595
6204 1028172.1659556453
6209 1029497.3221496218
6220 1029782.1111912112
6226 1030058.9359291819
6242 1030206.0464538415
6243 1030445.6085025541
6260 1030679.9574932222
6262 1031275.8198431232
6267 1031452.9451305824
6272 1031964.2049685521
6284 1032508.9291378098
6311 1032675.8387486335
6314 1032723.6798456918
6319 1033172.3909707005
6322 1034158.4463210083
6353 1035244.4063745550
6357 1035574.9122285487
6367 1035683.9770257932
6368 1035698.0485004628
6373 1035808.3285765599
6376 1036064.0910822349
6385 1037130.9076471169
6417 1037476.7309652589
6429 1038168.3593652801
6444 1038624.4229977176
6458 1038665.8578734507
6471 1040443.9544883869
6494 1040455.7498748248
6499 1041273.5878885256
6503 1041358.7816147257
6516 1041953.3058955655
6524 1042304.3602946550
6531 1042684.1120135867
6548 1043193.9681436835
6549 1043673.4500006187
6552 1043809.9714908462
6575 1044363.3512673522
6603 1044880.9508129543
6606 1045061.2336703772
6612 1045187.9496018400
6634 1045777.6418813003
6635 1045857.4981052880
6642 1046011.5385588378
6651 1046091.3941426112
6663 1046433.0920190170
6666 1046634.9194142846
6669 1046666.9877914741
6676 1046948.6668529847
6677 1048088.7737009386
6694 1048338.4565380826
6696 1048858.1896884949
6702 1049092.0816632668
6704 1050701.0834223067
6723 1050802.3234475479
6741 1051562.9037390260
6748 1052126.1599736535
6753 1052207.8211892522
6755 1052685.4191521632
6762 1052821.3786244681
6780 1052889.3812013508
6791 1052902.7735789774
6792 1054250.9155329738
6799 1054478.7832187158
6808 1055988.9648024265
6823 1056108.5985102160
6832 1056895.6897690827
6836 1057538.9286972492
6870 1058280.8138180638
6880 1058744.9020726869
6887 1058857.7498025163
6912 1059800.8514145939
6925 1060124.4174946197
6936 1060479.5152335996
6938 1060521.2133829754
6952 1060550.5092331595
6956 1061210.2113658262
6959 1062125.7429368855
6973 1062275.0385812412
6979 1062727.3085914443
6997 1062836.9833536986
7008 1063635.7644362613
7017 1064103.2637233569
7041 1064367.1798420628
7062 1064883.1913460072
7065 1064965.8042277680
7086 1066120.5003038938
7094 1066149.7998160312
7100 1066377.1124653223
7101 1066863.3314595823
7104 1067297.9156014263
7116 1067299.2081785700
7119 1067889.2663090054
7136 1068315.9202051465
7137 1068375.4729490210
7143 1068568.4537588987
7155 1068591.6531823701
7160 1069231.6867174027
7167 1069264.0706504155
7172 1069515.6598274366
7177 1069685.7052926198
7195 1069801.6306857124
7205 1069821.6364036747
7210 1070119.3873368551
7229 1070369.8539611702
7238 1070386.3141720349
7251 1070505.7130925113
7260 1070522.1646448395
7277 1071355.9964003563
7308 1071567.3826295943
7310 1071583.8258794846
7322 1072083.5115219126
7345 1072565.5940496873
7356 1072811.4988965809
7363 1073148.9077536711
7368 1073259.0502283478
7381 1073504.9559857184
7384 1073615.0940351665
7412 1073938.5325871853
7418 1073995.7555984855
7433 1074464.3008503364
7449 1074979.0212307654
7458 1075880.2304923648
7486 1076321.8576717228
7504 1076378.1765528158
7510 1076501.7522375062
7518 1076547.3276153759
7539 1076558.0559835918
7546 1076804.1707164913
7555 1077444.3653163093
7557 1077653.8127915431
7565 1077787.0822782582
7569 1078277.8600602227
7603 1079692.3505102431
7608 1079912.5283416922
7622 1079997.7255321972
7628 1080854.0681095049
7643 1081279.8496200724
7655 1081371.1030996125
7656 1081509.4812545483
7660 1081808.9145082976
7663 1081857.7297775974
7677 1081869.0343983469
7681 1082554.0652374271
7699 1082741.2546857395
7707 1083215.6335517808
7712 1083325.0696257351
7714 1083433.3289641596
7728 1083842.0536264058
7731 1083945.7228818403
7738 1084165.9153792153
7751 1084301.6421774316
7753 1084338.1929617319
7756 1084822.9561708143
7758 1085073.1669468835
7763 1085585.9673233225
7778 1085751.7943645143
7782 1086107.2858930384
7791 1086457.3949751277
7810 1086942.2653374646
7813 1087199.6211321179
7829 1087830.8427969976
7836 1088604.4053812281
7847 1088861.7269631431
7853 1089345.9673284129
7868 1089670.4155217651
7896 1090667.6520663542
7917 1091521.9644159011
7918 1092025.9263069045
7927 1092322.1068111258
7930 1092554.0725070038
7958 1092970.7773079679
7977 1093314.0626303128
7981 1093568.7988083819
7996 1093870.1958404831
8010 1093872.4823254293
8021 1093912.0736265744
8025 1095139.3299598512
8046 1095178.9337426089
8053 1095305.8089210412
8062 1095347.3600642404
8063 1095937.5216826559
8084 1096867.1012765889
8096 1096883.2057199012
8107 1097131.4484229940
8109 1097161.8743840363
8110 1097254.9918105497
8131 1097271.0790437581
8136 1097809.9385618379
8167 1098597.0799555194
8187 1099112.5969846686
8191 1099128.6635202209
8210 1099738.1073432104
8225 1099824.4119296654
8229 1099867.0683419819
8232 1100190.7260486602
8236 1100863.8728871467
8270 1101148.4639383568
8286 1101148.4679905218
8288 1101405.7047819314
8295 1101467.1499194382
8303 1101638.8194227554
8314 1101724.3863735942
8340 1101808.9126879198
8341 1101957.4976749115
8342 1102291.4482368669
8360 1102496.9506523672
8363 1102702.3300804982
8373 1103253.8418034904
8398 1103424.4848650165
8433 1103625.8180788201
8440 1103674.4444972835
8453 1104080.6972019342
8464 1104219.4141796655
8466 1104330.5708535709
8467 1104694.9926892819
8470 1105038.7211068319
8473 1105200.8700536226
8491 1105686.3690634342
8497 1106473.7574083875
8503 1106900.3934788050
8527 1107599.9701094602
8560 1107747.6411679275
8589 1107798.9538203459
8590 1107918.1063384616
8599 1108065.7769949646
8600 1108105.8507449578
8605 1108117.0873617087
8626 1108356.2263190800
8643 1108460.2476949545
8644 1108514.4904182325
8645 1108919.5277422436
8655 1109067.3343469019
8670 1109505.3418308350
8683 1109790.8190579729
8685 1110068.3315238364
8694 1110391.2618354678
8706 1110475.5492639502
8709 1110578.6615150401
8711 1110794.0279764272
8713 1111011.8011985109
8721 1111422.6628293383
8723 1111538.5719504261
8727 1111548.4134398550
8730 1113510.5194727387
8770 1113556.6080775731
8794 1113902.8867744906
8812 1113944.5005706651
8828 1113948.9564624792
8829 1114528.3426273200
8834 1114635.8025138392
8841 1115240.4132654374
8842 1115607.5542420349
8860 1115793.7221016940
8863 1116067.8319531695
8864 1116463.9710727241
8890 1116525.6110286776
8893 1116529.4081595365
8900 1117204.4638589129
8923 1117308.4174772536
8925 1117433.0494123162
8929 1117443.3157883550
8942 1117508.7474004319
8947 1118183.8076129754
8967 1118249.2384011019
8970 1118713.4298332897
8982 1118832.9834345039
8995 1119007.4472905891
9002 1119383.5623296369
9010 1119593.5202306423
9014 1119658.9479035696
9016 1119893.6111310713
9029 1119900.5060093778
9030 1120256.3757134001
9053 1120263.2664201721
9059 1120434.9020838472
9060 1120934.8097263833
9087 1121783.0182806428
9111 1122138.4963538151
9121 1122306.9193259703
9126 1122510.2034112476
9133 1122527.9138709025
9134 1122912.5374798335
9137 1123486.4410183281
9151 1123654.8599084581
9158 1124069.8722397522
9163 1124703.1709222849
9164 1125355.3856380524
9187 1125410.8126486717
9194 1125484.6939280082
9195 1125770.3936004671
9205 1126242.8725311891
9221 1126815.7394850894
9223 1126863.7389961856
9241 1126953.7970447931
9253 1127319.6077016252
9258 1127450.9301492125
9269 1127954.7910967942
9271 1128074.3582919724
9273 1128508.6091404271
9277 1129095.7794493258
9302 1129335.8331861149
9318 1129981.9938379459
9333 1130632.4792350021
9347 1130862.3157181412
9358 1131457.1716174916
9367 1132133.0966118709
9403 1132168.0742581862
9406 1132457.5369464452
9426 1132712.5690607030
9444 1133272.8846413533
9457 1133354.8644103196
9460 1133610.7131702739
9465 1133627.7364509343
9466 1133874.0810386548
9488 1134206.4035917739
9491 1134245.9770767931
9492 1134468.4092131190
9494 1134516.7292378710
9500 1134841.9902813295
9530 1135579.0127480638
9544 1135702.9515685798
9546 1135919.3955647398
9552 1135931.6396403443
9559 1136355.3459344774
9574 1136584.0316274159
9585 1137352.8816904805
9604 1137558.1280027647
9628 1137661.3904310521
9629 1137672.5723748435
9648 1138149.4863001404
9657 1138179.8772414015
9668 1138552.1345112422
9676 1138651.7650361126
9679 1138789.6808356477
9680 1138856.9799337706
9685 1139468.1895896131
9698 1140273.7569577117
9703 1140381.3668719807
9707 1140703.6036128681
9710 1141040.3429246922
9715 1141389.2394653768
9737 1141690.8375810869
9738 1141864.1250301322
9748 1142368.3944664290
9765 1142467.2853061242
9771 1142588.8525515301
9792 1142687.7379664606
9821 1142738.1003168700
9825 1143189.2979140081
9836 1143270.7570856193
9841 1143394.2236155039
9853 1143588.0615710723
9856 1143725.4400250800
9858 1144474.1207766808
9859 1144517.5233007418
9869 1144751.8002300868
9876 1145246.5157636453
9909 1145563.0027553008
9948 1145981.8538993441
9958 1146481.4858765265
9979 1147081.2785070629
9995 1147142.1950057887
10009 1147238.4608800577
10010 1147468.8934891461
evaluations raw_y
1 680574.5958275872
3 684516.8917415708
4 714275.6969990167
6 717509.4270181855
25 721540.9715777159
28 722294.8325181528
33 728109.1322104345
35 728746.5356934130
37 730023.3577975839
41 737056.7749003301
46 738253.7756284049
51 740614.9931574010
58 741610.5422454024
65 743485.2833039509
69 749676.2257604477
98 749856.9705201697
105 751666.9861447497
106 752243.3760198223
110 753285.6966554925
113 755958.6347013122
122 756044.1531340005
127 758806.4839100968
145 759864.1145599757
151 760195.4285465778
157 761130.7217508024
176 761676.0907864640
179 762252.5149976311
180 762468.9733053326
185 763031.5183256969
194 763159.4495523478
198 763340.1329823087
200 763496.8462479482
205 764109.2154021455
209 764236.4349607299
220 765091.8591496439
221 765381.4163412935
228 765924.1764977592
245 766371.3664193540
247 767069.1467378690
250 767587.9418399038
252 768146.2233033596
273 768194.7856214885
274 768445.2319863578
285 768768.6358858016
291 768879.0890036490
299 768986.9726074561
300 769151.2391936519
305 769289.4325472389
309 769664.3414520940
314 770022.2363508879
316 770946.1970073138
330 771328.7950190117
333 771684.6570884665
337 772048.1771263788
342 772554.0376155415
359 772759.8548233248
362 773165.7375325896
376 773293.6000797057
378 773385.9090543796
379 773497.0480505081
383 773699.4822171172
386 773757.4909789006
389 774285.1321217740
393 774379.7116957965
409 774974.7456521027
413 775395.0446493289
415 775845.7499582377
425 775941.5439249617
432 776039.8906227064
434 776096.3513471988
435 776626.4721884351
447 777258.8692979459
473 777624.8214283804
476 777799.6159593120
479 778427.5143138845
485 778930.5752701858
512 779091.8050459768
519 781012.8398623826
541 782105.8893334414
556 782240.8045433136
562 782296.7383439930
567 783185.9496948328
574 783574.5458785273
585 784503.0034047931
589 784689.3906103659
590 785512.5351897560
616 785837.0801987754
620 786246.2053788084
623 786945.7930987778
638 787153.3845985892
645 787213.7059092323
653 788134.3350075677
671 788580.5626192883
675 789281.1250241245
679 789620.7051329608
687 789758.9537837189
699 790495.5955728820
709 790671.9867071112
710 791230.4524795230
721 791371.4125431144
727 791460.0813041845
730 791518.8976493733
732 791576.0441048066
733 791592.8702617700
737 791791.7893105517
740 793278.3555939195
753 793400.8421305972
775 794073.6383455072
778 794190.4718102200
783 795468.0437941635
799 795810.4228672317
811 796078.4104492371
813 796907.9614590147
825 797879.0648883117
854 798706.7810556066
855 799676.2424584042
865 800235.5360967900
869 800996.5556394232
873 802479.4519960312
890 803146.5600842703
905 803817.9747999313
910 804183.9103280876
920 804220.2508568747
922 805314.6738141640
930 805685.6106749454
934 805946.2175716384
937 806171.6859119036
944 807295.4984255136
945 807628.2415479232
952 807889.0208135829
961 808515.9089423160
968 808608.6656297270
973 809299.8901821288
982 809936.7899686991
992 810478.3823543452
999 810600.2913193275
1007 812375.9331830106
1017 812620.1395085694
1020 813103.3023373425
1036 813224.7796651414
1048 813385.3400130119
1053 813957.2497081364
1059 814154.6890956470
1060 814684.3088837282
1064 815481.6394249216
1073 816079.5691425439
1089 816856.3471461739
1100 817179.6548062746
1105 817631.3720826627
1106 818623.9731587425
1127 819409.0179441450
1140 819425.9554440312
1144 820677.4102322360
1158 820962.4179561819
1159 820979.3482693656
1164 821032.6089111204
1168 821049.5414612324
1169 821131.1444748365
1173 821813.7174655366
1187 821884.1933508313
1188 822145.4656539779
1202 822154.3860699923
1206 822324.4043662925
1230 822333.3176902337
1232 822366.2613252028
1234 822919.6739520245
1250 823783.3124439442
1262 823899.6745945018
1264 824366.3945752918
1272 824868.5492483273
1292 825056.8945831142
1293 825829.0206200961
1304 826615.7168663398
1315 826956.8324013116
1322 827356.4034828151
1323 828760.4294660807
1339 829030.1491470628
1347 829590.0640466978
1349 829609.7541589319
1352 830338.0641474496
1364 830370.7005428725
1365 831931.5152071805
1387 831973.0736878457
1394 831995.7771491542
1399 831996.2024485685
1400 832064.6804722215
1406 832542.2293111490
1407 832588.0662694267
1412 832719.3643770844
1421 832961.7151554630
1422 833601.7996484827
1426 834283.9535817078
1446 834965.5688747675
1448 835587.4818863173
1449 835798.1858580655
1450 836364.2330853128
1463 836830.9000173775
1470 837478.4356381875
1475 837484.8141551574
1482 837515.4657593499
1483 838014.0448221823
1487 839217.8930061031
1494 839756.9324737168
1517 840134.1744959239
1527 840293.4087515553
1532 840298.0514044532
1537 840385.2757735677
1541 840561.1018060388
1548 840812.2029483713
1554 840968.5327625101
1582 841249.3099142365
1583 841286.4024957971
1586 841442.7310728218
1594 841974.6076912897
1596 842250.7577245755
1597 842986.1192148968
1617 844081.7025382289
1621 844159.4472400392
1628 844690.9256557357
1630 845095.3358933083
1636 845239.7143977538
1642 845532.1854979874
1648 846212.0179218213
1668 847411.7855464352
1674 847502.6274955753
1697 847689.3378964949
1715 848340.3984876678
1720 848379.0808280496
1725 848497.7048633151
1728 848575.5831938118
1731 849190.6448864992
1752 849686.0578790770
1766 849989.3669615155
1777 850484.7758555626
1799 850779.5921452665
1810 850804.5686316069
1813 851274.9991086688
1825 851758.3251667904
1836 852875.7086447573
1851 853103.0121405517
1865 853143.0358634293
1871 853717.9160143659
1884 853835.6762838591
1896 854005.9599236909
1899 854219.1486384445
1905 855058.7856861118
1916 855186.3065568298
1926 855480.6618431436
1931 856021.6416251565
1942 856815.4616270496
1958 857496.8550881601
1960 857718.9995064962
1965 858446.0703216842
1975 858449.7170948004
1978 858582.0953482004
1980 859636.2550626440
1986 860442.3258067296
2005 861498.3623016002
2018 861618.6679499645
2021 861838.2566754514
2026 862380.7764175733
2031 863311.8641787217
2058 863645.4903866180
2066 863985.3695667390
2075 864324.0714252333
2087 864440.7464543084
2091 865452.0121204071
2100 866039.3652468089
2104 866349.3227415398
2112 866564.2365740278
2116 866660.2688996784
2119 866991.7913106170
2127 867081.0078947940
2129 867222.7091555902
2137 867638.5454086855
2139 868523.1796167087
2145 868662.4609785205
2147 868843.3186789837
2149 869710.0875700167
2150 869805.5395755501
2159 870151.7621713569
2160 870636.2171659857
2175 871210.7652920769
2182 871707.9969105183
2183 872202.9598411685
2185 873256.4039828229
2211 873677.6574080157
2215 874297.5721386477
2217 874499.8933250379
2219 874738.7611056420
2222 875264.2668686875
2229 875329.7216609980
2230 875393.1399213019
2235 876073.5544413727
2247 876768.8476508635
2268 877210.0859601999
2269 878128.0916533761
2287 878303.9486523576
2298 879065.9786283114
2303 879637.7001939546
2326 879785.4065816642
2330 880401.2634887465
2337 880662.8797273271
2346 881070.8168297928
2360 881087.5295062989
2370 881432.4444723688
2383 881495.4628648098
2392 882219.3943823804
2399 882401.7112433619
2412 882636.0383190091
2421 883479.7912443818
2430 883651.1985452924
2432 883862.8529738425
2437 884247.1505636564
2441 884322.2368304241
2449 884334.6618565972
2453 884752.9852833102
2471 885114.6098563388
2476 885362.1707811523
2491 885499.4068970088
2493 885530.8974651898
2495 885877.2181180717
2513 886451.9885192596
2516 886798.3070184786
2535 887866.9179346770
2539 888521.6674759202
2563 889168.7780640734
2567 889751.2621381384
2571 890163.7390436453
2583 890634.5636093469
2587 891560.0085514985
2600 891702.3761128141
2605 891840.0692710015
2624 892483.9661977905
2625 892761.5301306220
2639 894507.7186851635
2658 895486.9446569541
2668 896022.0822019749
2674 896692.1919100122
2702 896943.7261209711
2711 897379.7719739381
2718 897669.3002851428
2726 898348.7099986830
2735 898398.0749526098
2736 898942.1096488073
2738 899244.3437615262
2740 900336.9759209312
2746 901413.8046553787
2760 902854.2101641011
2785 903390.6510248199
2786 903465.3504530496
2787 904256.1077873762
2800 904905.7534538568
2802 905316.0912551894
2817 905409.2033911208
2826 905545.8318241808
2834 905932.3875650356
2852 906698.3640414668
2862 907121.2731321693
2867 907498.2386102797
2891 907833.2478261192
2893 907883.8640074609
2900 908506.7930929696
2910 908720.2212667488
2918 909500.5112429227
2932 909869.9724264126
2947 910104.1861863453
2957 910578.5675609217
2959 910851.2646190008
2969 910931.0495906956
2975 911704.6505027353
2979 911745.5615220049
2985 912276.2415983793
3001 912356.0237129343
3004 912467.2734840836
3008 913044.3893324061
3011 913089.0100504186
3018 913862.5241054330
3030 914169.9871529792
3037 914566.2594301346
3044 915288.9663342056
3049 915842.8511152446
3056 916187.7058468385
3064 916388.0803077444
3081 916673.4589783439
3083 916787.1619379503
3092 918591.3987182719
3111 919511.1559112801
3115 919723.0545177006
3124 920041.7780705763
3128 920704.8853434568
3144 920904.5514369920
3155 920999.0447651675
3158 921499.4033018204
3164 921763.2896332386
3176 922317.9919108222
3185 922333.7551590198
3186 922693.1198338222
3198 923071.8688550764
3206 923881.7590059070
3216 924256.4667085863
3219 924619.8660468531
3228 924934.8852568091
3238 925450.5646928545
3246 925465.7972930068
3252 925614.7530591595
3263 925730.0810386451
3264 926290.7169947445
3265 926527.4632675082
3269 926916.0123015960
3277 927693.9831035093
3304 928304.7383143033
3306 928981.4081229239
3327 930129.5719175361
3329 930846.2022012190
3364 931324.2218277834
3382 931707.9562478927
3384 931853.2490939921
3386 932383.9633194098
3397 932647.1645293852
3402 932739.0405404685
3408 933087.0376131625
3413 933321.2493715050
3426 933630.5367609961
3436 934185.7871484515
3452 934378.8520170831
3470 934751.4807379949
3486 934966.1399360963
3507 934985.7986816491
3529 935200.4506086631
3530 935281.5966972605
3535 935402.8435516688
3537 935672.9508774689
3540 935882.5055874872
3542 936072.3945302950
3543 936161.3549282935
3551 936363.6185612461
3561 936962.2958735310
3572 937396.9385511854
3574 938139.7158759298
3589 938462.3838541177
3608 938571.8167137360
3616 940151.0153173712
3637 940692.0137314007
3644 941074.9220639361
3650 941477.1529815964
3657 941796.7362344256
3660 941995.9903131357
3672 942314.8368218553
3675 943596.9943789291
3688 943796.2429034455
3709 945231.7793121974
3721 945258.9347469175
3725 945368.2163958359
3726 946033.5494420875
3732 946113.6727216179
3734 946234.7118276175
3745 946520.6346091008
3752 947715.9781956072
3772 948384.4786616161
3825 948426.1391009022
3829 948446.1957376008
3830 950227.8007100982
3871 950734.3082855551
3882 951048.5220599986
3889 951254.3197663119
3897 951307.2058877713
3902 952570.8210644113
3904 952721.2259252118
3931 952915.2213474819
3942 953214.6030420753
3943 953226.3087739894
3950 953612.5123701596
3964 953946.6848836672
3979 954201.6934356613
3982 954421.9484540207
3990 955091.1184151268
3995 955381.8382079770
4013 955504.9771978530
4023 955616.9819050948
4024 956463.5294537548
4062 956737.3800469659
4069 956893.8703358022
4077 957042.5471979066
4078 957849.9732939949
4088 958133.4512595343
4097 958345.9475463681
4098 958553.0356475529
4106 958910.9478082485
4114 959241.5921948962
4118 959256.6287696125
4127 959625.6008295362
4131 959794.2850726044
4167 959974.4605565728
4169 960240.4881364856
4172 960355.6277500977
4178 961011.3468780993
4199 961135.4961585512
4209 961301.3231046153
4217 961460.1392221485
4219 961791.2118604925
4220 961941.5178863022
4224 962057.2094485235
4230 962072.4682695026
4231 962647.1001159035
4233 962773.5600601967
4238 962907.8126649571
4244 963191.5643324615
4252 963452.2763755530
4255 963521.5349116186
4263 963579.5980969382
4267 963868.3947375850
4275 964124.0589405405
4286 964154.5971503382
4288 965030.2094926352
4300 965107.5936130977
4322 965826.4416208566
4327 965865.4921853488
4329 965903.8234203754
4334 966739.1041437191
4368 967181.7088188740
4373 967848.6105289973
4391 968295.5354080034
4404 968729.9115043873
4421 968946.2187403928
4428 969177.2202209509
4433 969393.5266237047
4444 970174.7311114001
4446 970953.2380083057
4468 971445.7674758452
4477 972290.0479873029
4493 972381.1631820388
4502 972539.2311477854
4525 972763.1005700668
4534 972824.6679079602
4539 973053.5825626961
4546 973068.4157098203
4547 973642.5091067856
4563 974199.2949199765
4572 974418.2871406381
4604 974638.0188649201
4609 974990.5324038346
4613 975079.5565736648
4631 975801.4069266326
4636 976350.8285402886
4645 976428.1296731498
4655 976516.5951855083
4663 977173.1763754204
4682 977602.6890993332
4684 977758.3212663716
4690 978063.5489792408
4701 978072.2477042198
4710 978424.2869754949
4715 978881.3586992248
4751 979178.8054657796
4752 979208.9222563056
4758 979661.7279528554
4761 979663.6568796105
4762 979674.9174560142
4779 980337.6227758705
4785 980418.4022194371
4796 980605.7549030620
4803 981258.3850905740
4807 981269.1959918550
4809 982280.9874562046
4813 982641.3831185573
4827 982736.2002419900
4828 983150.0900397233
4831 983819.6124749320
4837 984103.0801759094
4843 984601.6733114661
4855 984768.7993905959
4860 985502.5731254723
4877 985817.4741038994
4878 986260.4244553355
4881 986805.4331702861
4896 986900.4334151497
4912 987384.1818643757
4918 987455.9782210189
4919 987525.3774501882
4929 988062.3289951745
4957 989013.2429696225
4966 989129.5738163051
4973 989420.9830678871
4979 989907.9699826125
4999 990154.2842945016
5001 990338.8439121781
5005 990624.2722604786
5007 990874.2134846796
5009 991230.9985527621
5010 991486.6242920187
5020 991962.7931345508
5037 991999.2853662584
5047 992375.5986087028
5057 992501.5875559554
5072 993030.6752513218
5075 993116.5016950401
5081 993799.5531858233
5093 994443.0894558082
5099 994721.8769045821
5106 994840.7146843579
5121 994908.5051079851
5122 995171.1168187381
5131 995229.7473664524
5142 995659.3189980444
5157 995904.5763805804
5162 996537.6832196617
5169 996781.5186483678
5194 997229.1182052561
5211 997936.2528345955
5219 998017.5773420549
5221 998491.4029689538
5238 998963.7165652600
5243 999587.4027563561
5257 999670.5760266269
5272 999726.5062362554
5274 1000142.8908227559
5277 1000281.9928001678
5281 1001312.6130103786
5287 1001664.0014312322
5302 1002375.5108986241
5322 1002551.6695696971
5323 1003347.6544774725
5335 1003396.1763258115
5343 1004197.1877507939
5352 1004393.9817367638
5365 1005000.4946467753
5385 1005171.3684142230
5396 1005284.7457146625
5398 1006056.1226047894
5407 1006842.6084013794
5408 1007753.8121883215
5433 1008062.8874440793
5473 1008643.7257294484
5513 1008782.7541425799
5514 1009119.5921801419
5529 1009442.6741125855
5559 1009609.4194254468
5563 1009871.9957133505
5567 1010195.0750077729
5580 1010276.5579429462
5583 1010926.7727319145
5594 1011543.4262026631
5595 1011552.5443749188
5609 1011579.9119628471
5611 1012284.3838928107
5619 1012643.1275296041
5625 1012774.2070369342
5632 1012862.2311231089
5636 1013383.9397208147
5637 1014081.6035426864
5645 1015133.0586294036
5670 1015486.1666202275
5671 1015544.6196756061
5679 1016078.9076113960
5693 1016371.8707024533
5698 1016586.5316467695
5701 1017196.2519407587
5707 1017503.2094248688
5738 1018060.1857526277
5755 1018102.5250706798
5762 1018499.7844403763
5770 1018552.4423838145
5772 1018657.8902393539
5773 1019520.5691387191
5787 1020163.1091346247
5791 1020494.6218985942
5805 1020563.6752590463
5811 1021142.2235794786
5825 1021222.3106133738
5827 1021336.9436913844
5836 1022195.5888053939
5844 1022465.9402943158
5847 1023132.6838285027
5850 1023144.9268804536
5862 1024653.6063921086
5877 1025158.4937690923
5879 1025794.8997636446
5887 1026171.0613203886
5903 1026575.9684118114
5905 1026651.1384238357
5916 1027192.1002691110
5929 1027586.8139683258
5959 1027877.6880171465
5975 1028367.2583557758
5984 1028764.5879829234
6006 1029715.5158129950
6029 1029742.3070940197
6049 1030155.7014120021
6055 1031088.6212738988
6063 1031379.4726884257
6069 1033010.3438025323
6086 1033138.6166803394
6087 1033734.7201860951
6107 1034087.5890754642
6119 1034207.1701744249
6125 1034662.2916235698
6127 1034664.8249812289
6144 1034683.6439653392
6152 1035135.8377170450
6157 1035173.8507494010
6174 1035368.5348689894
6177 1035647.3945576476
6195 1035838.6031855462
6203 1035877.1519990495
6209 1036312.1305180724
6213 1036472.7943557427
6229 1037115.8312362800
6242 1037315.7524126950
6253 1037937.3645490289
6258 1037976.6132266810
6273 1038516.2172346654
6287 1039152.4079985929
6297 1039532.3934070087
6307 1040667.0172708428
6324 1040856.1516653572
6330 1041271.5393897996
6355 1041960.5318511386
6365 1041967.1427960163
6382 1042340.5068925730
6386 1042843.8875751073
6389 1043049.6285599625
6399 1043422.9779354978
6417 1044886.0288572038
6421 1045423.9250493679
6425 1045673.7894505258
6436 1045954.2755170100
6448 1046573.6155872460
6457 1047152.8199190099
6469 1047738.3859258081
6483 1047811.8641881215
6486 1048721.4799658821
6505 1048889.4155310874
6509 1049246.6543634920
6520 1049547.0630348783
6524 1049641.0032072710
6527 1050473.7194426521
6528 1050932.8871343969
6543 1051170.7289132492
6551 1051259.7597737028
6567 1051405.0436323888
6581 1051483.3476148015
6617 1051680.9303413404
6625 1052293.4948784662
6636 1052308.6579621227
6639 1052373.7397876338
6643 1053113.5679564748
6654 1053345.6342654307
6664 1053643.5571769977
6670 1054170.6781333485
6679 1054456.8098696398
6685 1054940.3035026530
6689 1055460.9230704783
6697 1055526.7327800361
6702 1055550.6130123530
6712 1055779.8808778354
6714 1055915.7843019660
6722 1056451.1580579414
6723 1056906.0116034171
6771 1057846.2305392213
6775 1057965.1418796468
6798 1057985.4468051987
6799 1058075.4654915289
6816 1058569.2288877564
6836 1058985.3587336212
6851 1059479.1225162754
6876 1059569.1405965735
6889 1059666.3829824764
6899 1059756.4007059953
6907 1059846.6558180300
6923 1059983.1968454826
6936 1060073.2119532474
6959 1060516.8636134733
6968 1060526.8208414300
6975 1060865.9217831001
6983 1060872.3968260067
6987 1061235.4973460645
6988 1061263.7971538811
6995 1061465.2215955523
7003 1061701.7750374191
7011 1062138.0751103151
7017 1062367.7932069805
7037 1062984.3853268477
7047 1063008.5065600264
7065 1063110.4495285067
7066 1063296.7989662329
7070 1063337.2837199264
7081 1063542.8819907885
7083 1063567.0037039528
7094 1063642.1963429572
7109 1063772.5984091174
7122 1063790.8433263781
7136 1063847.7873855764
7137 1064077.4978280314
7153 1064309.0844729047
7173 1064900.6235208481
7179 1065316.9112610412
7191 1065780.6827267599
7193 1066322.1992878646
7217 1066693.3048150220
7223 1066835.1739146581
7227 1067157.2350156002
7234 1067796.3138664174
7239 1067971.0863099871
7251 1068879.3471343413
7266 1068911.4760962499
7283 1069273.8824354340
7286 1069326.2348521855
7299 1069830.8541238448
7312 1070105.3779526283
7321 1070365.4214592362
7342 1070513.7182842926
7355 1070527.3153709287
7356 1070801.2029445388
7357 1070995.9454950735
7359 1072165.0363590906
7367 1072524.3048750737
7391 1072880.5284537624
7394 1073114.6237080561
7397 1073314.6579470802
7406 1073640.6984089904
7415 1074635.1553122678
7442 1074988.9931728037
7458 1075410.5015177289
7467 1075778.9076934827
7472 1075972.1140524249
7482 1076041.5924740052
7483 1076393.6140278245
7485 1076542.1037477395
7496 1076955.5467839097
7499 1077038.2530800421
7515 1078632.0449076132
7545 1078806.0799135985
7547 1078954.5659576834
7557 1079232.8338633908
7576 1079512.3408266697
7580 1079575.3901939967
7582 1080538.9043070190
7622 1081122.1127649623
7625 1081159.7266967169
7632 1081763.5616119001
7647 1081767.2054803977
7650 1081850.6991134463
7670 1082702.5047159868
7689 1083090.7599326805
7696 1083325.3658313733
7698 1083377.4007502059
7703 1083458.2164360452
7704 1083610.3497514017
7712 1083841.3587229927
7722 1084250.2257886666
7723 1084494.5735002863
7735 1085148.7491659762
7740 1085164.4233871554
7760 1085430.8865450579
7777 1085757.6500953939
7781 1085816.1630654268
7790 1085881.4862861666
7797 1086678.2560740791
7825 1086710.9158408076
7832 1086726.5413254977
7840 1086961.4082985504
7842 1087349.3317447037
7856 1087777.4445461398
7873 1088414.4621480110
7889 1088432.7586879674
7890 1088448.5156524624
7894 1089095.6780247567
7909 1089113.9712154975
7916 1089560.4397901203
7969 1089632.5483655736
7975 1089736.1259833458
8006 1090683.0041913884
8035 1091277.0971232157
8037 1091393.9077120433
8051 1091543.3037179650
8052 1092182.4350590075
8072 1092633.1312509950
8075 1092707.9563785996
8083 1092791.5801281072
8085 1093132.7360055803
8092 1093247.2482998546
8094 1093272.7539479088
8107 1093353.4709693983
8111 1093718.7705238212
8118 1094645.0076087599
8131 1094848.8914502130
8133 1095908.5099524427
8154 1096119.3529912634
8157 1096740.7909568159
8185 1097369.9461235858
8198 1097432.0357892080
8205 1098009.9628754426
8235 1098927.9181534362
8253 1099400.3730497316
8263 1099834.2568604131
8287 1100299.1985825961
8305 1100733.0647510160
8306 1100925.0814522179
8312 1101090.3946552193
8322 1101260.2964574716
8325 1101617.6137800924
8331 1101782.9235725284
8367 1101876.8589842829
8385 1102236.3115702062
8387 1102340.4892420541
8399 1102517.6941616964
8401 1102757.9129551363
8418 1103449.8019246587
8448 1103988.2488737078
8450 1104149.5497560687
8464 1104173.8074535178
8468 1104873.3593016975
8488 1105524.3598883997
8509 1105567.8484233760
8513 1105792.0012628634
8514 1106164.8970439981
8542 1106326.3601513526
8567 1106407.8395876652
8585 1106646.6336988662
8609 1106743.6080783727
8611 1107380.8497237412
8635 1107467.7034581490
8641 1107749.0853301215
8646 1107798.3916139507
8659 1108194.4518097411
8663 1108220.8447998045
8667 1108275.1544833388
8670 1108279.5253705343
8676 1109393.2687631040
8697 1109413.0381617539
8710 1109480.0508928716
8722 1109499.8237185723
8728 1110350.7964215684
8752 1111252.3954180770
8760 1111631.5305451569
8761 1111895.7075056240
8764 1111901.7917602849
8769 1112608.0009749471
8779 1112833.2089632824
8799 1112918.5985480652
8802 1113309.1617013004
8811 1113609.8249122759
8816 1113810.9045299683
8830 1113843.8460564457
8831 1113911.5916015480
8849 1114085.0039310500
8856 1114656.3219804780
8881 1115012.6778391039
8893 1115193.2289274875
8900 1115583.9937494944
8915 1116122.1908716387
8924 1116464.8088230719
8933 1116693.4980233603
8947 1116720.2384593645
8952 1116883.1570590246
8964 1117251.8819332200
8993 1117373.6813220247
9000 1117414.7937791587
9011 1118215.0646531321
9019 1118297.0394438079
9039 1118815.3600041566
9047 1118890.0452425594
9049 1119768.1929481183
9058 1120123.6879279688
9062 1120226.9656595953
9069 1120904.9998766254
9070 1121054.1089173374
9082 1122199.2055849780
9104 1122407.1718366097
9105 1122722.4554347137
9114 1122983.2379841218
9120 1122992.1058504484
9122 1123048.2528159914
9124 1123442.7117115471
9125 1123571.8269926973
9131 1123781.0932780548
9134 1124736.9128988096
9142 1124896.8357365618
9150 1126047.1508708540
9178 1126330.8378485411
9190 1126760.6887526233
9230 1127143.0255805738
9239 1127276.3541778252
9251 1128221.4499968770
9261 1128583.7709417485
9276 1128700.0198949599
9285 1129010.0410859308
9286 1129372.3639385204
9293 1129678.1388437408
9294 1130711.7195732614
9317 1131756.5347022002
9333 1132249.4232295337
9360 1132443.3024396554
9363 1132484.1348517009
9368 1132954.0491979304
9384 1133144.3833433052
9395 1133700.0661838131
9418 1133972.0073952195
9431 1134621.1807983248
9433 1135093.8128957415
9442 1135599.3825817876
9453 1135985.9764459550
9475 1136491.5425549622
9480 1136562.5785807485
9482 1136670.6110189625
9488 1136908.7223112429
9504 1137310.3666179916
9507 1138189.2144128913
9513 1138564.8686239910
9549 1138845.1647383489
9553 1139975.3675915264
9571 1140076.2234978317
9579 1140555.6277367373
9582 1141001.7054389967
9585 1141228.1780960730
9592 1141865.9478924868
9596 1141887.6155360041
9599 1142120.9171857659
9600 1143210.7648006596
9609 1143744.8051027553
9616 1144706.5478433960
9629 1145010.5923456175
9637 1145309.0386899854
9650 1145426.6341859365
9654 1145532.6526270539
9663 1146143.0296273043
9668 1146646.0814469722
9691 1146756.3538345490
9692 1146987.2375236410
9697 1147157.6853846875
9700 1147660.7271402210
9706 1147731.8055324627
9718 1148420.1885092910
9720 1148482.3390404850
9731 1148560.5975191514
9733 1148968.2353706153
9744 1149171.0859625549
9751 1149404.8187237196
9764 1150128.4518611648
9779 1150617.0189899618
9781 1151072.3514779927
9790 1151652.4718519822
9802 1151876.1364619012
9806 1152118.4011041473
9809 1152801.8293943270
9814 1152808.4311853512
9815 1152820.6432555045
9823 1153174.9496865612
9843 1153285.5458131665
9852 1153328.4516058890
9861 1153368.4286944759
9871 1153726.0426714590
9898 1154044.3441806049
9909 1154274.9986350928
9920 1154564.2451355190
9939 1154619.7468419038
9947 1154686.2803350992
9948 1155113.2010059215
9983 1155446.6343803434
9995 1155808.1542466960
10005 1156295.4866931096
10010 1155787.2415111319
evaluations raw_y
1 687678.8992224867
4 689754.0694502768
5 690989.2292703295
7 714988.4869935747
29 715496.4911396867
31 720839.4365051200
33 721888.1934169319
36 722062.3512819699
38 733561.7865069300
46 734480.7283863156
51 734921.2477597384
58 742891.8168630514
71 745385.2526530515
72 748438.7418759303
78 753019.3275812801
92 761318.8055523064
105 762663.2778999545
115 764026.7930806598
117 764862.7534843346
118 767122.2638952675
119 769523.5217819235
135 775142.0701954967
143 777018.9545713086
147 781320.2691999667
167 781384.2684371329
171 782231.4561914222
176 782487.1808380029
189 784888.8184501320
205 786889.0273830236
216 788970.6172141751
224 789122.7467368027
229 789175.3046601443
237 792887.3901763230
248 793662.2448331438
259 794315.5628064645
262 795558.7515558843
275 796096.9002146872
279 797078.8575759034
282 797977.3419841265
301 799156.3106748620
326 799927.4185985397
338 800831.1464017038
347 801112.3725999186
351 801164.2629110388
354 802052.6397735361
373 802388.6007259489
377 802472.2713271718
381 803510.1293455705
382 803747.3209727312
389 804750.0937005257
397 805229.2641879284
422 805283.2387602099
431 805674.9188286935
434 805693.8543427158
438 805785.6910819277
444 806410.7461582761
453 806622.3979325964
463 806716.8914444823
477 806757.9418889359
481 807751.2865896486
491 807915.3377624388
500 808255.5614813525
506 808593.3421690780
511 809289.2389291559
522 809750.7888449420
524 810682.0992504774
526 811380.2583688818
548 811978.0253283040
565 812547.5215900787
570 813074.1565898478
573 813454.2179670085
585 813477.8640117245
586 813658.2102942732
589 814258.4507256558
598 814371.7074728481
605 814995.5921642615
618 815995.7498158608
623 816259.5009560785
627 817018.2589770785
636 817238.8497591063
651 817330.3956615429
653 817857.1798938471
666 817999.7632235340
671 818680.1768658296
677 819887.0021328430
708 820060.2759817106
719 820663.4163015606
735 820760.0666684612
740 820781.4941021916
741 820971.6966625499
745 821262.8159600208
747 821496.1828922047
750 821813.9733692779
762 822801.8435713853
766 822852.0637249713
778 823346.4540697385
795 824091.3508760864
813 824754.5308631171
834 825363.3389274089
843 825371.5187021926
851 825650.7506574987
852 825807.4115082648
854 826032.6988948906
860 826129.9341774889
862 826468.5919868089
867 826525.8531187827
872 826961.7426243803
873 827062.8151258257
875 828369.9019272397
908 828787.7328682654
922 828863.7284025027
933 829055.1850135518
937 829683.0403537820
940 829934.3105156077
951 830267.7522452665
966 831480.9556591173
978 831636.0916667249
989 833099.9458523825
1000 833219.7668663342
1010 833229.2936484296
1015 833403.9989382530
1017 833753.8721274949
1023 833975.4263735723
1029 834450.7571386117
1030 834538.7723487304
1032 834806.7060126585
1034 834831.6847180033
1036 834869.6656302414
1040 835257.7764031617
1045 835712.1237440502
1047 835729.5760148390
1048 835794.9463244716
1053 835970.8543632526
1057 835998.3133811434
1058 836188.0774413482
1059 836377.6455529209
1068 836673.3130274683
1071 837858.9325420397
1083 838540.9070791369
1098 838648.5980924919
1105 838793.1638791058
1111 839126.4806042596
1112 839536.4460064624
1127 840405.8246190273
1143 840453.8420890479
1145 841156.9463694490
1151 841970.0041917202
1155 842295.8837276972
1158 842521.9878480044
1173 842972.4824769793
1179 843387.4144616949
1183 843698.0580912494
1192 844513.3402525451
1205 844682.3383673086
1217 845211.5607287758
1224 846449.7081458096
1229 847090.2283917392
1246 847885.7910789911
1278 848785.9384043071
1280 848844.4081677403
1282 849099.3928785011
1292 849147.9552345204
1299 849412.6486712557
1307 849608.8102132658
1316 849862.0437223810
1330 850206.8981977627
1337 850256.1769700312
1345 850697.2649847046
1357 851110.3843945932
1361 852049.9105465756
1376 852463.0257849210
1385 852540.1377157497
1387 852857.1540039926
1395 853767.3527987846
1399 853935.3296189988
1402 854182.7741004500
1406 854360.6135446745
1411 854477.3558146739
1413 854944.0126840818
1418 854990.6410256812
1426 855089.0651114221
1429 855356.4087983242
1434 856205.7648101763
1444 857506.8104191382
1451 858165.2630482940
1454 858211.6799363217
1459 858701.4580842535
1460 859424.1881151907
1464 859780.6960694271
1469 859782.5206554970
1470 860477.8792631726
1488 860673.4146102901
1491 860778.1293868797
1493 860983.4644189700
1494 861528.6952347881
1499 861588.1034929433
1500 861885.8031113995
1509 862818.3790111761
1515 862905.9988518996
1528 863011.3329701099
1535 863514.8165928274
1541 863766.6340722592
1542 864160.5138323865
1557 864675.8098811042
1573 865288.5380960819
1574 865799.2730799236
1578 866448.9691587329
1593 866915.6483526839
1605 867007.1690968227
1611 867132.7992869760
1618 867520.1892589410
1621 867858.2051089508
1625 868682.0410147688
1642 870214.3749751851
1670 870602.9939095599
1677 870882.2218851092
1682 871237.0060976101
1690 871905.4695467006
1696 872405.0169616306
1698 873348.7126584022
1715 873820.4094338733
1732 873833.4774393038
1746 874654.5619554443
1758 874806.7985961166
1764 875365.7539865130
1770 875627.8831404138
1776 875653.7716835955
1780 875847.4769862372
1790 876242.7097096608
1801 876455.5615242245
1805 876604.2663711326
1810 876724.4326135638
1816 876750.3153214318
1822 876750.4562125505
1825 876811.7439805688
1828 876818.4883117191
1834 876950.2049741934
1841 877270.9895592039
1846 877310.3833688329
1848 877692.4527784464
1859 878250.6561250696
1861 878267.6359032979
1869 879297.3276490407
1887 879745.6925957351
1894 880141.4371716819
1898 880287.5293115590
1904 880855.6957443884
1920 881324.8391541534
1921 882299.5030181573
1933 883191.9546108127
1958 883718.3548895892
1964 884066.8028884601
1974 884153.0787905538
1980 885439.8273118200
2004 885965.4545744048
2023 885983.3702268513
2024 886300.5209877619
2036 886331.7480782999
2037 886858.2425799323
2045 887166.5991393508
2048 887336.8170060508
2051 887531.3721825484
2057 887700.5499495704
2059 888560.1080823959
2062 888594.4751079128
2069 889227.7554259504
2074 889325.0430849859
2076 889466.9281663379
2078 890146.0778875852
2081 890999.5300242102
2099 891107.7981024432
2110 891902.8328479502
2111 891937.3913731598
2112 893203.5212992403
2126 894038.2579551275
2134 895023.9651440879
2138 895112.4345219831
2144 895714.1369183846
2146 896253.3596234681
2149 896389.1109623219
2153 897292.8906992001
2169 897380.9072657920
2173 897964.4411558718
2175 898135.2009455010
2188 898536.5509050830
2193 899497.2125787805
2204 899499.7585990672
2208 899885.9765481619
2214 900492.4003300511
2216 900550.8080726340
2241 900701.4807467641
2242 900881.1641423675
2250 901159.4355436235
2279 901306.4099529641
2301 901595.7100162455
2302 901867.1095528884
2319 901901.8945908813
2320 902939.3317604259
2336 903325.0223811546
2345 903658.9631042015
2356 904542.5966359515
2365 904895.7362860526
2369 904896.1150833385
2373 904983.1531505203
2379 906145.7335000213
2395 906440.7108989361
2399 907727.8992851607
2410 908666.0732557466
2423 909051.4534109528
2430 910337.7567670655
2454 911274.6418827205
2473 911318.2684775392
2488 911572.7800007312
2497 912012.8116500771
2500 912315.9009099257
2529 912698.7728774442
2530 913852.9953093556
2542 913866.1466454762
2556 913876.0423840127
2558 913950.3396699150
2563 914442.8299703023
2565 914634.7817463108
2566 915047.5564371123
2570 915470.3357711599
2571 915549.7715269551
2573 916236.1253237971
2575 916790.2315940881
2592 916987.6541478364
2594 917074.2597015060
2596 917238.1074674791
2602 917590.2030561572
2603 917988.1259683712
2608 918581.0452185766
2619 918694.9409099928
2621 918781.5445246362
2623 919223.9122247050
2636 919606.4936424913
2646 920290.4017609492
2655 920777.7244008848
2664 921043.2058416472
2668 921700.9689232878
2670 922192.7009847712
2679 922806.9956794431
2683 923146.1509716274
2689 923427.9911829885
2705 923643.6470158469
2706 924092.9965675249
2717 924928.2226499467
2725 925560.8820790492
2748 925642.4633777880
2749 925757.6079735244
2755 926375.2820153929
2762 927037.6209364261
2763 928128.6585560439
2790 928192.5587336569
2791 928354.7738440459
2799 928735.8337628337
2801 929339.0271140722
2813 929591.7381453036
2819 929840.4549172608
2822 930323.7498979329
2827 930926.4846525403
2833 930984.8978443696
2836 931196.7752276299
2840 932578.5048830264
2851 932619.6042755572
2853 932665.0545316008
2869 932667.5287799184
2870 932805.9837508216
2871 933454.9109774968
2880 933513.0068336905
2886 933754.1968734136
2910 934399.8268832213
2934 934923.1184111057
2950 935111.6881488813
2961 935382.1994790776
2963 935466.9686288064
2966 936078.7882270728
2974 936270.2439125228
2992 936885.2171142905
3008 937137.4425770770
3040 937161.5708800271
3050 937166.0269841512
3051 937183.2905229280
3054 937841.2026297506
3062 937936.0973070649
3068 938137.3571590955
3069 938670.7978887762
3077 938863.6556984984
3085 939838.4221394127
3089 940221.5430709774
3101 940364.7179942889
3108 941149.4444389833
3111 941175.3475674586
3121 942733.2511565445
3148 943329.3340512041
3150 943870.7560359910
3158 943930.4064920015
3171 944217.6521891912
3175 944652.5316909793
3203 945195.9376016512
3216 946990.2212685085
3238 947437.1457030793
3246 947843.3870570944
3259 948027.4385298047
3262 949017.8970644427
3275 949333.3306822012
3297 949547.8119754189
3298 950195.6754069313
3320 950815.7428164830
3327 950969.8992765149
3341 951030.2096759956
3342 951393.0773113337
3349 951483.0421068306
3359 952158.0668746938
3363 952388.1916055304
3367 952424.7637935836
3376 952767.6484864095
3386 952884.6051721611
3389 953667.5214583996
3395 953985.5240744706
3402 954169.4164435925
3404 954427.5760232969
3411 955047.4130157423
3426 955324.7677928251
3434 955398.9398656323
3436 956633.5866248065
3445 957552.7129676965
3451 957601.6447755547
3463 957852.5483986067
3464 958536.4481570792
3472 958627.2254204152
3480 958940.2592139679
3481 959241.3717305127
3492 959933.8808089502
3525 960540.2477818010
3540 960545.3753651950
3542 960751.1948851034
3546 960955.9181421683
3547 960974.9490116689
3552 962045.3611706063
3555 962603.6229788244
3578 962898.4093106188
3583 963127.3284305879
3601 963149.9742739184
3603 963291.9951278077
3605 963756.1675820196
3606 963930.9079797372
3610 964117.5345336189
3626 964412.9199787122
3629 964439.4387610219
3639 964852.9592255008
3642 964967.4222585167
3645 965509.7061621554
3654 965723.2165782190
3655 966186.8975900417
3671 966561.1714410816
3690 966758.3602550962
3694 966907.5102380771
3696 967076.6103414735
3698 967366.6939450612
3700 967481.1388683328
3708 967485.3161981318
3714 967636.6548683223
3719 967928.3654203992
3726 968202.5644290881
3729 968795.1465632431
3736 968935.3874145829
3744 969372.4631897730
3745 969407.9459870030
3751 969597.3061338790
3758 969598.7979875016
3761 970582.5666551903
3765 970881.1643736635
3778 971422.0743197467
3791 971757.7189049388
3792 971804.9444360365
3811 972625.6518187500
3821 972648.2075528002
3822 973828.3559414671
3841 974718.2397767566
3843 974898.7141606881
3854 975935.6805128665
3860 975978.7510888636
3864 976290.8664805192
3867 976403.7813565457
3879 976518.5844640998
3880 976677.8341730254
3881 977149.7520829808
3887 978082.6986149267
3894 979090.2402788198
3926 979452.2239729442
3929 980932.4235296567
3945 980981.9282484554
3947 981800.4722301478
3962 981938.2607298482
3979 982213.1528225441
3983 982757.0815058452
3989 982924.0046379167
3991 983075.5603664970
4000 983641.0374448567
4015 983940.9524242294
4017 984216.8484306020
4033 984514.8856218038
4039 984826.9389790198
4052 985101.9256586706
4065 985504.2194262557
4083 985771.6402276574
4085 985924.3254936743
4086 986333.2209755108
4097 986921.0835124552
4101 987034.5080405043
4105 987364.0609325353
4121 987976.0728822583
4132 988269.9551595985
4139 988656.1334171991
4155 989356.7402280056
4162 989436.2803578014
4164 989878.1187351678
4196 990404.4676385242
4200 990677.9056150158
4207 991171.7275858857
4219 991428.4554853761
4224 991811.1043426824
4231 991813.9022695557
4242 991829.6236321250
4243 992346.7261267219
4251 993618.9276092193
4266 994343.9220620473
4269 994663.5560583990
4283 994749.5618520128
4287 995308.4778777445
4296 995355.3025947587
4298 995719.0303381559
4302 996203.9645909118
4312 997250.3012132053
4333 997812.9341167724
4340 997929.7911705738
4341 997965.0675517446
4345 998133.0174931698
4349 998621.0897251199
4351 998819.8260946971
4371 999475.8474604612
4379 999905.5947011033
4391 999933.3401536341
4393 1000149.3294704708
4397 1001371.6601602724
4404 1001406.9228180393
4437 1002127.1546193702
4459 1002238.7685732474
4462 1002829.9531798698
4470 1003037.1416231272
4475 1003402.1963303906
4489 1004146.5902440016
4508 1004313.4871595086
4525 1004832.3171300624
4540 1005763.1985582480
4560 1006201.3101817468
4568 1006648.1820006223
4570 1007322.5847021493
4577 1007672.6253029851
4587 1008403.8179788189
4606 1008571.1607092537
4608 1008671.6971373403
4621 1009076.9860068643
4626 1009356.0751858485
4648 1009665.3874190357
4651 1009992.5967924314
4671 1010301.9064786248
4673 1010580.9833487201
4674 1010825.5992953591
4681 1010837.9012028658
4690 1011048.0172353677
4692 1011592.6059644369
4710 1011837.2197724362
4720 1012688.8893229730
4722 1012794.8773117288
4737 1013196.1446473522
4739 1013553.5413333985
4748 1014315.8282606705
4764 1014584.0711539115
4768 1014765.6570291066
4779 1015142.0120271095
4791 1015216.1755553460
4793 1015507.8625251378
4799 1015730.8390302078
4802 1016176.1202101122
4806 1016643.2832319285
4813 1017146.0576050526
4825 1017817.5385299207
4831 1018121.8570314166
4836 1018793.3368627578
4852 1019413.5862796027
4867 1019783.8202257344
4891 1019888.1932930582
4898 1020607.9702067294
4927 1020725.4033319873
4946 1020880.3761606455
4950 1021038.4301748992
4975 1021193.3991888035
4980 1021247.7621204476
4983 1021408.9858589724
5007 1021717.3376391070
5019 1022036.3329499933
5026 1022099.5553385006
5032 1022215.6097044325
5048 1022410.2311744860
5064 1022905.7777925330
5072 1023142.6438150725
5108 1023322.7156543460
5116 1024075.7526297073
5148 1024245.3562987389
5154 1024254.0166931421
5170 1024505.5712585713
5183 1024675.1727848919
5199 1025452.4096571311
5219 1025655.3137873510
5227 1026051.7239561857
5231 1026146.7350995403
5235 1026569.5281279372
5239 1027207.2016090970
5248 1027354.5477956968
5255 1027885.7531582511
5259 1028736.5344016771
5271 1028873.4882087938
5291 1029684.4844776755
5309 1030005.7871743281
5319 1030405.1349056335
5327 1030631.4960955984
5352 1031245.3380107018
5359 1031279.0743347054
5365 1031415.9914233300
5371 1031623.7972479854
5376 1031760.7291754263
5382 1032156.8707079251
5395 1032570.3415365505
5402 1032667.5957105426
5414 1033477.2039515675
5433 1034140.6620753275
5445 1034212.6536158874
5453 1034523.8943465578
5459 1034919.9146359749
5469 1034988.4283425875
5472 1035273.9597801100
5477 1035639.0894501720
5486 1035748.3000305520
5492 1035758.0342740180
5494 1035956.5800246646
5498 1036401.7179973882
5502 1037341.2911946933
5543 1037485.0148138360
5544 1037782.8048591510
5545 1037820.6066716803
5553 1038597.4090315690
5554 1038937.1295290462
5568 1039433.4412502585
5574 1039448.2249283547
5577 1039998.1941053126
5589 1040436.5475297841
5591 1040798.4989766577
5603 1040897.1299608109
5610 1041362.0367081648
5620 1041856.8807805456
5635 1042179.5198437090
5649 1042362.3871762374
5667 1042597.5735021391
5668 1042678.4758796502
5678 1042698.5680543092
5682 1042956.6915653584
5683 1043256.7988492524
5685 1043363.1507900459
5699 1043963.7661373959
5708 1044022.3658594160
5709 1044192.8545445282
5714 1045569.4462084292
5732 1045694.7050553166
5734 1046676.7087573644
5738 1046829.4676064783
5758 1047728.0081467615
5763 1048193.0541526491
5770 1048416.1385758996
5779 1048801.4215396354
5787 1049076.1045337114
5791 1049508.4907616947
5793 1049583.5840575465
5802 1049771.4304823729
5811 1049899.9659797449
5813 1050052.0832188360
5844 1050680.9455751665
5854 1050745.5219696809
5878 1050781.4591074686
5897 1050790.4480711606
5907 1051368.6452216969
5927 1051377.6268688904
5929 1051801.1451149951
5930 1051843.5192740024
5940 1052187.9769552941
5941 1052230.3504371280
5967 1052504.5863988220
5969 1053340.7077040751
5998 1053508.2770433952
6014 1053887.2896403135
6015 1054428.7208919099
6031 1054932.1653577294
6060 1055035.7797321153
6061 1055689.9876691450
6089 1055870.1551558895
6105 1056193.4273680400
6113 1056385.4222010730
6135 1056989.8873183753
6149 1057030.4481037674
6151 1057345.8596770854
6163 1057888.2317377327
6177 1058811.8452701888
6200 1058822.8178881530
6204 1058985.7074102049
6209 1059746.4252949255
6220 1059831.9900048571
6227 1060892.1980077808
6233 1060965.8382141504
6263 1061117.3208239605
6264 1061871.7841205255
6285 1062134.5289734786
6287 1062625.5213915573
6294 1062645.9214562795
6296 1062971.3565527052
6303 1063015.4522484078
6321 1063362.6015118465
6334 1064000.2747340174
6354 1064485.8594788634
6374 1064707.2724908493
6375 1065158.0158907485
6410 1065875.5487735644
6418 1066635.6322791462
6419 1066816.7618203957
6444 1067176.4322132778
6445 1067698.0437666255
6452 1068530.9852998180
6468 1068710.7209009135
6491 1068873.8500288241
6497 1069069.0927860478
6505 1069400.4406357293
6507 1069757.4228148784
6514 1069872.9809376195
6538 1070147.0951022236
6541 1070160.8614691454
6565 1070417.8642992610
6567 1070431.6390378473
6572 1071147.0749782226
6585 1072097.3238289384
6627 1072686.9637839939
6638 1072917.1619213505
6643 1072949.6811335629
6651 1073671.9773659464
6662 1073713.1561961160
6668 1073745.6733336251
6678 1073772.3695584515
6680 1074467.9582681705
6693 1074500.4739554534
6707 1075401.8138242711
6711 1075729.6502583732
6740 1076369.4072965290
6755 1076540.6424772686
6775 1076733.7780971092
6781 1076893.4935140163
6796 1077290.3695082876
6821 1077515.0219166663
6840 1077777.4459147153
6850 1078139.3966206298
6867 1078497.1243459906
6871 1079827.6744584576
6903 1079881.9963705547
6917 1080811.7670053975
6938 1081350.7077928162
6946 1081726.6217302780
6957 1082217.3657902381
6974 1082524.9867093759
6975 1082898.7627297877
6979 1083015.7295719350
6990 1083530.2472100728
6991 1083850.4356157994
6997 1084072.9732643669
7002 1084389.9934510235
7005 1085119.9956848288
7010 1085548.9741466437
7034 1085657.4202515611
7047 1085832.7824216788
7059 1086318.3915931135
7078 1086858.8783443265
7103 1087618.0729499413
7126 1087760.1066658455
7129 1087897.5000233350
7134 1088608.8556082679
7135 1088642.4477965664
7158 1088661.3677595528
7172 1089275.1186771512
7207 1089555.0893557314
7208 1089712.8056503313
7211 1090084.8868454057
7224 1090227.3667155807
7226 1090691.3592716032
7228 1091205.9281783064
7245 1091262.6244552007
7250 1091322.0521167424
7258 1091856.1344521083
7273 1092809.5966163240
7296 1093044.7263958259
7307 1093053.1447354353
7308 1093084.4272500472
7309 1093242.9782469573
7331 1093540.0795782851
7334 1093641.3569387603
7336 1093652.8043419416
7342 1093738.3291196418
7344 1094099.0992442886
7355 1094421.1222030143
7370 1094802.3140979044
7374 1095288.5990643266
7383 1095412.3790118073
7394 1096134.8216711557
7414 1096273.7224792286
7418 1096466.7217174508
7419 1096917.3483097451
7421 1097015.3351036920
7433 1097322.3824779724
7442 1098332.8070078967
7457 1098653.8483867396
7460 1099133.3577425475
7472 1099803.6385556236
7482 1100331.4009926568
7499 1100583.2458093648
7522 1100934.9088446754
7537 1101123.0218512132
7544 1101322.2834412539
7554 1101510.3905466392
7568 1102171.0918503597
7584 1103352.7864846711
7611 1103901.7081890525
7636 1104260.3074600075
7657 1104349.6291571402
7668 1104490.3988605207
7673 1105306.2363590344
7679 1105308.4191272513
7687 1105376.1604228790
7689 1105398.2473105206
7694 1105647.9600672920
7695 1105933.1721790943
7702 1106539.4718557517
7715 1106700.6060331231
7721 1106979.9430752720
7725 1107799.7919335463
7747 1108378.8665189494
7757 1108607.2761277438
7765 1108781.5356071074
7769 1109392.9175528351
7781 1110035.1212474171
7785 1110141.3695478977
7795 1110374.6551975573
7814 1110507.0082020741
7830 1111187.7825560216
7849 1112168.0086267006
7875 1112389.7370703104
7879 1112404.5846051893
7884 1112642.3800786068
7890 1112643.1827221594
7906 1112879.7575112961
7928 1113489.9380309426
7949 1114080.0833043247
7963 1115100.6884615151
7974 1115196.4927607465
7977 1115302.0967272113
7990 1115446.7578120031
8000 1115767.6084443696
8013 1115785.8547991614
8032 1115791.7150781860
8033 1115954.7672532557
8034 1116108.9594388467
8035 1116306.0246380628
8038 1116324.2706051180
8052 1116866.1662629587
8071 1117314.7217589130
8087 1117678.4606916930
8107 1117790.7220032276
8115 1118239.2771069116
8126 1118512.7401403959
8135 1119384.8065239061
8148 1119552.7499653550
8150 1119581.9103735576
8165 1119607.5538063219
8167 1120349.7889924797
8176 1120377.1976153564
8184 1120479.1171194313
8186 1120537.2586554822
8191 1120730.6868583155
8204 1121283.3737641098
8208 1121702.4481096782
8212 1121797.8334695208
8215 1121953.9771168404
8221 1122462.5297133448
8242 1122758.1848078587
8248 1123093.5440445074
8251 1123339.2623656085
8262 1124094.6035733609
8267 1124217.9401226451
8275 1124823.6721474547
8283 1125049.5599568745
8287 1125263.4353742006
8292 1125275.1550368047
8297 1125692.1272550279
8304 1126146.3718916341
8324 1126960.2103429509
8334 1127313.4543745392
8355 1127535.4018541130
8357 1127926.3633076712
8366 1128065.3160642444
8378 1128629.7424560229
8390 1128816.8643088713
8399 1128959.5745743611
8404 1129269.0022509655
8448 1129796.7985457680
8478 1129812.3677715180
8501 1129959.7316927898
8518 1130197.9351645692
8534 1130424.0752221921
8536 1131019.6558350951
8539 1131106.2380358018
8549 1131927.9385763817
8555 1132567.2094386087
8568 1132995.7012294848
8584 1133545.1693325131
8590 1134534.6610944106
8612 1134706.8667458198
8616 1135208.8745511628
8624 1135586.7135396618
8647 1135894.1651215500
8673 1136136.5953629918
8677 1136383.5025678868
8690 1136670.2498610218
8696 1136988.6493892064
8699 1137697.1963476518
8711 1137746.9012058587
8716 1138180.9670238015
8719 1138225.7538969398
8721 1138225.9439629056
8723 1138499.3631486774
8736 1138709.7053758975
8740 1138754.5066078550
8752 1138897.2976160499
8756 1139160.3373952855
8759 1139422.0059634594
8783 1139874.7277187405
8793 1140474.7906473305
8809 1140887.0377370315
8822 1140952.8482520885
8827 1141174.4639902618
8833 1141216.4046107160
8834 1141277.4655163570
8837 1141665.5953203759
8840 1141997.2944214453
8926 1142440.8117378962
8964 1142679.5862180265
8977 1142911.5693937563
8999 1142980.0154110936
9007 1143325.1151391936
9008 1143476.8420506946
9018 1143664.4291399007
9029 1143739.0269694065
9033 1143751.4767291399
9035 1143976.5360172780
9036 1144382.1867501989
9056 1144690.5214810716
9075 1145130.5413399171
9106 1145309.4002306527
9107 1145803.5977115184
9144 1145981.3813732723
9145 1145982.4472437743
9152 1146133.8930880134
9166 1146265.5379769690
9182 1146461.4414126237
9184 1146489.0312250259
9185 1146770.4432824871
9194 1147321.1972491089
9230 1147366.9073499723
9238 1147367.3955948213
9242 1148007.9282470143
9258 1148052.9720952979
9269 1148272.6486656629
9291 1148958.7061097925
9299 1150136.5834734733
9346 1151063.6217886645
9354 1151359.6120134052
9359 1151695.2896029206
9375 1151897.4124309462
9387 1152806.0819101371
9425 1153008.2013392085
9428 1153157.3972732616
9431 1153400.1670448140
9448 1153736.9897491308
9461 1153887.3726934686
9463 1154032.9519096764
9467 1154066.4380983475
9489 1154309.2143868865
9494 1154362.3732300012
9495 1154523.7542173509
9496 1154600.3569914326
9498 1154815.9578377418
9516 1154993.7114959718
9525 1155634.6015099643
9553 1155964.8779894605
9558 1156586.4039560535
9560 1156741.2258381580
9587 1157257.1672681619
9589 1157521.2496483496
9597 1157566.1530779318
9598 1158038.2980974519
9618 1158119.5174052389
9631 1158509.7471994695
9632 1158621.9715187363
9645 1159049.4861115930
9652 1159533.8099002070
9674 1159875.9787046076
9693 1159894.0486059804
9696 1160319.6343377780
9720 1160640.8053999871
9731 1160809.8624897550
9744 1161131.0288048191
9776 1161279.5957513412
9779 1161299.4563213955
9788 1161639.7017771159
9791 1162056.4336238964
9811 1162565.0996934362
9822 1162815.4393345218
9830 1163028.7750901675
9856 1163692.2143843023
9878 1164053.2800984760
9897 1164427.4239759822
9898 1164930.0357881221
9910 1165054.4634548910
9915 1165671.7735130147
9944 1165796.1686701772
9960 1165833.9596588085
9961 1165958.3462279623
9999 1165989.9807414704
10010 1165958.3462279623
evaluations raw_y
1 715605.1468396088
45 716178.9813178889
46 717026.2937351934
54 721086.1757280261
56 725404.4117838430
60 726627.7175656903
62 729600.5028209413
71 731621.0593997617
76 733951.9470894081
82 737513.6008623309
88 741125.6024709844
91 742432.5717747055
96 742834.5215163387
104 746789.2736362694
112 752096.3740617631
141 752290.5561199265
149 758816.5152638415
168 759576.6364516040
182 762306.0574527484
199 763024.2326994403
206 763178.3110614954
211 763598.5889204738
220 765142.1863032719
235 765192.9440234888
246 765289.8025423882
251 766258.8558706157
252 766695.5975021755
264 766978.8275992731
266 767348.1072020933
271 768222.7934223635
283 768335.2183868580
292 768816.4324461913
297 769576.1256450273
305 770040.6780115422
317 770420.7716984302
323 770476.8436633380
325 770602.2488390715
329 770937.4377081046
330 771930.8814626720
341 773176.2671266038
349 774056.6159996117
362 774301.5486509235
365 775545.6827935308
384 775611.6819908500
386 776147.6531315747
399 776259.6695817629
420 776733.8200357686
425 777071.5156441461
438 778085.3903205238
446 778368.2674330244
451 779926.9282601565
460 780695.2459264242
474 782106.3509188497
498 782549.9019102552
502 782962.6026384762
504 783113.8062639721
513 783880.2066808549
529 784788.3076805009
542 784812.3363664302
545 785544.1313056964
555 785959.1577294095
556 786830.8443029511
579 787016.3637693074
588 787146.7310176644
591 787475.8612403175
593 788451.4739713332
595 788758.0487355512
616 789617.6726332407
627 789924.2469170387
639 790085.2613384011
640 790436.5460908113
652 791039.7556225510
662 791172.2656535693
664 791693.4655847583
667 791946.6517719635
670 792219.0860791305
671 792532.5029661891
675 792658.1802894607
677 793100.7458000749
681 793558.7827756272
689 794116.9195539100
692 795207.4047539497
701 795432.1554522724
706 795570.8812408735
708 796311.5554399906
721 796758.0867027238
729 796795.9522272534
731 797419.6674337164
732 798263.5012977284
749 798551.0133498926
750 798634.8716745561
758 799217.2981404345
759 800307.7037235233
773 800628.5874608399
782 800866.8225878576
806 802209.9244641259
814 802252.2631713160
820 802352.7177625747
821 803347.7125070737
837 804647.3998866091
855 805434.5615745999
864 805699.6561017751
869 806289.1116787614
875 806314.7271647874
883 806417.3781851268
885 807129.0938785600
896 807725.4077736090
905 807788.6769275788
912 808091.2397219600
913 808725.8080750223
917 808879.0879306152
922 809081.9232511421
928 809716.4858364919
958 809982.9231390574
963 810557.2658753630
980 810971.8240939371
982 811166.0991786284
983 811693.4121229042
985 811975.9868748622
1003 812432.7895010563
1006 812593.8658120946
1009 813025.7003765530
1017 813245.7067526787
1028 813638.6227781539
1037 814018.7788255942
1041 814560.4452984948
1053 814747.9473370269
1056 814919.1525389582
1059 815277.4091097907
1063 815799.2365300320
1071 817390.4378322343
1074 817607.3923531278
1080 817673.6732787258
1081 818604.3705789318
1098 819571.1007084840
1117 820719.3960245410
1138 820982.4505070904
1152 821525.6308238897
1168 821932.8487814276
1173 822285.2797722939
1186 822541.8783637465
1196 822673.8196259594
1208 822989.7136919234
1211 823282.8471296114
1228 823429.8650049423
1231 823502.5159840615
1237 823536.3559766982
1244 823878.6595363612
1249 824460.6047061800
1253 824541.5564569125
1262 825117.2893352364
1267 825182.0243315295
1281 825251.5789906345
1282 825491.2200596626
1296 826927.8924372477
1311 827079.7957296623
1317 827150.0675018486
1319 827237.0845243682
1322 827502.4659462782
1327 828826.7630676378
1333 828984.0493491309
1335 829360.0147367810
1336 829506.1204031792
1340 829670.5065222314
1353 829726.6270968878
1354 829920.7084265786
1355 831414.0834295817
1366 831666.6935270112
1379 831892.8560521007
1388 831909.7886876556
1389 832556.4749487351
1390 832714.4233521638
1391 833120.3176566194
1410 833166.2513173572
1414 834043.1935737326
1452 834452.4220156604
1454 834880.6814451695
1463 835497.3159247753
1467 835952.6840386051
1477 836093.3944780678
1480 836266.7675266498
1492 836749.6505428288
1494 836854.1980680051
1500 837280.4140738972
1504 837514.7315942284
1505 838097.7567093170
1514 838322.3242907587
1516 838775.1275798382
1519 839232.0790098219
1526 840055.8865458117
1544 840135.1248862233
1547 840451.6506650689
1559 840584.7743499025
1560 840800.5155979283
1564 841349.4748083719
1567 841490.1641045191
1582 841776.3834923988
1587 842478.7342639903
1591 842499.5525472971
1618 843646.4241404509
1636 844520.1333209220
1653 845059.9890236031
1667 845187.7069983283
1670 845410.4876921809
1680 845423.7112370512
1683 845750.8194737599
1685 846101.3185800967
1692 846251.7680644253
1693 846791.6186644254
1701 846880.1631888823
1716 847020.2564254546
1717 847420.0121497916
1723 848183.1207613490
1726 848405.4030285646
1730 848713.4570027140
1750 848720.3164199051
1754 849312.3066451275
1760 849422.4838083404
1766 850643.3242920239
1783 850709.4032137418
1805 850983.0978516472
1809 851177.7609228417
1810 851196.2084351020
1811 851615.9259487478
1821 851949.2091658197
1829 852153.0067258945
1832 852249.8587796116
1833 852368.9803583166
1844 852871.8010288123
1858 853432.6255999330
1865 853990.5258888993
1870 854431.8546071923
1885 854469.0431714453
1886 854733.7825345752
1890 854960.0773637973
1894 855614.4257380327
1899 855648.5733308258
1906 856225.0065884163
1917 856461.0318404431
1919 856825.1757725471
1931 856896.7256637216
1932 857753.8163981362
1937 858727.4610473040
1956 858885.4892222430
1957 858994.9535752765
1970 859479.0860595923
1974 859494.1887301466
1980 860205.6148165400
1996 860514.3670749777
1998 860624.8352679932
2001 861117.0728346030
2007 861132.1711606936
2012 861285.2328595243
2021 861449.4820920656
2031 861696.0718458904
2042 861966.9474123511
2050 862443.2836404213
2061 862953.9871131646
2068 863766.5616300090
2086 863770.5175977016
2087 863856.9026848105
2095 865343.3687369586
2104 865380.7440128322
2113 865912.7443995131
2118 866261.1830649521
2120 866849.3975371090
2129 867522.1664954234
2135 867540.9125489107
2137 867769.8580494309
2146 868235.4512267780
2151 868238.4660724434
2152 868529.2961127685
2158 868731.6284357974
2168 869586.9949776587
2174 869596.3669764799
2175 869679.3497599686
2176 869730.9737917434
2179 870016.1311648204
2182 870148.9787498767
2185 871514.5429023381
2193 872178.3683414910
2217 873164.7455212980
2221 874042.7864933480
2243 874102.4022065792
2259 874356.7768543705
2261 874906.0487952179
2270 875075.7932473319
2277 875084.5977268113
2286 876449.4325992948
2297 876547.5484557621
2305 876627.0757331811
2308 876952.7687668831
2309 877448.8195898895
2315 878076.5543534005
2324 878173.6873482254
2327 878650.7821664994
2341 878887.4150551974
2344 879013.6113298538
2345 879099.7209682962
2347 879278.5041980230
2350 879612.2781496518
2353 881495.9691130194
2366 882348.6698276313
2372 883520.3006521678
2381 883933.8275130035
2390 884776.6109525070
2396 885174.5303723168
2403 885357.3805063487
2404 886157.5834357773
2420 886341.6028208403
2430 886628.3983077093
2431 886629.5881531325
2432 886912.3540854453
2438 887180.7486703846
2440 887517.4077932453
2442 887963.4518804232
2448 887967.6905402497
2449 888750.3909050536
2468 889346.2608100241
2487 890124.9256312447
2502 890445.4679022491
2509 890974.5151908696
2521 891116.5242583081
2523 891352.6825217437
2529 892490.6214694415
2543 893237.6513542562
2545 893287.6015871773
2560 893858.3063147073
2563 894007.5273918860
2573 895053.5389116874
2596 895092.1716569845
2597 895757.3626128287
2604 895900.7953151608
2608 896042.0873542447
2610 896745.9134050092
2615 897188.1979997915
2616 897602.6614827604
2623 897683.2936833327
2626 898039.0889639439
2634 899004.6176385279
2645 899425.5135801366
2648 899838.1324891766
2672 900466.3825731572
2676 901593.2255600306
2696 902009.4554588443
2700 902036.3399921807
2701 902180.0403902044
2705 902884.4700692078
2716 903291.1670296160
2730 903295.5379974024
2740 903794.0134224393
2750 903991.4485776278
2763 904313.3977935393
2768 904651.8968901744
2779 905637.7362399942
2797 905644.8822376771
2799 905665.0957010119
2802 906327.8225194725
2819 906437.4945472940
2821 906555.2104573629
2823 906829.2936274058
2827 907306.2724609182
2831 907599.7594780481
2837 908101.2243661890
2850 908210.6633083262
2856 909192.8761674974
2861 909808.0694571113
2865 910227.9374063358
2873 910627.7594515062
2898 911042.3553184961
2900 911116.1476857701
2905 911559.4302234781
2911 911643.8593717457
2918 911803.4506031601
2930 912121.6659172551
2931 912564.6841470847
2939 913388.3547324354
2948 914026.2852056701
2958 914404.6146491319
2979 914814.0986228525
2982 914917.6730500004
2983 915492.9963472913
2993 915696.8785611689
2994 915862.3875287300
3010 916022.0269348311
3017 916229.5807024527
3024 916257.1511857063
3025 916293.1076070734
3028 916585.7182839670
3033 917869.9432004925
3052 918166.9462389239
3059 918428.2121372917
3069 918720.3326510969
3070 918771.6504157487
3081 918772.9855628227
3087 919387.9378590119
3092 919480.4758993501
3093 919664.7026864284
3101 920234.3854601672
3121 920991.5979778855
3129 921688.2126148362
3137 921697.8662797144
3145 922200.6775607240
3156 923003.1902147689
3171 923674.6623734322
3180 923743.5445141982
3187 923972.8547413354
3189 924536.9757074660
3190 925420.8862256263
3220 925561.2510805160
3221 926867.2478074331
3233 927670.9533998207
3246 927848.2720275908
3261 928380.8755358630
3267 928621.9481501712
3275 929206.4118849614
3279 929883.7357085724
3292 930457.7323215203
3297 930649.2278213956
3301 931210.5780922465
3305 931765.0748018849
3324 931920.7371969565
3330 932132.1807842803
3332 932464.1731360356
3335 932723.0448339073
3338 933422.1399852809
3369 933604.0146103713
3380 933623.1065548265
3385 933712.8436667391
3387 934038.0407323070
3390 934389.2398305119
3398 934770.8336307144
3412 936400.5088706157
3424 936691.5200545317
3433 937105.6740062408
3462 937108.3142040790
3463 937536.4381195531
3468 937754.4925253764
3469 938183.8161184670
3470 938185.2546564888
3482 938608.3744617163
3489 938884.8288841187
3508 939172.8895298830
3516 939389.4502208363
3525 939807.2451135557
3526 940074.0982352704
3537 940363.6243357975
3541 940363.9680965565
3547 940498.2151798210
3553 941097.9927296247
3581 941636.6096103183
3584 942553.5138729071
3605 942619.5767098098
3606 942967.7547180834
3607 944075.0953946108
3640 944269.2545973565
3643 944273.8890471165
3644 944315.9986125391
3645 944357.8015354110
3646 945026.2940048060
3665 945265.3084846709
3668 945637.4901722322
3678 945693.9990517235
3680 945976.6991492776
3691 946086.8996565386
3693 946171.1281240992
3697 946437.9892929991
3709 947020.2357513516
3712 947150.3432906930
3717 947295.0789020106
3722 947354.4583616373
3726 947962.7746099090
3731 948249.1111977225
3748 949613.4550483465
3753 949769.8340572884
3754 949949.5211370895
3767 950467.8862739687
3770 950644.4497891819
3771 950737.4985046615
3775 950878.7482687350
3793 950936.5635004814
3797 950978.3632700521
3799 951691.9865131653
3813 951773.2485274250
3819 952437.2395814135
3832 952554.6036086720
3834 952733.4407701781
3837 953478.6697132098
3855 954074.7631203949
3860 954798.6273558747
3863 954821.5244838818
3870 955304.5678641156
3872 955360.3594232593
3873 955451.8600752173
3880 955515.6978947502
3884 955630.6544523704
3885 956595.7368515511
3901 957541.6247056508
3922 957573.8389037076
3932 958003.4222710009
3935 958317.4992018624
3948 959227.0550289913
3953 959275.5830117128
3961 959368.2923171131
3962 959432.5996512624
3966 960269.4005409165
3970 960848.7107510737
3971 961689.3530469342
3993 962599.8216047867
3996 963014.9281200074
4021 963860.4944088566
4030 965344.7287712744
4070 965540.6857333962
4071 965627.1841252358
4075 965753.4546432521
4079 965811.7747557239
4080 966012.3991018898
4083 966293.7664013216
4097 967269.2513929524
4117 967670.0895312349
4123 968160.2482795515
4124 968872.3408337305
4136 968876.8856546520
4137 969235.9684558506
4144 969636.6688870972
4147 970033.6010533670
4155 970223.0421701099
4160 970295.9607101721
4167 970593.7928032666
4183 971148.7296044123
4191 971208.3812103625
4195 971281.6035495864
4205 971751.3390668285
4207 971763.3161280418
4219 971824.5561370406
4224 971948.4134757015
4240 972061.1419536807
4246 972954.5898225544
4260 973061.6596871709
4266 973191.6696042776
4282 974031.3161336163
4292 974239.4928823891
4295 974444.5598659167
4300 974911.0755175914
4312 975358.3442250877
4313 975515.5549542122
4324 975901.9377814650
4327 976119.2857959392
4328 976368.4583561677
4333 976379.6135562995
4334 977021.9060622505
4335 977157.9714384405
4342 977513.9412142818
4359 977580.6317495984
4362 977774.7147804835
4366 978303.7803727186
4369 978512.3674463910
4373 978898.4369275637
4394 979073.4608091405
4401 979190.6111214460
4415 979459.5237925545
4427 979792.1556442701
4444 979863.1859093651
4451 980134.7708744084
4459 980256.0537797067
4460 981068.5690375918
4467 981228.5851909446
4471 981248.5243400548
4481 981296.2441666517
4487 981348.4950284974
4488 981505.7307610112
4505 982221.4981264533
4516 982324.3666917041
4522 982377.0076823429
4528 982569.1072846709
4530 983261.1294037430
4543 983377.3115243553
4550 983947.1246005854
4555 984463.2905947525
4563 984783.1338374760
4581 985030.9952208892
4583 986253.4099694438
4624 986820.2165344669
4625 986930.2601395401
4630 987570.7826748159
4646 988051.4318240278
4674 988428.0528865675
4677 988579.6353655774
4678 988737.1763344279
4681 988806.0607489690
4684 988817.7669081049
4685 988919.3945640926
4697 989012.0219761162
4701 989053.5699780054
4708 989228.4204747388
4711 989422.4151395122
4713 989772.1483189265
4716 990302.4659179715
4734 990659.2831043717
4742 990835.6980474453
4755 991152.2605319131
4766 991228.7538504853
4772 991791.2835755930
4775 991986.4954421065
4784 992237.9551657585
4796 992820.4274262813
4814 993213.7216810216
4821 993632.4364984687
4825 993731.1838341237
4834 994164.5889964623
4836 994925.6365744380
4845 995065.2587701300
4862 995545.7946072369
4866 996096.0976724458
4872 996440.8928241659
4873 997045.9095905357
4882 997331.6868256624
4890 997601.4418970965
4900 998367.3900466497
4914 998378.7042536761
4919 998387.1536729668
4932 999040.5394411519
4943 999262.8059095020
4946 999509.8300894529
4954 999510.4491064021
4967 1000124.8027206680
4974 1000232.5692413164
4986 1000833.8546532776
4990 1001598.5838746554
5029 1001650.1413541066
5031 1001782.6921443499
5037 1002130.4373580072
5044 1002181.9910910962
5049 1002624.1219109636
5053 1002675.6726416852
5059 1002731.8668003590
5074 1002789.2983319039
5077 1002871.5569907784
5084 1003476.2313080257
5099 1004172.7886171472
5102 1004571.5374300471
5113 1005362.0265584443
5140 1005966.5970614137
5149 1006771.0183182770
5151 1006911.9388129138
5153 1007333.8786146560
5163 1007690.4342450005
5164 1007729.8775946948
5170 1008036.1519499645
5181 1008193.7451321566
5192 1008886.6652905798
5208 1009114.6831253023
5222 1009794.8585505529
5229 1010022.2301052560
5242 1011592.3174984505
5253 1012502.5981100937
5282 1012576.6777369389
5297 1012705.6154397260
5307 1012827.9122590311
5313 1013154.5554782206
5333 1013411.8211702844
5346 1013537.5160000473
5348 1014671.1166481848
5351 1015150.9131569813
5364 1015471.4504429393
5374 1015857.1909693851
5429 1015901.1226777523
5446 1016277.9636701221
5451 1016299.8119540157
5476 1016443.2779177941
5483 1016461.6834043676
5493 1016882.4551192793
5494 1017119.2518015931
5504 1017648.0328125298
5520 1017971.1744854784
5524 1018357.0285515679
5534 1018574.9780925702
5537 1019109.2390132148
5554 1019438.5203147843
5564 1019482.6011928204
5567 1019601.5592257614
5571 1019759.5913593257
5583 1021369.0900195761
5592 1021383.2777688920
5604 1021627.7150945816
5605 1022602.6136320852
5613 1022698.8611921236
5619 1022727.2383822894
5637 1022855.0954560926
5638 1023150.1669545248
5645 1023795.0887822101
5651 1024239.9082920427
5673 1024514.5658426435
5681 1024940.2957453355
5682 1025023.9584131036
5709 1025648.5096610321
5712 1025726.5504029550
5727 1025898.2820961248
5730 1025937.0201648165
5731 1026542.4611874211
5733 1026646.0255532480
5737 1026928.1754592834
5741 1027787.4570873330
5746 1028017.8679227448
5758 1028061.7186716355
5762 1028213.1352955716
5766 1028448.8465332850
5771 1028910.5918431312
5791 1029005.2951793649
5795 1029192.0684711415
5825 1029376.1909741642
5826 1029584.6052586262
5828 1029599.7748250278
5834 1029929.1054424423
5847 1030160.0591736053
5849 1030207.6991208767
5856 1030302.4003941162
5863 1030343.9455062449
5866 1030493.3532961098
5874 1030588.1141739723
5881 1030680.0901747092
5882 1031391.9572373980
5895 1031410.2326422216
5908 1031672.9451702796
5915 1031956.5040761998
5921 1032344.4091214510
5925 1032886.2806838370
5928 1033075.0924872821
5945 1033860.6664571482
5987 1034662.3329887221
6014 1034886.8686461158
6016 1035020.8362712023
6027 1035217.4103215783
6030 1035688.5347164137
6033 1035958.0113487121
6038 1035983.2377570753
6040 1036252.9996258449
6044 1036420.2033486684
6048 1036551.2775784438
6056 1037504.8358248938
6061 1037578.5084062839
6075 1038373.8311663587
6085 1038787.8755334631
6096 1038843.8323906400
6100 1039489.4272271045
6110 1039894.5898475636
6120 1040346.3759354185
6131 1040975.8812647122
6140 1041077.1701108497
6151 1041341.0397955597
6154 1041567.8024299355
6155 1041625.2208568983
6161 1042667.7562411677
6175 1042774.8201997392
6179 1043600.8138452749
6184 1044208.0796049137
6197 1044846.9483969387
6209 1044938.4793028908
6212 1045217.5151699949
6215 1046126.5965938711
6228 1046377.3257696690
6250 1046919.6407791118
6252 1046973.3119136282
6260 1047109.1451461168
6290 1047948.0035248920
6291 1047953.9986417929
6304 1048176.9940605806
6307 1048280.9733480416
6323 1049432.8233920583
6340 1050423.8542846031
6363 1051221.9073534124
6369 1051413.3426913314
6383 1051599.0467291011
6386 1051788.5988446288
6393 1051952.9511269706
6394 1052802.8297513579
6395 1053723.3892415154
6415 1053979.7179701694
6427 1055086.8214205925
6450 1055090.0387338691
6452 1055650.2486209832
6455 1056156.7459236775
6468 1056317.9454815483
6485 1056481.5981279542
6494 1057188.4828840853
6533 1058341.5365872583
6537 1058506.3486517977
6542 1058991.8595994050
6550 1059046.7208787000
6560 1059080.4548970598
6564 1059265.3676324196
6570 1060545.8114690664
6590 1061378.8804038092
6607 1061453.3154657336
6615 1061539.2502320926
6627 1061564.5899571097
6628 1061569.6042238176
6638 1061862.9044642621
6656 1062487.7163904607
6658 1063699.2739585985
6671 1063975.0568936493
6689 1064063.8809109223
6706 1064554.8560522299
6710 1064731.2653259635
6719 1064864.2565820531
6722 1064919.4503639068
6724 1064995.2890131474
6733 1065094.0522245460
6734 1065249.8567634558
6735 1065473.5767043303
6737 1065747.9881281075
6750 1065864.4366854317
6764 1066001.1866460636
6775 1066265.1480534608
6792 1066640.5371815262
6799 1066863.2794761383
6808 1067130.3557690529
6827 1067505.7423165177
6832 1067971.7070532672
6855 1068003.6536698930
6868 1068509.9096175979
6873 1068603.4733773954
6879 1068635.4166699525
6882 1068732.6454385533
6889 1068916.4305798556
6902 1068981.2995802700
6905 1069344.0466295064
6911 1069533.1285225893
6921 1070101.7609459851
6952 1070262.1368006300
6990 1071127.9751642034
7010 1071567.7801769148
7013 1071816.4723261837
7030 1072413.5801480261
7049 1072604.4383302832
7054 1073109.9767382203
7082 1073300.8374481723
7089 1073303.2263926868
7095 1073367.0516003415
7103 1073900.3374432607
7113 1073935.1577977201
7125 1074248.8984225793
7134 1074259.2902812564
7145 1074793.5519508433
7150 1075090.8698542358
7169 1075449.5787972147
7192 1075988.9024395440
7206 1076337.4611504846
7216 1076947.0302188895
7227 1077295.5843274582
7249 1077367.7542588776
7271 1077675.4725653783
7298 1078072.6641534434
7304 1078583.9287978655
7322 1079212.2146337612
7328 1079551.7924522858
7378 1079714.4410011417
7381 1079831.6837195172
7390 1080376.5692931325
7399 1080460.1837803826
7403 1080484.1740945217
7404 1081190.3219517213
7411 1081289.6152251211
7421 1081439.1653647558
7429 1081509.9750197476
7436 1081739.8651099752
7440 1082289.5350365047
7442 1082844.3024590958
7453 1082845.5807265993
7454 1083037.0849618558
7462 1083437.2022496494
7469 1084175.6570068148
7488 1085016.0978206734
7494 1085570.8363800219
7495 1086359.9805283679
7524 1087130.0809100082
7528 1087214.4193592882
7537 1087434.8172714151
7546 1087754.7257365454
7554 1087845.0687482094
7565 1088268.8953479778
7566 1089006.0316517402
7583 1089139.2822801280
7601 1089435.2489252842
7614 1089476.8909211084
7630 1089989.0435083979
7635 1090211.7355821258
7645 1090627.7916285442
7649 1091048.8537425599
7651 1091113.1894499182
7669 1091128.8690659725
7670 1091281.9975828358
7672 1091950.2972516450
7686 1092809.9623260598
7699 1093065.7081029383
7704 1093466.9498165359
7743 1093580.5680031045
7749 1093604.4748064736
7753 1093775.3531275312
7757 1093864.3127662113
7758 1094692.2971765215
7777 1094785.7598862143
7787 1095670.5643175798
7817 1095673.0842764117
7825 1096271.7838395000
7850 1096307.9511090934
7854 1096807.5765862421
7873 1097162.9719451775
7903 1097373.1889878910
7905 1097410.1992299380
7916 1097444.9520089407
7932 1097623.5869567229
7953 1098212.8067706369
7959 1098403.1273342299
7970 1098784.4610814797
8001 1099026.5122764758
8010 1099496.7505399513
8037 1099705.3609590733
8060 1099895.1367864644
8074 1100103.7443558276
8090 1100138.5009731129
8092 1100165.2619895018
8093 1100201.0257566920
8099 1100778.0943742222
8108 1101230.2639311445
8122 1101480.1018173278
8134 1101640.4504698787
8139 1101990.8268309243
8173 1102006.3856406352
8197 1102497.9169557071
8206 1102754.3327994295
8223 1103237.1461879667
8240 1103638.2571945593
8259 1103725.3331100976
8276 1104151.2470949905
8287 1104587.6842195904
8304 1105008.0628490855
8310 1105059.4592454128
8312 1105856.8339599245
8329 1106091.2268501429
8334 1106255.6458078898
8336 1106490.0282660229
8355 1106567.0815712938
8361 1106591.5407274726
8380 1107026.6877857603
8387 1107664.9917275482
8409 1108221.8318290713
8416 1108349.2007778741
8417 1108662.9905321088
8418 1108920.9257433468
8440 1109110.7469701518
8457 1109743.4052070375
8468 1109805.8861069512
8475 1109923.1677351014
8503 1110503.6748992482
8505 1111014.2268353254
8540 1111094.9334489421
8547 1111542.9751543775
8556 1111905.8923947751
8583 1112434.6308790713
8587 1112698.1681911233
8618 1113235.4751812590
8621 1113294.6136287192
8626 1113368.6598190875
8642 1113463.7814019101
8643 1114083.3563917093
8660 1114457.4483787150
8669 1114602.9477429492
8673 1115182.6849245189
8697 1115578.3434158857
8720 1115790.9550685929
8732 1116019.6322380307
8754 1116093.2899158357
8768 1116340.2961315264
8769 1116465.0069765451
8776 1116701.7852992215
8782 1117084.5975352181
8785 1117673.3519040663
8794 1118045.0645938623
8803 1118080.6741181503
8813 1118817.4940495240
8829 1118991.2053857560
8863 1119163.9198103400
8864 1119543.5606749810
8866 1119967.0464443848
8869 1120140.7573866774
8872 1120452.9921497742
8880 1120505.2208779291
8887 1120626.7015402524
8894 1120631.6496505884
8895 1121352.7590384192
8975 1121675.0426921973
9007 1121682.3525640718
9024 1121935.1554817937
9033 1121942.4406262974
9035 1122629.6050740674
9040 1122889.6732279623
9078 1123118.8413743584
9091 1123798.9122290390
9095 1124278.2885686695
9122 1124314.0239457949
9125 1124483.6226938094
9129 1124557.6098330533
9152 1124998.7333353520
9167 1125770.3355794912
9183 1125810.7116016343
9190 1125812.0998881434
9204 1126758.1963909094
9253 1127199.7336973022
9299 1127221.0535155751
9310 1127586.6426142538
9313 1127654.8859621675
9314 1127874.5285998650
9331 1128114.6343282058
9339 1128893.7901351685
9369 1129308.4388784713
9384 1129946.2679377079
9404 1130258.5547346072
9422 1130955.5773448613
9439 1131208.2163200846
9443 1131435.2573495561
9486 1131670.4175677495
9503 1131938.2302948730
9513 1132605.7453385720
9519 1132632.0308141422
9535 1132879.7111904740
9536 1133289.6997292570
9540 1133299.5339767092
9557 1133905.1529995736
9572 1134094.2665581671
9573 1134192.1932067431
9576 1134198.3314375626
9589 1134380.6898256198
9593 1135015.1761259218
9617 1135471.1292860273
9635 1135692.9225657117
9638 1136191.7358841056
9650 1136230.9505525818
9683 1136982.9589468127
9702 1137481.7935243370
9738 1137852.6638039832
9741 1138351.5028439602
9751 1138877.5893072947
9769 1138962.4219450701
9786 1139311.5184648645
9808 1139430.7480251875
9811 1139903.1099614429
9815 1139953.5265101998
9816 1139987.9396145407
9830 1140245.7038234090
9832 1140302.6215965343
9852 1140805.5507488439
9857 1141588.8836658462
9873 1142878.9411781123
9890 1143277.6153023446
9909 1143692.4574011352
9920 1143781.2385751819
9958 1144225.2616000623
9980 1144462.8176480490
10001 1144655.3107143003
10003 1144804.2105647952
10010 1144832.6254910142
evaluations raw_y
1 686695.9167459406
2 699604.1900143099
3 722729.1703104791
23 723944.5791780587
24 735845.7555428684
30 736449.9487010649
40 741936.8137011573
48 745087.6570769862
50 747200.6612614084
55 748730.8289486229
57 755298.3045259187
76 760180.2270019706
94 763727.7846659870
99 766048.6745242130
105 767790.8893985086
114 767901.4452980646
117 769797.7386155720
122 770330.0786051229
128 770456.7370878231
129 772470.4584086046
134 772577.2809790861
143 775569.9870821949
155 775859.5601028870
156 776981.9001326428
166 777574.2772976875
173 780046.0269706346
187 780574.6915649832
198 781619.2307773490
214 781898.8517176802
215 782162.8715536029
219 782240.0128427119
232 782482.1526509306
242 782544.3572171140
243 782690.2347220386
246 783476.7148974385
260 783614.3371709938
268 784067.9540013128
269 784247.8901841323
273 785030.2920492871
277 785589.9950615744
286 786140.6790634765
288 786176.7457027555
295 786280.8826886136
297 786405.7389092657
300 786852.3500253978
308 787748.3317645842
315 788525.6200574879
323 788665.9458714004
326 789596.3757757759
333 790450.3207483310
350 791138.8782105462
354 791306.3624312029
380 791823.8082567976
382 791994.9182858486
394 792930.9190727293
415 793877.8190794222
426 793967.5394507957
427 794554.7775514295
432 794758.9379410240
452 795176.3352181010
456 795717.2211212530
463 795826.4596039352
474 795984.9408132256
476 796336.6688872260
479 797079.2282701507
488 797394.9827129977
493 797503.7691462106
494 798856.9322792414
496 798861.1783024183
501 799102.4692119485
506 799689.1446381925
508 800507.5677737220
513 800705.2788458124
515 800806.1232249512
517 800997.7016356208
523 801106.4861201093
528 801511.9816141783
535 801627.3607591513
537 801831.8366076538
541 802434.0588022575
543 802542.8423977464
555 802682.5305298697
559 802842.5489279189
562 803024.8033767133
582 803083.7336769052
589 803970.4200541623
607 804243.2577014944
610 804454.7293101086
613 804830.2361504246
622 805334.2876146543
636 805769.5869818650
643 806076.2262725680
650 807352.5975488027
658 807396.3944734521
680 807510.5851567439
684 807774.9434187423
686 807907.8295519244
688 808165.7821997501
689 808530.2455269436
693 810168.5725988661
714 810178.0224829483
720 810592.7990187821
722 810970.4690938002
723 811054.9885650696
732 812083.1233753416
737 813218.2232933464
743 814144.7179548031
773 814533.5240628411
784 814784.7392362682
786 815684.9655401744
814 815915.5178551452
821 815958.6369550042
831 816911.2671987086
841 817862.7711867982
844 818673.4157432209
861 819176.0353129461
879 819647.8864917113
888 820477.7500684297
908 820500.5407233954
913 820625.6722861809
915 820768.7984244544
918 820877.4673893007
925 821185.0494283391
928 821237.3750607610
939 821561.9744066992
941 821713.1477709031
951 821736.3580980495
962 822192.7316006367
970 822912.7883826761
973 823611.6740143705
980 823861.5786841743
996 824221.7361210353
998 824997.0828067586
1011 825036.7698842627
1012 825738.0173980561
1019 826013.5478475350
1035 826642.0110832836
1048 826972.7396326824
1050 827064.5322237390
1057 827479.6823519608
1066 827626.9239824854
1072 828148.3810823149
1074 828515.9993160850
1085 828553.4352552607
1092 829077.8891171069
1094 829183.8089846421
1096 829286.4687843057
1104 829959.1426955933
1109 830004.3851683598
1111 830560.7483969770
1115 831801.2256470307
1126 831839.3744969183
1130 832335.7270321853
1139 832344.6305816075
1145 833504.1690969821
1165 833513.0633802062
1173 834157.9802977449
1179 834289.9183126715
1183 835251.1060438359
1192 835391.9351253916
1204 835400.3108443251
1205 836085.5420381838
1207 836208.7479503739
1227 837428.4707307826
1249 837652.9381946946
1257 837978.9763647210
1260 838595.7053895578
1272 838878.2255025257
1276 839277.7822776790
1279 839783.3092140498
1307 840375.3120503393
1321 840424.3680435043
1331 840719.8882573800
1339 841362.4004103738
1344 841634.3735159199
1350 841786.2684141323
1359 842344.8356535512
1367 842592.0078859775
1374 843057.2650427076
1387 843467.1477133979
1392 843624.9213656166
1396 844182.1041183053
1402 845102.5191148727
1414 845126.6591522446
1420 845161.8196265612
1422 845728.0408572495
1432 846790.4542496866
1434 847165.7739279784
1442 847969.0470630158
1463 848303.1620380835
1469 848753.6755060602
1470 848823.0065694123
1477 848889.8515538409
1480 849062.8727662843
1484 849119.0495501761
1492 849659.8476093108
1493 849833.7059940270
1504 849898.1253518949
1508 850645.4037064313
1531 851302.8720245789
1544 851442.9431377735
1548 851914.6163121606
1554 852148.2998988924
1561 853036.6392423526
1564 853291.6848518297
1577 853936.0771904268
1580 854567.0680829149
1584 854711.8249483076
1591 854833.7962155459
1601 855712.5103938967
1610 855769.0414906685
1611 856203.7955293279
1622 856216.2258529210
1625 856417.8626073503
1629 856691.5965182750
1633 856968.7944150097
1637 857677.4483428062
1641 858099.1051119113
1642 858805.9434206025
1661 859497.9109651430
1671 859780.5384091062
1682 859786.5108578217
1687 859817.9169890875
1688 860177.5130483239
1692 860178.7505080607
1693 860580.9658286541
1696 860616.3613017488
1697 860994.7227939053
1703 861152.1053173698
1719 862039.0322472869
1720 863136.6618539497
1750 863753.1553740092
1760 864183.4973071114
1761 864872.4119823906
1809 865278.3871005647
1813 865899.8949941520
1831 866304.0380126872
1838 866729.9073578003
1842 866770.4611946751
1843 867425.3170793345
1847 867692.6954112439
1865 867693.4021733599
1866 868099.1687046215
1885 868557.9076324977
1887 868561.6251073165
1900 868665.0305259619
1906 868900.2687623178
1907 869203.3649446424
1911 869293.7565543355
1917 870256.0977834695
1932 871058.8700698445
1937 871360.3680314471
1942 871729.8579013321
1958 871749.0142638880
1959 872575.1598120023
1967 872673.7538136716
1971 872963.9434101607
1979 873736.2581206847
1980 873809.0933333315
1985 873824.5490859543
2003 874565.7111648696
2011 874703.8765347766
2012 874767.4922228741
2015 875358.3243776630
2017 875458.7144690107
2020 875797.3506596854
2021 876443.7144749932
2027 876663.2502047290
2030 876798.4006734339
2044 876954.0378824532
2046 877499.3748764652
2049 877668.0067914024
2051 877715.9324265592
2058 877744.4229628149
2066 877967.2714114661
2071 878366.9747280322
2080 878655.5848045931
2093 878970.0595781795
2099 880275.9237783754
2131 881837.5066015354
2152 882046.0377856723
2157 882322.3954868872
2163 882594.4246332339
2166 882786.3115225764
2172 882976.7326876612
2174 883447.4840477684
2193 884240.2259627923
2201 884544.1488172823
2203 885063.9210628117
2214 885471.3718514181
2226 885975.6391192827
2232 886181.3602567408
2245 886575.2470839134
2250 887037.3676613561
2254 887170.8790184192
2259 887215.7562454197
2263 887475.4020046040
2268 887722.9624776024
2277 887890.1206945428
2285 887937.5220682049
2286 888054.7658525032
2287 888471.8047328966
2289 888653.1724491522
2299 889520.7129667196
2308 890207.4236089971
2329 890369.3059857327
2332 890805.9506617589
2342 891880.4851842127
2365 893299.3861306122
2381 893559.0278973243
2382 894292.6805799368
2383 894658.7446022364
2395 895196.7042276405
2405 895607.2853938407
2422 895769.8872541051
2424 896168.9382324353
2425 896469.2979602603
2427 896526.6918040353
2429 896627.8082619297
2435 896774.9970358299
2438 896917.5504228716
2440 897197.2263233594
2444 897445.6157805576
2452 897540.6732110743
2455 898335.4623791225
2460 898545.1302201636
2465 898828.5316665643
2478 899160.1383016537
2480 899296.8299366086
2492 900004.8996197005
2503 900725.8842215613
2514 900862.2251945324
2519 902082.9261070183
2527 902354.0837541885
2531 903210.0877998236
2536 903258.3705059449
2539 903575.7870229721
2552 904231.2057982730
2556 904306.8892969714
2557 904537.3416664122
2560 904646.6163586447
2562 905215.2333968140
2570 905422.1434009034
2578 905689.6981213497
2581 906398.1777098514
2594 906607.4167872331
2600 906772.4237751766
2612 906886.3139540820
2614 907184.3571103620
2616 907456.3199080999
2624 907462.3064398011
2627 907805.5130880449
2629 907805.8265999164
2634 908046.7584651686
2642 908120.2042528548
2647 908616.1810114125
2648 909153.5775782578
2676 909719.7980805713
2686 910044.3797264157
2705 910421.8252615930
2723 910812.7152702882
2729 910944.5196816812
2731 911786.9237417276
2742 911884.5435572501
2750 912247.6211408122
2753 912407.1930686273
2754 912563.6927503968
2756 912637.9997825004
2758 913544.1772394376
2762 914294.4439461102
2763 914444.8039555046
2773 914615.9457090852
2783 914901.3159778870
2788 914964.3520860722
2793 915894.5277084572
2795 916174.1857079945
2805 916291.8790528328
2813 916544.1276222985
2815 917201.3537856122
2858 917440.4306853985
2861 918129.2115647098
2877 918590.3123116120
2883 918721.6071355109
2885 918840.7669022973
2887 918893.6220353839
2898 919620.2533902993
2902 920003.8131605602
2908 920166.2317693071
2915 920796.1356200260
2935 920842.9576470724
2941 922231.6457177217
2958 922359.8441655665
2961 923367.2329725305
2962 923593.6305324878
2981 923893.4329308072
2990 924081.9125358070
2997 925366.4624378746
3013 925782.2816813876
3024 926208.9784236272
3027 926468.5202419102
3036 926667.7723435964
3041 926744.0703614027
3046 927586.4962774350
3060 928028.7916872215
3067 928591.5333144756
3084 928726.8309260311
3085 929952.1974090994
3115 929981.3159846807
3119 930482.4562968230
3133 930524.9345587159
3134 930573.8470473354
3141 931213.2548252721
3149 931326.1584823396
3157 931377.4548484063
3161 931537.6812667876
3164 932135.1106154091
3168 932426.7216267769
3177 933042.4148537042
3178 933080.7508342976
3186 933113.5570762607
3189 933602.6255399435
3195 933956.0969972899
3207 934590.4140579667
3217 935355.3845669909
3233 936290.2555868492
3246 936530.1928276925
3249 936608.0910171332
3251 937310.4176061085
3261 937417.4077189323
3273 937914.7397426767
3280 937919.9164290334
3282 938347.5018044661
3287 938791.9642141466
3288 939211.8507984603
3308 939682.1867047863
3318 939993.6880627039
3319 941049.3737315505
3344 941177.2883066671
3346 941256.6689003060
3351 941867.9730111809
3357 941950.3319632121
3362 942049.5505978924
3365 942624.2271938836
3370 942813.6604842249
3377 943249.1355644480
3382 943686.0290447542
3383 943893.7773485035
3391 944006.0465277875
3400 944121.4970360146
3403 944976.7185425976
3419 945598.3571205474
3441 946564.4061987161
3450 947502.5514470572
3467 948268.2311964440
3477 948808.2332877119
3489 948812.8489414287
3497 948935.4759798542
3502 949021.1466690253
3510 949056.9785116283
3530 949061.5937114954
3532 949132.0922905488
3533 949456.1490385359
3535 949561.1427355828
3540 950019.5755852063
3547 950349.2843823787
3563 950579.9535504980
3568 950997.9384323820
3579 951408.2936548173
3581 951632.8776227045
3592 951720.0459002246
3597 952135.0498656755
3606 952419.0416612125
3627 953102.9429318412
3635 953520.9232362347
3650 953703.8053288830
3656 953789.1965826967
3665 953972.0781488840
3668 954190.8269571940
3670 954564.4914049398
3678 954661.8377794855
3690 955096.3099330562
3699 955539.1925193572
3736 955807.2691400481
3744 956370.3696086524
3748 956478.9053360029
3759 956807.8790019904
3763 956897.1936103862
3765 956978.7342516850
3776 956985.8324642583
3778 957335.3150281803
3783 957743.5189700903
3789 957807.6399153770
3791 957973.3055196329
3796 958418.1288706039
3808 958871.3950682814
3819 959123.2702803487
3834 959129.9364941010
3836 959396.6715492379
3841 959657.5051185635
3846 959758.6247005370
3850 959897.3952158437
3860 959989.0452393881
3863 960302.4946883927
3867 960576.5395720333
3874 960660.8713782849
3879 960981.2212656640
3882 961282.5857083084
3901 961687.2576926702
3902 961811.0839746238
3923 962045.1258511466
3936 962565.1166334067
3941 962815.0638534621
3946 962921.7650430907
3953 963082.7575729833
3968 963487.4067067989
3979 963592.3418924152
4021 963807.8458585730
4026 964185.5433617908
4033 964260.7268484295
4039 964517.4763220779
4042 965574.1066043460
4058 965695.8091068667
4059 966606.9472350823
4062 967130.3043562633
4070 967626.1150787637
4082 968743.9020026257
4096 969105.0007192221
4102 969285.0055824923
4109 969465.7493081652
4110 969673.4203101086
4111 970318.1951044508
4121 970995.3418008827
4125 972689.6926647441
4133 972940.7067767073
4142 973943.4008240004
4151 974418.1384575408
4159 974435.9048888498
4162 975310.6199141503
4163 975674.3009333587
4186 975983.7723548011
4189 976853.4356991096
4194 976894.1719559456
4230 976926.7891916801
4238 977068.9143198360
4251 977441.8450691774
4255 977774.1717818674
4267 977940.2365716572
4281 977961.9831206221
4283 977994.1105505695
4286 978628.4167715103
4292 979499.7129360415
4309 980013.3986436131
4327 980453.2541122668
4357 980547.1938669718
4364 980565.2616821447
4369 981078.1471904751
4380 982210.1071629411
4397 982568.6483404232
4402 982899.2542337872
4403 983687.6386562120
4432 984115.0642570491
4435 984246.3354241514
4443 984673.7593268071
4451 985254.5563401675
4459 985354.1549944285
4468 987045.0442506736
4491 987052.4729438139
4496 987330.7601962520
4502 987735.8171071281
4506 988400.5349423639
4520 988544.5902337857
4528 988685.7564168514
4540 989375.8284494469
4554 989379.3821223185
4564 990356.4686813656
4578 990699.1761619895
4582 991452.8033037055
4585 991468.2143497831
4595 992453.1445970781
4603 993206.7696238328
4608 993225.4351932814
4610 993241.0443539115
4622 993244.5831858137
4630 993748.8016745686
4632 994124.1498658685
4644 994199.2589120911
4648 994681.7882271408
4677 994959.9661588519
4684 996503.5303050209
4710 997073.8352977248
4715 997405.5311747427
4725 998456.8118698526
4729 999004.3925272479
4749 999118.2743863057
4755 999665.8545682644
4758 999931.7039024396
4763 1000304.0298802149
4770 1000646.7091524714
4778 1000867.9431490968
4789 1001751.1664412823
4811 1002002.2283990528
4815 1002379.2306479686
4818 1002782.2574265796
4824 1003574.8026197394
4841 1003583.3061716267
4843 1004107.3274355909
4846 1004115.8402357361
4857 1004492.8288664118
4866 1004616.1875597897
4867 1004993.1672321667
4876 1005542.3829608908
4887 1005626.1574675319
4891 1005795.9853975382
4893 1005996.9059075289
4900 1006266.8893693524
4906 1006700.6903518341
4909 1006953.3700812996
4922 1007010.9444068605
4926 1007734.5096852407
4927 1007939.3009639834
4940 1008537.4481766835
4944 1008644.2334594129
4965 1008714.1764169435
4969 1009277.3549409906
4981 1009509.5442481721
4994 1009754.6153225160
5005 1010340.0098582446
5027 1010591.4907387202
5030 1010991.4378805556
5049 1011009.2183170203
5058 1011423.9243409551
5060 1011682.7513259839
5074 1012437.2254231821
5077 1013211.2124183199
5104 1013236.6002090130
5110 1013923.4138393817
5119 1014210.7187152853
5128 1014837.2873896168
5139 1015193.4896104094
5146 1015299.1961376234
5152 1015617.4070519481
5154 1015636.2987877582
5157 1015644.8618443367
5161 1016087.6694050538
5165 1016293.6376257039
5174 1016857.3829868677
5182 1017212.1194190511
5187 1017480.3436012950
5195 1017675.1448387920
5214 1018774.8189897288
5249 1019542.9364235535
5272 1020182.6254870635
5280 1020592.3811182854
5288 1021083.4342957493
5307 1021482.1933184309
5321 1021717.4220717652
5324 1022859.4749045504
5348 1023282.1225148079
5355 1023712.9121156668
5367 1023811.0992402828
5377 1024493.5011237889
5391 1024721.3649925088
5416 1024900.4134002513
5422 1025279.6478861863
5426 1025460.3557185610
5429 1025523.0661905378
5440 1025613.5052127566
5442 1025793.9917070725
5449 1026176.5987429733
5462 1026220.3057329751
5467 1026893.6368414595
5504 1026991.0957964610
5514 1027524.7445309978
5522 1027688.3099876647
5528 1028311.0567534157
5534 1028502.5246825576
5538 1029177.3375692808
5554 1029798.5874625986
5555 1030347.2151583605
5582 1030608.9556733470
5588 1031552.1550790530
5607 1031591.8875618683
5613 1031936.3155542227
5627 1032362.1989083325
5633 1033345.1305340471
5639 1033515.6284152765
5641 1033793.7942380416
5649 1034043.6391133085
5660 1034061.4275855200
5670 1034404.4567195617
5679 1034791.4645960182
5682 1034826.2492997431
5684 1034881.3469188183
5685 1035347.5211880918
5692 1035769.3125412784
5721 1036128.3013509804
5733 1036305.7697667363
5757 1036347.1630253030
5763 1036963.3480142612
5790 1036985.9595647339
5793 1037284.6887890015
5796 1037984.6134340095
5803 1037986.5513533915
5806 1038020.4914409138
5812 1038369.3375519260
5814 1038608.3353349365
5827 1039045.1956999826
5831 1039476.5421116281
5838 1039638.3826714740
5840 1040002.3098723165
5851 1040549.8652390434
5869 1040569.9336962496
5878 1041481.4061834967
5908 1041562.2698852385
5913 1041699.9331410875
5916 1042386.2691371500
5930 1042644.0770486778
5960 1043063.6934904098
5962 1043321.5007624860
5964 1043564.8592443395
5979 1044076.4742491641
5982 1044219.4469476409
5999 1044483.2722038165
6011 1044563.3456175233
6016 1044672.6767149417
6018 1044698.0851656963
6025 1045597.1625032107
6036 1045667.0770466641
6040 1046520.0558195593
6043 1046654.8063657682
6071 1046706.2680874156
6074 1047127.9907371879
6083 1047151.1139522040
6084 1047199.3020993811
6089 1048106.8311895431
6100 1049037.7140296726
6140 1049432.6728459275
6142 1049564.1934566190
6144 1050029.8859064593
6151 1050117.8552090449
6163 1050240.7336062370
6164 1050979.7499663588
6168 1051018.0949869750
6177 1051172.6831412455
6181 1052033.4046587208
6206 1052740.9624336550
6217 1053068.5154510972
6234 1053230.2460761089
6237 1053311.5189004005
6249 1053816.0274395989
6262 1054346.6225285514
6267 1054467.7771348413
6277 1054903.0715391873
6288 1055407.5755401712
6300 1055836.6541303131
6317 1056111.9795795435
6320 1056341.1547395303
6343 1056962.0029522881
6363 1057371.1460741183
6373 1057524.3834494108
6381 1057896.9388842662
6392 1058031.7916004325
6393 1058050.1732280974
6403 1058683.4301883108
6427 1059088.0063696594
6436 1059438.6202878994
6439 1059515.9544792275
6444 1059797.1623985991
6445 1060644.0971583740
6450 1060764.6868310454
6464 1060826.9335649991
6477 1061156.0401326029
6485 1061519.8665701377
6492 1061594.9388833998
6500 1061981.1756561850
6508 1062335.3777462048
6517 1062667.0788388697
6527 1062723.6006848372
6535 1063222.8782475847
6536 1063482.5722935339
6555 1063568.0328824015
6558 1064598.9943056474
6597 1064887.5719793548
6614 1065316.1241101795
6625 1065465.2029789574
6642 1065702.2522864053
6643 1066012.9071360908
6645 1066182.3306797475
6649 1066452.2809485830
6656 1066879.0980866095
6690 1066964.9350779532
6699 1067868.6358914936
6707 1067876.9391946213
6712 1068110.1359460198
6716 1068866.4742246899
6718 1068964.5851327316
6730 1069154.4427853904
6738 1069252.5556288816
6749 1069437.1286377946
6764 1069908.1048078751
6775 1070272.7037926600
6799 1070515.7093951087
6805 1070899.1442456187
6806 1071218.1917385915
6826 1071808.0193039314
6841 1071963.2293604517
6863 1072787.7874721047
6867 1073162.9991469921
6889 1073205.8373255455
6895 1073586.0214913471
6903 1074303.9412450085
6915 1074340.7574866947
6917 1074999.9354167341
6921 1075283.6711441667
6934 1076353.5621692925
6957 1076364.4137623941
6958 1076488.2461743916
6960 1076671.0011848954
6967 1076837.3039537275
6972 1077574.1089063014
6984 1077720.1485848145
6988 1078227.8493263829
7003 1078483.1121022142
7022 1078738.1628017246
7024 1078942.2122967928
7029 1079455.9040301931
7046 1079592.7235024143
7047 1079836.0248056555
7057 1080246.7247275766
7066 1080400.7411070438
7068 1080600.4776069066
7073 1081473.5087153660
7101 1081587.1579516446
7169 1082409.5611549176
7200 1083244.0006428766
7206 1083398.3507317165
7209 1083999.2663423277
7232 1084467.7706235009
7244 1085068.6805165883
7276 1085247.4344549605
7284 1085354.3206429454
7292 1085419.1706595190
7304 1085697.6658779492
7316 1085704.8074679121
7317 1085983.3013102151
7346 1086104.3204508072
7351 1086201.9408705088
7352 1086259.8141835246
7358 1086352.5055069120
7362 1086762.7383297323
7372 1086811.4728601789
7375 1087175.4040771525
7379 1088521.5263122560
7394 1088525.7989920147
7408 1089098.4526371222
7412 1089224.2973231620
7422 1089840.3382548280
7468 1090033.4156000752
7470 1090449.8577849839
7472 1090570.8480783659
7492 1090993.9404566484
7500 1091114.9217711149
7510 1091355.7490103801
7519 1091496.2089014889
7540 1091913.9452683271
7555 1092265.6905040832
7564 1092634.6899464095
7566 1092635.5245512002
7577 1093021.4882463021
7579 1093356.2708772693
7590 1094056.1412248830
7604 1094179.7479571272
7607 1094192.8994684401
7611 1094241.5874242585
7614 1095319.1413892792
7624 1095324.6236539907
7626 1095633.4944368086
7642 1095768.8082570189
7645 1095817.5064974066
7649 1095866.8924131794
7651 1096263.1283552821
7654 1096359.7639824413
7679 1096805.3794519044
7691 1097184.5769693879
7710 1097726.8237388318
7729 1098094.9650662458
7732 1098407.4211703404
7743 1099096.6716446134
7769 1100432.4930826779
7784 1100452.0629812372
7787 1100452.3281355237
7797 1100498.9449143228
7799 1100774.7413307070
7803 1100799.0509256944
7811 1100858.7214048544
7812 1100992.5329804060
7815 1101681.2143969729
7818 1101705.8060364341
7826 1102875.2643649234
7850 1103731.5121665637
7855 1103976.6442567960
7871 1104063.7127021612
7873 1104091.8046517156
7883 1104928.9818522870
7888 1105309.4198060336
7909 1105409.2298449411
7911 1106024.9479489313
7928 1106030.3754262461
7937 1106170.1764210532
7943 1106280.3375321866
7946 1106804.6878504662
7955 1106837.3045001372
7964 1106855.0057929868
7967 1107659.9619466099
7985 1107964.5172397187
7986 1108059.3385765355
7987 1108090.6598366115
7988 1108110.4931645901
8042 1108340.0828110809
8046 1109639.9121845504
8073 1109889.3272402256
8111 1110770.9011728601
8139 1110825.0167115575
8143 1111343.6542548905
8187 1111617.2999002163
8212 1111756.0934550506
8220 1111825.7823659601
8229 1112520.2514572353
8236 1112740.3244630506
8249 1113365.1064405092
8274 1113434.7923002455
8279 1113541.1777162240
8287 1113982.7921344184
8304 1113984.5444993095
8309 1114193.9142674361
8311 1114683.2574076855
8326 1115256.1230168140
8329 1115382.4660570216
8349 1115493.1947140177
8350 1116104.4882480949
8356 1116211.1941438816
8375 1116482.5348427386
8383 1117064.3722889335
8390 1117681.5105651403
8393 1118438.5066647814
8425 1118758.4872534932
8463 1118865.0251331183
8474 1118970.4359435369
8478 1118974.4701351481
8480 1119043.5061231263
8485 1119290.7669435323
8501 1119294.9443518997
8502 1119455.3511164337
8511 1119777.4410532571
8522 1120280.2927255163
8542 1120476.5748299491
8552 1120875.7850568087
8565 1121420.6299303658
8566 1121543.1985225626
8576 1121865.1618977315
8580 1122277.7020348639
8588 1123068.0791545643
8590 1123256.9213760970
8610 1124056.7142688280
8624 1124499.7791200341
8641 1124758.9962924176
8646 1125194.6692265200
8657 1126268.6548035869
8664 1126655.8778452715
8690 1126776.5253019535
8703 1127397.2656427051
8715 1127900.0101032432
8747 1128055.2735553752
8757 1128345.5012349500
8763 1128606.0707634818
8777 1128630.1441872520
8778 1128846.5367698637
8791 1129051.5561006574
8794 1129375.3598711377
8802 1129438.1070998418
8811 1129508.4114209176
8819 1130506.8550792704
8828 1130592.0399552197
8836 1131183.5811417892
8844 1131256.0620838786
8847 1131555.5709661187
8865 1133084.9552770690
8881 1133101.3600621575
8890 1133291.5867248916
8891 1133393.1469809625
8895 1133630.3069780443
8903 1134208.9111257705
8904 1134642.3211418269
8907 1134885.5054330013
8921 1135281.8708040297
8927 1135412.7169195774
8932 1135548.3788748283
8940 1135715.3662976439
8944 1135991.2913659946
8949 1136374.2276466796
8969 1137013.7103575903
8973 1137621.3545441390
8989 1137893.5216398209
8992 1138173.6985271438
8995 1138266.9156332137
8997 1138318.7046477706
9019 1138432.1404485882
9024 1138598.6651728794
9033 1139338.7932484625
9050 1139407.1963060461
9051 1139505.3046761639
9062 1140186.0381628226
9099 1140733.3672232414
9136 1141227.6296638313
9141 1142003.3439833671
9158 1142348.9776081010
9166 1142375.9151449411
9169 1142914.7237499729
9177 1142949.1910073925
9187 1144011.0614163275
9213 1144454.5737309933
9217 1144694.5459005523
9222 1144831.8371120421
9225 1145063.7513211896
9247 1145546.6195717785
9288 1145594.4673760177
9290 1146107.6387737668
9302 1147115.1731727612
9348 1147146.6503398519
9354 1147880.6768034701
9384 1148728.9713279188
9398 1149281.6019161567
9426 1149383.4153486593
9436 1149947.3431783644
9459 1149983.9108254181
9465 1150655.2072917907
9482 1151270.1238436736
9489 1151687.3632962892
9510 1151755.3925795143
9543 1151966.4581344828
9550 1152034.4644491987
9555 1152521.1564360177
9570 1152783.2963652525
9571 1152986.2448973421
9582 1153499.8855243213
9601 1153786.9894542352
9603 1154231.9868332450
9616 1154401.6952531678
9625 1154470.2997156123
9627 1154905.4950546662
9634 1155459.9398716569
9648 1155698.2219074052
9668 1155698.2505815052
9671 1155766.2138456842
9673 1155861.3443091966
9675 1156367.0625436397
9681 1156619.6956834316
9702 1156974.5310190516
9719 1157493.4183722704
9732 1157634.0647364194
9739 1158615.9651442491
9764 1158754.8564023559
9766 1158965.9629413579
9781 1158979.9086948421
9784 1159914.3237112218
9787 1160315.0188291883
9796 1160358.7108855001
9808 1160746.0433905658
9827 1161190.4238685351
9847 1161379.8635503859
9850 1161502.1308826001
9864 1161676.5927589196
9866 1162432.6777415974
9904 1162511.2219432495
9945 1162738.1670169765
9950 1163436.6792933189
9967 1164007.0936656937
9976 1164753.9399097429
9993 1165350.9566343308
10006 1165476.4544120536
10008 1165889.2308419964
10010 1164879.4461486046
evaluations raw_y
1 677835.5518656484
2 683659.2148914781
3 690935.0667598520
8 693316.4752127705
10 715237.3586924976
28 719716.7253764817
35 724837.8374960809
38 726472.0560798678
50 726986.5347370168
53 728404.0356177093
59 737978.9283204894
64 742644.6371447560
72 746038.2882785040
81 747634.2214629386
85 748989.6824545015
87 749879.4678175272
90 754444.9100968934
97 755808.0681532646
108 756812.8731852371
115 757618.2841987527
119 758973.1356956592
127 760657.4472498377
140 765940.6569043912
148 767319.3617667194
164 769365.2450278540
167 769380.1977002340
173 769608.0521685847
175 769679.5651962474
176 769814.0387362665
181 771222.2489764501
187 771887.9847826249
191 772176.5109023004
196 772936.0987901789
202 773149.5890976621
203 773908.2587177595
205 774098.0636777426
216 774283.6290415820
218 774590.8304057452
222 774868.7540674913
225 775093.1625316945
227 775417.2343050994
230 776578.6086433437
267 777413.0356611981
273 777480.6879355202
283 777962.6644213389
295 778249.7982297753
300 778323.3725279752
310 778330.1304868612
311 778502.5042006461
316 779198.7584163621
322 779666.6380775940
341 780004.7958471969
342 780980.4986420478
347 781782.2342188468
368 782137.9671335224
375 782420.4495310102
381 782529.3471997321
386 782876.7108711844
393 783545.5501875464
394 783907.2150376358
404 784292.6501816424
422 784655.2971577162
423 784785.2130538311
426 785437.8444457183
427 786776.5116298320
444 787852.9784094550
452 788194.7041480000
455 788336.9993547341
461 788691.0450649186
465 789509.8652479171
475 789730.3139317592
476 790659.4753242903
486 791106.8434120106
488 791765.7341057659
509 791961.5774995920
511 792183.5169480518
512 792301.8231169761
515 793070.7707997282
518 793364.8217570760
523 793374.9994312213
526 793521.3030070723
531 793905.3880065141
533 793954.5601552047
543 794125.9234838744
547 794380.0233812541
553 794380.4744148473
556 795590.0200676860
568 796041.3833545268
575 796336.4035698316
589 797085.3741900461
594 797246.3299732828
595 797279.6840586540
604 797333.3793730421
626 797537.9343414624
628 798470.1348801566
649 798947.2623623074
650 799137.3063273899
652 799972.8499658675
660 800171.1014238218
661 800562.0880030945
664 801374.7940794058
674 801751.9615653597
686 802937.2835999771
697 803226.5178394831
705 803822.6095072018
711 804735.0293238945
734 805429.5913922137
743 806986.8177409188
747 807517.6393905588
756 808870.2529987270
779 809148.0192026674
788 809368.3931553555
793 809750.7646780130
797 810005.8292375538
808 810590.8409896848
813 811255.1387477894
823 811889.7139728301
831 812727.4204880446
843 813358.4676704037
845 813542.7772817217
852 814137.7167784419
856 814265.4656468574
863 814323.9131657104
869 814361.8351797541
873 814497.0560960682
882 814505.5831332639
883 814936.5629271386
889 815413.4262988527
919 815602.2672769652
922 816313.5657754454
929 816368.5179635070
935 816409.5817883986
936 816845.3746631375
949 817130.7791609503
954 818395.9647426368
990 818653.2770011959
993 818983.4549039198
1004 820499.9140999070
1009 820594.8153717041
1021 821280.5689840651
1023 821889.6041554937
1032 823174.8185798300
1037 823218.1652049933
1045 823362.5235143260
1047 823502.1923218960
1056 824025.3057307986
1063 824761.1662773987
1068 825631.9282985611
1086 826112.0458929064
1096 826126.2283991977
1097 826277.1237141147
1109 826552.7407225743
1114 826655.2280102695
1128 827347.1191236570
1138 827808.9247292392
1139 828320.5539458356
1168 829452.3757522790
1177 829900.5823654720
1195 830245.9348271369
1196 830449.8776776186
1199 830487.9823300125
1209 831178.6003313045
1212 831216.7013602137
1222 831408.8223576734
1225 831640.9846615057
1233 831950.2600185551
1250 832230.3461631037
1256 832246.3611105350
1268 832721.9037156674
1270 833122.3360817251
1279 833270.6007373439
1286 833399.8198952803
1288 833676.0635898794
1293 833850.0672509568
1294 833961.7949261671
1299 834213.7389233675
1314 835006.2775171404
1317 835140.2652062228
1322 836322.2865400332
1335 836936.8031856058
1336 837920.4578373677
1341 839714.8871651975
1361 840264.4412883746
1380 840559.3194734240
1381 840680.6639139677
1382 840733.1882950222
1390 840879.9893732962
1395 841266.2850453801
1396 841334.8353220321
1400 843278.6131353687
1436 843956.3919504898
1445 844608.5875315169
1462 845292.7386205947
1477 846091.7628813081
1482 846570.4174478222
1496 847812.6737391585
1512 848062.7985994547
1519 849175.2186335371
1527 849535.0279631255
1552 849771.7862691620
1559 850481.4394533497
1560 850878.0998163081
1572 851253.3394812712
1573 851388.5929683924
1582 851439.6656822758
1583 851837.9386614144
1593 852413.1302726091
1598 852462.0595547792
1599 853836.4510403846
1624 855707.6540745870
1633 855887.1265284666
1638 856258.9875440581
1641 856354.8340626974
1642 857305.0781663316
1654 857572.2752005055
1665 857840.3715842372
1687 858790.4795866938
1698 858960.5385483709
1702 859770.3947427674
1709 859894.9216289306
1721 860001.2443292447
1725 860173.4006428224
1726 860722.1243328239
1735 861012.7908965792
1743 861247.6658884067
1757 861809.1616686010
1768 861933.1587530733
1777 862742.9463275783
1788 862815.7540065305
1795 863376.2215100385
1806 864370.9023883025
1808 864422.8065333514
1817 864654.9479975731
1820 865011.6289061892
1837 865046.2224541226
1838 865280.1492200452
1849 865736.5649913548
1855 866533.3841487933
1859 866688.7481394345
1873 866868.3861099980
1881 867112.0271350241
1883 868312.0002309083
1902 868614.9151217246
1911 869108.8119407287
1912 869395.6414722815
1922 869691.5902951229
1925 870010.3087826468
1926 870779.1498232663
1928 870876.7993285940
1933 871417.6805352429
1949 872160.8233173196
1958 872574.0827536308
1965 873519.0853226018
1966 873724.2232883052
1969 873884.9100515239
1978 874313.0184665072
1981 874766.1341831316
2000 875118.6368456514
2003 875773.9412394012
2035 877544.1588302264
2056 877633.7683603951
2063 878255.8646872977
2066 878414.5072341698
2077 878580.6860489477
2091 878922.3852709855
2093 879357.9474344250
2112 879640.4317097694
2114 880131.1875723262
2129 880349.8473766943
2132 880438.6453099826
2134 880808.6515729771
2136 881430.5357885441
2142 881800.5325499064
2149 882193.0268171449
2153 882763.2108382691
2155 883246.8135392711
2160 883379.5381202395
2161 884028.5330253099
2183 884256.7767148069
2189 884405.0537578008
2191 885623.1445556120
2211 886095.1555351692
2219 886167.4160404030
2229 886260.1622219511
2230 886624.0541402055
2231 886719.2185862975
2236 886918.1460635404
2240 887039.3145244862
2243 888012.0249828356
2251 888427.2822451357
2260 888901.2758237415
2266 889085.6739637282
2268 889604.8889920460
2274 889780.3787730269
2277 890289.4198956250
2279 890995.1544132411
2292 891067.2290721287
2299 891788.0579204479
2311 891950.7253837222
2330 892060.9403102545
2335 892400.7755714941
2337 893008.1525208005
2338 893537.8323648160
2367 893664.1032180642
2368 893704.1666584498
2372 893938.1600232595
2374 894704.2493128178
2398 894943.9804738653
2399 896486.3787480621
2412 897068.8005721578
2420 897596.3950904961
2431 897886.3295628369
2435 897900.4096379554
2436 898190.3433080700
2438 898545.2541940863
2443 898830.6928441656
2471 899463.8762948721
2478 899721.8000134369
2494 900125.1165010558
2501 900652.0762881241
2516 901657.6116688385
2521 901747.7191381826
2530 902339.4056295652
2531 902461.5687782862
2544 902608.6396981596
2549 902813.5460128459
2552 902820.0785071643
2555 903322.4888304052
2556 903407.4660863741
2577 903481.2875707933
2589 903765.0670359957
2596 903914.1224902262
2598 904460.5801244405
2605 904592.5095300702
2607 905028.4404804594
2619 905102.4568534286
2620 905958.1165660212
2628 906015.8140130669
2632 906111.3004105162
2642 906696.5723765661
2650 906785.5456807184
2656 906886.5794367830
2659 907715.2574396636
2669 907729.5855102882
2673 908631.2206786223
2684 908709.6236024224
2685 908874.3807668895
2698 909204.1085220313
2701 910510.1707230426
2739 910972.1746288193
2748 911436.7780086636
2750 911523.7203562004
2759 912311.1072598157
2775 912750.2029721427
2783 913116.2533645880
2785 913124.5879840493
2789 913155.3118157145
2802 913632.5602979005
2817 913973.1576956969
2822 914051.6059003078
2823 914058.5013960387
2829 914443.0093662174
2840 914593.8872868730
2841 914788.9702383161
2844 914794.4963065672
2860 914801.2404770510
2863 914930.3477778808
2865 915608.3697115117
2877 915720.0377698297
2893 915993.0715832377
2897 916021.8888755343
2905 916108.7330561779
2906 916589.5374853519
2914 917344.1545298608
2930 917644.5589955591
2931 918527.0573241074
2942 918725.0006928205
2943 919203.2563575218
2956 919768.0778342279
2970 920550.9045876240
2988 921010.0026414905
2994 921397.2631718689
3002 921532.8017755254
3006 922185.6830211281
3010 922772.3608350065
3012 922847.7413379831
3020 923547.7435406595
3030 924089.1347820621
3046 924153.1135873589
3055 924826.7002131569
3061 925078.4711121804
3063 925494.4701042156
3069 926035.8459502053
3075 926081.1497927775
3079 926576.8607763441
3086 926649.6748205523
3105 926838.0921705510
3106 927591.2743458243
3114 927625.1003089736
3116 927701.8471328693
3118 927902.9915302255
3127 928103.2340332312
3129 928380.0202829873
3135 928781.4019395898
3146 929018.1634866885
3148 929113.5460312889
3159 929495.1890672429
3165 930604.7708649738
3175 931419.1599428310
3196 931802.5673949824
3231 932380.1927529286
3232 932403.4542521714
3236 932796.1280522558
3242 933031.6830774723
3250 933056.4698967948
3252 933486.6799016220
3260 933851.4526494358
3262 934275.0985305619
3271 934732.9720294017
3277 934873.4881583283
3283 935106.9344709613
3293 936389.9631337813
3308 936522.5978040226
3311 936688.5852567698
3313 937352.2999013098
3316 937472.5733635980
3318 937781.8167962289
3322 938051.5111252151
3324 938122.8216974911
3328 938503.6084880320
3330 938693.5442743630
3333 938812.8544414695
3334 939231.3635041079
3341 939277.3585516429
3344 939770.0507570566
3346 939906.1128211899
3349 940913.7487425510
3374 941045.2915754484
3381 941211.5430596384
3384 941234.5181397883
3389 941544.4974001861
3403 942343.2832054861
3421 942639.9346818319
3422 943201.4974302487
3428 943236.1028304454
3429 943888.4094261231
3430 944137.3997239257
3434 944698.9547635297
3445 944705.4404514135
3459 945616.1490914673
3470 945622.6248968008
3474 945895.0697803526
3479 946090.0104405385
3484 946809.2780075105
3490 947157.1606538153
3493 947424.7786581800
3514 947655.0168331841
3516 947906.3192987825
3517 948539.3111284079
3532 948770.0109649539
3539 949079.0756504813
3548 950341.9022210862
3557 950533.7856355580
3572 951167.3693617756
3593 951596.2295633096
3594 952000.9542011602
3609 953206.2289177706
3625 953223.0806726972
3630 953265.9937905528
3631 953267.9638915705
3635 953470.7579138349
3640 954065.4349236793
3648 954515.2254828271
3651 954598.1682770823
3658 954701.7704867200
3661 954916.6013858831
3666 955001.4889991122
3669 955614.1324513907
3670 956307.2054598574
3674 956347.9261002541
3688 956360.7948983447
3693 956701.9481307663
3704 956932.8837617637
3711 956972.2495066659
3716 957162.2290168524
3722 957313.4013454129
3731 958453.6846542550
3744 958489.5262041858
3746 958695.1425031234
3759 958993.8935466270
3778 959270.7488513617
3781 959430.6649864489
3803 960020.4299106945
3816 960807.8419707268
3842 960986.1911231185
3851 961360.5647059134
3875 961479.1832837425
3880 961963.2710763881
3900 962081.8885974172
3902 962226.6474452468
3920 962646.0438020381
3931 962677.9693127931
3938 962846.7036280696
3940 963052.1678576381
3957 963673.0639383938
3971 963797.1708710092
3974 964323.7567778471
3982 964600.6775948589
3987 965463.7993309274
4001 965854.7965070650
4003 966056.9227864837
4004 966804.7532202670
4020 967666.9949487052
4026 968299.4969988322
4048 968341.1146245844
4050 968362.2147902265
4051 969085.1197806727
4053 969315.3947301678
4064 969854.4139911884
4073 970617.6506818158
4086 970934.6382105973
4097 971355.5802192414
4099 971475.2627340192
4101 971529.5224648532
4110 972041.4050004780
4117 972108.4523587689
4129 972180.7063547771
4130 972331.0606658751
4131 972639.5775860159
4154 973012.4704574323
4170 973050.0449145733
4174 973378.1038788639
4190 973633.8314329112
4197 973864.4567403095
4204 973987.3389068609
4209 974323.0101469245
4213 974339.3603821060
4215 974418.4827047167
4218 974520.1834827884
4220 975418.8171479676
4232 975822.6886031630
4240 975912.1941671876
4245 976761.4051288714
4247 976806.1315210037
4257 976845.0581957280
4266 977976.3911319412
4286 977993.8328525621
4288 978104.8356750781
4298 978251.9996906773
4299 978636.2023107690
4300 978801.8582358765
4303 978869.9248896271
4322 979026.1445943781
4328 979429.0810893890
4329 979952.9496236366
4336 979970.3130015554
4345 980109.1663444787
4355 980492.3413419776
4359 980635.3925606383
4360 981115.8151190791
4377 981866.6489751304
4379 982355.1257161292
4380 982696.5050547334
4381 983219.5645380180
4386 984275.3385496578
4390 984358.9288559192
4392 984372.1950955826
4397 985150.6201364427
4406 985256.5966128188
4410 985306.8262054068
4412 985523.0127516743
4421 985909.5484315389
4429 986403.6523295940
4438 986621.4101773823
4442 987044.2865192211
4454 987283.2443529986
4475 987382.1890216934
4478 987713.6647966040
4482 987736.7210422116
4486 988087.6218099589
4492 988537.6834000167
4499 989065.9388162399
4502 989107.5464201719
4505 989747.1938898001
4506 989903.3856524766
4510 990023.0685094015
4518 990773.1612509578
4526 991095.1710292875
4527 991454.4106433337
4541 991574.0613689510
4542 991591.3771973675
4546 991663.7819203679
4550 992044.2770868874
4564 992096.4536871939
4565 992420.8260740670
4567 992827.0500214456
4577 992919.5654231431
4588 992925.9017769248
4595 993041.2798188187
4606 993152.4962863196
4617 993297.1872904848
4622 993313.9265859987
4624 993842.1620283969
4625 993872.7202277232
4631 994145.3689411967
4645 994162.4922719935
4647 994213.1087602491
4648 995116.3290766180
4658 995505.7814954451
4669 995739.3975315705
4675 996267.3205141362
4694 996450.9018006744
4700 996730.1370507871
4713 997113.7168696439
4718 997508.6659482117
4740 997742.2789117901
4755 997947.6742695362
4776 999179.0971310611
4788 999343.9087803006
4789 1000337.0077212097
4824 1001599.4803963887
4840 1001828.6658838734
4843 1002087.4537283216
4860 1003084.0565233926
4869 1003858.9928280351
4873 1004193.7489953238
4878 1005447.0863378478
4896 1006222.0133681223
4903 1006379.3108277300
4921 1006712.1603808564
4932 1006941.9087741856
4935 1007220.8162358141
4955 1007285.1694361187
4963 1007944.6576413326
4973 1008000.4811649245
4978 1008183.6381721350
4981 1008343.7349666834
4988 1008724.3055175265
4993 1008853.8797784210
4997 1009172.6468566790
5002 1009700.7376198511
5006 1010409.2103026273
5026 1011623.7852586645
5046 1011693.4296482266
5063 1011937.3450920116
5067 1012131.1713478175
5069 1012171.4470249455
5070 1012470.3413644863
5077 1012834.5237664012
5085 1012855.5764880042
5096 1014084.0952866462
5101 1014433.1387848497
5126 1015135.7236563568
5138 1015289.2010433259
5141 1015703.8492037711
5156 1015812.5609077784
5157 1016458.8362114222
5163 1016523.9179397939
5178 1016677.3928688407
5182 1017026.5672981838
5189 1017323.6685574388
5200 1017826.3156178253
5225 1019004.4984115611
5251 1019234.7353770322
5254 1019939.6636531235
5264 1019944.3221732762
5272 1020027.5626348327
5282 1020779.8322971330
5298 1021195.3200281996
5317 1022504.2863303290
5336 1022802.9130953010
5349 1023007.0212626080
5350 1023109.8423564367
5356 1023459.0059661031
5363 1023760.7621296644
5367 1024002.7952450119
5373 1024254.8767333567
5375 1024262.3220522626
5402 1024727.4868636752
5409 1025116.0640600045
5417 1025235.0399931767
5423 1025737.7328501907
5424 1025837.4399561228
5431 1025935.1090546912
5440 1026387.2585681732
5441 1026566.1459878939
5449 1026782.6552877857
5450 1026812.6771890920
5461 1026843.3753938765
5463 1027023.0467569078
5466 1027061.1843841310
5467 1027514.7740412123
5478 1028049.6365938074
5493 1028402.1405362569
5518 1028659.0333038456
5523 1029577.3150232409
5541 1029626.9664945682
5542 1029908.8175823285
5543 1029976.2994261004
5546 1030165.1925184831
5548 1030612.5676416720
5556 1030716.2881602936
5560 1031092.8399824715
5563 1031236.7198611710
5568 1031361.4787577229
5588 1031640.9723414776
5589 1032273.6988817493
5607 1032416.5855314430
5616 1032990.8103048594
5627 1033425.8913174942
5630 1033706.6607652828
5635 1034376.8196186863
5645 1034656.6286780203
5647 1034889.5860650988
5650 1035130.8589975054
5663 1035411.6140047198
5672 1035922.7557770214
5690 1036303.2033166160
5692 1036548.8803144384
5696 1037986.2510853168
5713 1038115.0490764546
5763 1038403.5327750444
5776 1038667.1451360161
5785 1039214.9859936860
5801 1039531.0978290648
5822 1039794.7093783182
5823 1041378.6629397194
5852 1041436.6223122117
5861 1041689.1438703622
5870 1042264.3076770722
5874 1042758.6540810301
5878 1042770.4020477234
5881 1043111.5785607719
5887 1044765.1266761192
5904 1045502.3661166638
5921 1045591.2228153842
5927 1045902.2701987847
5929 1045994.7880798368
5934 1046938.0844483548
5941 1047397.5890235613
5942 1047411.8703649468
5962 1047872.5073545341
5969 1048177.5052502448
5983 1048525.1342479525
5987 1048759.1084605183
5993 1049130.8028180618
5996 1049492.9753125238
6009 1050258.4917537214
6016 1050475.3325563564
6028 1050893.9873288556
6032 1051127.9555038556
6040 1051316.1969068758
6059 1051333.5002712796
6071 1052549.5178896775
6105 1052584.1198578032
6111 1052765.1127908092
6130 1052936.0468740421
6141 1052959.1420696941
6142 1053128.2338465422
6144 1053909.0026918342
6171 1054428.8686946831
6175 1054594.1736227381
6187 1055250.1214160386
6198 1055540.0834720766
6217 1055580.6904102250
6220 1055888.7193237511
6229 1055929.3239612018
6236 1056472.0460238599
6240 1057096.3657256132
6271 1057346.5592662846
6288 1057403.1547172477
6310 1057789.9931751483
6327 1058037.3271046178
6346 1058190.7881386324
6354 1058713.9657772249
6376 1059364.8679338049
6386 1059929.3681130856
6394 1060019.4395372747
6405 1060326.0721277252
6409 1060416.1411014851
6433 1061499.4978828360
6443 1061612.0626317370
6469 1061778.3171048865
6478 1063241.5825410313
6514 1063594.0953613168
6532 1064213.4289255771
6536 1064350.5232837382
6537 1064531.2901823712
6548 1064569.0379211667
6549 1065407.1831191950
6579 1065577.3702705118
6589 1066947.3675451889
6605 1067367.1487482802
6618 1068188.6599786566
6635 1068602.5586535097
6648 1069048.3061889876
6653 1069612.9337769244
6658 1069678.9464051614
6665 1069891.5768905352
6671 1069957.2278559543
6674 1070206.6636668527
6688 1070975.6947661822
6703 1071096.9136447720
6707 1071155.5795895723
6714 1072715.2818408890
6728 1072954.4054780491
6733 1073605.5233322403
6760 1074538.0531752992
6761 1074768.3377422332
6780 1074770.7539237211
6787 1075031.2556627502
6788 1075884.7331649507
6796 1075901.7040946383
6810 1076764.2759609190
6816 1076940.8766206442
6825 1077881.3890485654
6838 1078882.9419618908
6851 1079384.9440004637
6861 1079924.3588686287
6863 1079933.3984463292
6866 1080052.3575576914
6872 1080796.2534485201
6886 1080870.2052932058
6887 1080917.0282890145
6891 1081491.8569537986
6902 1081740.1146233368
6909 1081877.1199635530
6921 1082372.7182539438
6923 1082832.9800900647
6927 1082842.3352801579
6933 1083119.9932638197
6934 1084926.0995814679
6953 1085370.2322488588
6963 1085487.8734777898
6965 1086381.1172132413
6971 1086549.2649570729
6984 1086880.7567091607
6985 1086998.3848761991
6990 1087442.5041892955
7004 1087753.5743857387
7017 1088315.3062637788
7026 1088322.4568092022
7035 1089528.0105468323
7049 1089731.5830333226
7059 1090042.0504607053
7064 1091229.2134023563
7074 1091571.7529611022
7099 1092079.2164717910
7118 1092193.9272125741
7119 1092296.0987222418
7155 1093077.5253861076
7173 1093417.1011497555
7174 1093784.6000016457
7187 1094263.2796369777
7209 1094388.0124795637
7210 1094529.9219830029
7211 1094643.2884988615
7213 1095463.0246293673
7221 1095773.3519116575
7228 1096104.7678950133
7233 1096173.8615802720
7265 1096292.5469366107
7267 1096518.6652684128
7282 1096652.4549897569
7283 1097522.5763843772
7302 1098329.6452568998
7320 1098383.5524738214
7323 1099659.8680778539
7344 1099956.0492872575
7351 1100022.6491282491
7352 1100448.9709621831
7362 1100712.1100488785
7369 1101445.2175408627
7385 1101446.5035513879
7387 1101976.5523007645
7396 1102110.1055559982
7410 1102222.1157134746
7432 1102261.7766434581
7434 1102377.4207386216
7438 1102906.7704731692
7449 1102946.4301207396
7451 1103231.8785718477
7459 1103530.6578269373
7460 1103916.5266753458
7473 1104009.8530270634
7483 1104123.1515260334
7491 1104489.8371880476
7501 1104529.4956417002
7503 1105033.7010057808
7507 1105243.7024173713
7510 1105409.8327039781
7517 1105670.7370858260
7531 1105759.9645747622
7532 1106736.2115432159
7557 1107704.9584021089
7568 1108467.7728280369
7585 1109132.8933712882
7593 1109429.8556374151
7604 1109436.5428713686
7620 1110101.6629188801
7628 1110595.9179159445
7636 1111061.9549273085
7639 1111246.3560887831
7652 1111354.5781768581
7669 1111726.8309618838
7670 1112071.6308212227
7676 1112086.4668973698
7680 1112818.1766739024
7694 1112911.7220318469
7703 1113105.8291205103
7704 1113215.3897344831
7707 1113575.0360348350
7717 1113972.2443286679
7726 1114510.4201258023
7748 1114868.3494892060
7750 1115186.6453084035
7768 1115216.4067158925
7781 1115435.0598047108
7788 1115690.2084566238
7794 1115864.6936206932
7796 1115964.8943586969
7802 1116145.9638582007
7803 1116247.9336191788
7813 1116351.4472217900
7820 1116479.0158816343
7827 1116559.8114760939
7832 1116658.0482130719
7835 1116661.7767898969
7836 1116754.7341960166
7838 1116835.5263060383
7845 1117205.9857015330
7861 1117387.6908523208
7876 1117468.4828653343
7884 1117583.2488525901
7886 1118040.6785005098
7902 1118220.1730099078
7905 1118685.0461215533
7912 1118720.9380894094
7914 1119054.8674966502
7918 1119594.7505125932
7932 1119818.9002274584
7941 1120146.9906876334
7950 1120227.7379044436
7951 1120313.9117335384
7961 1120860.2035613146
7965 1121007.5718277865
7978 1121014.4497259795
7991 1121105.7397994134
8011 1121682.7293108231
8016 1121690.7252342401
8047 1121868.6520885048
8057 1122055.6983014559
8067 1122487.2131876829
8100 1122665.1334738079
8105 1122801.1219780077
8109 1122957.6218633666
8115 1123794.1185893451
8139 1125236.3735459796
8175 1125539.3086747427
8189 1125653.9032438693
8194 1125754.4529775148
8196 1126580.6612844621
8202 1126943.7672592553
8212 1127325.8363966681
8215 1127565.3733932227
8226 1127619.7327878035
8231 1127701.3768007560
8236 1127788.4625469062
8241 1128076.9488118221
8242 1128201.1991688830
8260 1128294.0766403147
8261 1128512.5644745599
8267 1128727.7065822529
8272 1128868.6201476066
8279 1129278.3969279521
8303 1129311.5433875681
8311 1129551.3701667273
8321 1129628.7125565924
8324 1129696.1475900775
8326 1129889.5124215395
8345 1130179.3214913092
8353 1130303.0705397916
8373 1130749.7309426263
8389 1130953.3142185484
8406 1131081.7070019469
8408 1131529.1655525947
8409 1131852.6285163616
8428 1132226.4852586146
8437 1132428.4791982463
8444 1133400.0919429439
8467 1133773.9480063990
8498 1134000.2704761743
8519 1134495.9509562848
8529 1134706.5681958594
8557 1135245.2504183925
8577 1136074.3332646543
8583 1136097.3073043716
8584 1136272.1690652748
8607 1136281.9130937555
8610 1136614.5476962968
8627 1136971.7551042333
8637 1137262.2149227187
8638 1137706.4844440273
8639 1138132.8399977314
8646 1138330.5976302661
8650 1138406.0678893863
8654 1138778.6112888521
8661 1138798.5918517238
8674 1139223.4427046399
8679 1139893.3476334109
8694 1140156.0442393469
8706 1140435.7090819769
8722 1140752.2799470937
8726 1141031.9481386496
8747 1141260.0799296042
8753 1141444.4843406812
8757 1141662.1628832377
8768 1142101.8903710516
8774 1142364.5647480672
8797 1142466.3545362533
8800 1142731.8414228093
8803 1142928.0022617481
8822 1143437.7852893395
8827 1143802.6469306692
8840 1143899.4328891092
8846 1144060.9865031436
8865 1144394.0082909190
8888 1144817.2422822011
8897 1145150.2614496637
8919 1145628.8345482314
8925 1145961.8488533413
8926 1145999.7567199792
8934 1146705.5191223617
8948 1147472.1094492266
8989 1147587.0954385605
8990 1148585.4277973433
8993 1148930.1714591826
9006 1149688.3626346239
9045 1149916.7582037013
9080 1150459.6363299284
9086 1150771.6984315512
9097 1151337.2606694282
9137 1152147.1508681825
9153 1152560.7677522881
9160 1153396.9724074944
9204 1153496.0161779560
9207 1153537.7395140892
9244 1153648.0538046435
9253 1153738.7350128763
9256 1153964.8227614770
9275 1154565.0607856759
9302 1154904.6784437126
9311 1155416.9413840899
9329 1156235.2311070918
9342 1156389.7613526387
9346 1156775.9651265177
9373 1157550.8172778010
9385 1157662.8543425747
9399 1158201.1386205074
9400 1158317.5371374681
9418 1158582.5294101974
9421 1158697.7427444705
9433 1159010.4312736772
9445 1159628.1809181995
9465 1159675.8776580947
9466 1159893.1608655772
9481 1159975.5912472736
9490 1160493.1755517826
9515 1160840.5842357702
9533 1161259.8365310298
9550 1161477.8700561577
9553 1161801.3338503467
9562 1162226.8708259095
9585 1162550.3260958977
9588 1162556.4075503340
9594 1162806.0732088934
9600 1163441.1490008482
9615 1163819.1141284215
9630 1164161.4196695166
9643 1164270.7400718390
9650 1164374.4166434882
9654 1164672.9156689052
9657 1164869.4391777941
9670 1165420.6708290593
9728 1165712.8892201632
9773 1165860.5080596558
9787 1166532.9215368715
9808 1166680.5362100806
9818 1166720.5064858128
9835 1167517.7765762601
9874 1168111.3040965907
9887 1168168.5359359623
9910 1168709.3471508799
9924 1168915.9949952760
9928 1169454.0622028189
9957 1169467.4809451804
9958 1170142.1492569323
9983 1170558.2849460177
10010 1169332.4923937866
evaluations raw_y
1 680631.4208791442
2 708778.8609925840
20 715846.0041039580
30 716593.1928663732
32 721235.2091511072
36 727355.2928687083
37 730317.5475637047
40 740333.9084175503
59 740556.5899152237
71 742934.0380543879
72 745805.0466514073
84 751979.2300221820
103 754413.3407260866
124 756993.5199352409
134 759033.1434022642
144 760928.5217198799
164 763215.2868082232
171 764566.9262252275
193 766023.5270201968
196 766697.7952608875
203 767146.9524896946
212 767386.4473307678
214 767395.7467644038
215 768869.7852029789
219 770416.4697174099
226 770511.5878883870
241 770632.2692225839
246 770759.6841526307
249 771193.5932777283
250 771799.0949795021
262 773285.2994794861
281 773441.9397004560
299 773559.7140701101
303 773681.9441319397
305 773904.5245498130
312 774402.6379721194
319 775538.9588223412
326 775970.5440318594
337 776427.9428069027
372 776604.5691727819
375 776625.7069682580
380 777247.2571526296
382 777514.6908881562
386 777715.4942357482
387 777987.2370358201
397 778629.9397084083
402 778992.8266468964
417 779524.4762856965
427 779885.6938031404
433 780013.0632320667
434 780359.3378903712
443 780405.1600826881
444 780718.8464458948
450 781978.7935006871
469 782712.1668485218
475 783006.9735930986
485 783145.1065574612
487 783581.1963925542
492 783820.5998394899
494 784037.3870842773
506 785321.9568236248
519 785821.9327871205
529 786006.8445471680
535 786037.8390310715
538 786457.4228223279
562 787455.9360866963
568 787471.3842344524
574 788865.5094632035
586 788882.9017340917
592 790538.1559822708
604 790994.4910031989
605 791559.6398012604
613 791762.0354044564
614 792636.9712774282
627 792890.9013893993
632 792909.7616393969
642 793461.1101115757
649 793550.5848058912
657 793982.7526028977
661 794011.8100118077
669 794500.3715095629
679 794880.9872165746
680 794888.8716624267
685 794910.3826259413
686 795393.9195806728
691 795990.2570090226
701 796213.0375170446
709 796478.8140932464
716 796988.5904127726
722 797401.3543832737
732 798714.6306200627
743 799318.0244036102
747 799564.2970564180
750 799786.2928484291
751 800074.9865705176
761 800213.6579796897
768 801174.7551450556
773 801753.8103652743
775 801851.9951278792
780 802543.0421687430
793 803158.6881951769
796 803407.8380280450
809 803687.4231716983
842 804521.0094069924
852 804549.5135065721
863 804556.2230521525
869 804681.5433608623
870 805375.2242425575
878 806084.1881910583
886 806210.0685904608
888 806701.1315229376
900 807225.8092769064
907 808033.8100675939
929 808179.5531113874
932 808943.0664422340
966 809387.0499005404
972 809394.2525766473
975 810162.7350181253
987 810287.2669376537
992 811879.2178878557
1017 812362.8226095731
1027 812637.5208059993
1028 813454.2526024040
1047 813881.5418520810
1050 814292.0759373895
1053 814388.9999404590
1059 814964.1871729650
1061 815556.6135557769
1087 816169.3123582514
1094 816210.1028155568
1101 817611.6988683617
1116 817997.1327258428
1133 818451.5131981024
1138 819053.6022962163
1156 820893.9250080566
1188 821436.6765374261
1190 822300.0296346912
1215 822998.9969311849
1238 823466.9452750520
1247 823546.0129729091
1252 823823.3049010234
1264 823876.1015347126
1273 824247.7858366676
1278 825133.9537659426
1286 825400.6072453144
1299 825844.8256492703
1305 825905.7644676969
1307 826081.0527451502
1314 826520.7255496319
1330 826577.5271448327
1331 826971.7372094316
1339 827153.8422641753
1360 827653.1673408543
1375 827878.8249549696
1380 828141.0512464677
1383 828356.5035412799
1386 828369.3905149807
1390 828418.7411679015
1391 828685.1668051822
1396 829079.9678798992
1398 829657.1089249792
1408 830076.4366785939
1421 831074.0683660826
1425 831855.5610179459
1427 832543.4802607776
1456 832669.3283622430
1458 832806.7651708544
1476 832988.1443569609
1483 833149.7329980824
1494 833281.9674641417
1504 834073.4090697641
1518 834548.6093053679
1533 835522.6259191300
1557 835905.4507220051
1577 836338.8686605139
1578 836440.1296332796
1581 836509.1833262704
1584 836590.4090694386
1594 837646.1836135617
1612 838221.7685018326
1614 838468.4894881239
1617 838771.1621373059
1626 838886.8101823108
1629 839572.9424606976
1635 839667.9500730669
1643 839777.8357301361
1644 840072.9604635601
1655 840812.5430970445
1663 840867.0732376801
1671 841419.3139324168
1683 841749.8969465913
1690 841837.8896617510
1693 842714.8563523595
1715 842869.5242588311
1717 843352.2769584885
1721 843748.5604475448
1723 844235.0925512401
1730 845151.5766445638
1734 845607.2174943617
1758 845781.4642247411
1759 845888.6905770823
1760 846287.1457712664
1765 846444.8083400908
1775 846750.3094356270
1785 847247.9216914349
1786 847286.4648612073
1789 847459.3164167053
1791 847801.1297694640
1795 848943.2335792604
1797 849507.7178063503
1820 850806.7962877848
1821 851323.0875220642
1824 851542.8790395152
1834 851544.3087464458
1835 852299.4747169231
1848 853054.1504817174
1864 853718.7567524349
1870 853962.9727853620
1875 854620.3258447692
1882 854677.2983363874
1892 854761.1676130930
1902 855553.2427433345
1924 855635.2215181430
1937 856137.2314886014
1939 856511.1659165687
1942 856938.7130518693
1956 856952.3422444105
1959 857237.6331726841
1966 857447.6874152711
1976 858229.0302506810
1983 858269.3433215215
1994 858487.9777448421
1998 859000.4207194265
2003 860009.0402981631
2012 860435.5290839892
2026 861365.6750470971
2028 862292.0913287071
2045 862497.8329382841
2055 862699.0601607048
2057 862744.9178920150
2060 862924.4664037592
2064 863488.8997934771
2068 863644.2059712996
2073 864556.4157253606
2078 865226.6803312365
2089 865960.9764038783
2101 865975.3643092468
2107 865984.9126383936
2115 866882.6676496747
2131 867297.3243057820
2132 867439.2299540383
2139 867729.2924846029
2141 868626.1498265838
2152 868629.3447835569
2157 869426.6172410096
2165 869488.6344930225
2172 869655.7095470109
2173 869788.7040067374
2181 870283.8743762263
2190 870767.4040511632
2195 870776.0790482110
2198 871416.9010457319
2201 871623.9502909170
2204 872348.6786108781
2216 873018.3171950325
2219 873111.8029314274
2227 873319.8747472275
2231 873850.5378807219
2237 874550.6021325891
2247 874844.2480496328
2251 874886.4991176353
2253 874928.7166563026
2259 875264.1663376798
2262 875550.2958496428
2271 875603.2385613300
2276 875782.6330681229
2280 877115.7571345033
2306 877314.2403197279
2307 877410.5327289174
2308 877541.5840985648
2311 878461.0152633649
2327 879266.1536208728
2329 879486.1670724602
2332 879522.0741249039
2343 879597.8270000793
2352 879953.0190428386
2353 880090.4619425250
2354 880302.5097207046
2356 880433.2460223008
2364 881706.3135396841
2389 881766.3367143860
2400 881957.3845405555
2401 882118.8878135122
2410 882628.9128010069
2415 882687.2727518146
2425 883258.1340163634
2446 883609.8679220314
2449 883697.8257426956
2463 884180.7251290991
2468 884368.4973565930
2471 884845.1980485462
2484 884989.8464296765
2487 885902.8860391132
2492 886090.6511167896
2496 886194.5498019772
2503 886749.6376251080
2510 887160.8702492432
2533 887620.0396003099
2537 888039.5476005347
2539 888227.4869529778
2563 888664.5709055510
2566 889184.5370661882
2589 890203.1272281308
2603 890350.3581132422
2616 891011.2968164746
2638 891174.5272850654
2639 891379.5472453783
2646 891837.4559300384
2654 891909.4805986347
2655 892277.0853758333
2659 892449.2442886081
2682 892893.3949853479
2689 893490.1584448901
2703 893888.9255157245
2719 894064.6345282239
2722 894382.6693879124
2732 894393.0635923070
2738 894618.8373934020
2740 894727.5998687698
2742 895342.6374984256
2748 895465.9529972143
2756 896162.5653956085
2761 896421.1271629492
2769 896638.6126733060
2773 897149.1599263116
2780 897276.4313937838
2787 897735.5342488695
2801 897779.9480728084
2802 897933.9707625919
2805 898052.6478678890
2806 898453.4320147826
2808 899587.0747326503
2814 900203.5327513851
2815 900877.0146635630
2847 901156.9911483548
2850 901542.8216072398
2863 901657.0799984570
2867 903420.8976565490
2882 903533.1620955367
2889 904001.2211802205
2895 904312.3784318895
2904 904583.6608412245
2910 905613.0637681317
2931 906259.5749659737
2944 906302.6459626091
2959 906326.2290668914
2963 906582.1383635083
2965 906847.6751782786
2986 906984.1529683529
2987 908136.1731229521
3024 909163.5900438399
3063 909967.1077367757
3073 910204.0614691399
3083 910539.2366920646
3090 910570.2274857996
3091 910800.4544479931
3110 911063.3828444099
3116 911254.2790572281
3129 911534.6170917274
3140 911780.8613417149
3144 912457.8451193492
3154 913372.1629762757
3174 913743.5731990135
3184 914044.3003719603
3186 914807.9819486195
3205 915000.2824576609
3216 915189.3134593340
3220 916208.8181389094
3276 916342.4264177688
3278 916569.7078080797
3285 917286.5051311399
3290 917527.8446816531
3310 917694.7770610998
3320 918134.8898330725
3321 918249.4212032869
3327 918398.5307005305
3334 918702.9016585788
3336 918953.9601030799
3346 919033.5445367461
3350 919089.9337339388
3359 919423.8585954390
3363 919923.5606632186
3364 920051.4059980573
3369 920096.4188001108
3375 920139.6303289023
3387 920323.3157249043
3395 920816.2585663253
3397 920882.2890673616
3399 921225.9828689176
3405 921462.7663934677
3408 922143.7473617108
3419 922373.6200773309
3421 922826.6222822708
3436 923720.3233477264
3438 923774.9974377108
3448 924004.2354563837
3451 924641.7930618356
3465 924973.0978582535
3469 925301.4259074250
3474 925619.2075581136
3478 925995.1871115082
3479 926133.5703346425
3487 926328.1846313113
3502 926581.7245845747
3504 927428.6572500421
3519 927765.6070794666
3530 928363.0254095064
3533 929091.8818637631
3543 929390.4381198452
3561 929557.5088409769
3562 929656.5243582461
3566 929859.5718827553
3580 930410.7909409866
3583 930685.4264825818
3585 931980.2854735987
3599 932139.1515678518
3606 932551.2091090736
3629 933318.7075565774
3632 933892.7493465352
3642 934451.7696943072
3651 934620.0157375408
3656 934840.5903917226
3667 935751.7653871276
3672 935829.3071729527
3677 936544.7431331365
3697 936561.5511068093
3698 936622.2844689132
3701 936639.0926437888
3705 936676.6964709270
3712 937052.8235916354
3715 937131.2472262365
3733 937924.8953841297
3744 937950.9129428670
3749 938064.4124116054
3762 938358.7425506046
3767 939260.5346278804
3784 939316.8302576033
3788 939657.9453025139
3792 940089.8627870160
3806 940261.2914661478
3808 940541.8193213299
3809 940884.0624990303
3819 940965.2463232320
3820 941405.1177446983
3834 941779.5281436484
3837 942016.9925737532
3839 942362.1395453548
3847 942472.3612711411
3862 942573.0588349835
3864 942617.1215767432
3865 943679.7553061914
3880 944003.4006577565
3891 944295.1283262456
3909 944981.5034200711
3926 945205.7080263437
3928 945467.0140394730
3944 945780.3074360383
3947 946658.0056906345
3950 948022.5097493569
3971 948347.4463753587
3983 948840.1616588598
3994 948980.9174967451
3996 949337.5823261032
3999 949384.6144237199
4005 949618.2500846952
4007 949752.9824932771
4009 950474.0225867887
4017 951084.8512055012
4031 952469.9087645470
4048 953723.4272069711
4062 954177.6980244892
4077 954283.5923872605
4088 954617.8436016124
4089 955560.0297747700
4105 955780.7541889529
4121 956003.3537144341
4122 956095.1605035429
4129 956538.4846379538
4134 956976.9295330176
4138 957136.2521500794
4159 957595.9404321812
4188 958376.8897744076
4225 958556.2968765087
4230 958847.0934819503
4241 959664.0506687871
4253 959941.4615746149
4263 960127.9104831791
4267 960145.0324787659
4269 960891.6530987233
4274 961923.4043535604
4307 962541.4147868863
4311 962551.5478054921
4318 963076.8992351872
4325 963713.7280844689
4335 964968.7460767627
4345 965172.2316417069
4353 965429.2231590629
4357 965754.0124577661
4373 966047.3684741200
4374 966358.5204289120
4386 967087.7417399728
4389 967314.5889071098
4390 967353.0148927101
4395 967562.0593061193
4396 967819.0432120941
4400 967934.1961541596
4409 968043.2706060034
4435 968091.2113856049
4436 968456.4556107683
4440 968867.4217577759
4446 968967.3956377762
4450 969023.6232027443
4454 969081.7356091742
4459 969181.7095478901
4462 969463.8792258146
4463 969540.0720298460
4465 969640.0458790775
4467 969790.5039451735
4468 970356.3462368925
4475 970366.5618683925
4482 970596.1098276029
4486 971254.0599119066
4496 971482.3931528444
4498 971705.8748885688
4503 971936.0247663601
4517 971988.4675600901
4521 972671.4648888155
4529 973432.2290656861
4536 974516.4612573209
4548 975346.0971494516
4549 975530.5107506006
4560 977180.6447120999
4573 977471.5868710389
4583 977490.4847357734
4587 978042.8468814242
4589 978199.9322424690
4597 978440.8284324646
4608 978889.3950112042
4611 978973.4888450222
4613 979415.7404555044
4627 980047.4649875275
4650 980087.7504591988
4652 980115.4337083829
4655 980382.9241459067
4659 980679.2662305008
4668 981475.2648567864
4674 981781.2848309893
4700 982088.6976306300
4719 982257.8712846662
4724 983000.2088486410
4734 983234.9919949793
4736 983505.1479652349
4757 983513.8883135351
4758 983888.1217520307
4773 984336.9287658917
4791 984756.1620562072
4813 985145.4065881110
4827 985828.6669910948
4847 985877.7837853910
4854 986493.1941835426
4868 986528.5594160034
4870 986966.1867147479
4874 987046.0149133990
4881 987419.2141531758
4896 987936.6395639422
4900 988048.8407437527
4915 989445.5835803396
4939 989649.2461756790
4943 990261.6551480452
4959 990624.8361678820
4963 990857.4145363540
4973 991509.1243206082
4978 992043.4156449715
4987 992572.6187327610
4993 992865.9129766281
5001 992996.5739489932
5007 993195.2081667396
5013 993402.0201143312
5017 994024.6100596628
5051 994061.2383684309
5053 994558.1493488004
5062 994921.1059681702
5080 995110.2518299667
5082 995227.9016788782
5085 995478.1659746182
5086 995560.8221449832
5091 995565.5731509010
5115 996040.8712283480
5116 996239.3145691233
5118 996977.6018295496
5142 997254.5829532936
5145 998073.7143121613
5151 998420.8344245196
5165 999608.1201518578
5173 999612.8581081755
5189 999653.1680564240
5204 1000033.3991851200
5216 1000283.1200778538
5222 1000291.6574701701
5224 1000483.1563488336
5225 1000599.6097279389
5240 1000988.1969197720
5249 1001006.8032672167
5251 1001191.7133969642
5269 1001580.2987153532
5291 1001687.6098338787
5293 1002076.1902259224
5309 1002127.8414118936
5321 1002129.4516264376
5325 1002369.9331380741
5330 1002915.1357897058
5351 1003157.2254323040
5361 1003330.7500379193
5363 1003672.4063960084
5378 1003914.4888688729
5384 1004066.1293217732
5391 1004689.9378736382
5392 1005307.6385508375
5417 1005520.4138744771
5423 1005728.4362542304
5429 1006449.7203877558
5451 1006884.8305350781
5455 1007174.6511104750
5468 1007609.7609589986
5476 1007739.0968821318
5485 1008328.3461178292
5494 1008678.5864757349
5507 1008967.1989927425
5508 1009211.2951605531
5510 1010286.5803514868
5546 1010617.5792002447
5551 1011402.4334442971
5558 1011642.9613599710
5569 1011675.7756416404
5574 1011925.1701017672
5576 1012050.7157439396
5577 1012290.3119545832
5588 1012415.8552157583
5601 1012463.5393972689
5623 1013060.6957780481
5634 1013454.7820489870
5639 1013497.4674835473
5645 1013746.9189544392
5655 1014503.2558828619
5672 1015295.2643022484
5696 1015802.3367524024
5729 1016524.5402480301
5756 1016576.6550175132
5761 1017400.4154069279
5762 1017416.2624927248
5769 1017989.7067257941
5786 1018025.7572680204
5788 1018618.6694725322
5791 1018722.9667327441
5806 1019423.8824330523
5809 1019601.7356167792
5822 1020390.9898039172
5828 1020965.2689932461
5841 1021207.1985042682
5851 1021314.1630463700
5853 1021522.5946255591
5854 1021740.7687494386
5856 1021848.5790441522
5857 1021948.5965407973
5858 1022001.4551693016
5861 1022185.0105423947
5871 1022441.9691257946
5879 1022547.0299346069
5880 1022889.6442606633
5883 1023042.6418953546
5904 1023872.0381597769
5919 1023929.9093854954
5920 1024376.0250481456
5921 1024624.6064713250
5930 1025207.7439810933
5943 1025446.3724652174
5957 1026091.6292977288
5967 1026838.7510458095
6003 1027432.4337579294
6030 1027589.2759322922
6038 1028248.8377872767
6061 1028591.8535366792
6074 1028981.5277934968
6076 1029091.8072481974
6087 1029187.9227120541
6089 1029213.5310187901
6094 1029862.6646014035
6115 1030301.5582090766
6129 1030353.0907537771
6137 1030910.6271297646
6139 1031346.0025944841
6148 1031579.6061952863
6155 1032308.6277784259
6159 1032472.3893567853
6172 1032652.3069583654
6175 1032883.3913473760
6176 1032891.5153370012
6193 1033235.1882672003
6210 1033408.3355735649
6213 1033573.7409989693
6215 1035244.9899732820
6233 1036039.4084098977
6250 1036500.8885655620
6252 1036504.6074020991
6261 1036899.8929117552
6262 1036932.0568836060
6271 1037234.9758225420
6279 1037636.8468094002
6292 1038273.0618836249
6308 1038372.2359330823
6312 1039234.5978183297
6323 1039490.4304045581
6328 1039902.4570334663
6336 1040294.5441117036
6338 1041216.7434985389
6367 1042182.6274552076
6387 1042482.3627061500
6395 1042777.7288020990
6397 1043043.7542345556
6404 1043089.2797972453
6415 1043555.8776640669
6449 1043713.3455478587
6452 1043844.4013306384
6454 1044073.6054824153
6460 1044459.6670972987
6462 1044493.4963488225
6465 1044922.4356341715
6470 1045079.1873005648
6483 1045397.0396893006
6491 1045852.5787936843
6515 1046615.0391950373
6527 1046887.6052369495
6532 1047203.8327871858
6541 1047267.6482328655
6544 1047679.0621355473
6548 1047923.2319336531
6555 1048230.5606084741
6560 1048265.1314704969
6565 1048294.8981395451
6569 1049871.8841491579
6577 1049974.0759084837
6578 1050224.6881856692
6580 1050441.3071740544
6604 1050792.3429636394
6625 1050927.6458375822
6634 1051512.0982536983
6635 1051723.0904463397
6641 1051784.2598850706
6664 1052232.5987642838
6665 1052483.6262941002
6672 1053163.3367377790
6708 1054378.2209847036
6721 1054608.0466497540
6728 1054629.3697143977
6734 1055325.9994901160
6736 1055384.0430145238
6746 1055851.0359747428
6758 1055909.0750033839
6768 1056590.0463174521
6787 1057270.2021337496
6790 1057288.0627648726
6802 1057446.6983168656
6803 1057534.8284439782
6812 1057627.7924374940
6816 1058252.5683499204
6820 1058356.9137996021
6838 1058398.0703496302
6840 1058859.2978639484
6843 1059364.4766190248
6851 1059776.7126540074
6856 1059986.6393131255
6863 1060465.2116635377
6872 1060482.3674879679
6874 1061269.0312121571
6884 1061852.6817620145
6909 1062120.5637326422
6927 1062588.7255597874
6947 1062902.4110720863
6958 1063443.9560214868
6973 1063849.5303957227
6983 1064258.0219045235
6987 1064672.5009817514
7008 1064935.0598260167
7017 1065116.6998602138
7019 1065397.1124669518
7026 1065903.5899242933
7034 1066581.1242077074
7071 1067317.0572147495
7093 1067361.0379716142
7098 1067594.5776966801
7115 1068065.1576443152
7116 1069238.2163736750
7133 1069373.3031611792
7134 1069597.2149038573
7150 1070156.4372722555
7164 1070426.7301741263
7174 1070720.8901717446
7193 1071250.2440860693
7222 1071459.4139375817
7230 1071525.6599264147
7245 1072055.0119971822
7262 1072224.1879066818
7268 1073045.7819925305
7286 1073749.9115674610
7312 1074017.4563166099
7316 1074938.8220600758
7355 1075155.6714463972
7366 1075840.4121497117
7372 1075890.4891128712
7398 1076070.2882158502
7410 1076746.1717488263
7428 1077287.5709640200
7437 1077314.5179169753
7440 1077467.1487945612
7443 1077747.0420141839
7444 1077855.9187875055
7454 1077994.8270315875
7456 1078174.4104282889
7458 1078301.1490183412
7473 1078454.2897472833
7481 1079324.7140865375
7486 1079477.8499918352
7497 1079528.2687236227
7498 1080140.9924579740
7513 1080803.6635119475
7520 1080895.0710002366
7530 1081132.8522109829
7540 1081428.6209364887
7542 1081632.1309791224
7552 1081694.6452426992
7561 1081754.3236530030
7565 1081835.2355609492
7567 1081898.1550771340
7569 1082192.9104186341
7588 1082410.6501792998
7591 1082523.1129591169
7598 1082846.5683452392
7601 1083301.6726597061
7621 1083693.7701785688
7622 1083696.0475365573
7626 1083898.3681874080
7640 1084354.2285749242
7643 1084425.1490842502
7654 1084496.4204774469
7659 1085221.6537795279
7667 1085225.5179978267
7668 1085427.8505653883
7676 1085498.7617706130
7680 1085651.9016433319
7708 1085831.9594151340
7716 1085929.5686668826
7723 1086229.2266890858
7726 1086292.0768414144
7727 1086774.6592742573
7739 1086879.0465840779
7742 1087291.8591166921
7746 1087386.6417645116
7761 1087739.0485014664
7766 1088558.2580470874
7776 1088811.1688581095
7786 1088811.7697657708
7792 1089380.3304666029
7802 1089871.5876941937
7811 1090097.4259802767
7834 1090263.4920846771
7837 1090385.3250302707
7841 1090946.1766325212
7842 1091464.4011212827
7864 1091735.2829945083
7887 1092086.1276340659
7890 1092258.8487335248
7895 1092345.2050065808
7907 1092669.3299238076
7922 1092688.7713937811
7939 1092823.6131893625
7945 1093192.8775765134
7950 1093373.6586346908
7955 1093879.7560248955
7976 1094193.4443093536
7992 1094657.7355128340
8004 1095169.0766277637
8005 1095467.3644680169
8011 1095588.6476376744
8022 1095622.4038580146
8026 1096000.1540566508
8035 1096554.6709396061
8039 1096672.1623731349
8045 1096793.4827685321
8054 1096911.0093433990
8055 1096919.4355564881
8083 1097012.9705325572
8084 1097958.8292195150
8107 1098771.6124973677
8114 1098865.1310417536
8115 1098885.3651306822
8120 1099539.7543504392
8124 1100078.5545947866
8127 1100110.7342665205
8137 1100301.9867815280
8150 1100604.8834964882
8158 1100840.7858255079
8166 1101089.1088446449
8167 1101786.0837827339
8182 1101840.1633186508
8184 1102393.9703126557
8187 1102636.9129128214
8194 1102917.9032988225
8202 1103324.5081636850
8208 1103433.2841245523
8214 1103999.2460439785
8227 1104085.1379387225
8241 1104397.9331868833
8245 1104483.8238932418
8246 1104811.3530632942
8261 1104924.5245280978
8262 1105337.9323421642
8274 1105430.7820507258
8282 1106749.0324006469
8311 1107532.8549036745
8325 1108413.9278549803
8339 1109579.6725801297
8368 1109786.2187205013
8374 1110338.7431501260
8397 1110564.1185592227
8399 1110615.8938617602
8422 1110780.2583802915
8423 1110936.9320139501
8437 1110967.0705504662
8450 1110975.3393555295
8452 1111322.0928095491
8454 1111526.8516100717
8465 1112379.4596366272
8480 1112407.7817385895
8491 1112936.1928650113
8502 1113117.0202962740
8512 1113232.1153138739
8522 1113415.8501430673
8524 1113596.6559980011
8539 1114156.0217725704
8567 1114586.1374770985
8613 1114807.8262146222
8633 1115384.2102323587
8641 1116232.8656631822
8656 1116298.4228503618
8665 1116585.6385276269
8668 1117055.8569634533
8683 1117132.1311636071
8687 1117678.0948992835
8705 1117687.1769338909
8708 1117688.8109139241
8722 1118633.7695254409
8748 1118680.9463995732
8775 1118816.5017226571
8791 1119012.3251664662
8800 1119346.3069880805
8804 1119426.6916979286
8808 1119527.8775007285
8816 1119713.5508766209
8821 1119793.9743854331
8823 1120505.3499744432
8845 1120863.9706078577
8852 1120872.5938666547
8853 1121437.5191645261
8908 1121473.6843023715
8927 1122524.1645333108
8952 1123220.4391513029
8961 1123484.3762404106
8984 1123524.1811576542
8986 1123680.1965214331
9008 1123898.9971044101
9009 1124058.0664021999
9015 1124162.9324275311
9027 1124184.6623420794
9051 1124606.5195807940
9065 1125022.7993356746
9083 1125418.4183439584
9095 1125764.6016663129
9101 1125834.6909096919
9105 1126223.7168749371
9108 1126602.7297773161
9115 1127588.9031883767
9163 1127755.3530014362
9165 1128050.7215884894
9166 1128111.3285076725
9173 1129577.4466581675
9194 1129857.9362427287
9196 1130317.1006237310
9200 1130790.5313544336
9213 1131300.6582749970
9215 1131380.9523859443
9225 1131901.3677065072
9246 1131927.5755423559
9267 1132227.0346738126
9280 1132647.5046722700
9296 1132825.4786715002
9312 1133336.6819350901
9326 1133476.1811034398
9344 1133571.8253852159
9352 1133992.2935644083
9364 1134463.5179102472
9382 1134970.8496358758
9392 1135436.3408184899
9418 1136643.5769462069
9459 1137046.7718459163
9506 1137058.3372905145
9515 1137577.2744922882
9534 1138218.5336243429
9546 1138305.0341540165
9552 1138749.0187773190
9592 1138789.2878368085
9599 1139104.0242643037
9603 1139171.6629816177
9609 1140282.5305170312
9618 1140350.1548015221
9635 1140647.2477256625
9654 1140826.7529579981
9664 1141546.1039938927
9680 1142051.9290059570
9695 1142221.8737684418
9699 1142250.4643308369
9719 1142793.5835948267
9748 1142849.6356677562
9752 1143085.7633086874
9757 1143187.1762434696
9780 1143349.0761693802
9786 1143635.7440077844
9806 1143709.8252834021
9818 1144319.4026872285
9819 1144509.2188636386
9837 1146145.9967353519
9867 1146154.6159402027
9869 1146244.8326052839
9880 1146671.2177375669
9884 1147463.1883522684
9895 1147555.9574130520
9909 1148195.3408300183
9911 1148463.2128434097
9912 1148731.6078045787
9917 1149011.4912206845
9932 1149619.9598164211
9949 1149620.9985101663
9955 1149786.1072341043
9958 1149830.9962152585
9964 1149987.8381932974
9967 1150491.2585157247
9986 1150492.3052911388
9991 1150525.1898922485
10010 1150525.1898922485
evaluations raw_y
1 684667.2725869778
2 697325.4364144215
6 702279.3988667121
8 703140.6300259953
13 721920.7728181763
20 733670.5131561051
44 738296.4708104872
49 739255.8470060197
64 739824.4114978177
65 745373.1034243784
75 745861.0359397036
93 745975.9431433047
94 747818.5345374902
96 747966.3829257989
101 750733.2778638655
109 752272.1262596252
119 752535.4769896895
122 753380.0084377778
138 754197.1137714777
143 754328.3997014037
144 755103.3687322532
149 755143.3266166612
150 755540.3817915794
153 756345.3962857029
159 756442.5392305341
160 756629.2015324509
161 757037.2294571141
163 757189.7756692680
171 757374.3071665239
181 758353.5494609941
186 758763.3259344690
188 759735.0968646669
205 760102.0110583596
213 760500.4691414319
216 761083.3519261350
219 762317.9830049698
225 762453.9667020931
230 762461.2535125304
239 762862.9110162365
251 763077.3354479593
253 763110.2581493644
266 763290.2157197093
272 763588.5734888420
274 763619.5154462112
280 763866.8620312315
289 764166.2421932572
290 764189.3545596933
297 764340.8959684040
303 764897.7754385544
304 765359.4156374395
308 765449.3143013030
315 765812.4127647462
317 765852.7072625700
323 766340.8441564025
324 766464.7513721826
334 766759.9062864581
340 766928.7983894270
343 767508.3179809907
346 768037.3684175457
352 768560.5422492741
354 768984.8428032907
368 769191.8095505227
370 769630.3403324657
375 769889.1122578816
384 770494.7779948782
386 771074.1893973718
387 771910.8479100885
397 773023.8380825438
415 774602.4481335655
423 774632.3566075483
430 775212.0293900314
441 775862.3787525670
448 776687.8829289865
477 777083.2550403214
480 777444.9204949513
488 778168.8119455377
500 779331.5416073269
514 780126.5231435758
521 780502.0468123684
527 781658.1943954681
533 781661.0324898467
544 782951.2528611982
554 783545.4299641814
556 783596.5892981651
573 784000.3673931006
575 784372.6099772799
581 784661.9128841985
589 785040.4255680122
593 785545.0490277280
599 786034.0506294714
601 786264.4641025910
609 786410.9461568778
611 786507.7903078088
620 786712.2104668672
621 787229.3963586873
623 787667.7681613014
626 788406.4964422031
641 789236.5756685414
656 789938.4919054784
661 790268.9367316669
665 790344.0654898544
671 790437.3905423079
681 791055.0633508699
688 791211.5714092553
691 791420.3880955642
720 791653.7657717683
727 792076.1294054533
738 793072.9855912455
741 793647.4157924370
753 793829.8173308938
758 794034.9586860201
762 794324.1109040329
766 794536.1435812064
770 794678.5874373001
772 795260.6024251521
775 795546.9723191792
785 795844.0874645768
789 796251.1583327447
794 796605.6256902817
811 797336.4856449692
819 797393.1496347135
821 797682.6899643647
837 798583.5694448042
843 799045.9595238136
846 799137.9639696976
847 799744.5262674931
849 799937.3662062457
853 800111.3947002138
863 800165.5651684763
865 800611.4456805721
873 800705.9061407034
877 802094.7536541290
893 802672.7459802803
895 804059.3984133333
923 804125.1157008752
927 804438.8915008857
932 805542.3180774052
939 805917.0016146509
944 806314.4427995415
950 806321.4828995868
951 806958.1880246514
955 808972.5983506865
972 809386.7080334497
976 809617.5378343782
980 810282.8181311217
984 810360.4775369180
992 810494.8676222287
996 810645.1415326974
999 811078.7296798056
1000 811663.9652828323
1008 811820.2347542811
1013 812029.5657302424
1025 812081.0101014117
1030 812760.5906056019
1041 812916.8597284722
1052 812974.9959957675
1055 813121.9817385586
1060 813256.1134757230
1065 813686.6866381594
1066 813781.2184599115
1074 814276.7331834886
1079 814407.1212458474
1090 815416.2934968789
1095 816252.1417254544
1108 816996.7344907721
1123 817773.0770338171
1130 818202.6189147870
1146 818522.8478096873
1168 819609.5537534782
1180 820706.1879257069
1199 820723.1406538551
1200 820799.1833670709
1203 821723.5556107406
1211 822015.6078030978
1212 822187.8626421549
1213 822416.1698363267
1215 823000.0113372114
1217 823824.5316248804
1227 823941.9252594030
1238 824085.0206935420
1239 824961.9793293505
1250 825722.9144807179
1254 825907.0414090593
1264 825925.6533445386
1272 825996.1594230190
1273 826827.5025014677
1281 826902.9322460226
1288 827451.5160373758
1293 827518.7465566740
1304 827570.5397676346
1308 827774.1163732389
1312 828597.1805920249
1319 829101.3040481112
1323 829714.3731936343
1341 830345.3158897460
1355 831105.2494232109
1383 831531.6755402965
1396 832246.0844743954
1400 832333.3341185402
1402 832361.3020532182
1406 832442.8350886176
1408 832525.4567359356
1416 832827.6131839219
1422 832838.1186380787
1425 833626.0439253472
1451 833916.6748622422
1457 833933.6682891108
1459 834097.9748155779
1467 834693.8525717173
1484 835455.9035049039
1489 836301.2471073571
1503 837248.6347085112
1513 838008.8137400640
1526 838027.3067312606
1530 838177.0089326266
1533 838806.3439760776
1547 839471.4534639259
1576 839599.2525273828
1578 840164.4981506645
1585 840309.3260867936
1596 840410.2391168977
1597 840437.1235082385
1600 841134.1792180372
1621 841514.3510470067
1627 842087.0690216972
1631 842285.1810367387
1633 842853.8314880360
1645 842906.8574402980
1648 843036.0944538059
1652 843633.1949868094
1657 844031.6033722756
1675 844595.8198268485
1683 844814.6018445679
1689 845713.5622486216
1701 846172.8805564400
1704 846242.8661556051
1705 847675.8429922912
1711 847964.6056807742
1719 848201.6477567147
1730 848490.4103730326
1743 849913.9534993691
1773 850911.9168019082
1780 851494.2266299818
1790 851499.3143635093
1803 852096.1546288030
1807 852526.8952353488
1808 852750.6947619857
1814 853253.4820262826
1823 853697.6921000602
1833 854206.4610135565
1837 855314.1726863870
1867 857507.5613045780
1891 857918.9660901384
1911 858524.4379834270
1922 858775.4258179987
1937 859458.7670772416
1956 859485.1360674133
1960 859709.7534940847
1963 860131.6709392557
1965 860444.4326443326
1970 860532.4603006999
1972 860633.7505887221
1975 860734.8638701177
1995 861647.3804100939
1997 862008.3138624862
2009 862830.7607153052
2012 863945.9131310480
2022 864340.4221722981
2029 864775.4889973173
2045 865597.1838647467
2070 865832.3624267404
2089 865970.6558685572
2099 867299.0545771852
2127 867495.4936073006
2133 867753.1367527673
2134 867930.5515803059
2137 868228.8333983326
2145 868486.4722999347
2148 869108.6905906280
2158 869472.4910733686
2160 869595.2244653204
2174 869997.6870745276
2175 870105.3430010853
2184 870391.4245046221
2191 870899.7161783210
2196 871014.3009657356
2204 871772.5811347284
2222 872094.2473371882
2228 873068.3913518684
2231 873161.3198312315
2247 873597.4917912505
2254 873610.0812983011
2261 874130.1702503911
2268 874243.4719120472
2279 874307.5531608079
2282 874460.5023424980
2283 875172.2927380173
2285 875896.2149738530
2289 876429.5831484755
2310 877105.7708577096
2317 877564.4100824394
2325 877589.7589118335
2330 878587.1894130961
2342 878993.1230809704
2354 879045.8213807032
2359 879670.6111747819
2363 880073.4583192454
2386 880538.8059484968
2393 881097.9345143618
2396 881239.7351826578
2409 881771.6423248898
2416 883039.2862809828
2429 883167.5237930822
2440 883435.1745641474
2446 883527.6802484281
2449 884348.5029736204
2454 884613.7902108424
2457 884785.7337921438
2473 884997.7747047232
2475 885285.2327896649
2477 885671.9854054220
2479 886088.3552336070
2482 886373.3426779277
2495 886895.8697509551
2503 887347.7747334504
2509 887802.8739275390
2519 887914.5149416637
2520 888324.3521775078
2527 888570.7929535732
2531 888671.7209366789
2532 889052.0759928226
2541 889447.9273892666
2564 890404.3408816877
2590 890727.6140049188
2603 891952.2032880061
2617 892050.2777894853
2623 892262.5621841339
2626 893086.3981767457
2628 894395.9529028829
2672 894994.2783734878
2674 895132.0630499190
2698 895474.5885614071
2699 895554.8106475775
2702 895876.4816127328
2710 895992.9881094327
2712 896737.1289816743
2730 897043.3594359244
2735 897204.6070569471
2739 897707.3183326744
2751 898141.4403059031
2763 898627.7666887199
2768 899006.1317602714
2775 899506.2436169524
2788 900242.7941932725
2791 900490.7864829777
2795 901010.3867456818
2801 901078.3050661008
2809 901110.9616571174
2811 902042.0866250776
2815 902068.9739299488
2823 902438.4018596592
2829 903131.8783121574
2856 903626.0092723137
2870 904092.8399307476
2878 904248.6656141148
2883 904586.9698850566
2884 904772.6430066524
2889 904808.2437928508
2891 905199.8516116370
2899 905433.5159243592
2902 906291.7959925116
2910 906374.5320416406
2918 906437.4247077546
2919 906755.3575921381
2930 906891.1200601642
2933 907056.7571818116
2947 907399.9607955111
2950 908388.7325502710
2962 908705.6340141398
2974 908735.0234768054
2977 909047.6444500572
3006 909089.5508976037
3008 909554.1010524358
3016 909715.2474029277
3018 909955.4656368293
3024 910263.2327849192
3040 910302.0453269453
3044 910954.2009633603
3061 911300.5889518843
3062 911909.8040845653
3067 911917.1111543804
3068 912242.2830865564
3074 912540.7633084456
3076 912608.6423991260
3089 913181.4476811386
3095 913502.6329546220
3099 913759.0369438977
3112 913778.1717984695
3120 914401.8355617377
3129 914536.2979544216
3132 915417.1455693519
3148 917261.2670332054
3150 917344.7668184510
3153 917697.9610667545
3158 918068.0415986652
3165 918181.6008508988
3173 918244.2106249653
3175 918730.5308237544
3187 919171.8269287123
3197 919427.3330630317
3207 919854.6200848827
3219 920294.0205158499
3223 920326.4017349568
3224 921298.2898811643
3230 921379.6260156150
3232 921680.4690764094
3235 921983.0658835947
3241 922165.0746544700
3254 922274.1410785337
3256 922555.5396522811
3257 922863.8597940371
3265 923178.2716342030
3268 923868.0872025829
3276 924082.7659223977
3280 925446.9273331593
3295 925469.1590869365
3303 926065.1033187074
3315 926352.2185068720
3317 926668.2169419107
3319 927274.3928931609
3327 928026.6613813718
3350 928583.5326735927
3352 929378.7529478717
3393 930295.2160039180
3411 930436.9648223816
3426 931063.5167290261
3428 931744.4914589865
3458 931844.9571702207
3465 932040.2688538202
3481 932047.4362547850
3486 932289.2918699960
3495 932610.7266053726
3499 933272.3175352050
3512 933919.8049880445
3535 934186.4509096160
3536 934681.7189546794
3542 935826.4681540874
3554 936901.9596884502
3570 937155.5868170881
3601 937661.2774176385
3606 938349.5970116269
3625 939104.5068645342
3626 939695.3579369214
3630 939847.2567072498
3636 940019.1493640856
3646 940109.0509929772
3647 940510.4211426438
3658 940806.9270246928
3663 940979.8496591772
3665 941366.2532085993
3676 941402.5894041350
3677 941757.0124368352
3682 942179.7485906824
3688 942193.6676404857
3695 942696.2344763135
3700 942822.5391029278
3710 943751.5223160493
3718 943949.1513321820
3723 944171.3756829841
3726 945004.0207616895
3741 945171.3122485419
3757 945190.8569313121
3759 945661.0962782842
3763 945729.3663975956
3768 945915.6214022547
3772 946120.5809894437
3785 946297.2653657888
3794 946463.0596053489
3796 947238.0654106175
3797 947404.1147007777
3801 947785.7510180508
3817 948178.4578025235
3853 948261.4964012743
3873 948838.9038617456
3888 949019.1824629249
3889 949023.4503182006
3901 949439.2536778389
3910 949623.7898820913
3919 949813.6903176761
3950 950100.5734533116
3962 951182.2303697683
3966 951473.6328203983
3986 951494.0277933523
3990 951817.6515382275
3998 952158.7769963671
4000 953237.3167437455
4006 953975.5907726453
4034 954405.0658824486
4035 954513.5808210024
4037 954819.3093038219
4045 955303.7078632489
4051 956147.4170619502
4066 956285.2572668123
4094 956350.3421567242
4095 956823.3018626085
4105 956933.3916764884
4107 957028.7167574009
4110 958117.0816857743
4121 958386.4248459970
4136 958820.7954421776
4151 958870.5286400787
4152 959079.7320217290
4156 959356.0099486685
4166 959516.2428327856
4168 959761.0368879620
4175 959885.8181557561
4176 959933.7147372061
4182 960370.2216328032
4189 960386.4001076932
4195 960456.1023686794
4196 960479.7017413295
4201 960775.0543284906
4203 960902.0926861584
4207 961581.8546007079
4234 962287.5253474914
4247 964337.8670005539
4279 964360.1281140783
4280 965018.5547673571
4283 965161.7090889064
4288 966069.7105786824
4308 966511.1637689745
4315 966560.0761869065
4321 966730.9669777158
4327 966871.2866196571
4329 967461.8557812084
4335 968253.4268531287
4355 968437.6145069560
4358 968650.7400005200
4363 968811.8802689791
4369 969815.9205924153
4386 969847.0043621814
4387 970163.0725832056
4400 970361.5265474287
4409 970834.6775442435
4427 971401.4177692683
4435 972286.7534455663
4469 973051.0193033513
4478 973056.6266636439
4490 973798.9244362075
4499 974574.0872708963
4503 974728.0338660523
4513 974910.9733267528
4516 975117.3561584029
4525 975360.7601089871
4528 975666.2695906416
4540 975726.7385260582
4554 976436.0023941237
4559 977305.6685776401
4579 977485.3843865279
4591 977529.2059577128
4608 978237.4234407253
4620 978653.4059844138
4626 978998.0767840495
4637 979208.1587675097
4648 979685.3651885238
4653 979934.6187251146
4662 980048.9062779108
4670 980268.2748597868
4672 980393.5749578620
4679 981229.9955668378
4687 981260.3210843502
4694 981324.0991934349
4695 981716.2264735665
4696 981868.4877125726
4700 983060.2778335980
4717 983237.0387127355
4722 983476.2602378047
4724 983476.4025077554
4751 984320.1204153306
4764 984364.0466113125
4772 984620.6312009303
4780 985459.8125284566
4798 986190.6454078571
4806 986476.6855267814
4821 986567.2676188059
4823 986884.3704158098
4836 986888.0826720471
4839 987298.0976408145
4842 988030.1215913930
4866 988608.4956983266
4883 988796.2404106559
4893 989017.3760207647
4895 989391.2747871157
4913 989579.0190996174
4915 989644.5431364903
4918 989706.0745995773
4925 989843.3682199778
4928 989952.8533775873
4931 990203.1895532148
4945 990312.8358477815
4946 990686.6706069199
4954 991033.8144383682
4968 991587.6195371305
4971 991595.3926899597
4974 993074.7924199367
4990 993166.4065882202
5004 993386.0560140767
5008 993497.2983355290
5009 993801.2325945996
5015 994142.6291653335
5016 994163.2770932060
5020 994171.1278036428
5031 994335.9934668059
5032 994724.8473047639
5034 994816.4535545467
5040 995034.3530892852
5051 995087.5524133780
5055 995496.4925563670
5057 997478.0232464867
5081 997571.6280972604
5092 998004.6524990620
5111 998381.4659384353
5128 998793.5349860135
5136 998828.7734515645
5138 999242.4774681628
5140 999775.7501943890
5151 999861.6501600049
5163 999871.7202723195
5165 999988.3599009874
5167 1000220.0435196249
5168 1000253.6991025152
5174 1000596.7625424683
5182 1001410.9359243996
5204 1001550.1076214855
5219 1001584.8913113255
5223 1002093.3745566533
5235 1002709.5247294263
5264 1002987.3806561304
5278 1003564.0344186783
5282 1003603.5275566502
5288 1003990.8306301913
5292 1004171.8288902502
5302 1004907.2313797084
5318 1005255.3596708658
5322 1005830.2242876033
5342 1006461.3081583829
5365 1006738.8367734827
5376 1007147.3712490374
5396 1007390.2333724918
5400 1007764.8629683568
5405 1007811.4164918335
5408 1007856.3292918693
5410 1008261.3048700237
5431 1008268.7228601072
5432 1008396.6547015220
5433 1009748.6946582145
5482 1010388.1382202939
5491 1010998.7566974727
5494 1011273.5184608495
5507 1011718.4719675927
5518 1011761.5366639100
5524 1011993.2229439756
5528 1012429.8639108967
5531 1013210.6972361366
5544 1013964.3918870799
5554 1014239.1131149592
5568 1014402.9423410513
5581 1014509.8499941786
5593 1014665.0094163357
5596 1014901.6786948558
5597 1015072.7266111702
5602 1015261.1007278335
5606 1016185.2701938594
5638 1016984.5865000500
5645 1017786.6225576269
5658 1018163.8094167869
5666 1018894.3353438544
5671 1018908.2262754076
5685 1019660.3661430982
5695 1019945.1366059204
5714 1020619.2158492524
5725 1020722.5327495086
5735 1021059.6275832654
5742 1021087.0127121502
5744 1021341.5118571366
5752 1021421.6794108823
5758 1021582.6814525841
5759 1021948.6275732088
5763 1022185.1878010441
5766 1022774.7459190598
5779 1022939.1688843087
5790 1024501.5619433548
5815 1024647.3193467866
5839 1024844.4142438805
5841 1025391.6676375442
5866 1025888.5746242959
5868 1026171.2805570007
5878 1026194.8773929441
5884 1026226.4635548238
5885 1026420.4031146525
5886 1026808.7841371133
5890 1027290.7858908032
5907 1027601.8592403147
5909 1028246.9135781820
5918 1028594.3784037360
5920 1028950.3275307624
5938 1028978.9749021421
5946 1029433.7456560837
5957 1029505.2645202164
5963 1029531.9848853979
5964 1029538.2526392894
5970 1030151.4840771583
5995 1030458.8508011317
5997 1030980.2142500964
6010 1031072.2777116607
6025 1031139.3354488657
6043 1031292.9273412566
6045 1031749.5317691020
6046 1031929.5160017685
6051 1032150.1639787160
6057 1032320.5529901359
6074 1032352.3384140753
6080 1032444.1932180159
6083 1033031.4966720939
6091 1033108.0528506042
6092 1033400.4826022630
6096 1034122.1290728741
6121 1034624.1935678764
6126 1034795.4431644396
6143 1034804.1495289038
6144 1034964.9075946996
6163 1034975.3910376524
6165 1035102.5320719337
6180 1035391.5105611753
6181 1035588.6947692832
6186 1035613.3864563548
6194 1035842.3229465471
6200 1036790.8725723939
6226 1036982.4983479974
6231 1037356.3794026083
6241 1038111.1267953265
6269 1038469.1909429161
6282 1038687.6643557447
6284 1039523.8463973599
6290 1039979.6144958712
6302 1040082.1745075457
6307 1040299.0709825021
6314 1040371.8387267328
6316 1040879.7857270985
6318 1041539.1683924872
6339 1041748.0256814907
6346 1042782.6472363026
6384 1043416.8556079235
6387 1043711.8090422789
6426 1043902.2404147604
6438 1043930.7083623378
6450 1044318.1281592161
6452 1044410.1876922225
6454 1044568.9802080897
6455 1044687.3722129565
6466 1045336.6903640687
6478 1045536.6674293838
6489 1046094.0797984145
6506 1046469.4936120941
6513 1046494.8917785285
6514 1046496.9440607892
6516 1046624.8316453822
6517 1047084.4715524995
6518 1048530.0581542493
6534 1049571.7701337913
6558 1049629.3083493151
6577 1049917.5659126390
6579 1050113.3576684080
6585 1050537.0792254275
6593 1051620.0599728837
6603 1051697.8989360752
6623 1051825.8452991806
6625 1052642.9180770318
6633 1053555.1194250262
6649 1053581.8306703777
6652 1053632.8159689717
6653 1053751.3929998837
6654 1054106.8220862737
6660 1054184.2657196221
6664 1054201.0661236742
6670 1055296.9685144136
6693 1055639.8595532232
6702 1055859.8918416435
6715 1056151.8374075256
6720 1056495.5245901744
6725 1056558.6491029907
6726 1057243.4209848288
6728 1057665.2936157894
6762 1059052.4462047778
6788 1059608.8037163848
6800 1060242.9699211980
6827 1060513.0023011712
6831 1061018.7552861643
6846 1061062.8773169904
6850 1062192.2502462845
6874 1062375.7722211233
6878 1062855.9454652939
6889 1062915.1300161525
6891 1063395.2924593962
6917 1063418.8817675668
6920 1063525.7048091255
6921 1063898.0366324745
6927 1064354.3249250201
6930 1064662.2006913724
6938 1064906.5944342297
6947 1065517.1665461906
6950 1065707.5615186132
6965 1066318.1336200808
6982 1066417.4593865410
6984 1066831.7169633310
6994 1066931.0426712027
7006 1066957.8595954576
7011 1067483.9667502763
7012 1068039.4380835851
7026 1068509.4480993275
7033 1069105.7939757276
7059 1069633.9720917011
7064 1069661.6398242551
7084 1069888.1701738315
7095 1070106.4765300606
7098 1070337.9945583418
7106 1070355.5761573203
7109 1070659.3301022022
7110 1071353.2509459385
7128 1071754.6866609429
7137 1072003.7754167216
7144 1072239.1646181494
7148 1072272.9339528803
7169 1072483.4231543685
7170 1072882.7986143224
7183 1073120.2922376704
7198 1073335.5899010322
7208 1073353.7190634864
7215 1073569.0142574634
7232 1073781.5972381313
7238 1073941.8886587906
7256 1074154.4707905671
7286 1075121.0383843712
7317 1076011.5996609130
7344 1076169.7722665556
7355 1076824.1301330840
7365 1076857.9758052840
7377 1077016.1461753165
7381 1077670.4998002725
7390 1077748.2160635446
7415 1078188.8369062797
7421 1078540.9935917561
7424 1078699.1612977819
7446 1078898.7650977236
7457 1078960.3369749573
7465 1079087.2127399610
7468 1079565.2437169650
7484 1080336.6319241363
7499 1081178.0976303059
7518 1081299.3275523791
7533 1081733.9289775328
7535 1082952.3899583630
7536 1083873.4495854476
7552 1085655.5732027066
7572 1086452.1603170035
7590 1087072.4325698772
7625 1087388.3515978670
7641 1087940.8015171739
7667 1088256.7202130314
7678 1088512.1989498409
7696 1088876.0902349469
7712 1089066.8280549445
7730 1089208.0736285707
7733 1089228.0296614890
7741 1089531.9707072733
7746 1090100.5878717136
7771 1090224.3749364731
7778 1090328.8692434095
7779 1090496.0954847699
7795 1090569.6811756652
7804 1091295.9140431485
7831 1091619.7734259935
7853 1091738.7652329709
7857 1092072.1883608175
7887 1092418.0761691080
7900 1092442.9305061989
7905 1092447.0509434233
7932 1092590.8908339685
7939 1092605.5972980680
7946 1092639.0696722225
7957 1092698.7905215076
7958 1092724.5890972840
7982 1092836.7229266549
7983 1092934.7051626572
7991 1093275.9334415065
7999 1093332.9637813389
8001 1093622.3614418288
8034 1094020.3351362995
8062 1094138.3719516485
8068 1094903.0877962227
8074 1094964.2169918104
8086 1095321.9423459631
8090 1095541.6015679161
8100 1095667.6503305219
8103 1095728.7716405126
8108 1096086.4950383177
8135 1096119.5529614564
8143 1096321.2302184175
8146 1096538.3918287526
8167 1096773.1134563752
8168 1097386.9875128258
8195 1097441.3734315096
8202 1097483.0918828279
8219 1097660.7193062853
8239 1097820.2972252192
8241 1098341.4989059537
8264 1098678.6946351470
8276 1098738.4988084862
8279 1099299.8783445151
8302 1099682.3953260193
8309 1100272.6142236611
8323 1100338.7267217990
8337 1100627.2941448358
8339 1100805.5934366814
8350 1101176.3197944991
8351 1101502.6080559155
8352 1101513.8214548668
8359 1102121.6186793109
8374 1102420.4383513501
8382 1102438.6063380956
8388 1102795.7403687844
8399 1103512.0521835866
8420 1103725.1947569537
8424 1103760.8635242009
8430 1104218.8860359690
8433 1104787.6226711147
8470 1105219.0742926656
8477 1105222.9198883586
8484 1105425.7772625599
8487 1105999.5336651446
8495 1106289.3289712709
8521 1106447.1987114528
8522 1106640.4734465722
8523 1107237.4525000013
8531 1107905.1772297733
8543 1108150.5771377403
8573 1108492.7711841932
8586 1108523.8135479181
8592 1109263.5355403055
8606 1109294.5543364310
8619 1109318.0869308519
8636 1110103.4954083427
8645 1110577.3328650524
8658 1110758.0486557542
8678 1110843.3776116052
8681 1111943.5728724808
8685 1111981.6344943575
8691 1112230.3367479329
8699 1112261.3198610607
8706 1112494.8679291832
8746 1112703.0558526984
8756 1113255.1607522529
8778 1113307.4204847480
8780 1113859.5176628474
8795 1113993.2182316226
8798 1114375.9491814433
8810 1114630.5872315874
8822 1114818.1810657617
8835 1115238.7077281473
8850 1115387.4050526558
8872 1115710.3374558808
8877 1116038.5971456924
8878 1116459.2379607903
8885 1116585.0967663431
8890 1116770.1194703924
8892 1117005.7354670921
8893 1117023.3479839803
8900 1117639.5333188619
8924 1117993.5314681455
8927 1118094.1023260069
8931 1118529.8007008773
8950 1118682.7142058979
8962 1118870.5602524683
8980 1119377.9491924029
8985 1119594.9227403647
8992 1119770.0594470266
9009 1119845.0244624196
9022 1119976.4319765028
9027 1120151.5754335949
9062 1120454.3171725462
9085 1120836.5866490698
9096 1120877.6945190530
9102 1121259.9626051309
9126 1121676.0064417981
9139 1121832.1517762048
9145 1122202.3459028904
9153 1122678.4340700470
9172 1123264.2918192171
9191 1123364.0923765781
9201 1124167.1752918914
9210 1124556.8028664768
9227 1124943.7744565983
9235 1125777.4854968039
9253 1125991.6914580900
9257 1126524.3904456298
9264 1126624.1095900037
9271 1127073.3885656553
9273 1127294.4379391219
9287 1127853.0172603871
9298 1128005.9950365815
9299 1128437.5610964086
9318 1128675.3810451489
9343 1128694.4928620039
9360 1128747.3723492331
9370 1129124.4108202292
9380 1129360.5260221453
9391 1131012.5998294561
9403 1131452.0192836456
9413 1131538.0830563006
9414 1131630.3554303632
9421 1132385.7176549681
9446 1132632.6328320324
9448 1133552.7632067394
9471 1134232.3283429828
9515 1134266.5214409849
9552 1135827.3063329442
9561 1136136.5936493047
9564 1136502.8150314090
9581 1136517.7174728867
9588 1136905.9267710017
9597 1137193.2107913918
9631 1137503.5234243548
9634 1138289.6063462298
9664 1138389.2880420638
9671 1138523.0853993434
9678 1139038.4296957850
9680 1139212.9569463516
9690 1139303.3617879101
9697 1139953.3616633976
9720 1140052.1836234960
9721 1140356.3957378548
9724 1140441.9357849322
9726 1140584.8376880721
9747 1140702.1838375160
9748 1140786.3896797411
9750 1141245.3431100785
9751 1141526.7969313199
9766 1141675.3312585873
9778 1141695.3174342276
9786 1142061.6570430296
9790 1142235.4359419979
9802 1142832.2277881708
9827 1143558.8071600532
9845 1143965.6050240796
9860 1144443.6378318870
9880 1144504.1629797791
9884 1145342.1601382981
9895 1145820.2011174711
9912 1146123.9190440394
9920 1146226.9844304617
9921 1146530.7007660510
9925 1146672.2923677554
9967 1146810.1032063651
9979 1147133.0497912283
9980 1147447.4999769591
10006 1147458.3244923246
10010 1147270.8557882614
evaluations raw_y
1 693883.4275332462
4 697438.6360434077
6 703962.9438181547
12 704736.8714269712
18 705765.9165428417
19 716584.4043886643
30 716868.0028337879
34 716943.6285550320
36 721313.5740649778
37 740904.1935874453
66 746223.7710779258
92 746455.6365223352
96 746926.6513159684
97 750415.0493171936
118 751819.3719122579
129 753088.5409544068
130 754014.6858996705
133 754105.0086542328
146 755733.5369649699
156 759736.4477157494
177 761416.9569022466
201 762521.2743747510
202 763409.1008632890
205 764000.6437819682
209 764220.1459796121
210 764252.4764750089
213 764269.3457309200
216 764967.8179081052
218 765418.6339439478
221 765619.6712164773
222 765938.6426749215
226 766769.3941674567
231 766900.5248228300
244 767393.3602805890
247 769356.5615698103
249 769521.4916464348
268 769707.6881078614
281 769715.2749112777
283 771012.7193317275
289 771128.4879000029
296 771864.2293391235
308 772169.6113590240
312 772956.4463592825
320 773055.6671249217
330 773561.5064358806
334 774015.6762649259
345 774837.4756063629
349 776821.7366185127
357 777781.4232753094
370 778016.2552143078
373 778964.0877002492
393 779217.8385227658
400 779263.5712842027
403 779760.7103186182
413 780948.5469681354
416 781194.3565744886
421 781836.0842394356
438 782276.6440194362
442 782484.6060060123
444 782903.3509662517
452 783215.5778054926
453 783480.8732838477
456 783661.7672253693
464 783910.4290482161
471 784864.8837266573
472 785293.3618526097
476 786272.1185929680
485 787025.5898333440
487 787101.5098740552
494 787168.5904946494
497 787398.7987894771
498 787817.0880488551
504 787956.0765720170
516 788343.9397369463
517 788862.5110137474
524 789281.2744806072
534 789404.4176958575
539 790077.9626248562
543 790231.7009488271
549 790873.1808077309
554 791143.6711346327
556 791544.1316758478
558 792478.7669886004
574 792912.6008759897
595 793241.6321384568
605 793581.3047560243
606 793805.0075205007
622 793893.6105272868
634 794080.8878850575
635 794481.8234447315
649 794760.7328377586
664 795653.1381420164
668 796209.9820176718
679 796375.2857044915
683 796484.8704019422
684 796800.4240610490
685 796895.3534741778
696 798081.4790754723
703 798701.3535690422
718 798871.9534458020
728 799074.7200933972
733 799585.0088742470
735 799657.8010442036
749 799750.9790673661
752 800313.5957349362
755 800441.3698355852
756 801072.8213809099
771 802770.0400320798
777 802862.6039902021
779 802935.1510303298
783 803143.5413679339
795 805090.9518663760
807 806079.5114873437
820 806628.1713386569
824 807145.3804445706
831 807212.6910206373
850 808433.9026730438
873 808453.7020477065
876 810395.2489112654
896 810966.3794438383
900 811010.2637786348
902 811211.9965967227
911 811471.1481317121
912 812393.1739774154
924 812515.4235364081
925 812578.3752685046
941 813185.5968488514
945 814528.6470062986
964 814761.5368558284
967 815326.1924463463
980 815698.0677210363
984 815806.8505929258
989 815934.8607767046
1004 816069.5847942296
1014 816246.0607033002
1027 817168.4851324850
1042 817844.3564086482
1055 818024.1562771335
1059 818263.7985411610
1061 818644.3856334594
1064 818770.8223535656
1066 819094.1643378822
1075 819109.4642906717
1076 819276.8188664858
1080 819985.7097758048
1081 820633.9369812182
1090 821033.4933711989
1093 821584.4913566420
1102 822231.2108364210
1111 822350.4443787272
1121 823093.6226134722
1146 823392.5684365212
1149 823394.0302936315
1155 823479.6054916218
1157 823493.1762305000
1159 824785.8455180464
1185 824956.8501579696
1188 825204.9218215698
1194 825954.5195208924
1206 826655.9403364538
1222 827001.0345579745
1226 827204.9018931388
1241 827558.4905019816
1242 828065.8965531612
1254 828309.0225304256
1261 829168.2911865797
1262 829191.5720283438
1283 829448.6597564446
1289 830025.7545214078
1300 830316.0358095714
1304 830963.1995036752
1306 831165.3815136781
1326 831170.3292497438
1327 831214.2425416387
1339 831783.5654021939
1343 832155.6334347858
1344 832408.0218226701
1362 832761.1901565673
1367 832789.3266476662
1373 832890.2093895541
1383 833645.5587719716
1384 834513.6405791902
1398 834553.3879853070
1399 835121.1069192826
1403 835426.8341994570
1410 835481.9125196447
1415 836023.1846669600
1418 836328.9026111284
1429 837806.2336846311
1431 838273.2559162267
1455 838311.1357673296
1456 839403.1258112671
1476 839804.0788843564
1477 839987.7471326239
1487 840246.6121135743
1498 840309.7604747792
1499 840310.8005940503
1506 840789.5722703374
1510 841070.9304805343
1516 841373.3567320961
1527 841923.2598442242
1538 842300.0483374821
1552 843617.1159899891
1563 844317.9798892817
1569 844471.2035050279
1572 844571.9767922115
1573 844888.9493595556
1575 846422.2982725016
1589 847018.5393283707
1601 847568.0851065376
1620 848761.3141728211
1632 848841.2464684329
1637 849259.4675143183
1639 849484.7252003733
1648 850187.2523100520
1651 850249.8657567711
1656 850600.8753768028
1666 850850.9354559425
1668 850865.3098645576
1673 851143.8343488954
1676 851243.2018490018
1680 851828.7990507341
1688 852053.7675583463
1690 852371.7578148042
1698 852447.8924414011
1699 852552.1482845035
1701 852990.8511664518
1704 853061.0329297970
1715 853330.7202303010
1726 853629.8081272837
1736 854200.3343089184
1743 854387.6568104433
1746 854786.6580051177
1754 854922.9987086866
1759 854995.8768588541
1760 855231.8526673153
1765 855631.0750998077
1770 855644.9247596350
1773 855981.5889439669
1775 856150.0103767125
1778 856573.9492367320
1784 856655.9076537585
1795 856917.0297752011
1801 857691.7434473709
1810 858084.4944752939
1822 858539.7838984695
1832 858637.5035601757
1834 858807.6901924501
1835 859225.8628980594
1838 860864.6712602745
1852 860985.7115789946
1858 861044.2132457297
1867 862116.0426212591
1870 862591.6565295823
1881 862988.4517086330
1883 863396.4008397805
1890 863589.7956648713
1897 864633.4799231188
1900 864696.0187409248
1904 864789.5852132215
1914 865406.7148667674
1923 865846.5155950811
1929 865874.0307477238
1936 866457.7549761670
1963 866971.9959844076
1964 867273.0328175910
1971 867529.2336699467
1979 867669.4331786451
1986 867768.3659826219
1987 868199.4268682981
2015 868212.3400766999
2016 868549.6695579182
2021 868644.7426192206
2029 868788.7199670670
2035 869064.2344741949
2036 869967.8562949484
2041 870112.2962936923
2052 870946.7000249088
2063 871731.0261257031
2065 871902.4852057502
2084 872360.6795271205
2085 872581.8360578677
2090 873016.2365136970
2099 873900.2693803912
2103 874132.1373000607
2110 874947.9619688079
2124 875793.9368630545
2127 876142.0194659666
2131 876854.4833179745
2148 877378.9662212742
2156 877980.7256110737
2157 878561.3999833667
2161 878909.7831596804
2175 879359.9237255189
2178 880086.9671989722
2185 880456.3066333861
2188 880740.6598616927
2199 881676.7344749219
2202 881919.8232612705
2206 882630.3862117813
2212 883445.2146567763
2220 883882.6113628446
2221 884069.1702251477
2237 884352.1773805947
2244 884353.4472104529
2246 884829.6151357172
2254 884855.2363816032
2262 885236.8312248184
2264 885357.3195041285
2273 885449.9987455975
2275 885949.6789447038
2276 886063.8124248844
2279 886387.0703506267
2299 886643.5393809363
2319 887388.4374222445
2345 888176.3279354055
2356 888998.1684644353
2359 889726.1680489623
2370 890550.7336949749
2410 890678.9837806864
2411 891162.5529959305
2414 891678.1853775396
2418 891842.1685664776
2425 892021.2402587361
2429 892065.8489179651
2448 893660.7584557578
2452 894022.9941256696
2472 895058.5640535139
2489 895846.6008690122
2494 895914.1273426190
2500 896660.3639457895
2506 896987.0730069093
2512 897216.7917455113
2524 897260.9529640930
2529 897736.8011113197
2533 897939.2992393486
2544 898446.4794397976
2559 900072.6259013393
2574 900479.5106123678
2586 900526.9368098514
2588 901381.0594158106
2601 902794.5527452321
2606 903435.0326786455
2624 904520.6119361827
2638 905009.4659726789
2642 905932.6559658903
2649 906117.8492043180
2657 906298.1124205836
2665 906799.1205125269
2667 907715.1669063962
2691 908116.0157418896
2703 908205.1075774167
2711 908256.2467389856
2735 909148.3967757197
2742 909838.3816308205
2783 910821.8014722295
2804 911347.5701441292
2811 911397.7683319745
2815 911637.7834757571
2818 911751.3661388276
2827 911965.7136553548
2833 912234.3927821419
2837 912301.2340796079
2841 913117.2121410533
2849 914000.1726903424
2855 914300.1018008513
2865 915115.4047556543
2878 915662.9399635146
2879 916393.8405305456
2896 916764.2187931034
2925 917042.5773190676
2934 917342.4939871917
2946 917356.3118933090
2947 917521.6680695775
2966 918287.2169283235
2986 918359.3502124086
2989 918797.2272755116
2996 918925.0697683527
3005 919464.2429299910
3018 919871.1330936304
3024 920306.6096326434
3026 920608.5317314655
3029 921267.1032584490
3044 922202.4046379103
3057 922484.0561443856
3070 923120.3877333754
3087 923818.0367697226
3088 924253.5021447836
3089 924432.9720283396
3104 924868.4315011738
3120 925310.5142005571
3144 925771.4325966355
3156 925908.1097473647
3160 926213.5072394247
3169 926395.8626211511
3174 926706.9435811730
3177 927006.5784081205
3180 927335.5425974744
3182 927644.9296727874
3197 927751.3550008766
3218 928159.5581298567
3229 928304.9815913268
3254 928761.9903792271
3261 929237.9241690848
3273 929792.7652402767
3284 930626.6975607144
3289 930643.5403276510
3299 931092.4441003604
3310 931526.4172428909
3314 932600.4008636215
3323 932826.0876655318
3325 932847.5243209022
3333 934108.8962973944
3343 934189.7366108344
3353 934591.8107395925
3358 934646.1145699422
3364 935261.5697433209
3367 935426.0288633615
3368 935536.9871513697
3376 935580.2816128397
3379 935673.9367613544
3383 935725.5845433247
3386 936471.1541018571
3399 936595.0753414604
3407 937092.0396514940
3412 937394.9963416898
3419 937484.2676650737
3425 937669.7651268238
3434 937836.6622983846
3435 937841.3715585042
3455 938244.1946148796
3457 938405.2750415202
3459 939426.0657288656
3465 939614.2607667967
3467 940000.4933448953
3480 940060.6129915942
3483 940215.0704841648
3489 941389.7261092038
3502 941516.3664223936
3516 941836.0696252467
3556 942397.4155311523
3573 942572.1822851020
3581 942909.9053720646
3586 943293.2100273438
3602 943521.8973898566
3614 943628.7496624960
3620 943697.8633693857
3621 944896.4574482403
3652 946248.9206212350
3665 946324.2291394381
3673 946391.1127067186
3676 946627.1358370698
3684 947541.6753488723
3694 947994.5849116648
3697 948509.5923863017
3716 948678.9746549579
3719 949294.8062805603
3727 949647.0304837018
3728 949787.4478822740
3729 949920.0127900763
3730 950235.1326319522
3734 950467.9170626957
3736 950687.8267711748
3751 950914.1700980508
3757 951135.3758885646
3764 951988.5797112001
3765 952140.8070821221
3773 952347.5958933978
3775 952480.2609814899
3780 952898.9286092770
3785 953223.6839058164
3788 953597.3939770261
3793 954156.0675587720
3798 954903.6399470960
3840 955355.9389663230
3843 955575.9135037909
3845 956360.6548766281
3864 956539.6745167070
3882 956922.3206594752
3883 957095.3196959401
3888 957204.4083039679
3903 957488.6693537233
3912 957509.7569605933
3918 957788.7332842710
3923 958254.3150216498
3924 958861.6871927904
3941 959226.4545233217
3942 959503.3667568750
3945 960110.7357002255
3960 960141.2391152505
3973 960937.8064799830
3987 961347.8326635415
3990 961795.2258405482
3999 962433.0897988155
4011 962948.9376681980
4013 963363.1478512401
4017 963474.6640609463
4031 964296.1115693626
4036 964358.5307540304
4038 964419.1529411861
4039 964532.4670694630
4050 965443.0133575716
4070 965516.1794676791
4075 965620.2707002615
4079 966329.2616600028
4086 966391.6787338627
4096 967334.8036759230
4111 967366.9006941174
4117 967635.5385198171
4120 967700.8398204229
4125 968148.7022664245
4128 968237.1849701812
4135 968741.1835807626
4138 969081.3959851873
4142 969155.1409751112
4143 969420.8361408049
4155 970151.7456184619
4178 970325.4517482285
4179 970429.4820568085
4188 971185.2963986140
4190 971545.1087895221
4219 973278.5641449860
4248 973348.5537134266
4271 973465.9361166812
4272 974246.1833502488
4294 974505.2948829556
4303 974720.7291311433
4305 975427.3408043806
4322 976213.3986502502
4339 976348.0524199917
4360 976775.3137078776
4366 976958.9224759896
4374 978512.3740532828
4397 979625.7094012399
4425 980188.3068449768
4426 980780.0505662853
4436 981892.4952431538
4445 982567.6050877637
4457 983025.8564854917
4458 984133.9702023057
4467 984390.3317787221
4480 984956.9026310414
4483 985367.7904337131
4490 985824.8906295508
4503 986524.1709884169
4536 987480.0385267180
4578 987635.7979486077
4584 987706.8153331038
4588 988334.8360369211
4604 988695.5744771893
4612 989603.8621674504
4626 990061.9604383638
4628 990232.2950267824
4633 990761.6539079648
4636 990972.1619162811
4654 991020.6832071154
4660 991681.0722464187
4664 991751.3307091530
4677 991917.0558715163
4683 992218.6455245167
4686 992470.0606852921
4696 992479.2744264618
4697 992918.3358106409
4718 993022.0163850794
4735 993120.4029006780
4742 993203.5220515170
4751 993629.6639252392
4764 993914.8601026842
4773 994136.2522402258
4776 994157.3113958286
4779 994971.5436054446
4793 995149.3286792601
4794 995214.0756671252
4806 995343.2373916000
4807 996717.2076950258
4851 997103.0682837641
4852 997711.4465955405
4860 998072.4418812804
4864 998424.3401468151
4875 998603.6739828774
4879 999258.3158376886
4887 999340.9716896327
4903 999427.0200245356
4909 999988.8579057370
4925 1000032.5120746669
4926 1000098.7400770255
4929 1000465.2078988099
4937 1000877.6765217610
4953 1001277.5888438966
4963 1001315.1534888003
4972 1001410.6711275524
4974 1001526.2392027710
4979 1002604.3633143834
4996 1002608.3083668136
5011 1002755.8227512508
5032 1002961.5122311790
5038 1003445.7068053358
5043 1003616.2469639119
5062 1004440.3557025203
5094 1004673.9106058204
5109 1005017.7284749279
5113 1005238.1251844208
5115 1005385.5198691102
5116 1005909.2883090276
5139 1006026.6573035830
5141 1006179.5131226104
5142 1006845.1899260416
5146 1007035.0494743200
5159 1007999.1741022629
5171 1008151.5932870155
5181 1008200.8433666390
5190 1008754.3891666371
5197 1009305.5513224916
5220 1009427.2737437402
5229 1009735.8396165271
5250 1010085.3478134144
5253 1010106.0240753727
5260 1010367.9005939390
5263 1010845.1665866814
5272 1010985.9623627644
5284 1011523.5595396318
5299 1011577.4731950217
5300 1011578.3859213121
5311 1012732.0518687965
5318 1013859.2950415071
5348 1014554.3689336829
5362 1014587.8707425145
5367 1015193.6721958324
5375 1015813.0260798185
5386 1016422.9681919023
5399 1016491.4373815315
5412 1017101.3757234055
5428 1017627.7446734572
5438 1017722.2122850206
5459 1017783.7425793743
5464 1018166.4566093725
5476 1018810.8380541690
5493 1019453.6935710703
5500 1019488.5462391118
5517 1020202.5051472390
5521 1020463.7802508038
5537 1020563.7991768729
5538 1020637.0666845134
5552 1020909.3577764904
5556 1021005.0496819346
5565 1021187.9205912768
5568 1021384.1709357139
5570 1021444.8640878480
5593 1021460.7707860033
5597 1021995.7123771207
5607 1022017.9247879970
5610 1022253.8550732865
5614 1022895.7173516485
5623 1023264.3517932799
5635 1023446.5568200852
5640 1023500.2781592383
5645 1023690.6373836456
5647 1023818.6085789819
5657 1023832.5096267815
5661 1023887.6758706125
5666 1024340.2102870869
5669 1024530.0982067297
5673 1025012.8837273826
5674 1025232.8822252834
5680 1025330.9822440111
5684 1026412.7782449372
5700 1026858.9678078896
5706 1027760.0330613400
5732 1027898.2844572876
5751 1028509.2772403604
5758 1028644.1309615332
5761 1029034.7239070326
5772 1029595.5089721597
5788 1030049.1560603310
5803 1030651.8227865077
5813 1030799.2914568762
5837 1030844.9658960613
5854 1031093.3244429000
5861 1031874.9825319314
5874 1032284.5655618596
5878 1032289.9970958994
5879 1032485.8049105465
5885 1032582.1404288562
5890 1032819.9058057775
5895 1033705.8551347046
5905 1033850.8870837197
5917 1034708.2166183317
5931 1035096.1222526182
5938 1035560.9372060734
5946 1036229.3564566360
5959 1036465.8072658038
5970 1036735.7442044603
5975 1036993.1149426504
5977 1038233.8314179013
5998 1039042.6476609028
6014 1039588.4427036942
6022 1039748.5034345402
6025 1040359.2910845607
6035 1040528.4272957086
6056 1040679.3629697316
6068 1040872.3237685194
6075 1041076.4540281710
6080 1041643.3528981089
6106 1041737.4301927964
6113 1042057.0272157720
6116 1042883.9441999298
6140 1043001.1342005098
6143 1043053.1598104498
6157 1044031.8476162299
6187 1045793.5106333891
6212 1046344.8083221305
6220 1046453.3808029606
6233 1047038.1635710011
6246 1048082.2918187142
6262 1049077.0447269282
6294 1049338.5917962526
6300 1049464.3954973349
6307 1049872.7075421091
6309 1050640.5453190811
6335 1050961.1414432144
6339 1051335.7907632873
6343 1051764.6140422544
6352 1051944.0727518720
6360 1052025.4169701030
6363 1052560.2581245569
6378 1052978.5166399798
6419 1053064.6241219237
6425 1053231.0031715971
6427 1053796.7040272474
6443 1054210.4229794233
6466 1054745.6796414072
6483 1054870.8809450795
6531 1055474.2955604785
6574 1055476.1499210251
6588 1055481.2439732538
6600 1056374.2154101445
6603 1057128.5642626903
6606 1057595.6683114402
6629 1057630.6190036230
6630 1057849.1493953865
6639 1058331.3759133520
6660 1058602.6061256796
6663 1058657.0502793984
6664 1059368.7819041531
6673 1059405.5772603739
6678 1060534.8621346920
6711 1061240.5084330277
6716 1061316.0805710107
6748 1061635.8606463247
6749 1061654.1938768972
6775 1062202.1921576974
6801 1062381.1620741428
6804 1062777.4940002612
6815 1062782.7836794008
6817 1063751.9488021210
6837 1064665.7273576772
6847 1065309.5460300180
6869 1066197.8334081767
6885 1066376.5716430605
6901 1066795.7656998360
6914 1066825.4110958655
6931 1067244.6023763081
6966 1067717.4677904407
6967 1068220.8480343474
6984 1068399.4505887453
6988 1068515.0398350016
6989 1068784.5092643974
7003 1069155.5856926227
7008 1069204.8042511626
7014 1069433.9942843923
7020 1069689.4759993574
7025 1069704.4312352401
7038 1070141.8519703585
7039 1070161.4531832007
7044 1070334.3862128998
7045 1070340.8039442659
7047 1071696.0220564187
7068 1071840.9146898207
7070 1072388.2457082178
7074 1072776.9956411629
7076 1072781.9022869098
7086 1073201.6910332949
7102 1073323.6724417249
7103 1073478.9639000699
7105 1073595.3462524910
7112 1074175.9108565019
7118 1074273.6815073895
7121 1074584.3901802413
7122 1074812.1690030203
7126 1075242.7285801687
7147 1075302.4537461635
7155 1075510.1780866042
7163 1076172.8086964039
7172 1076523.5063006184
7175 1076546.0351061688
7189 1077172.8528841359
7199 1078361.3802258065
7225 1078828.4701400718
7226 1078879.6478443765
7229 1079007.3216536613
7251 1079402.8187888418
7268 1079581.6626904013
7286 1079889.8036658112
7287 1079907.6340120097
7312 1080445.7451471465
7332 1080649.9625948966
7336 1080883.2835582669
7338 1081260.3698143833
7343 1081455.9668253511
7356 1081570.2743561934
7366 1081616.3075471912
7369 1081672.0509171772
7370 1081811.9045375087
7376 1081968.6048245253
7393 1082139.5601464489
7399 1082139.7094225527
7414 1082868.2867292408
7442 1083039.2151774198
7443 1083149.4462183209
7450 1083205.6068108140
7465 1083734.6696975059
7472 1084021.7712402840
7476 1084165.9365735343
7483 1084663.1282918861
7484 1084941.6025235441
7496 1085467.4410149828
7515 1085511.7818986999
7523 1086222.6107034713
7554 1086277.4757985461
7557 1086329.6070594962
7561 1086500.4809107659
7566 1086932.6369475748
7567 1087196.8527160485
7588 1087616.8124081991
7590 1087757.6545022395
7598 1088316.9768199557
7608 1088355.6770221754
7611 1088441.1590370783
7615 1088982.2370385129
7628 1089482.9704150595
7631 1089570.9838881502
7650 1090146.6438595674
7660 1091163.7651055253
7676 1091862.0696162225
7698 1091899.1865761050
7718 1092223.6163866771
7721 1092271.8512335178
7737 1092435.8275798475
7738 1092551.8256069636
7740 1092648.2107137921
7741 1092653.9901422688
7743 1092925.8459138633
7746 1093714.1322791891
7765 1093858.7344195009
7766 1093941.9295075138
7774 1094283.2239011473
7777 1094810.1456268283
7780 1094941.5597366490
7782 1094941.8861741940
7787 1094968.4813204347
7794 1095204.6529183900
7796 1095882.5217860849
7807 1096789.3101283275
7815 1096815.1246044794
7829 1096881.9363194115
7830 1096961.6731105873
7836 1097568.9499950660
7855 1097763.9735930716
7856 1098576.9346770733
7857 1098838.6535247359
7875 1098956.2129818627
7876 1099194.7299821801
7877 1099374.4976122179
7882 1099562.8051973018
7883 1099680.3301116503
7894 1100035.7027933509
7899 1100550.6030527675
7914 1100651.4598527330
7917 1100755.2170264293
7918 1100960.3606968832
7919 1102089.0895778029
7948 1102879.4389178753
7969 1103520.5709450971
7981 1104539.8719418061
8001 1106610.0522025165
8009 1107278.4285604083
8026 1107762.9911064056
8042 1107853.3421899201
8066 1108711.9166580471
8080 1108865.1976038243
8100 1109213.8731262241
8101 1109224.9031039961
8118 1109529.6183837554
8133 1109618.7670744359
8149 1110381.5881842670
8158 1110455.4012816616
8196 1110807.2556969654
8202 1111800.5387678931
8260 1112523.0562038198
8269 1112599.3602069260
8282 1113442.4973776203
8287 1113623.4482681323
8288 1113816.3433105359
8305 1113883.3708620365
8348 1114203.1449669919
8382 1114262.0980092839
8383 1114417.8095081144
8390 1114639.8567506783
8394 1114737.5817516164
8414 1114959.6242064156
8435 1115001.3058857685
8436 1115260.1564780595
8463 1115301.8380189354
8480 1115511.3499843250
8481 1115519.2182442292
8495 1115654.4412990827
8497 1115872.4863400967
8506 1115893.8302151831
8513 1117096.7336115602
8541 1117232.1058178530
8561 1117532.6335884635
8568 1118142.2314640351
8577 1118554.8219416260
8587 1118634.3977268469
8606 1118811.6990968178
8615 1118909.6948494324
8616 1119015.7415823701
8632 1119272.6211795281
8633 1119951.5124226559
8674 1119985.5862714814
8703 1120072.3183223000
8731 1120446.6382948351
8752 1120482.4589287210
8755 1120532.1309553827
8763 1120992.5657464443
8769 1121045.1056748631
8775 1121276.7877390997
8782 1121444.3618690872
8783 1121484.5711916303
8787 1121797.8338071448
8788 1121884.5600293858
8798 1122012.4808594340
8811 1122179.8976508037
8837 1122293.4977759030
8839 1122656.0563693447
8840 1122868.6415942868
8859 1122904.4304738853
8874 1123538.9648498322
8875 1123662.7204355325
8882 1123707.7581786397
8886 1123787.3527074908
8887 1123823.1400923850
8935 1124685.1811583149
8940 1124720.9629137530
8949 1124862.3443554845
8953 1125084.9661023379
8966 1125963.6290499521
8983 1125970.0370813000
9001 1126128.8437129799
9003 1126206.5641531032
9004 1126382.1707727292
9021 1126898.7144243675
9047 1127532.5883621476
9076 1128106.7420410251
9087 1128169.3817374439
9115 1128464.2127312170
9137 1129257.0074232218
9152 1129729.8505758583
9169 1130490.9031811811
9189 1130506.0218013765
9217 1130658.6500066193
9236 1130975.4005155808
9239 1131097.7432879126
9240 1131293.3934808664
9260 1131500.5802399903
9263 1131585.3570577158
9270 1131971.1449339238
9304 1132012.9623901625
9305 1132261.5179043803
9309 1132853.8864238902
9312 1133144.2573129740
9323 1133564.0852343913
9337 1133565.1278316875
9340 1133629.4902738209
9348 1134114.5467425953
9359 1134340.4615900563
9368 1134430.8952205055
9371 1134559.1215291061
9378 1134720.2124132938
9380 1135053.1965165329
9381 1135737.2213870834
9390 1136372.9300242935
9391 1136598.8408893021
9420 1136647.7589080280
9422 1136800.2394625177
9423 1137239.3889175674
9446 1137850.4957221041
9469 1138212.3686348847
9474 1138276.1038291994
9482 1138643.7239779984
9485 1139005.5942870548
9491 1139051.7554872832
9511 1139317.1577810114
9517 1139386.5764250555
9530 1139662.8578797816
9555 1139934.9749639984
9560 1140220.5929143510
9562 1140358.6900515822
9563 1140400.9082991097
9575 1140719.1562581453
9587 1140857.2123586447
9596 1141138.8272576574
9600 1141319.7861490021
9605 1141951.8689320353
9607 1142203.2337338128
9620 1142255.1319646724
9629 1142770.7433874053
9637 1143036.9303251980
9643 1143266.6491110241
9667 1143550.6584536235
9676 1143943.8854498609
9679 1144190.6600227279
9687 1145138.8602691328
9727 1145184.9144898602
9747 1145218.8802355137
9766 1145659.7805445823
9781 1145693.7315658138
9786 1145714.9709864359
9791 1145815.2408356017
9794 1145966.1749846095
9805 1146149.6338769456
9826 1146621.1915876793
9831 1146832.4385204148
9855 1147607.6796317324
9900 1147853.9563015248
9921 1148468.9236097317
9925 1148473.3343358370
9933 1148585.7310296835
9949 1148765.2920545070
9951 1148832.0124565552
9967 1149464.9966649800
9972 1149663.8660322523
9987 1150084.3665766313
10006 1150192.9891870471
10009 1150296.8501869407
10010 1150084.3665766313
evaluations raw_y
1 670368.5446734291
2 696547.0261462202
13 696921.6693475390
14 705778.8046613090
15 712376.7590094167
21 728896.6836573379
45 731079.4739784400
52 732369.4579519322
58 732848.9736855736
60 734870.1400476798
63 734941.5069824557
67 737504.4459035656
80 748407.4109241930
106 749045.8066411281
113 750372.6558580771
114 751883.6772297880
117 753992.9254350821
150 755206.5933061388
151 755851.9217958685
153 756923.4904682443
160 758867.9922830365
167 759999.1134060591
183 762213.4040271371
193 762935.0359734300
210 764294.8949642966
212 764892.1382450288
217 765317.1525659768
237 765960.2625485358
246 766443.8745801956
263 767593.5029739399
272 768376.1426110331
273 769180.8983941624
287 769255.8141558081
288 769480.4310646500
291 769938.6700247281
292 770568.4913418429
301 771181.7383230065
319 772439.1779571829
348 773232.8350056043
351 773446.6127536746
356 774144.6284191196
365 774212.4146711065
374 774487.1194424053
390 774541.2646504865
391 774967.7262351342
398 775012.0425694289
402 775551.1564468998
432 776031.4583501222
436 776325.6618620312
440 776753.7525468064
446 778200.6068003317
448 778339.4643170186
451 778922.8769304655
457 779407.9037476766
474 779764.2348594891
479 780333.5308008605
480 780566.6557241837
485 781506.3875607268
505 781532.3296749449
507 782201.1740414964
517 782319.1392001245
525 782463.0408473817
529 783144.1383157385
542 783945.0048227344
545 784020.5093681138
557 784962.8362381854
560 786146.2859416632
597 786188.1977867738
602 786990.7474420114
605 786992.3293596485
618 787463.0470293463
622 788007.3490130396
631 788265.5789864939
637 788884.9985092327
640 788938.4812685385
643 789549.3446515861
644 789648.9956596335
650 789959.2329137546
653 791752.3930050336
695 791796.9057288532
696 792504.1952556982
698 793254.3184389704
699 794304.0764425306
705 795022.8072735714
736 795123.2357307361
737 795337.8380037005
743 795370.6851462807
747 796188.1682200350
756 796707.5052633015
763 797792.4279818198
781 798024.8446176433
794 798949.2548965180
804 799685.8166289241
842 800142.0194334938
845 800244.3380974988
846 800826.1787501809
852 801495.5983446961
868 801819.3755383008
873 802005.7698223672
877 802182.5303263867
880 802747.4868747564
887 802840.8762081908
889 804636.3747750503
906 804697.4604031733
907 805513.8327949962
926 805856.0179444497
941 805933.9716809820
949 806183.5624619270
954 806672.8409192656
957 807639.2814334019
959 809125.6254144869
979 809600.9631771083
989 809752.9263144664
994 810881.6194695364
1004 811160.1055899264
1013 811277.0306892089
1015 811328.6729444446
1018 811474.4371593973
1021 811662.4959902276
1029 812307.1870233982
1031 813048.3418344075
1043 813213.3296329965
1055 813491.8095340999
1057 813585.0547389030
1075 813784.6480770448
1076 813995.0301836734
1085 814380.9106931260
1090 814786.0473753335
1097 814846.8578100073
1098 815196.0227951563
1102 815334.4071520761
1112 815569.7798352845
1113 815639.4991880667
1128 816012.5412875916
1132 816285.5133168045
1134 817052.0055104929
1149 817710.5266495500
1152 817825.9089186951
1165 819232.9654908824
1182 819805.3928098580
1183 820146.9097337949
1186 820696.6885370217
1189 821949.7007655890
1204 822694.4242456054
1221 822715.1058950901
1230 823215.0709746786
1232 823781.8625615153
1235 823932.1446496969
1238 823975.5880334505
1247 824186.3123726125
1251 824229.7546655951
1253 824352.9349033503
1276 824496.6323561680
1278 824894.8166586799
1281 824917.4219418874
1287 825620.2080386205
1299 825891.4444474173
1302 826650.1400062334
1305 826793.8509063940
1311 827128.4761794395
1325 827199.4816238689
1326 827228.8000781628
1337 827588.9799802342
1342 828320.5555779757
1351 828491.0370388459
1357 829485.8432407377
1366 830090.2155177956
1378 830374.3581503562
1396 830751.4989452811
1403 831260.3296943636
1416 831362.0960206273
1418 832179.6852159388
1439 832515.5193750835
1441 832603.7697548220
1449 832936.3068750140
1453 833978.6750879891
1467 834141.2845702976
1473 834203.0639752536
1474 834249.3009775040
1475 834630.4105352020
1477 835245.4136640343
1484 835545.3988605852
1487 835966.1837814861
1491 835986.2950404056
1499 836872.8559727630
1503 837103.0723165236
1512 838076.9164578838
1518 838185.3947784584
1535 838963.0232552782
1544 839239.7422112767
1549 840669.6866118676
1566 840810.5707197803
1567 841137.5643611781
1569 841144.3092833149
1570 841748.3832137573
1588 842263.6644375873
1602 842309.8100069845
1604 842697.4133624517
1612 843428.3149229200
1623 844304.6950709482
1625 844906.1443727539
1640 845727.8506552279
1652 845780.4002515704
1654 845931.8281786580
1656 846116.1044642511
1662 846274.6391093354
1667 846442.1971491504
1673 846898.8965359650
1694 847110.3170698333
1695 847479.3858139897
1705 847932.9790891148
1717 848734.6097756887
1728 849390.0216650264
1733 849588.6068036611
1737 850585.1161569972
1752 851113.8353042038
1753 851182.1572867443
1763 851900.9905861117
1765 852407.3643364654
1771 852950.5111051765
1774 853424.4425606849
1792 853557.3957839860
1794 853759.6051077953
1795 854231.9307165282
1796 855335.4177662039
1820 855638.6816862093
1828 856231.0288428041
1838 856237.9532375614
1842 856286.9657333278
1845 856287.9188723516
1847 856568.8615668355
1850 857182.5750389727
1859 858370.5692808569
1872 858511.3102521257
1886 858665.5236511640
1891 859504.5648721551
1898 860498.3009645377
1920 861495.0859154694
1930 861522.7463539324
1937 861552.0591892041
1940 861912.9377994164
1942 862218.4720108320
1943 862329.8232272760
1950 862423.1567530809
1953 862902.5792541329
1964 862971.4254737489
1971 863960.5556362823
1983 864068.0970399352
1989 864116.4184005638
1992 864282.0383869107
1995 864874.9244901409
1999 866283.1723184906
2006 866528.6027169500
2030 867127.6959540570
2032 868149.5684287637
2056 868644.6461346257
2060 869481.2741682691
2091 869655.2417735223
2093 870097.5245666885
2103 870671.5269616654
2128 871147.1748728484
2133 871167.0642922607
2135 871286.0042744665
2139 871461.3685727074
2140 872701.0486211056
2153 873371.8845809470
2155 873430.3576603135
2166 874022.7563450483
2167 874320.3196751700
2180 874803.6424127893
2183 874944.8685693287
2193 874952.1634654364
2198 876031.5041101428
2204 876101.5966540929
2206 876731.6265473346
2214 876750.9478458870
2226 876965.3130318536
2231 877154.3341846783
2236 877577.6028790157
2238 878472.3900210760
2258 878941.5849383972
2273 879383.1121188479
2277 879548.3917610468
2283 880498.2948328300
2307 881368.6721194538
2331 881708.4090367242
2334 882677.2923637383
2345 883229.4850182516
2357 883564.1271601814
2362 883570.4295859152
2364 883605.1477636578
2368 884441.3213018849
2384 884764.8799002490
2394 884950.8164437850
2396 886604.6941954170
2414 886886.3296931951
2415 887140.0279877775
2422 887549.9451281013
2423 888340.6134932119
2433 889166.4739549862
2440 889765.0745618388
2444 889914.1516554941
2451 890721.7364359600
2473 890739.7976683034
2478 891036.7228405845
2481 891256.1267790821
2483 891445.9744144015
2485 891531.1666004765
2497 891758.0837101594
2499 892571.5409143431
2518 892793.3801175200
2519 892815.7163038305
2522 893464.6071869988
2525 894802.2293425296
2540 896200.0210101566
2558 896451.0694317934
2565 896891.4851944395
2576 897120.2171161930
2591 897881.5178827082
2621 897993.2223903764
2626 898404.4481646577
2629 899084.6206118190
2651 899858.0748169507
2652 900034.4618314917
2659 900105.6786625684
2661 900516.8926244498
2670 901149.3868802853
2678 901443.3047695318
2683 901537.4785830594
2692 901804.7734291124
2696 901950.2337731262
2699 902301.6432021805
2701 902629.6476927240
2713 903398.6260886794
2720 904110.4157923497
2726 904121.9293397680
2733 904205.3468374721
2740 904329.1638175896
2749 904891.9330369724
2752 904947.4841130490
2753 905236.9341419657
2758 905407.2513881538
2768 905520.2415872598
2770 905752.2517478806
2783 906380.5593191650
2796 906936.9314701328
2816 907201.3894590490
2830 907923.0832193671
2854 908056.4791840591
2857 908095.9439500928
2858 908644.5991967650
2872 910062.2697032739
2901 910329.8664623203
2910 910754.3028049446
2916 910968.8589405756
2922 911109.3847646643
2925 911216.1736573571
2926 911944.8837492160
2938 912593.9355233704
2952 913387.3918450482
2968 914104.1895237145
2979 914960.0294028422
2990 916257.7734996964
2991 916326.9545313577
3021 916932.2285086585
3025 917236.2185331172
3044 917701.6170587529
3053 918808.5158916760
3069 919248.0778061938
3091 919627.7463647563
3103 920496.4591051029
3108 920598.0803809445
3114 920735.5428839485
3118 921362.8734381750
3121 921396.0382304754
3138 921732.1250227926
3139 921870.2174096421
3141 921921.0139656146
3146 922346.3842570928
3149 922395.1923564766
3156 922510.6713623133
3157 923115.9914606926
3171 923464.3703207161
3186 923768.5010425044
3199 924093.3401190289
3211 924502.4408113556
3213 924505.1228836756
3221 925656.6047679303
3231 925819.6195867837
3251 925899.9638942059
3256 926305.8443977827
3270 926711.0036169779
3275 926824.5851067050
3287 927003.7890084346
3295 927028.8968120174
3300 927086.0614156791
3307 927321.6819168827
3308 927378.8461745149
3310 927585.3788593584
3334 928025.2611362298
3335 928495.4271891162
3347 928813.3175471860
3362 928960.1909001044
3370 929221.1017793043
3373 929781.8405180221
3389 930464.6609439870
3401 930579.8419340350
3406 930733.8435840459
3410 930798.3468232058
3416 931514.7556562875
3439 931688.6244093478
3443 932001.2929889433
3445 932015.8780782387
3448 932406.0957830880
3449 932569.7194633362
3453 932959.9365740271
3455 932976.2496462786
3462 933211.6740396587
3467 933244.5928735634
3470 933435.2529610562
3474 933530.0888771374
3478 934132.6290128565
3480 934282.3908409497
3485 934326.9495921204
3515 934802.3537721599
3519 935119.9848604223
3531 935164.5451216965
3544 936942.7720760475
3569 937797.9517999267
3603 938307.7023879909
3606 938750.0636096251
3630 938862.6325272054
3639 938936.5055216026
3640 939304.9916629515
3649 939416.0157473977
3661 939723.0190297285
3668 941061.0099131466
3702 941559.3647533442
3706 941655.4164549765
3726 941711.8572796854
3730 942306.2567015437
3753 942669.0623206157
3762 942745.0055325598
3772 943753.7345832235
3784 944454.8722601469
3807 944687.9667501012
3809 944893.7579441962
3815 945551.2714497062
3818 945666.6985406420
3827 945897.5363633174
3829 947209.3020073256
3843 947625.6685808389
3848 947632.5496984678
3863 947806.8128621376
3868 947879.3765647189
3870 948077.6553042250
3878 948223.1783235744
3887 948650.0879751305
3906 948729.8441649608
3907 948848.9633874713
3908 949166.7076172972
3921 949560.8764970009
3940 949697.5613070111
3941 949777.2979860166
3947 950313.3123967643
3948 950803.2412630225
3979 951187.1472311468
3989 951409.5722931840
3995 951497.2061769214
4008 951750.2270033100
4010 951953.0923745533
4018 952091.5255398900
4024 952760.8032874567
4028 952769.8366579028
4047 953642.9463896581
4049 954564.3713570550
4064 954583.7462161339
4077 954584.3930373440
4082 954646.4192526770
4087 955103.9279472380
4089 955418.3806582481
4090 955666.8938855241
4094 956142.2223932234
4107 956211.1085902667
4117 956577.9374621955
4120 956671.2496904548
4123 957174.3903178308
4133 957467.5455039835
4138 957640.0361670073
4141 957808.9117998750
4147 957902.2125101723
4154 958076.7677483605
4171 958367.1390250729
4183 958699.6495738616
4199 958780.9162409982
4207 958874.2032168750
4208 959182.4878349297
4215 959632.0453181162
4231 959740.7068856985
4235 960144.4834200941
4238 960148.9696020355
4240 960236.8352962321
4248 960640.6110855457
4254 961301.6904111679
4272 961397.1335132950
4282 962427.5877453495
4294 963083.1695234549
4311 963960.1173150670
4325 964499.5368817662
4338 964517.0502896669
4367 965474.2282188504
4373 966298.6077413374
4388 966351.1758013349
4424 966432.6891760008
4425 966879.0300205066
4447 967581.2102147739
4474 968097.9412367706
4480 969282.8836605775
4489 970091.2023311285
4501 970702.5228797904
4503 970725.9215450474
4508 971514.6650419051
4546 972442.3310495514
4559 972906.2891406055
4570 972974.6726418727
4578 973870.9668799634
4595 974403.3075511804
4621 974880.1647806335
4629 975176.1260240671
4631 975866.8033873682
4652 976492.6275011648
4672 976724.1316499318
4673 976749.9760619642
4680 977848.9758072370
4686 978574.5115459225
4706 979189.9089397734
4714 979410.2725385790
4717 980790.1125395864
4725 980824.9908592912
4734 981595.6265201394
4741 981870.4742664954
4756 983287.5425296954
4769 983316.4649443020
4782 983429.8529566900
4788 984201.8362858695
4803 984822.0539659380
4818 984875.9118123506
4819 985865.8740398493
4829 985940.3106680540
4834 985994.1643482151
4846 986393.7327978327
4854 986768.8028887142
4879 986931.4925043825
4882 987977.4654228565
4892 988112.0130581196
4900 988402.8426217616
4913 988420.5944487809
4915 989374.5217971229
4931 989393.7602591073
4937 989633.0349667218
4948 990311.5871984829
4959 990597.2784939231
4961 991573.1136577845
4988 992191.4595405189
4991 992332.3249637403
4995 992343.9783877879
5002 992434.2459780944
5003 992764.5107140485
5010 992887.0527200166
5017 993267.1949599107
5023 994181.0521706246
5053 994502.0982371183
5054 994891.8296632734
5072 994996.1310980234
5075 995362.9125730398
5077 995485.4390975490
5083 995634.0854486416
5085 996023.8166883289
5094 996194.9661602239
5097 996201.7582873512
5100 996343.6135552947
5101 996714.0075299999
5108 997033.8119949428
5110 997059.3931571750
5113 997208.0381143360
5120 997297.8351074384
5145 997701.6586440670
5147 997866.5620948480
5166 998019.9491043451
5180 998032.1478677716
5183 998285.1486090207
5194 998606.5039165616
5198 999029.9231016192
5199 999433.7262384868
5202 1000084.5483312118
5210 1000278.2805254100
5217 1001036.4024558122
5238 1001090.5214338640
5245 1001342.1387905092
5251 1001591.8731158966
5258 1001874.6081113155
5264 1002565.8834123026
5272 1003173.8295064181
5284 1003450.6080122029
5288 1003457.1981771365
5295 1003674.2735070812
5296 1003856.0089669679
5312 1004100.4810517079
5313 1004378.7727191192
5318 1004400.6158255351
5325 1004607.1117635263
5329 1005390.0392461149
5339 1006094.3807145902
5359 1006259.2696985749
5365 1006537.5571400607
5372 1007066.0141439275
5383 1008002.7615661452
5408 1008502.0263352093
5410 1008574.1630437108
5422 1009527.5839711863
5442 1010510.5276272107
5459 1011492.1669476960
5475 1013078.1747766994
5479 1013349.2096224451
5504 1013871.6712280143
5513 1014492.7709593325
5527 1014586.6303701240
5540 1014651.1276332778
5541 1014811.3665079937
5565 1015059.8731754231
5576 1015110.9624174276
5578 1015212.1825471541
5579 1016728.1232172255
5609 1016980.2116260314
5617 1017281.9742981816
5619 1017589.1228315088
5635 1017678.4960862466
5643 1017922.2660689781
5655 1018539.4923749628
5683 1018981.1681120561
5690 1019159.9044753391
5692 1019400.5804009297
5700 1019614.2634310998
5706 1019704.9884895012
5709 1019720.9597359885
5710 1019866.8555629031
5711 1020515.9247893639
5730 1020767.7843418826
5738 1020986.3373579945
5753 1021522.6866254965
5754 1021895.8716034822
5773 1022068.6625127849
5776 1022213.3211652157
5778 1022819.6850437369
5802 1023137.1321527757
5812 1023465.8892742937
5818 1024004.3100627642
5841 1024333.0654223094
5861 1024753.8570342304
5863 1025061.3166183848
5876 1025119.3385642618
5881 1025669.8811667485
5892 1025764.4624040149
5922 1026151.1213671013
5926 1026188.0400257040
5928 1026340.6260560420
5937 1026356.0001692347
5939 1026419.8250313085
5951 1026874.1461390802
5954 1027153.9377976173
5961 1027158.4924348760
5964 1027369.5964331751
5971 1027750.0139592194
5982 1027899.9338736337
5986 1028566.2267384807
6010 1029621.8708857702
6053 1029661.8633826391
6056 1029679.8724108086
6059 1030306.5409962214
6079 1030854.6389040168
6083 1031004.3320688755
6102 1031094.0025486292
6106 1031106.2213323722
6109 1031704.5794549801
6121 1032242.8041508830
6148 1032737.7928556177
6149 1032782.2491779741
6161 1033002.4299564651
6162 1033704.8704931705
6170 1033871.8160600376
6176 1034898.7079920983
6178 1035200.0171312266
6186 1036121.8854822941
6201 1036377.2578052849
6207 1037027.6096913542
6232 1037576.2035498646
6260 1037770.8722576873
6272 1038054.2715100441
6277 1038112.5935787167
6280 1038293.2995264194
6283 1038724.6451388481
6292 1039458.5991253008
6300 1040099.9086274153
6318 1040154.8710647456
6323 1040623.0606463043
6333 1041054.7023953106
6346 1041103.3456217074
6347 1041168.6220264646
6354 1041644.8100047517
6355 1041948.8746618589
6369 1042480.9860819131
6372 1042515.6129667561
6378 1042685.9009725135
6385 1042773.5189424894
6389 1043085.0868164224
6392 1043193.6134401774
6395 1043626.1929088044
6401 1044027.9708508451
6403 1044953.3235832271
6417 1045098.3253863562
6420 1045186.6774480100
6422 1045619.2802765472
6426 1047078.4017662691
6469 1047191.5939000852
6476 1047652.1485436270
6480 1047965.7917888334
6492 1048600.2319558102
6499 1048884.1520197147
6504 1049247.1871680375
6515 1049459.0132785221
6530 1050015.0753522522
6559 1050226.9014421457
6576 1050734.5888391030
6583 1051385.1421919237
6598 1051596.9675403947
6615 1051697.6750664173
6633 1052222.9019575322
6653 1052577.9644284281
6682 1052636.9231585299
6684 1053283.9384655794
6692 1053511.5543858048
6716 1053909.8327498033
6720 1054342.4294481871
6722 1054382.7198682541
6723 1055092.6112681588
6726 1055481.0272233349
6742 1055891.8073120401
6758 1056174.3025539925
6771 1056827.6008518049
6772 1056851.4797843108
6789 1056989.2459376710
6799 1057013.1250996115
6802 1057226.5973763927
6808 1057879.8933540373
6810 1057903.7728059124
6825 1058531.0535158555
6849 1058557.0577024973
6859 1058711.2732074317
6863 1058881.6009309310
6866 1058962.4802928732
6875 1059355.3380408529
6877 1059532.7549358280
6891 1060322.1009064938
6894 1060499.3700364362
6899 1060798.6538144632
6908 1060887.7396574616
6914 1061592.1074445676
6927 1061681.1905494551
6928 1062284.1845208954
6941 1062373.2651444601
6987 1063008.7713895042
6997 1063126.8372186294
7009 1063127.2509059967
7013 1063228.0109712221
7019 1063667.9316440541
7021 1064861.3294843463
7033 1064955.7337775256
7043 1065035.5617710431
7053 1065581.9741166041
7057 1066125.4704970522
7081 1066199.5149472305
7083 1066207.7853978521
7105 1066603.8739600813
7116 1066728.8427307699
7121 1067365.5437519001
7140 1067510.1187610892
7152 1067668.0122652967
7163 1068429.9950361075
7178 1068438.7031495562
7187 1068568.3855213209
7190 1069309.7320656781
7206 1069415.8109494147
7228 1069744.5830236140
7245 1070450.0164521590
7256 1070884.8651479641
7272 1071913.9916933102
7288 1072406.0157997722
7346 1073019.0653934067
7357 1073379.0383573170
7375 1074032.2101276515
7392 1074073.7424203220
7399 1074586.5388668776
7404 1074994.8457035371
7416 1075224.8512204492
7417 1075451.3890281173
7419 1075479.0683160920
7425 1075695.0980119247
7441 1076108.5038512649
7443 1076606.4201469985
7452 1076733.0200171906
7470 1077036.9271351646
7478 1077304.8389743310
7481 1077387.7879408239
7508 1077420.3858682872
7514 1077784.8130739755
7561 1078744.5639798751
7577 1079153.4378390424
7590 1079910.2859585297
7605 1080803.4882012766
7611 1080910.3511081350
7623 1081301.4841183054
7633 1081403.5109974213
7634 1082029.1904443242
7635 1082160.3345429341
7654 1083725.9468143233
7682 1083879.0782139520
7706 1084016.3201361338
7726 1084127.0654272784
7730 1084274.0359572605
7736 1084384.7790417052
7739 1084389.6449945827
7742 1084718.0684653225
7748 1084973.6805505538
7756 1085582.7741994436
7773 1085698.3827253720
7780 1085838.3858163371
7794 1086837.6357569960
7824 1087054.7859920084
7825 1087790.5383473521
7832 1087816.1016589813
7840 1088033.2503084498
7842 1088064.7864811916
7850 1088725.0549526266
7851 1088756.5831100987
7859 1088923.0593281642
7865 1089276.8480456348
7869 1089762.6906833253
7877 1089957.8805925602
7878 1090416.6401225631
7882 1091256.2632372016
7905 1091806.6533212878
7907 1092039.4910357809
7917 1092988.5964831156
7937 1093032.1611050966
7952 1094030.3114905320
7980 1094282.1934485305
7989 1094876.9376691165
8008 1095275.4898221062
8013 1095300.9859045316
8029 1095733.9851337746
8033 1096145.7970473701
8041 1096715.0045208272
8046 1097365.6460195610
8067 1097562.9119355471
8078 1097641.6495717166
8086 1097906.7045631341
8093 1098161.7941855399
8100 1098505.5865401083
8112 1098932.7304256824
8140 1099390.2173123052
8141 1099408.2166011338
8164 1099694.0426712944
8168 1100292.8387530695
8182 1100309.9903908926
8189 1100355.9514192569
8190 1100497.2280722726
8193 1100849.1216231696
8202 1101025.2672410842
8224 1101364.6569370388
8228 1101641.9204087537
8246 1102140.0424136717
8254 1102646.4521560287
8255 1103350.5003903841
8273 1103957.5274996669
8282 1104463.9248338535
8311 1104600.6726726550
8313 1104925.7573914791
8323 1104949.5634761611
8325 1105274.6474551591
8337 1105432.1523744992
8338 1106223.0971243165
8360 1106500.4432769765
8364 1106628.7806076554
8371 1106884.9303987878
8382 1106940.7952431133
8401 1107325.2805204638
8407 1107453.2926673484
8414 1107980.7687451954
8426 1108025.5429505715
8433 1108700.5348468595
8450 1108735.1982180832
8451 1109259.2294245162
8453 1109848.0768966374
8465 1110019.5883738538
8484 1110097.6439288422
8488 1110221.3836273190
8492 1110785.0694552145
8512 1111159.8606065344
8516 1111164.7833033546
8517 1111172.3263555774
8520 1111191.5963749294
8522 1111971.0243764822
8524 1112211.8661199396
8536 1112214.2529785794
8541 1112419.1880019307
8543 1112829.2546430109
8544 1112980.1585509530
8550 1112992.6863436080
8557 1113365.9348295832
8559 1114354.1651754274
8589 1114504.6668265981
8592 1114878.4678971316
8613 1114974.6834448362
8616 1115516.3409309378
8620 1115649.1821679333
8650 1116057.3445952332
8655 1116183.2368730446
8666 1116268.3346958619
8677 1116443.8381150775
8690 1116588.0423908038
8692 1116937.0970799348
8694 1117142.5649635079
8700 1117635.8334844650
8702 1117896.4351305384
8711 1118022.3092211604
8718 1118630.7537202793
8724 1118863.2442098663
8739 1119044.2757314250
8743 1119597.5453969697
8759 1120370.8611418870
8793 1120769.9359021317
8821 1120775.9661696034
8833 1121747.9703839878
8845 1121751.6057876826
8848 1122682.4123539899
8869 1123613.6371360940
8873 1123615.1516449098
8876 1123618.7406675846
8887 1123893.9711477153
8890 1124328.7357206384
8906 1125183.3316197784
8924 1125668.0425995535
8941 1126089.7651008747
8964 1126101.8744611384
8966 1126523.5961423717
8977 1126706.3432004314
8987 1126929.2797178517
8998 1126943.3442457782
9000 1127026.6536519618
9014 1127249.5890151518
9017 1127463.5910397454
9022 1127474.5296447969
9026 1127511.0696797778
9029 1127697.4559271582
9030 1127911.4411031571
9057 1128169.1555186284
9076 1128344.7014752151
9089 1128769.9107584807
9098 1128846.2067872013
9105 1129203.1694505725
9110 1129217.3212974709
9125 1129271.6734945870
9127 1129347.9516977686
9134 1129860.1044608541
9155 1130610.5298116757
9180 1131029.3354229196
9184 1131812.2976476683
9213 1132015.5925477850
9224 1132576.6794582673
9229 1132929.1146265490
9231 1133756.4035163515
9239 1133768.2142020739
9246 1133792.4502221311
9247 1134233.5132475724
9254 1134577.6994427352
9260 1134864.6595535043
9269 1135205.5526917772
9271 1136429.4936013860
9311 1138031.2866375528
9331 1138376.8657578949
9366 1138677.2581926305
9404 1138739.5460059200
9409 1138915.9979040178
9436 1138978.2729078736
9450 1139271.5630205164
9454 1140168.0273529245
9494 1140506.7738253004
9502 1141125.5444802148
9528 1141639.2222969176
9537 1141651.3864200129
9554 1142121.6343318697
9561 1142192.8629195236
9568 1142608.9011040889
9569 1142737.1352095283
9617 1143054.8384976331
9619 1143583.8372353739
9638 1144082.4272419144
9645 1145313.2834989845
9672 1145451.5109840843
9674 1145559.0399046617
9675 1145980.5097005109
9687 1146051.3791030638
9697 1146330.6751385983
9717 1146804.2008075071
9756 1146806.8857829447
9813 1147052.0039179202
9829 1147339.7490725769
9836 1147905.1551036669
9848 1148024.6771982037
9857 1148316.4081187206
9878 1148317.6831931742
9881 1148651.5325842367
9899 1148964.3102370247
9907 1149245.7324239572
9925 1149551.3010803135
9929 1150318.0519003184
9948 1150396.2026918393
9951 1150437.5683820036
9956 1150445.7471701687
9960 1150640.3140946149
9962 1150652.1943047589
9964 1150706.3064542813
9965 1151317.3712057446
9977 1151413.1175365744
9986 1152298.7762357309
10009 1152310.6325171827
10010 1152298.7762357309
evaluations raw_y
1 664964.1197956539
2 686970.8463672033
3 695011.4322885575
7 696001.4993448930
11 696786.3974519664
14 707431.0329531542
17 716992.1102286741
37 723020.3877042250
42 732185.7523348073
53 735910.8516962670
56 739803.0195102304
69 740243.0232146531
71 742417.3540530956
74 743903.9828046721
76 745548.5182521059
78 746436.1323597250
94 750516.1285498069
97 750595.2204326753
98 751678.7643052674
99 752589.7369051378
110 753419.9522942088
111 754936.7171139817
113 756890.6137491239
137 757473.4357455208
140 757840.1942565541
141 758668.6336869934
146 760634.8501527661
151 760902.9777184208
160 761302.9627977485
164 764339.1207575082
184 764340.1962683786
185 765951.4374511107
201 768290.6788123875
202 769567.4023280503
212 769591.5620656812
219 770269.5517279271
223 771569.2142444397
233 772419.9794075695
239 773274.2547182636
243 773306.1112471407
246 773407.6666649970
248 774085.4515987689
256 775009.5303802652
262 775697.2457869818
276 776513.5927734667
279 777247.9882975400
289 777317.3017776589
291 778063.0450733600
295 778075.4420025646
311 778764.2299448883
324 778997.1409915620
353 779241.4848525105
355 779705.4876900401
366 780182.7417317634
384 781585.6412557045
394 782078.7424685095
404 782640.5945040421
408 783417.3621402783
413 783931.4938405172
420 784256.1580463491
426 784315.2885972122
431 784646.9363622590
432 786025.2045232014
446 786085.2460263927
447 786909.3447078725
464 787358.7855796068
468 787787.3414660004
476 788777.8268734961
490 788792.3613606581
492 789724.3417716842
501 790459.7062129808
502 790637.4407389511
516 791448.6441343874
517 791522.1228579124
532 791791.7423654913
533 791988.5109655762
535 792138.0833563786
542 792310.4584299553
544 792972.0887752122
545 793782.9438855457
548 794267.3976282859
559 794328.3182790207
565 794508.6444595373
567 795203.5862686656
588 796292.8768584852
593 798201.2763549179
616 798380.0236608393
617 798409.8953248847
629 799104.8223043220
638 800020.1417065869
662 800209.4681779295
665 800652.4590451677
666 800984.6306786542
690 801012.2636583946
692 801335.5772159719
702 801489.5357970302
710 801631.8606197266
724 802034.6909513867
736 802106.5661450356
738 802330.6519501857
741 802529.3201402880
744 802623.2657456546
748 803614.9801356297
787 803972.3169889767
798 804101.8592148569
800 804416.4587916586
802 804698.4992415410
804 804848.0623996477
807 805124.3050347080
811 805289.8392377817
815 806122.5103191981
820 807202.1058341032
825 808886.3485973434
845 809230.4755111040
859 809265.6993439996
862 809524.6129721738
863 810292.0130499512
867 810822.6544648360
875 810833.9758824125
876 810915.8492879947
879 811972.2093544308
884 812047.5211556958
892 812263.3825074846
904 812818.8844243569
909 812937.0180397324
911 812965.3613280309
920 813181.2225538015
936 813332.4223529547
939 813361.5908222405
947 813424.7957921101
949 813948.9850912946
966 814364.5633397397
971 815003.6226061309
990 815771.8333890723
998 816013.8266593234
1004 816997.3245505420
1032 817225.9864253100
1033 817547.9364742992
1038 817686.5269712694
1042 818307.5509370877
1070 818359.2498790681
1071 818467.0068415885
1075 819434.4116540566
1086 819550.4468917688
1089 820023.5591404819
1095 820557.5108531130
1099 820961.4607269788
1111 821092.4292488097
1115 821198.0419994233
1117 821926.6204406500
1119 822385.3939208155
1128 822602.2428441438
1133 822950.4367581601
1146 822969.2562314176
1156 823424.3274071177
1166 824105.8734819632
1168 824439.5453372935
1194 825448.5416007026
1204 825753.6449877858
1214 825913.1080173216
1233 826349.8935044009
1241 826380.8363376409
1244 826617.6320014923
1245 827287.1597798809
1248 827318.1010600688
1269 828431.8523604361
1275 829060.4134960845
1297 829251.2489937613
1298 829517.3799405372
1301 829803.2727778477
1304 830165.1569016961
1309 830325.5289398147
1313 830682.1309128390
1314 830819.5346856695
1317 830948.8054728229
1328 830954.0873309352
1329 831947.2119212575
1351 832686.8202870137
1359 833438.6467936005
1366 833591.5841733287
1380 834135.3506829994
1382 834191.7831999616
1400 834255.8863574051
1404 835183.8358490256
1427 835759.9843798844
1432 836274.8859816417
1440 836508.3258338288
1441 837144.5022937550
1455 837202.8337386753
1463 837740.8934469355
1468 837873.6150635441
1469 837942.5079768199
1473 838279.9519938864
1489 838547.3886708576
1496 838997.9280428594
1514 839204.3496755474
1526 839809.1417822002
1531 839923.6631749560
1535 839965.6817810020
1542 840578.1300722866
1544 840580.6141013143
1564 841193.0601762476
1577 841870.9680095720
1598 842030.7518930323
1612 842469.0464946867
1614 842852.9470422039
1627 842969.2332796379
1629 843308.2274077322
1633 843494.8832891600
1636 843517.5563081087
1639 843609.8187014107
1641 843744.0339312459
1647 844400.8887238890
1651 844743.6375596350
1665 845384.2291845850
1685 845636.1060853831
1689 846065.4872254296
1696 846543.2457886782
1706 846580.1403015904
1716 846603.4306920070
1719 847085.1215181592
1731 847289.4317682125
1733 847442.9043564373
1741 847868.5779751253
1754 848080.1119369190
1757 848381.7295206494
1784 848651.3232056553
1792 848997.8853333036
1798 849346.5384134033
1818 849539.6868112352
1827 849944.2795896610
1830 850087.9495894146
1839 850109.4393190031
1841 850327.0327862710
1853 850561.7585390096
1860 850639.3203492020
1865 851779.0693039448
1892 852561.9397837973
1903 852593.9791986231
1910 852696.6937746451
1915 853317.3084437422
1917 853484.8581552790
1924 854204.5181113123
1943 854292.0709769140
1945 854674.4311209514
1949 855634.5585616369
1964 856026.3967474444
1968 856028.1404788499
1969 856550.4147840455
1978 856733.9659832988
1992 856735.7055819816
2002 858338.2366588300
2015 858791.5256334862
2034 859186.0973332445
2035 860021.9613423214
2058 860036.2666990126
2061 860313.1180924383
2066 860533.2268815503
2081 860892.5627367914
2107 861131.8894277175
2111 861563.6761831578
2135 861885.0518519969
2139 862607.7277327712
2142 863335.3023712449
2143 863492.9018576485
2155 863663.1917687388
2160 863804.8766516530
2170 864166.4280268652
2172 864192.2522096084
2178 864308.1113955595
2183 864736.5982469143
2185 865784.9072124402
2203 866347.4663699501
2209 866641.1371481458
2226 867016.7325458736
2235 867530.3222946683
2251 867779.8335973530
2258 868369.8897113634
2262 868951.1597378113
2268 869353.8361184552
2287 869794.4169372795
2291 869874.3337764950
2294 869915.9076165773
2295 870197.0924772745
2301 870301.9438439253
2302 870753.8494322015
2309 870805.8573050228
2327 870957.8512660573
2334 871605.1171864404
2340 871804.1948505125
2347 871931.5549004545
2355 872163.0902775472
2360 872233.6819901571
2365 872564.9422800015
2366 872628.5769696945
2373 872688.0564778937
2375 872935.1828797192
2382 873136.3103006380
2385 873417.8194201888
2402 874038.8524228670
2404 874953.3941820770
2421 875383.6301233515
2433 875538.0272694437
2437 876490.8311448613
2456 876594.0113246184
2457 876639.2257799482
2458 877722.5930152439
2471 877895.5875417501
2477 878000.3017824243
2478 878586.7929499148
2482 879340.5321067306
2485 879550.4941807791
2486 879699.6917608173
2497 879892.7308567328
2512 879926.3697596529
2515 880158.0704391864
2518 880236.5069186665
2520 881201.3527977699
2529 881478.9860169963
2540 881583.0846855524
2541 881881.9470292027
2543 882310.7206715854
2547 882411.7410799321
2562 882529.4326946359
2564 882927.2974534422
2566 883599.6193500241
2571 883980.5249741946
2586 884989.3281128131
2608 885124.2197227867
2613 885194.8621833646
2618 885967.1710729457
2620 886122.5309729611
2626 886181.3808662191
2632 886999.8321344128
2647 887786.0066633428
2670 888329.1150130592
2675 888394.9057631817
2680 888430.5793331373
2681 889364.7244147015
2688 889562.4930091649
2694 889736.6974127813
2695 890184.3722457585
2697 890376.7060830576
2720 890951.7711858157
2723 890979.5672584613
2727 891540.0011857593
2739 891935.3619261250
2751 892086.7203851130
2755 892504.9937816140
2777 892825.0462167857
2781 893022.7878131316
2794 893523.6557317465
2800 893636.4261981384
2812 893909.7317908512
2821 893976.0957832568
2825 894672.4496357013
2826 895012.1138928039
2835 895423.9221764859
2837 895702.8447811287
2849 897374.1504489031
2868 897429.0413072567
2883 897713.8015958605
2885 897887.6430611962
2886 898129.6520133486
2910 898702.6453214634
2928 898918.0004107290
2934 898981.5672531863
2939 899596.0737187826
2953 899874.9955770236
2960 900019.6114753725
2981 900902.1159645178
2984 900976.3692252050
2992 901519.6300953254
2996 901539.2594054006
3009 902736.3815333003
3037 903237.8206173276
3041 903279.5487795081
3043 903771.0843034749
3051 903898.9367498973
3056 904050.2878169160
3070 904052.0609157626
3077 904212.1893130199
3085 904553.3583036972
3090 904717.7085026390
3100 905005.0486222099
3116 905225.5019112049
3118 905668.8806885879
3124 905899.9134815363
3140 906062.0338544939
3142 906435.0101478209
3143 906613.1619140282
3145 907241.3920543916
3155 907275.3961024571
3161 907314.8517895784
3163 907446.0311691158
3167 907634.1328953503
3170 907995.9873235184
3181 908328.7448653246
3183 908408.7671431227
3184 908869.8433682411
3186 908888.0650474624
3201 909632.1990524143
3210 909689.1006592098
3214 909721.7900917537
3215 909865.4111083967
3219 910562.4623361200
3221 910853.4543213720
3226 911046.8048940247
3232 911613.8168651462
3234 912285.0058051487
3239 912773.6134892834
3245 913685.1000099905
3254 913700.1421534806
3255 914937.7529945056
3268 914956.4496406397
3285 915257.8785442174
3292 915824.6076369985
3293 916006.5903022431
3298 916613.4833224511
3300 916895.7851612858
3315 916920.6547255320
3328 917124.9345927174
3329 917370.4766110368
3330 918264.3390156568
3340 918475.4470109754
3343 918564.3603267064
3348 919464.6535740141
3359 919942.0310773116
3372 919944.8112783921
3382 920152.2145083954
3383 920566.7590133108
3387 920924.7493205954
3389 920959.7577257897
3391 921827.5920536800
3414 922295.0242922971
3416 922601.0028559489
3421 923111.0017393774
3428 923428.2736696020
3437 923727.7364557772
3455 924249.0793942023
3477 924558.5201914827
3483 924787.9356724359
3486 924917.6400028884
3492 925411.2734751931
3494 925970.8197230913
3523 926805.4474768686
3540 927349.7722605845
3544 927891.4226389233
3550 927909.3170365361
3582 927984.3345129181
3586 928472.2622290711
3595 929031.8065228357
3597 930151.8622187616
3625 930374.6954103139
3634 930467.5948318134
3643 930752.8813328162
3656 931097.4329697844
3657 931274.3532104205
3662 931296.5757188282
3666 931422.0208622966
3668 931614.9953481089
3675 931914.0732118882
3683 932196.8417974410
3699 933025.7670037186
3705 933025.8813101825
3713 933093.9528756923
3714 934308.5620724140
3739 935072.2677291477
3748 935385.6233144905
3765 935574.6320751242
3766 935749.0091611167
3778 936184.4666583784
3785 937134.2138152099
3813 937380.2164615721
3823 938217.8306417094
3829 938385.8206597099
3846 938720.3515679663
3849 938786.0912682974
3853 938995.2665929416
3857 939402.5663427493
3871 940293.9446961221
3909 940361.3025427009
3918 940936.5817933030
3941 941112.4075371933
3942 942093.5167730629
3957 942395.5834300716
3971 943328.1010617485
3993 943512.6849306582
3995 943513.5075116514
4005 944679.7254960206
4018 944877.0828053257
4024 945510.4533925829
4048 946735.3972749157
4056 946950.3396961872
4068 947669.5516387325
4084 948043.5445151709
4085 948201.9601389345
4092 948641.3493228586
4104 949168.9925937213
4123 949246.8699467869
4140 949980.8889872007
4142 950058.7664370667
4144 950591.1585983509
4157 951087.8520393384
4170 951620.2475902144
4179 951842.5254839369
4189 951944.6085980765
4194 952262.8743770983
4195 952386.5222551035
4199 953453.9974955944
4200 953626.2282581341
4208 953831.1462175834
4223 954112.5115179308
4224 954631.0418028060
4234 955385.6810591472
4246 955441.8320444520
4251 955484.4651159822
4257 955486.7773983543
4259 955856.4353045865
4263 956348.9381725916
4266 956819.6931243647
4275 957042.1112921741
4283 957060.8450167177
4286 957290.7531396549
4293 957548.1699769348
4300 957651.2046449957
4301 958290.1490597327
4314 958470.2164315179
4318 958573.2484773145
4321 959169.5822364624
4327 959370.5651460720
4330 959469.9819601965
4336 959490.5575519312
4338 959958.5701888400
4347 960085.9750986550
4358 960609.3562968313
4360 961132.6219777539
4370 961685.4159029925
4376 961843.7780357999
4379 962104.2252031051
4398 962405.4625217523
4403 962698.3244190554
4404 962744.9471963641
4419 963845.7143201344
4430 963937.1916136121
4441 964081.0919935086
4443 964798.1386072047
4449 964981.0379496714
4452 965313.8995896326
4454 966093.1544390249
4457 966957.4407608430
4473 967176.5631962252
4475 967340.4401426474
4479 967787.9701774289
4493 968461.7051241178
4495 968696.0528701899
4496 968794.8013456052
4529 969326.1167686412
4531 969472.7792782901
4535 969475.3000389852
4547 969564.5738637473
4562 970137.6374078365
4563 970673.0922552914
4580 972386.3473132536
4606 972465.0712579595
4609 973315.6372382522
4633 973760.4982656781
4647 973995.4087526628
4648 974316.3114502057
4650 974551.2216881682
4666 974559.2457952002
4677 975485.3741379176
4711 975503.4629542208
4726 976046.8883346310
4733 976190.6107518107
4742 976464.9566238178
4756 976704.4112450934
4767 977492.8427938370
4775 977852.1633290729
4791 978117.0689580484
4804 978454.3344155748
4812 979366.6300429212
4827 979706.3280801288
4833 980175.9526056838
4837 980399.1654830931
4838 981004.9582669479
4852 981023.3158401476
4866 981527.0346626492
4872 982532.6433793941
4885 983386.7289671503
4904 984537.7571000761
4930 984704.7729797815
4933 984768.4279469297
4939 985074.5960179678
4942 985767.9763601889
4972 985798.3904117305
4977 985984.0449121434
4990 986054.0428519403
4995 986312.8644484096
4996 986356.8280593705
5005 986506.5948731340
5011 986695.6451082301
5024 987174.2299454613
5037 987904.1430278079
5058 987937.3421205836
5059 988058.8334878370
5063 988484.1625797490
5067 988701.5287552839
5084 989500.8117906015
5112 989921.7788776990
5119 990400.3375099089
5133 990974.7059521776
5145 991387.6770543726
5147 991477.3433818419
5161 991514.1476362215
5167 991853.5089793672
5182 991890.3103088521
5185 992647.9444786276
5186 992998.5768378765
5207 993562.0110483099
5210 993786.1672170819
5225 994753.9538579859
5233 994830.3002261424
5243 995474.1104045137
5251 995717.7504261789
5255 995955.0510798355
5260 996553.8755638561
5281 996754.3685899738
5299 997074.6513812941
5326 997300.2163445787
5330 997564.9852774334
5341 997753.4070265807
5342 997899.2750962257
5344 998034.2575681787
5347 998073.6859216609
5348 998619.2864352588
5358 998969.4406273790
5375 999233.0534449110
5398 999746.9273161227
5413 999925.7193201747
5416 999965.5057483736
5418 1000488.3088162334
5429 1001089.5740765269
5443 1002317.5981256436
5468 1002356.2845327918
5475 1002856.4521675281
5492 1002995.6123624885
5501 1003049.7160723045
5508 1003248.4812179802
5514 1003792.4011628082
5515 1004719.8213011705
5517 1004918.5772705834
5540 1005106.3347320304
5546 1005698.9899614844
5558 1005744.9575191712
5560 1006537.9723899743
5569 1006953.2672352699
5584 1007729.7585021058
5600 1007836.3457963163
5606 1007857.2571045023
5607 1008307.3162099741
5609 1008412.5913959135
5615 1008525.1967842941
5616 1008610.1724706376
5619 1009773.8711392988
5629 1010392.7378833898
5641 1011340.3673681995
5645 1011352.8436661002
5649 1011739.4316889812
5668 1012239.6052183120
5685 1012326.4117566516
5689 1012991.1291307802
5694 1013244.0244972728
5715 1013896.1661349289
5727 1014746.2008402456
5736 1015075.8404545425
5745 1015409.8656749325
5755 1015815.9148108739
5770 1016116.5782727512
5777 1016545.9475581790
5780 1016895.3388912405
5783 1017608.1438766492
5788 1018757.7833577931
5805 1018991.4169382591
5819 1019311.4596816879
5823 1019500.2503583838
5837 1019555.3456250004
5842 1019748.3948821181
5848 1019944.0712566378
5849 1019949.1542763484
5850 1020153.1725585894
5860 1020260.9336488560
5877 1020470.0345951465
5884 1020488.0116585825
5894 1020957.2517512180
5898 1021508.9882121255
5900 1021626.4598769571
5916 1022051.4176029067
5936 1023383.9846742257
5957 1024222.1700429020
5989 1024347.4728840622
5993 1025030.9588135557
6001 1025760.1875479878
6016 1025936.7768908615
6026 1026458.7955445501
6040 1026666.0031894331
6047 1027093.1806975257
6064 1027364.6066794568
6081 1027600.1721081465
6088 1028078.1840057018
6111 1028129.6267551358
6115 1028257.3105112427
6119 1028700.1988806584
6126 1028808.0781878133
6128 1029149.6130966705
6130 1029644.6560947823
6135 1030266.6518849923
6149 1030628.6947699242
6159 1031223.5260218279
6192 1031489.7712240835
6209 1031903.8287020720
6214 1031904.2763983551
6215 1032184.3910519294
6230 1032877.1603666086
6248 1032877.6095132799
6251 1033599.0069381348
6254 1034489.6622688886
6256 1034746.2656006899
6278 1034949.8560529546
6281 1035155.6940975310
6282 1035459.2636976513
6289 1036435.9674732061
6330 1036574.2750266464
6341 1036730.8946168174
6353 1036942.9915807071
6376 1037281.4391466589
6387 1037353.4901572983
6392 1037691.9434807900
6396 1037730.2306822280
6408 1038545.6285550316
6418 1039232.8330267912
6434 1039824.9952161493
6445 1040512.1843234174
6461 1041323.7347257665
6462 1041409.7121105660
6492 1041486.6320558506
6505 1041852.4602716089
6513 1041925.1583705561
6528 1042278.5967250436
6536 1042513.3578184552
6542 1042594.1036553562
6549 1042674.5041930947
6555 1042757.9082295249
6558 1042919.0553868983
6562 1043020.3085975019
6584 1043246.5140290987
6596 1044291.6794864583
6614 1044810.5206909515
6640 1044887.1159948590
6648 1045317.9670293373
6652 1045587.9927710537
6663 1045945.3667590566
6678 1046215.4026727779
6688 1046722.8353541174
6706 1047047.9272123501
6735 1047868.0727454361
6746 1048151.6119367585
6751 1048380.4583743075
6761 1048630.6221785443
6771 1048754.0719000064
6782 1049370.0480173414
6788 1049595.6302531750
6800 1049932.8141682621
6806 1050112.5008222694
6813 1050331.7051799376
6817 1050971.3495593113
6830 1051504.6116938270
6832 1051662.4522310584
6834 1051878.4808575318
6847 1052398.4226275636
6854 1052655.9640236821
6859 1053748.9950637291
6872 1054050.2002281100
6888 1054201.4728363934
6894 1055269.0413845456
6900 1055968.3748977710
6913 1056096.1721342315
6916 1056914.5102009273
6918 1057678.3756987993
6937 1058328.2073190555
6944 1058453.9198615847
6948 1058880.9682693824
6955 1059434.2516024988
6963 1059649.2242429995
6966 1060478.2783645794
6979 1060931.3118495033
6985 1061003.2729097179
6996 1061448.7116640229
7005 1062441.9985304740
7023 1062528.8323424449
7033 1062539.9837565422
7037 1063343.0975130557
7045 1063562.6337687201
7055 1063605.2208325630
7056 1064256.3635237236
7057 1064258.9821293454
7067 1064948.4894857116
7084 1064972.9365922734
7094 1065198.3166982469
7097 1065527.1941038154
7101 1065721.9467871566
7102 1065966.8700663042
7115 1066145.1000514580
7116 1066407.9183611474
7126 1067979.1776393582
7133 1068223.2667597332
7138 1068375.0051786285
7144 1068659.2533943674
7158 1068852.1104371629
7164 1069629.0029259745
7174 1069791.6997327299
7189 1070279.5708873887
7238 1070406.3439582060
7239 1070442.2639462464
7240 1070540.2129295988
7242 1070949.8298713120
7244 1071049.1541009583
7261 1071611.0287109469
7273 1072041.7010375306
7286 1072711.9526835484
7296 1073796.1066831676
7304 1074335.3834989737
7311 1074521.8848066581
7322 1074691.4987996211
7330 1074877.9991423907
7342 1075022.0791547012
7346 1075164.0285524491
7352 1075350.5273690473
7379 1075548.6611365618
7389 1076187.8072759088
7400 1076828.0440945777
7422 1077471.9713428854
7458 1077521.8175364798
7468 1077697.9235828174
7476 1078037.5225386433
7490 1078264.9671543590
7498 1078659.7934452833
7533 1078780.7669374719
7534 1079170.0530248377
7553 1080153.6289323240
7573 1080176.5236997353
7578 1080767.2181201668
7582 1081215.8242601415
7600 1081566.1331048619
7601 1081714.6968215478
7615 1081873.5677162430
7619 1083101.5304003225
7644 1083249.2243244373
7645 1083281.1895556878
7646 1083923.7950351895
7658 1085055.2726625048
7682 1085422.7571645458
7685 1086351.0556598743
7695 1086590.6366037936
7714 1087165.5463232244
7723 1087405.1276915732
7724 1087857.6663081199
7729 1088090.4357815145
7739 1088741.2434587495
7745 1088813.9838448947
7751 1089146.3538027352
7776 1089199.5727257289
7786 1089375.2591647741
7795 1090017.1555303282
7799 1090173.8298609641
7816 1090770.9376635468
7832 1090832.2436007208
7846 1090988.9084148169
7847 1091429.3541158193
7886 1091586.0114101963
7889 1092160.9864758360
7917 1092230.6342343336
7936 1092530.3226474586
7937 1093326.0315529851
7945 1093350.3850412488
7956 1095253.1848120233
7997 1095596.7640677579
8012 1095937.9443252394
8018 1095979.8937222951
8019 1096054.4179184556
8021 1096073.8837832308
8022 1096179.0811436500
8030 1096921.5074273127
8043 1097002.6944986931
8046 1097551.6122355524
8058 1097629.2975547565
8062 1097817.2368261639
8066 1097905.5295554225
8082 1098718.1705644135
8118 1098916.2059000593
8120 1099113.8405984060
8126 1099177.3320594155
8127 1099301.9340390405
8132 1100063.0794788436
8186 1100223.5895786160
8203 1100696.1582825093
8220 1100852.2723853739
8230 1101384.2168506596
8236 1102165.6927428921
8250 1102586.0492474835
8278 1102971.4122050328
8289 1103097.6702002618
8293 1103278.2406152785
8306 1103801.6743242790
8320 1104472.8888161231
8332 1104837.1135822320
8339 1105091.9358473998
8341 1105106.2840453319
8343 1105649.1652395292
8353 1106205.4296321375
8372 1107059.0318128646
8395 1107453.3751599242
8402 1107563.1097663743
8408 1108958.5045404232
8427 1109085.2127336673
8431 1109521.1214226147
8444 1109671.7863159098
8459 1110391.7626582962
8491 1111061.6858780403
8534 1111335.6784335116
8554 1111781.3992756205
8564 1112055.3895297903
8586 1112063.7299532208
8600 1112690.8991731682
8625 1112990.7734791427
8653 1113626.2702465544
8669 1113977.7176500293
8686 1114458.8273875716
8699 1114810.2667155683
8717 1114875.0228721302
8719 1115655.9024390411
8747 1116435.0672163793
8759 1117067.1359180219
8760 1117272.0327469641
8765 1117281.2971358804
8767 1117336.7419153599
8770 1117627.1632225537
8780 1117764.2314833840
8784 1118304.3843124739
8800 1118483.4292045298
8806 1118715.0173053143
8811 1119812.2526025164
8832 1120718.6234546888
8845 1121062.3705680436
8849 1121695.3504043440
8854 1122292.2922232759
8862 1122358.9497417316
8863 1122823.8315214396
8865 1123675.8384052452
8886 1124108.0532932379
8909 1124376.2798456152
8938 1124532.2768792852
8966 1124580.3186296381
8967 1125026.4236941980
8970 1125098.6276325905
8981 1125418.5875930011
8996 1125888.6173826214
9014 1126008.8827645648
9017 1126298.1303274042
9023 1126327.1763133614
9026 1126447.4500361057
9031 1126888.4193714939
9039 1126917.4666417574
9040 1127358.4163653704
9054 1127471.1686130485
9058 1127500.2225372079
9075 1127941.1517119862
9086 1128119.6102250607
9090 1128219.4450564107
9100 1129038.9401548528
9114 1129049.4190038883
9119 1129458.7262940879
9130 1129866.9941342187
9137 1130667.5475424689
9153 1131205.4499056451
9184 1131282.2294693210
9201 1131403.1705146404
9209 1131421.6297536578
9212 1131525.9894317542
9215 1131733.1407430097
9239 1131810.0059674161
9241 1132586.3421643218
9247 1132689.7836345951
9248 1132793.9970455645
9258 1132846.7534330694
9271 1132933.5044832439
9277 1133295.2781811322
9293 1133591.7488499284
9315 1133678.4986538596
9330 1134059.4755278169
9356 1134146.2210408000
9363 1134630.0681596636
9366 1134781.8228871974
9378 1134980.8785016348
9390 1135495.7958431062
9396 1135616.4610832548
9405 1136463.7018882486
9419 1136795.5951381885
9424 1136888.8735992755
9444 1136960.3563957298
9454 1137577.7877485189
9464 1137948.1676526677
9468 1138624.0786303016
9489 1138989.4265736239
9498 1139667.0796778731
9503 1140097.1082545328
9534 1140533.9427467787
9535 1140796.5442362204
9541 1140924.8131734945
9556 1141292.9948296300
9559 1141881.4430526865
9573 1142146.7244902083
9575 1142817.9812408111
9582 1143011.4137521784
9600 1143576.4764125207
9632 1143774.0595765081
9650 1143781.4554240729
9654 1144107.6785766499
9659 1144501.4046119261
9681 1144725.5160839558
9692 1144853.2291597479
9694 1145119.2437422033
9727 1145186.8108433136
9729 1145445.4603941794
9741 1145665.7611024396
9747 1145899.3811297619
9748 1145951.9590523543
9751 1145980.1970915629
9772 1146255.3033176493
9774 1146336.1189527388
9776 1146842.5699140013
9808 1147647.8823784550
9824 1147772.0347424413
9827 1148076.4361388716
9844 1148244.6467045066
9851 1148268.1311070006
9864 1148475.0252601213
9888 1148609.7648532970
9889 1148733.8824723023
9890 1149282.8272238015
9912 1149369.7695347613
9916 1149624.4449939812
9928 1150065.9610603149
9939 1150106.7158684565
9946 1150993.3884279486
9962 1152020.3730841854
9997 1152070.1851422077
10010 1151525.5406100946
evaluations raw_y
1 747553.2684619299
44 749047.4172877258
48 750949.1693336269
52 750994.6245467798
57 755170.7970781854
61 755238.6052793047
66 756230.7854731133
69 759378.0283963615
73 764584.0217437801
82 768213.4540603308
98 768453.4243977984
101 769156.5967832822
102 769258.1900873238
103 772531.2115783987
123 772627.3678899549
136 773028.6784837397
137 773740.7866052521
141 775055.6892526447
144 775369.7300525985
146 776335.6722973896
159 776461.4793778484
169 776921.9290358485
170 777510.5576806525
177 780039.8627171455
191 780890.0792230470
192 781475.4148239077
197 781832.4383803157
199 782822.1182701995
201 783174.1967300905
215 784545.4964438516
230 784779.0565601955
236 784993.8371779681
240 785005.6358766705
242 785439.4544139918
246 785734.0548275533
250 785848.5866982288
258 786254.8183070268
262 788087.9568969915
282 788189.5599902517
284 788557.3761099080
287 789369.0786971679
293 789641.9616546867
295 789758.7211990054
300 790763.3024971258
315 790839.4902981169
322 790857.9137718403
326 791492.3878450346
335 791606.4882383399
342 792153.3917144655
353 792711.8143229171
369 793078.3144050790
382 794211.9786929718
398 794674.4670690681
401 794705.6074364649
414 794842.4123156136
420 794953.5714248068
422 796190.2587036572
443 796879.0066379359
447 796962.4838200440
455 798270.4735210064
463 798526.3308779104
466 799068.0034634608
473 799433.5188327807
484 799763.2637671212
490 799975.1886462426
492 800791.2448700921
497 800955.9070494388
498 801057.1578952561
500 801749.7240326598
503 801827.8514275587
506 802021.1098221799
524 802554.4094073192
530 803131.1058336020
544 803470.6922408553
552 803992.6829206132
561 805235.9899139862
580 805336.2960387723
581 805520.9597511197
584 806239.7968314695
587 806328.6058468560
595 807338.2461173635
619 807362.2241833693
626 807621.0393095510
644 808037.1731878403
647 808273.0210596966
651 808402.8049132279
660 808442.5374410592
664 808783.4972988532
666 808882.3374361533
676 810521.4308493860
706 810573.0418380899
720 811172.5509874781
721 811712.0394975403
728 811873.5957214980
735 812319.3599362780
748 812738.4010684122
750 813361.7634705536
758 813742.5919984755
761 813841.4169174635
773 813876.8311635273
783 814266.7791048314
793 814696.7964116744
804 816090.2698933734
833 816244.6409879003
837 816482.0758530103
838 816545.1250645044
844 817076.7012433378
862 817372.5472102007
876 817436.5358185900
881 818243.7388041577
897 818301.3461212263
901 819157.6557238798
912 819460.4540103531
916 819854.8688386292
924 820550.4381058143
929 820791.4916941709
932 821731.3979163014
950 822023.4422141194
961 822984.2566808130
964 823019.5404240807
971 823327.3873429208
975 823629.1465465949
990 823896.5990624520
993 824235.8963443078
995 824503.3485203309
998 824512.5718258787
999 824558.7026064997
1002 825080.5409658327
1022 825101.1617346460
1024 825355.1864423075
1029 825865.4835762419
1030 826457.9569173369
1038 826780.8739231563
1043 827101.1318528126
1049 827300.2248703787
1060 827430.0702392450
1069 827803.4423282030
1080 829019.7687788086
1084 829403.9790977061
1115 829710.2429536293
1118 830143.2645713004
1136 830401.2837224966
1137 830639.1165014037
1142 830831.3682061450
1148 831245.8734488793
1153 831343.7599932801
1164 831480.4488240477
1167 831522.2858705540
1168 831622.5644343521
1171 833175.4264706285
1183 833361.2471928971
1184 833884.8845442942
1192 834311.6138866964
1196 834861.2059039804
1210 835558.4287592858
1217 835626.8750140810
1225 836851.5327160436
1230 838551.3686518652
1242 838735.0751090047
1250 839995.7817854552
1283 840123.3736072826
1286 840199.9657462332
1292 841221.5961098593
1299 841420.1252457537
1313 842096.0830812694
1319 842309.7733528044
1334 843478.2837081759
1336 843704.4112030942
1347 843802.8808519321
1354 843987.7464827872
1360 844487.8028929781
1363 845061.3678312453
1366 845174.5191466509
1389 845855.4037468610
1406 846055.3611207177
1413 846331.2598618978
1432 846713.4634163014
1452 847061.5038252948
1457 847484.1430266274
1469 847583.1937649659
1475 848423.8215659827
1482 848780.4441778655
1499 848814.6855611842
1505 849083.0240445924
1507 849136.4174184937
1509 849584.5047401938
1528 849787.1655621687
1539 849892.2217179857
1555 850056.1033765033
1559 850207.2680503026
1569 850407.1588291315
1579 851114.1494339057
1590 851262.5426934658
1596 851316.8091891183
1598 851465.2015963533
1604 851822.2740026234
1609 851824.3386101410
1610 852167.4659817023
1622 852512.1468647920
1654 853070.0066547417
1657 853311.4796581464
1668 853926.1723803832
1678 854536.9729313304
1692 854921.8734506897
1702 855104.0590664725
1714 855287.2067074130
1715 855720.3282871890
1723 855898.0061687779
1724 856150.6147442578
1734 856766.8766063176
1738 857770.0036402963
1744 858070.0695463616
1754 858342.4956913382
1755 858672.7276860181
1763 859413.5191335031
1771 860064.7961688025
1782 860259.2787636303
1796 860670.8225179676
1797 861056.2198898222
1802 861206.7032169463
1804 861225.2377068447
1806 861657.7020977848
1818 861711.3113246788
1819 862425.6714832495
1834 862571.4681303824
1836 862934.0379476220
1837 862966.6527786545
1838 863209.7611959561
1856 863250.8379434925
1858 863424.6039778891
1860 865305.9199772283
1881 865347.7949468417
1891 865432.0761962322
1896 867794.9307155699
1916 868368.4513890543
1933 868835.7930577659
1943 869341.8567562427
1950 869452.4162945042
1955 869662.6659678668
1960 871028.1464607143
1972 871697.0113550355
2005 872285.7970512237
2013 872341.1381555088
2016 873435.4686015620
2029 873514.6443596310
2041 873584.1415543021
2045 873713.7253649685
2046 874518.7251541115
2058 874644.8222691286
2069 874986.0686805424
2074 875309.5470942337
2076 875401.8811601052
2082 875725.3596530129
2094 875921.7363898334
2095 876427.5818648873
2098 876986.9359500395
2104 877145.8148852126
2110 877340.1062822358
2116 877501.6854685531
2118 878108.4807719726
2125 878437.4511576082
2139 878777.7332085517
2152 878782.9224588543
2155 879205.3853590429
2156 879337.0684149060
2160 879401.6395357827
2173 879617.0281051026
2174 880633.2715718952
2181 881340.9920774081
2200 881794.4459522078
2203 881980.2195585500
2210 882513.0480768937
2218 882576.1557898534
2223 882980.1288376412
2228 883371.2140087520
2242 883985.1866246372
2254 884356.3905059024
2256 884464.4018642163
2292 885366.3623192080
2334 885800.1554755742
2363 886127.0886385295
2365 886487.4394113083
2374 886572.1426616188
2375 886612.7258042435
2382 886770.1176852973
2385 886977.8819465050
2386 887064.1869452815
2387 887620.9040881156
2395 888509.4048612511
2396 888972.6176507813
2418 889233.7715795130
2419 889876.7832754131
2423 890291.9258610962
2437 890779.0786183771
2447 891070.5457638955
2459 891645.1678582567
2473 891736.4721300604
2478 891942.8296258044
2484 891959.7927083881
2497 892114.4456631970
2499 892935.0615638974
2508 894377.9895236746
2527 894643.5813769497
2549 894888.3319041292
2559 895070.6182724468
2560 895437.6162109300
2581 895947.9298162591
2582 896825.6982616325
2593 896859.6479371485
2598 897494.7840783749
2600 897721.6300761586
2617 898431.9945333963
2629 898583.8373065687
2632 899227.0121715552
2636 899442.7406546383
2652 899974.6968009030
2658 900086.3465915613
2665 900308.4045750496
2667 901460.1987610834
2689 901650.5775616228
2693 901659.3386882846
2697 903051.7566822909
2701 903177.8289194638
2708 903664.3264091307
2720 904873.9576660005
2724 905593.4469654385
2743 905758.0236009189
2750 905781.5690229745
2757 905933.0713046655
2761 906030.9098359281
2762 906269.9811630860
2765 906794.4019122501
2776 907120.8309906634
2780 907141.7867830679
2792 907682.8609391768
2800 907721.3786912429
2809 907763.3410083674
2812 907881.0969749199
2820 908366.0175399194
2826 908685.5238845800
2829 908743.7977222275
2837 908871.0511734138
2845 909486.3357361477
2852 909858.8726696968
2854 910496.4294950494
2873 911225.7653488446
2875 911326.6449584675
2880 911828.5017117918
2891 911992.7541271517
2895 912055.2100785477
2903 912525.2068925427
2908 912721.3166995416
2911 912879.7818949004
2919 913444.2774655735
2940 913584.7339281233
2943 913723.0473115039
2946 914079.7471098416
2947 914087.1205606320
2964 914853.1724017516
2995 915469.2684130131
3010 916227.2600881603
3020 916277.8247593815
3028 916482.8181814060
3046 917409.4468194089
3054 917540.9690930282
3056 917632.7506762382
3067 917982.7457520253
3072 918793.9971440221
3096 919103.4525575596
3107 919565.5029345353
3121 919899.9403718053
3133 920267.2209723735
3145 920542.8824085544
3161 920559.1265604021
3170 920748.4786919951
3172 921002.4941708944
3177 921116.7755402366
3180 922183.1744761830
3190 922248.3005728811
3202 922608.9171205658
3213 923859.7539699608
3230 923922.3536174005
3249 924366.6580769388
3257 924401.6491180259
3260 924560.2385540113
3265 924866.1156658563
3273 925405.7612404077
3297 925500.0974616935
3301 925557.0914559579
3302 927662.0643578143
3321 927741.7711615755
3322 928527.0994402490
3339 928606.8044701024
3351 928931.5600551916
3353 929452.4205287786
3366 929480.8100051783
3372 930121.5822713533
3389 930484.9087734331
3391 930660.5513113358
3397 931476.2002395602
3405 931538.2657913915
3418 932083.2430411298
3441 932182.5712799528
3442 932858.4090920839
3445 933020.1205808170
3464 933180.8877740956
3469 933274.0574373651
3474 933462.2497575866
3476 933868.7678458117
3481 934018.4666564841
3487 934174.5534211097
3489 935748.1922296543
3509 936100.4431733993
3518 936298.1512398174
3529 936703.3570952838
3540 936901.0615740273
3547 936954.3999550510
3560 937577.4145510645
3562 937868.3099742624
3579 938360.1629332784
3582 938380.6587374021
3590 938567.2276186930
3594 938626.2111205098
3603 939298.4596505552
3606 939354.5921830060
3616 939697.9300583717
3625 939721.6914645636
3626 940451.4569374111
3635 940645.1742680095
3637 940702.1639788144
3642 941148.0557235026
3645 941188.5456203026
3651 941817.7095096818
3653 942463.1189907758
3667 942919.3779344604
3695 942968.1731454944
3707 943110.8502055486
3711 943302.4757417785
3714 943371.8091864384
3716 943469.4605069155
3721 943534.1639380335
3723 943556.9633631329
3725 944073.6325026806
3731 945206.1810868458
3760 945275.4084777421
3770 946007.2844552012
3783 946828.0919510185
3793 946998.9193169445
3805 948355.8354552237
3807 948920.5339027892
3822 950000.6444076020
3860 951266.2042096942
3873 951411.9428827666
3885 951718.0178003332
3900 951838.0627776214
3905 952471.5198874339
3907 952651.9940774287
3914 952974.4555538299
3916 953158.3634301171
3917 953205.4027903492
3923 953781.3361930674
3930 954003.7395035215
3934 954858.5244103102
3940 955474.6076049071
3941 955625.6277808143
3948 955908.5604687711
3963 956795.9885347519
3975 957703.9396152481
3988 958558.9281365116
3999 958577.4573742605
4008 958708.1180696173
4014 959065.9193788305
4016 959248.6376370343
4031 959438.6838973470
4034 959900.0257301744
4035 960131.0742901805
4036 961583.2337921266
4067 961687.1566138706
4088 962390.3972656124
4089 962528.3346064329
4091 962803.2898080469
4102 963349.8581552125
4110 963926.9275077758
4117 964135.6861042910
4120 964187.5037975950
4126 964484.2337748860
4127 965519.2293479987
4130 965828.8245237543
4140 965880.3567290753
4142 966693.1787117852
4155 966941.2119326564
4158 967019.9424040670
4163 967181.0798451229
4172 967326.5734974175
4178 968110.6449749015
4184 968302.1929114844
4188 968647.0678357797
4218 969005.3463327289
4226 969043.6070653998
4228 969072.8788170372
4231 969106.4707709728
4238 969127.9152889532
4244 969310.1599389886
4247 969330.2341831089
4250 969764.2753593565
4254 969966.2869361466
4259 970581.8362729920
4272 971624.2922410816
4293 971931.4243480107
4294 972079.2574064212
4313 972103.7212355922
4318 972494.7895314422
4325 972828.0070022743
4331 972941.2953460722
4346 973324.7852220230
4347 973646.7432702723
4356 973747.5758619315
4358 974295.7575330075
4367 974688.7371748431
4376 974817.1855000651
4384 974947.6437698009
4388 975193.3127343671
4391 976066.1068929422
4411 976229.0875106584
4421 976306.1121766600
4426 976442.2298042866
4427 976837.4144055890
4434 977136.5198394536
4455 977266.9458527558
4458 977891.9492823399
4471 978303.6952885895
4488 978319.8594216149
4494 978503.7943833517
4495 978588.5083368426
4499 978711.4543177002
4501 979087.5626346542
4503 979341.9262919890
4525 980187.7260258959
4538 980999.7244621845
4540 981297.3365083361
4552 981776.4416371832
4554 982448.1483915600
4570 983131.7766523859
4587 983452.0400107062
4593 983771.5745712295
4607 984135.5838454263
4616 984537.0070685706
4627 984962.3175449232
4642 985505.1160833524
4665 985556.8202837337
4674 986056.0323083632
4678 986598.1607045785
4683 986707.0607287397
4688 987354.3690087668
4702 987418.1954724442
4706 987458.8289153430
4707 987970.3179324683
4716 988133.6452901064
4728 988257.0631878002
4736 988365.6827371137
4748 988478.1229558024
4750 988775.0052505184
4754 988791.7347216184
4762 989284.2577218225
4766 989876.2863862285
4797 990315.8416433688
4812 990599.8014272064
4814 990940.1646451945
4824 991540.2662083018
4849 991914.4727993420
4850 991929.1876163984
4852 992190.6706075328
4855 992529.2834748074
4862 993462.3466443227
4863 993958.4174066863
4893 994055.2779118691
4896 995145.4397721686
4903 995315.5639144096
4912 995965.7438614373
4923 996209.1648992570
4937 996423.8431414237
4940 996685.5901208642
4948 997953.9710426531
4977 998147.2662915183
4979 998275.6438917243
4988 998737.0197748614
5001 998906.8805411819
5002 999005.2294067004
5014 999026.8010516623
5020 999249.7519629132
5036 999689.3009782833
5044 1000184.9050796401
5056 1000309.3897791568
5059 1001006.9084129279
5062 1001240.0958830394
5077 1001846.8756719326
5089 1002456.1858284675
5092 1002690.2767738948
5109 1002782.5253276853
5118 1003612.2566397365
5140 1003646.8591830243
5142 1003830.0601102236
5144 1004838.7112290168
5155 1005752.6202978826
5176 1005832.2290589769
5179 1006746.1362094840
5192 1006772.8339505715
5209 1007269.4405105547
5226 1007642.0894887141
5235 1007793.4100048746
5249 1008029.0967602342
5250 1008229.6395753922
5260 1008310.2588435768
5265 1008762.9642832517
5280 1009177.2896695394
5283 1009289.0381965404
5291 1009542.6070020855
5300 1010062.9304338346
5306 1010319.7452244119
5320 1010664.9380986693
5333 1010961.5111869585
5344 1011439.0976360383
5356 1011538.2113813688
5369 1011738.5357975679
5370 1012016.7971333101
5373 1012152.3339197099
5382 1012660.8036082750
5393 1012689.8538210125
5400 1012877.8480543296
5409 1013592.4480378822
5428 1013893.7335344556
5443 1014242.8820858048
5450 1014295.4445542716
5455 1014528.9125676554
5456 1014699.0193826063
5465 1014972.2597057837
5474 1015016.5828660674
5483 1015812.4824088454
5499 1015896.5596724941
5504 1015942.6757852747
5514 1016571.8599437618
5519 1016988.8082145426
5538 1017082.2659068160
5546 1017113.8017361027
5549 1017126.5726284781
5568 1017223.0129275100
5581 1017312.3729639678
5597 1017825.5113347854
5598 1017860.3536972986
5604 1018853.4791294420
5612 1019157.1990604913
5632 1019568.2741497047
5638 1019594.3352531447
5642 1020185.1656986751
5658 1020475.8358939629
5662 1021077.7605650984
5673 1021164.3722444243
5681 1021334.1211840889
5689 1021339.0410208902
5690 1022098.3477727355
5717 1022529.6401885636
5719 1022545.3738025596
5721 1022675.1130654872
5727 1022934.2621641302
5733 1023381.2876373898
5747 1023405.8685340127
5748 1023411.3679003774
5750 1023462.1239160809
5759 1023852.8885923718
5772 1023861.8084665018
5778 1023861.9102866398
5784 1024205.7193390810
5796 1024332.5036539948
5809 1024845.0237874320
5810 1025197.8431456742
5824 1025324.6118310849
5838 1025456.2304136229
5839 1026016.3502717169
5848 1026386.1932965814
5870 1026666.9137998178
5878 1026785.4987538743
5887 1027440.3459216330
5905 1027516.6627207777
5912 1027678.5480931675
5925 1027683.6722737248
5930 1028382.7718693435
5936 1029046.4649118857
5941 1029087.9843737532
5949 1029159.8935175583
5952 1030315.0765350768
5954 1031072.3783917223
5973 1031750.2037987604
5987 1031967.1939143937
5993 1032045.5272951352
6010 1032082.8888079374
6016 1032224.5496480515
6017 1032874.5447112239
6021 1033041.8545041839
6035 1033451.3132477613
6043 1034514.0836175241
6048 1035164.7137301838
6085 1035360.3624271356
6086 1035819.3082393643
6098 1035963.1626252837
6100 1036241.1400943128
6107 1036708.7806909367
6123 1037875.8325678605
6132 1038057.5773431425
6144 1038207.1942611793
6145 1038667.9536020890
6158 1038962.0159026808
6164 1039139.7941074517
6167 1039253.6247900797
6169 1039270.7370165546
6170 1039809.6708002805
6181 1039820.4143825166
6189 1040720.1763246398
6193 1041423.3090127199
6208 1041604.8216466585
6238 1041745.5901592035
6256 1041748.8998807960
6258 1041868.3834789880
6268 1041979.5242009964
6275 1042153.2288435990
6281 1042268.5183554864
6282 1042827.2739178990
6313 1043118.3868961739
6334 1043558.6651901196
6339 1043910.4111834941
6340 1043958.7721182756
6356 1044914.0233546528
6365 1045322.9678023509
6375 1045735.1183763705
6396 1045847.5957685055
6405 1045892.7569549890
6406 1046384.6770527984
6408 1046417.3804467794
6413 1046882.5207983847
6431 1047024.2249355016
6437 1047407.1397472969
6475 1047948.5501122344
6486 1048319.5223276839
6495 1048321.3892273625
6502 1048676.3414129561
6510 1049724.6371155153
6537 1049911.8888747913
6543 1050706.5057853987
6553 1051286.1845707539
6578 1052604.2411074818
6602 1053130.3502565033
6603 1053367.2547672531
6605 1053699.8065894889
6618 1053733.0409279850
6638 1053913.1674477072
6642 1054388.3691510495
6651 1054576.4155340218
6657 1054931.7844248058
6658 1055135.2168664662
6672 1055957.4070096344
6673 1056043.5026960422
6687 1056377.4072567928
6698 1056428.7027891146
6711 1057188.9641769503
6715 1057272.7823634786
6716 1057324.0772322901
6731 1057360.8722091790
6732 1058269.8328970275
6741 1058577.8852760976
6753 1058646.4856341344
6766 1059030.0914384865
6767 1059709.9441699579
6785 1059934.6231775652
6792 1060254.9953465792
6794 1060460.4405403943
6797 1060471.7824559782
6799 1060658.4498582659
6815 1060932.3535862726
6825 1061416.2163968585
6833 1061672.9587690695
6844 1061684.2946433565
6854 1061714.3749405590
6855 1062156.8280936903
6861 1062210.0927164410
6862 1062276.4467605813
6863 1062429.2490512333
6876 1062913.1196467227
6891 1063134.3819472918
6897 1063271.0534064434
6904 1063271.0989456871
6907 1063699.8956844949
6927 1064630.6864391617
6951 1065234.2848788097
6957 1066041.3636159028
6979 1066599.3519318958
6992 1067122.5603109698
7003 1068063.1192330089
7015 1068250.0323673289
7016 1069050.2374730888
7042 1069195.5036601110
7047 1069451.0354632530
7057 1069629.3044231462
7058 1070155.2376487004
7082 1070410.7688991174
7085 1070645.8344176535
7089 1071351.0832147135
7102 1071448.8763212021
7103 1071529.3410574063
7104 1071547.7295756449
7109 1071725.9991511051
7111 1072407.7899361951
7115 1072907.0467643191
7133 1074592.5432096957
7147 1075485.5438848312
7166 1075563.1542693679
7168 1075912.4960165943
7186 1076883.0684659255
7223 1076957.5799424523
7245 1077110.8495259280
7247 1077188.7012931418
7248 1077486.6706056476
7249 1077541.5537169611
7252 1077567.6848318188
7254 1077614.5674405242
7260 1077791.4735436630
7264 1078178.4930973696
7265 1078224.6699106765
7268 1078329.2406068032
7284 1079052.2701005128
7287 1079498.4576070595
7307 1079961.4042144874
7315 1080426.1241089376
7316 1080591.5592176064
7318 1080850.6903059159
7320 1080869.8509209112
7324 1081657.9586521864
7337 1081708.7969816765
7338 1082434.5913075111
7353 1082686.1665206982
7369 1082889.6086590446
7380 1083374.3852486217
7386 1083663.4541027814
7387 1083696.0246841838
7393 1084529.4726142031
7399 1084707.3901702238
7403 1084970.2737044536
7435 1085281.8065409111
7438 1085351.5164973242
7441 1087414.0052375374
7511 1087455.5682449285
7516 1088210.3636989761
7520 1088395.7555545033
7544 1088513.8781759625
7545 1088714.2782210684
7547 1089565.9054338874
7553 1089607.4581386060
7564 1089776.9110842189
7567 1090054.6598311553
7568 1090347.2430578112
7593 1090932.2600744283
7620 1091171.0994597662
7624 1091259.7682973640
7627 1091875.9313440849
7638 1091942.9529546839
7645 1092078.7082159847
7646 1092364.6063125057
7666 1092820.6053480047
7672 1092861.0687110149
7677 1093370.3428944778
7697 1093506.6844399718
7704 1094300.8312054221
7705 1095134.6471215221
7738 1095285.9437155437
7741 1095818.7888840891
7748 1096193.7033472683
7755 1096334.1986266188
7774 1096709.1151585577
7782 1097181.1289458906
7789 1097642.3635520192
7800 1097806.1271064547
7801 1098114.3746041264
7806 1098121.9172496398
7820 1099046.7570824833
7843 1099093.0581810637
7845 1099861.6851444547
7859 1100568.9001086128
7892 1101220.8417312526
7907 1101397.7986308846
7913 1101914.1538970785
7921 1102497.3236620072
7962 1102603.4801251609
7964 1103201.8339508802
7979 1103497.9512593101
7982 1103646.3512285231
8000 1104416.1162588103
8027 1104680.4403412219
8037 1105262.1778154471
8098 1105318.8015988022
8102 1105528.9766344125
8106 1105580.8684627148
8113 1105631.8266737012
8117 1105858.2391394614
8121 1106143.8150944614
8126 1106526.4962415211
8144 1107122.5408657175
8156 1107355.3901651357
8158 1107716.4633184432
8160 1107926.6180571700
8164 1108080.4594898736
8189 1108805.7693607197
8191 1109741.5681996017
8198 1109986.1553864300
8225 1110024.2041579885
8227 1110224.0047398326
8235 1110419.2206116191
8248 1110770.0355571350
8260 1111072.3841589100
8261 1111103.5585774961
8271 1111329.0719929445
8274 1111832.9449325816
8283 1112601.5838169428
8295 1113153.3554420071
8322 1113536.5314630321
8329 1113556.3652204212
8345 1114263.3507873125
8364 1114267.3996475928
8367 1115044.1256763241
8381 1115124.2924539328
8383 1115258.4736215319
8385 1115397.5414905981
8386 1115677.2957222671
8400 1115946.4549746201
8407 1116153.7760051202
8418 1116542.3303183601
8419 1117232.7939701718
8437 1117763.5466306822
8470 1118257.3010534053
8472 1118421.7107940188
8474 1118580.4803596935
8479 1118815.4191938103
8488 1119080.5513524367
8493 1119244.9476438391
8524 1120133.9056205505
8529 1120389.0336481491
8542 1120738.8567406421
8543 1121021.7712890960
8574 1121087.1870857775
8580 1121143.5696684378
8588 1121653.8607881693
8591 1121688.9776768093
8608 1122725.3110950564
8610 1122898.7350864017
8638 1123166.8405778469
8651 1123707.0923016139
8662 1123880.5156885008
8672 1124597.8613936552
8688 1125248.4237782401
8691 1125777.7580614747
8713 1126001.5788009672
8725 1126168.3054912793
8730 1126602.2243303226
8742 1126816.0200402774
8743 1127308.5574922101
8758 1127522.3463444586
8759 1127650.7532752831
8780 1128122.9842116307
8788 1128230.1763754676
8807 1128359.8019832855
8810 1128862.1979878305
8819 1128998.2579538901
8840 1129292.7975752540
8841 1129367.9610544343
8842 1129395.9994242592
8845 1129472.8046572262
8853 1129793.8262441414
8855 1130106.0758406066
8862 1130777.3387228018
8887 1131107.2655728939
8900 1131109.1798581579
8904 1131378.9588967951
8916 1131602.4467059986
8931 1132155.0853155893
8943 1132378.5651361735
8960 1132849.7693201446
8963 1133074.5560445162
8969 1133410.6944998889
8979 1133487.3849563713
8985 1133545.7704977291
8987 1133840.4609836796
8993 1134186.0510288710
9000 1134311.6748123907
9006 1134698.0658208278
9025 1135226.1498471249
9039 1135316.8316522171
9042 1135439.9001480702
9047 1135554.6592635273
9048 1136183.3998528279
9055 1136298.1703145036
9066 1136509.5186709564
9078 1137639.3778378863
9085 1137851.0745307130
9096 1138565.6571096203
9119 1138743.9940319005
9138 1139318.9819966124
9143 1139509.1121944415
9151 1139606.3635462921
9152 1140304.5166568505
9169 1140873.1019035301
9172 1141091.3656785490
9176 1141194.9801386208
9178 1141895.6601826809
9248 1142254.2596113042
9260 1142623.1016781197
9264 1142843.4242034776
9291 1143219.0131912029
9298 1144137.8750955379
9314 1144305.2806692743
9318 1144542.1473898664
9349 1144681.5253942262
9358 1145083.8121362089
9371 1145727.4371503799
9418 1145762.1273388490
9425 1146405.1455271414
9462 1146550.1525859355
9464 1146740.7006803539
9472 1147018.6941653276
9485 1147209.2449281043
9487 1147446.8568183605
9515 1147857.5175484982
9521 1148151.1168994836
9523 1148455.0133109929
9539 1149098.4550146309
9557 1150106.2326875150
9574 1150335.4914422035
9603 1150429.6458206039
9607 1150460.8799445631
9608 1150941.7716750784
9616 1150973.0006575922
9619 1151236.0547728520
9640 1151352.2349483555
9645 1151825.9823435917
9650 1152671.5660071871
9698 1152897.4777621969
9704 1152931.1551107843
9709 1152978.1446326214
9718 1153118.9775094106
9729 1153152.7861180089
9731 1153240.7003414431
9741 1153681.6670134361
9752 1153877.0066956615
9759 1153931.6014096814
9765 1153944.1833172839
9769 1154110.9146728597
9792 1154439.1012257657
9806 1154705.3027384107
9816 1154783.7509433599
9827 1154785.4018234294
9829 1154966.3077731160
9831 1155044.7812036257
9835 1155378.1310278862
9844 1155587.6967013821
9851 1155639.1311814107
9859 1156259.3843002710
9863 1156774.5836250086
9898 1156851.1111336804
9901 1156863.5971270688
9908 1157266.9138175335
9913 1157559.0340050426
9930 1157741.8005911456
9931 1157898.2768174214
9943 1158005.8052053910
9960 1158066.5772225249
9963 1158274.2771823234
9969 1158319.9014291619
9973 1158574.7409959354
9985 1158598.3891230177
9991 1159033.2678628422
10000 1159215.9948934787
10001 1159636.3584635344
10007 1160042.7391560890
10010 1158396.1921250175
evaluations raw_y
1 673443.6224956352
2 680620.2764107891
4 700209.5108248675
9 708895.5500213789
12 718252.6780059158
25 724627.4886369802
26 732028.4935850013
30 734310.3942718727
42 735398.7531070262
46 738210.0671376933
48 740276.1718839672
52 745098.2792407305
63 747087.4905651207
65 748351.7202901858
75 748428.8727432854
82 750493.0248439687
90 752134.1069673433
91 752778.3386748869
93 753237.4894607952
95 754410.1759705954
113 755706.2104452215
114 760177.5704076381
116 762111.9229253619
121 764217.7841427124
134 767621.6970098850
144 770721.6937577361
156 771189.3643131746
159 772563.4406798881
166 772909.6642281429
167 774172.0503931504
173 776375.0518231746
174 776832.4631183000
179 778004.2828669577
191 778491.8048149644
208 779530.4039762274
219 780296.2988268973
221 780440.2394536099
225 780818.4777753334
233 780891.8168415872
237 781583.7054535818
257 781669.6605953135
258 782130.2406164404
264 782406.5002953158
269 782480.3220550796
270 782548.8859863675
271 782873.2039606988
273 783270.9692019272
279 784041.9675157714
287 784320.5055632439
301 786198.7188120501
331 786858.2120359730
356 787126.7594278094
370 787182.8385176754
374 787224.3188850302
376 787607.1557455619
382 787851.9596039217
384 788626.8889021595
392 789108.5669415412
396 789832.7134136802
398 790327.2857062455
412 791242.5283200805
421 791271.9976593548
430 791368.1471883841
439 792494.1911367554
456 793157.3475549652
459 793169.5590756832
465 793259.7299516087
467 793816.9505669645
498 794113.5575947284
505 795162.9344329995
512 795565.1673919411
530 796104.9565894018
537 796271.1234482101
545 797127.7098053051
561 797646.5897054193
564 797943.1893357650
572 798428.5323688292
575 798494.9968674283
578 798655.0944717991
588 799596.2655364373
595 799625.9275732418
598 799789.4296091350
601 800487.6114881054
610 801105.0451355684
633 801224.8314052455
637 801533.3402485199
641 802690.8160201019
659 802742.2279212727
661 803377.4779884911
663 804497.0897514864
679 804504.0987046728
681 804603.3976008230
685 805951.4110603775
696 806917.7166304642
707 807065.1335733969
718 807846.3244747255
725 807983.6545249486
727 808212.1812508542
729 808701.5658091288
755 809280.3988844639
764 809375.0888711613
768 809559.8788180668
769 809968.3151742142
771 810022.7029327374
773 810160.5933808518
775 810460.0875122925
782 810996.1733834113
787 811024.6505975970
796 812049.3741642149
800 812529.9379690633
808 812530.7005152454
810 813413.7834554141
820 813628.7561675957
830 813774.9434424418
838 814252.4442319057
842 814344.2182029540
849 815057.1326859852
850 815304.4600468714
874 815332.1223607260
875 815707.4766485826
880 816298.8446038066
884 816556.4155164289
889 817243.9738696041
895 817303.3280072029
896 818536.7235245852
934 819046.8484808878
936 819225.2181346040
944 819587.8633293660
947 820653.6687453849
953 821281.3018983932
966 821496.9414518590
967 821607.7820520432
972 823224.6915676129
983 824046.2692190985
992 824134.8021580921
999 824384.9103960120
1012 825013.1255203496
1013 825823.1510877773
1025 826109.1386694761
1043 826386.1087268929
1052 826425.6586258301
1053 826711.6471918232
1066 826969.8942854219
1082 827647.6781371074
1100 828262.2135842872
1101 828264.5064188072
1116 828826.0727971186
1132 829016.3684564811
1143 829588.9981198417
1149 830124.1928685851
1160 830205.8204117242
1181 831112.9721926528
1186 831416.4992785864
1193 832557.2677079459
1200 832812.3383842834
1201 832894.3283059665
1204 833112.3629495723
1207 834018.2535358844
1218 834603.6170139124
1238 835112.8051950207
1239 835722.2195329753
1242 836107.3436888976
1243 836889.2624273514
1260 837232.2836624807
1285 837905.6398511393
1289 838298.6088703530
1296 838408.3809935319
1299 838725.5512816090
1310 839102.2773773253
1313 839642.8233070666
1322 840254.9073896166
1329 840298.0272697194
1351 841426.9842784534
1361 842054.4395418131
1375 842709.6261483686
1376 842761.2214090488
1380 842991.9856912923
1381 843868.3019312681
1398 844191.3041932276
1402 844896.9900477203
1410 844943.1064210029
1419 844995.3270735426
1422 845085.7723865606
1426 845894.0309198763
1428 845904.7528859673
1429 846397.8499095936
1451 846810.9855964417
1454 847051.2135997852
1455 847176.5788415086
1478 847180.5604644492
1480 847804.4075262295
1489 848148.4311483570
1497 849033.5090453390
1505 850322.0476423355
1513 850736.5547415704
1519 852107.2642458649
1551 852364.7460036475
1553 852806.7377656782
1559 852868.1777851606
1566 853045.0889843695
1569 853051.2358872655
1570 853567.6464161872
1571 853750.6982164955
1582 854997.2088626550
1590 855098.2832985488
1598 855399.0499350763
1603 855726.3807949085
1630 856672.3079821772
1636 856859.2663254563
1641 858026.5767417091
1654 858209.8100193430
1655 858236.2642870466
1657 858494.3640426619
1665 859455.0747097888
1676 859489.2208799488
1678 860701.8701982283
1700 860949.5603857308
1712 861054.5142680783
1722 861428.1258886848
1724 861563.0438459831
1729 861791.7836772132
1732 861794.2000931583
1741 862333.4564070932
1763 862580.7026882386
1776 863001.5760192047
1779 863918.4655298004
1811 864026.7259761632
1815 864364.9364830304
1816 864632.9486870012
1825 864688.8662214616
1828 864828.3525528616
1836 864828.8090699689
1839 865055.5406424536
1840 865626.0346626936
1842 866782.3852466971
1864 866802.6380741909
1866 867185.4719243202
1874 867580.0671410508
1879 867654.8981054075
1884 867809.2580208500
1887 868320.3362790926
1889 868381.7534829780
1895 868419.2445608746
1897 868892.8320529636
1901 869081.5239074957
1907 869132.9293027235
1908 869516.6142779639
1909 869573.5965774318
1913 870446.6692967906
1931 871754.1188623992
1958 872263.9912948575
1962 872465.9733746359
1964 872896.8220509926
1972 872912.0938450487
1973 873371.0076477402
1977 874129.0538203926
1995 874811.8255532613
2012 875938.2392211440
2024 876063.1945891386
2033 876484.5689464964
2035 876925.8455608953
2044 877232.2244569386
2058 877737.4550328045
2062 878478.4531388589
2066 878974.1326187530
2069 879373.6561424729
2074 880227.7804907558
2094 880844.4998139826
2113 881569.1259282156
2117 882057.7158449847
2122 882101.1582793181
2137 882853.7371122031
2148 882937.1783945544
2150 883344.5547524401
2157 883632.2820230192
2173 884019.9276053441
2175 884090.9495411695
2176 884595.8127932508
2183 884915.0783576916
2185 885732.8112681839
2193 885876.4635475620
2194 886201.1762815376
2210 886229.7257307450
2214 886265.1929047046
2220 887550.6100999552
2252 887967.9244638528
2254 888150.8535691458
2257 888663.3524299153
2259 889080.6642597092
2276 889139.7253715645
2280 890058.2280901762
2301 890520.4714203791
2323 890751.0533892370
2333 891031.0670055976
2338 891311.2318333240
2351 892273.5913057170
2359 892611.9146203634
2365 892757.6244230964
2380 892904.4833775477
2384 892966.8340848774
2388 893171.6248641738
2395 893358.4789937983
2399 893902.9181504257
2406 894188.2614346106
2407 894199.7689605164
2409 894314.2661242763
2420 894802.7561425304
2428 895371.3185532509
2433 895626.5042421683
2440 895678.1232383717
2446 895713.9414613122
2449 896837.8468742719
2451 896925.2703035121
2455 897106.3376161846
2463 898006.6270020633
2488 898141.3776527955
2499 898397.5698981266
2501 898570.0464117769
2505 898687.1532405233
2511 898808.5335860713
2529 899107.1911900153
2530 899500.0834731376
2532 899601.4551763778
2533 900352.9602005776
2537 900472.6719800705
2560 901344.6373524955
2571 902280.0947082873
2577 902371.6211171354
2579 902632.5463681568
2583 903238.3776268463
2591 903477.4477778299
2592 904093.7017606804
2604 904168.0250939410
2609 904681.2489897495
2610 905524.4329497139
2624 906073.7318685221
2632 907368.1557029753
2639 908221.7785659041
2651 908265.0641193497
2671 908285.9252409607
2675 908730.1439573370
2679 908894.8145420954
2692 909207.0706774005
2700 909258.0734096086
2708 909503.4695342024
2710 909962.1272192814
2727 910064.5230898871
2733 910858.8116672762
2734 911524.5998815406
2743 911691.3930222747
2750 912229.4810438892
2766 912237.9204939425
2768 912301.1377182530
2772 912441.0726539345
2777 913256.7223981000
2813 913901.5780306557
2821 914574.8858154283
2834 915062.0361987157
2852 915343.4184369347
2859 915651.9807761941
2860 915830.5690323621
2869 915888.6351522355
2873 916105.9106051013
2877 916217.6959214238
2878 916738.9551863680
2890 916913.3627575217
2891 917563.2947511883
2897 917662.2393310720
2898 918427.4318916617
2913 919246.2724009476
2920 920031.5062634926
2935 920053.8425435235
2945 920416.0194589283
2956 920697.4773337516
2961 921004.4903617596
2978 921412.4076461964
2980 922350.2738833018
2981 923758.5579269917
3010 923827.9844542854
3012 924184.3349532392
3019 924430.3502456071
3020 924455.2690978837
3031 924705.0962307729
3032 925565.3979757651
3049 925664.3940658491
3050 925988.2946821422
3054 926433.5129206608
3070 927503.6617802078
3095 927562.6181382920
3099 928070.0139954526
3104 928374.4809395283
3109 928884.5985460554
3127 929662.3967988465
3128 930017.1659383415
3137 930562.0443961945
3146 930563.1673460343
3148 930889.5429060806
3157 931260.8555940423
3159 931346.2596369820
3162 931354.6719912197
3167 931621.8580643175
3168 931974.0133578059
3171 932788.6221071869
3178 933779.2133871821
3205 934093.1027698766
3214 934182.9700824382
3219 934380.1058840852
3222 934689.6280793876
3223 935292.1566812411
3227 935399.8404773726
3237 935679.2255868225
3248 936403.9936384604
3255 936412.3181570838
3257 937089.7044607995
3274 937146.0342046270
3280 937328.0529608091
3282 937627.6859878660
3287 937705.1766699982
3291 937942.0024162452
3296 938829.3499638094
3304 939537.7413833565
3309 939909.5833686804
3314 940388.2390490007
3332 940762.3353358425
3338 941478.1958760682
3362 941762.7197881120
3374 941806.1947881291
3380 942288.2750366995
3382 942372.7121888929
3392 942630.2010713266
3402 942883.8020577553
3405 942945.7259583881
3407 943435.7243875739
3413 943693.2086185553
3427 943853.0762437460
3430 943981.9278113729
3432 944497.3248676055
3459 944802.4148669374
3470 944817.7699676102
3485 945075.1310805909
3489 946356.5764207783
3526 946746.0956556859
3542 946778.9688799718
3545 947801.3552923559
3560 948316.7543876532
3562 948450.1788235792
3577 948739.1377189553
3579 948803.9740946793
3582 949284.4537622076
3584 949318.1611517165
3587 949387.9607440556
3593 949868.4404070568
3597 950278.8377066953
3600 950934.5505436878
3615 951394.9345164595
3618 951803.8504171805
3634 951873.0310921558
3641 952583.7750006584
3664 953296.0652917210
3684 953766.5186058513
3690 953961.2654101573
3694 954012.5042114818
3703 954858.7255247287
3730 955053.4712829636
3734 955458.2344537681
3746 956039.3896252611
3757 956829.3522536966
3779 957722.2747782705
3795 958005.6535678494
3805 958088.9953956334
3806 958532.9234399486
3807 958571.0364842351
3810 958941.7918057170
3813 959445.2881749705
3823 959723.2636939588
3842 960151.8198622999
3849 960213.0122487707
3854 960358.8826885478
3872 961155.1872193047
3876 961669.9897657697
3899 962128.4292856241
3908 962147.1234017914
3923 963325.3351925524
3930 963380.9594670880
3932 964121.6371275871
3949 964375.3601584836
3956 964888.2342661854
3966 965582.0755321439
3969 965739.9987277735
3972 966029.5932275425
3984 966031.6947146815
3997 967275.0843083881
4013 967612.2899534696
4015 967799.9603894182
4020 967835.0672001436
4021 969045.1998163917
4044 969347.7221543335
4049 969412.6391103176
4056 969610.9471989771
4057 969812.0174935878
4063 970032.9910866056
4067 970199.3556495555
4069 971107.1690637292
4084 971654.4163985661
4099 972175.1074865168
4126 972259.0901810649
4133 972853.7765507202
4135 972877.8201333940
4141 972928.0144681792
4142 973644.7516324414
4149 974040.6849391598
4155 974218.6653389926
4168 975069.0641179890
4185 975287.7509405927
4188 975349.9581810195
4193 975394.1775428145
4198 975556.9117787873
4208 975634.1431028669
4211 975903.2947193575
4212 975943.6032866267
4213 976106.3367188124
4222 976254.8583559400
4225 976458.6160849336
4226 976518.3081204271
4230 977001.6714183183
4237 977502.7207639407
4252 978317.6245979435
4253 978480.3525104783
4270 979024.5081107002
4285 979402.8318426618
4286 979470.8159597844
4291 980924.3270912069
4324 981088.0780397981
4340 981239.9531901396
4344 981542.9298236183
4348 981967.5785007746
4359 982846.8935317119
4379 983106.8215139307
4381 983342.2635793213
4385 984097.1251245132
4392 984605.6599468589
4408 984768.6316355331
4414 985170.7757602342
4415 985723.1258836477
4423 986201.8695578375
4435 986262.3403826235
4437 986595.4154685871
4438 986715.7723782494
4443 986923.0621230409
4452 987131.3741732372
4461 987395.3390312663
4462 987595.6201216223
4471 987754.0218875849
4479 988112.7646342036
4486 988604.2882562954
4495 989226.0144883471
4500 989485.5992111732
4508 989776.6258614208
4516 990108.0802820039
4521 990147.8620394507
4530 990352.4889607644
4532 990472.7097164377
4543 991169.1390639094
4548 992403.6244391836
4567 992705.3467824310
4570 993349.3677205049
4576 993381.2754432057
4580 993597.4340671391
4588 993879.9825414179
4592 994115.4541262226
4595 994858.3460367477
4598 994865.5026273453
4600 994891.3659036144
4609 995221.5888441214
4618 995286.7436056189
4621 995818.6716679831
4625 995926.6891539373
4627 996404.4801456477
4649 996638.0271452755
4653 996692.6397578923
4672 996802.8293182123
4675 997573.2522617884
4676 997735.3301204358
4677 998780.7710260228
4692 999961.7703520014
4695 1000896.4331665514
4708 1000931.5116363169
4719 1001871.8589210294
4745 1002425.8300617428
4750 1002641.6277300227
4760 1002776.7249803703
4768 1002931.1158308925
4771 1002948.6945901716
4784 1003195.5940941549
4787 1003226.8582097305
4790 1003309.5069622267
4794 1004130.2653340857
4807 1004182.3013225392
4813 1004579.9105185835
4825 1004603.9411524495
4827 1005735.3415660197
4836 1005799.8067474574
4841 1006764.5819999045
4848 1006987.2493263460
4863 1007276.1783828452
4874 1007754.2122129085
4882 1007857.0453376214
4887 1008624.0019871474
4892 1008791.3728936675
4902 1010269.8899406309
4927 1010820.8524189774
4955 1010879.7936561394
4965 1011307.9993407766
4967 1011885.0952121399
4985 1012084.7845460814
4997 1013375.7327640078
5007 1013710.0793295857
5014 1014027.7024199930
5020 1015065.9120063144
5043 1015163.4578087170
5046 1015633.9661060928
5050 1016434.7927056694
5051 1017157.4917471149
5098 1017382.5458028048
5102 1018674.0865179911
5118 1018857.7463333387
5125 1019088.2545148239
5144 1019401.3345253364
5159 1020353.7034408266
5164 1021095.3411287618
5188 1021947.9402213026
5200 1021990.0150251822
5213 1022491.0436629020
5216 1022675.2597885833
5241 1022731.9071608629
5248 1022868.4445282409
5250 1023171.5363945818
5264 1024163.6455903064
5312 1024220.2914683401
5327 1024659.9124379245
5332 1025132.0958587374
5352 1025469.3205932598
5356 1025571.7142421899
5362 1025996.8879481639
5376 1026863.9233404655
5398 1027002.6931571314
5403 1027527.8720336915
5434 1027890.5799056380
5443 1028132.3133761962
5445 1028356.7987779514
5470 1029631.4049782850
5490 1029674.1595282040
5491 1030326.3385288022
5505 1030377.5716402320
5512 1031038.5180227652
5521 1031632.2836988969
5534 1031745.7360930003
5544 1032132.9332661673
5571 1032333.6782670782
5580 1032532.8399380123
5586 1033336.8353270665
5596 1033396.2120894574
5607 1033886.7647475909
5616 1034274.2675650356
5620 1034588.8244312571
5640 1035043.3762557196
5647 1035998.9958385281
5660 1036096.0972164390
5664 1036553.1570416460
5687 1036912.7300699027
5719 1037593.4099051949
5733 1037609.8441082737
5751 1037996.1971232896
5757 1038340.0176203813
5760 1038356.4470640286
5776 1038411.2018014905
5783 1038643.0776760489
5785 1038755.0220170395
5817 1038787.2338457565
5830 1038888.5504543876
5838 1039135.5301484492
5844 1039445.3209314191
5846 1040128.6433975982
5876 1040347.1972696814
5890 1040496.5084443770
5900 1040996.7505169769
5912 1041071.9973133495
5921 1041857.2098616830
5957 1042084.3407914113
5962 1042147.7422828815
5971 1042387.6321928019
5972 1043674.4066126243
5999 1043832.7223378267
6010 1043984.7132928269
6017 1044362.3805329147
6023 1044473.1178426684
6027 1044543.7671240756
6053 1044567.9318465788
6057 1044676.7553971478
6080 1044689.4585447072
6082 1045027.5427852969
6088 1045122.3504582125
6091 1045366.2508392574
6094 1045402.4309332842
6100 1045920.6686912373
6113 1046015.4648552430
6114 1046354.3407633253
6119 1046806.3087697329
6131 1047247.4469384943
6138 1048387.7761847754
6179 1049330.7007142571
6194 1049949.9963754946
6214 1050079.0532799105
6222 1050225.0176977192
6226 1050308.5834409178
6228 1050651.3437684188
6229 1050660.7033933911
6246 1050734.5292049386
6253 1051193.2865185651
6255 1051206.1557270458
6256 1051238.2080954453
6265 1051652.6269869569
6270 1052162.0723715918
6280 1053071.9095264047
6304 1055186.5288757945
6345 1055618.4923104944
6346 1055763.3035816452
6358 1056170.0408405582
6363 1056350.8484379866
6366 1056518.3962094071
6376 1056563.6430164422
6379 1057116.7549220268
6380 1057154.0678174749
6388 1057247.8472028542
6392 1057406.6188052716
6404 1057787.0386987927
6422 1058039.5849917894
6461 1058955.2807747629
6485 1059257.1555164899
6494 1059446.6305684161
6498 1060010.2901166957
6507 1060312.1488291468
6523 1060750.5069922300
6531 1061162.3544116125
6537 1061509.7205613311
6552 1061585.3560076798
6554 1061921.5592343293
6559 1062210.8924818372
6561 1062861.8276300856
6573 1063873.6200015624
6595 1064171.6677206280
6617 1064458.5247562190
6624 1064754.5229211915
6631 1064866.8316425099
6639 1065451.7292278183
6663 1065895.7082045092
6667 1065999.6914596825
6686 1066244.2290907735
6688 1066400.8415403990
6698 1067054.2781179997
6710 1067567.5500370658
6723 1068016.4004847568
6736 1068128.1675042850
6738 1068670.6109030328
6741 1068800.2226587567
6765 1069051.9566339217
6784 1070112.7792881900
6795 1070236.3023980646
6800 1070458.3663840815
6801 1070846.8877542182
6806 1070967.6115964830
6813 1071046.0361940400
6827 1071348.9523508013
6858 1071587.8760505847
6877 1071694.5004127342
6880 1072097.3424762513
6896 1072273.8754506102
6903 1072490.8293387217
6904 1072608.7300181256
6924 1073573.8542921522
6933 1073931.1821384283
6955 1074298.5039608818
6961 1074519.6458600005
6967 1075489.3777732830
6985 1075498.0783748049
6989 1075637.0020659906
7013 1075904.0172397585
7022 1076641.6578953136
7028 1076789.3757597709
7035 1077111.9444876160
7054 1077342.3001875319
7065 1077868.4773666812
7075 1077893.8337334993
7091 1078658.6332108458
7094 1078816.5308769003
7099 1078940.8391706832
7116 1079025.9073364593
7136 1079100.1409094832
7138 1079339.6802388935
7146 1079473.6261311828
7173 1079555.6662978709
7176 1080134.1278564264
7187 1081102.9075148967
7210 1081938.5421679327
7238 1082480.1648630674
7246 1082604.9344950863
7247 1082941.0948356222
7253 1083303.9005829284
7270 1083440.0266240055
7279 1083876.9151529088
7284 1084334.7663039058
7296 1084407.5856336285
7307 1084879.8595461280
7322 1084969.1446078543
7330 1085310.5588874717
7334 1085884.3260779798
7346 1086202.3678168866
7360 1086253.0964039930
7368 1086288.9511854029
7375 1086426.6016431530
7381 1086506.6476266272
7387 1086551.6498587446
7408 1087310.6423874493
7436 1087312.3719593976
7452 1088073.9050288915
7472 1088226.9587690686
7491 1088449.6388326904
7509 1088912.3101446165
7515 1089296.1167067941
7521 1089485.6011058465
7526 1089626.6162327256
7536 1089862.7416354991
7542 1090158.3793291021
7545 1090396.9310701967
7555 1090813.6782241669
7563 1091862.0558475975
7586 1092067.5534067459
7593 1092142.2724909724
7605 1092168.5384545559
7607 1092992.4775845713
7610 1093093.4626242693
7615 1093272.6853742748
7616 1093478.1701633106
7622 1093901.7990152289
7633 1093976.6981581934
7634 1094247.2730143715
7638 1094662.8046825302
7647 1094691.9466765733
7649 1095646.4114101517
7679 1096521.7453512766
7684 1096735.5683511330
7688 1097047.8158268102
7694 1097589.0522831662
7704 1098226.3022359491
7710 1098242.0623093962
7720 1098506.2125242325
7736 1098521.9689901581
7738 1099133.0187176696
7740 1099412.9244475879
7749 1099601.9815758071
7760 1099966.4384105895
7765 1100229.0196302058
7774 1100435.3993532977
7776 1100602.6901401861
7778 1101080.7525771244
7783 1101549.7115087607
7796 1101567.7468077799
7801 1101869.4598709559
7815 1101963.8173715381
7819 1102466.3024563924
7830 1102914.2493902345
7839 1103042.7356899383
7843 1103362.4484938860
7849 1103442.1483279271
7860 1103992.6180473519
7877 1104461.5291150992
7884 1104659.5509524774
7889 1105018.1171106775
7892 1105477.3971919282
7902 1105732.0400677426
7912 1106496.7760106269
7960 1106749.6168412436
7970 1107184.6228387021
7982 1107589.0380746517
8015 1107998.1677110735
8021 1108427.3712960251
8046 1108816.9771451014
8066 1108902.8076577880
8075 1109159.8641064891
8087 1109166.3369507093
8089 1109476.9224780789
8091 1109478.6672424732
8097 1109593.4933688932
8098 1109740.4624573521
8101 1110239.0176720340
8114 1110316.3218626166
8119 1110341.2163450953
8121 1110502.5414729291
8123 1110716.5561654947
8129 1111973.8361278290
8143 1112585.4939647033
8147 1112691.8816485580
8148 1113596.4741858148
8157 1113782.0955923807
8160 1114473.3989392703
8186 1114567.8703949158
8202 1114637.5505297831
8208 1114706.8242183307
8213 1114968.0208996700
8225 1115186.9057718813
8236 1115403.2157383009
8242 1116070.6137848243
8256 1116439.9994501928
8263 1116465.2735755788
8269 1117034.2000169568
8274 1117173.1352898860
8284 1117748.1182331275
8292 1118426.7717187540
8302 1119258.0538823109
8324 1119431.1603338104
8326 1119936.6162911728
8341 1120704.4751542383
8359 1120952.2982326664
8368 1121199.6602941209
8371 1121320.1971413938
8373 1121472.5316564569
8383 1121703.9426027182
8392 1122691.7182121824
8402 1123082.0185561422
8409 1123164.3890964133
8411 1123422.8513251278
8412 1123576.2173538231
8439 1123807.3090731907
8452 1124119.9113658788
8457 1124498.5296181787
8509 1124952.0785412104
8514 1125311.2259847978
8532 1125667.5446418298
8540 1125935.2706996405
8545 1126480.2284224189
8580 1126883.4371893164
8599 1126890.0951200754
8604 1127403.1240393620
8605 1127450.4409139408
8612 1128041.9024993326
8625 1128074.2998106910
8650 1128125.9968494303
8655 1128670.5746577072
8675 1129216.2713926320
8677 1129217.4670921240
8683 1129907.3084582766
8691 1130380.0860233463
8706 1130508.2098793006
8709 1131023.5802236632
8729 1131609.0245821432
8739 1132373.5038684411
8744 1132518.3064862906
8759 1133016.6618220138
8768 1133428.8830172722
8782 1133685.3019418113
8790 1133934.5043482941
8795 1133976.7792761605
8802 1134121.8631882507
8805 1134432.9278565731
8809 1134446.3526522189
8813 1134513.5073167959
8814 1134655.1018594052
8820 1134789.5022179405
8824 1135739.6743599044
8828 1135874.0686022544
8854 1135879.6588099622
8867 1136153.8409180448
8884 1136199.1559412712
8885 1136314.7282082106
8891 1136455.2399421223
8907 1136641.0597738088
8914 1137315.2937343393
8942 1137527.3513462953
8946 1137791.8260510324
8964 1138162.9167187233
8974 1138340.3339895424
8976 1138783.7032959608
8979 1139419.2408413047
8991 1139711.0436846127
9002 1139966.4170476834
9007 1140222.0287973678
9011 1140429.7446193350
9028 1140440.0217708868
9030 1140948.0658301206
9050 1141368.5727790988
9065 1141462.9478451940
9083 1141633.9189389152
9090 1141969.9541568619
9110 1142014.6899949578
9116 1142148.7946361348
9137 1142152.2692123565
9144 1143142.8013418713
9150 1143170.5598785873
9154 1143388.8959524576
9162 1143804.9111228804
9171 1144373.2031145347
9177 1144915.3205781309
9188 1145080.5920525799
9197 1145196.9984999998
9218 1145872.4016376457
9242 1145900.1564401989
9245 1146238.5844423918
9247 1146949.4896719872
9276 1147399.3567687564
9277 1147761.5226019360
9279 1148419.4020961605
9313 1148455.0377524372
9315 1148544.1146145931
9318 1148671.0191214432
9321 1148745.1402801964
9325 1150647.3553340330
9346 1150805.4309130248
9355 1151641.3203385142
9403 1152315.8394564423
9426 1153044.2888505398
9456 1153173.7323425850
9461 1153452.5872852358
9504 1153811.8185664499
9530 1154037.8021183503
9537 1154148.5096553960
9540 1154374.4867158090
9560 1154509.6315090919
9575 1154926.3932972809
9596 1155265.0558567143
9615 1156255.8620237713
9638 1156411.5943718024
9646 1156839.0441034141
9673 1156972.8502034179
9683 1157466.5357809064
9695 1158061.0005410197
9737 1158521.0809643895
9758 1158529.0053723499
9763 1158770.8659732114
9771 1159646.6662684109
9778 1159654.5846538511
9780 1160433.4112304871
9805 1160600.9664873863
9815 1160808.0499828653
9819 1160983.6168843913
9823 1161266.3178349317
9832 1161445.8111829939
9842 1161838.0445486195
9866 1162333.1128437535
9884 1162517.2731095464
9888 1162781.4463893007
9903 1162804.5364764773
9907 1162897.7950744703
9916 1163317.5795766679
9926 1163601.6618458680
9957 1163820.4910001084
9970 1163851.9293638866
9981 1163976.0913536018
9983 1164428.8139653797
9993 1164552.9725856329
9995 1164701.6220559899
10010 1164701.6220559899
evaluations raw_y
1 690216.5962447991
4 719232.6483017401
37 723324.5623951991
45 723732.7765213992
55 725322.8515734321
63 743930.6909348780
79 747276.4317099889
86 749074.8180575485
94 750534.4041659049
98 753754.6451195915
102 754133.0187358687
111 754218.5582466793
114 762978.6806983604
136 763171.5561900588
137 765875.5240701601
143 767466.5838791019
163 769681.0657239617
174 770793.5699495126
181 771961.6323190131
185 772461.6307050110
188 772687.8981229016
189 774936.6687147226
207 774960.7063787737
209 775991.3356897163
225 776574.9276135992
227 777195.7600812709
240 777935.3487262778
242 778360.6006113971
258 779251.6297470864
275 779728.6608846817
277 780131.6052583689
280 780323.6801008180
289 780864.6706232106
293 781552.9896217207
314 782163.3762622789
315 783097.6619248615
326 783256.9515595320
333 783664.6889848281
334 783793.8928475562
361 784212.0133535241
362 784341.2167559256
368 785302.9146059740
379 785382.3896703966
382 785828.3952307863
384 786018.7915419197
386 786481.7235461145
398 786801.3662182561
406 788390.1346373213
408 788694.5105415751
428 789032.5328746766
429 789106.3082878048
434 789315.5769948654
435 789423.5213344670
436 789466.3358294301
438 789996.7515392534
440 791074.4824916205
457 791183.2758341255
462 791351.6702560829
465 791800.9633045538
468 791893.6868997228
475 792099.6990343489
476 792756.0609616128
480 792939.9737912645
482 794705.4282636467
497 795302.5188596075
506 797254.0646037685
520 797456.7868946972
549 798125.7171431081
551 798187.5967384637
560 798387.7264861129
570 798611.8947337084
572 799066.4877830371
573 799343.7277007961
581 799578.8160562459
594 801187.0113271680
621 801886.8090778317
622 802048.8690626069
624 802837.6918230985
634 802976.6777392050
639 803748.5902688702
640 803838.5332514930
641 804242.5157254164
656 804546.2613609044
663 804582.9043821953
669 804672.8472974274
670 805413.6169247946
679 805511.7505799867
694 805616.9979062990
703 805824.4591904551
707 805951.0398384726
713 806040.9824985485
716 806245.2254726777
719 806315.6162532051
720 806336.9180930821
721 806791.6226149213
731 807268.9432909442
737 807357.4073295908
740 808140.6762498706
749 808706.4604760510
766 809072.9804025796
776 809112.7385022125
778 809166.0098449388
783 810712.1886363507
802 811353.8776159714
803 811503.6134547254
811 812121.5370204167
817 812287.4801071460
828 812308.6039045291
830 812922.5272755205
838 813189.3286024497
840 813531.0973842150
842 814615.1720888374
857 815244.8577654114
870 815528.2951310895
876 816927.3375452171
886 817317.9903587633
897 817427.9313885206
906 818098.8971903343
917 818516.6595541195
923 818599.4866990241
929 819935.3918159020
950 820118.4303699899
955 820134.6724757735
965 820416.5366036363
970 820659.1283543134
972 821427.7333052595
979 821711.2751903631
981 821820.8630051273
982 822739.3320684046
989 824175.0728343945
1008 824251.1427136568
1009 824767.4231898183
1013 824792.5655888960
1020 824935.0405801130
1027 825544.8800006828
1040 827384.2625488659
1066 827501.0794056727
1071 828035.2124286133
1091 828245.5267496920
1093 828643.3666867155
1099 828766.2548501467
1101 829324.7892415655
1106 829363.7017687135
1109 829378.9732213742
1112 829722.4661986602
1113 830740.4463751873
1132 831024.2206998368
1137 831162.9615863155
1145 831171.4114946423
1148 831534.8460254968
1154 831543.2957668473
1158 831959.2438569906
1167 833472.6407596881
1185 833530.3845649972
1189 834698.3352088608
1207 835464.9518324668
1223 835682.9337785105
1228 835789.3449787634
1229 836219.3463505032
1232 836868.7686622413
1262 837194.7438402751
1275 837585.0274588317
1285 837710.2000196042
1287 837726.1565849725
1293 838012.5677284831
1295 839570.7223535680
1321 839944.6652224275
1324 840715.5856404755
1334 841679.7257922611
1342 841696.3248776384
1353 842070.2676633057
1356 842418.3272275062
1357 842441.2028622131
1378 842775.4293867779
1379 843831.7297130286
1386 843928.6163414122
1390 843973.5993244211
1395 844455.0547158801
1403 844637.2216171206
1405 845175.0834393925
1418 845299.3981757356
1428 845647.8612832559
1430 845819.4864332781
1438 846284.9580674509
1447 846340.7489493630
1449 847189.0161586088
1477 848427.3707423354
1493 849443.6090360603
1507 850044.5381417413
1515 850186.3952917362
1519 850323.5282910515
1528 850335.2467077128
1532 851482.9748966781
1549 851586.5062109157
1557 852486.7198316305
1558 853306.8909423538
1575 853891.3923669596
1584 854014.6705670700
1588 854065.5157519387
1590 854859.9440598084
1597 854956.3154103619
1600 855002.3273290060
1602 855465.7416251305
1611 855962.3447085931
1614 856719.3079992889
1618 856808.3091341699
1622 857432.6995589482
1628 858488.8717032537
1640 858723.7976277223
1655 858970.8055166219
1661 859600.9725824074
1666 860122.4240514312
1667 860165.5245426592
1672 860269.8790103544
1678 861335.9087895869
1681 861515.3587128824
1702 861743.1045875821
1703 862061.4756183177
1704 862139.4299536295
1712 862305.0688330650
1719 862502.5585315258
1725 862518.3707437202
1729 862777.4790075403
1734 862936.9721609463
1738 863034.8813399846
1747 863325.9461372108
1761 863978.1369603513
1762 864307.8108743906
1775 864718.0984565180
1783 864760.2329993550
1795 865088.8282302719
1817 865460.2821803656
1819 865489.2940686262
1825 865664.5204546772
1837 866286.3778241964
1851 866801.0705577536
1852 867536.0432574309
1871 867941.5835188405
1872 868256.5369187616
1879 868619.8317109764
1880 869238.5873562277
1897 869932.8066329439
1903 870206.6183940694
1914 870454.5364950022
1915 870864.7852136800
1917 871009.6198195071
1930 871173.7326828005
1931 871411.4090303348
1937 871644.5894811668
1954 871668.5050257876
1964 873182.5554322227
1971 875547.4508225957
2007 875741.1905159174
2010 875812.8965523303
2015 876123.9942163751
2022 876483.9958532363
2027 876803.5323498140
2040 877021.4800173484
2044 877325.6155254535
2048 877502.3083440323
2058 877768.0427111181
2061 878252.7335033582
2068 878842.6475525830
2076 879278.0497428402
2087 879529.1971162795
2095 879786.7148276361
2112 881306.2090029337
2123 881866.3161003492
2127 881871.1423762344
2129 882001.3155670398
2133 882298.2628571817
2137 882671.7647823477
2156 883146.8259364758
2159 883339.8415755648
2169 883593.9345924202
2172 883685.3451644363
2174 884603.7899769020
2189 885096.9697828353
2192 885534.2152301910
2202 886256.4291850916
2207 886753.7762798580
2217 886794.5784233116
2219 886832.7811332684
2221 887023.1923884228
2222 887494.7981036524
2232 887852.8795204593
2237 888427.7397118279
2244 889241.9010733911
2245 889335.7919869961
2246 889508.0763084335
2257 890206.7905019366
2264 891042.4007137991
2288 891433.5365809875
2292 891482.7057337937
2295 891503.9329507712
2299 891862.3993462001
2304 892764.8276995432
2305 893005.0408891285
2313 893072.3681409433
2317 893318.6414922924
2321 893428.1852484348
2323 893699.6856465915
2326 894001.4279288213
2328 894110.9704727839
2337 894868.8800062903
2360 894886.4632097023
2379 895844.8235658352
2387 895920.2911490924
2389 896022.0293192662
2401 896923.0214050175
2414 897403.1712352039
2428 897818.6925482918
2439 898018.1285791675
2444 898109.6725529694
2450 898647.6086954302
2458 899182.0523842385
2465 899281.4930861010
2470 899615.7037250829
2477 900183.8481971431
2490 900599.0351256436
2491 901233.6615276966
2510 901359.6274340691
2513 901826.1281747188
2520 902560.3468573829
2531 903435.3624181102
2541 903462.0562468470
2542 904014.5858260997
2545 904475.5157807198
2557 904864.7961293086
2564 904907.1959686037
2580 905375.7344640000
2584 905664.8491516281
2593 906099.0339693824
2606 906577.4825673478
2625 907435.3227615062
2646 908225.2579034937
2658 908374.2857215937
2660 908434.8517094594
2661 908602.5961382150
2672 908625.1201725409
2680 908888.9689099339
2682 909241.3169557701
2691 909274.1191782646
2697 909492.3928551575
2700 909944.8529350050
2714 910561.0465160678
2722 910770.4984750138
2723 911297.9645974980
2726 911819.9525845435
2751 911936.6126212237
2754 912568.9209669463
2775 912793.3459976126
2778 912975.7257878799
2789 913006.0893592453
2791 913069.5996217731
2795 913142.5580768891
2798 913510.3767211762
2800 914369.5715999908
2826 914873.7227066981
2835 914967.5841947584
2851 915050.1669958704
2853 915144.0224456761
2857 915171.7363393372
2870 915221.1769027255
2871 915832.1825961221
2875 916123.2705308637
2886 916244.8346622034
2888 916905.2663519864
2900 916917.4970094202
2904 917037.2867367852
2915 917485.7289265073
2921 918379.5542112008
2931 918661.8993909183
2945 919018.4441120545
2950 919102.6820366097
2961 920009.5017977313
2968 920419.2422304044
2978 921047.2494093752
2992 921053.5469401299
2997 921668.5642125205
3006 921988.3735754106
3015 922497.6670280894
3018 923121.1263339289
3020 923655.4122205221
3042 924293.2768133193
3055 924747.8552769433
3065 925518.5957558821
3070 925668.0011149258
3083 925845.2456483037
3084 925901.8034050723
3089 926024.1452136155
3090 926670.8240728223
3093 927031.3663376593
3106 927328.1364977092
3119 927554.0675012007
3122 927662.8917821387
3139 928374.3334836004
3153 929246.6059006106
3160 929495.5644614387
3164 929849.9599672762
3167 930389.1002245992
3179 930561.3933711702
3182 930942.9582100880
3190 931533.3883341120
3192 932005.8640884263
3211 932163.8351974133
3213 932387.4279553444
3217 933136.3144277142
3221 933231.2375547244
3239 933480.4596215321
3245 934222.8853649491
3264 934404.5646747943
3267 934472.1067807373
3280 935200.4735857910
3282 935784.2470156639
3290 935819.3707825060
3292 936124.5752623996
3312 936456.4821349169
3315 936826.4653126904
3325 937158.3721106800
3329 937701.7909966918
3330 937989.6985032097
3332 938163.6274462487
3339 938350.5885187740
3349 939613.7657473268
3379 939680.6054466271
3381 940543.1139211372
3396 940660.5980439354
3399 940876.6850684683
3408 940974.6578900871
3411 941411.4251049219
3414 941638.5947182659
3436 941921.4303485458
3442 943252.0052898711
3443 943298.0898551627
3453 943401.3814820290
3461 944140.0700748361
3466 944778.0994733128
3469 944901.7462184558
3471 945770.3731363985
3488 946170.7791348016
3496 946229.9071760018
3510 946511.1743603487
3513 946628.7933233115
3514 947449.7215446640
3522 947533.4266762327
3523 947611.3585354822
3529 947730.2084003433
3534 947756.5763973875
3540 948837.1113650757
3557 948869.1443379127
3566 949278.1863591642
3575 949374.6173736248
3585 949565.3405675386
3586 949859.9365800509
3592 950751.5928265323
3607 950809.2785714217
3609 950815.0130515165
3615 951014.1527669670
3621 951726.9382599128
3637 952303.5859967781
3652 952578.5273096061
3654 953253.7632430445
3664 953650.5564881426
3676 953953.9663963108
3681 954082.4330328344
3694 954557.3758184792
3696 954670.8917099281
3712 954685.8394392456
3724 954974.5208607883
3733 955274.2966094830
3745 955602.9116642640
3749 955719.8235221836
3759 956264.4961281427
3772 956568.5056259447
3775 956710.0221802305
3787 956885.6267966055
3794 957558.7025160349
3804 957560.9093090656
3805 957734.3051987943
3809 957736.5128250255
3810 958179.8267371558
3814 958573.4475837292
3817 958599.4367618022
3849 959684.0387916728
3863 960042.1883178026
3870 960365.8409760139
3876 960448.0027872133
3882 960758.2685554861
3886 960928.9947384655
3895 961469.5704446216
3901 961512.4781864025
3907 961999.4740526119
3911 962323.1647782541
3915 962853.0678722105
3929 962886.3065819106
3954 963416.2052327980
3966 963610.3392312489
3975 963910.3897826883
3978 964091.0673303271
3982 964914.4067484371
3990 966161.2017438667
4002 966902.9371864756
4026 967399.5092176471
4035 967720.3678173845
4037 968304.2967332780
4050 968354.5927150525
4055 968975.9434831316
4074 969137.9036715907
4076 969529.1604643624
4081 969700.7512658235
4082 969705.9699229567
4090 970025.7920658950
4096 970336.9418465528
4105 971313.1482741713
4108 971439.2810575438
4117 971796.4133876859
4129 972263.9780482098
4131 972318.4852384422
4132 972861.1258940062
4139 972863.3483514413
4142 973005.2732819892
4143 973087.9303030034
4147 973838.5331904523
4154 973845.3880490533
4159 973913.8752401558
4165 973989.5326397662
4170 974947.6110417122
4183 975660.2054707153
4187 976420.8921893027
4228 977058.9646237146
4243 977378.7505417870
4261 977798.8410716621
4271 978084.8749295605
4272 978240.3083408650
4285 978436.9004993238
4291 978660.3921860852
4301 979420.8851263484
4307 980398.1265680947
4328 980465.9424416125
4337 980914.8055933745
4349 981860.5701864202
4354 982212.3582201473
4361 982555.7832708082
4368 983267.0479550032
4385 983444.7791914751
4389 983452.0633898941
4391 984096.7343973554
4403 984307.7942469025
4406 984544.9250854860
4409 984631.4709980317
4423 984915.3250204894
4424 985253.0333390051
4439 985508.2237252325
4458 985721.7335551082
4461 986107.2174301819
4462 986750.9701368202
4476 986982.2947334833
4486 986983.0787706450
4492 987185.2252323198
4504 987315.1521784905
4505 987360.6167904441
4507 987364.0127229021
4514 987384.9085445605
4515 987469.9936466601
4517 987652.1193313195
4521 987761.5016879736
4523 988055.3233971013
4540 988085.3492129954
4548 988703.8649340837
4549 988833.1779326578
4551 988860.8712637703
4558 989936.9807698714
4589 989943.0471713294
4590 990136.5763783274
4596 990473.2540930272
4620 990480.2619232052
4621 990689.1012081358
4622 990894.2240311846
4623 991125.4737256867
4624 991331.9390415172
4639 991445.9615758221
4646 992299.4210974259
4665 992614.9471925071
4677 992896.9519626610
4681 993012.6462514002
4685 993158.2107905896
4702 993273.9046333366
4710 993752.9236340196
4720 993754.6567102418
4726 993763.2673109667
4728 993868.6170986566
4745 994089.0936317466
4749 994865.7712956022
4773 994930.2768806876
4774 995686.1298180419
4814 995903.2197480428
4833 997097.3903452163
4857 997376.7011822198
4863 997659.1264946474
4871 997938.4351820711
4882 998796.7084860995
4910 998931.8739391796
4917 999003.2896079053
4923 999924.9336507292
4934 1000989.7895215333
4940 1001052.3832076936
4945 1001087.9472989729
4947 1001992.3651761962
4963 1002077.5375981261
4964 1002585.6268432282
4975 1002756.7227807393
4992 1002930.9603198519
4994 1003084.5534535097
5002 1003186.9543501545
5005 1003449.0404249523
5006 1003555.0307066557
5020 1003919.7072113933
5030 1003961.3758064326
5031 1004474.5567187190
5043 1004839.2326787678
5044 1005131.9034321797
5050 1005232.7386210798
5061 1005391.2600803749
5064 1006582.7361078118
5090 1006590.6048594653
5107 1006697.7279168719
5111 1006903.2765223633
5116 1006990.2879011871
5119 1007621.1001575254
5134 1007768.7580053521
5141 1007855.2676740146
5145 1008216.6845441629
5146 1008402.0097697745
5147 1008980.8534573967
5158 1009007.4766644600
5159 1009680.4227858271
5166 1010251.0379639318
5178 1011470.8335602978
5198 1011791.2605907673
5199 1012489.5839720281
5222 1012949.6828369980
5233 1012954.8207902970
5238 1013099.0924234987
5248 1013612.9935231406
5260 1014342.2140266531
5269 1015128.5580203070
5283 1015462.3860642066
5286 1016463.7576062462
5301 1016709.0475305213
5308 1016978.7956643427
5313 1017371.2348755315
5318 1018119.2969228614
5322 1018357.4243510806
5336 1018612.0099889557
5352 1019475.0820311945
5368 1019629.7768088432
5397 1020356.8278261281
5398 1020695.9009947255
5402 1020900.5332892787
5418 1021100.7459850801
5433 1021257.7313988422
5441 1021851.3049901549
5444 1021945.4694069265
5453 1022262.3476969032
5465 1022698.2997161931
5466 1023887.6972823038
5498 1024701.0013217047
5511 1025129.5970768295
5514 1025985.0813854833
5534 1026389.4887893160
5540 1026864.7206522373
5543 1027253.8163237433
5544 1027472.2800660131
5565 1027693.5188725655
5575 1028029.7038843067
5577 1028177.4873845010
5597 1028668.5644543279
5608 1028928.0748241716
5609 1029221.6595764195
5616 1029582.3752948962
5627 1029638.6632066194
5629 1030504.3338243109
5646 1030567.6247700222
5659 1031195.8522784633
5671 1031754.0008769332
5673 1031772.3515654329
5675 1031926.3604219328
5680 1032159.4231362283
5683 1032207.4296575333
5685 1032828.3163079383
5701 1033162.0599330214
5705 1033701.9237743841
5747 1034458.3595430111
5754 1034749.0133383452
5760 1035055.8242431091
5764 1035449.9189503284
5768 1035494.3409532092
5778 1036481.3969019691
5802 1036775.0892513595
5814 1036909.7270990426
5818 1037064.2122922097
5820 1037260.7899258462
5824 1037380.5216683912
5831 1037541.2649277620
5833 1037941.1987708100
5839 1038375.4586870177
5848 1038759.4682289859
5850 1039010.1171994463
5861 1039444.4806366565
5866 1039638.3934304552
5876 1040226.2501892934
5879 1040335.9360130472
5911 1040382.2197274198
5915 1040713.5642932461
5922 1041813.5194772332
5944 1041959.5995617128
5947 1042290.9150962959
5950 1043059.0998908404
5956 1043320.0444367215
5978 1043401.9816634379
5992 1044088.9510438157
5994 1044549.6938117513
5997 1044860.9114295901
6017 1044978.6689196499
6021 1045134.0963912813
6022 1045308.6070269985
6031 1045854.0436685773
6045 1045960.2845352835
6063 1045992.6416716661
6070 1046398.4728672036
6085 1046639.7680889320
6108 1046859.8548419566
6127 1047413.6058543751
6136 1047848.2111673239
6141 1048127.1261262440
6150 1048322.3619340638
6154 1048353.1340998987
6155 1048776.6605583909
6158 1049003.4053714911
6173 1049152.7378327709
6177 1049387.5255834006
6203 1049794.3744954930
6205 1050079.0454070945
6211 1050806.6511753080
6222 1050854.2532744859
6233 1051402.7645934345
6259 1051478.5875645170
6260 1051694.0051250320
6272 1051743.4512850600
6273 1052374.2592080452
6279 1052401.6173643940
6285 1052734.7652291637
6303 1053567.7078344582
6306 1053622.8978908276
6318 1054380.6698898489
6326 1054610.6413806072
6346 1054937.0161861668
6359 1055282.9372737417
6375 1055893.9933161673
6385 1055984.4265260033
6405 1056174.6195141687
6406 1056430.7279826726
6413 1056646.0560695454
6423 1056982.4024796400
6431 1057090.7437718497
6438 1057398.1060167828
6446 1057428.7009681710
6457 1057844.3969826677
6461 1058254.3925768635
6469 1059228.7036018164
6481 1059775.7012696308
6512 1059866.1253464336
6519 1060182.4171259182
6537 1060296.4771461801
6546 1060480.7088031005
6556 1061075.1112650249
6564 1061275.9085656900
6588 1061863.9806144526
6602 1062635.1286711039
6627 1063548.9369781876
6651 1064005.9470833850
6655 1064350.6276039896
6683 1064642.8664068615
6685 1064743.9198091137
6691 1065605.8547295039
6701 1065887.6406905691
6707 1065961.8072307273
6724 1066444.4373824960
6741 1066706.6554489073
6758 1066881.1237917310
6768 1067298.1718089336
6773 1067541.7934926238
6780 1067793.4558062258
6796 1067943.0067993118
6800 1068470.9271113642
6812 1068472.9081441497
6813 1068905.8103979442
6825 1068907.7882925235
6827 1069281.4327807161
6835 1069546.3635043181
6847 1069619.5018756918
6853 1069770.0940170693
6855 1069785.2583531940
6856 1070145.7075877651
6864 1070219.6600590595
6872 1070691.8239560975
6878 1071214.5281277024
6891 1071332.3624925364
6899 1071395.5041712760
6903 1071768.9482016852
6908 1071855.0654183191
6917 1072275.7851557829
6927 1072506.2644270891
6928 1072634.9209541811
6934 1073157.6235518416
6952 1073274.1476729941
6967 1073796.8490233384
6982 1074119.8008450486
6983 1074447.8368210620
7009 1075195.4224065265
7016 1075438.7200113619
7032 1075857.0182309896
7082 1076622.6889278272
7104 1077742.1012627410
7152 1078062.8357529312
7158 1078753.8633725934
7171 1078883.1325526854
7187 1079956.0788544579
7196 1080193.0878042495
7199 1080851.0530207097
7212 1081177.5047114112
7220 1081221.2911860570
7221 1081277.3307206854
7223 1081491.4842335093
7226 1081931.1093440561
7232 1081998.0976201233
7264 1082015.0067394518
7273 1082655.4261143259
7275 1083313.3806129019
7290 1083502.7061239104
7292 1083543.1231892293
7295 1083723.5129308279
7297 1084322.8478681266
7303 1084331.7726662010
7319 1084856.5396554621
7341 1085192.6321923425
7347 1086219.4844193587
7364 1086934.2328103408
7393 1087589.4162492212
7409 1087665.0867597819
7412 1087866.6220892607
7427 1088762.6814760712
7452 1089080.9263558656
7463 1089391.9036084935
7471 1089668.0988563993
7477 1089769.0850203971
7486 1090914.5880433782
7495 1091102.3321318275
7501 1091790.0188264807
7502 1091806.0509530138
7508 1092673.7104515289
7523 1093274.0799665409
7567 1093795.8731350498
7594 1093985.4908897157
7597 1094302.8202067071
7599 1094772.2123948182
7607 1095014.2257267190
7609 1095036.7816083685
7620 1095241.2405053915
7621 1095418.4488529253
7626 1095694.3313230244
7639 1095848.5234063982
7641 1095852.2604745883
7645 1095950.3818754968
7646 1096170.4133441541
7649 1096199.3372555564
7650 1096329.2114261405
7654 1096637.2240900607
7655 1096916.1080563501
7666 1097006.2737577020
7669 1097007.8365021767
7670 1097162.3709133982
7673 1097448.0245363498
7676 1097756.6196219004
7683 1097936.9552711684
7685 1098130.6355153897
7691 1099086.3473422281
7702 1100524.6240466088
7722 1100651.0577668587
7742 1100676.3640032155
7767 1100802.7899793531
7770 1100957.4487854489
7773 1100982.7529324801
7775 1101431.8986867447
7778 1101446.7485187543
7783 1101738.2858340517
7796 1102134.3322731608
7802 1102457.4778583641
7810 1102609.1867554483
7823 1103322.6933538944
7861 1103990.4920598918
7868 1104116.8090963499
7869 1104303.4764330569
7872 1104778.0384901848
7883 1105399.4161735051
7897 1105533.2430353181
7898 1105753.8730614949
7912 1106147.1610338455
7933 1106708.9539511495
7940 1106925.1514797751
7965 1108087.3419312085
7972 1108615.8883693803
7982 1109154.3815830420
8010 1109245.0087984756
8016 1109341.0738228438
8019 1109406.4069984895
8020 1109781.0023010524
8025 1110108.6917302478
8041 1110657.7396033977
8048 1111198.3763306756
8064 1111272.2427584773
8073 1112583.7085648135
8082 1112976.6691056455
8109 1113181.8775047895
8140 1113953.6108009664
8153 1114158.8191646091
8154 1114648.6113452821
8167 1114833.9226839184
8194 1115152.7547637217
8198 1115185.3206230048
8205 1115508.1052531465
8212 1115671.3550916191
8229 1115856.6501224902
8235 1116244.1773817681
8239 1116469.9848471070
8246 1116816.7992769142
8247 1116905.1774163838
8249 1116924.6252639687
8253 1116949.0145286799
8260 1117007.2668072109
8264 1117384.2043070656
8274 1117449.0714571839
8276 1117482.3958381624
8279 1117664.5589678860
8282 1118006.6585572504
8285 1118540.0383927107
8316 1118652.8893782024
8337 1119268.6603930597
8343 1119534.2923123699
8355 1119547.1309358056
8367 1119547.8276003748
8368 1119812.7605531095
8386 1119826.2944818875
8401 1120216.8528064163
8408 1120355.3324231359
8409 1120670.5202468245
8417 1121135.3778815616
8419 1121148.8937719068
8431 1121687.5094575947
8463 1122371.9552535259
8491 1123094.7199830469
8512 1123483.4750111480
8513 1123512.0204042227
8534 1124480.9245879319
8552 1124509.4698053740
8560 1124759.0122455934
8562 1124930.8064102705
8580 1125456.3826243000
8599 1125765.7935800990
8622 1126590.1199351288
8644 1127285.3241031144
8672 1127646.2977960457
8678 1128083.8999329037
8695 1128488.8234234231
8708 1128844.1458017351
8725 1128932.0167159420
8729 1129480.9393211636
8754 1129672.6246937728
8765 1129797.1757121712
8769 1130253.2006402279
8784 1130376.9340612546
8785 1130725.2465915091
8797 1131194.0836426867
8802 1131449.8000169448
8804 1131899.9703518548
8823 1132243.4492529640
8824 1132883.7429714464
8839 1133333.8917549914
8853 1134343.9223999931
8857 1134414.8536417519
8863 1134745.6962092412
8873 1135332.3406563478
8876 1135413.4668252077
8878 1135452.5417280791
8884 1135984.0718867106
8889 1136047.0505055557
8898 1136855.8949306242
8915 1136904.7343774170
8922 1137120.3929478168
8926 1137170.4247512345
8933 1137516.0784285939
8941 1138111.9277552797
8947 1138441.5568548054
8963 1139208.9928003089
8971 1139377.3246117188
8988 1139523.5116856191
8993 1139583.1897277953
9016 1140198.2399995646
9029 1140533.3190900807
9034 1140795.8135574905
9043 1141053.0999521436
9045 1141474.9599362523
9056 1142302.4409358611
9079 1142398.9575716013
9085 1142824.2536490003
9136 1142920.7701140777
9138 1143067.5967580194
9148 1143095.3744144358
9149 1143367.5014257785
9157 1143379.8153230334
9192 1143395.2782986930
9210 1143407.5920741721
9225 1143839.0062632484
9238 1144094.1069829438
9262 1144537.8336286787
9268 1144695.7441291022
9271 1144742.7399765041
9284 1145186.4660988285
9286 1145344.3746217582
9294 1145636.6424160285
9296 1145690.1015841574
9297 1145761.4851416775
9300 1145873.2055146550
9313 1146427.4268743759
9328 1147125.4080440055
9352 1147182.0561942870
9356 1147233.6715133458
9360 1147632.8731052366
9373 1148094.7496225976
9379 1148184.8247868116
9381 1148237.0056363791
9382 1148327.0784674701
9399 1148786.4964985203
9405 1148876.5538034863
9445 1149158.3955139650
9467 1149248.4320217983
9482 1149428.8733318390
9491 1149741.5658720802
9517 1149766.7497497573
9528 1150038.9559557699
9542 1150532.0834296998
9571 1150816.6436692998
9572 1151090.9577805342
9586 1151495.9384003803
9595 1151780.4713846142
9602 1152054.8020827107
9629 1152285.7849894955
9640 1152945.6488015205
9646 1153271.9214999648
9654 1153651.8245954879
9657 1154057.3418800530
9668 1154252.8078089817
9673 1154362.9116935849
9683 1154437.7801384586
9713 1154887.6484281246
9715 1155363.3691384709
9762 1155813.2370092797
9770 1156018.7000496662
9792 1156025.8361262123
9798 1156338.9654018860
9802 1156560.9327978089
9810 1157149.5266638172
9820 1157797.1783517336
9851 1158117.4403483029
9886 1158626.8480062892
9909 1158777.5652034832
9917 1158964.9572575502
9929 1158999.1330359837
9948 1159374.5570265623
9968 1159408.7433523780
9969 1159596.1214859276
9982 1159677.0556646257
9984 1159964.8843214652
9999 1160123.7161730081
10002 1160186.4465385082
10010 1160123.7161730081
evaluations raw_y
1 677819.9293086489
2 686296.2567098051
6 709390.9940638905
36 711552.7628705775
40 717370.3998892549
44 732878.0035935174
55 736308.4488203705
59 738359.1071537774
61 747402.1598874894
90 748222.0687554149
93 751683.2161895509
112 752674.5654604947
119 757758.0739851957
125 761849.6854258707
145 764804.4105344736
158 765408.6567375475
161 765465.9810915899
163 767629.2713037245
166 772685.7949963649
191 772954.3460444678
195 774476.1117695289
210 774800.4377901069
225 775289.3520004702
227 775327.9308987798
234 776360.3346673545
251 776953.7200765932
254 776961.6324060009
257 778266.1426370371
273 778462.5837959226
274 778701.2860919501
277 778834.7917382393
286 779140.1092498527
287 779340.1257677650
288 779670.4684665110
299 780461.1387062009
300 780696.9097638996
303 780837.8997446026
304 780848.3246155567
309 781373.5669491299
319 782686.5902141747
339 783006.5666652876
350 783775.2567008549
364 784307.8203569221
366 784677.9322212206
381 784962.3136544555
394 785141.1313357389
407 785656.5215255434
415 785846.6677822297
425 785863.2904467437
426 786711.6234687928
453 787004.9907064622
461 787097.4594546682
467 787216.9068238788
471 787279.5875112653
473 787872.9218333394
477 788200.6277824696
485 788617.0896352292
505 789719.9076042749
509 789852.1684617454
546 789911.1762533960
547 790082.9788849064
561 790170.1501037828
564 790206.0772905401
565 790701.0099425013
572 791567.0697120107
586 792458.8671115168
592 792558.7316658759
602 793332.8675979067
604 793966.0973121243
609 795247.4786597732
620 796082.2514273606
627 796511.5498168183
629 796686.3826379181
637 797662.4041304565
658 797709.2727375476
664 798212.4584959563
682 798506.3688181525
690 798685.2817184976
694 798982.2024556955
700 799235.0182681242
706 799251.2930953158
707 799470.4539332549
715 799532.3713942949
717 799727.1261192068
723 800060.9808580365
730 800590.7193458281
735 800905.8062919213
752 801671.5436295166
765 802453.1878378199
770 802513.4768006958
774 802713.2677692669
775 803027.7168207503
777 803124.0948157179
780 803535.5763638982
787 803630.3863930331
795 804115.9922903893
799 804248.0932121000
805 804726.8242618171
813 804874.5066967405
820 805699.9278225077
823 806196.8663312949
839 806775.8522205828
846 806874.0057764496
851 807109.0794104482
855 807425.3667648459
857 808243.1650940359
872 808404.7470337255
874 808665.6919513651
877 808777.0027227877
879 808857.1997517562
883 809650.6103801914
884 809750.4303541651
893 810173.3370520019
899 810724.6944505956
901 811315.3920212717
905 811377.1680584651
917 811590.6415004990
918 813051.8580088851
931 813997.7396957260
938 814924.4475048967
959 815515.8583529204
970 815666.5787326475
971 816230.4598417713
979 816748.7175385888
999 817202.9372647521
1000 817463.3141256073
1001 817740.1749905242
1010 818054.2880150054
1019 818220.9965175765
1021 818419.7989509201
1022 818807.7847347808
1030 819141.3136566967
1043 819293.7569782288
1055 820770.2116186104
1056 821142.2075581284
1086 822136.2497704363
1105 824038.3425407232
1115 824161.6655566937
1126 824360.7822797672
1127 825206.9697693378
1138 825493.8577343776
1148 825679.0574873548
1153 826361.9466693382
1159 826592.0316229253
1166 826638.5483653538
1169 827136.7492887370
1187 827281.1276353511
1188 827485.9179434566
1190 827527.5695509054
1194 827539.7413178667
1195 828044.1374043804
1199 828372.5877896372
1203 828487.9457110571
1208 829020.8449313538
1220 829060.8175045950
1225 829462.9735228914
1230 830172.6055144245
1247 830426.7141041124
1252 830594.0731574418
1254 830690.4117714200
1256 830746.6603195082
1257 831527.9982190308
1261 831641.1618315276
1262 832070.5542857574
1263 833175.8236366056
1268 833371.4806342085
1274 833399.3907278287
1275 833817.6006354290
1294 834366.6206711618
1303 834398.3401867138
1305 834791.3078601990
1307 835379.6226510135
1320 835646.7949208744
1348 836133.1929728735
1358 836602.6294849913
1368 836648.7837009756
1370 837112.7820743902
1376 837518.9760944759
1378 837988.4098146057
1381 838503.3361341263
1416 838692.9492595276
1428 839007.4729980644
1431 839120.4730111287
1434 839639.6951575443
1461 840067.4002918318
1463 840983.0787775385
1474 841331.2857136392
1481 841688.3393146084
1482 841880.2513999855
1504 842456.4095202192
1515 842477.1966793139
1519 842966.4909408098
1527 843144.8702234590
1529 843745.5158345361
1561 844459.1333046745
1564 844627.2830661450
1573 844999.0437688760
1578 846126.0226707540
1589 846144.2705432167
1596 846772.8690110423
1605 846785.1041522871
1607 847801.7750989470
1622 848537.1841223591
1631 848563.9093982043
1640 848651.5925349140
1641 848972.1277031789
1652 849061.2348314910
1653 849298.1602838141
1657 849665.9989518623
1664 849994.6176278418
1665 850079.9226505363
1668 850344.2266122981
1675 850715.6049071909
1684 851159.8562941384
1690 851577.8883037340
1694 851936.5779061011
1700 852613.3937307724
1713 852861.1852148700
1724 852998.4846594905
1732 853354.1514143239
1734 853434.3231016374
1738 853494.1780683135
1739 854336.5469753678
1747 854830.9624061827
1758 855007.1694579861
1761 855333.5079378253
1768 855744.8551954781
1777 855791.2077428179
1781 856056.0760036377
1790 856449.5725209735
1798 857411.2016170663
1805 858704.8941220199
1836 858981.3177715803
1846 859654.3503436578
1852 860337.6543704401
1862 861140.9419677572
1879 862591.2695693501
1886 864363.3914804785
1917 864535.1021436156
1919 865045.3359026528
1928 865585.9050492746
1944 865938.8316174421
1947 866096.1375162266
1959 866264.1014339892
1960 866305.1633996723
1961 866833.7508577054
1963 867660.1046434769
1977 867734.6903418244
1989 868017.6435075419
1995 868176.0700037509
2006 869600.7143470142
2037 869627.1561639322
2038 870217.6680470167
2045 871120.7265998841
2075 871350.6805296257
2086 871427.1051627095
2089 871507.2168014480
2096 871736.4117072427
2102 872190.0156556902
2103 872382.9238560636
2119 872684.7408636109
2127 872729.6416252035
2142 872865.6542207788
2146 873291.6084174106
2148 873664.9092296931
2152 873726.9336664494
2161 874413.8870897233
2178 874963.3154382639
2188 874975.9660983363
2190 875315.9010605833
2199 876148.1806592252
2209 876253.2120100717
2212 876253.7109820709
2217 876551.1535585419
2221 877064.6285565284
2223 877606.3200380927
2231 877686.2923485317
2234 878777.7292953663
2254 880048.5015875014
2262 880531.8908168914
2270 880841.8132939005
2295 880887.7887464380
2310 881325.2016517872
2313 881557.0676234580
2317 881603.0430822342
2322 882102.9552978651
2332 882844.1106440736
2344 882932.7512246156
2346 882968.6170539778
2347 883206.7356803793
2349 883383.5707729362
2350 883755.7476003252
2365 884052.1053804348
2371 884192.9799087505
2377 884609.9893657060
2379 884738.0282391841
2385 885419.3157182857
2401 885907.8122141383
2406 886773.4172600796
2410 886801.3854239840
2411 887440.9871654874
2414 888118.5741381039
2429 888891.2426764704
2449 889601.5058691879
2457 889845.2928620576
2459 890446.0029455343
2478 891018.9157421406
2481 891283.5579514120
2485 891602.6375027156
2491 891841.3881937242
2492 892617.9313243327
2502 892955.8586550244
2531 893091.3136884418
2533 894168.4244318398
2534 894612.3077262226
2544 895045.9673792537
2558 895145.3312698420
2566 895547.2992015890
2570 896092.0832490880
2580 896593.4158832992
2581 896604.7715463440
2594 896929.6076421944
2596 897168.5005839644
2604 897893.2276958325
2630 898750.5114344215
2645 898992.8017683183
2648 899001.1865352844
2659 899281.3403290020
2660 900898.2742024638
2667 901678.5870512386
2696 902755.4332697102
2710 903032.1052054338
2713 903248.8220357723
2715 903786.1567711638
2731 903844.0125363712
2732 904133.7094139663
2745 904335.4727072913
2754 904671.0444533976
2758 905058.0233863610
2762 905381.2990321685
2771 905776.0905445366
2787 906026.3900414774
2792 906554.7697924571
2794 906724.1098646147
2804 906835.5115860124
2806 907057.1648171123
2812 907853.4071053580
2822 907955.3688278872
2830 909401.2706951931
2836 909439.9715327678
2860 909789.1008233269
2874 910073.7762915306
2877 910813.4436908693
2899 911490.0191282182
2909 911533.0874764506
2910 911972.9413603359
2915 912213.8285834119
2938 912400.9357484486
2949 912976.6742075745
2953 913308.7288708332
2957 913855.3816552818
2963 913866.5695893642
2978 914710.2416638393
2983 915157.6624652719
2995 915380.7498640507
3011 915416.6793275250
3015 915902.2879308192
3026 916486.5394192422
3029 917649.9791040691
3044 918621.4301972555
3063 918842.4816821766
3079 918855.9468263621
3093 919578.1892798831
3100 919655.9302709971
3106 920073.7097431917
3116 920086.3381365988
3132 920585.4531238500
3133 920586.5204053988
3135 920830.2526880716
3139 921008.7398365117
3146 921767.7829818981
3168 921969.3942586445
3174 922598.0405802472
3178 923657.9434840904
3197 924107.8745302943
3207 924318.8073877511
3212 925451.3176550550
3223 925529.5443898560
3231 925832.8210769044
3235 926113.4499716604
3247 926238.6733928145
3255 926741.5838602113
3260 927173.3304234693
3268 927688.8737983529
3275 927993.3046896396
3282 928438.1724209308
3288 928723.2654240705
3294 929020.0189001076
3295 929168.4847721695
3307 929236.1397881598
3308 929980.5869531559
3321 930078.0064637690
3329 930193.6356046086
3338 930244.6297261631
3341 931461.0665710374
3371 931622.2786304158
3374 931758.8306582618
3386 932699.6666181610
3393 932855.8699246609
3399 933116.7539714957
3409 933483.6178913192
3410 933606.8805311301
3412 933666.5681566035
3416 934557.7714999911
3426 935252.8782561631
3428 936121.4162370772
3438 936666.3190971103
3452 937483.1380728752
3469 937836.9087297835
3481 938313.6559131618
3486 938792.2513067776
3508 939003.3545163743
3510 939143.8267090062
3522 939411.6608537909
3524 939881.1323696816
3539 940108.4212593834
3543 940784.8024471590
3548 941584.8396438030
3559 941786.9609368561
3565 942107.4632171791
3571 942443.6909959832
3577 943271.7675716003
3584 943722.2761651694
3601 944002.2337827752
3603 944269.3832133956
3604 944645.9760194310
3606 944760.2392472024
3610 945120.6418386091
3614 945806.4231481384
3619 946319.7446268181
3626 946523.6424301397
3643 946849.1674058160
3644 946973.5590204053
3645 947120.8784008669
3646 947526.2661933136
3659 947650.2993534743
3673 947895.8837391456
3686 948399.4346405157
3694 948650.1469718417
3700 948690.7381767856
3708 949411.1018934919
3721 949523.4902455820
3730 950563.7187544858
3741 951026.6259693764
3743 951139.9931174361
3744 952421.8474361899
3778 952732.6247343482
3782 952776.7088112187
3785 952828.1475725315
3793 952984.0104000950
3795 953147.3787080572
3801 954126.8442871128
3814 954150.0199894633
3817 954929.2242818859
3819 954995.5924695071
3830 955232.4013289523
3831 955313.8754440920
3833 955740.7570765776
3839 956705.1304276120
3849 956856.2381382376
3852 957010.3681792233
3861 957755.5192993812
3869 959004.9046708242
3881 959373.2140232068
3885 959607.2786769209
3888 960038.4649082156
3899 960856.1165910055
3918 960996.6377286579
3922 961172.9642939235
3929 961775.9047258311
3951 961894.1528076272
3956 962831.3799818920
3966 963187.2643652883
3970 963306.4703343288
3971 963459.1676452855
3974 963460.6380774283
3978 964133.3521485497
3997 964194.3394560171
4011 964354.4361141052
4020 964954.8702993350
4026 964974.7749141002
4039 965575.1956916711
4047 966557.8385905315
4076 966940.4996148021
4107 968080.4798227632
4113 968611.7932880393
4125 968915.5088260738
4137 968954.2502153434
4140 969186.0056821387
4143 969238.1791500554
4144 970357.5034776522
4161 970624.7897501962
4166 970946.0063157792
4173 971134.3643768488
4182 972481.7845994848
4185 972537.0323991191
4201 973174.4544381222
4207 974436.4932468442
4246 974711.6162076077
4252 975041.6531222245
4269 975422.5104250464
4270 976098.3256647763
4303 976286.8784593759
4313 976910.0037877115
4326 976974.7630221125
4331 977704.8372967810
4348 977761.2921059565
4352 978044.2631199685
4357 978086.7496001206
4361 978138.1015831559
4363 978195.2638146085
4365 978575.5422106830
4369 978973.8852770397
4374 979256.1373997224
4386 979493.0886385097
4390 979869.8653880174
4402 979945.9874292542
4403 980351.7713944585
4415 980581.5294835666
4429 981282.7129184374
4434 982056.6308719310
4452 982313.4741179340
4466 982626.7781682580
4476 982857.0710005923
4477 982915.8274631219
4483 982950.8774274661
4486 983498.4256123735
4494 983724.7869857172
4498 984470.3150648633
4509 985043.7995616627
4512 985465.0090186103
4517 985655.8565452225
4526 985665.8574788779
4531 986749.6946794613
4550 987330.6828382586
4569 987947.7104880388
4573 988199.4924881380
4587 988744.8321948258
4590 988879.5651401586
4599 988996.6044007266
4601 989251.3791005645
4605 989259.9396354348
4612 990378.8966122493
4635 990498.9531613307
4638 990643.6903340577
4651 990855.3145637223
4652 991072.0831927258
4653 991333.2914350872
4658 991406.2192794004
4674 991560.7315311676
4679 992192.8967571380
4685 992309.8210117387
4692 992526.6041717768
4693 993011.1385096494
4714 993238.0530276622
4715 993734.1120585748
4728 993810.4531300648
4733 994533.4266254724
4749 994705.7028739221
4750 995203.2888128374
4758 995484.8696047994
4768 995515.3587845321
4769 995798.9855971762
4778 995880.0408186822
4795 996319.9224775635
4796 996457.6624639933
4807 996834.3366639813
4809 997006.6077502494
4817 997187.0042329660
4821 997298.3632842783
4824 997536.0824791436
4830 997542.4443982694
4836 997707.6521371471
4838 998053.5577465085
4841 998736.8586228963
4853 999060.8273491185
4865 999533.7515493612
4867 999603.4067689353
4872 999998.7090249488
4885 1000076.3278598181
4893 1000140.2479039016
4899 1000263.4436590833
4903 1000474.6278606124
4907 1001088.8973787576
4911 1001664.5125618384
4912 1002077.5707120241
4939 1002303.4460462392
4945 1003263.2504254493
4970 1003347.8948960686
4993 1003936.0706494802
5003 1004248.8606422171
5012 1004837.0338113433
5026 1004924.4847076803
5032 1005067.1322817918
5047 1005339.3234227150
5068 1005608.5201890742
5073 1005690.5206979890
5077 1005950.1994838659
5083 1005989.6939148795
5086 1006370.4758492612
5089 1006969.7415217729
5115 1007999.0470108357
5117 1008083.5999595323
5127 1008301.7129345617
5132 1008498.2012827438
5148 1008960.6381860594
5151 1009324.9185424870
5163 1009611.4346658497
5164 1010045.9550099259
5168 1010413.8920721194
5181 1010415.4241157442
5192 1010742.5810259050
5202 1010835.3480455572
5221 1010874.5957427882
5227 1011007.5364930973
5229 1011481.4766039343
5246 1011501.3371550199
5252 1011599.1491034516
5253 1011983.8135998256
5270 1012526.6773263584
5277 1012556.1218096430
5282 1012850.3616894168
5299 1013110.4864240346
5304 1013362.0402634501
5312 1013570.1732648428
5319 1014316.6645220073
5331 1014589.8081275866
5333 1014732.9217946131
5338 1014750.7753559984
5344 1015333.4614678893
5355 1016901.2743765037
5377 1017505.7225026488
5391 1017702.9859250771
5403 1018399.6966508636
5404 1019016.7085149733
5407 1019547.3627612427
5424 1019865.9184969118
5431 1020134.0824470135
5455 1020907.2794024883
5488 1021618.0792974407
5497 1021955.0298671710
5523 1021995.5196072649
5534 1022532.7461689193
5551 1022848.7957370625
5579 1023032.1441995120
5580 1023858.4281783687
5589 1024201.0620207945
5590 1025269.5925682171
5608 1025283.6108300175
5609 1025437.2030232159
5613 1025778.3009333919
5624 1025952.7262903566
5638 1025991.4072435314
5639 1026679.6379863066
5643 1027231.7651497907
5648 1027420.9400885764
5656 1027438.3788057157
5658 1028258.2096549241
5669 1028350.1162123196
5673 1028501.6756273553
5674 1029300.5709827552
5682 1029507.6091276894
5689 1030152.3800677202
5702 1030893.0006793236
5722 1031006.8857374041
5724 1031157.4895516143
5727 1031279.4296962566
5742 1032099.9163157018
5755 1032527.6553987201
5764 1032577.7094779341
5766 1032578.3952123156
5771 1032904.1039645568
5779 1033513.9503841813
5783 1033734.5675959259
5800 1033884.3250516299
5805 1034097.8943409198
5809 1034574.1861181959
5824 1034674.4265908193
5829 1035176.7325302833
5834 1035425.1464812923
5844 1035738.8534586550
5859 1036448.4887390436
5861 1036669.1025128578
5868 1036908.6310325395
5872 1037253.6288369983
5884 1037420.9134817451
5888 1037904.8346786116
5896 1038132.5236311873
5900 1038755.6692476959
5913 1039326.5764793287
5928 1040002.5669578867
5945 1040200.8368596240
5965 1040960.9883069295
5967 1041041.0410386482
5977 1042460.6864153668
6008 1042583.4890935286
6018 1043007.1013059567
6027 1043544.9389654394
6030 1043787.8445416995
6033 1044231.0899252589
6037 1044335.4285695791
6039 1044403.2730294492
6045 1044549.6455652588
6058 1044946.5114982361
6061 1044983.1945496441
6066 1046645.5056599654
6068 1047663.8928330434
6075 1047698.3005312482
6102 1048085.7778481436
6114 1049070.4990613542
6156 1049101.2679360860
6158 1049144.0419736439
6164 1049300.0796213332
6166 1049739.8920731780
6179 1050309.6096567567
6196 1050444.9837244095
6213 1050662.0060405373
6233 1050704.7585591280
6248 1050805.7453846354
6249 1050906.6804060857
6252 1051138.5502404021
6266 1051415.6420821457
6272 1051568.7027187878
6281 1051893.5363961791
6285 1052890.0961250260
6295 1053299.9811687737
6311 1053658.8711007528
6313 1053891.4984220923
6321 1053891.8997900661
6326 1054006.7366487361
6341 1054526.4749577460
6380 1054638.4411670540
6381 1054644.4343409420
6382 1055234.2859401603
6385 1055553.8124042973
6395 1056053.7620314616
6412 1056333.3081580652
6429 1057042.6808008763
6440 1057214.0871744275
6443 1057498.1430601487
6465 1058016.3916770285
6466 1058293.0799677824
6473 1058442.5364948106
6488 1058479.6703021440
6490 1058629.1251631412
6497 1058677.3430385820
6512 1058940.5256976164
6525 1059127.1034124815
6539 1059161.3950691710
6541 1059175.3317041621
6543 1059361.9089963268
6547 1059425.6115008926
6548 1059521.9082586484
6551 1059795.8576054894
6555 1059883.4916590727
6561 1060030.6626285168
6571 1060080.3358580214
6572 1060801.2274614221
6585 1061343.6010520691
6617 1061486.5331633911
6624 1061893.3131787612
6646 1062255.1298475636
6649 1062768.1436555122
6675 1063386.9779060339
6682 1063682.0495797712
6683 1063931.7812364101
6692 1064143.8525644862
6696 1064279.4543484524
6700 1064527.0713778054
6702 1064945.0159915134
6705 1066173.1463101716
6731 1066482.0873441859
6732 1066567.6711021548
6744 1066887.7244450764
6747 1067314.3930918195
6749 1067638.6347447287
6785 1067752.5034153149
6794 1068706.2441620068
6808 1068754.2890437096
6810 1069171.6756364901
6835 1069289.8709471787
6837 1070235.4656855979
6838 1070274.5277786115
6863 1070876.5748286126
6881 1071055.2002473010
6885 1071570.3478030255
6900 1072174.6380435820
6913 1072207.1341294064
6914 1072552.4104700834
6922 1073156.6811440901
6930 1073633.6307873633
6956 1073774.3787811990
6969 1074479.0382100812
6971 1075166.0097948762
7004 1075504.2523907993
7024 1075670.8819633799
7029 1075822.3393657503
7042 1075867.4854927626
7051 1076594.6123163770
7064 1076657.4303079031
7066 1076699.1662862366
7069 1077059.3195936643
7086 1078087.5858284223
7093 1078192.1315553440
7128 1078951.0617033620
7144 1078965.7896771668
7147 1079048.8547988604
7153 1079278.0824403292
7161 1079292.8104492039
7162 1079472.5951483010
7163 1079688.6367866523
7184 1079726.0629536288
7197 1080345.3648427641
7212 1080647.1217214519
7243 1081537.9477431844
7266 1081667.7997526610
7272 1081855.4403988442
7273 1082467.0629094578
7280 1083154.8674554692
7292 1083367.9993724495
7311 1083614.2402189404
7327 1084259.2489938878
7345 1084505.4819413598
7351 1084796.7797535118
7361 1085719.3077596757
7364 1085776.7758447097
7369 1086423.0455154772
7370 1087118.8640440491
7374 1087245.2980477100
7398 1087399.8991633032
7406 1087720.8371299994
7441 1088584.1632549281
7447 1088770.9032016643
7464 1088849.3385431005
7468 1089518.4187790770
7481 1090026.9873445616
7490 1090218.4698113799
7492 1090540.1289638316
7521 1090811.1708576274
7526 1091318.4880684516
7537 1091678.2445016438
7553 1092247.4883117387
7568 1092544.8184865380
7579 1092677.2189047947
7587 1092740.3745984135
7591 1093185.4079414441
7594 1093435.9966179370
7605 1094083.6627602580
7615 1094217.3725805427
7617 1094342.0719133576
7619 1094346.4566964707
7622 1094608.5116329612
7623 1094638.0758870672
7625 1095086.5616079457
7630 1096056.5696535464
7654 1096177.5941827123
7663 1096252.6029648443
7684 1096588.3478633666
7687 1096794.3207744635
7699 1096893.0081428785
7705 1097023.9783591360
7707 1097630.7565374994
7717 1097778.2311755663
7721 1098188.9842426206
7726 1098223.7265552694
7737 1098676.2184824513
7751 1098886.1206852915
7774 1099330.0251829871
7800 1099662.4694226380
7807 1099999.3177184800
7811 1100227.0542020758
7817 1100776.2596137309
7834 1101742.5837523551
7836 1101750.7084788329
7849 1102243.7965387709
7876 1102360.1365818293
7885 1102701.4963059027
7894 1103171.7168445985
7899 1103872.4522061830
7907 1103932.1546450029
7914 1104526.7499227033
7916 1104560.7692394985
7920 1105018.7758758585
7923 1105019.8213988713
7927 1105053.8445054295
7936 1105182.1453705584
7946 1105511.8432320645
7947 1105981.0722820533
7972 1106352.4972042013
7976 1106444.9919451626
7984 1106938.0364805453
7998 1107220.0157242932
8002 1107884.7083851227
8009 1108087.6592289859
8027 1108938.4621868778
8044 1109746.4181972055
8077 1110546.4595304343
8091 1110622.0850533945
8107 1111393.6400887738
8117 1111535.0828324261
8119 1111904.1130526089
8126 1112128.3340894133
8127 1113122.5423783071
8133 1113230.4903931909
8142 1113715.7866115661
8160 1113839.7469496599
8164 1115057.5596145622
8185 1116300.7140687380
8197 1116638.3689323838
8208 1116683.9676167043
8211 1116855.5084560607
8222 1117224.4761759029
8224 1117479.9422128955
8229 1117882.4319014156
8231 1118781.7178717775
8247 1118808.1168920994
8249 1118960.8980296834
8278 1119318.2917576625
8304 1119650.7806506003
8314 1119669.3537267984
8315 1120062.0120201046
8322 1120770.4466324169
8335 1120898.2520867027
8361 1121189.1440044309
8376 1121703.6444258466
8390 1121760.5716424361
8395 1122121.1538920852
8398 1122315.9057725535
8409 1122538.4593753144
8412 1122690.9277572792
8418 1122771.5759764826
8421 1123013.6788823321
8422 1123062.1369786349
8439 1123189.8582816846
8449 1123704.3423240366
8453 1123934.4003736291
8466 1124163.8117175559
8482 1124396.8731851329
8501 1124473.4754602991
8502 1124620.2974057582
8522 1124925.8719602083
8575 1125251.7167879941
8586 1125719.6975164807
8590 1126023.1714043061
8604 1126045.5422113552
8606 1127201.9624560915
8635 1127564.5829322818
8643 1128075.2025560993
8670 1128184.9765990041
8673 1128606.2887036502
8677 1128918.0406035923
8681 1129614.6890972692
8687 1129718.9307431658
8705 1129789.9208570127
8707 1130232.0777511077
8720 1130264.6179608393
8721 1131183.0634870303
8741 1131420.2209364621
8745 1131593.8782686021
8766 1132061.7365024190
8770 1132158.8509868341
8772 1132633.8008023824
8775 1132799.0575089867
8798 1134428.0853195773
8809 1134860.5898458380
8820 1135138.5561434405
8828 1135328.6803195146
8838 1135340.6898883728
8839 1135801.5029131032
8858 1136124.1195388734
8876 1136238.9708873194
8878 1136250.9700904822
8909 1136931.9161092304
8910 1137165.5911808168
8912 1137287.3224787919
8924 1137289.9004032537
8929 1137321.1094996855
8930 1137747.0207049570
8935 1138201.9060007562
8946 1138845.3957264102
8952 1139331.6097814706
8966 1139361.6729630397
8976 1140343.5864124370
9019 1140443.8083183581
9020 1140656.3401849910
9030 1140766.4880320018
9036 1140974.9949964087
9040 1141240.7848461843
9050 1141285.6737183786
9063 1142057.5859648681
9074 1142182.8753279198
9119 1142628.9399215975
9138 1142721.4218887824
9142 1143167.4862424387
9164 1143198.5058345266
9182 1144233.4399100405
9214 1144299.0547154532
9217 1144421.6986577520
9218 1144488.9857416025
9226 1144527.0658678960
9229 1144657.4954285210
9235 1144731.0212401021
9236 1145236.2276320267
9259 1145513.5997877738
9266 1145622.4600730219
9267 1146198.1244821853
9290 1146233.4591207034
9301 1146950.3878480711
9333 1147250.4783090365
9337 1147268.7819394409
9346 1147899.9040700137
9363 1147992.6222974893
9367 1148544.9549535299
9383 1148724.2290742209
9387 1149403.4065333772
9394 1149806.2960669308
9396 1150517.8036821280
9409 1150781.3160137190
9418 1151194.1406074485
9437 1151202.3211712365
9439 1151371.5115783603
9451 1151560.6466853234
9452 1151784.3337766659
9467 1151943.1950622285
9476 1152261.3149635766
9488 1153034.0759800519
9505 1153245.9949026390
9506 1153298.0363612527
9522 1154128.1233527735
9544 1154258.6080894135
9553 1154478.2951118613
9569 1154764.4523213287
9576 1155125.8736027633
9611 1155814.4619034142
9624 1156188.9307937552
9633 1156215.1884639889
9648 1156313.2086422928
9654 1156713.9344828825
9660 1156847.5597003060
9669 1157295.5774076090
9688 1157507.2870285499
9696 1157558.0501587505
9697 1157733.6557209808
9713 1158063.4937113461
9727 1158146.3951123885
9738 1158476.2281572928
9759 1158663.7961911031
9760 1158699.1567536988
9783 1158886.7229322069
9785 1158925.0974409713
9810 1159148.0109961759
9819 1159751.0399521892
9858 1160200.3321390382
9865 1160611.7854083562
9873 1160910.3239772890
9880 1161011.2626248477
9881 1161452.4478550947
9894 1161927.1183913222
9904 1162605.3653591610
9919 1163466.4433404445
9940 1163565.2883249903
9948 1164351.7009042562
9962 1164621.6336644054
9969 1165078.9303932730
9980 1165215.2018717520
9981 1165326.2611176339
9997 1165534.0072804096
9998 1165567.3410691237
10010 1165326.2611176339
evaluations raw_y
1 691191.0316995393
2 704442.7844584741
13 705610.9805141365
14 723354.3520722375
22 737131.7952140745
36 739044.2410501502
39 744908.1113836501
56 765335.3955578856
67 770391.5585365127
79 772946.2012526602
85 776804.0031932221
101 781199.8068136601
112 782219.6039092490
114 782813.6874486585
115 783511.4443210649
120 783570.0014737351
122 788940.1150993019
145 789634.7087325711
157 793041.3089659482
167 795466.0923233486
194 796970.7897401953
195 797321.8449519133
213 797776.9323966661
216 798488.0283627491
222 799057.2937869010
230 799636.4067563880
235 799877.2118456560
241 800570.8516509860
246 801409.7409648314
255 801608.0484829280
261 802591.0282634568
262 802810.7053360912
290 802982.3928533763
292 803252.6470258404
297 804046.0869429923
312 804078.8298370185
315 804227.0297567588
316 804234.4598260826
317 804516.1953760821
322 805550.7192390774
335 806411.7472301770
342 806536.5313657497
352 806595.6466665592
364 806736.9346059151
366 807020.3758864604
369 807271.8360745857
374 809034.5141459424
393 809048.8209979944
394 809292.4519743285
398 809328.3268782428
402 809744.4241019033
413 810004.5784178996
422 810129.2154799191
441 810700.1695161005
460 811170.7335901038
467 811528.8825914431
475 812600.6502977969
495 812683.9305649427
504 812770.1217021215
514 813076.7668673493
528 813605.8008746287
541 813837.3991005026
547 814363.6506063824
551 814444.0310614066
556 814892.6834617158
562 815512.7690549894
578 816383.5718535379
589 817560.0379126449
595 817985.4052252085
602 818535.5654037395
617 818628.4252827051
622 819389.3739468212
626 819639.9498722932
632 819951.0244296935
639 820104.4267017192
650 820429.9500961031
660 820661.5943334810
665 821267.2472383542
676 821840.8476671233
679 822016.3809684806
683 822343.3067688908
687 822395.1341594261
689 822977.9559333724
698 823103.6508405849
708 823763.6975999222
717 825079.0357808715
728 825118.4260985614
731 825280.2355714233
739 825342.3255454900
741 826914.0306797171
750 827119.7022961458
771 827232.4370927723
789 827238.8374504597
799 827400.1937029706
801 827911.1281338489
802 828256.0917910060
810 828664.6346392583
830 829314.0527597927
858 829626.0316956996
859 829648.0717576464
869 829648.7230197638
872 830487.1043618860
887 830569.6554969621
895 830655.7081540090
904 831430.7271956864
908 831616.2351057092
921 831852.9244202544
929 831911.3095225862
931 832619.2865794917
934 833267.8325972933
949 833404.4099582713
951 833530.7292893750
956 833682.0315451521
958 833729.5971023168
962 833732.6016053747
963 834112.3869666286
966 834927.3629156974
989 835317.7124067781
1001 835645.4822961909
1009 836418.8600813563
1029 836741.6109535235
1033 836850.8031651254
1035 837112.4850714470
1048 837309.1807396110
1054 837741.1195733792
1063 837741.7131499569
1065 837789.1171832450
1069 839195.5912086441
1086 839243.5877926882
1087 839600.1090988680
1092 839966.6648386972
1104 840057.2293593655
1106 840097.4060188236
1111 840312.6337352417
1114 840403.1987783210
1123 840932.1694496312
1131 841024.9224263009
1151 841237.9630199317
1155 841449.2878644005
1160 841859.6860176357
1165 841943.6244168403
1175 842836.6619952216
1193 842920.6003925987
1208 843764.7701066919
1210 843958.9974413217
1214 844137.4960713979
1230 845118.0940192263
1242 845383.0759467788
1261 845732.8649958388
1269 845901.1037665159
1270 845942.7370190828
1272 846324.2252810599
1275 846535.4361220867
1281 847075.5177954775
1292 847531.5893017667
1300 847595.3559391203
1308 847998.7377298742
1313 849077.0632418025
1317 849954.2036651105
1328 850019.1094289476
1343 850946.6267250509
1362 851006.3996853566
1377 852041.4036278541
1389 852759.5513744822
1391 853408.4140486795
1411 853881.5416969532
1413 855730.6642626091
1440 856112.1433080619
1452 856132.7274033671
1456 856269.0150505427
1461 856562.0272363268
1468 857487.2718831821
1472 857715.4172466459
1477 857847.9583798121
1484 858392.9474912207
1486 858581.2138625163
1488 858675.1019664039
1489 859758.8893000551
1492 859932.9356068269
1497 859969.6606847928
1498 860395.9971565212
1500 860647.6517058635
1503 860698.2628874283
1511 861604.7280947897
1517 862969.0823028095
1543 863059.9184171148
1546 863078.9742612505
1548 863355.9502608532
1562 863977.8375684111
1571 864657.9580805765
1574 865137.0985445423
1584 865240.8892053405
1593 865435.8960615658
1598 865448.9983451312
1601 865785.3934061590
1604 866251.5177326933
1623 866257.0199835309
1625 866505.2805433294
1627 866938.5787547150
1640 866953.7073130399
1641 867162.9637998006
1645 867650.7132840925
1648 867938.2089218083
1656 867991.6189494653
1661 868212.0142836622
1667 868373.6380950174
1668 868916.1848529215
1687 869298.1999822278
1695 869314.5468084445
1697 869457.0941384871
1702 869769.5845997140
1710 870239.9098954472
1716 870648.9106625565
1719 871300.9225658721
1721 871474.1173462243
1742 872199.5979383598
1762 872890.7296286187
1771 873340.7699521042
1777 873602.5722223347
1779 873843.7244104295
1785 873923.7519427922
1796 874252.7242216459
1808 874380.7319684123
1809 874813.1199723023
1829 874900.2840171289
1830 875552.9392381449
1841 875949.5125309476
1855 876407.8904461671
1866 876426.7837437311
1874 876721.1780921594
1884 877059.3435295158
1893 877244.4401373735
1900 877415.5473201971
1901 877820.5199469971
1909 877998.1595859935
1934 878435.4425919009
1941 878964.5083795659
1961 879085.4759721159
1981 879150.0146569468
1984 880262.8344591594
1985 880489.5271765082
1999 880938.0198859336
2000 881720.8016929891
2001 882675.0950133638
2012 882878.0133212933
2018 884252.2301525412
2028 884416.7804874098
2032 884892.8312994539
2051 885214.8129986434
2055 887036.4048033230
2086 887485.3935128180
2094 887685.9015747609
2101 888519.9573743107
2104 888739.8276683716
2105 888915.8556493917
2112 888950.2792762549
2115 889379.5956997206
2116 889488.3838012809
2119 889532.1450480268
2130 889550.0839171569
2136 889877.0214462552
2140 890023.0198953683
2143 890180.6798435247
2146 890502.1457364820
2152 891094.2713414500
2161 891545.7638418941
2164 891674.2625685472
2174 892455.7003992778
2186 892754.6699248663
2193 893825.9726479779
2207 893926.5271563032
2217 894909.4521149209
2235 895611.7075181877
2243 895865.7746887787
2253 896193.5341887278
2261 896246.5800954776
2266 896344.5220428632
2277 897016.6556425483
2293 897415.4489974389
2306 897804.6750431482
2316 897939.6076836362
2324 898223.9380419404
2328 898679.7864690961
2331 899253.7126090898
2336 899563.8416116658
2357 899568.3790698024
2360 900697.0662580687
2375 901157.1376585551
2384 901253.2830667272
2392 901409.6496233536
2399 901434.7874798380
2403 901499.1538942907
2404 901615.8555242711
2410 901776.8025140180
2415 902094.7575158306
2420 902434.6651758264
2425 902957.0611694963
2434 903028.8233122475
2453 903031.1626111078
2454 903484.6132119547
2460 903870.0732106797
2463 904089.2968947989
2475 904814.2060128324
2488 905099.4701063259
2525 905153.1303396090
2528 905205.6944695091
2530 905335.9923640508
2532 905859.1526672567
2540 906142.5475059992
2545 906591.4897186977
2578 907234.5664979377
2599 907890.9987698154
2609 908275.6374064633
2622 908361.4276558873
2631 908694.3896148289
2637 909201.7483203792
2638 909218.2058131801
2639 909984.3809866800
2654 910526.2717907226
2662 910554.2079009466
2676 911119.9036558942
2683 911141.0489358261
2685 911195.9454532129
2690 911567.1541660168
2695 912071.8329560625
2702 912125.8773439995
2703 912306.9677057005
2707 912332.6837689155
2709 912408.3561343004
2713 912539.4943434269
2714 912906.0197601438
2720 913032.1516152254
2727 914160.1736925765
2745 914336.3404460590
2751 914341.1364239227
2753 914790.8714164265
2754 915816.6809726062
2770 915936.7157471458
2777 916240.6103721756
2786 916339.4459261163
2788 916567.8596566914
2789 916621.0938509541
2793 916652.3064768388
2797 917096.1376737825
2802 917326.5952633659
2803 917772.0059121117
2838 918805.5115371594
2840 918935.5418650536
2867 918975.2179600706
2874 919056.3671942431
2880 919226.0730494871
2890 919323.2195716141
2898 919431.9295797190
2901 919453.6026817368
2904 919585.9640230286
2908 919663.6073953193
2918 919981.5057484321
2920 920470.4460583888
2930 920989.2794913395
2945 921200.4660650515
2950 921240.1278541947
2956 921272.8466874415
2971 921523.4146072010
2984 921546.3955956656
2986 921712.4546281914
2987 922226.7641107253
2989 922286.9825899353
2991 923104.8813514501
3003 923257.2366340628
3006 923370.2051218875
3022 924519.5506436805
3049 925002.7240137624
3057 925633.4092168397
3072 925887.5909207669
3073 925941.9252283422
3075 926486.3866677647
3097 927534.6163234141
3104 928285.3606165658
3107 928425.2213937398
3120 928499.0179479766
3126 928505.0638726968
3129 929484.5809837084
3143 930488.2372650090
3155 930488.7422707970
3163 931626.6941477481
3170 931649.4475073240
3188 931911.6095153721
3198 932601.6408603694
3200 933061.5256492258
3221 933403.8329201364
3233 933484.1857087995
3239 933701.6863418567
3250 934323.1251766889
3252 934956.7795424840
3272 935554.6934192916
3280 935691.6120868460
3288 935737.8523095723
3294 935838.8570245749
3303 936293.9463175576
3304 936729.5383105623
3319 937232.2720995520
3326 937639.7569427441
3336 937690.6390313011
3338 937777.6464235330
3339 937963.3967400242
3343 938294.1512572792
3346 938820.4191088871
3364 938911.2913687965
3369 939138.1755058032
3377 939583.9678913464
3382 940944.6813266490
3394 941190.3201201962
3405 941323.4003120041
3409 941518.8074209928
3411 941957.2766447386
3430 941985.2266004652
3431 942338.0279613585
3433 942437.9275253828
3437 942818.3097133485
3444 944327.3524769734
3452 944958.1452032800
3453 945091.8139158163
3460 945215.1020599676
3461 946043.6058690188
3466 946400.2752026749
3477 947344.9132440758
3498 947366.7846384357
3504 947928.9000956339
3509 948699.9594099525
3540 948835.8984458122
3541 949283.9073251130
3548 949692.0884350329
3552 950360.6518532232
3568 950738.7290171995
3590 951092.9101457662
3602 951470.9859672006
3618 951677.8077524593
3635 951929.4514882906
3639 952632.4271369041
3643 952761.9338138916
3657 952879.6508874398
3660 953000.3958573645
3664 953237.3876943312
3671 953257.5953347369
3674 953346.2500326362
3681 954031.8412790516
3689 954108.6932052996
3710 954490.5409551436
3719 954794.2794897917
3720 954945.4999843184
3744 955306.8045158808
3751 955526.0755281303
3754 955977.5637444882
3767 956326.2157106058
3774 956476.0732697294
3785 956760.1989831137
3787 956852.7038407919
3793 957096.3520142733
3798 957472.9806645273
3803 958473.7573767592
3831 958659.0020259588
3841 959324.7495494183
3846 959391.2683321071
3856 960237.0231011318
3871 960856.3619488517
3891 961227.7265707295
3899 961456.9273287457
3907 961828.2917521935
3908 961978.5394762774
3913 962464.1393456442
3920 962512.1246265593
3924 962632.0610960086
3928 962690.4708550065
3944 962970.7031113461
3947 963212.0818005394
3948 963492.3138358806
3967 963630.0492724119
3987 964556.2980843204
4012 964741.2189230515
4013 965019.4677689708
4014 965057.0305646508
4028 965265.2731514277
4038 965519.8696901294
4039 966147.1533046797
4040 967347.5153401679
4053 968301.4887566596
4068 969030.7921736898
4071 969101.3584868052
4084 969370.3719779968
4091 969448.8305382902
4093 970772.2008871289
4106 971605.1415326477
4113 971683.7513767291
4114 972362.7723822839
4123 972893.4463157010
4128 972920.2884680385
4129 973562.5532423134
4138 973677.9144905494
4139 974320.1754301925
4148 974702.8366559608
4149 975121.6440832042
4160 975215.8618847964
4167 975500.1754842238
4174 975918.9737819319
4198 976911.1999983666
4215 977037.7427817684
4224 977124.8247856305
4225 977225.4837670291
4229 977538.9124796382
4230 978398.4382828132
4237 978481.0015270422
4247 979348.2232899610
4274 980543.7004329808
4278 980873.6220237411
4287 981559.3898015871
4310 981994.4884926557
4321 981997.1694432676
4329 982101.6614428170
4335 983121.5177107665
4340 983440.5772175236
4355 983500.0888784409
4360 983807.2435801575
4361 983954.9128505912
4371 984523.3957453684
4388 984742.8871197115
4402 985287.5798544947
4412 986409.4148870826
4422 986416.4028331077
4427 986773.9126649379
4434 987228.7957405818
4447 987246.1118416574
4451 987573.2136602349
4460 987640.6002378258
4463 988100.4637216647
4468 989088.7020768689
4492 989147.2837895592
4493 989245.5375013002
4495 989612.5679722195
4498 989784.7593766347
4500 990583.3844071848
4509 990806.7157933534
4517 991255.3815914821
4536 992122.7203378413
4550 992244.7440072759
4559 992346.0486486016
4564 992677.4386153672
4574 992892.9052660014
4576 993493.9779848214
4584 994047.9746779744
4604 994107.1294451766
4605 994680.5118549367
4636 994781.0913414367
4642 995211.1266431038
4650 995248.8672757579
4653 996202.3288784645
4670 996210.5339636185
4684 996265.8919730479
4687 997171.1558642049
4695 997179.3608698669
4709 998082.9216944242
4728 998464.9561221886
4731 999499.8050284752
4760 999851.9500101492
4766 1000598.9005403277
4779 1001045.0287131573
4812 1001098.8280951517
4824 1001671.7020158189
4833 1001725.5018275277
4850 1002171.6236136266
4878 1002552.3621277015
4881 1003103.9428452996
4898 1003281.0024797856
4906 1003652.4300587844
4914 1003860.8813837237
4924 1003876.3527269105
4925 1004311.7933933733
4935 1004388.5838310972
4938 1004749.9122117413
4951 1004800.6228202715
4959 1004918.5912787389
4965 1005056.7457701885
4970 1005188.1539187859
4981 1006305.0584340632
5004 1007340.9927410224
5010 1007506.2306460270
5023 1008029.5955403312
5039 1008754.9463511674
5051 1008989.2507700115
5064 1008997.1865159947
5065 1009278.3098453260
5078 1010207.1515350097
5094 1010383.3745696332
5097 1010447.3302841764
5100 1011309.6679055671
5105 1011639.7588505005
5108 1012092.6303996177
5117 1012437.3337950532
5135 1013016.7598584009
5136 1013573.0228358777
5140 1013788.9183381678
5151 1014444.9463585425
5156 1014672.9158246949
5161 1015062.7494647052
5173 1015574.2569646266
5201 1015915.8227500287
5205 1016268.6911703243
5212 1016287.8118136693
5224 1016664.8515625979
5226 1016734.8993363462
5231 1016783.2941252169
5232 1017411.5709179664
5242 1017912.5856295818
5246 1018435.1612335264
5262 1019047.0094775293
5296 1019332.8488233837
5300 1019368.9278543289
5307 1019475.9107910872
5310 1019580.5396273101
5317 1019799.8669604894
5323 1019880.3882490227
5329 1020016.4856942678
5332 1020204.3495981212
5333 1020492.2264303613
5340 1020669.0041251549
5351 1021220.5055622812
5356 1021383.7775270540
5370 1022121.2555389360
5384 1022680.9804743096
5388 1023298.0577461135
5395 1023469.6614705006
5406 1023784.7999590473
5418 1023875.6081162756
5423 1023883.5780831832
5424 1024454.9326236384
5432 1024582.4124717937
5435 1024613.8057556646
5444 1025520.9045059220
5463 1025923.8120078413
5464 1026167.0767937426
5465 1026903.0011319584
5476 1027262.8165180457
5501 1027850.2539857888
5507 1028210.0684877876
5521 1028515.2645387627
5529 1028626.4036318003
5531 1028933.4388510564
5535 1028959.9026970635
5539 1028984.2686385645
5553 1029152.9927703196
5561 1029238.6287609594
5582 1029880.4450416903
5589 1029965.0761118607
5608 1030035.7395192343
5632 1030436.5956581414
5634 1030746.8048643235
5649 1031518.9982205990
5656 1032003.7565706171
5680 1032705.6048737831
5703 1033034.2428607839
5704 1033682.4258484405
5740 1033949.1098601718
5750 1034138.1476913647
5751 1034597.2956344474
5753 1034925.9288219673
5762 1035232.3269962459
5792 1035398.5839882472
5796 1035501.0886240827
5805 1035846.4950704820
5811 1035900.5656810970
5820 1036229.4545123652
5828 1036943.9646748283
5839 1037595.9440804905
5846 1038121.1580105106
5878 1038996.4474035469
5903 1039353.0581219635
5906 1039364.5296610323
5908 1039641.7493206329
5909 1039920.6593727865
5913 1040117.6178744561
5940 1040161.2413031070
5945 1040441.8718118843
5951 1041057.5863392510
5968 1041865.4251509454
5997 1041920.1026698700
6001 1042358.8463454817
6003 1042534.0689487942
6006 1043082.1100114620
6024 1043262.5835875211
6031 1043477.8554445442
6037 1043721.6710981239
6039 1043903.8803923960
6050 1043919.1956002454
6055 1044588.5014379764
6066 1044592.3008302092
6070 1044879.5774335836
6075 1045008.5530221409
6089 1045442.0751342870
6094 1045968.0995064856
6104 1046254.7747000350
6121 1046263.4126877282
6132 1047299.1608613686
6155 1047670.0035542002
6163 1047881.4187991044
6165 1048124.4339049107
6183 1048504.8567088465
6191 1048701.3285178756
6200 1049155.7391762463
6205 1049480.1756539808
6226 1049484.7889158807
6242 1049568.1454514493
6248 1049651.6248707422
6253 1049779.7421646328
6268 1049951.1840250469
6271 1050031.2548639604
6273 1051014.8106798327
6298 1051473.8479855096
6302 1052243.6603310904
6318 1052578.6491946138
6345 1052701.5989159821
6346 1052999.2787574169
6350 1053002.8414045312
6368 1053241.2434996094
6378 1053469.6480524938
6385 1053473.2084500846
6387 1053591.8771112578
6389 1053735.0196412934
6396 1053827.4035210514
6407 1054414.1402539625
6411 1054452.1251713627
6420 1054806.3165027425
6431 1055463.0060843900
6447 1055731.7460803199
6448 1055872.5709868260
6454 1056312.0227750200
6470 1056706.2292197519
6474 1057371.9016027055
6480 1057376.0373964130
6486 1057577.7131934143
6490 1058800.3697234537
6505 1058858.8004497006
6514 1059030.7210363317
6536 1059552.4461866955
6550 1059955.5518451429
6557 1059994.1421973167
6560 1060159.4714973147
6571 1060863.3405413346
6583 1061519.8308270166
6586 1062356.4521657857
6593 1063050.0845597952
6616 1063496.1017629462
6623 1063770.4196720067
6628 1063872.3050859605
6631 1064657.6010318962
6638 1065278.9907839852
6665 1065441.8307828570
6666 1066160.9924206825
6685 1066323.8302015541
6708 1067091.8500725403
6720 1067254.6876571139
6748 1067913.3090610693
6761 1068191.2679084267
6762 1068642.4569327224
6763 1068701.3972447619
6766 1068849.8867296176
6769 1068854.5433614585
6771 1069003.0334725382
6773 1069012.3122354606
6777 1069610.5470182761
6780 1069710.1989631813
6794 1069849.0066281655
6796 1069999.8573538633
6802 1070829.3666217630
6815 1071218.6712463510
6822 1071974.6615646433
6832 1072196.5709074566
6834 1072585.8682557454
6842 1072860.7171877059
6863 1073029.8265438038
6870 1073057.6625389541
6873 1073122.8223540536
6877 1073761.8641299373
6893 1074027.9690659191
6910 1074688.6212409756
6922 1074757.1349081264
6936 1074846.0873794656
6940 1074873.9219498113
6950 1074954.7188658130
6953 1075015.5364293137
6961 1075125.0329337884
6968 1075583.5334694283
6972 1075692.1570624697
6975 1076271.9140928988
6984 1076596.8082580853
6990 1076969.5884156257
7000 1077308.2894451332
7007 1077410.8912620775
7030 1077464.2872019392
7032 1077764.3221765838
7043 1078122.3717495052
7048 1078211.3237030164
7058 1078578.3999342304
7064 1078667.3517520123
7071 1079583.2389638238
7085 1079998.7103509719
7088 1080438.0621447938
7102 1080449.2048671849
7112 1080990.6504360775
7149 1081002.2010893093
7164 1081176.0627399129
7167 1081265.0142278736
7169 1081581.0178705577
7171 1081594.3779242910
7186 1081946.1415141337
7194 1082494.2054069256
7211 1082879.4432941368
7220 1083011.3631569201
7222 1083176.0465598125
7240 1083274.1747219353
7242 1083815.6121406083
7267 1084191.2944758921
7325 1084860.2239777509
7339 1085178.6440681671
7349 1086049.2915252962
7356 1086572.1676047971
7358 1086718.1186178462
7373 1086816.4598578427
7376 1086898.5122865743
7380 1087216.9309596035
7385 1087461.2256236637
7394 1087928.8552074458
7398 1088419.6694944210
7405 1088768.7456397479
7414 1089233.9045197796
7417 1089554.0435090840
7428 1089733.4582690853
7439 1090053.5967868490
7456 1090167.3549991020
7460 1090219.9230384361
7464 1090540.0606076149
7484 1090653.8147749181
7490 1091106.6084054750
7498 1091457.6640762053
7520 1091591.0570953949
7524 1091695.5811838103
7526 1092275.8374647186
7529 1092302.7305794102
7530 1092855.0519926085
7541 1092921.2031154109
7543 1093155.2490768756
7545 1093454.9936542383
7548 1093826.3659996875
7569 1094130.5205382500
7584 1094168.6310456160
7590 1094207.2529642868
7604 1094245.3549767456
7606 1094789.7136562113
7631 1095234.8106954547
7635 1096069.5460689187
7636 1096705.0087617612
7650 1096975.7662872730
7652 1097309.4569126626
7665 1098114.8881274692
7697 1098348.6106044615
7705 1098411.0891504611
7708 1098719.3075464489
7711 1099909.9081131609
7746 1100045.1552960372
7748 1100731.2463777165
7761 1100944.8941429215
7765 1101679.4087496020
7784 1102719.8272029986
7806 1103123.1836536482
7827 1103401.2289613998
7832 1103468.2091988181
7842 1103641.1303770822
7860 1103879.9489198083
7870 1104082.8001417387
7875 1104491.7546656036
7896 1104730.5724246267
7899 1105502.1669615153
7915 1105549.1139703605
7924 1105787.9314171087
7927 1105801.4039174584
7936 1106276.2080833705
7937 1106331.2569083059
7947 1106387.1688755301
7949 1106457.6692762859
7962 1106899.3209077811
7965 1107246.3736429957
7992 1107261.1815149281
8006 1107580.1494570167
8013 1107913.8591812472
8017 1108232.8121517845
8068 1108425.4775307272
8073 1108551.8468948009
8074 1108918.1331709737
8082 1109427.9972510415
8110 1109648.7290154216
8115 1109755.5785544238
8128 1109809.0371989545
8132 1110148.4249662189
8154 1110201.8876928748
8155 1110431.6145050572
8157 1110527.8287697136
8168 1111254.4019600200
8188 1111414.6802542112
8201 1111887.1802649579
8204 1112109.6395810610
8222 1112742.4176226174
8239 1112905.7506238283
8244 1113027.0407548996
8249 1113045.3068316020
8255 1113213.5431662572
8258 1113382.4575674159
8259 1113506.9953179120
8261 1113927.3529525823
8276 1114037.9769155115
8288 1114425.8775467011
8297 1114622.2271595958
8318 1115357.0196049965
8321 1115653.4266160792
8328 1115862.8085750898
8340 1116068.1125223406
8341 1116322.7170496134
8348 1116540.1051843844
8353 1116869.9770512639
8362 1117882.3442374119
8369 1118431.4186348976
8378 1118604.5961927217
8379 1118708.9212960394
8384 1118769.0312806319
8385 1118927.9878053025
8390 1119044.8495799634
8395 1119212.9430709982
8396 1119418.2294217562
8419 1119489.4805581954
8425 1119757.9355307906
8432 1120446.7903323122
8441 1120455.3396741007
8445 1120589.3138296404
8453 1120861.7653206091
8476 1121004.2839729558
8491 1121057.6380838470
8494 1121417.7533470797
8500 1121578.2170863550
8508 1122266.5461041238
8517 1122595.3596919165
8519 1122676.0271173478
8535 1123037.6718141211
8537 1123055.1398812456
8540 1123182.2561993070
8552 1123266.4248499251
8553 1123673.8711020353
8577 1123854.2821884272
8584 1123975.0684261557
8590 1124033.7038633870
8594 1124273.1619118289
8596 1124849.3125416338
8616 1124865.7850955795
8623 1124923.3046539528
8642 1124939.7808992984
8644 1125732.0212225798
8646 1125799.9284841395
8650 1125928.6343224733
8656 1126138.0748128691
8673 1126696.3573732802
8690 1126759.5883222835
8696 1127082.0026853345
8710 1127145.2328604248
8728 1127273.4318218601
8734 1127774.0007281268
8737 1127801.7041685604
8740 1128026.6402719957
8741 1128245.7816120624
8752 1128363.8261048573
8755 1128746.3287548982
8762 1128777.7537641055
8766 1129084.1272328873
8776 1129729.2849535591
8793 1129731.6157036370
8798 1130418.1384324133
8803 1130577.3505992617
8814 1130638.9042337090
8833 1131013.7222515810
8839 1131493.7028868466
8842 1131555.2554848574
8854 1131620.3540600464
8857 1131864.9691179134
8886 1132508.4508207948
8890 1132885.8795248827
8901 1132976.6296015843
8905 1133375.2967934841
8927 1133630.7061762507
8929 1134291.7957910264
8963 1134592.3516847955
8973 1134948.2840589355
8987 1135260.4638680536
8998 1135980.4844249259
9025 1136487.7171149179
9030 1136574.9598616690
9045 1136575.8323656628
9047 1136609.3507532121
9054 1136704.9787717960
9055 1136802.5204452951
9061 1137816.4569430493
9078 1138451.7489852358
9089 1138536.9931249560
9091 1139225.6060937075
9098 1139310.8385613919
9106 1139971.4605766023
9111 1140103.1008420477
9117 1140336.9246445110
9118 1140684.9607512332
9121 1140848.4688700591
9143 1140991.0627322143
9175 1141047.1197960284
9181 1141095.4474696419
9187 1141262.0761702359
9194 1141460.7272802838
9198 1141810.2419111126
9221 1141955.8350067998
9224 1142094.6061130597
9225 1142223.8484297970
9231 1142426.1058431433
9237 1142462.6938548083
9245 1142491.9346833893
9249 1142557.1429429990
9256 1142772.4433706130
9257 1142941.5385408422
9277 1143158.6441943371
9299 1143285.3538576667
9318 1144173.4975308161
9340 1144198.6872944641
9347 1144232.9935508610
9352 1144824.1965512079
9359 1144863.3848857905
9363 1144949.8671604176
9369 1144982.2277987136
9371 1145041.6731192563
9388 1145063.4570490033
9396 1145736.9773725308
9417 1145977.0974806959
9435 1145985.5178017954
9444 1146168.1734604812
9448 1146449.4285739895
9456 1146725.3327608418
9459 1147489.8619542234
9475 1147764.6698711272
9485 1148900.1325782626
9509 1149187.1314363552
9512 1149530.5701402586
9515 1149594.6603981566
9529 1149689.4445844186
9538 1149889.7909846148
9561 1149907.9864434237
9579 1150088.8063182393
9614 1150861.2237781584
9623 1150981.1849351274
9634 1150988.1470945589
9642 1151674.1313447426
9651 1152568.8575557421
9659 1152940.7962609897
9664 1153045.2196142492
9670 1153080.9406048299
9672 1153646.3077263059
9680 1154033.2504259907
9690 1154072.9229676169
9692 1154085.8304020120
9693 1154622.4320169031
9697 1154760.3052932473
9698 1154947.2032039373
9701 1155285.1686356068
9702 1155533.4270327606
9716 1156002.4691077026
9722 1156131.0955791858
9724 1156172.1126526752
9731 1156903.2923817700
9745 1157006.4421333375
9752 1157266.0823241370
9763 1157936.0548929865
9789 1158681.6199199702
9796 1158876.1413666492
9804 1159153.6281763460
9808 1159348.1476964965
9825 1159852.0341100015
9839 1159952.4585164925
9882 1160466.3178275169
9917 1160641.1028601301
9925 1161311.2576788336
9937 1161642.1795010779
9947 1162201.1859355418
9957 1162407.4808431240
9958 1162595.0745432116
9971 1162908.8942203233
9982 1163043.2586036271
9986 1163327.0557206830
10010 1163640.8701268041
evaluations raw_y
1 663092.8024428559
2 686891.7063793244
4 701620.0222488196
18 701940.9319371824
23 710230.2828416425
28 714034.9751418291
38 723086.5367368888
57 728011.3657391982
68 734477.1802512574
72 741939.5792982616
88 746528.0600807886
91 747956.3466543646
105 754538.7114896077
114 755239.9795893171
121 755275.7883019791
125 756248.1722987599
130 756903.1180056385
131 756904.1784729905
141 757542.5736416143
142 758932.6352117836
150 760175.7887167659
152 764215.6207031709
181 765338.9351258462
182 767234.0271849545
191 767798.2669024831
193 768882.8793865831
218 769976.9796637674
225 770104.4598035375
229 771721.9843670843
237 772100.2251305693
239 772539.0929258248
253 773563.1890829568
266 775809.0282854786
293 775935.8719403703
301 776971.3090556398
307 777538.9335747455
310 778032.5035543630
333 778778.2471121261
335 778779.8383926525
341 779775.1446510819
348 780158.8015580740
353 780383.8891994129
372 781125.5152658563
380 781456.8859128194
392 781659.5540737204
401 782014.4658556272
405 782232.5614652974
408 782467.5835999255
414 782470.2289042533
416 782966.6964670260
418 782969.3429920551
426 783305.1602053224
439 783773.8520698508
461 784744.3432047000
495 785165.5664905576
498 785317.2569736603
501 785413.0430821228
506 785761.6972295999
507 786082.1866360067
511 786363.2156133412
512 786731.5102631447
519 787614.6845818328
522 787757.3838609181
536 788022.1713570987
543 789108.0241915798
551 789671.3926432490
573 789916.6586860216
575 790272.2173384411
576 790407.2662103865
579 790465.6771846930
584 792460.0442747392
591 793256.2199727887
611 793831.9445666269
616 794150.6057701826
628 794701.6444699692
630 794708.9870679820
634 795037.5430763654
637 795168.9364479411
648 795648.2339944722
663 796529.1702659022
690 796904.9570459054
691 797186.2624457347
700 797437.5445797594
709 797506.8957494558
713 797908.2199640690
715 799484.1398932621
722 799680.0807154649
733 800660.6363536096
747 801942.4142950673
779 801942.6173496925
785 803137.8358304743
799 803726.2752463155
803 803890.2469571104
809 803951.8334953937
810 804083.4505011005
814 804691.7504883560
826 804849.2468668541
829 804887.7002877003
831 805926.8136800936
842 806303.4854958279
844 807036.3936167922
865 807853.0787761268
873 808550.6183553907
888 808579.7797974728
890 809400.3438952314
898 809478.0512629590
900 810184.0348243235
902 810577.2603311292
905 810838.7573192875
915 811245.7482271048
921 812048.8448236175
922 812170.2315432205
927 812941.6597338680
930 813554.3781869120
943 813625.4113759490
948 814234.1565005175
950 814795.3987432071
960 815641.6753709224
970 816260.1469928814
990 816565.4630396031
998 816893.6376092189
1006 817345.5073022277
1020 818154.0022447759
1027 818362.3321334108
1042 819084.6825080664
1050 819339.9548691054
1069 819938.2520647446
1073 820044.7478572804
1084 820952.0004109916
1094 822004.4521033684
1110 822335.9627476125
1122 822612.7014503019
1123 823264.6830763808
1132 824239.0386640389
1152 824251.2471693362
1157 824274.1853293807
1158 824364.9023696797
1160 824582.2540958859
1163 824911.5647414747
1176 825118.8295698987
1194 825561.8386607808
1196 826819.2708849222
1208 827620.8362199303
1214 828272.8176220438
1221 828406.4419961075
1227 828716.9503582979
1230 829034.1116996274
1231 829163.7876703450
1243 830067.3044410244
1248 830460.8326320635
1251 830542.4485958967
1256 830920.3427492501
1270 831433.4084838241
1273 832976.1034743922
1290 833086.7805248039
1306 833781.3168679930
1325 834592.5137759196
1330 836874.5325911249
1355 837570.1607186241
1368 837770.1518325260
1386 837841.2659577557
1391 838033.4597471312
1392 838161.4601293360
1394 838694.2002736198
1408 839122.7001874702
1415 839297.7688394322
1416 839651.6997599388
1427 839997.5066782132
1434 840526.5062495265
1438 840549.4328231249
1451 840924.6708425962
1457 841414.6379285017
1476 842252.1758549572
1521 842413.3843356557
1532 843706.7684827429
1565 844192.7850777699
1583 844381.4483182437
1589 844757.8047999700
1598 844817.6168601965
1605 845067.2935879490
1606 845341.4277539675
1608 845524.1097955572
1616 845775.7368411249
1617 845952.0400827300
1619 846190.9481942562
1636 847130.7322393369
1647 847369.6399399062
1660 848032.8820622622
1667 848641.7647377475
1670 848819.2971815149
1673 848876.2471243617
1684 849485.1248686771
1690 849638.9361999655
1713 850243.3845790527
1719 850550.3035716633
1730 851141.0720453588
1746 851159.4056449049
1753 851803.9608886781
1754 852438.6893955460
1755 852457.0199880262
1768 853084.9107375437
1775 853155.9962598487
1781 853405.0528670534
1784 853423.3814334127
1785 854571.2329217939
1806 854727.7879303677
1816 854772.1188383753
1820 854895.3407169464
1832 855167.3081835397
1837 855322.2244895143
1847 855720.9337826257
1857 855989.4330981094
1860 856022.9914033792
1866 856472.3767948868
1890 856601.8684784507
1893 856879.4191751673
1912 857033.3970965924
1913 857253.2703273603
1920 857271.9336649185
1922 857677.3968804736
1931 857850.0340888981
1935 858063.7905141022
1939 858391.2682883806
1946 858496.2204389425
1949 858690.8591501453
1951 859042.9434654716
1952 859152.8296118437
1965 859447.4853017741
1967 860033.2958247289
1985 860038.2268360902
1997 860634.2129713382
2009 860851.6008074001
2012 861499.8914772178
2021 861989.1928136101
2025 862279.1440224154
2031 862375.2714774801
2032 862480.2231806061
2037 863177.1356697327
2053 863266.7907169278
2059 863928.5868480457
2066 863963.7004678713
2074 864804.6350565060
2082 865831.9312321920
2088 866490.7839134488
2103 866914.0236104430
2109 867071.9858539187
2111 867280.9898562345
2127 868271.5657511805
2141 869192.7330704457
2158 869595.2387179470
2163 869679.3560663621
2164 869942.9916271002
2174 870076.5607840738
2175 870495.7412016636
2179 870882.6235923023
2180 870951.3054004705
2185 871125.5431494958
2199 873545.8556394980
2201 874107.3848642228
2211 874718.4124205865
2238 874923.7552015388
2244 875250.4205655259
2245 876084.3867787808
2254 877309.4529174032
2267 877992.3450603295
2287 878353.4284755789
2305 878850.7938869520
2312 879074.4397465552
2328 879211.8774556429
2329 879368.4376751462
2331 879501.6546911830
2332 879954.6750996324
2338 880110.8772310183
2350 880227.6661818355
2357 880967.8308381066
2359 881494.8711131070
2368 881903.9562388359
2374 882024.4294287250
2401 882516.2168013192
2413 882565.9523457510
2424 883395.6137258658
2440 883937.1333133893
2441 884007.8539936845
2445 884668.8986641711
2469 886592.9022096816
2506 886851.5543735870
2507 887529.4751116441
2516 887631.4964523970
2525 887861.1798294168
2527 888987.0005295856
2544 888992.5025879919
2558 889002.6163581057
2560 889259.1150210685
2561 889538.8794855961
2568 889559.6958731589
2569 889749.6132321064
2574 889755.2692927258
2576 890461.6522563177
2584 891761.4357030042
2585 891767.0701568461
2624 891820.8306550895
2625 892899.6408246335
2627 893908.5461682439
2653 894770.1831487110
2657 894811.2178371913
2675 895560.4936866671
2692 896498.7585882870
2704 896835.2012080204
2723 898479.4162404553
2730 899657.2666989075
2747 899715.2154551552
2750 900570.7731925729
2752 900763.2547531914
2761 902119.5928713538
2772 902198.2290477126
2783 903111.3333609883
2799 904630.7541574608
2822 905373.7518884125
2837 906101.9955859998
2851 906286.8398891888
2863 906846.9250517853
2865 907015.0823689309
2880 907167.3478922207
2882 907575.1663639690
2885 908352.0467389203
2908 908395.5999002773
2915 908834.8905540386
2930 908903.6028520104
2932 908936.8490993791
2935 909198.5505797679
2937 909681.3943487071
2941 909781.1882716812
2948 910580.8142345728
2965 910649.5500444014
2967 910816.1602460997
2978 910878.9370057334
2981 911054.3289925327
2990 911057.7792359741
2996 911223.9828516503
3015 911364.4536968863
3022 911501.1898427514
3027 911593.8374136911
3028 911678.5042028336
3030 912352.3085091537
3038 912773.9453510564
3045 912923.5442689511
3061 913119.0301025000
3068 914029.6244936520
3099 915038.6050535149
3117 915600.3132651796
3131 915784.0062373538
3141 916154.3154865158
3144 916310.7541265427
3153 916725.8417559403
3155 916866.1622258632
3168 917177.5385006156
3176 917368.6586585662
3178 918793.3403103728
3198 919070.4243792606
3204 919815.8216169345
3224 920308.3479411795
3227 920317.0294923140
3233 920439.9263962368
3235 921041.1253325486
3238 921297.6274252140
3241 921534.5343512221
3242 921987.9778519360
3248 922853.4361991760
3265 923010.0648783190
3270 923268.0626407868
3272 924372.8269431744
3303 925050.1099361044
3307 925092.8644352005
3311 925241.7238967805
3318 925406.5925389131
3320 926462.1142255443
3338 926865.0856660125
3345 927498.6928118485
3349 927710.8242226763
3356 928083.9316114925
3357 928556.3301827682
3375 928767.4425071845
3386 928907.9646104927
3389 929541.5579327799
3408 930251.1545506456
3413 930386.3181615819
3417 930498.5064805847
3433 930932.2748169769
3443 931310.0876542670
3459 932227.4491277316
3467 932549.0410917641
3475 932584.5124390094
3482 933078.0387172529
3501 933494.7809701737
3514 933924.2546331482
3524 933988.3056009234
3528 934093.1690898711
3530 934646.2902739657
3538 934763.5726689405
3540 935301.6002505702
3543 935473.1380337008
3552 935584.7776121229
3559 935891.4936268290
3561 935949.6330031021
3564 936106.4282152359
3572 936364.4903329123
3574 936772.2240387744
3591 937994.4758627298
3608 938126.8532918446
3622 938381.7331182186
3623 938908.5184648720
3640 939478.9105667860
3643 939749.9984947288
3653 940626.3838171092
3666 941027.4959369687
3682 941131.5251023620
3684 941567.8634454057
3699 942262.0375742589
3708 942384.1940126072
3709 942420.7409050466
3710 942438.8686638837
3711 942755.5635627490
3719 942993.7681376797
3725 943138.5396534211
3736 943601.4474734660
3737 943627.3769823564
3751 944041.1526560549
3761 944614.0095072192
3772 944733.7529041939
3773 944741.6190047484
3774 944985.3770205833
3780 945246.6578835276
3782 945680.6046482854
3789 946150.1086925443
3800 946277.7153677577
3807 946313.2515050063
3811 946782.7544129628
3817 947916.4896221273
3840 948686.3379161771
3868 948794.1679622130
3877 949221.0147956320
3880 949709.1130908524
3886 950026.8472560677
3890 950102.4926361497
3896 950593.2717187778
3900 951401.9322572780
3904 952104.2160145511
3935 952167.7293279846
3942 952223.9932880067
3949 952687.1299851623
3955 953192.0812379282
3968 954413.4940471996
3971 954612.1411975709
3986 954899.2507259429
3999 954967.4726148373
4006 955220.7942833598
4025 955550.1433525963
4036 955763.4738241723
4038 955837.2406727774
4057 955879.0510040991
4058 956593.4387108762
4074 957463.9020125270
4087 957587.4605256647
4094 957932.7189240326
4103 958598.3419058300
4108 959088.7280564564
4115 959201.2418943999
4122 960693.8943980625
4134 961458.0394323403
4172 961803.5703478006
4177 962017.7745435494
4181 962029.4626253650
4182 962404.1811097959
4184 962669.2612691774
4198 963355.0815928644
4205 963480.3981138110
4219 963682.7719323121
4220 963956.8748874398
4228 964185.7601140116
4231 964205.7226330456
4232 965102.9380478819
4236 965269.3302531639
4248 966718.6717685502
4289 967194.8968759095
4291 967511.9958631555
4299 967561.1791558912
4308 967597.4430695482
4309 967847.7652894576
4315 968010.9605905139
4325 968361.5407583296
4326 968460.0349589571
4327 968726.1202673166
4332 968961.0251346016
4335 968980.1473194222
4337 969518.5116364926
4338 969526.7635796865
4351 970351.3992220445
4354 970394.2815939919
4359 970577.1991822527
4362 971209.4080856700
4363 971396.9881685741
4376 971579.9591458880
4387 972341.3233075632
4393 972424.2376684634
4408 972485.4738834872
4417 972751.9082249852
4428 972924.6701974719
4440 973286.1844897366
4469 973520.6604499974
4476 973619.6538900944
4486 973903.1590840288
4489 974163.2726818181
4497 974446.7777476907
4512 975307.3899995688
4534 975353.3488218366
4537 975770.6213825512
4539 975811.9651325240
4549 975846.1263436581
4558 976652.3751797180
4566 977105.2481998124
4572 977330.9435320809
4576 977643.9834882722
4593 978298.2236483612
4600 979168.0212819665
4608 979512.3262093640
4612 979777.4221991750
4625 980119.0437647104
4626 980563.5276380151
4632 980573.3107316334
4634 981101.3794832892
4642 981380.7825305297
4664 981577.8975744247
4674 981812.9333020388
4675 982637.4109669365
4684 983558.5456912823
4686 983843.9191183154
4694 984198.0574628825
4700 986106.8605226990
4710 986253.3527305330
4717 986838.7479324971
4725 988013.7692661720
4748 988134.4108037711
4753 988298.5258314619
4762 988948.5335183321
4780 990027.3200557465
4814 990756.6628217867
4833 991421.3793146834
4837 991543.5869422851
4843 991797.9781721745
4845 993291.4934072071
4865 994150.0480931209
4880 994272.2458043394
4887 995376.5736047494
4896 995453.9717370715
4904 995961.7915742294
4914 996030.6958673107
4924 996160.4386295842
4930 996305.2023828684
4933 996632.0446439076
4937 996907.0551125872
4938 997145.0694273214
4941 997343.7097138524
4962 997817.3647541093
4984 997832.9382846146
4989 997998.1141163030
4996 998485.5187035867
4998 998665.9398054555
5001 998699.9693624568
5005 999000.8613345302
5019 999987.1281893671
5031 1000221.6325535731
5042 1000224.0949756037
5047 1000293.8710409764
5048 1000482.0263115865
5059 1000952.7475679815
5074 1001127.6391525874
5079 1001133.4626784881
5104 1001244.6704071960
5110 1002663.4591877161
5112 1002792.2700024047
5130 1003792.0967994139
5135 1004537.4364394560
5141 1005398.6318940457
5156 1005411.1276707856
5157 1005625.1147673838
5158 1005810.8534162641
5171 1005823.3482062173
5176 1006216.7545825271
5193 1006299.8903793094
5196 1006311.5613861064
5207 1006514.0898248625
5211 1006792.3402717978
5215 1007015.4973999562
5217 1008328.0561822886
5236 1008437.7829189417
5244 1009251.4675990971
5254 1009405.4495743585
5262 1009411.9479919173
5269 1009898.6653620719
5283 1010054.5052041183
5288 1010415.7645849542
5290 1010475.1597895543
5292 1010484.2697696529
5293 1010629.1365298482
5303 1011342.9357090645
5305 1011498.7723793103
5318 1011530.6857541399
5329 1012345.5951037020
5348 1013021.7404436955
5360 1013118.2991271372
5364 1013209.4887561194
5369 1013540.8240856087
5376 1013982.1852963554
5394 1014167.1159381787
5399 1014850.5090449402
5407 1015684.6938838728
5410 1016831.7037782281
5444 1018477.7596142822
5479 1018590.2329933953
5500 1018863.7359300202
5501 1018909.8438340351
5502 1020372.6911103245
5511 1020933.5837053891
5538 1021113.4973943700
5580 1021753.0764396181
5586 1021764.6429766025
5595 1022146.6993656516
5601 1022243.8455739296
5612 1022404.2198043969
5613 1022898.8881356053
5619 1022923.1385937314
5627 1023145.0594506919
5628 1023567.0037539140
5634 1023671.2871710542
5653 1023769.5356606678
5659 1024201.7855665395
5665 1024280.9709211801
5669 1024421.8676850904
5671 1024805.4091479669
5692 1025753.9567452547
5705 1025828.7634382040
5718 1026197.7836107108
5727 1026413.3364090375
5731 1026711.1027276230
5741 1027060.6508642605
5755 1027354.6701714080
5758 1027611.2074479843
5768 1027687.2325911464
5777 1027790.1430662725
5778 1028029.4793891131
5795 1028285.6279580781
5796 1028311.3534476184
5799 1028415.9505230631
5803 1028464.9523751886
5805 1028520.2263671161
5825 1028553.2909475032
5827 1028581.2734690497
5828 1028792.6136437542
5831 1028896.9440866268
5832 1029149.6725405974
5842 1029206.1285058422
5849 1029620.3307516021
5880 1029700.3590008339
5894 1030040.8772861392
5906 1030536.8931149698
5922 1031011.3222776575
5927 1031242.0112816049
5935 1032063.8060095772
5954 1032225.2597633359
5955 1033047.0511049682
5965 1033291.0755686184
5970 1033574.2562048458
5992 1033999.2302560669
5993 1034158.1876578745
5995 1034206.5495832911
6000 1034290.1126083947
6031 1034671.7890407487
6039 1035302.8799005524
6075 1035322.9206538247
6084 1035411.1969359686
6087 1035667.2704099253
6090 1036228.9331940844
6095 1036645.0109572608
6122 1037012.5244248587
6129 1037177.4049260090
6131 1037879.3679832619
6136 1038184.8427001492
6141 1038270.1132116147
6147 1038293.2189398701
6153 1038801.2831866175
6154 1039208.9529452249
6170 1039405.6937616451
6174 1039564.8315720565
6176 1039660.0397362935
6177 1039701.3521161660
6190 1039760.9954787137
6194 1039995.1664798640
6195 1040271.8748070330
6196 1040643.6303681862
6211 1040875.3977592837
6212 1041440.3156576524
6228 1041478.2036659814
6230 1041525.5021399830
6233 1041778.2142940742
6237 1041980.9468108964
6243 1042164.3743702309
6250 1042330.3662106893
6251 1043156.6271219420
6264 1043247.7348072516
6266 1043256.2421111419
6267 1043263.1835370918
6272 1043299.1244259671
6276 1044048.4937126940
6283 1044799.7089390119
6300 1045485.1410461155
6319 1045729.4907293146
6326 1045741.6158601649
6328 1045815.2988118003
6341 1045886.5104248520
6344 1046340.5335295611
6348 1046726.0899503218
6375 1047067.9219235164
6381 1047510.2824198181
6382 1047688.1770291872
6395 1047957.2368347223
6398 1048079.0277039176
6407 1048087.8358150339
6415 1049149.4772893954
6422 1049336.1019934600
6429 1049628.1331360932
6434 1049688.1143041111
6440 1049692.2908252580
6447 1050004.1875059630
6449 1050236.0631185842
6455 1050530.3815881603
6464 1050791.9335924853
6465 1051211.1133031228
6471 1051356.6611308914
6475 1051738.0075460584
6480 1052849.7543858874
6487 1052868.9322860711
6494 1053091.7311220570
6495 1053407.6431070112
6506 1053613.0174029071
6507 1053613.6752265138
6510 1053803.3127449264
6515 1053839.1607095951
6516 1054276.5079369436
6522 1054550.9661082884
6531 1054594.3412486359
6533 1054786.1664623606
6539 1055069.2206400821
6540 1055952.1674901103
6558 1056243.9150914494
6561 1056886.1601461454
6566 1057445.0936295367
6577 1057466.9033651755
6591 1058378.8275927228
6608 1059172.1020256919
6613 1059422.6451639372
6623 1060456.0375707156
6624 1060555.9990520868
6643 1060700.4745664462
6653 1060902.7216401370
6671 1061256.7341568207
6674 1061422.6788375783
6685 1061522.6399486307
6695 1061964.2901320192
6700 1062031.5871985876
6707 1062032.0280441458
6718 1062187.6231612687
6723 1062623.9805988732
6724 1062974.7490095401
6732 1063180.1610532794
6733 1063324.1769560424
6745 1063890.0795469636
6749 1064360.7116612950
6790 1064798.8530034807
6832 1065445.0210192448
6833 1065663.1915550516
6864 1066544.9794851204
6932 1066959.0169736019
6949 1066971.7285033467
6953 1067282.1643608622
6962 1067600.4908399652
6965 1067675.4500806304
6967 1068304.2056372240
6993 1068594.7695149099
7012 1068739.6949973768
7020 1068806.1599208789
7031 1068939.4619077537
7040 1069230.0174649989
7055 1069463.3277114509
7088 1069844.0291015964
7095 1069854.7552487610
7099 1070450.2938402209
7101 1070563.7552145419
7110 1070572.1240603072
7114 1070737.5131900262
7118 1070769.8183971311
7120 1070783.1062392185
7130 1070948.7018710091
7137 1071167.6554676988
7140 1071333.0432272875
7158 1071653.1329260936
7162 1071972.3983800968
7166 1072292.4872264080
7189 1072535.9244014299
7192 1073138.0718983659
7199 1073728.4791645396
7232 1073881.4342911621
7244 1074013.2058311345
7247 1074048.5647712378
7263 1074635.7230678459
7273 1074719.6519577936
7281 1074754.9982442216
7291 1075025.9036076581
7293 1075330.0187958935
7300 1075682.7089434096
7302 1075718.0519684646
7314 1075979.7260357731
7326 1076798.5341095054
7350 1077334.9927137876
7365 1077514.6042625066
7370 1078272.4424305216
7379 1078295.0762269176
7390 1078477.6495623940
7398 1078713.3224022184
7399 1079124.7712188028
7416 1079184.3464636046
7426 1079206.9561473725
7427 1079447.1169242605
7430 1079762.6834360799
7433 1079841.7805342085
7439 1079908.3129039181
7449 1080290.2213273405
7455 1080636.9282970675
7461 1080653.6704896302
7470 1080959.2561772796
7471 1081273.2230888908
7485 1081344.9290905953
7486 1081560.9136687338
7488 1081828.9023479538
7492 1082305.8947180391
7508 1082657.9224100565
7512 1083227.1373011915
7517 1083272.1390277650
7523 1083731.1830640521
7552 1084076.0755249013
7557 1084169.3624595837
7573 1084433.3896178554
7591 1084461.1581977471
7594 1084731.8946502062
7609 1084822.6802363459
7624 1085216.3940509658
7641 1085481.9767843809
7643 1085488.5312105927
7644 1085516.7429400575
7655 1085711.5808367422
7660 1085716.7293538011
7667 1086445.9112076126
7675 1086459.3270864058
7679 1086614.2619344145
7686 1087255.9397429652
7693 1088128.9960319151
7712 1088497.8812600456
7721 1088602.1801703731
7723 1088687.6906723313
7735 1089171.3458311567
7749 1089601.6719071190
7769 1089753.5451606149
7770 1089870.3131591666
7774 1089892.1634852232
7783 1090699.1988000295
7786 1090721.0508350721
7800 1091147.6635776989
7802 1091554.0765571140
7813 1091578.0918133212
7818 1091976.5468472557
7830 1092368.1246653311
7834 1092712.9960007647
7855 1093710.6716331330
7885 1094575.0305303342
7898 1094966.5896277349
7905 1095446.0617560989
7907 1095872.8109725832
7929 1096560.9646172919
7951 1096869.8822128957
7995 1097088.2466801300
7998 1097847.4739347298
8016 1097993.6108222634
8017 1098065.8351521455
8030 1098347.9638475247
8038 1098591.0907733939
8039 1098679.9794404588
8053 1099215.1016594016
8068 1099386.0040416173
8074 1099516.3536502633
8081 1100130.4937831888
8083 1100286.8021936966
8126 1101037.3393745574
8151 1101520.0816293871
8155 1101694.4610662507
8161 1102071.6057044184
8169 1102456.7851529797
8176 1102583.0528284214
8206 1102944.3064577999
8209 1103324.3018487822
8211 1103492.5404408337
8214 1103534.2214030190
8220 1103817.6838144904
8233 1104429.6881850280
8243 1104738.4571683959
8244 1104800.7068088902
8249 1105626.5433809259
8259 1106381.7411771903
8260 1106882.7026836039
8268 1107073.1645645653
8279 1107356.1869676281
8291 1108655.5047222881
8326 1108725.5154250397
8329 1109095.3661597800
8340 1109119.5869585839
8341 1110062.2151674367
8348 1110670.7670309194
8357 1110834.7797064560
8369 1110923.6787562536
8386 1111110.0029386994
8399 1111114.5454184688
8400 1111387.1332259153
8408 1111641.1541741325
8409 1111897.3907937622
8427 1112472.4364067668
8476 1112709.1217009560
8480 1112790.7076840133
8491 1112890.5152327144
8493 1113160.9201440681
8506 1113284.1583889609
8533 1113399.9688261466
8534 1113745.1008219912
8555 1113821.2900197145
8572 1114314.7878109161
8577 1114382.7548238817
8584 1114448.9222353911
8592 1114516.8891114204
8593 1114839.4161770518
8607 1115055.3792610308
8616 1115608.5108653638
8656 1115968.2281480334
8674 1116436.5666315528
8695 1117008.4629157961
8697 1117196.3214540586
8698 1117330.4280507034
8704 1117435.0160835709
8705 1117664.0862051495
8714 1117675.2231753806
8723 1118662.4861845758
8729 1118995.3514651710
8744 1119111.7666087670
8751 1119217.7700490532
8755 1119471.0150233784
8767 1119971.4762157151
8791 1120114.0483504769
8815 1120300.1685421038
8816 1120906.1703289270
8824 1122041.1441843121
8840 1123293.9981762068
8863 1123344.9267883638
8864 1123681.3390465379
8869 1123733.0426716961
8891 1124063.3845947171
8895 1124215.2903665379
8908 1124278.6000762610
8910 1125065.0914995931
8912 1125332.4703007804
8920 1125932.6556321711
8930 1126088.5013719441
8948 1126490.1787751641
8957 1127077.0450921170
9008 1127220.5579885058
9037 1127342.1303231083
9061 1127706.8778870562
9101 1128366.7312897884
9128 1128803.5335791195
9135 1129221.6322067843
9151 1129792.8573948140
9154 1129818.9927471904
9170 1129932.2924559771
9172 1130032.2737543967
9175 1130345.8370167711
9178 1130629.5603006091
9192 1131259.4013899746
9209 1131812.8733751194
9232 1131877.7549946420
9233 1132325.8002903485
9273 1132634.3962159525
9292 1133912.9092642854
9319 1134140.5624608384
9334 1134331.1584071061
9351 1134828.8449560213
9354 1134926.0786487854
9365 1134950.6228374878
9367 1135156.1033184882
9370 1135398.2148889846
9383 1135517.5446618893
9388 1135559.0962759280
9394 1135955.4721816366
9398 1136454.4617511977
9420 1136511.6254258640
9423 1136659.2143720686
9450 1136962.0582104009
9474 1137559.2364087186
9519 1137726.2273988693
9530 1137913.7956934564
9544 1138037.6186970852
9545 1138503.9100389350
9559 1138697.3827768897
9560 1139284.2458062535
9571 1140184.1373888173
9598 1140500.8435354950
9629 1140542.4956417247
9640 1140827.7379498230
9642 1141492.7184012916
9652 1141661.8592921493
9658 1141729.2222204164
9674 1142257.9536670630
9686 1143045.9122044349
9690 1143084.8797218490
9693 1143284.0664163525
9713 1143872.8380647840
9739 1144135.9527588510
9762 1144659.5988477019
9763 1145249.4024740986
9781 1145518.3376713945
9829 1146340.3290118326
9841 1146878.2395662081
9846 1146887.8791836561
9851 1147117.6769043494
9852 1147334.7620208175
9855 1147866.0855049989
9863 1148099.0594500911
9872 1148137.3618889253
9874 1148585.7653023549
9897 1148631.9937476022
9898 1149088.4851310977
9901 1149404.4031419393
9914 1149857.8885377161
9927 1150018.7031090658
9930 1150331.6322530548
9942 1150930.2546198615
9948 1151292.5048224614
9976 1151838.0411413556
9979 1152294.4814796438
10000 1152707.2149851336
10010 1151838.0411413556
evaluations raw_y
1 680653.7309993890
2 704365.9051594684
9 704830.7229400153
10 720443.3070990490
18 721284.6617758219
28 736160.8612328207
40 739216.7230241344
49 744780.4587272208
51 745892.5651077022
56 749863.6403854772
62 750496.7808200342
68 755008.2500821815
79 759562.7824789721
83 760532.8200721137
87 766461.6293822055
96 767679.3515220465
102 770639.1240258692
126 773533.8544871509
131 776519.5693146379
138 780531.0426721015
146 780951.5277278369
161 781894.6224287521
170 782869.1909143177
171 783007.9397284221
173 783773.4634541648
184 784324.1419059730
191 784753.4230141931
197 785166.7345336573
198 785443.1071952641
199 786074.0003301721
202 786108.7036822754
206 786139.7572958319
209 787489.6434812583
218 787811.4845332995
222 788303.2055561593
242 788775.8556426521
248 789306.3587734089
251 789652.0023451733
257 789687.3390445008
258 790173.5910784173
261 790247.9660013545
265 790526.9063859121
283 790739.7912765002
285 791149.7661874018
293 791166.9164070182
296 791173.9407931742
297 791428.7064433650
302 791765.6149656918
316 792119.5524551793
340 793399.0059025835
343 793616.3257604173
347 793857.7399952197
357 794626.8591600580
365 794761.8817879731
371 795072.5989582965
374 795741.9031293477
376 796271.5826086554
396 796412.4540739350
427 796425.6275566070
430 796971.8511964366
438 797077.4394332932
457 798058.1974591090
459 798158.0518148526
477 798466.5249766161
480 798738.1578142169
481 798791.9795398136
486 799094.0396239753
491 799256.9424832815
492 799316.0477616966
497 799419.2894472302
499 799751.8223437225
506 800053.8811653750
508 800158.8397175301
513 800340.8269099235
520 800622.3785252165
549 800855.5870122482
555 801263.0810650765
559 801570.0088229515
568 802078.7670662259
571 802674.8079725930
578 802834.4912483738
584 802996.6153373852
585 803831.8793750855
588 804066.7634119244
592 804112.0264473048
597 804341.9149869930
601 804754.3268230164
624 804803.3040682228
628 805786.9915520236
637 807021.7588707806
667 807339.6636404406
676 808289.2344588788
679 808888.7970299469
684 809769.4385379241
706 809962.8458938230
710 810244.0216237063
718 811072.4540438161
724 811123.1760417034
734 811415.1168188037
736 811588.2525906847
737 811633.6738547540
744 811899.9378061936
748 812049.8129224664
750 812186.6659115362
751 812468.1952342319
763 813637.3993105057
780 814524.8773628492
799 815074.2684858022
810 815432.8345226082
819 815493.7822990648
822 815982.2245492885
824 816933.9970318900
842 817413.3570461415
851 817550.4739894427
852 817971.3622568548
856 818635.9794471838
858 819107.0351583496
865 819491.2509070286
869 820680.0634072763
883 820721.2930172799
885 821539.6558807424
894 821872.0233345156
896 824091.4838283635
953 824557.9788677539
965 825138.4675121190
967 825831.1017627938
987 825996.7358459466
989 826542.4598002153
996 827046.7097927424
1000 827133.8266342102
1014 827420.7026988879
1016 828276.7050688682
1028 828696.7664432328
1040 829042.4976081784
1056 829691.7960364489
1067 830196.0140483951
1070 830407.6085721486
1078 831265.9594426797
1097 831963.8416868196
1122 832246.7079981937
1123 833003.1884244472
1149 833422.7698349240
1162 833505.0978138809
1166 834182.2178100056
1176 834611.3893375266
1177 834932.6578532954
1185 835241.3370625937
1188 835579.2735006614
1205 836548.1728504814
1224 837256.2569309701
1232 837270.7641147552
1242 837535.9450974670
1244 837917.3219436137
1271 838549.4527185085
1281 838862.1115423838
1285 839564.3879362132
1288 839824.6214489299
1291 840181.9914355858
1304 840213.8909040119
1316 840246.8430482098
1319 840576.5771077237
1322 840624.0466572797
1323 841779.9916564466
1341 842406.7478040057
1345 842550.3952993284
1364 842879.1302932416
1366 843022.7725918052
1386 843283.2379065335
1391 843858.6471681918
1392 844015.7431557819
1399 844119.1121274215
1400 844203.3075622548
1403 844851.6173883618
1409 845078.1973610772
1420 845792.7529830630
1423 846650.6030378661
1440 846734.4078183839
1447 847115.0801230182
1448 847831.5887900585
1464 848800.0393761356
1475 849264.5116974009
1478 849268.0571301552
1481 849268.8806052953
1485 850493.5109604013
1488 851130.2259241069
1504 851255.4466793331
1505 851874.1609743502
1514 851879.3468055521
1517 852172.4912196990
1521 852443.6253690661
1526 853701.2989226064
1544 854413.4766184962
1545 855145.7298448558
1562 855831.0269992057
1568 855968.2201435869
1572 855972.7969341922
1577 856090.6400251029
1583 856175.5689926131
1585 856610.6816387363
1602 856825.7451406992
1616 857426.6585084810
1637 857426.9772714317
1645 857615.7935064037
1646 857791.8197881536
1651 858018.5408425812
1654 858187.0246474412
1656 858464.4984965477
1659 859050.2854895371
1662 859363.5768624714
1674 860166.3018964052
1684 860639.0229778609
1689 861477.8839660215
1698 861532.0149158380
1707 861937.6738686771
1714 862399.2624120290
1715 862955.3306081153
1721 863904.7169132540
1725 864150.0116556345
1729 864204.1331200815
1730 864560.7735225105
1732 864624.3285182263
1741 865020.8774789874
1743 865189.0751519488
1752 865812.0618695217
1758 866517.5893175561
1762 866606.9684990052
1781 868271.3593300347
1807 869320.5048103388
1825 869468.8800702016
1827 869581.5969139658
1830 870169.4611196719
1842 870695.9231546755
1851 870827.9936217861
1853 871482.6429895671
1861 871816.7516227920
1867 872932.5017693965
1878 872958.7760244855
1883 874817.4305036725
1884 875158.1514860677
1894 875590.0671389718
1906 876832.9894029261
1920 877292.6485031181
1921 877455.9361442806
1928 877648.3930138818
1940 877996.8509051427
1941 878619.7935442120
1943 879341.0927308641
1969 880118.2568672864
1973 880654.7909111322
1977 880839.5544983303
1978 880854.0008626155
1987 880935.3688378445
1993 881103.5664963523
1997 881876.6084841214
2010 881977.7093392865
2028 882910.5854171936
2031 883366.5481257223
2034 883954.2866616799
2064 884816.9479373276
2074 885109.8532435667
2075 885431.8407308437
2083 886197.2393502555
2094 886316.2871246219
2106 886475.7708603855
2108 886896.5326887225
2131 887052.6580181698
2134 887086.8218386462
2135 887625.5733660952
2145 887803.0164133697
2159 887965.0976039020
2162 888110.1560902513
2164 888346.6891645013
2166 888491.7477028866
2174 888666.0813026972
2193 889725.9464296309
2198 890222.0507943047
2207 890763.6589271434
2217 891040.5957499020
2222 891391.8717674708
2245 892122.2608808820
2257 892139.2114113221
2258 893041.2072265833
2273 893064.3813431446
2275 893520.1842556891
2282 893615.1743921323
2284 893717.3640584364
2294 893917.7097722691
2302 893982.8103768016
2321 894015.2205941731
2322 894200.0997080561
2325 894298.2981021176
2327 894612.3197421734
2337 894849.0947393373
2345 895714.1951058225
2362 896029.0006076540
2364 896581.5609105650
2369 897059.4364836670
2374 897335.1001457273
2394 897534.2027366590
2398 897815.6315379340
2409 898161.9651541027
2413 898196.7045637933
2426 898224.5459580461
2430 898918.1448645120
2439 898994.3442645448
2440 899716.2413245521
2444 899763.7928305087
2449 900009.8308921099
2455 900208.1363147878
2465 900773.5126287389
2482 900801.3522332773
2484 901154.2149220223
2486 901668.4224408653
2492 901998.7409458150
2495 902368.2940974191
2501 902809.4417194263
2512 903536.1596972913
2529 903655.1374635993
2539 904318.0785731190
2556 904903.1966188533
2561 905267.7731977219
2575 905544.8268675019
2582 905865.3898709522
2597 906872.0415319797
2598 907716.5324354470
2613 908149.4885073625
2629 909678.6691045592
2656 909712.0885951087
2663 909975.6093923089
2668 910185.7261730703
2674 911102.0889459539
2694 911575.7219795318
2703 911989.4520096681
2706 912282.4380927151
2708 912425.8740708595
2716 912533.6908830086
2726 912675.1373001027
2727 912923.9019360524
2730 913069.2163861284
2731 913295.7389857961
2732 914161.0886736379
2746 914211.9920862413
2747 914531.0610314904
2760 914707.5758127759
2766 914712.4079436021
2769 915364.2124542006
2775 915605.4424833772
2797 915617.0705594341
2803 915778.5149255311
2807 915981.3016368446
2809 916052.3802154770
2812 916392.9241377203
2817 917512.7280162551
2824 917864.3806290762
2828 918151.2964408493
2831 918236.7406266939
2842 918941.3828738288
2851 919032.2272878622
2858 919083.9335305863
2861 919265.4163980563
2865 919890.6831967377
2867 920575.1634139162
2872 920848.3113047250
2880 921535.9219429084
2888 921591.8013577682
2890 922643.3520168613
2908 923083.6163128339
2917 923833.7345351140
2932 924179.1939795419
2942 925012.2738945029
2966 925465.8063502047
2985 925681.4816087738
2987 926381.2387741965
3000 926865.7799107841
3019 927432.6918251603
3032 927456.8760233948
3042 927808.2216109701
3045 928066.5533237845
3049 928111.6408174027
3052 928149.3729361182
3056 928348.1197315728
3060 928590.8012535765
3064 929035.1728112154
3069 929358.4374187958
3085 929372.4996281299
3087 929383.8877845734
3090 929468.6546672093
3109 929668.2079445224
3110 930073.4685104971
3121 930537.1772532328
3131 930694.7023790973
3137 930846.9492965823
3166 930926.5960233328
3170 931671.8564679507
3175 932177.1332577125
3181 932859.5622666191
3190 933110.1219687067
3198 933352.3358776099
3204 933586.7246265518
3216 933776.2490869763
3221 934031.0193492138
3223 934709.2251935371
3233 934979.0441621987
3242 935008.6634942271
3258 935563.3108444307
3275 935641.6554548459
3280 935694.3701020419
3284 936249.0141431368
3295 936585.4243400531
3305 936978.0830757392
3307 937458.7560940268
3309 938283.6166089156
3316 938317.5088576162
3322 939905.8345178211
3331 940016.4591451721
3341 940912.9151227126
3347 940941.7938047961
3355 942277.2017501859
3376 942644.8414528447
3378 942852.2084311899
3386 943474.2657573029
3399 943638.8794879713
3402 944545.9619633091
3405 944981.9582437336
3406 945631.8181142726
3439 945754.4537027391
3447 946049.8942289766
3449 946361.0833606616
3455 946808.9918099000
3462 946821.2613715676
3464 947678.7971676486
3477 947914.8227779667
3488 948075.2143329866
3503 948120.5745741054
3510 949036.7793533703
3512 949335.1557368870
3534 949780.0355041754
3539 950347.3216976605
3552 950612.1829667969
3553 951008.6065453101
3571 951905.9616393563
3580 952290.1915508005
3583 952506.8384647116
3600 953247.8731604221
3602 953351.2130494821
3604 954071.6078620866
3616 954254.9567955382
3622 954600.9119804488
3629 954659.7598169365
3634 955013.4490646629
3644 955178.7488575643
3651 955799.9505143644
3668 956393.1230204379
3681 956548.5846500854
3683 956829.0185307595
3686 957428.7860548618
3694 957507.5091269690
3697 958091.6365679110
3704 958260.6867011830
3707 959109.3432059727
3717 959267.7770667579
3723 959458.2899988352
3730 959773.5043283098
3737 960740.7690416772
3748 960962.6852267431
3761 961052.8399716936
3769 961278.0316909299
3771 961999.1106659411
3781 963118.5890629524
3801 963670.7585335609
3804 964028.3069672377
3821 964376.6202896065
3831 964613.4485973031
3838 964671.1545446808
3839 964916.9443933701
3853 965309.6454846825
3854 965444.9299388065
3875 965495.9201564094
3876 965793.2426987316
3885 965895.7852418851
3894 966980.9884955205
3902 968297.1504253892
3927 968722.7727425181
3938 968843.6854499123
3944 969304.6860745371
3970 969541.5094796513
3981 969543.6855938773
3988 969660.3534941998
3990 969988.2772327270
4001 970125.8500794322
4007 970941.7919257042
4024 971165.6088706097
4032 971391.1146442865
4039 971432.4945930082
4040 971946.5050962989
4061 972251.0716583811
4064 972791.3180192430
4077 972896.2548472690
4084 973082.6536962282
4088 973135.8718950377
4092 973554.9743194388
4104 973573.7235471322
4110 973578.7854545304
4138 973974.3015831959
4164 974061.5867169524
4168 974133.5619548000
4170 974330.3868904125
4173 974442.4521180945
4183 975042.2327918187
4193 975234.9683517643
4195 975294.2745375831
4198 975773.6922264587
4212 975840.2186650102
4214 975878.6286757102
4222 976813.8498080700
4237 977958.6201609287
4241 978614.2433879992
4276 978814.6865309433
4277 979147.4584995995
4283 979604.7047829884
4302 979900.8268974350
4311 980113.6329809225
4320 980544.1260315113
4332 980732.3038034290
4338 981096.1836679928
4339 981256.0291527554
4349 981518.4320939917
4361 981869.9302674918
4366 982046.7706421111
4368 982114.7547017582
4375 982426.2802891351
4388 982502.4857126493
4391 982908.3501673907
4397 983298.6628030132
4407 983791.1716893477
4410 983920.6499881434
4416 983967.4373445597
4419 984092.2573087235
4423 984240.3765336330
4424 985122.6763165466
4425 985620.9605833447
4441 985662.5788358558
4443 985969.2224947129
4446 986509.1243305131
4454 986543.7870801708
4458 986652.0996241510
4461 986886.6198978379
4463 987776.8624030519
4479 988478.5973027296
4497 988626.3200458820
4507 988675.3432623622
4508 989431.5202015170
4513 989455.4233487034
4516 990211.5845743136
4530 991049.2443916096
4545 991139.1916976108
4547 991661.1426542819
4559 991730.4273756500
4560 991759.9958147494
4563 991924.5742156326
4572 992663.4185433150
4578 992781.7071947833
4585 993609.1761052213
4592 993658.1742436910
4604 994162.2773877624
4622 994777.2994229856
4627 995979.3332224594
4649 996404.1852682134
4650 997060.2788115174
4673 997148.1299251051
4686 997482.4151467588
4693 997564.3696759316
4697 997719.9001874205
4709 998138.5038544264
4714 998567.5433417539
4718 998572.6095454725
4726 998953.8788585806
4736 999420.2518276946
4740 999573.1597324825
4751 999645.0053539529
4763 1000650.6192890360
4778 1000943.0712952296
4787 1001343.2260547763
4805 1001976.3099953900
4811 1002097.9042986229
4820 1002338.6437419830
4839 1002668.9131187255
4842 1002781.0248568170
4844 1002962.5523723423
4847 1002988.7401440716
4852 1003500.0763521284
4863 1003819.9025376666
4871 1004435.8283189896
4874 1004511.3435753299
4875 1004534.8960661781
4880 1004719.4238715818
4884 1004841.6073449770
4886 1005349.8897263674
4899 1005352.7875552654
4909 1005505.4444427011
4911 1005731.2026001613
4913 1005878.4977087537
4923 1006364.3118718320
4932 1006574.9176873525
4937 1007032.0754765967
4948 1007646.9166894309
4966 1007913.6343261291
4974 1008187.6352950720
4991 1008343.1717264145
4996 1008505.7771736241
4999 1008639.2267287608
5004 1008813.4249004223
5005 1008905.9448515790
5014 1009032.6907355069
5015 1009483.7129797932
5018 1009498.0845991303
5022 1009799.0188314198
5036 1010392.4093780539
5054 1010543.7417160416
5059 1010571.5772705816
5062 1010731.8655271417
5068 1011243.0972275945
5090 1011369.8298602591
5109 1011952.1947930976
5113 1012078.9261986518
5133 1012201.6255185794
5138 1012742.7010235817
5168 1012955.9037653388
5175 1013028.6106774353
5176 1013129.7139385794
5179 1013870.7252642084
5192 1014442.0874235621
5214 1015959.2156635922
5232 1016364.4916876334
5246 1017410.0127944220
5271 1017584.1185356657
5272 1017773.4773050001
5279 1018236.8809800681
5289 1018356.6247925097
5295 1018365.9489194811
5304 1019926.6081323809
5333 1020368.0530782045
5339 1020713.1767913704
5341 1021314.8227636940
5348 1022216.6513234751
5361 1022709.5954742226
5374 1023188.8524313614
5383 1023475.8251396461
5390 1024396.0791997446
5398 1024414.1036985321
5411 1024946.9500521057
5418 1026242.9524746608
5430 1026359.9837543307
5437 1026626.4335544267
5439 1026780.0389074255
5442 1026837.7348866707
5444 1027661.5328027331
5455 1028440.4805529555
5483 1029253.0713999227
5485 1029281.0109424336
5492 1029351.2727737761
5495 1029548.1425193651
5496 1030096.8014433696
5505 1030129.2912949204
5507 1030468.3771620055
5510 1030989.0289259736
5518 1031245.1376172664
5524 1031343.3361553784
5534 1031558.7149602049
5536 1032206.7809636096
5544 1032544.9879216994
5545 1032599.4499605189
5556 1033184.4642077594
5562 1033999.3309280507
5592 1034999.6764970315
5603 1035068.5513198531
5609 1035403.9312772532
5612 1035679.2505256012
5617 1035715.1018562138
5627 1036119.3516439106
5631 1036226.5198729661
5639 1036262.3791749201
5646 1037550.5875757114
5677 1037863.2582774961
5683 1038019.4425945862
5684 1038238.7418472118
5686 1038431.8051621831
5695 1038591.5704157613
5697 1038904.2357350203
5705 1039420.5329289419
5709 1039476.3592560685
5720 1040053.5953090263
5728 1040743.6254238843
5745 1041072.4763552989
5752 1041316.0177562915
5767 1042276.4269654904
5783 1042296.4100763883
5784 1042377.7274078318
5794 1043338.1345254964
5819 1043876.8314683107
5824 1043986.0760551220
5842 1044326.8599491816
5847 1044435.9773919705
5849 1044524.7724673357
5851 1044567.5516948048
5855 1045017.4527984831
5863 1045183.2476003618
5866 1045407.1600242716
5873 1045706.0031748133
5884 1045748.2229753097
5885 1045851.4115125884
5893 1046582.1780737858
5899 1046693.0466641905
5903 1046744.0777598178
5904 1047032.0788284899
5908 1047421.7849663774
5915 1047436.3215290662
5918 1047869.1332690814
5924 1048460.4964370244
5925 1048721.0514353453
5927 1048947.9960279099
5928 1049217.2969131677
5931 1049309.2142049430
5934 1049405.9508660547
5941 1049767.1724452837
5946 1049851.3426982637
5949 1050049.3685145772
5952 1050930.9256049579
5973 1051266.5898061378
5978 1051624.5910951092
5988 1051690.3287768236
5998 1052218.4305559942
6011 1052538.4403675080
6019 1053410.1551237742
6031 1054368.8724735628
6040 1054490.1885541857
6067 1054608.9710957929
6068 1054883.6278045243
6070 1055269.5884872603
6079 1055598.4018423699
6087 1055781.9654572513
6099 1056104.7472317927
6107 1056451.5678442921
6111 1056746.5722417713
6117 1056886.2674029679
6126 1057292.6438419875
6131 1057317.1817908003
6137 1057681.3492249213
6145 1057890.2715091431
6146 1058321.9754773297
6156 1058455.9595204410
6160 1058664.8825466803
6162 1059506.0036204492
6215 1059557.4916469622
6218 1060318.4443251169
6229 1060369.9313972471
6237 1060419.8388316769
6247 1060703.2559875825
6261 1060795.2780751460
6262 1061286.2808982602
6266 1061619.6052873703
6271 1061706.5876121821
6272 1061968.5901939853
6279 1061970.8727585101
6280 1062882.4121461532
6281 1062884.9404901587
6296 1063476.7170645711
6301 1063816.0740362122
6315 1064136.7513191872
6347 1064627.4550330064
6367 1064856.5563822864
6372 1065347.2576053208
6382 1066044.5862275122
6403 1066255.9717952022
6417 1066857.2026495824
6423 1067034.5963421667
6433 1067178.6091642582
6435 1067506.6619559554
6449 1067787.1826408124
6457 1067789.5911112300
6461 1068464.2765305806
6462 1068603.3365783698
6463 1068605.5853818068
6466 1068967.9491317454
6477 1069572.2694372323
6491 1069636.8441672644
6493 1069918.4942526382
6502 1069999.2028605232
6507 1070458.7389530779
6550 1070830.1709912964
6558 1070914.7979316418
6561 1071675.8979824728
6574 1072752.3295958748
6602 1072814.3633840301
6606 1073045.6569524680
6607 1073491.2436212688
6610 1073958.2914596512
6623 1074850.8822887808
6628 1074940.7439163714
6629 1075072.7226633076
6663 1075226.3946555494
6675 1075870.1080623411
6683 1076245.6165799613
6688 1076694.2761553715
6700 1076855.9124593816
6711 1077037.4334044054
6722 1077712.1464749028
6738 1077712.2022971576
6750 1077822.3401182292
6768 1078685.5219898736
6782 1079005.7800676553
6796 1079569.5904247938
6805 1079721.2134193594
6817 1080028.7088155842
6833 1080202.4070379650
6836 1080612.6989116708
6841 1080920.0414732057
6846 1081372.2430664077
6859 1081451.2787465439
6868 1081805.9418208015
6881 1081818.4790758484
6889 1082021.1724680983
6891 1082033.7052703055
6910 1082063.7504530605
6916 1082339.3062916633
6924 1082479.9396647555
6949 1082957.2357061468
6953 1083119.2139597668
6968 1083929.5889742044
6983 1084406.8657884186
7004 1084831.1461600924
7014 1085290.6188386425
7034 1085540.9396111551
7043 1085878.6081875372
7050 1086007.3768294582
7062 1086351.2525776357
7063 1086414.8805527950
7067 1086595.3648010588
7069 1086887.5121994915
7078 1086905.2000945327
7106 1087086.0528938915
7108 1087500.1021149282
7120 1087680.9421583908
7124 1087712.4490578049
7128 1087991.1871156387
7167 1088314.9354078362
7183 1088619.2651028819
7187 1089026.4113494875
7198 1089221.7512725829
7209 1089933.2271521317
7229 1090009.7568584946
7237 1090032.6143368280
7238 1090358.4051947093
7251 1090565.3750388364
7257 1090929.5234297647
7261 1091123.8843141636
7265 1091229.0566125570
7271 1091526.3613340401
7278 1091627.8302049318
7301 1091884.3190906718
7307 1092183.8517275045
7315 1092250.2865014365
7317 1092527.3689099622
7319 1092532.4850480475
7325 1093292.3644098761
7361 1093600.9194496623
7370 1093892.3551983691
7382 1094057.9808994783
7385 1094226.9305978592
7388 1094580.1032260244
7392 1095014.7394255819
7408 1095378.8464664519
7426 1095730.9892065702
7427 1095905.3393832045
7439 1095967.7742783781
7441 1096042.1776794423
7446 1096223.3890121931
7449 1096896.8055227082
7463 1096920.4048938248
7473 1097283.2465305091
7481 1097759.1704216131
7494 1097857.1332255020
7521 1098079.5870237635
7522 1098678.7973459945
7533 1098776.7583926097
7550 1099871.2909318090
7575 1099879.3301396114
7580 1100040.4796119542
7585 1100200.9544970323
7588 1100501.2559300449
7589 1100919.6567715998
7600 1101682.7364092416
7629 1102671.8318833238
7661 1102737.6633824848
7668 1102839.2887626570
7669 1103276.0665551072
7672 1103414.5510889662
7678 1103890.2761272958
7681 1104119.4195682176
7694 1104494.5965917713
7706 1105031.2354888255
7717 1105365.5372711916
7750 1105448.3105766487
7753 1105750.3518064865
7777 1105936.3101645845
7780 1106343.3665284060
7812 1106726.6687190104
7815 1106801.2540339150
7830 1107504.7750844937
7833 1107988.3605640712
7843 1108348.8351476924
7849 1108576.2739863987
7853 1108580.2422874044
7856 1108671.4664663333
7860 1108987.8141067077
7886 1109097.1948082705
7898 1109156.8486348789
7900 1109653.0403076608
7907 1109981.8655023763
7914 1110416.2001231362
7931 1110462.2903174756
7937 1110803.4258966544
7953 1111066.4106609370
7963 1111193.6892477102
7972 1111534.8140250193
7980 1111930.7377246469
7983 1112296.7422240437
8000 1112737.9132432407
8010 1112770.2893799946
8017 1113028.0600846009
8026 1113560.6472143265
8034 1113901.2942997145
8045 1114489.3604372393
8077 1114494.3517208421
8091 1115106.1309798155
8107 1115220.6525099860
8113 1115295.4982076345
8116 1115363.4700959011
8127 1115946.4643212231
8150 1116008.2304269052
8151 1116014.4359302823
8158 1116589.3948170014
8162 1116656.3413090913
8163 1117234.1450623923
8188 1117350.7324423583
8209 1117787.4031495557
8223 1118085.5068673603
8247 1118431.3328631562
8255 1118530.9820915579
8283 1118868.5481665041
8301 1118956.5301893798
8312 1119331.6018362243
8317 1119423.9256778811
8318 1119886.9746504407
8342 1120085.8679182944
8351 1120597.6699592450
8360 1120665.8463588948
8372 1120812.0518088217
8389 1121392.0291514741
8397 1121548.7867864154
8402 1122107.3445419474
8406 1122114.0907901621
8412 1123011.0372147330
8417 1123129.8868243541
8424 1123572.1089691937
8432 1123778.1334589550
8438 1123964.5103962829
8442 1124402.0894740720
8459 1124596.1014779247
8465 1125303.7471095205
8471 1125522.0166007529
8485 1125942.0703851674
8491 1126200.6866217605
8525 1126293.9431849988
8529 1126453.9406354367
8540 1127301.0451269122
8572 1127743.5407044641
8584 1127993.8903576320
8593 1128331.4624913868
8616 1128364.8019052071
8622 1128387.4698613635
8627 1129077.2576850038
8645 1129332.9589191568
8646 1129715.9742672048
8655 1129728.5801313948
8656 1129852.9816119487
8657 1130232.1070096272
8659 1130596.1200481432
8660 1130687.6392057210
8665 1131018.8030217208
8668 1131729.5666727058
8684 1131731.8724928824
8685 1132125.3434550494
8709 1132292.1132339784
8717 1132941.9805781140
8722 1133731.1815951620
8736 1133792.7902220660
8740 1134326.4714813109
8741 1134488.4578636829
8759 1134821.0882568702
8771 1134919.7568864331
8778 1135199.9263478876
8782 1135554.0970279628
8803 1135683.2001141519
8825 1136400.0521705281
8844 1136569.7641369372
8866 1137414.1588902893
8877 1137733.6865315279
8887 1138005.4795109050
8890 1138520.3849767861
8897 1138533.0223601570
8902 1139131.5781668052
8904 1139237.5981542012
8921 1139370.4357991798
8927 1139567.7724137455
8950 1139648.4671626913
8958 1139671.6855226746
8960 1139807.3474488808
8972 1139986.7515645833
8977 1140800.2476844671
8989 1140863.1045550068
9024 1141034.6174104544
9029 1141047.8492784658
9041 1141137.0053338059
9042 1141219.3653953180
9048 1141823.2534239576
9049 1141886.1010598049
9080 1141995.7379054613
9082 1142123.3094366286
9092 1142443.2490712120
9097 1142893.6055845271
9101 1142977.1282383450
9124 1143097.8847418565
9133 1143135.7751474162
9136 1143836.3719976936
9159 1144075.8566120421
9176 1144195.3946085323
9207 1144512.7914450471
9220 1144799.6816815652
9223 1144952.7359992822
9233 1145577.6685352069
9258 1146125.7845665859
9286 1146285.3012698947
9287 1146543.9484432496
9288 1146761.4744097411
9299 1146952.9397343018
9305 1147074.4521890339
9306 1147183.1241517239
9331 1147204.9259165728
9336 1147472.4677161954
9341 1147502.7077046349
9343 1147733.0288420003
9365 1148226.0643526681
9378 1148227.3639601097
9398 1148282.1517361749
9418 1148283.4427445058
9458 1149193.1084406762
9475 1149219.5362443463
9482 1149437.9026642155
9490 1150032.4631801834
9505 1150396.9629516341
9507 1150659.7157181343
9519 1150695.1628183813
9530 1150737.4341592360
9538 1151292.4493028671
9539 1151632.9215325548
9554 1152669.1651364975
9560 1153279.5835363751
9612 1154091.3198437439
9641 1154154.0688454953
9650 1155276.7249318135
9713 1155320.8112535535
9718 1155380.6298019388
9732 1155641.0176633610
9747 1155762.9990926506
9788 1155812.8549488278
9812 1155891.7710582833
9822 1155941.6255665808
9827 1156134.3166685686
9842 1156921.2987773686
9864 1157502.4233239419
9871 1157581.1341300744
9892 1158849.2513046188
9909 1159088.1349320568
9912 1159170.6209379879
9919 1159358.8593122489
9924 1159426.2933345460
9929 1159763.7140723937
9930 1160085.0613414007
9948 1160771.0450855126
9968 1160867.8631535249
9979 1161815.1171969096
9983 1162491.8448787618
10005 1162806.4941041039
10007 1163439.0894493714
10010 1161087.6540531206
