evaluations raw_y
1 -370.0000000000
8 -362.0000000000
14 -361.0000000000
16 -357.0000000000
31 -354.0000000000
33 -349.0000000000
38 -337.0000000000
58 -333.0000000000
66 -326.0000000000
70 -325.0000000000
79 -323.0000000000
87 -319.0000000000
102 -317.0000000000
109 -316.0000000000
115 -314.0000000000
123 -311.0000000000
128 -308.0000000000
141 -307.0000000000
144 -305.0000000000
148 -304.0000000000
165 -303.0000000000
172 -301.0000000000
180 -299.0000000000
196 -298.0000000000
209 -296.0000000000
211 -295.0000000000
233 -294.0000000000
240 -292.0000000000
258 -291.0000000000
279 -290.0000000000
293 -289.0000000000
295 -288.0000000000
308 -287.0000000000
317 -285.0000000000
321 -284.0000000000
346 -283.0000000000
356 -282.0000000000
358 -281.0000000000
365 -280.0000000000
372 -279.0000000000
378 -278.0000000000
393 -277.0000000000
402 -276.0000000000
433 -275.0000000000
451 -273.0000000000
480 -272.0000000000
499 -271.0000000000
500 -270.0000000000
515 -268.0000000000
519 -267.0000000000
547 -265.0000000000
565 -264.0000000000
567 -262.0000000000
605 -261.0000000000
629 -260.0000000000
632 -259.0000000000
639 -258.0000000000
652 -257.0000000000
654 -256.0000000000
683 -255.0000000000
689 -254.0000000000
708 -253.0000000000
722 -252.0000000000
738 -251.0000000000
739 -250.0000000000
751 -249.0000000000
765 -248.0000000000
793 -247.0000000000
816 -245.0000000000
830 -244.0000000000
839 -243.0000000000
844 -242.0000000000
861 -241.0000000000
885 -240.0000000000
891 -239.0000000000
917 -238.0000000000
925 -237.0000000000
946 -236.0000000000
949 -235.0000000000
966 -234.0000000000
974 -233.0000000000
994 -232.0000000000
1001 -231.0000000000
1020 -230.0000000000
1025 -229.0000000000
1032 -228.0000000000
1047 -227.0000000000
1075 -226.0000000000
1097 -225.0000000000
1119 -224.0000000000
1144 -223.0000000000
1150 -222.0000000000
1157 -220.0000000000
1194 -216.0000000000
1221 -215.0000000000
1246 -214.0000000000
1249 -213.0000000000
1264 -212.0000000000
1271 -211.0000000000
1283 -210.0000000000
1296 -209.0000000000
1307 -208.0000000000
1315 -207.0000000000
1326 -206.0000000000
1337 -204.0000000000
1370 -203.0000000000
1384 -202.0000000000
1394 -201.0000000000
1398 -200.0000000000
1425 -199.0000000000
1431 -198.0000000000
1449 -197.0000000000
1462 -196.0000000000
1469 -195.0000000000
1502 -194.0000000000
1516 -193.0000000000
1541 -191.0000000000
1562 -190.0000000000
1565 -189.0000000000
1576 -188.0000000000
1589 -187.0000000000
1608 -186.0000000000
1614 -185.0000000000
1633 -184.0000000000
1656 -183.0000000000
1682 -182.0000000000
1721 -181.0000000000
1752 -180.0000000000
1781 -179.0000000000
1803 -178.0000000000
1810 -177.0000000000
1844 -175.0000000000
1862 -174.0000000000
1864 -172.0000000000
1876 -171.0000000000
1890 -170.0000000000
1893 -168.0000000000
1915 -167.0000000000
1921 -166.0000000000
1942 -165.0000000000
1953 -163.0000000000
1962 -162.0000000000
1996 -161.0000000000
2008 -160.0000000000
2021 -159.0000000000
2026 -158.0000000000
2066 -157.0000000000
2071 -155.0000000000
2095 -154.0000000000
2102 -153.0000000000
2151 -152.0000000000
2164 -151.0000000000
2190 -150.0000000000
2204 -149.0000000000
2222 -148.0000000000
2277 -147.0000000000
2315 -146.0000000000
2350 -145.0000000000
2358 -143.0000000000
2362 -142.0000000000
2394 -141.0000000000
2418 -140.0000000000
2438 -139.0000000000
2459 -138.0000000000
2471 -137.0000000000
2518 -135.0000000000
2538 -134.0000000000
2552 -133.0000000000
2598 -132.0000000000
2620 -131.0000000000
2631 -130.0000000000
2672 -129.0000000000
2692 -128.0000000000
2706 -127.0000000000
2719 -126.0000000000
2737 -125.0000000000
2752 -124.0000000000
2772 -123.0000000000
2788 -121.0000000000
2816 -120.0000000000
2828 -119.0000000000
2834 -118.0000000000
2845 -117.0000000000
2885 -116.0000000000
2902 -115.0000000000
2911 -114.0000000000
2929 -113.0000000000
2942 -112.0000000000
2959 -111.0000000000
2979 -110.0000000000
2994 -109.0000000000
3011 -108.0000000000
3039 -107.0000000000
3057 -106.0000000000
3078 -105.0000000000
3086 -103.0000000000
3110 -102.0000000000
3116 -101.0000000000
3142 -100.0000000000
3159 -99.0000000000
3200 -98.0000000000
3224 -97.0000000000
3231 -96.0000000000
3238 -94.0000000000
3262 -93.0000000000
3279 -92.0000000000
3312 -91.0000000000
3329 -90.0000000000
3358 -89.0000000000
3371 -88.0000000000
3405 -87.0000000000
3437 -86.0000000000
3438 -85.0000000000
3475 -84.0000000000
3497 -83.0000000000
3568 -82.0000000000
3620 -81.0000000000
3641 -80.0000000000
3658 -79.0000000000
3665 -78.0000000000
3681 -77.0000000000
3698 -75.0000000000
3755 -74.0000000000
3789 -72.0000000000
3833 -71.0000000000
3840 -70.0000000000
3856 -69.0000000000
3902 -68.0000000000
3923 -67.0000000000
3949 -66.0000000000
3966 -65.0000000000
3979 -64.0000000000
4012 -63.0000000000
4033 -62.0000000000
4078 -61.0000000000
4142 -60.0000000000
4166 -59.0000000000
4215 -58.0000000000
4248 -57.0000000000
4268 -56.0000000000
4315 -55.0000000000
4337 -54.0000000000
4431 -53.0000000000
4638 -52.0000000000
4661 -51.0000000000
4688 -50.0000000000
4725 -49.0000000000
4776 -48.0000000000
4898 -47.0000000000
4982 -46.0000000000
5043 -45.0000000000
5060 -44.0000000000
5094 -43.0000000000
5127 -42.0000000000
5213 -41.0000000000
5275 -40.0000000000
5313 -39.0000000000
5357 -38.0000000000
5417 -37.0000000000
5447 -36.0000000000
5476 -35.0000000000
5562 -34.0000000000
5695 -33.0000000000
5741 -32.0000000000
5763 -31.0000000000
5783 -30.0000000000
5878 -29.0000000000
5921 -28.0000000000
5974 -27.0000000000
5994 -26.0000000000
6362 -25.0000000000
6575 -24.0000000000
6660 -23.0000000000
6692 -22.0000000000
6796 -21.0000000000
6830 -20.0000000000
6839 -19.0000000000
6878 -18.0000000000
6905 -17.0000000000
6995 -16.0000000000
7053 -15.0000000000
7091 -14.0000000000
7225 -13.0000000000
7255 -12.0000000000
7600 -11.0000000000
7639 -10.0000000000
7794 -9.0000000000
7898 -8.0000000000
7914 -7.0000000000
8002 -6.0000000000
8067 -5.0000000000
8230 -4.0000000000
8315 -3.0000000000
8321 -2.0000000000
8398 -1.0000000000
8438 571.0000000000
8802 581.0000000000
8830 584.0000000000
9473 598.0000000000
10010 -1.0000000000
evaluations raw_y
1 -374.0000000000
4 -367.0000000000
6 -360.0000000000
16 -356.0000000000
24 -349.0000000000
26 -348.0000000000
37 -343.0000000000
41 -337.0000000000
56 -331.0000000000
57 -321.0000000000
77 -320.0000000000
86 -318.0000000000
87 -317.0000000000
98 -314.0000000000
104 -313.0000000000
105 -310.0000000000
118 -308.0000000000
123 -307.0000000000
142 -304.0000000000
149 -302.0000000000
163 -301.0000000000
171 -300.0000000000
176 -299.0000000000
184 -296.0000000000
210 -295.0000000000
230 -293.0000000000
268 -292.0000000000
269 -291.0000000000
276 -290.0000000000
289 -288.0000000000
301 -287.0000000000
317 -286.0000000000
343 -285.0000000000
345 -283.0000000000
358 -282.0000000000
359 -281.0000000000
361 -280.0000000000
375 -279.0000000000
376 -278.0000000000
392 -277.0000000000
406 -276.0000000000
412 -275.0000000000
426 -274.0000000000
437 -273.0000000000
452 -271.0000000000
460 -269.0000000000
480 -268.0000000000
496 -265.0000000000
520 -264.0000000000
531 -262.0000000000
554 -260.0000000000
575 -258.0000000000
596 -257.0000000000
621 -256.0000000000
631 -255.0000000000
648 -254.0000000000
656 -253.0000000000
658 -252.0000000000
672 -251.0000000000
680 -250.0000000000
704 -249.0000000000
731 -248.0000000000
738 -247.0000000000
754 -246.0000000000
776 -245.0000000000
805 -244.0000000000
807 -243.0000000000
811 -242.0000000000
827 -241.0000000000
829 -238.0000000000
863 -237.0000000000
898 -236.0000000000
902 -235.0000000000
905 -234.0000000000
918 -233.0000000000
922 -232.0000000000
923 -231.0000000000
943 -230.0000000000
969 -229.0000000000
973 -228.0000000000
984 -227.0000000000
1017 -226.0000000000
1030 -225.0000000000
1032 -224.0000000000
1048 -223.0000000000
1060 -221.0000000000
1077 -219.0000000000
1085 -218.0000000000
1105 -217.0000000000
1109 -216.0000000000
1134 -215.0000000000
1173 -214.0000000000
1179 -212.0000000000
1198 -211.0000000000
1215 -210.0000000000
1238 -208.0000000000
1259 -207.0000000000
1262 -206.0000000000
1271 -205.0000000000
1287 -204.0000000000
1299 -203.0000000000
1323 -202.0000000000
1331 -201.0000000000
1367 -200.0000000000
1384 -198.0000000000
1412 -197.0000000000
1426 -196.0000000000
1430 -195.0000000000
1462 -194.0000000000
1463 -193.0000000000
1482 -192.0000000000
1501 -191.0000000000
1511 -190.0000000000
1527 -189.0000000000
1543 -188.0000000000
1547 -187.0000000000
1558 -186.0000000000
1576 -184.0000000000
1590 -183.0000000000
1628 -182.0000000000
1631 -181.0000000000
1651 -180.0000000000
1659 -179.0000000000
1686 -178.0000000000
1703 -176.0000000000
1716 -175.0000000000
1731 -174.0000000000
1742 -172.0000000000
1782 -171.0000000000
1796 -170.0000000000
1815 -169.0000000000
1821 -168.0000000000
1842 -167.0000000000
1849 -166.0000000000
1878 -164.0000000000
1919 -162.0000000000
1931 -161.0000000000
1946 -160.0000000000
1952 -159.0000000000
1983 -158.0000000000
2009 -157.0000000000
2022 -156.0000000000
2033 -155.0000000000
2040 -154.0000000000
2094 -153.0000000000
2108 -152.0000000000
2112 -151.0000000000
2130 -149.0000000000
2143 -148.0000000000
2163 -146.0000000000
2208 -145.0000000000
2212 -144.0000000000
2262 -142.0000000000
2287 -141.0000000000
2294 -140.0000000000
2363 -139.0000000000
2398 -138.0000000000
2401 -136.0000000000
2426 -135.0000000000
2447 -134.0000000000
2465 -133.0000000000
2485 -132.0000000000
2502 -131.0000000000
2535 -130.0000000000
2545 -129.0000000000
2550 -128.0000000000
2590 -127.0000000000
2611 -126.0000000000
2632 -125.0000000000
2636 -124.0000000000
2666 -123.0000000000
2720 -121.0000000000
2743 -120.0000000000
2751 -119.0000000000
2790 -118.0000000000
2791 -117.0000000000
2807 -116.0000000000
2835 -115.0000000000
2872 -114.0000000000
2911 -113.0000000000
2937 -112.0000000000
2943 -111.0000000000
2977 -110.0000000000
3000 -109.0000000000
3047 -108.0000000000
3060 -107.0000000000
3101 -106.0000000000
3122 -105.0000000000
3157 -104.0000000000
3180 -103.0000000000
3244 -102.0000000000
3305 -101.0000000000
3322 -100.0000000000
3329 -99.0000000000
3347 -98.0000000000
3369 -96.0000000000
3445 -95.0000000000
3454 -94.0000000000
3460 -93.0000000000
3512 -92.0000000000
3568 -91.0000000000
3593 -89.0000000000
3686 -88.0000000000
3706 -87.0000000000
3737 -86.0000000000
3766 -85.0000000000
3822 -84.0000000000
3858 -83.0000000000
3891 -82.0000000000
3912 -81.0000000000
3933 -80.0000000000
3970 -79.0000000000
4002 -78.0000000000
4011 -77.0000000000
4030 -76.0000000000
4065 -75.0000000000
4128 -74.0000000000
4132 -73.0000000000
4167 -72.0000000000
4185 -71.0000000000
4191 -70.0000000000
4245 -69.0000000000
4305 -68.0000000000
4340 -67.0000000000
4347 -66.0000000000
4381 -65.0000000000
4424 -64.0000000000
4450 -63.0000000000
4468 -62.0000000000
4507 -61.0000000000
4516 -60.0000000000
4535 -59.0000000000
4571 -58.0000000000
4638 -56.0000000000
4750 -55.0000000000
4785 -54.0000000000
4840 -52.0000000000
4858 -51.0000000000
4872 -49.0000000000
4901 -48.0000000000
4903 -47.0000000000
4921 -46.0000000000
4956 -45.0000000000
5013 -44.0000000000
5068 -43.0000000000
5083 -42.0000000000
5105 -41.0000000000
5142 -40.0000000000
5205 -39.0000000000
5229 -38.0000000000
5296 -37.0000000000
5317 -36.0000000000
5528 -35.0000000000
5563 -34.0000000000
5564 -33.0000000000
5595 -32.0000000000
5622 -31.0000000000
5654 -30.0000000000
5751 -29.0000000000
5782 -28.0000000000
5835 -27.0000000000
5868 -26.0000000000
5914 -25.0000000000
5972 -24.0000000000
5991 -23.0000000000
6001 -22.0000000000
6126 -21.0000000000
6328 -20.0000000000
6582 -19.0000000000
6615 -18.0000000000
6655 -17.0000000000
6692 -16.0000000000
6767 -15.0000000000
6829 -14.0000000000
6897 -13.0000000000
6911 -12.0000000000
7188 -11.0000000000
7221 -10.0000000000
7283 -9.0000000000
7315 -8.0000000000
7393 -7.0000000000
7690 -6.0000000000
8086 -5.0000000000
8356 -4.0000000000
8415 -3.0000000000
8444 -2.0000000000
8698 -1.0000000000
8967 592.0000000000
9332 619.0000000000
9437 640.0000000000
9462 643.0000000000
10010 643.0000000000
evaluations raw_y
1 -368.0000000000
4 -361.0000000000
5 -326.0000000000
33 -322.0000000000
41 -319.0000000000
46 -316.0000000000
52 -313.0000000000
71 -310.0000000000
83 -309.0000000000
93 -307.0000000000
107 -306.0000000000
108 -302.0000000000
113 -297.0000000000
139 -295.0000000000
157 -292.0000000000
166 -291.0000000000
171 -286.0000000000
189 -285.0000000000
193 -284.0000000000
200 -283.0000000000
220 -282.0000000000
223 -281.0000000000
224 -280.0000000000
231 -279.0000000000
241 -277.0000000000
259 -274.0000000000
271 -273.0000000000
275 -272.0000000000
278 -271.0000000000
289 -269.0000000000
300 -268.0000000000
309 -267.0000000000
317 -266.0000000000
319 -265.0000000000
343 -264.0000000000
359 -263.0000000000
369 -262.0000000000
374 -261.0000000000
401 -260.0000000000
409 -259.0000000000
431 -258.0000000000
452 -257.0000000000
462 -256.0000000000
478 -255.0000000000
496 -254.0000000000
507 -253.0000000000
524 -252.0000000000
543 -250.0000000000
560 -249.0000000000
581 -247.0000000000
600 -244.0000000000
621 -243.0000000000
623 -242.0000000000
635 -240.0000000000
644 -239.0000000000
661 -238.0000000000
666 -237.0000000000
687 -235.0000000000
702 -234.0000000000
711 -233.0000000000
717 -231.0000000000
734 -230.0000000000
751 -229.0000000000
765 -228.0000000000
773 -227.0000000000
801 -226.0000000000
819 -224.0000000000
821 -223.0000000000
855 -222.0000000000
870 -221.0000000000
875 -219.0000000000
894 -218.0000000000
907 -217.0000000000
929 -216.0000000000
930 -215.0000000000
951 -213.0000000000
968 -212.0000000000
994 -211.0000000000
1024 -210.0000000000
1055 -209.0000000000
1070 -207.0000000000
1083 -206.0000000000
1109 -205.0000000000
1131 -204.0000000000
1151 -203.0000000000
1152 -202.0000000000
1181 -201.0000000000
1191 -200.0000000000
1202 -199.0000000000
1234 -198.0000000000
1244 -197.0000000000
1260 -196.0000000000
1281 -195.0000000000
1283 -194.0000000000
1312 -193.0000000000
1342 -192.0000000000
1350 -191.0000000000
1372 -190.0000000000
1386 -189.0000000000
1404 -188.0000000000
1425 -187.0000000000
1430 -186.0000000000
1445 -185.0000000000
1462 -184.0000000000
1463 -183.0000000000
1497 -182.0000000000
1520 -181.0000000000
1552 -179.0000000000
1586 -178.0000000000
1596 -177.0000000000
1605 -176.0000000000
1614 -175.0000000000
1633 -174.0000000000
1642 -172.0000000000
1667 -171.0000000000
1679 -170.0000000000
1700 -168.0000000000
1727 -167.0000000000
1733 -166.0000000000
1758 -165.0000000000
1788 -164.0000000000
1807 -163.0000000000
1853 -162.0000000000
1866 -161.0000000000
1868 -160.0000000000
1884 -159.0000000000
1913 -158.0000000000
1944 -157.0000000000
1955 -156.0000000000
1967 -155.0000000000
1971 -154.0000000000
1990 -153.0000000000
1994 -152.0000000000
2013 -151.0000000000
2032 -149.0000000000
2076 -148.0000000000
2139 -147.0000000000
2258 -146.0000000000
2271 -145.0000000000
2276 -144.0000000000
2277 -143.0000000000
2306 -142.0000000000
2344 -139.0000000000
2367 -138.0000000000
2408 -137.0000000000
2417 -135.0000000000
2438 -134.0000000000
2455 -133.0000000000
2466 -132.0000000000
2472 -131.0000000000
2488 -130.0000000000
2508 -129.0000000000
2523 -128.0000000000
2540 -127.0000000000
2588 -126.0000000000
2593 -125.0000000000
2623 -124.0000000000
2637 -123.0000000000
2655 -122.0000000000
2661 -121.0000000000
2679 -120.0000000000
2682 -119.0000000000
2709 -118.0000000000
2718 -117.0000000000
2753 -115.0000000000
2756 -114.0000000000
2784 -113.0000000000
2807 -112.0000000000
2808 -111.0000000000
2830 -110.0000000000
2839 -109.0000000000
2851 -108.0000000000
2872 -107.0000000000
2901 -106.0000000000
2904 -105.0000000000
2906 -104.0000000000
2921 -102.0000000000
2944 -101.0000000000
2982 -100.0000000000
3000 -99.0000000000
3018 -98.0000000000
3044 -97.0000000000
3045 -96.0000000000
3061 -95.0000000000
3095 -94.0000000000
3115 -93.0000000000
3161 -92.0000000000
3237 -91.0000000000
3243 -90.0000000000
3279 -89.0000000000
3313 -88.0000000000
3415 -87.0000000000
3448 -86.0000000000
3471 -85.0000000000
3514 -83.0000000000
3552 -82.0000000000
3564 -81.0000000000
3590 -80.0000000000
3631 -79.0000000000
3675 -78.0000000000
3694 -77.0000000000
3728 -76.0000000000
3746 -75.0000000000
3756 -74.0000000000
3792 -73.0000000000
3809 -72.0000000000
3869 -71.0000000000
4019 -70.0000000000
4063 -69.0000000000
4091 -68.0000000000
4114 -67.0000000000
4132 -66.0000000000
4177 -65.0000000000
4204 -64.0000000000
4256 -63.0000000000
4277 -62.0000000000
4294 -60.0000000000
4309 -59.0000000000
4366 -58.0000000000
4416 -57.0000000000
4473 -56.0000000000
4512 -55.0000000000
4528 -54.0000000000
4564 -53.0000000000
4593 -52.0000000000
4672 -51.0000000000
4703 -50.0000000000
4735 -49.0000000000
4764 -48.0000000000
4828 -47.0000000000
4841 -46.0000000000
4885 -45.0000000000
4915 -44.0000000000
4952 -43.0000000000
5000 -42.0000000000
5024 -41.0000000000
5187 -40.0000000000
5202 -39.0000000000
5271 -38.0000000000
5302 -37.0000000000
5366 -36.0000000000
5400 -34.0000000000
5592 -33.0000000000
5606 -32.0000000000
5737 -31.0000000000
5834 -30.0000000000
5865 -29.0000000000
5886 -28.0000000000
5923 -27.0000000000
6063 -26.0000000000
6085 -25.0000000000
6122 -24.0000000000
6145 -23.0000000000
6162 -22.0000000000
6185 -21.0000000000
6207 -20.0000000000
6215 -19.0000000000
6231 -18.0000000000
6352 -17.0000000000
6452 -16.0000000000
6542 -15.0000000000
6683 -14.0000000000
6707 -13.0000000000
6763 -12.0000000000
6769 -11.0000000000
6779 -10.0000000000
6998 -9.0000000000
7130 -8.0000000000
7190 -7.0000000000
7418 -6.0000000000
7591 -5.0000000000
7668 -4.0000000000
7746 -3.0000000000
7807 -2.0000000000
7846 -1.0000000000
7885 603.0000000000
9136 613.0000000000
9177 617.0000000000
9191 618.0000000000
9208 627.0000000000
10010 627.0000000000
evaluations raw_y
1 -346.0000000000
12 -338.0000000000
20 -334.0000000000
35 -328.0000000000
39 -327.0000000000
45 -324.0000000000
54 -318.0000000000
68 -317.0000000000
73 -315.0000000000
76 -311.0000000000
79 -306.0000000000
101 -303.0000000000
103 -302.0000000000
108 -300.0000000000
112 -298.0000000000
125 -293.0000000000
149 -292.0000000000
150 -291.0000000000
159 -290.0000000000
165 -289.0000000000
173 -286.0000000000
197 -285.0000000000
198 -284.0000000000
213 -283.0000000000
223 -281.0000000000
248 -280.0000000000
258 -279.0000000000
273 -278.0000000000
290 -277.0000000000
296 -275.0000000000
308 -274.0000000000
333 -273.0000000000
334 -272.0000000000
338 -271.0000000000
369 -269.0000000000
371 -268.0000000000
401 -266.0000000000
420 -265.0000000000
439 -264.0000000000
446 -263.0000000000
449 -262.0000000000
488 -261.0000000000
504 -259.0000000000
533 -256.0000000000
556 -255.0000000000
563 -253.0000000000
585 -251.0000000000
620 -249.0000000000
645 -248.0000000000
654 -247.0000000000
672 -246.0000000000
684 -244.0000000000
694 -243.0000000000
710 -242.0000000000
717 -241.0000000000
726 -240.0000000000
750 -239.0000000000
773 -238.0000000000
794 -237.0000000000
813 -236.0000000000
829 -234.0000000000
851 -233.0000000000
858 -232.0000000000
866 -230.0000000000
898 -229.0000000000
917 -228.0000000000
949 -227.0000000000
958 -226.0000000000
968 -225.0000000000
977 -224.0000000000
995 -222.0000000000
1011 -219.0000000000
1038 -218.0000000000
1046 -217.0000000000
1058 -216.0000000000
1063 -214.0000000000
1074 -213.0000000000
1090 -211.0000000000
1123 -210.0000000000
1127 -209.0000000000
1144 -208.0000000000
1151 -207.0000000000
1163 -204.0000000000
1187 -203.0000000000
1207 -201.0000000000
1216 -200.0000000000
1233 -199.0000000000
1239 -198.0000000000
1283 -197.0000000000
1297 -195.0000000000
1301 -194.0000000000
1319 -193.0000000000
1341 -192.0000000000
1373 -191.0000000000
1383 -190.0000000000
1414 -189.0000000000
1425 -188.0000000000
1440 -187.0000000000
1471 -186.0000000000
1473 -185.0000000000
1513 -184.0000000000
1523 -183.0000000000
1553 -181.0000000000
1571 -180.0000000000
1607 -179.0000000000
1647 -178.0000000000
1671 -177.0000000000
1681 -176.0000000000
1709 -175.0000000000
1744 -174.0000000000
1777 -173.0000000000
1794 -172.0000000000
1815 -171.0000000000
1830 -170.0000000000
1835 -166.0000000000
1881 -165.0000000000
1886 -164.0000000000
1891 -163.0000000000
1931 -162.0000000000
1944 -161.0000000000
1988 -160.0000000000
2000 -159.0000000000
2010 -158.0000000000
2029 -157.0000000000
2031 -156.0000000000
2044 -155.0000000000
2046 -154.0000000000
2083 -152.0000000000
2105 -150.0000000000
2140 -149.0000000000
2182 -148.0000000000
2223 -147.0000000000
2242 -146.0000000000
2267 -145.0000000000
2304 -144.0000000000
2308 -143.0000000000
2346 -142.0000000000
2369 -141.0000000000
2404 -140.0000000000
2441 -139.0000000000
2452 -138.0000000000
2459 -137.0000000000
2472 -136.0000000000
2500 -135.0000000000
2519 -134.0000000000
2561 -132.0000000000
2576 -131.0000000000
2620 -130.0000000000
2631 -129.0000000000
2646 -128.0000000000
2660 -127.0000000000
2679 -125.0000000000
2701 -123.0000000000
2729 -122.0000000000
2755 -121.0000000000
2768 -120.0000000000
2778 -119.0000000000
2847 -118.0000000000
2861 -117.0000000000
2898 -116.0000000000
2915 -115.0000000000
2946 -114.0000000000
2970 -113.0000000000
3007 -110.0000000000
3043 -109.0000000000
3066 -108.0000000000
3080 -107.0000000000
3151 -106.0000000000
3176 -105.0000000000
3207 -104.0000000000
3233 -102.0000000000
3266 -101.0000000000
3290 -100.0000000000
3317 -98.0000000000
3374 -97.0000000000
3396 -96.0000000000
3410 -95.0000000000
3434 -94.0000000000
3475 -92.0000000000
3504 -91.0000000000
3541 -90.0000000000
3576 -89.0000000000
3604 -88.0000000000
3636 -87.0000000000
3645 -86.0000000000
3670 -85.0000000000
3713 -84.0000000000
3760 -83.0000000000
3782 -82.0000000000
3815 -81.0000000000
3821 -80.0000000000
3849 -79.0000000000
3860 -78.0000000000
3878 -77.0000000000
3899 -76.0000000000
3955 -75.0000000000
3977 -74.0000000000
3997 -73.0000000000
4045 -72.0000000000
4095 -71.0000000000
4129 -70.0000000000
4144 -69.0000000000
4181 -68.0000000000
4196 -67.0000000000
4258 -66.0000000000
4277 -64.0000000000
4346 -62.0000000000
4376 -61.0000000000
4389 -60.0000000000
4406 -59.0000000000
4420 -57.0000000000
4457 -56.0000000000
4538 -55.0000000000
4594 -54.0000000000
4627 -53.0000000000
4663 -52.0000000000
4666 -51.0000000000
4694 -50.0000000000
4727 -48.0000000000
4829 -47.0000000000
4864 -46.0000000000
4881 -45.0000000000
4919 -44.0000000000
4942 -43.0000000000
5040 -42.0000000000
5106 -41.0000000000
5196 -40.0000000000
5229 -39.0000000000
5240 -38.0000000000
5259 -37.0000000000
5364 -36.0000000000
5381 -35.0000000000
5407 -34.0000000000
5416 -33.0000000000
5441 -32.0000000000
5448 -31.0000000000
5491 -30.0000000000
5512 -29.0000000000
5568 -28.0000000000
5578 -27.0000000000
5580 -26.0000000000
5600 -25.0000000000
5650 -24.0000000000
5889 -23.0000000000
6026 -22.0000000000
6075 -21.0000000000
6095 -20.0000000000
6203 -19.0000000000
6318 -18.0000000000
6510 -17.0000000000
6551 -16.0000000000
6689 -15.0000000000
6741 -14.0000000000
6786 -13.0000000000
6813 -12.0000000000
6903 -11.0000000000
7014 -10.0000000000
7053 -9.0000000000
7113 -8.0000000000
7202 -7.0000000000
7220 -6.0000000000
7422 -5.0000000000
7577 -4.0000000000
7638 -3.0000000000
7770 -2.0000000000
7829 -1.0000000000
8134 563.0000000000
8910 579.0000000000
8959 581.0000000000
9369 602.0000000000
9416 603.0000000000
9514 607.0000000000
9523 625.0000000000
10010 -1.0000000000
evaluations raw_y
1 -365.0000000000
3 -345.0000000000
22 -344.0000000000
30 -339.0000000000
42 -335.0000000000
58 -332.0000000000
77 -322.0000000000
79 -320.0000000000
100 -316.0000000000
112 -313.0000000000
120 -311.0000000000
139 -309.0000000000
142 -307.0000000000
161 -306.0000000000
166 -299.0000000000
198 -296.0000000000
206 -295.0000000000
226 -294.0000000000
229 -293.0000000000
240 -290.0000000000
243 -288.0000000000
284 -287.0000000000
291 -286.0000000000
314 -285.0000000000
326 -284.0000000000
328 -283.0000000000
334 -282.0000000000
338 -281.0000000000
345 -280.0000000000
350 -279.0000000000
362 -278.0000000000
380 -277.0000000000
386 -276.0000000000
387 -275.0000000000
402 -273.0000000000
416 -272.0000000000
429 -271.0000000000
435 -270.0000000000
444 -269.0000000000
447 -267.0000000000
461 -266.0000000000
482 -265.0000000000
487 -263.0000000000
499 -262.0000000000
505 -261.0000000000
527 -258.0000000000
559 -256.0000000000
590 -255.0000000000
592 -254.0000000000
603 -253.0000000000
616 -252.0000000000
624 -249.0000000000
633 -247.0000000000
675 -246.0000000000
692 -245.0000000000
695 -244.0000000000
730 -242.0000000000
741 -241.0000000000
743 -240.0000000000
764 -239.0000000000
766 -238.0000000000
772 -236.0000000000
815 -235.0000000000
845 -234.0000000000
848 -233.0000000000
870 -232.0000000000
890 -231.0000000000
907 -229.0000000000
927 -227.0000000000
950 -226.0000000000
963 -225.0000000000
969 -224.0000000000
985 -223.0000000000
1003 -222.0000000000
1015 -221.0000000000
1051 -220.0000000000
1052 -219.0000000000
1072 -218.0000000000
1078 -217.0000000000
1088 -215.0000000000
1115 -214.0000000000
1125 -213.0000000000
1127 -212.0000000000
1142 -211.0000000000
1143 -210.0000000000
1180 -208.0000000000
1188 -207.0000000000
1194 -206.0000000000
1198 -205.0000000000
1227 -203.0000000000
1244 -202.0000000000
1259 -201.0000000000
1275 -200.0000000000
1278 -199.0000000000
1297 -198.0000000000
1307 -197.0000000000
1310 -196.0000000000
1336 -195.0000000000
1342 -194.0000000000
1356 -193.0000000000
1378 -192.0000000000
1398 -191.0000000000
1410 -190.0000000000
1423 -189.0000000000
1439 -188.0000000000
1449 -186.0000000000
1469 -185.0000000000
1490 -184.0000000000
1491 -183.0000000000
1503 -182.0000000000
1524 -181.0000000000
1532 -180.0000000000
1548 -179.0000000000
1567 -178.0000000000
1571 -176.0000000000
1620 -175.0000000000
1650 -174.0000000000
1677 -173.0000000000
1700 -172.0000000000
1710 -171.0000000000
1739 -170.0000000000
1746 -168.0000000000
1774 -167.0000000000
1807 -166.0000000000
1823 -165.0000000000
1842 -164.0000000000
1850 -163.0000000000
1869 -162.0000000000
1892 -161.0000000000
1894 -158.0000000000
1946 -157.0000000000
1956 -156.0000000000
1978 -155.0000000000
1992 -153.0000000000
2023 -152.0000000000
2056 -151.0000000000
2066 -150.0000000000
2086 -149.0000000000
2089 -148.0000000000
2106 -147.0000000000
2123 -146.0000000000
2174 -145.0000000000
2198 -144.0000000000
2204 -143.0000000000
2242 -141.0000000000
2260 -140.0000000000
2277 -139.0000000000
2288 -138.0000000000
2308 -137.0000000000
2324 -136.0000000000
2347 -135.0000000000
2368 -133.0000000000
2395 -132.0000000000
2423 -131.0000000000
2438 -130.0000000000
2461 -129.0000000000
2542 -128.0000000000
2573 -127.0000000000
2601 -126.0000000000
2612 -125.0000000000
2660 -124.0000000000
2677 -123.0000000000
2733 -122.0000000000
2739 -121.0000000000
2764 -119.0000000000
2778 -118.0000000000
2855 -117.0000000000
2890 -116.0000000000
2929 -115.0000000000
2954 -114.0000000000
2959 -113.0000000000
3006 -112.0000000000
3016 -111.0000000000
3042 -110.0000000000
3050 -109.0000000000
3056 -108.0000000000
3076 -107.0000000000
3078 -106.0000000000
3109 -105.0000000000
3122 -104.0000000000
3151 -103.0000000000
3185 -102.0000000000
3194 -101.0000000000
3200 -100.0000000000
3216 -99.0000000000
3225 -98.0000000000
3237 -97.0000000000
3291 -96.0000000000
3303 -95.0000000000
3330 -94.0000000000
3344 -93.0000000000
3349 -92.0000000000
3364 -91.0000000000
3396 -90.0000000000
3411 -89.0000000000
3417 -87.0000000000
3452 -86.0000000000
3460 -85.0000000000
3473 -84.0000000000
3480 -83.0000000000
3526 -82.0000000000
3563 -81.0000000000
3603 -80.0000000000
3612 -79.0000000000
3640 -77.0000000000
3670 -76.0000000000
3710 -75.0000000000
3749 -74.0000000000
3779 -73.0000000000
3792 -72.0000000000
3811 -71.0000000000
3844 -69.0000000000
3861 -68.0000000000
3887 -67.0000000000
3930 -66.0000000000
3992 -65.0000000000
4042 -63.0000000000
4099 -62.0000000000
4123 -61.0000000000
4125 -60.0000000000
4131 -59.0000000000
4148 -58.0000000000
4159 -57.0000000000
4190 -56.0000000000
4214 -55.0000000000
4244 -54.0000000000
4264 -53.0000000000
4291 -52.0000000000
4302 -51.0000000000
4322 -50.0000000000
4330 -49.0000000000
4360 -48.0000000000
4396 -47.0000000000
4417 -46.0000000000
4479 -45.0000000000
4508 -44.0000000000
4568 -43.0000000000
4611 -42.0000000000
4653 -41.0000000000
4702 -40.0000000000
4739 -39.0000000000
4773 -38.0000000000
4843 -37.0000000000
4869 -36.0000000000
4940 -35.0000000000
5001 -34.0000000000
5063 -33.0000000000
5093 -32.0000000000
5149 -31.0000000000
5165 -30.0000000000
5221 -29.0000000000
5253 -28.0000000000
5346 -27.0000000000
5541 -26.0000000000
5595 -25.0000000000
5632 -24.0000000000
5740 -23.0000000000
5795 -22.0000000000
5802 -21.0000000000
5851 -20.0000000000
5891 -19.0000000000
6041 -18.0000000000
6088 -17.0000000000
6154 -16.0000000000
6292 -15.0000000000
6474 -14.0000000000
6653 -13.0000000000
6760 -12.0000000000
6855 -11.0000000000
6889 -10.0000000000
6918 -9.0000000000
6928 -8.0000000000
7065 -7.0000000000
7160 -6.0000000000
7213 -5.0000000000
7414 -4.0000000000
8284 -3.0000000000
8333 -2.0000000000
8390 -1.0000000000
8825 577.0000000000
9395 582.0000000000
10010 -1.0000000000
evaluations raw_y
1 -377.0000000000
2 -374.0000000000
3 -370.0000000000
4 -356.0000000000
5 -354.0000000000
10 -345.0000000000
14 -341.0000000000
34 -335.0000000000
45 -332.0000000000
59 -321.0000000000
68 -318.0000000000
80 -316.0000000000
81 -310.0000000000
93 -307.0000000000
104 -302.0000000000
117 -300.0000000000
137 -299.0000000000
139 -296.0000000000
142 -293.0000000000
151 -289.0000000000
157 -286.0000000000
177 -285.0000000000
189 -284.0000000000
193 -282.0000000000
216 -281.0000000000
222 -280.0000000000
232 -279.0000000000
235 -278.0000000000
270 -277.0000000000
273 -276.0000000000
286 -272.0000000000
317 -271.0000000000
336 -269.0000000000
342 -268.0000000000
359 -267.0000000000
400 -265.0000000000
417 -263.0000000000
444 -262.0000000000
463 -261.0000000000
484 -260.0000000000
492 -258.0000000000
511 -257.0000000000
532 -256.0000000000
546 -255.0000000000
570 -254.0000000000
574 -253.0000000000
586 -252.0000000000
594 -251.0000000000
615 -250.0000000000
635 -249.0000000000
642 -248.0000000000
661 -246.0000000000
700 -244.0000000000
715 -243.0000000000
722 -241.0000000000
741 -240.0000000000
749 -239.0000000000
760 -238.0000000000
769 -237.0000000000
798 -236.0000000000
815 -235.0000000000
840 -233.0000000000
853 -232.0000000000
866 -231.0000000000
869 -230.0000000000
875 -229.0000000000
904 -228.0000000000
919 -227.0000000000
936 -226.0000000000
941 -225.0000000000
967 -224.0000000000
993 -223.0000000000
1000 -222.0000000000
1015 -221.0000000000
1043 -220.0000000000
1062 -218.0000000000
1079 -217.0000000000
1100 -216.0000000000
1111 -215.0000000000
1139 -214.0000000000
1152 -213.0000000000
1160 -212.0000000000
1176 -211.0000000000
1182 -210.0000000000
1210 -209.0000000000
1226 -208.0000000000
1242 -207.0000000000
1270 -206.0000000000
1300 -205.0000000000
1321 -204.0000000000
1332 -203.0000000000
1374 -202.0000000000
1418 -201.0000000000
1422 -200.0000000000
1435 -199.0000000000
1451 -198.0000000000
1472 -197.0000000000
1494 -196.0000000000
1512 -195.0000000000
1535 -194.0000000000
1552 -193.0000000000
1559 -192.0000000000
1573 -190.0000000000
1598 -188.0000000000
1626 -187.0000000000
1647 -186.0000000000
1673 -184.0000000000
1701 -183.0000000000
1730 -181.0000000000
1743 -180.0000000000
1760 -179.0000000000
1780 -178.0000000000
1785 -177.0000000000
1803 -176.0000000000
1821 -175.0000000000
1826 -173.0000000000
1839 -172.0000000000
1853 -171.0000000000
1861 -170.0000000000
1880 -168.0000000000
1904 -166.0000000000
1930 -165.0000000000
1941 -164.0000000000
1954 -163.0000000000
1969 -161.0000000000
1992 -160.0000000000
2005 -159.0000000000
2022 -157.0000000000
2048 -156.0000000000
2067 -155.0000000000
2094 -154.0000000000
2095 -153.0000000000
2138 -152.0000000000
2170 -151.0000000000
2184 -150.0000000000
2197 -149.0000000000
2209 -146.0000000000
2244 -145.0000000000
2291 -144.0000000000
2331 -143.0000000000
2339 -142.0000000000
2348 -141.0000000000
2380 -140.0000000000
2417 -139.0000000000
2438 -138.0000000000
2491 -137.0000000000
2496 -136.0000000000
2517 -135.0000000000
2528 -134.0000000000
2545 -133.0000000000
2565 -131.0000000000
2596 -130.0000000000
2621 -129.0000000000
2643 -128.0000000000
2666 -127.0000000000
2686 -126.0000000000
2705 -125.0000000000
2708 -124.0000000000
2730 -123.0000000000
2751 -122.0000000000
2759 -121.0000000000
2760 -120.0000000000
2786 -119.0000000000
2799 -118.0000000000
2816 -117.0000000000
2840 -116.0000000000
2864 -115.0000000000
2890 -114.0000000000
2934 -113.0000000000
2947 -112.0000000000
2956 -111.0000000000
2974 -109.0000000000
2981 -108.0000000000
2996 -107.0000000000
3003 -105.0000000000
3021 -104.0000000000
3076 -103.0000000000
3090 -102.0000000000
3093 -101.0000000000
3139 -100.0000000000
3160 -99.0000000000
3212 -98.0000000000
3217 -97.0000000000
3274 -96.0000000000
3293 -95.0000000000
3346 -94.0000000000
3374 -93.0000000000
3400 -92.0000000000
3417 -91.0000000000
3463 -90.0000000000
3478 -89.0000000000
3519 -88.0000000000
3543 -87.0000000000
3557 -86.0000000000
3577 -85.0000000000
3599 -84.0000000000
3614 -83.0000000000
3625 -82.0000000000
3641 -81.0000000000
3672 -80.0000000000
3688 -79.0000000000
3692 -78.0000000000
3720 -77.0000000000
3757 -76.0000000000
3776 -75.0000000000
3842 -74.0000000000
3878 -73.0000000000
3916 -72.0000000000
3930 -71.0000000000
3938 -70.0000000000
3945 -69.0000000000
3982 -68.0000000000
3995 -67.0000000000
4002 -66.0000000000
4078 -65.0000000000
4103 -64.0000000000
4117 -63.0000000000
4147 -62.0000000000
4162 -61.0000000000
4184 -60.0000000000
4193 -59.0000000000
4263 -58.0000000000
4283 -57.0000000000
4320 -56.0000000000
4322 -54.0000000000
4389 -53.0000000000
4406 -52.0000000000
4431 -51.0000000000
4500 -50.0000000000
4530 -49.0000000000
4606 -48.0000000000
4624 -47.0000000000
4633 -46.0000000000
4713 -45.0000000000
4923 -44.0000000000
5011 -43.0000000000
5023 -42.0000000000
5081 -41.0000000000
5114 -40.0000000000
5145 -39.0000000000
5193 -38.0000000000
5212 -37.0000000000
5326 -36.0000000000
5462 -35.0000000000
5580 -34.0000000000
5604 -33.0000000000
5642 -32.0000000000
5741 -31.0000000000
5794 -29.0000000000
5911 -28.0000000000
6060 -27.0000000000
6109 -26.0000000000
6186 -25.0000000000
6282 -24.0000000000
6349 -23.0000000000
6378 -22.0000000000
6550 -21.0000000000
6560 -20.0000000000
6591 -19.0000000000
6624 -18.0000000000
6646 -17.0000000000
6761 -16.0000000000
7069 -15.0000000000
7156 -14.0000000000
7311 -13.0000000000
7332 -12.0000000000
7362 -11.0000000000
7708 -9.0000000000
7918 -8.0000000000
7995 -7.0000000000
8072 -6.0000000000
8162 -5.0000000000
8419 -4.0000000000
8687 -3.0000000000
8930 -2.0000000000
9115 -1.0000000000
9556 573.0000000000
10010 573.0000000000
evaluations raw_y
1 -359.0000000000
14 -350.0000000000
29 -346.0000000000
38 -344.0000000000
39 -342.0000000000
44 -336.0000000000
47 -330.0000000000
58 -321.0000000000
67 -320.0000000000
80 -318.0000000000
82 -316.0000000000
85 -314.0000000000
92 -312.0000000000
96 -310.0000000000
99 -308.0000000000
112 -305.0000000000
124 -304.0000000000
127 -301.0000000000
136 -300.0000000000
142 -299.0000000000
152 -296.0000000000
173 -295.0000000000
176 -294.0000000000
188 -292.0000000000
201 -291.0000000000
217 -290.0000000000
218 -287.0000000000
229 -286.0000000000
240 -285.0000000000
243 -284.0000000000
258 -283.0000000000
272 -282.0000000000
273 -281.0000000000
285 -279.0000000000
301 -278.0000000000
320 -277.0000000000
325 -276.0000000000
337 -275.0000000000
363 -274.0000000000
374 -273.0000000000
378 -272.0000000000
382 -270.0000000000
395 -269.0000000000
406 -268.0000000000
413 -267.0000000000
429 -266.0000000000
452 -265.0000000000
485 -264.0000000000
496 -263.0000000000
508 -262.0000000000
527 -261.0000000000
539 -259.0000000000
560 -258.0000000000
576 -257.0000000000
581 -256.0000000000
589 -255.0000000000
596 -254.0000000000
624 -253.0000000000
629 -252.0000000000
638 -251.0000000000
657 -249.0000000000
679 -248.0000000000
687 -247.0000000000
716 -246.0000000000
720 -245.0000000000
742 -244.0000000000
745 -243.0000000000
755 -242.0000000000
786 -240.0000000000
799 -239.0000000000
811 -237.0000000000
835 -236.0000000000
846 -234.0000000000
859 -233.0000000000
877 -232.0000000000
882 -231.0000000000
912 -230.0000000000
916 -229.0000000000
922 -228.0000000000
952 -227.0000000000
963 -225.0000000000
997 -223.0000000000
1032 -222.0000000000
1063 -221.0000000000
1069 -220.0000000000
1073 -219.0000000000
1108 -218.0000000000
1116 -217.0000000000
1120 -215.0000000000
1125 -214.0000000000
1162 -213.0000000000
1185 -212.0000000000
1206 -211.0000000000
1220 -210.0000000000
1241 -209.0000000000
1243 -208.0000000000
1271 -207.0000000000
1292 -206.0000000000
1296 -205.0000000000
1315 -204.0000000000
1338 -203.0000000000
1359 -202.0000000000
1362 -201.0000000000
1387 -200.0000000000
1408 -199.0000000000
1433 -198.0000000000
1462 -197.0000000000
1477 -196.0000000000
1501 -195.0000000000
1513 -194.0000000000
1524 -193.0000000000
1531 -192.0000000000
1541 -191.0000000000
1556 -190.0000000000
1563 -189.0000000000
1578 -188.0000000000
1595 -186.0000000000
1627 -185.0000000000
1641 -184.0000000000
1661 -183.0000000000
1663 -182.0000000000
1702 -181.0000000000
1712 -180.0000000000
1744 -179.0000000000
1747 -178.0000000000
1765 -177.0000000000
1795 -176.0000000000
1816 -174.0000000000
1829 -173.0000000000
1842 -172.0000000000
1874 -170.0000000000
1902 -169.0000000000
1908 -168.0000000000
1938 -167.0000000000
1956 -166.0000000000
1977 -165.0000000000
2003 -164.0000000000
2020 -163.0000000000
2048 -162.0000000000
2075 -161.0000000000
2080 -160.0000000000
2108 -159.0000000000
2118 -158.0000000000
2149 -157.0000000000
2176 -156.0000000000
2197 -155.0000000000
2200 -154.0000000000
2213 -153.0000000000
2228 -152.0000000000
2242 -151.0000000000
2278 -149.0000000000
2346 -148.0000000000
2364 -147.0000000000
2378 -145.0000000000
2400 -144.0000000000
2415 -143.0000000000
2428 -142.0000000000
2446 -140.0000000000
2455 -139.0000000000
2475 -138.0000000000
2494 -137.0000000000
2514 -136.0000000000
2533 -135.0000000000
2537 -134.0000000000
2565 -133.0000000000
2608 -132.0000000000
2624 -131.0000000000
2665 -130.0000000000
2681 -129.0000000000
2714 -128.0000000000
2742 -126.0000000000
2801 -125.0000000000
2840 -124.0000000000
2847 -123.0000000000
2873 -122.0000000000
2887 -120.0000000000
2904 -119.0000000000
2928 -118.0000000000
2948 -117.0000000000
2972 -116.0000000000
3004 -115.0000000000
3023 -114.0000000000
3050 -113.0000000000
3075 -112.0000000000
3102 -111.0000000000
3186 -110.0000000000
3196 -108.0000000000
3247 -107.0000000000
3274 -106.0000000000
3300 -105.0000000000
3303 -104.0000000000
3342 -103.0000000000
3351 -102.0000000000
3376 -101.0000000000
3394 -100.0000000000
3417 -99.0000000000
3432 -98.0000000000
3440 -97.0000000000
3468 -96.0000000000
3476 -95.0000000000
3502 -94.0000000000
3514 -93.0000000000
3543 -92.0000000000
3567 -91.0000000000
3586 -90.0000000000
3600 -89.0000000000
3603 -88.0000000000
3625 -86.0000000000
3664 -84.0000000000
3703 -83.0000000000
3725 -82.0000000000
3748 -81.0000000000
3757 -80.0000000000
3775 -79.0000000000
3788 -78.0000000000
3797 -77.0000000000
3811 -76.0000000000
3829 -75.0000000000
3846 -74.0000000000
3867 -72.0000000000
3893 -71.0000000000
3907 -70.0000000000
3931 -69.0000000000
3954 -68.0000000000
3975 -67.0000000000
4026 -66.0000000000
4047 -65.0000000000
4092 -64.0000000000
4201 -63.0000000000
4241 -62.0000000000
4274 -61.0000000000
4306 -60.0000000000
4336 -59.0000000000
4363 -58.0000000000
4390 -57.0000000000
4433 -56.0000000000
4536 -55.0000000000
4618 -54.0000000000
4660 -53.0000000000
4747 -52.0000000000
4760 -51.0000000000
4775 -50.0000000000
4793 -49.0000000000
4811 -48.0000000000
4827 -47.0000000000
4845 -46.0000000000
4846 -45.0000000000
5032 -44.0000000000
5088 -43.0000000000
5152 -42.0000000000
5202 -41.0000000000
5257 -40.0000000000
5313 -39.0000000000
5372 -38.0000000000
5398 -37.0000000000
5461 -36.0000000000
5510 -35.0000000000
5558 -34.0000000000
5570 -33.0000000000
5614 -32.0000000000
5673 -31.0000000000
5766 -30.0000000000
5785 -29.0000000000
5865 -28.0000000000
5917 -27.0000000000
5953 -26.0000000000
5987 -25.0000000000
6024 -24.0000000000
6109 -23.0000000000
6154 -22.0000000000
6179 -21.0000000000
6185 -20.0000000000
6193 -19.0000000000
6266 -18.0000000000
6291 -17.0000000000
6422 -16.0000000000
6756 -15.0000000000
6891 -14.0000000000
6927 -12.0000000000
6997 -11.0000000000
7131 -10.0000000000
7198 -8.0000000000
7522 -7.0000000000
7577 -6.0000000000
7604 -5.0000000000
7916 -4.0000000000
8452 -3.0000000000
8900 -2.0000000000
9217 -1.0000000000
9382 603.0000000000
9894 613.0000000000
9908 634.0000000000
10010 634.0000000000
evaluations raw_y
1 -370.0000000000
2 -369.0000000000
4 -349.0000000000
26 -342.0000000000
33 -332.0000000000
48 -320.0000000000
49 -319.0000000000
72 -311.0000000000
78 -308.0000000000
99 -307.0000000000
100 -305.0000000000
109 -304.0000000000
120 -303.0000000000
131 -299.0000000000
156 -298.0000000000
162 -296.0000000000
168 -295.0000000000
194 -293.0000000000
202 -291.0000000000
221 -290.0000000000
224 -289.0000000000
228 -287.0000000000
244 -286.0000000000
275 -285.0000000000
277 -284.0000000000
280 -283.0000000000
295 -282.0000000000
300 -281.0000000000
310 -280.0000000000
313 -279.0000000000
326 -278.0000000000
330 -277.0000000000
363 -276.0000000000
388 -275.0000000000
391 -274.0000000000
410 -273.0000000000
421 -272.0000000000
444 -270.0000000000
460 -269.0000000000
491 -268.0000000000
514 -267.0000000000
517 -266.0000000000
526 -265.0000000000
538 -264.0000000000
544 -263.0000000000
555 -262.0000000000
560 -261.0000000000
571 -260.0000000000
579 -258.0000000000
601 -257.0000000000
612 -256.0000000000
622 -255.0000000000
631 -253.0000000000
639 -252.0000000000
671 -250.0000000000
702 -249.0000000000
738 -248.0000000000
754 -247.0000000000
774 -245.0000000000
804 -243.0000000000
821 -242.0000000000
839 -241.0000000000
862 -240.0000000000
878 -239.0000000000
882 -238.0000000000
894 -237.0000000000
905 -236.0000000000
920 -235.0000000000
924 -232.0000000000
928 -231.0000000000
966 -230.0000000000
968 -229.0000000000
983 -227.0000000000
999 -226.0000000000
1004 -225.0000000000
1015 -224.0000000000
1021 -223.0000000000
1036 -222.0000000000
1040 -220.0000000000
1048 -218.0000000000
1081 -217.0000000000
1103 -216.0000000000
1116 -214.0000000000
1143 -213.0000000000
1170 -212.0000000000
1172 -211.0000000000
1197 -210.0000000000
1210 -209.0000000000
1226 -208.0000000000
1227 -207.0000000000
1242 -206.0000000000
1261 -205.0000000000
1271 -204.0000000000
1272 -202.0000000000
1307 -201.0000000000
1309 -200.0000000000
1334 -199.0000000000
1356 -198.0000000000
1378 -197.0000000000
1379 -196.0000000000
1403 -195.0000000000
1428 -193.0000000000
1442 -191.0000000000
1458 -190.0000000000
1471 -189.0000000000
1481 -188.0000000000
1517 -187.0000000000
1532 -186.0000000000
1543 -185.0000000000
1547 -182.0000000000
1592 -181.0000000000
1610 -180.0000000000
1619 -179.0000000000
1643 -177.0000000000
1655 -176.0000000000
1686 -174.0000000000
1702 -172.0000000000
1727 -171.0000000000
1739 -170.0000000000
1749 -169.0000000000
1780 -168.0000000000
1788 -167.0000000000
1792 -165.0000000000
1826 -164.0000000000
1859 -163.0000000000
1862 -162.0000000000
1877 -161.0000000000
1888 -160.0000000000
1913 -159.0000000000
1928 -158.0000000000
1933 -157.0000000000
1948 -155.0000000000
1973 -154.0000000000
1984 -153.0000000000
2010 -152.0000000000
2033 -151.0000000000
2078 -150.0000000000
2089 -149.0000000000
2128 -148.0000000000
2146 -147.0000000000
2153 -146.0000000000
2173 -145.0000000000
2177 -144.0000000000
2195 -143.0000000000
2232 -142.0000000000
2243 -140.0000000000
2265 -139.0000000000
2281 -138.0000000000
2301 -137.0000000000
2328 -136.0000000000
2348 -134.0000000000
2381 -133.0000000000
2431 -132.0000000000
2450 -131.0000000000
2464 -129.0000000000
2489 -128.0000000000
2518 -127.0000000000
2526 -126.0000000000
2534 -125.0000000000
2562 -124.0000000000
2574 -123.0000000000
2576 -122.0000000000
2599 -120.0000000000
2636 -119.0000000000
2674 -118.0000000000
2678 -117.0000000000
2702 -115.0000000000
2718 -114.0000000000
2731 -113.0000000000
2739 -112.0000000000
2743 -111.0000000000
2750 -110.0000000000
2778 -109.0000000000
2826 -108.0000000000
2868 -107.0000000000
2899 -106.0000000000
2923 -105.0000000000
2954 -103.0000000000
2973 -102.0000000000
2993 -101.0000000000
3018 -99.0000000000
3042 -98.0000000000
3077 -97.0000000000
3088 -95.0000000000
3142 -93.0000000000
3202 -92.0000000000
3224 -91.0000000000
3297 -90.0000000000
3314 -89.0000000000
3323 -88.0000000000
3337 -87.0000000000
3338 -86.0000000000
3374 -84.0000000000
3412 -83.0000000000
3437 -82.0000000000
3449 -81.0000000000
3460 -80.0000000000
3512 -79.0000000000
3520 -78.0000000000
3547 -77.0000000000
3603 -76.0000000000
3635 -75.0000000000
3651 -74.0000000000
3709 -73.0000000000
3719 -72.0000000000
3765 -71.0000000000
3811 -70.0000000000
3844 -69.0000000000
3903 -68.0000000000
3934 -67.0000000000
3973 -66.0000000000
4017 -65.0000000000
4034 -64.0000000000
4050 -63.0000000000
4066 -62.0000000000
4090 -61.0000000000
4116 -60.0000000000
4161 -59.0000000000
4185 -58.0000000000
4229 -57.0000000000
4255 -56.0000000000
4306 -55.0000000000
4350 -54.0000000000
4362 -53.0000000000
4368 -52.0000000000
4419 -51.0000000000
4477 -50.0000000000
4512 -49.0000000000
4540 -48.0000000000
4567 -47.0000000000
4626 -46.0000000000
4704 -45.0000000000
4734 -44.0000000000
4754 -43.0000000000
4770 -42.0000000000
4800 -41.0000000000
4843 -40.0000000000
4913 -39.0000000000
4945 -38.0000000000
4966 -37.0000000000
5048 -36.0000000000
5105 -35.0000000000
5128 -34.0000000000
5159 -33.0000000000
5212 -32.0000000000
5217 -31.0000000000
5324 -30.0000000000
5364 -29.0000000000
5403 -27.0000000000
5520 -26.0000000000
5545 -25.0000000000
5719 -24.0000000000
5745 -23.0000000000
5789 -22.0000000000
6003 -21.0000000000
6221 -20.0000000000
6224 -19.0000000000
6257 -18.0000000000
6312 -17.0000000000
6366 -16.0000000000
6442 -15.0000000000
6468 -14.0000000000
6525 -13.0000000000
6665 -12.0000000000
6734 -11.0000000000
6748 -10.0000000000
7219 -9.0000000000
7439 -8.0000000000
7514 -7.0000000000
7587 -6.0000000000
7667 -5.0000000000
7784 -4.0000000000
7817 -3.0000000000
7933 -2.0000000000
8342 -1.0000000000
8497 601.0000000000
8941 602.0000000000
8963 612.0000000000
8986 617.0000000000
9039 620.0000000000
9370 624.0000000000
10010 -3.0000000000
evaluations raw_y
1 -372.0000000000
7 -371.0000000000
8 -369.0000000000
9 -356.0000000000
24 -348.0000000000
27 -335.0000000000
40 -328.0000000000
57 -325.0000000000
74 -320.0000000000
82 -315.0000000000
113 -314.0000000000
114 -313.0000000000
117 -312.0000000000
126 -309.0000000000
133 -308.0000000000
143 -305.0000000000
160 -304.0000000000
181 -303.0000000000
184 -302.0000000000
193 -301.0000000000
203 -300.0000000000
227 -299.0000000000
230 -298.0000000000
239 -296.0000000000
261 -294.0000000000
271 -293.0000000000
279 -291.0000000000
296 -290.0000000000
305 -289.0000000000
330 -288.0000000000
332 -287.0000000000
347 -286.0000000000
349 -284.0000000000
369 -282.0000000000
387 -281.0000000000
390 -280.0000000000
409 -277.0000000000
420 -275.0000000000
440 -274.0000000000
441 -273.0000000000
455 -272.0000000000
477 -270.0000000000
499 -269.0000000000
502 -268.0000000000
520 -267.0000000000
527 -266.0000000000
536 -265.0000000000
549 -264.0000000000
568 -263.0000000000
569 -262.0000000000
598 -260.0000000000
600 -259.0000000000
620 -258.0000000000
652 -257.0000000000
662 -256.0000000000
668 -255.0000000000
682 -254.0000000000
690 -253.0000000000
693 -251.0000000000
714 -249.0000000000
732 -248.0000000000
740 -247.0000000000
754 -245.0000000000
780 -244.0000000000
794 -243.0000000000
809 -242.0000000000
816 -241.0000000000
837 -240.0000000000
845 -238.0000000000
860 -237.0000000000
869 -236.0000000000
887 -234.0000000000
908 -233.0000000000
926 -232.0000000000
930 -231.0000000000
933 -230.0000000000
960 -229.0000000000
986 -227.0000000000
1000 -226.0000000000
1020 -225.0000000000
1031 -224.0000000000
1071 -223.0000000000
1079 -222.0000000000
1100 -220.0000000000
1135 -219.0000000000
1143 -218.0000000000
1170 -217.0000000000
1193 -216.0000000000
1209 -214.0000000000
1230 -213.0000000000
1240 -212.0000000000
1255 -211.0000000000
1268 -210.0000000000
1280 -209.0000000000
1282 -208.0000000000
1302 -207.0000000000
1318 -206.0000000000
1341 -203.0000000000
1366 -202.0000000000
1379 -201.0000000000
1398 -200.0000000000
1425 -199.0000000000
1447 -197.0000000000
1480 -196.0000000000
1499 -195.0000000000
1520 -194.0000000000
1542 -193.0000000000
1548 -192.0000000000
1559 -191.0000000000
1567 -190.0000000000
1633 -189.0000000000
1637 -188.0000000000
1646 -186.0000000000
1673 -185.0000000000
1683 -184.0000000000
1707 -183.0000000000
1717 -182.0000000000
1733 -181.0000000000
1743 -180.0000000000
1760 -178.0000000000
1776 -177.0000000000
1807 -176.0000000000
1809 -175.0000000000
1820 -174.0000000000
1833 -173.0000000000
1835 -172.0000000000
1885 -171.0000000000
1892 -169.0000000000
1917 -168.0000000000
1929 -167.0000000000
1945 -166.0000000000
1980 -165.0000000000
1982 -164.0000000000
2007 -162.0000000000
2030 -161.0000000000
2038 -160.0000000000
2052 -159.0000000000
2057 -158.0000000000
2069 -157.0000000000
2073 -156.0000000000
2100 -155.0000000000
2116 -154.0000000000
2126 -152.0000000000
2143 -151.0000000000
2163 -150.0000000000
2186 -149.0000000000
2217 -148.0000000000
2235 -147.0000000000
2246 -146.0000000000
2258 -145.0000000000
2281 -144.0000000000
2325 -143.0000000000
2358 -142.0000000000
2370 -141.0000000000
2382 -140.0000000000
2410 -139.0000000000
2433 -138.0000000000
2443 -137.0000000000
2482 -136.0000000000
2499 -135.0000000000
2518 -134.0000000000
2550 -133.0000000000
2565 -132.0000000000
2568 -131.0000000000
2603 -130.0000000000
2624 -129.0000000000
2625 -128.0000000000
2632 -127.0000000000
2656 -126.0000000000
2680 -125.0000000000
2683 -124.0000000000
2690 -123.0000000000
2721 -122.0000000000
2764 -120.0000000000
2801 -119.0000000000
2819 -118.0000000000
2846 -116.0000000000
2873 -115.0000000000
2897 -114.0000000000
2915 -113.0000000000
2928 -112.0000000000
2951 -111.0000000000
2981 -110.0000000000
2997 -109.0000000000
3017 -108.0000000000
3031 -107.0000000000
3043 -105.0000000000
3070 -103.0000000000
3096 -102.0000000000
3164 -101.0000000000
3178 -100.0000000000
3206 -99.0000000000
3236 -98.0000000000
3266 -97.0000000000
3311 -96.0000000000
3317 -95.0000000000
3347 -94.0000000000
3386 -93.0000000000
3408 -92.0000000000
3451 -91.0000000000
3492 -90.0000000000
3529 -89.0000000000
3552 -88.0000000000
3563 -87.0000000000
3580 -86.0000000000
3603 -85.0000000000
3648 -84.0000000000
3658 -83.0000000000
3708 -82.0000000000
3763 -81.0000000000
3819 -80.0000000000
3831 -79.0000000000
3863 -77.0000000000
3895 -76.0000000000
3915 -75.0000000000
3968 -74.0000000000
4034 -73.0000000000
4062 -72.0000000000
4075 -71.0000000000
4088 -70.0000000000
4093 -69.0000000000
4130 -68.0000000000
4174 -67.0000000000
4214 -66.0000000000
4228 -65.0000000000
4263 -64.0000000000
4291 -63.0000000000
4325 -61.0000000000
4360 -60.0000000000
4406 -59.0000000000
4477 -58.0000000000
4533 -57.0000000000
4539 -56.0000000000
4572 -54.0000000000
4639 -53.0000000000
4686 -52.0000000000
4707 -51.0000000000
4728 -50.0000000000
4743 -49.0000000000
4761 -48.0000000000
4786 -47.0000000000
4808 -46.0000000000
4837 -45.0000000000
4857 -44.0000000000
4863 -43.0000000000
4924 -42.0000000000
4973 -41.0000000000
5004 -40.0000000000
5047 -38.0000000000
5075 -37.0000000000
5126 -36.0000000000
5154 -35.0000000000
5228 -34.0000000000
5335 -33.0000000000
5337 -32.0000000000
5418 -31.0000000000
5457 -30.0000000000
5576 -29.0000000000
5586 -28.0000000000
5597 -27.0000000000
5690 -26.0000000000
5747 -25.0000000000
5801 -24.0000000000
5818 -23.0000000000
5882 -22.0000000000
5959 -21.0000000000
6045 -20.0000000000
6358 -19.0000000000
6439 -18.0000000000
6562 -17.0000000000
6646 -16.0000000000
6683 -15.0000000000
6713 -14.0000000000
6717 -13.0000000000
6766 -12.0000000000
6834 -11.0000000000
6852 -10.0000000000
6891 -9.0000000000
6917 -8.0000000000
7292 -7.0000000000
7418 -6.0000000000
7530 -5.0000000000
7627 -4.0000000000
7669 -3.0000000000
7736 -2.0000000000
7779 -1.0000000000
7871 640.0000000000
10010 640.0000000000
evaluations raw_y
1 -375.0000000000
2 -364.0000000000
3 -339.0000000000
15 -338.0000000000
26 -335.0000000000
27 -324.0000000000
36 -317.0000000000
49 -312.0000000000
61 -310.0000000000
63 -308.0000000000
70 -304.0000000000
83 -301.0000000000
94 -299.0000000000
102 -297.0000000000
106 -296.0000000000
125 -295.0000000000
129 -293.0000000000
136 -288.0000000000
158 -284.0000000000
172 -281.0000000000
184 -279.0000000000
189 -278.0000000000
199 -276.0000000000
212 -274.0000000000
238 -272.0000000000
256 -271.0000000000
263 -270.0000000000
287 -268.0000000000
314 -267.0000000000
326 -265.0000000000
354 -264.0000000000
357 -263.0000000000
363 -261.0000000000
375 -259.0000000000
398 -256.0000000000
413 -255.0000000000
430 -254.0000000000
443 -253.0000000000
463 -252.0000000000
473 -251.0000000000
475 -250.0000000000
498 -249.0000000000
509 -248.0000000000
520 -247.0000000000
539 -246.0000000000
544 -245.0000000000
549 -244.0000000000
584 -243.0000000000
600 -242.0000000000
611 -241.0000000000
615 -240.0000000000
628 -238.0000000000
645 -237.0000000000
653 -235.0000000000
673 -234.0000000000
683 -233.0000000000
688 -232.0000000000
707 -230.0000000000
733 -228.0000000000
745 -227.0000000000
752 -226.0000000000
766 -225.0000000000
779 -224.0000000000
792 -223.0000000000
818 -221.0000000000
862 -220.0000000000
886 -219.0000000000
887 -218.0000000000
918 -217.0000000000
921 -216.0000000000
952 -214.0000000000
960 -213.0000000000
990 -212.0000000000
1008 -210.0000000000
1024 -209.0000000000
1026 -208.0000000000
1051 -207.0000000000
1061 -206.0000000000
1082 -205.0000000000
1098 -204.0000000000
1126 -202.0000000000
1156 -201.0000000000
1174 -200.0000000000
1203 -199.0000000000
1231 -197.0000000000
1251 -195.0000000000
1271 -194.0000000000
1288 -193.0000000000
1300 -192.0000000000
1305 -191.0000000000
1315 -190.0000000000
1332 -189.0000000000
1338 -188.0000000000
1362 -187.0000000000
1382 -186.0000000000
1401 -185.0000000000
1403 -184.0000000000
1423 -183.0000000000
1440 -182.0000000000
1441 -181.0000000000
1451 -180.0000000000
1472 -179.0000000000
1480 -178.0000000000
1503 -177.0000000000
1525 -176.0000000000
1546 -175.0000000000
1572 -174.0000000000
1592 -173.0000000000
1607 -171.0000000000
1631 -170.0000000000
1633 -169.0000000000
1655 -168.0000000000
1682 -167.0000000000
1690 -166.0000000000
1691 -165.0000000000
1696 -164.0000000000
1722 -162.0000000000
1761 -161.0000000000
1769 -160.0000000000
1795 -159.0000000000
1807 -158.0000000000
1817 -157.0000000000
1845 -156.0000000000
1874 -155.0000000000
1896 -154.0000000000
1908 -153.0000000000
1930 -152.0000000000
1937 -151.0000000000
1958 -150.0000000000
1960 -149.0000000000
1983 -148.0000000000
1995 -147.0000000000
1996 -146.0000000000
2016 -145.0000000000
2024 -144.0000000000
2048 -143.0000000000
2062 -142.0000000000
2072 -141.0000000000
2080 -140.0000000000
2087 -139.0000000000
2091 -138.0000000000
2116 -137.0000000000
2122 -136.0000000000
2127 -135.0000000000
2142 -134.0000000000
2175 -133.0000000000
2191 -132.0000000000
2197 -131.0000000000
2211 -130.0000000000
2246 -129.0000000000
2265 -128.0000000000
2270 -127.0000000000
2306 -126.0000000000
2329 -125.0000000000
2354 -124.0000000000
2370 -123.0000000000
2392 -121.0000000000
2409 -120.0000000000
2438 -119.0000000000
2446 -118.0000000000
2517 -117.0000000000
2534 -116.0000000000
2544 -115.0000000000
2583 -114.0000000000
2588 -113.0000000000
2637 -111.0000000000
2652 -110.0000000000
2677 -109.0000000000
2690 -108.0000000000
2703 -107.0000000000
2733 -106.0000000000
2757 -105.0000000000
2761 -104.0000000000
2797 -103.0000000000
2815 -102.0000000000
2849 -101.0000000000
2881 -100.0000000000
2904 -99.0000000000
2923 -98.0000000000
2949 -97.0000000000
2955 -96.0000000000
2961 -95.0000000000
2991 -94.0000000000
3020 -93.0000000000
3061 -92.0000000000
3077 -91.0000000000
3112 -90.0000000000
3153 -89.0000000000
3180 -88.0000000000
3199 -87.0000000000
3234 -86.0000000000
3302 -85.0000000000
3369 -84.0000000000
3442 -83.0000000000
3443 -82.0000000000
3491 -81.0000000000
3552 -80.0000000000
3630 -79.0000000000
3679 -78.0000000000
3682 -77.0000000000
3718 -76.0000000000
3755 -75.0000000000
3770 -74.0000000000
3819 -73.0000000000
3846 -72.0000000000
3873 -71.0000000000
3878 -70.0000000000
3903 -69.0000000000
3936 -68.0000000000
4022 -67.0000000000
4066 -66.0000000000
4077 -65.0000000000
4099 -64.0000000000
4140 -63.0000000000
4177 -62.0000000000
4205 -61.0000000000
4297 -60.0000000000
4316 -58.0000000000
4352 -57.0000000000
4363 -55.0000000000
4435 -54.0000000000
4484 -53.0000000000
4499 -52.0000000000
4606 -51.0000000000
4629 -50.0000000000
4684 -49.0000000000
4706 -48.0000000000
4761 -47.0000000000
4782 -46.0000000000
4787 -45.0000000000
4825 -44.0000000000
4847 -43.0000000000
4875 -42.0000000000
4904 -41.0000000000
5037 -40.0000000000
5143 -39.0000000000
5329 -38.0000000000
5361 -37.0000000000
5388 -36.0000000000
5422 -35.0000000000
5475 -34.0000000000
5510 -33.0000000000
5550 -32.0000000000
5638 -31.0000000000
5677 -30.0000000000
5820 -29.0000000000
6037 -28.0000000000
6180 -27.0000000000
6221 -26.0000000000
6285 -25.0000000000
6334 -24.0000000000
6357 -23.0000000000
6383 -22.0000000000
6492 -21.0000000000
6546 -20.0000000000
6623 -19.0000000000
6715 -18.0000000000
6728 -17.0000000000
7281 -16.0000000000
7368 -15.0000000000
7414 -14.0000000000
7494 -13.0000000000
7566 -12.0000000000
7617 -11.0000000000
7666 -10.0000000000
7701 -9.0000000000
7728 -8.0000000000
7782 -7.0000000000
7851 -6.0000000000
8137 -5.0000000000
8550 -4.0000000000
8700 -3.0000000000
8823 -2.0000000000
9149 -1.0000000000
9363 587.0000000000
10010 587.0000000000
evaluations raw_y
1 -355.0000000000
44 -347.0000000000
49 -337.0000000000
88 -335.0000000000
90 -332.0000000000
91 -323.0000000000
103 -320.0000000000
117 -319.0000000000
124 -318.0000000000
132 -316.0000000000
136 -311.0000000000
149 -310.0000000000
156 -309.0000000000
165 -307.0000000000
194 -306.0000000000
203 -302.0000000000
213 -301.0000000000
236 -300.0000000000
249 -299.0000000000
250 -298.0000000000
257 -297.0000000000
276 -296.0000000000
277 -295.0000000000
279 -294.0000000000
286 -293.0000000000
308 -292.0000000000
311 -291.0000000000
324 -290.0000000000
340 -289.0000000000
355 -288.0000000000
377 -287.0000000000
401 -286.0000000000
413 -285.0000000000
422 -284.0000000000
432 -283.0000000000
440 -282.0000000000
463 -279.0000000000
471 -277.0000000000
478 -275.0000000000
500 -274.0000000000
521 -273.0000000000
552 -272.0000000000
579 -271.0000000000
591 -270.0000000000
596 -269.0000000000
613 -268.0000000000
625 -267.0000000000
633 -266.0000000000
636 -264.0000000000
649 -263.0000000000
667 -262.0000000000
683 -261.0000000000
690 -260.0000000000
698 -259.0000000000
712 -257.0000000000
739 -256.0000000000
748 -255.0000000000
779 -254.0000000000
794 -253.0000000000
806 -252.0000000000
811 -251.0000000000
821 -249.0000000000
850 -248.0000000000
856 -247.0000000000
859 -246.0000000000
868 -245.0000000000
894 -243.0000000000
899 -242.0000000000
915 -241.0000000000
921 -240.0000000000
949 -239.0000000000
955 -238.0000000000
985 -237.0000000000
1001 -236.0000000000
1010 -235.0000000000
1032 -234.0000000000
1033 -233.0000000000
1051 -232.0000000000
1071 -231.0000000000
1080 -230.0000000000
1095 -229.0000000000
1099 -227.0000000000
1129 -226.0000000000
1131 -225.0000000000
1134 -224.0000000000
1165 -223.0000000000
1186 -222.0000000000
1192 -219.0000000000
1220 -218.0000000000
1233 -217.0000000000
1249 -216.0000000000
1259 -215.0000000000
1274 -214.0000000000
1286 -213.0000000000
1300 -212.0000000000
1317 -210.0000000000
1327 -209.0000000000
1347 -208.0000000000
1405 -207.0000000000
1422 -206.0000000000
1425 -205.0000000000
1440 -204.0000000000
1468 -203.0000000000
1498 -202.0000000000
1518 -201.0000000000
1530 -200.0000000000
1544 -199.0000000000
1553 -198.0000000000
1582 -196.0000000000
1584 -194.0000000000
1621 -193.0000000000
1633 -192.0000000000
1665 -191.0000000000
1715 -190.0000000000
1743 -189.0000000000
1751 -188.0000000000
1757 -187.0000000000
1764 -186.0000000000
1774 -185.0000000000
1797 -184.0000000000
1810 -183.0000000000
1831 -182.0000000000
1845 -181.0000000000
1848 -180.0000000000
1850 -179.0000000000
1870 -178.0000000000
1886 -177.0000000000
1917 -176.0000000000
1921 -175.0000000000
1936 -174.0000000000
1955 -173.0000000000
1968 -172.0000000000
1978 -171.0000000000
1997 -168.0000000000
2021 -166.0000000000
2070 -165.0000000000
2085 -164.0000000000
2089 -163.0000000000
2103 -162.0000000000
2125 -161.0000000000
2127 -160.0000000000
2156 -159.0000000000
2163 -158.0000000000
2173 -157.0000000000
2183 -156.0000000000
2196 -155.0000000000
2201 -153.0000000000
2222 -151.0000000000
2243 -150.0000000000
2264 -149.0000000000
2275 -148.0000000000
2292 -147.0000000000
2296 -146.0000000000
2301 -145.0000000000
2317 -144.0000000000
2331 -143.0000000000
2351 -142.0000000000
2373 -141.0000000000
2384 -140.0000000000
2400 -138.0000000000
2451 -137.0000000000
2469 -136.0000000000
2499 -135.0000000000
2519 -134.0000000000
2543 -133.0000000000
2547 -132.0000000000
2561 -131.0000000000
2578 -130.0000000000
2603 -129.0000000000
2612 -128.0000000000
2630 -127.0000000000
2663 -126.0000000000
2677 -125.0000000000
2684 -124.0000000000
2713 -123.0000000000
2738 -122.0000000000
2758 -121.0000000000
2815 -120.0000000000
2828 -119.0000000000
2880 -118.0000000000
2908 -117.0000000000
2928 -116.0000000000
2949 -115.0000000000
2975 -114.0000000000
2988 -113.0000000000
3030 -112.0000000000
3036 -111.0000000000
3078 -110.0000000000
3103 -109.0000000000
3133 -107.0000000000
3142 -106.0000000000
3174 -105.0000000000
3199 -104.0000000000
3204 -103.0000000000
3250 -102.0000000000
3269 -101.0000000000
3295 -100.0000000000
3323 -99.0000000000
3343 -98.0000000000
3368 -97.0000000000
3408 -96.0000000000
3425 -95.0000000000
3490 -94.0000000000
3507 -93.0000000000
3528 -92.0000000000
3532 -91.0000000000
3547 -90.0000000000
3583 -89.0000000000
3605 -88.0000000000
3629 -87.0000000000
3653 -86.0000000000
3692 -85.0000000000
3722 -84.0000000000
3752 -83.0000000000
3754 -82.0000000000
3809 -80.0000000000
3845 -79.0000000000
3860 -78.0000000000
3861 -77.0000000000
3889 -76.0000000000
3898 -75.0000000000
3919 -74.0000000000
3925 -73.0000000000
4015 -72.0000000000
4078 -70.0000000000
4117 -69.0000000000
4159 -68.0000000000
4206 -67.0000000000
4232 -66.0000000000
4252 -65.0000000000
4280 -64.0000000000
4290 -63.0000000000
4316 -62.0000000000
4393 -60.0000000000
4455 -59.0000000000
4620 -58.0000000000
4700 -57.0000000000
4771 -56.0000000000
4806 -55.0000000000
4828 -54.0000000000
4841 -53.0000000000
4895 -52.0000000000
4936 -51.0000000000
5038 -50.0000000000
5080 -49.0000000000
5100 -48.0000000000
5137 -47.0000000000
5181 -46.0000000000
5207 -45.0000000000
5277 -44.0000000000
5407 -43.0000000000
5452 -42.0000000000
5541 -41.0000000000
5607 -40.0000000000
5636 -39.0000000000
5640 -37.0000000000
5665 -36.0000000000
5675 -35.0000000000
5704 -34.0000000000
5783 -33.0000000000
5840 -32.0000000000
6178 -31.0000000000
6195 -30.0000000000
6250 -29.0000000000
6276 -28.0000000000
6341 -27.0000000000
6404 -26.0000000000
6545 -25.0000000000
6639 -24.0000000000
6703 -23.0000000000
6768 -22.0000000000
6801 -21.0000000000
7007 -20.0000000000
7024 -19.0000000000
7045 -18.0000000000
7141 -17.0000000000
7169 -16.0000000000
7218 -15.0000000000
7246 -14.0000000000
7278 -13.0000000000
7331 -12.0000000000
7551 -11.0000000000
7662 -10.0000000000
7768 -9.0000000000
8005 -8.0000000000
8449 -7.0000000000
8564 -6.0000000000
8719 -5.0000000000
8747 -4.0000000000
9147 -3.0000000000
9643 -2.0000000000
10010 -2.0000000000
evaluations raw_y
1 -357.0000000000
8 -356.0000000000
10 -340.0000000000
23 -338.0000000000
27 -337.0000000000
30 -328.0000000000
36 -327.0000000000
42 -318.0000000000
52 -310.0000000000
55 -303.0000000000
91 -302.0000000000
107 -297.0000000000
120 -296.0000000000
124 -295.0000000000
128 -294.0000000000
134 -289.0000000000
165 -288.0000000000
167 -287.0000000000
180 -286.0000000000
182 -285.0000000000
199 -284.0000000000
223 -282.0000000000
239 -281.0000000000
252 -280.0000000000
253 -279.0000000000
289 -277.0000000000
328 -276.0000000000
337 -275.0000000000
352 -274.0000000000
360 -273.0000000000
388 -271.0000000000
401 -270.0000000000
406 -269.0000000000
414 -268.0000000000
418 -266.0000000000
428 -264.0000000000
441 -263.0000000000
454 -262.0000000000
471 -261.0000000000
481 -260.0000000000
503 -259.0000000000
515 -258.0000000000
521 -257.0000000000
526 -256.0000000000
546 -255.0000000000
567 -254.0000000000
585 -253.0000000000
605 -252.0000000000
618 -251.0000000000
622 -250.0000000000
629 -249.0000000000
662 -248.0000000000
673 -247.0000000000
684 -246.0000000000
704 -245.0000000000
727 -244.0000000000
732 -243.0000000000
756 -242.0000000000
762 -241.0000000000
780 -240.0000000000
782 -239.0000000000
786 -238.0000000000
800 -236.0000000000
809 -235.0000000000
813 -233.0000000000
830 -232.0000000000
844 -231.0000000000
867 -230.0000000000
868 -229.0000000000
876 -228.0000000000
891 -227.0000000000
906 -226.0000000000
907 -224.0000000000
944 -222.0000000000
967 -221.0000000000
984 -218.0000000000
1040 -217.0000000000
1041 -215.0000000000
1045 -214.0000000000
1062 -213.0000000000
1070 -212.0000000000
1084 -211.0000000000
1098 -210.0000000000
1111 -209.0000000000
1130 -208.0000000000
1136 -207.0000000000
1141 -206.0000000000
1155 -205.0000000000
1175 -204.0000000000
1199 -201.0000000000
1218 -200.0000000000
1226 -199.0000000000
1246 -198.0000000000
1266 -197.0000000000
1295 -196.0000000000
1316 -195.0000000000
1321 -194.0000000000
1338 -193.0000000000
1360 -191.0000000000
1400 -190.0000000000
1432 -187.0000000000
1464 -186.0000000000
1480 -185.0000000000
1510 -184.0000000000
1535 -183.0000000000
1541 -182.0000000000
1555 -181.0000000000
1568 -179.0000000000
1576 -178.0000000000
1595 -177.0000000000
1619 -176.0000000000
1633 -175.0000000000
1657 -174.0000000000
1659 -173.0000000000
1667 -172.0000000000
1732 -171.0000000000
1761 -170.0000000000
1779 -169.0000000000
1806 -167.0000000000
1829 -166.0000000000
1864 -165.0000000000
1869 -164.0000000000
1931 -163.0000000000
1957 -162.0000000000
1989 -161.0000000000
2021 -160.0000000000
2041 -159.0000000000
2072 -157.0000000000
2080 -156.0000000000
2095 -155.0000000000
2123 -154.0000000000
2133 -153.0000000000
2161 -152.0000000000
2199 -151.0000000000
2208 -150.0000000000
2243 -149.0000000000
2253 -147.0000000000
2273 -146.0000000000
2283 -145.0000000000
2288 -144.0000000000
2306 -143.0000000000
2311 -142.0000000000
2334 -141.0000000000
2393 -140.0000000000
2398 -139.0000000000
2412 -137.0000000000
2456 -136.0000000000
2468 -135.0000000000
2487 -133.0000000000
2521 -132.0000000000
2532 -131.0000000000
2545 -130.0000000000
2557 -129.0000000000
2580 -128.0000000000
2602 -127.0000000000
2651 -126.0000000000
2652 -125.0000000000
2712 -124.0000000000
2718 -123.0000000000
2744 -122.0000000000
2748 -120.0000000000
2781 -119.0000000000
2799 -118.0000000000
2846 -117.0000000000
2855 -116.0000000000
2863 -115.0000000000
2877 -114.0000000000
2893 -113.0000000000
2912 -112.0000000000
2949 -111.0000000000
2960 -110.0000000000
2977 -108.0000000000
3021 -107.0000000000
3055 -106.0000000000
3105 -105.0000000000
3112 -104.0000000000
3156 -103.0000000000
3175 -102.0000000000
3188 -101.0000000000
3218 -100.0000000000
3235 -99.0000000000
3256 -98.0000000000
3318 -97.0000000000
3359 -96.0000000000
3365 -95.0000000000
3374 -94.0000000000
3417 -93.0000000000
3423 -92.0000000000
3458 -91.0000000000
3495 -90.0000000000
3513 -88.0000000000
3551 -87.0000000000
3555 -86.0000000000
3569 -85.0000000000
3602 -84.0000000000
3616 -83.0000000000
3632 -82.0000000000
3674 -81.0000000000
3677 -80.0000000000
3698 -79.0000000000
3728 -78.0000000000
3759 -77.0000000000
3789 -76.0000000000
3800 -75.0000000000
3810 -74.0000000000
3839 -73.0000000000
3862 -72.0000000000
3865 -71.0000000000
3887 -70.0000000000
3917 -69.0000000000
3993 -68.0000000000
4049 -67.0000000000
4081 -66.0000000000
4122 -65.0000000000
4146 -64.0000000000
4148 -62.0000000000
4158 -61.0000000000
4198 -60.0000000000
4227 -59.0000000000
4345 -58.0000000000
4360 -57.0000000000
4372 -56.0000000000
4422 -55.0000000000
4444 -54.0000000000
4632 -53.0000000000
4708 -52.0000000000
4744 -51.0000000000
4795 -50.0000000000
4821 -49.0000000000
4901 -48.0000000000
4929 -47.0000000000
4962 -46.0000000000
5039 -45.0000000000
5065 -44.0000000000
5072 -43.0000000000
5100 -42.0000000000
5120 -41.0000000000
5184 -40.0000000000
5204 -39.0000000000
5344 -38.0000000000
5374 -37.0000000000
5506 -36.0000000000
5550 -35.0000000000
5591 -34.0000000000
5605 -33.0000000000
5608 -32.0000000000
5785 -31.0000000000
5883 -30.0000000000
5937 -29.0000000000
5995 -28.0000000000
6047 -27.0000000000
6148 -26.0000000000
6151 -25.0000000000
6211 -24.0000000000
6422 -23.0000000000
6455 -22.0000000000
6481 -21.0000000000
6526 -20.0000000000
6537 -19.0000000000
6614 -18.0000000000
6692 -17.0000000000
6765 -16.0000000000
6829 -15.0000000000
6980 -14.0000000000
7010 -13.0000000000
7197 -12.0000000000
7262 -11.0000000000
7284 -10.0000000000
7597 -9.0000000000
8017 -8.0000000000
8050 -7.0000000000
8110 -6.0000000000
8249 -5.0000000000
8276 -4.0000000000
8412 -3.0000000000
8462 -2.0000000000
9113 -1.0000000000
9297 600.0000000000
9466 622.0000000000
10010 622.0000000000
evaluations raw_y
1 -383.0000000000
2 -353.0000000000
7 -347.0000000000
10 -342.0000000000
27 -331.0000000000
33 -324.0000000000
48 -321.0000000000
52 -314.0000000000
57 -298.0000000000
81 -296.0000000000
91 -294.0000000000
98 -293.0000000000
100 -292.0000000000
105 -291.0000000000
119 -289.0000000000
120 -288.0000000000
121 -281.0000000000
144 -280.0000000000
151 -278.0000000000
159 -276.0000000000
168 -275.0000000000
174 -273.0000000000
178 -272.0000000000
198 -270.0000000000
225 -269.0000000000
245 -268.0000000000
263 -267.0000000000
282 -266.0000000000
293 -265.0000000000
302 -264.0000000000
307 -263.0000000000
320 -262.0000000000
324 -260.0000000000
339 -259.0000000000
349 -258.0000000000
356 -257.0000000000
360 -256.0000000000
375 -255.0000000000
378 -254.0000000000
383 -253.0000000000
398 -252.0000000000
416 -250.0000000000
438 -249.0000000000
444 -247.0000000000
451 -245.0000000000
484 -244.0000000000
491 -243.0000000000
512 -241.0000000000
526 -240.0000000000
529 -239.0000000000
538 -238.0000000000
545 -236.0000000000
578 -235.0000000000
579 -233.0000000000
610 -231.0000000000
651 -230.0000000000
653 -229.0000000000
701 -228.0000000000
712 -226.0000000000
724 -225.0000000000
743 -224.0000000000
758 -223.0000000000
773 -222.0000000000
792 -221.0000000000
809 -219.0000000000
826 -218.0000000000
842 -216.0000000000
876 -215.0000000000
891 -214.0000000000
911 -213.0000000000
939 -212.0000000000
957 -211.0000000000
970 -210.0000000000
977 -209.0000000000
1002 -208.0000000000
1026 -207.0000000000
1043 -206.0000000000
1049 -205.0000000000
1057 -204.0000000000
1066 -203.0000000000
1068 -202.0000000000
1091 -201.0000000000
1104 -200.0000000000
1119 -199.0000000000
1135 -198.0000000000
1163 -197.0000000000
1182 -196.0000000000
1226 -195.0000000000
1256 -194.0000000000
1263 -193.0000000000
1273 -192.0000000000
1302 -191.0000000000
1325 -190.0000000000
1340 -189.0000000000
1343 -188.0000000000
1362 -187.0000000000
1382 -186.0000000000
1388 -185.0000000000
1408 -184.0000000000
1429 -181.0000000000
1456 -180.0000000000
1476 -178.0000000000
1485 -177.0000000000
1502 -176.0000000000
1510 -174.0000000000
1525 -173.0000000000
1546 -172.0000000000
1607 -171.0000000000
1629 -170.0000000000
1637 -169.0000000000
1643 -167.0000000000
1678 -166.0000000000
1710 -165.0000000000
1750 -164.0000000000
1766 -163.0000000000
1793 -162.0000000000
1817 -161.0000000000
1827 -160.0000000000
1837 -159.0000000000
1847 -158.0000000000
1883 -157.0000000000
1884 -156.0000000000
1895 -155.0000000000
1930 -154.0000000000
1956 -153.0000000000
1958 -151.0000000000
1979 -150.0000000000
1996 -149.0000000000
2026 -148.0000000000
2044 -147.0000000000
2049 -146.0000000000
2058 -145.0000000000
2080 -144.0000000000
2097 -143.0000000000
2104 -142.0000000000
2135 -141.0000000000
2144 -140.0000000000
2174 -139.0000000000
2210 -138.0000000000
2215 -136.0000000000
2261 -134.0000000000
2290 -133.0000000000
2306 -131.0000000000
2346 -130.0000000000
2350 -129.0000000000
2366 -128.0000000000
2375 -127.0000000000
2435 -126.0000000000
2461 -124.0000000000
2483 -123.0000000000
2499 -122.0000000000
2523 -121.0000000000
2532 -120.0000000000
2563 -119.0000000000
2588 -118.0000000000
2638 -117.0000000000
2693 -116.0000000000
2707 -115.0000000000
2725 -114.0000000000
2760 -113.0000000000
2779 -112.0000000000
2793 -110.0000000000
2835 -108.0000000000
2864 -107.0000000000
2910 -106.0000000000
2920 -105.0000000000
2928 -104.0000000000
2966 -102.0000000000
3022 -101.0000000000
3035 -100.0000000000
3052 -99.0000000000
3112 -98.0000000000
3168 -97.0000000000
3222 -96.0000000000
3265 -95.0000000000
3279 -94.0000000000
3285 -93.0000000000
3296 -92.0000000000
3323 -91.0000000000
3345 -90.0000000000
3354 -89.0000000000
3370 -88.0000000000
3378 -87.0000000000
3389 -86.0000000000
3405 -85.0000000000
3422 -84.0000000000
3439 -83.0000000000
3475 -82.0000000000
3521 -81.0000000000
3553 -80.0000000000
3572 -79.0000000000
3593 -77.0000000000
3619 -76.0000000000
3629 -75.0000000000
3661 -73.0000000000
3689 -72.0000000000
3707 -71.0000000000
3712 -70.0000000000
3771 -69.0000000000
3774 -68.0000000000
3800 -67.0000000000
3849 -66.0000000000
3883 -65.0000000000
3914 -64.0000000000
3988 -63.0000000000
4024 -62.0000000000
4071 -61.0000000000
4092 -60.0000000000
4204 -59.0000000000
4257 -58.0000000000
4298 -57.0000000000
4308 -56.0000000000
4346 -55.0000000000
4403 -54.0000000000
4555 -53.0000000000
4644 -51.0000000000
4686 -50.0000000000
4704 -49.0000000000
4732 -48.0000000000
4761 -47.0000000000
4836 -46.0000000000
4880 -45.0000000000
4903 -44.0000000000
4914 -43.0000000000
4944 -42.0000000000
4988 -41.0000000000
5048 -40.0000000000
5087 -39.0000000000
5126 -38.0000000000
5168 -37.0000000000
5192 -36.0000000000
5250 -35.0000000000
5282 -34.0000000000
5395 -33.0000000000
5470 -32.0000000000
5488 -31.0000000000
5640 -30.0000000000
5727 -29.0000000000
5758 -28.0000000000
5820 -27.0000000000
6141 -26.0000000000
6162 -25.0000000000
6180 -24.0000000000
6297 -23.0000000000
6318 -22.0000000000
6378 -21.0000000000
6495 -20.0000000000
6724 -19.0000000000
6813 -18.0000000000
6974 -17.0000000000
7015 -16.0000000000
7052 -15.0000000000
7069 -14.0000000000
7101 -13.0000000000
7149 -12.0000000000
7215 -11.0000000000
7296 -10.0000000000
7478 -9.0000000000
7565 -8.0000000000
7632 -7.0000000000
7847 -6.0000000000
7894 -5.0000000000
8049 -4.0000000000
8564 -3.0000000000
8974 -2.0000000000
9156 -1.0000000000
9223 612.0000000000
10010 612.0000000000
evaluations raw_y
1 -343.0000000000
33 -341.0000000000
37 -339.0000000000
42 -335.0000000000
44 -333.0000000000
48 -331.0000000000
49 -329.0000000000
51 -326.0000000000
58 -322.0000000000
77 -316.0000000000
116 -313.0000000000
121 -312.0000000000
122 -311.0000000000
146 -310.0000000000
147 -309.0000000000
153 -308.0000000000
160 -307.0000000000
175 -305.0000000000
178 -304.0000000000
182 -303.0000000000
191 -302.0000000000
203 -301.0000000000
205 -300.0000000000
215 -299.0000000000
239 -296.0000000000
252 -295.0000000000
270 -294.0000000000
287 -292.0000000000
295 -291.0000000000
308 -290.0000000000
322 -289.0000000000
325 -288.0000000000
330 -287.0000000000
334 -286.0000000000
347 -285.0000000000
355 -284.0000000000
358 -283.0000000000
377 -281.0000000000
396 -280.0000000000
410 -279.0000000000
434 -278.0000000000
462 -277.0000000000
488 -275.0000000000
536 -274.0000000000
549 -273.0000000000
565 -272.0000000000
574 -271.0000000000
584 -270.0000000000
597 -269.0000000000
615 -268.0000000000
630 -267.0000000000
635 -266.0000000000
678 -265.0000000000
683 -263.0000000000
711 -262.0000000000
720 -261.0000000000
735 -260.0000000000
736 -259.0000000000
779 -258.0000000000
793 -257.0000000000
796 -256.0000000000
813 -255.0000000000
829 -253.0000000000
842 -252.0000000000
847 -249.0000000000
880 -248.0000000000
892 -247.0000000000
921 -246.0000000000
928 -244.0000000000
935 -243.0000000000
958 -242.0000000000
983 -241.0000000000
1010 -240.0000000000
1019 -239.0000000000
1030 -238.0000000000
1054 -237.0000000000
1094 -235.0000000000
1109 -234.0000000000
1130 -233.0000000000
1144 -232.0000000000
1145 -231.0000000000
1159 -230.0000000000
1182 -229.0000000000
1191 -228.0000000000
1196 -227.0000000000
1215 -224.0000000000
1239 -222.0000000000
1270 -221.0000000000
1292 -220.0000000000
1312 -219.0000000000
1323 -218.0000000000
1329 -217.0000000000
1347 -216.0000000000
1349 -215.0000000000
1377 -214.0000000000
1378 -213.0000000000
1403 -212.0000000000
1408 -211.0000000000
1428 -210.0000000000
1442 -209.0000000000
1454 -208.0000000000
1486 -207.0000000000
1509 -206.0000000000
1531 -205.0000000000
1542 -204.0000000000
1552 -203.0000000000
1570 -202.0000000000
1581 -201.0000000000
1584 -200.0000000000
1628 -199.0000000000
1636 -198.0000000000
1652 -196.0000000000
1687 -195.0000000000
1701 -194.0000000000
1714 -193.0000000000
1722 -192.0000000000
1743 -191.0000000000
1766 -190.0000000000
1770 -189.0000000000
1802 -188.0000000000
1818 -187.0000000000
1824 -186.0000000000
1852 -185.0000000000
1871 -184.0000000000
1895 -183.0000000000
1915 -182.0000000000
1918 -181.0000000000
1924 -180.0000000000
1958 -179.0000000000
1968 -178.0000000000
1970 -177.0000000000
2005 -176.0000000000
2013 -175.0000000000
2038 -174.0000000000
2053 -173.0000000000
2059 -172.0000000000
2069 -171.0000000000
2098 -170.0000000000
2138 -169.0000000000
2168 -168.0000000000
2171 -167.0000000000
2172 -166.0000000000
2199 -165.0000000000
2227 -163.0000000000
2253 -162.0000000000
2286 -161.0000000000
2337 -160.0000000000
2382 -159.0000000000
2391 -158.0000000000
2415 -157.0000000000
2448 -155.0000000000
2484 -154.0000000000
2499 -152.0000000000
2503 -151.0000000000
2522 -150.0000000000
2538 -149.0000000000
2546 -148.0000000000
2564 -147.0000000000
2584 -146.0000000000
2585 -145.0000000000
2615 -144.0000000000
2620 -143.0000000000
2642 -142.0000000000
2643 -141.0000000000
2654 -140.0000000000
2675 -139.0000000000
2684 -138.0000000000
2690 -137.0000000000
2691 -136.0000000000
2704 -135.0000000000
2747 -134.0000000000
2765 -133.0000000000
2782 -132.0000000000
2826 -131.0000000000
2844 -130.0000000000
2863 -129.0000000000
2888 -128.0000000000
2905 -127.0000000000
2933 -126.0000000000
2972 -125.0000000000
3004 -124.0000000000
3057 -123.0000000000
3103 -122.0000000000
3111 -121.0000000000
3121 -120.0000000000
3123 -119.0000000000
3143 -118.0000000000
3169 -117.0000000000
3202 -116.0000000000
3208 -115.0000000000
3236 -114.0000000000
3284 -113.0000000000
3291 -112.0000000000
3310 -111.0000000000
3328 -110.0000000000
3339 -109.0000000000
3359 -108.0000000000
3396 -107.0000000000
3436 -106.0000000000
3450 -105.0000000000
3471 -104.0000000000
3490 -103.0000000000
3503 -102.0000000000
3524 -101.0000000000
3527 -100.0000000000
3554 -99.0000000000
3565 -98.0000000000
3585 -97.0000000000
3602 -96.0000000000
3636 -95.0000000000
3668 -94.0000000000
3699 -93.0000000000
3734 -91.0000000000
3745 -90.0000000000
3768 -89.0000000000
3803 -88.0000000000
3847 -87.0000000000
3880 -86.0000000000
3923 -85.0000000000
3991 -84.0000000000
4016 -83.0000000000
4094 -82.0000000000
4106 -81.0000000000
4150 -80.0000000000
4189 -78.0000000000
4202 -77.0000000000
4241 -76.0000000000
4261 -75.0000000000
4266 -74.0000000000
4293 -73.0000000000
4323 -72.0000000000
4337 -71.0000000000
4366 -69.0000000000
4374 -68.0000000000
4394 -67.0000000000
4430 -66.0000000000
4472 -65.0000000000
4501 -64.0000000000
4507 -63.0000000000
4542 -62.0000000000
4574 -61.0000000000
4594 -60.0000000000
4628 -59.0000000000
4646 -58.0000000000
4691 -57.0000000000
4703 -56.0000000000
4718 -55.0000000000
4734 -54.0000000000
4779 -53.0000000000
4853 -52.0000000000
4878 -51.0000000000
4900 -50.0000000000
4936 -49.0000000000
4995 -48.0000000000
5037 -47.0000000000
5113 -46.0000000000
5142 -45.0000000000
5175 -44.0000000000
5181 -43.0000000000
5193 -42.0000000000
5219 -41.0000000000
5243 -39.0000000000
5316 -37.0000000000
5390 -36.0000000000
5412 -35.0000000000
5414 -34.0000000000
5445 -33.0000000000
5478 -32.0000000000
5508 -31.0000000000
5581 -30.0000000000
5627 -28.0000000000
5848 -27.0000000000
5901 -26.0000000000
5990 -25.0000000000
6026 -24.0000000000
6123 -23.0000000000
6172 -22.0000000000
6215 -21.0000000000
6263 -20.0000000000
6400 -19.0000000000
6834 -18.0000000000
6964 -17.0000000000
7049 -16.0000000000
7126 -15.0000000000
7252 -14.0000000000
7482 -13.0000000000
7655 -12.0000000000
7727 -11.0000000000
7761 -10.0000000000
7799 -9.0000000000
7811 -8.0000000000
7885 -7.0000000000
8138 -6.0000000000
8273 -5.0000000000
8285 -4.0000000000
8325 -3.0000000000
8407 -2.0000000000
8451 -1.0000000000
8939 634.0000000000
10010 634.0000000000
evaluations raw_y
1 -354.0000000000
2 -346.0000000000
11 -341.0000000000
16 -339.0000000000
20 -330.0000000000
28 -321.0000000000
41 -320.0000000000
45 -318.0000000000
46 -317.0000000000
59 -315.0000000000
63 -311.0000000000
77 -309.0000000000
90 -305.0000000000
91 -303.0000000000
94 -302.0000000000
96 -299.0000000000
105 -298.0000000000
113 -297.0000000000
121 -296.0000000000
128 -295.0000000000
141 -292.0000000000
149 -291.0000000000
161 -290.0000000000
179 -289.0000000000
181 -287.0000000000
207 -285.0000000000
225 -283.0000000000
234 -282.0000000000
239 -281.0000000000
252 -280.0000000000
253 -279.0000000000
271 -278.0000000000
273 -277.0000000000
281 -276.0000000000
293 -275.0000000000
307 -274.0000000000
314 -273.0000000000
319 -271.0000000000
348 -270.0000000000
356 -269.0000000000
367 -268.0000000000
370 -267.0000000000
392 -266.0000000000
399 -265.0000000000
403 -264.0000000000
417 -263.0000000000
432 -262.0000000000
449 -261.0000000000
461 -259.0000000000
479 -258.0000000000
506 -257.0000000000
513 -256.0000000000
538 -255.0000000000
539 -254.0000000000
565 -252.0000000000
584 -251.0000000000
601 -250.0000000000
608 -247.0000000000
633 -246.0000000000
644 -244.0000000000
659 -243.0000000000
693 -242.0000000000
703 -241.0000000000
711 -240.0000000000
737 -239.0000000000
738 -237.0000000000
784 -236.0000000000
787 -235.0000000000
802 -234.0000000000
830 -233.0000000000
846 -232.0000000000
854 -231.0000000000
875 -229.0000000000
898 -228.0000000000
915 -227.0000000000
923 -225.0000000000
935 -224.0000000000
955 -222.0000000000
975 -221.0000000000
978 -220.0000000000
984 -219.0000000000
989 -218.0000000000
1000 -217.0000000000
1005 -216.0000000000
1031 -215.0000000000
1045 -213.0000000000
1071 -210.0000000000
1077 -209.0000000000
1088 -208.0000000000
1117 -207.0000000000
1118 -206.0000000000
1141 -205.0000000000
1153 -204.0000000000
1167 -202.0000000000
1188 -201.0000000000
1196 -200.0000000000
1211 -199.0000000000
1217 -198.0000000000
1240 -197.0000000000
1252 -196.0000000000
1266 -195.0000000000
1290 -194.0000000000
1305 -192.0000000000
1321 -191.0000000000
1326 -189.0000000000
1352 -188.0000000000
1379 -187.0000000000
1384 -186.0000000000
1394 -185.0000000000
1439 -183.0000000000
1455 -181.0000000000
1480 -180.0000000000
1493 -179.0000000000
1516 -178.0000000000
1526 -177.0000000000
1539 -176.0000000000
1557 -175.0000000000
1563 -173.0000000000
1600 -172.0000000000
1610 -171.0000000000
1619 -170.0000000000
1645 -169.0000000000
1672 -168.0000000000
1682 -167.0000000000
1691 -166.0000000000
1723 -165.0000000000
1757 -163.0000000000
1774 -161.0000000000
1787 -160.0000000000
1793 -159.0000000000
1807 -157.0000000000
1808 -156.0000000000
1861 -155.0000000000
1864 -153.0000000000
1893 -152.0000000000
1914 -151.0000000000
1926 -150.0000000000
1936 -149.0000000000
1956 -148.0000000000
1979 -147.0000000000
1983 -146.0000000000
1985 -145.0000000000
2012 -144.0000000000
2018 -143.0000000000
2031 -142.0000000000
2068 -141.0000000000
2078 -140.0000000000
2092 -139.0000000000
2112 -138.0000000000
2114 -137.0000000000
2120 -136.0000000000
2152 -135.0000000000
2181 -134.0000000000
2185 -133.0000000000
2204 -131.0000000000
2229 -130.0000000000
2262 -129.0000000000
2274 -128.0000000000
2308 -127.0000000000
2345 -126.0000000000
2368 -125.0000000000
2380 -124.0000000000
2406 -123.0000000000
2407 -122.0000000000
2435 -120.0000000000
2464 -119.0000000000
2494 -118.0000000000
2505 -117.0000000000
2550 -116.0000000000
2554 -115.0000000000
2608 -114.0000000000
2629 -112.0000000000
2655 -111.0000000000
2688 -110.0000000000
2699 -109.0000000000
2731 -108.0000000000
2743 -107.0000000000
2766 -104.0000000000
2785 -103.0000000000
2807 -102.0000000000
2842 -101.0000000000
2872 -100.0000000000
2881 -99.0000000000
2920 -98.0000000000
2962 -97.0000000000
2968 -96.0000000000
2980 -95.0000000000
2996 -94.0000000000
3022 -93.0000000000
3039 -92.0000000000
3103 -91.0000000000
3136 -90.0000000000
3195 -88.0000000000
3226 -87.0000000000
3246 -85.0000000000
3268 -84.0000000000
3279 -83.0000000000
3318 -82.0000000000
3350 -81.0000000000
3377 -80.0000000000
3403 -79.0000000000
3425 -78.0000000000
3450 -76.0000000000
3475 -75.0000000000
3545 -73.0000000000
3644 -72.0000000000
3671 -71.0000000000
3699 -70.0000000000
3741 -69.0000000000
3832 -68.0000000000
3858 -67.0000000000
3928 -66.0000000000
3939 -65.0000000000
3984 -64.0000000000
4017 -63.0000000000
4043 -62.0000000000
4082 -61.0000000000
4150 -60.0000000000
4171 -59.0000000000
4185 -58.0000000000
4217 -57.0000000000
4273 -55.0000000000
4283 -54.0000000000
4315 -53.0000000000
4335 -52.0000000000
4400 -51.0000000000
4431 -50.0000000000
4498 -49.0000000000
4541 -48.0000000000
4582 -47.0000000000
4629 -46.0000000000
4636 -45.0000000000
4660 -44.0000000000
4693 -43.0000000000
4758 -42.0000000000
4811 -41.0000000000
4830 -40.0000000000
4858 -39.0000000000
4897 -38.0000000000
4924 -37.0000000000
4959 -36.0000000000
4965 -35.0000000000
5023 -34.0000000000
5143 -33.0000000000
5165 -32.0000000000
5305 -31.0000000000
5328 -30.0000000000
5398 -29.0000000000
5584 -28.0000000000
5636 -27.0000000000
5754 -26.0000000000
5949 -25.0000000000
5973 -24.0000000000
6104 -23.0000000000
6163 -22.0000000000
6205 -21.0000000000
6325 -20.0000000000
6394 -19.0000000000
6781 -18.0000000000
6867 -17.0000000000
6910 -16.0000000000
6966 -15.0000000000
7005 -14.0000000000
7122 -13.0000000000
7329 -12.0000000000
7538 -11.0000000000
7592 -10.0000000000
7610 -9.0000000000
7696 -8.0000000000
7846 -7.0000000000
8166 -6.0000000000
8194 -5.0000000000
8332 -4.0000000000
8359 -3.0000000000
8403 -2.0000000000
9244 -1.0000000000
9431 591.0000000000
9656 616.0000000000
10010 616.0000000000
evaluations raw_y
1 -376.0000000000
2 -342.0000000000
6 -337.0000000000
26 -334.0000000000
32 -332.0000000000
34 -329.0000000000
35 -327.0000000000
41 -323.0000000000
44 -320.0000000000
65 -314.0000000000
90 -310.0000000000
106 -309.0000000000
108 -307.0000000000
109 -306.0000000000
121 -305.0000000000
129 -304.0000000000
130 -302.0000000000
151 -301.0000000000
159 -299.0000000000
165 -298.0000000000
196 -296.0000000000
202 -295.0000000000
237 -294.0000000000
238 -293.0000000000
263 -292.0000000000
267 -291.0000000000
274 -290.0000000000
276 -288.0000000000
304 -287.0000000000
324 -286.0000000000
334 -284.0000000000
353 -282.0000000000
361 -281.0000000000
376 -280.0000000000
380 -279.0000000000
392 -278.0000000000
397 -277.0000000000
414 -276.0000000000
427 -275.0000000000
453 -274.0000000000
461 -273.0000000000
468 -272.0000000000
494 -271.0000000000
514 -270.0000000000
523 -269.0000000000
531 -268.0000000000
537 -267.0000000000
551 -266.0000000000
565 -265.0000000000
576 -264.0000000000
581 -263.0000000000
596 -261.0000000000
615 -260.0000000000
620 -259.0000000000
639 -258.0000000000
665 -257.0000000000
684 -256.0000000000
707 -255.0000000000
722 -254.0000000000
725 -252.0000000000
739 -251.0000000000
757 -250.0000000000
767 -249.0000000000
776 -248.0000000000
792 -247.0000000000
797 -246.0000000000
812 -245.0000000000
829 -244.0000000000
847 -242.0000000000
865 -241.0000000000
869 -240.0000000000
919 -239.0000000000
933 -238.0000000000
945 -237.0000000000
952 -235.0000000000
953 -234.0000000000
978 -233.0000000000
992 -232.0000000000
999 -231.0000000000
1031 -230.0000000000
1054 -228.0000000000
1086 -227.0000000000
1091 -226.0000000000
1121 -225.0000000000
1125 -224.0000000000
1135 -223.0000000000
1141 -221.0000000000
1143 -220.0000000000
1205 -219.0000000000
1220 -218.0000000000
1241 -217.0000000000
1245 -216.0000000000
1275 -215.0000000000
1276 -214.0000000000
1310 -213.0000000000
1323 -212.0000000000
1335 -210.0000000000
1368 -208.0000000000
1389 -207.0000000000
1408 -206.0000000000
1410 -205.0000000000
1416 -204.0000000000
1430 -203.0000000000
1445 -202.0000000000
1460 -201.0000000000
1485 -200.0000000000
1489 -199.0000000000
1501 -198.0000000000
1517 -195.0000000000
1556 -193.0000000000
1579 -192.0000000000
1591 -191.0000000000
1612 -190.0000000000
1630 -189.0000000000
1646 -188.0000000000
1655 -187.0000000000
1664 -186.0000000000
1681 -185.0000000000
1692 -184.0000000000
1703 -183.0000000000
1729 -182.0000000000
1735 -181.0000000000
1764 -180.0000000000
1771 -179.0000000000
1812 -178.0000000000
1850 -177.0000000000
1874 -176.0000000000
1912 -175.0000000000
1915 -174.0000000000
1919 -172.0000000000
1945 -171.0000000000
1973 -170.0000000000
1981 -169.0000000000
2016 -168.0000000000
2030 -166.0000000000
2043 -165.0000000000
2050 -164.0000000000
2077 -163.0000000000
2084 -162.0000000000
2098 -161.0000000000
2102 -160.0000000000
2117 -159.0000000000
2119 -158.0000000000
2124 -156.0000000000
2143 -155.0000000000
2172 -154.0000000000
2188 -153.0000000000
2201 -152.0000000000
2233 -150.0000000000
2293 -149.0000000000
2304 -148.0000000000
2312 -147.0000000000
2338 -146.0000000000
2353 -145.0000000000
2360 -144.0000000000
2369 -143.0000000000
2422 -142.0000000000
2430 -141.0000000000
2447 -140.0000000000
2465 -139.0000000000
2472 -138.0000000000
2478 -137.0000000000
2487 -136.0000000000
2497 -134.0000000000
2501 -132.0000000000
2538 -131.0000000000
2551 -130.0000000000
2571 -129.0000000000
2575 -128.0000000000
2601 -127.0000000000
2618 -126.0000000000
2651 -125.0000000000
2675 -124.0000000000
2721 -123.0000000000
2753 -122.0000000000
2776 -121.0000000000
2778 -120.0000000000
2810 -119.0000000000
2816 -118.0000000000
2849 -117.0000000000
2867 -116.0000000000
2878 -115.0000000000
2896 -114.0000000000
2924 -113.0000000000
2953 -112.0000000000
2971 -111.0000000000
2990 -110.0000000000
2998 -109.0000000000
3029 -108.0000000000
3044 -107.0000000000
3054 -106.0000000000
3107 -104.0000000000
3133 -103.0000000000
3168 -102.0000000000
3184 -101.0000000000
3212 -98.0000000000
3233 -97.0000000000
3250 -96.0000000000
3284 -95.0000000000
3297 -94.0000000000
3318 -93.0000000000
3357 -92.0000000000
3388 -91.0000000000
3401 -90.0000000000
3429 -89.0000000000
3432 -88.0000000000
3475 -87.0000000000
3536 -86.0000000000
3572 -85.0000000000
3609 -84.0000000000
3645 -83.0000000000
3665 -82.0000000000
3702 -81.0000000000
3759 -80.0000000000
3774 -79.0000000000
3800 -78.0000000000
3801 -77.0000000000
3851 -76.0000000000
3888 -75.0000000000
3900 -74.0000000000
3938 -73.0000000000
3956 -72.0000000000
3999 -71.0000000000
4016 -70.0000000000
4040 -69.0000000000
4061 -68.0000000000
4098 -67.0000000000
4116 -66.0000000000
4157 -65.0000000000
4222 -64.0000000000
4223 -63.0000000000
4266 -62.0000000000
4303 -61.0000000000
4316 -60.0000000000
4335 -59.0000000000
4381 -58.0000000000
4432 -57.0000000000
4450 -56.0000000000
4543 -55.0000000000
4571 -54.0000000000
4597 -53.0000000000
4642 -52.0000000000
4688 -51.0000000000
4700 -50.0000000000
4795 -49.0000000000
4829 -48.0000000000
4838 -47.0000000000
4862 -46.0000000000
4927 -45.0000000000
4956 -44.0000000000
4987 -43.0000000000
5073 -42.0000000000
5114 -41.0000000000
5163 -40.0000000000
5269 -39.0000000000
5293 -38.0000000000
5350 -37.0000000000
5392 -36.0000000000
5435 -35.0000000000
5477 -34.0000000000
5503 -33.0000000000
5518 -32.0000000000
5536 -31.0000000000
5625 -30.0000000000
5734 -29.0000000000
5795 -28.0000000000
5832 -27.0000000000
5881 -26.0000000000
5981 -25.0000000000
5990 -24.0000000000
6116 -23.0000000000
6296 -22.0000000000
6346 -21.0000000000
6378 -20.0000000000
6568 -19.0000000000
6636 -18.0000000000
6700 -17.0000000000
6780 -16.0000000000
6829 -15.0000000000
6872 -14.0000000000
6970 -13.0000000000
7039 -12.0000000000
7223 -11.0000000000
7260 -10.0000000000
7390 -9.0000000000
7426 -8.0000000000
7552 -7.0000000000
7898 -6.0000000000
7968 -5.0000000000
8229 -4.0000000000
8312 -3.0000000000
8749 -2.0000000000
8795 -1.0000000000
8924 585.0000000000
10010 585.0000000000
evaluations raw_y
1 -364.0000000000
4 -356.0000000000
10 -354.0000000000
11 -352.0000000000
12 -331.0000000000
44 -323.0000000000
59 -322.0000000000
78 -313.0000000000
97 -310.0000000000
106 -307.0000000000
109 -304.0000000000
114 -303.0000000000
119 -301.0000000000
123 -299.0000000000
135 -297.0000000000
145 -296.0000000000
163 -294.0000000000
168 -293.0000000000
183 -291.0000000000
212 -289.0000000000
218 -288.0000000000
220 -287.0000000000
238 -286.0000000000
251 -285.0000000000
260 -284.0000000000
280 -283.0000000000
288 -282.0000000000
298 -281.0000000000
312 -279.0000000000
318 -278.0000000000
334 -277.0000000000
358 -276.0000000000
368 -275.0000000000
372 -274.0000000000
391 -272.0000000000
411 -270.0000000000
414 -269.0000000000
417 -268.0000000000
434 -266.0000000000
473 -265.0000000000
492 -264.0000000000
522 -263.0000000000
523 -262.0000000000
534 -261.0000000000
555 -260.0000000000
561 -259.0000000000
581 -258.0000000000
591 -257.0000000000
603 -256.0000000000
618 -255.0000000000
622 -254.0000000000
642 -253.0000000000
647 -251.0000000000
655 -250.0000000000
663 -249.0000000000
667 -248.0000000000
680 -247.0000000000
694 -246.0000000000
722 -245.0000000000
729 -244.0000000000
744 -243.0000000000
745 -242.0000000000
765 -241.0000000000
782 -239.0000000000
800 -237.0000000000
813 -236.0000000000
821 -235.0000000000
831 -233.0000000000
837 -232.0000000000
853 -231.0000000000
873 -230.0000000000
886 -229.0000000000
900 -228.0000000000
933 -227.0000000000
940 -226.0000000000
966 -225.0000000000
981 -224.0000000000
988 -222.0000000000
1000 -221.0000000000
1031 -220.0000000000
1043 -219.0000000000
1044 -218.0000000000
1056 -217.0000000000
1092 -214.0000000000
1120 -213.0000000000
1165 -212.0000000000
1213 -211.0000000000
1219 -210.0000000000
1222 -209.0000000000
1242 -208.0000000000
1259 -206.0000000000
1268 -205.0000000000
1273 -204.0000000000
1297 -203.0000000000
1352 -202.0000000000
1362 -200.0000000000
1381 -198.0000000000
1410 -197.0000000000
1421 -196.0000000000
1452 -195.0000000000
1470 -194.0000000000
1490 -192.0000000000
1505 -191.0000000000
1525 -190.0000000000
1535 -189.0000000000
1558 -188.0000000000
1594 -187.0000000000
1634 -186.0000000000
1682 -185.0000000000
1697 -184.0000000000
1717 -183.0000000000
1739 -182.0000000000
1745 -181.0000000000
1780 -180.0000000000
1814 -179.0000000000
1845 -178.0000000000
1858 -177.0000000000
1863 -176.0000000000
1867 -175.0000000000
1882 -174.0000000000
1899 -173.0000000000
1911 -172.0000000000
1915 -171.0000000000
1929 -170.0000000000
1937 -169.0000000000
1951 -168.0000000000
1973 -166.0000000000
1996 -165.0000000000
2012 -164.0000000000
2036 -163.0000000000
2061 -162.0000000000
2062 -161.0000000000
2100 -160.0000000000
2113 -159.0000000000
2146 -156.0000000000
2147 -154.0000000000
2183 -153.0000000000
2207 -152.0000000000
2230 -151.0000000000
2243 -149.0000000000
2264 -148.0000000000
2285 -147.0000000000
2289 -146.0000000000
2326 -144.0000000000
2367 -143.0000000000
2368 -141.0000000000
2370 -140.0000000000
2397 -139.0000000000
2409 -138.0000000000
2434 -137.0000000000
2441 -136.0000000000
2459 -135.0000000000
2485 -134.0000000000
2511 -133.0000000000
2537 -131.0000000000
2552 -130.0000000000
2558 -129.0000000000
2568 -128.0000000000
2594 -127.0000000000
2615 -126.0000000000
2641 -125.0000000000
2656 -124.0000000000
2715 -123.0000000000
2739 -122.0000000000
2750 -121.0000000000
2777 -120.0000000000
2793 -119.0000000000
2807 -118.0000000000
2845 -117.0000000000
2873 -116.0000000000
2897 -115.0000000000
2947 -114.0000000000
2966 -112.0000000000
3031 -111.0000000000
3057 -109.0000000000
3065 -108.0000000000
3083 -107.0000000000
3101 -106.0000000000
3124 -105.0000000000
3134 -104.0000000000
3168 -103.0000000000
3175 -102.0000000000
3198 -101.0000000000
3231 -100.0000000000
3261 -99.0000000000
3311 -98.0000000000
3314 -97.0000000000
3339 -95.0000000000
3368 -93.0000000000
3377 -91.0000000000
3420 -90.0000000000
3443 -89.0000000000
3479 -88.0000000000
3497 -87.0000000000
3523 -86.0000000000
3581 -85.0000000000
3639 -84.0000000000
3669 -83.0000000000
3670 -82.0000000000
3703 -81.0000000000
3721 -80.0000000000
3726 -79.0000000000
3774 -78.0000000000
3810 -77.0000000000
3860 -76.0000000000
3909 -75.0000000000
4013 -73.0000000000
4043 -72.0000000000
4071 -71.0000000000
4090 -70.0000000000
4137 -67.0000000000
4174 -66.0000000000
4200 -65.0000000000
4239 -64.0000000000
4273 -63.0000000000
4291 -62.0000000000
4330 -61.0000000000
4351 -60.0000000000
4378 -59.0000000000
4384 -58.0000000000
4424 -57.0000000000
4444 -56.0000000000
4468 -55.0000000000
4500 -54.0000000000
4533 -52.0000000000
4581 -51.0000000000
4586 -50.0000000000
4611 -49.0000000000
4804 -48.0000000000
4807 -47.0000000000
4838 -46.0000000000
4857 -45.0000000000
4877 -44.0000000000
4899 -43.0000000000
4944 -42.0000000000
4969 -41.0000000000
5111 -40.0000000000
5162 -39.0000000000
5171 -38.0000000000
5231 -37.0000000000
5274 -36.0000000000
5297 -35.0000000000
5324 -34.0000000000
5444 -33.0000000000
5481 -32.0000000000
5530 -31.0000000000
5576 -30.0000000000
5673 -29.0000000000
5687 -28.0000000000
5729 -27.0000000000
5815 -26.0000000000
5907 -25.0000000000
5965 -24.0000000000
6003 -23.0000000000
6062 -21.0000000000
6260 -20.0000000000
6272 -18.0000000000
6336 -17.0000000000
6448 -16.0000000000
6519 -15.0000000000
6597 -14.0000000000
6739 -13.0000000000
6743 -12.0000000000
6823 -11.0000000000
7065 -10.0000000000
7445 -9.0000000000
7550 -8.0000000000
7668 -7.0000000000
8104 -6.0000000000
8321 -5.0000000000
8384 -4.0000000000
8551 -3.0000000000
8971 -2.0000000000
9058 -1.0000000000
9122 591.0000000000
10010 591.0000000000
evaluations raw_y
1 -348.0000000000
27 -334.0000000000
50 -326.0000000000
60 -322.0000000000
64 -321.0000000000
71 -313.0000000000
109 -307.0000000000
125 -305.0000000000
141 -299.0000000000
155 -296.0000000000
165 -294.0000000000
174 -292.0000000000
188 -291.0000000000
189 -290.0000000000
199 -289.0000000000
212 -288.0000000000
222 -287.0000000000
227 -286.0000000000
232 -284.0000000000
242 -283.0000000000
249 -280.0000000000
280 -279.0000000000
294 -278.0000000000
322 -277.0000000000
336 -275.0000000000
340 -274.0000000000
361 -273.0000000000
373 -272.0000000000
391 -271.0000000000
401 -269.0000000000
429 -268.0000000000
431 -267.0000000000
451 -266.0000000000
462 -265.0000000000
465 -264.0000000000
489 -263.0000000000
491 -262.0000000000
496 -261.0000000000
508 -260.0000000000
513 -259.0000000000
526 -258.0000000000
562 -257.0000000000
594 -256.0000000000
625 -254.0000000000
676 -253.0000000000
677 -252.0000000000
692 -251.0000000000
699 -250.0000000000
709 -248.0000000000
735 -247.0000000000
766 -245.0000000000
797 -244.0000000000
798 -243.0000000000
809 -242.0000000000
817 -241.0000000000
840 -240.0000000000
846 -239.0000000000
850 -238.0000000000
851 -237.0000000000
868 -236.0000000000
873 -235.0000000000
898 -234.0000000000
905 -232.0000000000
921 -231.0000000000
927 -230.0000000000
977 -227.0000000000
1012 -226.0000000000
1013 -225.0000000000
1029 -224.0000000000
1064 -223.0000000000
1106 -222.0000000000
1117 -221.0000000000
1134 -220.0000000000
1138 -219.0000000000
1146 -218.0000000000
1163 -216.0000000000
1210 -215.0000000000
1229 -214.0000000000
1263 -212.0000000000
1306 -211.0000000000
1321 -210.0000000000
1325 -209.0000000000
1339 -208.0000000000
1383 -206.0000000000
1404 -205.0000000000
1419 -204.0000000000
1437 -203.0000000000
1444 -202.0000000000
1458 -201.0000000000
1486 -200.0000000000
1494 -199.0000000000
1498 -198.0000000000
1520 -196.0000000000
1547 -195.0000000000
1582 -194.0000000000
1600 -193.0000000000
1625 -191.0000000000
1667 -190.0000000000
1670 -189.0000000000
1687 -188.0000000000
1698 -185.0000000000
1728 -184.0000000000
1746 -182.0000000000
1750 -180.0000000000
1793 -179.0000000000
1808 -178.0000000000
1816 -177.0000000000
1837 -176.0000000000
1871 -175.0000000000
1902 -174.0000000000
1903 -173.0000000000
1936 -172.0000000000
1937 -171.0000000000
1957 -170.0000000000
1963 -169.0000000000
1980 -168.0000000000
1982 -167.0000000000
2014 -166.0000000000
2033 -165.0000000000
2039 -164.0000000000
2070 -163.0000000000
2083 -162.0000000000
2096 -159.0000000000
2108 -158.0000000000
2139 -157.0000000000
2141 -156.0000000000
2167 -154.0000000000
2195 -153.0000000000
2208 -152.0000000000
2227 -151.0000000000
2236 -150.0000000000
2246 -149.0000000000
2251 -148.0000000000
2268 -147.0000000000
2294 -146.0000000000
2322 -145.0000000000
2339 -144.0000000000
2347 -143.0000000000
2357 -142.0000000000
2376 -141.0000000000
2403 -140.0000000000
2474 -139.0000000000
2511 -138.0000000000
2565 -137.0000000000
2601 -136.0000000000
2613 -135.0000000000
2653 -134.0000000000
2662 -133.0000000000
2668 -132.0000000000
2701 -131.0000000000
2730 -130.0000000000
2757 -129.0000000000
2767 -128.0000000000
2795 -127.0000000000
2841 -126.0000000000
2852 -125.0000000000
2885 -124.0000000000
2892 -123.0000000000
2939 -122.0000000000
2963 -121.0000000000
2978 -120.0000000000
2997 -119.0000000000
3019 -118.0000000000
3039 -116.0000000000
3064 -115.0000000000
3075 -114.0000000000
3084 -113.0000000000
3103 -112.0000000000
3137 -111.0000000000
3148 -110.0000000000
3194 -109.0000000000
3206 -108.0000000000
3223 -107.0000000000
3227 -106.0000000000
3244 -105.0000000000
3264 -104.0000000000
3302 -103.0000000000
3331 -102.0000000000
3356 -101.0000000000
3371 -100.0000000000
3383 -99.0000000000
3406 -97.0000000000
3442 -96.0000000000
3454 -95.0000000000
3486 -94.0000000000
3512 -93.0000000000
3547 -92.0000000000
3559 -91.0000000000
3584 -90.0000000000
3635 -89.0000000000
3648 -88.0000000000
3668 -87.0000000000
3691 -86.0000000000
3723 -85.0000000000
3737 -84.0000000000
3758 -83.0000000000
3807 -82.0000000000
3820 -81.0000000000
3839 -80.0000000000
3862 -78.0000000000
3889 -77.0000000000
3898 -76.0000000000
3921 -75.0000000000
3948 -74.0000000000
3969 -73.0000000000
3993 -72.0000000000
4008 -71.0000000000
4018 -70.0000000000
4042 -69.0000000000
4078 -68.0000000000
4087 -67.0000000000
4143 -66.0000000000
4250 -64.0000000000
4275 -63.0000000000
4292 -62.0000000000
4346 -61.0000000000
4400 -60.0000000000
4419 -59.0000000000
4459 -58.0000000000
4577 -57.0000000000
4621 -56.0000000000
4636 -55.0000000000
4666 -54.0000000000
4785 -53.0000000000
4818 -52.0000000000
4832 -51.0000000000
4865 -49.0000000000
4883 -48.0000000000
4915 -47.0000000000
4933 -45.0000000000
4985 -44.0000000000
4995 -43.0000000000
5023 -42.0000000000
5051 -41.0000000000
5110 -40.0000000000
5125 -39.0000000000
5178 -38.0000000000
5205 -37.0000000000
5246 -36.0000000000
5292 -35.0000000000
5327 -34.0000000000
5383 -33.0000000000
5419 -32.0000000000
5525 -31.0000000000
5560 -30.0000000000
5593 -29.0000000000
5618 -28.0000000000
5638 -27.0000000000
5678 -26.0000000000
5704 -25.0000000000
5747 -24.0000000000
5769 -23.0000000000
5935 -22.0000000000
5955 -21.0000000000
6013 -20.0000000000
6033 -19.0000000000
6072 -18.0000000000
6175 -17.0000000000
6249 -16.0000000000
6577 -15.0000000000
6750 -14.0000000000
6841 -13.0000000000
6861 -12.0000000000
7042 -11.0000000000
7121 -10.0000000000
7165 -9.0000000000
7185 -8.0000000000
7304 -7.0000000000
7359 -6.0000000000
7868 -5.0000000000
8120 -4.0000000000
8191 -3.0000000000
8491 -2.0000000000
9137 -1.0000000000
9358 583.0000000000
10010 -2.0000000000
evaluations raw_y
1 -349.0000000000
7 -346.0000000000
12 -345.0000000000
13 -343.0000000000
16 -342.0000000000
24 -337.0000000000
30 -335.0000000000
35 -331.0000000000
43 -328.0000000000
52 -319.0000000000
71 -316.0000000000
73 -314.0000000000
79 -313.0000000000
80 -311.0000000000
84 -310.0000000000
87 -308.0000000000
92 -307.0000000000
96 -304.0000000000
100 -303.0000000000
112 -302.0000000000
116 -301.0000000000
118 -300.0000000000
127 -299.0000000000
140 -298.0000000000
149 -297.0000000000
154 -296.0000000000
160 -295.0000000000
168 -294.0000000000
178 -293.0000000000
201 -292.0000000000
206 -291.0000000000
219 -290.0000000000
245 -289.0000000000
248 -288.0000000000
261 -287.0000000000
277 -286.0000000000
284 -285.0000000000
298 -284.0000000000
311 -283.0000000000
314 -282.0000000000
318 -281.0000000000
325 -279.0000000000
348 -278.0000000000
351 -276.0000000000
372 -275.0000000000
384 -274.0000000000
401 -273.0000000000
403 -272.0000000000
420 -271.0000000000
437 -270.0000000000
453 -267.0000000000
462 -265.0000000000
497 -264.0000000000
506 -263.0000000000
514 -262.0000000000
519 -261.0000000000
542 -260.0000000000
552 -259.0000000000
563 -258.0000000000
579 -257.0000000000
595 -256.0000000000
613 -255.0000000000
617 -254.0000000000
633 -253.0000000000
648 -252.0000000000
675 -251.0000000000
677 -250.0000000000
702 -249.0000000000
725 -247.0000000000
754 -246.0000000000
763 -245.0000000000
764 -243.0000000000
791 -242.0000000000
794 -241.0000000000
808 -240.0000000000
827 -239.0000000000
847 -238.0000000000
857 -236.0000000000
878 -233.0000000000
917 -231.0000000000
931 -230.0000000000
963 -229.0000000000
970 -228.0000000000
981 -226.0000000000
985 -225.0000000000
1001 -223.0000000000
1033 -222.0000000000
1047 -220.0000000000
1065 -219.0000000000
1086 -218.0000000000
1126 -217.0000000000
1153 -215.0000000000
1166 -214.0000000000
1185 -213.0000000000
1197 -212.0000000000
1214 -210.0000000000
1240 -209.0000000000
1264 -208.0000000000
1280 -207.0000000000
1285 -206.0000000000
1287 -205.0000000000
1297 -204.0000000000
1316 -203.0000000000
1330 -202.0000000000
1345 -201.0000000000
1350 -200.0000000000
1355 -199.0000000000
1363 -198.0000000000
1384 -195.0000000000
1405 -194.0000000000
1414 -193.0000000000
1415 -192.0000000000
1424 -191.0000000000
1445 -189.0000000000
1451 -188.0000000000
1465 -187.0000000000
1490 -186.0000000000
1505 -185.0000000000
1535 -183.0000000000
1548 -182.0000000000
1557 -181.0000000000
1572 -179.0000000000
1579 -177.0000000000
1592 -176.0000000000
1606 -175.0000000000
1628 -174.0000000000
1668 -173.0000000000
1688 -172.0000000000
1712 -170.0000000000
1755 -169.0000000000
1791 -168.0000000000
1812 -167.0000000000
1831 -166.0000000000
1869 -165.0000000000
1892 -164.0000000000
1918 -163.0000000000
1930 -161.0000000000
1969 -159.0000000000
1998 -158.0000000000
2032 -156.0000000000
2056 -155.0000000000
2061 -153.0000000000
2087 -152.0000000000
2123 -151.0000000000
2137 -150.0000000000
2142 -149.0000000000
2159 -148.0000000000
2171 -147.0000000000
2178 -146.0000000000
2206 -145.0000000000
2281 -143.0000000000
2314 -141.0000000000
2338 -140.0000000000
2366 -138.0000000000
2389 -137.0000000000
2403 -136.0000000000
2441 -134.0000000000
2496 -133.0000000000
2521 -132.0000000000
2532 -131.0000000000
2551 -130.0000000000
2556 -129.0000000000
2569 -128.0000000000
2602 -127.0000000000
2608 -125.0000000000
2664 -123.0000000000
2674 -122.0000000000
2698 -121.0000000000
2733 -120.0000000000
2751 -119.0000000000
2799 -118.0000000000
2832 -117.0000000000
2835 -116.0000000000
2854 -115.0000000000
2869 -114.0000000000
2889 -113.0000000000
2934 -112.0000000000
2978 -110.0000000000
3012 -109.0000000000
3030 -108.0000000000
3049 -107.0000000000
3065 -106.0000000000
3103 -105.0000000000
3104 -104.0000000000
3136 -103.0000000000
3149 -102.0000000000
3155 -100.0000000000
3172 -99.0000000000
3200 -98.0000000000
3222 -97.0000000000
3228 -96.0000000000
3278 -95.0000000000
3298 -94.0000000000
3299 -93.0000000000
3325 -92.0000000000
3369 -91.0000000000
3410 -90.0000000000
3468 -89.0000000000
3498 -88.0000000000
3529 -87.0000000000
3545 -86.0000000000
3568 -85.0000000000
3597 -84.0000000000
3620 -83.0000000000
3638 -82.0000000000
3673 -81.0000000000
3699 -80.0000000000
3724 -79.0000000000
3753 -78.0000000000
3813 -77.0000000000
3832 -75.0000000000
3903 -74.0000000000
3927 -73.0000000000
3937 -72.0000000000
3980 -71.0000000000
3993 -70.0000000000
4011 -69.0000000000
4040 -67.0000000000
4066 -66.0000000000
4078 -64.0000000000
4109 -63.0000000000
4132 -62.0000000000
4174 -61.0000000000
4230 -60.0000000000
4269 -59.0000000000
4294 -58.0000000000
4337 -57.0000000000
4368 -56.0000000000
4411 -55.0000000000
4486 -54.0000000000
4540 -53.0000000000
4566 -52.0000000000
4594 -51.0000000000
4609 -50.0000000000
4634 -49.0000000000
4640 -48.0000000000
4682 -47.0000000000
4697 -46.0000000000
4756 -45.0000000000
4792 -44.0000000000
4815 -43.0000000000
4839 -42.0000000000
4870 -41.0000000000
4914 -40.0000000000
5133 -39.0000000000
5160 -38.0000000000
5210 -37.0000000000
5214 -36.0000000000
5259 -35.0000000000
5299 -34.0000000000
5358 -33.0000000000
5403 -32.0000000000
5438 -31.0000000000
5477 -30.0000000000
5502 -29.0000000000
5543 -28.0000000000
5664 -27.0000000000
5733 -26.0000000000
5828 -25.0000000000
5904 -24.0000000000
5929 -23.0000000000
5973 -22.0000000000
5980 -21.0000000000
6016 -20.0000000000
6446 -19.0000000000
6451 -18.0000000000
6475 -17.0000000000
6725 -16.0000000000
6728 -15.0000000000
6811 -14.0000000000
6898 -13.0000000000
6920 -12.0000000000
6965 -11.0000000000
7049 -10.0000000000
7068 -9.0000000000
7159 -8.0000000000
7372 -7.0000000000
7599 -6.0000000000
7774 -5.0000000000
7889 -4.0000000000
7927 -3.0000000000
7949 -2.0000000000
7997 -1.0000000000
8283 596.0000000000
8301 597.0000000000
10010 -2.0000000000
evaluations raw_y
1 -387.0000000000
2 -371.0000000000
9 -363.0000000000
17 -362.0000000000
18 -358.0000000000
23 -352.0000000000
29 -351.0000000000
37 -350.0000000000
40 -345.0000000000
58 -344.0000000000
62 -340.0000000000
69 -338.0000000000
74 -332.0000000000
79 -330.0000000000
85 -329.0000000000
96 -328.0000000000
113 -326.0000000000
116 -322.0000000000
128 -320.0000000000
130 -319.0000000000
143 -318.0000000000
153 -316.0000000000
180 -314.0000000000
193 -313.0000000000
206 -312.0000000000
211 -311.0000000000
229 -310.0000000000
254 -309.0000000000
258 -308.0000000000
283 -307.0000000000
285 -306.0000000000
286 -305.0000000000
300 -304.0000000000
311 -303.0000000000
322 -302.0000000000
329 -301.0000000000
338 -300.0000000000
341 -299.0000000000
354 -298.0000000000
366 -297.0000000000
389 -296.0000000000
397 -295.0000000000
401 -294.0000000000
408 -292.0000000000
432 -290.0000000000
483 -289.0000000000
494 -288.0000000000
501 -287.0000000000
507 -286.0000000000
521 -284.0000000000
537 -283.0000000000
547 -282.0000000000
562 -281.0000000000
592 -280.0000000000
600 -279.0000000000
612 -278.0000000000
620 -277.0000000000
632 -276.0000000000
649 -275.0000000000
656 -273.0000000000
679 -272.0000000000
690 -271.0000000000
719 -270.0000000000
743 -269.0000000000
770 -267.0000000000
783 -266.0000000000
808 -265.0000000000
812 -264.0000000000
829 -263.0000000000
849 -262.0000000000
866 -261.0000000000
871 -260.0000000000
897 -259.0000000000
899 -258.0000000000
916 -257.0000000000
928 -256.0000000000
955 -254.0000000000
973 -252.0000000000
997 -251.0000000000
1034 -250.0000000000
1049 -249.0000000000
1074 -248.0000000000
1091 -247.0000000000
1105 -246.0000000000
1116 -245.0000000000
1131 -243.0000000000
1146 -242.0000000000
1162 -241.0000000000
1165 -239.0000000000
1183 -238.0000000000
1192 -236.0000000000
1222 -235.0000000000
1226 -234.0000000000
1232 -232.0000000000
1259 -231.0000000000
1266 -230.0000000000
1274 -229.0000000000
1296 -227.0000000000
1334 -226.0000000000
1343 -225.0000000000
1352 -224.0000000000
1380 -223.0000000000
1389 -222.0000000000
1457 -221.0000000000
1462 -220.0000000000
1478 -218.0000000000
1502 -217.0000000000
1506 -216.0000000000
1528 -215.0000000000
1549 -214.0000000000
1559 -211.0000000000
1609 -210.0000000000
1630 -209.0000000000
1654 -208.0000000000
1674 -207.0000000000
1679 -205.0000000000
1696 -204.0000000000
1705 -203.0000000000
1712 -201.0000000000
1742 -200.0000000000
1757 -198.0000000000
1790 -197.0000000000
1805 -196.0000000000
1822 -194.0000000000
1842 -193.0000000000
1854 -192.0000000000
1858 -191.0000000000
1875 -190.0000000000
1877 -189.0000000000
1902 -188.0000000000
1916 -187.0000000000
1926 -185.0000000000
1954 -184.0000000000
1973 -183.0000000000
1978 -182.0000000000
1986 -181.0000000000
1994 -180.0000000000
2017 -179.0000000000
2027 -178.0000000000
2034 -177.0000000000
2042 -176.0000000000
2049 -175.0000000000
2071 -174.0000000000
2079 -172.0000000000
2087 -171.0000000000
2107 -170.0000000000
2125 -169.0000000000
2138 -167.0000000000
2149 -165.0000000000
2188 -164.0000000000
2215 -163.0000000000
2218 -162.0000000000
2264 -161.0000000000
2283 -160.0000000000
2307 -159.0000000000
2338 -158.0000000000
2357 -157.0000000000
2363 -156.0000000000
2384 -155.0000000000
2407 -154.0000000000
2431 -153.0000000000
2449 -151.0000000000
2483 -150.0000000000
2490 -149.0000000000
2504 -148.0000000000
2507 -147.0000000000
2539 -146.0000000000
2557 -145.0000000000
2564 -144.0000000000
2590 -143.0000000000
2621 -141.0000000000
2654 -140.0000000000
2658 -138.0000000000
2686 -137.0000000000
2700 -136.0000000000
2736 -135.0000000000
2749 -134.0000000000
2776 -133.0000000000
2791 -132.0000000000
2852 -130.0000000000
2896 -129.0000000000
2905 -128.0000000000
2940 -127.0000000000
2954 -126.0000000000
3004 -125.0000000000
3025 -124.0000000000
3074 -123.0000000000
3079 -122.0000000000
3129 -121.0000000000
3166 -120.0000000000
3225 -119.0000000000
3253 -118.0000000000
3266 -117.0000000000
3269 -116.0000000000
3302 -115.0000000000
3359 -114.0000000000
3366 -111.0000000000
3415 -110.0000000000
3439 -109.0000000000
3449 -108.0000000000
3474 -107.0000000000
3515 -106.0000000000
3540 -105.0000000000
3562 -104.0000000000
3595 -102.0000000000
3635 -101.0000000000
3648 -100.0000000000
3765 -99.0000000000
3769 -98.0000000000
3771 -97.0000000000
3803 -96.0000000000
3822 -95.0000000000
3847 -94.0000000000
3862 -93.0000000000
3887 -92.0000000000
3925 -91.0000000000
3945 -90.0000000000
3973 -88.0000000000
4036 -87.0000000000
4062 -86.0000000000
4102 -85.0000000000
4135 -84.0000000000
4152 -83.0000000000
4193 -82.0000000000
4206 -81.0000000000
4268 -80.0000000000
4310 -79.0000000000
4323 -78.0000000000
4336 -77.0000000000
4382 -76.0000000000
4384 -75.0000000000
4423 -74.0000000000
4468 -73.0000000000
4519 -72.0000000000
4547 -71.0000000000
4593 -70.0000000000
4607 -69.0000000000
4625 -68.0000000000
4664 -67.0000000000
4700 -66.0000000000
4738 -65.0000000000
4783 -64.0000000000
4812 -63.0000000000
4871 -62.0000000000
4901 -61.0000000000
4947 -60.0000000000
5012 -59.0000000000
5066 -58.0000000000
5115 -57.0000000000
5180 -56.0000000000
5217 -55.0000000000
5281 -54.0000000000
5344 -53.0000000000
5439 -52.0000000000
5472 -51.0000000000
5500 -50.0000000000
5516 -49.0000000000
5546 -48.0000000000
5576 -47.0000000000
5619 -46.0000000000
5634 -45.0000000000
5651 -44.0000000000
5726 -43.0000000000
5779 -42.0000000000
5830 -41.0000000000
5960 -40.0000000000
6012 -39.0000000000
6023 -38.0000000000
6158 -37.0000000000
6232 -36.0000000000
6273 -35.0000000000
6396 -34.0000000000
6440 -33.0000000000
6453 -32.0000000000
6633 -31.0000000000
6673 -30.0000000000
6683 -29.0000000000
6723 -28.0000000000
6819 -27.0000000000
6903 -26.0000000000
6951 -25.0000000000
7008 -24.0000000000
7043 -23.0000000000
7093 -22.0000000000
7121 -21.0000000000
7144 -20.0000000000
7225 -19.0000000000
7294 -18.0000000000
7347 -17.0000000000
7371 -16.0000000000
7388 -15.0000000000
7431 -14.0000000000
7520 -13.0000000000
7612 -12.0000000000
7682 -11.0000000000
7818 -10.0000000000
8101 -9.0000000000
8367 -8.0000000000
8463 -7.0000000000
8542 -6.0000000000
8599 -5.0000000000
8678 -4.0000000000
8968 -3.0000000000
9166 -2.0000000000
9226 -1.0000000000
9623 586.0000000000
10010 586.0000000000
evaluations raw_y
1 -370.0000000000
2 -363.0000000000
6 -337.0000000000
35 -335.0000000000
37 -332.0000000000
45 -327.0000000000
46 -326.0000000000
50 -324.0000000000
53 -318.0000000000
56 -315.0000000000
67 -303.0000000000
79 -300.0000000000
87 -295.0000000000
96 -294.0000000000
102 -291.0000000000
108 -284.0000000000
123 -283.0000000000
128 -282.0000000000
148 -281.0000000000
171 -278.0000000000
180 -277.0000000000
189 -275.0000000000
205 -274.0000000000
249 -273.0000000000
253 -270.0000000000
277 -269.0000000000
281 -268.0000000000
290 -267.0000000000
302 -266.0000000000
312 -262.0000000000
350 -261.0000000000
370 -260.0000000000
386 -259.0000000000
400 -258.0000000000
418 -255.0000000000
428 -254.0000000000
445 -253.0000000000
454 -252.0000000000
470 -251.0000000000
482 -250.0000000000
495 -249.0000000000
497 -247.0000000000
513 -245.0000000000
528 -243.0000000000
542 -241.0000000000
562 -240.0000000000
587 -239.0000000000
603 -238.0000000000
614 -237.0000000000
626 -236.0000000000
636 -235.0000000000
642 -234.0000000000
657 -233.0000000000
669 -232.0000000000
679 -231.0000000000
680 -230.0000000000
713 -229.0000000000
726 -228.0000000000
729 -227.0000000000
750 -226.0000000000
765 -225.0000000000
766 -224.0000000000
779 -223.0000000000
785 -220.0000000000
800 -219.0000000000
803 -218.0000000000
824 -217.0000000000
825 -216.0000000000
855 -214.0000000000
864 -213.0000000000
901 -212.0000000000
913 -211.0000000000
924 -210.0000000000
940 -209.0000000000
959 -208.0000000000
970 -207.0000000000
974 -206.0000000000
990 -205.0000000000
1006 -204.0000000000
1011 -203.0000000000
1016 -202.0000000000
1040 -201.0000000000
1067 -198.0000000000
1096 -197.0000000000
1107 -196.0000000000
1122 -195.0000000000
1147 -194.0000000000
1156 -193.0000000000
1181 -192.0000000000
1201 -191.0000000000
1215 -190.0000000000
1217 -189.0000000000
1218 -188.0000000000
1238 -187.0000000000
1248 -186.0000000000
1254 -185.0000000000
1256 -184.0000000000
1272 -183.0000000000
1290 -182.0000000000
1291 -181.0000000000
1312 -180.0000000000
1327 -179.0000000000
1345 -178.0000000000
1347 -177.0000000000
1373 -176.0000000000
1408 -175.0000000000
1422 -174.0000000000
1428 -173.0000000000
1449 -172.0000000000
1470 -171.0000000000
1484 -170.0000000000
1490 -169.0000000000
1498 -167.0000000000
1538 -166.0000000000
1598 -165.0000000000
1623 -164.0000000000
1667 -163.0000000000
1681 -162.0000000000
1712 -161.0000000000
1733 -159.0000000000
1741 -158.0000000000
1760 -157.0000000000
1777 -156.0000000000
1790 -155.0000000000
1819 -154.0000000000
1861 -153.0000000000
1870 -152.0000000000
1898 -151.0000000000
1916 -150.0000000000
1927 -149.0000000000
1954 -148.0000000000
1958 -147.0000000000
1970 -145.0000000000
1991 -144.0000000000
2017 -143.0000000000
2032 -142.0000000000
2061 -141.0000000000
2089 -140.0000000000
2102 -139.0000000000
2103 -138.0000000000
2124 -137.0000000000
2129 -135.0000000000
2143 -134.0000000000
2145 -133.0000000000
2184 -132.0000000000
2210 -131.0000000000
2219 -130.0000000000
2221 -129.0000000000
2245 -128.0000000000
2276 -127.0000000000
2300 -126.0000000000
2318 -125.0000000000
2367 -124.0000000000
2391 -122.0000000000
2416 -121.0000000000
2433 -120.0000000000
2441 -119.0000000000
2463 -118.0000000000
2503 -117.0000000000
2531 -116.0000000000
2551 -115.0000000000
2566 -114.0000000000
2589 -113.0000000000
2619 -112.0000000000
2651 -111.0000000000
2666 -110.0000000000
2681 -109.0000000000
2690 -108.0000000000
2709 -107.0000000000
2728 -106.0000000000
2771 -105.0000000000
2794 -104.0000000000
2809 -103.0000000000
2835 -102.0000000000
2846 -101.0000000000
2849 -100.0000000000
2866 -99.0000000000
2905 -98.0000000000
2937 -97.0000000000
2999 -96.0000000000
3024 -95.0000000000
3068 -94.0000000000
3086 -93.0000000000
3112 -92.0000000000
3127 -91.0000000000
3164 -90.0000000000
3242 -89.0000000000
3252 -88.0000000000
3361 -87.0000000000
3398 -86.0000000000
3436 -85.0000000000
3499 -84.0000000000
3516 -83.0000000000
3525 -82.0000000000
3568 -81.0000000000
3602 -80.0000000000
3607 -79.0000000000
3623 -78.0000000000
3645 -77.0000000000
3652 -76.0000000000
3670 -75.0000000000
3684 -74.0000000000
3733 -73.0000000000
3769 -72.0000000000
3796 -71.0000000000
3870 -70.0000000000
3926 -69.0000000000
3957 -68.0000000000
3998 -67.0000000000
4036 -66.0000000000
4061 -65.0000000000
4094 -64.0000000000
4120 -63.0000000000
4225 -62.0000000000
4264 -61.0000000000
4274 -60.0000000000
4298 -58.0000000000
4364 -56.0000000000
4393 -55.0000000000
4429 -54.0000000000
4462 -53.0000000000
4477 -51.0000000000
4496 -50.0000000000
4545 -49.0000000000
4606 -48.0000000000
4610 -47.0000000000
4625 -46.0000000000
4647 -44.0000000000
4860 -43.0000000000
5024 -42.0000000000
5054 -41.0000000000
5080 -40.0000000000
5109 -39.0000000000
5132 -38.0000000000
5250 -37.0000000000
5299 -36.0000000000
5345 -35.0000000000
5408 -34.0000000000
5464 -33.0000000000
5489 -32.0000000000
5510 -31.0000000000
5607 -30.0000000000
5666 -29.0000000000
5670 -28.0000000000
5853 -27.0000000000
5876 -26.0000000000
5891 -25.0000000000
5906 -24.0000000000
5920 -23.0000000000
5933 -22.0000000000
6018 -21.0000000000
6082 -20.0000000000
6128 -19.0000000000
6242 -18.0000000000
6430 -17.0000000000
6507 -16.0000000000
6540 -15.0000000000
6586 -14.0000000000
6822 -13.0000000000
6829 -12.0000000000
6909 -11.0000000000
6927 -10.0000000000
7100 -9.0000000000
7175 -8.0000000000
7386 -7.0000000000
7678 -6.0000000000
7725 -5.0000000000
7787 -4.0000000000
7836 -3.0000000000
8374 -2.0000000000
8446 -1.0000000000
8457 562.0000000000
8464 563.0000000000
8483 580.0000000000
8501 589.0000000000
8884 599.0000000000
9459 611.0000000000
9519 629.0000000000
10010 629.0000000000
evaluations raw_y
1 -347.0000000000
32 -344.0000000000
36 -342.0000000000
40 -338.0000000000
53 -337.0000000000
54 -326.0000000000
89 -325.0000000000
91 -324.0000000000
94 -321.0000000000
114 -318.0000000000
119 -317.0000000000
124 -316.0000000000
139 -314.0000000000
167 -313.0000000000
175 -312.0000000000
183 -309.0000000000
215 -308.0000000000
238 -306.0000000000
257 -304.0000000000
260 -303.0000000000
284 -302.0000000000
286 -301.0000000000
288 -300.0000000000
299 -299.0000000000
315 -298.0000000000
316 -297.0000000000
328 -295.0000000000
351 -294.0000000000
352 -293.0000000000
353 -292.0000000000
362 -291.0000000000
384 -290.0000000000
411 -289.0000000000
415 -288.0000000000
424 -287.0000000000
452 -284.0000000000
463 -283.0000000000
473 -282.0000000000
499 -280.0000000000
512 -279.0000000000
522 -278.0000000000
530 -277.0000000000
541 -276.0000000000
545 -275.0000000000
580 -274.0000000000
589 -273.0000000000
612 -272.0000000000
617 -270.0000000000
635 -269.0000000000
637 -268.0000000000
650 -267.0000000000
657 -266.0000000000
677 -265.0000000000
700 -264.0000000000
707 -263.0000000000
723 -262.0000000000
737 -261.0000000000
745 -260.0000000000
756 -259.0000000000
802 -257.0000000000
811 -255.0000000000
842 -253.0000000000
851 -252.0000000000
865 -251.0000000000
873 -250.0000000000
881 -249.0000000000
899 -247.0000000000
910 -246.0000000000
927 -245.0000000000
944 -244.0000000000
953 -243.0000000000
983 -242.0000000000
997 -241.0000000000
999 -240.0000000000
1009 -239.0000000000
1018 -238.0000000000
1022 -237.0000000000
1028 -236.0000000000
1043 -235.0000000000
1061 -234.0000000000
1073 -233.0000000000
1091 -232.0000000000
1113 -231.0000000000
1119 -230.0000000000
1155 -229.0000000000
1184 -228.0000000000
1208 -227.0000000000
1228 -226.0000000000
1232 -225.0000000000
1244 -224.0000000000
1251 -222.0000000000
1252 -221.0000000000
1281 -220.0000000000
1291 -219.0000000000
1298 -218.0000000000
1305 -216.0000000000
1311 -215.0000000000
1321 -214.0000000000
1354 -212.0000000000
1359 -211.0000000000
1373 -210.0000000000
1392 -209.0000000000
1406 -208.0000000000
1421 -207.0000000000
1427 -205.0000000000
1461 -204.0000000000
1464 -203.0000000000
1503 -202.0000000000
1529 -201.0000000000
1550 -200.0000000000
1570 -199.0000000000
1576 -197.0000000000
1603 -196.0000000000
1611 -195.0000000000
1642 -194.0000000000
1676 -193.0000000000
1689 -192.0000000000
1691 -191.0000000000
1703 -190.0000000000
1717 -189.0000000000
1725 -188.0000000000
1747 -187.0000000000
1758 -186.0000000000
1769 -185.0000000000
1775 -184.0000000000
1806 -183.0000000000
1813 -182.0000000000
1829 -181.0000000000
1851 -180.0000000000
1870 -179.0000000000
1877 -177.0000000000
1918 -176.0000000000
1943 -174.0000000000
1958 -172.0000000000
1978 -170.0000000000
2017 -169.0000000000
2034 -168.0000000000
2052 -167.0000000000
2071 -166.0000000000
2075 -165.0000000000
2081 -164.0000000000
2104 -163.0000000000
2130 -162.0000000000
2137 -160.0000000000
2186 -159.0000000000
2204 -157.0000000000
2229 -156.0000000000
2267 -155.0000000000
2274 -154.0000000000
2293 -153.0000000000
2315 -152.0000000000
2318 -151.0000000000
2325 -150.0000000000
2350 -149.0000000000
2363 -148.0000000000
2383 -147.0000000000
2409 -146.0000000000
2421 -145.0000000000
2433 -144.0000000000
2446 -143.0000000000
2460 -142.0000000000
2469 -138.0000000000
2503 -136.0000000000
2517 -135.0000000000
2544 -134.0000000000
2548 -133.0000000000
2562 -132.0000000000
2576 -129.0000000000
2602 -128.0000000000
2603 -127.0000000000
2621 -125.0000000000
2642 -124.0000000000
2651 -123.0000000000
2667 -122.0000000000
2668 -121.0000000000
2726 -120.0000000000
2741 -119.0000000000
2771 -118.0000000000
2785 -117.0000000000
2830 -116.0000000000
2858 -115.0000000000
2868 -114.0000000000
2898 -113.0000000000
2909 -112.0000000000
2929 -111.0000000000
2952 -109.0000000000
2992 -108.0000000000
3008 -107.0000000000
3031 -106.0000000000
3046 -105.0000000000
3054 -104.0000000000
3099 -102.0000000000
3130 -101.0000000000
3149 -100.0000000000
3169 -99.0000000000
3186 -98.0000000000
3226 -97.0000000000
3246 -96.0000000000
3277 -95.0000000000
3318 -94.0000000000
3331 -93.0000000000
3357 -92.0000000000
3375 -91.0000000000
3412 -90.0000000000
3476 -89.0000000000
3491 -88.0000000000
3531 -87.0000000000
3541 -86.0000000000
3560 -85.0000000000
3583 -84.0000000000
3616 -83.0000000000
3660 -82.0000000000
3671 -81.0000000000
3704 -80.0000000000
3723 -79.0000000000
3766 -78.0000000000
3781 -77.0000000000
3804 -76.0000000000
3815 -75.0000000000
3889 -74.0000000000
3894 -73.0000000000
3916 -72.0000000000
3937 -71.0000000000
3971 -70.0000000000
3990 -68.0000000000
4006 -67.0000000000
4030 -66.0000000000
4047 -65.0000000000
4082 -64.0000000000
4100 -63.0000000000
4133 -62.0000000000
4142 -61.0000000000
4200 -60.0000000000
4273 -59.0000000000
4328 -58.0000000000
4371 -57.0000000000
4383 -56.0000000000
4428 -55.0000000000
4558 -54.0000000000
4607 -53.0000000000
4687 -52.0000000000
4745 -51.0000000000
4786 -50.0000000000
4813 -49.0000000000
4843 -48.0000000000
4858 -47.0000000000
4906 -46.0000000000
4912 -45.0000000000
4947 -44.0000000000
4973 -43.0000000000
4987 -42.0000000000
4996 -41.0000000000
5077 -40.0000000000
5151 -39.0000000000
5203 -38.0000000000
5229 -37.0000000000
5290 -36.0000000000
5313 -35.0000000000
5359 -34.0000000000
5409 -33.0000000000
5470 -32.0000000000
5485 -31.0000000000
5505 -30.0000000000
5583 -29.0000000000
5602 -28.0000000000
5643 -27.0000000000
5667 -25.0000000000
5710 -24.0000000000
5744 -23.0000000000
5839 -22.0000000000
5910 -21.0000000000
6005 -20.0000000000
6082 -19.0000000000
6125 -18.0000000000
6149 -17.0000000000
6257 -16.0000000000
6310 -15.0000000000
6404 -14.0000000000
6473 -13.0000000000
6643 -12.0000000000
7320 -11.0000000000
7410 -10.0000000000
7546 -9.0000000000
7620 -8.0000000000
7844 -7.0000000000
7902 -6.0000000000
8110 -5.0000000000
8275 -4.0000000000
8302 -3.0000000000
8367 -2.0000000000
8413 -1.0000000000
8808 587.0000000000
10010 587.0000000000
evaluations raw_y
1 -345.0000000000
16 -340.0000000000
26 -339.0000000000
31 -336.0000000000
33 -329.0000000000
36 -327.0000000000
51 -324.0000000000
56 -323.0000000000
61 -316.0000000000
66 -315.0000000000
67 -314.0000000000
72 -309.0000000000
92 -307.0000000000
98 -304.0000000000
126 -303.0000000000
133 -302.0000000000
135 -300.0000000000
165 -297.0000000000
175 -296.0000000000
177 -295.0000000000
189 -292.0000000000
207 -291.0000000000
217 -290.0000000000
222 -289.0000000000
233 -287.0000000000
243 -286.0000000000
264 -284.0000000000
271 -283.0000000000
281 -282.0000000000
287 -281.0000000000
294 -280.0000000000
309 -279.0000000000
319 -278.0000000000
331 -277.0000000000
346 -276.0000000000
351 -275.0000000000
364 -274.0000000000
379 -273.0000000000
405 -272.0000000000
415 -271.0000000000
429 -270.0000000000
483 -268.0000000000
486 -267.0000000000
503 -266.0000000000
506 -265.0000000000
524 -264.0000000000
530 -263.0000000000
546 -262.0000000000
548 -261.0000000000
564 -260.0000000000
590 -259.0000000000
617 -258.0000000000
637 -257.0000000000
644 -256.0000000000
648 -255.0000000000
671 -252.0000000000
694 -251.0000000000
712 -250.0000000000
720 -249.0000000000
721 -248.0000000000
730 -247.0000000000
737 -246.0000000000
753 -245.0000000000
776 -243.0000000000
782 -241.0000000000
788 -240.0000000000
804 -239.0000000000
812 -238.0000000000
824 -237.0000000000
846 -236.0000000000
866 -235.0000000000
870 -234.0000000000
885 -233.0000000000
897 -232.0000000000
916 -231.0000000000
921 -230.0000000000
922 -229.0000000000
928 -228.0000000000
947 -227.0000000000
951 -226.0000000000
960 -225.0000000000
983 -224.0000000000
998 -223.0000000000
1022 -222.0000000000
1036 -220.0000000000
1050 -218.0000000000
1090 -217.0000000000
1105 -216.0000000000
1124 -215.0000000000
1140 -213.0000000000
1154 -212.0000000000
1171 -211.0000000000
1181 -210.0000000000
1186 -209.0000000000
1233 -208.0000000000
1236 -207.0000000000
1265 -206.0000000000
1282 -205.0000000000
1290 -204.0000000000
1293 -203.0000000000
1296 -202.0000000000
1310 -201.0000000000
1313 -200.0000000000
1327 -199.0000000000
1338 -198.0000000000
1352 -197.0000000000
1374 -196.0000000000
1395 -195.0000000000
1407 -194.0000000000
1426 -193.0000000000
1452 -192.0000000000
1454 -191.0000000000
1474 -190.0000000000
1484 -189.0000000000
1485 -187.0000000000
1505 -185.0000000000
1529 -184.0000000000
1540 -182.0000000000
1557 -181.0000000000
1584 -180.0000000000
1597 -179.0000000000
1604 -177.0000000000
1624 -176.0000000000
1631 -175.0000000000
1633 -174.0000000000
1642 -173.0000000000
1666 -172.0000000000
1668 -171.0000000000
1683 -170.0000000000
1700 -169.0000000000
1701 -168.0000000000
1718 -167.0000000000
1725 -165.0000000000
1738 -164.0000000000
1758 -163.0000000000
1792 -162.0000000000
1794 -161.0000000000
1829 -160.0000000000
1838 -159.0000000000
1843 -158.0000000000
1844 -157.0000000000
1856 -156.0000000000
1876 -155.0000000000
1887 -154.0000000000
1910 -153.0000000000
1924 -152.0000000000
1968 -151.0000000000
1997 -150.0000000000
2005 -149.0000000000
2025 -148.0000000000
2035 -147.0000000000
2056 -146.0000000000
2058 -145.0000000000
2084 -144.0000000000
2087 -143.0000000000
2105 -142.0000000000
2134 -139.0000000000
2154 -138.0000000000
2188 -137.0000000000
2206 -136.0000000000
2214 -135.0000000000
2228 -134.0000000000
2246 -133.0000000000
2264 -132.0000000000
2292 -131.0000000000
2295 -130.0000000000
2326 -129.0000000000
2352 -128.0000000000
2359 -127.0000000000
2398 -126.0000000000
2412 -125.0000000000
2458 -124.0000000000
2460 -123.0000000000
2463 -122.0000000000
2496 -121.0000000000
2507 -120.0000000000
2535 -119.0000000000
2564 -118.0000000000
2583 -117.0000000000
2596 -116.0000000000
2627 -115.0000000000
2642 -114.0000000000
2663 -113.0000000000
2679 -112.0000000000
2700 -111.0000000000
2729 -110.0000000000
2754 -109.0000000000
2774 -108.0000000000
2782 -107.0000000000
2803 -106.0000000000
2814 -105.0000000000
2838 -104.0000000000
2863 -103.0000000000
2943 -102.0000000000
2972 -101.0000000000
2993 -100.0000000000
3032 -99.0000000000
3074 -98.0000000000
3102 -97.0000000000
3133 -96.0000000000
3198 -94.0000000000
3261 -93.0000000000
3273 -91.0000000000
3308 -90.0000000000
3326 -89.0000000000
3359 -88.0000000000
3367 -87.0000000000
3381 -86.0000000000
3386 -85.0000000000
3406 -84.0000000000
3467 -83.0000000000
3488 -82.0000000000
3519 -81.0000000000
3576 -80.0000000000
3590 -79.0000000000
3622 -78.0000000000
3624 -76.0000000000
3626 -75.0000000000
3650 -74.0000000000
3663 -73.0000000000
3698 -72.0000000000
3702 -71.0000000000
3709 -70.0000000000
3741 -69.0000000000
3760 -68.0000000000
3802 -67.0000000000
3807 -66.0000000000
3819 -65.0000000000
3861 -64.0000000000
3893 -63.0000000000
3924 -62.0000000000
3927 -61.0000000000
3969 -60.0000000000
3978 -59.0000000000
3998 -58.0000000000
4047 -57.0000000000
4089 -56.0000000000
4119 -55.0000000000
4215 -54.0000000000
4234 -53.0000000000
4333 -52.0000000000
4400 -51.0000000000
4428 -50.0000000000
4483 -49.0000000000
4508 -48.0000000000
4537 -47.0000000000
4578 -46.0000000000
4629 -45.0000000000
4666 -44.0000000000
4702 -43.0000000000
4726 -42.0000000000
4765 -41.0000000000
4794 -40.0000000000
4832 -39.0000000000
5105 -38.0000000000
5155 -37.0000000000
5247 -36.0000000000
5267 -35.0000000000
5286 -34.0000000000
5359 -33.0000000000
5388 -32.0000000000
5455 -31.0000000000
5487 -30.0000000000
5651 -29.0000000000
5873 -28.0000000000
5894 -27.0000000000
5931 -26.0000000000
5950 -25.0000000000
6028 -24.0000000000
6118 -23.0000000000
6154 -22.0000000000
6164 -21.0000000000
6247 -20.0000000000
6346 -19.0000000000
6609 -18.0000000000
6614 -17.0000000000
6648 -16.0000000000
6750 -15.0000000000
6793 -14.0000000000
7037 -13.0000000000
7091 -12.0000000000
7292 -11.0000000000
7441 -10.0000000000
7581 -9.0000000000
7618 -8.0000000000
7628 -7.0000000000
7688 -6.0000000000
7725 -5.0000000000
7857 -4.0000000000
7897 -3.0000000000
8156 -2.0000000000
8410 -1.0000000000
8481 590.0000000000
9004 603.0000000000
9033 619.0000000000
9776 624.0000000000
10010 624.0000000000
evaluations raw_y
1 -384.0000000000
2 -383.0000000000
3 -332.0000000000
33 -324.0000000000
41 -322.0000000000
60 -319.0000000000
63 -309.0000000000
72 -305.0000000000
76 -303.0000000000
82 -302.0000000000
90 -300.0000000000
107 -297.0000000000
114 -294.0000000000
128 -293.0000000000
137 -290.0000000000
158 -289.0000000000
162 -288.0000000000
167 -287.0000000000
179 -286.0000000000
184 -285.0000000000
196 -283.0000000000
215 -282.0000000000
224 -280.0000000000
254 -279.0000000000
274 -277.0000000000
293 -276.0000000000
304 -275.0000000000
308 -274.0000000000
316 -273.0000000000
335 -272.0000000000
356 -271.0000000000
362 -270.0000000000
391 -269.0000000000
397 -268.0000000000
407 -267.0000000000
414 -266.0000000000
424 -265.0000000000
434 -263.0000000000
441 -262.0000000000
465 -261.0000000000
477 -260.0000000000
490 -259.0000000000
507 -258.0000000000
513 -257.0000000000
514 -256.0000000000
523 -254.0000000000
547 -253.0000000000
555 -252.0000000000
558 -251.0000000000
563 -250.0000000000
569 -249.0000000000
582 -246.0000000000
605 -245.0000000000
624 -243.0000000000
640 -242.0000000000
650 -241.0000000000
651 -240.0000000000
657 -237.0000000000
673 -236.0000000000
680 -235.0000000000
701 -233.0000000000
714 -232.0000000000
738 -231.0000000000
747 -229.0000000000
762 -227.0000000000
789 -226.0000000000
795 -225.0000000000
806 -224.0000000000
808 -223.0000000000
819 -222.0000000000
830 -220.0000000000
866 -219.0000000000
877 -218.0000000000
901 -217.0000000000
905 -216.0000000000
920 -215.0000000000
946 -213.0000000000
958 -212.0000000000
962 -211.0000000000
970 -210.0000000000
972 -209.0000000000
985 -208.0000000000
1016 -206.0000000000
1031 -204.0000000000
1032 -203.0000000000
1049 -201.0000000000
1066 -200.0000000000
1067 -199.0000000000
1078 -198.0000000000
1086 -197.0000000000
1112 -196.0000000000
1167 -195.0000000000
1169 -194.0000000000
1181 -193.0000000000
1192 -191.0000000000
1245 -190.0000000000
1252 -189.0000000000
1267 -188.0000000000
1300 -187.0000000000
1306 -186.0000000000
1326 -185.0000000000
1338 -183.0000000000
1362 -182.0000000000
1375 -181.0000000000
1382 -180.0000000000
1385 -179.0000000000
1419 -178.0000000000
1435 -176.0000000000
1484 -175.0000000000
1489 -174.0000000000
1509 -173.0000000000
1521 -172.0000000000
1540 -171.0000000000
1563 -170.0000000000
1575 -169.0000000000
1589 -168.0000000000
1597 -167.0000000000
1620 -166.0000000000
1623 -165.0000000000
1639 -164.0000000000
1663 -163.0000000000
1692 -162.0000000000
1723 -161.0000000000
1736 -160.0000000000
1773 -159.0000000000
1776 -158.0000000000
1785 -157.0000000000
1861 -155.0000000000
1899 -154.0000000000
1906 -153.0000000000
1936 -152.0000000000
1955 -151.0000000000
1970 -150.0000000000
1981 -149.0000000000
1993 -148.0000000000
2003 -146.0000000000
2034 -145.0000000000
2042 -144.0000000000
2050 -143.0000000000
2076 -142.0000000000
2089 -140.0000000000
2102 -139.0000000000
2138 -138.0000000000
2145 -136.0000000000
2157 -135.0000000000
2162 -134.0000000000
2181 -133.0000000000
2218 -132.0000000000
2244 -130.0000000000
2282 -129.0000000000
2307 -128.0000000000
2350 -127.0000000000
2390 -126.0000000000
2401 -125.0000000000
2435 -124.0000000000
2452 -123.0000000000
2457 -122.0000000000
2484 -121.0000000000
2498 -120.0000000000
2520 -119.0000000000
2538 -118.0000000000
2540 -117.0000000000
2577 -116.0000000000
2602 -115.0000000000
2610 -114.0000000000
2624 -113.0000000000
2645 -112.0000000000
2669 -111.0000000000
2695 -110.0000000000
2724 -109.0000000000
2730 -108.0000000000
2761 -107.0000000000
2766 -106.0000000000
2785 -105.0000000000
2799 -104.0000000000
2831 -103.0000000000
2846 -102.0000000000
2865 -101.0000000000
2878 -100.0000000000
2889 -99.0000000000
2940 -98.0000000000
2956 -97.0000000000
2963 -96.0000000000
3001 -95.0000000000
3004 -94.0000000000
3067 -93.0000000000
3087 -92.0000000000
3101 -91.0000000000
3108 -89.0000000000
3194 -88.0000000000
3258 -87.0000000000
3263 -86.0000000000
3275 -84.0000000000
3317 -83.0000000000
3343 -82.0000000000
3395 -81.0000000000
3401 -80.0000000000
3420 -79.0000000000
3437 -78.0000000000
3463 -77.0000000000
3487 -76.0000000000
3590 -75.0000000000
3607 -74.0000000000
3621 -73.0000000000
3623 -72.0000000000
3645 -71.0000000000
3735 -70.0000000000
3760 -69.0000000000
3790 -68.0000000000
3805 -67.0000000000
3826 -66.0000000000
3850 -65.0000000000
3891 -64.0000000000
3940 -63.0000000000
3951 -62.0000000000
3969 -61.0000000000
4030 -60.0000000000
4053 -59.0000000000
4071 -58.0000000000
4112 -57.0000000000
4155 -56.0000000000
4174 -55.0000000000
4200 -54.0000000000
4232 -52.0000000000
4271 -51.0000000000
4311 -50.0000000000
4348 -49.0000000000
4374 -48.0000000000
4383 -47.0000000000
4411 -46.0000000000
4438 -45.0000000000
4520 -44.0000000000
4548 -43.0000000000
4554 -42.0000000000
4584 -41.0000000000
4629 -40.0000000000
4652 -38.0000000000
4665 -37.0000000000
4723 -36.0000000000
4773 -35.0000000000
4802 -34.0000000000
4817 -33.0000000000
4993 -32.0000000000
5061 -31.0000000000
5292 -30.0000000000
5369 -29.0000000000
5379 -28.0000000000
5444 -27.0000000000
5567 -26.0000000000
5621 -25.0000000000
5725 -24.0000000000
5752 -23.0000000000
5794 -22.0000000000
5841 -21.0000000000
5986 -20.0000000000
6011 -19.0000000000
6074 -18.0000000000
6098 -17.0000000000
6140 -16.0000000000
6184 -15.0000000000
6214 -14.0000000000
6244 -13.0000000000
6346 -12.0000000000
6403 -11.0000000000
6608 -10.0000000000
6611 -9.0000000000
6924 -8.0000000000
6942 -7.0000000000
7017 -6.0000000000
7290 -5.0000000000
7298 -4.0000000000
7630 -3.0000000000
7833 -2.0000000000
8048 -1.0000000000
8104 609.0000000000
8136 614.0000000000
8596 631.0000000000
8665 637.0000000000
10010 637.0000000000
evaluations raw_y
1 -383.0000000000
2 -373.0000000000
4 -356.0000000000
7 -351.0000000000
8 -348.0000000000
18 -340.0000000000
37 -337.0000000000
48 -333.0000000000
51 -330.0000000000
64 -323.0000000000
73 -322.0000000000
74 -315.0000000000
101 -313.0000000000
107 -311.0000000000
114 -309.0000000000
123 -306.0000000000
139 -305.0000000000
145 -302.0000000000
151 -301.0000000000
154 -300.0000000000
171 -299.0000000000
175 -298.0000000000
185 -297.0000000000
203 -296.0000000000
216 -294.0000000000
223 -292.0000000000
251 -291.0000000000
264 -290.0000000000
281 -287.0000000000
322 -285.0000000000
331 -284.0000000000
338 -282.0000000000
353 -280.0000000000
356 -279.0000000000
368 -278.0000000000
370 -277.0000000000
372 -275.0000000000
394 -274.0000000000
398 -272.0000000000
411 -271.0000000000
425 -269.0000000000
444 -268.0000000000
451 -267.0000000000
457 -266.0000000000
499 -265.0000000000
517 -264.0000000000
528 -263.0000000000
572 -262.0000000000
612 -261.0000000000
640 -260.0000000000
653 -259.0000000000
665 -258.0000000000
693 -256.0000000000
712 -255.0000000000
732 -254.0000000000
753 -253.0000000000
757 -252.0000000000
783 -251.0000000000
788 -250.0000000000
809 -249.0000000000
811 -248.0000000000
821 -247.0000000000
825 -246.0000000000
832 -244.0000000000
858 -243.0000000000
865 -242.0000000000
880 -241.0000000000
891 -240.0000000000
915 -238.0000000000
948 -236.0000000000
976 -234.0000000000
1004 -233.0000000000
1030 -231.0000000000
1048 -230.0000000000
1056 -229.0000000000
1074 -228.0000000000
1089 -227.0000000000
1103 -226.0000000000
1115 -225.0000000000
1133 -224.0000000000
1137 -223.0000000000
1144 -222.0000000000
1153 -221.0000000000
1176 -220.0000000000
1193 -219.0000000000
1206 -218.0000000000
1230 -217.0000000000
1240 -216.0000000000
1241 -214.0000000000
1279 -213.0000000000
1280 -212.0000000000
1299 -211.0000000000
1305 -210.0000000000
1328 -209.0000000000
1355 -208.0000000000
1367 -207.0000000000
1378 -206.0000000000
1399 -204.0000000000
1401 -203.0000000000
1428 -202.0000000000
1434 -201.0000000000
1443 -200.0000000000
1461 -199.0000000000
1464 -198.0000000000
1484 -196.0000000000
1505 -195.0000000000
1539 -194.0000000000
1558 -193.0000000000
1575 -191.0000000000
1604 -190.0000000000
1613 -189.0000000000
1629 -188.0000000000
1644 -187.0000000000
1659 -186.0000000000
1685 -185.0000000000
1689 -184.0000000000
1694 -182.0000000000
1709 -181.0000000000
1719 -180.0000000000
1745 -179.0000000000
1764 -177.0000000000
1773 -176.0000000000
1779 -175.0000000000
1790 -174.0000000000
1804 -173.0000000000
1865 -172.0000000000
1900 -171.0000000000
1910 -170.0000000000
1930 -169.0000000000
1949 -168.0000000000
1962 -167.0000000000
1981 -166.0000000000
1998 -165.0000000000
2016 -164.0000000000
2021 -162.0000000000
2043 -161.0000000000
2044 -159.0000000000
2064 -158.0000000000
2065 -156.0000000000
2105 -155.0000000000
2130 -154.0000000000
2155 -153.0000000000
2162 -152.0000000000
2176 -151.0000000000
2179 -149.0000000000
2194 -148.0000000000
2202 -147.0000000000
2221 -146.0000000000
2250 -145.0000000000
2284 -144.0000000000
2295 -143.0000000000
2318 -142.0000000000
2333 -141.0000000000
2348 -140.0000000000
2354 -139.0000000000
2396 -138.0000000000
2428 -137.0000000000
2460 -136.0000000000
2477 -135.0000000000
2498 -134.0000000000
2503 -133.0000000000
2547 -132.0000000000
2558 -131.0000000000
2571 -130.0000000000
2577 -128.0000000000
2604 -127.0000000000
2627 -126.0000000000
2660 -124.0000000000
2691 -123.0000000000
2699 -122.0000000000
2743 -121.0000000000
2762 -120.0000000000
2795 -119.0000000000
2799 -118.0000000000
2820 -117.0000000000
2849 -116.0000000000
2867 -114.0000000000
2912 -113.0000000000
2924 -112.0000000000
2936 -111.0000000000
2949 -110.0000000000
2978 -109.0000000000
3017 -108.0000000000
3019 -107.0000000000
3030 -106.0000000000
3047 -105.0000000000
3072 -104.0000000000
3116 -103.0000000000
3126 -102.0000000000
3159 -101.0000000000
3160 -100.0000000000
3197 -99.0000000000
3213 -98.0000000000
3231 -97.0000000000
3268 -96.0000000000
3290 -95.0000000000
3296 -94.0000000000
3322 -93.0000000000
3360 -92.0000000000
3397 -91.0000000000
3448 -90.0000000000
3463 -89.0000000000
3504 -88.0000000000
3567 -87.0000000000
3579 -86.0000000000
3597 -85.0000000000
3650 -84.0000000000
3672 -83.0000000000
3694 -82.0000000000
3735 -81.0000000000
3749 -80.0000000000
3784 -79.0000000000
3785 -78.0000000000
3822 -77.0000000000
3837 -76.0000000000
3921 -75.0000000000
3939 -74.0000000000
3959 -73.0000000000
4016 -72.0000000000
4027 -71.0000000000
4040 -70.0000000000
4072 -69.0000000000
4081 -68.0000000000
4095 -67.0000000000
4176 -66.0000000000
4198 -65.0000000000
4254 -64.0000000000
4296 -63.0000000000
4355 -62.0000000000
4373 -61.0000000000
4393 -60.0000000000
4443 -59.0000000000
4491 -58.0000000000
4568 -57.0000000000
4591 -56.0000000000
4642 -55.0000000000
4666 -53.0000000000
4680 -52.0000000000
4692 -51.0000000000
4741 -50.0000000000
4834 -49.0000000000
4888 -48.0000000000
4918 -47.0000000000
4942 -46.0000000000
4972 -45.0000000000
5015 -44.0000000000
5125 -43.0000000000
5160 -42.0000000000
5212 -41.0000000000
5218 -40.0000000000
5263 -39.0000000000
5320 -38.0000000000
5369 -37.0000000000
5383 -36.0000000000
5407 -35.0000000000
5426 -34.0000000000
5450 -33.0000000000
5495 -32.0000000000
5563 -31.0000000000
5603 -30.0000000000
5635 -29.0000000000
5664 -28.0000000000
5738 -27.0000000000
5794 -26.0000000000
5997 -25.0000000000
6077 -24.0000000000
6093 -23.0000000000
6152 -22.0000000000
6178 -21.0000000000
6330 -20.0000000000
6378 -19.0000000000
6497 -18.0000000000
6565 -17.0000000000
6993 -16.0000000000
7043 -15.0000000000
7071 -14.0000000000
7093 -13.0000000000
7296 -12.0000000000
7330 -11.0000000000
7414 -10.0000000000
7497 -9.0000000000
7545 -8.0000000000
7667 -7.0000000000
8292 -6.0000000000
8316 -5.0000000000
8372 -4.0000000000
8413 -3.0000000000
8444 -2.0000000000
8752 -1.0000000000
8954 579.0000000000
10010 579.0000000000
evaluations raw_y
1 -379.0000000000
2 -358.0000000000
4 -342.0000000000
18 -338.0000000000
22 -330.0000000000
29 -326.0000000000
46 -322.0000000000
53 -316.0000000000
63 -314.0000000000
68 -313.0000000000
71 -311.0000000000
72 -310.0000000000
80 -308.0000000000
95 -307.0000000000
99 -304.0000000000
117 -303.0000000000
126 -302.0000000000
130 -301.0000000000
138 -300.0000000000
152 -299.0000000000
172 -298.0000000000
173 -297.0000000000
180 -296.0000000000
181 -295.0000000000
188 -293.0000000000
213 -291.0000000000
227 -290.0000000000
247 -287.0000000000
265 -285.0000000000
279 -284.0000000000
309 -283.0000000000
312 -281.0000000000
329 -279.0000000000
348 -278.0000000000
354 -276.0000000000
366 -275.0000000000
368 -273.0000000000
386 -271.0000000000
399 -269.0000000000
414 -268.0000000000
427 -267.0000000000
448 -266.0000000000
452 -265.0000000000
485 -263.0000000000
504 -261.0000000000
520 -259.0000000000
523 -258.0000000000
550 -257.0000000000
560 -256.0000000000
590 -255.0000000000
597 -253.0000000000
623 -252.0000000000
642 -251.0000000000
650 -250.0000000000
666 -248.0000000000
680 -247.0000000000
697 -245.0000000000
703 -244.0000000000
730 -243.0000000000
732 -242.0000000000
739 -241.0000000000
751 -240.0000000000
758 -237.0000000000
764 -235.0000000000
789 -234.0000000000
818 -233.0000000000
831 -232.0000000000
846 -231.0000000000
847 -230.0000000000
860 -228.0000000000
864 -227.0000000000
885 -225.0000000000
898 -224.0000000000
918 -222.0000000000
941 -220.0000000000
973 -219.0000000000
990 -216.0000000000
1017 -215.0000000000
1037 -214.0000000000
1069 -213.0000000000
1073 -212.0000000000
1090 -210.0000000000
1118 -209.0000000000
1131 -208.0000000000
1152 -207.0000000000
1178 -206.0000000000
1220 -204.0000000000
1250 -203.0000000000
1261 -202.0000000000
1266 -201.0000000000
1267 -199.0000000000
1299 -197.0000000000
1302 -196.0000000000
1355 -195.0000000000
1375 -194.0000000000
1380 -193.0000000000
1386 -192.0000000000
1409 -191.0000000000
1425 -190.0000000000
1445 -189.0000000000
1488 -188.0000000000
1498 -187.0000000000
1510 -186.0000000000
1523 -185.0000000000
1532 -184.0000000000
1539 -183.0000000000
1563 -182.0000000000
1592 -181.0000000000
1607 -180.0000000000
1622 -179.0000000000
1652 -177.0000000000
1663 -176.0000000000
1696 -174.0000000000
1723 -171.0000000000
1742 -169.0000000000
1746 -168.0000000000
1777 -167.0000000000
1785 -166.0000000000
1790 -164.0000000000
1850 -163.0000000000
1868 -162.0000000000
1900 -161.0000000000
1931 -159.0000000000
1971 -158.0000000000
1995 -157.0000000000
2018 -156.0000000000
2050 -155.0000000000
2060 -154.0000000000
2070 -153.0000000000
2078 -152.0000000000
2082 -151.0000000000
2119 -150.0000000000
2139 -149.0000000000
2159 -148.0000000000
2164 -147.0000000000
2188 -145.0000000000
2221 -144.0000000000
2257 -143.0000000000
2264 -142.0000000000
2273 -141.0000000000
2312 -140.0000000000
2322 -139.0000000000
2325 -138.0000000000
2354 -137.0000000000
2363 -136.0000000000
2367 -135.0000000000
2371 -134.0000000000
2391 -133.0000000000
2412 -132.0000000000
2418 -131.0000000000
2433 -130.0000000000
2438 -129.0000000000
2449 -126.0000000000
2466 -125.0000000000
2486 -124.0000000000
2500 -123.0000000000
2516 -122.0000000000
2542 -120.0000000000
2548 -119.0000000000
2565 -118.0000000000
2606 -117.0000000000
2608 -116.0000000000
2614 -115.0000000000
2643 -114.0000000000
2657 -113.0000000000
2682 -112.0000000000
2697 -111.0000000000
2706 -110.0000000000
2734 -109.0000000000
2826 -108.0000000000
2887 -107.0000000000
2913 -106.0000000000
2928 -105.0000000000
2946 -104.0000000000
2958 -102.0000000000
2989 -101.0000000000
3020 -100.0000000000
3025 -99.0000000000
3087 -98.0000000000
3100 -97.0000000000
3137 -96.0000000000
3143 -95.0000000000
3193 -94.0000000000
3223 -93.0000000000
3226 -92.0000000000
3278 -91.0000000000
3287 -90.0000000000
3316 -89.0000000000
3332 -88.0000000000
3347 -87.0000000000
3392 -86.0000000000
3420 -85.0000000000
3440 -84.0000000000
3442 -83.0000000000
3470 -81.0000000000
3478 -80.0000000000
3524 -79.0000000000
3538 -78.0000000000
3561 -77.0000000000
3590 -74.0000000000
3654 -73.0000000000
3708 -72.0000000000
3745 -71.0000000000
3762 -70.0000000000
3787 -69.0000000000
3800 -68.0000000000
3835 -67.0000000000
3873 -66.0000000000
3915 -65.0000000000
3958 -64.0000000000
3995 -63.0000000000
4005 -62.0000000000
4020 -61.0000000000
4034 -60.0000000000
4065 -59.0000000000
4091 -58.0000000000
4181 -57.0000000000
4237 -56.0000000000
4264 -55.0000000000
4292 -54.0000000000
4326 -53.0000000000
4385 -52.0000000000
4425 -50.0000000000
4459 -49.0000000000
4505 -48.0000000000
4544 -47.0000000000
4562 -46.0000000000
4567 -45.0000000000
4636 -44.0000000000
4656 -43.0000000000
4693 -42.0000000000
4704 -41.0000000000
4768 -40.0000000000
4935 -39.0000000000
4972 -38.0000000000
5153 -37.0000000000
5205 -36.0000000000
5280 -35.0000000000
5297 -34.0000000000
5377 -33.0000000000
5409 -32.0000000000
5437 -31.0000000000
5529 -30.0000000000
5536 -29.0000000000
5553 -28.0000000000
5577 -27.0000000000
5579 -26.0000000000
5603 -25.0000000000
5672 -24.0000000000
5708 -23.0000000000
5720 -22.0000000000
5732 -21.0000000000
5778 -19.0000000000
5862 -18.0000000000
5937 -17.0000000000
5974 -16.0000000000
6018 -15.0000000000
6162 -14.0000000000
6371 -13.0000000000
6453 -12.0000000000
6514 -11.0000000000
6518 -10.0000000000
6545 -9.0000000000
6570 -8.0000000000
6657 -7.0000000000
7089 -6.0000000000
7180 -5.0000000000
7326 -4.0000000000
7378 -3.0000000000
7426 -2.0000000000
7624 -1.0000000000
8046 592.0000000000
9305 595.0000000000
9316 596.0000000000
9325 610.0000000000
9392 611.0000000000
9720 635.0000000000
10010 635.0000000000
evaluations raw_y
1 -361.0000000000
2 -357.0000000000
5 -351.0000000000
7 -349.0000000000
19 -341.0000000000
28 -336.0000000000
32 -333.0000000000
42 -325.0000000000
49 -324.0000000000
53 -321.0000000000
59 -316.0000000000
61 -315.0000000000
64 -314.0000000000
65 -313.0000000000
69 -309.0000000000
75 -308.0000000000
78 -307.0000000000
87 -303.0000000000
101 -301.0000000000
115 -299.0000000000
126 -298.0000000000
142 -296.0000000000
147 -295.0000000000
155 -294.0000000000
168 -293.0000000000
169 -292.0000000000
189 -291.0000000000
191 -289.0000000000
205 -287.0000000000
225 -285.0000000000
258 -283.0000000000
276 -282.0000000000
291 -281.0000000000
301 -280.0000000000
313 -279.0000000000
331 -277.0000000000
339 -276.0000000000
347 -275.0000000000
362 -274.0000000000
363 -273.0000000000
368 -272.0000000000
390 -269.0000000000
417 -268.0000000000
444 -267.0000000000
450 -266.0000000000
465 -265.0000000000
489 -264.0000000000
495 -263.0000000000
507 -262.0000000000
524 -261.0000000000
545 -260.0000000000
572 -259.0000000000
595 -257.0000000000
620 -256.0000000000
626 -255.0000000000
669 -254.0000000000
695 -253.0000000000
712 -252.0000000000
739 -251.0000000000
751 -250.0000000000
752 -248.0000000000
771 -247.0000000000
783 -245.0000000000
809 -241.0000000000
833 -240.0000000000
847 -239.0000000000
857 -237.0000000000
860 -236.0000000000
882 -235.0000000000
885 -234.0000000000
907 -232.0000000000
914 -231.0000000000
938 -230.0000000000
951 -229.0000000000
967 -228.0000000000
987 -227.0000000000
1003 -226.0000000000
1035 -223.0000000000
1054 -222.0000000000
1063 -221.0000000000
1065 -220.0000000000
1084 -218.0000000000
1090 -217.0000000000
1102 -216.0000000000
1112 -214.0000000000
1139 -213.0000000000
1145 -212.0000000000
1169 -211.0000000000
1170 -210.0000000000
1176 -209.0000000000
1187 -208.0000000000
1195 -207.0000000000
1200 -206.0000000000
1226 -205.0000000000
1238 -204.0000000000
1260 -203.0000000000
1262 -202.0000000000
1273 -200.0000000000
1310 -199.0000000000
1314 -197.0000000000
1342 -196.0000000000
1369 -195.0000000000
1389 -194.0000000000
1423 -193.0000000000
1430 -192.0000000000
1465 -191.0000000000
1474 -190.0000000000
1498 -189.0000000000
1516 -188.0000000000
1539 -187.0000000000
1541 -186.0000000000
1570 -185.0000000000
1588 -184.0000000000
1595 -181.0000000000
1640 -180.0000000000
1657 -179.0000000000
1689 -178.0000000000
1704 -177.0000000000
1723 -176.0000000000
1729 -175.0000000000
1737 -174.0000000000
1781 -173.0000000000
1803 -171.0000000000
1835 -170.0000000000
1838 -169.0000000000
1877 -168.0000000000
1917 -167.0000000000
1940 -166.0000000000
1955 -165.0000000000
1964 -164.0000000000
1971 -163.0000000000
2004 -162.0000000000
2043 -161.0000000000
2066 -159.0000000000
2095 -158.0000000000
2141 -157.0000000000
2159 -156.0000000000
2174 -155.0000000000
2194 -154.0000000000
2212 -153.0000000000
2223 -152.0000000000
2236 -151.0000000000
2242 -150.0000000000
2272 -148.0000000000
2290 -147.0000000000
2301 -146.0000000000
2307 -145.0000000000
2328 -144.0000000000
2373 -143.0000000000
2388 -142.0000000000
2422 -141.0000000000
2441 -140.0000000000
2465 -139.0000000000
2482 -138.0000000000
2527 -137.0000000000
2534 -135.0000000000
2568 -134.0000000000
2573 -133.0000000000
2604 -132.0000000000
2615 -131.0000000000
2627 -130.0000000000
2667 -129.0000000000
2702 -128.0000000000
2713 -127.0000000000
2765 -126.0000000000
2787 -125.0000000000
2794 -124.0000000000
2839 -123.0000000000
2870 -122.0000000000
2882 -121.0000000000
2908 -120.0000000000
2911 -119.0000000000
2920 -118.0000000000
2923 -116.0000000000
2982 -115.0000000000
3002 -114.0000000000
3047 -113.0000000000
3049 -112.0000000000
3099 -111.0000000000
3151 -110.0000000000
3178 -109.0000000000
3198 -108.0000000000
3213 -107.0000000000
3236 -106.0000000000
3243 -105.0000000000
3262 -104.0000000000
3301 -103.0000000000
3371 -102.0000000000
3392 -101.0000000000
3420 -100.0000000000
3440 -99.0000000000
3471 -98.0000000000
3492 -97.0000000000
3515 -96.0000000000
3535 -95.0000000000
3542 -94.0000000000
3566 -93.0000000000
3629 -92.0000000000
3719 -91.0000000000
3754 -90.0000000000
3790 -89.0000000000
3795 -88.0000000000
3827 -87.0000000000
3861 -86.0000000000
3905 -85.0000000000
3927 -84.0000000000
3937 -83.0000000000
3961 -82.0000000000
3981 -80.0000000000
4019 -79.0000000000
4126 -78.0000000000
4134 -77.0000000000
4151 -76.0000000000
4177 -75.0000000000
4273 -74.0000000000
4285 -73.0000000000
4322 -72.0000000000
4359 -70.0000000000
4370 -69.0000000000
4403 -68.0000000000
4430 -67.0000000000
4484 -66.0000000000
4504 -65.0000000000
4527 -64.0000000000
4554 -63.0000000000
4574 -62.0000000000
4608 -61.0000000000
4659 -60.0000000000
4702 -59.0000000000
4711 -58.0000000000
4747 -57.0000000000
4757 -56.0000000000
4773 -55.0000000000
4808 -54.0000000000
4840 -53.0000000000
4926 -52.0000000000
4947 -51.0000000000
4954 -50.0000000000
4991 -49.0000000000
5051 -47.0000000000
5096 -46.0000000000
5132 -45.0000000000
5203 -44.0000000000
5290 -43.0000000000
5359 -41.0000000000
5394 -40.0000000000
5423 -38.0000000000
5483 -36.0000000000
5530 -35.0000000000
5590 -34.0000000000
5738 -33.0000000000
5752 -32.0000000000
5777 -31.0000000000
5899 -30.0000000000
6004 -29.0000000000
6078 -28.0000000000
6177 -27.0000000000
6237 -26.0000000000
6260 -25.0000000000
6323 -24.0000000000
6354 -23.0000000000
6370 -22.0000000000
6383 -21.0000000000
6429 -20.0000000000
6473 -19.0000000000
6545 -18.0000000000
6573 -17.0000000000
6614 -16.0000000000
6649 -15.0000000000
6810 -14.0000000000
6826 -13.0000000000
6875 -12.0000000000
6897 -11.0000000000
6914 -10.0000000000
7044 -9.0000000000
7092 -8.0000000000
7277 -7.0000000000
7357 -6.0000000000
7576 -5.0000000000
8168 -4.0000000000
8257 -3.0000000000
8326 -2.0000000000
8669 -1.0000000000
8853 570.0000000000
9090 576.0000000000
9118 590.0000000000
9280 592.0000000000
9333 603.0000000000
9817 606.0000000000
10010 606.0000000000
evaluations raw_y
1 -396.0000000000
2 -371.0000000000
3 -338.0000000000
34 -332.0000000000
40 -330.0000000000
44 -313.0000000000
70 -311.0000000000
81 -307.0000000000
100 -303.0000000000
106 -300.0000000000
118 -299.0000000000
122 -298.0000000000
142 -296.0000000000
153 -294.0000000000
174 -293.0000000000
200 -292.0000000000
202 -291.0000000000
206 -290.0000000000
225 -289.0000000000
226 -288.0000000000
237 -287.0000000000
247 -286.0000000000
265 -285.0000000000
278 -283.0000000000
328 -281.0000000000
332 -280.0000000000
362 -278.0000000000
364 -277.0000000000
385 -275.0000000000
403 -274.0000000000
407 -273.0000000000
426 -271.0000000000
438 -270.0000000000
444 -269.0000000000
466 -268.0000000000
492 -267.0000000000
495 -265.0000000000
525 -264.0000000000
530 -263.0000000000
548 -262.0000000000
567 -261.0000000000
579 -260.0000000000
594 -259.0000000000
634 -257.0000000000
647 -256.0000000000
650 -255.0000000000
679 -254.0000000000
702 -253.0000000000
711 -252.0000000000
716 -251.0000000000
723 -249.0000000000
735 -247.0000000000
756 -246.0000000000
759 -245.0000000000
772 -244.0000000000
794 -243.0000000000
811 -241.0000000000
823 -240.0000000000
834 -239.0000000000
846 -238.0000000000
859 -237.0000000000
868 -236.0000000000
885 -234.0000000000
893 -232.0000000000
916 -231.0000000000
944 -230.0000000000
947 -229.0000000000
972 -228.0000000000
992 -227.0000000000
1003 -226.0000000000
1014 -225.0000000000
1018 -224.0000000000
1022 -223.0000000000
1041 -222.0000000000
1063 -221.0000000000
1068 -220.0000000000
1097 -218.0000000000
1118 -217.0000000000
1119 -215.0000000000
1143 -214.0000000000
1148 -213.0000000000
1164 -212.0000000000
1189 -210.0000000000
1197 -209.0000000000
1209 -208.0000000000
1231 -207.0000000000
1237 -206.0000000000
1252 -205.0000000000
1259 -203.0000000000
1293 -202.0000000000
1311 -200.0000000000
1327 -199.0000000000
1343 -198.0000000000
1355 -195.0000000000
1392 -194.0000000000
1398 -193.0000000000
1408 -192.0000000000
1418 -191.0000000000
1431 -189.0000000000
1449 -188.0000000000
1460 -187.0000000000
1479 -186.0000000000
1493 -185.0000000000
1507 -184.0000000000
1525 -183.0000000000
1548 -182.0000000000
1556 -181.0000000000
1565 -180.0000000000
1578 -179.0000000000
1580 -178.0000000000
1585 -177.0000000000
1606 -175.0000000000
1631 -174.0000000000
1643 -173.0000000000
1655 -172.0000000000
1683 -171.0000000000
1716 -170.0000000000
1723 -169.0000000000
1753 -168.0000000000
1755 -167.0000000000
1762 -165.0000000000
1806 -164.0000000000
1825 -163.0000000000
1841 -162.0000000000
1872 -160.0000000000
1876 -159.0000000000
1881 -158.0000000000
1889 -156.0000000000
1906 -155.0000000000
1927 -154.0000000000
1933 -153.0000000000
1957 -151.0000000000
1984 -150.0000000000
1987 -149.0000000000
2013 -147.0000000000
2044 -146.0000000000
2060 -145.0000000000
2083 -144.0000000000
2103 -143.0000000000
2130 -142.0000000000
2141 -141.0000000000
2172 -140.0000000000
2189 -139.0000000000
2201 -138.0000000000
2222 -137.0000000000
2241 -136.0000000000
2292 -135.0000000000
2326 -134.0000000000
2334 -133.0000000000
2350 -131.0000000000
2388 -129.0000000000
2430 -128.0000000000
2495 -127.0000000000
2513 -126.0000000000
2525 -125.0000000000
2535 -124.0000000000
2539 -123.0000000000
2555 -122.0000000000
2615 -121.0000000000
2632 -119.0000000000
2662 -118.0000000000
2687 -117.0000000000
2707 -114.0000000000
2751 -113.0000000000
2782 -112.0000000000
2806 -111.0000000000
2819 -110.0000000000
2844 -109.0000000000
2894 -108.0000000000
2904 -107.0000000000
2966 -105.0000000000
3017 -103.0000000000
3054 -102.0000000000
3068 -101.0000000000
3103 -100.0000000000
3104 -99.0000000000
3129 -98.0000000000
3141 -97.0000000000
3153 -96.0000000000
3183 -95.0000000000
3196 -94.0000000000
3234 -93.0000000000
3245 -92.0000000000
3259 -90.0000000000
3287 -89.0000000000
3298 -88.0000000000
3319 -87.0000000000
3320 -86.0000000000
3328 -84.0000000000
3347 -83.0000000000
3370 -82.0000000000
3404 -81.0000000000
3428 -80.0000000000
3450 -79.0000000000
3472 -78.0000000000
3529 -77.0000000000
3537 -76.0000000000
3541 -75.0000000000
3600 -74.0000000000
3627 -73.0000000000
3709 -72.0000000000
3747 -71.0000000000
3768 -70.0000000000
3795 -69.0000000000
3822 -68.0000000000
3857 -67.0000000000
3915 -66.0000000000
3949 -65.0000000000
3995 -64.0000000000
4025 -63.0000000000
4052 -62.0000000000
4140 -61.0000000000
4178 -60.0000000000
4199 -59.0000000000
4207 -58.0000000000
4239 -57.0000000000
4278 -56.0000000000
4344 -55.0000000000
4388 -54.0000000000
4405 -53.0000000000
4441 -52.0000000000
4451 -50.0000000000
4529 -49.0000000000
4548 -48.0000000000
4597 -47.0000000000
4653 -46.0000000000
4665 -45.0000000000
4729 -44.0000000000
4836 -43.0000000000
4889 -42.0000000000
4971 -41.0000000000
5002 -40.0000000000
5145 -39.0000000000
5172 -38.0000000000
5218 -37.0000000000
5288 -36.0000000000
5305 -35.0000000000
5338 -34.0000000000
5472 -33.0000000000
5528 -32.0000000000
5549 -31.0000000000
5598 -30.0000000000
5637 -29.0000000000
5664 -28.0000000000
5750 -27.0000000000
5836 -26.0000000000
5894 -25.0000000000
5937 -24.0000000000
6078 -23.0000000000
6114 -22.0000000000
6130 -21.0000000000
6179 -20.0000000000
6225 -19.0000000000
6260 -18.0000000000
6289 -17.0000000000
6394 -16.0000000000
6449 -15.0000000000
6512 -14.0000000000
6647 -13.0000000000
6672 -12.0000000000
6687 -11.0000000000
6795 -10.0000000000
6830 -9.0000000000
6903 -8.0000000000
6940 -7.0000000000
7123 -6.0000000000
7576 -5.0000000000
7619 -4.0000000000
7653 -3.0000000000
7661 -2.0000000000
7762 -1.0000000000
7870 588.0000000000
8956 591.0000000000
10010 -1.0000000000
evaluations raw_y
1 -365.0000000000
7 -348.0000000000
20 -339.0000000000
33 -337.0000000000
37 -335.0000000000
55 -330.0000000000
57 -328.0000000000
58 -322.0000000000
66 -319.0000000000
81 -316.0000000000
99 -313.0000000000
104 -311.0000000000
111 -309.0000000000
112 -305.0000000000
120 -304.0000000000
138 -303.0000000000
149 -302.0000000000
153 -300.0000000000
155 -297.0000000000
164 -296.0000000000
176 -295.0000000000
184 -294.0000000000
195 -293.0000000000
205 -292.0000000000
218 -290.0000000000
219 -288.0000000000
226 -287.0000000000
233 -286.0000000000
253 -285.0000000000
264 -284.0000000000
269 -283.0000000000
276 -282.0000000000
280 -279.0000000000
299 -278.0000000000
322 -277.0000000000
337 -275.0000000000
369 -274.0000000000
390 -273.0000000000
400 -271.0000000000
406 -270.0000000000
421 -269.0000000000
439 -268.0000000000
450 -267.0000000000
466 -266.0000000000
479 -264.0000000000
498 -263.0000000000
500 -262.0000000000
506 -261.0000000000
527 -260.0000000000
528 -259.0000000000
532 -258.0000000000
549 -257.0000000000
561 -256.0000000000
565 -255.0000000000
578 -254.0000000000
584 -253.0000000000
596 -252.0000000000
609 -251.0000000000
620 -250.0000000000
628 -249.0000000000
644 -248.0000000000
653 -247.0000000000
675 -246.0000000000
680 -245.0000000000
700 -244.0000000000
702 -243.0000000000
718 -241.0000000000
746 -240.0000000000
751 -238.0000000000
784 -237.0000000000
789 -236.0000000000
798 -235.0000000000
803 -234.0000000000
823 -233.0000000000
838 -231.0000000000
859 -230.0000000000
865 -229.0000000000
891 -228.0000000000
901 -227.0000000000
907 -226.0000000000
921 -225.0000000000
956 -223.0000000000
977 -222.0000000000
985 -221.0000000000
1000 -219.0000000000
1024 -218.0000000000
1043 -217.0000000000
1062 -216.0000000000
1074 -215.0000000000
1093 -214.0000000000
1115 -213.0000000000
1131 -211.0000000000
1137 -210.0000000000
1141 -209.0000000000
1172 -208.0000000000
1179 -206.0000000000
1205 -205.0000000000
1213 -204.0000000000
1216 -202.0000000000
1228 -200.0000000000
1253 -199.0000000000
1271 -198.0000000000
1274 -197.0000000000
1293 -195.0000000000
1329 -194.0000000000
1345 -193.0000000000
1352 -192.0000000000
1380 -191.0000000000
1381 -190.0000000000
1385 -189.0000000000
1393 -187.0000000000
1401 -186.0000000000
1434 -185.0000000000
1451 -184.0000000000
1456 -182.0000000000
1479 -181.0000000000
1496 -180.0000000000
1501 -179.0000000000
1528 -178.0000000000
1544 -177.0000000000
1557 -176.0000000000
1561 -175.0000000000
1570 -174.0000000000
1587 -173.0000000000
1602 -172.0000000000
1611 -171.0000000000
1630 -170.0000000000
1666 -169.0000000000
1681 -168.0000000000
1695 -167.0000000000
1711 -166.0000000000
1714 -165.0000000000
1743 -164.0000000000
1761 -163.0000000000
1765 -162.0000000000
1794 -161.0000000000
1805 -160.0000000000
1843 -159.0000000000
1882 -158.0000000000
1900 -157.0000000000
1920 -156.0000000000
1933 -155.0000000000
1954 -154.0000000000
1980 -153.0000000000
1985 -152.0000000000
2032 -151.0000000000
2052 -150.0000000000
2092 -149.0000000000
2104 -148.0000000000
2131 -147.0000000000
2158 -146.0000000000
2167 -145.0000000000
2195 -144.0000000000
2222 -143.0000000000
2240 -142.0000000000
2247 -141.0000000000
2262 -139.0000000000
2278 -138.0000000000
2296 -137.0000000000
2339 -135.0000000000
2351 -134.0000000000
2382 -133.0000000000
2389 -132.0000000000
2430 -131.0000000000
2464 -130.0000000000
2484 -129.0000000000
2498 -128.0000000000
2502 -127.0000000000
2550 -126.0000000000
2558 -124.0000000000
2600 -123.0000000000
2610 -122.0000000000
2619 -121.0000000000
2657 -120.0000000000
2672 -119.0000000000
2687 -118.0000000000
2729 -117.0000000000
2741 -116.0000000000
2768 -114.0000000000
2813 -113.0000000000
2850 -112.0000000000
2892 -111.0000000000
2922 -110.0000000000
2941 -109.0000000000
2957 -108.0000000000
2961 -107.0000000000
2968 -106.0000000000
2977 -104.0000000000
3020 -103.0000000000
3029 -102.0000000000
3055 -101.0000000000
3076 -100.0000000000
3087 -99.0000000000
3089 -98.0000000000
3130 -97.0000000000
3145 -96.0000000000
3158 -95.0000000000
3169 -94.0000000000
3194 -92.0000000000
3206 -91.0000000000
3223 -89.0000000000
3284 -88.0000000000
3316 -87.0000000000
3337 -85.0000000000
3356 -84.0000000000
3377 -83.0000000000
3394 -82.0000000000
3433 -81.0000000000
3458 -80.0000000000
3464 -79.0000000000
3505 -78.0000000000
3550 -77.0000000000
3596 -76.0000000000
3660 -75.0000000000
3683 -74.0000000000
3701 -73.0000000000
3715 -72.0000000000
3727 -71.0000000000
3764 -70.0000000000
3800 -69.0000000000
3831 -68.0000000000
3926 -66.0000000000
3956 -65.0000000000
3996 -64.0000000000
4108 -63.0000000000
4129 -61.0000000000
4196 -60.0000000000
4209 -59.0000000000
4245 -58.0000000000
4265 -57.0000000000
4357 -56.0000000000
4412 -55.0000000000
4419 -54.0000000000
4472 -53.0000000000
4475 -52.0000000000
4492 -51.0000000000
4518 -50.0000000000
4558 -49.0000000000
4660 -48.0000000000
4752 -47.0000000000
4780 -46.0000000000
4806 -45.0000000000
4824 -44.0000000000
4869 -43.0000000000
4952 -42.0000000000
5018 -41.0000000000
5026 -40.0000000000
5033 -39.0000000000
5081 -38.0000000000
5101 -37.0000000000
5106 -36.0000000000
5128 -35.0000000000
5210 -34.0000000000
5288 -33.0000000000
5330 -32.0000000000
5390 -31.0000000000
5429 -30.0000000000
5466 -29.0000000000
5517 -28.0000000000
5626 -27.0000000000
5692 -26.0000000000
5714 -25.0000000000
5720 -24.0000000000
5732 -23.0000000000
5747 -22.0000000000
5784 -21.0000000000
5821 -20.0000000000
5933 -19.0000000000
5998 -18.0000000000
6016 -17.0000000000
6032 -15.0000000000
6057 -14.0000000000
6142 -13.0000000000
6343 -12.0000000000
6348 -11.0000000000
6380 -10.0000000000
6419 -9.0000000000
6478 -8.0000000000
7241 -7.0000000000
7483 -6.0000000000
7530 -5.0000000000
7595 -4.0000000000
7794 -3.0000000000
7830 -2.0000000000
7909 -1.0000000000
7943 591.0000000000
8316 594.0000000000
9389 598.0000000000
9797 613.0000000000
10010 613.0000000000
evaluations raw_y
1 -374.0000000000
2 -372.0000000000
4 -354.0000000000
7 -349.0000000000
16 -346.0000000000
23 -343.0000000000
28 -341.0000000000
33 -340.0000000000
39 -325.0000000000
45 -324.0000000000
57 -313.0000000000
68 -311.0000000000
77 -310.0000000000
88 -308.0000000000
89 -306.0000000000
99 -305.0000000000
101 -303.0000000000
107 -298.0000000000
116 -297.0000000000
130 -294.0000000000
158 -293.0000000000
161 -292.0000000000
167 -291.0000000000
170 -290.0000000000
174 -289.0000000000
179 -288.0000000000
183 -287.0000000000
194 -286.0000000000
244 -285.0000000000
254 -284.0000000000
263 -283.0000000000
273 -280.0000000000
298 -279.0000000000
302 -278.0000000000
319 -277.0000000000
336 -276.0000000000
341 -275.0000000000
363 -274.0000000000
385 -273.0000000000
397 -272.0000000000
427 -271.0000000000
428 -270.0000000000
430 -268.0000000000
448 -267.0000000000
460 -265.0000000000
487 -264.0000000000
495 -263.0000000000
507 -262.0000000000
553 -261.0000000000
570 -260.0000000000
573 -259.0000000000
576 -258.0000000000
595 -255.0000000000
638 -253.0000000000
655 -252.0000000000
678 -251.0000000000
690 -250.0000000000
696 -249.0000000000
714 -248.0000000000
728 -247.0000000000
747 -246.0000000000
768 -245.0000000000
794 -244.0000000000
816 -243.0000000000
829 -242.0000000000
847 -240.0000000000
867 -238.0000000000
903 -237.0000000000
911 -236.0000000000
917 -234.0000000000
934 -232.0000000000
941 -231.0000000000
976 -230.0000000000
983 -229.0000000000
1012 -228.0000000000
1017 -227.0000000000
1031 -226.0000000000
1064 -225.0000000000
1070 -224.0000000000
1080 -223.0000000000
1097 -222.0000000000
1108 -221.0000000000
1110 -220.0000000000
1111 -219.0000000000
1113 -218.0000000000
1140 -217.0000000000
1151 -214.0000000000
1171 -211.0000000000
1208 -210.0000000000
1220 -209.0000000000
1240 -208.0000000000
1249 -207.0000000000
1258 -206.0000000000
1271 -205.0000000000
1291 -204.0000000000
1306 -202.0000000000
1313 -201.0000000000
1332 -200.0000000000
1352 -199.0000000000
1364 -198.0000000000
1370 -197.0000000000
1406 -196.0000000000
1411 -194.0000000000
1439 -191.0000000000
1459 -190.0000000000
1463 -189.0000000000
1483 -188.0000000000
1515 -187.0000000000
1530 -186.0000000000
1547 -185.0000000000
1611 -184.0000000000
1634 -183.0000000000
1650 -182.0000000000
1664 -181.0000000000
1666 -180.0000000000
1673 -179.0000000000
1684 -178.0000000000
1708 -177.0000000000
1731 -176.0000000000
1749 -175.0000000000
1755 -174.0000000000
1786 -171.0000000000
1831 -170.0000000000
1838 -169.0000000000
1849 -168.0000000000
1855 -167.0000000000
1866 -166.0000000000
1888 -165.0000000000
1895 -164.0000000000
1911 -160.0000000000
1947 -159.0000000000
1982 -158.0000000000
1988 -157.0000000000
2017 -156.0000000000
2031 -155.0000000000
2078 -154.0000000000
2108 -153.0000000000
2115 -152.0000000000
2152 -150.0000000000
2175 -149.0000000000
2185 -148.0000000000
2196 -147.0000000000
2203 -146.0000000000
2230 -145.0000000000
2254 -144.0000000000
2285 -143.0000000000
2296 -142.0000000000
2310 -141.0000000000
2340 -140.0000000000
2385 -139.0000000000
2395 -138.0000000000
2407 -137.0000000000
2414 -136.0000000000
2430 -135.0000000000
2461 -134.0000000000
2498 -133.0000000000
2499 -132.0000000000
2520 -131.0000000000
2538 -130.0000000000
2543 -129.0000000000
2557 -127.0000000000
2586 -126.0000000000
2615 -125.0000000000
2633 -124.0000000000
2647 -122.0000000000
2661 -121.0000000000
2708 -120.0000000000
2733 -119.0000000000
2758 -118.0000000000
2788 -117.0000000000
2808 -116.0000000000
2844 -115.0000000000
2865 -114.0000000000
2868 -113.0000000000
2880 -112.0000000000
2901 -111.0000000000
2948 -110.0000000000
2954 -109.0000000000
2989 -108.0000000000
3015 -107.0000000000
3036 -106.0000000000
3070 -105.0000000000
3102 -104.0000000000
3116 -103.0000000000
3133 -102.0000000000
3138 -101.0000000000
3144 -100.0000000000
3165 -99.0000000000
3208 -97.0000000000
3239 -96.0000000000
3251 -95.0000000000
3293 -94.0000000000
3325 -93.0000000000
3349 -92.0000000000
3399 -91.0000000000
3407 -90.0000000000
3441 -89.0000000000
3480 -88.0000000000
3493 -87.0000000000
3521 -85.0000000000
3550 -84.0000000000
3551 -83.0000000000
3563 -82.0000000000
3597 -81.0000000000
3649 -80.0000000000
3728 -79.0000000000
3729 -78.0000000000
3761 -77.0000000000
3815 -76.0000000000
3877 -75.0000000000
3902 -74.0000000000
3916 -73.0000000000
3966 -72.0000000000
3994 -71.0000000000
4024 -70.0000000000
4049 -69.0000000000
4085 -68.0000000000
4109 -67.0000000000
4158 -66.0000000000
4204 -65.0000000000
4262 -64.0000000000
4295 -63.0000000000
4341 -62.0000000000
4363 -61.0000000000
4376 -60.0000000000
4420 -59.0000000000
4531 -58.0000000000
4567 -57.0000000000
4600 -56.0000000000
4638 -55.0000000000
4681 -54.0000000000
4688 -53.0000000000
4765 -52.0000000000
4802 -50.0000000000
4843 -49.0000000000
4856 -48.0000000000
4937 -47.0000000000
4992 -46.0000000000
4997 -45.0000000000
5034 -44.0000000000
5046 -43.0000000000
5190 -42.0000000000
5215 -41.0000000000
5227 -40.0000000000
5273 -39.0000000000
5292 -37.0000000000
5349 -36.0000000000
5412 -35.0000000000
5439 -34.0000000000
5470 -33.0000000000
5507 -32.0000000000
5652 -31.0000000000
5754 -30.0000000000
5796 -29.0000000000
5841 -28.0000000000
5870 -27.0000000000
5910 -26.0000000000
5983 -25.0000000000
5996 -24.0000000000
6072 -23.0000000000
6140 -22.0000000000
6205 -21.0000000000
6344 -20.0000000000
6416 -19.0000000000
6823 -18.0000000000
6899 -17.0000000000
6962 -16.0000000000
7013 -15.0000000000
7085 -14.0000000000
7131 -13.0000000000
7347 -12.0000000000
7573 -11.0000000000
7872 -10.0000000000
8563 -9.0000000000
8744 -8.0000000000
9013 -7.0000000000
9125 -6.0000000000
9373 -5.0000000000
9524 -4.0000000000
9574 -3.0000000000
9998 -2.0000000000
10010 -4.0000000000
