run,evaluations,best_so_far
1,80540,40.230000000000004
1,80542,52.23000000000001
1,80566,52.23000000000001
1,84583,52.23000000000001
1,84609,52.23000000000001
1,84635,52.23000000000001
1,84637,52.23000000000001
1,84661,52.23000000000001
1,84707,52.84999999999999
1,84731,58.629999999999995
1,84755,58.629999999999995
1,84779,58.629999999999995
1,84803,58.629999999999995
1,84853,58.629999999999995
1,84879,58.629999999999995
1,84903,58.629999999999995
1,84951,58.629999999999995
1,84977,64.74000000000001
1,85027,64.74000000000001
1,85029,64.74000000000001
1,85077,64.74000000000001
1,85123,65.40000000000005
1,85151,65.40000000000005
1,85197,65.40000000000005
1,85245,65.40000000000005
1,85269,65.40000000000005
1,85271,65.40000000000005
1,85317,66.03000000000003
1,85319,68.53000000000002
1,85347,70.81000000000002
1,85397,70.81000000000002
1,85399,70.81000000000002
1,85425,70.81000000000002
1,85473,70.81000000000002
1,85497,70.81000000000002
1,85547,74.87999999999998
1,85573,74.87999999999998
1,85599,74.87999999999998
1,85627,74.87999999999998
1,85673,74.87999999999998
1,85697,74.87999999999998
1,85745,74.87999999999998
1,85791,74.87999999999998
1,85841,74.87999999999998
1,85889,74.87999999999998
1,85913,74.87999999999998
1,85963,74.87999999999998
1,85965,74.87999999999998
1,86015,74.87999999999998
1,86039,74.87999999999998
1,86063,74.87999999999998
1,86111,74.87999999999998
1,86161,74.87999999999998
1,86187,74.87999999999998
1,86213,74.87999999999998
1,86263,74.87999999999998
1,86293,74.87999999999998
1,86345,74.87999999999998
1,86371,74.87999999999998
1,86397,74.87999999999998
1,86445,74.87999999999998
1,86469,74.87999999999998
1,86471,74.87999999999998
1,86517,88.78000000000003
1,86565,88.78000000000003
1,86613,88.78000000000003
1,86659,88.78000000000003
1,86709,88.78000000000003
1,86735,88.78000000000003
1,86783,92.19999999999999
1,86809,92.19999999999999
1,86833,92.19999999999999
1,86861,92.19999999999999
1,86887,92.19999999999999
1,86937,92.19999999999999
1,86987,92.19999999999999
1,86989,92.19999999999999
1,87035,92.19999999999999
1,87059,92.19999999999999
1,87093,92.19999999999999
1,87119,92.19999999999999
1,87165,92.19999999999999
1,87193,92.19999999999999
1,87239,92.19999999999999
1,87289,92.19999999999999
1,87315,92.19999999999999
1,87339,92.19999999999999
1,87363,92.19999999999999
1,87413,92.19999999999999
1,87439,92.19999999999999
1,87487,92.19999999999999
1,87535,92.19999999999999
1,87581,92.19999999999999
1,87627,92.19999999999999
1,87629,92.19999999999999
1,87653,92.19999999999999
1,87679,92.19999999999999
1,87705,92.19999999999999
1,87751,92.19999999999999
1,87775,92.19999999999999
1,87799,99.09999999999995
1,87823,99.09999999999995
1,87869,99.09999999999995
1,87917,99.09999999999995
1,87967,99.09999999999995
1,87991,99.09999999999995
1,88037,110.07
1,88085,110.07
1,88135,110.07
1,88183,110.07
1,88211,110.07
1,88261,110.07
1,88309,110.07
1,88359,110.07
1,88385,110.07
1,88387,110.07
1,88411,110.07
1,88459,110.07
1,88509,110.07
1,88555,110.07
1,88579,110.07
1,88603,110.07
1,88631,110.07
1,88657,110.07
1,88683,110.07
1,88707,110.07
1,88737,110.07
1,88783,110.07
1,88831,110.07
1,88855,110.07
1,88901,110.07
1,88931,110.07
1,88957,110.07
1,88981,110.07
1,89029,110.07
1,89075,110.07
1,89125,110.07
1,89173,110.07
1,89197,110.07
1,89243,110.07
1,89269,110.07
1,89295,110.07
1,89341,110.07
1,89343,110.07
1,89345,110.07
1,89369,110.07
1,89419,110.07
1,89445,110.07
1,89469,110.07
1,89471,110.07
1,89495,110.07
1,89521,110.07
1,89547,110.07
1,89571,110.07
1,89597,110.07
1,89599,110.07
1,89625,110.07
1,89673,110.07
1,89697,110.07
1,89723,110.07
1,89771,110.07
1,89795,110.07
1,89845,110.07
1,89869,110.07
1,89893,110.07
1,89917,113.03999999999996
1,89963,114.33000000000006
1,89987,114.33000000000006
1,90037,114.33000000000006
1,90061,114.33000000000006
1,90063,114.33000000000006
1,90089,114.33000000000006
1,90113,114.33000000000006
1,90161,124.57000000000005
1,90185,124.57000000000005
1,90209,124.57000000000005
1,90233,124.57000000000005
1,90257,124.57000000000005
1,90307,124.57000000000005
1,90331,124.57000000000005
1,90381,124.57000000000005
1,90405,124.57000000000005
1,90435,124.57000000000005
1,90437,124.57000000000005
1,90463,124.57000000000005
1,90489,124.57000000000005
1,90491,124.57000000000005
1,90539,143.57999999999996
2,80582,39.28000000000001
2,80606,43.230000000000004
2,84651,47.37000000000001
2,84697,51.430000000000035
2,84743,55.30999999999998
2,84769,55.30999999999998
2,84817,55.30999999999998
2,84863,59.459999999999994
2,84911,59.459999999999994
2,84913,59.459999999999994
2,84959,67.63000000000004
2,85005,67.63000000000004
2,85031,67.63000000000004
2,85057,67.63000000000004
2,85085,67.63000000000004
2,85111,67.63000000000004
2,85137,67.63000000000004
2,85165,67.63000000000004
2,85191,67.63000000000004
2,85217,67.63000000000004
2,85269,67.63000000000004
2,85315,67.63000000000004
2,85365,67.63000000000004
2,85393,67.63000000000004
2,85419,67.63000000000004
2,85421,67.63000000000004
2,85445,67.63000000000004
2,85447,67.63000000000004
2,85471,67.63000000000004
2,85497,67.63000000000004
2,85499,67.63000000000004
2,85525,67.63000000000004
2,85549,67.63000000000004
2,85573,67.63000000000004
2,85621,67.63000000000004
2,85623,67.63000000000004
2,85647,67.63000000000004
2,85671,67.63000000000004
2,85717,67.63000000000004
2,85765,67.63000000000004
2,85791,67.63000000000004
2,85793,67.63000000000004
2,85823,67.63000000000004
2,85847,73.10000000000001
2,85849,73.10000000000001
2,85875,73.10000000000001
2,85899,73.10000000000001
2,85925,73.10000000000001
2,85953,73.10000000000001
2,85979,73.10000000000001
2,86007,73.10000000000001
2,86031,73.10000000000001
2,86083,73.10000000000001
2,86129,76.18999999999998
2,86153,76.18999999999998
2,86181,76.18999999999998
2,86207,76.18999999999998
2,86233,76.18999999999998
2,86283,76.18999999999998
2,86341,76.18999999999998
2,86387,76.18999999999998
2,86411,76.18999999999998
2,86461,189.56999999999996
2,86487,189.56999999999996
2,86489,189.56999999999996
2,86541,189.56999999999996
2,86589,189.56999999999996
2,86643,189.56999999999996
2,86693,189.56999999999996
2,86743,189.56999999999996
2,86793,189.56999999999996
2,86795,189.56999999999996
2,86819,189.56999999999996
2,86843,189.56999999999996
2,86869,189.56999999999996
2,86895,189.56999999999996
2,86947,189.56999999999996
2,86993,189.56999999999996
2,87021,189.56999999999996
2,87047,189.56999999999996
2,87093,189.56999999999996
2,87141,189.56999999999996
2,87143,189.56999999999996
2,87169,189.56999999999996
2,87195,189.56999999999996
2,87245,189.56999999999996
2,87291,189.56999999999996
2,87319,189.56999999999996
2,87367,189.56999999999996
2,87391,189.56999999999996
2,87437,189.56999999999996
2,87465,189.56999999999996
2,87489,189.56999999999996
2,87535,189.56999999999996
2,87537,189.56999999999996
2,87563,189.56999999999996
2,87587,189.56999999999996
2,87611,189.56999999999996
2,87663,189.56999999999996
2,87665,189.56999999999996
2,87689,189.56999999999996
2,87739,189.56999999999996
2,87789,189.56999999999996
2,87813,189.56999999999996
2,87815,189.56999999999996
2,87863,189.56999999999996
2,87917,189.56999999999996
2,87943,189.56999999999996
2,87969,189.56999999999996
2,87971,189.56999999999996
2,88021,189.56999999999996
2,88047,189.56999999999996
2,88093,189.56999999999996
2,88117,189.56999999999996
2,88167,189.56999999999996
2,88217,189.56999999999996
2,88241,189.56999999999996
2,88265,189.56999999999996
2,88313,189.56999999999996
2,88337,189.56999999999996
2,88361,189.56999999999996
2,88407,189.56999999999996
2,88431,189.56999999999996
2,88433,189.56999999999996
2,88483,189.56999999999996
2,88485,189.56999999999996
2,88511,189.56999999999996
2,88535,189.56999999999996
2,88581,189.56999999999996
2,88631,189.56999999999996
2,88655,189.56999999999996
2,88703,189.56999999999996
2,88749,189.56999999999996
2,88799,189.56999999999996
2,88827,189.56999999999996
2,88873,189.56999999999996
2,88901,189.56999999999996
2,88955,189.56999999999996
2,89001,189.56999999999996
2,89053,189.56999999999996
2,89103,189.56999999999996
2,89129,189.56999999999996
2,89159,189.56999999999996
2,89161,189.56999999999996
2,89209,189.56999999999996
2,89237,189.56999999999996
2,89261,201.31000000000006
2,89313,201.31000000000006
2,89315,201.31000000000006
2,89361,201.31000000000006
2,89407,203.29
2,89409,203.29
2,89437,203.29
2,89461,219.03000000000003
2,89513,219.03000000000003
2,89539,219.03000000000003
2,89563,219.03000000000003
2,89565,219.03000000000003
2,89589,219.03000000000003
2,89591,219.03000000000003
2,89615,219.03000000000003
2,89639,219.03000000000003
2,89665,219.03000000000003
2,89693,219.03000000000003
2,89717,219.03000000000003
2,89763,219.03000000000003
2,89809,219.03000000000003
2,89859,219.03000000000003
2,89887,219.03000000000003
2,89889,219.03000000000003
2,89913,219.03000000000003
2,89915,219.03000000000003
2,89943,219.03000000000003
2,89989,219.03000000000003
2,90037,219.03000000000003
2,90085,219.03000000000003
2,90087,219.03000000000003
2,90111,219.03000000000003
2,90159,219.03000000000003
2,90205,219.03000000000003
2,90207,219.03000000000003
2,90253,219.03000000000003
2,90277,219.03000000000003
2,90301,219.03000000000003
2,90347,219.03000000000003
2,90349,219.03000000000003
2,90373,219.03000000000003
2,90419,219.03000000000003
2,90469,219.03000000000003
2,90493,219.03000000000003
2,90495,219.03000000000003
2,90497,219.03000000000003
2,90523,219.03000000000003
2,90547,219.03000000000003
2,90571,219.03000000000003
3,80128,39.20000000000003
3,80152,40.89999999999999
3,80202,50.81999999999998
3,80226,50.81999999999998
3,80228,50.81999999999998
3,80252,50.81999999999998
3,84361,50.81999999999998
3,84385,50.81999999999998
3,84387,54.0
3,84437,54.0
3,84461,54.0
3,84489,54.0
3,84517,54.0
3,84565,54.0
3,84591,54.0
3,84639,54.0
3,84665,54.0
3,84667,54.0
3,84669,54.0
3,84671,54.0
3,84719,55.67999999999999
3,84747,55.67999999999999
3,84793,55.67999999999999
3,84817,55.67999999999999
3,84843,55.67999999999999
3,84893,59.069999999999986
3,84917,59.069999999999986
3,84941,59.069999999999986
3,84965,59.069999999999986
3,85011,59.069999999999986
3,85061,59.069999999999986
3,85085,59.069999999999986
3,85133,59.069999999999986
3,85183,59.069999999999986
3,85185,59.069999999999986
3,85209,59.069999999999986
3,85237,59.069999999999986
3,85263,59.069999999999986
3,85287,59.069999999999986
3,85333,59.069999999999986
3,85357,59.069999999999986
3,85381,72.13999999999999
3,85433,72.13999999999999
3,85457,72.13999999999999
3,85481,72.13999999999999
3,85529,79.60999999999999
3,85575,79.60999999999999
3,85599,79.60999999999999
3,85623,79.60999999999999
3,85647,79.60999999999999
3,85673,79.60999999999999
3,85699,79.60999999999999
3,85745,79.60999999999999
3,85797,79.60999999999999
3,85821,79.60999999999999
3,85869,79.60999999999999
3,85871,79.60999999999999
3,85919,79.60999999999999
3,85943,79.60999999999999
3,85989,79.60999999999999
3,86035,79.60999999999999
3,86059,90.11000000000003
3,86083,90.11000000000003
3,86115,90.11000000000003
3,86163,90.11000000000003
3,86165,90.11000000000003
3,86189,90.11000000000003
3,86237,90.11000000000003
3,86265,90.11000000000003
3,86315,91.51000000000005
3,86361,91.51000000000005
3,86407,91.51000000000005
3,86433,91.51000000000005
3,86479,91.51000000000005
3,86503,91.51000000000005
3,86527,91.51000000000005
3,86551,91.51000000000005
3,86601,91.51000000000005
3,86647,91.51000000000005
3,86673,91.51000000000005
3,86721,91.51000000000005
3,86767,91.51000000000005
3,86815,91.51000000000005
3,86839,91.51000000000005
3,86863,91.51000000000005
3,86911,91.51000000000005
3,86935,106.60000000000004
3,86961,106.60000000000004
3,87009,106.60000000000004
3,87035,106.60000000000004
3,87059,106.60000000000004
3,87085,106.60000000000004
3,87111,106.60000000000004
3,87113,106.60000000000004
3,87137,106.60000000000004
3,87163,106.60000000000004
3,87189,106.60000000000004
3,87213,106.60000000000004
3,87261,106.60000000000004
3,87263,106.60000000000004
3,87287,106.60000000000004
3,87311,106.60000000000004
3,87337,106.60000000000004
3,87361,106.60000000000004
3,87389,106.60000000000004
3,87413,106.60000000000004
3,87439,106.60000000000004
3,87485,106.60000000000004
3,87515,106.60000000000004
3,87565,106.60000000000004
3,87615,106.60000000000004
3,87667,106.60000000000004
3,87715,106.60000000000004
3,87741,107.02999999999996
3,87791,107.02999999999996
3,87815,107.02999999999996
3,87841,107.02999999999996
3,87865,107.02999999999996
3,87915,107.02999999999996
3,87963,107.02999999999996
3,87987,107.02999999999996
3,88035,107.02999999999996
3,88083,107.02999999999996
3,88109,107.02999999999996
3,88155,113.64999999999996
3,88179,113.64999999999996
3,88227,113.64999999999996
3,88255,113.64999999999996
3,88283,113.64999999999996
3,88285,113.64999999999996
3,88337,113.64999999999996
3,88383,113.64999999999996
3,88429,121.89000000000006
3,88479,121.89000000000006
3,88505,121.89000000000006
3,88529,121.89000000000006
3,88575,121.89000000000006
3,88621,121.89000000000006
3,88645,121.89000000000006
3,88693,121.89000000000006
3,88717,121.89000000000006
3,88741,121.89000000000006
3,88765,121.89000000000006
3,88811,121.89000000000006
3,88835,121.89000000000006
3,88859,121.89000000000006
3,88907,121.89000000000006
3,88931,121.89000000000006
3,88983,121.89000000000006
3,89011,121.89000000000006
3,89061,121.89000000000006
3,89109,121.89000000000006
3,89159,121.89000000000006
3,89185,121.89000000000006
3,89209,121.89000000000006
3,89233,121.89000000000006
3,89289,121.89000000000006
3,89335,121.89000000000006
3,89359,121.89000000000006
3,89411,121.89000000000006
3,89461,123.84000000000006
3,89511,123.84000000000006
3,89537,123.84000000000006
3,89583,123.84000000000006
3,89585,123.84000000000006
3,89633,123.84000000000006
3,89661,123.84000000000006
3,89685,123.84000000000006
3,89715,123.84000000000006
3,89745,123.84000000000006
3,89793,123.84000000000006
3,89817,123.84000000000006
3,89871,123.84000000000006
3,89897,123.84000000000006
3,89925,123.84000000000006
3,89951,123.84000000000006
3,89975,123.84000000000006
3,89999,123.84000000000006
3,90045,123.84000000000006
3,90091,123.84000000000006
3,90117,123.84000000000006
4,80780,40.11999999999997
4,80808,40.11999999999997
4,80856,40.13000000000002
4,80906,40.13000000000002
4,84911,40.13000000000002
4,84937,40.13000000000002
4,84983,42.769999999999996
4,85033,42.769999999999996
4,85081,43.389999999999986
4,85107,43.389999999999986
4,85153,49.21999999999997
4,85155,49.21999999999997
4,85213,49.55000000000002
4,85263,49.55000000000002
4,85287,50.379999999999995
4,85333,60.38000000000001
4,85387,60.38000000000001
4,85435,60.38000000000001
4,85483,67.82
4,85511,67.82
4,85513,75.35000000000005
4,85563,75.35000000000005
4,85587,75.35000000000005
4,85633,79.35000000000001
4,85681,79.35000000000001
4,85683,79.35000000000001
4,85709,79.35000000000001
4,85733,79.35000000000001
4,85781,79.35000000000001
4,85833,79.35000000000001
4,85859,79.35000000000001
4,85883,79.35000000000001
4,85909,79.35000000000001
4,85911,79.35000000000001
4,85963,79.35000000000001
4,86011,81.99000000000001
4,86035,81.99000000000001
4,86037,81.99000000000001
4,86063,81.99000000000001
4,86087,81.99000000000001
4,86135,81.99000000000001
4,86159,81.99000000000001
4,86207,81.99000000000001
4,86231,89.52999999999999
4,86257,89.52999999999999
4,86311,89.52999999999999
4,86335,89.52999999999999
4,86337,89.52999999999999
4,86389,89.52999999999999
4,86437,89.52999999999999
4,86487,89.52999999999999
4,86511,89.52999999999999
4,86535,89.52999999999999
4,86581,89.52999999999999
4,86633,89.52999999999999
4,86683,89.52999999999999
4,86707,106.19000000000003
4,86733,106.19000000000003
4,86735,106.19000000000003
4,86761,106.19000000000003
4,86763,106.19000000000003
4,86811,106.19000000000003
4,86857,106.19000000000003
4,86859,106.19000000000003
4,86883,106.19000000000003
4,86929,106.19000000000003
4,86975,106.19000000000003
4,86999,106.19000000000003
4,87025,106.19000000000003
4,87057,106.19000000000003
4,87081,106.19000000000003
4,87105,106.19000000000003
4,87157,106.19000000000003
4,87181,106.19000000000003
4,87207,106.19000000000003
4,87253,106.19000000000003
4,87277,106.19000000000003
4,87301,112.77999999999997
4,87325,132.77999999999997
4,87349,132.77999999999997
4,87351,132.77999999999997
4,87353,132.77999999999997
4,87355,132.77999999999997
4,87379,132.77999999999997
4,87405,132.77999999999997
4,87429,132.77999999999997
4,87453,141.13000000000005
4,87477,141.13000000000005
4,87503,141.13000000000005
4,87527,141.13000000000005
4,87553,141.13000000000005
4,87601,141.13000000000005
4,87657,141.13000000000005
4,87659,141.13000000000005
4,87683,141.13000000000005
4,87685,141.13000000000005
4,87731,141.13000000000005
4,87781,154.19000000000005
4,87807,154.19000000000005
4,87809,154.19000000000005
4,87857,154.19000000000005
4,87903,154.19000000000005
4,87951,154.19000000000005
4,88001,154.19000000000005
4,88047,154.19000000000005
4,88049,154.19000000000005
4,88073,154.19000000000005
4,88119,154.19000000000005
4,88149,154.19000000000005
4,88175,154.19000000000005
4,88235,154.19000000000005
4,88293,154.19000000000005
4,88339,154.19000000000005
4,88363,154.19000000000005
4,88387,154.19000000000005
4,88437,154.19000000000005
4,88461,154.19000000000005
4,88463,154.19000000000005
4,88511,161.60000000000002
4,88559,161.60000000000002
4,88583,161.60000000000002
4,88607,161.60000000000002
4,88653,161.60000000000002
4,88699,161.60000000000002
4,88723,161.60000000000002
4,88769,161.60000000000002
4,88795,161.60000000000002
4,88821,161.60000000000002
4,88873,161.60000000000002
4,88899,161.60000000000002
4,88925,161.60000000000002
4,88949,161.60000000000002
4,88997,161.60000000000002
4,89043,161.60000000000002
4,89095,161.60000000000002
4,89097,161.60000000000002
4,89149,161.60000000000002
4,89173,161.60000000000002
4,89221,161.60000000000002
4,89269,161.60000000000002
4,89293,161.60000000000002
4,89341,161.60000000000002
4,89389,161.60000000000002
4,89435,161.60000000000002
4,89481,161.60000000000002
4,89483,161.60000000000002
4,89535,161.60000000000002
4,89585,161.60000000000002
4,89635,161.60000000000002
4,89661,161.60000000000002
4,89707,161.60000000000002
4,89735,161.60000000000002
4,89737,161.60000000000002
4,89761,161.60000000000002
4,89763,161.60000000000002
4,89813,161.60000000000002
4,89839,161.60000000000002
4,89865,161.60000000000002
4,89893,161.60000000000002
4,89917,161.60000000000002
4,89943,161.60000000000002
4,89945,161.60000000000002
4,89995,161.60000000000002
4,90019,161.60000000000002
4,90021,161.60000000000002
4,90071,161.60000000000002
4,90097,161.60000000000002
4,90143,161.60000000000002
4,90191,161.60000000000002
4,90241,161.60000000000002
4,90291,161.60000000000002
4,90315,161.60000000000002
4,90365,164.62000000000003
4,90419,164.62000000000003
4,90421,164.62000000000003
4,90445,164.62000000000003
4,90495,164.62000000000003
4,90521,164.62000000000003
4,90523,164.62000000000003
4,90551,177.59000000000006
4,90577,177.59000000000006
4,90579,177.59000000000006
4,90607,177.59000000000006
4,90633,177.59000000000006
4,90657,177.59000000000006
4,90659,177.59000000000006
4,90685,177.59000000000006
4,90687,177.59000000000006
4,90737,177.59000000000006
4,90761,177.59000000000006
5,80512,39.490000000000016
5,80514,39.490000000000016
5,80516,39.490000000000016
5,80564,40.09999999999997
5,84613,40.88999999999999
5,84661,40.88999999999999
5,84685,42.13999999999997
5,84741,42.13999999999997
5,84765,42.13999999999997
5,84813,45.16999999999997
5,84837,45.44
5,84839,45.44
5,84891,50.11999999999999
5,84915,58.49
5,84939,58.49
5,84985,58.49
5,85009,58.49
5,85061,62.23999999999998
5,85063,62.23999999999998
5,85111,62.23999999999998
5,85159,62.23999999999998
5,85183,62.23999999999998
5,85207,85.63
5,85255,85.63
5,85279,85.63
5,85307,85.63
5,85353,85.63
5,85379,85.63
5,85425,85.63
5,85471,85.63
5,85523,85.63
5,85575,85.63
5,85621,85.63
5,85667,85.63
5,85669,85.63
5,85717,85.63
5,85769,85.63
5,85771,85.63
5,85795,85.63
5,85797,85.63
5,85823,85.63
5,85875,85.63
5,85923,85.63
5,85973,85.63
5,86021,85.63
5,86071,85.63
5,86095,85.63
5,86097,85.63
5,86121,85.63
5,86123,85.63
5,86175,85.63
5,86227,85.63
5,86273,85.63
5,86299,85.63
5,86325,85.63
5,86373,85.63
5,86421,85.63
5,86471,85.63
5,86497,85.63
5,86521,85.63
5,86547,85.63
5,86593,85.63
5,86641,85.63
5,86689,85.63
5,86715,85.63
5,86741,85.63
5,86765,85.63
5,86793,85.63
5,86819,85.63
5,86843,85.63
5,86845,85.63
5,86871,85.63
5,86919,85.63
5,86967,85.63
5,86969,85.63
5,86993,85.63
5,87047,85.63
5,87093,85.63
5,87117,85.63
5,87119,85.63
5,87143,85.63
5,87171,85.63
5,87221,85.63
5,87269,85.63
5,87321,85.63
5,87345,85.63
5,87373,85.63
5,87399,85.63
5,87423,85.63
5,87451,85.63
5,87475,85.63
5,87477,85.63
5,87525,85.63
5,87527,85.63
5,87573,91.24
5,87597,91.24
5,87643,91.24
5,87667,91.24
5,87691,91.24
5,87693,91.24
5,87723,91.24
5,87747,91.24
5,87779,91.24
5,87803,91.24
5,87833,91.24
5,87879,91.24
5,87881,91.24
5,87905,97.96999999999994
5,87931,101.60999999999999
5,87979,101.60999999999999
5,88003,101.60999999999999
5,88051,101.60999999999999
5,88075,101.60999999999999
5,88099,101.60999999999999
5,88147,101.60999999999999
5,88175,101.60999999999999
5,88203,101.60999999999999
5,88251,101.60999999999999
5,88275,101.60999999999999
5,88323,101.60999999999999
5,88369,101.60999999999999
5,88397,101.60999999999999
5,88423,101.60999999999999
5,88449,101.60999999999999
5,88495,102.17
5,88543,102.17
5,88591,102.17
5,88593,102.17
5,88639,102.17
5,88641,102.17
5,88667,102.17
5,88669,102.17
5,88693,102.17
5,88739,102.17
5,88763,102.17
5,88809,102.17
5,88833,102.17
5,88859,102.17
5,88911,102.17
5,88935,102.17
5,88937,102.17
5,88965,102.17
5,88991,102.17
5,89017,102.17
5,89067,102.17
5,89091,102.17
5,89115,102.17
5,89165,102.17
5,89189,102.17
5,89239,102.17
5,89241,102.17
5,89243,102.17
5,89267,102.17
5,89293,102.17
5,89319,102.17
5,89369,102.17
5,89415,102.17
5,89441,102.17
5,89491,102.17
5,89493,102.17
5,89541,102.17
5,89589,102.17
5,89635,102.17
5,89683,102.17
5,89707,102.17
5,89755,102.17
5,89779,102.17
5,89829,102.17
5,89877,102.17
5,89879,102.17
5,89903,102.17
5,89949,102.17
5,89975,102.17
5,90021,102.17
5,90049,105.86000000000001
5,90051,105.86000000000001
5,90079,105.86000000000001
5,90127,105.86000000000001
5,90151,105.86000000000001
5,90175,109.71000000000004
5,90225,109.71000000000004
5,90249,109.71000000000004
5,90295,109.71000000000004
5,90319,109.71000000000004
5,90365,109.71000000000004
5,90415,109.71000000000004
5,90439,109.71000000000004
5,90463,109.71000000000004
5,90491,109.71000000000004
5,90537,126.73000000000002
6,80134,41.37
6,80136,41.37
6,80160,41.37
6,80206,54.2
6,80232,54.2
6,80278,54.2
6,80326,54.2
6,80376,54.2
6,80378,54.2
6,80380,54.2
6,80406,54.2
6,80432,54.2
6,80460,54.2
6,80484,54.2
6,80510,54.2
6,80536,54.2
6,80562,54.74999999999999
6,80586,54.74999999999999
6,80612,54.74999999999999
6,80660,54.74999999999999
6,84815,54.74999999999999
6,84839,60.910000000000025
6,84889,61.550000000000026
6,84917,61.550000000000026
6,84943,62.66999999999997
6,84971,62.66999999999997
6,85017,62.66999999999997
6,85019,62.66999999999997
6,85045,62.66999999999997
6,85047,62.66999999999997
6,85071,62.66999999999997
6,85095,62.66999999999997
6,85097,62.66999999999997
6,85099,62.66999999999997
6,85123,62.66999999999997
6,85177,62.66999999999997
6,85223,62.66999999999997
6,85269,66.61999999999999
6,85317,66.61999999999999
6,85341,66.61999999999999
6,85365,66.61999999999999
6,85413,75.31999999999995
6,85459,83.73999999999997
6,85507,83.73999999999997
6,85557,83.73999999999997
6,85611,83.73999999999997
6,85659,83.73999999999997
6,85707,85.10999999999999
6,85753,85.10999999999999
6,85779,85.10999999999999
6,85805,85.10999999999999
6,85831,85.10999999999999
6,85855,85.10999999999999
6,85883,85.10999999999999
6,85933,85.10999999999999
6,85935,85.10999999999999
6,85983,85.10999999999999
6,86007,85.10999999999999
6,86055,85.10999999999999
6,86103,85.10999999999999
6,86129,85.10999999999999
6,86155,85.10999999999999
6,86179,85.10999999999999
6,86227,85.10999999999999
6,86251,85.10999999999999
6,86279,85.10999999999999
6,86327,85.10999999999999
6,86329,85.10999999999999
6,86331,85.10999999999999
6,86387,85.10999999999999
6,86413,85.10999999999999
6,86459,88.29999999999998
6,86509,88.29999999999998
6,86555,88.29999999999998
6,86557,88.29999999999998
6,86559,88.29999999999998
6,86605,88.29999999999998
6,86629,88.29999999999998
6,86655,88.29999999999998
6,86681,94.19000000000001
6,86731,94.19000000000001
6,86757,94.19000000000001
6,86781,94.19000000000001
6,86809,94.19000000000001
6,86833,94.19000000000001
6,86883,94.19000000000001
6,86907,94.19000000000001
6,86957,94.19000000000001
6,87003,94.19000000000001
6,87031,94.19000000000001
6,87055,94.19000000000001
6,87103,94.19000000000001
6,87131,94.19000000000001
6,87133,94.19000000000001
6,87183,108.06000000000003
6,87207,108.06000000000003
6,87209,108.06000000000003
6,87211,108.06000000000003
6,87259,108.06000000000003
6,87307,108.06000000000003
6,87355,108.06000000000003
6,87379,108.06000000000003
6,87427,108.06000000000003
6,87475,108.06000000000003
6,87499,108.06000000000003
6,87523,108.06000000000003
6,87569,108.06000000000003
6,87621,108.06000000000003
6,87669,108.06000000000003
6,87717,108.06000000000003
6,87765,108.06000000000003
6,87789,108.06000000000003
6,87791,108.06000000000003
6,87837,108.06000000000003
6,87861,108.06000000000003
6,87887,108.06000000000003
6,87935,108.06000000000003
6,87937,108.06000000000003
6,87961,108.06000000000003
6,88011,108.06000000000003
6,88035,108.06000000000003
6,88081,111.72999999999996
6,88127,111.72999999999996
6,88173,113.12000000000002
6,88197,113.12000000000002
6,88221,116.01000000000003
6,88245,116.01000000000003
6,88293,116.01000000000003
6,88319,116.01000000000003
6,88343,116.01000000000003
6,88367,116.01000000000003
6,88413,116.01000000000003
6,88461,116.01000000000003
6,88463,116.01000000000003
6,88509,116.01000000000003
6,88533,116.01000000000003
6,88559,116.01000000000003
6,88613,116.01000000000003
6,88645,116.01000000000003
6,88669,116.01000000000003
6,88717,116.01000000000003
6,88763,116.01000000000003
6,88789,116.01000000000003
6,88791,116.18999999999996
6,88819,116.18999999999996
6,88821,116.18999999999996
6,88845,116.18999999999996
6,88891,116.18999999999996
6,88915,116.18999999999996
6,88917,116.18999999999996
6,88943,116.18999999999996
6,88969,116.18999999999996
6,88993,116.18999999999996
6,89017,116.18999999999996
6,89071,116.18999999999996
6,89119,116.18999999999996
6,89145,116.18999999999996
6,89169,116.18999999999996
6,89193,116.18999999999996
6,89241,116.18999999999996
6,89269,116.18999999999996
6,89293,116.18999999999996
6,89343,116.18999999999996
6,89367,116.18999999999996
6,89415,116.18999999999996
6,89463,116.18999999999996
6,89487,116.18999999999996
6,89533,123.61
6,89581,123.61
6,89627,123.61
6,89675,123.61
6,89725,123.61
6,89773,123.61
6,89775,123.61
6,89821,123.61
6,89823,123.61
6,89849,123.61
6,89895,123.61
6,89943,123.61
6,89989,123.61
6,90039,123.61
6,90087,123.61
6,90135,123.61
7,80736,46.599999999999994
7,80784,46.599999999999994
7,80830,46.60000000000004
7,80854,46.60000000000004
7,80906,46.60000000000004
7,84991,46.60000000000004
7,84993,46.60000000000004
7,85019,46.60000000000004
7,85069,46.60000000000004
7,85093,55.32999999999998
7,85119,55.32999999999998
7,85143,55.32999999999998
7,85167,55.32999999999998
7,85193,55.32999999999998
7,85245,55.32999999999998
7,85291,55.32999999999998
7,85293,55.32999999999998
7,85341,58.96
7,85367,58.96
7,85391,58.96
7,85443,58.96
7,85489,58.96
7,85515,58.96
7,85541,58.96
7,85589,58.96
7,85637,58.96
7,85639,58.96
7,85667,58.96
7,85691,58.96
7,85741,58.96
7,85767,58.96
7,85817,58.96
7,85841,58.96
7,85891,58.96
7,85893,58.96
7,85895,58.96
7,85943,58.96
7,85971,60.55
7,86017,60.55
7,86019,60.55
7,86067,64.16999999999999
7,86091,64.16999999999999
7,86093,64.16999999999999
7,86141,64.16999999999999
7,86189,64.16999999999999
7,86237,64.16999999999999
7,86265,64.16999999999999
7,86267,64.16999999999999
7,86291,64.16999999999999
7,86315,64.16999999999999
7,86361,64.16999999999999
7,86363,64.16999999999999
7,86387,64.16999999999999
7,86435,64.16999999999999
7,86437,64.16999999999999
7,86461,64.16999999999999
7,86463,64.16999999999999
7,86487,76.44999999999999
7,86537,77.16999999999997
7,86561,77.16999999999997
7,86563,77.16999999999997
7,86611,77.16999999999997
7,86659,77.16999999999997
7,86707,78.55999999999999
7,86731,81.08999999999999
7,86755,81.08999999999999
7,86801,81.08999999999999
7,86827,81.08999999999999
7,86875,85.69
7,86921,85.69
7,86945,88.47000000000003
7,86969,88.47000000000003
7,86995,88.47000000000003
7,87049,88.47000000000003
7,87073,88.47000000000003
7,87075,88.47000000000003
7,87077,88.47000000000003
7,87101,88.47000000000003
7,87147,88.47000000000003
7,87149,88.47000000000003
7,87151,88.47000000000003
7,87201,88.75
7,87253,100.12999999999994
7,87277,100.12999999999994
7,87303,100.12999999999994
7,87349,100.12999999999994
7,87399,100.12999999999994
7,87401,100.12999999999994
7,87427,100.12999999999994
7,87451,100.12999999999994
7,87477,100.12999999999994
7,87501,100.12999999999994
7,87525,100.12999999999994
7,87573,100.12999999999994
7,87621,114.01999999999995
7,87649,114.01999999999995
7,87697,114.01999999999995
7,87745,114.01999999999995
7,87771,114.01999999999995
7,87825,114.01999999999995
7,87849,114.01999999999995
7,87877,114.01999999999995
7,87927,114.01999999999995
7,87951,114.01999999999995
7,87983,114.01999999999995
7,88007,114.01999999999995
7,88009,114.01999999999995
7,88057,114.01999999999995
7,88059,114.01999999999995
7,88105,114.01999999999995
7,88129,114.01999999999995
7,88131,114.01999999999995
7,88155,114.01999999999995
7,88201,114.01999999999995
7,88229,114.01999999999995
7,88253,114.01999999999995
7,88255,114.01999999999995
7,88279,114.01999999999995
7,88305,114.01999999999995
7,88353,114.01999999999995
7,88379,114.01999999999995
7,88433,114.01999999999995
7,88457,114.01999999999995
7,88503,114.01999999999995
7,88553,114.01999999999995
7,88577,114.01999999999995
7,88601,114.01999999999995
7,88647,114.01999999999995
7,88671,114.01999999999995
7,88673,114.01999999999995
7,88719,114.01999999999995
7,88769,114.01999999999995
7,88815,114.01999999999995
7,88841,114.01999999999995
7,88843,114.01999999999995
7,88867,114.01999999999995
7,88891,114.01999999999995
7,88893,114.01999999999995
7,88917,114.01999999999995
7,88945,114.01999999999995
7,88973,114.01999999999995
7,88997,114.01999999999995
7,89023,114.01999999999995
7,89069,114.01999999999995
7,89115,114.01999999999995
7,89139,114.01999999999995
7,89163,114.01999999999995
7,89189,114.01999999999995
7,89235,115.46999999999998
7,89259,115.46999999999998
7,89305,115.46999999999998
7,89307,115.46999999999998
7,89331,115.46999999999998
7,89355,115.46999999999998
7,89381,115.46999999999998
7,89429,115.46999999999998
7,89479,115.46999999999998
7,89529,115.46999999999998
7,89557,115.46999999999998
7,89581,115.46999999999998
7,89583,115.46999999999998
7,89629,115.46999999999998
7,89653,115.46999999999998
7,89701,115.46999999999998
7,89751,115.46999999999998
7,89799,115.46999999999998
7,89801,115.46999999999998
7,89827,115.46999999999998
7,89829,115.46999999999998
7,89831,115.46999999999998
7,89879,115.46999999999998
7,89931,115.46999999999998
7,89985,115.46999999999998
7,89987,115.46999999999998
7,90037,115.46999999999998
7,90061,120.37000000000005
7,90109,120.37000000000005
7,90157,120.37000000000005
7,90207,120.37000000000005
7,90231,120.37000000000005
7,90279,120.37000000000005
7,90305,120.37000000000005
7,90331,120.37000000000005
7,90355,120.37000000000005
7,90379,120.37000000000005
7,90403,120.37000000000005
7,90427,120.37000000000005
7,90451,120.37000000000005
7,90481,122.00999999999993
7,90529,137.82
7,90585,137.82
7,90633,137.82
7,90681,137.82
7,90705,137.82
7,90729,137.82
8,80356,45.04000000000001
8,80380,45.04000000000001
8,80404,57.62999999999998
8,80428,57.62999999999998
8,80474,60.900000000000006
8,80500,60.900000000000006
8,84513,60.900000000000006
8,84541,60.900000000000006
8,84543,60.900000000000006
8,84569,60.900000000000006
8,84571,60.900000000000006
8,84597,60.900000000000006
8,84647,60.900000000000006
8,84697,60.900000000000006
8,84745,60.900000000000006
8,84799,60.900000000000006
8,84823,60.900000000000006
8,84825,60.900000000000006
8,84827,63.150000000000006
8,84851,63.150000000000006
8,84897,63.150000000000006
8,84921,63.150000000000006
8,84923,63.150000000000006
8,84947,63.150000000000006
8,84971,63.150000000000006
8,85017,63.150000000000006
8,85065,67.01
8,85113,67.01
8,85159,67.01
8,85205,72.71000000000002
8,85233,72.71000000000002
8,85235,72.71000000000002
8,85237,72.71000000000002
8,85263,72.71000000000002
8,85313,72.71000000000002
8,85363,72.71000000000002
8,85411,72.71000000000002
8,85439,72.71000000000002
8,85463,72.71000000000002
8,85465,72.71000000000002
8,85513,74.14
8,85537,74.14
8,85583,74.14
8,85629,74.14
8,85677,74.14
8,85723,74.14
8,85771,74.14
8,85773,74.14
8,85819,87.20999999999997
8,85865,87.20999999999997
8,85913,87.20999999999997
8,85939,87.20999999999997
8,85963,87.20999999999997
8,85989,87.20999999999997
8,85991,87.20999999999997
8,86015,87.20999999999997
8,86039,87.20999999999997
8,86087,87.20999999999997
8,86135,87.20999999999997
8,86181,87.20999999999997
8,86205,87.20999999999997
8,86229,87.20999999999997
8,86277,87.20999999999997
8,86301,87.20999999999997
8,86327,87.20999999999997
8,86377,87.20999999999997
8,86401,87.20999999999997
8,86425,87.20999999999997
8,86477,87.20999999999997
8,86503,87.20999999999997
8,86553,87.20999999999997
8,86599,87.20999999999997
8,86645,87.20999999999997
8,86647,87.20999999999997
8,86673,97.77000000000001
8,86699,97.77000000000001
8,86701,97.77000000000001
8,86753,97.77000000000001
8,86801,97.77000000000001
8,86825,97.77000000000001
8,86849,97.77000000000001
8,86875,97.77000000000001
8,86927,97.77000000000001
8,86951,97.77000000000001
8,86997,97.77000000000001
8,87045,97.77000000000001
8,87091,97.77000000000001
8,87093,97.77000000000001
8,87143,97.77000000000001
8,87167,97.77000000000001
8,87215,97.77000000000001
8,87245,97.77000000000001
8,87269,97.77000000000001
8,87319,97.77000000000001
8,87343,97.77000000000001
8,87345,97.77000000000001
8,87347,97.77000000000001
8,87349,97.77000000000001
8,87399,97.77000000000001
8,87425,97.77000000000001
8,87477,97.77000000000001
8,87501,97.77000000000001
8,87503,97.77000000000001
8,87549,97.77000000000001
8,87551,97.77000000000001
8,87553,97.77000000000001
8,87577,97.77000000000001
8,87605,97.77000000000001
8,87655,97.77000000000001
8,87679,97.77000000000001
8,87681,97.77000000000001
8,87729,97.77000000000001
8,87755,97.77000000000001
8,87779,97.77000000000001
8,87781,97.77000000000001
8,87807,97.77000000000001
8,87853,97.77000000000001
8,87855,97.77000000000001
8,87903,97.77000000000001
8,87927,97.77000000000001
8,87929,97.77000000000001
8,87979,97.77000000000001
8,88025,97.77000000000001
8,88077,97.77000000000001
8,88105,97.77000000000001
8,88129,97.77000000000001
8,88153,97.77000000000001
8,88205,97.77000000000001
8,88251,105.43000000000002
8,88301,105.43000000000002
8,88325,105.43000000000002
8,88327,105.43000000000002
8,88383,107.85
8,88385,107.85
8,88409,107.85
8,88411,110.71000000000004
8,88461,110.71000000000004
8,88487,110.71000000000004
8,88539,110.71000000000004
8,88591,110.71000000000004
8,88637,110.71000000000004
8,88687,110.71000000000004
8,88711,110.71000000000004
8,88761,110.71000000000004
8,88807,110.71000000000004
8,88831,110.71000000000004
8,88855,110.71000000000004
8,88905,110.71000000000004
8,88955,110.71000000000004
8,88979,110.71000000000004
8,89031,110.71000000000004
8,89081,110.71000000000004
8,89105,110.71000000000004
8,89129,110.71000000000004
8,89131,110.71000000000004
8,89133,112.3
8,89135,112.3
8,89161,112.3
8,89187,112.3
8,89233,112.3
8,89281,112.3
8,89283,112.3
8,89307,125.41999999999997
8,89309,125.41999999999997
8,89335,125.41999999999997
8,89381,125.41999999999997
8,89407,125.41999999999997
8,89431,125.41999999999997
8,89477,125.41999999999997
8,89501,125.41999999999997
8,89525,125.41999999999997
8,89551,125.41999999999997
8,89575,125.41999999999997
8,89599,125.41999999999997
8,89623,125.41999999999997
8,89673,125.41999999999997
8,89697,125.41999999999997
8,89721,125.41999999999997
8,89769,125.41999999999997
8,89817,125.41999999999997
8,89841,125.41999999999997
8,89843,125.41999999999997
8,89889,136.31000000000012
8,89913,136.31000000000012
8,89939,136.31000000000012
8,89991,136.31000000000012
8,89993,136.31000000000012
8,90019,136.31000000000012
8,90043,136.31000000000012
8,90091,136.31000000000012
8,90143,136.31000000000012
8,90189,136.31000000000012
8,90235,136.31000000000012
8,90259,136.31000000000012
8,90283,136.31000000000012
8,90333,136.31000000000012
9,80578,53.08999999999999
9,80602,53.08999999999999
9,80650,53.08999999999999
9,80652,53.08999999999999
9,80676,64.10999999999999
9,80704,64.10999999999999
9,80728,64.10999999999999
9,80756,64.10999999999999
9,80804,64.10999999999999
9,80852,64.10999999999999
9,84767,64.10999999999999
9,84821,64.10999999999999
9,84847,64.10999999999999
9,84897,64.10999999999999
9,84921,64.10999999999999
9,84947,64.10999999999999
9,84995,64.10999999999999
9,85045,64.10999999999999
9,85069,64.10999999999999
9,85071,64.10999999999999
9,85073,64.10999999999999
9,85097,64.10999999999999
9,85145,64.10999999999999
9,85193,64.10999999999999
9,85195,64.10999999999999
9,85241,64.10999999999999
9,85267,64.10999999999999
9,85313,64.10999999999999
9,85341,64.10999999999999
9,85389,64.10999999999999
9,85415,64.10999999999999
9,85467,64.10999999999999
9,85517,64.10999999999999
9,85563,64.10999999999999
9,85565,64.10999999999999
9,85591,64.10999999999999
9,85593,64.10999999999999
9,85595,64.10999999999999
9,85619,64.10999999999999
9,85645,64.10999999999999
9,85695,64.10999999999999
9,85747,64.10999999999999
9,85771,64.10999999999999
9,85819,64.10999999999999
9,85845,64.10999999999999
9,85869,64.10999999999999
9,85893,64.10999999999999
9,85941,68.46000000000004
9,85987,68.46000000000004
9,86035,68.46000000000004
9,86063,68.46000000000004
9,86113,68.46000000000004
9,86137,68.46000000000004
9,86161,68.46000000000004
9,86213,68.46000000000004
9,86215,68.46000000000004
9,86263,68.46000000000004
9,86265,68.46000000000004
9,86317,68.46000000000004
9,86341,68.46000000000004
9,86343,68.46000000000004
9,86389,68.46000000000004
9,86439,68.46000000000004
9,86465,68.46000000000004
9,86513,80.58
9,86559,90.42
9,86583,90.42
9,86607,90.42
9,86631,90.42
9,86677,90.42
9,86725,90.42
9,86727,90.42
9,86755,90.42
9,86757,90.42
9,86781,90.42
9,86783,91.74000000000002
9,86807,91.74000000000002
9,86855,91.74000000000002
9,86879,91.74000000000002
9,86907,91.74000000000002
9,86957,91.74000000000002
9,86981,91.74000000000002
9,87007,91.74000000000002
9,87053,91.74000000000002
9,87101,91.74000000000002
9,87103,91.74000000000002
9,87149,91.74000000000002
9,87195,91.74000000000002
9,87245,91.74000000000002
9,87293,92.59999999999997
9,87319,92.59999999999997
9,87365,97.72000000000004
9,87393,97.72000000000004
9,87395,101.97999999999996
9,87419,101.97999999999996
9,87467,101.97999999999996
9,87515,101.97999999999996
9,87541,101.97999999999996
9,87595,101.97999999999996
9,87619,101.97999999999996
9,87649,101.97999999999996
9,87673,101.97999999999996
9,87721,101.97999999999996
9,87767,101.97999999999996
9,87769,101.97999999999996
9,87771,101.97999999999996
9,87817,101.97999999999996
9,87865,101.97999999999996
9,87889,101.97999999999996
9,87939,101.97999999999996
9,87967,101.97999999999996
9,87991,101.97999999999996
9,88039,101.97999999999996
9,88085,101.97999999999996
9,88115,101.97999999999996
9,88161,101.97999999999996
9,88207,101.97999999999996
9,88253,101.97999999999996
9,88303,101.97999999999996
9,88305,101.97999999999996
9,88307,101.97999999999996
9,88309,101.97999999999996
9,88333,108.06999999999996
9,88335,108.06999999999996
9,88383,108.06999999999996
9,88431,108.06999999999996
9,88479,108.06999999999996
9,88527,108.06999999999996
9,88575,108.06999999999996
9,88623,108.06999999999996
9,88651,108.06999999999996
9,88675,108.06999999999996
9,88725,109.02999999999996
9,88749,109.02999999999996
9,88773,111.12000000000002
9,88797,111.12000000000002
9,88849,111.12000000000002
9,88897,111.12000000000002
9,88921,111.12000000000002
9,88945,111.12000000000002
9,88971,111.12000000000002
9,88995,111.12000000000002
9,89021,111.12000000000002
9,89069,111.12000000000002
9,89117,111.12000000000002
9,89119,111.12000000000002
9,89165,111.12000000000002
9,89213,111.12000000000002
9,89237,111.12000000000002
9,89265,111.12000000000002
9,89311,111.12000000000002
9,89335,111.12000000000002
9,89337,111.12000000000002
9,89361,111.12000000000002
9,89387,111.12000000000002
9,89389,111.12000000000002
9,89415,111.12000000000002
9,89463,111.12000000000002
9,89487,111.12000000000002
9,89541,111.12000000000002
9,89543,111.12000000000002
9,89569,111.12000000000002
9,89595,111.12000000000002
9,89643,111.12000000000002
9,89669,111.12000000000002
9,89695,111.12000000000002
9,89743,111.12000000000002
9,89789,111.12000000000002
9,89839,111.12000000000002
9,89865,111.12000000000002
9,89889,111.12000000000002
9,89917,111.12000000000002
9,89919,111.12000000000002
9,89921,111.12000000000002
9,89923,111.12000000000002
9,89947,111.12000000000002
9,89995,111.12000000000002
9,90021,111.12000000000002
9,90073,111.12000000000002
9,90097,111.12000000000002
9,90099,111.12000000000002
9,90101,111.12000000000002
9,90149,111.12000000000002
9,90195,111.12000000000002
9,90221,111.12000000000002
9,90247,111.12000000000002
9,90295,111.12000000000002
9,90297,111.12000000000002
9,90299,111.12000000000002
9,90349,111.12000000000002
9,90375,111.12000000000002
9,90421,111.12000000000002
9,90467,111.12000000000002
9,90469,111.12000000000002
9,90523,111.12000000000002
9,90547,111.12000000000002
9,90573,111.12000000000002
10,79964,40.08000000000001
10,79990,40.08000000000001
10,80016,40.08000000000001
10,80068,40.08000000000001
10,80114,47.62999999999999
10,84185,47.95000000000002
10,84209,47.95000000000002
10,84211,47.95000000000002
10,84259,47.95000000000002
10,84289,47.95000000000002
10,84313,49.15000000000003
10,84337,50.73999999999999
10,84383,50.73999999999999
10,84385,50.73999999999999
10,84409,50.73999999999999
10,84455,51.010000000000005
10,84457,51.010000000000005
10,84459,51.010000000000005
10,84461,51.010000000000005
10,84511,52.69999999999998
10,84513,52.69999999999998
10,84559,52.69999999999998
10,84583,52.69999999999998
10,84585,52.69999999999998
10,84641,52.69999999999998
10,84687,52.69999999999998
10,84739,60.30000000000002
10,84787,60.30000000000002
10,84789,62.27000000000004
10,84837,62.27000000000004
10,84889,62.27000000000004
10,84915,62.27000000000004
10,84939,62.27000000000004
10,84965,62.27000000000004
10,85013,62.27000000000004
10,85015,65.11000000000001
10,85041,65.11000000000001
10,85067,65.11000000000001
10,85091,65.11000000000001
10,85143,65.11000000000001
10,85193,65.11000000000001
10,85217,65.11000000000001
10,85243,65.11000000000001
10,85291,65.11000000000001
10,85341,65.11000000000001
10,85367,65.11000000000001
10,85369,65.11000000000001
10,85395,65.11000000000001
10,85443,65.11000000000001
10,85491,66.7
10,85515,66.7
10,85565,66.7
10,85611,66.7
10,85657,66.7
10,85681,66.7
10,85705,69.48999999999998
10,85729,69.48999999999998
10,85753,69.48999999999998
10,85783,69.48999999999998
10,85809,69.48999999999998
10,85833,69.48999999999998
10,85859,69.48999999999998
10,85909,69.48999999999998
10,85935,69.48999999999998
10,85959,69.48999999999998
10,85985,69.48999999999998
10,86035,69.48999999999998
10,86083,74.18999999999996
10,86085,74.18999999999996
10,86133,74.18999999999996
10,86157,74.18999999999996
10,86181,74.18999999999996
10,86227,77.32000000000002
10,86277,77.32000000000002
10,86333,77.32000000000002
10,86357,77.32000000000002
10,86383,77.32000000000002
10,86409,77.32000000000002
10,86411,77.32000000000002
10,86459,77.32000000000002
10,86461,77.32000000000002
10,86507,80.82000000000001
10,86553,84.21999999999996
10,86601,84.21999999999996
10,86625,84.21999999999996
10,86649,84.21999999999996
10,86697,84.21999999999996
10,86721,84.21999999999996
10,86745,84.21999999999996
10,86791,84.21999999999996
10,86839,91.50999999999996
10,86863,91.50999999999996
10,86911,91.50999999999996
10,86937,91.50999999999996
10,86965,91.50999999999996
10,86967,92.55
10,87013,92.66000000000004
10,87039,92.66000000000004
10,87063,92.66000000000004
10,87091,92.66000000000004
10,87115,92.66000000000004
10,87139,92.66000000000004
10,87187,92.66000000000004
10,87211,92.66000000000004
10,87261,92.66000000000004
10,87285,92.66000000000004
10,87309,92.66000000000004
10,87311,92.66000000000004
10,87335,92.66000000000004
10,87359,99.65999999999995
10,87383,99.65999999999995
10,87407,99.65999999999995
10,87431,99.65999999999995
10,87455,99.65999999999995
10,87509,99.65999999999995
10,87533,99.65999999999995
10,87557,99.65999999999995
10,87581,99.65999999999995
10,87629,99.65999999999995
10,87631,99.65999999999995
10,87679,99.65999999999995
10,87703,99.65999999999995
10,87749,99.65999999999995
10,87773,99.65999999999995
10,87799,99.65999999999995
10,87847,99.65999999999995
10,87893,99.65999999999995
10,87917,105.22999999999996
10,87967,105.22999999999996
10,88015,105.22999999999996
10,88061,105.22999999999996
10,88111,105.22999999999996
10,88161,108.85000000000001
10,88215,108.85000000000001
10,88261,108.85000000000001
10,88289,108.85000000000001
10,88335,108.85000000000001
10,88385,108.85000000000001
10,88409,127.01999999999998
10,88457,127.01999999999998
10,88459,127.01999999999998
10,88485,127.01999999999998
10,88487,127.01999999999998
10,88513,127.01999999999998
10,88515,127.01999999999998
10,88539,127.01999999999998
10,88587,127.01999999999998
10,88589,127.01999999999998
10,88635,127.01999999999998
10,88687,127.01999999999998
10,88735,127.01999999999998
10,88763,127.01999999999998
10,88809,127.01999999999998
10,88833,127.01999999999998
10,88879,127.01999999999998
10,88905,127.01999999999998
10,88953,127.01999999999998
10,88999,127.01999999999998
10,89053,127.01999999999998
10,89077,127.01999999999998
10,89101,127.01999999999998
10,89103,127.01999999999998
10,89129,127.01999999999998
10,89153,138.5
10,89199,138.5
10,89245,138.5
10,89269,138.5
10,89317,138.5
10,89367,138.5
10,89369,138.5
10,89415,138.5
10,89441,138.5
10,89489,138.5
10,89513,138.5
10,89539,138.5
10,89587,138.5
10,89635,138.5
10,89665,138.5
10,89711,138.5
10,89759,138.5
10,89783,138.5
10,89807,138.5
10,89831,138.5
10,89881,138.5
10,89927,138.5
10,89973,138.5
11,80210,50.600000000000044
11,80212,50.600000000000044
11,80214,50.600000000000044
11,80216,50.600000000000044
11,80240,50.600000000000044
11,84363,50.600000000000044
11,84387,50.600000000000044
11,84435,54.82999999999997
11,84483,54.82999999999997
11,84535,54.82999999999997
11,84559,54.82999999999997
11,84609,54.82999999999997
11,84655,54.82999999999997
11,84707,54.82999999999997
11,84759,54.82999999999997
11,84811,54.82999999999997
11,84857,58.609999999999985
11,84881,60.929999999999986
11,84909,60.929999999999986
11,84933,90.81
11,84957,90.81
11,84981,90.81
11,85005,90.81
11,85051,90.81
11,85075,90.81
11,85123,90.81
11,85147,90.81
11,85193,90.81
11,85239,90.81
11,85263,90.81
11,85265,90.81
11,85267,90.81
11,85269,90.81
11,85299,90.81
11,85345,90.81
11,85391,90.81
11,85437,90.81
11,85493,90.81
11,85495,90.81
11,85545,90.81
11,85593,90.81
11,85645,90.81
11,85695,90.81
11,85697,90.81
11,85723,90.81
11,85769,90.81
11,85817,90.81
11,85845,90.81
11,85893,90.81
11,85941,90.81
11,85969,90.81
11,85993,90.81
11,86045,90.81
11,86091,90.81
11,86139,90.81
11,86191,90.81
11,86239,90.81
11,86263,90.81
11,86265,90.81
11,86315,90.81
11,86339,90.81
11,86363,90.81
11,86413,90.81
11,86465,99.77000000000001
11,86511,99.77000000000001
11,86537,99.77000000000001
11,86539,99.77000000000001
11,86565,99.77000000000001
11,86591,99.77000000000001
11,86615,99.77000000000001
11,86639,99.77000000000001
11,86665,99.77000000000001
11,86667,99.77000000000001
11,86669,99.77000000000001
11,86697,99.77000000000001
11,86743,99.77000000000001
11,86791,99.77000000000001
11,86817,99.77000000000001
11,86841,99.77000000000001
11,86867,99.77000000000001
11,86913,99.77000000000001
11,86937,99.77000000000001
11,86983,99.77000000000001
11,87007,99.77000000000001
11,87033,99.77000000000001
11,87081,99.77000000000001
11,87129,99.77000000000001
11,87153,99.77000000000001
11,87177,99.77000000000001
11,87201,99.77000000000001
11,87249,99.77000000000001
11,87295,99.77000000000001
11,87347,99.77000000000001
11,87403,99.77000000000001
11,87451,99.77000000000001
11,87503,99.77000000000001
11,87527,99.77000000000001
11,87551,99.77000000000001
11,87609,99.77000000000001
11,87657,99.77000000000001
11,87681,103.47999999999999
11,87705,103.47999999999999
11,87733,103.47999999999999
11,87789,103.47999999999999
11,87839,103.47999999999999
11,87885,103.47999999999999
11,87909,103.47999999999999
11,87911,103.47999999999999
11,87935,103.47999999999999
11,87937,103.47999999999999
11,87985,103.47999999999999
11,88009,103.47999999999999
11,88033,103.47999999999999
11,88083,103.47999999999999
11,88131,103.47999999999999
11,88177,198.10999999999993
11,88201,198.10999999999993
11,88249,198.10999999999993
11,88273,198.10999999999993
11,88275,198.10999999999993
11,88299,198.10999999999993
11,88347,198.10999999999993
11,88405,198.10999999999993
11,88431,198.10999999999993
11,88477,198.10999999999993
11,88503,198.10999999999993
11,88529,198.10999999999993
11,88531,198.10999999999993
11,88555,198.10999999999993
11,88603,198.10999999999993
11,88627,198.10999999999993
11,88655,198.10999999999993
11,88657,198.10999999999993
11,88711,198.10999999999993
11,88713,198.10999999999993
11,88765,198.10999999999993
11,88789,198.10999999999993
11,88835,198.10999999999993
11,88863,198.10999999999993
11,88865,198.10999999999993
11,88893,198.10999999999993
11,88921,198.10999999999993
11,88945,198.10999999999993
11,88997,198.10999999999993
11,89023,198.10999999999993
11,89025,198.10999999999993
11,89053,198.10999999999993
11,89079,198.10999999999993
11,89127,198.10999999999993
11,89151,198.10999999999993
11,89153,198.10999999999993
11,89203,198.10999999999993
11,89249,198.10999999999993
11,89251,198.10999999999993
11,89299,198.10999999999993
11,89325,198.10999999999993
11,89351,198.10999999999993
11,89399,206.13000000000005
11,89423,206.13000000000005
11,89425,206.13000000000005
11,89453,206.13000000000005
11,89499,206.13000000000005
11,89525,206.13000000000005
11,89573,206.13000000000005
11,89623,206.13000000000005
11,89649,206.13000000000005
11,89695,208.13000000000002
11,89719,208.13000000000002
11,89721,208.13000000000002
11,89747,208.13000000000002
11,89771,208.13000000000002
11,89821,208.13000000000002
11,89851,208.13000000000002
11,89875,208.13000000000002
11,89899,208.13000000000002
11,89901,208.13000000000002
11,89947,208.13000000000002
11,89977,208.13000000000002
11,90001,208.13000000000002
11,90057,208.13000000000002
11,90103,208.13000000000002
11,90151,208.13000000000002
11,90179,208.13000000000002
11,90227,208.13000000000002
12,80608,45.82000000000003
12,80632,52.74000000000002
12,80656,52.74000000000002
12,84801,52.74000000000002
12,84829,52.74000000000002
12,84853,52.74000000000002
12,84899,52.74000000000002
12,84927,52.74000000000002
12,84975,54.779999999999994
12,85001,54.779999999999994
12,85049,54.779999999999994
12,85079,54.779999999999994
12,85105,54.779999999999994
12,85151,56.810000000000024
12,85197,56.810000000000024
12,85249,56.810000000000024
12,85277,56.810000000000024
12,85323,75.34
12,85325,75.34
12,85327,75.34
12,85329,75.34
12,85375,75.34
12,85423,75.34
12,85475,75.34
12,85523,75.34
12,85525,75.34
12,85527,75.34
12,85551,75.34
12,85575,75.34
12,85599,75.34
12,85623,75.34
12,85649,75.34
12,85673,75.34
12,85697,76.41000000000001
12,85747,76.41000000000001
12,85771,76.41000000000001
12,85817,76.41000000000001
12,85867,76.41000000000001
12,85895,76.41000000000001
12,85945,76.41000000000001
12,85947,76.41000000000001
12,85971,76.41000000000001
12,85995,76.41000000000001
12,86041,76.41000000000001
12,86087,76.41000000000001
12,86113,76.41000000000001
12,86161,76.41000000000001
12,86209,76.41000000000001
12,86255,76.41000000000001
12,86301,81.06999999999998
12,86347,81.06999999999998
12,86371,81.06999999999998
12,86417,81.06999999999998
12,86441,81.06999999999998
12,86487,81.06999999999998
12,86517,81.06999999999998
12,86563,81.06999999999998
12,86587,81.06999999999998
12,86641,81.06999999999998
12,86689,81.06999999999998
12,86715,81.06999999999998
12,86717,81.06999999999998
12,86765,81.06999999999998
12,86789,81.06999999999998
12,86815,81.06999999999998
12,86863,81.06999999999998
12,86915,81.06999999999998
12,86917,81.06999999999998
12,86941,96.46999999999998
12,86967,96.46999999999998
12,86991,96.46999999999998
12,87039,96.46999999999998
12,87085,96.46999999999998
12,87133,96.46999999999998
12,87179,96.46999999999998
12,87225,96.46999999999998
12,87249,96.46999999999998
12,87273,96.46999999999998
12,87323,97.03999999999999
12,87349,97.03999999999999
12,87375,97.03999999999999
12,87399,97.03999999999999
12,87423,97.03999999999999
12,87471,97.03999999999999
12,87495,97.03999999999999
12,87519,97.03999999999999
12,87565,97.03999999999999
12,87567,97.03999999999999
12,87569,97.03999999999999
12,87571,97.03999999999999
12,87595,97.03999999999999
12,87647,100.23999999999997
12,87675,100.23999999999997
12,87723,102.58999999999995
12,87725,102.58999999999995
12,87749,102.58999999999995
12,87775,102.58999999999995
12,87823,102.58999999999995
12,87869,102.58999999999995
12,87915,102.58999999999995
12,87941,105.49000000000001
12,87967,105.49000000000001
12,88019,105.49000000000001
12,88065,105.49000000000001
12,88113,105.49000000000001
12,88159,105.49000000000001
12,88205,105.49000000000001
12,88207,105.49000000000001
12,88255,105.49000000000001
12,88279,105.49000000000001
12,88325,105.49000000000001
12,88349,105.49000000000001
12,88375,105.49000000000001
12,88377,105.49000000000001
12,88429,105.49000000000001
12,88477,105.49000000000001
12,88523,105.49000000000001
12,88549,105.49000000000001
12,88573,105.49000000000001
12,88625,105.49000000000001
12,88675,105.49000000000001
12,88705,105.49000000000001
12,88729,105.49000000000001
12,88761,105.52000000000004
12,88787,105.52000000000004
12,88833,105.52000000000004
12,88883,105.52000000000004
12,88933,107.55999999999999
12,88957,107.55999999999999
12,88981,107.55999999999999
12,89029,107.55999999999999
12,89077,107.55999999999999
12,89079,107.55999999999999
12,89103,107.55999999999999
12,89129,107.55999999999999
12,89153,107.55999999999999
12,89201,107.55999999999999
12,89203,107.55999999999999
12,89253,107.55999999999999
12,89277,107.55999999999999
12,89301,107.55999999999999
12,89329,115.43
12,89375,115.43
12,89399,115.43
12,89445,115.43
12,89447,115.43
12,89471,115.43
12,89495,115.43
12,89497,115.43
12,89545,115.43
12,89569,115.43
12,89593,115.43
12,89617,115.43
12,89663,115.43
12,89691,115.43
12,89717,115.43
12,89743,115.43
12,89791,115.43
12,89821,115.43
12,89845,115.43
12,89897,115.43
12,89943,115.43
12,89967,115.43
12,90015,115.43
12,90063,115.43
12,90065,115.43
12,90089,115.43
12,90113,115.43
12,90145,115.43
12,90173,115.43
12,90201,115.43
12,90247,115.43
12,90273,115.43
12,90321,115.43
12,90347,115.43
12,90349,115.43
12,90401,116.19999999999999
12,90425,116.19999999999999
12,90427,117.63999999999997
12,90453,117.63999999999997
12,90477,117.63999999999997
12,90523,117.63999999999997
12,90573,117.63999999999997
13,80248,56.81000000000003
13,80294,56.81000000000003
13,80320,56.81000000000003
13,80344,56.81000000000003
13,80396,56.81000000000003
13,80446,56.81000000000003
13,80470,56.81000000000003
13,80494,57.82000000000001
13,80520,57.82000000000001
13,84469,57.82000000000001
13,84499,57.82000000000001
13,84501,57.82000000000001
13,84525,65.34999999999998
13,84573,75.68999999999998
13,84601,75.68999999999998
13,84649,75.68999999999998
13,84673,77.05000000000003
13,84723,77.05000000000003
13,84777,77.05000000000003
13,84825,77.05000000000003
13,84853,77.05000000000003
13,84855,77.05000000000003
13,84879,77.05000000000003
13,84925,77.05000000000003
13,84949,77.05000000000003
13,84973,77.05000000000003
13,85023,77.05000000000003
13,85049,77.05000000000003
13,85075,77.05000000000003
13,85099,77.05000000000003
13,85145,77.05000000000003
13,85195,77.05000000000003
13,85241,77.05000000000003
13,85267,77.05000000000003
13,85313,77.05000000000003
13,85341,77.05000000000003
13,85389,81.35999999999999
13,85413,81.35999999999999
13,85437,81.35999999999999
13,85461,81.35999999999999
13,85463,81.35999999999999
13,85487,81.35999999999999
13,85535,81.35999999999999
13,85585,81.35999999999999
13,85637,81.35999999999999
13,85685,81.35999999999999
13,85731,81.35999999999999
13,85787,81.35999999999999
13,85835,81.35999999999999
13,85883,81.35999999999999
13,85933,85.70000000000003
13,85957,86.36999999999999
13,85981,86.36999999999999
13,86011,86.36999999999999
13,86037,86.36999999999999
13,86085,86.36999999999999
13,86131,86.36999999999999
13,86177,96.56000000000003
13,86223,96.56000000000003
13,86247,96.56000000000003
13,86295,96.56000000000003
13,86319,96.56000000000003
13,86345,96.56000000000003
13,86393,96.56000000000003
13,86443,96.56000000000003
13,86467,96.56000000000003
13,86517,96.56000000000003
13,86563,96.56000000000003
13,86565,96.56000000000003
13,86589,109.48000000000003
13,86635,109.48000000000003
13,86681,109.48000000000003
13,86729,109.48000000000003
13,86731,109.48000000000003
13,86733,109.48000000000003
13,86761,109.48000000000003
13,86763,109.48000000000003
13,86765,109.48000000000003
13,86793,109.48000000000003
13,86817,109.48000000000003
13,86841,109.48000000000003
13,86867,109.48000000000003
13,86895,109.48000000000003
13,86943,109.48000000000003
13,86993,109.48000000000003
13,87045,109.48000000000003
13,87073,109.48000000000003
13,87121,109.48000000000003
13,87123,109.48000000000003
13,87171,109.48000000000003
13,87217,109.48000000000003
13,87219,109.48000000000003
13,87269,109.48000000000003
13,87293,109.48000000000003
13,87347,109.48000000000003
13,87395,109.48000000000003
13,87419,109.48000000000003
13,87421,109.48000000000003
13,87447,109.48000000000003
13,87495,109.48000000000003
13,87519,109.48000000000003
13,87567,137.94000000000005
13,87617,137.94000000000005
13,87641,137.94000000000005
13,87665,137.94000000000005
13,87689,137.94000000000005
13,87715,137.94000000000005
13,87743,137.94000000000005
13,87767,137.94000000000005
13,87791,137.94000000000005
13,87793,137.94000000000005
13,87817,137.94000000000005
13,87869,137.94000000000005
13,87915,137.94000000000005
13,87939,137.94000000000005
13,87985,137.94000000000005
13,88033,137.94000000000005
13,88059,137.94000000000005
13,88061,137.94000000000005
13,88063,137.94000000000005
13,88087,137.94000000000005
13,88111,137.94000000000005
13,88135,137.94000000000005
13,88159,137.94000000000005
13,88183,137.94000000000005
13,88207,137.94000000000005
13,88231,137.94000000000005
13,88255,137.94000000000005
13,88279,137.94000000000005
13,88327,137.94000000000005
13,88373,138.79999999999995
13,88419,138.79999999999995
13,88443,138.79999999999995
13,88467,138.79999999999995
13,88491,138.79999999999995
13,88515,139.43999999999997
13,88517,139.43999999999997
13,88519,139.43999999999997
13,88521,139.43999999999997
13,88545,139.43999999999997
13,88591,139.43999999999997
13,88615,139.43999999999997
13,88639,139.43999999999997
13,88641,139.43999999999997
13,88667,139.43999999999997
13,88715,139.43999999999997
13,88739,143.10999999999999
13,88787,143.10999999999999
13,88811,143.10999999999999
13,88813,143.10999999999999
13,88815,143.10999999999999
13,88861,143.10999999999999
13,88907,143.10999999999999
13,88957,143.10999999999999
13,88981,143.10999999999999
13,89005,143.10999999999999
13,89053,143.10999999999999
13,89101,143.10999999999999
13,89149,143.10999999999999
13,89195,143.10999999999999
13,89247,143.10999999999999
13,89271,143.10999999999999
13,89295,143.10999999999999
13,89319,143.10999999999999
13,89343,143.10999999999999
13,89393,143.10999999999999
13,89419,143.10999999999999
13,89443,143.10999999999999
13,89495,143.10999999999999
13,89521,143.10999999999999
13,89567,143.10999999999999
13,89591,143.10999999999999
13,89593,143.10999999999999
13,89617,143.10999999999999
13,89665,143.10999999999999
13,89689,143.10999999999999
13,89713,143.10999999999999
13,89737,143.10999999999999
13,89739,143.10999999999999
13,89767,143.10999999999999
13,89769,143.10999999999999
13,89815,143.10999999999999
13,89861,143.10999999999999
13,89909,143.10999999999999
13,89933,143.10999999999999
13,89959,143.10999999999999
13,89961,143.10999999999999
13,89985,143.10999999999999
13,90011,143.10999999999999
13,90057,143.10999999999999
13,90081,143.10999999999999
13,90129,145.42999999999998
13,90155,145.42999999999998
13,90179,145.42999999999998
13,90205,145.42999999999998
14,80154,39.919999999999995
14,80156,39.919999999999995
14,80180,48.69
14,80228,50.270000000000024
14,80254,50.270000000000024
14,80278,52.29999999999999
14,80328,52.29999999999999
14,80376,55.03
14,80400,55.03
14,80402,55.03
14,80428,55.03
14,80456,55.03
14,80502,57.639999999999986
14,80526,57.639999999999986
14,80580,57.639999999999986
14,80626,75.72999999999998
14,80680,75.72999999999998
14,80704,75.72999999999998
14,80756,75.72999999999998
14,80808,75.72999999999998
14,80810,75.72999999999998
14,84767,75.72999999999998
14,84791,75.72999999999998
14,84817,75.72999999999998
14,84843,75.72999999999998
14,84869,75.72999999999998
14,84893,75.72999999999998
14,84919,75.72999999999998
14,84943,75.72999999999998
14,84945,75.72999999999998
14,84969,75.72999999999998
14,85015,75.72999999999998
14,85069,75.72999999999998
14,85071,75.72999999999998
14,85097,75.72999999999998
14,85099,82.65999999999991
14,85145,82.65999999999991
14,85195,82.65999999999991
14,85219,82.65999999999991
14,85245,82.65999999999991
14,85293,82.65999999999991
14,85341,82.65999999999991
14,85343,82.65999999999991
14,85391,82.65999999999991
14,85441,82.65999999999991
14,85491,82.65999999999991
14,85537,82.65999999999991
14,85585,82.65999999999991
14,85609,82.65999999999991
14,85611,82.65999999999991
14,85613,82.65999999999991
14,85659,82.65999999999991
14,85689,82.65999999999991
14,85691,82.65999999999991
14,85743,82.65999999999991
14,85771,82.65999999999991
14,85797,82.65999999999991
14,85847,82.65999999999991
14,85895,82.65999999999991
14,85943,82.65999999999991
14,85967,82.65999999999991
14,85995,82.65999999999991
14,86041,82.65999999999991
14,86065,82.65999999999991
14,86091,82.65999999999991
14,86117,82.65999999999991
14,86163,82.65999999999991
14,86213,82.65999999999991
14,86239,82.65999999999991
14,86263,82.65999999999991
14,86289,82.65999999999991
14,86335,82.65999999999991
14,86387,82.65999999999991
14,86411,82.65999999999991
14,86457,82.65999999999991
14,86505,82.65999999999991
14,86529,82.80999999999999
14,86559,82.80999999999999
14,86583,82.80999999999999
14,86631,82.80999999999999
14,86655,82.80999999999999
14,86657,82.80999999999999
14,86705,82.80999999999999
14,86729,82.80999999999999
14,86755,82.80999999999999
14,86801,85.47999999999999
14,86849,85.47999999999999
14,86899,85.47999999999999
14,86947,85.47999999999999
14,86971,85.47999999999999
14,86995,92.22
14,87043,92.22
14,87069,92.22
14,87093,92.22
14,87143,92.22
14,87145,92.22
14,87169,92.22
14,87217,92.22
14,87265,92.22
14,87313,92.22
14,87363,92.22
14,87391,92.22
14,87415,92.22
14,87463,92.22
14,87487,92.22
14,87533,92.22
14,87557,92.22
14,87605,92.22
14,87629,92.22
14,87677,92.22
14,87701,92.22
14,87727,92.22
14,87751,92.22
14,87799,92.22
14,87849,92.22
14,87877,92.22
14,87925,104.02000000000007
14,87973,104.02000000000007
14,87975,104.02000000000007
14,88023,104.02000000000007
14,88047,104.02000000000007
14,88095,104.02000000000007
14,88143,104.02000000000007
14,88167,104.02000000000007
14,88217,104.02000000000007
14,88243,104.02000000000007
14,88291,104.02000000000007
14,88315,104.02000000000007
14,88371,104.02000000000007
14,88399,104.02000000000007
14,88423,104.02000000000007
14,88469,104.02000000000007
14,88493,104.02000000000007
14,88495,104.02000000000007
14,88541,104.02000000000007
14,88591,104.02000000000007
14,88615,104.02000000000007
14,88661,104.02000000000007
14,88663,104.02000000000007
14,88709,104.02000000000007
14,88733,104.02000000000007
14,88757,104.02000000000007
14,88781,104.02000000000007
14,88831,104.02000000000007
14,88877,104.02000000000007
14,88903,104.02000000000007
14,88951,104.02000000000007
14,89003,104.02000000000007
14,89005,104.02000000000007
14,89029,104.02000000000007
14,89075,112.69
14,89099,112.69
14,89149,112.69
14,89175,112.69
14,89225,112.69
14,89253,112.69
14,89301,112.69
14,89303,112.69
14,89327,112.69
14,89329,112.69
14,89353,112.69
14,89405,112.69
14,89463,112.69
14,89487,112.69
14,89513,112.69
14,89565,112.69
14,89589,112.69
14,89637,112.69
14,89661,112.69
14,89685,112.69
14,89733,112.69
14,89757,112.69
14,89781,112.69
14,89805,112.69
14,89851,112.69
14,89877,112.69
14,89927,112.69
14,89973,114.63000000000001
14,89997,144.96
14,90023,144.96
14,90071,144.96
14,90095,144.96
14,90145,144.96
14,90199,144.96
15,80526,49.20000000000001
15,80550,49.20000000000001
15,80552,50.66000000000001
15,80554,50.66000000000001
15,80556,50.66000000000001
15,84573,50.66000000000001
15,84597,50.66000000000001
15,84643,55.779999999999994
15,84667,55.779999999999994
15,84717,55.779999999999994
15,84741,55.779999999999994
15,84765,55.779999999999994
15,84817,64.46
15,84819,64.46
15,84845,64.46
15,84869,64.46
15,84895,64.46
15,84949,64.46
15,84951,64.46
15,84981,64.46
15,85027,64.46
15,85029,64.46
15,85075,64.46
15,85077,64.46
15,85101,64.46
15,85103,64.46
15,85127,64.46
15,85151,64.46
15,85175,64.46
15,85221,64.46
15,85269,64.46
15,85319,64.46
15,85343,64.46
15,85391,69.94000000000004
15,85415,69.94000000000004
15,85439,69.94000000000004
15,85487,69.94000000000004
15,85515,69.94000000000004
15,85541,69.94000000000004
15,85567,69.94000000000004
15,85615,69.94000000000004
15,85667,69.94000000000004
15,85693,69.94000000000004
15,85743,70.22000000000003
15,85745,70.22000000000003
15,85769,70.22000000000003
15,85793,72.67
15,85817,72.67
15,85841,72.67
15,85889,72.67
15,85913,72.67
15,85959,72.67
15,86007,78.63999999999997
15,86055,78.63999999999997
15,86079,78.63999999999997
15,86103,78.63999999999997
15,86129,78.63999999999997
15,86175,78.63999999999997
15,86177,78.63999999999997
15,86223,82.81999999999996
15,86273,82.81999999999996
15,86275,82.81999999999996
15,86301,82.81999999999996
15,86325,82.81999999999996
15,86351,82.81999999999996
15,86353,82.81999999999996
15,86405,82.81999999999996
15,86429,82.81999999999996
15,86453,82.81999999999996
15,86479,82.81999999999996
15,86503,82.81999999999996
15,86527,82.81999999999996
15,86551,82.81999999999996
15,86579,82.81999999999996
15,86603,82.81999999999996
15,86605,82.81999999999996
15,86653,82.81999999999996
15,86655,82.81999999999996
15,86703,82.81999999999996
15,86727,82.81999999999996
15,86753,82.81999999999996
15,86777,82.81999999999996
15,86823,82.81999999999996
15,86849,82.81999999999996
15,86873,82.81999999999996
15,86921,82.81999999999996
15,86923,82.81999999999996
15,86949,82.81999999999996
15,86973,84.85
15,86997,84.85
15,87047,84.85
15,87049,84.85
15,87073,84.85
15,87097,84.85
15,87143,84.85
15,87193,91.32000000000001
15,87241,91.32000000000001
15,87267,91.32000000000001
15,87293,91.32000000000001
15,87295,91.32000000000001
15,87343,91.32000000000001
15,87369,91.32000000000001
15,87417,96.25000000000001
15,87465,96.25000000000001
15,87515,96.25000000000001
15,87561,96.25000000000001
15,87587,96.25000000000001
15,87633,96.25000000000001
15,87657,96.25000000000001
15,87707,96.25000000000001
15,87731,96.25000000000001
15,87777,96.25000000000001
15,87825,102.92999999999995
15,87873,102.92999999999995
15,87921,102.92999999999995
15,87949,102.92999999999995
15,87975,102.92999999999995
15,87977,102.92999999999995
15,88029,102.92999999999995
15,88077,102.92999999999995
15,88123,102.92999999999995
15,88147,102.92999999999995
15,88173,103.50999999999993
15,88197,103.50999999999993
15,88245,104.12
15,88291,104.12
15,88337,104.12
15,88361,110.35000000000002
15,88387,110.35000000000002
15,88389,110.35000000000002
15,88413,110.35000000000002
15,88437,110.35000000000002
15,88483,110.35000000000002
15,88507,110.35000000000002
15,88555,110.35000000000002
15,88581,110.35000000000002
15,88609,110.35000000000002
15,88661,110.35000000000002
15,88685,110.35000000000002
15,88709,110.35000000000002
15,88763,110.35000000000002
15,88765,110.35000000000002
15,88789,110.35000000000002
15,88815,110.35000000000002
15,88839,110.35000000000002
15,88871,110.35000000000002
15,88873,110.35000000000002
15,88899,110.35000000000002
15,88945,110.35000000000002
15,88969,110.35000000000002
15,88993,110.35000000000002
15,89039,110.35000000000002
15,89089,110.35000000000002
15,89137,110.35000000000002
15,89161,110.35000000000002
15,89213,110.35000000000002
15,89261,110.35000000000002
15,89285,110.35000000000002
15,89333,110.35000000000002
15,89379,115.55000000000003
15,89403,115.55000000000003
15,89449,115.55000000000003
15,89475,115.55000000000003
15,89525,121.46000000000004
15,89571,121.46000000000004
15,89597,121.46000000000004
15,89621,121.46000000000004
15,89669,121.46000000000004
15,89695,121.46000000000004
15,89743,121.46000000000004
15,89789,121.46000000000004
15,89837,121.46000000000004
15,89885,121.46000000000004
15,89933,121.46000000000004
15,89957,121.46000000000004
15,89983,121.46000000000004
15,90031,121.46000000000004
15,90083,121.46000000000004
15,90085,121.46000000000004
15,90131,121.46000000000004
15,90183,121.46000000000004
15,90211,121.46000000000004
15,90259,121.46000000000004
15,90305,121.46000000000004
15,90329,121.46000000000004
15,90375,121.46000000000004
15,90423,121.46000000000004
15,90449,121.46000000000004
15,90473,121.46000000000004
15,90521,121.46000000000004
16,80308,39.240000000000016
16,80354,40.90999999999998
16,80384,40.90999999999998
16,80386,42.34000000000001
16,80414,42.34000000000001
16,80464,42.34000000000001
16,80488,44.280000000000015
16,80514,44.280000000000015
16,80564,44.280000000000015
16,80616,44.280000000000015
16,84671,44.910000000000004
16,84721,44.910000000000004
16,84723,44.910000000000004
16,84771,60.63000000000001
16,84797,60.63000000000001
16,84821,60.63000000000001
16,84869,60.63000000000001
16,84915,60.63000000000001
16,84965,60.63000000000001
16,84991,60.63000000000001
16,85015,60.63000000000001
16,85041,60.63000000000001
16,85091,60.63000000000001
16,85139,60.63000000000001
16,85163,60.63000000000001
16,85187,79.70000000000003
16,85211,79.70000000000003
16,85237,79.70000000000003
16,85285,79.70000000000003
16,85309,79.70000000000003
16,85361,79.70000000000003
16,85385,79.70000000000003
16,85409,79.70000000000003
16,85433,79.70000000000003
16,85479,79.70000000000003
16,85505,79.70000000000003
16,85551,79.70000000000003
16,85597,79.70000000000003
16,85623,79.70000000000003
16,85647,79.70000000000003
16,85671,79.70000000000003
16,85695,79.70000000000003
16,85697,79.70000000000003
16,85721,79.70000000000003
16,85745,97.23
16,85773,97.23
16,85827,97.23
16,85873,97.23
16,85899,97.23
16,85901,97.23
16,85925,97.23
16,85927,97.23
16,85929,97.23
16,85975,97.23
16,86003,97.23
16,86057,97.23
16,86107,97.23
16,86133,97.23
16,86181,97.23
16,86207,97.23
16,86233,97.23
16,86281,97.23
16,86305,97.23
16,86353,97.23
16,86379,97.23
16,86403,97.23
16,86429,102.72000000000006
16,86475,102.72000000000006
16,86501,102.72000000000006
16,86551,102.72000000000006
16,86553,102.72000000000006
16,86577,102.72000000000006
16,86601,102.72000000000006
16,86649,102.72000000000006
16,86699,102.72000000000006
16,86701,102.72000000000006
16,86727,102.72000000000006
16,86777,102.72000000000006
16,86779,102.72000000000006
16,86827,102.72000000000006
16,86875,102.72000000000006
16,86901,102.72000000000006
16,86925,102.72000000000006
16,86953,102.72000000000006
16,87001,102.72000000000006
16,87025,102.72000000000006
16,87075,102.72000000000006
16,87101,102.72000000000006
16,87151,102.72000000000006
16,87197,102.72000000000006
16,87243,102.72000000000006
16,87291,102.72000000000006
16,87337,116.54999999999997
16,87363,116.54999999999997
16,87391,116.54999999999997
16,87437,116.54999999999997
16,87461,116.54999999999997
16,87509,116.54999999999997
16,87533,116.54999999999997
16,87535,116.54999999999997
16,87585,116.54999999999997
16,87611,116.54999999999997
16,87637,116.54999999999997
16,87663,116.54999999999997
16,87713,116.54999999999997
16,87741,116.54999999999997
16,87791,116.54999999999997
16,87793,116.54999999999997
16,87819,116.54999999999997
16,87867,116.54999999999997
16,87917,116.54999999999997
16,87941,116.54999999999997
16,87965,116.54999999999997
16,88015,116.54999999999997
16,88041,116.54999999999997
16,88065,116.54999999999997
16,88113,116.54999999999997
16,88159,118.00999999999999
16,88183,118.00999999999999
16,88211,118.00999999999999
16,88235,118.00999999999999
16,88259,118.00999999999999
16,88285,118.00999999999999
16,88333,118.00999999999999
16,88357,118.00999999999999
16,88381,118.00999999999999
16,88405,119.22999999999998
16,88453,119.22999999999998
16,88501,119.22999999999998
16,88549,132.11
16,88573,132.11
16,88597,132.11
16,88649,132.11
16,88675,132.11
16,88723,132.11
16,88771,132.11
16,88795,132.11
16,88819,132.11
16,88865,132.11
16,88893,132.11
16,88917,132.11
16,88919,132.11
16,88943,132.11
16,88967,132.11
16,89013,132.11
16,89015,132.11
16,89039,132.11
16,89067,132.11
16,89115,132.11
16,89117,132.11
16,89143,132.11
16,89167,132.11
16,89193,132.11
16,89241,132.11
16,89287,132.11
16,89289,132.11
16,89313,132.11
16,89339,132.11
16,89363,132.11
16,89409,132.11
16,89459,132.11
16,89507,132.11
16,89509,132.11
16,89511,132.11
16,89537,132.11
16,89565,132.11
16,89591,132.11
16,89617,132.11
16,89665,132.11
16,89667,132.11
16,89669,132.11
16,89715,132.11
16,89717,132.11
16,89765,132.11
16,89815,132.11
16,89841,132.11
16,89865,132.11
16,89915,132.11
16,89961,132.11
16,89985,132.11
16,89987,132.11
16,89989,132.11
16,90013,132.11
16,90015,132.11
16,90043,132.11
16,90069,132.11
16,90095,132.11
16,90119,132.11
16,90169,132.11
16,90217,132.11
16,90243,132.11
16,90269,132.11
16,90315,132.11
17,80216,41.38
17,80240,55.36
17,80242,55.36
17,84249,55.36
17,84297,55.36
17,84299,55.36
17,84323,55.36
17,84347,55.36
17,84397,55.36
17,84421,55.36
17,84447,55.36
17,84493,58.95999999999996
17,84519,58.95999999999996
17,84521,58.95999999999996
17,84523,58.95999999999996
17,84549,58.95999999999996
17,84551,58.95999999999996
17,84577,58.95999999999996
17,84601,58.95999999999996
17,84649,75.27999999999999
17,84705,75.27999999999999
17,84753,75.27999999999999
17,84803,75.27999999999999
17,84827,75.27999999999999
17,84873,75.27999999999999
17,84875,75.27999999999999
17,84899,81.45000000000007
17,84923,81.45000000000007
17,84971,81.45000000000007
17,84995,81.45000000000007
17,85043,81.45000000000007
17,85091,81.45000000000007
17,85137,81.45000000000007
17,85161,81.45000000000007
17,85187,81.45000000000007
17,85235,87.74999999999999
17,85261,87.74999999999999
17,85285,104.39000000000003
17,85309,104.39000000000003
17,85337,104.39000000000003
17,85339,104.39000000000003
17,85363,104.39000000000003
17,85409,104.39000000000003
17,85435,104.39000000000003
17,85459,104.39000000000003
17,85483,104.39000000000003
17,85529,104.39000000000003
17,85575,104.39000000000003
17,85623,104.39000000000003
17,85647,104.39000000000003
17,85677,104.39000000000003
17,85725,104.39000000000003
17,85773,104.39000000000003
17,85775,104.39000000000003
17,85821,104.39000000000003
17,85823,104.39000000000003
17,85869,104.39000000000003
17,85921,104.39000000000003
17,85945,104.39000000000003
17,85991,104.39000000000003
17,86015,104.39000000000003
17,86063,105.22999999999996
17,86065,105.22999999999996
17,86089,105.22999999999996
17,86113,105.22999999999996
17,86161,105.22999999999996
17,86211,105.22999999999996
17,86235,105.22999999999996
17,86261,105.22999999999996
17,86309,105.22999999999996
17,86335,105.22999999999996
17,86367,105.22999999999996
17,86391,105.22999999999996
17,86441,105.22999999999996
17,86487,105.22999999999996
17,86513,105.22999999999996
17,86537,105.22999999999996
17,86565,105.22999999999996
17,86593,105.22999999999996
17,86641,105.22999999999996
17,86689,105.22999999999996
17,86737,105.22999999999996
17,86789,105.22999999999996
17,86817,105.22999999999996
17,86841,105.22999999999996
17,86867,105.22999999999996
17,86891,105.22999999999996
17,86915,105.22999999999996
17,86961,105.22999999999996
17,86985,105.22999999999996
17,87037,105.22999999999996
17,87039,105.22999999999996
17,87063,105.22999999999996
17,87113,105.22999999999996
17,87137,109.45000000000002
17,87187,109.45000000000002
17,87235,109.45000000000002
17,87237,109.45000000000002
17,87289,109.45000000000002
17,87317,109.45000000000002
17,87345,109.45000000000002
17,87347,109.45000000000002
17,87349,109.45000000000002
17,87375,109.45000000000002
17,87421,109.45000000000002
17,87469,109.45000000000002
17,87471,109.45000000000002
17,87495,109.45000000000002
17,87521,109.45000000000002
17,87547,109.45000000000002
17,87597,109.45000000000002
17,87621,109.45000000000002
17,87645,109.45000000000002
17,87669,109.45000000000002
17,87693,109.45000000000002
17,87739,109.45000000000002
17,87741,109.45000000000002
17,87787,109.45000000000002
17,87813,109.45000000000002
17,87841,109.45000000000002
17,87865,120.65000000000003
17,87911,120.65000000000003
17,87959,120.65000000000003
17,87961,120.65000000000003
17,88011,120.65000000000003
17,88013,120.65000000000003
17,88059,120.65000000000003
17,88107,120.65000000000003
17,88155,120.65000000000003
17,88179,120.65000000000003
17,88229,120.65000000000003
17,88253,120.65000000000003
17,88277,120.65000000000003
17,88305,120.65000000000003
17,88353,120.65000000000003
17,88403,120.65000000000003
17,88427,120.65000000000003
17,88479,120.65000000000003
17,88529,120.65000000000003
17,88575,120.65000000000003
17,88601,120.65000000000003
17,88625,120.65000000000003
17,88649,120.65000000000003
17,88679,120.65000000000003
17,88681,120.65000000000003
17,88705,120.65000000000003
17,88731,120.65000000000003
17,88757,120.65000000000003
17,88781,120.65000000000003
17,88827,120.65000000000003
17,88853,120.65000000000003
17,88879,120.65000000000003
17,88933,120.65000000000003
17,88981,120.65000000000003
17,89027,120.65000000000003
17,89075,120.65000000000003
17,89101,120.65000000000003
17,89125,120.65000000000003
17,89127,120.65000000000003
17,89173,120.65000000000003
17,89197,120.65000000000003
17,89223,120.65000000000003
17,89247,120.65000000000003
17,89295,120.65000000000003
17,89321,120.65000000000003
17,89347,120.65000000000003
17,89373,120.65000000000003
17,89421,120.65000000000003
17,89467,120.65000000000003
17,89513,120.65000000000003
17,89515,120.65000000000003
17,89563,120.65000000000003
17,89611,120.65000000000003
17,89635,121.97000000000003
17,89661,121.97000000000003
17,89687,121.97000000000003
17,89733,121.97000000000003
17,89763,121.97000000000003
17,89791,121.97000000000003
17,89839,121.97000000000003
17,89865,121.97000000000003
17,89917,121.97000000000003
17,89963,121.97000000000003
17,90011,121.97000000000003
17,90013,121.97000000000003
17,90039,121.97000000000003
17,90063,121.97000000000003
17,90065,121.97000000000003
17,90091,121.97000000000003
17,90119,121.97000000000003
17,90147,121.97000000000003
17,90175,121.97000000000003
18,80248,64.95000000000005
18,80294,64.95000000000005
18,80318,64.95000000000005
18,80368,67.35000000000001
18,80414,68.25
18,80438,68.25
18,80488,91.59999999999997
18,84583,91.59999999999997
18,84631,91.59999999999997
18,84655,241.05999999999995
18,84707,241.05999999999995
18,84709,241.05999999999995
18,84757,241.05999999999995
18,84781,241.05999999999995
18,84809,241.05999999999995
18,84811,241.05999999999995
18,84835,241.05999999999995
18,84883,241.05999999999995
18,84885,241.05999999999995
18,84887,241.05999999999995
18,84913,241.05999999999995
18,84937,241.05999999999995
18,84985,241.05999999999995
18,85011,241.05999999999995
18,85065,241.05999999999995
18,85089,241.05999999999995
18,85113,241.05999999999995
18,85165,241.05999999999995
18,85193,241.05999999999995
18,85195,241.05999999999995
18,85197,241.05999999999995
18,85223,241.05999999999995
18,85251,241.05999999999995
18,85305,241.05999999999995
18,85329,241.05999999999995
18,85377,241.05999999999995
18,85405,241.05999999999995
18,85459,241.05999999999995
18,85485,241.05999999999995
18,85531,241.05999999999995
18,85579,241.05999999999995
18,85627,241.05999999999995
18,85677,241.05999999999995
18,85705,241.05999999999995
18,85757,241.05999999999995
18,85781,241.05999999999995
18,85827,241.05999999999995
18,85851,241.05999999999995
18,85879,241.05999999999995
18,85903,241.05999999999995
18,85927,241.05999999999995
18,85977,241.05999999999995
18,86001,241.05999999999995
18,86025,241.05999999999995
18,86075,241.05999999999995
18,86121,241.05999999999995
18,86147,241.05999999999995
18,86173,241.05999999999995
18,86199,241.05999999999995
18,86247,241.05999999999995
18,86297,241.05999999999995
18,86343,241.05999999999995
18,86345,241.05999999999995
18,86397,241.05999999999995
18,86443,241.05999999999995
18,86445,241.05999999999995
18,86471,241.05999999999995
18,86495,241.05999999999995
18,86545,241.05999999999995
18,86597,241.05999999999995
18,86621,241.05999999999995
18,86645,241.05999999999995
18,86647,241.05999999999995
18,86671,241.05999999999995
18,86719,241.05999999999995
18,86721,241.05999999999995
18,86745,241.05999999999995
18,86747,241.05999999999995
18,86771,241.05999999999995
18,86819,241.05999999999995
18,86869,241.05999999999995
18,86893,241.05999999999995
18,86941,241.05999999999995
18,86987,241.05999999999995
18,87011,241.05999999999995
18,87035,241.05999999999995
18,87059,241.05999999999995
18,87109,241.05999999999995
18,87139,241.05999999999995
18,87185,241.05999999999995
18,87231,241.05999999999995
18,87279,241.05999999999995
18,87303,241.05999999999995
18,87349,241.05999999999995
18,87351,241.05999999999995
18,87397,241.05999999999995
18,87449,241.05999999999995
18,87499,241.05999999999995
18,87523,241.05999999999995
18,87547,241.05999999999995
18,87595,241.05999999999995
18,87645,241.05999999999995
18,87647,241.05999999999995
18,87695,241.05999999999995
18,87697,241.05999999999995
18,87721,241.05999999999995
18,87777,241.05999999999995
18,87801,241.05999999999995
18,87827,241.05999999999995
18,87873,241.05999999999995
18,87897,241.05999999999995
18,87945,241.05999999999995
18,87995,241.05999999999995
18,88041,241.05999999999995
18,88043,241.05999999999995
18,88067,241.05999999999995
18,88093,241.05999999999995
18,88095,241.05999999999995
18,88123,241.05999999999995
18,88149,241.05999999999995
18,88195,241.05999999999995
18,88221,241.05999999999995
18,88269,241.05999999999995
18,88295,241.05999999999995
18,88319,241.05999999999995
18,88321,241.05999999999995
18,88345,241.05999999999995
18,88375,241.05999999999995
18,88421,241.05999999999995
18,88445,241.05999999999995
18,88493,241.05999999999995
18,88517,241.05999999999995
18,88567,241.05999999999995
18,88617,241.05999999999995
18,88641,241.05999999999995
18,88687,241.05999999999995
18,88689,241.05999999999995
18,88691,241.05999999999995
18,88715,241.05999999999995
18,88761,241.05999999999995
18,88811,241.05999999999995
18,88857,241.05999999999995
18,88881,241.05999999999995
18,88929,241.05999999999995
18,88955,241.05999999999995
18,89005,241.05999999999995
18,89031,241.05999999999995
18,89055,241.05999999999995
18,89105,241.05999999999995
18,89153,241.05999999999995
18,89177,241.05999999999995
18,89201,241.05999999999995
18,89225,241.05999999999995
18,89249,241.05999999999995
18,89251,241.05999999999995
18,89303,241.05999999999995
18,89351,241.05999999999995
18,89399,241.05999999999995
18,89449,241.05999999999995
18,89473,241.05999999999995
18,89497,241.05999999999995
18,89543,241.05999999999995
18,89569,241.05999999999995
18,89593,241.05999999999995
18,89643,241.05999999999995
18,89669,241.05999999999995
18,89695,241.05999999999995
18,89741,241.05999999999995
18,89767,241.05999999999995
18,89795,241.05999999999995
18,89847,241.05999999999995
18,89893,241.05999999999995
18,89895,241.05999999999995
18,89921,241.05999999999995
18,89945,241.05999999999995
18,89947,241.05999999999995
18,89949,241.05999999999995
18,89999,241.05999999999995
18,90025,241.05999999999995
18,90027,241.05999999999995
18,90055,241.05999999999995
18,90057,241.05999999999995
18,90059,241.05999999999995
18,90105,241.05999999999995
18,90107,241.05999999999995
18,90109,241.05999999999995
18,90161,241.05999999999995
18,90207,241.05999999999995
19,80818,40.579999999999984
19,80866,40.579999999999984
19,80868,40.579999999999984
19,80916,69.07999999999998
19,80962,69.07999999999998
19,80986,69.07999999999998
19,80988,69.07999999999998
19,81012,69.07999999999998
19,84967,69.07999999999998
19,84991,69.07999999999998
19,85015,69.07999999999998
19,85039,69.07999999999998
19,85065,69.07999999999998
19,85113,69.07999999999998
19,85115,69.07999999999998
19,85139,69.07999999999998
19,85171,69.07999999999998
19,85195,69.07999999999998
19,85219,69.07999999999998
19,85221,69.07999999999998
19,85245,69.07999999999998
19,85297,69.07999999999998
19,85321,69.07999999999998
19,85367,69.07999999999998
19,85391,69.07999999999998
19,85441,69.07999999999998
19,85491,69.07999999999998
19,85537,70.11999999999998
19,85539,76.15
19,85563,76.15
19,85615,76.15
19,85617,76.15
19,85665,76.15
19,85715,76.15
19,85741,76.15
19,85765,76.15
19,85815,76.15
19,85841,76.15
19,85843,76.15
19,85867,76.15
19,85919,76.15
19,85921,76.15
19,85945,76.15
19,85995,76.15
19,86023,76.15
19,86069,76.66999999999997
19,86093,76.66999999999997
19,86139,100.25999999999995
19,86141,100.25999999999995
19,86189,100.25999999999995
19,86241,100.25999999999995
19,86287,100.25999999999995
19,86337,100.25999999999995
19,86361,100.25999999999995
19,86387,100.25999999999995
19,86389,100.25999999999995
19,86415,100.25999999999995
19,86465,100.25999999999995
19,86489,100.25999999999995
19,86539,100.25999999999995
19,86563,100.25999999999995
19,86611,100.25999999999995
19,86635,100.25999999999995
19,86637,100.25999999999995
19,86661,100.25999999999995
19,86691,100.25999999999995
19,86741,100.25999999999995
19,86743,100.25999999999995
19,86791,100.25999999999995
19,86819,100.25999999999995
19,86843,100.25999999999995
19,86869,100.25999999999995
19,86893,100.25999999999995
19,86919,100.25999999999995
19,86921,100.25999999999995
19,86969,100.25999999999995
19,87015,100.25999999999995
19,87061,100.25999999999995
19,87085,100.25999999999995
19,87109,100.25999999999995
19,87157,100.25999999999995
19,87187,100.25999999999995
19,87213,100.25999999999995
19,87241,100.25999999999995
19,87293,100.25999999999995
19,87339,100.25999999999995
19,87363,100.25999999999995
19,87415,100.25999999999995
19,87439,100.89999999999995
19,87463,100.89999999999995
19,87509,103.30999999999999
19,87535,103.30999999999999
19,87537,103.30999999999999
19,87561,103.30999999999999
19,87587,103.30999999999999
19,87611,103.30999999999999
19,87613,103.30999999999999
19,87637,103.30999999999999
19,87663,103.30999999999999
19,87665,103.30999999999999
19,87693,103.30999999999999
19,87717,103.30999999999999
19,87719,103.30999999999999
19,87767,103.30999999999999
19,87793,103.30999999999999
19,87817,103.30999999999999
19,87865,107.77
19,87915,107.77
19,87917,107.77
19,87941,107.77
19,87965,107.77
19,87991,107.77
19,87993,107.77
19,88039,107.77
19,88065,107.77
19,88093,107.77
19,88117,107.77
19,88119,107.77
19,88143,107.77
19,88167,119.82000000000005
19,88219,119.82000000000005
19,88269,119.82000000000005
19,88271,119.82000000000005
19,88319,119.82000000000005
19,88345,119.82000000000005
19,88347,119.82000000000005
19,88375,119.82000000000005
19,88399,119.82000000000005
19,88401,119.82000000000005
19,88451,119.82000000000005
19,88497,119.82000000000005
19,88525,119.82000000000005
19,88549,119.82000000000005
19,88599,119.82000000000005
19,88623,119.82000000000005
19,88671,119.82000000000005
19,88717,119.82000000000005
19,88741,119.82000000000005
19,88787,119.82000000000005
19,88811,119.82000000000005
19,88839,119.82000000000005
19,88841,119.82000000000005
19,88889,119.82000000000005
19,88939,119.82000000000005
19,88989,119.82000000000005
19,89013,119.82000000000005
19,89037,119.82000000000005
19,89085,119.82000000000005
19,89109,144.20999999999995
19,89155,144.20999999999995
19,89179,144.20999999999995
19,89227,144.20999999999995
19,89253,144.20999999999995
19,89277,144.20999999999995
19,89301,144.20999999999995
19,89347,144.20999999999995
19,89373,144.20999999999995
19,89399,144.20999999999995
19,89401,144.20999999999995
19,89449,144.20999999999995
19,89473,144.20999999999995
19,89497,144.20999999999995
19,89547,144.20999999999995
19,89571,144.20999999999995
19,89573,144.20999999999995
19,89625,144.20999999999995
19,89651,144.20999999999995
19,89653,144.20999999999995
19,89677,144.20999999999995
19,89679,144.20999999999995
19,89725,144.20999999999995
19,89749,144.20999999999995
19,89795,144.20999999999995
19,89845,144.20999999999995
19,89891,144.20999999999995
19,89893,144.20999999999995
19,89917,144.20999999999995
19,89919,144.20999999999995
19,89969,144.20999999999995
19,89993,144.20999999999995
19,89995,144.20999999999995
19,90041,144.20999999999995
19,90065,144.20999999999995
19,90067,144.20999999999995
19,90091,144.20999999999995
19,90115,144.20999999999995
19,90161,144.20999999999995
19,90163,144.20999999999995
19,90211,144.20999999999995
19,90213,144.20999999999995
19,90237,144.20999999999995
19,90261,144.20999999999995
19,90307,144.20999999999995
19,90331,144.20999999999995
19,90381,144.20999999999995
19,90429,144.20999999999995
19,90475,144.20999999999995
19,90525,144.20999999999995
19,90573,144.20999999999995
19,90597,144.20999999999995
19,90643,144.20999999999995
19,90669,144.20999999999995
19,90693,144.20999999999995
19,90719,144.20999999999995
19,90769,144.20999999999995
19,90795,144.20999999999995
20,79934,40.22
20,79936,40.22
20,79968,40.22
20,80016,40.22
20,80018,40.22
20,84137,40.22
20,84163,40.22
20,84187,40.22
20,84213,40.850000000000016
20,84261,44.12
20,84285,50.010000000000005
20,84333,50.010000000000005
20,84379,66.44
20,84403,66.44
20,84405,66.44
20,84431,66.44
20,84455,66.44
20,84505,67.81
20,84531,67.81
20,84555,67.81
20,84581,67.81
20,84583,67.81
20,84585,67.81
20,84613,67.81
20,84637,67.81
20,84661,67.81
20,84711,67.81
20,84759,67.81
20,84807,74.24
20,84833,74.24
20,84835,74.24
20,84861,74.24
20,84863,74.24
20,84909,74.24
20,84933,74.24
20,84957,74.24
20,85007,74.24
20,85031,74.24
20,85057,74.24
20,85083,74.24
20,85109,74.24
20,85133,74.24
20,85159,74.24
20,85161,74.24
20,85187,74.24
20,85211,74.24
20,85263,74.24
20,85287,74.24
20,85333,74.24
20,85335,74.24
20,85383,74.24
20,85407,76.08000000000001
20,85431,76.08000000000001
20,85457,76.08000000000001
20,85481,76.08000000000001
20,85529,76.08000000000001
20,85553,76.08000000000001
20,85577,76.08000000000001
20,85601,76.08000000000001
20,85603,76.08000000000001
20,85649,76.08000000000001
20,85695,76.08000000000001
20,85741,76.08000000000001
20,85765,76.08000000000001
20,85791,76.08000000000001
20,85793,76.08000000000001
20,85795,76.08000000000001
20,85819,76.08000000000001
20,85843,76.08000000000001
20,85871,76.08000000000001
20,85873,76.08000000000001
20,85901,76.08000000000001
20,85925,76.08000000000001
20,85951,76.08000000000001
20,85975,76.08000000000001
20,85977,76.08000000000001
20,86001,76.08000000000001
20,86051,76.08000000000001
20,86097,76.08000000000001
20,86145,78.80000000000001
20,86171,78.80000000000001
20,86199,78.80000000000001
20,86247,78.80000000000001
20,86249,78.80000000000001
20,86273,78.80000000000001
20,86275,83.01
20,86301,83.01
20,86351,83.01
20,86375,83.01
20,86399,83.01
20,86401,83.01
20,86449,83.01
20,86473,83.01
20,86519,83.01
20,86521,83.01
20,86567,83.01
20,86591,83.01
20,86593,83.01
20,86645,83.01
20,86669,83.01
20,86715,83.57999999999997
20,86741,83.57999999999997
20,86769,83.57999999999997
20,86817,83.57999999999997
20,86869,83.57999999999997
20,86871,83.57999999999997
20,86873,83.57999999999997
20,86897,83.57999999999997
20,86923,83.57999999999997
20,86973,83.57999999999997
20,87021,83.57999999999997
20,87067,83.57999999999997
20,87115,91.73000000000006
20,87139,91.73000000000006
20,87165,91.73000000000006
20,87217,91.73000000000006
20,87263,91.73000000000006
20,87289,91.73000000000006
20,87339,91.73000000000006
20,87365,91.73000000000006
20,87413,91.73000000000006
20,87415,91.73000000000006
20,87469,91.73000000000006
20,87521,91.73000000000006
20,87545,91.73000000000006
20,87547,91.73000000000006
20,87549,91.73000000000006
20,87575,91.73000000000006
20,87577,91.73000000000006
20,87607,91.73000000000006
20,87631,101.05
20,87655,101.05
20,87701,101.05
20,87703,101.05
20,87729,101.05
20,87753,101.05
20,87799,199.90999999999994
20,87849,199.90999999999994
20,87879,199.90999999999994
20,87881,199.90999999999994
20,87929,230.0600000000001
20,87931,230.0600000000001
20,87959,230.0600000000001
20,87961,230.0600000000001
20,87985,230.0600000000001
20,88033,230.0600000000001
20,88035,230.0600000000001
20,88061,230.0600000000001
20,88087,230.0600000000001
20,88111,230.0600000000001
20,88139,230.0600000000001
20,88187,230.0600000000001
20,88233,230.0600000000001
20,88261,230.0600000000001
20,88309,230.0600000000001
20,88357,230.0600000000001
20,88403,230.0600000000001
20,88405,230.0600000000001
20,88451,230.0600000000001
20,88505,230.0600000000001
20,88529,230.0600000000001
20,88531,230.0600000000001
20,88555,230.0600000000001
20,88579,230.0600000000001
20,88625,230.0600000000001
20,88651,230.0600000000001
20,88675,230.0600000000001
20,88677,230.0600000000001
20,88725,230.0600000000001
20,88727,230.0600000000001
20,88751,230.0600000000001
20,88777,230.0600000000001
20,88823,230.0600000000001
20,88871,230.0600000000001
20,88873,230.0600000000001
20,88875,230.0600000000001
20,88925,230.0600000000001
20,88949,230.0600000000001
20,89001,230.0600000000001
20,89049,230.0600000000001
20,89075,230.0600000000001
20,89103,230.0600000000001
20,89105,230.0600000000001
20,89151,230.0600000000001
20,89201,230.0600000000001
20,89225,230.0600000000001
20,89273,230.0600000000001
20,89299,230.0600000000001
20,89347,230.0600000000001
20,89373,230.0600000000001
20,89419,230.0600000000001
20,89443,230.0600000000001
20,89489,230.0600000000001
20,89541,230.0600000000001
20,89543,230.0600000000001
20,89569,230.0600000000001
20,89571,230.0600000000001
20,89573,230.0600000000001
20,89575,230.0600000000001
20,89623,230.0600000000001
20,89647,230.0600000000001
20,89673,230.0600000000001
20,89697,230.0600000000001
20,89723,230.0600000000001
20,89749,230.0600000000001
20,89795,230.0600000000001
20,89841,230.0600000000001
20,89893,230.0600000000001
21,80530,49.98
21,80556,49.98
21,80602,51.61
21,80628,51.61
21,80656,51.61
21,84635,51.61
21,84681,55.32
21,84705,55.32
21,84753,55.32
21,84799,55.32
21,84847,55.32
21,84873,55.32
21,84901,55.32
21,84931,55.32
21,84979,62.86000000000002
21,85035,62.86000000000002
21,85061,62.86000000000002
21,85085,62.86000000000002
21,85113,62.86000000000002
21,85139,62.86000000000002
21,85141,62.86000000000002
21,85187,62.86000000000002
21,85235,62.86000000000002
21,85259,62.86000000000002
21,85261,62.86000000000002
21,85287,62.86000000000002
21,85289,62.86000000000002
21,85337,62.86000000000002
21,85389,62.86000000000002
21,85435,62.86000000000002
21,85483,62.86000000000002
21,85485,62.86000000000002
21,85539,62.86000000000002
21,85565,64.51999999999998
21,85613,75.84
21,85661,75.84
21,85707,75.84
21,85731,75.84
21,85733,75.84
21,85761,75.84
21,85787,75.84
21,85835,75.84
21,85861,75.84
21,85907,75.84
21,85955,75.84
21,85979,75.84
21,86003,75.84
21,86051,75.84
21,86099,75.84
21,86145,75.84
21,86193,75.84
21,86217,75.84
21,86271,75.84
21,86321,75.84
21,86345,75.84
21,86397,75.84
21,86423,75.84
21,86447,75.84
21,86493,75.84
21,86519,75.84
21,86521,75.84
21,86567,75.84
21,86569,75.84
21,86595,75.84
21,86649,75.84
21,86699,75.84
21,86745,75.84
21,86793,75.84
21,86817,75.84
21,86841,75.84
21,86887,75.84
21,86939,75.84
21,86941,76.85000000000001
21,86989,76.85000000000001
21,87013,85.44999999999996
21,87039,85.44999999999996
21,87063,85.44999999999996
21,87111,85.44999999999996
21,87135,85.44999999999996
21,87137,85.44999999999996
21,87163,85.44999999999996
21,87213,85.44999999999996
21,87259,85.44999999999996
21,87283,85.44999999999996
21,87309,85.44999999999996
21,87311,85.44999999999996
21,87357,85.53000000000003
21,87411,85.53000000000003
21,87461,85.53000000000003
21,87511,85.53000000000003
21,87567,85.53000000000003
21,87595,85.53000000000003
21,87641,85.53000000000003
21,87643,85.53000000000003
21,87667,85.53000000000003
21,87691,85.53000000000003
21,87737,85.53000000000003
21,87785,85.53000000000003
21,87811,85.53000000000003
21,87859,104.75000000000004
21,87883,104.75000000000004
21,87907,104.75000000000004
21,87937,104.75000000000004
21,87987,104.75000000000004
21,88033,104.75000000000004
21,88059,104.75000000000004
21,88113,104.75000000000004
21,88137,104.75000000000004
21,88185,104.75000000000004
21,88211,104.75000000000004
21,88235,104.75000000000004
21,88287,104.75000000000004
21,88333,104.75000000000004
21,88379,104.75000000000004
21,88381,104.75000000000004
21,88405,104.75000000000004
21,88451,104.75000000000004
21,88475,104.75000000000004
21,88499,104.75000000000004
21,88525,104.75000000000004
21,88573,104.75000000000004
21,88619,104.75000000000004
21,88667,104.75000000000004
21,88715,104.75000000000004
21,88739,104.75000000000004
21,88763,104.75000000000004
21,88787,104.75000000000004
21,88813,104.75000000000004
21,88865,104.75000000000004
21,88889,104.75000000000004
21,88935,104.75000000000004
21,88981,104.75000000000004
21,89027,122.27999999999999
21,89075,122.27999999999999
21,89077,122.27999999999999
21,89125,122.27999999999999
21,89171,122.27999999999999
21,89195,122.27999999999999
21,89197,122.27999999999999
21,89223,122.27999999999999
21,89225,122.27999999999999
21,89249,122.27999999999999
21,89273,122.27999999999999
21,89297,132.15999999999997
21,89321,132.15999999999997
21,89373,132.15999999999997
21,89419,132.15999999999997
21,89465,132.15999999999997
21,89489,132.15999999999997
21,89537,132.15999999999997
21,89561,132.15999999999997
21,89585,132.15999999999997
21,89637,132.15999999999997
21,89639,132.15999999999997
21,89665,132.15999999999997
21,89713,132.15999999999997
21,89737,132.15999999999997
21,89783,133.72000000000003
21,89829,133.72000000000003
21,89875,133.72000000000003
21,89903,133.72000000000003
21,89927,133.72000000000003
21,89977,143.51999999999995
21,90001,143.51999999999995
21,90027,143.51999999999995
21,90051,143.51999999999995
21,90077,143.51999999999995
21,90079,143.51999999999995
21,90081,143.51999999999995
21,90105,143.51999999999995
21,90153,143.51999999999995
21,90205,143.51999999999995
21,90229,143.51999999999995
21,90275,143.51999999999995
21,90299,143.51999999999995
21,90325,143.51999999999995
21,90327,143.51999999999995
21,90373,143.51999999999995
21,90423,143.51999999999995
21,90449,143.51999999999995
21,90501,143.51999999999995
22,80296,47.260000000000005
22,80342,55.71999999999997
22,80344,55.71999999999997
22,80370,55.71999999999997
22,80418,55.71999999999997
22,80472,55.71999999999997
22,80498,55.71999999999997
22,80546,55.71999999999997
22,80572,55.71999999999997
22,80596,55.71999999999997
22,80622,55.71999999999997
22,84575,55.71999999999997
22,84621,55.71999999999997
22,84669,55.71999999999997
22,84723,55.71999999999997
22,84773,57.76999999999997
22,84823,57.76999999999997
22,84873,57.76999999999997
22,84899,57.76999999999997
22,84945,57.76999999999997
22,84991,57.76999999999997
22,85015,57.76999999999997
22,85043,57.76999999999997
22,85045,57.76999999999997
22,85069,57.76999999999997
22,85071,57.76999999999997
22,85095,57.76999999999997
22,85145,57.76999999999997
22,85173,57.76999999999997
22,85199,57.76999999999997
22,85201,57.76999999999997
22,85253,57.76999999999997
22,85299,57.76999999999997
22,85323,66.76
22,85349,66.76
22,85373,66.76
22,85419,66.76
22,85445,66.76
22,85469,66.76
22,85517,66.76
22,85519,66.76
22,85569,66.76
22,85597,66.76
22,85621,66.76
22,85669,66.76
22,85693,66.76
22,85741,66.76
22,85765,66.76
22,85813,66.76
22,85865,66.76
22,85913,79.78000000000003
22,85937,79.78000000000003
22,85961,83.92000000000002
22,85985,83.92000000000002
22,86011,83.92000000000002
22,86057,83.92000000000002
22,86109,83.92000000000002
22,86137,83.92000000000002
22,86163,84.47999999999999
22,86213,84.47999999999999
22,86259,84.47999999999999
22,86283,95.20000000000002
22,86307,95.20000000000002
22,86357,95.20000000000002
22,86407,95.20000000000002
22,86453,95.20000000000002
22,86499,95.20000000000002
22,86545,95.20000000000002
22,86547,95.20000000000002
22,86549,95.20000000000002
22,86573,95.20000000000002
22,86621,95.20000000000002
22,86671,95.20000000000002
22,86717,110.08000000000001
22,86745,110.08000000000001
22,86769,110.08000000000001
22,86817,110.08000000000001
22,86841,110.08000000000001
22,86865,110.08000000000001
22,86913,110.08000000000001
22,86963,110.08000000000001
22,86965,110.08000000000001
22,87015,110.08000000000001
22,87039,110.08000000000001
22,87063,110.08000000000001
22,87113,110.08000000000001
22,87137,110.08000000000001
22,87163,110.08000000000001
22,87187,110.08000000000001
22,87189,110.08000000000001
22,87213,110.08000000000001
22,87237,110.08000000000001
22,87261,110.08000000000001
22,87285,110.08000000000001
22,87287,110.08000000000001
22,87313,110.08000000000001
22,87361,110.08000000000001
22,87411,110.08000000000001
22,87459,110.08000000000001
22,87511,110.08000000000001
22,87535,110.08000000000001
22,87587,110.08000000000001
22,87611,110.08000000000001
22,87661,110.08000000000001
22,87709,110.08000000000001
22,87711,110.08000000000001
22,87737,110.08000000000001
22,87787,112.35000000000002
22,87833,129.20999999999998
22,87861,129.20999999999998
22,87885,129.20999999999998
22,87909,129.20999999999998
22,87933,129.20999999999998
22,87985,129.20999999999998
22,88037,129.20999999999998
22,88061,129.20999999999998
22,88111,129.20999999999998
22,88159,129.20999999999998
22,88183,129.20999999999998
22,88211,129.20999999999998
22,88235,129.20999999999998
22,88259,129.20999999999998
22,88309,129.20999999999998
22,88365,129.20999999999998
22,88389,129.20999999999998
22,88415,129.20999999999998
22,88439,129.20999999999998
22,88463,129.20999999999998
22,88513,129.20999999999998
22,88559,130.34000000000003
22,88583,130.34000000000003
22,88631,130.34000000000003
22,88677,130.34000000000003
22,88701,130.34000000000003
22,88725,130.34000000000003
22,88775,130.34000000000003
22,88799,130.34000000000003
22,88827,130.34000000000003
22,88873,130.34000000000003
22,88875,130.34000000000003
22,88923,130.34000000000003
22,88973,130.34000000000003
22,89021,130.34000000000003
22,89045,130.34000000000003
22,89093,130.34000000000003
22,89095,130.34000000000003
22,89143,130.34000000000003
22,89145,130.34000000000003
22,89193,130.34000000000003
22,89221,130.34000000000003
22,89245,130.34000000000003
22,89247,130.34000000000003
22,89271,130.34000000000003
22,89319,130.34000000000003
22,89347,130.34000000000003
22,89371,130.34000000000003
22,89395,130.34000000000003
22,89421,130.34000000000003
22,89467,130.34000000000003
22,89491,130.34000000000003
22,89539,130.34000000000003
22,89587,130.34000000000003
22,89615,130.34000000000003
22,89617,130.34000000000003
22,89641,130.34000000000003
22,89665,130.34000000000003
22,89689,130.34000000000003
22,89715,130.34000000000003
22,89717,130.34000000000003
22,89741,130.34000000000003
22,89789,130.34000000000003
22,89837,130.34000000000003
22,89863,130.34000000000003
22,89887,130.34000000000003
22,89939,130.34000000000003
22,89999,130.34000000000003
22,90023,130.34000000000003
22,90049,130.34000000000003
22,90075,130.34000000000003
22,90121,130.34000000000003
22,90145,130.34000000000003
22,90169,130.34000000000003
22,90217,130.34000000000003
22,90243,130.34000000000003
22,90267,130.34000000000003
23,80520,40.940000000000005
23,80566,42.500000000000014
23,80590,44.43000000000003
23,80636,46.180000000000014
23,80684,46.180000000000014
23,80732,49.74999999999999
23,80760,49.74999999999999
23,80786,49.74999999999999
23,80810,62.95999999999998
23,80862,62.95999999999998
23,80886,62.95999999999998
23,80910,62.95999999999998
23,80938,62.95999999999998
23,80988,62.95999999999998
23,81038,62.95999999999998
23,81062,62.95999999999998
23,81086,62.95999999999998
23,81112,62.95999999999998
23,85169,62.95999999999998
23,85219,62.95999999999998
23,85243,62.95999999999998
23,85267,62.95999999999998
23,85269,62.95999999999998
23,85271,62.95999999999998
23,85317,62.95999999999998
23,85369,62.95999999999998
23,85393,62.95999999999998
23,85417,62.95999999999998
23,85441,62.95999999999998
23,85489,62.95999999999998
23,85515,62.95999999999998
23,85565,62.95999999999998
23,85589,62.95999999999998
23,85635,62.95999999999998
23,85685,62.95999999999998
23,85735,62.95999999999998
23,85783,64.44
23,85809,64.44
23,85859,76.24000000000002
23,85883,76.24000000000002
23,85911,76.24000000000002
23,85939,76.24000000000002
23,85985,76.24000000000002
23,86031,76.24000000000002
23,86055,76.24000000000002
23,86087,76.24000000000002
23,86137,76.24000000000002
23,86183,80.32999999999998
23,86233,80.32999999999998
23,86285,80.32999999999998
23,86287,80.32999999999998
23,86335,80.32999999999998
23,86391,80.32999999999998
23,86439,80.32999999999998
23,86487,80.32999999999998
23,86489,80.32999999999998
23,86515,80.32999999999998
23,86563,80.32999999999998
23,86609,80.32999999999998
23,86611,80.32999999999998
23,86635,80.32999999999998
23,86637,80.32999999999998
23,86683,80.32999999999998
23,86707,80.32999999999998
23,86731,80.32999999999998
23,86755,80.32999999999998
23,86779,80.32999999999998
23,86803,80.32999999999998
23,86805,86.79000000000002
23,86831,86.79000000000002
23,86879,86.79000000000002
23,86925,89.66
23,86951,89.66
23,86953,89.66
23,86999,89.66
23,87049,89.66
23,87099,89.66
23,87149,89.66
23,87195,89.66
23,87197,89.66
23,87221,89.66
23,87249,89.66
23,87297,89.66
23,87343,89.66
23,87369,89.66
23,87393,89.66
23,87419,89.66
23,87447,89.66
23,87497,89.66
23,87545,89.66
23,87573,96.13999999999999
23,87623,96.13999999999999
23,87649,96.13999999999999
23,87695,96.13999999999999
23,87723,96.13999999999999
23,87771,96.13999999999999
23,87795,96.13999999999999
23,87841,96.13999999999999
23,87843,96.13999999999999
23,87871,96.13999999999999
23,87873,96.13999999999999
23,87923,96.13999999999999
23,87947,96.13999999999999
23,87973,96.13999999999999
23,87999,110.92999999999998
23,88049,110.92999999999998
23,88097,110.92999999999998
23,88099,110.92999999999998
23,88101,110.92999999999998
23,88151,110.92999999999998
23,88201,110.92999999999998
23,88225,110.92999999999998
23,88251,110.92999999999998
23,88279,110.92999999999998
23,88327,110.92999999999998
23,88351,110.92999999999998
23,88375,110.92999999999998
23,88421,110.92999999999998
23,88451,110.92999999999998
23,88475,110.92999999999998
23,88501,110.92999999999998
23,88527,110.92999999999998
23,88551,110.92999999999998
23,88553,110.92999999999998
23,88603,110.92999999999998
23,88651,110.92999999999998
23,88679,110.92999999999998
23,88727,110.92999999999998
23,88751,110.92999999999998
23,88777,110.92999999999998
23,88801,110.92999999999998
23,88849,110.92999999999998
23,88895,110.92999999999998
23,88943,110.92999999999998
23,88991,110.92999999999998
23,89015,110.92999999999998
23,89041,110.92999999999998
23,89087,110.92999999999998
23,89133,110.92999999999998
23,89157,110.92999999999998
23,89181,110.92999999999998
23,89231,110.92999999999998
23,89279,110.92999999999998
23,89331,110.92999999999998
23,89381,111.95
23,89429,111.95
23,89453,111.95
23,89479,111.95
23,89503,111.95
23,89529,111.95
23,89531,114.80000000000003
23,89585,114.80000000000003
23,89609,114.80000000000003
23,89635,114.80000000000003
23,89663,114.80000000000003
23,89687,114.80000000000003
23,89739,114.80000000000003
23,89741,114.80000000000003
23,89789,114.80000000000003
23,89813,114.80000000000003
23,89859,114.80000000000003
23,89861,114.80000000000003
23,89863,114.80000000000003
23,89887,114.80000000000003
23,89913,114.80000000000003
23,89961,114.80000000000003
23,90011,114.80000000000003
23,90037,114.80000000000003
23,90085,114.80000000000003
23,90109,114.80000000000003
23,90155,114.80000000000003
23,90179,114.80000000000003
23,90181,114.80000000000003
23,90227,114.80000000000003
23,90229,114.80000000000003
23,90277,114.80000000000003
23,90323,114.80000000000003
23,90373,114.80000000000003
23,90421,114.80000000000003
23,90445,114.80000000000003
23,90469,114.80000000000003
23,90495,115.41999999999997
24,80338,39.62999999999999
24,80362,47.95999999999999
24,80364,47.95999999999999
24,80412,47.95999999999999
24,80462,47.95999999999999
24,80488,47.95999999999999
24,80540,50.720000000000006
24,80542,50.720000000000006
24,80590,50.720000000000006
24,84561,50.720000000000006
24,84607,53.359999999999985
24,84655,53.359999999999985
24,84679,53.359999999999985
24,84725,53.359999999999985
24,84771,53.359999999999985
24,84819,56.99000000000001
24,84867,56.99000000000001
24,84915,56.99000000000001
24,84939,56.99000000000001
24,84963,56.99000000000001
24,85013,56.99000000000001
24,85061,56.99000000000001
24,85111,56.99000000000001
24,85137,56.99000000000001
24,85139,56.99000000000001
24,85165,56.99000000000001
24,85191,56.99000000000001
24,85237,56.99000000000001
24,85261,56.99000000000001
24,85307,56.99000000000001
24,85331,56.99000000000001
24,85379,56.99000000000001
24,85381,60.45
24,85383,60.45
24,85407,60.45
24,85433,60.45
24,85457,69.92000000000004
24,85481,69.92000000000004
24,85529,69.92000000000004
24,85581,69.92000000000004
24,85607,69.92000000000004
24,85653,69.92000000000004
24,85709,69.92000000000004
24,85733,78.55
24,85781,78.55
24,85831,78.55
24,85881,78.55
24,85927,78.55
24,85951,78.55
24,85979,79.08999999999997
24,86003,79.08999999999997
24,86027,79.08999999999997
24,86055,79.08999999999997
24,86079,79.08999999999997
24,86125,91.81999999999995
24,86175,91.81999999999995
24,86223,91.81999999999995
24,86271,91.81999999999995
24,86301,91.81999999999995
24,86325,91.81999999999995
24,86327,91.81999999999995
24,86351,91.81999999999995
24,86353,91.81999999999995
24,86403,91.81999999999995
24,86449,100.54000000000002
24,86451,100.54000000000002
24,86499,100.54000000000002
24,86525,100.54000000000002
24,86555,100.54000000000002
24,86579,100.54000000000002
24,86603,100.54000000000002
24,86653,100.54000000000002
24,86701,100.54000000000002
24,86753,100.54000000000002
24,86777,100.54000000000002
24,86779,100.54000000000002
24,86825,100.54000000000002
24,86873,100.54000000000002
24,86897,100.54000000000002
24,86921,100.54000000000002
24,86971,100.54000000000002
24,86973,100.54000000000002
24,86997,100.54000000000002
24,87043,100.54000000000002
24,87069,100.54000000000002
24,87095,100.54000000000002
24,87141,100.54000000000002
24,87165,100.54000000000002
24,87211,100.54000000000002
24,87235,105.99000000000004
24,87281,105.99000000000004
24,87305,105.99000000000004
24,87355,105.99000000000004
24,87381,105.99000000000004
24,87405,105.99000000000004
24,87407,105.99000000000004
24,87409,105.99000000000004
24,87457,105.99000000000004
24,87481,105.99000000000004
24,87505,105.99000000000004
24,87529,119.22999999999996
24,87531,119.22999999999996
24,87533,119.22999999999996
24,87579,119.22999999999996
24,87625,119.22999999999996
24,87627,119.22999999999996
24,87675,119.22999999999996
24,87699,119.22999999999996
24,87725,119.22999999999996
24,87773,119.22999999999996
24,87799,123.96000000000001
24,87849,123.96000000000001
24,87873,123.96000000000001
24,87897,123.96000000000001
24,87923,123.96000000000001
24,87971,123.96000000000001
24,88021,123.96000000000001
24,88073,123.96000000000001
24,88097,123.96000000000001
24,88121,123.96000000000001
24,88123,123.96000000000001
24,88169,123.96000000000001
24,88221,123.96000000000001
24,88245,123.96000000000001
24,88271,123.96000000000001
24,88297,123.96000000000001
24,88299,123.96000000000001
24,88347,123.96000000000001
24,88371,123.96000000000001
24,88397,123.96000000000001
24,88421,123.96000000000001
24,88469,123.96000000000001
24,88493,123.96000000000001
24,88517,123.96000000000001
24,88567,123.96000000000001
24,88615,123.96000000000001
24,88641,123.96000000000001
24,88665,123.96000000000001
24,88689,123.96000000000001
24,88713,123.96000000000001
24,88763,123.96000000000001
24,88787,123.96000000000001
24,88811,123.96000000000001
24,88863,123.96000000000001
24,88915,123.96000000000001
24,88965,123.96000000000001
24,88989,123.96000000000001
24,89035,123.96000000000001
24,89081,123.96000000000001
24,89129,123.96000000000001
24,89153,123.96000000000001
24,89179,123.96000000000001
24,89205,123.96000000000001
24,89229,123.96000000000001
24,89253,123.96000000000001
24,89255,123.96000000000001
24,89301,123.96000000000001
24,89327,123.96000000000001
24,89373,123.96000000000001
24,89399,123.96000000000001
24,89423,123.96000000000001
24,89469,123.96000000000001
24,89493,123.96000000000001
24,89543,135.28000000000003
24,89567,135.28000000000003
24,89593,135.28000000000003
24,89621,135.28000000000003
24,89653,135.28000000000003
24,89677,135.28000000000003
24,89727,135.28000000000003
24,89751,135.28000000000003
24,89777,135.28000000000003
24,89823,135.28000000000003
24,89871,135.28000000000003
24,89917,135.28000000000003
24,89943,135.28000000000003
24,89989,135.28000000000003
24,90035,135.28000000000003
24,90061,135.28000000000003
24,90107,135.28000000000003
24,90133,135.28000000000003
24,90157,135.28000000000003
24,90181,135.28000000000003
24,90231,135.28000000000003
24,90277,135.28000000000003
24,90323,135.28000000000003
24,90349,135.28000000000003
25,80006,42.80000000000001
25,80008,42.80000000000001
25,80034,42.80000000000001
25,84153,42.80000000000001
25,84203,42.80000000000001
25,84249,43.35000000000001
25,84273,50.05000000000002
25,84297,50.05000000000002
25,84325,50.05000000000002
25,84349,50.05000000000002
25,84375,50.05000000000002
25,84399,51.73000000000001
25,84423,51.73000000000001
25,84471,51.73000000000001
25,84497,51.73000000000001
25,84521,56.38999999999999
25,84569,56.38999999999999
25,84617,56.38999999999999
25,84619,56.38999999999999
25,84621,56.38999999999999
25,84669,56.38999999999999
25,84693,56.38999999999999
25,84721,56.38999999999999
25,84769,56.66000000000002
25,84795,56.66000000000002
25,84843,56.66000000000002
25,84895,56.66000000000002
25,84943,56.66000000000002
25,84967,61.080000000000034
25,85017,61.080000000000034
25,85063,61.87999999999998
25,85113,65.35
25,85159,65.35
25,85183,65.35
25,85207,65.35
25,85231,65.35
25,85257,65.35
25,85259,65.35
25,85291,65.35
25,85343,65.35
25,85369,65.35
25,85371,65.35
25,85395,65.35
25,85441,71.78999999999996
25,85443,71.78999999999996
25,85467,73.60999999999997
25,85513,73.60999999999997
25,85539,73.60999999999997
25,85585,73.60999999999997
25,85611,73.60999999999997
25,85635,73.60999999999997
25,85663,73.60999999999997
25,85711,73.60999999999997
25,85735,73.60999999999997
25,85759,73.60999999999997
25,85783,73.60999999999997
25,85831,73.60999999999997
25,85877,73.60999999999997
25,85903,73.60999999999997
25,85949,73.60999999999997
25,85975,73.60999999999997
25,86021,109.43999999999998
25,86069,109.43999999999998
25,86093,109.43999999999998
25,86117,109.43999999999998
25,86141,109.43999999999998
25,86187,109.43999999999998
25,86235,109.43999999999998
25,86261,109.43999999999998
25,86285,109.43999999999998
25,86335,109.43999999999998
25,86361,109.43999999999998
25,86409,109.43999999999998
25,86433,109.43999999999998
25,86459,109.43999999999998
25,86485,109.43999999999998
25,86509,109.43999999999998
25,86535,109.43999999999998
25,86537,109.43999999999998
25,86585,109.43999999999998
25,86633,109.43999999999998
25,86635,109.43999999999998
25,86637,109.43999999999998
25,86639,109.43999999999998
25,86685,109.43999999999998
25,86687,109.43999999999998
25,86711,109.43999999999998
25,86757,109.43999999999998
25,86791,109.43999999999998
25,86815,109.43999999999998
25,86817,109.43999999999998
25,86819,109.43999999999998
25,86843,109.43999999999998
25,86867,109.43999999999998
25,86917,109.43999999999998
25,86943,109.43999999999998
25,86993,109.43999999999998
25,87041,109.43999999999998
25,87065,109.43999999999998
25,87113,109.43999999999998
25,87167,109.43999999999998
25,87213,109.43999999999998
25,87237,109.43999999999998
25,87239,109.43999999999998
25,87285,125.70999999999995
25,87331,125.70999999999995
25,87333,125.70999999999995
25,87335,125.70999999999995
25,87359,125.70999999999995
25,87407,125.70999999999995
25,87431,125.70999999999995
25,87455,125.70999999999995
25,87479,125.70999999999995
25,87527,125.70999999999995
25,87529,125.70999999999995
25,87553,125.70999999999995
25,87599,125.70999999999995
25,87625,125.70999999999995
25,87649,125.70999999999995
25,87697,125.70999999999995
25,87699,125.70999999999995
25,87725,125.70999999999995
25,87771,125.70999999999995
25,87795,125.70999999999995
25,87797,125.70999999999995
25,87823,125.70999999999995
25,87851,125.70999999999995
25,87875,125.70999999999995
25,87921,125.70999999999995
25,87967,125.70999999999995
25,87969,125.70999999999995
25,87971,125.70999999999995
25,88017,125.70999999999995
25,88019,125.70999999999995
25,88043,125.70999999999995
25,88067,125.70999999999995
25,88093,125.70999999999995
25,88121,125.70999999999995
25,88169,125.70999999999995
25,88215,125.70999999999995
25,88265,125.70999999999995
25,88317,125.70999999999995
25,88365,125.70999999999995
25,88367,125.70999999999995
25,88397,125.70999999999995
25,88445,125.70999999999995
25,88471,125.70999999999995
25,88517,125.70999999999995
25,88543,125.70999999999995
25,88567,125.70999999999995
25,88591,125.70999999999995
25,88615,125.70999999999995
25,88639,125.70999999999995
25,88665,125.70999999999995
25,88695,125.70999999999995
25,88719,125.70999999999995
25,88743,125.70999999999995
25,88791,125.70999999999995
25,88815,125.70999999999995
25,88817,125.70999999999995
25,88841,125.70999999999995
25,88889,125.70999999999995
25,88891,125.70999999999995
25,88893,125.70999999999995
25,88917,125.70999999999995
25,88943,125.70999999999995
25,88971,125.70999999999995
25,88973,125.70999999999995
25,89023,125.70999999999995
25,89071,125.70999999999995
25,89117,125.70999999999995
25,89143,125.70999999999995
25,89169,125.70999999999995
25,89215,125.70999999999995
25,89261,125.70999999999995
25,89289,125.70999999999995
25,89313,125.70999999999995
25,89359,125.70999999999995
25,89389,125.70999999999995
25,89439,125.70999999999995
25,89441,125.70999999999995
25,89443,125.70999999999995
25,89467,125.70999999999995
25,89513,125.70999999999995
25,89559,125.70999999999995
25,89583,125.70999999999995
25,89631,125.70999999999995
25,89681,125.70999999999995
25,89731,125.70999999999995
25,89759,125.70999999999995
25,89761,125.70999999999995
25,89811,125.70999999999995
25,89835,125.70999999999995
25,89881,125.70999999999995
25,89905,125.70999999999995
25,89953,125.70999999999995
25,90001,125.70999999999995
26,80784,64.89000000000001
26,80786,64.89000000000001
26,84879,64.89000000000001
26,84905,64.89000000000001
26,84929,64.89000000000001
26,84953,64.89000000000001
26,85003,64.89000000000001
26,85027,64.89000000000001
26,85077,64.89000000000001
26,85129,64.89000000000001
26,85177,64.89000000000001
26,85205,64.89000000000001
26,85231,64.89000000000001
26,85255,64.89000000000001
26,85281,64.89000000000001
26,85327,64.89000000000001
26,85373,64.89000000000001
26,85399,64.89000000000001
26,85401,64.89000000000001
26,85447,64.89000000000001
26,85473,64.89000000000001
26,85475,64.89000000000001
26,85477,64.89000000000001
26,85503,64.89000000000001
26,85549,64.89000000000001
26,85573,64.89000000000001
26,85623,64.89000000000001
26,85669,64.89000000000001
26,85717,67.67000000000002
26,85741,67.67000000000002
26,85789,69.92999999999998
26,85839,69.92999999999998
26,85887,69.92999999999998
26,85911,86.48000000000002
26,85913,86.48000000000002
26,85939,86.48000000000002
26,85985,86.48000000000002
26,85987,86.48000000000002
26,85989,86.48000000000002
26,86013,86.48000000000002
26,86037,86.48000000000002
26,86061,86.48000000000002
26,86063,86.48000000000002
26,86113,86.48000000000002
26,86115,86.48000000000002
26,86143,86.48000000000002
26,86195,86.48000000000002
26,86197,86.48000000000002
26,86223,86.48000000000002
26,86225,86.48000000000002
26,86251,86.48000000000002
26,86279,86.48000000000002
26,86303,86.48000000000002
26,86327,86.48000000000002
26,86373,86.48000000000002
26,86423,86.48000000000002
26,86449,86.48000000000002
26,86497,86.48000000000002
26,86521,86.48000000000002
26,86567,86.48000000000002
26,86615,86.48000000000002
26,86639,86.48000000000002
26,86641,86.48000000000002
26,86695,86.48000000000002
26,86743,86.48000000000002
26,86771,86.48000000000002
26,86817,86.48000000000002
26,86863,86.48000000000002
26,86865,86.48000000000002
26,86867,86.48000000000002
26,86869,86.48000000000002
26,86917,86.48000000000002
26,86965,86.48000000000002
26,86991,86.48000000000002
26,87015,86.48000000000002
26,87063,86.48000000000002
26,87089,86.48000000000002
26,87139,86.48000000000002
26,87163,93.49999999999997
26,87187,93.49999999999997
26,87211,93.49999999999997
26,87259,93.49999999999997
26,87283,93.49999999999997
26,87307,94.66
26,87359,94.66
26,87361,94.66
26,87407,94.66
26,87453,94.66
26,87477,94.66
26,87501,94.66
26,87525,94.66
26,87527,94.66
26,87577,94.66
26,87603,94.66
26,87605,94.66
26,87629,94.66
26,87675,94.66
26,87699,94.66
26,87751,94.66
26,87775,94.66
26,87799,97.84999999999998
26,87847,97.84999999999998
26,87849,97.84999999999998
26,87901,97.84999999999998
26,87951,97.84999999999998
26,87997,97.84999999999998
26,88043,97.84999999999998
26,88067,97.84999999999998
26,88069,97.84999999999998
26,88095,97.84999999999998
26,88119,97.84999999999998
26,88121,97.84999999999998
26,88123,97.84999999999998
26,88125,97.84999999999998
26,88149,97.84999999999998
26,88175,97.84999999999998
26,88201,97.84999999999998
26,88225,97.84999999999998
26,88273,98.19999999999999
26,88297,98.19999999999999
26,88321,98.19999999999999
26,88369,98.19999999999999
26,88371,98.19999999999999
26,88395,98.19999999999999
26,88425,98.19999999999999
26,88449,98.19999999999999
26,88479,98.19999999999999
26,88503,98.19999999999999
26,88505,98.19999999999999
26,88529,98.19999999999999
26,88581,98.19999999999999
26,88605,98.19999999999999
26,88653,98.19999999999999
26,88679,98.19999999999999
26,88703,98.19999999999999
26,88753,98.19999999999999
26,88779,98.19999999999999
26,88807,98.19999999999999
26,88809,98.19999999999999
26,88835,98.19999999999999
26,88881,98.19999999999999
26,88929,98.19999999999999
26,88977,98.19999999999999
26,89027,98.19999999999999
26,89053,98.19999999999999
26,89101,98.19999999999999
26,89153,98.19999999999999
26,89201,98.19999999999999
26,89225,98.19999999999999
26,89275,98.19999999999999
26,89321,107.64999999999996
26,89367,107.64999999999996
26,89393,107.64999999999996
26,89417,107.64999999999996
26,89441,107.64999999999996
26,89489,107.64999999999996
26,89513,107.64999999999996
26,89537,107.64999999999996
26,89565,107.64999999999996
26,89589,107.64999999999996
26,89637,107.64999999999996
26,89661,107.64999999999996
26,89691,107.64999999999996
26,89693,107.64999999999996
26,89717,107.64999999999996
26,89745,107.64999999999996
26,89769,107.64999999999996
26,89819,107.64999999999996
26,89865,107.64999999999996
26,89911,107.64999999999996
26,89963,107.64999999999996
26,89989,107.64999999999996
26,90035,107.64999999999996
26,90081,107.64999999999996
26,90083,118.53999999999998
26,90109,118.53999999999998
26,90159,118.53999999999998
26,90205,118.53999999999998
26,90229,118.53999999999998
26,90253,118.53999999999998
26,90255,118.53999999999998
26,90303,118.53999999999998
26,90349,118.53999999999998
26,90373,118.53999999999998
26,90425,118.53999999999998
26,90427,118.53999999999998
26,90429,119.83
26,90479,119.83
26,90505,119.83
26,90551,119.83
26,90575,119.83
26,90623,119.83
26,90649,119.83
26,90675,119.83
26,90699,119.83
26,90725,119.83
26,90727,119.83
26,90751,121.04999999999995
27,80142,39.31999999999999
27,80168,39.31999999999999
27,80216,50.490000000000016
27,80240,50.490000000000016
27,80292,50.490000000000016
27,80316,50.490000000000016
27,80342,50.490000000000016
27,80368,56.77000000000004
27,84399,56.77000000000004
27,84447,56.77000000000004
27,84499,56.77000000000004
27,84553,56.77000000000004
27,84577,56.77000000000004
27,84601,56.77000000000004
27,84625,56.77000000000004
27,84651,56.77000000000004
27,84677,56.77000000000004
27,84723,56.77000000000004
27,84775,67.88
27,84801,67.88
27,84847,67.88
27,84875,67.88
27,84901,67.88
27,84929,67.88
27,84959,67.88
27,85011,67.88
27,85059,67.88
27,85085,67.88
27,85109,67.88
27,85135,67.88
27,85137,67.88
27,85139,67.88
27,85141,67.88
27,85189,67.88
27,85213,67.88
27,85259,67.88
27,85261,68.78999999999996
27,85309,68.78999999999996
27,85359,68.78999999999996
27,85407,68.78999999999996
27,85457,68.78999999999996
27,85481,68.78999999999996
27,85509,71.45
27,85535,71.45
27,85581,73.28999999999998
27,85627,73.28999999999998
27,85675,73.28999999999998
27,85723,73.28999999999998
27,85777,73.28999999999998
27,85827,73.28999999999998
27,85875,73.28999999999998
27,85923,73.28999999999998
27,85975,73.28999999999998
27,86023,73.28999999999998
27,86053,73.28999999999998
27,86099,77.55000000000001
27,86145,77.55000000000001
27,86191,77.55000000000001
27,86215,77.55000000000001
27,86241,77.55000000000001
27,86267,80.67999999999998
27,86291,86.83
27,86315,86.83
27,86339,86.83
27,86387,86.83
27,86433,86.83
27,86457,86.83
27,86481,86.83
27,86529,86.83
27,86531,86.83
27,86581,86.83
27,86627,92.12999999999997
27,86651,92.12999999999997
27,86677,92.12999999999997
27,86723,95.85
27,86747,95.85
27,86771,95.85
27,86795,95.85
27,86841,95.85
27,86843,95.85
27,86891,95.85
27,86893,95.85
27,86917,95.85
27,86941,95.85
27,86965,95.85
27,86991,95.85
27,87041,95.85
27,87065,95.85
27,87119,95.85
27,87165,95.85
27,87211,95.85
27,87235,95.85
27,87283,95.85
27,87307,95.85
27,87331,102.92999999999996
27,87379,102.92999999999996
27,87405,102.92999999999996
27,87457,102.92999999999996
27,87481,102.92999999999996
27,87505,102.92999999999996
27,87529,102.92999999999996
27,87577,102.92999999999996
27,87603,102.92999999999996
27,87627,102.92999999999996
27,87675,102.92999999999996
27,87703,102.92999999999996
27,87729,102.92999999999996
27,87755,102.92999999999996
27,87757,102.92999999999996
27,87785,102.92999999999996
27,87787,102.92999999999996
27,87811,102.92999999999996
27,87839,102.92999999999996
27,87863,108.44999999999996
27,87889,108.44999999999996
27,87915,108.44999999999996
27,87939,108.44999999999996
27,87965,108.44999999999996
27,87989,108.44999999999996
27,87991,108.44999999999996
27,88039,108.44999999999996
27,88087,108.44999999999996
27,88135,113.41
27,88183,113.41
27,88231,113.41
27,88257,113.41
27,88281,113.41
27,88305,113.41
27,88355,113.41
27,88403,113.41
27,88453,113.41
27,88455,113.41
27,88481,113.41
27,88505,113.41
27,88529,113.41
27,88579,113.41
27,88609,113.41
27,88655,113.41
27,88679,113.41
27,88703,113.41
27,88705,113.41
27,88751,113.41
27,88753,113.41
27,88777,113.41
27,88801,113.41
27,88803,113.41
27,88829,113.41
27,88853,113.41
27,88877,113.41
27,88923,113.41
27,88925,113.41
27,88949,113.41
27,88995,116.20999999999998
27,89021,116.20999999999998
27,89047,116.20999999999998
27,89049,116.20999999999998
27,89095,116.20999999999998
27,89145,116.20999999999998
27,89169,116.20999999999998
27,89195,116.20999999999998
27,89243,116.20999999999998
27,89245,116.20999999999998
27,89269,116.20999999999998
27,89271,116.20999999999998
27,89295,116.20999999999998
27,89319,116.20999999999998
27,89365,116.20999999999998
27,89391,116.20999999999998
27,89437,116.20999999999998
27,89463,116.20999999999998
27,89487,116.20999999999998
27,89511,116.20999999999998
27,89513,116.20999999999998
27,89515,116.20999999999998
27,89565,116.20999999999998
27,89591,116.20999999999998
27,89615,116.20999999999998
27,89643,116.20999999999998
27,89693,116.20999999999998
27,89721,116.20999999999998
27,89747,116.20999999999998
27,89795,116.20999999999998
27,89821,116.20999999999998
27,89873,116.20999999999998
27,89923,116.20999999999998
27,89951,116.20999999999998
27,89953,116.20999999999998
27,89977,116.20999999999998
27,90029,116.20999999999998
27,90075,116.20999999999998
27,90123,116.20999999999998
28,80406,40.279999999999994
28,80452,44.21
28,80502,44.21
28,80526,44.21
28,80550,44.21
28,80574,44.21
28,80628,44.21
28,80674,46.93999999999998
28,80700,46.93999999999998
28,80746,47.96999999999998
28,80794,47.96999999999998
28,80844,56.27999999999999
28,80846,56.27999999999999
28,80870,56.27999999999999
28,80894,56.27999999999999
28,80942,64.49999999999999
28,80992,68.08999999999999
28,81016,68.08999999999999
28,81064,68.08999999999999
28,81088,68.08999999999999
28,81134,68.08999999999999
28,81182,68.08999999999999
28,81230,70.70999999999998
28,81276,75.04000000000002
28,81334,75.04000000000002
28,81336,75.04000000000002
28,85405,75.04000000000002
28,85429,75.04000000000002
28,85431,75.04000000000002
28,85457,75.04000000000002
28,85509,75.04000000000002
28,85533,75.04000000000002
28,85579,75.04000000000002
28,85627,75.04000000000002
28,85651,75.04000000000002
28,85679,75.04000000000002
28,85725,75.04000000000002
28,85727,75.04000000000002
28,85751,76.19
28,85753,76.19
28,85777,76.19
28,85801,76.19
28,85825,76.19
28,85871,76.19
28,85897,76.19
28,85945,76.19
28,85969,76.19
28,86017,76.19
28,86043,76.19
28,86069,76.19
28,86117,76.19
28,86167,76.19
28,86221,80.32
28,86275,80.32
28,86299,81.76999999999997
28,86347,81.76999999999997
28,86371,81.76999999999997
28,86397,81.76999999999997
28,86423,81.76999999999997
28,86473,81.76999999999997
28,86497,81.76999999999997
28,86521,81.76999999999997
28,86545,81.76999999999997
28,86571,81.76999999999997
28,86573,81.76999999999997
28,86623,81.76999999999997
28,86669,81.76999999999997
28,86715,81.76999999999997
28,86763,81.76999999999997
28,86809,85.04999999999998
28,86859,89.17
28,86889,89.17
28,86913,89.17
28,86937,114.00999999999999
28,86965,114.00999999999999
28,86989,114.00999999999999
28,87041,114.00999999999999
28,87067,114.00999999999999
28,87093,114.00999999999999
28,87095,114.00999999999999
28,87121,114.00999999999999
28,87123,114.00999999999999
28,87173,114.00999999999999
28,87175,114.00999999999999
28,87221,114.00999999999999
28,87269,114.00999999999999
28,87295,114.00999999999999
28,87321,114.00999999999999
28,87345,114.00999999999999
28,87369,114.00999999999999
28,87393,114.00999999999999
28,87443,114.00999999999999
28,87467,114.00999999999999
28,87491,114.00999999999999
28,87493,114.00999999999999
28,87545,114.00999999999999
28,87569,114.00999999999999
28,87595,114.00999999999999
28,87621,114.00999999999999
28,87645,114.00999999999999
28,87695,114.00999999999999
28,87745,114.00999999999999
28,87747,114.00999999999999
28,87749,114.00999999999999
28,87795,114.00999999999999
28,87821,114.00999999999999
28,87845,114.00999999999999
28,87891,114.00999999999999
28,87939,114.00999999999999
28,87985,114.00999999999999
28,88031,114.00999999999999
28,88079,114.00999999999999
28,88129,114.00999999999999
28,88153,114.00999999999999
28,88177,114.00999999999999
28,88227,123.62000000000005
28,88273,123.62000000000005
28,88297,123.62000000000005
28,88347,123.62000000000005
28,88371,123.62000000000005
28,88395,123.62000000000005
28,88443,123.62000000000005
28,88467,123.62000000000005
28,88469,123.62000000000005
28,88493,123.62000000000005
28,88517,123.62000000000005
28,88541,123.62000000000005
28,88567,123.62000000000005
28,88569,123.62000000000005
28,88593,132.87999999999997
28,88641,132.87999999999997
28,88689,132.87999999999997
28,88717,132.87999999999997
28,88741,132.87999999999997
28,88789,132.87999999999997
28,88817,132.87999999999997
28,88843,132.87999999999997
28,88867,132.87999999999997
28,88917,132.87999999999997
28,88943,132.87999999999997
28,88945,132.87999999999997
28,88947,132.87999999999997
28,88949,132.87999999999997
28,88973,132.87999999999997
28,88997,132.87999999999997
28,89047,132.87999999999997
28,89095,132.87999999999997
28,89141,132.87999999999997
28,89189,132.87999999999997
28,89241,132.87999999999997
28,89267,132.87999999999997
28,89313,132.87999999999997
28,89339,132.87999999999997
28,89389,132.87999999999997
28,89439,132.87999999999997
28,89463,132.87999999999997
28,89487,132.87999999999997
28,89535,132.87999999999997
28,89561,132.87999999999997
28,89587,132.87999999999997
28,89635,132.87999999999997
28,89637,137.43999999999997
28,89685,137.43999999999997
28,89711,137.43999999999997
28,89737,137.43999999999997
28,89739,137.43999999999997
28,89765,137.43999999999997
28,89789,137.43999999999997
28,89813,137.43999999999997
28,89837,137.43999999999997
28,89861,137.43999999999997
28,89907,137.43999999999997
28,89955,137.43999999999997
28,90007,137.43999999999997
28,90035,137.43999999999997
28,90061,137.43999999999997
28,90087,137.43999999999997
28,90135,137.43999999999997
28,90161,137.43999999999997
28,90209,137.43999999999997
28,90233,137.43999999999997
28,90259,137.43999999999997
28,90305,137.43999999999997
28,90329,137.43999999999997
28,90353,137.43999999999997
28,90401,137.43999999999997
29,80362,45.38
29,80410,49.40999999999999
29,84559,49.40999999999999
29,84583,49.40999999999999
29,84585,49.40999999999999
29,84609,49.40999999999999
29,84657,49.40999999999999
29,84681,49.40999999999999
29,84729,49.40999999999999
29,84779,49.40999999999999
29,84805,49.40999999999999
29,84853,49.40999999999999
29,84903,49.40999999999999
29,84905,49.40999999999999
29,84907,53.76999999999999
29,84933,53.76999999999999
29,84935,53.76999999999999
29,84959,57.7
29,84985,57.7
29,85031,57.7
29,85033,58.52
29,85057,58.52
29,85059,58.59
29,85107,58.59
29,85153,58.59
29,85177,58.59
29,85201,58.59
29,85251,58.59
29,85275,72.83999999999999
29,85299,72.83999999999999
29,85349,79.17999999999998
29,85397,79.17999999999998
29,85399,79.17999999999998
29,85423,79.17999999999998
29,85447,79.17999999999998
29,85497,79.17999999999998
29,85521,79.17999999999998
29,85569,79.17999999999998
29,85593,79.17999999999998
29,85617,79.17999999999998
29,85643,79.17999999999998
29,85691,79.17999999999998
29,85741,79.17999999999998
29,85765,79.17999999999998
29,85791,79.17999999999998
29,85841,79.17999999999998
29,85889,79.17999999999998
29,85937,79.17999999999998
29,85939,79.17999999999998
29,85941,79.17999999999998
29,85943,79.17999999999998
29,85967,79.17999999999998
29,85969,79.17999999999998
29,85971,79.17999999999998
29,85973,79.17999999999998
29,86019,79.17999999999998
29,86045,79.17999999999998
29,86093,79.17999999999998
29,86143,79.17999999999998
29,86145,79.17999999999998
29,86173,79.17999999999998
29,86219,79.17999999999998
29,86265,79.17999999999998
29,86267,79.17999999999998
29,86291,79.17999999999998
29,86339,79.17999999999998
29,86387,79.17999999999998
29,86415,79.17999999999998
29,86463,87.99999999999997
29,86465,87.99999999999997
29,86513,87.99999999999997
29,86563,87.99999999999997
29,86587,87.99999999999997
29,86589,87.99999999999997
29,86645,87.99999999999997
29,86647,87.99999999999997
29,86693,87.99999999999997
29,86719,87.99999999999997
29,86743,92.19000000000001
29,86791,97.35999999999997
29,86817,97.35999999999997
29,86863,97.35999999999997
29,86891,97.35999999999997
29,86937,97.35999999999997
29,86995,97.35999999999997
29,87023,97.35999999999997
29,87071,97.35999999999997
29,87121,97.35999999999997
29,87147,99.55000000000001
29,87193,99.55000000000001
29,87217,99.55000000000001
29,87243,99.55000000000001
29,87289,99.55000000000001
29,87291,99.55000000000001
29,87315,99.55000000000001
29,87363,99.55000000000001
29,87413,99.55000000000001
29,87439,99.55000000000001
29,87465,99.55000000000001
29,87513,99.55000000000001
29,87561,99.55000000000001
29,87613,99.55000000000001
29,87661,99.55000000000001
29,87685,99.55000000000001
29,87733,99.55000000000001
29,87759,99.55000000000001
29,87787,99.55000000000001
29,87811,99.55000000000001
29,87835,99.55000000000001
29,87885,99.55000000000001
29,87933,99.55000000000001
29,87979,99.55000000000001
29,88003,99.55000000000001
29,88031,99.55000000000001
29,88033,99.55000000000001
29,88035,99.55000000000001
29,88059,100.42000000000006
29,88083,100.42000000000006
29,88109,100.42000000000006
29,88155,100.42000000000006
29,88181,100.42000000000006
29,88205,100.42000000000006
29,88259,100.42000000000006
29,88283,100.42000000000006
29,88329,100.42000000000006
29,88377,100.42000000000006
29,88427,100.42000000000006
29,88429,100.42000000000006
29,88453,108.52999999999999
29,88477,108.52999999999999
29,88505,108.52999999999999
29,88529,108.52999999999999
29,88531,108.52999999999999
29,88577,108.52999999999999
29,88627,108.52999999999999
29,88675,108.52999999999999
29,88727,108.52999999999999
29,88757,108.52999999999999
29,88785,108.52999999999999
29,88831,108.52999999999999
29,88879,108.52999999999999
29,88927,108.52999999999999
29,88977,108.52999999999999
29,89007,108.52999999999999
29,89033,108.52999999999999
29,89059,108.52999999999999
29,89083,108.52999999999999
29,89107,108.52999999999999
29,89131,114.35000000000001
29,89155,114.35000000000001
29,89209,114.35000000000001
29,89233,114.35000000000001
29,89235,114.35000000000001
29,89259,114.35000000000001
29,89315,114.35000000000001
29,89317,114.35000000000001
29,89363,114.35000000000001
29,89387,117.83999999999993
29,89435,117.83999999999993
29,89459,117.83999999999993
29,89505,117.83999999999993
29,89555,117.83999999999993
29,89557,117.83999999999993
29,89583,117.83999999999993
29,89585,117.83999999999993
29,89633,117.83999999999993
29,89657,117.83999999999993
29,89659,117.83999999999993
29,89661,117.83999999999993
29,89663,117.83999999999993
29,89687,117.83999999999993
29,89689,117.83999999999993
29,89737,117.83999999999993
29,89761,117.83999999999993
29,89811,117.83999999999993
29,89859,117.83999999999993
29,89907,117.83999999999993
29,89957,117.83999999999993
29,90003,130.79000000000005
29,90027,130.79000000000005
29,90053,130.79000000000005
29,90099,130.79000000000005
29,90145,130.79000000000005
29,90147,130.79000000000005
29,90173,130.79000000000005
29,90199,130.79000000000005
29,90201,130.79000000000005
29,90249,130.79000000000005
29,90297,130.79000000000005
29,90323,130.79000000000005
30,80622,39.260000000000005
30,80624,39.260000000000005
30,80648,40.1
30,80672,48.10000000000001
30,84723,48.10000000000001
30,84751,48.10000000000001
30,84775,48.10000000000001
30,84823,48.10000000000001
30,84847,48.10000000000001
30,84897,48.10000000000001
30,84921,50.739999999999995
30,84967,50.739999999999995
30,84991,50.739999999999995
30,85015,51.79000000000001
30,85041,51.79000000000001
30,85065,57.67999999999999
30,85089,57.67999999999999
30,85117,57.67999999999999
30,85165,57.67999999999999
30,85191,57.67999999999999
30,85239,57.67999999999999
30,85241,57.67999999999999
30,85267,57.67999999999999
30,85313,75.66999999999999
30,85337,75.66999999999999
30,85363,75.66999999999999
30,85387,75.66999999999999
30,85417,75.66999999999999
30,85443,75.66999999999999
30,85491,75.66999999999999
30,85537,75.66999999999999
30,85561,75.66999999999999
30,85607,75.66999999999999
30,85655,75.66999999999999
30,85679,75.66999999999999
30,85725,75.66999999999999
30,85749,75.66999999999999
30,85805,75.66999999999999
30,85831,75.66999999999999
30,85879,75.66999999999999
30,85927,96.17999999999996
30,85973,96.17999999999996
30,85997,96.17999999999996
30,86021,96.17999999999996
30,86045,96.17999999999996
30,86069,96.17999999999996
30,86093,96.17999999999996
30,86095,96.17999999999996
30,86097,96.17999999999996
30,86145,96.17999999999996
30,86169,96.17999999999996
30,86193,96.17999999999996
30,86219,96.17999999999996
30,86243,96.17999999999996
30,86245,96.17999999999996
30,86269,96.17999999999996
30,86299,96.17999999999996
30,86323,99.75999999999996
30,86371,99.75999999999996
30,86421,99.75999999999996
30,86423,99.75999999999996
30,86447,99.75999999999996
30,86497,99.75999999999996
30,86543,112.24000000000005
30,86545,112.24000000000005
30,86569,112.24000000000005
30,86571,112.24000000000005
30,86617,112.24000000000005
30,86667,112.24000000000005
30,86669,112.24000000000005
30,86717,112.24000000000005
30,86743,112.24000000000005
30,86793,112.24000000000005
30,86817,112.24000000000005
30,86863,112.24000000000005
30,86887,112.24000000000005
30,86911,112.24000000000005
30,86913,112.24000000000005
30,86937,112.24000000000005
30,86961,112.24000000000005
30,86985,112.24000000000005
30,87031,112.24000000000005
30,87057,112.24000000000005
30,87081,112.24000000000005
30,87083,112.24000000000005
30,87085,112.24000000000005
30,87109,112.24000000000005
30,87159,112.24000000000005
30,87213,112.24000000000005
30,87237,112.24000000000005
30,87265,115.99000000000002
30,87289,115.99000000000002
30,87317,115.99000000000002
30,87367,115.99000000000002
30,87391,115.99000000000002
30,87415,115.99000000000002
30,87441,115.99000000000002
30,87491,115.99000000000002
30,87539,115.99000000000002
30,87565,115.99000000000002
30,87593,115.99000000000002
30,87639,124.32
30,87689,124.32
30,87713,124.32
30,87715,134.09000000000003
30,87739,134.09000000000003
30,87765,134.09000000000003
30,87815,134.09000000000003
30,87861,134.09000000000003
30,87907,134.09000000000003
30,87931,134.09000000000003
30,87955,134.09000000000003
30,87957,134.09000000000003
30,87981,134.09000000000003
30,88007,134.09000000000003
30,88009,142.22
30,88035,142.22
30,88059,142.22
30,88109,142.22
30,88133,142.22
30,88179,142.22
30,88203,142.22
30,88249,154.29000000000008
30,88277,154.29000000000008
30,88303,154.29000000000008
30,88327,154.29000000000008
30,88353,154.29000000000008
30,88379,154.29000000000008
30,88425,154.29000000000008
30,88449,154.29000000000008
30,88451,154.29000000000008
30,88477,154.29000000000008
30,88503,154.29000000000008
30,88551,154.29000000000008
30,88579,154.29000000000008
30,88625,154.29000000000008
30,88651,154.29000000000008
30,88675,154.29000000000008
30,88721,154.29000000000008
30,88773,154.29000000000008
30,88819,154.29000000000008
30,88843,154.29000000000008
30,88867,154.29000000000008
30,88891,154.29000000000008
30,88937,154.29000000000008
30,88983,154.29000000000008
30,88985,154.29000000000008
30,88987,154.29000000000008
30,89033,154.29000000000008
30,89061,154.29000000000008
30,89085,154.29000000000008
30,89109,154.29000000000008
30,89159,154.29000000000008
30,89185,154.29000000000008
30,89233,154.29000000000008
30,89257,154.29000000000008
30,89259,154.29000000000008
30,89261,154.29000000000008
30,89285,154.29000000000008
30,89309,154.29000000000008
30,89333,154.29000000000008
30,89359,154.29000000000008
30,89385,154.29000000000008
30,89387,154.29000000000008
30,89433,154.29000000000008
30,89483,154.29000000000008
30,89531,154.29000000000008
30,89555,154.29000000000008
30,89605,154.29000000000008
30,89653,154.29000000000008
30,89699,154.29000000000008
30,89701,154.29000000000008
30,89749,154.29000000000008
30,89795,154.29000000000008
30,89819,154.29000000000008
30,89843,154.29000000000008
30,89895,154.29000000000008
30,89919,154.29000000000008
30,89921,154.29000000000008
30,89945,154.29000000000008
30,89993,154.29000000000008
30,90017,154.29000000000008
30,90063,154.29000000000008
30,90087,154.29000000000008
30,90111,154.29000000000008
30,90161,154.29000000000008
30,90187,154.29000000000008
30,90189,154.29000000000008
30,90241,154.29000000000008
30,90267,154.29000000000008
30,90291,154.29000000000008
30,90339,154.29000000000008
30,90363,154.29000000000008
30,90413,154.29000000000008
30,90439,154.29000000000008
30,90489,154.29000000000008
30,90491,154.29000000000008
30,90493,154.29000000000008
30,90519,154.29000000000008
30,90521,154.29000000000008
30,90545,154.29000000000008
30,90547,154.29000000000008
30,90593,154.29000000000008
30,90617,154.29000000000008
