run,evaluations,best_so_far
1,8768,317.0
1,8782,317.0
1,8810,317.0
1,8826,317.0
1,8828,317.0
1,8844,317.0
1,9329,317.0
1,9359,336.0
1,9387,342.0
1,9401,342.0
1,9429,342.0
1,9445,342.0
1,9473,360.0
1,9489,360.0
1,9491,360.0
1,9509,360.0
1,9535,360.0
1,9549,360.0
1,9579,360.0
1,9593,360.0
1,9621,360.0
1,9635,360.0
1,9649,377.0
1,9663,377.0
1,9679,377.0
1,9697,377.0
1,9725,377.0
1,9741,377.0
1,9769,377.0
1,9785,377.0
1,9799,377.0
1,9813,377.0
1,9815,377.0
1,9841,387.0
1,9857,387.0
1,9873,387.0
1,9889,387.0
1,9891,387.0
1,9893,387.0
1,9907,387.0
1,9933,387.0
1,9947,387.0
1,9949,387.0
1,9977,387.0
1,10007,387.0
1,10043,387.0
1,10071,387.0
1,10101,387.0
1,10119,387.0
1,10121,387.0
1,10135,387.0
1,10149,387.0
1,10163,387.0
1,10177,387.0
1,10209,387.0
1,10223,387.0
1,10239,387.0
1,10255,387.0
1,10269,387.0
1,10297,387.0
1,10311,387.0
1,10325,387.0
1,10351,387.0
1,10367,387.0
1,10385,387.0
1,10387,387.0
1,10413,387.0
1,10427,387.0
1,10429,387.0
1,10455,387.0
1,10483,387.0
1,10499,387.0
1,10501,387.0
1,10515,387.0
1,10517,387.0
1,10547,387.0
1,10561,387.0
1,10575,387.0
1,10589,387.0
1,10607,387.0
1,10637,387.0
1,10639,387.0
1,10641,387.0
1,10669,387.0
1,10697,387.0
1,10711,387.0
1,10741,387.0
1,10743,387.0
1,10759,387.0
1,10775,387.0
1,10777,387.0
1,10803,387.0
1,10833,387.0
1,10847,387.0
1,10861,387.0
1,10877,387.0
1,10891,387.0
1,10893,387.0
1,10907,387.0
1,10921,387.0
1,10949,387.0
1,10977,387.0
1,10979,387.0
1,11007,396.0
1,11023,396.0
1,11051,396.0
1,11065,396.0
1,11079,396.0
1,11097,396.0
1,11111,396.0
1,11113,396.0
1,11141,396.0
1,11167,396.0
1,11169,396.0
1,11183,396.0
1,11209,396.0
1,11235,396.0
1,11249,396.0
1,11265,396.0
1,11293,396.0
1,11307,396.0
1,11333,402.0
1,11359,402.0
1,11361,402.0
1,11387,402.0
1,11403,402.0
1,11405,402.0
1,11419,402.0
1,11437,402.0
1,11451,402.0
1,11465,402.0
1,11479,402.0
1,11505,402.0
1,11519,402.0
1,11533,402.0
1,11561,402.0
1,11575,402.0
1,11605,402.0
1,11607,402.0
1,11621,402.0
1,11637,402.0
1,11653,402.0
1,11667,402.0
1,11683,402.0
1,11697,402.0
1,11727,402.0
1,11729,402.0
1,11755,402.0
1,11771,402.0
1,11785,402.0
1,11817,402.0
1,11831,402.0
1,11865,402.0
1,11883,402.0
1,11915,402.0
1,11917,402.0
1,11919,402.0
1,11945,402.0
1,11947,402.0
1,11961,402.0
1,11987,402.0
1,11989,402.0
1,12003,402.0
1,12029,402.0
1,12043,402.0
1,12057,402.0
1,12071,402.0
1,12097,402.0
1,12113,402.0
1,12141,402.0
1,12157,402.0
1,12183,402.0
1,12201,402.0
1,12203,402.0
1,12229,409.0
1,12255,409.0
1,12269,409.0
1,12303,409.0
1,12321,409.0
1,12335,409.0
1,12361,409.0
1,12375,409.0
1,12389,409.0
1,12415,409.0
1,12445,409.0
1,12461,409.0
1,12489,409.0
1,12517,409.0
1,12533,410.0
1,12547,410.0
1,12575,410.0
1,12603,412.0
1,12633,412.0
1,12659,412.0
1,12661,412.0
1,12691,412.0
1,12717,412.0
1,12731,412.0
1,12759,412.0
1,12773,412.0
1,12789,412.0
1,12803,412.0
1,12817,412.0
1,12845,412.0
1,12861,412.0
1,12875,412.0
1,12889,412.0
1,12919,412.0
1,12951,412.0
1,12965,412.0
1,12991,412.0
1,13017,413.0
1,13019,413.0
1,13033,417.0
1,13061,417.0
1,13075,417.0
1,13077,417.0
1,13091,417.0
1,13119,417.0
1,13135,417.0
1,13137,417.0
1,13153,417.0
1,13187,417.0
1,13217,417.0
1,13231,417.0
1,13247,417.0
1,13267,417.0
1,13281,417.0
1,13309,417.0
1,13323,417.0
1,13349,417.0
1,13379,417.0
1,13395,417.0
1,13411,417.0
1,13427,417.0
1,13455,417.0
1,13471,417.0
1,13485,417.0
1,13515,417.0
1,13531,417.0
1,13559,417.0
1,13573,417.0
1,13599,417.0
1,13629,417.0
1,13655,417.0
1,13683,417.0
1,13711,417.0
1,13741,417.0
1,13743,417.0
1,13769,417.0
1,13799,417.0
1,13817,417.0
1,13819,417.0
1,13851,417.0
1,13865,420.0
1,13879,420.0
1,13905,420.0
1,13931,420.0
1,13957,420.0
1,13987,420.0
1,14017,420.0
1,14019,420.0
1,14047,420.0
1,14073,420.0
1,14087,420.0
1,14089,420.0
1,14121,420.0
1,14137,420.0
1,14151,420.0
1,14167,420.0
1,14181,420.0
1,14197,420.0
1,14225,420.0
1,14251,420.0
1,14277,420.0
1,14305,420.0
1,14325,420.0
1,14339,420.0
1,14357,420.0
1,14377,420.0
1,14391,420.0
1,14393,420.0
1,14395,420.0
1,14421,420.0
1,14435,420.0
1,14449,420.0
1,14475,420.0
1,14489,420.0
1,14519,420.0
1,14521,420.0
1,14535,420.0
1,14551,420.0
1,14565,420.0
1,14567,420.0
1,14581,420.0
1,14611,420.0
1,14639,420.0
1,14655,420.0
1,14669,420.0
1,14683,420.0
1,14697,420.0
1,14723,420.0
1,14753,420.0
1,14769,420.0
1,14799,420.0
1,14831,420.0
1,14859,420.0
1,14873,420.0
1,14889,420.0
1,14891,420.0
1,14917,420.0
1,14945,425.0
1,14971,425.0
1,14997,425.0
1,14999,425.0
1,15015,425.0
1,15043,425.0
1,15073,425.0
1,15075,425.0
1,15105,425.0
1,15119,425.0
1,15135,425.0
1,15151,425.0
1,15167,425.0
1,15197,425.0
1,15223,425.0
1,15251,425.0
1,15267,425.0
1,15281,425.0
1,15307,425.0
1,15333,425.0
1,15347,425.0
1,15373,425.0
1,15387,425.0
1,15403,425.0
1,15417,425.0
1,15433,425.0
1,15447,425.0
1,15461,425.0
1,15475,425.0
1,15493,425.0
1,15507,425.0
1,15509,425.0
1,15511,425.0
1,15527,425.0
1,15543,425.0
1,15557,425.0
1,15587,425.0
1,15619,425.0
1,15633,425.0
1,15647,425.0
1,15669,425.0
1,15683,425.0
1,15711,425.0
1,15739,425.0
1,15765,425.0
1,15779,425.0
1,15797,425.0
1,15811,425.0
1,15839,425.0
1,15855,425.0
1,15869,425.0
1,15883,425.0
1,15899,425.0
1,15913,425.0
1,15929,425.0
1,15961,425.0
1,15975,425.0
1,15989,425.0
1,16017,425.0
1,16045,425.0
1,16073,425.0
1,16091,425.0
1,16105,425.0
1,16119,425.0
1,16133,425.0
1,16163,425.0
1,16177,425.0
1,16191,425.0
1,16209,425.0
1,16227,425.0
1,16255,425.0
1,16257,425.0
1,16283,425.0
1,16297,425.0
1,16313,425.0
1,16341,425.0
1,16355,425.0
1,16383,425.0
1,16397,425.0
1,16399,425.0
1,16425,425.0
1,16439,425.0
1,16441,425.0
1,16457,425.0
1,16485,425.0
1,16501,425.0
1,16503,425.0
1,16535,425.0
1,16551,425.0
1,16577,425.0
1,16603,425.0
1,16605,425.0
1,16633,425.0
1,16649,425.0
1,16663,425.0
1,16693,425.0
1,16723,425.0
1,16737,425.0
1,16751,427.0
1,16765,427.0
1,16781,427.0
1,16809,427.0
1,16825,427.0
1,16853,427.0
1,16867,427.0
1,16881,427.0
1,16907,427.0
1,16939,427.0
1,16941,427.0
1,16955,427.0
1,16969,427.0
1,16971,427.0
1,16999,427.0
1,17013,427.0
1,17015,427.0
1,17029,427.0
1,17043,427.0
1,17045,427.0
1,17073,427.0
1,17101,427.0
1,17127,427.0
1,17155,427.0
1,17157,427.0
1,17159,427.0
1,17161,427.0
1,17163,427.0
1,17177,427.0
1,17205,427.0
1,17219,427.0
1,17251,427.0
1,17277,427.0
1,17293,427.0
1,17295,427.0
1,17309,427.0
1,17325,427.0
1,17327,427.0
1,17341,427.0
1,17369,427.0
1,17383,427.0
1,17409,427.0
1,17425,427.0
1,17453,427.0
1,17469,427.0
1,17503,427.0
1,17517,427.0
1,17533,427.0
1,17535,427.0
1,17565,427.0
1,17595,427.0
1,17597,427.0
1,17627,427.0
1,17657,427.0
1,17671,427.0
1,17685,427.0
1,17717,427.0
1,17733,427.0
1,17747,427.0
1,17777,427.0
1,17791,427.0
1,17793,427.0
1,17819,427.0
1,17835,427.0
1,17863,427.0
1,17865,427.0
1,17881,427.0
1,17895,427.0
1,17911,427.0
1,17925,427.0
1,17939,427.0
1,17953,427.0
1,17969,427.0
1,17999,427.0
1,18025,427.0
1,18053,427.0
1,18055,427.0
1,18069,427.0
1,18085,427.0
1,18099,427.0
1,18115,427.0
1,18131,427.0
1,18133,427.0
1,18151,427.0
1,18177,427.0
1,18191,427.0
1,18205,427.0
1,18207,427.0
1,18221,430.0
1,18235,430.0
1,18237,430.0
1,18239,430.0
1,18253,430.0
1,18269,430.0
1,18283,430.0
1,18297,430.0
1,18313,430.0
1,18329,430.0
1,18345,430.0
1,18371,430.0
1,18403,430.0
1,18433,430.0
1,18447,430.0
1,18477,430.0
1,18507,430.0
1,18535,430.0
1,18561,430.0
1,18575,430.0
1,18601,430.0
1,18627,430.0
1,18641,430.0
1,18657,430.0
1,18659,430.0
1,18685,430.0
1,18699,430.0
1,18713,430.0
1,18727,430.0
1,18755,430.0
2,8872,294.0
2,8886,294.0
2,8888,294.0
2,8904,294.0
2,8932,294.0
2,9419,294.0
2,9445,316.0
2,9447,316.0
2,9463,316.0
2,9477,316.0
2,9479,316.0
2,9495,316.0
2,9521,316.0
2,9547,316.0
2,9561,318.0
2,9577,318.0
2,9593,318.0
2,9595,318.0
2,9625,318.0
2,9655,318.0
2,9671,318.0
2,9687,318.0
2,9701,325.0
2,9731,325.0
2,9759,348.0
2,9789,348.0
2,9805,348.0
2,9833,348.0
2,9863,348.0
2,9891,348.0
2,9921,348.0
2,9949,348.0
2,9975,348.0
2,9977,348.0
2,10003,348.0
2,10017,348.0
2,10031,348.0
2,10045,348.0
2,10059,348.0
2,10087,348.0
2,10119,348.0
2,10135,348.0
2,10137,348.0
2,10139,348.0
2,10153,348.0
2,10167,348.0
2,10169,348.0
2,10203,348.0
2,10229,362.0
2,10259,362.0
2,10275,362.0
2,10291,362.0
2,10305,362.0
2,10307,362.0
2,10321,362.0
2,10335,362.0
2,10351,362.0
2,10379,362.0
2,10409,362.0
2,10435,378.0
2,10451,378.0
2,10465,378.0
2,10493,378.0
2,10507,378.0
2,10509,378.0
2,10537,378.0
2,10551,378.0
2,10579,378.0
2,10607,378.0
2,10639,378.0
2,10669,378.0
2,10685,378.0
2,10701,378.0
2,10703,378.0
2,10721,378.0
2,10747,396.0
2,10765,396.0
2,10767,396.0
2,10781,396.0
2,10795,396.0
2,10797,396.0
2,10825,396.0
2,10841,396.0
2,10867,396.0
2,10895,396.0
2,10909,396.0
2,10911,396.0
2,10913,396.0
2,10927,396.0
2,10953,396.0
2,10955,396.0
2,10983,396.0
2,10997,396.0
2,11023,396.0
2,11053,396.0
2,11067,396.0
2,11081,396.0
2,11095,396.0
2,11111,396.0
2,11139,396.0
2,11155,396.0
2,11157,396.0
2,11159,396.0
2,11173,396.0
2,11187,396.0
2,11201,396.0
2,11229,396.0
2,11247,396.0
2,11261,396.0
2,11275,396.0
2,11277,396.0
2,11295,396.0
2,11311,396.0
2,11327,396.0
2,11355,396.0
2,11369,396.0
2,11395,396.0
2,11423,396.0
2,11437,396.0
2,11455,396.0
2,11469,396.0
2,11483,398.0
2,11511,398.0
2,11539,398.0
2,11553,398.0
2,11581,398.0
2,11607,400.0
2,11621,406.0
2,11637,406.0
2,11653,406.0
2,11667,406.0
2,11669,406.0
2,11671,406.0
2,11673,406.0
2,11699,406.0
2,11701,406.0
2,11727,406.0
2,11743,406.0
2,11773,406.0
2,11799,406.0
2,11825,406.0
2,11853,406.0
2,11869,406.0
2,11871,406.0
2,11889,406.0
2,11917,406.0
2,11931,406.0
2,11963,406.0
2,11979,406.0
2,11997,406.0
2,12011,406.0
2,12013,406.0
2,12015,406.0
2,12041,406.0
2,12069,406.0
2,12097,406.0
2,12129,406.0
2,12157,406.0
2,12171,406.0
2,12185,406.0
2,12213,406.0
2,12227,406.0
2,12253,406.0
2,12267,406.0
2,12269,406.0
2,12283,406.0
2,12301,406.0
2,12331,406.0
2,12359,406.0
2,12361,406.0
2,12379,406.0
2,12381,406.0
2,12407,406.0
2,12421,406.0
2,12451,406.0
2,12467,406.0
2,12483,406.0
2,12515,406.0
2,12541,406.0
2,12569,406.0
2,12599,409.0
2,12617,409.0
2,12645,409.0
2,12673,409.0
2,12701,409.0
2,12715,409.0
2,12743,409.0
2,12769,409.0
2,12785,409.0
2,12787,409.0
2,12813,409.0
2,12827,409.0
2,12859,409.0
2,12875,409.0
2,12891,409.0
2,12927,409.0
2,12945,409.0
2,12959,409.0
2,12991,409.0
2,13005,409.0
2,13007,409.0
2,13021,409.0
2,13023,409.0
2,13043,409.0
2,13061,409.0
2,13075,409.0
2,13089,409.0
2,13115,409.0
2,13141,409.0
2,13171,409.0
2,13185,409.0
2,13213,410.0
2,13239,410.0
2,13253,410.0
2,13283,410.0
2,13297,410.0
2,13313,410.0
2,13329,410.0
2,13361,410.0
2,13363,410.0
2,13379,410.0
2,13405,410.0
2,13431,413.0
2,13461,413.0
2,13487,413.0
2,13501,413.0
2,13517,413.0
2,13549,413.0
2,13551,413.0
2,13577,413.0
2,13593,413.0
2,13625,413.0
2,13651,413.0
2,13665,413.0
2,13693,413.0
2,13721,413.0
2,13747,413.0
2,13761,413.0
2,13795,413.0
2,13827,413.0
2,13841,413.0
2,13857,413.0
2,13873,413.0
2,13901,413.0
2,13915,413.0
2,13941,413.0
2,13943,413.0
2,13945,413.0
2,13971,413.0
2,13989,413.0
2,14003,416.0
2,14021,416.0
2,14035,416.0
2,14071,416.0
2,14099,416.0
2,14101,416.0
2,14117,416.0
2,14119,416.0
2,14135,416.0
2,14163,416.0
2,14193,416.0
2,14209,416.0
2,14223,416.0
2,14243,416.0
2,14257,416.0
2,14273,416.0
2,14301,416.0
2,14329,416.0
2,14355,416.0
2,14381,416.0
2,14409,416.0
2,14411,416.0
2,14437,416.0
2,14451,416.0
2,14469,416.0
2,14483,416.0
2,14499,416.0
2,14513,416.0
2,14529,416.0
2,14545,416.0
2,14565,416.0
2,14579,416.0
2,14581,416.0
2,14595,416.0
2,14623,416.0
2,14643,416.0
2,14671,416.0
2,14685,416.0
2,14699,416.0
2,14713,416.0
2,14727,418.0
2,14757,418.0
2,14775,418.0
2,14791,418.0
2,14805,418.0
2,14825,418.0
2,14853,418.0
2,14873,418.0
2,14875,418.0
2,14903,418.0
2,14917,418.0
2,14953,418.0
2,14983,418.0
2,14997,418.0
2,15013,418.0
2,15027,418.0
2,15053,418.0
2,15069,418.0
2,15085,418.0
2,15103,418.0
2,15119,418.0
2,15147,418.0
2,15173,418.0
2,15201,418.0
2,15215,418.0
2,15229,418.0
2,15255,418.0
2,15281,423.0
2,15297,423.0
2,15299,423.0
2,15315,423.0
2,15345,423.0
2,15359,423.0
2,15373,423.0
2,15389,423.0
2,15415,423.0
2,15443,423.0
2,15457,423.0
2,15475,423.0
2,15503,423.0
2,15505,423.0
2,15507,423.0
2,15521,423.0
2,15535,423.0
2,15551,423.0
2,15579,423.0
2,15595,423.0
2,15623,423.0
2,15649,423.0
2,15677,423.0
2,15693,423.0
2,15723,423.0
2,15737,423.0
2,15751,423.0
2,15765,423.0
2,15779,423.0
2,15805,423.0
2,15835,423.0
2,15837,423.0
2,15865,423.0
2,15891,423.0
2,15917,423.0
2,15931,423.0
2,15933,423.0
2,15949,423.0
2,15979,423.0
2,16005,423.0
2,16019,423.0
2,16021,423.0
2,16035,423.0
2,16061,423.0
2,16077,423.0
2,16095,423.0
2,16111,423.0
2,16125,423.0
2,16153,423.0
2,16187,423.0
2,16189,423.0
2,16207,423.0
2,16223,423.0
2,16239,423.0
2,16271,423.0
2,16301,423.0
2,16329,423.0
2,16343,423.0
2,16373,423.0
2,16401,423.0
2,16415,423.0
2,16429,423.0
2,16457,423.0
2,16459,423.0
2,16473,423.0
2,16501,423.0
2,16517,423.0
2,16531,423.0
2,16559,423.0
2,16573,423.0
2,16601,423.0
2,16603,423.0
2,16631,423.0
2,16645,423.0
2,16659,423.0
2,16691,423.0
2,16717,423.0
2,16733,423.0
2,16759,423.0
2,16761,423.0
2,16793,423.0
2,16807,423.0
2,16835,423.0
2,16865,423.0
2,16891,423.0
2,16907,423.0
2,16909,423.0
2,16911,423.0
2,16929,423.0
2,16943,423.0
2,16945,423.0
2,16961,423.0
2,16993,423.0
2,17007,423.0
2,17021,423.0
2,17023,423.0
2,17055,423.0
2,17071,423.0
2,17085,423.0
2,17087,423.0
2,17101,423.0
2,17117,423.0
2,17131,423.0
2,17133,423.0
2,17135,423.0
2,17149,423.0
2,17151,423.0
2,17169,423.0
2,17183,423.0
2,17197,423.0
2,17213,423.0
2,17241,423.0
2,17257,423.0
2,17271,423.0
2,17285,423.0
2,17299,423.0
2,17325,423.0
2,17357,423.0
2,17359,423.0
2,17373,423.0
2,17387,423.0
2,17401,423.0
2,17415,423.0
2,17429,423.0
2,17457,423.0
2,17471,423.0
2,17497,423.0
2,17529,423.0
2,17555,423.0
2,17585,423.0
2,17599,423.0
2,17601,423.0
2,17633,423.0
2,17659,423.0
2,17685,423.0
2,17711,423.0
2,17739,423.0
2,17753,423.0
2,17755,423.0
2,17783,423.0
2,17811,423.0
2,17839,423.0
2,17867,423.0
2,17881,423.0
2,17897,423.0
2,17913,423.0
2,17943,423.0
2,17959,423.0
2,17985,423.0
2,18003,423.0
2,18021,423.0
2,18053,423.0
2,18055,423.0
2,18057,423.0
2,18089,423.0
2,18105,423.0
2,18133,423.0
2,18135,423.0
2,18149,423.0
2,18163,423.0
2,18195,423.0
2,18221,423.0
2,18223,423.0
2,18225,423.0
2,18239,423.0
2,18275,423.0
2,18289,423.0
2,18305,423.0
2,18307,423.0
2,18323,423.0
2,18351,423.0
2,18379,423.0
2,18407,423.0
2,18409,423.0
2,18411,423.0
2,18439,423.0
2,18453,423.0
2,18469,423.0
2,18483,423.0
2,18511,423.0
2,18525,423.0
2,18539,423.0
2,18557,423.0
2,18559,423.0
2,18589,423.0
2,18617,423.0
2,18631,423.0
2,18647,423.0
2,18649,423.0
2,18665,423.0
2,18679,423.0
2,18693,423.0
2,18721,423.0
2,18735,423.0
2,18751,423.0
2,18785,423.0
2,18801,423.0
2,18819,423.0
2,18849,423.0
2,18879,424.0
3,8746,304.0
3,9213,316.0
3,9215,316.0
3,9231,316.0
3,9259,316.0
3,9285,316.0
3,9301,316.0
3,9329,316.0
3,9331,316.0
3,9349,316.0
3,9367,316.0
3,9393,316.0
3,9409,316.0
3,9423,316.0
3,9439,316.0
3,9441,316.0
3,9455,316.0
3,9469,316.0
3,9471,316.0
3,9485,335.0
3,9505,335.0
3,9519,335.0
3,9551,335.0
3,9565,335.0
3,9593,340.0
3,9607,348.0
3,9637,348.0
3,9639,348.0
3,9667,348.0
3,9687,348.0
3,9701,348.0
3,9715,348.0
3,9729,348.0
3,9743,348.0
3,9759,348.0
3,9773,348.0
3,9789,348.0
3,9815,350.0
3,9841,365.0
3,9873,365.0
3,9887,365.0
3,9901,365.0
3,9919,365.0
3,9949,365.0
3,9951,365.0
3,9969,365.0
3,10001,365.0
3,10017,365.0
3,10045,365.0
3,10047,365.0
3,10065,365.0
3,10079,365.0
3,10093,365.0
3,10119,367.0
3,10145,367.0
3,10159,367.0
3,10161,367.0
3,10175,367.0
3,10189,367.0
3,10191,367.0
3,10205,376.0
3,10219,376.0
3,10247,376.0
3,10261,384.0
3,10263,384.0
3,10277,384.0
3,10295,384.0
3,10311,384.0
3,10343,384.0
3,10357,384.0
3,10359,384.0
3,10385,384.0
3,10413,384.0
3,10415,384.0
3,10429,384.0
3,10447,384.0
3,10477,384.0
3,10491,384.0
3,10523,384.0
3,10537,384.0
3,10563,384.0
3,10579,384.0
3,10593,384.0
3,10621,384.0
3,10647,384.0
3,10661,384.0
3,10675,384.0
3,10689,384.0
3,10715,384.0
3,10745,384.0
3,10759,384.0
3,10785,384.0
3,10811,384.0
3,10813,384.0
3,10839,384.0
3,10867,384.0
3,10899,384.0
3,10915,384.0
3,10945,384.0
3,10971,384.0
3,10973,384.0
3,11003,384.0
3,11037,385.0
3,11057,385.0
3,11059,385.0
3,11073,385.0
3,11115,385.0
3,11149,385.0
3,11177,385.0
3,11193,385.0
3,11223,385.0
3,11225,385.0
3,11241,385.0
3,11271,387.0
3,11273,387.0
3,11303,387.0
3,11305,387.0
3,11331,387.0
3,11345,387.0
3,11359,387.0
3,11385,396.0
3,11417,396.0
3,11431,396.0
3,11447,396.0
3,11461,396.0
3,11477,396.0
3,11503,396.0
3,11505,396.0
3,11507,396.0
3,11509,396.0
3,11525,396.0
3,11553,396.0
3,11579,396.0
3,11595,396.0
3,11597,399.0
3,11611,399.0
3,11625,399.0
3,11653,399.0
3,11681,399.0
3,11709,399.0
3,11723,399.0
3,11737,399.0
3,11751,399.0
3,11765,399.0
3,11793,399.0
3,11795,399.0
3,11823,399.0
3,11837,399.0
3,11863,399.0
3,11891,399.0
3,11905,399.0
3,11933,399.0
3,11953,399.0
3,11979,399.0
3,11993,399.0
3,11995,399.0
3,12025,399.0
3,12051,399.0
3,12077,402.0
3,12091,402.0
3,12119,402.0
3,12121,402.0
3,12151,402.0
3,12177,406.0
3,12199,406.0
3,12229,406.0
3,12243,406.0
3,12257,406.0
3,12271,406.0
3,12301,406.0
3,12315,406.0
3,12341,406.0
3,12367,406.0
3,12393,406.0
3,12423,406.0
3,12425,406.0
3,12441,406.0
3,12471,406.0
3,12499,407.0
3,12513,407.0
3,12527,407.0
3,12553,407.0
3,12567,407.0
3,12581,407.0
3,12609,408.0
3,12637,408.0
3,12663,409.0
3,12677,409.0
3,12679,409.0
3,12695,409.0
3,12697,409.0
3,12725,409.0
3,12757,409.0
3,12759,409.0
3,12761,409.0
3,12789,409.0
3,12803,409.0
3,12829,409.0
3,12861,409.0
3,12889,409.0
3,12905,409.0
3,12933,409.0
3,12951,409.0
3,12965,409.0
3,12979,409.0
3,13007,416.0
3,13035,416.0
3,13049,416.0
3,13075,416.0
3,13091,416.0
3,13117,416.0
3,13133,416.0
3,13159,416.0
3,13175,416.0
3,13189,416.0
3,13191,416.0
3,13219,416.0
3,13233,416.0
3,13235,416.0
3,13249,416.0
3,13279,416.0
3,13293,416.0
3,13319,416.0
3,13351,416.0
3,13367,416.0
3,13383,416.0
3,13411,416.0
3,13425,416.0
3,13439,416.0
3,13467,416.0
3,13469,416.0
3,13497,416.0
3,13499,416.0
3,13525,416.0
3,13557,416.0
3,13587,416.0
3,13589,416.0
3,13615,416.0
3,13629,416.0
3,13643,416.0
3,13657,416.0
3,13683,416.0
3,13711,416.0
3,13713,416.0
3,13727,416.0
3,13741,416.0
3,13767,416.0
3,13797,416.0
3,13829,416.0
3,13831,416.0
3,13859,416.0
3,13861,416.0
3,13875,416.0
3,13903,416.0
3,13917,416.0
3,13947,416.0
3,13973,416.0
3,13999,416.0
3,14001,416.0
3,14029,416.0
3,14031,416.0
3,14047,416.0
3,14049,416.0
3,14065,416.0
3,14079,416.0
3,14105,416.0
3,14119,416.0
3,14151,416.0
3,14165,416.0
3,14179,416.0
3,14197,416.0
3,14213,416.0
3,14229,416.0
3,14257,416.0
3,14273,416.0
3,14275,416.0
3,14291,416.0
3,14305,416.0
3,14321,416.0
3,14351,416.0
3,14353,416.0
3,14355,416.0
3,14381,416.0
3,14411,416.0
3,14427,416.0
3,14455,416.0
3,14469,416.0
3,14471,416.0
3,14497,416.0
3,14511,416.0
3,14527,416.0
3,14541,416.0
3,14557,416.0
3,14571,416.0
3,14585,416.0
3,14587,416.0
3,14619,416.0
3,14651,416.0
3,14677,416.0
3,14703,416.0
3,14705,416.0
3,14719,416.0
3,14733,416.0
3,14763,416.0
3,14779,416.0
3,14793,416.0
3,14795,416.0
3,14809,416.0
3,14823,416.0
3,14837,416.0
3,14839,416.0
3,14855,416.0
3,14857,416.0
3,14859,416.0
3,14885,419.0
3,14887,419.0
3,14913,419.0
3,14915,419.0
3,14941,419.0
3,14943,419.0
3,14957,419.0
3,14971,419.0
3,14985,419.0
3,14987,419.0
3,15001,419.0
3,15029,419.0
3,15059,419.0
3,15073,419.0
3,15105,419.0
3,15119,419.0
3,15133,419.0
3,15147,419.0
3,15163,419.0
3,15191,419.0
3,15205,422.0
3,15221,422.0
3,15251,422.0
3,15265,422.0
3,15293,422.0
3,15323,422.0
3,15337,422.0
3,15363,422.0
3,15379,422.0
3,15381,422.0
3,15409,422.0
3,15435,422.0
3,15451,422.0
3,15465,422.0
3,15493,422.0
3,15507,422.0
3,15521,422.0
3,15535,422.0
3,15565,422.0
3,15581,422.0
3,15583,422.0
3,15615,422.0
3,15629,422.0
3,15643,422.0
3,15645,422.0
3,15659,422.0
3,15689,422.0
3,15705,422.0
3,15733,422.0
3,15747,422.0
3,15775,422.0
3,15789,422.0
3,15819,422.0
3,15835,422.0
3,15867,422.0
3,15883,422.0
3,15897,422.0
3,15899,422.0
3,15913,422.0
3,15945,422.0
3,15977,422.0
3,16009,422.0
3,16037,422.0
3,16053,422.0
3,16069,422.0
3,16097,422.0
3,16113,422.0
3,16127,422.0
3,16155,422.0
3,16181,422.0
3,16213,422.0
3,16227,422.0
3,16255,422.0
3,16269,422.0
3,16283,422.0
3,16297,422.0
3,16323,422.0
3,16343,422.0
3,16345,422.0
3,16361,422.0
3,16393,422.0
3,16407,422.0
3,16439,422.0
3,16465,422.0
3,16467,422.0
3,16469,422.0
3,16483,422.0
3,16513,422.0
3,16539,422.0
3,16553,422.0
3,16555,422.0
3,16581,422.0
3,16609,422.0
3,16623,422.0
3,16657,422.0
3,16687,422.0
3,16701,422.0
3,16715,422.0
3,16731,422.0
3,16759,422.0
3,16787,422.0
3,16803,422.0
3,16817,422.0
3,16847,422.0
3,16861,422.0
3,16889,422.0
3,16915,422.0
3,16929,422.0
3,16943,422.0
3,16957,422.0
3,16973,422.0
3,16975,422.0
3,16989,422.0
3,17003,422.0
3,17017,422.0
3,17019,422.0
3,17033,422.0
3,17047,422.0
3,17049,422.0
3,17051,422.0
3,17077,422.0
3,17105,422.0
3,17121,422.0
3,17147,422.0
3,17161,422.0
3,17177,422.0
3,17205,422.0
3,17221,422.0
3,17235,422.0
3,17249,422.0
3,17263,422.0
3,17291,423.0
3,17317,423.0
3,17333,423.0
3,17363,423.0
3,17365,423.0
3,17381,423.0
3,17383,423.0
3,17385,423.0
3,17399,423.0
3,17427,423.0
3,17453,423.0
3,17455,423.0
3,17469,423.0
3,17497,423.0
3,17513,423.0
3,17527,423.0
3,17529,423.0
3,17547,423.0
3,17563,423.0
3,17591,423.0
3,17607,423.0
3,17621,423.0
3,17649,423.0
3,17669,423.0
3,17683,423.0
3,17711,423.0
3,17739,423.0
3,17765,423.0
3,17793,423.0
3,17821,423.0
3,17835,423.0
3,17851,423.0
3,17877,423.0
3,17907,423.0
3,17921,423.0
3,17937,423.0
3,17963,423.0
3,17965,423.0
3,17981,423.0
3,17995,423.0
3,18011,423.0
3,18037,423.0
3,18051,423.0
3,18069,423.0
3,18085,423.0
3,18111,423.0
3,18129,423.0
3,18143,423.0
3,18175,423.0
3,18203,423.0
3,18229,423.0
3,18245,423.0
3,18261,423.0
3,18275,423.0
3,18301,423.0
3,18317,423.0
3,18331,423.0
3,18345,423.0
3,18359,423.0
3,18373,423.0
3,18387,423.0
3,18401,423.0
3,18415,423.0
3,18445,423.0
3,18471,423.0
3,18497,423.0
3,18511,423.0
3,18537,423.0
3,18565,423.0
3,18593,423.0
3,18595,423.0
3,18623,423.0
3,18651,423.0
3,18653,423.0
3,18671,423.0
3,18701,423.0
3,18733,423.0
4,8772,304.0
4,8786,315.0
4,8788,315.0
4,8804,315.0
4,8806,315.0
4,8822,315.0
4,8848,329.0
4,9285,342.0
4,9287,342.0
4,9317,342.0
4,9331,342.0
4,9359,342.0
4,9387,342.0
4,9401,347.0
4,9415,347.0
4,9431,347.0
4,9459,347.0
4,9461,347.0
4,9487,347.0
4,9507,347.0
4,9539,347.0
4,9567,347.0
4,9593,347.0
4,9621,347.0
4,9637,347.0
4,9655,347.0
4,9685,347.0
4,9715,347.0
4,9737,347.0
4,9739,347.0
4,9765,362.0
4,9767,362.0
4,9797,362.0
4,9813,362.0
4,9815,362.0
4,9829,362.0
4,9861,362.0
4,9889,362.0
4,9903,362.0
4,9933,362.0
4,9935,362.0
4,9949,362.0
4,9975,362.0
4,10001,362.0
4,10027,362.0
4,10055,362.0
4,10071,362.0
4,10087,362.0
4,10119,362.0
4,10137,362.0
4,10151,362.0
4,10179,362.0
4,10195,362.0
4,10197,362.0
4,10211,362.0
4,10213,362.0
4,10215,362.0
4,10241,374.0
4,10255,379.0
4,10269,379.0
4,10285,379.0
4,10301,379.0
4,10319,379.0
4,10333,379.0
4,10359,379.0
4,10361,379.0
4,10363,379.0
4,10377,379.0
4,10407,379.0
4,10409,379.0
4,10423,379.0
4,10439,379.0
4,10453,379.0
4,10467,379.0
4,10481,379.0
4,10499,379.0
4,10525,379.0
4,10539,379.0
4,10565,386.0
4,10579,386.0
4,10595,386.0
4,10609,386.0
4,10623,386.0
4,10637,386.0
4,10651,386.0
4,10679,397.0
4,10681,397.0
4,10695,397.0
4,10723,397.0
4,10737,397.0
4,10751,397.0
4,10765,397.0
4,10779,397.0
4,10793,397.0
4,10807,397.0
4,10833,397.0
4,10865,397.0
4,10891,397.0
4,10905,397.0
4,10921,397.0
4,10935,397.0
4,10963,397.0
4,10977,397.0
4,11003,397.0
4,11019,397.0
4,11047,397.0
4,11075,397.0
4,11093,397.0
4,11095,397.0
4,11123,397.0
4,11125,397.0
4,11153,397.0
4,11169,397.0
4,11197,397.0
4,11199,397.0
4,11213,397.0
4,11243,397.0
4,11273,397.0
4,11299,397.0
4,11331,397.0
4,11345,397.0
4,11371,397.0
4,11373,397.0
4,11403,397.0
4,11431,397.0
4,11445,397.0
4,11447,397.0
4,11475,397.0
4,11489,397.0
4,11503,397.0
4,11529,397.0
4,11547,397.0
4,11563,397.0
4,11591,397.0
4,11605,397.0
4,11633,398.0
4,11649,398.0
4,11667,398.0
4,11681,398.0
4,11697,398.0
4,11711,398.0
4,11713,398.0
4,11729,398.0
4,11731,398.0
4,11745,398.0
4,11761,398.0
4,11763,398.0
4,11791,398.0
4,11805,398.0
4,11835,398.0
4,11837,398.0
4,11855,398.0
4,11869,398.0
4,11897,399.0
4,11923,399.0
4,11937,399.0
4,11939,399.0
4,11953,399.0
4,11969,399.0
4,11971,399.0
4,11997,399.0
4,12025,399.0
4,12055,399.0
4,12085,400.0
4,12115,400.0
4,12143,400.0
4,12169,400.0
4,12183,400.0
4,12213,400.0
4,12241,400.0
4,12255,400.0
4,12271,400.0
4,12273,400.0
4,12275,400.0
4,12289,406.0
4,12315,406.0
4,12331,406.0
4,12345,407.0
4,12359,407.0
4,12361,407.0
4,12375,407.0
4,12403,407.0
4,12417,407.0
4,12445,407.0
4,12475,407.0
4,12491,407.0
4,12505,407.0
4,12531,407.0
4,12557,415.0
4,12585,419.0
4,12587,419.0
4,12589,419.0
4,12617,419.0
4,12633,419.0
4,12659,419.0
4,12673,419.0
4,12705,419.0
4,12719,419.0
4,12747,419.0
4,12775,419.0
4,12801,419.0
4,12817,419.0
4,12831,419.0
4,12861,419.0
4,12875,419.0
4,12907,419.0
4,12921,419.0
4,12949,419.0
4,12965,419.0
4,12979,419.0
4,13005,419.0
4,13007,419.0
4,13033,419.0
4,13049,419.0
4,13051,419.0
4,13067,419.0
4,13081,419.0
4,13095,419.0
4,13121,419.0
4,13147,419.0
4,13163,419.0
4,13179,419.0
4,13209,419.0
4,13225,419.0
4,13243,419.0
4,13257,419.0
4,13277,419.0
4,13305,419.0
4,13321,419.0
4,13353,419.0
4,13369,419.0
4,13371,419.0
4,13387,419.0
4,13389,419.0
4,13419,419.0
4,13433,419.0
4,13435,419.0
4,13449,419.0
4,13451,419.0
4,13465,419.0
4,13493,419.0
4,13495,419.0
4,13527,419.0
4,13543,419.0
4,13545,419.0
4,13561,419.0
4,13575,419.0
4,13603,419.0
4,13605,419.0
4,13607,419.0
4,13637,419.0
4,13653,419.0
4,13681,419.0
4,13695,419.0
4,13709,423.0
4,13737,423.0
4,13739,423.0
4,13765,423.0
4,13779,423.0
4,13781,423.0
4,13809,423.0
4,13837,423.0
4,13855,423.0
4,13857,423.0
4,13887,423.0
4,13915,423.0
4,13941,423.0
4,13973,423.0
4,13989,423.0
4,14003,423.0
4,14005,423.0
4,14023,423.0
4,14037,423.0
4,14039,423.0
4,14069,423.0
4,14099,423.0
4,14117,423.0
4,14145,423.0
4,14159,423.0
4,14173,423.0
4,14201,423.0
4,14231,423.0
4,14257,423.0
4,14271,423.0
4,14285,423.0
4,14301,423.0
4,14317,423.0
4,14331,423.0
4,14347,423.0
4,14363,423.0
4,14381,423.0
4,14397,423.0
4,14413,423.0
4,14443,423.0
4,14457,423.0
4,14459,423.0
4,14475,423.0
4,14477,423.0
4,14505,423.0
4,14519,423.0
4,14547,423.0
4,14563,423.0
4,14579,423.0
4,14593,423.0
4,14625,423.0
4,14639,423.0
4,14657,423.0
4,14673,423.0
4,14675,423.0
4,14689,423.0
4,14691,423.0
4,14721,423.0
4,14723,423.0
4,14749,423.0
4,14779,423.0
4,14793,423.0
4,14829,423.0
4,14855,423.0
4,14873,423.0
4,14889,423.0
4,14891,423.0
4,14905,423.0
4,14919,423.0
4,14949,423.0
4,14981,423.0
4,14995,423.0
4,15025,423.0
4,15059,423.0
4,15089,423.0
4,15103,423.0
4,15119,423.0
4,15121,423.0
4,15123,423.0
4,15149,423.0
4,15177,423.0
4,15205,423.0
4,15219,423.0
4,15249,423.0
4,15263,423.0
4,15283,423.0
4,15311,423.0
4,15325,423.0
4,15341,423.0
4,15369,423.0
4,15387,423.0
4,15417,423.0
4,15435,423.0
4,15465,423.0
4,15467,423.0
4,15481,423.0
4,15483,423.0
4,15497,423.0
4,15499,423.0
4,15513,423.0
4,15529,423.0
4,15559,423.0
4,15575,423.0
4,15577,423.0
4,15579,423.0
4,15595,423.0
4,15609,423.0
4,15637,423.0
4,15651,423.0
4,15667,423.0
4,15669,423.0
4,15683,423.0
4,15697,423.0
4,15711,423.0
4,15727,423.0
4,15755,423.0
4,15769,423.0
4,15783,423.0
4,15813,423.0
4,15847,423.0
4,15863,423.0
4,15889,423.0
4,15903,425.0
4,15917,425.0
4,15931,425.0
4,15933,425.0
4,15935,425.0
4,15961,425.0
4,15989,425.0
4,16017,425.0
4,16031,425.0
4,16063,425.0
4,16079,425.0
4,16093,425.0
4,16107,425.0
4,16123,425.0
4,16137,425.0
4,16165,425.0
4,16197,425.0
4,16223,425.0
4,16239,425.0
4,16271,425.0
4,16285,425.0
4,16287,425.0
4,16301,425.0
4,16315,425.0
4,16329,425.0
4,16331,425.0
4,16361,425.0
4,16389,425.0
4,16403,425.0
4,16405,425.0
4,16433,425.0
4,16459,425.0
4,16461,425.0
4,16463,425.0
4,16479,425.0
4,16505,425.0
4,16507,425.0
4,16521,425.0
4,16535,425.0
4,16553,425.0
4,16581,425.0
4,16595,425.0
4,16623,425.0
4,16637,425.0
4,16663,425.0
4,16691,425.0
4,16693,425.0
4,16707,425.0
4,16723,425.0
4,16737,425.0
4,16751,425.0
4,16753,425.0
4,16767,425.0
4,16781,425.0
4,16807,425.0
4,16823,425.0
4,16837,425.0
4,16855,425.0
4,16857,425.0
4,16873,425.0
4,16887,425.0
4,16889,425.0
4,16917,425.0
4,16939,425.0
4,16959,425.0
4,16987,425.0
4,17005,425.0
4,17019,425.0
4,17033,425.0
4,17047,425.0
4,17075,425.0
4,17093,425.0
4,17095,425.0
4,17123,425.0
4,17125,425.0
4,17139,425.0
4,17153,425.0
4,17169,425.0
4,17183,425.0
4,17199,425.0
4,17229,425.0
4,17259,425.0
4,17289,425.0
4,17319,425.0
4,17345,425.0
4,17347,425.0
4,17365,425.0
4,17393,425.0
4,17407,425.0
4,17435,425.0
4,17461,425.0
4,17477,425.0
4,17505,425.0
4,17519,425.0
4,17535,425.0
4,17549,425.0
4,17575,425.0
4,17601,425.0
4,17603,425.0
4,17605,425.0
4,17619,425.0
4,17651,425.0
4,17677,425.0
4,17695,425.0
4,17711,425.0
4,17725,425.0
4,17755,425.0
4,17771,425.0
4,17801,425.0
4,17827,425.0
4,17857,425.0
4,17887,425.0
4,17913,425.0
4,17927,425.0
4,17943,425.0
4,17971,425.0
4,17989,425.0
4,18005,425.0
4,18021,425.0
4,18035,425.0
4,18037,425.0
4,18065,425.0
4,18095,425.0
4,18125,425.0
4,18139,425.0
4,18155,425.0
4,18187,425.0
4,18201,425.0
4,18217,425.0
4,18245,425.0
4,18259,425.0
4,18285,425.0
4,18301,425.0
4,18329,425.0
4,18357,425.0
4,18373,425.0
4,18375,425.0
4,18389,425.0
4,18403,425.0
4,18417,425.0
4,18433,425.0
4,18447,425.0
4,18477,425.0
4,18479,425.0
4,18495,425.0
4,18523,425.0
4,18537,425.0
4,18553,425.0
4,18567,425.0
4,18599,425.0
4,18613,425.0
4,18639,425.0
4,18653,425.0
4,18667,425.0
4,18695,425.0
4,18727,425.0
4,18757,425.0
5,8914,308.0
5,8942,333.0
5,9395,333.0
5,9421,333.0
5,9423,333.0
5,9449,333.0
5,9475,333.0
5,9489,333.0
5,9519,333.0
5,9537,333.0
5,9551,333.0
5,9565,333.0
5,9567,333.0
5,9581,333.0
5,9607,353.0
5,9637,353.0
5,9651,353.0
5,9667,353.0
5,9681,353.0
5,9707,359.0
5,9733,359.0
5,9747,359.0
5,9763,359.0
5,9777,359.0
5,9791,359.0
5,9793,359.0
5,9811,359.0
5,9827,359.0
5,9841,373.0
5,9867,373.0
5,9883,373.0
5,9899,373.0
5,9913,373.0
5,9941,373.0
5,9943,373.0
5,9961,373.0
5,9975,373.0
5,9989,373.0
5,10003,373.0
5,10019,373.0
5,10035,373.0
5,10049,373.0
5,10065,373.0
5,10079,373.0
5,10093,373.0
5,10107,373.0
5,10121,373.0
5,10123,373.0
5,10139,373.0
5,10167,373.0
5,10169,373.0
5,10171,373.0
5,10197,373.0
5,10211,373.0
5,10237,373.0
5,10239,373.0
5,10259,373.0
5,10273,373.0
5,10275,373.0
5,10295,373.0
5,10311,373.0
5,10313,373.0
5,10327,373.0
5,10341,373.0
5,10369,373.0
5,10401,373.0
5,10429,373.0
5,10443,373.0
5,10459,373.0
5,10485,373.0
5,10487,373.0
5,10489,373.0
5,10515,381.0
5,10541,401.0
5,10569,401.0
5,10595,401.0
5,10621,401.0
5,10647,401.0
5,10661,401.0
5,10675,401.0
5,10691,401.0
5,10707,401.0
5,10721,401.0
5,10737,401.0
5,10755,401.0
5,10771,401.0
5,10773,401.0
5,10789,401.0
5,10791,401.0
5,10807,401.0
5,10833,401.0
5,10851,401.0
5,10885,401.0
5,10915,401.0
5,10931,401.0
5,10947,401.0
5,10975,401.0
5,10989,401.0
5,10991,401.0
5,11007,401.0
5,11009,401.0
5,11011,401.0
5,11043,401.0
5,11069,401.0
5,11095,401.0
5,11109,401.0
5,11123,401.0
5,11149,401.0
5,11177,401.0
5,11205,401.0
5,11219,401.0
5,11235,401.0
5,11253,401.0
5,11255,401.0
5,11283,401.0
5,11311,401.0
5,11337,403.0
5,11363,403.0
5,11365,403.0
5,11367,403.0
5,11395,403.0
5,11411,403.0
5,11413,403.0
5,11429,403.0
5,11445,403.0
5,11471,403.0
5,11503,403.0
5,11519,403.0
5,11535,403.0
5,11561,403.0
5,11563,403.0
5,11577,404.0
5,11591,404.0
5,11607,404.0
5,11609,404.0
5,11641,404.0
5,11655,404.0
5,11683,404.0
5,11697,404.0
5,11725,404.0
5,11751,404.0
5,11765,404.0
5,11781,404.0
5,11809,404.0
5,11835,404.0
5,11849,404.0
5,11863,404.0
5,11891,404.0
5,11909,404.0
5,11911,404.0
5,11927,404.0
5,11955,404.0
5,11981,404.0
5,11983,404.0
5,11997,404.0
5,12023,404.0
5,12039,404.0
5,12041,404.0
5,12067,404.0
5,12069,404.0
5,12099,404.0
5,12113,404.0
5,12143,404.0
5,12175,404.0
5,12189,404.0
5,12217,404.0
5,12251,404.0
5,12279,404.0
5,12281,404.0
5,12295,404.0
5,12313,404.0
5,12331,404.0
5,12345,404.0
5,12363,404.0
5,12389,404.0
5,12415,412.0
5,12445,412.0
5,12459,412.0
5,12487,412.0
5,12501,412.0
5,12515,412.0
5,12529,412.0
5,12547,412.0
5,12563,412.0
5,12577,412.0
5,12593,412.0
5,12623,412.0
5,12649,412.0
5,12651,412.0
5,12679,412.0
5,12707,412.0
5,12737,412.0
5,12765,412.0
5,12767,412.0
5,12799,412.0
5,12827,412.0
5,12855,412.0
5,12871,412.0
5,12873,412.0
5,12889,412.0
5,12917,412.0
5,12945,412.0
5,12959,412.0
5,12985,412.0
5,13015,412.0
5,13035,412.0
5,13037,412.0
5,13051,412.0
5,13077,412.0
5,13079,412.0
5,13093,412.0
5,13107,412.0
5,13137,412.0
5,13151,412.0
5,13177,412.0
5,13203,412.0
5,13219,412.0
5,13233,413.0
5,13235,413.0
5,13249,413.0
5,13251,413.0
5,13253,413.0
5,13281,413.0
5,13307,413.0
5,13309,413.0
5,13311,413.0
5,13337,413.0
5,13355,413.0
5,13385,413.0
5,13419,413.0
5,13447,413.0
5,13461,413.0
5,13475,413.0
5,13489,413.0
5,13503,413.0
5,13517,413.0
5,13543,415.0
5,13573,415.0
5,13587,415.0
5,13603,415.0
5,13605,415.0
5,13619,415.0
5,13651,415.0
5,13665,415.0
5,13695,415.0
5,13723,415.0
5,13737,415.0
5,13753,415.0
5,13767,415.0
5,13783,415.0
5,13813,415.0
5,13815,415.0
5,13829,415.0
5,13831,415.0
5,13845,415.0
5,13861,415.0
5,13877,415.0
5,13905,415.0
5,13907,415.0
5,13923,415.0
5,13937,415.0
5,13939,415.0
5,13971,415.0
5,13987,415.0
5,14017,415.0
5,14031,415.0
5,14047,415.0
5,14063,415.0
5,14089,415.0
5,14105,415.0
5,14125,415.0
5,14139,415.0
5,14155,415.0
5,14169,415.0
5,14195,415.0
5,14209,415.0
5,14225,415.0
5,14251,415.0
5,14253,415.0
5,14279,415.0
5,14309,415.0
5,14323,415.0
5,14325,415.0
5,14341,415.0
5,14355,415.0
5,14369,415.0
5,14385,415.0
5,14401,415.0
5,14435,415.0
5,14449,415.0
5,14479,415.0
5,14505,415.0
5,14533,415.0
5,14551,415.0
5,14565,415.0
5,14595,415.0
5,14621,415.0
5,14635,416.0
5,14667,416.0
5,14683,416.0
5,14685,416.0
5,14715,416.0
5,14729,416.0
5,14745,416.0
5,14773,416.0
5,14789,416.0
5,14803,416.0
5,14829,416.0
5,14849,416.0
5,14875,416.0
5,14901,416.0
5,14915,416.0
5,14941,416.0
5,14943,416.0
5,14957,416.0
5,14975,416.0
5,15005,416.0
5,15019,416.0
5,15033,416.0
5,15065,416.0
5,15079,416.0
5,15093,416.0
5,15107,416.0
5,15123,416.0
5,15149,416.0
5,15151,416.0
5,15167,416.0
5,15181,416.0
5,15211,416.0
5,15241,416.0
5,15267,416.0
5,15295,416.0
5,15313,416.0
5,15339,416.0
5,15353,417.0
5,15367,417.0
5,15385,417.0
5,15417,417.0
5,15431,417.0
5,15459,417.0
5,15475,417.0
5,15489,417.0
5,15491,417.0
5,15505,417.0
5,15535,417.0
5,15549,417.0
5,15563,417.0
5,15565,417.0
5,15591,417.0
5,15617,417.0
5,15631,417.0
5,15649,417.0
5,15651,417.0
5,15681,417.0
5,15683,417.0
5,15685,417.0
5,15715,417.0
5,15731,417.0
5,15745,417.0
5,15759,418.0
5,15785,418.0
5,15801,418.0
5,15815,418.0
5,15817,418.0
5,15847,418.0
5,15875,421.0
5,15907,421.0
5,15921,421.0
5,15935,421.0
5,15961,421.0
5,15989,421.0
5,16005,421.0
5,16007,421.0
5,16009,421.0
5,16037,421.0
5,16051,421.0
5,16077,421.0
5,16103,421.0
5,16119,421.0
5,16145,421.0
5,16159,421.0
5,16173,421.0
5,16187,421.0
5,16201,421.0
5,16215,421.0
5,16241,421.0
5,16271,421.0
5,16301,421.0
5,16317,421.0
5,16343,421.0
5,16359,421.0
5,16387,421.0
5,16403,421.0
5,16421,421.0
5,16447,421.0
5,16475,421.0
5,16477,421.0
5,16491,421.0
5,16493,421.0
5,16519,421.0
5,16533,421.0
5,16561,421.0
5,16575,421.0
5,16601,421.0
5,16615,421.0
5,16643,423.0
5,16657,423.0
5,16685,423.0
5,16701,423.0
5,16703,423.0
5,16735,423.0
5,16737,423.0
5,16763,423.0
5,16779,423.0
5,16805,423.0
5,16831,423.0
5,16857,423.0
5,16871,423.0
5,16891,423.0
5,16919,423.0
5,16951,423.0
5,16981,423.0
5,16997,423.0
5,17011,423.0
5,17027,423.0
5,17061,423.0
5,17063,423.0
5,17077,423.0
5,17103,423.0
5,17131,423.0
5,17133,423.0
5,17135,423.0
5,17153,423.0
5,17179,423.0
5,17207,423.0
5,17209,423.0
5,17223,423.0
5,17251,423.0
5,17279,423.0
5,17307,423.0
5,17309,423.0
5,17311,423.0
5,17327,423.0
5,17343,423.0
5,17369,423.0
5,17395,424.0
5,17425,424.0
5,17427,424.0
5,17429,424.0
5,17445,424.0
5,17471,429.0
5,17487,429.0
5,17501,429.0
5,17533,429.0
5,17547,429.0
5,17561,429.0
5,17563,429.0
5,17583,429.0
5,17613,429.0
5,17643,429.0
5,17671,429.0
5,17697,429.0
5,17725,429.0
5,17739,429.0
5,17769,429.0
5,17785,429.0
5,17799,429.0
5,17815,429.0
5,17831,429.0
5,17857,429.0
5,17859,429.0
5,17873,429.0
5,17891,429.0
5,17917,429.0
5,17949,429.0
5,17951,429.0
5,17967,429.0
5,17999,429.0
5,18013,429.0
5,18041,429.0
5,18043,429.0
5,18057,429.0
5,18071,429.0
5,18085,429.0
5,18099,429.0
5,18125,429.0
5,18155,429.0
5,18169,429.0
5,18187,429.0
5,18217,429.0
5,18245,429.0
5,18261,429.0
5,18263,429.0
5,18265,429.0
5,18279,429.0
5,18307,429.0
5,18321,429.0
5,18339,429.0
5,18365,429.0
5,18381,429.0
5,18407,429.0
5,18439,429.0
5,18467,429.0
5,18485,429.0
5,18487,429.0
5,18501,429.0
5,18517,429.0
5,18545,429.0
5,18559,429.0
5,18587,429.0
5,18601,429.0
5,18617,429.0
5,18631,429.0
5,18633,429.0
5,18647,429.0
5,18675,429.0
5,18701,429.0
5,18733,429.0
5,18761,429.0
5,18777,429.0
5,18803,429.0
5,18833,429.0
5,18847,429.0
5,18861,429.0
5,18877,429.0
5,18891,429.0
5,18923,429.0
6,8774,297.0
6,8802,308.0
6,8816,316.0
6,8842,335.0
6,8874,335.0
6,8888,335.0
6,8914,335.0
6,8928,342.0
6,8930,342.0
6,8958,342.0
6,8972,342.0
6,9002,342.0
6,9028,342.0
6,9042,342.0
6,9070,342.0
6,9098,354.0
6,9112,354.0
6,9126,354.0
6,9142,354.0
6,9144,354.0
6,9170,364.0
6,9198,364.0
6,9224,364.0
6,9250,364.0
6,9737,364.0
6,9751,364.0
6,9753,364.0
6,9767,364.0
6,9783,364.0
6,9813,364.0
6,9845,364.0
6,9875,364.0
6,9877,364.0
6,9905,371.0
6,9919,371.0
6,9933,371.0
6,9951,371.0
6,9979,371.0
6,9995,371.0
6,10021,371.0
6,10051,371.0
6,10065,371.0
6,10079,376.0
6,10105,376.0
6,10119,376.0
6,10133,376.0
6,10161,376.0
6,10175,376.0
6,10189,376.0
6,10205,376.0
6,10231,376.0
6,10245,395.0
6,10247,395.0
6,10275,395.0
6,10277,395.0
6,10293,395.0
6,10309,395.0
6,10335,395.0
6,10351,395.0
6,10365,395.0
6,10367,395.0
6,10369,395.0
6,10383,395.0
6,10397,395.0
6,10425,395.0
6,10427,395.0
6,10441,395.0
6,10467,395.0
6,10481,395.0
6,10497,395.0
6,10525,395.0
6,10539,395.0
6,10557,395.0
6,10575,395.0
6,10589,395.0
6,10603,395.0
6,10605,395.0
6,10621,395.0
6,10635,395.0
6,10651,395.0
6,10653,395.0
6,10667,395.0
6,10681,395.0
6,10699,395.0
6,10727,395.0
6,10755,396.0
6,10785,396.0
6,10803,396.0
6,10817,396.0
6,10831,396.0
6,10845,396.0
6,10847,396.0
6,10861,396.0
6,10879,396.0
6,10895,396.0
6,10923,396.0
6,10949,396.0
6,10975,396.0
6,11003,396.0
6,11029,396.0
6,11043,396.0
6,11045,396.0
6,11059,396.0
6,11089,396.0
6,11107,396.0
6,11109,396.0
6,11145,396.0
6,11171,396.0
6,11185,396.0
6,11187,396.0
6,11217,396.0
6,11231,396.0
6,11233,396.0
6,11259,396.0
6,11275,396.0
6,11289,396.0
6,11303,396.0
6,11305,396.0
6,11333,396.0
6,11359,396.0
6,11387,396.0
6,11403,396.0
6,11405,396.0
6,11407,396.0
6,11421,398.0
6,11447,399.0
6,11461,399.0
6,11493,399.0
6,11511,399.0
6,11525,399.0
6,11539,399.0
6,11567,401.0
6,11583,401.0
6,11613,401.0
6,11651,401.0
6,11665,401.0
6,11681,401.0
6,11711,401.0
6,11725,401.0
6,11751,401.0
6,11753,401.0
6,11769,401.0
6,11783,408.0
6,11797,408.0
6,11825,408.0
6,11841,408.0
6,11843,408.0
6,11845,408.0
6,11873,408.0
6,11899,408.0
6,11927,408.0
6,11955,408.0
6,11981,408.0
6,12013,408.0
6,12039,408.0
6,12053,408.0
6,12083,408.0
6,12105,408.0
6,12121,408.0
6,12123,408.0
6,12139,408.0
6,12165,408.0
6,12195,408.0
6,12209,408.0
6,12235,408.0
6,12265,408.0
6,12279,408.0
6,12309,408.0
6,12327,408.0
6,12353,408.0
6,12381,408.0
6,12407,408.0
6,12409,408.0
6,12435,408.0
6,12461,408.0
6,12475,408.0
6,12489,414.0
6,12503,414.0
6,12521,414.0
6,12535,414.0
6,12567,414.0
6,12569,414.0
6,12595,414.0
6,12609,414.0
6,12611,414.0
6,12613,414.0
6,12629,414.0
6,12655,414.0
6,12673,414.0
6,12699,414.0
6,12713,414.0
6,12727,414.0
6,12729,414.0
6,12731,414.0
6,12733,414.0
6,12759,414.0
6,12761,414.0
6,12787,414.0
6,12803,414.0
6,12805,414.0
6,12819,414.0
6,12849,414.0
6,12877,416.0
6,12891,416.0
6,12909,416.0
6,12939,416.0
6,12953,416.0
6,12967,416.0
6,12983,416.0
6,13013,416.0
6,13027,416.0
6,13041,417.0
6,13073,417.0
6,13089,417.0
6,13103,417.0
6,13117,417.0
6,13145,417.0
6,13159,417.0
6,13175,417.0
6,13189,417.0
6,13203,417.0
6,13217,417.0
6,13233,417.0
6,13235,417.0
6,13249,417.0
6,13263,417.0
6,13265,417.0
6,13295,417.0
6,13309,417.0
6,13323,417.0
6,13351,417.0
6,13365,417.0
6,13395,417.0
6,13427,417.0
6,13441,417.0
6,13473,417.0
6,13487,417.0
6,13501,417.0
6,13529,417.0
6,13543,417.0
6,13569,417.0
6,13601,417.0
6,13615,417.0
6,13629,417.0
6,13645,417.0
6,13677,417.0
6,13703,417.0
6,13719,417.0
6,13733,417.0
6,13761,417.0
6,13791,417.0
6,13819,417.0
6,13835,417.0
6,13851,422.0
6,13885,422.0
6,13887,422.0
6,13907,422.0
6,13933,422.0
6,13935,422.0
6,13961,422.0
6,13977,422.0
6,13979,422.0
6,14007,422.0
6,14035,422.0
6,14061,422.0
6,14087,422.0
6,14115,422.0
6,14141,422.0
6,14155,422.0
6,14169,422.0
6,14195,422.0
6,14221,422.0
6,14249,422.0
6,14265,422.0
6,14293,422.0
6,14309,422.0
6,14311,422.0
6,14337,422.0
6,14365,422.0
6,14381,422.0
6,14409,422.0
6,14411,422.0
6,14427,422.0
6,14455,422.0
6,14469,422.0
6,14497,422.0
6,14499,422.0
6,14513,422.0
6,14543,422.0
6,14557,422.0
6,14571,422.0
6,14587,422.0
6,14601,422.0
6,14603,422.0
6,14617,422.0
6,14631,422.0
6,14657,422.0
6,14659,422.0
6,14673,422.0
6,14675,422.0
6,14689,422.0
6,14717,422.0
6,14731,422.0
6,14749,422.0
6,14777,422.0
6,14791,425.0
6,14817,425.0
6,14819,425.0
6,14821,425.0
6,14847,425.0
6,14849,425.0
6,14865,425.0
6,14879,425.0
6,14893,425.0
6,14923,425.0
6,14925,425.0
6,14927,425.0
6,14941,425.0
6,14943,425.0
6,14971,425.0
6,15007,425.0
6,15033,425.0
6,15059,425.0
6,15089,425.0
6,15119,425.0
6,15121,425.0
6,15135,425.0
6,15149,425.0
6,15177,425.0
6,15191,425.0
6,15217,425.0
6,15245,425.0
6,15247,425.0
6,15261,425.0
6,15287,425.0
6,15301,425.0
6,15303,425.0
6,15329,425.0
6,15355,425.0
6,15383,425.0
6,15411,425.0
6,15425,425.0
6,15441,425.0
6,15443,425.0
6,15457,425.0
6,15485,425.0
6,15499,425.0
6,15525,425.0
6,15553,425.0
6,15581,425.0
6,15583,425.0
6,15613,425.0
6,15627,425.0
6,15641,425.0
6,15655,425.0
6,15671,425.0
6,15701,425.0
6,15731,425.0
6,15745,426.0
6,15759,426.0
6,15791,426.0
6,15823,426.0
6,15837,426.0
6,15851,426.0
6,15867,426.0
6,15883,426.0
6,15911,426.0
6,15925,426.0
6,15957,426.0
6,15985,426.0
6,15999,426.0
6,16015,426.0
6,16041,427.0
6,16055,427.0
6,16071,427.0
6,16099,427.0
6,16113,427.0
6,16143,427.0
6,16157,427.0
6,16185,427.0
6,16211,427.0
6,16227,427.0
6,16241,427.0
6,16243,427.0
6,16269,427.0
6,16295,427.0
6,16321,428.0
6,16351,428.0
6,16365,428.0
6,16391,428.0
6,16421,428.0
6,16451,428.0
6,16479,428.0
6,16509,428.0
6,16525,428.0
6,16541,428.0
6,16567,428.0
6,16569,428.0
6,16583,428.0
6,16599,428.0
6,16601,428.0
6,16629,428.0
6,16655,428.0
6,16683,428.0
6,16699,428.0
6,16715,428.0
6,16731,428.0
6,16759,428.0
6,16761,428.0
6,16777,428.0
6,16779,428.0
6,16805,428.0
6,16831,428.0
6,16845,428.0
6,16881,428.0
6,16895,428.0
6,16909,428.0
6,16937,428.0
6,16953,428.0
6,16967,428.0
6,16985,428.0
6,16999,428.0
6,17029,428.0
6,17059,428.0
6,17089,428.0
6,17107,428.0
6,17133,428.0
6,17161,428.0
6,17175,428.0
6,17189,428.0
6,17215,428.0
6,17229,428.0
6,17245,428.0
6,17277,428.0
6,17291,428.0
6,17319,428.0
6,17321,428.0
6,17339,428.0
6,17353,428.0
6,17355,428.0
6,17381,428.0
6,17395,428.0
6,17397,428.0
6,17411,428.0
6,17413,428.0
6,17429,428.0
6,17447,428.0
6,17461,428.0
6,17487,428.0
6,17513,428.0
6,17541,428.0
6,17555,428.0
6,17583,428.0
6,17599,428.0
6,17627,428.0
6,17653,428.0
6,17679,428.0
6,17705,428.0
6,17733,428.0
6,17763,428.0
6,17777,428.0
6,17779,428.0
6,17793,428.0
6,17819,428.0
6,17821,428.0
6,17835,428.0
6,17863,428.0
6,17879,428.0
6,17881,428.0
6,17911,428.0
6,17925,428.0
6,17951,428.0
6,17965,428.0
6,17993,428.0
6,18021,428.0
6,18047,428.0
6,18061,428.0
6,18063,428.0
6,18077,428.0
6,18079,428.0
6,18093,428.0
6,18109,428.0
6,18125,428.0
6,18139,428.0
6,18167,428.0
6,18181,428.0
6,18195,428.0
6,18197,428.0
6,18211,428.0
6,18229,428.0
6,18243,428.0
6,18245,428.0
6,18275,428.0
6,18303,428.0
6,18337,428.0
6,18351,428.0
6,18365,428.0
6,18393,428.0
6,18423,428.0
6,18451,428.0
6,18479,428.0
6,18497,428.0
6,18525,428.0
6,18539,430.0
6,18569,430.0
6,18599,430.0
6,18629,430.0
6,18643,430.0
6,18669,430.0
6,18671,430.0
6,18699,430.0
6,18701,430.0
6,18715,430.0
6,18741,430.0
6,18773,430.0
7,8816,328.0
7,8830,338.0
7,8846,338.0
7,8872,341.0
7,8898,341.0
7,8934,341.0
7,8960,341.0
7,8986,341.0
7,9000,341.0
7,9026,341.0
7,9044,341.0
7,9046,341.0
7,9064,341.0
7,9092,341.0
7,9106,346.0
7,9549,346.0
7,9551,346.0
7,9553,346.0
7,9579,346.0
7,9593,346.0
7,9619,346.0
7,9635,346.0
7,9663,346.0
7,9679,346.0
7,9681,346.0
7,9707,346.0
7,9725,346.0
7,9751,357.0
7,9765,369.0
7,9791,369.0
7,9793,369.0
7,9795,369.0
7,9809,369.0
7,9825,369.0
7,9839,369.0
7,9869,369.0
7,9883,369.0
7,9909,369.0
7,9935,369.0
7,9949,369.0
7,9963,369.0
7,9991,369.0
7,10017,369.0
7,10031,369.0
7,10057,369.0
7,10071,386.0
7,10085,386.0
7,10087,386.0
7,10101,386.0
7,10117,386.0
7,10133,386.0
7,10135,386.0
7,10161,386.0
7,10163,386.0
7,10191,386.0
7,10205,386.0
7,10221,386.0
7,10223,386.0
7,10239,386.0
7,10253,386.0
7,10269,386.0
7,10283,386.0
7,10313,386.0
7,10327,386.0
7,10355,386.0
7,10381,386.0
7,10409,386.0
7,10435,396.0
7,10461,396.0
7,10475,396.0
7,10505,396.0
7,10519,396.0
7,10547,396.0
7,10561,396.0
7,10563,396.0
7,10593,396.0
7,10623,396.0
7,10641,396.0
7,10643,396.0
7,10669,396.0
7,10701,396.0
7,10717,396.0
7,10735,396.0
7,10753,396.0
7,10781,396.0
7,10795,396.0
7,10821,396.0
7,10849,396.0
7,10863,396.0
7,10865,396.0
7,10879,396.0
7,10897,396.0
7,10925,396.0
7,10953,396.0
7,10971,396.0
7,11001,396.0
7,11031,401.0
7,11057,401.0
7,11087,401.0
7,11105,401.0
7,11119,401.0
7,11135,401.0
7,11165,401.0
7,11193,401.0
7,11211,401.0
7,11225,401.0
7,11239,401.0
7,11253,401.0
7,11255,401.0
7,11269,401.0
7,11295,401.0
7,11321,401.0
7,11347,401.0
7,11363,401.0
7,11379,401.0
7,11409,401.0
7,11437,401.0
7,11453,401.0
7,11467,401.0
7,11481,401.0
7,11511,401.0
7,11513,401.0
7,11539,401.0
7,11553,401.0
7,11583,401.0
7,11599,401.0
7,11629,401.0
7,11665,401.0
7,11693,404.0
7,11709,404.0
7,11729,404.0
7,11731,404.0
7,11761,404.0
7,11779,404.0
7,11795,404.0
7,11823,404.0
7,11853,406.0
7,11879,406.0
7,11907,406.0
7,11935,406.0
7,11937,406.0
7,11963,406.0
7,11989,411.0
7,12017,411.0
7,12019,411.0
7,12045,411.0
7,12047,411.0
7,12063,411.0
7,12089,411.0
7,12091,411.0
7,12127,411.0
7,12157,411.0
7,12171,411.0
7,12187,411.0
7,12189,411.0
7,12203,411.0
7,12219,411.0
7,12235,411.0
7,12249,411.0
7,12275,411.0
7,12301,411.0
7,12333,411.0
7,12347,411.0
7,12349,411.0
7,12363,411.0
7,12379,411.0
7,12381,411.0
7,12395,411.0
7,12409,411.0
7,12435,411.0
7,12463,413.0
7,12481,413.0
7,12495,413.0
7,12509,413.0
7,12523,413.0
7,12525,413.0
7,12551,413.0
7,12565,413.0
7,12579,413.0
7,12581,413.0
7,12607,413.0
7,12621,413.0
7,12647,414.0
7,12673,414.0
7,12699,414.0
7,12727,414.0
7,12729,414.0
7,12743,414.0
7,12757,414.0
7,12785,414.0
7,12787,414.0
7,12789,414.0
7,12805,414.0
7,12819,414.0
7,12847,414.0
7,12873,414.0
7,12889,414.0
7,12907,414.0
7,12933,414.0
7,12947,414.0
7,12961,414.0
7,12963,414.0
7,12977,414.0
7,12993,414.0
7,13009,414.0
7,13037,414.0
7,13051,414.0
7,13053,414.0
7,13067,415.0
7,13093,417.0
7,13119,417.0
7,13133,417.0
7,13135,417.0
7,13149,417.0
7,13167,417.0
7,13181,417.0
7,13195,417.0
7,13197,417.0
7,13199,417.0
7,13213,417.0
7,13239,417.0
7,13241,417.0
7,13257,417.0
7,13287,417.0
7,13301,417.0
7,13329,417.0
7,13355,417.0
7,13371,417.0
7,13387,417.0
7,13389,417.0
7,13403,417.0
7,13405,417.0
7,13435,417.0
7,13449,417.0
7,13477,417.0
7,13493,417.0
7,13495,417.0
7,13521,417.0
7,13549,417.0
7,13575,417.0
7,13589,417.0
7,13591,417.0
7,13605,417.0
7,13633,417.0
7,13647,417.0
7,13661,417.0
7,13689,417.0
7,13703,417.0
7,13721,417.0
7,13751,417.0
7,13781,417.0
7,13783,417.0
7,13785,417.0
7,13813,417.0
7,13839,417.0
7,13865,417.0
7,13893,417.0
7,13921,421.0
7,13949,421.0
7,13977,421.0
7,13991,421.0
7,14005,421.0
7,14033,421.0
7,14061,421.0
7,14087,421.0
7,14113,421.0
7,14141,421.0
7,14143,421.0
7,14157,421.0
7,14159,421.0
7,14173,421.0
7,14201,421.0
7,14217,421.0
7,14231,421.0
7,14249,421.0
7,14251,421.0
7,14267,421.0
7,14293,421.0
7,14323,421.0
7,14341,421.0
7,14367,421.0
7,14395,421.0
7,14425,421.0
7,14455,421.0
7,14483,421.0
7,14485,421.0
7,14515,421.0
7,14529,421.0
7,14531,421.0
7,14557,421.0
7,14579,421.0
7,14605,421.0
7,14631,421.0
7,14645,421.0
7,14647,421.0
7,14663,421.0
7,14677,426.0
7,14703,426.0
7,14731,426.0
7,14747,426.0
7,14773,426.0
7,14775,426.0
7,14789,426.0
7,14791,426.0
7,14819,426.0
7,14835,426.0
7,14861,426.0
7,14887,426.0
7,14901,426.0
7,14929,426.0
7,14931,426.0
7,14959,426.0
7,14973,426.0
7,14975,426.0
7,14977,426.0
7,14991,426.0
7,15005,426.0
7,15033,426.0
7,15059,426.0
7,15085,426.0
7,15099,426.0
7,15101,426.0
7,15103,426.0
7,15129,426.0
7,15145,426.0
7,15147,426.0
7,15161,426.0
7,15175,426.0
7,15191,426.0
7,15217,426.0
7,15231,426.0
7,15259,426.0
7,15275,426.0
7,15289,426.0
7,15305,426.0
7,15321,426.0
7,15335,426.0
7,15355,426.0
7,15381,426.0
7,15383,426.0
7,15401,426.0
7,15427,426.0
7,15443,426.0
7,15469,426.0
7,15487,426.0
7,15501,426.0
7,15531,426.0
7,15533,426.0
7,15547,426.0
7,15563,426.0
7,15579,426.0
7,15607,426.0
7,15625,426.0
7,15657,426.0
7,15659,426.0
7,15687,426.0
7,15705,426.0
7,15707,426.0
7,15733,426.0
7,15763,426.0
7,15777,426.0
7,15805,426.0
7,15831,426.0
7,15833,426.0
7,15835,426.0
7,15837,426.0
7,15839,426.0
7,15853,428.0
7,15855,428.0
7,15885,428.0
7,15899,428.0
7,15925,428.0
7,15939,428.0
7,15967,428.0
7,15993,428.0
7,16009,428.0
7,16041,428.0
7,16055,428.0
7,16069,428.0
7,16071,428.0
7,16099,428.0
7,16113,428.0
7,16143,428.0
7,16171,428.0
7,16185,428.0
7,16213,428.0
7,16241,428.0
7,16255,428.0
7,16269,428.0
7,16295,428.0
7,16325,428.0
7,16353,428.0
7,16369,428.0
7,16371,428.0
7,16385,428.0
7,16401,428.0
7,16419,428.0
7,16435,428.0
7,16449,428.0
7,16463,428.0
7,16465,428.0
7,16493,428.0
7,16519,428.0
7,16545,428.0
7,16559,428.0
7,16591,428.0
7,16617,428.0
7,16645,428.0
7,16671,428.0
7,16673,428.0
7,16687,428.0
7,16713,428.0
7,16715,428.0
7,16729,428.0
7,16759,428.0
7,16773,428.0
7,16799,428.0
7,16831,428.0
7,16863,428.0
7,16893,428.0
7,16923,428.0
7,16953,428.0
7,16973,428.0
7,17001,428.0
7,17015,428.0
7,17049,428.0
7,17075,428.0
7,17089,429.0
7,17105,429.0
7,17119,429.0
7,17147,429.0
7,17179,429.0
7,17181,429.0
7,17195,429.0
7,17225,429.0
7,17241,429.0
7,17255,429.0
7,17257,429.0
7,17287,429.0
7,17301,429.0
7,17333,429.0
7,17347,429.0
7,17349,429.0
7,17365,429.0
7,17391,429.0
7,17407,429.0
7,17435,429.0
7,17449,429.0
7,17475,429.0
7,17489,429.0
7,17505,429.0
7,17535,429.0
7,17561,429.0
7,17575,429.0
7,17593,429.0
7,17621,429.0
7,17623,429.0
7,17637,429.0
7,17639,429.0
7,17641,429.0
7,17655,429.0
7,17657,429.0
7,17687,429.0
7,17689,429.0
7,17691,429.0
7,17719,429.0
7,17733,429.0
7,17735,429.0
7,17749,429.0
7,17777,429.0
7,17791,429.0
7,17793,429.0
7,17813,429.0
7,17843,429.0
7,17863,429.0
7,17893,429.0
7,17895,429.0
7,17921,429.0
7,17947,429.0
7,17977,429.0
7,17995,429.0
7,18011,429.0
7,18025,429.0
7,18053,429.0
7,18085,429.0
7,18101,429.0
7,18127,429.0
7,18145,429.0
7,18159,429.0
7,18177,429.0
7,18193,429.0
7,18207,429.0
7,18233,429.0
7,18247,429.0
7,18275,429.0
7,18289,429.0
7,18307,429.0
7,18333,429.0
7,18347,429.0
7,18361,429.0
7,18393,429.0
7,18421,429.0
7,18423,429.0
7,18425,429.0
7,18451,429.0
7,18465,429.0
7,18493,429.0
7,18519,429.0
7,18533,429.0
7,18563,429.0
7,18577,429.0
7,18591,429.0
7,18605,429.0
7,18619,429.0
7,18633,430.0
7,18647,430.0
7,18649,430.0
7,18663,430.0
7,18665,430.0
7,18691,430.0
7,18707,430.0
7,18735,430.0
7,18761,430.0
7,18787,430.0
7,18803,430.0
8,8976,296.0
8,9008,296.0
8,9491,309.0
8,9505,309.0
8,9519,309.0
8,9547,316.0
8,9561,316.0
8,9591,316.0
8,9605,316.0
8,9635,316.0
8,9649,318.0
8,9663,341.0
8,9665,341.0
8,9693,341.0
8,9709,341.0
8,9723,341.0
8,9741,341.0
8,9755,341.0
8,9785,341.0
8,9799,341.0
8,9827,341.0
8,9853,341.0
8,9881,341.0
8,9911,341.0
8,9927,341.0
8,9943,341.0
8,9957,352.0
8,9971,352.0
8,9997,352.0
8,10013,352.0
8,10031,352.0
8,10045,352.0
8,10059,352.0
8,10061,352.0
8,10075,352.0
8,10107,352.0
8,10123,352.0
8,10153,352.0
8,10155,352.0
8,10187,352.0
8,10201,352.0
8,10215,352.0
8,10217,352.0
8,10219,352.0
8,10221,359.0
8,10223,359.0
8,10251,359.0
8,10267,359.0
8,10295,359.0
8,10311,359.0
8,10325,359.0
8,10327,359.0
8,10357,366.0
8,10371,366.0
8,10397,372.0
8,10415,372.0
8,10429,372.0
8,10445,372.0
8,10473,372.0
8,10487,372.0
8,10501,372.0
8,10515,372.0
8,10529,381.0
8,10543,381.0
8,10557,381.0
8,10571,381.0
8,10599,381.0
8,10601,381.0
8,10617,381.0
8,10647,381.0
8,10677,381.0
8,10709,381.0
8,10725,381.0
8,10751,382.0
8,10777,389.0
8,10807,389.0
8,10809,389.0
8,10811,389.0
8,10839,389.0
8,10865,389.0
8,10881,389.0
8,10895,389.0
8,10909,389.0
8,10937,389.0
8,10965,389.0
8,10991,391.0
8,11005,391.0
8,11035,391.0
8,11065,391.0
8,11067,391.0
8,11081,391.0
8,11109,391.0
8,11137,391.0
8,11139,391.0
8,11141,391.0
8,11143,391.0
8,11169,391.0
8,11199,391.0
8,11213,391.0
8,11241,391.0
8,11271,391.0
8,11285,391.0
8,11301,391.0
8,11315,391.0
8,11343,391.0
8,11359,391.0
8,11385,394.0
8,11413,396.0
8,11441,396.0
8,11455,396.0
8,11457,396.0
8,11471,396.0
8,11497,396.0
8,11499,396.0
8,11515,396.0
8,11529,412.0
8,11543,412.0
8,11557,412.0
8,11573,412.0
8,11589,412.0
8,11603,412.0
8,11633,412.0
8,11649,412.0
8,11677,412.0
8,11707,412.0
8,11723,412.0
8,11751,412.0
8,11779,412.0
8,11795,412.0
8,11809,412.0
8,11811,412.0
8,11827,412.0
8,11829,412.0
8,11857,412.0
8,11885,412.0
8,11911,412.0
8,11925,412.0
8,11953,412.0
8,11955,412.0
8,11983,412.0
8,12011,412.0
8,12039,412.0
8,12053,412.0
8,12067,412.0
8,12081,412.0
8,12095,412.0
8,12121,412.0
8,12135,412.0
8,12151,412.0
8,12165,412.0
8,12181,412.0
8,12195,412.0
8,12211,412.0
8,12213,412.0
8,12229,412.0
8,12243,412.0
8,12259,412.0
8,12273,412.0
8,12289,412.0
8,12317,412.0
8,12347,412.0
8,12361,412.0
8,12389,412.0
8,12391,412.0
8,12405,412.0
8,12419,412.0
8,12449,412.0
8,12475,412.0
8,12501,412.0
8,12521,412.0
8,12549,412.0
8,12563,412.0
8,12593,412.0
8,12595,412.0
8,12623,412.0
8,12653,412.0
8,12679,412.0
8,12705,412.0
8,12719,412.0
8,12747,412.0
8,12761,412.0
8,12787,416.0
8,12801,416.0
8,12803,416.0
8,12817,416.0
8,12845,416.0
8,12859,416.0
8,12875,416.0
8,12905,416.0
8,12933,416.0
8,12959,416.0
8,12973,416.0
8,12975,416.0
8,13003,416.0
8,13039,416.0
8,13053,416.0
8,13067,416.0
8,13093,416.0
8,13107,416.0
8,13133,416.0
8,13153,416.0
8,13169,416.0
8,13185,416.0
8,13187,416.0
8,13217,416.0
8,13233,416.0
8,13247,416.0
8,13277,416.0
8,13291,416.0
8,13307,416.0
8,13321,416.0
8,13347,416.0
8,13361,416.0
8,13375,416.0
8,13377,416.0
8,13393,416.0
8,13407,416.0
8,13423,416.0
8,13425,416.0
8,13453,416.0
8,13469,416.0
8,13485,416.0
8,13501,416.0
8,13503,416.0
8,13529,416.0
8,13543,416.0
8,13559,416.0
8,13585,420.0
8,13611,420.0
8,13613,420.0
8,13615,420.0
8,13629,420.0
8,13659,420.0
8,13689,420.0
8,13717,420.0
8,13745,420.0
8,13747,420.0
8,13761,420.0
8,13775,420.0
8,13803,420.0
8,13817,420.0
8,13845,420.0
8,13847,420.0
8,13865,420.0
8,13879,420.0
8,13899,420.0
8,13927,420.0
8,13957,420.0
8,13983,420.0
8,14015,420.0
8,14041,420.0
8,14043,420.0
8,14071,420.0
8,14085,420.0
8,14087,420.0
8,14101,420.0
8,14117,420.0
8,14133,420.0
8,14147,420.0
8,14161,420.0
8,14177,420.0
8,14193,420.0
8,14221,420.0
8,14235,420.0
8,14249,420.0
8,14275,420.0
8,14291,420.0
8,14305,420.0
8,14321,420.0
8,14347,420.0
8,14361,420.0
8,14377,420.0
8,14391,420.0
8,14393,420.0
8,14419,420.0
8,14421,420.0
8,14447,420.0
8,14461,424.0
8,14487,424.0
8,14515,424.0
8,14545,424.0
8,14575,424.0
8,14589,424.0
8,14591,424.0
8,14605,424.0
8,14607,424.0
8,14637,424.0
8,14663,424.0
8,14689,424.0
8,14715,424.0
8,14731,424.0
8,14757,424.0
8,14773,424.0
8,14799,424.0
8,14813,424.0
8,14831,424.0
8,14847,424.0
8,14873,424.0
8,14887,424.0
8,14903,424.0
8,14917,424.0
8,14931,424.0
8,14947,424.0
8,14973,424.0
8,14975,424.0
8,15001,424.0
8,15003,424.0
8,15017,424.0
8,15031,424.0
8,15059,424.0
8,15075,424.0
8,15101,424.0
8,15103,424.0
8,15131,424.0
8,15159,424.0
8,15175,424.0
8,15189,424.0
8,15203,424.0
8,15229,424.0
8,15243,424.0
8,15269,424.0
8,15285,424.0
8,15311,424.0
8,15313,424.0
8,15341,424.0
8,15361,424.0
8,15363,424.0
8,15389,424.0
8,15421,424.0
8,15435,424.0
8,15437,424.0
8,15451,424.0
8,15453,424.0
8,15481,424.0
8,15497,424.0
8,15525,424.0
8,15551,424.0
8,15565,424.0
8,15579,424.0
8,15581,424.0
8,15597,424.0
8,15613,424.0
8,15641,424.0
8,15657,424.0
8,15659,424.0
8,15673,424.0
8,15703,424.0
8,15729,424.0
8,15745,424.0
8,15759,424.0
8,15775,424.0
8,15791,424.0
8,15817,424.0
8,15819,424.0
8,15845,424.0
8,15871,424.0
8,15887,424.0
8,15915,424.0
8,15931,424.0
8,15947,424.0
8,15961,424.0
8,15977,424.0
8,15979,424.0
8,15993,424.0
8,16025,424.0
8,16053,424.0
8,16055,424.0
8,16069,424.0
8,16083,424.0
8,16101,424.0
8,16115,426.0
8,16129,426.0
8,16131,426.0
8,16133,426.0
8,16151,426.0
8,16153,426.0
8,16167,426.0
8,16181,426.0
8,16195,426.0
8,16211,426.0
8,16239,426.0
8,16271,426.0
8,16299,426.0
8,16325,426.0
8,16353,426.0
8,16383,426.0
8,16385,426.0
8,16415,426.0
8,16443,426.0
8,16457,426.0
8,16471,426.0
8,16489,426.0
8,16503,426.0
8,16521,426.0
8,16535,426.0
8,16549,426.0
8,16563,426.0
8,16579,426.0
8,16595,426.0
8,16609,426.0
8,16625,426.0
8,16639,426.0
8,16655,426.0
8,16683,426.0
8,16697,426.0
8,16711,426.0
8,16725,426.0
8,16745,426.0
8,16761,426.0
8,16763,426.0
8,16793,426.0
8,16809,426.0
8,16823,426.0
8,16849,426.0
8,16863,426.0
8,16877,426.0
8,16891,426.0
8,16917,426.0
8,16919,426.0
8,16947,426.0
8,16961,426.0
8,16975,426.0
8,16991,426.0
8,17017,426.0
8,17043,426.0
8,17057,426.0
8,17073,426.0
8,17087,426.0
8,17101,426.0
8,17115,426.0
8,17141,426.0
8,17155,426.0
8,17169,426.0
8,17195,426.0
8,17197,426.0
8,17229,426.0
8,17255,426.0
8,17269,426.0
8,17297,426.0
8,17315,426.0
8,17329,426.0
8,17331,426.0
8,17347,426.0
8,17377,426.0
8,17395,426.0
8,17421,426.0
8,17437,426.0
8,17465,426.0
8,17479,426.0
8,17481,426.0
8,17495,426.0
8,17497,426.0
8,17513,426.0
8,17539,426.0
8,17569,426.0
8,17597,426.0
8,17623,426.0
8,17637,428.0
8,17669,428.0
8,17685,428.0
8,17699,428.0
8,17713,428.0
8,17727,428.0
8,17755,428.0
8,17783,428.0
8,17799,428.0
8,17813,428.0
8,17827,428.0
8,17841,428.0
8,17855,428.0
8,17885,428.0
8,17911,428.0
8,17927,428.0
8,17953,428.0
8,17967,428.0
8,17997,428.0
8,17999,428.0
8,18013,428.0
8,18029,428.0
8,18043,428.0
8,18069,428.0
8,18083,428.0
8,18085,428.0
8,18101,428.0
8,18127,428.0
8,18155,428.0
8,18169,428.0
8,18183,428.0
8,18197,428.0
8,18213,428.0
8,18243,428.0
8,18257,428.0
8,18283,428.0
8,18297,428.0
8,18311,428.0
8,18313,428.0
8,18327,428.0
8,18329,428.0
8,18361,428.0
8,18377,428.0
8,18391,428.0
8,18417,428.0
8,18431,428.0
8,18461,428.0
8,18479,428.0
8,18507,428.0
8,18523,428.0
8,18551,428.0
8,18577,428.0
8,18593,428.0
8,18609,428.0
8,18633,428.0
8,18661,428.0
8,18679,428.0
8,18705,428.0
8,18733,428.0
8,18759,428.0
8,18761,428.0
8,18763,428.0
8,18777,428.0
8,18793,428.0
8,18809,428.0
8,18825,428.0
8,18839,428.0
8,18865,428.0
8,18881,428.0
8,18909,428.0
8,18923,428.0
8,18949,428.0
8,18963,428.0
9,8704,335.0
9,9149,335.0
9,9169,335.0
9,9201,335.0
9,9221,335.0
9,9237,335.0
9,9263,335.0
9,9265,335.0
9,9279,335.0
9,9293,346.0
9,9309,346.0
9,9325,346.0
9,9341,346.0
9,9355,346.0
9,9357,346.0
9,9375,346.0
9,9391,346.0
9,9407,346.0
9,9439,346.0
9,9469,346.0
9,9483,370.0
9,9509,370.0
9,9523,370.0
9,9537,370.0
9,9539,370.0
9,9541,370.0
9,9555,370.0
9,9569,370.0
9,9583,370.0
9,9611,370.0
9,9613,370.0
9,9639,370.0
9,9655,370.0
9,9657,370.0
9,9671,370.0
9,9697,376.0
9,9711,376.0
9,9741,376.0
9,9755,376.0
9,9785,376.0
9,9811,376.0
9,9827,376.0
9,9829,376.0
9,9859,376.0
9,9861,376.0
9,9863,376.0
9,9877,376.0
9,9903,376.0
9,9917,378.0
9,9931,378.0
9,9945,378.0
9,9959,378.0
9,9989,378.0
9,10003,378.0
9,10035,378.0
9,10061,378.0
9,10075,378.0
9,10107,378.0
9,10109,378.0
9,10125,378.0
9,10153,378.0
9,10167,378.0
9,10195,378.0
9,10221,378.0
9,10249,378.0
9,10265,378.0
9,10279,385.0
9,10307,385.0
9,10333,385.0
9,10349,385.0
9,10351,385.0
9,10353,385.0
9,10367,385.0
9,10381,385.0
9,10407,385.0
9,10421,385.0
9,10423,385.0
9,10425,385.0
9,10451,388.0
9,10477,394.0
9,10491,394.0
9,10519,394.0
9,10533,394.0
9,10549,394.0
9,10563,394.0
9,10577,394.0
9,10609,394.0
9,10639,394.0
9,10665,394.0
9,10679,394.0
9,10693,394.0
9,10707,394.0
9,10723,394.0
9,10725,394.0
9,10751,398.0
9,10765,398.0
9,10799,398.0
9,10801,398.0
9,10815,398.0
9,10843,398.0
9,10871,398.0
9,10885,398.0
9,10899,398.0
9,10901,398.0
9,10903,398.0
9,10931,398.0
9,10945,398.0
9,10971,400.0
9,11001,400.0
9,11019,400.0
9,11021,400.0
9,11039,400.0
9,11041,400.0
9,11061,400.0
9,11063,400.0
9,11091,400.0
9,11105,400.0
9,11119,400.0
9,11145,400.0
9,11161,400.0
9,11175,400.0
9,11177,400.0
9,11193,400.0
9,11207,403.0
9,11209,403.0
9,11231,403.0
9,11245,403.0
9,11273,403.0
9,11287,403.0
9,11303,403.0
9,11331,403.0
9,11357,403.0
9,11371,405.0
9,11399,405.0
9,11417,405.0
9,11445,405.0
9,11459,405.0
9,11461,405.0
9,11489,405.0
9,11503,405.0
9,11517,405.0
9,11543,405.0
9,11573,405.0
9,11601,405.0
9,11629,405.0
9,11631,405.0
9,11645,405.0
9,11659,409.0
9,11661,409.0
9,11687,409.0
9,11715,409.0
9,11741,409.0
9,11759,409.0
9,11761,409.0
9,11775,412.0
9,11801,412.0
9,11815,412.0
9,11841,412.0
9,11871,412.0
9,11873,412.0
9,11889,412.0
9,11905,412.0
9,11931,412.0
9,11945,412.0
9,11961,412.0
9,11987,412.0
9,12005,412.0
9,12035,412.0
9,12049,412.0
9,12077,412.0
9,12079,412.0
9,12105,412.0
9,12141,412.0
9,12157,412.0
9,12175,412.0
9,12189,412.0
9,12207,412.0
9,12241,412.0
9,12255,412.0
9,12257,412.0
9,12271,412.0
9,12297,415.0
9,12311,415.0
9,12313,415.0
9,12329,415.0
9,12357,415.0
9,12359,415.0
9,12361,415.0
9,12387,415.0
9,12389,415.0
9,12403,415.0
9,12419,415.0
9,12447,419.0
9,12461,419.0
9,12493,419.0
9,12507,419.0
9,12509,419.0
9,12535,419.0
9,12563,419.0
9,12565,419.0
9,12579,419.0
9,12605,423.0
9,12619,423.0
9,12649,423.0
9,12665,423.0
9,12679,423.0
9,12693,423.0
9,12707,423.0
9,12737,423.0
9,12739,423.0
9,12741,423.0
9,12769,423.0
9,12797,423.0
9,12825,423.0
9,12841,423.0
9,12871,423.0
9,12899,423.0
9,12913,423.0
9,12943,423.0
9,12971,423.0
9,12987,423.0
9,13005,423.0
9,13019,423.0
9,13033,423.0
9,13047,423.0
9,13049,423.0
9,13063,423.0
9,13077,423.0
9,13107,423.0
9,13139,423.0
9,13141,423.0
9,13155,423.0
9,13183,423.0
9,13197,423.0
9,13199,423.0
9,13213,423.0
9,13233,423.0
9,13247,423.0
9,13263,423.0
9,13277,423.0
9,13291,423.0
9,13307,423.0
9,13309,423.0
9,13337,423.0
9,13367,423.0
9,13383,423.0
9,13411,423.0
9,13441,423.0
9,13469,423.0
9,13485,423.0
9,13517,423.0
9,13545,423.0
9,13571,423.0
9,13597,423.0
9,13611,423.0
9,13625,423.0
9,13653,423.0
9,13669,423.0
9,13699,423.0
9,13717,423.0
9,13731,423.0
9,13745,423.0
9,13771,423.0
9,13773,423.0
9,13803,423.0
9,13817,423.0
9,13843,423.0
9,13845,423.0
9,13859,423.0
9,13861,423.0
9,13875,423.0
9,13889,423.0
9,13905,423.0
9,13919,426.0
9,13933,426.0
9,13947,426.0
9,13973,426.0
9,13987,426.0
9,14001,426.0
9,14015,426.0
9,14029,426.0
9,14057,426.0
9,14089,426.0
9,14103,426.0
9,14133,426.0
9,14147,426.0
9,14175,426.0
9,14189,426.0
9,14203,426.0
9,14233,426.0
9,14265,426.0
9,14293,426.0
9,14321,426.0
9,14335,426.0
9,14337,426.0
9,14351,426.0
9,14365,426.0
9,14391,426.0
9,14407,426.0
9,14433,426.0
9,14435,426.0
9,14449,426.0
9,14477,426.0
9,14479,426.0
9,14481,426.0
9,14483,426.0
9,14485,426.0
9,14515,426.0
9,14529,426.0
9,14547,426.0
9,14561,426.0
9,14575,426.0
9,14591,426.0
9,14617,426.0
9,14631,426.0
9,14659,426.0
9,14687,426.0
9,14713,426.0
9,14745,426.0
9,14759,426.0
9,14761,426.0
9,14789,426.0
9,14803,426.0
9,14833,426.0
9,14835,426.0
9,14865,426.0
9,14879,426.0
9,14915,426.0
9,14929,426.0
9,14957,426.0
9,14971,426.0
9,14997,426.0
9,15023,426.0
9,15025,426.0
9,15051,426.0
9,15081,426.0
9,15107,426.0
9,15123,426.0
9,15151,426.0
9,15167,426.0
9,15183,426.0
9,15199,426.0
9,15215,426.0
9,15245,426.0
9,15277,426.0
9,15279,426.0
9,15293,426.0
9,15307,426.0
9,15325,426.0
9,15353,426.0
9,15355,426.0
9,15369,426.0
9,15383,426.0
9,15399,426.0
9,15429,426.0
9,15443,426.0
9,15471,426.0
9,15485,426.0
9,15501,426.0
9,15515,426.0
9,15541,426.0
9,15579,426.0
9,15581,426.0
9,15595,426.0
9,15621,426.0
9,15649,426.0
9,15651,426.0
9,15677,426.0
9,15691,426.0
9,15719,426.0
9,15745,426.0
9,15759,426.0
9,15775,426.0
9,15805,426.0
9,15831,426.0
9,15845,426.0
9,15863,426.0
9,15889,426.0
9,15891,426.0
9,15911,426.0
9,15927,426.0
9,15941,426.0
9,15967,426.0
9,15997,426.0
9,16013,426.0
9,16043,426.0
9,16073,426.0
9,16075,426.0
9,16103,426.0
9,16105,426.0
9,16135,426.0
9,16149,426.0
9,16163,426.0
9,16177,426.0
9,16193,426.0
9,16223,426.0
9,16251,426.0
9,16267,426.0
9,16269,426.0
9,16283,426.0
9,16285,426.0
9,16299,426.0
9,16315,426.0
9,16341,426.0
9,16343,426.0
9,16345,426.0
9,16359,426.0
9,16385,426.0
9,16411,426.0
9,16439,426.0
9,16469,426.0
9,16487,426.0
9,16501,426.0
9,16503,426.0
9,16531,426.0
9,16533,426.0
9,16547,426.0
9,16549,426.0
9,16563,426.0
9,16591,426.0
9,16621,426.0
9,16623,426.0
9,16625,426.0
9,16639,426.0
9,16659,426.0
9,16689,426.0
9,16703,426.0
9,16733,426.0
9,16759,426.0
9,16775,426.0
9,16805,426.0
9,16807,426.0
9,16837,426.0
9,16851,426.0
9,16879,426.0
9,16881,426.0
9,16909,426.0
9,16925,426.0
9,16939,426.0
9,16953,426.0
9,16979,426.0
9,17007,426.0
9,17021,426.0
9,17023,426.0
9,17025,426.0
9,17039,426.0
9,17067,426.0
9,17081,426.0
9,17095,426.0
9,17109,426.0
9,17111,426.0
9,17127,426.0
9,17143,426.0
9,17157,426.0
9,17159,426.0
9,17173,426.0
9,17187,426.0
9,17203,426.0
9,17217,426.0
9,17219,426.0
9,17233,426.0
9,17259,426.0
9,17285,426.0
9,17287,426.0
9,17301,426.0
9,17321,426.0
9,17323,426.0
9,17343,426.0
9,17361,426.0
9,17375,426.0
9,17405,426.0
9,17433,426.0
9,17447,426.0
9,17463,426.0
9,17477,426.0
9,17495,426.0
9,17511,426.0
9,17527,426.0
9,17541,426.0
9,17569,426.0
9,17583,426.0
9,17613,426.0
9,17615,426.0
9,17629,426.0
9,17655,426.0
9,17671,426.0
9,17687,426.0
9,17703,426.0
9,17731,426.0
9,17749,426.0
9,17777,426.0
9,17779,426.0
9,17781,426.0
9,17807,426.0
9,17809,426.0
9,17823,426.0
9,17825,426.0
9,17841,426.0
9,17857,426.0
9,17873,426.0
9,17887,426.0
9,17915,426.0
9,17947,426.0
9,17975,426.0
9,17977,426.0
9,18005,426.0
9,18019,426.0
9,18047,426.0
9,18065,426.0
9,18081,426.0
9,18097,426.0
9,18127,426.0
9,18145,426.0
9,18173,427.0
9,18187,427.0
9,18189,427.0
9,18217,427.0
9,18231,427.0
9,18263,427.0
9,18277,427.0
9,18291,427.0
9,18305,427.0
9,18307,427.0
9,18333,427.0
9,18335,427.0
9,18349,427.0
9,18363,427.0
9,18391,427.0
9,18405,427.0
9,18419,427.0
9,18421,427.0
9,18439,427.0
9,18453,427.0
9,18455,427.0
9,18471,427.0
9,18501,427.0
9,18503,427.0
9,18535,427.0
9,18551,427.0
9,18567,427.0
9,18583,427.0
9,18585,427.0
9,18587,427.0
9,18603,427.0
9,18629,427.0
9,18643,427.0
9,18657,427.0
9,18685,427.0
10,9072,297.0
10,9100,303.0
10,9128,320.0
10,9154,320.0
10,9156,320.0
10,9182,320.0
10,9196,320.0
10,9212,320.0
10,9228,320.0
10,9230,320.0
10,9260,320.0
10,9276,320.0
10,9302,344.0
10,9328,344.0
10,9342,344.0
10,9356,344.0
10,9374,356.0
10,9376,356.0
10,9378,356.0
10,9380,356.0
10,9394,356.0
10,9865,356.0
10,9867,356.0
10,9883,356.0
10,9913,356.0
10,9915,356.0
10,9943,356.0
10,9971,356.0
10,9985,356.0
10,9999,356.0
10,10001,356.0
10,10003,356.0
10,10029,375.0
10,10043,375.0
10,10069,375.0
10,10083,375.0
10,10097,375.0
10,10123,375.0
10,10137,375.0
10,10165,375.0
10,10179,375.0
10,10193,375.0
10,10221,375.0
10,10235,375.0
10,10261,375.0
10,10275,375.0
10,10289,375.0
10,10303,375.0
10,10331,386.0
10,10359,386.0
10,10375,386.0
10,10389,386.0
10,10403,386.0
10,10417,386.0
10,10431,386.0
10,10457,386.0
10,10471,386.0
10,10473,386.0
10,10499,386.0
10,10513,386.0
10,10539,388.0
10,10541,388.0
10,10571,404.0
10,10589,404.0
10,10605,404.0
10,10619,404.0
10,10621,404.0
10,10635,404.0
10,10637,404.0
10,10665,404.0
10,10695,404.0
10,10697,404.0
10,10713,404.0
10,10729,404.0
10,10745,404.0
10,10775,404.0
10,10789,404.0
10,10805,404.0
10,10825,404.0
10,10857,404.0
10,10859,404.0
10,10861,404.0
10,10889,404.0
10,10903,404.0
10,10905,404.0
10,10931,404.0
10,10959,405.0
10,10979,405.0
10,11007,405.0
10,11023,405.0
10,11037,405.0
10,11051,405.0
10,11065,405.0
10,11079,405.0
10,11093,408.0
10,11123,408.0
10,11149,408.0
10,11163,408.0
10,11199,408.0
10,11213,408.0
10,11227,408.0
10,11241,408.0
10,11255,408.0
10,11285,408.0
10,11301,408.0
10,11333,408.0
10,11347,408.0
10,11375,408.0
10,11393,408.0
10,11409,408.0
10,11435,408.0
10,11449,408.0
10,11465,408.0
10,11493,408.0
10,11521,408.0
10,11541,408.0
10,11543,408.0
10,11573,408.0
10,11605,408.0
10,11607,408.0
10,11609,408.0
10,11635,408.0
10,11665,408.0
10,11679,408.0
10,11705,408.0
10,11731,408.0
10,11765,408.0
10,11791,408.0
10,11807,408.0
10,11835,408.0
10,11849,408.0
10,11863,408.0
10,11889,408.0
10,11907,408.0
10,11923,408.0
10,11953,408.0
10,11981,408.0
10,11983,408.0
10,11997,408.0
10,12029,408.0
10,12031,408.0
10,12059,408.0
10,12061,408.0
10,12087,408.0
10,12103,408.0
10,12129,408.0
10,12131,408.0
10,12145,408.0
10,12175,408.0
10,12189,408.0
10,12207,408.0
10,12221,408.0
10,12251,411.0
10,12265,411.0
10,12291,411.0
10,12305,411.0
10,12331,411.0
10,12357,411.0
10,12371,411.0
10,12385,411.0
10,12387,411.0
10,12415,411.0
10,12431,411.0
10,12451,411.0
10,12465,411.0
10,12479,411.0
10,12505,414.0
10,12521,414.0
10,12535,414.0
10,12561,414.0
10,12591,414.0
10,12619,414.0
10,12635,414.0
10,12637,414.0
10,12667,414.0
10,12683,414.0
10,12685,414.0
10,12699,414.0
10,12701,414.0
10,12731,414.0
10,12759,414.0
10,12761,414.0
10,12787,414.0
10,12801,414.0
10,12803,414.0
10,12837,414.0
10,12839,414.0
10,12875,414.0
10,12891,414.0
10,12909,414.0
10,12935,414.0
10,12937,414.0
10,12955,414.0
10,12969,414.0
10,12983,414.0
10,13001,414.0
10,13017,414.0
10,13031,414.0
10,13059,414.0
10,13073,414.0
10,13103,414.0
10,13123,414.0
10,13139,414.0
10,13153,414.0
10,13171,414.0
10,13185,414.0
10,13187,414.0
10,13213,414.0
10,13241,414.0
10,13269,414.0
10,13295,414.0
10,13323,414.0
10,13355,414.0
10,13369,414.0
10,13395,414.0
10,13409,414.0
10,13423,414.0
10,13425,414.0
10,13441,414.0
10,13455,414.0
10,13457,414.0
10,13471,414.0
10,13473,414.0
10,13499,414.0
10,13513,414.0
10,13529,414.0
10,13557,414.0
10,13583,414.0
10,13613,414.0
10,13629,414.0
10,13661,414.0
10,13691,414.0
10,13693,414.0
10,13719,414.0
10,13721,414.0
10,13749,414.0
10,13777,414.0
10,13793,414.0
10,13807,414.0
10,13823,414.0
10,13837,414.0
10,13851,414.0
10,13877,414.0
10,13879,414.0
10,13895,414.0
10,13921,414.0
10,13937,414.0
10,13939,414.0
10,13953,414.0
10,13973,414.0
10,13987,414.0
10,14001,419.0
10,14017,419.0
10,14045,419.0
10,14071,419.0
10,14099,419.0
10,14125,419.0
10,14139,419.0
10,14153,419.0
10,14155,419.0
10,14171,419.0
10,14197,419.0
10,14213,419.0
10,14243,419.0
10,14257,419.0
10,14259,419.0
10,14273,419.0
10,14301,419.0
10,14315,419.0
10,14329,419.0
10,14357,419.0
10,14371,419.0
10,14385,419.0
10,14399,419.0
10,14429,419.0
10,14431,419.0
10,14433,419.0
10,14435,419.0
10,14449,419.0
10,14467,419.0
10,14483,419.0
10,14497,419.0
10,14515,419.0
10,14543,419.0
10,14569,419.0
10,14595,419.0
10,14621,421.0
10,14623,421.0
10,14625,421.0
10,14653,421.0
10,14679,421.0
10,14693,421.0
10,14723,421.0
10,14737,421.0
10,14739,421.0
10,14769,421.0
10,14795,421.0
10,14797,421.0
10,14811,421.0
10,14825,421.0
10,14827,421.0
10,14841,421.0
10,14861,421.0
10,14887,421.0
10,14889,421.0
10,14891,421.0
10,14909,421.0
10,14923,421.0
10,14939,421.0
10,14941,421.0
10,14955,421.0
10,14981,421.0
10,14995,421.0
10,15009,421.0
10,15027,421.0
10,15053,421.0
10,15055,421.0
10,15081,421.0
10,15095,424.0
10,15109,424.0
10,15111,424.0
10,15139,424.0
10,15167,424.0
10,15181,424.0
10,15209,424.0
10,15239,424.0
10,15267,424.0
10,15295,424.0
10,15325,424.0
10,15339,424.0
10,15365,424.0
10,15379,424.0
10,15405,424.0
10,15419,424.0
10,15437,424.0
10,15467,424.0
10,15483,424.0
10,15515,424.0
10,15535,424.0
10,15563,424.0
10,15577,424.0
10,15605,424.0
10,15633,424.0
10,15647,424.0
10,15661,424.0
10,15677,424.0
10,15691,424.0
10,15707,424.0
10,15737,424.0
10,15769,424.0
10,15783,424.0
10,15803,424.0
10,15835,424.0
10,15855,424.0
10,15869,424.0
10,15883,424.0
10,15885,424.0
10,15917,424.0
10,15931,424.0
10,15957,424.0
10,15959,424.0
10,15985,424.0
10,16011,424.0
10,16041,424.0
10,16069,424.0
10,16083,424.0
10,16113,424.0
10,16127,424.0
10,16149,424.0
10,16177,424.0
10,16179,424.0
10,16181,424.0
10,16211,424.0
10,16227,424.0
10,16259,424.0
10,16287,424.0
10,16315,424.0
10,16345,424.0
10,16347,424.0
10,16363,424.0
10,16377,424.0
10,16407,424.0
10,16439,424.0
10,16453,424.0
10,16469,424.0
10,16485,424.0
10,16499,424.0
10,16515,424.0
10,16541,424.0
10,16543,424.0
10,16545,424.0
10,16547,424.0
10,16575,424.0
10,16589,424.0
10,16617,424.0
10,16633,424.0
10,16665,424.0
10,16693,430.0
10,16721,430.0
10,16737,430.0
10,16739,430.0
10,16767,430.0
10,16781,430.0
10,16795,430.0
10,16825,430.0
10,16827,430.0
10,16829,430.0
10,16843,430.0
10,16871,430.0
10,16897,430.0
10,16927,430.0
10,16955,430.0
10,16957,430.0
10,16985,430.0
10,16999,430.0
10,17025,430.0
10,17053,430.0
10,17055,430.0
10,17057,430.0
10,17071,430.0
10,17101,430.0
10,17131,430.0
10,17147,430.0
10,17163,430.0
10,17193,430.0
10,17219,430.0
10,17233,430.0
10,17247,430.0
10,17261,430.0
10,17277,430.0
10,17279,430.0
10,17293,430.0
10,17295,430.0
10,17311,430.0
10,17313,430.0
10,17327,430.0
10,17353,430.0
10,17371,430.0
10,17399,430.0
10,17413,430.0
10,17447,430.0
10,17475,430.0
10,17491,430.0
10,17505,430.0
10,17507,430.0
10,17533,430.0
10,17551,430.0
10,17567,430.0
10,17599,430.0
10,17627,430.0
10,17645,430.0
10,17659,430.0
10,17673,430.0
10,17701,430.0
10,17715,430.0
10,17717,430.0
10,17731,430.0
10,17759,430.0
10,17761,430.0
10,17779,430.0
10,17811,430.0
10,17841,430.0
10,17855,430.0
10,17869,430.0
10,17883,430.0
10,17897,430.0
10,17925,430.0
10,17951,430.0
10,17965,430.0
10,17979,430.0
10,17997,430.0
10,18011,430.0
10,18025,430.0
10,18027,430.0
10,18029,430.0
10,18043,430.0
10,18045,430.0
10,18047,430.0
10,18061,430.0
10,18079,430.0
10,18107,430.0
10,18125,430.0
10,18139,430.0
10,18155,430.0
10,18171,430.0
10,18173,430.0
10,18201,430.0
10,18215,430.0
10,18229,430.0
10,18243,430.0
10,18259,430.0
10,18273,430.0
10,18301,430.0
10,18319,430.0
10,18333,430.0
10,18361,431.0
10,18377,431.0
10,18393,431.0
10,18407,431.0
10,18421,431.0
10,18437,431.0
10,18453,431.0
10,18469,431.0
10,18485,431.0
10,18499,431.0
10,18515,431.0
10,18543,431.0
10,18569,431.0
10,18583,431.0
10,18599,431.0
10,18631,431.0
10,18645,431.0
10,18671,431.0
10,18699,431.0
10,18725,431.0
10,18739,431.0
10,18767,431.0
10,18781,431.0
10,18797,431.0
10,18811,431.0
10,18829,431.0
10,18855,431.0
10,18881,431.0
10,18911,431.0
10,18925,431.0
10,18955,431.0
10,18981,431.0
10,18995,431.0
10,19011,431.0
10,19013,431.0
10,19015,431.0
10,19029,431.0
10,19043,431.0
10,19045,431.0
10,19061,431.0
11,9114,299.0
11,9116,299.0
11,9146,315.0
11,9164,315.0
11,9623,328.0
11,9637,328.0
11,9651,328.0
11,9677,355.0
11,9693,355.0
11,9695,355.0
11,9709,355.0
11,9735,355.0
11,9761,373.0
11,9789,373.0
11,9805,373.0
11,9833,373.0
11,9851,373.0
11,9853,373.0
11,9867,373.0
11,9881,373.0
11,9883,373.0
11,9911,373.0
11,9913,373.0
11,9943,373.0
11,9969,373.0
11,9971,373.0
11,9985,373.0
11,9999,373.0
11,10015,373.0
11,10029,373.0
11,10055,373.0
11,10069,373.0
11,10095,374.0
11,10111,374.0
11,10125,374.0
11,10141,374.0
11,10155,374.0
11,10185,374.0
11,10217,374.0
11,10231,374.0
11,10247,374.0
11,10263,374.0
11,10279,374.0
11,10281,374.0
11,10299,374.0
11,10319,374.0
11,10345,374.0
11,10361,374.0
11,10387,374.0
11,10401,374.0
11,10403,374.0
11,10419,374.0
11,10435,374.0
11,10463,374.0
11,10479,374.0
11,10507,374.0
11,10521,374.0
11,10537,374.0
11,10553,374.0
11,10583,374.0
11,10597,374.0
11,10623,374.0
11,10655,374.0
11,10669,374.0
11,10671,374.0
11,10699,374.0
11,10717,374.0
11,10731,374.0
11,10733,374.0
11,10761,374.0
11,10795,374.0
11,10825,374.0
11,10851,374.0
11,10865,374.0
11,10893,374.0
11,10921,374.0
11,10935,374.0
11,10963,374.0
11,10991,374.0
11,11019,374.0
11,11033,374.0
11,11061,374.0
11,11075,383.0
11,11101,383.0
11,11115,383.0
11,11147,383.0
11,11173,388.0
11,11201,388.0
11,11233,388.0
11,11249,388.0
11,11263,388.0
11,11289,393.0
11,11317,393.0
11,11335,393.0
11,11349,393.0
11,11379,393.0
11,11381,393.0
11,11413,393.0
11,11439,393.0
11,11441,393.0
11,11455,393.0
11,11469,393.0
11,11483,393.0
11,11499,393.0
11,11513,393.0
11,11531,393.0
11,11533,393.0
11,11549,393.0
11,11563,393.0
11,11577,393.0
11,11607,393.0
11,11623,393.0
11,11651,393.0
11,11665,393.0
11,11667,393.0
11,11681,393.0
11,11709,393.0
11,11739,393.0
11,11741,393.0
11,11769,393.0
11,11803,393.0
11,11835,393.0
11,11853,393.0
11,11869,393.0
11,11897,393.0
11,11927,393.0
11,11957,402.0
11,11975,402.0
11,12003,402.0
11,12021,402.0
11,12035,402.0
11,12049,402.0
11,12077,402.0
11,12107,402.0
11,12109,402.0
11,12125,402.0
11,12143,402.0
11,12169,402.0
11,12171,402.0
11,12173,402.0
11,12191,402.0
11,12205,402.0
11,12219,402.0
11,12235,402.0
11,12237,402.0
11,12239,402.0
11,12265,405.0
11,12291,405.0
11,12305,405.0
11,12331,405.0
11,12345,405.0
11,12363,405.0
11,12389,405.0
11,12405,405.0
11,12407,405.0
11,12421,405.0
11,12451,405.0
11,12479,405.0
11,12495,405.0
11,12523,405.0
11,12557,405.0
11,12573,405.0
11,12591,405.0
11,12605,405.0
11,12631,405.0
11,12645,405.0
11,12671,406.0
11,12689,406.0
11,12691,406.0
11,12693,406.0
11,12721,406.0
11,12737,406.0
11,12751,408.0
11,12769,408.0
11,12771,408.0
11,12801,408.0
11,12829,408.0
11,12855,408.0
11,12869,408.0
11,12887,408.0
11,12889,408.0
11,12903,408.0
11,12921,408.0
11,12949,408.0
11,12977,408.0
11,13003,408.0
11,13017,410.0
11,13049,410.0
11,13063,410.0
11,13077,410.0
11,13103,410.0
11,13117,410.0
11,13119,410.0
11,13133,410.0
11,13149,410.0
11,13175,410.0
11,13207,410.0
11,13221,410.0
11,13235,410.0
11,13261,410.0
11,13275,412.0
11,13291,412.0
11,13309,412.0
11,13311,412.0
11,13325,412.0
11,13355,412.0
11,13383,412.0
11,13385,412.0
11,13415,412.0
11,13441,412.0
11,13467,412.0
11,13493,412.0
11,13519,412.0
11,13549,412.0
11,13563,412.0
11,13577,412.0
11,13603,412.0
11,13629,412.0
11,13631,412.0
11,13661,412.0
11,13675,412.0
11,13705,412.0
11,13731,412.0
11,13733,412.0
11,13747,412.0
11,13761,412.0
11,13775,412.0
11,13789,412.0
11,13815,412.0
11,13829,412.0
11,13857,412.0
11,13885,412.0
11,13901,412.0
11,13929,412.0
11,13947,412.0
11,13961,412.0
11,13977,412.0
11,13979,412.0
11,14007,413.0
11,14023,413.0
11,14037,413.0
11,14063,414.0
11,14091,414.0
11,14105,414.0
11,14135,414.0
11,14149,414.0
11,14163,414.0
11,14177,421.0
11,14195,421.0
11,14197,421.0
11,14199,421.0
11,14215,421.0
11,14229,421.0
11,14243,421.0
11,14269,421.0
11,14287,421.0
11,14313,421.0
11,14315,421.0
11,14329,421.0
11,14357,421.0
11,14383,421.0
11,14399,421.0
11,14427,421.0
11,14441,421.0
11,14455,421.0
11,14487,421.0
11,14501,421.0
11,14515,421.0
11,14529,421.0
11,14545,421.0
11,14561,421.0
11,14575,421.0
11,14591,421.0
11,14593,421.0
11,14623,421.0
11,14651,421.0
11,14679,421.0
11,14707,421.0
11,14733,421.0
11,14751,421.0
11,14777,421.0
11,14803,421.0
11,14821,421.0
11,14847,421.0
11,14861,421.0
11,14875,421.0
11,14903,421.0
11,14919,421.0
11,14921,421.0
11,14937,421.0
11,14953,421.0
11,14967,421.0
11,14969,421.0
11,14985,421.0
11,15001,421.0
11,15027,421.0
11,15041,421.0
11,15043,421.0
11,15045,421.0
11,15047,421.0
11,15075,421.0
11,15091,421.0
11,15105,421.0
11,15125,421.0
11,15127,421.0
11,15129,421.0
11,15157,421.0
11,15187,421.0
11,15205,421.0
11,15233,421.0
11,15247,421.0
11,15249,421.0
11,15263,421.0
11,15291,421.0
11,15305,421.0
11,15333,421.0
11,15349,421.0
11,15351,421.0
11,15353,421.0
11,15355,421.0
11,15385,421.0
11,15401,421.0
11,15427,421.0
11,15445,421.0
11,15461,421.0
11,15475,421.0
11,15491,421.0
11,15517,421.0
11,15531,421.0
11,15545,421.0
11,15559,421.0
11,15585,421.0
11,15615,421.0
11,15631,421.0
11,15659,421.0
11,15689,421.0
11,15703,421.0
11,15717,421.0
11,15735,421.0
11,15763,421.0
11,15779,421.0
11,15811,421.0
11,15839,421.0
11,15871,421.0
11,15889,421.0
11,15917,421.0
11,15933,421.0
11,15935,421.0
11,15937,421.0
11,15963,421.0
11,15991,421.0
11,16019,421.0
11,16047,421.0
11,16083,421.0
11,16115,421.0
11,16143,421.0
11,16157,421.0
11,16173,421.0
11,16189,421.0
11,16223,421.0
11,16237,421.0
11,16253,421.0
11,16267,421.0
11,16283,421.0
11,16311,421.0
11,16325,421.0
11,16339,421.0
11,16369,421.0
11,16383,421.0
11,16399,421.0
11,16413,421.0
11,16427,421.0
11,16459,421.0
11,16461,421.0
11,16491,421.0
11,16517,421.0
11,16531,421.0
11,16545,421.0
11,16559,421.0
11,16575,421.0
11,16589,421.0
11,16591,421.0
11,16605,421.0
11,16631,421.0
11,16647,421.0
11,16661,421.0
11,16663,421.0
11,16683,421.0
11,16685,421.0
11,16699,421.0
11,16727,422.0
11,16729,422.0
11,16743,422.0
11,16757,422.0
11,16771,422.0
11,16801,422.0
11,16819,422.0
11,16833,422.0
11,16859,422.0
11,16875,422.0
11,16903,422.0
11,16921,422.0
11,16947,422.0
11,16975,422.0
11,16991,422.0
11,17007,422.0
11,17023,422.0
11,17053,422.0
11,17069,422.0
11,17097,424.0
11,17123,424.0
11,17155,424.0
11,17173,424.0
11,17175,424.0
11,17195,424.0
11,17225,424.0
11,17241,424.0
11,17257,424.0
11,17259,424.0
11,17261,424.0
11,17263,424.0
11,17277,424.0
11,17279,424.0
11,17297,424.0
11,17311,424.0
11,17325,424.0
11,17339,424.0
11,17367,424.0
11,17397,424.0
11,17425,424.0
11,17439,424.0
11,17441,424.0
11,17455,424.0
11,17469,424.0
11,17471,424.0
11,17487,424.0
11,17505,424.0
11,17519,424.0
11,17533,424.0
11,17565,424.0
11,17593,424.0
11,17619,424.0
11,17633,424.0
11,17659,424.0
11,17673,424.0
11,17701,424.0
11,17703,424.0
11,17731,424.0
11,17747,424.0
11,17777,424.0
11,17805,424.0
11,17819,424.0
11,17837,424.0
11,17851,424.0
11,17867,424.0
11,17881,424.0
11,17911,424.0
11,17925,425.0
11,17941,425.0
11,17971,425.0
11,18001,425.0
11,18031,425.0
11,18045,425.0
11,18047,425.0
11,18073,425.0
11,18091,425.0
11,18119,425.0
11,18133,425.0
11,18147,425.0
11,18149,425.0
11,18151,425.0
11,18165,425.0
11,18167,425.0
11,18193,425.0
11,18221,425.0
11,18243,425.0
11,18245,425.0
11,18275,425.0
11,18289,425.0
11,18291,425.0
11,18293,425.0
11,18295,425.0
11,18309,425.0
11,18323,425.0
11,18337,425.0
11,18363,425.0
11,18365,425.0
11,18395,425.0
11,18423,425.0
11,18437,425.0
11,18463,426.0
11,18495,426.0
11,18509,426.0
11,18525,426.0
11,18551,426.0
11,18565,426.0
11,18597,426.0
11,18611,426.0
11,18641,426.0
11,18643,426.0
11,18669,426.0
11,18685,426.0
11,18699,426.0
11,18713,426.0
11,18715,426.0
11,18717,426.0
11,18745,426.0
11,18763,426.0
11,18795,426.0
11,18823,426.0
11,18825,426.0
11,18839,426.0
11,18857,426.0
11,18873,426.0
11,18887,426.0
11,18919,426.0
11,18945,426.0
11,18959,426.0
11,18985,426.0
11,18999,426.0
11,19025,426.0
11,19041,426.0
11,19043,426.0
11,19073,426.0
11,19087,426.0
11,19101,426.0
11,19127,426.0
12,8926,321.0
12,8940,326.0
12,8968,326.0
12,8994,329.0
12,9020,329.0
12,9050,329.0
12,9064,329.0
12,9082,329.0
12,9084,329.0
12,9100,329.0
12,9128,329.0
12,9591,329.0
12,9593,329.0
12,9609,329.0
12,9635,329.0
12,9663,355.0
12,9681,355.0
12,9695,355.0
12,9709,355.0
12,9723,355.0
12,9737,355.0
12,9751,355.0
12,9781,355.0
12,9797,355.0
12,9825,355.0
12,9839,355.0
12,9841,355.0
12,9861,355.0
12,9877,355.0
12,9895,355.0
12,9923,365.0
12,9937,365.0
12,9965,365.0
12,9981,365.0
12,9997,365.0
12,10027,365.0
12,10029,365.0
12,10059,365.0
12,10085,365.0
12,10111,371.0
12,10125,371.0
12,10139,371.0
12,10153,371.0
12,10167,371.0
12,10197,371.0
12,10199,371.0
12,10227,371.0
12,10241,371.0
12,10255,371.0
12,10285,388.0
12,10311,388.0
12,10343,388.0
12,10345,388.0
12,10375,388.0
12,10405,388.0
12,10433,388.0
12,10459,388.0
12,10487,388.0
12,10515,396.0
12,10531,396.0
12,10545,396.0
12,10561,396.0
12,10577,396.0
12,10603,397.0
12,10617,397.0
12,10631,397.0
12,10645,397.0
12,10659,397.0
12,10689,397.0
12,10717,397.0
12,10733,397.0
12,10747,405.0
12,10761,405.0
12,10789,405.0
12,10803,405.0
12,10817,405.0
12,10831,405.0
12,10859,405.0
12,10873,405.0
12,10875,405.0
12,10889,405.0
12,10903,405.0
12,10919,405.0
12,10955,405.0
12,10969,405.0
12,10999,405.0
12,11027,405.0
12,11029,405.0
12,11059,405.0
12,11085,405.0
12,11099,405.0
12,11125,405.0
12,11153,405.0
12,11169,405.0
12,11185,405.0
12,11187,405.0
12,11201,405.0
12,11215,405.0
12,11229,405.0
12,11255,405.0
12,11273,405.0
12,11287,405.0
12,11307,405.0
12,11321,405.0
12,11349,405.0
12,11363,405.0
12,11379,405.0
12,11407,405.0
12,11421,405.0
12,11439,405.0
12,11465,405.0
12,11481,405.0
12,11495,405.0
12,11511,405.0
12,11513,405.0
12,11527,405.0
12,11529,405.0
12,11543,405.0
12,11545,405.0
12,11571,405.0
12,11585,405.0
12,11603,405.0
12,11617,405.0
12,11633,405.0
12,11649,405.0
12,11677,405.0
12,11703,405.0
12,11731,405.0
12,11759,405.0
12,11789,405.0
12,11803,405.0
12,11829,405.0
12,11831,405.0
12,11845,405.0
12,11859,405.0
12,11887,406.0
12,11901,406.0
12,11927,406.0
12,11941,406.0
12,11971,406.0
12,11999,406.0
12,12029,406.0
12,12043,406.0
12,12057,406.0
12,12085,406.0
12,12111,406.0
12,12125,406.0
12,12155,406.0
12,12185,406.0
12,12201,406.0
12,12233,406.0
12,12263,406.0
12,12293,406.0
12,12307,406.0
12,12323,406.0
12,12337,406.0
12,12355,406.0
12,12381,406.0
12,12395,406.0
12,12415,406.0
12,12429,406.0
12,12457,406.0
12,12483,406.0
12,12499,406.0
12,12525,409.0
12,12527,409.0
12,12541,409.0
12,12557,409.0
12,12573,409.0
12,12575,409.0
12,12589,409.0
12,12605,409.0
12,12621,409.0
12,12635,409.0
12,12671,409.0
12,12685,409.0
12,12687,409.0
12,12717,409.0
12,12719,409.0
12,12733,409.0
12,12749,409.0
12,12763,409.0
12,12795,409.0
12,12797,409.0
12,12815,409.0
12,12831,409.0
12,12861,409.0
12,12879,409.0
12,12881,409.0
12,12897,409.0
12,12927,409.0
12,12929,409.0
12,12955,409.0
12,12969,409.0
12,12999,410.0
12,13025,410.0
12,13055,410.0
12,13071,410.0
12,13085,410.0
12,13099,410.0
12,13101,410.0
12,13103,410.0
12,13141,410.0
12,13169,410.0
12,13171,410.0
12,13187,410.0
12,13189,410.0
12,13191,410.0
12,13205,410.0
12,13219,410.0
12,13247,410.0
12,13263,410.0
12,13279,410.0
12,13305,410.0
12,13307,410.0
12,13333,410.0
12,13351,410.0
12,13377,410.0
12,13407,410.0
12,13421,415.0
12,13451,415.0
12,13479,415.0
12,13493,415.0
12,13511,415.0
12,13525,415.0
12,13553,415.0
12,13581,415.0
12,13595,420.0
12,13611,420.0
12,13627,420.0
12,13629,420.0
12,13655,420.0
12,13673,420.0
12,13699,420.0
12,13715,420.0
12,13745,420.0
12,13775,420.0
12,13777,420.0
12,13791,420.0
12,13805,420.0
12,13825,420.0
12,13843,420.0
12,13857,420.0
12,13885,420.0
12,13899,420.0
12,13915,420.0
12,13943,420.0
12,13971,420.0
12,13987,420.0
12,14013,421.0
12,14015,421.0
12,14031,421.0
12,14045,421.0
12,14059,421.0
12,14073,421.0
12,14101,421.0
12,14127,421.0
12,14159,421.0
12,14173,421.0
12,14199,421.0
12,14229,421.0
12,14243,421.0
12,14269,421.0
12,14283,421.0
12,14309,421.0
12,14335,421.0
12,14363,421.0
12,14389,421.0
12,14391,421.0
12,14393,421.0
12,14419,421.0
12,14433,421.0
12,14467,421.0
12,14497,421.0
12,14531,421.0
12,14561,421.0
12,14589,421.0
12,14603,421.0
12,14625,421.0
12,14639,421.0
12,14653,421.0
12,14667,421.0
12,14695,421.0
12,14725,421.0
12,14739,421.0
12,14765,421.0
12,14781,421.0
12,14809,421.0
12,14823,421.0
12,14849,421.0
12,14863,421.0
12,14877,421.0
12,14891,421.0
12,14923,421.0
12,14949,421.0
12,14963,421.0
12,14995,421.0
12,15009,421.0
12,15037,421.0
12,15063,421.0
12,15093,421.0
12,15123,421.0
12,15137,421.0
12,15153,421.0
12,15155,421.0
12,15173,421.0
12,15187,421.0
12,15203,421.0
12,15229,421.0
12,15231,421.0
12,15247,421.0
12,15261,421.0
12,15275,421.0
12,15289,421.0
12,15317,421.0
12,15345,421.0
12,15361,421.0
12,15391,421.0
12,15417,421.0
12,15445,421.0
12,15447,421.0
12,15475,421.0
12,15489,421.0
12,15503,421.0
12,15533,421.0
12,15569,421.0
12,15597,421.0
12,15625,421.0
12,15639,421.0
12,15669,421.0
12,15683,421.0
12,15697,421.0
12,15713,421.0
12,15729,421.0
12,15743,421.0
12,15745,421.0
12,15759,421.0
12,15775,421.0
12,15789,421.0
12,15815,421.0
12,15841,421.0
12,15857,421.0
12,15883,421.0
12,15885,421.0
12,15913,421.0
12,15929,421.0
12,15949,421.0
12,15975,421.0
12,15993,421.0
12,16011,421.0
12,16025,421.0
12,16039,421.0
12,16067,421.0
12,16083,421.0
12,16099,421.0
12,16113,421.0
12,16127,421.0
12,16141,421.0
12,16155,421.0
12,16169,421.0
12,16185,421.0
12,16215,421.0
12,16229,421.0
12,16245,421.0
12,16263,421.0
12,16277,421.0
12,16293,421.0
12,16307,421.0
12,16337,421.0
12,16365,421.0
12,16393,423.0
12,16419,423.0
12,16435,423.0
12,16451,423.0
12,16481,423.0
12,16509,423.0
12,16537,423.0
12,16563,423.0
12,16565,423.0
12,16579,423.0
12,16605,423.0
12,16635,423.0
12,16649,423.0
12,16651,423.0
12,16653,423.0
12,16681,423.0
12,16683,423.0
12,16717,423.0
12,16719,423.0
12,16733,423.0
12,16747,423.0
12,16773,423.0
12,16787,423.0
12,16813,423.0
12,16827,423.0
12,16841,423.0
12,16843,423.0
12,16871,423.0
12,16897,426.0
12,16911,426.0
12,16943,426.0
12,16945,426.0
12,16961,426.0
12,16963,426.0
12,16993,426.0
12,17021,426.0
12,17047,426.0
12,17075,426.0
12,17103,426.0
12,17129,426.0
12,17155,426.0
12,17169,426.0
12,17195,426.0
12,17221,426.0
12,17247,426.0
12,17277,427.0
12,17291,427.0
12,17307,427.0
12,17335,427.0
12,17349,427.0
12,17367,427.0
12,17397,427.0
12,17413,427.0
12,17427,427.0
12,17429,427.0
12,17457,427.0
12,17459,427.0
12,17461,427.0
12,17489,427.0
12,17503,427.0
12,17529,427.0
12,17531,427.0
12,17545,427.0
12,17575,427.0
12,17601,427.0
12,17617,427.0
12,17619,427.0
12,17621,427.0
12,17623,427.0
12,17637,427.0
12,17653,427.0
12,17655,427.0
12,17685,427.0
12,17703,427.0
12,17717,427.0
12,17731,427.0
12,17749,427.0
12,17763,427.0
12,17793,427.0
12,17825,427.0
12,17839,427.0
12,17841,427.0
12,17855,427.0
12,17857,427.0
12,17859,427.0
12,17887,427.0
12,17915,427.0
12,17943,427.0
12,17945,427.0
12,17959,427.0
12,17975,427.0
12,17991,427.0
12,17993,427.0
12,18027,427.0
12,18057,427.0
12,18085,427.0
12,18103,427.0
12,18131,427.0
12,18159,427.0
12,18175,427.0
12,18205,427.0
12,18219,427.0
12,18233,427.0
12,18251,427.0
12,18265,427.0
12,18293,427.0
12,18309,427.0
12,18323,427.0
12,18325,427.0
12,18339,427.0
12,18365,427.0
12,18391,427.0
12,18405,427.0
12,18433,427.0
12,18435,427.0
12,18449,427.0
12,18467,427.0
12,18483,427.0
12,18513,427.0
12,18545,427.0
12,18561,427.0
12,18563,427.0
12,18595,427.0
12,18621,427.0
12,18623,427.0
12,18649,427.0
12,18651,427.0
12,18667,427.0
12,18681,427.0
12,18695,427.0
12,18715,427.0
12,18745,427.0
12,18759,427.0
12,18773,427.0
12,18787,427.0
12,18803,427.0
12,18819,427.0
12,18833,427.0
12,18861,427.0
12,18877,427.0
12,18905,427.0
13,8856,315.0
13,8858,315.0
13,8872,315.0
13,8904,315.0
13,8918,315.0
13,8948,315.0
13,8962,315.0
13,8976,315.0
13,9415,315.0
13,9429,315.0
13,9443,316.0
13,9459,316.0
13,9489,316.0
13,9507,316.0
13,9523,328.0
13,9549,342.0
13,9563,342.0
13,9589,343.0
13,9603,343.0
13,9617,343.0
13,9643,367.0
13,9645,367.0
13,9675,367.0
13,9701,374.0
13,9703,374.0
13,9735,374.0
13,9761,387.0
13,9791,387.0
13,9805,387.0
13,9823,387.0
13,9837,387.0
13,9851,387.0
13,9879,387.0
13,9907,387.0
13,9937,387.0
13,9969,387.0
13,9997,387.0
13,10011,387.0
13,10025,387.0
13,10051,387.0
13,10079,393.0
13,10105,393.0
13,10133,393.0
13,10147,393.0
13,10177,393.0
13,10193,393.0
13,10207,393.0
13,10235,393.0
13,10249,393.0
13,10267,393.0
13,10293,395.0
13,10307,397.0
13,10309,397.0
13,10337,397.0
13,10369,397.0
13,10383,405.0
13,10397,405.0
13,10413,405.0
13,10427,405.0
13,10453,405.0
13,10481,405.0
13,10495,405.0
13,10497,405.0
13,10511,405.0
13,10525,405.0
13,10539,405.0
13,10541,405.0
13,10557,405.0
13,10559,405.0
13,10577,405.0
13,10593,405.0
13,10625,405.0
13,10655,405.0
13,10671,405.0
13,10673,405.0
13,10687,405.0
13,10713,405.0
13,10741,405.0
13,10767,405.0
13,10769,405.0
13,10797,405.0
13,10799,405.0
13,10813,405.0
13,10829,405.0
13,10865,405.0
13,10893,405.0
13,10907,405.0
13,10909,405.0
13,10925,405.0
13,10939,405.0
13,10967,408.0
13,10993,411.0
13,11009,411.0
13,11023,411.0
13,11049,411.0
13,11075,411.0
13,11101,411.0
13,11127,411.0
13,11129,411.0
13,11131,411.0
13,11145,411.0
13,11159,411.0
13,11173,411.0
13,11201,411.0
13,11227,411.0
13,11243,411.0
13,11259,411.0
13,11275,411.0
13,11289,411.0
13,11291,411.0
13,11305,411.0
13,11321,411.0
13,11351,411.0
13,11377,411.0
13,11391,411.0
13,11407,411.0
13,11435,411.0
13,11463,411.0
13,11481,411.0
13,11497,411.0
13,11511,411.0
13,11529,411.0
13,11559,411.0
13,11573,411.0
13,11599,411.0
13,11615,411.0
13,11645,411.0
13,11665,411.0
13,11695,411.0
13,11709,411.0
13,11735,411.0
13,11763,411.0
13,11791,411.0
13,11807,411.0
13,11821,411.0
13,11837,411.0
13,11867,411.0
13,11895,411.0
13,11921,411.0
13,11935,411.0
13,11949,411.0
13,11951,411.0
13,11967,411.0
13,11993,411.0
13,12021,411.0
13,12037,411.0
13,12069,411.0
13,12085,411.0
13,12099,411.0
13,12113,415.0
13,12127,415.0
13,12141,415.0
13,12155,415.0
13,12181,415.0
13,12207,415.0
13,12227,415.0
13,12229,415.0
13,12247,415.0
13,12273,415.0
13,12301,415.0
13,12315,415.0
13,12331,415.0
13,12357,415.0
13,12371,415.0
13,12401,415.0
13,12417,415.0
13,12433,415.0
13,12459,415.0
13,12473,415.0
13,12487,415.0
13,12515,415.0
13,12541,415.0
13,12571,415.0
13,12573,415.0
13,12601,415.0
13,12615,415.0
13,12635,415.0
13,12665,415.0
13,12697,415.0
13,12713,415.0
13,12729,415.0
13,12745,415.0
13,12759,416.0
13,12773,416.0
13,12787,416.0
13,12801,416.0
13,12829,416.0
13,12857,416.0
13,12889,416.0
13,12903,416.0
13,12919,416.0
13,12949,416.0
13,12975,416.0
13,12989,416.0
13,13005,416.0
13,13033,416.0
13,13049,416.0
13,13077,416.0
13,13103,416.0
13,13129,416.0
13,13143,416.0
13,13157,416.0
13,13159,416.0
13,13161,416.0
13,13175,416.0
13,13189,416.0
13,13203,416.0
13,13217,416.0
13,13219,416.0
13,13247,416.0
13,13273,416.0
13,13275,416.0
13,13277,416.0
13,13291,416.0
13,13305,416.0
13,13319,416.0
13,13321,416.0
13,13349,416.0
13,13383,416.0
13,13399,416.0
13,13427,416.0
13,13455,416.0
13,13457,416.0
13,13475,416.0
13,13491,416.0
13,13505,416.0
13,13521,416.0
13,13547,416.0
13,13573,418.0
13,13587,418.0
13,13589,418.0
13,13591,418.0
13,13605,418.0
13,13631,418.0
13,13645,418.0
13,13671,418.0
13,13699,418.0
13,13725,418.0
13,13751,418.0
13,13781,418.0
13,13795,418.0
13,13797,418.0
13,13811,418.0
13,13829,418.0
13,13861,418.0
13,13875,418.0
13,13893,418.0
13,13895,418.0
13,13923,418.0
13,13939,418.0
13,13967,418.0
13,13995,418.0
13,13997,418.0
13,14023,418.0
13,14055,418.0
13,14071,418.0
13,14099,418.0
13,14129,418.0
13,14143,418.0
13,14169,418.0
13,14171,418.0
13,14173,418.0
13,14187,418.0
13,14189,418.0
13,14207,418.0
13,14223,418.0
13,14225,418.0
13,14251,418.0
13,14267,418.0
13,14295,418.0
13,14297,418.0
13,14311,418.0
13,14313,418.0
13,14327,418.0
13,14341,418.0
13,14369,418.0
13,14385,418.0
13,14401,418.0
13,14415,418.0
13,14443,418.0
13,14459,418.0
13,14475,418.0
13,14501,418.0
13,14515,418.0
13,14529,418.0
13,14543,418.0
13,14559,418.0
13,14585,418.0
13,14599,418.0
13,14613,418.0
13,14627,418.0
13,14653,418.0
13,14669,418.0
13,14683,418.0
13,14697,418.0
13,14711,418.0
13,14745,418.0
13,14773,418.0
13,14787,418.0
13,14803,418.0
13,14829,418.0
13,14855,418.0
13,14883,418.0
13,14909,418.0
13,14935,418.0
13,14951,418.0
13,14965,418.0
13,14979,418.0
13,15011,418.0
13,15041,418.0
13,15055,418.0
13,15057,418.0
13,15089,418.0
13,15103,418.0
13,15117,418.0
13,15147,418.0
13,15165,418.0
13,15179,418.0
13,15193,418.0
13,15195,418.0
13,15209,418.0
13,15223,418.0
13,15237,418.0
13,15251,418.0
13,15279,418.0
13,15297,418.0
13,15315,418.0
13,15331,418.0
13,15333,418.0
13,15359,418.0
13,15385,418.0
13,15401,418.0
13,15429,418.0
13,15463,418.0
13,15489,418.0
13,15503,418.0
13,15521,418.0
13,15547,418.0
13,15561,418.0
13,15575,418.0
13,15589,418.0
13,15603,418.0
13,15617,418.0
13,15643,418.0
13,15675,418.0
13,15691,418.0
13,15717,418.0
13,15731,418.0
13,15733,418.0
13,15761,418.0
13,15775,418.0
13,15791,418.0
13,15805,418.0
13,15807,418.0
13,15823,419.0
13,15837,419.0
13,15865,419.0
13,15893,419.0
13,15919,419.0
13,15935,419.0
13,15961,427.0
13,15979,427.0
13,15981,427.0
13,15995,427.0
13,16023,427.0
13,16049,427.0
13,16081,427.0
13,16083,427.0
13,16117,427.0
13,16131,427.0
13,16133,427.0
13,16147,427.0
13,16163,427.0
13,16179,427.0
13,16205,427.0
13,16207,427.0
13,16239,427.0
13,16265,427.0
13,16279,427.0
13,16311,427.0
13,16329,427.0
13,16343,427.0
13,16371,427.0
13,16397,427.0
13,16423,427.0
13,16449,427.0
13,16463,427.0
13,16479,427.0
13,16507,427.0
13,16537,427.0
13,16553,427.0
13,16569,427.0
13,16585,427.0
13,16587,427.0
13,16589,427.0
13,16615,427.0
13,16643,427.0
13,16657,427.0
13,16673,427.0
13,16691,427.0
13,16707,427.0
13,16721,427.0
13,16739,427.0
13,16741,427.0
13,16759,427.0
13,16775,427.0
13,16789,427.0
13,16803,427.0
13,16831,427.0
13,16861,427.0
13,16875,427.0
13,16893,427.0
13,16923,427.0
13,16925,427.0
13,16941,427.0
13,16973,427.0
13,16975,427.0
13,16995,427.0
13,17021,427.0
13,17035,427.0
13,17051,427.0
13,17065,427.0
13,17091,427.0
13,17093,427.0
13,17107,427.0
13,17137,427.0
13,17151,427.0
13,17153,427.0
13,17181,427.0
13,17197,427.0
13,17211,427.0
13,17225,427.0
13,17251,427.0
13,17265,427.0
13,17267,427.0
13,17281,427.0
13,17295,427.0
13,17311,427.0
13,17325,427.0
13,17341,427.0
13,17355,427.0
13,17369,427.0
13,17371,427.0
13,17387,427.0
13,17389,427.0
13,17417,427.0
13,17431,427.0
13,17459,427.0
13,17475,427.0
13,17507,427.0
13,17525,427.0
13,17539,427.0
13,17565,427.0
13,17591,427.0
13,17593,427.0
13,17609,427.0
13,17639,427.0
13,17667,427.0
13,17695,427.0
13,17711,427.0
13,17725,427.0
13,17739,427.0
13,17769,427.0
13,17783,427.0
13,17797,427.0
13,17799,427.0
13,17813,427.0
13,17839,427.0
13,17853,427.0
13,17867,427.0
13,17883,427.0
13,17897,427.0
13,17925,427.0
13,17939,427.0
13,17953,427.0
13,17967,427.0
13,17987,427.0
13,17989,427.0
13,17991,427.0
13,18007,427.0
13,18021,427.0
13,18023,427.0
13,18037,427.0
13,18039,427.0
13,18065,427.0
13,18085,427.0
13,18101,427.0
13,18103,427.0
13,18141,427.0
13,18143,427.0
13,18161,427.0
13,18193,427.0
13,18209,427.0
13,18211,427.0
13,18225,427.0
13,18253,427.0
13,18269,427.0
13,18283,427.0
13,18285,427.0
13,18315,427.0
13,18343,427.0
13,18371,427.0
13,18385,427.0
13,18399,427.0
13,18415,427.0
13,18429,427.0
13,18443,427.0
13,18445,427.0
13,18461,427.0
13,18493,427.0
13,18495,427.0
13,18497,427.0
13,18499,427.0
13,18515,427.0
13,18543,427.0
13,18545,427.0
13,18559,427.0
13,18579,427.0
13,18593,427.0
13,18609,427.0
13,18639,427.0
13,18653,427.0
13,18671,427.0
13,18699,427.0
13,18731,427.0
13,18733,427.0
13,18759,427.0
13,18777,427.0
13,18807,427.0
13,18821,427.0
13,18837,427.0
13,18867,427.0
14,9066,290.0
14,9549,296.0
14,9579,300.0
14,9595,300.0
14,9631,300.0
14,9649,300.0
14,9663,317.0
14,9677,317.0
14,9707,317.0
14,9709,317.0
14,9725,317.0
14,9755,317.0
14,9757,317.0
14,9783,317.0
14,9799,317.0
14,9827,328.0
14,9853,328.0
14,9855,328.0
14,9869,328.0
14,9883,328.0
14,9913,328.0
14,9941,328.0
14,9971,328.0
14,9973,328.0
14,10001,328.0
14,10027,328.0
14,10041,328.0
14,10055,340.0
14,10083,340.0
14,10097,340.0
14,10099,340.0
14,10113,340.0
14,10139,349.0
14,10159,349.0
14,10185,349.0
14,10213,349.0
14,10215,349.0
14,10229,349.0
14,10259,349.0
14,10273,349.0
14,10299,360.0
14,10319,360.0
14,10335,360.0
14,10337,360.0
14,10351,360.0
14,10379,360.0
14,10407,364.0
14,10421,364.0
14,10437,364.0
14,10451,364.0
14,10467,364.0
14,10483,364.0
14,10499,364.0
14,10525,364.0
14,10551,364.0
14,10567,364.0
14,10595,364.0
14,10621,364.0
14,10653,364.0
14,10667,364.0
14,10681,364.0
14,10707,364.0
14,10709,364.0
14,10711,364.0
14,10733,364.0
14,10765,364.0
14,10779,364.0
14,10797,364.0
14,10813,365.0
14,10827,365.0
14,10855,373.0
14,10881,379.0
14,10897,379.0
14,10913,379.0
14,10915,379.0
14,10941,379.0
14,10955,388.0
14,10971,388.0
14,11001,388.0
14,11017,388.0
14,11019,388.0
14,11021,388.0
14,11035,388.0
14,11037,388.0
14,11053,388.0
14,11069,388.0
14,11071,388.0
14,11085,388.0
14,11113,388.0
14,11131,388.0
14,11157,388.0
14,11159,388.0
14,11173,388.0
14,11199,388.0
14,11215,388.0
14,11229,388.0
14,11257,388.0
14,11271,388.0
14,11303,388.0
14,11319,388.0
14,11333,388.0
14,11347,388.0
14,11361,388.0
14,11389,388.0
14,11417,388.0
14,11447,388.0
14,11477,388.0
14,11493,388.0
14,11507,388.0
14,11523,388.0
14,11525,388.0
14,11527,388.0
14,11529,388.0
14,11531,388.0
14,11545,388.0
14,11559,388.0
14,11579,388.0
14,11595,388.0
14,11609,388.0
14,11641,388.0
14,11655,388.0
14,11681,388.0
14,11695,388.0
14,11697,388.0
14,11727,388.0
14,11741,388.0
14,11767,388.0
14,11781,388.0
14,11795,388.0
14,11797,388.0
14,11827,388.0
14,11841,388.0
14,11871,388.0
14,11889,388.0
14,11891,388.0
14,11893,388.0
14,11907,388.0
14,11933,388.0
14,11947,388.0
14,11967,388.0
14,11997,390.0
14,12011,390.0
14,12039,390.0
14,12053,390.0
14,12067,390.0
14,12069,390.0
14,12083,390.0
14,12115,390.0
14,12145,400.0
14,12171,400.0
14,12185,400.0
14,12213,408.0
14,12229,408.0
14,12243,408.0
14,12269,408.0
14,12283,408.0
14,12297,408.0
14,12323,408.0
14,12351,408.0
14,12365,408.0
14,12395,408.0
14,12411,408.0
14,12429,408.0
14,12431,408.0
14,12445,408.0
14,12461,412.0
14,12477,412.0
14,12491,412.0
14,12517,414.0
14,12531,414.0
14,12557,414.0
14,12571,414.0
14,12599,414.0
14,12615,414.0
14,12631,414.0
14,12657,414.0
14,12687,414.0
14,12705,414.0
14,12707,414.0
14,12735,415.0
14,12751,415.0
14,12781,415.0
14,12795,415.0
14,12811,415.0
14,12839,415.0
14,12869,415.0
14,12883,415.0
14,12915,418.0
14,12943,418.0
14,12945,418.0
14,12961,418.0
14,12977,418.0
14,13003,418.0
14,13031,418.0
14,13049,418.0
14,13051,418.0
14,13077,418.0
14,13091,418.0
14,13105,418.0
14,13131,418.0
14,13157,418.0
14,13159,418.0
14,13187,418.0
14,13201,418.0
14,13217,418.0
14,13231,418.0
14,13247,418.0
14,13275,418.0
14,13277,418.0
14,13279,418.0
14,13281,418.0
14,13309,418.0
14,13337,418.0
14,13369,418.0
14,13387,418.0
14,13415,418.0
14,13443,418.0
14,13445,418.0
14,13459,418.0
14,13485,418.0
14,13499,418.0
14,13519,418.0
14,13535,418.0
14,13549,418.0
14,13563,418.0
14,13565,418.0
14,13591,418.0
14,13605,418.0
14,13623,418.0
14,13649,418.0
14,13651,418.0
14,13665,418.0
14,13693,418.0
14,13709,418.0
14,13737,418.0
14,13751,418.0
14,13753,418.0
14,13767,418.0
14,13781,418.0
14,13795,418.0
14,13813,418.0
14,13815,418.0
14,13841,418.0
14,13855,418.0
14,13881,418.0
14,13899,418.0
14,13913,418.0
14,13915,418.0
14,13929,418.0
14,13943,418.0
14,13957,418.0
14,13959,418.0
14,13991,418.0
14,13993,418.0
14,14019,418.0
14,14035,418.0
14,14049,419.0
14,14077,419.0
14,14103,419.0
14,14119,419.0
14,14135,419.0
14,14137,419.0
14,14169,419.0
14,14183,419.0
14,14185,419.0
14,14205,419.0
14,14207,419.0
14,14237,419.0
14,14267,419.0
14,14283,419.0
14,14297,419.0
14,14311,419.0
14,14325,419.0
14,14339,419.0
14,14371,420.0
14,14373,420.0
14,14389,420.0
14,14403,420.0
14,14431,420.0
14,14445,420.0
14,14447,420.0
14,14461,420.0
14,14475,420.0
14,14501,422.0
14,14529,422.0
14,14543,422.0
14,14571,422.0
14,14587,422.0
14,14615,422.0
14,14629,422.0
14,14657,422.0
14,14671,422.0
14,14685,422.0
14,14699,422.0
14,14713,422.0
14,14739,422.0
14,14753,422.0
14,14755,422.0
14,14769,422.0
14,14787,422.0
14,14803,422.0
14,14817,422.0
14,14833,422.0
14,14863,422.0
14,14879,422.0
14,14907,422.0
14,14923,422.0
14,14925,422.0
14,14927,422.0
14,14957,422.0
14,14959,422.0
14,14973,422.0
14,14989,422.0
14,15003,422.0
14,15029,422.0
14,15043,422.0
14,15071,422.0
14,15099,422.0
14,15101,422.0
14,15103,422.0
14,15119,422.0
14,15135,422.0
14,15167,422.0
14,15181,422.0
14,15195,422.0
14,15227,422.0
14,15253,422.0
14,15255,422.0
14,15283,422.0
14,15311,422.0
14,15337,422.0
14,15363,422.0
14,15393,422.0
14,15425,422.0
14,15439,422.0
14,15453,422.0
14,15469,422.0
14,15485,422.0
14,15499,422.0
14,15501,422.0
14,15527,428.0
14,15555,428.0
14,15569,428.0
14,15585,428.0
14,15587,428.0
14,15613,428.0
14,15627,428.0
14,15643,428.0
14,15659,428.0
14,15675,428.0
14,15677,428.0
14,15705,428.0
14,15719,428.0
14,15735,428.0
14,15749,428.0
14,15775,428.0
14,15803,428.0
14,15817,428.0
14,15819,428.0
14,15821,428.0
14,15835,428.0
14,15863,428.0
14,15879,428.0
14,15907,428.0
14,15933,428.0
14,15935,428.0
14,15949,428.0
14,15951,428.0
14,15965,428.0
14,15995,428.0
14,16009,428.0
14,16025,428.0
14,16027,428.0
14,16043,428.0
14,16059,428.0
14,16089,428.0
14,16103,428.0
14,16129,428.0
14,16159,428.0
14,16161,428.0
14,16187,428.0
14,16217,428.0
14,16233,428.0
14,16247,428.0
14,16275,428.0
14,16277,428.0
14,16293,428.0
14,16295,428.0
14,16311,428.0
14,16341,428.0
14,16359,428.0
14,16361,428.0
14,16363,428.0
14,16379,428.0
14,16395,428.0
14,16429,428.0
14,16459,428.0
14,16485,428.0
14,16487,428.0
14,16489,428.0
14,16503,428.0
14,16517,428.0
14,16531,428.0
14,16565,428.0
14,16579,428.0
14,16593,428.0
14,16627,428.0
14,16643,428.0
14,16669,428.0
14,16695,428.0
14,16725,428.0
14,16739,428.0
14,16773,428.0
14,16801,428.0
14,16817,428.0
14,16831,428.0
14,16845,428.0
14,16847,428.0
14,16861,428.0
14,16889,428.0
14,16903,428.0
14,16919,428.0
14,16949,428.0
14,16975,428.0
14,16989,428.0
14,17015,428.0
14,17017,428.0
14,17049,428.0
14,17051,428.0
14,17065,428.0
14,17079,428.0
14,17107,428.0
14,17109,428.0
14,17111,428.0
14,17127,428.0
14,17145,428.0
14,17171,428.0
14,17173,428.0
14,17203,428.0
14,17217,428.0
14,17219,428.0
14,17245,428.0
14,17259,428.0
14,17273,428.0
14,17289,428.0
14,17315,428.0
14,17335,428.0
14,17337,428.0
14,17353,428.0
14,17379,428.0
14,17381,428.0
14,17409,428.0
14,17425,428.0
14,17453,428.0
14,17467,428.0
14,17495,428.0
14,17511,428.0
14,17541,428.0
14,17569,428.0
14,17585,428.0
14,17599,428.0
14,17627,428.0
14,17629,428.0
14,17655,428.0
14,17669,428.0
14,17695,428.0
14,17721,428.0
14,17747,428.0
14,17763,428.0
14,17789,428.0
14,17803,428.0
14,17817,428.0
14,17843,428.0
14,17869,428.0
14,17883,428.0
14,17897,428.0
14,17929,428.0
14,17957,428.0
14,17973,428.0
14,17975,428.0
14,17977,428.0
14,18003,428.0
14,18031,428.0
14,18033,428.0
14,18049,428.0
14,18065,428.0
14,18067,428.0
14,18093,428.0
14,18121,428.0
14,18151,428.0
14,18165,428.0
14,18179,428.0
14,18213,428.0
14,18227,428.0
14,18245,428.0
14,18273,428.0
14,18299,428.0
14,18329,428.0
14,18359,428.0
14,18375,428.0
14,18377,428.0
14,18391,428.0
14,18417,428.0
14,18443,428.0
14,18469,428.0
14,18495,428.0
14,18521,428.0
14,18535,428.0
14,18549,428.0
14,18563,430.0
14,18581,430.0
14,18609,430.0
14,18627,430.0
14,18657,430.0
14,18671,430.0
14,18699,430.0
14,18713,430.0
14,18739,430.0
14,18757,430.0
14,18771,430.0
14,18791,430.0
14,18817,430.0
14,18845,430.0
14,18873,430.0
14,18875,430.0
14,18901,430.0
14,18903,430.0
14,18917,430.0
14,18947,430.0
14,18949,430.0
14,18967,430.0
14,18997,430.0
14,19023,430.0
14,19049,430.0
15,8758,304.0
15,8790,321.0
15,8810,321.0
15,8826,321.0
15,8842,321.0
15,8856,321.0
15,8870,321.0
15,9329,338.0
15,9357,338.0
15,9373,338.0
15,9395,338.0
15,9421,338.0
15,9437,338.0
15,9451,338.0
15,9465,338.0
15,9495,338.0
15,9497,338.0
15,9499,338.0
15,9513,338.0
15,9547,338.0
15,9573,338.0
15,9603,338.0
15,9631,338.0
15,9657,347.0
15,9671,347.0
15,9685,347.0
15,9687,347.0
15,9701,347.0
15,9717,347.0
15,9731,354.0
15,9745,354.0
15,9761,354.0
15,9791,361.0
15,9821,361.0
15,9823,361.0
15,9837,361.0
15,9839,361.0
15,9855,361.0
15,9881,361.0
15,9895,361.0
15,9911,361.0
15,9937,361.0
15,9953,361.0
15,9969,361.0
15,10001,369.0
15,10033,369.0
15,10059,370.0
15,10061,370.0
15,10095,370.0
15,10113,370.0
15,10127,370.0
15,10143,370.0
15,10159,370.0
15,10173,370.0
15,10201,370.0
15,10203,370.0
15,10205,370.0
15,10233,375.0
15,10247,375.0
15,10275,375.0
15,10289,375.0
15,10305,375.0
15,10333,375.0
15,10349,375.0
15,10375,375.0
15,10393,375.0
15,10395,375.0
15,10411,375.0
15,10429,375.0
15,10445,375.0
15,10465,375.0
15,10467,375.0
15,10493,375.0
15,10521,375.0
15,10547,375.0
15,10563,375.0
15,10577,385.0
15,10579,385.0
15,10609,393.0
15,10623,393.0
15,10651,393.0
15,10677,402.0
15,10703,402.0
15,10705,402.0
15,10707,402.0
15,10721,402.0
15,10749,402.0
15,10775,402.0
15,10801,402.0
15,10829,402.0
15,10855,402.0
15,10857,402.0
15,10885,402.0
15,10911,402.0
15,10941,402.0
15,10969,402.0
15,10983,402.0
15,10997,402.0
15,11015,402.0
15,11047,402.0
15,11073,402.0
15,11087,402.0
15,11089,402.0
15,11115,402.0
15,11131,402.0
15,11159,402.0
15,11179,402.0
15,11211,402.0
15,11237,402.0
15,11253,402.0
15,11281,402.0
15,11309,402.0
15,11325,402.0
15,11351,402.0
15,11381,409.0
15,11395,409.0
15,11427,409.0
15,11441,409.0
15,11455,409.0
15,11483,409.0
15,11517,409.0
15,11533,409.0
15,11559,409.0
15,11583,409.0
15,11597,409.0
15,11613,409.0
15,11639,409.0
15,11655,409.0
15,11671,409.0
15,11685,411.0
15,11699,411.0
15,11715,411.0
15,11747,411.0
15,11761,411.0
15,11777,411.0
15,11791,411.0
15,11807,411.0
15,11839,411.0
15,11867,411.0
15,11881,411.0
15,11907,411.0
15,11923,411.0
15,11937,411.0
15,11951,411.0
15,11977,411.0
15,12003,411.0
15,12017,411.0
15,12045,411.0
15,12079,411.0
15,12093,411.0
15,12123,411.0
15,12125,411.0
15,12127,411.0
15,12153,411.0
15,12185,411.0
15,12201,411.0
15,12217,411.0
15,12243,413.0
15,12259,413.0
15,12285,413.0
15,12299,413.0
15,12329,413.0
15,12343,413.0
15,12357,413.0
15,12371,413.0
15,12385,413.0
15,12415,413.0
15,12443,413.0
15,12475,413.0
15,12505,413.0
15,12537,413.0
15,12565,413.0
15,12579,413.0
15,12609,413.0
15,12637,413.0
15,12655,413.0
15,12669,413.0
15,12685,413.0
15,12687,413.0
15,12717,413.0
15,12731,413.0
15,12747,413.0
15,12761,413.0
15,12787,413.0
15,12803,413.0
15,12817,413.0
15,12833,413.0
15,12859,413.0
15,12873,413.0
15,12901,413.0
15,12915,413.0
15,12931,413.0
15,12945,413.0
15,12959,416.0
15,12961,416.0
15,12975,416.0
15,13001,416.0
15,13017,416.0
15,13049,416.0
15,13063,416.0
15,13099,416.0
15,13115,416.0
15,13143,416.0
15,13169,417.0
15,13183,417.0
15,13199,417.0
15,13213,417.0
15,13231,417.0
15,13233,417.0
15,13259,417.0
15,13261,417.0
15,13291,417.0
15,13307,417.0
15,13321,417.0
15,13347,417.0
15,13375,417.0
15,13393,417.0
15,13423,417.0
15,13453,417.0
15,13455,417.0
15,13473,417.0
15,13503,417.0
15,13517,417.0
15,13533,417.0
15,13559,417.0
15,13587,417.0
15,13601,417.0
15,13629,417.0
15,13657,417.0
15,13671,417.0
15,13687,417.0
15,13701,417.0
15,13733,417.0
15,13761,417.0
15,13763,417.0
15,13793,417.0
15,13807,417.0
15,13833,417.0
15,13851,417.0
15,13853,417.0
15,13867,417.0
15,13899,417.0
15,13913,417.0
15,13915,417.0
15,13945,422.0
15,13973,422.0
15,13999,422.0
15,14025,422.0
15,14039,422.0
15,14069,422.0
15,14103,422.0
15,14105,422.0
15,14131,422.0
15,14159,422.0
15,14189,422.0
15,14217,422.0
15,14245,422.0
15,14247,422.0
15,14275,422.0
15,14277,422.0
15,14305,422.0
15,14321,422.0
15,14347,422.0
15,14363,422.0
15,14379,422.0
15,14399,422.0
15,14415,422.0
15,14431,422.0
15,14445,422.0
15,14461,422.0
15,14495,422.0
15,14511,422.0
15,14513,422.0
15,14529,422.0
15,14563,422.0
15,14591,422.0
15,14593,422.0
15,14607,422.0
15,14625,422.0
15,14627,422.0
15,14653,422.0
15,14667,422.0
15,14697,422.0
15,14713,422.0
15,14727,422.0
15,14757,422.0
15,14783,422.0
15,14817,422.0
15,14831,422.0
15,14859,422.0
15,14885,422.0
15,14915,422.0
15,14931,422.0
15,14957,422.0
15,14983,422.0
15,14999,422.0
15,15029,422.0
15,15043,426.0
15,15071,426.0
15,15087,426.0
15,15101,426.0
15,15115,426.0
15,15131,426.0
15,15159,426.0
15,15185,426.0
15,15211,426.0
15,15225,426.0
15,15251,426.0
15,15265,426.0
15,15267,426.0
15,15297,426.0
15,15325,426.0
15,15343,426.0
15,15373,426.0
15,15389,426.0
15,15403,426.0
15,15405,426.0
15,15421,426.0
15,15435,426.0
15,15449,426.0
15,15475,426.0
15,15503,426.0
15,15533,426.0
15,15561,426.0
15,15587,426.0
15,15603,426.0
15,15633,426.0
15,15661,426.0
15,15693,426.0
15,15723,426.0
15,15757,426.0
15,15759,426.0
15,15775,426.0
15,15803,426.0
15,15817,426.0
15,15819,426.0
15,15833,426.0
15,15849,426.0
15,15863,426.0
15,15889,426.0
15,15917,426.0
15,15933,426.0
15,15965,426.0
15,15979,426.0
15,16005,426.0
15,16033,426.0
15,16035,426.0
15,16051,426.0
15,16065,426.0
15,16067,426.0
15,16085,426.0
15,16101,426.0
15,16127,426.0
15,16143,426.0
15,16157,426.0
15,16171,426.0
15,16173,426.0
15,16187,426.0
15,16201,426.0
15,16215,426.0
15,16231,426.0
15,16261,426.0
15,16291,426.0
15,16293,426.0
15,16323,426.0
15,16325,426.0
15,16351,426.0
15,16379,426.0
15,16397,426.0
15,16415,426.0
15,16433,426.0
15,16453,426.0
15,16469,426.0
15,16483,426.0
15,16499,426.0
15,16515,426.0
15,16517,426.0
15,16545,426.0
15,16559,426.0
15,16561,426.0
15,16587,426.0
15,16601,426.0
15,16633,426.0
15,16649,426.0
15,16651,426.0
15,16677,426.0
15,16693,426.0
15,16721,426.0
15,16735,426.0
15,16749,426.0
15,16751,426.0
15,16779,426.0
15,16811,426.0
15,16825,426.0
15,16839,426.0
15,16867,426.0
15,16881,426.0
15,16909,426.0
15,16935,426.0
15,16949,426.0
15,16951,426.0
15,16983,426.0
15,16985,426.0
15,16987,426.0
15,17003,426.0
15,17019,426.0
15,17049,426.0
15,17069,426.0
15,17083,426.0
15,17097,426.0
15,17125,426.0
15,17139,426.0
15,17169,426.0
15,17185,426.0
15,17187,426.0
15,17213,426.0
15,17227,426.0
15,17245,426.0
15,17259,426.0
15,17287,426.0
15,17301,426.0
15,17329,426.0
15,17331,426.0
15,17345,426.0
15,17359,426.0
15,17387,426.0
15,17389,426.0
15,17421,426.0
15,17435,426.0
15,17449,426.0
15,17463,426.0
15,17465,426.0
15,17479,426.0
15,17481,426.0
15,17509,426.0
15,17511,426.0
15,17541,426.0
15,17571,426.0
15,17601,426.0
15,17603,426.0
15,17619,426.0
15,17635,426.0
15,17649,426.0
15,17663,426.0
15,17689,426.0
15,17717,426.0
15,17733,426.0
15,17747,426.0
15,17761,426.0
15,17789,426.0
15,17815,426.0
15,17829,426.0
15,17843,426.0
15,17869,426.0
15,17895,426.0
15,17911,426.0
15,17925,426.0
15,17939,426.0
15,17957,426.0
15,17971,426.0
15,17987,426.0
15,18019,426.0
15,18033,426.0
15,18047,426.0
15,18061,426.0
15,18089,427.0
15,18091,427.0
15,18117,427.0
15,18133,427.0
15,18147,427.0
15,18149,427.0
15,18177,427.0
15,18191,427.0
15,18219,427.0
15,18221,427.0
15,18249,427.0
15,18265,427.0
15,18279,427.0
15,18305,427.0
15,18321,427.0
15,18335,427.0
15,18351,427.0
15,18381,427.0
15,18401,427.0
15,18427,427.0
15,18453,427.0
15,18479,427.0
15,18505,427.0
15,18537,427.0
15,18565,427.0
15,18567,427.0
15,18581,427.0
15,18597,427.0
15,18615,427.0
15,18629,427.0
15,18657,427.0
15,18671,427.0
15,18687,427.0
15,18717,427.0
15,18743,427.0
15,18771,427.0
16,8812,302.0
16,8826,302.0
16,8854,302.0
16,8868,302.0
16,8896,311.0
16,9371,321.0
16,9385,321.0
16,9415,321.0
16,9443,321.0
16,9473,340.0
16,9489,340.0
16,9507,340.0
16,9521,340.0
16,9535,340.0
16,9549,348.0
16,9575,348.0
16,9605,348.0
16,9621,348.0
16,9635,348.0
16,9649,348.0
16,9669,348.0
16,9697,348.0
16,9711,348.0
16,9727,348.0
16,9755,348.0
16,9773,348.0
16,9801,349.0
16,9827,349.0
16,9843,349.0
16,9869,349.0
16,9897,358.0
16,9911,358.0
16,9927,358.0
16,9957,358.0
16,9971,365.0
16,9973,365.0
16,9987,365.0
16,10001,365.0
16,10029,365.0
16,10057,365.0
16,10073,365.0
16,10103,383.0
16,10121,383.0
16,10151,383.0
16,10177,383.0
16,10179,383.0
16,10195,383.0
16,10221,383.0
16,10235,383.0
16,10261,383.0
16,10287,383.0
16,10301,383.0
16,10303,383.0
16,10305,383.0
16,10319,383.0
16,10345,383.0
16,10359,383.0
16,10373,383.0
16,10401,383.0
16,10415,383.0
16,10429,383.0
16,10451,383.0
16,10465,383.0
16,10495,383.0
16,10509,383.0
16,10537,383.0
16,10563,383.0
16,10591,383.0
16,10619,383.0
16,10645,383.0
16,10671,383.0
16,10701,383.0
16,10727,383.0
16,10747,383.0
16,10763,383.0
16,10781,383.0
16,10783,383.0
16,10813,383.0
16,10815,383.0
16,10829,383.0
16,10857,383.0
16,10873,383.0
16,10899,383.0
16,10931,383.0
16,10957,384.0
16,10973,384.0
16,10989,384.0
16,11015,387.0
16,11043,397.0
16,11071,397.0
16,11085,397.0
16,11099,397.0
16,11129,406.0
16,11143,406.0
16,11169,406.0
16,11183,406.0
16,11203,406.0
16,11219,406.0
16,11245,406.0
16,11273,406.0
16,11289,406.0
16,11305,406.0
16,11335,406.0
16,11337,406.0
16,11353,406.0
16,11369,406.0
16,11387,406.0
16,11401,406.0
16,11415,406.0
16,11445,406.0
16,11475,406.0
16,11503,406.0
16,11521,406.0
16,11551,412.0
16,11553,412.0
16,11579,413.0
16,11581,413.0
16,11597,413.0
16,11623,413.0
16,11637,413.0
16,11651,413.0
16,11667,413.0
16,11693,413.0
16,11711,413.0
16,11739,413.0
16,11755,413.0
16,11769,413.0
16,11771,413.0
16,11787,413.0
16,11815,413.0
16,11843,413.0
16,11857,413.0
16,11873,413.0
16,11903,413.0
16,11917,413.0
16,11943,413.0
16,11957,413.0
16,11983,413.0
16,11997,413.0
16,11999,413.0
16,12013,413.0
16,12039,413.0
16,12053,413.0
16,12079,413.0
16,12099,413.0
16,12115,413.0
16,12129,413.0
16,12143,413.0
16,12157,413.0
16,12183,413.0
16,12185,413.0
16,12199,413.0
16,12215,413.0
16,12217,413.0
16,12233,413.0
16,12263,413.0
16,12265,413.0
16,12291,413.0
16,12317,413.0
16,12343,413.0
16,12359,413.0
16,12387,413.0
16,12401,413.0
16,12417,413.0
16,12451,413.0
16,12479,413.0
16,12509,414.0
16,12535,414.0
16,12549,414.0
16,12581,414.0
16,12609,414.0
16,12643,414.0
16,12671,414.0
16,12699,414.0
16,12729,414.0
16,12743,414.0
16,12757,414.0
16,12787,414.0
16,12801,414.0
16,12827,414.0
16,12841,414.0
16,12855,414.0
16,12869,414.0
16,12895,414.0
16,12909,414.0
16,12937,414.0
16,12953,414.0
16,12979,414.0
16,12993,414.0
16,13007,414.0
16,13023,414.0
16,13049,414.0
16,13051,414.0
16,13067,414.0
16,13069,414.0
16,13097,414.0
16,13111,414.0
16,13125,414.0
16,13127,414.0
16,13155,414.0
16,13157,414.0
16,13171,414.0
16,13201,414.0
16,13215,414.0
16,13245,414.0
16,13273,414.0
16,13289,414.0
16,13291,414.0
16,13321,414.0
16,13335,414.0
16,13361,414.0
16,13387,414.0
16,13401,414.0
16,13415,414.0
16,13433,414.0
16,13447,414.0
16,13461,414.0
16,13489,414.0
16,13491,414.0
16,13507,414.0
16,13535,414.0
16,13549,414.0
16,13575,414.0
16,13589,414.0
16,13617,414.0
16,13619,414.0
16,13621,414.0
16,13637,414.0
16,13639,414.0
16,13641,414.0
16,13667,414.0
16,13693,416.0
16,13709,416.0
16,13723,416.0
16,13739,416.0
16,13765,416.0
16,13767,416.0
16,13769,416.0
16,13785,416.0
16,13803,416.0
16,13805,416.0
16,13833,416.0
16,13835,416.0
16,13837,416.0
16,13851,416.0
16,13883,416.0
16,13911,416.0
16,13925,416.0
16,13927,416.0
16,13953,416.0
16,13981,416.0
16,14009,416.0
16,14011,416.0
16,14037,416.0
16,14053,416.0
16,14055,416.0
16,14071,416.0
16,14097,416.0
16,14127,416.0
16,14129,416.0
16,14131,416.0
16,14147,416.0
16,14161,416.0
16,14187,416.0
16,14203,416.0
16,14231,416.0
16,14245,416.0
16,14277,416.0
16,14307,416.0
16,14323,416.0
16,14339,416.0
16,14365,416.0
16,14379,416.0
16,14381,416.0
16,14407,416.0
16,14409,416.0
16,14423,416.0
16,14425,416.0
16,14439,416.0
16,14453,416.0
16,14467,416.0
16,14497,416.0
16,14511,416.0
16,14527,416.0
16,14543,416.0
16,14545,416.0
16,14561,416.0
16,14575,416.0
16,14589,416.0
16,14615,416.0
16,14631,416.0
16,14645,416.0
16,14659,416.0
16,14685,417.0
16,14713,417.0
16,14729,417.0
16,14743,417.0
16,14757,417.0
16,14783,417.0
16,14815,417.0
16,14829,417.0
16,14857,421.0
16,14859,421.0
16,14885,421.0
16,14911,421.0
16,14927,421.0
16,14929,421.0
16,14961,421.0
16,14963,421.0
16,14979,421.0
16,14993,421.0
16,15023,421.0
16,15037,421.0
16,15065,421.0
16,15089,421.0
16,15105,421.0
16,15123,421.0
16,15137,421.0
16,15155,421.0
16,15169,421.0
16,15171,421.0
16,15173,421.0
16,15175,421.0
16,15189,421.0
16,15203,421.0
16,15229,421.0
16,15255,421.0
16,15269,421.0
16,15295,421.0
16,15309,421.0
16,15327,421.0
16,15353,421.0
16,15369,421.0
16,15371,421.0
16,15405,421.0
16,15423,421.0
16,15437,421.0
16,15439,421.0
16,15467,421.0
16,15469,421.0
16,15485,421.0
16,15487,421.0
16,15513,421.0
16,15515,421.0
16,15529,421.0
16,15531,421.0
16,15559,421.0
16,15575,421.0
16,15591,421.0
16,15619,421.0
16,15645,421.0
16,15671,421.0
16,15673,421.0
16,15687,421.0
16,15713,421.0
16,15741,421.0
16,15755,421.0
16,15769,421.0
16,15797,421.0
16,15799,421.0
16,15801,421.0
16,15815,421.0
16,15843,421.0
16,15857,421.0
16,15871,421.0
16,15885,421.0
16,15913,421.0
16,15939,421.0
16,15955,421.0
16,15957,421.0
16,15983,422.0
16,16009,422.0
16,16011,422.0
16,16039,422.0
16,16065,422.0
16,16093,422.0
16,16107,422.0
16,16133,422.0
16,16135,422.0
16,16151,422.0
16,16181,422.0
16,16195,422.0
16,16213,422.0
16,16241,426.0
16,16259,426.0
16,16273,426.0
16,16299,426.0
16,16313,426.0
16,16339,426.0
16,16353,426.0
16,16371,426.0
16,16387,426.0
16,16401,426.0
16,16415,426.0
16,16443,426.0
16,16471,426.0
16,16485,426.0
16,16511,426.0
16,16525,426.0
16,16551,426.0
16,16577,426.0
16,16607,426.0
16,16623,426.0
16,16625,426.0
16,16639,426.0
16,16655,426.0
16,16683,426.0
16,16697,426.0
16,16713,426.0
16,16715,426.0
16,16717,426.0
16,16733,426.0
16,16763,426.0
16,16791,426.0
16,16793,426.0
16,16823,426.0
16,16837,426.0
16,16851,426.0
16,16883,426.0
16,16897,426.0
16,16913,426.0
16,16927,426.0
16,16943,426.0
16,16971,426.0
16,16985,426.0
16,17013,426.0
16,17031,426.0
16,17059,426.0
16,17061,426.0
16,17063,426.0
16,17065,426.0
16,17093,426.0
16,17121,426.0
16,17137,426.0
16,17165,426.0
16,17179,426.0
16,17181,426.0
16,17183,426.0
16,17199,426.0
16,17213,426.0
16,17215,426.0
16,17229,426.0
16,17243,426.0
16,17271,426.0
16,17285,426.0
16,17301,426.0
16,17315,426.0
16,17345,426.0
16,17359,426.0
16,17373,426.0
16,17403,426.0
16,17429,426.0
16,17447,426.0
16,17475,426.0
16,17477,426.0
16,17507,426.0
16,17521,426.0
16,17547,426.0
16,17575,426.0
16,17603,426.0
16,17617,426.0
16,17649,426.0
16,17675,426.0
16,17693,426.0
16,17707,426.0
16,17739,426.0
16,17765,426.0
16,17781,426.0
16,17795,426.0
16,17809,426.0
16,17837,426.0
16,17839,426.0
16,17869,426.0
16,17883,426.0
16,17901,426.0
16,17917,426.0
16,17919,426.0
16,17933,426.0
16,17953,426.0
16,17971,426.0
16,17987,426.0
16,17989,426.0
16,18017,426.0
16,18045,426.0
16,18047,426.0
16,18075,426.0
16,18089,426.0
16,18103,426.0
16,18117,426.0
16,18143,426.0
16,18173,426.0
16,18187,426.0
16,18201,426.0
16,18217,426.0
16,18231,429.0
16,18245,429.0
16,18259,429.0
16,18289,429.0
16,18317,429.0
16,18345,429.0
16,18377,429.0
16,18407,429.0
16,18425,429.0
16,18439,429.0
16,18441,429.0
16,18443,429.0
16,18477,429.0
16,18503,429.0
16,18517,429.0
16,18547,429.0
16,18549,429.0
16,18567,429.0
16,18581,429.0
16,18607,429.0
16,18621,429.0
16,18623,429.0
16,18637,429.0
16,18663,429.0
16,18689,429.0
16,18703,429.0
16,18717,429.0
16,18743,429.0
16,18771,429.0
16,18787,429.0
17,8710,310.0
17,8726,310.0
17,8756,310.0
17,8784,333.0
17,8816,333.0
17,8846,333.0
17,8860,333.0
17,8862,333.0
17,8890,333.0
17,8904,333.0
17,8920,333.0
17,8952,333.0
17,8980,333.0
17,9008,333.0
17,9024,333.0
17,9038,334.0
17,9052,334.0
17,9066,334.0
17,9092,346.0
17,9108,346.0
17,9124,346.0
17,9138,346.0
17,9152,346.0
17,9168,346.0
17,9170,346.0
17,9184,346.0
17,9198,346.0
17,9212,347.0
17,9228,347.0
17,9244,347.0
17,9270,355.0
17,9284,355.0
17,9298,355.0
17,9312,360.0
17,9755,360.0
17,9769,372.0
17,9783,382.0
17,9797,382.0
17,9811,382.0
17,9825,382.0
17,9839,382.0
17,9867,382.0
17,9869,382.0
17,9885,382.0
17,9899,382.0
17,9927,382.0
17,9953,382.0
17,9967,384.0
17,9969,384.0
17,9983,384.0
17,10011,384.0
17,10025,392.0
17,10051,392.0
17,10079,392.0
17,10097,392.0
17,10111,392.0
17,10127,392.0
17,10129,392.0
17,10157,392.0
17,10159,392.0
17,10175,392.0
17,10189,392.0
17,10203,392.0
17,10219,392.0
17,10221,392.0
17,10235,392.0
17,10237,392.0
17,10265,394.0
17,10279,394.0
17,10281,394.0
17,10311,394.0
17,10325,394.0
17,10361,394.0
17,10375,394.0
17,10377,394.0
17,10403,394.0
17,10429,394.0
17,10455,394.0
17,10471,394.0
17,10473,394.0
17,10489,394.0
17,10503,399.0
17,10519,399.0
17,10545,399.0
17,10559,406.0
17,10573,406.0
17,10589,406.0
17,10617,406.0
17,10631,406.0
17,10645,406.0
17,10659,406.0
17,10661,406.0
17,10687,406.0
17,10703,406.0
17,10719,406.0
17,10733,406.0
17,10751,406.0
17,10765,406.0
17,10793,406.0
17,10807,406.0
17,10821,412.0
17,10849,412.0
17,10863,412.0
17,10879,412.0
17,10895,412.0
17,10923,412.0
17,10939,412.0
17,10969,414.0
17,10985,414.0
17,10999,414.0
17,11017,414.0
17,11049,414.0
17,11075,414.0
17,11103,414.0
17,11105,414.0
17,11133,414.0
17,11147,414.0
17,11163,414.0
17,11191,414.0
17,11219,414.0
17,11245,417.0
17,11275,417.0
17,11277,417.0
17,11295,417.0
17,11309,417.0
17,11327,417.0
17,11353,417.0
17,11367,417.0
17,11383,417.0
17,11385,417.0
17,11411,417.0
17,11427,417.0
17,11455,417.0
17,11471,417.0
17,11497,417.0
17,11511,417.0
17,11543,417.0
17,11557,417.0
17,11571,417.0
17,11601,417.0
17,11603,417.0
17,11617,417.0
17,11631,417.0
17,11657,417.0
17,11687,417.0
17,11689,417.0
17,11691,417.0
17,11717,417.0
17,11743,417.0
17,11745,417.0
17,11775,417.0
17,11805,417.0
17,11831,417.0
17,11845,417.0
17,11875,417.0
17,11903,417.0
17,11919,417.0
17,11935,417.0
17,11967,417.0
17,11981,417.0
17,12009,417.0
17,12023,417.0
17,12025,417.0
17,12039,417.0
17,12067,417.0
17,12095,417.0
17,12125,417.0
17,12157,417.0
17,12185,417.0
17,12187,417.0
17,12215,417.0
17,12217,417.0
17,12243,417.0
17,12269,417.0
17,12295,425.0
17,12321,425.0
17,12335,425.0
17,12361,425.0
17,12375,425.0
17,12389,425.0
17,12415,425.0
17,12417,425.0
17,12435,425.0
17,12461,425.0
17,12487,425.0
17,12501,425.0
17,12529,425.0
17,12531,425.0
17,12559,425.0
17,12587,425.0
17,12589,425.0
17,12603,425.0
17,12605,425.0
17,12635,425.0
17,12651,425.0
17,12679,425.0
17,12681,425.0
17,12695,425.0
17,12709,425.0
17,12711,425.0
17,12737,425.0
17,12753,425.0
17,12785,425.0
17,12799,425.0
17,12829,425.0
17,12831,425.0
17,12857,425.0
17,12873,425.0
17,12889,425.0
17,12917,425.0
17,12933,425.0
17,12947,425.0
17,12977,425.0
17,13007,425.0
17,13037,425.0
17,13039,425.0
17,13041,425.0
17,13071,425.0
17,13087,425.0
17,13103,425.0
17,13117,425.0
17,13143,425.0
17,13157,425.0
17,13171,425.0
17,13185,425.0
17,13203,425.0
17,13205,425.0
17,13235,425.0
17,13251,425.0
17,13253,425.0
17,13267,425.0
17,13283,425.0
17,13313,425.0
17,13341,425.0
17,13371,425.0
17,13385,425.0
17,13415,425.0
17,13431,425.0
17,13433,425.0
17,13447,425.0
17,13475,425.0
17,13503,425.0
17,13517,425.0
17,13543,425.0
17,13561,425.0
17,13575,425.0
17,13589,425.0
17,13619,425.0
17,13621,425.0
17,13635,425.0
17,13665,425.0
17,13667,425.0
17,13685,425.0
17,13699,425.0
17,13719,425.0
17,13737,425.0
17,13751,425.0
17,13753,425.0
17,13767,425.0
17,13769,425.0
17,13771,425.0
17,13799,425.0
17,13829,425.0
17,13845,425.0
17,13861,425.0
17,13891,425.0
17,13905,425.0
17,13919,425.0
17,13935,425.0
17,13949,425.0
17,13979,425.0
17,14007,425.0
17,14021,425.0
17,14035,425.0
17,14037,425.0
17,14063,425.0
17,14089,429.0
17,14103,429.0
17,14117,429.0
17,14133,429.0
17,14147,429.0
17,14165,429.0
17,14179,429.0
17,14205,429.0
17,14233,429.0
17,14235,429.0
17,14249,429.0
17,14275,429.0
17,14289,429.0
17,14315,429.0
17,14329,429.0
17,14357,429.0
17,14371,429.0
17,14385,429.0
17,14411,429.0
17,14427,429.0
17,14429,429.0
17,14461,429.0
17,14475,429.0
17,14477,429.0
17,14479,429.0
17,14493,429.0
17,14507,429.0
17,14539,429.0
17,14553,429.0
17,14583,429.0
17,14585,429.0
17,14599,429.0
17,14613,429.0
17,14643,429.0
17,14659,429.0
17,14685,429.0
17,14699,429.0
17,14731,429.0
17,14757,429.0
17,14773,429.0
17,14775,429.0
17,14803,429.0
17,14819,429.0
17,14833,429.0
17,14835,429.0
17,14861,429.0
17,14877,429.0
17,14907,429.0
17,14923,429.0
17,14925,429.0
17,14939,429.0
17,14953,429.0
17,14979,429.0
17,14993,429.0
17,15019,429.0
17,15033,429.0
17,15049,429.0
17,15063,429.0
17,15065,429.0
17,15067,429.0
17,15081,429.0
17,15097,429.0
17,15127,429.0
17,15153,429.0
17,15181,429.0
17,15207,429.0
17,15223,429.0
17,15253,429.0
17,15267,429.0
17,15293,429.0
17,15319,429.0
17,15345,429.0
17,15359,429.0
17,15373,429.0
17,15403,429.0
17,15433,429.0
17,15435,429.0
17,15453,429.0
17,15467,429.0
17,15481,429.0
17,15509,429.0
17,15539,429.0
17,15541,429.0
17,15555,429.0
17,15557,429.0
17,15573,429.0
17,15591,429.0
17,15607,429.0
17,15633,429.0
17,15647,429.0
17,15675,429.0
17,15689,429.0
17,15703,429.0
17,15733,429.0
17,15761,429.0
17,15777,429.0
17,15791,429.0
17,15793,429.0
17,15809,429.0
17,15823,429.0
17,15837,429.0
17,15865,429.0
17,15891,429.0
17,15907,429.0
17,15921,429.0
17,15935,429.0
17,15961,429.0
17,15963,429.0
17,15989,429.0
17,16015,429.0
17,16029,429.0
17,16055,429.0
17,16071,429.0
17,16101,429.0
17,16115,429.0
17,16145,429.0
17,16173,429.0
17,16175,429.0
17,16199,429.0
17,16201,429.0
17,16229,429.0
17,16259,429.0
17,16287,429.0
17,16303,429.0
17,16317,429.0
17,16347,429.0
17,16349,429.0
17,16379,429.0
17,16393,429.0
17,16407,429.0
17,16423,429.0
17,16437,429.0
17,16451,429.0
17,16479,429.0
17,16509,429.0
17,16537,429.0
17,16563,429.0
17,16593,429.0
17,16607,429.0
17,16635,429.0
17,16661,429.0
17,16663,429.0
17,16677,429.0
17,16691,429.0
17,16705,429.0
17,16719,429.0
17,16733,429.0
17,16749,429.0
17,16779,429.0
17,16809,429.0
17,16827,429.0
17,16845,429.0
17,16859,429.0
17,16861,429.0
17,16875,429.0
17,16889,429.0
17,16919,429.0
17,16937,429.0
17,16955,429.0
17,16971,429.0
17,16985,429.0
17,17011,429.0
17,17037,429.0
17,17063,429.0
17,17089,429.0
17,17115,429.0
17,17129,429.0
17,17157,429.0
17,17185,429.0
17,17211,429.0
17,17227,429.0
17,17245,429.0
17,17273,429.0
17,17287,429.0
17,17317,429.0
17,17333,429.0
17,17361,429.0
17,17375,429.0
17,17391,429.0
17,17421,429.0
17,17435,429.0
17,17457,429.0
17,17473,429.0
17,17499,429.0
17,17501,429.0
17,17517,429.0
17,17545,429.0
17,17547,429.0
17,17575,429.0
17,17601,429.0
17,17615,429.0
17,17631,429.0
17,17649,429.0
17,17675,429.0
17,17695,429.0
17,17709,429.0
17,17725,429.0
17,17739,429.0
17,17759,429.0
17,17773,429.0
17,17787,429.0
17,17803,429.0
17,17831,429.0
17,17833,429.0
17,17849,429.0
17,17865,429.0
17,17881,429.0
17,17907,429.0
17,17933,429.0
17,17949,429.0
17,17963,429.0
17,17991,429.0
17,18009,429.0
17,18025,429.0
17,18051,429.0
17,18081,429.0
17,18107,429.0
17,18133,429.0
17,18165,429.0
17,18183,429.0
17,18197,429.0
17,18211,429.0
17,18237,429.0
17,18251,429.0
17,18265,429.0
17,18281,429.0
17,18295,429.0
17,18309,429.0
17,18339,429.0
17,18371,429.0
17,18399,429.0
17,18431,429.0
17,18445,429.0
17,18459,429.0
17,18461,429.0
17,18463,429.0
17,18493,429.0
17,18519,429.0
17,18533,429.0
17,18565,429.0
17,18579,429.0
17,18601,429.0
17,18619,429.0
17,18621,429.0
17,18639,429.0
17,18669,429.0
17,18685,429.0
17,18711,429.0
18,8876,331.0
18,8890,343.0
18,8892,343.0
18,8908,343.0
18,8940,343.0
18,9411,343.0
18,9441,343.0
18,9459,343.0
18,9473,343.0
18,9487,343.0
18,9515,343.0
18,9529,343.0
18,9557,343.0
18,9585,343.0
18,9613,343.0
18,9633,343.0
18,9659,343.0
18,9687,343.0
18,9689,343.0
18,9717,343.0
18,9751,343.0
18,9783,343.0
18,9809,343.0
18,9823,343.0
18,9839,343.0
18,9853,366.0
18,9873,366.0
18,9889,366.0
18,9907,366.0
18,9939,366.0
18,9955,366.0
18,9957,366.0
18,9983,366.0
18,9985,366.0
18,9999,366.0
18,10013,366.0
18,10039,366.0
18,10041,366.0
18,10071,366.0
18,10085,366.0
18,10111,366.0
18,10127,366.0
18,10141,366.0
18,10167,366.0
18,10195,366.0
18,10209,366.0
18,10211,366.0
18,10213,366.0
18,10243,366.0
18,10259,366.0
18,10277,366.0
18,10307,379.0
18,10321,379.0
18,10335,379.0
18,10351,379.0
18,10367,379.0
18,10381,379.0
18,10401,379.0
18,10415,379.0
18,10433,379.0
18,10447,379.0
18,10473,379.0
18,10487,379.0
18,10489,379.0
18,10519,379.0
18,10535,379.0
18,10549,379.0
18,10563,379.0
18,10565,379.0
18,10581,379.0
18,10595,379.0
18,10621,383.0
18,10635,383.0
18,10637,383.0
18,10639,383.0
18,10653,383.0
18,10681,383.0
18,10709,383.0
18,10723,383.0
18,10751,383.0
18,10765,383.0
18,10767,383.0
18,10783,383.0
18,10785,383.0
18,10787,383.0
18,10801,383.0
18,10829,383.0
18,10855,383.0
18,10881,389.0
18,10897,389.0
18,10911,389.0
18,10925,389.0
18,10941,389.0
18,10943,389.0
18,10945,389.0
18,10971,389.0
18,11003,389.0
18,11005,389.0
18,11031,389.0
18,11051,389.0
18,11067,389.0
18,11081,390.0
18,11111,390.0
18,11125,390.0
18,11127,390.0
18,11129,390.0
18,11131,390.0
18,11147,390.0
18,11175,390.0
18,11189,390.0
18,11191,390.0
18,11219,390.0
18,11233,398.0
18,11235,398.0
18,11263,398.0
18,11277,398.0
18,11291,398.0
18,11305,398.0
18,11319,398.0
18,11357,398.0
18,11371,398.0
18,11397,398.0
18,11411,398.0
18,11429,398.0
18,11431,398.0
18,11461,398.0
18,11475,398.0
18,11491,398.0
18,11509,398.0
18,11525,398.0
18,11527,398.0
18,11541,398.0
18,11567,398.0
18,11569,398.0
18,11583,398.0
18,11597,398.0
18,11627,398.0
18,11641,398.0
18,11655,398.0
18,11681,398.0
18,11709,398.0
18,11723,398.0
18,11751,402.0
18,11753,402.0
18,11781,402.0
18,11783,402.0
18,11799,402.0
18,11813,402.0
18,11843,402.0
18,11857,402.0
18,11871,402.0
18,11891,402.0
18,11919,402.0
18,11933,402.0
18,11961,402.0
18,11975,402.0
18,11993,402.0
18,12009,402.0
18,12035,407.0
18,12051,407.0
18,12067,407.0
18,12083,407.0
18,12097,407.0
18,12111,407.0
18,12137,407.0
18,12171,407.0
18,12185,407.0
18,12199,407.0
18,12201,407.0
18,12215,407.0
18,12233,407.0
18,12259,407.0
18,12273,407.0
18,12301,407.0
18,12331,407.0
18,12357,407.0
18,12371,407.0
18,12385,407.0
18,12411,407.0
18,12443,407.0
18,12471,407.0
18,12485,407.0
18,12501,407.0
18,12529,407.0
18,12543,407.0
18,12545,407.0
18,12559,407.0
18,12577,407.0
18,12603,407.0
18,12617,407.0
18,12645,407.0
18,12671,407.0
18,12685,407.0
18,12687,407.0
18,12701,407.0
18,12715,407.0
18,12729,410.0
18,12755,410.0
18,12771,410.0
18,12785,410.0
18,12799,410.0
18,12815,410.0
18,12817,410.0
18,12831,410.0
18,12833,410.0
18,12859,410.0
18,12861,410.0
18,12875,410.0
18,12889,410.0
18,12919,410.0
18,12945,410.0
18,12947,410.0
18,12949,410.0
18,12967,410.0
18,12995,410.0
18,13021,410.0
18,13047,410.0
18,13061,410.0
18,13079,410.0
18,13105,414.0
18,13133,414.0
18,13149,414.0
18,13175,414.0
18,13189,414.0
18,13207,414.0
18,13221,414.0
18,13249,414.0
18,13267,414.0
18,13269,414.0
18,13299,414.0
18,13313,414.0
18,13331,414.0
18,13345,414.0
18,13373,414.0
18,13375,414.0
18,13401,414.0
18,13429,414.0
18,13457,414.0
18,13459,414.0
18,13485,414.0
18,13515,414.0
18,13543,414.0
18,13557,414.0
18,13585,414.0
18,13603,414.0
18,13605,414.0
18,13607,414.0
18,13637,414.0
18,13667,414.0
18,13681,414.0
18,13695,414.0
18,13711,414.0
18,13739,414.0
18,13767,414.0
18,13781,414.0
18,13783,414.0
18,13809,414.0
18,13839,414.0
18,13853,414.0
18,13855,414.0
18,13883,414.0
18,13917,414.0
18,13943,414.0
18,13959,414.0
18,13989,414.0
18,14005,414.0
18,14019,414.0
18,14035,414.0
18,14037,414.0
18,14055,414.0
18,14057,414.0
18,14071,414.0
18,14073,414.0
18,14075,414.0
18,14105,414.0
18,14107,414.0
18,14127,414.0
18,14141,414.0
18,14167,414.0
18,14183,414.0
18,14197,414.0
18,14225,414.0
18,14239,414.0
18,14253,414.0
18,14267,414.0
18,14281,414.0
18,14295,414.0
18,14297,414.0
18,14311,414.0
18,14341,414.0
18,14369,414.0
18,14399,414.0
18,14401,414.0
18,14417,414.0
18,14431,414.0
18,14433,414.0
18,14435,414.0
18,14437,414.0
18,14453,414.0
18,14467,414.0
18,14485,414.0
18,14499,414.0
18,14533,414.0
18,14563,414.0
18,14577,414.0
18,14603,418.0
18,14629,418.0
18,14631,418.0
18,14645,418.0
18,14679,418.0
18,14695,418.0
18,14711,418.0
18,14725,418.0
18,14741,418.0
18,14755,418.0
18,14781,418.0
18,14797,418.0
18,14799,418.0
18,14827,418.0
18,14855,418.0
18,14881,418.0
18,14907,418.0
18,14909,418.0
18,14925,418.0
18,14951,418.0
18,14953,418.0
18,14967,418.0
18,14981,418.0
18,14983,418.0
18,15019,418.0
18,15021,418.0
18,15023,418.0
18,15025,418.0
18,15051,418.0
18,15081,418.0
18,15095,418.0
18,15111,418.0
18,15127,418.0
18,15153,418.0
18,15171,418.0
18,15201,418.0
18,15217,418.0
18,15231,418.0
18,15257,418.0
18,15283,418.0
18,15297,418.0
18,15311,418.0
18,15325,418.0
18,15355,418.0
18,15383,418.0
18,15397,418.0
18,15413,418.0
18,15429,418.0
18,15443,418.0
18,15475,418.0
18,15505,418.0
18,15533,418.0
18,15547,418.0
18,15565,418.0
18,15579,418.0
18,15593,418.0
18,15607,418.0
18,15621,418.0
18,15653,418.0
18,15669,418.0
18,15671,418.0
18,15685,418.0
18,15699,418.0
18,15713,418.0
18,15729,418.0
18,15731,418.0
18,15733,418.0
18,15759,418.0
18,15787,418.0
18,15801,418.0
18,15815,418.0
18,15829,418.0
18,15865,418.0
18,15879,418.0
18,15881,418.0
18,15907,426.0
18,15921,426.0
18,15947,426.0
18,15965,426.0
18,15967,426.0
18,15995,426.0
18,16023,426.0
18,16051,426.0
18,16053,426.0
18,16083,426.0
18,16099,426.0
18,16125,426.0
18,16145,426.0
18,16171,426.0
18,16173,426.0
18,16201,426.0
18,16219,426.0
18,16249,426.0
18,16251,426.0
18,16265,426.0
18,16281,426.0
18,16295,426.0
18,16297,426.0
18,16313,426.0
18,16327,426.0
18,16353,426.0
18,16379,426.0
18,16381,426.0
18,16409,426.0
18,16411,426.0
18,16437,426.0
18,16451,426.0
18,16477,426.0
18,16509,426.0
18,16525,426.0
18,16545,426.0
18,16573,426.0
18,16587,426.0
18,16615,426.0
18,16617,426.0
18,16637,426.0
18,16651,426.0
18,16667,426.0
18,16695,426.0
18,16721,426.0
18,16747,426.0
18,16773,426.0
18,16789,426.0
18,16815,426.0
18,16833,426.0
18,16861,426.0
18,16889,426.0
18,16907,426.0
18,16921,426.0
18,16935,426.0
18,16963,426.0
18,16977,426.0
18,17003,426.0
18,17017,426.0
18,17035,426.0
18,17053,426.0
18,17071,426.0
18,17101,426.0
18,17131,426.0
18,17159,426.0
18,17189,426.0
18,17203,426.0
18,17205,426.0
18,17221,426.0
18,17235,426.0
18,17249,426.0
18,17251,426.0
18,17279,426.0
18,17307,426.0
18,17323,426.0
18,17351,426.0
18,17379,426.0
18,17393,426.0
18,17409,426.0
18,17411,426.0
18,17439,426.0
18,17467,426.0
18,17485,426.0
18,17499,426.0
18,17513,426.0
18,17527,426.0
18,17541,426.0
18,17557,426.0
18,17587,426.0
18,17603,426.0
18,17619,426.0
18,17649,426.0
18,17651,426.0
18,17665,426.0
18,17683,426.0
18,17697,426.0
18,17727,426.0
18,17755,426.0
18,17783,426.0
18,17809,426.0
18,17825,426.0
18,17827,426.0
18,17843,426.0
18,17875,426.0
18,17877,426.0
18,17903,426.0
18,17929,426.0
18,17945,426.0
18,17971,426.0
18,17997,426.0
18,18011,426.0
18,18041,426.0
18,18067,426.0
18,18081,426.0
18,18097,426.0
18,18125,426.0
18,18151,426.0
18,18177,426.0
18,18207,426.0
18,18223,426.0
18,18251,426.0
18,18279,426.0
18,18293,426.0
18,18319,426.0
18,18333,426.0
18,18361,426.0
18,18377,426.0
18,18407,426.0
18,18435,426.0
18,18463,426.0
18,18465,426.0
18,18493,426.0
18,18519,426.0
18,18533,426.0
18,18549,426.0
18,18567,426.0
18,18569,426.0
18,18583,426.0
18,18601,426.0
18,18617,426.0
18,18631,426.0
18,18647,426.0
18,18677,426.0
18,18693,426.0
18,18709,426.0
18,18725,426.0
18,18739,426.0
18,18769,426.0
18,18797,426.0
18,18799,426.0
18,18813,426.0
18,18815,426.0
18,18829,426.0
18,18831,426.0
18,18847,426.0
18,18849,426.0
18,18879,426.0
19,8844,317.0
19,9293,318.0
19,9319,318.0
19,9333,341.0
19,9349,341.0
19,9375,346.0
19,9389,346.0
19,9415,346.0
19,9417,346.0
19,9443,346.0
19,9471,346.0
19,9485,346.0
19,9501,346.0
19,9529,346.0
19,9531,346.0
19,9545,346.0
19,9559,346.0
19,9591,346.0
19,9607,346.0
19,9637,346.0
19,9671,346.0
19,9687,346.0
19,9717,346.0
19,9731,346.0
19,9745,346.0
19,9759,346.0
19,9787,348.0
19,9803,348.0
19,9821,348.0
19,9847,348.0
19,9863,348.0
19,9889,348.0
19,9907,348.0
19,9933,355.0
19,9961,365.0
19,9991,365.0
19,10023,365.0
19,10025,365.0
19,10039,365.0
19,10053,365.0
19,10067,365.0
19,10069,365.0
19,10085,365.0
19,10113,365.0
19,10133,365.0
19,10159,377.0
19,10185,377.0
19,10211,385.0
19,10241,385.0
19,10255,385.0
19,10269,385.0
19,10271,385.0
19,10273,385.0
19,10299,385.0
19,10331,385.0
19,10347,385.0
19,10349,385.0
19,10365,385.0
19,10379,385.0
19,10407,385.0
19,10421,385.0
19,10453,385.0
19,10467,385.0
19,10497,385.0
19,10525,385.0
19,10551,385.0
19,10553,385.0
19,10581,389.0
19,10597,389.0
19,10613,389.0
19,10627,389.0
19,10643,389.0
19,10657,389.0
19,10671,389.0
19,10685,389.0
19,10719,389.0
19,10735,389.0
19,10753,389.0
19,10779,389.0
19,10795,389.0
19,10811,389.0
19,10825,389.0
19,10839,394.0
19,10865,394.0
19,10879,394.0
19,10899,394.0
19,10927,394.0
19,10929,394.0
19,10943,394.0
19,10975,394.0
19,11001,394.0
19,11015,394.0
19,11043,394.0
19,11045,394.0
19,11059,394.0
19,11085,394.0
19,11099,394.0
19,11125,394.0
19,11139,394.0
19,11167,394.0
19,11169,394.0
19,11187,394.0
19,11217,394.0
19,11243,394.0
19,11245,394.0
19,11261,394.0
19,11263,394.0
19,11277,394.0
19,11279,394.0
19,11295,394.0
19,11297,394.0
19,11315,394.0
19,11329,394.0
19,11357,394.0
19,11371,394.0
19,11397,394.0
19,11413,394.0
19,11427,400.0
19,11453,400.0
19,11481,400.0
19,11483,400.0
19,11499,400.0
19,11517,400.0
19,11519,400.0
19,11533,408.0
19,11561,408.0
19,11577,408.0
19,11607,408.0
19,11609,408.0
19,11637,409.0
19,11653,409.0
19,11669,409.0
19,11683,409.0
19,11685,409.0
19,11711,409.0
19,11747,409.0
19,11773,409.0
19,11775,409.0
19,11801,409.0
19,11815,409.0
19,11817,409.0
19,11831,409.0
19,11849,409.0
19,11879,409.0
19,11893,410.0
19,11911,410.0
19,11925,410.0
19,11939,410.0
19,11967,410.0
19,11985,410.0
19,11999,413.0
19,12017,413.0
19,12031,413.0
19,12047,413.0
19,12061,413.0
19,12091,413.0
19,12105,413.0
19,12119,413.0
19,12133,413.0
19,12159,413.0
19,12175,413.0
19,12177,413.0
19,12205,413.0
19,12221,413.0
19,12237,413.0
19,12239,413.0
19,12255,413.0
19,12271,413.0
19,12285,413.0
19,12315,413.0
19,12331,413.0
19,12345,413.0
19,12371,413.0
19,12385,413.0
19,12387,413.0
19,12403,413.0
19,12437,413.0
19,12453,413.0
19,12467,413.0
19,12493,413.0
19,12521,413.0
19,12537,413.0
19,12539,413.0
19,12553,413.0
19,12579,413.0
19,12581,413.0
19,12599,413.0
19,12625,413.0
19,12627,413.0
19,12629,413.0
19,12663,413.0
19,12677,413.0
19,12679,413.0
19,12695,413.0
19,12721,413.0
19,12737,413.0
19,12755,413.0
19,12769,413.0
19,12771,413.0
19,12797,413.0
19,12833,413.0
19,12835,413.0
19,12871,413.0
19,12885,413.0
19,12913,413.0
19,12927,413.0
19,12941,413.0
19,12969,413.0
19,12995,413.0
19,13011,413.0
19,13025,413.0
19,13041,413.0
19,13055,413.0
19,13081,413.0
19,13083,413.0
19,13099,413.0
19,13125,413.0
19,13127,413.0
19,13143,413.0
19,13159,413.0
19,13185,413.0
19,13187,413.0
19,13215,413.0
19,13231,413.0
19,13233,413.0
19,13247,413.0
19,13273,413.0
19,13287,413.0
19,13313,423.0
19,13327,423.0
19,13347,423.0
19,13361,423.0
19,13377,423.0
19,13391,423.0
19,13419,423.0
19,13433,423.0
19,13435,423.0
19,13463,423.0
19,13477,423.0
19,13493,423.0
19,13495,423.0
19,13497,423.0
19,13513,423.0
19,13539,423.0
19,13553,423.0
19,13579,423.0
19,13581,423.0
19,13595,423.0
19,13621,424.0
19,13639,424.0
19,13653,424.0
19,13681,424.0
19,13683,424.0
19,13699,424.0
19,13715,424.0
19,13731,424.0
19,13745,424.0
19,13759,424.0
19,13775,424.0
19,13789,424.0
19,13803,424.0
19,13819,424.0
19,13833,424.0
19,13859,424.0
19,13887,424.0
19,13905,424.0
19,13907,424.0
19,13923,424.0
19,13937,424.0
19,13953,424.0
19,13967,424.0
19,13969,424.0
19,13985,424.0
19,13999,424.0
19,14013,424.0
19,14039,424.0
19,14065,424.0
19,14079,424.0
19,14095,424.0
19,14121,424.0
19,14149,424.0
19,14163,424.0
19,14193,424.0
19,14207,424.0
19,14221,424.0
19,14223,424.0
19,14251,424.0
19,14277,424.0
19,14291,424.0
19,14305,424.0
19,14307,424.0
19,14323,424.0
19,14337,424.0
19,14351,424.0
19,14365,424.0
19,14381,424.0
19,14407,424.0
19,14439,424.0
19,14469,424.0
19,14483,424.0
19,14513,424.0
19,14529,424.0
19,14557,424.0
19,14585,426.0
19,14617,426.0
19,14633,426.0
19,14647,426.0
19,14675,426.0
19,14689,426.0
19,14703,426.0
19,14733,426.0
19,14765,426.0
19,14779,426.0
19,14793,426.0
19,14807,426.0
19,14835,426.0
19,14837,426.0
19,14853,426.0
19,14869,426.0
19,14871,426.0
19,14885,426.0
19,14899,426.0
19,14917,426.0
19,14943,426.0
19,14957,426.0
19,14983,426.0
19,14985,426.0
19,15015,426.0
19,15029,426.0
19,15031,426.0
19,15049,426.0
19,15075,426.0
19,15107,426.0
19,15109,426.0
19,15111,426.0
19,15125,426.0
19,15143,426.0
19,15173,426.0
19,15207,426.0
19,15233,426.0
19,15261,426.0
19,15287,426.0
19,15289,426.0
19,15303,426.0
19,15333,426.0
19,15359,426.0
19,15361,426.0
19,15375,426.0
19,15401,426.0
19,15415,426.0
19,15443,426.0
19,15457,426.0
19,15487,426.0
19,15489,426.0
19,15519,426.0
19,15521,426.0
19,15541,426.0
19,15569,426.0
19,15583,426.0
19,15599,426.0
19,15601,426.0
19,15615,426.0
19,15629,426.0
19,15643,426.0
19,15673,426.0
19,15687,426.0
19,15713,426.0
19,15727,426.0
19,15741,426.0
19,15759,426.0
19,15761,426.0
19,15789,426.0
19,15815,426.0
19,15829,426.0
19,15843,426.0
19,15871,426.0
19,15899,426.0
19,15927,426.0
19,15955,426.0
19,15987,426.0
19,15989,426.0
19,16017,426.0
19,16031,426.0
19,16049,426.0
19,16065,426.0
19,16099,426.0
19,16115,426.0
19,16143,426.0
19,16173,426.0
19,16187,426.0
19,16201,426.0
19,16219,426.0
19,16233,426.0
19,16259,426.0
19,16289,426.0
19,16303,426.0
19,16317,426.0
19,16335,426.0
19,16353,426.0
19,16367,426.0
19,16395,426.0
19,16397,426.0
19,16429,426.0
19,16457,426.0
19,16473,426.0
19,16491,426.0
19,16521,426.0
19,16523,426.0
19,16539,426.0
19,16541,426.0
19,16569,426.0
19,16597,426.0
19,16599,426.0
19,16625,426.0
19,16653,426.0
19,16679,426.0
19,16705,426.0
19,16719,426.0
19,16733,426.0
19,16763,426.0
19,16783,426.0
19,16813,426.0
19,16815,426.0
19,16847,426.0
19,16863,426.0
19,16893,426.0
19,16907,426.0
19,16921,426.0
19,16947,426.0
19,16963,426.0
19,16979,426.0
19,16993,426.0
19,17009,426.0
19,17011,426.0
19,17039,426.0
19,17077,426.0
19,17093,426.0
19,17107,426.0
19,17135,426.0
19,17151,426.0
19,17179,426.0
19,17181,426.0
19,17207,426.0
19,17233,426.0
19,17247,426.0
19,17273,426.0
19,17289,426.0
19,17319,426.0
19,17337,426.0
19,17351,426.0
19,17379,426.0
19,17395,426.0
19,17411,426.0
19,17413,426.0
19,17441,426.0
19,17457,426.0
19,17475,426.0
19,17477,426.0
19,17505,426.0
19,17519,426.0
19,17537,426.0
19,17539,426.0
19,17553,426.0
19,17581,426.0
19,17595,426.0
19,17609,426.0
19,17635,426.0
19,17661,426.0
19,17691,426.0
19,17705,426.0
19,17721,426.0
19,17739,426.0
19,17741,426.0
19,17759,426.0
19,17785,426.0
19,17817,426.0
19,17845,426.0
19,17863,426.0
19,17891,426.0
19,17905,426.0
19,17933,426.0
19,17947,426.0
19,17965,426.0
19,17979,426.0
19,18007,426.0
19,18037,426.0
19,18051,426.0
19,18069,426.0
19,18071,426.0
19,18087,426.0
19,18115,426.0
19,18131,426.0
19,18147,426.0
19,18173,426.0
19,18187,426.0
19,18205,426.0
19,18231,426.0
19,18259,426.0
19,18285,426.0
19,18301,426.0
19,18327,426.0
19,18343,426.0
19,18369,426.0
19,18383,426.0
19,18399,426.0
19,18413,426.0
19,18441,426.0
19,18469,426.0
19,18499,426.0
19,18525,426.0
19,18527,426.0
19,18545,426.0
19,18579,426.0
19,18593,426.0
19,18611,426.0
19,18625,426.0
19,18647,426.0
19,18649,426.0
19,18663,426.0
19,18677,426.0
19,18693,426.0
19,18709,426.0
19,18737,426.0
19,18755,426.0
19,18757,426.0
19,18771,426.0
19,18773,426.0
19,18799,426.0
19,18815,426.0
19,18817,426.0
19,18831,426.0
20,8726,330.0
20,8728,330.0
20,9185,330.0
20,9201,330.0
20,9231,330.0
20,9251,330.0
20,9279,330.0
20,9311,330.0
20,9325,330.0
20,9339,332.0
20,9357,332.0
20,9371,332.0
20,9373,332.0
20,9375,332.0
20,9389,332.0
20,9403,339.0
20,9429,339.0
20,9431,339.0
20,9447,339.0
20,9473,352.0
20,9475,352.0
20,9501,354.0
20,9519,354.0
20,9537,354.0
20,9563,354.0
20,9579,354.0
20,9593,354.0
20,9623,354.0
20,9637,354.0
20,9665,354.0
20,9667,354.0
20,9669,354.0
20,9699,354.0
20,9725,357.0
20,9727,357.0
20,9741,357.0
20,9769,362.0
20,9771,362.0
20,9789,362.0
20,9819,362.0
20,9821,362.0
20,9837,362.0
20,9853,362.0
20,9867,362.0
20,9869,362.0
20,9883,362.0
20,9909,366.0
20,9923,366.0
20,9925,366.0
20,9941,366.0
20,9973,366.0
20,10003,366.0
20,10017,366.0
20,10043,371.0
20,10057,371.0
20,10085,371.0
20,10119,371.0
20,10135,371.0
20,10137,371.0
20,10153,371.0
20,10183,371.0
20,10215,371.0
20,10243,371.0
20,10257,371.0
20,10273,371.0
20,10287,371.0
20,10289,371.0
20,10291,371.0
20,10293,371.0
20,10309,371.0
20,10323,371.0
20,10351,371.0
20,10367,371.0
20,10381,371.0
20,10407,371.0
20,10423,371.0
20,10437,371.0
20,10439,371.0
20,10465,379.0
20,10483,379.0
20,10499,379.0
20,10513,379.0
20,10547,379.0
20,10575,379.0
20,10589,379.0
20,10615,379.0
20,10617,379.0
20,10635,379.0
20,10649,379.0
20,10663,379.0
20,10677,379.0
20,10693,379.0
20,10707,379.0
20,10723,379.0
20,10725,379.0
20,10739,379.0
20,10753,399.0
20,10779,399.0
20,10807,399.0
20,10821,399.0
20,10847,400.0
20,10861,400.0
20,10875,400.0
20,10889,400.0
20,10903,400.0
20,10917,410.0
20,10933,410.0
20,10961,410.0
20,10977,410.0
20,10991,410.0
20,11005,410.0
20,11021,410.0
20,11023,410.0
20,11037,410.0
20,11051,410.0
20,11079,410.0
20,11093,410.0
20,11107,410.0
20,11127,410.0
20,11141,410.0
20,11155,410.0
20,11181,410.0
20,11215,410.0
20,11241,410.0
20,11259,410.0
20,11285,410.0
20,11301,410.0
20,11333,410.0
20,11361,410.0
20,11377,410.0
20,11405,410.0
20,11419,410.0
20,11433,413.0
20,11447,413.0
20,11449,413.0
20,11465,413.0
20,11479,413.0
20,11481,413.0
20,11495,413.0
20,11521,413.0
20,11537,413.0
20,11551,413.0
20,11565,413.0
20,11593,413.0
20,11607,413.0
20,11621,413.0
20,11651,413.0
20,11677,413.0
20,11703,413.0
20,11719,413.0
20,11733,413.0
20,11749,413.0
20,11751,413.0
20,11765,413.0
20,11767,413.0
20,11797,413.0
20,11799,413.0
20,11813,413.0
20,11839,413.0
20,11853,413.0
20,11879,413.0
20,11905,420.0
20,11907,420.0
20,11921,420.0
20,11935,420.0
20,11963,420.0
20,11979,420.0
20,11995,420.0
20,12031,420.0
20,12047,420.0
20,12061,420.0
20,12089,420.0
20,12107,420.0
20,12121,420.0
20,12137,420.0
20,12167,420.0
20,12169,420.0
20,12183,420.0
20,12185,420.0
20,12201,420.0
20,12227,420.0
20,12257,420.0
20,12271,420.0
20,12297,420.0
20,12299,420.0
20,12315,420.0
20,12329,420.0
20,12345,420.0
20,12359,420.0
20,12361,420.0
20,12375,420.0
20,12401,420.0
20,12427,420.0
20,12441,420.0
20,12443,420.0
20,12445,420.0
20,12473,420.0
20,12491,420.0
20,12519,420.0
20,12547,420.0
20,12561,420.0
20,12589,420.0
20,12603,420.0
20,12619,420.0
20,12621,420.0
20,12647,420.0
20,12679,420.0
20,12707,420.0
20,12735,420.0
20,12749,420.0
20,12765,420.0
20,12793,420.0
20,12795,420.0
20,12797,420.0
20,12811,420.0
20,12843,420.0
20,12873,420.0
20,12903,420.0
20,12905,420.0
20,12919,420.0
20,12921,420.0
20,12935,420.0
20,12973,420.0
20,12987,420.0
20,13001,420.0
20,13029,420.0
20,13031,420.0
20,13047,420.0
20,13061,420.0
20,13079,420.0
20,13109,420.0
20,13125,420.0
20,13139,420.0
20,13153,420.0
20,13167,420.0
20,13193,420.0
20,13221,429.0
20,13251,429.0
20,13265,429.0
20,13279,429.0
20,13297,429.0
20,13325,429.0
20,13327,429.0
20,13329,429.0
20,13343,429.0
20,13359,429.0
20,13375,429.0
20,13401,429.0
20,13433,429.0
20,13435,429.0
20,13463,429.0
20,13489,429.0
20,13505,429.0
20,13535,429.0
20,13561,429.0
20,13589,429.0
20,13615,430.0
20,13617,430.0
20,13637,430.0
20,13663,430.0
20,13691,430.0
20,13693,430.0
20,13709,430.0
20,13725,430.0
20,13727,430.0
20,13745,430.0
20,13747,430.0
20,13775,430.0
20,13789,430.0
20,13803,430.0
20,13831,430.0
20,13851,430.0
20,13865,430.0
20,13883,430.0
20,13913,430.0
20,13927,430.0
20,13955,430.0
20,13957,430.0
20,13971,430.0
20,13999,430.0
20,14013,430.0
20,14015,430.0
20,14041,430.0
20,14059,430.0
20,14073,430.0
20,14087,430.0
20,14101,430.0
20,14129,430.0
20,14157,430.0
20,14185,430.0
20,14215,430.0
20,14241,430.0
20,14243,430.0
20,14257,430.0
20,14285,430.0
20,14287,430.0
20,14301,430.0
20,14315,430.0
20,14331,430.0
20,14345,430.0
20,14371,430.0
20,14401,430.0
20,14433,430.0
20,14459,430.0
20,14485,430.0
20,14499,430.0
20,14529,430.0
20,14549,430.0
20,14563,430.0
20,14577,430.0
20,14579,430.0
20,14607,430.0
20,14621,430.0
20,14635,430.0
20,14637,430.0
20,14663,430.0
20,14689,430.0
20,14703,430.0
20,14717,430.0
20,14731,430.0
20,14749,430.0
20,14765,430.0
20,14767,430.0
20,14787,430.0
20,14789,430.0
20,14791,430.0
20,14805,430.0
20,14819,430.0
20,14821,430.0
20,14847,430.0
20,14849,430.0
20,14879,430.0
20,14905,430.0
20,14933,430.0
20,14959,430.0
20,14989,430.0
20,15003,430.0
20,15017,430.0
20,15019,430.0
20,15035,430.0
20,15049,430.0
20,15051,430.0
20,15081,430.0
20,15083,430.0
20,15085,430.0
20,15111,430.0
20,15141,430.0
20,15155,430.0
20,15183,430.0
20,15201,430.0
20,15203,430.0
20,15229,430.0
20,15243,430.0
20,15259,430.0
20,15287,430.0
20,15317,430.0
20,15333,430.0
20,15347,430.0
20,15375,430.0
20,15405,430.0
20,15431,430.0
20,15463,430.0
20,15477,430.0
20,15493,430.0
20,15509,430.0
20,15537,430.0
20,15539,430.0
20,15553,430.0
20,15569,430.0
20,15599,430.0
20,15629,430.0
20,15643,430.0
20,15657,430.0
20,15659,430.0
20,15661,430.0
20,15677,430.0
20,15705,430.0
20,15735,430.0
20,15755,430.0
20,15769,430.0
20,15795,430.0
20,15809,430.0
20,15811,430.0
20,15813,430.0
20,15829,430.0
20,15845,430.0
20,15847,430.0
20,15861,430.0
20,15877,430.0
20,15891,430.0
20,15893,430.0
20,15907,430.0
20,15909,430.0
20,15911,430.0
20,15913,430.0
20,15927,430.0
20,15955,430.0
20,15969,430.0
20,15995,430.0
20,16025,430.0
20,16055,430.0
20,16071,430.0
20,16085,430.0
20,16087,430.0
20,16101,430.0
20,16129,430.0
20,16145,430.0
20,16147,430.0
20,16161,430.0
20,16175,430.0
20,16201,430.0
20,16215,430.0
20,16231,430.0
20,16259,430.0
20,16261,430.0
20,16263,430.0
20,16289,430.0
20,16291,430.0
20,16317,430.0
20,16319,430.0
20,16333,430.0
20,16361,430.0
20,16389,430.0
20,16403,430.0
20,16429,430.0
20,16431,430.0
20,16445,430.0
20,16447,430.0
20,16483,430.0
20,16511,430.0
20,16527,430.0
20,16557,430.0
20,16559,430.0
20,16561,430.0
20,16579,430.0
20,16581,430.0
20,16583,430.0
20,16597,430.0
20,16599,430.0
20,16613,430.0
20,16639,430.0
20,16641,430.0
20,16643,430.0
20,16657,430.0
20,16671,430.0
20,16689,430.0
20,16691,430.0
20,16705,430.0
20,16719,430.0
20,16733,430.0
20,16747,430.0
20,16761,430.0
20,16777,430.0
20,16779,430.0
20,16795,430.0
20,16821,430.0
20,16847,430.0
20,16861,430.0
20,16875,430.0
20,16907,430.0
20,16909,430.0
20,16935,430.0
20,16949,430.0
20,16977,430.0
20,17005,430.0
20,17007,430.0
20,17009,430.0
20,17029,430.0
20,17043,430.0
20,17069,430.0
20,17099,430.0
20,17117,430.0
20,17131,430.0
20,17145,430.0
20,17173,430.0
20,17187,430.0
20,17215,430.0
20,17243,430.0
20,17259,430.0
20,17273,430.0
20,17287,430.0
20,17323,430.0
20,17339,430.0
20,17373,430.0
20,17399,430.0
20,17413,430.0
20,17427,430.0
20,17455,430.0
20,17471,430.0
20,17473,430.0
20,17501,430.0
20,17517,430.0
20,17543,430.0
20,17557,430.0
20,17583,430.0
20,17599,430.0
20,17601,430.0
20,17617,430.0
20,17631,430.0
20,17645,430.0
20,17671,430.0
20,17673,430.0
20,17707,430.0
20,17737,430.0
20,17753,430.0
20,17781,430.0
20,17797,430.0
20,17811,430.0
20,17813,430.0
20,17831,430.0
20,17859,430.0
20,17873,430.0
20,17889,430.0
20,17917,430.0
20,17931,430.0
20,17957,430.0
20,17971,430.0
20,17985,430.0
20,18003,430.0
20,18017,430.0
20,18043,430.0
20,18045,430.0
20,18059,430.0
20,18085,430.0
20,18113,430.0
20,18145,430.0
20,18159,430.0
20,18173,430.0
20,18199,430.0
20,18213,430.0
20,18215,430.0
20,18229,430.0
20,18251,430.0
20,18269,430.0
20,18297,430.0
20,18327,430.0
20,18329,430.0
20,18355,430.0
20,18371,430.0
20,18397,430.0
20,18411,430.0
20,18437,430.0
20,18451,430.0
20,18453,430.0
20,18467,430.0
20,18469,430.0
20,18483,430.0
20,18497,430.0
20,18511,430.0
20,18543,430.0
20,18545,430.0
20,18563,430.0
20,18589,430.0
20,18615,430.0
20,18617,430.0
20,18645,430.0
20,18671,430.0
20,18691,430.0
20,18723,430.0
21,8752,327.0
21,8772,327.0
21,9243,327.0
21,9257,351.0
21,9273,351.0
21,9287,351.0
21,9313,351.0
21,9339,351.0
21,9341,351.0
21,9369,351.0
21,9385,351.0
21,9401,351.0
21,9419,351.0
21,9421,351.0
21,9435,351.0
21,9461,351.0
21,9463,351.0
21,9479,351.0
21,9481,351.0
21,9483,351.0
21,9497,360.0
21,9517,360.0
21,9543,360.0
21,9557,363.0
21,9571,363.0
21,9573,363.0
21,9589,363.0
21,9615,363.0
21,9629,363.0
21,9657,363.0
21,9687,363.0
21,9703,363.0
21,9717,363.0
21,9719,363.0
21,9733,363.0
21,9763,363.0
21,9789,363.0
21,9791,363.0
21,9793,363.0
21,9795,363.0
21,9827,363.0
21,9855,363.0
21,9885,363.0
21,9911,363.0
21,9937,363.0
21,9953,363.0
21,9981,363.0
21,10013,363.0
21,10015,363.0
21,10017,363.0
21,10019,363.0
21,10049,363.0
21,10075,369.0
21,10103,369.0
21,10131,378.0
21,10145,378.0
21,10147,378.0
21,10177,378.0
21,10179,378.0
21,10209,378.0
21,10225,378.0
21,10243,378.0
21,10257,378.0
21,10283,378.0
21,10309,378.0
21,10337,378.0
21,10351,378.0
21,10353,378.0
21,10355,378.0
21,10389,378.0
21,10417,382.0
21,10445,382.0
21,10459,382.0
21,10487,382.0
21,10513,382.0
21,10529,382.0
21,10557,382.0
21,10559,382.0
21,10573,382.0
21,10603,390.0
21,10617,390.0
21,10635,390.0
21,10653,390.0
21,10667,390.0
21,10697,390.0
21,10727,390.0
21,10757,390.0
21,10759,390.0
21,10787,390.0
21,10821,390.0
21,10835,401.0
21,10849,401.0
21,10875,401.0
21,10877,401.0
21,10893,401.0
21,10921,401.0
21,10935,401.0
21,10953,401.0
21,10967,401.0
21,10983,401.0
21,10985,401.0
21,10987,401.0
21,11001,401.0
21,11003,401.0
21,11005,401.0
21,11019,401.0
21,11033,401.0
21,11063,401.0
21,11095,401.0
21,11111,401.0
21,11125,401.0
21,11153,401.0
21,11175,401.0
21,11189,401.0
21,11203,401.0
21,11217,401.0
21,11233,401.0
21,11263,401.0
21,11291,401.0
21,11307,401.0
21,11309,401.0
21,11311,401.0
21,11325,401.0
21,11353,401.0
21,11355,401.0
21,11369,401.0
21,11397,401.0
21,11399,401.0
21,11413,401.0
21,11427,401.0
21,11441,401.0
21,11457,401.0
21,11471,401.0
21,11485,401.0
21,11501,401.0
21,11531,401.0
21,11533,401.0
21,11547,401.0
21,11573,403.0
21,11599,403.0
21,11627,403.0
21,11655,403.0
21,11681,403.0
21,11709,403.0
21,11723,403.0
21,11737,403.0
21,11755,403.0
21,11785,403.0
21,11801,403.0
21,11803,403.0
21,11817,403.0
21,11845,403.0
21,11873,403.0
21,11891,403.0
21,11905,408.0
21,11921,408.0
21,11923,408.0
21,11939,408.0
21,11965,408.0
21,11981,408.0
21,12001,408.0
21,12017,408.0
21,12031,408.0
21,12059,408.0
21,12073,408.0
21,12087,408.0
21,12089,408.0
21,12121,408.0
21,12123,408.0
21,12151,408.0
21,12153,408.0
21,12169,408.0
21,12171,408.0
21,12185,408.0
21,12199,408.0
21,12227,408.0
21,12253,408.0
21,12267,408.0
21,12283,408.0
21,12297,408.0
21,12329,408.0
21,12355,410.0
21,12357,410.0
21,12373,410.0
21,12399,412.0
21,12401,412.0
21,12427,412.0
21,12459,412.0
21,12473,412.0
21,12501,412.0
21,12515,412.0
21,12529,412.0
21,12557,412.0
21,12573,412.0
21,12589,412.0
21,12619,412.0
21,12633,412.0
21,12659,412.0
21,12673,412.0
21,12687,412.0
21,12701,412.0
21,12715,416.0
21,12731,416.0
21,12745,416.0
21,12759,416.0
21,12773,416.0
21,12787,416.0
21,12813,416.0
21,12839,416.0
21,12857,416.0
21,12873,416.0
21,12875,416.0
21,12889,416.0
21,12915,417.0
21,12943,417.0
21,12957,417.0
21,12959,417.0
21,12987,417.0
21,13015,417.0
21,13017,417.0
21,13047,417.0
21,13063,417.0
21,13089,417.0
21,13103,417.0
21,13117,417.0
21,13135,417.0
21,13137,417.0
21,13151,417.0
21,13165,417.0
21,13179,417.0
21,13205,417.0
21,13207,417.0
21,13221,417.0
21,13251,417.0
21,13281,417.0
21,13295,417.0
21,13309,417.0
21,13311,417.0
21,13325,417.0
21,13341,417.0
21,13343,417.0
21,13357,417.0
21,13373,417.0
21,13375,417.0
21,13391,417.0
21,13407,417.0
21,13421,417.0
21,13439,417.0
21,13453,417.0
21,13471,417.0
21,13499,417.0
21,13525,417.0
21,13555,417.0
21,13557,417.0
21,13571,417.0
21,13585,417.0
21,13599,417.0
21,13601,417.0
21,13629,417.0
21,13645,417.0
21,13659,417.0
21,13687,417.0
21,13701,417.0
21,13727,417.0
21,13741,417.0
21,13757,417.0
21,13785,417.0
21,13787,417.0
21,13801,417.0
21,13831,417.0
21,13861,417.0
21,13863,417.0
21,13879,417.0
21,13893,417.0
21,13909,417.0
21,13927,417.0
21,13929,417.0
21,13961,417.0
21,13989,417.0
21,14007,417.0
21,14023,417.0
21,14037,417.0
21,14051,417.0
21,14065,417.0
21,14079,417.0
21,14107,417.0
21,14135,417.0
21,14169,417.0
21,14195,417.0
21,14209,417.0
21,14211,417.0
21,14237,417.0
21,14265,417.0
21,14279,417.0
21,14305,417.0
21,14331,417.0
21,14357,417.0
21,14371,417.0
21,14385,417.0
21,14401,417.0
21,14427,417.0
21,14457,417.0
21,14471,417.0
21,14497,418.0
21,14499,418.0
21,14515,418.0
21,14545,418.0
21,14559,418.0
21,14573,420.0
21,14601,420.0
21,14603,420.0
21,14617,420.0
21,14619,420.0
21,14651,420.0
21,14677,420.0
21,14705,420.0
21,14733,420.0
21,14759,420.0
21,14789,420.0
21,14817,420.0
21,14819,420.0
21,14833,420.0
21,14863,420.0
21,14889,420.0
21,14923,420.0
21,14951,420.0
21,14977,420.0
21,15005,420.0
21,15033,420.0
21,15061,420.0
21,15091,420.0
21,15107,420.0
21,15125,420.0
21,15139,420.0
21,15153,420.0
21,15167,420.0
21,15195,420.0
21,15221,420.0
21,15251,420.0
21,15265,421.0
21,15291,421.0
21,15323,421.0
21,15353,421.0
21,15367,421.0
21,15381,421.0
21,15409,421.0
21,15439,421.0
21,15441,421.0
21,15455,421.0
21,15469,421.0
21,15495,421.0
21,15509,421.0
21,15541,421.0
21,15543,421.0
21,15557,421.0
21,15585,421.0
21,15613,421.0
21,15629,421.0
21,15631,421.0
21,15657,426.0
21,15685,426.0
21,15687,426.0
21,15689,426.0
21,15705,426.0
21,15719,426.0
21,15735,426.0
21,15751,426.0
21,15767,426.0
21,15783,426.0
21,15797,426.0
21,15811,426.0
21,15825,426.0
21,15851,426.0
21,15865,426.0
21,15879,426.0
21,15905,426.0
21,15919,426.0
21,15951,426.0
21,15983,426.0
21,16013,426.0
21,16027,426.0
21,16041,426.0
21,16055,426.0
21,16087,426.0
21,16117,426.0
21,16133,426.0
21,16161,426.0
21,16175,426.0
21,16189,426.0
21,16203,426.0
21,16221,426.0
21,16223,426.0
21,16253,426.0
21,16285,426.0
21,16299,426.0
21,16301,426.0
21,16319,426.0
21,16337,426.0
21,16353,426.0
21,16379,426.0
21,16409,426.0
21,16411,426.0
21,16413,426.0
21,16439,426.0
21,16465,426.0
21,16479,426.0
21,16505,426.0
21,16521,426.0
21,16523,426.0
21,16551,426.0
21,16565,426.0
21,16579,426.0
21,16607,426.0
21,16609,426.0
21,16635,426.0
21,16649,426.0
21,16663,426.0
21,16681,426.0
21,16713,426.0
21,16715,426.0
21,16741,426.0
21,16757,426.0
21,16787,426.0
21,16813,426.0
21,16843,426.0
21,16869,426.0
21,16883,426.0
21,16909,426.0
21,16923,426.0
21,16937,426.0
21,16953,426.0
21,16967,426.0
21,16993,426.0
21,17023,426.0
21,17025,426.0
21,17041,426.0
21,17067,426.0
21,17095,426.0
21,17109,426.0
21,17129,426.0
21,17157,426.0
21,17173,426.0
21,17205,426.0
21,17223,426.0
21,17237,428.0
21,17239,428.0
21,17255,428.0
21,17269,428.0
21,17283,428.0
21,17297,428.0
21,17323,428.0
21,17353,428.0
21,17367,428.0
21,17381,428.0
21,17411,428.0
21,17413,428.0
21,17427,428.0
21,17443,428.0
21,17473,428.0
21,17489,428.0
21,17503,428.0
21,17517,428.0
21,17533,428.0
21,17553,428.0
21,17571,428.0
21,17585,428.0
21,17599,428.0
21,17601,428.0
21,17627,428.0
21,17641,428.0
21,17643,428.0
21,17645,428.0
21,17659,428.0
21,17673,428.0
21,17703,428.0
21,17717,428.0
21,17731,428.0
21,17757,428.0
21,17787,428.0
21,17825,428.0
21,17841,428.0
21,17857,428.0
21,17887,428.0
21,17917,428.0
21,17943,428.0
21,17957,428.0
21,17973,428.0
21,18001,428.0
21,18015,428.0
21,18029,428.0
21,18055,428.0
21,18071,428.0
21,18103,428.0
21,18135,428.0
21,18161,428.0
21,18175,428.0
21,18189,428.0
21,18191,428.0
21,18209,428.0
21,18235,428.0
21,18249,428.0
21,18263,428.0
21,18277,428.0
21,18279,428.0
21,18293,428.0
21,18307,428.0
21,18333,428.0
21,18347,428.0
21,18361,428.0
21,18363,428.0
21,18379,428.0
21,18407,428.0
21,18435,428.0
21,18465,428.0
21,18479,428.0
21,18509,428.0
21,18527,428.0
21,18557,428.0
21,18571,428.0
21,18585,428.0
21,18601,428.0
21,18619,428.0
21,18649,428.0
21,18679,428.0
21,18711,428.0
21,18737,428.0
22,8860,313.0
22,8890,313.0
22,8906,313.0
22,8920,337.0
22,9367,337.0
22,9395,337.0
22,9421,337.0
22,9451,343.0
22,9453,343.0
22,9479,343.0
22,9493,343.0
22,9509,343.0
22,9525,343.0
22,9527,343.0
22,9529,343.0
22,9557,343.0
22,9571,343.0
22,9597,343.0
22,9613,343.0
22,9629,345.0
22,9663,345.0
22,9691,345.0
22,9721,345.0
22,9723,345.0
22,9759,345.0
22,9787,348.0
22,9803,348.0
22,9817,348.0
22,9845,377.0
22,9865,377.0
22,9899,377.0
22,9915,377.0
22,9929,377.0
22,9959,377.0
22,9973,377.0
22,9989,377.0
22,10017,377.0
22,10019,377.0
22,10033,377.0
22,10047,377.0
22,10061,377.0
22,10063,377.0
22,10077,377.0
22,10095,377.0
22,10109,377.0
22,10111,377.0
22,10141,377.0
22,10169,377.0
22,10183,377.0
22,10197,377.0
22,10227,377.0
22,10253,377.0
22,10281,377.0
22,10283,377.0
22,10301,377.0
22,10303,377.0
22,10335,377.0
22,10337,377.0
22,10355,377.0
22,10369,377.0
22,10383,377.0
22,10409,377.0
22,10411,377.0
22,10425,377.0
22,10439,377.0
22,10455,377.0
22,10457,377.0
22,10489,377.0
22,10491,377.0
22,10507,377.0
22,10535,385.0
22,10569,385.0
22,10585,385.0
22,10617,385.0
22,10619,385.0
22,10621,385.0
22,10623,385.0
22,10625,385.0
22,10639,385.0
22,10659,385.0
22,10675,385.0
22,10691,385.0
22,10719,385.0
22,10747,385.0
22,10761,385.0
22,10763,385.0
22,10793,385.0
22,10795,385.0
22,10797,385.0
22,10799,385.0
22,10825,385.0
22,10853,388.0
22,10879,388.0
22,10893,388.0
22,10907,388.0
22,10909,388.0
22,10937,388.0
22,10965,388.0
22,10981,388.0
22,10997,388.0
22,11029,388.0
22,11043,388.0
22,11045,388.0
22,11059,388.0
22,11073,388.0
22,11087,388.0
22,11103,388.0
22,11133,388.0
22,11135,388.0
22,11163,388.0
22,11179,388.0
22,11193,394.0
22,11195,394.0
22,11211,394.0
22,11225,394.0
22,11239,398.0
22,11265,398.0
22,11293,398.0
22,11307,398.0
22,11335,398.0
22,11353,398.0
22,11379,398.0
22,11407,401.0
22,11423,401.0
22,11449,401.0
22,11463,401.0
22,11493,401.0
22,11523,401.0
22,11539,401.0
22,11555,401.0
22,11569,401.0
22,11583,401.0
22,11597,401.0
22,11625,401.0
22,11651,401.0
22,11667,401.0
22,11699,401.0
22,11713,401.0
22,11727,401.0
22,11757,401.0
22,11771,401.0
22,11785,401.0
22,11799,401.0
22,11829,401.0
22,11843,401.0
22,11845,401.0
22,11871,403.0
22,11899,403.0
22,11927,403.0
22,11955,403.0
22,11971,403.0
22,11987,403.0
22,12001,403.0
22,12015,403.0
22,12017,403.0
22,12019,403.0
22,12047,405.0
22,12073,405.0
22,12087,405.0
22,12101,405.0
22,12117,405.0
22,12149,405.0
22,12165,405.0
22,12183,405.0
22,12197,405.0
22,12211,405.0
22,12227,405.0
22,12247,405.0
22,12261,412.0
22,12287,412.0
22,12303,412.0
22,12317,412.0
22,12345,412.0
22,12363,412.0
22,12391,412.0
22,12393,412.0
22,12419,412.0
22,12447,412.0
22,12461,412.0
22,12487,412.0
22,12501,412.0
22,12517,412.0
22,12547,412.0
22,12563,412.0
22,12591,412.0
22,12605,412.0
22,12619,412.0
22,12647,412.0
22,12661,412.0
22,12677,412.0
22,12693,412.0
22,12719,412.0
22,12721,412.0
22,12739,412.0
22,12753,412.0
22,12755,412.0
22,12757,412.0
22,12785,412.0
22,12787,412.0
22,12815,412.0
22,12829,412.0
22,12857,412.0
22,12883,417.0
22,12899,417.0
22,12913,417.0
22,12915,417.0
22,12929,417.0
22,12943,417.0
22,12957,417.0
22,12973,417.0
22,13007,417.0
22,13021,417.0
22,13037,417.0
22,13053,417.0
22,13067,417.0
22,13081,417.0
22,13095,417.0
22,13109,417.0
22,13123,417.0
22,13149,417.0
22,13163,417.0
22,13177,417.0
22,13205,417.0
22,13219,417.0
22,13249,417.0
22,13263,417.0
22,13295,417.0
22,13309,418.0
22,13311,418.0
22,13313,418.0
22,13343,418.0
22,13357,418.0
22,13383,418.0
22,13399,418.0
22,13413,418.0
22,13427,418.0
22,13455,418.0
22,13471,418.0
22,13501,418.0
22,13517,418.0
22,13519,418.0
22,13521,418.0
22,13523,418.0
22,13525,418.0
22,13551,418.0
22,13553,418.0
22,13567,418.0
22,13595,418.0
22,13611,418.0
22,13625,418.0
22,13653,418.0
22,13679,418.0
22,13695,418.0
22,13711,418.0
22,13727,418.0
22,13741,418.0
22,13759,418.0
22,13789,418.0
22,13791,418.0
22,13805,418.0
22,13807,418.0
22,13809,418.0
22,13837,418.0
22,13863,418.0
22,13891,418.0
22,13917,418.0
22,13931,418.0
22,13945,418.0
22,13959,418.0
22,13985,418.0
22,14015,418.0
22,14041,418.0
22,14055,418.0
22,14071,418.0
22,14085,418.0
22,14087,418.0
22,14101,418.0
22,14129,418.0
22,14159,418.0
22,14175,418.0
22,14189,418.0
22,14205,418.0
22,14231,418.0
22,14257,418.0
22,14271,420.0
22,14273,420.0
22,14299,420.0
22,14315,420.0
22,14331,420.0
22,14345,420.0
22,14373,420.0
22,14387,420.0
22,14403,420.0
22,14419,420.0
22,14451,420.0
22,14467,420.0
22,14469,420.0
22,14485,420.0
22,14513,420.0
22,14533,420.0
22,14547,420.0
22,14573,420.0
22,14601,420.0
22,14619,420.0
22,14633,420.0
22,14649,420.0
22,14677,420.0
22,14679,420.0
22,14693,420.0
22,14707,420.0
22,14721,420.0
22,14747,420.0
22,14775,420.0
22,14789,420.0
22,14803,420.0
22,14829,420.0
22,14857,420.0
22,14885,420.0
22,14901,420.0
22,14915,420.0
22,14929,420.0
22,14943,420.0
22,14957,420.0
22,14973,420.0
22,14999,420.0
22,15013,420.0
22,15015,420.0
22,15029,420.0
22,15031,420.0
22,15049,420.0
22,15077,420.0
22,15079,420.0
22,15081,420.0
22,15095,420.0
22,15111,420.0
22,15113,420.0
22,15115,420.0
22,15129,420.0
22,15145,420.0
22,15175,420.0
22,15189,420.0
22,15203,420.0
22,15219,420.0
22,15233,420.0
22,15263,420.0
22,15279,420.0
22,15307,420.0
22,15321,420.0
22,15335,420.0
22,15365,420.0
22,15379,420.0
22,15393,420.0
22,15419,420.0
22,15421,420.0
22,15441,420.0
22,15467,420.0
22,15481,420.0
22,15507,420.0
22,15521,420.0
22,15523,420.0
22,15539,420.0
22,15571,420.0
22,15601,420.0
22,15603,420.0
22,15617,420.0
22,15643,420.0
22,15671,420.0
22,15697,420.0
22,15723,420.0
22,15739,420.0
22,15753,420.0
22,15769,420.0
22,15783,420.0
22,15809,421.0
22,15825,421.0
22,15853,421.0
22,15867,421.0
22,15883,421.0
22,15897,421.0
22,15923,421.0
22,15949,421.0
22,15965,421.0
22,15995,421.0
22,15997,421.0
22,16011,421.0
22,16041,421.0
22,16071,421.0
22,16073,421.0
22,16101,421.0
22,16127,421.0
22,16141,421.0
22,16171,421.0
22,16185,421.0
22,16187,421.0
22,16201,421.0
22,16231,421.0
22,16233,421.0
22,16247,421.0
22,16277,421.0
22,16307,421.0
22,16323,421.0
22,16325,421.0
22,16327,421.0
22,16345,421.0
22,16347,421.0
22,16375,421.0
22,16403,421.0
22,16433,421.0
22,16463,421.0
22,16479,421.0
22,16505,421.0
22,16533,421.0
22,16547,421.0
22,16549,421.0
22,16567,421.0
22,16595,421.0
22,16623,421.0
22,16639,421.0
22,16669,421.0
22,16683,421.0
22,16685,421.0
22,16701,421.0
22,16703,421.0
22,16705,421.0
22,16721,421.0
22,16723,421.0
22,16749,421.0
22,16779,422.0
22,16805,422.0
22,16807,422.0
22,16825,422.0
22,16839,422.0
22,16865,422.0
22,16879,422.0
22,16895,422.0
22,16897,422.0
22,16913,422.0
22,16927,422.0
22,16929,422.0
22,16957,422.0
22,16973,422.0
22,16987,422.0
22,17001,422.0
22,17015,424.0
22,17037,424.0
22,17055,424.0
22,17057,424.0
22,17087,424.0
22,17101,424.0
22,17115,424.0
22,17131,424.0
22,17165,424.0
22,17179,424.0
22,17195,424.0
22,17209,424.0
22,17237,424.0
22,17251,424.0
22,17269,424.0
22,17295,424.0
22,17297,424.0
22,17299,424.0
22,17327,424.0
22,17343,424.0
22,17365,424.0
22,17383,424.0
22,17399,424.0
22,17429,424.0
22,17457,424.0
22,17459,424.0
22,17485,424.0
22,17517,424.0
22,17531,424.0
22,17545,424.0
22,17573,424.0
22,17587,424.0
22,17601,424.0
22,17603,424.0
22,17605,424.0
22,17619,424.0
22,17651,424.0
22,17653,424.0
22,17681,424.0
22,17695,424.0
22,17721,424.0
22,17747,424.0
22,17761,424.0
22,17775,424.0
22,17789,424.0
22,17821,424.0
22,17851,424.0
22,17879,424.0
22,17911,424.0
22,17937,424.0
22,17939,424.0
22,17967,424.0
22,17981,424.0
22,18009,424.0
22,18011,424.0
22,18025,425.0
22,18041,425.0
22,18055,425.0
22,18069,425.0
22,18099,425.0
22,18101,425.0
22,18117,425.0
22,18133,425.0
22,18147,425.0
22,18149,425.0
22,18163,425.0
22,18195,425.0
22,18211,425.0
22,18239,425.0
22,18269,425.0
22,18285,425.0
22,18287,425.0
22,18301,425.0
22,18329,425.0
22,18357,425.0
22,18371,425.0
22,18385,425.0
22,18401,425.0
22,18431,425.0
22,18461,425.0
22,18475,425.0
22,18489,425.0
22,18503,425.0
22,18505,425.0
22,18537,425.0
22,18551,425.0
22,18579,425.0
22,18595,425.0
22,18623,425.0
22,18639,425.0
22,18653,425.0
22,18685,425.0
22,18687,425.0
22,18701,425.0
22,18727,425.0
22,18757,425.0
22,18771,425.0
22,18785,425.0
22,18815,425.0
22,18829,425.0
22,18845,425.0
23,8796,300.0
23,9289,316.0
23,9291,316.0
23,9317,316.0
23,9347,316.0
23,9349,316.0
23,9377,322.0
23,9393,322.0
23,9421,322.0
23,9449,335.0
23,9475,335.0
23,9489,335.0
23,9505,335.0
23,9523,335.0
23,9551,335.0
23,9567,335.0
23,9585,335.0
23,9611,351.0
23,9633,351.0
23,9647,351.0
23,9677,351.0
23,9703,351.0
23,9729,351.0
23,9755,351.0
23,9757,351.0
23,9773,351.0
23,9799,357.0
23,9829,357.0
23,9861,357.0
23,9875,357.0
23,9889,357.0
23,9905,357.0
23,9919,357.0
23,9945,357.0
23,9973,357.0
23,9987,359.0
23,10015,359.0
23,10033,359.0
23,10035,359.0
23,10051,359.0
23,10065,359.0
23,10079,359.0
23,10099,359.0
23,10113,359.0
23,10127,359.0
23,10141,359.0
23,10157,359.0
23,10175,359.0
23,10189,359.0
23,10217,372.0
23,10231,372.0
23,10261,372.0
23,10275,372.0
23,10291,372.0
23,10317,383.0
23,10319,383.0
23,10333,383.0
23,10361,383.0
23,10375,383.0
23,10391,383.0
23,10411,383.0
23,10427,383.0
23,10455,383.0
23,10473,383.0
23,10487,389.0
23,10515,389.0
23,10533,389.0
23,10559,389.0
23,10575,389.0
23,10577,389.0
23,10591,395.0
23,10621,395.0
23,10623,395.0
23,10655,395.0
23,10657,395.0
23,10671,395.0
23,10699,395.0
23,10715,395.0
23,10729,395.0
23,10755,395.0
23,10783,395.0
23,10801,395.0
23,10831,395.0
23,10859,395.0
23,10875,395.0
23,10907,395.0
23,10923,395.0
23,10925,395.0
23,10955,395.0
23,10983,395.0
23,10985,395.0
23,11001,395.0
23,11015,395.0
23,11045,395.0
23,11059,395.0
23,11075,395.0
23,11101,395.0
23,11127,395.0
23,11153,395.0
23,11167,395.0
23,11201,395.0
23,11215,395.0
23,11231,395.0
23,11265,395.0
23,11283,395.0
23,11285,395.0
23,11313,395.0
23,11329,395.0
23,11345,395.0
23,11347,395.0
23,11373,399.0
23,11401,399.0
23,11403,399.0
23,11405,399.0
23,11421,399.0
23,11437,399.0
23,11467,399.0
23,11469,399.0
23,11483,399.0
23,11501,399.0
23,11529,399.0
23,11555,399.0
23,11569,399.0
23,11597,399.0
23,11611,399.0
23,11631,399.0
23,11657,399.0
23,11687,399.0
23,11701,399.0
23,11733,399.0
23,11759,399.0
23,11773,399.0
23,11805,399.0
23,11819,399.0
23,11847,399.0
23,11861,399.0
23,11875,399.0
23,11889,399.0
23,11915,399.0
23,11929,399.0
23,11943,399.0
23,11957,401.0
23,11983,401.0
23,11997,401.0
23,12011,401.0
23,12025,401.0
23,12041,401.0
23,12055,401.0
23,12081,401.0
23,12095,401.0
23,12109,401.0
23,12123,401.0
23,12137,401.0
23,12151,401.0
23,12165,401.0
23,12195,401.0
23,12209,401.0
23,12225,401.0
23,12241,401.0
23,12267,401.0
23,12281,407.0
23,12283,407.0
23,12299,407.0
23,12315,407.0
23,12345,411.0
23,12373,411.0
23,12407,411.0
23,12433,411.0
23,12435,411.0
23,12449,411.0
23,12475,411.0
23,12489,411.0
23,12503,411.0
23,12531,411.0
23,12559,411.0
23,12587,411.0
23,12601,411.0
23,12603,411.0
23,12617,411.0
23,12631,411.0
23,12645,411.0
23,12659,411.0
23,12673,411.0
23,12699,414.0
23,12701,414.0
23,12717,414.0
23,12745,414.0
23,12747,414.0
23,12763,414.0
23,12793,414.0
23,12807,414.0
23,12821,414.0
23,12823,414.0
23,12851,416.0
23,12881,418.0
23,12895,418.0
23,12911,418.0
23,12925,418.0
23,12939,418.0
23,12965,418.0
23,12979,418.0
23,12981,418.0
23,13003,418.0
23,13017,418.0
23,13019,418.0
23,13047,418.0
23,13061,418.0
23,13091,418.0
23,13107,418.0
23,13121,418.0
23,13151,418.0
23,13153,418.0
23,13171,418.0
23,13199,418.0
23,13201,418.0
23,13227,418.0
23,13241,418.0
23,13255,418.0
23,13283,418.0
23,13297,418.0
23,13311,418.0
23,13341,418.0
23,13343,418.0
23,13377,418.0
23,13395,418.0
23,13413,418.0
23,13427,418.0
23,13455,418.0
23,13487,418.0
23,13503,418.0
23,13529,418.0
23,13543,418.0
23,13569,418.0
23,13591,418.0
23,13617,418.0
23,13633,418.0
23,13647,418.0
23,13673,418.0
23,13687,418.0
23,13701,418.0
23,13715,418.0
23,13741,418.0
23,13771,422.0
23,13773,422.0
23,13789,422.0
23,13807,422.0
23,13823,422.0
23,13825,422.0
23,13855,422.0
23,13885,422.0
23,13913,422.0
23,13941,422.0
23,13967,422.0
23,13983,422.0
23,13999,422.0
23,14001,422.0
23,14031,422.0
23,14033,422.0
23,14049,422.0
23,14081,422.0
23,14115,422.0
23,14117,422.0
23,14145,422.0
23,14171,422.0
23,14187,422.0
23,14205,422.0
23,14223,422.0
23,14237,422.0
23,14265,422.0
23,14267,422.0
23,14285,422.0
23,14287,422.0
23,14289,422.0
23,14319,422.0
23,14333,422.0
23,14347,422.0
23,14363,422.0
23,14393,422.0
23,14419,422.0
23,14435,422.0
23,14461,422.0
23,14487,422.0
23,14501,422.0
23,14527,422.0
23,14541,422.0
23,14569,422.0
23,14571,422.0
23,14587,422.0
23,14603,422.0
23,14617,422.0
23,14619,422.0
23,14635,422.0
23,14663,422.0
23,14677,422.0
23,14705,422.0
23,14719,422.0
23,14747,422.0
23,14765,422.0
23,14781,422.0
23,14799,422.0
23,14813,422.0
23,14827,422.0
23,14855,422.0
23,14869,422.0
23,14899,422.0
23,14901,422.0
23,14917,422.0
23,14931,422.0
23,14945,422.0
23,14947,422.0
23,14949,422.0
23,14965,422.0
23,14967,422.0
23,14981,422.0
23,15013,422.0
23,15039,422.0
23,15067,422.0
23,15095,422.0
23,15109,422.0
23,15137,422.0
23,15163,422.0
23,15195,422.0
23,15227,422.0
23,15241,422.0
23,15243,422.0
23,15257,422.0
23,15285,422.0
23,15287,422.0
23,15319,422.0
23,15333,422.0
23,15365,422.0
23,15395,422.0
23,15421,422.0
23,15451,422.0
23,15477,422.0
23,15505,422.0
23,15519,422.0
23,15521,422.0
23,15547,422.0
23,15563,422.0
23,15589,422.0
23,15603,422.0
23,15635,422.0
23,15649,422.0
23,15663,422.0
23,15689,422.0
23,15705,422.0
23,15719,422.0
23,15745,422.0
23,15761,422.0
23,15777,422.0
23,15793,422.0
23,15795,422.0
23,15827,422.0
23,15855,422.0
23,15871,422.0
23,15873,422.0
23,15887,422.0
23,15903,422.0
23,15917,422.0
23,15931,422.0
23,15959,422.0
23,15989,422.0
23,15991,422.0
23,16005,422.0
23,16031,422.0
23,16051,422.0
23,16065,422.0
23,16093,424.0
23,16119,424.0
23,16147,424.0
23,16149,424.0
23,16175,424.0
23,16189,424.0
23,16217,424.0
23,16233,424.0
23,16247,424.0
23,16279,424.0
23,16295,424.0
23,16309,424.0
23,16335,424.0
23,16361,424.0
23,16377,424.0
23,16393,424.0
23,16395,424.0
23,16397,424.0
23,16411,424.0
23,16413,424.0
23,16433,424.0
23,16459,424.0
23,16475,424.0
23,16477,424.0
23,16493,424.0
23,16495,424.0
23,16509,424.0
23,16539,424.0
23,16569,424.0
23,16597,424.0
23,16613,424.0
23,16639,424.0
23,16673,424.0
23,16687,424.0
23,16701,424.0
23,16733,424.0
23,16735,424.0
23,16761,424.0
23,16763,424.0
23,16789,424.0
23,16819,424.0
23,16835,424.0
23,16865,424.0
23,16893,424.0
23,16919,424.0
23,16933,424.0
23,16961,424.0
23,16975,424.0
23,16977,424.0
23,17003,424.0
23,17033,424.0
23,17047,424.0
23,17049,424.0
23,17077,424.0
23,17113,424.0
23,17139,424.0
23,17153,424.0
23,17185,424.0
23,17199,424.0
23,17227,424.0
23,17241,424.0
23,17257,424.0
23,17271,424.0
23,17273,424.0
23,17275,424.0
23,17289,424.0
23,17303,424.0
23,17317,424.0
23,17337,424.0
23,17365,424.0
23,17379,424.0
23,17397,424.0
23,17411,424.0
23,17413,424.0
23,17427,424.0
23,17443,424.0
23,17457,424.0
23,17471,424.0
23,17487,424.0
23,17513,424.0
23,17543,424.0
23,17569,424.0
23,17571,424.0
23,17597,424.0
23,17627,425.0
23,17655,425.0
23,17685,425.0
23,17703,425.0
23,17717,425.0
23,17719,425.0
23,17733,425.0
23,17749,425.0
23,17779,425.0
23,17781,425.0
23,17797,425.0
23,17813,425.0
23,17827,425.0
23,17829,425.0
23,17845,425.0
23,17875,425.0
23,17889,425.0
23,17907,425.0
23,17935,425.0
23,17961,425.0
23,17977,425.0
23,18007,425.0
23,18021,425.0
23,18047,425.0
23,18061,425.0
23,18091,426.0
23,18093,426.0
23,18095,426.0
23,18111,426.0
23,18129,426.0
23,18149,426.0
23,18163,426.0
23,18191,426.0
23,18221,426.0
23,18235,426.0
23,18249,426.0
23,18251,426.0
23,18265,426.0
23,18291,426.0
23,18319,426.0
23,18347,426.0
23,18375,426.0
23,18377,426.0
23,18379,426.0
23,18397,426.0
23,18399,426.0
23,18431,426.0
23,18447,426.0
23,18449,426.0
23,18475,426.0
23,18489,426.0
23,18503,426.0
23,18517,426.0
23,18533,426.0
23,18561,426.0
23,18575,426.0
23,18595,426.0
23,18597,426.0
23,18627,426.0
23,18629,426.0
23,18631,426.0
23,18645,426.0
23,18671,427.0
23,18699,427.0
23,18713,427.0
23,18729,427.0
23,18743,427.0
23,18759,427.0
23,18773,427.0
23,18801,427.0
24,9078,337.0
24,9106,337.0
24,9134,337.0
24,9136,337.0
24,9162,337.0
24,9178,337.0
24,9605,337.0
24,9635,337.0
24,9649,347.0
24,9663,347.0
24,9681,347.0
24,9697,347.0
24,9725,367.0
24,9739,367.0
24,9757,367.0
24,9787,367.0
24,9813,367.0
24,9829,367.0
24,9857,367.0
24,9885,367.0
24,9899,367.0
24,9913,367.0
24,9929,367.0
24,9947,367.0
24,9949,367.0
24,9983,368.0
24,9997,368.0
24,10011,368.0
24,10045,368.0
24,10073,368.0
24,10091,368.0
24,10117,368.0
24,10143,368.0
24,10175,368.0
24,10203,368.0
24,10231,368.0
24,10251,368.0
24,10269,368.0
24,10295,368.0
24,10329,371.0
24,10361,371.0
24,10375,371.0
24,10403,371.0
24,10431,371.0
24,10445,371.0
24,10463,371.0
24,10477,371.0
24,10505,371.0
24,10521,371.0
24,10535,371.0
24,10549,371.0
24,10575,371.0
24,10591,371.0
24,10593,371.0
24,10607,371.0
24,10621,371.0
24,10635,371.0
24,10637,371.0
24,10665,371.0
24,10681,371.0
24,10713,371.0
24,10739,371.0
24,10753,371.0
24,10767,371.0
24,10785,371.0
24,10813,371.0
24,10843,371.0
24,10869,371.0
24,10887,371.0
24,10901,371.0
24,10903,371.0
24,10929,371.0
24,10943,371.0
24,10957,371.0
24,10975,371.0
24,11005,371.0
24,11031,375.0
24,11049,375.0
24,11079,375.0
24,11105,376.0
24,11133,376.0
24,11167,376.0
24,11197,376.0
24,11225,376.0
24,11243,376.0
24,11257,376.0
24,11259,376.0
24,11261,376.0
24,11275,376.0
24,11289,376.0
24,11317,376.0
24,11343,376.0
24,11357,376.0
24,11385,404.0
24,11399,404.0
24,11427,404.0
24,11441,404.0
24,11455,404.0
24,11469,404.0
24,11471,404.0
24,11473,404.0
24,11503,404.0
24,11505,404.0
24,11531,404.0
24,11561,404.0
24,11575,404.0
24,11577,404.0
24,11591,404.0
24,11605,404.0
24,11619,404.0
24,11633,404.0
24,11661,404.0
24,11663,404.0
24,11677,404.0
24,11691,404.0
24,11705,404.0
24,11707,404.0
24,11723,404.0
24,11737,404.0
24,11751,404.0
24,11777,404.0
24,11795,404.0
24,11813,404.0
24,11841,404.0
24,11843,404.0
24,11857,404.0
24,11859,404.0
24,11875,404.0
24,11905,404.0
24,11919,404.0
24,11933,404.0
24,11947,404.0
24,11963,404.0
24,11989,404.0
24,11991,404.0
24,12005,404.0
24,12019,404.0
24,12047,404.0
24,12063,404.0
24,12079,404.0
24,12099,404.0
24,12101,404.0
24,12115,404.0
24,12129,404.0
24,12131,404.0
24,12145,404.0
24,12161,404.0
24,12177,404.0
24,12191,404.0
24,12219,404.0
24,12247,404.0
24,12261,404.0
24,12263,404.0
24,12277,404.0
24,12295,404.0
24,12297,404.0
24,12313,404.0
24,12341,406.0
24,12355,406.0
24,12389,406.0
24,12391,406.0
24,12393,406.0
24,12395,406.0
24,12409,406.0
24,12435,406.0
24,12449,406.0
24,12481,406.0
24,12497,406.0
24,12499,406.0
24,12501,406.0
24,12515,406.0
24,12517,406.0
24,12531,406.0
24,12547,406.0
24,12565,406.0
24,12591,406.0
24,12621,406.0
24,12637,406.0
24,12665,406.0
24,12697,406.0
24,12699,406.0
24,12713,406.0
24,12739,411.0
24,12755,411.0
24,12771,411.0
24,12787,411.0
24,12805,411.0
24,12807,411.0
24,12821,411.0
24,12849,411.0
24,12865,411.0
24,12881,411.0
24,12895,411.0
24,12909,411.0
24,12923,411.0
24,12943,411.0
24,12959,411.0
24,12987,411.0
24,12989,411.0
24,13017,411.0
24,13033,411.0
24,13035,411.0
24,13065,411.0
24,13095,413.0
24,13097,413.0
24,13113,413.0
24,13127,413.0
24,13145,413.0
24,13171,414.0
24,13197,414.0
24,13211,414.0
24,13227,414.0
24,13245,414.0
24,13247,414.0
24,13275,414.0
24,13291,414.0
24,13317,414.0
24,13331,414.0
24,13333,414.0
24,13363,414.0
24,13365,414.0
24,13391,414.0
24,13417,414.0
24,13431,414.0
24,13447,414.0
24,13449,414.0
24,13475,415.0
24,13491,415.0
24,13505,419.0
24,13507,419.0
24,13537,419.0
24,13539,419.0
24,13555,419.0
24,13569,419.0
24,13595,419.0
24,13623,419.0
24,13637,419.0
24,13653,419.0
24,13655,419.0
24,13669,419.0
24,13697,419.0
24,13725,419.0
24,13727,419.0
24,13741,419.0
24,13755,419.0
24,13769,422.0
24,13771,422.0
24,13785,422.0
24,13799,422.0
24,13815,422.0
24,13853,422.0
24,13869,422.0
24,13903,422.0
24,13921,422.0
24,13949,422.0
24,13965,422.0
24,13967,422.0
24,13995,422.0
24,14021,422.0
24,14051,422.0
24,14067,422.0
24,14069,422.0
24,14085,422.0
24,14099,422.0
24,14101,422.0
24,14115,422.0
24,14145,422.0
24,14161,422.0
24,14189,422.0
24,14205,422.0
24,14233,422.0
24,14265,422.0
24,14283,422.0
24,14311,422.0
24,14325,422.0
24,14351,422.0
24,14365,422.0
24,14381,422.0
24,14411,422.0
24,14427,422.0
24,14441,422.0
24,14455,422.0
24,14483,422.0
24,14509,422.0
24,14535,422.0
24,14537,422.0
24,14539,422.0
24,14541,422.0
24,14571,422.0
24,14597,422.0
24,14599,422.0
24,14601,422.0
24,14631,422.0
24,14657,422.0
24,14685,422.0
24,14717,422.0
24,14743,422.0
24,14761,422.0
24,14787,422.0
24,14801,422.0
24,14815,422.0
24,14833,422.0
24,14847,422.0
24,14875,422.0
24,14903,422.0
24,14929,422.0
24,14943,422.0
24,14957,422.0
24,14959,422.0
24,14961,422.0
24,14975,422.0
24,15009,422.0
24,15037,422.0
24,15051,422.0
24,15065,422.0
24,15081,422.0
24,15095,422.0
24,15123,422.0
24,15137,422.0
24,15151,422.0
24,15153,422.0
24,15169,422.0
24,15195,422.0
24,15209,422.0
24,15241,422.0
24,15267,422.0
24,15281,422.0
24,15283,422.0
24,15297,422.0
24,15311,422.0
24,15327,422.0
24,15353,422.0
24,15369,422.0
24,15371,422.0
24,15387,422.0
24,15401,422.0
24,15415,422.0
24,15433,422.0
24,15447,422.0
24,15479,422.0
24,15507,422.0
24,15509,422.0
24,15511,422.0
24,15539,422.0
24,15567,422.0
24,15595,422.0
24,15609,422.0
24,15611,422.0
24,15637,422.0
24,15663,423.0
24,15665,423.0
24,15679,423.0
24,15681,423.0
24,15697,423.0
24,15711,423.0
24,15741,423.0
24,15755,423.0
24,15771,423.0
24,15797,423.0
24,15813,423.0
24,15841,423.0
24,15859,423.0
24,15887,423.0
24,15901,423.0
24,15917,423.0
24,15945,423.0
24,15973,423.0
24,16001,423.0
24,16029,423.0
24,16043,423.0
24,16057,423.0
24,16091,423.0
24,16123,423.0
24,16151,423.0
24,16165,423.0
24,16179,423.0
24,16193,423.0
24,16219,423.0
24,16233,423.0
24,16261,423.0
24,16263,423.0
24,16279,423.0
24,16281,423.0
24,16309,423.0
24,16337,423.0
24,16363,423.0
24,16381,423.0
24,16407,423.0
24,16433,423.0
24,16435,423.0
24,16461,423.0
24,16475,423.0
24,16491,423.0
24,16519,423.0
24,16535,423.0
24,16563,423.0
24,16581,423.0
24,16599,423.0
24,16615,423.0
24,16643,423.0
24,16659,423.0
24,16675,423.0
24,16691,423.0
24,16717,423.0
24,16719,423.0
24,16733,423.0
24,16753,423.0
24,16767,426.0
24,16799,426.0
24,16813,426.0
24,16829,426.0
24,16845,426.0
24,16871,426.0
24,16891,426.0
24,16905,426.0
24,16921,426.0
24,16937,426.0
24,16965,426.0
24,16979,426.0
24,16995,426.0
24,17011,426.0
24,17025,426.0
24,17039,426.0
24,17065,426.0
24,17081,426.0
24,17095,426.0
24,17109,426.0
24,17141,426.0
24,17155,426.0
24,17171,426.0
24,17173,426.0
24,17189,426.0
24,17205,426.0
24,17207,426.0
24,17209,426.0
24,17227,426.0
24,17249,426.0
24,17267,426.0
24,17281,426.0
24,17297,426.0
24,17313,426.0
24,17327,426.0
24,17341,426.0
24,17369,426.0
24,17399,426.0
24,17415,426.0
24,17431,426.0
24,17461,426.0
24,17463,426.0
24,17489,426.0
24,17507,426.0
24,17509,426.0
24,17539,426.0
24,17553,426.0
24,17569,426.0
24,17599,426.0
24,17629,426.0
24,17643,426.0
24,17669,426.0
24,17699,426.0
24,17727,426.0
24,17741,426.0
24,17755,426.0
24,17757,426.0
24,17783,426.0
24,17797,426.0
24,17813,426.0
24,17839,426.0
24,17853,426.0
24,17867,426.0
24,17881,426.0
24,17895,426.0
24,17911,426.0
24,17943,426.0
24,17973,426.0
24,17987,426.0
24,18013,426.0
24,18015,426.0
24,18045,426.0
24,18063,426.0
24,18089,426.0
24,18105,426.0
24,18135,426.0
24,18137,426.0
24,18167,426.0
24,18195,426.0
24,18221,426.0
24,18239,426.0
24,18253,426.0
24,18285,426.0
24,18315,426.0
24,18347,426.0
24,18361,426.0
24,18375,426.0
24,18377,426.0
24,18395,426.0
24,18409,426.0
24,18411,426.0
24,18413,426.0
24,18415,426.0
24,18441,426.0
24,18467,426.0
24,18481,426.0
24,18497,426.0
24,18499,426.0
24,18529,426.0
24,18545,426.0
24,18573,426.0
24,18603,426.0
24,18629,426.0
24,18643,426.0
24,18673,426.0
24,18687,426.0
24,18689,426.0
24,18703,426.0
24,18729,426.0
24,18749,426.0
24,18779,426.0
24,18809,426.0
24,18811,426.0
24,18839,426.0
24,18855,426.0
24,18883,426.0
24,18897,426.0
24,18923,426.0
24,18953,426.0
24,18967,426.0
24,18987,426.0
24,19003,426.0
24,19019,426.0
24,19021,426.0
24,19047,426.0
24,19075,427.0
25,8810,326.0
25,9323,327.0
25,9351,327.0
25,9367,327.0
25,9397,327.0
25,9399,327.0
25,9413,327.0
25,9415,327.0
25,9445,327.0
25,9473,350.0
25,9491,350.0
25,9507,350.0
25,9523,350.0
25,9537,362.0
25,9563,362.0
25,9589,362.0
25,9605,362.0
25,9621,362.0
25,9635,362.0
25,9651,362.0
25,9683,362.0
25,9711,362.0
25,9741,362.0
25,9771,362.0
25,9787,362.0
25,9817,362.0
25,9847,362.0
25,9861,362.0
25,9887,362.0
25,9915,362.0
25,9931,362.0
25,9963,362.0
25,9979,362.0
25,10005,362.0
25,10033,362.0
25,10069,362.0
25,10083,362.0
25,10097,362.0
25,10115,362.0
25,10131,362.0
25,10157,362.0
25,10187,362.0
25,10203,362.0
25,10229,362.0
25,10243,362.0
25,10273,362.0
25,10275,362.0
25,10277,362.0
25,10297,362.0
25,10323,362.0
25,10337,362.0
25,10363,376.0
25,10377,376.0
25,10379,376.0
25,10393,376.0
25,10421,385.0
25,10455,385.0
25,10471,385.0
25,10501,385.0
25,10515,385.0
25,10529,395.0
25,10545,395.0
25,10573,395.0
25,10587,395.0
25,10589,395.0
25,10607,395.0
25,10633,395.0
25,10647,395.0
25,10675,395.0
25,10701,398.0
25,10715,398.0
25,10729,398.0
25,10759,398.0
25,10791,398.0
25,10807,398.0
25,10821,398.0
25,10835,398.0
25,10869,398.0
25,10885,398.0
25,10887,398.0
25,10901,398.0
25,10915,398.0
25,10929,398.0
25,10965,398.0
25,10967,398.0
25,10981,398.0
25,11011,398.0
25,11037,398.0
25,11065,398.0
25,11093,398.0
25,11107,398.0
25,11133,398.0
25,11147,398.0
25,11163,398.0
25,11177,398.0
25,11191,398.0
25,11193,398.0
25,11225,398.0
25,11227,398.0
25,11243,398.0
25,11245,398.0
25,11261,398.0
25,11289,398.0
25,11291,398.0
25,11293,398.0
25,11309,398.0
25,11325,398.0
25,11353,398.0
25,11371,398.0
25,11401,398.0
25,11415,398.0
25,11433,398.0
25,11447,398.0
25,11461,398.0
25,11491,398.0
25,11505,407.0
25,11519,407.0
25,11533,407.0
25,11535,407.0
25,11551,407.0
25,11581,407.0
25,11583,407.0
25,11597,407.0
25,11611,407.0
25,11625,407.0
25,11639,407.0
25,11655,407.0
25,11685,407.0
25,11713,407.0
25,11741,407.0
25,11769,407.0
25,11805,407.0
25,11807,407.0
25,11821,407.0
25,11855,407.0
25,11881,407.0
25,11909,407.0
25,11923,407.0
25,11949,407.0
25,11963,407.0
25,11991,407.0
25,12005,407.0
25,12031,407.0
25,12045,407.0
25,12059,407.0
25,12073,407.0
25,12103,407.0
25,12117,407.0
25,12119,407.0
25,12137,407.0
25,12151,407.0
25,12167,407.0
25,12181,407.0
25,12195,407.0
25,12209,407.0
25,12211,407.0
25,12237,407.0
25,12253,407.0
25,12267,407.0
25,12283,407.0
25,12301,407.0
25,12317,407.0
25,12331,407.0
25,12359,407.0
25,12373,407.0
25,12389,407.0
25,12403,407.0
25,12419,407.0
25,12447,407.0
25,12461,407.0
25,12475,407.0
25,12489,407.0
25,12525,407.0
25,12551,407.0
25,12553,407.0
25,12569,407.0
25,12571,407.0
25,12573,407.0
25,12589,407.0
25,12615,407.0
25,12649,407.0
25,12651,407.0
25,12677,411.0
25,12679,411.0
25,12705,411.0
25,12721,411.0
25,12749,411.0
25,12763,411.0
25,12777,411.0
25,12805,411.0
25,12807,411.0
25,12821,411.0
25,12835,411.0
25,12861,411.0
25,12879,411.0
25,12893,411.0
25,12909,411.0
25,12923,411.0
25,12953,411.0
25,12983,417.0
25,13011,417.0
25,13039,417.0
25,13053,417.0
25,13085,417.0
25,13099,417.0
25,13113,417.0
25,13147,417.0
25,13175,417.0
25,13191,417.0
25,13205,417.0
25,13231,417.0
25,13247,417.0
25,13261,417.0
25,13275,417.0
25,13303,417.0
25,13317,417.0
25,13319,417.0
25,13333,417.0
25,13347,417.0
25,13365,417.0
25,13395,417.0
25,13397,417.0
25,13411,417.0
25,13425,417.0
25,13455,417.0
25,13457,417.0
25,13471,417.0
25,13501,417.0
25,13515,417.0
25,13535,417.0
25,13569,417.0
25,13583,417.0
25,13599,417.0
25,13601,417.0
25,13627,417.0
25,13653,417.0
25,13655,417.0
25,13681,419.0
25,13683,419.0
25,13711,419.0
25,13725,419.0
25,13747,419.0
25,13775,419.0
25,13789,419.0
25,13819,419.0
25,13821,419.0
25,13835,419.0
25,13867,419.0
25,13885,419.0
25,13901,419.0
25,13927,419.0
25,13929,419.0
25,13943,419.0
25,13969,419.0
25,13983,419.0
25,13999,419.0
25,14029,419.0
25,14059,419.0
25,14089,419.0
25,14117,419.0
25,14143,419.0
25,14171,419.0
25,14199,419.0
25,14229,419.0
25,14243,419.0
25,14257,419.0
25,14275,419.0
25,14303,419.0
25,14317,419.0
25,14333,419.0
25,14359,419.0
25,14373,419.0
25,14387,419.0
25,14401,419.0
25,14429,419.0
25,14443,419.0
25,14459,419.0
25,14475,419.0
25,14489,419.0
25,14503,419.0
25,14529,419.0
25,14555,419.0
25,14569,425.0
25,14583,425.0
25,14615,425.0
25,14641,425.0
25,14657,425.0
25,14675,425.0
25,14703,425.0
25,14733,425.0
25,14761,425.0
25,14775,425.0
25,14791,425.0
25,14821,425.0
25,14839,425.0
25,14841,425.0
25,14859,425.0
25,14873,425.0
25,14901,425.0
25,14917,425.0
25,14935,425.0
25,14949,425.0
25,14981,425.0
25,14995,425.0
25,15009,425.0
25,15023,425.0
25,15039,425.0
25,15055,425.0
25,15081,425.0
25,15107,425.0
25,15133,425.0
25,15161,425.0
25,15163,425.0
25,15195,425.0
25,15213,425.0
25,15239,427.0
25,15265,427.0
25,15279,427.0
25,15295,427.0
25,15311,427.0
25,15325,427.0
25,15355,427.0
25,15381,427.0
25,15409,427.0
25,15411,427.0
25,15441,427.0
25,15457,427.0
25,15483,427.0
25,15499,427.0
25,15513,427.0
25,15515,427.0
25,15543,427.0
25,15545,427.0
25,15561,427.0
25,15579,427.0
25,15609,427.0
25,15625,427.0
25,15639,427.0
25,15641,427.0
25,15669,427.0
25,15697,427.0
25,15725,427.0
25,15727,427.0
25,15743,427.0
25,15761,427.0
25,15777,427.0
25,15803,427.0
25,15805,427.0
25,15821,427.0
25,15837,427.0
25,15863,427.0
25,15877,427.0
25,15903,427.0
25,15917,427.0
25,15951,427.0
25,15953,427.0
25,15967,427.0
25,15969,427.0
25,15971,427.0
25,15985,427.0
25,16013,427.0
25,16029,427.0
25,16043,427.0
25,16071,427.0
25,16073,427.0
25,16089,427.0
25,16117,427.0
25,16143,427.0
25,16157,427.0
25,16175,427.0
25,16203,427.0
25,16217,427.0
25,16243,427.0
25,16257,427.0
25,16271,427.0
25,16299,427.0
25,16327,427.0
25,16341,427.0
25,16343,427.0
25,16345,427.0
25,16375,427.0
25,16389,427.0
25,16403,427.0
25,16405,427.0
25,16419,427.0
25,16445,427.0
25,16447,427.0
25,16473,427.0
25,16499,427.0
25,16515,427.0
25,16531,427.0
25,16561,427.0
25,16579,427.0
25,16605,427.0
25,16621,427.0
25,16651,427.0
25,16677,427.0
25,16691,427.0
25,16705,427.0
25,16719,427.0
25,16721,427.0
25,16737,427.0
25,16751,427.0
25,16753,427.0
25,16781,427.0
25,16809,427.0
25,16823,427.0
25,16839,427.0
25,16867,427.0
25,16883,427.0
25,16885,427.0
25,16887,427.0
25,16889,427.0
25,16891,427.0
25,16909,427.0
25,16923,427.0
25,16951,427.0
25,16965,427.0
25,16967,427.0
25,16969,427.0
25,16999,427.0
25,17031,427.0
25,17047,427.0
25,17049,427.0
25,17065,427.0
25,17083,427.0
25,17097,427.0
25,17123,427.0
25,17155,427.0
25,17171,427.0
25,17199,427.0
25,17215,427.0
25,17241,427.0
25,17243,427.0
25,17271,427.0
25,17297,427.0
25,17315,427.0
25,17329,427.0
25,17345,427.0
25,17377,427.0
25,17393,427.0
25,17407,427.0
25,17435,427.0
25,17451,427.0
25,17453,427.0
25,17487,427.0
25,17501,427.0
25,17519,427.0
25,17535,427.0
25,17563,427.0
25,17593,427.0
25,17595,427.0
25,17611,427.0
25,17637,427.0
25,17653,427.0
25,17681,427.0
25,17683,427.0
25,17709,427.0
25,17723,427.0
25,17739,427.0
25,17753,427.0
25,17781,427.0
25,17783,427.0
25,17809,427.0
25,17837,427.0
25,17839,427.0
25,17841,427.0
25,17843,427.0
25,17859,427.0
25,17873,427.0
25,17875,427.0
25,17905,427.0
25,17919,427.0
25,17933,427.0
25,17949,427.0
25,17975,428.0
25,18003,428.0
25,18017,428.0
25,18033,428.0
25,18061,428.0
25,18077,428.0
25,18103,428.0
25,18117,428.0
25,18131,428.0
25,18159,428.0
25,18187,428.0
25,18201,428.0
25,18217,428.0
25,18245,428.0
25,18261,428.0
25,18293,428.0
25,18323,428.0
25,18349,428.0
25,18379,428.0
25,18393,428.0
25,18407,428.0
25,18435,428.0
25,18461,428.0
25,18479,428.0
25,18507,428.0
25,18537,428.0
25,18555,428.0
25,18581,428.0
25,18595,428.0
25,18609,428.0
25,18623,428.0
25,18639,428.0
25,18653,428.0
25,18681,428.0
25,18699,428.0
25,18725,428.0
25,18727,428.0
25,18741,428.0
25,18771,428.0
25,18801,428.0
26,8738,315.0
26,8768,315.0
26,8770,315.0
26,9235,315.0
26,9261,332.0
26,9289,332.0
26,9315,332.0
26,9343,332.0
26,9357,332.0
26,9389,332.0
26,9417,332.0
26,9431,332.0
26,9433,332.0
26,9447,332.0
26,9479,332.0
26,9495,332.0
26,9523,334.0
26,9525,334.0
26,9557,334.0
26,9559,334.0
26,9593,334.0
26,9619,334.0
26,9633,343.0
26,9651,343.0
26,9665,343.0
26,9667,343.0
26,9699,343.0
26,9713,343.0
26,9739,343.0
26,9767,345.0
26,9795,345.0
26,9823,347.0
26,9837,347.0
26,9851,351.0
26,9865,351.0
26,9893,361.0
26,9925,361.0
26,9957,361.0
26,9959,361.0
26,9973,362.0
26,9989,362.0
26,10003,362.0
26,10033,362.0
26,10049,362.0
26,10063,362.0
26,10065,362.0
26,10079,362.0
26,10105,362.0
26,10119,362.0
26,10149,362.0
26,10177,362.0
26,10207,362.0
26,10233,362.0
26,10235,362.0
26,10237,362.0
26,10269,362.0
26,10283,362.0
26,10297,362.0
26,10299,362.0
26,10313,362.0
26,10327,362.0
26,10343,362.0
26,10357,362.0
26,10375,362.0
26,10389,362.0
26,10407,362.0
26,10435,370.0
26,10461,370.0
26,10463,370.0
26,10481,370.0
26,10495,381.0
26,10513,381.0
26,10529,381.0
26,10531,381.0
26,10559,381.0
26,10573,381.0
26,10599,389.0
26,10625,399.0
26,10639,399.0
26,10669,399.0
26,10671,399.0
26,10685,399.0
26,10699,399.0
26,10713,399.0
26,10741,399.0
26,10769,399.0
26,10797,399.0
26,10813,399.0
26,10827,399.0
26,10843,399.0
26,10859,399.0
26,10885,399.0
26,10911,399.0
26,10927,399.0
26,10945,399.0
26,10979,399.0
26,11005,399.0
26,11035,399.0
26,11065,399.0
26,11093,399.0
26,11107,399.0
26,11109,399.0
26,11125,399.0
26,11143,399.0
26,11145,399.0
26,11175,399.0
26,11189,399.0
26,11205,399.0
26,11231,399.0
26,11245,399.0
26,11259,399.0
26,11273,399.0
26,11289,399.0
26,11305,399.0
26,11319,399.0
26,11333,399.0
26,11335,399.0
26,11353,399.0
26,11381,399.0
26,11383,399.0
26,11409,404.0
26,11423,404.0
26,11437,404.0
26,11453,404.0
26,11485,404.0
26,11511,410.0
26,11525,410.0
26,11539,410.0
26,11569,410.0
26,11571,410.0
26,11601,411.0
26,11603,411.0
26,11605,411.0
26,11631,416.0
26,11645,416.0
26,11659,416.0
26,11687,416.0
26,11689,416.0
26,11707,416.0
26,11733,416.0
26,11759,416.0
26,11785,416.0
26,11787,416.0
26,11801,416.0
26,11815,416.0
26,11829,416.0
26,11859,416.0
26,11873,416.0
26,11887,416.0
26,11901,416.0
26,11927,416.0
26,11929,416.0
26,11955,416.0
26,11969,416.0
26,11971,416.0
26,11987,416.0
26,12001,416.0
26,12015,416.0
26,12041,416.0
26,12057,416.0
26,12089,416.0
26,12103,416.0
26,12131,416.0
26,12157,416.0
26,12189,416.0
26,12191,416.0
26,12219,416.0
26,12235,416.0
26,12263,416.0
26,12293,416.0
26,12319,416.0
26,12333,416.0
26,12349,416.0
26,12363,416.0
26,12365,416.0
26,12393,416.0
26,12419,416.0
26,12421,416.0
26,12423,416.0
26,12439,416.0
26,12441,416.0
26,12467,416.0
26,12481,416.0
26,12497,416.0
26,12513,416.0
26,12547,416.0
26,12561,416.0
26,12587,416.0
26,12605,416.0
26,12607,416.0
26,12635,416.0
26,12663,416.0
26,12689,416.0
26,12717,416.0
26,12747,416.0
26,12761,416.0
26,12787,416.0
26,12801,416.0
26,12833,416.0
26,12835,416.0
26,12849,416.0
26,12851,416.0
26,12867,416.0
26,12881,416.0
26,12895,416.0
26,12897,416.0
26,12925,416.0
26,12939,416.0
26,12953,416.0
26,12967,416.0
26,12983,416.0
26,13011,416.0
26,13037,416.0
26,13065,416.0
26,13079,416.0
26,13105,416.0
26,13123,416.0
26,13137,416.0
26,13139,416.0
26,13169,416.0
26,13185,416.0
26,13201,416.0
26,13203,416.0
26,13229,416.0
26,13245,416.0
26,13273,416.0
26,13299,416.0
26,13313,416.0
26,13339,416.0
26,13371,416.0
26,13387,416.0
26,13401,416.0
26,13427,417.0
26,13441,425.0
26,13443,425.0
26,13457,425.0
26,13471,425.0
26,13473,425.0
26,13499,425.0
26,13501,425.0
26,13515,425.0
26,13541,425.0
26,13567,425.0
26,13581,425.0
26,13607,425.0
26,13635,425.0
26,13663,425.0
26,13677,427.0
26,13691,427.0
26,13719,427.0
26,13747,427.0
26,13773,430.0
26,13801,430.0
26,13829,430.0
26,13843,430.0
26,13869,430.0
26,13897,430.0
26,13925,430.0
26,13927,430.0
26,13953,430.0
26,13967,430.0
26,13995,430.0
26,13997,430.0
26,14011,430.0
26,14013,430.0
26,14027,430.0
26,14053,430.0
26,14081,430.0
26,14097,430.0
26,14125,430.0
26,14139,430.0
26,14141,430.0
26,14169,430.0
26,14185,430.0
26,14199,430.0
26,14215,430.0
26,14245,430.0
26,14259,430.0
26,14273,430.0
26,14301,430.0
26,14315,430.0
26,14345,430.0
26,14347,430.0
26,14349,430.0
26,14363,430.0
26,14365,430.0
26,14367,430.0
26,14395,430.0
26,14425,430.0
26,14427,430.0
26,14441,430.0
26,14469,430.0
26,14485,430.0
26,14513,430.0
26,14541,430.0
26,14543,430.0
26,14545,430.0
26,14559,430.0
26,14575,430.0
26,14603,430.0
26,14631,430.0
26,14657,430.0
26,14683,430.0
26,14709,430.0
26,14711,430.0
26,14737,430.0
26,14765,430.0
26,14783,430.0
26,14801,430.0
26,14833,430.0
26,14835,430.0
26,14837,430.0
26,14863,430.0
26,14877,430.0
26,14907,430.0
26,14921,430.0
26,14935,430.0
26,14965,430.0
26,14993,430.0
26,15007,430.0
26,15033,430.0
26,15047,430.0
26,15075,430.0
26,15091,430.0
26,15109,430.0
26,15137,430.0
26,15153,430.0
26,15179,430.0
26,15193,430.0
26,15195,430.0
26,15225,430.0
26,15251,430.0
26,15267,430.0
26,15281,430.0
26,15297,430.0
26,15323,430.0
26,15325,430.0
26,15351,430.0
26,15353,430.0
26,15355,430.0
26,15375,430.0
26,15377,430.0
26,15391,430.0
26,15405,430.0
26,15419,430.0
26,15433,430.0
26,15449,430.0
26,15479,430.0
26,15507,430.0
26,15521,430.0
26,15549,430.0
26,15563,430.0
26,15579,430.0
26,15611,430.0
26,15627,430.0
26,15629,430.0
26,15631,430.0
26,15649,430.0
26,15663,430.0
26,15693,430.0
26,15721,430.0
26,15751,430.0
26,15765,430.0
26,15795,430.0
26,15823,430.0
26,15837,430.0
26,15865,430.0
26,15867,430.0
26,15895,430.0
26,15909,430.0
26,15935,430.0
26,15969,430.0
26,15983,430.0
26,15997,430.0
26,16023,430.0
26,16037,430.0
26,16067,430.0
26,16093,430.0
26,16111,430.0
26,16133,430.0
26,16161,430.0
26,16175,430.0
26,16203,430.0
26,16221,430.0
26,16253,430.0
26,16267,430.0
26,16283,430.0
26,16313,430.0
26,16329,430.0
26,16359,430.0
26,16375,430.0
26,16403,430.0
26,16431,430.0
26,16445,430.0
26,16461,430.0
26,16463,430.0
26,16477,430.0
26,16491,430.0
26,16493,430.0
26,16509,430.0
26,16537,430.0
26,16559,430.0
26,16561,430.0
26,16575,430.0
26,16591,430.0
26,16617,430.0
26,16619,430.0
26,16651,430.0
26,16665,430.0
26,16685,430.0
26,16715,430.0
26,16717,430.0
26,16745,430.0
26,16773,430.0
26,16787,430.0
26,16813,430.0
26,16827,430.0
26,16841,430.0
26,16867,430.0
26,16881,430.0
26,16883,430.0
26,16901,430.0
26,16935,430.0
26,16963,430.0
26,16979,430.0
26,17005,430.0
26,17019,430.0
26,17033,430.0
26,17047,430.0
26,17067,430.0
26,17085,430.0
26,17113,430.0
26,17141,430.0
26,17169,430.0
26,17183,430.0
26,17185,430.0
26,17187,430.0
26,17201,430.0
26,17219,430.0
26,17233,430.0
26,17251,430.0
26,17267,430.0
26,17281,430.0
26,17295,430.0
26,17325,430.0
26,17339,430.0
26,17355,430.0
26,17385,430.0
26,17411,430.0
26,17425,430.0
26,17441,430.0
26,17467,430.0
26,17481,430.0
26,17497,430.0
26,17527,430.0
26,17543,430.0
26,17573,430.0
26,17587,430.0
26,17601,430.0
26,17603,430.0
26,17617,430.0
26,17649,430.0
26,17665,430.0
26,17695,430.0
26,17709,430.0
26,17725,430.0
26,17753,430.0
26,17779,430.0
26,17797,430.0
26,17813,430.0
26,17827,430.0
26,17829,430.0
26,17845,430.0
26,17847,430.0
26,17861,430.0
26,17889,430.0
26,17917,430.0
26,17931,430.0
26,17945,430.0
26,17973,430.0
26,17989,430.0
26,18009,430.0
26,18011,430.0
26,18013,430.0
26,18027,430.0
26,18061,430.0
26,18077,430.0
26,18103,430.0
26,18117,430.0
26,18131,430.0
26,18145,430.0
26,18171,430.0
26,18185,430.0
26,18201,430.0
26,18229,430.0
26,18259,430.0
26,18275,430.0
26,18291,430.0
26,18305,430.0
26,18331,430.0
26,18359,430.0
26,18361,430.0
26,18375,430.0
26,18393,430.0
26,18421,430.0
26,18449,430.0
26,18463,430.0
26,18489,430.0
26,18515,430.0
26,18531,430.0
26,18563,430.0
26,18577,430.0
26,18603,430.0
26,18617,430.0
26,18645,430.0
26,18659,430.0
26,18673,430.0
26,18701,430.0
26,18731,430.0
27,8772,313.0
27,8788,313.0
27,8820,313.0
27,8834,313.0
27,8850,313.0
27,8852,313.0
27,9335,313.0
27,9351,313.0
27,9365,321.0
27,9379,321.0
27,9393,321.0
27,9395,321.0
27,9397,321.0
27,9429,321.0
27,9457,321.0
27,9483,321.0
27,9509,321.0
27,9523,321.0
27,9553,322.0
27,9567,346.0
27,9595,346.0
27,9613,346.0
27,9615,346.0
27,9641,346.0
27,9655,347.0
27,9681,347.0
27,9683,347.0
27,9699,347.0
27,9701,347.0
27,9729,347.0
27,9759,347.0
27,9787,347.0
27,9803,347.0
27,9817,347.0
27,9819,347.0
27,9853,347.0
27,9883,347.0
27,9911,347.0
27,9925,347.0
27,9939,347.0
27,9967,372.0
27,9983,372.0
27,9997,372.0
27,10027,372.0
27,10041,372.0
27,10067,372.0
27,10095,372.0
27,10127,372.0
27,10129,372.0
27,10131,372.0
27,10145,372.0
27,10147,372.0
27,10165,372.0
27,10191,372.0
27,10219,372.0
27,10245,372.0
27,10247,372.0
27,10263,372.0
27,10289,372.0
27,10315,372.0
27,10329,372.0
27,10331,372.0
27,10359,372.0
27,10393,372.0
27,10395,372.0
27,10421,372.0
27,10447,378.0
27,10473,378.0
27,10487,378.0
27,10519,378.0
27,10545,378.0
27,10559,378.0
27,10579,378.0
27,10581,378.0
27,10595,378.0
27,10597,378.0
27,10613,378.0
27,10645,378.0
27,10675,378.0
27,10677,378.0
27,10691,378.0
27,10705,378.0
27,10721,378.0
27,10755,378.0
27,10769,378.0
27,10771,378.0
27,10799,378.0
27,10813,378.0
27,10827,378.0
27,10845,378.0
27,10859,378.0
27,10873,378.0
27,10903,378.0
27,10929,378.0
27,10931,378.0
27,10945,378.0
27,10973,378.0
27,11001,378.0
27,11015,378.0
27,11033,378.0
27,11035,378.0
27,11051,378.0
27,11079,390.0
27,11081,390.0
27,11095,390.0
27,11109,390.0
27,11111,390.0
27,11139,390.0
27,11141,390.0
27,11157,390.0
27,11187,390.0
27,11201,390.0
27,11215,390.0
27,11229,390.0
27,11257,390.0
27,11271,390.0
27,11299,390.0
27,11313,390.0
27,11341,390.0
27,11343,390.0
27,11359,390.0
27,11373,390.0
27,11403,390.0
27,11431,390.0
27,11461,390.0
27,11489,390.0
27,11517,390.0
27,11531,395.0
27,11557,395.0
27,11585,395.0
27,11601,395.0
27,11603,395.0
27,11617,395.0
27,11643,395.0
27,11645,395.0
27,11661,395.0
27,11687,395.0
27,11701,395.0
27,11719,395.0
27,11735,395.0
27,11763,395.0
27,11789,395.0
27,11803,395.0
27,11819,395.0
27,11833,400.0
27,11865,400.0
27,11895,400.0
27,11923,400.0
27,11953,400.0
27,11971,400.0
27,11973,400.0
27,11999,400.0
27,12001,400.0
27,12019,400.0
27,12051,400.0
27,12077,400.0
27,12091,400.0
27,12117,407.0
27,12131,407.0
27,12157,407.0
27,12183,407.0
27,12197,407.0
27,12223,407.0
27,12225,407.0
27,12241,407.0
27,12255,407.0
27,12257,407.0
27,12271,407.0
27,12287,407.0
27,12301,407.0
27,12315,407.0
27,12343,407.0
27,12375,407.0
27,12403,407.0
27,12431,407.0
27,12447,407.0
27,12473,407.0
27,12487,407.0
27,12513,407.0
27,12527,407.0
27,12541,410.0
27,12557,410.0
27,12571,410.0
27,12585,410.0
27,12587,410.0
27,12601,410.0
27,12617,410.0
27,12631,410.0
27,12657,410.0
27,12689,410.0
27,12715,410.0
27,12741,410.0
27,12743,410.0
27,12771,410.0
27,12773,410.0
27,12799,410.0
27,12831,410.0
27,12859,410.0
27,12861,410.0
27,12887,410.0
27,12903,410.0
27,12917,410.0
27,12937,410.0
27,12953,410.0
27,12979,411.0
27,13007,411.0
27,13009,411.0
27,13023,411.0
27,13041,411.0
27,13057,411.0
27,13071,411.0
27,13087,411.0
27,13089,411.0
27,13115,411.0
27,13117,411.0
27,13147,411.0
27,13161,411.0
27,13189,411.0
27,13215,413.0
27,13235,413.0
27,13251,413.0
27,13265,413.0
27,13279,413.0
27,13295,413.0
27,13327,413.0
27,13345,413.0
27,13363,413.0
27,13379,413.0
27,13405,413.0
27,13423,413.0
27,13457,413.0
27,13471,413.0
27,13497,413.0
27,13527,413.0
27,13555,413.0
27,13569,413.0
27,13587,413.0
27,13605,413.0
27,13635,413.0
27,13649,415.0
27,13675,415.0
27,13703,415.0
27,13731,415.0
27,13745,415.0
27,13771,415.0
27,13773,415.0
27,13803,415.0
27,13817,415.0
27,13833,415.0
27,13847,415.0
27,13861,415.0
27,13879,415.0
27,13881,415.0
27,13883,415.0
27,13901,415.0
27,13917,415.0
27,13919,415.0
27,13935,415.0
27,13957,415.0
27,13983,415.0
27,14001,415.0
27,14015,415.0
27,14031,415.0
27,14049,415.0
27,14051,415.0
27,14079,415.0
27,14093,415.0
27,14119,415.0
27,14145,415.0
27,14159,415.0
27,14187,415.0
27,14189,415.0
27,14219,415.0
27,14245,415.0
27,14259,415.0
27,14275,415.0
27,14277,415.0
27,14305,415.0
27,14319,415.0
27,14335,415.0
27,14337,415.0
27,14351,415.0
27,14365,415.0
27,14379,415.0
27,14407,415.0
27,14425,415.0
27,14439,415.0
27,14473,415.0
27,14487,415.0
27,14503,415.0
27,14535,415.0
27,14551,415.0
27,14553,415.0
27,14575,415.0
27,14601,416.0
27,14627,416.0
27,14643,416.0
27,14645,416.0
27,14681,416.0
27,14707,416.0
27,14709,416.0
27,14725,416.0
27,14741,416.0
27,14743,416.0
27,14757,416.0
27,14783,416.0
27,14811,416.0
27,14827,416.0
27,14855,416.0
27,14883,416.0
27,14897,416.0
27,14911,416.0
27,14927,416.0
27,14943,416.0
27,14959,416.0
27,14985,416.0
27,14987,416.0
27,15001,416.0
27,15027,416.0
27,15045,416.0
27,15061,416.0
27,15077,416.0
27,15079,416.0
27,15109,416.0
27,15123,416.0
27,15149,416.0
27,15165,416.0
27,15193,416.0
27,15221,416.0
27,15249,416.0
27,15275,417.0
27,15289,417.0
27,15317,419.0
27,15343,419.0
27,15361,420.0
27,15375,423.0
27,15401,423.0
27,15419,423.0
27,15447,423.0
27,15473,423.0
27,15475,423.0
27,15477,423.0
27,15491,423.0
27,15505,424.0
27,15535,424.0
27,15561,424.0
27,15575,424.0
27,15605,424.0
27,15621,424.0
27,15647,424.0
27,15649,424.0
27,15663,424.0
27,15665,424.0
27,15691,424.0
27,15719,424.0
27,15747,424.0
27,15749,424.0
27,15767,424.0
27,15793,425.0
27,15823,425.0
27,15849,425.0
27,15851,425.0
27,15853,425.0
27,15855,425.0
27,15887,425.0
27,15901,425.0
27,15933,425.0
27,15965,425.0
27,15967,425.0
27,15969,425.0
27,15999,425.0
27,16013,425.0
27,16027,425.0
27,16053,425.0
27,16067,425.0
27,16081,425.0
27,16111,425.0
27,16125,425.0
27,16151,425.0
27,16153,425.0
27,16155,425.0
27,16183,425.0
27,16213,425.0
27,16239,425.0
27,16269,425.0
27,16285,425.0
27,16317,425.0
27,16335,425.0
27,16351,425.0
27,16377,425.0
27,16403,425.0
27,16429,425.0
27,16445,425.0
27,16473,425.0
27,16505,425.0
27,16535,425.0
27,16549,425.0
27,16565,425.0
27,16579,425.0
27,16609,425.0
27,16641,425.0
27,16667,425.0
27,16681,425.0
27,16697,425.0
27,16723,425.0
27,16737,425.0
27,16739,425.0
27,16765,425.0
27,16767,425.0
27,16795,425.0
27,16797,425.0
27,16799,425.0
27,16827,425.0
27,16841,425.0
27,16855,425.0
27,16881,425.0
27,16895,425.0
27,16909,425.0
27,16927,425.0
27,16955,425.0
27,16969,425.0
27,17001,425.0
27,17029,425.0
27,17057,425.0
27,17071,425.0
27,17099,425.0
27,17101,425.0
27,17117,425.0
27,17119,425.0
27,17147,425.0
27,17163,425.0
27,17179,425.0
27,17181,425.0
27,17197,425.0
27,17211,425.0
27,17239,425.0
27,17253,425.0
27,17255,425.0
27,17271,425.0
27,17297,425.0
27,17327,425.0
27,17355,425.0
27,17369,425.0
27,17397,425.0
27,17411,425.0
27,17437,425.0
27,17467,425.0
27,17497,425.0
27,17511,425.0
27,17539,425.0
27,17555,425.0
27,17585,425.0
27,17599,425.0
27,17613,425.0
27,17615,425.0
27,17629,425.0
27,17645,425.0
27,17661,425.0
27,17687,426.0
27,17701,426.0
27,17729,426.0
27,17759,426.0
27,17797,426.0
27,17825,426.0
27,17827,426.0
27,17843,426.0
27,17871,426.0
27,17899,426.0
27,17915,426.0
27,17931,426.0
27,17961,426.0
27,17987,427.0
27,18015,427.0
27,18031,427.0
27,18033,427.0
27,18059,427.0
27,18085,427.0
27,18103,427.0
27,18129,427.0
27,18145,427.0
27,18167,427.0
27,18195,427.0
27,18225,427.0
27,18251,427.0
27,18265,427.0
27,18293,427.0
27,18319,427.0
27,18345,427.0
27,18361,427.0
27,18391,427.0
27,18405,427.0
27,18419,427.0
27,18445,427.0
27,18461,427.0
27,18475,427.0
27,18489,427.0
27,18491,427.0
27,18505,427.0
27,18531,427.0
27,18545,427.0
27,18559,427.0
27,18589,427.0
27,18605,427.0
27,18635,427.0
27,18637,427.0
27,18639,427.0
27,18669,427.0
27,18685,427.0
27,18713,427.0
27,18739,427.0
27,18753,427.0
28,8804,317.0
28,8822,317.0
28,8854,318.0
28,8868,318.0
28,8898,318.0
28,8912,318.0
28,8914,318.0
28,8942,333.0
28,8956,333.0
28,8972,333.0
28,9000,335.0
28,9475,335.0
28,9501,335.0
28,9503,335.0
28,9529,349.0
28,9543,349.0
28,9571,349.0
28,9585,360.0
28,9601,360.0
28,9627,360.0
28,9645,360.0
28,9661,360.0
28,9675,360.0
28,9701,360.0
28,9733,360.0
28,9749,360.0
28,9751,360.0
28,9753,360.0
28,9783,360.0
28,9811,360.0
28,9839,360.0
28,9869,360.0
28,9871,360.0
28,9899,360.0
28,9929,360.0
28,9961,360.0
28,9987,360.0
28,10013,360.0
28,10031,360.0
28,10059,360.0
28,10075,360.0
28,10077,360.0
28,10107,370.0
28,10137,370.0
28,10139,370.0
28,10153,370.0
28,10167,370.0
28,10181,370.0
28,10213,370.0
28,10241,370.0
28,10267,370.0
28,10281,379.0
28,10297,379.0
28,10315,379.0
28,10345,379.0
28,10347,379.0
28,10375,379.0
28,10391,379.0
28,10405,379.0
28,10431,379.0
28,10447,379.0
28,10449,379.0
28,10477,379.0
28,10479,379.0
28,10493,379.0
28,10495,379.0
28,10511,379.0
28,10513,379.0
28,10515,379.0
28,10529,386.0
28,10555,386.0
28,10589,386.0
28,10617,386.0
28,10645,386.0
28,10659,386.0
28,10675,386.0
28,10695,386.0
28,10723,386.0
28,10739,386.0
28,10741,386.0
28,10755,386.0
28,10771,386.0
28,10773,386.0
28,10775,386.0
28,10791,386.0
28,10805,386.0
28,10819,386.0
28,10833,386.0
28,10847,386.0
28,10873,388.0
28,10899,388.0
28,10929,388.0
28,10957,388.0
28,10987,388.0
28,11001,388.0
28,11015,388.0
28,11029,388.0
28,11031,388.0
28,11047,388.0
28,11049,388.0
28,11063,388.0
28,11091,388.0
28,11119,389.0
28,11147,389.0
28,11163,389.0
28,11179,389.0
28,11209,389.0
28,11235,389.0
28,11249,389.0
28,11251,389.0
28,11281,389.0
28,11307,389.0
28,11323,389.0
28,11337,389.0
28,11363,389.0
28,11365,389.0
28,11399,389.0
28,11435,389.0
28,11437,389.0
28,11457,389.0
28,11459,389.0
28,11475,389.0
28,11489,389.0
28,11505,389.0
28,11533,389.0
28,11561,405.0
28,11591,405.0
28,11617,405.0
28,11631,405.0
28,11647,405.0
28,11665,405.0
28,11679,405.0
28,11693,405.0
28,11695,405.0
28,11709,405.0
28,11735,405.0
28,11751,405.0
28,11765,405.0
28,11791,405.0
28,11793,405.0
28,11807,405.0
28,11823,405.0
28,11843,405.0
28,11871,405.0
28,11885,405.0
28,11901,405.0
28,11903,405.0
28,11917,406.0
28,11947,406.0
28,11961,406.0
28,11963,406.0
28,11991,406.0
28,11993,406.0
28,12023,406.0
28,12043,406.0
28,12059,406.0
28,12073,406.0
28,12099,406.0
28,12115,406.0
28,12129,406.0
28,12155,406.0
28,12169,406.0
28,12183,406.0
28,12213,406.0
28,12227,406.0
28,12229,406.0
28,12243,406.0
28,12257,406.0
28,12275,406.0
28,12291,406.0
28,12309,406.0
28,12311,406.0
28,12327,406.0
28,12355,409.0
28,12369,410.0
28,12371,410.0
28,12401,410.0
28,12403,410.0
28,12431,410.0
28,12433,410.0
28,12463,410.0
28,12483,410.0
28,12505,410.0
28,12519,410.0
28,12551,410.0
28,12577,410.0
28,12591,410.0
28,12605,410.0
28,12633,410.0
28,12635,410.0
28,12661,410.0
28,12687,410.0
28,12717,410.0
28,12719,410.0
28,12745,410.0
28,12775,410.0
28,12807,410.0
28,12835,410.0
28,12861,410.0
28,12889,410.0
28,12903,410.0
28,12905,410.0
28,12921,410.0
28,12935,410.0
28,12949,410.0
28,12963,410.0
28,12977,410.0
28,13009,410.0
28,13037,410.0
28,13053,410.0
28,13067,410.0
28,13081,410.0
28,13097,410.0
28,13115,410.0
28,13145,410.0
28,13159,410.0
28,13173,410.0
28,13187,410.0
28,13213,410.0
28,13231,410.0
28,13245,410.0
28,13247,410.0
28,13275,410.0
28,13277,410.0
28,13303,410.0
28,13331,410.0
28,13359,410.0
28,13373,423.0
28,13375,423.0
28,13377,423.0
28,13405,423.0
28,13435,423.0
28,13449,423.0
28,13465,423.0
28,13479,423.0
28,13481,423.0
28,13507,423.0
28,13523,423.0
28,13549,423.0
28,13579,423.0
28,13593,423.0
28,13609,423.0
28,13639,423.0
28,13667,423.0
28,13695,423.0
28,13723,423.0
28,13737,423.0
28,13751,423.0
28,13765,423.0
28,13779,423.0
28,13795,423.0
28,13809,423.0
28,13811,423.0
28,13825,423.0
28,13841,423.0
28,13859,423.0
28,13887,423.0
28,13915,423.0
28,13941,423.0
28,13967,423.0
28,13981,423.0
28,13999,423.0
28,14013,423.0
28,14041,423.0
28,14055,423.0
28,14069,423.0
28,14099,423.0
28,14115,423.0
28,14131,423.0
28,14159,423.0
28,14175,423.0
28,14201,423.0
28,14215,423.0
28,14229,423.0
28,14243,423.0
28,14265,423.0
28,14279,423.0
28,14293,423.0
28,14321,423.0
28,14335,423.0
28,14365,423.0
28,14379,423.0
28,14409,423.0
28,14435,423.0
28,14451,423.0
28,14477,423.0
28,14479,423.0
28,14495,423.0
28,14527,423.0
28,14529,423.0
28,14531,423.0
28,14547,423.0
28,14573,423.0
28,14599,423.0
28,14627,423.0
28,14643,423.0
28,14675,423.0
28,14707,423.0
28,14723,423.0
28,14753,423.0
28,14771,423.0
28,14785,423.0
28,14787,423.0
28,14815,423.0
28,14829,423.0
28,14845,423.0
28,14859,423.0
28,14877,423.0
28,14891,423.0
28,14905,423.0
28,14921,423.0
28,14937,423.0
28,14965,423.0
28,14979,423.0
28,15007,423.0
28,15021,423.0
28,15049,423.0
28,15075,423.0
28,15091,423.0
28,15121,423.0
28,15147,423.0
28,15161,423.0
28,15189,423.0
28,15203,423.0
28,15229,423.0
28,15243,423.0
28,15245,423.0
28,15265,423.0
28,15279,423.0
28,15311,423.0
28,15313,423.0
28,15341,423.0
28,15373,423.0
28,15405,423.0
28,15431,423.0
28,15457,423.0
28,15477,423.0
28,15505,423.0
28,15507,423.0
28,15523,423.0
28,15551,423.0
28,15579,423.0
28,15595,423.0
28,15597,423.0
28,15613,423.0
28,15629,423.0
28,15645,423.0
28,15661,423.0
28,15675,423.0
28,15703,423.0
28,15717,423.0
28,15743,423.0
28,15759,423.0
28,15773,423.0
28,15801,423.0
28,15821,423.0
28,15837,423.0
28,15863,423.0
28,15865,423.0
28,15881,423.0
28,15907,423.0
28,15921,423.0
28,15923,423.0
28,15955,423.0
28,15969,423.0
28,15999,423.0
28,16013,423.0
28,16043,423.0
28,16069,423.0
28,16087,423.0
28,16115,423.0
28,16129,423.0
28,16131,423.0
28,16159,423.0
28,16175,423.0
28,16203,423.0
28,16205,423.0
28,16231,423.0
28,16245,423.0
28,16259,423.0
28,16285,423.0
28,16299,423.0
28,16313,423.0
28,16327,423.0
28,16341,423.0
28,16371,423.0
28,16401,423.0
28,16419,423.0
28,16433,423.0
28,16467,423.0
28,16497,423.0
28,16511,423.0
28,16513,423.0
28,16541,423.0
28,16569,423.0
28,16585,423.0
28,16587,423.0
28,16601,423.0
28,16633,423.0
28,16661,423.0
28,16677,423.0
28,16691,423.0
28,16707,423.0
28,16725,423.0
28,16739,423.0
28,16769,423.0
28,16797,423.0
28,16825,423.0
28,16839,423.0
28,16853,423.0
28,16879,423.0
28,16907,423.0
28,16921,423.0
28,16923,423.0
28,16925,423.0
28,16941,423.0
28,16969,423.0
28,16985,423.0
28,16999,423.0
28,17025,423.0
28,17051,423.0
28,17077,423.0
28,17091,423.0
28,17125,423.0
28,17151,423.0
28,17165,423.0
28,17191,423.0
28,17217,423.0
28,17249,423.0
28,17251,423.0
28,17265,423.0
28,17291,425.0
28,17305,425.0
28,17307,425.0
28,17321,425.0
28,17337,425.0
28,17351,425.0
28,17377,425.0
28,17407,425.0
28,17421,425.0
28,17423,425.0
28,17451,425.0
28,17479,425.0
28,17495,425.0
28,17525,425.0
28,17541,425.0
28,17543,425.0
28,17575,425.0
28,17591,425.0
28,17593,425.0
28,17607,425.0
28,17621,425.0
28,17635,425.0
28,17651,425.0
28,17653,425.0
28,17681,425.0
28,17707,425.0
28,17721,425.0
28,17749,425.0
28,17779,425.0
28,17799,425.0
28,17813,425.0
28,17829,425.0
28,17857,425.0
28,17873,425.0
28,17875,425.0
28,17901,425.0
28,17935,425.0
28,17937,425.0
28,17969,425.0
28,17985,425.0
28,17999,425.0
28,18027,425.0
28,18057,425.0
28,18059,425.0
28,18061,425.0
28,18091,425.0
28,18119,425.0
28,18133,425.0
28,18149,425.0
28,18175,425.0
28,18209,425.0
28,18223,425.0
28,18249,425.0
28,18263,425.0
28,18265,425.0
28,18279,425.0
28,18293,425.0
28,18295,425.0
28,18321,425.0
28,18335,425.0
28,18349,425.0
28,18363,425.0
28,18379,425.0
28,18381,425.0
28,18409,425.0
28,18423,425.0
28,18425,425.0
28,18427,425.0
28,18441,425.0
28,18473,425.0
28,18503,425.0
28,18519,425.0
28,18533,425.0
28,18549,425.0
28,18577,425.0
28,18591,425.0
28,18617,425.0
28,18645,425.0
28,18673,425.0
28,18701,425.0
28,18703,425.0
28,18731,425.0
28,18747,425.0
28,18775,425.0
28,18789,425.0
28,18803,425.0
29,8926,300.0
29,8952,307.0
29,8954,307.0
29,8982,320.0
29,8996,332.0
29,9012,335.0
29,9042,335.0
29,9056,335.0
29,9070,335.0
29,9495,335.0
29,9513,335.0
29,9515,335.0
29,9529,355.0
29,9543,355.0
29,9557,355.0
29,9571,355.0
29,9585,368.0
29,9599,368.0
29,9615,368.0
29,9629,368.0
29,9645,368.0
29,9675,368.0
29,9691,368.0
29,9709,368.0
29,9711,368.0
29,9725,368.0
29,9755,368.0
29,9757,368.0
29,9773,368.0
29,9799,368.0
29,9831,368.0
29,9861,368.0
29,9877,368.0
29,9895,368.0
29,9923,368.0
29,9937,368.0
29,9939,368.0
29,9965,368.0
29,9967,368.0
29,9985,368.0
29,9999,368.0
29,10025,368.0
29,10043,368.0
29,10069,368.0
29,10085,368.0
29,10099,368.0
29,10129,368.0
29,10145,368.0
29,10175,368.0
29,10203,368.0
29,10219,368.0
29,10245,368.0
29,10261,368.0
29,10277,368.0
29,10293,368.0
29,10309,368.0
29,10323,368.0
29,10337,368.0
29,10339,368.0
29,10341,368.0
29,10367,374.0
29,10369,374.0
29,10397,374.0
29,10415,374.0
29,10417,374.0
29,10431,374.0
29,10465,374.0
29,10467,374.0
29,10469,374.0
29,10471,374.0
29,10497,381.0
29,10525,381.0
29,10539,381.0
29,10565,381.0
29,10579,384.0
29,10607,384.0
29,10623,384.0
29,10651,384.0
29,10665,384.0
29,10679,384.0
29,10713,384.0
29,10715,384.0
29,10731,384.0
29,10745,384.0
29,10763,384.0
29,10789,384.0
29,10805,384.0
29,10819,390.0
29,10835,390.0
29,10849,390.0
29,10865,390.0
29,10893,390.0
29,10907,390.0
29,10909,390.0
29,10937,390.0
29,10969,390.0
29,10971,390.0
29,10997,390.0
29,11015,390.0
29,11031,390.0
29,11059,390.0
29,11087,390.0
29,11115,390.0
29,11145,390.0
29,11171,390.0
29,11185,390.0
29,11211,390.0
29,11239,390.0
29,11269,390.0
29,11297,396.0
29,11327,396.0
29,11341,396.0
29,11355,396.0
29,11373,396.0
29,11387,396.0
29,11403,396.0
29,11423,396.0
29,11437,396.0
29,11451,396.0
29,11479,396.0
29,11507,396.0
29,11523,396.0
29,11537,396.0
29,11565,396.0
29,11591,396.0
29,11607,396.0
29,11621,396.0
29,11635,396.0
29,11649,396.0
29,11663,396.0
29,11679,396.0
29,11693,396.0
29,11707,396.0
29,11721,396.0
29,11737,396.0
29,11767,396.0
29,11781,396.0
29,11799,396.0
29,11825,402.0
29,11857,402.0
29,11871,402.0
29,11889,402.0
29,11905,402.0
29,11925,402.0
29,11957,402.0
29,11959,402.0
29,11987,402.0
29,12001,402.0
29,12017,402.0
29,12037,402.0
29,12051,405.0
29,12077,405.0
29,12079,405.0
29,12095,405.0
29,12109,405.0
29,12123,405.0
29,12149,405.0
29,12179,405.0
29,12207,405.0
29,12221,405.0
29,12235,405.0
29,12263,405.0
29,12277,405.0
29,12305,405.0
29,12333,405.0
29,12347,405.0
29,12377,405.0
29,12391,405.0
29,12405,410.0
29,12421,410.0
29,12435,410.0
29,12461,410.0
29,12479,410.0
29,12493,410.0
29,12523,410.0
29,12551,410.0
29,12577,410.0
29,12591,411.0
29,12605,411.0
29,12619,411.0
29,12633,411.0
29,12663,411.0
29,12677,411.0
29,12679,411.0
29,12701,411.0
29,12727,419.0
29,12729,419.0
29,12731,419.0
29,12761,419.0
29,12775,419.0
29,12805,419.0
29,12819,419.0
29,12847,423.0
29,12861,424.0
29,12875,424.0
29,12889,424.0
29,12915,427.0
29,12917,427.0
29,12931,427.0
29,12945,427.0
29,12959,427.0
29,12985,427.0
29,12999,427.0
29,13027,427.0
29,13041,427.0
29,13043,427.0
29,13057,427.0
29,13083,427.0
29,13097,427.0
29,13111,427.0
29,13139,427.0
29,13171,427.0
29,13173,427.0
29,13187,427.0
29,13189,427.0
29,13219,427.0
29,13233,427.0
29,13235,427.0
29,13249,427.0
29,13263,427.0
29,13279,427.0
29,13293,427.0
29,13307,427.0
29,13309,427.0
29,13323,427.0
29,13337,427.0
29,13339,427.0
29,13353,427.0
29,13379,427.0
29,13407,427.0
29,13435,427.0
29,13451,427.0
29,13469,427.0
29,13483,427.0
29,13497,427.0
29,13513,427.0
29,13527,427.0
29,13555,427.0
29,13583,427.0
29,13609,427.0
29,13611,427.0
29,13625,427.0
29,13627,427.0
29,13657,427.0
29,13671,427.0
29,13685,427.0
29,13713,427.0
29,13727,427.0
29,13741,427.0
29,13755,427.0
29,13769,427.0
29,13771,427.0
29,13789,427.0
29,13815,427.0
29,13841,427.0
29,13871,427.0
29,13873,427.0
29,13889,427.0
29,13903,427.0
29,13931,427.0
29,13947,427.0
29,13973,427.0
29,13987,427.0
29,14015,427.0
29,14029,427.0
29,14057,427.0
29,14071,427.0
29,14099,427.0
29,14101,427.0
29,14129,427.0
29,14143,427.0
29,14157,427.0
29,14171,427.0
29,14173,427.0
29,14187,427.0
29,14201,427.0
29,14227,427.0
29,14241,427.0
29,14267,427.0
29,14293,427.0
29,14295,427.0
29,14311,427.0
29,14325,427.0
29,14327,427.0
29,14347,427.0
29,14349,427.0
29,14363,427.0
29,14379,427.0
29,14381,427.0
29,14411,427.0
29,14425,427.0
29,14439,427.0
29,14457,427.0
29,14473,427.0
29,14501,427.0
29,14503,427.0
29,14535,427.0
29,14549,427.0
29,14551,427.0
29,14565,427.0
29,14579,427.0
29,14607,427.0
29,14623,427.0
29,14649,427.0
29,14675,427.0
29,14703,427.0
29,14719,427.0
29,14735,427.0
29,14749,427.0
29,14751,427.0
29,14753,427.0
29,14769,427.0
29,14795,427.0
29,14809,427.0
29,14823,427.0
29,14837,427.0
29,14855,427.0
29,14857,427.0
29,14859,427.0
29,14873,427.0
29,14889,427.0
29,14891,427.0
29,14905,427.0
29,14919,427.0
29,14921,427.0
29,14935,427.0
29,14951,427.0
29,14979,427.0
29,15005,427.0
29,15025,427.0
29,15043,427.0
29,15045,427.0
29,15073,427.0
29,15099,427.0
29,15101,427.0
29,15103,427.0
29,15129,427.0
29,15157,427.0
29,15187,427.0
29,15217,427.0
29,15243,427.0
29,15257,427.0
29,15271,427.0
29,15301,427.0
29,15315,427.0
29,15317,427.0
29,15343,427.0
29,15369,427.0
29,15391,427.0
29,15407,427.0
29,15421,427.0
29,15449,427.0
29,15477,427.0
29,15491,427.0
29,15505,427.0
29,15535,427.0
29,15551,427.0
29,15553,427.0
29,15567,427.0
29,15599,427.0
29,15627,427.0
29,15641,427.0
29,15655,427.0
29,15685,427.0
29,15699,427.0
29,15713,427.0
29,15715,427.0
29,15729,427.0
29,15759,427.0
29,15761,427.0
29,15775,427.0
29,15791,427.0
29,15807,427.0
29,15833,427.0
29,15859,427.0
29,15885,427.0
29,15911,427.0
29,15941,427.0
29,15957,427.0
29,15971,427.0
29,15987,427.0
29,15989,427.0
29,16005,427.0
29,16021,427.0
29,16049,427.0
29,16063,427.0
29,16079,427.0
29,16107,427.0
29,16121,427.0
29,16135,427.0
29,16151,427.0
29,16181,427.0
29,16197,427.0
29,16211,427.0
29,16239,427.0
29,16257,427.0
29,16283,427.0
29,16285,427.0
29,16301,427.0
29,16303,427.0
29,16331,427.0
29,16345,427.0
29,16375,427.0
29,16389,427.0
29,16403,427.0
29,16429,427.0
29,16457,427.0
29,16459,427.0
29,16489,427.0
29,16503,427.0
29,16517,427.0
29,16535,427.0
29,16569,427.0
29,16583,427.0
29,16599,427.0
29,16627,427.0
29,16629,427.0
29,16631,427.0
29,16645,427.0
29,16659,427.0
29,16675,427.0
29,16703,427.0
29,16733,427.0
29,16769,427.0
29,16785,427.0
29,16813,427.0
29,16827,427.0
29,16843,427.0
29,16869,427.0
29,16885,427.0
29,16899,427.0
29,16913,427.0
29,16939,427.0
29,16957,427.0
29,16987,427.0
29,17003,427.0
29,17005,427.0
29,17019,427.0
29,17045,427.0
29,17047,427.0
29,17079,427.0
29,17099,427.0
29,17127,427.0
29,17129,427.0
29,17131,427.0
29,17145,427.0
29,17159,427.0
29,17191,427.0
29,17225,427.0
29,17251,427.0
29,17279,427.0
29,17293,427.0
29,17307,427.0
29,17333,427.0
29,17359,427.0
29,17379,427.0
29,17381,427.0
29,17397,427.0
29,17399,427.0
29,17413,427.0
29,17441,427.0
29,17455,427.0
29,17471,427.0
29,17485,427.0
29,17513,428.0
29,17531,428.0
29,17545,428.0
29,17575,428.0
29,17601,428.0
29,17617,428.0
29,17631,428.0
29,17647,428.0
29,17661,428.0
29,17663,428.0
29,17693,428.0
29,17711,428.0
29,17739,428.0
29,17767,428.0
29,17783,428.0
29,17797,428.0
29,17825,428.0
29,17839,428.0
29,17853,428.0
29,17867,428.0
29,17885,428.0
29,17887,428.0
29,17889,428.0
29,17917,428.0
29,17943,428.0
29,17957,428.0
29,17971,428.0
29,17973,428.0
29,17975,428.0
29,17991,428.0
29,18017,428.0
29,18033,428.0
29,18063,428.0
29,18065,428.0
29,18093,428.0
29,18121,428.0
29,18137,428.0
29,18167,428.0
29,18181,428.0
29,18183,428.0
29,18185,428.0
29,18217,428.0
29,18249,428.0
29,18263,428.0
29,18277,428.0
29,18279,428.0
29,18309,428.0
29,18311,428.0
29,18339,428.0
29,18341,428.0
29,18373,428.0
29,18375,428.0
29,18389,428.0
29,18403,428.0
29,18431,428.0
29,18459,428.0
29,18487,428.0
29,18501,428.0
29,18529,428.0
29,18545,428.0
29,18561,428.0
29,18575,428.0
29,18589,428.0
29,18615,428.0
29,18617,428.0
29,18635,428.0
29,18649,428.0
29,18675,428.0
29,18701,428.0
29,18703,428.0
29,18733,428.0
29,18735,428.0
29,18749,428.0
29,18779,428.0
29,18781,428.0
29,18811,428.0
29,18827,428.0
29,18829,428.0
29,18855,428.0
29,18869,428.0
29,18883,428.0
29,18911,428.0
29,18937,428.0
30,8846,297.0
30,9273,297.0
30,9287,320.0
30,9303,320.0
30,9329,320.0
30,9343,320.0
30,9375,320.0
30,9405,320.0
30,9433,322.0
30,9459,354.0
30,9461,354.0
30,9475,354.0
30,9489,354.0
30,9491,354.0
30,9517,354.0
30,9549,354.0
30,9563,354.0
30,9589,354.0
30,9603,354.0
30,9633,354.0
30,9635,354.0
30,9663,354.0
30,9693,354.0
30,9709,354.0
30,9711,354.0
30,9725,354.0
30,9739,354.0
30,9741,354.0
30,9767,354.0
30,9801,354.0
30,9815,354.0
30,9831,354.0
30,9845,354.0
30,9859,354.0
30,9873,354.0
30,9901,354.0
30,9903,354.0
30,9931,354.0
30,9957,371.0
30,9983,383.0
30,9985,383.0
30,10013,383.0
30,10027,383.0
30,10045,383.0
30,10063,383.0
30,10077,383.0
30,10105,383.0
30,10119,383.0
30,10145,384.0
30,10161,384.0
30,10175,384.0
30,10189,384.0
30,10203,384.0
30,10217,384.0
30,10231,384.0
30,10259,393.0
30,10289,393.0
30,10291,393.0
30,10305,393.0
30,10321,393.0
30,10335,393.0
30,10361,393.0
30,10387,393.0
30,10421,393.0
30,10451,393.0
30,10479,393.0
30,10507,393.0
30,10535,393.0
30,10561,393.0
30,10593,393.0
30,10621,393.0
30,10635,393.0
30,10649,393.0
30,10665,393.0
30,10679,393.0
30,10681,393.0
30,10695,393.0
30,10711,393.0
30,10731,393.0
30,10747,393.0
30,10749,393.0
30,10779,393.0
30,10793,393.0
30,10795,393.0
30,10809,393.0
30,10823,393.0
30,10837,393.0
30,10851,393.0
30,10879,393.0
30,10899,393.0
30,10925,393.0
30,10939,393.0
30,10953,393.0
30,10967,393.0
30,10983,393.0
30,10997,393.0
30,11025,393.0
30,11055,393.0
30,11071,393.0
30,11087,393.0
30,11113,400.0
30,11129,400.0
30,11157,400.0
30,11171,400.0
30,11199,400.0
30,11201,400.0
30,11215,400.0
30,11245,400.0
30,11247,400.0
30,11263,400.0
30,11265,400.0
30,11281,400.0
30,11283,400.0
30,11297,400.0
30,11311,400.0
30,11327,400.0
30,11341,400.0
30,11355,400.0
30,11371,400.0
30,11373,400.0
30,11391,400.0
30,11419,400.0
30,11435,400.0
30,11463,400.0
30,11493,400.0
30,11525,400.0
30,11539,400.0
30,11569,400.0
30,11595,400.0
30,11609,400.0
30,11639,400.0
30,11641,400.0
30,11669,400.0
30,11683,400.0
30,11697,401.0
30,11711,401.0
30,11741,401.0
30,11767,401.0
30,11785,401.0
30,11811,401.0
30,11825,401.0
30,11855,401.0
30,11869,401.0
30,11899,401.0
30,11913,401.0
30,11915,401.0
30,11945,401.0
30,11975,401.0
30,12001,401.0
30,12027,401.0
30,12043,401.0
30,12059,401.0
30,12073,401.0
30,12075,401.0
30,12091,401.0
30,12107,401.0
30,12133,411.0
30,12135,411.0
30,12161,411.0
30,12191,411.0
30,12209,411.0
30,12225,411.0
30,12243,411.0
30,12273,411.0
30,12299,411.0
30,12315,411.0
30,12329,411.0
30,12331,411.0
30,12345,411.0
30,12379,411.0
30,12393,411.0
30,12407,411.0
30,12439,411.0
30,12455,411.0
30,12469,411.0
30,12471,411.0
30,12491,411.0
30,12517,411.0
30,12533,411.0
30,12547,411.0
30,12561,411.0
30,12577,411.0
30,12591,411.0
30,12619,411.0
30,12647,411.0
30,12677,411.0
30,12691,411.0
30,12707,411.0
30,12735,411.0
30,12737,411.0
30,12751,411.0
30,12769,411.0
30,12783,411.0
30,12801,411.0
30,12829,411.0
30,12843,411.0
30,12845,411.0
30,12859,411.0
30,12875,411.0
30,12891,411.0
30,12893,411.0
30,12921,411.0
30,12947,413.0
30,12961,413.0
30,12987,413.0
30,13017,413.0
30,13019,413.0
30,13033,413.0
30,13051,413.0
30,13067,413.0
30,13069,413.0
30,13083,413.0
30,13111,413.0
30,13137,413.0
30,13151,413.0
30,13179,413.0
30,13193,413.0
30,13207,413.0
30,13221,413.0
30,13253,413.0
30,13255,413.0
30,13257,413.0
30,13259,413.0
30,13261,413.0
30,13263,413.0
30,13293,413.0
30,13309,413.0
30,13311,413.0
30,13325,413.0
30,13353,413.0
30,13383,413.0
30,13385,413.0
30,13399,413.0
30,13429,413.0
30,13431,413.0
30,13445,413.0
30,13475,413.0
30,13501,413.0
30,13515,413.0
30,13529,413.0
30,13559,413.0
30,13575,413.0
30,13607,413.0
30,13637,413.0
30,13651,413.0
30,13665,415.0
30,13681,415.0
30,13697,415.0
30,13715,415.0
30,13729,415.0
30,13763,415.0
30,13779,415.0
30,13805,415.0
30,13819,415.0
30,13833,415.0
30,13847,415.0
30,13875,415.0
30,13891,415.0
30,13921,415.0
30,13947,415.0
30,13961,415.0
30,13975,415.0
30,13991,415.0
30,14019,415.0
30,14039,415.0
30,14053,415.0
30,14081,415.0
30,14083,415.0
30,14113,415.0
30,14127,415.0
30,14145,415.0
30,14159,415.0
30,14185,415.0
30,14187,415.0
30,14213,415.0
30,14241,421.0
30,14269,421.0
30,14283,421.0
30,14313,421.0
30,14339,421.0
30,14355,421.0
30,14369,421.0
30,14399,421.0
30,14413,421.0
30,14439,421.0
30,14441,421.0
30,14471,421.0
30,14489,421.0
30,14517,421.0
30,14547,421.0
30,14561,421.0
30,14589,424.0
30,14603,424.0
30,14635,424.0
30,14663,424.0
30,14679,424.0
30,14695,424.0
30,14709,424.0
30,14725,424.0
30,14739,424.0
30,14753,424.0
30,14779,424.0
30,14799,424.0
30,14829,424.0
30,14831,424.0
30,14859,424.0
30,14861,424.0
30,14877,424.0
30,14905,424.0
30,14907,424.0
30,14921,424.0
30,14947,424.0
30,14975,424.0
30,14993,424.0
30,14995,424.0
30,15013,424.0
30,15027,424.0
30,15057,424.0
30,15087,424.0
30,15121,424.0
30,15135,424.0
30,15153,424.0
30,15167,424.0
30,15181,424.0
30,15195,424.0
30,15223,424.0
30,15237,424.0
30,15251,424.0
30,15287,424.0
30,15323,424.0
30,15337,424.0
30,15351,424.0
30,15367,424.0
30,15393,424.0
30,15423,424.0
30,15425,424.0
30,15443,424.0
30,15469,424.0
30,15499,424.0
30,15501,424.0
30,15515,424.0
30,15531,424.0
30,15547,424.0
30,15577,424.0
30,15603,424.0
30,15629,424.0
30,15645,424.0
30,15679,424.0
30,15693,424.0
30,15711,424.0
30,15741,424.0
30,15757,424.0
30,15759,424.0
30,15775,424.0
30,15789,424.0
30,15817,424.0
30,15831,424.0
30,15859,424.0
30,15891,424.0
30,15905,424.0
30,15933,424.0
30,15949,424.0
30,15951,424.0
30,15967,424.0
30,15981,424.0
30,16015,424.0
30,16029,424.0
30,16055,424.0
30,16069,424.0
30,16087,424.0
30,16101,424.0
30,16127,424.0
30,16143,424.0
30,16169,424.0
30,16195,424.0
30,16209,424.0
30,16241,424.0
30,16255,424.0
30,16281,424.0
30,16311,424.0
30,16313,424.0
30,16315,424.0
30,16329,424.0
30,16359,424.0
30,16391,424.0
30,16417,424.0
30,16419,424.0
30,16445,424.0
30,16459,424.0
30,16487,424.0
30,16507,424.0
30,16533,425.0
30,16561,425.0
30,16579,425.0
30,16611,425.0
30,16627,425.0
30,16641,425.0
30,16643,425.0
30,16657,425.0
30,16671,425.0
30,16687,425.0
30,16701,425.0
30,16717,425.0
30,16719,425.0
30,16733,425.0
30,16761,425.0
30,16763,425.0
30,16777,425.0
30,16803,425.0
30,16805,425.0
30,16835,425.0
30,16849,425.0
30,16863,425.0
30,16865,425.0
30,16881,425.0
30,16895,425.0
30,16909,425.0
30,16937,425.0
30,16951,425.0
30,16967,425.0
30,16981,425.0
30,16995,425.0
30,17021,425.0
30,17047,425.0
30,17073,425.0
30,17103,425.0
30,17105,425.0
30,17135,425.0
30,17163,425.0
30,17191,425.0
30,17209,425.0
30,17223,425.0
30,17249,425.0
30,17251,425.0
30,17269,425.0
30,17287,425.0
30,17301,425.0
30,17315,425.0
30,17345,425.0
30,17361,425.0
30,17397,425.0
30,17411,425.0
30,17441,425.0
30,17457,425.0
30,17487,425.0
30,17517,425.0
30,17531,425.0
30,17545,425.0
30,17561,425.0
30,17589,425.0
30,17591,425.0
30,17605,425.0
30,17637,425.0
30,17665,425.0
30,17693,425.0
30,17707,425.0
30,17737,425.0
30,17751,425.0
30,17765,426.0
30,17767,426.0
30,17769,426.0
30,17797,426.0
30,17811,426.0
30,17825,426.0
30,17859,426.0
30,17877,426.0
30,17891,426.0
30,17893,426.0
30,17895,426.0
30,17897,426.0
30,17911,426.0
30,17937,426.0
30,17951,426.0
30,17965,426.0
30,17983,426.0
30,17997,426.0
30,18011,426.0
30,18013,426.0
30,18043,426.0
30,18057,426.0
30,18059,426.0
30,18073,429.0
30,18099,429.0
30,18113,429.0
30,18143,429.0
30,18171,429.0
30,18173,429.0
30,18199,429.0
30,18229,429.0
30,18243,429.0
30,18273,429.0
30,18301,429.0
30,18315,429.0
30,18333,429.0
30,18347,429.0
30,18373,429.0
30,18399,429.0
30,18413,429.0
30,18429,429.0
30,18445,429.0
30,18463,429.0
30,18479,429.0
30,18507,429.0
30,18541,429.0
30,18543,429.0
30,18569,429.0
30,18595,429.0
30,18623,429.0
30,18625,429.0
30,18639,429.0
30,18653,429.0
30,18667,429.0
30,18681,429.0
30,18707,429.0
30,18721,429.0
30,18747,429.0
30,18775,429.0
30,18789,429.0
30,18803,429.0
30,18819,429.0
30,18833,429.0
