run,evaluations,best_so_far
1,40260,38.62000000000002
1,40284,38.62000000000002
1,40336,38.62000000000002
1,40362,38.62000000000002
1,40386,48.68
1,40432,49.12000000000002
1,40458,49.12000000000002
1,40484,49.12000000000002
1,40512,49.12000000000002
1,40536,52.099999999999994
1,40560,52.099999999999994
1,40586,52.099999999999994
1,40610,52.099999999999994
1,44699,52.099999999999994
1,44701,53.98999999999999
1,44725,53.98999999999999
1,44749,55.000000000000014
1,44777,55.000000000000014
1,44823,55.000000000000014
1,44849,55.000000000000014
1,44899,55.000000000000014
1,44947,58.609999999999985
1,44973,58.609999999999985
1,45021,58.609999999999985
1,45067,60.48
1,45113,60.48
1,45159,68.94999999999996
1,45183,68.94999999999996
1,45229,69.70999999999997
1,45277,69.70999999999997
1,45301,69.70999999999997
1,45349,69.70999999999997
1,45395,69.70999999999997
1,45397,69.70999999999997
1,45425,69.70999999999997
1,45453,69.70999999999997
1,45455,75.02
1,45479,75.02
1,45527,75.02
1,45551,75.02
1,45601,80.76
1,45627,80.76
1,45653,82.42000000000002
1,45681,82.42000000000002
1,45727,95.04000000000002
1,45751,95.04000000000002
1,45799,95.04000000000002
1,45845,95.04000000000002
1,45895,95.04000000000002
1,45925,95.04000000000002
1,45951,95.04000000000002
1,46001,95.04000000000002
1,46003,95.04000000000002
1,46005,95.04000000000002
1,46031,95.04000000000002
1,46055,97.90000000000002
1,46079,97.90000000000002
1,46133,97.90000000000002
1,46159,97.90000000000002
1,46185,97.90000000000002
1,46187,97.90000000000002
1,46217,97.90000000000002
1,46263,97.90000000000002
1,46289,97.90000000000002
1,46315,97.90000000000002
1,46341,97.90000000000002
1,46387,97.90000000000002
1,46433,97.90000000000002
1,46459,97.90000000000002
1,46483,97.90000000000002
1,46507,97.90000000000002
1,46553,97.90000000000002
1,46603,97.90000000000002
1,46629,97.90000000000002
1,46677,97.90000000000002
1,46703,97.90000000000002
1,46727,97.90000000000002
1,46755,97.90000000000002
1,46779,97.90000000000002
1,46827,97.90000000000002
1,46877,97.90000000000002
1,46879,97.90000000000002
1,46905,97.90000000000002
1,46929,99.94000000000001
1,46963,99.94000000000001
1,46989,99.94000000000001
1,47035,99.94000000000001
1,47063,99.94000000000001
1,47089,99.94000000000001
1,47135,99.94000000000001
1,47137,99.94000000000001
1,47163,99.94000000000001
1,47217,101.43000000000002
1,47265,101.43000000000002
1,47291,101.43000000000002
1,47315,102.69000000000003
1,47341,102.69000000000003
1,47387,102.69000000000003
1,47433,102.69000000000003
1,47457,109.07999999999997
1,47481,109.07999999999997
1,47507,110.86
1,47533,110.86
1,47557,110.86
1,47581,110.86
1,47605,110.86
1,47629,113.77999999999996
1,47675,130.44000000000005
1,47723,130.44000000000005
1,47769,130.44000000000005
1,47817,130.44000000000005
1,47863,130.44000000000005
1,47911,130.44000000000005
1,47957,130.44000000000005
1,48005,130.44000000000005
1,48033,130.44000000000005
1,48083,130.44000000000005
1,48109,130.44000000000005
1,48159,130.44000000000005
1,48185,130.44000000000005
1,48187,130.44000000000005
1,48235,130.44000000000005
1,48281,130.44000000000005
1,48331,130.44000000000005
1,48377,130.44000000000005
1,48401,130.44000000000005
1,48425,130.44000000000005
1,48453,130.44000000000005
1,48481,130.44000000000005
1,48527,130.44000000000005
1,48551,130.44000000000005
1,48581,130.44000000000005
1,48627,130.44000000000005
1,48675,130.44000000000005
1,48699,133.72000000000008
1,48725,133.72000000000008
1,48775,133.72000000000008
1,48803,133.72000000000008
1,48857,133.72000000000008
1,48881,133.72000000000008
1,48929,133.72000000000008
1,48953,133.72000000000008
1,49001,133.72000000000008
1,49025,133.72000000000008
1,49071,133.72000000000008
1,49097,133.72000000000008
1,49151,133.72000000000008
1,49197,133.72000000000008
1,49245,133.72000000000008
1,49247,133.72000000000008
1,49271,133.72000000000008
1,49321,133.72000000000008
1,49347,133.72000000000008
1,49371,133.72000000000008
1,49395,133.72000000000008
1,49443,153.31
1,49469,153.31
1,49495,153.31
1,49519,153.31
1,49545,153.31
1,49571,153.31
1,49597,153.31
1,49645,153.31
1,49669,153.31
1,49695,153.31
1,49743,153.31
1,49767,153.31
1,49817,154.59999999999997
1,49841,154.59999999999997
1,49867,154.59999999999997
1,49891,154.59999999999997
1,49915,154.59999999999997
1,49939,154.59999999999997
1,49989,154.59999999999997
1,50013,154.59999999999997
1,50015,154.59999999999997
1,50063,158.06999999999994
1,50087,158.06999999999994
1,50135,158.06999999999994
1,50159,173.6
1,50207,173.6
1,50231,173.6
1,50277,173.6
2,40240,44.849999999999994
2,40288,44.849999999999994
2,40312,47.83000000000002
2,40360,47.83000000000002
2,40408,47.83000000000002
2,40456,47.83000000000002
2,40480,47.83000000000002
2,40528,47.83000000000002
2,40576,47.83000000000002
2,40600,56.04
2,40602,56.04
2,40628,56.04
2,44697,57.55999999999999
2,44745,57.55999999999999
2,44747,57.55999999999999
2,44793,57.55999999999999
2,44839,63.59999999999996
2,44841,63.59999999999996
2,44889,69.8
2,44913,69.8
2,44939,69.8
2,44987,69.8
2,45033,69.8
2,45085,69.8
2,45133,69.8
2,45183,69.8
2,45229,69.8
2,45279,69.8
2,45307,69.8
2,45333,69.8
2,45361,69.8
2,45411,70.85
2,45413,70.85
2,45443,70.85
2,45489,70.85
2,45543,70.85
2,45569,70.85
2,45593,71.59
2,45617,71.59
2,45665,71.59
2,45667,71.59
2,45691,71.59
2,45719,71.59
2,45767,79.80000000000004
2,45793,79.80000000000004
2,45819,79.80000000000004
2,45865,79.80000000000004
2,45911,79.80000000000004
2,45935,79.80000000000004
2,45937,79.80000000000004
2,45963,79.80000000000004
2,45987,79.80000000000004
2,46013,79.80000000000004
2,46037,79.80000000000004
2,46063,79.80000000000004
2,46091,79.80000000000004
2,46115,79.80000000000004
2,46167,79.80000000000004
2,46213,81.57000000000001
2,46215,81.57000000000001
2,46263,81.57000000000001
2,46313,81.57000000000001
2,46339,81.57000000000001
2,46365,81.57000000000001
2,46415,81.57000000000001
2,46441,81.57000000000001
2,46465,81.57000000000001
2,46515,88.94
2,46563,88.94
2,46609,88.94
2,46655,88.94
2,46679,109.52999999999997
2,46733,109.52999999999997
2,46783,109.52999999999997
2,46833,109.52999999999997
2,46859,109.52999999999997
2,46861,109.52999999999997
2,46863,109.52999999999997
2,46887,109.52999999999997
2,46913,109.52999999999997
2,46959,109.52999999999997
2,47011,109.52999999999997
2,47057,109.52999999999997
2,47109,109.52999999999997
2,47135,109.52999999999997
2,47181,109.52999999999997
2,47229,109.52999999999997
2,47231,109.52999999999997
2,47257,109.52999999999997
2,47283,109.52999999999997
2,47333,109.52999999999997
2,47379,111.78000000000002
2,47427,111.78000000000002
2,47475,111.78000000000002
2,47499,111.78000000000002
2,47527,111.78000000000002
2,47551,123.28000000000002
2,47575,123.28000000000002
2,47621,123.28000000000002
2,47623,123.28000000000002
2,47625,126.14000000000003
2,47649,126.14000000000003
2,47695,126.14000000000003
2,47747,126.14000000000003
2,47749,129.84
2,47795,129.84
2,47819,129.84
2,47845,137.48
2,47891,137.48
2,47893,137.48
2,47941,137.48
2,47995,137.48
2,48019,137.48
2,48045,137.48
2,48047,137.48
2,48097,137.48
2,48123,137.48
2,48175,137.48
2,48223,137.48
2,48271,137.48
2,48317,137.48
2,48341,137.48
2,48365,137.48
2,48413,137.48
2,48465,137.48
2,48517,259.91
2,48563,259.91
2,48587,259.91
2,48589,259.91
2,48615,259.91
2,48617,267.21999999999997
2,48643,267.21999999999997
2,48667,267.21999999999997
2,48713,267.21999999999997
2,48763,267.21999999999997
2,48787,267.21999999999997
2,48811,267.21999999999997
2,48839,267.21999999999997
2,48885,267.21999999999997
2,48933,267.21999999999997
2,48979,267.21999999999997
2,49007,267.21999999999997
2,49033,267.21999999999997
2,49035,267.21999999999997
2,49087,267.21999999999997
2,49137,267.21999999999997
2,49161,267.21999999999997
2,49163,267.21999999999997
2,49211,267.21999999999997
2,49257,267.21999999999997
2,49281,267.21999999999997
2,49331,267.21999999999997
2,49379,274.2600000000001
2,49425,274.2600000000001
2,49471,274.2600000000001
2,49473,274.2600000000001
2,49475,274.2600000000001
2,49499,274.2600000000001
2,49547,274.2600000000001
2,49599,274.2600000000001
2,49625,274.2600000000001
2,49679,274.2600000000001
2,49727,274.2600000000001
2,49751,274.2600000000001
2,49753,274.2600000000001
2,49777,274.2600000000001
2,49803,274.2600000000001
2,49833,274.2600000000001
2,49861,274.2600000000001
2,49887,274.2600000000001
2,49913,274.2600000000001
2,49959,274.2600000000001
2,49985,274.2600000000001
2,50009,274.2600000000001
2,50011,274.2600000000001
2,50035,274.2600000000001
2,50037,274.2600000000001
2,50065,274.2600000000001
2,50089,274.2600000000001
2,50137,274.5800000000001
2,50185,274.5800000000001
2,50187,274.5800000000001
2,50211,274.5800000000001
3,39940,38.83000000000003
3,39964,49.81000000000002
3,39988,53.03
3,44091,53.03
3,44139,53.03
3,44189,53.03
3,44239,53.03
3,44263,53.03
3,44287,54.69999999999999
3,44311,54.69999999999999
3,44359,54.69999999999999
3,44409,54.69999999999999
3,44433,54.69999999999999
3,44435,54.69999999999999
3,44459,54.69999999999999
3,44483,54.69999999999999
3,44529,57.82
3,44553,64.37999999999998
3,44577,69.21
3,44631,69.21
3,44655,94.24999999999999
3,44681,94.24999999999999
3,44683,94.24999999999999
3,44707,94.24999999999999
3,44709,94.24999999999999
3,44757,94.24999999999999
3,44783,94.24999999999999
3,44831,94.24999999999999
3,44855,104.01000000000003
3,44903,104.01000000000003
3,44953,104.01000000000003
3,44955,104.01000000000003
3,44981,104.01000000000003
3,45005,104.01000000000003
3,45051,104.01000000000003
3,45077,104.01000000000003
3,45101,104.01000000000003
3,45153,104.01000000000003
3,45203,104.01000000000003
3,45205,104.01000000000003
3,45233,104.01000000000003
3,45261,104.01000000000003
3,45263,104.01000000000003
3,45287,104.01000000000003
3,45311,104.01000000000003
3,45363,104.01000000000003
3,45387,104.01000000000003
3,45439,104.01000000000003
3,45463,104.01000000000003
3,45487,104.01000000000003
3,45535,104.01000000000003
3,45581,104.01000000000003
3,45605,104.01000000000003
3,45631,104.01000000000003
3,45655,104.01000000000003
3,45681,104.01000000000003
3,45729,104.01000000000003
3,45781,104.01000000000003
3,45827,104.01000000000003
3,45851,104.01000000000003
3,45901,104.01000000000003
3,45903,104.01000000000003
3,45905,104.01000000000003
3,45929,104.01000000000003
3,45975,104.01000000000003
3,46001,104.01000000000003
3,46025,104.01000000000003
3,46051,104.01000000000003
3,46083,104.01000000000003
3,46131,104.01000000000003
3,46133,104.01000000000003
3,46157,104.01000000000003
3,46207,104.01000000000003
3,46235,104.01000000000003
3,46283,104.01000000000003
3,46307,104.01000000000003
3,46353,104.01000000000003
3,46401,104.01000000000003
3,46425,104.01000000000003
3,46427,104.01000000000003
3,46451,104.01000000000003
3,46475,104.01000000000003
3,46525,104.01000000000003
3,46571,104.01000000000003
3,46597,104.01000000000003
3,46645,104.01000000000003
3,46691,104.01000000000003
3,46739,104.01000000000003
3,46763,104.01000000000003
3,46787,104.01000000000003
3,46835,104.01000000000003
3,46859,104.01000000000003
3,46885,106.24
3,46933,108.46000000000001
3,46959,108.46000000000001
3,46985,108.46000000000001
3,47011,108.46000000000001
3,47037,108.46000000000001
3,47083,108.48
3,47107,108.48
3,47133,108.48
3,47183,108.48
3,47207,108.48
3,47255,108.48
3,47257,108.48
3,47281,108.48
3,47305,108.48
3,47331,108.48
3,47355,124.06000000000002
3,47383,124.06000000000002
3,47407,124.06000000000002
3,47433,124.06000000000002
3,47479,124.06000000000002
3,47509,124.06000000000002
3,47559,124.06000000000002
3,47609,124.06000000000002
3,47661,124.06000000000002
3,47709,124.06000000000002
3,47735,124.06000000000002
3,47785,124.06000000000002
3,47809,127.24000000000001
3,47855,127.24000000000001
3,47879,127.24000000000001
3,47929,127.24000000000001
3,47977,127.24000000000001
3,48025,127.24000000000001
3,48073,127.24000000000001
3,48121,127.24000000000001
3,48147,127.24000000000001
3,48193,127.24000000000001
3,48217,127.24000000000001
3,48265,127.24000000000001
3,48293,127.24000000000001
3,48321,127.24000000000001
3,48323,127.24000000000001
3,48375,127.24000000000001
3,48421,127.24000000000001
3,48467,144.32000000000008
3,48517,144.32000000000008
3,48543,144.32000000000008
3,48567,144.32000000000008
3,48613,144.32000000000008
3,48659,144.32000000000008
3,48683,144.32000000000008
3,48731,144.32000000000008
3,48755,144.32000000000008
3,48779,144.32000000000008
3,48803,144.32000000000008
3,48849,144.32000000000008
3,48873,144.32000000000008
3,48897,144.32000000000008
3,48945,144.32000000000008
3,48991,144.32000000000008
3,49015,144.32000000000008
3,49063,144.32000000000008
3,49065,144.32000000000008
3,49111,144.32000000000008
3,49157,144.32000000000008
3,49181,144.32000000000008
3,49227,144.32000000000008
3,49251,144.32000000000008
3,49307,144.32000000000008
3,49353,144.32000000000008
3,49403,151.99999999999991
3,49427,151.99999999999991
3,49479,151.99999999999991
3,49503,151.99999999999991
3,49535,151.99999999999991
3,49561,151.99999999999991
3,49563,151.99999999999991
3,49615,151.99999999999991
3,49643,151.99999999999991
3,49667,151.99999999999991
3,49697,151.99999999999991
3,49721,151.99999999999991
3,49769,151.99999999999991
3,49795,151.99999999999991
3,49823,242.44000000000003
3,49849,242.44000000000003
3,49877,242.44000000000003
3,49903,242.44000000000003
4,40424,39.459999999999994
4,40472,47.31000000000001
4,40496,47.31000000000001
4,44521,47.570000000000014
4,44573,47.570000000000014
4,44601,49.35999999999999
4,44625,56.499999999999986
4,44651,56.499999999999986
4,44701,67.33000000000003
4,44749,67.33000000000003
4,44773,67.33000000000003
4,44797,67.33000000000003
4,44821,67.33000000000003
4,44869,67.33000000000003
4,44871,67.33000000000003
4,44917,67.33000000000003
4,44919,67.33000000000003
4,44977,67.33000000000003
4,45001,67.33000000000003
4,45025,67.33000000000003
4,45071,67.33000000000003
4,45125,67.33000000000003
4,45127,67.33000000000003
4,45175,72.80999999999999
4,45201,72.80999999999999
4,45203,72.80999999999999
4,45253,74.44000000000005
4,45305,74.44000000000005
4,45351,76.89999999999999
4,45399,76.89999999999999
4,45423,76.89999999999999
4,45447,76.89999999999999
4,45471,78.31
4,45473,78.31
4,45521,78.31
4,45547,78.31
4,45571,78.31
4,45597,78.31
4,45599,79.71000000000002
4,45651,94.50999999999995
4,45699,94.50999999999995
4,45745,94.50999999999995
4,45771,94.50999999999995
4,45797,94.50999999999995
4,45821,94.50999999999995
4,45869,94.50999999999995
4,45915,94.50999999999995
4,45963,103.62999999999998
4,45987,103.62999999999998
4,46033,103.62999999999998
4,46087,103.62999999999998
4,46111,103.62999999999998
4,46135,103.62999999999998
4,46159,103.62999999999998
4,46183,103.62999999999998
4,46233,103.62999999999998
4,46257,103.62999999999998
4,46281,103.62999999999998
4,46327,103.62999999999998
4,46373,103.62999999999998
4,46423,103.62999999999998
4,46447,113.48999999999998
4,46471,113.48999999999998
4,46517,113.48999999999998
4,46569,113.48999999999998
4,46571,113.48999999999998
4,46619,113.48999999999998
4,46667,113.48999999999998
4,46691,113.48999999999998
4,46715,122.37999999999995
4,46761,122.37999999999995
4,46807,122.37999999999995
4,46855,122.37999999999995
4,46881,122.37999999999995
4,46913,122.37999999999995
4,46937,122.37999999999995
4,46961,122.37999999999995
4,47013,122.37999999999995
4,47015,122.37999999999995
4,47063,122.37999999999995
4,47065,122.37999999999995
4,47089,122.37999999999995
4,47113,122.37999999999995
4,47137,122.37999999999995
4,47139,122.37999999999995
4,47169,122.37999999999995
4,47215,122.37999999999995
4,47241,122.37999999999995
4,47265,122.37999999999995
4,47291,122.37999999999995
4,47337,122.37999999999995
4,47361,122.37999999999995
4,47387,122.37999999999995
4,47433,128.08000000000007
4,47479,128.08000000000007
4,47505,128.08000000000007
4,47551,128.08000000000007
4,47597,128.08000000000007
4,47599,128.08000000000007
4,47623,128.08000000000007
4,47625,128.08000000000007
4,47649,128.08000000000007
4,47699,128.08000000000007
4,47725,128.08000000000007
4,47727,128.08000000000007
4,47775,128.08000000000007
4,47821,128.08000000000007
4,47869,128.10000000000002
4,47919,128.10000000000002
4,47965,128.10000000000002
4,47989,128.10000000000002
4,48013,128.10000000000002
4,48015,132.46
4,48039,132.46
4,48065,132.46
4,48089,132.46
4,48113,132.46
4,48115,132.46
4,48139,132.46
4,48163,132.46
4,48213,132.46
4,48237,132.46
4,48239,132.46
4,48241,132.46
4,48243,132.46
4,48269,132.46
4,48293,133.61999999999998
4,48339,133.61999999999998
4,48365,133.61999999999998
4,48389,133.61999999999998
4,48435,133.61999999999998
4,48461,133.61999999999998
4,48487,153.75000000000003
4,48539,153.75000000000003
4,48585,153.75000000000003
4,48633,153.75000000000003
4,48657,153.75000000000003
4,48705,153.75000000000003
4,48751,153.75000000000003
4,48803,153.75000000000003
4,48805,153.75000000000003
4,48857,153.75000000000003
4,48881,153.75000000000003
4,48929,153.75000000000003
4,48977,153.75000000000003
4,49001,153.75000000000003
4,49027,153.75000000000003
4,49051,153.75000000000003
4,49097,153.75000000000003
4,49121,153.75000000000003
4,49123,153.75000000000003
4,49175,153.75000000000003
4,49223,153.75000000000003
4,49273,153.75000000000003
4,49275,153.75000000000003
4,49325,153.75000000000003
4,49353,153.75000000000003
4,49377,153.75000000000003
4,49401,153.75000000000003
4,49427,153.75000000000003
4,49477,153.75000000000003
4,49503,153.75000000000003
4,49529,153.75000000000003
4,49531,153.75000000000003
4,49555,153.75000000000003
4,49579,153.75000000000003
4,49581,153.75000000000003
4,49629,153.75000000000003
4,49653,153.75000000000003
4,49707,153.75000000000003
4,49757,153.75000000000003
4,49805,153.75000000000003
4,49851,153.75000000000003
4,49899,153.75000000000003
4,49945,153.75000000000003
4,49995,153.75000000000003
4,50019,153.75000000000003
4,50043,153.75000000000003
4,50097,153.75000000000003
4,50145,153.75000000000003
4,50169,153.75000000000003
4,50221,153.75000000000003
4,50267,153.75000000000003
4,50269,153.75000000000003
4,50297,153.75000000000003
4,50323,153.75000000000003
4,50325,153.75000000000003
4,50373,153.75000000000003
5,40200,41.62000000000002
5,40250,41.62000000000002
5,40302,44.86000000000001
5,40304,44.86000000000001
5,40306,44.86000000000001
5,40354,44.86000000000001
5,40406,44.86000000000001
5,40408,44.86000000000001
5,40456,58.22
5,40482,58.22
5,40508,58.22
5,44585,58.22
5,44641,58.22
5,44643,58.22
5,44689,73.39999999999999
5,44713,73.39999999999999
5,44715,73.39999999999999
5,44765,73.39999999999999
5,44789,73.39999999999999
5,44813,73.39999999999999
5,44859,73.39999999999999
5,44883,73.39999999999999
5,44935,73.39999999999999
5,44937,73.39999999999999
5,44939,73.39999999999999
5,44989,73.39999999999999
5,45013,73.39999999999999
5,45061,73.39999999999999
5,45085,73.39999999999999
5,45113,73.39999999999999
5,45115,78.99999999999999
5,45161,78.99999999999999
5,45187,78.99999999999999
5,45189,78.99999999999999
5,45235,78.99999999999999
5,45285,78.99999999999999
5,45311,78.99999999999999
5,45357,78.99999999999999
5,45359,78.99999999999999
5,45409,78.99999999999999
5,45457,78.99999999999999
5,45481,78.99999999999999
5,45483,78.99999999999999
5,45507,78.99999999999999
5,45531,78.99999999999999
5,45557,78.99999999999999
5,45609,78.99999999999999
5,45635,78.99999999999999
5,45659,78.99999999999999
5,45709,78.99999999999999
5,45757,78.99999999999999
5,45783,78.99999999999999
5,45785,78.99999999999999
5,45787,78.99999999999999
5,45789,81.08999999999996
5,45841,81.08999999999996
5,45887,81.26000000000002
5,45935,81.26000000000002
5,45961,81.26000000000002
5,45987,81.26000000000002
5,46035,81.26000000000002
5,46083,81.26000000000002
5,46129,81.26000000000002
5,46153,81.26000000000002
5,46177,81.38
5,46203,87.3
5,46249,87.3
5,46297,87.3
5,46345,87.3
5,46371,87.3
5,46395,87.3
5,46447,87.3
5,46475,87.3
5,46501,87.3
5,46503,87.3
5,46527,88.80999999999999
5,46553,91.64999999999999
5,46579,100.35000000000001
5,46627,100.35000000000001
5,46673,100.35000000000001
5,46697,100.35000000000001
5,46699,100.35000000000001
5,46725,100.35000000000001
5,46749,100.35000000000001
5,46751,100.35000000000001
5,46797,100.35000000000001
5,46825,100.35000000000001
5,46875,100.35000000000001
5,46921,123.11000000000004
5,46973,123.11000000000004
5,46999,123.11000000000004
5,47045,123.11000000000004
5,47095,123.11000000000004
5,47121,123.11000000000004
5,47149,123.11000000000004
5,47173,124.94000000000005
5,47175,124.94000000000005
5,47223,124.94000000000005
5,47225,124.94000000000005
5,47271,133.93
5,47319,133.93
5,47365,133.93
5,47389,133.93
5,47413,133.93
5,47415,133.93
5,47445,133.93
5,47493,135.31
5,47525,135.31
5,47527,135.31
5,47577,135.31
5,47623,135.31
5,47625,135.31
5,47649,135.31
5,47675,135.31
5,47723,135.31
5,47747,135.31
5,47771,135.31
5,47795,135.31
5,47819,135.31
5,47847,135.31
5,47897,135.31
5,47925,135.31
5,47973,135.31
5,47975,135.31
5,47999,143.64
5,48025,143.64
5,48053,143.64
5,48079,143.64
5,48105,143.64
5,48129,143.64
5,48177,143.64
5,48225,143.64
5,48227,143.64
5,48275,143.64
5,48277,143.64
5,48303,143.64
5,48327,143.64
5,48329,143.64
5,48353,143.64
5,48355,143.64
5,48401,143.64
5,48425,143.64
5,48451,143.64
5,48475,156.92000000000002
5,48521,156.92000000000002
5,48523,156.92000000000002
5,48551,156.92000000000002
5,48577,156.92000000000002
5,48629,156.92000000000002
5,48653,156.92000000000002
5,48677,156.92000000000002
5,48729,156.92000000000002
5,48779,156.92000000000002
5,48803,156.92000000000002
5,48853,156.92000000000002
5,48855,156.92000000000002
5,48905,156.92000000000002
5,48931,156.92000000000002
5,48957,156.92000000000002
5,48983,156.92000000000002
5,49033,156.92000000000002
5,49079,156.92000000000002
5,49105,156.92000000000002
5,49131,156.92000000000002
5,49133,156.92000000000002
5,49157,156.92000000000002
5,49205,156.92000000000002
5,49255,156.92000000000002
5,49301,156.92000000000002
5,49325,156.92000000000002
5,49373,156.92000000000002
5,49399,156.92000000000002
5,49449,156.92000000000002
5,49497,156.92000000000002
5,49499,156.92000000000002
5,49523,156.92000000000002
5,49551,156.92000000000002
5,49603,156.92000000000002
5,49649,156.92000000000002
5,49677,156.92000000000002
5,49679,156.92000000000002
5,49727,156.92000000000002
5,49753,156.92000000000002
5,49805,156.92000000000002
5,49829,156.92000000000002
5,49831,156.92000000000002
5,49855,156.92000000000002
5,49883,156.92000000000002
5,49909,156.92000000000002
5,49955,156.92000000000002
5,49979,230.78999999999996
5,50003,230.78999999999996
5,50027,230.78999999999996
5,50077,230.78999999999996
5,50123,230.78999999999996
5,50171,230.78999999999996
6,39996,63.17000000000001
6,40020,63.17000000000001
6,40044,63.17000000000001
6,44097,63.17000000000001
6,44123,63.17000000000001
6,44147,63.17000000000001
6,44197,63.17000000000001
6,44243,67.31
6,44289,67.31
6,44337,67.31
6,44385,67.31
6,44433,75.88000000000001
6,44459,75.88000000000001
6,44461,75.88000000000001
6,44463,75.88000000000001
6,44487,75.88000000000001
6,44513,75.88000000000001
6,44537,75.88000000000001
6,44539,75.88000000000001
6,44589,75.88000000000001
6,44615,75.88000000000001
6,44665,75.88000000000001
6,44711,75.88000000000001
6,44759,80.29
6,44787,80.29
6,44813,80.29
6,44837,80.29
6,44887,80.29
6,44889,80.29
6,44937,80.29
6,44961,80.29
6,45007,80.29
6,45031,80.29
6,45033,80.29
6,45035,83.59999999999997
6,45059,83.59999999999997
6,45083,83.59999999999997
6,45085,83.59999999999997
6,45087,83.59999999999997
6,45111,83.59999999999997
6,45165,83.59999999999997
6,45211,83.59999999999997
6,45257,87.38999999999999
6,45305,90.62000000000003
6,45329,90.62000000000003
6,45353,90.62000000000003
6,45401,91.30000000000003
6,45447,91.30000000000003
6,45495,91.30000000000003
6,45545,91.30000000000003
6,45599,91.30000000000003
6,45647,91.30000000000003
6,45671,124.12
6,45717,124.12
6,45743,124.12
6,45769,124.12
6,45795,124.12
6,45819,124.12
6,45847,124.12
6,45897,124.12
6,45899,124.12
6,45947,124.12
6,45971,124.12
6,46019,124.12
6,46047,124.12
6,46073,124.12
6,46099,124.12
6,46147,124.12
6,46195,124.12
6,46219,124.12
6,46243,124.12
6,46293,124.12
6,46295,124.12
6,46297,124.12
6,46353,124.12
6,46379,124.12
6,46425,124.12
6,46449,124.12
6,46475,124.12
6,46521,124.12
6,46545,124.12
6,46591,124.12
6,46643,124.12
6,46669,124.12
6,46695,124.12
6,46719,124.12
6,46721,124.12
6,46771,124.12
6,46799,124.12
6,46847,124.12
6,46897,124.12
6,46921,124.12
6,46945,124.12
6,46991,124.12
6,47019,166.77
6,47043,166.77
6,47091,166.77
6,47137,166.77
6,47139,166.77
6,47187,166.77
6,47213,166.77
6,47215,166.77
6,47241,166.77
6,47291,166.77
6,47339,166.77
6,47387,166.77
6,47413,166.77
6,47415,166.77
6,47463,166.77
6,47511,166.77
6,47535,166.77
6,47581,166.77
6,47631,166.77
6,47679,166.77
6,47703,166.77
6,47751,166.77
6,47775,166.77
6,47799,166.77
6,47845,166.77
6,47891,166.77
6,47915,166.77
6,47939,166.77
6,47941,166.77
6,47967,170.34000000000003
6,48017,170.34000000000003
6,48063,170.34000000000003
6,48111,170.34000000000003
6,48157,170.34000000000003
6,48183,170.34000000000003
6,48207,170.34000000000003
6,48253,170.34000000000003
6,48299,170.34000000000003
6,48325,170.34000000000003
6,48351,170.34000000000003
6,48375,170.34000000000003
6,48399,170.34000000000003
6,48445,170.34000000000003
6,48473,233.49
6,48475,233.49
6,48501,233.49
6,48525,233.49
6,48549,233.49
6,48573,233.49
6,48621,253.48000000000002
6,48667,253.48000000000002
6,48715,253.48000000000002
6,48761,253.48000000000002
6,48787,253.48000000000002
6,48837,253.48000000000002
6,48883,253.48000000000002
6,48885,253.48000000000002
6,48887,253.48000000000002
6,48933,253.48000000000002
6,48935,253.48000000000002
6,48983,253.48000000000002
6,49009,253.48000000000002
6,49033,253.48000000000002
6,49057,253.48000000000002
6,49081,253.48000000000002
6,49083,253.48000000000002
6,49111,253.48000000000002
6,49157,255.81999999999996
6,49181,255.81999999999996
6,49227,255.81999999999996
6,49275,255.81999999999996
6,49303,255.81999999999996
6,49353,255.81999999999996
6,49403,255.81999999999996
6,49427,255.81999999999996
6,49429,255.81999999999996
6,49477,255.81999999999996
6,49501,262.84000000000003
6,49547,262.84000000000003
6,49573,262.84000000000003
6,49575,262.84000000000003
6,49577,262.84000000000003
6,49627,267.65
6,49675,267.65
6,49721,267.65
6,49745,267.65
6,49747,267.65
6,49773,267.65
6,49819,267.65
6,49869,267.65
6,49915,267.65
6,49965,267.65
6,50013,267.65
7,40682,39.15999999999999
7,40710,39.15999999999999
7,44705,42.78
7,44759,42.78
7,44783,42.78
7,44807,46.569999999999986
7,44857,46.569999999999986
7,44881,47.38
7,44905,51.42999999999999
7,44931,59.879999999999995
7,44933,59.879999999999995
7,44963,59.879999999999995
7,44991,59.879999999999995
7,45041,59.879999999999995
7,45065,59.879999999999995
7,45091,59.879999999999995
7,45145,59.879999999999995
7,45191,63.22999999999998
7,45217,63.22999999999998
7,45269,63.22999999999998
7,45295,73.75999999999998
7,45297,73.75999999999998
7,45345,73.75999999999998
7,45371,73.75999999999998
7,45395,73.75999999999998
7,45447,73.75999999999998
7,45495,73.75999999999998
7,45521,73.75999999999998
7,45545,73.75999999999998
7,45593,81.03999999999999
7,45641,81.03999999999999
7,45665,81.03999999999999
7,45693,81.03999999999999
7,45719,81.03999999999999
7,45769,81.03999999999999
7,45771,81.03999999999999
7,45821,81.03999999999999
7,45871,81.03999999999999
7,45895,92.72999999999996
7,45921,92.72999999999996
7,45969,92.72999999999996
7,45971,92.72999999999996
7,45995,92.72999999999996
7,46041,92.72999999999996
7,46043,92.72999999999996
7,46067,92.72999999999996
7,46091,92.72999999999996
7,46093,92.72999999999996
7,46141,92.72999999999996
7,46187,93.15999999999995
7,46235,93.15999999999995
7,46283,93.15999999999995
7,46285,93.15999999999995
7,46309,93.15999999999995
7,46333,93.15999999999995
7,46335,93.15999999999995
7,46337,93.15999999999995
7,46361,93.15999999999995
7,46409,93.15999999999995
7,46455,93.15999999999995
7,46479,93.15999999999995
7,46527,93.15999999999995
7,46575,93.15999999999995
7,46625,111.82000000000001
7,46675,111.82000000000001
7,46703,111.82000000000001
7,46749,111.82000000000001
7,46773,111.82000000000001
7,46819,205.24000000000004
7,46843,205.24000000000004
7,46869,205.24000000000004
7,46915,205.24000000000004
7,46961,205.24000000000004
7,46991,205.24000000000004
7,47017,205.24000000000004
7,47041,205.24000000000004
7,47065,205.24000000000004
7,47111,205.24000000000004
7,47113,205.24000000000004
7,47139,205.24000000000004
7,47141,205.24000000000004
7,47143,205.24000000000004
7,47167,205.24000000000004
7,47195,205.24000000000004
7,47197,205.24000000000004
7,47199,205.24000000000004
7,47223,225.79999999999998
7,47275,225.79999999999998
7,47299,225.79999999999998
7,47325,225.79999999999998
7,47349,225.79999999999998
7,47403,225.79999999999998
7,47405,225.79999999999998
7,47431,225.79999999999998
7,47455,225.79999999999998
7,47507,225.79999999999998
7,47509,225.79999999999998
7,47533,225.79999999999998
7,47559,225.79999999999998
7,47607,225.79999999999998
7,47635,225.79999999999998
7,47637,225.79999999999998
7,47661,225.79999999999998
7,47663,225.79999999999998
7,47717,225.79999999999998
7,47741,225.79999999999998
7,47769,225.79999999999998
7,47819,225.79999999999998
7,47843,225.79999999999998
7,47875,225.79999999999998
7,47899,225.79999999999998
7,47901,225.79999999999998
7,47949,225.79999999999998
7,47977,225.79999999999998
7,48001,225.79999999999998
7,48025,225.79999999999998
7,48027,225.79999999999998
7,48051,225.79999999999998
7,48101,225.79999999999998
7,48129,225.79999999999998
7,48157,225.79999999999998
7,48181,225.79999999999998
7,48207,225.79999999999998
7,48233,225.79999999999998
7,48257,225.79999999999998
7,48281,225.79999999999998
7,48335,225.79999999999998
7,48359,225.79999999999998
7,48405,225.79999999999998
7,48431,225.79999999999998
7,48455,225.79999999999998
7,48479,225.79999999999998
7,48525,225.79999999999998
7,48573,225.79999999999998
7,48575,225.79999999999998
7,48625,225.79999999999998
7,48675,225.79999999999998
7,48729,225.79999999999998
7,48755,225.79999999999998
7,48779,225.79999999999998
7,48803,225.79999999999998
7,48855,225.79999999999998
7,48879,225.79999999999998
7,48903,225.79999999999998
7,48929,225.79999999999998
7,48977,225.79999999999998
7,48979,225.79999999999998
7,49029,232.97000000000003
7,49053,232.97000000000003
7,49099,232.97000000000003
7,49123,232.97000000000003
7,49147,232.97000000000003
7,49173,232.97000000000003
7,49223,232.97000000000003
7,49247,232.97000000000003
7,49297,232.97000000000003
7,49345,232.97000000000003
7,49371,232.97000000000003
7,49373,232.97000000000003
7,49399,232.97000000000003
7,49401,232.97000000000003
7,49429,232.97000000000003
7,49479,232.97000000000003
7,49503,232.97000000000003
7,49527,235.37000000000003
7,49551,235.37000000000003
7,49577,235.37000000000003
7,49601,235.37000000000003
7,49649,235.37000000000003
7,49697,235.37000000000003
7,49745,235.37000000000003
7,49747,235.37000000000003
7,49771,235.37000000000003
7,49773,235.37000000000003
7,49821,235.37000000000003
7,49869,235.37000000000003
7,49871,235.37000000000003
7,49925,235.37000000000003
7,49927,235.37000000000003
7,49977,235.37000000000003
7,50007,235.37000000000003
7,50055,235.37000000000003
7,50079,235.37000000000003
7,50129,235.37000000000003
7,50153,235.37000000000003
7,50199,235.37000000000003
7,50223,235.37000000000003
7,50249,235.37000000000003
7,50273,235.37000000000003
7,50275,235.37000000000003
7,50323,235.37000000000003
7,50371,235.37000000000003
7,50395,235.37000000000003
7,50419,235.37000000000003
7,50467,235.37000000000003
7,50523,235.37000000000003
7,50575,235.37000000000003
7,50577,235.37000000000003
7,50603,235.37000000000003
7,50629,235.37000000000003
7,50657,235.37000000000003
8,40148,38.77000000000001
8,40194,42.32
8,40224,42.32
8,40270,46.06999999999999
8,40318,46.06999999999999
8,40364,49.38999999999998
8,40392,49.38999999999998
8,40418,49.38999999999998
8,44413,49.38999999999998
8,44461,49.38999999999998
8,44487,50.85999999999998
8,44539,50.85999999999998
8,44567,50.85999999999998
8,44591,50.85999999999998
8,44615,52.449999999999946
8,44639,52.449999999999946
8,44663,54.95000000000002
8,44687,56.56999999999999
8,44711,56.56999999999999
8,44759,65.57
8,44805,65.57
8,44807,65.57
8,44809,65.57
8,44833,65.57
8,44857,65.57
8,44903,84.91000000000004
8,44949,84.91000000000004
8,44995,84.91000000000004
8,45019,84.91000000000004
8,45043,84.91000000000004
8,45091,84.91000000000004
8,45139,84.91000000000004
8,45163,84.91000000000004
8,45209,84.91000000000004
8,45211,84.91000000000004
8,45237,84.91000000000004
8,45287,84.91000000000004
8,45289,84.91000000000004
8,45315,84.91000000000004
8,45339,84.91000000000004
8,45389,84.91000000000004
8,45415,84.91000000000004
8,45443,84.91000000000004
8,45493,84.91000000000004
8,45495,84.91000000000004
8,45543,84.91000000000004
8,45589,87.10000000000001
8,45639,87.10000000000001
8,45685,100.74000000000001
8,45733,100.74000000000001
8,45781,100.74000000000001
8,45829,100.74000000000001
8,45831,100.74000000000001
8,45877,100.74000000000001
8,45923,100.74000000000001
8,45971,100.74000000000001
8,46019,100.74000000000001
8,46069,100.74000000000001
8,46095,100.74000000000001
8,46119,100.74000000000001
8,46145,100.74000000000001
8,46191,100.74000000000001
8,46239,100.74000000000001
8,46287,100.74000000000001
8,46333,100.74000000000001
8,46379,107.61
8,46427,107.61
8,46475,107.61
8,46499,107.61
8,46523,107.61
8,46575,107.61
8,46601,107.61
8,46627,107.61
8,46651,107.61
8,46677,107.61
8,46727,114.22000000000004
8,46751,114.22000000000004
8,46797,114.22000000000004
8,46799,114.22000000000004
8,46825,114.22000000000004
8,46851,114.22000000000004
8,46901,114.22000000000004
8,46953,114.22000000000004
8,47001,114.22000000000004
8,47025,125.2700000000001
8,47049,125.2700000000001
8,47103,125.2700000000001
8,47155,125.2700000000001
8,47179,125.2700000000001
8,47225,125.2700000000001
8,47249,125.2700000000001
8,47275,125.2700000000001
8,47277,125.2700000000001
8,47331,125.2700000000001
8,47355,125.2700000000001
8,47403,125.2700000000001
8,47429,125.2700000000001
8,47453,125.2700000000001
8,47503,125.2700000000001
8,47527,125.2700000000001
8,47573,125.2700000000001
8,47599,125.2700000000001
8,47601,125.2700000000001
8,47651,125.2700000000001
8,47677,125.2700000000001
8,47729,125.2700000000001
8,47753,125.2700000000001
8,47777,125.2700000000001
8,47823,125.2700000000001
8,47847,125.2700000000001
8,47849,125.2700000000001
8,47851,125.2700000000001
8,47875,125.2700000000001
8,47925,125.2700000000001
8,47971,125.2700000000001
8,47973,125.2700000000001
8,47997,125.2700000000001
8,48021,125.2700000000001
8,48045,125.2700000000001
8,48047,125.2700000000001
8,48073,125.2700000000001
8,48123,125.2700000000001
8,48147,125.2700000000001
8,48195,137.06000000000003
8,48219,143.24
8,48243,143.24
8,48267,143.24
8,48315,143.24
8,48363,143.24
8,48391,143.24
8,48415,153.04
8,48461,153.04
8,48513,153.04
8,48565,153.04
8,48589,153.04
8,48613,153.04
8,48637,153.04
8,48693,153.04
8,48695,153.04
8,48719,153.04
8,48721,153.04
8,48771,153.04
8,48795,153.04
8,48847,153.04
8,48899,153.04
8,48945,153.04
8,48969,153.04
8,48971,153.04
8,49021,153.04
8,49067,153.04
8,49091,153.04
8,49117,153.04
8,49167,153.04
8,49217,153.04
8,49241,153.04
8,49289,153.04
8,49339,153.04
8,49363,158.44000000000003
8,49411,158.44000000000003
8,49413,158.44000000000003
8,49461,158.44000000000003
8,49463,158.44000000000003
8,49489,158.44000000000003
8,49537,158.44000000000003
8,49539,158.44000000000003
8,49587,168.42000000000002
8,49589,168.42000000000002
8,49639,168.42000000000002
8,49641,171.68999999999997
8,49667,171.68999999999997
8,49715,171.68999999999997
8,49767,171.68999999999997
8,49791,171.68999999999997
8,49845,171.68999999999997
8,49869,171.68999999999997
8,49893,171.68999999999997
8,49895,171.68999999999997
8,49943,171.68999999999997
8,49967,171.68999999999997
8,49991,171.68999999999997
8,50041,171.68999999999997
8,50043,171.68999999999997
8,50045,171.68999999999997
8,50093,171.68999999999997
8,50117,171.68999999999997
8,50141,171.68999999999997
9,40420,46.55000000000001
9,40448,46.55000000000001
9,40498,54.12999999999999
9,40524,54.12999999999999
9,40550,61.10999999999999
9,40552,61.10999999999999
9,40600,61.10999999999999
9,40602,61.10999999999999
9,40604,61.10999999999999
9,40628,66.55000000000001
9,44597,66.55000000000001
9,44621,66.55000000000001
9,44647,66.55000000000001
9,44671,66.55000000000001
9,44695,73.63
9,44697,75.08999999999997
9,44721,75.08999999999997
9,44747,75.08999999999997
9,44795,75.08999999999997
9,44819,75.08999999999997
9,44873,75.08999999999997
9,44921,75.08999999999997
9,44971,75.08999999999997
9,44995,75.08999999999997
9,44997,75.08999999999997
9,44999,75.08999999999997
9,45023,75.08999999999997
9,45071,75.08999999999997
9,45121,75.08999999999997
9,45177,75.08999999999997
9,45203,75.08999999999997
9,45251,75.08999999999997
9,45275,75.08999999999997
9,45299,75.08999999999997
9,45347,75.08999999999997
9,45371,75.51999999999998
9,45423,75.51999999999998
9,45471,81.91
9,45517,81.91
9,45519,82.32999999999994
9,45545,82.32999999999994
9,45547,82.32999999999994
9,45573,82.32999999999994
9,45597,82.32999999999994
9,45623,82.32999999999994
9,45673,82.32999999999994
9,45725,82.32999999999994
9,45775,85.23999999999997
9,45799,85.23999999999997
9,45825,85.23999999999997
9,45853,85.23999999999997
9,45855,85.23999999999997
9,45903,85.23999999999997
9,45949,85.23999999999997
9,45975,85.23999999999997
9,46021,85.23999999999997
9,46045,85.23999999999997
9,46069,93.03999999999999
9,46093,93.03999999999999
9,46143,93.03999999999999
9,46167,93.03999999999999
9,46193,93.03999999999999
9,46195,93.03999999999999
9,46247,93.03999999999999
9,46271,93.03999999999999
9,46273,93.03999999999999
9,46321,93.03999999999999
9,46371,93.03999999999999
9,46399,93.03999999999999
9,46427,93.03999999999999
9,46429,93.03999999999999
9,46453,96.89
9,46477,96.89
9,46525,101.27999999999999
9,46571,101.27999999999999
9,46619,101.27999999999999
9,46647,101.27999999999999
9,46675,101.27999999999999
9,46677,101.27999999999999
9,46701,101.27999999999999
9,46727,101.27999999999999
9,46729,101.27999999999999
9,46759,101.27999999999999
9,46761,101.27999999999999
9,46789,101.27999999999999
9,46791,101.27999999999999
9,46815,101.27999999999999
9,46841,101.27999999999999
9,46887,101.27999999999999
9,46935,101.27999999999999
9,46959,101.27999999999999
9,47009,101.27999999999999
9,47055,101.27999999999999
9,47105,101.27999999999999
9,47153,101.27999999999999
9,47179,101.27999999999999
9,47205,101.27999999999999
9,47229,109.71999999999994
9,47259,109.71999999999994
9,47283,109.71999999999994
9,47331,109.71999999999994
9,47355,109.71999999999994
9,47409,109.71999999999994
9,47435,109.71999999999994
9,47437,115.36000000000001
9,47467,115.36000000000001
9,47515,115.36000000000001
9,47543,115.36000000000001
9,47589,115.36000000000001
9,47591,115.36000000000001
9,47615,115.36000000000001
9,47661,115.36000000000001
9,47709,115.36000000000001
9,47733,115.36000000000001
9,47759,115.36000000000001
9,47783,115.36000000000001
9,47829,115.36000000000001
9,47853,115.36000000000001
9,47877,115.36000000000001
9,47907,115.36000000000001
9,47953,115.36000000000001
9,47977,115.36000000000001
9,48029,115.36000000000001
9,48079,115.36000000000001
9,48081,115.36000000000001
9,48083,115.36000000000001
9,48107,115.36000000000001
9,48133,115.36000000000001
9,48157,115.36000000000001
9,48159,115.36000000000001
9,48207,115.36000000000001
9,48255,115.36000000000001
9,48303,115.36000000000001
9,48351,115.36000000000001
9,48399,115.36000000000001
9,48427,115.36000000000001
9,48451,115.36000000000001
9,48475,115.36000000000001
9,48499,115.36000000000001
9,48523,115.36000000000001
9,48569,115.36000000000001
9,48593,115.36000000000001
9,48645,115.36000000000001
9,48669,115.36000000000001
9,48721,115.36000000000001
9,48745,115.36000000000001
9,48769,115.36000000000001
9,48815,116.10000000000004
9,48863,116.10000000000004
9,48911,116.10000000000004
9,48913,116.10000000000004
9,48959,116.10000000000004
9,48985,116.10000000000004
9,49009,116.10000000000004
9,49055,116.10000000000004
9,49105,116.10000000000004
9,49129,116.10000000000004
9,49175,119.77
9,49223,119.77
9,49249,119.77
9,49273,119.77
9,49319,124.18
9,49345,124.18
9,49369,124.18
9,49395,124.45999999999995
9,49397,129.27999999999997
9,49423,129.27999999999997
9,49449,129.27999999999997
9,49495,129.27999999999997
9,49521,129.27999999999997
9,49523,129.27999999999997
9,49571,129.27999999999997
9,49595,129.27999999999997
9,49597,129.27999999999997
9,49645,129.27999999999997
9,49669,129.27999999999997
9,49719,129.27999999999997
9,49721,129.27999999999997
9,49723,129.27999999999997
9,49725,129.27999999999997
9,49749,129.27999999999997
9,49797,129.27999999999997
9,49821,129.27999999999997
9,49873,129.27999999999997
9,49897,129.27999999999997
9,49947,129.27999999999997
9,49949,129.27999999999997
9,49973,129.27999999999997
9,49997,129.27999999999997
9,50047,129.27999999999997
9,50097,129.27999999999997
9,50145,129.27999999999997
9,50147,129.27999999999997
9,50171,129.27999999999997
9,50221,129.27999999999997
9,50247,129.27999999999997
9,50293,129.27999999999997
9,50339,186.35999999999993
9,50363,186.35999999999993
9,50409,186.35999999999993
10,39888,40.32000000000001
10,39934,43.930000000000014
10,39982,43.930000000000014
10,40028,49.19000000000001
10,40052,49.19000000000001
10,40076,50.87000000000001
10,40078,50.87000000000001
10,44087,50.87000000000001
10,44139,50.87000000000001
10,44185,55.49000000000001
10,44233,55.49000000000001
10,44261,63.14000000000001
10,44263,63.14000000000001
10,44287,63.14000000000001
10,44317,63.14000000000001
10,44341,67.97999999999999
10,44365,67.97999999999999
10,44411,67.97999999999999
10,44413,67.97999999999999
10,44459,71.05999999999996
10,44485,71.05999999999996
10,44487,71.05999999999996
10,44511,71.05999999999996
10,44513,71.05999999999996
10,44559,71.05999999999996
10,44583,71.05999999999996
10,44629,71.05999999999996
10,44653,92.89000000000001
10,44655,92.89000000000001
10,44657,92.89000000000001
10,44703,92.89000000000001
10,44755,92.89000000000001
10,44803,92.89000000000001
10,44805,92.89000000000001
10,44829,92.89000000000001
10,44881,92.89000000000001
10,44907,92.89000000000001
10,44953,92.89000000000001
10,44979,92.89000000000001
10,45003,92.89000000000001
10,45005,92.89000000000001
10,45007,92.89000000000001
10,45033,92.89000000000001
10,45057,92.89000000000001
10,45083,92.89000000000001
10,45109,92.89000000000001
10,45133,92.89000000000001
10,45159,92.89000000000001
10,45183,92.89000000000001
10,45233,92.89000000000001
10,45235,92.89000000000001
10,45237,92.89000000000001
10,45263,92.89000000000001
10,45291,92.89000000000001
10,45343,92.89000000000001
10,45393,92.89000000000001
10,45443,92.89000000000001
10,45489,92.89000000000001
10,45513,92.89000000000001
10,45537,109.99999999999999
10,45561,109.99999999999999
10,45609,109.99999999999999
10,45633,109.99999999999999
10,45663,109.99999999999999
10,45687,109.99999999999999
10,45711,110.27999999999999
10,45761,110.27999999999999
10,45811,110.27999999999999
10,45859,110.27999999999999
10,45883,110.27999999999999
10,45933,110.27999999999999
10,45957,110.27999999999999
10,46005,110.27999999999999
10,46007,110.27999999999999
10,46055,110.27999999999999
10,46079,110.27999999999999
10,46125,110.27999999999999
10,46171,112.32
10,46219,112.32
10,46275,112.32
10,46301,112.32
10,46327,112.32
10,46351,112.32
10,46397,112.32
10,46445,112.32
10,46447,112.32
10,46473,112.32
10,46519,112.32
10,46543,112.32
10,46567,112.32
10,46613,117.32
10,46639,117.32
10,46665,117.32
10,46691,117.32
10,46743,117.32
10,46769,117.32
10,46793,117.32
10,46841,117.32
10,46867,121.41999999999992
10,46869,121.41999999999992
10,46871,121.41999999999992
10,46917,121.41999999999992
10,46943,121.41999999999992
10,46967,121.41999999999992
10,46995,121.41999999999992
10,47019,121.41999999999992
10,47069,121.41999999999992
10,47117,121.41999999999992
10,47141,121.41999999999992
10,47167,121.41999999999992
10,47191,121.41999999999992
10,47221,121.41999999999992
10,47223,122.12000000000005
10,47247,122.12000000000005
10,47273,122.12000000000005
10,47275,122.12000000000005
10,47299,122.12000000000005
10,47345,122.12000000000005
10,47395,122.12000000000005
10,47443,129.62000000000003
10,47493,144.6599999999999
10,47517,144.6599999999999
10,47541,144.6599999999999
10,47565,144.6599999999999
10,47567,144.6599999999999
10,47615,144.6599999999999
10,47641,144.6599999999999
10,47687,144.6599999999999
10,47689,144.6599999999999
10,47715,144.6599999999999
10,47763,144.6599999999999
10,47809,144.6599999999999
10,47833,144.6599999999999
10,47881,144.6599999999999
10,47937,144.6599999999999
10,47983,144.6599999999999
10,48033,144.6599999999999
10,48087,144.6599999999999
10,48089,144.6599999999999
10,48113,144.6599999999999
10,48141,150.82000000000002
10,48165,150.82000000000002
10,48215,150.82000000000002
10,48261,150.82000000000002
10,48311,150.82000000000002
10,48313,150.82000000000002
10,48361,150.82000000000002
10,48409,150.82000000000002
10,48435,150.82000000000002
10,48459,150.82000000000002
10,48483,150.82000000000002
10,48529,150.82000000000002
10,48553,150.82000000000002
10,48577,150.82000000000002
10,48607,153.0599999999999
10,48655,153.0599999999999
10,48683,153.0599999999999
10,48707,153.0599999999999
10,48753,153.0599999999999
10,48799,156.67999999999998
10,48847,156.67999999999998
10,48895,156.67999999999998
10,48941,156.67999999999998
10,48995,156.67999999999998
10,48997,156.67999999999998
10,49043,156.67999999999998
10,49045,156.67999999999998
10,49095,156.67999999999998
10,49141,156.67999999999998
10,49187,156.67999999999998
10,49233,156.67999999999998
10,49259,156.67999999999998
10,49307,156.67999999999998
10,49357,156.67999999999998
10,49383,156.67999999999998
10,49429,156.67999999999998
10,49455,156.67999999999998
10,49503,156.67999999999998
10,49527,156.67999999999998
10,49579,156.67999999999998
10,49605,156.67999999999998
10,49653,156.67999999999998
10,49679,156.67999999999998
10,49705,156.67999999999998
10,49731,156.67999999999998
10,49755,156.67999999999998
10,49783,156.67999999999998
10,49809,156.67999999999998
10,49859,156.67999999999998
10,49883,156.67999999999998
11,40136,39.52000000000001
11,40182,48.77
11,44271,48.77
11,44319,48.77
11,44343,48.77
11,44391,53.70000000000002
11,44393,53.70000000000002
11,44417,53.70000000000002
11,44443,53.70000000000002
11,44469,53.70000000000002
11,44521,53.70000000000002
11,44545,53.70000000000002
11,44569,57.34999999999999
11,44571,57.34999999999999
11,44623,57.34999999999999
11,44669,67.13
11,44719,67.13
11,44721,67.13
11,44767,67.13
11,44819,67.13
11,44871,74.11999999999995
11,44917,74.11999999999995
11,44941,80.38000000000001
11,44943,80.38000000000001
11,44945,80.38000000000001
11,44971,80.38000000000001
11,45019,80.38000000000001
11,45043,88.16000000000001
11,45089,100.15999999999997
11,45113,100.15999999999997
11,45161,100.15999999999997
11,45185,100.15999999999997
11,45231,100.15999999999997
11,45255,100.15999999999997
11,45279,100.97
11,45281,100.97
11,45305,100.97
11,45329,113.37000000000005
11,45359,113.37000000000005
11,45389,113.37000000000005
11,45435,113.37000000000005
11,45437,113.37000000000005
11,45493,113.37000000000005
11,45495,113.37000000000005
11,45519,113.37000000000005
11,45567,113.37000000000005
11,45591,113.37000000000005
11,45641,113.37000000000005
11,45643,113.37000000000005
11,45645,113.37000000000005
11,45691,116.39000000000003
11,45739,116.39000000000003
11,45767,116.39000000000003
11,45769,116.39000000000003
11,45819,116.39000000000003
11,45847,116.39000000000003
11,45897,116.39000000000003
11,45945,116.39000000000003
11,45969,116.39000000000003
11,46017,116.39000000000003
11,46063,116.39000000000003
11,46111,116.39000000000003
11,46135,116.39000000000003
11,46161,116.39000000000003
11,46185,116.39000000000003
11,46211,116.39000000000003
11,46235,116.39000000000003
11,46283,116.39000000000003
11,46335,116.39000000000003
11,46365,116.39000000000003
11,46391,116.39000000000003
11,46393,116.39000000000003
11,46419,116.39000000000003
11,46445,116.39000000000003
11,46469,116.39000000000003
11,46493,116.39000000000003
11,46519,116.39000000000003
11,46567,116.39000000000003
11,46569,116.39000000000003
11,46597,116.39000000000003
11,46621,116.39000000000003
11,46669,116.39000000000003
11,46693,116.39000000000003
11,46739,116.39000000000003
11,46765,116.39000000000003
11,46811,116.39000000000003
11,46861,131.92
11,46889,131.92
11,46915,131.92
11,46941,131.92
11,46987,131.92
11,47035,131.92
11,47059,131.92
11,47083,133.76
11,47109,133.76
11,47157,133.76
11,47207,133.76
11,47259,133.76
11,47315,133.76
11,47339,133.76
11,47367,133.76
11,47415,133.76
11,47465,133.76
11,47523,133.76
11,47571,133.76
11,47597,133.76
11,47643,133.76
11,47671,133.76
11,47695,140.08
11,47745,140.08
11,47791,140.08
11,47815,140.08
11,47861,140.08
11,47863,140.08
11,47865,140.08
11,47889,140.08
11,47913,140.08
11,47937,140.08
11,47987,140.08
11,48035,140.83000000000004
11,48083,140.83000000000004
11,48107,140.83000000000004
11,48131,140.83000000000004
11,48155,140.83000000000004
11,48157,140.83000000000004
11,48181,140.83000000000004
11,48229,140.83000000000004
11,48253,140.83000000000004
11,48277,140.83000000000004
11,48301,140.83000000000004
11,48325,140.83000000000004
11,48351,140.83000000000004
11,48353,140.83000000000004
11,48377,140.83000000000004
11,48425,140.83000000000004
11,48427,140.83000000000004
11,48429,140.83000000000004
11,48453,140.83000000000004
11,48477,140.83000000000004
11,48479,140.83000000000004
11,48531,140.83000000000004
11,48555,140.83000000000004
11,48601,140.83000000000004
11,48653,140.83000000000004
11,48679,140.83000000000004
11,48707,140.83000000000004
11,48735,140.83000000000004
11,48759,140.83000000000004
11,48811,140.83000000000004
11,48837,140.83000000000004
11,48883,140.83000000000004
11,48929,140.83000000000004
11,48953,140.83000000000004
11,49001,140.83000000000004
11,49025,140.83000000000004
11,49049,140.83000000000004
11,49097,140.83000000000004
11,49143,140.83000000000004
11,49145,140.83000000000004
11,49193,140.83000000000004
11,49219,140.83000000000004
11,49245,140.83000000000004
11,49293,140.83000000000004
11,49317,140.83000000000004
11,49319,140.83000000000004
11,49347,153.67000000000004
11,49393,153.67000000000004
11,49419,153.67000000000004
11,49467,153.67000000000004
11,49517,153.67000000000004
11,49543,153.67000000000004
11,49589,153.67000000000004
11,49637,153.67000000000004
11,49685,153.67000000000004
11,49711,153.67000000000004
11,49735,153.67000000000004
11,49785,153.67000000000004
11,49815,153.67000000000004
11,49861,154.79
11,49885,154.79
11,49933,154.79
11,49979,154.79
11,50025,154.79
11,50073,154.79
11,50119,154.79
12,40228,50.64999999999999
12,40252,50.64999999999999
12,40276,53.740000000000045
12,40300,59.37999999999999
12,40348,59.37999999999999
12,40396,59.37999999999999
12,40420,59.37999999999999
12,44569,59.37999999999999
12,44615,59.37999999999999
12,44643,59.37999999999999
12,44645,59.37999999999999
12,44647,59.37999999999999
12,44675,59.37999999999999
12,44723,63.46000000000002
12,44769,63.46000000000002
12,44771,63.46000000000002
12,44819,63.46000000000002
12,44845,63.46000000000002
12,44869,63.46000000000002
12,44915,63.46000000000002
12,44963,63.46000000000002
12,44991,63.46000000000002
12,45037,85.95000000000002
12,45039,85.95000000000002
12,45041,94.92999999999998
12,45091,94.92999999999998
12,45141,94.92999999999998
12,45189,94.92999999999998
12,45241,94.92999999999998
12,45267,94.92999999999998
12,45269,94.92999999999998
12,45319,94.92999999999998
12,45369,94.92999999999998
12,45393,94.92999999999998
12,45417,94.92999999999998
12,45441,94.92999999999998
12,45467,94.92999999999998
12,45491,94.92999999999998
12,45539,94.92999999999998
12,45563,94.92999999999998
12,45609,100.02999999999997
12,45611,100.02999999999997
12,45661,100.02999999999997
12,45689,100.02999999999997
12,45739,100.02999999999997
12,45789,100.02999999999997
12,45813,100.02999999999997
12,45865,100.02999999999997
12,45867,100.02999999999997
12,45915,100.02999999999997
12,45941,100.02999999999997
12,45989,104.49000000000004
12,46013,104.49000000000004
12,46059,104.49000000000004
12,46109,115.63000000000004
12,46157,115.63000000000004
12,46181,115.63000000000004
12,46207,115.63000000000004
12,46231,115.63000000000004
12,46277,123.83000000000001
12,46307,123.83000000000001
12,46353,123.83000000000001
12,46383,123.83000000000001
12,46385,123.83000000000001
12,46413,123.83000000000001
12,46439,123.83000000000001
12,46487,123.83000000000001
12,46535,123.83000000000001
12,46559,123.83000000000001
12,46583,149.36999999999995
12,46631,149.36999999999995
12,46683,149.36999999999995
12,46709,149.36999999999995
12,46735,149.36999999999995
12,46737,149.36999999999995
12,46761,149.36999999999995
12,46789,149.36999999999995
12,46835,149.36999999999995
12,46863,149.36999999999995
12,46891,149.36999999999995
12,46937,149.36999999999995
12,46961,149.36999999999995
12,46985,149.36999999999995
12,47035,149.36999999999995
12,47061,149.36999999999995
12,47063,149.36999999999995
12,47109,149.36999999999995
12,47133,149.36999999999995
12,47135,149.36999999999995
12,47181,149.36999999999995
12,47205,149.36999999999995
12,47231,149.36999999999995
12,47233,149.36999999999995
12,47257,150.88000000000002
12,47259,150.88000000000002
12,47287,150.88000000000002
12,47313,150.88000000000002
12,47341,150.88000000000002
12,47389,150.88000000000002
12,47437,150.88000000000002
12,47461,150.88000000000002
12,47487,150.88000000000002
12,47535,150.88000000000002
12,47583,150.88000000000002
12,47629,150.88000000000002
12,47655,150.88000000000002
12,47703,150.88000000000002
12,47729,150.88000000000002
12,47757,150.88000000000002
12,47759,150.88000000000002
12,47805,151.18999999999994
12,47853,151.18999999999994
12,47855,159.86999999999995
12,47857,159.86999999999995
12,47881,159.86999999999995
12,47907,159.86999999999995
12,47931,160.3
12,47957,160.3
12,47983,160.3
12,48029,179.75000000000003
12,48077,179.75000000000003
12,48127,179.75000000000003
12,48177,179.75000000000003
12,48201,179.75000000000003
12,48229,179.75000000000003
12,48253,179.75000000000003
12,48279,179.75000000000003
12,48303,179.75000000000003
12,48305,179.75000000000003
12,48353,179.75000000000003
12,48399,179.75000000000003
12,48427,179.75000000000003
12,48477,179.75000000000003
12,48501,179.75000000000003
12,48551,179.75000000000003
12,48597,179.75000000000003
12,48645,179.75000000000003
12,48647,179.75000000000003
12,48671,179.75000000000003
12,48697,179.75000000000003
12,48745,179.75000000000003
12,48793,179.75000000000003
12,48795,179.75000000000003
12,48797,180.60999999999999
12,48843,180.60999999999999
12,48867,189.77
12,48893,189.77
12,48939,189.77
12,48963,189.77
12,49009,204.88000000000002
12,49061,204.88000000000002
12,49085,204.88000000000002
12,49111,204.88000000000002
12,49113,204.88000000000002
12,49161,204.88000000000002
12,49185,204.88000000000002
12,49209,204.88000000000002
12,49233,204.88000000000002
12,49279,204.88000000000002
12,49307,204.88000000000002
12,49333,204.88000000000002
12,49359,204.88000000000002
12,49407,206.29
12,49437,206.29
12,49461,206.29
12,49513,206.29
12,49559,206.3999999999999
12,49583,206.3999999999999
12,49631,206.3999999999999
12,49679,206.3999999999999
12,49681,206.3999999999999
12,49705,206.3999999999999
12,49729,208.88000000000002
12,49779,208.88000000000002
12,49805,209.93999999999997
12,49829,209.93999999999997
12,49875,209.93999999999997
12,49901,209.93999999999997
12,49949,209.93999999999997
12,49975,209.93999999999997
12,49999,209.93999999999997
12,50051,209.93999999999997
12,50075,209.93999999999997
12,50077,209.93999999999997
12,50103,209.93999999999997
12,50151,209.93999999999997
12,50199,225.79999999999998
12,50249,225.79999999999998
13,40218,48.23999999999996
13,40242,53.23999999999998
13,40266,55.04999999999998
13,40314,55.04999999999998
13,40338,55.04999999999998
13,40386,55.04999999999998
13,40410,60.15
13,40436,60.15
13,40438,60.15
13,40490,65.45000000000002
13,40538,69.74000000000001
13,40540,69.74000000000001
13,40564,69.74000000000001
13,40588,69.74000000000001
13,40634,69.74000000000001
13,40688,69.90999999999997
13,40690,69.90999999999997
13,44705,69.90999999999997
13,44753,69.90999999999997
13,44781,69.90999999999997
13,44783,69.90999999999997
13,44807,69.90999999999997
13,44857,69.90999999999997
13,44911,69.90999999999997
13,44959,69.90999999999997
13,44987,69.90999999999997
13,44989,69.90999999999997
13,45013,69.90999999999997
13,45059,69.90999999999997
13,45083,69.90999999999997
13,45131,69.90999999999997
13,45155,69.90999999999997
13,45157,69.90999999999997
13,45183,69.90999999999997
13,45207,69.90999999999997
13,45233,69.90999999999997
13,45283,69.90999999999997
13,45329,71.01000000000003
13,45355,71.01000000000003
13,45401,90.71999999999997
13,45429,90.71999999999997
13,45477,90.71999999999997
13,45501,90.71999999999997
13,45525,90.71999999999997
13,45549,91.97
13,45551,95.89999999999996
13,45597,95.89999999999996
13,45599,95.89999999999996
13,45649,95.89999999999996
13,45651,95.89999999999996
13,45699,95.89999999999996
13,45745,95.89999999999996
13,45801,95.89999999999996
13,45849,97.26999999999997
13,45897,101.88999999999997
13,45947,104.73000000000002
13,45971,104.73000000000002
13,45995,104.73000000000002
13,45997,104.73000000000002
13,46023,104.73000000000002
13,46071,110.33999999999997
13,46117,110.33999999999997
13,46163,110.33999999999997
13,46209,110.33999999999997
13,46233,110.33999999999997
13,46281,110.33999999999997
13,46305,110.33999999999997
13,46331,110.33999999999997
13,46379,110.33999999999997
13,46429,110.33999999999997
13,46475,110.33999999999997
13,46525,110.33999999999997
13,46571,110.33999999999997
13,46573,110.33999999999997
13,46597,110.33999999999997
13,46621,110.33999999999997
13,46667,116.51999999999997
13,46691,116.51999999999997
13,46715,116.51999999999997
13,46717,116.51999999999997
13,46741,139.34
13,46787,139.34
13,46789,139.34
13,46817,139.34
13,46841,139.34
13,46889,139.34
13,46915,142.67
13,46961,142.67
13,47011,142.67
13,47061,142.67
13,47063,142.67
13,47091,142.67
13,47117,142.67
13,47143,142.67
13,47173,142.67
13,47219,142.67
13,47265,153.05000000000004
13,47267,153.05000000000004
13,47291,153.05000000000004
13,47337,153.05000000000004
13,47385,153.05000000000004
13,47387,153.05000000000004
13,47389,153.05000000000004
13,47437,153.05000000000004
13,47485,153.05000000000004
13,47509,153.05000000000004
13,47557,153.05000000000004
13,47559,153.05000000000004
13,47561,153.05000000000004
13,47587,153.05000000000004
13,47611,153.05000000000004
13,47637,153.05000000000004
13,47665,153.05000000000004
13,47667,153.05000000000004
13,47719,153.05000000000004
13,47743,153.05000000000004
13,47745,153.05000000000004
13,47797,153.05000000000004
13,47843,153.05000000000004
13,47867,153.05000000000004
13,47913,153.05000000000004
13,47941,153.05000000000004
13,47989,153.05000000000004
13,47991,153.05000000000004
13,47993,153.05000000000004
13,47995,153.05000000000004
13,48019,153.05000000000004
13,48043,153.05000000000004
13,48045,153.05000000000004
13,48069,153.05000000000004
13,48093,154.1100000000001
13,48095,154.1100000000001
13,48119,154.1100000000001
13,48145,154.1100000000001
13,48193,291.74000000000007
13,48217,291.74000000000007
13,48263,298.8499999999999
13,48287,298.8499999999999
13,48311,298.8499999999999
13,48313,298.8499999999999
13,48337,298.8499999999999
13,48361,298.8499999999999
13,48363,298.8499999999999
13,48365,298.8499999999999
13,48389,298.8499999999999
13,48435,298.8499999999999
13,48459,298.8499999999999
13,48483,298.8499999999999
13,48507,298.8499999999999
13,48533,298.8499999999999
13,48557,298.8499999999999
13,48581,298.8499999999999
13,48629,298.8499999999999
13,48653,298.8499999999999
13,48655,298.8499999999999
13,48657,298.8499999999999
13,48703,298.8499999999999
13,48749,298.8499999999999
13,48799,298.8499999999999
13,48845,298.8499999999999
13,48893,298.8499999999999
13,48941,298.8499999999999
13,48989,298.8499999999999
13,49037,298.8499999999999
13,49061,298.8499999999999
13,49113,298.8499999999999
13,49161,298.8499999999999
13,49185,298.8499999999999
13,49209,298.8499999999999
13,49233,298.8499999999999
13,49279,298.8499999999999
13,49305,298.8499999999999
13,49353,298.8499999999999
13,49377,298.8499999999999
13,49401,298.8499999999999
13,49447,298.8499999999999
13,49471,298.8499999999999
13,49519,298.8499999999999
13,49543,298.8499999999999
13,49591,298.8499999999999
13,49641,298.8499999999999
13,49667,298.8499999999999
13,49691,298.8499999999999
13,49693,298.8499999999999
13,49695,298.8499999999999
13,49743,298.8499999999999
13,49745,298.8499999999999
13,49791,298.8499999999999
13,49817,298.8499999999999
13,49841,298.8499999999999
13,49889,298.8499999999999
13,49917,298.8499999999999
13,49941,298.8499999999999
13,49967,298.8499999999999
13,49969,298.8499999999999
13,50019,298.8499999999999
13,50047,298.8499999999999
13,50073,298.8499999999999
13,50097,298.8499999999999
13,50121,298.8499999999999
13,50123,298.8499999999999
13,50171,298.8499999999999
13,50219,298.8499999999999
14,39798,39.84999999999999
14,39826,39.91000000000002
14,39874,44.329999999999984
14,39924,44.329999999999984
14,39926,44.329999999999984
14,39974,48.059999999999995
14,40002,48.059999999999995
14,40026,48.059999999999995
14,40028,48.059999999999995
14,40078,48.059999999999995
14,40102,49.78000000000001
14,40128,49.78000000000001
14,40176,52.83000000000001
14,40200,52.83000000000001
14,40202,53.75999999999999
14,40228,53.75999999999999
14,40278,53.75999999999999
14,40324,57.70000000000004
14,40326,57.70000000000004
14,40354,57.70000000000004
14,40400,68.23999999999998
14,40454,68.23999999999998
14,40478,68.23999999999998
14,40530,68.23999999999998
14,40556,68.23999999999998
14,40558,68.23999999999998
14,40560,68.23999999999998
14,40562,68.23999999999998
14,40586,68.23999999999998
14,40636,68.23999999999998
14,40660,68.23999999999998
14,40662,68.23999999999998
14,40708,68.23999999999998
14,40754,76.45
14,40756,76.45
14,40780,76.45
14,40804,76.45
14,40828,76.45
14,40882,84.21
14,40928,84.21
14,40954,84.21
14,40956,84.21
14,40982,84.21
14,41008,84.21
14,41034,84.21
14,41036,84.21
14,41084,84.21
14,41086,84.21
14,41134,84.21
14,41184,84.21
14,45219,84.21
14,45249,84.21
14,45297,84.21
14,45351,84.21
14,45353,84.21
14,45377,84.21
14,45423,84.21
14,45447,84.21
14,45493,84.21
14,45545,84.21
14,45573,84.21
14,45599,84.21
14,45629,84.21
14,45677,84.21
14,45725,84.21
14,45749,84.21
14,45797,84.21
14,45843,84.21
14,45867,84.21
14,45893,84.21
14,45919,86.39000000000001
14,45965,87.87999999999998
14,45989,87.87999999999998
14,46037,87.87999999999998
14,46061,99.08000000000001
14,46085,99.08000000000001
14,46109,99.08000000000001
14,46133,99.08000000000001
14,46157,99.08000000000001
14,46209,99.08000000000001
14,46257,99.08000000000001
14,46281,99.08000000000001
14,46311,99.08000000000001
14,46337,99.08000000000001
14,46385,99.08000000000001
14,46437,99.08000000000001
14,46485,99.08000000000001
14,46533,99.08000000000001
14,46557,99.08000000000001
14,46583,99.08000000000001
14,46629,99.08000000000001
14,46677,100.05000000000001
14,46727,100.05000000000001
14,46775,100.05000000000001
14,46799,100.05000000000001
14,46823,100.38000000000001
14,46871,100.38000000000001
14,46897,100.38000000000001
14,46921,100.38000000000001
14,46971,100.38000000000001
14,46973,100.38000000000001
14,46997,116.47999999999995
14,47045,117.45000000000002
14,47093,117.45000000000002
14,47141,117.45000000000002
14,47191,117.45000000000002
14,47219,117.45000000000002
14,47243,117.45000000000002
14,47291,117.45000000000002
14,47315,117.45000000000002
14,47361,117.45000000000002
14,47385,117.45000000000002
14,47433,117.45000000000002
14,47457,117.45000000000002
14,47505,117.45000000000002
14,47529,117.45000000000002
14,47555,117.45000000000002
14,47579,117.45000000000002
14,47625,117.45000000000002
14,47675,117.45000000000002
14,47703,117.45000000000002
14,47751,124.30999999999997
14,47799,124.30999999999997
14,47801,124.30999999999997
14,47849,124.30999999999997
14,47873,124.30999999999997
14,47921,134.17999999999995
14,47969,136.54000000000005
14,47993,136.54000000000005
14,48043,136.54000000000005
14,48069,136.54000000000005
14,48117,136.54000000000005
14,48141,136.54000000000005
14,48197,136.54000000000005
14,48225,136.54000000000005
14,48249,136.54000000000005
14,48295,136.54000000000005
14,48319,142.36
14,48321,142.36
14,48367,142.36
14,48417,142.36
14,48441,142.36
14,48487,142.36
14,48489,142.36
14,48535,142.36
14,48559,142.36
14,48583,142.36
14,48607,142.36
14,48657,142.36
14,48703,142.36
14,48729,142.36
14,48777,142.54999999999998
14,48829,142.54999999999998
14,48831,142.54999999999998
14,48855,142.54999999999998
14,48901,142.54999999999998
14,48925,143.51
14,48975,143.51
14,49023,143.51
14,49069,143.51
14,49097,143.51
14,49145,143.51
14,49147,143.51
14,49171,143.51
14,49217,143.51
14,49241,143.51
14,49265,143.51
14,49295,143.51
14,49319,143.51
14,49343,143.51
14,49395,143.51
14,49443,143.51
14,49491,143.51
14,49515,143.51
14,49539,143.51
14,49587,143.51
14,49611,143.51
14,49635,143.51
14,49659,143.51
14,49705,143.51
14,49731,143.51
14,49777,144.3
15,40174,41.70999999999998
15,40224,51.48999999999998
15,40226,51.48999999999998
15,40228,51.48999999999998
15,40252,51.48999999999998
15,40276,51.48999999999998
15,40326,51.48999999999998
15,40328,58.80000000000002
15,44433,58.80000000000002
15,44483,58.80000000000002
15,44509,58.80000000000002
15,44533,77.69999999999999
15,44557,77.69999999999999
15,44605,77.69999999999999
15,44653,77.69999999999999
15,44677,77.69999999999999
15,44701,77.69999999999999
15,44727,77.69999999999999
15,44729,77.69999999999999
15,44755,77.69999999999999
15,44805,77.69999999999999
15,44851,77.69999999999999
15,44853,77.69999999999999
15,44877,77.69999999999999
15,44907,77.69999999999999
15,44953,77.69999999999999
15,44955,77.69999999999999
15,44981,77.69999999999999
15,44983,77.69999999999999
15,45013,77.69999999999999
15,45015,77.69999999999999
15,45041,80.38000000000002
15,45087,80.38000000000002
15,45111,80.38000000000002
15,45113,81.34000000000003
15,45163,81.34000000000003
15,45213,81.34000000000003
15,45261,81.34000000000003
15,45285,81.34000000000003
15,45311,81.34000000000003
15,45359,81.34000000000003
15,45407,81.34000000000003
15,45435,81.34000000000003
15,45461,81.34000000000003
15,45485,81.34000000000003
15,45533,81.34000000000003
15,45535,81.34000000000003
15,45561,81.34000000000003
15,45609,81.34000000000003
15,45633,81.34000000000003
15,45657,81.34000000000003
15,45681,81.34000000000003
15,45705,81.34000000000003
15,45731,81.34000000000003
15,45779,87.34000000000007
15,45803,87.34000000000007
15,45849,87.34000000000007
15,45897,87.34000000000007
15,45921,87.34000000000007
15,45949,87.34000000000007
15,45973,102.77000000000004
15,46019,102.77000000000004
15,46051,102.77000000000004
15,46053,102.77000000000004
15,46099,102.77000000000004
15,46149,102.77000000000004
15,46151,102.77000000000004
15,46177,102.77000000000004
15,46201,102.77000000000004
15,46227,102.77000000000004
15,46229,102.77000000000004
15,46281,102.77000000000004
15,46305,102.77000000000004
15,46329,108.02
15,46355,108.02
15,46379,108.02
15,46403,108.02
15,46427,108.02
15,46451,108.02
15,46475,108.02
15,46477,108.02
15,46525,112.34999999999995
15,46527,112.34999999999995
15,46575,112.34999999999995
15,46599,112.34999999999995
15,46625,112.34999999999995
15,46649,112.34999999999995
15,46695,112.34999999999995
15,46721,112.34999999999995
15,46767,112.34999999999995
15,46813,112.34999999999995
15,46815,112.34999999999995
15,46841,112.34999999999995
15,46865,112.34999999999995
15,46889,112.34999999999995
15,46915,112.34999999999995
15,46961,112.34999999999995
15,46985,112.34999999999995
15,47009,112.34999999999995
15,47055,112.34999999999995
15,47105,112.34999999999995
15,47153,112.34999999999995
15,47179,150.31999999999996
15,47205,150.31999999999996
15,47207,158.37999999999994
15,47255,158.37999999999994
15,47281,158.37999999999994
15,47329,158.37999999999994
15,47377,158.37999999999994
15,47427,158.37999999999994
15,47473,160.72000000000006
15,47499,160.72000000000006
15,47545,160.72000000000006
15,47547,160.72000000000006
15,47571,160.72000000000006
15,47595,160.72000000000006
15,47641,160.72000000000006
15,47687,160.72000000000006
15,47735,160.72000000000006
15,47787,164.99000000000007
15,47815,164.99000000000007
15,47841,164.99000000000007
15,47843,164.99000000000007
15,47889,169.13999999999993
15,47913,169.13999999999993
15,47959,169.13999999999993
15,48013,169.13999999999993
15,48039,169.13999999999993
15,48063,169.13999999999993
15,48109,170.58
15,48155,170.58
15,48201,170.58
15,48225,178.83999999999995
15,48271,178.83999999999995
15,48319,178.83999999999995
15,48369,178.83999999999995
15,48417,178.83999999999995
15,48441,178.83999999999995
15,48489,178.83999999999995
15,48537,178.83999999999995
15,48563,178.83999999999995
15,48565,178.83999999999995
15,48615,178.83999999999995
15,48639,178.83999999999995
15,48691,178.83999999999995
15,48737,178.83999999999995
15,48787,178.83999999999995
15,48839,178.83999999999995
15,48841,178.83999999999995
15,48865,178.83999999999995
15,48897,178.83999999999995
15,48899,178.83999999999995
15,48925,178.83999999999995
15,48971,178.83999999999995
15,48995,178.83999999999995
15,49041,178.83999999999995
15,49089,178.83999999999995
15,49139,178.83999999999995
15,49187,178.83999999999995
15,49211,178.83999999999995
15,49263,178.83999999999995
15,49265,178.83999999999995
15,49289,178.94000000000003
15,49291,178.94000000000003
15,49337,178.94000000000003
15,49385,179.23999999999998
15,49431,179.23999999999998
15,49481,179.23999999999998
15,49531,179.23999999999998
15,49577,179.23999999999998
15,49601,179.23999999999998
15,49625,179.23999999999998
15,49673,179.23999999999998
15,49723,179.23999999999998
15,49771,179.23999999999998
15,49773,179.23999999999998
15,49821,179.23999999999998
15,49869,179.23999999999998
15,49917,179.23999999999998
15,49941,179.23999999999998
15,49967,179.23999999999998
15,50013,202.7299999999999
15,50065,202.7299999999999
15,50113,202.7299999999999
15,50137,202.7299999999999
15,50167,202.7299999999999
16,40008,44.04999999999999
16,40056,44.04999999999999
16,40080,48.170000000000016
16,40104,54.11000000000002
16,40128,54.11000000000002
16,40156,54.11000000000002
16,40202,61.029999999999994
16,40232,61.029999999999994
16,40234,61.029999999999994
16,40262,61.029999999999994
16,40288,61.029999999999994
16,40312,61.029999999999994
16,40314,61.029999999999994
16,40364,61.029999999999994
16,40416,61.029999999999994
16,40462,61.029999999999994
16,40514,61.029999999999994
16,40562,71.09000000000003
16,40588,71.09000000000003
16,44663,71.09000000000003
16,44687,71.09000000000003
16,44735,71.09000000000003
16,44759,71.09000000000003
16,44761,71.09000000000003
16,44789,71.09000000000003
16,44813,71.09000000000003
16,44839,71.09000000000003
16,44841,71.09000000000003
16,44889,71.09000000000003
16,44937,71.09000000000003
16,44961,86.11000000000001
16,44985,86.11000000000001
16,45009,86.11000000000001
16,45037,86.11000000000001
16,45083,86.11000000000001
16,45109,86.11000000000001
16,45135,86.11000000000001
16,45159,86.11000000000001
16,45183,86.11000000000001
16,45231,86.11000000000001
16,45257,86.11000000000001
16,45283,86.11000000000001
16,45329,86.11000000000001
16,45331,86.11000000000001
16,45355,86.11000000000001
16,45379,86.11000000000001
16,45403,86.11000000000001
16,45449,86.11000000000001
16,45475,88.98999999999998
16,45499,88.98999999999998
16,45523,88.98999999999998
16,45577,88.98999999999998
16,45623,107.39000000000004
16,45625,107.39000000000004
16,45673,115.86000000000004
16,45675,115.86000000000004
16,45677,115.86000000000004
16,45679,115.86000000000004
16,45733,115.86000000000004
16,45759,115.86000000000004
16,45783,115.86000000000004
16,45833,115.86000000000004
16,45857,115.86000000000004
16,45907,115.86000000000004
16,45933,115.86000000000004
16,45959,118.82000000000001
16,46007,118.82000000000001
16,46031,118.82000000000001
16,46079,118.82000000000001
16,46129,118.82000000000001
16,46153,134.14000000000001
16,46199,134.14000000000001
16,46245,134.14000000000001
16,46271,134.14000000000001
16,46321,134.14000000000001
16,46367,134.14000000000001
16,46395,134.14000000000001
16,46419,134.14000000000001
16,46443,134.14000000000001
16,46469,134.14000000000001
16,46471,134.14000000000001
16,46497,134.14000000000001
16,46521,134.14000000000001
16,46523,134.14000000000001
16,46571,134.14000000000001
16,46595,134.14000000000001
16,46621,134.14000000000001
16,46645,134.14000000000001
16,46691,134.14000000000001
16,46717,134.14000000000001
16,46741,134.14000000000001
16,46793,134.14000000000001
16,46839,134.14000000000001
16,46863,134.14000000000001
16,46909,143.64000000000001
16,46959,143.64000000000001
16,47007,143.64000000000001
16,47053,143.64000000000001
16,47099,143.64000000000001
16,47127,143.64000000000001
16,47173,143.64000000000001
16,47197,143.64000000000001
16,47199,143.64000000000001
16,47223,143.64000000000001
16,47225,143.64000000000001
16,47275,143.64000000000001
16,47323,143.64000000000001
16,47349,143.64000000000001
16,47375,143.64000000000001
16,47421,143.64000000000001
16,47449,143.64000000000001
16,47501,143.64000000000001
16,47527,143.64000000000001
16,47529,143.64000000000001
16,47575,143.64000000000001
16,47625,143.64000000000001
16,47671,143.64000000000001
16,47695,143.64000000000001
16,47745,143.64000000000001
16,47769,143.64000000000001
16,47793,143.64000000000001
16,47843,143.64000000000001
16,47889,143.64000000000001
16,47913,152.31000000000003
16,47941,152.31000000000003
16,47965,152.31000000000003
16,48011,152.31000000000003
16,48035,152.31000000000003
16,48083,152.31000000000003
16,48107,152.31000000000003
16,48153,152.31000000000003
16,48177,152.31000000000003
16,48225,152.31000000000003
16,48273,152.31000000000003
16,48321,152.31000000000003
16,48345,152.31000000000003
16,48369,152.31000000000003
16,48393,152.31000000000003
16,48419,152.31000000000003
16,48467,152.31000000000003
16,48491,152.31000000000003
16,48515,152.31000000000003
16,48517,152.31000000000003
16,48541,152.31000000000003
16,48569,152.31000000000003
16,48593,152.31000000000003
16,48595,152.31000000000003
16,48619,152.31000000000003
16,48643,152.31000000000003
16,48689,152.31000000000003
16,48691,152.31000000000003
16,48715,157.21
16,48743,157.21
16,48791,157.21
16,48793,157.21
16,48819,157.21
16,48843,157.21
16,48869,157.21
16,48917,157.21
16,48963,157.21
16,48965,157.21
16,48989,164.81
16,49015,164.81
16,49039,164.81
16,49085,164.81
16,49135,164.81
16,49183,164.81
16,49185,164.81
16,49187,164.81
16,49213,164.81
16,49241,164.81
16,49267,164.81
16,49293,164.81
16,49341,164.81
16,49343,164.81
16,49345,164.81
16,49391,164.81
16,49393,164.81
16,49441,164.81
16,49491,164.81
16,49517,164.81
16,49541,164.81
16,49591,164.81
16,49637,164.81
16,49661,164.81
16,49663,164.81
16,49665,164.81
16,49689,164.81
16,49691,164.81
16,49719,164.81
16,49745,164.81
16,49771,164.81
16,49795,164.81
16,49845,164.81
16,49893,164.81
16,49919,164.81
16,49945,164.81
16,49991,164.81
17,39930,38.98999999999999
17,39932,38.98999999999999
17,39986,38.98999999999999
17,40012,38.98999999999999
17,40038,38.98999999999999
17,40084,44.550000000000004
17,44021,44.550000000000004
17,44047,44.550000000000004
17,44103,44.550000000000004
17,44127,78.93000000000002
17,44129,78.93000000000002
17,44153,78.93000000000002
17,44177,78.93000000000002
17,44225,78.93000000000002
17,44271,78.93000000000002
17,44297,78.93000000000002
17,44343,78.93000000000002
17,44367,78.93000000000002
17,44391,78.93000000000002
17,44393,78.93000000000002
17,44419,78.93000000000002
17,44443,87.04999999999995
17,44491,87.04999999999995
17,44515,87.04999999999995
17,44563,87.04999999999995
17,44619,87.04999999999995
17,44643,87.04999999999995
17,44669,87.04999999999995
17,44717,87.04999999999995
17,44719,87.04999999999995
17,44773,87.04999999999995
17,44775,87.04999999999995
17,44799,87.04999999999995
17,44847,87.04999999999995
17,44871,87.04999999999995
17,44919,87.04999999999995
17,44971,87.04999999999995
17,44995,87.04999999999995
17,44997,87.04999999999995
17,45023,87.04999999999995
17,45071,87.04999999999995
17,45097,87.04999999999995
17,45121,96.2
17,45145,96.2
17,45191,96.2
17,45193,96.2
17,45195,96.2
17,45241,96.2
17,45267,96.2
17,45291,96.2
17,45315,96.2
17,45339,96.2
17,45385,96.2
17,45409,96.2
17,45411,96.2
17,45441,96.2
17,45467,96.2
17,45493,96.2
17,45495,96.2
17,45541,96.2
17,45543,96.2
17,45589,100.54999999999997
17,45641,100.54999999999997
17,45687,113.25000000000003
17,45733,113.25000000000003
17,45783,113.25000000000003
17,45831,140.70000000000002
17,45857,140.70000000000002
17,45881,140.70000000000002
17,45905,140.70000000000002
17,45953,140.70000000000002
17,45955,140.70000000000002
17,45979,140.70000000000002
17,46005,140.70000000000002
17,46053,146.31000000000003
17,46077,146.31000000000003
17,46109,146.31000000000003
17,46133,146.31000000000003
17,46183,146.31000000000003
17,46229,146.31000000000003
17,46277,146.31000000000003
17,46301,146.31000000000003
17,46329,146.31000000000003
17,46381,146.31000000000003
17,46429,146.31000000000003
17,46475,146.31000000000003
17,46523,146.31000000000003
17,46575,146.31000000000003
17,46601,146.31000000000003
17,46629,146.31000000000003
17,46655,146.31000000000003
17,46705,146.31000000000003
17,46729,146.31000000000003
17,46775,146.31000000000003
17,46799,146.31000000000003
17,46827,146.31000000000003
17,46853,146.31000000000003
17,46901,146.31000000000003
17,46951,146.31000000000003
17,47001,146.31000000000003
17,47051,146.31000000000003
17,47099,146.31000000000003
17,47101,146.35
17,47127,146.35
17,47155,146.35
17,47203,146.35
17,47205,146.35
17,47207,146.35
17,47233,146.35
17,47279,146.35
17,47327,146.35
17,47351,146.35
17,47375,146.35
17,47425,146.35
17,47451,146.35
17,47477,146.35
17,47533,146.35
17,47557,146.35
17,47581,146.35
17,47605,146.35
17,47629,146.35
17,47631,146.35
17,47633,146.35
17,47681,146.35
17,47729,146.35
17,47753,146.35
17,47781,146.35
17,47829,148.06999999999994
17,47831,148.06999999999994
17,47833,148.06999999999994
17,47835,148.06999999999994
17,47881,148.06999999999994
17,47907,148.06999999999994
17,47957,148.06999999999994
17,47985,148.06999999999994
17,48035,148.06999999999994
17,48059,148.06999999999994
17,48107,148.06999999999994
17,48135,148.06999999999994
17,48183,148.29
17,48207,148.29
17,48231,148.29
17,48283,148.29
17,48333,148.29
17,48379,148.29
17,48405,148.29
17,48429,148.29
17,48453,148.29
17,48483,148.29
17,48507,148.29
17,48509,148.29
17,48535,150.28000000000003
17,48561,150.28000000000003
17,48585,150.28000000000003
17,48631,150.28000000000003
17,48657,150.28000000000003
17,48683,150.28000000000003
17,48737,150.28000000000003
17,48783,150.28000000000003
17,48807,150.28000000000003
17,48855,150.28000000000003
17,48903,150.28000000000003
17,48949,150.28000000000003
17,48973,150.28000000000003
17,49019,150.28000000000003
17,49043,151.03000000000006
17,49069,151.03000000000006
17,49093,162.31000000000006
17,49117,162.31000000000006
17,49143,162.31000000000006
17,49191,162.31000000000006
17,49217,162.31000000000006
17,49265,162.31000000000006
17,49289,162.31000000000006
17,49341,162.31000000000006
17,49343,162.31000000000006
17,49391,162.31000000000006
17,49439,162.31000000000006
17,49463,162.31000000000006
17,49489,162.31000000000006
17,49515,162.31000000000006
17,49541,162.31000000000006
17,49571,162.31000000000006
17,49595,163.72000000000003
17,49643,163.72000000000003
17,49691,163.72000000000003
17,49715,163.91
17,49761,163.91
17,49809,173.70000000000007
17,49833,173.70000000000007
17,49879,173.70000000000007
17,49903,173.70000000000007
17,49905,173.70000000000007
17,49931,173.70000000000007
18,40176,39.90999999999996
18,40222,50.83
18,40270,51.99999999999999
18,40296,51.99999999999999
18,40344,56.150000000000034
18,44373,56.150000000000034
18,44421,56.150000000000034
18,44447,56.150000000000034
18,44495,56.150000000000034
18,44521,56.150000000000034
18,44567,57.169999999999966
18,44591,64.01
18,44639,64.01
18,44687,67.01
18,44711,73.67000000000003
18,44763,73.67000000000003
18,44787,74.72
18,44813,74.72
18,44839,74.72
18,44867,74.72
18,44895,75.36000000000001
18,44897,75.36000000000001
18,44945,75.36000000000001
18,44947,75.36000000000001
18,44949,75.36000000000001
18,44975,75.36000000000001
18,44999,75.36000000000001
18,45001,75.36000000000001
18,45027,75.36000000000001
18,45055,75.36000000000001
18,45079,75.36000000000001
18,45103,75.36000000000001
18,45155,75.36000000000001
18,45183,75.36000000000001
18,45185,75.36000000000001
18,45187,75.36000000000001
18,45233,75.36000000000001
18,45279,75.36000000000001
18,45303,75.36000000000001
18,45327,75.36000000000001
18,45375,75.36000000000001
18,45403,75.36000000000001
18,45457,75.36000000000001
18,45483,75.36000000000001
18,45529,75.36000000000001
18,45577,75.36000000000001
18,45623,75.36000000000001
18,45673,75.36000000000001
18,45701,75.36000000000001
18,45749,75.36000000000001
18,45775,75.36000000000001
18,45827,75.36000000000001
18,45851,85.36999999999999
18,45879,85.36999999999999
18,45925,85.36999999999999
18,45973,93.26
18,45975,93.26
18,45999,93.26
18,46023,93.26
18,46051,93.26
18,46053,93.26
18,46079,93.26
18,46103,93.26
18,46129,93.26
18,46177,93.26
18,46229,93.26
18,46275,122.96999999999997
18,46277,122.96999999999997
18,46333,122.96999999999997
18,46379,122.96999999999997
18,46425,122.96999999999997
18,46451,122.96999999999997
18,46503,122.96999999999997
18,46553,122.96999999999997
18,46605,122.96999999999997
18,46629,122.96999999999997
18,46655,122.96999999999997
18,46657,122.96999999999997
18,46681,122.96999999999997
18,46705,122.96999999999997
18,46751,122.96999999999997
18,46753,122.96999999999997
18,46755,122.96999999999997
18,46803,122.96999999999997
18,46827,122.96999999999997
18,46877,122.96999999999997
18,46901,125.39999999999998
18,46949,125.39999999999998
18,46995,125.39999999999998
18,47043,125.39999999999998
18,47067,125.39999999999998
18,47091,125.39999999999998
18,47141,125.39999999999998
18,47171,125.39999999999998
18,47217,125.39999999999998
18,47263,125.39999999999998
18,47287,125.39999999999998
18,47311,125.39999999999998
18,47359,125.39999999999998
18,47361,125.39999999999998
18,47407,126.23999999999998
18,47459,126.23999999999998
18,47509,126.23999999999998
18,47533,126.23999999999998
18,47579,126.23999999999998
18,47627,126.23999999999998
18,47657,126.23999999999998
18,47681,126.23999999999998
18,47731,126.23999999999998
18,47757,126.23999999999998
18,47783,126.23999999999998
18,47839,126.23999999999998
18,47863,126.23999999999998
18,47889,126.23999999999998
18,47935,126.23999999999998
18,47959,126.23999999999998
18,48007,126.23999999999998
18,48057,126.23999999999998
18,48083,126.23999999999998
18,48131,126.23999999999998
18,48179,126.23999999999998
18,48205,126.23999999999998
18,48207,126.23999999999998
18,48235,126.23999999999998
18,48237,126.23999999999998
18,48283,126.23999999999998
18,48329,126.23999999999998
18,48355,126.23999999999998
18,48381,126.23999999999998
18,48383,126.23999999999998
18,48385,126.23999999999998
18,48411,126.23999999999998
18,48457,126.23999999999998
18,48503,138.65
18,48555,138.65
18,48603,138.65
18,48627,138.65
18,48651,138.65
18,48701,138.65
18,48751,138.65
18,48797,138.65
18,48799,138.65
18,48847,138.65
18,48849,138.65
18,48873,138.65
18,48921,138.65
18,48967,138.65
18,48991,138.65
18,49017,138.65
18,49063,138.65
18,49111,140.48000000000005
18,49137,140.48000000000005
18,49161,140.48000000000005
18,49207,140.48000000000005
18,49231,140.48000000000005
18,49255,140.48000000000005
18,49307,140.48000000000005
18,49331,140.48000000000005
18,49355,141.90000000000003
18,49379,141.90000000000003
18,49403,141.90000000000003
18,49451,142.45
18,49499,142.45
18,49549,142.45
18,49573,142.45
18,49597,142.45
18,49621,142.45
18,49647,142.45
18,49671,142.45
18,49721,142.45
18,49771,142.45
18,49797,142.45
18,49823,142.45
18,49849,142.45
18,49877,142.45
18,49929,142.45
18,49953,142.45
18,49999,142.45
18,50025,142.45
18,50071,142.45
18,50117,142.45
18,50119,147.36000000000007
18,50169,147.36000000000007
19,40274,43.54000000000003
19,40300,54.720000000000006
19,40346,54.720000000000006
19,40394,54.720000000000006
19,40420,54.720000000000006
19,40444,54.720000000000006
19,40492,54.720000000000006
19,40494,54.720000000000006
19,40522,54.720000000000006
19,40546,54.720000000000006
19,40594,54.720000000000006
19,40596,54.720000000000006
19,40620,54.720000000000006
19,40622,54.720000000000006
19,40668,54.720000000000006
19,44703,55.02999999999999
19,44727,64.17000000000003
19,44753,64.17000000000003
19,44801,64.17000000000003
19,44803,64.17000000000003
19,44827,64.17000000000003
19,44859,64.17000000000003
19,44905,64.17000000000003
19,44951,64.17000000000003
19,44953,64.17000000000003
19,44977,64.17000000000003
19,45029,64.17000000000003
19,45053,65.69000000000001
19,45101,65.69000000000001
19,45127,65.69000000000001
19,45177,65.69000000000001
19,45203,65.69000000000001
19,45249,75.8
19,45251,77.51
19,45299,98.03999999999999
19,45351,102.53000000000004
19,45353,102.53000000000004
19,45401,102.53000000000004
19,45449,102.53000000000004
19,45475,102.53000000000004
19,45499,102.53000000000004
19,45545,102.53000000000004
19,45593,102.53000000000004
19,45595,102.53000000000004
19,45645,102.53000000000004
19,45697,102.53000000000004
19,45699,102.53000000000004
19,45747,102.53000000000004
19,45797,102.53000000000004
19,45843,102.53000000000004
19,45889,102.53000000000004
19,45913,102.53000000000004
19,45915,102.53000000000004
19,45963,102.53000000000004
19,46011,102.53000000000004
19,46039,102.53000000000004
19,46085,102.53000000000004
19,46133,102.53000000000004
19,46159,102.53000000000004
19,46185,102.53000000000004
19,46187,102.53000000000004
19,46235,102.53000000000004
19,46259,102.53000000000004
19,46283,102.53000000000004
19,46337,102.53000000000004
19,46361,102.53000000000004
19,46385,102.53000000000004
19,46387,102.53000000000004
19,46389,102.53000000000004
19,46413,102.53000000000004
19,46459,102.53000000000004
19,46509,102.53000000000004
19,46511,102.53000000000004
19,46557,102.53000000000004
19,46581,102.53000000000004
19,46629,102.53000000000004
19,46655,102.53000000000004
19,46679,102.53000000000004
19,46703,105.99000000000001
19,46749,105.99000000000001
19,46797,105.99000000000001
19,46843,105.99000000000001
19,46891,105.99000000000001
19,46915,111.37999999999998
19,46939,117.59000000000003
19,46965,117.59000000000003
19,47013,117.59000000000003
19,47039,117.59000000000003
19,47067,117.59000000000003
19,47091,117.59000000000003
19,47117,117.59000000000003
19,47165,117.59000000000003
19,47217,117.59000000000003
19,47241,117.59000000000003
19,47265,117.59000000000003
19,47297,117.59000000000003
19,47323,117.59000000000003
19,47325,117.59000000000003
19,47371,117.59000000000003
19,47397,117.59000000000003
19,47421,117.59000000000003
19,47423,117.59000000000003
19,47447,117.59000000000003
19,47449,117.59000000000003
19,47451,117.59000000000003
19,47479,117.59000000000003
19,47503,117.59000000000003
19,47505,117.59000000000003
19,47529,117.59000000000003
19,47575,117.59000000000003
19,47599,117.59000000000003
19,47647,117.59000000000003
19,47671,117.59000000000003
19,47673,117.59000000000003
19,47701,117.59000000000003
19,47755,117.59000000000003
19,47781,118.28
19,47827,118.28
19,47855,118.28
19,47901,118.28
19,47929,118.28
19,47953,118.28
19,47955,118.28
19,47979,118.28
19,48003,118.30000000000005
19,48055,118.30000000000005
19,48057,118.30000000000005
19,48105,118.30000000000005
19,48129,118.30000000000005
19,48179,118.30000000000005
19,48181,118.30000000000005
19,48209,118.30000000000005
19,48233,118.30000000000005
19,48235,118.30000000000005
19,48259,118.31
19,48283,134.84
19,48311,134.84
19,48335,134.84
19,48337,134.84
19,48383,134.84
19,48431,134.84
19,48477,134.84
19,48501,134.84
19,48547,134.84
19,48575,134.84
19,48609,134.84
19,48633,134.84
19,48681,134.84
19,48727,134.84
19,48773,134.84
19,48797,134.84
19,48821,142.14999999999998
19,48867,142.14999999999998
19,48891,154.49999999999997
19,48937,154.49999999999997
19,48989,156.14
19,49013,156.14
19,49039,156.14
19,49085,156.14
19,49109,156.14
19,49155,156.14
19,49181,156.14
19,49207,160.45999999999995
19,49209,160.45999999999995
19,49257,160.45999999999995
19,49311,160.45999999999995
19,49335,160.45999999999995
19,49359,160.45999999999995
19,49409,172.1899999999999
19,49435,172.1899999999999
19,49485,172.1899999999999
19,49537,172.1899999999999
19,49539,172.1899999999999
19,49563,172.1899999999999
19,49565,172.1899999999999
19,49611,172.1899999999999
19,49657,172.1899999999999
19,49681,172.1899999999999
19,49683,172.1899999999999
19,49729,172.1899999999999
19,49731,172.1899999999999
19,49757,172.1899999999999
19,49759,172.1899999999999
19,49783,172.1899999999999
19,49807,172.1899999999999
19,49831,172.1899999999999
19,49857,172.1899999999999
19,49859,172.1899999999999
19,49861,172.1899999999999
19,49885,172.1899999999999
19,49909,172.1899999999999
19,49933,172.1899999999999
19,49957,172.1899999999999
19,50009,172.1899999999999
19,50011,172.1899999999999
19,50035,172.1899999999999
19,50059,172.1899999999999
19,50061,172.1899999999999
19,50063,172.1899999999999
19,50113,172.1899999999999
19,50137,172.1899999999999
19,50139,172.1899999999999
19,50189,172.1899999999999
19,50239,172.1899999999999
19,50287,172.1899999999999
20,40046,42.50999999999999
20,40070,42.50999999999999
20,40116,46.33000000000003
20,40140,46.33000000000003
20,40166,46.33000000000003
20,40214,46.33000000000003
20,40260,48.54000000000001
20,40284,49.16
20,40332,49.16
20,40356,49.16
20,40404,51.85000000000002
20,40454,59.28000000000002
20,40456,59.28000000000002
20,40504,59.28000000000002
20,40552,59.28000000000002
20,40576,59.28000000000002
20,44713,60.94000000000002
20,44759,62.30000000000001
20,44787,62.30000000000001
20,44811,70.22999999999999
20,44859,70.57
20,44883,70.57
20,44907,70.57
20,44933,70.57
20,44957,70.57
20,44983,70.57
20,44985,72.32000000000001
20,44987,72.32000000000001
20,44989,72.32000000000001
20,45035,73.14999999999996
20,45037,73.14999999999996
20,45039,73.14999999999996
20,45065,73.14999999999996
20,45113,73.14999999999996
20,45115,73.14999999999996
20,45117,73.14999999999996
20,45143,73.14999999999996
20,45191,73.14999999999996
20,45237,76.88000000000004
20,45261,78.61000000000007
20,45285,78.61000000000007
20,45331,78.61000000000007
20,45355,78.61000000000007
20,45405,78.61000000000007
20,45431,78.61000000000007
20,45457,82.47000000000001
20,45481,82.47000000000001
20,45507,82.47000000000001
20,45509,82.47000000000001
20,45535,82.47000000000001
20,45589,82.47000000000001
20,45641,82.47000000000001
20,45665,82.47000000000001
20,45667,82.47000000000001
20,45669,82.47000000000001
20,45715,82.47000000000001
20,45739,82.47000000000001
20,45763,82.47000000000001
20,45789,82.47000000000001
20,45813,88.87
20,45837,88.87
20,45863,88.87
20,45887,88.87
20,45911,88.87
20,45913,88.87
20,45959,88.87
20,46007,88.87
20,46057,88.87
20,46081,88.87
20,46129,88.87
20,46131,88.87
20,46177,92.16999999999997
20,46225,94.60000000000001
20,46249,106.18000000000006
20,46277,106.18000000000006
20,46279,106.18000000000006
20,46307,106.18000000000006
20,46331,106.18000000000006
20,46357,106.18000000000006
20,46405,106.18000000000006
20,46407,106.18000000000006
20,46453,106.18000000000006
20,46455,106.18000000000006
20,46505,106.18000000000006
20,46553,106.18000000000006
20,46555,106.18000000000006
20,46583,106.18000000000006
20,46607,106.18000000000006
20,46609,106.18000000000006
20,46663,106.18000000000006
20,46687,110.27000000000004
20,46713,110.27000000000004
20,46769,110.27000000000004
20,46793,110.27000000000004
20,46817,110.27000000000004
20,46867,110.27000000000004
20,46915,110.27000000000004
20,46939,110.27000000000004
20,46985,110.27000000000004
20,46987,110.27000000000004
20,47033,110.27000000000004
20,47057,110.27000000000004
20,47059,110.27000000000004
20,47107,110.27000000000004
20,47131,110.27000000000004
20,47177,110.27000000000004
20,47203,110.27000000000004
20,47231,110.27000000000004
20,47279,110.27000000000004
20,47331,110.27000000000004
20,47333,110.33
20,47381,110.33
20,47405,116.61999999999998
20,47431,116.61999999999998
20,47477,116.61999999999998
20,47503,127.20000000000003
20,47549,127.20000000000003
20,47599,127.20000000000003
20,47623,127.20000000000003
20,47649,127.20000000000003
20,47673,127.20000000000003
20,47719,127.20000000000003
20,47745,127.20000000000003
20,47795,127.20000000000003
20,47821,127.20000000000003
20,47845,127.20000000000003
20,47847,127.20000000000003
20,47901,127.20000000000003
20,47927,127.20000000000003
20,47975,127.20000000000003
20,47999,127.20000000000003
20,48001,127.20000000000003
20,48049,127.20000000000003
20,48051,127.20000000000003
20,48081,127.20000000000003
20,48105,127.20000000000003
20,48129,127.20000000000003
20,48153,127.20000000000003
20,48201,127.20000000000003
20,48203,127.20000000000003
20,48227,127.20000000000003
20,48273,127.96999999999996
20,48323,127.96999999999996
20,48353,143.05000000000007
20,48355,143.05000000000007
20,48403,143.05000000000007
20,48455,143.05000000000007
20,48483,143.05000000000007
20,48485,143.05000000000007
20,48509,143.05000000000007
20,48557,143.05000000000007
20,48581,148.30999999999997
20,48607,148.30999999999997
20,48609,148.30999999999997
20,48633,148.30999999999997
20,48635,148.30999999999997
20,48683,148.30999999999997
20,48729,148.30999999999997
20,48757,148.30999999999997
20,48781,161.41999999999996
20,48829,161.41999999999996
20,48875,161.41999999999996
20,48899,161.41999999999996
20,48945,161.41999999999996
20,48999,161.41999999999996
20,49049,161.41999999999996
20,49097,161.41999999999996
20,49129,161.41999999999996
20,49181,161.41999999999996
20,49227,161.41999999999996
20,49253,161.41999999999996
20,49277,161.41999999999996
20,49327,161.41999999999996
20,49353,161.41999999999996
20,49355,161.41999999999996
20,49403,161.73
20,49405,161.73
20,49451,161.73
20,49499,161.73
20,49501,161.73
20,49551,169.69000000000005
20,49575,181.06000000000003
20,49577,181.06000000000003
20,49601,181.06000000000003
20,49649,181.06000000000003
20,49651,181.06000000000003
20,49679,181.06000000000003
20,49681,181.06000000000003
20,49727,181.06000000000003
20,49777,181.06000000000003
20,49801,181.06000000000003
20,49803,183.5399999999999
20,49829,183.5399999999999
20,49877,183.5399999999999
20,49879,183.5399999999999
20,49929,183.5399999999999
20,49953,183.5399999999999
20,49977,183.5399999999999
20,50007,183.5399999999999
20,50053,183.5399999999999
21,40232,63.48000000000002
21,40282,63.48000000000002
21,40330,63.48000000000002
21,40332,63.48000000000002
21,40384,63.48000000000002
21,40430,63.48000000000002
21,40456,63.48000000000002
21,40502,63.489999999999995
21,44483,65.05000000000001
21,44533,65.05000000000001
21,44557,65.05000000000001
21,44583,65.05000000000001
21,44607,65.05000000000001
21,44655,65.05000000000001
21,44701,65.59000000000005
21,44749,65.59000000000005
21,44777,65.59000000000005
21,44805,65.59000000000005
21,44835,65.59000000000005
21,44881,71.20999999999998
21,44927,71.20999999999998
21,44953,71.20999999999998
21,44977,71.20999999999998
21,45003,71.20999999999998
21,45029,71.20999999999998
21,45075,71.20999999999998
21,45077,71.20999999999998
21,45127,71.20999999999998
21,45129,71.20999999999998
21,45153,71.20999999999998
21,45179,71.20999999999998
21,45181,71.20999999999998
21,45229,71.20999999999998
21,45255,71.20999999999998
21,45301,74.65000000000003
21,45347,74.65000000000003
21,45349,80.01999999999998
21,45397,80.01999999999998
21,45423,80.01999999999998
21,45475,80.01999999999998
21,45523,80.01999999999998
21,45571,80.01999999999998
21,45573,80.01999999999998
21,45575,80.01999999999998
21,45603,80.01999999999998
21,45629,80.01999999999998
21,45653,80.01999999999998
21,45681,80.01999999999998
21,45727,80.01999999999998
21,45775,80.01999999999998
21,45799,80.01999999999998
21,45823,80.01999999999998
21,45871,80.01999999999998
21,45919,81.34999999999998
21,45965,81.34999999999998
21,46013,81.34999999999998
21,46059,81.34999999999998
21,46085,81.34999999999998
21,46135,81.34999999999998
21,46181,81.39
21,46233,81.39
21,46259,81.39
21,46283,84.10000000000001
21,46329,88.33999999999999
21,46331,88.33999999999999
21,46377,88.33999999999999
21,46403,95.37999999999997
21,46427,95.37999999999997
21,46453,95.37999999999997
21,46507,95.37999999999997
21,46557,95.37999999999997
21,46603,95.37999999999997
21,46651,95.37999999999997
21,46675,102.48000000000003
21,46699,102.48000000000003
21,46725,102.48000000000003
21,46777,102.48000000000003
21,46825,102.48000000000003
21,46873,102.48000000000003
21,46897,102.48000000000003
21,46923,102.48000000000003
21,46973,102.48000000000003
21,47021,102.48000000000003
21,47045,102.48000000000003
21,47093,102.48000000000003
21,47117,102.48000000000003
21,47167,102.48000000000003
21,47213,102.48000000000003
21,47237,102.48000000000003
21,47287,102.48000000000003
21,47289,102.48000000000003
21,47315,102.48000000000003
21,47369,102.48000000000003
21,47419,102.48000000000003
21,47469,111.13000000000001
21,47525,111.13000000000001
21,47553,111.13000000000001
21,47577,111.13000000000001
21,47579,111.13000000000001
21,47581,113.52999999999997
21,47633,113.52999999999997
21,47635,113.52999999999997
21,47683,125.49
21,47709,125.49
21,47757,125.49
21,47783,125.49
21,47807,125.49
21,47837,125.49
21,47861,125.49
21,47907,125.49
21,47933,125.49
21,47959,125.49
21,47983,125.49
21,48031,125.49
21,48033,125.49
21,48081,125.49
21,48133,125.49
21,48179,125.49
21,48205,125.49
21,48207,125.49
21,48253,125.49
21,48303,125.49
21,48327,125.49
21,48351,125.49
21,48405,129.46999999999997
21,48453,129.46999999999997
21,48501,129.46999999999997
21,48503,129.46999999999997
21,48551,129.46999999999997
21,48575,133.57999999999998
21,48607,133.57999999999998
21,48631,133.57999999999998
21,48657,133.57999999999998
21,48709,133.57999999999998
21,48733,133.57999999999998
21,48779,133.57999999999998
21,48825,133.57999999999998
21,48875,133.57999999999998
21,48923,133.57999999999998
21,48925,133.57999999999998
21,48973,133.57999999999998
21,48997,133.57999999999998
21,49023,133.57999999999998
21,49049,133.57999999999998
21,49075,133.57999999999998
21,49077,133.57999999999998
21,49101,133.57999999999998
21,49125,133.57999999999998
21,49149,133.57999999999998
21,49177,133.57999999999998
21,49179,133.57999999999998
21,49203,133.57999999999998
21,49249,133.57999999999998
21,49297,133.57999999999998
21,49299,133.57999999999998
21,49323,133.57999999999998
21,49347,133.57999999999998
21,49393,133.57999999999998
21,49395,133.57999999999998
21,49421,133.57999999999998
21,49445,133.57999999999998
21,49469,133.57999999999998
21,49471,133.57999999999998
21,49519,133.57999999999998
21,49521,133.57999999999998
21,49549,133.57999999999998
21,49573,158.54000000000005
21,49623,158.54000000000005
21,49647,160.30000000000004
21,49673,160.30000000000004
21,49697,160.30000000000004
21,49723,160.30000000000004
21,49725,160.30000000000004
21,49755,160.30000000000004
21,49803,160.30000000000004
21,49805,160.30000000000004
21,49829,160.30000000000004
21,49853,160.30000000000004
21,49899,160.30000000000004
21,49923,160.30000000000004
21,49949,160.30000000000004
21,49951,160.30000000000004
21,49997,160.30000000000004
21,50047,160.30000000000004
21,50049,160.30000000000004
21,50101,160.30000000000004
21,50127,160.30000000000004
21,50129,160.30000000000004
21,50177,160.30000000000004
21,50201,160.30000000000004
21,50203,160.30000000000004
21,50205,160.30000000000004
21,50231,160.30000000000004
22,40058,44.540000000000006
22,40060,44.540000000000006
22,40084,44.540000000000006
22,40130,52.60000000000001
22,40154,52.60000000000001
22,40202,52.60000000000001
22,40248,52.60000000000001
22,40250,52.63999999999997
22,40276,52.63999999999997
22,40324,54.83
22,40378,54.83
22,40424,63.21
22,44531,63.21
22,44579,63.21
22,44603,63.21
22,44653,66.00999999999999
22,44677,66.00999999999999
22,44729,66.00999999999999
22,44777,66.00999999999999
22,44801,76.13
22,44851,80.29000000000006
22,44901,80.29000000000006
22,44951,80.29000000000006
22,44977,80.29000000000006
22,45001,80.29000000000006
22,45027,80.29000000000006
22,45051,80.29000000000006
22,45079,81.35000000000001
22,45081,81.35000000000001
22,45105,81.35000000000001
22,45151,92.73000000000002
22,45199,92.73000000000002
22,45249,92.73000000000002
22,45277,92.73000000000002
22,45323,92.73000000000002
22,45347,92.73000000000002
22,45399,92.73000000000002
22,45445,92.73000000000002
22,45447,92.73000000000002
22,45473,93.97
22,45497,93.97
22,45543,98.24000000000001
22,45569,98.24000000000001
22,45593,98.24000000000001
22,45641,98.24000000000001
22,45643,98.24000000000001
22,45693,98.24000000000001
22,45721,98.24000000000001
22,45745,98.24000000000001
22,45769,98.24000000000001
22,45793,112.81000000000002
22,45841,112.81000000000002
22,45865,112.81000000000002
22,45913,112.81000000000002
22,45965,112.81000000000002
22,46013,112.81000000000002
22,46037,112.81000000000002
22,46061,112.81000000000002
22,46085,117.95
22,46111,117.95
22,46157,117.95
22,46209,124.44000000000003
22,46237,124.44000000000003
22,46263,124.44000000000003
22,46313,124.44000000000003
22,46359,124.44000000000003
22,46383,124.44000000000003
22,46429,124.44000000000003
22,46479,124.44000000000003
22,46529,124.44000000000003
22,46575,124.44000000000003
22,46621,124.44000000000003
22,46667,124.44000000000003
22,46669,124.44000000000003
22,46671,124.44000000000003
22,46695,124.44000000000003
22,46743,124.44000000000003
22,46793,124.44000000000003
22,46839,124.44000000000003
22,46867,124.44000000000003
22,46891,134.36999999999998
22,46939,134.36999999999998
22,46963,134.36999999999998
22,46987,134.36999999999998
22,47035,134.36999999999998
22,47085,134.36999999999998
22,47087,134.36999999999998
22,47137,134.36999999999998
22,47161,134.36999999999998
22,47185,134.36999999999998
22,47235,134.36999999999998
22,47259,134.36999999999998
22,47285,134.36999999999998
22,47309,134.36999999999998
22,47311,134.36999999999998
22,47335,134.36999999999998
22,47359,134.36999999999998
22,47383,134.36999999999998
22,47407,134.36999999999998
22,47409,134.36999999999998
22,47435,134.36999999999998
22,47483,134.36999999999998
22,47533,134.36999999999998
22,47581,142.31
22,47633,142.31
22,47657,142.31
22,47709,142.31
22,47733,142.31
22,47783,142.31
22,47831,142.31
22,47833,142.31
22,47859,142.31
22,47909,142.31
22,47955,142.31
22,47983,142.31
22,48007,142.31
22,48031,142.31
22,48055,142.31
22,48085,142.31
22,48137,142.31
22,48161,142.31
22,48211,142.31
22,48259,142.31
22,48283,142.31
22,48285,142.31
22,48309,142.31
22,48357,142.31
22,48383,142.31
22,48385,142.31
22,48387,142.44999999999996
22,48413,142.44999999999996
22,48461,142.44999999999996
22,48485,142.44999999999996
22,48535,142.44999999999996
22,48585,142.44999999999996
22,48609,142.44999999999996
22,48657,142.44999999999996
22,48703,142.44999999999996
22,48727,142.44999999999996
22,48751,142.44999999999996
22,48801,142.44999999999996
22,48825,143.40999999999997
22,48853,143.40999999999997
22,48899,143.40999999999997
22,48901,143.40999999999997
22,48949,143.40999999999997
22,48999,143.40999999999997
22,49047,143.40999999999997
22,49071,149.42000000000002
22,49119,149.42000000000002
22,49121,149.42000000000002
22,49169,149.42000000000002
22,49171,149.42000000000002
22,49217,149.42000000000002
22,49245,149.42000000000002
22,49269,149.42000000000002
22,49295,149.42000000000002
22,49297,149.42000000000002
22,49299,149.42000000000002
22,49327,149.42000000000002
22,49351,149.42000000000002
22,49375,149.42000000000002
22,49401,149.42000000000002
22,49447,153.71000000000006
22,49471,153.71000000000006
22,49519,153.71000000000006
22,49567,153.71000000000006
22,49595,153.71000000000006
22,49597,153.71000000000006
22,49621,153.71000000000006
22,49645,153.71000000000006
22,49647,153.71000000000006
22,49673,153.71000000000006
22,49675,153.71000000000006
22,49699,153.71000000000006
22,49747,153.71000000000006
22,49795,153.71000000000006
22,49821,153.71000000000006
22,49845,153.71000000000006
22,49897,153.71000000000006
22,49957,153.71000000000006
22,49981,153.71000000000006
22,50007,153.71000000000006
22,50033,153.71000000000006
23,40400,44.999999999999986
23,40426,49.489999999999974
23,44547,52.23999999999999
23,44597,52.23999999999999
23,44621,52.23999999999999
23,44669,52.23999999999999
23,44693,56.6
23,44743,56.6
23,44791,56.6
23,44841,64.60000000000001
23,44865,64.60000000000001
23,44893,64.60000000000001
23,44919,65.74999999999997
23,44971,65.74999999999997
23,44999,65.74999999999997
23,45045,65.74999999999997
23,45073,65.74999999999997
23,45121,67.44000000000005
23,45169,77.94999999999997
23,45219,77.94999999999997
23,45243,77.94999999999997
23,45267,77.94999999999997
23,45315,77.94999999999997
23,45341,77.94999999999997
23,45391,77.94999999999997
23,45415,77.94999999999997
23,45439,77.94999999999997
23,45441,77.94999999999997
23,45443,77.94999999999997
23,45489,77.94999999999997
23,45541,77.94999999999997
23,45543,77.94999999999997
23,45589,77.94999999999997
23,45591,77.94999999999997
23,45639,77.94999999999997
23,45663,85.52000000000001
23,45713,85.52000000000001
23,45767,85.52000000000001
23,45813,85.52000000000001
23,45863,85.52000000000001
23,45887,85.52000000000001
23,45913,89.98000000000002
23,45939,89.98000000000002
23,45989,89.98000000000002
23,46013,89.98000000000002
23,46041,89.98000000000002
23,46065,89.98000000000002
23,46115,89.98000000000002
23,46139,89.98000000000002
23,46163,89.98000000000002
23,46211,89.98000000000002
23,46235,89.98000000000002
23,46237,89.98000000000002
23,46239,89.98000000000002
23,46291,89.98000000000002
23,46293,89.98000000000002
23,46317,89.98000000000002
23,46343,89.98000000000002
23,46369,89.98000000000002
23,46417,89.98000000000002
23,46467,89.98000000000002
23,46491,89.98000000000002
23,46515,91.91000000000003
23,46561,97.71
23,46585,97.71
23,46611,98.88000000000001
23,46613,98.88000000000001
23,46639,98.88000000000001
23,46685,98.88000000000001
23,46709,98.88000000000001
23,46733,98.88000000000001
23,46757,98.88000000000001
23,46781,98.88000000000001
23,46783,98.88000000000001
23,46809,98.88000000000001
23,46855,98.88000000000001
23,46881,98.88000000000001
23,46907,98.88000000000001
23,46909,98.88000000000001
23,46955,109.11999999999999
23,46979,109.11999999999999
23,47029,109.11999999999999
23,47079,110.30000000000004
23,47109,110.30000000000004
23,47133,110.30000000000004
23,47157,110.30000000000004
23,47211,110.30000000000004
23,47259,110.62000000000002
23,47261,112.39999999999999
23,47309,112.39999999999999
23,47333,112.39999999999999
23,47379,119.2
23,47425,119.75000000000001
23,47427,119.75000000000001
23,47451,119.75000000000001
23,47477,132.49999999999994
23,47525,132.49999999999994
23,47551,132.49999999999994
23,47597,132.49999999999994
23,47625,132.49999999999994
23,47673,132.49999999999994
23,47697,132.49999999999994
23,47743,132.49999999999994
23,47745,133.38000000000002
23,47773,133.38000000000002
23,47819,133.38000000000002
23,47843,133.38000000000002
23,47891,133.38000000000002
23,47917,133.38000000000002
23,47963,133.38000000000002
23,48013,133.38000000000002
23,48061,133.38000000000002
23,48063,133.38000000000002
23,48089,133.38000000000002
23,48135,143.19999999999993
23,48185,143.19999999999993
23,48209,143.19999999999993
23,48233,143.19999999999993
23,48259,143.19999999999993
23,48307,143.19999999999993
23,48361,143.19999999999993
23,48385,143.19999999999993
23,48431,143.19999999999993
23,48461,143.40999999999997
23,48507,143.40999999999997
23,48531,143.40999999999997
23,48557,144.03
23,48581,144.03
23,48629,157.68
23,48631,157.68
23,48679,157.68
23,48727,166.26999999999995
23,48775,166.26999999999995
23,48799,166.26999999999995
23,48825,166.26999999999995
23,48853,179.03
23,48901,179.03
23,48951,179.03
23,48977,179.03
23,49025,179.03
23,49075,179.03
23,49077,179.03
23,49125,179.03
23,49153,179.03
23,49177,179.03
23,49201,179.03
23,49203,179.03
23,49253,179.03
23,49305,179.03
23,49355,179.03
23,49357,179.03
23,49381,179.03
23,49409,179.03
23,49459,179.03
23,49483,179.03
23,49531,179.03
23,49587,179.03
23,49611,179.03
23,49635,179.03
23,49683,179.03
23,49729,179.03
23,49781,179.03
23,49783,179.03
23,49831,179.03
23,49855,179.03
23,49901,179.03
23,49903,179.03
23,49951,179.03
23,49975,179.03
23,50021,183.64999999999995
23,50069,183.64999999999995
23,50117,183.64999999999995
23,50119,183.64999999999995
23,50143,183.64999999999995
23,50189,183.64999999999995
23,50235,183.64999999999995
23,50259,183.64999999999995
23,50261,183.64999999999995
23,50263,183.64999999999995
23,50265,183.64999999999995
23,50291,183.64999999999995
23,50337,183.64999999999995
23,50339,183.64999999999995
23,50387,183.64999999999995
24,40036,39.050000000000026
24,40060,51.47
24,40108,53.61
24,44083,53.61
24,44131,53.61
24,44181,53.61
24,44229,53.61
24,44253,53.61
24,44255,53.61
24,44307,53.61
24,44353,53.61
24,44403,64.99
24,44405,64.99
24,44459,64.99
24,44507,64.99
24,44533,64.99
24,44581,64.99
24,44605,64.99
24,44629,64.99
24,44631,64.99
24,44655,64.99
24,44703,66.38
24,44753,66.38
24,44777,66.38
24,44801,66.38
24,44851,66.38
24,44875,66.38
24,44925,76.48000000000003
24,44951,76.48000000000003
24,44997,76.48000000000003
24,45023,76.48000000000003
24,45049,76.48000000000003
24,45095,76.48000000000003
24,45119,76.48000000000003
24,45165,76.48000000000003
24,45189,76.48000000000003
24,45237,76.48000000000003
24,45289,76.48000000000003
24,45317,76.48000000000003
24,45341,76.48000000000003
24,45367,76.48000000000003
24,45395,76.48000000000003
24,45419,76.48000000000003
24,45467,76.48000000000003
24,45513,81.75
24,45539,81.75
24,45585,87.87000000000002
24,45609,87.87000000000002
24,45633,91.20999999999998
24,45681,91.20999999999998
24,45731,103.92
24,45755,103.92
24,45801,103.92
24,45825,103.92
24,45871,103.92
24,45895,103.92
24,45919,103.92
24,45947,103.92
24,45971,103.92
24,46017,103.92
24,46019,103.92
24,46021,103.92
24,46073,103.92
24,46103,103.92
24,46127,103.92
24,46153,103.92
24,46177,103.92
24,46227,104.33999999999997
24,46273,104.33999999999997
24,46319,104.33999999999997
24,46365,104.33999999999997
24,46413,104.33999999999997
24,46459,104.33999999999997
24,46489,104.33999999999997
24,46513,104.33999999999997
24,46537,104.33999999999997
24,46587,109.78000000000003
24,46635,109.78000000000003
24,46637,109.78000000000003
24,46661,109.78000000000003
24,46663,109.78000000000003
24,46709,109.78000000000003
24,46757,109.78000000000003
24,46787,109.78000000000003
24,46813,109.78000000000003
24,46863,109.78000000000003
24,46865,109.78000000000003
24,46889,109.78000000000003
24,46935,109.78000000000003
24,46961,109.78000000000003
24,47007,109.78000000000003
24,47031,109.78000000000003
24,47059,109.78000000000003
24,47105,109.78000000000003
24,47129,109.78000000000003
24,47155,109.78000000000003
24,47179,109.78000000000003
24,47229,109.78000000000003
24,47255,109.78000000000003
24,47281,109.78000000000003
24,47283,109.78000000000003
24,47307,109.78000000000003
24,47355,109.78000000000003
24,47411,109.78000000000003
24,47435,109.78000000000003
24,47459,113.56000000000002
24,47461,113.56000000000002
24,47463,113.56000000000002
24,47487,113.56000000000002
24,47533,113.56000000000002
24,47535,113.56000000000002
24,47581,113.56000000000002
24,47605,113.56000000000002
24,47631,113.56000000000002
24,47679,113.56000000000002
24,47705,121.93000000000004
24,47753,121.93000000000004
24,47781,121.93000000000004
24,47805,121.93000000000004
24,47853,121.93000000000004
24,47855,121.93000000000004
24,47857,121.93000000000004
24,47909,121.93000000000004
24,47955,121.93000000000004
24,47979,121.93000000000004
24,48027,121.93000000000004
24,48073,121.93000000000004
24,48099,121.93000000000004
24,48125,121.93000000000004
24,48151,121.93000000000004
24,48177,121.93000000000004
24,48179,121.93000000000004
24,48227,121.93000000000004
24,48251,121.93000000000004
24,48277,121.93000000000004
24,48301,122.68000000000004
24,48349,122.68000000000004
24,48373,122.68000000000004
24,48397,122.68000000000004
24,48445,122.68000000000004
24,48469,122.68000000000004
24,48515,122.68000000000004
24,48563,122.68000000000004
24,48587,124.52
24,48589,124.52
24,48613,124.52
24,48615,124.52
24,48639,134.20000000000002
24,48691,134.20000000000002
24,48739,134.20000000000002
24,48789,134.20000000000002
24,48835,134.20000000000002
24,48859,134.20000000000002
24,48905,144.69999999999996
24,48953,144.69999999999996
24,48977,144.69999999999996
24,49023,144.69999999999996
24,49077,144.69999999999996
24,49125,149.40000000000003
24,49149,149.40000000000003
24,49151,149.40000000000003
24,49199,149.40000000000003
24,49225,149.40000000000003
24,49271,149.40000000000003
24,49297,149.40000000000003
24,49321,149.40000000000003
24,49367,149.40000000000003
24,49391,149.40000000000003
24,49441,149.40000000000003
24,49443,149.40000000000003
24,49469,149.40000000000003
24,49497,149.40000000000003
24,49547,149.40000000000003
24,49571,149.40000000000003
24,49573,149.40000000000003
24,49597,149.40000000000003
24,49623,149.40000000000003
24,49669,149.40000000000003
24,49695,149.40000000000003
24,49697,149.40000000000003
24,49745,149.40000000000003
24,49791,149.40000000000003
24,49841,149.40000000000003
24,49865,149.40000000000003
24,49911,149.40000000000003
24,49937,149.40000000000003
24,49939,149.40000000000003
24,49963,149.40000000000003
24,50013,149.40000000000003
25,40136,49.04000000000003
25,40160,49.04000000000003
25,40210,49.04000000000003
25,40262,49.04000000000003
25,40286,49.04000000000003
25,40310,49.04000000000003
25,40336,49.04000000000003
25,40362,49.04000000000003
25,40388,49.04000000000003
25,40416,49.04000000000003
25,40462,54.75000000000001
25,40486,59.19999999999998
25,40488,59.19999999999998
25,40516,59.19999999999998
25,40540,59.19999999999998
25,40566,59.19999999999998
25,44725,59.19999999999998
25,44749,59.19999999999998
25,44797,59.19999999999998
25,44799,59.19999999999998
25,44823,59.19999999999998
25,44871,74.92000000000003
25,44919,74.92000000000003
25,44921,74.92000000000003
25,44923,74.92000000000003
25,44969,74.92000000000003
25,45015,74.92000000000003
25,45039,74.92000000000003
25,45087,74.92000000000003
25,45113,74.92000000000003
25,45161,87.50000000000003
25,45207,87.50000000000003
25,45255,87.50000000000003
25,45281,87.50000000000003
25,45331,87.50000000000003
25,45381,87.50000000000003
25,45431,87.50000000000003
25,45455,87.50000000000003
25,45479,87.50000000000003
25,45503,87.50000000000003
25,45527,87.50000000000003
25,45573,90.03
25,45575,90.03
25,45599,90.03
25,45651,90.03
25,45677,90.03
25,45679,90.03
25,45727,90.03
25,45775,90.03
25,45799,90.03
25,45823,98.87999999999998
25,45869,98.87999999999998
25,45895,98.87999999999998
25,45941,98.87999999999998
25,45967,98.87999999999998
25,45991,100.01
25,46019,100.01
25,46067,100.01
25,46091,100.01
25,46115,100.01
25,46139,100.01
25,46187,100.01
25,46235,105.28000000000002
25,46261,105.28000000000002
25,46285,114.15999999999997
25,46311,114.15999999999997
25,46357,114.15999999999997
25,46405,114.15999999999997
25,46429,114.15999999999997
25,46453,114.95
25,46477,114.95
25,46501,114.95
25,46549,114.95
25,46575,114.95
25,46599,114.95
25,46625,114.95
25,46651,114.95
25,46653,114.95
25,46681,114.95
25,46729,114.95
25,46755,114.95
25,46803,114.95
25,46805,114.95
25,46807,114.95
25,46809,114.95
25,46857,114.95
25,46881,127.19000000000003
25,46883,127.19000000000003
25,46909,127.19000000000003
25,46955,127.19000000000003
25,47001,127.19000000000003
25,47051,127.19000000000003
25,47097,127.19000000000003
25,47131,127.19000000000003
25,47133,127.19000000000003
25,47181,137.97000000000006
25,47235,137.97000000000006
25,47281,137.97000000000006
25,47305,137.97000000000006
25,47355,137.97000000000006
25,47401,137.97000000000006
25,47451,137.97000000000006
25,47499,137.97000000000006
25,47523,137.97000000000006
25,47571,137.97000000000006
25,47617,137.97000000000006
25,47643,137.97000000000006
25,47691,137.97000000000006
25,47737,137.97000000000006
25,47783,137.97000000000006
25,47829,137.97000000000006
25,47831,137.97000000000006
25,47833,137.97000000000006
25,47857,137.97000000000006
25,47905,137.97000000000006
25,47931,137.97000000000006
25,47979,137.97000000000006
25,48003,137.97000000000006
25,48051,137.97000000000006
25,48103,137.97000000000006
25,48127,137.97000000000006
25,48173,137.97000000000006
25,48219,137.97000000000006
25,48243,147.51000000000002
25,48289,147.51000000000002
25,48291,147.51000000000002
25,48317,147.51000000000002
25,48341,147.51000000000002
25,48365,147.51000000000002
25,48367,147.51000000000002
25,48413,147.51000000000002
25,48437,147.51000000000002
25,48461,147.51000000000002
25,48507,147.51000000000002
25,48553,147.51000000000002
25,48555,147.51000000000002
25,48579,147.51000000000002
25,48625,147.51000000000002
25,48627,153.33999999999995
25,48651,153.33999999999995
25,48675,153.33999999999995
25,48701,153.33999999999995
25,48729,153.33999999999995
25,48777,153.33999999999995
25,48801,153.33999999999995
25,48851,153.33999999999995
25,48905,153.33999999999995
25,48953,153.33999999999995
25,48955,153.33999999999995
25,49001,153.33999999999995
25,49049,153.33999999999995
25,49075,153.33999999999995
25,49099,153.33999999999995
25,49125,153.33999999999995
25,49149,153.33999999999995
25,49173,153.33999999999995
25,49221,153.33999999999995
25,49245,153.33999999999995
25,49271,153.33999999999995
25,49301,153.33999999999995
25,49325,153.33999999999995
25,49349,153.33999999999995
25,49397,153.33999999999995
25,49449,153.33999999999995
25,49451,153.33999999999995
25,49475,153.33999999999995
25,49523,153.33999999999995
25,49525,153.33999999999995
25,49549,153.33999999999995
25,49585,153.33999999999995
25,49639,153.33999999999995
25,49641,153.33999999999995
25,49667,153.33999999999995
25,49717,153.33999999999995
25,49765,153.33999999999995
25,49811,153.33999999999995
25,49837,153.33999999999995
25,49861,153.33999999999995
25,49907,153.33999999999995
25,49931,156.8000000000001
25,49959,156.8000000000001
25,49983,156.8000000000001
25,50029,156.8000000000001
25,50059,156.8000000000001
25,50105,156.8000000000001
25,50155,156.8000000000001
26,40424,66.17999999999999
26,40470,66.17999999999999
26,40516,66.17999999999999
26,40570,66.17999999999999
26,40622,66.17999999999999
26,40672,69.29999999999998
26,40674,69.29999999999998
26,40722,69.29999999999998
26,40746,69.29999999999998
26,40772,69.29999999999998
26,40796,69.29999999999998
26,40822,69.29999999999998
26,40870,69.29999999999998
26,40894,71.26999999999998
26,40944,71.26999999999998
26,40990,71.26999999999998
26,41016,71.26999999999998
26,45091,71.26999999999998
26,45115,79.61000000000004
26,45141,79.61000000000004
26,45187,86.13000000000002
26,45211,86.13000000000002
26,45235,86.13000000000002
26,45237,86.13000000000002
26,45239,86.13000000000002
26,45265,86.13000000000002
26,45291,86.13000000000002
26,45293,86.13000000000002
26,45317,104.49999999999997
26,45363,104.49999999999997
26,45387,104.49999999999997
26,45437,104.49999999999997
26,45483,104.49999999999997
26,45531,104.49999999999997
26,45555,104.49999999999997
26,45603,104.49999999999997
26,45653,104.49999999999997
26,45677,104.49999999999997
26,45701,104.49999999999997
26,45703,104.49999999999997
26,45729,104.49999999999997
26,45775,104.49999999999997
26,45777,104.49999999999997
26,45779,104.49999999999997
26,45803,104.49999999999997
26,45829,104.49999999999997
26,45853,104.49999999999997
26,45855,104.49999999999997
26,45857,104.49999999999997
26,45905,104.49999999999997
26,45951,104.49999999999997
26,45977,104.49999999999997
26,45979,104.49999999999997
26,46005,104.49999999999997
26,46007,104.49999999999997
26,46053,117.5600000000001
26,46101,117.5600000000001
26,46147,117.5600000000001
26,46171,117.5600000000001
26,46195,117.5600000000001
26,46245,117.5600000000001
26,46273,117.5600000000001
26,46321,117.5600000000001
26,46345,117.5600000000001
26,46391,117.5600000000001
26,46445,117.5600000000001
26,46469,117.5600000000001
26,46471,117.5600000000001
26,46525,120.85999999999997
26,46571,120.85999999999997
26,46573,120.85999999999997
26,46619,120.85999999999997
26,46665,121.10999999999999
26,46667,121.10999999999999
26,46693,121.10999999999999
26,46739,121.10999999999999
26,46765,121.10999999999999
26,46813,121.10999999999999
26,46839,121.10999999999999
26,46863,121.10999999999999
26,46911,122.81000000000004
26,46937,122.81000000000004
26,46987,122.81000000000004
26,47035,122.81000000000004
26,47037,122.81000000000004
26,47061,133.72999999999993
26,47107,133.72999999999993
26,47131,133.72999999999993
26,47155,133.72999999999993
26,47179,133.72999999999993
26,47181,133.72999999999993
26,47227,133.72999999999993
26,47279,133.72999999999993
26,47303,133.72999999999993
26,47305,133.72999999999993
26,47329,139.52000000000007
26,47331,139.52000000000007
26,47381,139.52000000000007
26,47405,139.52000000000007
26,47431,139.52000000000007
26,47479,139.52000000000007
26,47525,140.17999999999995
26,47549,140.17999999999995
26,47601,140.17999999999995
26,47625,140.17999999999995
26,47649,140.17999999999995
26,47697,140.17999999999995
26,47699,140.17999999999995
26,47723,140.17999999999995
26,47773,140.17999999999995
26,47825,140.17999999999995
26,47871,140.17999999999995
26,47895,140.17999999999995
26,47919,245.48000000000008
26,47965,245.48000000000008
26,47989,245.48000000000008
26,48017,245.48000000000008
26,48063,245.48000000000008
26,48109,245.48000000000008
26,48163,245.48000000000008
26,48165,245.48000000000008
26,48191,245.48000000000008
26,48215,245.48000000000008
26,48267,245.48000000000008
26,48291,261.43000000000006
26,48339,261.43000000000006
26,48363,261.43000000000006
26,48387,261.43000000000006
26,48411,261.43000000000006
26,48441,261.43000000000006
26,48465,261.43000000000006
26,48495,261.43000000000006
26,48547,261.43000000000006
26,48571,261.43000000000006
26,48595,261.43000000000006
26,48647,261.43000000000006
26,48671,261.43000000000006
26,48719,261.43000000000006
26,48745,261.43000000000006
26,48769,261.43000000000006
26,48819,261.43000000000006
26,48843,261.43000000000006
26,48893,261.43000000000006
26,48939,271.67999999999995
26,48987,271.67999999999995
26,49013,271.67999999999995
26,49061,271.67999999999995
26,49109,271.67999999999995
26,49159,271.67999999999995
26,49185,271.67999999999995
26,49233,271.67999999999995
26,49285,271.67999999999995
26,49333,271.67999999999995
26,49357,271.67999999999995
26,49381,271.67999999999995
26,49427,271.67999999999995
26,49473,271.67999999999995
26,49523,271.67999999999995
26,49547,271.67999999999995
26,49549,271.67999999999995
26,49597,271.67999999999995
26,49621,271.67999999999995
26,49671,271.67999999999995
26,49699,271.67999999999995
26,49723,271.67999999999995
26,49769,271.67999999999995
26,49815,271.67999999999995
26,49863,271.67999999999995
26,49865,271.67999999999995
26,49913,271.67999999999995
26,49941,281.37000000000006
26,49965,281.37000000000006
26,50015,281.37000000000006
26,50061,281.8100000000001
26,50063,281.8100000000001
26,50113,281.8100000000001
26,50137,281.8100000000001
26,50161,281.8100000000001
26,50207,281.8100000000001
26,50231,281.8100000000001
26,50281,281.8100000000001
26,50331,281.8100000000001
26,50359,281.8100000000001
26,50361,281.8100000000001
26,50407,281.8100000000001
27,40110,42.089999999999996
27,40134,42.089999999999996
27,40182,63.54999999999998
27,40232,63.54999999999998
27,40280,63.54999999999998
27,44281,63.54999999999998
27,44329,63.54999999999998
27,44375,63.54999999999998
27,44405,63.54999999999998
27,44407,63.54999999999998
27,44409,63.54999999999998
27,44459,63.54999999999998
27,44509,63.54999999999998
27,44533,68.49
27,44581,68.49
27,44605,68.49
27,44659,68.49
27,44683,204.83000000000004
27,44707,204.83000000000004
27,44709,204.83000000000004
27,44735,204.83000000000004
27,44761,204.83000000000004
27,44807,204.83000000000004
27,44859,204.83000000000004
27,44861,204.83000000000004
27,44907,204.83000000000004
27,44935,204.83000000000004
27,44961,204.83000000000004
27,44985,204.83000000000004
27,45039,204.83000000000004
27,45091,204.83000000000004
27,45139,204.83000000000004
27,45141,204.83000000000004
27,45167,204.83000000000004
27,45191,204.83000000000004
27,45193,204.83000000000004
27,45217,204.83000000000004
27,45263,204.83000000000004
27,45287,204.83000000000004
27,45311,204.83000000000004
27,45357,204.83000000000004
27,45359,204.83000000000004
27,45407,204.83000000000004
27,45457,204.83000000000004
27,45505,204.83000000000004
27,45555,204.83000000000004
27,45579,204.83000000000004
27,45625,204.83000000000004
27,45671,221.07
27,45717,221.07
27,45743,221.07
27,45791,221.07
27,45839,221.07
27,45893,221.07
27,45943,221.07
27,45991,221.07
27,46039,221.07
27,46041,221.07
27,46065,221.07
27,46089,221.07
27,46113,221.07
27,46115,221.07
27,46161,221.07
27,46187,221.07
27,46213,221.07
27,46259,221.07
27,46309,221.07
27,46311,221.07
27,46335,221.07
27,46359,221.07
27,46405,221.07
27,46429,221.07
27,46455,221.07
27,46503,221.07
27,46529,221.07
27,46579,221.07
27,46603,221.07
27,46657,221.07
27,46683,221.07
27,46731,221.07
27,46783,221.07
27,46835,221.07
27,46859,221.07
27,46907,221.07
27,46955,221.07
27,47003,221.07
27,47051,221.07
27,47099,221.07
27,47123,221.07
27,47171,221.07
27,47197,221.07
27,47199,221.07
27,47253,221.07
27,47299,221.07
27,47323,221.07
27,47369,221.07
27,47393,221.07
27,47441,221.07
27,47465,221.07
27,47489,221.07
27,47537,221.07
27,47539,221.07
27,47591,221.07
27,47615,221.07
27,47639,221.07
27,47663,221.07
27,47711,221.07
27,47737,221.07
27,47761,221.07
27,47811,221.07
27,47837,221.07
27,47861,221.07
27,47887,221.07
27,47913,221.07
27,47941,221.07
27,47943,221.07
27,47991,221.07
27,48015,221.07
27,48065,221.07
27,48091,221.07
27,48117,221.07
27,48141,221.07
27,48167,221.07
27,48191,221.07
27,48193,221.07
27,48241,221.07
27,48289,227.78999999999988
27,48291,227.78999999999988
27,48339,227.78999999999988
27,48363,241.57000000000002
27,48411,241.57000000000002
27,48457,241.57000000000002
27,48481,241.57000000000002
27,48531,241.57000000000002
27,48579,255.68000000000004
27,48629,255.68000000000004
27,48631,255.68000000000004
27,48657,255.68000000000004
27,48681,255.68000000000004
27,48705,264.61000000000007
27,48755,264.61000000000007
27,48785,264.61000000000007
27,48831,264.61000000000007
27,48859,264.61000000000007
27,48883,264.61000000000007
27,48885,264.61000000000007
27,48931,264.61000000000007
27,48933,264.61000000000007
27,48957,264.61000000000007
27,48981,264.61000000000007
27,48983,264.61000000000007
27,49009,264.61000000000007
27,49033,264.61000000000007
27,49057,264.61000000000007
27,49103,264.61000000000007
27,49105,264.61000000000007
27,49129,264.61000000000007
27,49175,264.61000000000007
27,49201,264.61000000000007
27,49227,264.61000000000007
27,49229,264.61000000000007
27,49275,264.61000000000007
27,49325,264.61000000000007
27,49349,264.61000000000007
27,49375,264.61000000000007
27,49423,264.61000000000007
27,49425,264.61000000000007
27,49449,264.61000000000007
27,49451,264.61000000000007
27,49475,264.61000000000007
27,49499,264.61000000000007
27,49545,264.61000000000007
27,49571,264.61000000000007
27,49617,264.61000000000007
27,49667,264.61000000000007
27,49691,264.61000000000007
27,49715,264.61000000000007
27,49717,264.61000000000007
27,49719,264.61000000000007
27,49769,264.61000000000007
27,49795,264.61000000000007
27,49819,264.61000000000007
27,49847,264.61000000000007
27,49897,264.61000000000007
27,49925,264.61000000000007
27,49951,264.61000000000007
27,49999,264.61000000000007
27,50025,264.61000000000007
27,50077,264.61000000000007
27,50127,264.61000000000007
28,39974,40.920000000000016
28,40020,47.339999999999975
28,40068,47.339999999999975
28,40092,47.339999999999975
28,40116,48.13
28,40118,48.13
28,40120,48.13
28,44139,56.639999999999986
28,44165,56.639999999999986
28,44189,56.639999999999986
28,44241,56.639999999999986
28,44295,56.639999999999986
28,44343,56.639999999999986
28,44391,60.390000000000036
28,44443,60.390000000000036
28,44493,70.53999999999999
28,44541,70.53999999999999
28,44565,70.53999999999999
28,44589,70.53999999999999
28,44591,70.53999999999999
28,44593,70.53999999999999
28,44645,70.53999999999999
28,44647,70.53999999999999
28,44695,70.53999999999999
28,44743,70.53999999999999
28,44789,71.05000000000004
28,44813,71.05000000000004
28,44815,71.05000000000004
28,44867,75.51000000000002
28,44897,75.51000000000002
28,44923,75.51000000000002
28,44949,75.51000000000002
28,44973,75.51000000000002
28,45023,75.51000000000002
28,45071,75.51000000000002
28,45095,75.51000000000002
28,45141,75.51000000000002
28,45187,75.51000000000002
28,45235,75.51000000000002
28,45287,75.51000000000002
28,45313,75.51000000000002
28,45339,75.51000000000002
28,45387,75.51000000000002
28,45411,75.51000000000002
28,45413,75.51000000000002
28,45459,83.53000000000002
28,45483,83.53000000000002
28,45507,83.53000000000002
28,45553,83.53000000000002
28,45599,83.53000000000002
28,45625,89.91
28,45649,89.91
28,45697,98.38999999999997
28,45723,100.66
28,45749,100.66
28,45775,100.66
28,45777,100.66
28,45825,100.66
28,45879,100.66
28,45903,100.66
28,45951,100.66
28,46001,100.66
28,46027,100.66
28,46053,100.66
28,46079,100.66
28,46105,100.66
28,46107,100.66
28,46157,100.66
28,46181,100.66
28,46205,100.66
28,46255,100.66
28,46301,100.66
28,46325,103.45000000000005
28,46373,103.45000000000005
28,46399,103.45000000000005
28,46423,103.45000000000005
28,46449,103.45000000000005
28,46473,103.45000000000005
28,46497,103.45000000000005
28,46521,103.45000000000005
28,46567,103.45000000000005
28,46591,104.75
28,46641,123.13
28,46643,123.13
28,46645,124.56999999999998
28,46671,124.56999999999998
28,46717,124.56999999999998
28,46767,124.56999999999998
28,46793,124.56999999999998
28,46839,134.01999999999998
28,46887,134.01999999999998
28,46911,134.01999999999998
28,46937,134.01999999999998
28,46939,134.01999999999998
28,46963,134.01999999999998
28,47009,135.64000000000007
28,47033,135.64000000000007
28,47057,135.64000000000007
28,47083,135.64000000000007
28,47085,135.64000000000007
28,47115,135.64000000000007
28,47139,135.64000000000007
28,47165,135.64000000000007
28,47191,135.64000000000007
28,47215,135.64000000000007
28,47265,135.64000000000007
28,47315,135.64000000000007
28,47361,135.64000000000007
28,47363,135.64000000000007
28,47409,135.64000000000007
28,47433,135.64000000000007
28,47435,146.64999999999995
28,47481,146.64999999999995
28,47529,146.64999999999995
28,47575,146.64999999999995
28,47601,146.64999999999995
28,47649,146.64999999999995
28,47651,146.64999999999995
28,47675,146.64999999999995
28,47699,146.64999999999995
28,47749,146.64999999999995
28,47795,146.64999999999995
28,47843,146.64999999999995
28,47893,146.64999999999995
28,47917,146.64999999999995
28,47941,146.64999999999995
28,47989,306.1700000000001
28,48015,306.1700000000001
28,48017,306.1700000000001
28,48041,306.1700000000001
28,48091,306.1700000000001
28,48117,306.1700000000001
28,48143,306.1700000000001
28,48189,306.1700000000001
28,48213,306.1700000000001
28,48261,306.1700000000001
28,48309,306.1700000000001
28,48337,306.1700000000001
28,48363,306.1700000000001
28,48387,306.1700000000001
28,48415,306.1700000000001
28,48441,306.1700000000001
28,48465,306.1700000000001
28,48467,306.1700000000001
28,48495,306.1700000000001
28,48497,306.1700000000001
28,48521,306.1700000000001
28,48523,306.1700000000001
28,48547,306.1700000000001
28,48571,307.64
28,48617,307.64
28,48643,307.64
28,48689,307.64
28,48737,307.64
28,48789,307.64
28,48813,307.64
28,48863,307.64
28,48889,307.64
28,48915,307.64
28,48965,307.64
28,48989,307.64
28,49013,307.64
28,49037,307.64
28,49083,307.64
28,49133,307.64
28,49157,307.64
28,49159,307.64
28,49207,307.64
28,49233,307.64
28,49259,307.64
28,49285,307.64
28,49311,307.64
28,49337,307.64
28,49361,307.64
28,49385,307.64
28,49409,307.64
28,49459,307.64
28,49485,307.64
28,49487,307.64
28,49515,307.64
28,49541,307.64
28,49543,307.64
28,49569,307.64
28,49595,307.64
28,49643,307.64
28,49693,307.64
28,49719,307.64
28,49765,307.64
28,49789,307.64
28,49813,307.64
28,49861,307.64
28,49885,307.64
28,49935,307.64
29,40110,66.00999999999999
29,40136,66.00999999999999
29,40164,66.00999999999999
29,40188,66.00999999999999
29,40234,66.00999999999999
29,40258,66.00999999999999
29,40304,66.00999999999999
29,40328,66.00999999999999
29,40374,66.00999999999999
29,40424,75.38999999999999
29,40448,79.92000000000003
29,40496,83.14
29,40520,83.14
29,40572,83.14
29,40622,83.14
29,40624,83.14
29,40650,83.14
29,40696,83.14
29,44665,83.14
29,44667,83.14
29,44691,83.14
29,44693,83.14
29,44719,83.14
29,44745,83.14
29,44791,83.14
29,44793,83.14
29,44817,83.14
29,44841,83.14
29,44887,83.14
29,44933,92.91
29,44983,92.91
29,45029,92.91
29,45079,92.91
29,45105,92.91
29,45151,92.91
29,45197,92.91
29,45245,92.91
29,45247,92.91
29,45295,92.91
29,45319,92.91
29,45343,92.91
29,45367,100.67999999999998
29,45391,100.67999999999998
29,45415,100.67999999999998
29,45439,100.67999999999998
29,45465,100.67999999999998
29,45467,100.67999999999998
29,45515,100.67999999999998
29,45563,100.67999999999998
29,45589,100.67999999999998
29,45613,100.67999999999998
29,45661,100.67999999999998
29,45709,100.67999999999998
29,45711,100.67999999999998
29,45713,100.67999999999998
29,45715,100.67999999999998
29,45739,100.67999999999998
29,45741,100.67999999999998
29,45765,100.67999999999998
29,45767,100.67999999999998
29,45813,100.67999999999998
29,45815,100.67999999999998
29,45839,100.67999999999998
29,45889,100.67999999999998
29,45891,100.67999999999998
29,45937,100.67999999999998
29,45965,100.67999999999998
29,45967,101.18000000000002
29,45969,101.18000000000002
29,45993,101.18000000000002
29,46041,108.93000000000004
29,46065,116.77000000000002
29,46093,116.77000000000002
29,46145,116.77000000000002
29,46193,116.77000000000002
29,46241,116.77000000000002
29,46267,116.77000000000002
29,46313,116.77000000000002
29,46337,116.77000000000002
29,46385,116.77000000000002
29,46387,116.77000000000002
29,46433,116.77000000000002
29,46459,116.77000000000002
29,46485,116.77000000000002
29,46531,116.77000000000002
29,46555,116.77000000000002
29,46601,116.77000000000002
29,46625,116.77000000000002
29,46673,116.77000000000002
29,46699,116.77000000000002
29,46727,116.77000000000002
29,46751,116.77000000000002
29,46801,116.77000000000002
29,46825,116.77000000000002
29,46871,116.77000000000002
29,46895,116.77000000000002
29,46941,116.77000000000002
29,46943,116.77000000000002
29,46945,116.77000000000002
29,46973,116.77000000000002
29,47021,116.77000000000002
29,47045,116.77000000000002
29,47093,116.77000000000002
29,47119,116.77000000000002
29,47167,116.77000000000002
29,47191,116.77000000000002
29,47243,116.77000000000002
29,47291,116.77000000000002
29,47337,116.77000000000002
29,47339,120.87999999999995
29,47365,120.87999999999995
29,47367,120.87999999999995
29,47395,120.87999999999995
29,47419,120.87999999999995
29,47447,120.87999999999995
29,47493,120.87999999999995
29,47543,120.87999999999995
29,47567,120.87999999999995
29,47595,120.87999999999995
29,47597,120.87999999999995
29,47621,120.87999999999995
29,47623,120.87999999999995
29,47647,120.87999999999995
29,47673,120.87999999999995
29,47719,120.87999999999995
29,47745,120.87999999999995
29,47769,120.87999999999995
29,47815,120.87999999999995
29,47839,120.87999999999995
29,47885,120.87999999999995
29,47909,120.87999999999995
29,47959,120.87999999999995
29,47961,120.87999999999995
29,47985,120.87999999999995
29,48009,120.87999999999995
29,48035,120.87999999999995
29,48059,120.87999999999995
29,48061,120.87999999999995
29,48107,120.87999999999995
29,48109,120.87999999999995
29,48159,120.87999999999995
29,48183,120.87999999999995
29,48213,120.87999999999995
29,48241,120.87999999999995
29,48265,120.87999999999995
29,48313,120.87999999999995
29,48361,120.87999999999995
29,48407,120.87999999999995
29,48431,122.35999999999999
29,48457,122.35999999999999
29,48483,122.35999999999999
29,48507,122.35999999999999
29,48531,122.35999999999999
29,48557,122.35999999999999
29,48581,122.35999999999999
29,48635,122.35999999999999
29,48659,122.35999999999999
29,48661,122.35999999999999
29,48685,122.35999999999999
29,48711,122.35999999999999
29,48735,122.35999999999999
29,48781,122.35999999999999
29,48805,122.35999999999999
29,48853,122.35999999999999
29,48901,122.35999999999999
29,48947,122.35999999999999
29,48997,122.35999999999999
29,49021,122.35999999999999
29,49047,122.35999999999999
29,49049,122.35999999999999
29,49095,140.33000000000004
29,49119,140.33000000000004
29,49145,140.33000000000004
29,49147,140.33000000000004
29,49177,140.33000000000004
29,49201,140.33000000000004
29,49203,140.33000000000004
29,49229,140.33000000000004
29,49231,140.33000000000004
29,49277,140.33000000000004
29,49325,140.33000000000004
29,49371,140.33000000000004
29,49417,140.33000000000004
29,49463,140.33000000000004
29,49509,140.33000000000004
29,49535,140.33000000000004
29,49561,140.33000000000004
29,49611,140.33000000000004
29,49613,140.33000000000004
29,49615,140.33000000000004
29,49643,140.33000000000004
29,49691,140.33000000000004
29,49739,140.33000000000004
29,49767,140.33000000000004
29,49793,140.33000000000004
29,49839,140.33000000000004
29,49887,140.33000000000004
29,49937,140.33000000000004
29,49961,140.33000000000004
29,49987,140.33000000000004
29,50035,149.05000000000004
29,50065,149.05000000000004
29,50113,153.63
30,40352,40.63000000000001
30,40376,40.63000000000001
30,40422,49.81000000000001
30,40470,49.81000000000001
30,40494,83.28999999999998
30,40520,83.28999999999998
30,44527,83.28999999999998
30,44551,87.65000000000002
30,44575,87.65000000000002
30,44577,87.65000000000002
30,44623,87.65000000000002
30,44647,87.65000000000002
30,44695,87.65000000000002
30,44743,87.65000000000002
30,44745,87.65000000000002
30,44769,87.65000000000002
30,44795,87.65000000000002
30,44821,87.65000000000002
30,44867,87.65000000000002
30,44893,87.65000000000002
30,44917,87.65000000000002
30,44941,87.65000000000002
30,44969,87.65000000000002
30,45017,87.65000000000002
30,45043,87.65000000000002
30,45067,87.65000000000002
30,45093,87.65000000000002
30,45117,87.65000000000002
30,45163,87.65000000000002
30,45187,87.65000000000002
30,45213,87.65000000000002
30,45241,87.65000000000002
30,45271,87.65000000000002
30,45297,87.65000000000002
30,45345,87.65000000000002
30,45391,87.65000000000002
30,45439,87.65000000000002
30,45485,87.65000000000002
30,45533,87.65000000000002
30,45557,87.65000000000002
30,45581,87.65000000000002
30,45605,87.65000000000002
30,45661,87.65000000000002
30,45687,87.65000000000002
30,45741,87.65000000000002
30,45769,87.65000000000002
30,45817,87.65000000000002
30,45863,87.65000000000002
30,45887,87.65000000000002
30,45911,87.65000000000002
30,45937,87.65000000000002
30,45967,87.65000000000002
30,45969,87.65000000000002
30,45971,87.65000000000002
30,46019,87.65000000000002
30,46043,93.24
30,46045,93.24
30,46069,93.24
30,46115,95.21
30,46161,95.21
30,46209,95.21
30,46239,95.21
30,46263,95.21
30,46287,95.21
30,46337,95.21
30,46339,95.21
30,46363,95.21
30,46387,95.21
30,46417,95.21
30,46441,95.21
30,46465,95.21
30,46489,101.80999999999997
30,46535,101.80999999999997
30,46585,101.80999999999997
30,46587,101.80999999999997
30,46635,101.80999999999997
30,46661,101.80999999999997
30,46711,101.80999999999997
30,46735,101.80999999999997
30,46781,101.80999999999997
30,46805,101.80999999999997
30,46829,101.80999999999997
30,46831,101.80999999999997
30,46855,101.80999999999997
30,46879,101.80999999999997
30,46905,147.83000000000007
30,46929,147.83000000000007
30,46957,147.83000000000007
30,47009,147.83000000000007
30,47011,147.83000000000007
30,47059,147.83000000000007
30,47083,147.83000000000007
30,47133,147.83000000000007
30,47187,147.83000000000007
30,47211,147.83000000000007
30,47213,149.74999999999994
30,47261,149.74999999999994
30,47289,149.74999999999994
30,47339,149.74999999999994
30,47387,151.0
30,47411,151.0
30,47437,151.0
30,47485,151.0
30,47531,151.0
30,47557,151.0
30,47585,151.0
30,47631,151.0
30,47681,151.0
30,47705,151.0
30,47735,151.0
30,47737,151.0
30,47763,151.0
30,47813,151.0
30,47863,151.0
30,47909,151.0
30,47933,151.0
30,47957,151.0
30,47959,151.0
30,47961,151.52999999999997
30,47987,151.52999999999997
30,48011,151.52999999999997
30,48037,151.52999999999997
30,48061,151.52999999999997
30,48111,151.52999999999997
30,48113,151.52999999999997
30,48159,151.52999999999997
30,48183,151.52999999999997
30,48229,151.58000000000004
30,48279,151.75000000000006
30,48329,151.75000000000006
30,48375,151.75000000000006
30,48401,151.75000000000006
30,48427,151.75000000000006
30,48473,151.75000000000006
30,48521,151.75000000000006
30,48523,151.75000000000006
30,48549,151.75000000000006
30,48575,151.75000000000006
30,48623,151.75000000000006
30,48649,159.01000000000005
30,48697,159.01000000000005
30,48723,159.01000000000005
30,48747,159.01000000000005
30,48793,159.01000000000005
30,48845,159.01000000000005
30,48871,159.01000000000005
30,48895,159.01000000000005
30,48897,159.01000000000005
30,48921,159.01000000000005
30,48967,159.01000000000005
30,48991,159.01000000000005
30,48993,159.01000000000005
30,48995,159.01000000000005
30,49043,159.01000000000005
30,49067,159.01000000000005
30,49115,159.01000000000005
30,49139,159.01000000000005
30,49185,159.01000000000005
30,49209,159.01000000000005
30,49233,159.01000000000005
30,49261,159.01000000000005
30,49263,159.01000000000005
30,49265,159.01000000000005
30,49317,159.01000000000005
30,49341,159.01000000000005
30,49365,159.01000000000005
30,49391,159.01000000000005
30,49441,159.01000000000005
30,49491,159.01000000000005
30,49537,159.01000000000005
30,49587,159.01000000000005
30,49641,159.01000000000005
30,49687,159.01000000000005
30,49737,159.01000000000005
30,49785,159.01000000000005
30,49831,159.01000000000005
30,49833,159.01000000000005
30,49881,159.01000000000005
30,49935,159.01000000000005
30,49959,159.01000000000005
30,49985,159.01000000000005
30,49987,159.01000000000005
30,50011,168.88999999999996
30,50013,168.88999999999996
30,50059,168.88999999999996
30,50083,168.88999999999996
30,50107,168.88999999999996
30,50131,168.88999999999996
30,50155,168.88999999999996
30,50203,168.88999999999996
30,50253,168.88999999999996
30,50283,168.88999999999996
30,50309,168.88999999999996
30,50311,168.88999999999996
30,50337,168.88999999999996
