run,evaluations,best_so_far
1,4556,294.0
1,4588,294.0
1,4616,294.0
1,4632,294.0
1,5091,294.0
1,5093,294.0
1,5107,298.0
1,5137,298.0
1,5155,298.0
1,5171,298.0
1,5173,298.0
1,5201,298.0
1,5203,298.0
1,5231,325.0
1,5245,325.0
1,5259,325.0
1,5261,325.0
1,5291,325.0
1,5319,325.0
1,5337,325.0
1,5351,335.0
1,5377,348.0
1,5391,353.0
1,5419,365.0
1,5433,365.0
1,5449,365.0
1,5463,365.0
1,5491,365.0
1,5519,365.0
1,5549,365.0
1,5575,365.0
1,5601,369.0
1,5615,380.0
1,5631,380.0
1,5657,380.0
1,5683,380.0
1,5697,380.0
1,5725,380.0
1,5757,380.0
1,5771,380.0
1,5799,381.0
1,5813,388.0
1,5815,388.0
1,5843,388.0
1,5857,393.0
1,5871,393.0
1,5897,393.0
1,5923,393.0
1,5937,393.0
1,5969,393.0
1,5983,402.0
1,5997,402.0
1,6013,402.0
1,6029,402.0
1,6055,402.0
1,6073,402.0
1,6087,402.0
1,6117,403.0
1,6119,403.0
1,6133,403.0
1,6149,403.0
1,6177,403.0
1,6205,403.0
1,6219,403.0
1,6235,403.0
1,6255,403.0
1,6281,403.0
1,6295,407.0
1,6309,407.0
1,6339,407.0
1,6355,407.0
1,6371,407.0
1,6387,407.0
1,6403,407.0
1,6429,407.0
1,6443,407.0
1,6469,407.0
1,6471,407.0
1,6501,407.0
1,6515,407.0
1,6543,407.0
1,6569,407.0
1,6585,407.0
1,6599,407.0
1,6625,407.0
1,6651,407.0
1,6665,407.0
1,6693,407.0
1,6707,407.0
1,6721,407.0
1,6739,407.0
1,6741,407.0
1,6769,407.0
1,6783,411.0
1,6809,411.0
1,6825,411.0
1,6843,411.0
1,6857,411.0
1,6873,411.0
1,6903,411.0
1,6919,411.0
1,6951,411.0
1,6953,411.0
1,6969,411.0
1,7001,411.0
1,7029,411.0
1,7055,411.0
1,7057,411.0
1,7073,411.0
1,7087,411.0
1,7089,411.0
1,7103,411.0
1,7117,411.0
1,7119,411.0
1,7121,411.0
1,7149,411.0
1,7151,411.0
1,7167,411.0
1,7169,411.0
1,7183,413.0
1,7199,413.0
1,7225,413.0
1,7227,413.0
1,7253,413.0
1,7285,413.0
1,7301,413.0
1,7315,413.0
1,7329,413.0
1,7331,413.0
1,7361,413.0
1,7363,413.0
1,7365,413.0
1,7393,413.0
1,7419,417.0
1,7451,417.0
1,7453,417.0
1,7467,417.0
1,7481,417.0
1,7483,417.0
1,7497,417.0
1,7527,417.0
1,7545,417.0
1,7561,417.0
1,7575,417.0
1,7577,417.0
1,7593,417.0
1,7619,417.0
1,7633,417.0
1,7665,417.0
1,7667,417.0
1,7695,417.0
1,7709,417.0
1,7723,417.0
1,7737,417.0
1,7767,417.0
1,7781,417.0
1,7795,417.0
1,7809,417.0
1,7825,417.0
1,7839,417.0
1,7853,421.0
1,7879,421.0
1,7905,421.0
1,7919,421.0
1,7947,421.0
1,7961,421.0
1,7995,421.0
1,8011,421.0
1,8029,421.0
1,8057,421.0
1,8089,421.0
1,8103,426.0
1,8121,426.0
1,8137,426.0
1,8151,426.0
1,8179,426.0
1,8193,426.0
1,8207,426.0
1,8221,426.0
1,8237,426.0
1,8251,426.0
1,8283,426.0
1,8313,426.0
1,8327,426.0
1,8359,426.0
1,8387,426.0
1,8401,426.0
1,8429,426.0
1,8455,426.0
1,8471,426.0
1,8505,426.0
1,8525,426.0
1,8527,426.0
1,8545,426.0
1,8559,430.0
1,8573,430.0
1,8593,430.0
1,8609,430.0
1,8637,430.0
1,8639,430.0
1,8653,430.0
1,8667,430.0
1,8683,430.0
1,8711,430.0
1,8737,430.0
1,8751,430.0
1,8765,430.0
1,8781,430.0
1,8795,430.0
1,8809,430.0
1,8835,430.0
1,8863,430.0
1,8881,430.0
1,8911,430.0
1,8913,430.0
1,8939,430.0
1,8953,430.0
1,8983,430.0
1,9009,430.0
1,9025,430.0
1,9041,430.0
1,9043,430.0
1,9069,430.0
1,9083,430.0
1,9097,430.0
1,9123,430.0
1,9139,430.0
1,9141,430.0
1,9157,430.0
1,9173,430.0
1,9193,430.0
1,9221,430.0
1,9249,430.0
1,9275,430.0
1,9289,430.0
1,9291,430.0
1,9307,430.0
1,9333,430.0
1,9351,430.0
1,9367,430.0
1,9381,430.0
1,9395,430.0
1,9409,430.0
1,9423,430.0
1,9437,430.0
1,9451,430.0
1,9479,430.0
1,9495,430.0
1,9523,430.0
1,9537,430.0
1,9551,430.0
1,9583,430.0
1,9601,430.0
1,9633,430.0
1,9649,430.0
1,9679,430.0
1,9693,430.0
1,9719,430.0
1,9733,430.0
1,9765,430.0
1,9779,430.0
1,9781,430.0
1,9807,430.0
1,9833,430.0
1,9863,430.0
1,9877,430.0
1,9879,430.0
1,9907,430.0
1,9933,430.0
1,9947,430.0
1,9963,430.0
1,9965,430.0
1,9983,430.0
1,10011,430.0
1,10013,430.0
1,10027,430.0
1,10053,430.0
1,10055,430.0
1,10081,430.0
1,10107,430.0
1,10135,430.0
1,10165,430.0
1,10197,430.0
1,10211,430.0
1,10227,430.0
1,10229,430.0
1,10243,430.0
1,10271,430.0
1,10285,430.0
1,10299,430.0
1,10301,430.0
1,10315,430.0
1,10329,430.0
1,10331,430.0
1,10361,430.0
1,10377,430.0
1,10407,430.0
1,10409,430.0
1,10429,430.0
1,10445,430.0
1,10461,430.0
1,10477,430.0
1,10479,430.0
1,10507,430.0
1,10533,430.0
1,10565,430.0
1,10593,430.0
1,10595,430.0
1,10609,430.0
1,10623,430.0
1,10625,430.0
1,10641,430.0
1,10643,430.0
1,10671,430.0
1,10697,430.0
1,10723,430.0
1,10737,430.0
1,10739,430.0
1,10753,430.0
1,10781,430.0
1,10783,430.0
1,10809,430.0
1,10823,430.0
1,10825,430.0
1,10839,430.0
1,10841,430.0
1,10867,430.0
1,10903,430.0
1,10931,430.0
1,10945,430.0
1,10965,430.0
1,10981,430.0
1,10997,430.0
1,11011,430.0
1,11025,430.0
1,11051,430.0
1,11069,430.0
1,11083,430.0
1,11097,430.0
1,11127,430.0
1,11153,430.0
1,11169,430.0
1,11195,430.0
1,11223,430.0
1,11249,430.0
1,11279,430.0
1,11305,430.0
1,11319,430.0
1,11349,430.0
1,11363,430.0
1,11391,430.0
1,11393,430.0
1,11423,432.0
1,11451,432.0
1,11471,432.0
1,11487,432.0
1,11515,432.0
1,11517,432.0
1,11535,432.0
1,11563,432.0
1,11581,432.0
1,11609,432.0
1,11625,432.0
1,11627,432.0
1,11641,432.0
1,11655,432.0
1,11687,432.0
1,11689,432.0
1,11703,432.0
1,11705,432.0
1,11721,432.0
1,11747,432.0
1,11761,432.0
1,11787,432.0
1,11789,432.0
1,11803,432.0
1,11817,432.0
1,11831,432.0
1,11857,432.0
1,11883,432.0
1,11897,432.0
1,11911,432.0
1,11925,432.0
1,11955,432.0
1,11969,432.0
1,11999,432.0
1,12013,432.0
1,12015,432.0
1,12047,432.0
1,12061,432.0
1,12077,432.0
1,12091,432.0
1,12109,432.0
1,12123,432.0
1,12151,432.0
1,12165,432.0
1,12195,432.0
1,12209,432.0
1,12235,432.0
1,12249,432.0
1,12275,432.0
1,12289,432.0
1,12305,432.0
1,12307,432.0
1,12321,432.0
1,12351,432.0
1,12365,432.0
1,12395,432.0
1,12397,432.0
1,12427,432.0
1,12441,432.0
1,12457,432.0
1,12459,432.0
1,12477,432.0
1,12491,432.0
1,12507,432.0
1,12521,432.0
1,12549,432.0
1,12551,432.0
1,12581,432.0
1,12595,432.0
1,12623,432.0
1,12639,432.0
1,12669,432.0
1,12687,432.0
1,12703,432.0
1,12731,432.0
1,12733,432.0
1,12735,432.0
1,12763,432.0
1,12765,432.0
1,12781,432.0
1,12807,432.0
1,12809,432.0
1,12837,432.0
1,12863,432.0
1,12889,432.0
1,12905,432.0
1,12923,432.0
1,12939,432.0
1,12965,432.0
1,12993,432.0
1,13009,432.0
1,13037,432.0
1,13051,432.0
1,13079,432.0
1,13093,432.0
1,13121,432.0
1,13149,432.0
1,13175,432.0
1,13205,432.0
1,13221,432.0
1,13247,432.0
1,13275,432.0
1,13289,432.0
1,13291,432.0
1,13305,432.0
1,13307,432.0
1,13337,432.0
1,13363,432.0
1,13389,432.0
1,13403,432.0
1,13405,432.0
1,13407,432.0
1,13425,432.0
1,13441,432.0
1,13443,432.0
1,13445,432.0
1,13473,432.0
1,13503,432.0
1,13531,432.0
1,13545,432.0
1,13559,432.0
1,13561,432.0
1,13575,432.0
1,13577,432.0
1,13593,432.0
1,13619,432.0
1,13647,432.0
1,13649,432.0
1,13663,432.0
1,13691,432.0
1,13717,432.0
1,13745,432.0
1,13761,432.0
1,13797,432.0
1,13825,432.0
1,13841,432.0
1,13867,432.0
1,13893,432.0
1,13907,432.0
1,13937,432.0
1,13951,432.0
1,13967,432.0
1,13981,432.0
1,13997,432.0
1,13999,432.0
1,14013,432.0
1,14027,432.0
1,14043,432.0
1,14073,432.0
1,14089,432.0
1,14119,432.0
1,14135,432.0
1,14165,432.0
1,14179,432.0
1,14205,432.0
1,14233,432.0
1,14261,432.0
1,14293,432.0
1,14323,432.0
1,14351,432.0
1,14365,432.0
1,14399,432.0
1,14427,432.0
1,14441,432.0
1,14469,432.0
1,14495,432.0
1,14525,432.0
1,14541,432.0
2,4446,285.0
2,4472,325.0
2,4486,325.0
2,4512,352.0
2,4540,352.0
2,4556,352.0
2,4582,352.0
2,4596,355.0
2,4626,355.0
2,4654,355.0
2,4682,355.0
2,4708,355.0
2,4736,355.0
2,4766,355.0
2,4780,355.0
2,4806,355.0
2,4822,355.0
2,4838,355.0
2,4852,365.0
2,4866,368.0
2,4868,368.0
2,5337,368.0
2,5351,368.0
2,5353,368.0
2,5367,368.0
2,5395,376.0
2,5409,393.0
2,5425,393.0
2,5441,393.0
2,5469,393.0
2,5495,393.0
2,5511,393.0
2,5539,393.0
2,5571,393.0
2,5589,393.0
2,5615,393.0
2,5629,393.0
2,5643,393.0
2,5671,393.0
2,5687,393.0
2,5701,393.0
2,5715,393.0
2,5743,393.0
2,5759,393.0
2,5787,393.0
2,5803,393.0
2,5817,393.0
2,5819,393.0
2,5833,393.0
2,5859,393.0
2,5887,393.0
2,5901,393.0
2,5931,393.0
2,5951,393.0
2,5967,393.0
2,5981,396.0
2,5997,396.0
2,6013,396.0
2,6015,396.0
2,6043,396.0
2,6057,396.0
2,6059,396.0
2,6073,396.0
2,6087,396.0
2,6089,396.0
2,6103,396.0
2,6131,396.0
2,6149,396.0
2,6177,396.0
2,6191,396.0
2,6221,396.0
2,6247,396.0
2,6261,396.0
2,6289,396.0
2,6303,410.0
2,6335,410.0
2,6349,410.0
2,6379,410.0
2,6393,410.0
2,6419,410.0
2,6451,410.0
2,6477,410.0
2,6491,410.0
2,6517,413.0
2,6535,413.0
2,6561,413.0
2,6587,413.0
2,6601,413.0
2,6629,413.0
2,6647,413.0
2,6661,413.0
2,6691,413.0
2,6705,416.0
2,6739,416.0
2,6769,416.0
2,6797,416.0
2,6811,416.0
2,6827,416.0
2,6841,416.0
2,6869,416.0
2,6897,416.0
2,6911,416.0
2,6913,416.0
2,6927,416.0
2,6955,416.0
2,6969,416.0
2,6983,416.0
2,6997,416.0
2,7029,416.0
2,7043,416.0
2,7057,416.0
2,7071,416.0
2,7085,416.0
2,7087,416.0
2,7113,416.0
2,7127,416.0
2,7143,416.0
2,7169,416.0
2,7195,416.0
2,7225,416.0
2,7253,416.0
2,7267,416.0
2,7295,416.0
2,7309,416.0
2,7311,416.0
2,7313,416.0
2,7341,416.0
2,7359,416.0
2,7373,416.0
2,7387,416.0
2,7417,416.0
2,7433,416.0
2,7463,416.0
2,7493,416.0
2,7519,416.0
2,7533,416.0
2,7547,416.0
2,7565,416.0
2,7581,416.0
2,7595,416.0
2,7609,416.0
2,7625,416.0
2,7627,416.0
2,7653,416.0
2,7669,416.0
2,7683,416.0
2,7711,416.0
2,7737,416.0
2,7763,416.0
2,7789,422.0
2,7809,422.0
2,7823,422.0
2,7837,422.0
2,7865,422.0
2,7895,422.0
2,7911,422.0
2,7943,422.0
2,7957,422.0
2,7971,422.0
2,7973,422.0
2,7987,422.0
2,8013,422.0
2,8015,422.0
2,8031,422.0
2,8057,425.0
2,8059,425.0
2,8087,425.0
2,8101,425.0
2,8133,425.0
2,8149,425.0
2,8165,425.0
2,8183,425.0
2,8209,425.0
2,8225,425.0
2,8253,425.0
2,8269,425.0
2,8271,425.0
2,8285,425.0
2,8311,425.0
2,8327,425.0
2,8357,425.0
2,8387,425.0
2,8415,425.0
2,8443,425.0
2,8445,425.0
2,8459,425.0
2,8487,425.0
2,8501,425.0
2,8529,425.0
2,8543,425.0
2,8559,425.0
2,8589,425.0
2,8605,425.0
2,8619,425.0
2,8637,425.0
2,8665,425.0
2,8691,425.0
2,8719,425.0
2,8733,425.0
2,8765,425.0
2,8767,425.0
2,8795,425.0
2,8813,425.0
2,8815,425.0
2,8829,425.0
2,8857,425.0
2,8883,425.0
2,8897,425.0
2,8899,425.0
2,8917,425.0
2,8935,425.0
2,8951,425.0
2,8979,425.0
2,8981,425.0
2,8995,425.0
2,9025,425.0
2,9051,425.0
2,9077,425.0
2,9091,425.0
2,9119,425.0
2,9133,425.0
2,9147,425.0
2,9149,425.0
2,9165,425.0
2,9191,425.0
2,9219,425.0
2,9237,425.0
2,9251,425.0
2,9283,425.0
2,9297,425.0
2,9327,425.0
2,9343,425.0
2,9359,425.0
2,9385,425.0
2,9411,425.0
2,9429,425.0
2,9459,425.0
2,9473,425.0
2,9489,425.0
2,9507,425.0
2,9521,425.0
2,9523,425.0
2,9549,425.0
2,9565,425.0
2,9595,425.0
2,9609,425.0
2,9639,425.0
2,9661,425.0
2,9679,425.0
2,9681,425.0
2,9695,425.0
2,9711,425.0
2,9725,425.0
2,9727,425.0
2,9741,425.0
2,9757,425.0
2,9773,425.0
2,9801,425.0
2,9815,427.0
2,9817,427.0
2,9843,427.0
2,9871,427.0
2,9899,427.0
2,9927,427.0
2,9929,427.0
2,9943,427.0
2,9969,427.0
2,9983,427.0
2,10009,427.0
2,10025,427.0
2,10039,427.0
2,10041,427.0
2,10043,427.0
2,10059,427.0
2,10095,427.0
2,10127,427.0
2,10141,427.0
2,10143,427.0
2,10157,427.0
2,10173,427.0
2,10189,427.0
2,10217,427.0
2,10245,427.0
2,10275,427.0
2,10277,427.0
2,10291,427.0
2,10305,427.0
2,10319,427.0
2,10333,427.0
2,10365,428.0
2,10393,428.0
2,10421,428.0
2,10435,428.0
2,10453,428.0
2,10467,428.0
2,10481,428.0
2,10509,428.0
2,10539,428.0
2,10567,428.0
2,10593,428.0
2,10609,428.0
2,10635,428.0
2,10665,428.0
2,10679,428.0
2,10695,428.0
2,10709,428.0
2,10727,428.0
2,10743,428.0
2,10757,428.0
2,10785,428.0
2,10799,428.0
2,10813,428.0
2,10815,428.0
2,10843,428.0
2,10859,428.0
2,10887,428.0
2,10905,428.0
2,10907,428.0
2,10927,428.0
2,10941,428.0
2,10969,428.0
2,10997,428.0
2,11025,428.0
2,11027,428.0
2,11029,428.0
2,11031,428.0
2,11059,428.0
2,11073,428.0
2,11091,428.0
2,11093,428.0
2,11095,428.0
2,11111,428.0
2,11127,428.0
2,11153,428.0
2,11167,428.0
2,11181,428.0
2,11195,428.0
2,11225,428.0
2,11239,428.0
2,11253,428.0
2,11267,428.0
2,11281,428.0
2,11309,428.0
2,11337,429.0
2,11353,429.0
2,11383,429.0
2,11409,429.0
2,11425,429.0
2,11445,429.0
2,11471,429.0
2,11485,429.0
2,11513,429.0
2,11527,429.0
2,11543,429.0
2,11557,429.0
2,11573,429.0
2,11587,429.0
2,11601,429.0
2,11603,429.0
2,11617,429.0
2,11631,429.0
2,11645,429.0
2,11659,429.0
2,11689,429.0
2,11717,429.0
2,11731,429.0
2,11763,429.0
2,11777,429.0
2,11803,429.0
2,11817,429.0
2,11831,429.0
2,11845,429.0
2,11859,429.0
2,11873,429.0
2,11903,429.0
2,11921,429.0
2,11935,429.0
2,11937,429.0
2,11951,429.0
2,11965,429.0
2,11991,429.0
2,12005,429.0
2,12037,429.0
2,12067,429.0
2,12085,429.0
2,12099,429.0
2,12125,429.0
2,12151,429.0
2,12165,429.0
2,12193,429.0
2,12207,429.0
2,12209,429.0
2,12211,429.0
2,12239,429.0
2,12253,429.0
2,12281,429.0
2,12307,429.0
2,12325,429.0
2,12339,429.0
2,12367,429.0
2,12395,429.0
2,12425,429.0
2,12441,429.0
2,12455,429.0
2,12469,429.0
2,12499,429.0
2,12527,429.0
2,12543,429.0
2,12561,429.0
2,12579,429.0
2,12593,429.0
2,12595,429.0
2,12597,429.0
2,12613,429.0
2,12615,429.0
2,12643,429.0
2,12671,429.0
2,12699,429.0
2,12713,429.0
2,12729,429.0
2,12731,429.0
2,12745,429.0
2,12759,429.0
2,12773,429.0
2,12799,429.0
2,12831,429.0
2,12857,429.0
2,12873,429.0
2,12875,429.0
2,12891,429.0
2,12907,429.0
2,12923,429.0
2,12925,429.0
2,12951,429.0
2,12953,429.0
2,12967,429.0
2,12983,429.0
2,13013,429.0
2,13041,429.0
2,13073,429.0
2,13089,429.0
2,13091,429.0
2,13107,429.0
2,13123,429.0
2,13137,429.0
2,13165,429.0
2,13199,429.0
2,13219,429.0
2,13221,429.0
2,13249,429.0
2,13275,429.0
2,13289,429.0
2,13321,429.0
2,13351,429.0
2,13377,429.0
2,13397,429.0
2,13413,429.0
2,13429,429.0
2,13461,429.0
2,13475,429.0
2,13505,429.0
2,13521,429.0
2,13547,429.0
2,13561,429.0
2,13575,429.0
2,13603,429.0
2,13605,429.0
2,13635,429.0
2,13649,429.0
2,13679,429.0
2,13705,430.0
2,13731,430.0
2,13757,430.0
2,13783,430.0
2,13799,430.0
2,13815,430.0
2,13829,430.0
2,13845,430.0
2,13873,430.0
2,13891,430.0
2,13907,430.0
2,13923,430.0
2,13951,430.0
2,13953,430.0
2,13967,430.0
2,13969,430.0
2,13971,430.0
2,13999,430.0
2,14025,430.0
2,14027,430.0
2,14059,430.0
2,14087,430.0
2,14113,430.0
2,14127,430.0
2,14157,430.0
2,14175,430.0
2,14189,430.0
2,14219,430.0
2,14247,430.0
2,14263,430.0
2,14277,430.0
2,14293,430.0
2,14311,430.0
2,14325,430.0
2,14341,430.0
2,14369,430.0
2,14383,430.0
2,14411,430.0
2,14429,430.0
2,14455,430.0
3,4474,286.0
3,4502,310.0
3,4504,310.0
3,4518,310.0
3,4548,310.0
3,4550,310.0
3,4552,310.0
3,4578,337.0
3,4592,337.0
3,4624,337.0
3,4626,337.0
3,4654,337.0
3,4684,337.0
3,4712,337.0
3,4726,337.0
3,4742,337.0
3,4770,337.0
3,4772,337.0
3,5285,337.0
3,5299,337.0
3,5301,337.0
3,5329,337.0
3,5359,337.0
3,5387,337.0
3,5417,337.0
3,5449,337.0
3,5463,337.0
3,5491,338.0
3,5505,338.0
3,5531,358.0
3,5545,360.0
3,5547,360.0
3,5569,360.0
3,5587,360.0
3,5613,373.0
3,5629,373.0
3,5643,373.0
3,5645,373.0
3,5673,373.0
3,5675,373.0
3,5677,373.0
3,5691,373.0
3,5723,373.0
3,5755,373.0
3,5757,373.0
3,5785,373.0
3,5799,373.0
3,5827,373.0
3,5829,373.0
3,5857,374.0
3,5883,374.0
3,5917,374.0
3,5931,374.0
3,5951,374.0
3,5977,374.0
3,6009,374.0
3,6025,374.0
3,6039,376.0
3,6067,376.0
3,6081,376.0
3,6107,376.0
3,6129,376.0
3,6147,376.0
3,6177,376.0
3,6191,378.0
3,6221,378.0
3,6237,378.0
3,6265,385.0
3,6285,385.0
3,6317,385.0
3,6333,385.0
3,6347,385.0
3,6363,385.0
3,6379,385.0
3,6405,385.0
3,6407,385.0
3,6421,385.0
3,6449,385.0
3,6465,385.0
3,6479,385.0
3,6495,385.0
3,6497,385.0
3,6517,385.0
3,6543,395.0
3,6571,395.0
3,6585,399.0
3,6599,400.0
3,6617,400.0
3,6643,400.0
3,6657,400.0
3,6683,400.0
3,6685,400.0
3,6687,400.0
3,6713,400.0
3,6739,400.0
3,6769,400.0
3,6785,400.0
3,6811,400.0
3,6839,400.0
3,6873,400.0
3,6903,400.0
3,6905,400.0
3,6933,412.0
3,6947,412.0
3,6963,412.0
3,6965,412.0
3,6981,412.0
3,7009,412.0
3,7035,412.0
3,7065,412.0
3,7081,412.0
3,7095,412.0
3,7129,412.0
3,7143,413.0
3,7145,413.0
3,7159,413.0
3,7161,413.0
3,7163,413.0
3,7183,413.0
3,7211,413.0
3,7227,413.0
3,7257,413.0
3,7271,413.0
3,7299,413.0
3,7335,413.0
3,7361,413.0
3,7375,413.0
3,7389,413.0
3,7417,413.0
3,7449,413.0
3,7463,413.0
3,7479,413.0
3,7495,413.0
3,7523,413.0
3,7551,413.0
3,7577,414.0
3,7611,414.0
3,7625,414.0
3,7639,414.0
3,7657,414.0
3,7691,414.0
3,7693,414.0
3,7719,414.0
3,7749,414.0
3,7763,414.0
3,7791,414.0
3,7805,414.0
3,7807,414.0
3,7821,414.0
3,7849,414.0
3,7877,414.0
3,7893,414.0
3,7907,414.0
3,7937,414.0
3,7951,414.0
3,7969,414.0
3,7995,414.0
3,8009,414.0
3,8035,414.0
3,8053,414.0
3,8071,414.0
3,8073,414.0
3,8101,414.0
3,8121,414.0
3,8147,421.0
3,8173,421.0
3,8187,422.0
3,8201,422.0
3,8215,422.0
3,8241,422.0
3,8269,422.0
3,8285,422.0
3,8299,422.0
3,8327,422.0
3,8343,422.0
3,8363,422.0
3,8389,422.0
3,8405,422.0
3,8431,422.0
3,8447,422.0
3,8461,422.0
3,8463,422.0
3,8465,422.0
3,8479,422.0
3,8481,422.0
3,8509,422.0
3,8523,422.0
3,8537,422.0
3,8551,422.0
3,8565,422.0
3,8579,422.0
3,8597,422.0
3,8627,422.0
3,8653,422.0
3,8655,422.0
3,8671,422.0
3,8685,422.0
3,8703,422.0
3,8731,422.0
3,8759,422.0
3,8787,422.0
3,8789,422.0
3,8819,422.0
3,8849,422.0
3,8879,422.0
3,8881,422.0
3,8895,422.0
3,8911,422.0
3,8929,422.0
3,8943,422.0
3,8959,422.0
3,8975,422.0
3,8977,422.0
3,9005,422.0
3,9033,422.0
3,9047,422.0
3,9079,422.0
3,9093,424.0
3,9123,424.0
3,9153,424.0
3,9155,424.0
3,9175,424.0
3,9203,424.0
3,9217,424.0
3,9219,424.0
3,9233,424.0
3,9247,424.0
3,9261,424.0
3,9289,424.0
3,9303,424.0
3,9305,424.0
3,9319,424.0
3,9345,424.0
3,9361,424.0
3,9391,424.0
3,9425,424.0
3,9427,424.0
3,9443,424.0
3,9469,424.0
3,9497,426.0
3,9523,426.0
3,9549,426.0
3,9567,426.0
3,9597,426.0
3,9615,426.0
3,9645,426.0
3,9673,426.0
3,9689,426.0
3,9717,426.0
3,9719,426.0
3,9737,426.0
3,9751,426.0
3,9781,426.0
3,9809,426.0
3,9837,426.0
3,9865,426.0
3,9879,426.0
3,9907,426.0
3,9909,426.0
3,9927,426.0
3,9953,427.0
3,9979,427.0
3,10003,427.0
3,10031,429.0
3,10057,429.0
3,10059,429.0
3,10087,429.0
3,10101,429.0
3,10117,429.0
3,10119,429.0
3,10145,429.0
3,10147,429.0
3,10175,429.0
3,10177,429.0
3,10191,429.0
3,10205,429.0
3,10207,429.0
3,10223,429.0
3,10225,429.0
3,10251,431.0
3,10267,431.0
3,10281,431.0
3,10297,431.0
3,10313,431.0
3,10339,431.0
3,10367,431.0
3,10395,431.0
3,10423,431.0
3,10425,431.0
3,10439,431.0
3,10467,431.0
3,10495,431.0
3,10525,431.0
3,10527,431.0
3,10541,431.0
3,10557,431.0
3,10587,431.0
3,10615,431.0
3,10629,431.0
3,10645,431.0
3,10673,431.0
3,10687,431.0
3,10713,431.0
3,10729,431.0
3,10743,431.0
3,10773,431.0
3,10805,431.0
3,10821,431.0
3,10849,431.0
3,10865,431.0
3,10891,431.0
3,10907,431.0
3,10935,431.0
3,10961,431.0
3,10987,431.0
3,11013,431.0
3,11027,431.0
3,11041,431.0
3,11069,431.0
3,11099,431.0
3,11115,431.0
3,11131,431.0
3,11147,431.0
3,11173,431.0
3,11187,431.0
3,11217,431.0
3,11245,431.0
3,11273,431.0
3,11287,431.0
3,11303,431.0
3,11305,431.0
3,11335,431.0
3,11349,431.0
3,11363,431.0
3,11395,431.0
3,11427,431.0
3,11453,431.0
3,11455,431.0
3,11485,431.0
3,11517,431.0
3,11545,431.0
3,11561,431.0
3,11575,431.0
3,11605,431.0
3,11635,431.0
3,11651,431.0
3,11667,431.0
3,11681,431.0
3,11709,431.0
3,11723,431.0
3,11737,431.0
3,11765,431.0
3,11795,431.0
3,11797,431.0
3,11827,431.0
3,11853,431.0
3,11881,431.0
3,11897,431.0
3,11911,431.0
3,11941,431.0
3,11969,431.0
3,11997,431.0
3,11999,431.0
3,12013,431.0
3,12045,431.0
3,12071,431.0
3,12103,431.0
3,12133,431.0
3,12147,431.0
3,12161,431.0
3,12175,431.0
3,12177,431.0
3,12191,431.0
3,12217,431.0
3,12245,431.0
3,12259,431.0
3,12281,431.0
3,12315,431.0
3,12329,431.0
3,12347,431.0
3,12375,431.0
3,12377,431.0
3,12391,431.0
3,12407,431.0
3,12421,431.0
3,12423,431.0
3,12441,431.0
3,12455,431.0
3,12475,431.0
3,12489,431.0
3,12505,431.0
3,12507,431.0
3,12521,431.0
3,12553,431.0
3,12569,431.0
3,12583,431.0
3,12609,431.0
3,12623,431.0
3,12625,431.0
3,12643,431.0
3,12671,431.0
3,12673,431.0
3,12689,431.0
3,12691,431.0
3,12693,431.0
3,12707,431.0
3,12737,431.0
3,12751,431.0
3,12767,431.0
3,12795,431.0
3,12823,431.0
3,12851,431.0
3,12867,431.0
3,12897,431.0
3,12923,431.0
3,12951,431.0
3,12965,431.0
3,12979,431.0
3,13005,431.0
3,13007,431.0
3,13035,431.0
3,13061,431.0
3,13063,431.0
3,13077,431.0
3,13091,431.0
3,13109,431.0
3,13111,431.0
3,13139,431.0
3,13155,431.0
3,13183,431.0
3,13213,431.0
3,13229,431.0
3,13245,431.0
3,13259,431.0
3,13287,431.0
3,13313,431.0
3,13329,431.0
3,13343,431.0
3,13357,431.0
3,13385,431.0
3,13399,431.0
3,13429,431.0
3,13457,431.0
3,13471,431.0
3,13485,431.0
3,13501,431.0
3,13527,431.0
3,13541,431.0
3,13567,431.0
3,13599,431.0
3,13613,431.0
3,13615,431.0
3,13643,431.0
3,13657,431.0
3,13671,431.0
3,13697,431.0
3,13725,431.0
3,13747,431.0
3,13761,431.0
3,13777,431.0
3,13805,431.0
3,13807,431.0
3,13809,431.0
3,13825,431.0
3,13841,431.0
3,13857,431.0
3,13887,431.0
3,13915,431.0
3,13929,431.0
3,13947,431.0
3,13973,431.0
3,13987,431.0
3,14015,431.0
3,14041,431.0
3,14073,431.0
3,14105,431.0
3,14107,431.0
3,14123,431.0
3,14151,431.0
3,14167,431.0
3,14199,431.0
3,14213,431.0
3,14243,431.0
3,14269,431.0
3,14305,431.0
3,14333,431.0
3,14347,431.0
3,14375,431.0
3,14405,431.0
3,14419,431.0
3,14447,431.0
3,14473,431.0
4,4432,286.0
4,4446,286.0
4,4460,311.0
4,4913,327.0
4,4939,327.0
4,4965,327.0
4,4979,327.0
4,4981,327.0
4,4995,327.0
4,5009,327.0
4,5011,327.0
4,5037,327.0
4,5067,327.0
4,5081,332.0
4,5095,332.0
4,5109,341.0
4,5135,359.0
4,5151,366.0
4,5165,366.0
4,5181,366.0
4,5183,366.0
4,5197,366.0
4,5213,366.0
4,5243,366.0
4,5245,366.0
4,5263,366.0
4,5279,366.0
4,5281,371.0
4,5295,371.0
4,5313,371.0
4,5327,371.0
4,5341,374.0
4,5367,383.0
4,5393,383.0
4,5407,383.0
4,5423,383.0
4,5449,383.0
4,5465,383.0
4,5481,383.0
4,5499,383.0
4,5517,383.0
4,5543,401.0
4,5571,401.0
4,5597,401.0
4,5629,401.0
4,5659,401.0
4,5673,401.0
4,5687,401.0
4,5713,401.0
4,5741,401.0
4,5769,401.0
4,5785,401.0
4,5801,401.0
4,5831,401.0
4,5833,401.0
4,5851,401.0
4,5867,401.0
4,5869,401.0
4,5871,401.0
4,5891,401.0
4,5917,401.0
4,5931,401.0
4,5933,401.0
4,5959,401.0
4,5961,401.0
4,5987,402.0
4,6001,402.0
4,6029,402.0
4,6055,402.0
4,6069,402.0
4,6087,402.0
4,6105,402.0
4,6131,402.0
4,6161,402.0
4,6177,402.0
4,6205,407.0
4,6223,407.0
4,6237,407.0
4,6239,407.0
4,6253,407.0
4,6269,407.0
4,6295,407.0
4,6323,410.0
4,6359,410.0
4,6373,410.0
4,6403,410.0
4,6405,410.0
4,6407,410.0
4,6435,410.0
4,6463,415.0
4,6493,415.0
4,6495,415.0
4,6523,415.0
4,6541,415.0
4,6557,415.0
4,6571,415.0
4,6585,415.0
4,6613,415.0
4,6631,415.0
4,6665,415.0
4,6695,415.0
4,6709,415.0
4,6723,415.0
4,6725,415.0
4,6727,415.0
4,6743,415.0
4,6773,415.0
4,6799,415.0
4,6827,415.0
4,6841,415.0
4,6855,415.0
4,6857,415.0
4,6885,415.0
4,6913,415.0
4,6927,415.0
4,6941,415.0
4,6955,415.0
4,6971,415.0
4,6973,415.0
4,6999,415.0
4,7015,415.0
4,7049,415.0
4,7075,415.0
4,7077,415.0
4,7107,415.0
4,7135,415.0
4,7137,415.0
4,7139,415.0
4,7141,415.0
4,7155,415.0
4,7185,415.0
4,7211,415.0
4,7227,415.0
4,7243,415.0
4,7259,415.0
4,7275,415.0
4,7289,415.0
4,7305,415.0
4,7337,415.0
4,7353,415.0
4,7385,415.0
4,7417,415.0
4,7443,421.0
4,7479,421.0
4,7481,421.0
4,7483,421.0
4,7497,421.0
4,7523,421.0
4,7537,421.0
4,7539,421.0
4,7571,421.0
4,7587,421.0
4,7601,421.0
4,7615,421.0
4,7629,421.0
4,7643,422.0
4,7645,422.0
4,7659,422.0
4,7685,422.0
4,7713,422.0
4,7727,422.0
4,7743,422.0
4,7745,422.0
4,7761,422.0
4,7777,422.0
4,7791,422.0
4,7809,422.0
4,7835,422.0
4,7855,422.0
4,7869,423.0
4,7871,423.0
4,7887,423.0
4,7917,423.0
4,7931,423.0
4,7959,423.0
4,7975,423.0
4,7977,423.0
4,8003,423.0
4,8029,423.0
4,8043,423.0
4,8045,423.0
4,8059,423.0
4,8073,423.0
4,8103,423.0
4,8117,423.0
4,8131,423.0
4,8133,423.0
4,8147,423.0
4,8149,423.0
4,8151,423.0
4,8153,423.0
4,8181,423.0
4,8197,423.0
4,8225,423.0
4,8255,423.0
4,8271,423.0
4,8305,423.0
4,8321,423.0
4,8323,423.0
4,8337,423.0
4,8363,423.0
4,8389,423.0
4,8391,423.0
4,8417,424.0
4,8433,424.0
4,8461,424.0
4,8495,424.0
4,8509,424.0
4,8511,424.0
4,8525,424.0
4,8539,424.0
4,8553,424.0
4,8555,424.0
4,8583,424.0
4,8609,425.0
4,8625,425.0
4,8641,425.0
4,8673,425.0
4,8709,425.0
4,8739,425.0
4,8753,425.0
4,8767,425.0
4,8781,425.0
4,8795,425.0
4,8821,425.0
4,8849,425.0
4,8875,425.0
4,8901,425.0
4,8903,425.0
4,8917,425.0
4,8949,425.0
4,8965,425.0
4,8981,425.0
4,8983,425.0
4,8997,425.0
4,9017,425.0
4,9043,425.0
4,9069,425.0
4,9083,425.0
4,9097,425.0
4,9113,425.0
4,9115,425.0
4,9145,425.0
4,9171,425.0
4,9173,425.0
4,9187,425.0
4,9215,425.0
4,9229,425.0
4,9231,425.0
4,9245,425.0
4,9263,425.0
4,9289,425.0
4,9303,425.0
4,9337,425.0
4,9339,425.0
4,9367,425.0
4,9397,425.0
4,9399,425.0
4,9415,425.0
4,9447,425.0
4,9449,425.0
4,9463,425.0
4,9493,425.0
4,9507,427.0
4,9535,427.0
4,9551,427.0
4,9579,427.0
4,9581,427.0
4,9599,427.0
4,9625,427.0
4,9639,427.0
4,9641,427.0
4,9673,427.0
4,9701,427.0
4,9715,427.0
4,9731,427.0
4,9759,427.0
4,9787,427.0
4,9801,427.0
4,9815,427.0
4,9841,427.0
4,9855,427.0
4,9881,427.0
4,9909,427.0
4,9911,427.0
4,9925,427.0
4,9955,427.0
4,9969,427.0
4,9995,428.0
4,10009,428.0
4,10035,428.0
4,10067,428.0
4,10097,428.0
4,10113,428.0
4,10141,428.0
4,10155,428.0
4,10181,428.0
4,10195,428.0
4,10223,428.0
4,10239,428.0
4,10253,428.0
4,10279,431.0
4,10295,431.0
4,10311,431.0
4,10339,431.0
4,10355,431.0
4,10383,431.0
4,10399,431.0
4,10401,431.0
4,10403,431.0
4,10429,431.0
4,10455,431.0
4,10483,431.0
4,10497,431.0
4,10523,431.0
4,10525,431.0
4,10539,432.0
4,10567,432.0
4,10595,432.0
4,10623,432.0
4,10637,432.0
4,10667,432.0
4,10683,432.0
4,10699,432.0
4,10713,432.0
4,10715,432.0
4,10729,432.0
4,10743,432.0
4,10757,432.0
4,10759,432.0
4,10775,432.0
4,10789,432.0
4,10815,432.0
4,10829,432.0
4,10847,432.0
4,10861,432.0
4,10887,432.0
4,10903,432.0
4,10931,432.0
4,10945,432.0
4,10975,432.0
4,11001,432.0
4,11015,432.0
4,11029,432.0
4,11057,432.0
4,11071,432.0
4,11097,432.0
4,11111,432.0
4,11125,433.0
4,11145,433.0
4,11175,433.0
4,11189,433.0
4,11191,433.0
4,11219,433.0
4,11233,433.0
4,11247,433.0
4,11265,433.0
4,11267,433.0
4,11269,433.0
4,11295,433.0
4,11297,433.0
4,11325,433.0
4,11341,433.0
4,11357,433.0
4,11359,433.0
4,11373,433.0
4,11389,433.0
4,11417,433.0
4,11443,433.0
4,11457,433.0
4,11459,433.0
4,11485,433.0
4,11487,433.0
4,11517,433.0
4,11531,433.0
4,11561,433.0
4,11581,433.0
4,11611,433.0
4,11639,433.0
4,11669,433.0
4,11685,433.0
4,11701,433.0
4,11729,433.0
4,11745,433.0
4,11775,433.0
4,11805,433.0
4,11833,433.0
4,11863,433.0
4,11889,433.0
4,11903,433.0
4,11919,433.0
4,11949,433.0
4,11963,433.0
4,11989,433.0
4,11991,433.0
4,12005,433.0
4,12027,433.0
4,12045,433.0
4,12075,433.0
4,12103,435.0
4,12117,435.0
4,12119,435.0
4,12133,435.0
4,12159,435.0
4,12189,435.0
4,12205,435.0
4,12219,435.0
4,12233,435.0
4,12235,435.0
4,12249,435.0
4,12281,435.0
4,12283,435.0
4,12285,435.0
4,12313,435.0
4,12327,435.0
4,12341,435.0
4,12355,435.0
4,12369,435.0
4,12397,435.0
4,12425,435.0
4,12439,435.0
4,12469,435.0
4,12499,435.0
4,12527,435.0
4,12541,435.0
4,12543,435.0
4,12557,435.0
4,12587,435.0
4,12615,435.0
4,12629,435.0
4,12657,435.0
4,12659,435.0
4,12661,435.0
4,12675,435.0
4,12689,435.0
4,12719,435.0
4,12733,435.0
4,12735,435.0
4,12763,435.0
4,12779,435.0
4,12793,435.0
4,12821,435.0
4,12853,435.0
4,12867,435.0
4,12883,435.0
4,12909,435.0
4,12923,435.0
4,12939,435.0
4,12941,435.0
4,12955,435.0
4,12957,435.0
4,12983,435.0
4,12985,435.0
4,13015,435.0
4,13031,435.0
4,13033,435.0
4,13035,435.0
4,13037,435.0
4,13053,435.0
4,13067,435.0
4,13069,435.0
4,13095,435.0
4,13109,435.0
4,13147,435.0
4,13167,435.0
4,13169,435.0
4,13183,435.0
4,13199,435.0
4,13227,435.0
4,13243,435.0
4,13257,435.0
4,13287,435.0
4,13301,435.0
4,13315,436.0
4,13345,436.0
4,13373,436.0
4,13387,436.0
4,13401,436.0
4,13431,436.0
4,13445,436.0
4,13477,436.0
4,13491,436.0
4,13509,436.0
4,13523,436.0
4,13537,436.0
4,13565,436.0
4,13579,436.0
4,13595,436.0
4,13613,436.0
4,13627,436.0
4,13657,436.0
4,13659,436.0
4,13673,436.0
4,13687,436.0
4,13701,436.0
4,13703,436.0
4,13705,436.0
4,13719,436.0
4,13721,436.0
4,13737,436.0
4,13751,436.0
4,13767,436.0
4,13769,436.0
4,13783,436.0
4,13809,436.0
4,13825,436.0
4,13839,436.0
4,13867,436.0
4,13883,436.0
4,13897,436.0
4,13899,436.0
4,13915,436.0
4,13929,436.0
4,13947,436.0
4,13973,436.0
4,13987,436.0
4,14013,436.0
4,14015,436.0
4,14029,436.0
4,14031,436.0
4,14051,436.0
4,14065,436.0
4,14091,436.0
4,14119,436.0
4,14133,436.0
4,14147,436.0
4,14177,436.0
4,14207,436.0
4,14241,436.0
4,14261,436.0
4,14275,436.0
4,14289,436.0
4,14291,436.0
4,14307,436.0
4,14339,436.0
4,14365,436.0
4,14381,436.0
4,14395,436.0
4,14423,436.0
4,14449,436.0
5,4458,301.0
5,4460,301.0
5,4478,301.0
5,4494,301.0
5,4905,301.0
5,4919,301.0
5,4921,301.0
5,4951,303.0
5,4953,303.0
5,4969,303.0
5,4997,344.0
5,5023,367.0
5,5051,367.0
5,5077,367.0
5,5091,367.0
5,5109,367.0
5,5139,372.0
5,5155,372.0
5,5173,372.0
5,5187,372.0
5,5213,387.0
5,5245,387.0
5,5247,387.0
5,5273,387.0
5,5275,387.0
5,5291,387.0
5,5293,387.0
5,5323,387.0
5,5337,387.0
5,5339,387.0
5,5355,387.0
5,5369,387.0
5,5385,387.0
5,5399,387.0
5,5401,387.0
5,5429,387.0
5,5445,387.0
5,5471,387.0
5,5501,398.0
5,5531,398.0
5,5557,398.0
5,5583,398.0
5,5611,398.0
5,5627,398.0
5,5645,398.0
5,5673,408.0
5,5675,408.0
5,5707,408.0
5,5723,408.0
5,5753,408.0
5,5755,408.0
5,5771,408.0
5,5787,408.0
5,5803,408.0
5,5831,408.0
5,5847,408.0
5,5861,408.0
5,5877,408.0
5,5907,408.0
5,5937,408.0
5,5971,408.0
5,5997,408.0
5,6025,408.0
5,6053,408.0
5,6055,408.0
5,6071,408.0
5,6085,408.0
5,6117,408.0
5,6143,409.0
5,6157,409.0
5,6185,409.0
5,6187,409.0
5,6213,409.0
5,6215,409.0
5,6229,409.0
5,6243,409.0
5,6271,409.0
5,6285,409.0
5,6303,409.0
5,6335,409.0
5,6337,409.0
5,6339,409.0
5,6355,409.0
5,6385,409.0
5,6401,409.0
5,6429,409.0
5,6457,409.0
5,6489,409.0
5,6515,409.0
5,6529,409.0
5,6545,409.0
5,6547,409.0
5,6563,409.0
5,6579,409.0
5,6595,409.0
5,6609,409.0
5,6635,409.0
5,6649,409.0
5,6663,409.0
5,6679,409.0
5,6693,409.0
5,6707,411.0
5,6721,411.0
5,6735,411.0
5,6749,411.0
5,6783,411.0
5,6799,411.0
5,6827,411.0
5,6841,411.0
5,6843,411.0
5,6879,411.0
5,6895,411.0
5,6897,411.0
5,6913,411.0
5,6943,411.0
5,6959,411.0
5,6985,411.0
5,6999,411.0
5,7025,411.0
5,7027,411.0
5,7059,411.0
5,7085,411.0
5,7111,411.0
5,7141,411.0
5,7157,411.0
5,7159,411.0
5,7161,411.0
5,7175,411.0
5,7189,411.0
5,7203,411.0
5,7235,411.0
5,7261,412.0
5,7295,412.0
5,7309,415.0
5,7339,415.0
5,7367,415.0
5,7383,415.0
5,7411,415.0
5,7439,415.0
5,7467,415.0
5,7501,415.0
5,7527,415.0
5,7557,415.0
5,7573,415.0
5,7589,415.0
5,7591,415.0
5,7593,415.0
5,7613,415.0
5,7641,415.0
5,7643,415.0
5,7659,415.0
5,7673,415.0
5,7687,415.0
5,7713,419.0
5,7741,419.0
5,7743,419.0
5,7771,419.0
5,7797,419.0
5,7825,419.0
5,7843,419.0
5,7857,419.0
5,7871,419.0
5,7885,419.0
5,7901,419.0
5,7915,419.0
5,7941,419.0
5,7943,419.0
5,7957,419.0
5,7959,419.0
5,7973,419.0
5,7989,419.0
5,8019,419.0
5,8021,419.0
5,8035,419.0
5,8037,419.0
5,8069,419.0
5,8085,419.0
5,8101,419.0
5,8127,419.0
5,8141,419.0
5,8171,419.0
5,8197,419.0
5,8227,419.0
5,8253,419.0
5,8269,419.0
5,8295,419.0
5,8327,419.0
5,8341,419.0
5,8357,419.0
5,8373,419.0
5,8375,419.0
5,8389,419.0
5,8405,419.0
5,8431,419.0
5,8445,419.0
5,8459,419.0
5,8485,419.0
5,8509,419.0
5,8541,419.0
5,8555,419.0
5,8575,419.0
5,8589,419.0
5,8617,419.0
5,8619,419.0
5,8633,419.0
5,8665,419.0
5,8691,419.0
5,8705,419.0
5,8719,419.0
5,8751,419.0
5,8765,419.0
5,8795,419.0
5,8821,422.0
5,8847,422.0
5,8849,422.0
5,8875,422.0
5,8901,422.0
5,8937,422.0
5,8951,422.0
5,8981,422.0
5,8995,422.0
5,8997,422.0
5,9011,422.0
5,9031,422.0
5,9057,422.0
5,9085,422.0
5,9115,422.0
5,9143,422.0
5,9145,422.0
5,9147,422.0
5,9177,422.0
5,9207,422.0
5,9237,422.0
5,9263,422.0
5,9281,422.0
5,9283,422.0
5,9315,422.0
5,9329,422.0
5,9343,422.0
5,9359,422.0
5,9387,422.0
5,9405,422.0
5,9407,422.0
5,9437,422.0
5,9439,422.0
5,9465,422.0
5,9493,422.0
5,9495,422.0
5,9523,422.0
5,9525,422.0
5,9539,422.0
5,9571,422.0
5,9605,422.0
5,9619,422.0
5,9633,422.0
5,9661,422.0
5,9675,422.0
5,9701,422.0
5,9729,422.0
5,9731,422.0
5,9733,422.0
5,9747,422.0
5,9763,422.0
5,9777,422.0
5,9797,422.0
5,9813,422.0
5,9815,422.0
5,9829,422.0
5,9857,422.0
5,9871,422.0
5,9897,422.0
5,9899,422.0
5,9913,422.0
5,9941,422.0
5,9967,422.0
5,9993,422.0
5,10019,422.0
5,10045,425.0
5,10061,425.0
5,10075,425.0
5,10089,425.0
5,10103,425.0
5,10117,425.0
5,10135,425.0
5,10163,425.0
5,10165,425.0
5,10191,425.0
5,10207,425.0
5,10221,425.0
5,10223,425.0
5,10239,425.0
5,10255,425.0
5,10285,425.0
5,10311,425.0
5,10325,425.0
5,10327,425.0
5,10357,425.0
5,10375,425.0
5,10389,425.0
5,10417,425.0
5,10445,425.0
5,10459,425.0
5,10487,425.0
5,10503,425.0
5,10517,425.0
5,10543,425.0
5,10557,425.0
5,10573,425.0
5,10589,425.0
5,10619,425.0
5,10633,425.0
5,10659,425.0
5,10689,425.0
5,10717,425.0
5,10731,425.0
5,10757,425.0
5,10771,425.0
5,10801,425.0
5,10827,425.0
5,10829,425.0
5,10831,425.0
5,10857,425.0
5,10873,425.0
5,10889,425.0
5,10905,425.0
5,10931,425.0
5,10933,425.0
5,10935,425.0
5,10949,425.0
5,10963,425.0
5,10977,425.0
5,11003,425.0
5,11005,425.0
5,11031,425.0
5,11045,425.0
5,11047,425.0
5,11061,425.0
5,11075,425.0
5,11077,425.0
5,11091,425.0
5,11105,425.0
5,11125,425.0
5,11139,425.0
5,11141,425.0
5,11167,425.0
5,11195,425.0
5,11209,425.0
5,11243,425.0
5,11259,425.0
5,11279,425.0
5,11305,426.0
5,11323,426.0
5,11337,426.0
5,11353,426.0
5,11369,426.0
5,11401,426.0
5,11415,426.0
5,11447,426.0
5,11461,426.0
5,11475,426.0
5,11493,426.0
5,11523,426.0
5,11537,426.0
5,11567,426.0
5,11581,426.0
5,11607,426.0
5,11635,426.0
5,11653,426.0
5,11681,426.0
5,11695,426.0
5,11709,426.0
5,11727,426.0
5,11747,426.0
5,11777,426.0
5,11791,426.0
5,11793,426.0
5,11807,426.0
5,11835,426.0
5,11853,426.0
5,11855,426.0
5,11857,426.0
5,11889,426.0
5,11903,426.0
5,11933,426.0
5,11947,426.0
5,11975,426.0
5,11991,426.0
5,11993,426.0
5,12011,426.0
5,12025,426.0
5,12051,426.0
5,12065,426.0
5,12081,426.0
5,12099,426.0
5,12125,426.0
5,12155,426.0
5,12169,426.0
5,12183,426.0
5,12185,426.0
5,12199,426.0
5,12231,426.0
5,12261,426.0
5,12277,426.0
5,12305,426.0
5,12333,426.0
5,12359,426.0
5,12361,426.0
5,12395,426.0
5,12425,426.0
5,12453,426.0
5,12481,426.0
5,12507,426.0
5,12533,428.0
5,12549,428.0
5,12565,428.0
5,12591,428.0
5,12617,428.0
5,12633,428.0
5,12649,428.0
5,12683,428.0
5,12685,428.0
5,12699,428.0
5,12731,428.0
5,12745,428.0
5,12759,428.0
5,12773,428.0
5,12787,431.0
5,12815,431.0
5,12849,431.0
5,12851,431.0
5,12869,431.0
5,12883,431.0
5,12897,431.0
5,12911,431.0
5,12925,431.0
5,12941,431.0
5,12969,431.0
5,12997,431.0
5,13011,431.0
5,13045,431.0
5,13047,431.0
5,13049,431.0
5,13075,431.0
5,13107,431.0
5,13135,431.0
5,13163,431.0
5,13193,431.0
5,13207,431.0
5,13233,431.0
5,13249,431.0
5,13275,431.0
5,13303,431.0
5,13331,431.0
5,13333,431.0
5,13347,431.0
5,13363,431.0
5,13389,431.0
5,13405,431.0
5,13407,431.0
5,13433,431.0
5,13459,431.0
5,13473,431.0
5,13487,431.0
5,13501,431.0
5,13503,431.0
5,13529,431.0
5,13557,431.0
5,13573,431.0
5,13587,431.0
5,13615,431.0
5,13643,431.0
5,13645,431.0
5,13659,431.0
5,13687,431.0
5,13713,431.0
5,13727,431.0
5,13747,431.0
5,13773,431.0
5,13801,431.0
5,13815,431.0
5,13817,431.0
5,13819,431.0
5,13849,431.0
5,13877,431.0
5,13891,431.0
5,13917,431.0
5,13947,431.0
5,13961,433.0
5,13993,433.0
5,13995,433.0
5,14023,433.0
5,14051,433.0
5,14077,433.0
5,14079,433.0
5,14105,433.0
5,14107,433.0
5,14121,433.0
5,14151,433.0
5,14171,433.0
5,14185,433.0
5,14199,433.0
5,14213,433.0
5,14229,433.0
5,14231,433.0
5,14233,433.0
5,14259,433.0
5,14289,433.0
5,14315,433.0
5,14345,433.0
5,14359,433.0
5,14375,433.0
5,14401,433.0
5,14427,433.0
5,14457,433.0
6,4424,291.0
6,4438,300.0
6,4440,300.0
6,4474,300.0
6,4488,317.0
6,4514,322.0
6,4516,322.0
6,4530,322.0
6,4548,322.0
6,4576,322.0
6,4578,322.0
6,4592,331.0
6,4620,331.0
6,4646,331.0
6,5093,331.0
6,5119,344.0
6,5121,344.0
6,5135,344.0
6,5153,344.0
6,5167,351.0
6,5193,351.0
6,5207,351.0
6,5209,351.0
6,5223,351.0
6,5239,351.0
6,5253,351.0
6,5269,351.0
6,5297,364.0
6,5323,364.0
6,5351,364.0
6,5377,371.0
6,5391,371.0
6,5419,371.0
6,5433,371.0
6,5461,371.0
6,5463,371.0
6,5477,373.0
6,5479,373.0
6,5495,373.0
6,5525,373.0
6,5539,373.0
6,5553,373.0
6,5571,373.0
6,5597,373.0
6,5623,373.0
6,5651,380.0
6,5679,380.0
6,5709,380.0
6,5725,380.0
6,5739,393.0
6,5769,393.0
6,5785,393.0
6,5799,393.0
6,5813,393.0
6,5847,393.0
6,5875,400.0
6,5877,400.0
6,5893,400.0
6,5895,400.0
6,5921,400.0
6,5935,400.0
6,5951,400.0
6,5977,400.0
6,6005,400.0
6,6021,400.0
6,6035,405.0
6,6049,405.0
6,6063,405.0
6,6091,405.0
6,6119,405.0
6,6133,405.0
6,6135,405.0
6,6137,405.0
6,6139,405.0
6,6141,405.0
6,6171,405.0
6,6203,405.0
6,6219,405.0
6,6233,405.0
6,6249,405.0
6,6275,405.0
6,6291,405.0
6,6317,405.0
6,6333,405.0
6,6363,405.0
6,6379,405.0
6,6411,405.0
6,6429,405.0
6,6443,405.0
6,6469,405.0
6,6483,409.0
6,6485,409.0
6,6501,409.0
6,6515,409.0
6,6531,409.0
6,6547,409.0
6,6561,409.0
6,6575,409.0
6,6591,409.0
6,6605,409.0
6,6633,409.0
6,6663,409.0
6,6665,409.0
6,6679,409.0
6,6681,409.0
6,6695,409.0
6,6725,409.0
6,6739,410.0
6,6753,410.0
6,6755,410.0
6,6769,410.0
6,6785,410.0
6,6813,410.0
6,6815,410.0
6,6829,410.0
6,6857,410.0
6,6871,410.0
6,6885,410.0
6,6911,410.0
6,6925,410.0
6,6939,410.0
6,6955,410.0
6,6969,414.0
6,6983,414.0
6,7009,414.0
6,7027,414.0
6,7041,414.0
6,7069,414.0
6,7083,414.0
6,7109,414.0
6,7111,414.0
6,7141,414.0
6,7155,414.0
6,7181,414.0
6,7183,414.0
6,7209,414.0
6,7243,414.0
6,7257,414.0
6,7271,414.0
6,7285,414.0
6,7287,414.0
6,7315,414.0
6,7329,414.0
6,7355,414.0
6,7381,414.0
6,7407,414.0
6,7435,414.0
6,7463,415.0
6,7479,415.0
6,7495,415.0
6,7511,415.0
6,7525,415.0
6,7553,415.0
6,7569,415.0
6,7587,415.0
6,7615,415.0
6,7641,415.0
6,7667,416.0
6,7697,417.0
6,7713,417.0
6,7737,417.0
6,7763,420.0
6,7765,420.0
6,7791,420.0
6,7821,420.0
6,7849,420.0
6,7877,420.0
6,7891,420.0
6,7917,420.0
6,7935,420.0
6,7961,420.0
6,7991,420.0
6,8023,420.0
6,8049,420.0
6,8065,420.0
6,8093,420.0
6,8109,420.0
6,8129,420.0
6,8131,420.0
6,8145,420.0
6,8165,420.0
6,8179,420.0
6,8193,420.0
6,8221,420.0
6,8249,420.0
6,8275,420.0
6,8293,420.0
6,8307,420.0
6,8325,420.0
6,8355,420.0
6,8371,420.0
6,8385,420.0
6,8387,420.0
6,8401,420.0
6,8427,421.0
6,8441,421.0
6,8471,421.0
6,8499,422.0
6,8517,422.0
6,8533,422.0
6,8547,422.0
6,8549,422.0
6,8577,422.0
6,8593,422.0
6,8621,422.0
6,8641,422.0
6,8655,422.0
6,8673,422.0
6,8675,422.0
6,8677,422.0
6,8693,422.0
6,8695,422.0
6,8697,422.0
6,8725,422.0
6,8753,422.0
6,8781,422.0
6,8815,422.0
6,8843,422.0
6,8871,422.0
6,8901,422.0
6,8929,422.0
6,8931,422.0
6,8933,422.0
6,8947,423.0
6,8963,423.0
6,8977,423.0
6,8993,423.0
6,9007,423.0
6,9009,423.0
6,9011,423.0
6,9029,423.0
6,9051,423.0
6,9079,423.0
6,9081,423.0
6,9095,423.0
6,9123,423.0
6,9151,424.0
6,9177,424.0
6,9203,424.0
6,9237,424.0
6,9251,424.0
6,9277,424.0
6,9307,424.0
6,9333,424.0
6,9347,424.0
6,9361,424.0
6,9375,424.0
6,9395,424.0
6,9411,424.0
6,9437,425.0
6,9463,425.0
6,9477,425.0
6,9491,425.0
6,9521,425.0
6,9523,425.0
6,9537,425.0
6,9551,425.0
6,9577,425.0
6,9607,425.0
6,9609,425.0
6,9637,425.0
6,9653,425.0
6,9673,425.0
6,9687,425.0
6,9703,425.0
6,9719,425.0
6,9737,425.0
6,9739,425.0
6,9753,425.0
6,9779,425.0
6,9805,427.0
6,9833,427.0
6,9835,427.0
6,9837,427.0
6,9865,427.0
6,9881,427.0
6,9907,427.0
6,9935,427.0
6,9937,427.0
6,9951,427.0
6,9965,427.0
6,9967,427.0
6,9981,427.0
6,9983,427.0
6,10009,427.0
6,10023,427.0
6,10041,427.0
6,10055,427.0
6,10085,427.0
6,10101,427.0
6,10103,427.0
6,10131,427.0
6,10157,427.0
6,10159,427.0
6,10189,427.0
6,10215,427.0
6,10243,427.0
6,10277,427.0
6,10291,427.0
6,10307,427.0
6,10333,427.0
6,10363,427.0
6,10391,427.0
6,10393,427.0
6,10407,427.0
6,10409,427.0
6,10435,427.0
6,10467,427.0
6,10493,427.0
6,10509,427.0
6,10511,427.0
6,10525,427.0
6,10527,427.0
6,10543,427.0
6,10571,427.0
6,10585,427.0
6,10611,427.0
6,10639,427.0
6,10653,427.0
6,10687,427.0
6,10701,427.0
6,10703,427.0
6,10719,427.0
6,10745,427.0
6,10759,427.0
6,10773,427.0
6,10787,427.0
6,10801,427.0
6,10815,427.0
6,10817,427.0
6,10833,427.0
6,10861,428.0
6,10875,428.0
6,10903,428.0
6,10917,428.0
6,10947,428.0
6,10949,428.0
6,10951,428.0
6,10979,428.0
6,11011,428.0
6,11013,428.0
6,11043,428.0
6,11059,428.0
6,11061,428.0
6,11091,428.0
6,11117,428.0
6,11133,428.0
6,11167,428.0
6,11203,428.0
6,11217,428.0
6,11243,428.0
6,11271,428.0
6,11285,428.0
6,11313,428.0
6,11315,428.0
6,11331,428.0
6,11357,428.0
6,11387,428.0
6,11415,428.0
6,11417,428.0
6,11433,428.0
6,11447,428.0
6,11475,428.0
6,11477,428.0
6,11479,428.0
6,11495,428.0
6,11511,428.0
6,11527,428.0
6,11541,428.0
6,11543,428.0
6,11557,428.0
6,11571,428.0
6,11593,428.0
6,11619,428.0
6,11633,428.0
6,11651,428.0
6,11679,428.0
6,11681,428.0
6,11697,428.0
6,11727,428.0
6,11741,428.0
6,11757,428.0
6,11787,428.0
6,11805,428.0
6,11831,428.0
6,11847,428.0
6,11873,430.0
6,11907,430.0
6,11921,430.0
6,11935,430.0
6,11937,430.0
6,11951,430.0
6,11967,430.0
6,11993,430.0
6,12009,430.0
6,12011,430.0
6,12025,430.0
6,12039,430.0
6,12067,430.0
6,12083,430.0
6,12097,430.0
6,12111,430.0
6,12143,430.0
6,12145,430.0
6,12159,430.0
6,12161,430.0
6,12175,430.0
6,12203,430.0
6,12229,430.0
6,12243,430.0
6,12269,430.0
6,12295,430.0
6,12323,430.0
6,12339,430.0
6,12353,430.0
6,12367,430.0
6,12383,430.0
6,12411,430.0
6,12441,430.0
6,12455,430.0
6,12481,430.0
6,12509,430.0
6,12525,430.0
6,12541,430.0
6,12567,430.0
6,12599,430.0
6,12627,430.0
6,12645,430.0
6,12659,430.0
6,12661,430.0
6,12689,430.0
6,12717,430.0
6,12719,430.0
6,12735,430.0
6,12761,430.0
6,12763,430.0
6,12793,430.0
6,12795,430.0
6,12811,430.0
6,12837,430.0
6,12863,430.0
6,12893,430.0
6,12911,430.0
6,12927,430.0
6,12957,430.0
6,12973,430.0
6,12999,430.0
6,13027,430.0
6,13041,430.0
6,13055,430.0
6,13083,430.0
6,13099,430.0
6,13115,430.0
6,13141,430.0
6,13155,430.0
6,13175,430.0
6,13177,430.0
6,13205,430.0
6,13219,430.0
6,13233,430.0
6,13235,430.0
6,13249,430.0
6,13267,430.0
6,13281,430.0
6,13297,430.0
6,13325,430.0
6,13339,430.0
6,13367,430.0
6,13395,430.0
6,13409,430.0
6,13435,430.0
6,13451,430.0
6,13483,430.0
6,13513,430.0
6,13527,430.0
6,13541,430.0
6,13557,430.0
6,13575,430.0
6,13593,430.0
6,13621,430.0
6,13637,430.0
6,13651,430.0
6,13679,430.0
6,13695,430.0
6,13723,430.0
6,13739,430.0
6,13753,430.0
6,13769,430.0
6,13797,430.0
6,13811,430.0
6,13825,430.0
6,13851,430.0
6,13867,430.0
6,13869,430.0
6,13897,430.0
6,13899,430.0
6,13931,430.0
6,13961,430.0
6,13991,430.0
6,14007,430.0
6,14021,430.0
6,14051,430.0
6,14053,430.0
6,14067,430.0
6,14095,430.0
6,14121,430.0
6,14135,430.0
6,14161,430.0
6,14189,430.0
6,14203,430.0
6,14219,430.0
6,14235,430.0
6,14263,430.0
6,14289,430.0
6,14305,430.0
6,14337,430.0
6,14371,430.0
6,14385,430.0
6,14403,430.0
6,14405,430.0
6,14421,430.0
6,14435,431.0
7,4604,293.0
7,4606,293.0
7,4620,293.0
7,4648,293.0
7,4664,293.0
7,5105,293.0
7,5133,297.0
7,5135,297.0
7,5137,297.0
7,5151,318.0
7,5181,318.0
7,5195,318.0
7,5209,318.0
7,5223,318.0
7,5237,344.0
7,5265,344.0
7,5291,344.0
7,5319,344.0
7,5321,344.0
7,5349,344.0
7,5363,344.0
7,5391,344.0
7,5407,344.0
7,5423,344.0
7,5437,344.0
7,5451,354.0
7,5481,354.0
7,5483,354.0
7,5511,354.0
7,5525,361.0
7,5539,376.0
7,5553,376.0
7,5567,385.0
7,5581,385.0
7,5583,385.0
7,5585,385.0
7,5603,385.0
7,5633,395.0
7,5635,395.0
7,5637,395.0
7,5665,395.0
7,5679,395.0
7,5705,403.0
7,5733,403.0
7,5735,403.0
7,5751,403.0
7,5765,403.0
7,5781,403.0
7,5797,403.0
7,5811,403.0
7,5839,403.0
7,5853,403.0
7,5869,403.0
7,5897,403.0
7,5927,403.0
7,5941,403.0
7,5967,403.0
7,5981,403.0
7,5995,403.0
7,5997,403.0
7,6027,403.0
7,6041,403.0
7,6057,403.0
7,6073,403.0
7,6087,403.0
7,6107,403.0
7,6121,403.0
7,6135,410.0
7,6163,410.0
7,6179,410.0
7,6181,410.0
7,6195,410.0
7,6221,410.0
7,6223,410.0
7,6239,410.0
7,6265,410.0
7,6267,410.0
7,6283,410.0
7,6297,410.0
7,6327,410.0
7,6359,410.0
7,6387,410.0
7,6401,410.0
7,6415,410.0
7,6431,410.0
7,6447,410.0
7,6461,410.0
7,6475,410.0
7,6493,410.0
7,6509,410.0
7,6523,410.0
7,6537,410.0
7,6553,410.0
7,6567,410.0
7,6583,410.0
7,6597,410.0
7,6623,410.0
7,6649,410.0
7,6675,410.0
7,6705,410.0
7,6731,416.0
7,6759,416.0
7,6789,416.0
7,6803,416.0
7,6817,416.0
7,6845,416.0
7,6859,416.0
7,6885,416.0
7,6899,416.0
7,6915,416.0
7,6929,416.0
7,6931,416.0
7,6945,416.0
7,6961,416.0
7,6987,416.0
7,7001,416.0
7,7017,416.0
7,7033,416.0
7,7047,416.0
7,7061,416.0
7,7075,416.0
7,7103,416.0
7,7129,416.0
7,7157,416.0
7,7159,416.0
7,7181,416.0
7,7213,416.0
7,7227,416.0
7,7257,416.0
7,7285,416.0
7,7311,416.0
7,7325,416.0
7,7327,416.0
7,7341,416.0
7,7355,416.0
7,7369,416.0
7,7371,416.0
7,7403,416.0
7,7405,416.0
7,7419,416.0
7,7445,416.0
7,7459,416.0
7,7473,416.0
7,7501,416.0
7,7519,416.0
7,7521,416.0
7,7547,416.0
7,7561,416.0
7,7587,416.0
7,7613,416.0
7,7615,416.0
7,7629,416.0
7,7645,416.0
7,7659,416.0
7,7661,416.0
7,7689,416.0
7,7715,416.0
7,7741,416.0
7,7771,416.0
7,7787,416.0
7,7803,416.0
7,7829,416.0
7,7857,416.0
7,7885,416.0
7,7899,416.0
7,7915,416.0
7,7929,416.0
7,7943,416.0
7,7957,416.0
7,7971,416.0
7,7987,416.0
7,8013,416.0
7,8015,416.0
7,8031,416.0
7,8057,416.0
7,8085,416.0
7,8099,416.0
7,8117,416.0
7,8143,417.0
7,8179,417.0
7,8181,417.0
7,8197,417.0
7,8213,417.0
7,8231,417.0
7,8263,417.0
7,8293,417.0
7,8309,417.0
7,8325,417.0
7,8343,417.0
7,8375,417.0
7,8391,417.0
7,8405,417.0
7,8435,417.0
7,8437,417.0
7,8455,417.0
7,8471,417.0
7,8499,417.0
7,8527,417.0
7,8543,417.0
7,8557,418.0
7,8571,418.0
7,8573,418.0
7,8587,418.0
7,8601,418.0
7,8631,418.0
7,8659,419.0
7,8687,419.0
7,8689,419.0
7,8703,419.0
7,8719,419.0
7,8735,419.0
7,8749,419.0
7,8779,419.0
7,8807,419.0
7,8821,419.0
7,8851,419.0
7,8853,419.0
7,8879,419.0
7,8905,419.0
7,8931,419.0
7,8945,419.0
7,8975,419.0
7,9005,419.0
7,9021,419.0
7,9037,419.0
7,9051,419.0
7,9065,420.0
7,9091,421.0
7,9117,421.0
7,9133,421.0
7,9147,421.0
7,9149,421.0
7,9181,421.0
7,9195,421.0
7,9197,421.0
7,9213,421.0
7,9241,422.0
7,9257,422.0
7,9259,422.0
7,9273,422.0
7,9287,422.0
7,9301,422.0
7,9331,422.0
7,9345,422.0
7,9359,422.0
7,9361,422.0
7,9375,423.0
7,9403,423.0
7,9419,423.0
7,9433,423.0
7,9435,423.0
7,9449,423.0
7,9463,423.0
7,9465,423.0
7,9493,425.0
7,9519,425.0
7,9545,425.0
7,9575,425.0
7,9589,425.0
7,9591,425.0
7,9593,425.0
7,9595,425.0
7,9611,425.0
7,9637,425.0
7,9663,425.0
7,9693,425.0
7,9695,425.0
7,9721,425.0
7,9749,425.0
7,9765,425.0
7,9783,425.0
7,9815,425.0
7,9845,425.0
7,9871,425.0
7,9885,425.0
7,9903,425.0
7,9917,425.0
7,9919,425.0
7,9933,425.0
7,9953,425.0
7,9967,425.0
7,9981,425.0
7,10011,426.0
7,10013,426.0
7,10029,426.0
7,10043,426.0
7,10045,426.0
7,10059,426.0
7,10061,426.0
7,10087,426.0
7,10103,426.0
7,10119,426.0
7,10145,426.0
7,10177,426.0
7,10191,426.0
7,10205,426.0
7,10219,426.0
7,10247,426.0
7,10263,426.0
7,10289,426.0
7,10319,426.0
7,10321,426.0
7,10349,426.0
7,10363,426.0
7,10391,426.0
7,10407,426.0
7,10437,426.0
7,10451,426.0
7,10477,427.0
7,10507,427.0
7,10509,427.0
7,10541,427.0
7,10575,427.0
7,10593,427.0
7,10607,427.0
7,10633,427.0
7,10647,427.0
7,10663,427.0
7,10677,427.0
7,10705,427.0
7,10707,427.0
7,10733,427.0
7,10747,427.0
7,10775,427.0
7,10805,427.0
7,10807,427.0
7,10821,427.0
7,10847,427.0
7,10863,427.0
7,10865,427.0
7,10879,427.0
7,10911,427.0
7,10925,427.0
7,10927,427.0
7,10941,427.0
7,10969,427.0
7,10983,427.0
7,11011,427.0
7,11039,427.0
7,11055,427.0
7,11069,427.0
7,11095,427.0
7,11123,427.0
7,11125,427.0
7,11127,427.0
7,11157,427.0
7,11189,427.0
7,11203,427.0
7,11229,429.0
7,11243,429.0
7,11257,429.0
7,11259,429.0
7,11273,431.0
7,11293,431.0
7,11295,431.0
7,11311,431.0
7,11345,431.0
7,11361,431.0
7,11391,431.0
7,11393,431.0
7,11411,431.0
7,11437,431.0
7,11463,431.0
7,11477,431.0
7,11479,431.0
7,11509,431.0
7,11511,431.0
7,11539,431.0
7,11557,431.0
7,11585,431.0
7,11599,431.0
7,11601,431.0
7,11631,431.0
7,11651,431.0
7,11653,431.0
7,11667,431.0
7,11669,431.0
7,11683,431.0
7,11699,431.0
7,11715,431.0
7,11729,431.0
7,11757,431.0
7,11759,431.0
7,11773,431.0
7,11787,431.0
7,11789,431.0
7,11819,431.0
7,11833,431.0
7,11859,431.0
7,11861,431.0
7,11875,431.0
7,11893,431.0
7,11909,431.0
7,11925,431.0
7,11939,431.0
7,11957,431.0
7,11991,431.0
7,11993,431.0
7,12023,431.0
7,12051,431.0
7,12065,431.0
7,12079,431.0
7,12093,431.0
7,12107,431.0
7,12137,431.0
7,12173,431.0
7,12175,431.0
7,12189,431.0
7,12219,431.0
7,12221,431.0
7,12249,431.0
7,12251,431.0
7,12267,431.0
7,12293,431.0
7,12307,431.0
7,12335,431.0
7,12337,431.0
7,12363,431.0
7,12391,431.0
7,12421,431.0
7,12435,431.0
7,12437,431.0
7,12455,431.0
7,12469,431.0
7,12471,431.0
7,12487,431.0
7,12501,431.0
7,12527,431.0
7,12557,431.0
7,12583,431.0
7,12597,431.0
7,12599,431.0
7,12627,431.0
7,12629,431.0
7,12643,431.0
7,12669,431.0
7,12699,431.0
7,12713,431.0
7,12727,431.0
7,12729,431.0
7,12745,431.0
7,12761,431.0
7,12789,431.0
7,12803,431.0
7,12817,431.0
7,12819,431.0
7,12833,431.0
7,12859,431.0
7,12875,431.0
7,12903,431.0
7,12933,431.0
7,12959,431.0
7,12973,431.0
7,12987,431.0
7,13013,431.0
7,13027,431.0
7,13047,431.0
7,13063,431.0
7,13079,431.0
7,13081,431.0
7,13107,431.0
7,13123,431.0
7,13125,431.0
7,13127,431.0
7,13155,431.0
7,13157,431.0
7,13185,431.0
7,13201,431.0
7,13203,431.0
7,13205,431.0
7,13237,431.0
7,13251,431.0
7,13267,431.0
7,13283,431.0
7,13317,431.0
7,13345,431.0
7,13347,431.0
7,13377,431.0
7,13393,431.0
7,13407,431.0
7,13423,431.0
7,13425,431.0
7,13461,431.0
7,13489,431.0
7,13515,431.0
7,13541,431.0
7,13569,431.0
7,13595,431.0
7,13623,431.0
7,13637,431.0
7,13651,431.0
7,13665,431.0
7,13693,431.0
7,13723,431.0
7,13749,431.0
7,13767,431.0
7,13783,431.0
7,13811,431.0
7,13841,431.0
7,13869,431.0
7,13901,431.0
7,13915,431.0
7,13917,431.0
7,13919,431.0
7,13949,431.0
7,13963,431.0
7,13965,431.0
7,13967,431.0
7,13993,431.0
7,14007,431.0
7,14009,431.0
7,14011,431.0
7,14025,431.0
7,14039,431.0
7,14057,431.0
7,14083,431.0
7,14111,431.0
7,14125,431.0
7,14151,431.0
7,14177,431.0
7,14203,431.0
7,14217,431.0
7,14233,431.0
7,14261,431.0
7,14287,431.0
7,14301,431.0
7,14315,431.0
7,14333,431.0
7,14359,431.0
7,14387,431.0
7,14419,431.0
7,14447,431.0
7,14461,431.0
7,14463,431.0
7,14479,431.0
7,14505,431.0
7,14519,431.0
7,14535,431.0
7,14563,431.0
7,14565,431.0
7,14579,431.0
8,4460,282.0
8,4476,282.0
8,4508,294.0
8,4510,294.0
8,4512,294.0
8,4542,294.0
8,4574,294.0
8,4600,305.0
8,4630,305.0
8,4656,306.0
8,5139,306.0
8,5165,306.0
8,5179,306.0
8,5193,306.0
8,5195,306.0
8,5209,329.0
8,5225,329.0
8,5255,329.0
8,5271,336.0
8,5289,336.0
8,5305,336.0
8,5323,336.0
8,5351,336.0
8,5365,336.0
8,5367,336.0
8,5381,336.0
8,5395,336.0
8,5411,336.0
8,5425,342.0
8,5451,342.0
8,5465,357.0
8,5493,357.0
8,5507,357.0
8,5521,357.0
8,5549,357.0
8,5577,357.0
8,5591,357.0
8,5621,361.0
8,5653,361.0
8,5667,361.0
8,5681,361.0
8,5695,377.0
8,5713,377.0
8,5729,377.0
8,5749,377.0
8,5775,377.0
8,5793,377.0
8,5795,377.0
8,5811,377.0
8,5841,377.0
8,5843,377.0
8,5869,377.0
8,5883,377.0
8,5899,377.0
8,5931,377.0
8,5949,377.0
8,5979,377.0
8,5995,377.0
8,6013,377.0
8,6045,377.0
8,6047,377.0
8,6081,377.0
8,6097,377.0
8,6099,377.0
8,6113,377.0
8,6127,377.0
8,6153,396.0
8,6169,396.0
8,6197,396.0
8,6223,396.0
8,6239,396.0
8,6265,396.0
8,6267,396.0
8,6283,396.0
8,6297,396.0
8,6323,404.0
8,6349,404.0
8,6351,404.0
8,6369,404.0
8,6383,404.0
8,6397,404.0
8,6411,404.0
8,6427,404.0
8,6441,405.0
8,6455,405.0
8,6473,405.0
8,6499,412.0
8,6513,412.0
8,6539,412.0
8,6553,412.0
8,6555,412.0
8,6583,412.0
8,6597,412.0
8,6599,412.0
8,6617,412.0
8,6631,412.0
8,6645,412.0
8,6661,412.0
8,6663,412.0
8,6665,412.0
8,6667,412.0
8,6699,412.0
8,6713,412.0
8,6727,412.0
8,6741,412.0
8,6767,412.0
8,6781,412.0
8,6809,412.0
8,6823,412.0
8,6841,412.0
8,6855,412.0
8,6869,412.0
8,6903,412.0
8,6929,412.0
8,6943,412.0
8,6957,412.0
8,6959,412.0
8,6961,412.0
8,6975,412.0
8,6989,412.0
8,7015,412.0
8,7041,412.0
8,7043,412.0
8,7069,412.0
8,7099,412.0
8,7113,412.0
8,7141,412.0
8,7169,412.0
8,7171,412.0
8,7197,412.0
8,7211,412.0
8,7227,412.0
8,7243,412.0
8,7259,412.0
8,7277,412.0
8,7303,412.0
8,7329,416.0
8,7347,416.0
8,7375,416.0
8,7391,416.0
8,7409,416.0
8,7411,416.0
8,7439,416.0
8,7467,416.0
8,7497,416.0
8,7499,416.0
8,7529,416.0
8,7543,416.0
8,7569,416.0
8,7595,416.0
8,7611,416.0
8,7625,416.0
8,7655,416.0
8,7681,416.0
8,7707,416.0
8,7721,416.0
8,7735,416.0
8,7737,416.0
8,7751,416.0
8,7765,416.0
8,7797,416.0
8,7823,416.0
8,7837,416.0
8,7867,416.0
8,7893,416.0
8,7909,416.0
8,7923,416.0
8,7939,416.0
8,7969,418.0
8,7995,418.0
8,8013,418.0
8,8027,418.0
8,8053,418.0
8,8069,418.0
8,8087,418.0
8,8101,418.0
8,8115,418.0
8,8117,418.0
8,8135,418.0
8,8137,418.0
8,8151,418.0
8,8153,418.0
8,8155,418.0
8,8169,421.0
8,8171,421.0
8,8185,421.0
8,8213,421.0
8,8243,421.0
8,8269,421.0
8,8283,421.0
8,8315,421.0
8,8331,421.0
8,8359,421.0
8,8391,421.0
8,8417,421.0
8,8445,421.0
8,8459,421.0
8,8473,421.0
8,8487,421.0
8,8513,421.0
8,8545,421.0
8,8547,421.0
8,8549,421.0
8,8551,421.0
8,8577,421.0
8,8591,421.0
8,8593,421.0
8,8609,421.0
8,8643,421.0
8,8671,421.0
8,8687,421.0
8,8717,421.0
8,8747,421.0
8,8773,421.0
8,8787,421.0
8,8805,421.0
8,8835,421.0
8,8853,421.0
8,8869,421.0
8,8895,426.0
8,8909,426.0
8,8937,426.0
8,8951,426.0
8,8965,426.0
8,8985,426.0
8,9015,426.0
8,9045,426.0
8,9059,426.0
8,9087,426.0
8,9117,426.0
8,9131,426.0
8,9145,426.0
8,9159,426.0
8,9187,426.0
8,9189,426.0
8,9217,426.0
8,9219,426.0
8,9233,426.0
8,9247,426.0
8,9261,426.0
8,9289,426.0
8,9305,426.0
8,9319,426.0
8,9355,426.0
8,9369,426.0
8,9395,426.0
8,9421,426.0
8,9439,426.0
8,9457,426.0
8,9471,426.0
8,9491,426.0
8,9505,426.0
8,9519,426.0
8,9521,426.0
8,9535,426.0
8,9567,426.0
8,9593,426.0
8,9607,426.0
8,9609,426.0
8,9635,426.0
8,9649,426.0
8,9669,426.0
8,9695,426.0
8,9697,426.0
8,9713,426.0
8,9715,426.0
8,9731,426.0
8,9733,426.0
8,9747,426.0
8,9749,426.0
8,9765,426.0
8,9779,426.0
8,9797,426.0
8,9811,426.0
8,9827,426.0
8,9841,426.0
8,9869,426.0
8,9883,426.0
8,9911,426.0
8,9939,426.0
8,9965,426.0
8,9979,426.0
8,10007,426.0
8,10021,426.0
8,10035,426.0
8,10065,426.0
8,10067,426.0
8,10081,426.0
8,10097,426.0
8,10127,426.0
8,10129,426.0
8,10155,426.0
8,10185,426.0
8,10211,426.0
8,10237,426.0
8,10263,426.0
8,10265,426.0
8,10279,426.0
8,10293,426.0
8,10319,426.0
8,10333,426.0
8,10349,426.0
8,10377,426.0
8,10403,426.0
8,10429,426.0
8,10443,426.0
8,10469,426.0
8,10485,426.0
8,10511,426.0
8,10525,426.0
8,10553,426.0
8,10569,426.0
8,10583,426.0
8,10597,426.0
8,10623,426.0
8,10643,426.0
8,10681,426.0
8,10711,426.0
8,10737,426.0
8,10751,426.0
8,10765,426.0
8,10791,426.0
8,10819,426.0
8,10821,426.0
8,10835,426.0
8,10851,426.0
8,10881,426.0
8,10895,426.0
8,10913,426.0
8,10943,426.0
8,10957,426.0
8,10973,426.0
8,11003,426.0
8,11019,426.0
8,11021,426.0
8,11047,426.0
8,11063,426.0
8,11077,426.0
8,11091,426.0
8,11107,426.0
8,11123,426.0
8,11151,426.0
8,11167,426.0
8,11181,426.0
8,11207,428.0
8,11223,428.0
8,11249,428.0
8,11275,428.0
8,11303,428.0
8,11329,428.0
8,11359,428.0
8,11381,428.0
8,11395,428.0
8,11423,428.0
8,11425,428.0
8,11441,428.0
8,11455,428.0
8,11489,428.0
8,11505,428.0
8,11523,428.0
8,11537,428.0
8,11551,428.0
8,11553,428.0
8,11567,428.0
8,11583,428.0
8,11609,428.0
8,11611,428.0
8,11627,428.0
8,11645,428.0
8,11671,428.0
8,11687,428.0
8,11701,428.0
8,11729,428.0
8,11759,428.0
8,11787,428.0
8,11801,428.0
8,11827,428.0
8,11829,428.0
8,11857,428.0
8,11883,428.0
8,11897,428.0
8,11911,428.0
8,11925,428.0
8,11927,428.0
8,11941,428.0
8,11957,428.0
8,11959,428.0
8,11973,428.0
8,11987,428.0
8,12003,428.0
8,12019,428.0
8,12049,428.0
8,12067,428.0
8,12081,428.0
8,12095,428.0
8,12125,428.0
8,12141,428.0
8,12169,428.0
8,12183,428.0
8,12197,428.0
8,12213,428.0
8,12243,428.0
8,12257,428.0
8,12285,428.0
8,12317,428.0
8,12349,428.0
8,12363,428.0
8,12391,428.0
8,12393,428.0
8,12409,428.0
8,12437,428.0
8,12463,428.0
8,12491,428.0
8,12519,428.0
8,12549,428.0
8,12577,428.0
8,12607,428.0
8,12637,428.0
8,12663,428.0
8,12689,428.0
8,12703,428.0
8,12719,428.0
8,12745,428.0
8,12759,428.0
8,12761,428.0
8,12775,428.0
8,12789,428.0
8,12823,428.0
8,12839,428.0
8,12867,428.0
8,12893,428.0
8,12907,428.0
8,12921,428.0
8,12949,428.0
8,12977,428.0
8,12993,428.0
8,12995,428.0
8,13009,428.0
8,13011,428.0
8,13013,428.0
8,13043,428.0
8,13059,428.0
8,13091,428.0
8,13107,428.0
8,13133,428.0
8,13147,428.0
8,13177,428.0
8,13191,428.0
8,13217,428.0
8,13219,428.0
8,13233,428.0
8,13247,428.0
8,13275,428.0
8,13277,428.0
8,13305,428.0
8,13319,428.0
8,13333,428.0
8,13347,428.0
8,13361,428.0
8,13363,428.0
8,13377,428.0
8,13395,428.0
8,13411,428.0
8,13427,428.0
8,13441,428.0
8,13457,428.0
8,13485,428.0
8,13499,428.0
8,13527,428.0
8,13555,428.0
8,13557,428.0
8,13571,428.0
8,13587,428.0
8,13617,428.0
8,13633,428.0
8,13659,428.0
8,13689,428.0
8,13717,428.0
8,13747,428.0
8,13763,428.0
8,13791,428.0
8,13805,428.0
8,13807,428.0
8,13837,428.0
8,13863,428.0
8,13877,428.0
8,13879,428.0
8,13881,428.0
8,13907,428.0
8,13909,428.0
8,13935,428.0
8,13949,428.0
8,13963,428.0
8,13979,428.0
8,13995,428.0
8,14009,428.0
8,14023,428.0
8,14049,428.0
8,14063,428.0
8,14091,428.0
8,14093,428.0
8,14107,428.0
8,14123,428.0
8,14153,428.0
8,14155,428.0
8,14173,428.0
8,14189,428.0
8,14217,428.0
8,14219,428.0
8,14245,428.0
8,14275,428.0
8,14289,428.0
8,14305,428.0
8,14331,428.0
8,14357,428.0
8,14387,428.0
8,14401,428.0
8,14429,428.0
8,14443,428.0
8,14475,428.0
9,4434,296.0
9,4452,296.0
9,4478,296.0
9,4492,306.0
9,4522,311.0
9,4548,311.0
9,5017,319.0
9,5031,329.0
9,5047,329.0
9,5061,329.0
9,5075,329.0
9,5093,329.0
9,5095,329.0
9,5097,329.0
9,5113,329.0
9,5131,329.0
9,5157,332.0
9,5185,332.0
9,5211,348.0
9,5225,348.0
9,5227,348.0
9,5243,348.0
9,5269,358.0
9,5285,358.0
9,5299,358.0
9,5315,358.0
9,5349,358.0
9,5379,358.0
9,5405,358.0
9,5435,358.0
9,5463,358.0
9,5491,358.0
9,5505,358.0
9,5519,358.0
9,5533,365.0
9,5547,380.0
9,5563,380.0
9,5565,380.0
9,5595,380.0
9,5625,380.0
9,5651,380.0
9,5665,380.0
9,5679,389.0
9,5707,389.0
9,5721,401.0
9,5749,401.0
9,5751,401.0
9,5753,401.0
9,5779,401.0
9,5809,401.0
9,5837,401.0
9,5865,401.0
9,5897,401.0
9,5899,401.0
9,5913,401.0
9,5915,401.0
9,5931,401.0
9,5957,401.0
9,5985,401.0
9,5999,401.0
9,6027,401.0
9,6057,412.0
9,6083,412.0
9,6085,412.0
9,6113,412.0
9,6143,412.0
9,6175,412.0
9,6203,412.0
9,6219,412.0
9,6249,412.0
9,6267,412.0
9,6295,412.0
9,6315,412.0
9,6341,412.0
9,6359,412.0
9,6393,412.0
9,6423,412.0
9,6425,412.0
9,6457,412.0
9,6483,412.0
9,6509,412.0
9,6525,412.0
9,6543,412.0
9,6569,412.0
9,6587,412.0
9,6601,412.0
9,6629,412.0
9,6661,412.0
9,6663,412.0
9,6677,412.0
9,6693,412.0
9,6695,412.0
9,6711,412.0
9,6713,412.0
9,6741,412.0
9,6769,412.0
9,6783,412.0
9,6799,412.0
9,6813,412.0
9,6829,412.0
9,6831,412.0
9,6845,412.0
9,6859,412.0
9,6875,412.0
9,6907,412.0
9,6935,412.0
9,6961,415.0
9,6987,415.0
9,7015,415.0
9,7037,415.0
9,7055,415.0
9,7071,415.0
9,7073,415.0
9,7087,416.0
9,7089,416.0
9,7119,416.0
9,7149,416.0
9,7163,416.0
9,7191,416.0
9,7205,416.0
9,7207,416.0
9,7235,416.0
9,7249,416.0
9,7263,416.0
9,7277,416.0
9,7291,416.0
9,7293,416.0
9,7307,416.0
9,7309,416.0
9,7325,416.0
9,7355,416.0
9,7369,416.0
9,7383,416.0
9,7385,416.0
9,7399,416.0
9,7429,416.0
9,7447,416.0
9,7473,416.0
9,7487,416.0
9,7517,416.0
9,7549,416.0
9,7565,416.0
9,7591,419.0
9,7621,419.0
9,7635,419.0
9,7661,419.0
9,7687,419.0
9,7715,419.0
9,7741,419.0
9,7743,419.0
9,7745,419.0
9,7759,419.0
9,7787,419.0
9,7801,419.0
9,7817,419.0
9,7835,419.0
9,7863,419.0
9,7891,419.0
9,7921,419.0
9,7935,419.0
9,7949,419.0
9,7975,419.0
9,8005,419.0
9,8007,419.0
9,8021,419.0
9,8035,419.0
9,8049,419.0
9,8063,419.0
9,8077,421.0
9,8105,421.0
9,8121,421.0
9,8137,421.0
9,8163,421.0
9,8165,421.0
9,8179,421.0
9,8181,421.0
9,8209,421.0
9,8235,421.0
9,8251,421.0
9,8267,421.0
9,8281,421.0
9,8295,421.0
9,8313,421.0
9,8327,421.0
9,8345,421.0
9,8371,421.0
9,8385,421.0
9,8411,421.0
9,8427,421.0
9,8443,421.0
9,8459,421.0
9,8475,421.0
9,8491,421.0
9,8507,421.0
9,8535,421.0
9,8549,421.0
9,8563,421.0
9,8591,421.0
9,8619,421.0
9,8635,421.0
9,8653,421.0
9,8669,421.0
9,8697,421.0
9,8699,421.0
9,8725,421.0
9,8727,421.0
9,8741,421.0
9,8767,421.0
9,8781,421.0
9,8783,421.0
9,8809,421.0
9,8841,421.0
9,8867,421.0
9,8881,421.0
9,8895,421.0
9,8925,421.0
9,8939,421.0
9,8955,421.0
9,8969,421.0
9,8983,421.0
9,9013,421.0
9,9027,421.0
9,9041,421.0
9,9055,421.0
9,9069,421.0
9,9097,421.0
9,9099,421.0
9,9129,421.0
9,9145,421.0
9,9147,421.0
9,9161,421.0
9,9163,421.0
9,9165,421.0
9,9179,421.0
9,9205,421.0
9,9233,421.0
9,9259,421.0
9,9261,421.0
9,9287,421.0
9,9301,421.0
9,9317,421.0
9,9333,421.0
9,9347,421.0
9,9361,421.0
9,9391,421.0
9,9405,421.0
9,9423,421.0
9,9425,421.0
9,9427,421.0
9,9441,421.0
9,9459,421.0
9,9477,421.0
9,9491,421.0
9,9505,421.0
9,9519,421.0
9,9533,421.0
9,9547,421.0
9,9549,421.0
9,9565,421.0
9,9579,421.0
9,9593,421.0
9,9607,421.0
9,9621,425.0
9,9623,425.0
9,9637,425.0
9,9651,425.0
9,9653,425.0
9,9679,425.0
9,9705,425.0
9,9719,425.0
9,9737,425.0
9,9753,425.0
9,9767,425.0
9,9795,425.0
9,9825,425.0
9,9851,425.0
9,9865,425.0
9,9879,425.0
9,9893,425.0
9,9907,425.0
9,9909,425.0
9,9911,425.0
9,9929,425.0
9,9959,425.0
9,9973,425.0
9,10001,425.0
9,10015,425.0
9,10017,425.0
9,10033,425.0
9,10051,425.0
9,10077,425.0
9,10103,425.0
9,10129,425.0
9,10143,425.0
9,10145,425.0
9,10175,425.0
9,10177,425.0
9,10195,425.0
9,10221,425.0
9,10237,425.0
9,10251,425.0
9,10253,425.0
9,10271,425.0
9,10299,425.0
9,10327,425.0
9,10341,425.0
9,10367,425.0
9,10395,425.0
9,10397,425.0
9,10399,425.0
9,10417,425.0
9,10445,425.0
9,10461,425.0
9,10477,425.0
9,10493,425.0
9,10523,425.0
9,10537,425.0
9,10553,425.0
9,10569,425.0
9,10571,425.0
9,10601,425.0
9,10627,427.0
9,10641,427.0
9,10671,427.0
9,10685,427.0
9,10701,427.0
9,10715,427.0
9,10733,427.0
9,10749,427.0
9,10775,427.0
9,10805,427.0
9,10819,427.0
9,10847,428.0
9,10863,428.0
9,10889,428.0
9,10891,428.0
9,10919,428.0
9,10949,428.0
9,10965,428.0
9,10981,428.0
9,11011,428.0
9,11039,428.0
9,11053,428.0
9,11081,428.0
9,11095,428.0
9,11109,428.0
9,11141,428.0
9,11155,428.0
9,11169,428.0
9,11195,430.0
9,11221,430.0
9,11249,430.0
9,11263,430.0
9,11289,430.0
9,11303,430.0
9,11329,430.0
9,11359,430.0
9,11361,430.0
9,11379,430.0
9,11381,430.0
9,11411,430.0
9,11425,430.0
9,11439,430.0
9,11453,430.0
9,11485,430.0
9,11499,430.0
9,11529,430.0
9,11559,430.0
9,11573,430.0
9,11589,430.0
9,11605,430.0
9,11619,430.0
9,11647,430.0
9,11661,430.0
9,11675,430.0
9,11689,430.0
9,11717,430.0
9,11743,430.0
9,11769,430.0
9,11797,430.0
9,11811,430.0
9,11837,430.0
9,11851,430.0
9,11853,430.0
9,11879,430.0
9,11897,430.0
9,11899,430.0
9,11913,430.0
9,11929,430.0
9,11943,430.0
9,11959,430.0
9,11961,430.0
9,11975,430.0
9,12003,430.0
9,12017,430.0
9,12031,430.0
9,12061,430.0
9,12075,430.0
9,12077,430.0
9,12091,430.0
9,12123,430.0
9,12137,430.0
9,12151,430.0
9,12165,430.0
9,12167,430.0
9,12181,430.0
9,12197,430.0
9,12223,430.0
9,12225,430.0
9,12227,430.0
9,12241,430.0
9,12255,430.0
9,12269,430.0
9,12283,430.0
9,12297,430.0
9,12323,430.0
9,12337,430.0
9,12365,430.0
9,12367,430.0
9,12369,430.0
9,12383,430.0
9,12399,430.0
9,12413,430.0
9,12441,430.0
9,12457,430.0
9,12475,430.0
9,12509,430.0
9,12523,430.0
9,12525,430.0
9,12527,430.0
9,12553,430.0
9,12555,430.0
9,12587,430.0
9,12613,430.0
9,12641,430.0
9,12655,430.0
9,12669,430.0
9,12685,430.0
9,12715,430.0
9,12729,430.0
9,12731,430.0
9,12745,430.0
9,12759,430.0
9,12761,430.0
9,12789,430.0
9,12815,430.0
9,12829,430.0
9,12855,430.0
9,12881,430.0
9,12907,430.0
9,12921,430.0
9,12949,430.0
9,12963,430.0
9,12977,430.0
9,13003,430.0
9,13019,430.0
9,13047,430.0
9,13061,430.0
9,13075,430.0
9,13089,430.0
9,13117,430.0
9,13149,430.0
9,13175,430.0
9,13191,430.0
9,13205,430.0
9,13225,430.0
9,13239,430.0
9,13255,430.0
9,13281,430.0
9,13299,430.0
9,13331,430.0
9,13333,430.0
9,13347,430.0
9,13373,430.0
9,13387,430.0
9,13415,430.0
9,13429,430.0
9,13461,430.0
9,13495,430.0
9,13525,430.0
9,13557,430.0
9,13583,430.0
9,13611,430.0
9,13625,430.0
9,13639,430.0
9,13653,430.0
9,13667,430.0
9,13695,430.0
9,13697,430.0
9,13699,430.0
9,13725,430.0
9,13751,430.0
9,13777,430.0
9,13791,430.0
9,13805,430.0
9,13831,430.0
9,13845,430.0
9,13871,430.0
9,13903,430.0
9,13921,430.0
9,13935,430.0
9,13963,430.0
9,13979,430.0
9,14007,430.0
9,14009,430.0
9,14035,430.0
9,14049,430.0
9,14079,430.0
9,14105,430.0
9,14107,430.0
9,14121,430.0
9,14139,430.0
9,14167,430.0
9,14183,430.0
9,14203,430.0
9,14219,430.0
9,14233,430.0
9,14261,430.0
9,14275,430.0
9,14301,430.0
9,14303,430.0
9,14305,430.0
9,14307,430.0
9,14325,430.0
9,14351,430.0
9,14365,430.0
9,14383,430.0
9,14397,430.0
9,14411,430.0
9,14427,430.0
10,4446,296.0
10,4460,301.0
10,4488,301.0
10,4516,308.0
10,4542,309.0
10,4544,309.0
10,4562,309.0
10,4576,324.0
10,4590,324.0
10,4622,324.0
10,4624,324.0
10,4652,324.0
10,5111,334.0
10,5141,334.0
10,5167,334.0
10,5193,352.0
10,5207,363.0
10,5223,363.0
10,5237,363.0
10,5251,363.0
10,5281,363.0
10,5297,363.0
10,5313,363.0
10,5341,363.0
10,5357,363.0
10,5383,378.0
10,5385,378.0
10,5387,378.0
10,5401,378.0
10,5403,378.0
10,5433,378.0
10,5435,378.0
10,5449,378.0
10,5463,378.0
10,5479,378.0
10,5495,378.0
10,5515,378.0
10,5531,378.0
10,5545,378.0
10,5571,379.0
10,5603,379.0
10,5619,379.0
10,5649,379.0
10,5667,379.0
10,5695,380.0
10,5709,390.0
10,5727,390.0
10,5741,390.0
10,5769,390.0
10,5771,390.0
10,5785,390.0
10,5813,390.0
10,5829,390.0
10,5843,390.0
10,5873,390.0
10,5889,390.0
10,5903,390.0
10,5931,390.0
10,5945,391.0
10,5959,391.0
10,5987,392.0
10,5989,392.0
10,6019,399.0
10,6035,399.0
10,6061,403.0
10,6093,403.0
10,6095,403.0
10,6125,403.0
10,6139,403.0
10,6141,403.0
10,6161,403.0
10,6189,403.0
10,6215,403.0
10,6243,403.0
10,6245,403.0
10,6263,403.0
10,6279,403.0
10,6293,403.0
10,6307,403.0
10,6335,403.0
10,6363,404.0
10,6395,404.0
10,6409,404.0
10,6423,404.0
10,6425,404.0
10,6451,412.0
10,6477,412.0
10,6493,412.0
10,6507,412.0
10,6521,412.0
10,6549,412.0
10,6575,412.0
10,6601,412.0
10,6617,412.0
10,6631,412.0
10,6645,412.0
10,6675,412.0
10,6703,412.0
10,6733,412.0
10,6747,416.0
10,6761,416.0
10,6763,416.0
10,6791,416.0
10,6805,416.0
10,6807,416.0
10,6823,416.0
10,6851,416.0
10,6877,416.0
10,6879,416.0
10,6881,416.0
10,6883,416.0
10,6897,416.0
10,6911,416.0
10,6927,416.0
10,6953,416.0
10,6967,416.0
10,6997,416.0
10,7023,416.0
10,7043,416.0
10,7057,416.0
10,7071,416.0
10,7097,416.0
10,7111,416.0
10,7125,416.0
10,7141,416.0
10,7167,416.0
10,7197,416.0
10,7213,416.0
10,7229,416.0
10,7261,416.0
10,7275,417.0
10,7301,417.0
10,7315,417.0
10,7343,420.0
10,7357,420.0
10,7371,420.0
10,7385,420.0
10,7401,420.0
10,7417,420.0
10,7443,420.0
10,7445,420.0
10,7447,420.0
10,7475,420.0
10,7489,420.0
10,7515,420.0
10,7531,420.0
10,7557,424.0
10,7575,424.0
10,7603,424.0
10,7621,424.0
10,7639,424.0
10,7667,424.0
10,7681,424.0
10,7697,424.0
10,7711,424.0
10,7739,424.0
10,7765,424.0
10,7793,424.0
10,7809,424.0
10,7823,424.0
10,7825,424.0
10,7839,424.0
10,7869,424.0
10,7883,424.0
10,7897,424.0
10,7911,424.0
10,7941,424.0
10,7955,424.0
10,7969,424.0
10,7971,424.0
10,7989,424.0
10,8005,424.0
10,8031,424.0
10,8045,424.0
10,8047,424.0
10,8079,424.0
10,8095,424.0
10,8097,424.0
10,8125,424.0
10,8127,424.0
10,8155,424.0
10,8181,424.0
10,8207,424.0
10,8221,424.0
10,8249,424.0
10,8251,424.0
10,8277,424.0
10,8279,424.0
10,8305,424.0
10,8331,424.0
10,8347,424.0
10,8361,424.0
10,8387,424.0
10,8417,424.0
10,8431,424.0
10,8433,424.0
10,8465,424.0
10,8491,424.0
10,8507,424.0
10,8537,424.0
10,8551,424.0
10,8581,424.0
10,8595,424.0
10,8597,424.0
10,8623,424.0
10,8637,424.0
10,8653,424.0
10,8687,424.0
10,8701,424.0
10,8715,424.0
10,8717,424.0
10,8735,424.0
10,8751,424.0
10,8781,424.0
10,8799,424.0
10,8831,424.0
10,8845,424.0
10,8859,424.0
10,8875,424.0
10,8889,424.0
10,8903,424.0
10,8905,424.0
10,8919,424.0
10,8951,424.0
10,8985,424.0
10,8999,424.0
10,9027,424.0
10,9041,426.0
10,9057,426.0
10,9085,426.0
10,9101,426.0
10,9129,426.0
10,9147,426.0
10,9177,426.0
10,9207,426.0
10,9237,426.0
10,9267,426.0
10,9299,426.0
10,9327,426.0
10,9355,426.0
10,9369,426.0
10,9397,426.0
10,9399,426.0
10,9417,426.0
10,9431,426.0
10,9447,426.0
10,9465,426.0
10,9479,426.0
10,9507,426.0
10,9529,426.0
10,9545,426.0
10,9571,426.0
10,9573,426.0
10,9591,426.0
10,9617,426.0
10,9645,426.0
10,9661,426.0
10,9689,426.0
10,9715,426.0
10,9717,426.0
10,9733,426.0
10,9747,426.0
10,9765,426.0
10,9799,426.0
10,9801,426.0
10,9817,426.0
10,9843,426.0
10,9845,426.0
10,9861,426.0
10,9887,426.0
10,9901,426.0
10,9903,426.0
10,9921,426.0
10,9935,426.0
10,9949,426.0
10,9951,426.0
10,9965,426.0
10,9993,426.0
10,10021,426.0
10,10035,426.0
10,10049,426.0
10,10063,426.0
10,10093,426.0
10,10095,426.0
10,10123,426.0
10,10151,426.0
10,10153,426.0
10,10181,426.0
10,10211,426.0
10,10213,426.0
10,10215,426.0
10,10243,426.0
10,10275,426.0
10,10303,426.0
10,10317,426.0
10,10319,426.0
10,10333,426.0
10,10361,426.0
10,10387,426.0
10,10405,426.0
10,10433,426.0
10,10449,426.0
10,10463,426.0
10,10491,427.0
10,10505,427.0
10,10519,427.0
10,10549,427.0
10,10575,427.0
10,10589,427.0
10,10619,427.0
10,10647,427.0
10,10661,427.0
10,10677,427.0
10,10691,427.0
10,10705,427.0
10,10721,427.0
10,10735,427.0
10,10737,427.0
10,10763,427.0
10,10781,427.0
10,10809,427.0
10,10811,427.0
10,10825,427.0
10,10853,427.0
10,10867,427.0
10,10895,427.0
10,10909,427.0
10,10927,427.0
10,10943,427.0
10,10957,427.0
10,10973,427.0
10,10989,427.0
10,11003,427.0
10,11029,427.0
10,11043,427.0
10,11073,427.0
10,11089,427.0
10,11105,427.0
10,11119,427.0
10,11133,427.0
10,11147,427.0
10,11179,427.0
10,11195,427.0
10,11197,427.0
10,11213,427.0
10,11229,427.0
10,11255,427.0
10,11281,427.0
10,11311,427.0
10,11337,427.0
10,11339,427.0
10,11357,427.0
10,11383,427.0
10,11397,427.0
10,11413,427.0
10,11427,427.0
10,11455,427.0
10,11475,427.0
10,11501,427.0
10,11503,427.0
10,11517,427.0
10,11543,427.0
10,11545,427.0
10,11575,427.0
10,11589,427.0
10,11603,427.0
10,11637,427.0
10,11665,427.0
10,11667,427.0
10,11681,427.0
10,11695,427.0
10,11723,427.0
10,11737,427.0
10,11751,435.0
10,11777,435.0
10,11803,435.0
10,11817,435.0
10,11831,435.0
10,11861,435.0
10,11889,435.0
10,11903,435.0
10,11921,435.0
10,11947,435.0
10,11949,435.0
10,11979,435.0
10,11995,435.0
10,12009,435.0
10,12011,435.0
10,12041,435.0
10,12043,435.0
10,12057,435.0
10,12059,435.0
10,12085,435.0
10,12105,435.0
10,12119,435.0
10,12121,435.0
10,12137,435.0
10,12153,435.0
10,12179,435.0
10,12205,435.0
10,12221,435.0
10,12237,435.0
10,12265,435.0
10,12281,435.0
10,12307,435.0
10,12321,435.0
10,12323,435.0
10,12355,435.0
10,12383,435.0
10,12397,435.0
10,12415,435.0
10,12429,435.0
10,12455,435.0
10,12469,435.0
10,12503,435.0
10,12519,435.0
10,12533,435.0
10,12535,435.0
10,12549,435.0
10,12579,435.0
10,12581,435.0
10,12583,435.0
10,12609,435.0
10,12625,435.0
10,12639,435.0
10,12653,435.0
10,12681,435.0
10,12695,435.0
10,12709,435.0
10,12723,435.0
10,12737,435.0
10,12767,435.0
10,12797,435.0
10,12823,435.0
10,12825,435.0
10,12845,435.0
10,12859,435.0
10,12875,435.0
10,12877,435.0
10,12891,435.0
10,12921,435.0
10,12937,435.0
10,12965,435.0
10,12967,435.0
10,12983,435.0
10,12999,435.0
10,13001,435.0
10,13017,435.0
10,13033,435.0
10,13063,435.0
10,13077,435.0
10,13079,435.0
10,13107,435.0
10,13109,435.0
10,13123,435.0
10,13149,435.0
10,13167,435.0
10,13197,435.0
10,13199,435.0
10,13225,435.0
10,13239,435.0
10,13241,435.0
10,13267,435.0
10,13293,435.0
10,13295,435.0
10,13297,435.0
10,13315,435.0
10,13341,435.0
10,13367,435.0
10,13393,435.0
10,13407,435.0
10,13421,435.0
10,13435,435.0
10,13463,435.0
10,13477,435.0
10,13479,435.0
10,13493,435.0
10,13509,435.0
10,13523,435.0
10,13551,435.0
10,13577,435.0
10,13605,435.0
10,13607,435.0
10,13623,435.0
10,13625,435.0
10,13627,435.0
10,13641,435.0
10,13669,435.0
10,13683,435.0
10,13711,435.0
10,13713,435.0
10,13739,435.0
10,13769,435.0
10,13797,435.0
10,13823,435.0
10,13839,435.0
10,13853,435.0
10,13867,435.0
10,13885,435.0
10,13899,435.0
10,13901,435.0
10,13917,435.0
10,13935,435.0
10,13965,435.0
10,13991,435.0
10,14019,435.0
10,14021,435.0
10,14049,435.0
10,14063,435.0
10,14079,435.0
10,14107,435.0
10,14121,435.0
10,14123,435.0
10,14125,435.0
10,14153,435.0
10,14179,435.0
10,14195,435.0
10,14209,435.0
10,14223,435.0
10,14251,435.0
10,14267,435.0
10,14281,435.0
10,14283,435.0
10,14301,435.0
10,14319,435.0
10,14335,435.0
10,14363,435.0
10,14381,435.0
10,14397,435.0
10,14425,435.0
11,4274,297.0
11,4304,307.0
11,4330,311.0
11,4344,311.0
11,4358,321.0
11,4793,321.0
11,4807,323.0
11,4823,323.0
11,4849,323.0
11,4863,345.0
11,4883,345.0
11,4897,345.0
11,4925,345.0
11,4953,345.0
11,4981,345.0
11,4995,345.0
11,5013,345.0
11,5015,345.0
11,5033,345.0
11,5061,364.0
11,5087,364.0
11,5103,364.0
11,5129,381.0
11,5131,381.0
11,5145,392.0
11,5171,392.0
11,5185,392.0
11,5187,392.0
11,5201,392.0
11,5215,392.0
11,5217,392.0
11,5245,392.0
11,5259,392.0
11,5275,392.0
11,5303,392.0
11,5317,392.0
11,5345,392.0
11,5359,392.0
11,5377,392.0
11,5395,392.0
11,5423,392.0
11,5437,392.0
11,5469,392.0
11,5483,392.0
11,5497,392.0
11,5513,392.0
11,5531,392.0
11,5545,392.0
11,5561,392.0
11,5589,393.0
11,5615,393.0
11,5629,393.0
11,5657,393.0
11,5675,393.0
11,5705,393.0
11,5731,393.0
11,5745,393.0
11,5771,394.0
11,5803,394.0
11,5829,397.0
11,5855,397.0
11,5883,400.0
11,5911,400.0
11,5925,400.0
11,5943,400.0
11,5959,400.0
11,5977,400.0
11,6005,400.0
11,6021,400.0
11,6035,400.0
11,6067,400.0
11,6095,400.0
11,6121,400.0
11,6135,400.0
11,6149,400.0
11,6151,400.0
11,6167,400.0
11,6181,400.0
11,6195,400.0
11,6209,400.0
11,6225,400.0
11,6257,400.0
11,6285,402.0
11,6315,402.0
11,6345,402.0
11,6347,402.0
11,6379,402.0
11,6395,402.0
11,6409,402.0
11,6411,402.0
11,6413,402.0
11,6447,402.0
11,6461,403.0
11,6475,403.0
11,6493,403.0
11,6507,403.0
11,6509,403.0
11,6523,406.0
11,6537,406.0
11,6555,406.0
11,6569,409.0
11,6595,409.0
11,6621,409.0
11,6647,409.0
11,6673,409.0
11,6699,409.0
11,6727,409.0
11,6741,409.0
11,6769,409.0
11,6799,409.0
11,6825,409.0
11,6839,409.0
11,6853,409.0
11,6873,409.0
11,6907,409.0
11,6923,409.0
11,6953,409.0
11,6969,409.0
11,6989,409.0
11,7003,409.0
11,7017,409.0
11,7045,409.0
11,7059,409.0
11,7061,409.0
11,7087,409.0
11,7115,409.0
11,7131,409.0
11,7133,409.0
11,7159,409.0
11,7161,409.0
11,7191,409.0
11,7207,409.0
11,7221,409.0
11,7249,409.0
11,7279,409.0
11,7311,409.0
11,7343,409.0
11,7345,409.0
11,7363,409.0
11,7377,409.0
11,7403,409.0
11,7433,409.0
11,7449,409.0
11,7481,409.0
11,7495,409.0
11,7525,409.0
11,7551,409.0
11,7565,416.0
11,7593,416.0
11,7607,416.0
11,7621,416.0
11,7651,416.0
11,7667,416.0
11,7683,416.0
11,7713,416.0
11,7715,416.0
11,7741,416.0
11,7769,416.0
11,7785,416.0
11,7801,416.0
11,7815,416.0
11,7831,416.0
11,7857,416.0
11,7871,416.0
11,7889,416.0
11,7917,416.0
11,7919,416.0
11,7933,416.0
11,7949,416.0
11,7975,416.0
11,8003,416.0
11,8017,416.0
11,8031,416.0
11,8049,416.0
11,8051,416.0
11,8081,416.0
11,8083,416.0
11,8099,416.0
11,8127,416.0
11,8141,416.0
11,8169,416.0
11,8197,416.0
11,8225,416.0
11,8239,416.0
11,8255,416.0
11,8281,416.0
11,8311,416.0
11,8337,416.0
11,8365,416.0
11,8367,416.0
11,8395,416.0
11,8413,416.0
11,8441,416.0
11,8443,416.0
11,8459,416.0
11,8473,416.0
11,8487,417.0
11,8503,417.0
11,8517,417.0
11,8543,417.0
11,8569,417.0
11,8587,417.0
11,8613,420.0
11,8643,420.0
11,8657,420.0
11,8659,420.0
11,8675,420.0
11,8689,420.0
11,8703,420.0
11,8717,420.0
11,8733,420.0
11,8749,420.0
11,8751,420.0
11,8777,420.0
11,8791,420.0
11,8817,420.0
11,8831,420.0
11,8859,420.0
11,8887,420.0
11,8913,420.0
11,8939,420.0
11,8955,420.0
11,8985,421.0
11,8999,421.0
11,9001,421.0
11,9027,421.0
11,9029,421.0
11,9043,421.0
11,9069,421.0
11,9071,421.0
11,9073,421.0
11,9089,421.0
11,9103,421.0
11,9131,421.0
11,9147,421.0
11,9149,421.0
11,9181,421.0
11,9209,421.0
11,9223,421.0
11,9225,421.0
11,9239,421.0
11,9273,421.0
11,9301,421.0
11,9333,421.0
11,9363,421.0
11,9377,421.0
11,9391,421.0
11,9419,421.0
11,9433,421.0
11,9449,421.0
11,9463,421.0
11,9477,421.0
11,9507,421.0
11,9537,421.0
11,9553,421.0
11,9571,421.0
11,9599,421.0
11,9617,421.0
11,9643,421.0
11,9675,421.0
11,9691,421.0
11,9705,421.0
11,9733,421.0
11,9761,421.0
11,9775,421.0
11,9791,421.0
11,9821,421.0
11,9835,421.0
11,9851,421.0
11,9877,421.0
11,9891,421.0
11,9921,421.0
11,9937,421.0
11,9951,421.0
11,9967,421.0
11,9993,421.0
11,10023,421.0
11,10051,421.0
11,10053,421.0
11,10069,421.0
11,10097,421.0
11,10099,421.0
11,10125,421.0
11,10139,421.0
11,10141,421.0
11,10157,421.0
11,10171,421.0
11,10203,423.0
11,10205,423.0
11,10219,423.0
11,10233,423.0
11,10247,423.0
11,10261,423.0
11,10295,423.0
11,10311,423.0
11,10325,423.0
11,10351,423.0
11,10367,423.0
11,10381,423.0
11,10411,424.0
11,10441,424.0
11,10467,424.0
11,10493,424.0
11,10519,424.0
11,10535,424.0
11,10549,424.0
11,10583,424.0
11,10605,424.0
11,10607,424.0
11,10621,424.0
11,10655,424.0
11,10669,424.0
11,10687,424.0
11,10715,424.0
11,10747,424.0
11,10775,424.0
11,10803,428.0
11,10805,428.0
11,10821,428.0
11,10849,428.0
11,10865,428.0
11,10879,428.0
11,10905,428.0
11,10921,428.0
11,10935,428.0
11,10961,428.0
11,10975,428.0
11,10989,428.0
11,11015,428.0
11,11043,428.0
11,11045,428.0
11,11059,428.0
11,11061,428.0
11,11089,428.0
11,11103,428.0
11,11117,428.0
11,11131,428.0
11,11157,428.0
11,11185,428.0
11,11199,428.0
11,11201,428.0
11,11203,428.0
11,11205,428.0
11,11231,428.0
11,11233,428.0
11,11247,428.0
11,11277,428.0
11,11291,428.0
11,11305,429.0
11,11321,429.0
11,11337,429.0
11,11355,429.0
11,11369,429.0
11,11385,429.0
11,11403,429.0
11,11405,429.0
11,11419,429.0
11,11433,429.0
11,11461,429.0
11,11475,429.0
11,11489,429.0
11,11515,429.0
11,11541,429.0
11,11557,429.0
11,11583,429.0
11,11615,429.0
11,11641,429.0
11,11657,429.0
11,11671,429.0
11,11687,429.0
11,11701,429.0
11,11717,429.0
11,11745,429.0
11,11759,429.0
11,11787,429.0
11,11801,429.0
11,11815,429.0
11,11817,429.0
11,11851,429.0
11,11865,429.0
11,11895,429.0
11,11897,429.0
11,11911,429.0
11,11913,429.0
11,11915,429.0
11,11933,429.0
11,11961,429.0
11,11987,429.0
11,11989,429.0
11,12003,429.0
11,12017,429.0
11,12043,429.0
11,12045,429.0
11,12059,429.0
11,12085,429.0
11,12103,429.0
11,12133,429.0
11,12149,429.0
11,12163,429.0
11,12177,429.0
11,12205,429.0
11,12233,429.0
11,12267,429.0
11,12283,429.0
11,12299,429.0
11,12317,429.0
11,12331,429.0
11,12357,429.0
11,12389,429.0
11,12419,429.0
11,12433,429.0
11,12451,429.0
11,12453,429.0
11,12469,429.0
11,12483,429.0
11,12509,429.0
11,12539,429.0
11,12569,429.0
11,12601,429.0
11,12617,429.0
11,12619,429.0
11,12633,429.0
11,12647,429.0
11,12649,429.0
11,12677,429.0
11,12703,429.0
11,12721,429.0
11,12747,429.0
11,12761,429.0
11,12789,429.0
11,12815,429.0
11,12843,429.0
11,12871,429.0
11,12885,429.0
11,12899,429.0
11,12929,429.0
11,12931,429.0
11,12963,429.0
11,12979,429.0
11,12995,429.0
11,13011,429.0
11,13045,429.0
11,13073,429.0
11,13099,429.0
11,13101,429.0
11,13117,429.0
11,13143,429.0
11,13159,429.0
11,13177,429.0
11,13195,429.0
11,13197,429.0
11,13215,429.0
11,13229,429.0
11,13247,429.0
11,13275,429.0
11,13305,429.0
11,13319,429.0
11,13347,429.0
11,13363,429.0
11,13391,429.0
11,13405,429.0
11,13423,429.0
11,13449,429.0
11,13467,429.0
11,13481,429.0
11,13483,429.0
11,13511,429.0
11,13527,429.0
11,13541,429.0
11,13543,429.0
11,13573,429.0
11,13589,429.0
11,13591,429.0
11,13621,429.0
11,13637,429.0
11,13651,429.0
11,13665,429.0
11,13679,429.0
11,13709,429.0
11,13741,429.0
11,13767,429.0
11,13797,429.0
11,13811,429.0
11,13813,429.0
11,13829,429.0
11,13857,429.0
11,13859,429.0
11,13861,429.0
11,13893,429.0
11,13927,429.0
11,13943,429.0
11,13971,429.0
11,13973,429.0
11,14001,429.0
11,14027,429.0
11,14041,429.0
11,14069,429.0
11,14097,429.0
11,14111,429.0
11,14137,429.0
11,14153,429.0
11,14167,429.0
11,14181,429.0
11,14183,429.0
11,14199,429.0
11,14215,429.0
11,14241,429.0
11,14255,429.0
11,14283,429.0
12,4390,301.0
12,4406,301.0
12,4438,315.0
12,4472,315.0
12,4498,339.0
12,4528,339.0
12,4550,339.0
12,4564,339.0
12,4566,339.0
12,4582,339.0
12,4584,339.0
12,4600,339.0
12,4614,339.0
12,4628,353.0
12,4642,353.0
12,5151,353.0
12,5167,353.0
12,5181,353.0
12,5195,353.0
12,5209,353.0
12,5211,353.0
12,5225,353.0
12,5241,353.0
12,5255,361.0
12,5281,361.0
12,5295,361.0
12,5325,361.0
12,5339,361.0
12,5365,361.0
12,5367,361.0
12,5393,361.0
12,5409,361.0
12,5439,361.0
12,5453,361.0
12,5455,361.0
12,5469,361.0
12,5497,361.0
12,5511,361.0
12,5513,370.0
12,5515,370.0
12,5531,370.0
12,5557,370.0
12,5587,370.0
12,5603,370.0
12,5629,370.0
12,5657,374.0
12,5687,382.0
12,5701,382.0
12,5733,382.0
12,5753,382.0
12,5779,382.0
12,5795,382.0
12,5813,382.0
12,5849,382.0
12,5881,386.0
12,5907,386.0
12,5923,386.0
12,5925,386.0
12,5941,386.0
12,5967,386.0
12,5969,386.0
12,5983,386.0
12,5985,386.0
12,5999,387.0
12,6013,388.0
12,6015,388.0
12,6053,388.0
12,6071,388.0
12,6073,388.0
12,6087,388.0
12,6101,388.0
12,6117,388.0
12,6147,388.0
12,6161,388.0
12,6187,396.0
12,6215,396.0
12,6229,396.0
12,6255,396.0
12,6283,396.0
12,6285,396.0
12,6311,398.0
12,6325,398.0
12,6351,398.0
12,6367,398.0
12,6383,398.0
12,6397,398.0
12,6399,398.0
12,6413,398.0
12,6427,398.0
12,6459,398.0
12,6489,398.0
12,6491,398.0
12,6505,398.0
12,6535,398.0
12,6551,398.0
12,6569,398.0
12,6583,398.0
12,6613,398.0
12,6629,398.0
12,6657,400.0
12,6671,400.0
12,6703,400.0
12,6717,400.0
12,6731,400.0
12,6759,400.0
12,6775,400.0
12,6789,400.0
12,6805,400.0
12,6823,400.0
12,6845,400.0
12,6861,400.0
12,6889,400.0
12,6903,400.0
12,6935,405.0
12,6961,405.0
12,6989,405.0
12,7007,405.0
12,7037,405.0
12,7063,408.0
12,7095,408.0
12,7111,408.0
12,7145,408.0
12,7171,410.0
12,7185,410.0
12,7187,410.0
12,7215,410.0
12,7243,410.0
12,7271,410.0
12,7273,410.0
12,7289,410.0
12,7317,410.0
12,7343,410.0
12,7375,410.0
12,7389,410.0
12,7403,410.0
12,7417,410.0
12,7433,410.0
12,7447,410.0
12,7461,410.0
12,7463,410.0
12,7477,410.0
12,7507,410.0
12,7523,410.0
12,7525,410.0
12,7541,411.0
12,7567,413.0
12,7581,413.0
12,7607,413.0
12,7637,413.0
12,7665,413.0
12,7679,413.0
12,7681,413.0
12,7711,413.0
12,7739,413.0
12,7765,414.0
12,7793,414.0
12,7807,414.0
12,7809,414.0
12,7823,414.0
12,7837,414.0
12,7839,414.0
12,7865,414.0
12,7867,414.0
12,7893,414.0
12,7919,414.0
12,7933,414.0
12,7959,414.0
12,7973,414.0
12,8003,414.0
12,8005,414.0
12,8019,414.0
12,8033,414.0
12,8071,414.0
12,8101,414.0
12,8103,414.0
12,8119,414.0
12,8121,414.0
12,8135,414.0
12,8161,414.0
12,8189,414.0
12,8203,414.0
12,8217,414.0
12,8249,414.0
12,8263,414.0
12,8291,415.0
12,8293,415.0
12,8295,415.0
12,8309,415.0
12,8337,415.0
12,8355,415.0
12,8369,417.0
12,8387,417.0
12,8389,417.0
12,8407,417.0
12,8421,417.0
12,8449,417.0
12,8463,417.0
12,8481,417.0
12,8497,417.0
12,8499,417.0
12,8501,417.0
12,8533,417.0
12,8535,417.0
12,8549,417.0
12,8563,417.0
12,8577,419.0
12,8579,419.0
12,8595,419.0
12,8623,419.0
12,8637,419.0
12,8651,419.0
12,8667,419.0
12,8681,419.0
12,8697,419.0
12,8699,419.0
12,8715,419.0
12,8729,419.0
12,8743,419.0
12,8775,419.0
12,8803,419.0
12,8817,419.0
12,8843,419.0
12,8845,419.0
12,8847,419.0
12,8875,419.0
12,8901,419.0
12,8915,419.0
12,8929,419.0
12,8949,419.0
12,8967,419.0
12,8981,419.0
12,9013,419.0
12,9029,419.0
12,9045,419.0
12,9075,419.0
12,9077,419.0
12,9091,419.0
12,9107,419.0
12,9133,423.0
12,9161,423.0
12,9189,423.0
12,9215,423.0
12,9231,423.0
12,9257,423.0
12,9271,423.0
12,9297,423.0
12,9325,423.0
12,9351,423.0
12,9377,423.0
12,9391,424.0
12,9407,424.0
12,9433,424.0
12,9449,424.0
12,9463,424.0
12,9477,424.0
12,9491,424.0
12,9511,424.0
12,9527,424.0
12,9543,424.0
12,9545,424.0
12,9559,424.0
12,9585,424.0
12,9587,424.0
12,9601,424.0
12,9629,424.0
12,9631,424.0
12,9633,424.0
12,9659,424.0
12,9687,424.0
12,9689,424.0
12,9703,424.0
12,9705,424.0
12,9733,424.0
12,9749,424.0
12,9763,424.0
12,9791,424.0
12,9793,424.0
12,9807,424.0
12,9839,424.0
12,9853,424.0
12,9881,424.0
12,9897,424.0
12,9911,424.0
12,9913,424.0
12,9915,424.0
12,9929,424.0
12,9945,424.0
12,9959,424.0
12,9985,424.0
12,10013,424.0
12,10015,424.0
12,10017,424.0
12,10033,424.0
12,10047,424.0
12,10061,424.0
12,10063,424.0
12,10077,424.0
12,10105,424.0
12,10119,424.0
12,10133,424.0
12,10147,424.0
12,10161,424.0
12,10175,424.0
12,10205,424.0
12,10231,424.0
12,10233,424.0
12,10261,424.0
12,10287,424.0
12,10315,424.0
12,10331,424.0
12,10345,424.0
12,10347,424.0
12,10361,424.0
12,10375,424.0
12,10401,424.0
12,10429,424.0
12,10455,424.0
12,10457,424.0
12,10459,424.0
12,10461,424.0
12,10493,424.0
12,10507,424.0
12,10533,424.0
12,10549,424.0
12,10581,424.0
12,10607,424.0
12,10621,424.0
12,10647,424.0
12,10675,425.0
12,10703,425.0
12,10731,425.0
12,10745,425.0
12,10759,425.0
12,10773,425.0
12,10799,425.0
12,10801,425.0
12,10829,425.0
12,10857,425.0
12,10885,425.0
12,10911,425.0
12,10939,425.0
12,10969,425.0
12,10971,425.0
12,10997,425.0
12,11011,425.0
12,11043,425.0
12,11045,425.0
12,11073,425.0
12,11087,425.0
12,11117,425.0
12,11119,425.0
12,11133,425.0
12,11159,426.0
12,11175,426.0
12,11205,426.0
12,11219,426.0
12,11251,426.0
12,11253,426.0
12,11279,426.0
12,11295,426.0
12,11321,426.0
12,11337,426.0
12,11355,426.0
12,11357,426.0
12,11373,426.0
12,11387,426.0
12,11401,426.0
12,11427,426.0
12,11455,426.0
12,11483,426.0
12,11509,426.0
12,11539,426.0
12,11567,429.0
12,11581,429.0
12,11595,429.0
12,11609,429.0
12,11623,429.0
12,11653,429.0
12,11667,429.0
12,11681,429.0
12,11683,429.0
12,11709,429.0
12,11739,429.0
12,11769,429.0
12,11785,429.0
12,11821,429.0
12,11835,429.0
12,11863,429.0
12,11879,429.0
12,11895,429.0
12,11897,429.0
12,11927,429.0
12,11945,429.0
12,11959,429.0
12,11979,429.0
12,12015,429.0
12,12031,429.0
12,12045,429.0
12,12047,429.0
12,12075,429.0
12,12103,430.0
12,12117,430.0
12,12131,430.0
12,12145,430.0
12,12161,430.0
12,12189,430.0
12,12205,430.0
12,12219,430.0
12,12221,430.0
12,12237,430.0
12,12263,430.0
12,12265,430.0
12,12297,430.0
12,12325,430.0
12,12343,430.0
12,12345,430.0
12,12363,430.0
12,12397,430.0
12,12425,430.0
12,12439,430.0
12,12465,430.0
12,12481,430.0
12,12495,430.0
12,12497,430.0
12,12513,430.0
12,12515,430.0
12,12541,430.0
12,12555,430.0
12,12571,430.0
12,12597,430.0
12,12611,430.0
12,12627,430.0
12,12655,430.0
12,12669,430.0
12,12697,430.0
12,12699,430.0
12,12719,430.0
12,12735,430.0
12,12749,430.0
12,12767,430.0
12,12783,430.0
12,12797,430.0
12,12825,430.0
12,12853,430.0
12,12887,430.0
12,12903,430.0
12,12933,430.0
12,12947,430.0
12,12981,430.0
12,12997,430.0
12,13023,430.0
12,13037,430.0
12,13053,430.0
12,13083,430.0
12,13109,430.0
12,13135,430.0
12,13165,430.0
12,13179,430.0
12,13181,430.0
12,13197,430.0
12,13199,430.0
12,13213,430.0
12,13231,430.0
12,13257,430.0
12,13287,430.0
12,13303,430.0
12,13329,430.0
12,13343,430.0
12,13357,430.0
12,13371,430.0
12,13373,430.0
12,13375,430.0
12,13403,430.0
12,13419,430.0
12,13435,430.0
12,13461,430.0
12,13475,430.0
12,13489,430.0
12,13505,430.0
12,13521,430.0
12,13537,430.0
12,13569,430.0
12,13599,430.0
12,13617,430.0
12,13633,430.0
12,13635,430.0
12,13649,430.0
12,13663,430.0
12,13665,430.0
12,13667,430.0
12,13693,430.0
12,13709,430.0
12,13711,430.0
12,13743,430.0
12,13775,430.0
12,13777,430.0
12,13791,430.0
12,13805,430.0
12,13823,430.0
12,13825,430.0
12,13839,430.0
12,13853,430.0
12,13879,430.0
12,13905,430.0
12,13921,430.0
12,13949,430.0
12,13977,430.0
12,13991,430.0
12,14005,430.0
12,14033,430.0
12,14051,430.0
12,14077,430.0
12,14105,430.0
12,14119,430.0
12,14145,430.0
12,14173,430.0
12,14199,430.0
12,14215,430.0
12,14231,430.0
12,14245,430.0
12,14259,430.0
12,14275,430.0
12,14289,430.0
12,14305,430.0
12,14319,430.0
12,14335,430.0
12,14365,430.0
12,14381,430.0
13,4388,302.0
13,4390,302.0
13,4420,307.0
13,4422,307.0
13,4436,307.0
13,4462,336.0
13,4476,336.0
13,4490,336.0
13,4504,339.0
13,4506,339.0
13,4520,356.0
13,4548,356.0
13,4562,356.0
13,4564,356.0
13,5041,356.0
13,5059,356.0
13,5075,356.0
13,5105,356.0
13,5135,356.0
13,5151,356.0
13,5165,356.0
13,5191,356.0
13,5207,356.0
13,5223,356.0
13,5253,356.0
13,5267,356.0
13,5283,356.0
13,5301,356.0
13,5303,356.0
13,5317,356.0
13,5319,356.0
13,5335,356.0
13,5361,356.0
13,5363,356.0
13,5389,365.0
13,5407,365.0
13,5421,365.0
13,5423,365.0
13,5457,365.0
13,5483,365.0
13,5497,365.0
13,5523,372.0
13,5537,372.0
13,5539,372.0
13,5571,374.0
13,5585,374.0
13,5603,374.0
13,5605,374.0
13,5635,374.0
13,5651,374.0
13,5677,379.0
13,5707,390.0
13,5725,393.0
13,5739,393.0
13,5753,393.0
13,5769,393.0
13,5785,393.0
13,5799,393.0
13,5813,393.0
13,5841,393.0
13,5869,393.0
13,5897,393.0
13,5915,393.0
13,5917,393.0
13,5919,393.0
13,5921,393.0
13,5953,393.0
13,5955,393.0
13,5985,393.0
13,5999,393.0
13,6013,393.0
13,6029,393.0
13,6055,393.0
13,6085,393.0
13,6115,393.0
13,6129,393.0
13,6145,393.0
13,6147,393.0
13,6161,393.0
13,6177,393.0
13,6205,393.0
13,6207,393.0
13,6209,393.0
13,6223,393.0
13,6249,394.0
13,6265,394.0
13,6291,396.0
13,6305,405.0
13,6331,405.0
13,6333,405.0
13,6335,405.0
13,6361,405.0
13,6375,405.0
13,6377,405.0
13,6403,405.0
13,6417,405.0
13,6443,410.0
13,6457,410.0
13,6495,410.0
13,6511,410.0
13,6527,410.0
13,6557,410.0
13,6585,410.0
13,6611,419.0
13,6637,419.0
13,6667,419.0
13,6693,419.0
13,6725,419.0
13,6751,419.0
13,6777,419.0
13,6779,419.0
13,6807,419.0
13,6809,419.0
13,6823,419.0
13,6825,419.0
13,6861,419.0
13,6889,419.0
13,6921,419.0
13,6947,419.0
13,6963,419.0
13,6991,419.0
13,7019,419.0
13,7037,419.0
13,7039,419.0
13,7071,419.0
13,7085,419.0
13,7103,419.0
13,7117,419.0
13,7145,419.0
13,7175,419.0
13,7203,419.0
13,7217,419.0
13,7219,419.0
13,7233,419.0
13,7259,419.0
13,7261,419.0
13,7289,419.0
13,7303,419.0
13,7305,419.0
13,7319,419.0
13,7347,419.0
13,7361,419.0
13,7375,419.0
13,7377,419.0
13,7403,419.0
13,7433,419.0
13,7435,419.0
13,7461,419.0
13,7481,419.0
13,7497,419.0
13,7517,419.0
13,7519,419.0
13,7533,419.0
13,7561,419.0
13,7581,419.0
13,7583,419.0
13,7597,419.0
13,7611,419.0
13,7641,419.0
13,7669,419.0
13,7683,419.0
13,7685,419.0
13,7687,419.0
13,7715,419.0
13,7729,420.0
13,7745,420.0
13,7759,420.0
13,7793,420.0
13,7807,420.0
13,7833,420.0
13,7835,420.0
13,7861,420.0
13,7877,420.0
13,7905,420.0
13,7907,420.0
13,7921,420.0
13,7947,420.0
13,7961,420.0
13,7975,420.0
13,7977,420.0
13,8007,420.0
13,8009,420.0
13,8023,420.0
13,8039,420.0
13,8053,420.0
13,8081,420.0
13,8095,421.0
13,8109,421.0
13,8111,421.0
13,8113,421.0
13,8127,421.0
13,8153,422.0
13,8183,422.0
13,8211,422.0
13,8239,422.0
13,8255,422.0
13,8283,422.0
13,8301,422.0
13,8327,422.0
13,8329,422.0
13,8345,422.0
13,8361,422.0
13,8375,423.0
13,8391,423.0
13,8393,423.0
13,8407,423.0
13,8409,423.0
13,8441,423.0
13,8443,423.0
13,8457,423.0
13,8459,423.0
13,8473,423.0
13,8487,423.0
13,8523,423.0
13,8539,423.0
13,8553,423.0
13,8567,423.0
13,8585,423.0
13,8599,423.0
13,8615,423.0
13,8647,423.0
13,8661,423.0
13,8675,423.0
13,8691,423.0
13,8705,423.0
13,8721,423.0
13,8739,423.0
13,8757,423.0
13,8773,423.0
13,8787,423.0
13,8801,423.0
13,8815,423.0
13,8817,423.0
13,8819,423.0
13,8847,423.0
13,8879,423.0
13,8895,423.0
13,8913,423.0
13,8929,423.0
13,8945,423.0
13,8947,423.0
13,8973,424.0
13,8987,424.0
13,9005,424.0
13,9031,427.0
13,9049,427.0
13,9063,428.0
13,9077,428.0
13,9091,428.0
13,9105,428.0
13,9139,428.0
13,9169,428.0
13,9197,428.0
13,9233,428.0
13,9247,428.0
13,9265,428.0
13,9267,428.0
13,9293,428.0
13,9309,428.0
13,9343,428.0
13,9375,428.0
13,9389,428.0
13,9409,428.0
13,9411,428.0
13,9425,428.0
13,9439,428.0
13,9465,428.0
13,9481,428.0
13,9497,428.0
13,9513,428.0
13,9527,428.0
13,9541,428.0
13,9557,428.0
13,9573,428.0
13,9591,428.0
13,9619,428.0
13,9633,428.0
13,9659,428.0
13,9687,428.0
13,9701,428.0
13,9703,428.0
13,9731,428.0
13,9759,428.0
13,9773,428.0
13,9801,428.0
13,9831,428.0
13,9845,428.0
13,9859,428.0
13,9873,429.0
13,9875,429.0
13,9901,429.0
13,9917,429.0
13,9931,429.0
13,9947,429.0
13,9979,429.0
13,9995,429.0
13,10021,429.0
13,10049,429.0
13,10051,429.0
13,10077,429.0
13,10093,429.0
13,10121,429.0
13,10151,429.0
13,10169,429.0
13,10201,429.0
13,10219,429.0
13,10237,429.0
13,10277,429.0
13,10303,429.0
13,10319,429.0
13,10333,429.0
13,10365,429.0
13,10397,429.0
13,10411,429.0
13,10439,429.0
13,10455,429.0
13,10457,429.0
13,10483,429.0
13,10501,429.0
13,10521,429.0
13,10535,429.0
13,10551,429.0
13,10553,429.0
13,10567,429.0
13,10569,429.0
13,10595,429.0
13,10613,429.0
13,10627,429.0
13,10641,429.0
13,10657,429.0
13,10671,429.0
13,10697,429.0
13,10699,429.0
13,10727,429.0
13,10753,429.0
13,10785,429.0
13,10799,429.0
13,10815,429.0
13,10845,429.0
13,10871,429.0
13,10873,429.0
13,10903,429.0
13,10917,429.0
13,10943,429.0
13,10971,429.0
13,10985,429.0
13,11011,429.0
13,11037,429.0
13,11039,429.0
13,11041,429.0
13,11071,429.0
13,11097,429.0
13,11129,429.0
13,11157,429.0
13,11159,429.0
13,11161,429.0
13,11175,429.0
13,11205,429.0
13,11235,429.0
13,11249,429.0
13,11251,429.0
13,11267,429.0
13,11295,429.0
13,11325,429.0
13,11339,429.0
13,11367,429.0
13,11381,429.0
13,11409,429.0
13,11423,429.0
13,11449,429.0
13,11451,429.0
13,11481,429.0
13,11509,429.0
13,11525,429.0
13,11551,429.0
13,11565,429.0
13,11579,429.0
13,11597,429.0
13,11611,431.0
13,11637,431.0
13,11651,431.0
13,11667,431.0
13,11693,431.0
13,11723,431.0
13,11739,431.0
13,11741,431.0
13,11757,431.0
13,11771,431.0
13,11773,431.0
13,11789,431.0
13,11819,431.0
13,11821,431.0
13,11851,431.0
13,11865,431.0
13,11881,431.0
13,11907,431.0
13,11921,431.0
13,11949,431.0
13,11965,431.0
13,11995,431.0
13,12009,431.0
13,12023,431.0
13,12039,431.0
13,12053,431.0
13,12055,431.0
13,12057,431.0
13,12073,431.0
13,12087,431.0
13,12105,431.0
13,12131,431.0
13,12157,431.0
13,12177,431.0
13,12193,431.0
13,12195,431.0
13,12223,431.0
13,12255,431.0
13,12285,431.0
13,12299,431.0
13,12315,431.0
13,12343,431.0
13,12357,431.0
13,12389,431.0
13,12407,431.0
13,12409,431.0
13,12427,431.0
13,12441,431.0
13,12471,431.0
13,12499,431.0
13,12513,431.0
13,12543,431.0
13,12557,431.0
13,12559,431.0
13,12589,431.0
13,12605,431.0
13,12633,431.0
13,12659,431.0
13,12685,431.0
13,12701,431.0
13,12719,431.0
13,12745,431.0
13,12747,431.0
13,12763,431.0
13,12779,431.0
13,12795,431.0
13,12821,431.0
13,12835,431.0
13,12851,431.0
13,12865,431.0
13,12879,431.0
13,12893,431.0
13,12909,431.0
13,12911,431.0
13,12913,431.0
13,12943,431.0
13,12957,431.0
13,12973,431.0
13,12987,431.0
13,12989,431.0
13,13003,431.0
13,13017,431.0
13,13033,431.0
13,13051,431.0
13,13065,431.0
13,13093,431.0
13,13119,431.0
13,13121,431.0
13,13147,431.0
13,13175,431.0
13,13193,431.0
13,13195,431.0
13,13209,431.0
13,13223,431.0
13,13241,431.0
13,13243,431.0
13,13271,431.0
13,13285,431.0
13,13299,431.0
13,13313,431.0
13,13341,431.0
13,13355,431.0
13,13357,431.0
13,13371,431.0
13,13387,431.0
13,13401,431.0
13,13429,431.0
13,13455,431.0
13,13487,431.0
13,13501,431.0
13,13515,431.0
13,13529,431.0
13,13557,431.0
13,13583,431.0
13,13585,431.0
13,13613,431.0
13,13627,431.0
13,13641,431.0
13,13671,431.0
13,13697,431.0
13,13713,431.0
13,13727,431.0
13,13741,431.0
13,13757,431.0
13,13759,431.0
13,13773,431.0
13,13787,431.0
13,13813,431.0
13,13827,431.0
13,13841,431.0
13,13843,431.0
13,13857,431.0
13,13859,431.0
13,13873,431.0
13,13889,431.0
13,13907,431.0
13,13933,431.0
13,13953,431.0
13,13981,431.0
13,14007,431.0
13,14035,431.0
13,14049,431.0
13,14063,431.0
13,14081,431.0
13,14107,431.0
13,14135,431.0
13,14163,431.0
13,14191,431.0
13,14205,431.0
13,14207,431.0
13,14223,431.0
13,14251,431.0
13,14281,431.0
13,14295,431.0
13,14309,431.0
13,14341,431.0
13,14355,431.0
13,14369,431.0
14,4444,292.0
14,4472,308.0
14,4498,323.0
14,4987,323.0
14,5001,323.0
14,5015,323.0
14,5029,323.0
14,5057,323.0
14,5071,323.0
14,5105,344.0
14,5135,344.0
14,5149,344.0
14,5177,344.0
14,5191,344.0
14,5205,344.0
14,5219,344.0
14,5235,344.0
14,5265,344.0
14,5293,344.0
14,5307,344.0
14,5335,344.0
14,5363,362.0
14,5389,362.0
14,5405,362.0
14,5419,367.0
14,5447,367.0
14,5461,367.0
14,5475,367.0
14,5501,380.0
14,5519,380.0
14,5533,380.0
14,5549,380.0
14,5563,380.0
14,5577,380.0
14,5579,380.0
14,5593,380.0
14,5625,380.0
14,5651,380.0
14,5681,380.0
14,5699,380.0
14,5701,380.0
14,5735,386.0
14,5749,386.0
14,5763,401.0
14,5765,401.0
14,5779,401.0
14,5781,401.0
14,5807,401.0
14,5809,401.0
14,5823,401.0
14,5849,401.0
14,5851,401.0
14,5879,401.0
14,5893,401.0
14,5895,401.0
14,5925,401.0
14,5951,401.0
14,5965,401.0
14,6001,401.0
14,6029,401.0
14,6045,401.0
14,6063,401.0
14,6077,401.0
14,6107,401.0
14,6137,401.0
14,6153,401.0
14,6181,401.0
14,6207,401.0
14,6221,401.0
14,6235,401.0
14,6261,404.0
14,6287,415.0
14,6313,415.0
14,6341,418.0
14,6355,418.0
14,6381,418.0
14,6409,418.0
14,6425,418.0
14,6455,418.0
14,6487,418.0
14,6503,418.0
14,6529,418.0
14,6561,420.0
14,6589,420.0
14,6623,420.0
14,6651,420.0
14,6687,420.0
14,6689,420.0
14,6705,420.0
14,6733,420.0
14,6759,420.0
14,6773,420.0
14,6803,420.0
14,6831,420.0
14,6857,420.0
14,6871,420.0
14,6885,420.0
14,6899,420.0
14,6917,420.0
14,6943,420.0
14,6973,420.0
14,6999,420.0
14,7001,420.0
14,7027,420.0
14,7045,420.0
14,7077,420.0
14,7091,420.0
14,7093,420.0
14,7095,420.0
14,7111,420.0
14,7125,420.0
14,7151,420.0
14,7165,420.0
14,7195,420.0
14,7211,420.0
14,7225,420.0
14,7227,420.0
14,7241,420.0
14,7255,420.0
14,7281,420.0
14,7299,420.0
14,7313,420.0
14,7339,420.0
14,7353,420.0
14,7379,420.0
14,7395,420.0
14,7411,420.0
14,7437,420.0
14,7465,420.0
14,7479,420.0
14,7495,420.0
14,7511,420.0
14,7527,420.0
14,7545,420.0
14,7571,421.0
14,7573,421.0
14,7587,421.0
14,7613,422.0
14,7627,422.0
14,7643,422.0
14,7645,422.0
14,7671,422.0
14,7699,422.0
14,7715,422.0
14,7747,422.0
14,7761,422.0
14,7763,422.0
14,7765,422.0
14,7779,422.0
14,7793,422.0
14,7823,422.0
14,7837,422.0
14,7853,422.0
14,7881,422.0
14,7895,422.0
14,7923,422.0
14,7949,422.0
14,7983,422.0
14,7997,422.0
14,8011,422.0
14,8037,422.0
14,8063,422.0
14,8095,422.0
14,8121,422.0
14,8135,422.0
14,8149,425.0
14,8165,425.0
14,8167,425.0
14,8197,425.0
14,8223,425.0
14,8225,425.0
14,8251,425.0
14,8253,425.0
14,8267,425.0
14,8295,425.0
14,8311,425.0
14,8325,425.0
14,8339,425.0
14,8341,425.0
14,8343,425.0
14,8357,425.0
14,8373,425.0
14,8387,425.0
14,8415,425.0
14,8429,425.0
14,8455,425.0
14,8483,425.0
14,8515,425.0
14,8531,425.0
14,8547,425.0
14,8575,425.0
14,8603,425.0
14,8631,425.0
14,8657,425.0
14,8671,425.0
14,8685,425.0
14,8701,425.0
14,8729,425.0
14,8743,425.0
14,8771,425.0
14,8785,426.0
14,8799,426.0
14,8815,426.0
14,8829,426.0
14,8831,426.0
14,8859,426.0
14,8861,426.0
14,8875,426.0
14,8889,426.0
14,8903,426.0
14,8905,426.0
14,8919,427.0
14,8921,427.0
14,8935,427.0
14,8963,427.0
14,8977,427.0
14,8991,427.0
14,8993,427.0
14,9019,427.0
14,9047,427.0
14,9077,427.0
14,9093,427.0
14,9123,427.0
14,9153,427.0
14,9181,427.0
14,9213,427.0
14,9239,427.0
14,9265,427.0
14,9267,427.0
14,9281,427.0
14,9295,427.0
14,9311,427.0
14,9325,427.0
14,9339,427.0
14,9367,427.0
14,9381,427.0
14,9409,427.0
14,9435,427.0
14,9451,427.0
14,9477,427.0
14,9505,427.0
14,9525,427.0
14,9551,427.0
14,9579,427.0
14,9607,427.0
14,9609,427.0
14,9611,427.0
14,9637,427.0
14,9651,427.0
14,9653,427.0
14,9667,427.0
14,9681,427.0
14,9697,427.0
14,9723,427.0
14,9737,427.0
14,9767,427.0
14,9783,427.0
14,9785,427.0
14,9799,427.0
14,9801,427.0
14,9829,427.0
14,9847,427.0
14,9861,427.0
14,9877,427.0
14,9891,427.0
14,9893,427.0
14,9895,427.0
14,9923,427.0
14,9939,427.0
14,9953,427.0
14,9967,427.0
14,9997,427.0
14,10011,427.0
14,10013,427.0
14,10029,427.0
14,10043,427.0
14,10061,427.0
14,10077,427.0
14,10103,427.0
14,10117,427.0
14,10131,427.0
14,10133,427.0
14,10151,427.0
14,10179,427.0
14,10207,427.0
14,10239,427.0
14,10255,427.0
14,10283,427.0
14,10297,428.0
14,10313,428.0
14,10329,428.0
14,10355,428.0
14,10381,428.0
14,10395,428.0
14,10423,428.0
14,10425,428.0
14,10427,428.0
14,10459,428.0
14,10485,428.0
14,10499,428.0
14,10517,428.0
14,10545,428.0
14,10547,428.0
14,10575,428.0
14,10589,428.0
14,10607,428.0
14,10635,428.0
14,10661,428.0
14,10675,428.0
14,10709,428.0
14,10725,428.0
14,10741,428.0
14,10757,428.0
14,10785,428.0
14,10813,428.0
14,10827,428.0
14,10841,428.0
14,10869,428.0
14,10883,428.0
14,10913,428.0
14,10941,428.0
14,10955,428.0
14,10981,428.0
14,11009,428.0
14,11011,428.0
14,11025,428.0
14,11051,428.0
14,11079,428.0
14,11105,428.0
14,11135,428.0
14,11149,428.0
14,11177,428.0
14,11201,428.0
14,11203,428.0
14,11217,428.0
14,11233,428.0
14,11247,428.0
14,11263,428.0
14,11295,428.0
14,11323,428.0
14,11325,428.0
14,11341,428.0
14,11367,428.0
14,11381,428.0
14,11399,428.0
14,11401,428.0
14,11415,428.0
14,11417,428.0
14,11433,428.0
14,11451,428.0
14,11465,428.0
14,11491,428.0
14,11523,428.0
14,11543,428.0
14,11545,428.0
14,11547,428.0
14,11549,428.0
14,11575,428.0
14,11577,428.0
14,11603,428.0
14,11631,428.0
14,11647,428.0
14,11665,428.0
14,11693,428.0
14,11719,428.0
14,11733,428.0
14,11735,428.0
14,11763,428.0
14,11795,428.0
14,11813,428.0
14,11841,428.0
14,11873,428.0
14,11887,428.0
14,11901,428.0
14,11937,428.0
14,11939,428.0
14,11955,428.0
14,11969,428.0
14,11985,428.0
14,12001,428.0
14,12015,428.0
14,12043,428.0
14,12071,428.0
14,12085,428.0
14,12111,428.0
14,12113,428.0
14,12143,428.0
14,12145,428.0
14,12159,428.0
14,12185,428.0
14,12201,428.0
14,12203,428.0
14,12217,428.0
14,12243,428.0
14,12271,428.0
14,12291,428.0
14,12317,428.0
14,12345,428.0
14,12347,428.0
14,12361,428.0
14,12381,428.0
14,12397,428.0
14,12415,428.0
14,12443,428.0
14,12473,428.0
14,12487,428.0
14,12515,428.0
14,12549,428.0
14,12563,428.0
14,12579,428.0
14,12581,428.0
14,12583,428.0
14,12597,428.0
14,12613,428.0
14,12615,428.0
14,12633,428.0
14,12651,428.0
14,12653,428.0
14,12681,428.0
14,12695,428.0
14,12713,428.0
14,12731,428.0
14,12745,428.0
14,12759,429.0
14,12789,429.0
14,12815,429.0
14,12829,429.0
14,12831,429.0
14,12845,429.0
14,12859,429.0
14,12873,429.0
14,12899,429.0
14,12927,429.0
14,12943,429.0
14,12959,429.0
14,12987,429.0
14,13003,429.0
14,13031,429.0
14,13057,429.0
14,13087,429.0
14,13101,429.0
14,13103,429.0
14,13117,429.0
14,13145,429.0
14,13147,429.0
14,13149,429.0
14,13163,429.0
14,13191,429.0
14,13205,429.0
14,13219,429.0
14,13233,429.0
14,13261,429.0
14,13289,429.0
14,13317,429.0
14,13345,429.0
14,13361,429.0
14,13389,429.0
14,13403,429.0
14,13417,429.0
14,13447,429.0
14,13463,429.0
14,13477,429.0
14,13493,429.0
14,13495,429.0
14,13525,429.0
14,13551,429.0
14,13577,429.0
14,13579,429.0
14,13599,429.0
14,13601,429.0
14,13619,429.0
14,13645,429.0
14,13647,429.0
14,13663,429.0
14,13691,429.0
14,13693,429.0
14,13707,429.0
14,13735,429.0
14,13749,429.0
14,13777,429.0
14,13779,429.0
14,13809,429.0
14,13823,429.0
14,13851,429.0
14,13865,429.0
14,13879,429.0
14,13905,429.0
14,13933,429.0
14,13961,429.0
14,13987,429.0
14,13989,429.0
14,14017,429.0
14,14043,429.0
14,14059,429.0
14,14079,429.0
14,14093,429.0
14,14095,429.0
14,14097,429.0
14,14123,429.0
14,14139,429.0
14,14165,429.0
14,14191,429.0
14,14221,429.0
14,14251,429.0
14,14253,429.0
14,14267,429.0
14,14295,429.0
14,14321,429.0
14,14323,429.0
14,14337,429.0
14,14339,429.0
14,14353,429.0
14,14379,433.0
14,14405,433.0
14,14419,433.0
15,4496,312.0
15,4510,312.0
15,4540,312.0
15,4566,312.0
15,4596,334.0
15,4612,334.0
15,4626,334.0
15,4644,334.0
15,4658,337.0
15,4660,337.0
15,5157,337.0
15,5159,353.0
15,5187,353.0
15,5189,353.0
15,5217,353.0
15,5247,372.0
15,5277,372.0
15,5291,372.0
15,5319,372.0
15,5335,372.0
15,5353,372.0
15,5367,372.0
15,5393,372.0
15,5407,372.0
15,5433,372.0
15,5435,372.0
15,5461,372.0
15,5475,372.0
15,5503,372.0
15,5519,372.0
15,5521,372.0
15,5551,372.0
15,5565,372.0
15,5579,372.0
15,5613,372.0
15,5641,372.0
15,5669,372.0
15,5683,372.0
15,5711,372.0
15,5737,372.0
15,5765,372.0
15,5795,372.0
15,5823,377.0
15,5839,377.0
15,5869,377.0
15,5885,377.0
15,5899,377.0
15,5913,380.0
15,5929,380.0
15,5957,380.0
15,5983,393.0
15,6009,393.0
15,6011,393.0
15,6025,393.0
15,6039,393.0
15,6041,393.0
15,6071,393.0
15,6087,393.0
15,6101,393.0
15,6117,393.0
15,6133,393.0
15,6163,393.0
15,6177,394.0
15,6205,394.0
15,6235,396.0
15,6249,398.0
15,6283,398.0
15,6311,398.0
15,6337,401.0
15,6351,401.0
15,6377,401.0
15,6395,401.0
15,6421,405.0
15,6423,405.0
15,6455,405.0
15,6457,405.0
15,6473,405.0
15,6475,405.0
15,6503,405.0
15,6535,405.0
15,6537,405.0
15,6553,405.0
15,6585,405.0
15,6603,405.0
15,6617,405.0
15,6645,405.0
15,6665,405.0
15,6691,409.0
15,6721,415.0
15,6735,415.0
15,6749,415.0
15,6763,415.0
15,6777,415.0
15,6809,415.0
15,6823,415.0
15,6837,415.0
15,6863,415.0
15,6865,415.0
15,6881,415.0
15,6883,415.0
15,6899,415.0
15,6925,415.0
15,6939,415.0
15,6965,415.0
15,6979,415.0
15,7007,416.0
15,7021,416.0
15,7037,416.0
15,7065,416.0
15,7067,416.0
15,7069,416.0
15,7083,416.0
15,7111,416.0
15,7143,416.0
15,7157,416.0
15,7185,416.0
15,7201,416.0
15,7203,416.0
15,7219,416.0
15,7235,416.0
15,7257,416.0
15,7271,416.0
15,7287,416.0
15,7315,416.0
15,7329,416.0
15,7345,416.0
15,7347,416.0
15,7365,416.0
15,7393,416.0
15,7423,416.0
15,7439,416.0
15,7467,416.0
15,7493,416.0
15,7507,416.0
15,7533,416.0
15,7561,416.0
15,7577,416.0
15,7595,416.0
15,7609,416.0
15,7623,416.0
15,7649,419.0
15,7663,419.0
15,7677,419.0
15,7693,419.0
15,7707,419.0
15,7721,419.0
15,7739,419.0
15,7741,419.0
15,7773,419.0
15,7801,419.0
15,7827,419.0
15,7841,419.0
15,7855,419.0
15,7871,419.0
15,7899,419.0
15,7901,419.0
15,7933,419.0
15,7961,419.0
15,7989,419.0
15,8003,419.0
15,8019,419.0
15,8035,419.0
15,8049,419.0
15,8065,419.0
15,8067,419.0
15,8081,419.0
15,8109,419.0
15,8111,419.0
15,8137,419.0
15,8139,419.0
15,8141,419.0
15,8157,419.0
15,8171,419.0
15,8203,419.0
15,8217,419.0
15,8233,419.0
15,8247,419.0
15,8261,419.0
15,8263,419.0
15,8291,419.0
15,8319,419.0
15,8321,419.0
15,8351,419.0
15,8377,420.0
15,8391,420.0
15,8421,420.0
15,8447,420.0
15,8449,420.0
15,8463,420.0
15,8481,420.0
15,8499,420.0
15,8513,420.0
15,8515,420.0
15,8541,420.0
15,8555,422.0
15,8573,422.0
15,8587,422.0
15,8603,422.0
15,8605,422.0
15,8633,422.0
15,8661,422.0
15,8689,422.0
15,8721,422.0
15,8723,422.0
15,8737,422.0
15,8739,422.0
15,8769,422.0
15,8787,422.0
15,8803,422.0
15,8817,425.0
15,8831,425.0
15,8847,425.0
15,8863,425.0
15,8879,425.0
15,8905,425.0
15,8931,426.0
15,8949,426.0
15,8979,426.0
15,9005,426.0
15,9037,426.0
15,9051,426.0
15,9077,426.0
15,9105,426.0
15,9135,426.0
15,9149,426.0
15,9165,426.0
15,9179,426.0
15,9181,426.0
15,9195,426.0
15,9227,426.0
15,9253,426.0
15,9281,426.0
15,9283,426.0
15,9311,426.0
15,9329,426.0
15,9357,426.0
15,9371,426.0
15,9399,426.0
15,9429,426.0
15,9443,426.0
15,9445,426.0
15,9471,426.0
15,9485,426.0
15,9515,426.0
15,9529,426.0
15,9531,426.0
15,9561,426.0
15,9575,426.0
15,9591,426.0
15,9605,426.0
15,9621,426.0
15,9623,426.0
15,9637,426.0
15,9639,426.0
15,9653,426.0
15,9681,426.0
15,9695,426.0
15,9697,426.0
15,9725,426.0
15,9751,426.0
15,9753,426.0
15,9781,426.0
15,9783,426.0
15,9785,426.0
15,9799,426.0
15,9815,426.0
15,9829,426.0
15,9857,426.0
15,9871,426.0
15,9901,426.0
15,9917,426.0
15,9945,426.0
15,9967,426.0
15,9995,426.0
15,10025,426.0
15,10027,426.0
15,10041,426.0
15,10043,426.0
15,10045,426.0
15,10073,426.0
15,10087,426.0
15,10101,426.0
15,10115,426.0
15,10129,426.0
15,10145,426.0
15,10159,426.0
15,10173,426.0
15,10203,426.0
15,10221,426.0
15,10247,426.0
15,10273,426.0
15,10293,426.0
15,10307,426.0
15,10309,426.0
15,10311,426.0
15,10313,426.0
15,10327,427.0
15,10353,427.0
15,10367,427.0
15,10381,427.0
15,10383,427.0
15,10399,427.0
15,10415,427.0
15,10443,427.0
15,10473,427.0
15,10487,427.0
15,10501,427.0
15,10515,427.0
15,10543,427.0
15,10557,427.0
15,10571,427.0
15,10587,427.0
15,10609,427.0
15,10635,427.0
15,10649,427.0
15,10663,427.0
15,10677,427.0
15,10691,427.0
15,10705,427.0
15,10721,427.0
15,10735,427.0
15,10749,427.0
15,10775,427.0
15,10811,427.0
15,10825,427.0
15,10853,427.0
15,10867,427.0
15,10883,427.0
15,10897,427.0
15,10925,427.0
15,10927,427.0
15,10941,427.0
15,10955,427.0
15,10983,427.0
15,10985,427.0
15,11001,427.0
15,11033,427.0
15,11061,427.0
15,11075,427.0
15,11101,427.0
15,11115,427.0
15,11129,427.0
15,11131,427.0
15,11133,427.0
15,11135,427.0
15,11165,427.0
15,11179,427.0
15,11207,427.0
15,11235,427.0
15,11263,427.0
15,11277,427.0
15,11305,427.0
15,11337,427.0
15,11365,427.0
15,11393,427.0
15,11421,427.0
15,11447,427.0
15,11473,429.0
15,11487,429.0
15,11489,429.0
15,11491,429.0
15,11505,429.0
15,11521,429.0
15,11537,429.0
15,11555,429.0
15,11583,429.0
15,11597,429.0
15,11611,429.0
15,11625,429.0
15,11655,429.0
15,11669,429.0
15,11703,429.0
15,11721,429.0
15,11737,429.0
15,11767,429.0
15,11785,429.0
15,11801,429.0
15,11803,429.0
15,11831,429.0
15,11863,429.0
15,11897,429.0
15,11899,429.0
15,11917,429.0
15,11943,430.0
15,11963,430.0
15,11977,430.0
15,12003,430.0
15,12005,430.0
15,12031,430.0
15,12045,430.0
15,12059,430.0
15,12087,430.0
15,12115,430.0
15,12141,430.0
15,12155,430.0
15,12169,430.0
15,12185,430.0
15,12199,430.0
15,12215,430.0
15,12231,430.0
15,12249,430.0
15,12277,430.0
15,12279,430.0
15,12307,430.0
15,12333,430.0
15,12347,430.0
15,12363,430.0
15,12389,430.0
15,12419,430.0
15,12447,430.0
15,12449,430.0
15,12475,430.0
15,12489,430.0
15,12503,430.0
15,12529,430.0
15,12545,430.0
15,12559,430.0
15,12573,430.0
15,12587,430.0
15,12589,430.0
15,12615,430.0
15,12629,430.0
15,12659,430.0
15,12691,430.0
15,12719,430.0
15,12735,430.0
15,12737,430.0
15,12765,430.0
15,12779,430.0
15,12793,430.0
15,12821,430.0
15,12839,430.0
15,12841,430.0
15,12861,430.0
15,12887,430.0
15,12915,430.0
15,12933,430.0
15,12959,430.0
15,12975,430.0
15,12989,430.0
15,13015,430.0
15,13031,430.0
15,13059,430.0
15,13087,430.0
15,13089,430.0
15,13115,430.0
15,13129,430.0
15,13145,430.0
15,13147,430.0
15,13149,430.0
15,13179,430.0
15,13193,430.0
15,13195,430.0
15,13209,430.0
15,13223,430.0
15,13251,430.0
15,13279,430.0
15,13293,430.0
15,13309,430.0
15,13337,430.0
15,13365,430.0
15,13397,430.0
15,13411,430.0
15,13413,430.0
15,13415,430.0
15,13429,430.0
15,13457,430.0
15,13485,430.0
15,13501,430.0
15,13521,430.0
15,13535,430.0
15,13551,430.0
15,13567,430.0
15,13595,430.0
15,13621,430.0
15,13623,430.0
15,13649,430.0
15,13677,430.0
15,13705,430.0
15,13707,430.0
15,13735,430.0
15,13751,430.0
15,13753,430.0
15,13781,430.0
15,13783,430.0
15,13811,430.0
15,13825,430.0
15,13841,430.0
15,13855,430.0
15,13869,430.0
15,13871,430.0
15,13887,430.0
15,13889,430.0
15,13917,430.0
15,13931,430.0
15,13961,430.0
15,13963,430.0
15,13977,430.0
15,13995,430.0
15,14011,430.0
15,14037,430.0
15,14065,430.0
15,14079,430.0
15,14093,430.0
15,14109,430.0
15,14135,430.0
15,14151,430.0
15,14181,430.0
15,14211,430.0
15,14239,430.0
15,14271,430.0
15,14285,430.0
15,14313,430.0
15,14339,430.0
15,14355,430.0
15,14381,430.0
15,14397,430.0
15,14427,430.0
15,14441,430.0
15,14443,430.0
15,14457,430.0
15,14471,430.0
16,4408,289.0
16,4424,289.0
16,4442,289.0
16,4456,320.0
16,4947,320.0
16,4975,320.0
16,4993,320.0
16,5007,320.0
16,5021,330.0
16,5035,330.0
16,5049,345.0
16,5063,345.0
16,5089,345.0
16,5105,345.0
16,5133,345.0
16,5147,345.0
16,5183,345.0
16,5185,345.0
16,5201,356.0
16,5231,356.0
16,5233,356.0
16,5263,356.0
16,5277,370.0
16,5293,370.0
16,5295,370.0
16,5325,370.0
16,5355,370.0
16,5371,370.0
16,5387,370.0
16,5421,370.0
16,5447,370.0
16,5475,370.0
16,5505,370.0
16,5531,370.0
16,5545,370.0
16,5573,370.0
16,5575,370.0
16,5589,370.0
16,5607,370.0
16,5621,370.0
16,5651,370.0
16,5653,370.0
16,5655,370.0
16,5683,370.0
16,5709,374.0
16,5723,383.0
16,5739,384.0
16,5741,384.0
16,5771,396.0
16,5785,396.0
16,5799,396.0
16,5801,396.0
16,5817,396.0
16,5831,396.0
16,5859,396.0
16,5887,396.0
16,5901,396.0
16,5929,396.0
16,5943,396.0
16,5957,396.0
16,5983,396.0
16,6015,396.0
16,6043,396.0
16,6057,396.0
16,6071,396.0
16,6097,396.0
16,6125,400.0
16,6139,400.0
16,6153,400.0
16,6183,400.0
16,6197,400.0
16,6227,400.0
16,6241,400.0
16,6267,400.0
16,6289,400.0
16,6305,400.0
16,6337,400.0
16,6339,400.0
16,6367,400.0
16,6383,400.0
16,6385,400.0
16,6405,400.0
16,6419,401.0
16,6451,401.0
16,6477,404.0
16,6495,404.0
16,6515,404.0
16,6531,404.0
16,6559,404.0
16,6575,404.0
16,6593,404.0
16,6609,404.0
16,6635,404.0
16,6649,404.0
16,6663,404.0
16,6677,404.0
16,6679,404.0
16,6681,404.0
16,6707,404.0
16,6733,404.0
16,6751,404.0
16,6765,404.0
16,6767,404.0
16,6783,404.0
16,6811,404.0
16,6837,404.0
16,6867,404.0
16,6881,405.0
16,6907,406.0
16,6921,406.0
16,6923,406.0
16,6925,406.0
16,6939,406.0
16,6953,406.0
16,6969,406.0
16,6983,406.0
16,6985,406.0
16,7013,406.0
16,7041,406.0
16,7071,406.0
16,7085,406.0
16,7113,411.0
16,7115,411.0
16,7131,411.0
16,7161,411.0
16,7177,411.0
16,7193,411.0
16,7221,411.0
16,7235,411.0
16,7249,411.0
16,7251,411.0
16,7253,411.0
16,7289,411.0
16,7305,411.0
16,7319,411.0
16,7345,411.0
16,7359,411.0
16,7377,411.0
16,7403,411.0
16,7419,411.0
16,7421,411.0
16,7423,411.0
16,7439,411.0
16,7465,411.0
16,7467,411.0
16,7483,411.0
16,7485,411.0
16,7505,411.0
16,7533,411.0
16,7563,411.0
16,7565,411.0
16,7579,411.0
16,7605,411.0
16,7631,411.0
16,7657,411.0
16,7673,411.0
16,7675,411.0
16,7701,411.0
16,7729,411.0
16,7745,411.0
16,7761,411.0
16,7775,418.0
16,7791,418.0
16,7827,418.0
16,7841,418.0
16,7871,418.0
16,7899,418.0
16,7927,418.0
16,7941,418.0
16,7967,418.0
16,7981,418.0
16,8007,419.0
16,8033,419.0
16,8049,419.0
16,8081,419.0
16,8115,419.0
16,8145,419.0
16,8159,419.0
16,8161,419.0
16,8163,419.0
16,8191,419.0
16,8193,419.0
16,8207,419.0
16,8221,419.0
16,8251,419.0
16,8265,419.0
16,8293,419.0
16,8307,419.0
16,8333,419.0
16,8359,419.0
16,8373,419.0
16,8389,419.0
16,8417,419.0
16,8445,419.0
16,8459,419.0
16,8461,419.0
16,8475,419.0
16,8489,419.0
16,8515,421.0
16,8545,421.0
16,8573,421.0
16,8603,421.0
16,8631,421.0
16,8645,421.0
16,8661,421.0
16,8689,421.0
16,8703,421.0
16,8717,421.0
16,8719,421.0
16,8733,421.0
16,8761,421.0
16,8777,421.0
16,8791,421.0
16,8817,425.0
16,8831,425.0
16,8833,425.0
16,8849,425.0
16,8863,425.0
16,8889,425.0
16,8917,425.0
16,8919,425.0
16,8933,425.0
16,8959,426.0
16,8973,426.0
16,8999,426.0
16,9015,426.0
16,9041,426.0
16,9043,426.0
16,9063,426.0
16,9091,426.0
16,9107,426.0
16,9121,429.0
16,9137,429.0
16,9153,429.0
16,9181,429.0
16,9195,429.0
16,9197,429.0
16,9215,429.0
16,9229,429.0
16,9243,429.0
16,9245,429.0
16,9259,429.0
16,9285,429.0
16,9311,429.0
16,9313,429.0
16,9327,429.0
16,9341,429.0
16,9373,429.0
16,9389,429.0
16,9391,429.0
16,9393,429.0
16,9395,429.0
16,9397,429.0
16,9411,429.0
16,9425,429.0
16,9427,429.0
16,9447,429.0
16,9465,429.0
16,9467,429.0
16,9483,429.0
16,9497,429.0
16,9511,429.0
16,9533,429.0
16,9551,429.0
16,9565,429.0
16,9579,430.0
16,9607,430.0
16,9633,430.0
16,9635,430.0
16,9661,430.0
16,9689,430.0
16,9717,430.0
16,9733,430.0
16,9747,430.0
16,9775,430.0
16,9791,430.0
16,9793,430.0
16,9821,430.0
16,9835,430.0
16,9851,430.0
16,9877,430.0
16,9879,430.0
16,9907,430.0
16,9921,430.0
16,9949,430.0
16,9979,430.0
16,9993,430.0
16,10007,430.0
16,10035,430.0
16,10049,430.0
16,10077,430.0
16,10091,430.0
16,10105,430.0
16,10121,430.0
16,10147,430.0
16,10173,430.0
16,10191,430.0
16,10207,430.0
16,10233,430.0
16,10259,430.0
16,10273,430.0
16,10293,430.0
16,10307,430.0
16,10337,430.0
16,10351,430.0
16,10383,430.0
16,10399,430.0
16,10401,430.0
16,10403,430.0
16,10405,430.0
16,10419,430.0
16,10447,430.0
16,10463,430.0
16,10491,430.0
16,10523,430.0
16,10549,430.0
16,10563,430.0
16,10579,430.0
16,10605,430.0
16,10619,430.0
16,10645,430.0
16,10673,430.0
16,10689,430.0
16,10705,430.0
16,10721,430.0
16,10747,430.0
16,10765,430.0
16,10767,430.0
16,10799,430.0
16,10813,431.0
16,10829,431.0
16,10831,431.0
16,10851,431.0
16,10865,431.0
16,10879,431.0
16,10897,431.0
16,10913,431.0
16,10927,431.0
16,10941,431.0
16,10967,431.0
16,10981,431.0
16,10997,431.0
16,10999,431.0
16,11001,431.0
16,11029,431.0
16,11043,431.0
16,11059,431.0
16,11061,431.0
16,11087,431.0
16,11113,431.0
16,11141,431.0
16,11155,431.0
16,11169,431.0
16,11197,431.0
16,11199,431.0
16,11201,431.0
16,11231,431.0
16,11245,431.0
16,11271,431.0
16,11303,431.0
16,11319,431.0
16,11339,431.0
16,11353,431.0
16,11387,431.0
16,11403,431.0
16,11435,431.0
16,11469,431.0
16,11495,431.0
16,11523,431.0
16,11539,431.0
16,11569,431.0
16,11587,431.0
16,11613,431.0
16,11629,431.0
16,11657,431.0
16,11673,431.0
16,11699,431.0
16,11713,431.0
16,11715,431.0
16,11717,431.0
16,11733,431.0
16,11735,431.0
16,11761,431.0
16,11775,431.0
16,11811,431.0
16,11825,431.0
16,11827,431.0
16,11829,431.0
16,11843,431.0
16,11871,431.0
16,11897,431.0
16,11929,431.0
16,11961,431.0
16,11991,431.0
16,12005,431.0
16,12019,431.0
16,12021,431.0
16,12051,431.0
16,12065,431.0
16,12079,431.0
16,12093,431.0
16,12111,431.0
16,12139,431.0
16,12165,431.0
16,12197,431.0
16,12213,431.0
16,12241,431.0
16,12267,431.0
16,12281,431.0
16,12309,431.0
16,12311,431.0
16,12325,431.0
16,12347,431.0
16,12365,431.0
16,12395,431.0
16,12409,431.0
16,12411,431.0
16,12427,431.0
16,12455,431.0
16,12483,431.0
16,12511,431.0
16,12513,431.0
16,12543,431.0
16,12571,431.0
16,12589,431.0
16,12605,431.0
16,12607,431.0
16,12609,431.0
16,12637,431.0
16,12651,431.0
16,12665,431.0
16,12693,431.0
16,12719,431.0
16,12747,431.0
16,12761,431.0
16,12763,431.0
16,12765,431.0
16,12783,431.0
16,12799,431.0
16,12813,431.0
16,12829,431.0
16,12843,431.0
16,12845,431.0
16,12847,431.0
16,12879,431.0
16,12905,431.0
16,12907,431.0
16,12923,431.0
16,12961,431.0
16,12975,431.0
16,12989,431.0
16,13007,431.0
16,13039,431.0
16,13065,431.0
16,13091,431.0
16,13105,431.0
16,13119,431.0
16,13149,431.0
16,13151,431.0
16,13179,431.0
16,13193,431.0
16,13207,431.0
16,13239,431.0
16,13255,431.0
16,13271,431.0
16,13273,431.0
16,13289,431.0
16,13315,431.0
16,13341,431.0
16,13369,431.0
16,13395,431.0
16,13409,431.0
16,13423,431.0
16,13453,431.0
16,13471,431.0
16,13473,431.0
16,13491,431.0
16,13505,431.0
16,13507,431.0
16,13509,431.0
16,13523,431.0
16,13537,431.0
16,13539,431.0
16,13553,431.0
16,13583,431.0
16,13585,431.0
16,13611,431.0
16,13627,431.0
16,13629,431.0
16,13643,431.0
16,13645,431.0
16,13659,431.0
16,13689,431.0
16,13705,431.0
16,13719,431.0
16,13749,431.0
16,13785,431.0
16,13811,431.0
16,13839,431.0
16,13857,431.0
16,13887,431.0
16,13889,431.0
16,13915,431.0
16,13929,431.0
16,13943,431.0
16,13957,431.0
16,13987,431.0
16,14003,431.0
16,14031,431.0
16,14033,431.0
16,14047,431.0
16,14077,431.0
16,14093,431.0
16,14095,431.0
16,14109,431.0
16,14123,431.0
16,14149,431.0
16,14175,431.0
16,14189,431.0
16,14209,431.0
16,14225,431.0
16,14239,431.0
16,14267,431.0
16,14283,431.0
16,14309,431.0
16,14311,431.0
16,14327,431.0
16,14343,431.0
16,14363,431.0
16,14389,431.0
16,14415,431.0
17,4470,315.0
17,4496,315.0
17,4512,315.0
17,4540,315.0
17,4554,315.0
17,4568,316.0
17,4582,343.0
17,4610,343.0
17,4640,343.0
17,4666,356.0
17,4668,356.0
17,4698,356.0
17,5165,356.0
17,5191,356.0
17,5193,356.0
17,5213,356.0
17,5243,356.0
17,5273,356.0
17,5287,356.0
17,5301,356.0
17,5327,361.0
17,5345,361.0
17,5373,363.0
17,5387,363.0
17,5403,363.0
17,5405,363.0
17,5419,363.0
17,5451,363.0
17,5477,363.0
17,5491,363.0
17,5505,363.0
17,5519,363.0
17,5545,363.0
17,5573,363.0
17,5601,363.0
17,5615,367.0
17,5645,376.0
17,5661,376.0
17,5675,376.0
17,5701,380.0
17,5703,380.0
17,5717,380.0
17,5731,380.0
17,5759,380.0
17,5787,380.0
17,5813,390.0
17,5839,390.0
17,5865,390.0
17,5879,390.0
17,5907,390.0
17,5925,390.0
17,5941,390.0
17,5967,390.0
17,5993,390.0
17,6009,390.0
17,6037,391.0
17,6057,391.0
17,6083,391.0
17,6099,391.0
17,6113,391.0
17,6115,391.0
17,6117,391.0
17,6131,391.0
17,6133,391.0
17,6147,391.0
17,6149,391.0
17,6151,391.0
17,6153,391.0
17,6167,391.0
17,6195,398.0
17,6225,398.0
17,6239,398.0
17,6253,398.0
17,6269,398.0
17,6287,398.0
17,6303,398.0
17,6329,405.0
17,6355,405.0
17,6381,405.0
17,6383,405.0
17,6399,405.0
17,6427,405.0
17,6429,405.0
17,6447,405.0
17,6463,405.0
17,6477,405.0
17,6491,406.0
17,6505,407.0
17,6533,407.0
17,6563,407.0
17,6577,407.0
17,6605,407.0
17,6619,407.0
17,6621,407.0
17,6637,407.0
17,6663,409.0
17,6691,409.0
17,6693,409.0
17,6707,409.0
17,6735,409.0
17,6751,409.0
17,6767,409.0
17,6769,409.0
17,6785,409.0
17,6801,409.0
17,6803,409.0
17,6821,409.0
17,6847,409.0
17,6849,409.0
17,6875,409.0
17,6903,409.0
17,6917,409.0
17,6935,409.0
17,6951,409.0
17,6981,409.0
17,7013,409.0
17,7029,409.0
17,7045,409.0
17,7071,411.0
17,7099,411.0
17,7127,411.0
17,7129,411.0
17,7145,411.0
17,7161,411.0
17,7189,418.0
17,7203,418.0
17,7217,418.0
17,7233,418.0
17,7261,418.0
17,7263,418.0
17,7277,418.0
17,7303,418.0
17,7337,418.0
17,7367,418.0
17,7393,418.0
17,7409,418.0
17,7425,418.0
17,7439,418.0
17,7471,418.0
17,7497,418.0
17,7499,418.0
17,7515,418.0
17,7543,418.0
17,7559,418.0
17,7561,418.0
17,7575,418.0
17,7589,418.0
17,7603,418.0
17,7617,418.0
17,7643,418.0
17,7657,418.0
17,7671,418.0
17,7673,418.0
17,7699,418.0
17,7715,418.0
17,7745,418.0
17,7771,418.0
17,7797,418.0
17,7813,418.0
17,7827,418.0
17,7829,418.0
17,7859,418.0
17,7861,418.0
17,7875,418.0
17,7889,418.0
17,7905,418.0
17,7919,418.0
17,7949,418.0
17,7965,418.0
17,7993,418.0
17,8007,418.0
17,8009,418.0
17,8025,418.0
17,8043,418.0
17,8059,418.0
17,8077,418.0
17,8105,418.0
17,8119,418.0
17,8137,418.0
17,8163,418.0
17,8179,418.0
17,8207,418.0
17,8233,418.0
17,8247,418.0
17,8277,418.0
17,8307,418.0
17,8309,418.0
17,8335,418.0
17,8337,418.0
17,8351,418.0
17,8383,418.0
17,8397,418.0
17,8411,418.0
17,8443,418.0
17,8471,418.0
17,8497,418.0
17,8525,418.0
17,8539,418.0
17,8565,418.0
17,8595,418.0
17,8623,418.0
17,8637,418.0
17,8651,418.0
17,8669,418.0
17,8683,418.0
17,8709,420.0
17,8723,420.0
17,8737,420.0
17,8765,420.0
17,8793,420.0
17,8807,420.0
17,8839,420.0
17,8865,420.0
17,8891,420.0
17,8917,420.0
17,8931,420.0
17,8959,420.0
17,8985,420.0
17,8999,420.0
17,9027,420.0
17,9041,420.0
17,9055,420.0
17,9069,420.0
17,9099,420.0
17,9129,420.0
17,9131,420.0
17,9147,420.0
17,9163,420.0
17,9177,420.0
17,9193,420.0
17,9207,420.0
17,9237,420.0
17,9251,420.0
17,9253,420.0
17,9283,420.0
17,9297,420.0
17,9327,420.0
17,9329,420.0
17,9331,420.0
17,9347,420.0
17,9349,420.0
17,9377,420.0
17,9407,420.0
17,9433,420.0
17,9461,420.0
17,9475,420.0
17,9489,420.0
17,9503,420.0
17,9531,420.0
17,9557,420.0
17,9571,420.0
17,9585,425.0
17,9613,425.0
17,9629,425.0
17,9643,425.0
17,9673,425.0
17,9687,425.0
17,9703,425.0
17,9719,425.0
17,9745,425.0
17,9759,425.0
17,9785,425.0
17,9811,425.0
17,9825,425.0
17,9839,425.0
17,9853,425.0
17,9855,425.0
17,9869,425.0
17,9897,425.0
17,9911,425.0
17,9937,425.0
17,9955,425.0
17,9981,425.0
17,10009,425.0
17,10039,425.0
17,10053,425.0
17,10067,425.0
17,10095,425.0
17,10097,425.0
17,10127,425.0
17,10153,425.0
17,10173,425.0
17,10201,425.0
17,10215,425.0
17,10231,425.0
17,10245,425.0
17,10259,425.0
17,10273,425.0
17,10287,425.0
17,10313,426.0
17,10327,426.0
17,10353,426.0
17,10367,426.0
17,10369,426.0
17,10383,426.0
17,10411,426.0
17,10425,426.0
17,10439,426.0
17,10453,426.0
17,10483,426.0
17,10497,426.0
17,10499,426.0
17,10525,426.0
17,10541,426.0
17,10567,426.0
17,10569,426.0
17,10595,426.0
17,10611,426.0
17,10625,426.0
17,10651,426.0
17,10679,426.0
17,10693,427.0
17,10707,427.0
17,10741,427.0
17,10757,427.0
17,10785,427.0
17,10801,427.0
17,10827,427.0
17,10841,427.0
17,10869,427.0
17,10901,427.0
17,10903,427.0
17,10917,427.0
17,10943,427.0
17,10959,427.0
17,10979,427.0
17,11005,427.0
17,11019,427.0
17,11021,427.0
17,11037,427.0
17,11039,427.0
17,11055,427.0
17,11085,427.0
17,11099,427.0
17,11129,427.0
17,11131,427.0
17,11163,427.0
17,11179,427.0
17,11207,427.0
17,11223,427.0
17,11237,427.0
17,11251,427.0
17,11265,427.0
17,11293,427.0
17,11321,427.0
17,11335,427.0
17,11349,427.0
17,11365,427.0
17,11381,427.0
17,11397,427.0
17,11411,427.0
17,11425,427.0
17,11453,427.0
17,11455,427.0
17,11483,427.0
17,11485,427.0
17,11487,427.0
17,11501,427.0
17,11515,427.0
17,11543,427.0
17,11569,427.0
17,11583,427.0
17,11599,427.0
17,11625,427.0
17,11657,427.0
17,11685,427.0
17,11701,427.0
17,11717,427.0
17,11731,427.0
17,11745,427.0
17,11775,427.0
17,11791,427.0
17,11823,427.0
17,11837,427.0
17,11851,427.0
17,11865,427.0
17,11879,427.0
17,11899,427.0
17,11925,429.0
17,11953,429.0
17,11967,429.0
17,11969,429.0
17,11995,429.0
17,12023,429.0
17,12025,429.0
17,12051,429.0
17,12077,429.0
17,12079,429.0
17,12109,429.0
17,12123,429.0
17,12141,429.0
17,12159,429.0
17,12175,429.0
17,12195,429.0
17,12197,429.0
17,12213,429.0
17,12227,429.0
17,12255,429.0
17,12287,429.0
17,12289,429.0
17,12303,429.0
17,12331,429.0
17,12345,429.0
17,12361,429.0
17,12377,429.0
17,12391,429.0
17,12405,429.0
17,12421,429.0
17,12447,429.0
17,12477,429.0
17,12479,429.0
17,12495,429.0
17,12511,429.0
17,12529,429.0
17,12561,429.0
17,12587,429.0
17,12589,429.0
17,12617,429.0
17,12645,429.0
17,12659,429.0
17,12675,429.0
17,12701,429.0
17,12717,429.0
17,12719,429.0
17,12733,429.0
17,12763,429.0
17,12777,429.0
17,12793,429.0
17,12807,429.0
17,12821,429.0
17,12847,430.0
17,12861,430.0
17,12877,430.0
17,12891,430.0
17,12919,430.0
17,12933,430.0
17,12947,430.0
17,12961,430.0
17,12977,430.0
17,12979,430.0
17,12995,430.0
17,13009,430.0
17,13037,430.0
17,13069,430.0
17,13083,430.0
17,13109,431.0
17,13123,431.0
17,13137,431.0
17,13151,431.0
17,13165,431.0
17,13179,431.0
17,13181,431.0
17,13209,431.0
17,13211,431.0
17,13227,431.0
17,13229,431.0
17,13243,431.0
17,13257,431.0
17,13271,431.0
17,13285,431.0
17,13311,431.0
17,13337,434.0
17,13351,434.0
17,13377,434.0
17,13403,434.0
17,13417,434.0
17,13443,434.0
17,13457,434.0
17,13471,434.0
17,13489,434.0
17,13491,434.0
17,13517,434.0
17,13547,434.0
17,13563,434.0
17,13579,434.0
17,13605,434.0
17,13619,434.0
17,13633,434.0
17,13647,434.0
17,13661,434.0
17,13677,434.0
17,13695,434.0
17,13713,434.0
17,13727,434.0
17,13741,434.0
17,13757,434.0
17,13785,434.0
17,13811,434.0
17,13825,434.0
17,13841,434.0
17,13843,434.0
17,13871,434.0
17,13873,434.0
17,13889,434.0
17,13905,434.0
17,13935,434.0
17,13961,434.0
17,13963,434.0
17,13991,434.0
17,14019,434.0
17,14037,434.0
17,14053,434.0
17,14073,434.0
17,14075,434.0
17,14101,434.0
17,14117,434.0
17,14145,434.0
17,14159,434.0
17,14175,434.0
17,14189,434.0
17,14203,434.0
17,14231,434.0
17,14245,434.0
17,14247,434.0
17,14275,434.0
17,14303,434.0
17,14329,434.0
17,14343,434.0
17,14345,434.0
17,14371,434.0
17,14403,434.0
17,14417,434.0
17,14419,434.0
17,14435,434.0
17,14437,434.0
17,14451,434.0
18,4610,319.0
18,4612,319.0
18,4614,319.0
18,4642,319.0
18,4644,319.0
18,4658,319.0
18,4660,319.0
18,4674,319.0
18,4688,340.0
18,5161,340.0
18,5163,340.0
18,5191,340.0
18,5205,340.0
18,5231,349.0
18,5261,349.0
18,5275,357.0
18,5277,357.0
18,5305,357.0
18,5321,357.0
18,5337,357.0
18,5353,357.0
18,5383,357.0
18,5409,357.0
18,5435,357.0
18,5449,357.0
18,5479,366.0
18,5505,366.0
18,5507,366.0
18,5523,366.0
18,5553,367.0
18,5555,367.0
18,5585,367.0
18,5599,367.0
18,5613,367.0
18,5615,367.0
18,5641,367.0
18,5659,367.0
18,5675,367.0
18,5677,367.0
18,5705,367.0
18,5735,367.0
18,5751,367.0
18,5767,367.0
18,5783,367.0
18,5809,367.0
18,5835,367.0
18,5837,367.0
18,5853,367.0
18,5855,367.0
18,5869,367.0
18,5887,367.0
18,5917,367.0
18,5931,367.0
18,5957,367.0
18,5973,367.0
18,5999,378.0
18,6029,378.0
18,6057,378.0
18,6087,378.0
18,6113,387.0
18,6129,387.0
18,6155,387.0
18,6169,387.0
18,6185,387.0
18,6213,387.0
18,6227,387.0
18,6253,394.0
18,6267,394.0
18,6285,394.0
18,6311,394.0
18,6339,394.0
18,6369,397.0
18,6395,397.0
18,6427,397.0
18,6453,397.0
18,6455,397.0
18,6481,397.0
18,6495,398.0
18,6521,398.0
18,6547,398.0
18,6577,401.0
18,6595,401.0
18,6611,401.0
18,6641,401.0
18,6643,401.0
18,6657,401.0
18,6683,402.0
18,6709,402.0
18,6723,402.0
18,6725,402.0
18,6727,402.0
18,6745,402.0
18,6777,402.0
18,6791,402.0
18,6817,402.0
18,6819,402.0
18,6847,404.0
18,6875,406.0
18,6889,406.0
18,6919,406.0
18,6921,406.0
18,6923,406.0
18,6937,406.0
18,6951,406.0
18,6965,406.0
18,6967,406.0
18,6981,406.0
18,6995,406.0
18,6997,406.0
18,6999,406.0
18,7027,410.0
18,7029,410.0
18,7043,410.0
18,7045,410.0
18,7059,410.0
18,7087,410.0
18,7103,410.0
18,7135,410.0
18,7149,410.0
18,7179,410.0
18,7181,410.0
18,7211,410.0
18,7239,410.0
18,7253,410.0
18,7279,411.0
18,7307,411.0
18,7309,411.0
18,7311,411.0
18,7331,411.0
18,7347,411.0
18,7373,411.0
18,7387,411.0
18,7389,411.0
18,7403,411.0
18,7417,411.0
18,7433,411.0
18,7465,411.0
18,7479,411.0
18,7493,411.0
18,7495,411.0
18,7497,411.0
18,7511,416.0
18,7513,416.0
18,7527,416.0
18,7555,416.0
18,7581,419.0
18,7595,423.0
18,7609,423.0
18,7611,423.0
18,7625,423.0
18,7643,423.0
18,7657,423.0
18,7671,423.0
18,7697,423.0
18,7713,423.0
18,7715,423.0
18,7717,423.0
18,7749,423.0
18,7783,423.0
18,7797,423.0
18,7831,423.0
18,7859,423.0
18,7887,423.0
18,7903,423.0
18,7917,423.0
18,7919,423.0
18,7921,423.0
18,7935,423.0
18,7953,423.0
18,7979,423.0
18,7993,423.0
18,8011,423.0
18,8039,430.0
18,8055,430.0
18,8057,430.0
18,8087,430.0
18,8121,430.0
18,8135,430.0
18,8137,430.0
18,8151,430.0
18,8177,430.0
18,8191,430.0
18,8193,430.0
18,8209,430.0
18,8225,430.0
18,8227,430.0
18,8245,430.0
18,8271,430.0
18,8285,430.0
18,8311,430.0
18,8313,430.0
18,8341,430.0
18,8369,430.0
18,8383,430.0
18,8397,430.0
18,8415,430.0
18,8443,430.0
18,8457,430.0
18,8471,430.0
18,8485,430.0
18,8501,430.0
18,8515,430.0
18,8517,430.0
18,8543,430.0
18,8545,430.0
18,8547,430.0
18,8549,430.0
18,8563,430.0
18,8593,430.0
18,8595,430.0
18,8609,430.0
18,8623,430.0
18,8639,430.0
18,8673,430.0
18,8687,430.0
18,8701,430.0
18,8727,430.0
18,8753,430.0
18,8783,430.0
18,8797,430.0
18,8811,430.0
18,8813,430.0
18,8815,430.0
18,8843,430.0
18,8857,430.0
18,8887,430.0
18,8913,430.0
18,8941,430.0
18,8967,430.0
18,8969,430.0
18,8997,430.0
18,9027,430.0
18,9043,430.0
18,9073,430.0
18,9099,430.0
18,9101,430.0
18,9119,430.0
18,9149,430.0
18,9165,430.0
18,9179,430.0
18,9181,430.0
18,9197,430.0
18,9225,430.0
18,9259,430.0
18,9261,430.0
18,9275,430.0
18,9277,430.0
18,9291,430.0
18,9305,430.0
18,9307,430.0
18,9321,430.0
18,9357,430.0
18,9371,430.0
18,9385,430.0
18,9413,430.0
18,9427,430.0
18,9441,430.0
18,9469,430.0
18,9485,430.0
18,9503,430.0
18,9529,430.0
18,9543,430.0
18,9559,430.0
18,9561,430.0
18,9577,430.0
18,9591,430.0
18,9593,430.0
18,9611,430.0
18,9613,430.0
18,9631,430.0
18,9645,430.0
18,9659,430.0
18,9685,430.0
18,9719,430.0
18,9733,430.0
18,9759,430.0
18,9773,430.0
18,9803,430.0
18,9829,430.0
18,9857,430.0
18,9871,430.0
18,9885,430.0
18,9915,430.0
18,9929,430.0
18,9943,430.0
18,9977,430.0
18,10005,430.0
18,10021,430.0
18,10047,430.0
18,10061,430.0
18,10075,430.0
18,10091,430.0
18,10105,430.0
18,10107,430.0
18,10121,430.0
18,10123,430.0
18,10145,430.0
18,10159,430.0
18,10187,430.0
18,10219,430.0
18,10221,430.0
18,10223,430.0
18,10239,430.0
18,10267,430.0
18,10293,430.0
18,10307,430.0
18,10321,430.0
18,10323,430.0
18,10351,430.0
18,10367,430.0
18,10397,430.0
18,10423,430.0
18,10437,430.0
18,10471,430.0
18,10499,430.0
18,10515,430.0
18,10529,430.0
18,10543,430.0
18,10557,430.0
18,10559,430.0
18,10589,430.0
18,10603,430.0
18,10605,430.0
18,10619,430.0
18,10633,430.0
18,10647,430.0
18,10661,430.0
18,10663,430.0
18,10677,430.0
18,10703,430.0
18,10729,430.0
18,10749,430.0
18,10777,430.0
18,10791,430.0
18,10805,430.0
18,10819,430.0
18,10847,430.0
18,10873,430.0
18,10891,430.0
18,10893,430.0
18,10907,430.0
18,10921,430.0
18,10935,430.0
18,10949,430.0
18,10963,430.0
18,10965,430.0
18,10993,430.0
18,11007,430.0
18,11023,430.0
18,11053,430.0
18,11069,430.0
18,11071,430.0
18,11097,430.0
18,11123,430.0
18,11137,430.0
18,11139,430.0
18,11153,430.0
18,11169,430.0
18,11171,430.0
18,11199,430.0
18,11213,430.0
18,11243,430.0
18,11257,430.0
18,11287,430.0
18,11307,430.0
18,11309,430.0
18,11311,430.0
18,11325,430.0
18,11357,430.0
18,11373,430.0
18,11399,430.0
18,11415,430.0
18,11417,430.0
18,11433,430.0
18,11449,430.0
18,11477,430.0
18,11491,430.0
18,11505,430.0
18,11531,430.0
18,11533,430.0
18,11547,430.0
18,11549,430.0
18,11565,430.0
18,11579,430.0
18,11607,430.0
18,11625,430.0
18,11641,430.0
18,11659,430.0
18,11673,430.0
18,11687,430.0
18,11721,430.0
18,11747,430.0
18,11775,430.0
18,11777,430.0
18,11779,430.0
18,11811,430.0
18,11825,430.0
18,11841,430.0
18,11855,430.0
18,11871,430.0
18,11873,430.0
18,11875,430.0
18,11903,430.0
18,11931,431.0
18,11947,431.0
18,11949,431.0
18,11963,431.0
18,11993,431.0
18,11995,431.0
18,12011,431.0
18,12037,431.0
18,12051,431.0
18,12053,431.0
18,12085,431.0
18,12099,431.0
18,12117,431.0
18,12145,431.0
18,12161,431.0
18,12175,431.0
18,12177,431.0
18,12205,431.0
18,12219,431.0
18,12235,431.0
18,12265,431.0
18,12281,431.0
18,12295,431.0
18,12309,431.0
18,12337,431.0
18,12363,431.0
18,12377,431.0
18,12403,431.0
18,12405,431.0
18,12419,431.0
18,12437,431.0
18,12453,431.0
18,12483,431.0
18,12511,431.0
18,12525,431.0
18,12539,431.0
18,12553,431.0
18,12567,431.0
18,12583,431.0
18,12609,431.0
18,12641,431.0
18,12661,431.0
18,12677,431.0
18,12705,431.0
18,12721,431.0
18,12735,431.0
18,12737,431.0
18,12751,431.0
18,12781,431.0
18,12795,431.0
18,12797,431.0
18,12811,431.0
18,12825,431.0
18,12841,431.0
18,12869,431.0
18,12895,431.0
18,12911,431.0
18,12937,431.0
18,12951,431.0
18,12981,431.0
18,13009,431.0
18,13037,431.0
18,13051,431.0
18,13067,431.0
18,13095,431.0
18,13097,431.0
18,13115,431.0
18,13145,431.0
18,13147,431.0
18,13161,431.0
18,13189,431.0
18,13221,431.0
18,13237,431.0
18,13239,431.0
18,13253,431.0
18,13279,431.0
18,13281,431.0
18,13311,431.0
18,13347,431.0
18,13349,431.0
18,13367,431.0
18,13395,431.0
18,13421,431.0
18,13455,431.0
18,13457,431.0
18,13485,431.0
18,13515,431.0
18,13531,431.0
18,13569,431.0
18,13583,431.0
18,13615,431.0
18,13629,431.0
18,13643,431.0
18,13657,431.0
18,13683,431.0
18,13699,431.0
18,13727,431.0
18,13729,431.0
18,13731,431.0
18,13747,431.0
18,13749,431.0
18,13763,431.0
18,13765,431.0
18,13779,431.0
18,13793,431.0
18,13809,431.0
18,13811,431.0
18,13813,431.0
18,13841,431.0
18,13855,431.0
18,13869,431.0
18,13883,431.0
18,13899,431.0
18,13927,431.0
18,13941,431.0
18,13955,431.0
18,13971,431.0
18,13987,431.0
18,14021,431.0
18,14039,431.0
18,14055,431.0
18,14081,431.0
18,14083,431.0
18,14113,431.0
18,14139,431.0
18,14155,431.0
18,14169,431.0
18,14197,431.0
18,14211,431.0
18,14229,431.0
18,14255,431.0
18,14271,431.0
18,14297,431.0
18,14313,431.0
18,14329,431.0
18,14343,431.0
18,14371,431.0
18,14399,431.0
18,14413,431.0
18,14429,431.0
18,14443,431.0
18,14471,431.0
18,14485,431.0
18,14513,431.0
18,14539,431.0
18,14565,431.0
18,14579,431.0
18,14581,431.0
18,14611,431.0
19,4480,295.0
19,4949,306.0
19,4951,306.0
19,4953,306.0
19,4967,334.0
19,4983,334.0
19,5011,334.0
19,5027,334.0
19,5041,334.0
19,5067,357.0
19,5069,357.0
19,5083,357.0
19,5097,357.0
19,5123,370.0
19,5141,370.0
19,5155,370.0
19,5175,370.0
19,5189,375.0
19,5217,375.0
19,5247,375.0
19,5273,375.0
19,5287,375.0
19,5289,375.0
19,5305,375.0
19,5327,375.0
19,5341,375.0
19,5371,375.0
19,5401,375.0
19,5417,375.0
19,5431,379.0
19,5449,379.0
19,5467,379.0
19,5481,386.0
19,5495,386.0
19,5511,386.0
19,5525,386.0
19,5539,386.0
19,5555,386.0
19,5569,386.0
19,5599,386.0
19,5619,386.0
19,5633,386.0
19,5659,386.0
19,5661,386.0
19,5675,386.0
19,5703,386.0
19,5719,386.0
19,5735,386.0
19,5751,386.0
19,5767,386.0
19,5781,389.0
19,5783,389.0
19,5797,389.0
19,5799,389.0
19,5813,389.0
19,5843,389.0
19,5861,389.0
19,5875,389.0
19,5889,390.0
19,5891,390.0
19,5919,390.0
19,5933,390.0
19,5965,390.0
19,5979,393.0
19,5981,393.0
19,6011,393.0
19,6037,393.0
19,6067,393.0
19,6081,393.0
19,6095,393.0
19,6111,393.0
19,6137,393.0
19,6167,402.0
19,6181,402.0
19,6209,402.0
19,6211,402.0
19,6227,402.0
19,6243,402.0
19,6245,402.0
19,6247,402.0
19,6273,402.0
19,6303,402.0
19,6317,402.0
19,6345,406.0
19,6359,406.0
19,6361,406.0
19,6377,406.0
19,6393,406.0
19,6421,406.0
19,6435,406.0
19,6437,406.0
19,6451,406.0
19,6465,406.0
19,6467,406.0
19,6481,406.0
19,6513,406.0
19,6527,406.0
19,6543,406.0
19,6571,406.0
19,6597,406.0
19,6617,406.0
19,6619,406.0
19,6633,406.0
19,6649,406.0
19,6651,406.0
19,6667,406.0
19,6681,406.0
19,6707,406.0
19,6737,406.0
19,6763,406.0
19,6779,406.0
19,6793,412.0
19,6807,412.0
19,6809,412.0
19,6823,412.0
19,6825,412.0
19,6855,412.0
19,6871,412.0
19,6885,412.0
19,6887,412.0
19,6889,412.0
19,6905,412.0
19,6919,412.0
19,6947,412.0
19,6975,412.0
19,6991,412.0
19,7017,412.0
19,7035,412.0
19,7049,412.0
19,7051,412.0
19,7079,412.0
19,7095,412.0
19,7109,412.0
19,7123,412.0
19,7139,412.0
19,7141,412.0
19,7155,412.0
19,7169,412.0
19,7197,412.0
19,7213,412.0
19,7241,412.0
19,7267,412.0
19,7281,412.0
19,7295,412.0
19,7297,412.0
19,7311,412.0
19,7339,412.0
19,7357,412.0
19,7385,412.0
19,7387,412.0
19,7401,412.0
19,7433,412.0
19,7459,412.0
19,7473,412.0
19,7475,412.0
19,7503,412.0
19,7517,412.0
19,7545,412.0
19,7547,412.0
19,7575,415.0
19,7591,415.0
19,7617,415.0
19,7645,415.0
19,7677,415.0
19,7691,415.0
19,7707,415.0
19,7737,415.0
19,7739,415.0
19,7741,415.0
19,7761,415.0
19,7775,418.0
19,7791,418.0
19,7819,418.0
19,7833,418.0
19,7859,418.0
19,7873,418.0
19,7887,418.0
19,7903,418.0
19,7917,418.0
19,7931,418.0
19,7961,418.0
19,7977,418.0
19,7993,418.0
19,8009,418.0
19,8011,418.0
19,8025,418.0
19,8053,418.0
19,8081,418.0
19,8109,418.0
19,8139,418.0
19,8141,418.0
19,8171,418.0
19,8185,418.0
19,8199,418.0
19,8201,418.0
19,8221,418.0
19,8237,418.0
19,8239,418.0
19,8253,418.0
19,8255,418.0
19,8257,418.0
19,8283,418.0
19,8297,418.0
19,8311,418.0
19,8337,418.0
19,8365,418.0
19,8391,418.0
19,8393,418.0
19,8421,418.0
19,8451,418.0
19,8453,418.0
19,8479,418.0
19,8493,418.0
19,8507,418.0
19,8535,418.0
19,8565,418.0
19,8579,418.0
19,8593,418.0
19,8607,418.0
19,8639,418.0
19,8665,419.0
19,8693,419.0
19,8723,419.0
19,8739,419.0
19,8757,419.0
19,8771,419.0
19,8799,419.0
19,8813,419.0
19,8815,419.0
19,8841,422.0
19,8867,422.0
19,8883,422.0
19,8899,422.0
19,8931,422.0
19,8959,422.0
19,8975,422.0
19,8991,422.0
19,9017,422.0
19,9047,422.0
19,9077,422.0
19,9105,422.0
19,9119,422.0
19,9137,422.0
19,9163,422.0
19,9177,422.0
19,9209,422.0
19,9225,422.0
19,9253,422.0
19,9267,422.0
19,9293,422.0
19,9319,422.0
19,9335,422.0
19,9361,422.0
19,9389,422.0
19,9403,422.0
19,9419,422.0
19,9433,422.0
19,9463,422.0
19,9493,422.0
19,9519,422.0
19,9551,422.0
19,9577,422.0
19,9603,423.0
19,9617,423.0
19,9643,423.0
19,9671,423.0
19,9689,423.0
19,9719,423.0
19,9747,423.0
19,9773,423.0
19,9787,423.0
19,9815,423.0
19,9829,423.0
19,9843,423.0
19,9857,423.0
19,9879,423.0
19,9893,423.0
19,9919,423.0
19,9933,423.0
19,9951,423.0
19,9967,423.0
19,9981,423.0
19,9995,423.0
19,9997,423.0
19,10023,423.0
19,10037,423.0
19,10053,423.0
19,10067,426.0
19,10081,426.0
19,10097,426.0
19,10111,426.0
19,10137,426.0
19,10171,426.0
19,10187,426.0
19,10205,426.0
19,10221,426.0
19,10239,426.0
19,10255,426.0
19,10281,426.0
19,10295,426.0
19,10309,426.0
19,10311,426.0
19,10325,426.0
19,10339,426.0
19,10355,426.0
19,10369,426.0
19,10385,426.0
19,10401,426.0
19,10429,426.0
19,10445,426.0
19,10475,426.0
19,10493,426.0
19,10495,426.0
19,10521,427.0
19,10523,427.0
19,10551,427.0
19,10577,427.0
19,10591,427.0
19,10593,427.0
19,10595,427.0
19,10609,427.0
19,10637,427.0
19,10639,427.0
19,10641,427.0
19,10655,427.0
19,10669,427.0
19,10683,427.0
19,10699,427.0
19,10717,427.0
19,10731,427.0
19,10733,427.0
19,10749,427.0
19,10751,427.0
19,10765,427.0
19,10767,427.0
19,10793,427.0
19,10807,427.0
19,10809,427.0
19,10835,427.0
19,10849,427.0
19,10867,427.0
19,10881,427.0
19,10909,427.0
19,10911,427.0
19,10913,427.0
19,10929,427.0
19,10945,427.0
19,10971,427.0
19,10985,427.0
19,11013,427.0
19,11015,427.0
19,11035,427.0
19,11061,427.0
19,11075,427.0
19,11093,427.0
19,11119,427.0
19,11147,427.0
19,11161,427.0
19,11191,427.0
19,11223,427.0
19,11249,427.0
19,11251,427.0
19,11265,427.0
19,11281,427.0
19,11295,427.0
19,11311,427.0
19,11327,427.0
19,11353,427.0
19,11367,427.0
19,11395,427.0
19,11397,427.0
19,11427,427.0
19,11455,427.0
19,11487,427.0
19,11517,427.0
19,11519,427.0
19,11533,429.0
19,11535,429.0
19,11549,429.0
19,11575,429.0
19,11589,429.0
19,11607,429.0
19,11633,429.0
19,11635,429.0
19,11637,429.0
19,11653,429.0
19,11681,429.0
19,11711,429.0
19,11725,429.0
19,11757,429.0
19,11771,429.0
19,11785,429.0
19,11799,429.0
19,11815,429.0
19,11843,429.0
19,11845,429.0
19,11847,429.0
19,11849,429.0
19,11863,429.0
19,11865,429.0
19,11893,429.0
19,11907,429.0
19,11925,429.0
19,11951,429.0
19,11981,429.0
19,12009,429.0
19,12037,429.0
19,12057,429.0
19,12085,429.0
19,12115,429.0
19,12129,429.0
19,12145,429.0
19,12177,429.0
19,12193,429.0
19,12219,429.0
19,12233,429.0
19,12249,429.0
19,12279,429.0
19,12307,429.0
19,12323,429.0
19,12325,429.0
19,12351,429.0
19,12365,429.0
19,12391,429.0
19,12405,429.0
19,12433,429.0
19,12435,429.0
19,12437,429.0
19,12463,429.0
19,12477,429.0
19,12497,429.0
19,12511,429.0
19,12541,429.0
19,12555,429.0
19,12585,429.0
19,12599,429.0
19,12601,429.0
19,12615,429.0
19,12645,429.0
19,12659,429.0
19,12673,429.0
19,12701,429.0
19,12727,429.0
19,12755,429.0
19,12771,429.0
19,12773,429.0
19,12787,429.0
19,12805,429.0
19,12807,429.0
19,12821,429.0
19,12823,429.0
19,12853,429.0
19,12869,429.0
19,12885,429.0
19,12887,429.0
19,12915,429.0
19,12945,429.0
19,12959,429.0
19,12977,429.0
19,12991,429.0
19,13019,429.0
19,13039,429.0
19,13053,429.0
19,13055,429.0
19,13085,429.0
19,13111,429.0
19,13137,429.0
19,13155,429.0
19,13175,429.0
19,13189,429.0
19,13217,429.0
19,13231,429.0
19,13257,429.0
19,13271,429.0
19,13287,429.0
19,13317,429.0
19,13331,429.0
19,13345,429.0
19,13373,429.0
19,13389,429.0
19,13415,429.0
19,13429,429.0
19,13457,429.0
19,13473,429.0
19,13501,429.0
19,13517,429.0
19,13531,429.0
19,13559,429.0
19,13579,429.0
19,13607,429.0
19,13623,429.0
19,13651,429.0
19,13665,429.0
19,13681,429.0
19,13707,429.0
19,13725,429.0
19,13753,429.0
19,13769,429.0
19,13785,429.0
19,13801,429.0
19,13815,429.0
19,13817,429.0
19,13845,429.0
19,13859,429.0
19,13885,429.0
19,13915,429.0
19,13929,429.0
19,13943,429.0
19,13957,429.0
19,13971,429.0
19,13985,429.0
19,14003,429.0
19,14005,429.0
19,14007,429.0
19,14021,429.0
19,14049,429.0
19,14077,429.0
19,14107,429.0
19,14135,429.0
19,14163,429.0
19,14191,429.0
19,14219,429.0
19,14235,429.0
19,14261,429.0
19,14275,429.0
19,14293,429.0
19,14307,429.0
19,14309,429.0
19,14323,429.0
19,14325,429.0
19,14327,429.0
19,14353,429.0
19,14369,429.0
19,14383,429.0
19,14397,429.0
19,14425,429.0
19,14441,429.0
19,14457,429.0
20,4344,305.0
20,4372,305.0
20,4386,305.0
20,4400,305.0
20,4430,305.0
20,4446,305.0
20,4472,305.0
20,4486,309.0
20,4518,309.0
20,4520,309.0
20,4943,309.0
20,4971,324.0
20,4985,344.0
20,4999,353.0
20,5015,353.0
20,5041,353.0
20,5071,353.0
20,5089,353.0
20,5117,353.0
20,5133,353.0
20,5135,353.0
20,5161,353.0
20,5177,353.0
20,5191,359.0
20,5217,359.0
20,5247,359.0
20,5261,359.0
20,5291,359.0
20,5317,359.0
20,5333,374.0
20,5363,374.0
20,5389,374.0
20,5407,374.0
20,5421,374.0
20,5435,374.0
20,5449,374.0
20,5475,374.0
20,5501,382.0
20,5531,387.0
20,5559,387.0
20,5573,387.0
20,5601,387.0
20,5627,394.0
20,5641,394.0
20,5659,394.0
20,5673,401.0
20,5695,401.0
20,5709,401.0
20,5723,401.0
20,5725,401.0
20,5741,401.0
20,5769,410.0
20,5783,410.0
20,5817,410.0
20,5847,410.0
20,5877,410.0
20,5879,410.0
20,5909,410.0
20,5911,410.0
20,5931,410.0
20,5951,410.0
20,5953,410.0
20,5979,410.0
20,5997,410.0
20,6025,410.0
20,6053,410.0
20,6079,410.0
20,6093,410.0
20,6107,410.0
20,6109,410.0
20,6135,410.0
20,6163,410.0
20,6177,415.0
20,6191,415.0
20,6207,415.0
20,6239,415.0
20,6253,415.0
20,6279,415.0
20,6305,418.0
20,6333,418.0
20,6349,418.0
20,6363,418.0
20,6389,418.0
20,6405,418.0
20,6419,418.0
20,6433,418.0
20,6459,418.0
20,6475,418.0
20,6501,418.0
20,6517,418.0
20,6519,418.0
20,6545,418.0
20,6571,418.0
20,6601,418.0
20,6615,418.0
20,6641,418.0
20,6657,418.0
20,6671,418.0
20,6673,418.0
20,6699,418.0
20,6701,418.0
20,6731,418.0
20,6745,418.0
20,6747,418.0
20,6761,418.0
20,6775,418.0
20,6803,418.0
20,6833,418.0
20,6859,418.0
20,6873,418.0
20,6905,418.0
20,6933,418.0
20,6935,418.0
20,6937,418.0
20,6953,418.0
20,6967,418.0
20,6969,418.0
20,6999,418.0
20,7025,418.0
20,7057,418.0
20,7071,418.0
20,7073,418.0
20,7099,418.0
20,7101,418.0
20,7117,418.0
20,7119,418.0
20,7135,418.0
20,7149,418.0
20,7177,418.0
20,7191,418.0
20,7193,418.0
20,7207,418.0
20,7223,418.0
20,7239,418.0
20,7253,418.0
20,7267,418.0
20,7297,418.0
20,7315,418.0
20,7343,419.0
20,7371,419.0
20,7385,419.0
20,7421,419.0
20,7437,419.0
20,7463,419.0
20,7491,419.0
20,7507,419.0
20,7509,419.0
20,7537,419.0
20,7551,419.0
20,7579,419.0
20,7581,419.0
20,7607,419.0
20,7621,419.0
20,7635,419.0
20,7649,419.0
20,7665,419.0
20,7691,419.0
20,7707,419.0
20,7721,419.0
20,7735,419.0
20,7761,419.0
20,7781,419.0
20,7783,419.0
20,7813,419.0
20,7827,419.0
20,7853,419.0
20,7867,419.0
20,7895,419.0
20,7921,419.0
20,7949,419.0
20,7951,419.0
20,7979,419.0
20,7993,419.0
20,8009,419.0
20,8023,419.0
20,8051,419.0
20,8067,419.0
20,8081,419.0
20,8095,419.0
20,8123,419.0
20,8151,419.0
20,8153,419.0
20,8179,419.0
20,8193,419.0
20,8225,419.0
20,8253,419.0
20,8283,419.0
20,8313,419.0
20,8341,419.0
20,8355,419.0
20,8371,419.0
20,8385,419.0
20,8401,419.0
20,8429,419.0
20,8455,420.0
20,8485,420.0
20,8487,420.0
20,8513,420.0
20,8539,420.0
20,8541,420.0
20,8569,420.0
20,8583,420.0
20,8603,420.0
20,8605,420.0
20,8619,420.0
20,8645,420.0
20,8663,420.0
20,8677,420.0
20,8705,420.0
20,8719,420.0
20,8733,420.0
20,8761,420.0
20,8795,420.0
20,8813,420.0
20,8843,420.0
20,8845,420.0
20,8859,420.0
20,8887,420.0
20,8917,420.0
20,8919,420.0
20,8949,422.0
20,8981,422.0
20,8995,422.0
20,9021,422.0
20,9023,422.0
20,9053,422.0
20,9055,422.0
20,9057,422.0
20,9071,422.0
20,9085,422.0
20,9099,422.0
20,9115,422.0
20,9145,422.0
20,9177,422.0
20,9207,422.0
20,9237,422.0
20,9239,422.0
20,9253,422.0
20,9255,422.0
20,9269,422.0
20,9295,422.0
20,9309,422.0
20,9323,422.0
20,9353,422.0
20,9367,422.0
20,9393,424.0
20,9407,424.0
20,9437,424.0
20,9463,424.0
20,9477,424.0
20,9509,424.0
20,9537,424.0
20,9565,424.0
20,9593,424.0
20,9623,424.0
20,9651,424.0
20,9665,424.0
20,9679,427.0
20,9681,427.0
20,9695,427.0
20,9709,427.0
20,9727,427.0
20,9729,427.0
20,9757,427.0
20,9771,430.0
20,9803,430.0
20,9821,430.0
20,9835,430.0
20,9867,430.0
20,9881,430.0
20,9895,430.0
20,9925,430.0
20,9939,430.0
20,9941,430.0
20,9959,430.0
20,9961,430.0
20,9963,430.0
20,9965,430.0
20,9981,430.0
20,9995,430.0
20,9997,430.0
20,9999,430.0
20,10013,430.0
20,10045,430.0
20,10059,430.0
20,10093,430.0
20,10129,430.0
20,10143,430.0
20,10159,430.0
20,10161,430.0
20,10193,430.0
20,10209,430.0
20,10223,430.0
20,10239,430.0
20,10255,430.0
20,10257,430.0
20,10275,430.0
20,10289,430.0
20,10317,430.0
20,10331,430.0
20,10345,430.0
20,10359,430.0
20,10385,430.0
20,10411,430.0
20,10413,430.0
20,10427,430.0
20,10441,430.0
20,10443,430.0
20,10473,430.0
20,10499,430.0
20,10517,430.0
20,10543,430.0
20,10571,430.0
20,10599,430.0
20,10627,430.0
20,10641,430.0
20,10667,430.0
20,10695,430.0
20,10723,430.0
20,10737,430.0
20,10763,430.0
20,10791,430.0
20,10805,430.0
20,10819,430.0
20,10835,430.0
20,10863,430.0
20,10891,430.0
20,10923,430.0
20,10955,430.0
20,10983,430.0
20,11013,430.0
20,11039,430.0
20,11055,430.0
20,11083,430.0
20,11109,430.0
20,11111,430.0
20,11125,430.0
20,11139,430.0
20,11153,430.0
20,11167,430.0
20,11185,430.0
20,11201,430.0
20,11203,430.0
20,11231,430.0
20,11259,430.0
20,11291,430.0
20,11319,430.0
20,11335,430.0
20,11367,430.0
20,11395,430.0
20,11421,430.0
20,11437,430.0
20,11463,430.0
20,11489,430.0
20,11505,430.0
20,11531,430.0
20,11547,430.0
20,11549,430.0
20,11579,430.0
20,11581,430.0
20,11597,430.0
20,11613,430.0
20,11639,430.0
20,11665,430.0
20,11691,430.0
20,11721,430.0
20,11749,430.0
20,11763,430.0
20,11765,430.0
20,11767,430.0
20,11799,430.0
20,11813,430.0
20,11827,430.0
20,11843,430.0
20,11857,430.0
20,11873,430.0
20,11889,430.0
20,11891,430.0
20,11893,430.0
20,11919,430.0
20,11945,430.0
20,11959,430.0
20,11975,430.0
20,12001,430.0
20,12015,430.0
20,12029,430.0
20,12047,430.0
20,12075,430.0
20,12089,430.0
20,12103,430.0
20,12123,430.0
20,12149,430.0
20,12163,430.0
20,12165,430.0
20,12191,430.0
20,12205,430.0
20,12233,430.0
20,12247,430.0
20,12249,430.0
20,12263,430.0
20,12277,430.0
20,12303,430.0
20,12329,430.0
20,12331,430.0
20,12345,430.0
20,12347,430.0
20,12365,430.0
20,12383,430.0
20,12415,430.0
20,12431,430.0
20,12433,430.0
20,12451,430.0
20,12465,430.0
20,12467,430.0
20,12495,430.0
20,12497,430.0
20,12511,430.0
20,12537,430.0
20,12539,430.0
20,12541,430.0
20,12555,430.0
20,12569,430.0
20,12595,430.0
20,12597,430.0
20,12613,430.0
20,12641,430.0
20,12657,430.0
20,12683,430.0
20,12697,430.0
20,12713,430.0
20,12739,430.0
20,12753,430.0
20,12767,430.0
20,12783,430.0
20,12809,430.0
20,12837,430.0
20,12853,430.0
20,12855,430.0
20,12871,430.0
20,12885,430.0
20,12901,430.0
20,12931,430.0
20,12959,430.0
20,12991,430.0
20,12993,430.0
20,13007,430.0
20,13033,430.0
20,13047,430.0
20,13079,430.0
20,13093,430.0
20,13111,430.0
20,13137,430.0
20,13139,430.0
20,13153,430.0
20,13179,430.0
20,13181,430.0
20,13199,430.0
20,13201,430.0
20,13229,430.0
20,13243,430.0
20,13257,430.0
20,13275,430.0
20,13291,430.0
20,13293,430.0
20,13307,430.0
20,13321,430.0
20,13355,430.0
20,13381,430.0
20,13409,430.0
20,13439,430.0
20,13453,430.0
20,13467,430.0
20,13483,430.0
20,13497,430.0
20,13513,430.0
20,13539,430.0
20,13553,430.0
20,13571,430.0
20,13585,430.0
20,13599,432.0
20,13613,432.0
20,13615,432.0
20,13617,432.0
20,13649,432.0
20,13667,432.0
20,13685,432.0
20,13699,432.0
20,13713,432.0
20,13743,432.0
20,13769,432.0
20,13783,432.0
20,13799,432.0
20,13829,432.0
20,13859,432.0
20,13873,432.0
20,13887,432.0
20,13903,432.0
20,13917,432.0
20,13919,432.0
20,13921,432.0
20,13937,432.0
20,13939,432.0
20,13957,432.0
20,13971,432.0
20,13997,432.0
20,14025,432.0
20,14039,432.0
20,14053,432.0
20,14067,432.0
20,14097,432.0
20,14113,432.0
20,14129,432.0
20,14155,432.0
20,14171,432.0
20,14197,432.0
20,14199,432.0
20,14201,432.0
20,14215,432.0
20,14231,432.0
20,14257,432.0
20,14273,432.0
20,14291,432.0
20,14305,435.0
20,14331,435.0
20,14345,435.0
21,4444,291.0
21,4474,312.0
21,4502,312.0
21,4504,312.0
21,4534,312.0
21,4548,312.0
21,4550,312.0
21,5027,312.0
21,5043,312.0
21,5079,312.0
21,5105,313.0
21,5135,322.0
21,5151,322.0
21,5183,351.0
21,5209,351.0
21,5223,351.0
21,5237,351.0
21,5273,351.0
21,5301,351.0
21,5303,351.0
21,5317,351.0
21,5333,351.0
21,5335,351.0
21,5363,351.0
21,5377,351.0
21,5379,351.0
21,5407,351.0
21,5435,351.0
21,5463,354.0
21,5491,354.0
21,5505,357.0
21,5521,357.0
21,5535,357.0
21,5551,357.0
21,5581,357.0
21,5615,357.0
21,5629,357.0
21,5643,374.0
21,5671,374.0
21,5673,374.0
21,5699,374.0
21,5701,374.0
21,5731,374.0
21,5745,374.0
21,5747,374.0
21,5749,374.0
21,5765,374.0
21,5779,374.0
21,5807,378.0
21,5837,378.0
21,5839,378.0
21,5865,378.0
21,5879,383.0
21,5907,383.0
21,5923,383.0
21,5937,383.0
21,5965,383.0
21,5983,383.0
21,5997,383.0
21,5999,383.0
21,6025,383.0
21,6027,383.0
21,6053,383.0
21,6083,383.0
21,6097,386.0
21,6125,386.0
21,6141,386.0
21,6173,386.0
21,6187,389.0
21,6189,389.0
21,6203,389.0
21,6221,389.0
21,6235,389.0
21,6255,389.0
21,6283,389.0
21,6309,391.0
21,6325,391.0
21,6327,391.0
21,6341,392.0
21,6373,392.0
21,6399,392.0
21,6413,392.0
21,6427,399.0
21,6443,399.0
21,6471,399.0
21,6499,399.0
21,6513,399.0
21,6541,400.0
21,6555,400.0
21,6581,400.0
21,6595,400.0
21,6633,400.0
21,6649,400.0
21,6651,400.0
21,6669,400.0
21,6683,400.0
21,6697,400.0
21,6711,400.0
21,6725,400.0
21,6753,400.0
21,6781,400.0
21,6795,405.0
21,6809,405.0
21,6841,405.0
21,6843,405.0
21,6859,405.0
21,6873,405.0
21,6887,405.0
21,6913,405.0
21,6915,405.0
21,6931,405.0
21,6957,413.0
21,6971,413.0
21,6999,413.0
21,7029,413.0
21,7031,413.0
21,7059,413.0
21,7089,413.0
21,7115,413.0
21,7143,413.0
21,7171,413.0
21,7173,413.0
21,7201,413.0
21,7215,413.0
21,7229,413.0
21,7255,413.0
21,7269,414.0
21,7283,414.0
21,7297,414.0
21,7325,415.0
21,7327,415.0
21,7353,415.0
21,7379,415.0
21,7393,415.0
21,7419,415.0
21,7435,415.0
21,7449,415.0
21,7465,415.0
21,7493,415.0
21,7519,415.0
21,7521,415.0
21,7555,415.0
21,7571,415.0
21,7585,415.0
21,7587,415.0
21,7613,415.0
21,7631,415.0
21,7659,415.0
21,7691,415.0
21,7705,416.0
21,7707,416.0
21,7721,416.0
21,7735,416.0
21,7749,419.0
21,7751,419.0
21,7777,419.0
21,7791,419.0
21,7819,419.0
21,7845,419.0
21,7859,419.0
21,7889,419.0
21,7915,419.0
21,7945,419.0
21,7973,419.0
21,8001,419.0
21,8015,419.0
21,8045,419.0
21,8059,419.0
21,8089,419.0
21,8117,419.0
21,8147,419.0
21,8173,422.0
21,8187,422.0
21,8201,422.0
21,8229,422.0
21,8255,422.0
21,8285,422.0
21,8299,422.0
21,8301,422.0
21,8329,422.0
21,8331,422.0
21,8345,422.0
21,8361,422.0
21,8387,422.0
21,8403,422.0
21,8431,422.0
21,8459,422.0
21,8485,422.0
21,8499,422.0
21,8513,422.0
21,8541,422.0
21,8543,422.0
21,8571,422.0
21,8589,422.0
21,8603,422.0
21,8633,422.0
21,8647,422.0
21,8679,422.0
21,8705,422.0
21,8719,422.0
21,8745,422.0
21,8775,422.0
21,8777,422.0
21,8793,422.0
21,8811,422.0
21,8843,422.0
21,8859,422.0
21,8861,422.0
21,8863,422.0
21,8865,422.0
21,8879,422.0
21,8895,422.0
21,8909,422.0
21,8923,422.0
21,8953,422.0
21,8955,422.0
21,8971,422.0
21,8973,422.0
21,8999,422.0
21,9025,423.0
21,9039,423.0
21,9055,423.0
21,9069,423.0
21,9085,423.0
21,9087,423.0
21,9115,423.0
21,9151,423.0
21,9177,423.0
21,9213,423.0
21,9227,423.0
21,9241,423.0
21,9257,423.0
21,9285,423.0
21,9287,423.0
21,9315,423.0
21,9341,423.0
21,9355,423.0
21,9381,423.0
21,9395,423.0
21,9425,423.0
21,9441,423.0
21,9455,423.0
21,9469,423.0
21,9483,423.0
21,9511,423.0
21,9527,423.0
21,9555,423.0
21,9585,423.0
21,9599,423.0
21,9613,423.0
21,9645,425.0
21,9675,425.0
21,9689,425.0
21,9705,425.0
21,9719,425.0
21,9747,425.0
21,9761,425.0
21,9775,425.0
21,9777,425.0
21,9807,425.0
21,9835,425.0
21,9849,425.0
21,9875,425.0
21,9889,425.0
21,9917,425.0
21,9951,425.0
21,9965,425.0
21,9979,425.0
21,9995,425.0
21,10009,425.0
21,10023,425.0
21,10039,425.0
21,10055,425.0
21,10069,425.0
21,10071,425.0
21,10087,425.0
21,10103,425.0
21,10119,425.0
21,10151,425.0
21,10153,425.0
21,10187,425.0
21,10219,425.0
21,10233,425.0
21,10249,425.0
21,10275,425.0
21,10291,425.0
21,10305,425.0
21,10321,425.0
21,10337,425.0
21,10363,425.0
21,10365,425.0
21,10367,425.0
21,10383,425.0
21,10401,425.0
21,10431,425.0
21,10459,425.0
21,10475,425.0
21,10489,425.0
21,10491,425.0
21,10519,425.0
21,10551,425.0
21,10565,425.0
21,10579,425.0
21,10607,425.0
21,10635,425.0
21,10661,425.0
21,10675,425.0
21,10677,425.0
21,10691,425.0
21,10719,425.0
21,10747,425.0
21,10773,425.0
21,10775,425.0
21,10777,425.0
21,10791,425.0
21,10793,425.0
21,10807,426.0
21,10809,426.0
21,10823,426.0
21,10853,426.0
21,10869,426.0
21,10883,426.0
21,10897,426.0
21,10923,426.0
21,10925,426.0
21,10927,426.0
21,10953,426.0
21,10969,426.0
21,10997,426.0
21,11011,426.0
21,11039,426.0
21,11053,426.0
21,11069,426.0
21,11099,426.0
21,11117,426.0
21,11135,426.0
21,11137,426.0
21,11163,426.0
21,11177,426.0
21,11205,426.0
21,11231,426.0
21,11245,426.0
21,11259,426.0
21,11285,426.0
21,11299,426.0
21,11327,426.0
21,11343,426.0
21,11373,426.0
21,11401,426.0
21,11415,426.0
21,11443,426.0
21,11471,426.0
21,11473,426.0
21,11499,426.0
21,11517,426.0
21,11531,426.0
21,11545,426.0
21,11571,429.0
21,11589,429.0
21,11603,429.0
21,11605,429.0
21,11637,429.0
21,11651,429.0
21,11665,429.0
21,11691,429.0
21,11707,429.0
21,11721,429.0
21,11735,429.0
21,11761,429.0
21,11779,429.0
21,11793,429.0
21,11807,429.0
21,11809,429.0
21,11811,429.0
21,11813,429.0
21,11827,429.0
21,11841,429.0
21,11867,429.0
21,11881,429.0
21,11913,429.0
21,11929,429.0
21,11945,429.0
21,11959,429.0
21,11961,429.0
21,11975,429.0
21,11977,429.0
21,12009,429.0
21,12029,429.0
21,12045,429.0
21,12071,429.0
21,12073,429.0
21,12101,429.0
21,12121,429.0
21,12149,429.0
21,12177,429.0
21,12195,429.0
21,12197,429.0
21,12223,429.0
21,12239,429.0
21,12271,429.0
21,12285,429.0
21,12301,429.0
21,12315,429.0
21,12341,429.0
21,12343,429.0
21,12345,429.0
21,12373,429.0
21,12403,429.0
21,12431,429.0
21,12461,429.0
21,12489,429.0
21,12515,429.0
21,12541,429.0
21,12543,429.0
21,12559,429.0
21,12589,429.0
21,12605,429.0
21,12619,429.0
21,12633,429.0
21,12647,429.0
21,12675,429.0
21,12689,429.0
21,12691,429.0
21,12693,429.0
21,12695,429.0
21,12709,429.0
21,12723,429.0
21,12737,429.0
21,12751,429.0
21,12777,429.0
21,12795,429.0
21,12811,429.0
21,12837,429.0
21,12865,429.0
21,12879,429.0
21,12899,429.0
21,12915,429.0
21,12917,429.0
21,12933,429.0
21,12949,429.0
21,12967,429.0
21,12981,429.0
21,12995,429.0
21,13021,429.0
21,13023,429.0
21,13049,429.0
21,13067,429.0
21,13081,429.0
21,13107,429.0
21,13123,429.0
21,13125,429.0
21,13127,429.0
21,13155,429.0
21,13157,429.0
21,13159,429.0
21,13173,429.0
21,13175,429.0
21,13201,429.0
21,13215,429.0
21,13243,429.0
21,13257,429.0
21,13275,429.0
21,13291,429.0
21,13317,429.0
21,13333,429.0
21,13335,429.0
21,13367,429.0
21,13385,429.0
21,13415,429.0
21,13417,429.0
21,13445,429.0
21,13459,429.0
21,13477,429.0
21,13505,429.0
21,13531,429.0
21,13561,429.0
21,13589,429.0
21,13603,429.0
21,13629,429.0
21,13645,429.0
21,13661,429.0
21,13689,429.0
21,13709,429.0
21,13737,429.0
21,13763,429.0
21,13793,429.0
21,13823,429.0
21,13851,429.0
21,13867,429.0
21,13881,429.0
21,13907,429.0
21,13921,429.0
21,13953,429.0
21,13955,429.0
21,13973,429.0
21,14001,429.0
21,14015,429.0
21,14043,429.0
21,14057,429.0
21,14071,429.0
21,14073,429.0
21,14103,429.0
21,14133,429.0
21,14163,429.0
21,14165,429.0
21,14179,429.0
21,14209,429.0
21,14225,429.0
21,14251,429.0
21,14279,429.0
21,14305,429.0
21,14307,429.0
21,14309,429.0
21,14323,429.0
21,14339,429.0
21,14353,431.0
21,14379,431.0
21,14393,431.0
21,14419,431.0
22,4452,286.0
22,4466,313.0
22,4496,313.0
22,4528,313.0
22,4542,325.0
22,4558,325.0
22,4586,325.0
22,4604,325.0
22,4632,325.0
22,4648,325.0
22,4680,325.0
22,4682,325.0
22,4684,325.0
22,4712,325.0
22,5125,325.0
22,5139,325.0
22,5153,325.0
22,5167,325.0
22,5185,325.0
22,5213,328.0
22,5229,328.0
22,5259,328.0
22,5275,335.0
22,5277,335.0
22,5297,335.0
22,5317,335.0
22,5343,344.0
22,5373,344.0
22,5405,344.0
22,5423,344.0
22,5437,353.0
22,5453,353.0
22,5455,353.0
22,5469,353.0
22,5495,353.0
22,5509,353.0
22,5523,353.0
22,5553,353.0
22,5555,353.0
22,5581,363.0
22,5613,363.0
22,5627,363.0
22,5643,363.0
22,5671,370.0
22,5703,370.0
22,5705,370.0
22,5733,370.0
22,5747,370.0
22,5761,377.0
22,5789,377.0
22,5803,377.0
22,5829,377.0
22,5855,380.0
22,5857,380.0
22,5883,404.0
22,5897,404.0
22,5911,404.0
22,5939,404.0
22,5959,404.0
22,5961,404.0
22,5977,404.0
22,5991,404.0
22,6005,404.0
22,6033,406.0
22,6049,406.0
22,6063,406.0
22,6081,406.0
22,6115,406.0
22,6129,406.0
22,6131,406.0
22,6161,406.0
22,6187,406.0
22,6219,406.0
22,6251,406.0
22,6279,406.0
22,6295,406.0
22,6297,406.0
22,6327,406.0
22,6355,406.0
22,6383,406.0
22,6417,406.0
22,6435,406.0
22,6451,406.0
22,6465,406.0
22,6483,406.0
22,6497,406.0
22,6523,406.0
22,6525,406.0
22,6539,407.0
22,6553,407.0
22,6569,407.0
22,6583,408.0
22,6609,408.0
22,6639,411.0
22,6655,411.0
22,6681,411.0
22,6695,411.0
22,6697,411.0
22,6713,411.0
22,6741,411.0
22,6757,411.0
22,6783,411.0
22,6811,411.0
22,6813,411.0
22,6829,411.0
22,6857,419.0
22,6887,419.0
22,6903,419.0
22,6935,419.0
22,6951,419.0
22,6981,419.0
22,7007,419.0
22,7021,419.0
22,7039,419.0
22,7069,419.0
22,7085,419.0
22,7099,419.0
22,7127,419.0
22,7129,419.0
22,7143,419.0
22,7157,419.0
22,7185,419.0
22,7199,419.0
22,7213,419.0
22,7231,419.0
22,7233,419.0
22,7247,419.0
22,7261,419.0
22,7277,419.0
22,7279,419.0
22,7281,419.0
22,7309,419.0
22,7337,419.0
22,7365,419.0
22,7391,419.0
22,7407,419.0
22,7433,419.0
22,7459,419.0
22,7487,419.0
22,7521,419.0
22,7535,419.0
22,7549,419.0
22,7563,419.0
22,7581,419.0
22,7595,419.0
22,7621,420.0
22,7651,420.0
22,7685,420.0
22,7711,420.0
22,7713,420.0
22,7741,420.0
22,7769,420.0
22,7795,420.0
22,7825,420.0
22,7857,420.0
22,7885,420.0
22,7921,420.0
22,7947,420.0
22,7973,420.0
22,7987,420.0
22,8003,420.0
22,8005,420.0
22,8037,420.0
22,8051,420.0
22,8071,420.0
22,8085,420.0
22,8115,420.0
22,8129,422.0
22,8131,422.0
22,8145,422.0
22,8159,422.0
22,8177,422.0
22,8193,422.0
22,8195,422.0
22,8227,422.0
22,8229,422.0
22,8255,422.0
22,8271,422.0
22,8273,422.0
22,8287,422.0
22,8303,422.0
22,8317,422.0
22,8331,422.0
22,8357,422.0
22,8385,422.0
22,8387,422.0
22,8401,422.0
22,8419,422.0
22,8435,422.0
22,8451,422.0
22,8483,422.0
22,8499,422.0
22,8501,422.0
22,8527,422.0
22,8557,422.0
22,8571,422.0
22,8601,422.0
22,8629,422.0
22,8659,422.0
22,8673,422.0
22,8705,422.0
22,8733,422.0
22,8763,422.0
22,8795,422.0
22,8823,422.0
22,8849,422.0
22,8851,422.0
22,8869,422.0
22,8871,422.0
22,8889,422.0
22,8921,422.0
22,8949,422.0
22,8963,422.0
22,8991,422.0
22,9005,422.0
22,9033,422.0
22,9047,422.0
22,9075,422.0
22,9091,422.0
22,9121,422.0
22,9135,422.0
22,9161,422.0
22,9187,422.0
22,9215,422.0
22,9241,422.0
22,9257,422.0
22,9285,422.0
22,9313,425.0
22,9339,425.0
22,9365,425.0
22,9391,425.0
22,9421,425.0
22,9435,425.0
22,9461,427.0
22,9491,427.0
22,9505,427.0
22,9519,427.0
22,9533,427.0
22,9561,427.0
22,9563,427.0
22,9577,427.0
22,9605,427.0
22,9621,427.0
22,9649,427.0
22,9651,427.0
22,9653,427.0
22,9669,427.0
22,9683,427.0
22,9699,427.0
22,9725,427.0
22,9741,427.0
22,9769,427.0
22,9803,427.0
22,9817,427.0
22,9831,427.0
22,9847,427.0
22,9875,427.0
22,9907,427.0
22,9937,427.0
22,9965,427.0
22,9967,427.0
22,9983,427.0
22,9999,427.0
22,10025,430.0
22,10055,430.0
22,10083,430.0
22,10097,430.0
22,10127,430.0
22,10155,430.0
22,10181,434.0
22,10195,434.0
22,10221,434.0
22,10239,434.0
22,10265,434.0
22,10279,434.0
22,10281,434.0
22,10309,434.0
22,10311,434.0
22,10327,434.0
22,10359,434.0
22,10385,434.0
22,10399,434.0
22,10431,434.0
22,10447,434.0
22,10461,434.0
22,10481,434.0
22,10507,434.0
22,10521,434.0
22,10549,434.0
22,10551,434.0
22,10553,434.0
22,10567,434.0
22,10583,434.0
22,10585,434.0
22,10587,434.0
22,10613,434.0
22,10627,434.0
22,10653,434.0
22,10685,434.0
22,10699,434.0
22,10725,434.0
22,10739,434.0
22,10755,434.0
22,10769,434.0
22,10797,434.0
22,10829,434.0
22,10845,434.0
22,10847,434.0
22,10863,434.0
22,10877,434.0
22,10879,434.0
22,10893,434.0
22,10909,434.0
22,10923,434.0
22,10949,434.0
22,10963,434.0
22,10979,434.0
22,11005,434.0
22,11007,434.0
22,11021,434.0
22,11023,434.0
22,11053,434.0
22,11081,434.0
22,11099,434.0
22,11127,434.0
22,11141,434.0
22,11169,434.0
22,11187,434.0
22,11203,434.0
22,11205,434.0
22,11231,434.0
22,11233,434.0
22,11259,434.0
22,11273,434.0
22,11291,434.0
22,11317,434.0
22,11331,434.0
22,11357,434.0
22,11373,434.0
22,11387,435.0
22,11415,435.0
22,11445,435.0
22,11475,435.0
22,11477,435.0
22,11479,435.0
22,11505,435.0
22,11519,435.0
22,11533,435.0
22,11561,435.0
22,11563,435.0
22,11577,435.0
22,11607,435.0
22,11635,435.0
22,11663,435.0
22,11679,435.0
22,11705,435.0
22,11731,435.0
22,11749,435.0
22,11765,435.0
22,11767,435.0
22,11781,435.0
22,11795,435.0
22,11813,435.0
22,11829,435.0
22,11857,435.0
22,11871,435.0
22,11873,435.0
22,11899,435.0
22,11913,435.0
22,11939,435.0
22,11941,435.0
22,11971,435.0
22,12001,435.0
22,12019,435.0
22,12037,435.0
22,12063,435.0
22,12091,435.0
22,12123,435.0
22,12137,435.0
22,12139,435.0
22,12167,435.0
22,12197,435.0
22,12213,435.0
22,12241,435.0
22,12269,435.0
22,12299,435.0
22,12327,435.0
22,12341,435.0
22,12357,435.0
22,12385,435.0
22,12399,435.0
22,12413,435.0
22,12427,435.0
22,12429,435.0
22,12457,435.0
22,12471,435.0
22,12501,435.0
22,12521,435.0
22,12535,435.0
22,12549,435.0
22,12579,435.0
22,12593,435.0
22,12621,435.0
22,12651,435.0
22,12653,435.0
22,12667,435.0
22,12681,435.0
22,12695,435.0
22,12697,435.0
22,12723,435.0
22,12739,435.0
22,12753,435.0
22,12769,435.0
22,12787,435.0
22,12821,435.0
22,12839,435.0
22,12871,435.0
22,12901,435.0
22,12915,435.0
22,12929,435.0
22,12931,435.0
22,12945,435.0
22,12973,435.0
22,12987,435.0
22,13007,435.0
22,13033,435.0
22,13059,435.0
22,13077,435.0
22,13093,435.0
22,13119,435.0
22,13149,435.0
22,13163,435.0
22,13165,435.0
22,13193,435.0
22,13207,435.0
22,13225,435.0
22,13239,435.0
22,13253,435.0
22,13269,435.0
22,13285,435.0
22,13301,435.0
22,13315,435.0
22,13329,435.0
22,13359,435.0
22,13375,435.0
22,13391,435.0
22,13421,435.0
22,13423,435.0
22,13439,435.0
22,13465,435.0
22,13479,435.0
22,13505,435.0
22,13507,435.0
22,13533,435.0
22,13547,435.0
22,13563,435.0
22,13589,435.0
22,13591,435.0
22,13619,435.0
22,13633,435.0
22,13661,435.0
22,13663,435.0
22,13679,435.0
22,13681,435.0
22,13711,435.0
22,13737,435.0
22,13739,435.0
22,13741,435.0
22,13769,435.0
22,13797,435.0
22,13813,435.0
22,13815,435.0
22,13829,435.0
22,13845,435.0
22,13861,435.0
22,13863,435.0
22,13877,435.0
22,13903,435.0
22,13929,435.0
22,13957,435.0
22,13983,435.0
22,14013,435.0
22,14029,435.0
22,14031,435.0
22,14061,435.0
22,14063,435.0
22,14083,435.0
22,14111,435.0
22,14113,435.0
22,14115,435.0
22,14145,435.0
22,14175,435.0
22,14205,435.0
22,14219,435.0
22,14245,435.0
22,14247,435.0
22,14279,435.0
22,14305,435.0
22,14307,435.0
22,14323,435.0
22,14353,435.0
22,14381,435.0
22,14407,435.0
22,14435,435.0
22,14449,435.0
22,14465,435.0
23,4402,282.0
23,4428,311.0
23,4444,311.0
23,4458,339.0
23,4929,339.0
23,4943,339.0
23,4969,339.0
23,4985,339.0
23,4999,339.0
23,5013,339.0
23,5029,339.0
23,5043,339.0
23,5057,339.0
23,5083,339.0
23,5085,339.0
23,5113,339.0
23,5129,339.0
23,5131,339.0
23,5133,339.0
23,5147,339.0
23,5173,367.0
23,5199,367.0
23,5201,367.0
23,5203,367.0
23,5217,367.0
23,5231,367.0
23,5249,367.0
23,5275,367.0
23,5303,367.0
23,5317,367.0
23,5319,367.0
23,5321,367.0
23,5335,367.0
23,5361,367.0
23,5389,367.0
23,5421,367.0
23,5451,380.0
23,5465,380.0
23,5491,380.0
23,5507,380.0
23,5533,380.0
23,5535,380.0
23,5567,380.0
23,5597,384.0
23,5615,384.0
23,5631,384.0
23,5645,384.0
23,5647,384.0
23,5673,384.0
23,5701,384.0
23,5715,395.0
23,5741,397.0
23,5759,397.0
23,5773,397.0
23,5799,397.0
23,5827,397.0
23,5843,397.0
23,5875,397.0
23,5901,405.0
23,5929,405.0
23,5955,405.0
23,5987,405.0
23,6001,405.0
23,6015,405.0
23,6029,405.0
23,6059,405.0
23,6073,405.0
23,6099,405.0
23,6113,405.0
23,6129,405.0
23,6145,405.0
23,6161,405.0
23,6179,405.0
23,6181,405.0
23,6195,405.0
23,6209,405.0
23,6237,405.0
23,6263,406.0
23,6265,406.0
23,6267,406.0
23,6293,406.0
23,6295,406.0
23,6309,406.0
23,6341,406.0
23,6371,406.0
23,6389,406.0
23,6403,406.0
23,6431,406.0
23,6445,406.0
23,6473,406.0
23,6475,406.0
23,6477,406.0
23,6479,406.0
23,6509,406.0
23,6541,406.0
23,6543,406.0
23,6545,406.0
23,6573,406.0
23,6587,406.0
23,6601,406.0
23,6615,406.0
23,6629,406.0
23,6643,406.0
23,6657,412.0
23,6671,412.0
23,6673,412.0
23,6687,412.0
23,6703,412.0
23,6705,412.0
23,6707,412.0
23,6733,412.0
23,6735,412.0
23,6749,412.0
23,6781,412.0
23,6811,412.0
23,6841,412.0
23,6867,412.0
23,6883,412.0
23,6911,412.0
23,6927,412.0
23,6929,412.0
23,6945,412.0
23,6975,412.0
23,6989,412.0
23,7005,412.0
23,7007,412.0
23,7033,412.0
23,7035,412.0
23,7049,412.0
23,7051,412.0
23,7065,412.0
23,7079,412.0
23,7105,414.0
23,7119,414.0
23,7133,414.0
23,7135,414.0
23,7165,414.0
23,7193,414.0
23,7209,414.0
23,7211,414.0
23,7213,414.0
23,7227,414.0
23,7241,414.0
23,7255,414.0
23,7269,414.0
23,7297,414.0
23,7327,414.0
23,7345,414.0
23,7359,414.0
23,7373,414.0
23,7389,414.0
23,7403,414.0
23,7405,414.0
23,7433,414.0
23,7461,414.0
23,7463,414.0
23,7465,414.0
23,7479,419.0
23,7493,420.0
23,7519,420.0
23,7535,420.0
23,7549,420.0
23,7563,420.0
23,7589,420.0
23,7623,420.0
23,7643,420.0
23,7659,420.0
23,7675,420.0
23,7695,420.0
23,7709,420.0
23,7711,420.0
23,7725,420.0
23,7741,420.0
23,7743,420.0
23,7769,420.0
23,7795,420.0
23,7797,420.0
23,7811,420.0
23,7829,420.0
23,7843,420.0
23,7871,420.0
23,7885,420.0
23,7899,420.0
23,7925,420.0
23,7927,420.0
23,7943,420.0
23,7959,420.0
23,7961,420.0
23,7989,420.0
23,8003,420.0
23,8035,420.0
23,8049,420.0
23,8063,420.0
23,8079,420.0
23,8081,420.0
23,8111,420.0
23,8147,420.0
23,8173,420.0
23,8175,420.0
23,8189,420.0
23,8203,422.0
23,8205,422.0
23,8221,422.0
23,8249,422.0
23,8263,422.0
23,8283,422.0
23,8313,422.0
23,8331,422.0
23,8359,422.0
23,8373,422.0
23,8401,422.0
23,8419,422.0
23,8433,422.0
23,8447,422.0
23,8473,422.0
23,8475,422.0
23,8489,422.0
23,8507,422.0
23,8537,422.0
23,8563,422.0
23,8577,422.0
23,8591,422.0
23,8605,422.0
23,8625,422.0
23,8653,422.0
23,8681,422.0
23,8707,422.0
23,8733,423.0
23,8747,423.0
23,8773,423.0
23,8787,423.0
23,8801,423.0
23,8803,423.0
23,8817,423.0
23,8819,423.0
23,8849,423.0
23,8875,423.0
23,8903,423.0
23,8919,423.0
23,8953,423.0
23,8955,423.0
23,8969,423.0
23,8983,423.0
23,9009,423.0
23,9035,423.0
23,9067,423.0
23,9097,423.0
23,9099,423.0
23,9127,423.0
23,9141,423.0
23,9155,423.0
23,9171,423.0
23,9197,423.0
23,9211,423.0
23,9225,423.0
23,9241,423.0
23,9255,423.0
23,9257,423.0
23,9289,423.0
23,9303,423.0
23,9305,423.0
23,9319,423.0
23,9335,423.0
23,9363,423.0
23,9379,423.0
23,9393,425.0
23,9407,425.0
23,9409,425.0
23,9437,425.0
23,9465,425.0
23,9479,425.0
23,9495,425.0
23,9497,425.0
23,9525,425.0
23,9527,425.0
23,9541,425.0
23,9543,425.0
23,9545,425.0
23,9573,425.0
23,9591,425.0
23,9617,425.0
23,9645,425.0
23,9661,425.0
23,9677,425.0
23,9693,425.0
23,9721,425.0
23,9737,425.0
23,9739,425.0
23,9753,425.0
23,9755,425.0
23,9783,425.0
23,9815,425.0
23,9831,425.0
23,9833,425.0
23,9863,425.0
23,9865,425.0
23,9891,425.0
23,9907,425.0
23,9921,425.0
23,9935,425.0
23,9963,425.0
23,9979,425.0
23,9981,425.0
23,10007,425.0
23,10033,425.0
23,10049,425.0
23,10063,425.0
23,10091,425.0
23,10107,425.0
23,10121,426.0
23,10123,426.0
23,10137,426.0
23,10167,426.0
23,10181,426.0
23,10213,426.0
23,10241,426.0
23,10255,426.0
23,10273,426.0
23,10275,426.0
23,10289,426.0
23,10307,426.0
23,10327,426.0
23,10341,426.0
23,10373,426.0
23,10389,426.0
23,10405,426.0
23,10431,426.0
23,10447,426.0
23,10461,426.0
23,10479,426.0
23,10495,426.0
23,10497,426.0
23,10529,426.0
23,10543,426.0
23,10573,426.0
23,10601,426.0
23,10615,426.0
23,10631,426.0
23,10657,426.0
23,10659,426.0
23,10675,426.0
23,10689,426.0
23,10705,426.0
23,10719,426.0
23,10721,426.0
23,10735,426.0
23,10737,426.0
23,10751,426.0
23,10769,426.0
23,10805,426.0
23,10831,426.0
23,10859,426.0
23,10873,426.0
23,10901,426.0
23,10929,426.0
23,10955,426.0
23,10969,427.0
23,10983,427.0
23,11009,427.0
23,11023,427.0
23,11037,427.0
23,11065,427.0
23,11079,428.0
23,11105,429.0
23,11135,429.0
23,11137,429.0
23,11163,429.0
23,11189,429.0
23,11205,429.0
23,11219,429.0
23,11221,429.0
23,11251,429.0
23,11281,429.0
23,11307,429.0
23,11321,429.0
23,11349,429.0
23,11365,429.0
23,11393,429.0
23,11395,429.0
23,11409,429.0
23,11425,429.0
23,11427,429.0
23,11455,429.0
23,11457,429.0
23,11471,429.0
23,11485,429.0
23,11513,429.0
23,11527,429.0
23,11553,429.0
23,11569,429.0
23,11585,429.0
23,11599,430.0
23,11613,430.0
23,11641,430.0
23,11655,430.0
23,11683,430.0
23,11685,430.0
23,11715,430.0
23,11745,430.0
23,11761,430.0
23,11775,430.0
23,11791,430.0
23,11793,430.0
23,11807,430.0
23,11809,430.0
23,11839,430.0
23,11871,430.0
23,11899,430.0
23,11925,430.0
23,11941,430.0
23,11969,430.0
23,11971,430.0
23,11999,430.0
23,12029,430.0
23,12043,430.0
23,12059,430.0
23,12087,431.0
23,12113,431.0
23,12129,431.0
23,12157,431.0
23,12159,431.0
23,12173,431.0
23,12199,431.0
23,12225,431.0
23,12239,431.0
23,12255,431.0
23,12285,431.0
23,12287,431.0
23,12301,431.0
23,12315,431.0
23,12341,431.0
23,12357,431.0
23,12373,431.0
23,12401,431.0
23,12415,431.0
23,12447,431.0
23,12463,431.0
23,12493,431.0
23,12521,431.0
23,12535,431.0
23,12567,431.0
23,12581,431.0
23,12583,431.0
23,12613,431.0
23,12629,431.0
23,12643,431.0
23,12659,431.0
23,12661,431.0
23,12689,431.0
23,12703,431.0
23,12731,431.0
23,12757,431.0
23,12789,431.0
23,12815,431.0
23,12829,431.0
23,12831,431.0
23,12845,431.0
23,12873,431.0
23,12901,431.0
23,12915,431.0
23,12917,431.0
23,12919,431.0
23,12947,431.0
23,12975,431.0
23,13003,431.0
23,13017,431.0
23,13031,431.0
23,13033,431.0
23,13059,431.0
23,13075,431.0
23,13089,431.0
23,13103,431.0
23,13105,431.0
23,13107,431.0
23,13109,431.0
23,13123,431.0
23,13149,431.0
23,13163,431.0
23,13165,431.0
23,13179,431.0
23,13181,431.0
23,13197,431.0
23,13225,431.0
23,13251,431.0
23,13281,431.0
23,13283,431.0
23,13297,431.0
23,13315,431.0
23,13329,431.0
23,13331,431.0
23,13345,431.0
23,13361,431.0
23,13387,431.0
23,13389,431.0
23,13391,431.0
23,13419,431.0
23,13449,431.0
23,13451,431.0
23,13453,431.0
23,13469,431.0
23,13483,431.0
23,13485,431.0
23,13513,431.0
23,13515,431.0
23,13529,431.0
23,13543,431.0
23,13545,431.0
23,13559,431.0
23,13561,431.0
23,13577,431.0
23,13591,431.0
23,13621,431.0
23,13653,431.0
23,13655,431.0
23,13683,431.0
23,13697,431.0
23,13699,431.0
23,13701,431.0
23,13727,431.0
23,13741,431.0
23,13757,431.0
23,13783,431.0
23,13797,431.0
23,13811,431.0
23,13839,431.0
23,13853,431.0
23,13867,431.0
23,13881,431.0
23,13899,431.0
23,13925,431.0
23,13941,431.0
23,13943,431.0
23,13957,431.0
23,13971,431.0
23,13985,431.0
23,13999,431.0
23,14025,431.0
23,14051,431.0
23,14053,431.0
23,14055,431.0
23,14069,431.0
23,14097,431.0
23,14111,431.0
23,14125,431.0
23,14141,431.0
23,14165,431.0
23,14191,431.0
23,14209,431.0
23,14239,431.0
23,14267,431.0
23,14295,431.0
23,14311,431.0
23,14337,431.0
23,14339,431.0
23,14367,431.0
23,14381,431.0
23,14407,431.0
24,4478,318.0
24,4510,318.0
24,4512,318.0
24,4530,318.0
24,4532,318.0
24,4983,318.0
24,4997,318.0
24,5011,332.0
24,5025,332.0
24,5039,332.0
24,5053,332.0
24,5069,332.0
24,5083,332.0
24,5109,342.0
24,5111,342.0
24,5137,357.0
24,5153,357.0
24,5179,357.0
24,5193,365.0
24,5209,365.0
24,5223,365.0
24,5239,365.0
24,5265,381.0
24,5293,381.0
24,5311,381.0
24,5337,381.0
24,5365,381.0
24,5367,381.0
24,5397,381.0
24,5411,381.0
24,5413,381.0
24,5439,381.0
24,5467,381.0
24,5493,381.0
24,5519,381.0
24,5545,381.0
24,5559,381.0
24,5573,381.0
24,5601,381.0
24,5615,381.0
24,5641,381.0
24,5655,381.0
24,5657,381.0
24,5687,381.0
24,5715,382.0
24,5729,386.0
24,5755,386.0
24,5783,392.0
24,5797,392.0
24,5823,392.0
24,5851,392.0
24,5869,392.0
24,5897,392.0
24,5899,392.0
24,5913,392.0
24,5929,392.0
24,5955,392.0
24,5957,392.0
24,5971,393.0
24,5985,395.0
24,5999,395.0
24,6013,395.0
24,6045,396.0
24,6059,396.0
24,6085,399.0
24,6101,399.0
24,6129,399.0
24,6147,399.0
24,6175,399.0
24,6189,399.0
24,6215,399.0
24,6229,399.0
24,6257,399.0
24,6285,399.0
24,6287,399.0
24,6303,399.0
24,6305,399.0
24,6325,399.0
24,6327,399.0
24,6355,399.0
24,6373,399.0
24,6387,399.0
24,6415,399.0
24,6417,399.0
24,6443,399.0
24,6473,400.0
24,6487,400.0
24,6503,400.0
24,6505,400.0
24,6537,400.0
24,6553,400.0
24,6567,400.0
24,6569,400.0
24,6583,400.0
24,6603,400.0
24,6617,400.0
24,6633,400.0
24,6659,400.0
24,6687,401.0
24,6713,401.0
24,6715,401.0
24,6729,401.0
24,6731,401.0
24,6733,401.0
24,6759,401.0
24,6781,401.0
24,6795,401.0
24,6809,401.0
24,6823,405.0
24,6837,405.0
24,6855,405.0
24,6857,405.0
24,6871,408.0
24,6885,408.0
24,6911,408.0
24,6925,408.0
24,6939,408.0
24,6969,408.0
24,6983,408.0
24,7009,411.0
24,7035,411.0
24,7061,411.0
24,7075,411.0
24,7105,411.0
24,7131,411.0
24,7149,411.0
24,7165,411.0
24,7183,411.0
24,7213,411.0
24,7229,411.0
24,7263,411.0
24,7283,411.0
24,7285,411.0
24,7299,411.0
24,7301,411.0
24,7327,411.0
24,7341,411.0
24,7343,411.0
24,7345,411.0
24,7375,413.0
24,7407,413.0
24,7409,413.0
24,7425,413.0
24,7443,413.0
24,7459,413.0
24,7489,413.0
24,7507,415.0
24,7535,415.0
24,7567,415.0
24,7569,415.0
24,7595,415.0
24,7611,415.0
24,7637,415.0
24,7669,415.0
24,7683,415.0
24,7685,415.0
24,7713,415.0
24,7715,415.0
24,7729,415.0
24,7745,415.0
24,7775,415.0
24,7803,415.0
24,7817,415.0
24,7843,415.0
24,7845,415.0
24,7871,415.0
24,7897,415.0
24,7911,415.0
24,7941,416.0
24,7971,416.0
24,7973,416.0
24,7999,416.0
24,8033,416.0
24,8035,416.0
24,8067,416.0
24,8093,416.0
24,8107,416.0
24,8133,416.0
24,8135,416.0
24,8149,416.0
24,8163,417.0
24,8189,417.0
24,8217,421.0
24,8231,421.0
24,8233,421.0
24,8247,421.0
24,8275,421.0
24,8289,421.0
24,8305,421.0
24,8331,421.0
24,8347,421.0
24,8375,421.0
24,8401,421.0
24,8403,421.0
24,8431,421.0
24,8447,421.0
24,8477,422.0
24,8505,422.0
24,8531,422.0
24,8533,422.0
24,8535,422.0
24,8561,422.0
24,8575,422.0
24,8589,422.0
24,8605,422.0
24,8623,422.0
24,8637,422.0
24,8665,422.0
24,8693,422.0
24,8695,422.0
24,8713,422.0
24,8727,422.0
24,8741,422.0
24,8767,422.0
24,8793,422.0
24,8821,422.0
24,8835,422.0
24,8837,422.0
24,8869,422.0
24,8895,422.0
24,8897,422.0
24,8911,422.0
24,8925,422.0
24,8943,422.0
24,8971,422.0
24,8999,422.0
24,9013,422.0
24,9027,422.0
24,9041,422.0
24,9055,422.0
24,9083,422.0
24,9109,422.0
24,9123,422.0
24,9151,422.0
24,9179,422.0
24,9193,422.0
24,9219,423.0
24,9233,423.0
24,9235,423.0
24,9237,423.0
24,9253,423.0
24,9255,423.0
24,9269,423.0
24,9283,423.0
24,9313,423.0
24,9327,423.0
24,9353,424.0
24,9385,424.0
24,9411,424.0
24,9445,424.0
24,9463,424.0
24,9489,424.0
24,9517,424.0
24,9519,424.0
24,9535,424.0
24,9537,424.0
24,9567,424.0
24,9583,424.0
24,9597,424.0
24,9613,424.0
24,9615,424.0
24,9643,424.0
24,9669,424.0
24,9685,424.0
24,9713,424.0
24,9739,424.0
24,9765,424.0
24,9779,424.0
24,9797,424.0
24,9811,424.0
24,9825,424.0
24,9841,424.0
24,9855,426.0
24,9881,426.0
24,9883,426.0
24,9899,426.0
24,9927,426.0
24,9957,426.0
24,9971,426.0
24,9987,426.0
24,10013,426.0
24,10043,426.0
24,10071,426.0
24,10097,426.0
24,10123,426.0
24,10125,426.0
24,10151,426.0
24,10167,426.0
24,10181,426.0
24,10197,426.0
24,10199,426.0
24,10229,426.0
24,10231,426.0
24,10233,426.0
24,10247,426.0
24,10263,426.0
24,10265,426.0
24,10291,426.0
24,10319,426.0
24,10345,426.0
24,10361,426.0
24,10387,426.0
24,10419,426.0
24,10447,426.0
24,10475,426.0
24,10503,426.0
24,10529,426.0
24,10531,426.0
24,10549,426.0
24,10565,426.0
24,10591,426.0
24,10607,426.0
24,10623,426.0
24,10625,426.0
24,10651,426.0
24,10679,426.0
24,10707,427.0
24,10721,427.0
24,10749,427.0
24,10775,427.0
24,10791,427.0
24,10793,427.0
24,10807,427.0
24,10823,427.0
24,10851,427.0
24,10877,427.0
24,10905,427.0
24,10933,427.0
24,10947,427.0
24,10949,427.0
24,10963,427.0
24,10991,427.0
24,11007,427.0
24,11009,427.0
24,11011,427.0
24,11037,427.0
24,11051,427.0
24,11085,427.0
24,11113,427.0
24,11141,427.0
24,11157,427.0
24,11159,427.0
24,11189,427.0
24,11203,427.0
24,11217,427.0
24,11231,427.0
24,11247,427.0
24,11273,427.0
24,11287,427.0
24,11301,427.0
24,11327,427.0
24,11341,427.0
24,11359,427.0
24,11373,427.0
24,11375,427.0
24,11389,427.0
24,11391,427.0
24,11405,427.0
24,11421,427.0
24,11435,427.0
24,11461,427.0
24,11487,431.0
24,11513,431.0
24,11539,431.0
24,11555,431.0
24,11571,431.0
24,11585,431.0
24,11615,431.0
24,11643,431.0
24,11645,431.0
24,11659,431.0
24,11673,431.0
24,11699,431.0
24,11715,431.0
24,11741,431.0
24,11769,431.0
24,11783,431.0
24,11785,431.0
24,11799,431.0
24,11827,431.0
24,11863,431.0
24,11879,431.0
24,11893,431.0
24,11925,431.0
24,11951,431.0
24,11965,431.0
24,11993,431.0
24,12021,431.0
24,12023,431.0
24,12037,431.0
24,12051,431.0
24,12053,431.0
24,12071,431.0
24,12097,431.0
24,12111,431.0
24,12145,431.0
24,12147,431.0
24,12161,431.0
24,12175,431.0
24,12201,431.0
24,12215,431.0
24,12245,431.0
24,12259,431.0
24,12275,431.0
24,12289,431.0
24,12291,431.0
24,12293,431.0
24,12321,431.0
24,12335,431.0
24,12349,431.0
24,12351,431.0
24,12353,431.0
24,12355,431.0
24,12385,431.0
24,12411,431.0
24,12427,431.0
24,12441,431.0
24,12457,431.0
24,12471,431.0
24,12497,431.0
24,12523,431.0
24,12525,431.0
24,12539,434.0
24,12555,434.0
24,12557,434.0
24,12571,434.0
24,12597,434.0
24,12611,434.0
24,12637,434.0
24,12653,434.0
24,12655,434.0
24,12683,434.0
24,12697,434.0
24,12711,434.0
24,12725,434.0
24,12727,434.0
24,12757,434.0
24,12783,434.0
24,12815,434.0
24,12835,434.0
24,12849,434.0
24,12877,434.0
24,12879,434.0
24,12893,434.0
24,12909,434.0
24,12923,434.0
24,12951,434.0
24,12979,434.0
24,13005,434.0
24,13019,435.0
24,13035,435.0
24,13061,435.0
24,13077,435.0
24,13105,435.0
24,13123,435.0
24,13157,435.0
24,13171,435.0
24,13187,435.0
24,13201,435.0
24,13219,435.0
24,13233,435.0
24,13249,435.0
24,13265,435.0
24,13283,435.0
24,13285,435.0
24,13299,435.0
24,13313,435.0
24,13329,435.0
24,13359,435.0
24,13373,435.0
24,13375,435.0
24,13377,435.0
24,13411,435.0
24,13427,435.0
24,13429,435.0
24,13443,435.0
24,13445,435.0
24,13473,435.0
24,13489,435.0
24,13517,435.0
24,13533,435.0
24,13555,435.0
24,13571,435.0
24,13599,435.0
24,13625,435.0
24,13627,435.0
24,13641,435.0
24,13675,435.0
24,13677,435.0
24,13691,435.0
24,13717,435.0
24,13745,435.0
24,13773,435.0
24,13789,435.0
24,13815,435.0
24,13843,435.0
24,13859,435.0
24,13875,435.0
24,13889,435.0
24,13919,435.0
24,13949,435.0
24,13977,435.0
24,14005,435.0
24,14021,435.0
24,14035,435.0
24,14053,435.0
24,14083,435.0
24,14097,435.0
24,14127,435.0
24,14155,435.0
24,14185,435.0
24,14199,435.0
24,14227,435.0
24,14243,435.0
24,14259,435.0
24,14275,435.0
24,14305,435.0
24,14335,435.0
24,14349,435.0
24,14351,435.0
24,14353,435.0
24,14367,435.0
24,14369,435.0
24,14383,435.0
24,14413,435.0
24,14441,435.0
24,14443,435.0
24,14469,435.0
25,4346,289.0
25,4348,289.0
25,4374,292.0
25,4400,300.0
25,4416,300.0
25,4444,318.0
25,4458,318.0
25,4905,318.0
25,4919,318.0
25,4921,318.0
25,4937,318.0
25,4951,320.0
25,4969,320.0
25,4983,320.0
25,5009,323.0
25,5043,323.0
25,5073,344.0
25,5087,344.0
25,5115,344.0
25,5143,344.0
25,5159,344.0
25,5173,344.0
25,5175,344.0
25,5201,344.0
25,5219,344.0
25,5233,357.0
25,5259,370.0
25,5273,370.0
25,5287,387.0
25,5319,387.0
25,5345,387.0
25,5375,393.0
25,5391,393.0
25,5393,393.0
25,5419,393.0
25,5447,393.0
25,5477,393.0
25,5505,393.0
25,5519,393.0
25,5547,393.0
25,5575,393.0
25,5607,393.0
25,5621,393.0
25,5623,393.0
25,5625,393.0
25,5641,393.0
25,5667,393.0
25,5697,393.0
25,5699,393.0
25,5713,393.0
25,5715,393.0
25,5729,393.0
25,5745,393.0
25,5771,393.0
25,5797,394.0
25,5799,394.0
25,5817,394.0
25,5843,394.0
25,5845,394.0
25,5875,398.0
25,5903,398.0
25,5917,407.0
25,5945,407.0
25,5959,407.0
25,5985,407.0
25,5999,407.0
25,6029,407.0
25,6055,407.0
25,6071,407.0
25,6073,407.0
25,6105,407.0
25,6135,407.0
25,6165,407.0
25,6179,407.0
25,6195,407.0
25,6229,407.0
25,6243,407.0
25,6271,407.0
25,6287,407.0
25,6315,407.0
25,6317,407.0
25,6333,407.0
25,6361,407.0
25,6395,407.0
25,6423,407.0
25,6437,407.0
25,6451,407.0
25,6481,407.0
25,6497,407.0
25,6511,407.0
25,6537,409.0
25,6539,409.0
25,6567,409.0
25,6599,409.0
25,6627,409.0
25,6643,409.0
25,6657,409.0
25,6671,409.0
25,6687,409.0
25,6701,409.0
25,6715,409.0
25,6729,409.0
25,6759,409.0
25,6773,409.0
25,6775,409.0
25,6791,409.0
25,6817,409.0
25,6837,409.0
25,6839,409.0
25,6865,409.0
25,6899,409.0
25,6925,410.0
25,6939,410.0
25,6955,410.0
25,6983,410.0
25,7009,410.0
25,7011,410.0
25,7027,410.0
25,7041,410.0
25,7055,410.0
25,7081,414.0
25,7097,414.0
25,7127,414.0
25,7141,414.0
25,7155,414.0
25,7173,414.0
25,7187,414.0
25,7213,414.0
25,7229,414.0
25,7231,414.0
25,7245,415.0
25,7275,415.0
25,7289,415.0
25,7317,415.0
25,7343,416.0
25,7357,416.0
25,7371,416.0
25,7373,416.0
25,7375,416.0
25,7403,416.0
25,7429,416.0
25,7465,416.0
25,7467,416.0
25,7493,416.0
25,7521,417.0
25,7535,417.0
25,7561,417.0
25,7575,417.0
25,7605,417.0
25,7621,417.0
25,7649,417.0
25,7665,417.0
25,7679,423.0
25,7707,423.0
25,7733,423.0
25,7749,423.0
25,7751,423.0
25,7777,423.0
25,7793,423.0
25,7811,423.0
25,7825,423.0
25,7841,423.0
25,7855,423.0
25,7881,423.0
25,7883,423.0
25,7911,423.0
25,7939,423.0
25,7969,423.0
25,7995,423.0
25,8023,423.0
25,8051,423.0
25,8083,423.0
25,8099,423.0
25,8127,423.0
25,8141,423.0
25,8159,423.0
25,8173,423.0
25,8187,423.0
25,8189,423.0
25,8219,423.0
25,8233,423.0
25,8247,423.0
25,8261,423.0
25,8287,428.0
25,8289,428.0
25,8291,428.0
25,8321,428.0
25,8323,428.0
25,8325,428.0
25,8353,428.0
25,8367,428.0
25,8395,428.0
25,8415,428.0
25,8429,428.0
25,8443,428.0
25,8459,428.0
25,8477,428.0
25,8493,428.0
25,8523,428.0
25,8555,428.0
25,8569,428.0
25,8597,428.0
25,8599,428.0
25,8613,428.0
25,8639,428.0
25,8653,428.0
25,8679,428.0
25,8695,428.0
25,8709,428.0
25,8739,428.0
25,8741,428.0
25,8755,428.0
25,8757,428.0
25,8759,428.0
25,8773,428.0
25,8787,428.0
25,8803,428.0
25,8831,428.0
25,8859,428.0
25,8873,430.0
25,8901,430.0
25,8927,430.0
25,8959,430.0
25,8973,430.0
25,8987,430.0
25,9001,430.0
25,9017,430.0
25,9033,430.0
25,9035,430.0
25,9063,430.0
25,9077,430.0
25,9095,430.0
25,9121,430.0
25,9135,430.0
25,9149,430.0
25,9175,430.0
25,9189,430.0
25,9217,430.0
25,9219,430.0
25,9221,430.0
25,9251,430.0
25,9269,430.0
25,9297,430.0
25,9323,430.0
25,9339,430.0
25,9355,430.0
25,9369,430.0
25,9383,430.0
25,9421,430.0
25,9435,430.0
25,9465,430.0
25,9483,430.0
25,9485,430.0
25,9503,430.0
25,9517,430.0
25,9543,430.0
25,9559,430.0
25,9573,430.0
25,9589,430.0
25,9591,430.0
25,9619,430.0
25,9633,430.0
25,9647,430.0
25,9661,430.0
25,9663,430.0
25,9689,430.0
25,9691,430.0
25,9717,430.0
25,9731,430.0
25,9761,430.0
25,9779,430.0
25,9795,430.0
25,9811,430.0
25,9827,430.0
25,9829,430.0
25,9845,430.0
25,9877,430.0
25,9893,430.0
25,9895,430.0
25,9925,430.0
25,9953,430.0
25,9955,430.0
25,9981,430.0
25,10009,430.0
25,10023,430.0
25,10025,430.0
25,10039,430.0
25,10057,430.0
25,10073,430.0
25,10087,430.0
25,10089,430.0
25,10117,430.0
25,10147,430.0
25,10173,430.0
25,10199,430.0
25,10225,430.0
25,10241,430.0
25,10273,430.0
25,10301,430.0
25,10317,430.0
25,10333,430.0
25,10359,430.0
25,10373,430.0
25,10399,430.0
25,10415,430.0
25,10441,430.0
25,10455,430.0
25,10471,430.0
25,10485,430.0
25,10513,430.0
25,10541,430.0
25,10559,430.0
25,10573,430.0
25,10599,430.0
25,10625,430.0
25,10627,430.0
25,10643,430.0
25,10675,430.0
25,10677,430.0
25,10691,430.0
25,10693,430.0
25,10695,430.0
25,10697,430.0
25,10715,430.0
25,10731,430.0
25,10759,430.0
25,10773,430.0
25,10775,430.0
25,10803,430.0
25,10817,430.0
25,10845,430.0
25,10859,430.0
25,10873,430.0
25,10889,430.0
25,10921,430.0
25,10935,430.0
25,10951,430.0
25,10953,430.0
25,10967,430.0
25,10969,430.0
25,10983,430.0
25,10985,430.0
25,10987,430.0
25,11007,430.0
25,11023,430.0
25,11055,430.0
25,11085,430.0
25,11099,430.0
25,11113,430.0
25,11115,430.0
25,11141,430.0
25,11155,430.0
25,11185,430.0
25,11187,430.0
25,11213,430.0
25,11215,430.0
25,11245,430.0
25,11247,430.0
25,11249,430.0
25,11263,430.0
25,11291,430.0
25,11307,430.0
25,11329,430.0
25,11343,430.0
25,11361,430.0
25,11389,430.0
25,11405,430.0
25,11431,430.0
25,11457,430.0
25,11487,430.0
25,11501,430.0
25,11515,430.0
25,11531,430.0
25,11557,430.0
25,11583,430.0
25,11597,430.0
25,11627,430.0
25,11643,430.0
25,11659,430.0
25,11673,430.0
25,11687,430.0
25,11703,430.0
25,11721,430.0
25,11739,430.0
25,11753,430.0
25,11769,430.0
25,11771,430.0
25,11773,430.0
25,11789,430.0
25,11815,430.0
25,11829,432.0
25,11847,432.0
25,11849,432.0
25,11863,432.0
25,11865,432.0
25,11881,432.0
25,11883,432.0
25,11885,432.0
25,11899,432.0
25,11913,432.0
25,11915,432.0
25,11931,432.0
25,11957,432.0
25,11987,432.0
25,12001,432.0
25,12015,432.0
25,12045,432.0
25,12061,432.0
25,12063,432.0
25,12095,432.0
25,12123,432.0
25,12151,432.0
25,12153,432.0
25,12155,432.0
25,12169,432.0
25,12195,432.0
25,12209,432.0
25,12223,432.0
25,12225,432.0
25,12241,432.0
25,12269,432.0
25,12283,432.0
25,12297,432.0
25,12323,432.0
25,12325,432.0
25,12339,432.0
25,12353,432.0
25,12369,432.0
25,12385,432.0
25,12399,432.0
25,12401,432.0
25,12415,432.0
25,12431,432.0
25,12447,432.0
25,12461,432.0
25,12487,432.0
25,12501,432.0
25,12529,432.0
25,12545,432.0
25,12559,432.0
25,12573,432.0
25,12591,432.0
25,12593,432.0
25,12607,432.0
25,12633,432.0
25,12647,432.0
25,12663,432.0
25,12691,432.0
25,12705,433.0
25,12719,433.0
25,12745,433.0
25,12747,433.0
25,12777,433.0
25,12803,433.0
25,12817,433.0
25,12831,433.0
25,12859,433.0
25,12873,433.0
25,12887,433.0
25,12917,433.0
25,12933,433.0
25,12935,433.0
25,12949,433.0
25,12977,433.0
25,12991,433.0
25,13017,433.0
25,13019,433.0
25,13045,433.0
25,13063,433.0
25,13079,433.0
25,13093,433.0
25,13121,433.0
25,13149,433.0
25,13175,433.0
25,13189,433.0
25,13219,433.0
25,13245,433.0
25,13259,433.0
25,13275,433.0
25,13289,433.0
25,13307,433.0
25,13321,433.0
25,13351,433.0
25,13365,433.0
25,13381,433.0
25,13407,433.0
25,13423,433.0
25,13439,433.0
25,13441,433.0
25,13471,433.0
25,13499,433.0
25,13501,433.0
25,13531,433.0
25,13545,433.0
25,13575,433.0
25,13603,433.0
25,13629,433.0
25,13643,433.0
25,13669,433.0
25,13683,433.0
25,13711,433.0
25,13739,433.0
25,13755,433.0
25,13757,433.0
25,13785,433.0
25,13799,433.0
25,13829,433.0
25,13847,433.0
25,13875,435.0
25,13907,435.0
25,13935,435.0
25,13949,435.0
25,13969,435.0
25,13985,435.0
25,14011,435.0
25,14025,435.0
25,14053,435.0
25,14079,435.0
25,14109,435.0
25,14135,435.0
25,14137,435.0
25,14165,435.0
25,14179,435.0
25,14207,435.0
25,14209,435.0
25,14225,435.0
25,14253,435.0
25,14255,435.0
25,14285,435.0
25,14299,435.0
25,14313,435.0
25,14329,435.0
25,14331,435.0
26,4274,286.0
26,4308,300.0
26,4324,300.0
26,4338,300.0
26,4783,324.0
26,4785,324.0
26,4813,342.0
26,4839,342.0
26,4867,342.0
26,4895,342.0
26,4921,342.0
26,4949,342.0
26,4979,342.0
26,5005,360.0
26,5007,360.0
26,5021,360.0
26,5035,360.0
26,5037,360.0
26,5051,360.0
26,5053,360.0
26,5069,360.0
26,5097,360.0
26,5113,360.0
26,5115,360.0
26,5141,362.0
26,5143,362.0
26,5171,362.0
26,5173,362.0
26,5187,362.0
26,5213,364.0
26,5227,364.0
26,5255,390.0
26,5269,390.0
26,5297,399.0
26,5311,399.0
26,5339,399.0
26,5353,399.0
26,5355,399.0
26,5369,399.0
26,5383,399.0
26,5411,399.0
26,5439,399.0
26,5467,399.0
26,5483,399.0
26,5513,399.0
26,5527,399.0
26,5547,399.0
26,5549,399.0
26,5551,399.0
26,5567,399.0
26,5593,402.0
26,5619,402.0
26,5649,402.0
26,5681,402.0
26,5709,402.0
26,5723,402.0
26,5741,402.0
26,5769,402.0
26,5795,402.0
26,5809,402.0
26,5811,402.0
26,5813,402.0
26,5839,405.0
26,5867,412.0
26,5883,412.0
26,5897,412.0
26,5913,412.0
26,5929,412.0
26,5943,412.0
26,5969,412.0
26,5999,412.0
26,6013,412.0
26,6027,412.0
26,6041,412.0
26,6055,412.0
26,6081,412.0
26,6109,412.0
26,6123,412.0
26,6139,412.0
26,6167,412.0
26,6181,412.0
26,6195,412.0
26,6209,412.0
26,6237,412.0
26,6263,412.0
26,6295,412.0
26,6321,412.0
26,6349,412.0
26,6365,412.0
26,6367,412.0
26,6369,412.0
26,6399,412.0
26,6413,412.0
26,6441,412.0
26,6443,412.0
26,6445,412.0
26,6471,412.0
26,6487,412.0
26,6517,412.0
26,6545,412.0
26,6547,412.0
26,6561,412.0
26,6591,412.0
26,6605,412.0
26,6607,412.0
26,6633,412.0
26,6635,412.0
26,6653,412.0
26,6679,412.0
26,6705,412.0
26,6731,412.0
26,6745,412.0
26,6773,412.0
26,6789,412.0
26,6805,412.0
26,6819,412.0
26,6845,413.0
26,6875,413.0
26,6889,413.0
26,6903,413.0
26,6905,413.0
26,6945,413.0
26,6961,413.0
26,6989,413.0
26,7005,413.0
26,7033,415.0
26,7047,415.0
26,7061,415.0
26,7075,415.0
26,7077,415.0
26,7091,415.0
26,7105,415.0
26,7119,415.0
26,7145,418.0
26,7147,418.0
26,7177,418.0
26,7179,418.0
26,7193,418.0
26,7221,418.0
26,7237,418.0
26,7267,418.0
26,7269,418.0
26,7289,418.0
26,7291,418.0
26,7309,418.0
26,7337,418.0
26,7365,418.0
26,7379,418.0
26,7393,418.0
26,7421,418.0
26,7453,418.0
26,7455,418.0
26,7485,418.0
26,7515,418.0
26,7541,418.0
26,7569,420.0
26,7597,420.0
26,7625,420.0
26,7653,420.0
26,7667,420.0
26,7683,420.0
26,7715,420.0
26,7743,420.0
26,7769,420.0
26,7783,420.0
26,7813,420.0
26,7839,420.0
26,7857,420.0
26,7885,420.0
26,7901,420.0
26,7903,420.0
26,7935,420.0
26,7963,420.0
26,7977,420.0
26,7995,420.0
26,8011,420.0
26,8039,420.0
26,8053,420.0
26,8067,420.0
26,8081,420.0
26,8099,420.0
26,8113,420.0
26,8139,420.0
26,8141,420.0
26,8167,420.0
26,8181,420.0
26,8211,420.0
26,8225,420.0
26,8239,420.0
26,8253,420.0
26,8267,420.0
26,8281,420.0
26,8311,420.0
26,8339,420.0
26,8355,420.0
26,8369,420.0
26,8399,420.0
26,8425,420.0
26,8439,420.0
26,8441,420.0
26,8455,420.0
26,8469,420.0
26,8483,420.0
26,8511,420.0
26,8525,420.0
26,8539,420.0
26,8553,420.0
26,8581,420.0
26,8609,420.0
26,8623,420.0
26,8625,420.0
26,8653,420.0
26,8669,420.0
26,8683,420.0
26,8701,420.0
26,8703,420.0
26,8719,420.0
26,8735,420.0
26,8749,420.0
26,8779,420.0
26,8807,420.0
26,8821,421.0
26,8847,421.0
26,8879,421.0
26,8905,421.0
26,8921,421.0
26,8923,421.0
26,8937,421.0
26,8953,421.0
26,8955,421.0
26,8969,421.0
26,8995,421.0
26,9025,421.0
26,9041,421.0
26,9071,421.0
26,9099,421.0
26,9101,421.0
26,9119,421.0
26,9149,421.0
26,9181,421.0
26,9211,421.0
26,9227,421.0
26,9245,421.0
26,9247,421.0
26,9261,421.0
26,9263,421.0
26,9289,421.0
26,9317,421.0
26,9335,421.0
26,9353,421.0
26,9381,421.0
26,9397,421.0
26,9423,421.0
26,9453,421.0
26,9479,421.0
26,9493,421.0
26,9507,421.0
26,9521,421.0
26,9535,421.0
26,9563,421.0
26,9597,421.0
26,9613,421.0
26,9627,421.0
26,9653,421.0
26,9669,421.0
26,9685,421.0
26,9687,421.0
26,9705,421.0
26,9707,421.0
26,9721,421.0
26,9737,421.0
26,9751,421.0
26,9777,421.0
26,9791,421.0
26,9817,423.0
26,9833,423.0
26,9863,423.0
26,9893,423.0
26,9909,423.0
26,9935,424.0
26,9961,424.0
26,9989,424.0
26,10005,424.0
26,10031,424.0
26,10045,424.0
26,10073,424.0
26,10087,424.0
26,10117,424.0
26,10131,424.0
26,10145,424.0
26,10161,424.0
26,10175,424.0
26,10201,424.0
26,10215,424.0
26,10231,424.0
26,10245,424.0
26,10247,424.0
26,10261,424.0
26,10287,424.0
26,10313,424.0
26,10327,424.0
26,10341,424.0
26,10367,424.0
26,10395,424.0
26,10421,424.0
26,10423,424.0
26,10451,424.0
26,10465,425.0
26,10479,425.0
26,10493,425.0
26,10511,425.0
26,10537,425.0
26,10567,425.0
26,10581,425.0
26,10597,425.0
26,10611,425.0
26,10627,425.0
26,10653,425.0
26,10667,425.0
26,10683,425.0
26,10697,425.0
26,10715,425.0
26,10729,430.0
26,10749,430.0
26,10751,430.0
26,10767,430.0
26,10781,430.0
26,10811,430.0
26,10825,430.0
26,10839,430.0
26,10865,430.0
26,10895,430.0
26,10913,430.0
26,10939,430.0
26,10953,430.0
26,10981,430.0
26,11009,430.0
26,11037,430.0
26,11051,430.0
26,11065,430.0
26,11081,430.0
26,11111,430.0
26,11127,430.0
26,11143,430.0
26,11161,430.0
26,11175,430.0
26,11201,430.0
26,11231,430.0
26,11261,430.0
26,11263,430.0
26,11277,430.0
26,11305,430.0
26,11319,430.0
26,11335,430.0
26,11367,430.0
26,11381,430.0
26,11397,430.0
26,11411,430.0
26,11413,430.0
26,11427,430.0
26,11441,430.0
26,11455,430.0
26,11487,430.0
26,11517,430.0
26,11543,430.0
26,11573,430.0
26,11575,430.0
26,11591,430.0
26,11593,430.0
26,11607,430.0
26,11625,430.0
26,11639,430.0
26,11653,430.0
26,11667,430.0
26,11669,430.0
26,11685,430.0
26,11701,430.0
26,11715,430.0
26,11717,430.0
26,11743,430.0
26,11771,430.0
26,11787,430.0
26,11821,430.0
26,11847,430.0
26,11877,430.0
26,11891,430.0
26,11925,430.0
26,11927,430.0
26,11929,430.0
26,11931,430.0
26,11933,430.0
26,11959,430.0
26,11987,430.0
26,12003,430.0
26,12019,430.0
26,12033,430.0
26,12035,430.0
26,12053,430.0
26,12079,430.0
26,12081,430.0
26,12083,430.0
26,12099,430.0
26,12127,430.0
26,12129,430.0
26,12131,430.0
26,12157,430.0
26,12187,430.0
26,12189,430.0
26,12217,430.0
26,12247,430.0
26,12279,430.0
26,12307,430.0
26,12337,430.0
26,12367,430.0
26,12393,430.0
26,12407,430.0
26,12433,430.0
26,12461,430.0
26,12477,430.0
26,12503,430.0
26,12533,430.0
26,12547,430.0
26,12549,430.0
26,12565,430.0
26,12581,430.0
26,12613,430.0
26,12627,430.0
26,12653,430.0
26,12667,430.0
26,12681,430.0
26,12707,430.0
26,12721,430.0
26,12735,430.0
26,12761,430.0
26,12787,430.0
26,12815,430.0
26,12831,430.0
26,12857,430.0
26,12883,430.0
26,12901,430.0
26,12903,430.0
26,12917,430.0
26,12931,430.0
26,12959,430.0
26,12977,430.0
26,13005,430.0
26,13033,430.0
26,13047,430.0
26,13073,430.0
26,13101,430.0
26,13103,430.0
26,13129,430.0
26,13157,430.0
26,13185,430.0
26,13203,430.0
26,13205,430.0
26,13219,430.0
26,13245,430.0
26,13265,430.0
26,13281,430.0
26,13295,430.0
26,13325,430.0
26,13355,430.0
26,13357,430.0
26,13385,430.0
26,13401,430.0
26,13415,430.0
26,13431,430.0
26,13451,430.0
26,13479,430.0
26,13507,430.0
26,13521,430.0
26,13535,430.0
26,13551,430.0
26,13565,430.0
26,13591,430.0
26,13593,430.0
26,13595,430.0
26,13597,430.0
26,13599,430.0
26,13625,430.0
26,13651,430.0
26,13653,430.0
26,13681,430.0
26,13695,430.0
26,13725,430.0
26,13727,430.0
26,13743,430.0
26,13771,430.0
26,13803,430.0
26,13805,430.0
26,13831,430.0
26,13859,430.0
26,13861,430.0
26,13863,430.0
26,13893,430.0
26,13909,430.0
26,13925,430.0
26,13955,430.0
26,13969,430.0
26,13995,430.0
26,14011,430.0
26,14025,430.0
26,14039,430.0
26,14055,430.0
26,14081,430.0
26,14111,430.0
26,14125,430.0
26,14139,430.0
26,14141,430.0
26,14173,430.0
26,14189,430.0
26,14203,430.0
26,14217,430.0
26,14243,430.0
26,14257,430.0
26,14271,430.0
26,14287,430.0
27,4350,300.0
27,4352,300.0
27,4366,300.0
27,4380,314.0
27,4398,314.0
27,4426,345.0
27,4458,345.0
27,4460,345.0
27,4478,345.0
27,4492,345.0
27,4508,345.0
27,4538,345.0
27,4568,345.0
27,4594,345.0
27,4608,345.0
27,4622,345.0
27,4652,345.0
27,5097,345.0
27,5099,345.0
27,5113,345.0
27,5139,353.0
27,5141,353.0
27,5167,362.0
27,5195,369.0
27,5209,369.0
27,5235,369.0
27,5271,369.0
27,5273,369.0
27,5299,371.0
27,5301,371.0
27,5315,371.0
27,5341,371.0
27,5355,371.0
27,5369,371.0
27,5371,371.0
27,5397,371.0
27,5399,371.0
27,5427,371.0
27,5443,371.0
27,5469,374.0
27,5483,374.0
27,5497,376.0
27,5513,376.0
27,5543,379.0
27,5569,379.0
27,5595,396.0
27,5611,396.0
27,5637,396.0
27,5651,396.0
27,5665,396.0
27,5679,396.0
27,5693,401.0
27,5707,401.0
27,5739,401.0
27,5753,401.0
27,5779,401.0
27,5781,401.0
27,5799,401.0
27,5813,401.0
27,5815,401.0
27,5829,401.0
27,5845,401.0
27,5847,401.0
27,5849,401.0
27,5863,401.0
27,5889,401.0
27,5917,401.0
27,5945,401.0
27,5959,401.0
27,5975,401.0
27,5989,401.0
27,6015,401.0
27,6041,401.0
27,6055,401.0
27,6083,401.0
27,6111,401.0
27,6137,401.0
27,6153,401.0
27,6167,401.0
27,6181,401.0
27,6195,401.0
27,6197,401.0
27,6225,401.0
27,6227,401.0
27,6243,401.0
27,6261,401.0
27,6291,401.0
27,6305,401.0
27,6331,402.0
27,6357,402.0
27,6359,402.0
27,6375,402.0
27,6401,402.0
27,6429,402.0
27,6443,402.0
27,6459,402.0
27,6477,402.0
27,6505,402.0
27,6507,402.0
27,6521,402.0
27,6523,402.0
27,6551,402.0
27,6567,402.0
27,6569,402.0
27,6583,406.0
27,6597,406.0
27,6611,406.0
27,6625,406.0
27,6651,406.0
27,6653,406.0
27,6681,406.0
27,6695,406.0
27,6721,406.0
27,6749,406.0
27,6779,406.0
27,6805,406.0
27,6833,406.0
27,6835,406.0
27,6855,406.0
27,6869,406.0
27,6887,406.0
27,6917,406.0
27,6943,410.0
27,6959,410.0
27,6975,410.0
27,7001,410.0
27,7015,413.0
27,7017,413.0
27,7031,414.0
27,7033,414.0
27,7035,414.0
27,7051,414.0
27,7077,414.0
27,7107,414.0
27,7123,414.0
27,7125,414.0
27,7155,414.0
27,7157,414.0
27,7173,414.0
27,7189,414.0
27,7205,414.0
27,7231,414.0
27,7245,414.0
27,7271,420.0
27,7299,420.0
27,7301,420.0
27,7315,420.0
27,7343,420.0
27,7357,420.0
27,7373,420.0
27,7375,420.0
27,7405,420.0
27,7419,420.0
27,7421,420.0
27,7435,420.0
27,7461,420.0
27,7477,420.0
27,7495,420.0
27,7515,420.0
27,7545,420.0
27,7547,420.0
27,7563,420.0
27,7577,420.0
27,7595,420.0
27,7621,420.0
27,7647,420.0
27,7675,420.0
27,7703,420.0
27,7719,420.0
27,7751,420.0
27,7753,420.0
27,7781,420.0
27,7795,420.0
27,7827,420.0
27,7843,420.0
27,7857,420.0
27,7877,420.0
27,7905,420.0
27,7919,420.0
27,7947,420.0
27,7961,420.0
27,7977,420.0
27,7991,420.0
27,8025,420.0
27,8059,420.0
27,8073,420.0
27,8089,420.0
27,8103,420.0
27,8117,420.0
27,8133,420.0
27,8149,420.0
27,8175,420.0
27,8205,420.0
27,8231,420.0
27,8233,420.0
27,8249,420.0
27,8263,420.0
27,8277,420.0
27,8293,420.0
27,8311,420.0
27,8337,420.0
27,8351,420.0
27,8381,423.0
27,8395,423.0
27,8397,423.0
27,8411,423.0
27,8439,423.0
27,8457,423.0
27,8485,423.0
27,8499,423.0
27,8513,423.0
27,8543,423.0
27,8573,423.0
27,8589,423.0
27,8617,423.0
27,8643,423.0
27,8675,423.0
27,8677,423.0
27,8705,423.0
27,8721,423.0
27,8749,423.0
27,8779,423.0
27,8793,423.0
27,8807,423.0
27,8839,423.0
27,8853,424.0
27,8869,424.0
27,8895,424.0
27,8921,424.0
27,8947,424.0
27,8961,424.0
27,8987,424.0
27,9001,424.0
27,9033,424.0
27,9035,424.0
27,9049,424.0
27,9051,424.0
27,9065,424.0
27,9081,424.0
27,9107,424.0
27,9123,424.0
27,9137,424.0
27,9165,424.0
27,9167,424.0
27,9201,424.0
27,9215,424.0
27,9217,424.0
27,9219,424.0
27,9245,424.0
27,9271,424.0
27,9297,424.0
27,9299,424.0
27,9313,424.0
27,9327,424.0
27,9353,424.0
27,9355,424.0
27,9381,424.0
27,9409,424.0
27,9435,424.0
27,9461,424.0
27,9487,424.0
27,9517,424.0
27,9519,424.0
27,9545,424.0
27,9559,424.0
27,9573,424.0
27,9589,424.0
27,9591,424.0
27,9609,424.0
27,9623,424.0
27,9625,424.0
27,9651,424.0
27,9679,424.0
27,9693,424.0
27,9707,424.0
27,9725,424.0
27,9753,424.0
27,9769,424.0
27,9783,424.0
27,9809,424.0
27,9839,424.0
27,9867,424.0
27,9881,424.0
27,9895,424.0
27,9911,424.0
27,9939,424.0
27,9953,424.0
27,9969,424.0
27,9989,424.0
27,10005,424.0
27,10037,424.0
27,10051,424.0
27,10065,424.0
27,10095,424.0
27,10123,424.0
27,10139,424.0
27,10155,424.0
27,10169,424.0
27,10185,424.0
27,10213,424.0
27,10241,424.0
27,10273,424.0
27,10287,424.0
27,10307,424.0
27,10337,424.0
27,10365,425.0
27,10379,425.0
27,10407,425.0
27,10421,425.0
27,10441,425.0
27,10443,425.0
27,10457,425.0
27,10459,425.0
27,10475,425.0
27,10489,425.0
27,10503,425.0
27,10523,425.0
27,10553,425.0
27,10567,425.0
27,10597,425.0
27,10623,425.0
27,10637,425.0
27,10639,425.0
27,10667,425.0
27,10683,425.0
27,10697,425.0
27,10699,425.0
27,10713,425.0
27,10739,425.0
27,10755,425.0
27,10771,425.0
27,10789,425.0
27,10815,425.0
27,10831,425.0
27,10859,425.0
27,10873,425.0
27,10907,425.0
27,10921,425.0
27,10935,427.0
27,10949,427.0
27,10963,427.0
27,10977,427.0
27,11007,427.0
27,11021,427.0
27,11047,427.0
27,11061,427.0
27,11075,427.0
27,11089,427.0
27,11103,427.0
27,11129,427.0
27,11131,427.0
27,11163,427.0
27,11193,427.0
27,11207,427.0
27,11233,427.0
27,11247,427.0
27,11273,427.0
27,11289,427.0
27,11303,427.0
27,11317,427.0
27,11349,427.0
27,11363,427.0
27,11397,427.0
27,11425,427.0
27,11451,427.0
27,11467,427.0
27,11493,427.0
27,11509,427.0
27,11529,427.0
27,11543,427.0
27,11557,427.0
27,11577,427.0
27,11591,428.0
27,11605,428.0
27,11621,428.0
27,11623,428.0
27,11637,428.0
27,11651,428.0
27,11665,428.0
27,11691,428.0
27,11705,428.0
27,11719,428.0
27,11745,428.0
27,11759,428.0
27,11785,428.0
27,11813,428.0
27,11843,428.0
27,11873,428.0
27,11889,428.0
27,11917,428.0
27,11943,428.0
27,11971,428.0
27,11973,428.0
27,11999,428.0
27,12027,428.0
27,12041,428.0
27,12043,428.0
27,12057,428.0
27,12073,428.0
27,12087,428.0
27,12101,428.0
27,12115,428.0
27,12117,428.0
27,12149,428.0
27,12177,428.0
27,12179,428.0
27,12205,428.0
27,12233,428.0
27,12247,428.0
27,12273,428.0
27,12291,428.0
27,12305,428.0
27,12333,428.0
27,12361,428.0
27,12377,428.0
27,12379,428.0
27,12393,428.0
27,12407,428.0
27,12409,428.0
27,12423,428.0
27,12451,428.0
27,12465,429.0
27,12493,429.0
27,12507,429.0
27,12535,429.0
27,12551,429.0
27,12579,429.0
27,12593,429.0
27,12619,429.0
27,12621,429.0
27,12635,429.0
27,12649,429.0
27,12663,429.0
27,12677,429.0
27,12695,429.0
27,12723,429.0
27,12751,429.0
27,12753,429.0
27,12755,429.0
27,12783,429.0
27,12797,429.0
27,12799,429.0
27,12815,429.0
27,12829,429.0
27,12845,429.0
27,12859,429.0
27,12885,429.0
27,12913,429.0
27,12927,429.0
27,12955,429.0
27,12981,429.0
27,13011,429.0
27,13039,429.0
27,13055,429.0
27,13069,429.0
27,13097,429.0
27,13111,429.0
27,13127,429.0
27,13129,429.0
27,13131,429.0
27,13161,429.0
27,13163,429.0
27,13177,429.0
27,13209,429.0
27,13223,429.0
27,13255,429.0
27,13285,429.0
27,13299,429.0
27,13325,429.0
27,13353,429.0
27,13367,429.0
27,13383,429.0
27,13397,429.0
27,13423,429.0
27,13425,429.0
27,13439,431.0
27,13455,431.0
27,13457,431.0
27,13487,431.0
27,13503,431.0
27,13533,431.0
27,13535,431.0
27,13553,431.0
27,13573,431.0
27,13575,431.0
27,13589,431.0
27,13615,431.0
27,13629,431.0
27,13643,431.0
27,13675,431.0
27,13701,431.0
27,13733,431.0
27,13761,431.0
27,13791,431.0
27,13793,431.0
27,13833,431.0
27,13863,431.0
27,13865,431.0
27,13879,431.0
27,13895,431.0
27,13911,431.0
27,13925,431.0
27,13939,431.0
27,13941,431.0
27,13969,431.0
27,13999,431.0
27,14001,431.0
27,14027,431.0
27,14055,431.0
27,14069,431.0
27,14083,431.0
27,14085,431.0
27,14115,431.0
27,14143,431.0
27,14157,431.0
27,14183,431.0
27,14211,431.0
27,14237,431.0
27,14267,431.0
27,14285,431.0
27,14311,431.0
27,14339,431.0
28,4524,288.0
28,4538,288.0
28,4554,288.0
28,5001,289.0
28,5017,289.0
28,5047,318.0
28,5049,318.0
28,5079,320.0
28,5081,320.0
28,5107,320.0
28,5109,320.0
28,5135,320.0
28,5161,320.0
28,5175,320.0
28,5201,320.0
28,5215,320.0
28,5217,320.0
28,5231,343.0
28,5245,343.0
28,5271,350.0
28,5301,350.0
28,5315,350.0
28,5331,350.0
28,5347,350.0
28,5361,368.0
28,5391,368.0
28,5405,368.0
28,5419,368.0
28,5435,368.0
28,5451,368.0
28,5465,368.0
28,5479,368.0
28,5511,368.0
28,5527,368.0
28,5561,368.0
28,5563,368.0
28,5589,368.0
28,5591,368.0
28,5593,368.0
28,5595,368.0
28,5621,368.0
28,5649,368.0
28,5677,379.0
28,5691,390.0
28,5705,390.0
28,5735,390.0
28,5749,390.0
28,5779,390.0
28,5795,390.0
28,5811,390.0
28,5813,390.0
28,5827,393.0
28,5841,393.0
28,5863,393.0
28,5879,393.0
28,5881,393.0
28,5897,393.0
28,5915,393.0
28,5945,393.0
28,5959,393.0
28,5961,393.0
28,5975,393.0
28,6003,393.0
28,6021,393.0
28,6035,393.0
28,6037,393.0
28,6055,393.0
28,6085,393.0
28,6099,393.0
28,6125,393.0
28,6139,393.0
28,6173,393.0
28,6175,393.0
28,6201,393.0
28,6217,393.0
28,6219,393.0
28,6245,393.0
28,6261,393.0
28,6291,393.0
28,6307,393.0
28,6321,393.0
28,6347,393.0
28,6365,393.0
28,6391,399.0
28,6405,399.0
28,6419,399.0
28,6447,399.0
28,6475,399.0
28,6477,399.0
28,6505,399.0
28,6519,399.0
28,6533,399.0
28,6535,399.0
28,6565,399.0
28,6593,399.0
28,6609,399.0
28,6637,399.0
28,6651,402.0
28,6683,402.0
28,6711,402.0
28,6725,402.0
28,6727,402.0
28,6741,402.0
28,6757,402.0
28,6771,404.0
28,6799,404.0
28,6813,404.0
28,6841,404.0
28,6855,404.0
28,6869,409.0
28,6895,415.0
28,6909,415.0
28,6937,415.0
28,6953,415.0
28,6981,415.0
28,6995,415.0
28,7009,415.0
28,7035,415.0
28,7049,415.0
28,7065,415.0
28,7079,415.0
28,7093,415.0
28,7121,415.0
28,7151,415.0
28,7167,415.0
28,7169,415.0
28,7197,415.0
28,7213,415.0
28,7229,415.0
28,7231,415.0
28,7245,415.0
28,7271,415.0
28,7285,415.0
28,7299,415.0
28,7327,415.0
28,7347,415.0
28,7361,415.0
28,7393,415.0
28,7419,415.0
28,7433,415.0
28,7461,415.0
28,7475,415.0
28,7503,415.0
28,7535,415.0
28,7551,415.0
28,7577,415.0
28,7605,415.0
28,7607,415.0
28,7627,415.0
28,7641,415.0
28,7657,415.0
28,7659,415.0
28,7685,415.0
28,7699,415.0
28,7701,415.0
28,7715,422.0
28,7731,422.0
28,7763,422.0
28,7789,422.0
28,7817,422.0
28,7819,422.0
28,7833,422.0
28,7835,422.0
28,7849,422.0
28,7851,422.0
28,7879,422.0
28,7893,422.0
28,7921,422.0
28,7949,424.0
28,7963,424.0
28,7991,424.0
28,8005,424.0
28,8021,424.0
28,8035,424.0
28,8063,424.0
28,8079,424.0
28,8095,424.0
28,8097,424.0
28,8127,424.0
28,8145,424.0
28,8159,424.0
28,8189,424.0
28,8203,424.0
28,8217,424.0
28,8219,424.0
28,8233,424.0
28,8263,424.0
28,8277,424.0
28,8291,424.0
28,8305,424.0
28,8333,424.0
28,8347,424.0
28,8349,424.0
28,8351,424.0
28,8377,424.0
28,8403,424.0
28,8419,424.0
28,8433,424.0
28,8449,424.0
28,8463,424.0
28,8493,424.0
28,8507,424.0
28,8521,424.0
28,8523,424.0
28,8551,424.0
28,8585,424.0
28,8587,424.0
28,8601,424.0
28,8617,424.0
28,8645,424.0
28,8647,424.0
28,8649,424.0
28,8651,424.0
28,8669,424.0
28,8685,424.0
28,8699,424.0
28,8713,424.0
28,8715,424.0
28,8735,424.0
28,8751,424.0
28,8765,424.0
28,8795,424.0
28,8823,424.0
28,8837,425.0
28,8855,425.0
28,8869,425.0
28,8887,425.0
28,8901,425.0
28,8915,427.0
28,8929,427.0
28,8947,427.0
28,8949,427.0
28,8965,427.0
28,8967,427.0
28,8969,427.0
28,8995,427.0
28,8997,427.0
28,8999,427.0
28,9017,427.0
28,9019,427.0
28,9049,427.0
28,9065,427.0
28,9099,427.0
28,9129,427.0
28,9143,427.0
28,9157,427.0
28,9185,427.0
28,9199,427.0
28,9201,427.0
28,9231,427.0
28,9263,427.0
28,9289,427.0
28,9307,427.0
28,9321,427.0
28,9339,427.0
28,9353,427.0
28,9379,427.0
28,9397,427.0
28,9423,427.0
28,9437,427.0
28,9465,427.0
28,9481,427.0
28,9509,428.0
28,9537,428.0
28,9563,428.0
28,9589,428.0
28,9619,428.0
28,9633,428.0
28,9667,428.0
28,9681,428.0
28,9713,428.0
28,9729,428.0
28,9745,428.0
28,9759,428.0
28,9775,428.0
28,9791,428.0
28,9813,428.0
28,9841,428.0
28,9867,428.0
28,9895,428.0
28,9909,428.0
28,9935,428.0
28,9955,428.0
28,9985,428.0
28,10011,428.0
28,10043,428.0
28,10071,428.0
28,10097,428.0
28,10113,428.0
28,10127,428.0
28,10153,428.0
28,10181,428.0
28,10197,428.0
28,10211,428.0
28,10225,428.0
28,10261,428.0
28,10289,428.0
28,10303,428.0
28,10329,428.0
28,10343,428.0
28,10357,428.0
28,10383,428.0
28,10415,428.0
28,10429,428.0
28,10455,428.0
28,10473,428.0
28,10501,428.0
28,10515,428.0
28,10533,428.0
28,10547,428.0
28,10561,428.0
28,10575,428.0
28,10591,428.0
28,10593,428.0
28,10607,428.0
28,10621,428.0
28,10655,428.0
28,10683,428.0
28,10685,428.0
28,10699,428.0
28,10725,428.0
28,10741,428.0
28,10757,428.0
28,10771,428.0
28,10773,428.0
28,10791,428.0
28,10805,428.0
28,10831,428.0
28,10857,428.0
28,10859,428.0
28,10877,428.0
28,10905,428.0
28,10919,428.0
28,10947,428.0
28,10961,428.0
28,10989,428.0
28,11015,428.0
28,11049,428.0
28,11079,428.0
28,11111,428.0
28,11127,428.0
28,11153,428.0
28,11167,428.0
28,11181,428.0
28,11195,428.0
28,11211,428.0
28,11227,428.0
28,11255,428.0
28,11287,428.0
28,11313,428.0
28,11343,428.0
28,11359,428.0
28,11387,428.0
28,11389,428.0
28,11405,428.0
28,11435,428.0
28,11449,428.0
28,11463,428.0
28,11497,428.0
28,11527,428.0
28,11543,428.0
28,11569,428.0
28,11571,428.0
28,11585,428.0
28,11587,428.0
28,11601,428.0
28,11617,428.0
28,11631,428.0
28,11647,428.0
28,11675,428.0
28,11689,428.0
28,11703,428.0
28,11719,428.0
28,11733,428.0
28,11747,428.0
28,11775,428.0
28,11789,428.0
28,11791,428.0
28,11805,428.0
28,11833,428.0
28,11847,428.0
28,11873,428.0
28,11899,428.0
28,11927,428.0
28,11941,428.0
28,11943,428.0
28,11973,428.0
28,11975,428.0
28,11993,428.0
28,12019,428.0
28,12021,428.0
28,12037,428.0
28,12051,428.0
28,12053,428.0
28,12083,428.0
28,12097,428.0
28,12125,428.0
28,12155,429.0
28,12181,429.0
28,12195,429.0
28,12197,429.0
28,12213,429.0
28,12227,429.0
28,12229,429.0
28,12231,429.0
28,12257,429.0
28,12271,429.0
28,12273,429.0
28,12287,429.0
28,12315,429.0
28,12341,429.0
28,12367,429.0
28,12397,429.0
28,12423,429.0
28,12425,429.0
28,12453,429.0
28,12467,429.0
28,12493,429.0
28,12519,429.0
28,12547,429.0
28,12561,429.0
28,12575,429.0
28,12577,429.0
28,12591,429.0
28,12617,429.0
28,12649,429.0
28,12681,429.0
28,12709,429.0
28,12723,429.0
28,12755,429.0
28,12781,429.0
28,12807,429.0
28,12821,429.0
28,12835,429.0
28,12837,429.0
28,12865,429.0
28,12867,429.0
28,12869,429.0
28,12883,429.0
28,12911,429.0
28,12925,429.0
28,12939,429.0
28,12941,429.0
28,12943,429.0
28,12945,429.0
28,12959,429.0
28,12973,429.0
28,12975,429.0
28,13001,429.0
28,13019,429.0
28,13037,429.0
28,13065,429.0
28,13067,429.0
28,13085,429.0
28,13103,429.0
28,13105,429.0
28,13107,429.0
28,13121,429.0
28,13137,429.0
28,13139,429.0
28,13153,429.0
28,13169,429.0
28,13199,429.0
28,13213,429.0
28,13239,429.0
28,13265,429.0
28,13279,429.0
28,13309,429.0
28,13323,429.0
28,13325,429.0
28,13357,429.0
28,13371,429.0
28,13397,429.0
28,13413,429.0
28,13443,429.0
28,13469,429.0
28,13471,429.0
28,13499,429.0
28,13527,430.0
28,13545,430.0
28,13559,430.0
28,13575,430.0
28,13591,430.0
28,13625,430.0
28,13653,430.0
28,13681,430.0
28,13683,430.0
28,13699,430.0
28,13727,430.0
28,13741,430.0
28,13769,430.0
28,13783,430.0
28,13797,430.0
28,13823,431.0
28,13837,431.0
28,13853,431.0
28,13855,431.0
28,13869,431.0
28,13895,431.0
28,13923,431.0
28,13939,431.0
28,13953,431.0
28,13985,431.0
28,13987,431.0
28,13989,431.0
28,14003,431.0
28,14017,431.0
28,14033,431.0
28,14059,431.0
28,14077,431.0
28,14091,431.0
28,14105,431.0
28,14119,431.0
28,14133,431.0
28,14135,431.0
28,14149,431.0
28,14175,431.0
28,14189,431.0
28,14191,431.0
28,14205,431.0
28,14221,431.0
28,14235,431.0
28,14249,431.0
28,14263,431.0
28,14289,431.0
28,14319,431.0
28,14321,431.0
28,14323,431.0
28,14325,431.0
28,14327,431.0
28,14341,431.0
28,14355,431.0
28,14389,431.0
28,14405,431.0
28,14419,431.0
28,14447,431.0
28,14463,431.0
28,14465,431.0
28,14479,431.0
28,14495,431.0
29,4522,288.0
29,4536,288.0
29,4991,288.0
29,5017,309.0
29,5031,309.0
29,5061,309.0
29,5077,309.0
29,5105,323.0
29,5131,323.0
29,5145,323.0
29,5173,337.0
29,5187,337.0
29,5215,337.0
29,5217,337.0
29,5233,337.0
29,5259,363.0
29,5261,363.0
29,5277,363.0
29,5293,363.0
29,5325,363.0
29,5351,363.0
29,5383,363.0
29,5399,363.0
29,5413,363.0
29,5441,368.0
29,5475,368.0
29,5503,368.0
29,5535,368.0
29,5549,372.0
29,5563,372.0
29,5589,372.0
29,5619,372.0
29,5637,372.0
29,5651,372.0
29,5681,372.0
29,5709,372.0
29,5739,372.0
29,5753,372.0
29,5783,372.0
29,5813,380.0
29,5841,380.0
29,5843,380.0
29,5857,380.0
29,5885,380.0
29,5917,380.0
29,5931,380.0
29,5957,380.0
29,5971,381.0
29,5999,381.0
29,6017,381.0
29,6043,385.0
29,6059,385.0
29,6087,385.0
29,6117,392.0
29,6143,392.0
29,6173,396.0
29,6203,398.0
29,6219,398.0
29,6247,398.0
29,6249,398.0
29,6265,398.0
29,6267,398.0
29,6283,398.0
29,6301,400.0
29,6327,403.0
29,6353,403.0
29,6367,403.0
29,6381,403.0
29,6395,403.0
29,6427,403.0
29,6443,403.0
29,6457,403.0
29,6473,403.0
29,6505,403.0
29,6519,403.0
29,6545,405.0
29,6575,405.0
29,6577,405.0
29,6593,405.0
29,6609,405.0
29,6623,405.0
29,6637,405.0
29,6639,405.0
29,6667,405.0
29,6683,405.0
29,6709,410.0
29,6741,410.0
29,6767,410.0
29,6793,413.0
29,6795,413.0
29,6797,413.0
29,6799,413.0
29,6813,413.0
29,6829,413.0
29,6831,413.0
29,6849,413.0
29,6863,413.0
29,6865,413.0
29,6867,413.0
29,6895,413.0
29,6909,413.0
29,6941,413.0
29,6969,413.0
29,6985,413.0
29,6987,413.0
29,6989,413.0
29,7005,413.0
29,7021,413.0
29,7037,413.0
29,7065,414.0
29,7079,414.0
29,7097,414.0
29,7129,414.0
29,7161,414.0
29,7193,414.0
29,7227,414.0
29,7255,414.0
29,7269,414.0
29,7295,414.0
29,7327,414.0
29,7353,414.0
29,7367,414.0
29,7369,414.0
29,7395,414.0
29,7409,414.0
29,7411,414.0
29,7441,414.0
29,7455,414.0
29,7469,414.0
29,7485,414.0
29,7515,414.0
29,7541,414.0
29,7543,414.0
29,7557,414.0
29,7591,414.0
29,7593,414.0
29,7623,414.0
29,7637,414.0
29,7675,414.0
29,7677,414.0
29,7695,414.0
29,7697,414.0
29,7699,414.0
29,7731,414.0
29,7745,414.0
29,7773,414.0
29,7793,414.0
29,7809,414.0
29,7825,414.0
29,7827,414.0
29,7853,414.0
29,7881,414.0
29,7911,414.0
29,7925,414.0
29,7939,414.0
29,7941,414.0
29,7969,414.0
29,7985,414.0
29,8013,414.0
29,8041,414.0
29,8055,414.0
29,8073,414.0
29,8101,414.0
29,8115,414.0
29,8129,414.0
29,8143,414.0
29,8169,414.0
29,8185,414.0
29,8201,414.0
29,8215,414.0
29,8229,414.0
29,8263,414.0
29,8277,414.0
29,8279,414.0
29,8305,414.0
29,8319,417.0
29,8349,417.0
29,8365,417.0
29,8367,417.0
29,8395,417.0
29,8409,417.0
29,8425,417.0
29,8447,417.0
29,8461,417.0
29,8477,417.0
29,8495,417.0
29,8509,417.0
29,8511,417.0
29,8529,417.0
29,8545,417.0
29,8573,417.0
29,8591,417.0
29,8623,417.0
29,8639,417.0
29,8655,417.0
29,8669,417.0
29,8695,417.0
29,8709,426.0
29,8711,426.0
29,8713,426.0
29,8741,426.0
29,8755,426.0
29,8783,426.0
29,8799,426.0
29,8801,426.0
29,8827,426.0
29,8843,426.0
29,8859,426.0
29,8873,426.0
29,8875,426.0
29,8901,426.0
29,8915,426.0
29,8941,426.0
29,8969,426.0
29,9005,426.0
29,9019,426.0
29,9051,426.0
29,9065,426.0
29,9095,426.0
29,9121,426.0
29,9123,426.0
29,9151,426.0
29,9181,426.0
29,9209,426.0
29,9211,426.0
29,9213,426.0
29,9227,426.0
29,9241,426.0
29,9255,426.0
29,9273,426.0
29,9305,426.0
29,9319,426.0
29,9333,426.0
29,9359,426.0
29,9361,426.0
29,9375,426.0
29,9391,426.0
29,9405,426.0
29,9421,426.0
29,9455,426.0
29,9457,426.0
29,9459,426.0
29,9461,426.0
29,9475,426.0
29,9489,426.0
29,9515,426.0
29,9541,426.0
29,9573,426.0
29,9589,426.0
29,9615,426.0
29,9649,426.0
29,9679,426.0
29,9697,426.0
29,9723,426.0
29,9725,426.0
29,9757,426.0
29,9771,426.0
29,9785,426.0
29,9799,426.0
29,9825,426.0
29,9841,426.0
29,9855,426.0
29,9883,426.0
29,9885,426.0
29,9899,426.0
29,9913,426.0
29,9927,426.0
29,9957,426.0
29,9983,426.0
29,9999,426.0
29,10013,426.0
29,10039,426.0
29,10069,426.0
29,10097,426.0
29,10111,426.0
29,10113,426.0
29,10141,426.0
29,10155,426.0
29,10157,426.0
29,10185,426.0
29,10203,426.0
29,10217,426.0
29,10245,426.0
29,10271,426.0
29,10309,426.0
29,10337,426.0
29,10367,426.0
29,10393,426.0
29,10409,426.0
29,10427,426.0
29,10443,426.0
29,10473,426.0
29,10499,426.0
29,10513,426.0
29,10529,426.0
29,10543,426.0
29,10569,426.0
29,10583,426.0
29,10585,426.0
29,10587,426.0
29,10603,426.0
29,10633,426.0
29,10635,426.0
29,10649,426.0
29,10663,426.0
29,10689,426.0
29,10703,426.0
29,10717,426.0
29,10733,426.0
29,10747,426.0
29,10773,426.0
29,10799,426.0
29,10815,426.0
29,10817,426.0
29,10849,426.0
29,10863,426.0
29,10879,426.0
29,10905,426.0
29,10921,426.0
29,10923,426.0
29,10941,426.0
29,10971,426.0
29,11001,426.0
29,11031,426.0
29,11047,426.0
29,11061,426.0
29,11075,426.0
29,11101,426.0
29,11103,426.0
29,11105,426.0
29,11135,426.0
29,11151,426.0
29,11185,426.0
29,11213,426.0
29,11229,426.0
29,11231,426.0
29,11233,426.0
29,11249,426.0
29,11265,426.0
29,11291,426.0
29,11317,426.0
29,11343,426.0
29,11371,426.0
29,11385,426.0
29,11387,426.0
29,11389,426.0
29,11403,426.0
29,11419,426.0
29,11421,426.0
29,11423,426.0
29,11451,426.0
29,11467,426.0
29,11499,426.0
29,11527,426.0
29,11557,426.0
29,11573,426.0
29,11575,426.0
29,11591,426.0
29,11621,426.0
29,11647,426.0
29,11663,426.0
29,11693,426.0
29,11721,426.0
29,11723,426.0
29,11737,426.0
29,11739,426.0
29,11765,426.0
29,11791,426.0
29,11793,426.0
29,11795,426.0
29,11811,426.0
29,11827,426.0
29,11845,426.0
29,11847,426.0
29,11861,426.0
29,11881,426.0
29,11883,426.0
29,11915,426.0
29,11917,426.0
29,11931,426.0
29,11933,426.0
29,11961,426.0
29,11963,426.0
29,11981,426.0
29,11995,426.0
29,12009,426.0
29,12023,426.0
29,12049,426.0
29,12063,426.0
29,12077,426.0
29,12091,426.0
29,12093,426.0
29,12107,426.0
29,12109,426.0
29,12125,426.0
29,12139,426.0
29,12155,426.0
29,12183,426.0
29,12209,426.0
29,12223,426.0
29,12237,426.0
29,12251,426.0
29,12267,426.0
29,12283,426.0
29,12297,426.0
29,12311,426.0
29,12339,426.0
29,12367,426.0
29,12381,426.0
29,12397,426.0
29,12411,426.0
29,12441,426.0
29,12467,426.0
29,12469,426.0
29,12495,426.0
29,12521,426.0
29,12523,426.0
29,12553,426.0
29,12567,426.0
29,12581,426.0
29,12609,426.0
29,12625,426.0
29,12639,426.0
29,12667,426.0
29,12669,426.0
29,12685,426.0
29,12687,426.0
29,12715,426.0
29,12729,426.0
29,12757,426.0
29,12771,426.0
29,12773,426.0
29,12787,426.0
29,12789,426.0
29,12803,426.0
29,12819,426.0
29,12833,426.0
29,12859,426.0
29,12861,426.0
29,12875,426.0
29,12889,426.0
29,12905,426.0
29,12931,426.0
29,12945,426.0
29,12959,426.0
29,12975,426.0
29,13005,426.0
29,13031,426.0
29,13047,426.0
29,13049,426.0
29,13065,426.0
29,13081,426.0
29,13095,426.0
29,13111,426.0
29,13139,426.0
29,13169,426.0
29,13183,426.0
29,13213,426.0
29,13243,426.0
29,13257,426.0
29,13271,427.0
29,13301,427.0
29,13315,427.0
29,13329,427.0
29,13355,427.0
29,13381,427.0
29,13383,427.0
29,13409,427.0
29,13437,427.0
29,13463,427.0
29,13479,427.0
29,13493,427.0
29,13521,427.0
29,13547,427.0
29,13573,427.0
29,13589,427.0
29,13615,427.0
29,13629,427.0
29,13647,427.0
29,13673,427.0
29,13691,427.0
29,13719,427.0
29,13733,427.0
29,13759,427.0
29,13773,427.0
29,13789,427.0
29,13807,427.0
29,13809,427.0
29,13823,427.0
29,13841,427.0
29,13843,427.0
29,13871,427.0
29,13899,427.0
29,13927,427.0
29,13943,427.0
29,13969,427.0
29,13999,427.0
29,14001,427.0
29,14015,427.0
29,14041,427.0
29,14057,427.0
29,14085,427.0
29,14099,433.0
29,14113,433.0
29,14129,433.0
29,14157,433.0
29,14179,433.0
29,14193,433.0
29,14223,433.0
29,14251,433.0
29,14265,433.0
29,14279,433.0
29,14309,433.0
29,14323,433.0
29,14351,433.0
29,14367,433.0
29,14385,433.0
29,14387,433.0
29,14389,433.0
29,14415,433.0
29,14441,433.0
29,14469,433.0
29,14471,433.0
29,14499,433.0
30,4414,309.0
30,4428,309.0
30,4462,309.0
30,4492,324.0
30,4508,324.0
30,4534,330.0
30,4548,335.0
30,4566,335.0
30,5027,335.0
30,5043,335.0
30,5069,335.0
30,5099,339.0
30,5101,339.0
30,5115,350.0
30,5129,350.0
30,5131,350.0
30,5147,350.0
30,5149,350.0
30,5151,350.0
30,5165,350.0
30,5167,350.0
30,5169,350.0
30,5183,350.0
30,5201,350.0
30,5203,350.0
30,5231,350.0
30,5245,350.0
30,5259,358.0
30,5261,358.0
30,5287,359.0
30,5301,359.0
30,5315,359.0
30,5343,359.0
30,5359,359.0
30,5387,359.0
30,5405,359.0
30,5421,359.0
30,5437,359.0
30,5455,359.0
30,5457,359.0
30,5485,361.0
30,5501,361.0
30,5519,361.0
30,5545,368.0
30,5559,368.0
30,5561,368.0
30,5575,368.0
30,5603,368.0
30,5633,368.0
30,5649,368.0
30,5679,378.0
30,5681,378.0
30,5695,383.0
30,5711,383.0
30,5725,383.0
30,5751,383.0
30,5769,383.0
30,5799,383.0
30,5813,383.0
30,5827,383.0
30,5843,383.0
30,5845,383.0
30,5859,383.0
30,5887,390.0
30,5915,390.0
30,5941,390.0
30,5967,390.0
30,5997,390.0
30,6027,390.0
30,6053,390.0
30,6085,390.0
30,6101,390.0
30,6115,390.0
30,6131,390.0
30,6157,394.0
30,6159,394.0
30,6173,394.0
30,6205,394.0
30,6231,394.0
30,6247,394.0
30,6275,394.0
30,6293,394.0
30,6321,394.0
30,6335,394.0
30,6349,394.0
30,6367,394.0
30,6395,397.0
30,6413,397.0
30,6443,397.0
30,6457,397.0
30,6475,397.0
30,6501,397.0
30,6515,397.0
30,6541,397.0
30,6555,397.0
30,6575,397.0
30,6603,400.0
30,6617,400.0
30,6633,400.0
30,6647,402.0
30,6661,402.0
30,6677,402.0
30,6679,402.0
30,6699,402.0
30,6725,402.0
30,6741,402.0
30,6755,402.0
30,6771,402.0
30,6797,402.0
30,6825,402.0
30,6853,402.0
30,6867,402.0
30,6869,402.0
30,6897,402.0
30,6923,402.0
30,6949,406.0
30,6975,406.0
30,7001,406.0
30,7017,406.0
30,7033,406.0
30,7049,406.0
30,7051,406.0
30,7067,406.0
30,7097,406.0
30,7113,406.0
30,7139,406.0
30,7141,406.0
30,7169,406.0
30,7183,410.0
30,7197,411.0
30,7223,414.0
30,7237,414.0
30,7251,414.0
30,7279,414.0
30,7307,419.0
30,7323,419.0
30,7341,419.0
30,7355,419.0
30,7373,419.0
30,7387,419.0
30,7401,419.0
30,7417,419.0
30,7431,419.0
30,7445,419.0
30,7461,419.0
30,7475,419.0
30,7505,419.0
30,7507,419.0
30,7521,419.0
30,7523,419.0
30,7537,419.0
30,7551,419.0
30,7553,419.0
30,7567,419.0
30,7583,419.0
30,7597,419.0
30,7629,419.0
30,7657,419.0
30,7683,419.0
30,7715,419.0
30,7729,419.0
30,7755,419.0
30,7771,419.0
30,7805,419.0
30,7819,419.0
30,7837,419.0
30,7851,419.0
30,7853,419.0
30,7869,419.0
30,7899,419.0
30,7913,419.0
30,7915,419.0
30,7917,419.0
30,7947,419.0
30,7973,419.0
30,7975,419.0
30,7989,419.0
30,8005,419.0
30,8023,419.0
30,8037,419.0
30,8051,419.0
30,8065,419.0
30,8085,419.0
30,8087,419.0
30,8101,419.0
30,8131,419.0
30,8159,419.0
30,8175,419.0
30,8191,419.0
30,8217,423.0
30,8249,423.0
30,8265,423.0
30,8295,423.0
30,8323,423.0
30,8337,423.0
30,8351,423.0
30,8385,423.0
30,8387,423.0
30,8419,423.0
30,8447,423.0
30,8461,423.0
30,8491,423.0
30,8505,423.0
30,8519,423.0
30,8545,423.0
30,8559,424.0
30,8587,424.0
30,8601,424.0
30,8627,424.0
30,8657,424.0
30,8685,424.0
30,8699,424.0
30,8717,424.0
30,8731,424.0
30,8747,424.0
30,8761,424.0
30,8775,424.0
30,8793,424.0
30,8809,424.0
30,8823,424.0
30,8837,424.0
30,8853,424.0
30,8855,424.0
30,8857,424.0
30,8873,424.0
30,8889,424.0
30,8891,424.0
30,8905,424.0
30,8931,424.0
30,8949,424.0
30,8963,424.0
30,8989,424.0
30,9003,424.0
30,9031,424.0
30,9065,424.0
30,9081,424.0
30,9107,424.0
30,9121,424.0
30,9137,424.0
30,9165,424.0
30,9181,424.0
30,9211,424.0
30,9225,424.0
30,9241,424.0
30,9255,424.0
30,9269,424.0
30,9301,424.0
30,9315,424.0
30,9341,424.0
30,9355,424.0
30,9381,424.0
30,9383,424.0
30,9397,424.0
30,9417,424.0
30,9445,424.0
30,9461,424.0
30,9475,424.0
30,9493,424.0
30,9507,424.0
30,9523,424.0
30,9537,424.0
30,9539,424.0
30,9569,424.0
30,9583,424.0
30,9597,424.0
30,9623,424.0
30,9625,424.0
30,9639,424.0
30,9669,424.0
30,9697,424.0
30,9713,424.0
30,9727,424.0
30,9759,424.0
30,9785,424.0
30,9815,424.0
30,9831,424.0
30,9845,424.0
30,9859,424.0
30,9875,424.0
30,9903,424.0
30,9905,424.0
30,9919,424.0
30,9933,424.0
30,9949,424.0
30,9963,424.0
30,9979,424.0
30,10009,428.0
30,10037,428.0
30,10067,428.0
30,10095,428.0
30,10097,428.0
30,10111,428.0
30,10125,428.0
30,10127,428.0
30,10141,428.0
30,10143,428.0
30,10145,428.0
30,10159,428.0
30,10161,428.0
30,10163,428.0
30,10191,428.0
30,10205,428.0
30,10221,428.0
30,10223,428.0
30,10239,428.0
30,10271,428.0
30,10285,428.0
30,10303,428.0
30,10333,428.0
30,10361,428.0
30,10375,428.0
30,10377,428.0
30,10407,428.0
30,10421,428.0
30,10447,428.0
30,10461,428.0
30,10489,428.0
30,10523,428.0
30,10537,428.0
30,10539,428.0
30,10541,428.0
30,10555,428.0
30,10581,429.0
30,10597,429.0
30,10599,429.0
30,10615,429.0
30,10641,429.0
30,10675,429.0
30,10689,429.0
30,10715,429.0
30,10741,429.0
30,10769,429.0
30,10785,429.0
30,10787,429.0
30,10813,429.0
30,10829,429.0
30,10843,429.0
30,10871,429.0
30,10897,429.0
30,10923,429.0
30,10937,429.0
30,10939,429.0
30,10969,429.0
30,10983,429.0
30,10985,429.0
30,11015,429.0
30,11033,429.0
30,11065,429.0
30,11079,429.0
30,11093,429.0
30,11123,429.0
30,11139,429.0
30,11175,429.0
30,11177,429.0
30,11191,429.0
30,11205,429.0
30,11223,429.0
30,11237,429.0
30,11253,429.0
30,11285,429.0
30,11301,429.0
30,11327,429.0
30,11329,429.0
30,11347,429.0
30,11375,429.0
30,11391,429.0
30,11421,429.0
30,11435,429.0
30,11451,429.0
30,11467,429.0
30,11481,429.0
30,11483,429.0
30,11497,429.0
30,11529,429.0
30,11531,429.0
30,11557,429.0
30,11573,429.0
30,11587,429.0
30,11601,429.0
30,11615,429.0
30,11629,429.0
30,11645,429.0
30,11673,429.0
30,11687,429.0
30,11703,429.0
30,11717,429.0
30,11731,429.0
30,11747,429.0
30,11749,429.0
30,11763,429.0
30,11789,429.0
30,11805,429.0
30,11819,429.0
30,11821,429.0
30,11823,429.0
30,11837,429.0
30,11851,429.0
30,11877,429.0
30,11907,429.0
30,11921,429.0
30,11935,429.0
30,11949,429.0
30,11983,429.0
30,11997,429.0
30,12029,429.0
30,12043,429.0
30,12059,429.0
30,12073,429.0
30,12099,429.0
30,12101,429.0
30,12129,429.0
30,12159,429.0
30,12161,429.0
30,12179,429.0
30,12193,429.0
30,12221,429.0
30,12235,429.0
30,12269,429.0
30,12287,429.0
30,12301,429.0
30,12317,429.0
30,12331,429.0
30,12333,429.0
30,12347,429.0
30,12373,429.0
30,12387,429.0
30,12415,429.0
30,12429,429.0
30,12457,429.0
30,12459,429.0
30,12473,429.0
30,12487,432.0
30,12501,432.0
30,12529,432.0
30,12559,432.0
30,12573,432.0
30,12575,432.0
30,12601,432.0
30,12635,432.0
30,12637,432.0
30,12653,432.0
30,12681,432.0
30,12711,432.0
30,12727,432.0
30,12757,432.0
30,12785,432.0
30,12813,432.0
30,12839,432.0
30,12841,432.0
30,12871,432.0
30,12887,432.0
30,12901,432.0
30,12917,432.0
30,12931,432.0
30,12933,432.0
30,12959,432.0
30,12973,432.0
30,12987,432.0
30,13001,432.0
30,13027,432.0
30,13055,432.0
30,13085,432.0
30,13099,432.0
30,13127,432.0
30,13129,432.0
30,13147,432.0
30,13177,432.0
30,13207,432.0
30,13235,432.0
30,13263,432.0
30,13277,432.0
30,13305,432.0
30,13321,432.0
30,13337,432.0
30,13363,432.0
30,13391,432.0
30,13393,432.0
30,13409,432.0
30,13437,432.0
30,13455,432.0
30,13469,432.0
30,13495,432.0
30,13523,432.0
30,13541,432.0
30,13567,432.0
30,13583,432.0
30,13611,432.0
30,13613,432.0
30,13643,432.0
30,13657,432.0
30,13673,432.0
30,13701,432.0
30,13717,432.0
30,13733,432.0
30,13747,432.0
30,13773,432.0
30,13787,432.0
30,13801,432.0
30,13817,432.0
30,13833,432.0
30,13849,432.0
30,13863,432.0
30,13877,432.0
30,13895,432.0
30,13921,434.0
30,13935,434.0
30,13949,434.0
30,13963,434.0
30,13965,434.0
30,13979,434.0
30,14009,434.0
30,14011,434.0
30,14041,434.0
30,14057,434.0
30,14071,434.0
30,14097,434.0
30,14111,434.0
30,14139,434.0
30,14167,434.0
30,14181,434.0
30,14197,434.0
30,14213,434.0
30,14227,434.0
30,14255,434.0
30,14257,434.0
30,14271,434.0
30,14299,434.0
30,14313,434.0
30,14315,434.0
30,14343,434.0
30,14345,434.0
30,14359,434.0
30,14373,434.0
30,14405,434.0
