run,evaluations,best_so_far
1,200804,46.1
1,200830,46.1
1,200878,51.22999999999999
1,200904,51.22999999999999
1,200950,52.31
1,200974,52.31
1,201022,52.31
1,201068,70.56999999999998
1,201070,70.56999999999998
1,205125,70.56999999999998
1,205149,70.56999999999998
1,205197,70.56999999999998
1,205243,70.56999999999998
1,205245,70.56999999999998
1,205293,70.56999999999998
1,205321,70.56999999999998
1,205367,70.56999999999998
1,205393,70.56999999999998
1,205395,70.56999999999998
1,205441,70.56999999999998
1,205489,70.56999999999998
1,205535,70.56999999999998
1,205561,70.56999999999998
1,205563,70.56999999999998
1,205609,70.56999999999998
1,205633,70.56999999999998
1,205635,70.56999999999998
1,205685,70.56999999999998
1,205737,73.50999999999996
1,205785,73.50999999999996
1,205809,73.50999999999996
1,205855,73.50999999999996
1,205881,73.50999999999996
1,205931,73.50999999999996
1,205955,73.50999999999996
1,205979,73.50999999999996
1,206027,73.50999999999996
1,206081,73.50999999999996
1,206129,73.50999999999996
1,206155,73.50999999999996
1,206157,73.50999999999996
1,206187,73.50999999999996
1,206239,73.50999999999996
1,206265,73.50999999999996
1,206291,73.50999999999996
1,206317,73.50999999999996
1,206341,73.50999999999996
1,206343,73.50999999999996
1,206369,73.50999999999996
1,206417,73.50999999999996
1,206465,75.18
1,206489,75.18
1,206537,75.18
1,206563,75.18
1,206615,75.18
1,206641,75.18
1,206665,75.18
1,206689,75.18
1,206715,75.18
1,206765,75.18
1,206811,75.18
1,206813,75.18
1,206839,75.18
1,206863,75.18
1,206897,75.18
1,206923,75.18
1,206969,75.18
1,206997,75.18
1,207023,75.18
1,207073,75.18
1,207075,75.18
1,207121,75.18
1,207145,75.18
1,207193,75.18
1,207217,75.18
1,207265,75.18
1,207313,79.89
1,207359,79.89
1,207409,79.89
1,207433,79.89
1,207457,79.89
1,207483,83.19
1,207509,83.19
1,207555,83.19
1,207557,83.19
1,207605,83.19
1,207629,83.19
1,207655,83.19
1,207701,83.19
1,207747,83.19
1,207795,83.19
1,207841,83.19
1,207865,83.19
1,207911,83.19
1,207959,83.19
1,207983,83.19
1,208035,83.19
1,208083,83.19
1,208133,83.19
1,208183,83.19
1,208185,83.19
1,208209,83.19
1,208255,83.19
1,208305,83.19
1,208329,83.19
1,208353,83.19
1,208403,83.19
1,208431,83.19
1,208457,83.19
1,208483,83.19
1,208507,83.19
1,208537,83.19
1,208583,83.19
1,208631,83.19
1,208655,83.19
1,208701,83.19
1,208727,83.19
1,208753,83.19
1,208807,83.19
1,208831,83.19
1,208879,83.19
1,208903,83.19
1,208951,83.19
1,208975,83.19
1,209021,83.19
1,209071,83.19
1,209097,87.44000000000003
1,209143,87.44000000000003
1,209191,91.13
1,209193,91.13
1,209217,91.13
1,209265,91.13
1,209317,91.13
1,209341,102.14
1,209365,102.14
1,209389,102.14
1,209415,102.14
1,209441,102.14
1,209467,102.14
1,209493,102.14
1,209495,102.14
1,209521,102.14
1,209545,102.14
1,209569,102.14
1,209595,102.14
1,209643,102.14
1,209667,102.14
1,209717,102.14
1,209741,102.14
1,209767,102.14
1,209791,102.14
1,209815,102.14
1,209839,102.14
1,209885,102.14
1,209909,102.14
1,209911,102.14
1,209959,102.14
1,209983,102.14
1,210031,102.14
1,210081,102.14
1,210129,102.14
1,210177,102.14
1,210201,102.14
1,210225,112.27999999999997
1,210271,112.27999999999997
1,210295,112.27999999999997
1,210345,112.27999999999997
1,210403,112.27999999999997
1,210405,112.27999999999997
1,210431,112.27999999999997
1,210457,112.27999999999997
1,210459,112.27999999999997
1,210507,112.27999999999997
1,210531,112.27999999999997
1,210555,112.27999999999997
1,210603,112.27999999999997
1,210627,112.27999999999997
1,210655,112.27999999999997
1,210657,112.27999999999997
1,210659,112.27999999999997
1,210683,112.27999999999997
1,210709,112.27999999999997
1,210733,112.27999999999997
1,210783,112.27999999999997
2,201120,72.16999999999997
2,201122,72.16999999999997
2,201168,72.16999999999997
2,201214,72.16999999999997
2,201266,72.16999999999997
2,205375,72.16999999999997
2,205421,72.16999999999997
2,205471,72.16999999999997
2,205499,72.16999999999997
2,205523,72.16999999999997
2,205525,72.16999999999997
2,205575,72.16999999999997
2,205603,72.16999999999997
2,205633,72.16999999999997
2,205635,72.16999999999997
2,205689,72.16999999999997
2,205713,72.16999999999997
2,205737,72.16999999999997
2,205785,72.16999999999997
2,205833,72.16999999999997
2,205835,72.16999999999997
2,205859,72.16999999999997
2,205883,72.16999999999997
2,205929,72.16999999999997
2,205977,72.16999999999997
2,206001,79.45
2,206003,79.45
2,206033,79.45
2,206057,79.45
2,206059,79.45
2,206083,79.45
2,206107,79.45
2,206133,79.45
2,206157,79.45
2,206183,79.45
2,206211,79.45
2,206235,79.45
2,206287,79.45
2,206289,79.45
2,206313,79.45
2,206361,79.45
2,206387,79.45
2,206437,79.45
2,206487,79.45
2,206545,79.45
2,206591,79.45
2,206615,79.45
2,206641,79.45
2,206689,79.45
2,206735,79.45
2,206781,79.45
2,206783,79.45
2,206837,79.45
2,206887,79.45
2,206889,79.45
2,206915,79.45
2,206917,79.45
2,206941,79.45
2,206965,79.45
2,206991,79.45
2,207017,79.45
2,207041,79.45
2,207087,79.45
2,207139,79.45
2,207185,79.45
2,207211,79.45
2,207259,79.45
2,207261,79.45
2,207307,79.45
2,207353,79.45
2,207355,79.45
2,207357,79.45
2,207405,79.45
2,207453,79.45
2,207477,79.45
2,207523,79.45
2,207547,79.45
2,207595,84.73000000000002
2,207597,84.73000000000002
2,207599,84.73000000000002
2,207625,84.73000000000002
2,207649,84.73000000000002
2,207673,84.73000000000002
2,207725,84.73000000000002
2,207749,84.73000000000002
2,207795,84.73000000000002
2,207845,84.73000000000002
2,207895,84.93999999999998
2,207919,84.93999999999998
2,207921,84.93999999999998
2,207969,84.93999999999998
2,207993,84.93999999999998
2,208019,84.93999999999998
2,208045,84.93999999999998
2,208047,84.93999999999998
2,208097,84.93999999999998
2,208123,84.93999999999998
2,208175,84.93999999999998
2,208223,84.93999999999998
2,208273,84.93999999999998
2,208319,84.93999999999998
2,208343,84.93999999999998
2,208367,84.93999999999998
2,208393,84.93999999999998
2,208417,84.93999999999998
2,208441,84.93999999999998
2,208489,84.93999999999998
2,208491,84.93999999999998
2,208519,84.93999999999998
2,208569,84.93999999999998
2,208595,84.93999999999998
2,208621,84.93999999999998
2,208645,84.93999999999998
2,208691,84.93999999999998
2,208739,84.93999999999998
2,208789,84.93999999999998
2,208813,84.93999999999998
2,208841,84.93999999999998
2,208891,84.93999999999998
2,208939,84.93999999999998
2,208963,84.93999999999998
2,208991,84.93999999999998
2,209017,84.93999999999998
2,209063,84.93999999999998
2,209065,97.68
2,209067,97.68
2,209093,97.68
2,209123,97.68
2,209125,97.68
2,209171,97.68
2,209195,97.68
2,209219,97.68
2,209271,97.68
2,209273,97.68
2,209297,97.68
2,209299,97.68
2,209301,97.68
2,209329,97.68
2,209353,97.68
2,209405,97.68
2,209431,97.68
2,209485,97.68
2,209533,97.68
2,209557,97.68
2,209583,97.68
2,209607,97.68
2,209633,97.68
2,209663,97.68
2,209711,97.68
2,209757,97.68
2,209783,97.68
2,209829,97.68
2,209879,97.68
2,209907,97.68
2,209909,97.68
2,209933,97.68
2,209935,97.68
2,209963,97.68
2,209987,97.68
2,210035,97.68
2,210083,97.68
2,210085,97.68
2,210109,97.68
2,210159,97.68
2,210161,97.68
2,210185,97.68
2,210211,97.68
2,210235,104.33000000000001
2,210259,104.33000000000001
2,210305,104.33000000000001
2,210307,104.33000000000001
2,210333,104.33000000000001
2,210381,104.33000000000001
2,210405,104.33000000000001
2,210429,104.33000000000001
2,210475,104.33000000000001
2,210477,104.33000000000001
2,210503,104.33000000000001
2,210529,104.33000000000001
2,210553,104.33000000000001
2,210609,104.33000000000001
2,210657,104.33000000000001
2,210705,104.33000000000001
2,210731,104.33000000000001
2,210777,104.33000000000001
2,210779,104.33000000000001
2,210781,104.33000000000001
2,210805,104.33000000000001
2,210807,104.33000000000001
2,210809,104.33000000000001
2,210857,104.33000000000001
2,210881,104.33000000000001
2,210905,104.33000000000001
2,210951,104.33000000000001
2,210975,104.33000000000001
2,211025,104.33000000000001
2,211075,104.33000000000001
2,211123,104.33000000000001
3,201086,42.56000000000001
3,201136,42.56000000000001
3,201162,42.56000000000001
3,201186,42.82999999999999
3,201210,42.82999999999999
3,201234,42.82999999999999
3,201236,42.82999999999999
3,201286,51.909999999999975
3,201310,51.909999999999975
3,201356,51.909999999999975
3,201404,51.909999999999975
3,201428,51.909999999999975
3,201430,51.909999999999975
3,201476,51.909999999999975
3,201500,51.909999999999975
3,201526,51.909999999999975
3,201554,51.909999999999975
3,201600,51.909999999999975
3,201648,51.909999999999975
3,205787,53.86999999999997
3,205815,53.86999999999997
3,205843,53.86999999999997
3,205869,53.86999999999997
3,205897,53.86999999999997
3,205921,53.86999999999997
3,205945,53.86999999999997
3,205969,53.86999999999997
3,206019,75.44999999999999
3,206045,75.44999999999999
3,206069,75.44999999999999
3,206093,75.44999999999999
3,206139,75.44999999999999
3,206163,75.44999999999999
3,206189,75.44999999999999
3,206213,75.44999999999999
3,206239,75.44999999999999
3,206265,75.44999999999999
3,206317,75.44999999999999
3,206363,75.44999999999999
3,206387,75.44999999999999
3,206437,75.44999999999999
3,206439,75.44999999999999
3,206487,75.44999999999999
3,206537,75.44999999999999
3,206539,75.44999999999999
3,206565,75.44999999999999
3,206589,75.44999999999999
3,206615,75.44999999999999
3,206643,75.44999999999999
3,206691,75.44999999999999
3,206717,75.44999999999999
3,206741,75.44999999999999
3,206789,75.44999999999999
3,206817,75.44999999999999
3,206865,75.44999999999999
3,206889,75.44999999999999
3,206891,75.44999999999999
3,206917,75.44999999999999
3,206963,75.44999999999999
3,206965,75.44999999999999
3,206967,75.44999999999999
3,206991,75.44999999999999
3,207041,75.44999999999999
3,207091,75.44999999999999
3,207115,75.44999999999999
3,207163,75.44999999999999
3,207189,75.44999999999999
3,207237,75.44999999999999
3,207261,75.44999999999999
3,207289,75.44999999999999
3,207315,75.44999999999999
3,207339,75.44999999999999
3,207365,75.44999999999999
3,207413,75.44999999999999
3,207415,75.44999999999999
3,207439,75.44999999999999
3,207485,75.44999999999999
3,207511,75.44999999999999
3,207513,75.44999999999999
3,207537,75.44999999999999
3,207563,75.44999999999999
3,207613,75.44999999999999
3,207639,75.44999999999999
3,207667,75.44999999999999
3,207713,75.44999999999999
3,207737,75.44999999999999
3,207761,82.03999999999998
3,207785,82.03999999999998
3,207787,82.03999999999998
3,207815,82.03999999999998
3,207839,82.03999999999998
3,207865,82.03999999999998
3,207867,82.03999999999998
3,207915,82.03999999999998
3,207917,82.03999999999998
3,207969,82.03999999999998
3,208021,82.03999999999998
3,208047,82.03999999999998
3,208075,82.03999999999998
3,208123,82.03999999999998
3,208147,82.03999999999998
3,208193,82.03999999999998
3,208217,82.03999999999998
3,208263,82.03999999999998
3,208311,82.03999999999998
3,208359,82.03999999999998
3,208407,82.03999999999998
3,208431,82.03999999999998
3,208433,82.03999999999998
3,208479,82.03999999999998
3,208507,82.03999999999998
3,208555,82.03999999999998
3,208605,82.03999999999998
3,208633,82.03999999999998
3,208635,82.03999999999998
3,208687,82.03999999999998
3,208735,82.03999999999998
3,208781,82.03999999999998
3,208807,82.03999999999998
3,208857,82.03999999999998
3,208881,82.03999999999998
3,208905,88.96999999999998
3,208929,88.96999999999998
3,208953,88.96999999999998
3,209001,88.96999999999998
3,209025,88.96999999999998
3,209049,88.96999999999998
3,209097,88.96999999999998
3,209147,88.96999999999998
3,209171,88.96999999999998
3,209195,88.96999999999998
3,209243,88.96999999999998
3,209289,88.96999999999998
3,209313,88.96999999999998
3,209361,88.96999999999998
3,209363,88.96999999999998
3,209409,88.96999999999998
3,209459,88.96999999999998
3,209483,88.96999999999998
3,209507,88.96999999999998
3,209555,88.96999999999998
3,209611,88.96999999999998
3,209657,88.96999999999998
3,209681,88.96999999999998
3,209733,88.96999999999998
3,209783,88.96999999999998
3,209829,88.96999999999998
3,209855,88.96999999999998
3,209881,88.96999999999998
3,209927,88.96999999999998
3,209979,88.96999999999998
3,210029,88.96999999999998
3,210053,88.96999999999998
3,210083,88.96999999999998
3,210113,88.96999999999998
3,210159,88.96999999999998
3,210185,88.96999999999998
3,210239,88.96999999999998
3,210263,88.96999999999998
3,210309,91.75000000000001
3,210311,91.75000000000001
3,210335,91.75000000000001
3,210359,91.75000000000001
3,210405,91.75000000000001
3,210431,91.75000000000001
3,210461,91.75000000000001
3,210509,91.75000000000001
3,210561,91.75000000000001
3,210607,91.75000000000001
3,210653,91.75000000000001
3,210699,91.75000000000001
3,210723,91.75000000000001
3,210771,91.75000000000001
3,210817,91.75000000000001
3,210841,91.75000000000001
3,210865,91.75000000000001
3,210915,91.75000000000001
3,210939,91.75000000000001
3,210989,91.75000000000001
3,211037,91.75000000000001
3,211085,91.75000000000001
4,201218,41.269999999999996
4,201244,41.269999999999996
4,201268,54.39999999999998
4,201292,54.39999999999998
4,201316,54.39999999999998
4,201344,54.39999999999998
4,201372,54.39999999999998
4,201396,54.39999999999998
4,201446,54.39999999999998
4,205591,54.39999999999998
4,205593,54.39999999999998
4,205639,54.39999999999998
4,205663,54.39999999999998
4,205665,54.39999999999998
4,205717,54.39999999999998
4,205743,54.39999999999998
4,205767,54.39999999999998
4,205791,54.39999999999998
4,205793,54.39999999999998
4,205845,54.39999999999998
4,205869,54.39999999999998
4,205893,70.13999999999999
4,205919,70.13999999999999
4,205945,70.13999999999999
4,205969,70.13999999999999
4,206021,70.13999999999999
4,206045,70.13999999999999
4,206071,70.13999999999999
4,206097,70.13999999999999
4,206123,70.13999999999999
4,206169,70.13999999999999
4,206193,70.13999999999999
4,206195,70.13999999999999
4,206219,70.13999999999999
4,206243,70.13999999999999
4,206293,70.13999999999999
4,206345,70.13999999999999
4,206347,70.13999999999999
4,206393,70.13999999999999
4,206439,75.18
4,206463,75.18
4,206511,75.18
4,206537,75.18
4,206539,75.18
4,206565,75.18
4,206567,75.18
4,206615,75.18
4,206661,75.18
4,206663,75.18
4,206687,75.18
4,206711,75.18
4,206761,75.18
4,206809,75.18
4,206835,75.18
4,206867,75.18
4,206891,75.18
4,206939,75.18
4,206991,75.18
4,207015,75.18
4,207041,75.18
4,207087,75.18
4,207111,75.18
4,207135,75.18
4,207159,75.18
4,207183,75.18
4,207185,75.18
4,207231,75.18
4,207233,75.18
4,207257,75.18
4,207283,75.18
4,207329,75.18
4,207353,75.18
4,207377,75.18
4,207403,75.18
4,207427,75.18
4,207453,75.18
4,207501,75.18
4,207557,75.18
4,207559,75.18
4,207609,75.18
4,207611,75.18
4,207635,75.18
4,207685,75.18
4,207711,75.27999999999999
4,207759,75.27999999999999
4,207807,75.27999999999999
4,207853,75.27999999999999
4,207877,75.27999999999999
4,207923,75.27999999999999
4,207969,75.27999999999999
4,207993,76.93
4,208017,76.93
4,208019,76.93
4,208043,76.93
4,208071,76.93
4,208095,76.93
4,208153,76.93
4,208177,76.93
4,208207,76.93
4,208209,76.93
4,208211,76.93
4,208235,76.93
4,208237,76.93
4,208285,76.93
4,208333,76.93
4,208359,76.93
4,208383,81.61999999999996
4,208385,81.61999999999996
4,208431,81.61999999999996
4,208455,81.61999999999996
4,208501,81.61999999999996
4,208527,81.61999999999996
4,208551,81.61999999999996
4,208603,81.61999999999996
4,208629,81.61999999999996
4,208677,81.61999999999996
4,208701,81.61999999999996
4,208725,81.61999999999996
4,208749,81.61999999999996
4,208773,85.61999999999996
4,208797,85.61999999999996
4,208843,85.61999999999996
4,208891,85.61999999999996
4,208939,85.61999999999996
4,208987,85.61999999999996
4,209011,85.61999999999996
4,209059,85.61999999999996
4,209083,85.61999999999996
4,209129,85.61999999999996
4,209153,85.61999999999996
4,209179,85.61999999999996
4,209231,85.61999999999996
4,209281,85.61999999999996
4,209329,85.61999999999996
4,209331,85.61999999999996
4,209377,85.61999999999996
4,209405,85.61999999999996
4,209429,85.61999999999996
4,209453,85.61999999999996
4,209479,85.61999999999996
4,209529,85.61999999999996
4,209575,85.61999999999996
4,209601,85.61999999999996
4,209603,91.24
4,209605,91.24
4,209629,91.24
4,209631,91.24
4,209681,91.24
4,209705,91.24
4,209759,91.24
4,209805,101.18999999999998
4,209831,101.18999999999998
4,209879,101.18999999999998
4,209927,101.18999999999998
4,209977,101.18999999999998
4,209979,101.18999999999998
4,210025,101.18999999999998
4,210049,101.18999999999998
4,210103,101.18999999999998
4,210151,101.18999999999998
4,210203,101.18999999999998
4,210255,101.18999999999998
4,210301,101.18999999999998
4,210303,101.18999999999998
4,210353,101.18999999999998
4,210379,101.18999999999998
4,210381,101.18999999999998
4,210409,101.18999999999998
4,210411,101.18999999999998
4,210457,101.18999999999998
4,210483,101.18999999999998
4,210485,101.18999999999998
4,210533,101.18999999999998
4,210557,101.18999999999998
4,210583,101.18999999999998
4,210613,101.18999999999998
4,210637,101.18999999999998
4,210665,101.18999999999998
4,210667,101.18999999999998
4,210695,101.18999999999998
4,210743,101.18999999999998
4,210745,101.18999999999998
4,210771,101.18999999999998
4,210821,101.18999999999998
4,210847,101.18999999999998
4,210875,101.18999999999998
4,210899,101.18999999999998
4,210951,101.18999999999998
4,210975,101.18999999999998
4,210999,101.18999999999998
4,211025,101.18999999999998
4,211071,101.18999999999998
4,211123,101.18999999999998
4,211169,101.18999999999998
4,211217,101.18999999999998
5,200954,42.44000000000002
5,201000,54.24999999999998
5,201024,54.24999999999998
5,201054,54.24999999999998
5,201078,54.24999999999998
5,201126,54.24999999999998
5,201152,54.24999999999998
5,201178,54.24999999999998
5,201224,54.24999999999998
5,201272,54.24999999999998
5,201300,54.24999999999998
5,201324,54.24999999999998
5,201348,54.24999999999998
5,201374,54.24999999999998
5,201424,54.24999999999998
5,201476,54.24999999999998
5,201502,54.24999999999998
5,205665,54.24999999999998
5,205667,54.24999999999998
5,205717,54.24999999999998
5,205765,61.679999999999986
5,205789,61.679999999999986
5,205791,61.679999999999986
5,205839,61.679999999999986
5,205841,61.679999999999986
5,205843,61.679999999999986
5,205845,61.679999999999986
5,205893,61.679999999999986
5,205917,61.679999999999986
5,205965,73.79
5,206015,73.79
5,206041,73.79
5,206065,73.79
5,206067,73.79
5,206115,73.79
5,206167,73.79
5,206213,73.79
5,206259,73.79
5,206287,73.79
5,206313,73.79
5,206361,73.79
5,206409,73.79
5,206455,73.79
5,206481,73.79
5,206505,73.79
5,206531,73.79
5,206557,73.79
5,206605,73.79
5,206653,73.79
5,206679,73.79
5,206703,73.79
5,206755,73.79
5,206783,73.79
5,206809,73.79
5,206833,73.79
5,206835,73.79
5,206859,73.79
5,206885,73.79
5,206887,73.79
5,206933,73.79
5,206935,73.79
5,206937,73.79
5,206963,73.79
5,206987,73.79
5,206989,73.79
5,207013,73.79
5,207041,73.79
5,207091,73.79
5,207137,73.79
5,207185,73.79
5,207211,73.79
5,207257,73.79
5,207283,73.79
5,207309,73.79
5,207337,73.79
5,207361,73.79
5,207363,73.79
5,207411,73.79
5,207413,73.79
5,207459,73.79
5,207507,73.79
5,207553,73.79
5,207599,73.79
5,207623,73.79
5,207625,73.79
5,207653,73.79
5,207701,73.79
5,207725,73.79
5,207727,73.79
5,207777,73.79
5,207823,73.79
5,207825,73.79
5,207849,88.83000000000003
5,207875,88.83000000000003
5,207923,88.83000000000003
5,207947,88.83000000000003
5,207995,88.83000000000003
5,208021,88.83000000000003
5,208023,88.83000000000003
5,208049,88.83000000000003
5,208099,88.83000000000003
5,208123,88.83000000000003
5,208171,88.83000000000003
5,208195,88.83000000000003
5,208243,88.83000000000003
5,208269,88.83000000000003
5,208315,88.83000000000003
5,208317,88.83000000000003
5,208343,88.83000000000003
5,208389,88.83000000000003
5,208435,88.83000000000003
5,208483,88.83000000000003
5,208485,88.83000000000003
5,208533,88.83000000000003
5,208535,88.83000000000003
5,208583,88.83000000000003
5,208607,88.83000000000003
5,208631,88.83000000000003
5,208655,88.83000000000003
5,208657,88.83000000000003
5,208659,88.83000000000003
5,208683,88.83000000000003
5,208709,88.83000000000003
5,208733,88.83000000000003
5,208779,88.83000000000003
5,208803,88.83000000000003
5,208827,88.83000000000003
5,208853,88.83000000000003
5,208879,88.83000000000003
5,208903,88.83000000000003
5,208927,88.83000000000003
5,208979,88.83000000000003
5,209029,88.83000000000003
5,209055,88.83000000000003
5,209079,88.83000000000003
5,209105,88.83000000000003
5,209107,88.83000000000003
5,209131,88.83000000000003
5,209155,88.83000000000003
5,209181,88.83000000000003
5,209231,88.83000000000003
5,209279,88.83000000000003
5,209327,88.83000000000003
5,209377,88.83000000000003
5,209379,88.83000000000003
5,209403,88.83000000000003
5,209451,88.83000000000003
5,209501,88.83000000000003
5,209547,88.83000000000003
5,209571,88.83000000000003
5,209619,88.83000000000003
5,209645,88.83000000000003
5,209647,88.83000000000003
5,209695,88.83000000000003
5,209719,88.83000000000003
5,209743,88.83000000000003
5,209771,88.83000000000003
5,209797,88.83000000000003
5,209823,88.83000000000003
5,209851,88.83000000000003
5,209853,88.83000000000003
5,209881,88.83000000000003
5,209929,88.83000000000003
5,209953,88.83000000000003
5,209977,88.83000000000003
5,210027,88.83000000000003
5,210051,88.83000000000003
5,210097,88.83000000000003
5,210121,88.83000000000003
5,210145,88.83000000000003
5,210195,88.83000000000003
5,210219,88.83000000000003
5,210265,88.83000000000003
5,210293,88.83000000000003
5,210341,88.83000000000003
5,210389,88.83000000000003
5,210413,88.83000000000003
5,210459,88.83000000000003
5,210507,88.83000000000003
5,210553,88.83000000000003
5,210577,88.83000000000003
5,210601,88.83000000000003
5,210649,88.83000000000003
5,210677,88.83000000000003
5,210703,88.83000000000003
5,210749,89.50000000000001
5,210775,89.50000000000001
5,210803,89.50000000000001
5,210829,89.50000000000001
5,210853,89.50000000000001
5,210879,89.50000000000001
5,210903,90.20999999999998
5,210955,90.20999999999998
6,201224,40.329999999999984
6,201248,42.100000000000016
6,201272,49.06
6,205229,49.06
6,205257,49.06
6,205307,49.26
6,205333,49.82999999999997
6,205381,49.82999999999997
6,205431,147.79
6,205457,147.79
6,205485,147.79
6,205531,147.79
6,205533,147.79
6,205559,147.79
6,205561,147.79
6,205585,147.79
6,205609,147.79
6,205611,147.79
6,205613,147.79
6,205639,147.79
6,205693,147.79
6,205739,147.79
6,205741,147.79
6,205743,147.79
6,205767,147.79
6,205815,147.79
6,205863,147.79
6,205887,147.79
6,205935,147.79
6,205983,147.79
6,206037,147.79
6,206085,147.79
6,206109,147.79
6,206111,147.79
6,206157,147.79
6,206183,147.79
6,206209,147.79
6,206233,147.79
6,206261,147.79
6,206285,147.79
6,206287,147.79
6,206313,147.79
6,206361,147.79
6,206387,147.79
6,206435,147.79
6,206437,147.79
6,206461,147.79
6,206485,147.79
6,206533,147.79
6,206557,147.79
6,206581,147.79
6,206631,147.79
6,206633,147.79
6,206635,147.79
6,206663,147.79
6,206687,147.79
6,206733,147.79
6,206757,147.79
6,206805,147.79
6,206807,147.79
6,206809,147.79
6,206855,147.79
6,206907,147.79
6,206953,201.2000000000001
6,206979,201.2000000000001
6,207029,201.2000000000001
6,207055,201.2000000000001
6,207105,201.2000000000001
6,207129,201.2000000000001
6,207153,201.2000000000001
6,207203,201.2000000000001
6,207227,201.2000000000001
6,207277,201.2000000000001
6,207323,201.2000000000001
6,207371,201.2000000000001
6,207419,201.2000000000001
6,207465,201.2000000000001
6,207511,201.2000000000001
6,207559,201.2000000000001
6,207609,201.2000000000001
6,207633,201.2000000000001
6,207635,201.2000000000001
6,207637,201.2000000000001
6,207685,201.2000000000001
6,207733,201.2000000000001
6,207757,201.2000000000001
6,207783,201.2000000000001
6,207785,201.2000000000001
6,207833,201.2000000000001
6,207857,201.2000000000001
6,207881,201.2000000000001
6,207927,201.2000000000001
6,207977,201.2000000000001
6,208003,201.2000000000001
6,208051,201.2000000000001
6,208099,212.46999999999994
6,208123,212.46999999999994
6,208125,212.46999999999994
6,208173,212.46999999999994
6,208219,212.46999999999994
6,208245,212.46999999999994
6,208293,212.46999999999994
6,208317,212.46999999999994
6,208343,212.46999999999994
6,208389,212.46999999999994
6,208435,212.46999999999994
6,208481,212.46999999999994
6,208527,212.46999999999994
6,208553,212.46999999999994
6,208577,212.46999999999994
6,208601,212.46999999999994
6,208647,212.46999999999994
6,208695,212.46999999999994
6,208721,212.46999999999994
6,208745,212.46999999999994
6,208795,212.46999999999994
6,208819,212.46999999999994
6,208867,212.46999999999994
6,208919,212.46999999999994
6,208943,212.46999999999994
6,208989,212.46999999999994
6,209013,212.46999999999994
6,209067,212.46999999999994
6,209115,212.46999999999994
6,209161,212.46999999999994
6,209211,212.46999999999994
6,209257,218.19999999999996
6,209259,218.19999999999996
6,209261,218.19999999999996
6,209307,218.19999999999996
6,209331,218.19999999999996
6,209333,218.19999999999996
6,209379,218.19999999999996
6,209403,218.19999999999996
6,209451,218.19999999999996
6,209477,218.19999999999996
6,209501,218.19999999999996
6,209525,218.19999999999996
6,209549,218.19999999999996
6,209551,218.19999999999996
6,209599,218.19999999999996
6,209625,218.19999999999996
6,209649,218.19999999999996
6,209695,218.19999999999996
6,209743,218.19999999999996
6,209771,218.19999999999996
6,209795,218.19999999999996
6,209845,218.19999999999996
6,209869,218.19999999999996
6,209871,218.19999999999996
6,209917,223.51000000000008
6,209941,223.51000000000008
6,209989,223.51000000000008
6,210015,223.51000000000008
6,210017,223.51000000000008
6,210019,223.51000000000008
6,210069,223.51000000000008
6,210117,223.51000000000008
6,210119,223.51000000000008
6,210143,223.51000000000008
6,210191,223.51000000000008
6,210215,223.51000000000008
6,210261,223.51000000000008
6,210309,223.51000000000008
6,210355,223.51000000000008
6,210405,223.51000000000008
6,210453,223.51000000000008
6,210501,223.51000000000008
6,210525,223.51000000000008
6,210555,223.51000000000008
6,210579,223.51000000000008
6,210581,223.51000000000008
6,210607,223.51000000000008
6,210631,223.51000000000008
6,210681,223.51000000000008
6,210727,223.51000000000008
6,210775,223.51000000000008
6,210825,223.51000000000008
6,210849,223.51000000000008
6,210897,223.51000000000008
6,210923,223.51000000000008
6,210925,223.51000000000008
6,210971,223.51000000000008
6,210999,223.51000000000008
6,211047,223.51000000000008
6,211097,223.51000000000008
6,211121,223.51000000000008
6,211167,223.51000000000008
6,211213,223.51000000000008
7,200750,40.330000000000005
7,200796,44.719999999999985
7,200844,44.719999999999985
7,200894,44.719999999999985
7,200896,44.719999999999985
7,200944,52.43999999999999
7,200994,52.43999999999999
7,201018,52.43999999999999
7,201064,65.62
7,201066,65.62
7,201090,65.62
7,201138,65.62
7,205209,65.62
7,205233,65.62
7,205281,65.62
7,205283,65.62
7,205333,65.62
7,205357,65.62
7,205381,65.62
7,205383,65.62
7,205385,65.62
7,205433,65.62
7,205461,65.62
7,205507,65.62
7,205509,65.62
7,205557,65.62
7,205581,65.62
7,205605,65.62
7,205653,65.62
7,205699,65.62
7,205747,65.62
7,205795,66.14999999999999
7,205841,66.14999999999999
7,205865,66.14999999999999
7,205891,66.14999999999999
7,205893,66.14999999999999
7,205895,66.14999999999999
7,205919,66.14999999999999
7,205967,66.14999999999999
7,205969,66.14999999999999
7,205993,66.14999999999999
7,206041,66.14999999999999
7,206089,66.14999999999999
7,206113,66.14999999999999
7,206137,66.14999999999999
7,206165,66.14999999999999
7,206211,66.14999999999999
7,206235,66.14999999999999
7,206281,66.14999999999999
7,206305,66.14999999999999
7,206331,66.14999999999999
7,206377,66.14999999999999
7,206403,66.14999999999999
7,206451,66.14999999999999
7,206497,66.14999999999999
7,206521,66.14999999999999
7,206571,76.28999999999999
7,206617,76.28999999999999
7,206619,76.28999999999999
7,206645,76.28999999999999
7,206647,76.28999999999999
7,206649,76.28999999999999
7,206651,76.28999999999999
7,206679,76.28999999999999
7,206703,76.28999999999999
7,206751,76.28999999999999
7,206801,76.28999999999999
7,206853,76.28999999999999
7,206877,76.28999999999999
7,206903,76.28999999999999
7,206927,76.28999999999999
7,206981,76.28999999999999
7,206983,76.28999999999999
7,207009,76.28999999999999
7,207033,76.28999999999999
7,207085,76.28999999999999
7,207087,76.28999999999999
7,207111,76.28999999999999
7,207137,76.28999999999999
7,207185,76.28999999999999
7,207213,76.28999999999999
7,207215,76.28999999999999
7,207263,76.28999999999999
7,207289,76.28999999999999
7,207315,76.28999999999999
7,207339,76.28999999999999
7,207387,81.84
7,207437,81.84
7,207461,81.84
7,207493,81.84
7,207547,81.84
7,207549,81.84
7,207599,81.84
7,207627,81.84
7,207673,87.21000000000001
7,207697,87.21000000000001
7,207699,87.21000000000001
7,207723,87.21000000000001
7,207769,87.21000000000001
7,207793,87.21000000000001
7,207817,87.21000000000001
7,207867,87.21000000000001
7,207893,87.21000000000001
7,207947,87.21000000000001
7,207971,87.21000000000001
7,207995,155.22999999999993
7,207997,155.22999999999993
7,208043,155.22999999999993
7,208089,155.22999999999993
7,208139,155.22999999999993
7,208141,155.22999999999993
7,208165,155.22999999999993
7,208211,155.22999999999993
7,208259,155.22999999999993
7,208283,155.22999999999993
7,208333,155.22999999999993
7,208383,155.22999999999993
7,208429,155.22999999999993
7,208453,155.22999999999993
7,208477,155.22999999999993
7,208501,155.22999999999993
7,208525,155.22999999999993
7,208527,155.22999999999993
7,208573,155.22999999999993
7,208601,155.22999999999993
7,208629,155.22999999999993
7,208653,155.22999999999993
7,208705,155.22999999999993
7,208707,155.22999999999993
7,208753,155.22999999999993
7,208805,155.22999999999993
7,208829,155.22999999999993
7,208857,155.22999999999993
7,208907,155.22999999999993
7,208931,155.22999999999993
7,208981,155.22999999999993
7,208983,155.22999999999993
7,209007,165.00000000000003
7,209031,165.00000000000003
7,209057,165.00000000000003
7,209059,165.00000000000003
7,209109,165.00000000000003
7,209157,165.00000000000003
7,209181,165.00000000000003
7,209207,165.00000000000003
7,209231,165.00000000000003
7,209257,165.00000000000003
7,209281,165.00000000000003
7,209329,165.00000000000003
7,209379,165.00000000000003
7,209427,165.00000000000003
7,209429,165.00000000000003
7,209455,165.00000000000003
7,209457,165.00000000000003
7,209459,165.00000000000003
7,209507,165.00000000000003
7,209559,165.00000000000003
7,209605,165.00000000000003
7,209629,165.00000000000003
7,209677,165.00000000000003
7,209707,165.00000000000003
7,209731,165.00000000000003
7,209755,165.00000000000003
7,209757,169.12999999999997
7,209803,169.12999999999997
7,209851,169.12999999999997
7,209875,169.12999999999997
7,209901,171.00999999999988
7,209925,171.00999999999988
7,209949,171.00999999999988
7,209997,171.00999999999988
7,210021,171.00999999999988
7,210045,171.00999999999988
7,210069,171.00999999999988
7,210117,171.00999999999988
7,210173,171.00999999999988
7,210221,171.00999999999988
7,210269,171.00999999999988
7,210293,171.00999999999988
7,210319,171.00999999999988
7,210347,171.00999999999988
7,210371,171.00999999999988
7,210419,171.00999999999988
7,210443,171.00999999999988
7,210469,171.00999999999988
7,210519,171.00999999999988
7,210565,171.00999999999988
7,210613,171.00999999999988
7,210615,171.00999999999988
7,210663,171.00999999999988
7,210715,171.00999999999988
8,201210,39.850000000000016
8,201234,43.18000000000003
8,205297,43.96000000000003
8,205299,43.96000000000003
8,205323,52.01999999999999
8,205369,52.01999999999999
8,205415,52.01999999999999
8,205417,52.01999999999999
8,205419,52.01999999999999
8,205467,52.01999999999999
8,205513,52.01999999999999
8,205561,54.50000000000001
8,205585,54.50000000000001
8,205613,54.50000000000001
8,205659,54.50000000000001
8,205687,54.50000000000001
8,205737,54.899999999999984
8,205739,54.899999999999984
8,205765,54.899999999999984
8,205789,54.899999999999984
8,205815,54.899999999999984
8,205863,54.899999999999984
8,205891,54.899999999999984
8,205915,54.899999999999984
8,205917,54.899999999999984
8,205941,54.899999999999984
8,205965,54.899999999999984
8,206015,54.899999999999984
8,206039,54.899999999999984
8,206087,54.899999999999984
8,206135,54.899999999999984
8,206183,54.899999999999984
8,206231,54.899999999999984
8,206277,54.899999999999984
8,206323,54.899999999999984
8,206371,54.899999999999984
8,206419,54.899999999999984
8,206469,54.899999999999984
8,206515,54.899999999999984
8,206517,54.899999999999984
8,206519,54.899999999999984
8,206543,54.899999999999984
8,206591,54.899999999999984
8,206639,54.899999999999984
8,206685,64.26
8,206731,64.26
8,206755,64.26
8,206803,69.03000000000002
8,206827,69.03000000000002
8,206853,69.03000000000002
8,206903,69.03000000000002
8,206927,69.03000000000002
8,206953,69.03000000000002
8,207005,69.03000000000002
8,207031,69.03000000000002
8,207081,69.03000000000002
8,207127,69.03000000000002
8,207173,69.03000000000002
8,207219,69.03000000000002
8,207265,69.03000000000002
8,207291,69.03000000000002
8,207341,69.03000000000002
8,207367,69.03000000000002
8,207395,69.03000000000002
8,207419,69.03000000000002
8,207443,69.03000000000002
8,207469,69.03000000000002
8,207515,69.03000000000002
8,207541,69.03000000000002
8,207587,69.03000000000002
8,207635,69.03000000000002
8,207681,69.03000000000002
8,207683,69.03000000000002
8,207737,69.03000000000002
8,207761,69.03000000000002
8,207807,69.03000000000002
8,207855,69.03000000000002
8,207879,69.03000000000002
8,207929,69.03000000000002
8,207953,69.03000000000002
8,207999,69.03000000000002
8,208025,69.03000000000002
8,208073,69.03000000000002
8,208123,79.12
8,208149,79.12
8,208201,79.12
8,208225,79.12
8,208249,79.12
8,208277,79.12
8,208279,79.12
8,208329,79.12
8,208331,79.12
8,208355,91.46000000000002
8,208405,91.46000000000002
8,208451,91.46000000000002
8,208453,91.46000000000002
8,208477,91.46000000000002
8,208501,91.46000000000002
8,208525,91.46000000000002
8,208527,91.46000000000002
8,208553,91.46000000000002
8,208603,91.46000000000002
8,208605,91.46000000000002
8,208653,91.46000000000002
8,208677,91.46000000000002
8,208679,91.46000000000002
8,208703,91.46000000000002
8,208749,91.46000000000002
8,208797,91.46000000000002
8,208825,91.46000000000002
8,208849,91.46000000000002
8,208873,91.46000000000002
8,208897,91.46000000000002
8,208949,91.46000000000002
8,208999,91.46000000000002
8,209023,91.46000000000002
8,209025,91.46000000000002
8,209081,91.46000000000002
8,209109,91.46000000000002
8,209133,91.46000000000002
8,209179,91.46000000000002
8,209229,91.46000000000002
8,209253,91.46000000000002
8,209301,91.46000000000002
8,209303,91.46000000000002
8,209349,91.46000000000002
8,209399,91.46000000000002
8,209401,91.46000000000002
8,209451,91.46000000000002
8,209477,91.46000000000002
8,209501,91.46000000000002
8,209525,91.46000000000002
8,209575,91.46000000000002
8,209625,91.46000000000002
8,209649,91.46000000000002
8,209701,91.46000000000002
8,209751,91.46000000000002
8,209797,91.46000000000002
8,209825,91.46000000000002
8,209827,91.46000000000002
8,209829,91.46000000000002
8,209875,91.46000000000002
8,209901,91.46000000000002
8,209949,91.46000000000002
8,209973,91.46000000000002
8,210021,91.46000000000002
8,210023,91.46000000000002
8,210049,91.46000000000002
8,210101,91.46000000000002
8,210127,91.46000000000002
8,210173,91.46000000000002
8,210225,91.46000000000002
8,210249,91.46000000000002
8,210303,91.46000000000002
8,210327,91.46000000000002
8,210351,91.46000000000002
8,210353,91.46000000000002
8,210401,91.46000000000002
8,210449,91.46000000000002
8,210499,91.46000000000002
8,210523,95.11999999999996
8,210547,95.11999999999996
8,210571,95.11999999999996
8,210595,95.11999999999996
8,210643,95.11999999999996
8,210667,95.96000000000004
8,210669,95.96000000000004
8,210715,97.47999999999998
8,210739,97.47999999999998
8,210765,97.47999999999998
8,210817,97.47999999999998
8,210819,97.47999999999998
8,210869,97.47999999999998
8,210893,97.47999999999998
8,210917,97.47999999999998
8,210967,97.47999999999998
8,211013,97.47999999999998
8,211039,97.47999999999998
8,211063,97.47999999999998
8,211109,97.47999999999998
8,211159,97.47999999999998
9,201234,52.61999999999999
9,201258,57.19999999999994
9,201304,57.19999999999994
9,201328,57.19999999999994
9,201330,57.19999999999994
9,201354,57.19999999999994
9,201378,57.19999999999994
9,201426,57.19999999999994
9,201474,57.19999999999994
9,205491,57.19999999999994
9,205537,57.19999999999994
9,205587,57.19999999999994
9,205633,57.19999999999994
9,205657,57.19999999999994
9,205681,57.19999999999994
9,205707,57.19999999999994
9,205759,57.19999999999994
9,205807,57.19999999999994
9,205853,57.19999999999994
9,205855,57.19999999999994
9,205881,57.19999999999994
9,205883,57.19999999999994
9,205885,57.19999999999994
9,205909,57.19999999999994
9,205933,57.19999999999994
9,205983,57.19999999999994
9,206007,62.72000000000001
9,206057,62.72000000000001
9,206105,62.72000000000001
9,206129,62.72000000000001
9,206153,62.72000000000001
9,206177,62.72000000000001
9,206225,62.72000000000001
9,206271,62.72000000000001
9,206297,62.72000000000001
9,206325,62.72000000000001
9,206349,62.72000000000001
9,206373,62.72000000000001
9,206397,62.72000000000001
9,206449,62.72000000000001
9,206451,62.72000000000001
9,206499,62.72000000000001
9,206501,62.72000000000001
9,206553,62.72000000000001
9,206577,62.72000000000001
9,206579,62.72000000000001
9,206625,62.72000000000001
9,206675,62.72000000000001
9,206701,62.72000000000001
9,206729,62.72000000000001
9,206775,62.72000000000001
9,206799,62.72000000000001
9,206849,62.72000000000001
9,206897,73.98999999999998
9,206943,79.23
9,206971,79.23
9,206973,79.23
9,206997,79.23
9,206999,79.23
9,207023,79.23
9,207069,79.23
9,207071,79.23
9,207101,79.23
9,207125,79.23
9,207175,79.23
9,207225,79.23
9,207249,79.23
9,207275,79.23
9,207321,79.23
9,207369,79.23
9,207393,79.23
9,207443,79.23
9,207467,79.23
9,207517,79.23
9,207543,79.23
9,207569,79.23
9,207595,79.23
9,207619,79.23
9,207649,79.23
9,207673,79.23
9,207721,79.23
9,207745,79.23
9,207799,79.23
9,207825,79.23
9,207827,79.23
9,207877,79.23
9,207925,79.23
9,207973,79.23
9,207975,79.23
9,207977,79.23
9,207979,79.23
9,208025,79.23
9,208073,79.23
9,208097,79.23
9,208123,79.23
9,208171,79.23
9,208195,79.23
9,208243,79.23
9,208289,79.23
9,208319,79.23
9,208365,79.23
9,208389,79.23
9,208435,79.23
9,208483,79.23
9,208533,79.23
9,208559,79.23
9,208583,79.23
9,208607,79.23
9,208609,79.23
9,208657,79.23
9,208705,79.23
9,208753,79.23
9,208801,79.23
9,208849,79.23
9,208897,79.23
9,208899,79.23
9,208945,88.59000000000003
9,208969,88.59000000000003
9,209021,88.59000000000003
9,209071,88.59000000000003
9,209095,88.59000000000003
9,209147,88.59000000000003
9,209195,88.59000000000003
9,209219,88.59000000000003
9,209243,91.64999999999998
9,209269,91.64999999999998
9,209293,91.64999999999998
9,209319,91.64999999999998
9,209367,91.64999999999998
9,209391,91.64999999999998
9,209393,91.64999999999998
9,209439,91.64999999999998
9,209487,91.64999999999998
9,209511,91.64999999999998
9,209557,91.64999999999998
9,209603,106.71
9,209627,106.71
9,209653,106.71
9,209677,106.71
9,209723,106.71
9,209747,106.71
9,209793,106.71
9,209819,106.71
9,209843,106.71
9,209897,106.71
9,209899,108.91999999999994
9,209923,108.91999999999994
9,209949,108.91999999999994
9,209995,108.91999999999994
9,210019,108.91999999999994
9,210021,108.91999999999994
9,210069,108.91999999999994
9,210093,108.91999999999994
9,210095,108.91999999999994
9,210121,108.91999999999994
9,210147,108.91999999999994
9,210175,108.91999999999994
9,210177,108.91999999999994
9,210201,108.91999999999994
9,210203,108.91999999999994
9,210227,108.91999999999994
9,210229,108.91999999999994
9,210255,108.91999999999994
9,210305,108.91999999999994
9,210307,108.91999999999994
9,210357,108.91999999999994
9,210381,108.91999999999994
9,210429,108.91999999999994
9,210453,108.91999999999994
9,210503,110.53
9,210553,110.53
9,210601,110.53
9,210627,110.53
9,210629,110.53
9,210679,110.53
9,210705,110.53
9,210751,110.53
9,210797,110.53
9,210799,110.53
9,210853,110.53
9,210877,110.53
9,210901,110.53
9,210931,110.53
9,210977,110.53
9,211023,110.53
9,211025,110.53
9,211027,110.53
9,211075,110.53
9,211099,110.53
9,211123,110.53
9,211125,110.53
9,211179,110.53
9,211205,110.53
10,200074,54.05999999999998
10,200100,54.05999999999998
10,200102,54.05999999999998
10,200148,54.05999999999998
10,200176,54.05999999999998
10,200200,54.05999999999998
10,200226,54.05999999999998
10,200228,54.05999999999998
10,200252,54.05999999999998
10,200254,54.05999999999998
10,200280,54.05999999999998
10,200282,54.05999999999998
10,204335,54.05999999999998
10,204337,54.05999999999998
10,204361,54.05999999999998
10,204413,57.31000000000003
10,204439,57.31000000000003
10,204463,57.31000000000003
10,204489,57.31000000000003
10,204537,57.31000000000003
10,204539,57.31000000000003
10,204565,57.31000000000003
10,204611,57.31000000000003
10,204635,57.31000000000003
10,204661,57.31000000000003
10,204707,57.31000000000003
10,204731,59.06000000000002
10,204757,59.06000000000002
10,204805,59.06000000000002
10,204855,59.06000000000002
10,204879,59.06000000000002
10,204925,59.06000000000002
10,204949,59.06000000000002
10,204977,59.06000000000002
10,205025,59.06000000000002
10,205049,59.06000000000002
10,205099,59.06000000000002
10,205145,66.44000000000005
10,205169,71.82
10,205193,71.82
10,205217,71.82
10,205265,71.82
10,205289,71.82
10,205319,71.82
10,205343,71.82
10,205367,71.82
10,205393,71.82
10,205443,71.82
10,205491,71.82
10,205537,75.25999999999998
10,205587,75.25999999999998
10,205611,75.25999999999998
10,205635,75.25999999999998
10,205637,75.25999999999998
10,205685,75.25999999999998
10,205709,75.25999999999998
10,205733,75.25999999999998
10,205779,75.25999999999998
10,205827,75.25999999999998
10,205851,75.25999999999998
10,205877,75.25999999999998
10,205903,75.25999999999998
10,205929,75.25999999999998
10,205931,75.25999999999998
10,205979,75.25999999999998
10,205981,75.25999999999998
10,206027,75.25999999999998
10,206073,75.25999999999998
10,206097,75.25999999999998
10,206121,75.25999999999998
10,206167,75.25999999999998
10,206193,75.25999999999998
10,206217,75.25999999999998
10,206243,75.25999999999998
10,206295,75.25999999999998
10,206321,75.25999999999998
10,206345,75.25999999999998
10,206393,75.71
10,206447,75.71
10,206449,75.71
10,206503,75.71
10,206549,75.71
10,206577,75.71
10,206625,75.71
10,206653,75.71
10,206677,75.71
10,206727,84.14999999999998
10,206775,84.14999999999998
10,206777,84.14999999999998
10,206803,84.14999999999998
10,206805,84.14999999999998
10,206829,84.14999999999998
10,206831,84.14999999999998
10,206855,84.14999999999998
10,206881,84.14999999999998
10,206883,84.14999999999998
10,206933,84.14999999999998
10,206957,84.14999999999998
10,206981,84.14999999999998
10,207035,84.14999999999998
10,207059,84.14999999999998
10,207083,84.14999999999998
10,207107,84.14999999999998
10,207155,84.14999999999998
10,207181,84.14999999999998
10,207231,84.14999999999998
10,207255,84.14999999999998
10,207301,84.14999999999998
10,207325,84.14999999999998
10,207327,84.14999999999998
10,207375,84.14999999999998
10,207423,84.14999999999998
10,207447,84.14999999999998
10,207497,84.14999999999998
10,207545,84.14999999999998
10,207569,84.14999999999998
10,207621,84.14999999999998
10,207675,84.14999999999998
10,207677,88.86999999999998
10,207701,88.86999999999998
10,207703,88.86999999999998
10,207749,88.86999999999998
10,207773,88.86999999999998
10,207819,88.86999999999998
10,207867,88.86999999999998
10,207915,88.86999999999998
10,207941,88.86999999999998
10,207943,88.86999999999998
10,207969,88.86999999999998
10,207993,88.86999999999998
10,208017,88.86999999999998
10,208063,88.86999999999998
10,208087,88.86999999999998
10,208111,89.50999999999999
10,208141,89.50999999999999
10,208191,89.50999999999999
10,208219,89.50999999999999
10,208243,89.50999999999999
10,208289,89.50999999999999
10,208339,89.50999999999999
10,208365,89.50999999999999
10,208413,89.50999999999999
10,208459,89.50999999999999
10,208513,89.50999999999999
10,208537,89.50999999999999
10,208583,89.50999999999999
10,208585,89.50999999999999
10,208635,89.50999999999999
10,208681,89.50999999999999
10,208727,89.50999999999999
10,208773,89.50999999999999
10,208797,90.26999999999998
10,208821,90.26999999999998
10,208845,90.26999999999998
10,208871,90.26999999999998
10,208917,90.26999999999998
10,208963,93.21999999999998
10,209011,93.21999999999998
10,209035,94.84000000000003
10,209061,94.84000000000003
10,209109,94.84000000000003
10,209157,94.84000000000003
10,209183,94.84000000000003
10,209229,94.84000000000003
10,209255,94.84000000000003
10,209279,94.84000000000003
10,209303,94.84000000000003
10,209327,94.84000000000003
10,209377,94.84000000000003
10,209423,94.84000000000003
10,209469,94.84000000000003
10,209519,94.84000000000003
10,209543,94.84000000000003
10,209593,94.84000000000003
10,209641,94.84000000000003
10,209691,94.84000000000003
10,209739,94.84000000000003
10,209741,94.84000000000003
10,209743,94.84000000000003
10,209791,94.84000000000003
10,209793,94.84000000000003
10,209819,102.00000000000001
10,209865,102.00000000000001
10,209911,102.00000000000001
10,209957,102.00000000000001
10,209983,102.00000000000001
10,210033,102.00000000000001
10,210079,102.00000000000001
11,200928,43.12
11,200952,43.12
11,204933,52.78
11,204935,52.78
11,204937,52.78
11,204963,52.78
11,204987,52.78
11,205011,52.78
11,205037,52.78
11,205061,52.78
11,205109,52.78
11,205133,52.78
11,205179,52.78
11,205203,52.78
11,205227,52.78
11,205253,52.78
11,205277,52.78
11,205279,52.78
11,205325,55.43000000000001
11,205371,55.43000000000001
11,205395,55.43000000000001
11,205397,55.43000000000001
11,205443,55.43000000000001
11,205445,55.43000000000001
11,205495,55.43000000000001
11,205543,55.43000000000001
11,205567,55.43000000000001
11,205617,55.43000000000001
11,205665,55.43000000000001
11,205667,55.43000000000001
11,205713,55.43000000000001
11,205761,55.43000000000001
11,205811,55.43000000000001
11,205835,66.93
11,205883,66.93
11,205911,66.93
11,205961,66.93
11,206009,66.93
11,206033,66.93
11,206081,66.93
11,206133,66.93
11,206157,66.93
11,206203,66.93
11,206205,66.93
11,206255,66.93
11,206281,66.93
11,206329,66.93
11,206379,66.93
11,206431,66.93
11,206477,66.93
11,206501,66.93
11,206503,66.93
11,206549,66.93
11,206575,66.93
11,206623,66.93
11,206673,66.93
11,206699,66.93
11,206747,66.93
11,206749,66.93
11,206777,66.93
11,206801,66.93
11,206849,66.93
11,206895,66.93
11,206943,72.07
11,206969,72.07
11,207015,72.07
11,207065,72.07
11,207093,72.07
11,207119,72.07
11,207145,72.07
11,207193,72.07
11,207241,72.07
11,207267,72.07
11,207291,72.07
11,207317,72.07
11,207319,72.07
11,207369,72.07
11,207393,72.07
11,207417,72.07
11,207441,72.07
11,207469,72.07
11,207493,72.07
11,207543,72.07
11,207601,72.07
11,207629,72.07
11,207675,72.07
11,207701,72.07
11,207729,72.07
11,207785,72.07
11,207833,72.07
11,207861,72.07
11,207885,72.07
11,207931,72.07
11,207933,72.07
11,207935,72.07
11,207959,72.07
11,207983,72.62999999999998
11,208007,72.62999999999998
11,208057,72.62999999999998
11,208105,73.59000000000002
11,208151,73.59000000000002
11,208175,73.59000000000002
11,208223,77.55000000000003
11,208247,77.55000000000003
11,208249,77.55000000000003
11,208273,77.55000000000003
11,208321,77.55000000000003
11,208345,77.55000000000003
11,208369,77.55000000000003
11,208415,77.55000000000003
11,208439,77.55000000000003
11,208465,77.55000000000003
11,208489,77.55000000000003
11,208513,77.55000000000003
11,208539,77.55000000000003
11,208541,77.55000000000003
11,208569,77.55000000000003
11,208593,77.55000000000003
11,208617,77.55000000000003
11,208641,77.55000000000003
11,208693,77.55000000000003
11,208739,77.55000000000003
11,208785,77.55000000000003
11,208813,77.55000000000003
11,208815,77.55000000000003
11,208843,77.55000000000003
11,208871,77.55000000000003
11,208917,77.55000000000003
11,208963,77.55000000000003
11,208989,77.55000000000003
11,209035,77.55000000000003
11,209063,77.55000000000003
11,209087,77.55000000000003
11,209113,77.55000000000003
11,209139,77.55000000000003
11,209141,77.55000000000003
11,209189,77.55000000000003
11,209235,77.55000000000003
11,209283,77.55000000000003
11,209331,77.55000000000003
11,209357,77.55000000000003
11,209383,77.55000000000003
11,209407,77.55000000000003
11,209459,77.55000000000003
11,209505,77.55000000000003
11,209533,77.55000000000003
11,209579,77.55000000000003
11,209605,77.55000000000003
11,209653,77.55000000000003
11,209679,77.55000000000003
11,209705,77.55000000000003
11,209751,80.84000000000002
11,209775,80.84000000000002
11,209823,80.84000000000002
11,209849,80.84000000000002
11,209873,80.84000000000002
11,209923,80.84000000000002
11,209953,80.84000000000002
11,209999,80.84000000000002
11,210023,80.84000000000002
11,210025,95.0499999999999
11,210027,95.0499999999999
11,210057,95.0499999999999
11,210081,95.0499999999999
11,210127,95.0499999999999
11,210175,95.0499999999999
11,210177,95.0499999999999
11,210205,95.0499999999999
11,210253,95.0499999999999
11,210255,95.0499999999999
11,210257,95.0499999999999
11,210259,95.0499999999999
11,210305,95.0499999999999
11,210353,95.17000000000004
11,210377,95.17000000000004
11,210401,95.17000000000004
11,210425,95.17000000000004
11,210473,95.17000000000004
11,210475,95.17000000000004
11,210501,95.17000000000004
11,210547,95.17000000000004
11,210549,95.17000000000004
11,210599,95.17000000000004
11,210625,95.17000000000004
11,210679,95.17000000000004
11,210703,95.17000000000004
11,210727,95.17000000000004
11,210751,95.17000000000004
11,210799,95.17000000000004
11,210801,95.17000000000004
11,210849,95.17000000000004
11,210895,95.17000000000004
12,201172,44.65999999999999
12,201226,44.65999999999999
12,201272,44.65999999999999
12,201320,51.26999999999997
12,205371,51.26999999999997
12,205373,51.26999999999997
12,205419,51.26999999999997
12,205467,51.26999999999997
12,205519,51.26999999999997
12,205545,51.26999999999997
12,205547,51.26999999999997
12,205597,51.26999999999997
12,205647,51.329999999999984
12,205671,53.270000000000024
12,205695,53.270000000000024
12,205743,53.270000000000024
12,205767,53.270000000000024
12,205769,53.270000000000024
12,205817,53.270000000000024
12,205841,63.989999999999995
12,205865,63.989999999999995
12,205911,63.989999999999995
12,205961,63.989999999999995
12,205989,63.989999999999995
12,206039,63.989999999999995
12,206085,63.989999999999995
12,206133,63.989999999999995
12,206185,63.989999999999995
12,206211,63.989999999999995
12,206257,63.989999999999995
12,206305,63.989999999999995
12,206353,63.989999999999995
12,206401,63.989999999999995
12,206403,63.989999999999995
12,206453,63.989999999999995
12,206501,63.989999999999995
12,206525,63.989999999999995
12,206551,63.989999999999995
12,206575,63.989999999999995
12,206621,63.989999999999995
12,206623,63.989999999999995
12,206669,68.98999999999997
12,206693,68.98999999999997
12,206747,68.98999999999997
12,206775,68.98999999999997
12,206801,68.98999999999997
12,206803,68.98999999999997
12,206851,68.98999999999997
12,206875,68.98999999999997
12,206899,68.98999999999997
12,206947,68.98999999999997
12,206999,68.98999999999997
12,207001,68.98999999999997
12,207027,68.98999999999997
12,207053,68.98999999999997
12,207077,68.98999999999997
12,207125,68.98999999999997
12,207171,68.98999999999997
12,207199,68.98999999999997
12,207227,68.98999999999997
12,207273,68.98999999999997
12,207275,68.98999999999997
12,207301,68.98999999999997
12,207351,68.98999999999997
12,207377,68.98999999999997
12,207379,68.98999999999997
12,207425,68.98999999999997
12,207449,68.98999999999997
12,207451,68.98999999999997
12,207475,68.98999999999997
12,207499,77.87999999999997
12,207525,77.87999999999997
12,207527,77.87999999999997
12,207551,77.87999999999997
12,207553,77.87999999999997
12,207581,77.87999999999997
12,207633,77.87999999999997
12,207657,77.87999999999997
12,207659,77.87999999999997
12,207707,77.87999999999997
12,207731,77.87999999999997
12,207755,77.87999999999997
12,207807,77.87999999999997
12,207853,77.87999999999997
12,207877,77.87999999999997
12,207927,77.87999999999997
12,207953,77.87999999999997
12,207979,77.87999999999997
12,208007,77.87999999999997
12,208055,77.87999999999997
12,208083,77.87999999999997
12,208131,77.87999999999997
12,208133,77.87999999999997
12,208181,77.87999999999997
12,208205,77.87999999999997
12,208231,77.87999999999997
12,208255,77.87999999999997
12,208281,77.87999999999997
12,208307,77.87999999999997
12,208353,77.87999999999997
12,208399,77.87999999999997
12,208449,77.87999999999997
12,208475,77.87999999999997
12,208499,77.87999999999997
12,208551,77.87999999999997
12,208601,77.87999999999997
12,208629,77.87999999999997
12,208653,77.87999999999997
12,208685,77.87999999999997
12,208733,77.87999999999997
12,208783,77.87999999999997
12,208833,77.87999999999997
12,208857,77.87999999999997
12,208859,77.87999999999997
12,208883,77.87999999999997
12,208931,77.87999999999997
12,208981,77.87999999999997
12,208983,77.87999999999997
12,209029,77.87999999999997
12,209055,77.87999999999997
12,209103,77.87999999999997
12,209131,77.87999999999997
12,209133,77.87999999999997
12,209135,77.87999999999997
12,209181,77.87999999999997
12,209205,79.43999999999996
12,209231,79.43999999999996
12,209277,79.43999999999996
12,209301,79.43999999999996
12,209347,79.43999999999996
12,209371,79.43999999999996
12,209395,79.43999999999996
12,209397,79.43999999999996
12,209399,79.43999999999996
12,209447,79.43999999999996
12,209471,79.43999999999996
12,209517,79.43999999999996
12,209541,79.43999999999996
12,209587,79.43999999999996
12,209615,85.72000000000001
12,209617,85.72000000000001
12,209641,85.72000000000001
12,209691,85.72000000000001
12,209743,85.72000000000001
12,209767,85.72000000000001
12,209813,85.72000000000001
12,209871,85.72000000000001
12,209919,85.72000000000001
12,209967,85.72000000000001
12,210015,85.72000000000001
12,210017,85.72000000000001
12,210041,92.12000000000002
12,210087,100.74999999999999
12,210137,100.74999999999999
12,210163,100.74999999999999
12,210187,112.18999999999998
12,210233,112.18999999999998
12,210257,112.18999999999998
12,210305,112.18999999999998
12,210331,112.18999999999998
12,210333,112.18999999999998
12,210357,112.18999999999998
12,210381,112.18999999999998
12,210383,112.18999999999998
12,210409,112.18999999999998
12,210457,112.18999999999998
12,210505,112.18999999999998
12,210529,112.18999999999998
12,210553,112.18999999999998
12,210577,112.18999999999998
12,210579,112.18999999999998
12,210631,112.18999999999998
12,210681,112.18999999999998
12,210705,112.18999999999998
12,210755,112.18999999999998
12,210779,112.18999999999998
12,210825,112.18999999999998
12,210849,112.18999999999998
12,210897,112.18999999999998
12,210947,112.18999999999998
12,210971,112.18999999999998
12,211019,112.18999999999998
12,211045,112.18999999999998
12,211047,112.18999999999998
12,211073,112.18999999999998
12,211099,112.18999999999998
12,211101,112.18999999999998
12,211125,112.18999999999998
13,201288,48.71000000000001
13,201314,48.71000000000001
13,205267,48.71000000000001
13,205313,60.65000000000001
13,205315,60.65000000000001
13,205343,60.65000000000001
13,205345,60.65000000000001
13,205369,203.79000000000002
13,205415,203.79000000000002
13,205439,203.79000000000002
13,205487,203.79000000000002
13,205511,209.00000000000003
13,205513,209.00000000000003
13,205537,209.00000000000003
13,205585,209.00000000000003
13,205611,209.00000000000003
13,205657,209.00000000000003
13,205703,209.00000000000003
13,205729,209.00000000000003
13,205775,209.00000000000003
13,205803,209.00000000000003
13,205851,209.00000000000003
13,205875,209.00000000000003
13,205899,209.00000000000003
13,205923,209.00000000000003
13,205973,209.00000000000003
13,206019,209.00000000000003
13,206021,209.00000000000003
13,206071,209.00000000000003
13,206123,209.00000000000003
13,206171,209.00000000000003
13,206217,209.00000000000003
13,206273,209.00000000000003
13,206321,209.00000000000003
13,206349,209.00000000000003
13,206375,209.00000000000003
13,206399,209.00000000000003
13,206423,214.79000000000005
13,206453,214.79000000000005
13,206479,214.79000000000005
13,206531,214.79000000000005
13,206581,214.79000000000005
13,206627,214.79000000000005
13,206651,214.79000000000005
13,206697,214.79000000000005
13,206699,214.79000000000005
13,206723,214.79000000000005
13,206749,214.79000000000005
13,206795,214.79000000000005
13,206845,214.79000000000005
13,206891,214.79000000000005
13,206941,214.79000000000005
13,206987,214.79000000000005
13,206989,214.79000000000005
13,207013,214.79000000000005
13,207059,214.79000000000005
13,207105,214.79000000000005
13,207153,214.79000000000005
13,207155,214.79000000000005
13,207157,214.79000000000005
13,207185,214.79000000000005
13,207187,214.79000000000005
13,207189,214.79000000000005
13,207239,214.79000000000005
13,207263,214.79000000000005
13,207311,214.79000000000005
13,207337,214.79000000000005
13,207365,214.79000000000005
13,207415,214.79000000000005
13,207465,214.79000000000005
13,207517,214.79000000000005
13,207545,214.79000000000005
13,207593,214.79000000000005
13,207595,214.79000000000005
13,207625,214.79000000000005
13,207651,214.79000000000005
13,207697,214.79000000000005
13,207699,214.79000000000005
13,207723,214.79000000000005
13,207777,214.79000000000005
13,207825,214.79000000000005
13,207827,214.79000000000005
13,207829,214.79000000000005
13,207879,214.79000000000005
13,207927,214.79000000000005
13,207951,214.79000000000005
13,207977,214.79000000000005
13,208027,214.79000000000005
13,208051,214.79000000000005
13,208075,214.79000000000005
13,208099,214.79000000000005
13,208123,214.79000000000005
13,208169,214.79000000000005
13,208193,214.79000000000005
13,208217,214.79000000000005
13,208219,214.79000000000005
13,208243,214.79000000000005
13,208269,214.79000000000005
13,208317,214.79000000000005
13,208343,214.79000000000005
13,208367,214.79000000000005
13,208395,214.79000000000005
13,208443,214.79000000000005
13,208445,214.79000000000005
13,208447,214.79000000000005
13,208449,214.79000000000005
13,208473,214.79000000000005
13,208497,214.79000000000005
13,208499,214.79000000000005
13,208525,214.79000000000005
13,208549,214.79000000000005
13,208573,214.79000000000005
13,208597,214.79000000000005
13,208623,214.79000000000005
13,208677,214.79000000000005
13,208723,214.79000000000005
13,208769,214.79000000000005
13,208793,214.79000000000005
13,208817,214.79000000000005
13,208819,214.79000000000005
13,208843,214.79000000000005
13,208845,214.79000000000005
13,208847,214.79000000000005
13,208871,214.79000000000005
13,208919,214.79000000000005
13,208965,214.79000000000005
13,208967,214.79000000000005
13,208991,214.79000000000005
13,208993,214.79000000000005
13,209041,214.79000000000005
13,209089,214.79000000000005
13,209141,214.79000000000005
13,209165,214.79000000000005
13,209189,214.79000000000005
13,209191,214.79000000000005
13,209215,214.79000000000005
13,209263,214.79000000000005
13,209289,214.79000000000005
13,209339,214.79000000000005
13,209385,214.79000000000005
13,209433,214.79000000000005
13,209457,214.79000000000005
13,209505,214.79000000000005
13,209551,214.79000000000005
13,209575,214.79000000000005
13,209623,214.79000000000005
13,209671,214.79000000000005
13,209719,214.79000000000005
13,209743,214.79000000000005
13,209767,214.79000000000005
13,209813,214.79000000000005
13,209839,214.79000000000005
13,209863,214.79000000000005
13,209915,214.79000000000005
13,209939,214.79000000000005
13,209985,214.79000000000005
13,210009,214.79000000000005
13,210057,214.79000000000005
13,210059,214.79000000000005
13,210109,214.79000000000005
13,210159,214.79000000000005
13,210185,214.79000000000005
13,210211,214.79000000000005
13,210213,214.79000000000005
13,210241,214.79000000000005
13,210287,214.79000000000005
13,210333,214.79000000000005
13,210379,214.79000000000005
13,210427,214.79000000000005
13,210451,214.79000000000005
13,210477,214.79000000000005
13,210505,214.79000000000005
13,210529,214.79000000000005
13,210555,214.79000000000005
13,210601,214.79000000000005
13,210651,214.79000000000005
13,210699,214.79000000000005
13,210723,214.79000000000005
13,210769,214.79000000000005
13,210795,214.79000000000005
13,210819,214.79000000000005
13,210867,214.79000000000005
13,210891,214.79000000000005
13,210915,214.79000000000005
13,210939,214.79000000000005
13,210941,214.79000000000005
13,210991,214.79000000000005
13,211039,214.79000000000005
13,211085,214.79000000000005
13,211135,214.79000000000005
13,211161,214.79000000000005
13,211207,214.79000000000005
13,211235,214.79000000000005
13,211283,214.79000000000005
14,201428,44.46000000000002
14,205589,44.46000000000002
14,205637,44.46000000000002
14,205663,44.46000000000002
14,205687,44.46000000000002
14,205713,44.46000000000002
14,205715,44.46000000000002
14,205739,44.46000000000002
14,205765,44.46000000000002
14,205791,44.46000000000002
14,205815,53.23
14,205861,53.23
14,205887,53.23
14,205911,53.23
14,205913,53.23
14,205937,53.23
14,205983,53.23
14,206037,53.23
14,206083,53.23
14,206131,58.25000000000001
14,206155,58.25000000000001
14,206157,58.25000000000001
14,206159,58.25000000000001
14,206183,58.25000000000001
14,206209,58.25000000000001
14,206233,58.25000000000001
14,206281,58.25000000000001
14,206327,58.25000000000001
14,206379,62.30000000000002
14,206427,62.30000000000002
14,206477,62.30000000000002
14,206523,62.30000000000002
14,206575,62.30000000000002
14,206629,62.30000000000002
14,206631,62.30000000000002
14,206655,62.30000000000002
14,206701,62.30000000000002
14,206725,62.30000000000002
14,206771,62.30000000000002
14,206795,62.30000000000002
14,206843,62.30000000000002
14,206867,62.30000000000002
14,206897,66.34000000000002
14,206943,66.34000000000002
14,206991,66.34000000000002
14,207037,66.34000000000002
14,207065,66.34000000000002
14,207111,66.34000000000002
14,207135,66.34000000000002
14,207161,66.34000000000002
14,207187,66.34000000000002
14,207233,66.34000000000002
14,207283,66.34000000000002
14,207331,66.34000000000002
14,207379,66.34000000000002
14,207405,66.34000000000002
14,207451,66.34000000000002
14,207479,66.34000000000002
14,207503,66.34000000000002
14,207555,66.34000000000002
14,207603,66.34000000000002
14,207627,66.34000000000002
14,207657,66.34000000000002
14,207681,66.56999999999998
14,207729,66.56999999999998
14,207781,66.56999999999998
14,207783,70.10000000000001
14,207833,70.10000000000001
14,207859,70.10000000000001
14,207885,70.10000000000001
14,207931,70.10000000000001
14,207955,70.10000000000001
14,208001,70.10000000000001
14,208025,70.10000000000001
14,208049,70.10000000000001
14,208073,70.10000000000001
14,208123,70.10000000000001
14,208169,70.10000000000001
14,208193,70.10000000000001
14,208243,70.10000000000001
14,208267,70.10000000000001
14,208291,70.10000000000001
14,208315,70.10000000000001
14,208363,70.10000000000001
14,208411,70.10000000000001
14,208461,70.10000000000001
14,208463,70.10000000000001
14,208487,70.10000000000001
14,208541,70.10000000000001
14,208589,70.10000000000001
14,208637,70.10000000000001
14,208663,70.10000000000001
14,208711,85.8
14,208735,85.8
14,208783,85.8
14,208785,85.8
14,208831,85.8
14,208877,85.8
14,208927,85.8
14,208973,85.8
14,209001,85.8
14,209027,85.8
14,209053,85.8
14,209103,85.8
14,209131,85.8
14,209155,85.8
14,209205,85.8
14,209253,85.8
14,209277,85.8
14,209327,85.8
14,209373,85.8
14,209399,85.8
14,209445,85.8
14,209473,85.8
14,209523,85.8
14,209547,85.8
14,209549,85.8
14,209573,85.8
14,209623,85.8
14,209669,85.8
14,209719,85.8
14,209769,85.8
14,209815,85.8
14,209817,85.8
14,209867,85.8
14,209893,85.8
14,209939,85.8
14,209963,85.8
14,210013,85.8
14,210059,85.8
14,210083,85.8
14,210131,85.8
14,210183,85.8
14,210229,85.8
14,210253,85.8
14,210299,85.8
14,210323,85.8
14,210373,85.8
14,210401,85.8
14,210447,85.8
14,210475,85.8
14,210523,85.8
14,210525,85.8
14,210549,85.8
14,210595,85.8
14,210643,85.8
14,210695,85.8
14,210725,85.8
14,210749,85.8
14,210775,85.8
14,210827,85.8
14,210875,85.8
14,210923,85.8
14,210947,85.8
14,210971,85.8
14,211019,85.8
14,211043,85.8
14,211067,85.8
14,211091,85.8
14,211093,85.8
14,211139,85.8
14,211189,85.8
14,211217,85.8
14,211241,86.62999999999997
14,211267,86.62999999999997
14,211313,86.62999999999997
14,211339,102.04000000000005
14,211389,102.04000000000005
15,200632,59.29999999999997
15,200680,59.29999999999997
15,200708,59.29999999999997
15,200732,59.29999999999997
15,200758,59.29999999999997
15,200782,59.29999999999997
15,200784,59.29999999999997
15,200810,59.29999999999997
15,200834,59.29999999999997
15,200860,59.29999999999997
15,200884,59.29999999999997
15,200910,59.29999999999997
15,200956,59.29999999999997
15,200980,59.29999999999997
15,201004,59.29999999999997
15,201030,59.29999999999997
15,201080,59.29999999999997
15,205197,59.29999999999997
15,205245,59.29999999999997
15,205269,59.29999999999997
15,205293,59.29999999999997
15,205341,59.29999999999997
15,205369,59.29999999999997
15,205395,59.29999999999997
15,205419,65.79000000000002
15,205467,65.79000000000002
15,205519,65.79000000000002
15,205545,65.79000000000002
15,205595,65.79000000000002
15,205619,65.79000000000002
15,205667,65.79000000000002
15,205669,65.79000000000002
15,205693,65.79000000000002
15,205717,65.79000000000002
15,205769,65.79000000000002
15,205793,65.79000000000002
15,205839,65.79000000000002
15,205887,65.79000000000002
15,205911,65.79000000000002
15,205939,65.79000000000002
15,205963,65.79000000000002
15,206009,65.79000000000002
15,206041,65.79000000000002
15,206043,65.79000000000002
15,206089,65.79000000000002
15,206137,65.79000000000002
15,206161,65.79000000000002
15,206187,65.79000000000002
15,206211,65.79000000000002
15,206237,65.79000000000002
15,206239,65.79000000000002
15,206265,65.79000000000002
15,206289,65.79000000000002
15,206335,65.79000000000002
15,206361,65.79000000000002
15,206385,65.79000000000002
15,206409,65.79000000000002
15,206433,65.79000000000002
15,206461,65.79000000000002
15,206485,65.79000000000002
15,206487,65.79000000000002
15,206535,65.79000000000002
15,206559,65.79000000000002
15,206605,65.79000000000002
15,206651,65.79000000000002
15,206701,65.79000000000002
15,206725,65.79000000000002
15,206771,65.79000000000002
15,206817,65.79000000000002
15,206863,65.79000000000002
15,206909,65.79000000000002
15,206955,66.51000000000002
15,206981,69.12999999999998
15,207005,69.12999999999998
15,207029,69.12999999999998
15,207079,69.12999999999998
15,207081,69.12999999999998
15,207105,69.12999999999998
15,207153,70.12999999999998
15,207199,70.12999999999998
15,207249,70.12999999999998
15,207275,70.12999999999998
15,207301,70.12999999999998
15,207327,70.12999999999998
15,207329,70.12999999999998
15,207377,70.12999999999998
15,207403,70.12999999999998
15,207451,70.45999999999998
15,207499,70.45999999999998
15,207549,70.45999999999998
15,207595,75.27000000000002
15,207619,75.27000000000002
15,207669,75.27000000000002
15,207671,75.27000000000002
15,207721,75.27000000000002
15,207767,75.27000000000002
15,207791,75.27000000000002
15,207837,75.27000000000002
15,207885,75.27000000000002
15,207937,75.27000000000002
15,207965,75.27000000000002
15,207991,75.27000000000002
15,208015,75.27000000000002
15,208067,75.27000000000002
15,208115,75.27000000000002
15,208161,75.27000000000002
15,208185,75.27000000000002
15,208211,75.27000000000002
15,208235,75.27000000000002
15,208283,75.27000000000002
15,208333,75.27000000000002
15,208359,75.27000000000002
15,208361,75.27000000000002
15,208407,75.27000000000002
15,208409,75.27000000000002
15,208459,90.42999999999998
15,208483,90.42999999999998
15,208529,90.42999999999998
15,208553,90.42999999999998
15,208601,90.42999999999998
15,208653,90.42999999999998
15,208681,90.42999999999998
15,208731,90.42999999999998
15,208755,90.42999999999998
15,208779,92.9
15,208833,92.9
15,208835,92.9
15,208887,92.9
15,208913,92.9
15,208965,92.9
15,209011,92.9
15,209013,92.9
15,209039,92.9
15,209087,92.9
15,209111,92.9
15,209157,105.23000000000002
15,209205,105.23000000000002
15,209231,105.23000000000002
15,209255,105.23000000000002
15,209279,105.23000000000002
15,209329,105.23000000000002
15,209377,105.23000000000002
15,209401,105.23000000000002
15,209403,105.23000000000002
15,209451,105.23000000000002
15,209475,105.23000000000002
15,209521,105.23000000000002
15,209571,105.23000000000002
15,209619,105.23000000000002
15,209645,105.23000000000002
15,209669,105.23000000000002
15,209693,105.23000000000002
15,209741,105.23000000000002
15,209791,105.23000000000002
15,209839,105.23000000000002
15,209885,105.23000000000002
15,209913,105.23000000000002
15,209939,105.23000000000002
15,209963,105.23000000000002
15,209987,105.23000000000002
15,210013,105.23000000000002
15,210061,105.23000000000002
15,210113,105.23000000000002
15,210115,105.23000000000002
15,210139,105.23000000000002
15,210191,105.23000000000002
15,210219,105.23000000000002
15,210267,105.23000000000002
15,210313,105.23000000000002
15,210337,105.23000000000002
15,210383,105.23000000000002
15,210407,105.23000000000002
15,210433,114.39999999999992
15,210479,114.39999999999992
15,210525,114.39999999999992
15,210551,114.39999999999992
15,210599,114.39999999999992
15,210623,114.39999999999992
16,200954,41.07000000000001
16,200978,52.430000000000014
16,201024,52.430000000000014
16,201048,52.430000000000014
16,201100,52.430000000000014
16,201124,52.430000000000014
16,205085,52.430000000000014
16,205135,52.430000000000014
16,205161,52.430000000000014
16,205209,52.430000000000014
16,205233,52.430000000000014
16,205257,52.430000000000014
16,205281,52.430000000000014
16,205309,52.430000000000014
16,205355,52.430000000000014
16,205381,52.430000000000014
16,205405,52.430000000000014
16,205429,52.430000000000014
16,205431,52.430000000000014
16,205477,52.430000000000014
16,205531,52.430000000000014
16,205557,52.430000000000014
16,205603,52.430000000000014
16,205605,52.430000000000014
16,205653,52.430000000000014
16,205699,52.50000000000001
16,205723,52.50000000000001
16,205769,64.78000000000003
16,205793,64.78000000000003
16,205795,64.78000000000003
16,205819,64.78000000000003
16,205873,64.78000000000003
16,205919,64.78000000000003
16,205945,64.78000000000003
16,205947,64.78000000000003
16,205949,64.78000000000003
16,205995,78.96999999999998
16,206019,78.96999999999998
16,206073,78.96999999999998
16,206101,78.96999999999998
16,206155,78.96999999999998
16,206205,78.96999999999998
16,206229,78.96999999999998
16,206277,78.96999999999998
16,206279,78.96999999999998
16,206305,78.96999999999998
16,206329,78.96999999999998
16,206353,78.96999999999998
16,206399,78.96999999999998
16,206425,78.96999999999998
16,206449,78.96999999999998
16,206475,78.96999999999998
16,206521,78.96999999999998
16,206547,78.96999999999998
16,206597,78.96999999999998
16,206643,78.96999999999998
16,206671,78.96999999999998
16,206723,78.96999999999998
16,206747,78.96999999999998
16,206773,78.96999999999998
16,206799,78.96999999999998
16,206845,78.96999999999998
16,206869,78.96999999999998
16,206871,78.96999999999998
16,206919,78.96999999999998
16,206967,78.96999999999998
16,207017,78.96999999999998
16,207041,78.96999999999998
16,207087,78.96999999999998
16,207113,78.96999999999998
16,207137,78.96999999999998
16,207189,78.96999999999998
16,207215,78.96999999999998
16,207265,78.96999999999998
16,207311,78.96999999999998
16,207361,78.96999999999998
16,207387,78.96999999999998
16,207433,78.96999999999998
16,207479,78.96999999999998
16,207481,78.96999999999998
16,207509,78.96999999999998
16,207533,78.96999999999998
16,207535,78.96999999999998
16,207559,78.96999999999998
16,207561,78.96999999999998
16,207611,78.96999999999998
16,207659,87.92000000000003
16,207687,87.92000000000003
16,207713,87.92000000000003
16,207763,87.92000000000003
16,207791,87.92000000000003
16,207841,87.92000000000003
16,207843,87.92000000000003
16,207869,87.92000000000003
16,207917,87.92000000000003
16,207941,87.92000000000003
16,207965,87.92000000000003
16,207989,87.92000000000003
16,208035,87.92000000000003
16,208059,87.92000000000003
16,208085,87.92000000000003
16,208133,99.62000000000003
16,208159,99.62000000000003
16,208183,99.62000000000003
16,208231,99.62000000000003
16,208255,99.62000000000003
16,208301,99.62000000000003
16,208325,99.62000000000003
16,208373,99.62000000000003
16,208397,99.62000000000003
16,208443,99.62000000000003
16,208489,99.62000000000003
16,208537,99.62000000000003
16,208585,99.62000000000003
16,208633,99.62000000000003
16,208657,99.62000000000003
16,208681,99.62000000000003
16,208705,99.62000000000003
16,208731,99.62000000000003
16,208755,99.62000000000003
16,208803,106.36999999999998
16,208827,106.36999999999998
16,208829,106.36999999999998
16,208875,106.36999999999998
16,208899,106.36999999999998
16,208949,106.36999999999998
16,208951,106.36999999999998
16,208977,106.36999999999998
16,209023,106.36999999999998
16,209069,106.36999999999998
16,209093,106.36999999999998
16,209117,106.36999999999998
16,209141,106.36999999999998
16,209167,106.36999999999998
16,209169,106.36999999999998
16,209195,106.36999999999998
16,209221,106.36999999999998
16,209251,106.36999999999998
16,209299,106.36999999999998
16,209345,106.36999999999998
16,209347,106.36999999999998
16,209397,106.36999999999998
16,209423,106.36999999999998
16,209447,106.36999999999998
16,209493,106.36999999999998
16,209543,106.36999999999998
16,209591,106.36999999999998
16,209593,106.36999999999998
16,209595,106.36999999999998
16,209621,106.36999999999998
16,209649,106.36999999999998
16,209675,106.36999999999998
16,209701,106.36999999999998
16,209749,106.36999999999998
16,209751,106.36999999999998
16,209753,106.36999999999998
16,209799,106.36999999999998
16,209847,112.11
16,209849,112.11
16,209899,112.11
16,209925,112.11
16,209949,112.11
16,209995,112.11
16,209997,112.11
16,210021,112.11
16,210023,112.11
16,210025,112.11
16,210049,112.11
16,210051,112.11
16,210053,112.11
16,210101,112.11
16,210103,112.11
16,210127,112.11
16,210173,112.11
16,210221,112.11
16,210247,112.11
16,210293,112.11
16,210317,112.11
16,210341,112.11
16,210371,112.11
16,210399,112.11
16,210447,112.11
16,210471,112.11
16,210495,112.11
16,210525,112.11
16,210549,112.11
16,210577,112.11
16,210601,112.11
16,210603,112.11
16,210651,112.11
16,210653,112.11
16,210655,112.11
16,210683,112.11
16,210707,112.11
16,210731,112.11
16,210733,112.11
16,210757,112.11
16,210803,112.11
16,210827,112.11
16,210853,112.11
16,210899,112.11
16,210949,112.11
17,200294,42.00999999999999
17,200318,42.81
17,200364,64.19999999999999
17,200414,64.19999999999999
17,200440,64.19999999999999
17,200490,64.19999999999999
17,200544,64.19999999999999
17,200568,64.19999999999999
17,204685,64.19999999999999
17,204731,64.19999999999999
17,204785,64.19999999999999
17,204787,64.19999999999999
17,204811,64.19999999999999
17,204859,64.19999999999999
17,204883,64.19999999999999
17,204931,64.19999999999999
17,204983,64.19999999999999
17,205007,64.19999999999999
17,205009,64.19999999999999
17,205033,64.19999999999999
17,205081,64.19999999999999
17,205107,64.19999999999999
17,205153,64.19999999999999
17,205177,64.19999999999999
17,205205,64.19999999999999
17,205229,64.19999999999999
17,205231,64.19999999999999
17,205277,64.19999999999999
17,205303,64.19999999999999
17,205327,64.19999999999999
17,205329,64.19999999999999
17,205353,64.19999999999999
17,205399,65.14999999999998
17,205447,65.14999999999998
17,205449,65.14999999999998
17,205451,65.14999999999998
17,205499,78.54
17,205545,78.54
17,205547,78.54
17,205593,78.54
17,205595,78.54
17,205643,78.54
17,205695,78.54
17,205741,78.54
17,205771,78.54
17,205795,78.54
17,205843,78.54
17,205889,78.54
17,205913,78.54
17,205937,78.54
17,205961,106.02
17,206009,106.02
17,206035,106.02
17,206061,107.20999999999997
17,206109,107.20999999999997
17,206133,107.20999999999997
17,206161,107.20999999999997
17,206189,107.20999999999997
17,206239,107.20999999999997
17,206263,107.20999999999997
17,206311,107.20999999999997
17,206335,107.20999999999997
17,206363,107.20999999999997
17,206409,107.20999999999997
17,206457,107.20999999999997
17,206503,107.20999999999997
17,206553,107.20999999999997
17,206605,107.20999999999997
17,206633,107.20999999999997
17,206657,107.20999999999997
17,206681,107.20999999999997
17,206705,107.20999999999997
17,206729,107.20999999999997
17,206775,107.20999999999997
17,206799,107.20999999999997
17,206827,107.20999999999997
17,206829,107.20999999999997
17,206877,107.20999999999997
17,206927,107.20999999999997
17,206977,107.20999999999997
17,206979,107.20999999999997
17,207027,107.20999999999997
17,207029,107.20999999999997
17,207081,107.20999999999997
17,207109,107.20999999999997
17,207157,107.20999999999997
17,207159,107.20999999999997
17,207161,107.20999999999997
17,207187,107.20999999999997
17,207233,107.20999999999997
17,207281,107.20999999999997
17,207283,107.20999999999997
17,207307,107.20999999999997
17,207357,110.79999999999993
17,207383,110.79999999999993
17,207433,110.79999999999993
17,207457,110.79999999999993
17,207481,110.79999999999993
17,207483,110.79999999999993
17,207507,110.79999999999993
17,207553,110.79999999999993
17,207555,110.79999999999993
17,207601,110.79999999999993
17,207649,110.79999999999993
17,207677,110.79999999999993
17,207701,110.79999999999993
17,207747,110.79999999999993
17,207797,110.79999999999993
17,207799,110.79999999999993
17,207849,110.79999999999993
17,207877,110.79999999999993
17,207923,114.36000000000004
17,207971,114.36000000000004
17,208019,114.36000000000004
17,208043,114.36000000000004
17,208067,114.36000000000004
17,208091,131.65999999999997
17,208139,131.65999999999997
17,208163,131.65999999999997
17,208189,131.65999999999997
17,208213,131.65999999999997
17,208237,131.65999999999997
17,208287,131.65999999999997
17,208337,131.65999999999997
17,208383,131.65999999999997
17,208385,131.65999999999997
17,208387,131.65999999999997
17,208413,131.65999999999997
17,208443,131.65999999999997
17,208445,131.65999999999997
17,208469,131.65999999999997
17,208495,131.65999999999997
17,208521,131.65999999999997
17,208523,131.65999999999997
17,208571,131.65999999999997
17,208595,131.65999999999997
17,208621,131.65999999999997
17,208675,131.65999999999997
17,208699,131.65999999999997
17,208745,131.65999999999997
17,208791,131.65999999999997
17,208817,131.65999999999997
17,208841,131.65999999999997
17,208843,131.65999999999997
17,208891,131.65999999999997
17,208915,131.65999999999997
17,208965,131.65999999999997
17,208993,131.65999999999997
17,209017,131.65999999999997
17,209019,131.65999999999997
17,209045,131.65999999999997
17,209091,131.65999999999997
17,209139,135.93999999999988
17,209185,135.93999999999988
17,209231,135.93999999999988
17,209233,135.93999999999988
17,209281,135.93999999999988
17,209305,135.93999999999988
17,209357,135.93999999999988
17,209383,135.93999999999988
17,209407,135.93999999999988
17,209433,135.93999999999988
17,209463,135.93999999999988
17,209491,135.93999999999988
17,209517,135.93999999999988
17,209543,135.93999999999988
17,209595,135.93999999999988
17,209641,135.93999999999988
17,209687,135.93999999999988
17,209689,135.93999999999988
17,209715,135.93999999999988
17,209739,135.93999999999988
17,209741,135.93999999999988
17,209767,135.93999999999988
17,209795,135.93999999999988
17,209823,135.93999999999988
17,209851,135.93999999999988
17,209853,135.93999999999988
17,209883,135.93999999999988
17,209885,135.93999999999988
17,209911,135.93999999999988
17,209935,135.93999999999988
17,209937,135.93999999999988
17,209961,135.93999999999988
17,209985,135.93999999999988
17,210013,135.93999999999988
17,210059,135.93999999999988
17,210061,135.93999999999988
17,210113,135.93999999999988
17,210159,135.93999999999988
17,210205,135.93999999999988
17,210231,135.93999999999988
17,210277,135.93999999999988
17,210303,135.93999999999988
18,200636,45.54000000000004
18,200664,45.54000000000004
18,204547,45.54000000000004
18,204571,45.54000000000004
18,204597,45.54000000000004
18,204645,45.54000000000004
18,204669,57.30999999999999
18,204671,57.30999999999999
18,204721,57.30999999999999
18,204775,57.30999999999999
18,204799,57.30999999999999
18,204823,57.30999999999999
18,204875,57.30999999999999
18,204899,57.30999999999999
18,204923,57.30999999999999
18,204925,57.30999999999999
18,204951,57.30999999999999
18,204997,57.30999999999999
18,205021,57.30999999999999
18,205045,59.01
18,205097,59.01
18,205143,59.01
18,205145,59.01
18,205171,59.01
18,205197,59.01
18,205245,59.01
18,205291,59.01
18,205315,59.01
18,205343,59.01
18,205395,59.01
18,205421,59.01
18,205467,59.01
18,205491,59.01
18,205519,59.01
18,205565,59.01
18,205613,59.01
18,205615,59.01
18,205639,59.01
18,205663,59.01
18,205709,81.26999999999998
18,205755,81.26999999999998
18,205781,81.26999999999998
18,205805,81.26999999999998
18,205829,81.26999999999998
18,205875,81.26999999999998
18,205927,81.26999999999998
18,205951,81.26999999999998
18,205953,81.26999999999998
18,206007,81.26999999999998
18,206055,81.26999999999998
18,206057,81.26999999999998
18,206103,81.26999999999998
18,206155,81.26999999999998
18,206179,81.26999999999998
18,206225,81.26999999999998
18,206249,81.26999999999998
18,206273,81.26999999999998
18,206297,81.26999999999998
18,206323,81.26999999999998
18,206371,81.26999999999998
18,206417,81.26999999999998
18,206419,81.26999999999998
18,206421,81.26999999999998
18,206469,81.26999999999998
18,206493,81.26999999999998
18,206517,81.26999999999998
18,206541,81.26999999999998
18,206589,81.26999999999998
18,206635,81.26999999999998
18,206659,81.26999999999998
18,206683,81.26999999999998
18,206707,81.26999999999998
18,206757,81.26999999999998
18,206783,81.26999999999998
18,206807,81.26999999999998
18,206853,81.26999999999998
18,206877,81.26999999999998
18,206901,81.26999999999998
18,206949,81.26999999999998
18,206951,81.26999999999998
18,206997,81.26999999999998
18,207043,81.26999999999998
18,207069,81.26999999999998
18,207093,81.26999999999998
18,207117,81.26999999999998
18,207141,81.26999999999998
18,207191,81.26999999999998
18,207193,81.26999999999998
18,207241,81.26999999999998
18,207243,81.26999999999998
18,207269,81.26999999999998
18,207325,81.26999999999998
18,207349,81.26999999999998
18,207395,81.26999999999998
18,207441,81.26999999999998
18,207465,81.26999999999998
18,207489,81.26999999999998
18,207539,81.26999999999998
18,207565,81.26999999999998
18,207613,81.26999999999998
18,207637,81.26999999999998
18,207661,81.26999999999998
18,207713,81.26999999999998
18,207737,81.26999999999998
18,207763,81.26999999999998
18,207809,81.74000000000001
18,207835,81.74000000000001
18,207883,81.74000000000001
18,207909,81.74000000000001
18,207937,81.74000000000001
18,207939,81.74000000000001
18,207965,81.74000000000001
18,207995,81.74000000000001
18,208041,81.74000000000001
18,208093,81.74000000000001
18,208141,81.74000000000001
18,208165,81.74000000000001
18,208189,81.74000000000001
18,208239,81.74000000000001
18,208289,81.74000000000001
18,208335,81.74000000000001
18,208361,81.74000000000001
18,208409,81.74000000000001
18,208433,81.74000000000001
18,208457,81.74000000000001
18,208505,81.74000000000001
18,208551,81.74000000000001
18,208575,81.74000000000001
18,208601,81.74000000000001
18,208627,81.74000000000001
18,208677,81.74000000000001
18,208703,81.74000000000001
18,208729,81.74000000000001
18,208775,81.74000000000001
18,208823,81.74000000000001
18,208851,81.74000000000001
18,208875,81.74000000000001
18,208899,81.74000000000001
18,208923,86.42999999999994
18,208947,86.42999999999994
18,208973,86.42999999999994
18,208997,86.42999999999994
18,209021,86.42999999999994
18,209071,86.42999999999994
18,209095,86.42999999999994
18,209119,86.42999999999994
18,209143,86.42999999999994
18,209191,86.42999999999994
18,209215,86.42999999999994
18,209265,86.42999999999994
18,209315,86.42999999999994
18,209341,86.42999999999994
18,209387,86.42999999999994
18,209413,86.42999999999994
18,209441,86.42999999999994
18,209465,86.42999999999994
18,209511,86.42999999999994
18,209513,86.42999999999994
18,209539,86.42999999999994
18,209563,86.42999999999994
18,209565,86.42999999999994
18,209613,86.42999999999994
18,209661,86.42999999999994
18,209687,86.42999999999994
18,209689,86.42999999999994
18,209717,86.42999999999994
18,209767,86.42999999999994
18,209769,86.42999999999994
18,209815,86.42999999999994
18,209843,86.42999999999994
18,209891,86.42999999999994
18,209943,86.42999999999994
18,209967,86.42999999999994
18,209969,86.42999999999994
18,209971,86.42999999999994
18,209973,86.42999999999994
18,210019,86.42999999999994
18,210043,86.42999999999994
18,210067,86.42999999999994
18,210093,86.42999999999994
18,210117,86.42999999999994
18,210171,86.42999999999994
18,210197,86.42999999999994
18,210247,86.42999999999994
18,210275,86.42999999999994
18,210323,86.42999999999994
18,210347,86.42999999999994
18,210373,86.42999999999994
18,210419,119.89999999999999
18,210469,119.89999999999999
18,210517,119.89999999999999
18,210543,119.89999999999999
18,210569,119.89999999999999
18,210595,119.89999999999999
18,210597,119.89999999999999
18,210621,119.89999999999999
19,201460,40.28999999999999
19,201492,40.28999999999999
19,201516,44.00999999999998
19,201562,44.00999999999998
19,201586,48.970000000000006
19,201588,48.970000000000006
19,201636,48.970000000000006
19,201686,48.970000000000006
19,201742,48.970000000000006
19,201766,49.070000000000014
19,201812,50.79999999999999
19,201864,50.79999999999999
19,201912,50.79999999999999
19,201942,50.79999999999999
19,201966,50.79999999999999
19,201992,50.79999999999999
19,206167,50.79999999999999
19,206215,50.79999999999999
19,206265,50.79999999999999
19,206291,50.79999999999999
19,206315,50.79999999999999
19,206365,53.63999999999997
19,206413,53.63999999999997
19,206415,53.63999999999997
19,206465,53.63999999999997
19,206513,53.63999999999997
19,206515,54.63000000000002
19,206539,58.459999999999994
19,206565,58.459999999999994
19,206593,58.459999999999994
19,206639,58.459999999999994
19,206641,58.459999999999994
19,206643,58.459999999999994
19,206691,58.459999999999994
19,206719,58.459999999999994
19,206771,58.459999999999994
19,206817,58.459999999999994
19,206867,58.459999999999994
19,206893,58.459999999999994
19,206919,58.459999999999994
19,206921,58.459999999999994
19,206947,58.459999999999994
19,206971,58.459999999999994
19,206995,58.459999999999994
19,207049,58.459999999999994
19,207073,58.459999999999994
19,207121,58.459999999999994
19,207123,58.459999999999994
19,207125,58.459999999999994
19,207149,58.459999999999994
19,207195,58.459999999999994
19,207245,58.459999999999994
19,207247,58.459999999999994
19,207295,58.459999999999994
19,207323,58.459999999999994
19,207371,58.459999999999994
19,207397,58.459999999999994
19,207421,61.480000000000025
19,207445,61.480000000000025
19,207491,63.379999999999995
19,207537,63.379999999999995
19,207583,63.379999999999995
19,207629,63.379999999999995
19,207653,63.379999999999995
19,207677,63.379999999999995
19,207725,63.379999999999995
19,207773,63.379999999999995
19,207799,63.379999999999995
19,207827,63.379999999999995
19,207851,63.379999999999995
19,207877,63.379999999999995
19,207925,63.379999999999995
19,207977,63.379999999999995
19,208001,63.379999999999995
19,208025,63.379999999999995
19,208057,63.379999999999995
19,208107,63.379999999999995
19,208131,63.379999999999995
19,208155,63.379999999999995
19,208157,63.379999999999995
19,208205,64.5
19,208251,64.5
19,208275,64.5
19,208277,64.5
19,208279,64.5
19,208307,64.5
19,208331,64.5
19,208333,64.5
19,208357,64.5
19,208381,76.02000000000005
19,208405,76.02000000000005
19,208453,76.02000000000005
19,208477,76.02000000000005
19,208479,76.02000000000005
19,208507,76.02000000000005
19,208561,76.02000000000005
19,208587,76.02000000000005
19,208633,76.02000000000005
19,208661,76.02000000000005
19,208707,76.02000000000005
19,208753,76.02000000000005
19,208781,76.02000000000005
19,208783,76.53
19,208785,76.53
19,208809,76.53
19,208861,76.53
19,208863,76.53
19,208865,76.53
19,208913,76.53
19,208939,76.53
19,208967,76.53
19,208991,76.53
19,209037,76.53
19,209039,76.53
19,209063,76.53
19,209087,76.53
19,209115,76.53
19,209139,76.53
19,209141,76.53
19,209165,76.53
19,209211,76.53
19,209257,79.71000000000004
19,209281,79.71000000000004
19,209305,79.71000000000004
19,209333,79.71000000000004
19,209361,79.71000000000004
19,209363,79.71000000000004
19,209387,79.71000000000004
19,209413,79.71000000000004
19,209459,79.71000000000004
19,209507,79.71000000000004
19,209531,79.71000000000004
19,209577,79.71000000000004
19,209601,79.71000000000004
19,209625,79.71000000000004
19,209649,79.71000000000004
19,209697,79.71000000000004
19,209723,79.71000000000004
19,209769,79.71000000000004
19,209817,79.71000000000004
19,209863,79.71000000000004
19,209887,80.75000000000001
19,209913,80.75000000000001
19,209915,80.75000000000001
19,209963,80.75000000000001
19,209987,80.75000000000001
19,209989,80.75000000000001
19,210013,80.75000000000001
19,210037,80.75000000000001
19,210039,80.75000000000001
19,210091,80.75000000000001
19,210119,80.75000000000001
19,210121,80.75000000000001
19,210151,80.75000000000001
19,210203,80.75000000000001
19,210249,80.75000000000001
19,210295,80.75000000000001
19,210319,88.08000000000003
19,210369,88.08000000000003
19,210415,88.08000000000003
19,210417,88.08000000000003
19,210441,88.08000000000003
19,210487,88.08000000000003
19,210537,88.08000000000003
19,210539,88.08000000000003
19,210565,88.08000000000003
19,210591,88.08000000000003
19,210615,88.08000000000003
19,210617,88.08000000000003
19,210641,89.32999999999997
19,210665,89.32999999999997
19,210713,89.32999999999997
19,210715,89.32999999999997
19,210767,89.32999999999997
19,210769,89.32999999999997
19,210793,89.32999999999997
19,210841,89.32999999999997
19,210843,89.32999999999997
19,210867,89.32999999999997
19,210869,89.32999999999997
19,210895,89.32999999999997
19,210897,89.32999999999997
19,210921,89.32999999999997
19,210971,89.32999999999997
19,210995,89.32999999999997
19,211021,89.32999999999997
19,211047,89.32999999999997
19,211073,89.32999999999997
19,211099,89.32999999999997
19,211101,89.32999999999997
19,211103,89.32999999999997
19,211133,89.32999999999997
19,211179,89.32999999999997
19,211225,89.32999999999997
19,211275,89.32999999999997
19,211327,89.32999999999997
19,211379,89.32999999999997
19,211381,89.32999999999997
19,211429,89.32999999999997
19,211481,89.32999999999997
20,200566,39.66
20,200590,56.139999999999986
20,200614,56.139999999999986
20,204707,56.139999999999986
20,204731,56.139999999999986
20,204779,56.139999999999986
20,204781,56.139999999999986
20,204783,56.139999999999986
20,204811,56.139999999999986
20,204857,56.139999999999986
20,204881,56.139999999999986
20,204931,56.139999999999986
20,204957,56.139999999999986
20,205005,56.139999999999986
20,205031,56.139999999999986
20,205033,56.139999999999986
20,205059,56.139999999999986
20,205061,56.139999999999986
20,205085,56.139999999999986
20,205133,56.139999999999986
20,205185,56.139999999999986
20,205235,56.139999999999986
20,205285,56.139999999999986
20,205335,56.139999999999986
20,205381,56.139999999999986
20,205429,56.139999999999986
20,205453,56.139999999999986
20,205501,56.139999999999986
20,205503,56.139999999999986
20,205529,56.139999999999986
20,205583,56.139999999999986
20,205635,56.139999999999986
20,205659,56.139999999999986
20,205661,56.139999999999986
20,205685,56.139999999999986
20,205709,71.37999999999997
20,205733,71.37999999999997
20,205757,71.37999999999997
20,205783,71.37999999999997
20,205807,71.37999999999997
20,205831,71.37999999999997
20,205855,71.37999999999997
20,205903,71.37999999999997
20,205927,71.37999999999997
20,205975,72.33999999999996
20,206001,72.33999999999996
20,206003,72.33999999999996
20,206049,72.33999999999996
20,206073,72.33999999999996
20,206099,72.33999999999996
20,206101,72.33999999999996
20,206103,72.33999999999996
20,206151,72.33999999999996
20,206175,72.33999999999996
20,206203,72.33999999999996
20,206229,72.33999999999996
20,206257,72.33999999999996
20,206305,72.33999999999996
20,206331,72.33999999999996
20,206355,72.33999999999996
20,206357,72.33999999999996
20,206403,72.33999999999996
20,206405,72.33999999999996
20,206455,72.33999999999996
20,206501,72.33999999999996
20,206525,72.33999999999996
20,206549,72.33999999999996
20,206597,72.33999999999996
20,206599,72.33999999999996
20,206623,72.33999999999996
20,206625,72.33999999999996
20,206649,72.33999999999996
20,206699,72.33999999999996
20,206723,72.33999999999996
20,206747,72.33999999999996
20,206749,72.33999999999996
20,206797,72.33999999999996
20,206845,102.74999999999994
20,206869,102.74999999999994
20,206921,102.74999999999994
20,206969,102.74999999999994
20,206993,102.74999999999994
20,207021,102.74999999999994
20,207069,102.74999999999994
20,207093,102.74999999999994
20,207139,102.74999999999994
20,207187,102.74999999999994
20,207215,102.74999999999994
20,207263,102.74999999999994
20,207265,102.74999999999994
20,207267,102.74999999999994
20,207269,102.74999999999994
20,207293,102.74999999999994
20,207319,102.74999999999994
20,207365,102.74999999999994
20,207391,102.74999999999994
20,207437,102.74999999999994
20,207487,102.74999999999994
20,207511,102.74999999999994
20,207535,102.74999999999994
20,207587,102.74999999999994
20,207637,102.74999999999994
20,207687,102.74999999999994
20,207717,102.74999999999994
20,207719,102.74999999999994
20,207767,102.74999999999994
20,207769,102.74999999999994
20,207823,102.74999999999994
20,207875,102.74999999999994
20,207923,102.74999999999994
20,207947,102.74999999999994
20,207949,102.74999999999994
20,207997,102.74999999999994
20,207999,102.74999999999994
20,208029,102.74999999999994
20,208053,102.74999999999994
20,208077,102.74999999999994
20,208101,102.74999999999994
20,208149,102.74999999999994
20,208151,102.74999999999994
20,208153,102.74999999999994
20,208199,102.74999999999994
20,208249,102.74999999999994
20,208251,102.74999999999994
20,208253,102.74999999999994
20,208255,102.74999999999994
20,208257,102.74999999999994
20,208281,102.74999999999994
20,208283,102.74999999999994
20,208311,102.74999999999994
20,208359,102.74999999999994
20,208361,102.74999999999994
20,208387,102.74999999999994
20,208389,102.74999999999994
20,208413,102.74999999999994
20,208441,102.74999999999994
20,208489,102.74999999999994
20,208513,102.74999999999994
20,208537,102.74999999999994
20,208561,102.74999999999994
20,208609,102.74999999999994
20,208655,102.74999999999994
20,208657,102.74999999999994
20,208703,103.28000000000006
20,208751,103.28000000000006
20,208801,103.28000000000006
20,208825,103.28000000000006
20,208849,103.28000000000006
20,208873,103.28000000000006
20,208923,103.28000000000006
20,208969,103.28000000000006
20,208993,103.28000000000006
20,209043,103.28000000000006
20,209069,103.28000000000006
20,209071,103.28000000000006
20,209119,103.28000000000006
20,209121,103.28000000000006
20,209167,103.28000000000006
20,209215,103.28000000000006
20,209217,103.28000000000006
20,209267,103.28000000000006
20,209317,110.14999999999996
20,209341,110.14999999999996
20,209393,110.14999999999996
20,209441,110.14999999999996
20,209467,110.14999999999996
20,209495,110.14999999999996
20,209497,110.14999999999996
20,209521,110.14999999999996
20,209567,110.14999999999996
20,209591,110.14999999999996
20,209639,110.14999999999996
20,209663,110.14999999999996
20,209689,110.14999999999996
20,209715,110.14999999999996
20,209761,110.14999999999996
20,209785,110.14999999999996
20,209811,110.14999999999996
20,209863,110.14999999999996
20,209909,110.14999999999996
20,209935,110.14999999999996
20,209937,110.14999999999996
20,209961,110.14999999999996
20,209985,110.14999999999996
20,210033,110.14999999999996
20,210057,110.14999999999996
20,210085,110.14999999999996
20,210109,110.14999999999996
20,210133,110.14999999999996
20,210159,110.14999999999996
20,210205,110.63999999999994
20,210229,110.63999999999994
20,210253,110.63999999999994
20,210299,116.71999999999996
20,210325,116.71999999999996
20,210355,116.71999999999996
20,210379,119.56000000000003
20,210403,119.56000000000003
20,210427,119.56000000000003
20,210475,119.56000000000003
20,210523,119.56000000000003
20,210525,119.56000000000003
20,210571,119.56000000000003
21,200364,45.01999999999999
21,200414,45.01999999999999
21,200462,45.01999999999999
21,200486,45.01999999999999
21,200534,45.01999999999999
21,200582,45.01999999999999
21,200628,45.01999999999999
21,200676,45.01999999999999
21,200700,45.01999999999999
21,200746,50.740000000000016
21,200748,50.740000000000016
21,200772,50.740000000000016
21,200796,50.740000000000016
21,200846,60.86999999999998
21,200896,60.86999999999998
21,200944,60.86999999999998
21,200968,60.86999999999998
21,200998,60.86999999999998
21,201024,60.86999999999998
21,201072,60.90999999999999
21,201124,60.90999999999999
21,201172,60.90999999999999
21,201196,60.90999999999999
21,201242,60.90999999999999
21,205255,60.90999999999999
21,205281,60.90999999999999
21,205329,60.90999999999999
21,205355,60.90999999999999
21,205401,60.90999999999999
21,205447,83.99999999999999
21,205471,83.99999999999999
21,205495,83.99999999999999
21,205543,83.99999999999999
21,205591,83.99999999999999
21,205637,83.99999999999999
21,205661,83.99999999999999
21,205685,83.99999999999999
21,205711,83.99999999999999
21,205761,83.99999999999999
21,205785,83.99999999999999
21,205837,83.99999999999999
21,205861,83.99999999999999
21,205885,83.99999999999999
21,205931,83.99999999999999
21,205957,83.99999999999999
21,205959,83.99999999999999
21,206005,83.99999999999999
21,206007,83.99999999999999
21,206033,83.99999999999999
21,206035,83.99999999999999
21,206085,83.99999999999999
21,206109,83.99999999999999
21,206135,83.99999999999999
21,206159,83.99999999999999
21,206205,83.99999999999999
21,206251,83.99999999999999
21,206277,83.99999999999999
21,206279,83.99999999999999
21,206327,83.99999999999999
21,206373,83.99999999999999
21,206397,83.99999999999999
21,206421,83.99999999999999
21,206445,83.99999999999999
21,206499,83.99999999999999
21,206501,83.99999999999999
21,206527,83.99999999999999
21,206553,83.99999999999999
21,206577,83.99999999999999
21,206603,83.99999999999999
21,206629,83.99999999999999
21,206631,83.99999999999999
21,206677,83.99999999999999
21,206727,83.99999999999999
21,206777,83.99999999999999
21,206827,83.99999999999999
21,206883,83.99999999999999
21,206911,83.99999999999999
21,206935,83.99999999999999
21,206989,83.99999999999999
21,207013,83.99999999999999
21,207037,83.99999999999999
21,207083,83.99999999999999
21,207131,83.99999999999999
21,207157,83.99999999999999
21,207203,83.99999999999999
21,207227,83.99999999999999
21,207251,83.99999999999999
21,207275,83.99999999999999
21,207325,83.99999999999999
21,207371,83.99999999999999
21,207397,83.99999999999999
21,207451,83.99999999999999
21,207475,83.99999999999999
21,207477,83.99999999999999
21,207479,83.99999999999999
21,207505,83.99999999999999
21,207557,83.99999999999999
21,207603,83.99999999999999
21,207649,83.99999999999999
21,207651,83.99999999999999
21,207697,83.99999999999999
21,207747,83.99999999999999
21,207799,83.99999999999999
21,207823,83.99999999999999
21,207849,83.99999999999999
21,207897,83.99999999999999
21,207945,83.99999999999999
21,207947,83.99999999999999
21,207995,83.99999999999999
21,208019,83.99999999999999
21,208043,83.99999999999999
21,208067,83.99999999999999
21,208093,83.99999999999999
21,208145,83.99999999999999
21,208191,83.99999999999999
21,208193,83.99999999999999
21,208221,83.99999999999999
21,208271,83.99999999999999
21,208295,83.99999999999999
21,208297,83.99999999999999
21,208345,83.99999999999999
21,208369,83.99999999999999
21,208395,83.99999999999999
21,208421,83.99999999999999
21,208447,83.99999999999999
21,208449,83.99999999999999
21,208473,91.16000000000001
21,208497,91.16000000000001
21,208499,91.16000000000001
21,208523,91.16000000000001
21,208575,91.16000000000001
21,208599,91.16000000000001
21,208623,91.16000000000001
21,208671,91.25000000000001
21,208719,91.25000000000001
21,208743,91.25000000000001
21,208793,91.25000000000001
21,208817,91.25000000000001
21,208847,91.25000000000001
21,208849,91.25000000000001
21,208897,91.25000000000001
21,208921,91.25000000000001
21,208923,91.25000000000001
21,208969,91.25000000000001
21,209015,91.25000000000001
21,209043,91.25000000000001
21,209045,91.25000000000001
21,209047,91.25000000000001
21,209071,91.25000000000001
21,209119,91.25000000000001
21,209143,91.25000000000001
21,209167,91.25000000000001
21,209217,91.25000000000001
21,209219,91.25000000000001
21,209265,91.25000000000001
21,209313,91.25000000000001
21,209365,91.25000000000001
21,209389,91.25000000000001
21,209435,91.25000000000001
21,209481,91.49999999999999
21,209507,91.49999999999999
21,209509,91.49999999999999
21,209533,91.49999999999999
21,209583,91.49999999999999
21,209609,91.49999999999999
21,209663,91.49999999999999
21,209687,91.49999999999999
21,209689,91.49999999999999
21,209737,91.49999999999999
21,209761,91.49999999999999
21,209789,91.49999999999999
21,209813,91.49999999999999
21,209837,91.49999999999999
21,209883,91.49999999999999
21,209931,91.49999999999999
21,209955,95.83999999999999
21,209979,95.83999999999999
21,210025,167.17
21,210075,167.17
21,210077,167.17
21,210105,167.17
21,210155,167.17
21,210181,167.17
21,210207,167.17
21,210255,167.17
21,210279,167.17
21,210303,167.17
21,210327,167.17
22,200556,41.170000000000016
22,200580,49.13000000000002
22,200632,49.13000000000002
22,200658,49.13000000000002
22,204907,59.12
22,204953,59.12
22,204977,59.12
22,205001,59.12
22,205003,59.12
22,205051,59.12
22,205097,59.12
22,205145,59.12
22,205195,59.12
22,205241,59.12
22,205287,59.12
22,205311,59.12
22,205363,59.12
22,205387,59.12
22,205389,59.12
22,205435,67.83999999999997
22,205483,67.83999999999997
22,205509,67.83999999999997
22,205533,67.83999999999997
22,205557,67.83999999999997
22,205587,67.83999999999997
22,205611,67.83999999999997
22,205661,67.83999999999997
22,205689,67.83999999999997
22,205691,67.83999999999997
22,205739,67.83999999999997
22,205765,67.83999999999997
22,205813,67.83999999999997
22,205837,73.15000000000002
22,205861,73.15000000000002
22,205913,73.15000000000002
22,205915,73.15000000000002
22,205943,73.15000000000002
22,205967,73.15000000000002
22,205991,73.15000000000002
22,206017,73.15000000000002
22,206063,73.15000000000002
22,206115,73.15000000000002
22,206139,73.15000000000002
22,206165,73.15000000000002
22,206213,73.15000000000002
22,206259,73.15000000000002
22,206261,73.15000000000002
22,206285,73.15000000000002
22,206335,73.15000000000002
22,206337,73.15000000000002
22,206383,73.15000000000002
22,206429,73.15000000000002
22,206453,73.15000000000002
22,206455,73.15000000000002
22,206457,73.15000000000002
22,206503,73.15000000000002
22,206551,73.15000000000002
22,206601,73.15000000000002
22,206647,77.54999999999997
22,206675,77.54999999999997
22,206699,77.54999999999997
22,206701,77.54999999999997
22,206725,77.54999999999997
22,206779,77.54999999999997
22,206829,77.54999999999997
22,206879,77.54999999999997
22,206881,77.54999999999997
22,206931,77.54999999999997
22,206955,77.54999999999997
22,207001,77.54999999999997
22,207051,77.54999999999997
22,207075,93.39999999999999
22,207077,93.39999999999999
22,207101,93.39999999999999
22,207103,93.39999999999999
22,207151,93.39999999999999
22,207175,93.39999999999999
22,207199,93.39999999999999
22,207223,93.39999999999999
22,207269,93.39999999999999
22,207319,93.39999999999999
22,207349,93.39999999999999
22,207397,93.39999999999999
22,207445,93.39999999999999
22,207473,93.39999999999999
22,207497,93.39999999999999
22,207549,93.39999999999999
22,207551,93.39999999999999
22,207601,93.39999999999999
22,207649,93.39999999999999
22,207695,93.39999999999999
22,207719,93.39999999999999
22,207771,93.39999999999999
22,207817,93.39999999999999
22,207845,93.39999999999999
22,207869,93.39999999999999
22,207915,93.39999999999999
22,207963,93.39999999999999
22,208011,93.39999999999999
22,208035,93.39999999999999
22,208037,93.39999999999999
22,208087,93.39999999999999
22,208111,93.39999999999999
22,208137,93.39999999999999
22,208165,93.39999999999999
22,208189,93.39999999999999
22,208237,93.39999999999999
22,208263,93.39999999999999
22,208265,93.39999999999999
22,208267,93.39999999999999
22,208293,93.39999999999999
22,208343,93.39999999999999
22,208367,93.39999999999999
22,208391,93.39999999999999
22,208441,93.39999999999999
22,208465,93.39999999999999
22,208491,93.39999999999999
22,208515,97.81000000000003
22,208561,97.81000000000003
22,208585,97.81000000000003
22,208635,97.81000000000003
22,208665,97.81000000000003
22,208693,97.81000000000003
22,208739,97.81000000000003
22,208785,97.81000000000003
22,208833,97.81000000000003
22,208883,97.81000000000003
22,208931,97.81000000000003
22,208955,97.81000000000003
22,209003,97.81000000000003
22,209049,97.81000000000003
22,209075,97.81000000000003
22,209099,97.81000000000003
22,209145,97.81000000000003
22,209147,97.81000000000003
22,209171,97.81000000000003
22,209197,97.81000000000003
22,209199,97.81000000000003
22,209201,97.81000000000003
22,209229,97.81000000000003
22,209287,97.81000000000003
22,209311,97.81000000000003
22,209357,97.81000000000003
22,209381,97.81000000000003
22,209405,97.81000000000003
22,209453,97.81000000000003
22,209501,97.81000000000003
22,209549,97.81000000000003
22,209573,97.81000000000003
22,209597,97.81000000000003
22,209651,97.81000000000003
22,209675,97.81000000000003
22,209701,97.81000000000003
22,209727,97.81000000000003
22,209751,97.81000000000003
22,209799,97.81000000000003
22,209847,97.81000000000003
22,209897,97.81000000000003
22,209945,97.81000000000003
22,209969,97.81000000000003
22,209971,97.81000000000003
22,210017,97.81000000000003
22,210043,97.81000000000003
22,210069,97.81000000000003
22,210117,97.81000000000003
22,210141,97.81000000000003
22,210143,97.81000000000003
22,210167,97.81000000000003
22,210213,97.81000000000003
22,210237,97.81000000000003
22,210239,97.81000000000003
22,210285,97.81000000000003
22,210331,105.36000000000008
22,210357,105.36000000000008
22,210381,105.36000000000008
22,210407,105.36000000000008
22,210453,105.36000000000008
22,210455,105.36000000000008
22,210507,105.36000000000008
22,210509,105.36000000000008
22,210557,105.36000000000008
23,201774,41.04
23,201798,42.20999999999999
23,201824,42.20999999999999
23,205881,42.20999999999999
23,205931,47.95
23,205955,47.95
23,206005,47.95
23,206007,47.95
23,206009,47.95
23,206035,47.95
23,206059,54.879999999999974
23,206083,54.879999999999974
23,206107,54.879999999999974
23,206131,56.31000000000003
23,206161,56.31000000000003
23,206187,56.31000000000003
23,206235,56.31000000000003
23,206289,56.31000000000003
23,206341,56.31000000000003
23,206387,56.31000000000003
23,206411,65.30000000000001
23,206459,65.30000000000001
23,206485,65.30000000000001
23,206487,65.30000000000001
23,206511,65.30000000000001
23,206539,65.30000000000001
23,206567,65.30000000000001
23,206615,65.30000000000001
23,206663,65.30000000000001
23,206687,65.30000000000001
23,206735,76.39000000000003
23,206759,76.39000000000003
23,206761,76.39000000000003
23,206763,76.39000000000003
23,206811,78.64
23,206813,78.64
23,206837,78.64
23,206893,78.64
23,206941,78.64
23,206989,78.64
23,207039,78.64
23,207065,78.64
23,207089,78.64
23,207135,78.64
23,207159,78.64
23,207185,78.64
23,207187,78.64
23,207233,78.64
23,207279,78.64
23,207303,78.64
23,207327,82.02999999999999
23,207351,82.02999999999999
23,207375,82.02999999999999
23,207377,82.02999999999999
23,207403,82.02999999999999
23,207451,82.02999999999999
23,207497,82.02999999999999
23,207549,82.02999999999999
23,207573,82.02999999999999
23,207619,82.02999999999999
23,207669,82.02999999999999
23,207719,82.02999999999999
23,207769,82.02999999999999
23,207815,82.02999999999999
23,207839,82.02999999999999
23,207863,82.02999999999999
23,207917,82.02999999999999
23,207965,82.02999999999999
23,208011,82.02999999999999
23,208059,82.02999999999999
23,208085,82.02999999999999
23,208131,82.02999999999999
23,208159,82.02999999999999
23,208209,82.02999999999999
23,208233,82.02999999999999
23,208235,82.02999999999999
23,208283,82.02999999999999
23,208309,82.02999999999999
23,208355,82.02999999999999
23,208383,82.02999999999999
23,208431,82.02999999999999
23,208455,82.02999999999999
23,208507,82.02999999999999
23,208509,82.02999999999999
23,208537,82.02999999999999
23,208539,82.02999999999999
23,208589,82.02999999999999
23,208613,82.02999999999999
23,208639,82.02999999999999
23,208685,82.02999999999999
23,208733,82.02999999999999
23,208759,82.02999999999999
23,208783,82.02999999999999
23,208809,82.02999999999999
23,208859,82.02999999999999
23,208907,82.02999999999999
23,208953,82.02999999999999
23,208977,82.02999999999999
23,209001,104.90000000000003
23,209051,104.90000000000003
23,209075,104.90000000000003
23,209099,104.90000000000003
23,209145,104.90000000000003
23,209195,104.90000000000003
23,209221,104.90000000000003
23,209247,104.90000000000003
23,209273,104.90000000000003
23,209297,104.90000000000003
23,209345,104.90000000000003
23,209395,104.90000000000003
23,209443,104.90000000000003
23,209471,104.90000000000003
23,209519,104.90000000000003
23,209543,104.90000000000003
23,209567,104.90000000000003
23,209591,104.90000000000003
23,209639,104.90000000000003
23,209685,104.90000000000003
23,209733,104.90000000000003
23,209781,104.90000000000003
23,209805,104.90000000000003
23,209807,104.90000000000003
23,209853,104.90000000000003
23,209899,104.90000000000003
23,209923,104.90000000000003
23,209947,104.90000000000003
23,209949,104.90000000000003
23,209997,104.90000000000003
23,210049,104.90000000000003
23,210099,104.90000000000003
23,210101,104.90000000000003
23,210127,104.90000000000003
23,210155,104.90000000000003
23,210205,104.90000000000003
23,210229,104.90000000000003
23,210277,104.90000000000003
23,210333,104.90000000000003
23,210357,104.90000000000003
23,210383,104.90000000000003
23,210411,104.90000000000003
23,210435,104.90000000000003
23,210487,104.90000000000003
23,210489,104.90000000000003
23,210519,104.90000000000003
23,210543,104.90000000000003
23,210589,104.90000000000003
23,210591,104.90000000000003
23,210639,104.90000000000003
23,210665,104.90000000000003
23,210711,104.90000000000003
23,210735,104.90000000000003
23,210783,104.90000000000003
23,210809,104.90000000000003
23,210857,104.90000000000003
23,210903,104.90000000000003
23,210949,104.90000000000003
23,210973,104.90000000000003
23,211019,104.90000000000003
23,211021,104.90000000000003
23,211023,104.90000000000003
23,211071,104.90000000000003
23,211117,104.90000000000003
23,211167,104.90000000000003
23,211193,104.90000000000003
23,211241,104.90000000000003
23,211267,104.90000000000003
23,211313,104.90000000000003
23,211341,104.90000000000003
23,211389,104.90000000000003
23,211391,104.90000000000003
23,211437,104.90000000000003
23,211461,104.90000000000003
23,211463,104.90000000000003
23,211487,104.90000000000003
23,211535,104.90000000000003
23,211581,104.90000000000003
23,211629,104.90000000000003
23,211677,104.90000000000003
23,211701,104.90000000000003
23,211703,104.90000000000003
23,211751,104.90000000000003
24,201048,44.730000000000004
24,201096,45.26000000000001
24,205119,45.26000000000001
24,205165,45.26000000000001
24,205189,45.26000000000001
24,205217,45.26000000000001
24,205265,50.58999999999999
24,205315,50.58999999999999
24,205341,50.58999999999999
24,205343,50.58999999999999
24,205367,50.58999999999999
24,205393,50.58999999999999
24,205443,50.58999999999999
24,205445,50.58999999999999
24,205491,50.58999999999999
24,205517,50.58999999999999
24,205519,50.58999999999999
24,205573,50.58999999999999
24,205601,50.58999999999999
24,205625,50.58999999999999
24,205671,50.58999999999999
24,205699,50.58999999999999
24,205723,51.260000000000005
24,205771,51.260000000000005
24,205823,51.260000000000005
24,205871,51.260000000000005
24,205917,51.260000000000005
24,205941,51.260000000000005
24,205965,51.260000000000005
24,205989,51.260000000000005
24,206039,51.260000000000005
24,206089,51.260000000000005
24,206135,53.77000000000003
24,206159,91.87000000000005
24,206187,91.87000000000005
24,206211,91.87000000000005
24,206235,91.87000000000005
24,206283,91.87000000000005
24,206307,91.87000000000005
24,206353,91.87000000000005
24,206355,91.87000000000005
24,206357,91.87000000000005
24,206409,91.87000000000005
24,206439,91.87000000000005
24,206463,91.87000000000005
24,206489,91.87000000000005
24,206513,91.87000000000005
24,206563,91.87000000000005
24,206613,91.87000000000005
24,206615,91.87000000000005
24,206661,91.87000000000005
24,206685,91.87000000000005
24,206711,91.87000000000005
24,206737,91.87000000000005
24,206761,91.87000000000005
24,206785,91.87000000000005
24,206839,91.87000000000005
24,206887,91.87000000000005
24,206939,91.87000000000005
24,206963,91.87000000000005
24,206965,91.87000000000005
24,207019,91.87000000000005
24,207067,91.87000000000005
24,207097,91.87000000000005
24,207123,91.87000000000005
24,207169,91.87000000000005
24,207171,91.87000000000005
24,207195,91.87000000000005
24,207241,91.87000000000005
24,207267,91.87000000000005
24,207293,91.87000000000005
24,207339,91.87000000000005
24,207363,91.87000000000005
24,207409,91.87000000000005
24,207433,91.87000000000005
24,207479,91.87000000000005
24,207503,91.87000000000005
24,207553,91.87000000000005
24,207579,91.87000000000005
24,207605,91.87000000000005
24,207631,91.87000000000005
24,207655,91.87000000000005
24,207703,91.87000000000005
24,207727,91.87000000000005
24,207751,91.87000000000005
24,207775,91.87000000000005
24,207777,91.87000000000005
24,207779,91.87000000000005
24,207803,91.87000000000005
24,207849,91.87000000000005
24,207875,91.87000000000005
24,207921,91.87000000000005
24,207945,91.87000000000005
24,207971,91.87000000000005
24,208019,91.87000000000005
24,208045,91.87000000000005
24,208093,91.87000000000005
24,208121,91.87000000000005
24,208145,91.87000000000005
24,208193,91.87000000000005
24,208241,91.87000000000005
24,208291,91.87000000000005
24,208315,91.87000000000005
24,208339,91.87000000000005
24,208363,91.87000000000005
24,208411,91.87000000000005
24,208457,91.87000000000005
24,208483,91.87000000000005
24,208509,91.87000000000005
24,208557,91.87000000000005
24,208559,91.87000000000005
24,208561,91.87000000000005
24,208607,91.87000000000005
24,208609,91.87000000000005
24,208611,91.87000000000005
24,208613,91.87000000000005
24,208663,91.87000000000005
24,208715,91.87000000000005
24,208739,91.87000000000005
24,208787,91.87000000000005
24,208835,91.87000000000005
24,208881,91.87000000000005
24,208929,91.87000000000005
24,208957,91.87000000000005
24,208959,91.87000000000005
24,208983,91.87000000000005
24,208985,91.87000000000005
24,209009,92.85000000000002
24,209059,92.85000000000002
24,209113,92.85000000000002
24,209163,92.85000000000002
24,209209,92.85000000000002
24,209255,92.85000000000002
24,209279,92.85000000000002
24,209325,92.85000000000002
24,209349,92.85000000000002
24,209395,92.85000000000002
24,209449,92.85000000000002
24,209473,92.85000000000002
24,209497,92.85000000000002
24,209499,92.85000000000002
24,209547,92.85000000000002
24,209571,92.85000000000002
24,209619,92.85000000000002
24,209665,92.85000000000002
24,209689,92.85000000000002
24,209741,92.85000000000002
24,209767,92.85000000000002
24,209813,92.85000000000002
24,209815,92.85000000000002
24,209841,92.85000000000002
24,209887,92.85000000000002
24,209913,92.85000000000002
24,209939,92.85000000000002
24,209941,92.85000000000002
24,209965,92.85000000000002
24,209991,92.85000000000002
24,210037,92.85000000000002
24,210063,92.85000000000002
24,210065,92.85000000000002
24,210091,92.85000000000002
24,210137,92.85000000000002
24,210187,92.85000000000002
24,210213,92.85000000000002
24,210237,92.85000000000002
24,210261,92.85000000000002
24,210263,92.85000000000002
24,210287,92.85000000000002
24,210335,92.85000000000002
24,210381,92.85000000000002
24,210405,92.85000000000002
24,210431,92.85000000000002
24,210477,92.85000000000002
24,210525,92.85000000000002
24,210571,92.85000000000002
24,210595,92.85000000000002
24,210623,92.85000000000002
24,210625,92.85000000000002
24,210651,92.85000000000002
24,210675,92.85000000000002
24,210725,92.85000000000002
24,210727,92.85000000000002
24,210755,92.85000000000002
24,210779,92.85000000000002
24,210827,92.85000000000002
24,210851,92.85000000000002
24,210853,92.85000000000002
24,210901,92.85000000000002
24,210927,92.85000000000002
24,210951,92.85000000000002
24,211007,92.85000000000002
25,200772,43.95
25,200820,43.95
25,200870,43.95
25,200894,44.48999999999998
25,200896,44.48999999999998
25,200942,58.29999999999998
25,200990,58.29999999999998
25,201014,58.29999999999998
25,201038,58.29999999999998
25,201088,58.29999999999998
25,201112,58.29999999999998
25,201164,58.29999999999998
25,201190,58.29999999999998
25,201214,58.29999999999998
25,201260,58.29999999999998
25,201284,58.29999999999998
25,201332,58.29999999999998
25,201380,58.29999999999998
25,201404,58.29999999999998
25,201450,58.29999999999998
25,201452,58.29999999999998
25,201500,58.29999999999998
25,201548,59.68000000000001
25,201594,59.68000000000001
25,201620,59.68000000000001
25,201648,59.68000000000001
25,201700,59.68000000000001
25,201748,59.68000000000001
25,201796,59.68000000000001
25,201820,59.68000000000001
25,201844,59.68000000000001
25,201890,59.68000000000001
25,201916,59.68000000000001
25,201962,59.68000000000001
25,201964,59.68000000000001
25,201990,59.68000000000001
25,202014,59.68000000000001
25,202040,59.68000000000001
25,206115,59.68000000000001
25,206143,59.68000000000001
25,206167,59.68000000000001
25,206215,59.68000000000001
25,206263,73.11999999999998
25,206289,73.11999999999998
25,206335,73.11999999999998
25,206361,73.11999999999998
25,206407,73.11999999999998
25,206455,73.11999999999998
25,206479,73.11999999999998
25,206503,73.11999999999998
25,206527,73.11999999999998
25,206551,73.11999999999998
25,206599,73.11999999999998
25,206625,73.11999999999998
25,206649,73.11999999999998
25,206675,73.11999999999998
25,206701,73.11999999999998
25,206749,73.11999999999998
25,206773,73.11999999999998
25,206799,73.11999999999998
25,206825,73.11999999999998
25,206873,74.86
25,206875,74.86
25,206899,74.86
25,206947,74.86
25,206995,74.86
25,206997,74.86
25,206999,74.86
25,207025,74.86
25,207049,74.86
25,207095,74.86
25,207119,74.86
25,207165,74.86
25,207199,74.86
25,207223,74.86
25,207225,74.86
25,207227,74.86
25,207251,74.86
25,207275,74.86
25,207323,74.86
25,207369,74.86
25,207419,74.86
25,207467,74.86
25,207513,74.86
25,207561,74.86
25,207587,74.86
25,207613,74.86
25,207663,74.86
25,207665,76.39999999999999
25,207693,76.39999999999999
25,207741,76.39999999999999
25,207743,76.39999999999999
25,207745,76.39999999999999
25,207773,76.39999999999999
25,207821,76.39999999999999
25,207845,83.26999999999997
25,207869,83.26999999999997
25,207893,83.26999999999997
25,207939,83.26999999999997
25,207991,83.26999999999997
25,208015,84.99000000000004
25,208061,84.99000000000004
25,208107,84.99000000000004
25,208131,84.99000000000004
25,208177,236.08000000000004
25,208179,236.08000000000004
25,208229,236.08000000000004
25,208253,236.08000000000004
25,208279,236.08000000000004
25,208281,236.08000000000004
25,208327,236.08000000000004
25,208351,236.08000000000004
25,208397,236.08000000000004
25,208443,236.08000000000004
25,208489,236.08000000000004
25,208491,236.08000000000004
25,208493,236.08000000000004
25,208539,236.08000000000004
25,208563,236.08000000000004
25,208587,236.08000000000004
25,208611,236.08000000000004
25,208637,236.08000000000004
25,208665,236.08000000000004
25,208711,236.08000000000004
25,208759,236.08000000000004
25,208791,236.08000000000004
25,208845,236.08000000000004
25,208871,236.08000000000004
25,208873,236.08000000000004
25,208919,236.08000000000004
25,208943,236.08000000000004
25,208945,236.08000000000004
25,208975,236.08000000000004
25,209027,236.08000000000004
25,209051,236.08000000000004
25,209075,236.08000000000004
25,209123,236.08000000000004
25,209169,245.60999999999996
25,209215,245.60999999999996
25,209245,245.60999999999996
25,209269,245.60999999999996
25,209293,245.60999999999996
25,209341,245.60999999999996
25,209365,245.60999999999996
25,209411,245.60999999999996
25,209435,245.60999999999996
25,209483,245.60999999999996
25,209485,245.60999999999996
25,209487,245.60999999999996
25,209523,245.60999999999996
25,209549,245.60999999999996
25,209551,245.60999999999996
25,209553,245.60999999999996
25,209579,245.60999999999996
25,209631,245.60999999999996
25,209685,245.60999999999996
25,209711,245.60999999999996
25,209737,245.60999999999996
25,209739,245.60999999999996
25,209785,245.60999999999996
25,209813,245.60999999999996
25,209859,245.60999999999996
25,209905,245.60999999999996
25,209907,245.60999999999996
25,209953,245.60999999999996
25,209955,245.60999999999996
25,209957,245.60999999999996
25,209983,245.60999999999996
25,210029,245.60999999999996
25,210075,245.60999999999996
25,210099,245.60999999999996
25,210149,245.60999999999996
25,210199,245.60999999999996
25,210223,245.60999999999996
25,210247,245.60999999999996
25,210293,245.60999999999996
25,210339,245.60999999999996
25,210363,245.60999999999996
25,210409,245.60999999999996
25,210411,245.60999999999996
25,210459,245.60999999999996
25,210507,245.60999999999996
25,210557,245.60999999999996
25,210605,245.60999999999996
25,210629,245.60999999999996
25,210657,245.60999999999996
25,210659,245.60999999999996
25,210685,245.60999999999996
25,210713,245.60999999999996
25,210737,245.60999999999996
25,210761,245.60999999999996
26,201414,60.85000000000002
26,201438,60.85000000000002
26,205507,60.85000000000002
26,205509,60.85000000000002
26,205511,60.85000000000002
26,205537,60.85000000000002
26,205539,60.85000000000002
26,205541,60.85000000000002
26,205567,60.85000000000002
26,205593,60.85000000000002
26,205639,60.85000000000002
26,205691,60.85000000000002
26,205737,60.85000000000002
26,205765,60.85000000000002
26,205789,60.85000000000002
26,205813,60.85000000000002
26,205863,60.85000000000002
26,205887,60.85000000000002
26,205911,60.85000000000002
26,205913,60.85000000000002
26,205939,60.85000000000002
26,205963,60.85000000000002
26,206015,60.85000000000002
26,206017,60.85000000000002
26,206041,63.52
26,206065,63.52
26,206111,63.52
26,206161,138.69000000000003
26,206211,138.69000000000003
26,206259,138.69000000000003
26,206287,138.69000000000003
26,206313,138.69000000000003
26,206337,138.69000000000003
26,206339,138.69000000000003
26,206391,138.69000000000003
26,206437,138.69000000000003
26,206465,138.69000000000003
26,206489,147.26999999999998
26,206535,147.26999999999998
26,206559,147.26999999999998
26,206561,147.26999999999998
26,206589,147.26999999999998
26,206637,147.26999999999998
26,206639,147.26999999999998
26,206685,147.26999999999998
26,206733,147.26999999999998
26,206757,147.26999999999998
26,206759,147.26999999999998
26,206787,147.26999999999998
26,206833,147.26999999999998
26,206835,147.26999999999998
26,206881,147.26999999999998
26,206927,161.01000000000005
26,206951,161.01000000000005
26,206977,161.01000000000005
26,206979,161.01000000000005
26,207027,161.01000000000005
26,207075,161.01000000000005
26,207101,161.01000000000005
26,207125,161.01000000000005
26,207171,161.01000000000005
26,207197,161.01000000000005
26,207247,161.01000000000005
26,207295,161.01000000000005
26,207297,161.01000000000005
26,207343,161.01000000000005
26,207391,161.01000000000005
26,207415,161.01000000000005
26,207439,161.01000000000005
26,207491,161.01000000000005
26,207493,161.01000000000005
26,207541,168.52999999999994
26,207593,168.52999999999994
26,207617,168.52999999999994
26,207641,168.52999999999994
26,207687,168.52999999999994
26,207711,168.52999999999994
26,207739,168.52999999999994
26,207763,168.52999999999994
26,207789,168.52999999999994
26,207837,168.52999999999994
26,207885,168.52999999999994
26,207935,168.52999999999994
26,207987,168.52999999999994
26,208011,168.52999999999994
26,208035,168.52999999999994
26,208085,168.52999999999994
26,208135,168.52999999999994
26,208187,168.52999999999994
26,208189,168.52999999999994
26,208235,168.52999999999994
26,208281,168.52999999999994
26,208305,168.52999999999994
26,208329,168.52999999999994
26,208355,168.52999999999994
26,208379,168.52999999999994
26,208407,168.52999999999994
26,208409,168.52999999999994
26,208411,168.52999999999994
26,208465,168.52999999999994
26,208467,168.52999999999994
26,208493,168.52999999999994
26,208495,168.52999999999994
26,208553,168.52999999999994
26,208577,168.52999999999994
26,208601,179.95999999999995
26,208649,179.95999999999995
26,208673,179.95999999999995
26,208699,179.95999999999995
26,208749,179.95999999999995
26,208773,179.95999999999995
26,208803,179.95999999999995
26,208827,179.95999999999995
26,208829,179.95999999999995
26,208853,179.95999999999995
26,208905,179.95999999999995
26,208929,179.95999999999995
26,208979,179.95999999999995
26,209003,179.95999999999995
26,209029,179.95999999999995
26,209079,179.95999999999995
26,209103,179.95999999999995
26,209129,179.95999999999995
26,209179,179.95999999999995
26,209205,179.95999999999995
26,209251,179.95999999999995
26,209299,179.95999999999995
26,209325,179.95999999999995
26,209375,179.95999999999995
26,209401,179.95999999999995
26,209403,179.95999999999995
26,209429,179.95999999999995
26,209431,179.95999999999995
26,209479,179.95999999999995
26,209529,179.95999999999995
26,209579,179.95999999999995
26,209625,179.95999999999995
26,209675,179.95999999999995
26,209699,179.95999999999995
26,209701,179.95999999999995
26,209749,179.95999999999995
26,209773,179.95999999999995
26,209797,179.95999999999995
26,209821,179.95999999999995
26,209845,179.95999999999995
26,209893,179.95999999999995
26,209939,179.95999999999995
26,209969,179.95999999999995
26,210019,179.95999999999995
26,210067,179.95999999999995
26,210091,179.95999999999995
26,210137,179.95999999999995
26,210139,179.95999999999995
26,210185,179.95999999999995
26,210187,179.95999999999995
26,210237,179.95999999999995
26,210261,179.95999999999995
26,210285,179.95999999999995
26,210331,179.95999999999995
26,210333,179.95999999999995
26,210335,179.95999999999995
26,210387,179.95999999999995
26,210433,179.95999999999995
26,210435,179.95999999999995
26,210481,179.95999999999995
26,210483,179.95999999999995
26,210533,179.95999999999995
26,210579,179.95999999999995
26,210625,179.95999999999995
26,210677,179.95999999999995
26,210679,179.95999999999995
26,210681,179.95999999999995
26,210727,179.95999999999995
26,210729,179.95999999999995
26,210775,179.95999999999995
26,210799,179.95999999999995
26,210825,179.95999999999995
26,210871,179.95999999999995
26,210897,179.95999999999995
26,210923,179.95999999999995
26,210971,179.95999999999995
26,210995,179.95999999999995
26,211019,179.95999999999995
26,211067,179.95999999999995
26,211095,179.95999999999995
26,211119,179.95999999999995
26,211147,179.95999999999995
26,211149,179.95999999999995
26,211195,179.95999999999995
26,211247,179.95999999999995
26,211271,179.95999999999995
26,211295,179.95999999999995
26,211349,179.95999999999995
26,211351,179.95999999999995
26,211375,179.95999999999995
27,201178,55.18999999999999
27,201180,55.18999999999999
27,201226,55.18999999999999
27,205399,55.18999999999999
27,205401,55.18999999999999
27,205447,55.18999999999999
27,205449,55.18999999999999
27,205451,55.18999999999999
27,205479,55.18999999999999
27,205533,55.18999999999999
27,205557,55.18999999999999
27,205605,55.18999999999999
27,205607,55.18999999999999
27,205633,55.18999999999999
27,205659,55.18999999999999
27,205661,55.18999999999999
27,205685,55.18999999999999
27,205687,56.19000000000001
27,205735,56.19000000000001
27,205759,61.46
27,205805,61.46
27,205807,61.46
27,205809,61.46
27,205859,61.46
27,205907,61.46
27,205955,66.48000000000002
27,206001,66.48000000000002
27,206047,66.48000000000002
27,206093,66.48000000000002
27,206139,66.48000000000002
27,206165,66.48000000000002
27,206213,66.48000000000002
27,206261,66.48000000000002
27,206287,66.48000000000002
27,206311,66.48000000000002
27,206335,66.48000000000002
27,206383,66.48000000000002
27,206435,66.48000000000002
27,206459,66.48000000000002
27,206489,66.48000000000002
27,206513,66.48000000000002
27,206515,66.48000000000002
27,206565,66.48000000000002
27,206591,66.48000000000002
27,206617,66.48000000000002
27,206643,66.48000000000002
27,206667,66.48000000000002
27,206691,66.48000000000002
27,206715,66.48000000000002
27,206739,66.48000000000002
27,206785,66.48000000000002
27,206809,66.48000000000002
27,206835,66.48000000000002
27,206881,66.48000000000002
27,206883,66.48000000000002
27,206907,66.48000000000002
27,206931,66.48000000000002
27,206985,66.48000000000002
27,207011,66.48000000000002
27,207059,66.48000000000002
27,207083,66.48000000000002
27,207135,69.25
27,207159,69.25
27,207207,69.25
27,207255,69.25
27,207279,69.25
27,207327,69.25
27,207351,69.25
27,207375,69.25
27,207423,69.25
27,207449,69.25
27,207451,69.25
27,207475,69.25
27,207521,69.25
27,207545,69.25
27,207591,81.56
27,207615,81.56
27,207661,81.56
27,207685,81.56
27,207709,81.56
27,207757,81.56
27,207759,81.56
27,207807,91.65000000000002
27,207853,91.65000000000002
27,207877,91.65000000000002
27,207901,91.65000000000002
27,207947,91.65000000000002
27,207997,91.65000000000002
27,208023,91.65000000000002
27,208071,91.65000000000002
27,208097,91.65000000000002
27,208123,91.65000000000002
27,208125,91.65000000000002
27,208149,91.65000000000002
27,208151,91.65000000000002
27,208175,91.65000000000002
27,208199,91.65000000000002
27,208229,91.65000000000002
27,208279,91.65000000000002
27,208329,91.65000000000002
27,208355,91.65000000000002
27,208379,91.65000000000002
27,208381,91.65000000000002
27,208383,91.65000000000002
27,208385,91.65000000000002
27,208433,91.65000000000002
27,208457,91.65000000000002
27,208505,91.65000000000002
27,208553,91.65000000000002
27,208601,91.65000000000002
27,208627,91.65000000000002
27,208673,91.65000000000002
27,208675,91.65000000000002
27,208725,91.65000000000002
27,208773,100.85999999999997
27,208821,100.85999999999997
27,208845,100.85999999999997
27,208869,100.85999999999997
27,208919,100.85999999999997
27,208943,100.85999999999997
27,208993,100.85999999999997
27,209023,100.85999999999997
27,209069,100.85999999999997
27,209095,100.85999999999997
27,209097,100.85999999999997
27,209099,100.85999999999997
27,209145,100.85999999999997
27,209169,100.85999999999997
27,209221,100.85999999999997
27,209245,100.85999999999997
27,209247,100.85999999999997
27,209273,100.85999999999997
27,209297,100.85999999999997
27,209345,100.85999999999997
27,209369,100.85999999999997
27,209371,100.85999999999997
27,209395,100.85999999999997
27,209441,100.85999999999997
27,209467,100.85999999999997
27,209493,100.85999999999997
27,209495,100.85999999999997
27,209519,103.15000000000005
27,209565,103.15000000000005
27,209589,103.15000000000005
27,209615,103.15000000000005
27,209617,103.15000000000005
27,209619,103.15000000000005
27,209643,103.15000000000005
27,209691,103.15000000000005
27,209715,106.60000000000002
27,209739,106.60000000000002
27,209785,106.60000000000002
27,209787,106.60000000000002
27,209833,106.60000000000002
27,209881,106.60000000000002
27,209907,106.60000000000002
27,209931,106.60000000000002
27,209933,106.60000000000002
27,209957,106.60000000000002
27,210003,106.60000000000002
27,210029,106.60000000000002
27,210053,106.60000000000002
27,210081,106.60000000000002
27,210135,106.60000000000002
27,210163,106.60000000000002
27,210189,106.60000000000002
27,210235,108.02000000000001
27,210237,108.02000000000001
27,210289,108.02000000000001
27,210339,108.02000000000001
27,210363,108.02000000000001
27,210365,108.02000000000001
27,210389,108.02000000000001
27,210415,108.02000000000001
27,210461,108.02000000000001
27,210509,108.02000000000001
27,210511,108.02000000000001
27,210535,108.02000000000001
27,210559,108.02000000000001
27,210561,108.02000000000001
27,210609,108.02000000000001
27,210663,108.02000000000001
27,210687,108.02000000000001
27,210735,108.02000000000001
27,210737,108.02000000000001
27,210763,108.02000000000001
27,210813,108.02000000000001
27,210859,108.02000000000001
27,210883,108.02000000000001
27,210885,108.02000000000001
27,210909,108.02000000000001
27,210935,108.02000000000001
27,210961,108.02000000000001
27,210985,108.02000000000001
27,211031,108.02000000000001
27,211059,108.02000000000001
27,211107,108.02000000000001
27,211109,108.02000000000001
27,211155,108.02000000000001
28,200116,40.02000000000002
28,200118,40.02000000000002
28,200166,40.02000000000002
28,200190,40.02000000000002
28,200216,40.02000000000002
28,200262,47.400000000000006
28,200286,47.400000000000006
28,200310,47.400000000000006
28,204455,47.400000000000006
28,204485,47.400000000000006
28,204509,55.67000000000001
28,204557,55.67000000000001
28,204607,55.67000000000001
28,204609,55.67000000000001
28,204657,55.67000000000001
28,204709,55.67000000000001
28,204733,55.67000000000001
28,204779,55.67000000000001
28,204829,55.67000000000001
28,204853,55.67000000000001
28,204879,55.67000000000001
28,204905,55.67000000000001
28,204953,55.67000000000001
28,204979,55.67000000000001
28,204981,55.67000000000001
28,205005,55.67000000000001
28,205029,55.67000000000001
28,205053,55.67000000000001
28,205099,55.80999999999998
28,205145,60.41999999999998
28,205171,60.41999999999998
28,205195,60.41999999999998
28,205243,60.41999999999998
28,205269,60.41999999999998
28,205295,60.41999999999998
28,205343,60.41999999999998
28,205393,60.41999999999998
28,205447,60.41999999999998
28,205501,60.41999999999998
28,205525,60.41999999999998
28,205549,60.41999999999998
28,205573,60.41999999999998
28,205597,60.41999999999998
28,205623,60.41999999999998
28,205625,60.41999999999998
28,205649,60.41999999999998
28,205673,60.41999999999998
28,205723,60.41999999999998
28,205747,60.41999999999998
28,205771,60.41999999999998
28,205819,60.41999999999998
28,205865,60.41999999999998
28,205911,60.41999999999998
28,205959,60.41999999999998
28,205985,60.41999999999998
28,206009,60.41999999999998
28,206035,60.41999999999998
28,206037,60.41999999999998
28,206063,60.41999999999998
28,206087,60.41999999999998
28,206111,60.41999999999998
28,206135,60.41999999999998
28,206161,60.41999999999998
28,206187,62.36999999999998
28,206189,62.36999999999998
28,206235,62.36999999999998
28,206283,62.36999999999998
28,206333,62.36999999999998
28,206335,62.36999999999998
28,206359,62.36999999999998
28,206387,62.36999999999998
28,206411,62.36999999999998
28,206437,62.36999999999998
28,206461,62.36999999999998
28,206463,62.36999999999998
28,206509,62.36999999999998
28,206533,62.36999999999998
28,206557,68.24
28,206583,68.24
28,206585,68.24
28,206637,68.24
28,206661,68.24
28,206691,68.24
28,206715,68.24
28,206739,68.24
28,206767,68.24
28,206791,68.24
28,206793,68.24
28,206795,68.24
28,206819,68.24
28,206845,68.24
28,206869,68.24
28,206915,68.24
28,206961,68.24
28,206985,68.24
28,207035,68.24
28,207059,68.24
28,207061,68.24
28,207085,72.36
28,207109,75.80999999999999
28,207159,75.80999999999999
28,207205,75.80999999999999
28,207229,75.80999999999999
28,207279,75.80999999999999
28,207303,75.80999999999999
28,207327,75.80999999999999
28,207375,75.80999999999999
28,207399,75.80999999999999
28,207401,75.80999999999999
28,207425,82.23999999999998
28,207475,82.23999999999998
28,207501,82.23999999999998
28,207527,82.23999999999998
28,207529,82.23999999999998
28,207559,82.23999999999998
28,207607,82.23999999999998
28,207655,82.23999999999998
28,207681,82.23999999999998
28,207707,82.23999999999998
28,207755,82.23999999999998
28,207783,82.23999999999998
28,207809,82.23999999999998
28,207833,82.23999999999998
28,207835,82.23999999999998
28,207863,82.23999999999998
28,207887,82.23999999999998
28,207911,82.23999999999998
28,207957,82.23999999999998
28,207981,82.23999999999998
28,208005,82.23999999999998
28,208051,82.23999999999998
28,208077,82.23999999999998
28,208123,82.24999999999999
28,208125,82.24999999999999
28,208149,82.24999999999999
28,208175,82.24999999999999
28,208221,82.24999999999999
28,208245,82.24999999999999
28,208273,82.24999999999999
28,208299,82.24999999999999
28,208329,82.24999999999999
28,208353,82.24999999999999
28,208377,82.24999999999999
28,208403,82.24999999999999
28,208453,82.24999999999999
28,208477,82.24999999999999
28,208501,82.24999999999999
28,208549,82.24999999999999
28,208575,82.24999999999999
28,208577,82.24999999999999
28,208579,82.24999999999999
28,208605,82.24999999999999
28,208629,82.24999999999999
28,208653,82.24999999999999
28,208701,82.24999999999999
28,208725,82.24999999999999
28,208771,82.24999999999999
28,208819,82.24999999999999
28,208871,82.24999999999999
28,208921,82.24999999999999
28,208923,82.24999999999999
28,208949,82.24999999999999
28,208975,82.24999999999999
28,209021,82.24999999999999
28,209045,88.64000000000001
28,209095,88.64000000000001
28,209121,88.64000000000001
28,209167,88.64000000000001
28,209191,88.64000000000001
28,209239,88.64000000000001
28,209287,88.64000000000001
28,209311,88.64000000000001
28,209361,88.64000000000001
28,209363,88.64000000000001
28,209387,88.64000000000001
28,209411,88.64000000000001
28,209435,88.64000000000001
28,209459,88.64000000000001
28,209489,88.64000000000001
28,209513,88.64000000000001
28,209539,88.64000000000001
28,209585,88.64000000000001
28,209639,88.64000000000001
28,209663,88.64000000000001
28,209687,88.64000000000001
28,209711,88.64000000000001
28,209757,88.64000000000001
28,209781,88.64000000000001
28,209807,88.64000000000001
28,209833,88.64000000000001
28,209883,88.64000000000001
28,209885,88.64000000000001
28,209887,88.64000000000001
28,209911,88.64000000000001
28,209957,88.64000000000001
28,209959,88.64000000000001
28,209983,88.64000000000001
28,210009,88.64000000000001
28,210035,88.64000000000001
28,210083,88.64000000000001
28,210109,88.64000000000001
28,210159,93.91
29,201178,47.600000000000016
29,201180,47.600000000000016
29,201182,47.600000000000016
29,201206,47.600000000000016
29,201256,47.600000000000016
29,201280,47.600000000000016
29,201304,47.600000000000016
29,205405,48.48999999999998
29,205453,57.68999999999999
29,205499,57.68999999999999
29,205523,57.68999999999999
29,205547,57.68999999999999
29,205597,57.68999999999999
29,205599,57.68999999999999
29,205645,72.79999999999997
29,205695,72.79999999999997
29,205741,72.79999999999997
29,205743,72.79999999999997
29,205791,72.79999999999997
29,205815,72.79999999999997
29,205865,72.79999999999997
29,205889,72.79999999999997
29,205937,72.79999999999997
29,205961,72.79999999999997
29,206009,72.79999999999997
29,206035,72.79999999999997
29,206037,72.79999999999997
29,206085,72.79999999999997
29,206109,73.96000000000004
29,206157,73.96000000000004
29,206181,73.96000000000004
29,206229,73.96000000000004
29,206277,73.96000000000004
29,206325,73.96000000000004
29,206327,73.96000000000004
29,206329,73.96000000000004
29,206375,73.96000000000004
29,206423,73.96000000000004
29,206447,73.96000000000004
29,206449,73.96000000000004
29,206495,74.63000000000004
29,206521,74.63000000000004
29,206545,74.63000000000004
29,206595,74.63000000000004
29,206597,74.63000000000004
29,206625,74.63000000000004
29,206671,74.63000000000004
29,206717,74.63000000000004
29,206719,74.63000000000004
29,206721,74.63000000000004
29,206771,74.63000000000004
29,206795,74.63000000000004
29,206819,74.63000000000004
29,206867,74.63000000000004
29,206915,74.63000000000004
29,206941,74.63000000000004
29,206991,74.63000000000004
29,207015,74.63000000000004
29,207039,74.63000000000004
29,207087,75.37000000000002
29,207089,75.37000000000002
29,207135,75.37000000000002
29,207183,75.37000000000002
29,207207,75.37000000000002
29,207255,75.37000000000002
29,207279,75.37000000000002
29,207327,75.37000000000002
29,207355,75.37000000000002
29,207403,75.37000000000002
29,207461,75.37000000000002
29,207491,75.37000000000002
29,207515,75.37000000000002
29,207565,75.37000000000002
29,207591,77.22000000000001
29,207637,77.22000000000001
29,207661,77.22000000000001
29,207707,77.22000000000001
29,207753,77.22000000000001
29,207801,77.22000000000001
29,207825,77.22000000000001
29,207873,77.22000000000001
29,207923,77.22000000000001
29,207971,77.22000000000001
29,207997,77.22000000000001
29,208021,77.22000000000001
29,208045,77.22000000000001
29,208097,77.22000000000001
29,208145,77.22000000000001
29,208191,77.22000000000001
29,208193,77.22000000000001
29,208195,77.22000000000001
29,208197,77.22000000000001
29,208225,77.22000000000001
29,208249,77.22000000000001
29,208299,77.22000000000001
29,208345,77.22000000000001
29,208369,77.34000000000003
29,208393,87.16
29,208421,87.16
29,208447,87.16
29,208449,87.16
29,208473,87.16
29,208497,87.16
29,208499,87.16
29,208545,87.16
29,208571,87.16
29,208595,87.16
29,208641,87.16
29,208665,87.16
29,208711,87.16
29,208759,87.16
29,208787,87.16
29,208789,87.16
29,208813,94.59
29,208837,94.59
29,208865,94.59
29,208889,94.59
29,208891,94.59
29,208937,94.59
29,208987,94.59
29,209035,94.59
29,209063,94.59
29,209087,94.59
29,209115,94.59
29,209139,94.59
29,209187,94.59
29,209235,94.59
29,209285,94.59
29,209309,94.59
29,209335,94.59
29,209381,94.59
29,209429,94.59
29,209475,94.59
29,209499,94.59
29,209547,94.59
29,209571,94.59
29,209595,94.59
29,209597,94.59
29,209645,94.59
29,209671,94.59
29,209695,109.55000000000001
29,209741,109.55000000000001
29,209765,109.55000000000001
29,209813,109.55000000000001
29,209859,109.55000000000001
29,209905,109.55000000000001
29,209933,109.55000000000001
29,209957,109.55000000000001
29,210005,109.55000000000001
29,210029,109.55000000000001
29,210077,109.55000000000001
29,210123,109.55000000000001
29,210125,109.55000000000001
29,210127,109.55000000000001
29,210157,109.55000000000001
29,210181,109.55000000000001
29,210183,109.55000000000001
29,210209,109.55000000000001
29,210233,109.55000000000001
29,210283,109.55000000000001
29,210309,109.55000000000001
29,210355,110.11000000000003
29,210401,110.11000000000003
29,210425,110.11000000000003
29,210471,110.11000000000003
29,210497,110.11000000000003
29,210523,110.11000000000003
29,210569,110.11000000000003
29,210571,110.11000000000003
29,210573,110.11000000000003
29,210601,110.11000000000003
29,210603,110.11000000000003
29,210629,110.11000000000003
29,210657,110.11000000000003
29,210683,110.11000000000003
29,210729,110.11000000000003
29,210777,110.11000000000003
29,210827,110.11000000000003
29,210851,110.11000000000003
29,210877,110.11000000000003
29,210925,110.11000000000003
29,210977,110.11000000000003
29,211025,110.11000000000003
29,211027,110.11000000000003
29,211051,110.11000000000003
29,211053,110.11000000000003
29,211079,110.11000000000003
29,211127,110.11000000000003
29,211129,110.11000000000003
30,201136,45.069999999999965
30,201160,45.459999999999994
30,205307,47.28999999999997
30,205353,50.03999999999999
30,205377,50.03999999999999
30,205401,50.03999999999999
30,205403,50.03999999999999
30,205429,50.03999999999999
30,205475,67.30999999999999
30,205499,67.30999999999999
30,205525,67.30999999999999
30,205549,67.30999999999999
30,205579,67.30999999999999
30,205629,67.30999999999999
30,205677,67.30999999999999
30,205723,67.30999999999999
30,205771,67.30999999999999
30,205817,67.30999999999999
30,205841,67.30999999999999
30,205865,67.30999999999999
30,205889,67.30999999999999
30,205913,67.30999999999999
30,205969,67.30999999999999
30,206017,67.30999999999999
30,206071,67.30999999999999
30,206099,67.30999999999999
30,206147,67.30999999999999
30,206171,67.30999999999999
30,206217,67.30999999999999
30,206241,67.30999999999999
30,206265,67.30999999999999
30,206297,67.30999999999999
30,206321,67.30999999999999
30,206345,70.05000000000001
30,206393,70.05000000000001
30,206441,70.05000000000001
30,206465,70.05000000000001
30,206489,70.05000000000001
30,206535,70.05000000000001
30,206581,70.05000000000001
30,206605,70.05000000000001
30,206633,70.05000000000001
30,206657,70.05000000000001
30,206681,70.05000000000001
30,206731,70.05000000000001
30,206781,70.05000000000001
30,206831,70.05000000000001
30,206881,70.05000000000001
30,206927,70.81000000000003
30,206951,70.81000000000003
30,206975,73.70999999999998
30,206999,78.91999999999999
30,207047,78.91999999999999
30,207097,78.91999999999999
30,207099,78.91999999999999
30,207101,78.91999999999999
30,207127,78.91999999999999
30,207177,78.91999999999999
30,207227,78.91999999999999
30,207273,78.91999999999999
30,207297,78.91999999999999
30,207323,78.91999999999999
30,207351,78.91999999999999
30,207375,78.91999999999999
30,207423,78.91999999999999
30,207449,78.91999999999999
30,207495,78.91999999999999
30,207521,78.91999999999999
30,207573,78.91999999999999
30,207575,78.91999999999999
30,207623,78.91999999999999
30,207647,78.91999999999999
30,207697,78.91999999999999
30,207721,78.91999999999999
30,207745,78.91999999999999
30,207747,78.91999999999999
30,207795,78.91999999999999
30,207843,78.91999999999999
30,207845,78.91999999999999
30,207869,78.91999999999999
30,207893,78.91999999999999
30,207919,78.91999999999999
30,207967,78.91999999999999
30,208015,78.91999999999999
30,208041,78.91999999999999
30,208089,78.91999999999999
30,208135,78.91999999999999
30,208185,78.91999999999999
30,208209,78.91999999999999
30,208233,78.91999999999999
30,208279,78.91999999999999
30,208325,78.91999999999999
30,208375,78.91999999999999
30,208403,78.91999999999999
30,208427,78.91999999999999
30,208451,78.91999999999999
30,208475,92.20999999999995
30,208477,92.20999999999995
30,208501,92.20999999999995
30,208547,92.20999999999995
30,208571,92.20999999999995
30,208573,92.20999999999995
30,208603,92.20999999999995
30,208627,92.20999999999995
30,208629,92.20999999999995
30,208679,92.20999999999995
30,208703,92.20999999999995
30,208749,92.20999999999995
30,208799,92.20999999999995
30,208849,92.20999999999995
30,208895,92.20999999999995
30,208921,93.13000000000004
30,208947,93.13000000000004
30,208995,93.13000000000004
30,209043,93.13000000000004
30,209045,93.13000000000004
30,209071,93.13000000000004
30,209097,93.13000000000004
30,209147,93.13000000000004
30,209175,93.13000000000004
30,209221,93.13000000000004
30,209247,93.13000000000004
30,209295,93.13000000000004
30,209321,93.13000000000004
30,209369,107.57
30,209395,107.57
30,209421,107.57
30,209423,107.57
30,209469,107.57
30,209517,107.57
30,209563,107.57
30,209565,107.57
30,209589,107.57
30,209637,107.57
30,209661,107.57
30,209709,107.57
30,209733,107.57
30,209783,107.57
30,209809,107.57
30,209833,107.57
30,209861,107.57
30,209863,107.57
30,209865,107.57
30,209889,107.57
30,209913,107.57
30,209961,107.57
30,209987,107.57
30,210035,107.57
30,210087,107.57
30,210133,107.57
30,210179,107.57
30,210227,107.57
30,210251,107.57
30,210303,107.57
30,210351,107.57
30,210397,107.57
30,210399,107.57
30,210445,107.57
30,210491,107.57
30,210515,107.57
30,210541,107.57
30,210543,107.57
30,210567,107.57
30,210569,107.57
30,210615,107.57
30,210663,107.57
30,210687,107.57
30,210733,107.57
30,210757,107.57
30,210805,107.57
30,210829,107.57
30,210855,107.57
30,210857,107.57
30,210859,107.57
30,210885,107.57
30,210909,107.57
30,210933,107.57
30,210957,107.57
30,210981,107.57
30,211007,107.57
30,211057,107.57
30,211085,107.57
30,211087,107.57
30,211111,107.57
