run,evaluations,best_so_far
1,11756,389.0
1,11758,389.0
1,11772,389.0
1,12403,430.0
1,12429,430.0
1,12445,430.0
1,12459,442.0
1,12489,442.0
1,12515,442.0
1,12517,442.0
1,12531,442.0
1,12545,442.0
1,12559,442.0
1,12585,442.0
1,12601,442.0
1,12627,442.0
1,12653,465.0
1,12667,465.0
1,12701,465.0
1,12731,465.0
1,12733,465.0
1,12759,479.0
1,12787,479.0
1,12803,479.0
1,12817,479.0
1,12835,479.0
1,12849,479.0
1,12863,479.0
1,12865,479.0
1,12891,479.0
1,12919,481.0
1,12933,481.0
1,12949,481.0
1,12951,481.0
1,12981,481.0
1,12983,481.0
1,13009,481.0
1,13025,481.0
1,13053,481.0
1,13079,481.0
1,13107,481.0
1,13123,481.0
1,13151,481.0
1,13179,481.0
1,13209,481.0
1,13225,481.0
1,13255,481.0
1,13257,481.0
1,13275,481.0
1,13303,481.0
1,13317,481.0
1,13345,481.0
1,13359,481.0
1,13387,481.0
1,13389,481.0
1,13403,481.0
1,13429,481.0
1,13443,481.0
1,13461,481.0
1,13463,481.0
1,13479,481.0
1,13507,481.0
1,13523,481.0
1,13537,481.0
1,13553,481.0
1,13581,481.0
1,13615,481.0
1,13629,485.0
1,13657,485.0
1,13659,485.0
1,13661,485.0
1,13677,485.0
1,13693,485.0
1,13707,485.0
1,13709,485.0
1,13735,485.0
1,13751,485.0
1,13777,485.0
1,13795,485.0
1,13811,485.0
1,13813,485.0
1,13815,485.0
1,13829,485.0
1,13845,485.0
1,13871,485.0
1,13873,485.0
1,13891,485.0
1,13923,485.0
1,13937,485.0
1,13965,485.0
1,13995,485.0
1,14025,485.0
1,14041,485.0
1,14069,485.0
1,14083,485.0
1,14109,486.0
1,14135,486.0
1,14137,486.0
1,14151,486.0
1,14153,486.0
1,14167,486.0
1,14199,486.0
1,14227,486.0
1,14253,486.0
1,14267,486.0
1,14269,486.0
1,14271,486.0
1,14297,486.0
1,14311,488.0
1,14341,488.0
1,14355,488.0
1,14357,488.0
1,14371,488.0
1,14387,488.0
1,14415,488.0
1,14429,488.0
1,14459,488.0
1,14473,488.0
1,14475,488.0
1,14477,488.0
1,14491,488.0
1,14521,488.0
1,14549,488.0
1,14563,500.0
1,14577,500.0
1,14603,500.0
1,14619,500.0
1,14645,500.0
1,14671,500.0
1,14699,500.0
1,14725,500.0
1,14727,500.0
1,14741,500.0
1,14769,500.0
1,14783,500.0
1,14813,500.0
1,14831,500.0
1,14859,500.0
1,14889,500.0
1,14905,500.0
1,14933,500.0
1,14961,500.0
1,14975,500.0
1,15005,500.0
1,15031,501.0
1,15061,515.0
1,15077,515.0
1,15091,515.0
1,15119,515.0
1,15121,515.0
1,15123,515.0
1,15137,515.0
1,15151,515.0
1,15179,515.0
1,15181,515.0
1,15213,515.0
1,15239,515.0
1,15271,515.0
1,15287,515.0
1,15315,515.0
1,15317,515.0
1,15355,515.0
1,15371,515.0
1,15399,515.0
1,15415,515.0
1,15441,515.0
1,15443,515.0
1,15459,515.0
1,15461,515.0
1,15479,515.0
1,15493,515.0
1,15521,515.0
1,15523,515.0
1,15537,515.0
1,15551,515.0
1,15577,515.0
1,15593,515.0
1,15607,522.0
1,15621,522.0
1,15637,522.0
1,15665,522.0
1,15667,522.0
1,15695,522.0
1,15709,522.0
1,15723,522.0
1,15749,522.0
1,15775,522.0
1,15791,522.0
1,15805,522.0
1,15821,522.0
1,15847,522.0
1,15873,522.0
1,15905,522.0
1,15937,522.0
1,15965,522.0
1,15979,522.0
1,16007,522.0
1,16035,522.0
1,16037,522.0
1,16039,522.0
1,16053,522.0
1,16083,522.0
1,16101,522.0
1,16115,522.0
1,16143,522.0
1,16157,522.0
1,16187,522.0
1,16203,522.0
1,16223,522.0
1,16251,522.0
1,16265,522.0
1,16267,522.0
1,16293,522.0
1,16309,522.0
1,16323,522.0
1,16339,522.0
1,16365,522.0
1,16391,522.0
1,16419,522.0
1,16437,522.0
1,16451,522.0
1,16467,522.0
1,16483,522.0
1,16485,522.0
1,16499,525.0
1,16501,525.0
1,16515,525.0
1,16543,525.0
1,16557,525.0
1,16587,525.0
1,16621,525.0
1,16651,526.0
1,16679,526.0
1,16693,526.0
1,16725,526.0
1,16741,526.0
1,16755,526.0
1,16769,526.0
1,16785,526.0
1,16787,526.0
1,16803,526.0
1,16821,526.0
1,16835,526.0
1,16849,526.0
1,16869,526.0
1,16871,526.0
1,16885,526.0
1,16901,526.0
1,16933,526.0
1,16947,526.0
1,16973,526.0
1,16989,526.0
1,17021,526.0
1,17037,526.0
1,17055,526.0
1,17071,526.0
1,17087,526.0
1,17101,526.0
1,17125,526.0
1,17127,526.0
1,17145,526.0
1,17183,526.0
1,17197,526.0
1,17199,526.0
1,17201,526.0
1,17215,526.0
1,17233,526.0
1,17247,526.0
1,17249,526.0
1,17251,526.0
1,17277,526.0
1,17291,528.0
1,17317,532.0
1,17343,532.0
1,17359,532.0
1,17389,532.0
1,17417,532.0
1,17433,532.0
1,17461,532.0
1,17463,532.0
1,17491,532.0
1,17517,532.0
1,17543,533.0
1,17569,533.0
1,17597,533.0
1,17599,533.0
1,17601,533.0
1,17615,533.0
1,17629,533.0
1,17643,533.0
1,17671,533.0
1,17685,533.0
1,17699,533.0
1,17727,533.0
1,17741,533.0
1,17769,533.0
1,17783,533.0
1,17797,533.0
1,17799,533.0
1,17829,533.0
1,17855,533.0
1,17869,533.0
1,17885,533.0
1,17887,533.0
1,17915,533.0
1,17941,535.0
1,17957,535.0
1,17971,535.0
1,17997,535.0
1,18025,535.0
1,18041,535.0
1,18055,535.0
1,18071,535.0
1,18085,535.0
1,18087,535.0
1,18089,535.0
1,18091,535.0
1,18093,535.0
1,18107,535.0
1,18109,535.0
1,18127,535.0
1,18145,535.0
1,18159,535.0
1,18185,535.0
1,18213,535.0
1,18227,535.0
1,18261,535.0
1,18287,535.0
1,18303,535.0
1,18331,535.0
1,18333,535.0
1,18347,538.0
1,18349,538.0
1,18363,538.0
1,18379,538.0
1,18393,538.0
1,18407,545.0
1,18437,545.0
1,18453,545.0
1,18469,545.0
1,18485,545.0
1,18513,545.0
1,18515,545.0
1,18541,545.0
1,18573,545.0
1,18575,545.0
1,18577,545.0
1,18591,545.0
1,18607,545.0
1,18633,545.0
1,18665,545.0
1,18667,545.0
1,18695,545.0
1,18711,545.0
1,18739,545.0
1,18771,545.0
1,18785,545.0
1,18813,545.0
1,18839,545.0
1,18853,545.0
1,18883,545.0
1,18909,545.0
1,18911,545.0
1,18927,545.0
1,18957,545.0
1,18983,545.0
1,18985,545.0
1,19015,545.0
1,19043,545.0
1,19071,545.0
1,19085,545.0
1,19115,547.0
1,19131,547.0
1,19159,547.0
1,19185,547.0
1,19217,547.0
1,19243,547.0
1,19257,547.0
1,19259,547.0
1,19289,547.0
1,19291,547.0
1,19319,547.0
1,19333,547.0
1,19335,547.0
1,19349,547.0
1,19363,547.0
1,19391,547.0
1,19393,547.0
1,19395,547.0
1,19397,547.0
1,19425,547.0
1,19439,547.0
1,19453,547.0
1,19455,547.0
1,19473,547.0
1,19489,547.0
1,19517,547.0
1,19533,547.0
1,19535,547.0
1,19551,547.0
1,19567,547.0
1,19583,547.0
1,19597,547.0
1,19613,547.0
1,19639,547.0
1,19665,547.0
1,19667,547.0
1,19669,547.0
1,19697,547.0
1,19725,547.0
1,19755,547.0
1,19781,547.0
1,19783,547.0
1,19797,547.0
1,19799,547.0
1,19829,547.0
1,19831,547.0
1,19849,547.0
1,19863,547.0
1,19891,547.0
1,19907,547.0
1,19933,547.0
1,19961,547.0
1,19987,547.0
1,20015,547.0
1,20041,547.0
1,20057,547.0
1,20071,547.0
1,20087,547.0
1,20115,547.0
1,20117,547.0
1,20143,547.0
1,20161,547.0
1,20177,547.0
1,20207,547.0
1,20225,547.0
1,20239,547.0
1,20255,547.0
1,20281,547.0
1,20307,547.0
1,20323,547.0
1,20339,547.0
1,20355,547.0
1,20381,547.0
1,20397,547.0
1,20399,547.0
1,20425,547.0
1,20427,547.0
1,20441,547.0
1,20443,547.0
1,20457,547.0
1,20471,547.0
1,20485,547.0
1,20487,547.0
1,20501,547.0
1,20529,547.0
1,20559,547.0
1,20587,547.0
1,20615,547.0
1,20641,547.0
1,20669,547.0
1,20699,547.0
1,20701,547.0
1,20715,547.0
1,20729,547.0
1,20757,547.0
1,20771,547.0
1,20801,547.0
1,20833,547.0
1,20847,547.0
1,20873,547.0
1,20889,547.0
1,20917,547.0
1,20919,547.0
1,20949,547.0
1,20967,547.0
1,20997,547.0
1,21011,547.0
1,21025,547.0
1,21039,547.0
1,21065,547.0
1,21067,547.0
1,21081,547.0
1,21095,547.0
1,21109,547.0
1,21135,547.0
1,21149,547.0
1,21177,547.0
1,21207,547.0
1,21221,547.0
1,21253,547.0
1,21279,547.0
1,21295,547.0
1,21313,547.0
1,21327,547.0
1,21345,547.0
1,21347,547.0
1,21375,547.0
1,21377,547.0
1,21407,547.0
1,21439,547.0
1,21467,547.0
1,21487,547.0
1,21489,547.0
1,21503,547.0
1,21529,547.0
1,21555,547.0
1,21587,547.0
1,21617,547.0
1,21631,547.0
1,21659,547.0
1,21687,547.0
1,21703,547.0
1,21717,547.0
1,21719,547.0
1,21733,547.0
1,21761,547.0
2,11816,381.0
2,11848,381.0
2,11876,389.0
2,11892,389.0
2,11924,389.0
2,11950,396.0
2,11976,396.0
2,12004,396.0
2,12022,405.0
2,12036,405.0
2,12038,405.0
2,12064,405.0
2,12605,405.0
2,12619,405.0
2,12635,405.0
2,12665,405.0
2,12681,405.0
2,12713,405.0
2,12729,405.0
2,12743,405.0
2,12745,405.0
2,12747,405.0
2,12773,405.0
2,12787,405.0
2,12817,405.0
2,12831,421.0
2,12859,421.0
2,12875,421.0
2,12891,421.0
2,12905,421.0
2,12923,421.0
2,12953,421.0
2,12969,421.0
2,12983,432.0
2,12997,432.0
2,13017,432.0
2,13019,432.0
2,13033,432.0
2,13049,432.0
2,13075,435.0
2,13089,435.0
2,13103,437.0
2,13131,440.0
2,13147,440.0
2,13179,440.0
2,13193,440.0
2,13207,440.0
2,13221,458.0
2,13249,458.0
2,13283,458.0
2,13297,458.0
2,13325,458.0
2,13351,458.0
2,13379,458.0
2,13393,458.0
2,13421,458.0
2,13435,458.0
2,13465,458.0
2,13491,473.0
2,13519,473.0
2,13545,473.0
2,13561,473.0
2,13563,473.0
2,13589,485.0
2,13603,485.0
2,13631,485.0
2,13645,485.0
2,13671,485.0
2,13685,485.0
2,13713,485.0
2,13715,485.0
2,13745,485.0
2,13771,485.0
2,13785,485.0
2,13813,485.0
2,13845,485.0
2,13875,485.0
2,13903,485.0
2,13905,485.0
2,13933,485.0
2,13961,485.0
2,13975,485.0
2,14001,494.0
2,14003,494.0
2,14019,494.0
2,14033,494.0
2,14049,494.0
2,14063,494.0
2,14093,494.0
2,14107,494.0
2,14109,494.0
2,14139,494.0
2,14167,494.0
2,14195,494.0
2,14211,494.0
2,14237,494.0
2,14253,494.0
2,14271,494.0
2,14297,494.0
2,14311,494.0
2,14339,498.0
2,14367,498.0
2,14369,498.0
2,14385,498.0
2,14399,498.0
2,14425,499.0
2,14453,501.0
2,14485,501.0
2,14487,501.0
2,14501,501.0
2,14527,501.0
2,14541,501.0
2,14543,501.0
2,14575,501.0
2,14605,513.0
2,14607,513.0
2,14621,513.0
2,14649,513.0
2,14679,513.0
2,14693,513.0
2,14721,514.0
2,14737,514.0
2,14739,514.0
2,14765,514.0
2,14779,514.0
2,14805,514.0
2,14807,514.0
2,14821,514.0
2,14849,514.0
2,14867,514.0
2,14869,514.0
2,14885,514.0
2,14913,514.0
2,14941,514.0
2,14967,514.0
2,14969,514.0
2,14999,528.0
2,15013,528.0
2,15015,528.0
2,15031,528.0
2,15033,528.0
2,15035,528.0
2,15063,528.0
2,15065,528.0
2,15091,528.0
2,15093,528.0
2,15095,528.0
2,15121,528.0
2,15153,528.0
2,15171,528.0
2,15191,528.0
2,15205,528.0
2,15219,528.0
2,15233,528.0
2,15261,528.0
2,15279,528.0
2,15281,528.0
2,15307,528.0
2,15335,533.0
2,15349,533.0
2,15351,533.0
2,15365,533.0
2,15383,533.0
2,15397,533.0
2,15411,533.0
2,15413,533.0
2,15439,533.0
2,15453,533.0
2,15481,533.0
2,15495,533.0
2,15497,533.0
2,15523,533.0
2,15525,533.0
2,15553,535.0
2,15567,535.0
2,15569,535.0
2,15597,535.0
2,15613,535.0
2,15615,535.0
2,15641,535.0
2,15655,535.0
2,15685,535.0
2,15717,535.0
2,15737,535.0
2,15765,535.0
2,15779,535.0
2,15809,535.0
2,15835,535.0
2,15861,535.0
2,15875,535.0
2,15907,535.0
2,15933,535.0
2,15947,535.0
2,15975,535.0
2,15977,535.0
2,16005,535.0
2,16035,535.0
2,16061,535.0
2,16063,535.0
2,16065,535.0
2,16079,535.0
2,16095,535.0
2,16111,535.0
2,16127,535.0
2,16155,535.0
2,16171,535.0
2,16173,535.0
2,16187,535.0
2,16217,535.0
2,16243,535.0
2,16271,535.0
2,16289,535.0
2,16303,535.0
2,16331,535.0
2,16359,535.0
2,16375,535.0
2,16401,535.0
2,16415,535.0
2,16441,535.0
2,16471,535.0
2,16485,535.0
2,16515,535.0
2,16541,535.0
2,16557,535.0
2,16585,535.0
2,16599,535.0
2,16625,535.0
2,16643,535.0
2,16657,535.0
2,16673,535.0
2,16687,535.0
2,16715,535.0
2,16735,535.0
2,16763,535.0
2,16777,535.0
2,16779,535.0
2,16805,535.0
2,16833,535.0
2,16863,535.0
2,16891,535.0
2,16905,535.0
2,16907,535.0
2,16935,535.0
2,16961,535.0
2,16979,535.0
2,16993,537.0
2,17009,537.0
2,17011,537.0
2,17041,537.0
2,17043,537.0
2,17057,537.0
2,17071,537.0
2,17101,541.0
2,17115,541.0
2,17129,541.0
2,17157,541.0
2,17185,541.0
2,17201,541.0
2,17215,541.0
2,17233,541.0
2,17247,541.0
2,17261,541.0
2,17291,541.0
2,17293,541.0
2,17307,541.0
2,17321,541.0
2,17335,541.0
2,17337,541.0
2,17339,541.0
2,17353,541.0
2,17367,541.0
2,17381,541.0
2,17411,541.0
2,17413,541.0
2,17439,541.0
2,17441,541.0
2,17443,541.0
2,17461,541.0
2,17493,542.0
2,17507,542.0
2,17535,542.0
2,17549,542.0
2,17577,542.0
2,17593,542.0
2,17611,542.0
2,17613,542.0
2,17627,542.0
2,17643,542.0
2,17657,542.0
2,17673,542.0
2,17699,542.0
2,17713,542.0
2,17727,542.0
2,17757,548.0
2,17771,548.0
2,17787,548.0
2,17789,548.0
2,17819,548.0
2,17833,548.0
2,17847,548.0
2,17873,548.0
2,17875,548.0
2,17889,548.0
2,17915,548.0
2,17917,548.0
2,17945,548.0
2,17977,548.0
2,17991,548.0
2,18017,548.0
2,18033,548.0
2,18061,548.0
2,18075,548.0
2,18105,548.0
2,18119,548.0
2,18135,548.0
2,18149,548.0
2,18177,548.0
2,18191,548.0
2,18221,548.0
2,18235,548.0
2,18251,548.0
2,18281,548.0
2,18311,548.0
2,18327,548.0
2,18353,548.0
2,18381,548.0
2,18383,548.0
2,18397,548.0
2,18413,548.0
2,18415,548.0
2,18429,548.0
2,18431,548.0
2,18445,548.0
2,18461,548.0
2,18475,548.0
2,18491,548.0
2,18493,548.0
2,18507,548.0
2,18535,548.0
2,18561,548.0
2,18589,548.0
2,18617,548.0
2,18631,548.0
2,18645,548.0
2,18677,548.0
2,18703,548.0
2,18733,548.0
2,18759,548.0
2,18773,548.0
2,18801,548.0
2,18831,548.0
2,18849,548.0
2,18877,548.0
2,18905,548.0
2,18933,548.0
2,18935,548.0
2,18951,548.0
2,18977,548.0
2,19003,548.0
2,19029,548.0
2,19031,548.0
2,19061,548.0
2,19077,548.0
2,19105,548.0
2,19131,548.0
2,19145,548.0
2,19161,548.0
2,19175,548.0
2,19203,548.0
2,19205,548.0
2,19233,548.0
2,19247,548.0
2,19273,548.0
2,19301,548.0
2,19327,548.0
2,19343,548.0
2,19371,548.0
2,19389,548.0
2,19403,548.0
2,19405,548.0
2,19431,548.0
2,19433,548.0
2,19451,548.0
2,19477,549.0
2,19505,549.0
2,19533,549.0
2,19563,549.0
2,19579,549.0
2,19593,549.0
2,19595,549.0
2,19623,549.0
2,19655,549.0
2,19685,549.0
2,19699,549.0
2,19737,549.0
2,19765,549.0
2,19793,549.0
2,19807,549.0
2,19821,549.0
2,19823,549.0
2,19853,549.0
2,19871,549.0
2,19899,549.0
2,19901,549.0
2,19921,549.0
2,19937,549.0
2,19951,549.0
2,19965,549.0
2,19995,549.0
2,20009,549.0
2,20011,549.0
2,20025,549.0
2,20051,549.0
2,20065,549.0
2,20095,549.0
2,20109,549.0
2,20111,549.0
2,20113,549.0
2,20141,549.0
2,20157,549.0
2,20175,549.0
2,20177,549.0
2,20191,549.0
2,20193,549.0
2,20223,549.0
2,20239,549.0
2,20265,549.0
2,20279,549.0
2,20293,549.0
2,20307,549.0
2,20323,549.0
2,20349,549.0
2,20375,549.0
2,20405,549.0
2,20431,549.0
2,20445,549.0
2,20471,549.0
2,20499,549.0
2,20515,549.0
2,20529,549.0
2,20563,549.0
2,20579,549.0
2,20611,549.0
2,20637,549.0
2,20663,549.0
2,20677,549.0
2,20679,549.0
2,20705,549.0
2,20719,549.0
2,20733,549.0
2,20747,549.0
2,20761,549.0
2,20763,549.0
2,20791,549.0
2,20821,549.0
2,20835,549.0
2,20863,549.0
2,20877,549.0
2,20891,549.0
2,20905,549.0
2,20919,549.0
2,20921,549.0
2,20923,549.0
2,20937,549.0
2,20965,549.0
2,20991,549.0
2,21007,549.0
2,21021,549.0
2,21049,549.0
2,21079,549.0
2,21105,549.0
2,21133,549.0
2,21147,549.0
2,21173,549.0
2,21199,549.0
2,21217,549.0
2,21231,549.0
2,21257,549.0
2,21271,549.0
2,21297,549.0
2,21313,549.0
2,21327,549.0
2,21343,549.0
2,21361,549.0
2,21375,549.0
2,21389,549.0
2,21417,549.0
2,21447,549.0
2,21463,549.0
2,21477,549.0
2,21505,549.0
2,21519,549.0
2,21547,549.0
2,21573,549.0
2,21599,549.0
2,21617,549.0
2,21619,549.0
2,21633,549.0
2,21647,549.0
2,21663,549.0
2,21677,549.0
2,21679,549.0
2,21693,549.0
2,21723,549.0
2,21737,549.0
2,21753,549.0
2,21771,549.0
2,21787,549.0
3,11754,379.0
3,11784,379.0
3,11818,379.0
3,11820,379.0
3,11846,379.0
3,11848,379.0
3,12447,379.0
3,12461,408.0
3,12475,419.0
3,12477,419.0
3,12491,419.0
3,12493,419.0
3,12495,419.0
3,12525,419.0
3,12555,419.0
3,12569,419.0
3,12595,439.0
3,12609,439.0
3,12611,439.0
3,12625,439.0
3,12653,439.0
3,12679,439.0
3,12693,439.0
3,12721,439.0
3,12749,439.0
3,12769,439.0
3,12771,439.0
3,12785,439.0
3,12813,461.0
3,12827,461.0
3,12841,461.0
3,12869,461.0
3,12895,464.0
3,12909,464.0
3,12935,464.0
3,12951,464.0
3,12981,464.0
3,13009,464.0
3,13037,464.0
3,13051,464.0
3,13053,464.0
3,13067,464.0
3,13083,464.0
3,13085,464.0
3,13113,464.0
3,13141,464.0
3,13171,464.0
3,13197,472.0
3,13223,472.0
3,13225,472.0
3,13227,472.0
3,13253,472.0
3,13283,475.0
3,13299,475.0
3,13325,475.0
3,13353,475.0
3,13367,475.0
3,13393,475.0
3,13421,475.0
3,13435,475.0
3,13463,480.0
3,13493,480.0
3,13523,496.0
3,13537,506.0
3,13539,506.0
3,13553,506.0
3,13581,506.0
3,13597,506.0
3,13599,506.0
3,13627,506.0
3,13653,506.0
3,13679,506.0
3,13705,506.0
3,13707,506.0
3,13733,506.0
3,13747,506.0
3,13749,506.0
3,13767,506.0
3,13785,506.0
3,13799,506.0
3,13813,508.0
3,13829,508.0
3,13859,508.0
3,13887,508.0
3,13917,508.0
3,13951,508.0
3,13965,508.0
3,13997,508.0
3,14029,508.0
3,14057,508.0
3,14083,508.0
3,14109,508.0
3,14137,508.0
3,14153,508.0
3,14169,508.0
3,14171,508.0
3,14185,508.0
3,14201,508.0
3,14219,508.0
3,14245,508.0
3,14263,508.0
3,14277,508.0
3,14279,508.0
3,14297,508.0
3,14327,508.0
3,14341,508.0
3,14359,508.0
3,14375,508.0
3,14391,508.0
3,14419,508.0
3,14449,508.0
3,14475,508.0
3,14489,508.0
3,14521,508.0
3,14535,508.0
3,14549,508.0
3,14577,508.0
3,14595,508.0
3,14609,508.0
3,14611,508.0
3,14625,508.0
3,14627,508.0
3,14641,508.0
3,14655,508.0
3,14681,508.0
3,14707,512.0
3,14725,512.0
3,14739,512.0
3,14755,512.0
3,14757,512.0
3,14771,512.0
3,14785,512.0
3,14787,512.0
3,14801,512.0
3,14817,512.0
3,14831,513.0
3,14857,513.0
3,14871,513.0
3,14887,513.0
3,14903,513.0
3,14917,513.0
3,14949,513.0
3,14963,513.0
3,14993,513.0
3,15007,513.0
3,15021,513.0
3,15035,513.0
3,15065,523.0
3,15093,523.0
3,15123,523.0
3,15149,523.0
3,15165,523.0
3,15195,523.0
3,15211,523.0
3,15239,523.0
3,15257,523.0
3,15283,523.0
3,15297,523.0
3,15311,523.0
3,15313,523.0
3,15327,523.0
3,15341,523.0
3,15371,523.0
3,15385,523.0
3,15401,523.0
3,15419,523.0
3,15421,523.0
3,15423,523.0
3,15425,523.0
3,15439,523.0
3,15453,523.0
3,15467,523.0
3,15493,523.0
3,15529,523.0
3,15557,523.0
3,15583,523.0
3,15585,523.0
3,15619,523.0
3,15647,523.0
3,15649,523.0
3,15663,523.0
3,15665,523.0
3,15693,523.0
3,15709,523.0
3,15727,523.0
3,15741,523.0
3,15755,523.0
3,15773,523.0
3,15787,523.0
3,15803,523.0
3,15817,523.0
3,15833,523.0
3,15847,523.0
3,15849,523.0
3,15863,523.0
3,15865,523.0
3,15867,523.0
3,15881,523.0
3,15909,523.0
3,15925,523.0
3,15941,523.0
3,15971,523.0
3,16001,523.0
3,16015,523.0
3,16041,523.0
3,16069,523.0
3,16071,523.0
3,16085,523.0
3,16099,523.0
3,16131,523.0
3,16149,523.0
3,16175,523.0
3,16209,523.0
3,16223,523.0
3,16239,523.0
3,16253,523.0
3,16269,523.0
3,16283,523.0
3,16299,523.0
3,16313,523.0
3,16315,523.0
3,16317,523.0
3,16319,523.0
3,16333,523.0
3,16349,523.0
3,16365,523.0
3,16381,523.0
3,16415,523.0
3,16417,523.0
3,16433,523.0
3,16447,525.0
3,16465,525.0
3,16491,525.0
3,16521,525.0
3,16537,525.0
3,16569,525.0
3,16583,525.0
3,16615,525.0
3,16635,525.0
3,16649,525.0
3,16681,526.0
3,16695,526.0
3,16709,526.0
3,16739,526.0
3,16771,526.0
3,16785,526.0
3,16787,526.0
3,16805,526.0
3,16807,526.0
3,16835,526.0
3,16837,526.0
3,16865,526.0
3,16881,526.0
3,16895,526.0
3,16911,526.0
3,16941,526.0
3,16943,526.0
3,16957,526.0
3,16985,526.0
3,16987,526.0
3,17001,526.0
3,17015,526.0
3,17043,526.0
3,17057,526.0
3,17083,526.0
3,17109,526.0
3,17111,526.0
3,17127,526.0
3,17157,526.0
3,17177,526.0
3,17195,526.0
3,17211,526.0
3,17225,526.0
3,17227,526.0
3,17253,526.0
3,17279,526.0
3,17305,526.0
3,17331,526.0
3,17345,526.0
3,17371,527.0
3,17385,527.0
3,17399,527.0
3,17431,527.0
3,17449,527.0
3,17479,527.0
3,17505,527.0
3,17507,527.0
3,17535,527.0
3,17549,527.0
3,17579,527.0
3,17609,527.0
3,17625,527.0
3,17653,527.0
3,17667,527.0
3,17669,527.0
3,17683,527.0
3,17709,527.0
3,17727,527.0
3,17743,527.0
3,17759,527.0
3,17775,527.0
3,17805,527.0
3,17835,527.0
3,17861,527.0
3,17875,527.0
3,17889,527.0
3,17907,527.0
3,17921,527.0
3,17923,527.0
3,17925,527.0
3,17941,527.0
3,17967,527.0
3,17969,527.0
3,17971,527.0
3,17989,527.0
3,18015,531.0
3,18031,531.0
3,18045,531.0
3,18071,531.0
3,18093,531.0
3,18095,531.0
3,18111,531.0
3,18139,531.0
3,18141,531.0
3,18155,531.0
3,18169,531.0
3,18183,531.0
3,18209,531.0
3,18223,531.0
3,18251,531.0
3,18253,531.0
3,18279,536.0
3,18293,536.0
3,18309,536.0
3,18311,536.0
3,18341,536.0
3,18367,536.0
3,18393,536.0
3,18427,536.0
3,18453,536.0
3,18483,536.0
3,18513,536.0
3,18539,536.0
3,18541,536.0
3,18567,536.0
3,18569,536.0
3,18583,536.0
3,18603,536.0
3,18619,536.0
3,18635,536.0
3,18651,536.0
3,18683,542.0
3,18711,542.0
3,18727,542.0
3,18729,542.0
3,18757,542.0
3,18771,542.0
3,18773,542.0
3,18799,542.0
3,18827,542.0
3,18829,542.0
3,18855,542.0
3,18883,542.0
3,18903,542.0
3,18917,542.0
3,18919,542.0
3,18947,542.0
3,18961,542.0
3,18989,542.0
3,18991,542.0
3,19017,542.0
3,19047,542.0
3,19061,542.0
3,19075,542.0
3,19089,542.0
3,19091,542.0
3,19121,542.0
3,19149,542.0
3,19163,542.0
3,19189,542.0
3,19203,542.0
3,19217,542.0
3,19231,542.0
3,19245,542.0
3,19261,542.0
3,19293,542.0
3,19309,542.0
3,19335,542.0
3,19337,542.0
3,19351,542.0
3,19353,542.0
3,19379,542.0
3,19407,542.0
3,19437,542.0
3,19451,542.0
3,19465,542.0
3,19493,542.0
3,19507,542.0
3,19535,542.0
3,19563,542.0
3,19589,542.0
3,19603,542.0
3,19629,542.0
3,19663,542.0
3,19679,542.0
3,19695,542.0
3,19725,542.0
3,19751,542.0
3,19765,542.0
3,19793,542.0
3,19811,542.0
3,19839,542.0
3,19853,542.0
3,19867,542.0
3,19883,542.0
3,19899,542.0
3,19917,542.0
3,19931,542.0
3,19945,542.0
3,19959,542.0
3,19985,542.0
3,19987,542.0
3,20001,542.0
3,20029,542.0
3,20043,542.0
3,20057,542.0
3,20071,542.0
3,20101,542.0
3,20115,542.0
3,20129,542.0
3,20145,542.0
3,20171,542.0
3,20187,542.0
3,20219,542.0
3,20245,542.0
3,20275,542.0
3,20289,542.0
3,20305,542.0
3,20333,542.0
3,20363,542.0
3,20393,542.0
3,20419,542.0
3,20437,542.0
3,20465,542.0
3,20479,542.0
3,20493,542.0
3,20507,542.0
3,20509,542.0
3,20525,542.0
3,20551,542.0
3,20571,542.0
3,20587,542.0
3,20615,542.0
3,20629,542.0
3,20643,542.0
3,20669,542.0
3,20671,542.0
3,20685,542.0
3,20715,542.0
3,20749,542.0
3,20751,542.0
3,20767,542.0
3,20781,542.0
3,20795,542.0
3,20809,542.0
3,20837,542.0
3,20865,542.0
3,20879,542.0
3,20905,542.0
3,20919,542.0
3,20921,542.0
3,20923,542.0
3,20937,542.0
3,20939,542.0
3,20967,542.0
3,21001,542.0
3,21035,542.0
3,21067,542.0
3,21093,542.0
3,21111,542.0
3,21139,542.0
3,21167,542.0
3,21183,542.0
3,21215,542.0
3,21231,542.0
3,21247,542.0
3,21261,542.0
3,21263,542.0
3,21295,542.0
3,21309,542.0
3,21311,542.0
3,21339,542.0
3,21353,542.0
3,21355,542.0
3,21381,542.0
3,21399,542.0
3,21429,542.0
3,21443,542.0
3,21471,542.0
3,21485,542.0
3,21503,542.0
3,21517,542.0
3,21519,542.0
3,21545,542.0
3,21559,542.0
3,21587,542.0
3,21615,542.0
3,21641,542.0
3,21659,542.0
3,21673,542.0
3,21689,542.0
3,21705,542.0
3,21735,542.0
3,21749,542.0
4,11536,373.0
4,11562,373.0
4,11576,373.0
4,11590,419.0
4,12283,419.0
4,12285,419.0
4,12301,419.0
4,12329,419.0
4,12331,419.0
4,12347,419.0
4,12373,419.0
4,12387,419.0
4,12401,419.0
4,12415,419.0
4,12431,419.0
4,12433,419.0
4,12461,419.0
4,12487,419.0
4,12515,419.0
4,12531,419.0
4,12545,419.0
4,12547,419.0
4,12573,419.0
4,12589,419.0
4,12617,419.0
4,12643,419.0
4,12669,419.0
4,12683,419.0
4,12685,419.0
4,12699,429.0
4,12715,429.0
4,12729,438.0
4,12755,438.0
4,12785,438.0
4,12799,438.0
4,12817,438.0
4,12845,438.0
4,12873,440.0
4,12889,440.0
4,12891,440.0
4,12919,440.0
4,12935,440.0
4,12965,440.0
4,12967,440.0
4,12981,440.0
4,12995,445.0
4,13009,445.0
4,13025,445.0
4,13051,445.0
4,13053,445.0
4,13067,445.0
4,13087,445.0
4,13117,445.0
4,13131,445.0
4,13157,445.0
4,13183,455.0
4,13185,455.0
4,13213,455.0
4,13215,455.0
4,13231,455.0
4,13249,455.0
4,13251,455.0
4,13281,455.0
4,13311,455.0
4,13341,455.0
4,13355,455.0
4,13371,455.0
4,13403,455.0
4,13431,455.0
4,13459,464.0
4,13475,464.0
4,13477,464.0
4,13479,464.0
4,13509,464.0
4,13523,464.0
4,13553,464.0
4,13567,464.0
4,13569,464.0
4,13583,464.0
4,13585,464.0
4,13613,477.0
4,13627,477.0
4,13641,488.0
4,13661,488.0
4,13687,488.0
4,13701,488.0
4,13715,488.0
4,13717,488.0
4,13743,488.0
4,13745,488.0
4,13771,488.0
4,13797,494.0
4,13823,494.0
4,13825,494.0
4,13839,494.0
4,13867,494.0
4,13897,494.0
4,13927,494.0
4,13941,494.0
4,13971,494.0
4,13985,494.0
4,14001,494.0
4,14015,494.0
4,14041,494.0
4,14069,494.0
4,14083,494.0
4,14085,494.0
4,14113,494.0
4,14115,494.0
4,14129,494.0
4,14145,494.0
4,14161,494.0
4,14175,494.0
4,14177,494.0
4,14195,494.0
4,14225,494.0
4,14241,494.0
4,14243,494.0
4,14245,494.0
4,14275,498.0
4,14289,501.0
4,14317,501.0
4,14331,501.0
4,14333,501.0
4,14361,501.0
4,14375,501.0
4,14403,501.0
4,14433,501.0
4,14435,501.0
4,14467,501.0
4,14485,501.0
4,14501,501.0
4,14527,501.0
4,14541,501.0
4,14567,501.0
4,14593,505.0
4,14595,505.0
4,14621,505.0
4,14635,505.0
4,14661,505.0
4,14675,505.0
4,14689,505.0
4,14703,505.0
4,14705,505.0
4,14707,505.0
4,14733,505.0
4,14761,505.0
4,14791,505.0
4,14817,505.0
4,14833,505.0
4,14851,505.0
4,14871,505.0
4,14887,505.0
4,14901,505.0
4,14903,505.0
4,14919,505.0
4,14933,505.0
4,14947,505.0
4,14961,505.0
4,14975,505.0
4,15001,507.0
4,15017,507.0
4,15043,507.0
4,15045,507.0
4,15071,507.0
4,15085,507.0
4,15087,507.0
4,15089,507.0
4,15123,507.0
4,15125,507.0
4,15139,507.0
4,15169,507.0
4,15195,511.0
4,15209,511.0
4,15211,511.0
4,15239,511.0
4,15265,511.0
4,15293,511.0
4,15319,511.0
4,15333,511.0
4,15347,511.0
4,15379,511.0
4,15405,512.0
4,15433,512.0
4,15447,512.0
4,15463,512.0
4,15489,512.0
4,15503,512.0
4,15525,512.0
4,15539,512.0
4,15565,520.0
4,15581,520.0
4,15607,520.0
4,15635,520.0
4,15665,520.0
4,15691,520.0
4,15717,520.0
4,15731,520.0
4,15745,520.0
4,15771,520.0
4,15773,520.0
4,15789,520.0
4,15807,520.0
4,15835,520.0
4,15861,520.0
4,15889,523.0
4,15891,523.0
4,15893,523.0
4,15921,523.0
4,15935,523.0
4,15949,523.0
4,15975,523.0
4,15989,523.0
4,16015,523.0
4,16041,524.0
4,16067,524.0
4,16099,524.0
4,16113,524.0
4,16115,524.0
4,16141,524.0
4,16155,524.0
4,16171,524.0
4,16199,524.0
4,16225,524.0
4,16239,524.0
4,16241,524.0
4,16257,524.0
4,16259,524.0
4,16273,524.0
4,16301,524.0
4,16315,524.0
4,16341,524.0
4,16355,524.0
4,16373,524.0
4,16401,524.0
4,16417,524.0
4,16431,524.0
4,16459,524.0
4,16489,524.0
4,16503,528.0
4,16517,528.0
4,16545,528.0
4,16577,528.0
4,16579,528.0
4,16595,528.0
4,16609,528.0
4,16623,528.0
4,16625,528.0
4,16641,528.0
4,16671,528.0
4,16697,528.0
4,16715,528.0
4,16731,528.0
4,16745,528.0
4,16771,528.0
4,16803,528.0
4,16819,528.0
4,16821,528.0
4,16835,528.0
4,16851,528.0
4,16853,528.0
4,16855,528.0
4,16889,528.0
4,16891,528.0
4,16907,528.0
4,16909,528.0
4,16925,528.0
4,16953,528.0
4,16979,531.0
4,16993,531.0
4,16995,531.0
4,16997,531.0
4,17025,531.0
4,17039,531.0
4,17065,531.0
4,17091,531.0
4,17125,531.0
4,17139,531.0
4,17153,531.0
4,17167,531.0
4,17181,531.0
4,17207,531.0
4,17233,531.0
4,17261,531.0
4,17263,531.0
4,17289,531.0
4,17315,531.0
4,17349,531.0
4,17377,531.0
4,17405,531.0
4,17431,531.0
4,17445,531.0
4,17459,531.0
4,17485,536.0
4,17511,536.0
4,17537,536.0
4,17567,536.0
4,17593,536.0
4,17619,536.0
4,17637,536.0
4,17651,536.0
4,17665,536.0
4,17679,536.0
4,17705,536.0
4,17719,536.0
4,17745,536.0
4,17759,536.0
4,17779,536.0
4,17811,536.0
4,17825,539.0
4,17853,539.0
4,17869,539.0
4,17885,539.0
4,17901,539.0
4,17915,539.0
4,17941,539.0
4,17943,539.0
4,17957,539.0
4,17971,539.0
4,17985,539.0
4,17987,539.0
4,18005,539.0
4,18019,539.0
4,18035,539.0
4,18067,539.0
4,18093,539.0
4,18107,539.0
4,18109,539.0
4,18123,539.0
4,18153,539.0
4,18179,539.0
4,18181,539.0
4,18195,539.0
4,18197,539.0
4,18211,539.0
4,18225,539.0
4,18241,539.0
4,18271,539.0
4,18299,539.0
4,18301,539.0
4,18315,539.0
4,18343,539.0
4,18345,539.0
4,18371,539.0
4,18373,539.0
4,18387,539.0
4,18389,539.0
4,18419,539.0
4,18421,539.0
4,18435,539.0
4,18449,539.0
4,18481,539.0
4,18515,539.0
4,18533,539.0
4,18535,539.0
4,18549,539.0
4,18565,539.0
4,18567,539.0
4,18597,539.0
4,18599,539.0
4,18625,539.0
4,18643,539.0
4,18673,539.0
4,18701,539.0
4,18729,539.0
4,18755,539.0
4,18783,539.0
4,18799,539.0
4,18813,539.0
4,18815,539.0
4,18833,539.0
4,18847,539.0
4,18879,540.0
4,18881,540.0
4,18917,540.0
4,18931,540.0
4,18959,540.0
4,18975,540.0
4,19009,540.0
4,19023,540.0
4,19037,540.0
4,19067,540.0
4,19093,540.0
4,19113,540.0
4,19115,540.0
4,19117,540.0
4,19131,540.0
4,19145,540.0
4,19173,540.0
4,19189,540.0
4,19219,540.0
4,19233,540.0
4,19247,540.0
4,19261,540.0
4,19275,540.0
4,19289,540.0
4,19321,540.0
4,19335,540.0
4,19363,540.0
4,19381,540.0
4,19395,540.0
4,19409,540.0
4,19411,540.0
4,19429,540.0
4,19459,540.0
4,19461,540.0
4,19463,540.0
4,19479,540.0
4,19481,540.0
4,19483,540.0
4,19509,540.0
4,19523,540.0
4,19549,540.0
4,19551,540.0
4,19567,540.0
4,19587,540.0
4,19601,540.0
4,19615,540.0
4,19631,540.0
4,19659,540.0
4,19661,540.0
4,19681,540.0
4,19707,540.0
4,19721,540.0
4,19747,540.0
4,19765,540.0
4,19767,540.0
4,19795,540.0
4,19823,542.0
4,19839,542.0
4,19857,542.0
4,19871,542.0
4,19885,542.0
4,19899,542.0
4,19925,542.0
4,19943,542.0
4,19959,542.0
4,19973,542.0
4,19987,542.0
4,20007,542.0
4,20023,542.0
4,20043,542.0
4,20071,542.0
4,20085,542.0
4,20099,542.0
4,20113,542.0
4,20139,542.0
4,20167,542.0
4,20181,542.0
4,20201,542.0
4,20227,542.0
4,20255,542.0
4,20291,542.0
4,20293,542.0
4,20323,542.0
4,20349,542.0
4,20363,542.0
4,20379,542.0
4,20407,542.0
4,20433,542.0
4,20461,542.0
4,20475,542.0
4,20489,542.0
4,20517,542.0
4,20545,542.0
4,20559,542.0
4,20575,542.0
4,20589,542.0
4,20603,542.0
4,20617,542.0
4,20643,542.0
4,20671,542.0
4,20699,542.0
4,20715,542.0
4,20743,542.0
4,20745,542.0
4,20761,542.0
4,20791,543.0
4,20807,543.0
4,20837,543.0
4,20863,543.0
4,20877,543.0
4,20903,543.0
4,20905,543.0
4,20919,543.0
4,20957,543.0
4,20991,543.0
4,21019,543.0
4,21045,543.0
4,21047,543.0
4,21061,543.0
4,21087,543.0
4,21103,543.0
4,21131,543.0
4,21147,543.0
4,21161,543.0
4,21195,543.0
4,21209,543.0
4,21225,543.0
4,21241,543.0
4,21267,543.0
4,21295,543.0
4,21323,543.0
4,21349,543.0
4,21351,543.0
4,21379,543.0
4,21409,543.0
4,21423,543.0
4,21437,543.0
4,21451,543.0
4,21467,543.0
4,21493,543.0
4,21523,543.0
5,11682,376.0
5,11684,376.0
5,11698,392.0
5,12281,392.0
5,12283,392.0
5,12299,392.0
5,12315,392.0
5,12329,393.0
5,12357,393.0
5,12391,393.0
5,12405,434.0
5,12423,434.0
5,12451,434.0
5,12479,434.0
5,12495,434.0
5,12523,434.0
5,12537,434.0
5,12557,434.0
5,12571,434.0
5,12587,434.0
5,12605,434.0
5,12631,434.0
5,12645,434.0
5,12661,434.0
5,12663,434.0
5,12695,434.0
5,12711,434.0
5,12725,434.0
5,12753,434.0
5,12755,434.0
5,12783,434.0
5,12813,434.0
5,12839,434.0
5,12853,434.0
5,12855,434.0
5,12857,434.0
5,12859,434.0
5,12873,434.0
5,12891,434.0
5,12919,434.0
5,12921,434.0
5,12947,434.0
5,12961,434.0
5,12975,436.0
5,13001,436.0
5,13031,456.0
5,13059,456.0
5,13091,456.0
5,13093,456.0
5,13109,456.0
5,13125,456.0
5,13139,456.0
5,13141,456.0
5,13155,456.0
5,13169,456.0
5,13185,456.0
5,13201,456.0
5,13215,456.0
5,13245,456.0
5,13247,456.0
5,13273,456.0
5,13301,464.0
5,13315,464.0
5,13329,464.0
5,13331,464.0
5,13345,464.0
5,13359,464.0
5,13391,464.0
5,13407,464.0
5,13423,464.0
5,13457,464.0
5,13473,464.0
5,13487,464.0
5,13489,464.0
5,13503,484.0
5,13517,484.0
5,13547,484.0
5,13549,484.0
5,13563,484.0
5,13593,484.0
5,13607,484.0
5,13641,484.0
5,13643,484.0
5,13673,484.0
5,13687,484.0
5,13713,484.0
5,13743,484.0
5,13757,484.0
5,13783,484.0
5,13785,484.0
5,13801,484.0
5,13821,484.0
5,13823,484.0
5,13839,484.0
5,13853,484.0
5,13867,484.0
5,13869,484.0
5,13883,484.0
5,13915,484.0
5,13933,484.0
5,13947,484.0
5,13963,484.0
5,13977,484.0
5,13993,484.0
5,14007,484.0
5,14009,484.0
5,14037,484.0
5,14051,484.0
5,14077,484.0
5,14093,484.0
5,14119,484.0
5,14139,484.0
5,14153,484.0
5,14167,484.0
5,14169,484.0
5,14187,484.0
5,14203,484.0
5,14205,484.0
5,14223,484.0
5,14251,484.0
5,14277,484.0
5,14307,484.0
5,14321,484.0
5,14323,484.0
5,14325,484.0
5,14339,484.0
5,14355,494.0
5,14369,494.0
5,14387,494.0
5,14417,494.0
5,14419,494.0
5,14421,494.0
5,14435,494.0
5,14449,494.0
5,14463,494.0
5,14491,494.0
5,14507,494.0
5,14533,494.0
5,14559,494.0
5,14573,494.0
5,14587,494.0
5,14601,494.0
5,14627,494.0
5,14657,494.0
5,14671,494.0
5,14685,494.0
5,14687,494.0
5,14715,497.0
5,14731,497.0
5,14757,497.0
5,14783,497.0
5,14785,497.0
5,14787,497.0
5,14815,497.0
5,14829,497.0
5,14845,497.0
5,14859,497.0
5,14873,497.0
5,14887,497.0
5,14913,497.0
5,14915,497.0
5,14929,497.0
5,14945,497.0
5,14959,503.0
5,14973,503.0
5,15001,503.0
5,15003,503.0
5,15031,503.0
5,15047,503.0
5,15063,503.0
5,15093,503.0
5,15107,503.0
5,15135,503.0
5,15149,505.0
5,15163,505.0
5,15189,505.0
5,15203,505.0
5,15205,505.0
5,15219,505.0
5,15247,505.0
5,15273,505.0
5,15299,505.0
5,15327,505.0
5,15355,505.0
5,15357,505.0
5,15371,505.0
5,15373,505.0
5,15387,506.0
5,15401,506.0
5,15415,506.0
5,15429,506.0
5,15457,506.0
5,15459,506.0
5,15485,506.0
5,15499,506.0
5,15513,506.0
5,15515,506.0
5,15517,506.0
5,15531,506.0
5,15557,506.0
5,15585,515.0
5,15601,515.0
5,15627,515.0
5,15629,515.0
5,15643,515.0
5,15645,515.0
5,15673,515.0
5,15687,515.0
5,15715,515.0
5,15743,522.0
5,15769,522.0
5,15771,522.0
5,15787,522.0
5,15803,522.0
5,15817,522.0
5,15831,522.0
5,15845,522.0
5,15875,522.0
5,15891,522.0
5,15917,535.0
5,15933,535.0
5,15951,535.0
5,15967,535.0
5,15981,535.0
5,15995,535.0
5,16023,535.0
5,16053,535.0
5,16079,535.0
5,16095,535.0
5,16123,535.0
5,16141,535.0
5,16155,535.0
5,16157,535.0
5,16173,535.0
5,16189,535.0
5,16203,535.0
5,16205,535.0
5,16219,535.0
5,16221,535.0
5,16235,535.0
5,16263,535.0
5,16277,535.0
5,16305,535.0
5,16307,535.0
5,16341,535.0
5,16355,535.0
5,16369,535.0
5,16383,535.0
5,16397,535.0
5,16423,539.0
5,16441,539.0
5,16455,539.0
5,16483,539.0
5,16509,539.0
5,16537,539.0
5,16567,539.0
5,16595,539.0
5,16621,539.0
5,16639,539.0
5,16653,539.0
5,16681,539.0
5,16715,539.0
5,16729,539.0
5,16755,539.0
5,16769,544.0
5,16771,544.0
5,16807,544.0
5,16821,544.0
5,16823,544.0
5,16853,544.0
5,16879,544.0
5,16895,544.0
5,16909,544.0
5,16935,544.0
5,16937,544.0
5,16953,544.0
5,16983,544.0
5,16997,544.0
5,17013,544.0
5,17015,544.0
5,17045,544.0
5,17073,544.0
5,17101,544.0
5,17131,544.0
5,17157,544.0
5,17187,544.0
5,17217,544.0
5,17231,544.0
5,17261,544.0
5,17275,544.0
5,17293,544.0
5,17307,544.0
5,17321,544.0
5,17335,544.0
5,17337,544.0
5,17365,544.0
5,17381,544.0
5,17397,544.0
5,17425,544.0
5,17439,544.0
5,17441,544.0
5,17469,544.0
5,17487,544.0
5,17501,544.0
5,17515,544.0
5,17529,544.0
5,17543,544.0
5,17569,544.0
5,17587,544.0
5,17619,544.0
5,17635,544.0
5,17655,544.0
5,17681,544.0
5,17709,544.0
5,17711,544.0
5,17725,544.0
5,17739,544.0
5,17755,544.0
5,17781,544.0
5,17809,544.0
5,17811,544.0
5,17837,544.0
5,17851,544.0
5,17869,544.0
5,17903,544.0
5,17931,544.0
5,17947,544.0
5,17961,544.0
5,17987,544.0
5,18001,544.0
5,18015,544.0
5,18017,544.0
5,18031,544.0
5,18045,544.0
5,18073,544.0
5,18101,544.0
5,18117,544.0
5,18151,544.0
5,18165,544.0
5,18179,544.0
5,18181,544.0
5,18195,544.0
5,18197,544.0
5,18213,544.0
5,18239,544.0
5,18269,544.0
5,18287,544.0
5,18301,544.0
5,18327,544.0
5,18329,544.0
5,18343,544.0
5,18345,544.0
5,18373,544.0
5,18375,544.0
5,18405,544.0
5,18433,544.0
5,18465,544.0
5,18495,544.0
5,18509,544.0
5,18523,544.0
5,18551,544.0
5,18565,544.0
5,18591,544.0
5,18617,544.0
5,18619,544.0
5,18621,544.0
5,18651,544.0
5,18653,544.0
5,18669,544.0
5,18685,544.0
5,18703,544.0
5,18733,544.0
5,18761,544.0
5,18775,544.0
5,18801,544.0
5,18833,544.0
5,18847,544.0
5,18861,544.0
5,18887,544.0
5,18901,544.0
5,18915,544.0
5,18935,544.0
5,18951,544.0
5,18965,544.0
5,18979,544.0
5,19007,544.0
5,19021,544.0
5,19049,544.0
5,19075,544.0
5,19107,544.0
5,19121,544.0
5,19135,544.0
5,19149,544.0
5,19175,544.0
5,19189,544.0
5,19223,544.0
5,19239,544.0
5,19253,544.0
5,19267,544.0
5,19293,544.0
5,19311,544.0
5,19313,544.0
5,19341,544.0
5,19357,544.0
5,19385,544.0
5,19387,544.0
5,19417,544.0
5,19445,544.0
5,19473,544.0
5,19475,544.0
5,19491,544.0
5,19505,544.0
5,19519,544.0
5,19551,544.0
5,19577,544.0
5,19605,544.0
5,19619,546.0
5,19635,546.0
5,19661,546.0
5,19691,546.0
5,19719,546.0
5,19735,546.0
5,19737,546.0
5,19751,546.0
5,19765,546.0
5,19779,546.0
5,19781,546.0
5,19795,546.0
5,19825,546.0
5,19843,546.0
5,19873,546.0
5,19889,546.0
5,19905,546.0
5,19931,546.0
5,19945,546.0
5,19961,546.0
5,19963,546.0
5,19979,546.0
5,20011,546.0
5,20025,546.0
5,20053,546.0
5,20067,546.0
5,20099,546.0
5,20113,546.0
5,20145,546.0
5,20179,546.0
5,20207,546.0
5,20221,546.0
5,20249,546.0
5,20279,546.0
5,20293,546.0
5,20307,546.0
5,20321,546.0
5,20351,546.0
5,20365,546.0
5,20381,546.0
5,20395,546.0
5,20423,546.0
5,20453,546.0
5,20471,546.0
5,20487,546.0
5,20501,546.0
5,20503,546.0
5,20529,546.0
5,20557,546.0
5,20573,546.0
5,20587,546.0
5,20601,546.0
5,20629,546.0
5,20643,546.0
5,20645,546.0
5,20647,546.0
5,20673,546.0
5,20703,546.0
5,20717,546.0
5,20731,546.0
5,20745,546.0
5,20747,546.0
5,20777,546.0
5,20797,546.0
5,20811,546.0
5,20841,546.0
5,20857,546.0
5,20883,546.0
5,20885,546.0
5,20887,546.0
5,20889,546.0
5,20891,546.0
5,20907,546.0
5,20925,546.0
5,20939,546.0
5,20941,546.0
5,20955,546.0
5,20969,546.0
5,21001,546.0
5,21003,546.0
5,21017,546.0
5,21031,546.0
5,21033,546.0
5,21061,546.0
5,21077,546.0
5,21107,546.0
5,21133,546.0
5,21159,546.0
5,21185,546.0
5,21213,546.0
5,21215,546.0
5,21243,546.0
5,21245,546.0
5,21273,546.0
5,21301,546.0
5,21329,546.0
5,21355,546.0
5,21369,546.0
5,21395,546.0
5,21423,546.0
5,21451,546.0
5,21479,546.0
5,21493,546.0
5,21507,546.0
5,21521,546.0
5,21537,546.0
5,21539,546.0
5,21541,546.0
5,21543,546.0
5,21545,546.0
5,21559,546.0
5,21587,546.0
5,21601,546.0
5,21615,546.0
5,21643,546.0
5,21657,546.0
5,21683,546.0
6,11562,382.0
6,11576,382.0
6,11592,382.0
6,11594,382.0
6,11624,382.0
6,11626,382.0
6,11656,385.0
6,11684,406.0
6,11716,406.0
6,12309,406.0
6,12323,406.0
6,12353,406.0
6,12355,406.0
6,12369,413.0
6,12385,413.0
6,12387,413.0
6,12401,413.0
6,12415,436.0
6,12441,436.0
6,12471,436.0
6,12497,436.0
6,12525,436.0
6,12539,436.0
6,12553,459.0
6,12569,459.0
6,12585,459.0
6,12587,459.0
6,12601,459.0
6,12615,459.0
6,12629,459.0
6,12649,459.0
6,12651,459.0
6,12667,459.0
6,12699,459.0
6,12713,459.0
6,12729,459.0
6,12743,459.0
6,12745,459.0
6,12759,462.0
6,12761,462.0
6,12777,462.0
6,12779,462.0
6,12805,462.0
6,12821,462.0
6,12823,462.0
6,12839,462.0
6,12841,462.0
6,12855,462.0
6,12883,462.0
6,12897,462.0
6,12899,462.0
6,12929,462.0
6,12957,462.0
6,12971,462.0
6,12985,462.0
6,13001,462.0
6,13033,462.0
6,13063,462.0
6,13077,462.0
6,13105,462.0
6,13133,462.0
6,13147,475.0
6,13163,475.0
6,13189,475.0
6,13221,475.0
6,13237,475.0
6,13251,475.0
6,13267,475.0
6,13295,475.0
6,13321,481.0
6,13335,481.0
6,13363,481.0
6,13365,481.0
6,13379,481.0
6,13393,481.0
6,13425,481.0
6,13441,481.0
6,13467,481.0
6,13481,491.0
6,13501,491.0
6,13531,491.0
6,13559,491.0
6,13561,491.0
6,13581,491.0
6,13611,491.0
6,13637,491.0
6,13651,491.0
6,13653,491.0
6,13679,491.0
6,13693,491.0
6,13725,491.0
6,13741,491.0
6,13743,491.0
6,13745,491.0
6,13759,491.0
6,13777,491.0
6,13791,500.0
6,13807,500.0
6,13821,500.0
6,13837,500.0
6,13839,500.0
6,13853,500.0
6,13867,500.0
6,13881,500.0
6,13913,500.0
6,13939,502.0
6,13953,502.0
6,13971,502.0
6,13999,502.0
6,14015,502.0
6,14029,502.0
6,14055,502.0
6,14071,502.0
6,14105,502.0
6,14119,502.0
6,14149,502.0
6,14163,502.0
6,14179,502.0
6,14193,502.0
6,14223,509.0
6,14251,509.0
6,14277,513.0
6,14279,513.0
6,14293,513.0
6,14319,513.0
6,14339,513.0
6,14355,513.0
6,14387,513.0
6,14401,513.0
6,14417,513.0
6,14447,513.0
6,14461,513.0
6,14475,513.0
6,14491,513.0
6,14505,513.0
6,14507,513.0
6,14535,513.0
6,14561,513.0
6,14575,513.0
6,14589,513.0
6,14591,513.0
6,14617,513.0
6,14631,513.0
6,14657,513.0
6,14683,513.0
6,14685,513.0
6,14715,513.0
6,14717,513.0
6,14745,513.0
6,14759,513.0
6,14787,513.0
6,14789,513.0
6,14803,513.0
6,14805,513.0
6,14831,513.0
6,14833,513.0
6,14861,513.0
6,14887,513.0
6,14903,513.0
6,14917,513.0
6,14943,513.0
6,14945,513.0
6,14959,513.0
6,14975,513.0
6,14977,513.0
6,14979,513.0
6,14993,513.0
6,15019,513.0
6,15045,513.0
6,15061,513.0
6,15063,513.0
6,15077,513.0
6,15105,513.0
6,15121,513.0
6,15151,513.0
6,15177,513.0
6,15211,513.0
6,15237,513.0
6,15265,513.0
6,15295,513.0
6,15327,513.0
6,15329,519.0
6,15343,519.0
6,15357,519.0
6,15385,519.0
6,15405,519.0
6,15431,519.0
6,15445,519.0
6,15459,519.0
6,15487,519.0
6,15501,519.0
6,15515,519.0
6,15537,519.0
6,15565,519.0
6,15595,519.0
6,15623,519.0
6,15649,519.0
6,15679,519.0
6,15695,519.0
6,15723,519.0
6,15753,519.0
6,15767,519.0
6,15781,521.0
6,15795,521.0
6,15825,521.0
6,15853,521.0
6,15879,521.0
6,15881,521.0
6,15883,521.0
6,15911,522.0
6,15913,522.0
6,15939,525.0
6,15969,525.0
6,15971,525.0
6,15985,525.0
6,15999,525.0
6,16013,525.0
6,16033,525.0
6,16035,525.0
6,16063,525.0
6,16079,525.0
6,16115,525.0
6,16143,525.0
6,16157,525.0
6,16185,525.0
6,16201,525.0
6,16215,525.0
6,16231,525.0
6,16261,525.0
6,16275,525.0
6,16277,525.0
6,16305,525.0
6,16307,525.0
6,16337,525.0
6,16363,525.0
6,16377,525.0
6,16407,525.0
6,16421,525.0
6,16453,525.0
6,16467,525.0
6,16495,525.0
6,16497,525.0
6,16529,525.0
6,16543,525.0
6,16545,525.0
6,16567,525.0
6,16581,525.0
6,16607,525.0
6,16635,525.0
6,16665,525.0
6,16687,525.0
6,16713,525.0
6,16729,525.0
6,16761,525.0
6,16787,525.0
6,16801,525.0
6,16815,525.0
6,16829,525.0
6,16857,525.0
6,16883,525.0
6,16897,525.0
6,16915,525.0
6,16917,525.0
6,16937,525.0
6,16951,525.0
6,16981,527.0
6,17009,527.0
6,17023,527.0
6,17053,527.0
6,17071,527.0
6,17089,527.0
6,17103,527.0
6,17133,527.0
6,17135,527.0
6,17137,527.0
6,17163,527.0
6,17179,527.0
6,17181,527.0
6,17207,529.0
6,17225,529.0
6,17239,529.0
6,17253,529.0
6,17267,529.0
6,17281,529.0
6,17283,529.0
6,17301,529.0
6,17303,529.0
6,17319,529.0
6,17347,529.0
6,17363,529.0
6,17377,529.0
6,17393,529.0
6,17419,529.0
6,17435,529.0
6,17461,529.0
6,17479,529.0
6,17493,533.0
6,17495,533.0
6,17527,533.0
6,17557,533.0
6,17585,533.0
6,17613,533.0
6,17639,533.0
6,17655,533.0
6,17685,533.0
6,17715,533.0
6,17743,533.0
6,17761,533.0
6,17787,533.0
6,17801,533.0
6,17827,533.0
6,17843,533.0
6,17873,533.0
6,17899,533.0
6,17915,533.0
6,17943,533.0
6,17973,533.0
6,17987,533.0
6,18015,533.0
6,18033,533.0
6,18035,533.0
6,18053,533.0
6,18079,533.0
6,18097,533.0
6,18127,533.0
6,18141,539.0
6,18143,539.0
6,18173,539.0
6,18175,539.0
6,18189,539.0
6,18205,539.0
6,18207,539.0
6,18235,539.0
6,18249,539.0
6,18263,539.0
6,18297,539.0
6,18329,539.0
6,18343,539.0
6,18357,539.0
6,18373,539.0
6,18407,539.0
6,18421,539.0
6,18455,539.0
6,18475,539.0
6,18491,539.0
6,18521,539.0
6,18537,539.0
6,18553,539.0
6,18569,539.0
6,18595,539.0
6,18611,539.0
6,18625,539.0
6,18627,539.0
6,18657,539.0
6,18685,539.0
6,18699,539.0
6,18713,539.0
6,18727,539.0
6,18757,539.0
6,18783,539.0
6,18811,539.0
6,18841,539.0
6,18867,539.0
6,18881,539.0
6,18895,539.0
6,18921,539.0
6,18947,539.0
6,18961,539.0
6,18975,539.0
6,18989,539.0
6,19005,539.0
6,19023,539.0
6,19051,539.0
6,19067,539.0
6,19069,539.0
6,19097,539.0
6,19127,539.0
6,19143,539.0
6,19171,539.0
6,19185,539.0
6,19203,539.0
6,19231,539.0
6,19257,539.0
6,19285,539.0
6,19301,539.0
6,19319,539.0
6,19321,539.0
6,19337,539.0
6,19351,539.0
6,19367,539.0
6,19381,539.0
6,19403,539.0
6,19431,539.0
6,19433,539.0
6,19435,539.0
6,19461,539.0
6,19475,539.0
6,19489,539.0
6,19491,539.0
6,19505,539.0
6,19537,539.0
6,19563,539.0
6,19589,539.0
6,19603,539.0
6,19605,539.0
6,19631,539.0
6,19659,539.0
6,19689,539.0
6,19691,539.0
6,19705,539.0
6,19723,539.0
6,19725,539.0
6,19741,539.0
6,19755,539.0
6,19769,539.0
6,19771,539.0
6,19787,539.0
6,19801,539.0
6,19815,539.0
6,19829,539.0
6,19855,539.0
6,19857,539.0
6,19873,539.0
6,19899,539.0
6,19927,539.0
6,19929,539.0
6,19947,539.0
6,19975,539.0
6,19993,539.0
6,20025,539.0
6,20053,539.0
6,20069,539.0
6,20085,539.0
6,20115,539.0
6,20131,539.0
6,20133,539.0
6,20147,539.0
6,20149,539.0
6,20179,539.0
6,20193,539.0
6,20219,539.0
6,20235,539.0
6,20237,539.0
6,20265,539.0
6,20267,539.0
6,20269,539.0
6,20271,539.0
6,20297,539.0
6,20313,539.0
6,20315,539.0
6,20345,539.0
6,20347,539.0
6,20361,539.0
6,20393,539.0
6,20419,539.0
6,20441,539.0
6,20455,540.0
6,20471,540.0
6,20485,540.0
6,20499,540.0
6,20513,540.0
6,20541,540.0
6,20555,540.0
6,20557,540.0
6,20559,540.0
6,20573,540.0
6,20587,540.0
6,20601,540.0
6,20617,540.0
6,20647,540.0
6,20661,540.0
6,20675,540.0
6,20689,540.0
6,20717,540.0
6,20731,540.0
6,20733,540.0
6,20747,540.0
6,20763,540.0
6,20765,540.0
6,20793,540.0
6,20809,540.0
6,20825,540.0
6,20841,540.0
6,20859,540.0
6,20885,540.0
6,20917,540.0
6,20933,540.0
6,20951,540.0
6,20965,540.0
6,20979,540.0
6,20993,540.0
6,21027,540.0
6,21041,540.0
6,21055,540.0
6,21069,540.0
6,21099,540.0
6,21127,540.0
6,21153,540.0
6,21167,540.0
6,21169,540.0
6,21195,540.0
6,21221,540.0
6,21247,540.0
6,21263,540.0
6,21277,540.0
6,21291,540.0
6,21317,540.0
6,21331,540.0
6,21333,540.0
6,21347,540.0
6,21375,540.0
6,21405,540.0
6,21433,540.0
6,21463,540.0
6,21477,540.0
6,21509,540.0
6,21527,540.0
6,21545,540.0
6,21559,540.0
7,11472,422.0
7,11504,453.0
7,11530,453.0
7,11556,453.0
7,11574,453.0
7,11588,453.0
7,11614,453.0
7,11630,453.0
7,11646,453.0
7,12283,453.0
7,12315,453.0
7,12329,453.0
7,12359,453.0
7,12389,453.0
7,12415,453.0
7,12445,453.0
7,12473,453.0
7,12489,453.0
7,12503,453.0
7,12517,467.0
7,12535,467.0
7,12561,467.0
7,12589,467.0
7,12615,467.0
7,12629,467.0
7,12643,467.0
7,12673,467.0
7,12687,467.0
7,12713,467.0
7,12715,467.0
7,12731,467.0
7,12751,467.0
7,12765,467.0
7,12767,467.0
7,12801,467.0
7,12829,467.0
7,12857,474.0
7,12871,474.0
7,12889,474.0
7,12917,479.0
7,12945,479.0
7,12973,479.0
7,12987,479.0
7,13001,479.0
7,13015,479.0
7,13017,479.0
7,13031,479.0
7,13045,479.0
7,13047,479.0
7,13049,479.0
7,13075,479.0
7,13077,479.0
7,13091,479.0
7,13119,479.0
7,13135,479.0
7,13149,479.0
7,13175,479.0
7,13201,479.0
7,13215,479.0
7,13217,479.0
7,13231,479.0
7,13245,479.0
7,13271,487.0
7,13299,487.0
7,13313,487.0
7,13327,487.0
7,13345,487.0
7,13347,487.0
7,13349,487.0
7,13375,487.0
7,13389,487.0
7,13405,487.0
7,13407,487.0
7,13421,491.0
7,13449,491.0
7,13463,491.0
7,13481,491.0
7,13495,491.0
7,13497,491.0
7,13511,517.0
7,13513,517.0
7,13527,517.0
7,13529,517.0
7,13559,517.0
7,13573,517.0
7,13575,517.0
7,13603,517.0
7,13629,517.0
7,13645,517.0
7,13663,517.0
7,13697,517.0
7,13699,517.0
7,13729,517.0
7,13749,517.0
7,13763,517.0
7,13777,517.0
7,13793,517.0
7,13823,521.0
7,13825,521.0
7,13841,521.0
7,13867,521.0
7,13881,521.0
7,13895,521.0
7,13923,521.0
7,13949,521.0
7,13963,521.0
7,13977,521.0
7,13999,521.0
7,14027,521.0
7,14043,521.0
7,14057,521.0
7,14089,521.0
7,14103,525.0
7,14105,525.0
7,14123,525.0
7,14137,525.0
7,14139,525.0
7,14153,525.0
7,14155,525.0
7,14181,525.0
7,14199,525.0
7,14213,525.0
7,14239,525.0
7,14273,525.0
7,14299,525.0
7,14315,525.0
7,14343,525.0
7,14357,525.0
7,14371,525.0
7,14385,525.0
7,14401,525.0
7,14403,525.0
7,14405,525.0
7,14431,525.0
7,14449,525.0
7,14481,525.0
7,14497,525.0
7,14513,525.0
7,14527,525.0
7,14557,525.0
7,14585,525.0
7,14611,525.0
7,14627,525.0
7,14655,530.0
7,14669,530.0
7,14695,530.0
7,14711,530.0
7,14713,530.0
7,14729,530.0
7,14755,530.0
7,14769,530.0
7,14797,530.0
7,14827,530.0
7,14841,530.0
7,14869,530.0
7,14883,530.0
7,14897,530.0
7,14929,530.0
7,14943,530.0
7,14971,533.0
7,14999,533.0
7,15031,533.0
7,15063,533.0
7,15077,533.0
7,15103,533.0
7,15119,533.0
7,15133,533.0
7,15159,533.0
7,15187,533.0
7,15201,533.0
7,15217,533.0
7,15233,533.0
7,15259,533.0
7,15285,533.0
7,15319,533.0
7,15345,533.0
7,15359,533.0
7,15373,533.0
7,15387,533.0
7,15413,533.0
7,15439,533.0
7,15453,533.0
7,15467,533.0
7,15481,533.0
7,15497,533.0
7,15515,533.0
7,15541,537.0
7,15555,537.0
7,15571,537.0
7,15597,537.0
7,15599,537.0
7,15617,537.0
7,15631,537.0
7,15645,537.0
7,15671,540.0
7,15689,540.0
7,15705,540.0
7,15737,540.0
7,15763,540.0
7,15791,540.0
7,15817,540.0
7,15843,540.0
7,15857,540.0
7,15887,540.0
7,15913,540.0
7,15929,540.0
7,15943,540.0
7,15957,540.0
7,15971,540.0
7,15987,540.0
7,16017,540.0
7,16031,540.0
7,16045,540.0
7,16059,540.0
7,16075,540.0
7,16089,540.0
7,16117,540.0
7,16131,540.0
7,16159,540.0
7,16185,540.0
7,16215,540.0
7,16241,540.0
7,16267,540.0
7,16293,540.0
7,16309,540.0
7,16323,540.0
7,16337,540.0
7,16351,540.0
7,16353,540.0
7,16387,540.0
7,16403,540.0
7,16437,540.0
7,16439,540.0
7,16465,540.0
7,16491,540.0
7,16507,540.0
7,16521,540.0
7,16535,540.0
7,16537,540.0
7,16551,540.0
7,16577,540.0
7,16591,540.0
7,16605,540.0
7,16621,540.0
7,16623,540.0
7,16651,540.0
7,16683,540.0
7,16697,540.0
7,16711,540.0
7,16737,540.0
7,16755,540.0
7,16769,540.0
7,16801,540.0
7,16815,540.0
7,16831,540.0
7,16857,540.0
7,16889,540.0
7,16919,540.0
7,16933,540.0
7,16935,540.0
7,16951,540.0
7,16979,540.0
7,16993,540.0
7,17007,540.0
7,17021,540.0
7,17035,540.0
7,17049,540.0
7,17075,540.0
7,17089,540.0
7,17103,540.0
7,17117,540.0
7,17133,540.0
7,17161,540.0
7,17189,540.0
7,17203,540.0
7,17223,540.0
7,17251,540.0
7,17253,540.0
7,17255,540.0
7,17271,540.0
7,17297,540.0
7,17323,540.0
7,17325,540.0
7,17351,540.0
7,17379,540.0
7,17393,540.0
7,17421,540.0
7,17435,540.0
7,17449,540.0
7,17463,540.0
7,17477,540.0
7,17503,540.0
7,17529,540.0
7,17543,540.0
7,17545,540.0
7,17573,540.0
7,17599,540.0
7,17615,540.0
7,17641,540.0
7,17643,540.0
7,17671,540.0
7,17703,540.0
7,17721,540.0
7,17749,540.0
7,17765,540.0
7,17767,540.0
7,17783,540.0
7,17799,540.0
7,17827,540.0
7,17841,540.0
7,17855,540.0
7,17857,540.0
7,17859,540.0
7,17873,540.0
7,17887,540.0
7,17901,540.0
7,17917,540.0
7,17945,540.0
7,17947,540.0
7,17973,540.0
7,17987,540.0
7,18015,540.0
7,18029,540.0
7,18059,540.0
7,18089,540.0
7,18115,540.0
7,18143,540.0
7,18171,540.0
7,18187,540.0
7,18201,540.0
7,18215,540.0
7,18245,540.0
7,18263,540.0
7,18293,540.0
7,18319,540.0
7,18335,540.0
7,18361,540.0
7,18375,540.0
7,18405,540.0
7,18407,540.0
7,18437,540.0
7,18451,540.0
7,18483,540.0
7,18499,540.0
7,18513,540.0
7,18527,540.0
7,18541,540.0
7,18567,540.0
7,18593,540.0
7,18621,540.0
7,18647,540.0
7,18673,540.0
7,18687,540.0
7,18701,540.0
7,18715,540.0
7,18729,540.0
7,18757,540.0
7,18775,540.0
7,18789,540.0
7,18809,540.0
7,18837,540.0
7,18839,540.0
7,18865,540.0
7,18893,540.0
7,18919,540.0
7,18921,540.0
7,18947,540.0
7,18967,540.0
7,18999,540.0
7,19013,540.0
7,19015,540.0
7,19033,540.0
7,19035,540.0
7,19063,540.0
7,19077,540.0
7,19091,540.0
7,19105,540.0
7,19119,540.0
7,19135,540.0
7,19165,540.0
7,19167,540.0
7,19185,540.0
7,19199,540.0
7,19213,540.0
7,19229,540.0
7,19245,540.0
7,19261,540.0
7,19291,541.0
7,19293,541.0
7,19309,541.0
7,19325,541.0
7,19353,541.0
7,19381,541.0
7,19395,541.0
7,19423,541.0
7,19453,541.0
7,19467,541.0
7,19483,541.0
7,19485,541.0
7,19513,541.0
7,19527,541.0
7,19553,541.0
7,19567,541.0
7,19583,541.0
7,19599,541.0
7,19615,541.0
7,19631,541.0
7,19657,541.0
7,19685,541.0
7,19711,541.0
7,19727,541.0
7,19741,541.0
7,19773,541.0
7,19801,541.0
7,19829,541.0
7,19855,541.0
7,19885,541.0
7,19899,541.0
7,19931,541.0
7,19945,541.0
7,19959,541.0
7,19961,541.0
7,19975,541.0
7,19991,541.0
7,20005,541.0
7,20021,541.0
7,20023,541.0
7,20049,541.0
7,20065,541.0
7,20079,541.0
7,20081,541.0
7,20083,541.0
7,20085,541.0
7,20099,541.0
7,20129,541.0
7,20131,541.0
7,20161,541.0
7,20175,541.0
7,20189,541.0
7,20215,541.0
7,20241,541.0
7,20255,541.0
7,20287,541.0
7,20289,541.0
7,20319,541.0
7,20333,541.0
7,20349,541.0
7,20351,541.0
7,20383,541.0
7,20411,541.0
7,20425,541.0
7,20439,541.0
7,20467,541.0
7,20495,541.0
7,20525,541.0
7,20551,541.0
7,20579,541.0
7,20597,541.0
7,20599,541.0
7,20627,541.0
7,20643,541.0
7,20657,541.0
7,20671,541.0
7,20685,541.0
7,20711,541.0
7,20737,541.0
7,20753,541.0
7,20755,541.0
7,20783,541.0
7,20809,541.0
7,20837,541.0
7,20851,541.0
7,20865,541.0
7,20891,541.0
7,20907,541.0
7,20935,542.0
7,20951,542.0
7,20977,543.0
7,20991,543.0
7,21005,543.0
7,21021,543.0
7,21047,543.0
7,21061,543.0
7,21075,543.0
7,21101,543.0
7,21129,543.0
7,21131,543.0
7,21167,543.0
7,21197,543.0
7,21223,543.0
7,21253,543.0
7,21269,543.0
7,21287,543.0
7,21303,543.0
7,21331,543.0
7,21347,543.0
7,21373,543.0
7,21387,543.0
7,21413,543.0
7,21427,543.0
7,21455,543.0
7,21457,543.0
7,21471,543.0
8,11746,374.0
8,11762,374.0
8,11776,374.0
8,11806,374.0
8,11808,374.0
8,11834,386.0
8,11848,386.0
8,11866,386.0
8,11880,386.0
8,11898,386.0
8,11912,386.0
8,11938,403.0
8,11968,410.0
8,11996,410.0
8,12024,410.0
8,12038,410.0
8,12068,429.0
8,12084,429.0
8,12086,429.0
8,12114,429.0
8,12128,429.0
8,12142,429.0
8,12158,429.0
8,12160,429.0
8,12176,429.0
8,12178,429.0
8,12192,429.0
8,12208,429.0
8,12222,429.0
8,12240,429.0
8,12272,429.0
8,12286,429.0
8,12302,429.0
8,12318,429.0
8,12332,429.0
8,12334,429.0
8,12364,429.0
8,12398,429.0
8,12428,429.0
8,12442,429.0
8,12458,429.0
8,12488,448.0
8,12502,448.0
8,13109,448.0
8,13123,448.0
8,13137,448.0
8,13155,448.0
8,13181,473.0
8,13195,473.0
8,13223,473.0
8,13237,473.0
8,13269,473.0
8,13283,473.0
8,13311,473.0
8,13337,473.0
8,13351,473.0
8,13367,473.0
8,13381,473.0
8,13397,473.0
8,13425,473.0
8,13439,473.0
8,13441,473.0
8,13467,473.0
8,13481,473.0
8,13499,473.0
8,13513,473.0
8,13529,473.0
8,13557,473.0
8,13559,473.0
8,13573,473.0
8,13575,473.0
8,13603,473.0
8,13617,473.0
8,13619,473.0
8,13621,473.0
8,13623,473.0
8,13637,481.0
8,13651,481.0
8,13667,481.0
8,13697,481.0
8,13713,481.0
8,13741,481.0
8,13755,481.0
8,13769,481.0
8,13797,481.0
8,13799,481.0
8,13825,485.0
8,13841,485.0
8,13843,485.0
8,13877,485.0
8,13879,485.0
8,13909,485.0
8,13935,494.0
8,13961,494.0
8,13963,494.0
8,13981,494.0
8,14007,494.0
8,14021,494.0
8,14049,494.0
8,14065,494.0
8,14079,494.0
8,14093,494.0
8,14111,494.0
8,14141,494.0
8,14173,494.0
8,14187,494.0
8,14201,494.0
8,14227,494.0
8,14253,498.0
8,14267,498.0
8,14269,498.0
8,14285,498.0
8,14299,498.0
8,14325,510.0
8,14339,510.0
8,14355,510.0
8,14369,510.0
8,14385,510.0
8,14413,510.0
8,14443,510.0
8,14473,510.0
8,14487,510.0
8,14513,514.0
8,14527,514.0
8,14553,514.0
8,14581,514.0
8,14597,514.0
8,14613,514.0
8,14627,514.0
8,14645,514.0
8,14661,514.0
8,14663,514.0
8,14681,514.0
8,14711,514.0
8,14739,514.0
8,14741,514.0
8,14769,514.0
8,14783,514.0
8,14785,514.0
8,14801,514.0
8,14803,514.0
8,14831,514.0
8,14849,514.0
8,14877,514.0
8,14905,514.0
8,14921,514.0
8,14953,514.0
8,14967,521.0
8,14983,521.0
8,15009,521.0
8,15039,521.0
8,15053,521.0
8,15079,521.0
8,15109,521.0
8,15139,521.0
8,15157,521.0
8,15171,521.0
8,15205,521.0
8,15231,521.0
8,15257,521.0
8,15275,521.0
8,15305,521.0
8,15307,521.0
8,15333,521.0
8,15335,521.0
8,15349,521.0
8,15375,523.0
8,15377,523.0
8,15379,523.0
8,15405,523.0
8,15419,523.0
8,15433,523.0
8,15461,523.0
8,15475,523.0
8,15477,523.0
8,15491,523.0
8,15505,523.0
8,15519,523.0
8,15521,523.0
8,15549,523.0
8,15551,523.0
8,15567,523.0
8,15581,523.0
8,15583,523.0
8,15597,523.0
8,15611,523.0
8,15627,523.0
8,15653,523.0
8,15669,523.0
8,15697,523.0
8,15727,523.0
8,15729,523.0
8,15755,523.0
8,15769,523.0
8,15797,523.0
8,15813,523.0
8,15841,523.0
8,15857,523.0
8,15887,523.0
8,15913,523.0
8,15927,523.0
8,15929,523.0
8,15945,523.0
8,15959,523.0
8,15975,523.0
8,16009,523.0
8,16037,523.0
8,16039,523.0
8,16041,523.0
8,16055,523.0
8,16057,523.0
8,16071,523.0
8,16085,523.0
8,16103,523.0
8,16119,523.0
8,16135,523.0
8,16165,523.0
8,16181,523.0
8,16201,523.0
8,16203,523.0
8,16217,523.0
8,16219,523.0
8,16235,523.0
8,16249,523.0
8,16263,523.0
8,16289,523.0
8,16315,523.0
8,16329,523.0
8,16357,523.0
8,16387,523.0
8,16403,523.0
8,16431,523.0
8,16433,523.0
8,16449,523.0
8,16475,523.0
8,16505,523.0
8,16519,523.0
8,16533,524.0
8,16559,524.0
8,16561,524.0
8,16575,524.0
8,16589,524.0
8,16623,524.0
8,16625,524.0
8,16655,524.0
8,16683,524.0
8,16699,524.0
8,16725,524.0
8,16739,524.0
8,16767,524.0
8,16781,524.0
8,16797,524.0
8,16799,524.0
8,16817,524.0
8,16819,524.0
8,16845,524.0
8,16873,524.0
8,16893,524.0
8,16907,524.0
8,16935,524.0
8,16951,524.0
8,16981,524.0
8,17009,524.0
8,17023,524.0
8,17049,524.0
8,17081,524.0
8,17095,524.0
8,17123,524.0
8,17151,524.0
8,17177,524.0
8,17207,524.0
8,17223,524.0
8,17241,524.0
8,17257,524.0
8,17283,524.0
8,17311,524.0
8,17337,524.0
8,17371,524.0
8,17373,524.0
8,17401,524.0
8,17415,524.0
8,17429,524.0
8,17431,524.0
8,17445,526.0
8,17473,526.0
8,17501,526.0
8,17515,526.0
8,17545,526.0
8,17575,526.0
8,17577,526.0
8,17591,526.0
8,17605,526.0
8,17619,526.0
8,17647,526.0
8,17665,526.0
8,17693,526.0
8,17695,526.0
8,17721,526.0
8,17735,526.0
8,17763,526.0
8,17783,526.0
8,17817,526.0
8,17831,526.0
8,17859,526.0
8,17861,526.0
8,17863,526.0
8,17877,526.0
8,17891,526.0
8,17917,526.0
8,17931,526.0
8,17963,526.0
8,17997,526.0
8,18011,526.0
8,18027,526.0
8,18055,526.0
8,18069,526.0
8,18071,526.0
8,18099,526.0
8,18101,526.0
8,18115,526.0
8,18141,527.0
8,18143,527.0
8,18159,527.0
8,18173,527.0
8,18199,527.0
8,18213,527.0
8,18245,527.0
8,18261,527.0
8,18287,527.0
8,18303,527.0
8,18329,527.0
8,18361,527.0
8,18375,527.0
8,18389,527.0
8,18407,527.0
8,18435,527.0
8,18451,527.0
8,18465,527.0
8,18481,527.0
8,18483,527.0
8,18497,527.0
8,18515,527.0
8,18517,527.0
8,18535,527.0
8,18553,527.0
8,18581,527.0
8,18597,527.0
8,18615,527.0
8,18629,527.0
8,18643,527.0
8,18657,527.0
8,18689,527.0
8,18705,527.0
8,18719,527.0
8,18735,527.0
8,18749,527.0
8,18763,527.0
8,18789,527.0
8,18821,527.0
8,18847,527.0
8,18861,528.0
8,18877,528.0
8,18893,528.0
8,18907,528.0
8,18935,528.0
8,18967,528.0
8,18997,528.0
8,18999,528.0
8,19015,528.0
8,19029,530.0
8,19047,530.0
8,19061,530.0
8,19087,534.0
8,19113,534.0
8,19115,534.0
8,19149,534.0
8,19179,534.0
8,19195,534.0
8,19197,534.0
8,19199,534.0
8,19213,534.0
8,19229,534.0
8,19245,534.0
8,19261,534.0
8,19263,534.0
8,19281,534.0
8,19299,534.0
8,19313,534.0
8,19341,534.0
8,19369,534.0
8,19399,534.0
8,19415,534.0
8,19441,534.0
8,19469,534.0
8,19483,534.0
8,19497,534.0
8,19511,534.0
8,19545,534.0
8,19577,534.0
8,19607,534.0
8,19609,534.0
8,19639,534.0
8,19641,534.0
8,19669,534.0
8,19695,534.0
8,19709,534.0
8,19737,534.0
8,19753,534.0
8,19767,534.0
8,19769,534.0
8,19785,534.0
8,19799,534.0
8,19801,534.0
8,19815,534.0
8,19829,534.0
8,19855,534.0
8,19869,534.0
8,19871,534.0
8,19873,534.0
8,19899,534.0
8,19925,534.0
8,19927,534.0
8,19959,534.0
8,19973,534.0
8,19999,534.0
8,20025,534.0
8,20053,534.0
8,20083,534.0
8,20109,535.0
8,20111,535.0
8,20137,535.0
8,20151,535.0
8,20153,535.0
8,20167,535.0
8,20169,535.0
8,20171,535.0
8,20173,535.0
8,20199,535.0
8,20215,535.0
8,20217,535.0
8,20233,535.0
8,20261,535.0
8,20279,535.0
8,20307,535.0
8,20339,535.0
8,20355,535.0
8,20383,535.0
8,20413,535.0
8,20439,538.0
8,20441,538.0
8,20443,538.0
8,20445,538.0
8,20473,538.0
8,20487,538.0
8,20515,538.0
8,20531,538.0
8,20545,538.0
8,20573,538.0
8,20575,538.0
8,20589,538.0
8,20605,538.0
8,20635,538.0
8,20649,538.0
8,20663,538.0
8,20693,538.0
8,20709,538.0
8,20725,538.0
8,20751,538.0
8,20765,538.0
8,20791,538.0
8,20805,538.0
8,20819,538.0
8,20835,538.0
8,20853,538.0
8,20867,538.0
8,20869,538.0
8,20885,538.0
8,20901,538.0
8,20915,538.0
8,20941,538.0
8,20971,538.0
8,20985,538.0
8,21001,538.0
8,21017,538.0
8,21043,538.0
8,21059,538.0
8,21081,538.0
8,21111,538.0
8,21137,538.0
8,21171,538.0
8,21185,538.0
8,21187,538.0
8,21201,538.0
8,21215,538.0
8,21243,538.0
8,21257,538.0
8,21273,538.0
8,21287,538.0
8,21301,538.0
8,21317,538.0
8,21335,538.0
8,21349,538.0
8,21375,541.0
8,21389,541.0
8,21415,541.0
8,21429,541.0
8,21431,541.0
8,21457,541.0
8,21471,541.0
8,21501,541.0
8,21503,541.0
8,21533,541.0
8,21535,541.0
8,21549,541.0
8,21563,541.0
8,21599,541.0
8,21613,541.0
8,21627,541.0
8,21641,541.0
8,21667,542.0
8,21681,542.0
8,21683,542.0
8,21697,542.0
8,21713,542.0
8,21727,542.0
8,21729,542.0
8,21759,542.0
9,12006,398.0
9,12024,398.0
9,12040,398.0
9,12054,426.0
9,12084,426.0
9,12086,426.0
9,12100,426.0
9,12102,426.0
9,12116,426.0
9,12713,426.0
9,12715,426.0
9,12729,426.0
9,12755,426.0
9,12771,426.0
9,12785,430.0
9,12811,430.0
9,12825,430.0
9,12857,430.0
9,12871,430.0
9,12899,430.0
9,12931,430.0
9,12947,430.0
9,12965,430.0
9,12979,430.0
9,13005,448.0
9,13007,448.0
9,13035,452.0
9,13063,452.0
9,13077,452.0
9,13093,452.0
9,13107,452.0
9,13123,452.0
9,13125,452.0
9,13141,452.0
9,13143,452.0
9,13157,455.0
9,13173,455.0
9,13205,455.0
9,13207,455.0
9,13235,455.0
9,13237,455.0
9,13253,455.0
9,13267,456.0
9,13293,456.0
9,13307,456.0
9,13333,456.0
9,13349,456.0
9,13351,456.0
9,13383,456.0
9,13417,456.0
9,13445,456.0
9,13475,456.0
9,13489,456.0
9,13491,456.0
9,13517,463.0
9,13545,469.0
9,13561,469.0
9,13579,469.0
9,13581,469.0
9,13595,469.0
9,13627,469.0
9,13643,469.0
9,13645,469.0
9,13673,469.0
9,13689,469.0
9,13705,469.0
9,13735,476.0
9,13749,476.0
9,13775,489.0
9,13801,489.0
9,13829,489.0
9,13843,489.0
9,13859,489.0
9,13873,489.0
9,13905,489.0
9,13931,489.0
9,13961,489.0
9,13963,489.0
9,13979,489.0
9,14005,489.0
9,14019,489.0
9,14035,489.0
9,14049,489.0
9,14075,489.0
9,14077,489.0
9,14079,489.0
9,14081,489.0
9,14083,489.0
9,14099,489.0
9,14101,489.0
9,14129,489.0
9,14131,489.0
9,14145,489.0
9,14171,489.0
9,14187,489.0
9,14189,489.0
9,14203,489.0
9,14219,489.0
9,14233,503.0
9,14247,503.0
9,14275,503.0
9,14289,503.0
9,14291,503.0
9,14307,503.0
9,14323,503.0
9,14325,503.0
9,14341,503.0
9,14355,503.0
9,14385,503.0
9,14401,503.0
9,14415,503.0
9,14443,503.0
9,14457,503.0
9,14491,503.0
9,14505,503.0
9,14541,504.0
9,14555,504.0
9,14581,504.0
9,14611,504.0
9,14637,504.0
9,14639,504.0
9,14657,504.0
9,14673,504.0
9,14699,515.0
9,14713,515.0
9,14727,515.0
9,14741,515.0
9,14773,515.0
9,14787,515.0
9,14813,515.0
9,14841,521.0
9,14871,521.0
9,14885,521.0
9,14903,521.0
9,14917,521.0
9,14919,521.0
9,14945,521.0
9,14961,521.0
9,14975,521.0
9,14991,521.0
9,15023,521.0
9,15037,521.0
9,15055,521.0
9,15069,521.0
9,15083,521.0
9,15097,525.0
9,15113,525.0
9,15127,525.0
9,15155,525.0
9,15171,525.0
9,15189,525.0
9,15215,525.0
9,15241,525.0
9,15259,525.0
9,15285,525.0
9,15311,525.0
9,15329,525.0
9,15343,525.0
9,15359,525.0
9,15387,525.0
9,15419,525.0
9,15433,525.0
9,15463,525.0
9,15477,525.0
9,15505,525.0
9,15507,525.0
9,15537,525.0
9,15555,525.0
9,15575,525.0
9,15577,525.0
9,15591,525.0
9,15621,525.0
9,15649,525.0
9,15651,525.0
9,15653,525.0
9,15679,525.0
9,15705,525.0
9,15731,525.0
9,15733,525.0
9,15761,525.0
9,15777,525.0
9,15791,525.0
9,15805,525.0
9,15825,525.0
9,15827,525.0
9,15843,525.0
9,15861,525.0
9,15887,525.0
9,15915,525.0
9,15929,525.0
9,15955,525.0
9,15983,525.0
9,15999,525.0
9,16017,525.0
9,16043,525.0
9,16059,525.0
9,16087,525.0
9,16103,525.0
9,16105,525.0
9,16119,525.0
9,16133,525.0
9,16149,525.0
9,16175,525.0
9,16201,525.0
9,16203,525.0
9,16217,525.0
9,16243,525.0
9,16273,525.0
9,16275,525.0
9,16303,525.0
9,16335,525.0
9,16361,525.0
9,16377,525.0
9,16391,525.0
9,16421,525.0
9,16435,525.0
9,16449,525.0
9,16475,525.0
9,16503,525.0
9,16505,525.0
9,16531,525.0
9,16545,525.0
9,16547,525.0
9,16561,525.0
9,16577,525.0
9,16579,525.0
9,16605,525.0
9,16619,525.0
9,16641,525.0
9,16657,525.0
9,16685,525.0
9,16687,525.0
9,16701,525.0
9,16703,525.0
9,16717,525.0
9,16719,525.0
9,16735,525.0
9,16753,525.0
9,16785,525.0
9,16799,525.0
9,16813,525.0
9,16829,525.0
9,16831,525.0
9,16859,525.0
9,16887,525.0
9,16901,525.0
9,16921,525.0
9,16951,525.0
9,16977,525.0
9,17003,528.0
9,17017,528.0
9,17049,528.0
9,17063,528.0
9,17077,528.0
9,17079,528.0
9,17093,528.0
9,17107,528.0
9,17137,528.0
9,17155,528.0
9,17169,528.0
9,17197,528.0
9,17211,531.0
9,17229,531.0
9,17257,531.0
9,17273,531.0
9,17287,531.0
9,17313,531.0
9,17327,531.0
9,17341,531.0
9,17373,531.0
9,17387,531.0
9,17415,531.0
9,17441,531.0
9,17467,531.0
9,17469,531.0
9,17495,531.0
9,17511,531.0
9,17525,531.0
9,17551,531.0
9,17583,531.0
9,17597,531.0
9,17615,531.0
9,17617,531.0
9,17631,531.0
9,17659,536.0
9,17689,536.0
9,17715,536.0
9,17731,536.0
9,17759,536.0
9,17785,536.0
9,17799,536.0
9,17829,536.0
9,17857,536.0
9,17889,536.0
9,17917,536.0
9,17931,536.0
9,17945,536.0
9,17959,536.0
9,17973,536.0
9,17987,536.0
9,18001,536.0
9,18017,536.0
9,18033,536.0
9,18047,536.0
9,18049,536.0
9,18063,536.0
9,18091,536.0
9,18123,536.0
9,18151,536.0
9,18177,536.0
9,18179,536.0
9,18181,536.0
9,18209,536.0
9,18211,536.0
9,18227,536.0
9,18229,536.0
9,18243,536.0
9,18275,536.0
9,18293,536.0
9,18323,536.0
9,18339,536.0
9,18341,536.0
9,18357,536.0
9,18371,536.0
9,18387,536.0
9,18419,536.0
9,18451,538.0
9,18477,538.0
9,18495,538.0
9,18497,538.0
9,18511,538.0
9,18541,538.0
9,18543,538.0
9,18559,538.0
9,18573,538.0
9,18605,538.0
9,18619,538.0
9,18637,538.0
9,18663,542.0
9,18695,542.0
9,18711,542.0
9,18725,542.0
9,18753,542.0
9,18779,542.0
9,18793,542.0
9,18807,542.0
9,18821,542.0
9,18851,542.0
9,18877,542.0
9,18893,542.0
9,18923,542.0
9,18939,542.0
9,18955,542.0
9,18983,542.0
9,18985,542.0
9,19017,542.0
9,19031,542.0
9,19059,542.0
9,19075,542.0
9,19089,542.0
9,19091,542.0
9,19107,542.0
9,19109,542.0
9,19123,542.0
9,19149,542.0
9,19165,542.0
9,19191,542.0
9,19217,542.0
9,19233,542.0
9,19235,542.0
9,19263,542.0
9,19265,542.0
9,19279,542.0
9,19307,542.0
9,19309,542.0
9,19323,542.0
9,19337,542.0
9,19339,542.0
9,19341,542.0
9,19377,542.0
9,19391,542.0
9,19405,542.0
9,19433,542.0
9,19459,542.0
9,19487,542.0
9,19517,542.0
9,19533,542.0
9,19561,542.0
9,19577,542.0
9,19593,542.0
9,19621,542.0
9,19639,542.0
9,19665,542.0
9,19693,542.0
9,19719,542.0
9,19751,542.0
9,19779,542.0
9,19809,542.0
9,19835,542.0
9,19863,542.0
9,19865,542.0
9,19893,542.0
9,19925,542.0
9,19953,542.0
9,19983,542.0
9,20011,542.0
9,20025,542.0
9,20053,542.0
9,20067,542.0
9,20081,542.0
9,20109,542.0
9,20111,542.0
9,20137,542.0
9,20153,542.0
9,20179,542.0
9,20205,542.0
9,20231,542.0
9,20245,542.0
9,20259,542.0
9,20287,542.0
9,20313,542.0
9,20315,542.0
9,20329,542.0
9,20355,542.0
9,20387,542.0
9,20423,542.0
9,20425,542.0
9,20457,542.0
9,20471,542.0
9,20485,542.0
9,20487,542.0
9,20501,542.0
9,20527,542.0
9,20541,542.0
9,20569,542.0
9,20597,542.0
9,20625,542.0
9,20641,542.0
9,20669,542.0
9,20671,542.0
9,20685,542.0
9,20699,542.0
9,20725,542.0
9,20751,542.0
9,20779,542.0
9,20809,542.0
9,20841,542.0
9,20867,542.0
9,20881,542.0
9,20883,542.0
9,20917,542.0
9,20919,542.0
9,20933,542.0
9,20947,542.0
9,20979,542.0
9,20995,542.0
9,21029,542.0
9,21043,542.0
9,21059,542.0
9,21061,542.0
9,21077,542.0
9,21105,542.0
9,21119,542.0
9,21133,542.0
9,21149,542.0
9,21151,542.0
9,21167,542.0
9,21181,542.0
9,21207,542.0
9,21209,542.0
9,21235,542.0
9,21249,542.0
9,21277,542.0
9,21291,542.0
9,21293,542.0
9,21321,542.0
9,21349,542.0
9,21377,542.0
9,21405,542.0
9,21407,542.0
9,21421,542.0
9,21447,542.0
9,21473,542.0
9,21489,542.0
9,21503,542.0
9,21505,542.0
9,21519,542.0
9,21547,542.0
9,21561,542.0
9,21591,542.0
9,21619,542.0
9,21645,542.0
9,21647,542.0
9,21649,542.0
9,21651,542.0
9,21665,542.0
9,21681,542.0
9,21695,542.0
9,21725,542.0
9,21757,542.0
9,21759,542.0
9,21787,542.0
9,21803,542.0
9,21817,542.0
9,21833,542.0
9,21851,542.0
9,21871,542.0
9,21885,542.0
9,21887,542.0
9,21915,542.0
9,21931,542.0
9,21961,542.0
9,21991,542.0
9,22005,542.0
10,11732,400.0
10,12339,400.0
10,12353,400.0
10,12369,400.0
10,12397,400.0
10,12425,400.0
10,12427,400.0
10,12453,420.0
10,12479,448.0
10,12493,448.0
10,12519,458.0
10,12545,458.0
10,12559,458.0
10,12573,458.0
10,12575,458.0
10,12589,458.0
10,12603,458.0
10,12631,458.0
10,12647,458.0
10,12675,458.0
10,12707,458.0
10,12725,458.0
10,12753,458.0
10,12755,458.0
10,12757,458.0
10,12785,458.0
10,12801,458.0
10,12803,458.0
10,12805,458.0
10,12807,458.0
10,12821,479.0
10,12837,479.0
10,12851,479.0
10,12877,479.0
10,12891,479.0
10,12905,479.0
10,12907,479.0
10,12933,479.0
10,12935,479.0
10,12961,479.0
10,12987,479.0
10,13001,489.0
10,13015,489.0
10,13043,489.0
10,13069,496.0
10,13095,496.0
10,13097,496.0
10,13123,496.0
10,13125,496.0
10,13127,496.0
10,13129,496.0
10,13155,496.0
10,13157,496.0
10,13159,496.0
10,13173,496.0
10,13193,496.0
10,13209,496.0
10,13235,496.0
10,13265,502.0
10,13293,502.0
10,13307,502.0
10,13337,502.0
10,13339,502.0
10,13365,502.0
10,13379,502.0
10,13409,502.0
10,13411,502.0
10,13413,502.0
10,13429,502.0
10,13445,502.0
10,13447,502.0
10,13461,502.0
10,13475,502.0
10,13491,502.0
10,13517,511.0
10,13519,511.0
10,13535,511.0
10,13569,511.0
10,13597,511.0
10,13611,511.0
10,13627,511.0
10,13645,511.0
10,13659,511.0
10,13673,511.0
10,13675,511.0
10,13691,511.0
10,13693,511.0
10,13707,511.0
10,13723,511.0
10,13751,511.0
10,13765,511.0
10,13785,511.0
10,13817,511.0
10,13833,511.0
10,13847,511.0
10,13869,511.0
10,13883,511.0
10,13897,511.0
10,13923,511.0
10,13941,511.0
10,13957,511.0
10,13971,513.0
10,13973,513.0
10,13987,513.0
10,14019,513.0
10,14021,513.0
10,14035,513.0
10,14037,513.0
10,14039,513.0
10,14065,513.0
10,14079,513.0
10,14105,513.0
10,14107,513.0
10,14141,513.0
10,14157,513.0
10,14185,513.0
10,14201,513.0
10,14229,513.0
10,14243,513.0
10,14245,513.0
10,14273,513.0
10,14289,513.0
10,14305,513.0
10,14333,513.0
10,14347,513.0
10,14375,513.0
10,14391,513.0
10,14405,513.0
10,14407,513.0
10,14433,513.0
10,14447,513.0
10,14461,513.0
10,14475,513.0
10,14509,513.0
10,14537,513.0
10,14567,513.0
10,14593,513.0
10,14607,513.0
10,14635,513.0
10,14637,513.0
10,14651,513.0
10,14653,513.0
10,14685,513.0
10,14711,513.0
10,14727,513.0
10,14745,513.0
10,14771,513.0
10,14801,513.0
10,14815,513.0
10,14845,513.0
10,14859,513.0
10,14891,513.0
10,14909,513.0
10,14925,513.0
10,14927,513.0
10,14941,513.0
10,14955,513.0
10,14987,513.0
10,15003,513.0
10,15005,513.0
10,15007,513.0
10,15021,513.0
10,15023,513.0
10,15039,513.0
10,15053,513.0
10,15055,513.0
10,15081,513.0
10,15095,513.0
10,15121,513.0
10,15141,513.0
10,15167,513.0
10,15181,513.0
10,15195,513.0
10,15209,513.0
10,15223,513.0
10,15249,515.0
10,15251,515.0
10,15279,515.0
10,15293,515.0
10,15321,515.0
10,15351,518.0
10,15367,518.0
10,15369,518.0
10,15405,518.0
10,15437,518.0
10,15457,518.0
10,15473,518.0
10,15475,518.0
10,15503,518.0
10,15537,518.0
10,15563,518.0
10,15579,518.0
10,15593,518.0
10,15611,518.0
10,15625,518.0
10,15655,518.0
10,15671,518.0
10,15697,518.0
10,15723,518.0
10,15739,518.0
10,15753,518.0
10,15767,518.0
10,15795,518.0
10,15823,523.0
10,15825,523.0
10,15839,523.0
10,15867,523.0
10,15893,525.0
10,15927,525.0
10,15943,525.0
10,15959,525.0
10,15985,525.0
10,16013,525.0
10,16027,525.0
10,16053,525.0
10,16067,525.0
10,16099,525.0
10,16113,525.0
10,16127,525.0
10,16155,525.0
10,16181,525.0
10,16207,525.0
10,16221,525.0
10,16237,525.0
10,16251,525.0
10,16267,525.0
10,16295,527.0
10,16325,527.0
10,16327,527.0
10,16359,527.0
10,16391,527.0
10,16425,527.0
10,16439,527.0
10,16453,527.0
10,16467,527.0
10,16493,529.0
10,16495,529.0
10,16527,529.0
10,16541,529.0
10,16557,529.0
10,16589,531.0
10,16591,531.0
10,16619,531.0
10,16635,531.0
10,16667,531.0
10,16669,531.0
10,16685,531.0
10,16699,531.0
10,16729,540.0
10,16755,540.0
10,16783,540.0
10,16801,540.0
10,16829,540.0
10,16857,540.0
10,16887,540.0
10,16913,540.0
10,16945,540.0
10,16973,540.0
10,16987,540.0
10,17001,540.0
10,17033,540.0
10,17061,540.0
10,17087,540.0
10,17101,540.0
10,17115,540.0
10,17117,540.0
10,17133,540.0
10,17147,540.0
10,17161,540.0
10,17177,540.0
10,17203,540.0
10,17217,540.0
10,17233,540.0
10,17247,540.0
10,17261,540.0
10,17277,540.0
10,17305,540.0
10,17319,540.0
10,17345,541.0
10,17371,541.0
10,17385,541.0
10,17387,541.0
10,17419,541.0
10,17433,541.0
10,17459,541.0
10,17461,541.0
10,17475,541.0
10,17489,541.0
10,17519,541.0
10,17533,541.0
10,17547,541.0
10,17549,541.0
10,17551,541.0
10,17569,541.0
10,17595,541.0
10,17597,541.0
10,17611,541.0
10,17631,541.0
10,17645,541.0
10,17659,541.0
10,17685,541.0
10,17699,541.0
10,17713,541.0
10,17743,541.0
10,17759,541.0
10,17773,541.0
10,17789,541.0
10,17791,541.0
10,17817,541.0
10,17819,541.0
10,17847,541.0
10,17875,541.0
10,17891,541.0
10,17925,541.0
10,17951,541.0
10,17969,541.0
10,17999,541.0
10,18025,541.0
10,18053,543.0
10,18067,543.0
10,18095,543.0
10,18111,543.0
10,18137,543.0
10,18151,543.0
10,18153,543.0
10,18167,543.0
10,18195,543.0
10,18209,543.0
10,18223,543.0
10,18239,543.0
10,18255,543.0
10,18257,543.0
10,18271,543.0
10,18285,543.0
10,18299,543.0
10,18325,543.0
10,18341,543.0
10,18343,543.0
10,18345,543.0
10,18359,543.0
10,18387,543.0
10,18389,543.0
10,18391,543.0
10,18417,543.0
10,18449,543.0
10,18477,543.0
10,18479,543.0
10,18509,543.0
10,18537,543.0
10,18551,543.0
10,18553,543.0
10,18579,543.0
10,18609,543.0
10,18623,543.0
10,18639,543.0
10,18665,543.0
10,18679,543.0
10,18697,543.0
10,18725,543.0
10,18739,543.0
10,18741,543.0
10,18767,543.0
10,18781,543.0
10,18795,543.0
10,18809,543.0
10,18835,543.0
10,18861,543.0
10,18875,543.0
10,18889,543.0
10,18903,543.0
10,18917,543.0
10,18937,543.0
10,18951,543.0
10,18985,543.0
10,18999,543.0
10,19027,543.0
10,19045,543.0
10,19071,543.0
10,19097,543.0
10,19125,543.0
10,19153,543.0
10,19175,543.0
10,19191,543.0
10,19207,543.0
10,19209,543.0
10,19237,543.0
10,19239,543.0
10,19253,543.0
10,19269,543.0
10,19271,543.0
10,19299,543.0
10,19315,543.0
10,19329,543.0
10,19345,543.0
10,19371,543.0
10,19385,543.0
10,19399,543.0
10,19401,543.0
10,19403,543.0
10,19417,543.0
10,19431,543.0
10,19445,543.0
10,19471,543.0
10,19473,543.0
10,19475,543.0
10,19489,543.0
10,19517,543.0
10,19545,543.0
10,19575,543.0
10,19605,543.0
10,19619,543.0
10,19649,543.0
10,19665,543.0
10,19681,543.0
10,19683,543.0
10,19699,543.0
10,19725,543.0
10,19727,543.0
10,19741,543.0
10,19771,543.0
10,19785,543.0
10,19799,543.0
10,19801,543.0
10,19827,543.0
10,19855,543.0
10,19857,543.0
10,19871,543.0
10,19873,543.0
10,19875,543.0
10,19889,543.0
10,19915,543.0
10,19931,543.0
10,19959,543.0
10,19961,543.0
10,19975,543.0
10,19993,543.0
10,20021,543.0
10,20047,543.0
10,20061,543.0
10,20081,543.0
10,20107,543.0
10,20133,543.0
10,20149,543.0
10,20163,543.0
10,20189,543.0
10,20203,543.0
10,20219,543.0
10,20247,543.0
10,20263,543.0
10,20265,543.0
10,20281,543.0
10,20307,543.0
10,20309,543.0
10,20335,543.0
10,20361,543.0
10,20377,543.0
10,20403,543.0
10,20429,543.0
10,20443,543.0
10,20445,543.0
10,20447,543.0
10,20475,543.0
10,20477,543.0
10,20503,543.0
10,20533,543.0
10,20551,543.0
10,20565,543.0
10,20593,543.0
10,20607,543.0
10,20633,543.0
10,20649,543.0
10,20679,543.0
10,20707,543.0
10,20721,543.0
10,20747,543.0
10,20779,543.0
10,20805,543.0
10,20823,543.0
10,20837,543.0
10,20853,543.0
10,20879,543.0
10,20893,543.0
10,20895,543.0
10,20913,543.0
10,20929,543.0
10,20945,543.0
10,20963,543.0
10,20979,543.0
10,21007,543.0
10,21021,543.0
10,21035,543.0
10,21051,543.0
10,21065,543.0
10,21081,543.0
10,21095,543.0
10,21131,543.0
10,21147,543.0
10,21161,543.0
10,21189,543.0
10,21217,543.0
10,21231,543.0
10,21261,543.0
10,21289,543.0
10,21309,543.0
10,21323,543.0
10,21341,543.0
10,21369,543.0
10,21395,543.0
10,21409,543.0
10,21423,543.0
10,21439,543.0
10,21441,543.0
10,21471,543.0
10,21487,543.0
10,21515,543.0
10,21531,543.0
10,21561,543.0
10,21563,543.0
10,21565,543.0
10,21579,543.0
10,21597,543.0
10,21625,543.0
10,21641,543.0
10,21667,543.0
10,21669,543.0
10,21671,543.0
10,21685,543.0
10,21715,543.0
10,21743,543.0
11,11748,389.0
11,12331,405.0
11,12345,405.0
11,12371,405.0
11,12373,405.0
11,12401,405.0
11,12417,405.0
11,12431,405.0
11,12433,405.0
11,12447,405.0
11,12485,405.0
11,12499,405.0
11,12527,405.0
11,12553,416.0
11,12567,416.0
11,12569,416.0
11,12595,416.0
11,12621,445.0
11,12623,445.0
11,12637,467.0
11,12653,467.0
11,12667,467.0
11,12669,467.0
11,12683,467.0
11,12697,467.0
11,12725,467.0
11,12741,467.0
11,12769,467.0
11,12771,467.0
11,12797,467.0
11,12799,467.0
11,12833,467.0
11,12849,467.0
11,12851,467.0
11,12877,467.0
11,12891,467.0
11,12907,467.0
11,12921,467.0
11,12935,467.0
11,12953,467.0
11,12983,467.0
11,13011,467.0
11,13027,467.0
11,13053,467.0
11,13067,467.0
11,13069,467.0
11,13099,467.0
11,13127,467.0
11,13129,467.0
11,13131,467.0
11,13161,467.0
11,13187,467.0
11,13203,467.0
11,13217,467.0
11,13243,467.0
11,13273,474.0
11,13303,474.0
11,13305,474.0
11,13331,474.0
11,13333,474.0
11,13349,474.0
11,13351,474.0
11,13383,474.0
11,13399,474.0
11,13429,474.0
11,13443,474.0
11,13469,474.0
11,13483,474.0
11,13501,474.0
11,13503,474.0
11,13517,477.0
11,13543,477.0
11,13569,477.0
11,13571,477.0
11,13585,511.0
11,13599,511.0
11,13629,511.0
11,13631,511.0
11,13647,511.0
11,13675,511.0
11,13701,511.0
11,13715,511.0
11,13729,511.0
11,13759,511.0
11,13787,511.0
11,13801,511.0
11,13817,511.0
11,13843,511.0
11,13873,511.0
11,13901,511.0
11,13903,511.0
11,13917,511.0
11,13943,511.0
11,13945,511.0
11,13977,511.0
11,13991,511.0
11,14009,511.0
11,14037,511.0
11,14039,511.0
11,14053,511.0
11,14079,511.0
11,14107,511.0
11,14121,511.0
11,14135,511.0
11,14137,511.0
11,14165,511.0
11,14179,511.0
11,14195,511.0
11,14209,511.0
11,14223,511.0
11,14251,511.0
11,14277,511.0
11,14291,511.0
11,14307,511.0
11,14333,511.0
11,14349,511.0
11,14375,511.0
11,14393,511.0
11,14419,511.0
11,14433,511.0
11,14451,511.0
11,14453,511.0
11,14455,511.0
11,14457,511.0
11,14485,511.0
11,14511,511.0
11,14513,511.0
11,14541,511.0
11,14569,511.0
11,14583,511.0
11,14613,511.0
11,14629,511.0
11,14655,511.0
11,14669,511.0
11,14701,511.0
11,14727,521.0
11,14741,521.0
11,14767,521.0
11,14783,521.0
11,14799,521.0
11,14827,521.0
11,14843,521.0
11,14859,521.0
11,14889,521.0
11,14917,521.0
11,14947,521.0
11,14961,521.0
11,14975,521.0
11,14989,521.0
11,15017,521.0
11,15031,521.0
11,15033,521.0
11,15059,521.0
11,15091,521.0
11,15117,521.0
11,15145,521.0
11,15171,521.0
11,15173,521.0
11,15189,521.0
11,15205,521.0
11,15237,521.0
11,15263,521.0
11,15279,521.0
11,15281,521.0
11,15283,521.0
11,15299,521.0
11,15313,521.0
11,15341,521.0
11,15355,521.0
11,15369,521.0
11,15371,521.0
11,15399,521.0
11,15413,521.0
11,15427,521.0
11,15443,521.0
11,15457,521.0
11,15471,521.0
11,15473,521.0
11,15475,521.0
11,15503,521.0
11,15533,521.0
11,15559,521.0
11,15575,521.0
11,15601,521.0
11,15619,521.0
11,15633,521.0
11,15651,521.0
11,15653,521.0
11,15667,521.0
11,15685,521.0
11,15699,521.0
11,15725,521.0
11,15727,521.0
11,15753,521.0
11,15769,521.0
11,15785,521.0
11,15787,521.0
11,15789,521.0
11,15817,521.0
11,15831,521.0
11,15847,521.0
11,15875,521.0
11,15891,521.0
11,15919,521.0
11,15935,521.0
11,15937,521.0
11,15951,521.0
11,15977,521.0
11,15979,521.0
11,16007,524.0
11,16035,525.0
11,16049,525.0
11,16067,525.0
11,16083,525.0
11,16111,525.0
11,16125,525.0
11,16139,525.0
11,16165,525.0
11,16193,525.0
11,16209,525.0
11,16237,525.0
11,16239,525.0
11,16269,525.0
11,16297,525.0
11,16311,525.0
11,16313,525.0
11,16329,525.0
11,16355,525.0
11,16381,525.0
11,16395,525.0
11,16413,525.0
11,16429,525.0
11,16449,525.0
11,16477,525.0
11,16491,525.0
11,16517,525.0
11,16543,525.0
11,16573,525.0
11,16587,525.0
11,16613,525.0
11,16627,525.0
11,16641,525.0
11,16655,525.0
11,16657,525.0
11,16685,525.0
11,16701,525.0
11,16715,525.0
11,16717,525.0
11,16745,525.0
11,16773,525.0
11,16787,525.0
11,16803,525.0
11,16831,525.0
11,16845,525.0
11,16861,525.0
11,16863,525.0
11,16893,525.0
11,16921,525.0
11,16951,525.0
11,16983,525.0
11,16997,525.0
11,16999,525.0
11,17015,525.0
11,17029,525.0
11,17031,525.0
11,17033,525.0
11,17047,525.0
11,17049,525.0
11,17051,525.0
11,17069,525.0
11,17099,525.0
11,17113,525.0
11,17127,525.0
11,17157,525.0
11,17171,525.0
11,17193,525.0
11,17195,525.0
11,17223,525.0
11,17253,525.0
11,17255,525.0
11,17269,525.0
11,17301,525.0
11,17315,525.0
11,17331,525.0
11,17333,525.0
11,17349,525.0
11,17377,525.0
11,17391,535.0
11,17405,535.0
11,17433,535.0
11,17447,535.0
11,17461,536.0
11,17477,536.0
11,17479,536.0
11,17507,536.0
11,17521,536.0
11,17537,536.0
11,17539,536.0
11,17553,536.0
11,17569,536.0
11,17603,536.0
11,17631,536.0
11,17661,536.0
11,17677,536.0
11,17691,536.0
11,17705,536.0
11,17719,536.0
11,17733,536.0
11,17761,536.0
11,17775,536.0
11,17807,536.0
11,17833,536.0
11,17863,536.0
11,17889,536.0
11,17891,536.0
11,17905,536.0
11,17937,536.0
11,17951,536.0
11,17979,536.0
11,18005,536.0
11,18033,536.0
11,18047,536.0
11,18077,536.0
11,18091,536.0
11,18105,536.0
11,18123,536.0
11,18137,536.0
11,18167,536.0
11,18181,536.0
11,18209,536.0
11,18223,536.0
11,18251,536.0
11,18277,536.0
11,18293,536.0
11,18295,536.0
11,18323,536.0
11,18353,536.0
11,18367,536.0
11,18381,536.0
11,18397,536.0
11,18423,536.0
11,18453,536.0
11,18469,536.0
11,18483,536.0
11,18485,536.0
11,18501,536.0
11,18517,536.0
11,18519,536.0
11,18547,536.0
11,18549,536.0
11,18565,536.0
11,18593,536.0
11,18607,536.0
11,18637,536.0
11,18653,536.0
11,18685,536.0
11,18715,536.0
11,18741,536.0
11,18755,536.0
11,18773,536.0
11,18775,536.0
11,18793,536.0
11,18811,536.0
11,18837,536.0
11,18863,536.0
11,18891,536.0
11,18893,536.0
11,18911,536.0
11,18925,536.0
11,18927,536.0
11,18943,536.0
11,18957,536.0
11,18959,536.0
11,18975,536.0
11,19001,536.0
11,19003,536.0
11,19031,536.0
11,19033,536.0
11,19047,536.0
11,19077,536.0
11,19103,536.0
11,19131,536.0
11,19157,536.0
11,19173,536.0
11,19199,536.0
11,19201,536.0
11,19229,536.0
11,19245,536.0
11,19247,536.0
11,19261,536.0
11,19263,536.0
11,19281,536.0
11,19295,536.0
11,19323,536.0
11,19337,536.0
11,19351,536.0
11,19369,536.0
11,19385,536.0
11,19401,536.0
11,19403,536.0
11,19429,536.0
11,19443,536.0
11,19475,536.0
11,19489,536.0
11,19521,536.0
11,19547,536.0
11,19561,536.0
11,19587,536.0
11,19617,536.0
11,19631,536.0
11,19645,536.0
11,19673,536.0
11,19689,536.0
11,19715,536.0
11,19731,536.0
11,19747,536.0
11,19775,536.0
11,19789,536.0
11,19803,536.0
11,19833,536.0
11,19847,536.0
11,19881,536.0
11,19911,536.0
11,19913,536.0
11,19927,536.0
11,19929,536.0
11,19955,543.0
11,19981,543.0
11,20007,543.0
11,20035,543.0
11,20037,543.0
11,20053,543.0
11,20083,543.0
11,20097,543.0
11,20111,543.0
11,20129,543.0
11,20161,543.0
11,20187,543.0
11,20201,543.0
11,20215,543.0
11,20229,543.0
11,20259,543.0
11,20261,543.0
11,20263,543.0
11,20277,543.0
11,20293,543.0
11,20307,543.0
11,20333,543.0
11,20349,543.0
11,20377,543.0
11,20393,543.0
11,20407,543.0
11,20437,543.0
11,20471,543.0
11,20473,543.0
11,20487,543.0
11,20505,543.0
11,20519,543.0
11,20533,543.0
11,20559,543.0
11,20561,543.0
11,20595,543.0
11,20613,543.0
11,20615,543.0
11,20629,543.0
11,20631,543.0
11,20649,543.0
11,20663,543.0
11,20689,543.0
11,20691,543.0
11,20709,543.0
11,20725,543.0
11,20753,543.0
11,20769,543.0
11,20771,543.0
11,20785,543.0
11,20813,543.0
11,20833,543.0
11,20849,543.0
11,20865,543.0
11,20893,543.0
11,20923,543.0
11,20961,543.0
11,20975,543.0
11,20989,543.0
11,21003,543.0
11,21029,543.0
11,21057,543.0
11,21071,543.0
11,21097,543.0
11,21115,543.0
11,21117,543.0
11,21119,543.0
11,21135,543.0
11,21151,543.0
11,21179,543.0
11,21205,543.0
11,21219,543.0
11,21235,543.0
11,21261,543.0
11,21275,543.0
11,21289,543.0
11,21305,543.0
11,21319,544.0
11,21335,544.0
11,21361,544.0
11,21381,544.0
11,21383,544.0
11,21409,544.0
11,21411,544.0
11,21425,544.0
11,21451,544.0
11,21453,544.0
11,21467,544.0
11,21483,544.0
11,21501,544.0
11,21533,544.0
11,21549,544.0
11,21551,544.0
11,21565,544.0
11,21567,544.0
11,21581,544.0
11,21609,544.0
11,21611,544.0
11,21637,544.0
11,21639,544.0
11,21641,544.0
11,21671,544.0
11,21685,544.0
11,21699,544.0
11,21725,544.0
12,11764,374.0
12,11798,374.0
12,11834,374.0
12,11860,402.0
12,11888,402.0
12,11916,402.0
12,11932,402.0
12,11946,420.0
12,11978,420.0
12,11994,420.0
12,12022,420.0
12,12052,420.0
12,12066,420.0
12,12082,420.0
12,12096,420.0
12,12709,430.0
12,12723,430.0
12,12753,430.0
12,12781,430.0
12,12795,430.0
12,12797,430.0
12,12825,430.0
12,12851,454.0
12,12865,454.0
12,12867,454.0
12,12881,454.0
12,12883,454.0
12,12897,454.0
12,12899,454.0
12,12913,454.0
12,12939,454.0
12,12967,454.0
12,12981,454.0
12,12983,454.0
12,13009,454.0
12,13035,454.0
12,13061,460.0
12,13075,460.0
12,13077,460.0
12,13105,460.0
12,13133,460.0
12,13159,460.0
12,13177,460.0
12,13193,460.0
12,13223,460.0
12,13239,460.0
12,13265,460.0
12,13293,460.0
12,13307,460.0
12,13323,460.0
12,13325,460.0
12,13351,460.0
12,13377,460.0
12,13393,460.0
12,13407,460.0
12,13409,460.0
12,13435,466.0
12,13453,466.0
12,13479,466.0
12,13493,466.0
12,13509,466.0
12,13523,466.0
12,13539,466.0
12,13559,466.0
12,13575,466.0
12,13601,466.0
12,13627,476.0
12,13655,476.0
12,13681,485.0
12,13695,485.0
12,13709,500.0
12,13741,500.0
12,13743,500.0
12,13771,500.0
12,13799,500.0
12,13825,507.0
12,13863,507.0
12,13893,507.0
12,13925,507.0
12,13939,509.0
12,13955,509.0
12,13981,509.0
12,13995,509.0
12,14025,509.0
12,14059,509.0
12,14061,509.0
12,14075,509.0
12,14089,509.0
12,14109,509.0
12,14127,509.0
12,14141,509.0
12,14155,509.0
12,14169,509.0
12,14197,509.0
12,14223,516.0
12,14253,516.0
12,14269,516.0
12,14271,516.0
12,14299,521.0
12,14327,521.0
12,14341,521.0
12,14355,521.0
12,14381,521.0
12,14395,521.0
12,14411,521.0
12,14425,521.0
12,14453,521.0
12,14471,521.0
12,14487,521.0
12,14501,521.0
12,14515,521.0
12,14517,521.0
12,14547,521.0
12,14549,521.0
12,14567,521.0
12,14595,521.0
12,14623,521.0
12,14625,521.0
12,14641,521.0
12,14643,521.0
12,14673,521.0
12,14687,521.0
12,14689,521.0
12,14703,521.0
12,14723,521.0
12,14725,521.0
12,14739,521.0
12,14755,521.0
12,14783,521.0
12,14811,521.0
12,14839,521.0
12,14855,521.0
12,14883,521.0
12,14897,521.0
12,14911,521.0
12,14931,521.0
12,14945,521.0
12,14971,521.0
12,14973,521.0
12,15001,521.0
12,15031,521.0
12,15051,521.0
12,15067,521.0
12,15083,521.0
12,15099,521.0
12,15115,521.0
12,15129,531.0
12,15143,531.0
12,15159,531.0
12,15185,531.0
12,15199,531.0
12,15213,533.0
12,15241,533.0
12,15255,533.0
12,15273,533.0
12,15289,533.0
12,15303,533.0
12,15333,533.0
12,15363,533.0
12,15379,533.0
12,15409,533.0
12,15411,533.0
12,15425,533.0
12,15439,533.0
12,15453,533.0
12,15479,533.0
12,15493,533.0
12,15509,533.0
12,15511,533.0
12,15537,533.0
12,15569,533.0
12,15595,533.0
12,15613,533.0
12,15627,533.0
12,15629,533.0
12,15647,533.0
12,15665,533.0
12,15693,533.0
12,15695,533.0
12,15711,533.0
12,15713,533.0
12,15739,533.0
12,15759,533.0
12,15773,533.0
12,15805,533.0
12,15807,533.0
12,15823,533.0
12,15849,533.0
12,15867,533.0
12,15893,533.0
12,15895,533.0
12,15923,533.0
12,15939,533.0
12,15941,533.0
12,15943,533.0
12,15945,533.0
12,15973,533.0
12,15999,533.0
12,16025,533.0
12,16039,533.0
12,16055,533.0
12,16071,533.0
12,16085,533.0
12,16099,533.0
12,16125,533.0
12,16155,533.0
12,16157,533.0
12,16171,533.0
12,16199,533.0
12,16227,533.0
12,16243,533.0
12,16257,533.0
12,16271,533.0
12,16285,533.0
12,16299,533.0
12,16329,533.0
12,16347,533.0
12,16363,533.0
12,16365,533.0
12,16367,533.0
12,16383,533.0
12,16415,533.0
12,16429,533.0
12,16455,533.0
12,16483,533.0
12,16513,533.0
12,16527,533.0
12,16543,533.0
12,16557,533.0
12,16575,533.0
12,16589,533.0
12,16619,533.0
12,16633,533.0
12,16649,533.0
12,16665,533.0
12,16691,533.0
12,16705,533.0
12,16719,533.0
12,16737,533.0
12,16763,533.0
12,16777,533.0
12,16803,533.0
12,16829,533.0
12,16831,533.0
12,16833,533.0
12,16835,533.0
12,16851,533.0
12,16883,533.0
12,16901,533.0
12,16917,533.0
12,16919,533.0
12,16933,533.0
12,16959,533.0
12,16991,533.0
12,17007,533.0
12,17021,533.0
12,17037,533.0
12,17063,533.0
12,17089,535.0
12,17091,535.0
12,17105,535.0
12,17131,535.0
12,17145,535.0
12,17159,535.0
12,17175,535.0
12,17201,535.0
12,17215,535.0
12,17217,535.0
12,17231,535.0
12,17233,535.0
12,17259,535.0
12,17261,535.0
12,17287,535.0
12,17307,535.0
12,17321,535.0
12,17351,535.0
12,17367,535.0
12,17395,535.0
12,17421,535.0
12,17435,535.0
12,17461,535.0
12,17493,535.0
12,17509,535.0
12,17523,535.0
12,17525,535.0
12,17543,535.0
12,17557,535.0
12,17571,535.0
12,17587,535.0
12,17603,535.0
12,17631,535.0
12,17665,535.0
12,17667,535.0
12,17669,535.0
12,17683,535.0
12,17685,535.0
12,17701,535.0
12,17727,535.0
12,17755,535.0
12,17769,535.0
12,17783,535.0
12,17811,535.0
12,17825,535.0
12,17839,535.0
12,17865,535.0
12,17893,535.0
12,17925,535.0
12,17927,535.0
12,17945,535.0
12,17961,535.0
12,17989,535.0
12,18007,535.0
12,18037,535.0
12,18039,535.0
12,18053,535.0
12,18055,535.0
12,18069,535.0
12,18087,535.0
12,18089,535.0
12,18103,535.0
12,18117,535.0
12,18133,535.0
12,18161,535.0
12,18163,535.0
12,18177,535.0
12,18205,535.0
12,18219,535.0
12,18235,535.0
12,18237,535.0
12,18273,535.0
12,18287,535.0
12,18289,535.0
12,18291,535.0
12,18293,535.0
12,18295,535.0
12,18309,535.0
12,18323,535.0
12,18337,535.0
12,18351,535.0
12,18365,535.0
12,18395,535.0
12,18421,535.0
12,18447,535.0
12,18473,535.0
12,18487,535.0
12,18489,535.0
12,18491,535.0
12,18521,535.0
12,18535,535.0
12,18551,535.0
12,18565,535.0
12,18567,535.0
12,18585,535.0
12,18599,535.0
12,18601,535.0
12,18627,535.0
12,18643,535.0
12,18669,535.0
12,18683,535.0
12,18715,535.0
12,18729,535.0
12,18755,535.0
12,18769,535.0
12,18787,535.0
12,18801,535.0
12,18831,535.0
12,18861,535.0
12,18875,535.0
12,18901,535.0
12,18931,535.0
12,18945,535.0
12,18959,535.0
12,18975,535.0
12,18989,535.0
12,18991,535.0
12,19005,535.0
12,19035,535.0
12,19049,535.0
12,19077,535.0
12,19103,535.0
12,19105,535.0
12,19107,535.0
12,19109,535.0
12,19123,535.0
12,19137,535.0
12,19151,535.0
12,19167,535.0
12,19199,535.0
12,19229,535.0
12,19243,535.0
12,19259,535.0
12,19285,535.0
12,19311,535.0
12,19325,535.0
12,19327,535.0
12,19341,535.0
12,19359,535.0
12,19387,535.0
12,19389,535.0
12,19407,535.0
12,19409,535.0
12,19411,535.0
12,19427,535.0
12,19441,535.0
12,19443,535.0
12,19459,535.0
12,19485,535.0
12,19499,535.0
12,19527,535.0
12,19555,535.0
12,19583,535.0
12,19585,535.0
12,19599,535.0
12,19625,535.0
12,19641,535.0
12,19655,535.0
12,19657,535.0
12,19683,535.0
12,19697,535.0
12,19725,535.0
12,19755,535.0
12,19769,535.0
12,19795,535.0
12,19797,535.0
12,19811,535.0
12,19825,535.0
12,19827,535.0
12,19853,535.0
12,19855,535.0
12,19869,535.0
12,19885,535.0
12,19899,535.0
12,19915,535.0
12,19945,535.0
12,19959,535.0
12,19973,535.0
12,19987,535.0
12,19989,535.0
12,19991,535.0
12,20009,535.0
12,20039,535.0
12,20055,535.0
12,20081,535.0
12,20083,535.0
12,20097,535.0
12,20113,535.0
12,20127,535.0
12,20155,535.0
12,20181,535.0
12,20207,535.0
12,20239,535.0
12,20267,535.0
12,20293,535.0
12,20311,535.0
12,20339,535.0
12,20365,535.0
12,20367,535.0
12,20381,535.0
12,20397,535.0
12,20427,535.0
12,20455,535.0
12,20481,535.0
12,20509,535.0
12,20525,535.0
12,20539,535.0
12,20553,535.0
12,20567,535.0
12,20569,535.0
12,20595,535.0
12,20609,535.0
12,20623,535.0
12,20651,535.0
12,20653,535.0
12,20667,535.0
12,20669,535.0
12,20695,535.0
12,20709,535.0
12,20735,535.0
12,20749,535.0
12,20775,535.0
12,20791,535.0
12,20821,535.0
12,20851,535.0
12,20865,535.0
12,20879,535.0
12,20893,535.0
12,20907,535.0
12,20937,535.0
12,20963,535.0
12,20977,535.0
12,20991,535.0
12,21023,535.0
12,21039,535.0
12,21053,535.0
12,21081,535.0
12,21113,535.0
12,21141,537.0
12,21167,537.0
12,21181,537.0
12,21195,537.0
12,21223,537.0
12,21255,537.0
12,21273,537.0
12,21275,537.0
12,21291,537.0
12,21321,537.0
12,21323,537.0
12,21351,537.0
12,21383,537.0
12,21411,537.0
12,21439,537.0
12,21453,537.0
12,21467,537.0
12,21481,537.0
12,21507,537.0
12,21521,537.0
12,21523,537.0
12,21549,537.0
12,21575,537.0
12,21607,537.0
12,21623,537.0
12,21625,537.0
12,21653,537.0
12,21667,537.0
12,21681,537.0
12,21683,537.0
12,21697,537.0
12,21713,537.0
12,21743,537.0
12,21773,537.0
13,11542,381.0
13,12161,381.0
13,12163,381.0
13,12179,381.0
13,12193,400.0
13,12227,400.0
13,12241,400.0
13,12243,400.0
13,12269,400.0
13,12299,400.0
13,12325,413.0
13,12343,413.0
13,12357,413.0
13,12385,418.0
13,12401,418.0
13,12415,418.0
13,12443,418.0
13,12475,418.0
13,12491,418.0
13,12493,418.0
13,12509,418.0
13,12535,428.0
13,12549,428.0
13,12563,428.0
13,12581,428.0
13,12583,428.0
13,12613,428.0
13,12627,428.0
13,12657,428.0
13,12689,428.0
13,12715,453.0
13,12745,453.0
13,12775,453.0
13,12803,453.0
13,12829,453.0
13,12847,453.0
13,12849,453.0
13,12851,453.0
13,12879,453.0
13,12893,453.0
13,12923,453.0
13,12939,453.0
13,12941,453.0
13,12967,474.0
13,12981,474.0
13,13007,474.0
13,13009,474.0
13,13011,474.0
13,13025,478.0
13,13051,478.0
13,13065,478.0
13,13081,480.0
13,13109,480.0
13,13123,480.0
13,13153,480.0
13,13155,480.0
13,13169,480.0
13,13183,480.0
13,13197,480.0
13,13211,480.0
13,13225,480.0
13,13251,480.0
13,13253,480.0
13,13283,480.0
13,13311,480.0
13,13337,480.0
13,13351,480.0
13,13365,480.0
13,13381,480.0
13,13407,480.0
13,13409,480.0
13,13437,480.0
13,13467,480.0
13,13493,483.0
13,13507,483.0
13,13521,483.0
13,13549,483.0
13,13551,483.0
13,13577,490.0
13,13591,490.0
13,13593,490.0
13,13607,490.0
13,13635,490.0
13,13661,490.0
13,13679,490.0
13,13705,490.0
13,13721,490.0
13,13737,490.0
13,13751,490.0
13,13779,495.0
13,13793,495.0
13,13825,495.0
13,13827,495.0
13,13829,495.0
13,13843,495.0
13,13871,495.0
13,13887,495.0
13,13903,495.0
13,13933,495.0
13,13947,495.0
13,13973,499.0
13,13999,499.0
13,14027,511.0
13,14055,511.0
13,14071,511.0
13,14087,511.0
13,14101,511.0
13,14129,511.0
13,14131,511.0
13,14165,511.0
13,14193,511.0
13,14195,511.0
13,14221,511.0
13,14247,511.0
13,14285,511.0
13,14301,511.0
13,14327,511.0
13,14329,511.0
13,14355,511.0
13,14383,511.0
13,14409,511.0
13,14439,511.0
13,14465,511.0
13,14493,511.0
13,14509,511.0
13,14535,511.0
13,14549,511.0
13,14565,511.0
13,14579,511.0
13,14607,511.0
13,14621,511.0
13,14637,511.0
13,14651,511.0
13,14667,511.0
13,14683,511.0
13,14697,511.0
13,14699,511.0
13,14715,511.0
13,14729,511.0
13,14731,511.0
13,14745,511.0
13,14747,511.0
13,14749,511.0
13,14765,511.0
13,14767,511.0
13,14795,511.0
13,14821,511.0
13,14837,511.0
13,14839,511.0
13,14855,511.0
13,14869,511.0
13,14883,511.0
13,14911,511.0
13,14939,511.0
13,14971,511.0
13,14985,511.0
13,15001,511.0
13,15029,511.0
13,15059,511.0
13,15073,511.0
13,15099,511.0
13,15113,511.0
13,15135,511.0
13,15151,511.0
13,15167,511.0
13,15183,511.0
13,15201,511.0
13,15231,511.0
13,15245,511.0
13,15259,511.0
13,15273,511.0
13,15287,511.0
13,15315,511.0
13,15343,511.0
13,15357,511.0
13,15373,511.0
13,15401,511.0
13,15419,511.0
13,15421,511.0
13,15447,511.0
13,15463,511.0
13,15481,511.0
13,15507,512.0
13,15535,512.0
13,15561,512.0
13,15589,512.0
13,15591,512.0
13,15593,512.0
13,15607,512.0
13,15633,517.0
13,15667,517.0
13,15681,517.0
13,15683,517.0
13,15685,517.0
13,15703,517.0
13,15719,517.0
13,15745,517.0
13,15773,517.0
13,15775,517.0
13,15803,517.0
13,15819,517.0
13,15833,517.0
13,15853,517.0
13,15885,517.0
13,15887,517.0
13,15903,517.0
13,15905,517.0
13,15921,517.0
13,15947,519.0
13,15961,519.0
13,15981,519.0
13,16009,519.0
13,16043,522.0
13,16071,522.0
13,16085,522.0
13,16099,522.0
13,16113,522.0
13,16141,522.0
13,16173,522.0
13,16201,522.0
13,16231,522.0
13,16233,522.0
13,16265,522.0
13,16281,522.0
13,16299,522.0
13,16313,522.0
13,16315,522.0
13,16333,522.0
13,16361,528.0
13,16377,528.0
13,16393,528.0
13,16423,528.0
13,16437,528.0
13,16451,528.0
13,16479,528.0
13,16495,528.0
13,16497,528.0
13,16499,528.0
13,16513,528.0
13,16539,528.0
13,16571,528.0
13,16573,528.0
13,16575,528.0
13,16589,528.0
13,16603,528.0
13,16637,528.0
13,16653,528.0
13,16679,528.0
13,16693,528.0
13,16707,528.0
13,16737,528.0
13,16763,531.0
13,16779,531.0
13,16793,531.0
13,16795,531.0
13,16809,531.0
13,16825,531.0
13,16841,531.0
13,16855,531.0
13,16871,531.0
13,16885,531.0
13,16919,531.0
13,16949,531.0
13,16983,531.0
13,16997,531.0
13,17029,531.0
13,17055,531.0
13,17075,531.0
13,17091,531.0
13,17093,531.0
13,17121,531.0
13,17123,531.0
13,17125,531.0
13,17127,531.0
13,17143,531.0
13,17157,531.0
13,17171,531.0
13,17199,531.0
13,17215,531.0
13,17233,531.0
13,17247,531.0
13,17275,531.0
13,17291,531.0
13,17305,531.0
13,17319,531.0
13,17347,531.0
13,17361,531.0
13,17363,531.0
13,17365,531.0
13,17393,531.0
13,17419,531.0
13,17433,531.0
13,17435,531.0
13,17449,531.0
13,17475,537.0
13,17477,537.0
13,17507,537.0
13,17533,537.0
13,17547,537.0
13,17561,537.0
13,17575,537.0
13,17603,537.0
13,17619,537.0
13,17633,537.0
13,17649,537.0
13,17663,537.0
13,17677,537.0
13,17693,537.0
13,17719,537.0
13,17747,537.0
13,17779,537.0
13,17793,537.0
13,17795,537.0
13,17811,537.0
13,17839,537.0
13,17853,537.0
13,17881,537.0
13,17909,537.0
13,17937,537.0
13,17951,537.0
13,17965,537.0
13,17967,537.0
13,17981,537.0
13,17995,543.0
13,18009,543.0
13,18011,543.0
13,18025,543.0
13,18051,543.0
13,18053,543.0
13,18083,543.0
13,18111,543.0
13,18125,543.0
13,18155,543.0
13,18157,543.0
13,18159,543.0
13,18161,543.0
13,18193,543.0
13,18207,543.0
13,18237,543.0
13,18251,543.0
13,18271,543.0
13,18285,543.0
13,18299,543.0
13,18301,543.0
13,18331,543.0
13,18333,543.0
13,18361,543.0
13,18387,543.0
13,18403,543.0
13,18431,543.0
13,18445,543.0
13,18459,543.0
13,18473,543.0
13,18475,543.0
13,18477,543.0
13,18479,543.0
13,18509,543.0
13,18539,543.0
13,18557,543.0
13,18559,543.0
13,18573,543.0
13,18591,543.0
13,18605,543.0
13,18619,543.0
13,18633,543.0
13,18661,543.0
13,18687,543.0
13,18701,543.0
13,18715,543.0
13,18729,543.0
13,18759,543.0
13,18789,543.0
13,18815,543.0
13,18829,543.0
13,18857,543.0
13,18875,543.0
13,18889,543.0
13,18903,543.0
13,18921,543.0
13,18935,543.0
13,18949,543.0
13,18963,543.0
13,18979,543.0
13,19009,543.0
13,19039,543.0
13,19053,543.0
13,19085,543.0
13,19099,543.0
13,19101,543.0
13,19129,543.0
13,19161,543.0
13,19191,543.0
13,19219,543.0
13,19251,543.0
13,19267,543.0
13,19285,543.0
13,19299,543.0
13,19327,543.0
13,19357,543.0
13,19373,543.0
13,19399,543.0
13,19415,543.0
13,19443,543.0
13,19457,543.0
13,19485,543.0
13,19511,543.0
13,19525,543.0
13,19539,543.0
13,19553,543.0
13,19555,543.0
13,19557,543.0
13,19559,543.0
13,19577,543.0
13,19591,543.0
13,19605,543.0
13,19631,543.0
13,19633,543.0
13,19649,543.0
13,19665,543.0
13,19693,543.0
13,19709,543.0
13,19739,543.0
13,19765,543.0
13,19793,543.0
13,19807,543.0
13,19823,543.0
13,19837,543.0
13,19863,543.0
13,19877,543.0
13,19907,543.0
13,19923,543.0
13,19949,545.0
13,19951,545.0
13,19953,545.0
13,19967,545.0
13,19969,545.0
13,19985,545.0
13,19987,545.0
13,20015,545.0
13,20029,545.0
13,20043,545.0
13,20057,545.0
13,20071,545.0
13,20097,545.0
13,20129,545.0
13,20155,545.0
13,20171,545.0
13,20203,545.0
13,20229,545.0
13,20243,545.0
13,20273,545.0
13,20287,545.0
13,20315,545.0
13,20341,545.0
13,20357,545.0
13,20373,545.0
13,20375,545.0
13,20377,545.0
13,20403,545.0
13,20431,545.0
13,20433,545.0
13,20459,545.0
13,20461,545.0
13,20489,545.0
13,20505,545.0
13,20519,545.0
13,20547,545.0
13,20563,545.0
13,20565,545.0
13,20597,545.0
13,20599,545.0
13,20627,545.0
13,20655,545.0
13,20671,545.0
13,20699,545.0
13,20717,545.0
13,20745,545.0
13,20777,545.0
13,20805,545.0
13,20831,545.0
13,20845,545.0
13,20875,545.0
13,20901,545.0
13,20917,545.0
13,20943,546.0
13,20957,546.0
13,20985,546.0
13,21015,546.0
13,21043,546.0
13,21045,546.0
13,21071,546.0
13,21087,546.0
13,21121,546.0
13,21147,546.0
13,21175,546.0
13,21195,546.0
13,21223,546.0
13,21249,546.0
13,21267,546.0
13,21283,546.0
13,21309,546.0
13,21337,546.0
13,21355,546.0
13,21357,546.0
13,21385,546.0
13,21399,546.0
13,21401,546.0
13,21415,546.0
13,21443,546.0
13,21475,546.0
13,21489,546.0
13,21519,546.0
14,11778,380.0
14,11780,380.0
14,11808,380.0
14,11836,380.0
14,11852,380.0
14,11880,380.0
14,11894,403.0
14,11912,403.0
14,11926,403.0
14,11928,403.0
14,11930,403.0
14,12513,403.0
14,12543,403.0
14,12545,403.0
14,12561,403.0
14,12575,418.0
14,12589,418.0
14,12603,418.0
14,12617,418.0
14,12631,418.0
14,12647,418.0
14,12649,418.0
14,12679,418.0
14,12697,418.0
14,12711,418.0
14,12737,418.0
14,12739,418.0
14,12767,418.0
14,12793,418.0
14,12819,418.0
14,12837,418.0
14,12851,433.0
14,12883,433.0
14,12911,433.0
14,12937,433.0
14,12951,439.0
14,12965,439.0
14,12995,439.0
14,13025,439.0
14,13041,439.0
14,13067,439.0
14,13097,440.0
14,13127,440.0
14,13153,440.0
14,13169,440.0
14,13199,440.0
14,13215,440.0
14,13233,440.0
14,13251,440.0
14,13267,440.0
14,13293,454.0
14,13309,462.0
14,13325,462.0
14,13351,462.0
14,13365,462.0
14,13383,462.0
14,13413,462.0
14,13427,462.0
14,13445,462.0
14,13477,462.0
14,13507,462.0
14,13533,462.0
14,13535,462.0
14,13551,462.0
14,13577,462.0
14,13605,477.0
14,13621,477.0
14,13657,477.0
14,13685,477.0
14,13699,477.0
14,13731,477.0
14,13733,477.0
14,13765,477.0
14,13767,477.0
14,13769,477.0
14,13797,477.0
14,13799,477.0
14,13801,477.0
14,13817,477.0
14,13831,477.0
14,13857,477.0
14,13885,477.0
14,13899,477.0
14,13901,477.0
14,13915,477.0
14,13929,477.0
14,13945,477.0
14,13947,477.0
14,13949,477.0
14,13979,477.0
14,13993,477.0
14,14015,477.0
14,14029,477.0
14,14055,482.0
14,14069,482.0
14,14095,482.0
14,14111,482.0
14,14127,482.0
14,14153,482.0
14,14169,482.0
14,14183,485.0
14,14197,485.0
14,14223,485.0
14,14237,493.0
14,14263,493.0
14,14265,493.0
14,14293,493.0
14,14295,493.0
14,14323,500.0
14,14339,500.0
14,14353,500.0
14,14355,500.0
14,14357,500.0
14,14383,500.0
14,14411,500.0
14,14413,500.0
14,14441,500.0
14,14475,500.0
14,14489,500.0
14,14491,500.0
14,14507,500.0
14,14535,500.0
14,14537,500.0
14,14539,500.0
14,14557,500.0
14,14587,500.0
14,14589,500.0
14,14603,500.0
14,14631,500.0
14,14633,500.0
14,14647,500.0
14,14661,500.0
14,14675,500.0
14,14677,500.0
14,14679,500.0
14,14693,500.0
14,14719,500.0
14,14747,500.0
14,14777,500.0
14,14805,500.0
14,14823,500.0
14,14839,500.0
14,14857,500.0
14,14859,500.0
14,14875,505.0
14,14889,505.0
14,14919,505.0
14,14945,505.0
14,14959,505.0
14,14985,505.0
14,15013,505.0
14,15015,505.0
14,15029,505.0
14,15055,505.0
14,15085,505.0
14,15099,505.0
14,15101,505.0
14,15133,505.0
14,15149,505.0
14,15175,505.0
14,15189,505.0
14,15217,505.0
14,15231,505.0
14,15257,505.0
14,15259,505.0
14,15275,505.0
14,15305,505.0
14,15337,505.0
14,15353,505.0
14,15367,507.0
14,15381,507.0
14,15411,507.0
14,15425,507.0
14,15453,512.0
14,15481,512.0
14,15497,512.0
14,15499,512.0
14,15515,512.0
14,15517,512.0
14,15545,512.0
14,15561,512.0
14,15575,512.0
14,15577,512.0
14,15591,512.0
14,15605,512.0
14,15631,512.0
14,15645,512.0
14,15659,512.0
14,15673,512.0
14,15701,512.0
14,15715,512.0
14,15729,515.0
14,15755,515.0
14,15757,515.0
14,15787,515.0
14,15805,515.0
14,15819,515.0
14,15845,515.0
14,15861,515.0
14,15875,515.0
14,15877,515.0
14,15905,518.0
14,15933,518.0
14,15947,518.0
14,15961,518.0
14,15963,518.0
14,15979,518.0
14,15993,518.0
14,16009,518.0
14,16023,518.0
14,16057,518.0
14,16085,521.0
14,16111,521.0
14,16139,521.0
14,16153,521.0
14,16155,521.0
14,16169,521.0
14,16171,521.0
14,16185,521.0
14,16211,524.0
14,16227,524.0
14,16229,524.0
14,16243,524.0
14,16263,524.0
14,16289,524.0
14,16303,524.0
14,16329,524.0
14,16345,524.0
14,16371,530.0
14,16391,530.0
14,16393,530.0
14,16421,530.0
14,16423,530.0
14,16449,530.0
14,16451,530.0
14,16487,530.0
14,16501,530.0
14,16503,530.0
14,16517,530.0
14,16545,530.0
14,16561,530.0
14,16587,530.0
14,16617,530.0
14,16643,530.0
14,16675,530.0
14,16705,530.0
14,16733,530.0
14,16759,530.0
14,16785,530.0
14,16801,530.0
14,16815,530.0
14,16831,530.0
14,16857,530.0
14,16877,530.0
14,16891,530.0
14,16905,530.0
14,16931,530.0
14,16959,530.0
14,16961,530.0
14,16963,530.0
14,16991,530.0
14,17007,530.0
14,17023,530.0
14,17053,530.0
14,17079,530.0
14,17097,530.0
14,17111,530.0
14,17139,530.0
14,17153,530.0
14,17167,530.0
14,17181,530.0
14,17199,530.0
14,17213,530.0
14,17227,530.0
14,17229,530.0
14,17243,530.0
14,17259,530.0
14,17273,530.0
14,17275,530.0
14,17289,530.0
14,17321,530.0
14,17335,530.0
14,17353,530.0
14,17367,530.0
14,17381,530.0
14,17409,530.0
14,17435,530.0
14,17451,530.0
14,17471,530.0
14,17499,530.0
14,17527,530.0
14,17541,530.0
14,17569,530.0
14,17583,530.0
14,17613,530.0
14,17627,530.0
14,17629,530.0
14,17657,530.0
14,17671,530.0
14,17685,536.0
14,17701,536.0
14,17703,536.0
14,17705,536.0
14,17719,536.0
14,17735,536.0
14,17749,536.0
14,17763,536.0
14,17765,536.0
14,17783,536.0
14,17803,536.0
14,17833,536.0
14,17847,536.0
14,17849,536.0
14,17865,536.0
14,17893,536.0
14,17921,536.0
14,17923,536.0
14,17949,536.0
14,17963,536.0
14,17977,536.0
14,17993,536.0
14,18021,536.0
14,18037,536.0
14,18039,536.0
14,18053,536.0
14,18081,536.0
14,18111,536.0
14,18137,536.0
14,18163,536.0
14,18183,536.0
14,18197,536.0
14,18211,536.0
14,18237,536.0
14,18267,536.0
14,18281,536.0
14,18297,536.0
14,18299,536.0
14,18313,536.0
14,18327,536.0
14,18329,536.0
14,18331,536.0
14,18367,536.0
14,18381,536.0
14,18395,536.0
14,18425,536.0
14,18439,536.0
14,18471,536.0
14,18499,536.0
14,18501,536.0
14,18515,536.0
14,18517,536.0
14,18543,536.0
14,18573,536.0
14,18589,536.0
14,18605,536.0
14,18621,536.0
14,18635,536.0
14,18649,536.0
14,18665,536.0
14,18695,536.0
14,18721,536.0
14,18735,536.0
14,18737,536.0
14,18751,536.0
14,18753,536.0
14,18767,536.0
14,18797,536.0
14,18811,536.0
14,18829,536.0
14,18855,536.0
14,18881,536.0
14,18895,536.0
14,18911,536.0
14,18937,536.0
14,18965,536.0
14,18995,536.0
14,19011,536.0
14,19037,536.0
14,19063,537.0
14,19065,537.0
14,19067,537.0
14,19081,537.0
14,19097,537.0
14,19123,537.0
14,19149,537.0
14,19175,537.0
14,19203,537.0
14,19231,537.0
14,19245,537.0
14,19271,537.0
14,19285,537.0
14,19315,537.0
14,19317,537.0
14,19351,537.0
14,19365,537.0
14,19381,537.0
14,19403,537.0
14,19417,537.0
14,19433,537.0
14,19461,537.0
14,19491,537.0
14,19493,537.0
14,19519,537.0
14,19551,537.0
14,19565,537.0
14,19583,537.0
14,19585,537.0
14,19601,537.0
14,19619,537.0
14,19633,537.0
14,19663,537.0
14,19677,537.0
14,19691,537.0
14,19709,537.0
14,19727,537.0
14,19763,537.0
14,19791,537.0
14,19793,537.0
14,19821,537.0
14,19835,537.0
14,19863,537.0
14,19865,537.0
14,19879,537.0
14,19893,537.0
14,19923,537.0
14,19953,537.0
14,19983,537.0
14,20013,537.0
14,20029,537.0
14,20055,537.0
14,20071,537.0
14,20103,537.0
14,20129,537.0
14,20147,537.0
14,20161,537.0
14,20193,537.0
14,20207,537.0
14,20223,537.0
14,20249,537.0
14,20279,541.0
14,20309,541.0
14,20339,541.0
14,20369,541.0
14,20399,541.0
14,20417,541.0
14,20431,541.0
14,20463,541.0
14,20477,541.0
14,20507,541.0
14,20521,541.0
14,20547,541.0
14,20573,541.0
14,20589,541.0
14,20621,541.0
14,20635,541.0
14,20665,541.0
14,20695,541.0
14,20697,541.0
14,20711,541.0
14,20737,541.0
14,20763,541.0
14,20779,541.0
14,20797,541.0
14,20799,541.0
14,20831,541.0
14,20845,541.0
14,20847,541.0
14,20879,541.0
14,20893,541.0
14,20907,541.0
14,20923,541.0
14,20937,541.0
14,20953,541.0
14,20979,541.0
14,21007,541.0
14,21023,541.0
14,21039,541.0
14,21055,541.0
14,21069,541.0
14,21083,541.0
14,21099,541.0
14,21129,541.0
14,21143,541.0
14,21157,541.0
14,21175,541.0
14,21205,541.0
14,21221,541.0
14,21235,541.0
14,21265,541.0
14,21293,541.0
14,21307,541.0
14,21323,541.0
14,21353,541.0
14,21355,541.0
14,21381,541.0
14,21395,541.0
14,21409,541.0
14,21435,541.0
14,21451,541.0
14,21465,541.0
14,21495,541.0
14,21509,541.0
14,21539,541.0
14,21553,542.0
14,21569,542.0
14,21583,543.0
14,21597,543.0
14,21613,543.0
14,21633,543.0
14,21659,543.0
14,21673,543.0
14,21687,544.0
14,21717,544.0
14,21731,544.0
14,21749,544.0
15,11786,385.0
15,11788,385.0
15,11790,385.0
15,11804,385.0
15,11832,385.0
15,11858,397.0
15,11872,397.0
15,11898,397.0
15,12465,397.0
15,12479,397.0
15,12495,397.0
15,12509,397.0
15,12527,397.0
15,12543,397.0
15,12559,397.0
15,12587,413.0
15,12617,417.0
15,12643,417.0
15,12645,417.0
15,12659,417.0
15,12685,417.0
15,12711,434.0
15,12725,434.0
15,12739,434.0
15,12741,434.0
15,12755,434.0
15,12781,434.0
15,12797,434.0
15,12825,434.0
15,12851,434.0
15,12865,434.0
15,12879,434.0
15,12911,446.0
15,12927,446.0
15,12957,446.0
15,12959,446.0
15,12985,449.0
15,13011,449.0
15,13037,468.0
15,13063,468.0
15,13077,468.0
15,13093,468.0
15,13109,468.0
15,13139,468.0
15,13167,468.0
15,13183,468.0
15,13213,468.0
15,13227,468.0
15,13229,468.0
15,13257,468.0
15,13271,468.0
15,13287,468.0
15,13301,468.0
15,13303,468.0
15,13317,468.0
15,13331,468.0
15,13345,468.0
15,13375,468.0
15,13391,468.0
15,13417,468.0
15,13431,470.0
15,13461,470.0
15,13491,470.0
15,13523,476.0
15,13537,476.0
15,13551,483.0
15,13581,491.0
15,13611,491.0
15,13613,491.0
15,13641,491.0
15,13667,491.0
15,13685,491.0
15,13699,491.0
15,13713,491.0
15,13731,491.0
15,13745,491.0
15,13773,491.0
15,13789,491.0
15,13791,491.0
15,13793,491.0
15,13821,491.0
15,13847,491.0
15,13863,491.0
15,13881,491.0
15,13895,491.0
15,13911,491.0
15,13927,497.0
15,13929,497.0
15,13957,497.0
15,13985,497.0
15,13999,497.0
15,14025,497.0
15,14039,497.0
15,14067,497.0
15,14083,497.0
15,14113,497.0
15,14139,497.0
15,14167,497.0
15,14195,497.0
15,14209,497.0
15,14223,497.0
15,14251,497.0
15,14265,500.0
15,14279,500.0
15,14309,500.0
15,14311,500.0
15,14325,500.0
15,14343,500.0
15,14357,511.0
15,14371,511.0
15,14399,511.0
15,14433,511.0
15,14451,511.0
15,14467,511.0
15,14493,522.0
15,14507,522.0
15,14509,522.0
15,14537,522.0
15,14553,522.0
15,14569,522.0
15,14583,522.0
15,14613,522.0
15,14639,522.0
15,14667,522.0
15,14681,522.0
15,14695,522.0
15,14723,522.0
15,14751,522.0
15,14753,522.0
15,14767,522.0
15,14783,522.0
15,14811,522.0
15,14831,522.0
15,14849,522.0
15,14851,522.0
15,14877,529.0
15,14893,529.0
15,14909,529.0
15,14923,529.0
15,14943,529.0
15,14975,529.0
15,14989,529.0
15,15003,529.0
15,15033,529.0
15,15061,529.0
15,15075,529.0
15,15089,529.0
15,15117,529.0
15,15119,529.0
15,15121,529.0
15,15137,529.0
15,15153,529.0
15,15155,529.0
15,15157,529.0
15,15171,529.0
15,15199,529.0
15,15225,529.0
15,15241,529.0
15,15267,529.0
15,15281,529.0
15,15307,529.0
15,15333,529.0
15,15361,529.0
15,15375,529.0
15,15401,529.0
15,15429,529.0
15,15457,529.0
15,15485,529.0
15,15499,529.0
15,15527,529.0
15,15555,529.0
15,15569,529.0
15,15587,529.0
15,15625,529.0
15,15653,529.0
15,15679,529.0
15,15709,529.0
15,15739,529.0
15,15741,529.0
15,15755,529.0
15,15781,529.0
15,15809,529.0
15,15839,529.0
15,15853,529.0
15,15881,529.0
15,15895,529.0
15,15921,529.0
15,15951,529.0
15,15969,529.0
15,15971,529.0
15,15987,529.0
15,16003,529.0
15,16019,529.0
15,16021,529.0
15,16035,529.0
15,16049,529.0
15,16063,529.0
15,16065,529.0
15,16079,529.0
15,16095,529.0
15,16125,529.0
15,16139,529.0
15,16155,529.0
15,16173,529.0
15,16187,529.0
15,16189,529.0
15,16219,529.0
15,16239,529.0
15,16253,529.0
15,16267,529.0
15,16269,529.0
15,16295,529.0
15,16321,529.0
15,16335,529.0
15,16351,529.0
15,16353,529.0
15,16369,529.0
15,16395,529.0
15,16411,529.0
15,16425,529.0
15,16451,529.0
15,16479,534.0
15,16481,534.0
15,16495,534.0
15,16509,534.0
15,16525,534.0
15,16553,534.0
15,16581,534.0
15,16611,534.0
15,16613,534.0
15,16627,534.0
15,16655,534.0
15,16669,534.0
15,16683,534.0
15,16713,534.0
15,16715,534.0
15,16717,534.0
15,16745,534.0
15,16759,534.0
15,16773,534.0
15,16775,534.0
15,16777,534.0
15,16803,534.0
15,16819,534.0
15,16849,534.0
15,16875,534.0
15,16905,534.0
15,16931,534.0
15,16957,534.0
15,16973,534.0
15,16987,534.0
15,17015,534.0
15,17017,534.0
15,17035,534.0
15,17061,534.0
15,17075,534.0
15,17089,534.0
15,17105,534.0
15,17135,534.0
15,17165,534.0
15,17191,534.0
15,17205,534.0
15,17207,534.0
15,17235,534.0
15,17249,534.0
15,17251,534.0
15,17265,534.0
15,17293,534.0
15,17313,534.0
15,17327,534.0
15,17359,534.0
15,17373,534.0
15,17387,534.0
15,17417,534.0
15,17433,534.0
15,17435,534.0
15,17467,534.0
15,17497,534.0
15,17499,534.0
15,17515,534.0
15,17529,534.0
15,17543,534.0
15,17561,534.0
15,17587,534.0
15,17619,534.0
15,17633,534.0
15,17649,534.0
15,17679,534.0
15,17707,534.0
15,17721,534.0
15,17751,534.0
15,17769,534.0
15,17783,534.0
15,17785,534.0
15,17787,534.0
15,17815,534.0
15,17831,534.0
15,17859,534.0
15,17887,534.0
15,17901,534.0
15,17921,534.0
15,17937,534.0
15,17953,534.0
15,17967,534.0
15,17985,534.0
15,18001,534.0
15,18017,534.0
15,18037,534.0
15,18039,534.0
15,18053,534.0
15,18083,534.0
15,18111,534.0
15,18141,534.0
15,18155,534.0
15,18157,534.0
15,18171,534.0
15,18185,534.0
15,18213,534.0
15,18241,534.0
15,18255,534.0
15,18269,534.0
15,18295,534.0
15,18323,534.0
15,18351,534.0
15,18377,534.0
15,18379,534.0
15,18395,534.0
15,18411,534.0
15,18425,534.0
15,18439,534.0
15,18467,534.0
15,18469,534.0
15,18497,539.0
15,18525,539.0
15,18539,539.0
15,18555,539.0
15,18581,539.0
15,18595,539.0
15,18597,539.0
15,18623,539.0
15,18649,539.0
15,18663,539.0
15,18677,539.0
15,18691,539.0
15,18705,539.0
15,18725,539.0
15,18755,539.0
15,18769,539.0
15,18795,539.0
15,18823,539.0
15,18825,539.0
15,18843,539.0
15,18875,539.0
15,18891,539.0
15,18905,539.0
15,18919,539.0
15,18947,539.0
15,18973,539.0
15,18987,539.0
15,19003,539.0
15,19029,539.0
15,19055,539.0
15,19069,539.0
15,19083,539.0
15,19085,539.0
15,19099,539.0
15,19129,539.0
15,19131,539.0
15,19159,539.0
15,19177,539.0
15,19191,539.0
15,19223,539.0
15,19237,539.0
15,19265,539.0
15,19291,540.0
15,19305,540.0
15,19321,540.0
15,19323,540.0
15,19325,540.0
15,19339,540.0
15,19353,540.0
15,19381,540.0
15,19383,540.0
15,19385,540.0
15,19415,540.0
15,19417,540.0
15,19449,540.0
15,19463,540.0
15,19477,540.0
15,19503,540.0
15,19533,540.0
15,19561,540.0
15,19587,540.0
15,19601,540.0
15,19615,540.0
15,19649,540.0
15,19669,540.0
15,19671,540.0
15,19673,540.0
15,19689,540.0
15,19705,540.0
15,19739,540.0
15,19767,540.0
15,19795,540.0
15,19825,540.0
15,19839,540.0
15,19867,540.0
15,19883,540.0
15,19915,548.0
15,19941,548.0
15,19943,548.0
15,19957,548.0
15,19971,548.0
15,19997,548.0
15,19999,548.0
15,20033,548.0
15,20063,548.0
15,20089,548.0
15,20091,548.0
15,20093,548.0
15,20121,548.0
15,20135,548.0
15,20149,548.0
15,20163,548.0
15,20177,548.0
15,20191,548.0
15,20205,548.0
15,20233,548.0
15,20259,548.0
15,20285,548.0
15,20301,548.0
15,20331,548.0
15,20357,548.0
15,20373,548.0
15,20387,549.0
15,20413,549.0
15,20427,549.0
15,20455,549.0
15,20487,549.0
15,20503,549.0
15,20531,549.0
15,20561,549.0
15,20595,549.0
15,20609,549.0
15,20625,549.0
15,20641,549.0
15,20655,549.0
15,20671,549.0
15,20685,549.0
15,20711,549.0
15,20729,549.0
15,20731,549.0
15,20757,549.0
15,20773,549.0
15,20775,549.0
15,20791,549.0
15,20805,549.0
15,20821,549.0
15,20847,549.0
15,20873,549.0
15,20875,549.0
15,20901,549.0
15,20929,549.0
15,20943,549.0
15,20971,549.0
15,20999,549.0
15,21027,549.0
15,21053,549.0
15,21069,549.0
15,21095,549.0
15,21109,549.0
15,21123,549.0
15,21125,549.0
15,21145,549.0
15,21161,549.0
15,21187,549.0
15,21201,549.0
15,21227,549.0
15,21243,549.0
15,21257,549.0
15,21273,549.0
15,21303,549.0
15,21305,549.0
15,21323,549.0
15,21339,549.0
15,21367,549.0
15,21395,549.0
15,21425,549.0
15,21453,549.0
15,21469,549.0
15,21483,549.0
15,21497,549.0
15,21511,549.0
15,21525,549.0
15,21539,549.0
15,21553,551.0
15,21569,551.0
15,21585,551.0
15,21601,551.0
15,21629,551.0
15,21655,551.0
15,21657,551.0
15,21683,551.0
15,21685,551.0
15,21711,551.0
15,21729,551.0
15,21745,551.0
15,21759,551.0
15,21773,551.0
16,11780,385.0
16,11810,385.0
16,12431,385.0
16,12457,385.0
16,12483,385.0
16,12497,402.0
16,12523,402.0
16,12549,402.0
16,12551,402.0
16,12553,402.0
16,12555,402.0
16,12569,402.0
16,12597,402.0
16,12627,402.0
16,12641,422.0
16,12643,422.0
16,12645,422.0
16,12661,422.0
16,12689,422.0
16,12715,422.0
16,12731,422.0
16,12733,422.0
16,12735,422.0
16,12737,422.0
16,12765,422.0
16,12783,422.0
16,12799,422.0
16,12827,422.0
16,12841,422.0
16,12843,422.0
16,12859,422.0
16,12889,422.0
16,12891,422.0
16,12907,422.0
16,12937,422.0
16,12963,427.0
16,12965,427.0
16,12979,444.0
16,12993,444.0
16,13019,444.0
16,13035,444.0
16,13051,444.0
16,13053,444.0
16,13067,444.0
16,13081,444.0
16,13109,444.0
16,13139,444.0
16,13169,444.0
16,13195,458.0
16,13211,458.0
16,13227,458.0
16,13255,458.0
16,13285,461.0
16,13319,461.0
16,13333,461.0
16,13347,466.0
16,13363,466.0
16,13389,466.0
16,13403,470.0
16,13429,470.0
16,13455,470.0
16,13469,470.0
16,13483,470.0
16,13501,470.0
16,13531,470.0
16,13561,470.0
16,13575,470.0
16,13609,470.0
16,13635,479.0
16,13649,479.0
16,13679,479.0
16,13681,479.0
16,13697,479.0
16,13715,479.0
16,13729,487.0
16,13743,487.0
16,13769,487.0
16,13783,489.0
16,13797,494.0
16,13811,494.0
16,13839,494.0
16,13853,494.0
16,13871,494.0
16,13897,494.0
16,13927,494.0
16,13953,494.0
16,13969,494.0
16,13997,494.0
16,14011,494.0
16,14013,494.0
16,14029,494.0
16,14055,494.0
16,14071,494.0
16,14101,494.0
16,14117,494.0
16,14145,494.0
16,14173,494.0
16,14203,494.0
16,14205,494.0
16,14235,494.0
16,14261,494.0
16,14275,494.0
16,14301,494.0
16,14317,494.0
16,14333,494.0
16,14361,494.0
16,14375,494.0
16,14403,494.0
16,14419,494.0
16,14437,494.0
16,14465,494.0
16,14501,494.0
16,14527,494.0
16,14559,494.0
16,14575,494.0
16,14589,494.0
16,14591,494.0
16,14619,494.0
16,14633,498.0
16,14647,498.0
16,14673,498.0
16,14701,498.0
16,14729,498.0
16,14743,498.0
16,14759,498.0
16,14787,498.0
16,14801,498.0
16,14803,498.0
16,14817,498.0
16,14819,498.0
16,14847,498.0
16,14863,498.0
16,14889,498.0
16,14903,509.0
16,14917,509.0
16,14919,509.0
16,14935,509.0
16,14963,509.0
16,14977,509.0
16,14995,509.0
16,14997,509.0
16,15011,509.0
16,15039,509.0
16,15065,509.0
16,15099,509.0
16,15101,509.0
16,15103,509.0
16,15119,509.0
16,15133,509.0
16,15147,511.0
16,15149,511.0
16,15163,511.0
16,15181,511.0
16,15195,511.0
16,15225,511.0
16,15239,511.0
16,15257,511.0
16,15273,511.0
16,15301,511.0
16,15319,511.0
16,15347,511.0
16,15379,511.0
16,15393,511.0
16,15409,511.0
16,15423,511.0
16,15439,511.0
16,15453,511.0
16,15479,511.0
16,15493,511.0
16,15523,511.0
16,15551,511.0
16,15577,511.0
16,15591,513.0
16,15621,516.0
16,15649,516.0
16,15663,516.0
16,15679,516.0
16,15693,516.0
16,15695,516.0
16,15723,516.0
16,15737,516.0
16,15763,518.0
16,15795,518.0
16,15823,518.0
16,15849,518.0
16,15865,518.0
16,15885,518.0
16,15913,519.0
16,15939,519.0
16,15953,524.0
16,15981,524.0
16,16007,524.0
16,16033,524.0
16,16035,524.0
16,16051,524.0
16,16065,524.0
16,16081,524.0
16,16097,524.0
16,16131,524.0
16,16145,524.0
16,16147,524.0
16,16165,524.0
16,16183,524.0
16,16213,524.0
16,16215,524.0
16,16229,524.0
16,16243,524.0
16,16269,524.0
16,16283,524.0
16,16315,524.0
16,16317,524.0
16,16331,524.0
16,16357,524.0
16,16373,524.0
16,16387,524.0
16,16413,524.0
16,16431,524.0
16,16447,524.0
16,16449,524.0
16,16463,524.0
16,16491,525.0
16,16493,525.0
16,16525,525.0
16,16539,525.0
16,16553,528.0
16,16583,528.0
16,16599,528.0
16,16629,528.0
16,16659,528.0
16,16689,528.0
16,16703,528.0
16,16717,528.0
16,16745,528.0
16,16759,528.0
16,16785,528.0
16,16799,529.0
16,16801,529.0
16,16831,529.0
16,16833,529.0
16,16851,529.0
16,16881,529.0
16,16915,529.0
16,16943,529.0
16,16957,529.0
16,16973,529.0
16,16999,529.0
16,17025,529.0
16,17051,529.0
16,17053,529.0
16,17055,529.0
16,17071,529.0
16,17073,529.0
16,17101,529.0
16,17103,529.0
16,17131,529.0
16,17159,532.0
16,17173,532.0
16,17187,532.0
16,17213,532.0
16,17215,532.0
16,17233,532.0
16,17235,532.0
16,17261,532.0
16,17263,532.0
16,17291,532.0
16,17317,532.0
16,17335,532.0
16,17365,532.0
16,17379,532.0
16,17393,532.0
16,17407,532.0
16,17423,532.0
16,17437,532.0
16,17451,532.0
16,17465,532.0
16,17479,532.0
16,17509,532.0
16,17511,532.0
16,17525,532.0
16,17555,532.0
16,17581,532.0
16,17583,532.0
16,17611,532.0
16,17625,532.0
16,17627,532.0
16,17641,532.0
16,17655,532.0
16,17681,532.0
16,17683,532.0
16,17709,532.0
16,17737,532.0
16,17751,532.0
16,17781,532.0
16,17811,532.0
16,17837,532.0
16,17851,532.0
16,17877,532.0
16,17903,532.0
16,17917,532.0
16,17931,532.0
16,17945,532.0
16,17977,532.0
16,18003,532.0
16,18029,535.0
16,18031,535.0
16,18053,535.0
16,18067,535.0
16,18081,535.0
16,18083,535.0
16,18113,535.0
16,18127,535.0
16,18143,535.0
16,18171,535.0
16,18197,535.0
16,18223,535.0
16,18239,535.0
16,18267,535.0
16,18301,535.0
16,18331,535.0
16,18359,535.0
16,18361,535.0
16,18389,535.0
16,18407,535.0
16,18421,535.0
16,18439,535.0
16,18453,535.0
16,18467,535.0
16,18481,535.0
16,18509,535.0
16,18525,535.0
16,18539,535.0
16,18553,535.0
16,18579,535.0
16,18595,535.0
16,18609,535.0
16,18639,535.0
16,18665,535.0
16,18681,535.0
16,18697,535.0
16,18711,535.0
16,18727,535.0
16,18743,535.0
16,18757,535.0
16,18789,535.0
16,18791,535.0
16,18805,535.0
16,18807,535.0
16,18833,535.0
16,18859,535.0
16,18887,535.0
16,18889,535.0
16,18891,535.0
16,18907,535.0
16,18923,535.0
16,18925,535.0
16,18939,535.0
16,18955,535.0
16,18969,535.0
16,18971,535.0
16,18973,535.0
16,18975,535.0
16,18991,535.0
16,19005,535.0
16,19019,535.0
16,19033,535.0
16,19053,535.0
16,19069,535.0
16,19097,535.0
16,19113,535.0
16,19115,535.0
16,19135,535.0
16,19149,535.0
16,19163,535.0
16,19197,539.0
16,19223,539.0
16,19249,539.0
16,19251,539.0
16,19277,539.0
16,19291,539.0
16,19305,539.0
16,19335,539.0
16,19365,539.0
16,19379,539.0
16,19393,539.0
16,19411,539.0
16,19437,539.0
16,19467,539.0
16,19481,539.0
16,19513,539.0
16,19539,539.0
16,19541,539.0
16,19559,539.0
16,19573,539.0
16,19591,539.0
16,19621,539.0
16,19649,539.0
16,19663,539.0
16,19677,539.0
16,19703,539.0
16,19717,539.0
16,19731,539.0
16,19757,539.0
16,19771,539.0
16,19787,539.0
16,19817,539.0
16,19845,539.0
16,19859,539.0
16,19873,539.0
16,19875,539.0
16,19889,539.0
16,19891,539.0
16,19907,539.0
16,19921,539.0
16,19935,539.0
16,19937,539.0
16,19965,539.0
16,19979,539.0
16,19993,539.0
16,20019,539.0
16,20035,539.0
16,20051,539.0
16,20079,539.0
16,20095,539.0
16,20125,539.0
16,20139,539.0
16,20141,539.0
16,20157,539.0
16,20159,539.0
16,20173,539.0
16,20201,539.0
16,20203,539.0
16,20219,539.0
16,20221,539.0
16,20235,539.0
16,20263,539.0
16,20293,539.0
16,20307,539.0
16,20309,539.0
16,20335,540.0
16,20361,540.0
16,20387,540.0
16,20403,540.0
16,20417,540.0
16,20419,540.0
16,20435,540.0
16,20463,540.0
16,20465,540.0
16,20479,540.0
16,20509,540.0
16,20535,540.0
16,20537,540.0
16,20553,540.0
16,20569,540.0
16,20583,540.0
16,20597,540.0
16,20599,540.0
16,20629,540.0
16,20659,540.0
16,20687,540.0
16,20689,540.0
16,20705,540.0
16,20733,540.0
16,20759,540.0
16,20785,540.0
16,20811,540.0
16,20841,540.0
16,20857,540.0
16,20889,540.0
16,20905,540.0
16,20933,540.0
16,20947,540.0
16,20961,540.0
16,20975,540.0
16,21001,540.0
16,21027,540.0
16,21041,540.0
16,21073,540.0
16,21101,540.0
16,21135,540.0
16,21151,540.0
16,21153,540.0
16,21179,540.0
16,21207,540.0
16,21209,540.0
16,21225,540.0
16,21227,540.0
16,21241,540.0
16,21271,540.0
16,21287,540.0
16,21301,540.0
16,21303,540.0
16,21317,540.0
16,21349,540.0
16,21363,540.0
16,21377,540.0
16,21393,540.0
16,21421,540.0
16,21437,540.0
16,21451,540.0
16,21485,540.0
16,21511,540.0
16,21525,540.0
16,21527,540.0
16,21555,540.0
16,21571,540.0
16,21601,540.0
16,21615,540.0
16,21629,540.0
16,21643,543.0
16,21657,543.0
16,21683,543.0
16,21685,543.0
16,21713,543.0
16,21727,543.0
16,21741,543.0
16,21755,543.0
16,21787,543.0
17,12275,378.0
17,12301,398.0
17,12329,398.0
17,12357,398.0
17,12373,398.0
17,12403,398.0
17,12405,398.0
17,12421,398.0
17,12423,398.0
17,12425,398.0
17,12439,398.0
17,12467,398.0
17,12497,398.0
17,12499,398.0
17,12513,398.0
17,12527,416.0
17,12553,416.0
17,12581,416.0
17,12595,416.0
17,12625,416.0
17,12655,416.0
17,12687,416.0
17,12701,416.0
17,12727,416.0
17,12741,416.0
17,12759,416.0
17,12775,416.0
17,12789,416.0
17,12815,416.0
17,12831,416.0
17,12833,416.0
17,12849,416.0
17,12863,416.0
17,12889,443.0
17,12915,443.0
17,12929,443.0
17,12943,443.0
17,12969,443.0
17,12985,443.0
17,13013,443.0
17,13041,443.0
17,13067,443.0
17,13081,443.0
17,13113,443.0
17,13115,443.0
17,13129,443.0
17,13157,443.0
17,13187,443.0
17,13189,443.0
17,13217,443.0
17,13231,443.0
17,13233,443.0
17,13247,454.0
17,13249,454.0
17,13263,454.0
17,13265,475.0
17,13283,475.0
17,13309,475.0
17,13311,475.0
17,13343,475.0
17,13359,475.0
17,13385,475.0
17,13415,475.0
17,13441,475.0
17,13471,475.0
17,13473,475.0
17,13487,475.0
17,13489,475.0
17,13517,475.0
17,13519,475.0
17,13553,475.0
17,13567,475.0
17,13569,475.0
17,13597,484.0
17,13599,484.0
17,13627,484.0
17,13645,484.0
17,13673,484.0
17,13687,484.0
17,13715,484.0
17,13743,493.0
17,13773,493.0
17,13789,493.0
17,13805,493.0
17,13807,493.0
17,13823,493.0
17,13825,493.0
17,13839,493.0
17,13841,493.0
17,13843,493.0
17,13857,493.0
17,13887,493.0
17,13913,493.0
17,13929,493.0
17,13945,493.0
17,13973,493.0
17,13993,493.0
17,14009,493.0
17,14011,493.0
17,14025,493.0
17,14051,496.0
17,14065,496.0
17,14067,496.0
17,14081,496.0
17,14083,496.0
17,14085,496.0
17,14101,496.0
17,14129,496.0
17,14131,496.0
17,14147,496.0
17,14163,496.0
17,14189,496.0
17,14215,496.0
17,14231,496.0
17,14247,496.0
17,14261,496.0
17,14263,496.0
17,14279,496.0
17,14305,496.0
17,14335,496.0
17,14367,496.0
17,14381,496.0
17,14401,496.0
17,14403,496.0
17,14429,497.0
17,14443,497.0
17,14471,497.0
17,14473,497.0
17,14487,497.0
17,14501,497.0
17,14515,497.0
17,14517,497.0
17,14543,497.0
17,14559,497.0
17,14575,497.0
17,14591,497.0
17,14605,497.0
17,14619,497.0
17,14621,497.0
17,14635,497.0
17,14637,497.0
17,14651,497.0
17,14665,505.0
17,14693,505.0
17,14707,505.0
17,14721,505.0
17,14739,505.0
17,14757,505.0
17,14771,505.0
17,14801,505.0
17,14817,508.0
17,14831,508.0
17,14833,508.0
17,14849,508.0
17,14865,508.0
17,14891,516.0
17,14893,516.0
17,14919,516.0
17,14935,516.0
17,14963,516.0
17,14979,516.0
17,14993,516.0
17,15021,516.0
17,15053,516.0
17,15067,519.0
17,15081,519.0
17,15107,519.0
17,15121,519.0
17,15135,519.0
17,15167,519.0
17,15181,519.0
17,15195,519.0
17,15223,519.0
17,15239,519.0
17,15255,519.0
17,15269,519.0
17,15287,519.0
17,15301,519.0
17,15303,519.0
17,15319,519.0
17,15349,519.0
17,15375,519.0
17,15391,519.0
17,15421,519.0
17,15423,519.0
17,15437,519.0
17,15451,519.0
17,15477,519.0
17,15505,519.0
17,15507,519.0
17,15527,519.0
17,15553,519.0
17,15581,519.0
17,15597,519.0
17,15611,519.0
17,15627,519.0
17,15655,519.0
17,15669,519.0
17,15683,519.0
17,15685,519.0
17,15699,519.0
17,15701,519.0
17,15731,519.0
17,15763,519.0
17,15781,519.0
17,15795,519.0
17,15809,519.0
17,15837,524.0
17,15851,524.0
17,15865,524.0
17,15897,524.0
17,15911,524.0
17,15937,524.0
17,15965,524.0
17,15967,524.0
17,15969,524.0
17,15983,524.0
17,15999,524.0
17,16015,524.0
17,16043,524.0
17,16061,524.0
17,16075,524.0
17,16089,524.0
17,16107,524.0
17,16109,524.0
17,16139,524.0
17,16141,524.0
17,16157,524.0
17,16189,524.0
17,16217,524.0
17,16233,524.0
17,16263,524.0
17,16289,524.0
17,16317,524.0
17,16333,524.0
17,16363,524.0
17,16365,524.0
17,16379,524.0
17,16405,524.0
17,16433,524.0
17,16449,524.0
17,16451,524.0
17,16479,524.0
17,16499,524.0
17,16513,524.0
17,16527,524.0
17,16557,524.0
17,16571,524.0
17,16585,524.0
17,16599,524.0
17,16613,524.0
17,16641,524.0
17,16657,524.0
17,16683,524.0
17,16703,524.0
17,16729,531.0
17,16731,531.0
17,16747,531.0
17,16761,531.0
17,16797,531.0
17,16813,531.0
17,16841,531.0
17,16859,531.0
17,16887,533.0
17,16913,533.0
17,16931,533.0
17,16945,533.0
17,16975,533.0
17,16977,533.0
17,16997,533.0
17,17011,533.0
17,17041,533.0
17,17067,533.0
17,17081,533.0
17,17083,533.0
17,17099,533.0
17,17131,533.0
17,17145,533.0
17,17173,533.0
17,17187,533.0
17,17219,533.0
17,17233,533.0
17,17259,533.0
17,17287,533.0
17,17317,533.0
17,17345,533.0
17,17371,533.0
17,17373,533.0
17,17401,534.0
17,17429,534.0
17,17443,534.0
17,17473,534.0
17,17489,534.0
17,17517,535.0
17,17531,535.0
17,17565,535.0
17,17579,535.0
17,17611,537.0
17,17613,537.0
17,17639,537.0
17,17655,537.0
17,17669,537.0
17,17683,537.0
17,17697,537.0
17,17699,537.0
17,17727,537.0
17,17743,537.0
17,17769,537.0
17,17783,537.0
17,17785,537.0
17,17799,537.0
17,17801,537.0
17,17815,537.0
17,17829,537.0
17,17831,537.0
17,17833,537.0
17,17847,537.0
17,17873,537.0
17,17901,537.0
17,17929,537.0
17,17961,537.0
17,17987,537.0
17,17989,537.0
17,18015,537.0
17,18041,537.0
17,18055,537.0
17,18073,537.0
17,18099,537.0
17,18113,537.0
17,18127,537.0
17,18155,537.0
17,18169,537.0
17,18183,537.0
17,18211,537.0
17,18239,537.0
17,18265,539.0
17,18279,539.0
17,18305,539.0
17,18321,539.0
17,18335,539.0
17,18365,539.0
17,18379,539.0
17,18413,539.0
17,18439,539.0
17,18453,539.0
17,18467,539.0
17,18469,539.0
17,18483,539.0
17,18509,539.0
17,18523,539.0
17,18537,539.0
17,18539,539.0
17,18553,539.0
17,18579,539.0
17,18607,544.0
17,18635,544.0
17,18649,544.0
17,18667,544.0
17,18681,544.0
17,18695,544.0
17,18711,544.0
17,18727,544.0
17,18741,544.0
17,18769,544.0
17,18783,544.0
17,18811,544.0
17,18837,544.0
17,18851,544.0
17,18879,544.0
17,18895,544.0
17,18911,544.0
17,18943,544.0
17,18959,544.0
17,18989,544.0
17,19007,544.0
17,19009,544.0
17,19027,544.0
17,19029,544.0
17,19057,544.0
17,19071,544.0
17,19101,544.0
17,19133,544.0
17,19147,544.0
17,19161,544.0
17,19163,544.0
17,19177,544.0
17,19193,544.0
17,19221,544.0
17,19239,544.0
17,19269,544.0
17,19285,544.0
17,19301,544.0
17,19315,544.0
17,19347,544.0
17,19349,544.0
17,19363,544.0
17,19379,544.0
17,19393,544.0
17,19423,544.0
17,19451,544.0
17,19453,544.0
17,19485,544.0
17,19499,544.0
17,19515,544.0
17,19545,544.0
17,19577,544.0
17,19591,544.0
17,19623,544.0
17,19649,544.0
17,19675,544.0
17,19695,544.0
17,19709,544.0
17,19711,544.0
17,19741,547.0
17,19767,547.0
17,19769,547.0
17,19783,547.0
17,19797,547.0
17,19811,547.0
17,19827,547.0
17,19829,547.0
17,19843,547.0
17,19857,547.0
17,19889,547.0
17,19891,547.0
17,19917,547.0
17,19943,547.0
17,19959,547.0
17,19975,547.0
17,19991,547.0
17,19993,547.0
17,20007,547.0
17,20037,547.0
17,20051,547.0
17,20079,547.0
17,20093,547.0
17,20107,547.0
17,20121,547.0
17,20135,547.0
17,20175,547.0
17,20201,547.0
17,20237,547.0
17,20239,547.0
17,20253,547.0
17,20279,547.0
17,20293,547.0
17,20309,547.0
17,20335,547.0
17,20349,547.0
17,20377,547.0
17,20379,547.0
17,20409,547.0
17,20437,547.0
17,20453,547.0
17,20469,547.0
17,20497,547.0
17,20511,547.0
17,20527,547.0
17,20541,547.0
17,20555,547.0
17,20569,547.0
17,20595,547.0
17,20629,547.0
17,20655,547.0
17,20681,547.0
17,20697,547.0
17,20711,547.0
17,20739,547.0
17,20753,547.0
17,20785,547.0
17,20811,547.0
17,20839,547.0
17,20853,547.0
17,20855,547.0
17,20887,547.0
17,20915,547.0
17,20953,547.0
17,20967,547.0
17,20993,547.0
17,21019,547.0
17,21021,547.0
17,21035,547.0
17,21049,547.0
17,21063,547.0
17,21081,547.0
17,21097,547.0
17,21111,547.0
17,21137,547.0
17,21151,547.0
17,21153,547.0
17,21171,547.0
17,21197,547.0
17,21211,547.0
17,21237,547.0
17,21263,547.0
17,21279,547.0
17,21307,547.0
17,21335,547.0
17,21351,547.0
17,21353,547.0
17,21367,547.0
17,21393,547.0
17,21407,547.0
17,21423,547.0
17,21449,547.0
17,21465,547.0
17,21479,547.0
17,21495,547.0
17,21525,547.0
17,21557,547.0
17,21587,547.0
17,21617,547.0
18,11552,371.0
18,11566,371.0
18,11580,399.0
18,11594,399.0
18,11608,439.0
18,12179,439.0
18,12181,439.0
18,12197,439.0
18,12211,439.0
18,12229,439.0
18,12245,439.0
18,12261,439.0
18,12277,439.0
18,12293,439.0
18,12309,439.0
18,12323,439.0
18,12325,439.0
18,12339,439.0
18,12355,439.0
18,12383,439.0
18,12385,439.0
18,12401,439.0
18,12429,439.0
18,12443,439.0
18,12473,439.0
18,12489,439.0
18,12515,439.0
18,12537,439.0
18,12563,439.0
18,12565,439.0
18,12583,439.0
18,12611,439.0
18,12639,439.0
18,12667,439.0
18,12669,439.0
18,12683,439.0
18,12713,439.0
18,12729,439.0
18,12743,439.0
18,12759,439.0
18,12787,439.0
18,12815,439.0
18,12831,439.0
18,12847,439.0
18,12877,450.0
18,12909,450.0
18,12923,466.0
18,12949,466.0
18,12965,466.0
18,12995,466.0
18,13023,466.0
18,13055,466.0
18,13069,466.0
18,13083,466.0
18,13109,466.0
18,13135,466.0
18,13153,466.0
18,13155,466.0
18,13183,466.0
18,13185,466.0
18,13203,466.0
18,13205,466.0
18,13231,466.0
18,13247,466.0
18,13275,466.0
18,13301,466.0
18,13329,466.0
18,13359,466.0
18,13385,466.0
18,13413,466.0
18,13441,466.0
18,13467,490.0
18,13495,490.0
18,13511,490.0
18,13513,490.0
18,13515,490.0
18,13543,493.0
18,13571,493.0
18,13603,493.0
18,13619,493.0
18,13647,493.0
18,13677,493.0
18,13691,493.0
18,13719,493.0
18,13737,493.0
18,13739,493.0
18,13771,493.0
18,13773,493.0
18,13787,493.0
18,13813,493.0
18,13839,502.0
18,13853,502.0
18,13867,502.0
18,13869,502.0
18,13883,502.0
18,13913,502.0
18,13915,502.0
18,13935,502.0
18,13937,502.0
18,13939,502.0
18,13967,502.0
18,13969,502.0
18,13983,502.0
18,13997,502.0
18,14025,502.0
18,14059,502.0
18,14085,502.0
18,14099,502.0
18,14113,502.0
18,14127,502.0
18,14157,502.0
18,14159,502.0
18,14173,502.0
18,14189,502.0
18,14205,502.0
18,14231,502.0
18,14247,502.0
18,14279,509.0
18,14281,509.0
18,14309,509.0
18,14327,509.0
18,14329,509.0
18,14359,509.0
18,14361,509.0
18,14387,512.0
18,14417,512.0
18,14431,512.0
18,14459,512.0
18,14491,512.0
18,14505,512.0
18,14519,512.0
18,14545,512.0
18,14575,512.0
18,14589,512.0
18,14603,512.0
18,14619,512.0
18,14621,512.0
18,14623,512.0
18,14625,512.0
18,14641,512.0
18,14669,512.0
18,14689,512.0
18,14715,512.0
18,14731,512.0
18,14747,512.0
18,14777,512.0
18,14807,512.0
18,14809,512.0
18,14825,512.0
18,14841,512.0
18,14855,512.0
18,14869,512.0
18,14895,512.0
18,14909,512.0
18,14923,512.0
18,14939,512.0
18,14953,512.0
18,14967,516.0
18,14969,516.0
18,14971,516.0
18,14987,516.0
18,15003,516.0
18,15031,516.0
18,15057,516.0
18,15071,527.0
18,15073,527.0
18,15101,527.0
18,15131,527.0
18,15147,527.0
18,15175,527.0
18,15191,527.0
18,15205,527.0
18,15235,527.0
18,15263,527.0
18,15281,527.0
18,15309,527.0
18,15311,527.0
18,15341,527.0
18,15367,527.0
18,15381,529.0
18,15411,529.0
18,15437,529.0
18,15451,529.0
18,15453,529.0
18,15455,529.0
18,15483,529.0
18,15511,529.0
18,15539,529.0
18,15553,533.0
18,15569,533.0
18,15583,533.0
18,15611,533.0
18,15613,533.0
18,15631,533.0
18,15659,533.0
18,15685,533.0
18,15699,533.0
18,15727,533.0
18,15743,533.0
18,15759,533.0
18,15773,533.0
18,15787,533.0
18,15805,533.0
18,15833,533.0
18,15847,533.0
18,15861,533.0
18,15875,533.0
18,15891,533.0
18,15919,533.0
18,15935,533.0
18,15953,533.0
18,15985,533.0
18,15999,533.0
18,16017,533.0
18,16045,533.0
18,16071,533.0
18,16103,533.0
18,16131,533.0
18,16161,533.0
18,16175,533.0
18,16205,533.0
18,16233,533.0
18,16261,533.0
18,16263,533.0
18,16279,533.0
18,16307,533.0
18,16321,533.0
18,16335,533.0
18,16337,533.0
18,16367,533.0
18,16381,533.0
18,16409,533.0
18,16423,533.0
18,16439,533.0
18,16467,533.0
18,16481,533.0
18,16507,533.0
18,16521,533.0
18,16535,533.0
18,16549,533.0
18,16563,533.0
18,16565,533.0
18,16583,533.0
18,16597,533.0
18,16627,533.0
18,16643,533.0
18,16671,533.0
18,16685,533.0
18,16699,533.0
18,16701,533.0
18,16715,533.0
18,16729,533.0
18,16731,533.0
18,16749,533.0
18,16765,533.0
18,16781,533.0
18,16795,533.0
18,16811,533.0
18,16825,533.0
18,16843,533.0
18,16857,533.0
18,16889,533.0
18,16903,533.0
18,16917,533.0
18,16935,533.0
18,16963,533.0
18,16989,533.0
18,17005,533.0
18,17033,533.0
18,17049,533.0
18,17075,533.0
18,17089,533.0
18,17103,533.0
18,17117,533.0
18,17145,533.0
18,17147,533.0
18,17175,533.0
18,17201,533.0
18,17231,533.0
18,17263,533.0
18,17277,533.0
18,17291,533.0
18,17293,533.0
18,17307,533.0
18,17333,533.0
18,17359,533.0
18,17385,533.0
18,17413,533.0
18,17439,533.0
18,17441,533.0
18,17455,533.0
18,17483,533.0
18,17509,533.0
18,17525,533.0
18,17551,534.0
18,17565,534.0
18,17579,534.0
18,17611,534.0
18,17625,534.0
18,17639,534.0
18,17641,534.0
18,17669,534.0
18,17699,534.0
18,17713,534.0
18,17715,534.0
18,17729,534.0
18,17761,534.0
18,17789,534.0
18,17817,534.0
18,17819,534.0
18,17845,534.0
18,17873,534.0
18,17901,534.0
18,17929,534.0
18,17957,534.0
18,17973,534.0
18,17989,534.0
18,18003,534.0
18,18029,534.0
18,18047,534.0
18,18061,534.0
18,18079,534.0
18,18105,534.0
18,18123,534.0
18,18141,534.0
18,18169,534.0
18,18199,534.0
18,18213,534.0
18,18227,534.0
18,18253,534.0
18,18269,534.0
18,18285,534.0
18,18299,534.0
18,18301,534.0
18,18331,534.0
18,18357,534.0
18,18373,534.0
18,18387,534.0
18,18415,534.0
18,18431,534.0
18,18449,534.0
18,18475,534.0
18,18489,534.0
18,18515,534.0
18,18517,534.0
18,18531,534.0
18,18545,534.0
18,18559,534.0
18,18587,534.0
18,18615,534.0
18,18641,534.0
18,18655,534.0
18,18657,534.0
18,18671,534.0
18,18699,538.0
18,18713,538.0
18,18739,538.0
18,18753,538.0
18,18779,538.0
18,18781,538.0
18,18807,538.0
18,18809,538.0
18,18823,538.0
18,18851,538.0
18,18853,538.0
18,18869,538.0
18,18883,538.0
18,18885,538.0
18,18913,538.0
18,18943,538.0
18,18957,538.0
18,18987,538.0
18,19003,538.0
18,19029,539.0
18,19061,539.0
18,19089,539.0
18,19117,539.0
18,19143,539.0
18,19157,539.0
18,19173,539.0
18,19187,539.0
18,19189,539.0
18,19203,539.0
18,19231,539.0
18,19247,539.0
18,19277,539.0
18,19293,539.0
18,19307,539.0
18,19321,539.0
18,19347,539.0
18,19361,539.0
18,19391,539.0
18,19409,539.0
18,19425,539.0
18,19453,539.0
18,19485,539.0
18,19515,539.0
18,19543,539.0
18,19557,539.0
18,19571,539.0
18,19597,539.0
18,19611,539.0
18,19625,539.0
18,19639,539.0
18,19665,541.0
18,19679,541.0
18,19705,541.0
18,19735,541.0
18,19761,541.0
18,19775,541.0
18,19805,541.0
18,19821,541.0
18,19835,541.0
18,19837,541.0
18,19839,541.0
18,19869,541.0
18,19883,541.0
18,19915,541.0
18,19931,541.0
18,19957,541.0
18,19985,541.0
18,19987,541.0
18,20001,541.0
18,20017,541.0
18,20019,541.0
18,20049,541.0
18,20079,541.0
18,20111,541.0
18,20137,541.0
18,20151,541.0
18,20165,541.0
18,20191,541.0
18,20205,541.0
18,20207,541.0
18,20223,541.0
18,20239,541.0
18,20253,541.0
18,20281,541.0
18,20283,541.0
18,20297,541.0
18,20325,541.0
18,20353,541.0
18,20381,541.0
18,20383,541.0
18,20409,541.0
18,20427,541.0
18,20455,541.0
18,20471,541.0
18,20473,541.0
18,20487,541.0
18,20501,541.0
18,20517,541.0
18,20531,541.0
18,20561,541.0
18,20589,541.0
18,20617,541.0
18,20631,541.0
18,20645,541.0
18,20661,541.0
18,20677,541.0
18,20693,541.0
18,20725,541.0
18,20751,541.0
18,20765,541.0
18,20781,541.0
18,20807,541.0
18,20821,541.0
18,20835,541.0
18,20861,541.0
18,20889,541.0
18,20903,548.0
18,20921,548.0
18,20955,548.0
18,20957,548.0
18,20959,548.0
18,20973,548.0
18,20987,548.0
18,21001,548.0
18,21029,548.0
18,21043,548.0
18,21069,548.0
18,21071,548.0
18,21085,548.0
18,21099,548.0
18,21113,548.0
18,21127,548.0
18,21129,548.0
18,21131,548.0
18,21157,548.0
18,21183,548.0
18,21211,548.0
18,21237,548.0
18,21267,548.0
18,21301,548.0
18,21321,548.0
18,21323,548.0
18,21339,548.0
18,21367,548.0
18,21397,548.0
18,21411,548.0
18,21413,548.0
18,21431,548.0
18,21447,548.0
18,21477,548.0
18,21503,548.0
18,21535,548.0
18,21537,548.0
18,21563,548.0
19,11796,384.0
19,11810,398.0
19,11826,398.0
19,11856,398.0
19,11884,398.0
19,12461,398.0
19,12491,398.0
19,12507,398.0
19,12521,404.0
19,12547,439.0
19,12575,439.0
19,12605,439.0
19,12637,439.0
19,12651,439.0
19,12665,439.0
19,12667,439.0
19,12693,439.0
19,12695,439.0
19,12697,439.0
19,12699,439.0
19,12727,439.0
19,12741,439.0
19,12771,439.0
19,12785,439.0
19,12801,439.0
19,12817,439.0
19,12831,439.0
19,12859,439.0
19,12873,454.0
19,12901,454.0
19,12915,454.0
19,12945,454.0
19,12961,454.0
19,12975,454.0
19,13005,454.0
19,13031,454.0
19,13045,454.0
19,13059,467.0
19,13073,467.0
19,13103,467.0
19,13119,467.0
19,13151,467.0
19,13167,467.0
19,13193,467.0
19,13209,467.0
19,13223,467.0
19,13253,467.0
19,13279,467.0
19,13301,467.0
19,13329,467.0
19,13343,467.0
19,13357,467.0
19,13359,467.0
19,13387,467.0
19,13401,467.0
19,13415,467.0
19,13417,467.0
19,13445,476.0
19,13461,476.0
19,13479,476.0
19,13495,476.0
19,13509,476.0
19,13535,476.0
19,13549,476.0
19,13551,476.0
19,13565,476.0
19,13579,476.0
19,13581,476.0
19,13609,476.0
19,13623,476.0
19,13649,493.0
19,13675,493.0
19,13689,493.0
19,13719,493.0
19,13737,493.0
19,13763,493.0
19,13791,493.0
19,13805,493.0
19,13841,493.0
19,13857,493.0
19,13859,493.0
19,13887,493.0
19,13889,493.0
19,13903,493.0
19,13919,493.0
19,13945,493.0
19,13959,493.0
19,13961,493.0
19,13963,493.0
19,13979,493.0
19,13995,493.0
19,14011,493.0
19,14013,493.0
19,14027,493.0
19,14047,493.0
19,14061,493.0
19,14077,493.0
19,14091,493.0
19,14093,493.0
19,14107,493.0
19,14141,493.0
19,14155,493.0
19,14183,493.0
19,14197,493.0
19,14199,493.0
19,14227,493.0
19,14255,493.0
19,14271,493.0
19,14301,497.0
19,14317,497.0
19,14347,497.0
19,14361,497.0
19,14375,497.0
19,14401,497.0
19,14415,497.0
19,14429,497.0
19,14455,497.0
19,14481,515.0
19,14495,515.0
19,14509,515.0
19,14535,515.0
19,14561,515.0
19,14591,515.0
19,14609,515.0
19,14635,515.0
19,14649,515.0
19,14663,515.0
19,14677,515.0
19,14679,515.0
19,14693,515.0
19,14723,515.0
19,14749,515.0
19,14751,515.0
19,14777,515.0
19,14793,515.0
19,14807,515.0
19,14809,515.0
19,14823,515.0
19,14849,515.0
19,14877,515.0
19,14891,515.0
19,14905,515.0
19,14919,515.0
19,14953,515.0
19,14967,515.0
19,14997,515.0
19,15013,515.0
19,15027,515.0
19,15047,515.0
19,15067,515.0
19,15097,515.0
19,15099,515.0
19,15115,515.0
19,15117,515.0
19,15145,515.0
19,15177,515.0
19,15191,515.0
19,15205,515.0
19,15219,515.0
19,15233,515.0
19,15261,515.0
19,15275,515.0
19,15291,515.0
19,15323,515.0
19,15337,515.0
19,15353,515.0
19,15367,515.0
19,15381,515.0
19,15413,515.0
19,15439,515.0
19,15465,515.0
19,15491,516.0
19,15505,516.0
19,15521,516.0
19,15537,516.0
19,15551,516.0
19,15583,516.0
19,15585,516.0
19,15599,516.0
19,15615,516.0
19,15643,520.0
19,15657,520.0
19,15659,520.0
19,15675,520.0
19,15689,520.0
19,15705,520.0
19,15707,520.0
19,15723,520.0
19,15751,520.0
19,15777,520.0
19,15803,520.0
19,15829,520.0
19,15831,520.0
19,15845,520.0
19,15871,520.0
19,15901,520.0
19,15917,520.0
19,15943,520.0
19,15957,520.0
19,15971,520.0
19,15987,520.0
19,16023,520.0
19,16037,520.0
19,16069,520.0
19,16085,520.0
19,16111,520.0
19,16113,520.0
19,16127,520.0
19,16141,520.0
19,16143,520.0
19,16169,520.0
19,16183,520.0
19,16211,520.0
19,16237,520.0
19,16253,520.0
19,16267,520.0
19,16285,520.0
19,16287,520.0
19,16289,520.0
19,16291,520.0
19,16325,520.0
19,16353,520.0
19,16371,520.0
19,16401,520.0
19,16415,520.0
19,16429,520.0
19,16443,520.0
19,16459,520.0
19,16473,520.0
19,16475,520.0
19,16489,520.0
19,16505,520.0
19,16533,520.0
19,16547,520.0
19,16575,520.0
19,16577,520.0
19,16591,520.0
19,16619,520.0
19,16635,520.0
19,16649,520.0
19,16663,520.0
19,16677,520.0
19,16705,520.0
19,16719,520.0
19,16747,520.0
19,16763,520.0
19,16791,521.0
19,16807,521.0
19,16835,521.0
19,16849,521.0
19,16865,521.0
19,16881,521.0
19,16895,521.0
19,16909,521.0
19,16935,525.0
19,16949,525.0
19,16963,526.0
19,16965,526.0
19,16993,526.0
19,17007,527.0
19,17021,527.0
19,17035,527.0
19,17049,527.0
19,17075,527.0
19,17105,536.0
19,17119,536.0
19,17149,536.0
19,17175,536.0
19,17203,536.0
19,17231,536.0
19,17245,536.0
19,17271,536.0
19,17285,536.0
19,17311,536.0
19,17341,536.0
19,17357,536.0
19,17359,536.0
19,17377,536.0
19,17379,536.0
19,17395,536.0
19,17409,536.0
19,17423,536.0
19,17441,536.0
19,17455,536.0
19,17469,536.0
19,17483,536.0
19,17497,536.0
19,17515,536.0
19,17543,536.0
19,17569,536.0
19,17595,536.0
19,17611,536.0
19,17629,536.0
19,17659,536.0
19,17673,536.0
19,17675,536.0
19,17677,536.0
19,17679,536.0
19,17707,536.0
19,17733,536.0
19,17749,536.0
19,17777,536.0
19,17803,536.0
19,17821,536.0
19,17837,536.0
19,17865,536.0
19,17867,536.0
19,17887,536.0
19,17915,536.0
19,17929,536.0
19,17951,536.0
19,17953,536.0
19,17967,536.0
19,17981,536.0
19,18009,536.0
19,18035,536.0
19,18051,536.0
19,18065,536.0
19,18067,536.0
19,18099,536.0
19,18115,536.0
19,18141,536.0
19,18159,536.0
19,18161,536.0
19,18163,536.0
19,18193,536.0
19,18195,536.0
19,18221,536.0
19,18235,536.0
19,18249,536.0
19,18263,536.0
19,18281,536.0
19,18309,536.0
19,18335,536.0
19,18349,536.0
19,18363,536.0
19,18365,536.0
19,18381,536.0
19,18395,536.0
19,18411,536.0
19,18437,536.0
19,18439,536.0
19,18465,536.0
19,18493,536.0
19,18521,536.0
19,18539,536.0
19,18555,536.0
19,18583,536.0
19,18601,536.0
19,18619,536.0
19,18621,536.0
19,18651,536.0
19,18653,536.0
19,18679,536.0
19,18693,536.0
19,18707,536.0
19,18709,536.0
19,18725,536.0
19,18753,536.0
19,18781,536.0
19,18807,536.0
19,18841,536.0
19,18857,536.0
19,18859,536.0
19,18861,536.0
19,18893,536.0
19,18907,536.0
19,18923,536.0
19,18951,536.0
19,18967,536.0
19,18983,536.0
19,18999,536.0
19,19017,536.0
19,19031,536.0
19,19049,536.0
19,19051,536.0
19,19081,536.0
19,19095,536.0
19,19111,536.0
19,19125,536.0
19,19141,536.0
19,19167,537.0
19,19185,537.0
19,19213,537.0
19,19227,537.0
19,19253,537.0
19,19269,537.0
19,19285,537.0
19,19299,537.0
19,19327,537.0
19,19357,537.0
19,19383,537.0
19,19411,537.0
19,19437,537.0
19,19465,537.0
19,19481,537.0
19,19513,537.0
19,19527,537.0
19,19543,537.0
19,19557,537.0
19,19577,537.0
19,19593,537.0
19,19621,537.0
19,19637,537.0
19,19665,537.0
19,19691,537.0
19,19707,537.0
19,19735,537.0
19,19749,537.0
19,19763,537.0
19,19793,537.0
19,19821,537.0
19,19847,537.0
19,19873,537.0
19,19889,537.0
19,19909,537.0
19,19939,537.0
19,19953,537.0
19,19983,537.0
19,20009,537.0
19,20037,537.0
19,20051,537.0
19,20053,537.0
19,20055,537.0
19,20069,537.0
19,20097,537.0
19,20131,537.0
19,20145,537.0
19,20159,537.0
19,20175,537.0
19,20189,537.0
19,20203,537.0
19,20231,537.0
19,20233,537.0
19,20247,537.0
19,20277,537.0
19,20293,537.0
19,20323,537.0
19,20337,539.0
19,20369,539.0
19,20385,539.0
19,20387,539.0
19,20405,539.0
19,20433,539.0
19,20447,539.0
19,20475,539.0
19,20489,539.0
19,20503,540.0
19,20517,540.0
19,20533,540.0
19,20559,541.0
19,20587,541.0
19,20615,541.0
19,20641,541.0
19,20643,541.0
19,20645,541.0
19,20647,541.0
19,20679,541.0
19,20699,541.0
19,20701,541.0
19,20727,541.0
19,20741,541.0
19,20773,541.0
19,20775,541.0
19,20791,541.0
19,20805,541.0
19,20819,541.0
19,20833,541.0
19,20835,541.0
19,20849,541.0
19,20879,541.0
19,20881,541.0
19,20911,541.0
19,20939,541.0
19,20965,541.0
19,20979,541.0
19,20993,541.0
19,21021,541.0
19,21037,541.0
19,21051,541.0
19,21083,541.0
19,21085,541.0
19,21113,541.0
19,21141,541.0
19,21169,541.0
19,21183,541.0
19,21213,541.0
19,21229,541.0
19,21255,541.0
19,21281,541.0
19,21311,541.0
19,21337,542.0
19,21351,542.0
19,21381,542.0
19,21395,542.0
19,21411,542.0
19,21427,542.0
19,21441,542.0
19,21463,542.0
19,21465,542.0
19,21479,542.0
19,21505,542.0
19,21531,544.0
19,21545,544.0
19,21577,544.0
19,21603,548.0
19,21619,548.0
19,21621,548.0
19,21623,548.0
19,21625,548.0
19,21653,548.0
19,21681,548.0
19,21695,548.0
19,21723,548.0
19,21737,548.0
19,21739,548.0
19,21741,548.0
19,21757,548.0
19,21759,548.0
19,21761,548.0
19,21775,548.0
19,21805,548.0
20,11812,379.0
20,11840,379.0
20,11854,379.0
20,11884,379.0
20,11912,408.0
20,11928,408.0
20,11960,408.0
20,11974,408.0
20,11988,408.0
20,12002,442.0
20,12022,442.0
20,12631,442.0
20,12645,442.0
20,12659,442.0
20,12673,442.0
20,12687,442.0
20,12701,442.0
20,12733,442.0
20,12759,442.0
20,12787,442.0
20,12815,442.0
20,12845,442.0
20,12871,442.0
20,12889,442.0
20,12903,442.0
20,12919,442.0
20,12933,442.0
20,12967,442.0
20,12981,442.0
20,12983,442.0
20,13005,442.0
20,13007,442.0
20,13021,442.0
20,13051,442.0
20,13077,442.0
20,13079,442.0
20,13111,442.0
20,13139,442.0
20,13153,442.0
20,13167,442.0
20,13193,442.0
20,13221,442.0
20,13235,462.0
20,13249,462.0
20,13251,462.0
20,13279,463.0
20,13295,463.0
20,13309,463.0
20,13335,463.0
20,13361,463.0
20,13387,463.0
20,13401,463.0
20,13415,463.0
20,13429,463.0
20,13451,463.0
20,13477,463.0
20,13511,465.0
20,13513,465.0
20,13527,465.0
20,13541,465.0
20,13557,465.0
20,13571,465.0
20,13585,465.0
20,13601,465.0
20,13629,465.0
20,13645,465.0
20,13665,465.0
20,13695,465.0
20,13709,465.0
20,13711,465.0
20,13725,465.0
20,13739,465.0
20,13765,465.0
20,13781,465.0
20,13797,465.0
20,13811,469.0
20,13825,469.0
20,13841,469.0
20,13855,469.0
20,13885,469.0
20,13917,469.0
20,13933,469.0
20,13963,469.0
20,13979,469.0
20,13993,469.0
20,14019,469.0
20,14047,472.0
20,14061,472.0
20,14081,472.0
20,14107,478.0
20,14137,478.0
20,14163,485.0
20,14189,485.0
20,14203,485.0
20,14229,485.0
20,14231,485.0
20,14245,485.0
20,14261,485.0
20,14275,485.0
20,14291,485.0
20,14305,485.0
20,14319,488.0
20,14333,488.0
20,14347,488.0
20,14361,488.0
20,14375,488.0
20,14389,488.0
20,14417,496.0
20,14431,496.0
20,14457,497.0
20,14485,497.0
20,14499,497.0
20,14527,506.0
20,14557,506.0
20,14571,506.0
20,14599,506.0
20,14625,506.0
20,14639,506.0
20,14669,507.0
20,14683,514.0
20,14711,514.0
20,14713,514.0
20,14715,514.0
20,14741,516.0
20,14757,516.0
20,14759,516.0
20,14789,516.0
20,14821,516.0
20,14847,516.0
20,14863,516.0
20,14877,516.0
20,14891,516.0
20,14905,516.0
20,14927,516.0
20,14941,516.0
20,14955,516.0
20,14969,516.0
20,14997,516.0
20,15011,516.0
20,15025,516.0
20,15039,516.0
20,15053,516.0
20,15083,516.0
20,15085,516.0
20,15099,516.0
20,15125,516.0
20,15153,516.0
20,15155,516.0
20,15183,516.0
20,15211,516.0
20,15229,516.0
20,15257,516.0
20,15273,516.0
20,15303,516.0
20,15305,516.0
20,15319,516.0
20,15349,516.0
20,15363,516.0
20,15389,516.0
20,15419,516.0
20,15435,516.0
20,15449,516.0
20,15477,516.0
20,15503,516.0
20,15519,516.0
20,15545,516.0
20,15573,516.0
20,15587,516.0
20,15613,516.0
20,15631,516.0
20,15659,516.0
20,15687,516.0
20,15717,516.0
20,15731,516.0
20,15757,516.0
20,15759,516.0
20,15785,518.0
20,15813,518.0
20,15827,518.0
20,15829,518.0
20,15857,518.0
20,15883,518.0
20,15911,518.0
20,15941,518.0
20,15943,518.0
20,15959,518.0
20,15985,518.0
20,16001,518.0
20,16003,518.0
20,16017,518.0
20,16031,518.0
20,16045,518.0
20,16073,518.0
20,16103,523.0
20,16131,523.0
20,16145,523.0
20,16159,523.0
20,16161,523.0
20,16175,523.0
20,16189,523.0
20,16203,523.0
20,16219,523.0
20,16233,523.0
20,16251,523.0
20,16265,523.0
20,16267,523.0
20,16293,523.0
20,16295,523.0
20,16323,523.0
20,16325,523.0
20,16341,523.0
20,16367,523.0
20,16393,524.0
20,16423,530.0
20,16437,530.0
20,16469,530.0
20,16483,530.0
20,16511,530.0
20,16525,530.0
20,16539,530.0
20,16541,530.0
20,16567,530.0
20,16593,530.0
20,16607,530.0
20,16609,530.0
20,16623,530.0
20,16637,530.0
20,16663,530.0
20,16683,530.0
20,16699,530.0
20,16729,530.0
20,16743,530.0
20,16759,530.0
20,16791,530.0
20,16793,530.0
20,16823,530.0
20,16851,530.0
20,16883,530.0
20,16897,530.0
20,16925,530.0
20,16939,530.0
20,16953,530.0
20,16967,530.0
20,16981,530.0
20,17007,530.0
20,17009,530.0
20,17037,530.0
20,17065,530.0
20,17083,530.0
20,17099,530.0
20,17117,530.0
20,17119,530.0
20,17145,530.0
20,17159,530.0
20,17161,530.0
20,17189,530.0
20,17215,530.0
20,17249,530.0
20,17263,530.0
20,17265,530.0
20,17279,530.0
20,17307,530.0
20,17309,530.0
20,17329,530.0
20,17343,530.0
20,17371,530.0
20,17385,530.0
20,17399,530.0
20,17415,530.0
20,17445,530.0
20,17471,530.0
20,17485,530.0
20,17501,530.0
20,17531,530.0
20,17547,530.0
20,17575,530.0
20,17593,530.0
20,17607,530.0
20,17621,530.0
20,17635,530.0
20,17637,530.0
20,17663,530.0
20,17679,530.0
20,17709,530.0
20,17735,530.0
20,17761,530.0
20,17777,530.0
20,17807,530.0
20,17809,530.0
20,17811,530.0
20,17827,530.0
20,17841,530.0
20,17859,530.0
20,17877,530.0
20,17893,530.0
20,17907,530.0
20,17933,530.0
20,17947,533.0
20,17963,533.0
20,17989,533.0
20,18007,533.0
20,18023,533.0
20,18051,533.0
20,18079,533.0
20,18113,533.0
20,18143,533.0
20,18157,533.0
20,18171,533.0
20,18185,533.0
20,18211,533.0
20,18227,533.0
20,18241,533.0
20,18255,533.0
20,18257,533.0
20,18273,533.0
20,18287,533.0
20,18301,533.0
20,18317,533.0
20,18319,533.0
20,18335,533.0
20,18363,534.0
20,18401,534.0
20,18415,534.0
20,18441,534.0
20,18469,534.0
20,18485,534.0
20,18511,534.0
20,18513,534.0
20,18515,534.0
20,18531,534.0
20,18547,534.0
20,18561,534.0
20,18589,534.0
20,18603,534.0
20,18629,534.0
20,18645,534.0
20,18661,534.0
20,18691,534.0
20,18719,534.0
20,18721,534.0
20,18735,534.0
20,18751,534.0
20,18779,534.0
20,18809,534.0
20,18811,534.0
20,18813,534.0
20,18815,534.0
20,18845,534.0
20,18861,534.0
20,18887,534.0
20,18913,534.0
20,18943,534.0
20,18957,534.0
20,18973,534.0
20,18999,534.0
20,19013,534.0
20,19029,534.0
20,19043,534.0
20,19069,534.0
20,19083,534.0
20,19097,534.0
20,19113,534.0
20,19127,534.0
20,19153,534.0
20,19181,534.0
20,19197,534.0
20,19227,534.0
20,19241,534.0
20,19255,534.0
20,19269,540.0
20,19303,540.0
20,19317,540.0
20,19343,541.0
20,19359,541.0
20,19385,541.0
20,19401,541.0
20,19417,541.0
20,19447,541.0
20,19465,541.0
20,19495,541.0
20,19497,541.0
20,19527,541.0
20,19555,541.0
20,19571,541.0
20,19597,541.0
20,19613,541.0
20,19615,541.0
20,19641,541.0
20,19657,541.0
20,19671,541.0
20,19685,541.0
20,19699,541.0
20,19725,541.0
20,19751,544.0
20,19779,544.0
20,19807,544.0
20,19821,544.0
20,19837,544.0
20,19839,544.0
20,19865,544.0
20,19879,544.0
20,19893,544.0
20,19929,544.0
20,19963,544.0
20,19993,544.0
20,20023,544.0
20,20025,544.0
20,20039,544.0
20,20067,544.0
20,20083,544.0
20,20111,544.0
20,20127,544.0
20,20129,544.0
20,20143,544.0
20,20145,544.0
20,20171,544.0
20,20199,544.0
20,20213,544.0
20,20229,544.0
20,20231,544.0
20,20245,544.0
20,20259,544.0
20,20261,544.0
20,20263,544.0
20,20265,544.0
20,20295,544.0
20,20309,544.0
20,20323,544.0
20,20337,544.0
20,20351,544.0
20,20353,544.0
20,20381,544.0
20,20395,544.0
20,20409,544.0
20,20427,544.0
20,20429,544.0
20,20455,544.0
20,20483,544.0
20,20497,544.0
20,20527,544.0
20,20541,544.0
20,20569,544.0
20,20597,544.0
20,20611,544.0
20,20627,544.0
20,20641,544.0
20,20669,546.0
20,20697,546.0
20,20725,546.0
20,20739,546.0
20,20753,546.0
20,20783,546.0
20,20797,546.0
20,20799,546.0
20,20815,546.0
20,20831,546.0
20,20845,546.0
20,20859,546.0
20,20873,546.0
20,20887,546.0
20,20917,546.0
20,20945,546.0
20,20977,546.0
20,20991,546.0
20,21019,546.0
20,21021,546.0
20,21035,551.0
20,21053,551.0
20,21067,551.0
20,21095,551.0
20,21123,551.0
20,21137,551.0
20,21139,551.0
20,21153,551.0
20,21179,551.0
20,21193,551.0
20,21219,551.0
20,21235,551.0
20,21249,551.0
20,21265,551.0
20,21279,551.0
20,21307,551.0
20,21321,551.0
20,21337,551.0
20,21365,551.0
20,21383,551.0
20,21409,551.0
20,21423,551.0
20,21425,551.0
20,21439,551.0
20,21467,551.0
20,21469,551.0
20,21485,551.0
20,21511,554.0
20,21527,554.0
20,21545,554.0
20,21547,554.0
20,21573,554.0
20,21601,554.0
20,21619,554.0
20,21633,554.0
20,21661,554.0
20,21691,554.0
20,21721,554.0
20,21735,554.0
20,21737,554.0
20,21765,554.0
20,21779,554.0
21,11864,390.0
21,11880,390.0
21,11896,390.0
21,11910,390.0
21,11938,390.0
21,11964,399.0
21,12545,399.0
21,12547,399.0
21,12549,399.0
21,12567,399.0
21,12593,413.0
21,12607,413.0
21,12621,413.0
21,12637,413.0
21,12665,422.0
21,12693,433.0
21,12707,443.0
21,12735,443.0
21,12737,443.0
21,12751,443.0
21,12767,443.0
21,12795,443.0
21,12821,443.0
21,12835,443.0
21,12861,443.0
21,12889,451.0
21,12891,451.0
21,12909,451.0
21,12939,451.0
21,12953,451.0
21,12967,451.0
21,12983,451.0
21,13009,451.0
21,13039,451.0
21,13067,451.0
21,13097,473.0
21,13099,473.0
21,13127,473.0
21,13157,473.0
21,13183,473.0
21,13185,473.0
21,13215,473.0
21,13231,473.0
21,13259,473.0
21,13273,473.0
21,13287,473.0
21,13313,473.0
21,13339,473.0
21,13341,473.0
21,13373,473.0
21,13375,473.0
21,13389,474.0
21,13415,474.0
21,13429,474.0
21,13431,474.0
21,13457,474.0
21,13473,474.0
21,13487,474.0
21,13503,474.0
21,13517,474.0
21,13519,474.0
21,13537,474.0
21,13551,474.0
21,13565,474.0
21,13579,482.0
21,13595,482.0
21,13625,488.0
21,13627,488.0
21,13641,488.0
21,13669,488.0
21,13685,488.0
21,13717,488.0
21,13719,488.0
21,13747,488.0
21,13777,488.0
21,13793,488.0
21,13807,488.0
21,13821,488.0
21,13823,488.0
21,13841,488.0
21,13861,488.0
21,13889,488.0
21,13917,488.0
21,13943,488.0
21,13945,488.0
21,13977,488.0
21,13991,488.0
21,14005,488.0
21,14033,488.0
21,14065,488.0
21,14093,488.0
21,14109,488.0
21,14127,488.0
21,14141,491.0
21,14169,491.0
21,14197,491.0
21,14199,491.0
21,14213,491.0
21,14241,491.0
21,14269,491.0
21,14295,491.0
21,14323,491.0
21,14337,491.0
21,14351,491.0
21,14365,491.0
21,14387,491.0
21,14403,491.0
21,14417,491.0
21,14443,498.0
21,14457,498.0
21,14483,503.0
21,14497,503.0
21,14513,503.0
21,14541,503.0
21,14543,503.0
21,14557,503.0
21,14571,503.0
21,14585,503.0
21,14587,503.0
21,14603,503.0
21,14631,503.0
21,14633,503.0
21,14659,503.0
21,14661,503.0
21,14677,503.0
21,14691,503.0
21,14705,503.0
21,14707,503.0
21,14733,503.0
21,14749,503.0
21,14781,503.0
21,14799,503.0
21,14829,503.0
21,14857,503.0
21,14883,503.0
21,14903,503.0
21,14905,503.0
21,14933,506.0
21,14951,506.0
21,14967,506.0
21,14983,506.0
21,15011,506.0
21,15027,506.0
21,15055,506.0
21,15069,506.0
21,15071,506.0
21,15099,506.0
21,15113,506.0
21,15129,506.0
21,15143,506.0
21,15157,506.0
21,15185,506.0
21,15211,506.0
21,15227,506.0
21,15241,515.0
21,15255,515.0
21,15271,515.0
21,15289,515.0
21,15291,515.0
21,15317,515.0
21,15345,515.0
21,15347,515.0
21,15383,521.0
21,15397,521.0
21,15423,521.0
21,15449,521.0
21,15467,521.0
21,15481,521.0
21,15483,521.0
21,15509,521.0
21,15541,521.0
21,15571,521.0
21,15599,521.0
21,15601,521.0
21,15617,521.0
21,15631,521.0
21,15647,521.0
21,15675,521.0
21,15689,521.0
21,15709,521.0
21,15735,521.0
21,15737,521.0
21,15739,521.0
21,15773,521.0
21,15775,521.0
21,15791,521.0
21,15809,521.0
21,15827,521.0
21,15853,521.0
21,15879,521.0
21,15905,521.0
21,15919,521.0
21,15937,521.0
21,15957,521.0
21,15977,521.0
21,15991,521.0
21,16017,521.0
21,16031,521.0
21,16057,523.0
21,16085,523.0
21,16099,523.0
21,16129,523.0
21,16159,523.0
21,16185,523.0
21,16201,523.0
21,16203,523.0
21,16217,523.0
21,16231,523.0
21,16245,523.0
21,16259,526.0
21,16285,526.0
21,16301,526.0
21,16329,526.0
21,16343,526.0
21,16357,526.0
21,16383,526.0
21,16401,526.0
21,16427,526.0
21,16441,526.0
21,16471,526.0
21,16473,526.0
21,16505,526.0
21,16507,526.0
21,16533,526.0
21,16561,526.0
21,16589,526.0
21,16605,526.0
21,16619,526.0
21,16635,526.0
21,16663,537.0
21,16691,537.0
21,16721,537.0
21,16747,537.0
21,16749,537.0
21,16779,537.0
21,16795,537.0
21,16811,537.0
21,16813,537.0
21,16831,537.0
21,16833,537.0
21,16851,537.0
21,16881,537.0
21,16907,537.0
21,16921,537.0
21,16955,537.0
21,16981,537.0
21,16983,537.0
21,16999,537.0
21,17027,537.0
21,17043,537.0
21,17059,537.0
21,17073,537.0
21,17075,537.0
21,17091,537.0
21,17105,537.0
21,17119,537.0
21,17133,537.0
21,17147,537.0
21,17173,537.0
21,17203,537.0
21,17217,537.0
21,17231,537.0
21,17265,537.0
21,17283,537.0
21,17311,537.0
21,17325,537.0
21,17327,537.0
21,17353,537.0
21,17385,537.0
21,17401,537.0
21,17419,537.0
21,17435,537.0
21,17437,537.0
21,17451,537.0
21,17479,537.0
21,17509,537.0
21,17537,537.0
21,17563,537.0
21,17577,537.0
21,17593,537.0
21,17619,537.0
21,17635,537.0
21,17661,537.0
21,17689,537.0
21,17717,537.0
21,17719,537.0
21,17745,537.0
21,17759,537.0
21,17773,537.0
21,17799,537.0
21,17815,537.0
21,17817,537.0
21,17819,537.0
21,17833,537.0
21,17859,537.0
21,17885,537.0
21,17901,537.0
21,17931,537.0
21,17959,537.0
21,17973,537.0
21,17987,537.0
21,18015,537.0
21,18043,537.0
21,18071,537.0
21,18085,537.0
21,18099,537.0
21,18125,537.0
21,18127,537.0
21,18153,537.0
21,18179,537.0
21,18205,537.0
21,18221,537.0
21,18247,537.0
21,18263,537.0
21,18277,537.0
21,18309,537.0
21,18311,537.0
21,18329,537.0
21,18355,537.0
21,18373,537.0
21,18399,537.0
21,18425,537.0
21,18439,537.0
21,18459,537.0
21,18473,537.0
21,18503,537.0
21,18531,537.0
21,18561,537.0
21,18587,537.0
21,18605,537.0
21,18633,537.0
21,18647,537.0
21,18661,537.0
21,18675,537.0
21,18689,537.0
21,18703,537.0
21,18717,537.0
21,18745,537.0
21,18773,537.0
21,18799,537.0
21,18825,537.0
21,18859,537.0
21,18875,537.0
21,18877,537.0
21,18879,537.0
21,18911,537.0
21,18927,537.0
21,18941,537.0
21,18971,537.0
21,18973,537.0
21,18987,537.0
21,19001,537.0
21,19015,537.0
21,19031,537.0
21,19045,537.0
21,19071,537.0
21,19099,537.0
21,19129,537.0
21,19159,537.0
21,19175,537.0
21,19189,537.0
21,19191,537.0
21,19205,537.0
21,19221,537.0
21,19223,537.0
21,19253,537.0
21,19267,537.0
21,19281,537.0
21,19299,537.0
21,19315,537.0
21,19349,537.0
21,19363,537.0
21,19379,537.0
21,19381,537.0
21,19411,537.0
21,19413,537.0
21,19439,537.0
21,19453,537.0
21,19469,537.0
21,19483,537.0
21,19509,537.0
21,19539,537.0
21,19557,537.0
21,19571,537.0
21,19601,537.0
21,19615,537.0
21,19645,537.0
21,19675,537.0
21,19691,537.0
21,19717,537.0
21,19747,537.0
21,19749,537.0
21,19763,537.0
21,19765,537.0
21,19779,537.0
21,19809,537.0
21,19811,537.0
21,19827,537.0
21,19845,537.0
21,19847,537.0
21,19861,537.0
21,19863,537.0
21,19865,537.0
21,19883,537.0
21,19897,537.0
21,19911,537.0
21,19925,537.0
21,19959,537.0
21,19987,537.0
21,20001,537.0
21,20017,537.0
21,20031,537.0
21,20045,537.0
21,20047,537.0
21,20063,537.0
21,20089,537.0
21,20115,537.0
21,20129,537.0
21,20143,537.0
21,20159,537.0
21,20161,537.0
21,20189,537.0
21,20211,537.0
21,20239,537.0
21,20265,539.0
21,20279,539.0
21,20293,539.0
21,20309,539.0
21,20323,539.0
21,20349,539.0
21,20375,539.0
21,20407,543.0
21,20435,543.0
21,20437,543.0
21,20457,543.0
21,20459,543.0
21,20473,543.0
21,20487,543.0
21,20515,543.0
21,20529,543.0
21,20555,543.0
21,20583,543.0
21,20585,543.0
21,20599,543.0
21,20627,543.0
21,20645,543.0
21,20659,543.0
21,20673,543.0
21,20687,543.0
21,20713,543.0
21,20731,543.0
21,20757,543.0
21,20773,543.0
21,20789,543.0
21,20791,543.0
21,20793,543.0
21,20807,543.0
21,20821,543.0
21,20847,543.0
21,20861,543.0
21,20877,543.0
21,20905,543.0
21,20919,543.0
21,20935,543.0
21,20963,543.0
21,20965,543.0
21,20995,543.0
21,20997,543.0
21,21025,543.0
21,21051,543.0
21,21079,543.0
21,21105,543.0
21,21107,543.0
21,21121,543.0
21,21137,543.0
21,21163,543.0
21,21179,543.0
21,21211,543.0
21,21239,543.0
21,21267,543.0
21,21295,543.0
21,21309,543.0
21,21323,543.0
21,21351,543.0
21,21353,543.0
21,21383,543.0
21,21385,543.0
21,21415,543.0
21,21433,543.0
21,21467,543.0
21,21485,543.0
21,21513,543.0
21,21541,543.0
21,21567,543.0
21,21581,543.0
21,21609,543.0
21,21623,543.0
21,21637,543.0
21,21667,543.0
21,21683,543.0
21,21715,543.0
21,21717,543.0
21,21743,543.0
21,21757,543.0
21,21789,543.0
21,21791,543.0
21,21805,543.0
21,21831,543.0
21,21845,543.0
21,21859,543.0
21,21889,543.0
22,11740,378.0
22,11768,378.0
22,11782,378.0
22,11796,378.0
22,11826,378.0
22,11842,378.0
22,11844,378.0
22,11874,378.0
22,11888,378.0
22,11902,403.0
22,11916,403.0
22,11948,403.0
22,11950,403.0
22,12559,403.0
22,12561,403.0
22,12563,403.0
22,12593,428.0
22,12595,428.0
22,12621,428.0
22,12647,428.0
22,12661,428.0
22,12675,435.0
22,12677,435.0
22,12691,435.0
22,12717,444.0
22,12733,444.0
22,12735,444.0
22,12751,444.0
22,12767,444.0
22,12797,444.0
22,12813,444.0
22,12827,444.0
22,12841,444.0
22,12843,444.0
22,12857,444.0
22,12871,444.0
22,12885,449.0
22,12901,449.0
22,12917,449.0
22,12937,467.0
22,12951,467.0
22,12953,467.0
22,12971,467.0
22,12985,467.0
22,13001,467.0
22,13003,467.0
22,13029,474.0
22,13045,474.0
22,13061,474.0
22,13063,474.0
22,13065,474.0
22,13079,474.0
22,13111,474.0
22,13125,474.0
22,13157,474.0
22,13173,474.0
22,13187,474.0
22,13203,474.0
22,13231,474.0
22,13245,474.0
22,13247,474.0
22,13249,474.0
22,13283,474.0
22,13297,474.0
22,13311,474.0
22,13341,485.0
22,13357,485.0
22,13385,485.0
22,13403,485.0
22,13417,485.0
22,13435,485.0
22,13453,485.0
22,13455,485.0
22,13473,485.0
22,13475,485.0
22,13491,485.0
22,13493,485.0
22,13495,485.0
22,13509,485.0
22,13523,485.0
22,13525,485.0
22,13541,485.0
22,13557,485.0
22,13571,485.0
22,13585,485.0
22,13603,485.0
22,13605,485.0
22,13619,485.0
22,13647,488.0
22,13661,488.0
22,13691,490.0
22,13723,490.0
22,13737,491.0
22,13751,491.0
22,13779,491.0
22,13781,491.0
22,13795,491.0
22,13809,491.0
22,13825,491.0
22,13827,491.0
22,13853,491.0
22,13867,491.0
22,13881,491.0
22,13895,491.0
22,13909,491.0
22,13937,491.0
22,13955,491.0
22,13985,491.0
22,14003,491.0
22,14017,491.0
22,14031,491.0
22,14061,491.0
22,14091,491.0
22,14109,491.0
22,14125,491.0
22,14151,499.0
22,14153,499.0
22,14167,499.0
22,14195,499.0
22,14211,499.0
22,14225,499.0
22,14243,499.0
22,14273,499.0
22,14303,499.0
22,14331,499.0
22,14345,499.0
22,14363,499.0
22,14391,499.0
22,14405,499.0
22,14431,499.0
22,14449,499.0
22,14451,499.0
22,14479,499.0
22,14481,499.0
22,14495,499.0
22,14521,499.0
22,14523,499.0
22,14539,499.0
22,14565,499.0
22,14593,499.0
22,14625,499.0
22,14653,499.0
22,14683,499.0
22,14697,499.0
22,14715,499.0
22,14745,499.0
22,14761,499.0
22,14779,499.0
22,14797,499.0
22,14811,499.0
22,14837,499.0
22,14853,499.0
22,14889,499.0
22,14905,499.0
22,14919,499.0
22,14935,499.0
22,14951,499.0
22,14965,499.0
22,14995,499.0
22,15009,499.0
22,15037,499.0
22,15069,499.0
22,15087,499.0
22,15089,499.0
22,15121,499.0
22,15135,499.0
22,15151,499.0
22,15179,508.0
22,15193,508.0
22,15209,508.0
22,15225,508.0
22,15239,508.0
22,15267,508.0
22,15283,508.0
22,15311,517.0
22,15325,517.0
22,15351,517.0
22,15379,517.0
22,15395,517.0
22,15427,517.0
22,15443,517.0
22,15457,517.0
22,15471,517.0
22,15497,517.0
22,15499,517.0
22,15525,517.0
22,15527,517.0
22,15557,517.0
22,15585,517.0
22,15603,517.0
22,15617,517.0
22,15619,517.0
22,15647,517.0
22,15661,517.0
22,15689,517.0
22,15721,517.0
22,15735,518.0
22,15753,518.0
22,15769,518.0
22,15783,518.0
22,15799,518.0
22,15813,518.0
22,15847,518.0
22,15861,518.0
22,15891,518.0
22,15905,518.0
22,15919,518.0
22,15933,526.0
22,15949,526.0
22,15979,526.0
22,15981,526.0
22,15995,526.0
22,16023,526.0
22,16037,526.0
22,16055,526.0
22,16087,526.0
22,16117,526.0
22,16131,526.0
22,16133,526.0
22,16161,526.0
22,16163,526.0
22,16179,526.0
22,16195,526.0
22,16227,526.0
22,16245,526.0
22,16259,526.0
22,16275,526.0
22,16303,526.0
22,16333,526.0
22,16363,526.0
22,16365,526.0
22,16381,526.0
22,16395,526.0
22,16425,526.0
22,16441,526.0
22,16443,526.0
22,16459,526.0
22,16487,526.0
22,16503,526.0
22,16519,526.0
22,16533,526.0
22,16547,526.0
22,16549,526.0
22,16579,526.0
22,16607,526.0
22,16621,526.0
22,16635,526.0
22,16637,526.0
22,16651,526.0
22,16679,526.0
22,16681,526.0
22,16707,526.0
22,16729,526.0
22,16757,526.0
22,16771,526.0
22,16789,526.0
22,16791,526.0
22,16819,526.0
22,16849,526.0
22,16863,526.0
22,16877,526.0
22,16879,526.0
22,16881,526.0
22,16895,526.0
22,16921,526.0
22,16937,526.0
22,16939,526.0
22,16969,526.0
22,16983,526.0
22,16985,526.0
22,17013,526.0
22,17043,526.0
22,17069,526.0
22,17097,526.0
22,17127,526.0
22,17141,526.0
22,17155,526.0
22,17185,526.0
22,17199,526.0
22,17201,526.0
22,17227,526.0
22,17255,526.0
22,17281,526.0
22,17307,526.0
22,17325,526.0
22,17345,526.0
22,17359,526.0
22,17387,526.0
22,17401,526.0
22,17427,526.0
22,17455,526.0
22,17481,526.0
22,17497,526.0
22,17525,526.0
22,17527,526.0
22,17541,526.0
22,17555,526.0
22,17587,526.0
22,17589,526.0
22,17603,526.0
22,17619,526.0
22,17633,526.0
22,17649,526.0
22,17677,526.0
22,17691,526.0
22,17705,526.0
22,17719,526.0
22,17733,526.0
22,17761,533.0
22,17763,533.0
22,17795,533.0
22,17821,533.0
22,17835,533.0
22,17871,533.0
22,17885,533.0
22,17913,533.0
22,17929,533.0
22,17943,538.0
22,17969,538.0
22,17995,538.0
22,18021,538.0
22,18035,538.0
22,18051,538.0
22,18077,538.0
22,18103,538.0
22,18117,538.0
22,18131,538.0
22,18163,538.0
22,18191,538.0
22,18205,538.0
22,18221,538.0
22,18235,538.0
22,18263,538.0
22,18289,538.0
22,18305,538.0
22,18319,538.0
22,18321,538.0
22,18335,538.0
22,18361,538.0
22,18389,538.0
22,18417,538.0
22,18419,538.0
22,18449,538.0
22,18451,538.0
22,18477,538.0
22,18493,538.0
22,18507,538.0
22,18533,538.0
22,18561,538.0
22,18563,538.0
22,18591,538.0
22,18619,538.0
22,18647,538.0
22,18661,538.0
22,18675,538.0
22,18705,538.0
22,18721,538.0
22,18723,538.0
22,18737,538.0
22,18765,538.0
22,18779,538.0
22,18795,538.0
22,18821,538.0
22,18835,538.0
22,18851,538.0
22,18877,538.0
22,18905,538.0
22,18919,538.0
22,18935,538.0
22,18953,538.0
22,18967,538.0
22,18985,538.0
22,18999,538.0
22,19015,538.0
22,19041,538.0
22,19059,538.0
22,19073,538.0
22,19099,538.0
22,19115,538.0
22,19129,538.0
22,19131,538.0
22,19145,538.0
22,19147,538.0
22,19161,540.0
22,19179,540.0
22,19207,540.0
22,19235,540.0
22,19249,540.0
22,19279,540.0
22,19293,540.0
22,19327,540.0
22,19343,540.0
22,19359,540.0
22,19373,540.0
22,19389,540.0
22,19423,540.0
22,19449,540.0
22,19475,540.0
22,19505,540.0
22,19521,540.0
22,19537,540.0
22,19553,540.0
22,19569,540.0
22,19583,540.0
22,19611,540.0
22,19627,540.0
22,19641,540.0
22,19655,540.0
22,19671,540.0
22,19673,540.0
22,19675,540.0
22,19701,540.0
22,19717,540.0
22,19731,540.0
22,19761,540.0
22,19793,540.0
22,19821,540.0
22,19837,540.0
22,19865,540.0
22,19879,540.0
22,19893,540.0
22,19895,540.0
22,19923,540.0
22,19937,540.0
22,19963,540.0
22,19979,540.0
22,19997,540.0
22,20011,540.0
22,20013,540.0
22,20041,540.0
22,20069,540.0
22,20099,540.0
22,20101,540.0
22,20127,540.0
22,20141,540.0
22,20157,540.0
22,20173,540.0
22,20187,540.0
22,20189,540.0
22,20215,540.0
22,20217,540.0
22,20231,540.0
22,20245,540.0
22,20259,540.0
22,20277,540.0
22,20291,540.0
22,20321,540.0
22,20339,540.0
22,20367,540.0
22,20383,540.0
22,20399,540.0
22,20413,540.0
22,20443,540.0
22,20471,540.0
22,20487,540.0
22,20519,540.0
22,20535,540.0
22,20561,540.0
22,20591,540.0
22,20607,540.0
22,20637,540.0
22,20651,540.0
22,20667,540.0
22,20669,540.0
22,20683,540.0
22,20697,540.0
22,20727,540.0
22,20729,540.0
22,20755,540.0
22,20785,540.0
22,20799,540.0
22,20831,540.0
22,20833,540.0
22,20863,540.0
22,20893,540.0
22,20909,540.0
22,20935,540.0
22,20961,540.0
22,20995,540.0
22,20997,540.0
22,21013,540.0
22,21043,540.0
22,21069,540.0
22,21071,540.0
22,21085,540.0
22,21099,540.0
22,21101,540.0
22,21119,540.0
22,21121,540.0
22,21147,540.0
22,21173,540.0
22,21187,540.0
22,21201,540.0
22,21229,540.0
22,21243,540.0
22,21245,540.0
22,21259,540.0
22,21289,540.0
22,21305,540.0
22,21319,540.0
22,21347,540.0
22,21373,540.0
22,21399,540.0
22,21413,540.0
22,21439,540.0
22,21453,540.0
22,21469,540.0
22,21501,540.0
22,21529,540.0
22,21561,540.0
22,21575,540.0
22,21577,540.0
22,21593,540.0
22,21607,540.0
22,21623,540.0
22,21641,540.0
22,21643,540.0
22,21645,540.0
22,21677,540.0
22,21709,540.0
22,21739,540.0
23,11836,381.0
23,12411,381.0
23,12439,382.0
23,12453,382.0
23,12471,382.0
23,12485,393.0
23,12499,393.0
23,12513,393.0
23,12529,400.0
23,12549,400.0
23,12575,411.0
23,12593,411.0
23,12621,411.0
23,12649,411.0
23,12679,411.0
23,12697,411.0
23,12725,411.0
23,12751,435.0
23,12753,435.0
23,12755,435.0
23,12787,435.0
23,12801,435.0
23,12817,435.0
23,12845,435.0
23,12847,435.0
23,12861,435.0
23,12863,435.0
23,12879,435.0
23,12907,435.0
23,12909,435.0
23,12925,435.0
23,12927,435.0
23,12945,435.0
23,12947,435.0
23,12949,435.0
23,12975,445.0
23,12989,445.0
23,13019,446.0
23,13021,446.0
23,13047,446.0
23,13073,446.0
23,13093,446.0
23,13095,446.0
23,13127,453.0
23,13155,458.0
23,13183,458.0
23,13209,471.0
23,13239,471.0
23,13241,471.0
23,13257,471.0
23,13271,471.0
23,13297,471.0
23,13311,471.0
23,13313,471.0
23,13333,471.0
23,13347,471.0
23,13375,471.0
23,13377,471.0
23,13403,471.0
23,13405,471.0
23,13435,471.0
23,13449,471.0
23,13477,471.0
23,13505,486.0
23,13533,486.0
23,13561,486.0
23,13563,486.0
23,13595,486.0
23,13611,486.0
23,13639,486.0
23,13671,486.0
23,13685,486.0
23,13699,486.0
23,13701,486.0
23,13717,486.0
23,13735,486.0
23,13749,486.0
23,13765,486.0
23,13779,486.0
23,13809,486.0
23,13823,486.0
23,13851,486.0
23,13867,486.0
23,13897,486.0
23,13927,486.0
23,13943,486.0
23,13957,486.0
23,13959,486.0
23,13989,486.0
23,13991,486.0
23,14005,486.0
23,14033,486.0
23,14049,486.0
23,14063,486.0
23,14079,486.0
23,14095,486.0
23,14123,486.0
23,14125,486.0
23,14153,486.0
23,14167,486.0
23,14197,486.0
23,14211,486.0
23,14237,496.0
23,14259,496.0
23,14285,506.0
23,14299,506.0
23,14313,506.0
23,14315,506.0
23,14329,506.0
23,14361,506.0
23,14389,506.0
23,14405,506.0
23,14431,506.0
23,14463,506.0
23,14465,506.0
23,14479,506.0
23,14495,506.0
23,14509,506.0
23,14537,506.0
23,14551,506.0
23,14577,506.0
23,14603,506.0
23,14633,506.0
23,14649,506.0
23,14665,506.0
23,14697,506.0
23,14699,506.0
23,14725,506.0
23,14739,506.0
23,14741,506.0
23,14757,506.0
23,14783,506.0
23,14797,506.0
23,14825,506.0
23,14841,506.0
23,14867,506.0
23,14885,506.0
23,14901,506.0
23,14919,506.0
23,14947,508.0
23,14961,508.0
23,14987,508.0
23,15001,508.0
23,15015,508.0
23,15047,508.0
23,15049,508.0
23,15067,508.0
23,15097,515.0
23,15113,515.0
23,15115,515.0
23,15117,515.0
23,15131,516.0
23,15147,516.0
23,15149,516.0
23,15151,516.0
23,15167,516.0
23,15169,516.0
23,15195,516.0
23,15209,516.0
23,15223,516.0
23,15251,516.0
23,15265,516.0
23,15291,516.0
23,15321,521.0
23,15335,521.0
23,15349,521.0
23,15363,521.0
23,15389,521.0
23,15403,521.0
23,15419,521.0
23,15433,521.0
23,15459,521.0
23,15489,521.0
23,15503,521.0
23,15519,521.0
23,15521,521.0
23,15537,521.0
23,15565,521.0
23,15591,521.0
23,15617,521.0
23,15649,521.0
23,15675,521.0
23,15701,521.0
23,15729,521.0
23,15761,521.0
23,15789,521.0
23,15815,521.0
23,15843,521.0
23,15873,521.0
23,15887,521.0
23,15903,521.0
23,15917,521.0
23,15937,521.0
23,15951,521.0
23,15953,521.0
23,15955,521.0
23,15971,521.0
23,15985,521.0
23,15987,521.0
23,16013,521.0
23,16043,521.0
23,16057,521.0
23,16083,521.0
23,16109,521.0
23,16137,521.0
23,16151,521.0
23,16165,521.0
23,16183,521.0
23,16199,521.0
23,16201,521.0
23,16215,521.0
23,16245,521.0
23,16273,521.0
23,16299,524.0
23,16313,524.0
23,16343,524.0
23,16357,524.0
23,16371,524.0
23,16401,524.0
23,16429,524.0
23,16431,524.0
23,16457,524.0
23,16485,524.0
23,16499,524.0
23,16513,524.0
23,16527,524.0
23,16541,524.0
23,16569,524.0
23,16583,524.0
23,16609,527.0
23,16635,527.0
23,16663,527.0
23,16693,527.0
23,16721,527.0
23,16735,527.0
23,16763,532.0
23,16777,532.0
23,16809,532.0
23,16843,532.0
23,16871,532.0
23,16901,532.0
23,16903,532.0
23,16905,532.0
23,16931,532.0
23,16947,532.0
23,16961,532.0
23,16977,532.0
23,16991,532.0
23,17007,532.0
23,17035,532.0
23,17061,532.0
23,17091,532.0
23,17109,532.0
23,17125,532.0
23,17139,532.0
23,17153,532.0
23,17169,532.0
23,17195,532.0
23,17211,532.0
23,17241,532.0
23,17269,532.0
23,17283,532.0
23,17297,532.0
23,17323,532.0
23,17353,532.0
23,17379,532.0
23,17411,532.0
23,17439,532.0
23,17453,532.0
23,17469,532.0
23,17499,532.0
23,17531,532.0
23,17559,532.0
23,17575,532.0
23,17603,532.0
23,17617,532.0
23,17643,532.0
23,17659,532.0
23,17673,532.0
23,17703,532.0
23,17717,532.0
23,17731,532.0
23,17757,532.0
23,17759,532.0
23,17785,532.0
23,17801,532.0
23,17819,532.0
23,17833,532.0
23,17849,532.0
23,17879,532.0
23,17895,532.0
23,17897,532.0
23,17911,532.0
23,17939,532.0
23,17953,532.0
23,17983,532.0
23,17985,532.0
23,18001,532.0
23,18015,532.0
23,18031,532.0
23,18047,532.0
23,18077,532.0
23,18091,532.0
23,18111,532.0
23,18139,532.0
23,18169,532.0
23,18201,532.0
23,18215,532.0
23,18231,532.0
23,18233,532.0
23,18235,532.0
23,18249,532.0
23,18265,532.0
23,18279,532.0
23,18307,532.0
23,18321,532.0
23,18349,532.0
23,18367,532.0
23,18381,532.0
23,18397,532.0
23,18425,532.0
23,18427,532.0
23,18455,532.0
23,18457,532.0
23,18487,532.0
23,18501,532.0
23,18517,532.0
23,18519,532.0
23,18533,532.0
23,18549,532.0
23,18563,532.0
23,18577,532.0
23,18579,532.0
23,18593,532.0
23,18595,532.0
23,18611,532.0
23,18641,532.0
23,18643,532.0
23,18645,532.0
23,18673,532.0
23,18691,532.0
23,18723,532.0
23,18751,532.0
23,18765,532.0
23,18791,532.0
23,18819,532.0
23,18847,532.0
23,18861,532.0
23,18863,532.0
23,18891,532.0
23,18907,532.0
23,18921,532.0
23,18935,532.0
23,18937,532.0
23,18951,532.0
23,18977,532.0
23,19007,532.0
23,19033,532.0
23,19047,532.0
23,19061,532.0
23,19075,532.0
23,19091,532.0
23,19121,532.0
23,19135,532.0
23,19137,532.0
23,19139,532.0
23,19157,532.0
23,19173,532.0
23,19189,532.0
23,19205,532.0
23,19235,532.0
23,19265,532.0
23,19281,532.0
23,19307,532.0
23,19325,532.0
23,19341,532.0
23,19355,532.0
23,19357,532.0
23,19371,532.0
23,19403,532.0
23,19417,532.0
23,19431,532.0
23,19445,532.0
23,19463,532.0
23,19489,536.0
23,19503,536.0
23,19529,536.0
23,19555,536.0
23,19585,536.0
23,19617,536.0
23,19643,536.0
23,19659,536.0
23,19679,536.0
23,19693,539.0
23,19713,539.0
23,19743,539.0
23,19745,539.0
23,19773,539.0
23,19789,539.0
23,19817,539.0
23,19847,539.0
23,19861,539.0
23,19877,539.0
23,19893,539.0
23,19921,539.0
23,19923,539.0
23,19953,539.0
23,19981,539.0
23,19997,539.0
23,19999,539.0
23,20025,539.0
23,20041,539.0
23,20069,539.0
23,20083,539.0
23,20109,539.0
23,20139,539.0
23,20169,539.0
23,20197,539.0
23,20223,539.0
23,20239,539.0
23,20255,539.0
23,20257,539.0
23,20271,539.0
23,20297,539.0
23,20313,539.0
23,20329,539.0
23,20345,539.0
23,20363,539.0
23,20377,539.0
23,20403,539.0
23,20431,539.0
23,20459,539.0
23,20475,539.0
23,20501,539.0
23,20503,539.0
23,20531,539.0
23,20549,539.0
23,20577,539.0
23,20579,539.0
23,20593,539.0
23,20625,539.0
23,20627,539.0
23,20641,539.0
23,20643,539.0
23,20657,539.0
23,20659,539.0
23,20673,539.0
23,20699,539.0
23,20739,539.0
23,20769,539.0
23,20795,539.0
23,20813,539.0
23,20841,539.0
23,20871,539.0
23,20885,539.0
23,20917,539.0
23,20931,539.0
23,20933,539.0
23,20947,539.0
23,20977,539.0
23,20979,539.0
23,21007,539.0
23,21025,539.0
23,21053,539.0
23,21055,539.0
23,21083,539.0
23,21097,539.0
23,21123,539.0
23,21125,539.0
23,21139,541.0
23,21153,541.0
23,21167,541.0
23,21195,541.0
23,21197,541.0
23,21213,541.0
23,21215,541.0
23,21217,541.0
23,21245,541.0
23,21273,541.0
23,21275,541.0
23,21301,541.0
23,21327,541.0
23,21341,541.0
23,21355,541.0
23,21357,541.0
23,21385,541.0
23,21399,541.0
23,21429,541.0
23,21443,541.0
23,21457,541.0
23,21483,541.0
23,21501,541.0
23,21515,541.0
23,21545,541.0
23,21579,541.0
23,21611,541.0
23,21625,541.0
23,21639,541.0
23,21641,541.0
23,21655,541.0
23,21687,541.0
23,21701,541.0
23,21717,541.0
23,21747,541.0
23,21773,541.0
23,21787,541.0
23,21789,541.0
23,21803,541.0
23,21835,541.0
24,11892,372.0
24,11910,372.0
24,11912,372.0
24,11940,372.0
24,11966,378.0
24,11980,391.0
24,11994,391.0
24,12008,434.0
24,12034,435.0
24,12048,435.0
24,12062,435.0
24,12064,435.0
24,12080,435.0
24,12094,435.0
24,12096,435.0
24,12122,435.0
24,12136,435.0
24,12150,435.0
24,12152,435.0
24,12166,435.0
24,12180,435.0
24,12206,435.0
24,12226,435.0
24,12244,435.0
24,12841,435.0
24,12857,435.0
24,12885,435.0
24,12887,435.0
24,12889,435.0
24,12891,435.0
24,12907,435.0
24,12925,435.0
24,12939,435.0
24,12967,435.0
24,12993,435.0
24,13009,435.0
24,13037,435.0
24,13051,435.0
24,13053,435.0
24,13079,451.0
24,13093,451.0
24,13109,451.0
24,13125,451.0
24,13127,451.0
24,13153,451.0
24,13167,451.0
24,13185,451.0
24,13201,451.0
24,13203,451.0
24,13231,451.0
24,13233,451.0
24,13235,451.0
24,13253,451.0
24,13269,453.0
24,13285,453.0
24,13311,453.0
24,13337,478.0
24,13365,478.0
24,13393,478.0
24,13419,478.0
24,13433,478.0
24,13435,478.0
24,13455,478.0
24,13471,478.0
24,13473,478.0
24,13499,478.0
24,13515,478.0
24,13529,478.0
24,13557,478.0
24,13573,478.0
24,13589,478.0
24,13607,478.0
24,13637,478.0
24,13639,478.0
24,13653,478.0
24,13669,478.0
24,13695,478.0
24,13709,478.0
24,13725,478.0
24,13727,478.0
24,13755,478.0
24,13757,478.0
24,13771,478.0
24,13799,478.0
24,13813,478.0
24,13841,478.0
24,13855,483.0
24,13881,483.0
24,13909,483.0
24,13937,483.0
24,13965,483.0
24,13981,483.0
24,14009,483.0
24,14023,483.0
24,14039,483.0
24,14053,483.0
24,14067,483.0
24,14081,483.0
24,14083,483.0
24,14109,483.0
24,14137,483.0
24,14139,483.0
24,14167,483.0
24,14197,483.0
24,14199,483.0
24,14213,483.0
24,14243,483.0
24,14269,483.0
24,14283,483.0
24,14311,483.0
24,14341,483.0
24,14369,483.0
24,14383,483.0
24,14399,483.0
24,14429,483.0
24,14455,483.0
24,14471,483.0
24,14497,507.0
24,14511,507.0
24,14525,507.0
24,14555,507.0
24,14583,507.0
24,14609,507.0
24,14623,507.0
24,14625,507.0
24,14653,507.0
24,14669,507.0
24,14671,507.0
24,14697,507.0
24,14699,507.0
24,14725,507.0
24,14753,507.0
24,14755,507.0
24,14781,507.0
24,14795,507.0
24,14809,507.0
24,14811,507.0
24,14825,507.0
24,14853,507.0
24,14881,507.0
24,14907,507.0
24,14921,507.0
24,14935,520.0
24,14963,520.0
24,14965,520.0
24,14979,520.0
24,14995,520.0
24,15009,520.0
24,15011,520.0
24,15027,520.0
24,15041,520.0
24,15067,520.0
24,15081,520.0
24,15099,520.0
24,15125,520.0
24,15127,520.0
24,15141,520.0
24,15159,520.0
24,15175,520.0
24,15177,520.0
24,15203,520.0
24,15229,520.0
24,15243,520.0
24,15257,520.0
24,15271,520.0
24,15301,520.0
24,15315,522.0
24,15343,522.0
24,15377,522.0
24,15407,522.0
24,15437,522.0
24,15467,522.0
24,15469,522.0
24,15495,522.0
24,15497,522.0
24,15499,522.0
24,15531,522.0
24,15545,522.0
24,15559,522.0
24,15587,522.0
24,15603,522.0
24,15617,522.0
24,15645,522.0
24,15677,522.0
24,15703,522.0
24,15719,522.0
24,15721,522.0
24,15747,522.0
24,15777,522.0
24,15791,522.0
24,15811,522.0
24,15839,522.0
24,15873,522.0
24,15887,522.0
24,15913,522.0
24,15929,522.0
24,15959,522.0
24,15973,522.0
24,16001,522.0
24,16015,522.0
24,16045,522.0
24,16059,522.0
24,16075,522.0
24,16109,522.0
24,16111,522.0
24,16113,522.0
24,16127,522.0
24,16141,522.0
24,16155,522.0
24,16183,522.0
24,16211,522.0
24,16239,522.0
24,16271,522.0
24,16299,522.0
24,16315,522.0
24,16331,522.0
24,16367,522.0
24,16395,522.0
24,16409,522.0
24,16427,522.0
24,16443,522.0
24,16475,522.0
24,16505,522.0
24,16519,522.0
24,16533,522.0
24,16563,522.0
24,16577,522.0
24,16579,522.0
24,16593,522.0
24,16595,522.0
24,16609,522.0
24,16639,522.0
24,16669,522.0
24,16695,526.0
24,16709,526.0
24,16735,526.0
24,16761,526.0
24,16777,526.0
24,16793,526.0
24,16809,526.0
24,16823,526.0
24,16837,526.0
24,16851,526.0
24,16865,526.0
24,16897,526.0
24,16911,526.0
24,16927,526.0
24,16929,526.0
24,16931,526.0
24,16947,526.0
24,16961,526.0
24,16963,526.0
24,16983,526.0
24,16985,526.0
24,17019,526.0
24,17045,526.0
24,17073,526.0
24,17099,526.0
24,17115,526.0
24,17143,526.0
24,17171,526.0
24,17187,526.0
24,17205,526.0
24,17221,526.0
24,17235,526.0
24,17237,526.0
24,17253,526.0
24,17255,526.0
24,17283,526.0
24,17313,526.0
24,17315,526.0
24,17335,526.0
24,17365,526.0
24,17379,526.0
24,17411,526.0
24,17425,526.0
24,17439,526.0
24,17455,526.0
24,17469,526.0
24,17485,526.0
24,17515,526.0
24,17529,526.0
24,17545,526.0
24,17559,526.0
24,17561,526.0
24,17589,526.0
24,17615,526.0
24,17643,526.0
24,17645,526.0
24,17671,526.0
24,17687,526.0
24,17705,526.0
24,17719,526.0
24,17735,526.0
24,17749,526.0
24,17751,526.0
24,17783,526.0
24,17811,526.0
24,17825,527.0
24,17851,527.0
24,17867,527.0
24,17881,527.0
24,17913,527.0
24,17939,527.0
24,17965,527.0
24,17967,527.0
24,17969,527.0
24,17985,527.0
24,18011,527.0
24,18027,527.0
24,18029,527.0
24,18049,527.0
24,18065,527.0
24,18079,527.0
24,18107,527.0
24,18121,527.0
24,18141,527.0
24,18155,527.0
24,18171,527.0
24,18199,527.0
24,18215,527.0
24,18241,527.0
24,18269,527.0
24,18297,527.0
24,18313,527.0
24,18333,527.0
24,18359,529.0
24,18373,529.0
24,18375,529.0
24,18403,529.0
24,18417,529.0
24,18443,531.0
24,18445,531.0
24,18471,531.0
24,18499,531.0
24,18525,531.0
24,18527,531.0
24,18553,531.0
24,18555,531.0
24,18581,531.0
24,18595,531.0
24,18613,531.0
24,18627,531.0
24,18657,531.0
24,18673,531.0
24,18701,531.0
24,18715,531.0
24,18743,531.0
24,18757,531.0
24,18773,531.0
24,18775,531.0
24,18795,531.0
24,18809,531.0
24,18823,531.0
24,18837,531.0
24,18851,531.0
24,18879,531.0
24,18913,531.0
24,18941,536.0
24,18967,536.0
24,18981,536.0
24,18983,536.0
24,18985,536.0
24,19003,536.0
24,19017,536.0
24,19031,536.0
24,19047,536.0
24,19061,536.0
24,19063,536.0
24,19089,536.0
24,19091,536.0
24,19105,536.0
24,19121,536.0
24,19135,536.0
24,19149,536.0
24,19165,536.0
24,19179,536.0
24,19207,536.0
24,19223,536.0
24,19237,536.0
24,19265,536.0
24,19291,536.0
24,19305,536.0
24,19319,536.0
24,19333,536.0
24,19335,536.0
24,19353,536.0
24,19367,536.0
24,19381,536.0
24,19395,536.0
24,19397,536.0
24,19423,536.0
24,19455,536.0
24,19481,536.0
24,19495,536.0
24,19521,536.0
24,19535,536.0
24,19551,536.0
24,19565,536.0
24,19591,536.0
24,19607,536.0
24,19633,536.0
24,19659,536.0
24,19661,536.0
24,19663,536.0
24,19665,536.0
24,19679,536.0
24,19695,536.0
24,19709,536.0
24,19723,536.0
24,19737,536.0
24,19751,536.0
24,19777,536.0
24,19791,536.0
24,19821,536.0
24,19835,536.0
24,19863,536.0
24,19877,536.0
24,19891,536.0
24,19905,536.0
24,19919,536.0
24,19933,536.0
24,19959,536.0
24,19989,536.0
24,20017,536.0
24,20031,536.0
24,20045,536.0
24,20059,536.0
24,20075,536.0
24,20077,536.0
24,20099,536.0
24,20101,536.0
24,20103,536.0
24,20105,536.0
24,20107,536.0
24,20109,536.0
24,20123,536.0
24,20125,536.0
24,20127,536.0
24,20141,536.0
24,20173,536.0
24,20199,536.0
24,20229,536.0
24,20257,536.0
24,20271,536.0
24,20285,536.0
24,20287,536.0
24,20321,536.0
24,20323,536.0
24,20351,536.0
24,20353,536.0
24,20367,536.0
24,20393,536.0
24,20409,536.0
24,20435,537.0
24,20463,537.0
24,20465,537.0
24,20491,537.0
24,20507,537.0
24,20509,537.0
24,20523,537.0
24,20553,537.0
24,20555,537.0
24,20573,537.0
24,20603,537.0
24,20623,537.0
24,20649,539.0
24,20665,539.0
24,20679,539.0
24,20705,539.0
24,20719,539.0
24,20733,539.0
24,20747,539.0
24,20773,539.0
24,20799,539.0
24,20827,539.0
24,20841,539.0
24,20855,539.0
24,20869,539.0
24,20901,540.0
24,20917,540.0
24,20931,540.0
24,20945,540.0
24,20961,540.0
24,20987,540.0
24,21003,540.0
24,21031,540.0
24,21047,540.0
24,21073,540.0
24,21103,540.0
24,21131,540.0
24,21133,540.0
24,21159,540.0
24,21161,540.0
24,21163,540.0
24,21189,540.0
24,21207,540.0
24,21233,540.0
24,21235,540.0
24,21249,540.0
24,21263,540.0
24,21265,540.0
24,21291,540.0
24,21319,540.0
24,21345,540.0
24,21359,540.0
24,21373,540.0
24,21387,540.0
24,21389,540.0
24,21391,540.0
24,21405,540.0
24,21421,540.0
24,21447,540.0
24,21461,540.0
24,21493,540.0
24,21523,540.0
24,21525,540.0
24,21539,540.0
24,21555,540.0
24,21583,540.0
24,21597,540.0
24,21625,540.0
24,21655,540.0
24,21669,540.0
24,21687,540.0
24,21719,540.0
24,21733,540.0
24,21765,540.0
24,21791,540.0
24,21821,540.0
24,21849,540.0
24,21863,540.0
24,21877,540.0
24,21891,540.0
25,11808,386.0
25,11822,387.0
25,11824,387.0
25,11852,387.0
25,11878,413.0
25,11904,422.0
25,11932,435.0
25,11948,435.0
25,12517,435.0
25,12533,435.0
25,12535,435.0
25,12549,435.0
25,12563,435.0
25,12591,435.0
25,12609,435.0
25,12625,435.0
25,12639,435.0
25,12653,435.0
25,12683,435.0
25,12709,453.0
25,12725,453.0
25,12727,453.0
25,12729,453.0
25,12755,453.0
25,12781,453.0
25,12809,474.0
25,12823,474.0
25,12825,474.0
25,12839,474.0
25,12873,474.0
25,12875,474.0
25,12891,474.0
25,12905,474.0
25,12933,474.0
25,12961,474.0
25,12963,474.0
25,12991,474.0
25,13005,474.0
25,13021,474.0
25,13049,474.0
25,13077,474.0
25,13093,474.0
25,13107,474.0
25,13133,474.0
25,13147,474.0
25,13163,474.0
25,13189,474.0
25,13219,474.0
25,13235,474.0
25,13269,474.0
25,13283,474.0
25,13297,474.0
25,13323,474.0
25,13325,474.0
25,13339,483.0
25,13355,483.0
25,13381,483.0
25,13395,483.0
25,13397,483.0
25,13413,483.0
25,13439,483.0
25,13467,483.0
25,13469,483.0
25,13471,483.0
25,13473,483.0
25,13503,483.0
25,13505,483.0
25,13533,483.0
25,13535,483.0
25,13561,483.0
25,13577,483.0
25,13605,483.0
25,13623,483.0
25,13651,483.0
25,13683,483.0
25,13699,483.0
25,13729,483.0
25,13745,483.0
25,13761,483.0
25,13791,483.0
25,13821,483.0
25,13849,483.0
25,13863,483.0
25,13877,483.0
25,13891,483.0
25,13905,483.0
25,13921,483.0
25,13935,502.0
25,13951,502.0
25,13967,502.0
25,13985,502.0
25,13999,502.0
25,14013,502.0
25,14043,502.0
25,14059,502.0
25,14087,502.0
25,14103,502.0
25,14117,502.0
25,14131,502.0
25,14159,502.0
25,14161,502.0
25,14187,502.0
25,14217,502.0
25,14245,502.0
25,14273,502.0
25,14289,502.0
25,14319,502.0
25,14345,502.0
25,14347,502.0
25,14361,502.0
25,14375,502.0
25,14377,502.0
25,14391,502.0
25,14419,502.0
25,14449,502.0
25,14465,502.0
25,14479,502.0
25,14481,502.0
25,14483,502.0
25,14485,502.0
25,14511,502.0
25,14525,502.0
25,14541,502.0
25,14569,502.0
25,14583,502.0
25,14611,502.0
25,14627,502.0
25,14655,502.0
25,14669,502.0
25,14683,502.0
25,14701,502.0
25,14729,507.0
25,14745,507.0
25,14759,507.0
25,14785,507.0
25,14819,507.0
25,14821,507.0
25,14837,507.0
25,14851,507.0
25,14879,507.0
25,14907,507.0
25,14933,507.0
25,14947,507.0
25,14961,507.0
25,14979,507.0
25,14993,507.0
25,14995,507.0
25,14997,507.0
25,15011,507.0
25,15027,507.0
25,15041,507.0
25,15067,527.0
25,15085,527.0
25,15099,530.0
25,15129,530.0
25,15131,530.0
25,15159,530.0
25,15187,530.0
25,15201,530.0
25,15215,530.0
25,15229,530.0
25,15231,530.0
25,15247,530.0
25,15249,530.0
25,15263,530.0
25,15289,530.0
25,15319,530.0
25,15333,530.0
25,15335,530.0
25,15349,530.0
25,15379,530.0
25,15381,530.0
25,15383,530.0
25,15385,530.0
25,15387,530.0
25,15415,530.0
25,15441,530.0
25,15457,530.0
25,15483,530.0
25,15499,530.0
25,15527,530.0
25,15529,530.0
25,15555,536.0
25,15571,536.0
25,15599,536.0
25,15615,536.0
25,15617,536.0
25,15619,536.0
25,15633,536.0
25,15659,536.0
25,15687,536.0
25,15715,536.0
25,15717,536.0
25,15731,536.0
25,15745,536.0
25,15771,536.0
25,15785,536.0
25,15799,536.0
25,15827,536.0
25,15859,536.0
25,15861,536.0
25,15875,536.0
25,15893,536.0
25,15895,536.0
25,15923,536.0
25,15939,536.0
25,15953,536.0
25,15955,536.0
25,15969,536.0
25,15989,536.0
25,16003,536.0
25,16017,536.0
25,16019,536.0
25,16021,536.0
25,16035,536.0
25,16037,536.0
25,16039,536.0
25,16053,536.0
25,16067,536.0
25,16097,536.0
25,16127,536.0
25,16155,536.0
25,16157,536.0
25,16175,536.0
25,16177,536.0
25,16179,536.0
25,16207,536.0
25,16221,536.0
25,16251,536.0
25,16281,536.0
25,16283,536.0
25,16311,536.0
25,16325,536.0
25,16351,536.0
25,16353,536.0
25,16379,536.0
25,16401,536.0
25,16419,536.0
25,16447,536.0
25,16465,536.0
25,16481,536.0
25,16483,536.0
25,16509,537.0
25,16525,537.0
25,16553,537.0
25,16567,537.0
25,16593,538.0
25,16609,538.0
25,16629,538.0
25,16657,538.0
25,16659,538.0
25,16689,538.0
25,16703,538.0
25,16717,538.0
25,16745,538.0
25,16759,538.0
25,16785,538.0
25,16799,538.0
25,16801,538.0
25,16827,538.0
25,16859,538.0
25,16887,538.0
25,16913,538.0
25,16941,538.0
25,16969,538.0
25,16995,538.0
25,17009,538.0
25,17039,538.0
25,17057,538.0
25,17071,538.0
25,17101,538.0
25,17127,538.0
25,17149,538.0
25,17177,538.0
25,17199,538.0
25,17213,538.0
25,17227,538.0
25,17243,538.0
25,17257,538.0
25,17275,538.0
25,17301,538.0
25,17317,538.0
25,17333,538.0
25,17361,538.0
25,17377,538.0
25,17379,538.0
25,17393,538.0
25,17395,538.0
25,17409,538.0
25,17425,538.0
25,17441,538.0
25,17455,538.0
25,17473,538.0
25,17489,538.0
25,17517,538.0
25,17543,539.0
25,17557,539.0
25,17585,539.0
25,17599,539.0
25,17615,539.0
25,17641,539.0
25,17643,539.0
25,17657,539.0
25,17671,539.0
25,17685,539.0
25,17699,539.0
25,17715,539.0
25,17731,539.0
25,17749,539.0
25,17775,539.0
25,17791,539.0
25,17805,539.0
25,17831,539.0
25,17857,539.0
25,17883,539.0
25,17913,539.0
25,17941,539.0
25,17955,539.0
25,17971,539.0
25,18001,539.0
25,18031,539.0
25,18045,539.0
25,18059,539.0
25,18061,539.0
25,18087,539.0
25,18089,539.0
25,18119,539.0
25,18135,539.0
25,18163,539.0
25,18177,539.0
25,18191,539.0
25,18193,539.0
25,18195,539.0
25,18209,539.0
25,18225,539.0
25,18241,539.0
25,18259,539.0
25,18273,539.0
25,18275,539.0
25,18297,539.0
25,18313,539.0
25,18327,539.0
25,18343,539.0
25,18375,539.0
25,18377,539.0
25,18405,539.0
25,18419,539.0
25,18433,539.0
25,18435,539.0
25,18451,539.0
25,18465,539.0
25,18479,539.0
25,18507,539.0
25,18525,539.0
25,18553,539.0
25,18581,539.0
25,18595,539.0
25,18611,539.0
25,18625,539.0
25,18653,539.0
25,18679,539.0
25,18693,539.0
25,18725,539.0
25,18739,539.0
25,18765,539.0
25,18779,539.0
25,18809,539.0
25,18811,539.0
25,18839,539.0
25,18859,539.0
25,18861,539.0
25,18875,539.0
25,18891,539.0
25,18917,539.0
25,18931,539.0
25,18961,539.0
25,18975,539.0
25,18991,539.0
25,18993,539.0
25,19027,539.0
25,19057,539.0
25,19073,539.0
25,19091,539.0
25,19123,539.0
25,19153,539.0
25,19179,539.0
25,19181,539.0
25,19197,539.0
25,19229,539.0
25,19243,539.0
25,19259,539.0
25,19273,539.0
25,19287,539.0
25,19303,539.0
25,19317,539.0
25,19343,542.0
25,19357,542.0
25,19359,542.0
25,19373,542.0
25,19405,542.0
25,19407,542.0
25,19421,542.0
25,19447,542.0
25,19475,542.0
25,19489,542.0
25,19517,542.0
25,19531,542.0
25,19533,542.0
25,19559,542.0
25,19575,542.0
25,19603,542.0
25,19631,542.0
25,19661,542.0
25,19675,542.0
25,19701,542.0
25,19731,542.0
25,19759,542.0
25,19787,542.0
25,19813,542.0
25,19827,542.0
25,19843,542.0
25,19857,542.0
25,19883,542.0
25,19913,542.0
25,19941,542.0
25,19955,542.0
25,19987,542.0
25,20015,542.0
25,20017,542.0
25,20051,542.0
25,20067,542.0
25,20093,542.0
25,20095,542.0
25,20127,542.0
25,20141,542.0
25,20143,542.0
25,20169,542.0
25,20195,542.0
25,20209,542.0
25,20223,542.0
25,20237,542.0
25,20269,542.0
25,20285,542.0
25,20299,542.0
25,20313,542.0
25,20341,542.0
25,20369,542.0
25,20395,542.0
25,20413,542.0
25,20429,542.0
25,20443,542.0
25,20461,542.0
25,20463,542.0
25,20479,542.0
25,20493,542.0
25,20525,542.0
25,20539,542.0
25,20555,542.0
25,20571,542.0
25,20599,542.0
25,20627,542.0
25,20641,542.0
25,20655,542.0
25,20669,542.0
25,20683,542.0
25,20685,542.0
25,20711,542.0
25,20737,542.0
25,20765,542.0
25,20793,542.0
25,20807,542.0
25,20839,542.0
25,20873,542.0
25,20875,542.0
25,20901,542.0
25,20929,542.0
25,20955,542.0
25,20957,542.0
25,20959,542.0
25,20973,542.0
25,20999,542.0
25,21015,542.0
25,21017,542.0
25,21043,542.0
25,21071,542.0
25,21103,542.0
25,21105,542.0
25,21133,542.0
25,21147,542.0
25,21173,542.0
25,21175,542.0
25,21205,542.0
25,21235,542.0
25,21263,542.0
25,21293,542.0
25,21309,542.0
25,21323,542.0
25,21349,542.0
25,21381,542.0
25,21395,542.0
25,21409,542.0
25,21437,542.0
25,21455,542.0
25,21457,542.0
25,21487,542.0
25,21515,542.0
25,21529,542.0
25,21545,542.0
25,21565,542.0
25,21579,542.0
25,21607,542.0
25,21637,542.0
25,21639,542.0
25,21655,542.0
25,21687,542.0
25,21689,542.0
25,21703,542.0
25,21735,542.0
25,21749,542.0
25,21777,542.0
25,21793,542.0
26,11632,384.0
26,11658,422.0
26,11684,422.0
26,11698,422.0
26,11714,422.0
26,11742,422.0
26,11744,422.0
26,11758,422.0
26,11776,422.0
26,12435,422.0
26,12453,422.0
26,12467,422.0
26,12497,422.0
26,12525,422.0
26,12543,422.0
26,12569,484.0
26,12585,484.0
26,12601,484.0
26,12615,490.0
26,12643,490.0
26,12659,490.0
26,12661,490.0
26,12677,490.0
26,12705,490.0
26,12733,490.0
26,12765,490.0
26,12783,490.0
26,12821,490.0
26,12849,490.0
26,12851,490.0
26,12853,490.0
26,12879,499.0
26,12905,499.0
26,12931,499.0
26,12947,499.0
26,12973,499.0
26,12999,499.0
26,13013,499.0
26,13039,499.0
26,13065,499.0
26,13079,499.0
26,13093,499.0
26,13107,499.0
26,13121,499.0
26,13135,499.0
26,13149,499.0
26,13163,499.0
26,13177,499.0
26,13207,499.0
26,13233,501.0
26,13247,501.0
26,13275,501.0
26,13301,501.0
26,13319,501.0
26,13335,501.0
26,13351,501.0
26,13379,501.0
26,13405,501.0
26,13421,501.0
26,13435,501.0
26,13467,501.0
26,13469,501.0
26,13483,501.0
26,13497,501.0
26,13515,501.0
26,13517,501.0
26,13535,501.0
26,13563,501.0
26,13579,501.0
26,13593,501.0
26,13623,501.0
26,13651,501.0
26,13681,505.0
26,13697,505.0
26,13727,505.0
26,13745,505.0
26,13781,505.0
26,13799,505.0
26,13813,505.0
26,13827,505.0
26,13841,505.0
26,13873,505.0
26,13887,505.0
26,13889,505.0
26,13917,505.0
26,13945,510.0
26,13961,510.0
26,13993,510.0
26,14021,510.0
26,14053,510.0
26,14055,510.0
26,14081,510.0
26,14109,510.0
26,14125,510.0
26,14139,510.0
26,14165,510.0
26,14193,510.0
26,14211,510.0
26,14225,510.0
26,14241,510.0
26,14269,510.0
26,14297,510.0
26,14299,510.0
26,14313,510.0
26,14327,510.0
26,14329,510.0
26,14357,510.0
26,14359,510.0
26,14373,510.0
26,14405,510.0
26,14407,510.0
26,14435,510.0
26,14465,510.0
26,14493,510.0
26,14507,510.0
26,14509,510.0
26,14537,510.0
26,14553,510.0
26,14569,510.0
26,14589,510.0
26,14591,510.0
26,14605,510.0
26,14619,510.0
26,14621,510.0
26,14635,510.0
26,14665,510.0
26,14695,510.0
26,14713,510.0
26,14727,510.0
26,14741,510.0
26,14755,510.0
26,14769,510.0
26,14783,510.0
26,14799,510.0
26,14813,510.0
26,14829,510.0
26,14845,510.0
26,14873,510.0
26,14875,510.0
26,14907,510.0
26,14935,510.0
26,14961,510.0
26,14975,510.0
26,14977,510.0
26,15007,510.0
26,15037,510.0
26,15069,510.0
26,15087,510.0
26,15101,510.0
26,15119,510.0
26,15133,510.0
26,15149,510.0
26,15163,510.0
26,15165,510.0
26,15179,510.0
26,15207,510.0
26,15209,510.0
26,15223,510.0
26,15225,510.0
26,15241,510.0
26,15269,510.0
26,15287,510.0
26,15317,510.0
26,15343,517.0
26,15373,517.0
26,15387,517.0
26,15415,525.0
26,15429,525.0
26,15443,525.0
26,15469,525.0
26,15497,525.0
26,15523,525.0
26,15537,525.0
26,15551,525.0
26,15579,525.0
26,15593,525.0
26,15609,525.0
26,15623,525.0
26,15649,525.0
26,15663,525.0
26,15677,525.0
26,15705,525.0
26,15707,525.0
26,15737,525.0
26,15765,525.0
26,15791,525.0
26,15817,525.0
26,15843,525.0
26,15857,525.0
26,15871,525.0
26,15873,525.0
26,15899,525.0
26,15929,525.0
26,15955,525.0
26,15989,525.0
26,16015,525.0
26,16041,525.0
26,16057,525.0
26,16083,525.0
26,16099,525.0
26,16101,525.0
26,16117,525.0
26,16131,525.0
26,16157,525.0
26,16171,525.0
26,16185,525.0
26,16215,525.0
26,16233,525.0
26,16259,525.0
26,16279,525.0
26,16281,525.0
26,16295,525.0
26,16297,525.0
26,16313,525.0
26,16327,525.0
26,16345,525.0
26,16361,525.0
26,16375,525.0
26,16389,525.0
26,16403,525.0
26,16417,528.0
26,16431,528.0
26,16459,528.0
26,16487,528.0
26,16501,528.0
26,16515,528.0
26,16529,528.0
26,16531,528.0
26,16557,528.0
26,16573,528.0
26,16587,528.0
26,16617,528.0
26,16619,528.0
26,16653,528.0
26,16667,534.0
26,16669,534.0
26,16671,534.0
26,16685,534.0
26,16711,534.0
26,16741,534.0
26,16757,534.0
26,16785,534.0
26,16811,534.0
26,16839,534.0
26,16853,534.0
26,16855,534.0
26,16881,534.0
26,16899,534.0
26,16901,534.0
26,16929,534.0
26,16955,534.0
26,16969,536.0
26,16997,536.0
26,16999,536.0
26,17001,536.0
26,17015,536.0
26,17043,536.0
26,17057,536.0
26,17059,536.0
26,17061,536.0
26,17075,536.0
26,17091,536.0
26,17093,536.0
26,17123,536.0
26,17153,536.0
26,17167,536.0
26,17169,536.0
26,17185,536.0
26,17199,536.0
26,17231,536.0
26,17233,536.0
26,17247,536.0
26,17261,536.0
26,17287,536.0
26,17301,536.0
26,17303,536.0
26,17317,536.0
26,17331,536.0
26,17359,536.0
26,17361,536.0
26,17387,536.0
26,17401,536.0
26,17427,536.0
26,17455,536.0
26,17469,536.0
26,17483,536.0
26,17497,536.0
26,17511,536.0
26,17541,536.0
26,17571,536.0
26,17601,536.0
26,17633,536.0
26,17635,536.0
26,17649,536.0
26,17663,536.0
26,17677,536.0
26,17705,536.0
26,17721,536.0
26,17749,536.0
26,17765,536.0
26,17767,536.0
26,17795,536.0
26,17821,536.0
26,17837,536.0
26,17865,536.0
26,17883,536.0
26,17897,536.0
26,17915,536.0
26,17931,536.0
26,17957,536.0
26,17973,536.0
26,18001,536.0
26,18031,536.0
26,18061,536.0
26,18089,536.0
26,18115,536.0
26,18117,536.0
26,18131,536.0
26,18161,536.0
26,18191,536.0
26,18209,536.0
26,18223,536.0
26,18251,536.0
26,18269,536.0
26,18303,536.0
26,18317,536.0
26,18343,536.0
26,18359,536.0
26,18375,536.0
26,18393,536.0
26,18407,536.0
26,18433,536.0
26,18435,536.0
26,18463,536.0
26,18489,536.0
26,18515,536.0
26,18531,536.0
26,18561,536.0
26,18591,536.0
26,18621,536.0
26,18637,536.0
26,18671,536.0
26,18685,536.0
26,18701,536.0
26,18715,536.0
26,18745,536.0
26,18747,536.0
26,18777,536.0
26,18791,536.0
26,18793,536.0
26,18795,536.0
26,18809,536.0
26,18823,536.0
26,18839,536.0
26,18871,536.0
26,18887,536.0
26,18901,536.0
26,18933,536.0
26,18965,536.0
26,18993,536.0
26,19007,536.0
26,19033,536.0
26,19047,536.0
26,19061,536.0
26,19075,536.0
26,19101,536.0
26,19119,536.0
26,19133,536.0
26,19149,536.0
26,19177,536.0
26,19191,536.0
26,19207,536.0
26,19225,536.0
26,19243,536.0
26,19257,536.0
26,19259,536.0
26,19273,536.0
26,19299,540.0
26,19327,540.0
26,19345,540.0
26,19359,540.0
26,19373,540.0
26,19393,540.0
26,19423,540.0
26,19425,540.0
26,19443,540.0
26,19457,540.0
26,19473,540.0
26,19487,540.0
26,19503,540.0
26,19517,540.0
26,19547,540.0
26,19563,540.0
26,19591,540.0
26,19619,540.0
26,19649,540.0
26,19665,540.0
26,19679,540.0
26,19693,540.0
26,19723,540.0
26,19741,540.0
26,19767,540.0
26,19793,540.0
26,19813,540.0
26,19815,540.0
26,19845,540.0
26,19859,540.0
26,19885,540.0
26,19901,540.0
26,19915,540.0
26,19917,540.0
26,19945,540.0
26,19975,540.0
26,20005,540.0
26,20019,540.0
26,20037,540.0
26,20051,540.0
26,20079,540.0
26,20107,540.0
26,20135,540.0
26,20151,540.0
26,20179,540.0
26,20205,540.0
26,20233,540.0
26,20247,540.0
26,20263,540.0
26,20279,540.0
26,20307,540.0
26,20309,540.0
26,20337,540.0
26,20355,540.0
26,20371,540.0
26,20389,540.0
26,20405,540.0
26,20407,540.0
26,20409,540.0
26,20439,540.0
26,20465,540.0
26,20479,541.0
26,20507,541.0
26,20535,541.0
26,20549,541.0
26,20563,541.0
26,20595,541.0
26,20609,541.0
26,20637,541.0
26,20665,541.0
26,20667,541.0
26,20681,541.0
26,20715,541.0
26,20749,541.0
26,20763,541.0
26,20789,546.0
26,20791,546.0
26,20819,546.0
26,20847,546.0
26,20875,546.0
26,20903,546.0
26,20933,546.0
26,20947,546.0
26,20977,546.0
26,20993,546.0
26,21013,546.0
26,21027,546.0
26,21053,546.0
26,21067,546.0
26,21083,546.0
26,21099,546.0
26,21115,546.0
26,21117,546.0
26,21145,546.0
26,21171,546.0
26,21185,546.0
26,21201,546.0
26,21203,546.0
26,21217,546.0
26,21231,546.0
26,21245,546.0
26,21259,546.0
26,21289,546.0
26,21303,546.0
26,21319,546.0
26,21347,546.0
26,21375,546.0
26,21389,546.0
26,21391,546.0
26,21407,546.0
26,21435,546.0
26,21461,546.0
26,21463,546.0
26,21477,546.0
26,21505,546.0
26,21531,546.0
26,21545,546.0
26,21573,546.0
26,21575,546.0
26,21605,546.0
26,21633,546.0
27,11870,421.0
27,12459,423.0
27,12473,423.0
27,12489,423.0
27,12503,423.0
27,12533,423.0
27,12565,423.0
27,12579,423.0
27,12607,423.0
27,12609,423.0
27,12625,423.0
27,12655,423.0
27,12657,423.0
27,12659,423.0
27,12675,424.0
27,12693,424.0
27,12719,424.0
27,12747,424.0
27,12761,464.0
27,12763,464.0
27,12789,464.0
27,12815,464.0
27,12843,464.0
27,12859,464.0
27,12875,464.0
27,12901,464.0
27,12903,464.0
27,12919,464.0
27,12935,464.0
27,12953,464.0
27,12955,464.0
27,12969,464.0
27,12983,464.0
27,13011,464.0
27,13013,464.0
27,13027,471.0
27,13043,471.0
27,13045,471.0
27,13061,471.0
27,13079,471.0
27,13107,471.0
27,13109,471.0
27,13137,471.0
27,13173,471.0
27,13205,471.0
27,13219,471.0
27,13221,471.0
27,13223,471.0
27,13225,471.0
27,13253,471.0
27,13255,471.0
27,13257,471.0
27,13271,471.0
27,13299,471.0
27,13301,471.0
27,13315,471.0
27,13347,471.0
27,13363,471.0
27,13377,471.0
27,13393,471.0
27,13419,475.0
27,13433,475.0
27,13459,475.0
27,13491,475.0
27,13517,475.0
27,13519,475.0
27,13537,475.0
27,13557,475.0
27,13589,475.0
27,13615,475.0
27,13631,475.0
27,13661,475.0
27,13675,481.0
27,13691,481.0
27,13693,481.0
27,13707,481.0
27,13721,481.0
27,13735,481.0
27,13749,481.0
27,13775,481.0
27,13791,481.0
27,13805,481.0
27,13819,481.0
27,13845,481.0
27,13847,481.0
27,13873,481.0
27,13887,481.0
27,13903,481.0
27,13931,481.0
27,13945,481.0
27,13963,481.0
27,13989,495.0
27,14005,495.0
27,14021,495.0
27,14023,495.0
27,14039,495.0
27,14065,495.0
27,14093,495.0
27,14095,495.0
27,14109,495.0
27,14111,495.0
27,14125,495.0
27,14153,495.0
27,14167,495.0
27,14181,495.0
27,14207,495.0
27,14209,495.0
27,14223,495.0
27,14237,495.0
27,14239,495.0
27,14253,495.0
27,14283,495.0
27,14297,495.0
27,14311,495.0
27,14337,495.0
27,14339,495.0
27,14365,495.0
27,14381,495.0
27,14383,495.0
27,14397,495.0
27,14427,495.0
27,14455,495.0
27,14469,498.0
27,14471,498.0
27,14487,498.0
27,14519,498.0
27,14547,498.0
27,14561,498.0
27,14575,498.0
27,14605,498.0
27,14619,498.0
27,14635,498.0
27,14637,498.0
27,14659,498.0
27,14687,498.0
27,14701,499.0
27,14729,505.0
27,14757,505.0
27,14789,505.0
27,14803,505.0
27,14805,505.0
27,14821,505.0
27,14835,505.0
27,14837,505.0
27,14863,505.0
27,14881,505.0
27,14897,505.0
27,14925,505.0
27,14939,505.0
27,14967,505.0
27,14981,518.0
27,15007,518.0
27,15023,518.0
27,15037,518.0
27,15063,518.0
27,15079,518.0
27,15113,518.0
27,15139,518.0
27,15153,518.0
27,15155,518.0
27,15171,518.0
27,15187,518.0
27,15207,518.0
27,15237,518.0
27,15263,518.0
27,15289,518.0
27,15317,518.0
27,15331,518.0
27,15359,518.0
27,15389,518.0
27,15403,518.0
27,15431,518.0
27,15459,518.0
27,15487,518.0
27,15503,518.0
27,15505,518.0
27,15535,518.0
27,15549,518.0
27,15565,518.0
27,15605,518.0
27,15607,518.0
27,15621,518.0
27,15635,518.0
27,15663,518.0
27,15665,518.0
27,15679,518.0
27,15693,518.0
27,15695,518.0
27,15711,518.0
27,15737,518.0
27,15767,518.0
27,15783,518.0
27,15811,527.0
27,15827,527.0
27,15841,527.0
27,15855,527.0
27,15885,527.0
27,15899,527.0
27,15913,527.0
27,15929,527.0
27,15957,527.0
27,15973,527.0
27,15975,527.0
27,15989,527.0
27,16017,527.0
27,16033,527.0
27,16047,527.0
27,16073,527.0
27,16087,527.0
27,16117,527.0
27,16133,527.0
27,16161,527.0
27,16175,527.0
27,16177,527.0
27,16191,527.0
27,16193,527.0
27,16221,527.0
27,16249,527.0
27,16251,527.0
27,16265,527.0
27,16291,529.0
27,16293,529.0
27,16307,529.0
27,16323,529.0
27,16339,529.0
27,16353,529.0
27,16367,529.0
27,16383,529.0
27,16399,529.0
27,16413,529.0
27,16415,529.0
27,16417,529.0
27,16431,529.0
27,16461,529.0
27,16475,529.0
27,16503,529.0
27,16521,529.0
27,16547,529.0
27,16573,529.0
27,16587,529.0
27,16613,529.0
27,16615,529.0
27,16631,529.0
27,16657,529.0
27,16659,529.0
27,16673,529.0
27,16701,529.0
27,16731,529.0
27,16745,529.0
27,16747,529.0
27,16777,529.0
27,16779,529.0
27,16795,529.0
27,16813,529.0
27,16839,529.0
27,16855,529.0
27,16883,529.0
27,16915,529.0
27,16931,529.0
27,16945,529.0
27,16959,529.0
27,16973,529.0
27,16999,529.0
27,17027,529.0
27,17029,529.0
27,17057,529.0
27,17083,529.0
27,17099,529.0
27,17115,529.0
27,17145,529.0
27,17159,529.0
27,17173,529.0
27,17187,529.0
27,17219,529.0
27,17249,529.0
27,17277,529.0
27,17309,529.0
27,17325,529.0
27,17327,529.0
27,17343,529.0
27,17359,529.0
27,17387,529.0
27,17401,529.0
27,17417,529.0
27,17433,529.0
27,17459,529.0
27,17461,529.0
27,17475,529.0
27,17489,529.0
27,17517,529.0
27,17543,529.0
27,17557,529.0
27,17585,529.0
27,17613,529.0
27,17627,529.0
27,17641,529.0
27,17661,529.0
27,17677,529.0
27,17691,529.0
27,17727,529.0
27,17755,529.0
27,17781,529.0
27,17795,529.0
27,17809,529.0
27,17835,529.0
27,17861,529.0
27,17887,531.0
27,17903,531.0
27,17919,531.0
27,17921,531.0
27,17935,531.0
27,17965,531.0
27,17967,531.0
27,17997,531.0
27,17999,531.0
27,18027,531.0
27,18043,531.0
27,18059,531.0
27,18073,531.0
27,18101,531.0
27,18127,531.0
27,18155,531.0
27,18181,531.0
27,18211,531.0
27,18225,531.0
27,18241,531.0
27,18257,531.0
27,18271,531.0
27,18285,531.0
27,18287,531.0
27,18303,531.0
27,18317,531.0
27,18319,531.0
27,18353,531.0
27,18355,531.0
27,18381,531.0
27,18413,531.0
27,18439,531.0
27,18455,531.0
27,18469,531.0
27,18471,531.0
27,18489,531.0
27,18503,531.0
27,18529,531.0
27,18555,531.0
27,18569,531.0
27,18599,531.0
27,18613,531.0
27,18627,531.0
27,18629,531.0
27,18631,531.0
27,18633,531.0
27,18661,531.0
27,18677,531.0
27,18707,531.0
27,18735,531.0
27,18763,531.0
27,18791,531.0
27,18805,531.0
27,18821,531.0
27,18851,531.0
27,18867,531.0
27,18895,531.0
27,18923,531.0
27,18937,531.0
27,18969,531.0
27,18983,531.0
27,18985,531.0
27,18987,531.0
27,19013,531.0
27,19029,531.0
27,19043,531.0
27,19061,531.0
27,19063,531.0
27,19077,531.0
27,19091,531.0
27,19107,531.0
27,19139,531.0
27,19165,531.0
27,19191,531.0
27,19193,531.0
27,19195,531.0
27,19211,531.0
27,19213,531.0
27,19241,531.0
27,19269,531.0
27,19297,531.0
27,19313,531.0
27,19315,531.0
27,19343,531.0
27,19357,531.0
27,19387,531.0
27,19401,531.0
27,19403,531.0
27,19405,531.0
27,19419,531.0
27,19421,531.0
27,19447,531.0
27,19473,531.0
27,19499,531.0
27,19501,531.0
27,19519,531.0
27,19547,534.0
27,19565,534.0
27,19581,534.0
27,19597,534.0
27,19599,534.0
27,19617,534.0
27,19645,534.0
27,19663,534.0
27,19665,534.0
27,19679,534.0
27,19693,534.0
27,19721,534.0
27,19735,534.0
27,19763,534.0
27,19789,534.0
27,19817,534.0
27,19819,534.0
27,19821,534.0
27,19849,534.0
27,19865,534.0
27,19867,534.0
27,19897,534.0
27,19911,534.0
27,19941,534.0
27,19961,534.0
27,19987,534.0
27,20017,534.0
27,20047,534.0
27,20073,534.0
27,20101,534.0
27,20115,534.0
27,20141,534.0
27,20159,534.0
27,20173,534.0
27,20189,534.0
27,20219,534.0
27,20245,534.0
27,20259,534.0
27,20273,534.0
27,20301,534.0
27,20331,534.0
27,20333,534.0
27,20359,534.0
27,20385,534.0
27,20399,534.0
27,20413,534.0
27,20441,534.0
27,20455,534.0
27,20483,534.0
27,20513,534.0
27,20527,534.0
27,20541,534.0
27,20569,534.0
27,20583,534.0
27,20611,534.0
27,20613,534.0
27,20627,534.0
27,20641,534.0
27,20655,534.0
27,20669,534.0
27,20683,534.0
27,20697,534.0
27,20711,534.0
27,20725,534.0
27,20743,534.0
27,20769,534.0
27,20795,534.0
27,20811,534.0
27,20813,534.0
27,20815,534.0
27,20829,534.0
27,20843,534.0
27,20845,534.0
27,20877,534.0
27,20893,534.0
27,20895,534.0
27,20909,534.0
27,20925,534.0
27,20955,534.0
27,20981,534.0
27,21007,534.0
27,21009,534.0
27,21037,534.0
27,21053,534.0
27,21055,534.0
27,21083,534.0
27,21097,534.0
27,21123,534.0
27,21137,534.0
27,21173,534.0
27,21187,534.0
27,21215,534.0
27,21217,534.0
27,21247,534.0
27,21263,534.0
27,21279,534.0
27,21293,534.0
27,21307,534.0
27,21335,534.0
27,21365,534.0
27,21367,534.0
27,21395,534.0
27,21425,534.0
27,21451,541.0
27,21479,541.0
27,21493,541.0
27,21507,541.0
27,21521,541.0
27,21549,541.0
27,21563,541.0
27,21595,541.0
27,21621,541.0
27,21637,541.0
27,21651,541.0
27,21653,541.0
27,21669,541.0
27,21671,541.0
27,21699,541.0
27,21717,541.0
27,21745,541.0
27,21773,541.0
27,21775,541.0
27,21789,541.0
27,21803,541.0
27,21833,541.0
27,21849,541.0
28,11662,386.0
28,11664,386.0
28,11684,386.0
28,12319,408.0
28,12345,422.0
28,12373,456.0
28,12399,456.0
28,12425,456.0
28,12453,456.0
28,12481,456.0
28,12507,456.0
28,12509,456.0
28,12523,456.0
28,12537,456.0
28,12565,463.0
28,12591,463.0
28,12607,463.0
28,12609,463.0
28,12623,463.0
28,12637,463.0
28,12653,463.0
28,12667,463.0
28,12699,463.0
28,12713,463.0
28,12715,463.0
28,12743,463.0
28,12757,463.0
28,12773,463.0
28,12787,463.0
28,12813,463.0
28,12843,463.0
28,12857,464.0
28,12883,464.0
28,12885,464.0
28,12913,464.0
28,12927,464.0
28,12941,464.0
28,12967,464.0
28,12985,464.0
28,13003,464.0
28,13033,464.0
28,13047,464.0
28,13073,464.0
28,13093,464.0
28,13107,464.0
28,13133,469.0
28,13163,481.0
28,13189,481.0
28,13205,481.0
28,13207,481.0
28,13227,481.0
28,13241,481.0
28,13271,481.0
28,13301,481.0
28,13315,481.0
28,13341,481.0
28,13357,481.0
28,13371,493.0
28,13403,493.0
28,13417,493.0
28,13419,493.0
28,13435,493.0
28,13453,493.0
28,13485,493.0
28,13499,505.0
28,13513,505.0
28,13541,505.0
28,13555,505.0
28,13581,505.0
28,13607,505.0
28,13635,505.0
28,13661,505.0
28,13691,505.0
28,13705,505.0
28,13737,505.0
28,13753,505.0
28,13779,505.0
28,13805,505.0
28,13807,505.0
28,13809,505.0
28,13823,505.0
28,13851,505.0
28,13865,522.0
28,13879,522.0
28,13893,522.0
28,13921,522.0
28,13923,522.0
28,13925,522.0
28,13951,522.0
28,13977,522.0
28,14007,522.0
28,14021,522.0
28,14037,522.0
28,14051,522.0
28,14079,522.0
28,14095,522.0
28,14111,522.0
28,14127,522.0
28,14147,522.0
28,14149,522.0
28,14175,522.0
28,14177,522.0
28,14195,522.0
28,14213,522.0
28,14251,522.0
28,14265,522.0
28,14279,522.0
28,14305,522.0
28,14307,522.0
28,14339,522.0
28,14341,522.0
28,14357,522.0
28,14385,522.0
28,14401,522.0
28,14415,522.0
28,14417,522.0
28,14433,522.0
28,14435,522.0
28,14437,522.0
28,14455,522.0
28,14471,522.0
28,14485,522.0
28,14511,522.0
28,14525,522.0
28,14539,522.0
28,14555,522.0
28,14557,522.0
28,14573,522.0
28,14601,522.0
28,14603,522.0
28,14619,522.0
28,14635,522.0
28,14649,522.0
28,14675,522.0
28,14689,522.0
28,14705,522.0
28,14721,522.0
28,14735,522.0
28,14763,522.0
28,14789,522.0
28,14817,522.0
28,14843,522.0
28,14869,526.0
28,14897,526.0
28,14899,526.0
28,14925,527.0
28,14953,527.0
28,14983,527.0
28,15009,527.0
28,15035,527.0
28,15049,527.0
28,15063,527.0
28,15099,527.0
28,15115,527.0
28,15129,527.0
28,15131,527.0
28,15145,527.0
28,15171,527.0
28,15187,527.0
28,15201,527.0
28,15233,527.0
28,15247,527.0
28,15261,527.0
28,15287,527.0
28,15289,527.0
28,15305,527.0
28,15319,527.0
28,15347,527.0
28,15361,527.0
28,15375,527.0
28,15389,527.0
28,15403,527.0
28,15433,527.0
28,15435,527.0
28,15449,527.0
28,15463,527.0
28,15491,527.0
28,15507,527.0
28,15521,527.0
28,15523,527.0
28,15525,527.0
28,15541,527.0
28,15567,527.0
28,15593,527.0
28,15607,527.0
28,15633,527.0
28,15635,527.0
28,15661,531.0
28,15687,531.0
28,15701,531.0
28,15729,531.0
28,15743,531.0
28,15773,531.0
28,15791,531.0
28,15817,531.0
28,15843,531.0
28,15845,531.0
28,15859,531.0
28,15861,531.0
28,15877,531.0
28,15891,531.0
28,15919,531.0
28,15953,531.0
28,15955,531.0
28,15983,531.0
28,16013,531.0
28,16029,531.0
28,16055,531.0
28,16069,531.0
28,16097,531.0
28,16113,531.0
28,16141,531.0
28,16167,531.0
28,16181,531.0
28,16209,531.0
28,16239,531.0
28,16271,531.0
28,16301,531.0
28,16303,531.0
28,16319,531.0
28,16345,531.0
28,16359,531.0
28,16373,531.0
28,16389,531.0
28,16391,531.0
28,16405,531.0
28,16431,531.0
28,16461,531.0
28,16489,531.0
28,16505,531.0
28,16507,531.0
28,16521,531.0
28,16535,531.0
28,16549,531.0
28,16581,531.0
28,16595,531.0
28,16609,531.0
28,16625,531.0
28,16639,531.0
28,16641,531.0
28,16657,531.0
28,16683,531.0
28,16697,531.0
28,16723,531.0
28,16725,531.0
28,16739,531.0
28,16741,531.0
28,16755,531.0
28,16769,531.0
28,16797,531.0
28,16813,531.0
28,16815,531.0
28,16829,531.0
28,16831,531.0
28,16845,531.0
28,16873,531.0
28,16875,531.0
28,16903,531.0
28,16929,531.0
28,16943,531.0
28,16945,531.0
28,16961,531.0
28,16977,531.0
28,16991,531.0
28,17005,537.0
28,17033,537.0
28,17061,537.0
28,17075,537.0
28,17103,537.0
28,17129,541.0
28,17131,541.0
28,17145,541.0
28,17175,541.0
28,17191,541.0
28,17217,541.0
28,17245,541.0
28,17277,541.0
28,17291,541.0
28,17307,541.0
28,17321,541.0
28,17349,541.0
28,17379,541.0
28,17395,541.0
28,17409,541.0
28,17423,541.0
28,17425,541.0
28,17451,541.0
28,17465,541.0
28,17467,541.0
28,17469,541.0
28,17485,541.0
28,17513,541.0
28,17531,541.0
28,17533,541.0
28,17559,541.0
28,17573,541.0
28,17575,541.0
28,17591,541.0
28,17621,541.0
28,17647,541.0
28,17663,541.0
28,17697,541.0
28,17715,541.0
28,17741,541.0
28,17755,541.0
28,17769,541.0
28,17795,541.0
28,17813,541.0
28,17845,541.0
28,17859,541.0
28,17889,541.0
28,17905,541.0
28,17921,541.0
28,17935,541.0
28,17949,541.0
28,17963,541.0
28,17965,541.0
28,17979,541.0
28,17993,541.0
28,18007,541.0
28,18037,541.0
28,18039,541.0
28,18053,541.0
28,18055,541.0
28,18071,541.0
28,18089,541.0
28,18115,541.0
28,18117,541.0
28,18145,541.0
28,18161,541.0
28,18175,541.0
28,18189,541.0
28,18219,541.0
28,18235,541.0
28,18251,541.0
28,18267,541.0
28,18281,541.0
28,18295,541.0
28,18309,541.0
28,18323,541.0
28,18325,541.0
28,18351,541.0
28,18365,541.0
28,18381,541.0
28,18383,541.0
28,18415,541.0
28,18443,541.0
28,18469,541.0
28,18503,541.0
28,18531,541.0
28,18533,541.0
28,18547,541.0
28,18575,541.0
28,18605,541.0
28,18621,541.0
28,18639,541.0
28,18653,541.0
28,18667,541.0
28,18681,541.0
28,18699,541.0
28,18715,541.0
28,18731,541.0
28,18745,541.0
28,18747,541.0
28,18761,541.0
28,18787,541.0
28,18803,541.0
28,18831,541.0
28,18833,541.0
28,18861,541.0
28,18889,541.0
28,18907,541.0
28,18909,541.0
28,18911,541.0
28,18931,541.0
28,18947,541.0
28,18961,541.0
28,18977,541.0
28,18995,541.0
28,19009,541.0
28,19035,541.0
28,19049,541.0
28,19051,541.0
28,19053,541.0
28,19067,541.0
28,19095,541.0
28,19121,541.0
28,19135,541.0
28,19137,541.0
28,19139,541.0
28,19141,541.0
28,19155,541.0
28,19169,541.0
28,19183,541.0
28,19199,541.0
28,19201,541.0
28,19217,541.0
28,19247,541.0
28,19249,541.0
28,19267,541.0
28,19293,541.0
28,19309,541.0
28,19323,541.0
28,19325,541.0
28,19327,541.0
28,19357,541.0
28,19387,541.0
28,19401,541.0
28,19417,541.0
28,19419,541.0
28,19435,541.0
28,19451,541.0
28,19453,541.0
28,19483,541.0
28,19501,541.0
28,19531,541.0
28,19561,541.0
28,19589,541.0
28,19591,541.0
28,19621,541.0
28,19635,541.0
28,19661,541.0
28,19689,541.0
28,19705,541.0
28,19739,541.0
28,19753,541.0
28,19755,541.0
28,19757,541.0
28,19771,541.0
28,19785,541.0
28,19787,541.0
28,19803,541.0
28,19823,541.0
28,19837,541.0
28,19851,541.0
28,19865,541.0
28,19879,541.0
28,19881,541.0
28,19895,541.0
28,19897,541.0
28,19927,541.0
28,19943,541.0
28,19959,541.0
28,19975,541.0
28,19991,541.0
28,20005,541.0
28,20007,541.0
28,20023,541.0
28,20041,541.0
28,20067,541.0
28,20083,541.0
28,20085,541.0
28,20113,541.0
28,20141,541.0
28,20155,541.0
28,20171,541.0
28,20189,541.0
28,20203,541.0
28,20219,541.0
28,20233,541.0
28,20249,541.0
28,20265,541.0
28,20267,541.0
28,20295,541.0
28,20321,541.0
28,20323,541.0
28,20341,541.0
28,20357,541.0
28,20359,541.0
28,20373,541.0
28,20387,541.0
28,20417,541.0
28,20445,541.0
28,20461,541.0
28,20477,541.0
28,20479,541.0
28,20493,541.0
28,20519,541.0
28,20521,541.0
28,20523,541.0
28,20537,541.0
28,20563,541.0
28,20591,541.0
28,20621,541.0
28,20647,541.0
28,20661,541.0
28,20687,541.0
28,20713,541.0
28,20729,541.0
28,20731,541.0
28,20761,541.0
28,20777,541.0
28,20779,541.0
28,20809,541.0
28,20835,541.0
28,20849,541.0
28,20881,541.0
28,20895,541.0
28,20909,541.0
28,20923,541.0
28,20953,541.0
28,20975,541.0
28,20977,541.0
28,20993,541.0
28,21007,541.0
28,21009,541.0
28,21031,541.0
28,21045,541.0
28,21071,541.0
28,21073,541.0
28,21089,541.0
28,21105,541.0
28,21107,541.0
28,21145,541.0
28,21159,541.0
28,21175,541.0
28,21203,541.0
28,21219,541.0
28,21221,541.0
28,21239,541.0
28,21241,541.0
28,21255,541.0
28,21285,541.0
28,21315,541.0
28,21331,541.0
28,21359,541.0
28,21361,541.0
28,21379,541.0
28,21407,541.0
28,21427,541.0
28,21441,541.0
28,21455,541.0
28,21487,541.0
28,21513,541.0
28,21529,541.0
28,21545,541.0
28,21547,541.0
28,21573,541.0
28,21599,541.0
28,21601,541.0
28,21617,541.0
28,21653,541.0
29,11720,386.0
29,11734,386.0
29,11750,386.0
29,11768,386.0
29,11782,386.0
29,11796,386.0
29,11810,386.0
29,11828,386.0
29,11856,386.0
29,11870,386.0
29,11898,386.0
29,11912,386.0
29,11928,386.0
29,11948,386.0
29,11950,386.0
29,11964,387.0
29,11978,387.0
29,11980,387.0
29,12008,408.0
29,12038,421.0
29,12056,421.0
29,12058,421.0
29,12072,421.0
29,12683,421.0
29,12697,421.0
29,12725,421.0
29,12741,421.0
29,12755,421.0
29,12769,421.0
29,12785,421.0
29,12817,421.0
29,12843,421.0
29,12857,442.0
29,12885,442.0
29,12913,442.0
29,12939,442.0
29,12955,442.0
29,12969,442.0
29,12985,442.0
29,13013,442.0
29,13029,442.0
29,13043,442.0
29,13071,442.0
29,13099,444.0
29,13113,445.0
29,13129,445.0
29,13155,445.0
29,13169,457.0
29,13183,457.0
29,13197,457.0
29,13213,457.0
29,13215,457.0
29,13229,457.0
29,13255,462.0
29,13271,462.0
29,13287,462.0
29,13315,462.0
29,13341,479.0
29,13343,479.0
29,13373,479.0
29,13401,479.0
29,13429,479.0
29,13431,479.0
29,13463,479.0
29,13465,479.0
29,13481,479.0
29,13507,479.0
29,13521,479.0
29,13535,487.0
29,13549,487.0
29,13583,487.0
29,13609,487.0
29,13635,487.0
29,13649,487.0
29,13665,487.0
29,13683,487.0
29,13697,487.0
29,13723,487.0
29,13739,487.0
29,13765,487.0
29,13779,487.0
29,13793,503.0
29,13809,503.0
29,13811,503.0
29,13827,503.0
29,13859,503.0
29,13885,503.0
29,13903,503.0
29,13919,503.0
29,13935,503.0
29,13951,503.0
29,13953,503.0
29,13979,503.0
29,14005,503.0
29,14019,503.0
29,14021,503.0
29,14049,503.0
29,14075,503.0
29,14101,503.0
29,14117,503.0
29,14145,503.0
29,14159,503.0
29,14177,503.0
29,14193,503.0
29,14207,503.0
29,14221,513.0
29,14249,513.0
29,14267,513.0
29,14297,513.0
29,14325,513.0
29,14341,513.0
29,14369,513.0
29,14397,513.0
29,14425,513.0
29,14453,513.0
29,14473,513.0
29,14487,513.0
29,14501,513.0
29,14529,513.0
29,14555,513.0
29,14569,513.0
29,14571,513.0
29,14585,513.0
29,14599,513.0
29,14629,513.0
29,14645,513.0
29,14659,513.0
29,14675,513.0
29,14689,513.0
29,14707,513.0
29,14723,513.0
29,14725,513.0
29,14739,513.0
29,14769,513.0
29,14799,513.0
29,14801,513.0
29,14815,513.0
29,14831,513.0
29,14847,513.0
29,14861,513.0
29,14891,513.0
29,14907,513.0
29,14921,513.0
29,14953,513.0
29,14969,513.0
29,14983,513.0
29,15001,513.0
29,15003,513.0
29,15017,513.0
29,15031,513.0
29,15047,513.0
29,15073,513.0
29,15103,513.0
29,15119,513.0
29,15139,513.0
29,15169,513.0
29,15195,513.0
29,15197,513.0
29,15225,513.0
29,15239,513.0
29,15255,513.0
29,15281,513.0
29,15295,513.0
29,15321,513.0
29,15335,513.0
29,15369,513.0
29,15395,513.0
29,15423,513.0
29,15437,513.0
29,15453,513.0
29,15479,515.0
29,15495,515.0
29,15509,515.0
29,15535,521.0
29,15549,521.0
29,15581,521.0
29,15595,521.0
29,15611,521.0
29,15627,521.0
29,15629,521.0
29,15655,521.0
29,15683,521.0
29,15685,521.0
29,15701,521.0
29,15717,521.0
29,15733,521.0
29,15749,521.0
29,15779,521.0
29,15807,521.0
29,15837,521.0
29,15855,521.0
29,15869,521.0
29,15883,521.0
29,15909,521.0
29,15923,521.0
29,15949,521.0
29,15979,521.0
29,16013,521.0
29,16045,521.0
29,16071,521.0
29,16089,521.0
29,16115,521.0
29,16129,521.0
29,16131,521.0
29,16147,521.0
29,16161,521.0
29,16191,521.0
29,16221,521.0
29,16247,521.0
29,16263,521.0
29,16279,521.0
29,16305,521.0
29,16307,521.0
29,16321,521.0
29,16349,521.0
29,16351,521.0
29,16365,521.0
29,16395,521.0
29,16423,521.0
29,16449,523.0
29,16477,535.0
29,16491,535.0
29,16519,535.0
29,16545,535.0
29,16563,535.0
29,16577,535.0
29,16603,535.0
29,16619,535.0
29,16653,535.0
29,16675,535.0
29,16703,535.0
29,16717,535.0
29,16731,535.0
29,16745,535.0
29,16761,535.0
29,16777,535.0
29,16803,535.0
29,16829,535.0
29,16845,535.0
29,16847,535.0
29,16863,535.0
29,16877,535.0
29,16891,535.0
29,16905,535.0
29,16921,535.0
29,16951,535.0
29,16977,535.0
29,16979,535.0
29,16981,535.0
29,16983,535.0
29,17011,535.0
29,17025,535.0
29,17027,535.0
29,17043,535.0
29,17071,535.0
29,17085,535.0
29,17117,535.0
29,17133,535.0
29,17163,535.0
29,17191,535.0
29,17219,535.0
29,17237,535.0
29,17263,535.0
29,17291,535.0
29,17317,535.0
29,17345,535.0
29,17359,535.0
29,17377,535.0
29,17393,535.0
29,17407,535.0
29,17423,535.0
29,17425,535.0
29,17451,535.0
29,17477,535.0
29,17491,535.0
29,17521,535.0
29,17537,535.0
29,17565,535.0
29,17581,535.0
29,17595,535.0
29,17597,535.0
29,17611,535.0
29,17639,535.0
29,17665,535.0
29,17681,535.0
29,17707,535.0
29,17723,535.0
29,17725,535.0
29,17739,535.0
29,17741,535.0
29,17743,535.0
29,17773,535.0
29,17789,535.0
29,17791,535.0
29,17819,535.0
29,17833,535.0
29,17835,535.0
29,17861,535.0
29,17875,535.0
29,17907,535.0
29,17923,535.0
29,17949,535.0
29,17975,540.0
29,18005,540.0
29,18031,540.0
29,18047,540.0
29,18073,540.0
29,18105,540.0
29,18121,540.0
29,18147,540.0
29,18179,540.0
29,18207,540.0
29,18237,540.0
29,18265,540.0
29,18279,540.0
29,18309,540.0
29,18323,545.0
29,18337,545.0
29,18353,545.0
29,18371,545.0
29,18373,545.0
29,18375,545.0
29,18377,545.0
29,18409,545.0
29,18435,545.0
29,18467,545.0
29,18481,545.0
29,18495,545.0
29,18521,545.0
29,18535,545.0
29,18553,545.0
29,18567,545.0
29,18595,545.0
29,18621,545.0
29,18623,545.0
29,18637,545.0
29,18655,545.0
29,18671,545.0
29,18685,545.0
29,18699,545.0
29,18727,545.0
29,18743,545.0
29,18745,545.0
29,18759,545.0
29,18775,545.0
29,18789,545.0
29,18817,545.0
29,18831,545.0
29,18845,545.0
29,18863,545.0
29,18891,545.0
29,18905,545.0
29,18907,545.0
29,18935,545.0
29,18949,545.0
29,18975,545.0
29,18989,545.0
29,18991,545.0
29,19005,545.0
29,19019,545.0
29,19047,545.0
29,19061,545.0
29,19089,545.0
29,19105,545.0
29,19121,545.0
29,19123,545.0
29,19141,545.0
29,19155,545.0
29,19189,545.0
29,19217,545.0
29,19245,545.0
29,19273,545.0
29,19287,545.0
29,19313,548.0
29,19341,548.0
29,19355,548.0
29,19381,548.0
29,19419,548.0
29,19421,548.0
29,19437,548.0
29,19465,548.0
29,19479,548.0
29,19493,548.0
29,19507,548.0
29,19509,548.0
29,19539,548.0
29,19569,548.0
29,19595,548.0
29,19609,548.0
29,19611,548.0
29,19627,548.0
29,19643,548.0
29,19645,548.0
29,19671,548.0
29,19673,548.0
29,19691,548.0
29,19719,548.0
29,19721,548.0
29,19751,548.0
29,19765,548.0
29,19779,548.0
29,19805,548.0
29,19831,548.0
29,19833,548.0
29,19863,548.0
29,19865,548.0
29,19891,548.0
29,19905,548.0
29,19907,548.0
29,19933,548.0
29,19949,548.0
29,19979,548.0
29,19993,548.0
29,20007,548.0
29,20033,548.0
29,20047,548.0
29,20049,548.0
29,20051,548.0
29,20065,548.0
29,20079,548.0
29,20093,548.0
29,20107,548.0
29,20137,548.0
29,20139,548.0
29,20169,548.0
29,20197,548.0
29,20213,548.0
29,20241,548.0
29,20243,548.0
29,20271,548.0
29,20301,548.0
29,20335,548.0
29,20349,548.0
29,20365,548.0
29,20393,548.0
29,20421,548.0
29,20447,548.0
29,20461,548.0
29,20479,548.0
29,20493,548.0
29,20521,548.0
29,20551,548.0
29,20579,548.0
29,20611,548.0
29,20643,548.0
29,20675,548.0
29,20677,548.0
29,20691,548.0
29,20705,548.0
29,20719,548.0
29,20735,548.0
29,20737,548.0
29,20765,548.0
29,20779,548.0
29,20793,548.0
29,20807,548.0
29,20821,548.0
29,20823,548.0
29,20851,548.0
29,20879,548.0
29,20881,548.0
29,20907,548.0
29,20921,548.0
29,20935,548.0
29,20965,548.0
29,20991,548.0
29,21005,548.0
29,21019,548.0
29,21047,548.0
29,21065,548.0
29,21091,548.0
29,21093,548.0
29,21125,548.0
29,21161,548.0
29,21187,548.0
29,21201,548.0
29,21227,548.0
29,21229,548.0
29,21259,548.0
29,21291,548.0
29,21311,548.0
29,21339,548.0
29,21365,548.0
29,21393,548.0
29,21395,548.0
29,21429,548.0
29,21443,548.0
29,21463,548.0
29,21479,548.0
29,21507,548.0
29,21509,548.0
29,21537,548.0
29,21539,548.0
29,21553,548.0
29,21567,548.0
29,21569,548.0
29,21583,548.0
29,21597,548.0
29,21619,548.0
29,21621,548.0
29,21651,548.0
29,21665,548.0
29,21679,548.0
29,21705,548.0
29,21735,548.0
30,11652,396.0
30,11666,396.0
30,11668,396.0
30,11670,396.0
30,11686,396.0
30,11700,396.0
30,11702,396.0
30,11704,396.0
30,12317,402.0
30,12335,402.0
30,12363,402.0
30,12377,402.0
30,12391,402.0
30,12405,402.0
30,12435,402.0
30,12437,402.0
30,12463,402.0
30,12479,402.0
30,12495,402.0
30,12521,429.0
30,12523,429.0
30,12549,429.0
30,12577,429.0
30,12591,429.0
30,12605,429.0
30,12619,429.0
30,12621,429.0
30,12639,429.0
30,12667,436.0
30,12681,436.0
30,12709,436.0
30,12735,436.0
30,12765,436.0
30,12781,436.0
30,12811,436.0
30,12827,436.0
30,12841,436.0
30,12869,461.0
30,12883,461.0
30,12897,461.0
30,12911,461.0
30,12939,461.0
30,12971,461.0
30,12997,461.0
30,13011,461.0
30,13039,480.0
30,13057,480.0
30,13085,480.0
30,13101,480.0
30,13131,483.0
30,13133,483.0
30,13135,483.0
30,13149,483.0
30,13179,483.0
30,13209,483.0
30,13227,483.0
30,13243,483.0
30,13259,483.0
30,13273,483.0
30,13289,483.0
30,13315,483.0
30,13329,483.0
30,13345,483.0
30,13347,483.0
30,13349,483.0
30,13351,483.0
30,13353,483.0
30,13383,483.0
30,13399,483.0
30,13413,483.0
30,13441,483.0
30,13467,483.0
30,13481,483.0
30,13497,483.0
30,13511,483.0
30,13525,483.0
30,13539,489.0
30,13571,489.0
30,13599,489.0
30,13617,489.0
30,13635,489.0
30,13651,489.0
30,13665,489.0
30,13667,489.0
30,13699,489.0
30,13713,489.0
30,13739,489.0
30,13767,489.0
30,13795,489.0
30,13823,489.0
30,13825,489.0
30,13839,489.0
30,13853,489.0
30,13855,489.0
30,13875,489.0
30,13877,489.0
30,13905,489.0
30,13921,489.0
30,13947,489.0
30,13963,489.0
30,13991,489.0
30,13993,489.0
30,14021,489.0
30,14035,489.0
30,14049,489.0
30,14075,489.0
30,14089,489.0
30,14117,494.0
30,14119,494.0
30,14145,494.0
30,14161,494.0
30,14175,494.0
30,14193,494.0
30,14225,494.0
30,14251,494.0
30,14279,494.0
30,14281,494.0
30,14283,494.0
30,14311,494.0
30,14327,494.0
30,14355,494.0
30,14369,501.0
30,14385,501.0
30,14415,501.0
30,14443,501.0
30,14457,501.0
30,14493,501.0
30,14519,501.0
30,14535,501.0
30,14553,501.0
30,14555,501.0
30,14583,501.0
30,14609,501.0
30,14611,501.0
30,14625,501.0
30,14639,501.0
30,14655,501.0
30,14681,501.0
30,14683,501.0
30,14699,501.0
30,14725,501.0
30,14741,501.0
30,14755,501.0
30,14769,501.0
30,14771,501.0
30,14787,501.0
30,14801,501.0
30,14829,516.0
30,14831,516.0
30,14861,516.0
30,14887,516.0
30,14913,516.0
30,14939,516.0
30,14953,516.0
30,14979,520.0
30,14993,520.0
30,15025,520.0
30,15039,520.0
30,15053,520.0
30,15055,520.0
30,15073,520.0
30,15099,520.0
30,15113,520.0
30,15127,520.0
30,15143,520.0
30,15159,520.0
30,15175,520.0
30,15201,520.0
30,15229,520.0
30,15243,520.0
30,15275,526.0
30,15301,526.0
30,15315,526.0
30,15331,526.0
30,15359,526.0
30,15385,526.0
30,15415,526.0
30,15447,526.0
30,15473,526.0
30,15503,526.0
30,15505,526.0
30,15519,526.0
30,15535,526.0
30,15549,526.0
30,15575,526.0
30,15577,526.0
30,15591,526.0
30,15609,526.0
30,15641,526.0
30,15643,526.0
30,15671,526.0
30,15697,526.0
30,15699,526.0
30,15701,526.0
30,15729,526.0
30,15743,526.0
30,15759,526.0
30,15761,526.0
30,15775,526.0
30,15777,526.0
30,15793,526.0
30,15809,526.0
30,15825,526.0
30,15841,526.0
30,15857,526.0
30,15889,526.0
30,15905,526.0
30,15919,526.0
30,15935,526.0
30,15965,526.0
30,15979,526.0
30,15993,526.0
30,16021,526.0
30,16035,526.0
30,16061,526.0
30,16077,526.0
30,16091,526.0
30,16105,526.0
30,16121,526.0
30,16135,526.0
30,16149,526.0
30,16165,526.0
30,16167,526.0
30,16181,526.0
30,16183,526.0
30,16197,526.0
30,16213,526.0
30,16241,526.0
30,16269,526.0
30,16283,526.0
30,16317,526.0
30,16335,526.0
30,16363,526.0
30,16377,526.0
30,16391,526.0
30,16405,526.0
30,16437,526.0
30,16451,526.0
30,16465,526.0
30,16479,526.0
30,16509,526.0
30,16525,526.0
30,16541,526.0
30,16571,526.0
30,16585,526.0
30,16613,526.0
30,16639,526.0
30,16657,526.0
30,16659,526.0
30,16673,526.0
30,16687,526.0
30,16719,526.0
30,16733,526.0
30,16735,526.0
30,16761,526.0
30,16775,526.0
30,16805,526.0
30,16821,526.0
30,16849,526.0
30,16877,526.0
30,16891,526.0
30,16905,526.0
30,16939,526.0
30,16955,526.0
30,16957,526.0
30,16973,526.0
30,17001,526.0
30,17015,526.0
30,17033,526.0
30,17059,526.0
30,17087,527.0
30,17089,527.0
30,17105,527.0
30,17119,527.0
30,17121,527.0
30,17123,527.0
30,17151,527.0
30,17153,527.0
30,17179,527.0
30,17195,527.0
30,17211,527.0
30,17225,527.0
30,17241,527.0
30,17273,527.0
30,17291,527.0
30,17305,527.0
30,17307,527.0
30,17333,527.0
30,17361,527.0
30,17375,527.0
30,17389,527.0
30,17391,527.0
30,17405,527.0
30,17419,527.0
30,17445,528.0
30,17471,529.0
30,17485,529.0
30,17501,529.0
30,17529,529.0
30,17531,529.0
30,17563,529.0
30,17589,529.0
30,17619,529.0
30,17633,529.0
30,17635,529.0
30,17663,531.0
30,17689,531.0
30,17705,531.0
30,17719,531.0
30,17735,531.0
30,17749,531.0
30,17763,531.0
30,17779,531.0
30,17795,531.0
30,17797,531.0
30,17823,531.0
30,17825,531.0
30,17853,531.0
30,17881,531.0
30,17895,531.0
30,17923,531.0
30,17937,531.0
30,17951,531.0
30,17953,531.0
30,17981,531.0
30,17997,531.0
30,18013,531.0
30,18015,531.0
30,18045,531.0
30,18059,531.0
30,18085,531.0
30,18087,531.0
30,18089,531.0
30,18091,531.0
30,18093,531.0
30,18107,531.0
30,18109,531.0
30,18123,531.0
30,18125,531.0
30,18139,531.0
30,18153,531.0
30,18155,531.0
30,18169,531.0
30,18171,531.0
30,18203,531.0
30,18217,531.0
30,18231,531.0
30,18245,531.0
30,18259,531.0
30,18273,531.0
30,18293,531.0
30,18321,531.0
30,18323,531.0
30,18357,531.0
30,18371,531.0
30,18385,531.0
30,18399,531.0
30,18413,531.0
30,18427,531.0
30,18455,538.0
30,18469,538.0
30,18483,540.0
30,18485,540.0
30,18511,540.0
30,18527,540.0
30,18541,540.0
30,18543,540.0
30,18573,540.0
30,18591,540.0
30,18621,540.0
30,18649,540.0
30,18651,540.0
30,18665,540.0
30,18667,540.0
30,18697,540.0
30,18727,540.0
30,18743,540.0
30,18761,540.0
30,18763,540.0
30,18765,540.0
30,18791,540.0
30,18807,540.0
30,18823,540.0
30,18837,540.0
30,18851,540.0
30,18879,540.0
30,18905,540.0
30,18923,540.0
30,18949,540.0
30,18963,540.0
30,18991,540.0
30,19019,540.0
30,19035,540.0
30,19049,540.0
30,19063,540.0
30,19077,540.0
30,19103,540.0
30,19117,540.0
30,19119,540.0
30,19133,540.0
30,19147,540.0
30,19161,540.0
30,19187,540.0
30,19201,540.0
30,19231,540.0
30,19233,540.0
30,19261,540.0
30,19289,540.0
30,19303,540.0
30,19317,540.0
30,19345,540.0
30,19377,540.0
30,19393,540.0
30,19407,540.0
30,19409,540.0
30,19439,540.0
30,19453,540.0
30,19469,540.0
30,19483,540.0
30,19509,540.0
30,19523,540.0
30,19549,540.0
30,19563,540.0
30,19577,540.0
30,19579,540.0
30,19607,540.0
30,19623,540.0
30,19639,540.0
30,19667,540.0
30,19681,540.0
30,19697,540.0
30,19725,540.0
30,19755,540.0
30,19771,540.0
30,19785,540.0
30,19811,544.0
30,19837,544.0
30,19865,544.0
30,19899,544.0
30,19919,544.0
30,19945,544.0
30,19959,544.0
30,19987,544.0
30,20015,544.0
30,20031,544.0
30,20033,544.0
30,20061,544.0
30,20091,544.0
30,20111,544.0
30,20113,544.0
30,20137,544.0
30,20151,544.0
30,20181,544.0
30,20195,544.0
30,20215,544.0
30,20243,544.0
30,20269,544.0
30,20283,544.0
30,20311,544.0
30,20325,544.0
30,20327,544.0
30,20355,544.0
30,20381,547.0
30,20397,547.0
30,20411,547.0
30,20425,547.0
30,20457,547.0
30,20485,547.0
30,20499,547.0
30,20513,548.0
30,20541,548.0
30,20557,548.0
30,20573,548.0
30,20603,548.0
30,20633,548.0
30,20665,548.0
30,20679,548.0
30,20709,548.0
30,20723,548.0
30,20737,548.0
30,20751,548.0
30,20783,548.0
30,20799,548.0
30,20815,548.0
30,20829,548.0
30,20831,548.0
30,20857,548.0
30,20859,548.0
30,20879,548.0
30,20905,548.0
30,20907,548.0
30,20935,548.0
30,20949,548.0
30,20963,548.0
30,20979,548.0
30,21007,548.0
30,21009,548.0
30,21023,548.0
30,21051,548.0
30,21081,548.0
30,21097,548.0
30,21111,548.0
30,21139,550.0
30,21141,550.0
30,21143,550.0
30,21171,550.0
30,21197,550.0
30,21225,550.0
30,21239,550.0
30,21255,550.0
30,21283,550.0
30,21313,550.0
30,21331,550.0
30,21345,550.0
30,21361,550.0
30,21363,550.0
30,21377,550.0
30,21391,550.0
30,21421,550.0
30,21435,550.0
30,21437,550.0
30,21451,550.0
30,21467,550.0
30,21495,550.0
30,21525,550.0
30,21539,550.0
30,21553,550.0
30,21555,550.0
30,21581,550.0
30,21611,550.0
30,21639,550.0
