evaluations raw_y
1 -219.0000000000
2 -195.0000000000
18 -194.0000000000
22 -193.0000000000
40 -192.0000000000
45 -189.0000000000
48 -186.0000000000
54 -182.0000000000
65 -177.0000000000
88 -176.0000000000
90 -175.0000000000
93 -174.0000000000
108 -171.0000000000
116 -168.0000000000
125 -166.0000000000
139 -164.0000000000
150 -162.0000000000
168 -161.0000000000
171 -160.0000000000
173 -159.0000000000
177 -158.0000000000
183 -155.0000000000
197 -152.0000000000
225 -151.0000000000
229 -150.0000000000
262 -149.0000000000
273 -148.0000000000
285 -147.0000000000
302 -146.0000000000
305 -145.0000000000
315 -144.0000000000
318 -143.0000000000
331 -142.0000000000
349 -141.0000000000
354 -140.0000000000
364 -137.0000000000
392 -136.0000000000
401 -135.0000000000
402 -134.0000000000
413 -133.0000000000
425 -132.0000000000
428 -131.0000000000
437 -130.0000000000
441 -129.0000000000
451 -128.0000000000
453 -127.0000000000
484 -126.0000000000
495 -125.0000000000
513 -124.0000000000
546 -122.0000000000
550 -121.0000000000
572 -120.0000000000
597 -118.0000000000
598 -117.0000000000
633 -116.0000000000
643 -115.0000000000
653 -114.0000000000
673 -113.0000000000
683 -112.0000000000
711 -110.0000000000
742 -109.0000000000
748 -107.0000000000
778 -106.0000000000
817 -105.0000000000
831 -104.0000000000
849 -103.0000000000
851 -102.0000000000
865 -101.0000000000
867 -100.0000000000
894 -99.0000000000
911 -98.0000000000
919 -97.0000000000
938 -96.0000000000
954 -95.0000000000
960 -94.0000000000
970 -92.0000000000
996 -91.0000000000
999 -90.0000000000
1019 -89.0000000000
1027 -88.0000000000
1040 -86.0000000000
1059 -85.0000000000
1063 -83.0000000000
1117 -82.0000000000
1134 -80.0000000000
1136 -79.0000000000
1162 -78.0000000000
1177 -77.0000000000
1180 -76.0000000000
1185 -75.0000000000
1223 -74.0000000000
1231 -73.0000000000
1256 -72.0000000000
1274 -71.0000000000
1279 -70.0000000000
1288 -69.0000000000
1348 -68.0000000000
1377 -67.0000000000
1390 -66.0000000000
1407 -65.0000000000
1422 -64.0000000000
1434 -63.0000000000
1453 -62.0000000000
1457 -61.0000000000
1482 -60.0000000000
1504 -59.0000000000
1519 -58.0000000000
1529 -57.0000000000
1553 -56.0000000000
1573 -55.0000000000
1575 -54.0000000000
1637 -53.0000000000
1656 -52.0000000000
1662 -51.0000000000
1682 -50.0000000000
1755 -49.0000000000
1810 -48.0000000000
1819 -47.0000000000
1855 -46.0000000000
1882 -45.0000000000
1893 -44.0000000000
1921 -43.0000000000
1942 -42.0000000000
1976 -41.0000000000
1990 -40.0000000000
1998 -39.0000000000
2059 -38.0000000000
2102 -37.0000000000
2137 -36.0000000000
2196 -35.0000000000
2211 -34.0000000000
2241 -33.0000000000
2296 -32.0000000000
2369 -31.0000000000
2403 -30.0000000000
2413 -29.0000000000
2435 -28.0000000000
2438 -27.0000000000
2466 -26.0000000000
2487 -25.0000000000
2505 -24.0000000000
2527 -23.0000000000
2535 -21.0000000000
2592 -20.0000000000
2596 -19.0000000000
2627 -18.0000000000
2715 -17.0000000000
2733 -16.0000000000
2771 -15.0000000000
2795 -14.0000000000
2886 -13.0000000000
2923 -12.0000000000
3042 -11.0000000000
3101 -10.0000000000
3213 -9.0000000000
3399 -8.0000000000
3535 -7.0000000000
3647 -6.0000000000
3765 -5.0000000000
3797 -4.0000000000
3826 -3.0000000000
3990 -2.0000000000
4441 -1.0000000000
4989 401.0000000000
5045 402.0000000000
5229 404.0000000000
8573 405.0000000000
9471 407.0000000000
10010 -1.0000000000
evaluations raw_y
1 -206.0000000000
3 -204.0000000000
7 -198.0000000000
17 -193.0000000000
25 -190.0000000000
36 -184.0000000000
42 -181.0000000000
55 -174.0000000000
59 -172.0000000000
64 -170.0000000000
70 -167.0000000000
71 -166.0000000000
75 -164.0000000000
88 -163.0000000000
95 -160.0000000000
115 -158.0000000000
118 -157.0000000000
121 -156.0000000000
135 -154.0000000000
137 -153.0000000000
164 -152.0000000000
167 -151.0000000000
174 -150.0000000000
180 -148.0000000000
207 -146.0000000000
218 -145.0000000000
231 -144.0000000000
235 -143.0000000000
238 -142.0000000000
240 -141.0000000000
251 -140.0000000000
282 -138.0000000000
308 -137.0000000000
312 -136.0000000000
327 -132.0000000000
361 -130.0000000000
399 -129.0000000000
415 -128.0000000000
419 -126.0000000000
443 -123.0000000000
466 -122.0000000000
476 -121.0000000000
484 -120.0000000000
511 -119.0000000000
515 -118.0000000000
533 -116.0000000000
545 -115.0000000000
566 -114.0000000000
575 -113.0000000000
624 -111.0000000000
640 -110.0000000000
641 -108.0000000000
674 -107.0000000000
679 -106.0000000000
703 -105.0000000000
736 -104.0000000000
764 -103.0000000000
775 -102.0000000000
805 -101.0000000000
845 -99.0000000000
863 -98.0000000000
903 -96.0000000000
909 -95.0000000000
943 -93.0000000000
949 -92.0000000000
967 -91.0000000000
970 -90.0000000000
986 -89.0000000000
992 -88.0000000000
1013 -87.0000000000
1021 -86.0000000000
1043 -85.0000000000
1046 -84.0000000000
1087 -83.0000000000
1099 -82.0000000000
1129 -81.0000000000
1140 -80.0000000000
1161 -79.0000000000
1165 -78.0000000000
1187 -76.0000000000
1200 -74.0000000000
1218 -73.0000000000
1252 -72.0000000000
1278 -71.0000000000
1301 -70.0000000000
1313 -69.0000000000
1330 -68.0000000000
1333 -67.0000000000
1334 -66.0000000000
1347 -65.0000000000
1388 -64.0000000000
1399 -63.0000000000
1400 -62.0000000000
1444 -61.0000000000
1457 -60.0000000000
1490 -59.0000000000
1511 -58.0000000000
1537 -56.0000000000
1594 -55.0000000000
1633 -54.0000000000
1636 -53.0000000000
1700 -52.0000000000
1723 -51.0000000000
1753 -50.0000000000
1762 -49.0000000000
1798 -48.0000000000
1832 -47.0000000000
1859 -46.0000000000
1881 -45.0000000000
1903 -44.0000000000
1948 -43.0000000000
1965 -42.0000000000
1980 -41.0000000000
1990 -40.0000000000
2026 -39.0000000000
2075 -38.0000000000
2110 -37.0000000000
2139 -36.0000000000
2158 -35.0000000000
2181 -34.0000000000
2202 -33.0000000000
2231 -32.0000000000
2258 -31.0000000000
2270 -30.0000000000
2316 -29.0000000000
2338 -28.0000000000
2339 -27.0000000000
2611 -26.0000000000
2676 -25.0000000000
2841 -23.0000000000
2908 -22.0000000000
2936 -21.0000000000
2951 -20.0000000000
3006 -19.0000000000
3041 -18.0000000000
3106 -17.0000000000
3170 -16.0000000000
3190 -15.0000000000
3235 -14.0000000000
3270 -13.0000000000
3342 -12.0000000000
3382 -11.0000000000
3485 -10.0000000000
3517 -9.0000000000
3756 -8.0000000000
3770 -7.0000000000
3882 -6.0000000000
3907 -5.0000000000
3952 -3.0000000000
3987 -2.0000000000
4160 -1.0000000000
4276 396.0000000000
5263 398.0000000000
5839 399.0000000000
5883 404.0000000000
6099 408.0000000000
7408 410.0000000000
8599 417.0000000000
10010 417.0000000000
evaluations raw_y
1 -236.0000000000
2 -217.0000000000
3 -213.0000000000
7 -212.0000000000
9 -210.0000000000
13 -202.0000000000
30 -193.0000000000
43 -182.0000000000
51 -181.0000000000
62 -178.0000000000
67 -175.0000000000
89 -173.0000000000
94 -169.0000000000
104 -166.0000000000
110 -163.0000000000
123 -161.0000000000
128 -160.0000000000
142 -158.0000000000
170 -157.0000000000
174 -156.0000000000
182 -155.0000000000
184 -154.0000000000
189 -152.0000000000
215 -151.0000000000
217 -150.0000000000
228 -148.0000000000
231 -147.0000000000
248 -146.0000000000
254 -145.0000000000
277 -144.0000000000
281 -142.0000000000
295 -141.0000000000
314 -140.0000000000
328 -139.0000000000
357 -138.0000000000
380 -137.0000000000
402 -136.0000000000
408 -135.0000000000
431 -134.0000000000
453 -133.0000000000
463 -132.0000000000
467 -131.0000000000
504 -129.0000000000
528 -128.0000000000
535 -127.0000000000
552 -126.0000000000
558 -125.0000000000
566 -124.0000000000
590 -123.0000000000
592 -120.0000000000
634 -118.0000000000
657 -117.0000000000
667 -114.0000000000
694 -113.0000000000
707 -112.0000000000
718 -111.0000000000
735 -109.0000000000
769 -108.0000000000
795 -106.0000000000
828 -105.0000000000
835 -104.0000000000
860 -103.0000000000
874 -102.0000000000
878 -100.0000000000
895 -99.0000000000
914 -98.0000000000
919 -97.0000000000
958 -96.0000000000
985 -95.0000000000
1010 -94.0000000000
1052 -93.0000000000
1072 -92.0000000000
1087 -91.0000000000
1112 -90.0000000000
1155 -89.0000000000
1178 -88.0000000000
1187 -87.0000000000
1230 -86.0000000000
1247 -85.0000000000
1273 -84.0000000000
1298 -83.0000000000
1310 -82.0000000000
1320 -81.0000000000
1352 -80.0000000000
1365 -78.0000000000
1376 -77.0000000000
1404 -76.0000000000
1447 -75.0000000000
1458 -74.0000000000
1475 -73.0000000000
1495 -72.0000000000
1548 -71.0000000000
1583 -70.0000000000
1608 -69.0000000000
1616 -68.0000000000
1647 -67.0000000000
1666 -66.0000000000
1669 -65.0000000000
1693 -64.0000000000
1738 -63.0000000000
1764 -62.0000000000
1790 -61.0000000000
1832 -60.0000000000
1880 -59.0000000000
1896 -58.0000000000
1923 -57.0000000000
1935 -56.0000000000
1954 -55.0000000000
1972 -54.0000000000
1987 -53.0000000000
2017 -52.0000000000
2072 -51.0000000000
2109 -50.0000000000
2111 -49.0000000000
2171 -48.0000000000
2199 -47.0000000000
2217 -46.0000000000
2231 -44.0000000000
2253 -43.0000000000
2273 -41.0000000000
2320 -40.0000000000
2322 -39.0000000000
2355 -38.0000000000
2377 -37.0000000000
2420 -36.0000000000
2505 -35.0000000000
2530 -33.0000000000
2591 -32.0000000000
2596 -31.0000000000
2644 -30.0000000000
2719 -29.0000000000
2722 -28.0000000000
2749 -27.0000000000
2802 -26.0000000000
2821 -25.0000000000
2863 -24.0000000000
2900 -23.0000000000
2943 -22.0000000000
2963 -21.0000000000
2986 -20.0000000000
2990 -19.0000000000
3025 -18.0000000000
3075 -17.0000000000
3076 -16.0000000000
3223 -15.0000000000
3311 -14.0000000000
3426 -13.0000000000
3467 -12.0000000000
3597 -11.0000000000
3643 -10.0000000000
3692 -9.0000000000
3735 -8.0000000000
3768 -7.0000000000
3925 -6.0000000000
3967 -5.0000000000
4036 -4.0000000000
4165 -3.0000000000
4269 -2.0000000000
4691 387.0000000000
5536 396.0000000000
5542 398.0000000000
6468 400.0000000000
8709 403.0000000000
10010 403.0000000000
evaluations raw_y
1 -215.0000000000
2 -196.0000000000
20 -195.0000000000
22 -192.0000000000
32 -190.0000000000
37 -184.0000000000
40 -177.0000000000
51 -175.0000000000
53 -170.0000000000
60 -168.0000000000
61 -166.0000000000
71 -165.0000000000
77 -163.0000000000
87 -161.0000000000
100 -160.0000000000
105 -158.0000000000
120 -157.0000000000
140 -154.0000000000
168 -153.0000000000
171 -151.0000000000
182 -150.0000000000
184 -148.0000000000
210 -146.0000000000
213 -145.0000000000
227 -143.0000000000
250 -142.0000000000
262 -141.0000000000
283 -138.0000000000
313 -137.0000000000
316 -136.0000000000
320 -135.0000000000
343 -134.0000000000
375 -132.0000000000
398 -131.0000000000
405 -130.0000000000
411 -129.0000000000
420 -128.0000000000
437 -127.0000000000
465 -126.0000000000
498 -125.0000000000
500 -124.0000000000
527 -123.0000000000
544 -122.0000000000
563 -121.0000000000
577 -118.0000000000
607 -117.0000000000
612 -115.0000000000
641 -113.0000000000
661 -112.0000000000
671 -111.0000000000
682 -110.0000000000
689 -109.0000000000
718 -108.0000000000
728 -107.0000000000
737 -106.0000000000
758 -105.0000000000
770 -104.0000000000
776 -103.0000000000
791 -102.0000000000
830 -101.0000000000
874 -100.0000000000
882 -99.0000000000
897 -98.0000000000
919 -95.0000000000
937 -94.0000000000
961 -93.0000000000
970 -92.0000000000
975 -91.0000000000
997 -90.0000000000
1007 -89.0000000000
1043 -88.0000000000
1051 -87.0000000000
1071 -86.0000000000
1072 -85.0000000000
1082 -84.0000000000
1097 -83.0000000000
1104 -82.0000000000
1133 -81.0000000000
1144 -80.0000000000
1147 -79.0000000000
1183 -78.0000000000
1217 -77.0000000000
1222 -76.0000000000
1248 -75.0000000000
1266 -74.0000000000
1291 -73.0000000000
1307 -72.0000000000
1331 -71.0000000000
1354 -69.0000000000
1385 -68.0000000000
1410 -67.0000000000
1421 -66.0000000000
1433 -65.0000000000
1472 -62.0000000000
1494 -61.0000000000
1514 -60.0000000000
1578 -59.0000000000
1612 -58.0000000000
1637 -57.0000000000
1647 -56.0000000000
1664 -55.0000000000
1675 -54.0000000000
1687 -53.0000000000
1703 -52.0000000000
1717 -50.0000000000
1742 -49.0000000000
1774 -48.0000000000
1800 -47.0000000000
1809 -46.0000000000
1818 -45.0000000000
1873 -44.0000000000
1895 -42.0000000000
1926 -41.0000000000
1934 -40.0000000000
1968 -39.0000000000
1995 -38.0000000000
2034 -37.0000000000
2169 -36.0000000000
2189 -35.0000000000
2268 -34.0000000000
2336 -33.0000000000
2361 -32.0000000000
2429 -31.0000000000
2458 -30.0000000000
2494 -29.0000000000
2554 -27.0000000000
2582 -26.0000000000
2606 -25.0000000000
2624 -24.0000000000
2685 -23.0000000000
2705 -22.0000000000
2764 -21.0000000000
2770 -20.0000000000
2839 -19.0000000000
2860 -18.0000000000
2978 -17.0000000000
3030 -16.0000000000
3112 -15.0000000000
3175 -14.0000000000
3270 -13.0000000000
3324 -12.0000000000
3351 -11.0000000000
3355 -10.0000000000
3398 -9.0000000000
3433 -8.0000000000
3736 -7.0000000000
3747 -6.0000000000
3786 -5.0000000000
3946 -4.0000000000
4143 -3.0000000000
4312 -2.0000000000
4348 -1.0000000000
4463 373.0000000000
4666 377.0000000000
4759 388.0000000000
7181 392.0000000000
7184 399.0000000000
7251 403.0000000000
8220 408.0000000000
8257 409.0000000000
8271 413.0000000000
9412 417.0000000000
10010 417.0000000000
evaluations raw_y
1 -219.0000000000
3 -213.0000000000
4 -208.0000000000
5 -206.0000000000
8 -204.0000000000
21 -203.0000000000
22 -201.0000000000
25 -200.0000000000
27 -199.0000000000
31 -192.0000000000
40 -180.0000000000
54 -174.0000000000
61 -172.0000000000
64 -170.0000000000
72 -162.0000000000
93 -160.0000000000
96 -159.0000000000
101 -158.0000000000
111 -156.0000000000
117 -155.0000000000
123 -154.0000000000
128 -150.0000000000
146 -149.0000000000
152 -148.0000000000
160 -147.0000000000
165 -145.0000000000
171 -144.0000000000
178 -143.0000000000
191 -141.0000000000
236 -140.0000000000
242 -139.0000000000
257 -138.0000000000
280 -137.0000000000
311 -136.0000000000
329 -135.0000000000
339 -134.0000000000
348 -132.0000000000
350 -131.0000000000
358 -130.0000000000
372 -129.0000000000
401 -128.0000000000
422 -127.0000000000
424 -126.0000000000
427 -125.0000000000
442 -124.0000000000
468 -123.0000000000
481 -122.0000000000
505 -121.0000000000
521 -120.0000000000
537 -119.0000000000
552 -118.0000000000
561 -117.0000000000
564 -116.0000000000
583 -115.0000000000
606 -114.0000000000
607 -113.0000000000
631 -112.0000000000
638 -111.0000000000
655 -110.0000000000
686 -109.0000000000
699 -108.0000000000
710 -107.0000000000
722 -106.0000000000
739 -105.0000000000
751 -104.0000000000
756 -103.0000000000
759 -102.0000000000
766 -101.0000000000
797 -100.0000000000
821 -99.0000000000
835 -98.0000000000
883 -97.0000000000
897 -96.0000000000
914 -95.0000000000
939 -94.0000000000
951 -93.0000000000
967 -92.0000000000
976 -91.0000000000
984 -90.0000000000
1035 -88.0000000000
1047 -87.0000000000
1080 -86.0000000000
1098 -84.0000000000
1115 -83.0000000000
1140 -82.0000000000
1145 -80.0000000000
1190 -79.0000000000
1217 -78.0000000000
1239 -77.0000000000
1254 -75.0000000000
1283 -73.0000000000
1291 -72.0000000000
1311 -71.0000000000
1348 -69.0000000000
1373 -68.0000000000
1381 -67.0000000000
1408 -66.0000000000
1415 -65.0000000000
1458 -64.0000000000
1486 -63.0000000000
1516 -62.0000000000
1545 -61.0000000000
1570 -60.0000000000
1589 -59.0000000000
1602 -58.0000000000
1633 -57.0000000000
1662 -56.0000000000
1711 -55.0000000000
1719 -54.0000000000
1720 -53.0000000000
1760 -52.0000000000
1771 -51.0000000000
1773 -50.0000000000
1785 -49.0000000000
1804 -48.0000000000
1822 -47.0000000000
1862 -46.0000000000
1971 -45.0000000000
2006 -44.0000000000
2059 -43.0000000000
2072 -42.0000000000
2090 -41.0000000000
2098 -38.0000000000
2127 -37.0000000000
2180 -36.0000000000
2223 -35.0000000000
2246 -33.0000000000
2261 -32.0000000000
2298 -31.0000000000
2337 -30.0000000000
2398 -29.0000000000
2422 -28.0000000000
2492 -27.0000000000
2504 -26.0000000000
2532 -25.0000000000
2590 -24.0000000000
2670 -23.0000000000
2694 -22.0000000000
2737 -21.0000000000
2862 -20.0000000000
2926 -19.0000000000
2984 -18.0000000000
3020 -17.0000000000
3046 -16.0000000000
3124 -15.0000000000
3204 -14.0000000000
3404 -13.0000000000
3547 -12.0000000000
3633 -11.0000000000
3800 -10.0000000000
3941 -9.0000000000
4051 -8.0000000000
4109 -7.0000000000
4189 -6.0000000000
4218 -5.0000000000
4615 -4.0000000000
4644 -3.0000000000
4675 -2.0000000000
4743 -1.0000000000
4793 372.0000000000
4804 379.0000000000
4920 386.0000000000
5028 389.0000000000
5087 391.0000000000
5233 393.0000000000
5246 397.0000000000
5600 402.0000000000
5764 407.0000000000
7332 410.0000000000
8329 412.0000000000
9562 414.0000000000
10010 414.0000000000
evaluations raw_y
1 -218.0000000000
3 -203.0000000000
30 -201.0000000000
31 -193.0000000000
49 -189.0000000000
50 -188.0000000000
57 -185.0000000000
70 -184.0000000000
71 -183.0000000000
86 -181.0000000000
98 -179.0000000000
114 -178.0000000000
124 -176.0000000000
146 -173.0000000000
156 -172.0000000000
173 -171.0000000000
182 -170.0000000000
189 -169.0000000000
216 -168.0000000000
223 -165.0000000000
239 -164.0000000000
263 -163.0000000000
284 -162.0000000000
289 -160.0000000000
303 -159.0000000000
334 -158.0000000000
348 -157.0000000000
380 -155.0000000000
390 -154.0000000000
402 -153.0000000000
409 -152.0000000000
431 -151.0000000000
449 -150.0000000000
466 -149.0000000000
498 -148.0000000000
503 -147.0000000000
510 -146.0000000000
532 -144.0000000000
543 -141.0000000000
565 -140.0000000000
579 -139.0000000000
590 -138.0000000000
601 -137.0000000000
610 -136.0000000000
619 -135.0000000000
638 -134.0000000000
663 -133.0000000000
686 -131.0000000000
707 -129.0000000000
733 -128.0000000000
745 -127.0000000000
766 -126.0000000000
769 -125.0000000000
771 -123.0000000000
794 -122.0000000000
803 -120.0000000000
827 -118.0000000000
849 -116.0000000000
856 -115.0000000000
888 -113.0000000000
910 -112.0000000000
921 -111.0000000000
945 -110.0000000000
948 -108.0000000000
978 -107.0000000000
984 -106.0000000000
993 -105.0000000000
1024 -104.0000000000
1029 -103.0000000000
1034 -102.0000000000
1040 -101.0000000000
1043 -100.0000000000
1055 -99.0000000000
1060 -97.0000000000
1083 -96.0000000000
1097 -94.0000000000
1127 -93.0000000000
1129 -92.0000000000
1140 -91.0000000000
1148 -90.0000000000
1166 -89.0000000000
1174 -88.0000000000
1189 -87.0000000000
1205 -85.0000000000
1243 -84.0000000000
1251 -83.0000000000
1277 -81.0000000000
1286 -80.0000000000
1315 -79.0000000000
1333 -78.0000000000
1354 -76.0000000000
1386 -75.0000000000
1406 -74.0000000000
1411 -73.0000000000
1433 -72.0000000000
1459 -71.0000000000
1485 -70.0000000000
1493 -69.0000000000
1516 -68.0000000000
1528 -67.0000000000
1569 -66.0000000000
1600 -65.0000000000
1619 -64.0000000000
1634 -63.0000000000
1640 -62.0000000000
1658 -59.0000000000
1698 -58.0000000000
1724 -57.0000000000
1752 -56.0000000000
1794 -55.0000000000
1852 -53.0000000000
1882 -52.0000000000
1897 -51.0000000000
1929 -50.0000000000
1949 -49.0000000000
1975 -48.0000000000
2018 -47.0000000000
2052 -45.0000000000
2073 -44.0000000000
2106 -43.0000000000
2149 -42.0000000000
2159 -41.0000000000
2172 -40.0000000000
2187 -39.0000000000
2192 -38.0000000000
2216 -36.0000000000
2266 -35.0000000000
2269 -34.0000000000
2297 -33.0000000000
2393 -32.0000000000
2418 -31.0000000000
2443 -30.0000000000
2444 -29.0000000000
2485 -27.0000000000
2496 -26.0000000000
2537 -25.0000000000
2567 -24.0000000000
2585 -23.0000000000
2603 -22.0000000000
2606 -21.0000000000
2649 -20.0000000000
2724 -19.0000000000
2769 -18.0000000000
2804 -17.0000000000
2862 -16.0000000000
2934 -15.0000000000
2993 -14.0000000000
3014 -13.0000000000
3034 -12.0000000000
3070 -11.0000000000
3164 -10.0000000000
3304 -9.0000000000
3432 -8.0000000000
3713 -7.0000000000
3788 -6.0000000000
3833 -5.0000000000
3857 -4.0000000000
4158 -3.0000000000
4195 -2.0000000000
4275 -1.0000000000
4407 386.0000000000
4990 392.0000000000
7209 401.0000000000
7518 403.0000000000
7598 406.0000000000
8492 410.0000000000
8536 413.0000000000
10010 413.0000000000
evaluations raw_y
1 -214.0000000000
2 -205.0000000000
4 -192.0000000000
22 -191.0000000000
30 -183.0000000000
40 -181.0000000000
52 -178.0000000000
54 -173.0000000000
74 -172.0000000000
82 -168.0000000000
89 -167.0000000000
104 -165.0000000000
112 -164.0000000000
134 -163.0000000000
147 -162.0000000000
149 -161.0000000000
169 -160.0000000000
190 -159.0000000000
195 -158.0000000000
211 -157.0000000000
225 -155.0000000000
230 -154.0000000000
246 -153.0000000000
263 -152.0000000000
267 -150.0000000000
279 -148.0000000000
298 -147.0000000000
302 -146.0000000000
309 -145.0000000000
312 -144.0000000000
324 -143.0000000000
337 -142.0000000000
355 -141.0000000000
370 -139.0000000000
372 -138.0000000000
403 -137.0000000000
414 -136.0000000000
418 -135.0000000000
425 -134.0000000000
428 -133.0000000000
432 -132.0000000000
439 -131.0000000000
445 -130.0000000000
477 -128.0000000000
492 -127.0000000000
507 -126.0000000000
527 -125.0000000000
540 -124.0000000000
551 -123.0000000000
561 -122.0000000000
584 -121.0000000000
611 -120.0000000000
618 -119.0000000000
631 -118.0000000000
651 -117.0000000000
653 -115.0000000000
704 -114.0000000000
736 -113.0000000000
749 -112.0000000000
777 -111.0000000000
789 -110.0000000000
791 -109.0000000000
813 -108.0000000000
832 -107.0000000000
845 -106.0000000000
866 -105.0000000000
885 -104.0000000000
896 -103.0000000000
921 -102.0000000000
940 -101.0000000000
943 -100.0000000000
979 -98.0000000000
996 -96.0000000000
1032 -95.0000000000
1033 -94.0000000000
1059 -93.0000000000
1078 -92.0000000000
1106 -91.0000000000
1117 -90.0000000000
1144 -89.0000000000
1152 -88.0000000000
1182 -87.0000000000
1186 -86.0000000000
1192 -85.0000000000
1202 -83.0000000000
1232 -82.0000000000
1234 -81.0000000000
1260 -80.0000000000
1294 -79.0000000000
1314 -78.0000000000
1327 -77.0000000000
1339 -76.0000000000
1347 -75.0000000000
1353 -74.0000000000
1400 -73.0000000000
1414 -72.0000000000
1419 -71.0000000000
1450 -70.0000000000
1460 -69.0000000000
1467 -68.0000000000
1510 -67.0000000000
1535 -66.0000000000
1545 -65.0000000000
1565 -64.0000000000
1579 -63.0000000000
1609 -62.0000000000
1624 -61.0000000000
1634 -60.0000000000
1648 -59.0000000000
1683 -58.0000000000
1689 -57.0000000000
1719 -56.0000000000
1734 -55.0000000000
1803 -54.0000000000
1828 -53.0000000000
1838 -52.0000000000
1868 -51.0000000000
1896 -50.0000000000
1917 -49.0000000000
1965 -48.0000000000
1982 -47.0000000000
2010 -46.0000000000
2023 -45.0000000000
2046 -44.0000000000
2056 -43.0000000000
2083 -42.0000000000
2116 -41.0000000000
2129 -40.0000000000
2155 -39.0000000000
2189 -38.0000000000
2216 -37.0000000000
2288 -36.0000000000
2333 -35.0000000000
2375 -34.0000000000
2405 -33.0000000000
2434 -32.0000000000
2470 -31.0000000000
2498 -30.0000000000
2510 -29.0000000000
2544 -28.0000000000
2549 -27.0000000000
2615 -26.0000000000
2635 -25.0000000000
2679 -24.0000000000
2712 -23.0000000000
2748 -22.0000000000
2772 -21.0000000000
2802 -20.0000000000
2875 -19.0000000000
3019 -18.0000000000
3134 -17.0000000000
3200 -16.0000000000
3233 -15.0000000000
3304 -14.0000000000
3328 -13.0000000000
3393 -12.0000000000
3449 -11.0000000000
3478 -10.0000000000
3511 -9.0000000000
3581 -8.0000000000
3616 -7.0000000000
3664 -6.0000000000
3698 -5.0000000000
3853 -4.0000000000
3874 -3.0000000000
4030 -2.0000000000
4171 -1.0000000000
4461 399.0000000000
6031 409.0000000000
7400 411.0000000000
7404 414.0000000000
7466 417.0000000000
7542 421.0000000000
10010 -2.0000000000
evaluations raw_y
1 -220.0000000000
2 -193.0000000000
18 -190.0000000000
29 -185.0000000000
38 -180.0000000000
54 -177.0000000000
57 -173.0000000000
63 -168.0000000000
70 -167.0000000000
80 -166.0000000000
81 -164.0000000000
89 -161.0000000000
101 -160.0000000000
106 -158.0000000000
138 -157.0000000000
139 -156.0000000000
146 -154.0000000000
159 -153.0000000000
167 -152.0000000000
180 -151.0000000000
194 -150.0000000000
201 -149.0000000000
208 -147.0000000000
250 -146.0000000000
258 -145.0000000000
265 -144.0000000000
287 -143.0000000000
309 -142.0000000000
339 -141.0000000000
351 -140.0000000000
365 -139.0000000000
372 -138.0000000000
381 -137.0000000000
391 -135.0000000000
409 -134.0000000000
431 -133.0000000000
468 -132.0000000000
475 -131.0000000000
479 -130.0000000000
486 -129.0000000000
497 -128.0000000000
506 -127.0000000000
510 -126.0000000000
530 -124.0000000000
557 -123.0000000000
574 -122.0000000000
581 -121.0000000000
611 -119.0000000000
630 -118.0000000000
632 -116.0000000000
639 -115.0000000000
644 -114.0000000000
661 -113.0000000000
669 -111.0000000000
681 -110.0000000000
686 -109.0000000000
707 -108.0000000000
717 -105.0000000000
737 -103.0000000000
772 -101.0000000000
794 -99.0000000000
812 -97.0000000000
830 -96.0000000000
839 -95.0000000000
853 -94.0000000000
884 -93.0000000000
906 -92.0000000000
924 -91.0000000000
940 -90.0000000000
955 -89.0000000000
971 -88.0000000000
997 -87.0000000000
1020 -86.0000000000
1041 -85.0000000000
1074 -83.0000000000
1078 -82.0000000000
1104 -81.0000000000
1115 -80.0000000000
1134 -79.0000000000
1149 -78.0000000000
1194 -77.0000000000
1219 -76.0000000000
1290 -75.0000000000
1307 -74.0000000000
1329 -73.0000000000
1356 -71.0000000000
1393 -70.0000000000
1417 -69.0000000000
1441 -68.0000000000
1470 -67.0000000000
1511 -66.0000000000
1554 -65.0000000000
1577 -64.0000000000
1600 -63.0000000000
1624 -62.0000000000
1643 -61.0000000000
1654 -60.0000000000
1660 -59.0000000000
1680 -58.0000000000
1709 -57.0000000000
1761 -56.0000000000
1767 -55.0000000000
1778 -53.0000000000
1804 -52.0000000000
1852 -51.0000000000
1871 -50.0000000000
1889 -48.0000000000
1929 -47.0000000000
1972 -46.0000000000
2007 -45.0000000000
2023 -44.0000000000
2059 -43.0000000000
2066 -42.0000000000
2087 -41.0000000000
2093 -40.0000000000
2121 -39.0000000000
2138 -38.0000000000
2160 -37.0000000000
2228 -36.0000000000
2262 -35.0000000000
2285 -34.0000000000
2304 -33.0000000000
2347 -32.0000000000
2359 -31.0000000000
2373 -30.0000000000
2385 -29.0000000000
2406 -28.0000000000
2464 -27.0000000000
2506 -26.0000000000
2611 -25.0000000000
2682 -24.0000000000
2698 -23.0000000000
2746 -22.0000000000
2751 -21.0000000000
2816 -20.0000000000
2865 -19.0000000000
2902 -18.0000000000
2949 -17.0000000000
3051 -16.0000000000
3109 -15.0000000000
3215 -14.0000000000
3266 -13.0000000000
3325 -12.0000000000
3362 -11.0000000000
3394 -10.0000000000
3520 -9.0000000000
3566 -8.0000000000
3658 -7.0000000000
3838 -6.0000000000
3864 -5.0000000000
3976 -4.0000000000
4274 -3.0000000000
4570 -2.0000000000
4666 -1.0000000000
4953 380.0000000000
5611 387.0000000000
5669 389.0000000000
5725 396.0000000000
6245 404.0000000000
7916 406.0000000000
10010 -1.0000000000
evaluations raw_y
1 -233.0000000000
2 -208.0000000000
3 -207.0000000000
8 -204.0000000000
13 -202.0000000000
33 -201.0000000000
36 -195.0000000000
43 -192.0000000000
48 -185.0000000000
60 -184.0000000000
71 -183.0000000000
75 -180.0000000000
77 -179.0000000000
81 -177.0000000000
85 -175.0000000000
86 -174.0000000000
98 -173.0000000000
102 -171.0000000000
105 -170.0000000000
115 -167.0000000000
119 -166.0000000000
120 -165.0000000000
129 -164.0000000000
138 -163.0000000000
139 -162.0000000000
149 -161.0000000000
162 -160.0000000000
175 -159.0000000000
186 -158.0000000000
200 -157.0000000000
218 -156.0000000000
243 -155.0000000000
262 -154.0000000000
274 -153.0000000000
300 -151.0000000000
312 -150.0000000000
317 -149.0000000000
336 -147.0000000000
359 -146.0000000000
367 -145.0000000000
403 -143.0000000000
416 -141.0000000000
430 -140.0000000000
458 -139.0000000000
478 -138.0000000000
493 -137.0000000000
511 -136.0000000000
525 -135.0000000000
542 -134.0000000000
563 -132.0000000000
578 -130.0000000000
596 -129.0000000000
608 -128.0000000000
635 -127.0000000000
667 -126.0000000000
702 -125.0000000000
703 -124.0000000000
739 -123.0000000000
766 -122.0000000000
772 -121.0000000000
789 -120.0000000000
802 -118.0000000000
825 -116.0000000000
835 -115.0000000000
850 -113.0000000000
879 -111.0000000000
891 -110.0000000000
901 -109.0000000000
903 -108.0000000000
910 -107.0000000000
917 -106.0000000000
958 -104.0000000000
964 -103.0000000000
982 -102.0000000000
996 -101.0000000000
997 -100.0000000000
1015 -99.0000000000
1052 -98.0000000000
1071 -97.0000000000
1083 -96.0000000000
1091 -95.0000000000
1140 -94.0000000000
1156 -93.0000000000
1172 -92.0000000000
1210 -91.0000000000
1225 -90.0000000000
1235 -89.0000000000
1238 -87.0000000000
1261 -86.0000000000
1274 -85.0000000000
1324 -84.0000000000
1352 -83.0000000000
1366 -82.0000000000
1383 -81.0000000000
1389 -80.0000000000
1469 -79.0000000000
1505 -78.0000000000
1524 -76.0000000000
1551 -75.0000000000
1555 -74.0000000000
1556 -73.0000000000
1595 -72.0000000000
1611 -71.0000000000
1620 -70.0000000000
1622 -69.0000000000
1635 -67.0000000000
1678 -66.0000000000
1716 -65.0000000000
1734 -64.0000000000
1761 -63.0000000000
1803 -62.0000000000
1814 -61.0000000000
1843 -59.0000000000
1888 -58.0000000000
1901 -57.0000000000
1926 -56.0000000000
1937 -55.0000000000
1963 -53.0000000000
1981 -52.0000000000
1992 -51.0000000000
2017 -50.0000000000
2048 -48.0000000000
2055 -47.0000000000
2079 -46.0000000000
2089 -45.0000000000
2130 -44.0000000000
2132 -43.0000000000
2172 -42.0000000000
2195 -41.0000000000
2197 -40.0000000000
2225 -39.0000000000
2301 -38.0000000000
2402 -37.0000000000
2441 -36.0000000000
2470 -35.0000000000
2475 -34.0000000000
2489 -33.0000000000
2527 -31.0000000000
2558 -30.0000000000
2609 -29.0000000000
2617 -27.0000000000
2663 -26.0000000000
2666 -25.0000000000
2717 -24.0000000000
2762 -23.0000000000
2829 -22.0000000000
2847 -21.0000000000
2904 -20.0000000000
2915 -19.0000000000
2946 -18.0000000000
3087 -17.0000000000
3211 -16.0000000000
3302 -15.0000000000
3319 -14.0000000000
3352 -13.0000000000
3372 -12.0000000000
3402 -11.0000000000
3445 -10.0000000000
3490 -9.0000000000
3572 -8.0000000000
3594 -7.0000000000
3653 -6.0000000000
3723 -5.0000000000
3770 -4.0000000000
3938 -3.0000000000
4160 -2.0000000000
4173 -1.0000000000
4251 389.0000000000
4550 394.0000000000
4598 398.0000000000
4604 401.0000000000
5921 411.0000000000
5978 413.0000000000
7357 414.0000000000
9915 420.0000000000
10010 414.0000000000
evaluations raw_y
1 -222.0000000000
2 -214.0000000000
3 -196.0000000000
23 -193.0000000000
35 -189.0000000000
41 -186.0000000000
49 -183.0000000000
53 -181.0000000000
68 -178.0000000000
76 -176.0000000000
92 -175.0000000000
93 -174.0000000000
105 -172.0000000000
121 -171.0000000000
123 -169.0000000000
148 -168.0000000000
159 -166.0000000000
177 -165.0000000000
186 -164.0000000000
189 -163.0000000000
198 -162.0000000000
209 -161.0000000000
220 -160.0000000000
234 -159.0000000000
243 -158.0000000000
283 -157.0000000000
306 -156.0000000000
334 -155.0000000000
345 -154.0000000000
349 -153.0000000000
377 -152.0000000000
411 -151.0000000000
419 -150.0000000000
430 -149.0000000000
433 -148.0000000000
456 -145.0000000000
478 -143.0000000000
499 -142.0000000000
516 -141.0000000000
528 -140.0000000000
561 -139.0000000000
562 -138.0000000000
586 -137.0000000000
599 -136.0000000000
618 -135.0000000000
644 -134.0000000000
650 -133.0000000000
673 -132.0000000000
687 -131.0000000000
691 -130.0000000000
718 -129.0000000000
732 -128.0000000000
746 -127.0000000000
748 -126.0000000000
752 -125.0000000000
771 -124.0000000000
773 -123.0000000000
818 -122.0000000000
819 -121.0000000000
828 -120.0000000000
834 -119.0000000000
846 -118.0000000000
868 -117.0000000000
872 -116.0000000000
873 -115.0000000000
896 -114.0000000000
909 -113.0000000000
911 -112.0000000000
959 -111.0000000000
990 -110.0000000000
1012 -109.0000000000
1040 -108.0000000000
1075 -107.0000000000
1079 -106.0000000000
1093 -105.0000000000
1129 -104.0000000000
1152 -103.0000000000
1178 -102.0000000000
1203 -100.0000000000
1241 -99.0000000000
1247 -97.0000000000
1257 -96.0000000000
1272 -95.0000000000
1321 -94.0000000000
1336 -93.0000000000
1388 -92.0000000000
1406 -91.0000000000
1422 -90.0000000000
1432 -89.0000000000
1433 -88.0000000000
1464 -87.0000000000
1484 -86.0000000000
1505 -85.0000000000
1519 -84.0000000000
1556 -83.0000000000
1588 -82.0000000000
1606 -80.0000000000
1652 -79.0000000000
1673 -78.0000000000
1705 -77.0000000000
1720 -76.0000000000
1730 -75.0000000000
1747 -74.0000000000
1751 -73.0000000000
1775 -71.0000000000
1783 -70.0000000000
1805 -69.0000000000
1827 -68.0000000000
1838 -67.0000000000
1846 -66.0000000000
1859 -65.0000000000
1873 -64.0000000000
1896 -63.0000000000
1944 -60.0000000000
1986 -59.0000000000
1987 -58.0000000000
2051 -57.0000000000
2063 -56.0000000000
2075 -55.0000000000
2097 -54.0000000000
2118 -53.0000000000
2164 -52.0000000000
2176 -50.0000000000
2202 -49.0000000000
2225 -48.0000000000
2291 -47.0000000000
2315 -46.0000000000
2323 -45.0000000000
2358 -44.0000000000
2393 -43.0000000000
2481 -42.0000000000
2497 -41.0000000000
2529 -40.0000000000
2595 -39.0000000000
2638 -38.0000000000
2641 -37.0000000000
2701 -36.0000000000
2725 -35.0000000000
2738 -34.0000000000
2768 -33.0000000000
2835 -32.0000000000
2912 -31.0000000000
2997 -30.0000000000
3007 -28.0000000000
3033 -27.0000000000
3110 -26.0000000000
3271 -25.0000000000
3285 -24.0000000000
3338 -23.0000000000
3391 -22.0000000000
3397 -21.0000000000
3414 -20.0000000000
3519 -19.0000000000
3560 -18.0000000000
3580 -17.0000000000
3642 -16.0000000000
3713 -15.0000000000
3729 -14.0000000000
3747 -13.0000000000
3763 -12.0000000000
3770 -11.0000000000
3807 -10.0000000000
3859 -9.0000000000
3934 -8.0000000000
3957 -7.0000000000
3994 -6.0000000000
4062 -5.0000000000
4213 -4.0000000000
4367 -3.0000000000
4400 -2.0000000000
4456 -1.0000000000
4497 385.0000000000
4615 396.0000000000
5877 400.0000000000
5888 402.0000000000
8764 406.0000000000
10010 406.0000000000
evaluations raw_y
1 -231.0000000000
2 -203.0000000000
7 -194.0000000000
10 -191.0000000000
18 -190.0000000000
28 -189.0000000000
29 -186.0000000000
36 -184.0000000000
52 -183.0000000000
57 -182.0000000000
59 -181.0000000000
66 -179.0000000000
67 -178.0000000000
72 -175.0000000000
100 -174.0000000000
103 -172.0000000000
114 -171.0000000000
121 -168.0000000000
162 -166.0000000000
185 -165.0000000000
196 -164.0000000000
215 -163.0000000000
229 -162.0000000000
238 -160.0000000000
251 -159.0000000000
275 -158.0000000000
280 -156.0000000000
295 -154.0000000000
318 -153.0000000000
326 -151.0000000000
334 -150.0000000000
348 -149.0000000000
365 -148.0000000000
379 -147.0000000000
399 -146.0000000000
418 -145.0000000000
443 -144.0000000000
453 -143.0000000000
480 -142.0000000000
500 -140.0000000000
521 -136.0000000000
544 -135.0000000000
563 -134.0000000000
572 -133.0000000000
593 -132.0000000000
602 -131.0000000000
616 -130.0000000000
634 -128.0000000000
649 -127.0000000000
676 -126.0000000000
681 -125.0000000000
683 -124.0000000000
706 -123.0000000000
712 -122.0000000000
738 -121.0000000000
750 -120.0000000000
777 -118.0000000000
790 -117.0000000000
795 -116.0000000000
844 -115.0000000000
865 -113.0000000000
920 -112.0000000000
934 -111.0000000000
944 -109.0000000000
945 -108.0000000000
970 -107.0000000000
972 -105.0000000000
991 -104.0000000000
992 -103.0000000000
1030 -102.0000000000
1032 -101.0000000000
1060 -100.0000000000
1100 -99.0000000000
1113 -98.0000000000
1119 -97.0000000000
1142 -96.0000000000
1155 -95.0000000000
1161 -94.0000000000
1166 -93.0000000000
1186 -92.0000000000
1195 -91.0000000000
1211 -90.0000000000
1223 -88.0000000000
1226 -87.0000000000
1241 -86.0000000000
1245 -85.0000000000
1317 -84.0000000000
1360 -83.0000000000
1388 -82.0000000000
1400 -81.0000000000
1423 -80.0000000000
1429 -79.0000000000
1456 -78.0000000000
1495 -77.0000000000
1499 -76.0000000000
1501 -74.0000000000
1538 -73.0000000000
1553 -72.0000000000
1574 -71.0000000000
1609 -70.0000000000
1623 -69.0000000000
1643 -68.0000000000
1644 -67.0000000000
1669 -65.0000000000
1696 -64.0000000000
1698 -63.0000000000
1710 -62.0000000000
1720 -61.0000000000
1744 -60.0000000000
1769 -59.0000000000
1774 -58.0000000000
1796 -57.0000000000
1826 -56.0000000000
1906 -55.0000000000
1958 -54.0000000000
2014 -53.0000000000
2046 -52.0000000000
2080 -51.0000000000
2104 -50.0000000000
2110 -49.0000000000
2123 -48.0000000000
2186 -47.0000000000
2213 -46.0000000000
2253 -45.0000000000
2281 -44.0000000000
2298 -43.0000000000
2334 -42.0000000000
2365 -41.0000000000
2394 -40.0000000000
2457 -39.0000000000
2524 -38.0000000000
2579 -37.0000000000
2601 -36.0000000000
2628 -35.0000000000
2713 -34.0000000000
2728 -33.0000000000
2791 -32.0000000000
2806 -31.0000000000
2817 -29.0000000000
2873 -28.0000000000
2953 -27.0000000000
2972 -26.0000000000
3047 -25.0000000000
3077 -24.0000000000
3103 -23.0000000000
3129 -22.0000000000
3305 -21.0000000000
3350 -20.0000000000
3366 -19.0000000000
3445 -18.0000000000
3475 -17.0000000000
3492 -16.0000000000
3540 -15.0000000000
3581 -14.0000000000
3613 -13.0000000000
3673 -12.0000000000
3729 -11.0000000000
3746 -10.0000000000
3767 -9.0000000000
3806 -8.0000000000
3829 -7.0000000000
3831 -6.0000000000
3858 -5.0000000000
3907 -4.0000000000
3923 -3.0000000000
3965 -2.0000000000
4035 -1.0000000000
4080 379.0000000000
4164 380.0000000000
4225 385.0000000000
5108 397.0000000000
5452 403.0000000000
5510 412.0000000000
6913 414.0000000000
7863 417.0000000000
10010 -1.0000000000
evaluations raw_y
1 -219.0000000000
4 -206.0000000000
9 -195.0000000000
16 -192.0000000000
23 -188.0000000000
31 -187.0000000000
33 -186.0000000000
35 -185.0000000000
41 -184.0000000000
46 -179.0000000000
65 -173.0000000000
70 -172.0000000000
91 -171.0000000000
95 -169.0000000000
102 -168.0000000000
104 -167.0000000000
127 -166.0000000000
137 -163.0000000000
141 -160.0000000000
157 -159.0000000000
162 -158.0000000000
172 -155.0000000000
205 -154.0000000000
211 -153.0000000000
216 -152.0000000000
231 -150.0000000000
257 -149.0000000000
268 -148.0000000000
279 -147.0000000000
293 -146.0000000000
323 -145.0000000000
343 -144.0000000000
366 -143.0000000000
385 -142.0000000000
390 -141.0000000000
398 -140.0000000000
412 -139.0000000000
432 -138.0000000000
441 -136.0000000000
485 -135.0000000000
489 -134.0000000000
520 -133.0000000000
552 -132.0000000000
579 -131.0000000000
583 -130.0000000000
586 -129.0000000000
618 -128.0000000000
620 -127.0000000000
635 -126.0000000000
663 -125.0000000000
681 -124.0000000000
683 -123.0000000000
688 -122.0000000000
726 -121.0000000000
743 -120.0000000000
747 -118.0000000000
771 -117.0000000000
785 -113.0000000000
802 -112.0000000000
809 -111.0000000000
810 -110.0000000000
849 -109.0000000000
851 -108.0000000000
861 -107.0000000000
867 -106.0000000000
882 -105.0000000000
896 -104.0000000000
921 -103.0000000000
939 -102.0000000000
950 -101.0000000000
960 -100.0000000000
969 -99.0000000000
981 -98.0000000000
983 -97.0000000000
1012 -96.0000000000
1030 -95.0000000000
1041 -94.0000000000
1046 -93.0000000000
1072 -91.0000000000
1077 -89.0000000000
1096 -88.0000000000
1110 -86.0000000000
1127 -85.0000000000
1146 -84.0000000000
1153 -83.0000000000
1185 -82.0000000000
1208 -81.0000000000
1238 -79.0000000000
1241 -78.0000000000
1245 -77.0000000000
1290 -76.0000000000
1330 -75.0000000000
1344 -74.0000000000
1371 -73.0000000000
1401 -72.0000000000
1419 -70.0000000000
1471 -69.0000000000
1550 -67.0000000000
1605 -66.0000000000
1620 -65.0000000000
1630 -64.0000000000
1648 -63.0000000000
1698 -62.0000000000
1712 -61.0000000000
1746 -60.0000000000
1772 -59.0000000000
1830 -58.0000000000
1835 -57.0000000000
1857 -56.0000000000
1899 -55.0000000000
1911 -54.0000000000
1933 -53.0000000000
1981 -52.0000000000
2029 -51.0000000000
2035 -50.0000000000
2061 -49.0000000000
2095 -48.0000000000
2113 -47.0000000000
2117 -46.0000000000
2137 -45.0000000000
2157 -44.0000000000
2168 -43.0000000000
2182 -42.0000000000
2199 -41.0000000000
2213 -40.0000000000
2248 -39.0000000000
2254 -38.0000000000
2268 -37.0000000000
2342 -36.0000000000
2385 -35.0000000000
2397 -34.0000000000
2409 -33.0000000000
2447 -32.0000000000
2458 -31.0000000000
2488 -30.0000000000
2528 -29.0000000000
2559 -28.0000000000
2595 -27.0000000000
2688 -26.0000000000
2728 -25.0000000000
2792 -24.0000000000
2822 -23.0000000000
2862 -22.0000000000
2897 -21.0000000000
3021 -20.0000000000
3089 -19.0000000000
3117 -18.0000000000
3162 -17.0000000000
3193 -16.0000000000
3217 -15.0000000000
3318 -14.0000000000
3386 -13.0000000000
3506 -12.0000000000
3591 -11.0000000000
3642 -10.0000000000
3773 -9.0000000000
3850 -8.0000000000
3903 -7.0000000000
3985 -6.0000000000
4043 -5.0000000000
4165 -4.0000000000
4235 -3.0000000000
4275 -2.0000000000
4324 -1.0000000000
4361 386.0000000000
7413 396.0000000000
8096 400.0000000000
8130 414.0000000000
10010 -1.0000000000
evaluations raw_y
1 -217.0000000000
3 -190.0000000000
34 -180.0000000000
53 -173.0000000000
64 -172.0000000000
65 -169.0000000000
72 -165.0000000000
87 -162.0000000000
103 -161.0000000000
107 -156.0000000000
108 -149.0000000000
137 -147.0000000000
152 -146.0000000000
154 -145.0000000000
167 -144.0000000000
169 -142.0000000000
180 -141.0000000000
182 -140.0000000000
209 -139.0000000000
217 -137.0000000000
240 -136.0000000000
263 -135.0000000000
278 -132.0000000000
292 -131.0000000000
300 -129.0000000000
311 -128.0000000000
318 -127.0000000000
335 -126.0000000000
353 -125.0000000000
359 -123.0000000000
389 -122.0000000000
396 -121.0000000000
414 -120.0000000000
415 -119.0000000000
422 -118.0000000000
428 -117.0000000000
449 -116.0000000000
450 -115.0000000000
471 -113.0000000000
489 -112.0000000000
519 -111.0000000000
530 -110.0000000000
539 -109.0000000000
570 -108.0000000000
574 -107.0000000000
590 -106.0000000000
602 -105.0000000000
620 -104.0000000000
653 -103.0000000000
663 -102.0000000000
722 -101.0000000000
730 -100.0000000000
742 -99.0000000000
763 -98.0000000000
777 -97.0000000000
780 -96.0000000000
801 -95.0000000000
808 -94.0000000000
827 -93.0000000000
828 -91.0000000000
860 -90.0000000000
869 -89.0000000000
880 -88.0000000000
884 -87.0000000000
934 -86.0000000000
961 -84.0000000000
969 -83.0000000000
999 -82.0000000000
1008 -81.0000000000
1030 -80.0000000000
1036 -79.0000000000
1081 -78.0000000000
1089 -77.0000000000
1101 -76.0000000000
1112 -74.0000000000
1126 -73.0000000000
1140 -72.0000000000
1174 -71.0000000000
1182 -69.0000000000
1209 -68.0000000000
1225 -67.0000000000
1251 -65.0000000000
1273 -64.0000000000
1275 -63.0000000000
1314 -62.0000000000
1319 -61.0000000000
1364 -60.0000000000
1393 -59.0000000000
1420 -58.0000000000
1446 -56.0000000000
1571 -55.0000000000
1618 -54.0000000000
1637 -53.0000000000
1650 -52.0000000000
1655 -51.0000000000
1694 -50.0000000000
1703 -49.0000000000
1738 -48.0000000000
1755 -47.0000000000
1788 -46.0000000000
1826 -45.0000000000
1857 -44.0000000000
1907 -43.0000000000
1928 -42.0000000000
1936 -41.0000000000
1977 -40.0000000000
1997 -39.0000000000
2102 -38.0000000000
2135 -37.0000000000
2149 -36.0000000000
2197 -35.0000000000
2307 -34.0000000000
2325 -33.0000000000
2334 -31.0000000000
2381 -30.0000000000
2401 -28.0000000000
2429 -27.0000000000
2475 -26.0000000000
2519 -25.0000000000
2554 -24.0000000000
2580 -23.0000000000
2626 -22.0000000000
2660 -21.0000000000
2755 -20.0000000000
2810 -19.0000000000
2823 -18.0000000000
2958 -17.0000000000
3042 -16.0000000000
3122 -15.0000000000
3152 -14.0000000000
3315 -13.0000000000
3363 -12.0000000000
3443 -11.0000000000
3505 -10.0000000000
3549 -9.0000000000
3564 -8.0000000000
3603 -7.0000000000
3722 -6.0000000000
3778 -5.0000000000
3784 -4.0000000000
3840 -3.0000000000
3868 -2.0000000000
4112 -1.0000000000
4377 402.0000000000
7471 411.0000000000
7511 412.0000000000
10010 412.0000000000
evaluations raw_y
1 -213.0000000000
3 -207.0000000000
5 -202.0000000000
16 -197.0000000000
19 -189.0000000000
42 -182.0000000000
61 -179.0000000000
81 -175.0000000000
88 -174.0000000000
100 -173.0000000000
103 -172.0000000000
123 -171.0000000000
131 -170.0000000000
147 -169.0000000000
156 -168.0000000000
158 -167.0000000000
170 -166.0000000000
173 -165.0000000000
192 -164.0000000000
193 -163.0000000000
199 -162.0000000000
217 -161.0000000000
239 -160.0000000000
247 -159.0000000000
272 -158.0000000000
294 -155.0000000000
331 -153.0000000000
337 -152.0000000000
366 -150.0000000000
391 -149.0000000000
408 -148.0000000000
424 -147.0000000000
448 -146.0000000000
457 -145.0000000000
479 -144.0000000000
497 -143.0000000000
505 -142.0000000000
516 -141.0000000000
517 -140.0000000000
552 -139.0000000000
563 -138.0000000000
564 -137.0000000000
569 -136.0000000000
591 -133.0000000000
611 -132.0000000000
622 -131.0000000000
624 -128.0000000000
644 -127.0000000000
660 -126.0000000000
698 -125.0000000000
711 -123.0000000000
727 -122.0000000000
730 -121.0000000000
756 -120.0000000000
760 -118.0000000000
778 -117.0000000000
780 -116.0000000000
795 -114.0000000000
806 -113.0000000000
832 -112.0000000000
834 -111.0000000000
839 -109.0000000000
864 -107.0000000000
883 -106.0000000000
886 -104.0000000000
895 -103.0000000000
921 -102.0000000000
931 -101.0000000000
966 -100.0000000000
969 -99.0000000000
983 -98.0000000000
1005 -97.0000000000
1030 -96.0000000000
1033 -95.0000000000
1056 -94.0000000000
1079 -93.0000000000
1082 -92.0000000000
1094 -91.0000000000
1124 -90.0000000000
1127 -88.0000000000
1133 -85.0000000000
1160 -84.0000000000
1186 -83.0000000000
1192 -82.0000000000
1216 -81.0000000000
1244 -80.0000000000
1281 -79.0000000000
1295 -78.0000000000
1313 -77.0000000000
1332 -76.0000000000
1368 -75.0000000000
1411 -74.0000000000
1418 -73.0000000000
1421 -72.0000000000
1466 -71.0000000000
1498 -70.0000000000
1535 -69.0000000000
1555 -68.0000000000
1571 -67.0000000000
1602 -66.0000000000
1650 -65.0000000000
1672 -64.0000000000
1681 -62.0000000000
1732 -61.0000000000
1745 -60.0000000000
1762 -58.0000000000
1808 -57.0000000000
1855 -56.0000000000
1896 -55.0000000000
1905 -54.0000000000
1918 -53.0000000000
1941 -52.0000000000
1962 -51.0000000000
1982 -50.0000000000
1987 -49.0000000000
2024 -48.0000000000
2053 -47.0000000000
2126 -46.0000000000
2146 -45.0000000000
2155 -44.0000000000
2168 -43.0000000000
2172 -42.0000000000
2202 -40.0000000000
2229 -39.0000000000
2242 -38.0000000000
2291 -37.0000000000
2341 -36.0000000000
2403 -35.0000000000
2404 -34.0000000000
2434 -33.0000000000
2451 -32.0000000000
2471 -31.0000000000
2487 -30.0000000000
2488 -29.0000000000
2534 -28.0000000000
2570 -27.0000000000
2631 -26.0000000000
2658 -25.0000000000
2697 -24.0000000000
2706 -23.0000000000
2752 -22.0000000000
2860 -21.0000000000
2942 -20.0000000000
2983 -18.0000000000
3013 -16.0000000000
3096 -15.0000000000
3100 -14.0000000000
3146 -13.0000000000
3172 -12.0000000000
3287 -11.0000000000
3441 -10.0000000000
3482 -9.0000000000
3757 -8.0000000000
3862 -7.0000000000
3985 -6.0000000000
4122 -5.0000000000
4265 -4.0000000000
4416 -3.0000000000
4440 -2.0000000000
4487 -1.0000000000
4602 386.0000000000
5316 392.0000000000
6074 398.0000000000
7213 399.0000000000
8435 400.0000000000
8756 403.0000000000
8936 405.0000000000
10010 -1.0000000000
evaluations raw_y
1 -213.0000000000
4 -205.0000000000
9 -204.0000000000
15 -202.0000000000
20 -198.0000000000
22 -195.0000000000
33 -189.0000000000
46 -187.0000000000
47 -186.0000000000
48 -184.0000000000
49 -183.0000000000
52 -179.0000000000
60 -176.0000000000
65 -172.0000000000
79 -170.0000000000
81 -164.0000000000
95 -163.0000000000
99 -160.0000000000
104 -158.0000000000
109 -157.0000000000
121 -155.0000000000
126 -154.0000000000
134 -153.0000000000
135 -152.0000000000
145 -151.0000000000
148 -150.0000000000
152 -148.0000000000
165 -147.0000000000
183 -146.0000000000
190 -145.0000000000
202 -144.0000000000
220 -143.0000000000
226 -141.0000000000
253 -140.0000000000
258 -139.0000000000
261 -138.0000000000
272 -137.0000000000
277 -135.0000000000
290 -134.0000000000
293 -133.0000000000
300 -132.0000000000
318 -131.0000000000
348 -130.0000000000
366 -129.0000000000
371 -127.0000000000
396 -126.0000000000
405 -125.0000000000
429 -124.0000000000
445 -123.0000000000
455 -122.0000000000
478 -121.0000000000
492 -120.0000000000
496 -119.0000000000
517 -118.0000000000
524 -117.0000000000
542 -116.0000000000
557 -115.0000000000
562 -114.0000000000
596 -112.0000000000
635 -111.0000000000
659 -110.0000000000
666 -109.0000000000
676 -108.0000000000
685 -107.0000000000
715 -106.0000000000
733 -104.0000000000
752 -103.0000000000
789 -101.0000000000
805 -100.0000000000
808 -99.0000000000
815 -98.0000000000
820 -97.0000000000
842 -96.0000000000
850 -94.0000000000
877 -93.0000000000
912 -91.0000000000
935 -90.0000000000
975 -89.0000000000
990 -88.0000000000
1004 -87.0000000000
1011 -86.0000000000
1033 -84.0000000000
1041 -83.0000000000
1050 -82.0000000000
1090 -81.0000000000
1100 -80.0000000000
1130 -79.0000000000
1141 -78.0000000000
1151 -76.0000000000
1164 -75.0000000000
1208 -74.0000000000
1223 -73.0000000000
1228 -72.0000000000
1245 -71.0000000000
1248 -70.0000000000
1273 -68.0000000000
1316 -67.0000000000
1319 -66.0000000000
1347 -65.0000000000
1356 -64.0000000000
1408 -63.0000000000
1420 -62.0000000000
1438 -61.0000000000
1460 -60.0000000000
1472 -59.0000000000
1491 -58.0000000000
1523 -57.0000000000
1531 -56.0000000000
1562 -55.0000000000
1573 -54.0000000000
1622 -53.0000000000
1657 -52.0000000000
1679 -51.0000000000
1681 -50.0000000000
1684 -49.0000000000
1715 -48.0000000000
1728 -47.0000000000
1760 -46.0000000000
1778 -45.0000000000
1812 -44.0000000000
1838 -43.0000000000
1848 -42.0000000000
1869 -41.0000000000
1900 -39.0000000000
1925 -38.0000000000
1956 -37.0000000000
1970 -36.0000000000
2002 -35.0000000000
2044 -34.0000000000
2153 -33.0000000000
2198 -32.0000000000
2234 -31.0000000000
2291 -30.0000000000
2316 -29.0000000000
2394 -28.0000000000
2405 -27.0000000000
2481 -26.0000000000
2498 -24.0000000000
2541 -23.0000000000
2558 -22.0000000000
2566 -21.0000000000
2582 -20.0000000000
2620 -19.0000000000
2657 -18.0000000000
2776 -17.0000000000
2827 -16.0000000000
2854 -15.0000000000
2888 -14.0000000000
2923 -13.0000000000
2949 -12.0000000000
3000 -11.0000000000
3106 -10.0000000000
3296 -9.0000000000
3347 -8.0000000000
3383 -7.0000000000
3409 -5.0000000000
3547 -4.0000000000
3684 -3.0000000000
3768 -2.0000000000
4065 -1.0000000000
4332 397.0000000000
4424 403.0000000000
4651 405.0000000000
4680 407.0000000000
4743 413.0000000000
4747 416.0000000000
4817 417.0000000000
4825 420.0000000000
8578 421.0000000000
9449 423.0000000000
10010 423.0000000000
evaluations raw_y
1 -214.0000000000
2 -202.0000000000
8 -182.0000000000
43 -177.0000000000
49 -175.0000000000
56 -169.0000000000
64 -168.0000000000
78 -167.0000000000
81 -161.0000000000
84 -160.0000000000
93 -157.0000000000
99 -156.0000000000
103 -153.0000000000
129 -149.0000000000
163 -146.0000000000
171 -145.0000000000
175 -144.0000000000
189 -141.0000000000
219 -140.0000000000
224 -139.0000000000
232 -138.0000000000
244 -137.0000000000
266 -135.0000000000
286 -134.0000000000
328 -133.0000000000
346 -132.0000000000
355 -130.0000000000
388 -129.0000000000
391 -128.0000000000
397 -127.0000000000
425 -126.0000000000
432 -125.0000000000
435 -124.0000000000
461 -123.0000000000
464 -122.0000000000
473 -120.0000000000
508 -119.0000000000
518 -118.0000000000
542 -117.0000000000
547 -116.0000000000
558 -115.0000000000
581 -113.0000000000
605 -112.0000000000
637 -111.0000000000
638 -110.0000000000
641 -109.0000000000
661 -108.0000000000
680 -106.0000000000
700 -105.0000000000
716 -104.0000000000
731 -103.0000000000
763 -102.0000000000
786 -101.0000000000
798 -100.0000000000
823 -99.0000000000
841 -98.0000000000
853 -97.0000000000
888 -94.0000000000
918 -93.0000000000
935 -92.0000000000
943 -91.0000000000
963 -89.0000000000
975 -88.0000000000
976 -87.0000000000
990 -86.0000000000
1028 -84.0000000000
1053 -83.0000000000
1061 -82.0000000000
1088 -81.0000000000
1091 -80.0000000000
1119 -79.0000000000
1150 -78.0000000000
1178 -77.0000000000
1187 -76.0000000000
1190 -75.0000000000
1211 -74.0000000000
1275 -73.0000000000
1324 -72.0000000000
1347 -71.0000000000
1396 -70.0000000000
1403 -69.0000000000
1424 -68.0000000000
1450 -67.0000000000
1452 -66.0000000000
1477 -65.0000000000
1502 -64.0000000000
1538 -63.0000000000
1539 -62.0000000000
1575 -61.0000000000
1651 -60.0000000000
1667 -59.0000000000
1708 -58.0000000000
1709 -57.0000000000
1715 -56.0000000000
1734 -55.0000000000
1759 -54.0000000000
1763 -53.0000000000
1796 -52.0000000000
1841 -51.0000000000
1866 -50.0000000000
1943 -49.0000000000
1970 -48.0000000000
2008 -47.0000000000
2038 -46.0000000000
2049 -45.0000000000
2081 -44.0000000000
2135 -43.0000000000
2149 -42.0000000000
2189 -41.0000000000
2198 -40.0000000000
2248 -39.0000000000
2302 -38.0000000000
2327 -37.0000000000
2336 -36.0000000000
2349 -35.0000000000
2370 -33.0000000000
2407 -32.0000000000
2455 -31.0000000000
2516 -30.0000000000
2528 -29.0000000000
2584 -28.0000000000
2621 -27.0000000000
2640 -26.0000000000
2677 -25.0000000000
2723 -24.0000000000
2742 -23.0000000000
2774 -22.0000000000
2891 -21.0000000000
2906 -20.0000000000
2969 -19.0000000000
3020 -18.0000000000
3067 -17.0000000000
3078 -16.0000000000
3129 -15.0000000000
3150 -14.0000000000
3192 -13.0000000000
3211 -11.0000000000
3258 -10.0000000000
3308 -9.0000000000
3339 -8.0000000000
3382 -7.0000000000
3445 -6.0000000000
3496 -5.0000000000
3531 -4.0000000000
3715 -3.0000000000
3824 -2.0000000000
3884 -1.0000000000
3973 352.0000000000
4123 371.0000000000
5238 381.0000000000
5257 392.0000000000
5310 394.0000000000
5335 395.0000000000
5368 397.0000000000
7056 399.0000000000
7100 400.0000000000
9506 406.0000000000
9578 407.0000000000
9883 411.0000000000
9910 413.0000000000
9976 415.0000000000
10010 -2.0000000000
evaluations raw_y
1 -209.0000000000
2 -208.0000000000
4 -206.0000000000
9 -186.0000000000
10 -181.0000000000
24 -179.0000000000
28 -173.0000000000
31 -171.0000000000
46 -168.0000000000
59 -162.0000000000
64 -161.0000000000
66 -160.0000000000
68 -158.0000000000
70 -157.0000000000
88 -156.0000000000
98 -152.0000000000
115 -150.0000000000
123 -149.0000000000
137 -148.0000000000
140 -147.0000000000
150 -146.0000000000
156 -144.0000000000
160 -143.0000000000
183 -142.0000000000
193 -141.0000000000
199 -140.0000000000
223 -139.0000000000
228 -138.0000000000
238 -137.0000000000
249 -136.0000000000
255 -134.0000000000
274 -133.0000000000
278 -132.0000000000
294 -131.0000000000
313 -130.0000000000
327 -129.0000000000
354 -128.0000000000
361 -127.0000000000
388 -126.0000000000
401 -124.0000000000
414 -123.0000000000
431 -122.0000000000
444 -120.0000000000
468 -118.0000000000
478 -117.0000000000
489 -116.0000000000
513 -115.0000000000
519 -114.0000000000
551 -113.0000000000
564 -112.0000000000
567 -111.0000000000
605 -110.0000000000
608 -109.0000000000
633 -107.0000000000
642 -106.0000000000
661 -105.0000000000
665 -104.0000000000
695 -103.0000000000
707 -102.0000000000
708 -101.0000000000
741 -100.0000000000
751 -99.0000000000
766 -98.0000000000
785 -97.0000000000
792 -96.0000000000
821 -95.0000000000
833 -94.0000000000
849 -93.0000000000
877 -92.0000000000
902 -91.0000000000
926 -90.0000000000
936 -89.0000000000
953 -88.0000000000
965 -87.0000000000
1011 -86.0000000000
1033 -84.0000000000
1061 -83.0000000000
1075 -82.0000000000
1099 -81.0000000000
1129 -80.0000000000
1159 -78.0000000000
1167 -77.0000000000
1203 -76.0000000000
1219 -75.0000000000
1245 -73.0000000000
1250 -72.0000000000
1265 -71.0000000000
1275 -70.0000000000
1289 -68.0000000000
1311 -67.0000000000
1330 -66.0000000000
1348 -65.0000000000
1361 -64.0000000000
1372 -63.0000000000
1384 -62.0000000000
1400 -61.0000000000
1425 -59.0000000000
1466 -57.0000000000
1473 -56.0000000000
1498 -55.0000000000
1518 -54.0000000000
1562 -53.0000000000
1569 -52.0000000000
1605 -51.0000000000
1625 -50.0000000000
1649 -49.0000000000
1692 -48.0000000000
1701 -47.0000000000
1767 -46.0000000000
1820 -45.0000000000
1830 -44.0000000000
1857 -43.0000000000
1885 -40.0000000000
1921 -39.0000000000
1932 -38.0000000000
1945 -37.0000000000
1967 -36.0000000000
1989 -35.0000000000
2053 -34.0000000000
2084 -33.0000000000
2090 -32.0000000000
2129 -31.0000000000
2175 -30.0000000000
2231 -29.0000000000
2330 -28.0000000000
2348 -27.0000000000
2400 -26.0000000000
2450 -25.0000000000
2490 -24.0000000000
2507 -23.0000000000
2549 -22.0000000000
2561 -21.0000000000
2624 -20.0000000000
2661 -19.0000000000
2758 -18.0000000000
2792 -17.0000000000
2861 -16.0000000000
2905 -15.0000000000
2943 -14.0000000000
3019 -13.0000000000
3121 -12.0000000000
3193 -11.0000000000
3233 -10.0000000000
3270 -9.0000000000
3349 -8.0000000000
3525 -7.0000000000
3638 -6.0000000000
3823 -5.0000000000
3870 -4.0000000000
3923 -3.0000000000
4066 -2.0000000000
4213 -1.0000000000
4436 388.0000000000
4546 397.0000000000
4617 399.0000000000
4729 400.0000000000
4745 402.0000000000
4774 403.0000000000
4865 404.0000000000
4906 408.0000000000
5396 411.0000000000
7802 418.0000000000
10010 418.0000000000
evaluations raw_y
1 -210.0000000000
2 -205.0000000000
4 -202.0000000000
7 -190.0000000000
27 -187.0000000000
32 -185.0000000000
48 -184.0000000000
54 -182.0000000000
55 -180.0000000000
60 -178.0000000000
63 -175.0000000000
64 -174.0000000000
67 -173.0000000000
68 -172.0000000000
74 -169.0000000000
81 -167.0000000000
93 -165.0000000000
94 -164.0000000000
112 -162.0000000000
116 -161.0000000000
119 -160.0000000000
135 -159.0000000000
141 -158.0000000000
149 -157.0000000000
154 -156.0000000000
160 -155.0000000000
171 -154.0000000000
186 -152.0000000000
209 -151.0000000000
218 -150.0000000000
233 -149.0000000000
263 -148.0000000000
267 -147.0000000000
273 -146.0000000000
285 -145.0000000000
289 -144.0000000000
326 -142.0000000000
355 -141.0000000000
361 -140.0000000000
370 -139.0000000000
382 -138.0000000000
404 -137.0000000000
419 -136.0000000000
428 -135.0000000000
432 -134.0000000000
469 -132.0000000000
493 -131.0000000000
501 -130.0000000000
513 -128.0000000000
519 -127.0000000000
532 -125.0000000000
576 -124.0000000000
601 -123.0000000000
609 -122.0000000000
621 -121.0000000000
624 -120.0000000000
636 -119.0000000000
648 -118.0000000000
659 -117.0000000000
695 -116.0000000000
717 -115.0000000000
740 -114.0000000000
750 -113.0000000000
768 -112.0000000000
812 -111.0000000000
831 -108.0000000000
855 -107.0000000000
857 -106.0000000000
868 -105.0000000000
879 -102.0000000000
900 -101.0000000000
906 -100.0000000000
911 -99.0000000000
944 -97.0000000000
957 -96.0000000000
976 -95.0000000000
993 -94.0000000000
1008 -93.0000000000
1046 -92.0000000000
1074 -91.0000000000
1080 -90.0000000000
1091 -89.0000000000
1099 -88.0000000000
1111 -87.0000000000
1132 -86.0000000000
1158 -85.0000000000
1168 -84.0000000000
1193 -83.0000000000
1195 -82.0000000000
1220 -81.0000000000
1259 -80.0000000000
1295 -79.0000000000
1322 -78.0000000000
1349 -76.0000000000
1371 -74.0000000000
1387 -73.0000000000
1397 -72.0000000000
1401 -71.0000000000
1417 -70.0000000000
1420 -69.0000000000
1468 -68.0000000000
1504 -67.0000000000
1506 -66.0000000000
1570 -65.0000000000
1598 -64.0000000000
1616 -63.0000000000
1624 -62.0000000000
1641 -61.0000000000
1654 -60.0000000000
1662 -59.0000000000
1689 -58.0000000000
1745 -57.0000000000
1802 -56.0000000000
1816 -55.0000000000
1821 -54.0000000000
1833 -53.0000000000
1846 -51.0000000000
1912 -50.0000000000
1941 -49.0000000000
1979 -48.0000000000
2011 -47.0000000000
2018 -46.0000000000
2020 -45.0000000000
2066 -44.0000000000
2096 -43.0000000000
2123 -42.0000000000
2136 -41.0000000000
2160 -40.0000000000
2165 -38.0000000000
2190 -37.0000000000
2254 -36.0000000000
2299 -34.0000000000
2352 -33.0000000000
2397 -32.0000000000
2457 -31.0000000000
2484 -30.0000000000
2518 -29.0000000000
2527 -28.0000000000
2541 -27.0000000000
2554 -26.0000000000
2587 -25.0000000000
2644 -24.0000000000
2663 -23.0000000000
2697 -22.0000000000
2716 -21.0000000000
2719 -19.0000000000
2773 -18.0000000000
2787 -17.0000000000
2929 -16.0000000000
2985 -15.0000000000
3088 -14.0000000000
3109 -13.0000000000
3139 -12.0000000000
3224 -11.0000000000
3274 -10.0000000000
3340 -9.0000000000
3449 -8.0000000000
3515 -7.0000000000
3557 -6.0000000000
3582 -5.0000000000
3625 -4.0000000000
3701 -3.0000000000
3745 -2.0000000000
3831 -1.0000000000
3911 393.0000000000
4529 404.0000000000
6255 408.0000000000
9640 409.0000000000
10010 -1.0000000000
evaluations raw_y
1 -217.0000000000
5 -208.0000000000
7 -193.0000000000
32 -189.0000000000
34 -184.0000000000
37 -183.0000000000
42 -181.0000000000
56 -179.0000000000
59 -178.0000000000
68 -173.0000000000
75 -164.0000000000
94 -163.0000000000
107 -162.0000000000
113 -161.0000000000
118 -159.0000000000
130 -158.0000000000
131 -156.0000000000
145 -153.0000000000
157 -152.0000000000
192 -150.0000000000
208 -148.0000000000
226 -147.0000000000
235 -146.0000000000
237 -145.0000000000
250 -144.0000000000
264 -141.0000000000
292 -140.0000000000
294 -139.0000000000
299 -137.0000000000
323 -136.0000000000
329 -135.0000000000
338 -133.0000000000
364 -132.0000000000
370 -131.0000000000
385 -130.0000000000
388 -129.0000000000
420 -128.0000000000
433 -126.0000000000
460 -125.0000000000
468 -124.0000000000
481 -123.0000000000
492 -122.0000000000
502 -121.0000000000
517 -120.0000000000
521 -119.0000000000
549 -118.0000000000
571 -117.0000000000
589 -116.0000000000
602 -115.0000000000
604 -114.0000000000
624 -113.0000000000
647 -112.0000000000
678 -111.0000000000
682 -110.0000000000
713 -109.0000000000
728 -108.0000000000
757 -107.0000000000
788 -106.0000000000
813 -105.0000000000
828 -104.0000000000
841 -103.0000000000
864 -101.0000000000
914 -100.0000000000
926 -99.0000000000
928 -98.0000000000
947 -95.0000000000
978 -94.0000000000
987 -93.0000000000
1009 -92.0000000000
1041 -90.0000000000
1054 -89.0000000000
1066 -88.0000000000
1073 -86.0000000000
1100 -85.0000000000
1107 -84.0000000000
1116 -83.0000000000
1120 -81.0000000000
1153 -80.0000000000
1175 -79.0000000000
1221 -78.0000000000
1246 -77.0000000000
1275 -76.0000000000
1285 -75.0000000000
1317 -73.0000000000
1343 -72.0000000000
1355 -70.0000000000
1383 -69.0000000000
1408 -68.0000000000
1410 -66.0000000000
1433 -65.0000000000
1436 -64.0000000000
1442 -63.0000000000
1454 -62.0000000000
1460 -61.0000000000
1480 -60.0000000000
1500 -59.0000000000
1502 -58.0000000000
1510 -57.0000000000
1534 -56.0000000000
1539 -55.0000000000
1558 -54.0000000000
1587 -53.0000000000
1600 -52.0000000000
1616 -51.0000000000
1629 -50.0000000000
1644 -49.0000000000
1662 -47.0000000000
1679 -46.0000000000
1698 -45.0000000000
1740 -44.0000000000
1816 -43.0000000000
1840 -42.0000000000
1862 -41.0000000000
1894 -40.0000000000
1929 -39.0000000000
1959 -38.0000000000
1975 -37.0000000000
2013 -35.0000000000
2049 -34.0000000000
2085 -33.0000000000
2111 -32.0000000000
2188 -31.0000000000
2198 -30.0000000000
2215 -29.0000000000
2244 -28.0000000000
2257 -27.0000000000
2320 -26.0000000000
2331 -25.0000000000
2345 -24.0000000000
2421 -23.0000000000
2456 -22.0000000000
2484 -21.0000000000
2499 -20.0000000000
2533 -19.0000000000
2570 -18.0000000000
2602 -17.0000000000
2606 -16.0000000000
2629 -15.0000000000
2647 -14.0000000000
2652 -13.0000000000
2667 -11.0000000000
2710 -10.0000000000
2740 -8.0000000000
2818 -7.0000000000
2983 -6.0000000000
3014 -5.0000000000
3075 -4.0000000000
3410 -3.0000000000
3600 -2.0000000000
3692 -1.0000000000
3923 356.0000000000
3942 366.0000000000
3952 373.0000000000
4012 374.0000000000
4691 381.0000000000
5831 385.0000000000
6487 391.0000000000
7307 393.0000000000
7498 401.0000000000
8120 403.0000000000
10010 403.0000000000
evaluations raw_y
1 -198.0000000000
12 -196.0000000000
18 -195.0000000000
22 -189.0000000000
37 -185.0000000000
39 -184.0000000000
50 -183.0000000000
52 -182.0000000000
54 -180.0000000000
56 -178.0000000000
70 -176.0000000000
76 -175.0000000000
78 -174.0000000000
93 -173.0000000000
102 -172.0000000000
105 -171.0000000000
107 -170.0000000000
126 -169.0000000000
133 -168.0000000000
137 -167.0000000000
141 -166.0000000000
145 -165.0000000000
165 -163.0000000000
183 -162.0000000000
195 -160.0000000000
217 -159.0000000000
229 -158.0000000000
246 -157.0000000000
257 -156.0000000000
263 -155.0000000000
267 -153.0000000000
280 -152.0000000000
281 -151.0000000000
298 -150.0000000000
312 -149.0000000000
315 -148.0000000000
317 -147.0000000000
335 -146.0000000000
339 -145.0000000000
352 -144.0000000000
360 -143.0000000000
364 -142.0000000000
384 -140.0000000000
406 -138.0000000000
425 -136.0000000000
445 -135.0000000000
456 -134.0000000000
469 -133.0000000000
470 -132.0000000000
487 -131.0000000000
500 -130.0000000000
524 -129.0000000000
547 -128.0000000000
552 -127.0000000000
562 -126.0000000000
581 -125.0000000000
586 -124.0000000000
596 -123.0000000000
602 -122.0000000000
612 -120.0000000000
640 -118.0000000000
642 -116.0000000000
650 -115.0000000000
678 -114.0000000000
699 -113.0000000000
727 -112.0000000000
730 -111.0000000000
752 -110.0000000000
753 -109.0000000000
769 -106.0000000000
777 -105.0000000000
795 -104.0000000000
806 -103.0000000000
819 -102.0000000000
836 -101.0000000000
866 -100.0000000000
869 -99.0000000000
890 -98.0000000000
904 -97.0000000000
916 -96.0000000000
931 -94.0000000000
966 -93.0000000000
981 -92.0000000000
1001 -91.0000000000
1019 -90.0000000000
1021 -88.0000000000
1037 -87.0000000000
1066 -84.0000000000
1084 -82.0000000000
1132 -81.0000000000
1143 -80.0000000000
1162 -79.0000000000
1166 -78.0000000000
1174 -77.0000000000
1217 -76.0000000000
1253 -75.0000000000
1275 -74.0000000000
1290 -73.0000000000
1315 -72.0000000000
1345 -71.0000000000
1366 -70.0000000000
1370 -69.0000000000
1404 -68.0000000000
1434 -67.0000000000
1470 -66.0000000000
1503 -65.0000000000
1518 -64.0000000000
1524 -63.0000000000
1528 -62.0000000000
1536 -61.0000000000
1543 -59.0000000000
1591 -58.0000000000
1594 -57.0000000000
1611 -56.0000000000
1629 -55.0000000000
1651 -54.0000000000
1669 -53.0000000000
1693 -52.0000000000
1725 -51.0000000000
1740 -50.0000000000
1758 -49.0000000000
1790 -48.0000000000
1813 -47.0000000000
1838 -46.0000000000
1857 -45.0000000000
1892 -44.0000000000
1937 -43.0000000000
1964 -42.0000000000
1972 -41.0000000000
2018 -40.0000000000
2054 -39.0000000000
2091 -38.0000000000
2113 -37.0000000000
2142 -36.0000000000
2170 -35.0000000000
2208 -34.0000000000
2223 -33.0000000000
2290 -32.0000000000
2322 -31.0000000000
2358 -30.0000000000
2381 -29.0000000000
2395 -28.0000000000
2435 -27.0000000000
2498 -26.0000000000
2514 -25.0000000000
2518 -24.0000000000
2586 -23.0000000000
2631 -22.0000000000
2804 -21.0000000000
2885 -20.0000000000
2908 -19.0000000000
3012 -18.0000000000
3087 -17.0000000000
3126 -16.0000000000
3256 -15.0000000000
3311 -14.0000000000
3345 -13.0000000000
3487 -12.0000000000
3561 -11.0000000000
3594 -10.0000000000
3672 -9.0000000000
3699 -8.0000000000
3724 -7.0000000000
3765 -6.0000000000
3822 -5.0000000000
3903 -4.0000000000
3961 -3.0000000000
4542 -2.0000000000
4558 -1.0000000000
4669 392.0000000000
4697 398.0000000000
4723 403.0000000000
7097 407.0000000000
7124 409.0000000000
7139 411.0000000000
8808 415.0000000000
10010 -1.0000000000
evaluations raw_y
1 -210.0000000000
6 -203.0000000000
10 -202.0000000000
33 -199.0000000000
35 -192.0000000000
41 -187.0000000000
56 -182.0000000000
65 -178.0000000000
82 -177.0000000000
87 -176.0000000000
106 -174.0000000000
113 -173.0000000000
125 -169.0000000000
147 -168.0000000000
151 -167.0000000000
159 -166.0000000000
175 -164.0000000000
181 -163.0000000000
187 -161.0000000000
201 -160.0000000000
225 -158.0000000000
244 -157.0000000000
257 -156.0000000000
258 -155.0000000000
268 -154.0000000000
284 -153.0000000000
295 -151.0000000000
316 -150.0000000000
318 -149.0000000000
335 -148.0000000000
356 -146.0000000000
369 -145.0000000000
385 -144.0000000000
409 -143.0000000000
416 -142.0000000000
426 -141.0000000000
430 -140.0000000000
447 -139.0000000000
471 -138.0000000000
478 -137.0000000000
501 -134.0000000000
526 -133.0000000000
528 -132.0000000000
550 -131.0000000000
555 -130.0000000000
557 -129.0000000000
576 -128.0000000000
586 -127.0000000000
599 -126.0000000000
616 -125.0000000000
625 -123.0000000000
642 -122.0000000000
674 -121.0000000000
675 -120.0000000000
696 -119.0000000000
710 -118.0000000000
729 -117.0000000000
743 -115.0000000000
761 -113.0000000000
776 -112.0000000000
784 -111.0000000000
794 -110.0000000000
821 -109.0000000000
863 -108.0000000000
877 -107.0000000000
904 -106.0000000000
928 -105.0000000000
952 -104.0000000000
961 -102.0000000000
985 -101.0000000000
1008 -99.0000000000
1062 -98.0000000000
1089 -97.0000000000
1090 -96.0000000000
1112 -94.0000000000
1120 -93.0000000000
1139 -92.0000000000
1155 -91.0000000000
1161 -90.0000000000
1187 -89.0000000000
1213 -88.0000000000
1228 -87.0000000000
1242 -86.0000000000
1252 -85.0000000000
1305 -84.0000000000
1309 -82.0000000000
1329 -81.0000000000
1367 -80.0000000000
1384 -79.0000000000
1399 -78.0000000000
1423 -77.0000000000
1445 -76.0000000000
1455 -75.0000000000
1470 -74.0000000000
1494 -73.0000000000
1542 -72.0000000000
1559 -71.0000000000
1560 -70.0000000000
1598 -69.0000000000
1647 -68.0000000000
1669 -67.0000000000
1703 -66.0000000000
1719 -65.0000000000
1734 -64.0000000000
1814 -63.0000000000
1819 -62.0000000000
1841 -61.0000000000
1867 -60.0000000000
1890 -59.0000000000
1914 -58.0000000000
1924 -56.0000000000
1933 -55.0000000000
1954 -54.0000000000
1979 -53.0000000000
2034 -52.0000000000
2036 -51.0000000000
2068 -50.0000000000
2102 -49.0000000000
2120 -48.0000000000
2127 -47.0000000000
2137 -46.0000000000
2193 -45.0000000000
2213 -44.0000000000
2251 -43.0000000000
2318 -42.0000000000
2360 -41.0000000000
2377 -40.0000000000
2418 -39.0000000000
2439 -38.0000000000
2482 -37.0000000000
2509 -35.0000000000
2542 -34.0000000000
2589 -33.0000000000
2630 -32.0000000000
2645 -31.0000000000
2659 -30.0000000000
2687 -29.0000000000
2712 -28.0000000000
2745 -27.0000000000
2774 -26.0000000000
2784 -25.0000000000
2841 -24.0000000000
2862 -23.0000000000
2886 -22.0000000000
2956 -21.0000000000
3028 -20.0000000000
3038 -19.0000000000
3087 -18.0000000000
3107 -17.0000000000
3169 -16.0000000000
3217 -15.0000000000
3274 -14.0000000000
3340 -13.0000000000
3378 -12.0000000000
3512 -11.0000000000
3545 -10.0000000000
3610 -9.0000000000
3755 -8.0000000000
3779 -6.0000000000
3815 -5.0000000000
4010 -4.0000000000
4092 -3.0000000000
4149 -2.0000000000
4231 -1.0000000000
4269 393.0000000000
4297 403.0000000000
4985 404.0000000000
5015 408.0000000000
5042 410.0000000000
5123 412.0000000000
5215 416.0000000000
6309 420.0000000000
6707 422.0000000000
7110 426.0000000000
7586 430.0000000000
10010 430.0000000000
evaluations raw_y
1 -216.0000000000
2 -213.0000000000
4 -212.0000000000
7 -193.0000000000
11 -190.0000000000
20 -189.0000000000
24 -188.0000000000
25 -186.0000000000
27 -180.0000000000
30 -177.0000000000
37 -175.0000000000
50 -173.0000000000
54 -170.0000000000
65 -167.0000000000
79 -166.0000000000
84 -165.0000000000
90 -164.0000000000
102 -163.0000000000
107 -162.0000000000
117 -161.0000000000
127 -160.0000000000
129 -159.0000000000
141 -158.0000000000
153 -157.0000000000
167 -156.0000000000
172 -153.0000000000
180 -152.0000000000
212 -150.0000000000
215 -148.0000000000
216 -147.0000000000
231 -146.0000000000
242 -145.0000000000
261 -144.0000000000
269 -143.0000000000
285 -142.0000000000
287 -141.0000000000
294 -140.0000000000
310 -139.0000000000
318 -138.0000000000
323 -137.0000000000
325 -136.0000000000
343 -135.0000000000
361 -134.0000000000
401 -132.0000000000
410 -131.0000000000
418 -130.0000000000
429 -129.0000000000
433 -128.0000000000
437 -127.0000000000
441 -126.0000000000
450 -124.0000000000
451 -123.0000000000
485 -122.0000000000
486 -121.0000000000
499 -120.0000000000
521 -119.0000000000
525 -117.0000000000
551 -115.0000000000
560 -114.0000000000
570 -113.0000000000
587 -112.0000000000
597 -110.0000000000
612 -109.0000000000
623 -106.0000000000
645 -105.0000000000
655 -103.0000000000
690 -102.0000000000
718 -101.0000000000
745 -100.0000000000
762 -99.0000000000
780 -98.0000000000
786 -97.0000000000
798 -96.0000000000
802 -95.0000000000
803 -94.0000000000
805 -93.0000000000
838 -92.0000000000
862 -91.0000000000
887 -90.0000000000
892 -89.0000000000
919 -88.0000000000
924 -87.0000000000
959 -86.0000000000
971 -85.0000000000
993 -84.0000000000
1031 -83.0000000000
1055 -82.0000000000
1072 -81.0000000000
1094 -80.0000000000
1107 -79.0000000000
1123 -78.0000000000
1136 -77.0000000000
1178 -76.0000000000
1179 -75.0000000000
1212 -74.0000000000
1221 -73.0000000000
1259 -72.0000000000
1261 -71.0000000000
1300 -70.0000000000
1308 -69.0000000000
1325 -68.0000000000
1340 -67.0000000000
1371 -66.0000000000
1407 -65.0000000000
1412 -64.0000000000
1426 -63.0000000000
1441 -62.0000000000
1463 -61.0000000000
1487 -60.0000000000
1514 -59.0000000000
1536 -58.0000000000
1572 -57.0000000000
1596 -56.0000000000
1634 -55.0000000000
1647 -54.0000000000
1685 -53.0000000000
1720 -52.0000000000
1743 -51.0000000000
1755 -50.0000000000
1820 -49.0000000000
1843 -48.0000000000
1871 -47.0000000000
1895 -46.0000000000
1922 -45.0000000000
1951 -44.0000000000
1966 -43.0000000000
1985 -42.0000000000
1989 -41.0000000000
2009 -40.0000000000
2037 -39.0000000000
2072 -38.0000000000
2085 -37.0000000000
2132 -36.0000000000
2156 -35.0000000000
2217 -34.0000000000
2304 -33.0000000000
2358 -32.0000000000
2401 -31.0000000000
2446 -30.0000000000
2466 -29.0000000000
2490 -28.0000000000
2530 -27.0000000000
2538 -26.0000000000
2623 -25.0000000000
2679 -24.0000000000
2737 -23.0000000000
2770 -22.0000000000
2807 -21.0000000000
2838 -20.0000000000
2907 -19.0000000000
2985 -18.0000000000
3056 -17.0000000000
3072 -16.0000000000
3098 -15.0000000000
3117 -14.0000000000
3170 -13.0000000000
3212 -12.0000000000
3378 -11.0000000000
3496 -10.0000000000
3564 -9.0000000000
3655 -8.0000000000
3675 -7.0000000000
3823 -6.0000000000
3872 -5.0000000000
3958 -4.0000000000
4008 -3.0000000000
4061 -2.0000000000
4136 -1.0000000000
4356 392.0000000000
4804 401.0000000000
4850 403.0000000000
6687 406.0000000000
7974 407.0000000000
8910 411.0000000000
10010 -1.0000000000
evaluations raw_y
1 -216.0000000000
3 -212.0000000000
4 -201.0000000000
19 -197.0000000000
21 -195.0000000000
24 -194.0000000000
30 -193.0000000000
32 -188.0000000000
35 -184.0000000000
39 -182.0000000000
43 -180.0000000000
46 -177.0000000000
49 -173.0000000000
59 -170.0000000000
75 -165.0000000000
78 -164.0000000000
84 -163.0000000000
88 -161.0000000000
110 -158.0000000000
116 -155.0000000000
128 -153.0000000000
134 -151.0000000000
152 -150.0000000000
160 -149.0000000000
180 -148.0000000000
215 -145.0000000000
265 -144.0000000000
270 -143.0000000000
289 -142.0000000000
310 -141.0000000000
317 -140.0000000000
319 -139.0000000000
337 -138.0000000000
363 -137.0000000000
367 -136.0000000000
369 -135.0000000000
375 -134.0000000000
378 -133.0000000000
379 -132.0000000000
382 -131.0000000000
387 -129.0000000000
417 -128.0000000000
434 -127.0000000000
444 -126.0000000000
461 -125.0000000000
469 -124.0000000000
510 -123.0000000000
528 -122.0000000000
540 -121.0000000000
546 -120.0000000000
595 -119.0000000000
619 -118.0000000000
641 -117.0000000000
645 -116.0000000000
659 -113.0000000000
706 -112.0000000000
728 -111.0000000000
762 -110.0000000000
763 -109.0000000000
786 -108.0000000000
813 -107.0000000000
840 -106.0000000000
851 -105.0000000000
863 -104.0000000000
865 -103.0000000000
889 -102.0000000000
896 -101.0000000000
909 -100.0000000000
911 -99.0000000000
938 -98.0000000000
942 -97.0000000000
956 -96.0000000000
979 -95.0000000000
983 -94.0000000000
993 -93.0000000000
997 -92.0000000000
998 -91.0000000000
1010 -90.0000000000
1056 -89.0000000000
1078 -88.0000000000
1090 -87.0000000000
1112 -86.0000000000
1120 -85.0000000000
1145 -84.0000000000
1149 -83.0000000000
1175 -82.0000000000
1194 -80.0000000000
1250 -79.0000000000
1266 -78.0000000000
1272 -76.0000000000
1295 -75.0000000000
1344 -74.0000000000
1362 -73.0000000000
1378 -72.0000000000
1382 -71.0000000000
1387 -70.0000000000
1411 -69.0000000000
1443 -68.0000000000
1485 -67.0000000000
1507 -66.0000000000
1546 -65.0000000000
1571 -64.0000000000
1587 -63.0000000000
1600 -62.0000000000
1627 -61.0000000000
1650 -60.0000000000
1664 -58.0000000000
1707 -57.0000000000
1724 -56.0000000000
1775 -55.0000000000
1815 -54.0000000000
1837 -53.0000000000
1858 -52.0000000000
1880 -51.0000000000
1901 -50.0000000000
1902 -49.0000000000
1938 -48.0000000000
2031 -47.0000000000
2052 -46.0000000000
2076 -43.0000000000
2087 -42.0000000000
2123 -41.0000000000
2195 -40.0000000000
2252 -39.0000000000
2261 -38.0000000000
2283 -37.0000000000
2318 -36.0000000000
2343 -35.0000000000
2392 -34.0000000000
2410 -33.0000000000
2418 -32.0000000000
2435 -31.0000000000
2461 -30.0000000000
2491 -29.0000000000
2526 -28.0000000000
2559 -27.0000000000
2602 -26.0000000000
2617 -25.0000000000
2683 -24.0000000000
2692 -23.0000000000
2788 -22.0000000000
2801 -21.0000000000
2810 -20.0000000000
2859 -19.0000000000
2898 -18.0000000000
2954 -17.0000000000
2984 -16.0000000000
3013 -15.0000000000
3043 -14.0000000000
3105 -13.0000000000
3174 -12.0000000000
3220 -11.0000000000
3250 -10.0000000000
3275 -9.0000000000
3319 -8.0000000000
3415 -7.0000000000
3525 -6.0000000000
3641 -5.0000000000
3707 -4.0000000000
3910 -3.0000000000
3934 -2.0000000000
4086 -1.0000000000
4276 360.0000000000
4300 361.0000000000
4878 374.0000000000
6923 393.0000000000
8034 398.0000000000
8044 406.0000000000
9065 408.0000000000
9175 409.0000000000
9200 412.0000000000
10010 412.0000000000
evaluations raw_y
1 -235.0000000000
2 -200.0000000000
14 -198.0000000000
26 -191.0000000000
29 -189.0000000000
39 -181.0000000000
41 -180.0000000000
51 -175.0000000000
65 -174.0000000000
76 -173.0000000000
80 -171.0000000000
87 -166.0000000000
105 -164.0000000000
122 -162.0000000000
139 -161.0000000000
141 -160.0000000000
145 -158.0000000000
146 -157.0000000000
157 -156.0000000000
176 -154.0000000000
185 -153.0000000000
193 -152.0000000000
203 -151.0000000000
217 -150.0000000000
227 -149.0000000000
232 -148.0000000000
247 -147.0000000000
265 -146.0000000000
281 -145.0000000000
300 -144.0000000000
338 -143.0000000000
350 -142.0000000000
355 -141.0000000000
360 -140.0000000000
383 -139.0000000000
389 -137.0000000000
407 -136.0000000000
419 -135.0000000000
433 -134.0000000000
446 -132.0000000000
465 -131.0000000000
481 -130.0000000000
485 -129.0000000000
509 -128.0000000000
513 -127.0000000000
545 -126.0000000000
560 -125.0000000000
578 -124.0000000000
594 -123.0000000000
605 -122.0000000000
613 -121.0000000000
633 -120.0000000000
635 -119.0000000000
653 -117.0000000000
672 -116.0000000000
682 -115.0000000000
713 -114.0000000000
728 -113.0000000000
746 -111.0000000000
779 -110.0000000000
806 -109.0000000000
814 -108.0000000000
839 -107.0000000000
875 -106.0000000000
900 -105.0000000000
909 -104.0000000000
922 -103.0000000000
930 -102.0000000000
934 -101.0000000000
956 -99.0000000000
969 -97.0000000000
986 -96.0000000000
993 -95.0000000000
1016 -94.0000000000
1022 -93.0000000000
1057 -92.0000000000
1065 -91.0000000000
1089 -90.0000000000
1103 -89.0000000000
1125 -88.0000000000
1139 -87.0000000000
1162 -86.0000000000
1177 -85.0000000000
1222 -83.0000000000
1249 -82.0000000000
1258 -81.0000000000
1278 -80.0000000000
1290 -79.0000000000
1328 -78.0000000000
1359 -77.0000000000
1366 -76.0000000000
1379 -74.0000000000
1396 -73.0000000000
1408 -72.0000000000
1453 -71.0000000000
1483 -70.0000000000
1500 -69.0000000000
1529 -67.0000000000
1564 -66.0000000000
1594 -65.0000000000
1601 -64.0000000000
1657 -63.0000000000
1664 -62.0000000000
1700 -61.0000000000
1716 -60.0000000000
1719 -58.0000000000
1735 -57.0000000000
1766 -56.0000000000
1826 -55.0000000000
1864 -54.0000000000
1881 -53.0000000000
1887 -52.0000000000
1925 -51.0000000000
1941 -50.0000000000
1954 -49.0000000000
1992 -48.0000000000
2002 -47.0000000000
2031 -46.0000000000
2051 -44.0000000000
2087 -43.0000000000
2107 -42.0000000000
2137 -41.0000000000
2182 -40.0000000000
2190 -39.0000000000
2259 -38.0000000000
2272 -37.0000000000
2284 -35.0000000000
2320 -34.0000000000
2338 -33.0000000000
2360 -32.0000000000
2362 -31.0000000000
2373 -30.0000000000
2415 -29.0000000000
2449 -28.0000000000
2465 -27.0000000000
2493 -26.0000000000
2506 -25.0000000000
2513 -24.0000000000
2588 -23.0000000000
2624 -22.0000000000
2660 -21.0000000000
2715 -20.0000000000
2732 -19.0000000000
2820 -18.0000000000
3034 -17.0000000000
3085 -16.0000000000
3112 -15.0000000000
3141 -14.0000000000
3191 -13.0000000000
3216 -12.0000000000
3227 -11.0000000000
3311 -10.0000000000
3429 -9.0000000000
3438 -8.0000000000
3444 -7.0000000000
3470 -6.0000000000
3546 -5.0000000000
3727 -4.0000000000
3750 -3.0000000000
3831 -2.0000000000
3910 -1.0000000000
3945 388.0000000000
4328 389.0000000000
4331 410.0000000000
6063 413.0000000000
6113 414.0000000000
6118 415.0000000000
6988 419.0000000000
10010 -1.0000000000
evaluations raw_y
1 -224.0000000000
2 -223.0000000000
4 -222.0000000000
5 -217.0000000000
6 -197.0000000000
25 -189.0000000000
36 -184.0000000000
50 -177.0000000000
62 -176.0000000000
65 -173.0000000000
71 -168.0000000000
75 -164.0000000000
79 -163.0000000000
80 -161.0000000000
89 -159.0000000000
92 -155.0000000000
108 -154.0000000000
124 -153.0000000000
143 -152.0000000000
158 -151.0000000000
159 -150.0000000000
170 -149.0000000000
186 -147.0000000000
210 -146.0000000000
220 -144.0000000000
254 -143.0000000000
261 -142.0000000000
290 -141.0000000000
295 -140.0000000000
317 -139.0000000000
326 -137.0000000000
346 -136.0000000000
358 -135.0000000000
359 -134.0000000000
363 -133.0000000000
406 -132.0000000000
412 -131.0000000000
417 -130.0000000000
425 -129.0000000000
433 -128.0000000000
441 -126.0000000000
473 -124.0000000000
510 -123.0000000000
536 -122.0000000000
568 -121.0000000000
587 -120.0000000000
601 -119.0000000000
608 -118.0000000000
627 -117.0000000000
657 -116.0000000000
673 -115.0000000000
687 -114.0000000000
712 -113.0000000000
724 -112.0000000000
739 -111.0000000000
777 -110.0000000000
782 -109.0000000000
802 -108.0000000000
831 -106.0000000000
848 -105.0000000000
862 -104.0000000000
872 -103.0000000000
882 -102.0000000000
902 -101.0000000000
923 -100.0000000000
958 -98.0000000000
977 -97.0000000000
980 -95.0000000000
996 -92.0000000000
1037 -91.0000000000
1050 -90.0000000000
1058 -89.0000000000
1068 -88.0000000000
1077 -87.0000000000
1113 -86.0000000000
1133 -85.0000000000
1143 -84.0000000000
1162 -83.0000000000
1174 -82.0000000000
1189 -80.0000000000
1208 -79.0000000000
1224 -78.0000000000
1247 -77.0000000000
1262 -76.0000000000
1300 -75.0000000000
1328 -74.0000000000
1371 -73.0000000000
1386 -72.0000000000
1403 -71.0000000000
1425 -70.0000000000
1436 -68.0000000000
1472 -67.0000000000
1498 -66.0000000000
1530 -65.0000000000
1537 -64.0000000000
1579 -63.0000000000
1600 -61.0000000000
1652 -60.0000000000
1697 -59.0000000000
1747 -58.0000000000
1772 -57.0000000000
1837 -56.0000000000
1841 -55.0000000000
1893 -54.0000000000
1900 -53.0000000000
1906 -52.0000000000
1926 -51.0000000000
1959 -50.0000000000
1972 -49.0000000000
1984 -48.0000000000
2008 -47.0000000000
2028 -46.0000000000
2071 -45.0000000000
2089 -44.0000000000
2116 -42.0000000000
2153 -41.0000000000
2219 -40.0000000000
2229 -39.0000000000
2295 -38.0000000000
2332 -37.0000000000
2359 -36.0000000000
2389 -35.0000000000
2392 -34.0000000000
2402 -33.0000000000
2455 -32.0000000000
2458 -31.0000000000
2466 -30.0000000000
2497 -29.0000000000
2531 -28.0000000000
2541 -27.0000000000
2674 -26.0000000000
2687 -25.0000000000
2714 -24.0000000000
2783 -23.0000000000
2796 -22.0000000000
2828 -21.0000000000
2847 -20.0000000000
2896 -19.0000000000
2943 -18.0000000000
2948 -17.0000000000
2968 -16.0000000000
3024 -15.0000000000
3118 -14.0000000000
3184 -13.0000000000
3245 -12.0000000000
3280 -11.0000000000
3286 -10.0000000000
3292 -9.0000000000
3303 -8.0000000000
3330 -7.0000000000
3372 -6.0000000000
3400 -5.0000000000
3472 -4.0000000000
3576 -2.0000000000
3811 -1.0000000000
3848 398.0000000000
5520 411.0000000000
6210 414.0000000000
7049 422.0000000000
10010 422.0000000000
evaluations raw_y
1 -218.0000000000
2 -212.0000000000
4 -196.0000000000
7 -190.0000000000
25 -187.0000000000
33 -181.0000000000
44 -180.0000000000
46 -177.0000000000
48 -174.0000000000
63 -172.0000000000
77 -170.0000000000
79 -166.0000000000
96 -163.0000000000
109 -162.0000000000
116 -161.0000000000
118 -158.0000000000
129 -157.0000000000
137 -156.0000000000
142 -153.0000000000
155 -152.0000000000
161 -151.0000000000
163 -150.0000000000
176 -149.0000000000
183 -147.0000000000
195 -146.0000000000
203 -145.0000000000
208 -144.0000000000
214 -143.0000000000
228 -142.0000000000
246 -139.0000000000
256 -138.0000000000
258 -136.0000000000
268 -135.0000000000
280 -134.0000000000
298 -132.0000000000
305 -131.0000000000
326 -130.0000000000
334 -129.0000000000
351 -127.0000000000
373 -126.0000000000
382 -125.0000000000
416 -124.0000000000
429 -123.0000000000
443 -122.0000000000
457 -120.0000000000
492 -119.0000000000
498 -118.0000000000
513 -117.0000000000
514 -116.0000000000
516 -115.0000000000
545 -113.0000000000
563 -112.0000000000
584 -111.0000000000
611 -110.0000000000
621 -109.0000000000
648 -108.0000000000
664 -107.0000000000
694 -106.0000000000
708 -104.0000000000
740 -103.0000000000
741 -102.0000000000
750 -101.0000000000
763 -100.0000000000
773 -98.0000000000
776 -97.0000000000
802 -96.0000000000
829 -95.0000000000
835 -94.0000000000
849 -93.0000000000
862 -92.0000000000
869 -91.0000000000
874 -90.0000000000
888 -89.0000000000
903 -88.0000000000
915 -87.0000000000
949 -86.0000000000
965 -84.0000000000
991 -83.0000000000
1014 -82.0000000000
1043 -81.0000000000
1049 -80.0000000000
1073 -79.0000000000
1086 -78.0000000000
1094 -77.0000000000
1128 -76.0000000000
1133 -75.0000000000
1159 -74.0000000000
1183 -72.0000000000
1215 -70.0000000000
1253 -69.0000000000
1283 -68.0000000000
1302 -67.0000000000
1308 -65.0000000000
1344 -64.0000000000
1354 -63.0000000000
1392 -62.0000000000
1425 -61.0000000000
1477 -60.0000000000
1507 -59.0000000000
1570 -58.0000000000
1601 -57.0000000000
1661 -56.0000000000
1676 -55.0000000000
1678 -54.0000000000
1738 -53.0000000000
1742 -51.0000000000
1772 -50.0000000000
1793 -49.0000000000
1831 -48.0000000000
1874 -47.0000000000
1893 -46.0000000000
1916 -45.0000000000
1947 -44.0000000000
1960 -43.0000000000
1966 -41.0000000000
1998 -40.0000000000
2032 -39.0000000000
2043 -38.0000000000
2090 -37.0000000000
2097 -36.0000000000
2115 -35.0000000000
2232 -34.0000000000
2352 -33.0000000000
2379 -32.0000000000
2441 -31.0000000000
2526 -29.0000000000
2600 -28.0000000000
2644 -27.0000000000
2718 -26.0000000000
2739 -25.0000000000
2768 -24.0000000000
2779 -23.0000000000
2814 -21.0000000000
2844 -20.0000000000
2869 -19.0000000000
2916 -18.0000000000
2950 -17.0000000000
2983 -16.0000000000
3000 -15.0000000000
3003 -14.0000000000
3034 -13.0000000000
3061 -12.0000000000
3102 -11.0000000000
3136 -10.0000000000
3216 -9.0000000000
3257 -8.0000000000
3276 -7.0000000000
3324 -6.0000000000
3368 -5.0000000000
3439 -4.0000000000
3495 -3.0000000000
3860 -2.0000000000
3911 -1.0000000000
4018 367.0000000000
5296 381.0000000000
5977 398.0000000000
6920 399.0000000000
8534 404.0000000000
8543 406.0000000000
10010 -1.0000000000
evaluations raw_y
1 -217.0000000000
2 -215.0000000000
3 -212.0000000000
4 -206.0000000000
5 -198.0000000000
19 -197.0000000000
37 -195.0000000000
40 -194.0000000000
43 -190.0000000000
45 -185.0000000000
59 -184.0000000000
62 -181.0000000000
67 -179.0000000000
70 -178.0000000000
83 -177.0000000000
88 -176.0000000000
92 -174.0000000000
124 -173.0000000000
125 -172.0000000000
136 -171.0000000000
143 -170.0000000000
147 -168.0000000000
156 -167.0000000000
167 -166.0000000000
170 -165.0000000000
175 -164.0000000000
192 -163.0000000000
201 -162.0000000000
215 -160.0000000000
229 -159.0000000000
236 -158.0000000000
257 -157.0000000000
261 -156.0000000000
265 -155.0000000000
286 -154.0000000000
311 -153.0000000000
313 -151.0000000000
340 -150.0000000000
366 -149.0000000000
371 -148.0000000000
377 -147.0000000000
395 -145.0000000000
415 -144.0000000000
426 -143.0000000000
442 -142.0000000000
450 -141.0000000000
455 -140.0000000000
464 -139.0000000000
468 -138.0000000000
478 -137.0000000000
483 -136.0000000000
516 -135.0000000000
529 -134.0000000000
536 -132.0000000000
568 -131.0000000000
603 -129.0000000000
618 -128.0000000000
629 -126.0000000000
648 -124.0000000000
674 -123.0000000000
686 -122.0000000000
709 -121.0000000000
712 -120.0000000000
744 -119.0000000000
745 -118.0000000000
763 -116.0000000000
765 -115.0000000000
794 -114.0000000000
803 -113.0000000000
832 -111.0000000000
836 -110.0000000000
837 -109.0000000000
852 -108.0000000000
854 -107.0000000000
871 -106.0000000000
894 -105.0000000000
922 -104.0000000000
937 -103.0000000000
939 -102.0000000000
959 -100.0000000000
975 -99.0000000000
981 -98.0000000000
1007 -97.0000000000
1017 -96.0000000000
1023 -94.0000000000
1056 -93.0000000000
1073 -92.0000000000
1094 -91.0000000000
1099 -90.0000000000
1136 -89.0000000000
1143 -88.0000000000
1152 -87.0000000000
1212 -86.0000000000
1266 -85.0000000000
1308 -84.0000000000
1369 -83.0000000000
1391 -82.0000000000
1407 -81.0000000000
1440 -80.0000000000
1460 -79.0000000000
1486 -78.0000000000
1550 -77.0000000000
1578 -76.0000000000
1589 -75.0000000000
1629 -74.0000000000
1640 -73.0000000000
1715 -72.0000000000
1731 -71.0000000000
1755 -70.0000000000
1763 -69.0000000000
1774 -68.0000000000
1800 -67.0000000000
1807 -66.0000000000
1864 -65.0000000000
1875 -64.0000000000
1885 -63.0000000000
1895 -62.0000000000
1900 -61.0000000000
1921 -60.0000000000
1961 -59.0000000000
1981 -58.0000000000
2025 -57.0000000000
2047 -56.0000000000
2049 -55.0000000000
2081 -54.0000000000
2105 -53.0000000000
2110 -52.0000000000
2148 -51.0000000000
2179 -50.0000000000
2199 -49.0000000000
2217 -48.0000000000
2246 -47.0000000000
2300 -46.0000000000
2312 -45.0000000000
2344 -44.0000000000
2392 -43.0000000000
2432 -42.0000000000
2476 -41.0000000000
2491 -40.0000000000
2510 -39.0000000000
2550 -38.0000000000
2578 -37.0000000000
2586 -36.0000000000
2619 -35.0000000000
2635 -34.0000000000
2661 -32.0000000000
2705 -31.0000000000
2752 -30.0000000000
2772 -29.0000000000
2816 -28.0000000000
2836 -27.0000000000
2886 -26.0000000000
2926 -25.0000000000
2973 -24.0000000000
2974 -23.0000000000
2982 -22.0000000000
3008 -21.0000000000
3040 -20.0000000000
3095 -19.0000000000
3102 -18.0000000000
3142 -17.0000000000
3162 -16.0000000000
3202 -15.0000000000
3225 -14.0000000000
3330 -13.0000000000
3331 -12.0000000000
3377 -11.0000000000
3578 -10.0000000000
3597 -9.0000000000
3635 -8.0000000000
3657 -7.0000000000
3686 -6.0000000000
3748 -5.0000000000
3769 -4.0000000000
3971 -3.0000000000
4020 -2.0000000000
4086 -1.0000000000
4163 394.0000000000
4691 395.0000000000
4728 396.0000000000
9676 399.0000000000
9761 405.0000000000
9811 410.0000000000
10010 410.0000000000
evaluations raw_y
1 -217.0000000000
6 -205.0000000000
19 -197.0000000000
26 -196.0000000000
36 -175.0000000000
61 -171.0000000000
65 -170.0000000000
69 -164.0000000000
89 -163.0000000000
92 -161.0000000000
105 -160.0000000000
114 -159.0000000000
124 -157.0000000000
147 -156.0000000000
177 -155.0000000000
187 -153.0000000000
210 -152.0000000000
219 -151.0000000000
224 -150.0000000000
228 -149.0000000000
232 -147.0000000000
256 -145.0000000000
278 -144.0000000000
290 -143.0000000000
294 -142.0000000000
305 -141.0000000000
317 -140.0000000000
327 -139.0000000000
336 -138.0000000000
349 -137.0000000000
356 -136.0000000000
379 -135.0000000000
384 -134.0000000000
394 -133.0000000000
414 -132.0000000000
424 -131.0000000000
436 -130.0000000000
437 -129.0000000000
460 -128.0000000000
465 -127.0000000000
496 -126.0000000000
497 -125.0000000000
517 -123.0000000000
544 -122.0000000000
558 -121.0000000000
574 -120.0000000000
580 -119.0000000000
619 -118.0000000000
632 -117.0000000000
637 -116.0000000000
642 -115.0000000000
648 -113.0000000000
676 -112.0000000000
680 -110.0000000000
693 -109.0000000000
709 -108.0000000000
712 -107.0000000000
716 -106.0000000000
740 -104.0000000000
793 -103.0000000000
802 -102.0000000000
826 -101.0000000000
852 -100.0000000000
865 -99.0000000000
887 -98.0000000000
910 -97.0000000000
914 -96.0000000000
936 -95.0000000000
949 -94.0000000000
965 -92.0000000000
1005 -90.0000000000
1023 -89.0000000000
1026 -88.0000000000
1045 -86.0000000000
1063 -85.0000000000
1069 -84.0000000000
1086 -83.0000000000
1099 -82.0000000000
1107 -81.0000000000
1132 -78.0000000000
1169 -75.0000000000
1190 -74.0000000000
1215 -73.0000000000
1242 -72.0000000000
1248 -71.0000000000
1253 -70.0000000000
1272 -69.0000000000
1276 -68.0000000000
1313 -67.0000000000
1338 -66.0000000000
1342 -65.0000000000
1375 -63.0000000000
1400 -62.0000000000
1414 -61.0000000000
1453 -60.0000000000
1496 -59.0000000000
1519 -58.0000000000
1551 -57.0000000000
1572 -56.0000000000
1576 -55.0000000000
1590 -54.0000000000
1595 -53.0000000000
1611 -52.0000000000
1643 -51.0000000000
1664 -50.0000000000
1685 -49.0000000000
1733 -48.0000000000
1798 -47.0000000000
1844 -46.0000000000
1975 -45.0000000000
1987 -44.0000000000
2009 -43.0000000000
2026 -42.0000000000
2046 -41.0000000000
2081 -40.0000000000
2088 -39.0000000000
2102 -38.0000000000
2124 -37.0000000000
2143 -36.0000000000
2178 -35.0000000000
2192 -34.0000000000
2197 -33.0000000000
2243 -32.0000000000
2258 -31.0000000000
2312 -30.0000000000
2326 -29.0000000000
2334 -28.0000000000
2443 -27.0000000000
2526 -26.0000000000
2549 -25.0000000000
2682 -24.0000000000
2724 -23.0000000000
2759 -22.0000000000
2777 -21.0000000000
2835 -20.0000000000
2867 -19.0000000000
2896 -18.0000000000
2941 -17.0000000000
2954 -16.0000000000
3064 -15.0000000000
3140 -14.0000000000
3284 -13.0000000000
3348 -12.0000000000
3385 -11.0000000000
3469 -10.0000000000
3499 -9.0000000000
3516 -8.0000000000
3561 -7.0000000000
3649 -6.0000000000
3708 -5.0000000000
3757 -4.0000000000
3772 -3.0000000000
3946 -2.0000000000
4066 -1.0000000000
4108 374.0000000000
4990 380.0000000000
5109 388.0000000000
5189 393.0000000000
6005 395.0000000000
7740 399.0000000000
7746 401.0000000000
8910 404.0000000000
8964 406.0000000000
10010 -3.0000000000
evaluations raw_y
1 -212.0000000000
5 -205.0000000000
23 -204.0000000000
31 -203.0000000000
32 -201.0000000000
36 -199.0000000000
40 -198.0000000000
41 -195.0000000000
47 -191.0000000000
48 -190.0000000000
54 -187.0000000000
57 -184.0000000000
70 -180.0000000000
75 -179.0000000000
90 -178.0000000000
96 -174.0000000000
112 -172.0000000000
116 -170.0000000000
135 -168.0000000000
141 -167.0000000000
159 -166.0000000000
165 -165.0000000000
171 -162.0000000000
195 -161.0000000000
212 -159.0000000000
240 -158.0000000000
253 -157.0000000000
255 -156.0000000000
273 -155.0000000000
276 -154.0000000000
310 -153.0000000000
330 -152.0000000000
353 -149.0000000000
380 -148.0000000000
387 -147.0000000000
399 -144.0000000000
423 -143.0000000000
427 -140.0000000000
433 -139.0000000000
464 -138.0000000000
472 -137.0000000000
479 -135.0000000000
488 -134.0000000000
509 -133.0000000000
518 -132.0000000000
530 -131.0000000000
553 -130.0000000000
565 -129.0000000000
584 -128.0000000000
591 -126.0000000000
624 -124.0000000000
641 -123.0000000000
663 -122.0000000000
668 -120.0000000000
690 -119.0000000000
694 -118.0000000000
698 -117.0000000000
718 -116.0000000000
734 -114.0000000000
754 -113.0000000000
761 -112.0000000000
764 -111.0000000000
782 -110.0000000000
797 -109.0000000000
817 -108.0000000000
844 -107.0000000000
849 -106.0000000000
859 -105.0000000000
867 -104.0000000000
886 -103.0000000000
891 -102.0000000000
911 -101.0000000000
933 -100.0000000000
953 -99.0000000000
966 -98.0000000000
991 -97.0000000000
998 -96.0000000000
1007 -95.0000000000
1034 -94.0000000000
1050 -92.0000000000
1074 -91.0000000000
1098 -90.0000000000
1107 -89.0000000000
1131 -88.0000000000
1137 -86.0000000000
1156 -85.0000000000
1161 -84.0000000000
1175 -83.0000000000
1200 -82.0000000000
1201 -81.0000000000
1227 -80.0000000000
1240 -79.0000000000
1241 -78.0000000000
1285 -77.0000000000
1299 -76.0000000000
1314 -75.0000000000
1341 -74.0000000000
1365 -73.0000000000
1381 -72.0000000000
1408 -71.0000000000
1410 -70.0000000000
1436 -69.0000000000
1439 -68.0000000000
1449 -67.0000000000
1470 -66.0000000000
1478 -65.0000000000
1504 -64.0000000000
1505 -63.0000000000
1570 -62.0000000000
1581 -61.0000000000
1588 -60.0000000000
1639 -59.0000000000
1738 -58.0000000000
1753 -57.0000000000
1773 -56.0000000000
1789 -55.0000000000
1790 -53.0000000000
1803 -52.0000000000
1827 -51.0000000000
1836 -50.0000000000
1869 -49.0000000000
1873 -48.0000000000
1902 -47.0000000000
1905 -46.0000000000
1920 -45.0000000000
1937 -44.0000000000
1984 -43.0000000000
2003 -42.0000000000
2033 -41.0000000000
2035 -40.0000000000
2052 -39.0000000000
2128 -38.0000000000
2176 -37.0000000000
2217 -36.0000000000
2268 -35.0000000000
2303 -34.0000000000
2364 -33.0000000000
2391 -32.0000000000
2413 -30.0000000000
2415 -29.0000000000
2462 -28.0000000000
2528 -27.0000000000
2533 -26.0000000000
2565 -25.0000000000
2576 -24.0000000000
2591 -23.0000000000
2640 -22.0000000000
2663 -21.0000000000
2672 -20.0000000000
2744 -19.0000000000
2811 -18.0000000000
2906 -17.0000000000
2934 -16.0000000000
2961 -15.0000000000
3013 -14.0000000000
3118 -13.0000000000
3136 -12.0000000000
3203 -11.0000000000
3224 -10.0000000000
3284 -9.0000000000
3313 -8.0000000000
3352 -7.0000000000
3385 -6.0000000000
3399 -5.0000000000
3464 -4.0000000000
3689 -3.0000000000
3716 -2.0000000000
3735 -1.0000000000
4039 358.0000000000
4064 371.0000000000
4263 398.0000000000
4552 400.0000000000
4580 401.0000000000
5702 410.0000000000
6256 413.0000000000
7205 415.0000000000
8124 417.0000000000
10010 417.0000000000
evaluations raw_y
1 -200.0000000000
2 -198.0000000000
9 -183.0000000000
32 -178.0000000000
34 -174.0000000000
36 -169.0000000000
40 -165.0000000000
62 -164.0000000000
64 -163.0000000000
74 -161.0000000000
82 -160.0000000000
102 -159.0000000000
104 -157.0000000000
109 -154.0000000000
121 -153.0000000000
126 -151.0000000000
128 -148.0000000000
156 -147.0000000000
159 -146.0000000000
169 -145.0000000000
182 -143.0000000000
239 -142.0000000000
248 -141.0000000000
259 -140.0000000000
269 -139.0000000000
297 -137.0000000000
333 -136.0000000000
345 -135.0000000000
377 -134.0000000000
386 -133.0000000000
419 -132.0000000000
438 -131.0000000000
451 -129.0000000000
474 -128.0000000000
479 -127.0000000000
490 -126.0000000000
519 -125.0000000000
532 -124.0000000000
534 -123.0000000000
565 -122.0000000000
584 -121.0000000000
611 -119.0000000000
640 -118.0000000000
657 -117.0000000000
663 -116.0000000000
676 -115.0000000000
679 -114.0000000000
696 -113.0000000000
706 -111.0000000000
741 -110.0000000000
745 -109.0000000000
753 -108.0000000000
766 -107.0000000000
781 -106.0000000000
794 -105.0000000000
815 -104.0000000000
817 -103.0000000000
818 -102.0000000000
833 -101.0000000000
841 -100.0000000000
855 -99.0000000000
869 -98.0000000000
900 -97.0000000000
918 -96.0000000000
923 -95.0000000000
961 -94.0000000000
972 -92.0000000000
1000 -91.0000000000
1001 -90.0000000000
1012 -89.0000000000
1030 -88.0000000000
1059 -86.0000000000
1075 -85.0000000000
1092 -84.0000000000
1101 -83.0000000000
1107 -82.0000000000
1126 -81.0000000000
1150 -80.0000000000
1163 -79.0000000000
1164 -78.0000000000
1181 -77.0000000000
1195 -76.0000000000
1222 -75.0000000000
1240 -74.0000000000
1252 -73.0000000000
1267 -72.0000000000
1275 -71.0000000000
1292 -70.0000000000
1303 -69.0000000000
1308 -68.0000000000
1327 -67.0000000000
1328 -66.0000000000
1336 -65.0000000000
1374 -63.0000000000
1375 -62.0000000000
1404 -61.0000000000
1443 -60.0000000000
1452 -59.0000000000
1458 -58.0000000000
1470 -57.0000000000
1483 -55.0000000000
1523 -54.0000000000
1533 -53.0000000000
1561 -52.0000000000
1582 -51.0000000000
1601 -50.0000000000
1632 -48.0000000000
1654 -47.0000000000
1679 -46.0000000000
1709 -45.0000000000
1726 -44.0000000000
1771 -43.0000000000
1865 -42.0000000000
1919 -41.0000000000
1940 -40.0000000000
1983 -39.0000000000
2025 -38.0000000000
2082 -37.0000000000
2097 -36.0000000000
2121 -34.0000000000
2139 -33.0000000000
2177 -32.0000000000
2205 -31.0000000000
2240 -30.0000000000
2243 -29.0000000000
2252 -28.0000000000
2280 -27.0000000000
2304 -26.0000000000
2377 -25.0000000000
2393 -24.0000000000
2490 -23.0000000000
2562 -22.0000000000
2566 -21.0000000000
2578 -20.0000000000
2631 -19.0000000000
2666 -18.0000000000
2701 -17.0000000000
2705 -16.0000000000
2723 -15.0000000000
2766 -14.0000000000
2793 -13.0000000000
2852 -12.0000000000
2875 -11.0000000000
2911 -10.0000000000
2931 -9.0000000000
2963 -7.0000000000
2988 -6.0000000000
3076 -5.0000000000
3135 -4.0000000000
3177 -3.0000000000
3253 -2.0000000000
3283 -1.0000000000
3750 370.0000000000
4189 385.0000000000
4191 393.0000000000
4344 397.0000000000
5721 398.0000000000
8322 400.0000000000
8413 403.0000000000
8520 407.0000000000
10010 -1.0000000000
