run,evaluations,best_so_far
1,7458,375.0
1,7484,401.0
1,7498,401.0
1,7514,401.0
1,8259,401.0
1,8273,401.0
1,8299,404.0
1,8301,404.0
1,8317,405.0
1,8331,439.0
1,8333,439.0
1,8363,439.0
1,8377,439.0
1,8391,439.0
1,8419,439.0
1,8433,440.0
1,8435,440.0
1,8437,440.0
1,8451,453.0
1,8469,453.0
1,8471,453.0
1,8501,453.0
1,8529,453.0
1,8531,453.0
1,8559,513.0
1,8573,540.0
1,8601,540.0
1,8615,540.0
1,8643,540.0
1,8671,540.0
1,8699,540.0
1,8713,540.0
1,8733,540.0
1,8747,540.0
1,8749,540.0
1,8777,540.0
1,8793,540.0
1,8811,540.0
1,8837,590.0
1,8865,590.0
1,8879,590.0
1,8893,602.0
1,8907,602.0
1,8941,602.0
1,8973,602.0
1,8999,607.0
1,9017,607.0
1,9033,607.0
1,9053,607.0
1,9067,607.0
1,9083,607.0
1,9113,607.0
1,9127,607.0
1,9153,622.0
1,9187,623.0
1,9207,623.0
1,9235,623.0
1,9249,623.0
1,9279,623.0
1,9295,623.0
1,9309,623.0
1,9311,623.0
1,9339,633.0
1,9341,633.0
1,9357,633.0
1,9375,633.0
1,9389,633.0
1,9405,633.0
1,9421,633.0
1,9451,633.0
1,9453,633.0
1,9469,633.0
1,9497,633.0
1,9517,633.0
1,9531,633.0
1,9545,633.0
1,9575,633.0
1,9601,633.0
1,9617,633.0
1,9631,633.0
1,9645,633.0
1,9659,633.0
1,9675,633.0
1,9703,633.0
1,9735,633.0
1,9737,633.0
1,9751,633.0
1,9765,633.0
1,9797,633.0
1,9813,633.0
1,9827,633.0
1,9829,633.0
1,9855,633.0
1,9857,633.0
1,9885,633.0
1,9899,633.0
1,9927,633.0
1,9957,633.0
1,9971,633.0
1,9985,633.0
1,10013,633.0
1,10043,633.0
1,10071,633.0
1,10087,633.0
1,10089,633.0
1,10115,633.0
1,10143,633.0
1,10145,633.0
1,10159,633.0
1,10173,633.0
1,10187,649.0
1,10215,649.0
1,10229,649.0
1,10231,649.0
1,10259,649.0
1,10287,649.0
1,10315,649.0
1,10331,649.0
1,10361,649.0
1,10375,649.0
1,10389,649.0
1,10405,649.0
1,10419,650.0
1,10433,650.0
1,10447,661.0
1,10461,661.0
1,10487,661.0
1,10501,661.0
1,10515,661.0
1,10545,661.0
1,10547,661.0
1,10573,661.0
1,10589,661.0
1,10603,661.0
1,10631,661.0
1,10633,661.0
1,10647,661.0
1,10661,661.0
1,10677,661.0
1,10703,661.0
1,10719,661.0
1,10733,661.0
1,10753,661.0
1,10755,661.0
1,10757,661.0
1,10773,661.0
1,10775,661.0
1,10777,661.0
1,10791,661.0
1,10821,661.0
1,10837,661.0
1,10851,661.0
1,10865,661.0
1,10891,661.0
1,10917,661.0
1,10933,661.0
1,10947,661.0
1,10961,661.0
1,10963,661.0
1,10977,661.0
1,11003,661.0
1,11029,661.0
1,11043,664.0
1,11059,664.0
1,11073,664.0
1,11087,664.0
1,11117,664.0
1,11131,664.0
1,11161,664.0
1,11193,664.0
1,11219,664.0
1,11245,664.0
1,11277,664.0
1,11305,664.0
1,11307,664.0
1,11321,664.0
1,11337,664.0
1,11363,664.0
1,11393,664.0
1,11395,664.0
1,11423,664.0
1,11439,664.0
1,11453,664.0
1,11483,664.0
1,11515,664.0
1,11529,664.0
1,11547,664.0
1,11561,664.0
1,11591,664.0
1,11621,664.0
1,11623,664.0
1,11649,664.0
1,11663,664.0
1,11665,664.0
1,11693,664.0
1,11719,664.0
1,11733,664.0
1,11747,664.0
1,11777,664.0
1,11807,664.0
1,11809,664.0
1,11823,664.0
1,11825,664.0
1,11827,664.0
1,11841,664.0
1,11869,664.0
1,11871,664.0
1,11885,664.0
1,11887,664.0
1,11901,664.0
1,11927,664.0
1,11941,664.0
1,11957,664.0
1,11983,664.0
1,12009,664.0
1,12037,664.0
1,12051,668.0
1,12065,668.0
1,12079,668.0
1,12105,668.0
1,12131,669.0
1,12145,669.0
1,12147,669.0
1,12181,669.0
1,12207,669.0
1,12237,669.0
1,12265,669.0
1,12281,669.0
1,12295,669.0
1,12325,669.0
1,12339,669.0
1,12353,669.0
1,12379,669.0
1,12393,670.0
1,12423,670.0
1,12437,670.0
1,12451,670.0
1,12479,670.0
1,12493,670.0
1,12507,670.0
1,12537,670.0
1,12565,670.0
1,12581,670.0
1,12613,670.0
1,12615,670.0
1,12643,670.0
1,12659,670.0
1,12689,670.0
1,12703,672.0
1,12705,672.0
1,12707,672.0
1,12723,672.0
1,12737,672.0
1,12751,672.0
1,12781,672.0
1,12783,672.0
1,12797,672.0
1,12811,672.0
1,12825,672.0
1,12855,672.0
1,12873,672.0
1,12887,672.0
1,12903,672.0
1,12929,672.0
1,12957,672.0
1,12985,672.0
1,12999,675.0
1,13025,675.0
1,13053,675.0
1,13079,675.0
1,13093,675.0
1,13109,675.0
1,13125,675.0
1,13155,675.0
1,13187,675.0
1,13213,675.0
1,13241,675.0
1,13243,675.0
1,13261,675.0
1,13289,675.0
1,13305,675.0
1,13319,675.0
1,13321,675.0
1,13349,675.0
1,13377,675.0
1,13411,675.0
1,13427,675.0
1,13441,675.0
1,13475,675.0
1,13509,675.0
1,13523,677.0
1,13525,677.0
1,13553,677.0
1,13579,677.0
1,13605,677.0
1,13635,677.0
1,13661,677.0
1,13663,677.0
1,13689,683.0
1,13703,683.0
1,13717,683.0
1,13743,683.0
1,13757,683.0
1,13783,683.0
1,13799,683.0
1,13813,683.0
1,13843,683.0
1,13859,683.0
1,13885,684.0
1,13887,684.0
1,13889,684.0
1,13907,684.0
1,13939,684.0
1,13941,684.0
1,13969,684.0
1,13971,684.0
1,13985,684.0
1,14011,684.0
1,14037,684.0
1,14039,684.0
1,14057,684.0
1,14073,684.0
1,14075,684.0
1,14107,684.0
1,14141,684.0
1,14143,684.0
1,14145,684.0
1,14159,684.0
1,14191,684.0
1,14219,684.0
1,14249,684.0
1,14265,684.0
1,14279,684.0
1,14281,684.0
1,14313,684.0
1,14327,684.0
1,14357,684.0
1,14371,684.0
1,14399,684.0
1,14401,684.0
1,14429,684.0
1,14443,684.0
1,14469,685.0
1,14499,685.0
1,14515,685.0
1,14543,685.0
1,14557,685.0
1,14571,685.0
1,14599,685.0
1,14625,685.0
1,14639,685.0
1,14641,685.0
1,14643,685.0
1,14659,685.0
1,14673,685.0
1,14687,685.0
1,14701,685.0
1,14715,685.0
1,14743,685.0
1,14745,685.0
1,14781,685.0
1,14799,685.0
1,14813,685.0
1,14831,685.0
1,14845,685.0
1,14847,685.0
1,14877,685.0
1,14897,685.0
1,14925,685.0
1,14941,685.0
1,14955,685.0
1,14975,685.0
1,14977,685.0
1,14991,685.0
1,15005,685.0
1,15035,685.0
1,15037,685.0
1,15067,685.0
1,15081,685.0
1,15095,685.0
1,15097,685.0
1,15099,685.0
1,15101,685.0
1,15117,685.0
1,15149,685.0
1,15163,685.0
1,15195,685.0
1,15221,685.0
1,15235,685.0
1,15237,685.0
1,15239,685.0
1,15269,685.0
1,15285,685.0
1,15303,685.0
1,15319,685.0
1,15333,685.0
1,15347,685.0
1,15361,685.0
1,15377,685.0
1,15391,685.0
1,15405,685.0
1,15433,685.0
1,15435,685.0
1,15465,685.0
1,15483,685.0
1,15497,685.0
1,15511,685.0
1,15513,685.0
1,15539,685.0
1,15565,685.0
1,15567,685.0
1,15583,685.0
1,15609,685.0
1,15623,685.0
1,15653,685.0
1,15667,685.0
1,15683,685.0
1,15711,685.0
1,15729,685.0
1,15745,685.0
1,15771,685.0
1,15785,685.0
1,15799,685.0
1,15829,685.0
1,15843,685.0
1,15857,685.0
1,15883,685.0
1,15909,685.0
1,15935,685.0
1,15949,685.0
1,15963,685.0
1,15993,685.0
1,16023,685.0
1,16025,685.0
1,16041,685.0
1,16057,685.0
1,16085,685.0
1,16099,685.0
1,16113,685.0
1,16129,685.0
1,16159,685.0
1,16173,685.0
1,16201,685.0
1,16203,685.0
1,16205,685.0
1,16219,685.0
1,16239,685.0
1,16255,685.0
1,16287,685.0
1,16301,685.0
1,16327,685.0
1,16329,685.0
1,16363,685.0
1,16379,685.0
1,16407,685.0
1,16421,685.0
1,16437,685.0
1,16451,685.0
1,16465,685.0
1,16491,685.0
1,16517,685.0
1,16543,685.0
1,16557,685.0
1,16559,685.0
1,16585,685.0
1,16601,685.0
1,16629,685.0
1,16645,685.0
1,16675,685.0
1,16689,685.0
1,16703,685.0
1,16705,685.0
1,16721,685.0
1,16735,685.0
1,16749,685.0
1,16777,685.0
1,16779,685.0
1,16793,685.0
1,16819,685.0
1,16835,685.0
1,16863,685.0
1,16889,685.0
1,16905,685.0
1,16925,685.0
1,16943,685.0
1,16969,685.0
1,17001,685.0
1,17021,685.0
1,17049,685.0
1,17069,685.0
1,17097,685.0
1,17115,685.0
1,17117,685.0
1,17119,685.0
1,17145,685.0
1,17173,685.0
1,17189,685.0
1,17217,685.0
1,17233,685.0
1,17259,685.0
1,17273,685.0
1,17289,685.0
1,17303,685.0
1,17319,685.0
1,17321,685.0
1,17335,685.0
1,17337,685.0
1,17339,685.0
1,17365,685.0
1,17385,685.0
1,17415,685.0
1,17429,685.0
1,17431,685.0
1,17445,685.0
2,7498,439.0
2,7534,439.0
2,7536,439.0
2,7550,477.0
2,7586,477.0
2,7602,477.0
2,7628,524.0
2,7644,539.0
2,7658,539.0
2,7660,539.0
2,7690,539.0
2,7704,539.0
2,8431,539.0
2,8447,539.0
2,8477,539.0
2,8503,575.0
2,8505,575.0
2,8507,575.0
2,8509,575.0
2,8541,575.0
2,8567,575.0
2,8581,603.0
2,8595,603.0
2,8621,603.0
2,8649,603.0
2,8675,603.0
2,8689,603.0
2,8703,603.0
2,8705,603.0
2,8737,603.0
2,8751,603.0
2,8777,604.0
2,8805,604.0
2,8833,604.0
2,8847,604.0
2,8861,604.0
2,8863,604.0
2,8889,618.0
2,8915,618.0
2,8943,618.0
2,8957,618.0
2,8959,618.0
2,8987,618.0
2,9001,618.0
2,9015,618.0
2,9043,618.0
2,9057,618.0
2,9071,618.0
2,9073,618.0
2,9099,618.0
2,9113,618.0
2,9129,618.0
2,9131,618.0
2,9145,618.0
2,9159,618.0
2,9173,618.0
2,9199,618.0
2,9213,618.0
2,9241,618.0
2,9255,618.0
2,9269,618.0
2,9283,618.0
2,9309,618.0
2,9339,618.0
2,9353,618.0
2,9369,618.0
2,9383,618.0
2,9397,625.0
2,9399,625.0
2,9415,625.0
2,9417,625.0
2,9419,625.0
2,9449,634.0
2,9475,655.0
2,9501,655.0
2,9533,655.0
2,9561,655.0
2,9587,655.0
2,9589,655.0
2,9603,655.0
2,9629,655.0
2,9631,655.0
2,9657,655.0
2,9659,655.0
2,9661,655.0
2,9691,655.0
2,9693,655.0
2,9711,655.0
2,9737,655.0
2,9765,655.0
2,9793,655.0
2,9807,655.0
2,9833,655.0
2,9849,655.0
2,9881,655.0
2,9907,655.0
2,9909,655.0
2,9911,655.0
2,9943,655.0
2,9959,655.0
2,9985,655.0
2,10011,656.0
2,10027,656.0
2,10055,656.0
2,10075,656.0
2,10091,656.0
2,10111,656.0
2,10139,656.0
2,10141,656.0
2,10167,656.0
2,10181,656.0
2,10211,656.0
2,10225,656.0
2,10255,656.0
2,10281,656.0
2,10295,656.0
2,10311,656.0
2,10329,656.0
2,10357,656.0
2,10385,656.0
2,10401,656.0
2,10403,656.0
2,10419,656.0
2,10433,656.0
2,10449,656.0
2,10463,656.0
2,10477,656.0
2,10507,656.0
2,10535,656.0
2,10563,656.0
2,10577,656.0
2,10579,656.0
2,10593,656.0
2,10621,656.0
2,10649,656.0
2,10677,658.0
2,10693,658.0
2,10723,658.0
2,10749,658.0
2,10777,658.0
2,10809,658.0
2,10825,658.0
2,10839,658.0
2,10867,658.0
2,10895,658.0
2,10923,658.0
2,10937,658.0
2,10951,658.0
2,10983,658.0
2,10997,658.0
2,11023,658.0
2,11039,658.0
2,11055,658.0
2,11069,663.0
2,11085,663.0
2,11111,663.0
2,11125,663.0
2,11139,663.0
2,11165,663.0
2,11179,663.0
2,11209,663.0
2,11225,663.0
2,11243,663.0
2,11271,665.0
2,11299,665.0
2,11327,665.0
2,11329,665.0
2,11355,665.0
2,11387,665.0
2,11413,666.0
2,11443,666.0
2,11457,666.0
2,11483,666.0
2,11497,666.0
2,11511,670.0
2,11527,670.0
2,11529,670.0
2,11557,670.0
2,11587,670.0
2,11603,670.0
2,11605,670.0
2,11619,670.0
2,11633,670.0
2,11651,670.0
2,11677,670.0
2,11693,670.0
2,11707,670.0
2,11723,670.0
2,11725,670.0
2,11755,670.0
2,11773,670.0
2,11775,670.0
2,11791,670.0
2,11807,670.0
2,11821,670.0
2,11835,670.0
2,11849,670.0
2,11877,670.0
2,11905,670.0
2,11923,670.0
2,11925,670.0
2,11939,670.0
2,11963,670.0
2,11991,670.0
2,12007,670.0
2,12023,670.0
2,12037,670.0
2,12051,670.0
2,12067,670.0
2,12093,670.0
2,12109,670.0
2,12123,671.0
2,12139,671.0
2,12155,671.0
2,12171,671.0
2,12185,671.0
2,12201,671.0
2,12219,671.0
2,12245,672.0
2,12273,674.0
2,12287,674.0
2,12301,674.0
2,12331,674.0
2,12333,674.0
2,12347,674.0
2,12361,674.0
2,12375,674.0
2,12391,674.0
2,12405,674.0
2,12421,674.0
2,12435,674.0
2,12469,674.0
2,12471,674.0
2,12497,674.0
2,12513,674.0
2,12531,674.0
2,12557,674.0
2,12571,674.0
2,12585,674.0
2,12599,674.0
2,12625,674.0
2,12641,674.0
2,12655,674.0
2,12683,674.0
2,12685,674.0
2,12711,674.0
2,12739,674.0
2,12741,674.0
2,12755,674.0
2,12757,674.0
2,12771,674.0
2,12785,681.0
2,12799,681.0
2,12813,684.0
2,12829,684.0
2,12831,684.0
2,12857,684.0
2,12875,684.0
2,12903,684.0
2,12917,684.0
2,12949,684.0
2,12975,684.0
2,13001,684.0
2,13003,684.0
2,13029,685.0
2,13031,685.0
2,13045,685.0
2,13071,685.0
2,13085,685.0
2,13099,685.0
2,13125,685.0
2,13151,685.0
2,13179,685.0
2,13205,685.0
2,13219,685.0
2,13237,685.0
2,13265,685.0
2,13267,685.0
2,13281,685.0
2,13283,685.0
2,13311,685.0
2,13327,685.0
2,13353,685.0
2,13367,685.0
2,13369,685.0
2,13397,685.0
2,13425,691.0
2,13451,691.0
2,13469,691.0
2,13483,691.0
2,13485,691.0
2,13501,691.0
2,13515,691.0
2,13547,691.0
2,13563,691.0
2,13581,691.0
2,13599,691.0
2,13601,691.0
2,13603,691.0
2,13619,691.0
2,13645,691.0
2,13659,691.0
2,13677,691.0
2,13679,691.0
2,13707,691.0
2,13721,691.0
2,13749,691.0
2,13763,691.0
2,13799,691.0
2,13815,691.0
2,13829,691.0
2,13855,691.0
2,13885,691.0
2,13887,691.0
2,13915,691.0
2,13929,691.0
2,13945,691.0
2,13959,691.0
2,13973,691.0
2,14001,691.0
2,14017,691.0
2,14033,691.0
2,14059,691.0
2,14073,691.0
2,14089,691.0
2,14107,691.0
2,14125,691.0
2,14151,691.0
2,14165,691.0
2,14193,691.0
2,14207,691.0
2,14237,691.0
2,14269,691.0
2,14283,691.0
2,14311,692.0
2,14327,692.0
2,14341,692.0
2,14367,692.0
2,14369,692.0
2,14389,692.0
2,14415,692.0
2,14429,692.0
2,14431,692.0
2,14449,692.0
2,14463,692.0
2,14489,692.0
2,14515,692.0
2,14529,692.0
2,14555,692.0
2,14569,692.0
2,14583,692.0
2,14585,692.0
2,14611,692.0
2,14637,692.0
2,14639,692.0
2,14641,692.0
2,14655,692.0
2,14687,692.0
2,14715,692.0
2,14717,692.0
2,14719,692.0
2,14745,692.0
2,14759,692.0
2,14761,692.0
2,14791,692.0
2,14805,692.0
2,14819,692.0
2,14821,692.0
2,14839,692.0
2,14865,692.0
2,14881,692.0
2,14909,692.0
2,14937,692.0
2,14969,692.0
2,14971,692.0
2,14999,692.0
2,15013,692.0
2,15041,692.0
2,15059,692.0
2,15073,692.0
2,15101,692.0
2,15115,692.0
2,15131,692.0
2,15149,692.0
2,15181,692.0
2,15183,692.0
2,15213,692.0
2,15231,692.0
2,15233,692.0
2,15263,692.0
2,15277,692.0
2,15305,692.0
2,15319,692.0
2,15349,692.0
2,15377,692.0
2,15391,692.0
2,15405,692.0
2,15421,692.0
2,15435,692.0
2,15461,692.0
2,15463,692.0
2,15493,692.0
2,15509,692.0
2,15535,692.0
2,15567,692.0
2,15581,692.0
2,15583,692.0
2,15599,692.0
2,15601,692.0
2,15615,692.0
2,15629,692.0
2,15661,692.0
2,15687,692.0
2,15705,692.0
2,15707,692.0
2,15737,692.0
2,15751,692.0
2,15767,692.0
2,15793,692.0
2,15819,692.0
2,15839,692.0
2,15865,692.0
2,15891,692.0
2,15921,692.0
2,15935,692.0
2,15937,692.0
2,15963,692.0
2,15989,692.0
2,16003,692.0
2,16023,692.0
2,16039,692.0
2,16053,692.0
2,16085,692.0
2,16111,692.0
2,16113,692.0
2,16127,692.0
2,16155,692.0
2,16157,692.0
2,16159,692.0
2,16177,692.0
2,16191,692.0
2,16205,692.0
2,16219,692.0
2,16249,692.0
2,16265,692.0
2,16281,692.0
2,16311,692.0
2,16341,692.0
2,16343,692.0
2,16359,692.0
2,16373,692.0
2,16375,692.0
2,16377,692.0
2,16393,692.0
2,16395,692.0
2,16425,692.0
2,16455,692.0
2,16469,692.0
2,16497,692.0
2,16499,692.0
2,16513,692.0
2,16527,692.0
2,16543,692.0
2,16557,692.0
2,16589,692.0
2,16603,692.0
2,16631,692.0
2,16649,692.0
2,16665,692.0
2,16691,692.0
2,16719,692.0
2,16735,692.0
2,16749,692.0
2,16763,692.0
2,16765,692.0
2,16779,692.0
2,16811,692.0
2,16839,692.0
2,16869,692.0
2,16883,692.0
2,16899,692.0
2,16917,692.0
2,16947,692.0
2,16963,692.0
2,16991,692.0
2,17021,692.0
2,17049,692.0
2,17077,692.0
2,17107,692.0
2,17135,692.0
2,17161,692.0
2,17175,692.0
2,17189,692.0
2,17215,692.0
2,17229,692.0
2,17255,692.0
2,17269,692.0
2,17271,692.0
2,17301,692.0
2,17315,692.0
2,17317,692.0
2,17347,692.0
2,17375,692.0
2,17389,692.0
2,17403,692.0
2,17431,692.0
2,17447,692.0
2,17473,692.0
3,7508,371.0
3,7536,371.0
3,7564,378.0
3,7578,378.0
3,7604,448.0
3,7630,506.0
3,7656,506.0
3,7670,506.0
3,7672,506.0
3,7698,506.0
3,7712,506.0
3,7726,506.0
3,7740,506.0
3,7768,522.0
3,8565,522.0
3,8579,522.0
3,8581,522.0
3,8595,522.0
3,8625,522.0
3,8639,551.0
3,8667,551.0
3,8669,551.0
3,8683,551.0
3,8685,551.0
3,8687,551.0
3,8703,551.0
3,8729,551.0
3,8731,551.0
3,8745,551.0
3,8773,588.0
3,8787,588.0
3,8815,588.0
3,8817,588.0
3,8833,607.0
3,8835,607.0
3,8849,607.0
3,8863,607.0
3,8879,607.0
3,8893,610.0
3,8909,610.0
3,8923,610.0
3,8951,610.0
3,8965,610.0
3,8967,610.0
3,8981,610.0
3,8999,610.0
3,9001,610.0
3,9003,610.0
3,9031,628.0
3,9063,628.0
3,9091,628.0
3,9105,628.0
3,9131,628.0
3,9149,628.0
3,9165,628.0
3,9195,628.0
3,9227,628.0
3,9253,632.0
3,9267,632.0
3,9293,632.0
3,9321,632.0
3,9349,632.0
3,9351,632.0
3,9365,632.0
3,9379,632.0
3,9395,632.0
3,9425,632.0
3,9439,632.0
3,9453,632.0
3,9467,632.0
3,9495,642.0
3,9511,642.0
3,9513,642.0
3,9527,642.0
3,9561,647.0
3,9577,647.0
3,9579,647.0
3,9593,647.0
3,9609,647.0
3,9611,647.0
3,9643,647.0
3,9645,647.0
3,9663,647.0
3,9695,647.0
3,9713,647.0
3,9715,647.0
3,9735,647.0
3,9737,647.0
3,9751,647.0
3,9783,647.0
3,9813,647.0
3,9827,647.0
3,9841,647.0
3,9873,647.0
3,9875,647.0
3,9903,647.0
3,9917,647.0
3,9947,647.0
3,9963,654.0
3,9965,654.0
3,9967,654.0
3,9969,654.0
3,9997,654.0
3,9999,654.0
3,10013,654.0
3,10029,654.0
3,10043,654.0
3,10057,654.0
3,10085,654.0
3,10111,654.0
3,10125,654.0
3,10141,654.0
3,10143,654.0
3,10145,654.0
3,10161,654.0
3,10189,654.0
3,10215,654.0
3,10235,654.0
3,10263,654.0
3,10279,654.0
3,10293,660.0
3,10309,660.0
3,10311,660.0
3,10313,660.0
3,10327,660.0
3,10341,660.0
3,10355,660.0
3,10381,660.0
3,10411,660.0
3,10439,660.0
3,10473,660.0
3,10501,660.0
3,10527,660.0
3,10555,660.0
3,10573,660.0
3,10601,660.0
3,10617,660.0
3,10631,660.0
3,10651,660.0
3,10667,660.0
3,10697,660.0
3,10727,660.0
3,10753,665.0
3,10783,665.0
3,10797,665.0
3,10811,665.0
3,10837,665.0
3,10857,665.0
3,10887,665.0
3,10903,665.0
3,10931,665.0
3,10965,665.0
3,10991,665.0
3,11019,665.0
3,11045,665.0
3,11071,665.0
3,11103,665.0
3,11119,665.0
3,11133,665.0
3,11147,665.0
3,11161,665.0
3,11187,665.0
3,11189,665.0
3,11221,665.0
3,11235,669.0
3,11237,669.0
3,11239,669.0
3,11255,669.0
3,11271,669.0
3,11299,669.0
3,11313,669.0
3,11327,669.0
3,11355,669.0
3,11371,669.0
3,11387,669.0
3,11401,669.0
3,11427,669.0
3,11441,669.0
3,11471,669.0
3,11487,669.0
3,11515,669.0
3,11529,669.0
3,11543,669.0
3,11569,669.0
3,11599,669.0
3,11633,669.0
3,11649,669.0
3,11681,669.0
3,11697,669.0
3,11715,669.0
3,11729,669.0
3,11757,669.0
3,11785,669.0
3,11813,669.0
3,11843,669.0
3,11845,669.0
3,11859,669.0
3,11861,669.0
3,11891,669.0
3,11905,669.0
3,11919,669.0
3,11933,669.0
3,11947,669.0
3,11961,669.0
3,11987,669.0
3,12013,669.0
3,12043,669.0
3,12057,669.0
3,12071,669.0
3,12085,669.0
3,12111,669.0
3,12137,669.0
3,12163,676.0
3,12165,676.0
3,12181,676.0
3,12195,676.0
3,12197,676.0
3,12213,676.0
3,12239,676.0
3,12253,676.0
3,12281,676.0
3,12297,676.0
3,12325,676.0
3,12353,676.0
3,12367,676.0
3,12381,676.0
3,12395,676.0
3,12425,676.0
3,12439,676.0
3,12457,676.0
3,12483,676.0
3,12513,676.0
3,12515,676.0
3,12529,676.0
3,12543,676.0
3,12557,676.0
3,12575,676.0
3,12589,676.0
3,12603,676.0
3,12633,676.0
3,12647,676.0
3,12661,676.0
3,12663,676.0
3,12693,676.0
3,12695,676.0
3,12709,676.0
3,12723,676.0
3,12737,676.0
3,12751,676.0
3,12777,676.0
3,12793,676.0
3,12825,676.0
3,12839,676.0
3,12855,676.0
3,12869,676.0
3,12897,676.0
3,12931,676.0
3,12945,676.0
3,12963,676.0
3,12979,676.0
3,12995,676.0
3,12997,676.0
3,13025,676.0
3,13057,676.0
3,13087,676.0
3,13103,676.0
3,13105,676.0
3,13131,676.0
3,13147,676.0
3,13173,676.0
3,13201,676.0
3,13227,676.0
3,13241,676.0
3,13255,676.0
3,13281,676.0
3,13309,676.0
3,13323,676.0
3,13325,676.0
3,13327,676.0
3,13341,676.0
3,13357,676.0
3,13383,676.0
3,13409,676.0
3,13423,676.0
3,13441,676.0
3,13455,676.0
3,13471,676.0
3,13497,676.0
3,13515,676.0
3,13541,676.0
3,13555,676.0
3,13581,676.0
3,13595,682.0
3,13597,682.0
3,13613,682.0
3,13615,682.0
3,13641,682.0
3,13657,682.0
3,13659,682.0
3,13661,682.0
3,13675,682.0
3,13689,682.0
3,13709,682.0
3,13725,682.0
3,13727,682.0
3,13753,682.0
3,13767,682.0
3,13769,682.0
3,13785,682.0
3,13799,682.0
3,13815,682.0
3,13829,682.0
3,13845,682.0
3,13863,682.0
3,13865,682.0
3,13891,682.0
3,13905,682.0
3,13931,682.0
3,13945,682.0
3,13947,682.0
3,13973,684.0
3,13987,684.0
3,14003,684.0
3,14017,684.0
3,14031,684.0
3,14059,684.0
3,14091,684.0
3,14123,684.0
3,14151,684.0
3,14153,684.0
3,14179,684.0
3,14207,684.0
3,14221,684.0
3,14237,684.0
3,14251,684.0
3,14267,684.0
3,14281,684.0
3,14297,684.0
3,14327,684.0
3,14341,684.0
3,14343,684.0
3,14359,684.0
3,14385,684.0
3,14411,684.0
3,14413,684.0
3,14439,684.0
3,14467,684.0
3,14497,684.0
3,14527,684.0
3,14541,684.0
3,14567,684.0
3,14593,684.0
3,14607,684.0
3,14633,684.0
3,14635,684.0
3,14651,684.0
3,14653,684.0
3,14683,684.0
3,14711,684.0
3,14725,684.0
3,14751,684.0
3,14753,684.0
3,14767,684.0
3,14781,684.0
3,14795,684.0
3,14809,684.0
3,14823,684.0
3,14851,684.0
3,14881,684.0
3,14897,684.0
3,14927,684.0
3,14943,684.0
3,14971,688.0
3,14997,688.0
3,15027,688.0
3,15029,688.0
3,15059,688.0
3,15061,688.0
3,15089,688.0
3,15115,688.0
3,15141,688.0
3,15155,688.0
3,15181,688.0
3,15209,688.0
3,15223,688.0
3,15251,688.0
3,15277,688.0
3,15307,688.0
3,15309,688.0
3,15335,688.0
3,15349,688.0
3,15363,688.0
3,15393,688.0
3,15395,688.0
3,15409,688.0
3,15427,689.0
3,15445,689.0
3,15447,689.0
3,15461,689.0
3,15489,689.0
3,15503,689.0
3,15517,689.0
3,15531,689.0
3,15545,689.0
3,15547,689.0
3,15575,689.0
3,15609,689.0
3,15625,689.0
3,15641,689.0
3,15655,689.0
3,15669,689.0
3,15697,689.0
3,15715,689.0
3,15729,690.0
3,15759,690.0
3,15773,690.0
3,15775,690.0
3,15777,690.0
3,15791,690.0
3,15821,690.0
3,15835,692.0
3,15863,692.0
3,15865,692.0
3,15895,692.0
3,15909,692.0
3,15911,692.0
3,15937,692.0
3,15939,692.0
3,15953,692.0
3,15955,692.0
3,15957,692.0
3,15975,692.0
3,16003,692.0
3,16023,692.0
3,16055,692.0
3,16057,692.0
3,16059,692.0
3,16087,692.0
3,16105,692.0
3,16131,692.0
3,16133,692.0
3,16163,692.0
3,16191,692.0
3,16205,692.0
3,16233,692.0
3,16249,692.0
3,16263,692.0
3,16265,692.0
3,16295,692.0
3,16315,692.0
3,16331,692.0
3,16365,692.0
3,16379,692.0
3,16381,692.0
3,16395,692.0
3,16411,692.0
3,16413,692.0
3,16445,692.0
3,16459,692.0
3,16487,692.0
3,16501,692.0
3,16535,692.0
3,16561,692.0
3,16577,692.0
3,16595,692.0
3,16611,692.0
3,16639,692.0
3,16653,692.0
3,16667,692.0
3,16693,692.0
3,16695,692.0
3,16721,692.0
3,16749,692.0
3,16751,692.0
3,16753,692.0
3,16767,692.0
3,16799,692.0
3,16813,692.0
3,16815,692.0
3,16833,692.0
3,16835,692.0
3,16867,692.0
3,16895,692.0
3,16923,692.0
3,16949,692.0
3,16963,692.0
3,16991,692.0
3,17017,692.0
3,17031,692.0
3,17049,692.0
3,17063,692.0
3,17079,692.0
3,17109,692.0
3,17137,692.0
3,17163,692.0
3,17165,692.0
3,17191,692.0
3,17205,692.0
3,17219,692.0
3,17221,692.0
3,17235,692.0
3,17263,692.0
3,17289,692.0
3,17303,692.0
3,17329,692.0
3,17331,692.0
3,17345,692.0
3,17359,692.0
3,17375,692.0
3,17377,692.0
3,17405,692.0
3,17421,692.0
3,17449,692.0
3,17463,692.0
3,17477,692.0
3,17491,692.0
3,17521,692.0
4,7658,419.0
4,7678,419.0
4,8429,467.0
4,8445,467.0
4,8473,467.0
4,8487,467.0
4,8513,516.0
4,8541,516.0
4,8543,516.0
4,8569,516.0
4,8583,516.0
4,8609,516.0
4,8623,516.0
4,8653,516.0
4,8667,516.0
4,8695,516.0
4,8711,516.0
4,8727,516.0
4,8729,516.0
4,8743,516.0
4,8757,555.0
4,8773,555.0
4,8799,555.0
4,8829,555.0
4,8843,555.0
4,8859,555.0
4,8873,555.0
4,8903,555.0
4,8929,555.0
4,8943,555.0
4,8959,555.0
4,8973,555.0
4,8987,555.0
4,9005,555.0
4,9019,555.0
4,9021,555.0
4,9039,555.0
4,9053,555.0
4,9069,555.0
4,9083,555.0
4,9097,555.0
4,9113,555.0
4,9127,573.0
4,9155,573.0
4,9171,573.0
4,9173,573.0
4,9203,609.0
4,9231,609.0
4,9233,609.0
4,9235,609.0
4,9253,609.0
4,9279,626.0
4,9311,626.0
4,9313,626.0
4,9339,626.0
4,9341,626.0
4,9361,635.0
4,9375,635.0
4,9407,635.0
4,9409,635.0
4,9423,635.0
4,9437,635.0
4,9465,635.0
4,9467,635.0
4,9495,635.0
4,9509,635.0
4,9537,635.0
4,9565,635.0
4,9593,635.0
4,9607,635.0
4,9609,635.0
4,9641,635.0
4,9655,635.0
4,9685,635.0
4,9701,635.0
4,9727,635.0
4,9729,635.0
4,9747,635.0
4,9761,635.0
4,9777,635.0
4,9803,635.0
4,9817,635.0
4,9831,635.0
4,9857,635.0
4,9887,635.0
4,9903,635.0
4,9935,635.0
4,9953,635.0
4,9967,635.0
4,9981,635.0
4,9995,649.0
4,10009,649.0
4,10023,649.0
4,10039,649.0
4,10055,649.0
4,10069,649.0
4,10085,649.0
4,10101,649.0
4,10127,649.0
4,10159,649.0
4,10177,649.0
4,10211,649.0
4,10227,649.0
4,10253,649.0
4,10279,650.0
4,10293,650.0
4,10321,650.0
4,10339,650.0
4,10355,650.0
4,10383,650.0
4,10409,660.0
4,10423,660.0
4,10425,660.0
4,10453,660.0
4,10481,660.0
4,10497,662.0
4,10525,662.0
4,10539,662.0
4,10553,662.0
4,10567,662.0
4,10595,662.0
4,10623,662.0
4,10625,662.0
4,10641,670.0
4,10669,670.0
4,10683,670.0
4,10715,670.0
4,10731,670.0
4,10745,670.0
4,10759,670.0
4,10785,670.0
4,10815,670.0
4,10835,670.0
4,10863,670.0
4,10865,670.0
4,10897,670.0
4,10923,670.0
4,10951,678.0
4,10965,678.0
4,10991,679.0
4,11019,679.0
4,11033,679.0
4,11035,679.0
4,11049,679.0
4,11051,679.0
4,11079,679.0
4,11093,679.0
4,11119,679.0
4,11147,679.0
4,11161,679.0
4,11189,679.0
4,11221,679.0
4,11235,679.0
4,11261,679.0
4,11275,679.0
4,11293,679.0
4,11323,679.0
4,11349,679.0
4,11365,679.0
4,11379,679.0
4,11405,679.0
4,11433,679.0
4,11461,679.0
4,11463,679.0
4,11465,679.0
4,11479,679.0
4,11499,679.0
4,11529,679.0
4,11531,679.0
4,11547,679.0
4,11577,679.0
4,11609,679.0
4,11623,679.0
4,11639,679.0
4,11653,679.0
4,11683,680.0
4,11717,680.0
4,11743,680.0
4,11771,680.0
4,11773,680.0
4,11775,680.0
4,11801,680.0
4,11817,680.0
4,11819,680.0
4,11839,680.0
4,11841,680.0
4,11873,680.0
4,11899,680.0
4,11927,680.0
4,11955,680.0
4,11957,680.0
4,11959,680.0
4,11961,680.0
4,11989,680.0
4,12005,680.0
4,12021,680.0
4,12051,680.0
4,12053,680.0
4,12069,680.0
4,12083,680.0
4,12085,680.0
4,12111,680.0
4,12125,680.0
4,12139,680.0
4,12167,680.0
4,12185,680.0
4,12211,680.0
4,12227,680.0
4,12243,680.0
4,12271,680.0
4,12285,680.0
4,12299,680.0
4,12301,680.0
4,12327,680.0
4,12341,680.0
4,12369,680.0
4,12371,680.0
4,12407,680.0
4,12439,680.0
4,12441,680.0
4,12455,680.0
4,12469,680.0
4,12497,680.0
4,12513,680.0
4,12515,680.0
4,12529,680.0
4,12545,680.0
4,12559,680.0
4,12577,680.0
4,12591,680.0
4,12617,680.0
4,12631,680.0
4,12657,680.0
4,12671,680.0
4,12689,680.0
4,12691,680.0
4,12721,680.0
4,12749,680.0
4,12765,680.0
4,12783,680.0
4,12813,680.0
4,12841,680.0
4,12869,680.0
4,12895,680.0
4,12927,680.0
4,12957,680.0
4,12987,680.0
4,13003,680.0
4,13017,680.0
4,13045,680.0
4,13061,680.0
4,13087,680.0
4,13103,680.0
4,13105,680.0
4,13119,680.0
4,13145,680.0
4,13173,680.0
4,13203,680.0
4,13229,683.0
4,13245,683.0
4,13277,683.0
4,13305,683.0
4,13319,683.0
4,13333,683.0
4,13349,683.0
4,13351,683.0
4,13353,683.0
4,13367,683.0
4,13387,683.0
4,13413,683.0
4,13427,683.0
4,13441,683.0
4,13443,683.0
4,13457,683.0
4,13477,683.0
4,13479,683.0
4,13493,683.0
4,13523,683.0
4,13525,683.0
4,13555,683.0
4,13557,683.0
4,13585,683.0
4,13611,683.0
4,13637,689.0
4,13669,689.0
4,13699,689.0
4,13731,689.0
4,13757,689.0
4,13773,689.0
4,13805,689.0
4,13831,689.0
4,13847,689.0
4,13863,689.0
4,13891,689.0
4,13893,689.0
4,13921,689.0
4,13935,689.0
4,13951,689.0
4,13969,689.0
4,13983,689.0
4,14011,689.0
4,14039,689.0
4,14053,689.0
4,14055,689.0
4,14069,689.0
4,14097,689.0
4,14099,689.0
4,14127,689.0
4,14129,689.0
4,14157,689.0
4,14187,689.0
4,14201,689.0
4,14203,689.0
4,14217,689.0
4,14243,689.0
4,14269,689.0
4,14297,689.0
4,14313,689.0
4,14327,689.0
4,14341,689.0
4,14371,689.0
4,14397,689.0
4,14413,689.0
4,14427,689.0
4,14455,689.0
4,14485,689.0
4,14511,689.0
4,14525,689.0
4,14555,689.0
4,14569,689.0
4,14597,689.0
4,14615,689.0
4,14617,689.0
4,14631,689.0
4,14647,689.0
4,14673,689.0
4,14687,689.0
4,14689,689.0
4,14715,689.0
4,14741,689.0
4,14755,689.0
4,14757,689.0
4,14773,689.0
4,14787,689.0
4,14815,689.0
4,14833,689.0
4,14863,689.0
4,14877,689.0
4,14879,689.0
4,14881,689.0
4,14897,689.0
4,14911,689.0
4,14943,689.0
4,14973,689.0
4,15003,689.0
4,15031,689.0
4,15045,689.0
4,15071,689.0
4,15073,689.0
4,15103,689.0
4,15117,689.0
4,15145,689.0
4,15159,689.0
4,15173,689.0
4,15201,689.0
4,15217,689.0
4,15243,689.0
4,15269,689.0
4,15285,689.0
4,15311,689.0
4,15339,689.0
4,15369,689.0
4,15371,689.0
4,15397,689.0
4,15413,689.0
4,15429,689.0
4,15455,689.0
4,15469,689.0
4,15471,689.0
4,15487,689.0
4,15501,689.0
4,15503,689.0
4,15535,689.0
4,15561,689.0
4,15577,691.0
4,15603,691.0
4,15617,698.0
4,15631,698.0
4,15659,698.0
4,15687,698.0
4,15705,698.0
4,15719,698.0
4,15749,698.0
4,15777,698.0
4,15797,698.0
4,15823,698.0
4,15841,698.0
4,15843,698.0
4,15857,698.0
4,15871,698.0
4,15873,698.0
4,15887,698.0
4,15901,698.0
4,15931,698.0
4,15933,698.0
4,15949,698.0
4,15963,698.0
4,15989,698.0
4,16003,698.0
4,16017,698.0
4,16035,698.0
4,16049,698.0
4,16077,698.0
4,16079,698.0
4,16109,698.0
4,16135,698.0
4,16161,698.0
4,16189,698.0
4,16219,698.0
4,16221,698.0
4,16235,698.0
4,16265,698.0
4,16279,698.0
4,16293,698.0
4,16319,698.0
4,16321,698.0
4,16335,698.0
4,16361,698.0
4,16363,698.0
4,16379,698.0
4,16381,698.0
4,16397,698.0
4,16413,698.0
4,16441,698.0
4,16467,698.0
4,16469,698.0
4,16497,698.0
4,16513,698.0
4,16541,698.0
4,16555,698.0
4,16581,698.0
4,16609,698.0
4,16625,698.0
4,16653,698.0
4,16685,698.0
4,16699,698.0
4,16729,698.0
4,16757,698.0
4,16771,698.0
4,16799,698.0
4,16815,698.0
4,16817,698.0
4,16831,698.0
4,16845,698.0
4,16861,698.0
4,16889,698.0
4,16905,698.0
4,16931,698.0
4,16963,698.0
4,16965,698.0
4,16981,698.0
4,16995,698.0
4,17025,698.0
4,17027,698.0
4,17041,698.0
4,17043,698.0
4,17069,698.0
4,17095,698.0
4,17113,698.0
4,17127,698.0
4,17155,698.0
4,17183,698.0
4,17209,698.0
4,17223,698.0
4,17249,698.0
4,17275,698.0
4,17305,698.0
4,17335,698.0
4,17351,698.0
4,17389,698.0
4,17417,698.0
4,17445,698.0
4,17459,698.0
4,17475,698.0
4,17507,698.0
4,17533,698.0
4,17547,698.0
4,17575,698.0
4,17605,698.0
4,17619,698.0
4,17647,698.0
5,7516,417.0
5,7532,417.0
5,7548,417.0
5,7550,417.0
5,7566,417.0
5,7592,417.0
5,7606,417.0
5,7620,417.0
5,7634,417.0
5,8413,417.0
5,8429,417.0
5,8455,471.0
5,8471,471.0
5,8485,505.0
5,8503,505.0
5,8529,505.0
5,8555,505.0
5,8569,505.0
5,8571,505.0
5,8585,505.0
5,8613,505.0
5,8615,505.0
5,8631,505.0
5,8645,505.0
5,8673,505.0
5,8687,505.0
5,8701,505.0
5,8727,551.0
5,8755,594.0
5,8757,594.0
5,8785,594.0
5,8799,594.0
5,8815,594.0
5,8829,594.0
5,8857,594.0
5,8887,594.0
5,8913,594.0
5,8945,594.0
5,8959,594.0
5,8975,594.0
5,9005,594.0
5,9019,594.0
5,9021,594.0
5,9035,594.0
5,9049,594.0
5,9063,611.0
5,9079,611.0
5,9107,611.0
5,9109,611.0
5,9137,611.0
5,9151,611.0
5,9153,611.0
5,9167,611.0
5,9193,611.0
5,9225,611.0
5,9251,611.0
5,9277,611.0
5,9279,611.0
5,9311,611.0
5,9327,611.0
5,9329,611.0
5,9331,611.0
5,9345,611.0
5,9347,611.0
5,9365,611.0
5,9391,611.0
5,9421,611.0
5,9449,611.0
5,9475,611.0
5,9503,627.0
5,9519,627.0
5,9533,627.0
5,9547,627.0
5,9575,627.0
5,9577,627.0
5,9607,627.0
5,9639,627.0
5,9641,627.0
5,9657,627.0
5,9659,627.0
5,9687,648.0
5,9701,648.0
5,9719,648.0
5,9721,648.0
5,9749,657.0
5,9775,657.0
5,9801,657.0
5,9829,657.0
5,9831,657.0
5,9847,657.0
5,9873,657.0
5,9875,657.0
5,9901,657.0
5,9915,657.0
5,9931,657.0
5,9959,657.0
5,9961,657.0
5,9989,657.0
5,10003,657.0
5,10017,657.0
5,10031,660.0
5,10049,660.0
5,10051,660.0
5,10079,660.0
5,10111,660.0
5,10125,660.0
5,10155,660.0
5,10181,664.0
5,10197,664.0
5,10223,664.0
5,10251,664.0
5,10285,664.0
5,10299,664.0
5,10301,664.0
5,10303,664.0
5,10333,664.0
5,10347,664.0
5,10361,664.0
5,10375,664.0
5,10407,664.0
5,10421,664.0
5,10451,664.0
5,10477,666.0
5,10503,666.0
5,10505,666.0
5,10537,666.0
5,10551,666.0
5,10553,666.0
5,10555,666.0
5,10585,666.0
5,10587,666.0
5,10601,666.0
5,10615,666.0
5,10641,666.0
5,10655,666.0
5,10671,666.0
5,10687,666.0
5,10701,666.0
5,10717,666.0
5,10731,666.0
5,10759,666.0
5,10773,666.0
5,10799,666.0
5,10801,666.0
5,10815,666.0
5,10843,666.0
5,10869,666.0
5,10901,666.0
5,10915,666.0
5,10931,666.0
5,10947,666.0
5,10949,666.0
5,10977,666.0
5,10993,666.0
5,10995,666.0
5,10997,666.0
5,11013,666.0
5,11039,666.0
5,11041,666.0
5,11071,666.0
5,11085,666.0
5,11115,666.0
5,11143,666.0
5,11169,666.0
5,11185,666.0
5,11211,666.0
5,11239,666.0
5,11255,666.0
5,11285,666.0
5,11299,668.0
5,11313,668.0
5,11329,668.0
5,11345,668.0
5,11371,669.0
5,11385,669.0
5,11387,669.0
5,11413,669.0
5,11427,669.0
5,11457,669.0
5,11459,669.0
5,11473,669.0
5,11501,669.0
5,11517,669.0
5,11533,669.0
5,11559,669.0
5,11561,669.0
5,11591,669.0
5,11593,669.0
5,11625,669.0
5,11641,669.0
5,11659,669.0
5,11691,669.0
5,11705,669.0
5,11733,669.0
5,11763,669.0
5,11777,669.0
5,11805,669.0
5,11821,669.0
5,11839,669.0
5,11869,669.0
5,11883,669.0
5,11911,669.0
5,11937,669.0
5,11971,669.0
5,11985,669.0
5,12001,669.0
5,12015,669.0
5,12035,669.0
5,12051,669.0
5,12053,669.0
5,12079,669.0
5,12105,669.0
5,12139,669.0
5,12141,669.0
5,12143,669.0
5,12145,669.0
5,12159,669.0
5,12173,669.0
5,12187,669.0
5,12201,669.0
5,12233,669.0
5,12247,669.0
5,12261,669.0
5,12275,669.0
5,12277,669.0
5,12311,669.0
5,12345,669.0
5,12361,669.0
5,12389,669.0
5,12405,669.0
5,12433,671.0
5,12459,671.0
5,12461,671.0
5,12475,671.0
5,12489,671.0
5,12491,671.0
5,12517,671.0
5,12533,671.0
5,12547,671.0
5,12561,671.0
5,12575,671.0
5,12577,671.0
5,12591,671.0
5,12609,671.0
5,12643,671.0
5,12671,671.0
5,12697,671.0
5,12711,671.0
5,12725,671.0
5,12727,671.0
5,12743,671.0
5,12759,673.0
5,12775,673.0
5,12789,673.0
5,12803,673.0
5,12829,673.0
5,12847,673.0
5,12869,673.0
5,12883,673.0
5,12899,673.0
5,12901,673.0
5,12929,673.0
5,12945,673.0
5,12975,673.0
5,13005,673.0
5,13027,673.0
5,13043,673.0
5,13069,677.0
5,13101,677.0
5,13115,677.0
5,13131,677.0
5,13159,677.0
5,13175,677.0
5,13189,677.0
5,13203,677.0
5,13217,679.0
5,13243,679.0
5,13257,679.0
5,13271,679.0
5,13299,679.0
5,13317,679.0
5,13331,686.0
5,13345,686.0
5,13371,686.0
5,13399,686.0
5,13431,686.0
5,13457,686.0
5,13489,686.0
5,13519,686.0
5,13547,686.0
5,13561,686.0
5,13575,686.0
5,13593,686.0
5,13621,686.0
5,13623,686.0
5,13637,686.0
5,13665,686.0
5,13681,686.0
5,13707,686.0
5,13733,686.0
5,13735,686.0
5,13751,686.0
5,13779,686.0
5,13811,686.0
5,13839,686.0
5,13855,686.0
5,13883,686.0
5,13911,686.0
5,13927,686.0
5,13943,686.0
5,13957,686.0
5,13973,686.0
5,13987,686.0
5,14017,686.0
5,14033,686.0
5,14059,686.0
5,14079,686.0
5,14081,686.0
5,14083,686.0
5,14097,686.0
5,14113,686.0
5,14139,686.0
5,14157,686.0
5,14185,686.0
5,14215,686.0
5,14229,686.0
5,14257,686.0
5,14283,686.0
5,14285,686.0
5,14299,686.0
5,14313,686.0
5,14329,686.0
5,14359,686.0
5,14375,686.0
5,14389,686.0
5,14409,686.0
5,14425,686.0
5,14427,686.0
5,14455,686.0
5,14481,686.0
5,14507,686.0
5,14523,686.0
5,14551,686.0
5,14565,686.0
5,14579,686.0
5,14607,686.0
5,14633,686.0
5,14635,686.0
5,14655,686.0
5,14683,686.0
5,14701,686.0
5,14703,686.0
5,14705,686.0
5,14719,686.0
5,14737,686.0
5,14739,686.0
5,14753,686.0
5,14783,686.0
5,14797,686.0
5,14827,686.0
5,14829,686.0
5,14843,686.0
5,14869,686.0
5,14885,686.0
5,14887,686.0
5,14913,686.0
5,14915,686.0
5,14929,686.0
5,14963,686.0
5,14965,686.0
5,14993,686.0
5,15019,686.0
5,15035,686.0
5,15051,686.0
5,15067,686.0
5,15081,686.0
5,15097,686.0
5,15113,686.0
5,15141,686.0
5,15157,686.0
5,15171,686.0
5,15189,686.0
5,15203,686.0
5,15231,686.0
5,15245,686.0
5,15271,686.0
5,15301,686.0
5,15317,686.0
5,15345,686.0
5,15371,686.0
5,15401,686.0
5,15427,686.0
5,15443,686.0
5,15473,686.0
5,15491,686.0
5,15519,686.0
5,15533,686.0
5,15559,686.0
5,15585,686.0
5,15617,686.0
5,15643,686.0
5,15645,686.0
5,15673,686.0
5,15687,686.0
5,15701,686.0
5,15727,686.0
5,15741,687.0
5,15755,687.0
5,15781,689.0
5,15797,689.0
5,15799,689.0
5,15815,689.0
5,15845,689.0
5,15859,689.0
5,15889,689.0
5,15917,689.0
5,15931,689.0
5,15945,689.0
5,15959,689.0
5,15987,689.0
5,16013,689.0
5,16029,689.0
5,16047,689.0
5,16061,689.0
5,16063,689.0
5,16083,689.0
5,16097,689.0
5,16099,689.0
5,16113,689.0
5,16127,689.0
5,16153,689.0
5,16167,689.0
5,16183,689.0
5,16199,689.0
5,16229,689.0
5,16231,689.0
5,16245,689.0
5,16271,689.0
5,16287,689.0
5,16301,689.0
5,16303,689.0
5,16317,689.0
5,16345,689.0
5,16371,689.0
5,16401,689.0
5,16431,689.0
5,16457,689.0
5,16489,689.0
5,16505,689.0
5,16533,689.0
5,16549,689.0
5,16565,689.0
5,16579,689.0
5,16593,689.0
5,16607,689.0
5,16633,689.0
5,16661,689.0
5,16675,689.0
5,16689,689.0
5,16703,689.0
5,16717,689.0
5,16731,689.0
5,16759,689.0
5,16761,689.0
5,16791,689.0
5,16817,689.0
5,16833,689.0
5,16849,689.0
5,16865,689.0
5,16881,689.0
5,16909,689.0
5,16923,689.0
5,16949,689.0
5,16981,689.0
5,17007,689.0
5,17023,689.0
5,17037,689.0
5,17065,690.0
5,17081,690.0
5,17095,690.0
5,17111,690.0
5,17125,690.0
5,17139,690.0
5,17141,690.0
5,17157,690.0
5,17159,690.0
5,17173,690.0
5,17189,690.0
5,17217,690.0
5,17251,690.0
5,17277,690.0
5,17279,690.0
5,17305,690.0
5,17331,690.0
5,17357,690.0
5,17385,690.0
5,17413,690.0
5,17427,690.0
5,17443,690.0
5,17471,690.0
5,17499,690.0
5,17529,690.0
6,7562,391.0
6,7576,406.0
6,7606,406.0
6,7634,413.0
6,7636,413.0
6,7652,413.0
6,7678,413.0
6,7692,413.0
6,7706,465.0
6,7734,475.0
6,7750,475.0
6,7768,475.0
6,7784,475.0
6,7802,475.0
6,7830,475.0
6,7832,475.0
6,7848,475.0
6,7850,475.0
6,7864,475.0
6,7878,500.0
6,7892,500.0
6,7908,500.0
6,7910,500.0
6,7924,500.0
6,7950,501.0
6,7966,501.0
6,8773,501.0
6,8801,540.0
6,8829,540.0
6,8831,540.0
6,8845,540.0
6,8847,540.0
6,8861,540.0
6,8863,540.0
6,8897,540.0
6,8925,552.0
6,8941,552.0
6,8969,560.0
6,8971,560.0
6,8987,560.0
6,9013,560.0
6,9027,560.0
6,9057,560.0
6,9085,560.0
6,9113,560.0
6,9127,560.0
6,9159,560.0
6,9161,560.0
6,9163,560.0
6,9177,560.0
6,9191,601.0
6,9207,601.0
6,9221,601.0
6,9247,601.0
6,9261,601.0
6,9263,601.0
6,9289,601.0
6,9303,601.0
6,9305,601.0
6,9307,601.0
6,9309,601.0
6,9337,601.0
6,9369,601.0
6,9371,601.0
6,9373,601.0
6,9387,601.0
6,9401,601.0
6,9419,629.0
6,9433,629.0
6,9447,629.0
6,9465,629.0
6,9499,629.0
6,9515,629.0
6,9543,629.0
6,9573,629.0
6,9587,629.0
6,9601,629.0
6,9629,629.0
6,9631,629.0
6,9647,629.0
6,9673,629.0
6,9703,629.0
6,9717,629.0
6,9731,629.0
6,9759,643.0
6,9761,643.0
6,9775,643.0
6,9793,643.0
6,9807,643.0
6,9825,643.0
6,9841,643.0
6,9855,643.0
6,9881,646.0
6,9907,646.0
6,9921,646.0
6,9937,646.0
6,9953,646.0
6,9981,646.0
6,10011,646.0
6,10029,646.0
6,10057,646.0
6,10085,646.0
6,10113,646.0
6,10143,646.0
6,10159,653.0
6,10177,653.0
6,10205,657.0
6,10233,657.0
6,10249,657.0
6,10263,657.0
6,10265,657.0
6,10291,657.0
6,10319,657.0
6,10335,657.0
6,10349,657.0
6,10379,657.0
6,10407,657.0
6,10435,657.0
6,10449,657.0
6,10465,657.0
6,10467,657.0
6,10481,657.0
6,10495,657.0
6,10509,657.0
6,10527,657.0
6,10541,657.0
6,10543,657.0
6,10557,657.0
6,10559,657.0
6,10577,657.0
6,10579,657.0
6,10581,657.0
6,10607,657.0
6,10635,665.0
6,10649,665.0
6,10665,665.0
6,10667,665.0
6,10695,665.0
6,10711,665.0
6,10727,665.0
6,10757,665.0
6,10771,665.0
6,10797,665.0
6,10825,665.0
6,10841,665.0
6,10843,665.0
6,10857,665.0
6,10885,665.0
6,10911,665.0
6,10939,665.0
6,10953,665.0
6,10955,665.0
6,10985,665.0
6,11011,665.0
6,11029,665.0
6,11031,665.0
6,11057,665.0
6,11087,665.0
6,11101,665.0
6,11127,665.0
6,11129,665.0
6,11145,665.0
6,11163,665.0
6,11181,665.0
6,11197,665.0
6,11223,665.0
6,11239,665.0
6,11269,665.0
6,11283,665.0
6,11297,665.0
6,11327,665.0
6,11355,665.0
6,11373,665.0
6,11403,668.0
6,11417,668.0
6,11445,668.0
6,11461,668.0
6,11489,668.0
6,11503,668.0
6,11517,668.0
6,11545,668.0
6,11579,668.0
6,11607,668.0
6,11609,668.0
6,11623,668.0
6,11637,668.0
6,11663,668.0
6,11677,668.0
6,11707,668.0
6,11721,668.0
6,11735,668.0
6,11751,668.0
6,11781,668.0
6,11795,668.0
6,11797,668.0
6,11825,668.0
6,11851,668.0
6,11865,668.0
6,11883,668.0
6,11885,668.0
6,11899,668.0
6,11915,668.0
6,11929,668.0
6,11931,668.0
6,11945,670.0
6,11947,670.0
6,11973,670.0
6,11975,670.0
6,11991,670.0
6,12021,670.0
6,12037,670.0
6,12051,672.0
6,12065,672.0
6,12079,672.0
6,12105,672.0
6,12119,678.0
6,12133,678.0
6,12147,678.0
6,12149,678.0
6,12177,678.0
6,12195,678.0
6,12209,678.0
6,12235,678.0
6,12263,678.0
6,12291,678.0
6,12325,678.0
6,12341,678.0
6,12373,678.0
6,12387,678.0
6,12401,678.0
6,12417,678.0
6,12431,678.0
6,12449,678.0
6,12465,678.0
6,12479,678.0
6,12511,678.0
6,12525,678.0
6,12539,678.0
6,12553,678.0
6,12555,678.0
6,12569,678.0
6,12599,678.0
6,12627,678.0
6,12659,678.0
6,12673,678.0
6,12699,678.0
6,12701,678.0
6,12729,678.0
6,12755,678.0
6,12781,678.0
6,12809,678.0
6,12839,678.0
6,12853,678.0
6,12867,678.0
6,12881,678.0
6,12895,678.0
6,12921,678.0
6,12923,678.0
6,12937,678.0
6,12953,678.0
6,12967,678.0
6,12983,678.0
6,13009,678.0
6,13023,678.0
6,13049,678.0
6,13051,678.0
6,13065,678.0
6,13081,678.0
6,13095,678.0
6,13123,678.0
6,13149,678.0
6,13183,678.0
6,13213,678.0
6,13239,678.0
6,13253,678.0
6,13279,678.0
6,13305,678.0
6,13319,678.0
6,13347,678.0
6,13361,678.0
6,13377,678.0
6,13395,678.0
6,13421,678.0
6,13447,678.0
6,13473,678.0
6,13505,678.0
6,13531,678.0
6,13547,678.0
6,13563,678.0
6,13579,678.0
6,13607,678.0
6,13621,678.0
6,13635,678.0
6,13651,678.0
6,13677,678.0
6,13703,678.0
6,13729,678.0
6,13759,678.0
6,13785,678.0
6,13815,678.0
6,13847,678.0
6,13849,678.0
6,13851,678.0
6,13853,678.0
6,13871,678.0
6,13873,678.0
6,13889,678.0
6,13903,678.0
6,13931,678.0
6,13965,680.0
6,13991,680.0
6,14005,680.0
6,14035,680.0
6,14061,680.0
6,14075,680.0
6,14077,680.0
6,14107,680.0
6,14139,680.0
6,14157,680.0
6,14173,680.0
6,14189,680.0
6,14219,680.0
6,14245,680.0
6,14259,680.0
6,14273,680.0
6,14299,680.0
6,14301,680.0
6,14321,680.0
6,14347,680.0
6,14349,680.0
6,14377,680.0
6,14405,680.0
6,14421,680.0
6,14453,680.0
6,14467,680.0
6,14483,680.0
6,14499,680.0
6,14527,680.0
6,14543,680.0
6,14545,680.0
6,14547,680.0
6,14549,680.0
6,14575,680.0
6,14591,680.0
6,14605,680.0
6,14623,680.0
6,14637,680.0
6,14651,680.0
6,14665,680.0
6,14681,680.0
6,14707,680.0
6,14721,680.0
6,14723,680.0
6,14739,680.0
6,14753,681.0
6,14783,681.0
6,14811,681.0
6,14813,681.0
6,14815,681.0
6,14817,681.0
6,14843,681.0
6,14869,681.0
6,14871,681.0
6,14885,681.0
6,14899,681.0
6,14931,681.0
6,14945,681.0
6,14947,681.0
6,14963,681.0
6,14977,683.0
6,15003,683.0
6,15017,683.0
6,15019,683.0
6,15033,683.0
6,15063,683.0
6,15099,683.0
6,15115,683.0
6,15131,683.0
6,15147,683.0
6,15177,683.0
6,15197,683.0
6,15211,683.0
6,15241,684.0
6,15255,684.0
6,15269,684.0
6,15301,684.0
6,15303,684.0
6,15335,684.0
6,15349,684.0
6,15363,684.0
6,15389,684.0
6,15403,684.0
6,15429,684.0
6,15443,684.0
6,15471,684.0
6,15501,684.0
6,15533,684.0
6,15549,684.0
6,15551,684.0
6,15581,684.0
6,15607,686.0
6,15633,686.0
6,15635,686.0
6,15665,686.0
6,15681,686.0
6,15707,686.0
6,15721,686.0
6,15749,686.0
6,15781,686.0
6,15795,686.0
6,15809,686.0
6,15839,686.0
6,15867,686.0
6,15893,686.0
6,15921,686.0
6,15935,686.0
6,15961,686.0
6,15987,686.0
6,16005,686.0
6,16007,686.0
6,16035,686.0
6,16069,686.0
6,16071,686.0
6,16099,686.0
6,16113,686.0
6,16143,686.0
6,16157,686.0
6,16171,686.0
6,16199,686.0
6,16229,686.0
6,16245,686.0
6,16283,686.0
6,16297,686.0
6,16299,686.0
6,16313,686.0
6,16327,686.0
6,16329,686.0
6,16359,686.0
6,16373,686.0
6,16403,686.0
6,16417,686.0
6,16433,686.0
6,16447,686.0
6,16461,686.0
6,16463,686.0
6,16477,689.0
6,16493,689.0
6,16521,689.0
6,16537,689.0
6,16539,689.0
6,16565,689.0
6,16593,689.0
6,16607,689.0
6,16637,689.0
6,16653,689.0
6,16669,689.0
6,16685,689.0
6,16687,689.0
6,16721,689.0
6,16747,689.0
6,16763,689.0
6,16789,689.0
6,16817,689.0
6,16831,689.0
6,16845,689.0
6,16861,689.0
6,16887,689.0
6,16917,689.0
6,16945,689.0
6,16971,689.0
6,16999,689.0
6,17025,689.0
6,17051,689.0
6,17085,689.0
6,17111,689.0
6,17125,689.0
6,17151,689.0
6,17177,689.0
6,17193,689.0
6,17223,689.0
6,17253,689.0
6,17267,689.0
6,17293,689.0
6,17319,689.0
6,17335,689.0
6,17349,689.0
6,17365,689.0
6,17381,689.0
6,17395,689.0
6,17411,689.0
6,17425,689.0
6,17453,689.0
6,17479,689.0
6,17493,689.0
6,17507,689.0
6,17533,689.0
6,17547,689.0
6,17549,689.0
6,17579,689.0
7,7482,401.0
7,7498,401.0
7,7526,401.0
7,7540,401.0
7,7566,438.0
7,7580,438.0
7,7598,438.0
7,8373,438.0
7,8387,438.0
7,8403,438.0
7,8433,481.0
7,8449,481.0
7,8463,481.0
7,8497,481.0
7,8511,481.0
7,8525,481.0
7,8539,481.0
7,8555,481.0
7,8583,537.0
7,8597,537.0
7,8611,537.0
7,8637,537.0
7,8651,537.0
7,8653,537.0
7,8669,537.0
7,8671,537.0
7,8697,559.0
7,8727,559.0
7,8741,559.0
7,8757,559.0
7,8771,590.0
7,8801,590.0
7,8823,590.0
7,8849,595.0
7,8865,605.0
7,8881,605.0
7,8911,605.0
7,8925,605.0
7,8951,605.0
7,8967,605.0
7,8969,605.0
7,9001,605.0
7,9015,605.0
7,9017,605.0
7,9031,605.0
7,9047,605.0
7,9073,605.0
7,9075,605.0
7,9089,605.0
7,9103,605.0
7,9105,605.0
7,9123,605.0
7,9153,605.0
7,9183,605.0
7,9209,628.0
7,9223,631.0
7,9237,631.0
7,9267,631.0
7,9281,631.0
7,9309,631.0
7,9323,631.0
7,9325,631.0
7,9327,631.0
7,9329,631.0
7,9355,638.0
7,9371,638.0
7,9385,640.0
7,9399,640.0
7,9413,640.0
7,9431,640.0
7,9459,640.0
7,9485,640.0
7,9513,640.0
7,9515,640.0
7,9545,640.0
7,9559,640.0
7,9585,641.0
7,9599,641.0
7,9613,641.0
7,9631,641.0
7,9633,641.0
7,9649,641.0
7,9671,641.0
7,9685,641.0
7,9713,641.0
7,9743,641.0
7,9757,641.0
7,9785,641.0
7,9801,641.0
7,9815,641.0
7,9831,641.0
7,9847,641.0
7,9863,641.0
7,9879,641.0
7,9897,641.0
7,9913,641.0
7,9927,647.0
7,9941,647.0
7,9957,647.0
7,9989,647.0
7,10005,647.0
7,10033,647.0
7,10059,647.0
7,10091,647.0
7,10121,647.0
7,10123,647.0
7,10125,647.0
7,10151,649.0
7,10165,649.0
7,10179,649.0
7,10195,649.0
7,10197,649.0
7,10231,649.0
7,10245,649.0
7,10261,649.0
7,10263,649.0
7,10293,649.0
7,10323,649.0
7,10325,649.0
7,10339,649.0
7,10355,649.0
7,10357,649.0
7,10387,649.0
7,10413,649.0
7,10431,649.0
7,10433,649.0
7,10461,649.0
7,10475,649.0
7,10489,649.0
7,10505,649.0
7,10519,649.0
7,10545,649.0
7,10559,649.0
7,10573,649.0
7,10587,649.0
7,10613,649.0
7,10629,649.0
7,10663,655.0
7,10677,655.0
7,10691,655.0
7,10707,655.0
7,10737,655.0
7,10739,655.0
7,10771,655.0
7,10799,655.0
7,10813,655.0
7,10841,655.0
7,10867,655.0
7,10881,655.0
7,10907,661.0
7,10933,661.0
7,10953,661.0
7,10955,661.0
7,10985,661.0
7,10987,661.0
7,11001,661.0
7,11003,661.0
7,11019,661.0
7,11035,661.0
7,11051,661.0
7,11067,661.0
7,11087,661.0
7,11119,661.0
7,11121,661.0
7,11147,661.0
7,11173,661.0
7,11187,663.0
7,11189,663.0
7,11217,663.0
7,11245,663.0
7,11275,663.0
7,11291,663.0
7,11307,663.0
7,11309,663.0
7,11311,663.0
7,11325,666.0
7,11343,666.0
7,11345,666.0
7,11377,666.0
7,11379,666.0
7,11407,666.0
7,11421,666.0
7,11451,677.0
7,11465,677.0
7,11499,677.0
7,11531,677.0
7,11545,677.0
7,11571,677.0
7,11585,677.0
7,11599,677.0
7,11617,677.0
7,11645,677.0
7,11673,677.0
7,11703,677.0
7,11719,677.0
7,11721,677.0
7,11739,677.0
7,11767,677.0
7,11785,677.0
7,11813,677.0
7,11841,677.0
7,11869,677.0
7,11883,677.0
7,11909,677.0
7,11911,677.0
7,11925,677.0
7,11955,677.0
7,11957,677.0
7,11983,682.0
7,12011,682.0
7,12041,682.0
7,12067,682.0
7,12081,682.0
7,12099,682.0
7,12113,682.0
7,12127,682.0
7,12155,682.0
7,12169,682.0
7,12201,682.0
7,12231,682.0
7,12259,682.0
7,12275,682.0
7,12289,682.0
7,12291,682.0
7,12305,682.0
7,12321,682.0
7,12337,682.0
7,12365,682.0
7,12367,682.0
7,12383,682.0
7,12399,682.0
7,12413,682.0
7,12415,682.0
7,12417,682.0
7,12419,682.0
7,12433,682.0
7,12447,682.0
7,12463,682.0
7,12479,682.0
7,12495,682.0
7,12509,682.0
7,12525,682.0
7,12561,682.0
7,12575,682.0
7,12593,682.0
7,12607,682.0
7,12633,682.0
7,12647,682.0
7,12649,682.0
7,12663,682.0
7,12691,682.0
7,12705,682.0
7,12735,682.0
7,12749,682.0
7,12751,682.0
7,12753,682.0
7,12767,682.0
7,12781,682.0
7,12809,682.0
7,12829,682.0
7,12847,682.0
7,12849,682.0
7,12863,682.0
7,12877,682.0
7,12905,682.0
7,12931,682.0
7,12945,682.0
7,12959,682.0
7,12987,682.0
7,13019,682.0
7,13047,682.0
7,13073,682.0
7,13089,682.0
7,13115,682.0
7,13117,682.0
7,13131,682.0
7,13133,682.0
7,13159,682.0
7,13185,682.0
7,13215,682.0
7,13243,682.0
7,13263,682.0
7,13279,682.0
7,13305,682.0
7,13319,682.0
7,13349,682.0
7,13375,682.0
7,13393,682.0
7,13395,682.0
7,13423,682.0
7,13453,682.0
7,13469,682.0
7,13485,682.0
7,13501,682.0
7,13519,682.0
7,13533,682.0
7,13535,682.0
7,13565,682.0
7,13595,684.0
7,13609,684.0
7,13643,684.0
7,13661,684.0
7,13687,684.0
7,13701,684.0
7,13733,684.0
7,13759,684.0
7,13773,684.0
7,13789,684.0
7,13817,684.0
7,13845,684.0
7,13873,684.0
7,13901,684.0
7,13915,684.0
7,13929,684.0
7,13959,684.0
7,13977,684.0
7,13979,684.0
7,13993,684.0
7,14019,684.0
7,14047,684.0
7,14073,684.0
7,14075,684.0
7,14077,684.0
7,14105,684.0
7,14119,684.0
7,14147,684.0
7,14161,684.0
7,14177,684.0
7,14205,684.0
7,14233,684.0
7,14259,684.0
7,14279,684.0
7,14293,684.0
7,14295,684.0
7,14321,684.0
7,14335,684.0
7,14351,684.0
7,14353,684.0
7,14379,684.0
7,14409,684.0
7,14423,684.0
7,14425,684.0
7,14427,684.0
7,14441,684.0
7,14467,684.0
7,14499,684.0
7,14527,684.0
7,14555,684.0
7,14581,684.0
7,14597,684.0
7,14599,684.0
7,14627,684.0
7,14645,684.0
7,14661,684.0
7,14675,684.0
7,14693,684.0
7,14695,684.0
7,14723,684.0
7,14737,684.0
7,14763,684.0
7,14777,684.0
7,14791,684.0
7,14805,684.0
7,14819,684.0
7,14847,684.0
7,14875,684.0
7,14889,684.0
7,14891,684.0
7,14905,684.0
7,14933,684.0
7,14947,684.0
7,14961,684.0
7,14975,684.0
7,14989,684.0
7,15003,684.0
7,15005,684.0
7,15033,684.0
7,15047,684.0
7,15049,684.0
7,15077,684.0
7,15079,684.0
7,15093,684.0
7,15095,684.0
7,15109,684.0
7,15139,684.0
7,15167,684.0
7,15169,684.0
7,15183,684.0
7,15185,684.0
7,15203,684.0
7,15217,684.0
7,15243,684.0
7,15257,684.0
7,15271,684.0
7,15297,684.0
7,15313,684.0
7,15341,684.0
7,15359,684.0
7,15391,684.0
7,15407,684.0
7,15443,684.0
7,15457,684.0
7,15489,684.0
7,15505,684.0
7,15521,684.0
7,15537,684.0
7,15563,684.0
7,15591,684.0
7,15617,684.0
7,15645,684.0
7,15661,684.0
7,15675,684.0
7,15701,684.0
7,15727,684.0
7,15753,691.0
7,15767,691.0
7,15799,691.0
7,15815,691.0
7,15831,691.0
7,15833,691.0
7,15861,691.0
7,15875,691.0
7,15877,691.0
7,15895,691.0
7,15909,691.0
7,15925,691.0
7,15943,691.0
7,15957,691.0
7,15983,692.0
7,15997,692.0
7,15999,692.0
7,16001,692.0
7,16015,692.0
7,16029,692.0
7,16043,692.0
7,16073,692.0
7,16089,692.0
7,16091,692.0
7,16117,692.0
7,16119,692.0
7,16149,692.0
7,16181,692.0
7,16207,692.0
7,16235,692.0
7,16265,692.0
7,16279,692.0
7,16309,692.0
7,16325,692.0
7,16327,692.0
7,16341,692.0
7,16355,692.0
7,16369,692.0
7,16395,692.0
7,16397,692.0
7,16411,692.0
7,16429,692.0
7,16455,692.0
7,16473,692.0
7,16491,692.0
7,16519,692.0
7,16533,692.0
7,16561,692.0
7,16563,692.0
7,16589,692.0
7,16591,692.0
7,16607,692.0
7,16609,692.0
7,16611,692.0
7,16625,692.0
7,16641,692.0
7,16669,692.0
7,16695,692.0
7,16709,692.0
7,16725,692.0
7,16743,692.0
7,16759,692.0
7,16775,692.0
7,16801,692.0
7,16829,692.0
7,16855,692.0
7,16881,692.0
7,16911,692.0
7,16941,692.0
7,16969,692.0
7,16999,692.0
7,17001,692.0
7,17003,692.0
7,17005,692.0
7,17033,692.0
7,17051,692.0
7,17079,692.0
7,17093,692.0
7,17109,692.0
7,17111,692.0
7,17139,692.0
7,17153,692.0
7,17155,692.0
7,17157,692.0
7,17175,692.0
7,17189,692.0
7,17215,692.0
7,17231,692.0
7,17233,692.0
7,17249,692.0
7,17251,692.0
7,17265,692.0
7,17281,692.0
7,17295,692.0
7,17309,692.0
7,17337,692.0
7,17363,692.0
7,17381,692.0
7,17409,692.0
7,17423,692.0
7,17425,692.0
7,17453,692.0
7,17481,692.0
8,7582,396.0
8,8403,396.0
8,8433,424.0
8,8435,424.0
8,8449,424.0
8,8463,424.0
8,8477,483.0
8,8503,483.0
8,8531,483.0
8,8563,483.0
8,8577,483.0
8,8591,483.0
8,8621,483.0
8,8635,483.0
8,8665,483.0
8,8695,483.0
8,8697,483.0
8,8711,485.0
8,8737,485.0
8,8739,485.0
8,8755,485.0
8,8771,486.0
8,8785,486.0
8,8787,486.0
8,8803,486.0
8,8821,486.0
8,8835,523.0
8,8837,523.0
8,8863,523.0
8,8889,523.0
8,8915,544.0
8,8945,544.0
8,8971,544.0
8,8997,577.0
8,9027,577.0
8,9041,577.0
8,9069,577.0
8,9071,577.0
8,9087,577.0
8,9115,577.0
8,9143,577.0
8,9157,607.0
8,9187,607.0
8,9205,607.0
8,9219,607.0
8,9235,607.0
8,9237,607.0
8,9251,607.0
8,9265,607.0
8,9279,607.0
8,9307,607.0
8,9333,607.0
8,9361,607.0
8,9363,607.0
8,9391,613.0
8,9407,613.0
8,9427,613.0
8,9457,613.0
8,9473,613.0
8,9499,615.0
8,9513,615.0
8,9541,615.0
8,9569,615.0
8,9599,615.0
8,9613,615.0
8,9629,615.0
8,9657,615.0
8,9671,615.0
8,9673,615.0
8,9675,615.0
8,9677,615.0
8,9705,615.0
8,9731,615.0
8,9733,615.0
8,9747,615.0
8,9773,630.0
8,9793,630.0
8,9823,630.0
8,9825,630.0
8,9851,630.0
8,9885,630.0
8,9887,630.0
8,9901,634.0
8,9919,634.0
8,9947,638.0
8,9977,643.0
8,9991,650.0
8,10007,650.0
8,10037,650.0
8,10067,650.0
8,10081,650.0
8,10107,661.0
8,10135,661.0
8,10149,661.0
8,10167,661.0
8,10195,661.0
8,10223,661.0
8,10249,661.0
8,10265,661.0
8,10291,661.0
8,10305,661.0
8,10331,661.0
8,10347,661.0
8,10361,661.0
8,10387,663.0
8,10401,663.0
8,10415,663.0
8,10447,663.0
8,10461,669.0
8,10463,669.0
8,10489,669.0
8,10503,669.0
8,10505,669.0
8,10535,669.0
8,10537,669.0
8,10539,669.0
8,10555,669.0
8,10557,669.0
8,10585,669.0
8,10611,669.0
8,10625,669.0
8,10627,669.0
8,10643,669.0
8,10657,669.0
8,10671,669.0
8,10673,669.0
8,10687,669.0
8,10715,669.0
8,10741,669.0
8,10757,669.0
8,10771,669.0
8,10789,669.0
8,10819,669.0
8,10833,669.0
8,10835,669.0
8,10861,669.0
8,10889,669.0
8,10907,669.0
8,10921,669.0
8,10937,669.0
8,10953,669.0
8,10955,669.0
8,10957,669.0
8,10985,669.0
8,11013,669.0
8,11047,669.0
8,11063,669.0
8,11093,669.0
8,11127,669.0
8,11153,669.0
8,11167,669.0
8,11193,669.0
8,11219,669.0
8,11247,669.0
8,11267,669.0
8,11293,669.0
8,11295,669.0
8,11309,669.0
8,11337,669.0
8,11353,669.0
8,11379,669.0
8,11411,669.0
8,11437,669.0
8,11451,669.0
8,11453,669.0
8,11467,669.0
8,11481,669.0
8,11511,669.0
8,11513,669.0
8,11527,669.0
8,11555,669.0
8,11581,670.0
8,11609,670.0
8,11611,670.0
8,11637,670.0
8,11655,670.0
8,11681,670.0
8,11697,670.0
8,11727,670.0
8,11729,670.0
8,11731,670.0
8,11747,670.0
8,11761,670.0
8,11777,670.0
8,11779,670.0
8,11809,670.0
8,11811,670.0
8,11837,677.0
8,11853,677.0
8,11869,677.0
8,11883,677.0
8,11897,677.0
8,11929,677.0
8,11945,677.0
8,11979,677.0
8,11993,677.0
8,12021,677.0
8,12023,677.0
8,12037,677.0
8,12051,677.0
8,12065,677.0
8,12079,677.0
8,12107,677.0
8,12135,677.0
8,12161,677.0
8,12175,677.0
8,12189,677.0
8,12191,677.0
8,12209,677.0
8,12225,677.0
8,12259,677.0
8,12261,677.0
8,12263,677.0
8,12279,677.0
8,12309,677.0
8,12323,677.0
8,12339,677.0
8,12369,677.0
8,12395,677.0
8,12425,677.0
8,12439,677.0
8,12455,677.0
8,12471,677.0
8,12485,677.0
8,12499,677.0
8,12513,677.0
8,12539,677.0
8,12567,677.0
8,12581,677.0
8,12605,677.0
8,12607,677.0
8,12609,677.0
8,12637,677.0
8,12663,677.0
8,12677,677.0
8,12703,677.0
8,12705,677.0
8,12737,677.0
8,12751,677.0
8,12753,677.0
8,12783,677.0
8,12785,677.0
8,12799,677.0
8,12801,677.0
8,12831,677.0
8,12861,677.0
8,12887,677.0
8,12901,679.0
8,12929,679.0
8,12945,679.0
8,12947,679.0
8,12975,679.0
8,12989,679.0
8,13005,679.0
8,13019,679.0
8,13033,679.0
8,13061,679.0
8,13075,679.0
8,13077,679.0
8,13079,679.0
8,13081,679.0
8,13109,679.0
8,13123,679.0
8,13149,679.0
8,13175,679.0
8,13201,679.0
8,13215,679.0
8,13229,679.0
8,13245,679.0
8,13247,679.0
8,13275,679.0
8,13289,679.0
8,13303,681.0
8,13317,681.0
8,13343,682.0
8,13357,682.0
8,13385,682.0
8,13399,682.0
8,13413,682.0
8,13441,682.0
8,13455,682.0
8,13473,682.0
8,13493,682.0
8,13507,682.0
8,13525,682.0
8,13539,682.0
8,13553,682.0
8,13581,682.0
8,13595,682.0
8,13609,682.0
8,13611,682.0
8,13613,682.0
8,13643,682.0
8,13671,682.0
8,13691,682.0
8,13705,682.0
8,13707,682.0
8,13721,682.0
8,13723,682.0
8,13751,682.0
8,13765,682.0
8,13779,682.0
8,13805,682.0
8,13821,682.0
8,13849,682.0
8,13879,682.0
8,13895,682.0
8,13909,682.0
8,13911,682.0
8,13913,682.0
8,13927,682.0
8,13955,682.0
8,13983,682.0
8,13999,682.0
8,14017,682.0
8,14019,682.0
8,14037,682.0
8,14067,682.0
8,14095,682.0
8,14121,682.0
8,14123,682.0
8,14137,682.0
8,14151,682.0
8,14165,682.0
8,14179,682.0
8,14205,682.0
8,14219,682.0
8,14235,682.0
8,14253,682.0
8,14281,682.0
8,14295,682.0
8,14311,682.0
8,14325,682.0
8,14339,682.0
8,14353,682.0
8,14385,682.0
8,14411,682.0
8,14439,682.0
8,14441,682.0
8,14455,682.0
8,14485,682.0
8,14515,682.0
8,14545,682.0
8,14571,682.0
8,14585,682.0
8,14613,682.0
8,14627,682.0
8,14645,682.0
8,14659,682.0
8,14673,682.0
8,14701,682.0
8,14703,682.0
8,14717,682.0
8,14731,682.0
8,14745,682.0
8,14761,682.0
8,14775,682.0
8,14789,682.0
8,14815,682.0
8,14845,682.0
8,14859,682.0
8,14873,682.0
8,14887,682.0
8,14913,682.0
8,14943,682.0
8,14957,682.0
8,14973,682.0
8,14991,682.0
8,15019,682.0
8,15033,682.0
8,15047,682.0
8,15061,682.0
8,15089,682.0
8,15103,682.0
8,15105,682.0
8,15131,682.0
8,15157,682.0
8,15171,682.0
8,15199,682.0
8,15213,682.0
8,15243,682.0
8,15269,682.0
8,15287,682.0
8,15289,682.0
8,15303,682.0
8,15305,682.0
8,15321,682.0
8,15347,682.0
8,15363,682.0
8,15389,682.0
8,15407,682.0
8,15421,682.0
8,15435,682.0
8,15463,682.0
8,15481,682.0
8,15483,682.0
8,15509,682.0
8,15537,682.0
8,15567,682.0
8,15583,682.0
8,15609,682.0
8,15639,682.0
8,15667,682.0
8,15697,682.0
8,15723,684.0
8,15755,684.0
8,15771,684.0
8,15797,684.0
8,15813,684.0
8,15827,684.0
8,15855,684.0
8,15869,684.0
8,15903,684.0
8,15931,684.0
8,15933,684.0
8,15947,684.0
8,15973,684.0
8,16003,684.0
8,16017,684.0
8,16019,684.0
8,16033,684.0
8,16049,684.0
8,16077,684.0
8,16107,684.0
8,16109,684.0
8,16137,684.0
8,16169,684.0
8,16195,690.0
8,16225,690.0
8,16253,690.0
8,16267,690.0
8,16293,690.0
8,16307,690.0
8,16309,690.0
8,16311,690.0
8,16327,690.0
8,16329,690.0
8,16343,690.0
8,16345,690.0
8,16359,690.0
8,16375,690.0
8,16391,690.0
8,16421,690.0
8,16449,690.0
8,16465,690.0
8,16481,690.0
8,16511,690.0
8,16537,690.0
8,16563,690.0
8,16581,690.0
8,16595,690.0
8,16621,690.0
8,16623,690.0
8,16651,690.0
8,16665,690.0
8,16681,690.0
8,16707,690.0
8,16721,690.0
8,16737,690.0
8,16765,690.0
8,16779,690.0
8,16807,692.0
8,16837,692.0
8,16851,692.0
8,16879,692.0
8,16909,692.0
8,16925,692.0
8,16939,692.0
8,16971,692.0
8,16987,692.0
8,16989,692.0
8,17015,692.0
8,17017,692.0
8,17031,692.0
8,17059,692.0
8,17061,692.0
8,17077,692.0
8,17079,692.0
8,17081,692.0
8,17111,692.0
8,17113,692.0
8,17115,692.0
8,17145,692.0
8,17173,692.0
8,17189,692.0
8,17203,693.0
8,17219,693.0
8,17235,693.0
8,17249,693.0
8,17263,693.0
8,17277,693.0
8,17279,693.0
8,17305,693.0
8,17321,693.0
8,17337,693.0
8,17365,693.0
8,17379,693.0
8,17395,693.0
8,17421,693.0
8,17451,693.0
8,17477,693.0
8,17493,693.0
8,17509,693.0
8,17523,693.0
8,17539,693.0
8,17571,693.0
9,7364,414.0
9,7382,414.0
9,7398,414.0
9,7424,456.0
9,7438,456.0
9,7440,456.0
9,8183,456.0
9,8197,467.0
9,8227,467.0
9,8253,467.0
9,8255,467.0
9,8283,467.0
9,8297,467.0
9,8327,467.0
9,8343,467.0
9,8357,501.0
9,8383,501.0
9,8397,501.0
9,8411,514.0
9,8427,514.0
9,8443,514.0
9,8457,540.0
9,8471,561.0
9,8501,570.0
9,8515,570.0
9,8531,570.0
9,8533,570.0
9,8535,570.0
9,8561,594.0
9,8575,594.0
9,8589,594.0
9,8591,594.0
9,8621,594.0
9,8649,594.0
9,8651,594.0
9,8677,594.0
9,8679,594.0
9,8681,594.0
9,8707,594.0
9,8721,594.0
9,8735,594.0
9,8761,617.0
9,8775,617.0
9,8789,617.0
9,8805,617.0
9,8819,617.0
9,8847,617.0
9,8849,617.0
9,8865,617.0
9,8893,617.0
9,8907,617.0
9,8925,617.0
9,8953,617.0
9,8969,617.0
9,8985,617.0
9,8999,617.0
9,9013,617.0
9,9029,617.0
9,9055,617.0
9,9069,617.0
9,9095,617.0
9,9113,617.0
9,9131,617.0
9,9145,617.0
9,9171,617.0
9,9197,617.0
9,9227,617.0
9,9257,617.0
9,9271,617.0
9,9299,619.0
9,9327,619.0
9,9341,619.0
9,9369,619.0
9,9383,624.0
9,9409,627.0
9,9423,627.0
9,9439,627.0
9,9453,627.0
9,9455,627.0
9,9457,627.0
9,9485,632.0
9,9499,632.0
9,9517,632.0
9,9545,632.0
9,9559,632.0
9,9577,642.0
9,9605,642.0
9,9633,642.0
9,9663,642.0
9,9689,642.0
9,9717,642.0
9,9731,642.0
9,9747,642.0
9,9761,642.0
9,9775,642.0
9,9803,645.0
9,9833,645.0
9,9863,645.0
9,9877,645.0
9,9905,645.0
9,9921,645.0
9,9937,645.0
9,9939,645.0
9,9941,645.0
9,9943,645.0
9,9979,645.0
9,9981,645.0
9,9997,645.0
9,10023,645.0
9,10049,647.0
9,10063,647.0
9,10077,647.0
9,10091,647.0
9,10117,647.0
9,10133,647.0
9,10135,647.0
9,10137,647.0
9,10155,647.0
9,10181,647.0
9,10183,647.0
9,10199,651.0
9,10213,651.0
9,10243,651.0
9,10257,651.0
9,10271,651.0
9,10273,651.0
9,10303,651.0
9,10305,651.0
9,10333,651.0
9,10335,651.0
9,10337,651.0
9,10365,651.0
9,10393,651.0
9,10395,651.0
9,10397,651.0
9,10413,651.0
9,10429,651.0
9,10443,651.0
9,10459,651.0
9,10473,651.0
9,10491,651.0
9,10509,651.0
9,10539,651.0
9,10553,656.0
9,10579,656.0
9,10595,656.0
9,10611,656.0
9,10637,660.0
9,10667,660.0
9,10695,660.0
9,10709,660.0
9,10741,660.0
9,10755,660.0
9,10771,660.0
9,10785,660.0
9,10801,660.0
9,10815,660.0
9,10817,660.0
9,10831,660.0
9,10833,660.0
9,10847,660.0
9,10875,660.0
9,10889,660.0
9,10917,660.0
9,10935,660.0
9,10937,660.0
9,10939,660.0
9,10953,660.0
9,10981,660.0
9,10997,660.0
9,11031,660.0
9,11033,660.0
9,11049,660.0
9,11075,660.0
9,11089,660.0
9,11103,660.0
9,11117,660.0
9,11131,660.0
9,11145,660.0
9,11159,660.0
9,11187,660.0
9,11213,660.0
9,11229,660.0
9,11263,660.0
9,11265,660.0
9,11291,668.0
9,11307,668.0
9,11335,668.0
9,11369,668.0
9,11397,668.0
9,11415,668.0
9,11429,668.0
9,11461,668.0
9,11463,668.0
9,11495,668.0
9,11497,668.0
9,11511,668.0
9,11545,668.0
9,11547,668.0
9,11565,668.0
9,11567,668.0
9,11569,668.0
9,11585,668.0
9,11599,668.0
9,11625,668.0
9,11639,668.0
9,11667,668.0
9,11693,671.0
9,11709,671.0
9,11739,671.0
9,11755,671.0
9,11771,671.0
9,11787,671.0
9,11803,671.0
9,11817,671.0
9,11833,671.0
9,11849,671.0
9,11879,671.0
9,11881,671.0
9,11883,671.0
9,11899,671.0
9,11913,671.0
9,11941,671.0
9,11967,671.0
9,11993,671.0
9,12007,671.0
9,12023,671.0
9,12049,671.0
9,12079,671.0
9,12109,671.0
9,12123,671.0
9,12149,671.0
9,12165,671.0
9,12167,671.0
9,12181,671.0
9,12195,671.0
9,12231,671.0
9,12259,671.0
9,12287,671.0
9,12303,671.0
9,12305,671.0
9,12331,671.0
9,12345,671.0
9,12375,671.0
9,12391,671.0
9,12405,671.0
9,12419,671.0
9,12447,671.0
9,12461,671.0
9,12475,671.0
9,12477,671.0
9,12507,671.0
9,12535,671.0
9,12549,671.0
9,12565,671.0
9,12581,671.0
9,12583,671.0
9,12609,671.0
9,12635,671.0
9,12637,671.0
9,12667,671.0
9,12695,671.0
9,12697,671.0
9,12727,671.0
9,12743,671.0
9,12757,671.0
9,12759,671.0
9,12789,671.0
9,12825,671.0
9,12853,671.0
9,12869,671.0
9,12887,671.0
9,12903,671.0
9,12917,671.0
9,12931,671.0
9,12961,671.0
9,12975,671.0
9,12977,671.0
9,13005,671.0
9,13007,671.0
9,13021,671.0
9,13051,671.0
9,13065,671.0
9,13093,671.0
9,13125,671.0
9,13155,671.0
9,13157,671.0
9,13185,671.0
9,13199,671.0
9,13215,671.0
9,13229,671.0
9,13243,671.0
9,13269,676.0
9,13283,676.0
9,13299,676.0
9,13319,676.0
9,13345,676.0
9,13347,676.0
9,13361,676.0
9,13375,676.0
9,13401,676.0
9,13427,676.0
9,13441,676.0
9,13459,676.0
9,13461,676.0
9,13491,676.0
9,13517,676.0
9,13531,676.0
9,13545,676.0
9,13559,676.0
9,13585,676.0
9,13613,676.0
9,13641,676.0
9,13655,676.0
9,13683,676.0
9,13709,676.0
9,13711,676.0
9,13731,676.0
9,13733,676.0
9,13747,676.0
9,13749,676.0
9,13751,676.0
9,13765,676.0
9,13767,676.0
9,13781,676.0
9,13795,676.0
9,13809,676.0
9,13829,676.0
9,13857,676.0
9,13885,676.0
9,13917,676.0
9,13947,676.0
9,13973,676.0
9,13989,676.0
9,14017,676.0
9,14033,676.0
9,14047,676.0
9,14063,676.0
9,14077,676.0
9,14105,676.0
9,14107,676.0
9,14121,676.0
9,14151,676.0
9,14177,676.0
9,14191,676.0
9,14205,676.0
9,14219,676.0
9,14245,676.0
9,14273,676.0
9,14287,676.0
9,14315,676.0
9,14329,676.0
9,14343,676.0
9,14345,676.0
9,14359,676.0
9,14373,676.0
9,14401,676.0
9,14403,676.0
9,14421,676.0
9,14435,676.0
9,14461,676.0
9,14475,676.0
9,14507,676.0
9,14521,676.0
9,14539,676.0
9,14553,676.0
9,14585,676.0
9,14599,677.0
9,14601,677.0
9,14603,677.0
9,14635,677.0
9,14637,677.0
9,14663,677.0
9,14691,677.0
9,14705,677.0
9,14719,677.0
9,14733,677.0
9,14761,680.0
9,14763,680.0
9,14779,680.0
9,14793,680.0
9,14807,680.0
9,14821,680.0
9,14839,680.0
9,14855,680.0
9,14857,680.0
9,14875,680.0
9,14891,680.0
9,14893,680.0
9,14923,680.0
9,14949,680.0
9,14979,680.0
9,14993,680.0
9,14995,680.0
9,15009,680.0
9,15025,680.0
9,15053,680.0
9,15081,680.0
9,15109,680.0
9,15139,680.0
9,15167,680.0
9,15169,680.0
9,15185,680.0
9,15199,680.0
9,15201,680.0
9,15203,680.0
9,15231,680.0
9,15245,680.0
9,15247,680.0
9,15261,680.0
9,15275,682.0
9,15295,682.0
9,15311,682.0
9,15337,682.0
9,15353,682.0
9,15385,682.0
9,15413,682.0
9,15445,682.0
9,15459,682.0
9,15485,682.0
9,15501,682.0
9,15517,682.0
9,15519,682.0
9,15533,682.0
9,15559,682.0
9,15561,682.0
9,15577,682.0
9,15595,682.0
9,15611,682.0
9,15625,682.0
9,15653,682.0
9,15669,682.0
9,15685,682.0
9,15703,682.0
9,15731,682.0
9,15757,682.0
9,15773,682.0
9,15791,682.0
9,15817,682.0
9,15837,682.0
9,15865,682.0
9,15879,682.0
9,15881,682.0
9,15897,682.0
9,15911,682.0
9,15913,682.0
9,15943,682.0
9,15971,682.0
9,15989,682.0
9,16005,682.0
9,16021,682.0
9,16049,682.0
9,16063,682.0
9,16077,682.0
9,16103,682.0
9,16117,682.0
9,16133,682.0
9,16161,682.0
9,16177,682.0
9,16193,682.0
9,16225,682.0
9,16239,682.0
9,16265,682.0
9,16281,682.0
9,16295,682.0
9,16297,682.0
9,16313,682.0
9,16315,682.0
9,16343,682.0
9,16373,686.0
9,16403,686.0
9,16419,686.0
9,16449,686.0
9,16465,686.0
9,16493,686.0
9,16507,686.0
9,16521,686.0
9,16535,686.0
9,16549,686.0
9,16563,686.0
9,16579,686.0
9,16593,686.0
9,16623,686.0
9,16639,686.0
9,16667,686.0
9,16693,686.0
9,16707,686.0
9,16721,686.0
9,16735,686.0
9,16765,686.0
9,16779,686.0
9,16807,686.0
9,16823,686.0
9,16837,686.0
9,16865,686.0
9,16879,686.0
9,16897,686.0
9,16915,686.0
9,16945,686.0
9,16971,686.0
9,16985,686.0
9,17011,686.0
9,17037,686.0
9,17053,686.0
9,17067,686.0
9,17085,686.0
9,17113,686.0
9,17145,686.0
9,17175,686.0
9,17207,686.0
9,17221,686.0
9,17251,686.0
9,17281,686.0
9,17311,686.0
9,17329,686.0
9,17357,686.0
10,7360,442.0
10,7386,442.0
10,7400,442.0
10,7426,442.0
10,7440,442.0
10,7442,442.0
10,7456,463.0
10,7482,469.0
10,7512,469.0
10,7538,469.0
10,7566,469.0
10,7582,469.0
10,7584,469.0
10,7612,499.0
10,7646,499.0
10,7674,536.0
10,7704,578.0
10,7734,608.0
10,7736,608.0
10,7738,608.0
10,7766,625.0
10,7782,625.0
10,7798,625.0
10,7824,625.0
10,7842,625.0
10,7872,625.0
10,7886,625.0
10,7912,636.0
10,7944,636.0
10,7972,636.0
10,8002,636.0
10,8795,636.0
10,8825,636.0
10,8843,636.0
10,8859,636.0
10,8875,636.0
10,8877,636.0
10,8891,636.0
10,8919,636.0
10,8945,638.0
10,8971,639.0
10,8987,639.0
10,9019,639.0
10,9021,639.0
10,9035,639.0
10,9067,639.0
10,9093,639.0
10,9107,639.0
10,9109,639.0
10,9123,639.0
10,9149,639.0
10,9167,639.0
10,9169,639.0
10,9183,639.0
10,9197,639.0
10,9211,639.0
10,9237,639.0
10,9253,639.0
10,9281,639.0
10,9295,639.0
10,9321,639.0
10,9353,639.0
10,9383,639.0
10,9413,639.0
10,9429,639.0
10,9455,639.0
10,9469,639.0
10,9483,639.0
10,9497,639.0
10,9511,639.0
10,9537,639.0
10,9539,639.0
10,9565,639.0
10,9591,639.0
10,9593,639.0
10,9607,639.0
10,9621,639.0
10,9649,641.0
10,9667,641.0
10,9681,644.0
10,9683,644.0
10,9713,644.0
10,9727,644.0
10,9757,644.0
10,9773,646.0
10,9799,662.0
10,9813,662.0
10,9827,662.0
10,9841,662.0
10,9855,662.0
10,9883,662.0
10,9913,662.0
10,9941,662.0
10,9969,662.0
10,9995,662.0
10,10021,662.0
10,10051,662.0
10,10079,662.0
10,10095,662.0
10,10109,662.0
10,10125,662.0
10,10139,662.0
10,10153,662.0
10,10167,662.0
10,10183,662.0
10,10211,662.0
10,10227,662.0
10,10243,662.0
10,10257,662.0
10,10283,662.0
10,10309,662.0
10,10335,662.0
10,10337,662.0
10,10365,662.0
10,10381,662.0
10,10395,662.0
10,10397,662.0
10,10423,662.0
10,10449,662.0
10,10463,662.0
10,10465,662.0
10,10491,662.0
10,10493,662.0
10,10509,662.0
10,10535,662.0
10,10565,662.0
10,10581,662.0
10,10609,662.0
10,10639,662.0
10,10641,662.0
10,10659,662.0
10,10685,662.0
10,10701,662.0
10,10715,662.0
10,10731,662.0
10,10733,662.0
10,10763,662.0
10,10777,662.0
10,10791,662.0
10,10809,662.0
10,10837,662.0
10,10853,662.0
10,10869,662.0
10,10895,662.0
10,10921,662.0
10,10953,662.0
10,10981,662.0
10,11007,668.0
10,11023,668.0
10,11055,668.0
10,11069,668.0
10,11071,668.0
10,11073,668.0
10,11105,668.0
10,11121,668.0
10,11135,668.0
10,11137,668.0
10,11139,668.0
10,11153,669.0
10,11167,669.0
10,11193,669.0
10,11225,669.0
10,11239,669.0
10,11255,669.0
10,11283,669.0
10,11297,669.0
10,11311,669.0
10,11313,669.0
10,11327,669.0
10,11341,669.0
10,11369,669.0
10,11385,669.0
10,11399,669.0
10,11413,669.0
10,11443,669.0
10,11445,669.0
10,11463,669.0
10,11489,669.0
10,11517,669.0
10,11519,669.0
10,11549,669.0
10,11551,669.0
10,11571,669.0
10,11585,669.0
10,11599,681.0
10,11617,681.0
10,11631,681.0
10,11659,681.0
10,11677,681.0
10,11709,681.0
10,11737,681.0
10,11751,681.0
10,11765,681.0
10,11793,681.0
10,11809,681.0
10,11811,681.0
10,11839,681.0
10,11865,681.0
10,11879,681.0
10,11911,681.0
10,11925,681.0
10,11951,681.0
10,11953,681.0
10,11967,681.0
10,11995,681.0
10,12023,681.0
10,12037,681.0
10,12051,681.0
10,12077,681.0
10,12091,681.0
10,12105,681.0
10,12121,681.0
10,12135,681.0
10,12149,681.0
10,12151,681.0
10,12179,681.0
10,12193,681.0
10,12219,681.0
10,12247,681.0
10,12261,681.0
10,12275,681.0
10,12307,681.0
10,12321,681.0
10,12351,681.0
10,12381,681.0
10,12395,681.0
10,12425,681.0
10,12439,681.0
10,12465,681.0
10,12491,681.0
10,12505,681.0
10,12507,681.0
10,12523,681.0
10,12537,681.0
10,12551,681.0
10,12577,681.0
10,12595,681.0
10,12597,681.0
10,12617,681.0
10,12647,681.0
10,12661,681.0
10,12663,681.0
10,12677,681.0
10,12707,683.0
10,12721,683.0
10,12723,683.0
10,12737,683.0
10,12765,683.0
10,12791,683.0
10,12793,683.0
10,12807,683.0
10,12821,683.0
10,12835,683.0
10,12861,683.0
10,12875,683.0
10,12889,683.0
10,12903,683.0
10,12919,683.0
10,12945,683.0
10,12961,683.0
10,12977,683.0
10,12993,683.0
10,13007,683.0
10,13033,683.0
10,13047,683.0
10,13073,683.0
10,13103,683.0
10,13129,683.0
10,13145,683.0
10,13161,683.0
10,13179,683.0
10,13207,683.0
10,13235,683.0
10,13261,683.0
10,13275,683.0
10,13289,683.0
10,13315,683.0
10,13329,683.0
10,13357,683.0
10,13371,683.0
10,13403,683.0
10,13417,683.0
10,13419,683.0
10,13433,683.0
10,13459,683.0
10,13461,683.0
10,13475,683.0
10,13489,683.0
10,13505,683.0
10,13519,683.0
10,13535,683.0
10,13549,683.0
10,13563,683.0
10,13577,683.0
10,13607,683.0
10,13637,683.0
10,13639,683.0
10,13653,683.0
10,13681,683.0
10,13709,683.0
10,13739,683.0
10,13755,683.0
10,13781,683.0
10,13797,683.0
10,13825,683.0
10,13839,683.0
10,13865,683.0
10,13881,683.0
10,13913,683.0
10,13927,683.0
10,13941,683.0
10,13961,683.0
10,13977,683.0
10,14005,683.0
10,14007,683.0
10,14021,683.0
10,14037,683.0
10,14065,683.0
10,14081,683.0
10,14095,683.0
10,14109,685.0
10,14137,685.0
10,14165,685.0
10,14179,685.0
10,14193,685.0
10,14207,685.0
10,14209,685.0
10,14223,685.0
10,14237,685.0
10,14251,685.0
10,14265,687.0
10,14267,687.0
10,14281,687.0
10,14307,687.0
10,14321,687.0
10,14337,687.0
10,14365,687.0
10,14379,687.0
10,14393,687.0
10,14421,687.0
10,14449,687.0
10,14463,687.0
10,14489,687.0
10,14491,687.0
10,14521,687.0
10,14547,687.0
10,14565,687.0
10,14593,690.0
10,14619,690.0
10,14649,690.0
10,14677,690.0
10,14693,690.0
10,14707,690.0
10,14723,690.0
10,14753,690.0
10,14785,690.0
10,14799,690.0
10,14813,690.0
10,14827,690.0
10,14829,690.0
10,14831,690.0
10,14845,690.0
10,14861,690.0
10,14875,690.0
10,14877,690.0
10,14907,690.0
10,14909,690.0
10,14937,690.0
10,14965,690.0
10,14981,690.0
10,15009,690.0
10,15035,690.0
10,15051,690.0
10,15053,690.0
10,15067,690.0
10,15085,690.0
10,15099,690.0
10,15125,690.0
10,15139,690.0
10,15167,690.0
10,15181,690.0
10,15209,690.0
10,15211,690.0
10,15225,690.0
10,15241,690.0
10,15267,690.0
10,15281,690.0
10,15311,690.0
10,15325,690.0
10,15353,690.0
10,15385,690.0
10,15401,690.0
10,15403,690.0
10,15433,690.0
10,15459,690.0
10,15487,690.0
10,15489,690.0
10,15503,690.0
10,15531,690.0
10,15557,690.0
10,15573,690.0
10,15587,690.0
10,15601,690.0
10,15615,690.0
10,15631,690.0
10,15645,690.0
10,15671,690.0
10,15697,690.0
10,15715,690.0
10,15745,690.0
10,15761,690.0
10,15777,690.0
10,15793,690.0
10,15809,690.0
10,15825,690.0
10,15839,690.0
10,15853,690.0
10,15879,690.0
10,15895,690.0
10,15909,690.0
10,15941,690.0
10,15955,690.0
10,15987,690.0
10,16001,690.0
10,16015,690.0
10,16041,690.0
10,16069,690.0
10,16083,690.0
10,16109,690.0
10,16139,690.0
10,16141,690.0
10,16167,690.0
10,16169,690.0
10,16183,690.0
10,16199,690.0
10,16225,690.0
10,16241,690.0
10,16255,690.0
10,16281,690.0
10,16283,690.0
10,16297,690.0
10,16315,690.0
10,16345,690.0
10,16371,690.0
10,16399,690.0
10,16413,690.0
10,16427,690.0
10,16455,690.0
10,16469,690.0
10,16487,690.0
10,16503,690.0
10,16517,690.0
10,16531,690.0
10,16547,690.0
10,16575,690.0
10,16589,690.0
10,16617,690.0
10,16647,690.0
10,16661,690.0
10,16689,690.0
10,16691,690.0
10,16717,690.0
10,16737,690.0
10,16763,690.0
10,16765,690.0
10,16781,690.0
10,16783,690.0
10,16813,690.0
10,16827,690.0
10,16841,695.0
10,16873,695.0
10,16887,695.0
10,16901,695.0
10,16927,695.0
10,16945,695.0
10,16961,695.0
10,16975,695.0
10,17001,695.0
10,17033,695.0
10,17049,695.0
10,17063,695.0
10,17065,695.0
10,17079,695.0
10,17081,695.0
10,17095,695.0
10,17097,695.0
10,17125,695.0
10,17155,695.0
10,17183,695.0
10,17197,695.0
10,17211,695.0
10,17225,695.0
10,17253,695.0
10,17267,695.0
10,17295,695.0
10,17309,695.0
10,17323,695.0
10,17337,695.0
11,7532,499.0
11,7560,499.0
11,7562,499.0
11,7564,499.0
11,7578,499.0
11,7592,499.0
11,7618,539.0
11,7644,539.0
11,7660,539.0
11,7674,552.0
11,7690,552.0
11,8479,552.0
11,8493,552.0
11,8513,552.0
11,8539,552.0
11,8573,552.0
11,8587,568.0
11,8601,568.0
11,8615,568.0
11,8647,568.0
11,8675,568.0
11,8707,588.0
11,8735,588.0
11,8767,588.0
11,8793,589.0
11,8807,589.0
11,8833,589.0
11,8835,589.0
11,8837,589.0
11,8855,589.0
11,8881,605.0
11,8911,609.0
11,8925,609.0
11,8939,609.0
11,8953,609.0
11,8967,609.0
11,8981,609.0
11,8999,609.0
11,9001,609.0
11,9031,609.0
11,9049,622.0
11,9051,622.0
11,9079,622.0
11,9105,622.0
11,9131,622.0
11,9145,622.0
11,9159,622.0
11,9173,622.0
11,9187,622.0
11,9201,622.0
11,9227,622.0
11,9245,622.0
11,9259,622.0
11,9273,622.0
11,9287,622.0
11,9301,622.0
11,9329,622.0
11,9355,622.0
11,9369,622.0
11,9371,622.0
11,9373,622.0
11,9391,622.0
11,9405,622.0
11,9421,622.0
11,9447,622.0
11,9461,622.0
11,9487,622.0
11,9501,651.0
11,9529,651.0
11,9531,651.0
11,9559,651.0
11,9585,651.0
11,9611,651.0
11,9637,651.0
11,9653,651.0
11,9667,651.0
11,9681,651.0
11,9683,651.0
11,9709,651.0
11,9723,651.0
11,9739,651.0
11,9741,651.0
11,9767,651.0
11,9783,651.0
11,9797,651.0
11,9813,651.0
11,9829,651.0
11,9843,651.0
11,9871,651.0
11,9899,663.0
11,9925,663.0
11,9943,663.0
11,9959,663.0
11,9991,663.0
11,10007,663.0
11,10009,663.0
11,10037,663.0
11,10039,663.0
11,10041,663.0
11,10055,663.0
11,10069,663.0
11,10071,663.0
11,10099,663.0
11,10113,663.0
11,10131,663.0
11,10133,663.0
11,10135,663.0
11,10137,663.0
11,10169,663.0
11,10185,663.0
11,10213,663.0
11,10215,663.0
11,10233,663.0
11,10259,663.0
11,10261,663.0
11,10289,663.0
11,10291,663.0
11,10305,663.0
11,10331,663.0
11,10361,663.0
11,10363,663.0
11,10393,663.0
11,10407,663.0
11,10435,663.0
11,10449,663.0
11,10451,663.0
11,10477,663.0
11,10503,663.0
11,10533,663.0
11,10547,663.0
11,10549,663.0
11,10563,663.0
11,10577,663.0
11,10603,663.0
11,10617,663.0
11,10635,663.0
11,10663,663.0
11,10679,663.0
11,10707,671.0
11,10709,671.0
11,10711,671.0
11,10713,671.0
11,10715,671.0
11,10717,671.0
11,10743,671.0
11,10759,671.0
11,10793,671.0
11,10819,671.0
11,10833,671.0
11,10847,671.0
11,10877,671.0
11,10905,674.0
11,10919,674.0
11,10935,674.0
11,10963,681.0
11,10965,681.0
11,10979,681.0
11,10993,681.0
11,11021,681.0
11,11049,681.0
11,11051,681.0
11,11079,681.0
11,11095,681.0
11,11121,681.0
11,11137,681.0
11,11165,681.0
11,11179,681.0
11,11207,681.0
11,11225,681.0
11,11227,681.0
11,11245,681.0
11,11261,681.0
11,11275,681.0
11,11303,681.0
11,11317,681.0
11,11331,681.0
11,11349,681.0
11,11365,681.0
11,11391,681.0
11,11405,681.0
11,11431,681.0
11,11447,681.0
11,11463,681.0
11,11491,681.0
11,11521,681.0
11,11535,681.0
11,11549,681.0
11,11567,681.0
11,11593,681.0
11,11627,681.0
11,11629,681.0
11,11631,681.0
11,11663,681.0
11,11665,681.0
11,11679,681.0
11,11693,681.0
11,11707,681.0
11,11709,681.0
11,11743,681.0
11,11757,683.0
11,11789,683.0
11,11807,683.0
11,11827,683.0
11,11841,683.0
11,11855,683.0
11,11887,683.0
11,11901,683.0
11,11927,683.0
11,11941,683.0
11,11967,683.0
11,11969,683.0
11,11985,683.0
11,11987,683.0
11,12015,683.0
11,12029,683.0
11,12047,683.0
11,12065,683.0
11,12095,683.0
11,12123,683.0
11,12149,683.0
11,12163,683.0
11,12165,683.0
11,12181,683.0
11,12197,683.0
11,12211,683.0
11,12213,683.0
11,12215,683.0
11,12229,683.0
11,12255,683.0
11,12257,683.0
11,12271,683.0
11,12285,683.0
11,12299,685.0
11,12313,685.0
11,12343,685.0
11,12357,685.0
11,12385,685.0
11,12417,685.0
11,12443,685.0
11,12445,685.0
11,12471,685.0
11,12499,685.0
11,12501,685.0
11,12515,685.0
11,12547,685.0
11,12563,685.0
11,12593,685.0
11,12607,685.0
11,12633,685.0
11,12647,685.0
11,12661,685.0
11,12689,685.0
11,12721,685.0
11,12757,685.0
11,12787,685.0
11,12801,685.0
11,12819,685.0
11,12835,685.0
11,12865,685.0
11,12891,690.0
11,12919,690.0
11,12935,690.0
11,12949,690.0
11,12969,690.0
11,12995,690.0
11,12997,690.0
11,13013,690.0
11,13041,690.0
11,13067,690.0
11,13099,690.0
11,13113,690.0
11,13115,690.0
11,13133,690.0
11,13161,690.0
11,13163,690.0
11,13191,690.0
11,13217,690.0
11,13233,690.0
11,13247,690.0
11,13277,690.0
11,13307,690.0
11,13333,690.0
11,13347,690.0
11,13363,690.0
11,13377,690.0
11,13407,690.0
11,13421,690.0
11,13437,690.0
11,13451,690.0
11,13481,690.0
11,13509,690.0
11,13523,690.0
11,13525,690.0
11,13551,690.0
11,13577,690.0
11,13605,690.0
11,13633,690.0
11,13663,690.0
11,13665,690.0
11,13679,690.0
11,13681,690.0
11,13699,690.0
11,13715,690.0
11,13743,690.0
11,13769,690.0
11,13771,690.0
11,13787,690.0
11,13801,690.0
11,13817,690.0
11,13837,690.0
11,13865,690.0
11,13891,690.0
11,13917,690.0
11,13947,690.0
11,13973,690.0
11,13975,690.0
11,14003,690.0
11,14005,690.0
11,14021,690.0
11,14037,690.0
11,14065,690.0
11,14095,690.0
11,14121,690.0
11,14147,690.0
11,14161,690.0
11,14175,690.0
11,14201,690.0
11,14203,690.0
11,14219,690.0
11,14233,690.0
11,14259,690.0
11,14289,690.0
11,14303,690.0
11,14335,690.0
11,14361,690.0
11,14375,690.0
11,14377,690.0
11,14391,690.0
11,14405,690.0
11,14433,690.0
11,14449,690.0
11,14463,690.0
11,14479,690.0
11,14511,690.0
11,14525,690.0
11,14553,690.0
11,14579,690.0
11,14593,690.0
11,14621,690.0
11,14651,690.0
11,14667,690.0
11,14693,690.0
11,14719,690.0
11,14753,690.0
11,14771,690.0
11,14797,690.0
11,14811,690.0
11,14825,690.0
11,14853,690.0
11,14867,690.0
11,14883,690.0
11,14909,690.0
11,14923,690.0
11,14949,690.0
11,14965,690.0
11,14979,690.0
11,15005,690.0
11,15035,690.0
11,15061,690.0
11,15075,690.0
11,15089,690.0
11,15123,690.0
11,15139,690.0
11,15173,690.0
11,15199,690.0
11,15215,690.0
11,15217,690.0
11,15219,690.0
11,15233,690.0
11,15267,690.0
11,15293,690.0
11,15307,690.0
11,15333,690.0
11,15349,690.0
11,15363,690.0
11,15377,690.0
11,15403,690.0
11,15431,690.0
11,15445,690.0
11,15447,690.0
11,15473,690.0
11,15487,690.0
11,15501,690.0
11,15531,690.0
11,15559,690.0
11,15575,690.0
11,15589,690.0
11,15603,690.0
11,15619,690.0
11,15633,690.0
11,15661,690.0
11,15687,690.0
11,15701,690.0
11,15717,690.0
11,15743,690.0
11,15745,690.0
11,15759,690.0
11,15777,690.0
11,15779,690.0
11,15811,690.0
11,15839,690.0
11,15869,690.0
11,15897,690.0
11,15911,690.0
11,15937,690.0
11,15965,690.0
11,15991,690.0
11,15993,690.0
11,16007,690.0
11,16021,690.0
11,16051,691.0
11,16077,691.0
11,16103,691.0
11,16137,691.0
11,16151,691.0
11,16177,691.0
11,16203,691.0
11,16231,691.0
11,16249,691.0
11,16275,691.0
11,16289,691.0
11,16317,691.0
11,16343,691.0
11,16369,691.0
11,16371,691.0
11,16385,691.0
11,16399,691.0
11,16431,691.0
11,16433,691.0
11,16447,691.0
11,16473,691.0
11,16487,691.0
11,16515,691.0
11,16541,691.0
11,16573,691.0
11,16601,691.0
11,16615,691.0
11,16629,691.0
11,16655,691.0
11,16673,691.0
11,16705,691.0
11,16719,691.0
11,16753,691.0
11,16755,691.0
11,16781,691.0
11,16795,691.0
11,16809,691.0
11,16823,691.0
11,16837,691.0
11,16851,691.0
11,16865,691.0
11,16879,691.0
11,16907,691.0
11,16933,691.0
11,16935,691.0
11,16949,691.0
11,16951,691.0
11,16967,691.0
11,16969,691.0
11,16983,691.0
11,16997,691.0
11,17011,691.0
11,17043,691.0
11,17045,691.0
11,17047,691.0
11,17061,691.0
11,17075,691.0
11,17101,691.0
11,17115,691.0
11,17131,691.0
11,17147,691.0
11,17173,691.0
11,17201,691.0
11,17215,691.0
11,17243,691.0
11,17257,691.0
11,17271,691.0
11,17299,691.0
11,17301,691.0
11,17315,691.0
11,17341,691.0
11,17355,693.0
11,17381,693.0
11,17405,693.0
11,17419,693.0
11,17421,693.0
11,17437,693.0
11,17451,693.0
11,17465,693.0
11,17481,693.0
11,17509,693.0
12,7424,444.0
12,8231,444.0
12,8257,444.0
12,8285,444.0
12,8311,444.0
12,8333,444.0
12,8335,444.0
12,8367,444.0
12,8383,444.0
12,8413,466.0
12,8431,466.0
12,8459,480.0
12,8473,480.0
12,8475,480.0
12,8489,480.0
12,8519,480.0
12,8537,480.0
12,8539,480.0
12,8557,480.0
12,8571,491.0
12,8585,532.0
12,8599,539.0
12,8615,539.0
12,8629,539.0
12,8657,559.0
12,8673,559.0
12,8675,559.0
12,8691,559.0
12,8707,559.0
12,8737,559.0
12,8753,559.0
12,8779,589.0
12,8781,589.0
12,8809,589.0
12,8825,589.0
12,8841,589.0
12,8855,589.0
12,8883,589.0
12,8913,589.0
12,8939,589.0
12,8965,589.0
12,8979,589.0
12,8993,589.0
12,9023,589.0
12,9037,625.0
12,9051,625.0
12,9067,625.0
12,9081,625.0
12,9097,625.0
12,9115,625.0
12,9145,625.0
12,9147,625.0
12,9149,625.0
12,9175,625.0
12,9191,625.0
12,9211,625.0
12,9237,625.0
12,9251,625.0
12,9277,625.0
12,9279,625.0
12,9293,625.0
12,9295,625.0
12,9309,625.0
12,9325,625.0
12,9327,625.0
12,9355,625.0
12,9369,625.0
12,9399,625.0
12,9413,640.0
12,9415,640.0
12,9429,640.0
12,9459,640.0
12,9477,640.0
12,9479,640.0
12,9505,640.0
12,9533,640.0
12,9535,640.0
12,9563,640.0
12,9593,640.0
12,9619,640.0
12,9645,640.0
12,9659,640.0
12,9687,640.0
12,9701,640.0
12,9729,640.0
12,9743,640.0
12,9759,640.0
12,9785,643.0
12,9815,662.0
12,9845,662.0
12,9859,662.0
12,9861,662.0
12,9877,662.0
12,9897,662.0
12,9923,662.0
12,9953,662.0
12,9969,662.0
12,9997,662.0
12,9999,662.0
12,10001,662.0
12,10015,662.0
12,10017,662.0
12,10033,662.0
12,10047,662.0
12,10061,662.0
12,10087,662.0
12,10089,662.0
12,10091,662.0
12,10093,662.0
12,10123,662.0
12,10137,662.0
12,10155,662.0
12,10169,662.0
12,10187,662.0
12,10219,668.0
12,10235,668.0
12,10261,668.0
12,10287,668.0
12,10303,668.0
12,10317,668.0
12,10345,668.0
12,10377,668.0
12,10391,668.0
12,10405,668.0
12,10431,668.0
12,10447,668.0
12,10461,668.0
12,10475,668.0
12,10491,668.0
12,10523,668.0
12,10555,668.0
12,10581,668.0
12,10609,668.0
12,10623,668.0
12,10625,668.0
12,10641,668.0
12,10669,668.0
12,10683,668.0
12,10701,668.0
12,10717,668.0
12,10745,668.0
12,10759,668.0
12,10789,668.0
12,10805,668.0
12,10835,668.0
12,10837,668.0
12,10865,668.0
12,10893,668.0
12,10927,668.0
12,10957,668.0
12,10971,675.0
12,10997,677.0
12,11023,677.0
12,11049,677.0
12,11079,677.0
12,11093,677.0
12,11119,677.0
12,11145,677.0
12,11159,682.0
12,11187,682.0
12,11201,682.0
12,11229,682.0
12,11255,682.0
12,11269,682.0
12,11283,682.0
12,11309,682.0
12,11323,682.0
12,11339,682.0
12,11355,682.0
12,11371,682.0
12,11387,682.0
12,11405,682.0
12,11423,682.0
12,11451,682.0
12,11465,682.0
12,11493,682.0
12,11495,682.0
12,11509,682.0
12,11535,682.0
12,11563,682.0
12,11579,682.0
12,11605,682.0
12,11633,682.0
12,11651,682.0
12,11669,682.0
12,11683,682.0
12,11711,682.0
12,11713,682.0
12,11741,682.0
12,11743,682.0
12,11745,682.0
12,11759,682.0
12,11787,682.0
12,11815,682.0
12,11841,682.0
12,11859,682.0
12,11891,682.0
12,11923,682.0
12,11925,682.0
12,11943,682.0
12,11945,682.0
12,11973,682.0
12,12005,682.0
12,12019,682.0
12,12021,682.0
12,12035,682.0
12,12049,682.0
12,12069,682.0
12,12083,682.0
12,12097,682.0
12,12111,682.0
12,12141,682.0
12,12169,682.0
12,12201,682.0
12,12215,682.0
12,12241,682.0
12,12243,682.0
12,12245,682.0
12,12261,682.0
12,12281,682.0
12,12295,682.0
12,12311,682.0
12,12327,682.0
12,12355,682.0
12,12357,682.0
12,12383,682.0
12,12385,682.0
12,12419,682.0
12,12421,682.0
12,12447,682.0
12,12477,682.0
12,12507,682.0
12,12533,682.0
12,12561,682.0
12,12575,682.0
12,12577,682.0
12,12591,682.0
12,12605,682.0
12,12631,682.0
12,12665,682.0
12,12667,682.0
12,12669,682.0
12,12683,682.0
12,12697,682.0
12,12711,682.0
12,12727,682.0
12,12729,682.0
12,12743,682.0
12,12759,682.0
12,12761,682.0
12,12789,682.0
12,12805,682.0
12,12807,682.0
12,12823,682.0
12,12825,682.0
12,12855,682.0
12,12857,682.0
12,12885,682.0
12,12899,682.0
12,12917,682.0
12,12945,682.0
12,12959,682.0
12,12985,682.0
12,13001,682.0
12,13015,682.0
12,13029,682.0
12,13057,682.0
12,13071,682.0
12,13087,682.0
12,13089,682.0
12,13115,682.0
12,13129,682.0
12,13155,682.0
12,13183,682.0
12,13209,682.0
12,13237,682.0
12,13263,682.0
12,13293,682.0
12,13309,682.0
12,13323,682.0
12,13325,682.0
12,13353,684.0
12,13381,684.0
12,13407,684.0
12,13409,684.0
12,13439,684.0
12,13453,684.0
12,13481,684.0
12,13495,684.0
12,13523,684.0
12,13539,684.0
12,13553,684.0
12,13555,684.0
12,13569,684.0
12,13583,684.0
12,13597,684.0
12,13599,684.0
12,13613,684.0
12,13629,684.0
12,13655,684.0
12,13683,684.0
12,13711,684.0
12,13713,684.0
12,13727,684.0
12,13741,684.0
12,13767,684.0
12,13769,684.0
12,13797,684.0
12,13825,684.0
12,13827,684.0
12,13843,684.0
12,13861,684.0
12,13887,684.0
12,13917,684.0
12,13931,684.0
12,13933,684.0
12,13949,684.0
12,13975,684.0
12,13993,684.0
12,14007,684.0
12,14009,684.0
12,14039,684.0
12,14041,684.0
12,14069,684.0
12,14083,684.0
12,14097,684.0
12,14099,684.0
12,14117,684.0
12,14143,684.0
12,14171,684.0
12,14185,684.0
12,14201,684.0
12,14215,684.0
12,14243,684.0
12,14257,684.0
12,14287,684.0
12,14313,684.0
12,14327,684.0
12,14329,684.0
12,14345,684.0
12,14347,684.0
12,14379,684.0
12,14405,684.0
12,14407,684.0
12,14409,684.0
12,14437,685.0
12,14465,685.0
12,14479,685.0
12,14481,685.0
12,14495,685.0
12,14521,685.0
12,14535,685.0
12,14563,685.0
12,14591,685.0
12,14619,685.0
12,14645,685.0
12,14661,685.0
12,14677,685.0
12,14707,685.0
12,14721,685.0
12,14747,685.0
12,14761,685.0
12,14791,685.0
12,14807,685.0
12,14827,685.0
12,14855,685.0
12,14857,685.0
12,14883,685.0
12,14885,685.0
12,14901,685.0
12,14929,685.0
12,14955,685.0
12,14957,685.0
12,14975,685.0
12,15003,685.0
12,15031,685.0
12,15059,685.0
12,15073,685.0
12,15099,685.0
12,15101,685.0
12,15129,685.0
12,15159,685.0
12,15187,685.0
12,15201,685.0
12,15215,685.0
12,15231,685.0
12,15233,685.0
12,15249,685.0
12,15265,685.0
12,15291,685.0
12,15321,685.0
12,15339,685.0
12,15341,685.0
12,15357,685.0
12,15387,685.0
12,15403,685.0
12,15419,685.0
12,15445,685.0
12,15461,685.0
12,15489,685.0
12,15505,685.0
12,15519,685.0
12,15547,685.0
12,15575,685.0
12,15577,685.0
12,15579,685.0
12,15593,685.0
12,15619,685.0
12,15621,685.0
12,15647,685.0
12,15649,685.0
12,15663,685.0
12,15691,685.0
12,15705,685.0
12,15733,685.0
12,15747,685.0
12,15761,685.0
12,15789,685.0
12,15791,685.0
12,15793,685.0
12,15809,685.0
12,15811,685.0
12,15813,685.0
12,15831,685.0
12,15859,685.0
12,15861,685.0
12,15889,685.0
12,15903,685.0
12,15919,685.0
12,15921,685.0
12,15937,685.0
12,15939,685.0
12,15971,685.0
12,16001,685.0
12,16015,685.0
12,16029,685.0
12,16043,685.0
12,16073,685.0
12,16087,685.0
12,16113,685.0
12,16127,685.0
12,16153,685.0
12,16167,685.0
12,16193,685.0
12,16207,685.0
12,16221,694.0
12,16249,694.0
12,16263,694.0
12,16279,694.0
12,16309,694.0
12,16323,694.0
12,16337,694.0
12,16357,694.0
12,16375,694.0
12,16401,694.0
12,16417,694.0
12,16445,694.0
12,16473,694.0
12,16475,694.0
12,16501,694.0
12,16503,694.0
12,16521,694.0
12,16547,694.0
12,16549,694.0
12,16575,694.0
12,16577,694.0
12,16611,694.0
12,16625,694.0
12,16627,694.0
12,16645,694.0
12,16673,694.0
12,16687,694.0
12,16701,694.0
12,16703,694.0
12,16705,694.0
12,16719,694.0
12,16721,694.0
12,16751,694.0
12,16767,694.0
12,16793,694.0
12,16807,694.0
12,16821,694.0
12,16851,694.0
12,16865,694.0
12,16891,694.0
12,16917,694.0
12,16919,694.0
12,16933,694.0
12,16963,694.0
12,16991,694.0
12,17023,694.0
12,17053,694.0
12,17079,694.0
12,17107,694.0
12,17121,694.0
12,17123,694.0
12,17149,694.0
12,17167,694.0
12,17195,694.0
12,17221,694.0
12,17223,694.0
12,17251,694.0
12,17267,694.0
12,17293,694.0
12,17307,694.0
12,17341,694.0
12,17355,694.0
12,17371,694.0
12,17393,694.0
12,17421,694.0
13,7792,403.0
13,7808,403.0
13,7822,403.0
13,7848,403.0
13,7862,403.0
13,7876,403.0
13,7878,403.0
13,7908,417.0
13,7922,428.0
13,7952,469.0
13,7968,469.0
13,7982,469.0
13,8014,469.0
13,8016,469.0
13,8046,469.0
13,8076,469.0
13,8090,527.0
13,8116,569.0
13,8150,569.0
13,8178,569.0
13,8194,569.0
13,8196,569.0
13,8198,569.0
13,8212,569.0
13,8238,569.0
13,8266,569.0
13,8280,582.0
13,8294,582.0
13,8320,582.0
13,8334,590.0
13,8368,590.0
13,9103,590.0
13,9135,590.0
13,9153,590.0
13,9155,590.0
13,9169,590.0
13,9171,590.0
13,9187,590.0
13,9201,590.0
13,9215,590.0
13,9243,590.0
13,9271,603.0
13,9285,603.0
13,9299,603.0
13,9327,603.0
13,9341,603.0
13,9367,615.0
13,9383,615.0
13,9385,615.0
13,9401,617.0
13,9415,621.0
13,9429,621.0
13,9447,621.0
13,9461,621.0
13,9487,621.0
13,9513,621.0
13,9541,630.0
13,9555,630.0
13,9571,630.0
13,9573,630.0
13,9575,630.0
13,9593,630.0
13,9607,630.0
13,9633,632.0
13,9647,632.0
13,9663,632.0
13,9691,632.0
13,9721,632.0
13,9735,632.0
13,9751,632.0
13,9767,632.0
13,9783,632.0
13,9797,632.0
13,9823,632.0
13,9855,632.0
13,9857,632.0
13,9885,634.0
13,9913,634.0
13,9943,634.0
13,9973,634.0
13,9975,634.0
13,9991,634.0
13,10021,634.0
13,10035,634.0
13,10049,646.0
13,10065,646.0
13,10079,646.0
13,10107,646.0
13,10121,654.0
13,10123,654.0
13,10151,654.0
13,10181,654.0
13,10211,654.0
13,10225,664.0
13,10243,664.0
13,10257,664.0
13,10285,664.0
13,10313,664.0
13,10329,664.0
13,10345,664.0
13,10359,664.0
13,10379,664.0
13,10393,664.0
13,10395,664.0
13,10409,664.0
13,10411,664.0
13,10445,664.0
13,10473,664.0
13,10503,664.0
13,10533,671.0
13,10561,671.0
13,10587,671.0
13,10601,671.0
13,10617,671.0
13,10631,671.0
13,10645,671.0
13,10671,671.0
13,10673,671.0
13,10687,671.0
13,10703,671.0
13,10717,671.0
13,10745,671.0
13,10773,671.0
13,10801,671.0
13,10827,671.0
13,10853,671.0
13,10881,671.0
13,10895,671.0
13,10923,671.0
13,10937,671.0
13,10951,671.0
13,10965,677.0
13,10967,677.0
13,10993,677.0
13,11019,677.0
13,11047,677.0
13,11075,677.0
13,11077,677.0
13,11079,677.0
13,11105,677.0
13,11133,677.0
13,11151,677.0
13,11153,677.0
13,11171,677.0
13,11173,677.0
13,11199,677.0
13,11217,677.0
13,11247,677.0
13,11261,677.0
13,11263,677.0
13,11277,677.0
13,11305,689.0
13,11307,689.0
13,11323,689.0
13,11349,689.0
13,11365,689.0
13,11393,689.0
13,11423,689.0
13,11449,689.0
13,11477,689.0
13,11507,689.0
13,11535,689.0
13,11563,689.0
13,11581,689.0
13,11597,689.0
13,11617,689.0
13,11637,689.0
13,11663,689.0
13,11677,689.0
13,11691,689.0
13,11693,689.0
13,11707,689.0
13,11733,689.0
13,11761,689.0
13,11789,689.0
13,11803,689.0
13,11831,689.0
13,11833,689.0
13,11859,689.0
13,11877,689.0
13,11903,689.0
13,11917,689.0
13,11945,689.0
13,11971,689.0
13,11985,689.0
13,12011,689.0
13,12027,689.0
13,12029,689.0
13,12059,689.0
13,12085,689.0
13,12117,689.0
13,12119,689.0
13,12121,689.0
13,12149,689.0
13,12163,689.0
13,12179,689.0
13,12211,689.0
13,12227,689.0
13,12241,689.0
13,12269,689.0
13,12295,689.0
13,12297,689.0
13,12325,689.0
13,12341,689.0
13,12355,689.0
13,12381,689.0
13,12397,689.0
13,12399,689.0
13,12427,689.0
13,12445,689.0
13,12475,689.0
13,12489,689.0
13,12507,689.0
13,12509,689.0
13,12523,689.0
13,12551,689.0
13,12565,689.0
13,12581,689.0
13,12597,689.0
13,12599,689.0
13,12601,689.0
13,12617,689.0
13,12631,689.0
13,12659,689.0
13,12677,689.0
13,12695,689.0
13,12721,689.0
13,12737,689.0
13,12739,689.0
13,12757,689.0
13,12771,689.0
13,12773,689.0
13,12791,689.0
13,12805,689.0
13,12835,689.0
13,12837,689.0
13,12839,689.0
13,12853,689.0
13,12879,689.0
13,12895,689.0
13,12909,689.0
13,12925,689.0
13,12953,689.0
13,12981,689.0
13,12995,689.0
13,12997,689.0
13,12999,689.0
13,13001,689.0
13,13015,689.0
13,13031,689.0
13,13059,689.0
13,13089,689.0
13,13117,689.0
13,13131,689.0
13,13133,689.0
13,13147,689.0
13,13161,689.0
13,13175,689.0
13,13201,689.0
13,13215,689.0
13,13241,689.0
13,13267,689.0
13,13293,689.0
13,13295,689.0
13,13297,689.0
13,13299,689.0
13,13329,689.0
13,13331,689.0
13,13363,689.0
13,13377,689.0
13,13391,689.0
13,13419,689.0
13,13433,689.0
13,13463,689.0
13,13493,689.0
13,13495,689.0
13,13497,689.0
13,13525,689.0
13,13539,689.0
13,13557,689.0
13,13571,689.0
13,13587,689.0
13,13605,689.0
13,13631,689.0
13,13633,689.0
13,13651,689.0
13,13669,689.0
13,13683,689.0
13,13699,689.0
13,13701,689.0
13,13703,689.0
13,13705,689.0
13,13707,689.0
13,13735,689.0
13,13755,689.0
13,13757,689.0
13,13771,689.0
13,13785,689.0
13,13801,689.0
13,13815,689.0
13,13817,689.0
13,13843,689.0
13,13857,689.0
13,13887,689.0
13,13889,689.0
13,13921,689.0
13,13923,689.0
13,13949,689.0
13,13967,689.0
13,13969,689.0
13,13971,689.0
13,13987,689.0
13,14013,689.0
13,14015,689.0
13,14045,689.0
13,14059,689.0
13,14061,689.0
13,14087,689.0
13,14101,689.0
13,14119,689.0
13,14133,689.0
13,14161,689.0
13,14191,689.0
13,14219,689.0
13,14245,689.0
13,14259,689.0
13,14285,689.0
13,14313,689.0
13,14341,689.0
13,14355,689.0
13,14371,689.0
13,14399,689.0
13,14429,689.0
13,14447,689.0
13,14463,689.0
13,14493,689.0
13,14507,689.0
13,14523,689.0
13,14549,689.0
13,14577,689.0
13,14579,689.0
13,14607,689.0
13,14623,689.0
13,14637,689.0
13,14665,689.0
13,14693,689.0
13,14711,689.0
13,14727,689.0
13,14753,689.0
13,14767,689.0
13,14781,689.0
13,14795,689.0
13,14811,689.0
13,14827,689.0
13,14843,689.0
13,14859,689.0
13,14875,689.0
13,14877,689.0
13,14891,689.0
13,14917,689.0
13,14939,689.0
13,14965,689.0
13,14991,689.0
13,15009,689.0
13,15025,689.0
13,15039,689.0
13,15055,689.0
13,15083,689.0
13,15097,689.0
13,15129,689.0
13,15143,689.0
13,15157,689.0
13,15173,689.0
13,15187,689.0
13,15215,689.0
13,15245,689.0
13,15259,689.0
13,15289,689.0
13,15305,689.0
13,15325,689.0
13,15341,689.0
13,15355,689.0
13,15371,689.0
13,15387,689.0
13,15401,689.0
13,15417,689.0
13,15449,689.0
13,15451,689.0
13,15467,689.0
13,15469,689.0
13,15499,689.0
13,15513,689.0
13,15531,689.0
13,15559,689.0
13,15575,689.0
13,15601,689.0
13,15603,689.0
13,15617,689.0
13,15645,689.0
13,15647,689.0
13,15663,689.0
13,15679,689.0
13,15681,689.0
13,15695,689.0
13,15697,689.0
13,15699,689.0
13,15713,689.0
13,15739,689.0
13,15765,689.0
13,15783,689.0
13,15811,689.0
13,15839,689.0
13,15853,689.0
13,15867,689.0
13,15881,689.0
13,15883,689.0
13,15899,689.0
13,15917,689.0
13,15931,689.0
13,15947,689.0
13,15961,689.0
13,15989,689.0
13,16017,689.0
13,16047,689.0
13,16049,689.0
13,16067,689.0
13,16069,689.0
13,16083,689.0
13,16097,689.0
13,16111,689.0
13,16141,689.0
13,16171,689.0
13,16185,689.0
13,16187,689.0
13,16203,689.0
13,16217,689.0
13,16243,689.0
13,16257,689.0
13,16287,689.0
13,16317,689.0
13,16343,689.0
13,16373,689.0
13,16391,689.0
13,16417,689.0
13,16433,689.0
13,16459,689.0
13,16475,689.0
13,16501,689.0
13,16515,689.0
13,16529,689.0
13,16543,689.0
13,16571,689.0
13,16603,689.0
13,16617,689.0
13,16643,689.0
13,16659,689.0
13,16685,689.0
13,16713,689.0
13,16741,689.0
13,16773,689.0
13,16803,689.0
13,16819,689.0
13,16833,689.0
13,16835,689.0
13,16863,689.0
13,16893,689.0
13,16907,690.0
13,16941,690.0
13,16959,690.0
13,16989,690.0
13,17003,690.0
13,17017,690.0
13,17043,690.0
13,17045,690.0
13,17059,690.0
13,17073,690.0
13,17107,690.0
13,17123,690.0
13,17137,690.0
13,17153,690.0
13,17181,690.0
13,17207,690.0
13,17209,690.0
13,17223,690.0
13,17249,690.0
13,17275,690.0
13,17291,690.0
13,17317,690.0
13,17347,690.0
13,17365,690.0
13,17367,690.0
13,17395,690.0
13,17411,690.0
13,17427,690.0
13,17429,690.0
13,17443,690.0
13,17471,690.0
13,17501,690.0
13,17521,690.0
13,17523,690.0
13,17551,690.0
13,17567,690.0
13,17581,690.0
13,17595,690.0
13,17611,690.0
13,17641,690.0
13,17667,690.0
13,17683,690.0
13,17699,690.0
13,17701,690.0
13,17717,690.0
13,17733,690.0
13,17757,690.0
13,17771,690.0
14,7470,570.0
14,7484,570.0
14,7510,570.0
14,7512,570.0
14,7540,570.0
14,7570,570.0
14,7588,570.0
14,7602,570.0
14,7630,570.0
14,8407,570.0
14,8421,570.0
14,8443,570.0
14,8457,570.0
14,8487,570.0
14,8519,570.0
14,8533,570.0
14,8535,570.0
14,8567,570.0
14,8585,570.0
14,8601,570.0
14,8631,570.0
14,8645,601.0
14,8661,601.0
14,8689,601.0
14,8715,601.0
14,8729,601.0
14,8759,601.0
14,8787,601.0
14,8813,601.0
14,8827,612.0
14,8829,612.0
14,8843,612.0
14,8861,612.0
14,8875,612.0
14,8891,612.0
14,8923,612.0
14,8937,612.0
14,8963,612.0
14,8977,612.0
14,8991,612.0
14,9021,612.0
14,9023,612.0
14,9037,629.0
14,9039,629.0
14,9053,629.0
14,9083,629.0
14,9111,629.0
14,9113,629.0
14,9143,629.0
14,9159,629.0
14,9175,629.0
14,9191,629.0
14,9205,629.0
14,9219,629.0
14,9257,642.0
14,9259,642.0
14,9285,642.0
14,9287,642.0
14,9317,642.0
14,9331,665.0
14,9365,665.0
14,9393,665.0
14,9409,665.0
14,9439,665.0
14,9453,665.0
14,9467,665.0
14,9481,665.0
14,9495,665.0
14,9521,665.0
14,9535,665.0
14,9565,665.0
14,9597,665.0
14,9623,665.0
14,9645,665.0
14,9675,665.0
14,9691,665.0
14,9717,665.0
14,9719,665.0
14,9747,665.0
14,9775,665.0
14,9809,665.0
14,9825,665.0
14,9855,665.0
14,9869,665.0
14,9883,665.0
14,9899,665.0
14,9925,665.0
14,9927,665.0
14,9941,665.0
14,9967,665.0
14,9997,665.0
14,9999,665.0
14,10015,665.0
14,10031,665.0
14,10061,665.0
14,10089,665.0
14,10115,665.0
14,10131,665.0
14,10145,665.0
14,10171,665.0
14,10203,665.0
14,10217,671.0
14,10231,671.0
14,10245,671.0
14,10273,671.0
14,10287,671.0
14,10313,671.0
14,10343,671.0
14,10369,677.0
14,10371,677.0
14,10395,677.0
14,10397,677.0
14,10427,677.0
14,10461,677.0
14,10487,677.0
14,10489,677.0
14,10505,677.0
14,10535,677.0
14,10565,677.0
14,10581,677.0
14,10583,677.0
14,10597,677.0
14,10611,677.0
14,10613,677.0
14,10627,677.0
14,10641,677.0
14,10657,677.0
14,10685,677.0
14,10699,677.0
14,10725,677.0
14,10755,677.0
14,10781,677.0
14,10811,677.0
14,10839,677.0
14,10869,677.0
14,10885,677.0
14,10887,677.0
14,10915,677.0
14,10941,677.0
14,10973,677.0
14,10975,677.0
14,11003,677.0
14,11017,677.0
14,11051,677.0
14,11077,677.0
14,11091,677.0
14,11119,677.0
14,11149,677.0
14,11165,677.0
14,11179,677.0
14,11193,677.0
14,11219,677.0
14,11237,677.0
14,11263,677.0
14,11289,677.0
14,11291,677.0
14,11305,677.0
14,11321,677.0
14,11341,677.0
14,11367,677.0
14,11393,677.0
14,11425,677.0
14,11443,677.0
14,11459,677.0
14,11473,677.0
14,11489,677.0
14,11517,677.0
14,11531,677.0
14,11545,677.0
14,11561,677.0
14,11587,677.0
14,11619,677.0
14,11647,677.0
14,11661,677.0
14,11687,677.0
14,11689,677.0
14,11691,677.0
14,11707,677.0
14,11721,677.0
14,11737,677.0
14,11751,677.0
14,11765,677.0
14,11791,677.0
14,11811,677.0
14,11837,677.0
14,11863,677.0
14,11879,677.0
14,11895,677.0
14,11921,677.0
14,11947,678.0
14,11961,678.0
14,11975,678.0
14,11989,678.0
14,11991,678.0
14,12005,678.0
14,12033,678.0
14,12049,678.0
14,12063,678.0
14,12077,678.0
14,12107,678.0
14,12121,678.0
14,12123,678.0
14,12157,678.0
14,12159,678.0
14,12175,678.0
14,12189,678.0
14,12191,678.0
14,12217,684.0
14,12233,684.0
14,12251,684.0
14,12267,684.0
14,12269,684.0
14,12287,684.0
14,12301,684.0
14,12331,684.0
14,12347,684.0
14,12375,686.0
14,12401,686.0
14,12427,686.0
14,12453,686.0
14,12467,686.0
14,12493,686.0
14,12523,686.0
14,12551,686.0
14,12579,686.0
14,12593,686.0
14,12609,686.0
14,12625,686.0
14,12627,686.0
14,12657,686.0
14,12683,686.0
14,12711,686.0
14,12737,686.0
14,12765,686.0
14,12797,686.0
14,12823,686.0
14,12853,686.0
14,12881,686.0
14,12895,686.0
14,12897,686.0
14,12913,686.0
14,12929,686.0
14,12957,686.0
14,12971,686.0
14,12985,686.0
14,13011,686.0
14,13037,686.0
14,13067,686.0
14,13081,686.0
14,13083,686.0
14,13097,686.0
14,13099,686.0
14,13115,686.0
14,13131,686.0
14,13133,686.0
14,13163,686.0
14,13177,686.0
14,13209,686.0
14,13223,686.0
14,13225,686.0
14,13239,687.0
14,13269,687.0
14,13285,687.0
14,13299,687.0
14,13315,687.0
14,13329,687.0
14,13363,687.0
14,13365,687.0
14,13393,687.0
14,13407,687.0
14,13421,687.0
14,13437,687.0
14,13463,687.0
14,13477,687.0
14,13505,687.0
14,13519,687.0
14,13549,687.0
14,13575,687.0
14,13591,687.0
14,13621,687.0
14,13637,687.0
14,13651,687.0
14,13681,687.0
14,13707,687.0
14,13735,687.0
14,13751,687.0
14,13753,687.0
14,13767,687.0
14,13769,687.0
14,13797,687.0
14,13825,687.0
14,13839,687.0
14,13865,687.0
14,13879,687.0
14,13881,687.0
14,13901,687.0
14,13919,687.0
14,13933,687.0
14,13947,687.0
14,13975,687.0
14,14003,687.0
14,14005,687.0
14,14023,687.0
14,14039,687.0
14,14069,687.0
14,14095,687.0
14,14123,687.0
14,14151,687.0
14,14165,687.0
14,14167,687.0
14,14169,687.0
14,14197,687.0
14,14199,687.0
14,14215,687.0
14,14229,687.0
14,14255,687.0
14,14269,687.0
14,14297,687.0
14,14325,687.0
14,14343,687.0
14,14369,687.0
14,14397,687.0
14,14423,687.0
14,14457,687.0
14,14473,687.0
14,14499,687.0
14,14513,687.0
14,14545,687.0
14,14561,687.0
14,14575,687.0
14,14577,687.0
14,14593,687.0
14,14607,687.0
14,14637,687.0
14,14655,687.0
14,14681,687.0
14,14683,687.0
14,14685,687.0
14,14717,687.0
14,14719,687.0
14,14733,687.0
14,14747,687.0
14,14761,687.0
14,14775,687.0
14,14789,687.0
14,14805,687.0
14,14821,687.0
14,14849,687.0
14,14851,687.0
14,14869,687.0
14,14883,687.0
14,14909,687.0
14,14923,687.0
14,14937,687.0
14,14951,687.0
14,14979,687.0
14,14981,687.0
14,14997,687.0
14,15011,687.0
14,15027,687.0
14,15041,687.0
14,15075,687.0
14,15101,687.0
14,15115,687.0
14,15129,687.0
14,15143,687.0
14,15169,687.0
14,15183,687.0
14,15209,687.0
14,15211,687.0
14,15239,687.0
14,15253,687.0
14,15281,687.0
14,15283,687.0
14,15285,687.0
14,15315,687.0
14,15331,687.0
14,15347,687.0
14,15349,687.0
14,15381,687.0
14,15397,687.0
14,15399,687.0
14,15413,687.0
14,15429,687.0
14,15443,687.0
14,15459,687.0
14,15487,687.0
14,15515,687.0
14,15517,687.0
14,15543,687.0
14,15569,688.0
14,15603,688.0
14,15617,688.0
14,15633,688.0
14,15659,688.0
14,15677,688.0
14,15691,688.0
14,15719,688.0
14,15733,688.0
14,15761,688.0
14,15787,688.0
14,15815,688.0
14,15831,688.0
14,15833,688.0
14,15849,688.0
14,15863,688.0
14,15865,688.0
14,15893,688.0
14,15895,688.0
14,15925,688.0
14,15955,688.0
14,15969,688.0
14,15995,688.0
14,16009,688.0
14,16035,688.0
14,16051,688.0
14,16071,688.0
14,16099,688.0
14,16101,688.0
14,16117,688.0
14,16131,688.0
14,16161,688.0
14,16189,688.0
14,16223,688.0
14,16251,688.0
14,16267,688.0
14,16285,688.0
14,16287,688.0
14,16301,688.0
14,16317,688.0
14,16347,688.0
14,16375,688.0
14,16389,688.0
14,16417,689.0
14,16431,689.0
14,16449,689.0
14,16451,689.0
14,16477,689.0
14,16491,689.0
14,16521,689.0
14,16551,689.0
14,16565,689.0
14,16595,689.0
14,16597,689.0
14,16615,689.0
14,16631,689.0
14,16645,689.0
14,16671,689.0
14,16685,689.0
14,16699,689.0
14,16701,689.0
14,16715,689.0
14,16729,689.0
14,16757,689.0
14,16787,689.0
14,16803,689.0
14,16819,689.0
14,16833,689.0
14,16859,689.0
14,16885,689.0
14,16911,690.0
14,16937,690.0
14,16965,690.0
14,16995,690.0
14,16997,690.0
14,17023,690.0
14,17049,690.0
14,17051,690.0
14,17067,690.0
14,17081,690.0
14,17109,690.0
14,17137,690.0
14,17153,690.0
14,17167,690.0
14,17181,690.0
14,17207,690.0
14,17237,690.0
14,17263,690.0
14,17279,690.0
14,17305,690.0
14,17321,690.0
14,17347,690.0
14,17361,690.0
14,17377,690.0
14,17393,690.0
14,17407,690.0
14,17437,690.0
14,17465,690.0
15,7624,397.0
15,8383,397.0
15,8385,397.0
15,8401,397.0
15,8415,397.0
15,8417,397.0
15,8443,455.0
15,8457,455.0
15,8487,455.0
15,8501,455.0
15,8517,455.0
15,8531,455.0
15,8559,455.0
15,8561,455.0
15,8589,455.0
15,8619,455.0
15,8633,455.0
15,8647,455.0
15,8661,458.0
15,8675,458.0
15,8677,458.0
15,8703,495.0
15,8733,495.0
15,8761,517.0
15,8791,517.0
15,8821,517.0
15,8835,517.0
15,8851,517.0
15,8881,517.0
15,8883,517.0
15,8899,517.0
15,8927,517.0
15,8953,517.0
15,8981,526.0
15,9007,526.0
15,9033,549.0
15,9061,549.0
15,9081,549.0
15,9097,549.0
15,9111,555.0
15,9125,555.0
15,9153,555.0
15,9181,555.0
15,9195,594.0
15,9209,594.0
15,9211,594.0
15,9239,594.0
15,9253,594.0
15,9279,594.0
15,9293,594.0
15,9295,594.0
15,9313,594.0
15,9327,594.0
15,9329,594.0
15,9331,594.0
15,9359,594.0
15,9375,594.0
15,9377,594.0
15,9397,594.0
15,9427,594.0
15,9457,600.0
15,9485,600.0
15,9511,600.0
15,9525,600.0
15,9541,600.0
15,9557,600.0
15,9559,600.0
15,9587,600.0
15,9603,616.0
15,9633,622.0
15,9659,622.0
15,9675,622.0
15,9705,622.0
15,9735,622.0
15,9749,632.0
15,9751,632.0
15,9765,632.0
15,9781,632.0
15,9795,632.0
15,9809,632.0
15,9827,632.0
15,9843,632.0
15,9859,632.0
15,9873,632.0
15,9875,632.0
15,9901,638.0
15,9917,638.0
15,9945,638.0
15,9973,638.0
15,10001,638.0
15,10031,638.0
15,10045,638.0
15,10059,638.0
15,10073,638.0
15,10089,638.0
15,10105,638.0
15,10127,638.0
15,10153,638.0
15,10167,638.0
15,10185,638.0
15,10187,638.0
15,10213,641.0
15,10243,641.0
15,10245,641.0
15,10273,641.0
15,10287,641.0
15,10315,641.0
15,10331,641.0
15,10357,641.0
15,10387,641.0
15,10401,641.0
15,10427,644.0
15,10455,652.0
15,10487,652.0
15,10501,652.0
15,10517,652.0
15,10549,652.0
15,10551,652.0
15,10553,652.0
15,10567,652.0
15,10595,652.0
15,10611,652.0
15,10625,652.0
15,10657,652.0
15,10683,652.0
15,10699,652.0
15,10725,652.0
15,10727,652.0
15,10743,652.0
15,10757,652.0
15,10785,652.0
15,10799,652.0
15,10815,652.0
15,10817,652.0
15,10847,655.0
15,10875,655.0
15,10877,655.0
15,10891,655.0
15,10907,655.0
15,10921,655.0
15,10935,655.0
15,10961,655.0
15,10987,657.0
15,10989,657.0
15,11003,657.0
15,11017,657.0
15,11049,657.0
15,11063,657.0
15,11091,662.0
15,11107,662.0
15,11109,662.0
15,11127,662.0
15,11141,662.0
15,11157,662.0
15,11183,662.0
15,11197,662.0
15,11199,662.0
15,11225,662.0
15,11227,662.0
15,11241,662.0
15,11267,662.0
15,11269,662.0
15,11287,662.0
15,11301,662.0
15,11315,662.0
15,11329,662.0
15,11343,662.0
15,11361,662.0
15,11375,664.0
15,11377,664.0
15,11393,664.0
15,11407,664.0
15,11423,664.0
15,11455,664.0
15,11457,664.0
15,11471,664.0
15,11485,664.0
15,11487,664.0
15,11489,664.0
15,11517,664.0
15,11531,664.0
15,11547,664.0
15,11577,664.0
15,11579,664.0
15,11581,664.0
15,11599,664.0
15,11627,664.0
15,11657,664.0
15,11671,664.0
15,11697,664.0
15,11713,664.0
15,11743,664.0
15,11773,664.0
15,11787,664.0
15,11813,665.0
15,11831,665.0
15,11863,665.0
15,11865,665.0
15,11881,665.0
15,11895,665.0
15,11911,665.0
15,11925,665.0
15,11939,665.0
15,11953,675.0
15,11969,675.0
15,11995,675.0
15,12009,675.0
15,12035,675.0
15,12049,675.0
15,12063,675.0
15,12089,675.0
15,12091,675.0
15,12093,675.0
15,12095,675.0
15,12123,675.0
15,12137,675.0
15,12165,675.0
15,12193,675.0
15,12207,675.0
15,12209,675.0
15,12227,675.0
15,12241,675.0
15,12257,675.0
15,12273,675.0
15,12289,675.0
15,12303,675.0
15,12329,675.0
15,12357,675.0
15,12373,675.0
15,12375,675.0
15,12403,675.0
15,12431,675.0
15,12445,675.0
15,12459,675.0
15,12461,675.0
15,12487,675.0
15,12503,675.0
15,12517,675.0
15,12535,675.0
15,12537,675.0
15,12569,675.0
15,12595,675.0
15,12623,675.0
15,12649,675.0
15,12667,675.0
15,12695,675.0
15,12697,675.0
15,12711,675.0
15,12743,675.0
15,12759,675.0
15,12761,675.0
15,12791,675.0
15,12805,675.0
15,12821,675.0
15,12835,675.0
15,12861,675.0
15,12887,676.0
15,12901,676.0
15,12915,676.0
15,12917,676.0
15,12933,676.0
15,12961,676.0
15,12991,676.0
15,13019,676.0
15,13021,676.0
15,13039,676.0
15,13067,676.0
15,13069,676.0
15,13083,676.0
15,13109,676.0
15,13139,676.0
15,13141,676.0
15,13155,676.0
15,13169,676.0
15,13183,676.0
15,13209,676.0
15,13211,676.0
15,13227,676.0
15,13241,676.0
15,13271,676.0
15,13285,676.0
15,13313,676.0
15,13327,679.0
15,13355,679.0
15,13371,679.0
15,13385,679.0
15,13387,679.0
15,13415,679.0
15,13443,679.0
15,13457,679.0
15,13459,679.0
15,13473,679.0
15,13475,679.0
15,13491,679.0
15,13505,679.0
15,13531,679.0
15,13545,679.0
15,13559,679.0
15,13575,679.0
15,13589,679.0
15,13609,679.0
15,13625,679.0
15,13641,679.0
15,13667,679.0
15,13699,679.0
15,13715,679.0
15,13743,679.0
15,13745,679.0
15,13761,679.0
15,13775,679.0
15,13789,679.0
15,13815,679.0
15,13829,679.0
15,13847,679.0
15,13873,679.0
15,13903,679.0
15,13931,679.0
15,13947,679.0
15,13963,679.0
15,13981,679.0
15,13997,679.0
15,13999,679.0
15,14013,679.0
15,14043,679.0
15,14071,679.0
15,14073,679.0
15,14103,679.0
15,14105,679.0
15,14107,679.0
15,14135,681.0
15,14149,681.0
15,14151,681.0
15,14165,681.0
15,14191,681.0
15,14205,681.0
15,14235,681.0
15,14261,681.0
15,14275,681.0
15,14301,681.0
15,14333,681.0
15,14359,681.0
15,14373,683.0
15,14389,683.0
15,14403,683.0
15,14417,683.0
15,14443,683.0
15,14469,683.0
15,14495,683.0
15,14511,683.0
15,14525,683.0
15,14527,683.0
15,14541,683.0
15,14543,683.0
15,14569,683.0
15,14585,683.0
15,14599,683.0
15,14625,683.0
15,14641,683.0
15,14655,683.0
15,14657,683.0
15,14687,683.0
15,14701,683.0
15,14717,683.0
15,14719,683.0
15,14733,683.0
15,14749,683.0
15,14775,683.0
15,14791,683.0
15,14807,683.0
15,14833,683.0
15,14847,683.0
15,14879,683.0
15,14893,683.0
15,14895,683.0
15,14897,683.0
15,14929,683.0
15,14957,683.0
15,14987,683.0
15,15013,683.0
15,15029,683.0
15,15047,683.0
15,15077,683.0
15,15103,683.0
15,15133,683.0
15,15147,683.0
15,15173,683.0
15,15207,683.0
15,15237,683.0
15,15239,683.0
15,15253,683.0
15,15267,683.0
15,15293,683.0
15,15319,683.0
15,15349,683.0
15,15377,683.0
15,15379,683.0
15,15393,683.0
15,15407,683.0
15,15437,683.0
15,15453,683.0
15,15481,683.0
15,15507,683.0
15,15521,683.0
15,15537,683.0
15,15551,683.0
15,15579,683.0
15,15593,683.0
15,15607,683.0
15,15633,683.0
15,15635,683.0
15,15661,683.0
15,15675,683.0
15,15703,683.0
15,15735,683.0
15,15765,683.0
15,15793,683.0
15,15821,683.0
15,15835,683.0
15,15861,683.0
15,15889,688.0
15,15917,688.0
15,15933,688.0
15,15961,688.0
15,15991,688.0
15,16007,688.0
15,16009,688.0
15,16025,688.0
15,16039,688.0
15,16053,688.0
15,16067,688.0
15,16093,688.0
15,16123,688.0
15,16149,688.0
15,16163,688.0
15,16179,688.0
15,16193,688.0
15,16207,688.0
15,16209,688.0
15,16211,688.0
15,16225,688.0
15,16257,688.0
15,16271,688.0
15,16297,688.0
15,16323,688.0
15,16337,688.0
15,16355,688.0
15,16383,688.0
15,16399,688.0
15,16429,688.0
15,16455,688.0
15,16471,688.0
15,16485,688.0
15,16513,688.0
15,16541,688.0
15,16555,688.0
15,16557,688.0
15,16573,688.0
15,16601,688.0
15,16629,693.0
15,16643,693.0
15,16673,693.0
15,16687,693.0
15,16705,693.0
15,16733,693.0
15,16749,693.0
15,16775,693.0
15,16805,693.0
15,16831,693.0
15,16861,693.0
15,16891,693.0
15,16907,693.0
15,16923,693.0
15,16951,693.0
15,16977,693.0
15,16991,693.0
15,17021,693.0
15,17035,693.0
15,17065,693.0
15,17081,693.0
15,17095,693.0
15,17125,693.0
15,17139,693.0
15,17167,693.0
15,17181,693.0
15,17195,693.0
15,17225,693.0
15,17243,693.0
15,17271,693.0
15,17285,693.0
15,17311,693.0
15,17325,693.0
15,17341,693.0
15,17357,693.0
15,17383,693.0
15,17397,693.0
15,17411,693.0
15,17425,693.0
15,17427,693.0
15,17441,693.0
15,17471,693.0
15,17499,693.0
15,17529,693.0
15,17555,693.0
15,17571,693.0
15,17585,693.0
15,17603,693.0
16,8043,405.0
16,8057,441.0
16,8073,441.0
16,8087,441.0
16,8101,441.0
16,8117,447.0
16,8145,486.0
16,8171,486.0
16,8187,486.0
16,8203,486.0
16,8235,486.0
16,8265,486.0
16,8267,486.0
16,8295,486.0
16,8327,486.0
16,8343,486.0
16,8379,486.0
16,8397,486.0
16,8427,486.0
16,8441,486.0
16,8455,514.0
16,8471,514.0
16,8485,514.0
16,8487,514.0
16,8513,514.0
16,8515,514.0
16,8531,514.0
16,8533,514.0
16,8563,514.0
16,8589,514.0
16,8603,514.0
16,8631,514.0
16,8657,514.0
16,8687,554.0
16,8705,554.0
16,8735,562.0
16,8763,581.0
16,8791,581.0
16,8793,581.0
16,8807,581.0
16,8835,598.0
16,8849,598.0
16,8851,598.0
16,8867,598.0
16,8895,598.0
16,8909,598.0
16,8937,603.0
16,8951,603.0
16,8953,603.0
16,8979,603.0
16,8997,603.0
16,9011,603.0
16,9037,603.0
16,9051,603.0
16,9053,603.0
16,9067,603.0
16,9081,603.0
16,9095,603.0
16,9111,603.0
16,9143,603.0
16,9157,603.0
16,9183,603.0
16,9185,603.0
16,9213,603.0
16,9227,603.0
16,9241,603.0
16,9243,603.0
16,9273,611.0
16,9301,611.0
16,9317,611.0
16,9331,611.0
16,9345,611.0
16,9375,611.0
16,9377,611.0
16,9391,611.0
16,9417,611.0
16,9449,611.0
16,9469,611.0
16,9499,611.0
16,9529,612.0
16,9543,612.0
16,9557,612.0
16,9571,612.0
16,9587,612.0
16,9615,612.0
16,9629,612.0
16,9657,628.0
16,9659,628.0
16,9673,628.0
16,9687,628.0
16,9689,628.0
16,9719,633.0
16,9721,633.0
16,9735,633.0
16,9737,633.0
16,9739,633.0
16,9767,633.0
16,9793,633.0
16,9825,633.0
16,9841,633.0
16,9867,633.0
16,9881,633.0
16,9913,633.0
16,9927,636.0
16,9945,636.0
16,9971,638.0
16,10003,638.0
16,10023,638.0
16,10049,650.0
16,10077,650.0
16,10079,650.0
16,10093,650.0
16,10125,650.0
16,10139,650.0
16,10153,650.0
16,10167,650.0
16,10183,650.0
16,10185,650.0
16,10201,650.0
16,10215,650.0
16,10231,650.0
16,10233,650.0
16,10259,651.0
16,10289,651.0
16,10305,651.0
16,10319,651.0
16,10353,651.0
16,10367,651.0
16,10385,651.0
16,10387,651.0
16,10413,651.0
16,10415,651.0
16,10441,651.0
16,10455,651.0
16,10489,651.0
16,10503,651.0
16,10517,651.0
16,10519,651.0
16,10547,651.0
16,10561,651.0
16,10591,651.0
16,10619,657.0
16,10633,657.0
16,10655,657.0
16,10669,657.0
16,10699,657.0
16,10727,657.0
16,10755,657.0
16,10769,657.0
16,10783,657.0
16,10797,657.0
16,10825,664.0
16,10853,664.0
16,10869,664.0
16,10883,664.0
16,10913,664.0
16,10915,664.0
16,10917,664.0
16,10931,664.0
16,10933,664.0
16,10963,664.0
16,10977,664.0
16,10991,664.0
16,11007,664.0
16,11023,664.0
16,11053,664.0
16,11083,664.0
16,11109,664.0
16,11139,664.0
16,11159,664.0
16,11187,664.0
16,11201,664.0
16,11215,664.0
16,11217,664.0
16,11245,664.0
16,11263,664.0
16,11291,664.0
16,11305,664.0
16,11335,664.0
16,11365,664.0
16,11379,664.0
16,11393,670.0
16,11409,670.0
16,11429,670.0
16,11443,670.0
16,11469,670.0
16,11471,670.0
16,11485,670.0
16,11499,670.0
16,11527,670.0
16,11541,670.0
16,11577,670.0
16,11579,670.0
16,11605,670.0
16,11621,670.0
16,11637,670.0
16,11651,670.0
16,11665,670.0
16,11679,670.0
16,11709,670.0
16,11737,670.0
16,11767,670.0
16,11781,670.0
16,11807,670.0
16,11821,680.0
16,11851,680.0
16,11865,680.0
16,11895,683.0
16,11925,683.0
16,11953,683.0
16,11981,683.0
16,12007,683.0
16,12021,683.0
16,12037,683.0
16,12051,683.0
16,12065,683.0
16,12079,683.0
16,12093,683.0
16,12111,683.0
16,12139,683.0
16,12165,683.0
16,12181,683.0
16,12213,683.0
16,12241,683.0
16,12269,683.0
16,12271,683.0
16,12273,683.0
16,12275,683.0
16,12303,683.0
16,12331,683.0
16,12357,683.0
16,12389,683.0
16,12415,683.0
16,12443,683.0
16,12457,683.0
16,12487,683.0
16,12503,683.0
16,12519,683.0
16,12533,683.0
16,12547,683.0
16,12563,683.0
16,12579,683.0
16,12607,683.0
16,12621,683.0
16,12647,683.0
16,12663,683.0
16,12693,683.0
16,12709,683.0
16,12737,683.0
16,12739,683.0
16,12753,683.0
16,12767,683.0
16,12769,683.0
16,12783,683.0
16,12785,683.0
16,12811,683.0
16,12813,683.0
16,12827,683.0
16,12843,683.0
16,12845,683.0
16,12861,683.0
16,12887,683.0
16,12889,683.0
16,12891,683.0
16,12919,683.0
16,12945,683.0
16,12979,683.0
16,13007,683.0
16,13023,683.0
16,13051,683.0
16,13065,683.0
16,13081,683.0
16,13107,683.0
16,13121,683.0
16,13135,683.0
16,13137,683.0
16,13163,683.0
16,13179,683.0
16,13211,683.0
16,13227,683.0
16,13253,683.0
16,13269,683.0
16,13297,683.0
16,13311,683.0
16,13325,683.0
16,13355,683.0
16,13369,683.0
16,13385,683.0
16,13399,683.0
16,13429,683.0
16,13459,683.0
16,13475,683.0
16,13511,683.0
16,13539,683.0
16,13557,683.0
16,13587,683.0
16,13615,683.0
16,13645,683.0
16,13659,683.0
16,13685,683.0
16,13701,683.0
16,13715,683.0
16,13749,683.0
16,13763,683.0
16,13765,683.0
16,13795,683.0
16,13809,683.0
16,13835,683.0
16,13861,683.0
16,13875,683.0
16,13903,683.0
16,13935,683.0
16,13951,683.0
16,13977,683.0
16,14011,683.0
16,14013,683.0
16,14047,683.0
16,14073,683.0
16,14101,683.0
16,14127,683.0
16,14153,683.0
16,14173,683.0
16,14187,683.0
16,14189,683.0
16,14217,683.0
16,14245,683.0
16,14263,683.0
16,14265,683.0
16,14279,683.0
16,14293,683.0
16,14319,683.0
16,14333,689.0
16,14363,689.0
16,14379,689.0
16,14409,689.0
16,14423,689.0
16,14437,689.0
16,14451,689.0
16,14453,689.0
16,14467,689.0
16,14493,689.0
16,14507,689.0
16,14521,689.0
16,14535,689.0
16,14555,689.0
16,14557,689.0
16,14571,689.0
16,14585,689.0
16,14599,689.0
16,14625,689.0
16,14627,689.0
16,14641,689.0
16,14655,689.0
16,14685,689.0
16,14699,689.0
16,14713,689.0
16,14739,689.0
16,14765,689.0
16,14791,689.0
16,14819,689.0
16,14833,689.0
16,14847,689.0
16,14861,689.0
16,14887,689.0
16,14889,689.0
16,14907,689.0
16,14909,689.0
16,14923,689.0
16,14951,689.0
16,14953,689.0
16,14983,689.0
16,15011,689.0
16,15027,689.0
16,15041,689.0
16,15043,689.0
16,15071,689.0
16,15085,689.0
16,15113,689.0
16,15129,689.0
16,15155,689.0
16,15181,689.0
16,15207,689.0
16,15221,689.0
16,15235,689.0
16,15261,689.0
16,15293,689.0
16,15309,689.0
16,15311,689.0
16,15337,689.0
16,15351,689.0
16,15353,689.0
16,15369,689.0
16,15399,689.0
16,15427,689.0
16,15453,689.0
16,15467,689.0
16,15469,689.0
16,15483,689.0
16,15485,689.0
16,15499,689.0
16,15527,689.0
16,15529,689.0
16,15559,689.0
16,15585,689.0
16,15605,689.0
16,15631,689.0
16,15659,689.0
16,15687,689.0
16,15701,689.0
16,15717,689.0
16,15731,689.0
16,15747,689.0
16,15765,689.0
16,15793,689.0
16,15795,689.0
16,15797,689.0
16,15811,689.0
16,15843,689.0
16,15857,689.0
16,15889,689.0
16,15891,689.0
16,15905,689.0
16,15907,689.0
16,15935,689.0
16,15951,689.0
16,15953,689.0
16,15983,689.0
16,16013,689.0
16,16015,689.0
16,16045,689.0
16,16075,689.0
16,16093,689.0
16,16107,689.0
16,16133,689.0
16,16135,689.0
16,16137,689.0
16,16139,689.0
16,16167,689.0
16,16183,689.0
16,16211,689.0
16,16239,689.0
16,16253,689.0
16,16271,689.0
16,16273,689.0
16,16287,689.0
16,16305,689.0
16,16331,689.0
16,16347,689.0
16,16379,689.0
16,16393,689.0
16,16409,689.0
16,16425,689.0
16,16455,689.0
16,16483,689.0
16,16497,689.0
16,16511,689.0
16,16525,689.0
16,16527,689.0
16,16541,689.0
16,16555,689.0
16,16585,689.0
16,16587,689.0
16,16615,689.0
16,16631,689.0
16,16659,689.0
16,16673,689.0
16,16703,689.0
16,16717,689.0
16,16731,689.0
16,16749,689.0
16,16777,689.0
16,16791,689.0
16,16793,689.0
16,16811,689.0
16,16813,689.0
16,16827,689.0
16,16841,689.0
16,16867,689.0
16,16869,689.0
16,16899,689.0
16,16915,689.0
16,16917,689.0
16,16951,689.0
16,16953,689.0
16,16981,689.0
16,17007,689.0
16,17009,689.0
16,17025,689.0
16,17053,689.0
16,17067,689.0
16,17081,689.0
16,17095,689.0
16,17109,689.0
16,17137,689.0
16,17163,689.0
16,17181,689.0
16,17183,689.0
16,17209,689.0
16,17237,689.0
16,17253,689.0
16,17267,689.0
16,17281,689.0
17,7716,443.0
17,7730,443.0
17,7746,443.0
17,7760,443.0
17,7778,443.0
17,7780,443.0
17,7806,443.0
17,7820,443.0
17,8583,443.0
17,8585,443.0
17,8613,443.0
17,8639,443.0
17,8671,443.0
17,8687,443.0
17,8701,443.0
17,8727,469.0
17,8753,469.0
17,8767,469.0
17,8793,499.0
17,8795,499.0
17,8823,499.0
17,8837,509.0
17,8863,512.0
17,8877,512.0
17,8891,512.0
17,8919,512.0
17,8949,512.0
17,8963,512.0
17,8977,512.0
17,9003,531.0
17,9031,531.0
17,9057,531.0
17,9087,564.0
17,9101,564.0
17,9117,564.0
17,9145,564.0
17,9147,564.0
17,9177,564.0
17,9191,564.0
17,9193,564.0
17,9207,564.0
17,9239,564.0
17,9241,564.0
17,9269,569.0
17,9297,569.0
17,9315,569.0
17,9341,570.0
17,9355,570.0
17,9357,570.0
17,9389,570.0
17,9415,570.0
17,9443,595.0
17,9473,595.0
17,9499,595.0
17,9515,595.0
17,9529,595.0
17,9557,595.0
17,9583,595.0
17,9611,595.0
17,9637,620.0
17,9669,626.0
17,9697,626.0
17,9723,626.0
17,9737,626.0
17,9739,626.0
17,9753,626.0
17,9767,626.0
17,9799,626.0
17,9801,626.0
17,9829,626.0
17,9845,626.0
17,9873,626.0
17,9887,626.0
17,9913,626.0
17,9927,626.0
17,9943,626.0
17,9945,626.0
17,9947,626.0
17,9961,626.0
17,9977,626.0
17,10003,634.0
17,10005,634.0
17,10035,634.0
17,10065,634.0
17,10093,634.0
17,10107,634.0
17,10133,634.0
17,10161,634.0
17,10177,634.0
17,10179,634.0
17,10181,634.0
17,10195,634.0
17,10197,634.0
17,10223,635.0
17,10251,635.0
17,10253,635.0
17,10267,636.0
17,10281,636.0
17,10295,636.0
17,10311,636.0
17,10343,636.0
17,10357,644.0
17,10383,644.0
17,10397,644.0
17,10425,644.0
17,10451,644.0
17,10477,644.0
17,10505,644.0
17,10531,644.0
17,10545,644.0
17,10547,644.0
17,10573,651.0
17,10599,651.0
17,10631,651.0
17,10645,651.0
17,10647,651.0
17,10675,651.0
17,10691,651.0
17,10705,653.0
17,10733,653.0
17,10747,653.0
17,10763,653.0
17,10791,653.0
17,10817,662.0
17,10819,662.0
17,10847,662.0
17,10861,662.0
17,10875,662.0
17,10889,662.0
17,10917,662.0
17,10933,662.0
17,10947,662.0
17,10961,662.0
17,10981,662.0
17,10997,662.0
17,11013,662.0
17,11039,662.0
17,11053,662.0
17,11067,662.0
17,11069,662.0
17,11095,662.0
17,11109,662.0
17,11111,662.0
17,11127,662.0
17,11143,662.0
17,11159,662.0
17,11173,662.0
17,11189,662.0
17,11217,662.0
17,11245,662.0
17,11247,662.0
17,11261,662.0
17,11275,662.0
17,11289,662.0
17,11317,662.0
17,11343,662.0
17,11369,662.0
17,11401,662.0
17,11415,662.0
17,11445,662.0
17,11477,662.0
17,11511,662.0
17,11541,662.0
17,11567,662.0
17,11581,662.0
17,11595,662.0
17,11609,662.0
17,11639,662.0
17,11653,662.0
17,11671,662.0
17,11689,662.0
17,11719,662.0
17,11749,662.0
17,11763,662.0
17,11765,662.0
17,11793,662.0
17,11807,662.0
17,11823,662.0
17,11841,662.0
17,11869,662.0
17,11883,662.0
17,11913,662.0
17,11915,662.0
17,11941,662.0
17,11955,662.0
17,11981,671.0
17,11995,671.0
17,12009,671.0
17,12043,671.0
17,12057,671.0
17,12085,671.0
17,12111,671.0
17,12125,671.0
17,12127,671.0
17,12157,671.0
17,12183,671.0
17,12197,671.0
17,12211,671.0
17,12225,671.0
17,12239,671.0
17,12253,671.0
17,12281,671.0
17,12313,671.0
17,12341,671.0
17,12367,671.0
17,12381,671.0
17,12413,671.0
17,12427,671.0
17,12443,671.0
17,12469,671.0
17,12485,671.0
17,12511,671.0
17,12537,671.0
17,12539,671.0
17,12541,671.0
17,12567,671.0
17,12585,671.0
17,12599,671.0
17,12613,674.0
17,12629,674.0
17,12643,674.0
17,12673,674.0
17,12699,674.0
17,12733,674.0
17,12747,674.0
17,12761,676.0
17,12775,676.0
17,12777,676.0
17,12779,676.0
17,12807,676.0
17,12827,676.0
17,12841,676.0
17,12855,676.0
17,12869,676.0
17,12897,676.0
17,12923,676.0
17,12955,676.0
17,12957,676.0
17,12959,676.0
17,12975,676.0
17,12989,676.0
17,13007,676.0
17,13033,676.0
17,13047,676.0
17,13085,676.0
17,13101,676.0
17,13115,676.0
17,13143,676.0
17,13157,685.0
17,13185,685.0
17,13187,685.0
17,13213,685.0
17,13229,685.0
17,13243,685.0
17,13257,685.0
17,13271,685.0
17,13299,685.0
17,13315,685.0
17,13345,685.0
17,13371,685.0
17,13373,685.0
17,13389,685.0
17,13403,685.0
17,13417,685.0
17,13447,685.0
17,13463,685.0
17,13489,685.0
17,13503,685.0
17,13517,685.0
17,13545,685.0
17,13573,685.0
17,13599,685.0
17,13613,685.0
17,13627,685.0
17,13657,685.0
17,13671,685.0
17,13673,685.0
17,13691,685.0
17,13717,685.0
17,13745,685.0
17,13775,685.0
17,13777,685.0
17,13791,685.0
17,13805,685.0
17,13831,685.0
17,13845,685.0
17,13875,685.0
17,13891,685.0
17,13921,685.0
17,13939,685.0
17,13969,685.0
17,13983,685.0
17,14013,685.0
17,14027,685.0
17,14043,685.0
17,14057,685.0
17,14085,685.0
17,14113,685.0
17,14127,685.0
17,14153,685.0
17,14179,685.0
17,14195,685.0
17,14221,685.0
17,14249,685.0
17,14283,685.0
17,14285,685.0
17,14299,685.0
17,14327,685.0
17,14355,685.0
17,14369,685.0
17,14371,685.0
17,14385,685.0
17,14387,685.0
17,14415,685.0
17,14441,691.0
17,14467,691.0
17,14469,691.0
17,14471,691.0
17,14473,691.0
17,14499,691.0
17,14525,691.0
17,14541,691.0
17,14573,691.0
17,14599,691.0
17,14627,691.0
17,14629,691.0
17,14655,691.0
17,14683,691.0
17,14697,691.0
17,14715,691.0
17,14743,691.0
17,14769,693.0
17,14783,693.0
17,14799,693.0
17,14831,693.0
17,14857,693.0
17,14859,693.0
17,14873,693.0
17,14875,693.0
17,14877,693.0
17,14891,693.0
17,14929,693.0
17,14965,693.0
17,14991,693.0
17,15005,693.0
17,15019,693.0
17,15021,693.0
17,15023,693.0
17,15039,693.0
17,15053,693.0
17,15067,693.0
17,15093,693.0
17,15107,693.0
17,15133,693.0
17,15161,693.0
17,15175,693.0
17,15201,693.0
17,15229,693.0
17,15243,693.0
17,15269,693.0
17,15283,693.0
17,15311,693.0
17,15339,693.0
17,15365,693.0
17,15393,693.0
17,15409,693.0
17,15411,693.0
17,15431,693.0
17,15433,693.0
17,15449,693.0
17,15475,693.0
17,15501,693.0
17,15515,693.0
17,15529,693.0
17,15555,693.0
17,15569,693.0
17,15601,693.0
17,15633,693.0
17,15635,693.0
17,15649,693.0
17,15667,693.0
17,15695,693.0
17,15723,693.0
17,15737,693.0
17,15765,693.0
17,15781,693.0
17,15807,693.0
17,15825,693.0
17,15839,693.0
17,15855,693.0
17,15869,693.0
17,15895,693.0
17,15927,693.0
17,15945,693.0
17,15947,693.0
17,15961,693.0
17,15989,693.0
17,16017,693.0
17,16045,693.0
17,16071,693.0
17,16085,693.0
17,16111,693.0
17,16139,693.0
17,16141,693.0
17,16171,693.0
17,16187,693.0
17,16217,693.0
17,16243,695.0
17,16257,696.0
17,16259,696.0
17,16275,696.0
17,16293,696.0
17,16319,696.0
17,16347,696.0
17,16361,696.0
17,16387,696.0
17,16417,696.0
17,16443,696.0
17,16473,696.0
17,16487,696.0
17,16517,696.0
17,16543,696.0
17,16563,696.0
17,16565,696.0
17,16595,696.0
17,16609,696.0
17,16639,696.0
17,16641,696.0
17,16667,696.0
17,16695,696.0
17,16711,696.0
17,16725,696.0
17,16741,696.0
17,16761,696.0
17,16777,696.0
17,16791,696.0
17,16793,696.0
17,16807,696.0
17,16821,696.0
17,16849,696.0
17,16863,696.0
17,16893,696.0
17,16919,696.0
17,16935,696.0
17,16965,696.0
17,16993,696.0
17,17021,696.0
17,17037,696.0
17,17053,696.0
17,17067,696.0
17,17097,696.0
17,17099,696.0
17,17127,696.0
17,17155,696.0
17,17183,696.0
17,17209,696.0
17,17223,696.0
17,17249,696.0
17,17251,696.0
17,17277,696.0
17,17279,696.0
17,17293,696.0
17,17307,696.0
17,17335,696.0
17,17349,696.0
17,17363,696.0
17,17391,696.0
17,17417,696.0
17,17419,696.0
17,17437,696.0
17,17453,696.0
17,17479,696.0
17,17511,696.0
17,17541,696.0
17,17555,696.0
17,17583,696.0
17,17599,696.0
17,17601,696.0
17,17615,696.0
17,17631,696.0
17,17659,696.0
17,17673,696.0
17,17675,696.0
17,17707,696.0
18,7614,449.0
18,7630,449.0
18,7644,463.0
18,7660,463.0
18,7676,463.0
18,7690,487.0
18,7692,487.0
18,7720,489.0
18,7736,489.0
18,7752,489.0
18,7754,489.0
18,7782,489.0
18,7800,493.0
18,7828,509.0
18,7854,511.0
18,7856,511.0
18,7870,535.0
18,7884,541.0
18,7898,541.0
18,7916,557.0
18,7930,557.0
18,7944,557.0
18,7958,575.0
18,7972,575.0
18,7988,575.0
18,8002,575.0
18,8016,575.0
18,8048,575.0
18,8062,575.0
18,8078,575.0
18,8108,590.0
18,8124,590.0
18,8140,590.0
18,8168,590.0
18,8196,590.0
18,8210,590.0
18,8240,590.0
18,8254,590.0
18,8256,590.0
18,8258,590.0
18,9031,590.0
18,9047,590.0
18,9073,611.0
18,9087,611.0
18,9101,611.0
18,9115,611.0
18,9129,611.0
18,9155,611.0
18,9169,611.0
18,9197,626.0
18,9229,626.0
18,9255,626.0
18,9287,626.0
18,9317,626.0
18,9343,626.0
18,9369,626.0
18,9401,626.0
18,9417,626.0
18,9431,626.0
18,9445,626.0
18,9459,626.0
18,9473,626.0
18,9487,626.0
18,9515,634.0
18,9529,634.0
18,9531,634.0
18,9547,634.0
18,9573,634.0
18,9591,634.0
18,9607,634.0
18,9625,634.0
18,9639,634.0
18,9665,634.0
18,9693,634.0
18,9723,634.0
18,9737,634.0
18,9753,634.0
18,9785,634.0
18,9811,634.0
18,9825,634.0
18,9839,634.0
18,9853,634.0
18,9881,634.0
18,9883,634.0
18,9885,634.0
18,9901,634.0
18,9927,634.0
18,9955,634.0
18,9981,634.0
18,10009,634.0
18,10025,634.0
18,10041,634.0
18,10059,634.0
18,10089,634.0
18,10117,648.0
18,10147,648.0
18,10165,648.0
18,10179,648.0
18,10181,648.0
18,10197,648.0
18,10211,648.0
18,10227,648.0
18,10241,648.0
18,10271,648.0
18,10273,648.0
18,10287,648.0
18,10313,648.0
18,10329,648.0
18,10331,648.0
18,10351,648.0
18,10371,648.0
18,10373,648.0
18,10375,648.0
18,10391,648.0
18,10421,648.0
18,10447,648.0
18,10461,648.0
18,10475,648.0
18,10503,648.0
18,10517,648.0
18,10533,648.0
18,10547,648.0
18,10563,648.0
18,10591,648.0
18,10593,648.0
18,10595,648.0
18,10609,648.0
18,10623,650.0
18,10655,650.0
18,10657,650.0
18,10687,650.0
18,10701,650.0
18,10721,650.0
18,10749,653.0
18,10765,653.0
18,10791,655.0
18,10817,658.0
18,10831,658.0
18,10833,658.0
18,10835,658.0
18,10863,658.0
18,10877,658.0
18,10891,658.0
18,10893,658.0
18,10919,658.0
18,10921,658.0
18,10935,658.0
18,10969,658.0
18,10989,658.0
18,11003,658.0
18,11021,658.0
18,11035,658.0
18,11049,658.0
18,11063,658.0
18,11065,658.0
18,11067,658.0
18,11081,658.0
18,11083,658.0
18,11085,658.0
18,11103,658.0
18,11133,658.0
18,11159,658.0
18,11187,658.0
18,11189,658.0
18,11203,658.0
18,11217,658.0
18,11235,658.0
18,11253,658.0
18,11283,658.0
18,11299,658.0
18,11329,658.0
18,11347,662.0
18,11365,662.0
18,11383,662.0
18,11413,662.0
18,11427,662.0
18,11453,662.0
18,11481,662.0
18,11497,662.0
18,11525,662.0
18,11553,662.0
18,11573,662.0
18,11601,662.0
18,11631,662.0
18,11647,662.0
18,11649,662.0
18,11651,662.0
18,11665,667.0
18,11679,667.0
18,11707,667.0
18,11735,669.0
18,11749,669.0
18,11763,669.0
18,11781,669.0
18,11797,669.0
18,11811,669.0
18,11829,669.0
18,11859,669.0
18,11875,669.0
18,11903,669.0
18,11917,669.0
18,11949,669.0
18,11985,669.0
18,12003,669.0
18,12005,669.0
18,12033,669.0
18,12047,669.0
18,12061,669.0
18,12075,669.0
18,12091,669.0
18,12093,669.0
18,12119,669.0
18,12133,669.0
18,12147,669.0
18,12163,669.0
18,12189,674.0
18,12217,674.0
18,12243,674.0
18,12259,674.0
18,12293,674.0
18,12319,674.0
18,12333,674.0
18,12365,674.0
18,12391,674.0
18,12393,674.0
18,12423,674.0
18,12449,675.0
18,12475,675.0
18,12491,675.0
18,12517,675.0
18,12545,675.0
18,12559,675.0
18,12573,675.0
18,12605,675.0
18,12639,675.0
18,12655,675.0
18,12671,675.0
18,12687,675.0
18,12701,675.0
18,12727,675.0
18,12745,675.0
18,12771,675.0
18,12799,675.0
18,12813,675.0
18,12827,675.0
18,12841,675.0
18,12869,675.0
18,12883,675.0
18,12909,680.0
18,12923,680.0
18,12939,680.0
18,12955,680.0
18,12987,680.0
18,13015,680.0
18,13041,680.0
18,13055,684.0
18,13069,684.0
18,13083,684.0
18,13085,684.0
18,13099,684.0
18,13101,684.0
18,13133,684.0
18,13153,684.0
18,13167,685.0
18,13181,685.0
18,13195,685.0
18,13213,685.0
18,13243,685.0
18,13271,685.0
18,13309,685.0
18,13339,685.0
18,13353,685.0
18,13383,685.0
18,13415,685.0
18,13433,685.0
18,13459,685.0
18,13473,685.0
18,13499,685.0
18,13513,690.0
18,13539,690.0
18,13565,690.0
18,13581,690.0
18,13609,690.0
18,13627,690.0
18,13657,690.0
18,13671,690.0
18,13699,690.0
18,13715,690.0
18,13735,690.0
18,13737,690.0
18,13739,690.0
18,13765,690.0
18,13791,690.0
18,13817,690.0
18,13843,690.0
18,13857,690.0
18,13859,690.0
18,13887,690.0
18,13919,690.0
18,13921,690.0
18,13935,690.0
18,13937,690.0
18,13951,690.0
18,13953,690.0
18,13955,690.0
18,13969,690.0
18,13985,690.0
18,14001,690.0
18,14003,690.0
18,14017,690.0
18,14045,690.0
18,14047,690.0
18,14073,690.0
18,14087,690.0
18,14117,690.0
18,14131,690.0
18,14133,690.0
18,14147,690.0
18,14161,690.0
18,14163,690.0
18,14177,690.0
18,14207,690.0
18,14221,690.0
18,14249,690.0
18,14275,690.0
18,14309,690.0
18,14345,690.0
18,14347,690.0
18,14349,690.0
18,14381,690.0
18,14395,690.0
18,14411,690.0
18,14425,690.0
18,14443,690.0
18,14471,690.0
18,14485,690.0
18,14511,690.0
18,14539,690.0
18,14569,690.0
18,14597,690.0
18,14599,690.0
18,14613,690.0
18,14641,690.0
18,14669,690.0
18,14705,690.0
18,14719,690.0
18,14733,690.0
18,14761,690.0
18,14763,690.0
18,14777,690.0
18,14791,690.0
18,14809,690.0
18,14823,690.0
18,14825,690.0
18,14827,690.0
18,14829,690.0
18,14859,690.0
18,14861,690.0
18,14863,690.0
18,14877,690.0
18,14891,690.0
18,14919,690.0
18,14921,690.0
18,14935,690.0
18,14965,690.0
18,14995,690.0
18,15011,690.0
18,15025,690.0
18,15027,690.0
18,15045,690.0
18,15073,690.0
18,15101,690.0
18,15115,690.0
18,15129,690.0
18,15143,690.0
18,15173,690.0
18,15199,690.0
18,15215,690.0
18,15231,690.0
18,15245,690.0
18,15261,690.0
18,15291,690.0
18,15305,690.0
18,15321,690.0
18,15351,690.0
18,15365,690.0
18,15395,690.0
18,15411,690.0
18,15413,690.0
18,15441,690.0
18,15461,690.0
18,15487,690.0
18,15517,690.0
18,15547,690.0
18,15561,693.0
18,15563,693.0
18,15565,693.0
18,15579,693.0
18,15597,693.0
18,15599,693.0
18,15627,693.0
18,15629,693.0
18,15647,693.0
18,15673,693.0
18,15699,693.0
18,15731,693.0
18,15733,693.0
18,15759,693.0
18,15773,693.0
18,15789,693.0
18,15803,693.0
18,15831,693.0
18,15859,693.0
18,15873,693.0
18,15899,693.0
18,15917,693.0
18,15933,693.0
18,15959,693.0
18,15961,693.0
18,15989,693.0
18,15991,693.0
18,16021,693.0
18,16039,693.0
18,16041,693.0
18,16071,693.0
18,16085,693.0
18,16111,693.0
18,16125,693.0
18,16153,693.0
18,16179,693.0
18,16181,693.0
18,16199,693.0
18,16227,693.0
18,16243,693.0
18,16271,693.0
18,16297,693.0
18,16313,693.0
18,16343,693.0
18,16373,693.0
18,16387,693.0
18,16403,693.0
18,16417,693.0
18,16431,693.0
18,16447,693.0
18,16473,693.0
18,16487,693.0
18,16501,693.0
18,16503,693.0
18,16505,693.0
18,16519,693.0
18,16547,693.0
18,16561,693.0
18,16563,693.0
18,16577,693.0
18,16593,693.0
18,16607,693.0
18,16609,693.0
18,16625,693.0
18,16627,693.0
18,16655,693.0
18,16669,693.0
18,16683,693.0
18,16711,693.0
18,16725,693.0
18,16751,693.0
18,16765,693.0
18,16779,693.0
18,16781,693.0
18,16783,693.0
18,16811,693.0
18,16843,693.0
18,16871,693.0
18,16873,693.0
18,16903,693.0
18,16917,693.0
18,16931,693.0
18,16945,693.0
18,16959,693.0
18,16975,693.0
18,16977,693.0
18,17003,693.0
18,17005,693.0
18,17019,693.0
18,17047,693.0
18,17077,693.0
18,17107,693.0
18,17123,693.0
18,17139,693.0
18,17153,693.0
18,17155,693.0
18,17177,693.0
18,17191,693.0
18,17207,693.0
18,17233,693.0
18,17267,693.0
18,17281,693.0
18,17295,693.0
18,17321,693.0
18,17347,693.0
18,17361,693.0
18,17379,693.0
18,17397,693.0
18,17411,693.0
18,17427,693.0
18,17429,693.0
18,17431,693.0
18,17451,693.0
18,17481,693.0
18,17495,693.0
18,17525,693.0
18,17539,693.0
18,17555,693.0
18,17557,693.0
18,17571,693.0
18,17573,693.0
18,17599,693.0
19,7412,404.0
19,7442,404.0
19,7444,404.0
19,7472,404.0
19,7488,404.0
19,7506,404.0
19,7522,404.0
19,7536,430.0
19,7550,430.0
19,7566,430.0
19,7580,431.0
19,7582,431.0
19,7596,470.0
19,7612,470.0
19,7626,470.0
19,7644,470.0
19,7670,470.0
19,8435,470.0
19,8461,495.0
19,8489,506.0
19,8517,506.0
19,8533,506.0
19,8535,506.0
19,8549,506.0
19,8563,506.0
19,8581,506.0
19,8595,506.0
19,8609,506.0
19,8623,506.0
19,8637,506.0
19,8655,542.0
19,8669,542.0
19,8683,542.0
19,8685,542.0
19,8711,542.0
19,8713,542.0
19,8727,542.0
19,8757,542.0
19,8771,542.0
19,8773,542.0
19,8807,542.0
19,8823,542.0
19,8839,542.0
19,8865,542.0
19,8867,542.0
19,8881,542.0
19,8895,542.0
19,8909,563.0
19,8935,563.0
19,8949,584.0
19,8963,591.0
19,8977,602.0
19,8993,602.0
19,9019,602.0
19,9045,618.0
19,9059,618.0
19,9083,618.0
19,9113,618.0
19,9127,618.0
19,9129,618.0
19,9143,623.0
19,9169,623.0
19,9183,623.0
19,9203,623.0
19,9217,623.0
19,9231,623.0
19,9257,629.0
19,9271,629.0
19,9285,642.0
19,9311,642.0
19,9339,642.0
19,9357,642.0
19,9385,642.0
19,9399,642.0
19,9431,642.0
19,9447,642.0
19,9463,642.0
19,9477,642.0
19,9491,642.0
19,9519,642.0
19,9521,642.0
19,9551,642.0
19,9567,642.0
19,9585,642.0
19,9611,642.0
19,9613,642.0
19,9639,642.0
19,9669,659.0
19,9695,669.0
19,9721,669.0
19,9749,669.0
19,9763,669.0
19,9791,669.0
19,9821,669.0
19,9835,669.0
19,9851,669.0
19,9853,669.0
19,9867,669.0
19,9893,669.0
19,9895,669.0
19,9911,669.0
19,9925,669.0
19,9951,669.0
19,9971,669.0
19,9985,669.0
19,10011,669.0
19,10037,669.0
19,10063,669.0
19,10077,669.0
19,10079,669.0
19,10093,669.0
19,10121,669.0
19,10137,669.0
19,10169,669.0
19,10195,669.0
19,10209,669.0
19,10241,669.0
19,10269,676.0
19,10283,676.0
19,10309,676.0
19,10323,676.0
19,10337,676.0
19,10351,676.0
19,10367,676.0
19,10383,676.0
19,10413,676.0
19,10439,676.0
19,10465,676.0
19,10493,676.0
19,10509,676.0
19,10511,676.0
19,10513,676.0
19,10541,676.0
19,10557,676.0
19,10571,676.0
19,10599,677.0
19,10629,677.0
19,10643,677.0
19,10657,677.0
19,10659,677.0
19,10675,677.0
19,10703,677.0
19,10717,677.0
19,10733,677.0
19,10749,677.0
19,10763,677.0
19,10791,677.0
19,10793,677.0
19,10809,677.0
19,10825,677.0
19,10851,677.0
19,10865,677.0
19,10867,677.0
19,10881,677.0
19,10911,677.0
19,10937,677.0
19,10951,678.0
19,10953,678.0
19,10955,678.0
19,10957,678.0
19,10973,678.0
19,11001,678.0
19,11031,678.0
19,11059,678.0
19,11077,678.0
19,11079,678.0
19,11107,678.0
19,11121,678.0
19,11135,678.0
19,11149,680.0
19,11165,680.0
19,11181,680.0
19,11183,680.0
19,11197,680.0
19,11211,680.0
19,11225,680.0
19,11241,680.0
19,11267,680.0
19,11293,680.0
19,11307,680.0
19,11325,680.0
19,11355,680.0
19,11383,680.0
19,11411,680.0
19,11425,680.0
19,11439,680.0
19,11465,680.0
19,11493,680.0
19,11509,680.0
19,11539,680.0
19,11553,680.0
19,11567,685.0
19,11569,685.0
19,11603,685.0
19,11635,685.0
19,11669,685.0
19,11683,685.0
19,11697,685.0
19,11723,685.0
19,11739,685.0
19,11741,685.0
19,11769,685.0
19,11783,685.0
19,11797,685.0
19,11811,685.0
19,11827,685.0
19,11843,685.0
19,11857,685.0
19,11873,685.0
19,11899,685.0
19,11915,685.0
19,11933,685.0
19,11967,685.0
19,11985,685.0
19,12013,685.0
19,12041,685.0
19,12055,685.0
19,12075,685.0
19,12089,685.0
19,12091,685.0
19,12105,685.0
19,12107,685.0
19,12135,685.0
19,12163,685.0
19,12189,685.0
19,12217,685.0
19,12219,685.0
19,12233,685.0
19,12249,685.0
19,12251,685.0
19,12283,685.0
19,12311,685.0
19,12313,685.0
19,12341,685.0
19,12367,686.0
19,12395,686.0
19,12413,686.0
19,12441,686.0
19,12473,686.0
19,12475,686.0
19,12501,686.0
19,12527,686.0
19,12541,686.0
19,12555,686.0
19,12571,686.0
19,12585,686.0
19,12587,686.0
19,12603,686.0
19,12631,686.0
19,12659,686.0
19,12673,686.0
19,12689,686.0
19,12703,686.0
19,12719,686.0
19,12749,686.0
19,12763,686.0
19,12789,686.0
19,12815,686.0
19,12829,686.0
19,12859,687.0
19,12875,687.0
19,12889,687.0
19,12907,687.0
19,12923,687.0
19,12951,687.0
19,12967,687.0
19,12987,687.0
19,13001,687.0
19,13003,687.0
19,13031,687.0
19,13047,687.0
19,13073,687.0
19,13103,687.0
19,13131,687.0
19,13163,687.0
19,13177,687.0
19,13191,687.0
19,13207,687.0
19,13237,687.0
19,13251,687.0
19,13277,687.0
19,13305,687.0
19,13319,687.0
19,13335,687.0
19,13363,687.0
19,13393,687.0
19,13419,687.0
19,13421,687.0
19,13435,687.0
19,13463,687.0
19,13477,687.0
19,13509,687.0
19,13535,687.0
19,13537,687.0
19,13551,687.0
19,13565,687.0
19,13579,687.0
19,13605,687.0
19,13631,687.0
19,13659,687.0
19,13691,687.0
19,13721,687.0
19,13737,687.0
19,13753,687.0
19,13755,687.0
19,13781,687.0
19,13811,687.0
19,13827,687.0
19,13841,687.0
19,13855,687.0
19,13857,687.0
19,13871,687.0
19,13899,687.0
19,13917,687.0
19,13931,687.0
19,13945,687.0
19,13959,687.0
19,13973,687.0
19,13999,691.0
19,14015,691.0
19,14045,691.0
19,14047,691.0
19,14061,691.0
19,14093,691.0
19,14095,691.0
19,14125,691.0
19,14139,691.0
19,14153,691.0
19,14179,691.0
19,14181,691.0
19,14195,691.0
19,14221,691.0
19,14235,691.0
19,14253,691.0
19,14281,691.0
19,14295,691.0
19,14321,691.0
19,14351,691.0
19,14365,691.0
19,14393,691.0
19,14419,691.0
19,14449,691.0
19,14479,691.0
19,14507,691.0
19,14523,691.0
19,14539,691.0
19,14553,691.0
19,14585,691.0
19,14599,691.0
19,14613,697.0
19,14639,697.0
19,14641,697.0
19,14655,697.0
19,14671,697.0
19,14697,697.0
19,14715,697.0
19,14717,697.0
19,14731,697.0
19,14747,697.0
19,14773,697.0
19,14801,697.0
19,14817,697.0
19,14847,697.0
19,14861,697.0
19,14863,697.0
19,14865,697.0
19,14879,697.0
19,14895,697.0
19,14909,697.0
19,14923,697.0
19,14949,697.0
19,14963,697.0
19,14991,697.0
19,15021,697.0
19,15037,697.0
19,15051,697.0
19,15053,697.0
19,15079,697.0
19,15095,697.0
19,15121,697.0
19,15149,697.0
19,15175,698.0
19,15189,698.0
19,15215,698.0
19,15247,698.0
19,15265,698.0
19,15279,698.0
19,15295,698.0
19,15321,698.0
19,15323,698.0
19,15349,698.0
19,15363,698.0
19,15391,698.0
19,15419,698.0
19,15421,698.0
19,15447,698.0
19,15473,698.0
19,15503,698.0
19,15519,698.0
19,15535,698.0
19,15549,698.0
19,15567,698.0
19,15595,698.0
19,15611,698.0
19,15641,698.0
19,15667,698.0
19,15681,698.0
19,15697,698.0
19,15727,698.0
19,15741,698.0
19,15767,698.0
19,15781,699.0
19,15795,699.0
19,15813,699.0
19,15831,699.0
19,15849,699.0
19,15865,699.0
19,15879,699.0
19,15881,699.0
19,15897,699.0
19,15911,699.0
19,15913,699.0
19,15927,699.0
19,15953,699.0
19,15971,699.0
19,15999,699.0
19,16013,699.0
19,16029,699.0
19,16063,699.0
19,16079,699.0
19,16105,699.0
19,16119,699.0
19,16133,699.0
19,16151,699.0
19,16167,699.0
19,16195,699.0
19,16223,699.0
19,16225,699.0
19,16239,699.0
19,16267,699.0
19,16283,699.0
19,16311,699.0
19,16337,699.0
19,16363,699.0
19,16365,699.0
19,16379,699.0
19,16405,699.0
19,16421,699.0
19,16453,699.0
19,16471,699.0
19,16487,699.0
19,16501,699.0
19,16515,699.0
19,16543,699.0
19,16557,699.0
19,16571,699.0
19,16601,699.0
19,16627,699.0
19,16629,699.0
19,16645,699.0
19,16659,699.0
19,16661,699.0
19,16687,699.0
19,16713,699.0
19,16731,699.0
19,16745,699.0
19,16759,699.0
19,16779,699.0
19,16807,699.0
19,16809,699.0
19,16811,699.0
19,16813,699.0
19,16829,699.0
19,16831,699.0
19,16845,699.0
19,16871,699.0
19,16885,699.0
19,16911,699.0
19,16943,699.0
19,16957,699.0
19,16983,699.0
19,17011,699.0
19,17025,699.0
19,17053,699.0
19,17067,699.0
19,17069,699.0
19,17083,699.0
19,17097,699.0
19,17113,699.0
19,17127,699.0
19,17141,699.0
19,17167,699.0
19,17181,699.0
19,17195,699.0
19,17197,699.0
19,17213,699.0
19,17241,699.0
19,17271,699.0
19,17297,699.0
19,17323,699.0
19,17325,699.0
19,17339,699.0
19,17353,699.0
19,17379,699.0
19,17381,699.0
19,17397,699.0
19,17425,699.0
20,7484,428.0
20,7500,428.0
20,7526,453.0
20,7540,453.0
20,7542,453.0
20,7572,453.0
20,7586,497.0
20,7600,497.0
20,7614,497.0
20,7628,497.0
20,8399,497.0
20,8413,497.0
20,8415,497.0
20,8433,497.0
20,8447,497.0
20,8477,497.0
20,8491,497.0
20,8507,497.0
20,8535,497.0
20,8561,497.0
20,8589,497.0
20,8621,497.0
20,8635,517.0
20,8661,517.0
20,8679,545.0
20,8695,545.0
20,8721,545.0
20,8749,545.0
20,8763,545.0
20,8765,545.0
20,8767,545.0
20,8781,546.0
20,8797,560.0
20,8811,560.0
20,8825,560.0
20,8851,580.0
20,8865,580.0
20,8881,580.0
20,8897,580.0
20,8925,580.0
20,8953,580.0
20,8979,580.0
20,8981,580.0
20,9007,580.0
20,9037,580.0
20,9063,608.0
20,9089,608.0
20,9119,616.0
20,9139,616.0
20,9153,616.0
20,9167,616.0
20,9193,618.0
20,9219,618.0
20,9237,618.0
20,9251,618.0
20,9269,618.0
20,9295,620.0
20,9311,620.0
20,9325,620.0
20,9339,620.0
20,9353,620.0
20,9355,620.0
20,9385,624.0
20,9401,624.0
20,9403,624.0
20,9431,624.0
20,9445,624.0
20,9471,637.0
20,9505,637.0
20,9507,637.0
20,9521,637.0
20,9537,637.0
20,9551,637.0
20,9565,637.0
20,9579,637.0
20,9601,637.0
20,9617,637.0
20,9631,637.0
20,9633,637.0
20,9663,641.0
20,9679,641.0
20,9693,641.0
20,9707,641.0
20,9721,641.0
20,9735,641.0
20,9751,641.0
20,9781,641.0
20,9807,641.0
20,9837,641.0
20,9871,641.0
20,9889,641.0
20,9891,641.0
20,9907,641.0
20,9933,641.0
20,9959,641.0
20,9961,641.0
20,9975,641.0
20,9991,641.0
20,10019,641.0
20,10049,641.0
20,10063,641.0
20,10079,641.0
20,10095,641.0
20,10109,641.0
20,10139,641.0
20,10165,645.0
20,10191,645.0
20,10221,645.0
20,10235,645.0
20,10237,645.0
20,10239,645.0
20,10253,645.0
20,10255,645.0
20,10271,645.0
20,10285,645.0
20,10317,648.0
20,10333,648.0
20,10365,648.0
20,10367,648.0
20,10381,648.0
20,10395,648.0
20,10411,648.0
20,10439,648.0
20,10465,648.0
20,10497,648.0
20,10513,648.0
20,10515,648.0
20,10529,648.0
20,10531,648.0
20,10559,648.0
20,10573,648.0
20,10575,648.0
20,10607,648.0
20,10621,654.0
20,10649,656.0
20,10665,656.0
20,10691,656.0
20,10719,656.0
20,10749,656.0
20,10777,656.0
20,10803,656.0
20,10805,656.0
20,10831,657.0
20,10833,657.0
20,10847,660.0
20,10873,660.0
20,10889,660.0
20,10903,660.0
20,10921,660.0
20,10935,660.0
20,10937,660.0
20,10939,660.0
20,10941,660.0
20,10975,660.0
20,11005,660.0
20,11021,660.0
20,11037,660.0
20,11063,660.0
20,11093,660.0
20,11095,660.0
20,11109,660.0
20,11123,660.0
20,11137,660.0
20,11163,660.0
20,11177,660.0
20,11179,660.0
20,11197,660.0
20,11211,660.0
20,11213,660.0
20,11243,660.0
20,11245,660.0
20,11259,661.0
20,11261,661.0
20,11275,661.0
20,11277,661.0
20,11293,661.0
20,11295,661.0
20,11325,661.0
20,11339,661.0
20,11353,661.0
20,11369,661.0
20,11387,661.0
20,11403,661.0
20,11405,661.0
20,11407,661.0
20,11443,661.0
20,11445,661.0
20,11447,661.0
20,11461,661.0
20,11477,661.0
20,11505,663.0
20,11519,663.0
20,11557,663.0
20,11571,663.0
20,11597,663.0
20,11611,663.0
20,11625,673.0
20,11641,673.0
20,11643,673.0
20,11671,673.0
20,11685,673.0
20,11713,673.0
20,11729,673.0
20,11743,679.0
20,11773,679.0
20,11801,679.0
20,11803,679.0
20,11819,679.0
20,11833,679.0
20,11863,679.0
20,11879,679.0
20,11893,679.0
20,11909,679.0
20,11941,679.0
20,11955,679.0
20,11969,679.0
20,11995,679.0
20,12009,679.0
20,12011,679.0
20,12037,679.0
20,12039,679.0
20,12053,679.0
20,12081,679.0
20,12083,679.0
20,12099,679.0
20,12101,679.0
20,12131,679.0
20,12161,679.0
20,12193,679.0
20,12209,679.0
20,12237,679.0
20,12251,679.0
20,12253,679.0
20,12269,679.0
20,12297,679.0
20,12299,679.0
20,12301,679.0
20,12327,679.0
20,12343,679.0
20,12357,679.0
20,12371,679.0
20,12385,679.0
20,12399,679.0
20,12413,679.0
20,12443,679.0
20,12469,679.0
20,12489,679.0
20,12515,679.0
20,12543,679.0
20,12557,679.0
20,12573,679.0
20,12587,679.0
20,12613,679.0
20,12615,679.0
20,12645,684.0
20,12673,684.0
20,12675,684.0
20,12689,684.0
20,12719,684.0
20,12745,684.0
20,12747,684.0
20,12777,684.0
20,12791,684.0
20,12807,684.0
20,12833,684.0
20,12859,684.0
20,12885,684.0
20,12911,684.0
20,12913,684.0
20,12939,684.0
20,12969,684.0
20,12971,684.0
20,13001,684.0
20,13027,684.0
20,13029,684.0
20,13055,684.0
20,13071,684.0
20,13087,684.0
20,13115,684.0
20,13117,684.0
20,13135,684.0
20,13161,684.0
20,13177,684.0
20,13205,684.0
20,13227,684.0
20,13243,684.0
20,13269,684.0
20,13283,684.0
20,13297,684.0
20,13325,684.0
20,13339,684.0
20,13365,684.0
20,13393,684.0
20,13421,684.0
20,13447,684.0
20,13463,684.0
20,13495,684.0
20,13521,684.0
20,13523,684.0
20,13537,684.0
20,13563,684.0
20,13579,684.0
20,13609,684.0
20,13625,684.0
20,13641,684.0
20,13657,684.0
20,13677,684.0
20,13693,684.0
20,13695,684.0
20,13711,684.0
20,13739,684.0
20,13741,684.0
20,13757,684.0
20,13771,684.0
20,13801,684.0
20,13829,684.0
20,13843,684.0
20,13869,684.0
20,13895,684.0
20,13909,684.0
20,13935,684.0
20,13965,684.0
20,13993,684.0
20,13995,684.0
20,14021,684.0
20,14037,684.0
20,14051,684.0
20,14065,684.0
20,14091,684.0
20,14119,684.0
20,14133,684.0
20,14161,684.0
20,14175,684.0
20,14189,684.0
20,14191,684.0
20,14205,684.0
20,14207,684.0
20,14235,684.0
20,14251,684.0
20,14265,684.0
20,14293,684.0
20,14307,684.0
20,14321,684.0
20,14349,684.0
20,14365,684.0
20,14393,684.0
20,14395,684.0
20,14409,684.0
20,14437,684.0
20,14453,684.0
20,14467,684.0
20,14481,684.0
20,14483,684.0
20,14501,684.0
20,14503,684.0
20,14519,684.0
20,14533,684.0
20,14549,684.0
20,14565,684.0
20,14579,684.0
20,14593,684.0
20,14613,684.0
20,14629,684.0
20,14631,684.0
20,14647,684.0
20,14673,684.0
20,14687,684.0
20,14715,684.0
20,14743,684.0
20,14761,684.0
20,14789,684.0
20,14815,684.0
20,14831,684.0
20,14857,684.0
20,14871,684.0
20,14873,684.0
20,14899,684.0
20,14927,684.0
20,14941,684.0
20,14969,684.0
20,14983,684.0
20,15013,684.0
20,15027,684.0
20,15041,684.0
20,15055,684.0
20,15071,684.0
20,15097,684.0
20,15111,684.0
20,15127,684.0
20,15141,684.0
20,15169,684.0
20,15183,684.0
20,15199,684.0
20,15229,684.0
20,15231,684.0
20,15259,684.0
20,15261,684.0
20,15277,689.0
20,15297,689.0
20,15299,689.0
20,15331,689.0
20,15359,689.0
20,15385,689.0
20,15399,689.0
20,15425,689.0
20,15453,689.0
20,15467,689.0
20,15493,689.0
20,15507,689.0
20,15523,689.0
20,15549,689.0
20,15577,689.0
20,15605,689.0
20,15635,689.0
20,15663,689.0
20,15689,689.0
20,15715,689.0
20,15729,689.0
20,15759,689.0
20,15785,689.0
20,15787,689.0
20,15789,689.0
20,15803,689.0
20,15817,689.0
20,15831,689.0
20,15847,689.0
20,15877,689.0
20,15891,689.0
20,15919,689.0
20,15947,689.0
20,15979,689.0
20,16007,689.0
20,16027,689.0
20,16055,689.0
20,16083,689.0
20,16111,689.0
20,16139,689.0
20,16155,689.0
20,16171,689.0
20,16185,689.0
20,16211,689.0
20,16227,689.0
20,16241,689.0
20,16255,689.0
20,16281,689.0
20,16311,689.0
20,16313,689.0
20,16327,689.0
20,16329,689.0
20,16363,689.0
20,16389,689.0
20,16419,689.0
20,16433,689.0
20,16449,689.0
20,16467,689.0
20,16487,689.0
20,16515,689.0
20,16517,689.0
20,16519,689.0
20,16521,689.0
20,16551,689.0
20,16577,689.0
20,16603,689.0
20,16605,689.0
20,16619,689.0
20,16621,689.0
20,16635,689.0
20,16649,689.0
20,16677,689.0
20,16707,689.0
20,16721,689.0
20,16749,689.0
20,16763,689.0
20,16765,689.0
20,16791,689.0
20,16805,689.0
20,16819,689.0
20,16833,689.0
20,16859,689.0
20,16885,689.0
20,16915,689.0
20,16949,689.0
20,16951,689.0
20,16965,689.0
20,16967,689.0
20,17003,689.0
20,17017,689.0
20,17019,689.0
20,17035,689.0
20,17069,689.0
20,17095,689.0
20,17109,689.0
20,17125,689.0
20,17127,689.0
20,17155,689.0
20,17169,689.0
20,17183,689.0
20,17185,689.0
20,17187,689.0
20,17203,689.0
20,17205,689.0
20,17231,689.0
20,17245,689.0
20,17271,689.0
20,17285,689.0
20,17313,689.0
20,17339,689.0
20,17353,689.0
20,17369,689.0
20,17383,689.0
20,17397,689.0
20,17425,689.0
20,17451,689.0
20,17481,689.0
21,7666,393.0
21,7668,393.0
21,7670,393.0
21,7698,416.0
21,7714,416.0
21,7744,479.0
21,7760,479.0
21,7788,479.0
21,7814,479.0
21,7816,479.0
21,8583,479.0
21,8597,479.0
21,8599,479.0
21,8627,479.0
21,8629,479.0
21,8655,479.0
21,8671,479.0
21,8699,479.0
21,8713,479.0
21,8743,479.0
21,8757,479.0
21,8783,479.0
21,8785,479.0
21,8811,498.0
21,8841,498.0
21,8859,498.0
21,8889,498.0
21,8891,498.0
21,8905,498.0
21,8919,498.0
21,8933,498.0
21,8935,498.0
21,8951,498.0
21,8979,530.0
21,9005,530.0
21,9019,530.0
21,9033,530.0
21,9047,530.0
21,9061,530.0
21,9075,530.0
21,9077,530.0
21,9105,530.0
21,9119,530.0
21,9133,530.0
21,9163,530.0
21,9179,530.0
21,9193,530.0
21,9195,530.0
21,9223,573.0
21,9249,573.0
21,9277,592.0
21,9291,592.0
21,9319,592.0
21,9353,592.0
21,9381,592.0
21,9395,592.0
21,9409,592.0
21,9411,592.0
21,9425,592.0
21,9439,592.0
21,9471,600.0
21,9499,600.0
21,9513,600.0
21,9527,600.0
21,9555,600.0
21,9569,600.0
21,9599,600.0
21,9613,600.0
21,9643,600.0
21,9657,600.0
21,9683,607.0
21,9699,607.0
21,9713,607.0
21,9741,609.0
21,9771,609.0
21,9801,624.0
21,9817,624.0
21,9833,624.0
21,9847,624.0
21,9849,624.0
21,9851,624.0
21,9865,624.0
21,9879,624.0
21,9895,624.0
21,9925,624.0
21,9957,624.0
21,9971,624.0
21,9973,624.0
21,10001,624.0
21,10003,624.0
21,10029,626.0
21,10031,626.0
21,10033,626.0
21,10051,626.0
21,10079,626.0
21,10105,626.0
21,10121,626.0
21,10149,626.0
21,10167,626.0
21,10181,631.0
21,10211,631.0
21,10225,631.0
21,10239,631.0
21,10265,637.0
21,10285,646.0
21,10313,646.0
21,10339,652.0
21,10353,652.0
21,10355,652.0
21,10357,652.0
21,10371,652.0
21,10373,652.0
21,10375,652.0
21,10389,652.0
21,10417,652.0
21,10443,652.0
21,10445,652.0
21,10473,652.0
21,10487,652.0
21,10489,652.0
21,10491,652.0
21,10509,652.0
21,10523,652.0
21,10541,652.0
21,10569,652.0
21,10599,652.0
21,10615,652.0
21,10641,652.0
21,10669,652.0
21,10683,652.0
21,10697,659.0
21,10725,659.0
21,10755,659.0
21,10771,659.0
21,10785,659.0
21,10813,659.0
21,10829,659.0
21,10843,659.0
21,10871,659.0
21,10893,659.0
21,10921,659.0
21,10935,659.0
21,10965,659.0
21,10991,659.0
21,11005,659.0
21,11019,659.0
21,11021,659.0
21,11023,659.0
21,11053,659.0
21,11079,659.0
21,11081,659.0
21,11095,659.0
21,11121,659.0
21,11155,659.0
21,11185,659.0
21,11187,659.0
21,11201,659.0
21,11215,659.0
21,11235,659.0
21,11261,659.0
21,11289,664.0
21,11303,664.0
21,11321,664.0
21,11323,664.0
21,11341,664.0
21,11357,664.0
21,11371,664.0
21,11397,664.0
21,11399,664.0
21,11427,664.0
21,11459,664.0
21,11473,664.0
21,11499,664.0
21,11501,664.0
21,11503,664.0
21,11517,664.0
21,11519,664.0
21,11533,664.0
21,11547,664.0
21,11561,664.0
21,11589,664.0
21,11617,664.0
21,11643,664.0
21,11645,664.0
21,11675,664.0
21,11689,664.0
21,11703,664.0
21,11717,664.0
21,11743,664.0
21,11757,664.0
21,11787,664.0
21,11815,664.0
21,11829,664.0
21,11843,664.0
21,11859,664.0
21,11873,664.0
21,11901,664.0
21,11903,664.0
21,11905,664.0
21,11933,664.0
21,11961,664.0
21,11975,664.0
21,11977,664.0
21,11993,664.0
21,12007,664.0
21,12033,664.0
21,12065,664.0
21,12067,664.0
21,12097,664.0
21,12127,664.0
21,12129,664.0
21,12157,664.0
21,12183,664.0
21,12197,664.0
21,12225,664.0
21,12227,664.0
21,12241,664.0
21,12255,664.0
21,12269,664.0
21,12295,664.0
21,12309,664.0
21,12337,664.0
21,12363,664.0
21,12395,664.0
21,12409,664.0
21,12411,664.0
21,12431,664.0
21,12433,664.0
21,12461,664.0
21,12487,664.0
21,12489,664.0
21,12519,664.0
21,12549,665.0
21,12565,665.0
21,12593,667.0
21,12625,670.0
21,12639,677.0
21,12655,677.0
21,12683,677.0
21,12715,677.0
21,12743,677.0
21,12757,677.0
21,12771,677.0
21,12773,677.0
21,12799,677.0
21,12801,677.0
21,12819,677.0
21,12833,677.0
21,12861,677.0
21,12893,677.0
21,12907,677.0
21,12925,677.0
21,12941,677.0
21,12955,677.0
21,12969,677.0
21,12999,677.0
21,13025,677.0
21,13027,677.0
21,13041,677.0
21,13071,677.0
21,13097,677.0
21,13111,677.0
21,13137,677.0
21,13139,677.0
21,13155,677.0
21,13157,677.0
21,13159,677.0
21,13173,677.0
21,13187,677.0
21,13201,677.0
21,13215,677.0
21,13243,677.0
21,13259,677.0
21,13277,677.0
21,13303,677.0
21,13319,677.0
21,13333,677.0
21,13351,677.0
21,13365,677.0
21,13379,677.0
21,13393,677.0
21,13407,677.0
21,13423,677.0
21,13437,677.0
21,13465,677.0
21,13493,677.0
21,13507,677.0
21,13509,677.0
21,13523,677.0
21,13551,677.0
21,13553,677.0
21,13579,677.0
21,13595,677.0
21,13611,677.0
21,13627,677.0
21,13659,677.0
21,13675,677.0
21,13691,677.0
21,13717,677.0
21,13719,677.0
21,13749,677.0
21,13779,677.0
21,13793,677.0
21,13821,677.0
21,13835,677.0
21,13869,677.0
21,13885,677.0
21,13887,677.0
21,13903,677.0
21,13917,677.0
21,13943,677.0
21,13959,677.0
21,13991,677.0
21,14017,677.0
21,14031,677.0
21,14061,677.0
21,14087,677.0
21,14119,677.0
21,14137,677.0
21,14169,677.0
21,14171,677.0
21,14203,677.0
21,14217,677.0
21,14245,677.0
21,14259,677.0
21,14273,677.0
21,14289,677.0
21,14319,677.0
21,14347,678.0
21,14361,678.0
21,14375,678.0
21,14411,678.0
21,14441,678.0
21,14469,678.0
21,14471,678.0
21,14487,678.0
21,14501,678.0
21,14515,678.0
21,14531,678.0
21,14545,678.0
21,14571,678.0
21,14587,678.0
21,14601,678.0
21,14617,678.0
21,14631,678.0
21,14633,678.0
21,14649,678.0
21,14675,678.0
21,14693,678.0
21,14719,678.0
21,14753,678.0
21,14783,678.0
21,14813,678.0
21,14839,678.0
21,14855,678.0
21,14887,678.0
21,14901,678.0
21,14903,678.0
21,14917,678.0
21,14951,678.0
21,14967,678.0
21,14997,678.0
21,15023,678.0
21,15037,678.0
21,15053,678.0
21,15083,678.0
21,15113,678.0
21,15115,678.0
21,15117,678.0
21,15131,678.0
21,15161,678.0
21,15191,678.0
21,15205,678.0
21,15235,678.0
21,15251,678.0
21,15265,678.0
21,15285,678.0
21,15299,678.0
21,15325,678.0
21,15351,678.0
21,15365,678.0
21,15379,678.0
21,15405,678.0
21,15407,678.0
21,15435,678.0
21,15461,678.0
21,15487,678.0
21,15489,678.0
21,15503,678.0
21,15517,678.0
21,15531,678.0
21,15549,678.0
21,15567,678.0
21,15581,678.0
21,15595,678.0
21,15609,678.0
21,15611,678.0
21,15627,678.0
21,15645,678.0
21,15659,678.0
21,15685,678.0
21,15713,678.0
21,15739,678.0
21,15753,678.0
21,15767,678.0
21,15797,678.0
21,15811,678.0
21,15827,678.0
21,15857,678.0
21,15873,678.0
21,15899,678.0
21,15913,678.0
21,15939,678.0
21,15953,678.0
21,15967,678.0
21,15997,678.0
21,15999,678.0
21,16013,678.0
21,16039,678.0
21,16067,678.0
21,16081,681.0
21,16083,681.0
21,16111,681.0
21,16141,681.0
21,16169,681.0
21,16185,681.0
21,16187,681.0
21,16213,681.0
21,16229,681.0
21,16231,681.0
21,16245,681.0
21,16275,681.0
21,16277,681.0
21,16291,681.0
21,16317,681.0
21,16347,681.0
21,16349,681.0
21,16379,681.0
21,16393,681.0
21,16407,681.0
21,16437,681.0
21,16453,681.0
21,16467,681.0
21,16495,681.0
21,16509,681.0
21,16511,681.0
21,16547,681.0
21,16561,681.0
21,16587,681.0
21,16621,681.0
21,16635,681.0
21,16665,681.0
21,16693,681.0
21,16709,681.0
21,16743,681.0
21,16771,681.0
21,16799,681.0
21,16817,681.0
21,16845,681.0
21,16859,681.0
21,16875,681.0
21,16889,681.0
21,16905,681.0
21,16907,681.0
21,16909,681.0
21,16923,681.0
21,16951,681.0
21,16965,681.0
21,16979,681.0
21,16993,685.0
21,17021,685.0
21,17035,685.0
21,17049,685.0
21,17077,685.0
21,17105,685.0
21,17135,685.0
21,17163,685.0
21,17165,685.0
21,17185,685.0
21,17199,685.0
21,17213,685.0
21,17229,685.0
21,17245,685.0
21,17259,685.0
21,17287,685.0
21,17301,685.0
21,17315,685.0
21,17331,685.0
21,17333,685.0
21,17347,685.0
21,17363,685.0
21,17397,685.0
21,17413,685.0
21,17431,685.0
21,17433,685.0
21,17447,685.0
21,17481,685.0
21,17509,685.0
21,17523,685.0
21,17537,685.0
21,17563,685.0
21,17579,685.0
21,17605,685.0
21,17621,685.0
21,17651,685.0
21,17653,685.0
22,7772,397.0
22,7786,397.0
22,7800,397.0
22,7828,397.0
22,7842,397.0
22,8621,397.0
22,8649,409.0
22,8651,409.0
22,8677,448.0
22,8703,448.0
22,8731,460.0
22,8759,460.0
22,8793,460.0
22,8807,460.0
22,8821,460.0
22,8839,460.0
22,8853,460.0
22,8855,460.0
22,8857,460.0
22,8873,460.0
22,8887,460.0
22,8901,466.0
22,8915,466.0
22,8917,466.0
22,8931,466.0
22,8933,466.0
22,8965,466.0
22,8979,493.0
22,8997,493.0
22,9011,493.0
22,9025,493.0
22,9039,493.0
22,9065,497.0
22,9093,497.0
22,9095,497.0
22,9123,497.0
22,9137,497.0
22,9167,529.0
22,9181,529.0
22,9209,568.0
22,9223,568.0
22,9249,568.0
22,9263,568.0
22,9289,568.0
22,9303,579.0
22,9333,592.0
22,9349,596.0
22,9365,596.0
22,9391,596.0
22,9393,596.0
22,9407,596.0
22,9409,596.0
22,9411,596.0
22,9425,596.0
22,9441,596.0
22,9467,596.0
22,9481,596.0
22,9483,596.0
22,9511,596.0
22,9527,596.0
22,9529,596.0
22,9531,596.0
22,9557,597.0
22,9573,597.0
22,9603,597.0
22,9633,601.0
22,9635,601.0
22,9667,601.0
22,9681,601.0
22,9707,609.0
22,9735,609.0
22,9751,609.0
22,9767,609.0
22,9781,609.0
22,9797,609.0
22,9813,609.0
22,9815,609.0
22,9829,609.0
22,9843,609.0
22,9857,615.0
22,9859,615.0
22,9873,615.0
22,9875,615.0
22,9877,615.0
22,9895,615.0
22,9897,615.0
22,9931,615.0
22,9967,620.0
22,9993,620.0
22,10013,620.0
22,10027,620.0
22,10059,620.0
22,10087,620.0
22,10101,635.0
22,10117,635.0
22,10133,635.0
22,10159,648.0
22,10187,648.0
22,10203,648.0
22,10221,648.0
22,10235,652.0
22,10263,656.0
22,10265,656.0
22,10295,656.0
22,10297,656.0
22,10323,656.0
22,10325,656.0
22,10327,656.0
22,10341,656.0
22,10367,656.0
22,10381,656.0
22,10395,656.0
22,10409,656.0
22,10437,656.0
22,10451,656.0
22,10467,656.0
22,10503,656.0
22,10517,656.0
22,10531,656.0
22,10545,656.0
22,10559,656.0
22,10573,656.0
22,10599,656.0
22,10617,656.0
22,10643,656.0
22,10669,656.0
22,10683,656.0
22,10711,656.0
22,10741,656.0
22,10769,656.0
22,10783,656.0
22,10785,656.0
22,10799,656.0
22,10813,656.0
22,10839,656.0
22,10859,656.0
22,10875,656.0
22,10903,656.0
22,10919,656.0
22,10933,658.0
22,10935,658.0
22,10963,658.0
22,10965,658.0
22,10979,664.0
22,11007,664.0
22,11009,664.0
22,11037,672.0
22,11067,672.0
22,11081,672.0
22,11083,672.0
22,11111,672.0
22,11125,672.0
22,11139,672.0
22,11153,672.0
22,11167,672.0
22,11181,672.0
22,11209,672.0
22,11235,672.0
22,11249,672.0
22,11265,672.0
22,11281,672.0
22,11307,672.0
22,11309,672.0
22,11311,672.0
22,11327,672.0
22,11343,672.0
22,11363,672.0
22,11377,672.0
22,11379,672.0
22,11395,672.0
22,11409,672.0
22,11437,672.0
22,11455,672.0
22,11477,672.0
22,11507,672.0
22,11521,672.0
22,11535,672.0
22,11551,672.0
22,11579,672.0
22,11581,672.0
22,11597,672.0
22,11625,672.0
22,11641,672.0
22,11657,672.0
22,11683,672.0
22,11713,672.0
22,11731,672.0
22,11751,672.0
22,11753,672.0
22,11779,672.0
22,11781,672.0
22,11783,672.0
22,11785,672.0
22,11819,672.0
22,11833,672.0
22,11865,672.0
22,11879,672.0
22,11893,672.0
22,11907,672.0
22,11923,672.0
22,11937,672.0
22,11955,672.0
22,11969,672.0
22,11971,672.0
22,11999,672.0
22,12017,672.0
22,12045,672.0
22,12047,672.0
22,12065,672.0
22,12081,673.0
22,12109,673.0
22,12137,673.0
22,12151,673.0
22,12153,673.0
22,12167,673.0
22,12181,673.0
22,12197,673.0
22,12213,673.0
22,12229,673.0
22,12259,673.0
22,12287,673.0
22,12313,674.0
22,12327,674.0
22,12329,674.0
22,12349,674.0
22,12363,674.0
22,12365,674.0
22,12391,674.0
22,12407,674.0
22,12439,674.0
22,12467,674.0
22,12485,674.0
22,12511,674.0
22,12513,674.0
22,12515,674.0
22,12529,674.0
22,12531,674.0
22,12545,674.0
22,12571,674.0
22,12597,674.0
22,12613,674.0
22,12627,674.0
22,12657,674.0
22,12687,674.0
22,12701,677.0
22,12715,677.0
22,12747,677.0
22,12763,677.0
22,12765,677.0
22,12795,677.0
22,12823,677.0
22,12837,677.0
22,12851,677.0
22,12879,677.0
22,12913,677.0
22,12943,677.0
22,12945,677.0
22,12959,677.0
22,12973,677.0
22,12987,677.0
22,13013,677.0
22,13027,677.0
22,13041,677.0
22,13057,677.0
22,13083,685.0
22,13113,685.0
22,13129,685.0
22,13155,685.0
22,13171,685.0
22,13197,685.0
22,13223,685.0
22,13245,685.0
22,13259,685.0
22,13287,685.0
22,13301,685.0
22,13303,685.0
22,13319,685.0
22,13337,685.0
22,13363,685.0
22,13389,685.0
22,13421,685.0
22,13435,685.0
22,13449,685.0
22,13463,685.0
22,13477,685.0
22,13505,685.0
22,13521,685.0
22,13535,685.0
22,13553,685.0
22,13581,685.0
22,13583,685.0
22,13597,685.0
22,13599,685.0
22,13615,685.0
22,13631,685.0
22,13645,685.0
22,13671,685.0
22,13685,685.0
22,13699,685.0
22,13713,685.0
22,13729,685.0
22,13745,685.0
22,13775,685.0
22,13777,685.0
22,13803,685.0
22,13817,685.0
22,13831,685.0
22,13865,685.0
22,13893,685.0
22,13919,685.0
22,13935,685.0
22,13951,685.0
22,13981,685.0
22,14009,685.0
22,14025,685.0
22,14053,685.0
22,14069,685.0
22,14083,685.0
22,14097,685.0
22,14123,685.0
22,14137,685.0
22,14167,685.0
22,14181,685.0
22,14207,685.0
22,14233,685.0
22,14253,685.0
22,14281,685.0
22,14295,685.0
22,14309,685.0
22,14323,685.0
22,14337,685.0
22,14355,685.0
22,14357,685.0
22,14387,685.0
22,14419,685.0
22,14433,685.0
22,14447,685.0
22,14449,685.0
22,14479,685.0
22,14493,685.0
22,14527,685.0
22,14541,685.0
22,14567,685.0
22,14569,685.0
22,14597,685.0
22,14611,685.0
22,14629,685.0
22,14655,685.0
22,14671,685.0
22,14701,685.0
22,14731,685.0
22,14759,685.0
22,14785,685.0
22,14815,685.0
22,14845,685.0
22,14859,685.0
22,14873,689.0
22,14887,689.0
22,14915,689.0
22,14943,689.0
22,14971,689.0
22,14991,689.0
22,15005,689.0
22,15019,689.0
22,15033,689.0
22,15061,689.0
22,15093,689.0
22,15107,689.0
22,15121,689.0
22,15149,689.0
22,15163,689.0
22,15177,689.0
22,15205,689.0
22,15235,689.0
22,15249,689.0
22,15265,689.0
22,15293,689.0
22,15311,689.0
22,15313,689.0
22,15327,689.0
22,15341,689.0
22,15373,689.0
22,15399,689.0
22,15425,689.0
22,15453,689.0
22,15469,689.0
22,15483,689.0
22,15509,689.0
22,15511,689.0
22,15525,689.0
22,15539,689.0
22,15555,689.0
22,15569,689.0
22,15583,689.0
22,15597,689.0
22,15611,689.0
22,15625,689.0
22,15627,689.0
22,15653,689.0
22,15667,689.0
22,15681,689.0
22,15715,689.0
22,15743,689.0
22,15757,689.0
22,15771,689.0
22,15799,689.0
22,15827,689.0
22,15853,689.0
22,15869,689.0
22,15897,689.0
22,15913,689.0
22,15945,689.0
22,15947,689.0
22,15963,689.0
22,15989,689.0
22,16017,689.0
22,16047,689.0
22,16049,689.0
22,16065,689.0
22,16067,689.0
22,16081,689.0
22,16109,689.0
22,16139,689.0
22,16155,689.0
22,16169,689.0
22,16183,689.0
22,16215,689.0
22,16241,689.0
22,16243,689.0
22,16273,689.0
22,16275,689.0
22,16289,689.0
22,16291,689.0
22,16305,689.0
22,16339,689.0
22,16353,689.0
22,16367,689.0
22,16369,689.0
22,16397,689.0
22,16413,689.0
22,16439,689.0
22,16453,689.0
22,16483,689.0
22,16485,689.0
22,16515,689.0
22,16517,689.0
22,16531,689.0
22,16561,689.0
22,16575,689.0
22,16589,689.0
22,16607,689.0
22,16633,689.0
22,16651,689.0
22,16665,689.0
22,16681,689.0
22,16713,689.0
22,16727,689.0
22,16745,689.0
22,16763,689.0
22,16781,689.0
22,16795,689.0
22,16823,689.0
22,16855,689.0
22,16871,689.0
22,16887,689.0
22,16901,689.0
22,16915,689.0
22,16917,689.0
22,16947,689.0
22,16961,689.0
22,16977,689.0
22,16991,689.0
22,17019,689.0
22,17021,689.0
22,17035,689.0
22,17065,689.0
22,17081,689.0
22,17095,689.0
22,17125,689.0
22,17139,689.0
22,17173,689.0
22,17203,689.0
22,17205,689.0
22,17219,689.0
22,17245,689.0
22,17259,689.0
22,17275,689.0
22,17289,689.0
22,17303,689.0
22,17331,689.0
22,17349,689.0
22,17363,689.0
22,17377,689.0
22,17391,689.0
22,17405,689.0
22,17421,689.0
22,17455,689.0
22,17469,689.0
22,17497,689.0
22,17511,689.0
22,17531,689.0
22,17547,689.0
22,17549,689.0
22,17575,689.0
22,17589,689.0
22,17603,689.0
22,17629,689.0
22,17643,689.0
22,17671,689.0
22,17685,689.0
22,17701,689.0
22,17731,689.0
22,17761,689.0
23,7592,405.0
23,7618,405.0
23,7646,405.0
23,7648,405.0
23,7678,405.0
23,7706,405.0
23,7720,405.0
23,7746,405.0
23,8559,414.0
23,8573,414.0
23,8575,414.0
23,8577,414.0
23,8607,432.0
23,8623,443.0
23,8649,497.0
23,8677,497.0
23,8695,497.0
23,8697,497.0
23,8713,497.0
23,8733,497.0
23,8735,497.0
23,8737,497.0
23,8751,536.0
23,8765,572.0
23,8783,572.0
23,8797,572.0
23,8799,572.0
23,8825,572.0
23,8827,572.0
23,8859,572.0
23,8887,572.0
23,8901,572.0
23,8917,572.0
23,8937,572.0
23,8967,572.0
23,8981,572.0
23,9007,572.0
23,9023,572.0
23,9039,572.0
23,9041,572.0
23,9057,572.0
23,9075,572.0
23,9091,572.0
23,9109,572.0
23,9127,572.0
23,9143,572.0
23,9157,617.0
23,9187,617.0
23,9201,620.0
23,9233,620.0
23,9265,620.0
23,9295,620.0
23,9309,627.0
23,9335,627.0
23,9363,627.0
23,9395,630.0
23,9425,630.0
23,9439,630.0
23,9467,635.0
23,9483,635.0
23,9497,635.0
23,9527,635.0
23,9553,635.0
23,9569,635.0
23,9583,635.0
23,9611,635.0
23,9637,635.0
23,9667,635.0
23,9669,635.0
23,9695,635.0
23,9697,635.0
23,9713,635.0
23,9729,635.0
23,9745,635.0
23,9759,635.0
23,9789,635.0
23,9803,635.0
23,9817,635.0
23,9843,635.0
23,9845,635.0
23,9859,635.0
23,9861,647.0
23,9891,647.0
23,9905,647.0
23,9919,647.0
23,9947,647.0
23,9949,647.0
23,9977,654.0
23,9993,654.0
23,10007,654.0
23,10035,654.0
23,10053,654.0
23,10067,654.0
23,10081,654.0
23,10099,654.0
23,10117,654.0
23,10143,658.0
23,10159,658.0
23,10173,658.0
23,10175,658.0
23,10193,658.0
23,10227,658.0
23,10229,658.0
23,10259,658.0
23,10285,658.0
23,10299,658.0
23,10325,658.0
23,10341,658.0
23,10359,658.0
23,10373,658.0
23,10387,658.0
23,10401,658.0
23,10417,658.0
23,10435,658.0
23,10451,658.0
23,10481,658.0
23,10515,658.0
23,10543,658.0
23,10561,658.0
23,10563,658.0
23,10591,658.0
23,10593,658.0
23,10619,658.0
23,10635,658.0
23,10653,658.0
23,10679,658.0
23,10707,658.0
23,10739,658.0
23,10741,658.0
23,10755,658.0
23,10781,658.0
23,10795,658.0
23,10825,658.0
23,10839,658.0
23,10855,658.0
23,10881,660.0
23,10909,660.0
23,10923,660.0
23,10951,660.0
23,10989,660.0
23,11005,660.0
23,11033,660.0
23,11047,660.0
23,11049,660.0
23,11051,660.0
23,11053,660.0
23,11069,660.0
23,11099,660.0
23,11113,660.0
23,11139,660.0
23,11165,660.0
23,11191,660.0
23,11209,660.0
23,11223,660.0
23,11239,660.0
23,11265,660.0
23,11267,660.0
23,11281,660.0
23,11297,660.0
23,11299,660.0
23,11325,660.0
23,11339,660.0
23,11353,660.0
23,11355,660.0
23,11371,660.0
23,11399,660.0
23,11415,660.0
23,11443,660.0
23,11469,660.0
23,11485,660.0
23,11501,660.0
23,11531,660.0
23,11547,660.0
23,11563,660.0
23,11591,660.0
23,11619,660.0
23,11635,660.0
23,11651,660.0
23,11679,660.0
23,11695,660.0
23,11709,660.0
23,11725,660.0
23,11753,660.0
23,11769,660.0
23,11785,660.0
23,11799,660.0
23,11831,660.0
23,11833,660.0
23,11863,660.0
23,11877,660.0
23,11891,660.0
23,11919,660.0
23,11921,660.0
23,11923,660.0
23,11951,660.0
23,11953,660.0
23,11967,660.0
23,11983,660.0
23,12009,660.0
23,12011,660.0
23,12025,660.0
23,12039,660.0
23,12053,660.0
23,12067,660.0
23,12081,660.0
23,12111,662.0
23,12113,662.0
23,12143,662.0
23,12145,662.0
23,12159,662.0
23,12175,662.0
23,12177,662.0
23,12195,662.0
23,12211,662.0
23,12237,662.0
23,12267,662.0
23,12283,662.0
23,12299,662.0
23,12315,662.0
23,12317,662.0
23,12331,662.0
23,12333,662.0
23,12347,662.0
23,12361,663.0
23,12363,663.0
23,12389,663.0
23,12403,663.0
23,12435,663.0
23,12449,663.0
23,12477,663.0
23,12505,663.0
23,12531,663.0
23,12547,663.0
23,12565,663.0
23,12591,663.0
23,12619,663.0
23,12633,663.0
23,12647,663.0
23,12673,663.0
23,12699,663.0
23,12729,663.0
23,12731,663.0
23,12759,663.0
23,12761,663.0
23,12777,663.0
23,12803,663.0
23,12825,663.0
23,12855,663.0
23,12881,663.0
23,12895,663.0
23,12911,663.0
23,12927,663.0
23,12941,663.0
23,12967,663.0
23,12993,665.0
23,13019,665.0
23,13033,665.0
23,13061,665.0
23,13093,665.0
23,13121,665.0
23,13135,665.0
23,13137,665.0
23,13151,665.0
23,13171,665.0
23,13199,665.0
23,13213,665.0
23,13231,665.0
23,13245,665.0
23,13273,665.0
23,13299,665.0
23,13331,665.0
23,13367,665.0
23,13381,665.0
23,13413,665.0
23,13427,665.0
23,13453,665.0
23,13467,665.0
23,13493,665.0
23,13521,665.0
23,13539,665.0
23,13553,665.0
23,13581,665.0
23,13597,665.0
23,13611,665.0
23,13625,665.0
23,13639,665.0
23,13671,665.0
23,13699,665.0
23,13729,665.0
23,13731,665.0
23,13759,665.0
23,13775,665.0
23,13801,665.0
23,13815,665.0
23,13829,665.0
23,13845,665.0
23,13847,665.0
23,13849,665.0
23,13865,665.0
23,13893,665.0
23,13919,665.0
23,13945,665.0
23,13971,665.0
23,13989,665.0
23,14005,665.0
23,14037,665.0
23,14063,665.0
23,14077,665.0
23,14091,665.0
23,14109,665.0
23,14111,665.0
23,14141,665.0
23,14167,665.0
23,14183,665.0
23,14211,665.0
23,14225,665.0
23,14243,665.0
23,14269,665.0
23,14283,667.0
23,14309,667.0
23,14311,667.0
23,14325,667.0
23,14341,667.0
23,14357,667.0
23,14385,667.0
23,14413,667.0
23,14441,667.0
23,14455,669.0
23,14471,669.0
23,14503,669.0
23,14519,669.0
23,14535,669.0
23,14555,669.0
23,14583,669.0
23,14597,669.0
23,14615,669.0
23,14641,669.0
23,14659,669.0
23,14685,669.0
23,14703,669.0
23,14729,669.0
23,14759,669.0
23,14773,669.0
23,14787,669.0
23,14801,669.0
23,14803,669.0
23,14829,669.0
23,14843,669.0
23,14857,671.0
23,14885,671.0
23,14887,671.0
23,14913,671.0
23,14943,671.0
23,14957,671.0
23,14959,671.0
23,14973,671.0
23,14989,671.0
23,15005,671.0
23,15021,671.0
23,15049,671.0
23,15063,671.0
23,15077,671.0
23,15093,671.0
23,15111,671.0
23,15139,671.0
23,15141,671.0
23,15155,671.0
23,15157,671.0
23,15173,671.0
23,15199,672.0
23,15227,672.0
23,15241,672.0
23,15269,672.0
23,15271,672.0
23,15285,672.0
23,15287,672.0
23,15313,672.0
23,15327,672.0
23,15343,672.0
23,15357,672.0
23,15373,672.0
23,15399,672.0
23,15427,672.0
23,15429,672.0
23,15445,672.0
23,15447,672.0
23,15461,672.0
23,15487,672.0
23,15521,672.0
23,15535,672.0
23,15563,672.0
23,15565,672.0
23,15583,672.0
23,15599,672.0
23,15601,672.0
23,15615,672.0
23,15641,673.0
23,15673,673.0
23,15699,673.0
23,15731,673.0
23,15745,674.0
23,15759,674.0
23,15761,674.0
23,15787,674.0
23,15815,674.0
23,15817,674.0
23,15833,674.0
23,15849,674.0
23,15879,674.0
23,15905,674.0
23,15919,674.0
23,15935,674.0
23,15949,674.0
23,15965,674.0
23,15967,674.0
23,15969,674.0
23,15985,674.0
23,16011,674.0
23,16027,674.0
23,16059,674.0
23,16085,674.0
23,16101,674.0
23,16129,674.0
23,16143,674.0
23,16159,674.0
23,16175,674.0
23,16203,674.0
23,16217,674.0
23,16231,674.0
23,16245,674.0
23,16273,674.0
23,16287,674.0
23,16315,674.0
23,16329,674.0
23,16331,674.0
23,16333,674.0
23,16347,674.0
23,16373,674.0
23,16387,674.0
23,16401,674.0
23,16429,674.0
23,16443,674.0
23,16457,674.0
23,16459,674.0
23,16473,674.0
23,16475,674.0
23,16489,674.0
23,16505,674.0
23,16519,674.0
23,16533,674.0
23,16547,674.0
23,16561,674.0
23,16575,674.0
23,16591,674.0
23,16605,674.0
23,16633,674.0
23,16647,674.0
23,16673,674.0
23,16675,674.0
23,16691,674.0
23,16721,674.0
23,16737,674.0
23,16767,674.0
23,16781,678.0
23,16795,678.0
23,16809,680.0
23,16843,680.0
23,16845,680.0
23,16861,680.0
23,16891,680.0
23,16905,680.0
23,16919,680.0
23,16949,680.0
23,16977,680.0
23,17011,680.0
23,17041,680.0
23,17067,680.0
23,17069,680.0
23,17071,680.0
23,17097,680.0
23,17125,680.0
23,17139,680.0
23,17153,680.0
23,17167,687.0
23,17195,687.0
23,17209,687.0
23,17211,687.0
23,17243,687.0
23,17259,687.0
23,17275,687.0
23,17303,687.0
23,17329,687.0
23,17355,687.0
23,17357,687.0
23,17383,687.0
23,17411,687.0
23,17443,687.0
23,17459,687.0
23,17475,687.0
23,17489,687.0
23,17519,687.0
23,17521,687.0
23,17551,687.0
23,17565,687.0
23,17593,687.0
24,7568,404.0
24,7570,404.0
24,7600,404.0
24,7614,444.0
24,7628,444.0
24,7658,444.0
24,8419,444.0
24,8447,444.0
24,8461,444.0
24,8489,444.0
24,8509,444.0
24,8537,444.0
24,8551,444.0
24,8553,444.0
24,8581,444.0
24,8607,494.0
24,8633,494.0
24,8665,499.0
24,8693,518.0
24,8719,537.0
24,8733,537.0
24,8761,537.0
24,8763,537.0
24,8781,537.0
24,8795,537.0
24,8821,537.0
24,8841,537.0
24,8871,537.0
24,8885,537.0
24,8919,537.0
24,8935,537.0
24,8961,568.0
24,8993,568.0
24,9011,568.0
24,9025,568.0
24,9057,568.0
24,9083,579.0
24,9097,579.0
24,9113,579.0
24,9129,579.0
24,9147,579.0
24,9149,579.0
24,9181,579.0
24,9183,579.0
24,9211,579.0
24,9227,579.0
24,9241,579.0
24,9267,611.0
24,9281,611.0
24,9311,611.0
24,9343,611.0
24,9375,611.0
24,9389,611.0
24,9417,611.0
24,9431,617.0
24,9433,617.0
24,9435,617.0
24,9461,617.0
24,9487,617.0
24,9501,617.0
24,9515,617.0
24,9543,617.0
24,9557,617.0
24,9587,617.0
24,9613,617.0
24,9627,617.0
24,9643,617.0
24,9673,617.0
24,9689,617.0
24,9705,617.0
24,9719,617.0
24,9733,617.0
24,9747,617.0
24,9761,617.0
24,9763,617.0
24,9777,617.0
24,9805,617.0
24,9837,617.0
24,9865,617.0
24,9881,617.0
24,9909,617.0
24,9923,617.0
24,9937,617.0
24,9963,617.0
24,9979,617.0
24,9993,617.0
24,10023,620.0
24,10051,620.0
24,10065,620.0
24,10091,620.0
24,10105,620.0
24,10119,620.0
24,10121,620.0
24,10151,620.0
24,10153,620.0
24,10155,620.0
24,10181,620.0
24,10209,620.0
24,10237,620.0
24,10267,620.0
24,10293,622.0
24,10295,622.0
24,10309,626.0
24,10341,626.0
24,10357,626.0
24,10371,626.0
24,10385,626.0
24,10413,626.0
24,10415,626.0
24,10433,626.0
24,10435,626.0
24,10449,638.0
24,10467,638.0
24,10493,638.0
24,10521,640.0
24,10535,640.0
24,10549,640.0
24,10551,640.0
24,10565,648.0
24,10579,648.0
24,10593,648.0
24,10625,648.0
24,10639,648.0
24,10667,650.0
24,10695,650.0
24,10711,650.0
24,10739,650.0
24,10753,650.0
24,10769,650.0
24,10797,650.0
24,10811,650.0
24,10825,650.0
24,10839,650.0
24,10855,650.0
24,10869,650.0
24,10895,650.0
24,10909,650.0
24,10939,650.0
24,10967,650.0
24,10993,650.0
24,10995,650.0
24,10997,650.0
24,11011,651.0
24,11025,651.0
24,11039,651.0
24,11055,651.0
24,11083,651.0
24,11097,651.0
24,11099,651.0
24,11127,651.0
24,11143,651.0
24,11157,653.0
24,11159,653.0
24,11173,653.0
24,11201,663.0
24,11203,663.0
24,11217,663.0
24,11219,663.0
24,11247,663.0
24,11279,663.0
24,11295,663.0
24,11309,663.0
24,11327,663.0
24,11355,663.0
24,11375,663.0
24,11407,663.0
24,11435,663.0
24,11463,663.0
24,11465,663.0
24,11481,663.0
24,11483,663.0
24,11509,663.0
24,11537,663.0
24,11577,663.0
24,11605,663.0
24,11621,663.0
24,11623,663.0
24,11651,663.0
24,11669,663.0
24,11687,663.0
24,11689,663.0
24,11703,663.0
24,11731,663.0
24,11745,663.0
24,11763,663.0
24,11777,663.0
24,11791,663.0
24,11819,663.0
24,11849,663.0
24,11879,663.0
24,11905,663.0
24,11919,663.0
24,11949,663.0
24,11963,663.0
24,11977,663.0
24,11991,663.0
24,12019,663.0
24,12047,663.0
24,12075,663.0
24,12091,663.0
24,12105,663.0
24,12107,663.0
24,12123,663.0
24,12125,663.0
24,12153,663.0
24,12167,663.0
24,12181,663.0
24,12207,663.0
24,12233,663.0
24,12249,663.0
24,12277,663.0
24,12291,663.0
24,12305,663.0
24,12307,663.0
24,12323,663.0
24,12337,663.0
24,12339,663.0
24,12367,663.0
24,12381,663.0
24,12411,663.0
24,12413,663.0
24,12415,663.0
24,12429,663.0
24,12457,663.0
24,12471,663.0
24,12485,663.0
24,12487,663.0
24,12503,663.0
24,12517,663.0
24,12533,663.0
24,12551,663.0
24,12581,663.0
24,12599,663.0
24,12619,663.0
24,12633,663.0
24,12663,663.0
24,12665,663.0
24,12693,663.0
24,12719,663.0
24,12737,663.0
24,12739,663.0
24,12741,663.0
24,12755,667.0
24,12783,667.0
24,12811,667.0
24,12829,667.0
24,12859,667.0
24,12889,667.0
24,12905,667.0
24,12923,667.0
24,12939,667.0
24,12959,667.0
24,12973,667.0
24,12989,667.0
24,13017,667.0
24,13033,667.0
24,13047,667.0
24,13061,667.0
24,13077,667.0
24,13091,667.0
24,13105,667.0
24,13107,667.0
24,13121,667.0
24,13151,667.0
24,13179,667.0
24,13209,667.0
24,13225,667.0
24,13239,667.0
24,13253,667.0
24,13267,667.0
24,13283,671.0
24,13311,671.0
24,13313,671.0
24,13327,671.0
24,13329,671.0
24,13357,671.0
24,13385,671.0
24,13387,671.0
24,13413,671.0
24,13427,671.0
24,13443,671.0
24,13445,671.0
24,13461,671.0
24,13477,671.0
24,13479,671.0
24,13481,671.0
24,13509,671.0
24,13511,671.0
24,13543,671.0
24,13561,671.0
24,13563,671.0
24,13577,671.0
24,13593,671.0
24,13611,671.0
24,13625,671.0
24,13655,671.0
24,13681,676.0
24,13699,676.0
24,13715,676.0
24,13731,676.0
24,13751,676.0
24,13781,676.0
24,13815,676.0
24,13817,676.0
24,13819,676.0
24,13849,676.0
24,13877,676.0
24,13891,676.0
24,13919,676.0
24,13947,676.0
24,13961,676.0
24,13975,676.0
24,13991,676.0
24,14005,676.0
24,14019,676.0
24,14045,676.0
24,14071,676.0
24,14089,676.0
24,14091,676.0
24,14105,676.0
24,14131,676.0
24,14157,676.0
24,14173,676.0
24,14201,680.0
24,14231,680.0
24,14245,680.0
24,14263,680.0
24,14281,680.0
24,14301,680.0
24,14327,680.0
24,14341,680.0
24,14367,680.0
24,14383,680.0
24,14417,680.0
24,14443,680.0
24,14459,680.0
24,14485,680.0
24,14513,680.0
24,14527,680.0
24,14543,680.0
24,14571,680.0
24,14573,680.0
24,14601,680.0
24,14615,680.0
24,14629,680.0
24,14645,680.0
24,14659,680.0
24,14675,680.0
24,14677,680.0
24,14691,680.0
24,14707,680.0
24,14721,680.0
24,14723,680.0
24,14739,680.0
24,14771,680.0
24,14785,680.0
24,14813,680.0
24,14815,680.0
24,14845,680.0
24,14873,680.0
24,14889,680.0
24,14903,680.0
24,14933,680.0
24,14947,680.0
24,14967,680.0
24,14981,680.0
24,14983,680.0
24,15001,680.0
24,15027,680.0
24,15041,680.0
24,15055,680.0
24,15083,680.0
24,15097,680.0
24,15113,680.0
24,15115,680.0
24,15131,680.0
24,15145,680.0
24,15147,680.0
24,15177,680.0
24,15195,680.0
24,15225,680.0
24,15257,680.0
24,15283,680.0
24,15299,680.0
24,15313,680.0
24,15327,680.0
24,15341,680.0
24,15367,680.0
24,15395,680.0
24,15423,682.0
24,15449,682.0
24,15479,682.0
24,15481,682.0
24,15497,682.0
24,15513,682.0
24,15515,682.0
24,15547,682.0
24,15575,682.0
24,15577,682.0
24,15579,682.0
24,15605,682.0
24,15619,682.0
24,15621,682.0
24,15647,682.0
24,15675,682.0
24,15701,682.0
24,15703,682.0
24,15705,682.0
24,15719,682.0
24,15753,682.0
24,15773,682.0
24,15805,682.0
24,15833,682.0
24,15859,682.0
24,15861,682.0
24,15879,682.0
24,15881,682.0
24,15897,682.0
24,15927,682.0
24,15943,682.0
24,15945,682.0
24,15959,682.0
24,15961,682.0
24,15979,682.0
24,16009,682.0
24,16041,682.0
24,16057,682.0
24,16073,682.0
24,16087,682.0
24,16101,682.0
24,16115,682.0
24,16131,682.0
24,16157,682.0
24,16171,682.0
24,16197,682.0
24,16229,682.0
24,16245,682.0
24,16259,682.0
24,16261,682.0
24,16275,682.0
24,16303,682.0
24,16317,682.0
24,16331,682.0
24,16347,682.0
24,16349,682.0
24,16351,682.0
24,16365,686.0
24,16379,686.0
24,16393,686.0
24,16395,686.0
24,16423,686.0
24,16441,686.0
24,16469,686.0
24,16497,686.0
24,16499,686.0
24,16525,686.0
24,16541,686.0
24,16569,686.0
24,16583,686.0
24,16599,686.0
24,16613,686.0
24,16631,686.0
24,16645,686.0
24,16659,686.0
24,16687,686.0
24,16701,686.0
24,16703,686.0
24,16705,686.0
24,16721,686.0
24,16749,686.0
24,16777,686.0
24,16803,686.0
24,16831,686.0
24,16833,686.0
24,16835,686.0
24,16863,686.0
24,16889,686.0
24,16915,686.0
24,16929,686.0
24,16961,686.0
24,16987,686.0
24,17001,686.0
24,17003,686.0
24,17029,686.0
24,17055,686.0
24,17071,686.0
24,17097,686.0
24,17113,686.0
24,17139,686.0
24,17153,686.0
24,17181,686.0
24,17209,686.0
24,17225,686.0
24,17257,686.0
24,17271,686.0
24,17285,686.0
24,17313,686.0
24,17339,686.0
24,17367,686.0
24,17381,686.0
24,17395,686.0
24,17409,686.0
24,17439,686.0
24,17453,686.0
24,17481,686.0
24,17499,686.0
24,17501,686.0
24,17533,686.0
24,17551,686.0
24,17553,686.0
25,7406,417.0
25,7420,417.0
25,7434,417.0
25,7450,417.0
25,7480,417.0
25,7506,417.0
25,7522,417.0
25,7550,422.0
25,8333,422.0
25,8349,422.0
25,8381,422.0
25,8397,422.0
25,8425,434.0
25,8441,434.0
25,8475,449.0
25,8489,449.0
25,8505,449.0
25,8519,449.0
25,8545,501.0
25,8547,501.0
25,8549,501.0
25,8579,501.0
25,8605,503.0
25,8619,503.0
25,8649,503.0
25,8663,503.0
25,8689,503.0
25,8691,503.0
25,8705,503.0
25,8733,503.0
25,8759,523.0
25,8791,530.0
25,8821,530.0
25,8837,530.0
25,8865,530.0
25,8891,584.0
25,8893,584.0
25,8911,584.0
25,8927,584.0
25,8955,584.0
25,8969,584.0
25,8987,584.0
25,9013,625.0
25,9015,625.0
25,9051,625.0
25,9067,625.0
25,9069,625.0
25,9085,625.0
25,9099,625.0
25,9101,625.0
25,9115,630.0
25,9129,630.0
25,9157,630.0
25,9171,630.0
25,9185,630.0
25,9199,630.0
25,9215,630.0
25,9245,630.0
25,9259,630.0
25,9275,630.0
25,9301,630.0
25,9303,630.0
25,9331,630.0
25,9347,630.0
25,9361,630.0
25,9375,630.0
25,9403,630.0
25,9417,630.0
25,9419,630.0
25,9447,630.0
25,9475,630.0
25,9505,630.0
25,9519,630.0
25,9533,630.0
25,9547,630.0
25,9563,630.0
25,9577,630.0
25,9607,630.0
25,9635,630.0
25,9663,630.0
25,9677,630.0
25,9705,630.0
25,9735,630.0
25,9765,634.0
25,9779,634.0
25,9809,634.0
25,9823,634.0
25,9855,634.0
25,9873,634.0
25,9907,634.0
25,9929,634.0
25,9955,634.0
25,9983,634.0
25,10009,636.0
25,10011,636.0
25,10037,644.0
25,10039,644.0
25,10065,644.0
25,10081,644.0
25,10095,649.0
25,10097,649.0
25,10123,649.0
25,10125,649.0
25,10127,649.0
25,10153,661.0
25,10179,661.0
25,10181,661.0
25,10183,661.0
25,10199,661.0
25,10227,661.0
25,10229,661.0
25,10257,661.0
25,10271,661.0
25,10299,661.0
25,10329,661.0
25,10357,661.0
25,10371,661.0
25,10387,661.0
25,10413,661.0
25,10443,661.0
25,10469,661.0
25,10471,661.0
25,10473,661.0
25,10487,661.0
25,10513,661.0
25,10539,661.0
25,10567,661.0
25,10583,661.0
25,10585,661.0
25,10599,661.0
25,10613,661.0
25,10627,661.0
25,10657,661.0
25,10671,661.0
25,10689,661.0
25,10717,661.0
25,10749,661.0
25,10751,661.0
25,10767,661.0
25,10801,661.0
25,10815,661.0
25,10847,661.0
25,10877,661.0
25,10905,661.0
25,10919,661.0
25,10935,661.0
25,10951,661.0
25,10965,661.0
25,10979,661.0
25,10995,661.0
25,11025,661.0
25,11027,661.0
25,11043,661.0
25,11077,661.0
25,11091,662.0
25,11093,662.0
25,11121,662.0
25,11149,662.0
25,11151,662.0
25,11167,662.0
25,11169,662.0
25,11197,662.0
25,11225,662.0
25,11239,662.0
25,11255,662.0
25,11281,662.0
25,11297,662.0
25,11311,662.0
25,11325,662.0
25,11351,662.0
25,11379,662.0
25,11395,662.0
25,11409,662.0
25,11425,662.0
25,11439,662.0
25,11455,662.0
25,11471,662.0
25,11505,662.0
25,11531,662.0
25,11557,662.0
25,11571,662.0
25,11585,669.0
25,11599,670.0
25,11625,672.0
25,11639,672.0
25,11655,672.0
25,11681,672.0
25,11711,672.0
25,11737,672.0
25,11751,672.0
25,11769,672.0
25,11783,672.0
25,11797,672.0
25,11811,672.0
25,11813,672.0
25,11829,672.0
25,11831,672.0
25,11857,672.0
25,11871,672.0
25,11885,672.0
25,11913,672.0
25,11915,672.0
25,11929,672.0
25,11943,672.0
25,11957,672.0
25,11983,672.0
25,12009,672.0
25,12025,672.0
25,12055,672.0
25,12081,672.0
25,12095,672.0
25,12109,672.0
25,12127,672.0
25,12141,672.0
25,12157,672.0
25,12173,672.0
25,12189,672.0
25,12191,672.0
25,12217,672.0
25,12245,672.0
25,12261,672.0
25,12287,672.0
25,12313,676.0
25,12327,676.0
25,12343,676.0
25,12371,676.0
25,12403,676.0
25,12417,676.0
25,12447,676.0
25,12449,676.0
25,12463,676.0
25,12477,676.0
25,12479,676.0
25,12509,676.0
25,12525,676.0
25,12541,676.0
25,12543,676.0
25,12545,676.0
25,12573,676.0
25,12587,676.0
25,12601,678.0
25,12615,678.0
25,12641,678.0
25,12667,678.0
25,12693,678.0
25,12721,678.0
25,12735,678.0
25,12749,678.0
25,12763,679.0
25,12779,679.0
25,12781,679.0
25,12809,679.0
25,12825,679.0
25,12827,679.0
25,12841,679.0
25,12867,679.0
25,12869,679.0
25,12897,679.0
25,12913,679.0
25,12929,679.0
25,12931,679.0
25,12957,679.0
25,12977,679.0
25,13005,679.0
25,13019,679.0
25,13035,679.0
25,13051,679.0
25,13065,679.0
25,13079,679.0
25,13095,679.0
25,13125,679.0
25,13141,679.0
25,13157,679.0
25,13185,679.0
25,13213,679.0
25,13229,679.0
25,13243,679.0
25,13271,679.0
25,13285,679.0
25,13303,679.0
25,13317,679.0
25,13331,679.0
25,13345,679.0
25,13361,679.0
25,13391,679.0
25,13423,679.0
25,13453,679.0
25,13467,679.0
25,13495,679.0
25,13509,679.0
25,13525,679.0
25,13539,679.0
25,13553,679.0
25,13567,679.0
25,13581,679.0
25,13607,679.0
25,13621,679.0
25,13635,679.0
25,13653,679.0
25,13669,679.0
25,13683,679.0
25,13699,679.0
25,13715,679.0
25,13729,679.0
25,13757,679.0
25,13783,679.0
25,13785,679.0
25,13787,679.0
25,13815,679.0
25,13831,679.0
25,13845,679.0
25,13875,679.0
25,13891,679.0
25,13905,679.0
25,13921,679.0
25,13923,679.0
25,13939,679.0
25,13965,679.0
25,13993,679.0
25,14021,679.0
25,14037,679.0
25,14065,679.0
25,14095,679.0
25,14125,679.0
25,14139,679.0
25,14169,679.0
25,14183,679.0
25,14213,679.0
25,14215,679.0
25,14243,679.0
25,14245,679.0
25,14259,679.0
25,14287,679.0
25,14303,679.0
25,14319,679.0
25,14345,679.0
25,14373,679.0
25,14391,679.0
25,14417,679.0
25,14445,679.0
25,14471,679.0
25,14487,679.0
25,14517,679.0
25,14519,679.0
25,14537,679.0
25,14539,679.0
25,14553,679.0
25,14581,679.0
25,14583,679.0
25,14613,679.0
25,14645,679.0
25,14647,679.0
25,14677,679.0
25,14709,679.0
25,14723,679.0
25,14741,679.0
25,14767,679.0
25,14769,679.0
25,14783,679.0
25,14811,679.0
25,14825,679.0
25,14839,679.0
25,14855,679.0
25,14881,679.0
25,14909,679.0
25,14927,679.0
25,14955,679.0
25,14975,679.0
25,14977,679.0
25,14993,679.0
25,15019,679.0
25,15045,679.0
25,15073,679.0
25,15087,679.0
25,15113,679.0
25,15127,679.0
25,15141,679.0
25,15157,679.0
25,15171,679.0
25,15173,679.0
25,15187,679.0
25,15201,679.0
25,15217,679.0
25,15231,679.0
25,15263,679.0
25,15291,679.0
25,15307,679.0
25,15333,679.0
25,15347,679.0
25,15373,679.0
25,15403,679.0
25,15405,679.0
25,15425,679.0
25,15453,679.0
25,15469,679.0
25,15495,679.0
25,15525,679.0
25,15539,680.0
25,15553,680.0
25,15585,680.0
25,15599,680.0
25,15627,680.0
25,15661,680.0
25,15691,680.0
25,15719,680.0
25,15745,680.0
25,15763,680.0
25,15791,680.0
25,15805,680.0
25,15831,680.0
25,15833,680.0
25,15847,680.0
25,15881,680.0
25,15907,681.0
25,15929,681.0
25,15957,681.0
25,15971,681.0
25,15973,681.0
25,15999,681.0
25,16029,681.0
25,16043,681.0
25,16057,681.0
25,16073,681.0
25,16099,685.0
25,16125,685.0
25,16127,685.0
25,16129,685.0
25,16131,685.0
25,16165,685.0
25,16197,685.0
25,16211,685.0
25,16225,685.0
25,16239,685.0
25,16241,685.0
25,16273,685.0
25,16287,685.0
25,16289,685.0
25,16315,685.0
25,16341,685.0
25,16369,685.0
25,16383,685.0
25,16385,685.0
25,16415,685.0
25,16431,685.0
25,16445,685.0
25,16475,685.0
25,16501,685.0
25,16533,685.0
25,16561,685.0
25,16563,685.0
25,16591,685.0
25,16605,685.0
25,16623,685.0
25,16637,685.0
25,16665,685.0
25,16691,685.0
25,16705,685.0
25,16735,685.0
25,16751,685.0
25,16753,685.0
25,16779,685.0
25,16805,685.0
25,16831,685.0
25,16847,685.0
25,16861,685.0
25,16889,685.0
25,16917,685.0
25,16947,685.0
25,16961,685.0
25,16987,685.0
25,17013,685.0
25,17041,689.0
25,17069,689.0
25,17095,689.0
25,17129,689.0
25,17143,689.0
25,17159,689.0
25,17173,689.0
25,17199,689.0
25,17213,689.0
25,17239,689.0
25,17253,689.0
25,17281,689.0
25,17307,689.0
25,17339,689.0
25,17341,689.0
25,17343,689.0
25,17357,689.0
25,17373,689.0
25,17399,689.0
25,17415,689.0
26,7546,429.0
26,7572,440.0
26,7588,440.0
26,7604,440.0
26,7632,446.0
26,7648,446.0
26,8401,446.0
26,8429,453.0
26,8443,483.0
26,8471,483.0
26,8473,483.0
26,8489,483.0
26,8505,483.0
26,8531,508.0
26,8557,511.0
26,8583,511.0
26,8611,537.0
26,8641,537.0
26,8669,541.0
26,8697,554.0
26,8711,554.0
26,8743,554.0
26,8757,570.0
26,8771,570.0
26,8799,570.0
26,8813,570.0
26,8827,570.0
26,8829,570.0
26,8831,570.0
26,8845,570.0
26,8859,570.0
26,8873,570.0
26,8901,570.0
26,8929,570.0
26,8961,570.0
26,8989,570.0
26,9003,586.0
26,9039,586.0
26,9055,586.0
26,9087,586.0
26,9117,586.0
26,9145,586.0
26,9159,586.0
26,9173,586.0
26,9189,597.0
26,9203,597.0
26,9217,597.0
26,9231,598.0
26,9247,598.0
26,9261,598.0
26,9275,598.0
26,9303,598.0
26,9329,598.0
26,9331,598.0
26,9359,598.0
26,9375,598.0
26,9391,598.0
26,9419,610.0
26,9421,610.0
26,9423,610.0
26,9439,610.0
26,9465,623.0
26,9479,623.0
26,9495,623.0
26,9523,623.0
26,9549,623.0
26,9567,623.0
26,9581,623.0
26,9597,623.0
26,9615,623.0
26,9633,623.0
26,9647,623.0
26,9663,623.0
26,9691,623.0
26,9719,623.0
26,9747,623.0
26,9761,623.0
26,9793,623.0
26,9821,623.0
26,9835,623.0
26,9837,623.0
26,9871,623.0
26,9899,623.0
26,9913,623.0
26,9927,623.0
26,9929,623.0
26,9943,623.0
26,9973,623.0
26,9999,623.0
26,10013,624.0
26,10041,624.0
26,10057,624.0
26,10071,624.0
26,10097,624.0
26,10113,624.0
26,10141,624.0
26,10167,624.0
26,10169,624.0
26,10171,624.0
26,10197,624.0
26,10227,624.0
26,10241,624.0
26,10267,624.0
26,10281,624.0
26,10307,643.0
26,10341,643.0
26,10369,643.0
26,10385,643.0
26,10413,643.0
26,10439,643.0
26,10455,643.0
26,10469,643.0
26,10485,643.0
26,10487,643.0
26,10515,651.0
26,10533,651.0
26,10549,651.0
26,10565,651.0
26,10579,652.0
26,10607,652.0
26,10621,652.0
26,10647,652.0
26,10649,652.0
26,10675,652.0
26,10677,652.0
26,10679,652.0
26,10697,652.0
26,10699,652.0
26,10715,652.0
26,10729,652.0
26,10743,652.0
26,10745,652.0
26,10773,652.0
26,10805,659.0
26,10819,659.0
26,10833,659.0
26,10849,659.0
26,10877,659.0
26,10907,659.0
26,10921,659.0
26,10937,659.0
26,10965,659.0
26,10981,659.0
26,10995,659.0
26,11009,659.0
26,11037,659.0
26,11065,659.0
26,11067,659.0
26,11081,659.0
26,11095,659.0
26,11123,659.0
26,11139,659.0
26,11153,659.0
26,11169,659.0
26,11183,659.0
26,11209,659.0
26,11223,659.0
26,11255,664.0
26,11271,664.0
26,11285,664.0
26,11315,664.0
26,11329,664.0
26,11357,664.0
26,11371,669.0
26,11373,669.0
26,11375,669.0
26,11377,669.0
26,11391,669.0
26,11405,669.0
26,11433,669.0
26,11459,669.0
26,11487,669.0
26,11501,669.0
26,11529,669.0
26,11543,669.0
26,11557,669.0
26,11575,669.0
26,11589,669.0
26,11615,674.0
26,11629,674.0
26,11657,674.0
26,11671,674.0
26,11685,674.0
26,11699,674.0
26,11725,674.0
26,11741,674.0
26,11761,674.0
26,11775,674.0
26,11803,674.0
26,11831,674.0
26,11845,674.0
26,11873,674.0
26,11905,674.0
26,11923,674.0
26,11937,674.0
26,11951,674.0
26,11977,674.0
26,11991,674.0
26,12023,674.0
26,12037,674.0
26,12051,674.0
26,12081,674.0
26,12099,674.0
26,12135,674.0
26,12151,674.0
26,12165,674.0
26,12181,674.0
26,12197,674.0
26,12211,674.0
26,12243,674.0
26,12271,674.0
26,12285,674.0
26,12311,674.0
26,12339,674.0
26,12365,674.0
26,12383,674.0
26,12409,674.0
26,12425,674.0
26,12441,674.0
26,12471,674.0
26,12499,674.0
26,12525,674.0
26,12539,674.0
26,12569,674.0
26,12583,674.0
26,12611,674.0
26,12625,674.0
26,12639,674.0
26,12641,674.0
26,12655,674.0
26,12681,674.0
26,12683,674.0
26,12697,674.0
26,12723,674.0
26,12725,674.0
26,12739,674.0
26,12753,674.0
26,12767,674.0
26,12793,674.0
26,12795,674.0
26,12823,674.0
26,12839,674.0
26,12853,674.0
26,12867,674.0
26,12899,674.0
26,12927,674.0
26,12943,674.0
26,12945,674.0
26,12947,674.0
26,12977,674.0
26,12993,674.0
26,13021,674.0
26,13049,674.0
26,13067,674.0
26,13093,674.0
26,13121,674.0
26,13153,674.0
26,13155,674.0
26,13157,674.0
26,13185,674.0
26,13211,674.0
26,13241,674.0
26,13271,674.0
26,13297,674.0
26,13313,674.0
26,13339,674.0
26,13355,674.0
26,13373,674.0
26,13389,674.0
26,13405,674.0
26,13421,674.0
26,13437,674.0
26,13451,674.0
26,13477,674.0
26,13491,674.0
26,13507,674.0
26,13539,674.0
26,13553,674.0
26,13567,674.0
26,13583,674.0
26,13609,674.0
26,13623,674.0
26,13637,675.0
26,13673,675.0
26,13699,675.0
26,13727,675.0
26,13743,675.0
26,13757,675.0
26,13771,675.0
26,13791,675.0
26,13793,675.0
26,13811,675.0
26,13827,675.0
26,13841,675.0
26,13855,675.0
26,13881,675.0
26,13911,675.0
26,13937,675.0
26,13967,675.0
26,13983,675.0
26,14001,675.0
26,14015,675.0
26,14047,675.0
26,14061,675.0
26,14077,675.0
26,14103,675.0
26,14117,675.0
26,14147,675.0
26,14173,675.0
26,14189,675.0
26,14191,675.0
26,14217,675.0
26,14231,675.0
26,14257,675.0
26,14287,675.0
26,14301,675.0
26,14317,675.0
26,14349,675.0
26,14365,675.0
26,14379,675.0
26,14393,675.0
26,14407,675.0
26,14409,675.0
26,14443,675.0
26,14459,675.0
26,14475,675.0
26,14501,675.0
26,14517,675.0
26,14543,675.0
26,14575,675.0
26,14601,675.0
26,14631,675.0
26,14659,675.0
26,14675,675.0
26,14709,675.0
26,14725,675.0
26,14739,675.0
26,14765,675.0
26,14795,675.0
26,14809,675.0
26,14839,675.0
26,14865,675.0
26,14893,675.0
26,14909,675.0
26,14923,675.0
26,14951,675.0
26,14977,675.0
26,14993,675.0
26,15011,675.0
26,15013,675.0
26,15029,675.0
26,15043,675.0
26,15073,675.0
26,15075,675.0
26,15077,675.0
26,15095,675.0
26,15127,675.0
26,15129,675.0
26,15131,675.0
26,15145,675.0
26,15171,675.0
26,15187,675.0
26,15201,675.0
26,15203,675.0
26,15217,675.0
26,15219,675.0
26,15245,675.0
26,15261,675.0
26,15277,675.0
26,15307,675.0
26,15325,675.0
26,15341,675.0
26,15369,675.0
26,15383,675.0
26,15397,675.0
26,15411,675.0
26,15441,675.0
26,15457,675.0
26,15485,675.0
26,15503,675.0
26,15521,675.0
26,15551,675.0
26,15565,675.0
26,15601,675.0
26,15615,675.0
26,15617,675.0
26,15631,675.0
26,15659,676.0
26,15673,676.0
26,15687,676.0
26,15705,676.0
26,15735,676.0
26,15767,676.0
26,15797,676.0
26,15825,676.0
26,15827,676.0
26,15829,676.0
26,15843,676.0
26,15861,676.0
26,15879,676.0
26,15905,676.0
26,15933,676.0
26,15965,676.0
26,15995,676.0
26,16023,678.0
26,16037,678.0
26,16071,678.0
26,16105,678.0
26,16119,678.0
26,16135,678.0
26,16163,678.0
26,16189,678.0
26,16205,678.0
26,16233,678.0
26,16247,678.0
26,16277,678.0
26,16305,678.0
26,16323,678.0
26,16325,678.0
26,16355,678.0
26,16371,678.0
26,16373,678.0
26,16389,678.0
26,16415,678.0
26,16429,678.0
26,16459,678.0
26,16485,678.0
26,16515,678.0
26,16529,678.0
26,16543,678.0
26,16557,678.0
26,16571,678.0
26,16587,678.0
26,16613,678.0
26,16629,678.0
26,16655,678.0
26,16681,678.0
26,16695,678.0
26,16697,678.0
26,16725,678.0
26,16741,678.0
26,16767,678.0
26,16795,678.0
26,16821,678.0
26,16847,678.0
26,16861,678.0
26,16895,678.0
26,16897,678.0
26,16915,678.0
26,16933,678.0
26,16935,678.0
26,16949,678.0
26,16975,678.0
26,16991,678.0
26,17021,678.0
26,17035,678.0
26,17051,678.0
26,17067,678.0
26,17081,678.0
26,17107,678.0
26,17127,678.0
26,17141,678.0
26,17157,678.0
26,17187,678.0
26,17201,678.0
26,17215,678.0
26,17217,678.0
26,17233,678.0
26,17265,678.0
26,17279,678.0
26,17305,678.0
26,17321,678.0
26,17351,678.0
26,17365,678.0
26,17367,678.0
26,17383,678.0
26,17401,678.0
26,17403,678.0
26,17431,678.0
26,17461,678.0
26,17487,678.0
26,17501,678.0
26,17515,678.0
27,7562,419.0
27,8387,419.0
27,8415,419.0
27,8429,442.0
27,8443,467.0
27,8457,467.0
27,8475,467.0
27,8489,467.0
27,8491,467.0
27,8519,491.0
27,8547,491.0
27,8573,500.0
27,8587,500.0
27,8601,500.0
27,8633,500.0
27,8651,500.0
27,8671,500.0
27,8697,536.0
27,8699,536.0
27,8717,536.0
27,8735,536.0
27,8763,536.0
27,8777,536.0
27,8793,536.0
27,8821,536.0
27,8839,536.0
27,8867,536.0
27,8881,536.0
27,8897,536.0
27,8913,536.0
27,8941,536.0
27,8957,536.0
27,8971,536.0
27,8997,562.0
27,9023,562.0
27,9049,562.0
27,9067,562.0
27,9081,562.0
27,9095,586.0
27,9109,587.0
27,9125,587.0
27,9151,606.0
27,9169,606.0
27,9195,619.0
27,9211,644.0
27,9225,644.0
27,9253,644.0
27,9279,644.0
27,9293,644.0
27,9321,644.0
27,9323,644.0
27,9339,644.0
27,9367,644.0
27,9369,644.0
27,9399,644.0
27,9425,644.0
27,9451,657.0
27,9477,657.0
27,9503,657.0
27,9519,657.0
27,9549,657.0
27,9577,657.0
27,9605,657.0
27,9625,657.0
27,9627,657.0
27,9657,657.0
27,9683,660.0
27,9685,660.0
27,9687,660.0
27,9703,660.0
27,9705,660.0
27,9721,660.0
27,9749,660.0
27,9775,660.0
27,9777,660.0
27,9791,660.0
27,9805,660.0
27,9819,660.0
27,9847,660.0
27,9849,660.0
27,9851,660.0
27,9881,660.0
27,9911,660.0
27,9927,660.0
27,9941,660.0
27,9969,660.0
27,9983,660.0
27,9997,660.0
27,10011,660.0
27,10013,660.0
27,10027,660.0
27,10041,660.0
27,10069,660.0
27,10099,660.0
27,10135,660.0
27,10165,660.0
27,10181,660.0
27,10195,660.0
27,10223,660.0
27,10253,660.0
27,10269,660.0
27,10285,660.0
27,10311,660.0
27,10341,660.0
27,10367,660.0
27,10369,660.0
27,10397,660.0
27,10413,660.0
27,10427,660.0
27,10443,660.0
27,10445,660.0
27,10447,660.0
27,10463,660.0
27,10491,660.0
27,10505,660.0
27,10535,660.0
27,10549,660.0
27,10565,660.0
27,10567,660.0
27,10569,660.0
27,10583,660.0
27,10611,660.0
27,10637,660.0
27,10665,660.0
27,10679,664.0
27,10705,664.0
27,10731,664.0
27,10761,664.0
27,10793,664.0
27,10821,664.0
27,10835,664.0
27,10837,664.0
27,10863,664.0
27,10889,664.0
27,10919,664.0
27,10949,664.0
27,10967,664.0
27,10969,664.0
27,10983,664.0
27,10997,664.0
27,11031,664.0
27,11045,664.0
27,11059,664.0
27,11085,664.0
27,11087,664.0
27,11103,664.0
27,11117,664.0
27,11145,664.0
27,11179,664.0
27,11207,664.0
27,11237,664.0
27,11251,664.0
27,11253,664.0
27,11267,666.0
27,11297,666.0
27,11311,671.0
27,11329,671.0
27,11347,671.0
27,11363,671.0
27,11391,671.0
27,11407,671.0
27,11439,671.0
27,11453,671.0
27,11485,671.0
27,11515,671.0
27,11529,671.0
27,11557,671.0
27,11559,671.0
27,11573,671.0
27,11599,671.0
27,11613,671.0
27,11627,671.0
27,11657,671.0
27,11659,671.0
27,11677,671.0
27,11695,671.0
27,11709,671.0
27,11735,671.0
27,11761,671.0
27,11777,671.0
27,11779,671.0
27,11793,671.0
27,11807,671.0
27,11809,671.0
27,11843,671.0
27,11875,671.0
27,11891,671.0
27,11907,671.0
27,11937,671.0
27,11965,671.0
27,11995,671.0
27,12021,671.0
27,12055,671.0
27,12069,671.0
27,12085,671.0
27,12099,671.0
27,12113,671.0
27,12127,671.0
27,12129,671.0
27,12149,671.0
27,12177,671.0
27,12191,671.0
27,12205,671.0
27,12207,671.0
27,12209,671.0
27,12225,671.0
27,12251,671.0
27,12265,671.0
27,12279,674.0
27,12309,674.0
27,12323,674.0
27,12349,674.0
27,12365,674.0
27,12379,674.0
27,12407,674.0
27,12409,674.0
27,12425,674.0
27,12439,674.0
27,12453,674.0
27,12467,674.0
27,12499,674.0
27,12513,674.0
27,12527,674.0
27,12557,674.0
27,12559,674.0
27,12591,674.0
27,12609,674.0
27,12635,674.0
27,12651,674.0
27,12679,674.0
27,12693,674.0
27,12707,674.0
27,12721,674.0
27,12751,674.0
27,12777,674.0
27,12805,674.0
27,12823,674.0
27,12839,674.0
27,12865,674.0
27,12879,674.0
27,12881,674.0
27,12907,674.0
27,12923,674.0
27,12925,674.0
27,12939,674.0
27,12967,674.0
27,12969,674.0
27,12971,674.0
27,12985,674.0
27,12987,674.0
27,13005,674.0
27,13021,674.0
27,13035,674.0
27,13067,674.0
27,13083,674.0
27,13097,674.0
27,13111,674.0
27,13127,674.0
27,13143,674.0
27,13169,674.0
27,13183,674.0
27,13219,674.0
27,13233,674.0
27,13247,674.0
27,13277,674.0
27,13293,674.0
27,13321,674.0
27,13349,674.0
27,13365,674.0
27,13393,674.0
27,13407,674.0
27,13433,674.0
27,13435,674.0
27,13437,674.0
27,13451,674.0
27,13481,674.0
27,13509,674.0
27,13511,674.0
27,13539,674.0
27,13553,674.0
27,13581,684.0
27,13595,684.0
27,13621,684.0
27,13647,684.0
27,13675,684.0
27,13677,684.0
27,13695,684.0
27,13711,684.0
27,13725,684.0
27,13753,684.0
27,13767,684.0
27,13785,684.0
27,13801,684.0
27,13831,684.0
27,13863,684.0
27,13879,684.0
27,13909,684.0
27,13927,684.0
27,13953,684.0
27,13967,684.0
27,13981,684.0
27,14009,684.0
27,14025,684.0
27,14039,684.0
27,14057,684.0
27,14071,684.0
27,14097,684.0
27,14123,684.0
27,14155,684.0
27,14183,684.0
27,14217,684.0
27,14219,684.0
27,14233,684.0
27,14261,684.0
27,14289,684.0
27,14321,684.0
27,14335,684.0
27,14363,684.0
27,14381,684.0
27,14395,684.0
27,14421,684.0
27,14439,684.0
27,14467,684.0
27,14469,684.0
27,14507,684.0
27,14521,684.0
27,14549,684.0
27,14563,684.0
27,14589,684.0
27,14617,684.0
27,14631,684.0
27,14633,684.0
27,14647,684.0
27,14679,684.0
27,14695,684.0
27,14711,684.0
27,14725,684.0
27,14743,684.0
27,14771,688.0
27,14787,688.0
27,14801,688.0
27,14829,688.0
27,14843,688.0
27,14845,688.0
27,14871,688.0
27,14885,688.0
27,14911,688.0
27,14939,688.0
27,14973,688.0
27,14975,688.0
27,15003,688.0
27,15031,688.0
27,15065,688.0
27,15067,688.0
27,15083,688.0
27,15097,688.0
27,15113,688.0
27,15127,688.0
27,15153,688.0
27,15181,688.0
27,15195,688.0
27,15209,688.0
27,15227,688.0
27,15243,688.0
27,15245,688.0
27,15271,688.0
27,15299,688.0
27,15329,688.0
27,15363,688.0
27,15381,688.0
27,15397,688.0
27,15413,688.0
27,15439,688.0
27,15465,688.0
27,15481,688.0
27,15509,688.0
27,15523,688.0
27,15539,688.0
27,15553,688.0
27,15567,688.0
27,15593,688.0
27,15611,688.0
27,15639,688.0
27,15655,688.0
27,15681,688.0
27,15707,688.0
27,15735,688.0
27,15763,688.0
27,15791,688.0
27,15805,688.0
27,15821,688.0
27,15835,688.0
27,15861,688.0
27,15889,688.0
27,15917,688.0
27,15943,688.0
27,15957,688.0
27,15959,688.0
27,15985,688.0
27,16013,688.0
27,16041,688.0
27,16043,688.0
27,16069,688.0
27,16083,688.0
27,16109,688.0
27,16137,688.0
27,16139,688.0
27,16167,688.0
27,16169,688.0
27,16183,688.0
27,16185,688.0
27,16213,688.0
27,16227,688.0
27,16241,688.0
27,16269,688.0
27,16297,688.0
27,16311,688.0
27,16329,688.0
27,16357,688.0
27,16359,688.0
27,16387,688.0
27,16415,688.0
27,16441,688.0
27,16455,688.0
27,16471,688.0
27,16473,688.0
27,16501,688.0
27,16515,688.0
27,16529,688.0
27,16545,688.0
27,16571,688.0
27,16599,688.0
27,16613,688.0
27,16631,688.0
27,16659,688.0
27,16675,688.0
27,16705,688.0
27,16707,688.0
27,16721,688.0
27,16749,688.0
27,16763,688.0
27,16793,688.0
27,16807,688.0
27,16835,688.0
27,16837,688.0
27,16853,688.0
27,16881,688.0
27,16895,688.0
27,16925,688.0
27,16955,688.0
27,16957,688.0
27,16973,688.0
27,16999,688.0
27,17001,688.0
27,17031,688.0
27,17045,688.0
27,17059,688.0
27,17091,688.0
27,17117,688.0
27,17119,688.0
27,17121,688.0
27,17123,688.0
27,17137,688.0
27,17163,688.0
27,17177,688.0
27,17203,688.0
27,17217,688.0
27,17245,688.0
27,17247,688.0
27,17249,688.0
27,17251,688.0
27,17277,688.0
27,17279,688.0
27,17281,688.0
27,17297,688.0
27,17299,688.0
27,17325,688.0
27,17341,688.0
27,17369,688.0
27,17387,688.0
27,17405,688.0
27,17423,688.0
27,17437,688.0
27,17451,688.0
27,17465,688.0
27,17491,688.0
27,17493,688.0
27,17521,688.0
27,17523,688.0
27,17539,688.0
28,7562,417.0
28,8355,417.0
28,8369,417.0
28,8395,449.0
28,8413,473.0
28,8445,540.0
28,8461,540.0
28,8475,540.0
28,8505,540.0
28,8535,540.0
28,8551,540.0
28,8565,540.0
28,8595,540.0
28,8625,540.0
28,8641,540.0
28,8667,540.0
28,8681,582.0
28,8707,582.0
28,8709,582.0
28,8723,582.0
28,8725,582.0
28,8739,582.0
28,8753,619.0
28,8769,619.0
28,8791,619.0
28,8819,619.0
28,8833,619.0
28,8847,619.0
28,8861,636.0
28,8875,636.0
28,8905,636.0
28,8919,645.0
28,8921,645.0
28,8923,645.0
28,8955,645.0
28,8971,645.0
28,8997,645.0
28,9011,645.0
28,9043,645.0
28,9069,645.0
28,9087,645.0
28,9089,645.0
28,9115,645.0
28,9145,645.0
28,9159,645.0
28,9177,645.0
28,9203,645.0
28,9229,645.0
28,9259,645.0
28,9275,647.0
28,9301,647.0
28,9317,647.0
28,9331,647.0
28,9345,647.0
28,9359,647.0
28,9375,647.0
28,9391,647.0
28,9405,647.0
28,9421,647.0
28,9435,647.0
28,9451,647.0
28,9465,647.0
28,9467,647.0
28,9481,647.0
28,9509,647.0
28,9511,647.0
28,9513,647.0
28,9515,647.0
28,9517,647.0
28,9519,647.0
28,9533,647.0
28,9547,655.0
28,9567,655.0
28,9593,655.0
28,9619,655.0
28,9635,655.0
28,9673,655.0
28,9689,655.0
28,9715,655.0
28,9733,655.0
28,9765,655.0
28,9793,655.0
28,9809,655.0
28,9825,655.0
28,9851,655.0
28,9881,655.0
28,9895,655.0
28,9927,655.0
28,9945,655.0
28,9959,655.0
28,9975,655.0
28,9989,655.0
28,9991,655.0
28,10009,655.0
28,10035,655.0
28,10061,655.0
28,10075,655.0
28,10103,655.0
28,10119,655.0
28,10145,655.0
28,10147,655.0
28,10175,655.0
28,10189,655.0
28,10219,655.0
28,10233,655.0
28,10247,655.0
28,10261,655.0
28,10277,655.0
28,10291,655.0
28,10317,655.0
28,10337,655.0
28,10367,655.0
28,10383,655.0
28,10415,655.0
28,10451,655.0
28,10469,655.0
28,10485,655.0
28,10521,655.0
28,10535,655.0
28,10549,655.0
28,10567,655.0
28,10569,655.0
28,10597,659.0
28,10623,659.0
28,10637,659.0
28,10667,659.0
28,10695,659.0
28,10709,659.0
28,10723,659.0
28,10755,659.0
28,10757,659.0
28,10785,659.0
28,10801,659.0
28,10803,659.0
28,10831,659.0
28,10851,659.0
28,10879,659.0
28,10907,659.0
28,10933,659.0
28,10949,659.0
28,10951,659.0
28,10965,659.0
28,10967,659.0
28,10981,659.0
28,11013,659.0
28,11045,659.0
28,11059,659.0
28,11089,659.0
28,11091,659.0
28,11105,659.0
28,11121,659.0
28,11149,659.0
28,11165,659.0
28,11193,659.0
28,11219,659.0
28,11233,659.0
28,11259,659.0
28,11277,664.0
28,11309,664.0
28,11325,664.0
28,11339,664.0
28,11369,664.0
28,11395,664.0
28,11411,664.0
28,11425,664.0
28,11439,664.0
28,11469,664.0
28,11487,664.0
28,11489,664.0
28,11517,664.0
28,11545,664.0
28,11559,664.0
28,11573,664.0
28,11587,664.0
28,11613,664.0
28,11647,664.0
28,11673,664.0
28,11687,669.0
28,11701,669.0
28,11715,669.0
28,11717,669.0
28,11731,669.0
28,11745,669.0
28,11759,669.0
28,11787,669.0
28,11817,669.0
28,11833,669.0
28,11847,669.0
28,11861,669.0
28,11879,669.0
28,11895,669.0
28,11909,669.0
28,11911,669.0
28,11937,669.0
28,11965,669.0
28,11967,669.0
28,11983,669.0
28,12009,669.0
28,12043,669.0
28,12069,669.0
28,12071,669.0
28,12099,669.0
28,12113,669.0
28,12139,669.0
28,12167,676.0
28,12181,676.0
28,12197,676.0
28,12213,676.0
28,12227,676.0
28,12241,677.0
28,12271,677.0
28,12299,677.0
28,12331,677.0
28,12357,677.0
28,12371,677.0
28,12385,677.0
28,12399,677.0
28,12427,677.0
28,12453,677.0
28,12455,677.0
28,12481,680.0
28,12483,680.0
28,12485,680.0
28,12487,680.0
28,12501,680.0
28,12529,680.0
28,12543,680.0
28,12569,680.0
28,12599,680.0
28,12613,680.0
28,12631,680.0
28,12649,680.0
28,12663,680.0
28,12691,680.0
28,12705,680.0
28,12735,680.0
28,12769,680.0
28,12797,680.0
28,12827,680.0
28,12855,680.0
28,12883,680.0
28,12911,680.0
28,12925,680.0
28,12951,680.0
28,12981,680.0
28,12997,680.0
28,13011,680.0
28,13025,680.0
28,13039,680.0
28,13041,680.0
28,13055,680.0
28,13081,680.0
28,13083,680.0
28,13085,680.0
28,13117,680.0
28,13143,680.0
28,13159,680.0
28,13161,680.0
28,13175,680.0
28,13189,680.0
28,13191,680.0
28,13207,680.0
28,13209,680.0
28,13211,680.0
28,13225,680.0
28,13239,680.0
28,13241,680.0
28,13255,680.0
28,13281,680.0
28,13295,680.0
28,13323,680.0
28,13337,680.0
28,13353,680.0
28,13367,680.0
28,13397,680.0
28,13411,680.0
28,13425,680.0
28,13453,680.0
28,13483,680.0
28,13497,680.0
28,13525,680.0
28,13555,680.0
28,13585,680.0
28,13601,680.0
28,13615,680.0
28,13629,680.0
28,13645,680.0
28,13661,680.0
28,13691,680.0
28,13721,680.0
28,13735,680.0
28,13737,680.0
28,13751,680.0
28,13765,680.0
28,13793,680.0
28,13807,680.0
28,13823,680.0
28,13855,680.0
28,13857,680.0
28,13877,680.0
28,13891,680.0
28,13893,680.0
28,13921,680.0
28,13937,680.0
28,13967,680.0
28,13981,680.0
28,13995,680.0
28,14023,680.0
28,14037,680.0
28,14063,680.0
28,14079,680.0
28,14105,687.0
28,14119,687.0
28,14121,687.0
28,14149,687.0
28,14163,687.0
28,14165,687.0
28,14179,687.0
28,14181,687.0
28,14215,687.0
28,14233,687.0
28,14235,687.0
28,14263,687.0
28,14291,687.0
28,14317,687.0
28,14319,687.0
28,14335,687.0
28,14349,687.0
28,14351,687.0
28,14367,687.0
28,14393,687.0
28,14407,687.0
28,14423,687.0
28,14439,687.0
28,14457,687.0
28,14485,687.0
28,14515,687.0
28,14531,687.0
28,14563,687.0
28,14593,687.0
28,14607,687.0
28,14635,687.0
28,14661,687.0
28,14677,687.0
28,14679,687.0
28,14693,687.0
28,14707,687.0
28,14721,687.0
28,14739,687.0
28,14753,687.0
28,14767,687.0
28,14769,687.0
28,14801,687.0
28,14829,687.0
28,14845,687.0
28,14859,687.0
28,14885,687.0
28,14913,687.0
28,14939,687.0
28,14953,687.0
28,14969,687.0
28,14997,687.0
28,15011,687.0
28,15037,687.0
28,15051,687.0
28,15083,687.0
28,15099,687.0
28,15127,687.0
28,15159,687.0
28,15179,687.0
28,15195,687.0
28,15221,687.0
28,15237,687.0
28,15269,687.0
28,15303,687.0
28,15331,687.0
28,15345,687.0
28,15363,687.0
28,15377,687.0
28,15393,687.0
28,15425,687.0
28,15453,687.0
28,15467,687.0
28,15481,687.0
28,15509,687.0
28,15537,687.0
28,15539,687.0
28,15569,687.0
28,15585,687.0
28,15603,687.0
28,15617,687.0
28,15631,687.0
28,15633,687.0
28,15651,687.0
28,15677,687.0
28,15691,687.0
28,15719,687.0
28,15733,687.0
28,15759,687.0
28,15791,687.0
28,15793,687.0
28,15807,687.0
28,15833,687.0
28,15847,687.0
28,15861,687.0
28,15893,687.0
28,15909,687.0
28,15923,687.0
28,15951,687.0
28,15965,687.0
28,15993,687.0
28,15995,687.0
28,16009,687.0
28,16035,687.0
28,16061,687.0
28,16075,688.0
28,16105,688.0
28,16119,688.0
28,16121,688.0
28,16155,688.0
28,16171,688.0
28,16185,688.0
28,16199,688.0
28,16227,688.0
28,16241,688.0
28,16267,688.0
28,16281,688.0
28,16283,688.0
28,16301,688.0
28,16303,688.0
28,16331,688.0
28,16347,688.0
28,16363,688.0
28,16391,688.0
28,16419,688.0
28,16433,688.0
28,16459,688.0
28,16473,688.0
28,16475,688.0
28,16489,688.0
28,16507,688.0
28,16521,688.0
28,16537,688.0
28,16551,688.0
28,16565,688.0
28,16591,690.0
28,16619,690.0
28,16645,693.0
28,16661,693.0
28,16675,693.0
28,16703,693.0
28,16719,693.0
28,16721,693.0
28,16735,693.0
28,16749,693.0
28,16751,693.0
28,16779,693.0
28,16793,693.0
28,16807,693.0
28,16809,693.0
28,16835,693.0
28,16849,693.0
28,16879,693.0
28,16895,693.0
28,16921,693.0
28,16949,693.0
28,16967,693.0
28,16969,693.0
28,16999,693.0
28,17013,693.0
28,17039,693.0
28,17053,693.0
28,17067,693.0
28,17085,693.0
28,17101,693.0
28,17115,693.0
28,17117,693.0
28,17131,693.0
28,17159,693.0
28,17161,693.0
28,17187,693.0
28,17217,693.0
28,17231,693.0
28,17245,693.0
28,17247,693.0
28,17249,693.0
28,17275,693.0
28,17301,693.0
28,17327,693.0
28,17343,693.0
28,17369,693.0
28,17397,693.0
28,17425,693.0
28,17439,693.0
28,17453,693.0
28,17467,693.0
28,17469,693.0
28,17495,693.0
28,17497,693.0
28,17511,693.0
28,17541,693.0
29,7642,399.0
29,7670,399.0
29,7684,399.0
29,7698,445.0
29,7712,445.0
29,7730,445.0
29,7744,461.0
29,7758,461.0
29,7774,461.0
29,7790,461.0
29,7804,461.0
29,7832,461.0
29,7862,461.0
29,7882,463.0
29,7900,463.0
29,7932,463.0
29,7934,463.0
29,7948,463.0
29,7962,491.0
29,7992,491.0
29,7994,491.0
29,8022,491.0
29,8038,491.0
29,8052,491.0
29,8068,491.0
29,8096,520.0
29,8112,520.0
29,8935,520.0
29,8951,520.0
29,8981,520.0
29,8995,520.0
29,9011,520.0
29,9025,520.0
29,9055,548.0
29,9081,594.0
29,9095,594.0
29,9109,594.0
29,9137,594.0
29,9163,594.0
29,9193,594.0
29,9207,594.0
29,9233,594.0
29,9261,618.0
29,9281,618.0
29,9297,618.0
29,9311,618.0
29,9327,618.0
29,9345,618.0
29,9361,618.0
29,9387,618.0
29,9413,638.0
29,9415,638.0
29,9429,638.0
29,9443,638.0
29,9471,638.0
29,9485,638.0
29,9513,638.0
29,9529,638.0
29,9545,638.0
29,9559,638.0
29,9587,638.0
29,9615,638.0
29,9629,638.0
29,9643,638.0
29,9669,638.0
29,9697,638.0
29,9723,638.0
29,9745,638.0
29,9771,638.0
29,9785,638.0
29,9799,638.0
29,9813,638.0
29,9843,647.0
29,9871,647.0
29,9887,647.0
29,9917,647.0
29,9919,647.0
29,9949,647.0
29,9979,647.0
29,9993,647.0
29,10021,647.0
29,10053,647.0
29,10081,647.0
29,10095,647.0
29,10121,647.0
29,10123,647.0
29,10137,647.0
29,10155,647.0
29,10181,647.0
29,10199,647.0
29,10227,647.0
29,10243,647.0
29,10257,647.0
29,10271,647.0
29,10287,647.0
29,10315,647.0
29,10329,647.0
29,10355,647.0
29,10381,655.0
29,10383,655.0
29,10415,655.0
29,10429,655.0
29,10443,655.0
29,10469,655.0
29,10483,655.0
29,10511,655.0
29,10513,655.0
29,10527,655.0
29,10541,655.0
29,10567,655.0
29,10593,655.0
29,10619,655.0
29,10647,655.0
29,10677,655.0
29,10691,655.0
29,10717,655.0
29,10743,655.0
29,10769,655.0
29,10799,655.0
29,10815,655.0
29,10843,658.0
29,10857,658.0
29,10887,658.0
29,10915,664.0
29,10917,664.0
29,10945,664.0
29,10959,664.0
29,10961,664.0
29,10975,664.0
29,10977,664.0
29,10991,664.0
29,10993,664.0
29,11007,664.0
29,11009,664.0
29,11011,664.0
29,11037,664.0
29,11065,664.0
29,11079,664.0
29,11095,664.0
29,11097,664.0
29,11125,664.0
29,11153,664.0
29,11183,664.0
29,11201,664.0
29,11215,664.0
29,11241,664.0
29,11277,664.0
29,11291,664.0
29,11305,664.0
29,11323,664.0
29,11337,664.0
29,11351,664.0
29,11377,664.0
29,11407,664.0
29,11421,664.0
29,11437,664.0
29,11463,664.0
29,11491,664.0
29,11519,664.0
29,11533,664.0
29,11559,664.0
29,11573,670.0
29,11599,670.0
29,11613,670.0
29,11627,670.0
29,11641,670.0
29,11655,671.0
29,11673,671.0
29,11701,671.0
29,11735,671.0
29,11763,671.0
29,11779,671.0
29,11809,671.0
29,11835,671.0
29,11837,671.0
29,11851,671.0
29,11865,671.0
29,11893,671.0
29,11909,671.0
29,11935,671.0
29,11963,671.0
29,11965,671.0
29,11995,671.0
29,12025,671.0
29,12041,671.0
29,12055,671.0
29,12069,671.0
29,12071,671.0
29,12087,671.0
29,12119,671.0
29,12133,671.0
29,12161,671.0
29,12175,678.0
29,12189,678.0
29,12215,678.0
29,12231,678.0
29,12245,678.0
29,12273,678.0
29,12275,678.0
29,12291,678.0
29,12305,678.0
29,12319,678.0
29,12349,678.0
29,12367,678.0
29,12383,678.0
29,12411,678.0
29,12425,678.0
29,12427,678.0
29,12441,678.0
29,12467,678.0
29,12495,678.0
29,12497,678.0
29,12499,678.0
29,12515,678.0
29,12517,678.0
29,12545,684.0
29,12573,684.0
29,12587,684.0
29,12601,684.0
29,12615,684.0
29,12629,684.0
29,12655,684.0
29,12669,684.0
29,12685,684.0
29,12699,684.0
29,12715,684.0
29,12729,687.0
29,12757,687.0
29,12773,687.0
29,12775,687.0
29,12789,687.0
29,12803,687.0
29,12817,687.0
29,12819,687.0
29,12833,687.0
29,12859,687.0
29,12861,687.0
29,12863,687.0
29,12877,687.0
29,12909,687.0
29,12935,687.0
29,12963,687.0
29,12977,687.0
29,12991,687.0
29,13005,687.0
29,13019,687.0
29,13047,687.0
29,13073,687.0
29,13089,687.0
29,13119,687.0
29,13145,687.0
29,13159,687.0
29,13161,687.0
29,13187,687.0
29,13219,687.0
29,13233,687.0
29,13235,687.0
29,13263,687.0
29,13291,687.0
29,13305,687.0
29,13319,687.0
29,13347,687.0
29,13373,687.0
29,13387,687.0
29,13403,687.0
29,13405,687.0
29,13421,687.0
29,13447,687.0
29,13475,687.0
29,13477,687.0
29,13505,687.0
29,13533,687.0
29,13551,687.0
29,13581,687.0
29,13609,687.0
29,13637,687.0
29,13653,687.0
29,13673,687.0
29,13689,687.0
29,13691,687.0
29,13719,687.0
29,13733,687.0
29,13747,687.0
29,13749,687.0
29,13779,687.0
29,13781,687.0
29,13809,687.0
29,13837,687.0
29,13869,687.0
29,13887,687.0
29,13913,687.0
29,13943,687.0
29,13971,687.0
29,13985,687.0
29,13999,687.0
29,14025,687.0
29,14053,687.0
29,14067,687.0
29,14069,687.0
29,14083,687.0
29,14111,687.0
29,14125,687.0
29,14127,687.0
29,14143,687.0
29,14173,687.0
29,14187,687.0
29,14203,687.0
29,14219,687.0
29,14233,687.0
29,14261,687.0
29,14289,687.0
29,14291,687.0
29,14307,687.0
29,14321,687.0
29,14355,687.0
29,14383,687.0
29,14411,687.0
29,14425,687.0
29,14451,687.0
29,14481,687.0
29,14507,687.0
29,14521,687.0
29,14535,687.0
29,14561,687.0
29,14577,687.0
29,14605,687.0
29,14621,687.0
29,14653,687.0
29,14667,687.0
29,14681,687.0
29,14711,687.0
29,14737,687.0
29,14751,687.0
29,14777,687.0
29,14805,687.0
29,14831,687.0
29,14859,687.0
29,14873,687.0
29,14887,687.0
29,14913,687.0
29,14927,687.0
29,14955,687.0
29,14971,687.0
29,14973,687.0
29,14975,687.0
29,15001,687.0
29,15003,687.0
29,15031,687.0
29,15057,687.0
29,15071,687.0
29,15073,687.0
29,15103,687.0
29,15121,687.0
29,15137,687.0
29,15167,687.0
29,15185,687.0
29,15201,687.0
29,15227,687.0
29,15255,687.0
29,15269,687.0
29,15283,687.0
29,15313,687.0
29,15315,687.0
29,15341,690.0
29,15357,690.0
29,15383,690.0
29,15409,690.0
29,15423,690.0
29,15437,690.0
29,15463,690.0
29,15477,690.0
29,15479,690.0
29,15507,690.0
29,15535,690.0
29,15537,690.0
29,15553,690.0
29,15581,690.0
29,15609,690.0
29,15635,690.0
29,15667,690.0
29,15681,690.0
29,15709,690.0
29,15711,690.0
29,15741,690.0
29,15757,690.0
29,15785,690.0
29,15801,690.0
29,15831,690.0
29,15861,690.0
29,15877,690.0
29,15891,690.0
29,15923,690.0
29,15937,690.0
29,15939,690.0
29,15969,690.0
29,15997,690.0
29,16013,690.0
29,16027,690.0
29,16041,690.0
29,16069,690.0
29,16071,690.0
29,16097,690.0
29,16113,690.0
29,16127,690.0
29,16155,690.0
29,16157,690.0
29,16171,690.0
29,16185,690.0
29,16201,690.0
29,16227,690.0
29,16243,690.0
29,16269,690.0
29,16295,690.0
29,16323,690.0
29,16349,690.0
29,16375,690.0
29,16405,690.0
29,16435,690.0
29,16449,690.0
29,16465,690.0
29,16491,690.0
29,16505,690.0
29,16531,690.0
29,16545,690.0
29,16561,690.0
29,16563,690.0
29,16593,690.0
29,16607,690.0
29,16621,690.0
29,16653,690.0
29,16689,690.0
29,16717,690.0
29,16731,690.0
29,16745,690.0
29,16775,690.0
29,16789,690.0
29,16817,690.0
29,16845,690.0
29,16859,690.0
29,16873,690.0
29,16887,690.0
29,16903,690.0
29,16917,690.0
29,16943,690.0
29,16971,690.0
29,16973,690.0
29,16975,690.0
29,17007,690.0
29,17035,690.0
29,17051,690.0
29,17053,690.0
29,17083,690.0
29,17111,690.0
29,17125,690.0
29,17143,690.0
29,17169,690.0
29,17183,690.0
29,17213,690.0
29,17241,690.0
29,17271,690.0
29,17285,690.0
29,17287,690.0
29,17315,690.0
29,17333,690.0
29,17355,690.0
29,17381,690.0
29,17395,690.0
29,17409,690.0
29,17431,690.0
29,17445,690.0
29,17473,690.0
29,17475,690.0
29,17493,690.0
29,17507,690.0
29,17523,690.0
29,17525,690.0
29,17551,690.0
29,17577,690.0
29,17605,690.0
29,17639,690.0
30,7552,440.0
30,7554,440.0
30,7570,440.0
30,7600,440.0
30,7622,456.0
30,7638,467.0
30,8391,494.0
30,8405,506.0
30,8419,506.0
30,8421,506.0
30,8435,506.0
30,8451,506.0
30,8465,558.0
30,8481,558.0
30,8513,558.0
30,8539,587.0
30,8555,587.0
30,8557,587.0
30,8583,587.0
30,8585,587.0
30,8599,587.0
30,8625,587.0
30,8655,587.0
30,8669,587.0
30,8683,587.0
30,8699,587.0
30,8725,587.0
30,8755,587.0
30,8785,587.0
30,8801,587.0
30,8831,587.0
30,8845,587.0
30,8859,587.0
30,8873,587.0
30,8903,587.0
30,8905,587.0
30,8933,587.0
30,8947,587.0
30,8963,587.0
30,8979,587.0
30,8993,596.0
30,9009,596.0
30,9027,596.0
30,9055,603.0
30,9071,603.0
30,9097,634.0
30,9125,634.0
30,9139,634.0
30,9153,634.0
30,9179,634.0
30,9205,634.0
30,9207,634.0
30,9225,634.0
30,9239,634.0
30,9253,653.0
30,9255,653.0
30,9281,653.0
30,9301,653.0
30,9315,653.0
30,9317,653.0
30,9345,653.0
30,9361,654.0
30,9387,654.0
30,9389,654.0
30,9415,654.0
30,9417,654.0
30,9419,654.0
30,9445,654.0
30,9461,654.0
30,9475,654.0
30,9491,654.0
30,9505,654.0
30,9535,654.0
30,9549,654.0
30,9577,657.0
30,9605,657.0
30,9637,657.0
30,9651,657.0
30,9665,657.0
30,9695,657.0
30,9727,657.0
30,9729,657.0
30,9731,657.0
30,9745,657.0
30,9761,657.0
30,9779,657.0
30,9793,657.0
30,9809,657.0
30,9811,657.0
30,9825,659.0
30,9839,659.0
30,9857,659.0
30,9883,659.0
30,9885,659.0
30,9899,659.0
30,9925,659.0
30,9951,659.0
30,9985,659.0
30,10003,659.0
30,10035,659.0
30,10061,659.0
30,10077,659.0
30,10105,660.0
30,10121,660.0
30,10139,660.0
30,10153,660.0
30,10155,660.0
30,10187,660.0
30,10213,660.0
30,10227,660.0
30,10245,660.0
30,10261,660.0
30,10277,660.0
30,10303,660.0
30,10317,660.0
30,10345,660.0
30,10359,660.0
30,10389,660.0
30,10405,660.0
30,10419,660.0
30,10433,660.0
30,10449,660.0
30,10477,660.0
30,10493,660.0
30,10509,660.0
30,10535,660.0
30,10537,660.0
30,10551,660.0
30,10579,660.0
30,10595,660.0
30,10623,660.0
30,10637,660.0
30,10665,660.0
30,10679,660.0
30,10705,667.0
30,10719,667.0
30,10745,667.0
30,10771,667.0
30,10785,667.0
30,10799,670.0
30,10827,675.0
30,10829,675.0
30,10861,675.0
30,10889,675.0
30,10917,675.0
30,10949,675.0
30,10963,675.0
30,10977,675.0
30,10991,675.0
30,11019,675.0
30,11033,675.0
30,11047,675.0
30,11049,675.0
30,11075,675.0
30,11107,675.0
30,11121,675.0
30,11137,675.0
30,11153,675.0
30,11167,675.0
30,11195,678.0
30,11225,678.0
30,11253,678.0
30,11269,678.0
30,11271,678.0
30,11297,678.0
30,11311,678.0
30,11325,678.0
30,11351,678.0
30,11353,678.0
30,11373,678.0
30,11391,678.0
30,11405,678.0
30,11407,678.0
30,11409,678.0
30,11411,678.0
30,11437,678.0
30,11451,678.0
30,11481,678.0
30,11495,678.0
30,11509,678.0
30,11511,678.0
30,11527,678.0
30,11553,678.0
30,11583,678.0
30,11585,678.0
30,11601,678.0
30,11627,678.0
30,11655,678.0
30,11671,678.0
30,11689,678.0
30,11705,678.0
30,11733,678.0
30,11749,678.0
30,11779,678.0
30,11795,678.0
30,11809,678.0
30,11835,678.0
30,11851,678.0
30,11867,678.0
30,11883,678.0
30,11901,678.0
30,11927,678.0
30,11943,678.0
30,11971,678.0
30,11989,678.0
30,12003,682.0
30,12017,682.0
30,12019,682.0
30,12047,682.0
30,12065,682.0
30,12093,682.0
30,12109,682.0
30,12125,682.0
30,12153,682.0
30,12167,682.0
30,12181,682.0
30,12211,682.0
30,12227,682.0
30,12253,682.0
30,12255,682.0
30,12257,682.0
30,12287,682.0
30,12315,682.0
30,12343,682.0
30,12369,683.0
30,12395,683.0
30,12421,683.0
30,12451,683.0
30,12467,683.0
30,12495,683.0
30,12523,683.0
30,12557,683.0
30,12571,683.0
30,12599,683.0
30,12625,683.0
30,12645,683.0
30,12661,683.0
30,12663,683.0
30,12677,683.0
30,12707,683.0
30,12721,683.0
30,12735,683.0
30,12749,683.0
30,12779,683.0
30,12809,683.0
30,12835,683.0
30,12849,683.0
30,12869,683.0
30,12897,683.0
30,12911,683.0
30,12925,683.0
30,12953,683.0
30,12979,683.0
30,13005,683.0
30,13037,683.0
30,13063,683.0
30,13077,683.0
30,13105,683.0
30,13123,683.0
30,13149,683.0
30,13167,683.0
30,13181,683.0
30,13207,683.0
30,13233,683.0
30,13235,683.0
30,13265,683.0
30,13291,683.0
30,13305,683.0
30,13307,683.0
30,13337,683.0
30,13339,683.0
30,13371,683.0
30,13397,683.0
30,13411,683.0
30,13429,683.0
30,13443,683.0
30,13445,683.0
30,13471,683.0
30,13487,683.0
30,13501,683.0
30,13521,683.0
30,13535,683.0
30,13563,683.0
30,13577,683.0
30,13605,683.0
30,13621,683.0
30,13635,683.0
30,13661,683.0
30,13675,683.0
30,13701,683.0
30,13731,683.0
30,13761,683.0
30,13775,683.0
30,13789,683.0
30,13819,683.0
30,13821,683.0
30,13835,683.0
30,13861,683.0
30,13877,683.0
30,13903,683.0
30,13917,683.0
30,13945,683.0
30,13975,683.0
30,14003,683.0
30,14031,683.0
30,14057,683.0
30,14071,683.0
30,14103,683.0
30,14105,683.0
30,14107,683.0
30,14133,683.0
30,14147,683.0
30,14161,683.0
30,14189,683.0
30,14191,683.0
30,14225,683.0
30,14227,683.0
30,14229,683.0
30,14257,683.0
30,14283,683.0
30,14297,683.0
30,14323,683.0
30,14349,683.0
30,14351,683.0
30,14365,683.0
30,14385,683.0
30,14399,683.0
30,14427,683.0
30,14453,683.0
30,14485,683.0
30,14515,683.0
30,14531,683.0
30,14559,683.0
30,14585,683.0
30,14587,683.0
30,14601,683.0
30,14629,683.0
30,14657,683.0
30,14671,683.0
30,14685,683.0
30,14701,683.0
30,14733,683.0
30,14735,683.0
30,14761,683.0
30,14789,683.0
30,14803,683.0
30,14817,683.0
30,14831,683.0
30,14863,683.0
30,14889,683.0
30,14903,683.0
30,14917,683.0
30,14945,683.0
30,14961,683.0
30,14977,683.0
30,15003,683.0
30,15017,683.0
30,15049,683.0
30,15077,683.0
30,15105,683.0
30,15123,683.0
30,15151,683.0
30,15171,683.0
30,15185,683.0
30,15199,683.0
30,15227,683.0
30,15243,683.0
30,15245,683.0
30,15259,683.0
30,15289,683.0
30,15319,683.0
30,15347,683.0
30,15349,683.0
30,15379,683.0
30,15393,683.0
30,15407,683.0
30,15421,683.0
30,15423,683.0
30,15425,683.0
30,15441,683.0
30,15455,683.0
30,15469,683.0
30,15487,683.0
30,15513,683.0
30,15529,683.0
30,15545,683.0
30,15559,683.0
30,15593,683.0
30,15607,683.0
30,15635,683.0
30,15653,683.0
30,15685,683.0
30,15701,683.0
30,15727,683.0
30,15741,683.0
30,15767,683.0
30,15769,683.0
30,15795,683.0
30,15797,683.0
30,15799,683.0
30,15813,683.0
30,15841,683.0
30,15855,683.0
30,15857,683.0
30,15859,683.0
30,15875,683.0
30,15907,683.0
30,15909,683.0
30,15923,683.0
30,15939,683.0
30,15965,683.0
30,15979,683.0
30,16005,688.0
30,16023,688.0
30,16039,688.0
30,16053,688.0
30,16071,688.0
30,16097,688.0
30,16111,688.0
30,16127,688.0
30,16155,688.0
30,16157,688.0
30,16171,688.0
30,16173,688.0
30,16187,688.0
30,16205,688.0
30,16207,688.0
30,16221,688.0
30,16223,688.0
30,16249,688.0
30,16251,688.0
30,16277,688.0
30,16295,688.0
30,16323,688.0
30,16353,688.0
30,16387,688.0
30,16413,688.0
30,16439,688.0
30,16453,688.0
30,16467,688.0
30,16481,688.0
30,16495,688.0
30,16497,688.0
30,16511,688.0
30,16539,688.0
30,16555,688.0
30,16571,688.0
30,16585,688.0
30,16601,688.0
30,16627,688.0
30,16629,688.0
30,16643,688.0
30,16657,688.0
30,16659,688.0
30,16687,688.0
30,16701,688.0
30,16715,688.0
30,16729,688.0
30,16743,688.0
30,16759,688.0
30,16773,688.0
30,16791,688.0
30,16805,688.0
30,16819,688.0
30,16849,688.0
30,16863,688.0
30,16889,688.0
30,16903,688.0
30,16929,688.0
30,16945,688.0
30,16971,688.0
30,16973,688.0
30,16991,688.0
30,17007,688.0
30,17039,688.0
30,17055,688.0
30,17057,688.0
30,17075,688.0
30,17089,688.0
30,17091,688.0
30,17105,688.0
30,17107,688.0
30,17141,688.0
30,17169,688.0
30,17199,688.0
30,17213,688.0
30,17227,688.0
30,17255,688.0
30,17269,688.0
30,17301,688.0
30,17327,688.0
30,17359,688.0
30,17373,688.0
30,17401,688.0
30,17433,688.0
30,17435,688.0
30,17461,688.0
30,17475,688.0
30,17477,688.0
30,17495,688.0
30,17509,688.0
30,17523,688.0
30,17525,688.0
