evaluations raw_y
1 -282620.1000000000
2 -263989.1000000000
16 -263684.1000000000
29 -260517.1000000000
30 -251795.1000000000
33 -243772.1000000000
50 -238866.1000000000
59 -235969.1000000000
67 -235872.1000000000
74 -231837.1000000000
100 -230610.1000000000
104 -230583.1000000000
105 -230305.1000000000
108 -223947.1000000000
134 -222123.1000000000
137 -221043.1000000000
146 -220184.1000000000
151 -219606.1000000000
159 -219571.1000000000
161 -218401.1000000000
165 -216410.1000000000
178 -214158.1000000000
191 -212478.1000000000
202 -212439.1000000000
217 -209935.1000000000
220 -208522.1000000000
224 -207901.1000000000
241 -207693.1000000000
242 -207135.1000000000
252 -206499.1000000000
269 -206465.1000000000
270 -205495.1000000000
297 -204831.1000000000
301 -204584.1000000000
307 -203878.1000000000
312 -200285.1000000000
344 -199131.1000000000
359 -197770.1000000000
367 -197277.1000000000
380 -197166.1000000000
384 -197042.1000000000
385 -195606.1000000000
388 -194044.1000000000
400 -193488.1000000000
405 -193011.1000000000
421 -191819.1000000000
443 -191447.1000000000
455 -191245.1000000000
462 -190273.1000000000
476 -189653.1000000000
489 -188373.1000000000
490 -188367.1000000000
492 -188151.1000000000
500 -188145.1000000000
533 -187518.1000000000
537 -186474.1000000000
543 -186444.1000000000
551 -185559.1000000000
559 -183997.1000000000
566 -183467.1000000000
570 -183100.1000000000
571 -182448.1000000000
572 -182192.1000000000
595 -182081.1000000000
620 -180840.1000000000
631 -178360.1000000000
650 -178282.1000000000
651 -178275.1000000000
656 -176986.1000000000
669 -176022.1000000000
687 -175570.1000000000
725 -175180.1000000000
739 -174747.1000000000
751 -174689.1000000000
755 -174610.1000000000
767 -174413.1000000000
769 -173866.1000000000
791 -173476.1000000000
827 -171790.1000000000
836 -169834.1000000000
852 -169708.1000000000
863 -169083.1000000000
875 -168736.1000000000
880 -168179.1000000000
882 -166208.1000000000
888 -164988.1000000000
895 -164740.1000000000
909 -164265.1000000000
928 -163542.1000000000
938 -163181.1000000000
973 -162436.1000000000
974 -161676.1000000000
986 -161582.1000000000
987 -160673.1000000000
1018 -160131.1000000000
1021 -160004.1000000000
1022 26308.9531038212
1029 26474.6159083230
1217 26568.3865655747
1256 26874.3226337575
1261 26962.9378254937
1270 27067.4832129472
1272 27186.8828322877
1383 27427.4268003003
1412 28065.3675994001
1551 28174.0195840970
1649 28273.9507395131
1763 28650.1665034977
1847 28752.8033428609
2205 28855.1268254376
3103 28913.2622063626
3140 28923.1815894900
3220 29171.3059951504
3591 29180.5957219319
4095 29289.5845546605
4997 29338.3154577810
5071 29356.6114249313
5107 29602.0585655026
5202 29730.3965836307
5234 29854.0438177382
6824 30005.4426515194
6976 30302.5649331060
8433 30324.7846567406
8471 30397.2665725968
8566 30407.2980082498
8571 30513.2784853121
8602 30799.9477723947
8701 30955.1874675571
8909 30976.6403875600
9238 31058.8515339007
10010 -160304.1000000000
evaluations raw_y
1 -265343.1000000000
13 -256742.1000000000
17 -256149.1000000000
30 -245874.1000000000
55 -245668.1000000000
56 -239143.1000000000
65 -237946.1000000000
66 -237089.1000000000
68 -236591.1000000000
73 -236223.1000000000
77 -235794.1000000000
84 -235563.1000000000
87 -233624.1000000000
93 -233594.1000000000
96 -233587.1000000000
97 -232971.1000000000
107 -232065.1000000000
110 -231933.1000000000
117 -230945.1000000000
134 -230798.1000000000
150 -229866.1000000000
156 -229765.1000000000
158 -228823.1000000000
171 -228364.1000000000
178 -228319.1000000000
188 -225427.1000000000
196 -225371.1000000000
199 -224117.1000000000
206 -223072.1000000000
230 -217790.1000000000
256 -217508.1000000000
259 -217260.1000000000
277 -216636.1000000000
281 -215888.1000000000
286 -213096.1000000000
312 -212345.1000000000
333 -210092.1000000000
344 -209341.1000000000
358 -209275.1000000000
374 -209134.1000000000
385 -208713.1000000000
395 -208651.1000000000
400 -208572.1000000000
406 -207704.1000000000
414 -207677.1000000000
419 -206051.1000000000
433 -205573.1000000000
435 -205108.1000000000
449 -204012.1000000000
463 -203944.1000000000
466 -202112.1000000000
491 -200822.1000000000
506 -200816.1000000000
519 -198369.1000000000
539 -197677.1000000000
574 -196926.1000000000
591 -196864.1000000000
594 -195748.1000000000
607 -195113.1000000000
628 -193775.1000000000
639 -192887.1000000000
643 -192484.1000000000
650 -192390.1000000000
664 -190982.1000000000
679 -190888.1000000000
691 -190592.1000000000
704 -190282.1000000000
730 -189090.1000000000
735 -188866.1000000000
756 -188043.1000000000
762 -187966.1000000000
765 -186541.1000000000
801 -183551.1000000000
816 -183472.1000000000
818 -183095.1000000000
828 -182617.1000000000
854 -182169.1000000000
855 -182027.1000000000
863 -181394.1000000000
870 -181283.1000000000
891 -181081.1000000000
905 -181046.1000000000
923 -180855.1000000000
928 -180820.1000000000
934 -180509.1000000000
960 -180361.1000000000
961 -180298.1000000000
963 -180050.1000000000
966 -179824.1000000000
967 -179488.1000000000
994 -179262.1000000000
1027 -178262.1000000000
1036 -177710.1000000000
1043 -176959.1000000000
1047 -176644.1000000000
1049 -176371.1000000000
1055 -175681.1000000000
1057 -175567.1000000000
1060 -175235.1000000000
1064 -174420.1000000000
1089 -174373.1000000000
1115 -172912.1000000000
1120 -171646.1000000000
1134 -169164.1000000000
1140 -168587.1000000000
1148 -168369.1000000000
1151 -167898.1000000000
1187 -166482.1000000000
1217 -166260.1000000000
1252 -165659.1000000000
1254 -164602.1000000000
1283 -164014.1000000000
1325 -163826.1000000000
1327 -163628.1000000000
1337 -163340.1000000000
1372 -162534.1000000000
1416 -162126.1000000000
1482 -160642.1000000000
1510 25106.0636002939
1528 25374.5567141477
1545 25719.5815331254
1546 25866.9250275914
1562 25927.8113822647
1567 26084.4833634435
1583 26399.2502620602
1641 26522.5545599918
1663 26672.5390965795
1668 26812.7394163910
1736 27062.3475746063
2039 27262.9389185922
2377 27664.1207297036
2569 27859.1199986447
2598 27864.7111244922
2772 28059.7166340769
2977 28170.2115266628
3367 28339.8707672115
4733 28575.7358033854
4862 28679.0470082628
7771 28695.4276912074
8022 28784.4788531007
8035 28888.5273994119
8358 29006.9361052379
8441 29095.9191254974
10010 -161092.1000000000
evaluations raw_y
1 -261157.1000000000
27 -255961.1000000000
32 -252368.1000000000
37 -251055.1000000000
43 -247987.1000000000
48 -245429.1000000000
52 -237094.1000000000
67 -234980.1000000000
72 -234523.1000000000
75 -232058.1000000000
82 -229506.1000000000
90 -228847.1000000000
95 -228841.1000000000
96 -227097.1000000000
100 -223321.1000000000
130 -223156.1000000000
132 -222553.1000000000
133 -222459.1000000000
134 -221445.1000000000
155 -220669.1000000000
160 -219933.1000000000
176 -219510.1000000000
181 -219346.1000000000
185 -218115.1000000000
190 -216482.1000000000
201 -216111.1000000000
218 -215431.1000000000
226 -214559.1000000000
228 -214151.1000000000
241 -211241.1000000000
262 -210111.1000000000
265 -209625.1000000000
267 -208563.1000000000
273 -208464.1000000000
278 -207736.1000000000
293 -203339.1000000000
306 -202699.1000000000
334 -202695.1000000000
337 -202327.1000000000
348 -202267.1000000000
350 -202162.1000000000
362 -200839.1000000000
375 -200294.1000000000
384 -199250.1000000000
393 -199039.1000000000
400 -197851.1000000000
404 -197125.1000000000
429 -197123.1000000000
431 -195899.1000000000
450 -195787.1000000000
462 -195266.1000000000
467 -193856.1000000000
480 -191902.1000000000
511 -191790.1000000000
513 -190612.1000000000
519 -190495.1000000000
556 -189750.1000000000
560 -189672.1000000000
573 -189266.1000000000
576 -189089.1000000000
585 -188314.1000000000
591 -188110.1000000000
593 -187089.1000000000
594 -187085.1000000000
595 -186728.1000000000
607 -185953.1000000000
614 -185861.1000000000
620 -184958.1000000000
625 -184954.1000000000
630 -184858.1000000000
633 -184498.1000000000
642 -182959.1000000000
655 -182137.1000000000
667 -182038.1000000000
687 -181268.1000000000
715 -181037.1000000000
735 -179465.1000000000
736 -179305.1000000000
737 -178852.1000000000
754 -177491.1000000000
798 -177473.1000000000
799 -176653.1000000000
804 -176498.1000000000
824 -176296.1000000000
839 -176053.1000000000
842 -175576.1000000000
844 -174702.1000000000
854 -174567.1000000000
876 -174312.1000000000
877 -173748.1000000000
878 -173693.1000000000
881 -173560.1000000000
887 -171152.1000000000
893 -170458.1000000000
912 -169683.1000000000
963 -169669.1000000000
974 -168657.1000000000
999 -168012.1000000000
1075 -166566.1000000000
1139 -166094.1000000000
1154 -165764.1000000000
1172 -165475.1000000000
1181 -165413.1000000000
1183 -162833.1000000000
1204 -162506.1000000000
1208 -161245.1000000000
1219 -160308.1000000000
1255 -160287.1000000000
1259 -160066.1000000000
1268 26492.8306390441
1311 26723.7671502010
1490 26923.9371022905
1711 27026.3229975697
2059 27381.9053395911
2135 27905.8394523389
2346 28012.7487512922
2804 28199.3766775793
2834 28329.8609377206
2879 28471.8354583161
3248 28578.9441476924
6138 28636.0995680322
6760 28758.5830464893
7214 28762.8070488905
8183 28777.6040875541
8449 28944.9212371341
8650 28969.5133852326
9054 29057.2353656512
9173 29216.0095550045
9248 29346.3350847534
10010 -162887.1000000000
evaluations raw_y
1 -262810.1000000000
13 -260867.1000000000
30 -254974.1000000000
33 -248684.1000000000
38 -245630.1000000000
40 -239789.1000000000
43 -238404.1000000000
53 -237675.1000000000
60 -236792.1000000000
63 -236741.1000000000
69 -234389.1000000000
72 -233658.1000000000
78 -232868.1000000000
80 -225595.1000000000
97 -224593.1000000000
110 -223689.1000000000
113 -223383.1000000000
114 -222167.1000000000
124 -222118.1000000000
127 -219909.1000000000
151 -219472.1000000000
154 -218106.1000000000
165 -216912.1000000000
178 -216619.1000000000
183 -216523.1000000000
190 -216397.1000000000
194 -215272.1000000000
196 -215024.1000000000
210 -214118.1000000000
212 -211900.1000000000
237 -211772.1000000000
251 -211039.1000000000
258 -209849.1000000000
259 -209375.1000000000
264 -208962.1000000000
283 -207682.1000000000
286 -207188.1000000000
308 -205838.1000000000
316 -205694.1000000000
321 -204923.1000000000
322 -203858.1000000000
360 -203494.1000000000
361 -203090.1000000000
371 -202258.1000000000
379 -202241.1000000000
397 -199678.1000000000
405 -199666.1000000000
407 -198405.1000000000
441 -197879.1000000000
456 -197762.1000000000
465 -197587.1000000000
466 -197275.1000000000
476 -196995.1000000000
480 -195608.1000000000
485 -194454.1000000000
497 -192837.1000000000
502 -191478.1000000000
521 -191059.1000000000
535 -190649.1000000000
548 -190186.1000000000
563 -189963.1000000000
568 -189763.1000000000
591 -187635.1000000000
598 -186702.1000000000
615 -186502.1000000000
654 -185276.1000000000
674 -184523.1000000000
704 -183850.1000000000
723 -183749.1000000000
729 -183484.1000000000
736 -183075.1000000000
748 -181897.1000000000
759 -179943.1000000000
783 -178069.1000000000
820 -176735.1000000000
830 -176090.1000000000
858 -175978.1000000000
860 -173498.1000000000
876 -173383.1000000000
887 -173106.1000000000
888 -172709.1000000000
902 -172461.1000000000
909 -171871.1000000000
942 -171627.1000000000
999 -170883.1000000000
1012 -170057.1000000000
1014 -167111.1000000000
1026 -166422.1000000000
1031 -166351.1000000000
1032 -165541.1000000000
1060 -164987.1000000000
1069 -164597.1000000000
1082 -164117.1000000000
1090 -162943.1000000000
1121 -162741.1000000000
1124 -162123.1000000000
1163 -162076.1000000000
1166 -161921.1000000000
1183 -161874.1000000000
1186 -161286.1000000000
1190 -160984.1000000000
1220 -160937.1000000000
1235 -160371.1000000000
1239 -160349.1000000000
1249 25777.1989678374
1250 25808.5781621422
1252 25866.5544000478
1285 25983.4533986195
1305 26115.6185089242
1306 26194.0479258148
1323 26244.7253895554
1365 26386.7542913200
1385 26433.4876716885
1390 26630.2113740890
1423 26749.1553098853
1430 26954.1306779887
1514 26988.7787700265
1531 27079.7101083238
1680 27101.0057006208
1722 27194.1781469660
1744 27219.3292157862
1758 27323.0073049091
1761 27370.1093580013
1807 27427.4605421511
2044 27658.5494859510
2077 27694.8225323965
2313 27757.8029123475
2377 27766.6041177156
2420 27875.4944860690
2440 27966.6129152822
2452 27980.3004014884
2459 28294.8023791723
2493 28494.0651003714
2828 28553.5040811405
2868 29042.8188312646
2898 29055.3652591182
2908 29155.1218226215
2934 29229.9758032946
2961 29373.2067579968
2967 29684.7249730001
2998 29769.8922592912
3126 29779.7426975301
3146 29882.0966590624
3802 30019.3199214698
3822 30244.2321473637
3954 30356.6606501493
4593 30622.4445644260
4632 30642.7152004010
4693 30679.5458463795
5020 30790.0529839608
5372 30833.6663766706
8906 30888.5590407391
9166 30996.1819767712
9505 31121.6810112579
10010 31121.6810112579
evaluations raw_y
1 -276393.1000000000
2 -272556.1000000000
3 -269306.1000000000
9 -258372.1000000000
16 -255623.1000000000
22 -254329.1000000000
31 -245370.1000000000
42 -242838.1000000000
55 -242831.1000000000
57 -242313.1000000000
61 -239517.1000000000
66 -238628.1000000000
69 -235970.1000000000
80 -234602.1000000000
81 -233196.1000000000
82 -231060.1000000000
96 -229551.1000000000
103 -228507.1000000000
111 -228470.1000000000
113 -228373.1000000000
117 -227879.1000000000
124 -227286.1000000000
135 -226579.1000000000
141 -226541.1000000000
149 -226469.1000000000
152 -226267.1000000000
160 -225645.1000000000
167 -225264.1000000000
172 -223458.1000000000
181 -223048.1000000000
197 -222969.1000000000
199 -221949.1000000000
207 -221810.1000000000
214 -221148.1000000000
218 -219435.1000000000
245 -218798.1000000000
257 -218437.1000000000
267 -218076.1000000000
278 -217877.1000000000
287 -217843.1000000000
297 -217624.1000000000
300 -217540.1000000000
301 -216920.1000000000
307 -216585.1000000000
310 -215999.1000000000
316 -215530.1000000000
321 -215065.1000000000
329 -214822.1000000000
346 -213568.1000000000
347 -213282.1000000000
373 -213111.1000000000
378 -211494.1000000000
386 -210865.1000000000
391 -210830.1000000000
396 -210309.1000000000
402 -209576.1000000000
412 -209111.1000000000
419 -207857.1000000000
428 -205011.1000000000
441 -204971.1000000000
450 -204034.1000000000
456 -203444.1000000000
467 -201588.1000000000
480 -201480.1000000000
486 -200736.1000000000
487 -200543.1000000000
494 -200293.1000000000
497 -199643.1000000000
519 -199543.1000000000
521 -199169.1000000000
522 -195323.1000000000
544 -195096.1000000000
555 -195073.1000000000
568 -194426.1000000000
572 -194373.1000000000
574 -194174.1000000000
576 -193745.1000000000
579 -193225.1000000000
581 -192597.1000000000
597 -192314.1000000000
613 -192235.1000000000
622 -191975.1000000000
629 -191523.1000000000
643 -191438.1000000000
649 -191225.1000000000
662 -190896.1000000000
671 -189949.1000000000
681 -188873.1000000000
692 -188397.1000000000
698 -187926.1000000000
710 -187879.1000000000
733 -187349.1000000000
752 -185745.1000000000
781 -185208.1000000000
801 -183227.1000000000
804 -182452.1000000000
817 -182036.1000000000
837 -181836.1000000000
858 -180534.1000000000
877 -179690.1000000000
889 -179000.1000000000
907 -178512.1000000000
917 -177981.1000000000
918 -177877.1000000000
924 -177389.1000000000
937 -177159.1000000000
941 -176817.1000000000
944 -176699.1000000000
962 -175811.1000000000
972 -175727.1000000000
973 -174839.1000000000
1002 -173965.1000000000
1005 -173077.1000000000
1102 -172795.1000000000
1176 -171997.1000000000
1188 -171647.1000000000
1207 -171443.1000000000
1222 -170525.1000000000
1229 -169997.1000000000
1237 -169793.1000000000
1242 -167685.1000000000
1246 -167459.1000000000
1259 -167218.1000000000
1269 -166992.1000000000
1272 -166738.1000000000
1279 -166544.1000000000
1281 -166389.1000000000
1310 -166064.1000000000
1330 -165759.1000000000
1332 -165715.1000000000
1346 -165709.1000000000
1362 -165468.1000000000
1378 -165280.1000000000
1381 -164540.1000000000
1407 -164368.1000000000
1458 -164146.1000000000
1461 -163960.1000000000
1464 -163924.1000000000
1469 -162848.1000000000
1485 -162404.1000000000
1504 -161640.1000000000
1515 -161478.1000000000
1518 -161230.1000000000
1534 -160822.1000000000
1540 -160786.1000000000
1542 -160378.1000000000
1553 25744.6879272686
1626 25941.9342042538
1630 26033.5465360171
1699 26138.6373949795
1772 26223.0922905377
1801 26302.2826593328
1807 26402.9109666787
1816 26496.1150108964
1885 26695.5547685461
2614 27032.7387710012
2667 27257.4550511497
2676 27661.9017227621
2707 27703.9571718397
2770 27739.6746451332
2909 27848.7004554869
2940 27989.3597423350
2949 28041.6146998801
3153 28159.3314852943
3763 28462.6389158811
3827 28710.8116688361
3972 28851.4929132253
4261 28909.8078852985
4324 29043.0958987876
4474 29134.1082604670
5555 29492.4528234005
5753 29621.2732454521
5768 29624.4176972540
6385 29879.8320917830
6418 30671.2492150429
6537 30815.3485972441
7221 30826.3432687768
7622 31044.1617754089
10010 31044.1617754089
evaluations raw_y
1 -279793.1000000000
2 -262827.1000000000
20 -253167.1000000000
33 -252237.1000000000
40 -248308.1000000000
45 -247426.1000000000
57 -246621.1000000000
61 -246518.1000000000
65 -246335.1000000000
67 -244970.1000000000
70 -243565.1000000000
73 -243538.1000000000
76 -234142.1000000000
97 -233680.1000000000
98 -231002.1000000000
105 -225361.1000000000
129 -223347.1000000000
135 -223183.1000000000
138 -222138.1000000000
140 -220474.1000000000
150 -220209.1000000000
158 -219978.1000000000
160 -218963.1000000000
161 -217732.1000000000
174 -216821.1000000000
186 -216717.1000000000
187 -216478.1000000000
188 -216216.1000000000
196 -215565.1000000000
201 -215499.1000000000
202 -214739.1000000000
223 -213628.1000000000
251 -213140.1000000000
273 -211500.1000000000
290 -211397.1000000000
305 -210063.1000000000
332 -209444.1000000000
333 -208886.1000000000
336 -208676.1000000000
351 -207439.1000000000
354 -207188.1000000000
366 -206448.1000000000
381 -204145.1000000000
383 -203141.1000000000
386 -203139.1000000000
398 -202520.1000000000
400 -202437.1000000000
404 -201950.1000000000
412 -201697.1000000000
417 -201210.1000000000
426 -200596.1000000000
436 -198147.1000000000
445 -197462.1000000000
461 -197348.1000000000
468 -197106.1000000000
471 -196672.1000000000
478 -195240.1000000000
485 -192304.1000000000
506 -192182.1000000000
507 -190542.1000000000
511 -190186.1000000000
531 -190152.1000000000
532 -189905.1000000000
558 -188727.1000000000
583 -188390.1000000000
587 -188183.1000000000
598 -187846.1000000000
601 -187602.1000000000
605 -187208.1000000000
609 -186944.1000000000
624 -186282.1000000000
638 -185853.1000000000
642 -184763.1000000000
653 -184518.1000000000
656 -184361.1000000000
659 -183261.1000000000
663 -183171.1000000000
669 -180652.1000000000
686 -180279.1000000000
688 -180039.1000000000
697 -179343.1000000000
708 -179196.1000000000
714 -177740.1000000000
716 -176937.1000000000
729 -176737.1000000000
744 -175948.1000000000
772 -175745.1000000000
781 -175379.1000000000
790 -174927.1000000000
817 -174896.1000000000
835 -174622.1000000000
866 -173919.1000000000
891 -172411.1000000000
911 -171563.1000000000
926 -170373.1000000000
931 -169928.1000000000
936 -169238.1000000000
946 -169127.1000000000
955 -168606.1000000000
966 -167939.1000000000
971 -167874.1000000000
979 -167858.1000000000
991 -167088.1000000000
1022 -166649.1000000000
1029 -165704.1000000000
1041 -164906.1000000000
1045 -164875.1000000000
1060 -164580.1000000000
1072 -162419.1000000000
1097 -161115.1000000000
1103 -160280.1000000000
1110 25911.3296381102
1210 25967.6099025862
1306 26056.1057985306
1406 26200.5641537170
1410 26265.4715801616
1431 26407.1338721848
1692 26508.9318038854
1741 26786.0044674728
1832 26948.8617698960
2042 27052.9208568416
2498 27152.9762373111
2870 27278.2883931895
2940 27406.1313548331
3221 27459.0752707230
3240 27519.3908761078
3241 27601.4892844651
3281 27624.8684539237
3384 28025.1707754841
3543 28051.1403445685
3559 28059.7170641079
3589 28195.3080567499
3884 28222.2654968247
3946 28465.2818586787
3977 28526.1912488928
3982 28605.3820224434
4001 28620.0166930250
4114 28717.7142291593
4311 28846.0082330734
4430 28977.1541444103
5360 29095.2507543161
5418 29098.5742147338
7921 29188.2493401589
7936 29333.6520343471
8964 29465.5717263886
9073 29592.7701836968
9184 29601.2840505785
9187 29801.5281898089
9211 29836.5827539144
9313 29965.9939994258
9579 30090.4209320583
10010 30090.4209320583
evaluations raw_y
1 -268478.1000000000
2 -268288.1000000000
4 -264086.1000000000
26 -258342.1000000000
40 -252836.1000000000
42 -244597.1000000000
50 -244129.1000000000
58 -238870.1000000000
71 -235879.1000000000
79 -234628.1000000000
84 -233781.1000000000
85 -231018.1000000000
96 -227872.1000000000
117 -227730.1000000000
125 -227496.1000000000
131 -227425.1000000000
139 -226551.1000000000
152 -226159.1000000000
153 -226101.1000000000
157 -225534.1000000000
171 -224825.1000000000
199 -223742.1000000000
221 -223033.1000000000
222 -221273.1000000000
230 -216990.1000000000
247 -216932.1000000000
252 -216634.1000000000
256 -216584.1000000000
258 -213404.1000000000
268 -213369.1000000000
272 -213211.1000000000
287 -211293.1000000000
299 -211182.1000000000
320 -210321.1000000000
336 -209895.1000000000
343 -209205.1000000000
347 -209177.1000000000
348 -208284.1000000000
356 -208001.1000000000
360 -207311.1000000000
363 -207136.1000000000
372 -206390.1000000000
378 -206354.1000000000
381 -205614.1000000000
385 -205100.1000000000
388 -204248.1000000000
389 -203807.1000000000
407 -203791.1000000000
412 -203351.1000000000
428 -203245.1000000000
439 -203229.1000000000
440 -203069.1000000000
441 -202591.1000000000
447 -202352.1000000000
448 -200992.1000000000
459 -200145.1000000000
471 -200018.1000000000
477 -197849.1000000000
488 -197765.1000000000
498 -197749.1000000000
507 -197026.1000000000
516 -196822.1000000000
517 -196052.1000000000
540 -194790.1000000000
541 -194773.1000000000
555 -194632.1000000000
558 -194610.1000000000
563 -194469.1000000000
564 -194061.1000000000
565 -193411.1000000000
567 -193044.1000000000
577 -192269.1000000000
599 -192007.1000000000
610 -191803.1000000000
656 -191577.1000000000
660 -190319.1000000000
675 -189923.1000000000
691 -189891.1000000000
709 -189701.1000000000
710 -187721.1000000000
717 -187638.1000000000
720 -187499.1000000000
739 -186319.1000000000
760 -186072.1000000000
763 -185855.1000000000
765 -185664.1000000000
775 -185386.1000000000
779 -184362.1000000000
780 -183927.1000000000
794 -183243.1000000000
815 -183241.1000000000
819 -183141.1000000000
828 -182687.1000000000
839 -182528.1000000000
844 -182513.1000000000
848 -182126.1000000000
856 -182026.1000000000
862 -181906.1000000000
874 -181744.1000000000
879 -181266.1000000000
897 -180996.1000000000
912 -180607.1000000000
923 -179763.1000000000
932 -179708.1000000000
936 -179698.1000000000
939 -178290.1000000000
965 -178217.1000000000
966 -177995.1000000000
969 -177994.1000000000
981 -177480.1000000000
1018 -176151.1000000000
1038 -175636.1000000000
1053 -175617.1000000000
1060 -175495.1000000000
1062 -174680.1000000000
1075 -174668.1000000000
1096 -174258.1000000000
1116 -173836.1000000000
1122 -173643.1000000000
1129 -173127.1000000000
1146 -172972.1000000000
1168 -172878.1000000000
1188 -172860.1000000000
1191 -172690.1000000000
1193 -172446.1000000000
1206 -172367.1000000000
1207 -171103.1000000000
1213 -170859.1000000000
1230 -170228.1000000000
1235 -170129.1000000000
1241 -170096.1000000000
1242 -169885.1000000000
1252 -169122.1000000000
1259 -168083.1000000000
1282 -167836.1000000000
1316 -165932.1000000000
1418 -165930.1000000000
1427 -165116.1000000000
1434 -165114.1000000000
1443 -164651.1000000000
1453 -164145.1000000000
1464 -163984.1000000000
1486 -163042.1000000000
1514 -162906.1000000000
1515 -162498.1000000000
1521 -162094.1000000000
1538 -162032.1000000000
1571 -160846.1000000000
1604 24509.8267883016
1629 24567.8759301520
1631 24787.8227448178
1642 26198.1877044266
1645 26410.5191939815
1707 26497.5698449296
1715 26710.4919805715
2273 26910.7266617643
3235 26954.9900677126
3367 27097.9880937182
3387 27166.6857846896
3390 27207.5843632938
3425 27462.7661370499
3934 27466.4586282413
4088 27598.0566273981
4865 27893.5191663031
5662 27922.0706600908
5985 27923.2237693754
6068 28230.8609499317
6136 28362.7975850794
6317 28493.7497101328
7134 28693.3673753022
7232 28785.3785311407
7268 28899.6720603410
7270 28926.4522230048
7304 29039.0428975923
7624 29406.0931875779
7705 29577.4145706838
9760 29843.0054580123
9811 29916.0053503447
10010 29916.0053503447
evaluations raw_y
1 -275282.1000000000
4 -261364.1000000000
20 -255518.1000000000
21 -255189.1000000000
31 -250598.1000000000
35 -247332.1000000000
50 -246973.1000000000
55 -245923.1000000000
58 -236353.1000000000
69 -233529.1000000000
79 -232656.1000000000
80 -228420.1000000000
98 -225825.1000000000
105 -225031.1000000000
111 -224838.1000000000
112 -221576.1000000000
116 -220643.1000000000
124 -219942.1000000000
127 -219540.1000000000
130 -218442.1000000000
162 -218349.1000000000
163 -218128.1000000000
167 -218109.1000000000
189 -217132.1000000000
195 -216748.1000000000
211 -215368.1000000000
220 -214739.1000000000
227 -214542.1000000000
235 -214517.1000000000
238 -212385.1000000000
258 -211759.1000000000
261 -211711.1000000000
268 -210936.1000000000
277 -210010.1000000000
303 -209869.1000000000
309 -209418.1000000000
311 -207289.1000000000
321 -206949.1000000000
322 -206463.1000000000
331 -204369.1000000000
367 -203603.1000000000
375 -201151.1000000000
390 -200502.1000000000
391 -199906.1000000000
415 -198264.1000000000
428 -197854.1000000000
446 -197654.1000000000
464 -196520.1000000000
479 -196307.1000000000
485 -196149.1000000000
498 -194479.1000000000
513 -192648.1000000000
517 -191542.1000000000
550 -190914.1000000000
561 -189644.1000000000
575 -188344.1000000000
610 -188156.1000000000
619 -187850.1000000000
636 -187662.1000000000
646 -187568.1000000000
661 -187525.1000000000
674 -187331.1000000000
680 -185567.1000000000
705 -185320.1000000000
725 -185230.1000000000
727 -184608.1000000000
740 -184568.1000000000
751 -184478.1000000000
771 -184179.1000000000
772 -183932.1000000000
783 -183595.1000000000
798 -183519.1000000000
822 -182877.1000000000
849 -182861.1000000000
853 -180763.1000000000
871 -180283.1000000000
873 -179907.1000000000
880 -179848.1000000000
885 -179438.1000000000
887 -178704.1000000000
888 -178680.1000000000
916 -177765.1000000000
922 -177017.1000000000
933 -176722.1000000000
936 -176474.1000000000
939 -176405.1000000000
940 -175958.1000000000
941 -175724.1000000000
948 -175195.1000000000
950 -175104.1000000000
955 -175022.1000000000
958 -172925.1000000000
959 -172126.1000000000
978 -171515.1000000000
989 -170495.1000000000
1000 -170134.1000000000
1006 -169903.1000000000
1026 -169702.1000000000
1038 -169586.1000000000
1042 -168784.1000000000
1055 -168668.1000000000
1065 -168298.1000000000
1084 -167854.1000000000
1093 -167742.1000000000
1111 -167388.1000000000
1123 -166612.1000000000
1159 -165695.1000000000
1169 -164943.1000000000
1180 -164902.1000000000
1185 -164840.1000000000
1189 -164618.1000000000
1250 -163364.1000000000
1272 -163258.1000000000
1273 -163136.1000000000
1284 -162186.1000000000
1288 -161564.1000000000
1295 -161505.1000000000
1306 -161386.1000000000
1310 -161021.1000000000
1332 -160824.1000000000
1334 24752.2262567814
1346 24938.3934746849
1366 25027.4114388770
1385 25151.5235815187
1391 25202.8069451865
1473 25326.9462507764
1500 25360.9161404093
1615 25461.7683667143
1718 25661.6990729154
1811 25762.1691131742
2505 25942.6173083158
3787 26043.8945227385
4278 26143.8313886338
4636 26403.4057689762
4749 26513.1928181474
4760 26612.2248541041
4859 26719.8786832658
4904 26841.8100165068
5045 26975.9829614425
5059 27126.2667267148
5097 27235.8241441431
5860 27239.9152745695
5917 27376.4233106995
5974 27513.3828561931
6043 27620.6740360655
6813 27717.4416421726
7700 27946.4998808974
7776 28068.1865403340
7798 28102.6197848334
7837 28147.8667050198
7891 28423.5507845740
7897 28505.4832251456
7935 28597.4502135051
8144 28717.1557976680
8268 28718.7380187840
8295 28963.2119494491
8320 29283.0788649895
8454 29287.2939822415
9843 29348.0856192623
10010 29348.0856192623
evaluations raw_y
1 -273184.1000000000
2 -266807.1000000000
10 -262922.1000000000
12 -257918.1000000000
25 -256573.1000000000
32 -252736.1000000000
45 -250464.1000000000
55 -248182.1000000000
63 -247191.1000000000
68 -244951.1000000000
71 -244415.1000000000
91 -241791.1000000000
95 -241572.1000000000
97 -240554.1000000000
101 -240464.1000000000
102 -240048.1000000000
116 -239278.1000000000
130 -239102.1000000000
132 -238688.1000000000
133 -237300.1000000000
137 -235383.1000000000
149 -233915.1000000000
156 -233443.1000000000
196 -233387.1000000000
201 -233165.1000000000
207 -232720.1000000000
208 -232232.1000000000
213 -231987.1000000000
220 -228906.1000000000
244 -228853.1000000000
250 -227841.1000000000
270 -223966.1000000000
273 -223478.1000000000
287 -222037.1000000000
302 -219449.1000000000
313 -219375.1000000000
319 -217912.1000000000
327 -217017.1000000000
328 -216736.1000000000
335 -216642.1000000000
339 -216296.1000000000
346 -215895.1000000000
347 -215669.1000000000
349 -215036.1000000000
370 -214796.1000000000
376 -213674.1000000000
378 -213209.1000000000
381 -213061.1000000000
388 -212698.1000000000
399 -212400.1000000000
401 -212252.1000000000
419 -209934.1000000000
423 -209876.1000000000
428 -206826.1000000000
455 -206394.1000000000
457 -206345.1000000000
464 -205978.1000000000
466 -205482.1000000000
487 -205272.1000000000
489 -202013.1000000000
498 -200041.1000000000
512 -199908.1000000000
527 -199828.1000000000
534 -199012.1000000000
539 -198506.1000000000
542 -196892.1000000000
573 -196247.1000000000
588 -195634.1000000000
596 -195479.1000000000
598 -194402.1000000000
610 -193144.1000000000
623 -192744.1000000000
638 -192321.1000000000
657 -191909.1000000000
660 -190413.1000000000
667 -189590.1000000000
685 -188774.1000000000
694 -185949.1000000000
698 -185644.1000000000
701 -185048.1000000000
713 -184996.1000000000
719 -184400.1000000000
730 -183990.1000000000
736 -183398.1000000000
738 -183047.1000000000
745 -182459.1000000000
770 -182141.1000000000
774 -181871.1000000000
776 -181604.1000000000
779 -181424.1000000000
812 -181382.1000000000
823 -181057.1000000000
824 -179401.1000000000
849 -179076.1000000000
864 -179014.1000000000
876 -178795.1000000000
896 -178280.1000000000
898 -177568.1000000000
905 -177102.1000000000
916 -176681.1000000000
921 -175309.1000000000
932 -174789.1000000000
943 -174493.1000000000
965 -174188.1000000000
973 -173973.1000000000
988 -173466.1000000000
1035 -172626.1000000000
1036 -172526.1000000000
1057 -172344.1000000000
1079 -172008.1000000000
1089 -171137.1000000000
1098 -171035.1000000000
1135 -171031.1000000000
1169 -170297.1000000000
1182 -169845.1000000000
1201 -169015.1000000000
1203 -168829.1000000000
1206 -168527.1000000000
1210 -167903.1000000000
1216 -167451.1000000000
1225 -167149.1000000000
1242 -165260.1000000000
1264 -164103.1000000000
1268 -163025.1000000000
1289 -162739.1000000000
1296 -160292.1000000000
1336 24669.0651654219
1352 24794.0858261892
1360 24938.6074384026
1367 25027.4055055367
1374 25055.8969188582
1382 25332.7787567090
1388 25482.2187075226
1439 25907.4118997366
1709 26017.7949360546
2553 26877.8508014162
2624 26945.6661916353
2668 27183.4719815674
2680 27192.7004396415
2689 27268.2314276669
2698 27544.1049065446
2767 27687.1227730048
2849 27787.5301751126
2983 27891.1309176686
3492 28292.7593489654
3579 28493.5711895333
4851 28538.4801965737
4975 28690.3216729731
4986 28709.4437111493
4993 28941.5320700817
5079 29090.0908761537
5631 29222.1301590188
7538 29398.1327549832
7637 29550.8257898657
10010 29550.8257898657
evaluations raw_y
1 -287012.1000000000
3 -282205.1000000000
4 -264050.1000000000
7 -255638.1000000000
27 -250117.1000000000
43 -248896.1000000000
46 -243554.1000000000
48 -240543.1000000000
53 -238212.1000000000
54 -237988.1000000000
61 -236787.1000000000
69 -234910.1000000000
74 -230177.1000000000
84 -230098.1000000000
100 -230059.1000000000
101 -225799.1000000000
116 -225647.1000000000
121 -225535.1000000000
122 -225057.1000000000
125 -223689.1000000000
127 -223355.1000000000
129 -222492.1000000000
135 -222167.1000000000
144 -221549.1000000000
151 -221128.1000000000
159 -218907.1000000000
190 -218758.1000000000
195 -218610.1000000000
196 -218555.1000000000
201 -217796.1000000000
206 -217216.1000000000
208 -215658.1000000000
216 -215064.1000000000
221 -213682.1000000000
226 -213620.1000000000
230 -212504.1000000000
240 -211953.1000000000
249 -211536.1000000000
250 -211004.1000000000
254 -209240.1000000000
274 -207581.1000000000
283 -206942.1000000000
292 -205216.1000000000
293 -204214.1000000000
305 -203145.1000000000
307 -202685.1000000000
317 -201832.1000000000
320 -201423.1000000000
328 -200542.1000000000
348 -199767.1000000000
355 -198826.1000000000
372 -198774.1000000000
378 -198051.1000000000
389 -197997.1000000000
392 -197849.1000000000
397 -197002.1000000000
402 -194770.1000000000
411 -194544.1000000000
415 -193254.1000000000
426 -192419.1000000000
461 -192231.1000000000
469 -192115.1000000000
480 -191526.1000000000
483 -191300.1000000000
486 -190944.1000000000
497 -190577.1000000000
507 -189957.1000000000
509 -189845.1000000000
534 -189657.1000000000
553 -189044.1000000000
559 -188685.1000000000
583 -188474.1000000000
585 -187861.1000000000
598 -186646.1000000000
634 -186561.1000000000
644 -185443.1000000000
656 -185408.1000000000
660 -185218.1000000000
667 -183376.1000000000
674 -183294.1000000000
675 -182969.1000000000
687 -182299.1000000000
694 -181361.1000000000
695 -180389.1000000000
712 -179234.1000000000
715 -178909.1000000000
719 -178388.1000000000
750 -178063.1000000000
760 -176920.1000000000
788 -176595.1000000000
800 -175973.1000000000
802 -175740.1000000000
827 -174911.1000000000
857 -174756.1000000000
867 -173871.1000000000
917 -172945.1000000000
938 -172938.1000000000
939 -172845.1000000000
947 -172838.1000000000
948 -172634.1000000000
983 -171690.1000000000
1016 -170994.1000000000
1036 -170638.1000000000
1065 -169442.1000000000
1116 -168254.1000000000
1128 -168153.1000000000
1156 -167673.1000000000
1193 -167368.1000000000
1199 -167317.1000000000
1208 -167002.1000000000
1255 -164550.1000000000
1295 -164146.1000000000
1299 -163796.1000000000
1314 -163392.1000000000
1330 -161548.1000000000
1331 -160920.1000000000
1373 -160678.1000000000
1406 24969.2714752884
1413 25215.7874864579
1432 25669.9984136172
1476 25870.4932011058
1480 26038.9924267690
1521 26162.0812175482
1537 26248.5825642028
1545 26262.2337479226
1562 26369.9959890530
1644 26475.6005639445
1706 26876.1198225918
1894 26981.4399248911
1927 27083.7690863990
2598 27284.0056459754
3065 27568.9362659864
3340 27707.7241343216
3976 27848.4364706651
4039 28037.8625165820
4859 28131.2809955808
4933 28562.8565699234
7005 28578.1333185748
7048 28709.6640037593
7051 28732.9162397359
7075 28862.0707925014
7560 29007.4967738866
7635 29136.1434033121
7673 29277.3058515747
7980 29410.5775058727
8385 29482.7643193608
8429 29674.6278958093
9044 29754.7826062012
9256 29888.3929145350
10010 29888.3929145350
evaluations raw_y
1 -269403.1000000000
2 -267928.1000000000
4 -266216.1000000000
5 -250609.1000000000
22 -249179.1000000000
27 -248084.1000000000
43 -246506.1000000000
45 -244561.1000000000
48 -241210.1000000000
56 -237626.1000000000
63 -233384.1000000000
80 -230942.1000000000
87 -229356.1000000000
88 -225331.1000000000
93 -224844.1000000000
95 -220103.1000000000
117 -219598.1000000000
124 -219273.1000000000
136 -219058.1000000000
151 -218518.1000000000
158 -218379.1000000000
161 -217854.1000000000
164 -217345.1000000000
183 -214709.1000000000
199 -214335.1000000000
201 -214050.1000000000
202 -212959.1000000000
213 -212629.1000000000
220 -211895.1000000000
232 -211733.1000000000
238 -211655.1000000000
241 -211497.1000000000
243 -209087.1000000000
272 -209056.1000000000
285 -208677.1000000000
299 -208646.1000000000
301 -206508.1000000000
331 -206064.1000000000
332 -204643.1000000000
350 -204151.1000000000
355 -203917.1000000000
356 -203539.1000000000
357 -202381.1000000000
367 -202201.1000000000
374 -201379.1000000000
402 -200657.1000000000
423 -199834.1000000000
428 -199444.1000000000
435 -199059.1000000000
449 -198674.1000000000
461 -198528.1000000000
467 -198284.1000000000
473 -195047.1000000000
475 -194878.1000000000
487 -194763.1000000000
512 -194304.1000000000
518 -192921.1000000000
521 -192607.1000000000
533 -190904.1000000000
534 -190029.1000000000
535 -189424.1000000000
551 -188668.1000000000
559 -188527.1000000000
569 -187844.1000000000
580 -187293.1000000000
585 -187181.1000000000
597 -187180.1000000000
610 -185781.1000000000
625 -183835.1000000000
643 -182541.1000000000
669 -181981.1000000000
688 -181979.1000000000
705 -181635.1000000000
711 -181506.1000000000
723 -181191.1000000000
724 -180186.1000000000
742 -179243.1000000000
762 -178348.1000000000
788 -177609.1000000000
811 -176743.1000000000
813 -175483.1000000000
840 -174495.1000000000
875 -173241.1000000000
903 -173239.1000000000
969 -173160.1000000000
973 -171272.1000000000
979 -170659.1000000000
986 -170000.1000000000
1003 -169429.1000000000
1004 -169028.1000000000
1031 -168457.1000000000
1057 -168102.1000000000
1058 -167658.1000000000
1065 -167452.1000000000
1073 -167329.1000000000
1077 -167241.1000000000
1097 -166382.1000000000
1101 -166214.1000000000
1118 -165933.1000000000
1124 -165927.1000000000
1141 -165691.1000000000
1143 -165598.1000000000
1144 -164707.1000000000
1164 -164658.1000000000
1193 -164481.1000000000
1194 -163826.1000000000
1195 -163584.1000000000
1218 -163358.1000000000
1303 -162473.1000000000
1314 -162226.1000000000
1337 -161750.1000000000
1345 -161342.1000000000
1357 -161037.1000000000
1361 -160676.1000000000
1383 -160429.1000000000
1414 -160205.1000000000
1421 23924.1030665938
1450 23930.3922149871
1451 24097.7488620436
1452 24105.7617905488
1458 24299.4302120627
1462 24549.7416259111
1466 24661.0196750962
1484 24859.1500785904
1488 24941.1943520759
1510 25129.0272714605
1516 25298.5298763866
1533 25443.1047131166
1535 25460.7841169979
1568 25560.8642352433
1899 25637.1797886071
1910 25760.2488757279
1937 25836.4279331364
2353 25936.0492205081
2372 26014.2227418695
2407 26139.6087505143
2438 26149.5500439204
2459 26699.2820203088
2487 26812.2489910352
2564 26923.9132250137
2612 26949.4038615309
2635 27054.1407983411
3290 27155.0615162890
4894 27513.1574664898
5057 27804.3794670808
5140 28068.3276474047
5156 28235.5820466399
5178 28242.4211358282
5704 28592.6408331788
6245 28703.3554041887
10010 28703.3554041887
evaluations raw_y
1 -293723.1000000000
2 -278840.1000000000
3 -269918.1000000000
4 -267831.1000000000
8 -258294.1000000000
11 -254096.1000000000
12 -251864.1000000000
23 -243625.1000000000
43 -234693.1000000000
54 -234513.1000000000
59 -228110.1000000000
66 -227959.1000000000
68 -226426.1000000000
79 -224974.1000000000
81 -224753.1000000000
85 -224395.1000000000
89 -224252.1000000000
104 -222368.1000000000
127 -221421.1000000000
129 -220237.1000000000
140 -219989.1000000000
158 -219264.1000000000
163 -219204.1000000000
167 -218735.1000000000
177 -217817.1000000000
180 -217050.1000000000
181 -216774.1000000000
203 -216044.1000000000
213 -215565.1000000000
215 -214746.1000000000
220 -214588.1000000000
223 -214522.1000000000
224 -213841.1000000000
227 -212362.1000000000
229 -211537.1000000000
241 -211195.1000000000
260 -209113.1000000000
283 -207589.1000000000
285 -207467.1000000000
300 -206989.1000000000
307 -206867.1000000000
318 -206429.1000000000
326 -205190.1000000000
344 -205008.1000000000
345 -204261.1000000000
367 -204245.1000000000
368 -204058.1000000000
371 -203778.1000000000
373 -201153.1000000000
394 -200017.1000000000
396 -199458.1000000000
415 -197660.1000000000
421 -196896.1000000000
444 -196263.1000000000
453 -195714.1000000000
460 -194164.1000000000
483 -193867.1000000000
487 -193644.1000000000
500 -192962.1000000000
507 -191774.1000000000
518 -191237.1000000000
525 -189890.1000000000
541 -189635.1000000000
589 -188415.1000000000
607 -186825.1000000000
641 -185717.1000000000
649 -185273.1000000000
659 -183265.1000000000
672 -181245.1000000000
685 -180374.1000000000
697 -180373.1000000000
726 -179451.1000000000
751 -179375.1000000000
756 -179219.1000000000
766 -179041.1000000000
771 -178899.1000000000
781 -176878.1000000000
792 -176600.1000000000
838 -175663.1000000000
848 -174878.1000000000
852 -173941.1000000000
877 -173623.1000000000
881 -172002.1000000000
891 -171130.1000000000
902 -169840.1000000000
914 -169393.1000000000
922 -168766.1000000000
935 -167957.1000000000
966 -167955.1000000000
996 -167744.1000000000
1007 -167367.1000000000
1034 -167156.1000000000
1036 -166885.1000000000
1057 -166424.1000000000
1060 -166422.1000000000
1072 -165191.1000000000
1123 -164768.1000000000
1130 -164718.1000000000
1137 -164684.1000000000
1141 -164506.1000000000
1155 -164230.1000000000
1156 -163945.1000000000
1166 -163541.1000000000
1181 -163402.1000000000
1199 -162815.1000000000
1221 -162206.1000000000
1227 -161986.1000000000
1239 -161619.1000000000
1250 -161540.1000000000
1257 -161393.1000000000
1261 -161263.1000000000
1266 24932.1280158030
1270 25834.9496762131
1312 25848.2557477357
1357 26219.9061152544
1437 26301.7955637515
1479 26418.4672994346
1492 26471.4352821212
1538 26547.3556158708
1544 27161.5000349126
1643 27372.3246726459
1719 27472.5816448488
1742 27502.6671516098
1762 27602.8927315651
1769 27690.8561499499
1793 27819.2038261730
1828 27827.9451501553
1952 27871.9717605960
2009 27895.7121168385
2015 28272.8397259940
2050 28473.2708607901
2085 28602.5688463208
2129 28744.2769001591
2176 28890.7937405340
2747 29091.2361041994
4242 29163.4262635320
4269 29374.2007261351
7712 29378.9521799265
8260 29459.6349906305
8321 29586.1311652364
10010 -161325.1000000000
evaluations raw_y
1 -262613.1000000000
2 -252175.1000000000
16 -249449.1000000000
18 -246492.1000000000
28 -244115.1000000000
32 -243217.1000000000
41 -239469.1000000000
45 -234723.1000000000
56 -234106.1000000000
59 -232300.1000000000
66 -230925.1000000000
83 -230635.1000000000
84 -229888.1000000000
86 -222714.1000000000
151 -221230.1000000000
163 -220489.1000000000
165 -220395.1000000000
174 -219464.1000000000
176 -219165.1000000000
187 -218086.1000000000
207 -217843.1000000000
208 -216753.1000000000
216 -215621.1000000000
227 -214699.1000000000
252 -214030.1000000000
265 -213013.1000000000
284 -212503.1000000000
286 -211830.1000000000
287 -211567.1000000000
302 -211203.1000000000
312 -211059.1000000000
314 -210801.1000000000
315 -210545.1000000000
316 -210347.1000000000
324 -209500.1000000000
332 -209377.1000000000
334 -209065.1000000000
337 -208182.1000000000
348 -207990.1000000000
358 -207931.1000000000
370 -207665.1000000000
372 -206060.1000000000
390 -205624.1000000000
404 -205113.1000000000
415 -203758.1000000000
435 -202811.1000000000
445 -202634.1000000000
452 -201212.1000000000
486 -200699.1000000000
493 -200224.1000000000
513 -199593.1000000000
518 -199468.1000000000
523 -199313.1000000000
535 -198871.1000000000
539 -198325.1000000000
552 -198087.1000000000
554 -197113.1000000000
560 -196629.1000000000
569 -196173.1000000000
589 -195827.1000000000
608 -194785.1000000000
610 -193617.1000000000
612 -192629.1000000000
613 -192146.1000000000
624 -191907.1000000000
627 -191522.1000000000
638 -191502.1000000000
647 -190403.1000000000
660 -186965.1000000000
666 -185998.1000000000
669 -185995.1000000000
674 -185628.1000000000
693 -185077.1000000000
703 -184853.1000000000
714 -183851.1000000000
716 -183579.1000000000
734 -183028.1000000000
747 -182908.1000000000
750 -182672.1000000000
754 -181446.1000000000
774 -181214.1000000000
785 -179883.1000000000
808 -178649.1000000000
821 -177415.1000000000
836 -175416.1000000000
859 -175020.1000000000
866 -174650.1000000000
885 -173774.1000000000
894 -173744.1000000000
903 -173588.1000000000
910 -173559.1000000000
914 -172248.1000000000
947 -172057.1000000000
953 -171782.1000000000
954 -171008.1000000000
1039 -169362.1000000000
1103 -168622.1000000000
1127 -168543.1000000000
1140 -165328.1000000000
1179 -164927.1000000000
1180 -164602.1000000000
1210 -164508.1000000000
1222 -164072.1000000000
1224 -163822.1000000000
1252 -163436.1000000000
1263 -163386.1000000000
1265 -163292.1000000000
1276 -162900.1000000000
1300 -162448.1000000000
1385 -162096.1000000000
1397 -161673.1000000000
1420 -161625.1000000000
1427 -161616.1000000000
1441 -161368.1000000000
1452 -161202.1000000000
1456 23580.7251529986
1480 23807.9707612935
1495 23896.0538818728
1498 23937.4471178898
1503 23993.9350244489
1509 24234.7907307782
1565 24356.9372907633
1567 24497.6777014645
1593 24534.5303694770
1620 25089.5102247625
1668 25128.2292412138
1699 25228.0031337925
1700 25489.2361469217
1755 25618.0340501292
1783 25644.2651034800
1793 25758.1487834429
1806 25893.9495634959
1862 26136.1285280859
2284 26237.5525617353
2419 26563.8924547219
2515 26673.3515008769
2536 26737.8505088125
3282 26839.6143472665
3298 26937.9288579729
5808 27091.4524618852
5880 27263.9147644010
6410 27538.7243034737
6560 27683.3933749817
6699 27783.6750732416
7081 28003.8055968378
7747 28354.0849640278
8035 28381.2655508897
8279 28423.8849479299
8383 28514.8053016880
8505 28560.7683277221
8589 28587.6180117470
8768 28719.4970687264
10010 28719.4970687264
evaluations raw_y
1 -273811.1000000000
3 -253064.1000000000
15 -252748.1000000000
24 -244480.1000000000
29 -236427.1000000000
48 -233239.1000000000
60 -230938.1000000000
71 -229154.1000000000
83 -228164.1000000000
106 -227676.1000000000
130 -224004.1000000000
148 -223955.1000000000
176 -221517.1000000000
198 -220855.1000000000
210 -219309.1000000000
212 -217160.1000000000
218 -216588.1000000000
224 -216432.1000000000
239 -215394.1000000000
246 -214939.1000000000
252 -214006.1000000000
253 -213283.1000000000
259 -212932.1000000000
264 -212694.1000000000
279 -211847.1000000000
280 -211266.1000000000
306 -211157.1000000000
309 -210870.1000000000
311 -210519.1000000000
315 -209985.1000000000
328 -208873.1000000000
330 -205692.1000000000
346 -204270.1000000000
350 -203837.1000000000
356 -203239.1000000000
362 -201622.1000000000
371 -201128.1000000000
397 -200718.1000000000
449 -200711.1000000000
459 -199276.1000000000
480 -199050.1000000000
488 -198255.1000000000
493 -198132.1000000000
494 -198117.1000000000
504 -197555.1000000000
509 -197147.1000000000
526 -196780.1000000000
539 -196617.1000000000
540 -195312.1000000000
553 -195149.1000000000
554 -194704.1000000000
558 -194659.1000000000
571 -193895.1000000000
579 -193777.1000000000
583 -193528.1000000000
590 -193077.1000000000
602 -192920.1000000000
616 -192175.1000000000
626 -191926.1000000000
633 -191548.1000000000
641 -189710.1000000000
658 -189414.1000000000
660 -188870.1000000000
670 -188209.1000000000
679 -187163.1000000000
688 -187010.1000000000
690 -186229.1000000000
700 -186190.1000000000
706 -185157.1000000000
714 -185025.1000000000
718 -184397.1000000000
723 -183689.1000000000
727 -183266.1000000000
775 -182952.1000000000
776 -182585.1000000000
783 -182529.1000000000
786 -181203.1000000000
806 -181108.1000000000
814 -179579.1000000000
822 -179442.1000000000
837 -178525.1000000000
842 -174845.1000000000
844 -174695.1000000000
880 -174690.1000000000
896 -174664.1000000000
899 -172790.1000000000
924 -172289.1000000000
943 -171802.1000000000
978 -171554.1000000000
983 -170629.1000000000
1007 -170135.1000000000
1020 -170057.1000000000
1026 -170042.1000000000
1027 -169900.1000000000
1052 -169219.1000000000
1077 -167071.1000000000
1109 -167024.1000000000
1169 -166559.1000000000
1224 -166355.1000000000
1244 -164083.1000000000
1265 -163455.1000000000
1276 -162581.1000000000
1301 -161953.1000000000
1318 -161340.1000000000
1341 -160967.1000000000
1347 -160751.1000000000
1363 -160347.1000000000
1364 -160189.1000000000
1393 -159985.1000000000
1394 24453.7058437058
1407 24653.4287186712
1467 24739.6649181482
1662 24830.7323489454
1787 24972.0788816225
1902 25092.8119038821
1912 25215.1016448807
1925 25320.9625496542
1980 25413.1695754263
2013 25479.8667578359
2026 25497.1995610139
2086 25596.9663915432
2366 25822.8524518397
2489 26018.8894754931
2563 26109.6206160710
2564 26197.0466643032
2580 26218.6934092890
2587 26309.1761679066
2603 26396.6275031133
2644 26409.0618986277
2696 26424.1033896677
2721 26514.5528796335
2780 26614.4654263088
3132 26714.3452897575
3469 26816.6021006193
3696 27215.8779332857
3729 27297.8522344691
4114 27653.7004882666
4153 27859.9802452227
4168 28421.6648777614
4190 28531.1307496432
4193 28567.0550260511
4209 28605.7798793473
4764 28715.1966605787
5018 28839.2089575173
5496 28913.4835988246
5620 29072.4015374494
7156 29107.4801494774
7210 29110.1336496834
7916 29305.7908563841
8106 29447.1367600311
8356 29596.2084286598
9394 29652.6058911539
9465 29663.7433901573
10010 29663.7433901573
evaluations raw_y
1 -266469.1000000000
3 -255482.1000000000
10 -246488.1000000000
23 -245540.1000000000
30 -241473.1000000000
37 -238718.1000000000
54 -230037.1000000000
65 -228309.1000000000
69 -223278.1000000000
93 -221849.1000000000
96 -221239.1000000000
103 -217338.1000000000
104 -217262.1000000000
109 -215914.1000000000
129 -214580.1000000000
133 -212192.1000000000
157 -211460.1000000000
166 -210494.1000000000
173 -209735.1000000000
175 -209552.1000000000
187 -209546.1000000000
190 -209368.1000000000
201 -208792.1000000000
205 -208197.1000000000
213 -208191.1000000000
215 -206533.1000000000
259 -206291.1000000000
269 -205260.1000000000
271 -204989.1000000000
273 -203445.1000000000
288 -202451.1000000000
303 -201867.1000000000
305 -201768.1000000000
306 -201183.1000000000
308 -200979.1000000000
310 -200086.1000000000
315 -199391.1000000000
321 -199001.1000000000
322 -198772.1000000000
330 -198349.1000000000
332 -197433.1000000000
344 -197072.1000000000
352 -196657.1000000000
366 -195531.1000000000
371 -194839.1000000000
376 -194755.1000000000
377 -193449.1000000000
397 -193207.1000000000
405 -192225.1000000000
408 -191977.1000000000
410 -191670.1000000000
429 -191303.1000000000
441 -190297.1000000000
444 -190224.1000000000
446 -190049.1000000000
461 -188485.1000000000
468 -187388.1000000000
476 -186965.1000000000
484 -186198.1000000000
492 -184351.1000000000
504 -181961.1000000000
525 -181639.1000000000
548 -181578.1000000000
549 -181546.1000000000
550 -181270.1000000000
551 -180816.1000000000
556 -180278.1000000000
560 -179717.1000000000
578 -179360.1000000000
587 -178832.1000000000
594 -176722.1000000000
612 -176226.1000000000
642 -175647.1000000000
657 -175616.1000000000
671 -175167.1000000000
673 -174751.1000000000
683 -174471.1000000000
705 -173993.1000000000
707 -173946.1000000000
724 -173373.1000000000
730 -173019.1000000000
739 -172897.1000000000
743 -172850.1000000000
744 -172397.1000000000
745 -171895.1000000000
771 -171275.1000000000
778 -170745.1000000000
818 -170323.1000000000
850 -170212.1000000000
851 -169967.1000000000
878 -169856.1000000000
922 -169765.1000000000
925 -168828.1000000000
950 -168192.1000000000
965 -167990.1000000000
975 -167692.1000000000
976 -167466.1000000000
980 -167023.1000000000
989 -166821.1000000000
992 -165674.1000000000
1005 -165029.1000000000
1046 -164963.1000000000
1054 -164857.1000000000
1067 -164851.1000000000
1082 -163891.1000000000
1129 -161997.1000000000
1140 -161995.1000000000
1144 -161589.1000000000
1159 -161587.1000000000
1193 -161118.1000000000
1199 27505.0339049608
1226 27677.1555807183
1228 27705.9063702905
1252 27877.9590933153
1331 28078.7594899694
1521 28480.3601611920
1667 28481.9011539655
1738 28585.4149648748
1897 28685.8124000737
3561 28718.0697474440
3667 28947.0695929191
3695 29085.9155161441
5880 29132.3807613847
5934 29345.9511025070
6430 29459.9833260239
9642 29486.3842649865
9821 29727.2684188539
10010 -160962.1000000000
evaluations raw_y
1 -287780.1000000000
2 -250004.1000000000
28 -246483.1000000000
40 -241655.1000000000
54 -236821.1000000000
63 -235047.1000000000
64 -232606.1000000000
73 -225892.1000000000
82 -224464.1000000000
85 -221222.1000000000
101 -220857.1000000000
104 -220155.1000000000
108 -214043.1000000000
131 -211571.1000000000
156 -211192.1000000000
168 -211083.1000000000
176 -210563.1000000000
185 -210544.1000000000
191 -209958.1000000000
192 -207254.1000000000
213 -207101.1000000000
223 -206471.1000000000
225 -205781.1000000000
248 -205780.1000000000
250 -204959.1000000000
253 -204792.1000000000
266 -203207.1000000000
300 -201833.1000000000
317 -201253.1000000000
335 -201020.1000000000
337 -200620.1000000000
346 -199635.1000000000
349 -199343.1000000000
356 -199023.1000000000
357 -199008.1000000000
364 -196767.1000000000
403 -195513.1000000000
423 -195307.1000000000
431 -194889.1000000000
439 -193074.1000000000
457 -192852.1000000000
458 -191384.1000000000
493 -191378.1000000000
507 -190661.1000000000
520 -189885.1000000000
539 -189483.1000000000
540 -189351.1000000000
545 -189343.1000000000
552 -188575.1000000000
561 -187297.1000000000
564 -185499.1000000000
577 -185475.1000000000
578 -184929.1000000000
590 -183643.1000000000
611 -182883.1000000000
618 -182643.1000000000
641 -182594.1000000000
643 -181437.1000000000
650 -181092.1000000000
666 -181045.1000000000
671 -180989.1000000000
677 -179330.1000000000
701 -178696.1000000000
719 -178080.1000000000
730 -176318.1000000000
738 -176078.1000000000
761 -175866.1000000000
777 -175626.1000000000
795 -175043.1000000000
828 -174942.1000000000
832 -172633.1000000000
853 -172050.1000000000
872 -171810.1000000000
881 -171570.1000000000
904 -170987.1000000000
915 -170880.1000000000
926 -170577.1000000000
939 -170205.1000000000
976 -169312.1000000000
988 -168723.1000000000
1006 -168600.1000000000
1008 -167862.1000000000
1030 -166148.1000000000
1044 -165658.1000000000
1055 -165287.1000000000
1058 -164312.1000000000
1071 -163483.1000000000
1095 -162498.1000000000
1106 -161820.1000000000
1112 -160891.1000000000
1138 -160735.1000000000
1151 -160068.1000000000
1172 25031.0292645224
1177 25110.1572262719
1180 25353.8786573241
1181 25400.0480202973
1183 25514.1989199017
1185 25582.7589328088
1198 25674.7092306704
1207 25961.2374434084
1232 26006.1952845911
1241 26160.8840935295
1243 26286.1431223937
1267 26385.1741837238
1358 26507.7933733026
1403 26606.2015018470
1619 26801.0561684154
1746 26898.0866862584
1917 27013.0306317109
2016 27100.1965069653
2044 27847.2558522590
2081 28351.1284060351
2173 28431.5800663312
2184 28490.0911355780
2210 28690.5534017155
2549 28759.5106291264
2556 28799.0561193456
2643 28864.8670974747
4280 28991.5926259846
4492 29211.3950399306
5264 29365.8321602206
5333 29509.1719651062
5379 29594.6718690769
6129 29723.4769473101
6918 29764.5667786292
7540 29811.7801615977
7626 29940.8609151324
8196 30046.0483115004
8496 30112.6616618086
8540 30412.1212441093
9587 30640.9146150683
9742 30644.6602563740
10010 30444.1468289640
evaluations raw_y
1 -275388.1000000000
3 -263336.1000000000
21 -254021.1000000000
58 -253422.1000000000
64 -252741.1000000000
66 -252686.1000000000
67 -252118.1000000000
68 -250024.1000000000
70 -240539.1000000000
101 -239917.1000000000
106 -238938.1000000000
108 -235594.1000000000
114 -235415.1000000000
127 -235094.1000000000
135 -234241.1000000000
143 -234077.1000000000
144 -234074.1000000000
145 -233838.1000000000
147 -233270.1000000000
155 -232802.1000000000
158 -231521.1000000000
174 -231362.1000000000
187 -231136.1000000000
193 -231006.1000000000
201 -230764.1000000000
203 -230403.1000000000
219 -230177.1000000000
222 -229904.1000000000
229 -229173.1000000000
240 -228949.1000000000
245 -228940.1000000000
246 -226688.1000000000
252 -225460.1000000000
258 -225087.1000000000
268 -224730.1000000000
274 -223237.1000000000
284 -221627.1000000000
290 -219487.1000000000
306 -217613.1000000000
307 -215490.1000000000
317 -213335.1000000000
339 -212825.1000000000
340 -212351.1000000000
341 -211750.1000000000
343 -209796.1000000000
347 -208397.1000000000
354 -208387.1000000000
358 -208007.1000000000
377 -204645.1000000000
388 -204405.1000000000
391 -203939.1000000000
393 -202387.1000000000
394 -202213.1000000000
404 -201920.1000000000
406 -200819.1000000000
407 -199206.1000000000
408 -197674.1000000000
418 -196403.1000000000
433 -196256.1000000000
435 -195948.1000000000
448 -192602.1000000000
473 -191357.1000000000
499 -190388.1000000000
514 -188103.1000000000
530 -186815.1000000000
548 -183727.1000000000
584 -183241.1000000000
617 -182936.1000000000
630 -182380.1000000000
632 -181341.1000000000
652 -180607.1000000000
692 -179746.1000000000
708 -179306.1000000000
720 -178571.1000000000
751 -177921.1000000000
761 -177498.1000000000
782 -177386.1000000000
805 -177160.1000000000
819 -176736.1000000000
827 -176523.1000000000
831 -176029.1000000000
846 -175834.1000000000
847 -175801.1000000000
853 -175747.1000000000
857 -175307.1000000000
858 -175112.1000000000
864 -174618.1000000000
915 -174252.1000000000
933 -173960.1000000000
935 -173928.1000000000
936 -173737.1000000000
943 -173371.1000000000
946 -169542.1000000000
963 -168661.1000000000
983 -168259.1000000000
997 -167481.1000000000
1021 -167102.1000000000
1024 -166619.1000000000
1027 -166217.1000000000
1042 -166015.1000000000
1048 -165394.1000000000
1068 -165192.1000000000
1072 -163858.1000000000
1079 -163640.1000000000
1102 -162306.1000000000
1121 -160188.1000000000
1136 26079.1530862541
1186 26279.1820826960
1326 26405.7477676760
1810 26799.5945060795
1991 26892.9397777859
2032 26999.6359490061
2087 27251.5644535502
2196 27414.4734175903
2391 27713.8230101914
2503 27855.6165203603
3438 28008.5006348510
3491 28236.5908078727
3614 28366.6288092410
3828 28567.1208211452
3938 28746.6512265991
4012 29029.5791976708
5561 29074.3146628840
6672 29405.7028753441
6791 29552.0574334462
6902 29710.7279262678
10010 -163381.1000000000
evaluations raw_y
1 -263635.1000000000
3 -261608.1000000000
16 -254330.1000000000
17 -246575.1000000000
38 -239412.1000000000
50 -233917.1000000000
60 -232279.1000000000
74 -222402.1000000000
96 -219558.1000000000
116 -218607.1000000000
122 -217115.1000000000
128 -214790.1000000000
161 -213301.1000000000
163 -213190.1000000000
172 -212308.1000000000
182 -210434.1000000000
195 -210189.1000000000
198 -209256.1000000000
205 -208847.1000000000
223 -208617.1000000000
226 -208369.1000000000
237 -208055.1000000000
240 -207554.1000000000
241 -207443.1000000000
255 -206766.1000000000
267 -206229.1000000000
281 -205868.1000000000
308 -205657.1000000000
319 -205085.1000000000
327 -204968.1000000000
338 -204735.1000000000
344 -204163.1000000000
352 -202805.1000000000
377 -201757.1000000000
388 -201259.1000000000
389 -199547.1000000000
421 -199305.1000000000
424 -198671.1000000000
442 -198571.1000000000
445 -197776.1000000000
446 -195785.1000000000
478 -195241.1000000000
483 -194778.1000000000
487 -193842.1000000000
506 -193224.1000000000
511 -192795.1000000000
519 -192646.1000000000
527 -190629.1000000000
529 -189426.1000000000
551 -189395.1000000000
574 -188815.1000000000
582 -188784.1000000000
584 -188736.1000000000
594 -188705.1000000000
595 -187913.1000000000
610 -187673.1000000000
611 -187265.1000000000
614 -186191.1000000000
630 -185947.1000000000
634 -185920.1000000000
653 -182447.1000000000
657 -182416.1000000000
659 -182199.1000000000
660 -182152.1000000000
664 -182042.1000000000
675 -181101.1000000000
690 -180272.1000000000
692 -180225.1000000000
707 -179882.1000000000
717 -179539.1000000000
757 -178702.1000000000
759 -177985.1000000000
777 -177910.1000000000
786 -176803.1000000000
808 -176747.1000000000
862 -176743.1000000000
902 -175975.1000000000
926 -175769.1000000000
935 -175001.1000000000
961 -174719.1000000000
974 -174261.1000000000
995 -173261.1000000000
1046 -173019.1000000000
1065 -172691.1000000000
1097 -172463.1000000000
1107 -171893.1000000000
1108 -171631.1000000000
1118 -171275.1000000000
1120 -170621.1000000000
1142 -170140.1000000000
1150 -168722.1000000000
1151 -166960.1000000000
1163 -165908.1000000000
1196 -164710.1000000000
1219 -164440.1000000000
1220 -164048.1000000000
1229 -163486.1000000000
1233 -161216.1000000000
1251 25490.2588543035
1270 25702.4641248035
1291 25921.0649634483
1314 26038.3294165356
1327 26050.1352202824
1338 26159.0609072144
1360 26204.0221235909
1361 26603.7058789586
1415 26681.0382808613
1421 26700.3330357071
1452 26798.6615016900
1548 26899.7881146809
1619 26998.4250281020
1642 27099.4711613154
1785 27292.1259717647
2767 27886.5942428720
3216 27923.8293521341
3280 27974.7196525950
3302 28085.5072346166
3334 28209.5801646648
3343 28219.7221715531
3688 28324.0911527104
3713 28431.5569035494
3777 28535.2103936092
5386 28903.0614374637
5447 28939.8760670986
5630 29061.5327726152
6271 29140.7795776251
6494 29253.7553295755
6577 29333.6330843921
6585 29460.1623523099
6594 29475.6516204751
7103 29558.0574589393
7140 29658.1256901642
7177 29674.3134231469
8493 29716.5083807666
9736 29748.4768690759
9848 29994.4414345854
9852 29998.6658913381
9864 30234.1034618471
10010 30234.1034618471
evaluations raw_y
1 -292840.1000000000
2 -272451.1000000000
7 -248924.1000000000
37 -245968.1000000000
39 -245940.1000000000
43 -242370.1000000000
56 -240338.1000000000
60 -238804.1000000000
63 -238502.1000000000
69 -237950.1000000000
73 -235578.1000000000
75 -234030.1000000000
80 -233941.1000000000
92 -232097.1000000000
93 -230519.1000000000
94 -226864.1000000000
107 -226136.1000000000
111 -225540.1000000000
115 -225486.1000000000
123 -222864.1000000000
146 -222297.1000000000
151 -219860.1000000000
161 -218796.1000000000
162 -217724.1000000000
168 -217246.1000000000
185 -217092.1000000000
198 -216271.1000000000
200 -215867.1000000000
208 -215540.1000000000
211 -215147.1000000000
215 -214111.1000000000
250 -212219.1000000000
266 -212173.1000000000
273 -210912.1000000000
275 -210658.1000000000
288 -209584.1000000000
303 -208867.1000000000
313 -208862.1000000000
317 -208350.1000000000
324 -207894.1000000000
336 -207628.1000000000
338 -207175.1000000000
339 -206586.1000000000
347 -205616.1000000000
367 -204605.1000000000
373 -204336.1000000000
382 -202780.1000000000
388 -202135.1000000000
392 -201769.1000000000
398 -200551.1000000000
407 -200490.1000000000
415 -200258.1000000000
421 -198617.1000000000
440 -198045.1000000000
442 -197259.1000000000
462 -197217.1000000000
463 -196842.1000000000
464 -196728.1000000000
465 -195832.1000000000
470 -195642.1000000000
481 -195563.1000000000
482 -195529.1000000000
486 -195527.1000000000
487 -195190.1000000000
491 -195112.1000000000
497 -194997.1000000000
501 -194660.1000000000
504 -193600.1000000000
530 -192982.1000000000
540 -191234.1000000000
573 -191112.1000000000
592 -191040.1000000000
600 -190766.1000000000
606 -189942.1000000000
611 -189941.1000000000
616 -189032.1000000000
640 -188970.1000000000
647 -188788.1000000000
691 -187903.1000000000
724 -186566.1000000000
725 -185755.1000000000
753 -184611.1000000000
758 -182463.1000000000
771 -181011.1000000000
778 -180414.1000000000
803 -180188.1000000000
813 -179639.1000000000
825 -179553.1000000000
830 -178888.1000000000
846 -178841.1000000000
849 -178440.1000000000
850 -177920.1000000000
857 -177395.1000000000
867 -176620.1000000000
882 -176448.1000000000
905 -175673.1000000000
916 -175221.1000000000
925 -174897.1000000000
942 -174445.1000000000
951 -173603.1000000000
954 -172827.1000000000
970 -171979.1000000000
974 -170991.1000000000
1041 -170177.1000000000
1077 -169580.1000000000
1108 -168599.1000000000
1136 -168357.1000000000
1150 -167776.1000000000
1164 -167665.1000000000
1169 -167534.1000000000
1189 -167423.1000000000
1193 -165289.1000000000
1194 -165249.1000000000
1213 -164691.1000000000
1250 -164024.1000000000
1261 -163981.1000000000
1265 -163783.1000000000
1283 -162221.1000000000
1318 -162060.1000000000
1322 -161717.1000000000
1340 -161605.1000000000
1343 -160931.1000000000
1351 -160523.1000000000
1369 26182.4966307374
1400 26732.2948883490
1428 26805.0160987533
1432 26926.0180616201
1438 27010.6016598744
1452 27068.4755709236
1466 27221.4949929465
1470 27334.2131066409
1674 27449.3709013764
1706 27456.6506514918
1714 27569.3697161934
1999 27571.9118465893
2161 27812.8712606360
2352 28059.2622399601
2600 28162.9401737816
2757 28164.3833782499
2869 28362.7703754772
2922 28390.6118509037
2983 28538.5166618458
3010 28624.9302299059
3018 28657.0473361258
3037 28750.8292870665
3040 28880.6040021469
3078 29046.8927474729
3097 29047.7899367780
3111 29166.3455081242
3118 29201.2200688526
3140 29298.1633535701
3455 29311.1188640052
3503 29400.0042670307
3543 29412.5956844301
3885 29417.7012420556
4270 29518.7528572240
5214 29519.4237984712
8184 29593.0146385127
8413 29609.9032110086
8730 29697.7549919452
8763 29712.3451397594
8766 29847.1486213784
8785 29875.2703506812
8834 30012.2843712360
8859 30219.4139095941
9089 30372.0597716659
9439 30484.8114991303
10010 30484.8114991303
evaluations raw_y
1 -262146.1000000000
17 -261279.1000000000
18 -247449.1000000000
45 -244367.1000000000
60 -242043.1000000000
73 -237049.1000000000
83 -234509.1000000000
89 -230302.1000000000
92 -227403.1000000000
96 -225181.1000000000
102 -224269.1000000000
107 -222459.1000000000
111 -222359.1000000000
114 -221541.1000000000
115 -219405.1000000000
128 -218688.1000000000
136 -217700.1000000000
138 -217264.1000000000
150 -217042.1000000000
153 -215070.1000000000
177 -214970.1000000000
180 -214750.1000000000
193 -213822.1000000000
196 -213715.1000000000
200 -212602.1000000000
206 -212235.1000000000
219 -212105.1000000000
227 -211263.1000000000
234 -210370.1000000000
239 -208785.1000000000
256 -208528.1000000000
262 -208167.1000000000
268 -207808.1000000000
272 -207247.1000000000
274 -206505.1000000000
277 -205756.1000000000
280 -205433.1000000000
293 -205359.1000000000
294 -204962.1000000000
295 -204570.1000000000
300 -203536.1000000000
314 -201420.1000000000
333 -200831.1000000000
360 -200644.1000000000
379 -200643.1000000000
382 -200421.1000000000
385 -200080.1000000000
388 -200055.1000000000
389 -199867.1000000000
392 -198919.1000000000
405 -197458.1000000000
407 -195764.1000000000
417 -195580.1000000000
421 -195122.1000000000
426 -193827.1000000000
432 -193185.1000000000
439 -193148.1000000000
442 -192987.1000000000
444 -192887.1000000000
453 -192583.1000000000
465 -191897.1000000000
473 -191605.1000000000
475 -190481.1000000000
490 -189933.1000000000
508 -188809.1000000000
524 -188469.1000000000
529 -186449.1000000000
566 -186447.1000000000
568 -184985.1000000000
571 -184542.1000000000
585 -184241.1000000000
592 -184052.1000000000
598 -183592.1000000000
607 -183146.1000000000
616 -182277.1000000000
623 -181897.1000000000
640 -180904.1000000000
655 -180572.1000000000
660 -178753.1000000000
668 -178673.1000000000
674 -178516.1000000000
683 -178174.1000000000
686 -177684.1000000000
688 -176944.1000000000
699 -176588.1000000000
726 -176526.1000000000
738 -176492.1000000000
741 -176063.1000000000
743 -175921.1000000000
762 -175560.1000000000
777 -174747.1000000000
786 -174634.1000000000
790 -174322.1000000000
791 -173967.1000000000
792 -173460.1000000000
793 -172368.1000000000
807 -170913.1000000000
839 -170277.1000000000
853 -169921.1000000000
888 -169658.1000000000
893 -169427.1000000000
905 -169232.1000000000
914 -168738.1000000000
930 -166542.1000000000
943 -166448.1000000000
974 -166121.1000000000
983 -165727.1000000000
987 -165688.1000000000
989 -165588.1000000000
1022 -165002.1000000000
1040 -164899.1000000000
1063 -164528.1000000000
1073 -164313.1000000000
1079 -164311.1000000000
1081 -163154.1000000000
1092 -161512.1000000000
1109 -161390.1000000000
1114 -160564.1000000000
1149 -160093.1000000000
1159 25055.7260871943
1171 25383.4226540149
1183 25528.7562115911
1195 25542.1162087300
1202 25657.9888559220
1222 26097.5198765750
1286 26232.8273587347
1352 26246.6191730694
1368 26336.5067084935
1515 26736.7218530553
1579 26839.8368966439
1605 26873.0028302245
1635 27043.5973907433
2087 27182.9957536654
2638 27577.6115016237
3603 27619.3828627857
3772 27756.0170442745
4079 27964.3363625488
4107 28199.7400515079
4142 28217.1571087043
4150 28433.4048051252
4164 28547.4501406119
4376 28600.2149770827
7256 28947.3967646955
7527 28971.0283580624
9358 29128.5073502796
9383 29445.8238487184
9427 29497.3597341803
9433 29742.8319144627
9447 29751.4768424038
9448 29852.6437797214
9530 29898.5674560003
9534 30197.7348496214
9562 30425.7611266347
9598 30571.6833695262
10010 30571.6833695262
evaluations raw_y
1 -286734.1000000000
3 -266056.1000000000
23 -265320.1000000000
41 -264350.1000000000
46 -253107.1000000000
56 -253057.1000000000
71 -246328.1000000000
79 -246164.1000000000
84 -243747.1000000000
88 -243214.1000000000
102 -241073.1000000000
104 -237806.1000000000
123 -236736.1000000000
139 -235930.1000000000
150 -235263.1000000000
164 -234657.1000000000
167 -233894.1000000000
176 -233831.1000000000
180 -233366.1000000000
188 -233241.1000000000
192 -232684.1000000000
204 -232593.1000000000
205 -232063.1000000000
211 -231712.1000000000
230 -230953.1000000000
235 -230072.1000000000
256 -229960.1000000000
279 -229430.1000000000
308 -226002.1000000000
338 -225030.1000000000
340 -225021.1000000000
348 -223988.1000000000
351 -223602.1000000000
359 -221804.1000000000
383 -221017.1000000000
388 -220991.1000000000
395 -220073.1000000000
408 -219932.1000000000
416 -219536.1000000000
418 -217027.1000000000
446 -215520.1000000000
455 -214345.1000000000
489 -214037.1000000000
493 -213292.1000000000
496 -213261.1000000000
504 -213205.1000000000
505 -212529.1000000000
528 -212224.1000000000
530 -212184.1000000000
536 -211753.1000000000
540 -210884.1000000000
563 -210408.1000000000
565 -209171.1000000000
577 -208952.1000000000
582 -207526.1000000000
609 -207426.1000000000
628 -206913.1000000000
631 -206503.1000000000
653 -205875.1000000000
657 -205570.1000000000
661 -202339.1000000000
701 -201938.1000000000
712 -201516.1000000000
726 -201311.1000000000
727 -200889.1000000000
729 -200216.1000000000
750 -200179.1000000000
754 -199052.1000000000
764 -198879.1000000000
765 -197904.1000000000
775 -197537.1000000000
780 -196613.1000000000
808 -194159.1000000000
815 -193957.1000000000
833 -193470.1000000000
837 -193357.1000000000
855 -193139.1000000000
856 -192378.1000000000
881 -191152.1000000000
906 -189076.1000000000
920 -188419.1000000000
926 -188133.1000000000
944 -188107.1000000000
949 -187994.1000000000
956 -187877.1000000000
957 -187457.1000000000
958 -186230.1000000000
978 -185636.1000000000
997 -183342.1000000000
1021 -183295.1000000000
1024 -183061.1000000000
1040 -183009.1000000000
1055 -181748.1000000000
1076 -180404.1000000000
1091 -180268.1000000000
1093 -180265.1000000000
1103 -179701.1000000000
1110 -179579.1000000000
1111 -177783.1000000000
1115 -177682.1000000000
1125 -177118.1000000000
1143 -176980.1000000000
1146 -176726.1000000000
1149 -176598.1000000000
1158 -175992.1000000000
1161 -175020.1000000000
1209 -174527.1000000000
1214 -174526.1000000000
1223 -174370.1000000000
1228 -173876.1000000000
1233 -173036.1000000000
1240 -172899.1000000000
1245 -172292.1000000000
1257 -172288.1000000000
1278 -171898.1000000000
1308 -170394.1000000000
1327 -169781.1000000000
1342 -169095.1000000000
1343 -168069.1000000000
1346 -168013.1000000000
1355 -166770.1000000000
1426 -166392.1000000000
1433 -166243.1000000000
1434 -166145.1000000000
1437 -165947.1000000000
1445 -165459.1000000000
1451 -165322.1000000000
1455 -164686.1000000000
1467 -164636.1000000000
1477 -164009.1000000000
1488 -164000.1000000000
1502 -163854.1000000000
1503 -163845.1000000000
1511 -163599.1000000000
1515 -162287.1000000000
1527 -161651.1000000000
1539 -161241.1000000000
1568 -161102.1000000000
1576 -160876.1000000000
1606 -160543.1000000000
1623 -160293.1000000000
1635 -160166.1000000000
1655 -160135.1000000000
1658 24898.1503418004
1724 25400.6413813377
2180 25516.0421538077
2255 25725.7655726606
2383 25827.2950632665
3017 26027.3966278062
3146 26242.0429095596
3188 26791.2911158075
3194 26794.8786012985
3206 26844.5471809300
3211 26845.7345959993
3235 26967.2597372203
3562 27069.0198700500
3614 27407.9653133314
6145 27575.5940151054
6269 27747.7805210563
6892 27849.5160787016
6910 28011.0080054273
6969 28139.6087101482
7483 28262.0815475357
8452 28342.0964378419
8488 28604.7158074168
9385 28731.3517586865
10010 28731.3517586865
evaluations raw_y
1 -270868.1000000000
3 -269249.1000000000
9 -265379.1000000000
11 -261562.1000000000
18 -259217.1000000000
22 -257196.1000000000
25 -256782.1000000000
28 -251795.1000000000
52 -243698.1000000000
56 -238523.1000000000
84 -231049.1000000000
87 -229408.1000000000
95 -228036.1000000000
98 -225946.1000000000
103 -222569.1000000000
108 -221714.1000000000
123 -220066.1000000000
126 -219055.1000000000
136 -216327.1000000000
143 -216000.1000000000
157 -214390.1000000000
158 -213697.1000000000
162 -212957.1000000000
164 -212254.1000000000
174 -211885.1000000000
176 -211156.1000000000
185 -210697.1000000000
193 -210685.1000000000
199 -210438.1000000000
207 -209149.1000000000
219 -208344.1000000000
228 -207499.1000000000
237 -206821.1000000000
249 -206338.1000000000
252 -204320.1000000000
273 -204260.1000000000
275 -204073.1000000000
281 -203566.1000000000
285 -203075.1000000000
295 -203072.1000000000
298 -200983.1000000000
308 -200656.1000000000
311 -199062.1000000000
349 -198474.1000000000
353 -198121.1000000000
355 -197764.1000000000
358 -197549.1000000000
363 -197143.1000000000
368 -197041.1000000000
381 -194237.1000000000
394 -194151.1000000000
395 -193381.1000000000
397 -192434.1000000000
415 -190622.1000000000
432 -190571.1000000000
436 -189480.1000000000
446 -188801.1000000000
458 -187101.1000000000
470 -185487.1000000000
492 -185243.1000000000
493 -185225.1000000000
494 -184138.1000000000
502 -182743.1000000000
511 -181634.1000000000
520 -179563.1000000000
541 -179239.1000000000
547 -179117.1000000000
552 -178551.1000000000
562 -178236.1000000000
564 -177956.1000000000
566 -177214.1000000000
583 -176867.1000000000
587 -176051.1000000000
589 -175491.1000000000
598 -174607.1000000000
607 -173618.1000000000
622 -173055.1000000000
645 -172711.1000000000
648 -172467.1000000000
666 -172065.1000000000
696 -172002.1000000000
699 -171932.1000000000
701 -171706.1000000000
702 -171513.1000000000
704 -170885.1000000000
741 -170176.1000000000
778 -170075.1000000000
782 -169866.1000000000
796 -167264.1000000000
803 -166032.1000000000
836 -165863.1000000000
840 -164138.1000000000
869 -162520.1000000000
905 -162278.1000000000
940 -161639.1000000000
959 -160965.1000000000
992 -160763.1000000000
1005 27330.2644003874
1063 27432.5733398310
1068 27478.9123944871
1089 27512.5109359469
1099 27536.3097438447
1112 27679.2042818645
1124 27712.5480121700
1133 27777.4553405177
1149 27893.1311266173
1187 28015.1579800439
1200 28102.4194352287
1214 28221.7257860235
1248 28321.7706993904
1502 28615.4288511731
1647 28717.3682660117
1705 28942.0509685449
1744 29381.6564130746
1811 29486.0897516291
2273 29841.0205628276
2341 30168.6746076459
2476 30387.7246052660
2481 30458.6194191876
2507 30623.3932708880
2652 30726.7791279670
2757 30869.9006341330
2903 31011.0773695547
2958 31130.7752355583
3883 31147.2288060236
4034 31261.8821887664
4181 31626.8484521484
4581 31641.8093644906
5405 31672.3099734713
5443 31841.3921714497
5542 31923.5454989675
5631 31956.9750363565
7081 32132.2829794825
7176 32352.0233987386
9401 32353.0974527468
10010 32353.0974527468
evaluations raw_y
1 -261557.1000000000
10 -260928.1000000000
17 -257832.1000000000
18 -255014.1000000000
19 -253164.1000000000
26 -249644.1000000000
31 -248995.1000000000
35 -247812.1000000000
37 -245693.1000000000
39 -239241.1000000000
45 -238582.1000000000
52 -237287.1000000000
54 -228895.1000000000
67 -224794.1000000000
79 -224542.1000000000
81 -223648.1000000000
84 -223486.1000000000
88 -220687.1000000000
101 -219058.1000000000
105 -219034.1000000000
113 -218327.1000000000
124 -217700.1000000000
135 -217243.1000000000
154 -216876.1000000000
170 -216844.1000000000
171 -216410.1000000000
186 -216020.1000000000
202 -215220.1000000000
205 -214940.1000000000
219 -214387.1000000000
223 -213984.1000000000
225 -213485.1000000000
232 -212885.1000000000
237 -212650.1000000000
243 -212462.1000000000
249 -211802.1000000000
251 -211525.1000000000
254 -211297.1000000000
258 -209415.1000000000
286 -208992.1000000000
287 -208880.1000000000
291 -207400.1000000000
294 -207108.1000000000
313 -206326.1000000000
314 -204206.1000000000
325 -203177.1000000000
332 -202633.1000000000
339 -202227.1000000000
358 -200435.1000000000
376 -199735.1000000000
378 -199606.1000000000
388 -198075.1000000000
392 -197936.1000000000
412 -197149.1000000000
418 -196320.1000000000
420 -195484.1000000000
452 -193124.1000000000
486 -191990.1000000000
496 -190981.1000000000
514 -190921.1000000000
516 -190870.1000000000
519 -190443.1000000000
524 -190060.1000000000
531 -190037.1000000000
536 -189914.1000000000
537 -189420.1000000000
551 -189010.1000000000
554 -188130.1000000000
575 -187831.1000000000
582 -187262.1000000000
592 -186147.1000000000
594 -186017.1000000000
597 -185653.1000000000
600 -185598.1000000000
601 -185520.1000000000
603 -185055.1000000000
604 -184747.1000000000
609 -184420.1000000000
614 -183158.1000000000
615 -182658.1000000000
617 -182383.1000000000
635 -182300.1000000000
642 -181585.1000000000
667 -181535.1000000000
672 -181439.1000000000
676 -181287.1000000000
678 -181147.1000000000
681 -181114.1000000000
692 -180551.1000000000
713 -180514.1000000000
734 -180187.1000000000
749 -180128.1000000000
756 -179786.1000000000
763 -179480.1000000000
782 -176542.1000000000
806 -175952.1000000000
835 -175487.1000000000
839 -173369.1000000000
864 -172904.1000000000
894 -172781.1000000000
898 -172504.1000000000
909 -171668.1000000000
954 -171329.1000000000
976 -171081.1000000000
978 -170058.1000000000
986 -170054.1000000000
994 -169445.1000000000
1022 -169034.1000000000
1024 -168966.1000000000
1028 -168404.1000000000
1044 -167682.1000000000
1083 -166557.1000000000
1096 -166388.1000000000
1109 -166341.1000000000
1116 -165978.1000000000
1127 -165778.1000000000
1137 -164917.1000000000
1199 -164911.1000000000
1201 -163415.1000000000
1225 -162069.1000000000
1228 -162019.1000000000
1238 -160517.1000000000
1330 -160171.1000000000
1350 25451.9604088783
1353 26252.3838160180
1412 26413.9366341819
1436 26542.9965017969
1441 26590.0024794869
1467 26868.5055931630
1698 27001.5289553933
1751 27193.6243717772
1816 27402.1698275049
1950 27508.5547409103
2264 27928.8970647606
3306 27971.8982169241
3485 28082.6781716060
3728 28110.5834444792
3735 28214.5103149569
3758 28310.8301620166
4176 28495.1109360329
4449 28723.5316635074
5805 28924.0574815754
5864 29077.0637929281
5902 29262.9048158693
8139 29455.7704296410
10010 29455.7704296410
evaluations raw_y
1 -269846.1000000000
2 -259927.1000000000
12 -259907.1000000000
21 -256073.1000000000
23 -254591.1000000000
24 -252037.1000000000
25 -248664.1000000000
43 -247245.1000000000
45 -244045.1000000000
57 -243777.1000000000
63 -243223.1000000000
69 -238549.1000000000
73 -238085.1000000000
79 -236498.1000000000
84 -235921.1000000000
107 -235596.1000000000
110 -234158.1000000000
115 -234106.1000000000
116 -230774.1000000000
127 -230561.1000000000
134 -228315.1000000000
144 -228091.1000000000
145 -226927.1000000000
150 -226816.1000000000
159 -224314.1000000000
175 -224014.1000000000
191 -223534.1000000000
198 -223292.1000000000
204 -222659.1000000000
217 -221213.1000000000
232 -220388.1000000000
234 -219031.1000000000
262 -218929.1000000000
264 -217585.1000000000
265 -216808.1000000000
274 -216446.1000000000
283 -216093.1000000000
288 -215183.1000000000
289 -215071.1000000000
296 -214608.1000000000
308 -212906.1000000000
312 -211783.1000000000
333 -211416.1000000000
334 -211340.1000000000
337 -210091.1000000000
361 -209664.1000000000
363 -208053.1000000000
378 -208002.1000000000
381 -207888.1000000000
386 -207426.1000000000
388 -207224.1000000000
389 -205753.1000000000
397 -203641.1000000000
412 -203121.1000000000
425 -202294.1000000000
440 -201854.1000000000
441 -200443.1000000000
444 -199473.1000000000
458 -198937.1000000000
463 -198363.1000000000
482 -197845.1000000000
484 -197508.1000000000
485 -197156.1000000000
492 -196515.1000000000
496 -196251.1000000000
505 -195914.1000000000
509 -195604.1000000000
513 -195548.1000000000
518 -195048.1000000000
526 -194644.1000000000
529 -194404.1000000000
533 -194038.1000000000
547 -193586.1000000000
548 -192635.1000000000
551 -192168.1000000000
565 -190478.1000000000
576 -188787.1000000000
614 -188738.1000000000
618 -188438.1000000000
646 -188004.1000000000
652 -187609.1000000000
689 -187562.1000000000
715 -185718.1000000000
719 -183814.1000000000
727 -183603.1000000000
738 -181970.1000000000
749 -181020.1000000000
776 -180752.1000000000
778 -180619.1000000000
792 -180158.1000000000
794 -179341.1000000000
800 -178874.1000000000
815 -177221.1000000000
833 -175169.1000000000
840 -175067.1000000000
849 -174681.1000000000
864 -174586.1000000000
868 -174479.1000000000
869 -174329.1000000000
874 -173784.1000000000
884 -173650.1000000000
897 -173198.1000000000
905 -172640.1000000000
912 -172020.1000000000
925 -169857.1000000000
940 -168034.1000000000
958 -167846.1000000000
971 -167773.1000000000
973 -167406.1000000000
977 -167083.1000000000
983 -166901.1000000000
986 -166039.1000000000
988 -165847.1000000000
993 -164189.1000000000
1010 -162907.1000000000
1021 -162110.1000000000
1028 -161796.1000000000
1049 -161706.1000000000
1057 -161392.1000000000
1084 -160896.1000000000
1139 -160477.1000000000
1177 -160366.1000000000
1195 -160014.1000000000
1214 24746.4438538256
1215 25345.3523653649
1230 25420.7953324960
1256 25552.7677385941
1275 25669.4416773915
1326 25810.2179126651
1371 26013.1453121527
1462 26208.2000285424
1488 26607.8258360928
1610 26807.6348405426
1693 26907.5380022802
2748 26992.0413532323
2810 27172.9810978211
2877 27211.3245549660
2885 27293.2217885191
2887 27315.4015764822
2897 27403.6213914264
2910 27426.7988230859
2912 27507.6448010605
2921 27514.9276932098
2956 27617.4755508518
3636 27687.8730875818
3679 27731.6690407827
3745 27917.2324183272
3905 28056.8204068260
4708 28270.9555422199
4718 28614.4627693140
4772 28716.8523775736
4775 28745.6497523926
4815 28823.2148834290
4816 28847.2801268019
4824 28953.2932144727
5938 28955.2517998034
5980 29083.2616413356
6465 29168.9931764073
6545 29288.9246247987
8458 29575.0682444305
8505 29742.3237012945
8653 29742.6132378360
8962 29872.6418538969
8999 30096.7325734480
9064 30139.1803132391
9095 30345.0104888854
9337 30492.5476684504
9946 30713.8475443798
10010 30713.8475443798
evaluations raw_y
1 -287964.1000000000
2 -283556.1000000000
3 -260257.1000000000
20 -259620.1000000000
22 -259452.1000000000
25 -256554.1000000000
32 -254095.1000000000
38 -250144.1000000000
45 -249110.1000000000
49 -248906.1000000000
50 -248168.1000000000
53 -241837.1000000000
64 -235883.1000000000
73 -233034.1000000000
88 -231977.1000000000
98 -231038.1000000000
102 -227679.1000000000
108 -227409.1000000000
125 -227142.1000000000
128 -225438.1000000000
140 -223752.1000000000
165 -221753.1000000000
195 -220106.1000000000
203 -218626.1000000000
222 -218563.1000000000
223 -218321.1000000000
238 -217917.1000000000
240 -217436.1000000000
268 -216262.1000000000
274 -216210.1000000000
280 -216013.1000000000
292 -215332.1000000000
294 -215125.1000000000
297 -213951.1000000000
307 -213728.1000000000
316 -211063.1000000000
346 -210519.1000000000
350 -210263.1000000000
359 -209931.1000000000
374 -209416.1000000000
378 -209371.1000000000
379 -209070.1000000000
397 -208344.1000000000
404 -208330.1000000000
405 -207718.1000000000
407 -207320.1000000000
434 -206969.1000000000
443 -206446.1000000000
454 -205487.1000000000
456 -205031.1000000000
457 -204882.1000000000
474 -204659.1000000000
478 -203641.1000000000
479 -202677.1000000000
483 -200904.1000000000
492 -200049.1000000000
502 -199878.1000000000
505 -199278.1000000000
515 -198641.1000000000
519 -197615.1000000000
520 -196419.1000000000
539 -196114.1000000000
542 -195424.1000000000
559 -195022.1000000000
573 -194656.1000000000
580 -194436.1000000000
581 -194371.1000000000
584 -194006.1000000000
585 -193957.1000000000
591 -193206.1000000000
593 -192329.1000000000
613 -191473.1000000000
632 -190920.1000000000
639 -190482.1000000000
655 -189880.1000000000
662 -188247.1000000000
674 -186328.1000000000
678 -186015.1000000000
682 -185407.1000000000
691 -185375.1000000000
697 -183873.1000000000
701 -183563.1000000000
704 -181872.1000000000
723 -181335.1000000000
734 -181109.1000000000
757 -180626.1000000000
760 -179166.1000000000
762 -178457.1000000000
778 -178343.1000000000
814 -176414.1000000000
841 -176206.1000000000
845 -175998.1000000000
853 -175108.1000000000
856 -174346.1000000000
861 -173930.1000000000
880 -173199.1000000000
887 -173120.1000000000
903 -171965.1000000000
928 -171382.1000000000
947 -171142.1000000000
958 -171048.1000000000
996 -170904.1000000000
1001 -170060.1000000000
1016 -167722.1000000000
1034 -166302.1000000000
1047 -166160.1000000000
1056 -165583.1000000000
1070 -165230.1000000000
1075 -165031.1000000000
1079 -164688.1000000000
1080 -164294.1000000000
1081 -162217.1000000000
1093 -161432.1000000000
1098 -160831.1000000000
1101 -160056.1000000000
1124 25224.2810385648
1134 25715.2407664301
1168 26074.1948337868
1174 26106.4156595056
1188 26324.6918705487
1236 26421.1491960737
1270 26449.8916915439
1534 26505.8851742427
1601 26558.9755989223
1614 26628.1645578549
1616 26701.8117292711
1708 26901.9079684971
1801 27016.7291243755
2383 27272.1139615800
2454 27599.2705928283
3234 27699.2630896945
3634 27756.4564453589
3663 28040.1142049890
4526 28692.3276354046
5009 28794.6758420850
5066 28865.4757752858
5214 28994.7136253868
7143 29185.8813834038
8048 29308.7146743225
8148 29585.8102117731
10010 29585.8102117731
evaluations raw_y
1 -251072.1000000000
38 -250463.1000000000
44 -237459.1000000000
57 -229258.1000000000
74 -226116.1000000000
113 -224681.1000000000
116 -223433.1000000000
124 -220776.1000000000
131 -219757.1000000000
134 -219048.1000000000
147 -217234.1000000000
150 -216102.1000000000
153 -215725.1000000000
156 -215098.1000000000
159 -214408.1000000000
167 -213933.1000000000
179 -212454.1000000000
192 -211309.1000000000
194 -210829.1000000000
206 -210025.1000000000
212 -209724.1000000000
218 -208986.1000000000
224 -207913.1000000000
241 -207839.1000000000
249 -206907.1000000000
251 -204575.1000000000
258 -203110.1000000000
283 -201321.1000000000
296 -200315.1000000000
309 -200221.1000000000
335 -197973.1000000000
365 -197606.1000000000
367 -197328.1000000000
374 -197018.1000000000
384 -196996.1000000000
386 -196839.1000000000
392 -196299.1000000000
394 -196101.1000000000
396 -196099.1000000000
403 -195683.1000000000
407 -194792.1000000000
420 -193769.1000000000
428 -193388.1000000000
435 -192925.1000000000
445 -192642.1000000000
452 -191202.1000000000
454 -190802.1000000000
464 -190798.1000000000
475 -190517.1000000000
476 -190442.1000000000
478 -190202.1000000000
481 -190200.1000000000
484 -189751.1000000000
486 -188759.1000000000
497 -188403.1000000000
511 -186699.1000000000
528 -186592.1000000000
536 -185373.1000000000
547 -185102.1000000000
560 -184414.1000000000
578 -183862.1000000000
580 -183740.1000000000
601 -183350.1000000000
623 -181484.1000000000
649 -181155.1000000000
655 -180434.1000000000
675 -179667.1000000000
696 -179656.1000000000
699 -179605.1000000000
701 -178712.1000000000
703 -178477.1000000000
708 -178404.1000000000
713 -177669.1000000000
724 -177416.1000000000
726 -177163.1000000000
729 -177049.1000000000
741 -176929.1000000000
744 -176479.1000000000
769 -176388.1000000000
777 -176277.1000000000
791 -175594.1000000000
796 -175289.1000000000
808 -175087.1000000000
840 -174671.1000000000
858 -174035.1000000000
883 -172504.1000000000
900 -172140.1000000000
920 -172008.1000000000
922 -171941.1000000000
924 -170020.1000000000
940 -169787.1000000000
948 -169407.1000000000
967 -168639.1000000000
985 -168538.1000000000
1000 -168229.1000000000
1016 -167858.1000000000
1048 -167719.1000000000
1052 -166721.1000000000
1055 -165416.1000000000
1057 -165275.1000000000
1106 -164303.1000000000
1172 -162885.1000000000
1221 -162414.1000000000
1301 -161939.1000000000
1310 -161351.1000000000
1339 -161349.1000000000
1346 -160373.1000000000
1368 25063.9683076878
1423 25564.6331636685
1437 26020.2521407128
1565 26135.0274423947
1791 26335.0337375078
2226 26451.6854090449
2757 26554.3801083766
2762 26686.8380264457
2860 26786.8172921196
4483 26888.2292768356
5488 27288.1379265805
5813 27302.7537646964
5865 27404.4334994988
5881 27817.0068050392
5996 27917.5128359334
6027 27928.5868560234
6190 28067.2930013763
6266 28281.1651266451
6279 28341.7212885471
6299 28458.4079023368
7483 28506.5128962115
7596 28687.1803978393
8907 28740.1799097023
10010 28740.1799097023
evaluations raw_y
1 -276883.1000000000
2 -257513.1000000000
17 -255812.1000000000
23 -251637.1000000000
28 -248445.1000000000
33 -248395.1000000000
45 -243838.1000000000
46 -242969.1000000000
58 -241122.1000000000
64 -240758.1000000000
66 -240660.1000000000
78 -240383.1000000000
79 -237746.1000000000
81 -236771.1000000000
93 -235134.1000000000
97 -234735.1000000000
99 -234438.1000000000
106 -232701.1000000000
116 -231620.1000000000
121 -229697.1000000000
137 -228590.1000000000
141 -226724.1000000000
153 -225438.1000000000
164 -225424.1000000000
167 -225269.1000000000
171 -224850.1000000000
173 -224583.1000000000
177 -224276.1000000000
181 -223832.1000000000
183 -223590.1000000000
185 -223581.1000000000
195 -221157.1000000000
206 -220584.1000000000
209 -220382.1000000000
211 -218676.1000000000
224 -215812.1000000000
226 -215423.1000000000
238 -215035.1000000000
241 -214510.1000000000
242 -212384.1000000000
254 -212338.1000000000
258 -211578.1000000000
265 -210071.1000000000
271 -208649.1000000000
273 -208215.1000000000
274 -206085.1000000000
300 -205988.1000000000
313 -205279.1000000000
339 -204725.1000000000
353 -204652.1000000000
362 -204643.1000000000
363 -204081.1000000000
377 -204016.1000000000
382 -203294.1000000000
384 -202865.1000000000
391 -201898.1000000000
395 -200614.1000000000
424 -200346.1000000000
431 -200102.1000000000
434 -199624.1000000000
435 -199513.1000000000
437 -199062.1000000000
438 -197106.1000000000
441 -196946.1000000000
466 -196738.1000000000
475 -196384.1000000000
501 -196016.1000000000
502 -195396.1000000000
505 -195239.1000000000
527 -195233.1000000000
552 -194651.1000000000
557 -192308.1000000000
567 -192302.1000000000
569 -191714.1000000000
586 -191487.1000000000
587 -189354.1000000000
589 -188668.1000000000
594 -188556.1000000000
607 -188477.1000000000
618 -188093.1000000000
639 -186633.1000000000
652 -186160.1000000000
671 -185830.1000000000
676 -185419.1000000000
693 -183986.1000000000
695 -183472.1000000000
714 -183047.1000000000
739 -182668.1000000000
754 -182649.1000000000
755 -181914.1000000000
767 -180114.1000000000
783 -179804.1000000000
813 -179533.1000000000
818 -179310.1000000000
826 -179223.1000000000
840 -178137.1000000000
867 -177583.1000000000
871 -175897.1000000000
892 -174747.1000000000
904 -174041.1000000000
918 -173768.1000000000
928 -171684.1000000000
948 -170915.1000000000
952 -170812.1000000000
962 -170493.1000000000
967 -168424.1000000000
979 -168049.1000000000
1026 -167853.1000000000
1031 -167716.1000000000
1040 -167612.1000000000
1047 -167137.1000000000
1048 -166197.1000000000
1092 -165222.1000000000
1095 -163932.1000000000
1110 -163832.1000000000
1126 -163339.1000000000
1142 -163190.1000000000
1144 -163151.1000000000
1148 -163011.1000000000
1161 -162823.1000000000
1183 -162697.1000000000
1189 -162597.1000000000
1190 -162409.1000000000
1245 -162158.1000000000
1246 -161183.1000000000
1262 -160410.1000000000
1264 -160309.1000000000
1283 28527.7055630315
1439 28669.9767788117
1908 28773.3079905978
2903 28903.6950441920
3206 28963.1901931695
3245 29042.3660054032
3294 29103.0711557101
3410 29334.6260845770
3615 29456.7191052061
3695 29571.9745262295
4618 29616.4720853628
4809 29760.9073000357
6303 29871.9340582936
6622 29975.6762800441
6700 30120.0843000974
10010 30120.0843000974
evaluations raw_y
1 -264454.1000000000
18 -259106.1000000000
20 -257805.1000000000
24 -256891.1000000000
25 -253132.1000000000
27 -252768.1000000000
32 -247132.1000000000
44 -246811.1000000000
49 -235868.1000000000
66 -231536.1000000000
70 -231191.1000000000
77 -230136.1000000000
91 -230072.1000000000
98 -229035.1000000000
102 -228952.1000000000
104 -227963.1000000000
111 -227431.1000000000
113 -226189.1000000000
124 -225903.1000000000
129 -225229.1000000000
131 -222787.1000000000
138 -222573.1000000000
153 -220085.1000000000
166 -219803.1000000000
174 -219188.1000000000
177 -218326.1000000000
182 -217854.1000000000
190 -216580.1000000000
198 -216230.1000000000
199 -215495.1000000000
214 -214911.1000000000
222 -214732.1000000000
226 -213672.1000000000
234 -213666.1000000000
235 -213524.1000000000
246 -213214.1000000000
263 -213181.1000000000
264 -213010.1000000000
270 -210762.1000000000
276 -210729.1000000000
309 -209491.1000000000
312 -208866.1000000000
318 -208649.1000000000
335 -205843.1000000000
350 -205791.1000000000
372 -205589.1000000000
379 -201263.1000000000
394 -199802.1000000000
397 -199274.1000000000
409 -197675.1000000000
416 -196974.1000000000
420 -196852.1000000000
431 -196095.1000000000
443 -195757.1000000000
447 -194815.1000000000
465 -194073.1000000000
481 -193334.1000000000
490 -193248.1000000000
504 -192472.1000000000
519 -191040.1000000000
540 -190544.1000000000
553 -190193.1000000000
565 -190060.1000000000
567 -189685.1000000000
576 -189318.1000000000
581 -188201.1000000000
610 -188037.1000000000
625 -187834.1000000000
631 -183449.1000000000
638 -182962.1000000000
659 -182860.1000000000
676 -182373.1000000000
678 -182101.1000000000
684 -181200.1000000000
702 -180611.1000000000
711 -180377.1000000000
714 -180213.1000000000
720 -179999.1000000000
721 -179372.1000000000
729 -178491.1000000000
733 -178093.1000000000
738 -177630.1000000000
762 -177178.1000000000
765 -176998.1000000000
777 -176546.1000000000
778 -174911.1000000000
812 -174737.1000000000
822 -174641.1000000000
825 -174507.1000000000
833 -173951.1000000000
837 -173391.1000000000
840 -173195.1000000000
848 -172701.1000000000
867 -171611.1000000000
869 -171301.1000000000
890 -171300.1000000000
893 -171239.1000000000
923 -170615.1000000000
926 -170177.1000000000
941 -169491.1000000000
950 -169105.1000000000
956 -168606.1000000000
966 -168112.1000000000
967 -166928.1000000000
988 -165405.1000000000
993 -164544.1000000000
998 -163880.1000000000
999 -163509.1000000000
1001 -163087.1000000000
1007 -162676.1000000000
1009 -162110.1000000000
1034 -161688.1000000000
1062 -161574.1000000000
1081 -161488.1000000000
1088 -160616.1000000000
1099 -160278.1000000000
1113 -160141.1000000000
1119 25728.1000702933
1121 26135.7122600287
1149 26212.8110131759
1214 26262.8422990381
1228 26314.6595172211
1240 26410.0498229761
1275 26551.8925031079
1297 26654.1649553107
1329 26657.1476241691
1352 26771.7715117278
1362 26790.9296160541
1689 27086.7493682804
1694 27113.2657210476
1702 27198.4313521862
1707 27389.8557060513
1738 27600.6999184689
1747 27664.7967931868
1807 27717.6707349490
2019 27764.0077880869
2179 27777.3595634075
2180 28295.5169696087
2989 28308.1353554769
3013 28508.7486685857
3058 28623.8735779862
3098 29029.0658932598
3113 29139.6571252732
3477 29187.1034300743
3571 29315.3931459613
3585 29324.4499175378
3897 29534.1338776773
4106 29762.0199615657
5521 29785.1389883802
5617 30099.7181905765
7823 30171.7219818508
10010 -160716.1000000000
evaluations raw_y
1 -270924.1000000000
6 -260000.1000000000
17 -257657.1000000000
18 -256568.1000000000
21 -256235.1000000000
23 -252442.1000000000
32 -252130.1000000000
41 -250458.1000000000
46 -247192.1000000000
54 -245804.1000000000
55 -245316.1000000000
59 -241252.1000000000
74 -238282.1000000000
87 -238074.1000000000
91 -236488.1000000000
92 -236076.1000000000
98 -236005.1000000000
100 -234977.1000000000
103 -234684.1000000000
104 -233780.1000000000
112 -232015.1000000000
123 -231009.1000000000
132 -230898.1000000000
138 -229330.1000000000
150 -228287.1000000000
163 -227995.1000000000
167 -227983.1000000000
180 -227747.1000000000
186 -226995.1000000000
197 -226039.1000000000
199 -225376.1000000000
203 -225071.1000000000
213 -224503.1000000000
226 -224081.1000000000
233 -223825.1000000000
237 -223390.1000000000
239 -223056.1000000000
259 -221907.1000000000
279 -221523.1000000000
286 -220921.1000000000
297 -220719.1000000000
298 -220333.1000000000
299 -219512.1000000000
311 -219198.1000000000
312 -218529.1000000000
313 -218164.1000000000
326 -217954.1000000000
340 -217797.1000000000
342 -217341.1000000000
355 -216785.1000000000
357 -215449.1000000000
377 -213969.1000000000
404 -213960.1000000000
408 -212553.1000000000
434 -212403.1000000000
435 -210661.1000000000
459 -209234.1000000000
471 -208878.1000000000
497 -208647.1000000000
516 -208636.1000000000
517 -208250.1000000000
531 -208008.1000000000
546 -206905.1000000000
552 -206651.1000000000
553 -204752.1000000000
570 -204444.1000000000
574 -204299.1000000000
577 -203250.1000000000
587 -201950.1000000000
616 -200794.1000000000
631 -199379.1000000000
657 -198622.1000000000
662 -198157.1000000000
664 -197692.1000000000
672 -196612.1000000000
680 -195440.1000000000
703 -195245.1000000000
712 -194968.1000000000
713 -194332.1000000000
739 -194274.1000000000
748 -194051.1000000000
750 -193993.1000000000
762 -193802.1000000000
763 -193801.1000000000
775 -192767.1000000000
794 -192761.1000000000
796 -192115.1000000000
812 -191828.1000000000
816 -191790.1000000000
818 -191509.1000000000
838 -191462.1000000000
847 -191409.1000000000
855 -191362.1000000000
859 -190712.1000000000
875 -189561.1000000000
878 -189296.1000000000
901 -189239.1000000000
906 -188950.1000000000
907 -188893.1000000000
910 -187574.1000000000
933 -187056.1000000000
936 -186999.1000000000
941 -186977.1000000000
948 -186742.1000000000
964 -185923.1000000000
973 -185405.1000000000
982 -185005.1000000000
990 -184804.1000000000
1020 -184761.1000000000
1021 -184061.1000000000
1022 -183945.1000000000
1025 -183535.1000000000
1037 -183529.1000000000
1042 -179777.1000000000
1078 -177811.1000000000
1097 -177401.1000000000
1104 -176095.1000000000
1106 -176089.1000000000
1107 -175679.1000000000
1113 -174909.1000000000
1126 -174707.1000000000
1127 -174297.1000000000
1136 -174143.1000000000
1146 -173203.1000000000
1156 -172963.1000000000
1163 -172716.1000000000
1170 -172476.1000000000
1189 -170850.1000000000
1202 -170610.1000000000
1225 -169348.1000000000
1246 -169108.1000000000
1252 -168826.1000000000
1257 -168788.1000000000
1265 -168703.1000000000
1279 -168451.1000000000
1313 -168061.1000000000
1325 -167923.1000000000
1349 -166949.1000000000
1366 -166559.1000000000
1369 -165773.1000000000
1384 -165754.1000000000
1388 -165364.1000000000
1410 -164924.1000000000
1417 -163973.1000000000
1437 -163800.1000000000
1441 -163494.1000000000
1442 -162827.1000000000
1486 -162437.1000000000
1492 -161739.1000000000
1506 -161065.1000000000
1518 -160874.1000000000
1520 -160817.1000000000
1535 24200.6755660921
1549 24478.9569073678
1571 24765.4172839484
1576 25617.7852125339
1592 25740.6282094912
1615 25757.7680584068
1710 25857.1684853995
1748 25857.2243484128
1778 25959.5281473620
2150 26159.2974395260
2690 26432.9967009054
2776 26574.9442609508
2806 26659.3412620131
2828 26855.4349602258
2841 26859.4566924554
3017 27259.6802763738
3067 27272.1336248574
3089 27361.0961360716
3109 27374.4183773254
3116 27396.9359337880
3118 27544.2940643109
3160 27645.8669249739
3181 27652.8879271143
3230 27750.0331544001
3551 27924.9515829665
3601 28017.3789555008
3636 28330.2101152930
3659 28620.8567019689
3810 28773.2602034944
3925 28880.6080866329
4083 28940.0930592929
4197 29027.4702232399
4245 29258.9998308623
4265 29422.7435750415
4361 29494.1129041365
4684 29596.2111975465
4756 29631.8538835138
4902 29762.3728402113
7675 29839.9630906323
7767 30279.5897460068
8063 30413.1393314819
8285 30445.2660665437
8451 30562.8333811629
8555 30697.7005040990
10010 30697.7005040990
evaluations raw_y
1 -278147.1000000000
6 -278067.1000000000
8 -265943.1000000000
12 -263231.1000000000
36 -259440.1000000000
41 -257855.1000000000
43 -257090.1000000000
50 -252373.1000000000
51 -251250.1000000000
53 -246896.1000000000
75 -242632.1000000000
91 -241056.1000000000
92 -234603.1000000000
99 -234394.1000000000
115 -233447.1000000000
116 -233434.1000000000
123 -233390.1000000000
126 -232192.1000000000
128 -230510.1000000000
135 -229485.1000000000
166 -228620.1000000000
173 -222449.1000000000
196 -221074.1000000000
205 -219106.1000000000
219 -217825.1000000000
232 -217392.1000000000
243 -217034.1000000000
251 -215518.1000000000
258 -215024.1000000000
260 -214340.1000000000
261 -212596.1000000000
279 -211983.1000000000
307 -210990.1000000000
311 -209001.1000000000
339 -208361.1000000000
342 -206877.1000000000
354 -205733.1000000000
362 -205340.1000000000
373 -204853.1000000000
374 -204019.1000000000
380 -203549.1000000000
382 -202108.1000000000
400 -200668.1000000000
424 -199708.1000000000
437 -198295.1000000000
445 -197333.1000000000
453 -197107.1000000000
456 -196494.1000000000
469 -194886.1000000000
478 -194736.1000000000
482 -194074.1000000000
511 -193325.1000000000
521 -191460.1000000000
535 -190706.1000000000
550 -190434.1000000000
566 -190352.1000000000
569 -190240.1000000000
584 -189146.1000000000
593 -188832.1000000000
597 -187885.1000000000
599 -187296.1000000000
644 -186906.1000000000
651 -186680.1000000000
659 -186664.1000000000
679 -186438.1000000000
691 -186256.1000000000
703 -185844.1000000000
704 -185196.1000000000
717 -184376.1000000000
731 -184335.1000000000
735 -183515.1000000000
754 -182480.1000000000
771 -181615.1000000000
785 -180694.1000000000
810 -180272.1000000000
812 -180150.1000000000
828 -178902.1000000000
836 -178480.1000000000
848 -178428.1000000000
853 -176107.1000000000
904 -175494.1000000000
936 -173732.1000000000
963 -173484.1000000000
970 -173138.1000000000
1025 -171838.1000000000
1034 -171484.1000000000
1036 -170561.1000000000
1066 -169501.1000000000
1084 -168283.1000000000
1129 -167282.1000000000
1145 -166862.1000000000
1146 -165498.1000000000
1174 -164550.1000000000
1190 -164052.1000000000
1222 -163826.1000000000
1241 -163820.1000000000
1248 -163632.1000000000
1251 -163615.1000000000
1256 -163265.1000000000
1257 -163136.1000000000
1278 -162982.1000000000
1279 -162920.1000000000
1283 -162553.1000000000
1315 -162293.1000000000
1325 -161926.1000000000
1351 -160952.1000000000
1384 27033.0149560600
1392 27095.1324154734
1422 27450.2199719711
1423 27680.5635843664
1457 27833.2074127360
1581 27935.4118220194
1677 28035.5677108383
1767 28057.3404207440
1805 28247.6098991485
1826 28278.4580178770
1828 28286.6692352799
1867 28506.2837854927
1894 28679.3353280873
1913 29080.1267162057
2021 29186.4138185062
2045 29311.5171781855
2719 29504.3614316289
3007 29611.8200948942
3015 29704.7690726810
3044 29812.2076851220
3790 29862.2864570685
3863 30076.9365998362
3864 30249.6451258457
3874 30307.6073375000
3902 30322.7528877784
3913 30517.9800914847
4275 30529.1459797726
4346 30944.8283023555
4356 30958.9487096711
4682 31092.4047759626
4733 31097.5783399488
5530 31102.9296346072
5663 31333.7611222063
5688 31353.8388200081
6458 31512.4283184964
10010 -161156.1000000000
