run,evaluations,best_so_far
1,29234,386.0
1,29262,386.0
1,29288,386.0
1,29306,386.0
1,29324,386.0
1,29915,386.0
1,29941,386.0
1,29943,386.0
1,29957,403.0
1,29983,403.0
1,30001,403.0
1,30015,403.0
1,30029,403.0
1,30031,403.0
1,30059,403.0
1,30087,408.0
1,30105,408.0
1,30107,408.0
1,30133,408.0
1,30151,408.0
1,30165,408.0
1,30179,408.0
1,30195,408.0
1,30213,408.0
1,30241,408.0
1,30269,408.0
1,30285,414.0
1,30313,414.0
1,30341,414.0
1,30371,414.0
1,30387,414.0
1,30401,414.0
1,30423,414.0
1,30437,414.0
1,30465,414.0
1,30479,414.0
1,30507,414.0
1,30533,434.0
1,30561,434.0
1,30591,434.0
1,30617,434.0
1,30643,434.0
1,30657,434.0
1,30693,434.0
1,30707,434.0
1,30723,434.0
1,30753,434.0
1,30769,434.0
1,30783,434.0
1,30811,434.0
1,30839,434.0
1,30871,434.0
1,30901,434.0
1,30931,434.0
1,30945,434.0
1,30961,434.0
1,30977,434.0
1,30993,434.0
1,31007,434.0
1,31033,434.0
1,31035,434.0
1,31051,434.0
1,31077,450.0
1,31095,450.0
1,31097,450.0
1,31099,450.0
1,31129,450.0
1,31131,450.0
1,31159,450.0
1,31173,450.0
1,31175,450.0
1,31203,450.0
1,31221,450.0
1,31251,450.0
1,31265,450.0
1,31295,450.0
1,31325,450.0
1,31341,450.0
1,31369,450.0
1,31399,450.0
1,31425,450.0
1,31451,450.0
1,31465,450.0
1,31479,450.0
1,31493,450.0
1,31495,450.0
1,31523,450.0
1,31549,468.0
1,31575,468.0
1,31589,468.0
1,31619,468.0
1,31621,468.0
1,31647,468.0
1,31661,468.0
1,31691,468.0
1,31705,468.0
1,31707,468.0
1,31721,468.0
1,31737,468.0
1,31765,468.0
1,31779,468.0
1,31809,468.0
1,31825,468.0
1,31827,468.0
1,31855,468.0
1,31869,468.0
1,31871,468.0
1,31897,468.0
1,31911,468.0
1,31929,468.0
1,31955,468.0
1,31983,468.0
1,32009,468.0
1,32035,468.0
1,32063,468.0
1,32089,468.0
1,32103,468.0
1,32117,468.0
1,32145,468.0
1,32159,468.0
1,32189,468.0
1,32215,474.0
1,32233,474.0
1,32263,474.0
1,32277,474.0
1,32305,474.0
1,32335,474.0
1,32361,474.0
1,32363,474.0
1,32393,474.0
1,32407,474.0
1,32435,474.0
1,32449,474.0
1,32477,474.0
1,32511,474.0
1,32513,474.0
1,32527,474.0
1,32553,474.0
1,32571,474.0
1,32573,474.0
1,32605,474.0
1,32621,474.0
1,32637,474.0
1,32653,474.0
1,32683,474.0
1,32711,474.0
1,32727,474.0
1,32741,474.0
1,32769,474.0
1,32789,474.0
1,32815,474.0
1,32829,474.0
1,32845,474.0
1,32847,474.0
1,32865,474.0
1,32879,474.0
1,32907,474.0
1,32921,474.0
1,32947,488.0
1,32961,488.0
1,32963,488.0
1,32989,488.0
1,33017,488.0
1,33043,488.0
1,33059,488.0
1,33087,489.0
1,33101,489.0
1,33117,489.0
1,33119,489.0
1,33133,489.0
1,33159,490.0
1,33173,491.0
1,33199,491.0
1,33225,493.0
1,33241,493.0
1,33255,493.0
1,33281,494.0
1,33315,494.0
1,33333,494.0
1,33347,494.0
1,33361,503.0
1,33375,503.0
1,33401,503.0
1,33427,503.0
1,33429,503.0
1,33443,503.0
1,33473,503.0
1,33501,503.0
1,33515,503.0
1,33543,503.0
1,33557,509.0
1,33571,509.0
1,33599,509.0
1,33623,509.0
1,33651,509.0
1,33679,509.0
1,33705,509.0
1,33707,509.0
1,33735,509.0
1,33737,509.0
1,33765,509.0
1,33781,509.0
1,33783,509.0
1,33801,509.0
1,33829,509.0
1,33849,509.0
1,33851,509.0
1,33883,509.0
1,33897,509.0
1,33913,509.0
1,33929,509.0
1,33943,509.0
1,33957,509.0
1,33971,509.0
1,34001,509.0
1,34017,509.0
1,34035,509.0
1,34051,509.0
1,34065,509.0
1,34097,509.0
1,34113,509.0
1,34127,509.0
1,34141,513.0
1,34157,513.0
1,34159,513.0
1,34185,513.0
1,34213,520.0
1,34227,520.0
1,34241,520.0
1,34259,520.0
1,34275,520.0
1,34289,520.0
1,34315,520.0
1,34317,520.0
1,34331,520.0
1,34357,520.0
1,34387,520.0
1,34403,520.0
1,34429,520.0
1,34447,520.0
1,34473,520.0
1,34499,520.0
1,34525,520.0
1,34539,520.0
1,34541,520.0
1,34559,520.0
1,34595,520.0
1,34609,520.0
1,34611,520.0
1,34625,520.0
1,34641,520.0
1,34659,520.0
1,34675,520.0
1,34677,520.0
1,34713,520.0
1,34739,520.0
1,34755,520.0
1,34769,520.0
1,34783,520.0
1,34801,520.0
1,34827,520.0
1,34841,520.0
1,34857,520.0
1,34887,520.0
1,34901,520.0
1,34919,520.0
1,34945,520.0
1,34959,520.0
1,34973,520.0
1,34987,520.0
1,34989,520.0
1,34991,520.0
1,35005,520.0
1,35019,520.0
1,35021,520.0
1,35049,520.0
1,35063,520.0
1,35077,520.0
1,35107,520.0
1,35121,520.0
1,35135,520.0
1,35161,520.0
1,35163,520.0
1,35165,520.0
1,35193,520.0
1,35219,520.0
1,35245,520.0
1,35263,520.0
1,35265,520.0
1,35267,520.0
1,35295,520.0
1,35297,520.0
1,35311,520.0
1,35343,520.0
1,35373,520.0
1,35399,520.0
1,35413,520.0
1,35429,520.0
1,35443,520.0
1,35445,520.0
1,35447,520.0
1,35449,520.0
1,35451,520.0
1,35453,520.0
1,35467,520.0
1,35483,520.0
1,35497,520.0
1,35531,520.0
1,35557,520.0
1,35575,520.0
1,35589,542.0
1,35621,542.0
1,35649,542.0
1,35651,542.0
1,35679,542.0
1,35681,542.0
1,35713,542.0
1,35727,542.0
1,35741,542.0
1,35743,542.0
1,35771,542.0
1,35785,542.0
1,35801,542.0
1,35827,542.0
1,35855,542.0
1,35857,542.0
1,35889,542.0
1,35915,542.0
1,35929,542.0
1,35961,542.0
1,35977,542.0
1,35979,542.0
1,35993,542.0
1,36007,542.0
1,36023,542.0
1,36043,542.0
1,36057,542.0
1,36087,542.0
1,36113,542.0
1,36143,542.0
1,36173,542.0
1,36199,542.0
1,36217,542.0
1,36231,542.0
1,36247,542.0
1,36277,542.0
1,36279,542.0
1,36281,542.0
1,36283,542.0
1,36297,542.0
1,36323,542.0
1,36325,542.0
1,36339,542.0
1,36369,542.0
1,36383,542.0
1,36397,542.0
1,36399,542.0
1,36425,542.0
1,36451,542.0
1,36479,542.0
1,36511,542.0
1,36537,542.0
1,36551,542.0
1,36565,542.0
1,36595,542.0
1,36621,542.0
1,36635,542.0
1,36649,542.0
1,36651,542.0
1,36667,542.0
1,36681,542.0
1,36709,542.0
1,36711,542.0
1,36713,542.0
1,36715,542.0
1,36731,542.0
1,36747,542.0
1,36775,542.0
1,36777,542.0
1,36795,542.0
1,36825,542.0
1,36853,542.0
1,36881,542.0
1,36895,542.0
1,36921,542.0
1,36937,542.0
1,36951,542.0
1,36965,542.0
1,36979,542.0
1,36993,542.0
1,37025,542.0
1,37053,542.0
1,37069,542.0
1,37071,542.0
1,37101,542.0
1,37129,542.0
1,37157,542.0
1,37159,542.0
1,37161,542.0
1,37175,542.0
1,37203,542.0
1,37217,542.0
1,37235,542.0
1,37249,542.0
1,37277,542.0
1,37305,542.0
1,37331,542.0
1,37359,542.0
1,37375,542.0
1,37403,542.0
1,37419,542.0
1,37445,542.0
1,37459,542.0
1,37473,542.0
1,37489,542.0
1,37505,542.0
1,37525,542.0
1,37555,542.0
1,37569,542.0
1,37571,542.0
1,37603,542.0
1,37617,542.0
1,37631,542.0
1,37657,542.0
1,37659,542.0
1,37673,542.0
1,37701,542.0
1,37729,542.0
1,37761,542.0
1,37777,542.0
1,37791,542.0
1,37817,542.0
1,37819,542.0
1,37821,542.0
1,37851,542.0
1,37877,542.0
1,37879,542.0
1,37905,542.0
1,37931,542.0
1,37933,542.0
1,37947,542.0
1,37961,542.0
1,37993,542.0
1,38021,542.0
1,38037,542.0
1,38057,542.0
1,38089,542.0
1,38103,542.0
1,38129,542.0
1,38147,542.0
1,38149,542.0
1,38177,542.0
1,38205,542.0
1,38221,542.0
1,38235,542.0
1,38263,542.0
1,38281,542.0
1,38313,542.0
1,38315,542.0
1,38345,542.0
1,38363,542.0
1,38381,542.0
1,38397,542.0
1,38411,542.0
1,38413,542.0
1,38439,542.0
1,38453,542.0
1,38455,542.0
1,38469,542.0
1,38471,542.0
1,38499,542.0
1,38513,545.0
1,38541,545.0
1,38571,545.0
1,38597,545.0
1,38631,545.0
1,38657,545.0
1,38659,545.0
1,38687,545.0
1,38689,545.0
1,38703,545.0
1,38721,545.0
1,38749,545.0
1,38763,545.0
1,38779,545.0
1,38799,545.0
1,38829,545.0
1,38843,545.0
1,38861,545.0
1,38863,545.0
1,38891,545.0
1,38917,545.0
1,38949,545.0
1,38969,545.0
1,38983,545.0
1,39011,545.0
1,39027,545.0
1,39043,545.0
1,39057,545.0
1,39071,545.0
1,39099,545.0
1,39125,545.0
1,39153,545.0
1,39169,545.0
1,39195,545.0
1,39223,545.0
2,29324,385.0
2,29352,385.0
2,29370,385.0
2,29400,385.0
2,29975,385.0
2,29977,385.0
2,29991,385.0
2,29993,385.0
2,30007,385.0
2,30033,385.0
2,30047,385.0
2,30075,385.0
2,30091,385.0
2,30123,385.0
2,30137,385.0
2,30163,385.0
2,30189,385.0
2,30191,385.0
2,30193,385.0
2,30207,394.0
2,30209,394.0
2,30235,423.0
2,30265,423.0
2,30287,423.0
2,30301,423.0
2,30303,423.0
2,30305,423.0
2,30333,423.0
2,30359,436.0
2,30391,436.0
2,30405,436.0
2,30431,436.0
2,30447,436.0
2,30475,436.0
2,30509,436.0
2,30523,437.0
2,30539,437.0
2,30565,447.0
2,30591,447.0
2,30605,447.0
2,30621,447.0
2,30635,447.0
2,30651,447.0
2,30679,447.0
2,30693,447.0
2,30719,447.0
2,30735,447.0
2,30749,447.0
2,30775,447.0
2,30803,447.0
2,30831,447.0
2,30845,447.0
2,30871,459.0
2,30885,481.0
2,30887,481.0
2,30901,481.0
2,30927,481.0
2,30953,481.0
2,30971,481.0
2,30999,481.0
2,31013,481.0
2,31015,481.0
2,31047,481.0
2,31061,481.0
2,31087,481.0
2,31115,481.0
2,31129,481.0
2,31155,481.0
2,31157,481.0
2,31183,481.0
2,31197,481.0
2,31223,481.0
2,31237,481.0
2,31253,481.0
2,31281,481.0
2,31307,481.0
2,31321,481.0
2,31347,481.0
2,31377,481.0
2,31405,481.0
2,31433,481.0
2,31447,481.0
2,31475,481.0
2,31489,483.0
2,31503,483.0
2,31531,483.0
2,31565,483.0
2,31567,483.0
2,31595,483.0
2,31621,483.0
2,31637,483.0
2,31667,483.0
2,31699,483.0
2,31713,483.0
2,31727,483.0
2,31753,483.0
2,31781,483.0
2,31795,483.0
2,31797,483.0
2,31827,483.0
2,31843,483.0
2,31871,483.0
2,31899,486.0
2,31925,486.0
2,31953,486.0
2,31969,486.0
2,31999,486.0
2,32001,486.0
2,32027,486.0
2,32041,486.0
2,32057,486.0
2,32059,486.0
2,32075,486.0
2,32103,486.0
2,32131,487.0
2,32133,487.0
2,32147,487.0
2,32149,487.0
2,32163,487.0
2,32191,487.0
2,32205,487.0
2,32233,487.0
2,32249,487.0
2,32265,487.0
2,32293,487.0
2,32295,487.0
2,32327,487.0
2,32355,487.0
2,32369,487.0
2,32397,487.0
2,32399,487.0
2,32427,487.0
2,32441,487.0
2,32455,487.0
2,32457,487.0
2,32471,487.0
2,32485,487.0
2,32513,487.0
2,32527,487.0
2,32541,487.0
2,32571,490.0
2,32573,490.0
2,32599,490.0
2,32629,490.0
2,32659,490.0
2,32661,490.0
2,32675,490.0
2,32703,490.0
2,32717,490.0
2,32745,490.0
2,32747,490.0
2,32749,490.0
2,32763,490.0
2,32777,490.0
2,32793,490.0
2,32795,490.0
2,32821,490.0
2,32849,490.0
2,32877,490.0
2,32891,490.0
2,32893,490.0
2,32921,490.0
2,32953,490.0
2,32967,490.0
2,32997,490.0
2,33011,490.0
2,33039,490.0
2,33069,490.0
2,33097,490.0
2,33129,490.0
2,33155,497.0
2,33181,497.0
2,33195,497.0
2,33211,497.0
2,33239,497.0
2,33271,497.0
2,33285,497.0
2,33311,497.0
2,33327,497.0
2,33359,497.0
2,33385,497.0
2,33417,497.0
2,33433,497.0
2,33435,497.0
2,33437,497.0
2,33439,497.0
2,33455,497.0
2,33471,497.0
2,33503,497.0
2,33517,497.0
2,33531,497.0
2,33533,497.0
2,33547,497.0
2,33561,497.0
2,33587,497.0
2,33613,497.0
2,33631,497.0
2,33661,497.0
2,33687,497.0
2,33713,501.0
2,33727,506.0
2,33759,506.0
2,33773,506.0
2,33799,506.0
2,33829,506.0
2,33855,507.0
2,33871,507.0
2,33887,507.0
2,33903,507.0
2,33929,507.0
2,33943,507.0
2,33969,507.0
2,33999,507.0
2,34027,507.0
2,34043,507.0
2,34069,507.0
2,34097,507.0
2,34113,507.0
2,34145,507.0
2,34171,507.0
2,34201,507.0
2,34215,507.0
2,34243,507.0
2,34257,507.0
2,34271,507.0
2,34287,507.0
2,34289,507.0
2,34303,507.0
2,34329,507.0
2,34345,507.0
2,34361,507.0
2,34375,507.0
2,34393,507.0
2,34423,507.0
2,34437,507.0
2,34451,507.0
2,34453,507.0
2,34481,507.0
2,34519,507.0
2,34533,507.0
2,34559,507.0
2,34589,507.0
2,34603,507.0
2,34619,507.0
2,34621,507.0
2,34635,507.0
2,34663,507.0
2,34693,507.0
2,34695,507.0
2,34721,507.0
2,34751,507.0
2,34765,507.0
2,34779,507.0
2,34807,507.0
2,34809,507.0
2,34835,507.0
2,34849,507.0
2,34865,507.0
2,34901,507.0
2,34917,507.0
2,34931,507.0
2,34957,507.0
2,34983,507.0
2,35015,507.0
2,35029,507.0
2,35059,507.0
2,35073,507.0
2,35101,507.0
2,35117,507.0
2,35133,507.0
2,35147,507.0
2,35173,507.0
2,35199,507.0
2,35213,507.0
2,35215,507.0
2,35229,507.0
2,35243,507.0
2,35269,507.0
2,35271,507.0
2,35301,507.0
2,35327,507.0
2,35329,507.0
2,35359,507.0
2,35387,507.0
2,35389,507.0
2,35405,507.0
2,35435,507.0
2,35451,507.0
2,35477,507.0
2,35491,507.0
2,35519,507.0
2,35539,507.0
2,35575,507.0
2,35601,507.0
2,35627,507.0
2,35657,507.0
2,35673,507.0
2,35689,507.0
2,35703,507.0
2,35731,507.0
2,35745,507.0
2,35773,507.0
2,35799,510.0
2,35801,510.0
2,35803,510.0
2,35805,510.0
2,35835,510.0
2,35865,510.0
2,35881,510.0
2,35907,510.0
2,35935,510.0
2,35937,510.0
2,35939,510.0
2,35953,510.0
2,35967,510.0
2,35981,510.0
2,35995,518.0
2,36009,518.0
2,36023,518.0
2,36037,518.0
2,36055,518.0
2,36081,518.0
2,36095,518.0
2,36123,518.0
2,36153,518.0
2,36179,518.0
2,36193,518.0
2,36209,518.0
2,36223,518.0
2,36239,518.0
2,36267,518.0
2,36289,518.0
2,36315,518.0
2,36343,518.0
2,36371,518.0
2,36387,518.0
2,36403,518.0
2,36419,518.0
2,36437,518.0
2,36453,518.0
2,36455,518.0
2,36473,518.0
2,36489,518.0
2,36503,518.0
2,36531,524.0
2,36533,524.0
2,36563,524.0
2,36589,524.0
2,36603,524.0
2,36619,524.0
2,36645,524.0
2,36673,524.0
2,36699,525.0
2,36717,525.0
2,36719,525.0
2,36733,525.0
2,36751,525.0
2,36767,525.0
2,36795,525.0
2,36809,525.0
2,36823,525.0
2,36851,525.0
2,36865,525.0
2,36867,525.0
2,36881,525.0
2,36895,525.0
2,36897,525.0
2,36913,525.0
2,36941,525.0
2,36969,525.0
2,36995,525.0
2,37023,525.0
2,37051,525.0
2,37065,525.0
2,37081,525.0
2,37111,525.0
2,37143,525.0
2,37173,525.0
2,37175,525.0
2,37213,525.0
2,37229,525.0
2,37245,525.0
2,37275,525.0
2,37289,525.0
2,37291,525.0
2,37321,525.0
2,37349,525.0
2,37377,528.0
2,37391,528.0
2,37421,528.0
2,37441,528.0
2,37443,528.0
2,37457,528.0
2,37459,528.0
2,37475,528.0
2,37489,528.0
2,37515,528.0
2,37531,528.0
2,37533,528.0
2,37561,528.0
2,37589,528.0
2,37591,528.0
2,37607,528.0
2,37621,528.0
2,37637,528.0
2,37653,528.0
2,37679,528.0
2,37681,528.0
2,37707,528.0
2,37735,528.0
2,37767,528.0
2,37793,528.0
2,37809,528.0
2,37823,528.0
2,37837,528.0
2,37863,528.0
2,37879,528.0
2,37905,528.0
2,37923,528.0
2,37949,528.0
2,37979,528.0
2,37993,528.0
2,38021,528.0
2,38037,528.0
2,38065,528.0
2,38085,528.0
2,38087,528.0
2,38119,528.0
2,38133,528.0
2,38149,528.0
2,38163,528.0
2,38165,528.0
2,38193,528.0
2,38207,528.0
2,38233,528.0
2,38249,528.0
2,38263,528.0
2,38293,528.0
2,38321,528.0
2,38349,528.0
2,38375,528.0
2,38403,528.0
2,38433,528.0
2,38447,528.0
2,38449,528.0
2,38463,528.0
2,38465,528.0
2,38467,528.0
2,38469,528.0
2,38485,528.0
2,38511,528.0
2,38525,528.0
2,38539,528.0
2,38557,528.0
2,38587,528.0
2,38601,528.0
2,38633,528.0
2,38661,528.0
2,38691,528.0
2,38721,528.0
2,38737,528.0
2,38753,528.0
2,38771,528.0
2,38787,528.0
2,38813,528.0
2,38827,528.0
2,38855,528.0
2,38887,528.0
2,38901,528.0
2,38919,528.0
2,38937,528.0
2,38963,528.0
2,38965,528.0
2,38967,528.0
2,38969,528.0
2,38997,528.0
2,39011,528.0
2,39041,528.0
2,39055,528.0
2,39081,530.0
2,39095,530.0
2,39109,530.0
2,39123,530.0
2,39137,530.0
2,39163,530.0
2,39177,530.0
2,39207,530.0
2,39221,530.0
2,39235,530.0
2,39249,530.0
2,39263,530.0
2,39283,530.0
2,39285,530.0
2,39313,530.0
2,39329,530.0
3,29418,388.0
3,29444,392.0
3,29470,392.0
3,29472,392.0
3,29500,392.0
3,29518,392.0
3,29548,393.0
3,30099,393.0
3,30127,422.0
3,30155,425.0
3,30169,425.0
3,30171,425.0
3,30185,425.0
3,30213,425.0
3,30227,425.0
3,30243,438.0
3,30257,438.0
3,30283,438.0
3,30297,438.0
3,30311,438.0
3,30327,438.0
3,30359,438.0
3,30385,438.0
3,30413,438.0
3,30415,438.0
3,30417,438.0
3,30433,438.0
3,30447,438.0
3,30449,438.0
3,30483,438.0
3,30497,438.0
3,30527,438.0
3,30553,438.0
3,30579,438.0
3,30595,438.0
3,30621,441.0
3,30649,441.0
3,30663,441.0
3,30677,441.0
3,30679,441.0
3,30693,441.0
3,30707,441.0
3,30733,441.0
3,30761,441.0
3,30777,441.0
3,30805,441.0
3,30819,441.0
3,30849,441.0
3,30863,441.0
3,30865,441.0
3,30879,441.0
3,30907,441.0
3,30923,441.0
3,30957,441.0
3,30983,441.0
3,31017,441.0
3,31043,441.0
3,31057,441.0
3,31071,441.0
3,31099,441.0
3,31113,441.0
3,31131,441.0
3,31133,441.0
3,31151,441.0
3,31165,441.0
3,31195,441.0
3,31211,441.0
3,31225,441.0
3,31253,441.0
3,31283,441.0
3,31299,441.0
3,31331,441.0
3,31357,441.0
3,31389,441.0
3,31417,441.0
3,31419,441.0
3,31445,441.0
3,31463,441.0
3,31481,441.0
3,31497,441.0
3,31513,441.0
3,31527,441.0
3,31557,441.0
3,31583,448.0
3,31613,448.0
3,31641,448.0
3,31669,448.0
3,31671,448.0
3,31697,448.0
3,31711,448.0
3,31713,448.0
3,31739,448.0
3,31741,448.0
3,31755,448.0
3,31783,448.0
3,31785,448.0
3,31811,448.0
3,31825,457.0
3,31857,457.0
3,31871,457.0
3,31899,457.0
3,31927,457.0
3,31945,457.0
3,31971,457.0
3,31973,457.0
3,31991,457.0
3,32009,457.0
3,32023,457.0
3,32025,457.0
3,32053,457.0
3,32073,457.0
3,32089,457.0
3,32107,457.0
3,32123,457.0
3,32137,457.0
3,32151,457.0
3,32165,457.0
3,32191,462.0
3,32205,462.0
3,32221,462.0
3,32235,462.0
3,32249,462.0
3,32263,462.0
3,32281,462.0
3,32297,462.0
3,32311,462.0
3,32333,462.0
3,32359,462.0
3,32387,462.0
3,32415,462.0
3,32429,462.0
3,32443,462.0
3,32473,462.0
3,32501,462.0
3,32529,463.0
3,32555,479.0
3,32571,479.0
3,32601,479.0
3,32617,479.0
3,32645,479.0
3,32659,479.0
3,32687,479.0
3,32701,479.0
3,32729,479.0
3,32743,479.0
3,32745,479.0
3,32771,479.0
3,32785,479.0
3,32813,479.0
3,32829,479.0
3,32855,479.0
3,32869,479.0
3,32871,479.0
3,32873,479.0
3,32887,479.0
3,32901,479.0
3,32915,479.0
3,32943,479.0
3,32959,479.0
3,32989,479.0
3,33015,479.0
3,33017,479.0
3,33051,479.0
3,33081,479.0
3,33083,479.0
3,33099,479.0
3,33115,479.0
3,33143,479.0
3,33145,479.0
3,33163,479.0
3,33177,479.0
3,33191,495.0
3,33207,495.0
3,33233,495.0
3,33251,495.0
3,33267,495.0
3,33281,495.0
3,33307,502.0
3,33321,502.0
3,33351,502.0
3,33365,502.0
3,33379,502.0
3,33409,502.0
3,33437,502.0
3,33453,502.0
3,33469,502.0
3,33497,502.0
3,33499,502.0
3,33519,502.0
3,33535,502.0
3,33549,502.0
3,33551,502.0
3,33565,502.0
3,33583,502.0
3,33615,502.0
3,33631,502.0
3,33645,502.0
3,33659,502.0
3,33673,502.0
3,33689,502.0
3,33703,502.0
3,33729,502.0
3,33755,502.0
3,33781,502.0
3,33795,502.0
3,33821,502.0
3,33823,502.0
3,33825,502.0
3,33839,502.0
3,33853,502.0
3,33871,502.0
3,33885,502.0
3,33921,502.0
3,33951,502.0
3,33965,502.0
3,33979,502.0
3,33999,502.0
3,34015,502.0
3,34031,502.0
3,34033,502.0
3,34047,502.0
3,34061,502.0
3,34089,502.0
3,34091,502.0
3,34119,502.0
3,34149,502.0
3,34163,502.0
3,34177,502.0
3,34207,502.0
3,34223,502.0
3,34237,502.0
3,34239,502.0
3,34253,502.0
3,34281,502.0
3,34283,502.0
3,34299,502.0
3,34329,502.0
3,34345,502.0
3,34373,502.0
3,34387,502.0
3,34389,502.0
3,34405,502.0
3,34407,502.0
3,34433,502.0
3,34459,502.0
3,34489,502.0
3,34503,502.0
3,34535,502.0
3,34549,502.0
3,34565,502.0
3,34591,502.0
3,34593,502.0
3,34607,506.0
3,34625,506.0
3,34657,506.0
3,34675,506.0
3,34691,506.0
3,34693,506.0
3,34695,506.0
3,34721,506.0
3,34747,506.0
3,34773,506.0
3,34799,506.0
3,34813,506.0
3,34831,506.0
3,34847,506.0
3,34861,506.0
3,34895,506.0
3,34923,506.0
3,34937,506.0
3,34951,506.0
3,34953,506.0
3,34981,506.0
3,34995,506.0
3,35009,506.0
3,35035,506.0
3,35051,506.0
3,35079,506.0
3,35093,506.0
3,35095,506.0
3,35131,506.0
3,35159,506.0
3,35187,506.0
3,35215,506.0
3,35229,506.0
3,35259,506.0
3,35287,506.0
3,35317,506.0
3,35345,506.0
3,35359,506.0
3,35373,506.0
3,35401,506.0
3,35439,506.0
3,35441,506.0
3,35469,506.0
3,35483,506.0
3,35509,506.0
3,35511,506.0
3,35513,506.0
3,35527,506.0
3,35555,506.0
3,35569,506.0
3,35571,506.0
3,35585,506.0
3,35601,506.0
3,35603,506.0
3,35619,506.0
3,35651,506.0
3,35653,506.0
3,35655,506.0
3,35657,506.0
3,35673,506.0
3,35701,506.0
3,35727,506.0
3,35745,506.0
3,35747,506.0
3,35773,506.0
3,35787,506.0
3,35813,506.0
3,35827,506.0
3,35841,506.0
3,35843,506.0
3,35871,506.0
3,35905,506.0
3,35931,507.0
3,35961,507.0
3,35991,507.0
3,36017,520.0
3,36019,520.0
3,36033,520.0
3,36035,520.0
3,36037,520.0
3,36069,520.0
3,36083,520.0
3,36097,520.0
3,36113,520.0
3,36129,520.0
3,36145,520.0
3,36165,520.0
3,36179,520.0
3,36207,520.0
3,36221,520.0
3,36237,520.0
3,36239,520.0
3,36269,520.0
3,36299,520.0
3,36313,520.0
3,36341,520.0
3,36359,520.0
3,36377,520.0
3,36391,520.0
3,36419,520.0
3,36449,520.0
3,36451,520.0
3,36479,520.0
3,36493,520.0
3,36495,520.0
3,36509,520.0
3,36537,520.0
3,36551,520.0
3,36553,520.0
3,36579,520.0
3,36599,520.0
3,36627,520.0
3,36653,520.0
3,36667,520.0
3,36681,520.0
3,36695,520.0
3,36709,520.0
3,36723,520.0
3,36753,520.0
3,36771,520.0
3,36799,520.0
3,36825,520.0
3,36855,524.0
3,36857,524.0
3,36873,524.0
3,36901,524.0
3,36929,524.0
3,36959,524.0
3,36973,525.0
3,37001,525.0
3,37027,525.0
3,37043,525.0
3,37063,525.0
3,37091,525.0
3,37105,525.0
3,37135,525.0
3,37153,525.0
3,37181,525.0
3,37197,525.0
3,37223,525.0
3,37237,525.0
3,37251,525.0
3,37267,525.0
3,37269,525.0
3,37295,525.0
3,37309,525.0
3,37323,525.0
3,37353,525.0
3,37367,525.0
3,37393,525.0
3,37409,525.0
3,37431,525.0
3,37445,525.0
3,37463,525.0
3,37491,526.0
3,37517,526.0
3,37545,526.0
3,37559,526.0
3,37561,526.0
3,37591,526.0
3,37617,526.0
3,37633,526.0
3,37647,526.0
3,37661,526.0
3,37675,526.0
3,37689,526.0
3,37721,526.0
3,37737,526.0
3,37763,526.0
3,37799,526.0
3,37813,526.0
3,37831,526.0
3,37861,526.0
3,37889,526.0
3,37919,526.0
3,37921,526.0
3,37935,526.0
3,37949,526.0
3,37965,526.0
3,37979,526.0
3,37995,526.0
3,37997,526.0
3,38011,526.0
3,38037,526.0
3,38053,526.0
3,38071,526.0
3,38087,526.0
3,38101,526.0
3,38129,526.0
3,38131,526.0
3,38147,526.0
3,38175,526.0
3,38191,526.0
3,38221,526.0
3,38237,526.0
3,38251,526.0
3,38265,526.0
3,38291,526.0
3,38325,526.0
3,38341,526.0
3,38355,526.0
3,38381,526.0
3,38399,526.0
3,38413,526.0
3,38439,526.0
3,38459,526.0
3,38487,526.0
3,38515,526.0
3,38531,526.0
3,38565,526.0
3,38595,526.0
3,38613,526.0
3,38641,526.0
3,38657,526.0
3,38687,526.0
3,38703,526.0
3,38719,526.0
3,38747,526.0
3,38761,526.0
3,38789,526.0
3,38791,526.0
3,38819,526.0
3,38833,526.0
3,38861,526.0
3,38887,526.0
3,38905,526.0
3,38933,526.0
3,38949,526.0
3,38963,526.0
3,38991,526.0
3,39005,526.0
3,39021,526.0
3,39023,526.0
3,39043,526.0
3,39057,526.0
3,39059,526.0
3,39091,527.0
3,39119,527.0
3,39135,527.0
3,39163,527.0
3,39191,527.0
3,39193,527.0
3,39219,527.0
3,39235,527.0
3,39251,527.0
3,39277,527.0
3,39279,527.0
3,39281,527.0
3,39283,527.0
3,39299,527.0
3,39327,527.0
3,39329,527.0
3,39343,527.0
3,39373,527.0
3,39399,527.0
4,29088,379.0
4,29090,395.0
4,29116,424.0
4,29142,424.0
4,29170,424.0
4,29721,424.0
4,29723,424.0
4,29749,424.0
4,29765,424.0
4,29793,424.0
4,29821,424.0
4,29823,424.0
4,29837,424.0
4,29839,424.0
4,29841,424.0
4,29855,446.0
4,29869,446.0
4,29895,446.0
4,29925,446.0
4,29939,446.0
4,29957,446.0
4,29985,446.0
4,30011,446.0
4,30041,446.0
4,30071,446.0
4,30073,446.0
4,30089,446.0
4,30119,446.0
4,30121,446.0
4,30149,446.0
4,30177,466.0
4,30193,466.0
4,30209,466.0
4,30225,466.0
4,30239,466.0
4,30267,466.0
4,30293,466.0
4,30321,466.0
4,30337,466.0
4,30363,466.0
4,30379,466.0
4,30381,466.0
4,30395,466.0
4,30397,466.0
4,30413,466.0
4,30427,466.0
4,30429,466.0
4,30455,466.0
4,30485,466.0
4,30499,466.0
4,30513,466.0
4,30529,466.0
4,30561,466.0
4,30589,466.0
4,30619,466.0
4,30635,466.0
4,30651,466.0
4,30667,466.0
4,30695,466.0
4,30697,466.0
4,30729,466.0
4,30743,466.0
4,30745,466.0
4,30759,466.0
4,30761,466.0
4,30789,466.0
4,30803,466.0
4,30821,466.0
4,30841,466.0
4,30863,466.0
4,30877,466.0
4,30891,466.0
4,30907,466.0
4,30933,466.0
4,30949,466.0
4,30975,466.0
4,30977,466.0
4,31003,466.0
4,31017,466.0
4,31045,466.0
4,31061,466.0
4,31091,466.0
4,31117,466.0
4,31131,466.0
4,31161,466.0
4,31163,466.0
4,31191,466.0
4,31205,466.0
4,31231,466.0
4,31247,466.0
4,31265,466.0
4,31267,466.0
4,31285,466.0
4,31287,466.0
4,31301,466.0
4,31319,466.0
4,31335,466.0
4,31337,466.0
4,31353,466.0
4,31371,466.0
4,31401,466.0
4,31427,466.0
4,31429,466.0
4,31443,466.0
4,31457,466.0
4,31483,466.0
4,31513,466.0
4,31527,466.0
4,31543,466.0
4,31557,466.0
4,31571,466.0
4,31585,466.0
4,31587,466.0
4,31613,466.0
4,31645,466.0
4,31663,466.0
4,31679,466.0
4,31705,466.0
4,31719,466.0
4,31733,466.0
4,31759,466.0
4,31761,466.0
4,31777,466.0
4,31779,466.0
4,31809,466.0
4,31825,466.0
4,31827,466.0
4,31841,488.0
4,31843,488.0
4,31845,488.0
4,31873,488.0
4,31903,488.0
4,31933,488.0
4,31965,488.0
4,31981,488.0
4,31983,488.0
4,32009,488.0
4,32011,488.0
4,32037,488.0
4,32039,488.0
4,32055,488.0
4,32073,488.0
4,32099,488.0
4,32113,488.0
4,32127,488.0
4,32141,488.0
4,32169,488.0
4,32195,488.0
4,32197,488.0
4,32225,488.0
4,32239,488.0
4,32241,488.0
4,32243,488.0
4,32277,488.0
4,32279,488.0
4,32307,488.0
4,32309,488.0
4,32323,488.0
4,32337,488.0
4,32353,488.0
4,32383,488.0
4,32397,488.0
4,32425,488.0
4,32459,488.0
4,32473,488.0
4,32487,488.0
4,32523,488.0
4,32539,488.0
4,32567,488.0
4,32597,488.0
4,32613,488.0
4,32615,488.0
4,32617,488.0
4,32649,488.0
4,32663,488.0
4,32691,488.0
4,32693,488.0
4,32695,488.0
4,32697,488.0
4,32727,488.0
4,32741,488.0
4,32769,488.0
4,32771,488.0
4,32773,488.0
4,32801,488.0
4,32803,488.0
4,32819,488.0
4,32833,488.0
4,32849,488.0
4,32851,488.0
4,32879,488.0
4,32881,488.0
4,32911,488.0
4,32945,488.0
4,32959,507.0
4,32991,507.0
4,33007,507.0
4,33035,507.0
4,33049,507.0
4,33077,507.0
4,33103,507.0
4,33133,507.0
4,33149,507.0
4,33165,507.0
4,33191,507.0
4,33207,507.0
4,33221,507.0
4,33235,507.0
4,33251,507.0
4,33265,507.0
4,33279,507.0
4,33295,507.0
4,33309,507.0
4,33335,507.0
4,33367,507.0
4,33399,507.0
4,33425,507.0
4,33439,507.0
4,33469,507.0
4,33483,507.0
4,33499,507.0
4,33513,507.0
4,33541,510.0
4,33571,510.0
4,33585,510.0
4,33599,510.0
4,33625,510.0
4,33657,510.0
4,33673,510.0
4,33689,510.0
4,33703,510.0
4,33731,510.0
4,33733,510.0
4,33759,510.0
4,33775,510.0
4,33789,510.0
4,33791,510.0
4,33817,510.0
4,33831,510.0
4,33847,510.0
4,33849,510.0
4,33875,523.0
4,33877,523.0
4,33895,523.0
4,33911,523.0
4,33939,523.0
4,33969,523.0
4,33971,523.0
4,33999,523.0
4,34025,523.0
4,34027,523.0
4,34043,523.0
4,34071,523.0
4,34101,523.0
4,34115,523.0
4,34129,523.0
4,34147,523.0
4,34175,523.0
4,34177,523.0
4,34193,523.0
4,34219,523.0
4,34247,523.0
4,34261,523.0
4,34263,523.0
4,34277,526.0
4,34295,526.0
4,34321,526.0
4,34347,526.0
4,34361,526.0
4,34375,526.0
4,34377,526.0
4,34405,526.0
4,34437,526.0
4,34455,526.0
4,34483,526.0
4,34501,526.0
4,34503,526.0
4,34517,526.0
4,34543,526.0
4,34569,526.0
4,34585,526.0
4,34611,526.0
4,34613,526.0
4,34629,526.0
4,34657,526.0
4,34671,526.0
4,34685,526.0
4,34699,526.0
4,34727,526.0
4,34741,526.0
4,34767,526.0
4,34781,526.0
4,34799,526.0
4,34813,526.0
4,34829,526.0
4,34857,526.0
4,34873,526.0
4,34889,526.0
4,34905,526.0
4,34919,526.0
4,34937,526.0
4,34951,526.0
4,34967,526.0
4,34981,526.0
4,34995,526.0
4,34997,526.0
4,34999,526.0
4,35013,526.0
4,35027,526.0
4,35041,526.0
4,35067,526.0
4,35081,526.0
4,35083,526.0
4,35115,526.0
4,35143,526.0
4,35159,526.0
4,35161,526.0
4,35187,526.0
4,35203,526.0
4,35231,526.0
4,35257,526.0
4,35259,526.0
4,35287,526.0
4,35303,526.0
4,35305,526.0
4,35319,526.0
4,35321,526.0
4,35351,526.0
4,35381,526.0
4,35383,526.0
4,35397,526.0
4,35413,526.0
4,35443,526.0
4,35471,526.0
4,35473,526.0
4,35487,526.0
4,35503,526.0
4,35535,526.0
4,35555,526.0
4,35557,526.0
4,35573,526.0
4,35587,526.0
4,35615,526.0
4,35617,526.0
4,35619,526.0
4,35633,526.0
4,35661,526.0
4,35691,526.0
4,35705,526.0
4,35731,526.0
4,35757,526.0
4,35775,526.0
4,35789,526.0
4,35815,526.0
4,35843,526.0
4,35857,526.0
4,35871,526.0
4,35899,526.0
4,35915,526.0
4,35933,526.0
4,35961,526.0
4,35991,526.0
4,36005,526.0
4,36037,526.0
4,36051,526.0
4,36067,526.0
4,36095,526.0
4,36123,536.0
4,36149,536.0
4,36179,536.0
4,36181,536.0
4,36195,536.0
4,36221,536.0
4,36223,536.0
4,36249,536.0
4,36265,536.0
4,36295,536.0
4,36309,536.0
4,36325,536.0
4,36327,536.0
4,36341,536.0
4,36357,536.0
4,36371,536.0
4,36385,536.0
4,36413,536.0
4,36427,536.0
4,36429,536.0
4,36431,536.0
4,36445,536.0
4,36479,536.0
4,36505,536.0
4,36521,536.0
4,36547,536.0
4,36577,536.0
4,36603,536.0
4,36617,536.0
4,36631,536.0
4,36647,536.0
4,36649,536.0
4,36663,536.0
4,36683,536.0
4,36697,536.0
4,36711,536.0
4,36739,536.0
4,36755,536.0
4,36769,536.0
4,36799,536.0
4,36813,536.0
4,36815,536.0
4,36847,536.0
4,36875,536.0
4,36901,536.0
4,36903,536.0
4,36919,536.0
4,36933,536.0
4,36961,536.0
4,36987,536.0
4,37001,536.0
4,37003,536.0
4,37019,536.0
4,37033,536.0
4,37063,536.0
4,37077,536.0
4,37091,536.0
4,37105,536.0
4,37107,536.0
4,37139,536.0
4,37167,536.0
4,37195,536.0
4,37209,536.0
4,37223,536.0
4,37249,536.0
4,37265,536.0
4,37279,536.0
4,37307,536.0
4,37321,536.0
4,37347,536.0
4,37383,536.0
4,37385,536.0
4,37405,536.0
4,37435,536.0
4,37449,536.0
4,37475,536.0
4,37489,536.0
4,37505,536.0
4,37523,536.0
4,37537,536.0
4,37551,536.0
4,37577,536.0
4,37603,536.0
4,37631,536.0
4,37647,536.0
4,37661,536.0
4,37675,536.0
4,37689,536.0
4,37715,536.0
4,37717,536.0
4,37733,536.0
4,37761,536.0
4,37779,536.0
4,37781,536.0
4,37797,536.0
4,37811,536.0
4,37825,536.0
4,37855,536.0
4,37871,536.0
4,37897,536.0
4,37913,536.0
4,37931,536.0
4,37957,536.0
4,37991,536.0
4,38029,536.0
4,38043,536.0
4,38057,536.0
4,38071,536.0
4,38085,536.0
4,38099,536.0
4,38113,536.0
4,38131,536.0
4,38159,536.0
4,38173,536.0
4,38205,536.0
4,38219,536.0
4,38233,536.0
4,38265,536.0
4,38281,536.0
4,38283,536.0
4,38285,536.0
4,38315,536.0
4,38317,536.0
4,38345,536.0
4,38375,536.0
4,38399,536.0
4,38427,536.0
4,38429,536.0
4,38445,536.0
4,38459,536.0
4,38489,536.0
4,38519,536.0
4,38547,536.0
4,38549,536.0
4,38583,536.0
4,38597,536.0
4,38625,536.0
4,38639,536.0
4,38641,536.0
4,38659,536.0
4,38661,536.0
4,38677,536.0
4,38691,536.0
4,38705,536.0
4,38721,536.0
4,38749,536.0
4,38763,536.0
4,38781,536.0
4,38795,536.0
4,38809,536.0
4,38825,536.0
4,38839,536.0
4,38841,536.0
4,38867,536.0
4,38897,536.0
4,38911,536.0
4,38927,536.0
4,38941,536.0
4,38955,536.0
4,38957,536.0
4,38971,536.0
4,38997,536.0
4,39013,536.0
4,39041,536.0
4,39081,536.0
5,29550,385.0
5,29566,385.0
5,29580,385.0
5,29608,385.0
5,29634,394.0
5,30261,394.0
5,30287,394.0
5,30301,394.0
5,30329,394.0
5,30347,394.0
5,30361,394.0
5,30377,394.0
5,30391,394.0
5,30423,395.0
5,30437,409.0
5,30455,409.0
5,30483,409.0
5,30521,409.0
5,30535,409.0
5,30537,409.0
5,30539,409.0
5,30541,409.0
5,30555,454.0
5,30583,454.0
5,30609,454.0
5,30641,454.0
5,30673,454.0
5,30687,454.0
5,30701,454.0
5,30727,470.0
5,30757,470.0
5,30785,470.0
5,30799,470.0
5,30801,470.0
5,30829,470.0
5,30843,470.0
5,30845,470.0
5,30847,470.0
5,30849,470.0
5,30863,470.0
5,30865,470.0
5,30879,470.0
5,30893,470.0
5,30919,470.0
5,30933,470.0
5,30959,470.0
5,30987,470.0
5,31001,470.0
5,31027,470.0
5,31029,470.0
5,31055,470.0
5,31069,470.0
5,31101,470.0
5,31103,470.0
5,31119,470.0
5,31153,470.0
5,31183,470.0
5,31211,470.0
5,31213,470.0
5,31245,470.0
5,31259,470.0
5,31289,470.0
5,31315,470.0
5,31329,470.0
5,31361,470.0
5,31375,470.0
5,31409,470.0
5,31437,470.0
5,31467,470.0
5,31481,470.0
5,31495,470.0
5,31525,470.0
5,31539,470.0
5,31565,470.0
5,31579,470.0
5,31595,470.0
5,31609,470.0
5,31635,470.0
5,31649,470.0
5,31675,470.0
5,31689,470.0
5,31691,470.0
5,31705,470.0
5,31735,470.0
5,31763,470.0
5,31791,470.0
5,31817,470.0
5,31831,470.0
5,31847,470.0
5,31849,470.0
5,31863,470.0
5,31891,470.0
5,31909,470.0
5,31923,470.0
5,31949,470.0
5,31963,470.0
5,31981,470.0
5,32007,470.0
5,32021,470.0
5,32047,470.0
5,32073,470.0
5,32103,470.0
5,32105,470.0
5,32121,470.0
5,32153,470.0
5,32167,470.0
5,32197,470.0
5,32223,470.0
5,32225,470.0
5,32227,470.0
5,32241,470.0
5,32255,470.0
5,32269,470.0
5,32285,470.0
5,32317,470.0
5,32343,481.0
5,32357,481.0
5,32359,481.0
5,32373,503.0
5,32387,503.0
5,32401,503.0
5,32427,503.0
5,32457,503.0
5,32459,503.0
5,32473,503.0
5,32487,503.0
5,32501,503.0
5,32527,503.0
5,32561,503.0
5,32575,509.0
5,32589,518.0
5,32591,518.0
5,32619,518.0
5,32635,518.0
5,32661,518.0
5,32687,518.0
5,32701,518.0
5,32703,518.0
5,32731,518.0
5,32745,518.0
5,32747,518.0
5,32761,518.0
5,32775,518.0
5,32789,518.0
5,32817,518.0
5,32831,518.0
5,32845,518.0
5,32859,518.0
5,32873,518.0
5,32899,518.0
5,32913,518.0
5,32915,518.0
5,32943,518.0
5,32959,518.0
5,32989,518.0
5,33019,518.0
5,33021,518.0
5,33035,518.0
5,33061,518.0
5,33087,518.0
5,33113,518.0
5,33129,518.0
5,33155,518.0
5,33169,518.0
5,33183,518.0
5,33211,518.0
5,33227,518.0
5,33253,518.0
5,33281,518.0
5,33283,518.0
5,33299,518.0
5,33331,518.0
5,33345,518.0
5,33347,518.0
5,33363,518.0
5,33379,518.0
5,33395,518.0
5,33409,518.0
5,33441,518.0
5,33457,518.0
5,33489,518.0
5,33491,518.0
5,33519,518.0
5,33533,518.0
5,33559,518.0
5,33577,518.0
5,33591,518.0
5,33605,518.0
5,33619,518.0
5,33633,518.0
5,33647,518.0
5,33661,518.0
5,33675,518.0
5,33689,518.0
5,33703,518.0
5,33731,518.0
5,33733,518.0
5,33749,518.0
5,33765,518.0
5,33779,518.0
5,33807,518.0
5,33821,518.0
5,33849,518.0
5,33877,518.0
5,33891,518.0
5,33919,518.0
5,33937,518.0
5,33963,518.0
5,33977,518.0
5,33991,518.0
5,34017,518.0
5,34047,518.0
5,34077,518.0
5,34091,518.0
5,34119,518.0
5,34137,518.0
5,34151,518.0
5,34153,518.0
5,34167,518.0
5,34169,518.0
5,34199,518.0
5,34201,518.0
5,34215,518.0
5,34217,518.0
5,34231,518.0
5,34259,518.0
5,34273,518.0
5,34299,518.0
5,34329,518.0
5,34343,518.0
5,34345,518.0
5,34371,518.0
5,34399,518.0
5,34401,518.0
5,34415,518.0
5,34441,518.0
5,34457,518.0
5,34485,518.0
5,34499,518.0
5,34527,518.0
5,34553,518.0
5,34567,518.0
5,34593,518.0
5,34607,518.0
5,34621,518.0
5,34649,518.0
5,34683,518.0
5,34715,518.0
5,34747,518.0
5,34761,518.0
5,34777,518.0
5,34793,518.0
5,34807,518.0
5,34809,518.0
5,34823,518.0
5,34849,518.0
5,34863,518.0
5,34877,518.0
5,34879,518.0
5,34893,518.0
5,34909,518.0
5,34937,518.0
5,34963,518.0
5,34979,518.0
5,34981,518.0
5,34999,518.0
5,35027,518.0
5,35057,518.0
5,35085,518.0
5,35113,518.0
5,35143,518.0
5,35173,518.0
5,35187,518.0
5,35217,518.0
5,35245,518.0
5,35259,518.0
5,35273,518.0
5,35303,518.0
5,35317,518.0
5,35319,518.0
5,35333,518.0
5,35335,518.0
5,35353,518.0
5,35381,518.0
5,35395,518.0
5,35397,518.0
5,35425,518.0
5,35443,518.0
5,35457,518.0
5,35473,518.0
5,35487,518.0
5,35503,518.0
5,35517,518.0
5,35519,518.0
5,35533,518.0
5,35551,518.0
5,35553,518.0
5,35571,518.0
5,35597,518.0
5,35599,518.0
5,35615,518.0
5,35629,518.0
5,35645,518.0
5,35673,518.0
5,35703,518.0
5,35705,518.0
5,35721,518.0
5,35735,518.0
5,35753,518.0
5,35787,518.0
5,35803,518.0
5,35831,518.0
5,35857,518.0
5,35885,518.0
5,35911,518.0
5,35937,518.0
5,35963,518.0
5,35977,518.0
5,35991,518.0
5,36019,518.0
5,36045,518.0
5,36075,518.0
5,36107,518.0
5,36133,518.0
5,36147,518.0
5,36161,518.0
5,36179,518.0
5,36181,518.0
5,36195,518.0
5,36223,518.0
5,36253,518.0
5,36281,518.0
5,36295,518.0
5,36321,518.0
5,36335,518.0
5,36363,518.0
5,36377,518.0
5,36405,518.0
5,36423,518.0
5,36451,518.0
5,36479,518.0
5,36509,518.0
5,36523,518.0
5,36553,518.0
5,36567,518.0
5,36581,518.0
5,36611,518.0
5,36613,518.0
5,36627,518.0
5,36655,518.0
5,36657,518.0
5,36675,518.0
5,36705,518.0
5,36721,518.0
5,36749,518.0
5,36771,518.0
5,36801,518.0
5,36817,518.0
5,36833,518.0
5,36849,518.0
5,36877,518.0
5,36907,518.0
5,36921,518.0
5,36935,518.0
5,36961,518.0
5,36975,518.0
5,36993,518.0
5,37007,518.0
5,37035,518.0
5,37037,518.0
5,37065,518.0
5,37067,518.0
5,37093,518.0
5,37109,518.0
5,37137,518.0
5,37165,518.0
5,37179,518.0
5,37197,518.0
5,37223,518.0
5,37243,518.0
5,37257,518.0
5,37285,518.0
5,37299,528.0
5,37313,528.0
5,37339,528.0
5,37365,528.0
5,37391,528.0
5,37417,528.0
5,37443,534.0
5,37473,534.0
5,37503,534.0
5,37533,534.0
5,37551,534.0
5,37581,534.0
5,37595,534.0
5,37609,534.0
5,37635,534.0
5,37649,534.0
5,37669,534.0
5,37697,534.0
5,37713,534.0
5,37727,534.0
5,37743,534.0
5,37757,534.0
5,37771,534.0
5,37787,534.0
5,37803,534.0
5,37805,534.0
5,37821,534.0
5,37835,534.0
5,37867,534.0
5,37869,534.0
5,37883,534.0
5,37911,534.0
5,37943,534.0
5,37975,534.0
5,37991,534.0
5,38005,534.0
5,38021,534.0
5,38035,534.0
5,38049,534.0
5,38063,534.0
5,38077,534.0
5,38095,534.0
5,38109,534.0
5,38125,534.0
5,38127,534.0
5,38161,534.0
5,38175,534.0
5,38191,534.0
5,38221,534.0
5,38251,534.0
5,38265,534.0
5,38291,534.0
5,38323,534.0
5,38349,534.0
5,38375,534.0
5,38389,534.0
5,38407,534.0
5,38435,534.0
5,38437,534.0
5,38453,534.0
5,38479,534.0
5,38509,534.0
5,38541,534.0
5,38569,534.0
5,38599,534.0
5,38629,534.0
5,38655,534.0
5,38671,534.0
5,38687,534.0
5,38689,534.0
5,38703,534.0
5,38719,534.0
5,38733,534.0
5,38749,534.0
5,38765,534.0
5,38779,534.0
5,38809,534.0
5,38837,534.0
5,38851,534.0
5,38881,534.0
5,38883,534.0
5,38885,534.0
5,38887,534.0
5,38915,534.0
5,38929,534.0
5,38957,534.0
5,38985,534.0
5,38987,534.0
5,38989,534.0
5,39003,534.0
5,39029,534.0
5,39047,534.0
5,39065,534.0
5,39079,534.0
5,39111,534.0
5,39113,534.0
5,39127,534.0
5,39155,534.0
5,39169,534.0
5,39183,534.0
5,39209,534.0
5,39211,534.0
5,39237,534.0
5,39265,534.0
5,39291,534.0
5,39317,534.0
5,39347,534.0
5,39361,534.0
5,39389,534.0
5,39403,534.0
5,39429,534.0
5,39455,534.0
5,39483,534.0
5,39509,534.0
5,39523,534.0
6,29154,382.0
6,29168,382.0
6,29182,382.0
6,29196,382.0
6,29222,414.0
6,29248,429.0
6,29282,429.0
6,29296,429.0
6,29326,429.0
6,29344,429.0
6,29376,429.0
6,29390,429.0
6,29404,429.0
6,29977,429.0
6,29991,429.0
6,30011,429.0
6,30043,429.0
6,30069,429.0
6,30101,429.0
6,30115,429.0
6,30131,429.0
6,30145,429.0
6,30147,429.0
6,30173,429.0
6,30175,429.0
6,30189,429.0
6,30221,429.0
6,30249,429.0
6,30265,429.0
6,30267,429.0
6,30283,429.0
6,30285,429.0
6,30299,429.0
6,30327,438.0
6,30343,438.0
6,30357,438.0
6,30385,438.0
6,30415,438.0
6,30429,438.0
6,30443,438.0
6,30445,438.0
6,30447,438.0
6,30477,438.0
6,30491,438.0
6,30525,438.0
6,30539,438.0
6,30555,438.0
6,30557,438.0
6,30583,442.0
6,30597,442.0
6,30627,442.0
6,30657,442.0
6,30659,442.0
6,30661,442.0
6,30677,442.0
6,30691,442.0
6,30719,442.0
6,30751,442.0
6,30765,442.0
6,30779,442.0
6,30805,442.0
6,30821,442.0
6,30847,442.0
6,30861,442.0
6,30881,442.0
6,30911,442.0
6,30913,442.0
6,30915,442.0
6,30933,442.0
6,30947,442.0
6,30973,442.0
6,30975,442.0
6,30977,442.0
6,31007,442.0
6,31039,442.0
6,31053,442.0
6,31069,442.0
6,31071,442.0
6,31073,442.0
6,31087,442.0
6,31105,442.0
6,31119,442.0
6,31135,442.0
6,31149,442.0
6,31165,442.0
6,31193,442.0
6,31225,442.0
6,31255,442.0
6,31269,442.0
6,31297,442.0
6,31323,442.0
6,31341,442.0
6,31359,442.0
6,31387,442.0
6,31403,442.0
6,31417,442.0
6,31447,442.0
6,31463,442.0
6,31495,442.0
6,31497,442.0
6,31531,442.0
6,31533,442.0
6,31549,442.0
6,31563,442.0
6,31593,442.0
6,31619,453.0
6,31647,453.0
6,31649,453.0
6,31651,453.0
6,31653,453.0
6,31679,453.0
6,31705,453.0
6,31737,453.0
6,31751,453.0
6,31771,453.0
6,31801,453.0
6,31815,453.0
6,31829,453.0
6,31843,453.0
6,31869,453.0
6,31871,453.0
6,31897,462.0
6,31911,462.0
6,31937,462.0
6,31963,462.0
6,31989,462.0
6,32015,462.0
6,32017,462.0
6,32043,462.0
6,32069,462.0
6,32071,462.0
6,32101,462.0
6,32129,462.0
6,32131,462.0
6,32157,462.0
6,32185,462.0
6,32187,462.0
6,32201,462.0
6,32203,462.0
6,32229,462.0
6,32243,462.0
6,32257,462.0
6,32285,462.0
6,32317,462.0
6,32343,462.0
6,32369,462.0
6,32371,462.0
6,32385,462.0
6,32399,462.0
6,32415,462.0
6,32417,462.0
6,32445,462.0
6,32459,462.0
6,32485,463.0
6,32511,463.0
6,32513,463.0
6,32515,463.0
6,32545,463.0
6,32561,463.0
6,32591,463.0
6,32617,463.0
6,32651,463.0
6,32677,468.0
6,32705,468.0
6,32707,468.0
6,32721,468.0
6,32735,468.0
6,32749,468.0
6,32763,468.0
6,32789,468.0
6,32803,468.0
6,32829,472.0
6,32831,472.0
6,32849,472.0
6,32867,472.0
6,32883,472.0
6,32897,472.0
6,32929,472.0
6,32957,472.0
6,32987,472.0
6,33001,472.0
6,33015,472.0
6,33017,472.0
6,33033,472.0
6,33047,472.0
6,33077,472.0
6,33091,472.0
6,33093,472.0
6,33111,472.0
6,33135,472.0
6,33161,472.0
6,33189,472.0
6,33191,472.0
6,33207,472.0
6,33233,472.0
6,33247,472.0
6,33273,472.0
6,33275,472.0
6,33277,472.0
6,33303,498.0
6,33317,498.0
6,33347,498.0
6,33361,498.0
6,33377,498.0
6,33379,498.0
6,33393,498.0
6,33411,498.0
6,33425,498.0
6,33427,498.0
6,33453,498.0
6,33469,498.0
6,33483,498.0
6,33499,498.0
6,33513,498.0
6,33527,498.0
6,33529,498.0
6,33557,498.0
6,33573,498.0
6,33593,498.0
6,33619,498.0
6,33647,498.0
6,33649,498.0
6,33663,498.0
6,33677,498.0
6,33705,498.0
6,33731,498.0
6,33759,498.0
6,33773,498.0
6,33787,498.0
6,33789,498.0
6,33809,498.0
6,33837,498.0
6,33853,498.0
6,33879,498.0
6,33905,498.0
6,33933,498.0
6,33959,498.0
6,33975,498.0
6,33989,498.0
6,34017,498.0
6,34031,498.0
6,34045,498.0
6,34059,498.0
6,34073,498.0
6,34099,498.0
6,34113,498.0
6,34129,498.0
6,34157,498.0
6,34173,498.0
6,34187,498.0
6,34217,498.0
6,34245,498.0
6,34259,510.0
6,34287,510.0
6,34315,510.0
6,34335,510.0
6,34351,510.0
6,34381,510.0
6,34383,510.0
6,34385,510.0
6,34411,510.0
6,34429,510.0
6,34443,510.0
6,34469,510.0
6,34497,510.0
6,34529,510.0
6,34531,510.0
6,34561,510.0
6,34575,510.0
6,34577,510.0
6,34603,510.0
6,34617,510.0
6,34651,510.0
6,34679,510.0
6,34693,510.0
6,34707,510.0
6,34721,510.0
6,34747,510.0
6,34763,510.0
6,34791,510.0
6,34793,510.0
6,34807,510.0
6,34833,511.0
6,34865,511.0
6,34893,511.0
6,34907,511.0
6,34923,511.0
6,34925,511.0
6,34941,511.0
6,34955,511.0
6,34987,511.0
6,35017,511.0
6,35047,518.0
6,35049,518.0
6,35065,518.0
6,35079,518.0
6,35093,518.0
6,35123,518.0
6,35143,518.0
6,35173,518.0
6,35203,518.0
6,35231,518.0
6,35249,518.0
6,35279,518.0
6,35295,518.0
6,35309,518.0
6,35339,518.0
6,35357,518.0
6,35371,518.0
6,35399,518.0
6,35413,518.0
6,35415,518.0
6,35429,518.0
6,35445,518.0
6,35459,518.0
6,35473,518.0
6,35487,518.0
6,35503,518.0
6,35517,518.0
6,35543,518.0
6,35545,518.0
6,35563,518.0
6,35577,518.0
6,35591,518.0
6,35619,518.0
6,35635,518.0
6,35649,518.0
6,35671,518.0
6,35703,518.0
6,35729,518.0
6,35761,518.0
6,35777,518.0
6,35779,518.0
6,35793,518.0
6,35807,518.0
6,35835,518.0
6,35837,518.0
6,35839,518.0
6,35867,518.0
6,35897,518.0
6,35927,518.0
6,35941,518.0
6,35963,518.0
6,35993,518.0
6,36009,518.0
6,36035,518.0
6,36053,518.0
6,36069,518.0
6,36095,518.0
6,36121,518.0
6,36155,518.0
6,36169,518.0
6,36195,518.0
6,36209,518.0
6,36243,518.0
6,36273,518.0
6,36301,518.0
6,36329,518.0
6,36357,518.0
6,36371,518.0
6,36387,518.0
6,36417,518.0
6,36445,518.0
6,36473,518.0
6,36489,518.0
6,36517,518.0
6,36547,518.0
6,36573,518.0
6,36601,518.0
6,36629,518.0
6,36631,518.0
6,36647,518.0
6,36649,518.0
6,36663,518.0
6,36665,518.0
6,36691,518.0
6,36709,518.0
6,36737,518.0
6,36739,518.0
6,36741,518.0
6,36743,518.0
6,36771,518.0
6,36797,518.0
6,36799,518.0
6,36813,518.0
6,36843,518.0
6,36871,518.0
6,36885,518.0
6,36901,518.0
6,36903,518.0
6,36919,518.0
6,36937,518.0
6,36955,518.0
6,36989,518.0
6,37017,518.0
6,37045,518.0
6,37059,518.0
6,37073,518.0
6,37087,518.0
6,37103,518.0
6,37135,518.0
6,37149,518.0
6,37163,518.0
6,37191,518.0
6,37205,527.0
6,37221,527.0
6,37223,527.0
6,37239,527.0
6,37241,527.0
6,37267,527.0
6,37281,527.0
6,37283,527.0
6,37309,527.0
6,37339,527.0
6,37367,527.0
6,37399,527.0
6,37401,527.0
6,37431,527.0
6,37457,527.0
6,37485,527.0
6,37499,527.0
6,37513,527.0
6,37527,527.0
6,37529,527.0
6,37543,527.0
6,37569,527.0
6,37585,527.0
6,37587,527.0
6,37615,527.0
6,37643,527.0
6,37659,527.0
6,37685,527.0
6,37713,527.0
6,37741,527.0
6,37759,527.0
6,37785,527.0
6,37787,527.0
6,37789,527.0
6,37803,527.0
6,37825,527.0
6,37859,527.0
6,37873,527.0
6,37889,527.0
6,37905,527.0
6,37919,527.0
6,37935,527.0
6,37949,527.0
6,37965,527.0
6,37967,527.0
6,37969,527.0
6,37997,527.0
6,38011,527.0
6,38025,527.0
6,38053,527.0
6,38069,527.0
6,38095,527.0
6,38097,527.0
6,38113,527.0
6,38127,527.0
6,38157,527.0
6,38171,527.0
6,38185,527.0
6,38199,527.0
6,38225,527.0
6,38241,527.0
6,38271,527.0
6,38285,527.0
6,38301,527.0
6,38327,527.0
6,38357,527.0
6,38373,527.0
6,38389,527.0
6,38403,527.0
6,38419,527.0
6,38433,527.0
6,38447,527.0
6,38449,527.0
6,38463,527.0
6,38479,527.0
6,38493,527.0
6,38521,527.0
6,38523,527.0
6,38551,527.0
6,38565,527.0
6,38567,527.0
6,38597,527.0
6,38613,527.0
6,38643,527.0
6,38669,527.0
6,38671,527.0
6,38697,527.0
6,38723,527.0
6,38739,527.0
6,38741,527.0
6,38743,527.0
6,38757,527.0
6,38789,527.0
6,38791,527.0
6,38823,527.0
6,38837,527.0
6,38867,527.0
6,38895,527.0
6,38911,527.0
6,38927,527.0
6,38929,527.0
6,38943,527.0
6,38957,527.0
6,38991,527.0
6,39017,527.0
6,39043,531.0
6,39057,531.0
6,39071,531.0
6,39085,531.0
6,39099,531.0
6,39113,531.0
6,39143,531.0
7,29078,378.0
7,29108,378.0
7,29689,378.0
7,29703,378.0
7,29717,400.0
7,29735,400.0
7,29749,400.0
7,29777,400.0
7,29803,428.0
7,29829,428.0
7,29845,428.0
7,29875,428.0
7,29903,428.0
7,29929,428.0
7,29949,428.0
7,29963,428.0
7,29983,428.0
7,29997,428.0
7,29999,428.0
7,30033,428.0
7,30051,428.0
7,30079,429.0
7,30107,433.0
7,30133,433.0
7,30151,433.0
7,30181,433.0
7,30211,433.0
7,30225,433.0
7,30239,433.0
7,30253,433.0
7,30255,433.0
7,30271,433.0
7,30285,433.0
7,30299,433.0
7,30301,433.0
7,30317,433.0
7,30331,433.0
7,30345,433.0
7,30373,433.0
7,30389,433.0
7,30403,453.0
7,30429,453.0
7,30443,453.0
7,30457,453.0
7,30471,453.0
7,30507,453.0
7,30521,453.0
7,30547,453.0
7,30573,453.0
7,30587,453.0
7,30601,453.0
7,30619,453.0
7,30621,453.0
7,30623,453.0
7,30649,453.0
7,30663,453.0
7,30695,453.0
7,30709,453.0
7,30735,453.0
7,30749,453.0
7,30763,453.0
7,30793,453.0
7,30821,453.0
7,30823,453.0
7,30849,453.0
7,30863,453.0
7,30877,453.0
7,30879,453.0
7,30909,453.0
7,30923,453.0
7,30939,453.0
7,30965,453.0
7,30991,453.0
7,30993,453.0
7,31009,453.0
7,31043,453.0
7,31045,453.0
7,31071,453.0
7,31103,453.0
7,31117,453.0
7,31145,453.0
7,31161,453.0
7,31175,453.0
7,31177,453.0
7,31205,453.0
7,31237,453.0
7,31267,453.0
7,31281,453.0
7,31309,457.0
7,31323,457.0
7,31337,457.0
7,31351,457.0
7,31365,457.0
7,31367,457.0
7,31383,457.0
7,31385,457.0
7,31417,457.0
7,31431,463.0
7,31433,463.0
7,31435,463.0
7,31449,463.0
7,31463,463.0
7,31489,463.0
7,31503,463.0
7,31529,463.0
7,31543,463.0
7,31557,463.0
7,31585,463.0
7,31601,463.0
7,31627,463.0
7,31655,469.0
7,31683,469.0
7,31697,472.0
7,31711,472.0
7,31739,472.0
7,31757,472.0
7,31783,472.0
7,31785,472.0
7,31811,472.0
7,31837,472.0
7,31863,472.0
7,31865,472.0
7,31881,472.0
7,31897,472.0
7,31899,472.0
7,31927,483.0
7,31953,483.0
7,31955,483.0
7,31981,483.0
7,31995,483.0
7,31997,483.0
7,32025,483.0
7,32057,483.0
7,32071,483.0
7,32085,483.0
7,32101,483.0
7,32117,483.0
7,32145,483.0
7,32159,498.0
7,32187,498.0
7,32201,498.0
7,32215,498.0
7,32247,498.0
7,32261,498.0
7,32289,498.0
7,32317,498.0
7,32345,498.0
7,32347,498.0
7,32365,498.0
7,32381,498.0
7,32397,498.0
7,32399,498.0
7,32425,498.0
7,32427,498.0
7,32441,498.0
7,32455,498.0
7,32487,498.0
7,32501,498.0
7,32515,498.0
7,32541,498.0
7,32557,498.0
7,32573,498.0
7,32587,498.0
7,32619,498.0
7,32633,498.0
7,32659,498.0
7,32673,498.0
7,32699,498.0
7,32713,498.0
7,32731,498.0
7,32749,498.0
7,32751,498.0
7,32765,498.0
7,32779,498.0
7,32805,498.0
7,32819,498.0
7,32835,498.0
7,32863,498.0
7,32877,498.0
7,32903,498.0
7,32931,498.0
7,32945,498.0
7,32947,498.0
7,32973,498.0
7,33001,498.0
7,33033,498.0
7,33059,498.0
7,33085,498.0
7,33113,498.0
7,33115,498.0
7,33131,498.0
7,33157,498.0
7,33171,498.0
7,33185,498.0
7,33213,504.0
7,33215,504.0
7,33231,504.0
7,33245,504.0
7,33259,504.0
7,33275,504.0
7,33289,504.0
7,33291,504.0
7,33305,504.0
7,33321,504.0
7,33349,504.0
7,33363,504.0
7,33365,504.0
7,33393,504.0
7,33421,504.0
7,33437,504.0
7,33451,504.0
7,33465,504.0
7,33495,504.0
7,33525,504.0
7,33549,504.0
7,33577,504.0
7,33611,504.0
7,33627,504.0
7,33643,504.0
7,33657,504.0
7,33671,504.0
7,33697,504.0
7,33713,504.0
7,33727,504.0
7,33757,504.0
7,33759,504.0
7,33773,504.0
7,33787,504.0
7,33813,504.0
7,33815,504.0
7,33831,504.0
7,33865,504.0
7,33879,504.0
7,33893,504.0
7,33919,504.0
7,33933,504.0
7,33949,504.0
7,33983,504.0
7,33997,504.0
7,34011,504.0
7,34027,504.0
7,34045,504.0
7,34081,504.0
7,34109,504.0
7,34111,504.0
7,34139,504.0
7,34141,504.0
7,34155,504.0
7,34157,504.0
7,34185,504.0
7,34199,504.0
7,34227,504.0
7,34253,504.0
7,34267,504.0
7,34281,504.0
7,34295,504.0
7,34297,504.0
7,34323,515.0
7,34351,515.0
7,34369,515.0
7,34395,515.0
7,34409,515.0
7,34411,515.0
7,34425,515.0
7,34427,515.0
7,34455,515.0
7,34489,515.0
7,34491,515.0
7,34507,515.0
7,34523,515.0
7,34549,515.0
7,34577,515.0
7,34591,515.0
7,34605,515.0
7,34623,515.0
7,34637,515.0
7,34651,515.0
7,34665,515.0
7,34679,515.0
7,34681,515.0
7,34699,515.0
7,34713,515.0
7,34739,515.0
7,34753,515.0
7,34767,515.0
7,34781,515.0
7,34809,515.0
7,34837,515.0
7,34863,515.0
7,34877,515.0
7,34893,515.0
7,34919,515.0
7,34933,515.0
7,34963,515.0
7,34965,515.0
7,34995,515.0
7,35009,519.0
7,35023,519.0
7,35049,519.0
7,35077,519.0
7,35079,519.0
7,35109,519.0
7,35135,519.0
7,35137,519.0
7,35151,519.0
7,35165,519.0
7,35181,519.0
7,35195,519.0
7,35197,519.0
7,35211,519.0
7,35239,519.0
7,35253,519.0
7,35267,519.0
7,35295,519.0
7,35309,521.0
7,35323,521.0
7,35337,521.0
7,35355,521.0
7,35371,521.0
7,35399,521.0
7,35429,521.0
7,35431,521.0
7,35445,521.0
7,35473,521.0
7,35487,521.0
7,35489,521.0
7,35491,521.0
7,35505,521.0
7,35507,521.0
7,35521,521.0
7,35547,521.0
7,35561,521.0
7,35563,521.0
7,35593,521.0
7,35621,521.0
7,35647,521.0
7,35673,521.0
7,35687,521.0
7,35713,521.0
7,35727,521.0
7,35741,521.0
7,35755,521.0
7,35787,521.0
7,35801,521.0
7,35829,521.0
7,35857,521.0
7,35871,521.0
7,35885,521.0
7,35911,521.0
7,35941,521.0
7,35971,521.0
7,35985,521.0
7,36001,521.0
7,36019,521.0
7,36049,521.0
7,36063,521.0
7,36081,521.0
7,36083,521.0
7,36111,521.0
7,36125,521.0
7,36139,521.0
7,36153,521.0
7,36181,521.0
7,36199,521.0
7,36229,521.0
7,36243,521.0
7,36271,521.0
7,36297,521.0
7,36299,521.0
7,36317,521.0
7,36331,521.0
7,36349,521.0
7,36379,521.0
7,36381,521.0
7,36397,521.0
7,36413,521.0
7,36429,521.0
7,36459,521.0
7,36475,521.0
7,36501,521.0
7,36531,521.0
7,36533,521.0
7,36547,524.0
7,36549,524.0
7,36565,524.0
7,36581,524.0
7,36595,524.0
7,36611,524.0
7,36613,524.0
7,36631,524.0
7,36647,524.0
7,36661,524.0
7,36687,524.0
7,36715,524.0
7,36731,524.0
7,36759,524.0
7,36773,524.0
7,36805,524.0
7,36831,524.0
7,36861,524.0
7,36887,524.0
7,36915,524.0
7,36929,524.0
7,36947,524.0
7,36961,524.0
7,36975,524.0
7,37007,524.0
7,37027,524.0
7,37041,524.0
7,37055,524.0
7,37073,524.0
7,37101,524.0
7,37117,524.0
7,37131,524.0
7,37161,524.0
7,37177,524.0
7,37179,524.0
7,37209,524.0
7,37223,524.0
7,37253,524.0
7,37255,524.0
7,37283,524.0
7,37309,524.0
7,37323,524.0
7,37325,524.0
7,37339,524.0
7,37353,524.0
7,37383,524.0
7,37409,524.0
7,37437,524.0
7,37451,524.0
7,37479,524.0
7,37481,524.0
7,37483,524.0
7,37499,524.0
7,37513,524.0
7,37527,524.0
7,37553,524.0
7,37583,524.0
7,37609,524.0
7,37635,528.0
7,37653,528.0
7,37655,528.0
7,37657,528.0
7,37671,528.0
7,37689,528.0
7,37703,528.0
7,37717,528.0
7,37731,528.0
7,37757,528.0
7,37783,528.0
7,37809,528.0
7,37811,528.0
7,37813,528.0
7,37827,528.0
7,37841,528.0
7,37855,528.0
7,37881,528.0
7,37897,528.0
7,37899,528.0
7,37927,528.0
7,37943,528.0
7,37971,528.0
7,37973,528.0
7,37989,528.0
7,37991,528.0
7,38005,528.0
7,38021,528.0
7,38023,528.0
7,38037,530.0
7,38039,530.0
7,38053,530.0
7,38069,530.0
7,38101,530.0
7,38127,530.0
7,38155,530.0
7,38157,530.0
7,38187,530.0
7,38207,530.0
7,38221,530.0
7,38251,530.0
7,38265,530.0
7,38279,530.0
7,38281,530.0
7,38295,530.0
7,38323,530.0
7,38325,530.0
7,38351,530.0
7,38353,530.0
7,38367,530.0
7,38393,530.0
7,38425,530.0
7,38455,530.0
7,38483,530.0
7,38515,530.0
7,38531,530.0
7,38545,530.0
7,38559,530.0
7,38573,530.0
7,38601,530.0
7,38615,530.0
7,38629,530.0
7,38659,530.0
7,38687,530.0
7,38701,530.0
7,38717,530.0
7,38745,530.0
7,38763,530.0
7,38765,530.0
7,38767,530.0
7,38793,530.0
7,38807,530.0
7,38825,530.0
7,38853,530.0
7,38883,530.0
7,38885,530.0
7,38899,530.0
7,38913,530.0
7,38927,530.0
7,38941,530.0
7,38969,530.0
7,39003,530.0
7,39029,530.0
7,39043,530.0
7,39061,530.0
8,29346,394.0
8,29348,394.0
8,29364,394.0
8,29382,394.0
8,29410,403.0
8,29438,403.0
8,29454,403.0
8,29470,403.0
8,30037,403.0
8,30067,403.0
8,30095,403.0
8,30097,403.0
8,30113,403.0
8,30127,416.0
8,30145,416.0
8,30161,416.0
8,30175,416.0
8,30191,416.0
8,30219,416.0
8,30221,416.0
8,30239,416.0
8,30255,416.0
8,30281,451.0
8,30309,451.0
8,30335,451.0
8,30367,451.0
8,30397,451.0
8,30411,451.0
8,30413,451.0
8,30427,451.0
8,30441,451.0
8,30459,451.0
8,30485,451.0
8,30499,451.0
8,30515,451.0
8,30529,451.0
8,30557,451.0
8,30571,451.0
8,30599,451.0
8,30625,451.0
8,30653,451.0
8,30681,451.0
8,30683,451.0
8,30709,471.0
8,30711,471.0
8,30737,471.0
8,30739,471.0
8,30765,471.0
8,30779,471.0
8,30797,471.0
8,30811,471.0
8,30827,471.0
8,30855,471.0
8,30869,471.0
8,30885,471.0
8,30911,471.0
8,30939,471.0
8,30953,471.0
8,30955,471.0
8,30985,471.0
8,31011,471.0
8,31025,471.0
8,31039,471.0
8,31053,471.0
8,31083,471.0
8,31099,471.0
8,31127,471.0
8,31145,471.0
8,31173,471.0
8,31189,471.0
8,31215,471.0
8,31241,471.0
8,31255,471.0
8,31269,471.0
8,31283,471.0
8,31297,471.0
8,31327,471.0
8,31353,471.0
8,31379,471.0
8,31393,471.0
8,31425,471.0
8,31451,471.0
8,31465,471.0
8,31481,471.0
8,31513,471.0
8,31529,471.0
8,31531,471.0
8,31533,471.0
8,31561,471.0
8,31593,471.0
8,31607,471.0
8,31621,471.0
8,31647,471.0
8,31673,471.0
8,31687,471.0
8,31701,471.0
8,31717,471.0
8,31731,474.0
8,31745,474.0
8,31761,474.0
8,31777,474.0
8,31791,474.0
8,31805,482.0
8,31821,482.0
8,31851,482.0
8,31881,482.0
8,31909,482.0
8,31937,482.0
8,31967,482.0
8,31993,482.0
8,32025,482.0
8,32059,482.0
8,32087,482.0
8,32101,482.0
8,32121,482.0
8,32123,482.0
8,32137,482.0
8,32165,482.0
8,32193,482.0
8,32221,482.0
8,32237,482.0
8,32263,482.0
8,32289,482.0
8,32291,482.0
8,32317,482.0
8,32319,482.0
8,32345,482.0
8,32365,482.0
8,32393,482.0
8,32395,482.0
8,32423,482.0
8,32437,482.0
8,32465,482.0
8,32479,482.0
8,32495,482.0
8,32515,482.0
8,32529,482.0
8,32549,482.0
8,32563,482.0
8,32577,482.0
8,32607,482.0
8,32621,482.0
8,32623,482.0
8,32653,482.0
8,32669,482.0
8,32685,482.0
8,32701,482.0
8,32703,482.0
8,32731,482.0
8,32745,482.0
8,32759,482.0
8,32785,482.0
8,32811,482.0
8,32841,482.0
8,32867,482.0
8,32881,482.0
8,32907,483.0
8,32933,491.0
8,32935,491.0
8,32949,491.0
8,32963,491.0
8,32989,491.0
8,33003,491.0
8,33005,491.0
8,33019,491.0
8,33035,491.0
8,33037,491.0
8,33051,491.0
8,33065,491.0
8,33087,491.0
8,33089,491.0
8,33105,491.0
8,33107,491.0
8,33123,491.0
8,33151,491.0
8,33181,491.0
8,33195,491.0
8,33221,491.0
8,33223,491.0
8,33253,491.0
8,33269,491.0
8,33271,491.0
8,33289,491.0
8,33319,491.0
8,33345,492.0
8,33359,503.0
8,33361,503.0
8,33377,503.0
8,33403,503.0
8,33405,503.0
8,33435,503.0
8,33451,503.0
8,33453,503.0
8,33467,503.0
8,33481,513.0
8,33483,513.0
8,33501,513.0
8,33515,513.0
8,33533,513.0
8,33547,513.0
8,33549,513.0
8,33581,513.0
8,33597,513.0
8,33627,513.0
8,33629,513.0
8,33643,513.0
8,33645,513.0
8,33661,513.0
8,33675,513.0
8,33689,513.0
8,33717,513.0
8,33731,513.0
8,33733,513.0
8,33761,513.0
8,33793,513.0
8,33807,513.0
8,33823,513.0
8,33825,513.0
8,33839,513.0
8,33853,513.0
8,33885,519.0
8,33901,519.0
8,33915,519.0
8,33917,519.0
8,33931,519.0
8,33945,519.0
8,33973,519.0
8,34005,519.0
8,34019,519.0
8,34037,519.0
8,34065,519.0
8,34081,519.0
8,34107,519.0
8,34121,519.0
8,34149,519.0
8,34163,519.0
8,34181,519.0
8,34183,519.0
8,34209,519.0
8,34239,519.0
8,34267,519.0
8,34285,519.0
8,34305,519.0
8,34333,519.0
8,34335,519.0
8,34361,519.0
8,34391,519.0
8,34407,519.0
8,34421,519.0
8,34447,519.0
8,34475,519.0
8,34491,519.0
8,34507,519.0
8,34535,519.0
8,34561,519.0
8,34591,519.0
8,34617,519.0
8,34645,519.0
8,34661,519.0
8,34687,519.0
8,34713,519.0
8,34727,519.0
8,34763,519.0
8,34789,519.0
8,34807,519.0
8,34835,519.0
8,34855,519.0
8,34869,519.0
8,34883,519.0
8,34909,519.0
8,34927,519.0
8,34941,519.0
8,34973,519.0
8,35001,519.0
8,35015,519.0
8,35031,519.0
8,35045,519.0
8,35063,519.0
8,35091,519.0
8,35117,519.0
8,35145,519.0
8,35171,519.0
8,35197,519.0
8,35211,519.0
8,35227,519.0
8,35257,519.0
8,35289,519.0
8,35305,519.0
8,35321,519.0
8,35337,519.0
8,35339,519.0
8,35341,519.0
8,35355,519.0
8,35383,519.0
8,35401,519.0
8,35427,519.0
8,35441,519.0
8,35475,519.0
8,35491,519.0
8,35521,519.0
8,35535,519.0
8,35551,519.0
8,35581,519.0
8,35607,519.0
8,35621,519.0
8,35637,519.0
8,35639,519.0
8,35657,519.0
8,35671,519.0
8,35685,519.0
8,35699,519.0
8,35731,519.0
8,35747,519.0
8,35761,519.0
8,35789,519.0
8,35803,519.0
8,35819,519.0
8,35835,519.0
8,35853,519.0
8,35883,519.0
8,35909,519.0
8,35911,519.0
8,35925,519.0
8,35941,519.0
8,35967,519.0
8,35981,519.0
8,36013,519.0
8,36047,519.0
8,36065,519.0
8,36093,519.0
8,36111,519.0
8,36125,519.0
8,36151,519.0
8,36177,519.0
8,36179,519.0
8,36207,519.0
8,36237,519.0
8,36265,519.0
8,36279,519.0
8,36281,519.0
8,36309,519.0
8,36323,523.0
8,36349,523.0
8,36365,523.0
8,36393,523.0
8,36395,523.0
8,36411,523.0
8,36427,523.0
8,36453,523.0
8,36479,523.0
8,36493,523.0
8,36521,523.0
8,36535,523.0
8,36549,523.0
8,36551,523.0
8,36567,523.0
8,36581,523.0
8,36597,523.0
8,36623,523.0
8,36625,523.0
8,36657,523.0
8,36673,523.0
8,36689,523.0
8,36703,525.0
8,36733,525.0
8,36747,525.0
8,36761,525.0
8,36789,525.0
8,36803,525.0
8,36819,525.0
8,36839,525.0
8,36857,525.0
8,36875,525.0
8,36889,525.0
8,36903,525.0
8,36919,525.0
8,36947,525.0
8,36973,525.0
8,36989,525.0
8,37003,525.0
8,37017,525.0
8,37043,525.0
8,37057,525.0
8,37077,525.0
8,37093,525.0
8,37095,525.0
8,37115,525.0
8,37143,525.0
8,37171,525.0
8,37197,525.0
8,37223,525.0
8,37225,525.0
8,37241,525.0
8,37255,525.0
8,37281,525.0
8,37297,525.0
8,37327,525.0
8,37341,525.0
8,37357,525.0
8,37385,525.0
8,37401,525.0
8,37429,525.0
8,37455,525.0
8,37471,525.0
8,37497,525.0
8,37523,525.0
8,37525,525.0
8,37555,529.0
8,37569,529.0
8,37595,529.0
8,37609,529.0
8,37625,529.0
8,37641,529.0
8,37667,529.0
8,37669,529.0
8,37695,529.0
8,37709,529.0
8,37743,529.0
8,37757,529.0
8,37771,529.0
8,37797,529.0
8,37811,529.0
8,37827,529.0
8,37853,529.0
8,37867,529.0
8,37883,529.0
8,37909,529.0
8,37935,529.0
8,37937,529.0
8,37965,529.0
8,37981,529.0
8,38009,529.0
8,38037,529.0
8,38055,529.0
8,38057,529.0
8,38059,529.0
8,38073,529.0
8,38099,529.0
8,38125,529.0
8,38151,529.0
8,38165,529.0
8,38181,529.0
8,38199,529.0
8,38225,529.0
8,38243,529.0
8,38261,529.0
8,38289,529.0
8,38305,529.0
8,38335,529.0
8,38349,529.0
8,38363,529.0
8,38389,530.0
8,38419,530.0
8,38421,530.0
8,38435,530.0
8,38449,530.0
8,38463,530.0
8,38477,530.0
8,38507,530.0
8,38521,530.0
8,38523,530.0
8,38525,530.0
8,38555,530.0
8,38557,530.0
8,38587,530.0
8,38603,530.0
8,38631,530.0
8,38657,530.0
8,38683,530.0
8,38697,530.0
8,38715,530.0
8,38729,530.0
8,38767,530.0
8,38793,530.0
8,38807,530.0
8,38833,530.0
8,38835,530.0
8,38849,530.0
8,38863,530.0
8,38879,530.0
8,38893,530.0
8,38919,530.0
8,38933,530.0
8,38949,530.0
8,38963,530.0
8,38991,530.0
8,39007,530.0
8,39009,530.0
8,39035,530.0
8,39049,530.0
8,39063,530.0
8,39077,530.0
8,39091,530.0
8,39117,530.0
8,39147,530.0
8,39149,530.0
8,39177,530.0
8,39193,530.0
8,39221,530.0
8,39235,530.0
8,39271,530.0
8,39285,530.0
8,39287,530.0
8,39289,530.0
8,39315,530.0
8,39329,530.0
8,39331,530.0
8,39359,530.0
9,29704,376.0
9,29730,377.0
9,29744,377.0
9,29772,386.0
9,29800,386.0
9,29828,386.0
9,29842,386.0
9,30453,386.0
9,30485,418.0
9,30511,418.0
9,30529,418.0
9,30543,418.0
9,30571,418.0
9,30599,418.0
9,30615,418.0
9,30629,418.0
9,30645,418.0
9,30673,418.0
9,30689,418.0
9,30719,418.0
9,30733,418.0
9,30747,431.0
9,30779,431.0
9,30795,431.0
9,30809,431.0
9,30823,431.0
9,30839,431.0
9,30853,431.0
9,30879,431.0
9,30893,431.0
9,30919,431.0
9,30935,431.0
9,30963,431.0
9,30985,431.0
9,31011,451.0
9,31039,451.0
9,31055,451.0
9,31069,451.0
9,31095,451.0
9,31121,451.0
9,31135,451.0
9,31137,451.0
9,31155,451.0
9,31157,451.0
9,31171,451.0
9,31203,451.0
9,31219,451.0
9,31241,451.0
9,31257,451.0
9,31259,451.0
9,31273,451.0
9,31289,451.0
9,31303,451.0
9,31319,451.0
9,31335,451.0
9,31363,451.0
9,31377,451.0
9,31379,451.0
9,31393,451.0
9,31419,451.0
9,31421,451.0
9,31435,467.0
9,31463,467.0
9,31465,467.0
9,31493,467.0
9,31509,467.0
9,31527,467.0
9,31541,467.0
9,31555,467.0
9,31569,467.0
9,31605,467.0
9,31607,467.0
9,31621,467.0
9,31623,467.0
9,31625,467.0
9,31643,467.0
9,31657,467.0
9,31671,467.0
9,31687,467.0
9,31705,467.0
9,31733,467.0
9,31747,467.0
9,31761,467.0
9,31787,467.0
9,31801,467.0
9,31829,467.0
9,31859,467.0
9,31861,467.0
9,31877,467.0
9,31891,467.0
9,31893,467.0
9,31909,467.0
9,31939,467.0
9,31965,467.0
9,31991,467.0
9,32005,467.0
9,32025,467.0
9,32039,467.0
9,32073,467.0
9,32087,467.0
9,32101,467.0
9,32115,467.0
9,32129,467.0
9,32145,467.0
9,32171,467.0
9,32201,467.0
9,32217,467.0
9,32231,467.0
9,32257,467.0
9,32271,467.0
9,32285,467.0
9,32313,467.0
9,32339,477.0
9,32341,477.0
9,32355,477.0
9,32371,477.0
9,32401,477.0
9,32431,486.0
9,32433,486.0
9,32435,486.0
9,32437,486.0
9,32451,486.0
9,32469,486.0
9,32483,486.0
9,32513,494.0
9,32527,494.0
9,32541,494.0
9,32569,494.0
9,32605,494.0
9,32607,494.0
9,32621,494.0
9,32635,494.0
9,32637,494.0
9,32665,494.0
9,32695,494.0
9,32709,494.0
9,32723,494.0
9,32741,494.0
9,32755,494.0
9,32781,494.0
9,32797,494.0
9,32825,494.0
9,32839,494.0
9,32855,494.0
9,32869,494.0
9,32885,494.0
9,32911,494.0
9,32941,494.0
9,32955,494.0
9,32973,494.0
9,32975,494.0
9,32991,494.0
9,32993,494.0
9,33013,494.0
9,33027,494.0
9,33053,494.0
9,33083,494.0
9,33111,494.0
9,33113,494.0
9,33115,494.0
9,33141,494.0
9,33167,508.0
9,33193,508.0
9,33219,508.0
9,33253,508.0
9,33269,508.0
9,33297,508.0
9,33311,508.0
9,33339,508.0
9,33353,508.0
9,33379,508.0
9,33393,508.0
9,33421,508.0
9,33437,508.0
9,33467,508.0
9,33499,508.0
9,33501,508.0
9,33519,508.0
9,33547,508.0
9,33573,508.0
9,33589,508.0
9,33603,508.0
9,33619,508.0
9,33621,508.0
9,33647,508.0
9,33665,508.0
9,33681,508.0
9,33683,508.0
9,33699,508.0
9,33729,508.0
9,33743,508.0
9,33745,508.0
9,33775,508.0
9,33803,508.0
9,33837,508.0
9,33869,508.0
9,33885,508.0
9,33901,508.0
9,33915,508.0
9,33929,508.0
9,33943,508.0
9,33957,508.0
9,33983,508.0
9,34009,508.0
9,34027,508.0
9,34029,508.0
9,34043,508.0
9,34045,508.0
9,34047,508.0
9,34073,508.0
9,34089,508.0
9,34115,508.0
9,34133,508.0
9,34147,508.0
9,34149,508.0
9,34177,508.0
9,34179,508.0
9,34193,508.0
9,34195,508.0
9,34209,508.0
9,34227,508.0
9,34241,508.0
9,34271,508.0
9,34285,508.0
9,34287,508.0
9,34313,508.0
9,34341,508.0
9,34343,508.0
9,34369,517.0
9,34399,517.0
9,34413,517.0
9,34439,517.0
9,34453,517.0
9,34481,517.0
9,34507,517.0
9,34521,517.0
9,34549,517.0
9,34577,517.0
9,34591,517.0
9,34593,517.0
9,34607,517.0
9,34621,517.0
9,34635,517.0
9,34653,517.0
9,34667,517.0
9,34693,517.0
9,34721,517.0
9,34735,517.0
9,34761,517.0
9,34779,517.0
9,34781,517.0
9,34797,517.0
9,34799,517.0
9,34815,517.0
9,34817,517.0
9,34845,517.0
9,34873,517.0
9,34899,517.0
9,34925,517.0
9,34927,517.0
9,34929,517.0
9,34931,517.0
9,34945,517.0
9,34973,517.0
9,34987,517.0
9,35001,517.0
9,35019,517.0
9,35033,517.0
9,35061,517.0
9,35079,517.0
9,35109,517.0
9,35135,517.0
9,35151,517.0
9,35177,517.0
9,35191,517.0
9,35217,517.0
9,35245,517.0
9,35271,517.0
9,35289,517.0
9,35317,517.0
9,35331,517.0
9,35333,517.0
9,35349,517.0
9,35363,517.0
9,35379,517.0
9,35405,517.0
9,35437,517.0
9,35451,517.0
9,35465,517.0
9,35493,517.0
9,35507,517.0
9,35523,517.0
9,35557,517.0
9,35571,517.0
9,35587,517.0
9,35617,517.0
9,35645,517.0
9,35647,517.0
9,35673,517.0
9,35689,517.0
9,35717,517.0
9,35745,517.0
9,35777,517.0
9,35805,517.0
9,35835,517.0
9,35851,517.0
9,35877,517.0
9,35891,517.0
9,35919,517.0
9,35935,517.0
9,35951,517.0
9,35979,517.0
9,35993,517.0
9,36023,517.0
9,36025,517.0
9,36057,517.0
9,36087,517.0
9,36089,517.0
9,36105,517.0
9,36121,517.0
9,36139,517.0
9,36153,517.0
9,36167,517.0
9,36181,517.0
9,36207,517.0
9,36223,517.0
9,36225,517.0
9,36251,517.0
9,36277,517.0
9,36291,517.0
9,36307,517.0
9,36309,517.0
9,36339,517.0
9,36355,517.0
9,36389,517.0
9,36403,517.0
9,36417,517.0
9,36445,517.0
9,36475,517.0
9,36491,517.0
9,36519,517.0
9,36535,517.0
9,36561,517.0
9,36577,517.0
9,36591,517.0
9,36593,517.0
9,36607,517.0
9,36609,517.0
9,36623,517.0
9,36649,517.0
9,36651,517.0
9,36677,517.0
9,36703,517.0
9,36719,517.0
9,36745,517.0
9,36759,517.0
9,36775,517.0
9,36789,517.0
9,36817,517.0
9,36845,517.0
9,36873,517.0
9,36887,517.0
9,36901,517.0
9,36915,517.0
9,36947,517.0
9,36961,517.0
9,36987,517.0
9,36989,517.0
9,37015,517.0
9,37029,517.0
9,37055,517.0
9,37083,517.0
9,37097,517.0
9,37125,517.0
9,37155,517.0
9,37171,517.0
9,37185,517.0
9,37213,517.0
9,37227,517.0
9,37253,517.0
9,37255,517.0
9,37283,517.0
9,37313,517.0
9,37339,517.0
9,37357,517.0
9,37359,517.0
9,37389,517.0
9,37415,524.0
9,37443,524.0
9,37463,524.0
9,37491,524.0
9,37505,524.0
9,37521,524.0
9,37535,524.0
9,37549,524.0
9,37575,531.0
9,37577,531.0
9,37603,531.0
9,37617,531.0
9,37631,531.0
9,37645,531.0
9,37659,531.0
9,37677,531.0
9,37703,531.0
9,37717,531.0
9,37731,531.0
9,37745,531.0
9,37773,531.0
9,37799,531.0
9,37813,531.0
9,37849,531.0
9,37851,531.0
9,37867,531.0
9,37883,531.0
9,37909,531.0
9,37911,531.0
9,37925,531.0
9,37927,531.0
9,37955,531.0
9,37975,531.0
9,37991,531.0
9,37993,531.0
9,38011,531.0
9,38025,531.0
9,38027,531.0
9,38041,531.0
9,38043,531.0
9,38045,531.0
9,38047,531.0
9,38065,531.0
9,38081,531.0
9,38115,531.0
9,38141,531.0
9,38157,531.0
9,38173,531.0
9,38205,531.0
9,38207,531.0
9,38209,531.0
9,38235,531.0
9,38261,531.0
9,38275,531.0
9,38289,531.0
9,38315,531.0
9,38331,531.0
9,38333,531.0
9,38349,531.0
9,38377,531.0
9,38379,531.0
9,38393,531.0
9,38409,531.0
9,38423,531.0
9,38439,531.0
9,38467,531.0
9,38493,531.0
9,38495,531.0
9,38497,531.0
9,38511,531.0
9,38513,531.0
9,38539,531.0
9,38553,531.0
9,38583,531.0
9,38611,531.0
9,38637,531.0
9,38665,531.0
9,38667,531.0
9,38669,531.0
9,38697,531.0
9,38723,532.0
9,38739,532.0
9,38753,532.0
9,38755,532.0
9,38769,532.0
9,38783,532.0
9,38797,532.0
9,38827,532.0
9,38857,532.0
9,38871,532.0
9,38889,532.0
9,38903,532.0
9,38905,532.0
9,38943,532.0
9,38945,532.0
9,38963,532.0
9,38991,532.0
9,39019,532.0
9,39021,532.0
9,39053,532.0
9,39069,532.0
9,39095,532.0
9,39113,532.0
9,39141,532.0
9,39159,532.0
9,39173,532.0
9,39205,532.0
9,39219,532.0
9,39221,532.0
9,39235,532.0
9,39267,532.0
9,39283,532.0
9,39285,532.0
9,39301,532.0
9,39303,532.0
9,39317,532.0
9,39345,532.0
9,39361,532.0
9,39389,532.0
9,39419,532.0
9,39447,532.0
9,39461,532.0
9,39487,532.0
9,39501,532.0
9,39515,532.0
9,39531,532.0
9,39547,532.0
9,39561,532.0
9,39587,532.0
9,39617,532.0
9,39619,532.0
9,39635,532.0
9,39651,532.0
9,39665,532.0
9,39693,532.0
10,29366,395.0
10,29392,420.0
10,29406,420.0
10,29420,420.0
10,29460,420.0
10,29486,420.0
10,29502,420.0
10,29530,422.0
10,29544,447.0
10,29546,447.0
10,29564,447.0
10,29578,447.0
10,29604,447.0
10,29606,447.0
10,29632,447.0
10,29646,447.0
10,29660,447.0
10,29674,447.0
10,30263,447.0
10,30277,447.0
10,30303,447.0
10,30305,447.0
10,30331,447.0
10,30333,447.0
10,30359,447.0
10,30361,447.0
10,30375,447.0
10,30377,447.0
10,30405,447.0
10,30431,447.0
10,30445,447.0
10,30461,447.0
10,30487,447.0
10,30501,447.0
10,30527,447.0
10,30553,447.0
10,30583,449.0
10,30597,449.0
10,30599,449.0
10,30613,449.0
10,30633,449.0
10,30647,449.0
10,30649,449.0
10,30679,449.0
10,30695,449.0
10,30711,449.0
10,30713,449.0
10,30727,449.0
10,30753,452.0
10,30775,452.0
10,30791,452.0
10,30793,452.0
10,30809,452.0
10,30823,452.0
10,30849,452.0
10,30851,452.0
10,30869,452.0
10,30887,452.0
10,30903,452.0
10,30931,452.0
10,30949,452.0
10,30963,452.0
10,30981,452.0
10,30995,452.0
10,31009,452.0
10,31037,452.0
10,31065,452.0
10,31081,452.0
10,31109,473.0
10,31125,473.0
10,31139,473.0
10,31153,473.0
10,31183,473.0
10,31199,473.0
10,31225,473.0
10,31239,473.0
10,31269,473.0
10,31283,473.0
10,31297,473.0
10,31311,473.0
10,31337,473.0
10,31351,473.0
10,31365,473.0
10,31391,473.0
10,31421,473.0
10,31423,473.0
10,31437,473.0
10,31451,473.0
10,31467,473.0
10,31501,473.0
10,31503,473.0
10,31519,473.0
10,31521,473.0
10,31523,473.0
10,31549,473.0
10,31563,473.0
10,31591,473.0
10,31593,473.0
10,31625,473.0
10,31655,473.0
10,31683,473.0
10,31699,473.0
10,31713,473.0
10,31727,473.0
10,31729,473.0
10,31757,473.0
10,31771,473.0
10,31785,473.0
10,31811,473.0
10,31827,473.0
10,31853,473.0
10,31887,473.0
10,31889,473.0
10,31891,473.0
10,31893,473.0
10,31907,473.0
10,31909,473.0
10,31911,473.0
10,31943,473.0
10,31971,473.0
10,32001,473.0
10,32015,473.0
10,32029,473.0
10,32045,473.0
10,32047,473.0
10,32075,473.0
10,32089,473.0
10,32119,473.0
10,32137,473.0
10,32151,473.0
10,32171,473.0
10,32197,473.0
10,32211,473.0
10,32225,473.0
10,32239,473.0
10,32253,473.0
10,32269,473.0
10,32271,473.0
10,32287,473.0
10,32301,473.0
10,32315,486.0
10,32329,486.0
10,32359,486.0
10,32387,486.0
10,32389,486.0
10,32403,486.0
10,32417,486.0
10,32419,486.0
10,32421,486.0
10,32451,486.0
10,32453,486.0
10,32483,486.0
10,32497,486.0
10,32523,486.0
10,32525,486.0
10,32539,486.0
10,32555,486.0
10,32569,486.0
10,32583,486.0
10,32597,486.0
10,32623,503.0
10,32651,509.0
10,32667,509.0
10,32681,514.0
10,32709,514.0
10,32711,514.0
10,32737,514.0
10,32739,514.0
10,32769,514.0
10,32799,514.0
10,32827,514.0
10,32843,514.0
10,32869,514.0
10,32901,514.0
10,32903,514.0
10,32929,514.0
10,32957,514.0
10,32959,514.0
10,32977,514.0
10,32991,514.0
10,32993,514.0
10,33023,514.0
10,33025,514.0
10,33051,514.0
10,33053,514.0
10,33067,514.0
10,33081,514.0
10,33095,514.0
10,33109,514.0
10,33111,514.0
10,33125,514.0
10,33153,514.0
10,33171,514.0
10,33187,514.0
10,33213,515.0
10,33229,515.0
10,33249,515.0
10,33263,515.0
10,33277,515.0
10,33305,515.0
10,33333,515.0
10,33365,515.0
10,33379,515.0
10,33393,515.0
10,33421,515.0
10,33447,515.0
10,33461,515.0
10,33475,515.0
10,33489,515.0
10,33505,515.0
10,33519,515.0
10,33547,515.0
10,33575,515.0
10,33589,515.0
10,33621,515.0
10,33649,515.0
10,33683,515.0
10,33717,515.0
10,33733,515.0
10,33747,515.0
10,33763,515.0
10,33765,515.0
10,33793,515.0
10,33795,515.0
10,33813,515.0
10,33841,515.0
10,33859,515.0
10,33889,515.0
10,33915,515.0
10,33931,515.0
10,33949,515.0
10,33965,515.0
10,33979,515.0
10,33981,515.0
10,34009,515.0
10,34041,515.0
10,34059,515.0
10,34087,515.0
10,34101,515.0
10,34131,515.0
10,34147,515.0
10,34149,515.0
10,34163,515.0
10,34191,515.0
10,34205,515.0
10,34239,515.0
10,34265,515.0
10,34293,515.0
10,34319,515.0
10,34333,515.0
10,34335,515.0
10,34367,515.0
10,34397,515.0
10,34413,515.0
10,34429,515.0
10,34445,515.0
10,34459,515.0
10,34485,515.0
10,34499,515.0
10,34513,515.0
10,34527,515.0
10,34557,515.0
10,34571,515.0
10,34587,515.0
10,34613,515.0
10,34627,515.0
10,34629,515.0
10,34631,515.0
10,34645,515.0
10,34671,515.0
10,34673,515.0
10,34687,515.0
10,34715,515.0
10,34745,515.0
10,34759,515.0
10,34785,515.0
10,34801,515.0
10,34803,515.0
10,34831,515.0
10,34861,515.0
10,34863,515.0
10,34865,515.0
10,34895,515.0
10,34909,515.0
10,34927,515.0
10,34941,515.0
10,34957,515.0
10,34971,515.0
10,35001,515.0
10,35017,515.0
10,35031,515.0
10,35047,515.0
10,35049,515.0
10,35063,515.0
10,35077,515.0
10,35103,515.0
10,35119,515.0
10,35145,515.0
10,35147,515.0
10,35161,515.0
10,35195,515.0
10,35221,515.0
10,35237,515.0
10,35251,515.0
10,35269,515.0
10,35285,515.0
10,35299,515.0
10,35325,515.0
10,35339,515.0
10,35341,515.0
10,35343,515.0
10,35371,515.0
10,35397,515.0
10,35423,515.0
10,35449,515.0
10,35467,515.0
10,35481,515.0
10,35497,515.0
10,35511,515.0
10,35525,515.0
10,35551,515.0
10,35565,515.0
10,35599,515.0
10,35615,515.0
10,35617,515.0
10,35643,516.0
10,35645,516.0
10,35647,516.0
10,35673,516.0
10,35707,516.0
10,35737,516.0
10,35765,516.0
10,35779,516.0
10,35797,516.0
10,35811,516.0
10,35813,516.0
10,35827,516.0
10,35857,516.0
10,35885,516.0
10,35901,516.0
10,35929,516.0
10,35943,516.0
10,35973,516.0
10,36001,516.0
10,36015,516.0
10,36043,516.0
10,36061,516.0
10,36077,516.0
10,36105,516.0
10,36119,516.0
10,36133,516.0
10,36159,516.0
10,36187,516.0
10,36189,516.0
10,36203,516.0
10,36217,516.0
10,36237,516.0
10,36267,516.0
10,36301,516.0
10,36327,516.0
10,36345,516.0
10,36363,516.0
10,36389,516.0
10,36403,516.0
10,36417,516.0
10,36445,516.0
10,36471,516.0
10,36487,516.0
10,36513,516.0
10,36515,516.0
10,36543,516.0
10,36545,516.0
10,36559,516.0
10,36575,516.0
10,36577,516.0
10,36605,516.0
10,36619,516.0
10,36621,516.0
10,36635,516.0
10,36661,516.0
10,36677,516.0
10,36679,516.0
10,36693,516.0
10,36719,516.0
10,36747,516.0
10,36773,516.0
10,36787,516.0
10,36815,516.0
10,36831,516.0
10,36833,516.0
10,36847,516.0
10,36849,516.0
10,36875,516.0
10,36905,516.0
10,36907,516.0
10,36921,516.0
10,36949,516.0
10,36977,516.0
10,36991,516.0
10,36993,516.0
10,37007,516.0
10,37023,516.0
10,37051,516.0
10,37067,516.0
10,37083,516.0
10,37097,516.0
10,37099,516.0
10,37127,516.0
10,37143,516.0
10,37159,516.0
10,37161,516.0
10,37175,516.0
10,37189,516.0
10,37191,516.0
10,37207,516.0
10,37221,516.0
10,37237,516.0
10,37265,516.0
10,37267,516.0
10,37295,516.0
10,37309,516.0
10,37335,525.0
10,37337,525.0
10,37353,525.0
10,37381,525.0
10,37407,529.0
10,37421,529.0
10,37437,529.0
10,37451,529.0
10,37481,529.0
10,37495,529.0
10,37511,529.0
10,37525,529.0
10,37539,529.0
10,37541,529.0
10,37569,529.0
10,37599,529.0
10,37613,529.0
10,37631,529.0
10,37647,529.0
10,37661,529.0
10,37687,529.0
10,37713,529.0
10,37727,529.0
10,37741,529.0
10,37769,529.0
10,37797,529.0
10,37811,529.0
10,37837,533.0
10,37865,533.0
10,37883,533.0
10,37909,533.0
10,37925,533.0
10,37941,533.0
10,37967,533.0
10,37993,533.0
10,38025,533.0
10,38051,533.0
10,38065,533.0
10,38079,533.0
10,38105,533.0
10,38121,533.0
10,38139,533.0
10,38153,533.0
10,38169,533.0
10,38197,533.0
10,38199,533.0
10,38213,533.0
10,38215,533.0
10,38245,533.0
10,38271,533.0
10,38301,533.0
10,38315,533.0
10,38329,533.0
10,38345,533.0
10,38371,533.0
10,38385,533.0
10,38403,533.0
10,38417,533.0
10,38431,533.0
10,38465,533.0
10,38481,533.0
10,38495,533.0
10,38521,533.0
10,38549,533.0
10,38577,533.0
10,38591,533.0
10,38621,533.0
10,38649,533.0
10,38675,533.0
10,38689,533.0
10,38717,533.0
10,38733,533.0
10,38763,533.0
10,38777,533.0
10,38793,533.0
10,38795,533.0
10,38823,533.0
10,38841,533.0
10,38859,533.0
10,38875,533.0
10,38905,533.0
10,38919,533.0
10,38933,534.0
10,38947,534.0
10,38963,534.0
10,38991,534.0
10,39007,534.0
10,39021,534.0
10,39035,534.0
10,39049,534.0
10,39083,534.0
10,39101,534.0
10,39115,534.0
10,39129,534.0
10,39155,534.0
10,39157,534.0
10,39171,534.0
10,39173,534.0
10,39201,534.0
10,39235,534.0
10,39261,534.0
10,39291,538.0
10,39317,538.0
10,39331,538.0
10,39361,538.0
11,29546,395.0
11,29568,395.0
11,29582,395.0
11,29596,408.0
11,29598,408.0
11,29600,408.0
11,29628,408.0
11,29630,408.0
11,29644,420.0
11,29646,420.0
11,30255,420.0
11,30269,420.0
11,30283,420.0
11,30311,420.0
11,30313,420.0
11,30347,420.0
11,30375,420.0
11,30391,420.0
11,30417,420.0
11,30443,420.0
11,30457,437.0
11,30473,437.0
11,30475,437.0
11,30489,437.0
11,30515,437.0
11,30545,437.0
11,30573,437.0
11,30599,437.0
11,30625,437.0
11,30657,437.0
11,30659,437.0
11,30685,437.0
11,30713,437.0
11,30715,437.0
11,30717,437.0
11,30747,437.0
11,30773,462.0
11,30789,462.0
11,30805,462.0
11,30831,462.0
11,30857,462.0
11,30887,462.0
11,30889,462.0
11,30905,462.0
11,30907,462.0
11,30923,462.0
11,30925,462.0
11,30957,462.0
11,30987,462.0
11,31013,462.0
11,31027,462.0
11,31053,462.0
11,31067,462.0
11,31085,462.0
11,31087,462.0
11,31101,462.0
11,31127,462.0
11,31143,462.0
11,31145,462.0
11,31159,462.0
11,31173,462.0
11,31199,462.0
11,31201,462.0
11,31217,462.0
11,31245,462.0
11,31271,462.0
11,31285,462.0
11,31287,462.0
11,31303,462.0
11,31331,462.0
11,31345,462.0
11,31361,462.0
11,31387,462.0
11,31417,462.0
11,31435,462.0
11,31461,462.0
11,31489,462.0
11,31515,462.0
11,31517,462.0
11,31547,462.0
11,31561,462.0
11,31577,462.0
11,31605,462.0
11,31633,462.0
11,31647,462.0
11,31663,462.0
11,31691,462.0
11,31693,462.0
11,31695,462.0
11,31697,462.0
11,31725,462.0
11,31739,462.0
11,31755,462.0
11,31769,462.0
11,31783,462.0
11,31799,462.0
11,31825,462.0
11,31841,462.0
11,31857,462.0
11,31859,462.0
11,31877,462.0
11,31903,462.0
11,31933,462.0
11,31947,462.0
11,31973,462.0
11,32003,462.0
11,32017,462.0
11,32019,462.0
11,32045,462.0
11,32073,462.0
11,32091,462.0
11,32107,462.0
11,32121,468.0
11,32147,468.0
11,32161,468.0
11,32181,468.0
11,32197,468.0
11,32223,468.0
11,32237,468.0
11,32269,468.0
11,32271,468.0
11,32285,468.0
11,32301,468.0
11,32303,468.0
11,32305,468.0
11,32321,468.0
11,32337,468.0
11,32363,468.0
11,32393,468.0
11,32421,468.0
11,32451,468.0
11,32465,468.0
11,32493,468.0
11,32519,468.0
11,32535,468.0
11,32549,468.0
11,32551,468.0
11,32577,487.0
11,32607,487.0
11,32633,487.0
11,32661,487.0
11,32675,487.0
11,32689,487.0
11,32717,487.0
11,32719,487.0
11,32751,487.0
11,32777,487.0
11,32809,487.0
11,32823,487.0
11,32837,487.0
11,32863,487.0
11,32865,487.0
11,32893,487.0
11,32921,487.0
11,32947,487.0
11,32961,487.0
11,32989,487.0
11,32991,487.0
11,33017,487.0
11,33031,487.0
11,33045,487.0
11,33059,487.0
11,33075,487.0
11,33089,487.0
11,33103,487.0
11,33131,487.0
11,33133,487.0
11,33149,487.0
11,33175,487.0
11,33203,487.0
11,33231,487.0
11,33247,487.0
11,33249,487.0
11,33263,487.0
11,33281,487.0
11,33313,487.0
11,33329,487.0
11,33345,487.0
11,33371,487.0
11,33385,506.0
11,33419,506.0
11,33447,517.0
11,33449,517.0
11,33477,517.0
11,33503,517.0
11,33505,517.0
11,33537,517.0
11,33555,517.0
11,33583,517.0
11,33615,517.0
11,33629,517.0
11,33643,517.0
11,33669,517.0
11,33695,517.0
11,33709,517.0
11,33735,517.0
11,33751,517.0
11,33769,517.0
11,33803,517.0
11,33831,517.0
11,33845,517.0
11,33859,517.0
11,33873,517.0
11,33889,517.0
11,33905,517.0
11,33907,517.0
11,33923,517.0
11,33953,517.0
11,33983,517.0
11,33997,517.0
11,34011,517.0
11,34045,517.0
11,34047,517.0
11,34073,517.0
11,34087,517.0
11,34089,517.0
11,34105,517.0
11,34123,517.0
11,34139,517.0
11,34153,517.0
11,34179,517.0
11,34205,517.0
11,34235,517.0
11,34249,517.0
11,34279,517.0
11,34293,517.0
11,34307,517.0
11,34309,517.0
11,34311,517.0
11,34339,517.0
11,34353,517.0
11,34385,517.0
11,34387,517.0
11,34415,517.0
11,34441,517.0
11,34473,517.0
11,34487,517.0
11,34501,517.0
11,34531,517.0
11,34547,517.0
11,34549,517.0
11,34579,517.0
11,34607,517.0
11,34637,517.0
11,34639,517.0
11,34665,517.0
11,34667,517.0
11,34681,517.0
11,34695,517.0
11,34697,517.0
11,34713,517.0
11,34727,517.0
11,34741,517.0
11,34755,517.0
11,34771,517.0
11,34801,517.0
11,34815,517.0
11,34829,517.0
11,34843,517.0
11,34859,517.0
11,34879,517.0
11,34893,517.0
11,34923,517.0
11,34925,517.0
11,34939,517.0
11,34955,517.0
11,34957,517.0
11,34971,517.0
11,34973,517.0
11,34975,517.0
11,34977,517.0
11,35007,517.0
11,35021,517.0
11,35023,517.0
11,35053,517.0
11,35069,517.0
11,35083,517.0
11,35099,517.0
11,35101,517.0
11,35103,517.0
11,35119,517.0
11,35133,517.0
11,35135,517.0
11,35149,517.0
11,35179,517.0
11,35213,517.0
11,35229,517.0
11,35259,517.0
11,35275,517.0
11,35289,517.0
11,35317,517.0
11,35331,517.0
11,35345,517.0
11,35373,517.0
11,35387,517.0
11,35403,517.0
11,35417,517.0
11,35419,517.0
11,35449,517.0
11,35477,517.0
11,35491,517.0
11,35511,517.0
11,35525,517.0
11,35553,517.0
11,35579,517.0
11,35599,517.0
11,35613,517.0
11,35641,517.0
11,35655,517.0
11,35669,517.0
11,35697,517.0
11,35711,517.0
11,35741,517.0
11,35755,517.0
11,35783,517.0
11,35797,517.0
11,35811,517.0
11,35837,517.0
11,35851,517.0
11,35853,517.0
11,35881,517.0
11,35907,517.0
11,35921,517.0
11,35923,517.0
11,35937,517.0
11,35963,517.0
11,35991,517.0
11,36019,517.0
11,36033,517.0
11,36035,517.0
11,36049,517.0
11,36075,517.0
11,36101,517.0
11,36127,517.0
11,36143,517.0
11,36157,517.0
11,36183,517.0
11,36211,517.0
11,36241,517.0
11,36243,517.0
11,36275,517.0
11,36289,517.0
11,36315,517.0
11,36341,517.0
11,36359,517.0
11,36361,517.0
11,36387,517.0
11,36415,517.0
11,36443,517.0
11,36445,517.0
11,36473,517.0
11,36475,517.0
11,36495,517.0
11,36509,517.0
11,36511,517.0
11,36527,517.0
11,36543,517.0
11,36557,517.0
11,36571,517.0
11,36599,517.0
11,36635,517.0
11,36637,517.0
11,36651,517.0
11,36665,527.0
11,36695,527.0
11,36697,527.0
11,36727,527.0
11,36753,527.0
11,36781,527.0
11,36807,527.0
11,36835,527.0
11,36849,527.0
11,36875,527.0
11,36877,527.0
11,36891,527.0
11,36921,527.0
11,36935,527.0
11,36949,527.0
11,36977,527.0
11,36991,527.0
11,37005,527.0
11,37021,527.0
11,37023,527.0
11,37025,527.0
11,37039,527.0
11,37055,527.0
11,37071,527.0
11,37099,527.0
11,37129,527.0
11,37157,527.0
11,37173,527.0
11,37187,527.0
11,37217,527.0
11,37247,527.0
11,37249,527.0
11,37275,527.0
11,37305,527.0
11,37319,527.0
11,37345,527.0
11,37373,527.0
11,37399,527.0
11,37427,527.0
11,37453,527.0
11,37469,527.0
11,37499,527.0
11,37513,527.0
11,37541,527.0
11,37557,527.0
11,37587,527.0
11,37601,527.0
11,37603,527.0
11,37629,527.0
11,37655,527.0
11,37681,527.0
11,37697,527.0
11,37711,527.0
11,37739,527.0
11,37741,527.0
11,37755,527.0
11,37757,527.0
11,37783,527.0
11,37797,527.0
11,37823,527.0
11,37837,527.0
11,37851,527.0
11,37881,527.0
11,37909,527.0
11,37923,527.0
11,37925,527.0
11,37939,527.0
11,37953,527.0
11,37983,527.0
11,37997,527.0
11,38013,527.0
11,38029,527.0
11,38055,527.0
11,38069,527.0
11,38085,527.0
11,38115,527.0
11,38143,527.0
11,38145,527.0
11,38171,527.0
11,38199,527.0
11,38213,527.0
11,38241,527.0
11,38259,527.0
11,38293,527.0
11,38321,527.0
11,38323,527.0
11,38325,527.0
11,38355,527.0
11,38369,527.0
11,38385,527.0
11,38413,527.0
11,38415,527.0
11,38433,527.0
11,38449,527.0
11,38465,527.0
11,38493,527.0
11,38507,527.0
11,38523,527.0
11,38549,527.0
11,38567,527.0
11,38593,527.0
11,38609,527.0
11,38635,527.0
11,38649,527.0
11,38689,527.0
11,38703,527.0
11,38733,527.0
11,38747,527.0
11,38749,527.0
11,38765,527.0
11,38799,527.0
11,38801,527.0
11,38829,527.0
11,38857,527.0
11,38859,527.0
11,38887,527.0
11,38889,527.0
11,38909,527.0
11,38925,527.0
11,38951,539.0
11,38965,539.0
11,38979,539.0
11,39007,539.0
11,39009,539.0
11,39023,539.0
11,39037,539.0
11,39051,539.0
11,39071,539.0
11,39099,539.0
11,39117,539.0
11,39143,539.0
11,39159,539.0
11,39161,539.0
11,39177,539.0
11,39209,539.0
11,39239,539.0
11,39265,539.0
11,39283,539.0
11,39313,539.0
11,39339,539.0
11,39353,539.0
11,39381,539.0
11,39383,539.0
11,39409,539.0
11,39425,539.0
11,39439,539.0
11,39455,539.0
11,39457,539.0
11,39459,539.0
11,39477,539.0
11,39505,539.0
11,39507,539.0
11,39535,539.0
12,29438,398.0
12,30043,398.0
12,30071,398.0
12,30085,398.0
12,30099,398.0
12,30113,413.0
12,30115,413.0
12,30129,413.0
12,30159,413.0
12,30161,413.0
12,30175,413.0
12,30177,413.0
12,30191,413.0
12,30193,413.0
12,30209,413.0
12,30235,413.0
12,30263,413.0
12,30277,413.0
12,30279,413.0
12,30295,413.0
12,30321,415.0
12,30323,415.0
12,30337,415.0
12,30339,415.0
12,30367,415.0
12,30395,415.0
12,30397,415.0
12,30417,415.0
12,30433,415.0
12,30463,441.0
12,30479,441.0
12,30505,441.0
12,30533,441.0
12,30547,441.0
12,30577,441.0
12,30579,441.0
12,30593,441.0
12,30607,441.0
12,30623,441.0
12,30653,441.0
12,30655,441.0
12,30681,441.0
12,30683,441.0
12,30709,441.0
12,30725,441.0
12,30739,467.0
12,30755,467.0
12,30771,467.0
12,30789,467.0
12,30821,467.0
12,30847,467.0
12,30873,467.0
12,30901,467.0
12,30927,467.0
12,30945,467.0
12,30959,467.0
12,30991,467.0
12,30993,467.0
12,31021,467.0
12,31047,467.0
12,31061,467.0
12,31075,467.0
12,31107,467.0
12,31123,467.0
12,31149,467.0
12,31151,467.0
12,31167,467.0
12,31181,467.0
12,31211,467.0
12,31239,467.0
12,31255,467.0
12,31269,467.0
12,31283,467.0
12,31313,467.0
12,31331,467.0
12,31361,467.0
12,31375,467.0
12,31389,467.0
12,31417,467.0
12,31431,467.0
12,31457,467.0
12,31473,467.0
12,31475,467.0
12,31503,467.0
12,31529,467.0
12,31545,467.0
12,31577,467.0
12,31579,467.0
12,31593,471.0
12,31609,471.0
12,31635,471.0
12,31663,471.0
12,31681,471.0
12,31697,471.0
12,31711,471.0
12,31737,480.0
12,31765,496.0
12,31795,496.0
12,31797,496.0
12,31799,496.0
12,31827,496.0
12,31841,496.0
12,31857,496.0
12,31873,496.0
12,31875,496.0
12,31905,496.0
12,31919,496.0
12,31921,496.0
12,31949,496.0
12,31963,496.0
12,31965,496.0
12,31979,496.0
12,31995,496.0
12,32029,521.0
12,32057,521.0
12,32059,521.0
12,32077,521.0
12,32095,521.0
12,32109,521.0
12,32123,521.0
12,32125,521.0
12,32139,521.0
12,32165,521.0
12,32179,521.0
12,32207,521.0
12,32237,521.0
12,32253,521.0
12,32281,521.0
12,32295,521.0
12,32311,521.0
12,32327,521.0
12,32341,521.0
12,32355,521.0
12,32381,521.0
12,32397,521.0
12,32411,521.0
12,32439,521.0
12,32469,521.0
12,32501,521.0
12,32517,521.0
12,32533,521.0
12,32547,521.0
12,32563,521.0
12,32593,521.0
12,32621,521.0
12,32651,521.0
12,32653,521.0
12,32679,521.0
12,32693,521.0
12,32695,521.0
12,32711,521.0
12,32713,521.0
12,32741,521.0
12,32743,521.0
12,32745,521.0
12,32777,521.0
12,32803,521.0
12,32821,521.0
12,32835,521.0
12,32837,521.0
12,32851,521.0
12,32865,521.0
12,32897,521.0
12,32899,521.0
12,32915,521.0
12,32929,521.0
12,32943,521.0
12,32959,521.0
12,32977,521.0
12,33009,521.0
12,33011,521.0
12,33027,521.0
12,33055,521.0
12,33073,521.0
12,33089,521.0
12,33103,521.0
12,33121,521.0
12,33123,521.0
12,33137,521.0
12,33153,521.0
12,33155,521.0
12,33171,521.0
12,33185,521.0
12,33211,521.0
12,33225,521.0
12,33241,521.0
12,33269,521.0
12,33283,521.0
12,33285,521.0
12,33313,521.0
12,33315,521.0
12,33329,521.0
12,33357,521.0
12,33385,521.0
12,33413,521.0
12,33415,521.0
12,33429,521.0
12,33445,521.0
12,33461,521.0
12,33463,521.0
12,33477,521.0
12,33505,521.0
12,33531,521.0
12,33545,521.0
12,33561,521.0
12,33591,521.0
12,33623,521.0
12,33637,521.0
12,33667,521.0
12,33699,521.0
12,33713,521.0
12,33715,521.0
12,33747,521.0
12,33749,521.0
12,33767,521.0
12,33785,521.0
12,33801,521.0
12,33817,521.0
12,33835,521.0
12,33865,521.0
12,33891,521.0
12,33905,521.0
12,33931,521.0
12,33945,521.0
12,33971,521.0
12,33985,521.0
12,33987,521.0
12,33989,521.0
12,34015,521.0
12,34017,521.0
12,34019,521.0
12,34047,521.0
12,34079,521.0
12,34095,521.0
12,34113,521.0
12,34127,521.0
12,34141,521.0
12,34167,521.0
12,34199,521.0
12,34215,521.0
12,34229,521.0
12,34245,521.0
12,34247,521.0
12,34261,521.0
12,34275,521.0
12,34289,521.0
12,34315,521.0
12,34331,521.0
12,34333,521.0
12,34335,521.0
12,34349,521.0
12,34375,522.0
12,34377,522.0
12,34391,522.0
12,34393,522.0
12,34409,522.0
12,34423,522.0
12,34439,522.0
12,34457,522.0
12,34471,522.0
12,34501,522.0
12,34503,522.0
12,34533,522.0
12,34563,522.0
12,34591,522.0
12,34617,522.0
12,34647,522.0
12,34675,522.0
12,34689,522.0
12,34703,522.0
12,34733,522.0
12,34747,522.0
12,34761,522.0
12,34779,522.0
12,34795,522.0
12,34827,522.0
12,34857,522.0
12,34859,522.0
12,34861,522.0
12,34887,522.0
12,34889,522.0
12,34903,522.0
12,34905,522.0
12,34931,522.0
12,34959,522.0
12,34985,522.0
12,35017,522.0
12,35031,522.0
12,35045,522.0
12,35061,522.0
12,35089,522.0
12,35103,522.0
12,35117,522.0
12,35119,522.0
12,35133,522.0
12,35161,522.0
12,35175,522.0
12,35191,522.0
12,35217,522.0
12,35231,522.0
12,35233,522.0
12,35263,522.0
12,35281,522.0
12,35283,522.0
12,35285,522.0
12,35299,522.0
12,35315,522.0
12,35329,522.0
12,35331,522.0
12,35345,522.0
12,35371,522.0
12,35399,522.0
12,35401,522.0
12,35403,522.0
12,35405,522.0
12,35419,522.0
12,35421,522.0
12,35435,522.0
12,35449,522.0
12,35463,522.0
12,35483,522.0
12,35497,522.0
12,35511,522.0
12,35525,522.0
12,35527,522.0
12,35541,522.0
12,35543,522.0
12,35559,522.0
12,35573,522.0
12,35575,522.0
12,35601,522.0
12,35631,522.0
12,35645,522.0
12,35675,522.0
12,35707,522.0
12,35733,522.0
12,35763,522.0
12,35783,522.0
12,35813,522.0
12,35827,522.0
12,35841,522.0
12,35873,522.0
12,35901,522.0
12,35927,522.0
12,35941,522.0
12,35959,522.0
12,35975,522.0
12,35989,523.0
12,36007,523.0
12,36021,523.0
12,36049,523.0
12,36081,523.0
12,36095,523.0
12,36121,523.0
12,36135,523.0
12,36151,523.0
12,36165,523.0
12,36179,523.0
12,36197,523.0
12,36223,523.0
12,36249,523.0
12,36277,523.0
12,36293,523.0
12,36319,523.0
12,36347,523.0
12,36365,523.0
12,36381,523.0
12,36409,523.0
12,36423,523.0
12,36455,523.0
12,36469,523.0
12,36485,523.0
12,36499,523.0
12,36527,523.0
12,36529,523.0
12,36555,523.0
12,36583,523.0
12,36609,533.0
12,36623,533.0
12,36625,533.0
12,36651,533.0
12,36671,533.0
12,36699,533.0
12,36701,533.0
12,36729,533.0
12,36743,533.0
12,36745,533.0
12,36761,533.0
12,36775,533.0
12,36777,533.0
12,36793,533.0
12,36819,533.0
12,36851,533.0
12,36879,533.0
12,36895,533.0
12,36923,533.0
12,36925,533.0
12,36939,533.0
12,36965,533.0
12,36979,533.0
12,36993,533.0
12,37025,533.0
12,37039,533.0
12,37041,533.0
12,37057,533.0
12,37071,533.0
12,37099,533.0
12,37113,533.0
12,37129,533.0
12,37131,533.0
12,37145,533.0
12,37147,533.0
12,37173,533.0
12,37203,533.0
12,37219,533.0
12,37239,533.0
12,37267,533.0
12,37283,533.0
12,37297,533.0
12,37299,533.0
12,37301,533.0
12,37315,533.0
12,37333,533.0
12,37335,533.0
12,37353,533.0
12,37379,533.0
12,37395,533.0
12,37411,533.0
12,37441,533.0
12,37455,533.0
12,37471,533.0
12,37485,533.0
12,37499,533.0
12,37517,533.0
12,37545,533.0
12,37573,533.0
12,37603,533.0
12,37617,533.0
12,37645,533.0
12,37661,533.0
12,37689,533.0
12,37691,533.0
12,37693,533.0
12,37719,533.0
12,37749,533.0
12,37775,533.0
12,37789,533.0
12,37815,533.0
12,37843,533.0
12,37869,533.0
12,37883,533.0
12,37897,533.0
12,37899,533.0
12,37925,533.0
12,37951,533.0
12,37981,533.0
12,37997,533.0
12,38011,533.0
12,38025,533.0
12,38027,533.0
12,38053,533.0
12,38081,533.0
12,38109,533.0
12,38137,533.0
12,38167,533.0
12,38183,533.0
12,38213,533.0
12,38243,533.0
12,38257,533.0
12,38271,533.0
12,38287,533.0
12,38305,533.0
12,38333,533.0
12,38347,533.0
12,38349,533.0
12,38363,533.0
12,38395,533.0
12,38411,533.0
12,38425,533.0
12,38441,533.0
12,38459,533.0
12,38475,533.0
12,38489,533.0
12,38515,533.0
12,38543,533.0
12,38559,533.0
12,38591,533.0
12,38605,533.0
12,38619,533.0
12,38635,533.0
12,38649,533.0
12,38663,533.0
12,38679,533.0
12,38709,533.0
12,38739,533.0
12,38769,533.0
12,38799,533.0
12,38813,533.0
12,38827,533.0
12,38843,533.0
12,38873,533.0
12,38875,533.0
12,38889,533.0
12,38907,533.0
12,38937,533.0
12,38957,533.0
12,38959,533.0
12,38985,533.0
12,39013,533.0
12,39039,533.0
12,39055,533.0
12,39069,533.0
12,39097,533.0
12,39127,533.0
12,39157,533.0
12,39171,533.0
12,39187,533.0
12,39203,533.0
12,39219,533.0
12,39245,533.0
12,39247,533.0
12,39249,533.0
12,39279,533.0
12,39281,533.0
12,39309,533.0
12,39311,533.0
12,39325,533.0
12,39351,533.0
12,39369,533.0
12,39385,533.0
12,39399,533.0
12,39413,533.0
13,29154,384.0
13,29741,399.0
13,29775,399.0
13,29791,399.0
13,29793,399.0
13,29809,399.0
13,29835,399.0
13,29849,399.0
13,29865,399.0
13,29883,399.0
13,29885,399.0
13,29915,399.0
13,29929,399.0
13,29959,399.0
13,29991,399.0
13,30007,399.0
13,30023,399.0
13,30049,454.0
13,30077,454.0
13,30095,454.0
13,30113,454.0
13,30141,454.0
13,30143,454.0
13,30171,454.0
13,30197,454.0
13,30199,454.0
13,30215,454.0
13,30217,454.0
13,30245,454.0
13,30271,454.0
13,30297,454.0
13,30299,454.0
13,30329,454.0
13,30347,454.0
13,30361,454.0
13,30375,454.0
13,30391,454.0
13,30419,454.0
13,30449,454.0
13,30463,454.0
13,30479,454.0
13,30493,454.0
13,30507,454.0
13,30521,454.0
13,30535,454.0
13,30549,454.0
13,30565,454.0
13,30579,454.0
13,30595,454.0
13,30609,454.0
13,30635,454.0
13,30649,454.0
13,30679,454.0
13,30693,454.0
13,30707,454.0
13,30721,454.0
13,30737,454.0
13,30767,454.0
13,30793,454.0
13,30809,454.0
13,30823,454.0
13,30851,454.0
13,30853,454.0
13,30867,454.0
13,30885,454.0
13,30887,454.0
13,30901,454.0
13,30929,454.0
13,30955,454.0
13,30981,454.0
13,31009,454.0
13,31035,454.0
13,31051,454.0
13,31065,454.0
13,31093,454.0
13,31119,454.0
13,31151,462.0
13,31153,462.0
13,31155,462.0
13,31169,462.0
13,31185,462.0
13,31213,462.0
13,31229,462.0
13,31245,462.0
13,31259,462.0
13,31285,462.0
13,31299,462.0
13,31301,462.0
13,31315,462.0
13,31317,462.0
13,31333,462.0
13,31365,462.0
13,31379,462.0
13,31409,462.0
13,31437,462.0
13,31451,462.0
13,31453,462.0
13,31479,471.0
13,31495,471.0
13,31497,471.0
13,31513,471.0
13,31539,471.0
13,31553,471.0
13,31579,471.0
13,31597,471.0
13,31613,471.0
13,31643,471.0
13,31669,471.0
13,31695,471.0
13,31713,471.0
13,31739,471.0
13,31767,471.0
13,31783,471.0
13,31797,471.0
13,31827,471.0
13,31841,471.0
13,31869,471.0
13,31897,471.0
13,31911,475.0
13,31927,475.0
13,31957,475.0
13,31975,475.0
13,31991,475.0
13,32005,475.0
13,32035,475.0
13,32049,475.0
13,32065,475.0
13,32079,475.0
13,32097,475.0
13,32111,475.0
13,32139,475.0
13,32165,475.0
13,32181,475.0
13,32207,475.0
13,32235,475.0
13,32251,475.0
13,32265,475.0
13,32291,475.0
13,32307,475.0
13,32323,475.0
13,32337,475.0
13,32369,475.0
13,32397,475.0
13,32429,475.0
13,32457,475.0
13,32473,475.0
13,32499,475.0
13,32513,475.0
13,32543,475.0
13,32557,475.0
13,32583,505.0
13,32603,505.0
13,32633,505.0
13,32647,505.0
13,32663,505.0
13,32681,505.0
13,32701,505.0
13,32715,505.0
13,32743,505.0
13,32771,505.0
13,32785,505.0
13,32803,505.0
13,32819,505.0
13,32847,505.0
13,32849,505.0
13,32867,505.0
13,32895,505.0
13,32921,505.0
13,32941,505.0
13,32957,505.0
13,32985,505.0
13,32987,505.0
13,33001,505.0
13,33015,505.0
13,33041,505.0
13,33073,505.0
13,33099,505.0
13,33125,505.0
13,33151,505.0
13,33165,505.0
13,33181,505.0
13,33197,505.0
13,33227,505.0
13,33241,505.0
13,33269,505.0
13,33299,505.0
13,33333,505.0
13,33353,505.0
13,33369,505.0
13,33371,505.0
13,33387,505.0
13,33389,505.0
13,33417,505.0
13,33449,505.0
13,33463,505.0
13,33493,505.0
13,33521,505.0
13,33555,505.0
13,33571,505.0
13,33585,505.0
13,33599,505.0
13,33613,505.0
13,33645,505.0
13,33677,505.0
13,33705,505.0
13,33719,505.0
13,33733,505.0
13,33763,505.0
13,33779,505.0
13,33807,505.0
13,33821,505.0
13,33823,505.0
13,33853,505.0
13,33867,505.0
13,33883,505.0
13,33897,505.0
13,33929,505.0
13,33955,505.0
13,33969,505.0
13,33983,505.0
13,33997,505.0
13,34025,505.0
13,34039,505.0
13,34053,505.0
13,34081,505.0
13,34099,505.0
13,34113,505.0
13,34141,505.0
13,34155,505.0
13,34169,505.0
13,34205,505.0
13,34223,505.0
13,34241,505.0
13,34267,505.0
13,34283,505.0
13,34313,505.0
13,34339,505.0
13,34353,505.0
13,34369,505.0
13,34371,505.0
13,34401,505.0
13,34417,505.0
13,34431,505.0
13,34445,505.0
13,34475,505.0
13,34501,505.0
13,34503,505.0
13,34533,505.0
13,34535,505.0
13,34537,505.0
13,34569,505.0
13,34583,505.0
13,34615,505.0
13,34631,505.0
13,34633,505.0
13,34661,505.0
13,34689,505.0
13,34691,505.0
13,34705,505.0
13,34721,505.0
13,34735,505.0
13,34749,505.0
13,34775,505.0
13,34803,505.0
13,34819,505.0
13,34833,505.0
13,34851,505.0
13,34867,505.0
13,34893,505.0
13,34907,505.0
13,34937,505.0
13,34951,505.0
13,34965,505.0
13,34967,505.0
13,34995,505.0
13,35021,505.0
13,35035,505.0
13,35051,505.0
13,35065,505.0
13,35091,505.0
13,35123,505.0
13,35125,505.0
13,35155,505.0
13,35183,505.0
13,35197,505.0
13,35211,505.0
13,35239,505.0
13,35253,505.0
13,35267,505.0
13,35295,505.0
13,35321,513.0
13,35335,513.0
13,35349,513.0
13,35363,513.0
13,35391,513.0
13,35423,513.0
13,35437,513.0
13,35451,513.0
13,35467,513.0
13,35495,513.0
13,35509,513.0
13,35511,513.0
13,35525,513.0
13,35539,513.0
13,35557,513.0
13,35571,513.0
13,35599,513.0
13,35615,513.0
13,35631,513.0
13,35645,513.0
13,35659,513.0
13,35661,513.0
13,35675,513.0
13,35677,513.0
13,35691,513.0
13,35719,513.0
13,35733,513.0
13,35761,513.0
13,35775,513.0
13,35777,513.0
13,35779,513.0
13,35805,513.0
13,35819,513.0
13,35849,517.0
13,35875,517.0
13,35903,517.0
13,35937,517.0
13,35963,517.0
13,35977,517.0
13,35993,517.0
13,36009,517.0
13,36037,517.0
13,36067,517.0
13,36085,517.0
13,36115,517.0
13,36117,517.0
13,36119,517.0
13,36135,517.0
13,36169,517.0
13,36171,517.0
13,36173,517.0
13,36191,517.0
13,36223,517.0
13,36239,517.0
13,36253,517.0
13,36269,517.0
13,36297,517.0
13,36299,517.0
13,36313,517.0
13,36327,517.0
13,36343,517.0
13,36369,517.0
13,36383,517.0
13,36397,517.0
13,36411,517.0
13,36441,517.0
13,36457,517.0
13,36473,517.0
13,36475,517.0
13,36503,517.0
13,36517,517.0
13,36519,517.0
13,36535,517.0
13,36537,517.0
13,36551,517.0
13,36553,517.0
13,36567,517.0
13,36599,517.0
13,36625,517.0
13,36639,517.0
13,36653,517.0
13,36669,517.0
13,36687,517.0
13,36689,517.0
13,36715,517.0
13,36743,517.0
13,36759,517.0
13,36775,517.0
13,36789,517.0
13,36817,517.0
13,36849,517.0
13,36867,517.0
13,36883,517.0
13,36901,517.0
13,36929,517.0
13,36943,517.0
13,36957,517.0
13,36975,517.0
13,37003,517.0
13,37029,517.0
13,37047,517.0
13,37063,517.0
13,37077,517.0
13,37091,517.0
13,37093,517.0
13,37107,517.0
13,37109,517.0
13,37137,517.0
13,37139,517.0
13,37141,517.0
13,37143,517.0
13,37145,517.0
13,37159,517.0
13,37187,517.0
13,37201,517.0
13,37215,517.0
13,37249,517.0
13,37263,517.0
13,37279,517.0
13,37295,517.0
13,37321,522.0
13,37347,522.0
13,37361,522.0
13,37375,522.0
13,37377,522.0
13,37403,522.0
13,37433,522.0
13,37459,522.0
13,37487,522.0
13,37503,522.0
13,37517,522.0
13,37519,522.0
13,37549,522.0
13,37577,522.0
13,37591,522.0
13,37605,522.0
13,37619,522.0
13,37633,522.0
13,37647,522.0
13,37649,522.0
13,37665,522.0
13,37681,522.0
13,37719,522.0
13,37733,522.0
13,37747,522.0
13,37775,522.0
13,37791,522.0
13,37807,522.0
13,37809,522.0
13,37843,522.0
13,37869,522.0
13,37871,522.0
13,37873,522.0
13,37887,522.0
13,37915,522.0
13,37929,522.0
13,37943,522.0
13,37945,522.0
13,37971,522.0
13,37987,522.0
13,38001,522.0
13,38029,522.0
13,38043,522.0
13,38057,522.0
13,38089,522.0
13,38103,522.0
13,38129,522.0
13,38147,522.0
13,38161,522.0
13,38191,522.0
13,38219,522.0
13,38233,522.0
13,38263,522.0
13,38293,522.0
13,38319,522.0
13,38335,522.0
13,38365,522.0
13,38379,522.0
13,38395,522.0
13,38413,522.0
13,38427,522.0
13,38429,522.0
13,38463,522.0
13,38479,522.0
13,38511,522.0
13,38537,524.0
13,38555,524.0
13,38581,524.0
13,38583,524.0
13,38611,524.0
13,38625,524.0
13,38653,524.0
13,38669,524.0
13,38687,524.0
13,38715,524.0
13,38743,524.0
13,38769,524.0
13,38795,524.0
13,38797,524.0
13,38815,524.0
13,38829,527.0
13,38859,527.0
13,38873,527.0
13,38889,527.0
13,38921,527.0
13,38935,527.0
13,38949,527.0
13,38951,527.0
13,38967,527.0
13,38997,527.0
13,38999,527.0
13,39025,527.0
13,39055,527.0
13,39069,527.0
13,39101,527.0
13,39103,527.0
13,39131,527.0
13,39159,527.0
14,29472,380.0
14,29486,380.0
14,29514,393.0
14,29530,393.0
14,29544,415.0
14,30119,415.0
14,30121,415.0
14,30147,415.0
14,30163,415.0
14,30165,415.0
14,30191,415.0
14,30193,415.0
14,30209,415.0
14,30241,415.0
14,30255,415.0
14,30273,415.0
14,30303,415.0
14,30337,415.0
14,30339,415.0
14,30353,415.0
14,30367,419.0
14,30381,419.0
14,30411,419.0
14,30441,419.0
14,30443,419.0
14,30459,419.0
14,30475,419.0
14,30489,419.0
14,30517,419.0
14,30545,419.0
14,30575,419.0
14,30593,419.0
14,30623,419.0
14,30625,419.0
14,30641,419.0
14,30655,419.0
14,30671,419.0
14,30699,419.0
14,30725,419.0
14,30739,419.0
14,30755,419.0
14,30789,419.0
14,30803,419.0
14,30821,419.0
14,30823,419.0
14,30853,419.0
14,30883,419.0
14,30897,419.0
14,30911,419.0
14,30925,419.0
14,30945,419.0
14,30961,419.0
14,30997,419.0
14,30999,419.0
14,31025,419.0
14,31057,419.0
14,31059,419.0
14,31077,419.0
14,31079,419.0
14,31081,419.0
14,31107,419.0
14,31135,427.0
14,31137,427.0
14,31153,427.0
14,31167,427.0
14,31183,427.0
14,31209,427.0
14,31235,427.0
14,31237,427.0
14,31265,427.0
14,31279,459.0
14,31295,459.0
14,31297,459.0
14,31299,459.0
14,31313,459.0
14,31343,459.0
14,31375,459.0
14,31389,459.0
14,31415,460.0
14,31429,460.0
14,31445,460.0
14,31471,460.0
14,31473,460.0
14,31499,460.0
14,31501,460.0
14,31517,460.0
14,31547,460.0
14,31573,460.0
14,31603,460.0
14,31629,460.0
14,31631,460.0
14,31659,460.0
14,31661,460.0
14,31689,460.0
14,31703,460.0
14,31733,460.0
14,31747,460.0
14,31761,460.0
14,31763,460.0
14,31791,460.0
14,31805,460.0
14,31833,460.0
14,31867,460.0
14,31893,465.0
14,31895,465.0
14,31897,465.0
14,31925,465.0
14,31927,465.0
14,31929,465.0
14,31955,465.0
14,31985,465.0
14,31987,465.0
14,32001,465.0
14,32017,465.0
14,32031,465.0
14,32057,465.0
14,32071,465.0
14,32085,469.0
14,32087,469.0
14,32101,469.0
14,32115,469.0
14,32141,469.0
14,32167,469.0
14,32195,469.0
14,32209,469.0
14,32227,469.0
14,32241,469.0
14,32259,469.0
14,32273,469.0
14,32275,469.0
14,32293,469.0
14,32307,469.0
14,32335,490.0
14,32349,490.0
14,32379,490.0
14,32409,490.0
14,32435,490.0
14,32453,490.0
14,32455,490.0
14,32483,490.0
14,32499,490.0
14,32531,490.0
14,32547,490.0
14,32561,490.0
14,32575,490.0
14,32591,490.0
14,32593,490.0
14,32623,490.0
14,32655,490.0
14,32657,490.0
14,32673,490.0
14,32689,490.0
14,32705,490.0
14,32719,490.0
14,32745,490.0
14,32759,490.0
14,32789,490.0
14,32817,490.0
14,32831,490.0
14,32847,490.0
14,32877,497.0
14,32879,497.0
14,32893,497.0
14,32895,497.0
14,32921,497.0
14,32939,497.0
14,32965,497.0
14,32979,497.0
14,32993,497.0
14,33007,497.0
14,33009,497.0
14,33035,497.0
14,33049,497.0
14,33075,497.0
14,33077,497.0
14,33109,497.0
14,33125,497.0
14,33151,497.0
14,33181,497.0
14,33209,497.0
14,33225,497.0
14,33239,497.0
14,33269,497.0
14,33283,497.0
14,33297,497.0
14,33323,497.0
14,33325,497.0
14,33353,497.0
14,33367,497.0
14,33381,497.0
14,33383,497.0
14,33409,497.0
14,33423,497.0
14,33439,497.0
14,33453,497.0
14,33469,497.0
14,33493,497.0
14,33521,497.0
14,33549,497.0
14,33579,497.0
14,33581,497.0
14,33595,497.0
14,33597,497.0
14,33599,497.0
14,33627,497.0
14,33641,497.0
14,33643,497.0
14,33659,497.0
14,33679,497.0
14,33707,499.0
14,33721,499.0
14,33735,499.0
14,33737,499.0
14,33753,499.0
14,33755,499.0
14,33757,499.0
14,33771,499.0
14,33785,499.0
14,33787,499.0
14,33789,499.0
14,33823,499.0
14,33851,499.0
14,33865,499.0
14,33893,499.0
14,33909,499.0
14,33923,499.0
14,33937,499.0
14,33969,499.0
14,33995,499.0
14,34025,500.0
14,34053,500.0
14,34067,500.0
14,34083,500.0
14,34111,500.0
14,34145,500.0
14,34171,500.0
14,34187,500.0
14,34213,500.0
14,34215,500.0
14,34241,500.0
14,34243,500.0
14,34269,500.0
14,34297,500.0
14,34311,500.0
14,34313,500.0
14,34339,500.0
14,34353,500.0
14,34383,500.0
14,34411,500.0
14,34427,500.0
14,34455,500.0
14,34469,500.0
14,34489,500.0
14,34491,500.0
14,34505,500.0
14,34519,500.0
14,34547,500.0
14,34549,500.0
14,34577,500.0
14,34593,500.0
14,34621,500.0
14,34649,500.0
14,34677,500.0
14,34679,500.0
14,34693,500.0
14,34723,500.0
14,34739,500.0
14,34765,500.0
14,34779,501.0
14,34807,501.0
14,34835,501.0
14,34861,501.0
14,34889,501.0
14,34917,501.0
14,34947,501.0
14,34963,501.0
14,34977,501.0
14,34991,501.0
14,35019,501.0
14,35049,501.0
14,35063,502.0
14,35093,502.0
14,35095,502.0
14,35109,502.0
14,35123,507.0
14,35149,507.0
14,35175,507.0
14,35189,507.0
14,35219,507.0
14,35235,507.0
14,35249,507.0
14,35251,507.0
14,35265,507.0
14,35279,507.0
14,35297,507.0
14,35325,507.0
14,35339,507.0
14,35353,510.0
14,35369,510.0
14,35371,510.0
14,35397,510.0
14,35411,510.0
14,35437,510.0
14,35465,510.0
14,35483,510.0
14,35499,510.0
14,35527,518.0
14,35543,518.0
14,35545,518.0
14,35559,518.0
14,35587,518.0
14,35605,518.0
14,35635,518.0
14,35661,518.0
14,35663,518.0
14,35691,518.0
14,35717,518.0
14,35743,518.0
14,35763,518.0
14,35777,518.0
14,35795,518.0
14,35809,518.0
14,35837,518.0
14,35853,518.0
14,35885,518.0
14,35887,518.0
14,35901,518.0
14,35915,518.0
14,35931,518.0
14,35947,518.0
14,35961,518.0
14,35991,518.0
14,36007,518.0
14,36037,518.0
14,36053,518.0
14,36083,518.0
14,36097,518.0
14,36113,518.0
14,36127,518.0
14,36147,518.0
14,36187,518.0
14,36201,524.0
14,36215,524.0
14,36245,524.0
14,36259,524.0
14,36285,524.0
14,36287,524.0
14,36301,524.0
14,36315,524.0
14,36329,524.0
14,36363,524.0
14,36379,524.0
14,36407,524.0
14,36437,524.0
14,36453,524.0
14,36481,524.0
14,36495,524.0
14,36523,524.0
14,36549,524.0
14,36577,524.0
14,36597,524.0
14,36613,524.0
14,36627,524.0
14,36643,524.0
14,36645,524.0
14,36647,524.0
14,36661,524.0
14,36677,524.0
14,36707,524.0
14,36733,524.0
14,36759,524.0
14,36785,524.0
14,36811,524.0
14,36837,524.0
14,36851,524.0
14,36853,524.0
14,36883,524.0
14,36913,524.0
14,36915,524.0
14,36929,524.0
14,36931,524.0
14,36953,524.0
14,36967,524.0
14,36981,524.0
14,36983,524.0
14,37013,524.0
14,37027,524.0
14,37053,524.0
14,37055,524.0
14,37069,524.0
14,37087,524.0
14,37115,524.0
14,37131,524.0
14,37149,524.0
14,37163,524.0
14,37183,524.0
14,37209,524.0
14,37223,524.0
14,37239,524.0
14,37265,524.0
14,37301,524.0
14,37329,524.0
14,37331,524.0
14,37333,524.0
14,37335,524.0
14,37351,524.0
14,37367,524.0
14,37381,524.0
14,37395,524.0
14,37427,524.0
14,37445,524.0
14,37475,524.0
14,37505,524.0
14,37531,524.0
14,37549,524.0
14,37577,524.0
14,37611,524.0
14,37627,524.0
14,37645,524.0
14,37659,524.0
14,37691,524.0
14,37693,524.0
14,37709,524.0
14,37723,524.0
14,37741,524.0
14,37743,524.0
14,37745,524.0
14,37763,524.0
14,37789,524.0
14,37805,524.0
14,37821,524.0
14,37853,524.0
14,37881,524.0
14,37909,524.0
14,37935,524.0
14,37949,524.0
14,37977,524.0
14,37991,524.0
14,38005,524.0
14,38033,524.0
14,38063,524.0
14,38091,524.0
14,38093,524.0
14,38107,524.0
14,38135,524.0
14,38149,524.0
14,38177,524.0
14,38195,524.0
14,38197,524.0
14,38227,524.0
14,38241,524.0
14,38243,524.0
14,38273,524.0
14,38287,524.0
14,38301,524.0
14,38303,524.0
14,38317,530.0
14,38333,530.0
14,38361,530.0
14,38387,530.0
14,38413,530.0
14,38427,530.0
14,38441,530.0
14,38443,530.0
14,38469,530.0
14,38485,530.0
14,38515,530.0
14,38529,530.0
14,38555,530.0
14,38557,530.0
14,38571,530.0
14,38585,530.0
14,38611,530.0
14,38643,530.0
14,38673,530.0
14,38687,530.0
14,38703,530.0
14,38733,530.0
14,38735,530.0
14,38751,530.0
14,38767,530.0
14,38781,530.0
14,38795,530.0
14,38823,530.0
14,38853,530.0
14,38871,530.0
14,38897,530.0
14,38925,530.0
14,38939,530.0
14,38953,530.0
14,38967,530.0
14,38969,530.0
14,38985,530.0
14,39015,530.0
14,39043,530.0
14,39057,530.0
14,39071,530.0
14,39073,530.0
14,39087,530.0
14,39101,530.0
14,39115,530.0
14,39141,530.0
14,39159,530.0
14,39173,530.0
14,39205,534.0
14,39207,534.0
14,39221,534.0
14,39223,534.0
14,39249,534.0
14,39265,534.0
14,39267,534.0
14,39295,534.0
14,39311,534.0
14,39313,534.0
14,39327,534.0
14,39341,534.0
14,39343,534.0
14,39357,534.0
14,39383,534.0
14,39397,534.0
14,39411,534.0
14,39427,534.0
14,39441,534.0
14,39455,534.0
14,39469,534.0
15,29338,415.0
15,29354,415.0
15,29368,415.0
15,29382,415.0
15,29384,415.0
15,29386,415.0
15,30005,415.0
15,30019,415.0
15,30033,415.0
15,30047,415.0
15,30061,415.0
15,30087,415.0
15,30113,415.0
15,30141,415.0
15,30167,415.0
15,30181,415.0
15,30195,415.0
15,30225,415.0
15,30241,415.0
15,30255,415.0
15,30257,415.0
15,30259,415.0
15,30285,415.0
15,30303,415.0
15,30333,415.0
15,30347,415.0
15,30363,415.0
15,30379,415.0
15,30405,415.0
15,30419,415.0
15,30433,434.0
15,30465,434.0
15,30479,434.0
15,30481,434.0
15,30483,434.0
15,30497,434.0
15,30513,434.0
15,30527,434.0
15,30553,434.0
15,30567,434.0
15,30581,434.0
15,30583,434.0
15,30615,434.0
15,30617,434.0
15,30643,434.0
15,30661,434.0
15,30691,434.0
15,30705,434.0
15,30737,434.0
15,30769,434.0
15,30783,434.0
15,30803,434.0
15,30819,434.0
15,30821,434.0
15,30849,434.0
15,30867,434.0
15,30883,434.0
15,30897,434.0
15,30911,434.0
15,30929,434.0
15,30957,434.0
15,30989,434.0
15,31005,434.0
15,31019,448.0
15,31047,448.0
15,31075,448.0
15,31101,448.0
15,31103,448.0
15,31117,448.0
15,31143,448.0
15,31171,448.0
15,31187,448.0
15,31201,448.0
15,31229,448.0
15,31257,448.0
15,31273,448.0
15,31299,463.0
15,31329,463.0
15,31345,463.0
15,31359,463.0
15,31361,463.0
15,31389,463.0
15,31417,463.0
15,31445,463.0
15,31459,463.0
15,31473,469.0
15,31487,469.0
15,31501,469.0
15,31515,469.0
15,31541,469.0
15,31567,469.0
15,31569,469.0
15,31585,469.0
15,31601,469.0
15,31615,469.0
15,31643,469.0
15,31669,469.0
15,31671,469.0
15,31687,469.0
15,31715,480.0
15,31741,480.0
15,31743,480.0
15,31771,480.0
15,31785,480.0
15,31801,480.0
15,31815,480.0
15,31829,480.0
15,31855,480.0
15,31883,480.0
15,31897,487.0
15,31911,487.0
15,31927,487.0
15,31957,487.0
15,31959,487.0
15,31973,487.0
15,31989,487.0
15,32019,487.0
15,32033,487.0
15,32049,487.0
15,32051,487.0
15,32067,487.0
15,32081,487.0
15,32109,487.0
15,32123,487.0
15,32141,487.0
15,32167,487.0
15,32193,487.0
15,32209,487.0
15,32239,487.0
15,32267,487.0
15,32281,487.0
15,32283,487.0
15,32315,487.0
15,32317,487.0
15,32347,487.0
15,32349,487.0
15,32365,487.0
15,32367,487.0
15,32383,487.0
15,32397,487.0
15,32399,487.0
15,32425,494.0
15,32441,494.0
15,32471,494.0
15,32503,494.0
15,32531,494.0
15,32545,494.0
15,32559,494.0
15,32575,494.0
15,32601,494.0
15,32629,494.0
15,32657,494.0
15,32671,494.0
15,32699,494.0
15,32727,494.0
15,32763,494.0
15,32777,498.0
15,32791,498.0
15,32819,498.0
15,32845,498.0
15,32847,498.0
15,32879,498.0
15,32909,498.0
15,32911,498.0
15,32927,498.0
15,32943,498.0
15,32971,508.0
15,32985,508.0
15,32999,510.0
15,33025,510.0
15,33053,510.0
15,33079,510.0
15,33097,510.0
15,33123,510.0
15,33125,510.0
15,33141,510.0
15,33167,510.0
15,33181,510.0
15,33209,510.0
15,33223,510.0
15,33237,510.0
15,33251,510.0
15,33267,510.0
15,33269,510.0
15,33295,517.0
15,33309,517.0
15,33325,517.0
15,33351,517.0
15,33367,517.0
15,33383,517.0
15,33411,517.0
15,33413,517.0
15,33435,517.0
15,33449,517.0
15,33479,517.0
15,33493,517.0
15,33521,517.0
15,33547,517.0
15,33561,517.0
15,33587,517.0
15,33603,517.0
15,33619,517.0
15,33621,517.0
15,33653,517.0
15,33655,517.0
15,33681,517.0
15,33711,517.0
15,33713,517.0
15,33727,517.0
15,33729,517.0
15,33743,517.0
15,33771,517.0
15,33799,517.0
15,33825,517.0
15,33853,517.0
15,33869,517.0
15,33895,517.0
15,33911,517.0
15,33925,517.0
15,33955,517.0
15,33969,517.0
15,33983,517.0
15,34011,517.0
15,34013,517.0
15,34027,517.0
15,34029,517.0
15,34031,517.0
15,34045,517.0
15,34059,517.0
15,34087,517.0
15,34113,517.0
15,34129,517.0
15,34157,517.0
15,34183,517.0
15,34199,517.0
15,34213,517.0
15,34241,517.0
15,34243,517.0
15,34261,517.0
15,34277,517.0
15,34293,517.0
15,34321,517.0
15,34347,517.0
15,34373,517.0
15,34399,517.0
15,34415,517.0
15,34417,517.0
15,34433,517.0
15,34447,517.0
15,34461,517.0
15,34463,517.0
15,34491,517.0
15,34517,517.0
15,34547,517.0
15,34573,517.0
15,34603,517.0
15,34631,517.0
15,34661,517.0
15,34681,517.0
15,34709,517.0
15,34723,517.0
15,34753,517.0
15,34783,517.0
15,34813,517.0
15,34827,517.0
15,34841,517.0
15,34855,517.0
15,34871,517.0
15,34899,517.0
15,34925,517.0
15,34951,517.0
15,34967,517.0
15,34997,517.0
15,35011,517.0
15,35029,517.0
15,35047,517.0
15,35065,517.0
15,35079,517.0
15,35093,517.0
15,35119,517.0
15,35135,517.0
15,35149,517.0
15,35179,517.0
15,35207,517.0
15,35221,517.0
15,35241,517.0
15,35267,517.0
15,35283,517.0
15,35297,517.0
15,35311,517.0
15,35341,517.0
15,35357,517.0
15,35377,517.0
15,35379,517.0
15,35381,517.0
15,35411,517.0
15,35427,517.0
15,35457,517.0
15,35471,519.0
15,35497,519.0
15,35499,519.0
15,35531,519.0
15,35559,519.0
15,35573,519.0
15,35587,519.0
15,35601,519.0
15,35627,519.0
15,35655,519.0
15,35671,519.0
15,35685,519.0
15,35687,519.0
15,35701,519.0
15,35729,519.0
15,35755,519.0
15,35783,519.0
15,35811,519.0
15,35827,519.0
15,35855,519.0
15,35883,519.0
15,35897,519.0
15,35923,519.0
15,35949,519.0
15,35963,519.0
15,35965,519.0
15,35997,519.0
15,36011,519.0
15,36037,519.0
15,36065,519.0
15,36079,519.0
15,36105,519.0
15,36119,519.0
15,36149,519.0
15,36163,519.0
15,36179,519.0
15,36195,519.0
15,36209,519.0
15,36239,519.0
15,36253,519.0
15,36269,519.0
15,36271,519.0
15,36285,519.0
15,36301,519.0
15,36315,519.0
15,36317,519.0
15,36343,519.0
15,36369,519.0
15,36397,519.0
15,36415,519.0
15,36441,519.0
15,36443,519.0
15,36457,519.0
15,36475,519.0
15,36477,519.0
15,36491,523.0
15,36505,523.0
15,36519,523.0
15,36537,523.0
15,36551,523.0
15,36579,523.0
15,36605,523.0
15,36635,523.0
15,36651,523.0
15,36667,523.0
15,36669,523.0
15,36683,523.0
15,36697,523.0
15,36711,523.0
15,36737,533.0
15,36739,533.0
15,36755,533.0
15,36757,533.0
15,36787,533.0
15,36815,533.0
15,36829,533.0
15,36855,533.0
15,36889,533.0
15,36917,533.0
15,36947,533.0
15,36949,533.0
15,36963,533.0
15,36997,533.0
15,37011,533.0
15,37029,533.0
15,37031,533.0
15,37045,533.0
15,37063,533.0
15,37083,533.0
15,37099,533.0
15,37113,533.0
15,37141,533.0
15,37143,533.0
15,37159,533.0
15,37177,533.0
15,37191,533.0
15,37209,533.0
15,37211,533.0
15,37225,533.0
15,37239,533.0
15,37253,533.0
15,37279,533.0
15,37295,533.0
15,37297,533.0
15,37325,533.0
15,37339,533.0
15,37353,533.0
15,37389,533.0
15,37407,533.0
15,37421,533.0
15,37435,533.0
15,37461,533.0
15,37463,533.0
15,37477,533.0
15,37491,533.0
15,37507,533.0
15,37509,533.0
15,37535,533.0
15,37549,533.0
15,37575,533.0
15,37589,533.0
15,37615,533.0
15,37631,533.0
15,37645,533.0
15,37677,533.0
15,37679,533.0
15,37695,533.0
15,37723,533.0
15,37737,533.0
15,37763,533.0
15,37765,533.0
15,37767,533.0
15,37783,533.0
15,37801,533.0
15,37829,533.0
15,37843,533.0
15,37861,533.0
15,37877,533.0
15,37879,533.0
15,37907,533.0
15,37909,533.0
15,37923,533.0
15,37937,533.0
15,37939,533.0
15,37955,533.0
15,37971,533.0
15,37997,533.0
15,37999,533.0
15,38015,533.0
15,38043,533.0
15,38057,533.0
15,38085,533.0
15,38101,533.0
15,38119,533.0
15,38133,533.0
15,38161,533.0
15,38175,533.0
15,38201,533.0
15,38215,533.0
15,38233,533.0
15,38249,533.0
15,38251,533.0
15,38279,533.0
15,38295,533.0
15,38321,533.0
15,38323,533.0
15,38337,533.0
15,38353,533.0
15,38383,533.0
15,38397,533.0
15,38415,533.0
15,38431,533.0
15,38433,533.0
15,38447,533.0
15,38477,533.0
15,38507,533.0
15,38523,533.0
15,38549,533.0
15,38563,533.0
15,38589,533.0
15,38591,533.0
15,38605,533.0
15,38619,533.0
15,38621,533.0
15,38637,533.0
15,38663,533.0
15,38677,533.0
15,38691,533.0
15,38705,533.0
15,38719,533.0
15,38745,533.0
15,38771,533.0
15,38801,533.0
15,38833,533.0
15,38847,533.0
15,38873,533.0
15,38901,533.0
15,38919,533.0
15,38921,533.0
15,38951,533.0
15,38967,533.0
15,38981,533.0
15,38995,533.0
15,39011,533.0
15,39025,533.0
15,39055,533.0
15,39071,533.0
15,39073,533.0
15,39089,533.0
15,39117,533.0
15,39131,533.0
15,39147,533.0
15,39173,533.0
15,39199,533.0
15,39225,533.0
15,39253,533.0
15,39267,533.0
15,39281,533.0
15,39307,533.0
15,39323,533.0
16,29374,390.0
16,29376,390.0
16,29390,390.0
16,29406,390.0
16,29432,390.0
16,29448,390.0
16,29450,390.0
16,29468,390.0
16,29470,390.0
16,29484,399.0
16,29498,399.0
16,29512,399.0
16,29538,410.0
16,29566,410.0
16,29582,410.0
16,29596,410.0
16,29628,410.0
16,29642,410.0
16,29658,410.0
16,29672,410.0
16,29690,410.0
16,29692,410.0
16,29706,410.0
16,29732,435.0
16,30341,435.0
16,30357,435.0
16,30373,435.0
16,30375,435.0
16,30377,435.0
16,30393,435.0
16,30421,435.0
16,30451,435.0
16,30477,435.0
16,30491,435.0
16,30519,435.0
16,30535,435.0
16,30563,435.0
16,30593,435.0
16,30627,435.0
16,30641,435.0
16,30659,435.0
16,30685,435.0
16,30705,435.0
16,30719,435.0
16,30745,456.0
16,30759,456.0
16,30785,456.0
16,30799,456.0
16,30801,456.0
16,30803,456.0
16,30833,456.0
16,30847,456.0
16,30881,456.0
16,30909,456.0
16,30923,456.0
16,30953,456.0
16,30955,456.0
16,30985,456.0
16,31003,456.0
16,31035,456.0
16,31069,456.0
16,31083,456.0
16,31103,456.0
16,31117,456.0
16,31143,456.0
16,31171,456.0
16,31185,456.0
16,31201,456.0
16,31229,456.0
16,31257,456.0
16,31291,456.0
16,31319,456.0
16,31347,456.0
16,31363,456.0
16,31391,456.0
16,31407,456.0
16,31433,456.0
16,31451,456.0
16,31483,456.0
16,31499,456.0
16,31527,456.0
16,31547,456.0
16,31575,456.0
16,31589,456.0
16,31591,456.0
16,31621,456.0
16,31623,456.0
16,31649,456.0
16,31665,456.0
16,31679,456.0
16,31681,456.0
16,31695,456.0
16,31711,456.0
16,31727,456.0
16,31745,456.0
16,31773,456.0
16,31799,456.0
16,31829,456.0
16,31861,456.0
16,31877,456.0
16,31891,456.0
16,31893,456.0
16,31921,456.0
16,31935,456.0
16,31949,456.0
16,31975,456.0
16,32003,460.0
16,32031,460.0
16,32061,460.0
16,32087,460.0
16,32115,460.0
16,32143,460.0
16,32145,460.0
16,32175,460.0
16,32191,460.0
16,32205,467.0
16,32219,467.0
16,32245,467.0
16,32263,467.0
16,32277,467.0
16,32279,467.0
16,32295,467.0
16,32313,467.0
16,32327,467.0
16,32353,477.0
16,32367,477.0
16,32381,477.0
16,32395,477.0
16,32413,477.0
16,32447,477.0
16,32449,477.0
16,32451,477.0
16,32469,477.0
16,32483,477.0
16,32509,477.0
16,32523,477.0
16,32537,477.0
16,32555,477.0
16,32569,477.0
16,32601,477.0
16,32603,477.0
16,32617,477.0
16,32631,477.0
16,32659,477.0
16,32687,477.0
16,32713,477.0
16,32729,477.0
16,32757,477.0
16,32773,477.0
16,32803,477.0
16,32833,477.0
16,32859,477.0
16,32885,477.0
16,32899,477.0
16,32925,484.0
16,32959,484.0
16,32987,484.0
16,33001,484.0
16,33031,484.0
16,33047,484.0
16,33061,484.0
16,33087,487.0
16,33121,487.0
16,33123,487.0
16,33137,487.0
16,33151,487.0
16,33179,497.0
16,33207,497.0
16,33239,497.0
16,33255,497.0
16,33271,497.0
16,33301,497.0
16,33329,497.0
16,33359,497.0
16,33373,497.0
16,33399,497.0
16,33413,497.0
16,33427,497.0
16,33441,497.0
16,33455,497.0
16,33469,497.0
16,33485,497.0
16,33501,497.0
16,33517,497.0
16,33543,497.0
16,33545,497.0
16,33573,497.0
16,33601,497.0
16,33637,497.0
16,33651,497.0
16,33677,497.0
16,33703,497.0
16,33729,500.0
16,33745,500.0
16,33759,500.0
16,33773,500.0
16,33787,500.0
16,33813,500.0
16,33829,500.0
16,33845,500.0
16,33871,503.0
16,33897,503.0
16,33925,503.0
16,33941,503.0
16,33955,503.0
16,33969,505.0
16,33971,505.0
16,34003,505.0
16,34017,505.0
16,34019,505.0
16,34033,505.0
16,34049,505.0
16,34075,505.0
16,34105,505.0
16,34133,505.0
16,34163,505.0
16,34193,505.0
16,34195,505.0
16,34209,505.0
16,34223,505.0
16,34241,505.0
16,34255,505.0
16,34281,507.0
16,34297,507.0
16,34313,507.0
16,34341,507.0
16,34373,507.0
16,34399,507.0
16,34427,507.0
16,34455,507.0
16,34481,507.0
16,34507,507.0
16,34533,507.0
16,34563,507.0
16,34565,507.0
16,34579,507.0
16,34595,507.0
16,34621,507.0
16,34649,507.0
16,34667,507.0
16,34695,507.0
16,34727,507.0
16,34743,507.0
16,34769,507.0
16,34771,507.0
16,34801,507.0
16,34815,507.0
16,34833,507.0
16,34835,507.0
16,34865,507.0
16,34891,507.0
16,34909,507.0
16,34911,507.0
16,34925,507.0
16,34941,507.0
16,34969,507.0
16,34995,507.0
16,35009,507.0
16,35023,507.0
16,35049,507.0
16,35065,507.0
16,35097,507.0
16,35099,507.0
16,35113,507.0
16,35131,507.0
16,35145,507.0
16,35177,507.0
16,35205,515.0
16,35219,515.0
16,35251,515.0
16,35253,515.0
16,35267,515.0
16,35293,515.0
16,35309,515.0
16,35335,515.0
16,35349,515.0
16,35365,515.0
16,35391,519.0
16,35421,519.0
16,35437,519.0
16,35455,519.0
16,35469,530.0
16,35483,530.0
16,35485,530.0
16,35499,530.0
16,35529,530.0
16,35543,530.0
16,35569,530.0
16,35599,530.0
16,35601,530.0
16,35623,530.0
16,35653,530.0
16,35667,530.0
16,35687,530.0
16,35713,530.0
16,35731,530.0
16,35757,532.0
16,35759,532.0
16,35785,532.0
16,35811,532.0
16,35827,532.0
16,35841,532.0
16,35867,532.0
16,35895,532.0
16,35925,532.0
16,35927,532.0
16,35955,532.0
16,35983,532.0
16,35997,532.0
16,36011,532.0
16,36025,532.0
16,36039,532.0
16,36053,532.0
16,36069,532.0
16,36083,532.0
16,36097,532.0
16,36125,532.0
16,36151,532.0
16,36165,532.0
16,36179,532.0
16,36209,532.0
16,36235,532.0
16,36237,532.0
16,36251,532.0
16,36277,532.0
16,36307,532.0
16,36321,532.0
16,36349,532.0
16,36351,532.0
16,36365,532.0
16,36391,532.0
16,36393,532.0
16,36407,532.0
16,36435,532.0
16,36451,532.0
16,36453,532.0
16,36455,532.0
16,36481,532.0
16,36497,532.0
16,36499,532.0
16,36525,532.0
16,36541,532.0
16,36555,532.0
16,36557,532.0
16,36559,532.0
16,36561,532.0
16,36587,532.0
16,36615,532.0
16,36629,532.0
16,36657,532.0
16,36671,532.0
16,36697,532.0
16,36725,532.0
16,36743,532.0
16,36745,532.0
16,36775,532.0
16,36789,532.0
16,36821,532.0
16,36849,532.0
16,36851,532.0
16,36865,532.0
16,36867,532.0
16,36897,532.0
16,36911,532.0
16,36913,532.0
16,36927,532.0
16,36957,532.0
16,36971,532.0
16,36985,532.0
16,37003,532.0
16,37019,532.0
16,37045,532.0
16,37059,532.0
16,37073,532.0
16,37099,532.0
16,37125,532.0
16,37141,532.0
16,37155,532.0
16,37181,532.0
16,37195,532.0
16,37209,532.0
16,37223,532.0
16,37237,532.0
16,37263,532.0
16,37291,532.0
16,37319,532.0
16,37345,532.0
16,37359,532.0
16,37385,532.0
16,37387,532.0
16,37405,532.0
16,37407,532.0
16,37433,532.0
16,37459,532.0
16,37487,532.0
16,37501,532.0
16,37517,532.0
16,37535,532.0
16,37551,532.0
16,37553,532.0
16,37581,532.0
16,37595,532.0
16,37609,532.0
16,37623,532.0
16,37637,532.0
16,37653,532.0
16,37681,532.0
16,37695,532.0
16,37727,532.0
16,37753,532.0
16,37755,532.0
16,37771,532.0
16,37773,532.0
16,37787,532.0
16,37815,532.0
16,37829,532.0
16,37857,532.0
16,37859,532.0
16,37873,532.0
16,37875,532.0
16,37903,532.0
16,37917,532.0
16,37919,532.0
16,37945,532.0
16,37959,532.0
16,37987,532.0
16,38001,532.0
16,38027,532.0
16,38029,532.0
16,38043,532.0
16,38071,532.0
16,38085,532.0
16,38099,532.0
16,38127,532.0
16,38143,532.0
16,38159,532.0
16,38173,532.0
16,38189,532.0
16,38191,532.0
16,38217,532.0
16,38219,532.0
16,38239,532.0
16,38269,532.0
16,38297,532.0
16,38323,532.0
16,38325,532.0
16,38353,532.0
16,38379,532.0
16,38407,532.0
16,38427,532.0
16,38455,532.0
16,38483,532.0
16,38513,532.0
16,38541,532.0
16,38555,532.0
16,38557,532.0
16,38571,532.0
16,38597,532.0
16,38625,532.0
16,38641,532.0
16,38643,532.0
16,38675,532.0
16,38689,532.0
16,38707,532.0
16,38733,532.0
16,38747,532.0
16,38763,532.0
16,38779,532.0
16,38805,532.0
16,38819,532.0
16,38821,532.0
16,38837,532.0
16,38867,532.0
16,38881,532.0
16,38907,532.0
16,38909,532.0
16,38925,532.0
16,38939,532.0
16,38965,532.0
16,38991,532.0
16,39007,532.0
16,39021,532.0
16,39035,532.0
16,39051,532.0
16,39085,532.0
16,39113,532.0
16,39129,532.0
16,39159,532.0
16,39187,532.0
16,39213,532.0
16,39243,532.0
16,39257,532.0
16,39259,532.0
16,39273,532.0
16,39293,532.0
16,39321,532.0
16,39323,532.0
16,39353,532.0
16,39379,532.0
17,29284,379.0
17,29298,413.0
17,29312,413.0
17,29340,413.0
17,29979,413.0
17,30007,413.0
17,30021,413.0
17,30035,413.0
17,30061,413.0
17,30075,413.0
17,30093,413.0
17,30111,413.0
17,30125,413.0
17,30139,413.0
17,30167,413.0
17,30181,413.0
17,30197,413.0
17,30211,413.0
17,30225,413.0
17,30227,413.0
17,30241,413.0
17,30255,413.0
17,30269,414.0
17,30297,418.0
17,30325,418.0
17,30339,429.0
17,30365,429.0
17,30379,429.0
17,30401,429.0
17,30417,429.0
17,30431,429.0
17,30445,429.0
17,30459,429.0
17,30473,429.0
17,30499,429.0
17,30513,429.0
17,30515,429.0
17,30549,429.0
17,30565,429.0
17,30579,429.0
17,30595,429.0
17,30613,429.0
17,30627,429.0
17,30657,429.0
17,30689,429.0
17,30703,429.0
17,30717,429.0
17,30747,429.0
17,30773,429.0
17,30803,429.0
17,30805,429.0
17,30819,429.0
17,30821,429.0
17,30837,429.0
17,30867,429.0
17,30899,429.0
17,30929,429.0
17,30945,429.0
17,30961,429.0
17,30975,429.0
17,31003,429.0
17,31021,429.0
17,31035,434.0
17,31065,434.0
17,31097,434.0
17,31125,434.0
17,31155,434.0
17,31157,434.0
17,31183,444.0
17,31209,444.0
17,31225,444.0
17,31227,444.0
17,31241,444.0
17,31243,444.0
17,31259,444.0
17,31275,444.0
17,31305,446.0
17,31331,446.0
17,31349,446.0
17,31379,446.0
17,31395,446.0
17,31415,446.0
17,31443,452.0
17,31445,452.0
17,31471,452.0
17,31487,452.0
17,31501,482.0
17,31503,482.0
17,31529,482.0
17,31559,482.0
17,31561,482.0
17,31575,482.0
17,31589,482.0
17,31591,482.0
17,31607,482.0
17,31623,482.0
17,31649,482.0
17,31663,482.0
17,31679,482.0
17,31681,482.0
17,31695,482.0
17,31711,482.0
17,31727,482.0
17,31741,482.0
17,31767,482.0
17,31799,482.0
17,31825,482.0
17,31839,482.0
17,31857,482.0
17,31883,486.0
17,31897,486.0
17,31925,486.0
17,31927,486.0
17,31941,486.0
17,31955,486.0
17,31969,486.0
17,31971,486.0
17,31997,486.0
17,32011,486.0
17,32027,486.0
17,32029,486.0
17,32043,486.0
17,32057,486.0
17,32075,486.0
17,32103,486.0
17,32117,486.0
17,32131,486.0
17,32133,486.0
17,32159,486.0
17,32185,486.0
17,32199,486.0
17,32201,486.0
17,32221,486.0
17,32237,486.0
17,32267,486.0
17,32269,486.0
17,32285,486.0
17,32301,486.0
17,32315,486.0
17,32331,486.0
17,32359,486.0
17,32361,486.0
17,32363,486.0
17,32379,486.0
17,32393,486.0
17,32421,486.0
17,32435,486.0
17,32463,486.0
17,32495,486.0
17,32509,486.0
17,32541,499.0
17,32567,499.0
17,32593,499.0
17,32607,499.0
17,32623,499.0
17,32639,499.0
17,32641,499.0
17,32667,499.0
17,32695,499.0
17,32711,499.0
17,32725,499.0
17,32753,499.0
17,32769,499.0
17,32771,499.0
17,32785,499.0
17,32801,499.0
17,32827,499.0
17,32841,499.0
17,32869,499.0
17,32871,499.0
17,32897,499.0
17,32911,499.0
17,32937,499.0
17,32951,499.0
17,32953,499.0
17,32983,499.0
17,32997,499.0
17,32999,499.0
17,33025,499.0
17,33059,499.0
17,33075,499.0
17,33089,499.0
17,33103,499.0
17,33117,499.0
17,33151,499.0
17,33165,499.0
17,33193,499.0
17,33221,499.0
17,33251,499.0
17,33279,499.0
17,33281,499.0
17,33283,499.0
17,33313,499.0
17,33327,513.0
17,33343,513.0
17,33375,513.0
17,33389,513.0
17,33391,513.0
17,33409,513.0
17,33425,513.0
17,33439,513.0
17,33453,513.0
17,33481,513.0
17,33509,513.0
17,33537,513.0
17,33551,513.0
17,33569,513.0
17,33571,513.0
17,33601,513.0
17,33603,513.0
17,33631,513.0
17,33645,513.0
17,33661,513.0
17,33675,513.0
17,33703,513.0
17,33719,513.0
17,33733,513.0
17,33761,513.0
17,33763,513.0
17,33791,513.0
17,33793,513.0
17,33823,513.0
17,33837,513.0
17,33863,513.0
17,33891,515.0
17,33917,515.0
17,33919,515.0
17,33933,515.0
17,33965,515.0
17,33979,515.0
17,34007,516.0
17,34021,516.0
17,34035,516.0
17,34049,516.0
17,34065,516.0
17,34093,516.0
17,34109,516.0
17,34125,516.0
17,34151,516.0
17,34177,516.0
17,34193,516.0
17,34221,516.0
17,34235,516.0
17,34251,516.0
17,34287,516.0
17,34321,516.0
17,34335,516.0
17,34351,516.0
17,34381,516.0
17,34395,516.0
17,34397,516.0
17,34415,516.0
17,34429,516.0
17,34431,516.0
17,34461,516.0
17,34463,516.0
17,34489,516.0
17,34515,516.0
17,34529,516.0
17,34549,516.0
17,34563,516.0
17,34565,516.0
17,34579,516.0
17,34581,516.0
17,34595,516.0
17,34623,516.0
17,34637,516.0
17,34663,516.0
17,34679,516.0
17,34681,516.0
17,34697,516.0
17,34711,516.0
17,34725,516.0
17,34743,516.0
17,34757,516.0
17,34785,516.0
17,34811,516.0
17,34827,516.0
17,34841,516.0
17,34855,516.0
17,34857,516.0
17,34873,516.0
17,34905,516.0
17,34931,516.0
17,34959,516.0
17,34985,516.0
17,35001,516.0
17,35015,516.0
17,35029,516.0
17,35047,516.0
17,35075,516.0
17,35103,516.0
17,35117,516.0
17,35133,516.0
17,35167,516.0
17,35193,527.0
17,35207,527.0
17,35221,527.0
17,35235,527.0
17,35237,527.0
17,35239,527.0
17,35253,527.0
17,35279,527.0
17,35305,527.0
17,35319,527.0
17,35351,527.0
17,35377,527.0
17,35379,527.0
17,35409,527.0
17,35411,527.0
17,35427,527.0
17,35457,527.0
17,35473,527.0
17,35503,527.0
17,35517,527.0
17,35545,527.0
17,35571,527.0
17,35587,527.0
17,35615,527.0
17,35617,527.0
17,35631,527.0
17,35633,527.0
17,35647,527.0
17,35649,527.0
17,35663,527.0
17,35693,527.0
17,35707,527.0
17,35737,527.0
17,35751,527.0
17,35765,527.0
17,35767,527.0
17,35781,527.0
17,35795,527.0
17,35821,527.0
17,35841,527.0
17,35855,527.0
17,35857,527.0
17,35871,527.0
17,35887,527.0
17,35915,527.0
17,35929,527.0
17,35943,527.0
17,35969,527.0
17,35995,527.0
17,36009,527.0
17,36025,527.0
17,36041,527.0
17,36069,527.0
17,36097,527.0
17,36125,527.0
17,36153,527.0
17,36183,527.0
17,36197,527.0
17,36213,527.0
17,36229,527.0
17,36243,527.0
17,36259,527.0
17,36275,527.0
17,36277,527.0
17,36291,527.0
17,36307,527.0
17,36323,527.0
17,36337,527.0
17,36351,527.0
17,36367,527.0
17,36387,527.0
17,36403,527.0
17,36417,527.0
17,36431,527.0
17,36433,527.0
17,36463,527.0
17,36477,527.0
17,36491,527.0
17,36507,527.0
17,36535,527.0
17,36551,527.0
17,36567,527.0
17,36581,527.0
17,36611,527.0
17,36627,527.0
17,36657,527.0
17,36685,527.0
17,36687,527.0
17,36717,527.0
17,36743,527.0
17,36757,527.0
17,36771,527.0
17,36797,527.0
17,36813,527.0
17,36841,527.0
17,36867,527.0
17,36869,527.0
17,36901,527.0
17,36929,527.0
17,36955,527.0
17,36983,527.0
17,36997,527.0
17,37013,527.0
17,37027,527.0
17,37053,527.0
17,37067,527.0
17,37083,527.0
17,37097,527.0
17,37123,527.0
17,37137,527.0
17,37163,527.0
17,37165,527.0
17,37179,527.0
17,37209,527.0
17,37223,527.0
17,37225,527.0
17,37241,527.0
17,37257,527.0
17,37259,527.0
17,37285,527.0
17,37287,527.0
17,37301,527.0
17,37331,527.0
17,37345,527.0
17,37373,527.0
17,37401,527.0
17,37403,527.0
17,37417,527.0
17,37431,527.0
17,37447,527.0
17,37475,527.0
17,37501,527.0
17,37529,527.0
17,37557,527.0
17,37573,527.0
17,37575,527.0
17,37601,527.0
17,37617,527.0
17,37631,527.0
17,37659,527.0
17,37661,527.0
17,37679,527.0
17,37693,527.0
17,37709,527.0
17,37723,527.0
17,37739,527.0
17,37753,527.0
17,37755,527.0
17,37757,527.0
17,37787,527.0
17,37813,527.0
17,37827,527.0
17,37843,527.0
17,37871,527.0
17,37885,527.0
17,37901,527.0
17,37915,527.0
17,37933,527.0
17,37959,527.0
17,37973,527.0
17,37999,527.0
17,38013,527.0
17,38027,527.0
17,38029,527.0
17,38059,527.0
17,38075,527.0
17,38101,527.0
17,38117,527.0
17,38145,533.0
17,38171,533.0
17,38185,533.0
17,38219,533.0
17,38233,533.0
17,38249,533.0
17,38275,533.0
17,38301,535.0
17,38315,535.0
17,38329,535.0
17,38359,535.0
17,38385,535.0
17,38407,535.0
17,38421,535.0
17,38435,535.0
17,38451,535.0
17,38465,535.0
17,38483,535.0
17,38509,535.0
17,38537,535.0
17,38553,535.0
17,38555,535.0
17,38569,535.0
17,38595,535.0
17,38597,535.0
17,38625,535.0
17,38651,535.0
17,38665,535.0
17,38681,535.0
17,38683,535.0
17,38711,535.0
17,38725,535.0
17,38741,535.0
17,38769,535.0
17,38797,535.0
17,38817,535.0
17,38845,535.0
17,38871,535.0
17,38887,535.0
17,38903,535.0
17,38929,535.0
17,38931,535.0
17,38959,535.0
17,38973,535.0
17,39001,535.0
17,39037,535.0
17,39051,535.0
17,39069,535.0
17,39083,535.0
17,39097,535.0
17,39115,535.0
17,39129,535.0
17,39131,535.0
17,39145,535.0
17,39159,535.0
17,39173,535.0
17,39187,535.0
17,39217,535.0
17,39231,535.0
17,39261,535.0
18,29176,381.0
18,29178,381.0
18,29192,399.0
18,29210,399.0
18,29226,399.0
18,29252,399.0
18,29254,399.0
18,29284,399.0
18,29286,399.0
18,29300,399.0
18,29314,399.0
18,29889,399.0
18,29891,399.0
18,29919,399.0
18,29945,399.0
18,29971,399.0
18,29987,399.0
18,30015,399.0
18,30033,399.0
18,30035,399.0
18,30049,399.0
18,30083,399.0
18,30099,399.0
18,30113,399.0
18,30141,399.0
18,30167,399.0
18,30195,400.0
18,30211,400.0
18,30227,400.0
18,30257,400.0
18,30289,400.0
18,30291,400.0
18,30317,400.0
18,30333,400.0
18,30363,400.0
18,30393,400.0
18,30419,400.0
18,30421,400.0
18,30435,400.0
18,30461,400.0
18,30475,400.0
18,30493,400.0
18,30495,400.0
18,30511,400.0
18,30513,400.0
18,30531,400.0
18,30533,400.0
18,30559,408.0
18,30573,408.0
18,30605,408.0
18,30607,408.0
18,30623,408.0
18,30649,440.0
18,30677,440.0
18,30705,440.0
18,30733,440.0
18,30759,440.0
18,30787,440.0
18,30815,440.0
18,30831,440.0
18,30845,440.0
18,30873,440.0
18,30875,440.0
18,30907,440.0
18,30923,440.0
18,30937,447.0
18,30953,447.0
18,30971,447.0
18,31001,447.0
18,31019,447.0
18,31021,447.0
18,31039,447.0
18,31041,447.0
18,31055,447.0
18,31069,447.0
18,31095,447.0
18,31109,467.0
18,31125,467.0
18,31127,467.0
18,31141,467.0
18,31175,467.0
18,31177,467.0
18,31197,467.0
18,31223,467.0
18,31239,467.0
18,31267,467.0
18,31295,467.0
18,31311,467.0
18,31337,467.0
18,31365,467.0
18,31367,467.0
18,31393,467.0
18,31407,467.0
18,31421,467.0
18,31435,467.0
18,31465,467.0
18,31479,467.0
18,31493,467.0
18,31507,467.0
18,31523,467.0
18,31549,467.0
18,31575,467.0
18,31605,467.0
18,31619,467.0
18,31635,467.0
18,31661,467.0
18,31675,467.0
18,31705,467.0
18,31735,470.0
18,31737,470.0
18,31763,470.0
18,31789,470.0
18,31803,470.0
18,31839,470.0
18,31853,470.0
18,31867,470.0
18,31881,470.0
18,31909,470.0
18,31911,470.0
18,31913,470.0
18,31929,470.0
18,31931,470.0
18,31945,470.0
18,31947,470.0
18,31961,470.0
18,31989,470.0
18,32003,470.0
18,32031,470.0
18,32045,472.0
18,32061,472.0
18,32077,472.0
18,32093,472.0
18,32095,472.0
18,32111,472.0
18,32129,472.0
18,32143,472.0
18,32157,472.0
18,32159,472.0
18,32173,472.0
18,32187,472.0
18,32221,472.0
18,32247,472.0
18,32261,472.0
18,32275,472.0
18,32291,472.0
18,32305,472.0
18,32321,472.0
18,32323,472.0
18,32357,472.0
18,32371,472.0
18,32387,472.0
18,32401,472.0
18,32403,472.0
18,32405,472.0
18,32433,472.0
18,32449,472.0
18,32463,472.0
18,32491,472.0
18,32517,472.0
18,32535,472.0
18,32551,472.0
18,32553,472.0
18,32579,472.0
18,32609,472.0
18,32623,472.0
18,32653,472.0
18,32679,474.0
18,32693,474.0
18,32695,474.0
18,32723,474.0
18,32751,474.0
18,32777,474.0
18,32779,474.0
18,32793,474.0
18,32825,474.0
18,32839,476.0
18,32865,476.0
18,32867,476.0
18,32881,476.0
18,32907,485.0
18,32909,485.0
18,32935,485.0
18,32937,485.0
18,32953,485.0
18,32969,485.0
18,32983,485.0
18,32997,485.0
18,33015,485.0
18,33043,485.0
18,33045,485.0
18,33059,485.0
18,33073,485.0
18,33099,485.0
18,33127,485.0
18,33153,485.0
18,33167,485.0
18,33199,485.0
18,33213,485.0
18,33231,485.0
18,33247,485.0
18,33273,487.0
18,33287,487.0
18,33301,487.0
18,33317,487.0
18,33331,487.0
18,33357,487.0
18,33389,487.0
18,33417,487.0
18,33419,487.0
18,33447,487.0
18,33473,487.0
18,33487,487.0
18,33505,487.0
18,33507,487.0
18,33537,487.0
18,33569,487.0
18,33597,487.0
18,33611,487.0
18,33627,487.0
18,33641,487.0
18,33657,487.0
18,33683,487.0
18,33709,487.0
18,33711,487.0
18,33725,488.0
18,33739,488.0
18,33753,488.0
18,33781,488.0
18,33797,488.0
18,33813,488.0
18,33827,488.0
18,33855,488.0
18,33869,488.0
18,33883,488.0
18,33885,488.0
18,33913,488.0
18,33927,488.0
18,33953,488.0
18,33967,488.0
18,33983,488.0
18,33985,488.0
18,34013,488.0
18,34031,488.0
18,34045,488.0
18,34059,488.0
18,34073,488.0
18,34101,488.0
18,34115,488.0
18,34129,488.0
18,34157,488.0
18,34159,488.0
18,34187,488.0
18,34213,488.0
18,34215,488.0
18,34229,488.0
18,34243,488.0
18,34271,488.0
18,34285,488.0
18,34287,488.0
18,34303,488.0
18,34305,488.0
18,34321,488.0
18,34349,497.0
18,34379,497.0
18,34395,497.0
18,34409,497.0
18,34411,497.0
18,34437,503.0
18,34439,503.0
18,34465,503.0
18,34481,503.0
18,34483,503.0
18,34511,503.0
18,34527,503.0
18,34553,503.0
18,34569,503.0
18,34595,516.0
18,34597,516.0
18,34623,516.0
18,34637,516.0
18,34639,516.0
18,34653,516.0
18,34667,516.0
18,34681,516.0
18,34707,516.0
18,34721,516.0
18,34735,516.0
18,34755,516.0
18,34769,516.0
18,34771,516.0
18,34773,516.0
18,34787,516.0
18,34821,516.0
18,34849,516.0
18,34851,516.0
18,34865,516.0
18,34879,516.0
18,34907,516.0
18,34933,516.0
18,34961,516.0
18,34975,516.0
18,35001,516.0
18,35015,516.0
18,35041,516.0
18,35069,516.0
18,35085,516.0
18,35113,516.0
18,35129,516.0
18,35159,516.0
18,35177,516.0
18,35191,516.0
18,35219,516.0
18,35245,516.0
18,35275,516.0
18,35309,516.0
18,35335,516.0
18,35367,516.0
18,35381,516.0
18,35383,516.0
18,35413,516.0
18,35427,516.0
18,35453,516.0
18,35479,516.0
18,35495,516.0
18,35521,516.0
18,35549,518.0
18,35563,518.0
18,35591,518.0
18,35605,518.0
18,35607,518.0
18,35621,518.0
18,35635,518.0
18,35649,518.0
18,35675,518.0
18,35707,518.0
18,35723,518.0
18,35737,518.0
18,35765,518.0
18,35779,518.0
18,35795,518.0
18,35809,518.0
18,35823,518.0
18,35839,518.0
18,35869,518.0
18,35871,518.0
18,35885,518.0
18,35887,518.0
18,35901,518.0
18,35927,518.0
18,35953,518.0
18,35967,518.0
18,35981,518.0
18,35983,518.0
18,36011,518.0
18,36041,518.0
18,36055,518.0
18,36071,518.0
18,36089,518.0
18,36091,518.0
18,36121,518.0
18,36149,518.0
18,36167,518.0
18,36181,518.0
18,36195,518.0
18,36197,518.0
18,36215,518.0
18,36217,518.0
18,36231,518.0
18,36259,518.0
18,36261,518.0
18,36297,518.0
18,36311,518.0
18,36341,518.0
18,36355,518.0
18,36369,518.0
18,36371,518.0
18,36399,518.0
18,36429,518.0
18,36445,518.0
18,36463,519.0
18,36477,519.0
18,36491,519.0
18,36509,519.0
18,36523,519.0
18,36537,519.0
18,36553,519.0
18,36555,519.0
18,36569,519.0
18,36583,519.0
18,36609,525.0
18,36627,525.0
18,36643,525.0
18,36657,525.0
18,36659,525.0
18,36673,525.0
18,36703,525.0
18,36719,525.0
18,36737,525.0
18,36757,525.0
18,36787,525.0
18,36805,525.0
18,36831,525.0
18,36861,525.0
18,36889,525.0
18,36891,525.0
18,36905,525.0
18,36907,525.0
18,36921,525.0
18,36937,525.0
18,36953,525.0
18,36969,525.0
18,36985,525.0
18,37001,525.0
18,37017,525.0
18,37031,525.0
18,37045,525.0
18,37073,525.0
18,37087,525.0
18,37103,525.0
18,37131,525.0
18,37145,525.0
18,37181,525.0
18,37211,525.0
18,37213,525.0
18,37239,525.0
18,37253,525.0
18,37269,525.0
18,37299,525.0
18,37301,525.0
18,37331,525.0
18,37351,525.0
18,37365,525.0
18,37395,525.0
18,37423,525.0
18,37439,525.0
18,37455,525.0
18,37471,525.0
18,37485,525.0
18,37487,525.0
18,37517,525.0
18,37531,525.0
18,37533,525.0
18,37547,525.0
18,37563,525.0
18,37565,525.0
18,37579,525.0
18,37595,525.0
18,37631,525.0
18,37645,525.0
18,37671,525.0
18,37685,525.0
18,37711,525.0
18,37725,525.0
18,37739,525.0
18,37767,525.0
18,37797,525.0
18,37823,525.0
18,37857,525.0
18,37859,525.0
18,37861,525.0
18,37875,525.0
18,37901,525.0
18,37915,525.0
18,37933,525.0
18,37947,525.0
18,37973,525.0
18,38001,525.0
18,38015,525.0
18,38017,525.0
18,38033,525.0
18,38065,525.0
18,38067,525.0
18,38069,525.0
18,38083,525.0
18,38101,525.0
18,38129,525.0
18,38143,525.0
18,38157,525.0
18,38197,525.0
18,38227,525.0
18,38241,525.0
18,38267,525.0
18,38269,525.0
18,38289,525.0
18,38303,525.0
18,38319,525.0
18,38335,525.0
18,38349,525.0
18,38363,525.0
18,38391,525.0
18,38417,527.0
18,38419,527.0
18,38449,527.0
18,38477,527.0
18,38491,527.0
18,38505,527.0
18,38519,527.0
18,38539,527.0
18,38557,527.0
18,38571,527.0
18,38587,527.0
18,38617,527.0
18,38645,527.0
18,38659,527.0
18,38685,527.0
18,38711,527.0
18,38713,527.0
18,38739,528.0
18,38765,528.0
18,38779,528.0
18,38807,528.0
18,38839,528.0
18,38869,528.0
18,38883,528.0
18,38897,528.0
18,38913,528.0
18,38927,528.0
18,38957,528.0
18,38983,528.0
18,39013,528.0
18,39039,528.0
18,39065,528.0
18,39091,528.0
18,39107,528.0
18,39133,528.0
18,39159,528.0
19,29550,388.0
19,29564,404.0
19,29578,404.0
19,29592,404.0
19,29622,404.0
19,30231,404.0
19,30257,443.0
19,30285,443.0
19,30311,443.0
19,30339,443.0
19,30353,443.0
19,30369,443.0
19,30397,443.0
19,30423,443.0
19,30451,443.0
19,30465,443.0
19,30479,443.0
19,30495,443.0
19,30509,443.0
19,30511,443.0
19,30525,443.0
19,30555,443.0
19,30585,443.0
19,30601,443.0
19,30631,443.0
19,30661,443.0
19,30675,443.0
19,30701,443.0
19,30729,443.0
19,30731,443.0
19,30757,443.0
19,30787,443.0
19,30801,443.0
19,30823,443.0
19,30839,443.0
19,30853,443.0
19,30867,447.0
19,30893,447.0
19,30921,447.0
19,30935,447.0
19,30937,447.0
19,30965,447.0
19,30967,447.0
19,30969,447.0
19,30987,447.0
19,31015,447.0
19,31043,447.0
19,31059,447.0
19,31073,447.0
19,31089,447.0
19,31103,447.0
19,31117,447.0
19,31119,447.0
19,31147,447.0
19,31161,447.0
19,31191,447.0
19,31217,447.0
19,31231,447.0
19,31257,447.0
19,31271,447.0
19,31297,447.0
19,31311,447.0
19,31325,447.0
19,31341,447.0
19,31357,447.0
19,31359,447.0
19,31387,447.0
19,31403,447.0
19,31417,447.0
19,31433,447.0
19,31447,447.0
19,31463,447.0
19,31465,447.0
19,31479,447.0
19,31493,447.0
19,31509,447.0
19,31525,447.0
19,31527,447.0
19,31541,447.0
19,31561,447.0
19,31563,447.0
19,31591,447.0
19,31605,447.0
19,31607,447.0
19,31621,447.0
19,31649,447.0
19,31663,447.0
19,31677,447.0
19,31691,447.0
19,31705,447.0
19,31731,447.0
19,31759,460.0
19,31775,460.0
19,31805,460.0
19,31821,460.0
19,31851,460.0
19,31865,460.0
19,31879,460.0
19,31905,460.0
19,31919,460.0
19,31951,460.0
19,31965,460.0
19,31991,460.0
19,32005,460.0
19,32021,460.0
19,32023,460.0
19,32055,460.0
19,32083,460.0
19,32115,460.0
19,32141,460.0
19,32155,460.0
19,32183,460.0
19,32197,460.0
19,32199,460.0
19,32229,460.0
19,32255,460.0
19,32281,460.0
19,32295,460.0
19,32309,460.0
19,32339,460.0
19,32367,460.0
19,32369,460.0
19,32383,460.0
19,32397,460.0
19,32427,460.0
19,32453,460.0
19,32467,460.0
19,32481,460.0
19,32497,460.0
19,32513,460.0
19,32529,460.0
19,32557,460.0
19,32571,460.0
19,32589,460.0
19,32621,460.0
19,32637,460.0
19,32651,460.0
19,32667,460.0
19,32669,460.0
19,32697,460.0
19,32729,460.0
19,32743,460.0
19,32757,463.0
19,32783,463.0
19,32797,463.0
19,32813,463.0
19,32815,463.0
19,32841,463.0
19,32873,463.0
19,32887,463.0
19,32903,463.0
19,32917,493.0
19,32931,493.0
19,32961,493.0
19,32975,493.0
19,33003,493.0
19,33019,493.0
19,33045,493.0
19,33077,493.0
19,33105,493.0
19,33119,493.0
19,33151,493.0
19,33153,493.0
19,33167,493.0
19,33181,493.0
19,33211,493.0
19,33225,493.0
19,33253,493.0
19,33269,493.0
19,33283,493.0
19,33313,493.0
19,33315,493.0
19,33329,493.0
19,33345,493.0
19,33375,493.0
19,33401,493.0
19,33427,493.0
19,33441,493.0
19,33455,493.0
19,33481,493.0
19,33511,493.0
19,33537,493.0
19,33563,493.0
19,33577,493.0
19,33591,493.0
19,33609,493.0
19,33623,493.0
19,33655,493.0
19,33671,493.0
19,33699,493.0
19,33725,493.0
19,33727,493.0
19,33753,493.0
19,33767,493.0
19,33769,493.0
19,33771,493.0
19,33785,493.0
19,33813,493.0
19,33839,501.0
19,33867,501.0
19,33897,501.0
19,33915,501.0
19,33917,501.0
19,33945,501.0
19,33959,501.0
19,33989,501.0
19,34005,501.0
19,34023,501.0
19,34055,501.0
19,34069,501.0
19,34083,501.0
19,34099,501.0
19,34127,501.0
19,34141,501.0
19,34169,501.0
19,34183,501.0
19,34213,501.0
19,34231,501.0
19,34245,501.0
19,34259,501.0
19,34275,501.0
19,34305,501.0
19,34331,501.0
19,34345,501.0
19,34359,501.0
19,34373,501.0
19,34389,501.0
19,34403,501.0
19,34417,501.0
19,34435,501.0
19,34461,501.0
19,34487,511.0
19,34503,511.0
19,34531,511.0
19,34557,511.0
19,34585,511.0
19,34587,511.0
19,34615,511.0
19,34629,511.0
19,34655,511.0
19,34657,511.0
19,34673,511.0
19,34687,511.0
19,34715,511.0
19,34749,511.0
19,34775,511.0
19,34801,511.0
19,34831,511.0
19,34857,511.0
19,34889,511.0
19,34903,511.0
19,34933,511.0
19,34935,511.0
19,34963,511.0
19,34991,511.0
19,35017,511.0
19,35031,511.0
19,35045,511.0
19,35071,511.0
19,35085,511.0
19,35087,511.0
19,35089,511.0
19,35105,511.0
19,35107,511.0
19,35135,511.0
19,35165,511.0
19,35193,511.0
19,35219,511.0
19,35233,511.0
19,35259,511.0
19,35273,511.0
19,35287,511.0
19,35305,511.0
19,35307,511.0
19,35333,511.0
19,35347,511.0
19,35365,511.0
19,35391,511.0
19,35393,511.0
19,35407,511.0
19,35437,511.0
19,35467,511.0
19,35481,511.0
19,35511,511.0
19,35527,511.0
19,35553,511.0
19,35567,511.0
19,35583,511.0
19,35585,511.0
19,35599,511.0
19,35627,511.0
19,35641,511.0
19,35657,511.0
19,35673,511.0
19,35687,513.0
19,35719,513.0
19,35721,513.0
19,35735,513.0
19,35763,513.0
19,35791,513.0
19,35817,513.0
19,35845,513.0
19,35859,513.0
19,35893,513.0
19,35925,513.0
19,35955,513.0
19,35969,513.0
19,35983,513.0
19,35985,513.0
19,35999,513.0
19,36025,513.0
19,36027,513.0
19,36043,513.0
19,36057,513.0
19,36073,513.0
19,36087,513.0
19,36113,519.0
19,36115,519.0
19,36131,519.0
19,36147,519.0
19,36149,519.0
19,36151,519.0
19,36153,519.0
19,36181,519.0
19,36209,519.0
19,36225,519.0
19,36227,519.0
19,36243,519.0
19,36271,519.0
19,36285,519.0
19,36313,519.0
19,36327,519.0
19,36357,519.0
19,36371,526.0
19,36389,526.0
19,36419,526.0
19,36451,526.0
19,36453,526.0
19,36467,526.0
19,36485,526.0
19,36499,526.0
19,36513,526.0
19,36543,526.0
19,36571,526.0
19,36599,526.0
19,36613,526.0
19,36631,526.0
19,36647,526.0
19,36661,526.0
19,36675,526.0
19,36709,526.0
19,36723,526.0
19,36739,526.0
19,36755,526.0
19,36769,526.0
19,36783,526.0
19,36801,526.0
19,36803,526.0
19,36817,526.0
19,36847,526.0
19,36849,526.0
19,36879,526.0
19,36893,526.0
19,36921,526.0
19,36947,526.0
19,36949,526.0
19,36963,526.0
19,36981,526.0
19,36983,526.0
19,37011,526.0
19,37025,526.0
19,37043,526.0
19,37071,526.0
19,37099,526.0
19,37127,528.0
19,37155,528.0
19,37183,528.0
19,37211,528.0
19,37227,528.0
19,37255,528.0
19,37283,528.0
19,37311,528.0
19,37337,528.0
19,37363,528.0
19,37391,528.0
19,37411,528.0
19,37413,528.0
19,37439,528.0
19,37455,528.0
19,37483,528.0
19,37497,528.0
19,37523,528.0
19,37553,528.0
19,37567,528.0
19,37581,528.0
19,37609,528.0
19,37625,528.0
19,37653,528.0
19,37679,528.0
19,37693,528.0
19,37721,528.0
19,37723,528.0
19,37737,528.0
19,37751,535.0
19,37767,535.0
19,37781,535.0
19,37795,535.0
19,37821,535.0
19,37823,535.0
19,37825,535.0
19,37855,535.0
19,37889,535.0
19,37903,535.0
19,37905,535.0
19,37933,535.0
19,37959,535.0
19,37973,535.0
19,37975,535.0
19,38001,535.0
19,38019,535.0
19,38033,535.0
19,38049,535.0
19,38081,535.0
19,38111,535.0
19,38145,535.0
19,38173,535.0
19,38175,535.0
19,38203,535.0
19,38229,535.0
19,38243,535.0
19,38261,535.0
19,38277,535.0
19,38291,535.0
19,38307,535.0
19,38323,535.0
19,38351,535.0
19,38367,535.0
19,38381,535.0
19,38395,535.0
19,38409,535.0
19,38411,535.0
19,38413,535.0
19,38415,535.0
19,38447,535.0
19,38461,535.0
19,38475,535.0
19,38489,535.0
19,38519,535.0
19,38547,535.0
19,38549,535.0
19,38563,535.0
19,38591,535.0
19,38621,535.0
19,38623,535.0
19,38637,535.0
19,38669,535.0
19,38671,535.0
19,38687,535.0
19,38717,535.0
19,38745,535.0
19,38761,535.0
19,38789,535.0
19,38805,535.0
19,38821,535.0
19,38835,535.0
19,38867,535.0
19,38895,535.0
19,38911,535.0
19,38937,535.0
19,38963,535.0
19,38989,535.0
19,39003,535.0
19,39019,535.0
19,39045,535.0
19,39071,535.0
19,39091,535.0
19,39121,535.0
19,39147,535.0
19,39161,535.0
19,39177,535.0
19,39179,535.0
19,39213,535.0
19,39227,535.0
19,39249,535.0
19,39275,535.0
19,39293,535.0
19,39309,535.0
19,39323,535.0
19,39349,535.0
19,39363,535.0
19,39389,535.0
19,39403,535.0
19,39429,535.0
19,39461,535.0
19,39463,535.0
19,39491,535.0
19,39507,535.0
19,39533,535.0
19,39547,535.0
20,29646,379.0
20,29660,379.0
20,29696,379.0
20,29722,379.0
20,29748,416.0
20,29778,416.0
20,29804,416.0
20,29838,416.0
20,29868,416.0
20,29894,416.0
20,29910,416.0
20,29926,416.0
20,29960,416.0
20,29990,416.0
20,30020,416.0
20,30034,416.0
20,30036,416.0
20,30050,426.0
20,30078,426.0
20,30108,426.0
20,30134,426.0
20,30162,426.0
20,30196,426.0
20,30198,426.0
20,30214,426.0
20,30244,426.0
20,30270,426.0
20,30859,426.0
20,30887,426.0
20,30889,426.0
20,30915,443.0
20,30941,462.0
20,30969,462.0
20,30995,462.0
20,31021,462.0
20,31035,462.0
20,31067,462.0
20,31083,462.0
20,31099,462.0
20,31121,462.0
20,31135,462.0
20,31169,462.0
20,31191,462.0
20,31205,462.0
20,31219,462.0
20,31233,462.0
20,31249,462.0
20,31263,462.0
20,31279,462.0
20,31281,462.0
20,31283,462.0
20,31309,462.0
20,31339,462.0
20,31353,462.0
20,31355,462.0
20,31381,462.0
20,31395,462.0
20,31409,462.0
20,31437,462.0
20,31453,462.0
20,31467,462.0
20,31481,462.0
20,31497,462.0
20,31511,462.0
20,31541,462.0
20,31571,462.0
20,31573,462.0
20,31587,462.0
20,31623,462.0
20,31637,462.0
20,31655,462.0
20,31683,462.0
20,31697,462.0
20,31717,462.0
20,31733,462.0
20,31735,462.0
20,31749,462.0
20,31765,462.0
20,31781,462.0
20,31807,462.0
20,31823,462.0
20,31825,462.0
20,31841,462.0
20,31855,462.0
20,31881,462.0
20,31897,462.0
20,31911,462.0
20,31937,462.0
20,31953,462.0
20,31969,462.0
20,31983,462.0
20,31997,462.0
20,32023,462.0
20,32039,462.0
20,32053,462.0
20,32081,462.0
20,32095,501.0
20,32123,501.0
20,32153,501.0
20,32167,501.0
20,32197,501.0
20,32199,501.0
20,32213,501.0
20,32243,501.0
20,32257,501.0
20,32287,501.0
20,32289,501.0
20,32303,501.0
20,32329,501.0
20,32343,501.0
20,32345,501.0
20,32375,501.0
20,32391,501.0
20,32405,501.0
20,32419,501.0
20,32421,501.0
20,32449,501.0
20,32463,501.0
20,32477,501.0
20,32491,501.0
20,32505,501.0
20,32519,501.0
20,32547,501.0
20,32561,501.0
20,32575,501.0
20,32589,501.0
20,32591,501.0
20,32593,501.0
20,32595,501.0
20,32609,501.0
20,32635,501.0
20,32663,501.0
20,32665,501.0
20,32693,501.0
20,32721,501.0
20,32739,501.0
20,32765,501.0
20,32793,501.0
20,32807,501.0
20,32809,501.0
20,32823,501.0
20,32843,501.0
20,32857,501.0
20,32883,501.0
20,32913,501.0
20,32927,501.0
20,32955,501.0
20,32969,501.0
20,32995,501.0
20,33009,501.0
20,33035,501.0
20,33049,501.0
20,33079,501.0
20,33095,501.0
20,33125,501.0
20,33127,501.0
20,33153,501.0
20,33181,501.0
20,33197,501.0
20,33223,501.0
20,33225,501.0
20,33239,501.0
20,33269,501.0
20,33295,501.0
20,33297,501.0
20,33325,501.0
20,33353,501.0
20,33367,501.0
20,33369,501.0
20,33395,501.0
20,33425,501.0
20,33453,501.0
20,33467,501.0
20,33469,501.0
20,33483,501.0
20,33497,501.0
20,33523,501.0
20,33551,501.0
20,33581,501.0
20,33611,501.0
20,33629,501.0
20,33655,501.0
20,33657,501.0
20,33689,501.0
20,33691,501.0
20,33705,501.0
20,33707,501.0
20,33721,501.0
20,33739,501.0
20,33753,501.0
20,33755,501.0
20,33757,501.0
20,33771,501.0
20,33799,501.0
20,33829,501.0
20,33843,501.0
20,33861,501.0
20,33887,501.0
20,33901,501.0
20,33933,501.0
20,33965,501.0
20,33979,501.0
20,33995,501.0
20,34009,501.0
20,34035,501.0
20,34053,501.0
20,34055,501.0
20,34083,506.0
20,34113,506.0
20,34115,506.0
20,34129,506.0
20,34143,506.0
20,34171,506.0
20,34205,506.0
20,34223,506.0
20,34253,506.0
20,34279,506.0
20,34305,506.0
20,34319,506.0
20,34321,506.0
20,34323,506.0
20,34351,506.0
20,34383,506.0
20,34385,506.0
20,34399,506.0
20,34413,508.0
20,34427,508.0
20,34441,508.0
20,34457,508.0
20,34483,511.0
20,34497,511.0
20,34523,511.0
20,34537,511.0
20,34563,511.0
20,34589,512.0
20,34591,512.0
20,34607,512.0
20,34633,512.0
20,34647,512.0
20,34649,512.0
20,34675,512.0
20,34703,512.0
20,34729,512.0
20,34743,512.0
20,34757,512.0
20,34773,512.0
20,34775,512.0
20,34789,512.0
20,34809,512.0
20,34823,512.0
20,34851,512.0
20,34865,512.0
20,34891,512.0
20,34907,512.0
20,34921,512.0
20,34937,512.0
20,34951,512.0
20,34977,512.0
20,35005,512.0
20,35031,512.0
20,35047,512.0
20,35077,512.0
20,35091,512.0
20,35105,514.0
20,35119,514.0
20,35135,514.0
20,35137,514.0
20,35153,514.0
20,35155,514.0
20,35181,514.0
20,35201,514.0
20,35227,514.0
20,35259,514.0
20,35261,514.0
20,35263,514.0
20,35279,514.0
20,35293,514.0
20,35321,514.0
20,35349,514.0
20,35363,514.0
20,35389,514.0
20,35415,514.0
20,35441,515.0
20,35455,515.0
20,35469,515.0
20,35485,515.0
20,35501,515.0
20,35503,515.0
20,35529,515.0
20,35559,515.0
20,35589,515.0
20,35603,515.0
20,35617,515.0
20,35631,515.0
20,35649,515.0
20,35663,515.0
20,35677,515.0
20,35679,515.0
20,35681,515.0
20,35707,515.0
20,35721,515.0
20,35735,515.0
20,35753,515.0
20,35785,515.0
20,35801,515.0
20,35815,515.0
20,35853,515.0
20,35869,515.0
20,35897,515.0
20,35915,515.0
20,35929,515.0
20,35955,515.0
20,35985,515.0
20,35987,515.0
20,36003,515.0
20,36017,515.0
20,36019,515.0
20,36049,515.0
20,36063,515.0
20,36093,515.0
20,36125,515.0
20,36155,515.0
20,36173,515.0
20,36203,515.0
20,36229,515.0
20,36243,515.0
20,36245,515.0
20,36247,515.0
20,36275,515.0
20,36277,515.0
20,36279,515.0
20,36281,515.0
20,36299,515.0
20,36333,515.0
20,36347,515.0
20,36373,515.0
20,36403,515.0
20,36419,515.0
20,36433,515.0
20,36459,515.0
20,36473,515.0
20,36499,515.0
20,36527,515.0
20,36541,515.0
20,36555,515.0
20,36569,515.0
20,36583,515.0
20,36585,515.0
20,36599,515.0
20,36625,515.0
20,36651,515.0
20,36681,515.0
20,36709,515.0
20,36723,515.0
20,36725,515.0
20,36757,515.0
20,36783,515.0
20,36809,515.0
20,36825,515.0
20,36851,515.0
20,36867,515.0
20,36881,524.0
20,36909,524.0
20,36937,524.0
20,36971,524.0
20,36987,524.0
20,37017,524.0
20,37019,524.0
20,37035,524.0
20,37061,524.0
20,37077,524.0
20,37091,524.0
20,37117,524.0
20,37119,524.0
20,37133,524.0
20,37159,524.0
20,37189,524.0
20,37191,524.0
20,37221,524.0
20,37247,524.0
20,37273,524.0
20,37287,524.0
20,37313,524.0
20,37339,524.0
20,37365,524.0
20,37379,524.0
20,37405,524.0
20,37431,524.0
20,37445,526.0
20,37475,526.0
20,37489,526.0
20,37503,526.0
20,37521,526.0
20,37547,529.0
20,37549,529.0
20,37565,529.0
20,37581,529.0
20,37609,529.0
20,37635,529.0
20,37637,529.0
20,37663,529.0
20,37665,529.0
20,37681,529.0
20,37709,529.0
20,37737,529.0
20,37751,529.0
20,37765,529.0
20,37767,529.0
20,37793,529.0
20,37795,529.0
20,37821,529.0
20,37823,529.0
20,37839,529.0
20,37867,529.0
20,37893,529.0
20,37907,529.0
20,37921,529.0
20,37923,529.0
20,37937,529.0
20,37951,529.0
20,37981,529.0
20,37995,529.0
20,38009,529.0
20,38011,529.0
20,38043,529.0
20,38057,529.0
20,38085,529.0
20,38113,529.0
20,38127,529.0
20,38141,529.0
20,38173,529.0
20,38201,529.0
20,38217,529.0
20,38247,529.0
20,38249,529.0
20,38263,529.0
20,38277,529.0
20,38291,529.0
20,38293,529.0
20,38309,529.0
20,38335,529.0
20,38349,529.0
20,38363,529.0
20,38377,529.0
20,38403,529.0
20,38429,529.0
20,38459,530.0
20,38485,530.0
20,38511,530.0
20,38537,530.0
20,38569,530.0
20,38583,530.0
20,38601,530.0
20,38615,530.0
20,38631,530.0
20,38657,530.0
20,38671,530.0
20,38673,530.0
20,38687,530.0
20,38719,530.0
20,38747,530.0
20,38773,530.0
20,38799,530.0
20,38813,530.0
20,38839,530.0
20,38865,530.0
20,38895,530.0
20,38909,530.0
20,38923,530.0
20,38953,530.0
20,38969,530.0
20,38995,530.0
20,39021,530.0
20,39049,530.0
20,39063,530.0
20,39093,530.0
20,39095,530.0
20,39111,530.0
20,39143,530.0
20,39157,530.0
20,39177,530.0
20,39179,530.0
20,39193,530.0
20,39207,530.0
20,39225,530.0
20,39241,530.0
20,39271,530.0
20,39301,530.0
20,39329,530.0
20,39355,530.0
20,39369,530.0
20,39385,530.0
20,39413,530.0
20,39427,530.0
20,39455,530.0
20,39469,530.0
20,39483,530.0
20,39485,530.0
20,39515,530.0
20,39531,530.0
20,39533,530.0
20,39535,530.0
20,39563,530.0
20,39583,530.0
20,39613,530.0
20,39615,530.0
20,39629,530.0
20,39655,530.0
21,29432,402.0
21,29462,402.0
21,29482,402.0
21,29496,402.0
21,29498,402.0
21,30107,402.0
21,30133,402.0
21,30159,402.0
21,30161,402.0
21,30177,402.0
21,30205,402.0
21,30219,402.0
21,30221,402.0
21,30251,402.0
21,30265,402.0
21,30293,402.0
21,30309,402.0
21,30337,402.0
21,30339,402.0
21,30341,402.0
21,30371,405.0
21,30373,405.0
21,30401,405.0
21,30431,420.0
21,30461,433.0
21,30477,433.0
21,30479,433.0
21,30495,433.0
21,30523,433.0
21,30539,433.0
21,30553,433.0
21,30567,433.0
21,30593,449.0
21,30595,449.0
21,30627,449.0
21,30629,449.0
21,30631,449.0
21,30657,449.0
21,30671,449.0
21,30673,449.0
21,30699,449.0
21,30725,449.0
21,30753,449.0
21,30781,449.0
21,30795,449.0
21,30821,449.0
21,30839,449.0
21,30841,449.0
21,30855,449.0
21,30869,449.0
21,30899,477.0
21,30929,477.0
21,30943,477.0
21,30957,477.0
21,30973,477.0
21,30989,477.0
21,30991,477.0
21,30993,477.0
21,31009,477.0
21,31023,477.0
21,31051,477.0
21,31053,477.0
21,31069,477.0
21,31071,477.0
21,31089,477.0
21,31117,477.0
21,31131,477.0
21,31159,487.0
21,31173,487.0
21,31187,487.0
21,31219,487.0
21,31233,487.0
21,31249,487.0
21,31287,487.0
21,31301,487.0
21,31329,487.0
21,31331,487.0
21,31333,487.0
21,31347,487.0
21,31361,487.0
21,31389,487.0
21,31391,487.0
21,31405,487.0
21,31433,487.0
21,31435,487.0
21,31461,487.0
21,31489,487.0
21,31503,487.0
21,31517,487.0
21,31531,487.0
21,31553,487.0
21,31555,487.0
21,31569,487.0
21,31595,487.0
21,31609,487.0
21,31635,487.0
21,31649,487.0
21,31675,487.0
21,31703,487.0
21,31705,487.0
21,31733,487.0
21,31747,487.0
21,31775,487.0
21,31777,487.0
21,31793,487.0
21,31821,487.0
21,31823,487.0
21,31849,487.0
21,31863,487.0
21,31877,487.0
21,31891,487.0
21,31905,487.0
21,31937,487.0
21,31955,487.0
21,31957,487.0
21,31959,487.0
21,31977,487.0
21,32007,487.0
21,32039,487.0
21,32053,487.0
21,32067,487.0
21,32081,487.0
21,32109,487.0
21,32141,487.0
21,32157,487.0
21,32173,487.0
21,32201,487.0
21,32217,487.0
21,32245,487.0
21,32247,487.0
21,32261,487.0
21,32289,487.0
21,32303,487.0
21,32317,487.0
21,32331,487.0
21,32357,487.0
21,32371,487.0
21,32387,487.0
21,32419,487.0
21,32445,487.0
21,32473,487.0
21,32475,487.0
21,32489,487.0
21,32491,487.0
21,32517,491.0
21,32545,491.0
21,32547,491.0
21,32583,491.0
21,32597,491.0
21,32623,491.0
21,32649,491.0
21,32663,491.0
21,32677,491.0
21,32679,491.0
21,32707,491.0
21,32709,491.0
21,32743,491.0
21,32757,491.0
21,32773,491.0
21,32799,491.0
21,32813,491.0
21,32843,491.0
21,32873,491.0
21,32887,491.0
21,32907,491.0
21,32921,491.0
21,32937,491.0
21,32953,491.0
21,32987,491.0
21,33001,491.0
21,33015,491.0
21,33017,491.0
21,33031,491.0
21,33033,491.0
21,33047,491.0
21,33073,491.0
21,33087,491.0
21,33115,491.0
21,33129,491.0
21,33161,491.0
21,33175,491.0
21,33201,501.0
21,33215,501.0
21,33233,501.0
21,33235,501.0
21,33249,501.0
21,33277,501.0
21,33291,501.0
21,33321,501.0
21,33337,501.0
21,33339,501.0
21,33353,501.0
21,33367,501.0
21,33381,501.0
21,33383,501.0
21,33399,501.0
21,33415,501.0
21,33441,501.0
21,33455,501.0
21,33469,505.0
21,33471,505.0
21,33489,505.0
21,33503,505.0
21,33521,505.0
21,33541,505.0
21,33567,505.0
21,33599,505.0
21,33601,505.0
21,33627,505.0
21,33641,505.0
21,33671,505.0
21,33685,505.0
21,33699,505.0
21,33727,505.0
21,33729,505.0
21,33745,505.0
21,33773,505.0
21,33787,505.0
21,33803,505.0
21,33833,505.0
21,33849,505.0
21,33865,505.0
21,33867,505.0
21,33881,505.0
21,33883,505.0
21,33911,506.0
21,33929,506.0
21,33955,506.0
21,33969,506.0
21,33991,506.0
21,34009,506.0
21,34011,506.0
21,34025,506.0
21,34053,506.0
21,34069,506.0
21,34083,506.0
21,34099,506.0
21,34127,506.0
21,34143,506.0
21,34145,506.0
21,34159,506.0
21,34173,506.0
21,34187,506.0
21,34201,506.0
21,34233,506.0
21,34247,506.0
21,34273,506.0
21,34301,514.0
21,34321,514.0
21,34323,514.0
21,34339,514.0
21,34359,514.0
21,34377,514.0
21,34405,514.0
21,34431,514.0
21,34433,514.0
21,34449,514.0
21,34451,514.0
21,34465,514.0
21,34479,514.0
21,34499,514.0
21,34513,514.0
21,34527,514.0
21,34553,514.0
21,34583,514.0
21,34601,514.0
21,34617,514.0
21,34619,514.0
21,34649,514.0
21,34677,514.0
21,34679,514.0
21,34707,514.0
21,34733,514.0
21,34747,514.0
21,34761,514.0
21,34775,514.0
21,34789,514.0
21,34815,514.0
21,34817,514.0
21,34843,514.0
21,34869,514.0
21,34871,514.0
21,34897,514.0
21,34927,514.0
21,34929,514.0
21,34955,514.0
21,34971,514.0
21,34987,514.0
21,35017,514.0
21,35031,514.0
21,35045,514.0
21,35071,514.0
21,35073,514.0
21,35075,514.0
21,35077,514.0
21,35105,514.0
21,35131,514.0
21,35159,514.0
21,35175,514.0
21,35189,514.0
21,35203,514.0
21,35231,514.0
21,35261,514.0
21,35289,514.0
21,35315,514.0
21,35331,514.0
21,35359,514.0
21,35373,514.0
21,35387,514.0
21,35401,514.0
21,35429,514.0
21,35455,517.0
21,35483,517.0
21,35517,517.0
21,35533,517.0
21,35559,517.0
21,35585,517.0
21,35599,517.0
21,35627,517.0
21,35657,517.0
21,35671,517.0
21,35685,517.0
21,35687,517.0
21,35713,517.0
21,35739,517.0
21,35767,517.0
21,35799,517.0
21,35827,517.0
21,35829,517.0
21,35857,517.0
21,35871,517.0
21,35885,517.0
21,35911,517.0
21,35927,517.0
21,35929,517.0
21,35959,517.0
21,35975,517.0
21,35989,517.0
21,36003,517.0
21,36033,517.0
21,36061,517.0
21,36075,517.0
21,36077,517.0
21,36091,517.0
21,36093,517.0
21,36109,517.0
21,36123,517.0
21,36151,517.0
21,36153,517.0
21,36167,517.0
21,36169,517.0
21,36185,517.0
21,36199,517.0
21,36213,517.0
21,36239,517.0
21,36273,517.0
21,36275,517.0
21,36295,517.0
21,36309,517.0
21,36325,517.0
21,36327,517.0
21,36353,517.0
21,36367,517.0
21,36383,517.0
21,36397,517.0
21,36411,517.0
21,36443,517.0
21,36459,517.0
21,36485,517.0
21,36513,517.0
21,36543,517.0
21,36573,523.0
21,36601,523.0
21,36627,523.0
21,36655,526.0
21,36671,526.0
21,36699,526.0
21,36713,526.0
21,36741,526.0
21,36775,526.0
21,36791,526.0
21,36823,526.0
21,36855,526.0
21,36883,526.0
21,36885,526.0
21,36919,526.0
21,36921,526.0
21,36949,526.0
21,36967,526.0
21,36981,526.0
21,36995,526.0
21,36997,526.0
21,37033,526.0
21,37061,526.0
21,37075,526.0
21,37101,526.0
21,37115,526.0
21,37129,526.0
21,37131,526.0
21,37157,526.0
21,37183,526.0
21,37209,526.0
21,37237,526.0
21,37263,526.0
21,37265,526.0
21,37279,526.0
21,37307,526.0
21,37341,526.0
21,37371,526.0
21,37385,526.0
21,37411,526.0
21,37427,526.0
21,37443,526.0
21,37457,526.0
21,37471,526.0
21,37497,526.0
21,37529,526.0
21,37547,526.0
21,37563,526.0
21,37591,526.0
21,37593,526.0
21,37607,526.0
21,37621,526.0
21,37649,526.0
21,37663,526.0
21,37677,526.0
21,37709,526.0
21,37711,526.0
21,37725,526.0
21,37743,526.0
21,37771,526.0
21,37785,526.0
21,37811,527.0
21,37837,527.0
21,37851,527.0
21,37865,527.0
21,37891,527.0
21,37893,527.0
21,37909,527.0
21,37911,527.0
21,37913,527.0
21,37927,527.0
21,37941,532.0
21,37959,532.0
21,37985,532.0
21,37999,532.0
21,38015,532.0
21,38029,532.0
21,38055,532.0
21,38085,532.0
21,38087,532.0
21,38103,532.0
21,38105,532.0
21,38135,532.0
21,38151,532.0
21,38179,532.0
21,38193,532.0
21,38207,532.0
21,38221,532.0
21,38235,532.0
21,38237,532.0
21,38267,532.0
21,38281,532.0
21,38309,532.0
21,38325,532.0
21,38339,532.0
21,38367,532.0
21,38397,532.0
21,38413,532.0
21,38429,532.0
21,38447,532.0
21,38461,532.0
21,38489,532.0
21,38521,532.0
21,38523,532.0
21,38553,532.0
21,38571,532.0
21,38599,532.0
21,38615,532.0
21,38647,538.0
21,38663,538.0
21,38677,538.0
21,38691,538.0
21,38705,538.0
21,38731,538.0
21,38749,538.0
21,38775,538.0
21,38801,538.0
21,38827,538.0
21,38855,538.0
21,38869,538.0
21,38871,538.0
21,38897,538.0
21,38911,538.0
21,38913,538.0
21,38927,538.0
21,38929,538.0
21,38945,538.0
21,38973,538.0
21,39005,538.0
21,39021,538.0
21,39039,538.0
21,39065,538.0
21,39091,538.0
21,39093,538.0
21,39107,538.0
21,39137,538.0
21,39165,538.0
21,39183,538.0
21,39213,538.0
21,39239,538.0
21,39259,538.0
21,39279,538.0
21,39309,538.0
21,39325,538.0
21,39357,538.0
21,39373,538.0
21,39375,538.0
21,39403,538.0
21,39425,538.0
22,29334,388.0
22,29348,388.0
22,29350,388.0
22,29384,388.0
22,29410,391.0
22,29438,391.0
22,29466,391.0
22,29480,393.0
22,29494,393.0
22,29510,393.0
22,29526,393.0
22,29540,393.0
22,29556,393.0
22,29570,393.0
22,29598,393.0
22,30207,425.0
22,30233,425.0
22,30235,425.0
22,30237,425.0
22,30265,425.0
22,30279,425.0
22,30293,425.0
22,30307,425.0
22,30323,425.0
22,30341,425.0
22,30355,425.0
22,30357,425.0
22,30383,425.0
22,30411,425.0
22,30437,425.0
22,30439,425.0
22,30465,425.0
22,30481,425.0
22,30497,425.0
22,30523,426.0
22,30525,426.0
22,30539,426.0
22,30571,426.0
22,30573,426.0
22,30607,426.0
22,30623,426.0
22,30625,426.0
22,30641,426.0
22,30669,426.0
22,30671,426.0
22,30687,447.0
22,30689,447.0
22,30715,447.0
22,30741,447.0
22,30755,447.0
22,30781,447.0
22,30795,447.0
22,30809,447.0
22,30827,447.0
22,30841,447.0
22,30873,447.0
22,30891,447.0
22,30905,448.0
22,30907,448.0
22,30909,448.0
22,30925,448.0
22,30927,448.0
22,30929,448.0
22,30943,448.0
22,30957,448.0
22,30971,448.0
22,30997,448.0
22,31013,448.0
22,31027,448.0
22,31041,448.0
22,31057,448.0
22,31071,448.0
22,31085,448.0
22,31113,448.0
22,31127,448.0
22,31141,448.0
22,31173,448.0
22,31187,448.0
22,31201,465.0
22,31229,465.0
22,31231,465.0
22,31265,465.0
22,31279,465.0
22,31295,465.0
22,31297,465.0
22,31311,465.0
22,31339,465.0
22,31341,465.0
22,31355,465.0
22,31369,465.0
22,31397,465.0
22,31415,465.0
22,31445,465.0
22,31459,465.0
22,31473,465.0
22,31487,465.0
22,31501,465.0
22,31531,465.0
22,31559,465.0
22,31575,465.0
22,31601,465.0
22,31603,465.0
22,31633,468.0
22,31661,468.0
22,31677,468.0
22,31691,468.0
22,31717,468.0
22,31747,468.0
22,31777,468.0
22,31805,468.0
22,31819,468.0
22,31837,468.0
22,31865,468.0
22,31879,468.0
22,31893,468.0
22,31911,468.0
22,31913,468.0
22,31929,468.0
22,31945,468.0
22,31959,468.0
22,31985,468.0
22,31987,468.0
22,32003,468.0
22,32029,468.0
22,32057,475.0
22,32073,475.0
22,32087,475.0
22,32103,475.0
22,32117,475.0
22,32145,479.0
22,32177,479.0
22,32191,479.0
22,32205,479.0
22,32219,479.0
22,32247,479.0
22,32277,479.0
22,32295,479.0
22,32331,479.0
22,32333,479.0
22,32347,487.0
22,32365,487.0
22,32383,487.0
22,32397,487.0
22,32429,487.0
22,32443,487.0
22,32459,487.0
22,32489,487.0
22,32491,487.0
22,32521,487.0
22,32553,487.0
22,32567,495.0
22,32583,495.0
22,32609,495.0
22,32625,495.0
22,32641,495.0
22,32659,495.0
22,32675,495.0
22,32689,495.0
22,32709,495.0
22,32711,495.0
22,32725,495.0
22,32751,495.0
22,32779,495.0
22,32795,495.0
22,32813,495.0
22,32829,495.0
22,32843,495.0
22,32873,495.0
22,32899,495.0
22,32901,495.0
22,32927,495.0
22,32929,495.0
22,32931,495.0
22,32947,495.0
22,32981,495.0
22,32995,495.0
22,33023,495.0
22,33051,495.0
22,33077,495.0
22,33105,495.0
22,33137,495.0
22,33151,495.0
22,33171,495.0
22,33187,495.0
22,33201,495.0
22,33217,495.0
22,33231,495.0
22,33265,495.0
22,33267,495.0
22,33269,495.0
22,33297,495.0
22,33323,495.0
22,33325,495.0
22,33339,495.0
22,33371,495.0
22,33373,495.0
22,33387,495.0
22,33401,495.0
22,33429,495.0
22,33447,495.0
22,33473,495.0
22,33503,495.0
22,33519,495.0
22,33521,495.0
22,33523,495.0
22,33525,495.0
22,33553,495.0
22,33569,495.0
22,33583,495.0
22,33613,498.0
22,33627,498.0
22,33641,498.0
22,33655,498.0
22,33685,498.0
22,33715,498.0
22,33717,498.0
22,33745,498.0
22,33761,498.0
22,33791,498.0
22,33807,498.0
22,33809,498.0
22,33825,498.0
22,33841,498.0
22,33857,498.0
22,33873,498.0
22,33889,498.0
22,33903,498.0
22,33917,498.0
22,33947,498.0
22,33975,498.0
22,33989,498.0
22,34003,498.0
22,34005,498.0
22,34021,498.0
22,34051,498.0
22,34053,498.0
22,34067,498.0
22,34097,498.0
22,34111,498.0
22,34125,498.0
22,34143,498.0
22,34145,498.0
22,34161,498.0
22,34175,498.0
22,34189,498.0
22,34203,498.0
22,34205,498.0
22,34223,498.0
22,34237,498.0
22,34265,498.0
22,34291,498.0
22,34293,498.0
22,34323,498.0
22,34337,498.0
22,34363,498.0
22,34381,498.0
22,34411,498.0
22,34437,498.0
22,34463,498.0
22,34479,498.0
22,34493,498.0
22,34507,498.0
22,34539,498.0
22,34569,498.0
22,34571,498.0
22,34597,512.0
22,34611,512.0
22,34643,512.0
22,34677,512.0
22,34691,512.0
22,34711,512.0
22,34737,512.0
22,34763,512.0
22,34777,512.0
22,34803,512.0
22,34819,512.0
22,34821,512.0
22,34849,512.0
22,34877,512.0
22,34891,512.0
22,34905,512.0
22,34933,512.0
22,34967,512.0
22,35003,512.0
22,35005,512.0
22,35035,512.0
22,35049,512.0
22,35065,512.0
22,35093,512.0
22,35095,512.0
22,35109,512.0
22,35127,512.0
22,35143,512.0
22,35169,512.0
22,35171,512.0
22,35203,512.0
22,35229,512.0
22,35243,512.0
22,35267,512.0
22,35269,512.0
22,35285,512.0
22,35299,512.0
22,35325,512.0
22,35351,512.0
22,35381,512.0
22,35383,512.0
22,35409,512.0
22,35425,512.0
22,35443,512.0
22,35469,512.0
22,35483,512.0
22,35485,512.0
22,35513,512.0
22,35543,512.0
22,35557,512.0
22,35571,512.0
22,35597,512.0
22,35625,512.0
22,35655,512.0
22,35669,512.0
22,35695,512.0
22,35721,512.0
22,35735,512.0
22,35761,512.0
22,35775,512.0
22,35793,512.0
22,35809,512.0
22,35823,513.0
22,35825,513.0
22,35841,513.0
22,35867,513.0
22,35893,513.0
22,35907,513.0
22,35923,513.0
22,35925,513.0
22,35943,513.0
22,35957,513.0
22,35983,513.0
22,36009,513.0
22,36025,513.0
22,36055,513.0
22,36073,513.0
22,36105,513.0
22,36135,513.0
22,36165,513.0
22,36181,513.0
22,36209,513.0
22,36235,513.0
22,36249,513.0
22,36263,513.0
22,36291,513.0
22,36307,513.0
22,36333,513.0
22,36349,513.0
22,36363,513.0
22,36391,513.0
22,36419,513.0
22,36449,513.0
22,36465,513.0
22,36481,513.0
22,36499,513.0
22,36513,513.0
22,36539,526.0
22,36553,526.0
22,36579,530.0
22,36581,530.0
22,36595,530.0
22,36597,530.0
22,36611,530.0
22,36629,530.0
22,36657,530.0
22,36683,530.0
22,36697,530.0
22,36699,530.0
22,36727,530.0
22,36729,530.0
22,36751,530.0
22,36753,530.0
22,36767,530.0
22,36795,530.0
22,36825,530.0
22,36843,530.0
22,36859,530.0
22,36873,530.0
22,36901,530.0
22,36917,530.0
22,36933,530.0
22,36935,530.0
22,36961,530.0
22,36987,530.0
22,37005,530.0
22,37019,530.0
22,37033,530.0
22,37049,530.0
22,37063,530.0
22,37089,530.0
22,37115,530.0
22,37131,530.0
22,37133,530.0
22,37163,530.0
22,37191,530.0
22,37221,530.0
22,37247,530.0
22,37261,530.0
22,37293,530.0
22,37325,530.0
22,37327,530.0
22,37343,530.0
22,37359,530.0
22,37373,530.0
22,37391,530.0
22,37405,530.0
22,37407,530.0
22,37409,530.0
22,37425,530.0
22,37453,530.0
22,37483,530.0
22,37511,530.0
22,37525,530.0
22,37553,530.0
22,37567,530.0
22,37595,530.0
22,37611,530.0
22,37625,530.0
22,37627,530.0
22,37643,530.0
22,37657,530.0
22,37671,530.0
22,37673,530.0
22,37689,530.0
22,37705,530.0
22,37737,530.0
22,37767,530.0
22,37795,530.0
22,37809,530.0
22,37823,530.0
22,37837,530.0
22,37853,530.0
22,37881,530.0
22,37907,536.0
22,37909,536.0
22,37925,536.0
22,37927,536.0
22,37957,536.0
22,37973,536.0
22,38003,536.0
22,38017,536.0
22,38031,536.0
22,38045,536.0
22,38061,536.0
22,38075,536.0
22,38101,536.0
22,38117,536.0
22,38147,536.0
22,38175,536.0
22,38193,536.0
22,38225,536.0
22,38227,536.0
22,38255,536.0
22,38289,536.0
22,38291,536.0
22,38305,536.0
22,38333,536.0
22,38335,536.0
22,38337,536.0
22,38363,536.0
22,38381,536.0
22,38395,536.0
22,38411,536.0
22,38413,536.0
22,38441,536.0
22,38443,536.0
22,38459,536.0
22,38461,536.0
22,38477,536.0
22,38491,536.0
22,38505,536.0
22,38531,536.0
22,38557,536.0
22,38573,536.0
22,38575,536.0
22,38603,536.0
22,38631,536.0
22,38647,536.0
22,38661,536.0
22,38687,536.0
22,38719,536.0
22,38735,536.0
22,38737,536.0
22,38757,536.0
22,38783,536.0
22,38797,536.0
22,38811,536.0
22,38839,536.0
22,38873,536.0
22,38887,536.0
22,38915,536.0
22,38943,536.0
22,38957,536.0
22,38985,536.0
22,39003,536.0
22,39005,536.0
22,39007,536.0
22,39009,536.0
22,39037,536.0
22,39071,536.0
22,39101,536.0
22,39103,536.0
22,39117,536.0
22,39133,536.0
22,39163,536.0
22,39165,536.0
22,39195,536.0
22,39223,536.0
22,39253,536.0
22,39255,536.0
22,39281,536.0
22,39307,536.0
22,39337,536.0
23,29350,382.0
23,29364,382.0
23,29390,382.0
23,29404,382.0
23,29418,405.0
23,30055,405.0
23,30081,405.0
23,30097,405.0
23,30111,411.0
23,30137,411.0
23,30151,411.0
23,30153,411.0
23,30179,428.0
23,30181,428.0
23,30207,428.0
23,30225,428.0
23,30241,428.0
23,30269,428.0
23,30283,428.0
23,30285,428.0
23,30315,428.0
23,30343,428.0
23,30359,428.0
23,30387,428.0
23,30415,428.0
23,30441,428.0
23,30461,428.0
23,30475,428.0
23,30507,428.0
23,30521,428.0
23,30537,428.0
23,30553,428.0
23,30583,428.0
23,30585,428.0
23,30601,428.0
23,30615,428.0
23,30641,428.0
23,30655,428.0
23,30657,428.0
23,30687,428.0
23,30701,428.0
23,30703,428.0
23,30723,428.0
23,30749,428.0
23,30777,444.0
23,30807,444.0
23,30839,444.0
23,30867,444.0
23,30895,444.0
23,30923,444.0
23,30941,444.0
23,30955,444.0
23,30983,471.0
23,30999,471.0
23,31027,471.0
23,31055,471.0
23,31085,471.0
23,31099,471.0
23,31101,471.0
23,31117,471.0
23,31135,471.0
23,31137,471.0
23,31155,471.0
23,31183,471.0
23,31197,471.0
23,31211,471.0
23,31229,471.0
23,31259,471.0
23,31287,471.0
23,31301,471.0
23,31317,471.0
23,31345,471.0
23,31371,471.0
23,31401,471.0
23,31403,471.0
23,31405,471.0
23,31433,471.0
23,31447,471.0
23,31461,471.0
23,31475,471.0
23,31493,471.0
23,31521,471.0
23,31523,471.0
23,31551,471.0
23,31565,471.0
23,31595,471.0
23,31597,471.0
23,31611,471.0
23,31633,471.0
23,31659,495.0
23,31661,495.0
23,31677,495.0
23,31679,495.0
23,31693,495.0
23,31707,495.0
23,31721,495.0
23,31735,495.0
23,31761,495.0
23,31787,495.0
23,31801,495.0
23,31803,495.0
23,31817,495.0
23,31831,495.0
23,31845,495.0
23,31859,495.0
23,31873,495.0
23,31899,495.0
23,31925,495.0
23,31939,495.0
23,31965,495.0
23,31997,495.0
23,31999,495.0
23,32025,495.0
23,32053,495.0
23,32055,495.0
23,32069,495.0
23,32095,495.0
23,32121,495.0
23,32149,495.0
23,32165,495.0
23,32191,495.0
23,32209,495.0
23,32211,495.0
23,32239,495.0
23,32253,495.0
23,32267,495.0
23,32293,495.0
23,32321,495.0
23,32337,495.0
23,32351,495.0
23,32353,495.0
23,32381,495.0
23,32395,495.0
23,32397,495.0
23,32415,495.0
23,32429,495.0
23,32431,495.0
23,32447,495.0
23,32473,495.0
23,32487,495.0
23,32489,495.0
23,32491,495.0
23,32507,495.0
23,32521,495.0
23,32535,495.0
23,32537,495.0
23,32565,495.0
23,32591,495.0
23,32605,495.0
23,32619,495.0
23,32633,495.0
23,32647,495.0
23,32675,495.0
23,32701,495.0
23,32719,495.0
23,32733,495.0
23,32763,495.0
23,32791,495.0
23,32817,495.0
23,32833,495.0
23,32835,495.0
23,32853,495.0
23,32867,495.0
23,32899,495.0
23,32913,495.0
23,32941,495.0
23,32969,495.0
23,32983,495.0
23,33011,495.0
23,33043,495.0
23,33071,495.0
23,33097,495.0
23,33123,502.0
23,33155,502.0
23,33169,502.0
23,33195,502.0
23,33209,502.0
23,33229,502.0
23,33243,502.0
23,33257,502.0
23,33259,502.0
23,33287,502.0
23,33301,502.0
23,33331,502.0
23,33347,502.0
23,33361,502.0
23,33389,502.0
23,33405,502.0
23,33431,502.0
23,33433,502.0
23,33459,502.0
23,33473,502.0
23,33505,502.0
23,33519,502.0
23,33521,502.0
23,33535,502.0
23,33549,502.0
23,33577,502.0
23,33603,502.0
23,33629,502.0
23,33643,502.0
23,33645,502.0
23,33671,502.0
23,33701,502.0
23,33717,502.0
23,33731,502.0
23,33759,502.0
23,33787,502.0
23,33789,502.0
23,33803,502.0
23,33833,502.0
23,33849,502.0
23,33877,502.0
23,33891,502.0
23,33917,502.0
23,33919,502.0
23,33933,502.0
23,33961,502.0
23,33987,502.0
23,34001,502.0
23,34029,502.0
23,34045,502.0
23,34077,502.0
23,34107,502.0
23,34135,502.0
23,34161,502.0
23,34175,502.0
23,34189,502.0
23,34215,502.0
23,34231,502.0
23,34247,502.0
23,34263,502.0
23,34277,502.0
23,34293,502.0
23,34309,502.0
23,34325,502.0
23,34351,502.0
23,34381,502.0
23,34399,502.0
23,34401,502.0
23,34415,502.0
23,34431,502.0
23,34447,502.0
23,34463,502.0
23,34493,502.0
23,34495,502.0
23,34497,502.0
23,34523,507.0
23,34549,507.0
23,34577,507.0
23,34591,507.0
23,34607,507.0
23,34635,507.0
23,34649,507.0
23,34675,507.0
23,34703,507.0
23,34731,507.0
23,34757,508.0
23,34785,508.0
23,34813,508.0
23,34841,508.0
23,34857,508.0
23,34871,508.0
23,34885,508.0
23,34911,508.0
23,34925,508.0
23,34927,508.0
23,34941,508.0
23,34967,508.0
23,34993,508.0
23,35009,508.0
23,35035,508.0
23,35067,508.0
23,35083,508.0
23,35111,510.0
23,35131,510.0
23,35159,510.0
23,35189,510.0
23,35217,510.0
23,35243,510.0
23,35257,510.0
23,35259,510.0
23,35275,510.0
23,35289,510.0
23,35303,510.0
23,35317,510.0
23,35347,510.0
23,35361,510.0
23,35377,510.0
23,35403,510.0
23,35435,510.0
23,35467,510.0
23,35481,510.0
23,35497,510.0
23,35499,510.0
23,35513,510.0
23,35529,510.0
23,35545,510.0
23,35559,510.0
23,35587,510.0
23,35613,510.0
23,35627,510.0
23,35655,510.0
23,35669,510.0
23,35687,510.0
23,35715,510.0
23,35717,510.0
23,35745,510.0
23,35747,510.0
23,35761,512.0
23,35775,512.0
23,35791,512.0
23,35793,512.0
23,35807,512.0
23,35823,512.0
23,35841,512.0
23,35867,512.0
23,35869,512.0
23,35885,512.0
23,35903,512.0
23,35919,512.0
23,35939,512.0
23,35953,512.0
23,35955,512.0
23,35969,512.0
23,35987,512.0
23,36001,512.0
23,36031,512.0
23,36045,512.0
23,36059,512.0
23,36091,514.0
23,36117,527.0
23,36133,527.0
23,36161,527.0
23,36193,527.0
23,36211,527.0
23,36227,527.0
23,36247,527.0
23,36277,527.0
23,36291,527.0
23,36305,527.0
23,36335,527.0
23,36363,527.0
23,36377,527.0
23,36405,527.0
23,36419,527.0
23,36435,527.0
23,36449,527.0
23,36451,527.0
23,36465,527.0
23,36467,527.0
23,36485,527.0
23,36501,527.0
23,36527,527.0
23,36541,527.0
23,36555,527.0
23,36573,527.0
23,36587,527.0
23,36613,527.0
23,36641,527.0
23,36669,527.0
23,36683,527.0
23,36685,527.0
23,36701,527.0
23,36727,527.0
23,36743,527.0
23,36757,527.0
23,36787,527.0
23,36805,527.0
23,36835,527.0
23,36849,527.0
23,36863,527.0
23,36879,527.0
23,36911,527.0
23,36925,527.0
23,36951,527.0
23,36967,527.0
23,36997,527.0
23,36999,527.0
23,37031,527.0
23,37061,527.0
23,37063,527.0
23,37091,527.0
23,37117,527.0
23,37131,527.0
23,37145,527.0
23,37161,527.0
23,37187,527.0
23,37189,527.0
23,37217,527.0
23,37219,527.0
23,37247,527.0
23,37249,527.0
23,37275,527.0
23,37289,527.0
23,37317,527.0
23,37335,527.0
23,37365,527.0
23,37379,527.0
23,37411,527.0
23,37425,527.0
23,37455,527.0
23,37483,527.0
23,37485,527.0
23,37501,527.0
23,37527,527.0
23,37543,527.0
23,37575,527.0
23,37601,527.0
23,37615,527.0
23,37641,527.0
23,37667,527.0
23,37681,527.0
23,37699,527.0
23,37701,527.0
23,37729,527.0
23,37743,527.0
23,37769,527.0
23,37783,527.0
23,37801,527.0
23,37817,527.0
23,37839,527.0
23,37857,527.0
23,37859,527.0
23,37873,527.0
23,37889,527.0
23,37903,527.0
23,37929,527.0
23,37931,527.0
23,37945,527.0
23,37947,527.0
23,37961,527.0
23,37975,527.0
23,38003,527.0
23,38031,527.0
23,38057,527.0
23,38083,527.0
23,38111,527.0
23,38141,527.0
23,38173,527.0
23,38203,527.0
23,38233,527.0
23,38235,527.0
23,38249,527.0
23,38277,527.0
23,38291,527.0
23,38319,527.0
23,38321,527.0
23,38335,527.0
23,38361,527.0
23,38387,527.0
23,38401,527.0
23,38403,527.0
23,38417,527.0
23,38431,527.0
23,38461,527.0
23,38475,527.0
23,38503,527.0
23,38517,527.0
23,38519,527.0
23,38545,527.0
23,38547,527.0
23,38575,527.0
23,38589,527.0
23,38603,527.0
23,38617,527.0
23,38633,527.0
23,38647,527.0
23,38663,527.0
23,38665,527.0
23,38693,527.0
23,38707,527.0
23,38721,527.0
23,38739,527.0
23,38741,527.0
23,38755,527.0
23,38781,527.0
23,38795,527.0
23,38823,527.0
23,38837,527.0
23,38853,527.0
23,38881,527.0
23,38895,527.0
23,38897,527.0
23,38911,527.0
23,38943,527.0
23,38957,527.0
23,38983,527.0
23,38997,527.0
23,39013,527.0
23,39027,527.0
23,39043,527.0
23,39057,527.0
23,39089,527.0
23,39119,527.0
23,39121,527.0
23,39137,527.0
23,39139,527.0
23,39153,527.0
23,39167,527.0
23,39169,527.0
23,39171,527.0
23,39197,527.0
23,39211,527.0
23,39237,527.0
23,39263,527.0
23,39277,527.0
23,39293,527.0
23,39307,527.0
23,39321,527.0
24,29308,400.0
24,29871,400.0
24,29885,400.0
24,29899,429.0
24,29913,429.0
24,29927,429.0
24,29941,429.0
24,29955,429.0
24,29957,429.0
24,29971,429.0
24,29987,429.0
24,30001,429.0
24,30003,429.0
24,30005,429.0
24,30007,429.0
24,30023,429.0
24,30039,429.0
24,30053,429.0
24,30081,429.0
24,30107,429.0
24,30123,429.0
24,30151,429.0
24,30177,429.0
24,30179,429.0
24,30205,429.0
24,30219,429.0
24,30221,429.0
24,30237,441.0
24,30239,441.0
24,30265,441.0
24,30279,441.0
24,30295,441.0
24,30321,441.0
24,30323,441.0
24,30351,441.0
24,30353,441.0
24,30355,441.0
24,30373,441.0
24,30389,441.0
24,30403,441.0
24,30429,443.0
24,30455,443.0
24,30481,443.0
24,30511,443.0
24,30537,443.0
24,30539,443.0
24,30567,443.0
24,30593,443.0
24,30609,443.0
24,30623,443.0
24,30651,443.0
24,30653,443.0
24,30667,443.0
24,30695,443.0
24,30711,443.0
24,30725,447.0
24,30743,447.0
24,30771,447.0
24,30801,448.0
24,30819,448.0
24,30847,448.0
24,30861,448.0
24,30875,448.0
24,30903,463.0
24,30905,463.0
24,30919,463.0
24,30933,463.0
24,30947,463.0
24,30975,477.0
24,30989,477.0
24,31005,477.0
24,31019,477.0
24,31035,477.0
24,31061,477.0
24,31077,477.0
24,31107,477.0
24,31135,477.0
24,31161,477.0
24,31175,477.0
24,31191,477.0
24,31207,477.0
24,31233,477.0
24,31235,477.0
24,31261,477.0
24,31289,477.0
24,31307,481.0
24,31309,481.0
24,31339,481.0
24,31341,481.0
24,31369,481.0
24,31383,481.0
24,31397,481.0
24,31413,481.0
24,31427,481.0
24,31441,481.0
24,31471,481.0
24,31497,481.0
24,31511,481.0
24,31541,481.0
24,31571,481.0
24,31585,481.0
24,31601,481.0
24,31627,496.0
24,31629,496.0
24,31643,496.0
24,31671,496.0
24,31699,496.0
24,31725,496.0
24,31727,496.0
24,31729,496.0
24,31757,496.0
24,31787,496.0
24,31801,496.0
24,31837,496.0
24,31839,496.0
24,31855,496.0
24,31883,496.0
24,31885,496.0
24,31903,496.0
24,31905,496.0
24,31919,496.0
24,31945,496.0
24,31947,496.0
24,31949,496.0
24,31951,496.0
24,31977,496.0
24,31991,496.0
24,32005,496.0
24,32033,496.0
24,32061,496.0
24,32075,496.0
24,32093,496.0
24,32095,496.0
24,32097,496.0
24,32123,496.0
24,32137,504.0
24,32151,504.0
24,32153,504.0
24,32167,504.0
24,32193,504.0
24,32207,504.0
24,32221,504.0
24,32249,504.0
24,32275,504.0
24,32291,504.0
24,32305,504.0
24,32331,504.0
24,32333,504.0
24,32347,504.0
24,32361,504.0
24,32389,504.0
24,32403,504.0
24,32417,504.0
24,32443,518.0
24,32475,518.0
24,32505,518.0
24,32507,518.0
24,32533,518.0
24,32547,518.0
24,32561,518.0
24,32563,518.0
24,32595,518.0
24,32611,518.0
24,32625,518.0
24,32627,518.0
24,32643,518.0
24,32657,518.0
24,32659,518.0
24,32693,518.0
24,32719,518.0
24,32745,518.0
24,32759,518.0
24,32787,518.0
24,32817,518.0
24,32843,518.0
24,32875,518.0
24,32903,518.0
24,32929,518.0
24,32957,518.0
24,32987,518.0
24,32989,518.0
24,33017,518.0
24,33031,518.0
24,33065,518.0
24,33093,518.0
24,33107,518.0
24,33121,518.0
24,33147,518.0
24,33179,518.0
24,33207,518.0
24,33209,518.0
24,33223,518.0
24,33237,518.0
24,33239,518.0
24,33267,518.0
24,33293,518.0
24,33307,518.0
24,33341,518.0
24,33369,518.0
24,33371,518.0
24,33387,518.0
24,33415,518.0
24,33431,518.0
24,33447,518.0
24,33463,518.0
24,33479,518.0
24,33507,518.0
24,33537,518.0
24,33567,518.0
24,33593,518.0
24,33607,518.0
24,33621,518.0
24,33635,518.0
24,33649,518.0
24,33663,518.0
24,33695,518.0
24,33711,518.0
24,33737,518.0
24,33753,518.0
24,33755,518.0
24,33783,518.0
24,33799,518.0
24,33829,518.0
24,33847,518.0
24,33849,518.0
24,33863,518.0
24,33877,518.0
24,33891,518.0
24,33893,518.0
24,33919,518.0
24,33945,518.0
24,33947,518.0
24,33949,518.0
24,33977,518.0
24,34003,518.0
24,34017,518.0
24,34031,518.0
24,34047,518.0
24,34049,518.0
24,34075,518.0
24,34101,518.0
24,34129,518.0
24,34145,518.0
24,34161,518.0
24,34189,518.0
24,34217,518.0
24,34219,518.0
24,34233,518.0
24,34261,518.0
24,34275,518.0
24,34277,518.0
24,34305,518.0
24,34331,518.0
24,34333,518.0
24,34353,518.0
24,34367,518.0
24,34385,518.0
24,34413,518.0
24,34441,518.0
24,34459,518.0
24,34461,518.0
24,34479,518.0
24,34505,518.0
24,34507,518.0
24,34521,518.0
24,34551,518.0
24,34583,518.0
24,34599,518.0
24,34613,518.0
24,34615,518.0
24,34643,518.0
24,34645,518.0
24,34661,518.0
24,34663,518.0
24,34689,518.0
24,34705,518.0
24,34719,518.0
24,34733,518.0
24,34749,518.0
24,34763,518.0
24,34777,518.0
24,34779,518.0
24,34795,518.0
24,34811,518.0
24,34827,518.0
24,34843,518.0
24,34857,518.0
24,34873,518.0
24,34899,518.0
24,34927,518.0
24,34941,518.0
24,34943,518.0
24,34945,518.0
24,34973,518.0
24,34987,518.0
24,35013,518.0
24,35033,518.0
24,35049,518.0
24,35065,518.0
24,35079,518.0
24,35081,518.0
24,35111,518.0
24,35127,518.0
24,35157,518.0
24,35171,518.0
24,35185,518.0
24,35211,518.0
24,35239,518.0
24,35253,518.0
24,35255,518.0
24,35269,518.0
24,35295,523.0
24,35297,523.0
24,35299,523.0
24,35317,523.0
24,35319,523.0
24,35345,523.0
24,35359,523.0
24,35385,523.0
24,35399,523.0
24,35425,523.0
24,35439,523.0
24,35455,523.0
24,35471,523.0
24,35485,523.0
24,35499,523.0
24,35517,523.0
24,35531,523.0
24,35561,523.0
24,35587,523.0
24,35615,523.0
24,35629,523.0
24,35645,523.0
24,35675,523.0
24,35691,523.0
24,35723,523.0
24,35725,523.0
24,35741,523.0
24,35771,523.0
24,35773,523.0
24,35789,523.0
24,35821,523.0
24,35823,523.0
24,35853,523.0
24,35879,523.0
24,35897,523.0
24,35911,523.0
24,35927,523.0
24,35943,523.0
24,35969,523.0
24,35983,523.0
24,35997,523.0
24,36011,523.0
24,36013,523.0
24,36029,523.0
24,36031,523.0
24,36045,523.0
24,36079,523.0
24,36105,523.0
24,36131,523.0
24,36157,523.0
24,36171,523.0
24,36199,523.0
24,36225,523.0
24,36239,523.0
24,36255,523.0
24,36271,523.0
24,36301,523.0
24,36315,523.0
24,36329,523.0
24,36331,523.0
24,36349,523.0
24,36381,523.0
24,36395,523.0
24,36397,523.0
24,36415,523.0
24,36429,523.0
24,36459,523.0
24,36493,523.0
24,36507,527.0
24,36521,527.0
24,36523,527.0
24,36551,527.0
24,36565,527.0
24,36579,527.0
24,36607,527.0
24,36637,527.0
24,36651,527.0
24,36665,527.0
24,36691,527.0
24,36707,527.0
24,36709,527.0
24,36727,527.0
24,36741,527.0
24,36755,527.0
24,36769,527.0
24,36783,527.0
24,36797,527.0
24,36823,527.0
24,36849,527.0
24,36863,527.0
24,36865,527.0
24,36893,527.0
24,36895,527.0
24,36909,527.0
24,36923,527.0
24,36925,527.0
24,36951,527.0
24,36971,527.0
24,36997,527.0
24,36999,527.0
24,37001,527.0
24,37027,527.0
24,37053,527.0
24,37071,527.0
24,37099,527.0
24,37117,527.0
24,37143,527.0
24,37171,527.0
24,37173,527.0
24,37175,527.0
24,37205,527.0
24,37207,527.0
24,37235,527.0
24,37263,527.0
24,37281,527.0
24,37283,527.0
24,37311,527.0
24,37339,527.0
24,37353,527.0
24,37367,527.0
24,37369,527.0
24,37403,527.0
24,37405,527.0
24,37433,527.0
24,37435,527.0
24,37463,527.0
24,37479,527.0
24,37505,527.0
24,37521,527.0
24,37549,527.0
24,37563,527.0
24,37589,527.0
24,37617,527.0
24,37619,527.0
24,37621,527.0
24,37635,527.0
24,37655,527.0
24,37683,527.0
24,37713,527.0
24,37733,527.0
24,37761,527.0
24,37777,527.0
24,37779,527.0
24,37793,527.0
24,37807,527.0
24,37835,527.0
24,37849,527.0
24,37865,527.0
24,37893,527.0
24,37919,527.0
24,37921,527.0
24,37937,527.0
24,37963,527.0
24,37995,527.0
24,38009,527.0
24,38023,527.0
24,38037,527.0
24,38063,527.0
24,38079,527.0
24,38107,527.0
24,38109,527.0
24,38137,527.0
24,38151,527.0
24,38181,527.0
24,38197,527.0
24,38225,527.0
24,38239,527.0
24,38253,527.0
24,38267,527.0
24,38295,527.0
24,38313,527.0
24,38343,527.0
24,38345,527.0
24,38359,527.0
24,38373,527.0
24,38375,527.0
24,38389,536.0
24,38403,536.0
24,38417,536.0
24,38443,536.0
24,38445,536.0
24,38461,536.0
24,38475,536.0
24,38491,536.0
24,38493,536.0
24,38519,536.0
24,38547,536.0
24,38561,536.0
24,38577,536.0
24,38579,536.0
24,38605,536.0
24,38619,536.0
24,38633,536.0
24,38661,536.0
24,38691,536.0
24,38719,536.0
24,38749,536.0
24,38775,536.0
24,38803,536.0
24,38821,536.0
24,38849,536.0
24,38877,536.0
24,38879,536.0
24,38897,536.0
24,38927,536.0
24,38943,536.0
24,38957,536.0
24,38971,536.0
24,38985,536.0
24,39001,536.0
24,39027,536.0
24,39029,536.0
24,39055,536.0
24,39087,536.0
24,39103,536.0
24,39105,536.0
24,39121,536.0
24,39139,536.0
24,39171,536.0
24,39201,536.0
24,39217,536.0
24,39245,536.0
24,39259,536.0
24,39273,536.0
24,39287,536.0
25,29212,386.0
25,29226,386.0
25,29242,386.0
25,29258,386.0
25,29286,420.0
25,29300,420.0
25,29907,420.0
25,29921,420.0
25,29955,436.0
25,29981,436.0
25,29983,436.0
25,29999,436.0
25,30015,436.0
25,30031,436.0
25,30065,436.0
25,30067,436.0
25,30083,436.0
25,30085,436.0
25,30113,436.0
25,30141,436.0
25,30143,436.0
25,30159,436.0
25,30175,436.0
25,30207,436.0
25,30235,436.0
25,30249,436.0
25,30265,436.0
25,30279,436.0
25,30293,436.0
25,30309,436.0
25,30339,436.0
25,30367,436.0
25,30397,436.0
25,30413,436.0
25,30445,436.0
25,30461,436.0
25,30491,436.0
25,30509,436.0
25,30511,436.0
25,30525,436.0
25,30541,436.0
25,30567,436.0
25,30581,436.0
25,30595,436.0
25,30597,436.0
25,30613,436.0
25,30627,436.0
25,30629,436.0
25,30631,436.0
25,30633,436.0
25,30665,436.0
25,30667,436.0
25,30669,436.0
25,30671,436.0
25,30697,436.0
25,30713,436.0
25,30741,436.0
25,30769,436.0
25,30783,436.0
25,30815,436.0
25,30833,436.0
25,30863,436.0
25,30865,436.0
25,30867,436.0
25,30897,436.0
25,30923,436.0
25,30939,436.0
25,30967,436.0
25,30993,436.0
25,31021,436.0
25,31035,436.0
25,31049,436.0
25,31051,436.0
25,31067,436.0
25,31083,436.0
25,31111,436.0
25,31113,436.0
25,31127,436.0
25,31157,436.0
25,31173,436.0
25,31191,436.0
25,31205,436.0
25,31219,436.0
25,31221,436.0
25,31223,436.0
25,31225,436.0
25,31241,436.0
25,31271,436.0
25,31287,436.0
25,31315,436.0
25,31317,436.0
25,31347,436.0
25,31361,436.0
25,31387,436.0
25,31401,436.0
25,31427,436.0
25,31453,453.0
25,31467,453.0
25,31495,453.0
25,31497,453.0
25,31511,453.0
25,31539,453.0
25,31565,456.0
25,31567,456.0
25,31569,456.0
25,31583,463.0
25,31597,463.0
25,31625,463.0
25,31653,463.0
25,31655,463.0
25,31669,463.0
25,31671,463.0
25,31697,463.0
25,31699,463.0
25,31713,463.0
25,31739,463.0
25,31767,463.0
25,31783,463.0
25,31811,463.0
25,31827,463.0
25,31859,463.0
25,31873,463.0
25,31899,463.0
25,31901,463.0
25,31929,463.0
25,31959,479.0
25,31985,479.0
25,31999,479.0
25,32015,479.0
25,32031,479.0
25,32057,479.0
25,32059,479.0
25,32061,479.0
25,32087,479.0
25,32113,479.0
25,32127,479.0
25,32157,479.0
25,32171,479.0
25,32185,479.0
25,32199,479.0
25,32229,479.0
25,32245,479.0
25,32275,479.0
25,32289,479.0
25,32315,479.0
25,32329,479.0
25,32343,479.0
25,32359,479.0
25,32361,479.0
25,32375,479.0
25,32391,479.0
25,32405,479.0
25,32421,479.0
25,32439,479.0
25,32453,479.0
25,32479,479.0
25,32495,479.0
25,32525,479.0
25,32527,479.0
25,32555,479.0
25,32571,479.0
25,32585,479.0
25,32599,479.0
25,32613,479.0
25,32643,479.0
25,32671,479.0
25,32687,479.0
25,32713,479.0
25,32745,479.0
25,32759,479.0
25,32775,479.0
25,32777,479.0
25,32797,479.0
25,32811,486.0
25,32837,486.0
25,32865,486.0
25,32879,486.0
25,32893,504.0
25,32907,504.0
25,32935,504.0
25,32957,504.0
25,32983,504.0
25,32997,504.0
25,32999,504.0
25,33027,504.0
25,33043,504.0
25,33057,504.0
25,33087,504.0
25,33089,504.0
25,33115,504.0
25,33129,504.0
25,33157,504.0
25,33159,504.0
25,33173,504.0
25,33191,504.0
25,33217,521.0
25,33243,521.0
25,33257,521.0
25,33283,521.0
25,33297,521.0
25,33299,521.0
25,33301,521.0
25,33315,521.0
25,33329,521.0
25,33359,521.0
25,33389,521.0
25,33391,521.0
25,33393,521.0
25,33411,521.0
25,33413,521.0
25,33427,521.0
25,33429,521.0
25,33447,521.0
25,33485,521.0
25,33499,521.0
25,33501,521.0
25,33517,521.0
25,33545,521.0
25,33571,521.0
25,33597,521.0
25,33623,521.0
25,33643,521.0
25,33671,521.0
25,33701,521.0
25,33715,521.0
25,33729,521.0
25,33731,521.0
25,33733,521.0
25,33749,521.0
25,33775,521.0
25,33791,521.0
25,33793,521.0
25,33809,521.0
25,33827,521.0
25,33855,521.0
25,33883,521.0
25,33911,521.0
25,33937,521.0
25,33951,521.0
25,33967,521.0
25,33981,521.0
25,34011,521.0
25,34039,521.0
25,34041,521.0
25,34067,521.0
25,34099,521.0
25,34127,521.0
25,34143,521.0
25,34171,521.0
25,34185,521.0
25,34199,521.0
25,34225,521.0
25,34243,521.0
25,34263,521.0
25,34277,521.0
25,34295,521.0
25,34309,521.0
25,34311,521.0
25,34337,521.0
25,34357,521.0
25,34371,521.0
25,34385,521.0
25,34401,521.0
25,34415,521.0
25,34429,521.0
25,34455,521.0
25,34469,521.0
25,34483,521.0
25,34501,521.0
25,34529,521.0
25,34545,521.0
25,34559,521.0
25,34561,521.0
25,34587,521.0
25,34601,521.0
25,34627,521.0
25,34653,521.0
25,34671,521.0
25,34687,521.0
25,34715,521.0
25,34741,521.0
25,34755,521.0
25,34783,521.0
25,34797,521.0
25,34811,521.0
25,34839,521.0
25,34853,521.0
25,34881,521.0
25,34909,521.0
25,34923,521.0
25,34937,521.0
25,34951,521.0
25,34977,521.0
25,35011,521.0
25,35027,521.0
25,35043,521.0
25,35057,521.0
25,35085,521.0
25,35111,521.0
25,35127,521.0
25,35155,521.0
25,35185,521.0
25,35187,521.0
25,35215,521.0
25,35233,521.0
25,35265,521.0
25,35291,521.0
25,35305,521.0
25,35307,521.0
25,35323,521.0
25,35339,521.0
25,35367,521.0
25,35381,521.0
25,35411,521.0
25,35425,521.0
25,35439,521.0
25,35441,521.0
25,35443,521.0
25,35457,521.0
25,35473,521.0
25,35499,521.0
25,35517,521.0
25,35519,521.0
25,35521,521.0
25,35523,521.0
25,35537,521.0
25,35563,521.0
25,35565,521.0
25,35599,521.0
25,35613,521.0
25,35641,521.0
25,35655,521.0
25,35669,521.0
25,35697,521.0
25,35725,521.0
25,35741,521.0
25,35743,521.0
25,35761,521.0
25,35777,521.0
25,35797,521.0
25,35825,521.0
25,35839,521.0
25,35855,521.0
25,35869,521.0
25,35897,521.0
25,35925,521.0
25,35953,521.0
25,35979,521.0
25,35993,521.0
25,36019,521.0
25,36049,521.0
25,36079,521.0
25,36111,521.0
25,36125,521.0
25,36153,521.0
25,36183,521.0
25,36197,521.0
25,36199,521.0
25,36225,527.0
25,36239,527.0
25,36269,527.0
25,36283,527.0
25,36309,527.0
25,36311,527.0
25,36325,527.0
25,36341,527.0
25,36361,527.0
25,36377,527.0
25,36393,527.0
25,36409,527.0
25,36435,527.0
25,36437,527.0
25,36453,527.0
25,36485,527.0
25,36499,527.0
25,36515,527.0
25,36529,527.0
25,36555,527.0
25,36581,527.0
25,36595,527.0
25,36621,527.0
25,36635,527.0
25,36637,527.0
25,36651,527.0
25,36677,527.0
25,36705,527.0
25,36719,527.0
25,36735,527.0
25,36749,527.0
25,36775,527.0
25,36801,527.0
25,36829,527.0
25,36831,527.0
25,36857,527.0
25,36885,527.0
25,36915,527.0
25,36943,527.0
25,36971,527.0
25,36985,527.0
25,36999,527.0
25,37029,527.0
25,37057,527.0
25,37085,527.0
25,37101,527.0
25,37115,527.0
25,37129,527.0
25,37143,527.0
25,37157,527.0
25,37189,527.0
25,37203,527.0
25,37229,527.0
25,37257,527.0
25,37275,527.0
25,37301,527.0
25,37317,527.0
25,37343,527.0
25,37357,527.0
25,37359,527.0
25,37391,527.0
25,37393,527.0
25,37407,527.0
25,37409,527.0
25,37423,527.0
25,37439,527.0
25,37453,527.0
25,37467,527.0
25,37469,527.0
25,37483,527.0
25,37485,527.0
25,37499,527.0
25,37529,527.0
25,37543,527.0
25,37559,527.0
25,37587,527.0
25,37615,527.0
25,37617,527.0
25,37643,527.0
25,37659,527.0
25,37675,527.0
25,37677,527.0
25,37679,527.0
25,37705,527.0
25,37735,527.0
25,37737,527.0
25,37767,527.0
25,37783,527.0
25,37797,527.0
25,37813,527.0
25,37827,527.0
25,37841,527.0
25,37843,527.0
25,37875,527.0
25,37901,527.0
25,37929,527.0
25,37957,527.0
25,37973,527.0
25,37999,527.0
25,38033,527.0
25,38047,527.0
25,38061,527.0
25,38087,529.0
25,38113,529.0
25,38115,529.0
25,38117,529.0
25,38133,529.0
25,38159,529.0
25,38185,529.0
25,38187,529.0
25,38201,529.0
25,38229,529.0
25,38243,529.0
25,38273,529.0
25,38301,529.0
25,38315,529.0
25,38331,529.0
25,38345,529.0
25,38359,529.0
25,38389,529.0
25,38419,529.0
25,38455,529.0
25,38469,529.0
25,38483,529.0
25,38509,529.0
25,38543,529.0
25,38573,529.0
25,38603,529.0
25,38621,529.0
25,38637,529.0
25,38639,529.0
25,38641,529.0
25,38643,529.0
25,38671,529.0
25,38699,529.0
25,38725,529.0
25,38739,529.0
25,38757,529.0
25,38787,529.0
25,38801,529.0
25,38815,529.0
25,38831,529.0
25,38833,529.0
25,38847,529.0
25,38873,529.0
25,38899,529.0
25,38915,529.0
25,38943,529.0
25,38957,529.0
25,38987,529.0
25,39007,529.0
25,39039,529.0
25,39055,529.0
25,39081,529.0
25,39107,529.0
25,39125,529.0
25,39155,529.0
25,39169,530.0
25,39183,530.0
25,39199,530.0
26,29146,384.0
26,29172,431.0
26,29190,431.0
26,29819,431.0
26,29853,431.0
26,29869,431.0
26,29895,431.0
26,29909,431.0
26,29925,431.0
26,29943,431.0
26,29975,431.0
26,29993,431.0
26,30031,431.0
26,30057,431.0
26,30073,431.0
26,30087,431.0
26,30113,431.0
26,30139,442.0
26,30153,442.0
26,30181,442.0
26,30213,442.0
26,30239,442.0
26,30265,442.0
26,30291,468.0
26,30317,468.0
26,30331,468.0
26,30345,468.0
26,30359,468.0
26,30373,468.0
26,30387,468.0
26,30403,468.0
26,30435,468.0
26,30449,468.0
26,30469,468.0
26,30495,468.0
26,30509,468.0
26,30537,468.0
26,30563,468.0
26,30577,468.0
26,30593,468.0
26,30609,468.0
26,30637,468.0
26,30667,468.0
26,30681,468.0
26,30709,468.0
26,30741,468.0
26,30743,468.0
26,30757,468.0
26,30783,468.0
26,30803,468.0
26,30817,468.0
26,30835,468.0
26,30863,468.0
26,30879,468.0
26,30893,468.0
26,30923,468.0
26,30925,468.0
26,30955,468.0
26,30973,468.0
26,31003,468.0
26,31019,468.0
26,31033,468.0
26,31059,468.0
26,31073,468.0
26,31087,468.0
26,31101,468.0
26,31131,468.0
26,31147,468.0
26,31161,468.0
26,31191,468.0
26,31219,468.0
26,31221,468.0
26,31251,468.0
26,31279,468.0
26,31311,468.0
26,31327,468.0
26,31355,468.0
26,31371,468.0
26,31399,468.0
26,31413,468.0
26,31439,468.0
26,31467,468.0
26,31481,468.0
26,31495,468.0
26,31509,468.0
26,31523,468.0
26,31525,468.0
26,31527,468.0
26,31541,468.0
26,31555,468.0
26,31557,468.0
26,31573,468.0
26,31603,468.0
26,31617,468.0
26,31649,468.0
26,31651,468.0
26,31683,468.0
26,31697,494.0
26,31713,494.0
26,31739,494.0
26,31753,494.0
26,31781,494.0
26,31807,494.0
26,31837,494.0
26,31857,494.0
26,31859,494.0
26,31873,494.0
26,31887,494.0
26,31889,494.0
26,31903,494.0
26,31919,494.0
26,31949,494.0
26,31963,494.0
26,31991,494.0
26,32007,494.0
26,32021,494.0
26,32049,494.0
26,32051,494.0
26,32069,494.0
26,32085,494.0
26,32113,494.0
26,32131,494.0
26,32157,494.0
26,32159,494.0
26,32161,494.0
26,32189,494.0
26,32205,494.0
26,32207,494.0
26,32209,494.0
26,32225,494.0
26,32253,494.0
26,32285,494.0
26,32317,494.0
26,32331,494.0
26,32345,494.0
26,32359,494.0
26,32385,494.0
26,32387,494.0
26,32401,494.0
26,32427,494.0
26,32457,494.0
26,32473,494.0
26,32487,494.0
26,32501,494.0
26,32527,494.0
26,32543,494.0
26,32571,494.0
26,32585,494.0
26,32599,494.0
26,32613,494.0
26,32627,494.0
26,32655,494.0
26,32685,494.0
26,32699,494.0
26,32713,494.0
26,32741,494.0
26,32767,494.0
26,32769,494.0
26,32783,494.0
26,32811,494.0
26,32825,494.0
26,32851,494.0
26,32865,494.0
26,32891,494.0
26,32893,494.0
26,32907,494.0
26,32909,494.0
26,32923,494.0
26,32953,494.0
26,32967,494.0
26,32983,494.0
26,33009,494.0
26,33037,494.0
26,33051,494.0
26,33053,494.0
26,33071,494.0
26,33101,494.0
26,33117,494.0
26,33145,494.0
26,33177,494.0
26,33203,494.0
26,33229,494.0
26,33255,494.0
26,33269,494.0
26,33297,494.0
26,33299,494.0
26,33315,494.0
26,33331,494.0
26,33359,494.0
26,33377,494.0
26,33405,494.0
26,33431,494.0
26,33447,494.0
26,33475,494.0
26,33501,494.0
26,33527,494.0
26,33541,494.0
26,33543,494.0
26,33559,494.0
26,33561,494.0
26,33579,494.0
26,33595,494.0
26,33623,494.0
26,33639,494.0
26,33653,494.0
26,33683,494.0
26,33709,494.0
26,33735,494.0
26,33763,494.0
26,33793,494.0
26,33795,494.0
26,33825,494.0
26,33839,494.0
26,33865,494.0
26,33893,494.0
26,33919,494.0
26,33949,494.0
26,33975,494.0
26,33989,494.0
26,34005,494.0
26,34039,494.0
26,34041,494.0
26,34055,494.0
26,34081,494.0
26,34109,494.0
26,34125,494.0
26,34139,494.0
26,34153,494.0
26,34183,494.0
26,34197,494.0
26,34199,494.0
26,34215,494.0
26,34243,494.0
26,34245,494.0
26,34273,494.0
26,34287,494.0
26,34289,494.0
26,34315,498.0
26,34329,498.0
26,34355,498.0
26,34369,506.0
26,34383,506.0
26,34397,506.0
26,34425,506.0
26,34439,508.0
26,34465,508.0
26,34481,508.0
26,34483,508.0
26,34513,508.0
26,34543,508.0
26,34557,508.0
26,34583,508.0
26,34601,508.0
26,34603,508.0
26,34635,508.0
26,34663,508.0
26,34677,508.0
26,34679,508.0
26,34695,508.0
26,34709,508.0
26,34723,508.0
26,34737,508.0
26,34751,508.0
26,34767,508.0
26,34801,508.0
26,34829,508.0
26,34843,508.0
26,34857,508.0
26,34889,508.0
26,34891,508.0
26,34907,508.0
26,34923,508.0
26,34949,508.0
26,34951,508.0
26,34981,508.0
26,35015,508.0
26,35047,508.0
26,35049,508.0
26,35063,508.0
26,35077,508.0
26,35091,508.0
26,35093,508.0
26,35119,508.0
26,35149,508.0
26,35165,508.0
26,35193,508.0
26,35223,508.0
26,35253,508.0
26,35269,508.0
26,35295,508.0
26,35325,508.0
26,35351,508.0
26,35365,508.0
26,35381,508.0
26,35395,508.0
26,35423,508.0
26,35437,508.0
26,35453,508.0
26,35455,508.0
26,35471,508.0
26,35499,508.0
26,35501,508.0
26,35515,508.0
26,35529,508.0
26,35557,508.0
26,35585,516.0
26,35599,516.0
26,35627,516.0
26,35657,516.0
26,35689,516.0
26,35717,516.0
26,35745,516.0
26,35759,516.0
26,35787,516.0
26,35805,516.0
26,35819,516.0
26,35833,516.0
26,35851,516.0
26,35877,516.0
26,35891,516.0
26,35905,516.0
26,35919,516.0
26,35949,516.0
26,35975,516.0
26,36007,516.0
26,36021,516.0
26,36053,516.0
26,36069,516.0
26,36085,516.0
26,36099,516.0
26,36127,516.0
26,36157,516.0
26,36183,516.0
26,36211,516.0
26,36213,516.0
26,36229,516.0
26,36263,516.0
26,36277,520.0
26,36295,520.0
26,36327,520.0
26,36341,520.0
26,36343,520.0
26,36359,520.0
26,36395,520.0
26,36423,520.0
26,36437,520.0
26,36451,520.0
26,36465,520.0
26,36479,520.0
26,36493,520.0
26,36519,520.0
26,36555,520.0
26,36581,520.0
26,36597,520.0
26,36599,520.0
26,36625,520.0
26,36645,520.0
26,36663,520.0
26,36691,520.0
26,36705,520.0
26,36707,520.0
26,36723,520.0
26,36753,520.0
26,36779,520.0
26,36809,520.0
26,36827,520.0
26,36841,520.0
26,36871,520.0
26,36901,520.0
26,36903,520.0
26,36917,520.0
26,36931,520.0
26,36945,520.0
26,36959,520.0
26,36973,520.0
26,36999,526.0
26,37015,526.0
26,37029,526.0
26,37031,526.0
26,37057,526.0
26,37075,526.0
26,37077,526.0
26,37079,526.0
26,37093,526.0
26,37125,526.0
26,37153,526.0
26,37181,526.0
26,37197,526.0
26,37227,526.0
26,37257,526.0
26,37271,526.0
26,37285,526.0
26,37315,526.0
26,37343,526.0
26,37359,526.0
26,37373,526.0
26,37401,526.0
26,37431,526.0
26,37433,526.0
26,37459,526.0
26,37487,526.0
26,37503,526.0
26,37519,526.0
26,37535,526.0
26,37551,526.0
26,37567,526.0
26,37595,526.0
26,37621,526.0
26,37637,526.0
26,37651,526.0
26,37677,526.0
26,37705,526.0
26,37733,526.0
26,37761,526.0
26,37789,526.0
26,37819,526.0
26,37833,526.0
26,37835,526.0
26,37867,526.0
26,37881,526.0
26,37883,526.0
26,37909,526.0
26,37923,526.0
26,37925,526.0
26,37939,526.0
26,37969,526.0
26,37971,526.0
26,37987,526.0
26,38001,526.0
26,38027,526.0
26,38055,526.0
26,38083,526.0
26,38085,526.0
26,38087,526.0
26,38119,526.0
26,38145,526.0
26,38159,526.0
26,38185,526.0
26,38211,526.0
26,38227,526.0
26,38241,526.0
26,38271,526.0
26,38301,526.0
26,38317,526.0
26,38331,526.0
26,38333,526.0
26,38335,526.0
26,38349,526.0
26,38377,526.0
26,38393,526.0
26,38407,526.0
26,38421,526.0
26,38453,526.0
26,38469,526.0
26,38471,526.0
26,38487,526.0
26,38503,526.0
26,38517,526.0
26,38545,526.0
26,38571,526.0
26,38573,526.0
26,38599,526.0
26,38613,526.0
26,38615,526.0
26,38629,526.0
26,38647,526.0
26,38675,526.0
26,38689,527.0
26,38715,527.0
26,38733,527.0
26,38747,527.0
26,38765,527.0
26,38791,527.0
26,38817,527.0
26,38819,527.0
26,38833,527.0
26,38861,527.0
26,38875,527.0
26,38903,527.0
26,38905,527.0
26,38933,527.0
26,38947,527.0
26,38977,527.0
26,39005,527.0
26,39019,527.0
26,39033,527.0
26,39063,527.0
26,39065,527.0
26,39079,527.0
26,39107,527.0
26,39121,527.0
27,29576,389.0
27,29590,389.0
27,30203,389.0
27,30217,389.0
27,30219,389.0
27,30245,389.0
27,30261,389.0
27,30289,389.0
27,30303,392.0
27,30319,392.0
27,30345,422.0
27,30359,422.0
27,30375,422.0
27,30391,422.0
27,30409,422.0
27,30411,422.0
27,30427,422.0
27,30441,422.0
27,30469,422.0
27,30471,422.0
27,30497,422.0
27,30511,422.0
27,30513,422.0
27,30529,422.0
27,30557,422.0
27,30585,422.0
27,30587,422.0
27,30615,422.0
27,30653,422.0
27,30655,422.0
27,30681,431.0
27,30695,431.0
27,30711,431.0
27,30737,431.0
27,30765,431.0
27,30767,431.0
27,30783,431.0
27,30811,431.0
27,30841,431.0
27,30843,431.0
27,30857,431.0
27,30889,431.0
27,30905,431.0
27,30919,431.0
27,30935,431.0
27,30951,431.0
27,30965,431.0
27,30981,431.0
27,30995,441.0
27,31021,441.0
27,31023,441.0
27,31025,441.0
27,31045,441.0
27,31063,441.0
27,31079,441.0
27,31095,441.0
27,31125,441.0
27,31141,441.0
27,31157,441.0
27,31159,441.0
27,31189,441.0
27,31203,441.0
27,31217,441.0
27,31231,441.0
27,31233,441.0
27,31251,441.0
27,31279,441.0
27,31295,441.0
27,31321,441.0
27,31323,441.0
27,31349,441.0
27,31363,441.0
27,31379,441.0
27,31407,441.0
27,31435,441.0
27,31453,441.0
27,31479,441.0
27,31495,441.0
27,31511,441.0
27,31529,441.0
27,31543,441.0
27,31569,441.0
27,31597,441.0
27,31599,441.0
27,31613,441.0
27,31627,441.0
27,31641,441.0
27,31655,441.0
27,31657,441.0
27,31671,441.0
27,31697,448.0
27,31699,448.0
27,31713,448.0
27,31727,448.0
27,31729,448.0
27,31755,460.0
27,31787,460.0
27,31801,460.0
27,31815,460.0
27,31841,466.0
27,31867,466.0
27,31881,475.0
27,31883,475.0
27,31897,475.0
27,31925,475.0
27,31951,475.0
27,31977,475.0
27,31991,475.0
27,31993,475.0
27,32009,475.0
27,32037,475.0
27,32051,475.0
27,32079,475.0
27,32093,480.0
27,32109,480.0
27,32137,480.0
27,32163,480.0
27,32193,480.0
27,32223,480.0
27,32251,480.0
27,32267,480.0
27,32295,480.0
27,32321,480.0
27,32337,480.0
27,32351,480.0
27,32353,480.0
27,32369,480.0
27,32383,480.0
27,32397,480.0
27,32411,480.0
27,32429,480.0
27,32445,480.0
27,32473,480.0
27,32487,480.0
27,32501,480.0
27,32529,480.0
27,32543,480.0
27,32571,480.0
27,32573,480.0
27,32599,480.0
27,32627,480.0
27,32659,480.0
27,32673,480.0
27,32687,480.0
27,32713,485.0
27,32731,485.0
27,32745,485.0
27,32763,485.0
27,32795,485.0
27,32797,485.0
27,32825,485.0
27,32839,485.0
27,32853,485.0
27,32881,485.0
27,32911,485.0
27,32925,485.0
27,32955,485.0
27,32969,485.0
27,32995,485.0
27,33011,485.0
27,33013,485.0
27,33043,485.0
27,33057,485.0
27,33075,485.0
27,33077,485.0
27,33079,485.0
27,33081,485.0
27,33083,485.0
27,33101,485.0
27,33115,485.0
27,33129,485.0
27,33143,485.0
27,33145,485.0
27,33161,485.0
27,33187,485.0
27,33205,485.0
27,33231,485.0
27,33251,485.0
27,33267,485.0
27,33281,485.0
27,33297,485.0
27,33325,485.0
27,33341,485.0
27,33355,485.0
27,33385,485.0
27,33399,485.0
27,33415,485.0
27,33431,485.0
27,33469,485.0
27,33497,485.0
27,33527,485.0
27,33529,485.0
27,33531,485.0
27,33545,485.0
27,33561,485.0
27,33577,485.0
27,33607,485.0
27,33623,485.0
27,33637,485.0
27,33651,485.0
27,33665,485.0
27,33693,485.0
27,33707,485.0
27,33733,495.0
27,33759,495.0
27,33787,495.0
27,33801,495.0
27,33815,495.0
27,33843,495.0
27,33857,495.0
27,33871,495.0
27,33885,495.0
27,33911,495.0
27,33927,495.0
27,33941,495.0
27,33967,495.0
27,33981,495.0
27,34007,495.0
27,34039,495.0
27,34075,495.0
27,34103,495.0
27,34131,495.0
27,34145,495.0
27,34159,495.0
27,34189,495.0
27,34203,497.0
27,34217,497.0
27,34219,497.0
27,34233,497.0
27,34259,497.0
27,34275,497.0
27,34289,497.0
27,34321,497.0
27,34335,500.0
27,34353,500.0
27,34371,500.0
27,34385,500.0
27,34399,500.0
27,34417,500.0
27,34431,500.0
27,34463,500.0
27,34493,500.0
27,34521,500.0
27,34547,500.0
27,34561,500.0
27,34591,500.0
27,34617,513.0
27,34645,513.0
27,34661,513.0
27,34675,513.0
27,34703,513.0
27,34717,513.0
27,34747,513.0
27,34775,513.0
27,34805,513.0
27,34807,513.0
27,34835,513.0
27,34853,513.0
27,34879,513.0
27,34895,513.0
27,34923,513.0
27,34955,513.0
27,34969,513.0
27,34987,513.0
27,35015,513.0
27,35031,513.0
27,35059,513.0
27,35073,513.0
27,35099,513.0
27,35115,513.0
27,35117,513.0
27,35119,513.0
27,35145,513.0
27,35159,513.0
27,35175,513.0
27,35203,513.0
27,35205,513.0
27,35221,513.0
27,35247,513.0
27,35275,513.0
27,35289,513.0
27,35307,513.0
27,35335,513.0
27,35363,513.0
27,35397,513.0
27,35413,513.0
27,35439,513.0
27,35453,513.0
27,35455,513.0
27,35481,513.0
27,35483,513.0
27,35511,513.0
27,35525,513.0
27,35551,513.0
27,35565,513.0
27,35567,513.0
27,35597,513.0
27,35599,513.0
27,35613,513.0
27,35627,513.0
27,35655,513.0
27,35671,513.0
27,35701,513.0
27,35729,513.0
27,35743,515.0
27,35757,515.0
27,35789,515.0
27,35803,515.0
27,35833,515.0
27,35847,515.0
27,35861,515.0
27,35881,515.0
27,35895,515.0
27,35897,515.0
27,35911,515.0
27,35939,515.0
27,35953,515.0
27,35967,515.0
27,35997,515.0
27,36025,515.0
27,36053,515.0
27,36055,515.0
27,36069,515.0
27,36103,515.0
27,36105,515.0
27,36107,515.0
27,36125,515.0
27,36127,515.0
27,36155,515.0
27,36171,515.0
27,36173,515.0
27,36205,515.0
27,36219,515.0
27,36247,515.0
27,36249,515.0
27,36251,515.0
27,36253,515.0
27,36281,515.0
27,36307,515.0
27,36321,515.0
27,36339,515.0
27,36371,515.0
27,36387,515.0
27,36417,515.0
27,36433,515.0
27,36447,515.0
27,36465,515.0
27,36483,515.0
27,36513,515.0
27,36527,515.0
27,36555,515.0
27,36573,515.0
27,36587,515.0
27,36601,521.0
27,36615,521.0
27,36645,533.0
27,36661,533.0
27,36689,533.0
27,36691,533.0
27,36705,533.0
27,36707,533.0
27,36735,533.0
27,36737,533.0
27,36763,533.0
27,36789,533.0
27,36791,533.0
27,36793,533.0
27,36809,533.0
27,36823,533.0
27,36839,533.0
27,36857,533.0
27,36875,533.0
27,36891,533.0
27,36905,533.0
27,36921,533.0
27,36949,533.0
27,36967,533.0
27,36981,533.0
27,36983,533.0
27,36985,533.0
27,37001,533.0
27,37015,533.0
27,37029,533.0
27,37031,533.0
27,37057,533.0
27,37059,533.0
27,37061,533.0
27,37089,533.0
27,37117,533.0
27,37145,533.0
27,37175,533.0
27,37201,533.0
27,37215,533.0
27,37241,533.0
27,37255,533.0
27,37269,533.0
27,37283,533.0
27,37297,533.0
27,37313,533.0
27,37329,533.0
27,37343,533.0
27,37373,533.0
27,37403,533.0
27,37405,533.0
27,37435,533.0
27,37461,533.0
27,37477,533.0
27,37493,533.0
27,37521,533.0
27,37551,533.0
27,37553,533.0
27,37569,533.0
27,37599,533.0
27,37619,533.0
27,37645,533.0
27,37671,533.0
27,37697,533.0
27,37713,533.0
27,37739,533.0
27,37757,533.0
27,37771,533.0
27,37787,533.0
27,37807,533.0
27,37833,533.0
27,37847,533.0
27,37849,533.0
27,37881,533.0
27,37895,533.0
27,37909,533.0
27,37937,533.0
27,37939,533.0
27,37959,533.0
27,37989,533.0
27,38003,533.0
27,38017,533.0
27,38047,533.0
27,38075,533.0
27,38101,533.0
27,38115,533.0
27,38141,533.0
27,38157,533.0
27,38175,533.0
27,38191,533.0
27,38193,533.0
27,38221,533.0
27,38247,533.0
27,38249,533.0
27,38263,533.0
27,38281,533.0
27,38295,533.0
27,38323,533.0
27,38349,533.0
27,38363,533.0
27,38393,533.0
27,38419,533.0
27,38421,533.0
27,38439,533.0
27,38455,533.0
27,38481,533.0
27,38509,533.0
27,38537,533.0
27,38563,533.0
27,38577,533.0
27,38579,533.0
27,38605,533.0
27,38631,533.0
27,38647,533.0
27,38673,533.0
27,38701,533.0
27,38735,533.0
27,38751,533.0
27,38753,533.0
27,38779,533.0
27,38805,533.0
27,38831,533.0
27,38857,533.0
27,38873,533.0
27,38887,533.0
27,38889,533.0
27,38891,533.0
27,38905,533.0
27,38919,533.0
27,38947,533.0
27,38961,533.0
27,38975,533.0
27,39003,533.0
27,39033,533.0
27,39035,533.0
27,39063,533.0
27,39081,533.0
27,39109,533.0
27,39135,533.0
27,39161,533.0
27,39163,533.0
27,39191,533.0
27,39207,533.0
27,39221,533.0
27,39237,533.0
27,39265,533.0
27,39267,533.0
27,39283,533.0
27,39313,533.0
27,39315,533.0
27,39317,533.0
27,39335,533.0
27,39351,533.0
27,39379,533.0
27,39409,533.0
27,39411,533.0
27,39413,533.0
27,39447,533.0
27,39475,533.0
27,39503,533.0
27,39517,533.0
27,39531,533.0
27,39545,533.0
28,29338,402.0
28,29965,446.0
28,29991,446.0
28,30017,460.0
28,30031,460.0
28,30057,460.0
28,30083,460.0
28,30099,460.0
28,30125,460.0
28,30139,460.0
28,30155,460.0
28,30171,460.0
28,30173,460.0
28,30201,460.0
28,30227,460.0
28,30257,460.0
28,30275,460.0
28,30301,460.0
28,30303,460.0
28,30329,460.0
28,30343,460.0
28,30357,460.0
28,30383,460.0
28,30409,460.0
28,30427,460.0
28,30429,460.0
28,30443,460.0
28,30469,460.0
28,30489,460.0
28,30503,460.0
28,30529,460.0
28,30559,460.0
28,30575,460.0
28,30603,460.0
28,30619,460.0
28,30649,460.0
28,30663,460.0
28,30693,460.0
28,30709,460.0
28,30723,460.0
28,30749,460.0
28,30777,460.0
28,30791,460.0
28,30819,483.0
28,30833,483.0
28,30835,483.0
28,30861,483.0
28,30887,483.0
28,30889,483.0
28,30903,483.0
28,30931,483.0
28,30949,483.0
28,30963,483.0
28,30979,483.0
28,31005,483.0
28,31033,483.0
28,31059,483.0
28,31077,483.0
28,31091,483.0
28,31105,483.0
28,31121,483.0
28,31123,483.0
28,31149,483.0
28,31151,483.0
28,31153,483.0
28,31167,483.0
28,31195,483.0
28,31209,501.0
28,31235,501.0
28,31249,501.0
28,31279,501.0
28,31305,501.0
28,31321,501.0
28,31335,501.0
28,31349,501.0
28,31383,501.0
28,31399,501.0
28,31413,501.0
28,31427,501.0
28,31445,501.0
28,31461,501.0
28,31489,501.0
28,31515,501.0
28,31545,501.0
28,31559,501.0
28,31585,501.0
28,31587,501.0
28,31605,501.0
28,31623,501.0
28,31659,501.0
28,31675,501.0
28,31703,501.0
28,31729,501.0
28,31731,501.0
28,31763,501.0
28,31765,501.0
28,31767,501.0
28,31781,501.0
28,31809,501.0
28,31835,501.0
28,31863,501.0
28,31879,501.0
28,31897,501.0
28,31899,501.0
28,31925,501.0
28,31941,501.0
28,31971,501.0
28,31997,501.0
28,32011,501.0
28,32013,501.0
28,32039,501.0
28,32065,501.0
28,32079,501.0
28,32107,501.0
28,32123,501.0
28,32139,501.0
28,32155,501.0
28,32169,501.0
28,32183,501.0
28,32197,501.0
28,32213,501.0
28,32229,501.0
28,32243,501.0
28,32261,501.0
28,32263,501.0
28,32291,501.0
28,32317,501.0
28,32345,501.0
28,32359,501.0
28,32373,501.0
28,32375,501.0
28,32389,501.0
28,32419,501.0
28,32447,501.0
28,32473,501.0
28,32487,501.0
28,32501,501.0
28,32537,501.0
28,32563,501.0
28,32577,501.0
28,32579,501.0
28,32593,501.0
28,32619,501.0
28,32635,501.0
28,32649,501.0
28,32663,501.0
28,32665,501.0
28,32667,501.0
28,32681,501.0
28,32683,501.0
28,32711,501.0
28,32725,501.0
28,32753,501.0
28,32767,501.0
28,32797,501.0
28,32823,501.0
28,32837,501.0
28,32865,501.0
28,32879,501.0
28,32893,501.0
28,32907,501.0
28,32935,501.0
28,32937,501.0
28,32951,501.0
28,32953,501.0
28,32985,501.0
28,33001,501.0
28,33017,501.0
28,33043,501.0
28,33069,501.0
28,33083,501.0
28,33097,501.0
28,33123,501.0
28,33149,509.0
28,33163,509.0
28,33191,509.0
28,33205,509.0
28,33237,509.0
28,33251,509.0
28,33279,509.0
28,33299,509.0
28,33313,509.0
28,33343,509.0
28,33379,509.0
28,33395,509.0
28,33409,509.0
28,33435,509.0
28,33469,509.0
28,33495,511.0
28,33509,511.0
28,33525,511.0
28,33539,511.0
28,33557,511.0
28,33571,511.0
28,33599,511.0
28,33625,511.0
28,33651,511.0
28,33677,511.0
28,33691,511.0
28,33719,511.0
28,33747,511.0
28,33773,511.0
28,33805,511.0
28,33819,511.0
28,33835,511.0
28,33861,511.0
28,33875,511.0
28,33877,511.0
28,33891,511.0
28,33905,511.0
28,33919,511.0
28,33933,511.0
28,33963,511.0
28,33991,511.0
28,34017,511.0
28,34019,511.0
28,34033,511.0
28,34059,511.0
28,34085,511.0
28,34099,511.0
28,34127,511.0
28,34153,511.0
28,34155,511.0
28,34169,511.0
28,34197,511.0
28,34213,511.0
28,34239,511.0
28,34253,511.0
28,34279,511.0
28,34307,511.0
28,34323,511.0
28,34325,511.0
28,34339,511.0
28,34341,511.0
28,34371,511.0
28,34397,511.0
28,34423,511.0
28,34437,511.0
28,34455,511.0
28,34469,511.0
28,34497,511.0
28,34515,511.0
28,34545,511.0
28,34571,511.0
28,34599,511.0
28,34601,511.0
28,34627,511.0
28,34641,511.0
28,34673,511.0
28,34699,511.0
28,34701,511.0
28,34729,511.0
28,34731,511.0
28,34759,511.0
28,34773,511.0
28,34775,511.0
28,34777,511.0
28,34807,511.0
28,34821,511.0
28,34837,511.0
28,34855,511.0
28,34881,511.0
28,34883,511.0
28,34899,511.0
28,34915,511.0
28,34941,511.0
28,34971,511.0
28,34985,511.0
28,34999,511.0
28,35013,511.0
28,35015,511.0
28,35043,511.0
28,35075,511.0
28,35077,511.0
28,35103,511.0
28,35129,511.0
28,35145,511.0
28,35163,511.0
28,35189,511.0
28,35205,511.0
28,35233,511.0
28,35235,511.0
28,35249,511.0
28,35279,511.0
28,35293,511.0
28,35321,511.0
28,35323,511.0
28,35337,511.0
28,35363,511.0
28,35393,511.0
28,35407,511.0
28,35435,511.0
28,35451,511.0
28,35465,511.0
28,35467,511.0
28,35493,511.0
28,35521,511.0
28,35523,511.0
28,35537,511.0
28,35565,511.0
28,35591,516.0
28,35607,516.0
28,35621,516.0
28,35635,516.0
28,35665,516.0
28,35693,516.0
28,35719,516.0
28,35751,516.0
28,35765,516.0
28,35783,516.0
28,35813,516.0
28,35841,516.0
28,35843,516.0
28,35869,516.0
28,35885,516.0
28,35899,516.0
28,35925,516.0
28,35955,516.0
28,35969,516.0
28,35983,516.0
28,36011,516.0
28,36025,516.0
28,36027,516.0
28,36041,516.0
28,36069,516.0
28,36085,516.0
28,36115,516.0
28,36131,516.0
28,36161,516.0
28,36177,516.0
28,36179,516.0
28,36209,516.0
28,36223,516.0
28,36257,516.0
28,36259,516.0
28,36261,516.0
28,36275,516.0
28,36305,516.0
28,36321,516.0
28,36347,516.0
28,36349,516.0
28,36377,516.0
28,36391,516.0
28,36419,516.0
28,36433,516.0
28,36447,516.0
28,36473,516.0
28,36475,516.0
28,36489,516.0
28,36491,516.0
28,36511,516.0
28,36525,516.0
28,36557,516.0
28,36559,516.0
28,36587,516.0
28,36605,516.0
28,36633,516.0
28,36635,516.0
28,36637,516.0
28,36639,516.0
28,36653,516.0
28,36667,516.0
28,36681,516.0
28,36709,516.0
28,36741,516.0
28,36767,516.0
28,36769,516.0
28,36771,516.0
28,36791,516.0
28,36817,516.0
28,36831,516.0
28,36857,516.0
28,36871,516.0
28,36885,516.0
28,36887,516.0
28,36889,516.0
28,36907,516.0
28,36909,516.0
28,36923,516.0
28,36955,516.0
28,36981,516.0
28,36997,516.0
28,37011,516.0
28,37027,516.0
28,37041,516.0
28,37055,516.0
28,37071,516.0
28,37101,516.0
28,37131,516.0
28,37145,530.0
28,37161,530.0
28,37175,530.0
28,37191,530.0
28,37205,530.0
28,37235,530.0
28,37237,530.0
28,37267,530.0
28,37269,530.0
28,37297,530.0
28,37325,530.0
28,37351,530.0
28,37379,530.0
28,37397,530.0
28,37411,530.0
28,37441,530.0
28,37455,530.0
28,37485,530.0
28,37511,530.0
28,37525,530.0
28,37539,530.0
28,37553,530.0
28,37569,530.0
28,37571,530.0
28,37585,530.0
28,37599,530.0
28,37601,530.0
28,37615,530.0
28,37629,530.0
28,37647,530.0
28,37661,530.0
28,37663,530.0
28,37677,530.0
28,37693,530.0
28,37711,530.0
28,37725,530.0
28,37753,530.0
28,37779,530.0
28,37807,530.0
28,37821,530.0
28,37847,530.0
28,37861,530.0
28,37879,530.0
28,37907,530.0
28,37921,530.0
28,37935,530.0
28,37937,530.0
28,37939,530.0
28,37967,530.0
28,37987,530.0
28,38017,530.0
28,38033,530.0
28,38061,530.0
28,38063,530.0
28,38081,530.0
28,38095,530.0
28,38109,530.0
28,38137,530.0
28,38163,530.0
28,38181,530.0
28,38197,530.0
28,38223,530.0
28,38249,530.0
28,38265,530.0
28,38267,530.0
28,38281,530.0
28,38283,530.0
28,38311,530.0
28,38327,530.0
28,38353,530.0
28,38369,530.0
28,38371,530.0
28,38385,530.0
28,38399,530.0
28,38401,530.0
28,38403,530.0
28,38417,530.0
28,38431,530.0
28,38445,530.0
28,38475,530.0
28,38489,530.0
28,38515,530.0
28,38545,530.0
28,38561,530.0
28,38587,530.0
28,38589,530.0
28,38615,530.0
28,38641,530.0
28,38671,530.0
28,38699,530.0
28,38715,530.0
28,38741,530.0
28,38771,530.0
28,38773,530.0
28,38789,531.0
28,38791,531.0
28,38805,531.0
28,38831,531.0
28,38847,531.0
28,38863,531.0
28,38877,531.0
28,38893,531.0
28,38921,531.0
28,38935,531.0
28,38951,531.0
28,38953,531.0
28,38973,531.0
28,38987,531.0
28,39013,531.0
28,39015,531.0
28,39035,531.0
28,39065,531.0
28,39091,531.0
28,39105,531.0
28,39119,531.0
28,39133,531.0
28,39161,531.0
28,39175,531.0
28,39189,531.0
28,39215,531.0
28,39241,531.0
28,39267,531.0
28,39281,531.0
28,39311,531.0
28,39337,531.0
29,29310,383.0
29,29338,383.0
29,29352,383.0
29,29380,403.0
29,29394,403.0
29,29422,403.0
29,29424,403.0
29,29458,403.0
29,29486,404.0
29,29514,411.0
29,29542,428.0
29,29558,428.0
29,29560,428.0
29,29562,428.0
29,29588,439.0
29,30203,439.0
29,30219,439.0
29,30245,439.0
29,30273,439.0
29,30301,439.0
29,30329,439.0
29,30331,439.0
29,30345,439.0
29,30361,439.0
29,30375,439.0
29,30391,439.0
29,30417,439.0
29,30445,439.0
29,30471,442.0
29,30485,442.0
29,30511,442.0
29,30539,442.0
29,30569,442.0
29,30583,442.0
29,30597,442.0
29,30611,442.0
29,30625,442.0
29,30627,442.0
29,30653,471.0
29,30669,471.0
29,30685,471.0
29,30711,471.0
29,30739,471.0
29,30769,471.0
29,30797,471.0
29,30817,471.0
29,30843,471.0
29,30859,471.0
29,30891,471.0
29,30893,471.0
29,30909,471.0
29,30935,471.0
29,30951,471.0
29,30965,471.0
29,30979,471.0
29,31009,471.0
29,31025,471.0
29,31051,471.0
29,31065,471.0
29,31067,471.0
29,31085,471.0
29,31117,471.0
29,31143,471.0
29,31173,471.0
29,31199,471.0
29,31213,471.0
29,31227,471.0
29,31229,471.0
29,31231,471.0
29,31249,471.0
29,31279,471.0
29,31307,471.0
29,31341,471.0
29,31355,471.0
29,31383,471.0
29,31385,471.0
29,31387,471.0
29,31413,471.0
29,31415,471.0
29,31417,471.0
29,31419,471.0
29,31447,471.0
29,31473,471.0
29,31475,471.0
29,31489,471.0
29,31517,471.0
29,31545,473.0
29,31573,473.0
29,31599,473.0
29,31601,473.0
29,31615,473.0
29,31617,473.0
29,31647,473.0
29,31675,473.0
29,31703,473.0
29,31719,473.0
29,31747,473.0
29,31775,473.0
29,31803,473.0
29,31821,473.0
29,31853,473.0
29,31867,473.0
29,31885,473.0
29,31913,473.0
29,31939,473.0
29,31953,473.0
29,31955,473.0
29,31969,473.0
29,31983,473.0
29,31999,473.0
29,32001,473.0
29,32015,473.0
29,32031,473.0
29,32045,473.0
29,32071,473.0
29,32085,473.0
29,32099,473.0
29,32113,473.0
29,32141,473.0
29,32173,473.0
29,32175,473.0
29,32189,473.0
29,32217,473.0
29,32231,473.0
29,32245,473.0
29,32271,477.0
29,32299,477.0
29,32301,477.0
29,32333,477.0
29,32361,477.0
29,32377,477.0
29,32405,477.0
29,32407,477.0
29,32421,477.0
29,32435,485.0
29,32449,485.0
29,32463,485.0
29,32495,485.0
29,32511,485.0
29,32527,485.0
29,32557,485.0
29,32583,485.0
29,32597,485.0
29,32615,485.0
29,32643,485.0
29,32659,485.0
29,32685,485.0
29,32699,485.0
29,32725,485.0
29,32739,485.0
29,32771,485.0
29,32787,485.0
29,32817,485.0
29,32819,485.0
29,32833,485.0
29,32861,485.0
29,32881,485.0
29,32895,485.0
29,32897,485.0
29,32923,491.0
29,32953,491.0
29,32971,491.0
29,32985,491.0
29,33015,491.0
29,33043,491.0
29,33059,491.0
29,33087,491.0
29,33089,491.0
29,33103,491.0
29,33133,491.0
29,33161,491.0
29,33187,491.0
29,33213,491.0
29,33215,491.0
29,33229,491.0
29,33231,491.0
29,33245,491.0
29,33259,491.0
29,33273,491.0
29,33287,491.0
29,33313,491.0
29,33329,491.0
29,33365,491.0
29,33395,491.0
29,33423,491.0
29,33437,494.0
29,33451,494.0
29,33465,494.0
29,33467,494.0
29,33493,494.0
29,33507,494.0
29,33509,494.0
29,33541,494.0
29,33557,494.0
29,33585,497.0
29,33601,497.0
29,33617,497.0
29,33619,497.0
29,33645,497.0
29,33671,497.0
29,33685,497.0
29,33699,497.0
29,33701,497.0
29,33727,497.0
29,33755,497.0
29,33773,497.0
29,33775,497.0
29,33803,497.0
29,33831,497.0
29,33845,497.0
29,33859,497.0
29,33885,497.0
29,33901,497.0
29,33935,497.0
29,33949,497.0
29,33981,497.0
29,33995,497.0
29,34009,500.0
29,34023,500.0
29,34039,500.0
29,34055,500.0
29,34081,500.0
29,34113,500.0
29,34127,500.0
29,34129,500.0
29,34155,500.0
29,34157,500.0
29,34171,500.0
29,34185,500.0
29,34201,500.0
29,34229,500.0
29,34245,500.0
29,34247,500.0
29,34249,500.0
29,34251,500.0
29,34281,500.0
29,34295,500.0
29,34297,500.0
29,34313,500.0
29,34341,500.0
29,34355,500.0
29,34387,500.0
29,34401,500.0
29,34417,500.0
29,34447,500.0
29,34465,500.0
29,34481,500.0
29,34513,500.0
29,34541,500.0
29,34571,500.0
29,34585,500.0
29,34599,500.0
29,34625,500.0
29,34639,503.0
29,34665,503.0
29,34681,503.0
29,34711,503.0
29,34737,503.0
29,34739,503.0
29,34767,503.0
29,34797,503.0
29,34811,503.0
29,34825,503.0
29,34841,503.0
29,34855,503.0
29,34857,503.0
29,34877,503.0
29,34905,503.0
29,34907,503.0
29,34923,503.0
29,34937,503.0
29,34953,503.0
29,34983,503.0
29,34999,503.0
29,35001,503.0
29,35003,503.0
29,35033,503.0
29,35061,503.0
29,35063,503.0
29,35091,506.0
29,35107,506.0
29,35109,506.0
29,35111,506.0
29,35137,506.0
29,35169,506.0
29,35183,512.0
29,35199,512.0
29,35227,512.0
29,35229,512.0
29,35257,512.0
29,35273,512.0
29,35301,512.0
29,35329,512.0
29,35357,512.0
29,35371,512.0
29,35401,518.0
29,35433,518.0
29,35463,518.0
29,35479,518.0
29,35495,518.0
29,35515,518.0
29,35529,518.0
29,35531,518.0
29,35559,518.0
29,35561,518.0
29,35563,518.0
29,35577,518.0
29,35591,518.0
29,35593,518.0
29,35619,518.0
29,35651,518.0
29,35667,518.0
29,35681,518.0
29,35683,518.0
29,35697,518.0
29,35699,518.0
29,35725,518.0
29,35743,518.0
29,35759,518.0
29,35761,518.0
29,35787,518.0
29,35821,518.0
29,35837,518.0
29,35851,518.0
29,35853,518.0
29,35881,518.0
29,35897,518.0
29,35911,518.0
29,35939,518.0
29,35955,518.0
29,35969,518.0
29,35999,518.0
29,36025,518.0
29,36039,518.0
29,36059,518.0
29,36087,518.0
29,36101,518.0
29,36115,518.0
29,36129,518.0
29,36145,518.0
29,36165,518.0
29,36167,518.0
29,36181,518.0
29,36183,518.0
29,36197,518.0
29,36225,518.0
29,36241,518.0
29,36271,518.0
29,36285,521.0
29,36301,521.0
29,36315,521.0
29,36331,521.0
29,36357,521.0
29,36371,521.0
29,36387,521.0
29,36405,521.0
29,36431,521.0
29,36457,521.0
29,36487,521.0
29,36513,521.0
29,36531,521.0
29,36557,521.0
29,36597,521.0
29,36599,521.0
29,36613,521.0
29,36641,521.0
29,36655,521.0
29,36669,521.0
29,36683,521.0
29,36685,521.0
29,36715,521.0
29,36745,521.0
29,36759,521.0
29,36789,521.0
29,36791,521.0
29,36807,521.0
29,36823,521.0
29,36839,521.0
29,36855,521.0
29,36857,521.0
29,36873,521.0
29,36903,521.0
29,36905,521.0
29,36933,521.0
29,36947,521.0
29,36963,521.0
29,36989,521.0
29,37017,521.0
29,37045,521.0
29,37073,521.0
29,37075,521.0
29,37101,521.0
29,37115,521.0
29,37147,521.0
29,37177,521.0
29,37203,521.0
29,37205,521.0
29,37233,521.0
29,37235,521.0
29,37249,521.0
29,37251,521.0
29,37265,521.0
29,37293,521.0
29,37319,521.0
29,37333,521.0
29,37335,521.0
29,37349,521.0
29,37375,521.0
29,37389,521.0
29,37421,521.0
29,37439,521.0
29,37467,521.0
29,37495,521.0
29,37509,521.0
29,37537,521.0
29,37563,521.0
29,37593,521.0
29,37617,521.0
29,37645,521.0
29,37671,521.0
29,37699,521.0
29,37715,521.0
29,37729,521.0
29,37747,521.0
29,37761,521.0
29,37775,521.0
29,37807,521.0
29,37809,521.0
29,37823,521.0
29,37825,521.0
29,37841,521.0
29,37843,521.0
29,37845,521.0
29,37871,521.0
29,37885,521.0
29,37903,521.0
29,37917,521.0
29,37931,521.0
29,37953,521.0
29,37967,521.0
29,37993,526.0
29,38025,526.0
29,38039,526.0
29,38057,526.0
29,38071,535.0
29,38073,535.0
29,38099,535.0
29,38125,535.0
29,38157,535.0
29,38189,535.0
29,38217,535.0
29,38233,535.0
29,38247,535.0
29,38263,535.0
29,38289,535.0
29,38303,535.0
29,38305,535.0
29,38331,535.0
29,38367,535.0
29,38383,535.0
29,38409,535.0
29,38425,535.0
29,38451,535.0
29,38483,535.0
29,38511,535.0
29,38527,535.0
29,38557,535.0
29,38583,535.0
29,38609,535.0
29,38611,535.0
29,38645,535.0
29,38647,535.0
29,38673,535.0
29,38675,535.0
29,38689,535.0
29,38691,535.0
29,38719,535.0
29,38733,535.0
29,38735,535.0
29,38751,535.0
29,38753,535.0
29,38771,535.0
29,38787,535.0
29,38805,535.0
29,38821,535.0
29,38839,535.0
29,38869,535.0
29,38883,535.0
29,38897,535.0
29,38927,535.0
29,38945,535.0
29,38973,535.0
29,38987,535.0
29,39015,535.0
29,39045,535.0
29,39047,535.0
29,39073,535.0
29,39089,535.0
29,39091,535.0
29,39107,535.0
29,39121,535.0
29,39151,535.0
29,39153,535.0
29,39169,535.0
29,39171,535.0
29,39199,535.0
29,39213,535.0
29,39229,535.0
29,39243,535.0
29,39245,535.0
29,39259,535.0
29,39273,535.0
29,39303,535.0
30,29132,427.0
30,29134,427.0
30,29136,427.0
30,29152,427.0
30,29180,427.0
30,29194,449.0
30,29208,449.0
30,29234,449.0
30,29250,449.0
30,29264,449.0
30,29290,449.0
30,29310,449.0
30,29324,449.0
30,29326,449.0
30,29354,449.0
30,29382,449.0
30,29408,449.0
30,29410,449.0
30,29428,449.0
30,29444,449.0
30,30037,449.0
30,30051,479.0
30,30079,479.0
30,30093,479.0
30,30107,479.0
30,30121,479.0
30,30135,479.0
30,30165,479.0
30,30191,479.0
30,30221,508.0
30,30249,508.0
30,30267,508.0
30,30293,508.0
30,30321,508.0
30,30351,508.0
30,30377,508.0
30,30403,508.0
30,30421,508.0
30,30451,508.0
30,30465,508.0
30,30493,508.0
30,30507,508.0
30,30523,508.0
30,30551,508.0
30,30567,508.0
30,30593,508.0
30,30607,508.0
30,30635,508.0
30,30665,508.0
30,30679,508.0
30,30681,508.0
30,30683,508.0
30,30709,508.0
30,30711,508.0
30,30725,508.0
30,30753,508.0
30,30767,508.0
30,30781,508.0
30,30807,508.0
30,30833,508.0
30,30861,508.0
30,30875,508.0
30,30889,508.0
30,30917,508.0
30,30943,508.0
30,30957,508.0
30,30985,508.0
30,30999,508.0
30,31001,508.0
30,31015,508.0
30,31033,508.0
30,31059,516.0
30,31087,516.0
30,31103,516.0
30,31133,516.0
30,31135,516.0
30,31149,516.0
30,31175,516.0
30,31177,516.0
30,31205,516.0
30,31219,516.0
30,31235,516.0
30,31251,516.0
30,31267,516.0
30,31283,516.0
30,31313,516.0
30,31327,516.0
30,31355,516.0
30,31369,516.0
30,31395,516.0
30,31409,516.0
30,31423,516.0
30,31449,516.0
30,31451,516.0
30,31477,516.0
30,31491,516.0
30,31505,516.0
30,31531,516.0
30,31561,516.0
30,31581,516.0
30,31597,516.0
30,31625,516.0
30,31657,516.0
30,31673,516.0
30,31689,516.0
30,31717,516.0
30,31743,516.0
30,31769,516.0
30,31797,516.0
30,31823,516.0
30,31837,516.0
30,31869,516.0
30,31895,516.0
30,31911,516.0
30,31929,516.0
30,31931,516.0
30,31947,516.0
30,31973,531.0
30,31975,531.0
30,32005,531.0
30,32019,531.0
30,32049,531.0
30,32081,531.0
30,32095,531.0
30,32097,531.0
30,32115,531.0
30,32131,531.0
30,32145,531.0
30,32161,531.0
30,32175,531.0
30,32189,531.0
30,32205,531.0
30,32233,531.0
30,32259,531.0
30,32275,531.0
30,32301,531.0
30,32327,531.0
30,32353,531.0
30,32379,531.0
30,32405,531.0
30,32419,531.0
30,32449,531.0
30,32475,531.0
30,32489,531.0
30,32491,531.0
30,32493,531.0
30,32519,531.0
30,32545,531.0
30,32561,531.0
30,32587,531.0
30,32603,531.0
30,32631,531.0
30,32659,531.0
30,32675,531.0
30,32703,531.0
30,32735,531.0
30,32751,531.0
30,32769,531.0
30,32783,531.0
30,32811,531.0
30,32827,531.0
30,32857,531.0
30,32889,531.0
30,32915,531.0
30,32945,531.0
30,32947,531.0
30,32961,531.0
30,32975,531.0
30,33003,531.0
30,33031,531.0
30,33059,531.0
30,33061,531.0
30,33079,531.0
30,33111,531.0
30,33125,531.0
30,33153,531.0
30,33181,531.0
30,33183,531.0
30,33185,531.0
30,33213,531.0
30,33227,531.0
30,33257,531.0
30,33271,531.0
30,33297,531.0
30,33299,531.0
30,33315,531.0
30,33331,531.0
30,33347,531.0
30,33363,531.0
30,33365,531.0
30,33397,531.0
30,33429,531.0
30,33431,531.0
30,33447,531.0
30,33463,531.0
30,33477,531.0
30,33491,531.0
30,33505,531.0
30,33531,531.0
30,33547,531.0
30,33563,531.0
30,33565,531.0
30,33591,531.0
30,33619,531.0
30,33633,531.0
30,33647,531.0
30,33663,531.0
30,33665,531.0
30,33679,531.0
30,33693,531.0
30,33721,531.0
30,33737,531.0
30,33753,531.0
30,33779,531.0
30,33793,531.0
30,33825,531.0
30,33855,531.0
30,33869,531.0
30,33883,531.0
30,33897,531.0
30,33913,531.0
30,33927,531.0
30,33941,531.0
30,33967,531.0
30,33983,531.0
30,34013,531.0
30,34039,531.0
30,34065,531.0
30,34081,531.0
30,34097,531.0
30,34125,531.0
30,34127,531.0
30,34141,531.0
30,34143,531.0
30,34159,531.0
30,34185,531.0
30,34213,531.0
30,34239,531.0
30,34253,531.0
30,34269,531.0
30,34271,531.0
30,34273,531.0
30,34289,531.0
30,34315,531.0
30,34345,531.0
30,34359,531.0
30,34377,531.0
30,34393,531.0
30,34407,531.0
30,34409,531.0
30,34411,531.0
30,34441,531.0
30,34455,531.0
30,34471,531.0
30,34487,531.0
30,34519,531.0
30,34545,531.0
30,34575,531.0
30,34589,531.0
30,34605,531.0
30,34607,531.0
30,34621,531.0
30,34635,531.0
30,34649,531.0
30,34651,531.0
30,34665,531.0
30,34693,531.0
30,34721,531.0
30,34751,531.0
30,34767,531.0
30,34769,531.0
30,34783,531.0
30,34813,531.0
30,34827,531.0
30,34841,531.0
30,34855,531.0
30,34883,531.0
30,34897,531.0
30,34911,531.0
30,34941,531.0
30,34955,531.0
30,34987,531.0
30,35001,531.0
30,35031,531.0
30,35063,531.0
30,35095,531.0
30,35121,531.0
30,35149,531.0
30,35165,531.0
30,35179,531.0
30,35209,531.0
30,35241,531.0
30,35269,531.0
30,35283,531.0
30,35297,531.0
30,35311,531.0
30,35325,531.0
30,35351,531.0
30,35367,531.0
30,35369,531.0
30,35383,531.0
30,35385,531.0
30,35399,531.0
30,35427,531.0
30,35441,531.0
30,35457,531.0
30,35483,531.0
30,35497,531.0
30,35511,531.0
30,35539,531.0
30,35553,531.0
30,35567,531.0
30,35569,531.0
30,35599,531.0
30,35601,531.0
30,35617,531.0
30,35631,531.0
30,35633,531.0
30,35635,531.0
30,35637,531.0
30,35651,531.0
30,35665,531.0
30,35693,531.0
30,35719,531.0
30,35733,531.0
30,35747,531.0
30,35761,531.0
30,35787,531.0
30,35813,531.0
30,35829,531.0
30,35845,531.0
30,35859,531.0
30,35873,531.0
30,35903,531.0
30,35931,531.0
30,35957,531.0
30,35971,531.0
30,36001,531.0
30,36033,531.0
30,36059,531.0
30,36085,531.0
30,36099,531.0
30,36127,531.0
30,36129,531.0
30,36157,531.0
30,36183,531.0
30,36197,531.0
30,36211,531.0
30,36237,531.0
30,36267,531.0
30,36295,531.0
30,36297,531.0
30,36329,531.0
30,36343,531.0
30,36373,531.0
30,36401,531.0
30,36403,531.0
30,36417,531.0
30,36447,531.0
30,36461,531.0
30,36491,531.0
30,36517,531.0
30,36533,531.0
30,36535,531.0
30,36537,531.0
30,36553,531.0
30,36581,531.0
30,36597,531.0
30,36613,531.0
30,36627,531.0
30,36641,531.0
30,36655,531.0
30,36671,531.0
30,36697,531.0
30,36711,531.0
30,36725,531.0
30,36743,531.0
30,36759,531.0
30,36773,531.0
30,36787,531.0
30,36805,531.0
30,36833,531.0
30,36847,531.0
30,36873,531.0
30,36887,531.0
30,36901,531.0
30,36915,531.0
30,36945,531.0
30,36959,531.0
30,36973,531.0
30,36989,531.0
30,36991,531.0
30,37019,531.0
30,37033,531.0
30,37047,531.0
30,37075,531.0
30,37107,531.0
30,37133,531.0
30,37147,531.0
30,37149,531.0
30,37163,531.0
30,37177,531.0
30,37207,531.0
30,37221,531.0
30,37237,531.0
30,37271,531.0
30,37297,531.0
30,37311,531.0
30,37313,531.0
30,37329,531.0
30,37347,531.0
30,37377,531.0
30,37393,531.0
30,37421,531.0
30,37423,531.0
30,37439,531.0
30,37441,531.0
30,37473,531.0
30,37501,531.0
30,37503,531.0
30,37531,531.0
30,37547,531.0
30,37575,531.0
30,37589,531.0
30,37619,531.0
30,37645,531.0
30,37659,531.0
30,37675,531.0
30,37707,531.0
30,37721,531.0
30,37723,531.0
30,37737,531.0
30,37767,531.0
30,37783,531.0
30,37811,531.0
30,37849,531.0
30,37875,531.0
30,37877,531.0
30,37907,531.0
30,37909,531.0
30,37937,531.0
30,37951,531.0
30,37977,531.0
30,37991,531.0
30,38019,531.0
30,38037,531.0
30,38055,531.0
30,38069,531.0
30,38083,531.0
30,38097,531.0
30,38111,531.0
30,38141,531.0
30,38171,531.0
30,38205,531.0
30,38233,531.0
30,38235,531.0
30,38237,531.0
30,38239,531.0
30,38269,531.0
30,38283,531.0
30,38317,531.0
30,38331,531.0
30,38347,531.0
30,38379,531.0
30,38393,531.0
30,38395,531.0
30,38425,531.0
30,38441,531.0
30,38467,531.0
30,38497,531.0
30,38523,531.0
30,38525,531.0
30,38539,531.0
30,38555,531.0
30,38571,531.0
30,38585,531.0
30,38619,531.0
30,38633,531.0
30,38659,531.0
30,38673,531.0
30,38701,531.0
30,38717,531.0
30,38731,531.0
30,38757,531.0
30,38787,531.0
30,38789,531.0
30,38803,531.0
30,38831,531.0
30,38845,531.0
30,38873,531.0
30,38901,531.0
30,38915,531.0
30,38945,531.0
30,38947,531.0
30,38963,531.0
30,38989,531.0
30,39015,531.0
30,39031,531.0
30,39047,531.0
30,39063,531.0
30,39065,531.0
30,39081,531.0
30,39109,531.0
30,39137,531.0
