evaluations raw_y
1 682350.1704749733
2 683180.4077950593
3 683857.1597852302
4 684894.3060725384
5 685210.3107155096
12 685344.3792121769
15 686078.4442997766
28 686965.3290912803
30 687737.4335579202
33 688055.2985469762
43 689129.6674619194
45 689468.9575081598
46 689857.6233173922
48 690025.0258602657
49 690181.8751162117
52 691142.8905228203
60 692118.1138275350
62 692623.2270337153
65 694814.6843679580
75 695150.6124696147
77 695676.1811801911
78 696397.6739379540
87 697162.5486658512
93 697484.2383871798
98 698344.7599855632
100 698906.2874869275
101 700573.2476140962
111 700714.1785374726
115 701662.3455087658
119 701843.0117229655
120 702096.9054087156
122 702618.1592252726
123 703406.1425831091
124 704145.0253097558
127 705621.1027097326
130 705893.9435498491
132 706769.7901857169
135 706810.4154236190
145 708091.1218876039
146 708836.4012326242
150 708893.2463598914
151 708969.2673742321
155 709498.5912499106
157 709738.8065155157
159 710175.4228920563
168 711901.8670551650
177 713644.5900830401
180 714330.2552636411
181 714912.6344255869
186 715383.5595697184
188 716755.0532024516
191 716961.3556917886
198 717320.7725809510
200 717606.2547096467
201 717948.1233278365
209 718923.9105880787
212 719816.7618657624
215 719914.3761084796
222 720274.9141026766
234 720316.4026187668
235 720664.0210362843
236 722294.2518817843
237 722897.7355705461
239 723953.5443280407
241 724168.4657414531
245 724286.2888225341
249 724961.5016771461
252 725739.5680496526
254 725924.3053862250
255 726830.2994426165
256 727261.8751468934
257 727363.9223788843
259 727404.8921686553
266 727428.6611305616
268 727759.7957600339
271 728111.0988944932
272 728828.7098313147
273 729448.7561107784
274 729565.6566272788
275 729982.2681190451
289 730284.0759272524
296 730465.5392857839
297 731424.9426848291
300 732039.6958052443
306 733437.4812164890
314 733442.3448216104
315 734218.9420730195
317 735109.8557143757
318 735262.3887411464
320 735458.2038978678
323 735828.5982875844
324 738134.5588181041
327 738347.4488294770
333 738578.2888989674
335 739107.8230218921
337 740329.1685154606
341 740842.2146988384
342 741408.2717340901
345 742393.9980298742
348 742443.0027289696
352 742926.8767686461
357 743669.6611960622
359 743815.1201326262
361 744203.0964267801
365 744670.2948094738
368 745359.6018688438
377 745973.5632632956
378 746956.5331415231
380 748503.5372700803
381 748869.4958562843
383 750839.9733103414
394 751677.9342928522
396 752248.8315114180
405 752948.1315324431
406 753128.5630153073
407 753250.8680878899
408 754173.4513700317
416 755481.9374788199
418 755519.9138916479
419 756227.0959587523
431 756495.6533410241
433 757134.4273967735
436 757255.3094764769
439 757585.9391354693
441 758993.4637744022
442 759210.8206732639
446 759261.3294878572
450 759615.0311640403
453 760597.1258320649
455 760895.0195051905
456 761529.2425324601
459 761777.0922003188
461 762536.5135679150
463 763175.2497689917
464 763365.8121005078
465 763894.8117308075
469 764511.7349489131
470 765639.8451664918
472 766375.7608457884
479 766865.7067448072
483 767154.1377999131
485 767384.4362421989
487 767835.6100405770
491 767846.6499130550
496 769629.3265078964
505 769832.6397104284
509 770708.6042335599
510 771542.9971989507
511 772554.4922216134
517 772953.3142235895
520 773676.7008258321
522 773928.4608710967
526 774056.9307471236
536 774471.7957130107
537 775327.6684178549
540 776006.8108124068
542 776018.9391517363
547 776127.9836673228
552 776872.8603593810
557 778247.8655354367
561 779465.0231451395
564 780574.4568833831
567 780689.9178156446
571 781047.4239721553
575 781505.3620252055
579 782377.0837028897
580 782767.6010728048
581 782931.1715014535
585 782964.7594148894
593 783948.4254498518
594 784343.9194376104
596 784666.5810796941
598 785279.7793805504
601 785722.7060912430
602 786090.6632647641
606 786347.3559272590
608 786595.4411643433
609 786765.1682930911
610 787006.1375851341
612 787138.1507861411
618 788063.4155897332
619 788077.0422405561
624 788270.8792632802
627 788801.4048625082
628 789735.6104127102
629 790596.6747550592
633 790997.8639279034
637 791929.3221834545
638 792620.0791156056
641 793607.8613298596
643 793842.8247257913
646 794158.5336249904
647 795363.2757755436
654 796052.7005655447
656 796282.4638159317
657 796827.7030229444
661 797279.4831372662
662 799659.4241805390
665 799929.5816746611
667 800071.8070047952
669 800243.1795176446
670 800972.2566571784
671 801484.7544250463
686 801721.1529990147
687 803626.1149014139
701 805065.1280978841
712 805073.5231720817
720 805694.4513529829
721 807016.5291946767
726 807042.6537998010
730 807454.0894451638
731 807512.5207495518
735 808495.9190733514
736 808611.2691120737
737 808900.0510175785
744 808957.6640969214
751 809402.5424594001
753 809662.0760914843
754 809662.8908165686
755 809937.8133355797
757 810453.5973235396
759 810851.9372333366
762 810959.0586996878
764 811518.7017678842
766 811715.7292554799
768 811966.8968145784
776 813295.2991326532
789 814481.9544705866
791 815074.3191775297
792 815490.3188565151
794 815500.1969122374
806 815653.3209077179
809 815922.9282391435
813 816373.0733904738
814 818095.6371455517
815 818531.6421346226
817 818886.3520662589
818 819354.9015966555
822 820025.8283382590
823 820528.8181255502
828 820977.1122830614
838 821437.4882982377
839 821596.1929213525
843 822199.8761500685
850 822631.7146680256
851 822707.3446818218
852 822847.3877808183
853 823362.0165996769
855 823656.9875212880
856 824278.6846897556
859 824881.9199944024
863 825460.3305246361
864 825727.1959154872
866 827233.4711259534
867 827234.2927754312
875 828038.4361992001
881 829408.8261722097
883 829624.4701982033
895 830305.8205776843
896 830598.8502643559
897 830808.5400341387
898 832057.4491156630
905 832890.6176672893
911 833221.2490857987
917 833315.8336887066
922 833644.2664394962
930 834323.6980960415
934 834557.1945852672
937 835277.8268963418
939 835420.1961683639
943 835550.6841601928
946 836480.5269539586
949 837768.9605761714
950 838292.2494582034
964 838627.1529062653
966 838986.3764775821
967 839174.2106632799
968 840845.6896213817
971 841773.9790125281
976 842455.8847747493
980 842719.6146983802
981 843567.4755370769
982 843686.1758855433
987 844574.9000134895
988 844578.0911725608
989 845346.3992894992
993 845358.0577967913
1002 846124.9595252674
1003 846560.7551089766
1006 847065.7144291295
1008 847488.0507492425
1011 847586.4887421161
1014 848208.3939215564
1019 848807.7808348895
1022 849390.6231208077
1026 850219.5700288564
1031 850260.2464399758
1032 850447.7521771896
1046 851015.4009217104
1051 851676.4011113651
1053 851776.0550796734
1059 852987.8401580822
1060 855252.8020029446
1063 855843.4244479716
1066 856341.6523752103
1067 857253.5690922083
1070 857930.5577861350
1076 858137.9802370323
1079 858194.3462883140
1089 859124.6090903134
1092 859483.1934762096
1093 859618.7697312214
1101 860199.9423963905
1103 860913.9692577024
1109 861654.6918019949
1113 862004.3981863228
1117 862461.4340750232
1123 862701.4598900779
1130 863078.5158209901
1134 863608.8375185607
1135 863903.0917472525
1140 864014.4027154697
1141 864958.5841852161
1144 866490.9046591814
1164 866699.1739517777
1167 867092.4489538828
1170 867589.3439059596
1171 868087.9406513715
1177 869625.3921430872
1183 870171.1489642663
1184 870844.7050482129
1188 871348.7091424549
1189 871376.9557265531
1195 872140.4837116472
1200 873017.0963561684
1214 873490.3400332596
1220 874218.5331660494
1224 874954.8614841818
1225 875458.1137309052
1231 876443.8059071464
1232 877337.3588436472
1236 877762.8080634979
1238 878017.3569767275
1240 878501.7107510265
1243 878972.1134669723
1246 879782.8596515307
1248 879810.4383502568
1252 880186.9888678779
1255 880798.3293227347
1258 881167.8012267434
1263 881825.6478740695
1264 882722.3428899319
1276 883574.9439199936
1282 884353.6332316481
1283 885275.8366875050
1286 885578.2576246164
1287 887234.5962681799
1292 887846.1373965479
1307 889311.6610231798
1309 890076.6768254417
1314 890909.7928465316
1322 891090.3736744990
1324 891965.9383124544
1345 892233.1081689321
1346 893313.0622880355
1359 893920.4187048612
1362 894542.1924098878
1364 895308.3674844711
1365 895443.0226830818
1368 895658.6433028649
1369 896472.5721389552
1384 897788.9218450305
1392 898177.6659691539
1395 898528.8236790764
1401 899197.9524091724
1408 899545.8734942034
1411 899722.1486257256
1412 900071.5612288280
1418 900765.5343149710
1420 903617.2761022110
1432 904312.3929381341
1438 904906.4352118833
1439 904977.7582672253
1440 905947.8964476319
1442 906043.5979363051
1443 906630.9248012186
1445 907077.3365764475
1446 907334.7434841152
1449 907477.8248393839
1461 908445.8178087266
1464 909831.9222450102
1466 910051.6268957515
1467 910196.4305988374
1468 911186.6058782646
1469 911196.1480584614
1476 911247.9752183567
1480 911601.6638667150
1482 912078.8998241279
1483 912340.3085810661
1484 912453.3814494697
1489 913376.1905402268
1493 913636.3405514183
1504 913796.9141701111
1510 914392.6390617397
1512 915201.7604095176
1517 915570.3843950961
1524 916757.5515309963
1528 917237.8780094263
1530 917959.6541187837
1536 918960.0899765167
1538 919457.2539009978
1546 920232.5098995541
1550 920674.8476459731
1551 921536.7073803174
1557 921572.0447125183
1560 921787.9038647311
1562 921826.3946720129
1569 921835.0638467382
1575 921950.6982891202
1577 922554.9457245700
1579 922986.1716299715
1587 923414.5110599218
1588 923757.9590125522
1592 923881.4444349261
1599 924201.8208610873
1603 924371.4343744436
1605 924942.4659719263
1607 925596.7959178236
1609 926056.0406967434
1610 926980.1930216104
1612 927124.4939720767
1615 927137.5648385475
1629 927428.8703747996
1637 927615.5512674367
1638 927785.2256925564
1640 928613.4931246673
1643 928792.7758049915
1648 929784.6615284596
1654 930161.3820056512
1657 930638.3825100033
1660 930798.5065537251
1665 930917.3362194889
1667 930966.4074207812
1673 931346.4488722602
1674 931556.1674252998
1675 931840.9501172864
1681 932104.7126309413
1692 933063.9194448269
1697 933545.2514027865
1699 934536.5548488578
1705 934953.7666427309
1708 936383.1683445435
1710 936919.0718628312
1712 937762.9609744337
1714 938147.4841421954
1719 938946.7181020546
1720 939129.9889464017
1725 939595.5753398746
1733 940863.4640126304
1741 941521.0247070355
1751 942619.5820254880
1753 942721.5224444680
1754 943326.4153439082
1757 943405.9074325068
1771 943527.8882799363
1773 943545.0476343128
1774 943986.0388156144
1781 944375.5282463626
1785 945173.5659531489
1787 945561.9088534169
1797 946236.5879119894
1806 946405.6739089115
1807 947323.4586587301
1812 948245.5375798683
1813 948550.3404071413
1817 949153.6651305718
1822 949305.2569229030
1823 949880.2488517420
1829 950493.0706480598
1832 951410.9212828905
1835 951639.1733931111
1838 952227.5345064462
1839 952319.4007292888
1848 953178.7588790675
1855 953543.2278641650
1862 953783.3492541016
1874 954116.1668282668
1875 954735.0176285375
1883 954985.6970050550
1887 955736.4741237238
1891 956191.9704025951
1895 956957.9246578707
1896 957431.9003970155
1902 957450.3205120763
1903 957992.7041556961
1905 958929.6783760411
1923 959351.2615523987
1926 959620.2338923780
1927 960647.9587866430
1930 960808.1367706987
1931 961791.2202498412
1937 962492.0393872416
1941 963775.1207279167
1948 964524.4968360252
1955 965176.2863873272
1959 965275.0480867343
1962 965514.7096705555
1971 965972.7040556221
1978 966092.4278331733
1983 966833.4177078023
1985 967182.7264342895
1989 967835.4635081090
1994 968115.2936895393
2000 968376.7340751024
2003 968703.2095333318
2006 969342.7232898636
2008 969888.7220037596
2010 970783.1418414029
2017 971311.8463793816
2026 971518.7595522482
2036 971627.3739858085
2046 971657.5241983352
2048 972560.2448750573
2053 972694.3044340543
2055 973181.5988619484
2067 973225.5734716220
2068 973444.1706582956
2071 974156.1054303898
2072 974615.0924254437
2073 974701.3572080972
2079 974928.5435353366
2084 975240.5048018898
2088 975457.8818218686
2089 977011.6915733392
2090 977019.8834529561
2091 977218.4979601840
2092 978022.7315172440
2097 978407.9698847742
2098 979256.8925489018
2100 979782.0430496089
2114 980512.5800762081
2121 981945.2674114812
2125 982480.8071642375
2131 982520.5614911228
2132 982610.8665889566
2133 983490.7886161944
2134 983668.5376254683
2136 983684.5198900511
2138 984448.6989152723
2140 985517.3266365016
2147 985531.7880238886
2151 985948.2992924333
2154 986581.3378464745
2155 987061.7216389454
2163 987242.4071516371
2164 987417.3427920156
2169 987652.5906745184
2183 987693.2350743088
2186 988210.1894836365
2196 989010.8071656505
2201 990047.1036779389
2202 990963.0048519010
2207 991818.2232247683
2211 991965.8613821884
2213 992710.5158717359
2214 992883.1812354128
2221 993872.2806714082
2227 994474.1678429026
2230 994508.9608160406
2231 994820.6942427721
2237 994821.3242924263
2242 995041.5020927709
2243 995357.8468255305
2250 996184.1678776039
2254 996399.2421299492
2260 997027.3417256193
2266 997781.4032898619
2268 998612.8541455712
2272 999413.4803086970
2274 999887.6304763631
2286 1000406.2512205378
2288 1001162.6312801639
2290 1001650.4718670370
2298 1002516.9222352657
2305 1003506.6386313479
2319 1003688.2956615632
2327 1004270.0223030744
2330 1005049.3931421024
2333 1006034.6614470981
2338 1006925.8286116748
2341 1007386.6973294474
2345 1008724.2363456426
2356 1008752.8901630173
2363 1009331.3829848198
2365 1010287.6955991449
2371 1011091.1234179813
2373 1011831.6817214559
2374 1013522.7531175255
2381 1013616.7156187017
2387 1013656.6196288209
2390 1013851.8591897794
2391 1013968.6425302251
2416 1014020.5142708987
2429 1014496.4778360249
2430 1015141.2633971338
2434 1015575.3972606069
2435 1016202.3900582881
2437 1016731.3408137555
2445 1017060.8442501514
2452 1017161.8636205546
2463 1017337.2421622183
2465 1018124.7810593080
2475 1018244.1459133143
2477 1018896.2746213895
2479 1019087.0191949140
2491 1019249.8613217312
2496 1020356.6112253402
2498 1020749.0856079544
2500 1020878.4425097065
2506 1022064.5038134760
2508 1022402.2322583527
2511 1023182.2722596971
2512 1023406.7440603296
2514 1024134.5928396219
2524 1024867.8190167365
2539 1025178.5128690727
2540 1025695.0199350731
2543 1026197.2981375126
2553 1026520.2985514889
2578 1027325.0899290007
2585 1028190.3690416990
2589 1028316.2326958444
2590 1028766.2357381579
2595 1029037.6038940246
2603 1029192.7418018086
2607 1030164.4343510342
2617 1030288.1113766860
2624 1030593.4850008227
2633 1031034.6588370252
2637 1031507.7742773269
2650 1031689.2588900834
2654 1032323.2362412738
2655 1032451.4894738195
2666 1033372.2023162006
2698 1033877.5860632971
2718 1034506.5361653230
2721 1035166.9732391359
2722 1035556.7427252287
2725 1035575.1161097876
2734 1036327.8609415228
2747 1037257.6384633983
2749 1037376.6313681325
2751 1037556.5174646986
2763 1038406.6113512621
2764 1038590.3126270944
2776 1039443.0535672250
2777 1040416.6971158449
2780 1040734.0362321908
2785 1041248.1093326900
2792 1041419.7998622964
2796 1041612.0978014547
2804 1042452.9135651866
2811 1042814.5610187298
2821 1043398.1147717841
2838 1043989.1294198151
2843 1044253.7235781259
2847 1044647.9844172627
2851 1044731.8284620884
2852 1045558.7148127753
2854 1045983.5312708963
2855 1046248.7719294485
2856 1046823.8353602083
2868 1047449.0029165816
2884 1048097.4547007417
2885 1049250.9911250565
2887 1049808.6369453913
2891 1050520.1006305900
2896 1050573.6085817951
2918 1051588.7760905635
2920 1052475.2972174522
2935 1052513.2921537000
2936 1053419.9553949814
2937 1054142.9174780094
2939 1054962.6619391723
2942 1055052.6532967177
2943 1055775.0946207899
2954 1056190.7084669212
2965 1056610.0608701212
2974 1058143.4616555071
2978 1058234.1119064551
2981 1058680.0197686411
2983 1058801.8705807261
2984 1059599.7979675052
2985 1059811.3686708917
2996 1060473.2758594917
2997 1060624.7171984739
3002 1061152.5720312905
3005 1061709.9892121681
3027 1062460.0100285308
3029 1062704.4034328763
3030 1063677.7099174843
3032 1063967.5488909581
3034 1064216.8921639468
3042 1064382.2298540215
3048 1065062.2887134945
3060 1065128.2928520385
3067 1066366.8124604365
3079 1066757.4591894103
3092 1067555.7604519734
3094 1068026.7930104504
3119 1068169.8834113248
3130 1068944.7691002169
3133 1069356.7354337987
3157 1069444.7069840161
3161 1070103.4291679231
3170 1070183.8551031388
3175 1071023.2833251166
3178 1071097.4406610962
3180 1072038.3054023131
3194 1072074.2365031336
3202 1072171.8267658018
3233 1072349.0101665738
3234 1072821.5640456111
3246 1073125.1908222870
3259 1073259.8905235219
3266 1073473.9120434092
3272 1073892.9641039323
3273 1074807.5595643176
3277 1075234.1992798867
3278 1075831.9069250117
3282 1075847.5695046142
3291 1076111.0861644570
3297 1076127.1501630056
3312 1077229.8193047154
3320 1077824.8974712496
3350 1078704.6945847077
3364 1078932.4346986294
3373 1079491.0024402058
3377 1080042.2927457404
3380 1080049.7471648699
3381 1080717.2013208873
3383 1081156.9556161878
3384 1081672.0828239431
3385 1082616.7222272006
3392 1083385.1778912481
3403 1084106.0199914495
3420 1084612.4030677020
3426 1084770.0005370639
3430 1085251.9346004666
3440 1085406.1785034889
3441 1085908.2126050827
3444 1086863.5660869183
3456 1087921.3938747745
3463 1087966.0359239758
3468 1088651.4380535581
3474 1089639.1904674964
3477 1090474.8338978421
3480 1091342.5639756427
3502 1092527.4900260535
3504 1092977.6905325686
3519 1093202.0117740061
3524 1093685.1190054368
3530 1093908.0459771343
3533 1093939.8257894653
3534 1093950.9355611785
3545 1094728.2524464319
3547 1095190.0294882397
3548 1095330.5554033956
3549 1095991.3911654947
3551 1096819.8138405490
3553 1097184.7928337038
3555 1097868.9457025428
3560 1098128.1190830069
3564 1098302.1439419079
3573 1098404.3682348675
3574 1099296.9794226063
3578 1099746.7609243521
3580 1100673.7183786707
3584 1100746.3675230998
3590 1100895.2880104377
3613 1101768.4433351669
3621 1102008.3806665554
3622 1102159.0219706425
3628 1102290.5307191757
3663 1102378.8891818644
3669 1102929.0695601606
3672 1103126.6303245262
3694 1103369.6249196532
3702 1104077.3779620472
3705 1104690.4847527717
3711 1106252.1469664378
3731 1106756.1285240820
3732 1107169.1204074330
3735 1107487.7519691393
3740 1107856.0215942943
3743 1108547.1885681921
3753 1108960.3131591210
3758 1109177.4322382037
3766 1109629.7977167384
3770 1110006.4272562547
3775 1110575.5181170213
3776 1111400.1277142428
3785 1111543.1277633002
3788 1111665.0536586621
3790 1111859.6069669125
3792 1112401.9846165557
3795 1112581.3473502686
3811 1112673.9636784184
3820 1113352.8520712049
3837 1113591.6331265524
3847 1114087.2052080545
3864 1114620.6618330406
3880 1115304.4961690980
3882 1115307.7461524133
3889 1115671.5689401103
3893 1116185.9554381333
3895 1116463.8076027217
3896 1117166.8972593390
3897 1117700.9059579615
3906 1117838.5066345236
3920 1117910.5235899433
3931 1118015.4063915876
3948 1118156.0690620721
3952 1118399.8299780691
3961 1118843.5588692417
3962 1119017.2655756660
3966 1119998.4728411795
3971 1120743.1498413691
3973 1120999.8766625237
3974 1121984.1538066135
3978 1122244.7247977038
3980 1123208.2691070079
3983 1123557.4650192994
3992 1123835.1999877370
4011 1124430.2899523126
4040 1124430.9487444006
4042 1124586.2525678170
4052 1124851.2172453876
4059 1124908.1349809654
4087 1124991.9864272256
4099 1125109.5305019820
4102 1125326.0375674469
4114 1125546.5218766001
4116 1125865.0708899344
4118 1125915.0498013091
4119 1126054.4116384832
4123 1126153.4483403899
4139 1126194.7971554152
4179 1126291.8720300714
4185 1126320.9227962331
4198 1126654.3471835810
4209 1127056.7836056729
4214 1128059.9005541198
4216 1128467.6172574321
4218 1128650.6284701952
4227 1128800.2871933996
4233 1129393.0507957458
4238 1129404.1576114965
4239 1130355.9369373501
4241 1130450.7051150845
4245 1130766.6039284980
4247 1131403.9206024772
4248 1131562.4893235695
4254 1132054.6540464361
4259 1132221.4910573019
4288 1132909.6768089538
4296 1133516.2225747115
4304 1133524.2034877106
4325 1133789.7444068149
4334 1135340.5543624877
4360 1136002.8900564215
4361 1136207.9045365122
4363 1136360.5442773681
4376 1136582.2961695327
4380 1137265.5537047407
4383 1137679.0322839885
4389 1137785.9328455338
4399 1138436.9011486298
4402 1138966.9705351484
4408 1139179.4953341866
4411 1139215.0131509514
4424 1139354.3698584598
4435 1139619.4427919248
4443 1140597.5468198743
4451 1141442.8855976118
4467 1142067.0074440611
4476 1142167.9839709415
4507 1142961.7746023708
4513 1143002.3886670440
4515 1143485.8318526077
4534 1143499.3447254240
4540 1143845.8234564518
4551 1143896.3196201348
4569 1144694.0790580341
4572 1145296.0104840950
4580 1146176.0394919130
4585 1146455.2663585830
4590 1146837.6750959214
4607 1147397.2867384613
4608 1147798.6249442392
4623 1148053.1598843688
4658 1148138.2514384128
4697 1148376.1575008002
4716 1148505.9928509488
4717 1149013.8162665856
4725 1149271.0571649952
4735 1149711.5587495016
4742 1149948.9501681323
4746 1150910.5017956421
4756 1151381.3665580547
4775 1152079.7449464211
4785 1152690.7913139311
4790 1153169.5825371714
4799 1153980.1307090090
4805 1155169.9456783501
4812 1155834.3605423821
4815 1156504.9216129438
4833 1157267.2199087862
4834 1157839.1170778766
4837 1158241.8788462372
4843 1158967.6834650140
4844 1159574.0876654522
4865 1159693.0778928555
4871 1160091.2884795021
4879 1160092.5649758582
4884 1160224.0254917087
4885 1161690.7458040935
4896 1161763.3037131494
4899 1161898.2435407434
4911 1162122.1318414910
4913 1163258.6459820799
4917 1163742.7435879568
4918 1163958.2219997710
4947 1164711.3404034327
4948 1165450.8174737738
4952 1166288.3154283063
4971 1166846.6164780317
4980 1167320.5988195308
4983 1167453.7132251442
4984 1167542.3088770956
4986 1167821.1331705430
5003 1167948.1468058715
5040 1168040.2778133980
5046 1168224.7228095313
5047 1168232.4601718129
5056 1168355.6573776554
5084 1168716.7911104150
5109 1169663.3709671462
5119 1169793.6537499966
5128 1169878.1494236733
5129 1170379.6537475807
5130 1170897.7603677583
5133 1171529.0620505698
5145 1172095.8778953855
5148 1172907.2901394134
5153 1173085.3197471532
5166 1173728.0846355346
5179 1174043.0929251108
5183 1174356.9815692508
5228 1174640.6982102813
5241 1175432.4914624349
5245 1175454.2059172278
5248 1175928.6048907971
5249 1176533.2217705320
5252 1177423.9498082423
5258 1178110.6343224575
5260 1178113.0208145804
5271 1178316.5911557821
5272 1178347.5496771494
5302 1178472.7326156446
5303 1178955.6063548697
5328 1179319.0799301930
5330 1179322.7794238995
5332 1179678.1198154311
5336 1180263.4963609017
5347 1180434.1803320963
5352 1180496.3747601283
5361 1181039.1993744604
5371 1181543.7657426391
5400 1181598.0268686386
5401 1182273.2932622156
5402 1182717.9479455843
5403 1184125.5486544669
5411 1185019.8764916016
5415 1185081.2260951113
5446 1185323.8981457942
5452 1185331.9586733428
5475 1185376.0648661416
5480 1186364.3822862175
5485 1186656.6802931291
5512 1186985.0436595799
5552 1187382.9619808842
5556 1187386.2715861558
5567 1187555.7665401264
5612 1188148.6929018432
5614 1188426.7347504504
5631 1189358.7212347870
5632 1189883.8371388561
5648 1189890.3678149001
5657 1190463.2086579753
5675 1190911.1101412047
5681 1191989.6468946473
5695 1192134.2780217354
5702 1192304.0502419563
5720 1192520.9154409482
5756 1193064.1729014241
5762 1193382.3370816263
5788 1193612.9811548118
5792 1193861.6612292128
5794 1194049.2291135523
5830 1194861.0232906265
5852 1195281.8516150590
5861 1195466.6313326901
5862 1195592.2187999033
5877 1196530.5611756425
5879 1197446.3493448314
5880 1197622.5527126223
5885 1198088.1147845665
5892 1198167.0901045706
5901 1198260.3836239264
5914 1198329.0672595743
5918 1199659.1756222614
5940 1200014.2673490937
5974 1200642.2185086771
5980 1200784.1615574642
5989 1200862.8571193970
6006 1201219.2836907667
6011 1201633.8456922683
6026 1201666.6600068056
6027 1201677.5053842149
6033 1202218.5532829773
6039 1202765.4558901573
6049 1202837.4365688954
6074 1203250.8178117841
6096 1204232.9210419678
6124 1204448.3255209748
6134 1205206.2220631333
6161 1205488.4532876734
6167 1205960.0817156949
6178 1206030.3952998414
6181 1206408.1561583097
6191 1206790.5445152866
6197 1207953.1089048428
6212 1208115.8877224766
6221 1208568.8615012346
6229 1209142.3097634835
6251 1209735.0781203003
6254 1209886.6527598440
6267 1210595.5942148268
6279 1210788.1657394893
6313 1211223.2897101762
6329 1211604.4052965136
6337 1212007.5537764456
6346 1212011.2050766079
6348 1212151.9672193846
6350 1212628.2403252497
6359 1212717.4139849378
6365 1213220.4786545930
6375 1213433.3933403369
6388 1214175.5593513311
6395 1214696.2098063985
6405 1215149.4853462051
6407 1215551.6859321527
6418 1215969.4717414684
6421 1216226.9430896204
6428 1216258.2103680740
6449 1216644.3581329803
6468 1216930.6359410300
6477 1217208.5353781437
6482 1218042.0935955925
6499 1218276.7279466630
6510 1218649.6950282634
6525 1219360.7555939686
6533 1219885.1849164374
6550 1219993.3832474642
6561 1220755.1984426444
6563 1221316.0812506932
6573 1221429.8470675403
6579 1221596.9417727061
6592 1221982.4113530128
6595 1222160.4613262692
6602 1222230.4373823171
6612 1222472.5055352009
6639 1222677.8425609507
6644 1223709.1013312379
6654 1223755.2972901433
6655 1223875.3531985388
6659 1224368.0431279475
6663 1224456.8925891006
6675 1225272.4559124387
6696 1225370.4270164361
6717 1225815.6451755299
6769 1226640.5710194390
6771 1226751.9798009777
6775 1226813.5401383585
6786 1226828.3533285419
6816 1227276.4591596224
6821 1227828.3910154169
6823 1228039.8583429779
6879 1228388.8936174433
6893 1228655.5822025272
6897 1229159.8113936924
6988 1229190.9127552826
6994 1229853.5775595654
7039 1230089.6885757449
7043 1230390.1625836387
7055 1230775.3392743871
7057 1231118.9691733236
7059 1231625.5702876528
7088 1231902.6945839031
7112 1232578.1745448781
7116 1232600.9598258696
7130 1233548.1376503427
7155 1233576.2086528810
7166 1233590.1813762502
7201 1233708.8103255443
7209 1234231.9460296077
7214 1234332.3061061313
7219 1234522.5823098386
7224 1234693.4887884562
7231 1235375.7772224513
7271 1235398.7205168887
7301 1236215.6669313193
7349 1237353.2364862864
7371 1237564.0392256540
7377 1237687.1493087572
7421 1238354.0583741288
7424 1238814.2595368612
7435 1238971.8211679715
7439 1238971.9297338594
7473 1239152.9131703675
7485 1239418.2718842863
7487 1239893.3014000817
7491 1239969.5282414767
7522 1240100.9719620543
7531 1240356.9654919445
7537 1240477.5717779042
7554 1241084.3990214572
7562 1241175.5557056780
7582 1241680.9159276490
7584 1241858.7729693644
7585 1241923.2579089699
7610 1242352.3263616080
7623 1242409.1051671996
7624 1243400.8449012064
7652 1243808.1314912201
7669 1244246.7550822627
7687 1244316.1781988526
7716 1244613.2523975719
7721 1244967.6732681342
7731 1245353.7253309933
7734 1245626.3286507013
7740 1245849.4762309031
7745 1245881.0467562303
7768 1246104.5280447174
7772 1246568.2859186917
7787 1246726.4240958320
7791 1246737.8443788600
7797 1247089.1103571123
7810 1247174.8067862892
7839 1247255.7349496107
7845 1247576.1165018976
7884 1247627.0431023615
7901 1247661.2603442040
7937 1247709.5717206954
7938 1248130.9457725729
7941 1248839.1566072667
7956 1248953.0808031806
7963 1249249.8267984786
7966 1249531.3146282684
7967 1250095.3881232308
7969 1250803.9390076385
7973 1250982.0219778686
7975 1251034.2236101662
7998 1251522.8642927778
8005 1252152.1892553444
8016 1252423.9258815637
8059 1252609.1987698751
8075 1253074.9692212772
8127 1253212.8722294541
8138 1253452.2190585684
8156 1254158.6474060679
8160 1254793.1987793385
8176 1254985.1214338238
8188 1255106.9100416016
8189 1255299.6731020091
8203 1255811.6358124560
8210 1255991.3741762990
8227 1256186.7877221638
8242 1256243.2557718190
8248 1256904.4741512078
8282 1257517.3169131805
8292 1257617.0289452553
8304 1257877.4248697327
8305 1258127.6221171210
8307 1258433.7902463817
8311 1258549.3417672499
8331 1258862.6303533416
8353 1258947.6370269072
8359 1259055.8449257903
8361 1259243.9935536222
8378 1259882.0487411006
8384 1260347.2015567436
8386 1260480.6220230493
8399 1260851.4860965288
8419 1261460.3539060599
8431 1261666.9382969586
8440 1261945.5929886114
8448 1262664.7001113885
8458 1263051.1846372515
8492 1263240.5459391025
8495 1263481.7317648057
8505 1263882.8264306500
8523 1264243.8194387115
8544 1264376.7655562451
8563 1264523.9531108469
8566 1264773.6215800492
8569 1265517.0727404763
8572 1265710.5694913371
8585 1265769.0489114875
8587 1265772.1388658537
8620 1266650.7182669789
8635 1266834.1819822784
8647 1267116.1511064300
8680 1267196.1899708593
8706 1267268.9518162764
8711 1267286.0296329765
8761 1267523.5726151636
8803 1267700.0413541370
8809 1267837.4789771233
8815 1268647.2975103762
8816 1268808.9767567376
8825 1269157.6230607599
8827 1269502.1073550179
8836 1269618.2991193440
8870 1270479.8417697409
8890 1271031.6160813908
8968 1271589.7623808919
8997 1271753.7016037398
9003 1271969.4637563857
9005 1272037.5695105849
9039 1272206.0498405071
9048 1272424.8911972384
9063 1273220.9548076459
9069 1273318.2519775210
9070 1273702.0734590439
9073 1273835.4186561133
9075 1273896.8789025191
9086 1274594.3431467153
9126 1275324.7606787891
9205 1275351.8376866085
9303 1275818.6436388490
9310 1276605.1425441278
9340 1276618.3384237878
9343 1276620.3977473334
9379 1276944.7259253911
9388 1277181.7174655870
9393 1277989.0871966493
9417 1278023.6229268895
9419 1278036.1961419021
9428 1278391.6070490887
9464 1278656.0092353981
9465 1279547.6432725361
9469 1279696.2930433596
9487 1280005.8615397806
9488 1280318.2761962772
9514 1280599.8891924426
9531 1280864.0079273060
9574 1281038.6912436900
9581 1281375.5995411624
9620 1281797.2649396316
9631 1282247.7754123290
9634 1282306.2178402448
9637 1282932.0644152286
9718 1283045.5130104900
9739 1283343.7951623893
9745 1283515.6952837277
9748 1283701.8750028166
9788 1283979.9673298108
9811 1284033.7251753553
9816 1284499.0011937527
9824 1284915.3171833013
9828 1285065.1409287478
9832 1285340.2142471536
9874 1286071.1824604315
9898 1286201.2346125867
9899 1286767.5646301871
9903 1287090.1468274626
9944 1287546.9541532882
9945 1288146.4586280494
9956 1288204.4278920454
9966 1288271.9399934816
9975 1288907.4083655225
9982 1288948.5088966787
10001 1287858.7144905662
evaluations raw_y
1 711555.9678390940
4 712408.8253541380
5 712852.6952193502
7 713004.6841004197
9 713894.2491324055
15 714732.0802746554
19 715057.6530354802
22 715145.5763597981
28 715755.0223686830
31 715942.8709433235
34 716518.1771032354
36 717176.7802777000
37 718055.0112550866
38 718237.9157528445
39 718301.1751974956
40 718449.9976101891
42 718526.7747631351
43 718544.3120787402
44 718761.8085842580
49 719254.5269378109
51 719640.1679841664
56 720564.5552951929
57 720660.0746245974
59 721055.1776134580
62 721973.8435524716
64 722561.3450454311
72 723689.0604232607
78 724053.8480857045
81 725535.5881148077
82 726455.4980740779
86 726772.4390122764
88 726783.7089467715
89 727328.2116052976
96 728114.9031500402
97 728464.8599798328
100 728788.3052465535
101 729324.2168214006
109 729659.7565223351
112 730131.9636875161
114 730871.1333007014
116 731420.7336970599
122 731681.4271428788
127 731690.7066852606
128 732391.6005078681
131 732604.4948797975
137 732904.4227237222
143 733061.4211239525
144 733820.8942259719
151 734059.4486435554
158 734475.5804464589
161 734835.5648302768
162 736312.4846160796
167 736347.8220356855
179 737106.0739380718
182 737288.7514667556
183 738155.0161768761
184 738311.7586121213
185 738858.6371234342
187 739246.3819764333
192 739428.7605752627
195 740015.0805554019
196 740579.8464914373
203 740688.5543761010
204 741048.4535328397
208 741285.6244304783
209 741769.7918850305
211 742664.0913469112
212 743824.3384010107
222 744000.0040116179
224 745456.1957041892
225 745970.2340094681
226 746093.7700428062
242 746110.4537678249
243 746380.3717897543
247 747249.7806274355
248 747698.4548040064
249 749077.6245382160
254 749637.5737441207
256 749850.0069424005
262 750778.6354546414
263 750978.0119523754
281 753458.1127357151
285 754361.3757274117
288 754730.9669175295
294 755404.7106271369
297 756452.5560002084
299 756847.5752856348
301 757361.0362269691
305 757415.2908878748
306 757786.2331955330
307 758239.5012104367
308 758495.2974359450
315 758809.3675607326
318 759490.9927453721
319 759672.6227751088
323 760036.6585910924
326 760301.3376804555
327 761291.0366414462
329 762146.1615106808
331 763299.9751173041
332 763943.6263909312
334 764284.6238224603
335 764521.8034469812
336 765065.3569172199
339 766625.7466814659
342 766885.1562194795
346 767446.8376989664
347 768117.3210385686
348 769065.0795932441
349 769930.4238461591
353 770291.5553355917
357 771077.0234245955
361 771493.0679765732
371 772250.0603460631
373 772256.5832837811
378 773665.3101015174
384 774655.7801152841
387 775378.7658461796
388 775558.2575612871
391 775850.9732083776
392 776096.0843552365
396 776836.4481218430
398 777312.0022843926
415 778090.4966059427
424 778742.9405101669
425 779473.6334463846
426 780329.6222933469
435 781186.7291948685
439 781853.2976804822
440 782227.2357735375
445 782435.5814615905
448 783104.4634499620
449 783149.7229765753
450 784053.4671849365
451 784487.6898723729
455 786129.1720040694
461 786214.2646856834
466 786454.6584876335
473 786709.7403020117
474 787165.5735399693
476 787923.9154320627
479 788364.1844132185
481 788568.0857415471
487 788972.2195359452
490 790752.5036071062
493 791254.3354700074
496 791589.5587284613
502 791704.9380161893
503 792092.6899660709
506 792641.3732375994
507 793279.9802348303
510 793380.8097546049
513 794440.9957226730
516 794898.1726005417
525 794970.9886876233
534 795166.3323659835
535 796159.4818908186
540 796527.9773156216
542 797036.4769127578
545 797414.0285589423
547 797716.4583599516
548 797955.5220439442
557 799400.3268106580
558 799603.1413739778
563 799770.5536799351
574 800074.2573362998
577 800587.6391463474
582 800788.7303443666
586 800808.8969702313
589 801443.8382218914
598 801649.6354595898
600 802745.0287916946
601 803378.9807315966
604 803476.2333821511
607 804104.8035608467
615 804503.3575511758
619 805107.5613549756
624 805963.2374845457
625 806763.2154688627
626 806794.9752196226
629 806894.6657106128
632 807036.2210860560
633 807831.7942732068
636 808438.7569532604
638 809193.9872624035
639 809445.7913544609
643 810363.0785409441
644 810550.1749976011
659 811160.4727443649
661 811265.0591847305
667 811809.9652753473
669 812461.9462365636
671 813144.0838107734
674 813542.8308987599
680 814060.7246152619
682 814382.4472911882
683 814646.6422039999
684 815172.4715342482
687 815626.1475949824
691 815832.2367028077
697 816804.0871977939
698 818270.1403959224
701 819633.6925545204
702 820393.5066068099
713 820829.6006931850
715 820880.7919155520
716 821546.4448256384
717 822636.1033566506
718 823142.8260255289
720 823525.8063899599
721 824331.4505778600
725 824498.6234961046
728 825173.7766067721
729 825421.1536639775
733 825515.9632869044
738 825799.2378609708
739 826069.7871173668
740 826807.1828459795
748 827157.8687646501
758 827504.4617549762
763 828753.7535259469
764 829534.3285767341
773 830161.5639673522
776 830981.4092820924
779 831431.3372599642
780 832422.0014895933
784 832549.2917600899
792 833506.2380123438
794 834143.9719892109
806 834436.6560809474
816 834544.6744002413
824 835261.6334664143
827 836137.8563482802
830 837269.5208212534
837 837384.5702110392
846 838565.3071576643
847 839978.6251567139
850 841203.6301902604
875 841799.7153066122
884 842164.9188147527
888 842369.2286909812
889 842426.2589909504
890 842805.7970032363
891 843727.9822394574
896 844183.0287044189
897 844230.9356379237
898 845563.1996510462
904 846086.9846910310
905 846095.6345216854
907 846279.5291944452
909 846314.7679214807
912 846952.6662124582
917 848379.5601233545
920 849178.5088038816
922 849831.3747571197
926 850934.3535258666
929 850952.5238312754
932 850986.4620647789
936 851860.6832235199
937 852512.3153746728
938 852735.5938567849
939 852867.5391178994
948 852960.4023104177
952 854005.1787330068
954 854598.5105865828
955 855647.0263597182
958 856351.9320102783
975 857189.4164323626
983 858965.1962049714
986 859076.5987103767
995 859716.1962157518
1003 859772.9965409836
1007 860635.5557373954
1011 861515.7214590051
1012 862400.8742358723
1023 862435.5643649613
1024 863194.5605074717
1031 863423.7078782008
1032 863912.1214453476
1036 864105.6659623213
1043 864958.6739204671
1047 865564.5050892582
1048 866020.4214314440
1053 866922.3078063574
1059 867207.8986689935
1062 868034.2088358460
1066 868562.3733262951
1075 868941.3454249980
1076 869602.9401055689
1078 869729.0778700245
1082 870607.5659558438
1083 870739.9995421953
1086 871070.3674887299
1095 871682.4958130016
1096 872488.3896809084
1099 872806.3105096954
1103 873717.3339557060
1104 874172.7104013507
1109 875111.1911999668
1123 875948.6788124609
1127 876136.4916977042
1130 876295.2237806238
1131 876519.2866749743
1134 876811.2057502078
1136 877439.1432519658
1148 878011.7095303371
1152 878272.5974046371
1158 878606.0211719609
1164 878893.5090821979
1170 878915.0245485315
1178 879264.7605478950
1179 879812.6706009564
1184 879993.4487039713
1185 880341.4615704452
1189 880747.3317201610
1193 881050.7034432323
1196 881190.8852477171
1200 881886.9773086028
1213 882757.4597676293
1214 882761.4445502714
1217 882855.9910212728
1225 883352.2024645308
1227 883576.6751931631
1229 884288.3323582897
1231 884444.2932964703
1232 885300.4049787031
1236 885805.8606459495
1237 885871.3487269556
1243 886609.6607506836
1247 887599.9621757709
1251 888312.3290161676
1255 889037.6970178582
1256 890462.8705506828
1257 891613.4090280334
1258 891873.9095234203
1259 892733.9776873459
1262 892795.6977171219
1268 893146.1999000396
1269 893657.8372760015
1276 894557.7255861238
1277 895150.6378111710
1280 895385.6571306521
1291 895576.7602186895
1292 896452.4991105795
1293 896669.4627701970
1296 897593.2524585038
1298 897642.4146916047
1302 898253.0184837229
1308 898355.5830330632
1310 898923.3447721273
1316 899184.0688027177
1317 899272.9530938412
1319 900253.0102431423
1320 900876.3154409273
1322 900947.9598365099
1323 900964.2468756184
1328 901571.0489520087
1330 902501.9535019022
1333 902702.3276147306
1344 903613.9170810892
1349 903698.6529537342
1361 903973.6852323808
1366 904933.0641879094
1367 905382.4848806083
1376 905684.5370444810
1378 906628.4730059187
1382 907393.2274261583
1385 907952.9131989079
1386 908537.7899328201
1389 909040.6140521857
1391 909722.6547942274
1392 910463.3452892771
1394 911334.5532824747
1398 911640.0321306955
1399 911773.5334062838
1409 911863.8885262534
1413 912531.9372838177
1414 913204.5827031550
1421 913916.1683635142
1426 914399.9000467139
1428 914638.9974604286
1433 914817.9672804922
1434 915834.7804022002
1438 915850.8892180269
1439 916226.5222498529
1442 917175.7441365849
1447 917580.8071049710
1455 918290.9984735821
1456 918917.4782518157
1462 919076.7079457364
1468 919772.2506976948
1472 920516.2290952711
1476 921312.8998319582
1485 921599.6305798392
1492 922074.4743567886
1510 922906.3727108769
1511 922922.2631413309
1518 923024.5068473391
1522 923607.9199328569
1528 923994.4896236955
1530 924063.7503440718
1548 924485.6569005465
1551 925179.9755491759
1552 925269.5940674271
1553 925374.4311806820
1560 926102.5771963901
1561 926993.2511838087
1578 927026.4406627888
1580 927252.2797319223
1594 927623.0172843604
1602 928411.7938486420
1607 929278.4960729103
1609 929624.9364858010
1611 929974.2041038368
1618 930926.5924720176
1619 931062.5370195903
1641 931253.7557776042
1650 932181.7284581277
1657 932521.2386948962
1659 932615.3138689732
1665 933199.1438426975
1670 934127.0070225362
1681 934291.0795048622
1684 935017.6122873630
1685 936219.0122156102
1701 937033.2511511865
1703 937461.6685742872
1713 937685.3427734788
1715 937886.1838479881
1716 938194.5344248256
1719 939523.8594757874
1731 939640.7668076978
1737 940388.3964712066
1742 940830.3931626201
1745 940838.3445720862
1752 942045.7236958204
1758 942729.3826864304
1759 943643.2310485144
1765 944102.3150314071
1767 944407.1427719231
1770 944872.1809107475
1786 945250.5984719257
1797 945585.9544635405
1803 945769.8851779777
1805 946491.5984201346
1807 947182.2152662697
1809 947467.2938336206
1811 947675.6368522733
1812 948178.4457014076
1815 949043.3765781585
1822 949945.0381957688
1835 950489.0744359045
1846 950671.1897917797
1848 950889.9904304167
1851 951504.5914787874
1854 951947.8751060552
1858 952061.7746762127
1859 952549.4674456182
1863 953404.4569080047
1866 954781.9422719997
1869 955154.2779345958
1882 955283.4226811888
1897 955549.2467830178
1903 956147.0448436674
1906 956301.7538568883
1910 956949.1552446851
1914 957312.7424233253
1916 957363.4995154050
1930 958019.4698932631
1934 958190.3676323548
1949 958634.9731219047
1958 959039.3931471952
1973 959843.6333267422
1974 960304.2557536559
1976 960455.4985597552
1979 961417.3788377410
2000 961602.8173080810
2006 963029.3208823123
2009 963087.4567637458
2027 964926.0569694316
2030 965164.7524485949
2031 965287.5510149816
2034 965818.1252757844
2037 966578.9542642140
2038 966587.6602282443
2065 966589.7131569148
2066 966962.4272501844
2067 967667.6202647714
2076 968100.9934100219
2077 968753.2000557417
2078 968894.3264745085
2082 969516.1855570680
2096 970034.3956642307
2099 970599.7764487857
2100 971178.0938701503
2101 971721.6759706617
2102 972053.4771059159
2107 972551.1510669288
2108 972988.1398694477
2120 973175.4671771403
2129 973494.9524817488
2135 973729.8042311940
2143 973885.6095268786
2149 974079.5016971580
2157 974432.8878609849
2158 975110.6895552567
2164 975367.3982060670
2168 975999.8612142805
2171 976420.6614016416
2174 976949.2420256976
2177 977104.6730101071
2184 977806.6391527938
2189 977983.6379363193
2210 978653.7844201692
2221 978899.2920250201
2227 979069.1418539080
2232 979839.1886002962
2233 980631.4773812194
2237 980848.8230964516
2241 981082.8460189309
2245 981666.6561466858
2247 982195.6554168493
2248 982995.9061785943
2257 983702.8615143825
2258 983981.0014421574
2262 986283.2821959803
2263 987257.4449592796
2267 987959.3466982746
2272 988752.1906364545
2275 989700.5545916336
2284 990036.4816341124
2286 990322.9599048069
2299 990829.9518581618
2301 991981.8768729907
2305 992225.2706032755
2307 992329.0281538391
2312 992679.4905523513
2316 993540.4330530558
2317 994438.7875778120
2318 994766.9119399824
2327 995440.2501609686
2338 995457.4644439939
2339 997225.1072334767
2342 997302.1739610576
2354 997837.0998419421
2358 998103.1218032048
2361 999092.8233955167
2368 999910.5646457955
2379 1000052.1448115137
2382 1000083.5241184297
2385 1000530.7684039109
2387 1001973.4580316811
2388 1003021.1384427907
2389 1003272.5387705977
2409 1003908.7193321554
2411 1004511.3890542844
2421 1004939.3657890108
2427 1005653.3510474018
2429 1005731.9049267974
2435 1006073.2026542651
2437 1006930.9808442821
2450 1007039.5288357839
2455 1007289.7776807562
2459 1008251.5458011585
2466 1008771.4910091889
2467 1009094.0233663562
2470 1009780.7070059390
2474 1010024.9313404055
2480 1010854.6012678591
2481 1010921.8995482955
2483 1011106.7147009092
2487 1011376.2194372514
2493 1012099.7044800645
2502 1013249.8145017374
2510 1013455.5729324477
2517 1014019.1717205824
2518 1015091.0274670949
2519 1015272.7136436336
2521 1015852.3496266358
2528 1016501.6829737803
2533 1017188.3015911345
2534 1017487.6894348515
2537 1018590.5861858960
2545 1018824.6930821077
2547 1020655.6281004763
2562 1020960.8138029934
2581 1021368.6826533825
2586 1021454.6030463076
2589 1021667.5765141810
2593 1022626.2066994399
2609 1022952.3525367100
2629 1023880.3007396726
2630 1023980.4143475870
2633 1024363.9238206248
2634 1024635.7097043424
2639 1025046.3674956764
2642 1025193.3806735148
2648 1026186.2227370859
2650 1027158.2085293956
2657 1027632.0290865223
2660 1028137.4120605403
2662 1028371.3715379724
2664 1028573.1647254271
2666 1029277.7563697714
2670 1029796.7400087337
2674 1030298.9115917094
2679 1031227.9114092320
2685 1031854.6631709960
2700 1032039.3542452872
2709 1032883.1245860533
2715 1033329.4227425304
2722 1033983.4821176459
2728 1034852.4811778356
2732 1035631.4685871179
2735 1035782.9369173637
2736 1035885.5051100258
2755 1036596.9201137947
2761 1036971.6700761839
2766 1037125.2070505553
2768 1037437.8336350018
2769 1038272.2809288269
2778 1038400.2328719839
2791 1038668.2552605257
2799 1039578.1785488204
2817 1039999.9407616412
2822 1040126.3288416237
2824 1040498.3894858247
2825 1040580.0757928917
2832 1040814.9119080309
2833 1042016.0541337295
2837 1042835.2358014862
2839 1042953.5736132378
2840 1042965.9726425594
2859 1042966.9472569707
2861 1043085.4292122439
2862 1043943.9035312174
2863 1044737.3021806733
2866 1044845.9518253149
2879 1044969.5550394201
2886 1046418.4810657880
2899 1046958.1844769112
2900 1047633.1323938093
2903 1047838.3767252509
2915 1048561.2656559363
2921 1048567.5657529465
2926 1049056.4714326288
2927 1049443.4528591698
2931 1050435.0384008680
2932 1050608.2886850408
2935 1051035.1493754867
2945 1051518.4829312419
2947 1052130.6607024374
2951 1052286.9350385768
2956 1052423.4619707533
2957 1052973.1081812403
2958 1054701.7636179400
2965 1055030.0140256495
2966 1055934.8233439338
2971 1056092.4049032752
2973 1056380.5803672015
2977 1057346.1268918235
2978 1059449.7498224522
2984 1059850.0363874629
2994 1060841.5443046701
3005 1061123.6649431693
3021 1061321.9208944968
3033 1061607.8970350299
3045 1062217.3745496126
3046 1062485.3500558741
3053 1062696.6888581726
3058 1063130.2341129184
3063 1063279.5888323686
3068 1064225.9582774034
3076 1064261.6970381809
3094 1064712.4268416704
3099 1064937.0135533784
3104 1065226.7775170591
3109 1065498.2125210986
3118 1066182.9656069549
3128 1066440.7591443965
3129 1068081.7949105850
3133 1068613.4173392316
3136 1068954.5923914122
3138 1069004.9162051990
3142 1069061.0362969597
3145 1069065.2452951835
3149 1069278.1074974395
3151 1069851.9098152919
3161 1070429.7097280149
3168 1071150.3858475513
3184 1071270.8132433163
3186 1071280.4422695513
3199 1071299.3533154251
3200 1071390.8581140703
3207 1071443.6970311399
3215 1071557.8918058095
3220 1071978.6317783520
3227 1072686.5707985305
3232 1073126.3261447903
3237 1073513.1208341166
3241 1073595.8470356839
3243 1074149.6970589051
3247 1074345.6492047606
3248 1074832.9499495474
3254 1075519.3025744266
3262 1075529.8602144246
3268 1075533.4631172293
3271 1076451.3658454365
3274 1077243.9750920502
3277 1078014.0762162143
3283 1078371.1158690127
3284 1079063.0771977108
3303 1079846.5098621419
3333 1080278.0545208680
3340 1080691.3237775050
3354 1080800.3072998440
3377 1081475.6280630573
3386 1082304.0439394726
3395 1082569.3242906157
3405 1082604.0301989533
3418 1083283.7356210949
3431 1083551.6831943640
3432 1083793.8583122338
3448 1084414.6498983107
3459 1085396.3119894729
3467 1085844.8648823719
3473 1086279.3853227831
3474 1086432.1520306936
3481 1087102.2478242684
3486 1087224.3443252242
3490 1088028.0215265600
3497 1088386.5124447807
3528 1088405.3932824256
3530 1088844.9638175420
3535 1088909.6721353333
3544 1089300.1764983919
3550 1089598.7955537927
3552 1089970.8347673898
3559 1090487.7597061796
3568 1090838.9682459608
3595 1091525.7619594431
3598 1091557.1632536647
3605 1092393.1898462337
3607 1092778.7619222072
3609 1093195.1094651741
3625 1093772.0729005749
3644 1094425.3085281441
3660 1095017.6739420781
3668 1095182.0781225571
3673 1095707.0771479143
3677 1095923.9234757572
3679 1096095.3927110150
3680 1096299.0659798631
3681 1096387.0850403621
3685 1097291.8260250180
3686 1097709.5033450429
3689 1098211.3162058545
3699 1098850.5170837450
3704 1099252.1948050386
3706 1099262.8260294355
3717 1099901.5276686021
3730 1100209.8611832755
3740 1100551.9422002274
3748 1100793.5501008551
3757 1101140.3365754380
3758 1101387.0230053936
3761 1102167.2888999684
3769 1102362.4980866797
3770 1102408.2800376301
3774 1102828.5490831113
3776 1102926.0708266338
3782 1103549.8876721575
3784 1103731.5691078561
3805 1104305.9921718540
3806 1104647.7623254019
3809 1105340.9144354411
3811 1105361.8621033221
3812 1105539.1526550574
3820 1105570.8325412862
3822 1105813.8321178032
3824 1106149.5046535789
3830 1106806.3108413855
3848 1106856.3621851655
3849 1107165.9707221554
3850 1107416.3647531290
3855 1107564.3109586046
3857 1108134.9667536237
3860 1108684.6650232996
3866 1108791.6433533174
3876 1109116.2736232616
3879 1109482.0243270989
3884 1109704.5329999002
3908 1110445.0013428724
3916 1111379.7108251178
3930 1111919.9194448495
3931 1112470.5409000716
3935 1113092.2752097119
3939 1113550.1951074775
3940 1113816.5217883145
3948 1113869.8881326730
3959 1114693.5684676711
3967 1115524.0151893834
3973 1115693.8733243588
3984 1116209.6972701096
3989 1117068.7017062381
4001 1117537.0634309328
4002 1117947.7754488473
4014 1118138.1603497711
4023 1119045.3464712657
4024 1119061.7158869707
4032 1119798.1763574695
4035 1120230.4762956474
4040 1120771.0769784756
4043 1120774.3149000891
4044 1121424.6508850232
4059 1122038.5101330890
4065 1122265.2535199600
4073 1122552.8862474926
4081 1123071.4752999484
4082 1123806.3533688649
4094 1124157.7843651201
4102 1124478.3230828566
4128 1125402.6544329957
4136 1126116.3432215159
4145 1126977.8574448279
4161 1128466.9218483327
4163 1128983.1506657668
4166 1129381.6217714143
4171 1129637.6900237377
4173 1130822.3642942808
4186 1131809.8445264988
4188 1132218.6728756248
4189 1132556.8152201844
4197 1133326.1404423341
4201 1133356.3458417277
4208 1133531.6182112142
4214 1134141.9815349972
4216 1134636.9345176723
4222 1134650.6517550023
4233 1136015.5948985773
4234 1137305.1051141147
4241 1138259.7251713448
4248 1138528.2993448982
4250 1138751.9398964990
4256 1138754.4475993621
4264 1138987.1792978491
4267 1139909.9279912591
4268 1140558.4171802972
4271 1141132.2548331867
4272 1141229.7136415148
4275 1141250.8814383545
4276 1141736.1116424787
4292 1142067.8134624823
4317 1142302.6181802575
4337 1142761.5101817760
4344 1143118.5061924327
4363 1144006.1545288314
4386 1144129.3919408938
4392 1144409.9444770731
4395 1144938.2466232164
4398 1145138.1441410750
4407 1145210.3960607341
4419 1145211.1831228691
4432 1145691.5376533449
4453 1146523.5014487240
4456 1146795.2714009513
4467 1147455.8687108650
4477 1148306.4410419536
4479 1149262.9744808655
4493 1149351.7246246578
4499 1149821.0775287789
4515 1150313.4373537931
4525 1150358.6821880415
4527 1150717.3242952130
4529 1150842.8477902429
4532 1151666.9824411967
4546 1152274.3631789328
4552 1152497.8869844701
4569 1153343.8885672055
4591 1154239.3579865790
4605 1154659.6400179151
4608 1154682.2631327563
4642 1155119.1713993058
4654 1156022.8807396884
4694 1156888.2872567077
4696 1157230.9697125335
4730 1157713.3485042839
4742 1157812.2632921706
4747 1157870.7168057684
4779 1158528.3035590791
4783 1159262.9797276214
4789 1159964.9836225971
4798 1160268.7840499745
4799 1160729.3664623310
4809 1160768.0001804053
4815 1161290.3340484204
4834 1161653.0300360159
4838 1162506.9986765194
4840 1162965.8435755009
4853 1163873.3344232349
4880 1164082.8999359589
4883 1164271.0919359841
4886 1164555.4152454417
4898 1165199.2125852548
4900 1165443.5726025563
4921 1165543.3885368884
4934 1165652.4425760712
4941 1166154.5776907532
4961 1166970.1484821567
4992 1167582.8739588396
4997 1167742.2275278731
5001 1168113.7808526170
5003 1168773.2613093199
5038 1168802.8189602655
5046 1169197.7260019279
5054 1169795.9716829918
5057 1170862.6387242596
5058 1171838.1138735353
5077 1171996.9360064240
5086 1172143.0873931958
5087 1172170.0646693108
5091 1172198.6579142937
5098 1172747.6268910754
5100 1173024.3010765270
5107 1173579.9748481244
5111 1174194.8599294568
5113 1174773.6152623463
5118 1174871.8528514523
5138 1175596.7771606101
5150 1176017.9817184526
5157 1176697.7731252338
5170 1177018.7960163644
5183 1177190.2856780621
5190 1177204.6088086483
5191 1177328.2557176182
5193 1177454.1288168344
5194 1177670.9222363948
5196 1178052.2067487824
5211 1178062.7200343183
5214 1178179.7373586863
5217 1178343.9380344858
5221 1179106.3114510514
5225 1179339.5046542252
5240 1179517.2165061149
5249 1179532.1897023029
5320 1179817.1164955101
5359 1179985.4193143272
5373 1180765.2044753153
5379 1181621.5235373094
5398 1182257.0708420107
5400 1182920.2210180780
5412 1183506.6146281052
5439 1183785.8263219960
5471 1184222.6569108013
5475 1184256.9624723499
5525 1184881.8606875446
5532 1184920.9460008864
5575 1185693.8138713185
5587 1186008.6620297104
5649 1186236.7376920548
5653 1186881.2498354004
5678 1187211.4440687201
5679 1187334.2595067469
5704 1187990.2708525101
5714 1188048.9721094579
5726 1188090.2786401343
5740 1188353.4585715798
5758 1188477.6980047624
5806 1189151.9880294502
5811 1189913.1178010949
5814 1190696.0083572443
5856 1191190.0797540350
5871 1192178.6361587634
5881 1192721.5802325320
5894 1193102.0919960437
5904 1194072.7370382268
5919 1194688.2183970001
5927 1195047.6446586519
5935 1195311.9895038570
5939 1195436.8069149300
5965 1196119.6883211297
5970 1196699.2201225732
5973 1197011.0744776602
5992 1197038.5918676632
5998 1197884.2308030194
6051 1198143.5347749298
6056 1198464.4077620269
6078 1198691.0683207130
6104 1198744.2788211107
6122 1198936.1341793297
6159 1199166.6432523686
6192 1200157.7085157223
6204 1200424.6059743776
6205 1201209.6819212446
6246 1201626.0921500179
6252 1201720.1882984575
6266 1201999.3591650559
6267 1202374.8785764619
6273 1202893.4008697772
6282 1203525.7822440593
6306 1203966.0230594568
6317 1204248.2838990414
6328 1204530.2447190306
6361 1204707.9794032644
6368 1205536.3137879346
6398 1205808.6987618266
6400 1206566.2790727823
6426 1206775.9007702912
6430 1207278.8662902727
6431 1207662.5426950327
6441 1207731.7889659316
6468 1208468.5938988733
6473 1209105.6400738161
6507 1210235.3490153153
6510 1210802.2544679577
6513 1211522.3029127377
6518 1211591.6846701771
6526 1212224.0887828912
6545 1212595.9597351523
6553 1213097.0370348140
6570 1213128.8938652228
6585 1213216.6142113598
6587 1214035.6083634906
6604 1214160.5387571109
6612 1214411.9712944122
6622 1214440.6586077353
6628 1214761.3865147550
6636 1215357.1485813737
6646 1215800.1739928564
6689 1215866.3796445385
6693 1215932.4684329245
6727 1215992.0478040644
6733 1216313.7274709325
6735 1216687.4151930080
6745 1217227.3924369505
6746 1217441.4037191768
6747 1217865.4629467325
6768 1217902.9207363415
6787 1218476.6038874353
6802 1219028.8028779416
6812 1219079.1578504844
6881 1219644.0174844875
6889 1219733.8557758322
6915 1220541.7799777761
6918 1221221.3868430769
6921 1221482.3141261123
6940 1221925.1821247451
6942 1222550.5103433670
6946 1223230.4536251032
6962 1223246.6739388190
6966 1223714.9691374563
6989 1223769.5898425719
6996 1224208.9696556081
6997 1225161.8220590560
7002 1225954.5011575280
7005 1226291.8743170435
7019 1226327.7262724456
7020 1226434.2306402575
7029 1226718.4935888764
7036 1227066.1922420310
7040 1227276.2047131027
7066 1227602.9254533474
7074 1227683.5222406711
7077 1228496.3250363476
7102 1228669.1939514021
7114 1228742.5720399648
7119 1228895.8109999311
7138 1229149.2689288075
7157 1229241.0926766437
7162 1230159.3926923461
7163 1230805.3391983050
7175 1231180.6829988835
7177 1231319.3768083025
7180 1232235.3331634100
7197 1232539.6410766174
7209 1233120.3879123924
7213 1233493.0757908167
7232 1234323.9569711292
7255 1234474.6900980866
7266 1235247.5378679889
7275 1235743.8653486168
7300 1236599.2034310631
7307 1237088.5709183330
7316 1237356.8237141042
7330 1237567.5961060920
7347 1238196.4160208658
7370 1238272.0419833364
7393 1238455.6778989332
7457 1239079.8283725586
7458 1239825.4877017690
7481 1240291.1924254089
7485 1240831.0519254783
7496 1241283.2374837399
7503 1241877.2017363557
7532 1242093.0215841306
7536 1242282.1050347835
7553 1242349.9442226104
7567 1242688.3260057587
7577 1242759.6708505361
7605 1242986.6475605085
7612 1243794.0097501359
7616 1244585.0128595491
7618 1245174.8418960709
7646 1245800.9067536865
7656 1246269.4398708774
7675 1247061.9928461758
7683 1247509.8324276707
7702 1248022.0245330781
7743 1248133.9466523039
7755 1248182.5693009559
7775 1248645.9176102688
7794 1249313.4515495924
7822 1249463.5053182966
7826 1249478.1838824509
7850 1249599.2311735977
7929 1249942.7760694930
7931 1250224.8402517401
7934 1250392.5006229759
7945 1250407.0935947446
7956 1251339.7572375624
7963 1251525.4968411208
7968 1252007.9270655722
7971 1252325.2808659920
7998 1252325.3540091177
7999 1252507.0060931731
8018 1253210.8125921870
8042 1253396.9472800128
8082 1254342.1699014669
8113 1254931.8807979147
8114 1255009.8413084680
8125 1255347.9637273112
8132 1255714.9448009797
8165 1255904.8457171528
8170 1256301.9511272029
8230 1256505.1988751246
8253 1256595.7005007523
8258 1257431.6691375349
8263 1257435.2055000365
8288 1257558.8271474624
8301 1257705.3727120731
8324 1258168.0578632741
8360 1258946.5220258634
8371 1259014.3973050129
8379 1259904.4961311631
8391 1260001.6548441912
8422 1260004.4270722982
8437 1260136.9251302206
8447 1260608.1625688998
8470 1260611.0234869691
8483 1261268.3612119553
8487 1261722.4934432954
8508 1262135.2469094135
8511 1262646.8687752136
8547 1263285.5566315511
8557 1263376.5033131402
8565 1263599.3207788160
8579 1263766.0014371925
8598 1264191.9166341082
8601 1264418.2519899341
8612 1264467.4634020787
8613 1264673.2903097109
8625 1264787.0184935259
8635 1265225.5805028779
8729 1265651.7445583455
8738 1266093.8978553601
8742 1266923.3805687078
8743 1267312.7091987748
8795 1267343.2032689024
8895 1267612.8649785719
8902 1268412.5836188917
8912 1268733.1643035263
8934 1269592.2327999985
8945 1269702.7035743499
8947 1269744.9666152594
9031 1269846.3037400264
9062 1269943.7127757999
9081 1270817.8989140776
9141 1271597.0229052068
9151 1272475.8556842750
9158 1272702.6925980598
9159 1272920.8112882173
9171 1273290.3455106476
9175 1273726.9696221950
9185 1273728.1836983392
9232 1274392.5174231404
9242 1274813.3606408089
9268 1275222.6435792837
9293 1275922.1627408182
9301 1275991.4197772220
9324 1276207.8503171303
9340 1276646.9859836253
9376 1277431.6194309350
9384 1277516.1455993182
9390 1277656.0424360214
9391 1277775.4088874571
9416 1278377.8537437208
9418 1279143.3081627062
9426 1279420.3145530436
9429 1279595.2495037273
9437 1279794.4242551825
9454 1280076.6891715629
9535 1280609.1491586412
9560 1280808.6649372033
9571 1281216.0468669769
9588 1281451.7365139364
9601 1281551.9869804289
9602 1282170.5773948964
9620 1282741.8997436010
9636 1282853.7692520928
9640 1282965.7584904949
9666 1283072.2219363870
9669 1283129.1920265837
9693 1283134.5706860570
9698 1283472.6228597634
9713 1283522.6823497745
9802 1283925.4850264762
9804 1284079.8540711997
9812 1284149.6390875601
9869 1284197.8482911822
9884 1284933.8750184330
9889 1285439.4974082266
9891 1286390.3924669947
9965 1286981.7260062185
9978 1287123.2908888632
10001 1286129.5135462952
evaluations raw_y
1 695554.8432610342
3 698272.1388403832
5 699170.2132587428
8 700091.9946860332
10 700492.3116063840
12 700910.3186356690
13 701103.2950096397
14 701648.0017065362
16 702603.1434071203
18 702700.0486181800
19 702900.1042147834
24 703776.3513285788
26 703793.8882783039
27 704449.0328931340
28 704643.2694536521
30 704929.3296044123
32 706151.6695693075
35 707038.5521440611
36 707190.5000476636
40 707359.2665074697
48 709037.1889787291
49 710006.3412980046
50 710386.8387159141
52 710500.4882361561
53 710506.8954618160
54 711223.6249247387
57 711350.6439411715
63 712327.6254564201
65 713011.7056165384
67 714109.1061856659
68 714529.3795856291
70 715113.0048409179
75 715495.6155351062
77 716234.8135144677
79 716766.4743712783
82 717669.1708773773
83 718827.4494631067
88 719912.3477015635
89 721282.9403187875
91 722650.2687728876
93 723166.0973761684
97 723965.8666017051
98 724007.3624420628
99 724428.3071393855
103 725257.9189145571
107 725279.7714599750
109 726692.6384376917
112 726926.4531644345
115 727972.5219345295
117 728173.1793781035
118 728538.0065967494
121 729363.3225933053
123 730536.0365997163
124 731414.9950051733
127 731849.2753397491
128 732126.1645513268
129 732586.1443955878
137 732904.4079043963
138 733661.0876226767
141 733955.3472716387
143 734467.3216624008
146 735038.7013155787
148 735716.1249115117
156 736440.5214345206
157 737038.7418685885
160 737855.9578205292
165 738073.5511047124
174 739370.1402467632
179 739573.5646021670
185 740767.4510138109
187 741395.4736839175
188 741572.2537872409
189 742557.2766427031
193 743322.3434972315
198 744362.6944596474
199 744582.3468264376
202 745247.6722000466
203 745370.9058351471
204 746253.8813211755
207 746780.0254870645
209 747293.8536100695
210 747939.0019750929
212 748243.4180544791
214 749203.7338458735
215 750145.3686166871
217 750332.9580847118
224 751149.1123114222
227 751207.4523112548
230 751388.0002149037
231 751831.5279803197
236 752003.9102156033
240 752242.4490668286
242 753061.4143491852
243 753345.4386398514
244 753404.8720494936
247 754474.8906225989
248 755545.0143515415
254 755880.4454218842
261 756583.0428056336
263 757467.5942555964
265 758285.1124507871
276 758510.4327948950
277 758963.7349593624
282 759026.9557700533
289 759365.9569107774
293 759653.8337235535
295 760259.1527890679
296 760403.7783794214
303 760802.6376408713
306 761547.6536788765
307 762718.7844198305
310 763033.5931124035
318 763631.3588363775
321 763977.3018974704
330 764167.0283511780
331 764215.1869145208
340 764827.9270043923
346 766231.5363295019
350 766551.6055609089
353 767871.0178398949
354 768172.2430062344
355 768729.0093220916
359 769075.4052671898
370 769102.8600399753
373 769829.3063362130
382 770752.6243221910
388 771679.9893465645
389 772086.1701669721
394 772388.3374779420
396 772733.8240205353
397 773401.6173080942
400 773758.7050014253
402 774499.1008258738
403 774907.8876217977
409 775449.6872301687
412 776098.4873313865
413 776634.2436335221
424 777109.7828490080
425 777378.7334116379
435 777441.3406910819
438 777817.1000133220
440 777845.9373279701
441 778410.3007660274
442 778879.9031836765
446 779531.7597451282
449 780057.5546716409
453 780684.3287286405
458 782640.5413895163
462 783451.6368435338
464 783791.4836345959
465 784500.5096703726
468 785383.8255195679
473 785485.1864753606
478 785726.7604326437
489 787068.6733057250
490 788384.5362833464
491 789106.8552563591
499 789148.7274777559
503 789435.4209769985
505 791141.7195581576
507 791460.9781357532
514 792074.5303021371
516 792634.3204854731
517 792755.2340948865
524 793431.8896882985
527 794263.0892159662
529 794627.9377324049
530 794745.7078781257
532 796175.5058602225
535 796976.1616603986
539 796986.5752704982
543 798179.6407917064
544 798641.5236853258
550 799659.5789867258
571 799736.3267676304
574 800648.5737310793
575 801183.7961912554
576 801377.9074869764
577 801641.4040330154
578 802483.8632608261
582 802622.1810219563
584 802805.0119298475
585 802854.5208901911
588 802974.0179497844
593 803761.5694261194
596 803786.1689879743
598 804171.7155078019
599 804785.8192100346
601 805189.6252509137
602 805916.4206424962
604 807248.1771050451
606 808048.7174532635
610 808652.5400506976
616 808709.3418268630
620 809759.5914004630
627 810394.1359270941
630 810917.0984466156
635 811206.9993106102
639 811297.5177256344
640 811302.9782507174
641 812207.0023916600
644 813541.0339941424
646 813884.6458303205
647 814094.4830799911
654 814868.0714420340
661 815017.1594411037
670 816175.7339674411
671 818063.0138305174
675 818867.2265883751
677 819301.9192858187
683 819829.1214737905
684 820667.5943458109
686 822148.0468511260
688 822797.1552057607
692 822978.0409874745
707 823996.5846992268
708 824402.9637592776
709 825650.0409306231
711 826740.8902926304
712 827741.7655399181
713 828360.0229992422
718 828950.9005183042
720 829049.4379299746
728 829539.4122981082
730 829568.5575375435
731 830155.4492362747
736 830170.0236224225
737 830341.2513690715
738 830363.8847670605
744 831266.0504455992
749 832021.8426794120
751 832701.1897479674
761 833373.2616568287
781 833793.6509082847
782 833895.6158556822
784 834590.4005116109
790 835083.5799450862
794 835121.3629605871
795 835773.7542219365
796 836109.6005136084
797 836630.2523043881
808 837657.9643497963
814 837728.2505864727
829 837936.4013888696
834 838196.5021975458
840 838209.1287078654
843 840096.8238557709
846 841092.0195217602
847 841998.9010662814
851 842515.5753488113
856 843289.9003032860
857 843590.9644320484
858 844125.4096233898
860 844996.7780755976
862 845790.8935112682
863 846346.0752260602
868 846672.4007665161
880 847291.3199041529
890 847961.5649722681
891 848586.4599130531
893 849029.1327096204
894 849447.5569908370
899 849828.9936236605
905 849868.9273253519
906 849997.2654371486
908 850387.0519065674
911 850863.6325841830
915 850899.4913450556
918 851428.9081470278
921 851430.9707945146
923 851630.1765385267
924 851872.8355070831
929 851897.8157306198
930 852724.3666252772
931 852814.9359899509
932 853737.2044947998
934 854478.3689029809
937 855251.6577713091
944 856189.4053162871
946 856239.6552926338
947 857192.2255698828
950 857825.1979247261
956 858555.8331841875
958 858811.9032464495
959 859428.1955244914
960 860205.7084982077
963 860616.5481287667
968 860790.8357901250
969 860904.6110285417
975 861505.0976487048
980 862045.4022826641
1011 862701.4070455662
1021 863622.1687398177
1025 863945.4675277420
1031 864405.7207247837
1034 865151.1802846193
1040 865754.5815869559
1047 865941.3243464004
1048 866717.8706440948
1049 867296.8147131107
1052 868072.4207819945
1055 868994.5805128748
1058 869540.9646209818
1059 870261.5268050041
1062 871051.5787273974
1066 871223.6869225462
1072 872114.4128528681
1079 872257.0027250049
1082 872641.9103734998
1088 872740.9460943985
1089 872762.5253485884
1090 873123.2144143957
1094 874058.2460604002
1095 874789.7402637848
1100 875515.1922221928
1101 875866.0494446116
1104 876425.1831810848
1107 876835.0475224142
1109 876871.5693557994
1113 877580.9025406095
1116 878127.5368146058
1119 878397.1701686308
1120 878680.6391041192
1129 880318.1685070164
1131 880811.7492246503
1136 881560.7738212113
1142 881570.0846238938
1147 881580.4210572237
1154 882011.5374109884
1158 882700.5819772838
1160 883295.1126207304
1169 883441.6984194290
1172 884740.3491276710
1173 885302.4414208903
1176 887323.8822204432
1185 888151.2061546706
1187 888225.9873890055
1188 888325.2602941410
1191 888830.4684188439
1192 889555.4186576288
1194 890223.2759699873
1195 890282.0204926751
1201 890854.6074409698
1203 890948.3721642190
1217 891492.2098822061
1219 892394.9742021225
1220 892429.1859821250
1224 892727.3659365831
1228 893471.0799881628
1229 894242.8242916086
1230 894298.3592829796
1232 894882.9533342030
1233 894916.6963652041
1241 895035.3774647032
1253 895178.5907264784
1258 895536.5549082350
1268 895640.4545036304
1273 896041.5749707606
1281 896570.2964229883
1285 896771.1608549652
1287 897696.2682527553
1290 898508.9049539070
1293 898690.6790917577
1300 898778.4555597081
1305 898945.4406903700
1306 899447.7953635973
1315 900282.8497742672
1320 900634.6684700509
1324 900807.2408861318
1325 900989.4131450193
1327 902048.0234408347
1329 902106.7070687021
1330 903289.3162313694
1331 903839.5879538427
1332 903965.4782363810
1338 904896.2492993835
1340 905224.0182038806
1345 906180.9526403705
1346 906740.9287997040
1354 907183.2117069504
1356 907805.1012906485
1364 908362.6614831376
1367 908878.5150293789
1368 909427.3203628061
1370 910323.8141210141
1372 910355.5149836034
1378 910885.0049209642
1385 910981.4411480704
1401 911679.1078408001
1402 911758.8308259104
1404 912126.9911316002
1405 913311.6227544528
1412 914974.2751835389
1413 915853.1926816688
1415 916176.9015745156
1420 916551.0699108498
1421 917012.4931650189
1425 917248.5512362348
1431 917417.7549665404
1442 917918.3255549318
1444 917995.8656074863
1458 918952.0211819125
1460 919800.5080118589
1468 920694.9989323851
1470 921177.8322563987
1473 921758.8796548886
1477 922729.1802014704
1481 923336.1311117511
1482 924326.8362971569
1486 924589.9176370556
1496 924765.5855372755
1505 925639.8351780208
1506 926262.3922038170
1526 926898.3937429232
1532 927498.8830065700
1541 928021.3408707831
1546 928925.0637214888
1561 929545.9224301457
1571 930033.9663405366
1575 930543.8172700650
1576 930725.8923263586
1583 931001.5171740848
1586 931853.2803568509
1590 932536.2573413276
1594 933067.2750372373
1596 933098.9094061821
1599 933393.8557190907
1602 934128.9258243942
1605 935070.6599232155
1608 936306.8766431923
1611 937047.4941658789
1628 937054.5130510879
1630 937401.8306434788
1631 937523.5981655929
1638 938508.7051720155
1661 938909.1566255171
1666 939681.7786701078
1673 940541.5508893817
1683 941076.3685252975
1687 941581.6407108657
1690 942265.8480956031
1693 942962.3870887966
1694 943315.9623075229
1699 943685.3658460871
1702 943882.0152737072
1706 944761.2132143357
1707 946212.1135350240
1708 946924.7843289706
1709 947345.4795921188
1710 947577.7758734135
1716 948202.2322939826
1719 948348.5195983207
1725 949192.9292999490
1737 949937.3420644059
1740 950118.5641616494
1742 950314.4865477855
1744 950510.2729848900
1747 951196.2945333321
1754 951214.8638249740
1762 951782.5986472389
1779 951892.1367972088
1786 952096.4583697178
1797 952945.3944089276
1799 953072.7802410568
1801 953532.1148168681
1806 954097.3856350508
1812 954920.3179986577
1817 955234.4050183827
1826 955525.8208771301
1832 955818.2829137681
1833 956580.7279045878
1835 956685.3969729807
1837 956960.5983728934
1841 957618.2060563638
1844 957824.3471976221
1847 958091.0391737431
1849 958544.5864265534
1851 958718.6740543451
1854 959645.9202477532
1858 960557.8936344862
1860 960905.2605903145
1876 961331.9795280647
1877 962182.1272313813
1886 962830.0642192122
1893 963624.7901629430
1896 964030.5401147772
1909 964065.2172925494
1918 964107.0125009660
1921 965080.7446384177
1922 965352.2391231043
1924 965468.1433100763
1929 965538.8546646845
1938 965669.2215479200
1942 966844.2647110739
1944 967569.1393952654
1945 968316.6587484473
1946 968667.7960239446
1949 969535.8121773169
1950 970092.7948759417
1955 970820.6264013002
1973 970926.1266202008
1975 971029.7880836891
1977 972653.2120922413
1979 973255.7379048161
1981 973372.1380879781
1984 973988.4574606766
1986 974828.0734713647
1995 975476.8518383047
1996 975649.2434462067
2004 975820.0933928541
2017 976077.9003637423
2025 976646.8252599884
2043 977279.8154178286
2044 977557.8535373481
2046 978534.1662889271
2048 979099.4104434311
2052 980307.0750820838
2053 980973.8064457983
2067 981529.2695138368
2073 982509.8357650164
2074 982760.5747750765
2083 983519.8596332703
2085 983591.5422297871
2088 983668.7043059386
2090 983864.2153547945
2099 985565.3661196474
2100 985578.1591368318
2105 985659.4714753780
2110 985851.5700996119
2113 986041.1605958295
2117 986417.2399102841
2124 986695.0213482231
2137 986714.3071346240
2138 987256.1915068742
2147 987689.7339584725
2150 988018.3843296400
2153 988235.7236578730
2157 989522.3230144852
2167 989617.0568557577
2173 989922.5825806879
2176 989926.0508856932
2177 991798.0830146179
2178 992085.0514609503
2179 992091.8216008582
2180 992279.0301586720
2187 992310.6314581038
2194 992401.8863322224
2201 993226.0634644144
2204 993259.4744706609
2214 993732.1778537191
2215 993869.2387359716
2221 994273.4715040355
2224 994542.7191534226
2226 994793.1446994882
2230 995552.3691651173
2232 996228.1198203824
2234 996636.6880338094
2237 996807.2415954942
2241 997797.3479882188
2253 997870.4385012236
2266 998262.3740385098
2275 998790.9698877832
2277 999705.3949740604
2293 1000255.8109638278
2294 1000689.3638545322
2296 1000949.8147879969
2297 1001321.7622492017
2304 1001899.8288207576
2315 1002693.7515350782
2318 1003451.0242378296
2325 1003476.1427446154
2333 1003855.3227836868
2335 1005416.6275999950
2341 1006095.2265432766
2349 1006621.1966797715
2362 1006761.9964147336
2363 1007468.8913675227
2367 1007596.0086194666
2371 1008184.0432730227
2372 1008769.0181424787
2374 1009126.2982220892
2376 1010023.4171207318
2388 1010280.1099566584
2389 1010784.2352902574
2409 1011381.0649035284
2421 1011804.6055502152
2430 1013115.4338735212
2431 1013560.3955827028
2433 1013640.7086303432
2436 1014723.9102510884
2448 1015040.7635247941
2451 1015533.2607859148
2458 1016479.5581642919
2459 1016616.2302480377
2461 1017136.2686577499
2462 1017184.6338922265
2464 1017372.8544715490
2466 1017881.3177053567
2469 1018713.9213976708
2472 1018755.2103637833
2475 1019332.4551577987
2476 1019878.0645837768
2487 1019942.8583674206
2488 1020575.9873251162
2494 1021890.9281034145
2497 1022597.3926503899
2500 1023789.3738150829
2506 1024351.4298675401
2507 1024943.4521354325
2515 1025375.1793071980
2519 1026353.8232510861
2520 1026730.4730618228
2525 1027657.5350498689
2528 1028355.8175599591
2533 1028484.5929356762
2536 1028636.0941006180
2540 1029058.3067511041
2543 1029169.4192136456
2548 1030006.6082924398
2551 1031065.5350822195
2560 1032032.3455089432
2562 1032260.1521455745
2565 1032981.1993251314
2575 1033195.2332931632
2579 1034059.9843059713
2596 1034174.7603477816
2599 1034343.8072894341
2602 1034696.5514013403
2605 1035625.0522942923
2610 1036244.5873774216
2621 1036953.1948563900
2622 1037369.2334533081
2626 1038242.5640069947
2628 1038545.3903527891
2630 1038549.8119872715
2631 1039275.8566592500
2646 1040257.9832453727
2650 1040427.5368886386
2651 1040676.7360761650
2658 1040817.3271777182
2660 1041209.2789638902
2675 1041217.0885578688
2679 1042061.9406311607
2680 1042213.8010613699
2681 1042298.3702240001
2684 1042885.6276510328
2694 1043120.5100782609
2695 1043411.6624053988
2700 1043576.0140694479
2707 1043652.5927947201
2711 1044221.4454957605
2719 1044571.0340960289
2730 1045366.8738846864
2737 1046122.8130611698
2740 1046713.9116345277
2742 1047357.2565691298
2747 1047574.7235786917
2749 1048271.5912319038
2750 1048501.2252621762
2770 1049345.4148129891
2775 1049844.3458641649
2777 1050523.4420668662
2778 1051119.4378955045
2791 1051167.7373268427
2795 1051389.3666312841
2804 1051858.4068188441
2814 1052404.3502685169
2816 1053089.0955709307
2820 1053356.8196872484
2821 1053813.2976147002
2826 1054298.2542285235
2828 1055238.7962095712
2829 1056090.3996821071
2845 1056314.3035233319
2847 1056758.3690019273
2852 1057264.6084414464
2860 1057944.2934889181
2862 1058644.9711726266
2863 1058935.9695692558
2865 1059634.4303155213
2880 1060333.2393032731
2891 1061093.0687639036
2896 1061635.9811914500
2905 1061640.5043333464
2913 1062452.3715304602
2936 1062483.9881337751
2937 1063058.1741182453
2943 1063400.4596211775
2948 1063451.6264083027
2954 1064100.9394978962
2958 1064681.7239963762
2960 1065906.8266219429
2965 1066569.8269888121
2973 1066660.0925160865
2974 1068251.7658903415
3002 1068346.7042388921
3009 1068428.5923378293
3017 1069126.0972247478
3022 1069647.4120392313
3051 1070570.5674687619
3054 1070755.5835725355
3057 1070868.1041900632
3062 1071701.9328351798
3064 1072497.0588011353
3066 1073264.9261673428
3068 1073305.4407588078
3069 1074142.4511339010
3075 1075017.9327312550
3076 1075026.1272013145
3097 1075460.5144040131
3105 1076302.4199306257
3115 1076701.1186657334
3118 1077056.3722737131
3119 1077238.0537326669
3124 1077698.0426816279
3133 1077754.3672673372
3142 1078674.0807580908
3143 1078996.4932766592
3145 1079232.8774779909
3146 1079685.8974043739
3155 1079796.3411057699
3161 1080600.4114159637
3165 1080786.6323258185
3172 1080870.5081771011
3181 1081027.0901393965
3196 1081761.4588591969
3202 1082025.9861982027
3209 1082762.9794512542
3217 1083362.5001663188
3225 1083462.7767523008
3231 1084385.4387546841
3240 1084474.2938146060
3241 1084926.7838492508
3246 1085648.8897281447
3247 1085736.2993201981
3250 1086251.4383052278
3253 1086826.5588825899
3262 1087709.1518951361
3265 1088430.6991685505
3273 1088432.8240960371
3286 1088612.7634894112
3297 1089074.4449993006
3301 1089144.9093929271
3307 1089693.8315621931
3319 1090840.5897943750
3324 1091922.3631634526
3329 1092332.8940833781
3330 1092871.6252359052
3339 1093318.5131494615
3350 1093641.1045430598
3355 1093662.0729999596
3356 1093842.9957854729
3359 1094014.2119976105
3372 1094262.8702917905
3383 1094297.0763852252
3384 1094702.2962502427
3386 1095090.3183850048
3389 1096417.7873382210
3395 1097304.7852705040
3415 1097566.1446456274
3429 1098182.6024515305
3440 1098777.9508313942
3444 1099120.7709206818
3457 1099676.0664116351
3458 1099754.8525474628
3476 1099994.0554985695
3483 1100309.5380158948
3488 1100668.0049563607
3497 1101572.9013130856
3498 1102148.1579432595
3507 1102824.7723513416
3508 1103230.8376115435
3519 1103449.1799299428
3530 1103596.8564201745
3533 1104193.2132086027
3534 1105289.2728541491
3535 1105983.5995774886
3536 1106024.8920542905
3548 1106376.7761159034
3556 1106690.9240953338
3564 1107058.5850713633
3570 1107170.6816052599
3573 1107243.6698182842
3575 1107595.2196760040
3578 1107680.3686403928
3595 1108134.4673975285
3604 1108785.5913323809
3606 1109387.7595868795
3607 1109602.5261813656
3629 1110056.7266418585
3632 1110593.5372476643
3656 1111153.1202532914
3661 1111611.6165289604
3663 1112458.8552631519
3678 1113489.8703218615
3679 1114468.8578549610
3705 1114476.0584175885
3708 1114730.0133312505
3732 1114754.3351814570
3736 1115725.5554995907
3744 1116362.8401023312
3763 1116705.7713604225
3770 1118240.3787805717
3772 1118421.6224456429
3774 1118718.7662005257
3782 1118839.7362241650
3789 1119689.3675224131
3793 1119750.9260265336
3798 1120221.0620759367
3808 1120908.9891818834
3809 1121286.6928357417
3845 1121901.0643136925
3849 1122141.9326792238
3851 1122381.8405606840
3852 1122773.1206374094
3855 1122853.8820618021
3860 1122892.3311429753
3863 1122924.0132892544
3874 1122961.3728135447
3877 1123559.7789744299
3893 1123686.4338279967
3909 1124084.7427684288
3910 1125297.0147831594
3918 1125958.2871799611
3922 1126025.2557566392
3933 1126125.8989094335
3941 1126686.7219112306
3948 1126976.3404243065
3950 1127142.8449173893
3957 1127196.2817918754
3962 1127374.7904712535
3967 1127742.1389931869
3972 1128343.4797642285
3977 1128386.8059970208
3986 1128745.1278388943
4010 1129215.1085056770
4025 1129497.8640126162
4040 1130011.4175075260
4041 1130181.8515953349
4051 1130628.2823569942
4057 1131197.4443628483
4067 1131363.5994149363
4083 1131460.4615702273
4085 1131639.4604401435
4088 1131860.3169162057
4111 1132548.4800167205
4116 1132593.7716734365
4117 1132712.3436925951
4124 1132905.8535042105
4150 1133018.9358680157
4160 1133480.8980458593
4165 1134367.9964720332
4186 1134740.1277275395
4190 1135149.8840440104
4197 1135366.7941638876
4200 1135451.6782856048
4223 1135518.3906846752
4224 1135536.5287716682
4228 1136139.4298217006
4236 1136958.5869344850
4238 1137254.5192829575
4250 1137660.2275919309
4259 1138602.1686696268
4270 1138636.6611418736
4276 1138712.1536638183
4277 1139612.6640790589
4281 1139902.3814495865
4306 1140702.3016693962
4322 1140875.9944369714
4324 1141395.2305484614
4329 1141396.0229493962
4332 1142082.4743403264
4340 1142643.4022183646
4356 1142678.9187143429
4376 1143384.3781654336
4386 1143974.2041823457
4393 1144081.5156094185
4423 1144320.7725960906
4452 1144382.2576320099
4454 1144856.9220482695
4458 1145085.3923205317
4464 1145123.3291251289
4470 1145159.1108548294
4481 1145694.3379000928
4487 1146436.9130372757
4488 1146763.8588312396
4504 1146969.7321256134
4519 1147146.6744742966
4520 1147303.5093759545
4536 1147519.4875594929
4537 1148235.7950152757
4550 1148827.8656942048
4551 1149319.6486650219
4552 1150092.5364600462
4555 1150394.8025362976
4558 1151245.7799274765
4559 1151483.2621055115
4562 1151980.0878049321
4574 1152047.2489873220
4584 1152274.9171066089
4588 1153011.9463552504
4594 1153016.7060987467
4597 1153284.4176432809
4598 1153374.2939516646
4599 1153734.3243947153
4616 1153908.2899788911
4618 1154425.4026517831
4625 1154464.5724125847
4640 1155422.5015379007
4650 1155584.4434391642
4654 1155779.6762917154
4655 1156282.4625022577
4656 1156861.0950808248
4661 1157435.6766465802
4666 1157475.0239515603
4670 1158301.7857435904
4678 1158578.4975501227
4689 1158580.7175023244
4704 1158601.9377260047
4706 1158880.5055595064
4710 1159535.3586456077
4722 1159906.9817987361
4724 1160234.6200870182
4734 1160293.3936521693
4741 1160799.1828990874
4756 1161785.1148138386
4758 1162178.4659391167
4759 1162537.8048488265
4762 1163447.9986976762
4765 1163777.7775170975
4772 1164025.6756326968
4775 1164579.9898421129
4780 1164624.6725005861
4792 1164727.2247873489
4793 1165514.6932501879
4801 1166277.6190745942
4806 1167819.7152430196
4807 1168416.8953496651
4809 1169666.7041990992
4812 1169685.7874466332
4815 1170175.8872721230
4817 1170788.1845709728
4827 1171041.0692348990
4838 1171667.2912500745
4843 1171829.0542985653
4849 1172690.0007224444
4865 1172756.8766855907
4866 1173032.5272542345
4871 1173657.0719885072
4882 1174495.6357838660
4886 1175024.9407010463
4905 1175962.0881512945
4918 1176020.2201430560
4959 1176054.9543846108
4981 1176301.8181009803
5027 1177199.1073105833
5044 1177519.5110727339
5071 1177528.3767445674
5107 1177557.2866430383
5108 1178270.3920767845
5143 1178399.3661117412
5150 1179356.2249990441
5186 1179787.4073756894
5195 1180677.3074086972
5209 1181067.8520010994
5219 1181973.9178303941
5232 1182422.6848572725
5250 1182723.1028557883
5259 1183304.2586131427
5261 1183610.5031490549
5280 1183712.5571870247
5293 1184119.9815635735
5306 1184520.6878553624
5315 1184620.6079607718
5316 1184700.3201927240
5317 1184869.3261055208
5326 1185161.3519850704
5331 1185620.4067412151
5355 1186295.4489764103
5383 1186682.2001101673
5386 1186973.4098427598
5389 1187160.5859566040
5391 1187677.8248710053
5430 1187773.8133862878
5450 1188067.7530226570
5461 1188068.4966859692
5481 1188787.5608924876
5482 1189438.1715300509
5497 1189684.2940257748
5505 1189969.2968057981
5534 1190596.0406008770
5541 1191099.4461536899
5545 1191540.8406080089
5549 1192518.2145066296
5561 1192754.5753012714
5565 1193372.8266624496
5575 1193454.7055562763
5588 1193784.9575387752
5590 1194727.4236729422
5603 1195099.6138493202
5618 1195185.9667492760
5620 1195827.8430976234
5644 1196063.1928093543
5654 1197041.7903963188
5674 1197203.1718078628
5688 1197354.5772320388
5693 1197420.0436222788
5697 1198071.9593653760
5700 1198421.2973860493
5701 1198752.9519614587
5706 1198908.4041835475
5730 1199092.9839021019
5742 1199239.4459064505
5768 1199524.4685669835
5791 1199649.6914821484
5797 1199687.7546237537
5798 1199899.9684076498
5801 1200246.8067957098
5823 1200935.9867228419
5825 1201568.8340595686
5839 1202460.3541026493
5845 1202916.7346955596
5854 1203094.2815676136
5855 1204104.6639786065
5863 1204112.1074310779
5869 1204196.3395857024
5878 1204516.7499986566
5883 1204603.8853840877
5885 1205112.7870039784
5892 1205169.6518869293
5915 1205800.6024583685
5929 1205952.4889099300
5940 1206606.4661318890
5947 1206763.6615695055
5951 1206815.6747101799
5955 1207586.4739728072
5962 1208002.3499942205
5964 1208040.8299545997
5968 1208333.0137914089
5975 1209227.3247404601
5983 1209346.3091373274
5990 1210225.8176415151
5997 1210743.8479921743
6004 1211088.9599540066
6025 1211210.2133735330
6038 1211977.8139825999
6053 1212584.4483247504
6055 1213064.6512188218
6068 1213913.6088106190
6079 1213956.5500491783
6087 1214473.7456102087
6093 1214642.3061145488
6094 1214675.0566792751
6102 1214959.2466957136
6116 1216334.0307333975
6143 1216536.7806103383
6161 1217533.5826860911
6163 1218329.3814619414
6168 1218506.0655148036
6185 1218629.3797146177
6193 1218804.8128314174
6202 1218894.4082266833
6225 1218901.7702110556
6231 1219173.4842321360
6264 1219276.8386784052
6299 1219975.6625605952
6306 1220058.3702993458
6324 1221020.3429211988
6327 1221055.8309624700
6345 1221996.0791895774
6347 1222912.5581337695
6354 1223314.3037044106
6355 1223405.9725013312
6366 1223873.9331651244
6373 1224179.4594057952
6376 1224399.2170753342
6382 1224481.8084166779
6387 1224722.8834294900
6392 1224815.0287231058
6409 1224963.9928161465
6420 1225060.8714373750
6421 1225092.8424249324
6423 1225587.4400795093
6427 1225791.8451270326
6434 1226278.4839058798
6518 1226367.7888011583
6558 1227203.2623956071
6593 1228063.0453859449
6611 1228703.5767330346
6616 1228747.1018156339
6618 1228972.3741593810
6626 1229135.6964612275
6657 1229868.2395838920
6664 1229912.2239952653
6699 1230235.3182788817
6712 1231130.1468743398
6720 1231595.8538133122
6736 1231747.2277388142
6739 1231957.4815453344
6741 1232152.7074749118
6750 1232620.6005914521
6755 1232832.8239909562
6774 1233146.7975153734
6788 1233610.0628109782
6811 1233775.0623525900
6823 1233909.7310764254
6850 1233968.9435084779
6854 1234052.5191301350
6855 1234069.5836094199
6895 1234426.3061023408
6909 1234559.3051102548
6922 1234879.1449744813
6929 1235605.0540925830
6955 1235800.7322112578
6987 1235987.2668334683
7014 1236396.8014308878
7021 1236655.7722003725
7024 1236731.9076484428
7054 1237010.4352275308
7070 1237277.4140649473
7073 1237459.3888496261
7082 1237615.4651077236
7103 1237727.7210587566
7120 1238080.8727235885
7172 1238318.2012288386
7197 1239303.1876156812
7204 1239966.5565762368
7214 1239970.0560964076
7217 1240042.9047792000
7246 1240045.4094630119
7250 1240372.0923910162
7288 1240702.0956505390
7302 1241100.2087523176
7315 1241173.1653046897
7336 1242006.3829099026
7358 1242419.4356971649
7409 1242468.5203175421
7413 1242471.8272951713
7430 1242885.0544563201
7443 1243380.2652798421
7466 1243742.7185592137
7487 1244403.6740139090
7505 1244569.4000439167
7512 1244667.1276408678
7525 1245354.4836770734
7568 1246088.3667068877
7573 1246515.0812428852
7595 1246568.4666743644
7616 1246601.2936622561
7618 1246673.3403023451
7624 1247417.8406957872
7629 1247446.4421894175
7630 1247619.7252138886
7647 1248052.2533886540
7758 1248682.1945437535
7770 1248761.3137300450
7772 1248864.4785108897
7774 1249418.1257995428
7798 1250271.5282665531
7821 1250276.8507339759
7825 1250400.6795147159
7839 1250806.7776368775
7843 1250914.7747216001
7846 1251788.6528629130
7849 1251830.6114904934
7860 1252419.5920237200
7865 1252537.0325032787
7871 1253319.7445974331
7887 1253584.5517707642
7897 1253937.9156791132
7898 1254159.0216817812
7915 1254268.0725181045
7920 1254949.6767082573
7947 1255226.6212931026
7953 1255228.0441485113
7963 1255350.4920965689
7967 1255356.4512285648
7976 1255461.8531264905
7997 1255551.2791500997
8002 1256178.1482884064
8014 1256669.0704969154
8025 1256912.3175629543
8036 1257346.7353608077
8042 1257726.0274796977
8055 1257810.0333468814
8065 1258202.7857109183
8137 1258670.7548835359
8187 1258889.2007505130
8249 1259146.9684305941
8315 1259187.3255319546
8355 1259895.6313365891
8390 1260111.6507090691
8392 1260113.2655190758
8446 1260879.0052807166
8450 1260920.6555017023
8470 1261424.1728130474
8510 1261974.8058070817
8520 1261975.3515053375
8542 1262327.8973443322
8553 1262617.8788213471
8554 1262842.6557397244
8555 1262944.0486892397
8562 1263162.6429067096
8575 1263400.8386753388
8602 1264014.1091581029
8608 1264170.4085152659
8614 1264547.6085114696
8618 1265197.5047848825
8622 1266047.0658662431
8685 1266420.4684241619
8720 1267190.0734117581
8725 1267246.0056936520
8768 1267881.3087714177
8796 1268254.8950415864
8810 1268609.0533535122
8817 1268807.0851008419
8821 1269706.6061359257
8830 1270571.5621922482
8833 1271328.4978359558
8837 1272138.6064414566
8839 1272255.3909936885
8862 1272980.8550999076
8880 1273600.3993517547
8894 1274043.0231104232
8909 1274666.5203851420
8911 1274734.7282567201
8933 1275380.0052243040
9009 1275911.9373853276
9017 1276104.0445095282
9028 1276192.6668304594
9032 1276339.9290577294
9056 1276664.4108482013
9061 1276890.0581832677
9092 1277156.4314270234
9093 1277840.7386130327
9114 1278249.7819738174
9134 1278280.1600005331
9150 1279422.9283332254
9160 1279806.7357763827
9189 1280523.8463828538
9211 1280536.7890691743
9243 1280932.3976576168
9266 1281131.9865137767
9273 1281206.0320681068
9290 1281575.3309364670
9292 1281942.1960506737
9344 1282057.9301040629
9345 1282834.9490395070
9351 1282888.4064687483
9359 1283213.9626793114
9369 1284139.4997243553
9372 1284291.2704633889
9400 1284349.5073557121
9411 1284396.6529458121
9494 1284814.4532272867
9509 1284865.1939562189
9550 1285129.3238665301
9565 1285219.0815920525
9601 1285342.1145623485
9602 1285457.6450508849
9625 1286049.0785340450
9676 1286223.6164625473
9699 1286488.6753755345
9717 1286904.6219993823
9751 1287104.3238361245
9755 1287274.2540679981
9804 1287492.6952664882
9852 1288068.2489285565
9917 1288207.0458511277
9923 1288445.0922904399
9931 1288476.3303090280
9943 1288718.5132550690
9995 1288754.8789886492
10001 1288533.8603991510
evaluations raw_y
1 706593.8572056770
5 707011.9415832323
14 707721.2103945892
16 709498.4291775802
17 709626.5096937743
21 710092.5517978680
24 710305.4536154621
28 710368.4217716177
32 711156.2972383113
34 711971.9986258358
36 712055.9476380887
38 712395.8201468057
42 713017.6418295729
44 713112.9084899365
47 713588.3899917562
49 714353.5236393418
60 714973.8349737737
61 715221.7752064441
67 715733.9389983163
73 716407.5488214119
76 716540.5724189770
79 717219.4718084318
84 718438.4635286825
85 718868.4357754214
88 719242.5498907478
93 719636.7121673162
95 720042.6449204683
96 721175.4895173832
97 721451.2767161217
98 722998.9260018520
103 723218.6114842790
108 723653.5852694490
114 724761.5080420943
115 726353.2979102544
119 726958.3557116017
120 727074.4814015033
122 727893.4487391016
123 727913.4954251933
130 728513.7124194331
132 728933.6196879360
138 729608.4351443037
142 730570.0223911568
146 731181.6485176014
149 731831.3536322184
155 732191.9609361752
159 733131.2897349502
163 733285.7788169641
164 733993.4629063837
168 734577.6482296317
170 735328.0535683713
174 735728.2982535523
178 736109.2215831109
180 736497.4754163756
184 737715.0488444982
186 738566.2198821919
190 739172.1483142156
194 739361.1041820705
202 739498.7486778341
204 739575.6411566036
206 740552.4567645838
208 741752.9381112690
210 741953.3246423135
216 742035.9450700614
218 742407.1522699430
219 743820.0893276740
220 743860.6820622046
222 744601.9863789551
228 745537.0916991858
229 746081.5731754710
231 746636.7719418979
232 747172.4083591955
234 749111.1584002449
242 750108.4926796866
245 750288.9389002242
246 750931.5754757451
257 751524.3409749825
259 752562.5846241303
261 752729.7264124729
262 752835.5934260996
263 753722.3806050821
268 754293.2777820620
271 754944.8833903467
275 755018.0533730721
277 756788.2251957940
280 757598.9185887276
285 758555.5513871058
287 758825.8692983857
289 758893.5159969192
295 759688.9943718021
296 760166.3108743274
298 761389.1739107970
311 762370.5495425267
313 762431.6156566419
314 762871.9811502980
316 763421.3862871650
317 763661.0517410908
320 764353.5935111393
321 765282.8404597162
328 765740.0179432279
335 766025.6055534248
342 766541.9903220070
343 767386.5666555903
348 768131.9899124295
349 768217.0658235580
351 768907.4105813215
353 769403.1729850887
354 770272.8371176592
356 771003.5420290967
359 771249.9177099386
364 771533.8303251101
367 771767.2798485678
371 772984.5471039807
374 773107.6741352853
379 773636.6737755579
381 773948.2176308914
383 774030.6070561529
386 774422.5185053406
389 775263.0814582105
393 775692.9420355513
394 776155.5978712733
400 776954.1513366876
401 778574.0930983904
407 778894.7186909785
409 779023.6225292445
413 779582.3357196811
421 779651.0608324234
424 781161.5670544979
425 781405.1566074492
428 782698.1152853852
431 783339.0209788755
434 783955.6502468063
436 784028.6867300529
439 784300.3880995386
441 784842.4635127228
452 785408.7103139670
455 787035.3796278302
457 787666.8286219720
459 787894.5067031701
464 788042.3991503349
468 788207.8882811681
469 788740.6950757501
473 790030.8732700712
475 790129.4558295007
477 790211.8675499149
478 790997.6190882137
483 791680.0330661961
488 791719.9030261219
491 792361.5806078557
492 792558.7582581512
496 792733.1939550963
498 792790.0044574259
499 794200.1074147382
500 794569.4217465585
503 795060.8903249428
505 796589.0098218529
510 797336.2993796284
512 798186.7553743082
513 798941.9867652507
514 799796.8900126832
515 800584.4568882814
516 801286.0178347905
519 802670.8841964648
520 803661.6206363548
526 804038.2616192704
537 804918.4011961218
539 804959.2057814612
541 805786.2790288940
546 806069.8953592848
550 806457.3519647699
552 806530.1642101425
554 807094.9102878107
558 807394.3773233477
560 807548.5771976276
562 807668.0641182412
567 808306.6692436101
568 808530.6127395502
570 810376.8977030468
571 810826.1205478926
574 812685.9315191242
578 812881.8693264541
584 813297.6502979890
588 813868.9114863980
590 814451.3434663112
592 814841.3254651055
598 815655.8973357545
601 816069.7227038793
602 816791.1913852320
607 816959.1699946919
617 817474.7065738427
619 817685.9306249934
632 818461.0038121635
637 819195.8700834765
640 819442.1469617791
649 820089.6920818760
650 820579.8094840238
658 821123.3179422027
661 821445.7832411953
662 821490.8667429322
664 822184.4783911085
668 823232.1749720072
676 823725.3149314863
680 824253.4005338071
683 824881.3859640642
686 825396.3032801220
689 825665.3013386746
697 825767.5656541680
700 825930.4293317572
708 826582.4103576088
712 826866.0575186018
714 827742.2392348523
720 828617.7810824740
721 829512.6269495913
722 830114.6581187028
728 830487.4292399518
730 831673.3634694174
733 832374.2228062336
735 832726.6612748938
736 833316.4892379206
737 833794.1583316204
746 834080.6500129905
747 834907.1464409472
748 835152.8175508532
750 835239.0959566016
753 835788.9940728712
761 835984.4508987997
762 836511.5860287067
766 837877.5330018642
767 838647.1993512004
774 839195.5680510771
775 839503.7045725947
777 840384.2227408203
780 840565.1029627313
786 840864.0556363733
787 842014.7457936008
788 842692.4037508568
789 843598.9321814746
790 844155.8411562199
799 844903.5989754330
800 845822.0343132743
802 846791.5233473142
807 847879.8203442865
813 847952.7203144351
815 848710.1957838857
816 848971.9704638972
829 849824.2972341951
833 850704.5223944995
838 850740.8112894085
841 851521.2946278956
850 851837.2595386017
855 852148.9704616038
859 852452.7128282675
864 853286.9612400875
867 853396.4998090974
869 853428.7353614811
870 853546.4834107513
877 854748.4513303385
879 855198.7944541092
883 856181.7526341028
888 856186.4808784125
889 857117.4038370632
893 857961.3827659359
898 858843.7372817302
901 858885.9907739204
902 859685.5215520033
906 860307.7661695398
907 860423.5100210817
910 861143.1340587626
914 861696.2165832648
919 861901.9931826557
932 862236.8401124564
933 862879.6699497146
935 863786.5482319599
949 864080.2073579699
951 864145.1481088746
953 865335.2028408530
957 866183.0619967271
968 866832.4015096978
969 866855.3664241844
972 867942.7651342029
976 868905.7159876709
979 869708.1079994487
984 870256.4497111201
985 870892.1376332890
994 871686.5422949529
995 871830.9376536784
999 872347.9085655778
1003 873064.4525882411
1005 873893.9195790486
1006 874209.0255344998
1008 874562.1555765427
1016 874621.0743241374
1021 875194.0392546136
1023 876008.6856339332
1029 876263.4064680320
1035 877279.9063037251
1037 878492.0409675555
1041 878690.5287590164
1050 878713.0832425348
1052 878929.6345083191
1053 879675.0866544722
1056 880232.3309243830
1059 880626.8332231498
1060 881563.8558891336
1061 881694.2692463321
1062 881761.0080259651
1067 881777.2131829580
1068 882471.8288384356
1073 882993.2188647744
1079 883701.1904563697
1082 883715.5585996537
1084 884618.2797623654
1087 885342.6857487781
1089 885824.7170374241
1100 886241.8268279564
1112 886385.0724463540
1113 887262.7674861230
1114 887467.8641098280
1117 887870.2993754859
1122 889191.3763695005
1133 889634.8815466781
1134 889878.6155714779
1142 890579.2443417945
1148 890880.7075565682
1151 890979.4559389501
1162 892640.9168131433
1166 893635.3048487651
1171 894560.5155868033
1174 895321.2702269157
1178 896172.2013198372
1185 896272.0123610058
1194 896558.9730417834
1195 896919.0665023931
1197 896978.6655609349
1201 897638.7717209599
1204 898425.3266957345
1209 899132.9696179513
1224 899620.1184670847
1228 899949.1799638929
1231 900060.8709472701
1232 900305.3003506946
1236 900723.5590467058
1244 901457.9135690761
1246 902095.3561390290
1253 902276.6645414282
1259 903042.6287425330
1261 903329.3119151620
1262 904207.7892363096
1263 904700.9280777439
1272 904882.7337660296
1273 904994.6912711927
1277 905003.4205278635
1279 905105.8547579411
1289 905374.6669998873
1290 905610.7654253349
1291 905766.8498204319
1295 906568.4307943662
1300 907262.2446049297
1306 907389.2673853644
1313 907748.3868050525
1317 908730.6244122629
1320 908813.8983490451
1325 908963.1203992899
1328 910007.3773969561
1329 910806.7283439086
1338 910864.3674426761
1344 911058.1111681429
1347 911578.4143472692
1348 912086.1588138178
1357 912859.0623644704
1365 913301.3555600051
1366 913444.4462835881
1367 913559.5391559760
1379 913846.8250256444
1381 914812.9341641281
1383 914813.0550848863
1385 915776.9408971139
1387 915821.6103814959
1393 916268.0177517241
1394 916774.2018399048
1398 916885.2838490389
1400 916899.3655369711
1403 917765.7706130270
1404 918687.9070247302
1406 918954.3275800291
1411 919210.0319253133
1426 919409.7664577571
1428 919813.9179882234
1429 920039.3457060021
1430 920982.6246042011
1434 921272.8693271430
1435 922097.5178104255
1436 922680.1516978776
1437 923498.2735466039
1438 923509.6989635228
1439 923986.2649136879
1441 925135.6118941158
1442 925463.3353083836
1445 925931.9120680216
1453 926343.0680157944
1456 926966.2778862510
1458 927725.2556411379
1461 928227.8095478133
1466 928393.4195169369
1472 928465.1642919433
1473 928471.4284471290
1476 929096.9616216908
1479 929647.6339036922
1489 929885.2803125558
1494 930557.1700835875
1496 930661.6285753874
1497 930702.4401252726
1505 931157.7094917585
1508 931664.8844431117
1509 932215.9773930967
1514 932393.1265348227
1518 932402.6102925692
1520 932746.0316935738
1523 932974.8307933990
1537 933352.3739242537
1538 933995.4000757925
1540 934316.8496728784
1543 934487.6127833134
1551 935270.0881506279
1553 935800.7627014414
1555 936076.4830114333
1560 936913.0558993187
1561 937741.1897710632
1570 937923.5421968447
1577 938221.7584449261
1582 938488.1643149381
1584 938493.0749100966
1586 939049.9996841585
1591 939050.3637022793
1594 940852.4830960287
1596 941357.6153487141
1598 941392.5922821625
1601 941572.8204290093
1604 941977.3283315131
1606 942359.8007785972
1611 942642.8287796392
1613 942908.7610013706
1616 943009.4239396458
1628 943935.0875377740
1630 944160.9930432992
1637 944901.6035906448
1640 945104.6915595998
1647 946011.6254957378
1650 946313.6530644370
1666 946859.5604271677
1688 947095.4979199440
1689 947572.2407745562
1690 947808.0765449727
1692 947948.4911028637
1693 948802.4107962819
1701 949079.2355050523
1704 950031.0959135724
1706 950032.7313993460
1711 951102.2429601428
1715 951799.9575769630
1720 952110.1881436993
1721 953233.9744835609
1723 953276.0558332087
1726 953552.2148935358
1731 953891.3402145025
1734 954652.0888346824
1746 954699.6666386917
1755 954900.5034869097
1764 955202.1584151407
1770 955389.9344512769
1779 956479.3932524004
1790 956960.6714916039
1795 957622.3798335063
1799 958328.5091468367
1803 958811.3269731714
1806 960570.1787673902
1812 961064.4048299970
1816 961318.3301457271
1818 962036.0104849279
1843 963123.4763714818
1845 963182.1951456703
1849 963456.3964326016
1853 963529.9766787873
1856 963991.3024296730
1861 964122.7926258206
1864 964292.2433692827
1871 964843.2854145301
1878 965558.4939373217
1885 965881.6241715527
1890 966223.3367103999
1893 966997.4087532564
1895 967432.0876638498
1898 967514.3753873232
1903 967591.0191034925
1911 967603.7489125654
1916 967777.3329689403
1928 968391.9209906813
1930 969059.7522763868
1932 969627.4729891403
1933 969782.9616419241
1936 969890.0929066075
1938 970457.8109912922
1939 972217.6606638436
1946 972587.0171675470
1951 973060.2412350003
1953 973613.4665572841
1955 974195.3764908195
1961 974772.9882154193
1969 975395.5762535682
1973 975621.3938167113
1974 976378.9842438312
1976 977126.5501989807
1979 977186.3036235101
1982 977875.4166305058
1984 977998.4065101047
1986 978038.2579988060
1987 978978.8223089123
1988 979495.3814193624
1992 979607.7645204903
1995 980308.5727455216
1996 980621.3762603386
2007 981531.6117988228
2040 981748.9660058435
2041 982347.0078085589
2045 982547.8038850983
2051 982869.1209836514
2061 983033.2191613020
2065 983716.7706710343
2066 984553.8367824601
2070 985475.6136376103
2075 985854.9628755074
2087 987544.5322787906
2097 988396.3583082493
2110 988711.5363197745
2114 989337.5455716008
2116 989849.4903679227
2117 989900.7386830343
2121 990573.8556484896
2123 991113.4611327853
2125 992018.4275402478
2136 992285.0698259128
2143 992395.6078554471
2148 992718.1863898394
2149 994047.6846907693
2156 994136.3350110420
2164 994745.5628851136
2172 995736.7723246732
2179 996570.3432049239
2190 996978.5465853307
2192 997601.9034559281
2198 998616.5225082864
2199 998793.0013195311
2212 999584.6445325058
2215 1000026.8790620014
2220 1000565.4876584290
2222 1000780.2523716948
2226 1001453.6074054576
2242 1001628.7666196092
2244 1001738.4510245457
2259 1001997.2228208493
2260 1002852.6519228006
2262 1003516.4006472905
2273 1003650.3950188766
2275 1004189.6789638845
2297 1004662.3871909011
2302 1004671.5369593187
2309 1005475.8468803932
2315 1005500.9194834760
2317 1005843.7287658720
2321 1006130.9678567256
2326 1006734.5765094882
2329 1007374.0030397194
2333 1007514.8774648553
2340 1007549.6587985315
2347 1007588.9725997521
2350 1008384.9127403074
2358 1008979.8596812405
2362 1009914.2057915181
2372 1010382.5525933241
2375 1010875.2255958517
2385 1010884.5063866181
2390 1011167.2688951631
2391 1011550.2386953998
2394 1012232.5091277447
2397 1012926.5936102143
2399 1013167.5398544926
2409 1013448.1442666748
2422 1013490.6504545599
2435 1013526.3073802616
2445 1014868.2243109886
2452 1015259.9782302681
2461 1016186.1377462554
2462 1016842.6411195854
2463 1017723.5316186285
2466 1018251.7880296469
2470 1018869.1374229019
2473 1018904.1550468185
2476 1019377.0053799314
2477 1019629.5461480659
2479 1019874.1053691705
2480 1020205.6004348274
2491 1020251.4938075606
2499 1020540.8643959366
2500 1020542.7563035582
2503 1021088.3071672338
2506 1021337.1729750179
2520 1022998.6855235774
2523 1023576.6849963012
2524 1023917.5619538962
2528 1024201.7670407601
2539 1024919.7217029822
2544 1025598.1813157047
2545 1025837.0215906801
2546 1026559.4656136276
2548 1026820.1206584659
2578 1027233.2408010715
2581 1027608.7992134548
2582 1027713.7889018912
2583 1028444.1913755013
2588 1029269.3020281963
2592 1029879.0624081385
2596 1030182.5800205460
2597 1030328.5877167820
2598 1030937.7165036701
2601 1031060.2282642896
2602 1031531.4560783561
2603 1032177.8771378456
2610 1032591.3126771492
2612 1033512.8841344814
2616 1034646.5889289881
2618 1035048.0179938532
2620 1035715.5659869753
2622 1036335.0982111574
2627 1036639.3275158558
2633 1037711.1791542887
2634 1037951.0469691490
2637 1038172.9013274639
2645 1038485.2128770526
2647 1040121.5205546210
2648 1040803.5890116002
2651 1041172.8420430268
2659 1041603.3801002962
2664 1042369.0065656669
2668 1042411.0316840784
2684 1042908.1777996023
2688 1042965.1744876644
2697 1042978.3333170640
2705 1043111.6642096143
2707 1043732.5049876162
2726 1043867.8768447380
2739 1044176.0526822371
2762 1044980.0846530352
2772 1045939.1819029470
2788 1046346.0770338599
2791 1046998.1584882929
2797 1047644.6194659737
2803 1048564.6142711905
2810 1048628.5806501170
2815 1049534.0049192207
2816 1049898.5912450238
2818 1050889.6387739775
2825 1052190.3246026915
2832 1052733.7805245135
2835 1053283.1963911203
2837 1054193.2510480469
2840 1054275.2916477900
2854 1054696.7239036912
2863 1055249.5131369901
2868 1055724.4508570677
2870 1055926.1563758559
2875 1056253.9153509240
2882 1057348.9060788823
2892 1057367.1278322516
2893 1057375.6249580244
2894 1058154.4112680578
2897 1058611.6817827278
2905 1059326.1383357060
2907 1059452.4272313658
2914 1060336.0122495738
2920 1060800.6389486860
2931 1060895.3248021181
2932 1061071.6928234571
2936 1061399.6413723570
2966 1061828.1697292142
2967 1062273.0970046811
2981 1063077.4157710213
2983 1063852.4087522076
2984 1064061.5234019877
2986 1065287.7103617974
2987 1065919.4872861430
2991 1066487.0051367446
2995 1067206.2382392860
3008 1067982.7123914487
3010 1068287.2256178367
3013 1068550.7553521511
3028 1068755.6178414330
3031 1068964.6797297434
3036 1070156.3538544870
3038 1070525.6495260515
3040 1070661.7112728844
3043 1070989.1036930671
3045 1071431.9179839508
3054 1071880.0435222969
3061 1072042.4420566866
3062 1073030.6947282366
3065 1073090.4419336859
3070 1073875.6227489356
3071 1074079.3410468744
3076 1074115.1339121175
3082 1074354.6395384092
3089 1074979.2991533200
3097 1075207.5274344424
3098 1075739.2573226641
3119 1076009.8646500059
3120 1076156.2799281359
3132 1076709.5813640205
3150 1077174.9622095516
3158 1077504.7234944929
3162 1078541.8482541053
3171 1079129.3551791746
3191 1079165.3048725352
3199 1079836.3824772805
3206 1080648.2405481541
3210 1080720.4157556673
3217 1080917.5577689235
3218 1081771.9406064656
3227 1082225.0225042494
3239 1082273.6699603796
3242 1082505.0859156933
3247 1083499.9909603265
3248 1084037.2307183198
3255 1084091.6046747041
3261 1084525.0006154955
3265 1085317.4054521800
3279 1085857.1892441381
3306 1086505.2954305874
3315 1087690.4433602444
3324 1088489.9097472164
3326 1088958.5396264694
3332 1089281.9045578183
3343 1089988.1074019871
3346 1090774.4849222030
3361 1091137.1063649387
3364 1091151.6870444063
3368 1091360.4359568306
3370 1091596.4892223682
3380 1092133.5917347949
3396 1092166.6900664528
3403 1092637.4404908835
3413 1093376.0171945130
3415 1093466.4870274621
3418 1094006.9989470204
3427 1094301.6274757166
3440 1094586.2773268830
3442 1094616.3571896926
3447 1095209.9137085148
3455 1095230.5220849067
3463 1095769.7402186019
3466 1096774.6589889794
3474 1098350.5333438218
3480 1098706.4544615587
3505 1098744.5920071218
3506 1098851.4295122535
3512 1099744.0163171266
3518 1100290.1905117827
3523 1100730.4979848089
3524 1100754.4454683817
3525 1100943.9316398415
3531 1101171.0557480024
3542 1101238.1587255993
3545 1101619.3716247834
3548 1101917.7369551456
3549 1102164.8950524845
3551 1102242.8598035090
3559 1102839.6166329032
3567 1103723.2255015741
3568 1104081.1347427818
3569 1104440.5920661909
3570 1104614.3211895672
3572 1105183.7071373456
3584 1105519.0799276491
3594 1105937.3956689574
3596 1106040.9009181021
3614 1106567.3504277598
3619 1107371.8805582589
3622 1108402.4127400601
3624 1108534.2727334232
3627 1108696.7527924471
3628 1109105.1285955131
3634 1109773.8441031261
3644 1109878.4378534076
3653 1110756.7629423854
3657 1111413.8263341277
3661 1111583.4302110830
3663 1112440.0015983116
3665 1112537.4763788658
3667 1112537.8665258815
3670 1112806.6870278695
3673 1113336.5818808803
3680 1114093.0280426447
3692 1114465.0436233645
3695 1114798.0586041415
3697 1115586.9561735881
3701 1115880.1468635297
3704 1116221.4888205249
3713 1116992.3154137877
3720 1117091.3573495229
3725 1117748.2265552350
3766 1118095.2252744022
3779 1118179.5694820902
3781 1118729.9924978456
3783 1118955.0187772992
3799 1119411.3221862675
3804 1119927.9586189287
3805 1120420.2002573921
3807 1120851.6319085849
3814 1121152.6192300839
3816 1121790.6988022754
3818 1121915.9240864606
3822 1122559.8330616029
3824 1122764.9111295252
3826 1123629.8720987157
3837 1123896.4106018664
3841 1124270.7767797902
3849 1124399.2891385013
3859 1124634.0440768243
3863 1124773.3325174924
3889 1125193.7889173159
3896 1125366.4309701109
3899 1126385.9845566987
3908 1127147.7353830503
3917 1127390.5804221178
3919 1127453.4238391684
3923 1127586.4781046398
3931 1128311.3523578334
3932 1129066.6422603664
3933 1129126.2972224909
3941 1129349.9792704608
3942 1129899.9281141937
3951 1130140.4272617344
3955 1130385.4141520173
3961 1130390.6363487090
3963 1130983.4957676819
3967 1131935.3372773854
3968 1133025.4549701037
3971 1133954.9221491895
3974 1134510.8893119709
3976 1134869.1606099019
3981 1135276.0923055320
3993 1135514.7636831617
4002 1135611.3962378181
4017 1135627.1780939475
4022 1135642.9078557768
4039 1136378.7862571806
4060 1136888.7082920077
4082 1137880.5677482490
4087 1138288.5560455250
4092 1138843.9661076784
4105 1139362.4978526288
4111 1139936.0652819271
4113 1140520.4506260923
4137 1140877.0532316924
4140 1141090.4291155322
4146 1141339.3031909592
4148 1141425.9657459538
4154 1141779.7251486022
4163 1142565.4969940863
4167 1143199.8370455543
4184 1143382.2571997368
4186 1143561.0251510066
4200 1143633.3561265927
4218 1144059.3214958669
4224 1145829.0365622598
4225 1146675.2648494225
4227 1146911.2560625218
4228 1146931.1613907134
4243 1147714.3143405030
4247 1147799.4375887655
4248 1147809.3521983158
4251 1147860.8487497976
4257 1148751.2896919302
4293 1148874.4827060350
4298 1149181.5951422919
4299 1149283.3500052595
4303 1149683.8496058136
4305 1150267.5587591238
4329 1150961.8509004072
4341 1151382.3843526302
4342 1151877.9424916955
4346 1151966.3944264902
4347 1151998.0249748842
4355 1152766.8350859135
4364 1152866.4896069611
4399 1153345.2438781192
4420 1153514.2366152266
4433 1154010.2240102105
4440 1154511.1317351230
4465 1155309.5882560350
4484 1155419.8676180593
4499 1155943.2555012587
4501 1156032.3161343834
4512 1156947.4356600919
4523 1157326.5400840444
4529 1157386.3600620949
4533 1158783.8808213479
4543 1159050.3910947568
4550 1159332.5101754989
4554 1160112.6224939108
4555 1160819.7291746747
4568 1160984.2422613993
4570 1161107.2601180505
4612 1161436.5316382900
4615 1161492.8826036332
4618 1161917.8781791688
4629 1161961.5275951119
4630 1162214.5244125011
4642 1163013.4440508457
4643 1163846.5856854976
4645 1164416.8490058198
4646 1164424.5506660137
4652 1164708.9674196991
4653 1165685.8756004793
4655 1165878.1526419227
4662 1166467.4920117585
4665 1167076.8741739853
4669 1167219.4925045064
4682 1167223.9183914647
4683 1167831.2569153311
4687 1168803.4545942429
4692 1169684.2811708134
4702 1170002.2126306994
4707 1170174.6975896342
4709 1170596.3438334612
4730 1170868.7996152164
4736 1171461.1454063375
4744 1171978.7304067719
4776 1172204.1640760007
4807 1172815.1676269625
4816 1173783.6301117751
4866 1174735.2392757526
4874 1174977.2392568761
4875 1175307.0234055745
4876 1176110.0037785522
4883 1176427.7717298067
4889 1177295.1756592793
4890 1177606.9234869396
4891 1177679.4877427900
4918 1178929.5657294691
4919 1179512.6353796965
4937 1180942.8917872794
4955 1181840.5146972423
4963 1181947.9462850192
4993 1181976.2149997053
4997 1182099.2183736300
5000 1182131.9836016623
5006 1182606.6124457167
5007 1183267.2353681391
5009 1183340.5444344524
5011 1184321.1961132525
5012 1184416.9042595807
5028 1185170.1162624289
5043 1186136.7802145730
5044 1186180.4573973641
5058 1186497.1618660584
5060 1186829.3856649899
5086 1187248.1627558903
5087 1187894.3060632932
5090 1188116.8719182026
5098 1188451.1496035992
5099 1189175.2191198296
5107 1189219.2602364009
5108 1189550.8459401107
5110 1189901.9572237786
5111 1189971.6863690659
5114 1190809.6867150113
5145 1191609.6405704271
5149 1192502.1816243674
5159 1192725.6220522088
5168 1193375.6999364947
5180 1193724.2513005356
5181 1193962.2235787699
5186 1195006.0899481541
5190 1195415.5376289764
5195 1195518.9410965201
5196 1196205.7121017638
5293 1196289.8678286257
5296 1196832.6963567408
5302 1197438.3088683267
5319 1197956.5946772289
5320 1198187.4832222527
5328 1198501.9900975826
5332 1198975.8118589991
5355 1199713.1470147173
5363 1200025.4432171122
5376 1200319.4316697265
5384 1200511.4540632886
5399 1201187.7285626200
5416 1201245.1861288464
5421 1201457.5822879528
5427 1201897.0425984603
5429 1202566.1728488696
5445 1203192.9376919896
5446 1203202.3571988861
5447 1203218.9680284711
5466 1203293.6027962186
5469 1203295.5474193986
5471 1204342.2761405348
5502 1204656.5992966555
5505 1204834.7250529421
5507 1205329.2047434286
5529 1205444.1745658913
5533 1205538.6196470098
5545 1205889.5915375890
5571 1206041.5421126557
5575 1206941.3624636317
5585 1207432.3085093964
5588 1207849.2443781304
5594 1208288.3827565408
5625 1209011.4671683074
5635 1209575.1236900317
5644 1210172.0620729940
5646 1210858.7106078467
5652 1211374.5280694158
5676 1211543.7369078088
5693 1211828.6697415996
5704 1212175.7663107095
5707 1212248.1028405051
5717 1212597.7014680572
5724 1212695.6360471884
5727 1213161.7484657855
5753 1213681.0959477322
5784 1213690.9301601339
5791 1214104.7645237553
5799 1214400.9236647391
5811 1214650.1749659795
5851 1214789.6225595297
5853 1214953.6306586009
5863 1215105.5604726493
5864 1215305.7488268390
5883 1215732.2116734860
5886 1216122.1132561804
5897 1216237.4642096786
5905 1216789.3055218023
5906 1217389.3742275697
5910 1218137.6344044872
5911 1218505.7347680491
5920 1218772.9584794217
5923 1219382.7637311181
5958 1219653.3467937282
5963 1220018.5466716397
5970 1220078.4411792443
5971 1220585.6751988786
5973 1220751.8994704534
5988 1221407.0775579764
5990 1221935.9081980106
6010 1221979.1767295871
6014 1222094.1766379769
6016 1222195.3448021037
6043 1222636.5348962701
6046 1222707.3162264521
6064 1222766.8280821829
6089 1222933.9654657971
6113 1223051.9928315461
6132 1223092.0298074733
6134 1223665.4790433797
6154 1223897.0505650386
6160 1224475.7506249100
6179 1224615.7329306232
6183 1224782.4944814988
6184 1225462.1949863376
6185 1225898.0290820827
6198 1226703.7557041587
6207 1227574.2053179368
6208 1228519.7970112544
6230 1228898.9238552486
6253 1228914.8044862577
6259 1229610.9646232193
6272 1230173.3006489729
6283 1230267.9104509307
6295 1231448.3344294969
6301 1231713.4663997714
6321 1232265.2481989539
6326 1232562.1340181907
6334 1232931.5448878151
6361 1233549.7266704680
6402 1233745.0253511074
6403 1234370.8965764393
6407 1234614.8587503391
6415 1234857.1673628227
6425 1234903.2155882390
6455 1235365.0359715216
6460 1235516.6853344513
6467 1235754.9105003835
6478 1235784.7370027851
6480 1236003.7981308121
6492 1236390.8830228273
6514 1236814.8746959278
6531 1237136.9029742109
6535 1237642.2103822166
6543 1237972.8516239887
6546 1238291.2728677108
6560 1238345.4292540615
6564 1238355.4878893602
6586 1238586.2211600135
6606 1239177.2305963817
6618 1239717.6228153689
6633 1239842.2468842301
6653 1239858.7131670818
6663 1239970.2314524394
6667 1240180.2252084571
6674 1240255.9071711232
6683 1240464.4189639112
6709 1240556.8582174315
6721 1241480.3988126402
6723 1242227.7929354827
6737 1242783.8399833979
6750 1243825.3644746819
6759 1244618.9881833172
6768 1244621.1881317117
6834 1244702.8097497206
6838 1244766.6601446550
6850 1244870.7769558961
6853 1244982.5350956416
6860 1245146.9372180391
6862 1245449.8097405541
6891 1246301.3243112057
6895 1246392.7071535843
6903 1246671.3051927490
6910 1247014.6792778864
6911 1247319.5053936071
6915 1247663.1769301542
6925 1247937.5243593641
6947 1248901.9156578535
6959 1248926.5529412727
6997 1249446.3601953061
7001 1250022.4884640733
7014 1250793.5714450220
7020 1250915.8477073226
7022 1251023.2205992118
7047 1251754.5933991042
7060 1251979.8312140813
7087 1252445.3997905995
7102 1252600.6995620017
7135 1253045.6336384006
7139 1253157.4176160567
7150 1253702.6186622111
7177 1253800.2351603678
7207 1254817.6386041287
7208 1254821.3490285138
7210 1255063.5654564775
7222 1255163.2674086450
7226 1255220.1676224708
7227 1255339.8632192230
7242 1256029.3759869530
7245 1256117.7647907278
7256 1256173.4182056382
7268 1256681.2574527927
7286 1256904.9404724771
7295 1257533.1439867255
7312 1258096.0567761511
7314 1258747.3319653990
7329 1258860.0384523489
7345 1259152.3215994837
7370 1259228.8964771596
7373 1259445.6911682328
7383 1260542.6717524384
7390 1260784.3812101344
7399 1261414.2891393476
7426 1261668.7162577086
7429 1262275.1217058024
7464 1262858.9855028861
7472 1262939.3591661702
7496 1263265.6657046832
7529 1264241.5308795590
7611 1264611.2171368457
7614 1264787.6896980028
7622 1265159.5342230455
7634 1265753.6762179667
7635 1266462.4519248065
7637 1266508.3673287835
7646 1266556.3733574334
7656 1267004.5655222074
7657 1267184.5319818696
7661 1267813.2187446400
7670 1267846.5824032743
7682 1267954.7738655098
7687 1268830.0081863364
7720 1269006.7003265531
7734 1269479.0092566295
7748 1270101.7147409557
7755 1270276.0305145022
7759 1270382.2413464214
7769 1270881.0723553910
7776 1271113.3679487430
7809 1271251.9535828147
7850 1271332.7123551252
7858 1271864.8634297401
7869 1272082.2677756546
7883 1272533.2799408433
7890 1272722.1092894620
7894 1272839.6309721624
7900 1273022.0215980462
7964 1273214.8014944955
7971 1273232.6746063789
7974 1273615.5897404866
7984 1273849.4236419483
7989 1274370.1526792494
8001 1274465.1520693970
8007 1274483.7053470749
8013 1274627.4239716353
8031 1275070.4203525370
8058 1275070.7898839039
8078 1275619.7111658647
8135 1275689.2891477689
8136 1275833.4649450253
8139 1276045.1345675371
8157 1276753.7255436201
8171 1276794.9899829926
8175 1276814.4257748923
8179 1276958.3314443065
8190 1277250.3525486153
8205 1277825.9612305327
8226 1277892.3214235285
8236 1278100.9070525384
8242 1278756.7826003621
8245 1278943.5963319025
8293 1279330.0196463894
8356 1279845.5877807904
8376 1280067.1469515744
8377 1280199.9606944891
8391 1280557.0036813032
8408 1280722.2015335073
8411 1281336.9394085153
8420 1281468.0902462399
8428 1281537.7411521776
8433 1281701.4699929995
8452 1282374.3359560976
8454 1282628.6388791166
8495 1283164.8207361824
8507 1283281.3139820292
8533 1283993.0927286353
8537 1284248.1822393611
8546 1284354.9884554418
8610 1284566.1144129133
8611 1285028.7421996549
8613 1285373.9752041579
8741 1286116.6010071330
8777 1286446.0605633783
8794 1286797.1211344076
8798 1287295.6862546217
8819 1287857.0408951859
8876 1287970.4386047928
8913 1288125.6305698340
8929 1288126.5465072165
8936 1288283.4280269521
8989 1288714.4113481359
9018 1289146.5770235907
9100 1289800.6287583364
9125 1290459.8486012332
9165 1290768.9914353327
9213 1291399.3522734428
9228 1292125.0372258874
9229 1292282.3999645230
9237 1292286.4357262002
9269 1292315.9615247322
9288 1292416.4880108382
9304 1292692.5041786437
9320 1292762.3224777835
9326 1292829.9752705519
9332 1293470.3437393261
9333 1293927.7173146647
9350 1294081.6068895645
9399 1294202.9478352363
9401 1294208.9409327114
9402 1294605.6890879259
9405 1294992.1199283577
9416 1295313.5243372694
9440 1295403.5611246706
9477 1296142.1272045181
9499 1296548.5503347123
9525 1296676.7476232869
9567 1297000.0270948238
9576 1297160.7928023490
9608 1297438.6346949521
9615 1297810.9049358261
9686 1297836.8213219419
9705 1298326.8154286030
9765 1298362.9787739587
9772 1299372.2947377646
9794 1299797.2113490265
9798 1300029.4061528351
9815 1300156.8824209627
9878 1300659.9322032360
9903 1300739.7728982535
9925 1300893.9502891181
9934 1301062.0396713477
9956 1301291.3548718139
9974 1301298.2458914705
9979 1302039.1491244282
9983 1302223.2334099885
10001 1302223.2334099885
evaluations raw_y
1 690727.5643123131
3 691437.1580851778
4 692645.7747358194
9 693303.0883693750
10 693893.1420610793
15 694815.1786337703
17 696574.2550607385
21 696679.2880607144
22 696852.8369673991
23 697068.6294409393
26 697732.9169116425
28 698030.1561368305
29 698419.9570996885
37 699178.9548675009
38 700255.5789619931
48 700505.1754573059
49 700812.0425512182
53 701663.7986030580
60 702186.3016209232
62 702320.3878283896
64 702620.7077885666
67 702997.7910605551
68 703667.1755718339
69 703874.1882318626
70 704322.2320201371
74 704580.6235502516
75 705302.3143447235
76 707400.2509871239
77 707690.6811135657
78 708106.1881677452
80 708514.0903980721
82 709192.6169606692
83 709365.8159896978
86 710146.0159025433
89 710265.8767744878
92 710676.9599148807
93 711058.4493536716
98 711497.4223551524
99 711592.0291104474
102 711713.0595624716
107 711809.7582219786
115 713082.1620962363
116 713574.0076607231
117 713701.6129193919
118 714446.7547151004
120 715052.8470033882
124 715701.7156885922
125 716436.3949021314
134 717333.3950956296
137 718098.7561323739
140 718376.5344787771
147 718948.3371983225
148 719744.2441634759
149 720826.2391505687
158 721087.0513821125
160 722386.7680438304
167 722723.3169013576
168 724905.0450248193
170 725464.5599171181
171 726686.9815659977
174 727505.4360684431
176 727758.5885507074
177 728874.6606655398
178 730110.8954942187
180 730595.4001615677
182 730595.6358658267
184 731405.1632255126
186 732323.8939865768
191 733035.7064990718
200 734590.7902843162
201 735332.3869727276
204 735768.8107202554
205 736187.1430930132
209 736391.2298752310
212 736660.5549685038
214 737165.6150272990
218 737408.0081670943
223 737983.8058550656
229 738343.3683313313
230 738457.8156890719
232 738527.7052236286
233 739598.0061184737
239 739781.0668295714
241 740196.6340777826
242 740469.2893929956
244 740643.2571878613
247 741217.3556013172
250 741249.1188034313
251 741285.8061616224
253 741525.3264784913
256 742207.9601125035
258 743013.1110519733
259 743428.8601264006
264 744119.9984540083
276 745671.7294266655
279 745901.7496434648
297 745989.7251660674
299 746213.2731314785
302 746621.3334178579
309 746653.2508498993
311 747340.8668523004
312 748317.1062861055
314 749965.3810926217
322 750828.0033971077
329 750997.7910035468
330 751468.8888314290
332 752098.8774490135
336 752277.0105853358
337 752697.2042525542
338 753255.6069640012
340 754097.1776120305
341 755234.2071800841
346 755254.9949733643
348 755383.6013810822
350 756086.2241085691
355 757942.5173098022
359 758494.5425422409
361 758889.1224287705
362 759819.7431991057
363 760796.8731701758
364 761297.1611817679
367 761812.9712608478
374 762877.5868987198
377 762991.1159194560
379 763520.7464273125
385 763732.9055516567
396 765138.3660646646
397 766086.1275144552
404 766364.5944379872
405 767815.6375429952
406 767888.0781298702
409 768577.3014327210
411 769290.0320747813
413 770114.9522454146
414 770642.2960919805
418 770758.2141246876
423 771214.8607404192
426 771554.9435799071
430 772006.2619675348
435 773258.5359970937
443 773636.2174382240
448 774549.1063100999
454 775005.3109531990
461 775392.9763969929
464 776069.2377841423
475 776375.8367630300
487 777272.6132546347
492 777516.3514020980
493 778051.0945248064
495 779204.4184961488
501 779621.5091190544
503 779636.8078604398
509 779800.1957027473
514 780331.5728354765
526 780449.9942002426
530 781284.5566379724
533 782415.3644042746
537 784082.6391175782
539 784307.9034349495
540 784682.2456753246
544 785661.6517990085
551 786512.5820342328
557 787296.6628389974
558 787512.5707137543
559 787628.2887859694
563 787708.8130513869
567 787792.0529121582
568 788738.6015283299
569 790055.3518121871
570 791485.3350026216
572 792366.6990159920
580 792830.9702116830
581 793088.6363655576
582 793282.5367719744
585 793621.7350507835
586 794305.6625970693
606 795293.8202743724
607 795820.7187722939
608 797057.7513896713
610 797188.3714863792
618 797709.2590585208
622 797874.9912041062
625 798100.5591815897
626 798202.4492604918
627 799092.8115796644
634 799723.7961712925
645 799734.7189043590
646 799739.8088601722
647 800119.5635875640
650 800285.3301212181
654 800349.7651211706
662 801269.6590280964
663 801340.7760932881
668 802145.2595118715
678 803075.7838311121
682 803621.2096205358
686 803962.2534113005
694 804604.6047247121
695 805134.8751092509
698 805738.6621604335
706 805986.2571415744
711 805988.4961974103
713 806666.7524157371
717 807192.5793502020
720 807619.0700272360
721 808904.8988578925
727 809507.2962786622
735 810006.2423275380
737 810080.1099066638
739 810405.7320824801
740 811390.0589832676
744 811421.0164788885
749 812249.2678062684
751 812296.8699513748
753 812449.7768384316
755 812896.4114125348
780 813867.2860285874
781 814065.8446639463
784 814675.1857216364
792 815403.3272309330
793 816102.8971641868
797 816184.7767422717
804 818097.5290350572
810 818483.3899566360
812 818960.7188950961
814 819443.6082021456
817 819445.0247964843
820 819732.7909557741
825 819831.3290898558
827 819832.0339272595
828 820424.3940572554
831 820681.0168551739
837 820698.2123574258
842 820885.8275820777
843 821494.2176529409
847 821614.9558563181
848 821829.1642076541
849 822497.6070479985
850 822716.3470003866
851 823054.7312153777
852 823279.5457781825
855 823966.0179737109
859 824083.7928075289
869 824810.4645987407
870 825178.3960577978
872 825993.9567707326
873 826072.5918619388
878 826937.6885749269
886 827047.2431169186
895 827249.5935561388
897 827425.6959204252
903 827761.5414570231
907 828171.0092395988
909 829127.4223755989
917 829189.8174790697
918 829411.6724366425
920 829966.2533737449
926 830453.6482875710
935 831081.9430993384
944 831840.2607346866
947 832028.0054081435
948 832885.8344988825
949 833234.5571324398
951 833283.0848768026
955 834119.9761321408
961 834337.5348306590
962 835319.5143729063
970 835650.5602401468
974 835708.1198927490
977 836154.5977129261
986 836348.6151823075
990 836450.5791434284
991 837189.5979641916
997 838081.7681231232
999 838139.0889813256
1000 838183.0185946765
1005 838288.1300970713
1010 838460.8471884805
1021 839017.0752488688
1022 839782.8418450927
1023 840168.6882776673
1026 840225.6611525799
1029 841042.1036685952
1031 841985.2319539139
1034 842150.9490150401
1044 842772.6408383823
1045 842946.4980020957
1050 843046.9715298100
1051 843772.5227564975
1052 844118.0714602263
1055 844739.8460933998
1068 845089.0806395567
1069 845601.7602532537
1073 846100.0974390948
1075 846429.3617072735
1082 847353.5473566377
1083 847491.1361330767
1084 849229.6957965060
1085 850166.8265874862
1093 851514.6426066739
1096 851776.3139390901
1097 852969.4579023292
1099 853578.4885050073
1115 854444.0578094681
1117 855177.3815916021
1121 856128.4495386737
1122 856244.8502599510
1129 856993.7803674318
1130 857352.7851626842
1131 858254.4367293924
1135 858597.3341002251
1137 860058.7178613514
1139 860098.1875281141
1145 860838.2015942734
1149 861037.7578815699
1150 861076.3252030506
1152 861826.2712545601
1154 862174.5584928440
1155 863024.7345360427
1169 863537.6369051111
1173 863947.5548841240
1177 863972.1402225700
1180 864771.1029186186
1185 864821.4433081599
1186 865066.3771049364
1192 865515.5553447122
1193 865878.6246350658
1196 866546.4968740044
1201 866766.4139838667
1203 867283.9935828137
1206 868103.0038410299
1208 868368.6104569364
1211 869750.2708309458
1224 869904.8964113750
1226 870162.1510156891
1235 871764.3198788266
1241 872667.1875030020
1243 872925.2604980692
1245 873627.2335565079
1250 874270.1308367746
1252 874358.2804701687
1254 875465.8007169713
1255 875721.5866807296
1265 875826.8017081829
1270 875848.4069069164
1272 877489.8012426475
1275 878323.6914194090
1277 879068.7060317234
1279 880351.4837793640
1282 880372.6316554247
1284 881263.5207588294
1285 882028.1011325332
1288 882316.8487459773
1293 883127.8597625060
1300 883933.2305182881
1303 884315.9356301497
1305 884932.5528308771
1309 885354.7452810705
1324 886262.0080470422
1331 886910.7639386902
1333 887093.1467489877
1334 887850.9365406520
1340 888169.5484314203
1342 888204.3936588492
1353 888874.7224413371
1355 889442.9195818027
1364 890172.3630421564
1376 890621.6865791586
1379 890636.5293132772
1384 890952.6206063585
1404 891770.1122265066
1407 892259.7474006402
1409 892951.1848130550
1414 893294.3580737930
1422 893693.6013929874
1426 893792.3208632409
1428 894184.7758640065
1430 895062.8764942822
1432 895578.6608103686
1439 895837.4641603952
1441 896135.4451485955
1450 896231.6114174795
1455 896435.8820594464
1456 897034.1077839343
1458 897674.3768245988
1461 897749.7923933935
1466 898138.5475804338
1468 898152.7660194206
1469 898271.4599574790
1474 898302.8526367282
1476 898578.9773268255
1480 899075.1143911403
1487 899587.2319298297
1489 899774.7012414442
1497 900153.2889920280
1503 901188.8296817415
1504 902305.1797234742
1506 902751.2739117981
1507 903569.0644442093
1510 904085.7559033700
1513 904576.5904720547
1523 905405.8591798430
1528 905554.5735292820
1533 906150.4021894847
1542 906462.2340759329
1549 907050.5695215639
1553 907400.0126644970
1559 908086.2918132779
1573 908307.9716424821
1584 909074.5434151253
1586 909889.1264644569
1589 911442.3244000480
1590 911485.4761295931
1597 912413.7117302968
1600 913026.0906264514
1607 913269.6123285438
1610 913871.1314804170
1613 914084.4170943610
1618 915104.8867938955
1629 915403.9070634532
1635 915528.1939028194
1637 916205.5594008140
1639 916214.2558012744
1641 916387.1353137494
1657 916614.4315807114
1658 917257.2850245951
1661 917961.7879840429
1663 917985.3537938211
1668 919134.0645367361
1673 919767.6331959369
1679 919870.7515810954
1680 920461.5588073889
1681 920615.0109371130
1688 921040.3335620415
1692 921256.0489967968
1694 921701.6822971094
1698 922678.4979015321
1699 922938.3626885946
1700 924096.2372979607
1709 924964.3526004682
1714 925758.0111587407
1731 925879.5788111897
1733 926309.2888116733
1749 926751.1114898059
1758 926756.1517445487
1760 926979.8744387034
1766 927325.3636354561
1768 927642.0682087805
1772 928366.5804734024
1780 928719.5009102493
1781 929519.4792803342
1791 929525.1642393443
1794 929804.6182794089
1797 930281.5352995092
1798 930601.9094957591
1799 930750.6387812393
1800 931137.2584795804
1806 931526.8870014433
1809 933326.0076755006
1810 933540.5540277273
1817 933661.1874102728
1820 934204.3850093551
1822 934245.5951876930
1825 935127.6529053091
1828 935660.3442787036
1834 936370.0953886813
1836 936519.2936057365
1837 936852.4501284005
1839 936974.1338052286
1845 937659.6402330439
1852 939053.9554327813
1854 940031.5927168533
1861 940481.5074547756
1870 940490.6020970447
1879 940750.3447734292
1886 941267.3078872127
1888 941267.8645813826
1902 941558.1055686139
1903 942266.0709185041
1906 942945.0541596286
1911 943760.5351848018
1915 943961.3827957894
1941 944458.2964007648
1945 944510.4854181034
1948 944691.1960709223
1955 944847.1619862692
1958 945166.8168413684
1961 946046.0914589493
1975 946351.8774845448
1976 946383.5574264441
1984 946869.5127912075
1988 947053.0091723216
1991 947655.9133931325
2002 948209.2710961411
2006 950003.8327499040
2017 950172.9432292683
2028 950645.7457828675
2029 950744.1801077558
2034 950817.6983021934
2044 950861.7378367668
2045 951531.2258931447
2052 952054.6305318833
2057 952180.3850303610
2058 952721.3427523606
2059 953080.6013525390
2060 953199.2096621863
2061 953466.0166756928
2064 953675.6053528005
2066 954392.8243202852
2068 954543.8671582827
2070 955092.0477804858
2076 955418.3890614850
2081 955593.6217523841
2086 956478.9388462839
2095 956499.8779876144
2097 956676.9343923662
2108 957561.9304282308
2111 958195.2380787558
2126 958314.8819841268
2127 959454.6588838984
2128 960143.8370152598
2129 960721.5464284502
2131 960912.5804633813
2132 961757.4054574464
2134 962574.2694776207
2135 963281.5403350798
2140 964021.1299958428
2147 964118.4420346403
2159 964315.0065796595
2164 964997.8594690920
2172 965318.0932154331
2176 965393.5945914836
2178 966240.1232273892
2180 966353.2441835314
2186 966953.9653863718
2187 966977.4134740159
2198 967067.5445683263
2202 968042.0895847519
2203 968255.0335787481
2207 968448.7955184119
2211 968685.5125244841
2232 968820.1827166764
2234 969054.0921800978
2235 969345.4999955710
2243 969363.5951929797
2253 969582.3931069607
2263 970383.1649314325
2269 970653.4950178229
2271 971628.8584971734
2272 972771.8950987582
2288 974181.8522862530
2291 974791.6634141486
2294 974867.2339734923
2303 974921.0616914362
2313 975556.7690169697
2323 976138.6048229387
2325 977363.0713791845
2333 978160.6665152768
2339 979266.6870179349
2340 980115.6205939848
2343 980662.3472300966
2345 982270.4891995274
2357 982728.3855321442
2360 982763.0365856922
2362 983040.6065329163
2364 983448.7038417016
2367 983666.6758383303
2371 984127.1476924368
2379 984961.9351613880
2390 985318.1716880252
2391 985951.4126692333
2392 986189.2574991137
2393 986363.0584393044
2404 987061.9010518517
2405 987112.7259889267
2406 987802.1529161973
2407 988719.9215172423
2415 989589.6882591196
2419 990212.0700177900
2421 990528.9431547696
2422 990817.7277710052
2423 990939.2118516630
2429 991520.1799510914
2431 991616.3404969082
2433 991772.2458601727
2435 992314.7862523061
2442 992890.7404909007
2443 993668.5852724162
2452 994212.0175225660
2456 994323.4550187699
2457 994370.8696419157
2465 994683.9321422637
2482 994851.3249743726
2485 995343.7610022088
2487 995877.5839504690
2490 996262.7967859340
2495 996811.5865742658
2496 997052.7648180329
2498 997581.7640976362
2500 997658.9323190555
2502 998218.3908201919
2522 999209.0266489082
2531 999859.3675662541
2544 1000722.5887824279
2545 1001360.2420449803
2547 1002210.6467257835
2555 1002679.9356619540
2561 1003079.4616645155
2563 1003179.4314806644
2567 1003340.1345506589
2568 1004030.1061587422
2574 1004390.8144193200
2581 1006208.5592040997
2586 1006361.3937040613
2594 1006654.9863940335
2601 1007127.6913618745
2606 1007198.4494625750
2608 1007642.2751588864
2614 1008752.2439009176
2616 1008861.4137555438
2623 1009126.8134263334
2627 1009620.4174323757
2629 1009927.4912890331
2633 1010039.0224267658
2637 1010252.1913494515
2640 1011143.1492251136
2643 1012185.9098545791
2651 1012521.6543408959
2652 1013589.9003036389
2656 1013939.5157347223
2659 1013954.1984832656
2665 1014288.4833975773
2673 1014921.7531626812
2679 1015110.8309662185
2686 1015642.6554239301
2709 1015769.2589023410
2711 1016330.0877520313
2713 1016362.6762748301
2719 1016580.1609919905
2726 1017088.7233773611
2729 1018289.6671694784
2733 1019346.1136653409
2740 1019614.9208227379
2741 1019775.0916361907
2745 1020073.2026567023
2746 1020416.5394135814
2750 1021136.4386828622
2753 1021238.5617931489
2770 1021478.0592600317
2800 1021584.9847021737
2801 1021765.6208037868
2808 1022075.8905982823
2811 1022449.7819245867
2812 1023062.8935726185
2813 1023140.4056280955
2822 1023755.5610949697
2824 1024510.0266556975
2829 1024583.7195601631
2845 1024713.0892689290
2853 1025394.1997217407
2857 1026112.1337299211
2860 1026913.4652073687
2884 1027464.3009216553
2900 1028214.7683983357
2907 1028822.9010354098
2908 1029340.8853608193
2910 1029480.6802417014
2913 1030408.1984492664
2940 1031066.0696113217
2945 1031767.6167032163
2946 1031879.1729705465
2967 1032819.3790595675
2981 1033361.4794541756
2983 1034209.2419502051
2985 1034704.7002637101
2998 1034991.9027328003
3001 1036443.8435107778
3002 1037088.4216804003
3011 1037669.0199534147
3015 1037724.3821215593
3017 1037733.4801523807
3023 1038618.1093371711
3035 1039104.7463466976
3036 1039597.3406267662
3038 1040143.2869669587
3050 1040283.5011254257
3057 1040499.5038211202
3063 1040837.6260974007
3064 1041223.3274867176
3071 1041862.4414859444
3077 1041968.8101903634
3083 1041997.5298086562
3090 1042599.8120349633
3095 1042935.5743446790
3100 1043189.7682738544
3106 1043530.5785776549
3108 1044210.7741480960
3111 1044231.0876794538
3112 1044307.7273435137
3129 1044569.0217715763
3136 1045741.9989332055
3147 1046159.9104437827
3160 1046322.2467632643
3163 1046323.5628059816
3165 1047128.1790689807
3167 1047941.7428040078
3179 1048292.6028869293
3182 1048686.8919937632
3185 1048942.4482452315
3193 1049165.2642731941
3196 1049431.3075755530
3210 1049853.1707335790
3229 1050771.1942578058
3239 1050781.6440833719
3243 1050855.7854147444
3255 1050924.9329543272
3257 1051547.7411336803
3262 1051560.9478375167
3266 1052443.8279946165
3268 1053043.7863614524
3271 1053285.2025881263
3278 1053381.1392696418
3283 1053806.7085570314
3313 1054568.9086281087
3316 1054630.8816769982
3325 1054770.1446517347
3329 1055577.8025334608
3332 1056153.7447395925
3344 1056246.9925044088
3346 1056719.5275239153
3354 1057494.5584680329
3369 1058250.8647633425
3374 1058449.0329399379
3380 1058526.6079760485
3384 1058661.2098388453
3390 1059025.7921389060
3395 1059941.6712988999
3396 1060659.3805638163
3406 1060791.3395102592
3415 1061360.9688926549
3419 1061643.7916634690
3434 1062453.0940196293
3454 1063007.1428735757
3456 1064254.0627469020
3462 1064261.0265811351
3481 1064612.8947983591
3482 1064616.0654925262
3490 1064704.1180129533
3498 1064791.6477014658
3510 1064855.7518555520
3511 1065611.4763054037
3512 1066244.4518519926
3516 1066798.9545924079
3521 1067524.1785704053
3528 1068145.0025063781
3530 1068561.6763079569
3531 1068589.3523480103
3560 1068641.7777652657
3562 1069009.6406430968
3568 1069444.4066703701
3569 1069485.5854042899
3576 1070120.2846362069
3578 1070360.5473715328
3585 1070935.9476970062
3599 1071792.2205289942
3601 1072167.9557425587
3610 1072967.3615176636
3613 1073421.1194236518
3618 1073897.2805008634
3635 1074020.8122693836
3637 1074285.2164231692
3638 1074911.1800084715
3639 1075855.4955681991
3654 1076731.5604121045
3657 1077285.4166183705
3659 1077300.9834803178
3664 1077518.0686944420
3670 1078996.7103570532
3673 1079857.9024968138
3674 1080085.3454792085
3676 1080642.5658109861
3682 1080866.7078401521
3686 1081273.8296855914
3687 1081757.2795536763
3689 1081758.8766108395
3697 1081874.1227076224
3705 1082722.2538714481
3711 1082904.0180244464
3716 1083623.0883895126
3723 1083798.7672934933
3724 1083884.0998023208
3736 1084090.5631581275
3749 1084782.6882801021
3761 1084823.1699762414
3771 1085178.4826202122
3777 1085574.1662290683
3786 1086143.5339214085
3791 1086245.6334962959
3807 1086918.7415119966
3816 1087170.4104061753
3817 1087757.4673968391
3820 1088172.9622645471
3821 1088616.5713267112
3823 1089372.4847166059
3840 1090524.4581411413
3850 1090965.9258251085
3851 1091001.1332633870
3853 1091143.5080825821
3863 1092031.3721631982
3865 1092256.4438935579
3866 1092731.5209134407
3882 1092895.3666402034
3887 1093274.4514812648
3889 1093630.5748819108
3890 1094641.6198032168
3894 1094765.9840240795
3895 1094804.2752178763
3909 1095388.8885214543
3911 1095431.4946937938
3916 1096152.2891177819
3921 1096292.8154329825
3924 1096344.0852721420
3925 1097194.8677159327
3927 1097198.8865596410
3928 1097880.5292034729
3935 1098340.0356690648
3954 1099634.5027008650
3961 1100433.5661985185
3964 1100755.9028582105
3969 1101029.8166100155
3974 1101777.2020688292
3977 1101870.8087077483
3990 1102342.1244217483
3996 1103313.7099800471
4002 1103662.2171629339
4007 1104125.2366966982
4009 1104535.1270267435
4022 1105429.3622097473
4027 1106435.2922575597
4031 1106953.1407771443
4032 1106953.6693149172
4050 1107340.8240438811
4069 1107707.0439954556
4079 1108040.5377185028
4109 1109017.6904497237
4114 1109275.2728124328
4115 1109895.6127610886
4117 1110237.4120574065
4123 1111399.3129143864
4124 1111961.6236987030
4127 1112714.9359607885
4131 1112736.4617120917
4140 1112738.5985662313
4156 1113094.2691559391
4171 1113310.8928052026
4177 1113390.5253471688
4191 1113635.6431385283
4194 1114324.0283810543
4209 1114634.2730573679
4238 1115498.7298625656
4245 1115638.4368409615
4246 1116171.7943691330
4256 1116555.7648674652
4266 1116804.4351246448
4268 1117259.3682189349
4272 1117334.3700387601
4316 1118544.2603036410
4317 1118829.3817468144
4329 1119220.3311756726
4337 1119559.3917807280
4356 1120253.4078928418
4373 1120366.0280723537
4378 1121060.4386535832
4384 1121385.1631440772
4411 1121681.1647418716
4414 1122214.4285038260
4417 1122507.6632804011
4431 1122892.6752063187
4446 1122954.7434515443
4483 1123650.1780216403
4488 1123829.3828640177
4491 1124189.9499434526
4492 1124526.6577123024
4495 1125194.6222108498
4502 1126274.1910655592
4506 1126703.2999737896
4512 1127497.4469328141
4519 1127789.9197175468
4538 1127837.4085929145
4569 1128009.4803489663
4570 1128353.3182763888
4575 1128825.0084836213
4578 1129206.5920874181
4584 1129396.3582719713
4589 1129543.9526769219
4598 1129548.2884515272
4614 1129827.0947724998
4637 1130246.0965342033
4647 1130255.4861582525
4661 1130558.1948907904
4662 1131203.0365234846
4673 1131900.8698422930
4681 1132568.6025296617
4686 1133474.2528506289
4694 1133586.4698078686
4700 1134257.1163830692
4713 1134778.6091038990
4714 1135728.9728356183
4728 1136018.1672270782
4748 1136038.9212382934
4749 1136505.7199704184
4769 1136584.3639187061
4782 1137312.0357963303
4792 1137480.0492015122
4799 1137915.9163607832
4815 1138643.2112044308
4825 1138804.1261922424
4827 1139961.9302431312
4840 1140321.8927244139
4841 1140805.3054543696
4851 1141051.4557238717
4863 1141660.5456515057
4864 1142021.9611322603
4871 1142061.1719747221
4877 1142516.7143111876
4883 1143048.9378595443
4886 1143377.6087005329
4889 1143983.2346412432
4906 1144751.3910495366
4907 1144980.1532918676
4931 1145038.4717307121
4932 1145069.7336772340
4956 1145619.7987663178
4973 1146537.2030049548
4994 1146661.3032783275
4995 1146944.9931864163
4998 1147448.1340477273
4999 1148480.3954748891
5001 1148828.2705466291
5004 1149239.1705981707
5010 1150319.2086706089
5011 1150478.5190392961
5017 1150702.2434085463
5018 1151220.4251290672
5020 1151626.9290337076
5024 1151993.5140845263
5029 1152173.2764985242
5034 1152242.7956144351
5036 1152887.8153044879
5045 1152928.7093304601
5047 1153229.7739558036
5061 1153593.5823289515
5065 1153783.3653974750
5077 1154518.8868021860
5086 1154591.3358032550
5097 1154873.3061191593
5103 1155324.3297823775
5121 1155934.5745278839
5124 1156068.7681070995
5135 1156396.4080050653
5140 1157058.0905400894
5178 1157367.7031229711
5203 1157751.9613788126
5236 1158982.5547617879
5238 1159093.9543271060
5246 1159946.1790870752
5254 1160352.0528058866
5260 1160375.5082461045
5263 1161713.9719306794
5266 1161844.9552918586
5270 1162037.5608827840
5273 1162707.0160404146
5285 1162730.5815220594
5288 1163005.0543049560
5311 1163097.0479773518
5315 1163762.9843822743
5337 1164536.3546428476
5339 1164773.0332677625
5345 1165472.7822235283
5347 1166091.1696865901
5348 1166167.8077990080
5364 1166431.0817671018
5373 1166556.9302502163
5393 1166563.0793476372
5402 1166617.2443146538
5403 1166808.8204125150
5404 1166843.4563970498
5406 1166951.4363789852
5437 1167547.5823498855
5479 1167834.9866358242
5482 1168306.1366727604
5488 1168949.7887314644
5504 1169271.3825411997
5509 1169632.7814579220
5514 1169953.2307432105
5516 1170422.3694378210
5517 1170676.5950545203
5518 1170731.8274136304
5520 1171581.3112218431
5553 1172074.0763108430
5596 1172841.8649439327
5604 1173660.6670529214
5607 1173798.6154700969
5617 1174308.5684261196
5627 1174383.8722228105
5636 1174660.5565532402
5646 1174961.5867658975
5665 1175306.6432091324
5678 1175511.7798326062
5680 1175902.2794240285
5682 1175917.3270841122
5683 1176752.9848227524
5689 1177066.7122734671
5694 1177345.8857560623
5717 1177418.4085550450
5718 1177540.3832647796
5730 1177724.4558220298
5737 1178038.1473376160
5752 1178596.3893246255
5754 1179029.4481523891
5757 1179154.0372153465
5760 1179854.6228385058
5767 1180825.1685287820
5775 1181798.2478465799
5790 1182268.1058791140
5795 1183240.0566922291
5833 1184230.8328173321
5848 1184993.3221614780
5852 1185692.7185135391
5886 1185770.1131622249
5894 1186370.1484625000
5922 1186714.0717361823
5924 1186877.8558291432
5929 1187436.3653483007
5931 1188002.3418911868
5972 1188428.8316012891
6015 1189052.5463517401
6027 1189170.7010356928
6028 1189843.4725913606
6030 1189950.1078471218
6031 1190643.4748217950
6051 1190650.9341163782
6063 1190784.8341992130
6080 1190817.0743703684
6101 1191026.4220621453
6118 1191056.2364195350
6123 1191133.0598428533
6139 1191647.2151717986
6160 1191909.8592595633
6187 1192347.2322176760
6190 1192413.6960271818
6211 1192724.7172722125
6225 1192837.8916872488
6226 1193634.0814808276
6233 1194384.9912106174
6236 1194760.6279728182
6240 1195433.2577852726
6261 1195852.6907208038
6263 1196117.0686313114
6279 1196121.5335922709
6286 1196463.3929556652
6296 1197158.5824389237
6300 1198018.2598327564
6304 1198274.3072974437
6328 1198672.1739238291
6340 1198803.2992197948
6341 1199742.1774374472
6345 1199953.7093492013
6353 1200052.6813565874
6365 1200555.8174106320
6369 1200670.9856074254
6384 1200813.0680869997
6388 1201336.7408809783
6390 1201511.7158223300
6412 1201649.6761373812
6419 1201892.4939941880
6420 1202218.8373941770
6430 1203013.2837967854
6432 1203120.9881603483
6436 1203373.0424024891
6445 1204089.0278395929
6454 1204093.1687703454
6497 1204319.6825651205
6511 1204664.7689407736
6525 1205430.5960067795
6526 1205791.2038606636
6559 1206651.1812073882
6577 1206776.3651921023
6579 1206784.8573091070
6596 1207005.0645872026
6617 1207204.4953039465
6627 1207424.1529723455
6628 1208596.6150571785
6635 1208717.2127339966
6642 1209293.5736636745
6652 1209920.5102723215
6659 1210005.1944807828
6670 1210319.2876569005
6679 1211094.5775456505
6702 1211458.4568902289
6706 1211607.2591975725
6719 1211896.8968215627
6747 1212646.5104580866
6767 1213549.6871055430
6773 1214383.9643904991
6792 1214949.1649596358
6800 1215171.6155974020
6802 1216050.5396913318
6806 1217011.1332716830
6831 1218174.1295499692
6885 1218722.4587175234
6916 1218939.4543812284
6936 1219002.5882707939
6938 1219078.7869007278
6945 1219307.0281609762
6955 1219308.1954058204
6957 1220011.5777300796
6960 1220660.3115748218
6979 1221105.2428322053
6981 1221650.3628008410
6982 1221744.2668239940
7013 1221853.3526355049
7026 1222176.8291359900
7029 1222824.6945322317
7045 1222937.0227734502
7056 1223200.4995839554
7057 1224163.7845496892
7073 1224685.7906937399
7092 1225127.0187889384
7105 1225924.4604282300
7114 1226604.7752763350
7128 1227251.5418804693
7137 1227966.3637227172
7144 1228052.7464960532
7147 1228053.6149208839
7155 1228785.6245528990
7165 1229020.2273012802
7183 1229385.5881654071
7191 1229408.5089251022
7208 1230257.4648409924
7211 1230795.8530142135
7228 1230825.2674916822
7253 1230946.7682088099
7256 1230984.1491958341
7262 1231952.3639463491
7277 1232291.6792333494
7280 1232308.0485637009
7298 1232748.9563594030
7302 1232819.1588841316
7305 1233633.4309635835
7313 1233881.9964267530
7336 1233913.5014701979
7347 1234032.4874507338
7377 1234824.4828644274
7389 1235804.9502406814
7390 1235839.5671950420
7422 1236651.6535962026
7428 1237326.5850552279
7444 1237738.9179055060
7450 1237899.3860674782
7471 1237913.1011583135
7489 1238567.5860893552
7494 1238688.2842959813
7499 1238923.0154561223
7512 1238939.0132687620
7538 1239777.9023462329
7569 1240182.1018435250
7617 1240371.6142024526
7625 1240661.6496768356
7629 1240866.8813650126
7645 1241426.7273230935
7669 1241879.5191600421
7677 1242274.7155097870
7696 1242520.1522242322
7720 1242838.7840144539
7724 1242874.9153289318
7731 1242888.7040431174
7737 1243815.2672586816
7744 1244538.1898475923
7748 1244913.4590484987
7764 1245111.3169430317
7785 1245668.1001130636
7801 1245928.8066348711
7808 1246022.3363059568
7834 1246329.5047835538
7848 1246389.1465212980
7864 1247029.9835168389
7877 1247603.3890335662
7882 1248189.5812475258
7896 1248563.2117742563
7942 1248829.1003104364
7948 1249791.2851497317
7976 1250268.0979251340
8041 1250771.7141649814
8057 1251115.5092154033
8077 1251292.5990619147
8112 1251922.7028755511
8124 1251998.3160981259
8132 1252211.6122904287
8141 1252946.8673025505
8170 1253789.6108295687
8172 1254821.8850251173
8185 1254856.1262022611
8223 1255529.0213649331
8248 1255894.9264521601
8253 1256395.0381706196
8254 1256489.5087982113
8256 1256549.9899631543
8277 1256990.5032257300
8289 1257522.7004665597
8336 1257551.0898917441
8342 1258229.8727003119
8344 1258994.2829631609
8358 1259447.9576763599
8370 1259575.3161496755
8380 1259577.4461251819
8416 1260234.2885033162
8443 1260422.0097343784
8445 1260425.6631836973
8446 1260574.6468039677
8453 1261246.3193580946
8468 1261456.2860789599
8485 1261787.2065750475
8499 1262573.0731328877
8507 1262606.1181224843
8528 1263341.1501665595
8530 1263841.5034816633
8553 1264035.5634262690
8583 1264126.2202897219
8589 1264393.3842649620
8605 1264595.6720090625
8608 1265022.5046715748
8616 1265216.0371443527
8631 1265833.3395886277
8635 1266300.1299992390
8674 1266463.1090951553
8706 1266519.0516582546
8743 1267242.5862640741
8749 1267246.8498114888
8752 1267523.3398419311
8761 1267721.0534603065
8766 1267865.5531648174
8794 1268235.2204199953
8803 1268663.7443065292
8805 1268977.5121792208
8823 1269510.9471914133
8846 1270510.4889703135
8865 1271114.0251985246
8868 1271808.7686667398
8886 1272570.1427913739
8890 1272971.3786067779
8908 1273380.3199595141
8933 1273523.6952307317
8951 1273689.8881924797
8967 1273980.9473868574
8970 1274012.9617878809
8983 1274013.6190515314
8984 1274614.7207499780
8989 1274784.2857081669
8998 1274931.4553501091
9009 1275040.3716993828
9016 1275387.5548816759
9031 1275743.8329806284
9073 1275928.6816168686
9099 1275971.9931665540
9118 1275973.1436002820
9157 1276070.5341045333
9181 1276408.4458763960
9201 1276880.2192561023
9211 1277199.3283255415
9215 1277277.7524878413
9232 1277379.2094394849
9238 1277539.0717425356
9248 1277577.2888077607
9266 1277729.5090687845
9288 1277874.2744827934
9316 1278211.2208561052
9317 1279196.0268109147
9336 1279559.7236593624
9375 1279784.9945395377
9393 1280183.5855442777
9410 1280665.5345888746
9413 1280851.3181244831
9427 1280960.0130538968
9442 1281134.1888454615
9445 1281182.2157272405
9449 1281259.0278243145
9460 1281890.4866765842
9478 1281890.5718030727
9481 1282208.5278362208
9559 1282217.9911185505
9567 1282712.7414123826
9595 1283143.7776736417
9613 1283309.9929580237
9620 1283460.4231265038
9624 1283668.9293520278
9628 1283671.1877923119
9638 1284662.2784711611
9641 1285558.6840081250
9659 1286063.1290398370
9705 1286953.5287311613
9706 1287092.5837971563
9744 1287208.3749654198
9748 1287209.9203096104
9759 1287646.1642376867
9771 1287646.7114729416
9785 1287667.7194274843
9819 1288502.9744138077
9830 1288745.1554320431
9873 1289649.0458540302
9901 1289769.3864479777
9912 1289816.3302747263
9920 1290007.8792329652
9947 1290077.6071618618
9977 1290388.0917005064
9983 1290395.7880284416
10001 1287727.3084597569
evaluations raw_y
1 684404.3808464773
2 684743.7388903175
6 684851.8959619980
8 685039.5205236167
11 685875.4254258064
18 685903.9671738821
21 686608.2345389954
25 687440.2320531461
30 687987.2216969585
31 689158.7833124982
34 689579.7343139460
36 690191.9574143997
37 690429.1508811841
43 691792.7595136036
45 692365.8554254258
46 693019.5053558860
48 694383.6805542660
50 695073.8950325671
53 695725.5206302105
56 696335.1026343860
57 696434.3277984357
59 696948.3061201003
63 698190.9799382912
65 698206.4396126111
77 698517.2896286685
82 699885.0019400845
85 700006.8943558856
88 700975.7112701385
99 701626.6471796222
105 702040.5204493231
112 703157.3677139893
122 703386.6166135970
126 704008.8464463765
128 704349.5517267830
130 705325.4279104095
134 705537.1607928599
135 705848.0569754579
137 707295.8643449974
143 707586.5397508945
148 708388.4142636935
150 708825.8693325921
151 709287.5113080497
153 709647.4962250296
156 710315.7967687555
161 710536.8466016756
170 710754.5215709500
172 712378.6037309156
176 712954.5491028384
178 713098.3278070563
179 714088.6246628467
180 714881.5586719027
182 716039.0294401257
188 716822.5892173056
189 716918.7908263649
191 717394.8351969174
192 718532.8113507959
195 719570.4815365218
196 719726.8977227553
198 719734.5162514305
202 720021.5498036050
204 720766.1299690220
206 721494.8278045654
207 722483.4490515594
211 724116.5756766048
218 724471.3164187706
223 724881.2987909283
224 725004.0341164769
225 725015.3077641022
227 725285.9724803707
234 725946.3956312840
235 726797.7991191105
236 726811.2890479546
244 727029.4394908733
249 727968.9724072752
251 728220.4228286925
253 728262.5750888482
254 728699.7666784771
256 729255.2788202581
261 729845.2672833533
263 732367.2943246574
267 733042.1475733792
269 733218.7228782418
278 733238.8541126010
279 733860.0580543649
286 734772.4641566466
287 735464.0797618756
288 735909.3649225020
295 736713.9804619882
298 737616.3979685996
299 738664.8925238133
300 739169.2915610963
306 741022.2000801209
311 741038.4679302120
321 741252.5449698189
322 741396.5741933465
327 741447.8679422545
331 742117.2686167134
332 742835.8667528761
334 743139.1396478674
336 743661.1853781822
337 744599.8750633748
342 745823.4035378164
344 746163.9066546886
345 746265.9173097722
347 746448.9988659150
349 747102.6540074928
350 747663.3290002120
357 748354.9901318718
360 748574.1866172751
361 749420.4700858686
362 750368.4664886073
363 751039.3730584757
369 751744.1609775323
372 751995.7550950589
374 752518.1614841596
379 753239.5868346987
380 754660.6850649458
381 755447.4649149710
384 755996.4322748493
388 756166.5150666289
395 756249.4114462746
403 756497.0376962021
410 757186.1354592654
420 757637.1011729724
421 758289.5586971735
422 758633.9526773572
424 759173.7764751101
425 759770.9560091344
437 760192.1700537403
439 760772.8891886992
441 761459.9173037107
443 761502.3464813605
444 762318.6180932682
447 762376.7199072555
448 762522.5810112692
452 763200.3922780120
463 763301.8041640254
466 763878.0578379390
469 763920.7520592138
477 764520.0184655542
482 765178.4838761340
483 765735.4727474008
489 767021.6812721731
492 767229.6187257384
502 767741.7180314414
507 768174.5109162462
516 769062.9205749412
520 769537.6910411003
521 769923.5689806975
528 770628.8489894628
529 771429.2965054029
531 771723.3800249255
535 773240.6753613449
537 773356.0746447827
538 773774.3351538415
544 775136.8293724008
549 776119.3069950010
554 776438.8630232123
555 777784.5968433487
558 779995.4182250237
562 780614.6415815834
563 781549.1044568935
564 782182.0158032096
571 782746.0123080582
574 783368.5810448378
575 783463.4085976211
576 784097.2326196907
580 784878.0493437510
584 784989.6371018750
585 784998.0764778068
586 785174.9503902795
587 786174.4719888868
588 787155.1605768295
591 787555.0346850017
593 788837.8200223861
596 789042.0265724094
600 789525.0720670561
602 790772.3946383835
603 791095.8629186532
605 791164.7643939476
611 791716.3145621592
614 792697.2557939164
622 793238.1289079965
627 794123.3748783482
628 794290.5502338411
634 794418.0883192669
635 795233.8792408901
636 795573.9284463387
642 796541.7981892700
645 797022.3827680943
652 797505.0561656841
656 798015.7475866784
660 798543.0087957981
662 798545.3671767631
664 800091.6947979440
666 800729.8945313556
667 801058.1236900861
679 801860.2602660431
682 802547.1908919641
687 802892.3456994210
695 803810.1867585840
699 804901.2227802961
703 805478.7256459454
705 806281.6999775753
709 806640.2082742227
712 807088.8945508283
714 808505.2723518951
715 808702.3248834258
718 809526.6816494553
726 810326.2735814145
728 810818.5850891650
730 811878.4969558861
733 812014.9753230129
741 812869.4744022626
743 813067.4160548216
748 814114.6910889706
749 814795.5876962105
752 814999.3474842828
753 815019.4715184985
757 815160.0081051535
758 815576.5317018115
766 816330.0799954191
767 817149.0370879108
770 818050.8877591973
775 818633.3228159513
781 818831.7722943588
785 819140.1290089423
790 819891.4076603905
793 820241.1353323160
794 820898.7992493473
796 820951.3343737323
800 821322.0280149960
801 821452.5767279160
803 821480.4365191599
807 822286.1478403331
808 822480.9230275899
809 822596.2657941586
811 823004.4034978969
813 823765.0050702970
826 824481.2399108869
827 825100.9371238539
828 825478.2507450194
836 825698.6553616829
839 825737.9540628904
843 826607.6472992401
846 827074.3154085741
848 827660.0077903416
850 828590.4020716635
853 829399.4916948831
861 829758.7479079416
870 830526.6774118952
874 830529.0845548875
876 830630.6356795629
879 830757.7444485489
882 831575.1282050507
884 832150.9041208216
891 832333.5747701827
896 833167.4727611474
897 833331.7368830766
907 833445.5445590642
908 833881.5157884882
915 834580.9885216227
916 835182.3777744716
922 835735.2281171362
925 836096.8879436355
932 836994.5864516011
943 837179.7920804888
945 837226.2839770237
946 838158.0603728906
952 838483.1832155195
958 838723.1880198079
960 839552.1851618043
962 840490.5632139379
963 841290.6189530267
966 841749.5416384470
975 842311.1634818595
977 842816.1680258702
982 842955.9115200973
985 843796.4053992298
996 845802.1889584193
999 846598.9513630877
1009 847490.1667342989
1012 848033.6496494969
1016 848994.3488891746
1018 849099.4402884474
1021 849255.0601130616
1022 849411.9741314768
1027 849594.9494817526
1030 849939.9208031696
1033 850154.0955414138
1038 850919.8389832305
1039 851285.0333017806
1045 852405.9615325559
1048 852698.8306263722
1056 853557.6171100942
1057 853868.2236161676
1058 854283.6153835579
1061 855429.5113001356
1063 855909.4743633658
1073 856709.2988560490
1085 857165.8850051638
1092 857374.8591562295
1104 857822.5662480852
1108 858084.4128374662
1109 858183.0502926073
1119 858957.3522797548
1122 859629.3777261553
1129 861140.2407244926
1130 861305.0496037952
1131 861632.8810152725
1142 862309.6259737972
1146 862484.5812628519
1149 863018.4107786104
1150 863326.0615646056
1154 863621.0043946113
1157 863963.9395973576
1158 864986.8851322011
1160 865521.2015058188
1162 865638.0811805497
1169 866088.5342478730
1170 866252.1981851703
1173 867242.5544576579
1177 868178.3376385646
1182 868816.9333941402
1186 869796.1972347924
1189 870649.2534721524
1191 870858.2880357063
1214 871214.6917687571
1217 871875.6249367194
1225 872246.9231514068
1231 873102.9363444884
1238 873562.4115323765
1239 874464.3611217845
1243 875259.3831358234
1251 875803.2153131708
1257 876584.6143558749
1259 877020.6248283876
1264 877664.2455095627
1272 878581.7374377324
1281 878952.3708605181
1283 879475.8569482075
1287 879623.7179976477
1289 880196.3818435164
1293 880921.3219242630
1295 881477.9515909721
1301 881736.1017417136
1307 882167.2632339254
1314 882672.5323826901
1318 883181.8595852603
1321 883306.3191427689
1322 884484.8532868045
1331 884491.9016093628
1333 884806.3035228006
1338 885282.7997484069
1344 885498.5390793748
1346 885517.7386249534
1347 885519.9018337472
1352 885990.3340181689
1353 887838.9961691061
1355 888437.0303920408
1356 889388.3326942469
1357 890167.8073398847
1359 890321.5729018125
1360 891028.4294716401
1363 891090.2248776441
1377 891684.4386345306
1379 892212.0591433203
1381 892934.2647385903
1382 893841.4462000256
1390 894366.6137068901
1392 895692.0852713584
1393 895825.1792006044
1396 896292.5633673482
1405 897692.4139355829
1408 898286.2832020910
1411 898351.5615542525
1413 898966.3218633232
1416 899675.7263867224
1421 900004.7482935849
1422 900650.1460619341
1428 900899.0593099495
1431 901001.0991595773
1439 901994.8204113052
1445 902985.0347250332
1448 903028.3330155958
1453 903749.4798187539
1458 904347.1831598254
1461 904811.3875278609
1462 905802.4426934792
1467 906252.1597649527
1476 907089.6373320186
1487 907598.0242224946
1492 907661.7731405684
1497 908245.6134250872
1498 908335.8800200843
1501 908722.6329669270
1502 909533.5650240276
1507 909768.8409576414
1508 909825.5736806225
1516 909914.6873691713
1525 909987.5754529663
1535 910800.9823291015
1544 911026.6406721484
1553 912148.0313856252
1559 912647.3365712062
1560 912928.6240338200
1563 913875.1313498394
1569 914505.3994845180
1571 914641.6996636300
1575 914965.4973985255
1576 915436.2516462931
1579 916327.1301414564
1587 916632.2922559157
1590 916717.0199968554
1596 916952.5796404982
1597 917232.0772299030
1598 917955.0499078521
1600 919312.9238678709
1604 921573.4264009777
1606 922254.8441482391
1611 922916.8197182523
1614 923714.9553032907
1616 924484.4523071906
1619 924492.6186120062
1622 924589.9948834323
1631 925523.9330718027
1632 926223.6913107857
1633 926410.0379272755
1634 926837.8593568653
1641 927107.7267138981
1644 927323.5234769747
1645 927339.4157755340
1647 927378.8185545162
1648 927613.4207554633
1651 928468.4770769565
1652 929019.8799761357
1653 929838.5902296633
1655 930062.7324130957
1667 930464.1691230068
1674 930752.8754708157
1686 931518.8346116347
1688 932332.6288858155
1689 932955.0829532535
1691 933817.2771926639
1694 934528.8285905164
1696 934569.2583425305
1697 935431.0824112837
1698 936033.6986584039
1700 936510.5322901693
1704 936684.3579241071
1713 936685.7042522777
1714 936813.9079449102
1726 938143.6960090947
1745 938322.8112561206
1747 938544.7228350518
1748 938581.7047151651
1750 938961.8368716378
1757 939559.8216397164
1761 940498.5694903797
1769 940620.2655101039
1780 940645.6528601801
1784 940862.7964807040
1785 941134.4211831334
1793 942410.4117683012
1802 942470.9307032032
1803 942605.6194190085
1807 942706.8513216415
1812 943405.7508088971
1823 943505.7252847643
1826 943513.8158599245
1831 943727.0081386794
1833 944175.6845047469
1836 946182.1070836302
1839 947255.7732045921
1851 947904.5133912096
1853 949396.9040348852
1857 949710.0820564507
1862 950309.0773220948
1865 950983.7143919957
1874 950985.0467177953
1878 952563.2188666767
1880 952957.2135479770
1890 953697.8211294876
1898 953799.6428728275
1906 954002.7990721829
1909 954845.5991479228
1913 954847.7760041286
1916 955264.6041941424
1923 955973.6430024620
1925 956270.8359332638
1928 956587.8699853172
1933 957034.0791997602
1938 957124.6515401959
1939 957692.4271132934
1945 957904.1886152208
1946 958050.0935190740
1953 958249.9348529358
1957 958961.5636686556
1961 959681.5484215217
1963 960542.1401097594
1967 960871.6903087931
1972 960960.9593634972
1974 961743.0451882351
1975 962323.9715854796
1979 962843.2030290988
2006 962914.8663537002
2020 962938.5040996971
2030 963920.1888196692
2035 963978.2555478422
2037 964859.9499324287
2039 965433.3357917072
2046 965857.8402540031
2049 965866.7586110571
2051 966065.7537014592
2062 966147.5692405396
2064 966922.4343119829
2071 967983.6515653668
2075 968895.5112885565
2076 969317.4093598760
2079 969789.2127167559
2084 970152.3946191887
2085 970941.0429015001
2096 971181.7331440825
2103 971216.7168605730
2108 971765.8746934150
2117 972527.4444601702
2120 973264.7246423273
2130 973549.4742557385
2139 973648.4024261661
2154 973804.2711319452
2155 974008.3578757809
2156 974112.6949254546
2160 974455.8834760590
2173 974830.9587122500
2178 974885.4305861254
2180 974896.5556292299
2181 975763.4012673317
2186 976436.1066557118
2195 976760.0755544482
2201 977673.9031721986
2204 978122.7723711292
2210 978771.8778265865
2212 978908.7603548244
2219 979727.0985817326
2225 980556.4781263532
2226 980785.6575830342
2227 980974.6420636665
2231 981036.4707733179
2236 981897.4627322658
2241 982585.1825191779
2242 982853.8150464182
2251 983014.5973052136
2252 983376.5765276747
2253 983846.7173668202
2255 983875.7043155854
2256 983967.3615778473
2258 984306.7015748029
2265 984707.5581448127
2266 985199.5078483677
2276 985403.2828338136
2278 986080.3062831757
2289 986551.4593619818
2299 986595.3649175063
2307 986860.0064203053
2314 987082.7304037546
2315 987483.4021462844
2318 987521.7070861501
2323 987554.8086066147
2325 987830.2659515592
2333 988821.6746024357
2334 989369.7395738189
2335 989646.6274322172
2354 990635.6690801905
2361 990722.7305091989
2370 991421.2867095232
2373 991926.9638149197
2381 992875.8987369146
2382 993156.4205811780
2384 993162.1051091644
2385 994092.9768556325
2392 994308.2430378296
2395 995585.9213308236
2396 996430.3245330560
2399 996798.3574977164
2416 997016.9101966230
2420 997219.3120839775
2421 997317.5262984348
2422 997664.1081863681
2423 998384.6305510646
2433 999367.9246402048
2436 999606.9922524148
2437 999641.2165230262
2444 1000182.7238953378
2456 1000222.3444100263
2457 1000452.7400771315
2461 1001971.2037780895
2464 1002444.8483592385
2467 1002872.0140553612
2473 1003081.6406150085
2475 1003577.1365765694
2476 1004553.2899465988
2479 1004572.8954399900
2488 1004699.3871908865
2490 1005298.3637292898
2498 1006024.6343109269
2508 1006372.4120888546
2511 1007345.0423459490
2512 1007364.1054329380
2527 1007762.9726779581
2528 1008786.4829583669
2535 1008943.8159596870
2536 1009767.0854693981
2541 1010289.5521820002
2547 1010426.3910873471
2551 1011173.6850606442
2558 1012007.2034223635
2566 1012102.8226568530
2569 1013366.0341580302
2571 1013515.0953279409
2574 1014050.8324543185
2576 1015221.6688260850
2587 1015452.0506902945
2590 1016205.2950550627
2593 1016245.0104553916
2594 1016887.9409799795
2598 1017180.8866164426
2601 1017180.8966300808
2605 1017574.6159505794
2617 1018387.6973927856
2619 1018575.8838139758
2620 1018810.7739714637
2625 1019186.9674940123
2631 1019801.5654170879
2662 1020049.3182220493
2665 1020434.8266980666
2668 1021382.4317911974
2673 1021791.8266648635
2674 1022264.9520757406
2697 1022976.4194275038
2699 1023795.6917712963
2700 1024550.5611274425
2703 1025157.6768017286
2706 1025244.8361918636
2722 1025989.1884954245
2723 1026938.9607049709
2726 1026980.6527064918
2734 1027767.7948474772
2743 1028018.3810455545
2756 1028866.7746722415
2758 1029413.1512001407
2765 1029841.7836038149
2766 1030824.6741545557
2769 1031665.5766712809
2778 1031677.4963046025
2783 1032385.2562751684
2786 1033322.9117756521
2788 1033838.9907226691
2797 1033849.3751563099
2805 1034096.4829703565
2813 1034108.4848024821
2816 1034544.2030926710
2819 1035301.2731223463
2823 1035560.7666265205
2836 1035877.4173235355
2853 1035911.1549295088
2863 1036198.5952345481
2878 1036465.3200111808
2897 1036591.0783658730
2915 1037287.4482646112
2920 1038186.8718937817
2922 1038493.1337751591
2925 1039044.4514360600
2927 1039092.8027586230
2933 1039406.2597667828
2936 1039411.8579329296
2941 1039557.0343594423
2944 1041655.9340053879
2946 1042429.4807596310
2958 1042861.0650318594
2976 1043599.5723090793
2983 1043952.1549438136
2996 1044113.7751036028
3003 1045113.9262715759
3005 1045708.7547110105
3006 1046112.4626819980
3010 1046461.1168322301
3016 1047042.9986699813
3022 1047971.9118910204
3027 1049138.6330322307
3028 1049350.6390995306
3032 1051106.0719180207
3037 1051286.4708405528
3039 1051544.7432159791
3047 1051880.4114475853
3048 1052650.2872309422
3057 1053014.7495835312
3068 1053143.4931538228
3069 1053578.0811570329
3070 1054230.6255177688
3077 1054644.2759117496
3078 1055567.0072708582
3082 1055626.7383810929
3087 1055631.5569125537
3089 1056271.7775327878
3096 1056415.2260424078
3103 1058000.4098213229
3105 1058969.1590736581
3114 1058973.6249407351
3119 1059590.3020274197
3130 1060516.1355410849
3138 1061137.7565745753
3139 1062060.2481363653
3140 1062155.4690349158
3147 1062295.8506428974
3154 1062326.8148891144
3156 1062364.1340660651
3157 1063028.1527581674
3175 1064992.9112313048
3181 1065856.9365509532
3182 1066717.4288048621
3193 1067456.7034218067
3197 1068020.2409767786
3216 1068263.5338858538
3220 1069510.0302650731
3231 1069649.9932124605
3234 1070539.0571476722
3250 1070595.5147612963
3260 1070944.7423584561
3264 1071598.2755406210
3267 1072477.6221763149
3269 1072545.5943751314
3275 1072650.8938751454
3281 1073749.9471295457
3283 1073967.8589640006
3292 1074718.6287752567
3293 1074795.1035940673
3296 1075708.2060112702
3314 1076564.9434457598
3318 1076679.8026082194
3319 1077289.3782650705
3321 1077730.9169527756
3324 1077824.4149918337
3328 1077936.5509311499
3332 1078020.4214035824
3334 1078856.1569984420
3335 1079688.0058710442
3338 1080253.9061291814
3341 1080596.5199858635
3344 1081100.7338631710
3355 1081880.8852990374
3361 1082047.9349311183
3365 1082208.3528445696
3371 1082538.3409099714
3373 1083158.9167124480
3379 1083577.8555137266
3390 1083992.7908561821
3391 1084163.1246260714
3398 1084330.8447719677
3412 1084370.5925822677
3435 1084621.4775376276
3460 1084662.5093423608
3461 1085305.8480977658
3465 1085681.6004932940
3471 1085778.9503207970
3480 1086124.2236296742
3483 1086158.9514486934
3498 1086399.2942980155
3500 1087695.1964041756
3502 1087730.6643033149
3518 1088258.9079860202
3531 1088475.7805191404
3548 1089281.0123141627
3550 1089582.1763157093
3551 1090019.5698874434
3556 1090842.5590170100
3578 1090968.5426081372
3596 1091111.8992404600
3601 1092064.8595773010
3618 1092615.7729962470
3625 1092876.7078994114
3634 1093631.7931766491
3666 1094416.0386406027
3683 1095316.6877862751
3697 1095480.2473528692
3712 1096108.3878044488
3715 1096371.5650373611
3728 1097331.1800809929
3730 1098139.3477107377
3734 1098418.2074093539
3742 1098513.6467296060
3765 1099090.7358694249
3777 1099145.0077899895
3799 1099683.9385279557
3802 1100217.9237862155
3811 1100303.1148986402
3815 1100429.2839970614
3817 1100727.2377792695
3824 1100864.0013164058
3832 1102456.4677049688
3845 1102466.6716205627
3866 1102716.5346568704
3879 1103245.7606948686
3880 1103331.3576917390
3887 1103526.0250540790
3890 1104947.1213932522
3914 1105349.6025155575
3918 1106071.5534146803
3931 1106326.9388699804
3942 1107229.5726039696
3948 1107486.0108643027
3949 1107860.4119458913
3970 1108284.5150282627
3971 1108358.8927086648
3972 1109618.6886046389
3976 1109761.8490390293
4020 1109803.5211618957
4021 1110178.5252732083
4033 1110299.1240426328
4038 1110334.7437017011
4043 1110429.4812394707
4055 1110726.4654462782
4058 1111081.9729435134
4061 1111298.2564102476
4062 1112188.7348816174
4063 1112775.7320515700
4064 1113588.4058913591
4073 1114359.6395001418
4082 1114534.1130976612
4090 1115107.9704029225
4102 1115520.1306043561
4104 1116137.4379509247
4116 1116191.4600240735
4126 1116292.4395832957
4129 1116889.0739548174
4133 1116921.8974262094
4134 1117389.0580776611
4135 1117471.4919032741
4138 1118139.9989263304
4140 1118868.9247119813
4142 1119641.1835389067
4143 1120116.9874299148
4149 1120461.6101113714
4193 1120585.9692118610
4197 1120808.2902726836
4222 1122203.3202801794
4238 1122772.0324148661
4259 1124112.9439563949
4265 1124126.6316853459
4268 1124397.2899421768
4280 1124984.3614185769
4289 1125216.6767694091
4304 1126211.6887360627
4307 1126673.2894230990
4320 1126999.0115014056
4324 1127239.4403410533
4331 1127242.4834800579
4342 1127354.6319115392
4343 1127534.2868401345
4346 1127901.1916900456
4348 1128113.7388038309
4356 1128258.7581632850
4357 1128816.0942533782
4359 1128940.5228480028
4361 1129230.0013264494
4366 1129247.1070139464
4374 1129286.4085367310
4382 1129520.2249527532
4391 1130166.3403348874
4417 1130593.7843577112
4423 1130981.5671063189
4424 1132066.2267589981
4441 1132973.3387649271
4445 1133809.3724617760
4447 1134601.8352211986
4460 1135403.5338698332
4465 1135680.0027678441
4483 1136181.5984668781
4484 1136756.9483301188
4493 1136812.1977407963
4502 1137075.7688027264
4527 1137544.0200745733
4546 1137850.3584750716
4549 1137958.8892658316
4555 1138497.3742225131
4557 1138639.8791601788
4564 1139027.4955309757
4567 1139371.3481579004
4583 1139409.3908541375
4593 1139582.5110565973
4612 1140195.0031834086
4622 1140857.3081849397
4631 1141548.1738208721
4632 1141955.6696001729
4633 1142869.6460645092
4636 1143670.4361014757
4655 1143690.0319803557
4659 1143805.3536752136
4661 1144056.0471208720
4680 1144764.2560606750
4691 1145362.0825596743
4748 1145742.7480627710
4752 1146727.0725416876
4759 1147222.3959931610
4790 1148020.6892702335
4831 1148382.5809386107
4849 1149004.1300104624
4871 1149161.0029208576
4872 1149467.0385642445
4886 1149576.6533748952
4896 1149580.4547222059
4906 1150299.2863588736
4913 1150404.5218875271
4920 1150653.1681578611
4925 1150657.1222051196
4962 1151000.5439802513
4975 1151409.5742097250
4983 1151525.3120279163
4997 1152030.3430475588
5009 1152103.8794472977
5011 1152535.1944370961
5016 1153727.6262487115
5026 1153801.4013222386
5029 1153999.3302293699
5046 1154450.0349184822
5052 1155070.6813218181
5055 1155570.4829150941
5069 1156107.8654571797
5077 1156566.2709324863
5081 1156826.9456593674
5089 1157279.8912260404
5092 1157578.4054504912
5094 1157720.5050049231
5098 1158065.2413716835
5104 1158557.0465980000
5105 1159169.3217023788
5110 1159271.2081071155
5113 1160252.2250463471
5131 1160870.6481467960
5139 1161023.1214680437
5145 1161276.7385055674
5148 1161527.7507387819
5153 1162441.4472314366
5184 1163322.1942978061
5185 1163516.1003049787
5200 1163832.7569036449
5202 1163895.6370038029
5214 1164438.5460312618
5217 1165024.1369316133
5226 1165664.8694762918
5232 1166062.9485437262
5234 1166736.2773813030
5253 1166778.0547886558
5260 1166997.7587424966
5280 1167323.9892767377
5300 1167732.7910237578
5317 1167942.0808137343
5321 1168316.8970531009
5340 1168928.6730533934
5356 1169796.6575779701
5366 1170618.4830461142
5367 1171429.7764414430
5380 1171467.4635466593
5384 1171741.0571907030
5405 1172060.3594705998
5422 1172642.6539529157
5423 1173029.4592354458
5431 1173284.0085929218
5438 1173348.3450888887
5448 1173493.9750273810
5449 1173637.1121290301
5469 1174072.9691690169
5472 1174333.3959463125
5474 1175182.7061186733
5477 1175302.0305661745
5479 1175434.9270496799
5498 1176198.3153970665
5499 1176829.5488477913
5525 1177079.6237906637
5552 1177086.9844955646
5564 1177298.5840550668
5567 1178074.9527992103
5571 1178387.7883877004
5576 1179234.5761809568
5579 1180036.7193917250
5604 1180906.0875448475
5605 1180970.7202806687
5610 1181278.2206208894
5644 1181582.2781412823
5661 1181607.9676376171
5663 1181691.7088060568
5664 1182137.5650351036
5665 1182492.2876355194
5668 1182568.6004792552
5673 1182777.9003937377
5679 1183444.9703306444
5699 1183697.5987334487
5717 1183744.5934128321
5731 1183962.3779928989
5739 1184612.0020974635
5740 1185791.1458261895
5748 1186182.1191419738
5766 1186261.7848789834
5773 1186435.5913221249
5785 1186961.7952723457
5796 1187804.4804473561
5797 1188244.9688223377
5809 1189626.4937119337
5812 1190119.6713624164
5825 1190190.0267277616
5828 1190519.3256601875
5846 1191105.7181444832
5850 1191133.2966013562
5856 1191167.5380646456
5859 1191273.4446990134
5868 1191925.5341027018
5875 1192215.0387631385
5903 1192923.9297334303
5905 1192946.6559325394
5952 1193089.2173107963
5961 1193489.9712696467
5963 1194244.8192759419
6006 1194650.6851043124
6007 1194799.7225957725
6018 1195191.3316642870
6025 1195441.9008799819
6038 1195970.9268879979
6049 1196891.8658290047
6057 1197087.2204727195
6077 1197678.6866956479
6084 1198207.8748908022
6094 1198292.7308981232
6098 1199318.3843548575
6101 1199728.1856851666
6109 1200562.2591341522
6117 1200868.9424788703
6127 1201220.3212009876
6150 1201472.9637169575
6154 1202023.3278309030
6156 1203052.7716150726
6158 1203616.2094925910
6160 1203738.8600734384
6165 1203986.4159289673
6188 1203994.0217517873
6196 1204059.6104557223
6200 1204689.7438746982
6216 1204953.6500598576
6237 1206064.4326752771
6246 1206196.0311943474
6250 1206668.3433746097
6257 1206863.7798465071
6269 1207803.6649194350
6272 1207970.4874171384
6280 1208128.7781006743
6284 1208543.0202880341
6294 1208691.5143221128
6297 1208743.6429008641
6304 1209412.2629477105
6305 1210295.5109719506
6310 1210676.1414635507
6343 1211044.6825733341
6345 1211419.5774437352
6368 1211594.1243761596
6408 1212556.1213434972
6409 1212629.5933829932
6422 1212999.7056764867
6438 1213468.8628801655
6457 1213656.1219700882
6464 1213860.6894582016
6479 1213875.9878474995
6481 1214481.4751331643
6558 1214521.2760226335
6563 1215152.2270334875
6568 1215164.7305055787
6570 1215687.1753005625
6573 1216242.1637675094
6576 1217075.6545102694
6588 1217363.6520764229
6593 1218202.2775082488
6595 1218324.7374010850
6604 1218338.2381940302
6632 1219002.1134073462
6670 1219729.3090195018
6672 1219751.0884025102
6687 1219868.3972788788
6691 1220505.9800362557
6713 1220690.8440883139
6714 1220970.0364745259
6723 1221474.4157664177
6738 1221503.8002073814
6751 1221825.7358227393
6755 1222171.3551988164
6758 1222269.0231049894
6776 1222544.0417019331
6780 1222748.4069404798
6800 1223122.6511869181
6803 1224016.2342108625
6812 1224203.5411708376
6854 1224281.2821472392
6855 1224623.9761723070
6866 1225330.7654121870
6883 1225796.4786486037
6916 1226638.6570049310
6919 1226924.3298734180
6943 1227804.9017584482
6968 1227868.2464720446
6974 1227878.5725436951
6980 1228173.7143088086
6987 1228797.1879009393
7001 1229668.4109052687
7009 1229717.5270031895
7021 1230177.4537113984
7033 1230497.7093460474
7041 1230600.7234908836
7042 1230783.7445344504
7044 1231303.5454950701
7046 1231642.2152606063
7053 1231657.0505833612
7054 1231746.4913977997
7059 1231827.2483234096
7063 1232059.6605664904
7078 1232337.3628383419
7092 1233324.1674623543
7116 1233331.3358254889
7125 1234168.5836893972
7141 1234217.6431831864
7146 1234899.1829680013
7147 1235509.6054773058
7160 1235809.5850177277
7182 1236560.3632669218
7184 1236649.8520297168
7191 1236739.3184975374
7199 1237310.6560376661
7204 1237500.4631795492
7211 1237538.9831617249
7230 1237931.5878012676
7231 1238053.5495820185
7253 1238699.0561249482
7257 1239116.4633963201
7270 1239187.3507487455
7273 1239831.0577290093
7290 1239978.6148307384
7308 1240007.6712225322
7310 1240984.2820013408
7327 1241638.6580917099
7351 1241734.6919989297
7357 1241977.8932364713
7359 1241978.4151960525
7371 1242287.8780120774
7396 1242419.0314595008
7426 1242654.4415341832
7430 1242803.0639580635
7467 1243113.3766519651
7468 1243692.1723486211
7470 1244515.6218395040
7501 1245389.0095418985
7516 1245640.9802635289
7533 1245915.5633473804
7543 1246758.2400845150
7545 1247429.6923139656
7559 1247893.1523997220
7581 1247909.8007497189
7604 1247998.5504946960
7622 1248234.5617825156
7631 1248836.8292940983
7636 1249033.8658085950
7649 1249333.5691617753
7653 1249521.3601700645
7658 1249649.0431987871
7660 1250306.4646322059
7670 1250307.9061164528
7696 1250463.2472125201
7705 1250581.4590346790
7733 1251547.4719072583
7765 1251649.1614993357
7784 1251758.7091593724
7821 1252319.3019823122
7832 1252804.7317430568
7833 1253669.0938287270
7843 1254383.2083070809
7881 1254419.5505903619
7888 1254571.9586732315
7894 1254901.8211012478
7903 1255216.2454595275
7958 1255262.5756275728
7974 1255579.9222492366
7985 1255585.6699180200
8015 1256292.8037195611
8035 1256631.3794524958
8065 1257085.8839133468
8083 1257201.4623045465
8099 1257885.8013993956
8121 1258025.5520117080
8123 1258286.0705331347
8128 1258952.8630416817
8130 1259151.8162175776
8131 1259700.5346737956
8136 1260317.1753863238
8204 1261154.5769628077
8280 1261661.7703684692
8283 1261692.2757638146
8316 1261779.7595126869
8340 1261783.2699989940
8355 1261799.2394574268
8381 1262212.7020071878
8433 1262224.3406332019
8480 1262553.0639203305
8591 1263162.4115489528
8605 1263296.0706937779
8610 1263508.8237849285
8612 1263569.9340781444
8625 1263971.0312483220
8636 1264187.1362915912
8673 1264466.6085290133
8685 1264544.4442060203
8697 1264547.2362871547
8701 1264717.6903911743
8714 1265041.0075126060
8715 1265238.5781599639
8728 1265468.3392923409
8750 1265549.2963251751
8751 1266150.4178602614
8767 1266941.2961256441
8769 1267579.3447241888
8793 1268235.1134484215
8799 1268323.5604143906
8833 1268925.2637505755
8853 1269146.2708877046
8855 1269578.8997018298
8938 1269708.3841237184
8982 1270051.4913482289
9008 1270415.3995755066
9029 1270688.5716763714
9035 1271003.8045501774
9047 1271284.2945374425
9051 1271350.2707636151
9052 1271693.7665029969
9084 1272064.8602694627
9091 1272594.8559310953
9094 1273169.8446230327
9115 1273266.0845758943
9117 1274238.5596175995
9150 1274245.5349818093
9164 1274460.5172445800
9203 1275092.7180748321
9232 1275430.7641651332
9243 1275979.1313070350
9262 1276273.0764146345
9267 1277252.1652419223
9283 1277746.7479172612
9304 1278233.9068938254
9307 1278461.5046374407
9314 1278483.6761772493
9324 1278895.8055211229
9331 1279345.5080643697
9358 1279619.3042693129
9375 1280072.5004989132
9380 1280263.4761315999
9468 1281014.7302175378
9481 1281904.6876749829
9494 1282614.8919093048
9498 1282762.7021185574
9500 1282992.4409501730
9547 1283540.4140293689
9607 1283790.5749793851
9615 1283841.1024612978
9624 1284313.6710515472
9684 1284685.1300004290
9695 1285403.3370138274
9722 1285551.8131080673
9743 1286341.6391105873
9776 1286413.3399999992
9784 1286689.8217903904
9813 1286853.0893750384
9820 1287468.7954627413
9821 1288355.3830835668
9822 1288773.8616900577
9865 1289128.9279494984
9892 1289292.6894008787
9949 1289928.2156237497
9958 1290053.9073458679
9976 1290132.9238098273
10001 1290132.9238098273
evaluations raw_y
1 698147.1980966247
3 699019.0876147859
4 700434.4684851512
8 700760.3644576935
9 702303.9152392957
12 703238.7865024020
14 703459.1485568205
15 703664.3430597946
16 703971.2022519002
17 704878.0445231352
21 706435.8373238400
24 707156.7341838147
30 708060.7347512748
33 708109.7293695910
36 708371.6258306794
41 708518.9837680814
51 708702.2024098363
53 708710.5405959638
55 708945.6245515384
56 709770.7590004628
61 710839.9835465888
64 711021.2241084892
66 711969.3442612896
69 712131.1482685938
70 712698.3095141012
72 713311.9176308539
73 713789.2574107308
74 714299.4991701562
76 714399.5842250567
77 714616.2231525802
80 714993.0950410250
81 715650.9920669929
84 716009.4008373083
89 716802.7137337901
91 716894.4372856297
93 717049.7697147476
95 717264.1212056745
97 719225.6916765284
102 719715.5821813459
104 720638.4450346995
105 720863.2748408813
106 721062.4214045416
107 722078.7419968814
111 722843.6116421747
112 723474.3846130895
114 724085.2164524677
118 725096.6737567020
119 725510.5372083582
122 725885.1552648813
123 726646.8795336836
124 727348.8580737348
127 728090.1725296844
138 728141.4782111609
139 728188.4747233627
148 728774.2171158204
150 729402.0333633558
153 729822.2350695269
154 730236.2447968768
155 730729.2329182569
156 731717.2352878469
161 732160.5151767038
167 732883.9966748238
171 733035.8878229740
172 733800.9301538264
173 733807.8595093231
174 733881.7251450656
179 734635.7634711366
181 734833.0313067038
184 735389.9865214515
191 736297.3186262026
200 736575.5679771892
202 736812.5507067720
204 737008.4983085556
206 737520.2271782146
208 738409.5166689854
212 739058.4973540901
213 739567.3595218506
219 739661.9899046373
220 739866.0572507143
221 740796.7013822458
227 741406.1353023866
231 742356.2409411414
234 743237.9809984363
240 743488.0037717924
244 744232.3820236456
246 744859.9136678564
250 746159.9251198822
251 747257.3716543736
257 747651.4925614400
260 748231.6239048056
264 749137.2657119223
269 749830.3642619834
270 750979.1298535897
271 751440.7381337812
276 751899.8268053856
277 752657.2613418046
279 752663.2497775358
280 753448.3095241947
285 753673.2997093908
293 754122.2969496225
297 755074.7560157508
301 755754.3483177864
303 756426.5452939725
311 757053.8199606002
317 758038.1389886115
321 758341.9811266930
324 758365.4648536338
326 758536.1623653483
327 759261.1281001501
328 760002.3026172401
333 760078.9962652106
337 761261.7436298712
343 761597.1163439653
346 762286.0421633545
355 762631.4915004508
356 763143.4628206390
361 763569.3254237174
362 764516.2626501776
366 764940.0052680707
369 765737.7251563362
371 765884.4674438349
376 766289.9560285414
386 766900.1154312684
387 766936.8928838847
391 767077.7715632338
392 767194.3876701317
395 768215.7548916355
398 768723.5509423079
406 769399.7038733246
407 769416.3141409830
413 770618.4345007068
419 770938.7195855597
422 771488.3043283040
426 772310.0002378545
427 772723.3608026649
429 773134.1734859371
431 773439.2462753477
434 773622.1490259415
436 773926.5511675016
441 774059.6193809290
447 774875.8705311990
450 774973.5800917869
451 775865.1944371698
453 775872.3257708506
454 776600.7495721474
460 776931.2105500865
469 777018.2016472537
470 777389.1708056964
476 778231.0185043812
480 778302.5484391244
483 779571.5152291515
487 779795.6057405703
498 780595.9477585494
499 780677.7947967339
500 781363.9110783766
501 781473.9465489907
504 781602.3926049945
505 781837.4127803131
513 782237.1222048817
516 782357.8008371636
520 782485.9298930928
525 782829.7622316402
530 782880.0896743437
531 783628.2804832422
533 784043.8167917021
534 785491.6002345594
537 785969.3402390409
538 786400.7345366467
540 786668.2715754338
544 786764.8087331104
548 787124.4277876122
549 787304.0432569560
555 787327.9347275862
556 788244.3577111629
564 789268.3417226990
567 790150.4350758510
569 790582.6369401529
576 791147.2969446260
578 791373.7024284018
584 791918.6645181770
585 792856.5977865901
588 792978.4574422925
590 793354.9274472441
598 794013.0041707325
599 794929.5981505539
604 795344.6553096004
620 795535.1544487124
621 796134.4050045480
622 796532.9748882896
624 797192.7357655322
627 798198.8974782192
629 798333.5636060270
635 798811.3634025031
638 799121.9542816710
642 799517.3544659629
643 800058.9839070939
650 800920.7404894588
652 801542.4502349634
653 801744.6770892849
655 802126.3084795718
656 803479.8501859342
661 804445.0105059338
687 804975.8838489971
688 805812.5023178841
690 806621.7758440040
696 806628.6668110976
697 807512.1001268681
698 808356.6425854880
705 808959.8392834265
708 809271.7544093723
709 811319.7542572850
712 812168.7136675487
715 812394.9204839370
718 812704.7879105557
720 813413.2226244650
723 813593.5632532607
724 813877.1698577059
726 813913.0017152708
727 814798.5091044545
730 814844.7650336431
736 815429.9966284030
737 816087.4663569796
750 816941.4035217731
756 817699.1242700989
761 817965.1879171771
762 818217.1764406714
765 818437.9035058429
766 818683.5816508506
768 819520.1313820105
769 819540.5962282509
773 820074.4422572054
774 820672.9331063292
775 821418.5315969110
777 822274.2871834559
779 822313.7996388396
782 822565.0624647958
784 823210.1919322066
786 824606.0321198070
800 824866.6627514103
805 825681.4428107953
806 825995.1347030184
809 826172.4122005873
819 826660.8696751228
822 826899.7310250143
823 827312.1991336088
825 827335.0006214655
829 827804.3604729678
838 828089.7408564597
845 828312.8596400328
846 828730.5400082269
847 828909.8587296134
848 829720.9522246578
852 830795.1907154579
854 831271.4560169069
862 831442.5799761174
863 832164.6056287162
864 832446.1950850475
867 833709.6743540585
868 834945.2101669258
873 835037.4206273281
876 836239.1428646119
879 837424.7865096678
884 837664.7724846731
885 838339.6594446398
896 838649.9405635155
897 839015.7150093311
899 839130.8172201224
900 839135.5600520667
901 839657.0562016019
903 839975.0647415760
904 840359.7712257176
905 841174.6312264876
916 841247.6836340207
917 842379.4004399220
930 842469.9011479174
940 842888.3102166030
944 843382.9259728900
950 843628.7113237038
951 843857.7904175250
952 844023.4724450894
953 844672.2603779912
954 845294.9951796642
956 846059.6232133845
958 846450.1195608187
968 846796.6651985631
970 846859.5840523307
984 847017.6237169058
986 847505.0935936752
987 847543.9734244569
994 848144.7093188862
1002 848924.7524534023
1006 849842.1639938129
1007 850569.7622714476
1010 851162.8220848397
1012 851362.9017533500
1013 852015.9984788441
1015 852280.2384437820
1017 852343.3365390286
1018 853900.7947918606
1020 854079.9756260382
1033 854435.1138277204
1042 855004.0381962392
1048 855349.7443433891
1056 855590.0587202830
1059 855643.3569293483
1062 856025.1224773565
1064 856705.9872413886
1067 857410.4843733159
1068 857994.3332639097
1071 858467.7143730343
1075 858551.9972679389
1076 859633.3633100243
1083 860358.8303751758
1086 860388.0509037233
1087 861190.2631358900
1092 861605.5690945905
1094 861994.3378853576
1095 862505.7804867501
1104 862955.1155809992
1108 863811.0522126413
1109 864764.2548116109
1111 865005.6818641421
1113 865833.9706226214
1119 865881.8967374511
1120 865969.1567537559
1125 866445.7012937430
1129 866474.4790475902
1131 866502.3128190086
1132 867651.1949074685
1133 867819.2657480749
1138 868648.8300468551
1140 869405.5510122151
1144 869938.3420042376
1153 870659.5199591389
1154 870764.0120415859
1164 871175.1445596227
1166 871782.8769501216
1167 873396.8725046025
1173 873667.8896866257
1176 874538.4445758085
1180 875147.3660311056
1183 875993.1845236517
1184 876602.6988698700
1192 877626.1876854260
1204 877703.6548597851
1207 879216.0956884400
1211 879965.0193761874
1221 880388.6019193149
1228 880407.9259450573
1229 880415.1076069871
1231 880495.3056218209
1232 882156.8824857126
1240 882188.9279013174
1241 882868.7353411159
1243 884344.2422455465
1254 885167.4641017475
1256 886721.9200178861
1258 887257.1801103344
1262 887915.0225106281
1264 888187.0865365453
1266 888953.4896623950
1267 889093.3290306561
1269 889691.2976820781
1279 889987.0693030269
1281 890375.1084505456
1282 891045.0440161220
1284 891516.5276953073
1287 891694.8334195545
1289 892037.6068442289
1297 892269.5182342608
1303 892463.3082665569
1305 893844.2546966320
1308 894833.8556602903
1313 894948.6612506812
1316 895228.5949686118
1322 896147.4776029728
1325 896677.0027318660
1328 897209.9661784403
1330 897586.6435505826
1331 897994.9394350690
1332 899041.5835456913
1336 899583.9226964830
1337 899752.2020422679
1338 899904.8881454370
1352 900381.3773118290
1358 900547.0510708304
1363 903256.0406646801
1365 903492.0247796035
1372 904033.2149321543
1374 904438.8190864152
1376 904710.3911922799
1382 904883.1139645003
1383 905559.7031463073
1386 906092.5467816334
1394 906370.9240827581
1420 906613.5518299338
1462 908165.0202793831
1466 908617.4829105686
1467 909050.9269471230
1486 909378.6618325809
1492 910157.7257586141
1501 910524.6835546534
1504 910741.6457861969
1505 911698.3963472038
1506 911977.3133920681
1513 912421.0857914184
1525 912841.9199245771
1528 913492.5629792766
1531 914175.4315697278
1538 914428.9689370313
1541 915411.9189956564
1543 916052.3004480549
1549 916966.7273757338
1560 917537.1416395163
1562 917698.8602743256
1568 917941.8315922773
1572 917993.7618683170
1574 919390.7408344533
1582 919561.5680245589
1590 919798.8306885855
1591 920292.1597766480
1599 920882.2497665059
1603 921593.3848471392
1604 921901.9445048461
1607 922770.0442049257
1608 922819.8770150241
1615 924298.0040265142
1619 924468.5063415684
1630 924647.5657867688
1631 925417.3458215783
1640 926227.7115877169
1642 927262.6564970412
1643 927854.5809426403
1644 928576.2144963596
1654 928882.0000821472
1665 929015.5449382956
1678 929201.0461561768
1694 929291.4520071947
1695 929299.0707468067
1708 929890.3614000116
1710 930860.5507848138
1716 931546.0257482355
1726 932081.9267749847
1728 932491.0676233978
1737 933199.7039748429
1738 933670.1440140969
1740 934439.7992593987
1752 935185.1253456176
1754 936026.8422531782
1758 936271.6946807072
1765 937132.3774558274
1768 937210.7416582756
1770 937761.3983593605
1776 938767.5350686929
1777 939742.2503929451
1791 940517.4474948173
1794 941439.5931145459
1797 941941.2253743219
1803 942052.8385384585
1806 942538.7839914878
1809 942604.3523343581
1810 943279.0570822360
1811 944161.5538684577
1819 944852.8511976942
1826 945295.0953767942
1828 946024.5814543567
1843 946112.2342334667
1844 946418.3014000667
1848 946620.8805166963
1850 947284.9803832986
1851 947567.7332792876
1858 947725.0058131471
1862 947952.3004697616
1863 948190.4708473067
1866 949172.1939757355
1867 949333.2418435658
1878 949602.2769568057
1881 949673.8012140737
1882 950448.7082539196
1897 950782.3452834806
1898 951410.6908002694
1909 952955.5914322309
1910 953082.3856797367
1913 953241.3838712445
1916 953267.1371677000
1917 953704.1868657694
1921 954113.8130076344
1929 954252.8033858084
1933 954911.2049977252
1935 955478.9687771717
1942 956363.0676327178
1944 956874.4755971715
1948 957343.1878011881
1949 958510.8357864266
1955 958698.3008027759
1959 958809.9273852671
1963 959335.1998675963
1973 959954.6448589967
1974 960414.4961938710
1987 960574.2129891898
1992 961563.8273899771
1993 963391.8537810444
2012 964590.8414462177
2020 965350.6618398773
2027 965384.5112454251
2030 966808.5008882339
2043 966973.3209032847
2048 967915.5881606593
2056 968051.2323856108
2060 968579.2136322745
2071 968830.9847022837
2079 968894.5659559800
2082 969082.3231007623
2086 969144.6300413904
2094 969233.6085036275
2114 969834.1211276468
2117 970336.4014244907
2121 970696.2195014855
2135 970864.1833990824
2140 971260.1553881639
2144 972166.6517780732
2149 973045.5546382836
2151 973914.3461189691
2152 974287.9346255240
2158 974560.2199164123
2159 975274.4030288116
2160 975563.2599353507
2163 976552.7902752096
2166 976803.4373631029
2167 976908.8966920844
2171 976988.3254570132
2173 977264.7465582204
2175 977779.1516108749
2182 977959.6776444077
2188 978111.2279128809
2216 978398.1827957638
2220 978441.2461360961
2222 979341.8678714111
2228 980150.1336052427
2233 981408.3097141192
2237 981502.8763623694
2244 982135.7760128353
2245 982138.5650492479
2246 982953.4188393876
2247 983411.6506947528
2249 983731.4643209947
2253 983828.6971722255
2256 983836.1345214249
2257 984431.2549326104
2262 984536.0574381037
2263 984989.7537293934
2271 985522.5943799228
2284 985948.3480107196
2291 987267.1380218500
2299 988174.9184936271
2305 988762.7782475640
2308 989285.5037386552
2310 990633.0116343549
2317 990933.9186040284
2328 991267.4502363756
2333 991806.0455838689
2335 993341.2213028601
2337 994310.4061256289
2353 995152.8683552776
2357 995543.6930153617
2358 995599.8236695074
2370 995788.9272564180
2377 996484.5643960368
2380 997075.0991218439
2384 998224.3234541010
2392 998260.4163785712
2398 998731.3963456268
2404 999586.8034813813
2412 1000089.2205805671
2420 1000752.8289935307
2427 1000815.6013182024
2430 1001033.4776624711
2437 1001065.0924558713
2439 1002631.7467062392
2459 1004179.5106711080
2461 1004757.0062920337
2462 1005604.7798815496
2465 1006074.6002215535
2467 1006182.1385256046
2469 1006865.9222200710
2474 1006901.8972865478
2477 1007145.5085150816
2479 1008006.9880672528
2482 1008625.8402990256
2488 1008933.3713139971
2490 1009500.0685440295
2494 1010354.8971981531
2508 1010983.8849271680
2509 1011108.4933957701
2512 1011733.7677305072
2535 1011748.3791821237
2539 1012356.8610714113
2543 1013064.8427309709
2560 1013940.4643219757
2565 1014293.6955850358
2566 1015076.4913058162
2567 1015464.2450067840
2568 1015720.8615451109
2575 1016282.9090877763
2576 1016447.4889427756
2584 1017015.2130802991
2586 1017162.3347080073
2588 1017239.6736192969
2596 1017440.4531275693
2597 1018168.5584634541
2610 1018426.4048377406
2611 1018712.3439518956
2612 1019449.7969434261
2618 1019809.5841223659
2639 1020672.0571516469
2640 1021371.7159127149
2641 1021429.4614449514
2642 1022200.9945843029
2644 1022880.4167793306
2655 1023424.0530202317
2661 1023867.3678766595
2666 1024653.4563813146
2669 1025055.9419627965
2674 1025192.4874929978
2678 1025349.5329270565
2685 1025389.2203175020
2686 1025917.6964878482
2689 1025999.8903440699
2695 1026158.8324198746
2697 1027008.9069605748
2705 1027336.2054935442
2706 1027523.7623728671
2718 1028403.3296628630
2725 1028569.9061736694
2733 1028650.6727918045
2734 1029318.8782455149
2746 1029509.3770932619
2747 1029552.1483920165
2750 1030154.3313726097
2758 1030623.8341226528
2768 1030838.9406262020
2769 1031579.4570284757
2771 1032460.8463030384
2779 1032533.1705928355
2781 1032715.5393814887
2782 1032762.3851981788
2793 1032884.8015538638
2811 1033049.0479668941
2816 1033577.4912834760
2820 1033720.9932861432
2825 1034530.0707696673
2830 1034778.9758109456
2835 1034889.2245907895
2839 1035952.0568293985
2849 1035970.3994967346
2862 1036253.5845919870
2868 1036738.0090555040
2869 1036860.8685036802
2879 1037424.2361389097
2880 1037942.9944849951
2883 1038450.4160209615
2885 1038621.5441488298
2886 1039468.7520727753
2890 1040563.4161585894
2898 1040660.3155096641
2903 1040768.7609144552
2924 1041798.9175212740
2937 1041856.7388562319
2938 1042634.0313383010
2941 1043363.1217567571
2942 1044085.9148253198
2946 1045086.5000077410
2949 1045411.3451501853
2951 1045512.4797190049
2966 1046260.3362015511
2992 1047031.1267178705
2997 1047832.0313738795
3006 1048054.9798294499
3021 1048187.1950304678
3030 1048289.9380110555
3035 1049168.1589902779
3042 1049562.0726746852
3045 1050066.4449466472
3048 1050487.9342792763
3052 1051648.2597779171
3062 1052524.4914402161
3067 1052993.6487757314
3071 1053156.2512826526
3076 1054069.7475127666
3082 1054289.6766891144
3083 1054383.2501356981
3089 1054535.8874924451
3096 1055350.8218495063
3099 1055391.3146215526
3109 1055391.6336634932
3135 1056040.2991778620
3146 1056251.6435313397
3148 1056254.7573027927
3154 1056456.6282085034
3166 1056839.2403109681
3174 1057099.5707156942
3179 1057601.7116285295
3193 1057695.8158575052
3194 1057834.1784231232
3195 1058325.4723714355
3196 1058708.3188818856
3197 1058850.2771228338
3217 1059781.6880185979
3221 1060225.6430325485
3223 1060278.9371870945
3225 1061185.2298129159
3244 1061209.3212582993
3245 1061269.3350936356
3266 1061954.5706932100
3272 1061955.3995119552
3286 1061957.5873996743
3288 1062596.8613618806
3308 1062601.2100690403
3311 1062962.6814216590
3312 1063196.1953217343
3318 1064045.0175043910
3320 1064230.3992590618
3323 1064262.0355737940
3327 1064859.7293198667
3336 1065519.9592956009
3338 1066073.3053715897
3355 1066401.5771174631
3357 1066636.7035711666
3358 1066659.4546741589
3367 1066944.3736194507
3377 1067347.5828904426
3383 1067511.8740235881
3384 1068661.7721049085
3396 1068726.6219869163
3397 1069147.8625473985
3401 1069165.5143755237
3407 1069839.2763466984
3417 1070035.0054338316
3419 1070605.9445369097
3421 1070647.2199148615
3423 1071468.8815665203
3427 1071738.6534269277
3436 1071951.2172219644
3438 1072493.6762272036
3440 1072658.8639487464
3448 1073247.7202416176
3457 1073802.0265937345
3462 1073835.9251677804
3474 1074110.1465555076
3479 1074265.2697446148
3480 1075116.0350420114
3485 1075118.7655160308
3486 1075568.8548159383
3497 1076828.4221440128
3513 1077178.5825324219
3518 1078460.4283861360
3530 1078885.1710979727
3531 1079283.9902832720
3537 1079612.4919272377
3548 1080008.5296625977
3551 1080403.8358405386
3555 1081220.9590143249
3562 1081907.0320969978
3563 1082704.2563206668
3567 1082743.7654645215
3569 1083056.6071542634
3570 1083083.9521271791
3586 1083218.3408376290
3595 1083442.3189601519
3605 1083685.5791210860
3613 1084066.7305110123
3614 1084159.9023703185
3626 1084907.0601556583
3631 1085383.0164228452
3645 1085526.0440728196
3652 1085638.1486358657
3658 1086431.9486823522
3662 1086763.9732305468
3665 1087352.4118400281
3666 1088202.4948797277
3668 1088230.9836034165
3672 1088241.2073728011
3688 1089007.1224910014
3693 1089707.8408492873
3700 1090124.8309799628
3709 1090316.9055427129
3710 1091162.9550842675
3713 1091844.6835118029
3718 1092598.0807698367
3729 1093369.6061695705
3730 1094006.7909704135
3739 1094489.5252937332
3765 1094618.4524120863
3770 1095534.3116323741
3776 1095701.7710178702
3782 1095851.9284855798
3786 1095922.2901185909
3805 1095963.9759137419
3806 1096193.7743157402
3824 1096345.4071286095
3828 1097281.5989839961
3831 1097320.4981817198
3834 1097644.7606653750
3843 1098461.4947862036
3854 1098741.2547820383
3856 1098982.1641227843
3868 1099095.9971160188
3871 1099303.2538626287
3891 1100245.6386659471
3893 1100867.3968967823
3913 1100980.1141571805
3914 1101153.9947626998
3935 1101213.2335570864
3940 1101993.2624615564
3958 1102328.4976003068
3961 1102360.1903909545
3965 1103357.1810436968
3970 1104513.2098804908
3977 1104632.6532410204
3988 1104717.7927999394
3990 1105340.4819540582
3997 1105399.7841799452
3999 1105980.4797650443
4008 1106381.9121312336
4015 1106924.7991477035
4020 1108296.0173754599
4043 1108345.9002840077
4047 1108473.5245514342
4060 1108717.1322556429
4063 1108869.9438277902
4084 1109268.5906438653
4089 1109612.0474762954
4090 1110257.2955939707
4092 1110436.0367611346
4096 1110894.8635038978
4097 1111231.8788223455
4103 1111552.4266373466
4104 1111826.1897210572
4107 1112200.5161565128
4113 1112603.5148041495
4120 1113429.5410845389
4133 1113736.2364889162
4140 1114017.6754568331
4150 1114138.3081227089
4167 1114916.2797298583
4171 1115421.3823075597
4175 1115737.2826942138
4187 1116421.1086759570
4189 1117319.0435656081
4192 1117899.8185162749
4197 1118020.2898264762
4223 1118426.5607657144
4251 1118486.2012055463
4253 1119282.8195940419
4256 1120271.2966917790
4270 1121045.8185837560
4281 1121297.2894373431
4283 1121523.1367094640
4294 1121895.1848147667
4306 1122862.7515485461
4317 1123096.8131792110
4324 1123694.8830226967
4327 1124004.9016835676
4336 1124747.6461177117
4339 1124916.8231070586
4348 1125140.2239078318
4369 1125381.4094498984
4380 1125774.0209964383
4394 1126226.8535598016
4401 1126227.9596396838
4409 1126238.0139558571
4421 1126449.9324566075
4434 1126568.1490655558
4439 1127372.8814267523
4442 1128060.5622841427
4451 1128157.0189356115
4459 1128463.4251960805
4475 1129006.2206452924
4490 1129647.5258929066
4498 1129952.8176641071
4508 1130603.6260047911
4510 1131084.1432766730
4522 1131467.7376376130
4540 1131471.0453798482
4542 1131567.3521970180
4547 1131724.4594280948
4553 1131736.1386506502
4556 1132233.1220032244
4578 1133162.0026282312
4587 1133165.8395155468
4591 1133187.1916225897
4592 1133553.8523669473
4602 1133749.0149035780
4621 1133973.4633038631
4622 1134089.1540540725
4636 1134680.1861197944
4645 1135613.0528036372
4657 1135727.3136680920
4658 1136576.8688163341
4669 1136583.0125131737
4677 1137394.0543369295
4680 1137636.4754751478
4686 1138072.7394741292
4691 1138706.8591329434
4695 1139154.7696601863
4697 1139839.1604492308
4702 1140750.9189723965
4704 1140782.3005833460
4717 1141076.8941771418
4723 1142001.6076523585
4729 1142220.2159434136
4731 1142712.3323694333
4746 1142836.4659679532
4758 1143099.8086825735
4783 1143875.1716080045
4807 1144672.1326968297
4809 1144937.4356508213
4833 1145746.8667024644
4838 1145770.6843970655
4855 1146631.3737192522
4856 1147443.8844119187
4863 1147509.6951183372
4871 1147774.5124407085
4877 1148042.8647983761
4878 1148710.2220671410
4881 1148888.9964035919
4902 1149296.8177296482
4916 1149341.9047290338
4938 1149476.4267724312
4939 1149522.3731253117
4943 1150171.6862712777
4945 1150661.5345461275
4950 1150810.0232704196
4956 1150926.4708443589
4959 1151227.3633166959
4961 1151871.6832945924
4970 1152089.7373337401
4976 1152913.8337527795
4980 1153066.3920636952
4981 1153233.6072314491
4982 1153589.2651569615
4990 1154492.4703722433
5007 1154582.4764688176
5015 1155194.5195612258
5026 1155195.4938841958
5031 1156125.4616169811
5036 1156728.9829157093
5086 1156731.6315801179
5128 1157142.3076661513
5142 1157377.9338136818
5143 1157475.9276223064
5150 1157485.8976396744
5167 1158048.9868829974
5170 1158440.8109005482
5176 1158960.1453233801
5223 1159283.6551143634
5228 1159457.3929588813
5241 1159504.6743689135
5269 1160066.8275867493
5299 1160886.4899558481
5310 1161677.8755334252
5316 1161714.4278601124
5332 1162138.5449256350
5338 1162279.6687625628
5347 1162632.7637100040
5374 1163091.3182329228
5387 1164047.8415212133
5394 1164375.4220569653
5411 1164579.0045838084
5422 1164989.3958848028
5436 1165044.7307256656
5439 1165468.3663730917
5455 1165720.9623669204
5463 1166125.6443100946
5485 1166299.1991457515
5497 1166373.9057092580
5499 1167022.3241777099
5509 1167432.8297284599
5517 1168149.9314653701
5521 1168888.0958846817
5522 1169094.5142526457
5528 1169098.1544951787
5553 1169249.9537199247
5560 1169428.2339254627
5563 1169656.5465359958
5566 1169774.8875361523
5586 1170716.8958413925
5603 1170920.7432289710
5611 1171620.3578474901
5622 1172234.5383312230
5631 1173177.3603018522
5634 1173259.8756235731
5652 1174022.4770469582
5685 1174336.8767939410
5688 1174763.3726149159
5692 1174903.8683852851
5697 1175704.2474587895
5703 1176351.5586726426
5704 1176726.3178871898
5713 1176782.0790049979
5733 1177220.1137066931
5752 1177352.1202117926
5755 1177961.5882739082
5762 1178378.9850922856
5765 1179360.5865118089
5768 1179663.1796807428
5780 1179733.4652794630
5785 1179907.6368183813
5789 1180848.2212207860
5806 1181709.1006240807
5809 1182175.1843468882
5818 1182687.8195073279
5822 1183381.7759702718
5825 1183858.0069059350
5828 1184565.8965145752
5831 1185498.1979774055
5887 1185587.8596228838
5889 1186149.6790240619
5899 1186345.4986559311
5902 1186423.1596511342
5906 1186624.6493630912
5924 1187173.5216265495
5938 1187483.8673297889
5943 1187711.9659421551
5953 1188226.8141541099
5954 1188442.7836145568
5966 1188749.8520864041
5972 1189179.8499199303
5981 1189234.5689266720
5985 1189684.3259356925
5986 1190219.1642482774
5991 1191048.4808032014
6015 1192029.3710013903
6034 1192307.8480669609
6042 1192676.5284426960
6054 1193031.3784629204
6074 1193421.7205482309
6081 1194054.7087018322
6085 1194096.5261606316
6102 1194788.3820812707
6106 1195025.0899251816
6112 1195151.3627113174
6118 1195328.7259105768
6122 1195552.6696943312
6128 1196207.9191783988
6138 1196737.8687589339
6139 1197288.4552748448
6159 1197476.5405414060
6161 1198168.9260800350
6186 1198505.8165340379
6198 1198923.2008351535
6206 1199689.4217631714
6212 1199850.5111787715
6214 1200787.3032778434
6218 1201186.2294646907
6228 1201412.7639318455
6232 1201423.9395673820
6235 1201652.1137236054
6236 1201934.1357240819
6239 1202796.1487140721
6263 1203032.9946024683
6264 1203847.7790659287
6279 1204354.6033813176
6285 1204488.3421713326
6322 1205322.8498602491
6341 1205793.0555835697
6353 1205943.8439019332
6367 1206296.2804668618
6371 1206370.4216265085
6384 1206848.3540276075
6392 1206889.9611523445
6407 1206949.5472906972
6425 1207572.9079762886
6463 1207746.4680300462
6467 1208090.1250165598
6476 1208627.3245095783
6481 1208838.2675738242
6495 1208909.5888627113
6499 1209183.8862503341
6526 1209903.4785434951
6531 1210314.5680358559
6535 1211167.3651644629
6547 1211495.8173457657
6562 1211727.3633050011
6564 1211764.1524805964
6574 1211813.6265377791
6575 1212410.1451236133
6590 1212930.5550649376
6607 1213668.7033365683
6609 1214344.0123368814
6648 1214698.0803166917
6668 1215173.8056488987
6686 1215181.0995901851
6698 1215498.4846048790
6714 1216383.6359446447
6727 1216421.3395510388
6729 1216647.6634389255
6740 1217624.8093647254
6745 1218449.9979536193
6766 1218584.0002162878
6794 1218675.6079740762
6807 1218692.0523589449
6810 1219630.4415136750
6818 1220353.3281424667
6822 1221838.8673638047
6834 1221900.4543788095
6862 1222001.2479012592
6868 1222193.0811240140
6891 1223081.4289437842
6899 1223277.1807316288
6904 1223418.4207632125
6917 1223835.2101066052
6934 1224192.0612329822
6952 1224752.8819199696
6973 1224832.7972260942
6978 1225166.1753407689
6988 1225270.8621967144
6996 1225281.7217949480
6997 1225621.2798860422
7014 1225673.8620356531
7018 1226125.1499856308
7028 1226187.9546073654
7062 1226999.7162233428
7070 1227167.2174283536
7081 1227803.8525827497
7108 1228186.0209946330
7138 1228622.0861171323
7180 1228804.6259519067
7184 1229485.5573413437
7207 1229763.6969792279
7226 1230141.0895781463
7239 1230174.2567178791
7247 1230460.0512167811
7263 1231347.4413716423
7280 1231912.3257999870
7291 1232524.8540555239
7297 1233447.6583205874
7307 1233619.6961182721
7321 1234414.9485531184
7337 1234488.0575320045
7344 1234790.7885670993
7345 1234791.8618003635
7362 1235382.3542744489
7372 1235674.1011865844
7391 1235958.9843533465
7404 1236098.0889778051
7422 1236333.1596161951
7443 1236415.4078955250
7446 1236578.0785253989
7475 1236796.4218471837
7503 1237226.1246712061
7504 1237307.0304501262
7542 1237880.1293729104
7553 1238162.0814896948
7557 1238958.4202044988
7558 1239004.0701273680
7583 1239160.2707521652
7591 1239459.9108780052
7595 1240137.4854369797
7598 1240679.7186355148
7678 1241071.1430530157
7679 1241749.1201717698
7693 1241926.0629167857
7705 1242482.7329640570
7728 1242590.7110688363
7736 1242602.5758113444
7738 1243194.8789810766
7739 1243352.0403093742
7740 1243670.0971932188
7763 1244336.5066944277
7766 1244870.1460656996
7780 1245074.2228710407
7784 1245568.3192616766
7853 1245590.5344280691
7901 1245626.6007853791
7905 1246180.9858628043
7909 1246393.8150384086
7910 1247752.0915114391
7916 1248159.7628824015
7941 1248234.7006449201
7944 1248332.7508971239
7951 1248715.9984671474
7955 1248717.1367492534
7971 1249461.7486070120
7993 1249635.1956301923
8012 1249923.6463364752
8021 1249937.7884498972
8022 1250311.4223988566
8040 1250477.0240131014
8046 1250922.6851293617
8110 1251302.1415248569
8140 1251304.9927738344
8141 1251340.9010086562
8168 1251784.5677334473
8182 1252271.7025539041
8188 1252446.9156020142
8265 1252610.5118936715
8309 1252716.5326244831
8310 1253047.8249737616
8314 1253205.7042293493
8329 1253284.6196223625
8350 1254041.5609741136
8369 1254411.1649856968
8421 1254543.6504771775
8425 1254752.7145668773
8429 1255483.9098130409
8457 1256039.0053461364
8458 1256160.0366796732
8474 1256723.4819019814
8486 1256886.9193874833
8489 1256997.8698772360
8512 1257005.9488254709
8537 1257140.9913409923
8552 1257181.0313808746
8554 1257446.8033727081
8561 1257457.6350277546
8598 1257532.9896975884
8600 1257977.1465095172
8603 1258446.5767322634
8637 1259277.0356749471
8638 1259407.3645080603
8665 1259915.0179680325
8681 1260247.3133666962
8683 1260386.6326105816
8704 1260638.8047768797
8723 1261544.9392665937
8726 1261843.0097442297
8769 1262707.4356840737
8776 1263316.3668665998
8803 1263484.0186593116
8873 1263948.2001155315
8882 1264493.3800090824
8939 1264673.3790276153
8950 1265139.2439095464
8988 1266248.2364471657
9010 1267046.6971816369
9019 1267564.6288926415
9031 1267872.4858254485
9041 1268686.7227935637
9087 1269173.3838342840
9152 1269332.0742161446
9169 1269557.4815411808
9184 1270427.7576343871
9191 1270942.3982218429
9220 1271561.8116633384
9231 1272361.7154581493
9243 1272810.1175354724
9256 1273542.5338464330
9276 1273819.0091366400
9277 1274675.5453073024
9287 1274939.0702985046
9319 1275143.0416100593
9323 1275791.6448129667
9370 1276307.6766448470
9383 1276355.3781620613
9409 1276634.7153732921
9430 1277424.8139819610
9447 1277706.5629482255
9485 1277894.6346622824
9495 1278091.5133163403
9503 1278476.3208410463
9515 1279335.5392706899
9523 1279338.8922610052
9533 1280039.3616255911
9535 1280080.7359858507
9537 1280401.4417673275
9538 1280488.8304213530
9547 1281076.3060819290
9562 1281329.9759744855
9564 1281948.8579271839
9575 1282423.9419388149
9627 1283466.6979800453
9634 1283547.2917660435
9640 1283783.3363414044
9641 1283881.8083381809
9680 1284249.5311913143
9701 1284844.4002456227
9722 1285107.8271790885
9726 1285239.1131527915
9729 1285308.1952877808
9761 1285541.8487030093
9764 1285711.6231113833
9791 1286029.1063133087
9795 1286461.7278434085
9814 1286547.5300709226
9820 1287049.3983400236
9850 1287070.7085078524
9855 1287285.0302503458
9864 1287286.8334006914
9869 1287760.6994439643
9900 1287863.6711910090
9915 1288432.7199972197
9920 1288552.6847338390
9930 1288872.9186234146
9942 1289551.0373761372
9976 1289683.6835187285
9980 1289786.4412128460
9981 1290134.0445171506
9982 1290211.7474637108
9998 1290403.5442666605
10001 1290403.5442666605
evaluations raw_y
1 683850.7526232352
2 683902.1141708350
4 684090.0064397567
9 685013.1285005846
10 685346.8913300526
12 685683.4363802738
14 686008.8941065903
19 686197.1146806686
25 686656.3010811069
26 687676.0076437838
28 688660.0658916935
29 689530.1075716451
32 689782.6877151331
33 690011.6682980797
38 690231.0608511202
40 691154.1996757502
43 692029.3501532344
44 692511.1323978429
45 692695.9642808469
47 693322.7722654713
48 693729.0906298090
52 694247.5373461087
54 695217.9098437713
55 696620.9523358188
61 696962.9411584371
63 697685.5359274845
66 698554.9442924176
67 698895.9723551135
71 699130.9287585613
73 699226.9956619017
78 699486.7331096936
82 700344.4329562207
83 700354.0406781194
84 700956.7607836513
85 701163.1038862546
87 701588.9866288285
88 702230.1071865999
89 702241.5598946719
95 702382.4841675814
96 702997.9158627960
97 703055.3605706525
99 703509.3192749473
101 703602.7547061162
103 704408.9839157698
104 704768.6141148552
107 705759.5255735054
111 706272.6794824620
112 707814.0431982004
117 708811.7799153270
118 709347.4316052265
120 709631.2493317056
125 710290.8254832674
132 710736.4182571921
135 711519.9726010417
141 712422.5441622755
142 713957.9351421890
143 714275.3353538204
144 714537.1752854652
145 714621.2552772562
147 715053.1091710993
158 715823.1208798968
161 716604.7295520160
163 717871.0078552639
165 718753.7530496523
171 718768.5328769897
173 720326.8511943355
174 721107.0738415980
177 721563.2962687080
184 721876.9447373439
187 722350.9233171497
188 723252.5353783943
192 723714.4352340518
193 724348.8311105079
195 725462.4673416921
198 725932.0806910137
205 725968.5193155567
207 726249.4445081218
214 727411.4400134519
215 727672.5051655469
218 728071.5268737833
219 728833.4694997388
220 729489.0827651956
222 730314.3503888608
225 731074.7677967728
232 731360.7451499497
234 732126.0802489098
235 732507.3129768880
236 733414.7059783624
244 733473.8585178667
246 734467.4223382286
248 735243.8116897800
250 735789.0828338254
258 736614.1773285702
260 736973.9688934056
261 737132.6363711627
270 737923.1600238797
272 738696.2444652678
273 738756.0830144952
274 738802.0637641671
284 739153.2833831828
294 739626.5282393817
296 740026.0041993593
301 740759.1447668821
302 741026.0431800695
303 741561.9513970291
308 741757.5147132915
310 741782.1094170058
311 741985.5616558834
314 742765.5765090643
316 743583.9824273254
317 743861.6201933918
318 744915.0171312720
321 745497.3790175437
333 746474.7817826052
334 747370.4491828560
350 748014.2041384854
351 748868.1532946734
352 749138.5589860772
357 749568.6463508932
358 750216.3875510844
360 750776.3725270290
364 751192.0934488954
373 751552.0775813508
374 752723.5472043799
378 753618.5965496801
382 755462.4522477612
383 756320.3754788691
385 756971.9928194705
387 757040.3440157236
389 757720.0940967733
392 757847.3400213309
393 758298.0219013457
394 758744.5554960518
398 759315.9258950456
400 760424.0178078649
403 761304.7744731132
405 761743.3428554842
411 761836.2895037411
413 761940.0689502385
415 762221.1274955909
417 762364.2982568839
421 764775.6867542315
425 765600.8350070342
426 765637.5932480320
431 765708.3794646765
439 766003.9289417388
441 766583.4213730473
443 766972.6203921981
444 767933.7152626975
445 768017.6586140951
448 768052.5244144103
449 768158.0168843584
452 768810.9628875100
454 768985.8359903076
455 769412.7734434434
456 769906.4543809771
467 770230.4736823845
475 770781.8752369537
481 770968.6777418896
482 771353.5297930350
485 771569.4622384434
486 771992.9819452330
487 772469.2766077596
490 772829.0003055340
493 773068.9322017726
495 773745.7631711536
497 774066.8661435391
503 774286.7124882464
510 774927.6500946280
522 775648.7169708655
525 776284.4605642797
527 776603.4806976983
529 776880.8907806411
532 777122.4627267922
535 777244.8113166910
539 777930.9645307763
545 778505.3666462688
549 779320.3434433817
553 779921.7962070636
557 780023.8845932063
559 780809.5460541055
560 781775.9968888403
567 782249.4790861764
571 782751.9847357087
574 783368.4155199495
577 783824.6463121788
580 784326.8628828245
583 784797.9478311534
584 784921.4044265090
585 785507.3045894749
588 785621.5170507126
589 786393.3460053343
592 787761.6169749406
593 788013.3015057869
602 788108.8447124071
604 788626.9807411286
607 788986.6031919750
613 789169.9400105765
617 789869.6460749650
624 789872.1174367487
629 790278.2775356477
630 790739.6367718804
635 791283.4068238710
637 792413.5728711198
638 793074.8670067522
640 793187.3114719025
642 793260.1296615722
643 793782.2350131719
648 793957.7063483649
652 794244.3787220051
653 795135.3963147264
659 795219.8276115299
662 795929.6872325288
664 796252.5452073845
670 796391.2956922395
679 796691.3512457623
682 797449.1373402188
692 798386.7538750377
699 799101.1756379346
702 799342.1606567207
711 800648.4478852378
713 801167.1542061913
716 801703.5995068916
718 801871.3562911954
725 802215.2316534626
728 802249.5051008911
733 802281.4089496334
734 802407.7392283741
739 803610.5195139337
746 803829.9140694248
749 803835.0089724477
759 804440.8665033100
763 804564.0856475948
764 804980.1238304846
771 805671.2283411450
774 806055.8739548448
775 806858.9056962605
777 807018.4479485905
781 807961.6428309997
784 808494.8757733505
789 809487.9230130593
790 810241.8591525768
794 810597.5179030974
801 811126.7708014232
802 812619.3059358437
805 813259.2470284526
806 813267.6471557483
811 813488.1513179441
812 814357.4945658274
813 815282.9838834933
816 816101.0180921941
820 816207.2682876772
822 816776.4309425249
829 817465.5162730473
831 818196.2038017004
836 818273.2605552413
844 818273.7908270538
851 818391.5565509050
853 818503.0844877927
857 818947.7178654033
860 819099.9005677203
865 819388.6861629044
883 820440.1022558386
885 820943.1909301039
887 821486.1361728376
891 821924.9035956356
893 821932.3215343625
894 822717.9036639305
897 823338.5515258545
902 824152.9679063895
904 824314.5085861390
909 825372.5935516687
910 825693.5098261047
911 825773.8193027896
912 826194.8349822068
933 826885.7640844613
936 827908.8776497520
937 828386.2036380111
938 828635.0858287950
940 829625.3501304287
941 830304.7709723291
942 831166.4974798188
951 831695.8839285308
955 831733.1045386302
957 832522.3413124909
959 832884.0285091522
960 833236.9207254639
961 834676.4315570112
962 835375.4926204279
967 835978.4493319374
969 838748.3462824977
974 839335.7639310959
975 839624.3682357869
981 840141.0515202958
994 840700.2585040730
996 841433.2933074826
1000 842385.7277442341
1003 842422.2078199714
1004 843041.1107991425
1006 843560.5880858856
1016 843697.0134743743
1018 844148.5082176437
1020 844410.5503730077
1025 844967.8558704425
1044 845754.5799853394
1057 846515.7648215691
1058 847091.8997192007
1060 848261.2544146206
1063 848321.6634899449
1066 848497.6217164878
1067 848716.4686248947
1068 848944.4959505637
1069 848996.3177918661
1070 849747.6511053293
1074 850640.6536257184
1077 850712.6636093321
1079 850729.8815905661
1081 850867.5651512579
1084 851679.4781588177
1085 852201.7878499504
1086 853095.7365849147
1088 853995.5788724594
1090 854619.3910383095
1095 855294.2787154724
1103 857579.8406194334
1105 857797.7004915552
1107 857840.9659115691
1110 857918.6095423461
1116 858663.7762544468
1126 858769.0214626860
1128 858850.5441748006
1133 859311.3502183791
1136 859496.9208404970
1142 860551.1749267167
1146 860756.9528821412
1149 860968.8491806486
1152 861689.5975844660
1154 862290.2479232838
1157 862439.1777939212
1159 862618.6887086123
1163 862627.5010350415
1170 863044.2181565025
1173 863467.6288662641
1175 864218.6618411641
1179 864840.5662505687
1183 866069.8181696706
1184 866242.3902766329
1185 866505.5701175131
1186 866730.0074836129
1188 867112.9867212459
1191 867225.0079808793
1196 867332.6004271529
1201 867645.9648147916
1205 868793.1120500538
1208 868895.3638251344
1213 869410.9099024467
1218 870114.2420742458
1220 870280.3441921687
1222 871229.8637063268
1225 871588.9172883985
1228 872364.7825082120
1230 872777.2239074473
1232 873393.3992765779
1233 874308.5767487721
1245 875230.7438434265
1248 875313.1859287062
1265 875965.1641526010
1266 876093.6580285347
1268 876793.4243077461
1269 877063.9981257824
1271 877220.3873800690
1284 877400.5784251235
1287 877452.6799607548
1288 877653.5541005426
1289 877866.3975568510
1291 878266.0490163279
1295 878274.8075013768
1299 879218.9828973411
1301 879656.2177741118
1305 879690.9234200640
1306 880346.7362445057
1309 880523.1977743289
1313 880739.6501567297
1314 881329.4422876565
1322 881992.3535487908
1323 882527.6077459912
1325 882580.8873429771
1328 883532.7669473640
1330 884467.8031815435
1345 886169.5720316143
1353 886329.8661475040
1356 886453.8947576205
1357 886526.8339981950
1363 887189.7714987145
1364 888065.5328147016
1369 888919.1569149920
1376 890543.4342692913
1381 891050.9869231464
1384 891495.7018830787
1390 891988.8828395597
1392 892623.0154927183
1394 893185.1324778806
1397 893744.3949936397
1398 894597.0381935796
1403 895061.2907453438
1413 895441.4982630991
1414 896270.3809753158
1417 896866.2703248848
1418 897113.6860014736
1419 898818.0039484114
1428 898943.9342908235
1429 899564.2697101906
1430 900205.5100347718
1431 900792.2302145241
1436 901682.9154576842
1441 901942.1595886450
1450 902136.2468309241
1453 902984.3361906800
1454 903431.7786389011
1459 905077.5786728919
1460 905205.2725255337
1464 905313.9696891962
1467 905981.6762694559
1468 906336.7192819507
1470 907037.3799416423
1472 907536.7766158588
1477 908098.1655813393
1479 908425.9173823337
1482 909117.3290501254
1487 910036.1720835837
1490 910713.6867686153
1494 910968.2103376040
1496 912647.4893389816
1497 912714.3577831584
1502 912810.1136225966
1512 912883.9040922020
1523 913516.8959389761
1524 914302.7075839823
1527 915282.8570102314
1528 916250.1835390197
1531 916463.1174080578
1535 916845.7159857617
1543 917393.5157277964
1552 917989.8760883402
1554 918360.8704838018
1569 919305.1767756273
1571 919310.2412154460
1577 919955.1188322484
1578 920614.0117656630
1581 921049.9596212283
1603 921066.1099027272
1606 921739.4621736810
1612 921761.9310433997
1617 922741.0837323307
1623 922753.4473982187
1639 922983.5201457235
1643 923349.7180882269
1645 923561.0989051323
1648 924462.4320762809
1649 924768.6269480453
1653 926219.0017718978
1654 926547.8724217005
1656 927803.4358797774
1666 928038.3573591359
1671 928157.6323495964
1674 928827.3645003139
1677 929121.5487266073
1678 929778.4085901340
1684 929863.1171351564
1687 930478.0424881299
1691 930538.4061650857
1698 931501.7302232935
1701 932452.2536716224
1705 932500.8955884139
1706 932563.8733155245
1709 933320.0273038197
1711 933350.9569178524
1723 933573.9479089695
1728 934328.9064480505
1735 934869.1866342330
1741 935843.6232034572
1742 935853.2930219352
1743 936394.3818431137
1744 936483.3491756563
1745 936650.9626481557
1764 936670.1111931137
1765 937109.7192087062
1770 938509.2905193864
1780 939100.7242131300
1791 939171.1020019676
1795 939666.7137244234
1798 940296.7439168262
1806 940711.5552592797
1812 941041.0465749776
1817 941690.2704611195
1818 942367.0091187267
1822 942428.2010557540
1823 943081.6973205017
1831 943558.1687463019
1834 943862.3717413354
1835 944773.0536989579
1840 944819.0256288593
1846 945277.2418121165
1850 945288.0032396044
1853 945331.3712608264
1857 945581.3304693940
1858 946426.9337942610
1862 946983.1045723256
1866 947387.1479947370
1870 948357.2965557877
1882 949064.1187321914
1883 949168.9244156317
1891 949960.6186535227
1892 950811.1061729715
1899 950933.1166581749
1902 950966.8826892474
1908 951160.2173581293
1910 951859.1433537527
1911 952126.1041096455
1916 952595.5720443845
1926 953221.7000352624
1927 953558.4084167028
1930 954419.7752570388
1937 955098.5162028532
1940 955859.9870559454
1945 956554.2221460731
1950 956854.0364240559
1955 957216.1811892204
1960 957454.7532908294
1963 959309.9727735445
1964 959584.8308421838
1970 960839.3911824098
1972 961056.7834724981
1977 961347.4746609073
1980 961791.9989784696
1991 962021.7708435111
1995 962364.3971394765
2011 963163.9885044239
2013 963251.4793820740
2016 963786.3593581528
2030 963888.1809726314
2036 964750.3962788805
2039 965156.0733075073
2041 965363.9295487341
2043 965728.9987799979
2060 966239.5530238043
2066 966336.7929616560
2073 966829.3721770314
2075 967472.8809375486
2080 967534.5688829786
2084 967852.2749621657
2086 968760.3401503991
2093 968796.4439650382
2094 969074.7653252962
2103 969291.0354123582
2105 969589.7168364866
2107 970408.3870908523
2112 971311.4324223815
2115 971562.2586057254
2118 972516.1712748721
2131 973050.1522976056
2134 973976.3342520210
2137 974910.7088186848
2142 975464.8748853995
2148 975958.7398046957
2155 976256.4671726057
2167 976316.8146107154
2175 977449.0853076208
2193 977779.3502001121
2194 978423.7918332482
2197 978805.2114645832
2202 979143.1963708823
2203 980341.2270072391
2207 980884.3563121541
2218 981291.0061601956
2235 982139.3406939849
2240 982402.1851393007
2244 983118.5251237893
2245 983677.9233075544
2246 983910.8367157802
2247 983913.4419940086
2256 984025.8434115930
2269 984204.2385140201
2270 984547.4684716980
2272 984882.6898171853
2277 985008.2952952853
2282 985167.2620013240
2291 986029.8234368468
2294 986498.3577185202
2307 986731.8278848358
2308 986781.9773827806
2312 987356.9360877238
2315 988043.8151508247
2320 988045.5106016615
2321 988709.6295590643
2328 989175.2171530757
2346 989319.7302301135
2353 990163.0266559792
2371 990805.3649981866
2379 991153.4005178073
2380 991154.9111245162
2381 992774.9685496329
2383 993184.3194338204
2385 993664.5430556184
2387 995157.6423544760
2388 995751.5168044406
2400 996167.0151299835
2402 996229.4176988847
2406 996851.5998000489
2410 997147.4882223946
2411 997199.1439368596
2413 997582.9326177755
2415 998183.0336850181
2421 998976.5038219957
2431 999403.1638491049
2434 1000263.1848164896
2436 1000693.2190856520
2443 1000937.4730276505
2449 1001427.4439530554
2453 1001804.1836484692
2470 1002239.3211948479
2473 1002778.5665900381
2476 1003352.2469306559
2481 1004074.1933047397
2483 1004334.6730743091
2484 1004590.9419946752
2488 1005348.3120062965
2489 1006296.8026463249
2490 1006613.6031525679
2493 1007564.7416657334
2501 1008058.7343400139
2502 1008562.3692317097
2515 1009140.8767582900
2520 1009211.3594242899
2521 1009787.0076002119
2526 1010017.0544979256
2531 1011206.9531965397
2539 1012574.3463249838
2554 1013022.9731433993
2562 1013137.0761870501
2564 1013207.8363012908
2571 1014036.4684996962
2575 1014442.9543362368
2578 1014458.6429295753
2580 1015071.5589524972
2581 1015388.2802343180
2589 1015569.1179510966
2591 1015644.9390685664
2592 1017065.6740280900
2593 1017421.8416942548
2594 1017438.4162374027
2600 1017813.8477564829
2606 1018510.2881038040
2612 1019258.7674388797
2620 1019471.5175360867
2625 1019805.8240323215
2626 1021192.2457205291
2636 1021199.3898319418
2643 1021659.0314803054
2646 1022125.5952058538
2654 1022403.6962841782
2656 1023359.4761777309
2661 1023621.2171332971
2664 1024092.1170874111
2668 1024588.0723702275
2670 1024612.9549057446
2672 1025602.2385004682
2673 1025619.7802869853
2680 1026576.8246856203
2683 1026929.8984590939
2687 1026992.6412480710
2688 1027600.9812361888
2692 1028015.1675826159
2697 1028849.0191183462
2698 1029135.7282270858
2709 1029948.9003985177
2720 1030006.7183272316
2732 1030420.7870534234
2733 1030813.3872454917
2742 1031666.0241489465
2744 1031668.4578262412
2748 1031715.0279815812
2758 1031980.6952094565
2764 1032345.9830598400
2765 1033196.4800954731
2767 1033215.5393343878
2770 1033307.0107600971
2773 1034051.9194246772
2775 1034232.2469960494
2777 1034358.1435776505
2780 1034739.3607096137
2782 1035031.1526059104
2783 1035169.5640165332
2784 1035703.1250957745
2794 1036056.0140650664
2803 1036234.4914912208
2808 1036826.8126796116
2809 1037352.6402836663
2832 1037667.8089756498
2833 1038556.7783517714
2835 1039278.0753697889
2837 1040263.9359118182
2839 1040485.7900207818
2840 1040648.6256789267
2841 1041029.8398300890
2848 1041255.4353174147
2855 1041752.3222977874
2857 1042533.0750662462
2861 1042981.8554883249
2884 1044218.3098701779
2892 1044236.6951698669
2899 1044835.4801638472
2907 1045795.5046916972
2910 1046833.2222440988
2919 1047452.5201340127
2929 1048149.7967126265
2931 1048759.6616240421
2959 1048809.9742893185
2960 1049606.9707986924
2961 1049832.1673841337
2964 1050575.0279709050
2974 1051193.0506114620
2975 1051441.8547406460
2980 1051649.1945449456
2981 1052464.7539791497
2993 1052885.4985149242
3013 1053251.7131147182
3018 1053594.1522642844
3020 1053599.8240939137
3029 1054429.8210160094
3041 1054999.5560456212
3042 1055053.1159174659
3047 1055142.0570807427
3058 1055148.5863144018
3072 1055166.5625100071
3077 1056129.2155697662
3079 1056340.1081981100
3086 1056426.5810928824
3099 1056622.8256135592
3111 1056840.0812301796
3112 1057146.8431475745
3116 1058129.7908769045
3120 1058632.2670824502
3123 1059051.9893514670
3127 1059651.2587881251
3130 1059880.1766772897
3153 1060748.0218932312
3154 1061433.4207682395
3158 1061461.1096429646
3174 1061738.5745519164
3185 1062383.0093734416
3189 1063356.3296246552
3191 1063770.6627800325
3199 1064086.5925090371
3208 1064520.4023899171
3209 1064853.1779816602
3228 1065067.8997331269
3241 1065238.2356167471
3244 1065763.2071489287
3271 1066431.0532661704
3275 1066700.3528083777
3278 1067468.2258090803
3279 1068396.6505992021
3298 1069037.4154247846
3302 1069206.4192979308
3304 1069261.5046698889
3306 1069755.8194610984
3309 1070117.6691145150
3311 1070259.4327525969
3321 1071156.6562643971
3325 1071379.3347219464
3334 1072382.2864444491
3336 1072502.3443328787
3337 1072766.7187838235
3338 1073084.0264438454
3339 1073175.3629855355
3340 1074008.2946587154
3346 1074913.7139224580
3355 1075514.1076432914
3376 1075885.2955676317
3384 1076120.0463517734
3388 1076355.0272225654
3397 1076534.7619099326
3400 1076640.6759736408
3427 1076659.7596070983
3428 1076957.3282968400
3440 1077724.5018625080
3441 1078215.4614334621
3451 1078301.8978412079
3455 1078632.2384397278
3458 1078783.6686170066
3461 1079231.4963513017
3462 1079666.8080271957
3474 1080130.9940618277
3475 1080544.6289926330
3485 1080854.2066891573
3494 1081035.2984999483
3496 1081391.3011495699
3500 1081931.9757952259
3510 1082015.3262871527
3516 1082462.0823514182
3527 1083074.8551876456
3529 1083404.8731371344
3532 1084148.6157733039
3542 1084168.5783420962
3544 1084891.1061841319
3548 1085064.7313556878
3549 1085493.0211505000
3573 1085871.8832091810
3574 1086115.1867932503
3589 1086149.6099995798
3597 1086345.2124597272
3616 1086503.3880314804
3620 1087014.7208624997
3629 1088015.0544050257
3632 1088021.6850611409
3646 1088141.4865116011
3652 1088175.0002630849
3653 1088930.9430266793
3659 1089094.9231410862
3660 1089240.6020901939
3665 1089679.5621620843
3667 1089797.8954908971
3683 1090158.1098905632
3688 1090247.7613642951
3694 1091216.4758723571
3704 1092156.3152007142
3708 1092436.1451177360
3711 1092684.9682560528
3712 1093168.6155620180
3713 1093648.1730343797
3726 1093754.7987689592
3736 1093872.1188649074
3743 1093971.6601040720
3752 1094868.2475146933
3754 1095464.3841494611
3757 1095528.1360351932
3760 1095741.7132274914
3761 1096210.1647892883
3769 1096522.9554393846
3770 1096905.4502179229
3781 1097701.0898005804
3785 1098412.3089874734
3795 1098474.0055157680
3802 1099301.0429236123
3805 1099667.5927244064
3806 1099952.1625686642
3814 1100202.3875286449
3815 1100528.9005877939
3828 1100982.3109121637
3855 1101436.4164324491
3863 1101745.8853492716
3865 1101835.7469955762
3871 1101871.2169808079
3879 1101943.3587958808
3882 1102718.3164789116
3908 1102788.5877748698
3932 1103347.3174059098
3935 1103411.1347360841
3938 1104326.9932400798
3955 1104845.3203354725
3957 1105693.7074939567
3962 1106518.8142168373
3963 1107341.8124485805
3977 1107849.3116974651
3982 1108562.9923482949
3998 1108944.0859884715
4007 1109059.6250053670
4014 1109346.4172950957
4019 1109926.8373717221
4037 1110128.6351823751
4042 1110435.8568044235
4045 1111075.4686277318
4048 1111870.9650819660
4067 1112055.4750957817
4075 1112560.8033954087
4086 1112658.9620063424
4089 1113396.4878244707
4091 1114362.6895692172
4093 1115120.1575296456
4098 1115676.8276753312
4108 1115727.1250015253
4116 1116510.4360405141
4117 1116614.0728315476
4120 1116787.4890635586
4124 1117623.3532296610
4126 1117868.4488116459
4130 1118288.8751705838
4145 1118633.5374508682
4151 1119074.7808405634
4163 1120315.7998175365
4172 1120554.1048869682
4203 1121232.6136989163
4215 1121473.9962433777
4227 1121505.0252787264
4229 1121977.8062321162
4231 1122376.4427159207
4253 1122416.5488363078
4262 1122645.0045862377
4272 1122798.8053486208
4304 1123562.8682573978
4311 1123662.6186809025
4313 1124140.7511088569
4325 1124567.6173664951
4347 1125153.5050127152
4349 1125688.5454910460
4350 1126320.0661806015
4365 1126759.6568753705
4388 1127362.0691012577
4398 1127413.9702204817
4403 1127460.3245818592
4406 1127960.1916536377
4409 1128045.2191973832
4410 1128359.0153850645
4434 1128806.1009638277
4436 1129492.7664027901
4449 1129907.0398207805
4453 1130732.1318422714
4481 1131518.1148036188
4499 1131563.6616326878
4518 1131571.4798875700
4540 1131971.3065531936
4562 1132069.6244537937
4565 1132715.7054213150
4566 1132716.5235817523
4607 1133493.8709186180
4635 1133975.4792506504
4639 1134059.7424911682
4656 1134851.8014381614
4665 1135170.3105916793
4688 1135184.1458979864
4690 1135684.4426559675
4692 1135979.3323467406
4727 1136083.3815697972
4733 1136799.7458382484
4737 1137364.4290315113
4738 1137612.9049918964
4743 1137613.7241818921
4758 1137920.2374489023
4760 1138729.1519817496
4765 1139200.4873649955
4773 1139809.8008631885
4780 1140043.8661229417
4790 1140433.7176329223
4793 1140989.0116933954
4795 1141391.8291652845
4808 1142669.2616151725
4809 1143072.0783783616
4814 1143639.9593048482
4839 1143653.6795538140
4852 1143976.9274253249
4859 1144961.5221029464
4862 1145158.2379987994
4866 1145282.9020242365
4868 1145642.5685814100
4882 1146184.4805457429
4887 1146269.1081010511
4889 1146444.6865096183
4891 1146593.7284625433
4897 1146988.4980557854
4903 1147022.9990453816
4915 1147964.4920861514
4922 1148700.9029056241
4930 1148703.7550025869
4931 1149637.9039496894
4932 1149935.6310261725
4944 1150114.6559726526
4946 1151094.2877908009
4956 1151857.2887186012
4960 1152111.2809917678
4963 1152312.2172856131
4976 1152567.8576089398
4992 1152741.7243704847
4994 1153018.2246116912
5006 1153439.8578405490
5024 1154306.7113633452
5070 1154485.2558041774
5081 1154722.2041406725
5088 1155675.1062080488
5102 1155748.1031064256
5113 1156455.0055009103
5114 1156534.8809039250
5118 1156831.2272360390
5128 1156922.4895901880
5131 1157638.8019051373
5139 1157821.8957520800
5143 1158288.2681505997
5148 1158474.3913286587
5149 1158609.2005472558
5152 1159229.9824948183
5160 1159847.7393721167
5173 1159877.5782120507
5199 1160116.7596779647
5202 1160305.6119080421
5219 1160542.8776821953
5235 1161175.8193976677
5236 1161480.7881051397
5284 1161636.4553284571
5296 1162362.1831749794
5314 1163116.8734252639
5319 1163572.2472230375
5320 1163788.9398069067
5329 1164088.6045197172
5338 1164606.7282598035
5340 1164746.8933225172
5346 1164757.9498036830
5349 1166042.1562281884
5368 1166065.8831409456
5377 1166288.9377814115
5433 1167275.9099917314
5449 1168067.3669442611
5450 1168195.8895342150
5454 1168401.4815126320
5458 1168603.5238133306
5459 1169767.3378234832
5462 1170002.3031737963
5463 1170804.3436850801
5467 1170812.3707821378
5478 1170956.7995696438
5479 1171981.9054199080
5481 1172287.9533878099
5482 1172790.9770068740
5492 1173041.1754416861
5507 1173205.4124903451
5531 1173331.5073026586
5541 1174374.5279771914
5552 1175323.9176954769
5596 1176101.2293702471
5597 1176255.4946643540
5600 1176523.3607731443
5610 1176788.4356443335
5613 1177298.9513803557
5626 1177304.4257206835
5641 1177471.2239693231
5645 1177516.6921056053
5646 1177824.5508268999
5648 1178286.2812000483
5661 1178939.7237815021
5662 1179583.7836578907
5673 1179830.6082888879
5681 1180091.9532731310
5686 1180611.6864362436
5698 1180627.9384216692
5700 1181992.2945215600
5716 1181997.8876675784
5720 1182049.6390398568
5737 1182096.0053511087
5770 1182215.6336809690
5771 1182744.7737021963
5781 1183460.6382996631
5799 1183944.5292917949
5820 1184895.4777187994
5832 1185090.9266242562
5838 1185240.1400619524
5846 1185357.3485909710
5894 1185565.5223561893
5895 1185717.9553592659
5913 1185809.6479461957
5929 1186030.0035117355
5938 1187008.3648172182
5946 1187262.5100101077
5964 1187679.4909933945
5966 1188313.9811584365
5973 1189000.7414143037
6018 1189337.1589921087
6027 1190102.1912371863
6031 1190273.8601920102
6046 1190641.4625789453
6047 1191493.4700428620
6051 1191914.1880221479
6071 1192357.4600551408
6091 1192845.7376708821
6092 1193073.6649718995
6128 1193105.3409389488
6152 1193692.0713571841
6155 1194421.0430122723
6159 1194475.9682330803
6176 1194874.3688492130
6222 1195849.7003558986
6233 1195930.9006062339
6237 1196475.8650401090
6243 1197389.3259115533
6244 1197802.7523652879
6248 1197840.3242366503
6261 1198006.6983946478
6263 1198617.3479925750
6265 1199058.6644155812
6290 1199481.6538406785
6294 1200386.5814100015
6310 1200469.0459820414
6316 1200514.1315150559
6327 1200521.9348570355
6335 1200931.1640065135
6337 1202337.5744615060
6416 1202810.9831293921
6429 1202880.7626224251
6433 1203471.4737031504
6443 1204134.1270775287
6455 1204687.2599525419
6462 1204751.1772012603
6464 1205123.6265395808
6478 1205464.4004650330
6479 1205726.8711668833
6481 1206027.4259033124
6516 1206856.2612935337
6527 1206858.4825753418
6528 1207153.6040841271
6533 1207903.2903975993
6537 1208202.1657652291
6540 1208353.1959974521
6546 1208463.5473190893
6550 1209121.1895662036
6576 1209975.1738961022
6580 1210237.3366194435
6582 1211041.6816903059
6583 1212369.1048362243
6588 1212390.9440141087
6596 1212972.9283146095
6618 1213314.5265806376
6625 1213556.0866401019
6659 1213756.3569332310
6666 1214049.6116637990
6672 1214450.7511278242
6683 1214916.2913624174
6693 1215170.0314802942
6695 1215489.8315089394
6697 1216065.5338111233
6706 1216852.1688634995
6715 1217468.8086115865
6733 1217622.5536749111
6734 1217810.3419397506
6751 1218512.1213392252
6757 1218735.0123898566
6771 1219614.1436013435
6779 1220780.0060275674
6787 1221297.3234299624
6797 1222222.8414763815
6803 1222977.2652536714
6827 1223721.4243965023
6847 1223811.9826408043
6848 1223841.0968648740
6861 1224771.6458221250
6920 1225739.7054021549
6924 1226124.9109857350
6931 1226658.4194609087
6949 1227204.0696146782
6983 1227450.5486163488
7014 1227599.5707116879
7037 1227929.6605604207
7040 1228583.8202846127
7047 1229310.4146510789
7059 1229748.1104395995
7061 1229908.2563306764
7080 1230079.9193834336
7114 1230694.2924683087
7120 1230700.5107836036
7126 1230979.5183155639
7133 1231719.8648136421
7151 1232173.5752113438
7175 1232543.1893768681
7176 1232667.7516467667
7180 1233083.7569500986
7181 1233955.0888328201
7186 1234148.9643504045
7190 1234836.5165297980
7206 1235058.0175509579
7226 1235298.0215751485
7267 1235925.7456210442
7277 1236042.1516451784
7311 1236715.2585216269
7322 1236939.0094102714
7347 1237538.9921644013
7364 1238047.1433454948
7366 1238683.0502777288
7368 1238706.5134033603
7375 1238842.1082860131
7406 1238935.5829587723
7409 1239163.8851048262
7417 1239603.3276182471
7421 1239704.4675536172
7464 1239906.9164303318
7466 1240072.6968040091
7473 1240527.2064370494
7501 1241103.0808519556
7516 1241758.4509201085
7519 1241975.7525177000
7532 1242568.8131513167
7538 1242818.1166303058
7542 1242902.4205263988
7556 1243092.6944904486
7559 1243566.4383775920
7563 1243704.1691906934
7564 1243714.4409953661
7578 1244554.1074183786
7585 1245235.1045513502
7598 1245253.0974150980
7627 1246367.8573483683
7632 1246427.2477497270
7634 1246440.4510938674
7666 1246665.7141086361
7679 1247134.0064277616
7707 1248114.2007741085
7708 1249032.6326557882
7728 1249607.4495342134
7746 1250292.7321255233
7751 1250311.1387954208
7779 1250899.7135968104
7781 1251798.9807848416
7815 1252430.5278599903
7886 1252503.3831590563
7893 1252552.1619670987
7920 1252783.3636366099
7926 1252803.7274270239
7931 1252968.6495479858
7932 1253824.9807387281
7949 1253900.6394354773
7953 1254003.4951195759
7954 1254800.1714792945
7960 1255273.0613736955
7961 1255349.7686933824
7971 1255494.1633352104
7977 1255670.6788280532
7993 1256492.5245722425
8000 1256631.3353180494
8031 1257037.9317962162
8038 1257573.3716438874
8040 1258364.3608493162
8054 1259059.9471764020
8063 1259212.2338934657
8087 1259214.1565077992
8089 1259806.5267688781
8117 1259866.8615202538
8120 1259955.1819211184
8126 1260527.5891401428
8141 1261102.6575196399
8179 1261252.1979719726
8197 1261443.8795685708
8203 1261696.2768980844
8205 1261897.4034056189
8225 1261907.5960894516
8227 1262332.6353356543
8249 1262443.8392140637
8260 1262641.4797649414
8263 1262725.1394883038
8281 1262772.6853550687
8284 1263452.6885517326
8317 1264171.0773760825
8326 1264402.0935417402
8334 1264864.1582151337
8350 1265555.5435676156
8367 1265960.8909983975
8370 1266419.4739183527
8383 1266478.5046207001
8385 1266961.8152915949
8397 1266990.0917798076
8400 1267288.9672795287
8439 1267407.9496916505
8444 1268150.5553503446
8453 1268609.7745763417
8529 1268754.2865577883
8556 1269316.0966862200
8557 1270118.8015035018
8630 1270873.9777448692
8639 1271219.2200958671
8665 1271286.9829973707
8674 1271344.4627374373
8708 1271508.1252709746
8710 1272307.7380657268
8721 1272413.4359728252
8723 1273230.2810624028
8734 1273314.6570223516
8743 1273564.6030777013
8747 1273744.0736704192
8748 1274346.7579716428
8792 1275030.3595444744
8796 1275539.6513963179
8811 1276181.2884352619
8816 1276513.5167142737
8823 1276975.9214547819
8853 1277527.2572192291
8868 1277662.4622944070
8869 1278075.8985251496
8895 1278673.8794524104
8933 1278817.8131459679
8936 1279169.7532139600
8942 1279205.5853641878
8948 1279821.3998690734
9016 1279916.9489019841
9029 1280190.9596438413
9031 1280552.1108509272
9043 1280922.7419630198
9062 1281115.3079581077
9069 1281789.3262062848
9072 1282030.5522989128
9081 1282627.5276280800
9122 1282761.4366687317
9138 1283614.8148504768
9139 1283655.4880231326
9142 1283852.9478674161
9161 1283955.9810897138
9163 1283958.9636134200
9241 1284024.7780879252
9264 1284105.2304264326
9281 1284200.6995921009
9310 1284341.9517345321
9404 1284870.7861128468
9407 1285119.7001527804
9439 1285469.9635581074
9452 1285902.6668925700
9472 1286282.1979235292
9523 1286463.7864670828
9550 1286800.5466003532
9569 1287102.0064447476
9612 1287195.4795211277
9613 1287342.5541422914
9616 1287971.3483517447
9625 1287999.4095867295
9662 1288729.7274411437
9692 1288992.9840020495
9700 1289221.6778937071
9716 1289737.3938369928
9717 1289828.3463412873
9773 1290329.1118333810
9780 1290880.7560834957
9783 1291680.8311130011
9801 1291833.0256731098
9805 1291900.7523349500
9822 1292212.9763557322
9852 1292483.2423577073
9864 1292489.3662833378
9877 1292551.4557582387
9964 1292689.9074991231
9972 1293407.4216355162
9976 1294288.2535658341
10001 1293383.9986306990
evaluations raw_y
1 700931.1042363467
2 702199.3588257954
6 702451.9258037794
12 702956.4111132513
15 703227.9577551289
18 703835.8571317537
30 704557.8437066701
38 704592.5794127820
42 704740.4881899415
43 704982.8123589860
46 704985.3629084057
52 705010.2536761990
54 705160.8831015240
55 706549.3901304454
56 706822.9806120782
57 707805.1275166937
58 708680.0071648780
62 709709.9066466296
64 709862.6008490076
66 710639.2200601905
67 711678.8477417297
74 712425.0004355459
75 712724.3967066675
79 713259.4060685734
80 713369.6368706324
84 713658.5143957338
85 714457.1252479907
87 715292.5980312366
91 715708.7247818257
92 716538.6309966440
96 716763.6483057168
98 717297.4160172285
104 717304.5176572852
109 717408.1441967178
110 717601.9992084356
111 717620.4621822714
114 718129.6297765707
119 719209.8988012956
125 720731.0251366523
126 720871.5886490614
128 722689.7404823885
129 723988.2160059767
130 724143.1359062000
131 724330.6682866537
135 724542.5550997796
136 724883.7923050465
137 725620.5768222836
146 726034.6277678403
149 726138.0224239301
155 726640.5548015131
157 726735.1402050962
159 726937.8690290847
165 726973.5253554640
166 727343.1206666356
167 728100.1136067009
171 728504.7939871956
175 728565.9671293970
183 729478.3531161851
184 730714.3360357704
185 731717.8856347802
187 732292.9838539079
195 733024.8661390335
197 733473.6700012061
198 733897.3247351140
199 734308.3274610850
200 734469.2953160529
202 734568.3986021053
203 735252.5070105513
207 735592.5956080696
209 736673.2745581783
217 737019.8463991208
220 738354.1540919640
224 738785.6225372317
225 738827.4952782955
226 739047.1021989486
230 739294.8143087522
235 739799.8241550875
236 740420.5051166764
239 741360.0536930923
246 742147.6570345617
249 743731.3382675769
253 744770.8493979893
254 745094.3571045320
256 745565.1927584154
257 745893.3693452836
262 746950.4624517127
264 747852.5425193947
266 748640.2322965614
268 748693.8228955169
270 748784.0471209154
271 749119.6757669379
272 750345.8826736272
274 750355.9477693937
284 750575.6022145314
290 751657.3243988362
302 752489.2635983820
303 752516.8428056479
306 754120.7726274243
308 754297.7692987802
310 755909.8837432849
315 755998.5408351792
319 756920.8138551512
334 757798.4141589599
341 758646.6411371746
342 759349.2178181428
346 759491.0743336447
349 760425.9277570635
350 761226.9098219249
351 761597.8748708708
352 762031.6935813758
356 762582.4831723906
360 762798.4682411582
367 763029.1261537118
373 763588.8123414984
386 764020.1472011757
388 764663.7010905660
395 765791.7618237336
397 766343.5703650862
399 766726.7355310377
402 767234.4922100931
405 767579.6865630533
410 767621.9517334626
417 767894.4788231284
420 768855.4937602452
421 769433.5974055384
423 770400.0696707562
431 771055.2884775568
434 771713.1667085452
438 772030.8531488755
440 772063.1257147524
444 772918.8210440663
449 774047.3672910067
451 774163.8529825525
456 774567.7701200057
459 774654.9120889679
460 775426.7360126476
470 775600.0653120617
473 776069.1691901051
475 776346.0343049361
476 776405.7700609055
490 776814.3892158055
491 777307.9339451282
492 777477.5261353854
493 778146.8407850354
496 778833.4682423003
500 779719.4607819916
510 780114.2774128832
511 780959.6888377134
517 781237.2863017203
519 781473.1195111221
520 782468.4121014090
526 783119.4473275658
530 783615.2954362493
531 785305.3843494904
533 785816.4670115698
536 786419.8580118674
539 786928.3314565377
540 786972.6329809349
541 787178.4742437589
543 788778.5938650980
546 789558.6390223521
557 789946.2150311316
558 790626.1076784093
561 790719.4424354174
572 791544.7645999845
574 791932.6038128844
575 793157.0861016068
576 794018.8362260832
586 794174.2775779986
590 794419.4381517791
591 794602.0228051560
596 796273.6035260109
602 796663.0345434221
608 796842.5234745904
609 796983.3573367822
613 797893.6414297536
617 799517.0392211134
618 799629.3450487388
623 800005.5143090801
625 800683.2932883378
631 801548.4711099293
646 801776.8327714936
648 802715.6791129435
655 802955.3880710315
656 803605.0135616739
657 803632.2258934308
662 803911.2745581178
663 805306.0953051302
664 806527.0869870028
665 807164.9013003014
669 807723.3227118234
675 808322.4908014530
678 808466.8353828972
679 808570.5678927621
681 808675.7053784489
685 809077.1619458082
687 809662.7387930688
689 809772.3006930947
699 810612.2078171954
706 811414.7165489931
716 812211.2789950405
720 812924.9238500386
725 813183.5974130782
726 814074.0714223109
728 814366.4535619848
730 814697.1374416513
732 815631.5024456402
737 816251.1665921565
746 816395.4771369462
751 817069.8775218908
752 818021.8355206428
756 818303.4505067694
761 818619.0940845646
768 819108.9809709255
776 819362.5821740412
780 819933.8045927166
784 820511.2706752985
794 820817.9001361496
804 821784.2582201685
807 823393.9234262384
809 824125.9481514998
813 824822.3825636709
815 824834.9555025899
821 824869.0430383147
826 826558.6422141999
828 826632.2775363562
835 827630.6533131361
837 827645.0364502630
844 828409.6863484817
848 828971.4746820402
852 829277.8847237866
855 829475.8594614040
858 829676.0358953187
862 829737.1179650457
872 830096.6971437618
885 830183.4808418329
887 830662.5502084912
894 831030.0574066342
900 832605.4726049085
904 832942.8517075862
911 833236.2009206539
914 833589.0024038211
918 833752.1386430116
922 834030.8169144038
923 834501.6698793735
928 835287.4724651503
932 835382.2749273705
933 835553.5037846905
938 836381.5887714229
940 836688.1195769031
951 836728.8931328262
952 837490.0336144026
953 838333.7308758363
960 839285.6133321336
961 840132.1448081711
967 840365.5736587003
970 840850.9800426976
972 841049.6840216641
980 841469.4831974033
981 841578.3761141064
987 842130.5275519636
990 843274.3828885012
996 844139.6345709825
997 844231.6813516589
1008 844653.5433011083
1009 845291.7612715978
1012 845558.7270964031
1016 845718.1382723053
1019 846001.4946772546
1020 846493.8034587959
1027 846638.0515446021
1030 847680.2047959088
1031 847784.1238603301
1034 848753.3350779159
1036 849490.8106824630
1037 849623.8867981322
1041 850474.8715629288
1048 850777.8985672654
1050 850845.0761047779
1055 851401.1503401581
1057 851601.2961747890
1059 851653.5268637876
1063 852635.8257686857
1065 852952.7241648468
1067 853030.2231258870
1068 853879.0355203405
1073 853932.3198809868
1077 854619.2736866917
1078 855063.3664748562
1080 856010.7939150053
1084 856252.3091771487
1086 856570.7432917056
1087 857434.7858624058
1094 858086.5638452726
1099 858661.9300612391
1102 859326.8039150933
1108 859488.0995075474
1120 860399.1916749178
1121 860732.5943632682
1125 860955.0304927839
1130 861000.8133103937
1139 861835.6438069696
1142 862008.5811092131
1143 862483.7332229414
1149 862902.3896326520
1152 863436.5190677072
1154 863620.9475458441
1161 863747.4977799932
1165 863930.8006886477
1166 864487.1737022517
1169 864891.9767265674
1170 865215.4880584560
1174 865354.1523981181
1180 866343.7641969005
1182 866571.0870735684
1186 867328.0750827527
1189 867446.7737367986
1195 867730.9103959230
1199 868178.4047528260
1207 868278.3835235068
1217 868457.6129805649
1222 869364.8020031018
1228 869893.4515661059
1240 870536.4121458449
1247 870925.8414017132
1254 871913.6956414040
1257 872670.6852489110
1259 872975.9948842893
1265 873528.4542415673
1276 873964.4675726254
1284 873999.3616317859
1289 874535.5513105122
1291 875445.7194129600
1293 875965.6835651959
1295 876027.7533078929
1296 876798.2594438880
1298 877442.4339917693
1308 877712.2772828906
1319 878315.3813726119
1321 878594.9776821361
1324 878931.1763219711
1326 879814.3543908998
1331 880379.8825968851
1332 880824.0743279608
1333 881041.1189249187
1339 881246.8719928202
1343 881351.7854981015
1345 882116.2490344781
1349 882576.2904958819
1350 883050.1895063968
1361 883123.0665492044
1365 883561.6558148627
1373 883756.2021915558
1374 884391.8559971723
1376 885244.0532247028
1383 885776.1683424235
1388 887132.7865391925
1389 888133.7346034078
1390 888374.6920676191
1398 888487.1945196164
1402 888907.5141508254
1403 889094.2280508410
1404 889961.6628976618
1413 890312.5755367453
1417 890807.4478526077
1422 891461.1222492825
1423 891922.8744410375
1425 892145.6388899059
1426 892185.1874663387
1429 892630.8795424706
1432 893047.2501456592
1439 893851.5960902595
1444 894199.9834422944
1447 894442.4631064896
1448 895395.6041123323
1453 895772.2697973255
1457 895959.1222231649
1460 896494.2891021918
1478 896626.2632408349
1480 897110.4968514855
1481 897435.6438404317
1482 897536.8637086449
1488 898222.8620186372
1490 899645.0367431428
1494 901091.1931347944
1504 902027.9658667902
1505 902202.6960314795
1506 902549.0304479261
1513 903409.6298043004
1518 903991.9695852477
1519 904360.2894714735
1523 904999.4491953296
1527 906137.2513441085
1528 906251.4413095108
1529 906442.3238914585
1534 907265.1443552478
1537 907360.0764940000
1538 907952.7966099911
1548 908079.6970365233
1551 908898.4468890959
1554 909175.2873176361
1555 909412.0271433702
1556 909513.9591664214
1557 910181.0449352607
1559 910252.3431508176
1562 911648.5279831208
1566 911774.6483570547
1572 912303.9652191896
1593 912624.1402021480
1599 913198.0537325083
1601 913202.7818126271
1608 914189.9439240819
1610 914840.6534347496
1611 915036.5642106081
1633 915825.3624494885
1642 916115.7657306886
1643 916681.4502173174
1662 917519.7426813369
1668 918340.5917334179
1670 918559.7078063336
1673 918702.1966790381
1676 919057.9617475122
1677 919204.8867589462
1679 919663.0364309696
1684 919869.3904701086
1692 920304.7992601439
1694 920377.5731567653
1702 920661.5255725469
1703 921427.7200495698
1712 922009.8413493251
1716 923310.3323963254
1717 923842.7422322971
1734 923932.7375571767
1754 924600.5802216396
1755 924898.3888824695
1756 925317.1395016601
1761 926308.5113222676
1764 926838.7136364894
1765 927346.4471315962
1767 928346.4406411948
1780 928667.8732647459
1783 928880.9525816945
1784 929598.2350728266
1787 930436.9336346444
1788 930912.0258487692
1793 931710.1495475407
1806 932318.9173323256
1808 932783.7379928761
1811 933049.1940633408
1817 933957.1907764422
1821 934632.8655361048
1831 934686.6966345973
1833 935320.0389572319
1838 936109.9041750140
1839 936162.8336262417
1840 936560.3161361341
1842 936676.3166605821
1844 936999.9472994325
1855 937409.5912660584
1865 938316.2017256084
1868 938496.6972718863
1870 938645.6898585455
1875 938717.8467005009
1876 939435.8122648401
1884 939556.0332881365
1892 940222.6966088454
1894 940927.1091043504
1898 942008.5382609277
1900 942885.1439828558
1903 943357.8416461525
1906 944329.6209447786
1910 945267.0819389087
1913 945428.2530958994
1914 945612.6682384280
1919 946870.1404632613
1920 946956.3188410588
1927 947026.4857407578
1929 947227.3899708909
1931 947722.5360937248
1936 948503.7139723409
1939 949150.5952050030
1943 950107.1130437017
1947 950143.4520964533
1950 950604.3980303884
1953 950740.9468593413
1955 951246.1077731877
1961 951881.7927981418
1962 952816.4231230840
1966 953121.6852679839
1983 953915.1929942552
1996 954369.8861099423
1997 954809.6224939711
2001 955316.3711834915
2011 956020.7498829495
2017 956193.7317978080
2020 956201.9252664610
2024 956825.2103768251
2036 957292.0320078401
2045 957992.2067519925
2051 958274.2177942648
2052 958312.2009919215
2056 958453.6926438035
2073 958559.7097454161
2075 959450.5395281517
2082 960450.3708576465
2084 960548.7465513565
2089 960635.4423272887
2091 961118.3615836659
2094 961857.0942400696
2096 962121.9719673848
2112 962844.9456151249
2114 962959.3972349965
2115 963267.1242950762
2123 963494.2971739082
2125 964237.5393310911
2129 964378.4389025534
2130 965166.4116979042
2131 965277.6393903615
2141 965969.4811892066
2142 966393.0510719641
2144 966568.2150129057
2145 967490.3378401832
2147 967630.1931341602
2150 968891.2130214331
2158 969669.5196601705
2160 969774.4455522498
2161 970738.9386214839
2166 971301.6856652293
2171 971829.1223125289
2178 972079.7422849720
2180 972984.8273578100
2191 973016.4118728039
2192 973736.3939396880
2196 973798.7855816368
2210 974212.9175082116
2214 974919.8813858507
2216 975082.8738136428
2217 975417.1279013299
2221 975787.4213889248
2231 976036.3038269406
2234 976110.6650064562
2237 976799.9960800634
2243 977159.0884764547
2258 977278.0820533993
2259 977606.2362767613
2265 977981.2586961564
2271 978914.2442264846
2275 979010.7411597366
2278 979381.3038711955
2281 979831.1348479150
2290 980083.9339466675
2299 980702.9358637603
2300 981215.0914452545
2305 981944.3852556479
2307 982838.0026055312
2327 983537.6934537961
2328 983607.8235122004
2332 983934.4444225704
2333 984489.4333218377
2335 984566.5658718584
2336 985386.9245416174
2341 985432.4937923234
2351 985876.0740698595
2360 986410.3638715694
2362 986589.9422243399
2363 986768.6669131239
2365 986803.3926713904
2382 987706.6473021351
2388 988637.5211755696
2393 989180.2690551400
2399 989840.8467289690
2402 990246.3406205780
2404 990578.8706952542
2405 991076.4079516897
2419 991486.3919156373
2420 991900.1220437918
2426 992680.7410285970
2429 993398.0920809319
2430 993795.1997389843
2432 993865.9420116583
2436 995157.0175258586
2458 995669.2670573939
2469 996715.7339593265
2477 997009.7573724893
2487 997146.1367728476
2495 997498.7576598845
2497 997611.4266572944
2500 998025.1453761247
2512 998028.6677362968
2515 998552.7020189947
2518 999191.5978135272
2524 999978.9637957991
2526 1000397.1995799356
2534 1001337.3901129056
2545 1001344.3008837476
2558 1001386.2853596617
2562 1001826.2590272761
2569 1002447.1199637403
2573 1002818.3277654530
2583 1003766.6082209110
2596 1004915.5126992061
2598 1005670.0912726740
2601 1006052.0284345060
2606 1006361.2046532074
2612 1006891.6676702661
2617 1007299.5689656497
2619 1008143.9608880806
2623 1009120.0891337460
2637 1009770.9081824832
2639 1010300.1188371965
2645 1010974.7934136912
2647 1011638.7340090582
2654 1012417.9596721344
2675 1012468.7775900593
2678 1012862.5035482259
2686 1013285.3509782710
2687 1013998.6230375094
2688 1014797.8092623455
2690 1015478.0991014069
2693 1015642.5836940809
2703 1015682.0156000722
2704 1016002.2864636142
2708 1016010.5403199221
2711 1016516.6947361407
2712 1016573.6073745798
2728 1017423.3071963516
2732 1017671.5362969566
2735 1017734.2708682965
2736 1018168.0990403589
2745 1018723.5917451768
2746 1018787.3569059635
2748 1019464.1663909238
2750 1020385.8877506678
2757 1020744.4725968469
2768 1020801.8105305734
2779 1021665.4470892799
2780 1022209.4940590726
2781 1022583.3811264470
2787 1022984.2147895959
2796 1023576.7852780351
2797 1023938.1484142600
2800 1024627.7575053192
2806 1024882.3155455451
2823 1024997.4742188300
2836 1025029.1262030770
2848 1025955.1985921282
2854 1026088.6740344075
2860 1026424.6708717970
2864 1027130.5646369518
2870 1027923.6095266513
2872 1028157.4867072784
2873 1028244.3965731619
2886 1028658.0302542943
2896 1029066.7415342404
2900 1029650.4154126877
2902 1030309.4716368236
2913 1030822.7872625246
2916 1031484.0295715237
2917 1031755.3920610852
2918 1032590.1443074082
2928 1032719.8105952434
2947 1032997.3735353361
2950 1033887.6108901483
2958 1034219.6213670580
2966 1034466.9154205660
2970 1034582.9646163110
2976 1034945.5562139647
2981 1035629.8708774230
2982 1036281.9592140132
2986 1036692.3209549955
2995 1036758.5442419203
2996 1037082.0265253208
3002 1037315.3763421084
3003 1038119.3032633425
3010 1038792.3265296549
3016 1038798.6140130986
3019 1039399.5798207021
3022 1040094.4684529461
3029 1040733.8986063586
3034 1040838.1936997786
3037 1041157.6203208982
3039 1041796.3101313283
3053 1042778.5832223938
3063 1042818.2667651726
3065 1043465.8592755060
3067 1044342.4896786037
3081 1044366.4390112795
3091 1044584.2645856554
3112 1045363.8571105642
3113 1045490.5799451696
3114 1045797.1272789458
3119 1046738.1702737805
3136 1047134.9785225390
3174 1047867.0528464151
3175 1047903.6112590363
3180 1048011.0882591954
3181 1048375.6758109119
3187 1049262.6895562198
3193 1049745.7262626998
3214 1049929.6913837860
3218 1050049.1818993601
3222 1050824.9197555471
3229 1051799.0380092473
3236 1052023.8813499250
3244 1052187.7500834591
3246 1052290.2703176914
3256 1052403.5658048852
3260 1052932.7197651891
3270 1053578.7197270626
3304 1053694.5572571591
3306 1054320.5054227903
3325 1055249.6447601772
3338 1055568.5920699839
3344 1056027.3834401926
3351 1056031.7502646886
3355 1057534.9914177759
3362 1057764.1867286866
3365 1058305.6775644650
3369 1058374.1756460026
3371 1058927.6829452086
3374 1059756.6431257282
3377 1060495.6053034633
3400 1061133.3641628220
3405 1061790.6832163271
3425 1061933.5258187612
3426 1062543.1739960145
3462 1063144.4866153651
3469 1063467.3899206130
3472 1063684.5784160979
3490 1064233.7968947676
3501 1065208.8806638401
3513 1066007.8729004373
3517 1066494.4245288398
3522 1067165.4998488273
3523 1067262.3188821441
3538 1067982.5761544243
3540 1069385.9398203455
3544 1069949.8687800670
3557 1070370.6864193026
3560 1070554.2433289175
3566 1070591.9330130802
3568 1071141.5394143988
3575 1071820.6072058268
3578 1072678.9225687622
3586 1072837.6940116186
3598 1073954.8012170852
3604 1074023.8346863661
3607 1074640.4062764440
3613 1075232.6607131723
3615 1075601.8005730198
3629 1075631.6433604548
3632 1076798.1422642276
3640 1077173.5106731777
3642 1077660.7996386595
3647 1078120.7246178489
3649 1078308.0980188097
3650 1078312.1438698678
3660 1078424.2517348200
3671 1079006.3922609575
3688 1080242.6556783286
3690 1080658.6594249029
3700 1080841.2798344751
3701 1080998.1382194110
3702 1081642.6842208141
3706 1081809.0506235086
3709 1082355.1248756847
3713 1082441.6415261484
3737 1083431.5175416591
3744 1084169.3096492654
3746 1084427.7096655704
3750 1085104.9970061497
3759 1086632.9620599349
3764 1086862.9642542389
3766 1087806.1166019952
3767 1087821.4006238768
3768 1087886.6796654910
3769 1087926.4511126932
3771 1088173.1779559692
3773 1088266.1585698193
3794 1088843.8902466753
3804 1088905.5839695793
3818 1089191.6149277887
3827 1089838.7080295254
3836 1090223.6831880901
3838 1090497.8723652898
3841 1090595.6350007819
3848 1091124.3071446493
3859 1092051.5269816399
3864 1093566.8416064805
3868 1094370.5924149482
3881 1094484.0357103939
3884 1094545.1148455893
3885 1095397.9403770738
3889 1095890.4383798135
3896 1097375.8537754305
3901 1097898.7964123294
3907 1098005.2279442633
3916 1098844.7357214708
3922 1099556.2564351936
3928 1100164.7579988968
3938 1100411.9486426036
3947 1100547.2213611440
3953 1101156.6988847291
3961 1101763.5367735811
3966 1102241.7372074078
3967 1102406.9773945038
3991 1102658.3355341086
3994 1102915.4165790437
3995 1103149.0840414730
4003 1103850.3752956877
4010 1103882.2481160376
4016 1104142.1301150217
4021 1104392.5427269789
4025 1104927.6227289217
4027 1105007.0927320467
4028 1105273.6251081999
4034 1105948.9463433190
4051 1106047.9638424099
4055 1106688.0025505417
4062 1107811.2747341779
4066 1107853.7268192468
4075 1107972.2938779641
4092 1108863.8951583044
4101 1109590.2294201031
4102 1110569.8997311869
4106 1111015.9431071694
4117 1111076.6107395063
4121 1111201.6778740294
4126 1111306.0035730735
4151 1111857.3724056745
4152 1112690.3634347243
4163 1112755.2097229806
4166 1113790.7480246816
4172 1114347.7812659040
4178 1114737.3635018251
4179 1115081.1125292175
4185 1115220.6255522037
4186 1115594.4492251871
4189 1116433.5873545564
4192 1116672.3491876284
4194 1116695.3091705346
4196 1117005.8223324616
4198 1117485.9318042872
4205 1118876.6597404196
4210 1119302.0223030879
4212 1119777.0601345527
4216 1119901.3227427637
4220 1120498.4079499792
4226 1120993.8479923317
4232 1121169.2354230003
4235 1122467.0075977258
4248 1123385.4105244246
4250 1123565.1015490752
4251 1124176.1790438462
4279 1124629.5905814741
4288 1125361.1232517438
4299 1126108.1618688251
4300 1126295.6116945730
4301 1126396.4094794439
4310 1126824.2609740067
4313 1127416.3092012135
4321 1127810.7202499085
4327 1127959.3718751345
4335 1128245.9406666642
4345 1129125.0708154619
4356 1129372.2864106707
4362 1130135.1570752913
4364 1130357.6864703193
4366 1130814.6969629154
4371 1131762.1902903556
4377 1132631.8298481323
4389 1132677.6916472593
4390 1132896.4499442973
4404 1133579.2577101863
4411 1133913.3320996757
4414 1134075.7952465969
4419 1134609.9052319208
4423 1134986.1394095782
4428 1135374.4188981145
4433 1135799.5853181609
4434 1135855.7030343486
4445 1136115.0003456213
4462 1136500.5186411010
4465 1136995.1856182099
4485 1137054.7967556724
4486 1137194.8227139600
4502 1137308.7622189252
4509 1137925.8799169592
4517 1138204.4143430782
4518 1139142.6977037922
4531 1139351.6698768246
4533 1139365.9275288670
4550 1140051.8141302976
4551 1140338.0872675786
4563 1140692.5327103334
4570 1141052.1846897411
4585 1141200.0621980005
4593 1141987.5592593767
4594 1142215.8569507678
4608 1142563.2543694822
4627 1142978.9382281981
4643 1143023.6244141427
4644 1143089.5085714702
4645 1143436.0811415447
4653 1143719.0936126253
4665 1144170.6842494309
4677 1144801.0335210653
4680 1145158.0188231955
4683 1145205.6700564798
4684 1145626.1527598365
4690 1145948.2153850810
4698 1146283.9516189664
4709 1147136.0823316802
4717 1147983.1471414613
4739 1148650.1490040745
4740 1150191.7227196179
4742 1150605.4923762784
4763 1151146.6130575114
4777 1151672.7739373380
4779 1151876.9600637220
4781 1151953.1446139703
4797 1152463.7445266645
4810 1153948.5191227198
4826 1154320.4207648903
4829 1155181.1238937867
4831 1155766.8494315199
4843 1155966.5358342840
4846 1156643.6410511951
4849 1156689.5838267393
4850 1156759.4014062367
4864 1157087.5732747745
4866 1157118.0242170354
4887 1157327.1618834431
4893 1157342.2682526973
4907 1157891.2181976356
4908 1158823.0690252648
4913 1159805.9015165551
4923 1160237.0791010070
4944 1160552.4758758731
4960 1160852.6036155387
4965 1161253.2380067196
4966 1161820.6746947672
4968 1162580.6729764803
4979 1162797.5345732868
4981 1163767.2526964424
4989 1163956.2012547660
4994 1164321.5454116545
5005 1164563.5113907673
5011 1164709.1103927412
5015 1164818.5199937555
5019 1165662.0315624399
5032 1166429.6136197676
5033 1167242.2259141060
5043 1167433.3334979191
5052 1167435.3657476346
5103 1167548.7799791510
5129 1167935.5114842120
5135 1168379.3457766173
5139 1168643.5740537576
5147 1168650.9723613018
5153 1168707.4353935837
5175 1169302.7270592188
5179 1170086.4627422837
5224 1170617.3793118075
5230 1171006.3804386891
5231 1171363.2006142228
5234 1171467.7638570601
5237 1172310.5396903614
5260 1172449.3450800013
5266 1172647.5438471285
5288 1173441.0449144815
5324 1173814.5279896019
5333 1174169.2110544217
5356 1174954.9373339140
5366 1175659.3967300893
5367 1175880.8701704242
5377 1175942.7364469762
5384 1176152.7275208372
5391 1176948.0578531811
5397 1177388.4721656176
5401 1178187.0370552184
5404 1178837.7711103414
5413 1179179.9903056608
5418 1179318.1650105438
5423 1179826.9863472260
5432 1180094.3290197337
5436 1180379.5944575248
5442 1180477.4311848234
5443 1181164.6625582168
5444 1182132.8835548195
5454 1182750.1820576363
5463 1183547.9042306419
5469 1183742.2785485887
5485 1183974.3041699983
5491 1184584.3644176614
5500 1184852.4401109302
5503 1185122.7632510783
5505 1185245.5294336802
5552 1185583.2128329934
5556 1185643.8927242106
5558 1185741.7479585251
5565 1186722.6432603817
5575 1186829.6031813291
5579 1186883.0970207339
5592 1187203.1124826889
5597 1187231.3846966410
5599 1187967.5425839073
5615 1188569.5572185421
5628 1188883.3781597575
5634 1189106.4919124630
5645 1189129.3197441478
5646 1189282.7234719216
5651 1189710.4379890459
5660 1189804.2707531387
5684 1189920.9188956663
5690 1190115.7857305715
5697 1190131.8885887016
5704 1190219.6713439194
5707 1190283.6712644121
5712 1190676.7838380700
5732 1191550.6945911520
5749 1191763.5154138708
5753 1191990.0785565451
5763 1193513.8760843361
5773 1193567.2630457536
5774 1194339.9232223972
5779 1194424.7968998975
5785 1194572.9152689623
5795 1194749.3370119138
5809 1194750.2305212042
5811 1195440.4094804779
5814 1195996.9694840256
5819 1196109.0105812652
5823 1196454.7820260921
5844 1196995.2167733444
5865 1197650.9491638057
5868 1198179.5846502532
5873 1198526.7246234876
5882 1199027.9287919679
5892 1199085.5547758704
5894 1199990.1821076781
5901 1201074.3810107715
5906 1201567.2538338539
5932 1202043.3053152126
5934 1202075.3172539989
5943 1202694.3851835453
5951 1202987.9040395124
5954 1203330.5483908947
5967 1203389.9613298369
5986 1203760.0305230031
5999 1204292.7757749003
6004 1204465.0767606713
6009 1204744.5237519506
6027 1205668.1579942675
6042 1206532.2301734374
6054 1206951.0293723173
6061 1207074.8014367821
6080 1207080.1147136311
6112 1207619.5889483236
6127 1207765.2137048866
6132 1208231.4922016170
6137 1208443.9236710849
6147 1209126.2757263121
6169 1210015.6196351405
6178 1210329.0256851525
6185 1210534.1064470084
6218 1210569.5157737054
6219 1210783.3421752392
6225 1211109.7692225529
6226 1211222.4698785606
6246 1211345.0558889203
6253 1211923.8380272540
6255 1212186.8905852290
6271 1212472.9892143384
6279 1212525.2577389863
6287 1212791.3840275514
6329 1212794.5732752602
6360 1213068.7398079531
6363 1213105.1364295897
6365 1213511.8765291346
6367 1213754.0082822316
6388 1214598.2069956784
6400 1214699.1620380268
6428 1215074.6313430204
6432 1215951.4917673788
6433 1216376.3546850886
6436 1217586.9221549055
6441 1217609.7372133571
6445 1217686.6934881294
6461 1217988.4603285913
6463 1218152.7365550571
6468 1218200.8393586695
6490 1218856.7118533682
6532 1220247.4248753719
6543 1220277.1151181273
6556 1220872.1219132168
6567 1221232.8257284309
6574 1222212.6848132408
6584 1222566.5303272440
6590 1222885.4086088263
6592 1223798.6677053398
6593 1223839.9061253823
6624 1224103.2563335921
6630 1224703.4151462247
6645 1224912.3027288236
6648 1224934.7401222433
6649 1225332.9978568407
6663 1225621.3206708287
6693 1225915.9364169966
6705 1226089.9262810363
6710 1226429.5778133965
6718 1226439.9686086199
6730 1227345.4023214090
6742 1227503.7796213801
6746 1227681.5961019567
6751 1228238.2441523303
6752 1228743.1192150428
6797 1229012.2703692992
6804 1229598.4430998901
6809 1229957.6225670443
6815 1230560.6115460182
6819 1231355.6774650072
6837 1231611.6404191405
6843 1231822.3191571077
6849 1232673.4002671607
6883 1233046.2079533569
6884 1233208.8570825700
6885 1234283.1380632801
6903 1234406.6103470095
6913 1234490.8535923809
6920 1234547.6961195411
6921 1234931.8828973603
6961 1235255.7905045329
7014 1235307.6947584529
7022 1235970.8292411077
7059 1236624.6083021914
7069 1237151.8284500977
7104 1237567.2909510208
7109 1237741.2914815941
7111 1238480.7316700008
7147 1238770.5490101385
7162 1239053.1032856926
7169 1239163.9224624522
7193 1239605.1640338839
7194 1240077.1248684316
7213 1240222.8737472035
7252 1240442.9851711434
7273 1241118.8229912615
7278 1241863.4091345433
7308 1242058.1473187732
7310 1242216.2384609014
7315 1243023.7060631881
7336 1243639.4587064555
7339 1243930.1507237186
7340 1244047.4548531414
7344 1244221.7928874122
7345 1244784.1908221515
7356 1244884.0436026554
7389 1245150.8255379556
7417 1245369.9395662374
7424 1245535.1718558450
7425 1246164.8261303075
7439 1246518.9193357844
7450 1246691.1291475969
7491 1246889.4983818030
7495 1246907.1813492994
7504 1246991.0008533436
7529 1246991.6256469784
7592 1247235.8881032374
7631 1247574.4692444354
7633 1248030.1312274192
7639 1248318.7583549852
7656 1248532.5068181138
7682 1248581.4913582699
7685 1248910.6106964406
7724 1249095.3211346793
7735 1249557.1719221626
7742 1249773.6570100549
7743 1250631.0193825467
7746 1250642.5753767530
7748 1251519.3285527050
7761 1251599.5670566845
7770 1252432.6420940803
7777 1252974.5229162383
7797 1253322.6520476534
7805 1254051.7378492011
7819 1254910.5792686068
7849 1255131.7586173676
7863 1255793.3082977457
7873 1256051.8103490444
7893 1256180.0569348081
7902 1256476.3331011741
7903 1257066.7611789198
7937 1257439.4382247396
7939 1257476.1877796338
7949 1257740.6083578991
7983 1257744.0863494305
7986 1258495.3981862965
8004 1258824.3595412469
8040 1259537.9363731791
8041 1259879.8826225924
8050 1260175.4972054972
8053 1260527.8102924088
8066 1261316.7200206567
8069 1261439.1973392081
8096 1261946.3796417050
8122 1262122.7159841228
8140 1262189.9916815611
8142 1262205.6238832246
8188 1262761.9523311353
8190 1262800.4064151752
8215 1263077.2987391418
8230 1263169.0731957967
8244 1263655.0697923207
8245 1263783.6141015436
8250 1263922.6374284567
8308 1264258.2666933630
8319 1264403.4712696956
8322 1265411.6966638619
8324 1265474.1068828106
8341 1265559.6630224269
8342 1265802.4505909169
8376 1265954.8906063391
8379 1265955.8373169797
8392 1266834.9330945816
8430 1267114.0671300523
8478 1267356.3471340938
8489 1267862.8280843180
8495 1267863.3957034519
8504 1268205.6228560205
8515 1268626.8332263522
8532 1268631.3466074581
8543 1269392.4671891243
8556 1269572.3224653248
8569 1269655.5038066411
8572 1269929.9749922666
8573 1270108.3664359197
8575 1270323.0726257968
8597 1270459.5129476157
8606 1270774.5673974424
8618 1270915.0368627408
8660 1271043.2989730369
8667 1271266.7414945876
8680 1271805.4836342037
8681 1271996.0887250567
8723 1272283.5432626426
8735 1272665.9641073390
8739 1273074.1140507094
8754 1273198.6881550322
8761 1273631.7192577277
8766 1273847.6976914897
8787 1274074.1627930892
8869 1274100.6036816370
8906 1274173.5511418090
8910 1274928.1871864274
8915 1275276.0516507342
8941 1275541.2763978210
8952 1275781.7394174493
8975 1276336.8317636107
8976 1276642.9476257970
8988 1277253.8216660544
8990 1277297.3437481630
8995 1277300.0779931368
9015 1277364.3527180152
9052 1277451.0720858457
9053 1277557.3861234183
9078 1278015.7831639294
9090 1278181.6589246972
9097 1278434.2642048625
9128 1279285.1176474083
9144 1279853.2176097704
9145 1280051.3278814282
9152 1280816.3197978560
9153 1281610.6754998409
9188 1282167.7798245153
9193 1282269.1562273195
9198 1282659.0894227240
9210 1282820.5670943423
9223 1283218.6749162192
9266 1283913.5227866040
9277 1284003.6047039297
9282 1284293.0360740009
9283 1284372.1566771504
9317 1285320.8803178726
9320 1285367.5387278846
9322 1285438.6688862874
9327 1285495.9098822945
9371 1285894.9992687360
9403 1286128.3674741192
9416 1286296.8743813101
9437 1286770.7323977938
9457 1287343.4458720733
9527 1288025.1855717164
9536 1288305.3044567090
9540 1288498.3410869886
9559 1288914.1210059712
9591 1289704.8106039874
9599 1289983.6248158875
9630 1290062.6336398523
9661 1290227.0725525022
9666 1291150.8213298996
9672 1291155.9234665302
9696 1291250.0797096901
9708 1291496.8834910512
9726 1291900.9806174864
9731 1292300.7211963467
9734 1292602.5030131228
9778 1292635.4641382920
9795 1292844.3741395101
9836 1293196.0187543991
9870 1293328.6166081212
9889 1293525.5533038436
9948 1294379.4251932143
9978 1294468.3960633681
10001 1293521.1681302125
evaluations raw_y
1 689437.1713351392
5 689483.6411512143
6 689625.1471309235
8 690575.6462438754
24 691147.0874382065
25 691470.8561550629
28 692139.1702344681
29 692167.0610622230
30 692871.5073691754
32 692881.0409171083
34 693688.3164761980
42 694349.8898355712
46 695027.1015887966
47 695256.4411952990
49 696102.4234904661
50 696808.0331409603
51 697323.6048704395
54 698121.4408141937
57 698265.4866817826
61 698908.0152351320
62 699580.4700621801
66 700719.2505326860
73 700807.6011245603
74 701086.4149892550
79 702013.2298603978
80 702163.0464259123
81 702219.9072760576
89 702739.8865671406
93 703425.3662528610
96 704145.9304134437
107 705119.2294500126
108 706054.5624721507
109 706423.0692433100
115 707219.7453747757
117 707454.3754350371
118 708361.2333594976
123 709274.8648094111
131 709541.4979350421
144 711964.2879267065
151 711980.2928013399
154 713343.6653556015
158 714229.4577523663
161 714718.1874302814
164 715156.3950426155
170 715512.5103040815
172 715794.0312989935
175 716170.0065452277
177 716175.2943204026
182 716273.8995505832
184 716371.2575283569
186 716437.4321067082
187 716972.6743949772
188 717791.1419845634
191 718181.0904327447
194 718633.0804497343
198 718744.7444536358
205 719600.0487063674
206 720197.2098315539
208 720732.4546597742
215 722286.6418767315
217 722822.0284074979
218 723092.4976070570
219 723843.3183340449
222 724465.1345652316
225 725108.8706007199
233 725908.9728251845
238 726547.8738478448
240 726625.9955334980
247 726958.1590075081
249 727654.8942035685
252 728470.9213773456
253 728492.7267649232
260 729840.2208299167
261 730216.8193700336
262 730787.6466358459
263 731049.6870561374
266 731122.5701653111
268 731388.3653300373
269 731689.6503089661
270 732350.0706256960
273 732661.8251567802
274 732841.5039965940
280 733536.8588286914
282 734234.9365152208
284 734794.9221466642
287 735717.5371368012
298 737356.9357983217
299 737899.4638970757
301 738511.0553675672
304 739091.1775639820
315 739248.7228734684
318 740363.0439983350
319 740539.5689275293
323 741166.8787128634
324 741860.5714235196
327 742200.4330772980
330 743096.8081725116
331 743147.8378636136
337 743293.5525104522
339 743377.3702198328
346 743527.0801392951
358 744146.7846560477
360 744975.0685373100
368 745178.2331746393
370 745379.9757704000
375 745443.2580833575
381 745884.3131531397
382 746279.4989475757
387 746965.1980414474
389 748049.6419869941
390 749541.3505584882
404 750237.8746619134
405 750957.3462141615
406 751128.3567267162
407 751326.7283043483
410 752104.6926460171
411 753018.6256321287
412 753123.5895668247
418 753271.4975184968
421 754240.3874716955
424 754529.1981508742
428 754589.0309987366
431 755423.6629961353
443 755900.3302189548
446 756013.9894693354
450 756554.5227398796
452 757331.5904155414
457 757686.3051594341
463 758099.0797283474
465 758930.2528537718
467 759912.7370854975
470 760014.7276464116
471 760079.2776125416
472 760623.6810938752
473 760983.1625946148
478 761506.3070826811
479 762050.8700441575
488 762951.1836574494
490 763699.3115874439
493 764959.2659619082
494 765104.5550487809
499 765122.9829329951
500 765342.1883365635
507 766058.8172961025
508 767148.6266415265
511 767285.4338332461
519 767672.3502734022
521 769197.5943212358
525 770178.9281323432
534 771339.2852460230
538 771668.4355781359
539 772593.0133854777
540 773139.8961808077
543 773245.4558528744
544 773686.2544008193
546 773785.3248060780
547 774512.0469959752
548 775140.6611302869
549 775803.4910317650
551 775832.6379929087
552 776309.8961335798
555 777074.7985242100
560 777979.2464716673
569 778186.0666434226
574 778287.3884141010
577 778313.5851313542
579 778673.2095090185
581 778884.8555860939
585 779667.5434636244
591 779715.0764321312
594 779863.8763232176
602 780060.8855330003
603 780648.4235999499
616 781205.6408963266
620 781763.0367583764
630 781877.8436105116
634 782381.8002329473
642 782837.9491825381
644 782905.9397885097
645 783236.3986331651
648 783437.1645967911
651 783846.7449510676
660 784633.5587735383
662 785021.4652130512
665 785240.9011160645
668 785562.1660516645
671 786505.8160979069
676 787832.7852738725
683 788163.9294118475
690 788320.5606625157
692 788731.4176782635
704 790086.8275744078
713 790394.8640258894
715 791253.9269680006
717 791731.5114502773
718 792214.5638523763
721 792897.1075151560
723 793525.2716905100
724 794141.3228684516
731 794628.2753946690
738 795224.6141021150
743 795640.6527153150
749 796147.9167138372
750 796789.5935948890
752 797226.3926953184
754 798194.3973967320
757 798487.6448295956
761 799172.3445299553
766 799632.2947392118
767 800399.0955202162
770 801254.7863466721
771 801495.1000862917
781 802343.6692031771
782 802518.7020525761
788 803335.4452777789
790 803631.2097969853
791 804292.9691116847
792 804737.9574549537
816 804869.2248406139
825 804918.6003071781
834 806322.0263708036
839 807122.3396021427
840 807287.3130605191
841 807704.5040094802
842 808143.2663421946
847 808473.0095643310
853 808722.2623182533
856 808806.1998541832
858 809610.9125399166
859 811975.0908640540
863 812664.2955615784
866 813605.4196894284
867 814366.4450368084
869 814483.9970502377
870 814886.9117939024
871 816262.9195216401
888 816695.3445882450
891 817393.5594323275
892 819319.6673457772
896 819428.7068177647
897 819874.9542818071
902 820855.6352481785
910 821088.2067366599
913 821206.1074128478
917 821863.9310440744
918 822257.4225490737
926 822706.1764500292
931 823696.6151052032
933 823812.3700866766
944 824541.4030071307
959 824741.6738238785
960 824824.2927530126
961 825687.7899003749
976 825782.1068208157
987 826538.8026493682
991 827455.7806896173
998 827805.5572955388
1000 828326.4233735399
1005 829177.6089666378
1012 829691.7840101890
1014 830543.5968217362
1021 831090.4640268512
1028 831380.1909945905
1036 832151.0893936493
1048 833345.9205960745
1052 833449.2277672207
1053 834400.3785169674
1055 835323.3545757759
1056 835950.1011461240
1061 836246.2923747589
1062 836495.5755910785
1065 837425.9747805330
1068 837696.7630911811
1070 837944.7943742144
1073 838452.8442728095
1075 838774.1559817932
1078 838798.4455688426
1079 839219.4106266913
1082 839309.2495743231
1083 840688.5424011347
1087 841018.9487300353
1095 841051.7104404229
1096 841883.6242127869
1103 842790.1472770626
1106 844272.0285946713
1107 844296.4163717049
1109 844401.6433743075
1115 845245.6946249732
1119 845660.8564143212
1126 846617.2267698843
1129 847478.8804776296
1130 847749.1758864745
1131 847826.8323268085
1132 847967.2799652057
1136 848094.0268383083
1137 848146.4185093656
1139 848451.3753908100
1143 849155.9589195466
1147 849179.6389776076
1149 849721.3581453164
1150 849998.2111366863
1154 851326.4514761992
1169 851358.3780271002
1170 851714.0790968190
1177 851748.1485886594
1181 852162.1354677734
1183 852672.7854167098
1184 853562.8238582183
1188 853744.9009589984
1192 853754.3286338618
1194 854665.5781537897
1210 855903.1932018622
1212 856756.2708472688
1215 857485.2395168826
1218 857859.8464887154
1228 858167.5902016734
1230 858490.1833038931
1234 858746.2543817785
1246 859033.5197523934
1249 859546.2745097335
1255 860176.9803757997
1261 860862.8238376911
1262 861854.1481349396
1277 862060.2166834173
1288 862198.4686755674
1292 862445.6489657435
1300 862579.2033829292
1308 862797.0183719656
1311 863301.8576826763
1313 863482.7247672774
1315 863696.8684080679
1318 864358.4922763475
1322 864682.0600078581
1324 864808.2526415088
1329 865168.1200689405
1342 865411.1185121896
1350 866389.8245081824
1357 866613.8084218206
1358 867130.7786908103
1367 868214.8634354412
1371 869011.3215717148
1381 869427.1465690478
1382 870578.3062368520
1392 871405.1245415533
1393 871721.0866831383
1394 872627.9964802343
1401 873228.6038683819
1410 873549.1646926482
1413 873798.9376929898
1417 874257.3234091676
1421 874458.2773940144
1427 875147.1190262393
1430 876005.0384691403
1431 876439.9688240915
1448 876443.7560980230
1457 877179.4182527912
1460 877338.5534948823
1466 877751.5258375606
1469 878655.3021523259
1470 880987.7939622041
1471 881492.7433194235
1488 882267.0397418316
1493 882506.1386157263
1497 882532.6968829829
1498 882830.9015975109
1501 883554.7097901900
1503 883804.5820185406
1508 884432.3646662553
1517 884774.9479892686
1524 885467.7656848634
1525 885872.0621510218
1527 886582.2981009482
1528 887019.6891088740
1529 887205.2290322289
1530 887417.1152384657
1539 887650.1775315324
1542 887727.6469792093
1555 887822.4839726522
1558 888006.1212568122
1567 888670.1773394664
1569 889172.5419444001
1574 889616.4651552663
1575 890517.1709898505
1580 891414.5820558701
1585 892289.6013839779
1586 892592.5610423118
1588 893427.9182992349
1589 893922.1693069986
1596 893989.2511130541
1603 894802.6669113245
1607 895054.0759192416
1610 895366.0466711634
1614 895729.7344340226
1620 896249.9524151885
1621 896289.5216913760
1626 896794.0431316897
1628 897064.7187995346
1635 897383.7677396643
1638 897726.3116267784
1641 897769.4305173222
1645 898510.5203748273
1646 898659.9839757693
1653 898801.9628762619
1655 899521.6076387402
1657 900152.3432679956
1660 901514.8102445777
1664 902048.7461820259
1665 902066.0147640455
1667 902396.3887539743
1669 903064.9887680976
1681 904071.9630859992
1682 905338.5844544354
1686 906895.0569954150
1693 906914.2510479266
1698 907291.9462406430
1703 908172.1681378765
1713 908467.4013471025
1724 909036.6128224678
1725 909589.0542132469
1746 910288.1933375109
1750 910891.8786676968
1756 911002.2188885591
1757 911924.6498997792
1758 912355.5530374951
1764 913286.0340028176
1770 913517.3986766137
1771 913940.6118266471
1773 914119.1641990010
1786 914726.1159129000
1790 916070.4448959182
1799 916975.8512308345
1802 917370.4826625520
1809 917478.1010776110
1813 918203.3735717636
1823 918724.9991594439
1832 919404.0122428997
1834 919846.2068961950
1838 919964.0165843539
1840 920182.3877250269
1850 920963.3234153942
1852 921253.5795781402
1854 921861.4657212847
1855 921919.6086482052
1856 922368.5129538933
1874 923591.8386038857
1876 924457.4341801676
1881 925102.0468776661
1883 925947.3532406488
1884 926450.3300244868
1886 927301.0880955716
1889 928013.1987247565
1890 928963.1007509766
1893 929684.5704736330
1898 930464.2371565405
1901 931186.7314912550
1902 931333.8866584980
1903 931632.1913407935
1908 932141.4028634774
1920 933233.6798727093
1926 933884.9458453015
1930 934026.2703284076
1931 934601.2766921885
1938 935621.0187988372
1942 935853.0708882948
1949 936158.8673144936
1961 936346.2796714507
1962 936716.8991517057
1964 937060.7379602625
1966 937219.1460966811
1981 938210.7944450264
1989 938289.6433426613
1991 938346.8501559617
2009 938766.9078383466
2010 939302.3275764573
2011 939549.4514150294
2012 940440.1803088100
2024 942336.7328180593
2025 942895.5268338800
2028 943738.9698231182
2031 944001.3344493260
2037 944300.5405689841
2044 945269.1979023443
2045 945866.9253551008
2047 946153.4333994145
2054 946199.4035098971
2057 946978.9820706068
2061 947619.3683405138
2069 948025.1474563223
2072 948324.0602840744
2080 949916.8675662682
2083 950672.4579493090
2092 951007.0611161517
2097 951795.4305461398
2098 952379.9652250122
2099 952382.0420366679
2100 952708.8617202404
2103 953483.1978498715
2112 953494.7291954441
2116 953833.0114384205
2117 954545.7824061994
2119 954987.3384528521
2133 955629.3296933937
2134 956398.6442139408
2135 956894.3123634645
2139 957596.7268433620
2140 958553.6474592900
2148 958911.7012199974
2154 959152.4773915176
2156 959611.0374970951
2159 959751.4220713783
2166 960428.6964308574
2172 961234.1058057386
2188 961982.7640413387
2189 962052.2948064799
2195 963035.9721703168
2200 963157.0690330373
2208 963326.1659482130
2210 963852.1405736237
2212 963945.8407453819
2213 965315.8742357997
2222 965649.6870012181
2223 966263.9047028903
2226 966609.9505732056
2235 967109.0869959231
2236 967377.6660479089
2239 968000.5630741214
2247 968701.3735353528
2266 969393.2488067129
2267 970069.1820345048
2275 970188.2256695383
2276 970389.9007745078
2285 971163.3363886576
2291 971223.6096553067
2296 972462.7777058517
2297 973166.9756878410
2298 973486.9610500638
2306 974092.9999140542
2310 974229.9158753069
2312 974832.3641819564
2318 975717.1984174488
2326 976210.8866866250
2333 976339.4070981971
2337 976636.0266074170
2338 977578.3401671366
2355 977781.4170464025
2356 978173.0704553204
2361 978444.4389704027
2377 978998.9722341079
2384 979072.1471737640
2395 980045.7064115973
2404 980358.7415677866
2406 980402.4369546581
2421 981350.0631083974
2425 981768.9521467226
2431 981901.7101531986
2449 981952.5790700593
2450 982242.1080543882
2454 983526.8487727728
2463 984077.8617592212
2465 984356.1151874090
2476 984416.1246856202
2478 985144.0987372376
2487 985263.0921851193
2494 985830.1747931140
2498 986091.8046908358
2514 986209.4459648766
2518 986211.5045935832
2521 986298.6854989441
2528 986681.1578704438
2533 987231.6180415420
2542 987358.3702874773
2548 987385.5892800810
2552 987452.8795355556
2557 988445.8083387779
2560 988633.6689777734
2576 988760.6777659365
2579 989264.9227288013
2581 989687.0843519398
2583 989696.6066886947
2595 990456.1157391798
2598 990678.0071838287
2609 991349.0380587091
2612 991873.2794986755
2616 992594.6614496905
2623 993024.5451888174
2627 993562.6761076963
2639 993600.4889734499
2648 994524.3183472066
2649 994749.8970834605
2655 995256.4140650062
2660 995778.3503647163
2670 996955.3254160179
2671 997821.7372442384
2672 997882.7783794777
2674 998229.4698747741
2676 998481.3161459272
2678 998738.9182774755
2684 998898.2959707171
2691 999158.7550771519
2702 999376.0523711742
2711 1000532.9480144888
2718 1000754.8159882724
2722 1001284.1600580454
2727 1002265.1490560467
2730 1002378.3186941525
2738 1002931.9498044250
2739 1003489.6378384826
2744 1003722.6277850332
2747 1004341.4854073646
2753 1004821.8454792282
2774 1005298.4366436070
2778 1005829.3973905706
2784 1006811.3852648502
2799 1008006.3065613824
2800 1008397.1997871249
2813 1008866.8492808328
2815 1009556.7850713887
2829 1010432.4153892962
2832 1011949.2949273534
2833 1012501.4966565454
2835 1013055.0483842825
2846 1013255.8380489075
2849 1013671.9321683926
2853 1014409.9643781676
2862 1014703.4354067175
2864 1014804.4228077553
2866 1014939.2682717713
2873 1015245.2476554107
2886 1015337.5338295354
2888 1015391.2152478816
2889 1015608.0750977922
2903 1016009.3689807293
2904 1016259.1982197576
2915 1016429.3459016454
2916 1016936.6658750463
2919 1017595.5116512359
2921 1017787.2691848829
2925 1018689.2938520003
2937 1019387.7026829537
2945 1019708.9603543268
2949 1019743.5595236977
2958 1019836.8652656068
2960 1021172.7194509482
2962 1021283.5577590393
2977 1021888.1060008276
2988 1022349.2426113420
2989 1022359.3289713381
3002 1022987.2489933637
3006 1023733.5504586733
3012 1024277.0474195164
3013 1024477.1930955602
3014 1024717.1122046040
3016 1025059.5422112284
3026 1025894.0321709454
3032 1026107.5348543634
3034 1027336.7141328410
3039 1027486.8530576546
3048 1027984.7410405717
3097 1028786.7631558903
3098 1029354.9457182585
3103 1030329.6117920898
3108 1030531.6367495958
3116 1030994.8713710189
3122 1031077.8604269997
3123 1031156.4394290942
3136 1031541.1748045682
3138 1032324.6546461101
3142 1033197.0723766997
3145 1033453.5427613425
3152 1034102.1970643016
3159 1034592.8227710146
3170 1035417.2977558163
3195 1035549.6705842024
3197 1035845.5705630352
3199 1036452.0681146877
3201 1036555.4396383141
3215 1036988.3544015078
3218 1037389.8267608307
3229 1037547.8886058154
3232 1037932.4084045910
3234 1038383.3481674093
3259 1039183.3129010139
3261 1039419.7946468394
3263 1039460.9752010342
3265 1041312.7823810596
3267 1041558.2740591839
3270 1041986.8283250011
3276 1042107.9315778846
3278 1042832.3972316085
3279 1043240.8514919045
3280 1043986.1610181219
3282 1044438.6538884001
3286 1044913.2402064905
3288 1045442.4211592474
3289 1045689.7041409296
3291 1046788.6876268720
3304 1046979.6033762558
3313 1047060.8267981894
3315 1047816.6913303967
3320 1048289.7438000106
3329 1049066.6837286209
3332 1049163.6158685097
3345 1049314.9893356764
3352 1049965.3356523940
3357 1050707.4924403143
3359 1051415.4388690391
3384 1051958.3532116194
3396 1052595.7325612176
3400 1053503.4912155152
3404 1054192.0824919781
3406 1054409.0204524773
3407 1054450.8299638438
3413 1054630.4999562746
3414 1054966.1569320445
3423 1055621.0406803954
3429 1055784.9032096141
3431 1055953.6210576112
3433 1056796.4774933623
3434 1057380.2481925313
3443 1058023.4322298458
3451 1058820.6571668927
3452 1058853.4511659751
3453 1058948.1264128725
3454 1059436.9174541752
3486 1059774.6992737555
3489 1060134.1952623040
3500 1060679.3794435905
3502 1061336.4604002920
3503 1061531.4643357152
3517 1063084.7050236799
3524 1064059.6876424095
3528 1064146.0921539166
3529 1064159.6208237396
3532 1064558.1819775496
3542 1064807.6849700832
3543 1064852.2073760189
3549 1065767.6352979210
3557 1066412.4341524909
3561 1066639.1020336428
3563 1066836.4278707621
3567 1067728.9373204187
3580 1068087.7647253452
3583 1068394.9597970503
3584 1068804.8314604836
3585 1069561.3053960609
3604 1069861.7179313470
3608 1070595.0663534657
3613 1070896.4657670963
3615 1071184.1756372631
3621 1071521.4914113914
3624 1071790.6364468844
3627 1072925.0065345408
3638 1073057.5193507746
3639 1074109.1943049137
3640 1074826.4951318465
3642 1074916.6833728764
3647 1075475.1053958982
3655 1076056.5351152325
3657 1076375.2945535539
3662 1076476.4607806311
3663 1076503.7792765871
3665 1076783.5986391879
3673 1077325.7414544588
3676 1077536.3406026629
3688 1078348.4821135863
3714 1078901.9829287722
3715 1079087.6233561363
3720 1080699.1304615785
3722 1080972.6893330538
3725 1082003.8320264586
3728 1082375.5423332085
3737 1082631.0924127260
3754 1083307.2821311119
3758 1083395.5116446961
3766 1083566.6089094486
3768 1084039.3786903606
3769 1084647.9146813960
3771 1085116.2734637770
3772 1085318.1855680947
3777 1085439.2442907561
3779 1085520.4684776985
3805 1085551.3023043878
3819 1086221.4040780985
3822 1086573.3204252033
3841 1086621.7949324669
3847 1087819.5832644687
3859 1088032.6324133705
3885 1088360.7826995063
3892 1089062.7367666636
3897 1089853.6871896356
3899 1090553.4499709567
3906 1091086.0926530783
3921 1091293.3357944684
3932 1092157.8600697699
3942 1092416.8008682958
3944 1093245.2700619318
3959 1094195.2471543760
3964 1095070.7740744208
3977 1095284.8448220743
3985 1095402.3080108899
4004 1095687.1819511203
4009 1095892.2815010590
4016 1096002.5550578523
4021 1097154.3067751371
4027 1097238.0645418561
4031 1097437.3437432072
4044 1097820.3035665455
4064 1098234.8919895065
4070 1098371.8802901178
4127 1098959.0419764528
4131 1099062.9591841514
4137 1099279.9226000693
4142 1099655.0089845445
4150 1099657.9322829803
4176 1100097.6931319905
4193 1100795.8195679379
4194 1100963.8243696992
4202 1101243.5494986004
4206 1101777.5073146257
4208 1102429.3921184966
4213 1102627.0571687282
4228 1102903.1610650278
4236 1103338.1694297658
4251 1103619.7046284843
4260 1103676.1070606480
4277 1104031.7560963563
4298 1104662.6467050668
4313 1104831.0230429650
4324 1105552.7706894486
4331 1106608.4330939043
4347 1106645.2134008196
4353 1107058.8792708877
4356 1107837.0880827685
4378 1108092.1699833078
4386 1108193.2134535497
4391 1108916.8073815748
4393 1109335.3551637905
4397 1109586.6971989714
4404 1109645.9579935733
4424 1110586.0969044431
4428 1111378.4391855355
4435 1112011.6461477168
4441 1112481.5573469074
4444 1112491.1382589943
4449 1113079.9516568610
4466 1113766.7240685138
4471 1113813.6814304267
4499 1114397.5422689237
4506 1114452.5864470364
4508 1115121.3795364888
4527 1115545.0645230485
4528 1116149.3051442958
4530 1116454.2055202930
4532 1116596.4021819504
4535 1117032.2934352644
4538 1117892.5644425557
4554 1117893.2525737814
4556 1118160.3481183751
4561 1118163.9105817303
4562 1118417.5528595422
4569 1118581.8908248278
4570 1119418.9974980555
4593 1120291.1159635370
4595 1120733.9852337795
4612 1121693.3547470116
4616 1121755.4188250978
4633 1122886.3772482283
4639 1123460.3360003971
4646 1124202.9923777219
4664 1124491.1248530035
4672 1125114.5457319492
4686 1125726.1562774491
4695 1125779.3629301726
4716 1125813.9039134525
4718 1126309.7163193382
4722 1127341.3995740600
4723 1127925.1165043782
4726 1128694.3814131285
4729 1129309.3963397024
4748 1130148.3031209002
4752 1130450.6524099752
4759 1130733.8632587942
4766 1131102.8018391300
4777 1132259.1127730215
4788 1132512.1435203755
4797 1132611.0242426216
4814 1132668.2358996123
4815 1133511.5868915014
4826 1133876.0260669626
4832 1134107.1721749653
4840 1134427.6890986506
4847 1135233.0034552889
4854 1135411.7566913033
4866 1135559.4800735801
4875 1135652.1729265505
4877 1136057.7464141366
4879 1136407.5637002385
4886 1136577.2684675371
4915 1136757.9685398012
4937 1136913.9647661280
4938 1137287.7762522325
4947 1137435.9953425915
4953 1138419.1345976214
4955 1138543.2437986536
4957 1139487.9507624062
4971 1140147.6974149444
4975 1140668.9425337233
4983 1140676.6360876001
4988 1141160.7760632441
4998 1141441.4486414024
5001 1141628.3334327955
5010 1141704.7356764923
5016 1142271.9712333090
5025 1142419.9908250386
5027 1142697.1776604403
5033 1142717.0240663551
5036 1142760.8316420245
5037 1142809.1928371254
5052 1142812.9075994720
5073 1143176.5852127105
5075 1143366.1682301376
5081 1144142.0542836010
5119 1144304.1299164284
5128 1145139.7117490023
5137 1145407.6604457870
5160 1145799.6601100836
5163 1146372.5391803083
5171 1146942.9698209688
5187 1147916.6247277469
5200 1148362.4723645190
5207 1148882.7878859441
5212 1149004.7656911283
5218 1149182.0403913162
5223 1149546.3724370704
5240 1150109.1724564328
5242 1150576.5052179776
5263 1151226.6313349379
5274 1151547.6263901079
5278 1152371.3650679663
5283 1153352.5342037200
5288 1153579.9530895008
5294 1153870.2014673629
5299 1154277.9751763779
5307 1154290.3453200529
5316 1154348.8798700876
5346 1154369.2868805567
5356 1154436.2255374165
5364 1154623.7643337543
5368 1155245.2127184118
5382 1155582.9774308475
5400 1155940.7985196039
5401 1156536.5392898736
5403 1157169.5215310757
5407 1157584.0778860177
5418 1157637.8852505716
5423 1157647.4667751680
5426 1158552.4510905766
5429 1158553.3085743852
5431 1160119.3654436183
5436 1160395.3847815034
5438 1161846.3964959749
5458 1161972.5100703598
5474 1162248.8248263255
5479 1162759.9285344288
5495 1163362.0618512211
5501 1163522.2807438169
5511 1163928.0322132979
5541 1164537.9569349294
5549 1164657.3269967681
5566 1164684.2998440666
5567 1164930.1612540456
5576 1165145.4603852218
5577 1165155.0494516408
5589 1165228.7131785820
5599 1165491.3927545084
5602 1165523.6729275498
5611 1165766.7675544112
5616 1165897.9921917240
5623 1166013.2524678658
5649 1166837.2915960902
5656 1167095.0886118987
5669 1167555.0713825433
5695 1167611.9577952165
5696 1168332.3026783017
5702 1168605.5415345258
5707 1169242.6809267025
5709 1169278.5718823229
5714 1169653.3147662128
5739 1170099.3752940123
5746 1170396.6041648106
5752 1171179.5677559106
5754 1171900.2316944150
5758 1172336.0689182219
5763 1172559.3899643002
5769 1173214.5737849826
5774 1173681.3454514113
5778 1174149.4548243140
5784 1174382.2978837432
5790 1174497.2187751555
5798 1175474.6907155782
5804 1176392.3968953879
5807 1176442.8674542138
5829 1177119.4974947558
5834 1177676.7527689715
5836 1177799.9000967280
5859 1178142.2142167422
5862 1178446.3908892770
5888 1179078.8941245677
5900 1179404.7840912826
5903 1179489.7703737090
5928 1179959.8119035841
5931 1180169.0668531242
5935 1180812.0349850487
5940 1181145.2086569143
5967 1181630.2980915520
5973 1182251.9161302599
5975 1182628.0897093057
6001 1182743.8149704745
6005 1183285.0459926114
6014 1183527.9999399229
6015 1184104.9342165173
6027 1184283.7931579417
6033 1184380.0627868150
6034 1184657.9267010535
6057 1184765.7728096810
6066 1185131.8281067533
6071 1185147.9139298839
6074 1185531.9880560441
6106 1185777.4317226962
6108 1186363.9129246168
6114 1186703.7335121632
6124 1187511.4050577949
6153 1187635.6784442051
6165 1188530.0171416015
6168 1189241.1392841775
6180 1189541.3550839878
6187 1190009.0489134991
6189 1190897.5688422373
6223 1191528.6288021416
6251 1191687.1756550053
6255 1191788.6560946696
6266 1191994.0456348462
6290 1192980.4363435861
6299 1193185.9904606964
6320 1193334.0036711898
6325 1194050.7474291241
6343 1194939.1347956576
6357 1195016.2258315980
6364 1195095.1224812833
6371 1195185.8786077104
6377 1195452.7978054555
6398 1195646.9883160472
6421 1196060.3651612008
6430 1196105.1308730512
6434 1196329.9678560528
6478 1196939.3572821449
6498 1197140.0330559553
6500 1197652.4043009894
6512 1197749.3216921727
6519 1197918.4127194795
6537 1198260.1744470152
6549 1198943.7029488496
6552 1199835.9025391361
6555 1200784.9858940034
6561 1201304.9934758963
6622 1201366.6722617247
6625 1201510.4398591800
6636 1201572.8800963329
6658 1201827.3782206089
6660 1202053.6274807225
6664 1202461.4048668758
6667 1202839.1377856471
6675 1202947.3827707763
6688 1202985.3146966856
6699 1203688.0837297875
6706 1204059.9480713743
6710 1204397.2137630167
6732 1205348.5514080147
6747 1205513.3244307090
6750 1205706.8372836041
6762 1205748.1415030540
6766 1206275.4110061168
6774 1206718.6746639977
6779 1207392.2369285705
6784 1207479.0638288180
6793 1207532.4012171505
6810 1207829.7623081014
6818 1208014.2087972723
6825 1208310.3246935941
6832 1208469.2511389696
6833 1208642.6401399714
6839 1209578.4184287810
6840 1209596.0943389675
6849 1209834.7088419890
6872 1210067.5041548447
6874 1210145.1119767046
6875 1210568.1814506536
6881 1210595.6572212193
6899 1210997.5048239056
6909 1211711.4066266057
6930 1211787.6670375841
6937 1212741.9205080396
6972 1212905.4801858270
6977 1212954.8407119976
6986 1213024.8174375086
6993 1213031.1389733937
6998 1213785.0247926924
7002 1213790.7930234587
7010 1213801.7393222847
7014 1213805.6381030255
7029 1214563.8081352303
7034 1214764.8508040849
7042 1214772.7225358472
7058 1214897.5571595384
7106 1215207.2573265766
7109 1215500.5683899161
7110 1216316.0760214508
7126 1216319.0557413369
7134 1216388.2171927192
7160 1216849.4589552279
7188 1217384.8384113950
7195 1217772.5272769323
7203 1218556.7263540486
7210 1218557.4185952249
7228 1218775.0175543139
7256 1219281.1076232775
7259 1219315.7343013217
7264 1219771.0674848899
7274 1219906.8438229912
7300 1220838.5151201286
7304 1221231.0028069601
7319 1221305.3301121576
7345 1222052.3052960718
7352 1222633.5663145552
7366 1222934.1195091375
7376 1223444.2123027355
7382 1223749.1646128346
7391 1224626.0188095607
7404 1224652.3393008253
7409 1225487.5489045433
7418 1225572.1329005098
7434 1226452.6820464630
7440 1226825.7707435258
7462 1227508.7216353375
7475 1228333.2525190010
7478 1228869.2700457289
7481 1228873.7315711002
7510 1229487.6830339318
7511 1229619.5740947160
7512 1229816.4430281108
7521 1230171.0819258071
7532 1230181.5384877392
7555 1230349.9005550498
7580 1231083.1361618931
7591 1231092.6516106864
7603 1231297.0591921033
7675 1232962.2955891453
7676 1233015.6971515892
7687 1233193.4397626296
7696 1233274.7498110954
7712 1233449.8049690216
7713 1234120.5577259555
7726 1234245.4076275758
7729 1234665.7923829348
7735 1235286.0665542847
7749 1235544.6574299431
7797 1235718.8500532391
7799 1236632.0431225942
7804 1237487.3364842546
7809 1237550.0747029528
7811 1237776.2440828201
7832 1238361.0259431140
7835 1239169.4995367795
7885 1239987.0220177844
7890 1240153.1142753365
7899 1240278.6881593580
7909 1240503.3166345153
7941 1240655.2796713933
7946 1240893.6133721864
7950 1241057.8726956393
7960 1241340.9423108709
7967 1241609.8432149626
7970 1241667.9537185556
8015 1242254.0200807939
8033 1242411.1031184343
8043 1242919.5418053975
8098 1243309.0394068221
8099 1243887.3817748094
8112 1244672.2328573130
8119 1244699.5323671594
8138 1245055.7575545367
8163 1245917.2032964784
8175 1246497.8346196606
8226 1246520.8000154095
8241 1246589.2387290832
8275 1246657.1965828876
8283 1246796.6730337339
8298 1247494.2652835450
8313 1247714.0359589125
8315 1247886.8124961881
8321 1247940.6006392015
8331 1247991.3185789722
8363 1248483.0706441065
8369 1248597.0811216622
8414 1248791.1483476942
8442 1248821.4788489544
8451 1249057.5006189032
8489 1249549.4574372882
8495 1249610.6964764057
8522 1250378.3575440133
8531 1250564.6377284566
8561 1250678.6598084257
8571 1250892.4712491718
8596 1251499.0431789297
8609 1252381.8218805604
8615 1252981.2500925094
8631 1253813.5510760143
8650 1254391.4497166781
8655 1255300.0376341813
8657 1255512.0977994311
8678 1255713.4526197459
8682 1256292.9112052412
8686 1257126.5197593409
8687 1257576.8348211735
8690 1258445.6015362365
8714 1259150.9987868089
8761 1260066.6886572195
8791 1260091.6482583161
8801 1260109.2734177008
8804 1260111.1400953208
8808 1260228.7050101242
8813 1260235.3609577976
8823 1260530.6932253514
8847 1260846.4494649176
8864 1261252.0078678033
8869 1261869.1922994426
8877 1261902.3761719451
8928 1262202.3288145862
8935 1262308.9666326796
8944 1263156.6359697389
8950 1263164.1175468250
8974 1263572.9639736339
8992 1263726.6105307830
9001 1264051.4920917551
9025 1264387.0259476858
9036 1264461.2275940042
9088 1264583.8094710968
9099 1264624.8682763528
9124 1265317.5467159941
9143 1265970.4028001854
9155 1266492.8491760560
9161 1266709.8115286327
9164 1266779.7134200323
9199 1266837.9049789715
9237 1267520.6465892247
9270 1267552.4337060810
9290 1267615.1039423796
9298 1268094.7032144575
9314 1269027.2390630799
9342 1269612.4555389811
9352 1269633.2792992021
9403 1270285.1938533552
9415 1270444.1012798592
9438 1270713.6685969403
9441 1270995.1134733162
9521 1271823.6643601109
9543 1272047.3761292221
9546 1272206.1582273848
9549 1272369.9414304090
9560 1272659.3886026766
9569 1273164.4226571175
9573 1273940.3012771585
9582 1274809.3913621290
9600 1275298.8943211490
9606 1275364.2688143516
9633 1275794.0015526814
9656 1275858.1297293976
9734 1276081.5535185984
9752 1276253.7061141077
9759 1276700.4847022314
9762 1276837.1149411600
9771 1276965.1024911902
9774 1277324.4806865349
9793 1277540.4209100751
9804 1278193.5098059759
9812 1278651.7431977973
9822 1279007.4910568371
9922 1279018.0272935287
9945 1279521.7401766228
9957 1279859.2505156680
9979 1280656.1471548851
10001 1279608.4997232503
evaluations raw_y
1 701530.2350681757
2 702791.1284592350
3 703443.0236283438
4 703947.5191210917
5 705402.6860320208
12 705606.2439758325
14 705864.3401522734
20 707212.4794930309
21 707477.1765898382
22 708303.9753677507
30 708985.7746636891
31 709357.7482222578
37 710258.6186051636
40 710967.7684620338
41 711045.3940144230
50 711845.5106248443
54 712520.3275932828
56 713030.2042592424
58 713210.5439969705
60 714351.5762349732
63 714701.4073143471
67 714817.0554331905
72 715016.0948842827
77 715202.6512464026
78 715732.1627599597
80 716250.9400640886
84 716259.9440533955
85 716334.1764408319
86 717332.3875019846
90 718278.6935219435
94 718791.7907902057
96 719710.5040584758
101 720419.6987047234
105 721017.9147513545
106 721361.0953895174
107 722524.0767337844
110 722900.0415837204
112 723230.6351147412
113 723640.7403471735
120 724220.2902007502
121 724526.6634880963
126 724762.6740691282
129 725226.9855787086
131 725335.0297935063
133 725849.0874895977
134 726017.5787234508
138 726167.2015681554
140 726216.4195635960
145 726941.0895771775
148 727565.1275365341
155 728111.8144399136
159 729321.9888116773
161 729563.2687771848
164 730022.3141053148
167 731516.5784498319
169 732705.5207669107
170 732814.3272211344
173 733340.1623339051
175 733881.7936488206
177 734422.3317251721
180 735191.7061292693
189 735588.0350492625
191 736706.9792535669
192 737380.5645225660
195 737521.4729917516
197 738410.9127755397
202 738815.0540098731
203 739562.4108270501
207 739633.8910863516
213 739833.2742189337
214 740686.9485154442
217 741431.7488803020
220 742207.4720241020
225 742510.4046078246
231 742855.6360286848
233 743687.3296433360
236 744666.9640392588
237 744995.2506128257
239 744997.7645555214
241 745286.1249840537
243 746066.6385718738
244 746529.3579692594
245 747293.8142561018
254 748175.5486121651
257 748977.4069546865
260 751585.3573182366
265 752224.6968354777
269 753221.7000825612
270 753292.8840055887
271 753959.4437159068
273 754000.8032191631
274 755795.5615151763
275 756247.5216679645
279 756452.1076217721
282 756867.2827599414
284 757294.7371407222
287 758033.3123935354
291 758755.6443324554
293 759634.2181282432
296 759947.7283668660
299 760067.6016321963
302 760144.3946736072
304 760406.3122681435
305 760588.0575947238
312 761394.6567023816
319 761419.8221351146
320 761522.8789692529
323 761758.8356479821
326 762359.6653035101
335 762503.9509396092
336 763180.6336978114
339 764128.4042581283
340 764714.7779289603
342 765398.7538175199
345 765524.9377295974
350 765839.2053075804
351 765841.6943233620
352 766690.3530232126
354 766910.9982191824
355 767454.4394698670
359 767796.8315296470
360 768944.9247764471
362 769278.0715125249
364 769912.3123513495
365 770106.5700738851
366 770228.7704689709
369 770685.3501076330
372 771411.0521826065
378 771681.2959090702
388 772436.5512272428
389 773255.6501061457
392 773346.5663204743
393 774327.5463320339
394 774650.2471393750
400 774866.1230866391
401 775666.7692636074
402 776065.1494703162
403 776464.8558998839
404 776759.5579963074
406 777127.1948118703
409 777268.2942576560
412 777819.8902429327
417 778651.8108055737
418 778900.5190204853
420 779183.8526398047
422 780447.8585146385
423 781435.6376504834
424 782124.7335154444
425 783007.5159772398
426 783621.0496625904
428 783942.1010096926
429 784326.5574013549
430 784464.3235920309
436 784969.5588728301
438 785473.2900868409
439 786179.1007607265
441 786476.4302278105
442 786627.3360861950
443 787298.6477989026
444 787486.4697726964
450 787973.7752675714
451 788674.3666574847
452 789703.5028883527
458 790005.2273174875
459 790410.7472723414
466 792080.7597383297
467 793343.0545045488
475 793587.0040050495
476 793761.8945614765
478 793812.2798486336
489 794670.1493009239
500 795333.4531564906
506 796005.0904661240
508 796633.6647784872
522 797431.9688130888
523 797584.3251915991
524 797921.6580477525
525 797957.7188454074
526 798321.3547186538
528 799302.5417026436
529 800591.1773629502
532 800748.3537892927
533 801191.1980489107
541 802133.3496072200
544 802521.0888700050
547 803135.1875546554
550 803970.1716530871
551 804321.1023801485
554 804930.5142507380
560 805795.8753612117
561 806082.7150647190
566 807209.5667041136
568 807656.6563349311
569 808260.7181413575
571 808506.8835289647
572 808787.7848519580
574 809581.3058116729
577 810432.3158990572
579 811087.3033155043
584 811204.3477313332
593 811964.9401223086
603 812057.6115088265
604 812209.5392441287
605 814448.5886908004
608 815089.4085590693
620 816072.9239945955
622 817414.8633313986
623 818408.9501097972
628 819209.4383152160
630 820292.1885154068
633 821289.6472377017
636 822178.0449589576
643 822491.7831587837
651 823034.7439293710
654 823688.7544720536
658 823852.3321300253
661 824583.9597304154
664 825099.3469113582
673 825821.0831262161
674 826760.0249024825
676 827146.9944133472
680 827804.0405818849
682 828084.9118619825
683 828515.5923883858
687 829183.4723456148
706 829629.1530059278
707 830400.0629924411
715 831392.0463711030
723 832885.1042804056
724 833660.9384813559
725 834017.3941838660
727 834437.5404085285
730 834937.2012091588
733 835128.7436381965
738 835755.0471392123
744 836856.7555723819
747 837160.4365951769
749 838084.4728451695
753 838243.4461082823
758 838256.1991598101
762 840071.2642348466
765 840810.3223691463
766 841228.7255110337
767 841898.2902351591
769 842427.8531782280
770 842604.3445694993
772 843854.0760219031
775 845558.3977244016
776 845892.8965793969
779 845978.9134678362
783 846468.6585119730
790 846562.1597275797
792 847241.9930551831
793 848803.0715068361
795 849551.9852269570
799 849670.6849805095
805 850045.9722775227
823 850417.5353540453
829 851662.1057304281
839 852462.1097748443
840 852615.9112341995
841 852753.0991000057
843 853038.1484595048
844 853897.3002724333
848 854615.2518754964
851 854938.5397164781
852 855137.5909098905
853 855608.0687920403
855 855921.6429244909
856 856077.7795601047
859 856151.4666992658
863 856421.3027695933
865 856450.0851634586
866 856570.5029755345
870 857277.3692278258
872 857999.2200968968
873 858144.6558374887
876 858753.5019419183
881 859335.9882489822
892 859957.8876544224
903 860345.9727839744
904 860629.9389933618
907 860730.9257517357
908 861028.7146215691
909 861109.0955537473
911 861363.1331017109
912 861908.0185571279
913 862296.9564518473
915 863365.6183131322
916 863821.0078714397
920 864811.5532230475
923 865139.9888906687
925 865405.2132805123
928 865572.4147673690
930 865994.9389806961
936 866793.4335039875
938 867565.2084570129
947 868823.5469521853
949 869652.8526691949
960 870431.9618115278
966 870583.6152425155
973 870775.6386266469
974 871146.0964404241
976 871223.9129718108
978 871903.1027704603
982 872368.6027561428
989 872665.3462724520
993 872733.3943549321
998 872919.2064033715
999 873000.9165853835
1007 873372.7686410551
1020 873815.7361175329
1023 874230.7846933937
1024 875710.2271704595
1031 875809.1685811142
1032 875860.6872986240
1037 876436.4320655249
1057 876657.8136868268
1058 876670.1588670696
1063 876671.4735750918
1076 877259.8256449032
1085 877703.2902368031
1086 878555.0779394618
1096 879140.3394688033
1097 879631.2502081047
1100 880278.3902786623
1103 881022.8842965935
1125 881549.6389513576
1131 881709.6962809778
1132 881714.4157872036
1133 882936.6327770295
1141 883923.0895500805
1142 884883.5530395857
1144 885324.5537540743
1147 885411.8568969904
1155 886244.9816206823
1160 887113.3176152008
1164 887340.8246536050
1167 887884.5144410668
1168 888574.0561340796
1169 889199.9278229935
1173 889202.1931428893
1178 889687.6670216138
1184 889864.3017518354
1186 890860.9055944324
1187 891237.5950120840
1198 891277.0596339273
1210 892195.5198907823
1211 893223.9999253950
1215 893928.6419485265
1221 893973.3552454737
1222 893993.6209916698
1223 894944.1730280372
1224 895365.0156691989
1226 896289.6942585811
1231 896950.4393443686
1238 898650.1094250826
1247 899428.6507469803
1250 900038.7842307325
1254 900384.7651462510
1257 901166.0731363025
1267 902237.4380881230
1271 902272.3276418035
1273 902738.1346374369
1275 903645.1300544265
1279 903830.7727785429
1284 903929.1579890875
1287 904152.0004635352
1289 905251.6335858126
1294 905407.6425303229
1295 906507.4617650945
1296 906543.8701253821
1307 906784.9696742900
1314 907975.2430834705
1315 908818.8032687651
1319 909095.6366109527
1324 909903.1658497264
1326 910886.1166498852
1331 911799.1940850619
1332 912304.3601889709
1333 912306.0171359449
1334 913063.3836044378
1335 913520.4299700380
1351 913906.2378511622
1354 914467.6602166218
1360 914591.3490072489
1363 914724.2136428675
1369 915214.0598757411
1370 915438.9594548980
1397 916195.9114732526
1398 916626.8235378854
1399 916857.0555909377
1412 917516.2640036396
1414 917772.2145109520
1422 918755.5914676274
1425 919386.1763819871
1430 920369.1247799080
1441 920812.4315871838
1442 920822.3643121808
1443 921246.7612895918
1448 921762.1242221531
1449 922652.5382921257
1452 922778.6396439837
1455 924178.8123284335
1458 924733.6228620615
1459 924743.0834378862
1460 925740.6838274109
1466 925756.7483587064
1473 926322.1064376165
1478 926628.9410434503
1483 926804.5488856639
1491 926823.5917750684
1492 926871.0176135917
1502 927230.2905755693
1509 927965.7912640295
1516 928688.0337434432
1533 928745.5367930683
1535 929532.3597536327
1542 929835.6530095257
1544 930652.5781195502
1552 931111.9348462254
1560 931691.8924778891
1561 931733.7001928780
1562 931750.4129158993
1563 932352.6787601816
1576 933085.0959242176
1591 933434.1693106157
1592 934490.8271179518
1608 934718.1293785966
1615 934897.8120529254
1618 935827.2984434880
1620 935953.0205987518
1630 936627.6759812824
1633 936754.7835277533
1636 937310.6726421060
1637 937912.6391543495
1640 938486.9195512207
1643 938725.8727084214
1644 938901.7998569410
1646 939349.1022740446
1658 939758.1724366528
1664 940646.1583092900
1691 940979.5511755187
1703 941702.3533859573
1704 942294.7407040795
1705 943504.6709221734
1711 943844.2062215403
1715 945046.9246879752
1716 945947.1484885828
1722 946112.7202408654
1751 946134.8970460108
1753 946557.9317766260
1756 946563.2890675074
1758 946723.6164048407
1766 947703.3229216273
1771 947842.8137966654
1772 948135.3649139525
1773 948163.2390950336
1775 948658.8112038224
1776 948880.7003414538
1778 949099.0710561832
1788 950012.9130121127
1793 950211.5949938257
1796 950438.3722042165
1798 950519.7395081186
1799 950529.5280018076
1803 950824.7434366349
1804 951052.9134221978
1808 951882.3399421800
1822 952450.2700721686
1825 953004.1939518109
1831 953817.8249336785
1837 954529.7407174858
1843 954967.3592569097
1852 955069.5846400872
1859 955405.5567750685
1862 956178.9744330748
1866 956711.5572603511
1867 957482.3046557689
1872 957651.7658776111
1877 958149.0948159067
1878 958446.8091532165
1881 959364.6056745599
1882 960313.8997316040
1890 960320.7617944337
1895 960517.2365519562
1896 960573.8947604959
1902 961522.0403164056
1904 961858.8791576517
1907 962945.2216670456
1910 963838.1094925507
1913 964081.6669175992
1914 964331.1556541651
1915 964530.6399842317
1916 965006.5839099997
1921 966203.6878726739
1923 967169.6712144640
1930 968238.4160218455
1933 968552.3458307629
1945 969196.4613465531
1964 969590.2195221973
1970 970329.5257172368
1979 970913.5802980482
1980 971069.3719840582
1985 971797.8472365233
1995 972142.1380889800
1998 972546.4331158960
2009 973384.3403069486
2015 974045.7663627083
2021 974678.7563976169
2037 974926.2280329204
2058 975470.6216300270
2059 975640.2390209491
2062 976183.0855591047
2064 976595.5980614652
2070 977014.7626271048
2071 977142.8535671042
2073 977830.3491615164
2078 978738.1002309351
2081 979137.3225627673
2082 980093.1539082457
2090 980473.8640202286
2095 981131.2572258480
2097 981826.9068679430
2102 982090.8154803728
2105 982207.0882677268
2112 982387.2231168853
2115 983276.2035930553
2116 983406.4772373746
2120 983775.3039159691
2129 983938.2351314897
2134 984371.6920177835
2137 984886.6215496230
2149 984961.8993339295
2151 985354.6736251324
2152 985919.6685490989
2155 986912.7900879594
2173 987726.1910356424
2185 987956.1888481495
2189 988142.7790201628
2192 988823.9307075230
2195 989699.5802787544
2197 990110.4493455610
2202 990560.3507944812
2207 990591.9141595457
2215 990898.7232881851
2229 991425.7497484183
2236 992162.9674270932
2238 993015.4926390637
2240 993072.8934454315
2244 993207.4971753092
2248 993830.2720587464
2255 993933.1188444729
2257 994036.0657800956
2265 994286.6628178955
2268 995048.8402905008
2278 995336.5638812693
2281 996059.5333305822
2291 996259.0230421292
2295 996476.8660713523
2314 997170.1037701436
2321 997486.0443860810
2322 998128.9043938863
2323 998240.3611261426
2328 998713.5494856362
2329 998741.8951913655
2332 999586.1452462283
2336 999896.1795513458
2345 999988.6474180422
2357 1000307.2120479739
2366 1000954.5327236814
2368 1001571.2799788048
2374 1001687.4478809418
2379 1002350.4484518733
2381 1002864.5819381330
2385 1004355.9970741452
2397 1004371.3175531467
2404 1004497.9040366265
2405 1005258.0550310331
2409 1006240.0752440454
2411 1006250.7819207603
2414 1006291.6755369995
2428 1007174.6188119582
2440 1007282.7547662011
2443 1007629.2729423245
2452 1008091.0279656589
2453 1008094.1252512163
2459 1008760.3014820587
2475 1009112.7907539873
2480 1009232.1517475903
2502 1010225.6592918234
2514 1010883.6660415182
2518 1011461.1540278622
2521 1011668.3971006564
2523 1012647.3680962482
2526 1013636.0811968093
2531 1014052.0625079889
2533 1014296.1968524760
2536 1014570.9207459234
2537 1015502.8239221486
2548 1015877.7211031888
2565 1016537.8580550721
2589 1016612.4225793710
2590 1017298.3122321555
2592 1017415.0961704889
2594 1017518.1442616505
2595 1018438.6283467073
2596 1018560.3343449446
2603 1018920.8174276003
2610 1019258.4321251253
2613 1019320.0582504862
2619 1019475.0670107073
2624 1019948.2719902744
2641 1020034.2285700254
2661 1020270.3759422408
2673 1020636.1245707817
2676 1021524.6806582006
2690 1022068.0617479970
2698 1022731.6286826839
2708 1023239.0682744627
2712 1023341.0051277681
2714 1023430.6242529455
2717 1024173.3095953725
2722 1024188.3854941323
2729 1024911.6221482826
2730 1025492.2908541469
2733 1026343.1872403582
2736 1027122.1897397857
2742 1027991.4500814235
2746 1028076.7480676475
2753 1028815.2888452978
2757 1029435.0287057683
2764 1029908.8491560180
2768 1031091.6040344171
2771 1031663.8357811559
2777 1031841.6926152072
2780 1031991.5596875927
2784 1032231.4024112191
2792 1032702.0717303250
2797 1033359.1588953816
2802 1034124.2458051598
2834 1034476.8600852776
2842 1035476.6572714812
2845 1035726.4679528086
2852 1035826.4298255502
2853 1037786.3656051711
2854 1037979.4046703200
2859 1038002.3888507941
2862 1038691.0326021709
2883 1039475.3367319562
2899 1040369.2866511695
2909 1041248.6798721176
2911 1041886.8380403322
2913 1042122.1219464210
2923 1042531.4833571267
2944 1043341.7521068129
2961 1043957.0048878158
2968 1044104.7367870994
2971 1044379.6714720229
2976 1044966.2360661949
2977 1045525.4344755039
2983 1046400.2635969113
2984 1047057.9509719411
2990 1047645.1573378319
3001 1047904.1831861549
3003 1048838.0869462630
3012 1050102.5099785023
3013 1050477.8927865699
3016 1050855.2350716258
3029 1051701.1954359394
3038 1051972.6315589009
3042 1052012.0245970984
3043 1052850.9797057626
3044 1052901.0162278763
3048 1053692.5918959265
3052 1054289.9647150727
3057 1055118.9317684614
3065 1055815.3968616480
3068 1056245.3596773141
3075 1056819.2117329927
3108 1057611.0907964266
3109 1057734.4450445226
3128 1058009.6238653250
3129 1058490.7949785516
3133 1058580.6356019441
3140 1059470.6608342559
3149 1059812.9133318763
3150 1060187.2463163952
3159 1060308.7759311832
3161 1060667.3665727035
3175 1061505.7485182660
3176 1062398.4640186722
3195 1062536.8460031089
3198 1062606.5965396159
3199 1062842.9885012168
3204 1063249.8666913486
3208 1063430.8470725189
3209 1063614.6451736551
3214 1064041.6484814982
3219 1064599.8986006482
3233 1064981.4982747636
3245 1065108.0341242994
3248 1065769.8502305732
3251 1065841.1013582037
3255 1066123.7153807217
3264 1066145.8066015451
3268 1066439.7957079273
3269 1066640.1373733724
3272 1067457.1226403404
3278 1067930.0905737982
3288 1068180.0986615694
3289 1068499.7048182925
3292 1068870.7212638722
3294 1068985.0738062460
3302 1069516.8471832755
3310 1069993.5188966666
3313 1070502.2597521052
3316 1071300.7906644722
3319 1071784.7625126073
3326 1072047.5451303683
3346 1073036.7825923373
3355 1073570.9220795354
3365 1074214.5979733670
3372 1074470.5581270684
3375 1074755.4638666955
3377 1074808.7273848590
3390 1074999.7719558950
3397 1075715.6265046273
3409 1075968.5306984335
3418 1076204.9802967873
3422 1076626.3944140130
3424 1077854.5560582743
3445 1077963.1695722798
3446 1078468.4635217730
3449 1078495.5227160931
3455 1079990.9552866232
3458 1081179.6055633170
3470 1081515.0911056190
3475 1081943.1767638891
3484 1082083.4431394571
3492 1082181.9912062292
3504 1082255.0249844484
3513 1082460.9003780822
3537 1082612.6046067060
3546 1083333.2225773444
3567 1083510.6165642021
3577 1083725.7998641604
3580 1083976.1119628411
3585 1084098.2423436549
3589 1084286.0954436001
3591 1084815.0942692279
3597 1085033.4215494187
3598 1085731.7947385816
3609 1086704.9681144936
3614 1086915.9329055704
3639 1087322.6543812964
3643 1087756.6504715621
3657 1087930.2265714775
3659 1087996.8459338662
3664 1088257.1135959311
3675 1088291.7323820193
3695 1089207.5915854622
3709 1089260.7430935910
3710 1089762.6868154451
3717 1089927.1173519162
3719 1091013.8485847898
3720 1091435.7029146180
3721 1092152.3198467416
3725 1092848.1056335107
3727 1092915.2225367962
3732 1093402.3141814275
3738 1093776.6017873809
3742 1094429.4468796097
3754 1095357.4022137769
3760 1096125.2453135836
3761 1096198.6847274655
3764 1096303.2062091976
3768 1097062.9018405259
3782 1097319.5445983687
3784 1097378.5436745246
3788 1098091.1776629237
3789 1098111.1378846474
3790 1098920.9820037326
3794 1099311.9373883079
3824 1099550.4690855704
3825 1100465.4205813501
3832 1100703.1456306626
3836 1101661.5776370079
3838 1101910.2467280056
3839 1101971.9647838536
3840 1102245.6876728563
3844 1102747.4619311239
3856 1103152.1236054481
3862 1103347.4787947652
3880 1103495.3711617929
3889 1104380.2850141940
3900 1105173.0720621839
3915 1105909.0248320394
3918 1106073.3877199062
3956 1106520.3211104264
3957 1106922.8230345496
3969 1108236.2082708329
3971 1109028.3294870814
3981 1109767.8945652382
3989 1109997.6803019717
3992 1110859.3999029712
3993 1111116.7372997226
3995 1111354.4324295600
3996 1111808.6734680161
3998 1112012.3239941259
4011 1112182.4103029808
4015 1112284.6645717765
4019 1112885.2716363033
4052 1114298.5134584783
4057 1114840.2538159383
4078 1115873.6652012053
4089 1116072.0327956895
4096 1116299.9237850439
4110 1116515.9029892131
4119 1116800.2057125715
4126 1116916.5606655632
4132 1117800.8074941642
4133 1118060.3636875260
4139 1118926.0746574125
4146 1119467.1598033821
4152 1119623.8920032140
4153 1120189.8303771426
4157 1120512.4546444255
4161 1120628.2428749625
4163 1120630.9452453181
4171 1121588.0008711461
4185 1121897.2797379592
4195 1121937.8972475894
4201 1122160.1314528799
4206 1122293.2198927703
4219 1122330.9395161734
4253 1122872.7325242176
4268 1123536.9120801440
4270 1124657.3387067006
4277 1125206.2947784814
4278 1125412.1533012576
4286 1125453.2459150848
4288 1126128.7724423097
4293 1126352.7323406101
4302 1127246.9897914235
4309 1128002.7235208985
4341 1128008.8776709696
4342 1128562.7049362625
4362 1128944.5462837412
4369 1129214.7890012835
4371 1129672.9049814011
4373 1129812.8502868146
4377 1130747.0685106954
4381 1131719.7783703797
4382 1132154.4847660384
4391 1132718.4065758095
4430 1133157.5280726792
4441 1133834.2636025439
4448 1133865.6431981099
4464 1133952.3589544331
4468 1134263.9878030373
4471 1134912.8517881390
4479 1135466.7424374910
4500 1136121.2846038109
4523 1136235.0778991717
4529 1136672.8216311978
4533 1136694.9690846065
4536 1136798.0612959773
4552 1137068.2061915305
4556 1137866.0348745289
4560 1138590.8814895949
4564 1138819.1262414665
4577 1139747.6178990656
4605 1140549.2432435290
4629 1140844.6730402841
4630 1140876.9806681625
4650 1141224.6960638049
4667 1141434.7351588532
4680 1141695.3820116646
4682 1142201.3313866858
4694 1142321.5123006080
4699 1143098.7330886468
4702 1143131.6169028059
4705 1143331.8017030610
4709 1143442.0236960480
4729 1143654.4966748117
4732 1143728.4620166929
4742 1143934.3974916190
4751 1143961.7601746803
4754 1145493.9580259901
4769 1146286.5989979140
4787 1147139.6095168979
4790 1147263.7694339370
4832 1147883.1293920774
4841 1148136.1971726436
4862 1148460.3863899356
4867 1149293.5392943884
4881 1149486.5109815204
4887 1150481.2693893616
4896 1151441.3560178278
4897 1152430.2155802941
4912 1152608.8685955908
4940 1152841.3991062809
4955 1153528.4068531245
4963 1153603.1636753660
4974 1153609.6650221127
4979 1154498.7305333794
4990 1154660.5920738128
5003 1154816.6204025047
5011 1154817.9490416416
5013 1155289.7913355706
5024 1155740.6801378687
5026 1156070.0261162573
5030 1156560.0023527157
5032 1156991.2776182038
5034 1157206.5796971810
5069 1157841.9079195785
5072 1158610.7754977150
5073 1159141.6410464346
5093 1159319.8057976277
5096 1160267.0779012768
5100 1161235.4167867796
5109 1161424.8733347002
5114 1162176.0289826870
5120 1162567.2845661251
5122 1162690.1809138625
5128 1163241.9796728997
5136 1163892.9780797185
5149 1164107.9842128223
5155 1164880.6879019630
5160 1165504.0060070311
5168 1165717.0048369651
5189 1166322.5775937983
5191 1166852.9327634394
5195 1167285.2431046953
5211 1167922.2867641603
5218 1167985.0332609655
5241 1168625.9335861364
5280 1169056.1889685851
5288 1169805.1008468589
5289 1170260.7549308485
5300 1170535.9169251490
5307 1170569.4277533444
5337 1171375.9617342250
5340 1171427.8824968184
5362 1172280.3070110267
5371 1173140.4641410944
5409 1173966.8325384653
5417 1174462.7489122127
5425 1174748.6119511859
5427 1175001.4903838928
5447 1175382.0687996999
5471 1175470.1090873061
5477 1176255.2770383011
5478 1176314.8201491649
5497 1176822.9876237586
5520 1177480.5257526583
5532 1178035.0104912459
5538 1178826.3840837462
5551 1178960.2484327599
5561 1179041.7760255230
5574 1179334.2251641413
5576 1180168.4532453464
5592 1180307.0530943752
5594 1180384.4339107429
5599 1180440.1342001955
5601 1180789.3159165808
5607 1181436.8617012301
5610 1181669.4203704856
5620 1182001.7025048465
5630 1182080.6573291435
5633 1182892.3238492713
5655 1183252.8905928656
5665 1183829.2564914864
5670 1183931.8047182667
5688 1184821.4880310455
5690 1185454.9712389342
5699 1186331.2918542689
5714 1186842.9486360350
5722 1187001.4863289404
5727 1187564.9937642529
5735 1187868.8052155233
5747 1188128.0278667437
5765 1188336.6900846350
5770 1189260.3350868681
5785 1189542.7946800746
5787 1189572.9255414349
5794 1190136.4521765700
5796 1191158.7415105568
5806 1191809.7838305891
5827 1191949.5635409364
5830 1192797.2207347471
5856 1193335.4892619085
5868 1194209.0461240471
5885 1194833.0945681762
5892 1195062.0428758918
5893 1195142.3742440429
5918 1195535.2484006337
5920 1196108.6994525432
5924 1196311.8309594293
5969 1196952.6969916148
5971 1197558.9187142651
5982 1197826.2193455431
5985 1198175.3449460971
5987 1198761.1546169536
5995 1199610.7851842286
6019 1200190.2587934609
6021 1200490.9567102722
6024 1201397.9619697689
6038 1201521.2458013122
6041 1202028.2325617322
6050 1202586.1227901778
6069 1203132.0017760969
6075 1203582.9335027831
6106 1204383.4728448468
6113 1204386.1259445604
6115 1204537.0572046547
6144 1204589.1915360012
6152 1204612.8990480611
6191 1205199.4672786749
6195 1206571.1139739999
6209 1206739.5158109823
6238 1207172.3148503888
6252 1207415.1075417781
6266 1207755.5956362516
6300 1207985.3367664567
6317 1208572.2449711338
6330 1208683.2881261075
6334 1209278.4525196888
6337 1209544.5153259062
6386 1209618.7546907542
6389 1210547.8442273024
6393 1210654.2603174080
6396 1211316.9965417162
6408 1211380.3858337235
6423 1211853.0330027686
6429 1212045.0032116079
6431 1212675.2465696775
6433 1213416.7119081698
6454 1214747.5932316871
6465 1215048.7283916718
6469 1215347.9010315367
6473 1216049.4393045348
6485 1216184.8936191923
6486 1216551.8871223587
6487 1216673.0039900583
6503 1217367.0918270287
6506 1217570.0364836375
6517 1217623.7837572005
6533 1217770.8638511016
6539 1217805.5085549722
6553 1218171.8337831749
6566 1218621.0742800022
6578 1219599.1243673295
6586 1220122.8356364043
6589 1220262.8442939969
6594 1220269.6763463013
6628 1220966.0227847719
6630 1221268.9837053500
6636 1221805.2659554796
6677 1222673.0524947806
6678 1222689.6825023303
6703 1223463.2560280794
6710 1223989.9803620398
6718 1224050.9559164681
6752 1224071.2168326396
6767 1224089.2164757904
6788 1224736.9370975012
6797 1225622.1048113015
6805 1226059.3404599363
6807 1226597.1673235421
6835 1227131.5729824724
6852 1228009.5177996454
6855 1228098.3464114203
6857 1228348.4321716856
6869 1228405.7393060827
6903 1228629.9413007393
6905 1229078.5625101000
6908 1229511.3275246560
6913 1229556.9774438187
6923 1229813.7236454694
6924 1229953.3258716862
6925 1230130.0883202571
6931 1230677.6612950794
6972 1231223.8176871045
6996 1231699.0548663463
7005 1232053.3030364867
7013 1232615.0401794757
7030 1232621.1506457906
7032 1232798.3061620553
7061 1232899.2339561500
7084 1233581.2871545767
7101 1233616.7346347277
7106 1233759.5312011889
7129 1234034.4854528904
7131 1234600.4475437466
7136 1234754.2245343069
7152 1235066.0437165070
7158 1235184.8376599243
7165 1235205.9638092082
7174 1235357.6313331218
7203 1235425.5463814372
7220 1235795.4884004234
7221 1235923.8295380161
7226 1236306.7317768324
7228 1236382.1620379286
7231 1236386.7530635842
7268 1236986.5093716860
7270 1237700.0387212289
7298 1237791.3260884294
7300 1237935.9408421575
7309 1238592.0086155143
7321 1238690.4634129764
7325 1239215.9666800231
7327 1239468.7431721378
7360 1239550.6959875640
7387 1240528.1511336484
7439 1240630.3190922264
7455 1240672.2115256789
7462 1241281.3136200856
7489 1241585.6020459323
7515 1241635.2299286111
7516 1241732.7644297255
7520 1242281.5089519399
7531 1242375.7903055048
7573 1242650.3181459776
7585 1243015.7656655128
7595 1243142.1674826350
7605 1243171.9609124695
7624 1243381.7169782554
7632 1244192.6326491712
7642 1244977.2180397445
7645 1245476.2409531181
7647 1246340.1400544499
7663 1246353.5915779269
7664 1246466.6126223835
7683 1247075.7419837045
7686 1247925.1130693282
7688 1248452.1658866310
7693 1248923.9675840978
7712 1248957.3406541615
7713 1249567.6606581265
7765 1249722.8232386222
7791 1249894.0396944107
7794 1250351.1982046382
7828 1250671.1843777325
7845 1251027.9331998716
7868 1251084.1147526244
7876 1251863.4705476745
7888 1252192.8507457164
7934 1252365.1612859406
7950 1253332.5763686730
7977 1253554.9058885719
7983 1253689.1373473932
7986 1254053.8012135939
8003 1254568.6096767669
8006 1254969.7409313407
8017 1255709.7331995834
8035 1256448.4728705131
8049 1256451.4991004528
8057 1257145.3419805716
8059 1257175.7902275822
8093 1257418.7494291000
8141 1258262.6615496629
8143 1258934.5583562732
8144 1259825.5553312523
8147 1260291.1718168899
8152 1260785.0311338319
8154 1261089.8997850963
8168 1261159.6875661185
8186 1261197.2306975427
8200 1261513.1580501890
8241 1261823.4337383546
8248 1261840.6867343390
8261 1262300.3003317113
8298 1262546.9788211505
8316 1262965.2787197388
8326 1263319.1581316045
8340 1263466.9079490439
8342 1264104.6999468557
8367 1264300.9201708466
8371 1265102.6517608303
8379 1265215.9106920301
8381 1266046.2965291201
8397 1266336.6353824439
8425 1267238.3467326155
8430 1267551.8473638841
8434 1267778.9832180464
8437 1268036.8916080387
8451 1268288.5477077775
8454 1268583.7641360927
8463 1268584.9220878945
8483 1268786.7776380028
8511 1269312.3019866955
8512 1269914.7559793072
8516 1269925.0598072000
8536 1270291.9893739093
8538 1270296.4357404192
8549 1271041.4582486353
8568 1271052.9889996739
8593 1271361.7833170807
8643 1271561.3826627680
8651 1271742.3002244856
8710 1271830.5657408284
8722 1271927.4716766307
8750 1272740.6747632229
8762 1272905.7226294014
8804 1273040.6149893233
8812 1273058.5563930760
8831 1273267.2366664356
8833 1273445.5023014287
8858 1273582.2666173722
8864 1273959.2407318151
8881 1274107.7471566016
8885 1274409.4091801287
8887 1274911.0246934688
8889 1275104.7477673206
8894 1275398.3236842216
8910 1275445.8712809284
8936 1275916.4624169068
8948 1276338.1255120863
8949 1276499.0627825554
8993 1277031.1519544844
8996 1277597.9345156273
9003 1277669.2459021485
9009 1277766.4545487103
9029 1277812.3481041889
9031 1277888.1554091927
9032 1279262.9956998662
9060 1279492.6893722313
9104 1279687.9697513443
9130 1279824.1279054019
9135 1280444.3638968491
9168 1280455.8940642208
9169 1280778.5129487857
9208 1280787.2587832555
9231 1281050.1110768705
9257 1281269.9670805992
9283 1281910.1449012482
9299 1282322.7040202024
9363 1283164.2024385475
9368 1283528.5546002251
9386 1284518.0111175464
9387 1284635.4925952982
9391 1284744.5727415001
9394 1284866.5158469749
9395 1285067.1816592901
9429 1285344.7462546700
9445 1285847.2519215599
9446 1287152.6706992977
9471 1287924.1261061360
9474 1288308.5018084547
9483 1288691.0628387609
9530 1288988.7429944749
9535 1289265.6933521640
9539 1289600.2315950012
9571 1290260.7070996456
9573 1290272.8662920077
9578 1290355.5505232508
9598 1290628.2646931086
9616 1290810.3145670414
9642 1291103.4203803258
9654 1291679.8765277497
9667 1291726.2671172260
9678 1291733.6064394535
9701 1292451.5181003695
9737 1292452.3249534674
9746 1293022.9389385695
9752 1293430.6309330110
9760 1293504.2460856598
9790 1293507.5891563201
9803 1293916.5880005234
9831 1294058.6869668220
9835 1294361.1534364745
9855 1294987.1111563398
9861 1295142.6169538822
9886 1295228.7722469547
9906 1295643.2903538656
9936 1295792.2522326054
9958 1296285.0675485726
9964 1296452.1219763795
9967 1296560.0708740866
10001 1295868.4745788886
evaluations raw_y
1 696670.5476439877
3 697458.5311341343
13 699915.4635468012
14 699959.8786943326
17 700045.8148545058
24 700892.5520021269
26 700959.2233486449
28 701198.9971695623
29 701599.0993091520
30 702388.3461230933
33 702520.5133575444
34 703030.7977336985
37 703034.7044373332
38 703900.5388598231
40 704296.2299851720
45 704500.7398634402
51 705571.1233699971
54 705773.8709638458
60 705917.6500412548
63 706141.2734537376
68 706530.5477957154
71 707803.6259737959
74 708371.7960069417
78 710013.9552990287
79 710148.5079118869
84 710931.1896570623
85 711525.1093995292
91 711930.7937865494
94 712806.6130757855
95 713484.6039505554
98 715379.9385002274
101 715474.8807354412
107 716111.3702200113
115 716834.3578593360
116 717050.4603370799
120 717460.4365339398
124 717504.1140036052
128 718492.3449581900
129 719461.2534181470
132 720698.9278962893
133 721608.7403003138
137 722138.8588221493
138 722267.5843730728
143 723232.7560991609
145 724309.6103736673
151 724415.0023624024
153 725304.3080314986
155 726058.0292082400
157 726948.8605462911
166 727941.0815510554
176 728098.4859060044
177 728126.3737464332
180 729451.7982472997
182 729508.6320506760
187 730916.1004704566
188 731359.2140596682
189 732274.0135152409
192 732744.8897357557
202 732996.5328733368
206 735303.9882582109
208 735878.4216122143
210 736087.0104435021
211 736139.6629682105
217 736470.8707760681
221 737167.6581765759
229 737603.6092060591
231 737758.3104734696
234 738312.5637558637
237 739274.3349434364
238 739544.7267574145
244 740517.2773765960
247 740532.6171787656
249 741412.9655424965
254 742817.7251260981
256 743683.0152612920
261 743942.9930596923
262 744587.7497557191
264 745183.0952778048
267 745347.9115025498
268 745398.3932465278
271 746448.5996729194
272 747267.5637136323
275 747448.8089868841
276 747582.7150304955
281 748565.7020055737
282 748578.1570255918
285 749143.8756755246
286 750331.9067646317
289 751190.6544372638
293 752170.3738992414
294 752697.3477924461
299 753628.2018614662
302 753889.8189457814
304 754108.3085031403
305 754645.6290774851
314 755201.0650157366
317 756420.5793985387
320 756649.0210913197
321 756907.2642968983
325 757837.0958062527
338 758770.0296958556
342 759352.7890021476
348 759875.2044986628
349 760782.4164428038
350 761410.5074609125
353 762054.1505404536
356 762398.4636315418
359 762994.8503169296
361 764157.4208432973
364 765365.1665679803
366 765879.1040441969
367 766602.4156162713
368 767011.1770592008
369 767710.0991483522
371 768350.8841910815
375 769182.6848039416
379 769552.0251078759
383 769808.8069811609
388 770532.9024702878
391 770993.1577349821
399 771065.7893234134
407 771704.0204185334
409 772211.5557948453
410 772535.9014624234
418 772859.3833269036
430 773587.8041773478
435 774115.9260797533
439 774349.2140959401
441 775086.4348931939
445 775595.5344236766
451 776058.5596612395
459 777265.0450879608
460 778497.8964297677
464 779303.9373340504
475 779529.1837612808
481 780118.1101754081
483 781860.1395907829
487 781975.5866460036
491 782417.9606627866
494 782655.1552894432
498 783355.3744524007
504 783370.5627587955
515 784111.3201361410
519 784686.5475548425
527 785452.5204043556
538 785584.8917515983
558 785858.2179796910
560 787053.3877137736
566 787718.5867206310
569 788712.3466263025
571 789690.7380769339
577 790138.3774759838
579 790840.0254104353
581 791315.6507289433
582 792215.3286711654
585 792767.1227579800
586 794093.9694948270
588 794566.6481056191
589 794864.1505166149
592 795977.9066351847
593 796193.1876192928
594 797120.7819697692
596 798024.9095312478
597 798194.4448787619
599 798871.3258869185
604 799339.0717384513
608 799965.4336907411
609 800594.5957378825
612 801351.0621155882
613 802062.6871793428
614 802283.1180577481
616 803154.7708751243
618 803501.4425445211
620 803793.6012741483
623 804278.9026183153
626 805186.3354785446
634 806077.8880170020
640 806826.8248315661
651 806849.7656247109
654 807410.1224258414
659 808527.6919210571
662 809334.3757162566
663 809564.9800338451
665 810202.8891448828
672 810380.7806841170
674 810451.9062534227
677 810860.2671666911
680 811651.4944686975
681 813428.7197880623
689 813929.1910193316
695 814216.0446921655
696 814703.8139065729
700 815034.5054312090
702 815050.0697287620
705 815735.0871405338
707 815835.7142292995
708 816278.5316891485
715 816338.3450323886
716 817068.3330518411
727 817567.1731959548
734 817640.2505959440
739 818391.8264148774
742 818754.2763300783
748 819720.6561368440
751 820144.0087653449
752 821120.4920098940
753 821938.8501540361
755 821959.4057647220
756 822944.5926185371
763 823723.6685798614
766 823775.7350105362
767 824698.5134180404
768 825214.1048666318
772 826742.4245423905
776 827269.1425717317
786 827437.0990024210
791 827986.6264045426
797 828591.7866886045
799 829213.5644627518
807 831067.2022221523
812 832069.2544499619
819 832408.7514378109
820 832990.8435238198
828 833039.4368338564
833 833737.5923121956
835 834645.4626046825
836 834981.2195463665
837 835075.0984263541
842 836049.8663007965
845 836620.4203457676
846 837001.5661835516
849 837365.8630533681
852 837812.3363198525
867 838106.7812532323
868 838679.7369823706
871 839744.1397982439
872 840557.6207730642
881 841000.2996082660
882 841179.3845467083
886 841441.2320233479
887 842205.9779898429
888 842423.8202774279
890 843171.0251203076
892 843374.8647771543
899 843609.7341790379
900 844746.8896809124
902 845302.3719211746
904 845421.8826408021
907 846148.5289552117
911 846356.1519154109
916 847276.3537421740
917 847703.6564108109
922 847803.1433777601
924 848267.6870228134
931 848869.0517497965
933 849439.1756186291
934 850238.9604915631
936 851764.6633282216
940 852529.7816106528
944 853523.8062700516
945 853876.9651829636
947 854087.3834660967
948 854231.9950867415
950 854992.7951033172
953 855602.0149775114
954 856072.8141699879
959 856978.2260166197
969 857822.4384421492
970 858276.1909901275
971 858281.3631403447
973 858627.8719815086
981 859440.2158498226
989 859821.1368113036
992 860187.5961402928
995 860374.6482188453
996 860997.3602641507
997 861407.2785208711
998 861668.9215690091
1000 861671.4610698732
1007 863250.7793093004
1008 863433.2596873814
1012 863476.7172591281
1014 864280.1436247646
1015 865094.9950741869
1023 865960.6608432768
1027 866249.0010411446
1033 867118.2435760782
1034 867665.1952738520
1037 867827.9085923986
1038 868680.6608239748
1046 868728.5419963908
1052 869439.5997251876
1064 870318.5250834923
1067 870891.1819554404
1073 871235.3579659008
1076 871643.1924903422
1080 872587.1607595816
1081 872758.7128308617
1085 873046.2677463982
1091 873049.3563392905
1095 874020.0563726866
1097 874312.6947153757
1099 874665.3712104086
1111 875773.5793874325
1120 875817.7487326545
1127 876510.5870530636
1128 877344.6608431324
1131 878043.1696422478
1134 878414.5946194633
1144 879527.6216413135
1149 879536.0942213375
1155 879978.6983942465
1156 880571.0662628805
1157 880766.4198699959
1162 881205.7551303449
1165 881424.9631345485
1172 881639.0913536971
1174 883424.9398179774
1177 883462.3367718405
1179 884341.7121287902
1181 884492.1295949001
1182 885517.9544465479
1183 886189.4719224627
1188 887088.4080906741
1191 887668.0351393347
1192 888367.7883863834
1200 888483.0290866095
1201 888570.3143312823
1203 889019.6034598888
1204 889243.8832767654
1211 889751.6375935936
1212 890664.6969475260
1213 891292.3868934484
1217 891929.9538196515
1220 892870.8230784745
1229 893512.1444985045
1234 893791.7333129353
1241 894745.8274249517
1242 895250.5972888814
1247 895562.0476404903
1249 895729.7255286891
1253 896027.8169235993
1256 896111.3556837445
1257 896716.6418306303
1259 898483.5271699870
1265 898741.6166626607
1267 899146.5904468877
1279 899921.2940503513
1283 900336.3574615555
1288 900390.3319086747
1289 901269.8313514990
1290 901375.9620218872
1295 901602.8873207916
1297 901725.4042052084
1300 902336.1572104786
1302 902809.5668049392
1308 903658.5105269883
1310 904366.0359638826
1312 904962.1868397743
1314 905534.6791872780
1318 905952.8341491675
1319 906744.5429030925
1325 907095.0106935755
1328 907765.7173089799
1329 908079.6841923569
1333 908104.0087720953
1335 908139.0126208056
1339 908284.5566703789
1354 908536.4590930010
1369 909329.6447900487
1371 909887.1487870129
1373 910768.9511814880
1374 911405.5090631250
1382 911748.9642401928
1383 911907.5047657745
1385 912510.4679786081
1386 913143.3355968255
1392 913515.2933703219
1393 914211.0043143700
1394 914687.2909411556
1395 915468.6118024123
1402 915508.6948285650
1406 915857.3571067870
1410 916031.3778764647
1418 916865.2555916688
1422 917300.9430854649
1424 917604.0042779940
1425 917683.6186131685
1426 918739.8504372576
1437 918873.8421966184
1442 919166.0918080620
1449 919692.1743028656
1451 919709.4532699381
1456 920492.1854144757
1459 920568.0084867208
1462 920918.8868021806
1468 921124.6791198627
1471 921539.6522201066
1474 922317.6122568498
1475 922407.6923161639
1486 923151.3429364660
1490 923256.9781231801
1491 923501.6991001709
1492 924003.6676748726
1493 924027.5073080596
1502 924144.5820451545
1511 924229.1906382064
1516 924485.4851814416
1520 925125.0233269588
1526 925447.6609134495
1528 925960.0461713707
1540 926887.9056579762
1542 927532.5344394644
1544 928198.8380824345
1547 928649.5588848345
1553 929534.8849836156
1555 929709.7200669962
1560 930525.6138203631
1562 930640.7930531162
1585 930930.7005420165
1590 931489.6363041308
1595 931650.8590813341
1605 932326.8348849787
1606 932578.9997933239
1611 933380.8842556403
1613 933425.7955832125
1617 934141.0660665323
1623 934872.1477358942
1627 935553.2109693557
1633 935675.7838552572
1635 936085.1314888184
1646 936295.3358018320
1648 936787.5754616460
1652 937744.1608169563
1658 938000.0604860260
1671 938190.7076203786
1676 938525.2331401489
1678 938611.0707330966
1680 939277.4794695523
1687 939711.2200894596
1692 939935.8029689563
1696 940520.1753927900
1699 940646.6045643778
1700 940791.8408407568
1705 940923.6651577903
1721 941399.9040687301
1724 941866.9091493058
1726 942410.9231160320
1732 943035.4374173922
1738 943079.6702450586
1740 944034.2701978884
1750 944931.7301582970
1752 945111.8646773963
1753 945210.1286119771
1756 945401.4338584677
1764 945516.7128423281
1766 946360.0365241659
1768 946607.4493859134
1773 948001.1356735078
1783 948366.5112530462
1792 949436.1802850999
1794 949539.4785159223
1808 950904.5432528618
1811 951450.3720878818
1814 951760.5242337777
1817 952106.6918353218
1823 952861.4322954342
1830 953509.5463418219
1832 954044.7088626142
1834 954880.8568276395
1836 954932.0031479595
1839 955620.4544711355
1842 955801.5159745469
1843 956808.7663091355
1845 958640.3529502156
1850 959043.0307949964
1859 959746.2654092354
1863 959865.8261017976
1869 960511.2380530903
1872 960760.5809506010
1876 961301.0524790061
1887 962110.2830930229
1889 962244.2034950191
1892 962600.8754556278
1901 963077.2945880950
1906 963645.1990422049
1910 963812.5201051342
1914 964259.7036962177
1918 964407.1312544149
1923 965332.5036758111
1926 966255.4978983818
1933 966918.8729032959
1935 966945.1171166283
1937 967609.3529715367
1943 967921.7924410134
1945 968430.6765674031
1959 968839.5861852026
1963 970774.0556771471
1968 970999.7425863708
1969 971178.4939381903
1973 972134.7698272318
1975 972891.1809161030
1977 973494.5557110715
1982 974814.2401126124
1987 975089.1811052065
1988 976072.4557444305
1993 976932.8500660058
1997 977320.7265868350
2001 977548.9681954144
2011 977699.5483311422
2016 978006.3557013954
2019 978200.8552359127
2025 978811.9562782422
2027 979798.1930510818
2028 980104.5800096653
2037 980904.8632382564
2038 980915.7319182931
2041 981171.3395059813
2050 982216.8859836248
2056 982325.4419413394
2061 983088.4049399139
2062 983427.2031548372
2063 983670.9024117856
2065 983799.6910122799
2069 983886.0733826625
2072 984786.1198153709
2079 985200.7681063026
2089 985839.5798319470
2096 986021.3547231610
2105 986132.7957216759
2115 986867.9819685997
2127 987152.2594494973
2128 988130.0520598905
2129 988467.7696190326
2131 988566.1046056316
2136 988719.2156051880
2140 989003.3514145477
2144 989298.4230256744
2146 990281.3392115559
2149 990934.7676831643
2150 992146.4429842975
2151 992547.2835250653
2165 993277.7127190445
2170 993501.8027115044
2175 993564.1493708584
2176 993644.6900977660
2177 993977.0545506279
2189 994034.0331725986
2199 994269.4748739818
2203 994869.9914533705
2204 995043.7770384172
2212 995918.5495398699
2214 995919.4615769658
2221 996133.2921092551
2224 996453.2849759856
2230 997199.8146187690
2233 997838.7890728847
2240 998161.0176607860
2241 998541.2574465275
2247 999257.0333733141
2251 999755.5040828737
2259 1000227.1254234816
2263 1000731.0068089198
2265 1001229.6233472150
2266 1001408.8055822697
2267 1001604.9814610658
2268 1002746.4444046738
2278 1003403.4571952681
2284 1003766.0834741135
2287 1003801.0481144956
2289 1004546.1265992541
2296 1004854.8285951260
2298 1005035.0995951076
2299 1005461.8086205249
2305 1006247.7876703761
2312 1006754.1803153721
2314 1006950.0487453471
2317 1007091.9598936121
2320 1007959.7673784026
2333 1008877.7175362892
2346 1009406.8709946992
2355 1009507.3924598976
2359 1009601.0889334467
2364 1010004.3929119773
2373 1010779.6872805735
2374 1011354.6561231975
2377 1012165.0575869594
2382 1012980.6787361585
2383 1013914.6587013996
2384 1014057.9461247574
2386 1014106.3583243843
2396 1014897.3207207408
2398 1015027.0583599441
2404 1015823.2583821439
2406 1017006.2462747609
2417 1017779.7351023204
2418 1017804.1312159474
2436 1018236.1042553885
2443 1018338.0384039395
2445 1018531.6793681072
2456 1018760.4940341470
2459 1019119.4896792122
2463 1019351.0374834402
2465 1019842.2438970550
2475 1020697.8616500852
2482 1021417.9733089405
2486 1021605.6670573064
2492 1021694.4284635033
2496 1022200.9975499051
2497 1022878.8303351590
2502 1023294.8168621183
2512 1023299.9863231935
2530 1024691.5361776345
2543 1025491.0434745539
2545 1025957.4937254792
2548 1026875.7594870916
2554 1027902.1943262341
2555 1027921.3353652012
2557 1028403.4423901831
2563 1028599.0767953113
2567 1029112.2427131486
2576 1029289.7148725044
2603 1029506.8530622667
2604 1030378.0642554895
2608 1030836.9308171902
2622 1031060.2405747944
2623 1031708.6761144128
2639 1033205.7758654889
2640 1033721.6236691466
2660 1034008.2837476709
2680 1034321.5899376679
2691 1035299.9353749376
2706 1035512.5394559168
2709 1035846.9768936319
2711 1035957.6486549958
2712 1036211.0004603444
2720 1036243.8424698527
2723 1036296.1651066371
2730 1036546.8753780469
2744 1036730.3280983398
2745 1036963.6540810153
2754 1037250.5347572257
2766 1037827.5951497050
2775 1038376.5228386064
2778 1038523.4422104389
2782 1039259.2053779057
2791 1039926.6986071264
2796 1040377.2667512828
2798 1040970.6319464486
2803 1041178.4852298775
2806 1041554.0418817422
2827 1042020.8431115267
2828 1042638.4671155714
2830 1043776.3586375061
2832 1043816.3335718015
2839 1044576.7202426327
2842 1045105.8628919788
2862 1045892.0762347274
2887 1046652.4179855905
2889 1047358.0153452785
2891 1048136.8158952651
2892 1048806.1231072326
2904 1048861.6780030520
2920 1048972.3855155425
2921 1048998.8139204860
2929 1049123.0772391465
2930 1050186.2414018188
2950 1050481.1553630894
2952 1051062.9894374558
2961 1051899.0832392678
2970 1052686.8162021495
2971 1052689.9530330074
2974 1053002.9740076005
2975 1053103.3833034185
2977 1053665.7366333022
2980 1054273.3911470138
2987 1054457.2690567444
2988 1054933.7983740820
2997 1055675.2859459408
3002 1056083.5133818383
3023 1056238.2257633605
3025 1056978.9338177599
3057 1057660.8053656260
3063 1057673.5837213460
3070 1058439.0231636297
3079 1058611.8271515910
3088 1059304.1248321519
3106 1059956.0801419113
3107 1060466.3898944729
3108 1061425.2638674667
3109 1062363.0581726525
3113 1062647.9415491924
3117 1062718.9141639366
3119 1063687.6439679475
3125 1063806.3243560437
3126 1064109.1153443286
3132 1064496.2559155435
3142 1065184.0466450348
3143 1065502.8633179003
3150 1065942.1346790048
3151 1066658.9621871652
3154 1066673.2470152711
3155 1067277.5361325752
3163 1067816.8124952565
3168 1068332.3464487314
3174 1068575.6049463579
3180 1068916.0928171156
3181 1069849.6002633327
3195 1069965.0160944599
3200 1070387.9880533838
3201 1070774.4884842832
3205 1071437.1116926570
3210 1072049.8615296551
3223 1072707.4328995857
3227 1073096.4679972199
3235 1073311.6651224510
3251 1073768.9404874691
3273 1074676.4956887378
3279 1074832.4928943454
3292 1075466.5279748270
3321 1075905.5197633952
3329 1076622.5454243133
3330 1077333.2456209883
3331 1078313.4785508756
3332 1078817.3870230811
3338 1079741.9813571109
3341 1079851.0605544602
3347 1080106.3935838463
3350 1080231.0108905411
3366 1080806.8631200274
3379 1080958.8525284445
3413 1081138.3813399156
3425 1082011.3621333062
3429 1082291.1290863408
3430 1082445.5622556154
3436 1084287.9820858233
3437 1084623.4881890991
3438 1085050.6292138356
3444 1085698.5802222267
3446 1085738.4802559896
3450 1086509.0138920033
3485 1086559.1539324450
3491 1087696.2090053170
3494 1087901.1642014859
3504 1088664.1460042421
3507 1089056.3661581445
3519 1089796.6849607681
3535 1090644.3735383602
3541 1090701.4962671914
3542 1091545.8717457880
3546 1091891.4798480677
3565 1092850.3167967098
3566 1093245.0646667711
3569 1093580.2915777750
3573 1093975.6940044977
3586 1095569.2255600533
3587 1095756.9346861967
3594 1095896.4684605689
3595 1096204.8488656699
3605 1097547.3124227047
3610 1098339.5673640086
3615 1098908.2744947709
3621 1099136.7163860537
3626 1099404.5677590684
3642 1099699.4783333524
3645 1100019.7607957835
3655 1100401.5583298951
3662 1100640.2299912290
3666 1101123.7360708818
3687 1101719.7625656733
3696 1102008.2222775992
3700 1102364.1486539803
3704 1102429.5227915931
3727 1102451.0424196788
3730 1104225.6236456716
3733 1104408.7792123633
3737 1104676.3297240427
3750 1105295.2257652131
3770 1105532.6974808278
3777 1105822.6976131788
3778 1105924.7329271561
3787 1106690.9121995352
3788 1106954.9862495312
3793 1107791.5149858252
3804 1108484.9552269832
3810 1109037.8420618891
3813 1109118.7612926546
3817 1109466.2407887641
3820 1110413.7356069868
3824 1111045.2180781043
3828 1111732.7261507944
3832 1112667.4064082794
3868 1112863.4088382130
3870 1113303.1095909122
3874 1114079.8418164547
3889 1114714.9988976745
3892 1114777.3401729590
3893 1115716.1705422329
3900 1116539.3720985048
3902 1117023.7962222577
3916 1117915.6803610967
3917 1117933.6677555819
3919 1118362.8857138606
3921 1118490.8366987798
3927 1118781.7489133445
3933 1118836.1176179124
3936 1120146.2805043431
3943 1120319.1632752575
3950 1121311.0012318231
3953 1121800.8812681655
3954 1121829.7215083092
3958 1122314.0087648036
3966 1122633.5647410480
3968 1123197.1381410977
3969 1124000.6992966642
3973 1124099.2337436455
3990 1125008.8160767413
3992 1125117.5768550748
4005 1125386.4714195612
4014 1125554.0339581019
4022 1125782.5958441964
4028 1125906.5974130952
4033 1126233.2769670256
4041 1126401.1988858476
4050 1126760.5784951784
4067 1126761.2015853454
4088 1126917.2747089120
4093 1127458.3341613091
4095 1128264.5015712753
4101 1128427.7036816040
4111 1128694.8493071813
4115 1128798.8864034074
4119 1129096.5310003271
4122 1129294.8786101870
4124 1129312.2286397889
4127 1129537.2687558974
4153 1130292.3092796062
4175 1130777.8434419676
4177 1131549.0288224749
4178 1132629.2495781642
4180 1132768.7978867020
4188 1132941.9451039522
4197 1133271.0088004093
4208 1134024.0656947461
4222 1134637.4780661503
4225 1134854.3817606948
4228 1135452.9758033152
4234 1135532.1784392297
4235 1135630.2484757614
4237 1135687.5398509998
4239 1136396.8873088008
4243 1136570.9857978660
4247 1137038.8578586287
4263 1137164.5960602884
4270 1137370.1525489574
4271 1137886.2919946604
4275 1138778.4126318200
4296 1139235.4745872596
4305 1139440.4376843602
4307 1140098.5788496828
4309 1140406.2921545198
4317 1141008.0309542059
4346 1141142.9875076385
4355 1141763.3806559502
4357 1141929.2985743550
4358 1141990.2059438578
4361 1142102.6981665173
4370 1142943.4275730483
4372 1143562.0529143831
4383 1144002.9884546681
4385 1144517.0535315913
4401 1144651.5924436778
4428 1145242.2663468255
4429 1145249.9968543919
4439 1146303.2430777543
4440 1146712.4070583181
4443 1146888.9819092015
4446 1147104.5315286240
4466 1148111.2258969930
4469 1148159.0822891332
4473 1148279.0409440752
4482 1148282.3180397188
4502 1148990.5917641532
4504 1149571.7287297347
4529 1150230.5184963662
4540 1150615.9280676846
4562 1150702.5155243315
4582 1151482.4539543635
4594 1152124.6829033855
4602 1153033.6687269225
4610 1153292.6324139261
4612 1153515.3255866482
4614 1153731.1340294334
4634 1154478.8777081389
4636 1154479.6419292209
4638 1154862.7219876547
4665 1154867.8911314537
4676 1155533.9262105844
4679 1156253.9652167640
4693 1156738.6745079532
4701 1158120.2048695800
4717 1158512.4743350383
4719 1159471.2683412966
4723 1159620.1890339593
4728 1159796.1722489519
4733 1159815.8705990182
4742 1159970.2834610099
4784 1160375.1330931068
4788 1161721.3668655590
4789 1161760.1252272383
4799 1161974.7389514600
4806 1162622.4825699392
4821 1162835.8237703410
4836 1163744.7295962921
4847 1163772.7335782121
4857 1164046.2027857206
4862 1164110.0113580155
4867 1164464.9222679683
4885 1164978.2753450430
4899 1167072.9388172524
4913 1167930.6498521222
4914 1168489.7227235516
4947 1168721.1702475639
4955 1169147.9443215306
4962 1169869.2579879481
4969 1170147.0569053411
4974 1170749.2551086640
4975 1171120.0734510287
4998 1171410.4084000057
5033 1171488.5917246880
5061 1171669.9672510875
5075 1171810.3306785142
5092 1172328.6423925764
5093 1172698.4486325982
5104 1173171.4849401398
5114 1173300.3389439103
5141 1173827.9753672818
5146 1174241.4417151313
5169 1174668.3174297377
5170 1175430.3944878567
5191 1175901.5306214138
5206 1176189.8220195430
5208 1176208.3766442488
5222 1176687.1468577853
5247 1177397.6477027975
5251 1177563.3360762806
5254 1177604.1698322149
5259 1177825.8081891946
5266 1178137.5112141871
5270 1178877.6576775024
5279 1179590.9040352236
5287 1179879.6547822137
5290 1180310.6392958155
5291 1180905.4196060386
5299 1181133.7669233365
5316 1181427.0839301306
5334 1181552.9831913055
5361 1181623.4832865281
5387 1181755.2424267880
5388 1181806.8148368755
5389 1182194.0128850061
5397 1182814.6371216620
5402 1183777.9845081505
5428 1184096.1714282567
5435 1184569.4014833958
5438 1184677.6435273811
5451 1185309.1995939715
5459 1185801.8654595076
5460 1186998.1064600176
5464 1187303.8419995892
5467 1188257.7818284070
5475 1188595.5322565744
5522 1189512.0659609740
5531 1189835.1046439596
5543 1190251.7438130314
5559 1190283.9831843290
5560 1190369.7846279936
5580 1190430.0851688387
5586 1190588.5370581707
5597 1190813.8502888454
5600 1191639.9948213277
5604 1191867.4665807958
5624 1192848.8497586979
5630 1193743.2830159585
5633 1194429.4372426609
5641 1194458.9778453531
5646 1194779.4245567783
5655 1194863.4551345590
5657 1195364.6577606925
5665 1195972.5901169714
5700 1196406.6606545683
5719 1196900.0532862612
5766 1197530.7714426622
5770 1198084.9657959004
5782 1198582.7647036838
5787 1198867.6588448714
5790 1199166.6160608123
5800 1199254.8204253416
5812 1199695.8148896978
5833 1200344.2389092697
5841 1201536.3153005361
5869 1202111.1578485097
5875 1202323.4072474977
5877 1203161.5165000849
5889 1203644.1004305854
5892 1203953.3034542215
5902 1204248.5547070070
5907 1204573.3249381813
5910 1205098.7214500825
5928 1205193.8794840672
5940 1205200.0201249530
5944 1205649.8291212493
5968 1205751.4264266423
5986 1206615.7779032146
6002 1207148.8236834470
6011 1207558.1525479369
6012 1207949.7965093583
6033 1208247.3700191576
6072 1208561.0530853020
6082 1208576.6959272372
6115 1209694.0890099809
6135 1209855.0210988224
6138 1210027.8262889802
6139 1210028.3102941408
6141 1210628.5269736836
6151 1211607.7526748537
6160 1212159.9260368478
6171 1212344.1586408948
6176 1212513.6804841738
6203 1212514.0747698208
6217 1212935.5586416461
6220 1213045.8754341840
6223 1213576.9522050091
6264 1213716.9461701594
6266 1214058.2776260348
6271 1214558.7455465861
6273 1214648.1081509679
6274 1215193.7080609591
6295 1215290.2208260410
6301 1215771.2628834802
6309 1215788.3200120972
6337 1216283.1829879805
6340 1216400.1782433819
6341 1216798.9914166874
6357 1217778.5849797085
6362 1218721.0246775714
6369 1219228.4314804825
6389 1219388.8836001554
6396 1219459.1103129536
6442 1220017.9949387338
6466 1220815.5260060956
6469 1220922.5088776394
6477 1221115.7626103351
6481 1221789.1358214321
6482 1222096.5958473694
6484 1222129.3668433526
6492 1222622.2296998969
6499 1222990.6669369321
6520 1223161.6568719689
6532 1223183.5068875786
6546 1223570.4485455123
6593 1223701.1010067589
6595 1224197.9618965702
6607 1224896.3862488216
6614 1224909.6702730223
6615 1225059.8121383649
6620 1225147.4533632162
6641 1225371.4739047366
6654 1225552.6137597125
6657 1225776.9588399141
6684 1226634.9977967225
6688 1227099.2521525128
6690 1227368.6157275639
6707 1227671.2533415125
6721 1228204.6377532077
6727 1228742.1447256664
6732 1228916.3779800222
6743 1229281.7271879537
6747 1229299.4502827472
6775 1229847.4454433231
6782 1230506.2019649155
6789 1230932.7875081985
6791 1231248.5897547905
6793 1231435.0610713281
6822 1231996.8492572783
6857 1232174.4700313383
6865 1232247.3940589444
6894 1232747.0776365618
6936 1233454.5060557157
6960 1233726.5641823297
6961 1233915.5778898364
6968 1234335.7920815980
6974 1234831.9078332188
7054 1235523.7126174625
7055 1235557.4713132365
7061 1235708.2243768726
7076 1235721.9755946100
7110 1236335.3121187789
7112 1236377.3994945555
7129 1236603.3804828122
7143 1236808.6338014365
7147 1237704.6839680562
7177 1237764.1101388820
7179 1238407.4266368519
7196 1238617.6332056201
7199 1238732.8178425198
7204 1238835.1419866830
7249 1238988.2587783416
7257 1239203.9086097337
7260 1239614.3322249316
7265 1240356.4970944049
7279 1240627.0450297357
7307 1241171.8453900730
7313 1241950.1428893211
7343 1242044.6445672915
7349 1242769.3019654844
7370 1243444.3405857410
7387 1243513.5567363873
7399 1244313.8362036075
7407 1244341.6240472535
7427 1245051.0291402387
7456 1245287.0223167036
7464 1245619.7388586733
7509 1246379.7429064147
7512 1246600.6097577023
7518 1246720.9607848094
7523 1247245.2410615704
7572 1247303.1394642903
7575 1247569.0722844703
7582 1247639.2260204302
7601 1247712.4525112342
7622 1247861.0071193536
7630 1248042.6977377255
7638 1248828.2855797231
7651 1249507.4618083802
7683 1249758.9156007764
7703 1250487.8163698260
7729 1250823.2904373540
7737 1250860.2865967324
7749 1251087.1224093214
7762 1251770.8003458241
7802 1251982.2526191836
7822 1252843.1553132941
7824 1252929.9764486311
7860 1253181.7230020352
7868 1253458.6565811764
7873 1253897.9521763381
7883 1254004.1877411469
7940 1254109.4885459635
7955 1254466.5342358672
7965 1254700.0165913263
7980 1255134.7532697760
8006 1255840.7681147743
8014 1256021.1000852895
8017 1256105.0493181834
8019 1256472.9755494508
8039 1256534.0733957207
8048 1257488.4007610960
8054 1257765.9001770231
8058 1257857.2911949302
8063 1258392.4442925716
8092 1258799.2099859128
8094 1259402.2047489844
8160 1259655.5020131771
8211 1260626.1576636110
8213 1260955.2642984595
8222 1261880.2419486351
8246 1262518.8316283841
8261 1262666.8090428491
8270 1263080.1338663672
8273 1263956.3291757908
8277 1264066.3329373959
8289 1265018.0457228490
8311 1265219.0532650899
8316 1265428.5954001227
8322 1265439.4213153496
8343 1265509.4561516833
8353 1266426.7090382755
8379 1266543.2879562727
8383 1266872.8834608367
8393 1266983.5597090230
8424 1267347.4285378724
8431 1267956.8686646612
8432 1268563.3994651234
8451 1268563.5322464390
8476 1269494.2822211259
8477 1270039.8387331993
8490 1270248.4929272793
8500 1270905.7124030581
8530 1271316.1795781455
8547 1271508.0259170099
8550 1272150.9823943281
8572 1272507.6126338351
8642 1272973.9811707176
8654 1273008.0831656419
8657 1273246.7767599318
8658 1273502.5075141769
8665 1273520.6233018790
8668 1273556.5685636119
8688 1273829.7684858642
8697 1274241.8290766194
8699 1274583.6501108953
8750 1274587.7187201949
8751 1275270.8626242934
8758 1275451.2517339883
8774 1275457.4360125514
8801 1275529.3374447746
8803 1275581.2893291970
8809 1276253.1427624784
8815 1276442.7281543610
8837 1276510.5973297567
8878 1276629.6253949839
8882 1277059.6844481200
8889 1277247.8919125928
8927 1277638.1689631948
8929 1278393.2617648377
8944 1278968.8272372650
8951 1279136.7521335948
8955 1279881.6892246532
8969 1280044.7597028248
8995 1280410.7545502395
9043 1280879.5664937689
9052 1281098.0712661948
9056 1281393.9164623222
9058 1281478.6212701437
9099 1281950.4107470028
9150 1282005.7054117122
9167 1282129.0258054240
9170 1282549.8954157010
9194 1282696.5875865296
9216 1283034.5712869826
9227 1283566.2811087875
9231 1283921.3039608176
9232 1284535.1677983203
9234 1284564.9553675139
9272 1284609.8742401693
9296 1285210.4347537337
9319 1285852.9823721054
9357 1285941.3848432491
9358 1286370.6547101201
9371 1286372.4793168951
9415 1286632.3304540149
9449 1286762.9387601337
9458 1287222.6170842636
9508 1287268.8750876656
9517 1287439.8357093416
9540 1287672.7975434272
9545 1288111.5049856827
9548 1288212.4176074103
9549 1288442.7686189662
9570 1289301.6105374021
9583 1290032.5794915729
9614 1290249.5085997672
9626 1290421.7789183357
9640 1290791.0410826805
9691 1290793.4922884249
9696 1290881.2793961563
9697 1291080.4786808568
9721 1291158.5604592576
9756 1291258.9468187692
9765 1291374.6847128817
9773 1292066.7081656186
9786 1292632.3211638932
9792 1293015.2141540081
9808 1293329.7538170249
9835 1293443.2024956204
9851 1293443.4236495618
9885 1293514.2705161774
9917 1293583.9708405205
9966 1293771.3549001778
10001 1294408.7820215903
evaluations raw_y
1 677740.5033132171
2 678550.1390776174
3 679220.8010827207
4 679661.3688280077
6 679829.1666632316
10 680464.9477733569
12 680890.0491660830
19 681461.4840051082
21 682088.5325014947
26 682340.9736485194
29 683263.8411238943
30 684775.3615323345
31 685655.7827707778
32 685742.3806582993
34 686452.8022213595
38 687131.5682968007
40 687352.8854717439
41 687407.6808246353
43 688028.8941325019
50 688555.1207165918
51 688932.9896933599
56 688945.8095227788
62 690479.4707421868
67 691337.0876206616
70 692327.8037722334
71 693085.9098361109
73 693090.7169440888
77 693708.0962267108
78 694443.2924789129
82 695328.8490249201
83 696129.1568513960
84 696192.1155317762
86 696371.8067257962
89 696464.1310874473
90 697433.0292137737
96 697479.0479663587
97 698197.0257884125
98 698426.6372093207
99 698766.0831662938
100 699697.1086589793
106 700558.4713678972
115 700852.8766432278
120 700956.7760822278
125 701105.5667523906
127 701163.0754823167
129 702312.5090456243
130 702896.3887613137
131 703370.5559341135
133 704190.5805656307
135 704642.2711243432
144 704981.4059982495
146 705340.7583092639
150 706626.6238692262
153 707364.5813169573
155 707526.3244903915
161 707728.7498907150
172 708239.0910538374
181 708329.6262378918
185 708982.2441900838
187 709907.1015725612
191 710139.2592024709
201 711070.1485408464
202 711510.6855531835
204 712340.6561945969
209 714010.7879325151
216 714516.9150827951
223 715030.9756687365
235 715639.8360646724
242 715932.3173141365
245 716603.0114539701
248 716657.7758097766
249 718555.2656242222
250 719055.2522775733
253 719665.2305199462
255 720153.8430055107
256 720682.9327089248
257 721070.0858108319
260 721970.4534237765
268 722935.6084199124
272 722939.6499134691
273 724087.4934245393
282 724146.8101052649
290 724741.1940362094
295 724760.0857141886
296 725200.4850853495
300 725316.4015085464
301 725352.0658896781
302 725791.9874493169
303 726217.5631089960
307 726343.8211401295
315 727004.2338247367
321 727690.4510567895
324 727813.4016239729
331 728400.5812319488
332 728572.3899393418
333 729412.2645237580
334 729634.2064588885
335 730009.3790453920
336 731437.6345641814
338 731603.3917716502
339 733382.3036950098
340 734333.9292634436
347 734447.0162056290
353 735247.2026822794
355 735510.5786313213
356 736037.0349826531
362 736968.9843898644
367 737837.3318769988
371 738153.3039576940
373 738525.1962691202
378 739352.9964601228
379 740740.3306405229
383 741320.4373961361
385 741829.5307794635
391 742054.3935310325
393 742714.1981049941
395 742856.2750134879
397 744270.2897946548
403 744749.0557750240
406 744989.1918481215
407 745295.4111078923
408 745680.2636066582
409 745829.7177323310
413 745943.8528281889
415 747548.8456881938
419 748424.4175829684
422 748437.2850209720
425 748600.7641454027
428 749890.9826807179
430 749955.2614628796
432 750023.2521691947
434 750903.7763204745
438 751663.0681480003
440 751856.9104721163
442 752083.0783269452
443 752641.5689334980
446 753301.0420772672
448 753462.7753277608
449 753817.0830873495
450 754265.8922069576
461 755133.0472797289
462 755273.9188326008
467 756061.5112621518
469 756645.1858541522
473 756868.6723582270
475 757009.5376670148
476 758079.1751962245
479 758956.1376227865
482 759142.3330344338
484 759993.2639141378
492 760273.5260868546
493 760409.7367020297
494 761865.9274591166
495 762365.9345501215
502 762830.6824815209
505 763765.1448671441
512 764724.9918847972
518 765677.1540682698
519 766516.1868795682
520 767295.5528830971
526 767405.5853293238
527 767624.3561264555
528 768552.3334360449
530 768889.1022637908
542 769430.5998797736
544 770380.1670135256
546 770467.5354260501
556 770628.9524570316
564 770948.9391120328
570 771581.9147577527
571 772346.8578096352
572 773308.0740062814
573 773821.0645129998
578 774498.5012774559
579 774625.6112004042
580 774754.0452731278
581 775355.4934876263
585 776815.8432932020
595 778008.7243819686
601 778476.6634937534
608 779280.9415174898
616 779994.3594437934
617 780068.7860472926
619 780170.2932423847
620 781026.2959478144
623 781462.6518491876
626 781539.1587825185
629 782082.5780770400
630 782684.2967379966
636 784939.1920882409
637 785679.9723117327
638 785741.3364396857
640 786281.8749010285
641 786472.4678665117
642 786976.8560206440
646 787811.3487451720
647 787812.1008720015
649 788135.8162851721
652 788835.6111122490
655 788896.2364754176
658 789082.2110328209
662 789966.9092445379
664 790260.1198191989
671 791460.5611445903
682 793048.1025109664
683 793262.0230562870
684 793344.1474558621
685 793854.0609037738
686 794542.8558747948
690 794629.7163351830
695 795145.5050152643
702 795468.8729347592
703 795848.5043759455
704 796678.5922937288
705 796883.6340537912
709 797473.6339559008
711 798202.2999971069
716 798338.3625786534
721 799601.8628975520
723 800175.6439401018
727 801599.2470288656
731 801818.1943868006
736 802595.9173535228
740 802690.8452414814
748 803036.1460823194
749 803771.3310371832
758 804765.2773431904
763 805560.5310435545
766 805711.4032646617
769 806104.9323637773
773 806106.0310215590
776 806289.5794409217
781 806796.1746008712
783 807793.8533610363
789 808492.7445295686
791 809854.7276399746
793 809900.6725831624
798 810605.4634809376
804 811507.3334036070
809 811666.3081909902
810 812405.4137029310
839 812408.0366445907
840 812804.3824281368
841 814030.0884421343
842 814101.0149505641
845 814493.5220688033
846 814508.0767273972
851 815101.6175453169
871 815588.3928084282
874 816433.4205016466
876 817496.9987157517
888 818457.8558043719
893 819449.4124958597
895 819719.3852700531
898 820452.0287694334
900 820693.5294012094
902 821189.4973433276
903 821342.3549810387
905 822011.3240215250
914 822085.5932938824
918 822498.6794064105
920 823667.8538867130
923 823830.9778408014
925 824662.6115063403
928 824729.9516928681
931 825586.5955309331
932 825728.7548064260
933 826647.7805427125
934 827193.7498641668
936 827793.7581705808
940 827794.4826726299
945 828180.3353538932
947 828365.7971934268
948 828883.5481673756
949 829502.6721477830
950 829532.3150211994
963 830375.6585426488
967 830526.2210862386
970 831526.0915437087
971 831932.1096820851
978 832110.0039792958
986 833097.6314167655
988 833121.5824498965
990 833509.7340096611
991 833531.4970422318
992 833974.1373070253
994 834465.2789812181
995 835053.9077370038
1002 835766.3270697341
1013 835894.9387908392
1017 836332.2075121448
1025 836919.5981143877
1036 837108.4663478466
1042 837774.8031749956
1043 838758.2972634214
1050 838961.8755058062
1052 839624.8507946391
1059 839661.4387056543
1060 839679.7643243527
1061 840587.0763398475
1062 840592.0864755912
1063 841500.8688287255
1080 842110.9095559393
1082 842751.3485538459
1086 842876.9036490596
1089 843556.7284823644
1092 843638.9642342645
1100 844009.4238725638
1103 845198.4508761071
1112 845614.6026335876
1117 846302.9791062482
1122 846909.5632117987
1123 847141.5470884643
1129 847443.7912154139
1140 847982.5392367342
1141 848618.8141753195
1151 848932.4324694808
1153 849535.5006760362
1158 849970.2797525304
1161 850980.9508588755
1172 851834.8794017391
1177 852258.3962505125
1184 852644.2650068064
1191 853304.7231171452
1202 853979.7540167015
1203 854513.2604761405
1207 855501.2983317055
1209 856095.6123709070
1212 856105.5669664933
1214 856276.7887420544
1215 857224.8519371178
1218 858889.6590795072
1222 859248.8587217829
1227 859935.2867944994
1228 860684.2138416475
1229 861017.3285562228
1230 861089.8824035894
1231 861114.8652202777
1232 861956.9552578751
1233 862947.2958726113
1236 863647.9500188939
1239 864083.9431974781
1241 864639.0139558725
1245 864833.2918232701
1246 865633.2498648828
1248 866528.4084043292
1252 866938.1919117838
1260 867214.4443474449
1262 868368.1898564915
1264 868780.3719143593
1274 869088.7785520497
1276 869243.2232821442
1279 869349.7964229082
1280 870145.0155839736
1282 870391.7274433301
1286 871042.7511701518
1288 871734.5716340736
1295 872724.7320490081
1301 873466.2548522545
1305 873726.7845450894
1312 873778.7801411679
1314 873937.2228407757
1315 873944.4244504827
1319 874350.9242313450
1322 875226.6818477606
1323 875857.3713095461
1324 876001.8112592291
1326 876153.7028516616
1327 876374.6027712134
1332 876451.3038240423
1342 877003.9053587771
1346 877805.6680934865
1349 878220.0269271572
1353 878626.3817467112
1357 879408.9540246392
1361 879935.8996946946
1363 880134.3420301900
1368 880979.3717126418
1372 881448.9644987496
1378 881489.7070529461
1381 881866.6980281945
1383 882648.2096714345
1385 884509.4651229362
1391 885378.9945559312
1395 885954.7036823353
1396 886072.5963033779
1404 886282.8588204467
1407 886285.1600874978
1410 886932.7319211706
1414 887031.9309885518
1415 887680.0310283528
1416 888598.8690821532
1420 889363.1291215572
1421 890109.0860747831
1422 891106.1728011203
1437 891280.2946951305
1439 891331.2365578263
1449 891741.6300571228
1455 892576.0493666902
1460 892955.1981273756
1461 893557.1687719213
1463 893726.5993051720
1473 894024.6945473314
1478 894807.3406471484
1480 895672.3508348158
1488 895673.5269206346
1502 896048.4960982744
1506 896885.9966929450
1507 897481.7239813763
1509 897974.3598582274
1510 898092.0795268465
1514 898275.7328399360
1518 898288.2998468978
1519 899333.7469367770
1525 899653.6733257829
1527 899921.2088932062
1531 900048.7987610277
1540 901652.2975953865
1542 901911.9887886969
1551 902305.5091013545
1560 902434.2935302792
1562 902976.8851871679
1563 903433.7475949373
1565 903645.4525058330
1572 904442.8424877390
1573 905240.3378401872
1577 905464.0538416565
1584 905647.0899543784
1586 906337.2116629620
1596 907058.7927094862
1606 907378.5046336829
1608 908285.3652745383
1609 908934.2884573176
1611 910103.6502308159
1614 910464.4392161773
1634 911116.2439798801
1639 911544.7983333450
1641 912178.5387775013
1642 912652.3190830161
1645 913612.5188941964
1651 913753.3704422397
1658 914228.2510246079
1661 916120.5156690002
1675 916699.4464575712
1676 917289.0613030180
1680 917704.8179906110
1685 917919.7220903664
1687 918052.3185476641
1689 918986.2377637416
1691 919616.4180537391
1696 919651.2326350770
1698 920424.5458429289
1702 920599.3271992727
1704 921187.9209955236
1707 921426.5500982065
1708 922183.3245585904
1710 922627.0890853975
1722 922654.1169207674
1723 923002.8485441505
1726 923575.9268506962
1736 923813.8871425395
1737 924261.5397131159
1739 924894.9091652313
1743 925119.2682972008
1749 925806.1632970826
1750 925921.8610809876
1752 925977.6662263515
1761 926960.6129063633
1765 927842.2073561954
1766 928652.7889067613
1767 928843.3779076281
1769 928898.9908108908
1776 928954.5576671247
1781 929421.1377486481
1796 929667.7179044865
1808 930256.4761726186
1810 931150.9045674251
1813 931800.1088991264
1824 932043.5652338297
1830 932189.8671990040
1832 932455.8920657012
1835 932812.1806275566
1836 933111.8053735559
1843 934533.4678956729
1848 934633.4419561049
1849 935541.0702756183
1851 936189.6577216032
1853 938551.1679896060
1856 938602.4064802289
1871 938829.0688943666
1873 939858.2487834053
1874 940474.5583239030
1879 940508.6152643535
1881 941094.3396382912
1888 941203.7688699500
1892 941294.4309687073
1893 942224.3011328843
1898 942637.8273312401
1899 942645.6885469673
1901 943571.4196618734
1905 943625.9983045213
1910 943718.1060161387
1913 943866.4040360280
1914 943990.9250719710
1916 944224.7401991059
1926 944268.7424721884
1927 944811.8980440960
1931 944880.5192496403
1937 945172.0511900296
1939 945783.5801192673
1940 946846.3203302275
1944 947730.6538664167
1947 948264.2255712112
1948 948569.7271522359
1952 949246.9416924783
1954 950247.2121962253
1958 950682.3559345816
1979 951470.9258424824
1982 951740.9229011257
1989 952351.6282385868
1990 952877.3470145465
1998 953916.0920935599
2010 954427.3349493459
2011 954541.9767983301
2015 955282.5702385914
2016 955471.9929913968
2022 955707.6021177237
2035 955914.3342413871
2038 957134.3278166413
2042 957274.8532178050
2043 958168.2613237558
2050 958267.8345137205
2053 959226.8674555102
2055 959991.6602756137
2060 960066.7836193180
2078 960637.2754677190
2088 960888.3530846908
2093 961597.6773652689
2097 961801.4603620988
2101 962661.9944018148
2106 963642.5716581900
2108 964057.4588419986
2112 965279.2328945632
2120 965411.5410130096
2123 965421.4608672475
2130 966142.4874324062
2134 966985.1231245293
2136 967094.7946790060
2146 967933.5567626657
2148 968267.8225261428
2151 969039.1426761387
2152 969642.8478070113
2158 969930.5512181881
2160 970331.3661628965
2165 971002.8616475533
2177 971574.4694300385
2186 971575.5083341307
2188 971689.4018651424
2197 971700.2107645605
2201 973979.8037990419
2206 974947.5737160130
2208 975036.8747142624
2210 975508.1480960206
2215 975569.2386589240
2217 976518.6840584099
2220 976560.5631625715
2231 977074.2421802885
2234 977827.2415415857
2236 977981.2407394770
2237 978045.0757082971
2238 978108.3988488270
2241 978110.1506433189
2251 979481.9670114847
2257 980353.5705957745
2260 981283.3718655030
2263 981823.1410211881
2266 981841.8966738874
2267 982342.5394676785
2277 982535.9292952173
2283 982842.7356457138
2292 982847.2421293519
2299 982971.7326471544
2311 983489.4764688170
2315 985646.2687357970
2323 986295.6655231081
2324 986581.5366226505
2325 986952.8461245768
2335 987068.7114360367
2341 987688.6470696840
2345 988260.0188633297
2353 988472.9074888601
2367 988787.0654087256
2375 989367.8810048535
2377 989911.6451434518
2380 990550.6804061794
2385 990687.4991556980
2390 991491.9485558547
2397 992140.6445686675
2400 993132.7816154930
2407 993493.1059271614
2408 994000.2790192553
2412 994138.8034994581
2413 994407.0304895220
2442 995270.2734016066
2443 995736.1629983722
2444 996082.8331414261
2456 996230.6151195691
2457 996450.1686649637
2458 997715.4039543041
2469 998139.2552491896
2480 998178.4165482357
2486 998805.3396709735
2490 999301.9460780132
2491 999963.6136533021
2509 1000512.0582063813
2516 1001175.1521353193
2519 1001264.1083329811
2524 1002044.4119375220
2532 1003524.9475447820
2533 1003535.8232795395
2536 1003918.0473063838
2542 1004377.9297925640
2559 1004766.3827832000
2561 1005436.2522574968
2562 1005818.3525947016
2567 1006253.1485109890
2573 1006489.2078865338
2586 1007002.6249590530
2587 1007819.8385160362
2593 1007972.9528265813
2596 1008735.3300092440
2597 1009374.7594957323
2600 1009713.2782755295
2605 1010467.5644337041
2611 1010724.1844353356
2628 1010987.6412808029
2633 1011227.6574839590
2634 1012362.3386839826
2635 1012759.1401373162
2636 1013164.1804398362
2646 1013456.6481106124
2657 1013656.6091605179
2669 1013841.2512835035
2671 1014267.0539767250
2675 1014422.9021977100
2678 1014631.2511727558
2679 1014872.3787730894
2684 1015697.8411349158
2687 1016070.3532557130
2691 1016345.7062505680
2692 1016452.8782619481
2696 1016492.7682738517
2698 1017837.2662843463
2699 1018535.8741885787
2704 1019209.1706371699
2711 1019271.9026572416
2713 1019412.6415399840
2714 1019571.1331725274
2728 1020880.5690964626
2737 1021672.3678063793
2739 1022340.2006050850
2742 1023094.5064538289
2744 1023716.3605254509
2751 1024549.9545319225
2755 1024716.5734756677
2757 1024941.5161351883
2762 1025828.2513391585
2763 1026798.0113802775
2768 1027013.1839431096
2777 1027104.8997083162
2786 1027987.8892834120
2823 1028835.9441171163
2825 1028875.6893058638
2827 1030532.6828881667
2834 1030888.6206216464
2840 1031779.0881297993
2841 1032389.5591505527
2852 1032959.3905715174
2859 1033114.8313993830
2869 1033984.8766219625
2870 1034931.1244968874
2872 1035165.1193892685
2876 1035402.3503226055
2882 1036396.0227646830
2886 1037340.4786638678
2890 1037488.3457691651
2893 1037674.6779536612
2894 1037678.0768903358
2900 1038051.9567629218
2912 1038276.3357642198
2930 1038506.1301318847
2933 1038814.5564624098
2942 1039322.1897671708
2944 1039492.0767690553
2947 1039761.7063608301
2949 1040377.6465720538
2952 1040992.5536734287
2956 1041283.4253616657
2964 1041470.6850377374
2973 1042236.9577316974
2974 1043007.7624369301
2977 1043095.5779811860
2978 1043962.1609121595
2981 1044069.4079157369
2991 1044541.7023165828
3004 1046107.9409500749
3011 1046440.5379397706
3018 1047133.8873489136
3029 1047134.7660413565
3035 1047248.2824219790
3052 1047364.2912254712
3062 1047861.1683409964
3065 1048787.8375913105
3066 1049590.9045244702
3073 1050084.7840416979
3074 1050921.8446648701
3082 1050930.7113458568
3090 1051786.7199032078
3091 1052119.3867317429
3095 1053018.6305505077
3096 1053881.9145823971
3097 1054646.7381874213
3106 1054938.2459168385
3109 1055259.4136902962
3127 1055386.0687961658
3131 1055556.2320502480
3136 1056198.7097088837
3139 1056899.4642310021
3143 1057735.3730735832
3177 1057770.1105727507
3188 1058081.1363511574
3192 1058611.4590229860
3195 1058692.5000791415
3215 1058902.3292562766
3221 1059457.6718593612
3231 1059931.2969337476
3235 1060187.0235533698
3239 1060806.6489346172
3244 1061055.0840951970
3251 1061172.6938564717
3252 1061582.7193374981
3272 1061924.9511283331
3277 1062722.5847843320
3282 1063008.5916164264
3292 1063623.1968660238
3294 1064388.1725948409
3302 1065248.3572170511
3305 1065789.6921784128
3309 1066273.4280829425
3313 1066589.2121243966
3318 1067548.5604678956
3323 1068313.7268579267
3329 1068747.3751333049
3331 1070373.0041932205
3340 1071143.4379133233
3349 1072179.3549645497
3354 1072496.1430632912
3359 1073094.0616345662
3380 1074011.9198511550
3384 1074123.3948052234
3388 1074127.5123527558
3393 1074802.4486517082
3397 1075990.9614946756
3400 1076002.8962087678
3402 1076336.2105112001
3408 1076957.7463718471
3410 1077414.4753866263
3416 1077415.5931767470
3417 1077895.3142746154
3420 1078125.3664519135
3427 1078872.2078474781
3436 1078944.8684683249
3440 1080865.4675757377
3446 1081441.5007444748
3450 1082417.5452898382
3463 1082439.6690798246
3476 1082718.3451063375
3490 1083094.1090779533
3506 1083795.8683303576
3511 1084649.3150400510
3513 1084830.8959159765
3514 1085617.8545041627
3517 1085693.2848355491
3518 1085848.7397961866
3530 1086114.2409716435
3531 1086437.8521699514
3537 1086578.3692221474
3540 1086703.8729159972
3547 1087392.6074046297
3552 1088116.8983720234
3553 1088604.3900370619
3564 1088727.9965591831
3565 1089087.2732217691
3567 1089102.8687561941
3571 1089120.5643339211
3576 1089160.1465734639
3597 1089362.3742507885
3599 1090230.2694868695
3608 1090977.5635368715
3613 1091090.3070501036
3619 1092020.0924739134
3621 1092612.4051400772
3622 1092646.6055396432
3627 1092790.6291287460
3630 1093237.7276867314
3642 1093831.8509267159
3643 1094066.6726202497
3654 1094195.9507626311
3662 1094601.8857198197
3666 1095041.9323924009
3674 1095870.8272766224
3678 1096161.5307091707
3682 1096475.4801785271
3685 1096839.1655092565
3688 1097784.3734776138
3689 1097813.3944789537
3695 1098154.9793335188
3710 1098637.5355220018
3715 1099438.6510510906
3741 1099807.1164226437
3743 1100776.8860741574
3754 1100832.8856757530
3765 1101729.6096994032
3771 1102864.9429994649
3772 1103601.6563182338
3776 1103880.0592373637
3818 1104170.1072825016
3830 1104412.6183028955
3840 1104698.3349973238
3844 1104866.3383829088
3850 1105064.2236585028
3861 1105327.0002323622
3862 1105490.9620335461
3887 1105847.8541036656
3895 1107333.0445681054
3910 1107676.8049717417
3932 1108395.6215601258
3938 1109336.0369365008
3943 1109440.5628050056
3944 1109757.0089226363
3954 1110529.7742106128
3955 1110797.4318285850
3960 1111744.2555110843
3968 1111903.1275858781
3993 1112332.4385914486
4001 1112419.7381697169
4009 1112933.2939138156
4018 1113076.7285561091
4046 1113264.3344225944
4048 1113752.8341839358
4050 1114374.8609002100
4051 1114777.0385488837
4053 1115767.3119368760
4058 1115931.4413085997
4060 1116169.2013001440
4061 1116547.9341107598
4077 1116548.3917383461
4080 1116845.1239960182
4081 1116891.6478010658
4087 1117541.7170452597
4110 1118474.3096206780
4112 1118965.5680154539
4122 1119071.4622386270
4124 1119407.0210104936
4150 1119645.1684004883
4159 1119735.3621971295
4161 1119766.2672399459
4196 1120155.7644328875
4210 1120186.7100409248
4226 1120470.7511994585
4235 1121217.4607066107
4242 1121755.8431675895
4246 1122022.3927191827
4253 1123134.3184830355
4254 1123537.2306218978
4263 1123748.1869956495
4264 1123988.9546168682
4267 1124308.7520042229
4277 1124864.8613553622
4280 1125086.6737591743
4293 1125700.5018555315
4299 1125753.3701941769
4319 1126113.3341446216
4325 1126391.8441038064
4330 1127112.4008453181
4337 1127570.0495426173
4349 1128464.3505601820
4355 1128637.5038957405
4359 1128793.9438664354
4371 1129405.4933244693
4377 1129822.1495589954
4382 1130565.0875937289
4385 1130804.2939823554
4394 1130971.2930950387
4404 1131198.1879847504
4411 1132089.0385244347
4417 1132749.8495856342
4438 1132944.2956499194
4439 1133551.5261689799
4459 1134279.2206432107
4460 1134321.4415030566
4468 1135155.9909845409
4471 1135396.3335266067
4473 1135875.0654550162
4478 1136375.9804726751
4482 1137096.6745931262
4483 1138405.4662807640
4484 1138514.1328767610
4490 1138957.5008823390
4496 1139561.1872276696
4499 1140163.4854845181
4501 1140800.4806916651
4504 1141286.0892731308
4508 1141294.3776272105
4514 1141952.1336396085
4547 1142124.4172862701
4551 1142902.7299296681
4557 1143886.2146028711
4562 1144627.0589398025
4565 1144808.9629795302
4587 1145138.5213974460
4592 1145305.3849705271
4598 1145955.7452151051
4602 1147237.1490047371
4608 1147660.0923115211
4617 1148165.6692352593
4619 1148296.0564648269
4623 1148834.5180693432
4625 1149352.7939675457
4630 1150101.6850998057
4632 1150194.1844126349
4637 1150609.2382314994
4638 1150642.3603849537
4639 1150755.0843733069
4655 1150971.6840419597
4656 1151416.5840481902
4659 1152068.5140305033
4688 1152731.8938519545
4711 1152732.6904149104
4737 1153630.4408499487
4747 1154160.6539548701
4752 1154269.9512057360
4768 1155197.6594290680
4770 1155482.0321682002
4774 1156485.1648436463
4785 1156933.2268905037
4790 1157706.9063053390
4800 1157865.2942826992
4801 1158343.6973472813
4803 1158455.4059233181
4805 1158990.8437803260
4807 1159268.3292600582
4816 1159461.4704707209
4819 1160247.5162060512
4822 1160700.2675546720
4838 1160748.2303013501
4869 1161035.8107640320
4879 1161197.5368091669
4891 1161665.0763964492
4901 1161995.8345078609
4902 1162113.7336404910
4906 1162804.0450429544
4927 1163251.8332562242
4929 1163286.7621742547
4952 1163949.6106677554
4960 1164281.2539222599
4970 1164682.5681546645
4976 1165257.4586803364
4985 1166113.5613875997
4986 1166521.0574622615
4999 1167172.0706909918
5004 1167176.0163414394
5007 1167364.2097718469
5029 1167516.0489802156
5033 1167638.8131520776
5035 1167882.6930754399
5040 1167990.2101803906
5046 1168676.8953714548
5052 1169628.3352945626
5055 1170077.9249902859
5066 1170081.6435702913
5076 1170229.7071657595
5084 1170484.7454338295
5103 1170983.3809777221
5111 1171100.6709548542
5120 1171454.4537546926
5126 1171700.3902933334
5132 1171972.5013924064
5133 1172232.6290691749
5136 1172369.5675194659
5140 1172540.9351080162
5143 1172884.3170126087
5145 1172884.9945579488
5157 1173144.9975149301
5170 1173378.8154899061
5197 1173503.8961579986
5206 1174151.4022574627
5207 1175031.8725852519
5221 1175351.1783523888
5237 1176190.1847362800
5243 1176846.4378537547
5293 1177615.8124881180
5300 1178008.6351937717
5304 1178303.1491090301
5312 1178358.5280738550
5316 1178958.0024208033
5319 1179650.6234960537
5335 1179770.7134677216
5359 1180194.3791933453
5360 1180536.7004178124
5366 1181239.8470120337
5370 1181854.6387783170
5376 1182751.3444971072
5377 1183005.1022623258
5380 1183181.6842302608
5391 1183547.2025150368
5394 1183831.8414749219
5402 1184722.0471137944
5420 1184936.8409481216
5421 1185310.3160553838
5446 1185325.9298921640
5457 1185783.5265136366
5462 1185822.2936468553
5490 1186089.8539506963
5491 1186162.7150894294
5492 1186598.4294377423
5497 1186832.7635422845
5503 1187442.1960773061
5509 1187561.6134170222
5522 1187772.1053507295
5525 1188661.3525535865
5534 1189102.6460162443
5536 1189846.8673978401
5537 1190052.1524392734
5559 1190420.2666493820
5566 1190482.9354031747
5571 1190915.2570315967
5592 1191246.8825645964
5602 1191250.9537569892
5606 1191462.7818088105
5613 1191794.8831612652
5623 1192127.1802967619
5663 1192774.3246113097
5673 1192916.1221367344
5684 1193227.9975605349
5685 1193331.8722956048
5699 1193468.8399006517
5720 1193796.3157735101
5723 1193867.5911259053
5735 1194150.7265682945
5736 1194439.6255791471
5738 1195057.9321632120
5750 1195177.1957086488
5763 1195517.5496218370
5786 1196031.9750442165
5793 1196135.2020151617
5796 1196678.4301237278
5815 1196708.1244448342
5838 1196773.5964272146
5844 1196940.0146373778
5857 1197156.7576153507
5863 1197787.8225436001
5864 1197870.3318027181
5875 1198580.5885360597
5878 1198689.8381283886
5880 1198720.4030250427
5895 1198911.4930759850
5907 1199348.0975022435
5914 1199911.9917631680
5922 1199945.6893351637
5931 1200547.5328844727
5938 1200574.9864791832
5944 1201114.8249585223
5945 1201158.0960067415
5957 1201322.5134417170
5985 1201508.2859986476
6000 1201917.0608550815
6005 1202761.9831843092
6012 1203372.0562110103
6044 1203455.2315585513
6055 1203795.4831183469
6063 1203841.4159633480
6073 1204365.4453979910
6112 1204856.2426421726
6113 1206038.2073997655
6119 1206448.5497890052
6124 1206792.5661046291
6125 1207559.3612206390
6152 1208258.7648094655
6169 1208407.2028891493
6172 1209215.0296760900
6178 1209459.8282009035
6199 1210002.3838959944
6207 1210377.7336386188
6212 1211137.7170583834
6215 1211482.5162945045
6219 1212327.9941826731
6247 1212685.0279397639
6251 1212858.4088330457
6255 1213117.5857007008
6257 1213170.4509286294
6262 1213962.0484361025
6290 1214277.3246742224
6300 1214459.9825615394
6313 1215319.1423319525
6339 1216215.5350705641
6346 1216298.1493411872
6349 1217111.4935775197
6367 1217683.2863069233
6376 1218258.7260750406
6383 1218667.5682381063
6386 1218776.1823156544
6410 1218987.6254037924
6423 1219136.3354227205
6458 1219559.3713844763
6467 1219632.8879004361
6484 1219910.2511924938
6486 1220174.9656296214
6507 1220855.0771446307
6521 1221033.9041735553
6545 1221475.4354365391
6566 1221730.3286030842
6581 1222541.9743538862
6596 1222753.9104590751
6607 1222832.9014794840
6608 1223240.0024883153
6626 1224229.8748526366
6638 1224392.7157607696
6644 1224588.2883904641
6651 1224703.5270037849
6656 1224842.5418638401
6670 1225506.2156214213
6684 1225643.8187853757
6685 1226350.6137936607
6695 1227209.0710258053
6703 1227278.2514387812
6726 1227726.8600935426
6745 1228538.7743877275
6791 1228648.5116539430
6794 1229228.2442178105
6802 1229242.0385175105
6810 1229280.8947004157
6820 1229583.2766893993
6827 1230107.0295919369
6847 1230119.5644174723
6883 1231059.4137584229
6896 1231768.8616740422
6910 1232089.0831287401
6919 1232283.2679143490
6936 1233095.0079562052
6937 1233940.9209561208
6941 1233946.0586854301
6942 1233958.0549165930
6956 1234178.0057689673
6966 1234263.1608776457
6985 1234618.5459179382
7006 1234721.0757675366
7007 1235561.8862566510
7018 1236353.6906977892
7028 1236777.2869604852
7038 1237290.2461433865
7056 1238047.4137920965
7076 1239076.1836524997
7092 1239247.3527091320
7119 1239326.5078529178
7164 1239406.1771739507
7199 1239521.3017069187
7202 1240256.0513019445
7210 1240942.9237925613
7233 1241146.1584148065
7241 1241177.3689612246
7257 1241382.0876906116
7261 1241493.5040410555
7270 1241693.1164333848
7271 1242245.6594289246
7309 1243161.2491279775
7324 1243706.9123171100
7344 1243742.3915120987
7359 1244084.6449583289
7362 1244331.8737447252
7387 1244524.4406715594
7396 1244990.1355207495
7400 1245151.7514418000
7404 1245215.3021240691
7407 1245667.2279336853
7409 1245705.9177359694
7418 1246805.1322993098
7421 1246966.1888954346
7451 1247011.0409070954
7460 1247644.0938434773
7474 1247674.4679093964
7478 1248094.1764210016
7486 1248253.2924909114
7492 1248448.4948728322
7500 1248703.6531817587
7536 1248982.7474672860
7552 1249386.7208396464
7556 1249530.2817156878
7557 1249658.2528084540
7569 1250323.1693411651
7572 1250383.9282553296
7589 1250472.1081457140
7621 1251303.8648274334
7692 1252247.5057599398
7745 1252377.3112351859
7763 1253299.7215593900
7780 1253696.7225920248
7788 1254252.4560517357
7796 1254360.3274042562
7798 1254396.5556162829
7811 1254812.5070517517
7851 1255649.1939837302
7863 1255691.2533876956
7864 1255761.0155513373
7908 1255958.0840894280
7931 1256409.8263530771
7940 1256719.7065940229
7962 1256818.4393443293
7984 1257410.4610348456
7992 1257451.3441945738
8004 1257810.1382722349
8015 1257946.5229951057
8019 1258259.3161152697
8025 1259065.4055135795
8027 1259350.0556615370
8046 1259547.7527926527
8069 1259782.3846620650
8095 1260537.4379171962
8111 1261183.0940521483
8112 1262094.2899123284
8149 1262475.3865426278
8155 1262690.5135618870
8162 1263620.6000571782
8205 1264088.1777381301
8217 1264435.5475965084
8256 1265401.3994013616
8308 1265668.4603674798
8329 1265791.6770520741
8330 1265890.9805967337
8338 1265958.8523690319
8410 1266873.1540520312
8420 1267157.7016059458
8443 1267294.3323238222
8467 1267726.0348753859
8477 1267912.4374107788
8540 1268033.0198136165
8553 1268581.0948958497
8557 1269251.5522711419
8562 1269431.1528266266
8606 1269929.4240484289
8655 1269932.2480104431
8666 1270138.4417798016
8673 1270298.2246554350
8674 1270681.0618018103
8675 1271089.5541295267
8678 1271935.1290906470
8722 1272254.1512844309
8728 1272621.6323441349
8730 1272728.9682564661
8748 1273503.8287686831
8755 1273845.6921199001
8764 1274617.1015038234
8780 1275586.7851799047
8790 1275588.1908540735
8808 1275870.6076262933
8819 1276265.7225631739
8838 1276549.4705900783
8870 1276740.4648271976
8881 1276962.6270369482
8888 1277830.7982354695
8889 1278017.4895318465
8974 1278245.2694054623
8998 1278245.8653301545
9024 1278402.7971434237
9067 1278404.2776002514
9090 1279040.3477944513
9105 1279471.6970462892
9149 1280423.6097938896
9176 1280961.2610283180
9185 1281373.5333704532
9187 1281530.2144732422
9189 1281835.5783590865
9191 1282024.8567779956
9192 1282393.6769035878
9203 1282909.0743701763
9204 1283095.8847215201
9211 1283165.1427043411
9219 1284069.5518992913
9236 1284126.1892375732
9245 1284129.4654754945
9248 1284292.8319755218
9263 1284326.4353674459
9276 1284390.3449545170
9286 1284510.6741384831
9332 1284611.5053468295
9333 1284636.8481821937
9361 1284992.7586755382
9364 1285323.8756620216
9375 1285375.0364975107
9388 1285537.4817559104
9394 1286187.8415574320
9407 1286214.5580800371
9414 1287200.2781367665
9440 1287297.2809282902
9464 1287309.6214661247
9465 1287474.6038151761
9472 1287831.5867931163
9502 1288137.8872998797
9514 1288284.9142441635
9515 1289104.2133205675
9552 1289266.8616321667
9557 1289296.3884219697
9615 1289398.1033974171
9644 1289579.4664592305
9678 1290223.3411124849
9701 1290225.5285779380
9719 1290335.7641757778
9764 1290500.1887919668
9776 1290868.3155091093
9783 1290922.3440295146
9784 1290925.7638130439
9811 1291393.1296988877
9816 1292132.4759214877
9818 1292592.4865674595
9829 1292796.0006801104
9847 1293023.1324255066
9865 1293422.9226145772
9866 1293563.8030625735
9873 1294098.6072227589
9877 1294511.1395646746
9902 1294607.0737373484
9910 1294646.7296909180
9939 1294658.7949606322
9941 1294922.3993250406
9969 1294970.7207479230
9971 1295217.7348579220
9984 1295295.0091511705
10001 1295447.4638495159
evaluations raw_y
1 679319.9514320848
5 680060.7460010466
9 681054.4418990872
10 681072.1959634979
11 681482.9732203854
12 681772.2675385069
14 682061.0262919615
17 682820.0240205558
20 683767.8034628188
21 684752.9609447882
22 684893.5705834950
25 685558.8138255402
26 686201.2398973659
31 686512.8146981562
34 687506.2302207731
35 689114.5460564817
37 689637.9605181062
40 690254.9449459182
43 691109.3246260975
45 691301.2029797048
49 692140.1039297159
50 692485.1426583730
51 692827.0327107710
60 693534.3332354637
66 694712.2586674810
72 695071.8745304235
73 695631.5929317771
74 695811.2876673349
79 696266.9819536201
81 696852.1104025835
83 696922.4544125880
87 697222.0252234873
91 698693.0044389572
92 698953.7082527122
99 699217.5013295434
105 699371.6036892274
106 700031.5135971616
110 700187.8331829209
112 700516.9624208639
114 700710.8233462725
127 701665.0664776884
131 702284.7873797627
132 703032.0772487713
133 703826.0281762854
134 703951.7492639130
135 704206.9621658910
139 704668.4394512143
141 704884.4485603034
145 705482.1573956268
146 706466.3318596298
147 706630.0412343291
149 706755.1754528196
154 707449.8445390965
156 707565.8767985071
157 708618.6147668664
158 708916.0699542743
160 709630.3678694265
163 711147.9823935261
165 711570.9993405258
166 712086.0756467405
175 712372.6064973305
178 712449.1885578010
184 713088.0132166329
186 713648.0363768475
187 714403.4186588444
201 715026.7877852728
205 715893.6248390836
209 716797.5454497596
210 717590.1925200464
212 718426.8800950368
213 718501.7229380343
216 719194.4159122442
219 719698.6968477368
226 720470.5429082529
227 720803.2672765735
228 721638.8381526138
232 722146.6573980706
234 722481.6709821308
235 722593.8193316787
239 722795.1920781661
243 723183.0047561700
244 723209.2596611119
245 723250.2123084414
248 723900.1635239816
250 724503.4893336504
252 725057.4527671983
253 725279.3997644421
258 725526.0506779611
272 726203.7136579831
275 726251.7101961076
282 726915.0178324287
283 727525.8724873188
285 727958.0279004208
287 728491.4961997631
296 728809.6199566904
297 729621.2102036992
298 730131.3185784236
300 730897.6440473208
305 731072.1384503370
310 731384.7165948089
314 731457.8986931131
315 731519.6875527806
317 732412.2764899911
318 732827.5792585562
320 733465.8494970527
327 734263.5137296863
331 734417.5294067484
334 735089.7375503537
336 735909.1412770962
340 736271.9196529228
348 736721.8569759437
354 737141.5239288579
357 738255.5711862620
359 739142.3441109605
360 739203.6983351012
361 740050.2687794806
363 740455.1417692222
364 741683.1589047658
365 741970.6886771527
366 742208.5680714539
367 742677.2520045409
370 743469.4940339177
373 743798.0257114518
379 744184.5651561877
381 744626.9673631496
382 744827.5949703627
389 745336.7282707721
391 745865.7991069530
403 746023.2100001111
407 746975.1103151948
412 747575.2239583087
418 748546.1991449599
419 748797.4067247973
424 749117.6530276566
425 749970.9387129245
427 750800.3938378663
435 752712.8918323956
437 752754.0923645741
439 753009.8881267986
445 753375.1254069301
449 753747.3087897626
450 753771.9057981521
451 754084.1287647983
454 754921.6794739192
459 755757.0030433444
464 757347.6002334405
466 758045.5594396443
467 758997.0138013313
471 759546.4564182595
473 760216.1382074113
474 761319.6000566481
480 761510.0501527903
481 761923.4291742932
483 762695.7912629466
491 763255.7615255989
492 763360.5332226926
498 763968.2830997311
500 764511.5124182906
503 764797.6770468648
504 765780.8013549882
505 765931.8389821153
509 766453.1177620178
512 766602.5149136384
514 767330.8549774225
515 768552.8430229116
516 769302.5591697703
517 769844.1254101807
523 770338.2664116082
525 770448.3148855920
526 771688.9008779868
528 772589.1723974235
537 772953.9389563986
542 773612.4812693913
545 774098.7669933250
548 774918.5289806137
552 775458.3104373963
563 776059.2790956119
578 776368.2270982082
586 776996.6536784988
587 777649.0911609462
589 777777.2728707192
590 777867.3664321984
591 778559.0696410843
592 779465.8057793801
593 780493.5683788034
595 781121.9291393501
597 782640.6427933180
599 782745.1292896140
606 782954.3824122183
608 783636.6700514362
610 783772.5904916658
612 784681.0804141872
614 785384.2046269129
621 785646.0791952803
624 785803.3965322856
625 785878.2699718594
627 785943.4743035771
633 785983.7294681809
634 786047.3990468016
636 786872.1624356363
648 787747.4168855157
653 788410.2353743516
655 789465.5986265203
656 789834.0890126027
671 789946.4599394668
674 790111.2561121322
676 791187.1629165431
677 791218.6840403742
688 792365.1119535522
689 793230.1901713575
691 794160.8231660463
693 794630.5819010485
694 795177.2286174007
698 795354.3550310055
706 795545.8428526821
718 796428.8139068853
719 797452.0128467296
738 797499.5696434759
743 797567.9699333031
744 798477.9524568091
751 799012.8903723628
753 799077.7821742563
756 799608.1781508976
758 800811.7544897596
761 801105.4480300894
770 801770.7901097585
775 802319.1971060920
778 803309.4982405335
780 803586.3603701472
782 804174.8218549048
787 805299.4523506969
788 805387.7148108024
793 805931.4735395185
797 806737.2328899737
802 807449.9643958185
808 807606.3354712755
809 808051.3986732616
811 808953.4890504000
815 809815.6164097246
819 810792.5916750666
830 810845.4325091277
831 811716.2818174540
835 812611.1572245844
836 813376.0109432511
837 814210.4379736565
843 814242.1561387873
844 814825.0781275668
854 815692.1367066680
855 816992.0218228144
857 817335.1857883242
858 818734.0581997490
859 819357.8890023462
862 819538.0810670156
867 819818.9899660064
871 820602.1660529025
872 820781.5171897273
890 822195.0916074539
896 822336.2031353929
897 823155.0643095450
912 823340.6535849418
916 823571.2335244789
924 823630.0627419967
933 823710.6745065292
934 824220.1349059771
941 824761.6711488445
944 824790.0551023575
945 825119.8795948848
946 825883.3046709150
951 826862.6383822082
953 827570.3474460335
965 828125.2795443278
979 828127.6951047368
982 828819.8785172880
985 829028.5662462321
987 829356.3745253546
988 830346.8022958610
991 830942.9792918911
993 831001.2951821577
996 831017.3780544321
1008 831126.1316120010
1011 831813.5232916335
1016 832684.0117896680
1018 833732.9413637554
1020 834131.6336778908
1034 835212.4158280581
1037 835716.7468018233
1042 836037.2361918670
1047 837143.2611722257
1053 837430.0479696343
1056 837715.3645652888
1057 838622.7098000729
1063 839072.7612098893
1078 839163.2565478762
1080 839243.4564331127
1090 839338.3783243891
1091 839874.5498573879
1093 839950.9842545845
1098 841717.4951627920
1100 842126.0803362377
1104 842344.8645766204
1109 842393.1173078360
1115 842626.4158257594
1117 843905.2086139646
1120 844732.1545444832
1122 845385.3174070467
1124 845796.1611185907
1127 846870.6410227483
1140 847285.9075980855
1141 847403.4540074921
1143 848148.8307854900
1151 848319.4600216758
1152 848886.2780909567
1159 848991.2298069953
1161 849863.0096164691
1162 850058.8672530545
1171 850612.9775426030
1177 850615.5565131700
1183 851248.5491508944
1187 851363.7771885924
1192 851934.9731485929
1193 852343.5085109679
1195 852758.3077336559
1198 854564.7823576200
1199 854661.6696442158
1207 854889.2164500820
1210 855645.9799292452
1214 855765.7769209890
1215 856298.1852462847
1226 856431.4390830353
1227 857528.3802079399
1233 857757.7371472438
1234 857865.1545796813
1238 858669.6205232391
1243 859796.6442263728
1248 860980.1486876863
1257 861024.3459284088
1271 861745.2857880237
1282 862245.1007817978
1284 862640.1309184695
1289 863617.7956237704
1299 865130.4475704015
1300 865386.5086058871
1303 865402.2699837791
1312 866063.1877461262
1315 866343.5138060612
1318 867123.9774930732
1319 867553.2845350155
1324 867724.2127343792
1325 868132.3202565333
1328 869119.1278108405
1340 869472.4958206958
1344 869892.8025066499
1345 870893.6085743872
1349 871270.3636388462
1357 871305.0471917136
1360 871439.1536014135
1367 872039.5675514259
1375 872501.5140246906
1377 873728.6803425361
1382 874330.3640404416
1394 874549.5355187361
1395 875134.1838953594
1396 875203.2114729617
1397 875811.8713883293
1399 876541.5121418770
1402 877109.3557450291
1403 877854.7857420132
1404 878083.1224304202
1405 879074.9508371062
1408 879247.8685941797
1409 879744.7911535227
1414 879777.5131039291
1415 880326.4895179608
1416 881779.0099318365
1419 882624.5593634265
1424 884083.9149037251
1434 884743.8655859479
1437 885338.2734795457
1438 885920.2354071911
1468 886788.3865031388
1469 888742.4350569414
1471 888750.2570194619
1475 889392.2552527217
1477 890270.7254983998
1480 890810.8418992740
1481 891452.6451145746
1484 891529.4283867790
1486 891655.3623614063
1493 891737.0595107765
1506 891784.8766102525
1511 892407.8071791481
1513 892620.9113323964
1515 893822.6249759876
1525 893918.5650652983
1526 894718.4996029566
1529 895165.9672409162
1535 895979.6756115219
1541 896221.9932854297
1544 896243.8264787629
1547 896618.1014128609
1548 897068.2495802523
1551 897824.2221019266
1552 897914.4834988836
1553 898797.2839318411
1560 899572.4345652087
1569 899738.1077512981
1573 899969.1485164015
1574 900952.3306054986
1582 901245.4657009861
1585 901336.0871556910
1586 901829.6279616702
1588 902369.4423129183
1596 902864.5043979051
1602 903784.0634670240
1605 904127.6875698110
1608 904536.9648851423
1616 904537.1006812381
1626 905489.4517945728
1646 906449.6246514522
1652 906787.0618230472
1657 907108.6277785165
1661 907195.9448061693
1662 907784.5071031871
1668 908628.9775843340
1680 909146.0614469931
1681 909442.6866381218
1685 909750.7479829701
1691 910099.9009652317
1695 911457.8409561252
1696 912877.4615492797
1699 912929.7324518155
1700 913744.7140410363
1712 914380.7189449132
1727 914625.4077991126
1728 915037.0661683176
1740 915959.5650360988
1743 916239.9972378062
1744 916524.7909392432
1756 916790.1489717395
1762 916850.3781880477
1764 917300.5084032217
1773 917370.7161172082
1774 917497.8672274180
1775 917569.0353020863
1787 918043.4234792878
1788 918260.9890479288
1795 919229.1658376829
1807 919830.6119481917
1809 920578.8134017402
1811 920907.6442536314
1813 921095.7356486167
1816 922056.1794111992
1820 922455.5845295333
1821 922772.2429081451
1824 922884.0000509782
1829 923522.3745564793
1834 924496.0636997741
1836 924566.3927756682
1837 924822.9980356806
1838 925006.6169312375
1841 925611.5406199985
1845 926348.4146206671
1848 926815.9226633472
1854 927231.8670900107
1858 928148.7431366633
1862 928342.4984536268
1865 928796.7149885516
1874 929264.9246259540
1875 929942.4952195763
1880 930895.2679067936
1884 931239.1089967968
1886 931428.3324947510
1887 932320.2153380660
1891 932354.8806310910
1892 932790.5003818618
1894 933435.0099673005
1898 933637.0586558366
1900 933680.1059697346
1901 934637.0777276527
1902 934772.7660908753
1906 935245.2551549376
1907 935421.2218403686
1909 935588.6308550894
1913 935688.5128371770
1919 936794.0850411338
1921 937113.9170177800
1927 937716.5133401342
1935 938463.5022720661
1936 939056.6966714305
1954 939187.3134818708
1957 939728.1666035947
1963 939856.9994193537
1973 939938.7208896038
1976 940850.0653927574
1978 941741.3944656071
1982 942266.6791182068
1984 942385.8758497669
1985 942542.5674566625
1988 943749.3340611802
1991 943846.5873505302
1993 944669.5825437537
1994 945607.4490371284
2007 946107.1083057780
2010 946882.0021882866
2013 946983.1717103992
2016 947417.5566482092
2018 947822.0308959814
2020 948049.5526988257
2029 948168.5466908794
2030 948306.0310964488
2031 949103.4379862199
2034 949440.4396076327
2041 949674.0501433272
2050 950461.3933315793
2055 950967.9460196473
2060 951214.7931018760
2065 952342.3279924915
2068 952965.2973924553
2080 953282.1781257144
2083 953858.9112356001
2088 954298.6847054760
2089 954369.3696314668
2103 954407.1846693411
2113 955054.5770850760
2115 955125.8148991719
2116 955473.4080280318
2117 956388.0457167815
2123 957322.1957095766
2127 958205.6244455002
2131 958279.9064776143
2140 958381.0709585097
2141 958416.3112023543
2142 958659.2099944934
2144 959065.8612789648
2156 959369.0514052504
2157 960598.1610512240
2159 961297.7798793820
2162 962101.6470457535
2169 963064.5759201442
2173 963436.3863385115
2178 964408.1483263402
2188 964843.4319799263
2191 965416.3807412160
2199 965460.3679315688
2210 966388.4377530158
2222 967065.7060905369
2225 967093.4772511962
2227 967680.6633311890
2228 967845.4786414572
2237 968433.4393436710
2239 968842.0560287127
2240 969628.4801732263
2242 969688.8213045546
2251 970097.4231242957
2259 970640.7392592235
2260 970904.8261702120
2261 970993.7872448142
2263 971168.3008446943
2269 971679.1652371013
2277 972775.2454406600
2280 972801.0466167455
2284 973102.9700741870
2290 974095.9385088712
2291 974624.3167106843
2301 975026.0215379728
2306 975154.4109627425
2307 975706.6826930542
2308 976290.4952419214
2312 977090.1947757232
2318 977203.2003152879
2326 977316.0401543404
2330 977939.1518384904
2334 978126.3917900259
2339 978577.6604529956
2342 978640.4495325556
2345 979465.1439197698
2346 980375.8093685338
2351 981176.7822832589
2353 982043.7309194765
2358 982800.9337459534
2364 982954.8711703609
2379 983962.7796669537
2382 984467.8598551430
2390 984970.3804545349
2392 985634.6924630326
2398 985652.6922128614
2400 985669.8784365189
2408 986060.7195910368
2424 986702.4470105647
2427 988063.0080217983
2428 988076.4301039720
2444 988350.8399449056
2446 989614.5338087558
2449 989929.5719899000
2455 990532.2596051339
2457 991439.2265978844
2473 991822.3886832374
2480 991949.0185092163
2483 991997.2953827060
2495 992977.1412592627
2499 992989.6052373599
2526 993657.7837006531
2532 994073.1711506551
2535 995010.5642609339
2542 995804.3323152717
2543 996212.4509470352
2550 996336.2003143473
2553 996767.8277655271
2555 997060.5244348822
2561 997652.4145177595
2562 998266.4574697654
2563 999015.3505883639
2568 999277.2531052632
2571 999511.5355511502
2576 1000102.6238572488
2590 1001404.5323735084
2593 1001961.3859155347
2597 1001965.4585831031
2599 1002734.3607384390
2611 1003685.7676830634
2613 1003951.8929833154
2614 1005402.5759798792
2622 1006600.4959688239
2628 1006944.5424324499
2632 1007464.0310581124
2634 1008072.6979659025
2642 1008966.0108869225
2652 1009757.6367851306
2653 1010251.9068794420
2660 1010691.8805494820
2662 1011130.3181510201
2664 1011304.2391309239
2667 1011341.6309382403
2676 1011485.3733744520
2690 1011667.9552739854
2694 1011957.8565830038
2706 1012367.7443558390
2712 1013345.3076855936
2728 1013409.9118731302
2729 1013598.5938060373
2730 1013881.0673035238
2733 1014235.9726312462
2734 1014449.5938852653
2735 1014826.2534545936
2741 1015419.8620025270
2749 1015883.3705075767
2751 1016391.8151113755
2759 1017533.0096257426
2762 1017860.3700898151
2775 1017897.1411634083
2780 1017977.7876038239
2785 1018050.1438317436
2793 1018727.2455135140
2799 1018766.9764883802
2801 1019230.4532564195
2803 1019821.6788317119
2808 1020419.2703369193
2826 1020702.2196682782
2829 1020857.9925867077
2841 1021196.7740482060
2843 1021841.0398083596
2853 1022233.0592497565
2858 1023157.7983602537
2863 1023874.8528290297
2877 1024495.7918281029
2882 1024708.4516992435
2890 1025067.3222925905
2894 1027237.1348092691
2901 1027453.0137296063
2911 1027603.3265636445
2916 1028442.9351807884
2932 1029300.4970247116
2938 1029716.7620573706
2943 1029863.8689492663
2951 1030739.5131681060
2955 1030813.7449482076
2961 1031284.6948798362
2969 1031405.3870494595
2970 1031764.3637679893
2977 1032270.8424533418
2981 1032557.3527999908
2992 1032592.9016918347
2995 1033124.4165187390
2999 1034072.9232989268
3004 1034385.0547955843
3036 1034672.9749405485
3039 1035510.9293971118
3046 1035992.5289500080
3056 1036264.0138254564
3060 1036501.2234110069
3074 1036747.6247116475
3081 1036966.9173750865
3092 1037509.8311569799
3094 1037612.5574933128
3098 1037807.1824351248
3112 1038602.4375304745
3126 1038953.9780316695
3135 1039329.1720745395
3136 1039523.4244519016
3148 1040058.0930385522
3151 1040096.7341892732
3152 1040661.1583600478
3158 1040970.3734599801
3170 1040972.4304900729
3176 1041143.7382221712
3180 1041179.5881013623
3181 1041283.8520649249
3196 1042073.5424262881
3202 1043005.1350632459
3212 1043451.3357558537
3220 1043657.7324425670
3228 1043881.0314482034
3235 1044946.5536248977
3236 1045346.1613009648
3239 1046142.0139435468
3259 1046235.7527465650
3264 1046752.6916029542
3266 1047399.5933648598
3270 1048134.7804770356
3271 1048232.0856753867
3281 1048471.4429477986
3285 1048760.0362938296
3289 1049151.9022304036
3294 1049273.8876393680
3296 1050214.6367763034
3299 1050317.6127007487
3307 1050398.3634858278
3312 1050810.3701564688
3323 1050878.0740516237
3330 1051058.6011613319
3342 1051061.5654407884
3363 1051095.4496460855
3372 1051285.1970812357
3381 1052065.9713218228
3387 1052774.6906355463
3395 1052825.1178280155
3400 1053721.2824247845
3403 1054520.2796642885
3412 1054936.7470547159
3416 1055213.7453419007
3423 1055791.8540730358
3427 1056692.0066628477
3428 1057546.4310824336
3431 1057781.1074739492
3440 1057912.3278638807
3441 1058297.5473299262
3450 1058788.4218040870
3456 1059579.0836664974
3458 1059933.4392423972
3469 1060511.2527956048
3477 1061014.7709180026
3484 1061669.8948085604
3495 1061993.7729533359
3499 1062141.2362848646
3501 1062440.1818593186
3510 1062747.6904109269
3522 1063093.9242643157
3531 1063785.5882349468
3539 1063809.6412661101
3543 1064185.0352236805
3577 1064219.0487595520
3590 1064383.1332289330
3592 1065216.8192999661
3594 1065932.6420685591
3603 1066171.8286158929
3604 1066584.7265518284
3606 1067149.1376240011
3616 1067656.5675035042
3619 1068059.8182473192
3621 1068640.3646900328
3622 1069578.6131404070
3626 1069850.4213885416
3629 1070236.1116534912
3630 1070854.1068961152
3655 1070854.4934816151
3656 1071532.9987998963
3658 1072472.8034490268
3661 1072739.8051184607
3679 1073519.8066582270
3683 1074142.1401409199
3693 1074510.5036000947
3701 1074828.9477734729
3709 1074978.4243446342
3714 1075847.0788702976
3725 1076767.6585609848
3744 1076861.9638117857
3748 1077211.4646291495
3755 1077489.4328530706
3763 1077612.5708734258
3765 1078412.1240054436
3767 1079028.8377748493
3769 1079199.5698177712
3773 1079563.7324559628
3777 1079786.5818000978
3778 1080202.2788243601
3786 1081000.2552836125
3799 1081141.7225500902
3802 1081468.4850557372
3820 1081867.1516024463
3828 1082154.5631732522
3832 1083340.7424432163
3836 1083392.0847285262
3849 1083682.6453097691
3856 1084618.4957582487
3866 1085077.4237255768
3868 1085564.3786285270
3872 1085703.9327549387
3873 1085968.9885718713
3879 1086752.5585220910
3888 1087597.0491847645
3890 1089291.7481142578
3891 1090078.6903680449
3896 1090199.8778658342
3907 1090253.9658645948
3911 1091663.7825332908
3922 1091997.1658588529
3941 1092985.6893609425
3947 1093284.2963253162
3948 1093351.0787816145
3950 1093740.6935370772
3953 1093812.8588147426
3958 1094456.0395751209
3959 1094847.2040838881
3962 1094940.5153698244
3984 1095670.7224743729
3989 1096126.3372658689
3993 1096161.5290580362
3997 1096849.2057477236
4001 1097167.7956195611
4008 1097384.7057458428
4012 1098237.3253468997
4029 1098650.4996086254
4031 1098757.3779629578
4036 1099022.4001959439
4042 1099271.2045407332
4059 1099435.7904659321
4065 1099787.4857296543
4069 1100368.1941391316
4072 1100693.9427018748
4078 1100970.4955809049
4098 1101496.6596614337
4111 1102061.5144534698
4124 1102892.6019256399
4142 1103413.4531015973
4148 1103447.9257407975
4157 1103973.4408442541
4163 1104837.3610454809
4188 1105133.5599371714
4192 1106057.1556356936
4194 1106321.4672109175
4195 1107253.0381688043
4212 1107506.2599481768
4218 1107551.6694982706
4225 1107732.1726665394
4227 1108037.7921211729
4234 1108590.2524502962
4235 1109228.7195223714
4238 1111079.3108889563
4241 1111648.1673602515
4250 1111890.3843045484
4251 1113193.6618580592
4255 1113634.8499982529
4256 1114064.3892169674
4270 1114850.3901006288
4272 1115576.3717397619
4273 1116048.1085095645
4284 1117222.5872976286
4297 1117818.2967736849
4303 1117933.7970406120
4310 1118228.3991137221
4314 1119051.3887390543
4319 1119177.9242874917
4326 1120226.9529302977
4333 1120597.1670393283
4337 1120953.0853463206
4348 1121747.4732777737
4353 1122132.7538541623
4354 1122205.3568828760
4358 1122730.1977790776
4367 1122850.4736646593
4371 1122962.6946629169
4374 1123416.1248647741
4376 1124119.7734754337
4379 1124486.7808973284
4382 1125432.2048872579
4384 1126511.1133785909
4386 1126981.6824122898
4399 1127314.5032151325
4412 1127394.9957318846
4414 1128174.5824327695
4416 1128561.2489489950
4425 1128777.9575115847
4432 1128836.7661494622
4445 1129046.4613164330
4447 1129735.0195114175
4472 1129751.0610305164
4486 1130398.7442096681
4487 1131786.9035216498
4500 1132611.9912643915
4502 1132811.2946018032
4509 1133519.8823611760
4514 1133705.0365648589
4518 1134223.0981865793
4520 1134992.8700946514
4527 1135216.3540413647
4528 1135720.2349182209
4534 1136271.3478683657
4536 1136947.7679665550
4537 1137508.9364087074
4540 1138083.6514563435
4548 1138258.4798263600
4555 1138400.5358962098
4559 1139353.6175230597
4571 1139689.7457304224
4582 1140709.4286864807
4589 1140858.6777737015
4596 1141275.6576851406
4597 1141417.1974354703
4606 1142115.2012585311
4619 1142195.2010240224
4620 1142195.4880448529
4621 1142286.9268509888
4624 1142507.8401284553
4625 1143279.2168106213
4634 1143551.4677614232
4637 1144132.5260458391
4655 1144134.4655752240
4663 1144520.3744633805
4669 1144847.5579733979
4684 1144940.0362020009
4687 1145394.1286803405
4695 1145447.2222968393
4699 1145465.0572500124
4700 1145576.4494023595
4712 1146047.1279812343
4717 1146189.2267988133
4718 1146727.2205233907
4723 1147148.9682553650
4729 1148009.6269736080
4730 1148189.4975864415
4737 1148857.1359610178
4741 1148984.2039018038
4747 1149084.9866430257
4748 1149111.1520235469
4751 1150093.8617297602
4753 1150864.4455729406
4760 1151349.3960275368
4766 1151611.0830745318
4785 1152122.9966387087
4791 1152178.4377859309
4796 1152215.2604458160
4820 1152388.5914629200
4829 1152860.8522612539
4843 1153439.2396721772
4848 1153448.2247771402
4855 1153494.1696346928
4861 1154022.5501920262
4862 1154328.9645269790
4865 1154448.7987653280
4868 1155430.8285414041
4889 1155958.6042605024
4902 1156072.2898905319
4904 1156318.4194703444
4907 1156662.6419621508
4909 1156838.1015002625
4927 1158207.9479482477
4937 1158312.8744988348
4942 1158737.0108160197
4944 1159013.8570139550
4956 1159874.0529624806
4967 1160052.6581288890
4970 1160408.2305753783
4974 1160756.3907890762
4987 1161011.6012002311
4991 1161027.9077740726
4998 1161672.1886327972
5013 1162080.3590445477
5016 1162345.7314151742
5017 1162572.7106668539
5026 1162869.2147543482
5028 1163056.0769513531
5065 1163743.1180914328
5068 1164339.8317586477
5072 1164725.4486426178
5073 1164727.6241957408
5086 1165322.8133415869
5089 1166085.7298521886
5105 1166310.3508655252
5118 1166328.8427012931
5140 1167102.6789918237
5141 1167838.2584410904
5156 1168051.3860586050
5162 1168356.5625226640
5163 1169122.4213754493
5165 1169982.9756696445
5170 1171154.1701147086
5172 1171574.6187734443
5174 1171677.8970449371
5185 1171743.2235720134
5193 1172438.9921429837
5196 1173106.6737073106
5221 1173394.5721488735
5227 1173405.3394982244
5243 1173917.6658736172
5257 1174529.1718990824
5278 1175298.3497285873
5279 1175402.2519601905
5280 1175876.0925028215
5281 1175878.1922554134
5295 1176102.9025022925
5302 1176313.8086090372
5304 1176578.7665400004
5312 1176632.5694568686
5320 1177166.7435129397
5331 1177226.2825591697
5341 1177276.7832314596
5347 1178265.2807930110
5367 1178499.9480287891
5377 1178572.1839504223
5400 1178867.0764466799
5411 1179001.9477442049
5414 1179674.0261124868
5427 1179763.6796233328
5432 1179874.3731821487
5437 1180348.0617743018
5444 1180352.4985717162
5450 1180666.1287234859
5452 1181498.1815942072
5461 1181740.3327175477
5494 1183246.8740188342
5503 1184170.6048352753
5531 1184652.6186924090
5534 1184858.1713557432
5546 1185007.1447683405
5554 1185584.5647030729
5557 1185827.6529370525
5560 1186546.9291633475
5590 1186592.9016028866
5596 1186815.4469825416
5622 1187130.7171593332
5656 1187236.0683502785
5683 1187401.5590271063
5694 1187426.6174094486
5696 1187583.3983718378
5697 1188231.5212181790
5699 1189428.9687309519
5712 1190370.0068243176
5730 1190596.2619059400
5731 1190625.5318286447
5755 1190960.7705290462
5758 1191138.5325996079
5760 1191280.1851004555
5766 1191454.7043445744
5769 1191836.0155931204
5770 1192423.0804101906
5778 1192590.1927880615
5780 1192843.3607712809
5801 1193058.7374313457
5803 1193278.8630029534
5806 1193771.3463586404
5812 1194116.5823464701
5819 1195004.8174952592
5833 1195286.8338877775
5840 1195624.8898369994
5844 1195734.9050045596
5851 1197435.0278435936
5858 1197761.9487598592
5859 1197788.7477706640
5863 1198339.1214732220
5902 1198446.1111077359
5915 1199324.8781837933
5925 1199360.5666607893
5929 1199782.7666146595
5947 1200578.5459016396
5986 1200872.2202225048
6005 1201327.2351832185
6010 1201380.3255804267
6011 1201787.4312816563
6023 1201948.7114972407
6027 1202206.0843096124
6035 1202213.4361544065
6042 1202796.4153861583
6045 1202837.6670135006
6046 1203486.7525490765
6049 1203777.3781131855
6053 1203875.3238068249
6072 1204410.1783593667
6075 1204458.4167644347
6119 1205169.2718101365
6120 1205296.3584480239
6133 1205991.4630385612
6137 1206953.7484436631
6151 1207674.9777140724
6156 1208288.0236250972
6164 1208646.5015300915
6178 1208845.9637455628
6179 1209228.8970785257
6190 1209534.6186984829
6220 1210083.0440745538
6222 1210625.4337538758
6228 1210819.0703563099
6232 1211348.7767468346
6246 1211975.3968709093
6252 1212557.5307298568
6259 1213266.6932993471
6260 1213752.4793208449
6267 1214285.9196455083
6271 1214286.4153271576
6291 1214599.7006884010
6294 1214786.9307498585
6296 1215061.0089272656
6315 1216047.3563818887
6318 1216747.8275818254
6319 1216853.9150416965
6327 1217181.2086907320
6342 1218048.8995082318
6350 1218334.6947366649
6363 1218642.9721057063
6367 1218692.8785326688
6371 1219676.1459627724
6373 1219958.6133797469
6390 1219997.7666900500
6412 1220249.7908690379
6422 1220487.3413882435
6427 1221182.6287399034
6435 1221908.4854494610
6439 1222016.6734231964
6445 1222106.3386593321
6455 1222195.8735298438
6466 1222348.4194566014
6516 1222668.5982594271
6519 1223381.7781339351
6525 1224027.5120426088
6532 1224260.3029597742
6538 1224566.8186827912
6551 1225054.5490736880
6562 1225507.6294897527
6580 1225877.3391172080
6588 1226518.2550882907
6596 1226700.1145848781
6607 1227450.8632104204
6615 1228077.8771116734
6629 1228182.6738621101
6636 1228460.1273880061
6734 1229087.4856299807
6746 1229555.9121430253
6763 1229601.6403097077
6766 1230022.1065099256
6767 1230802.9650037219
6781 1230982.4084097233
6788 1231528.2560331640
6790 1231528.8216324835
6806 1231574.2796022417
6827 1231607.9160377414
6828 1232585.7066911906
6833 1232733.6664843829
6849 1233649.3800140091
6869 1234375.9491581698
6879 1235149.0168909954
6880 1235323.3941732834
6888 1236261.7747188155
6891 1236389.8717253781
6901 1236390.2116105868
6916 1236492.0210693916
6933 1237228.7660959081
6941 1237315.6307011733
6942 1237948.0191071634
7032 1238350.3799267525
7045 1239279.8922059736
7063 1239316.6751774389
7074 1239456.4727797005
7096 1239570.2282152560
7108 1239844.2748547713
7114 1239852.1305139235
7126 1240569.1819476713
7177 1240606.7124128200
7190 1241217.6749742359
7221 1241375.5605647413
7230 1241457.0410308661
7247 1241576.7718977358
7256 1242006.5106891419
7259 1242648.4512193187
7275 1242976.8353675811
7285 1243087.8212065825
7307 1243767.9413332066
7308 1244177.5979826057
7310 1244379.3726571049
7321 1244542.3212394996
7330 1244650.5010213780
7395 1245573.5416490389
7402 1246069.2917695579
7449 1246331.0153952308
7450 1246671.6738156143
7453 1247744.5821080538
7462 1248054.1202571930
7478 1248125.5963142477
7489 1248389.0614716620
7506 1248844.7431442421
7514 1249446.1488918350
7526 1250036.4751833123
7532 1250643.0792307914
7547 1251434.0666009597
7571 1252088.8914730821
7574 1252463.6539525578
7577 1252713.6923839250
7594 1252929.8658998280
7611 1252969.5117586190
7628 1252973.9543485024
7631 1253120.0237085877
7678 1253537.7708163878
7689 1253786.6768506190
7692 1253810.0804026611
7712 1254331.5420596646
7757 1255103.4011839072
7783 1255280.1572909143
7796 1255622.3734054570
7819 1255662.2239402093
7828 1256639.8309637103
7848 1256643.5414159610
7872 1256663.6497494972
7895 1256675.0899927397
7903 1257061.2908203860
7910 1257445.3803733445
7937 1257470.8399656038
7938 1257591.5253399124
7954 1258314.3437306941
7975 1258460.8276018247
7979 1259086.9233777672
7981 1259230.8102071953
8043 1259282.0331215742
8046 1259952.3621041093
8062 1260871.3297395101
8078 1261718.4051348390
8087 1261835.4883925212
8110 1263292.8748585081
8135 1263459.0512965948
8146 1263782.9200956076
8147 1264616.5125966310
8148 1264801.2714680850
8230 1265228.8841690058
8246 1265350.4016500202
8250 1265425.6784336169
8269 1266166.7743232481
8338 1266605.6836589871
8344 1266922.9166412440
8348 1267606.4247446901
8376 1267959.4740385562
8380 1268811.5873541904
8398 1269566.4467068792
8425 1270170.7312042336
8449 1270772.7123732646
8453 1271170.6746245467
8462 1271445.8960148555
8466 1271449.5688187093
8472 1271461.6004594837
8500 1271502.5756719254
8515 1272184.6333610450
8526 1272407.6099711042
8530 1272428.4645886719
8552 1272656.9702950378
8562 1273071.9163228192
8563 1273222.5109133616
8590 1274171.3026369978
8593 1274180.0248908426
8629 1274740.3465972596
8635 1275245.6579703877
8637 1275674.9739663519
8639 1275889.1001733476
8640 1276247.3774385722
8648 1276294.4373942930
8718 1276508.6399226678
8768 1277236.3296908110
8775 1277773.4674442555
8812 1278182.6797986764
8827 1278652.8123450212
8848 1279527.0957868611
8879 1279670.2685317458
8902 1279992.6060039673
8909 1280177.8409868656
8916 1280264.3350147202
8920 1280487.9803077870
8929 1280589.3179789186
8935 1280810.3075078679
9006 1280932.2115203086
9024 1281025.9642288624
9047 1281158.0629378178
9048 1281377.9035312999
9054 1282296.7343569300
9081 1282528.1552647823
9103 1283204.1786663455
9104 1283429.6600789956
9131 1283793.6930125658
9132 1283800.1884676360
9138 1284380.1584484973
9148 1285285.0415154446
9149 1285436.6064612265
9155 1285444.9609014615
9163 1285677.4147408167
9176 1285908.8550079935
9181 1286434.7796755631
9189 1286540.8478015147
9216 1287074.3927552528
9218 1287449.2017148519
9243 1288086.7971685540
9268 1288233.5707792272
9288 1288340.6183638012
9301 1289134.8413678028
9361 1289144.6407027412
9393 1289668.7192074789
9400 1289721.5789605055
9420 1289789.7617306116
9424 1290410.8567708912
9437 1290591.8691600445
9445 1291045.1656655595
9451 1291360.1842972550
9460 1291808.7157606201
9464 1292028.6275624714
9481 1292134.7180721145
9488 1292359.9371641853
9515 1292694.8423338593
9535 1292906.9001795289
9556 1292979.9659678957
9576 1293577.0561652740
9611 1293815.3279320062
9634 1293821.5767803770
9716 1293889.5083453471
9740 1294266.3318465266
9807 1294893.3081835487
9835 1294976.4094268933
9842 1295432.7700650888
9914 1295659.5933533816
9927 1296204.4799865829
9930 1296226.7456365968
9947 1297039.0746719358
9966 1297133.1833987378
9980 1297593.6212359208
10001 1297593.6212359208
evaluations raw_y
1 652972.5526476102
4 654283.6597447665
6 655027.2301915997
10 655708.0867609750
12 655807.2325640572
13 656400.1321397991
14 656831.8523817234
19 657809.6112185199
26 658581.4341784974
27 658737.9064682442
29 658911.3519680729
35 659780.0922505979
36 659837.0953413565
42 660282.0214995602
43 662282.9701384503
44 663003.5529173887
54 663592.1420613953
55 665060.2410514526
60 665154.5133140205
61 665703.4965068416
64 666187.3415754258
69 666927.8406596025
71 667221.1091813137
72 667244.5283704073
78 667801.8592526161
80 668195.6680650782
81 668731.7575895378
83 669488.6571997335
84 670253.8875571421
88 670570.5771835808
90 670714.4254732402
94 670909.7306532471
97 671419.2143722801
100 671825.0480679255
102 672325.6939730898
106 673855.6204097288
112 673870.4293686864
113 674744.6803292371
125 674780.0660294272
126 676553.7064357522
131 677190.0140073489
133 677563.3195077268
135 677680.2050980906
137 678349.8689448485
140 678595.1998412727
145 678951.8547386100
146 679899.6169912026
148 680003.1219912462
149 680536.8086204283
150 681157.7554796913
154 681976.2560246027
160 682763.0394586999
163 683056.7894765066
167 683777.7000809126
169 684065.3940150460
170 684111.4512689490
176 685893.9523513290
179 686701.9718265425
182 686943.8837338059
184 688812.2294115012
187 689430.9300960500
191 689613.9993965632
196 689638.2437165466
201 690438.5486965526
204 691348.9589155851
207 691424.1008405931
213 692405.2842667504
215 694017.2130000727
217 694927.1045446068
223 695685.3232067298
224 696187.6500546715
226 697609.5953465258
228 697629.0504840005
231 698138.2552615933
234 698354.1296740322
240 699166.4557649624
242 699505.0679861369
245 699851.6343945751
248 700732.0695572447
249 701186.1608928571
250 702044.1899327226
251 702485.2461709541
260 702568.1500812370
264 703089.3104766238
269 703255.0486491810
273 703275.6786065688
275 704141.9916079540
277 705718.4703705083
278 705732.1180378088
281 706385.5681795747
287 706775.3942884348
291 707658.8356824538
293 707846.2554688054
301 708526.8551264295
303 709385.3157114699
305 710327.7411444973
306 710717.1723681042
309 712145.9071983563
310 712437.9487654024
311 713133.3081500544
318 713735.8151101763
323 714082.4926306322
325 714221.3629660648
329 714498.5350190090
335 715359.2092655634
340 716444.2558670734
344 716777.9794761717
346 717283.8944565792
356 717293.7159093188
358 718283.9968662857
359 718714.5740292122
372 719538.7015206874
374 720136.4899731710
376 721064.7225444763
378 721382.0044418292
380 722273.5527580833
382 722512.4772462607
383 723018.3612578483
388 723666.1365055514
391 723917.9127286128
392 724197.3266534657
396 724602.5991464602
397 724761.7815142520
409 724877.2909885618
410 726460.4331193111
412 726568.1535476096
415 726975.1320358864
419 727728.9428933145
426 727932.8807434123
427 728536.1809633613
429 730673.7734162027
432 730856.0927282667
433 731187.2879150202
436 732348.0265590777
437 733584.1399964780
439 733678.9414448816
441 734054.0214799631
444 734509.8527549884
445 734603.7799142393
447 735695.0954291709
457 736553.9318724491
458 736649.5613496287
459 737367.1516122960
460 737421.4053133435
463 738161.9469171836
468 739024.1923697684
469 740009.9860489706
475 741151.9034849454
480 741780.3535176578
482 741870.9030630279
486 742124.6867718237
487 743108.2455899492
488 743493.0027117919
490 744203.3760931436
496 745250.8235197036
501 745337.2952677408
502 745674.6493071795
507 745958.4117691871
509 746460.2031552230
510 746541.7632210274
512 746716.5349117112
517 746741.4281656756
518 747065.8377522508
520 747324.4587070210
523 747519.2560902075
528 748315.8037588937
537 749102.6845524083
538 749745.0966673542
539 750533.7524551859
542 750657.0245145244
554 751072.0428310493
558 751344.5955680955
560 753072.5048100228
563 753136.8207093704
566 753425.3486785294
572 753488.6359946406
575 754479.4942413622
576 755144.0914373259
587 756095.9906579156
590 756988.9738809011
591 758068.5402130632
594 758605.4272570413
596 759151.4011686377
602 759340.2957914199
603 759813.9725996903
605 760789.5821095662
609 761388.9168354154
611 762001.6466437562
613 763379.4330180109
614 763642.7429217171
617 764220.2697114063
624 764220.2824551701
625 764548.7988628515
633 765062.6113628944
638 765449.5261745281
649 766310.8350977714
656 767295.6785815908
657 767738.6422464750
658 768427.7054179097
661 768556.7887391770
663 769437.1131406032
673 769591.4556243928
678 770319.8513801325
682 771076.8771405806
683 771660.2866301179
685 772536.6993255020
686 772842.6735311080
688 772966.1460330501
689 773146.8830271697
694 773469.6441688047
695 774754.7377104108
700 775676.2053207483
705 776231.5484443037
708 777116.0067943324
709 777520.0959504443
714 778387.8216051586
725 778828.1757382936
729 779634.2172625186
734 781431.9365867946
737 782406.2412441173
740 782881.3554319609
743 783147.2480786486
745 783773.6285930915
749 784168.3309395113
754 784913.8793664834
760 785177.0104214571
777 785945.7394190950
781 786232.6371386087
793 787428.8975668314
797 787489.6239745417
798 787542.0478689602
804 788265.3801300038
806 788754.7729479204
809 789661.6622900566
820 791322.8819008545
827 791438.7930733324
828 791893.7889501000
829 792477.0347643321
831 793052.9683676506
837 793789.4300762645
838 793972.2178745830
839 794413.0615436255
841 795396.3756989549
843 795646.8614293433
852 796743.9442997450
853 797524.0751965661
866 798630.7037291772
868 798644.0713560274
870 799640.5853206440
882 799767.0017772571
886 800367.6558687647
893 801417.0352288263
900 801821.6864850932
905 802080.3245296527
910 802366.2393164719
918 802799.8972079280
923 803545.7778347896
930 803563.6269018671
932 804473.2760434621
933 805108.9926521387
936 807070.8588891779
939 807315.6359274714
943 807359.0799984811
948 807775.0798020741
949 809256.0654514986
953 810632.1551826457
964 811624.2051310858
969 811636.2528081348
980 812159.7822179014
981 812618.7475763203
983 813323.7226335604
988 815043.8419100275
990 815187.4664848890
993 816589.0892053973
995 818115.4465641535
997 818550.6027234847
1004 819385.5756495487
1010 819872.8335105040
1011 821325.9191933272
1012 821877.2000932853
1016 822527.3943573649
1017 822952.0018758152
1021 823602.7085294889
1023 823713.9121393595
1030 824593.1643567719
1032 824701.9179682059
1037 825481.3902921336
1038 825837.8099947714
1043 826095.2827833854
1047 826119.7073429503
1048 827373.8551705056
1049 828067.4517376282
1055 828881.5061234379
1056 829320.2011288666
1059 829878.5975805534
1066 830374.5548893572
1078 831103.1094987910
1081 831998.8882478656
1082 832548.2838315241
1085 833017.9899893659
1089 833051.9780492139
1095 834606.8632432545
1100 834995.0057862112
1101 835174.3116273527
1103 836782.9151926731
1105 836899.1465068307
1111 837011.7054269473
1121 837154.6757249145
1124 837722.6734625312
1127 838105.1641018718
1128 838620.7527078111
1129 839383.7434671960
1134 839799.5912925391
1136 840358.4833192517
1138 841104.1240105476
1140 841323.0078542483
1141 841505.9603844435
1142 841812.5022626859
1149 841823.7569645752
1151 842263.6571144494
1159 843324.3343931223
1171 843589.9987327143
1181 844548.2509440093
1191 844772.8272855298
1194 845056.0269256603
1201 845496.4030706263
1209 845652.4018124234
1211 846008.8122857360
1217 846457.3497513304
1218 846531.7044586398
1219 846636.3908150381
1225 847149.1333555749
1235 848176.1384213192
1239 848427.2579946809
1240 848964.4270126080
1247 849573.1953665698
1254 849609.0030496017
1258 850506.5824183085
1268 851352.6951457425
1277 852166.9526765882
1281 852576.3283169387
1284 852614.6664909791
1286 853916.2571486508
1289 854213.0833089174
1292 854741.0204824670
1296 855479.5890030096
1297 856133.4537899607
1298 857101.2232767302
1311 858317.7336315151
1314 858845.2848876622
1315 859285.1978766189
1318 860621.7703181689
1320 860935.3261943466
1325 861645.0072544439
1335 861801.1355874836
1340 861950.2180841661
1346 862143.7063686152
1347 862330.9270729522
1354 862419.4554870861
1355 862812.3007306166
1356 863093.0399158220
1359 863531.3108851535
1361 863844.4353049120
1364 864724.6455411620
1366 865491.1960435066
1370 867382.5037807366
1372 867525.0388343851
1376 868321.4764318496
1379 868598.3214574177
1384 869182.3092277050
1392 869859.0839159490
1394 869893.7563580024
1397 870552.4967565212
1403 871027.0073899928
1408 871330.4584543296
1410 871952.3038434418
1430 872752.2766920468
1433 872832.1807704094
1436 872836.2100390105
1449 873436.0305726221
1460 874351.3521339789
1474 874459.7368592632
1498 875115.4327992662
1501 876048.3207554660
1508 876933.7174177613
1511 877787.6415421328
1515 878202.2291608648
1520 878241.2428635329
1522 878924.9130516355
1530 879878.2622278767
1532 880057.4614177606
1536 880141.3860496336
1538 880444.2648302350
1546 880739.2125592368
1553 881630.0965554948
1572 881687.0652789980
1575 882511.8267689890
1576 883159.9791899804
1578 883453.5175108865
1592 883642.1489680705
1617 884030.9758063044
1631 884241.1801292636
1633 884446.1041134424
1637 885024.9833199919
1639 885187.9196619733
1650 885996.8103220746
1655 886213.8861308263
1661 886767.6317929953
1663 887680.7517136050
1670 888503.7477586984
1674 889320.4372557804
1676 890213.2409228469
1677 891061.9430985793
1684 891685.3597258589
1688 892379.8256081137
1695 892489.2925371818
1696 892788.0729056291
1699 893034.1169873060
1702 893734.0688465025
1703 894545.0008366735
1705 894555.1851551374
1708 895136.2716098670
1711 895585.2073600850
1712 896078.2021122301
1714 896630.2189433631
1717 896631.3238914543
1725 897666.1691174029
1739 898318.8967455402
1741 899160.0033860783
1742 899930.1679367024
1744 901228.0109958844
1747 901617.5579383767
1752 901795.0159550830
1755 901975.1789118483
1760 902583.1158008360
1761 903386.7208707327
1763 904055.7577709539
1775 904660.7432888903
1777 905305.7471886898
1781 905493.4893697303
1785 905522.0086409631
1790 905898.4864437713
1792 906882.3163223211
1793 907530.5016080301
1808 907965.2056328454
1811 908423.6899731874
1813 908500.1149303153
1814 909276.3647600793
1825 909493.3276940652
1829 909967.5210249022
1844 910767.2677383666
1852 911092.0653929312
1856 911393.6662307516
1858 911829.6116420573
1862 912528.7461729675
1873 913326.3770549564
1876 913884.9223958940
1884 914207.5858708989
1888 914489.0968216544
1890 914792.3890686651
1893 915125.5694192208
1900 915926.8045028547
1901 915993.1956488302
1909 916575.3580829520
1910 917032.5132429219
1918 917034.1080854130
1921 917262.9567894881
1925 917438.8971394518
1926 918261.4164668310
1927 918323.1107293213
1928 918820.1875725668
1934 919632.7860940468
1936 920265.7547093814
1939 920373.9824311727
1941 920576.7502121786
1946 920681.6367232868
1953 921659.4064150263
1964 922372.8082806071
1971 922746.7245613338
1972 922872.5038975031
1974 923388.3676500100
1987 923509.5699056591
1988 923748.8151911201
1997 924046.7383055192
2004 924636.7012680999
2008 925417.8139211378
2015 925802.7021801741
2017 926097.0850766121
2020 927235.6961896323
2032 928225.8050651002
2033 928975.3708217724
2036 929855.4554030355
2038 930535.2341791486
2041 930570.2442301755
2043 930835.9566632296
2044 930917.9129415638
2047 931166.8121693417
2051 932557.4452745748
2052 933272.8991060024
2060 934133.5530775868
2070 935116.8140874365
2079 935954.3053804062
2082 935977.7747753428
2083 936870.9107978729
2091 937744.6358735810
2092 937776.3077736681
2099 938345.1601795322
2101 938634.7620777461
2103 939602.5594954225
2105 940080.8504059076
2112 941513.5418086625
2113 942009.7300186522
2117 942486.7069104131
2123 943416.1810124343
2126 943878.5007988857
2135 944255.2847524574
2142 944292.1457435212
2151 944370.3567356877
2152 945220.3025981477
2156 945340.6826912860
2157 946015.0922328745
2166 946325.0373064866
2168 946968.5527429993
2172 947140.3239130067
2173 947888.0832221129
2176 948532.6624387540
2179 949998.4067414640
2188 950974.8710687672
2203 951568.4156673802
2204 952021.1667182532
2205 952386.3395148048
2208 953141.0980507021
2209 954003.2904290789
2219 954859.6652619272
2222 955055.4431773811
2223 955707.3963222476
2224 956428.3162504849
2228 957383.8778151390
2237 957801.1376864321
2240 958069.3674151121
2245 958212.8365048914
2256 958275.2120531115
2260 959102.1785157217
2262 960039.9834310598
2268 960562.7486445614
2269 961470.3363118897
2274 961652.8334616330
2280 962065.5797831209
2281 962073.9043256113
2284 962924.7805869702
2291 963368.0233964863
2294 963530.6371788019
2300 963592.1494940659
2305 964350.0206587940
2313 965067.9843159720
2314 966027.8848978223
2318 966247.5291351195
2320 966266.4355459498
2325 967159.1222584866
2339 968127.9472014363
2347 968971.6528218311
2353 968990.3107001248
2356 969164.1618580640
2366 969481.1198471262
2367 970185.4885902494
2368 970879.9665081003
2371 971269.2043671643
2376 971694.9326839267
2377 972459.7032347977
2385 973273.6588158606
2394 973551.8357655196
2396 974495.8122595579
2401 975164.6811255490
2407 975213.4607144298
2408 975622.0685749125
2411 975917.2567147040
2412 975921.1833872163
2422 976893.5510284414
2426 977455.2158138246
2442 977458.4119482695
2443 979400.1465883543
2445 980067.2973469913
2457 980674.2628643139
2459 980721.7314043925
2464 980723.2203812182
2466 981199.1852153766
2467 981850.3286096017
2468 981917.8497106634
2469 982872.3138925151
2475 982888.0556371392
2478 983255.3412176319
2479 983678.3411208143
2487 983861.7120031998
2491 984506.6103764902
2497 985019.7630995094
2502 985213.1568222810
2505 985335.4842635206
2513 986025.7721867621
2517 986126.8568475550
2520 986656.4713205722
2526 987588.0260497456
2528 987835.4042320388
2553 988462.0530539360
2563 988581.9209880024
2564 989456.2746088521
2566 989724.0112176376
2568 990309.0241867290
2574 990837.5172197378
2576 991080.8109134614
2580 991379.8886769322
2583 992087.0512139529
2588 992474.0847013246
2591 993271.4391025287
2603 994152.7710798930
2622 994664.7127967420
2626 994771.0477105797
2630 994864.7513678438
2636 995589.6989136587
2653 995678.9185476813
2666 995749.0928970799
2684 996178.9546625641
2686 996468.0551499098
2688 997277.9165022955
2689 997429.4496461252
2694 997747.7410832772
2716 998030.0140503773
2727 998245.3093096283
2730 998368.6514561058
2734 998370.4331192106
2740 999247.4753695800
2741 999391.0357807587
2746 999535.3553287608
2752 999613.7623230107
2765 999940.1179538869
2773 1001175.2852838573
2775 1001266.1955117394
2785 1001604.1392010060
2796 1002190.7891885875
2797 1002380.8019034679
2800 1002543.7077548474
2801 1002913.0095759486
2804 1004263.8220649486
2807 1004320.5367683980
2809 1004544.9466773601
2811 1005032.0906906411
2828 1005039.2304668820
2829 1005340.7679087016
2836 1006085.9464383242
2840 1006194.9402217859
2843 1007143.5744272261
2848 1007157.6250387089
2849 1007500.1990365349
2852 1008479.0372891618
2856 1009155.8778253796
2859 1009815.8265265927
2860 1010236.7969998661
2869 1010794.8448796934
2880 1011661.2657622099
2907 1012215.1558158366
2909 1013190.4026147670
2911 1014121.4685984940
2913 1014789.2404634536
2914 1015024.3620297064
2920 1015372.1189987415
2926 1015506.2597012352
2929 1016191.0503892407
2933 1016693.4888715059
2937 1016875.9628498376
2938 1017043.1906453370
2948 1017454.5050782585
2971 1018351.9922295642
2975 1018371.1993767334
2982 1018492.9073968189
2984 1019076.6250656769
2997 1019333.1710706931
3004 1019418.9212758687
3014 1019639.6767135529
3020 1019704.1003554804
3021 1020234.8801570558
3023 1020825.0227240553
3025 1021419.2611662596
3028 1021998.8212217506
3035 1022368.3606842068
3040 1022528.9860271099
3046 1022819.3911660331
3049 1023880.9628904153
3066 1024679.6513495281
3067 1024962.5215331423
3092 1025751.6537882513
3094 1026660.3087289503
3105 1027545.6536680677
3110 1027896.8302632511
3114 1028418.3110836145
3115 1028693.5893844189
3119 1030188.6189948375
3125 1031179.9334051856
3126 1031464.6027715110
3136 1031869.0110239289
3142 1032007.9428920570
3144 1032148.7079545037
3154 1032266.9681518888
3158 1033040.9593569558
3166 1033615.7281769906
3170 1033941.0001502213
3172 1034153.7351531263
3180 1034978.2013874301
3189 1036595.9772629526
3191 1037290.6041547995
3200 1038122.9995263254
3212 1038161.5928412559
3227 1038726.2474675985
3228 1038970.3222053509
3229 1039123.8022401080
3231 1039958.2388693045
3232 1040007.5915246969
3238 1040159.4428188988
3245 1040465.8147884669
3247 1041049.4044759666
3257 1041091.9734504235
3260 1041562.2165936742
3265 1041589.5894738766
3267 1042583.8637027933
3277 1043068.3883335685
3278 1044118.0885950822
3287 1044210.5640019334
3289 1044823.5949881952
3296 1045271.7986500722
3297 1045982.9876957568
3299 1046598.1330489569
3308 1047073.7137739357
3310 1047149.0973220064
3318 1047835.9275792706
3324 1048229.5891359204
3329 1048279.1305500244
3334 1048280.1829359103
3354 1048747.7999099472
3355 1048909.9135381037
3363 1049511.6991227129
3364 1049516.0550942994
3373 1049519.0526461964
3402 1050073.5417007993
3405 1050190.0234256156
3408 1050566.1110174689
3413 1050575.3143924486
3422 1050776.9610037410
3423 1050994.9996882563
3424 1051294.5129723502
3435 1052225.8243133982
3436 1053700.8972290333
3447 1054619.6716516421
3458 1054855.9691565949
3461 1055386.1974854886
3470 1055897.7705273009
3473 1056433.7037959436
3481 1056763.7789550442
3482 1057404.6565288743
3484 1057797.6611229626
3486 1058439.0384653134
3494 1058945.9255701604
3503 1058973.5783256982
3509 1059369.5420679634
3517 1060054.5458318389
3534 1060293.8308482354
3548 1060492.5695568754
3549 1060498.7799434203
3563 1060912.4323402408
3569 1061908.7640534798
3571 1061963.5845916772
3576 1063405.7329116056
3583 1063466.2945313051
3594 1063560.7103750997
3608 1064511.0800377764
3612 1064851.7253354951
3623 1065709.0167375624
3627 1065762.4542423328
3628 1066381.4640736321
3631 1067161.3775575282
3638 1067730.8976723431
3641 1068223.0994813009
3648 1068589.8731789852
3649 1068599.8560581887
3650 1068945.5428134853
3653 1069048.0203162669
3659 1069208.2410192075
3662 1069919.1290306705
3676 1070126.6389460682
3678 1070403.5010726117
3683 1070583.8179436214
3684 1071030.5235207286
3686 1071378.9380990157
3688 1071394.5824951585
3690 1072476.9193831845
3701 1073436.1956619539
3703 1074036.5427001612
3709 1074155.6490995353
3720 1075102.8296802358
3744 1076011.5164605312
3745 1076507.1883124602
3749 1076850.9653611502
3767 1077669.4364419300
3774 1078095.0996943011
3778 1078095.7659331216
3785 1078152.6053913599
3790 1078223.1543124809
3802 1079037.9786963225
3818 1079086.3405498986
3820 1079603.9731214675
3821 1079906.7487290544
3837 1080547.2929503371
3852 1080838.6035170988
3853 1081018.2147537933
3857 1081761.8996547372
3859 1081974.5308636562
3866 1082670.5486966271
3871 1082890.3604692705
3876 1083301.3711659084
3879 1084162.3772388895
3885 1084632.2568732589
3887 1084949.9742104590
3896 1085201.6943082379
3901 1085524.6457919120
3919 1085670.7738628956
3930 1085670.8024835188
3936 1086325.1196654511
3944 1087187.1527120485
3949 1087808.7354485027
3953 1088310.2226475021
3962 1088630.8903447147
3968 1088897.8133196195
3978 1089280.2731075254
3987 1090075.7915570005
4000 1090227.6564330386
4005 1090846.7228853079
4006 1091778.4945779124
4013 1092487.0649256397
4018 1092572.5166972775
4033 1093454.9369136887
4039 1094324.7898023229
4041 1094610.3970398358
4049 1094693.5407884012
4052 1094850.9789604079
4055 1095442.7472860429
4065 1095710.2884736792
4066 1096432.3372900710
4079 1097015.7453581342
4087 1097253.6441354232
4100 1098201.5984094345
4108 1098219.1442294447
4119 1098618.4825142846
4125 1098800.3710746162
4133 1098801.4568286485
4138 1099031.5369466655
4140 1099549.3721623765
4149 1099618.9840169994
4152 1100206.4397855729
4156 1100637.8490924276
4157 1100787.9215655276
4174 1100898.1541692445
4181 1100931.5877277376
4194 1101722.0140615185
4195 1101723.3437468782
4215 1101934.2515070501
4216 1102061.2541871979
4224 1102370.9500221722
4231 1103467.1080710713
4241 1103745.7289209848
4248 1103750.1551246466
4251 1104526.1526927419
4253 1104804.5180190615
4256 1104816.4996829282
4257 1105151.1303714041
4259 1105159.7658121989
4275 1105901.9315146606
4279 1106339.2721002195
4292 1106459.7300672648
4311 1106527.3524242004
4324 1107094.2917640524
4325 1107849.4547051520
4335 1108088.4274351646
4340 1108247.8837651035
4349 1108383.0364045971
4355 1108765.9952010412
4372 1109019.2273470405
4379 1109679.6509090106
4388 1110182.2713660640
4390 1110822.6709269434
4413 1111066.2153483906
4423 1111233.0958716264
4430 1111755.9795287002
4434 1112262.1379318452
4442 1112302.1002832155
4458 1112625.0496131023
4476 1112837.5693251358
4480 1113387.9005775840
4488 1113422.7197755948
4489 1113767.3769462348
4490 1114319.8736775925
4494 1114661.4294576608
4504 1115582.3895838007
4506 1115694.9579245802
4514 1116570.3674677254
4530 1117272.5133938678
4549 1117303.7088950470
4559 1117655.0940468698
4562 1118289.9157849285
4572 1118877.2871957296
4592 1119324.3811947969
4599 1119377.1962289803
4607 1120066.4221345820
4610 1120309.8124702761
4619 1120984.5934732144
4635 1121452.8755144780
4652 1121642.7393070371
4655 1122627.0680260903
4662 1122714.1456135041
4663 1123157.6136973782
4665 1123210.1267524974
4676 1123334.1355478836
4679 1123859.0288053588
4680 1124185.4337236604
4684 1124646.8769504502
4688 1125347.4250479054
4690 1125605.2322616826
4707 1125919.5404788232
4710 1126252.4127528379
4715 1126416.5104190931
4721 1126752.6248344018
4729 1126922.0932043607
4740 1127497.5976232735
4746 1128182.1984591978
4752 1128518.9699223405
4753 1128546.4890101315
4757 1129799.1006596773
4764 1129861.1461276794
4773 1130185.6909506423
4783 1130520.3038097851
4786 1130753.8360830038
4815 1131473.6320763396
4834 1132354.7518391889
4835 1132946.0310453228
4839 1133168.6576071368
4847 1133413.6471019993
4849 1133967.5338650632
4868 1134604.5969815049
4873 1135310.4130317303
4880 1136089.6065378808
4906 1137137.7415736341
4913 1137724.6070824063
4914 1137876.7151416256
4922 1138418.4282011006
4923 1138612.9187264303
4936 1138711.7079875679
4942 1139229.8491149009
4954 1139817.4993211457
4975 1140769.1940611808
4977 1141280.8808995066
5032 1142132.3895036010
5035 1142902.0995586533
5040 1142906.3152678178
5044 1143226.8333922829
5047 1143442.2043216533
5061 1144155.7274885771
5065 1144473.0345059026
5068 1145082.0786743017
5071 1146354.2773322347
5073 1146516.5751882731
5088 1147319.9278103048
5089 1147396.4563179163
5095 1147562.4256403798
5099 1147564.9256111407
5118 1147777.4726751545
5122 1147899.5593004378
5126 1148232.6537179351
5155 1148234.5856155886
5166 1148849.8534280972
5168 1149382.4603054752
5172 1149775.6879645609
5174 1150098.5654850497
5185 1150168.9981877746
5198 1150766.2382832582
5205 1151290.4815053216
5274 1151388.5146729222
5295 1152286.3959298211
5316 1152895.7179959274
5317 1153295.1258183366
5333 1153708.1939184708
5353 1154565.6044841493
5359 1154883.3205810171
5377 1154921.1540808731
5381 1155414.5705535945
5382 1155540.9420564203
5388 1156070.4681216364
5391 1156360.7082609392
5406 1156413.3436655009
5414 1156730.3935986375
5416 1156936.0210488888
5453 1157822.0908691930
5465 1158166.9456945716
5467 1158452.2158614527
5472 1159047.0041304270
5476 1159131.1457718147
5483 1159401.8842256318
5485 1159717.4438044755
5488 1160157.2462168245
5493 1160315.8232565888
5506 1160729.3475520581
5523 1161006.7957503721
5530 1161232.9197297692
5536 1161352.7387706477
5542 1161463.9733356829
5543 1161905.2146682169
5550 1162024.9901845278
5554 1162756.7311449950
5556 1163242.0585438926
5564 1163326.8677900292
5577 1165198.5886373073
5580 1166120.7167150960
5604 1166600.3880834209
5608 1166828.2401496130
5639 1166832.1678992666
5645 1166882.7371994101
5647 1167309.7562210769
5653 1167399.2976138603
5654 1167966.6607619552
5707 1168204.2797258531
5710 1168305.7147819821
5715 1168336.1463630213
5718 1168802.1398671549
5721 1168917.3311578445
5759 1169096.8281355023
5762 1169385.8715646216
5780 1170582.9454417338
5798 1170664.7417763011
5800 1171484.2472356188
5807 1171837.8371261584
5808 1171929.0782237006
5812 1173073.3657989763
5813 1173396.2300964789
5814 1173618.7847215501
5817 1173620.7223591271
5828 1173838.6417623917
5834 1173866.8148237516
5849 1174275.3906845592
5850 1174739.5278239241
5852 1175144.7287836329
5865 1175186.2764002813
5877 1175301.6525841660
5888 1175810.5061045319
5889 1176699.7140046470
5894 1176873.8909734003
5928 1177178.9066971019
5935 1177234.8892081969
5937 1177856.5066691318
5938 1178463.8440299602
5962 1178471.1576138663
5970 1178545.3631204991
5986 1179287.1916999668
5992 1179920.6483624796
6004 1180273.2018134082
6006 1180849.7399294127
6014 1180961.1494977460
6020 1181795.2488133695
6021 1182390.9605362928
6031 1182644.1447200482
6032 1182667.2818871723
6041 1182929.8799351994
6045 1183319.8015662492
6057 1184112.4062647044
6059 1184284.8814653759
6091 1184453.8661494937
6102 1184530.3905961493
6113 1184593.2150552450
6116 1185114.3145508359
6123 1185208.3361445947
6139 1185402.4496664417
6145 1185514.8089248105
6154 1185772.2450231845
6167 1185966.9972242638
6171 1186464.5137825063
6173 1186528.5349459667
6222 1186812.1492181548
6250 1186915.9030877475
6259 1187488.0943596803
6263 1188359.1981157600
6273 1188418.9663659679
6285 1189122.8759653927
6303 1190007.9517266422
6323 1190235.9622491237
6330 1191221.8031308649
6331 1191419.4685127400
6345 1191641.7142615840
6364 1191816.7983048121
6376 1191981.6567200257
6390 1192066.4439901256
6392 1192213.8157555561
6393 1192973.2324897959
6395 1193237.6693524353
6407 1193284.0444202716
6425 1193487.3943000822
6432 1193597.9141012952
6436 1193779.3772437726
6437 1193931.1603337915
6460 1194028.5801718612
6467 1194412.9872619046
6479 1194435.2062025596
6483 1194819.3019415301
6488 1195661.0977083307
6494 1196067.2205366469
6507 1196334.6892938102
6518 1196426.5752930960
6527 1196694.8207780034
6541 1196910.2381252991
6547 1197782.3804739346
6555 1197789.7429265392
6557 1197957.6330448126
6565 1198152.3501922269
6574 1198961.8831153873
6579 1199132.4949947863
6582 1199816.5587409332
6598 1200667.5431785120
6625 1200954.0566223005
6627 1201189.2764492033
6637 1201449.9202417107
6653 1201696.6745971390
6655 1202358.1892550061
6680 1203130.4465993866
6714 1203295.0791972959
6715 1203384.3911248755
6742 1204072.1900026491
6746 1204205.4778428455
6751 1205001.1866891857
6757 1205217.8241145757
6763 1205857.1587693118
6779 1206021.9354592739
6791 1206061.0209378544
6826 1206762.5685206312
6850 1207282.6407438293
6855 1207663.8303796242
6890 1208109.4547310674
6904 1208540.0844625919
6907 1208822.6185077382
6916 1209087.6978039034
6919 1209912.6845695868
6937 1210384.8723267436
6956 1210720.4057306875
6964 1210723.9118141935
6968 1211060.6805240151
6969 1211737.3891992958
6988 1211944.7359957772
7003 1212850.3568362277
7011 1213478.0912859249
7026 1213817.3628380836
7028 1213869.0710438001
7034 1214379.7761964160
7035 1215133.7000930784
7080 1215768.5279669473
7097 1215780.4167283988
7107 1216448.0415504100
7120 1216521.8512600472
7126 1217450.9048738354
7142 1217957.4346342958
7155 1218273.2509451807
7156 1218940.5544899292
7158 1219625.2518617215
7193 1220074.7786725755
7194 1220424.0092181519
7199 1221024.3047530586
7232 1221606.1519719099
7236 1222553.3529914240
7242 1222716.8602232854
7258 1223380.8409058610
7287 1223452.4864490861
7291 1223695.2659479713
7310 1223759.6516551336
7326 1223902.2266274772
7332 1224504.1634478280
7343 1224674.0853835901
7345 1224837.8279698603
7366 1225508.9978477142
7369 1225658.8860087588
7409 1225824.6274354937
7412 1226059.5266739172
7417 1226205.6004535167
7454 1226236.5281358031
7455 1226826.1212576581
7458 1227736.5821941982
7479 1227765.7709824739
7480 1228112.8273426695
7523 1228457.6660411973
7554 1228651.0087799630
7567 1229341.2378684555
7573 1230338.2362567773
7597 1230999.9217624948
7602 1231443.2168238526
7628 1231502.8871032665
7648 1231583.7807145678
7655 1231678.1357177207
7673 1231998.3966069943
7678 1232021.1860734723
7698 1232073.8676421291
7735 1232460.4731097962
7745 1233001.1456095979
7763 1233003.5690336782
7764 1233051.9695814573
7773 1233848.6105322305
7787 1234924.2312549325
7804 1235197.8312213717
7817 1235445.0932595776
7833 1235814.3690123775
7862 1236765.1075297645
7866 1236958.3681953768
7893 1237454.8391082296
7903 1237532.2324586422
7915 1238510.9499655426
7935 1238538.8492703547
7937 1239168.3160407206
7944 1239451.8173403959
7985 1239748.5202788247
7987 1240007.4374778341
8002 1240370.1767178981
8046 1240438.2239145369
8075 1240626.9403621589
8095 1241131.0834544294
8120 1241168.0120430093
8122 1241792.7683534585
8128 1242686.4538594536
8141 1242712.9422835021
8182 1242870.8789588257
8191 1243469.8049947345
8196 1243970.2284940165
8198 1244349.6930216148
8205 1244963.9606637489
8208 1245232.3889231924
8243 1245323.9143193553
8256 1245403.8254076657
8270 1245542.7679195593
8275 1246196.6261770239
8283 1246214.9777270677
8310 1246232.1369562871
8316 1246307.8445603247
8318 1246429.6628088576
8326 1246689.5950193149
8334 1247372.0835344379
8340 1247961.9222908097
8362 1249448.7649699268
8375 1249454.9882659011
8382 1250316.2394365079
8383 1250402.5756775367
8391 1250731.6336378879
8409 1250975.8622723911
8417 1251092.6066667030
8418 1251186.9857680041
8423 1251313.9035250158
8425 1251413.0304813317
8456 1251963.2691851337
8459 1252884.1067992130
8473 1252931.5715397436
8484 1253519.8639040492
8505 1254019.1163272716
8507 1254213.6045614509
8509 1254459.4124447987
8518 1255246.3603347801
8526 1255876.9682449566
8547 1256621.0907583351
8556 1256762.6043147582
8598 1256947.8396070916
8599 1257554.2789335300
8632 1257616.6940977997
8636 1257647.2377763540
8665 1257694.7045661248
8668 1257697.2366443321
8673 1258542.2243202750
8675 1258999.5906300300
8720 1259638.4475608119
8758 1260089.5923086109
8765 1260448.7670804521
8772 1261245.8771396470
8782 1261919.4020633905
8784 1261968.0806853350
8803 1262047.6206030196
8818 1262161.9977085530
8839 1262875.1934075248
8848 1263220.4795166191
8870 1263421.5436700438
8879 1264361.0724200760
8883 1264403.3964233673
8892 1264515.9626940256
8893 1264520.0831023275
8919 1265183.1086647138
8934 1266103.5610759417
8946 1266422.6341031222
8968 1266510.2560493459
8970 1266649.8131599121
8997 1267005.2060566889
8999 1267053.6760016077
9000 1267088.3363558468
9008 1267228.1443526132
9018 1267287.4346488360
9028 1267427.8761289560
9030 1267753.3309331094
9040 1267924.3512744585
9041 1268854.5532457284
9046 1269480.4162684362
9081 1269528.1201037758
9102 1269860.3060129783
9132 1269962.0602869149
9186 1270905.8163565719
9203 1271783.3759201705
9209 1272211.1951975268
9216 1272216.2209210477
9220 1273526.0561826751
9234 1273867.9406940078
9238 1273896.8001977608
9248 1274086.5277951243
9258 1274116.7186661959
9269 1274213.4923820100
9270 1274894.3179227610
9277 1274925.0381997065
9285 1276080.4266114072
9301 1276080.4735508026
9312 1276104.0672118850
9321 1276131.0095419339
9322 1276686.2983047937
9348 1276949.6852814679
9381 1277270.6945026496
9390 1277758.9830865627
9420 1278458.4822592279
9453 1278562.8896809390
9485 1279253.9531711224
9511 1279275.1094261108
9520 1279479.1943652837
9522 1279508.4802303959
9540 1279698.7036739949
9548 1279747.7246024369
9555 1280077.3531426874
9562 1280179.6375392633
9596 1280468.8168638898
9603 1281048.2841390283
9604 1281419.2618025704
9622 1282014.0930678912
9629 1282025.5744384737
9640 1282034.2976347036
9641 1282567.8149723762
9664 1282753.6009855988
9684 1282788.5338508696
9718 1282994.1738203980
9759 1283742.5540042459
9784 1284206.7898826255
9795 1284791.4696809340
9805 1284930.7197561660
9814 1285117.3307587518
9855 1285227.9620589707
9878 1285776.8595410346
9887 1286023.2363324170
9965 1286812.9573614260
10001 1286721.9115832143
evaluations raw_y
1 663788.3251294182
5 664004.9995629952
6 665264.5320084366
7 665505.8341554722
10 666483.0960071640
11 667298.0047500571
12 667781.5381805045
14 668759.2927197496
17 669521.0997339776
19 670122.6419032509
21 670510.6883579468
33 671231.1036064295
35 671871.0237175546
36 672275.2979799216
40 672377.3465785268
47 673419.4378026531
54 673815.3191201648
56 673839.3043014703
57 674151.2879950837
62 675084.7274529784
66 677122.8107400187
68 677249.2471481373
71 677590.7157446677
72 678074.8154621520
76 678999.2344915611
77 679070.5010248648
80 679912.7263891231
81 680147.1235217762
86 680970.6663704774
87 681479.0755031352
88 682117.1513631691
89 682453.0582396049
93 683033.9419524664
98 683298.8329827246
99 683483.1123800925
101 683828.4506850353
102 683879.0870287060
103 684015.3939105009
105 684614.8180331213
106 684888.9690601120
109 685938.2083771373
111 686261.4069166888
116 686339.1390133937
123 686773.4323942816
125 687129.1963516161
134 687203.0716227595
139 687680.5334863546
140 688713.5545243530
142 689550.1433018987
143 690281.9687375468
147 691269.8107118744
149 691895.0072140408
150 693692.5170645651
151 694554.4556172348
152 695462.5163825501
156 695896.4773437255
157 696606.0352991332
158 698578.4891142480
159 698942.4391479843
162 699771.3985895235
165 700034.9910313180
166 700149.4399735534
168 700835.7330308660
169 701543.7510420596
173 701705.5057141457
177 701801.7571611552
178 702394.5773707137
179 702862.9526127176
181 704448.6803506474
182 705915.8086946574
185 706236.1998129850
188 706725.0630628087
191 706817.4048746309
192 707115.9526027645
193 707345.5504636450
195 707861.1667281408
196 708008.5810803897
197 708325.5229586629
198 708562.1027590539
199 709028.3812133312
200 710021.1939647733
202 710042.0724357243
203 710455.7981749745
204 711024.1336968989
205 711863.8471714999
207 712585.1919315862
214 713493.7553430210
218 714115.5706788650
222 715002.3993812778
223 715461.7420317548
226 715821.6439987506
235 717023.2826043811
236 717576.4785275145
243 717966.3528357350
245 718394.2370842986
246 718825.7825729618
247 719586.9031913853
248 719828.8594858573
249 721222.2984636836
251 721484.3260700837
252 722279.1078012878
256 722899.8494763068
261 723970.0212950498
262 724099.2277677882
264 724382.1542757343
266 725694.1720384591
269 726755.6540888778
275 727460.4538762667
277 728281.6147091361
279 728538.4764721160
281 729744.8599880002
283 730409.5673273606
284 730856.5628562877
285 730959.0155989265
286 731114.3267904921
287 731786.8235998992
288 732147.1095181950
293 733562.8184513588
297 733933.8893142970
298 734357.4356907216
303 734447.0213840832
309 735349.5932762816
312 735879.9595346651
313 736428.7912660784
316 736836.6761695213
317 737510.7996389631
319 738324.3615988615
323 739067.6271159045
325 739163.5211253485
328 739173.5683150049
332 739850.4030525876
336 740026.7124553728
341 740165.1180077344
348 740287.1118975582
349 741054.0424529889
351 741893.1436187089
352 742060.0916118221
357 742981.4624022095
372 743493.4340317594
373 743869.6613071478
381 744516.3544464068
385 745346.1773124530
386 745661.4160284854
387 745700.5159020452
389 746258.6829697934
390 746536.2183808922
391 747515.2980778669
396 747677.0453478780
408 749419.9488398525
409 750085.9713733630
410 751034.6872670879
411 752355.8491122047
413 752795.6986443145
414 753146.8593850277
416 753619.1729617108
419 753748.0763535645
421 754460.7251176568
422 755157.4288051389
424 755528.9780089629
425 756190.0630811054
426 756390.1585637531
434 756925.6832601258
435 757624.9533860773
447 757700.4587570945
451 758046.8383830655
455 758306.9041595194
462 758578.8235200127
463 759514.0765445603
468 760098.8054469520
470 760181.9718475875
475 761110.8028287446
483 761341.5034623714
489 763450.1723199701
491 764297.1882002400
492 765253.9122648665
495 766284.5148917403
497 766886.4937127758
502 769132.6846163964
511 769168.0349789733
518 769720.8240733340
523 770161.4009975344
526 771037.7662871522
528 771604.5529994190
529 771615.0443799146
539 771895.1398272328
540 772172.0072086222
550 772559.8813967978
551 772763.1898879091
557 772910.6558002492
558 773357.1671674064
569 773533.6061844244
573 774024.8915025172
576 774398.8347226466
578 775119.3284788789
584 775319.9309732636
592 775964.5256988378
600 776737.3089290214
604 777205.9736312146
607 777875.2991507516
609 778335.3005349612
611 779852.9716684230
614 780565.6794968202
616 781419.9268108833
621 782408.1080766828
622 782931.5193265289
624 782997.8538223593
628 783376.2921428994
630 784034.2858052967
633 784617.5472221250
636 785566.3206860151
649 785732.0928795119
652 785977.3252034294
654 785986.3532696965
658 786270.0949906063
664 787318.6926060898
665 787841.5516462188
666 788833.4197327105
670 789538.6761602688
671 790498.5169473982
678 791396.3205139796
685 793252.5472631321
686 793536.1605256890
690 794191.9544506947
691 794210.1869784604
700 794955.5497655869
702 795038.0476704878
706 795338.8832438950
714 796249.2191125283
718 797202.2496020737
725 798258.5214743933
730 798260.7197492039
735 799678.4749550896
736 800379.2883622653
742 801013.9196816200
751 801428.5225634867
756 802378.0043001838
767 802522.7189182513
768 802999.4561464468
772 803004.7446203210
773 803563.1748850396
776 804166.9882842080
777 804912.5067050945
782 806054.6463781510
793 806596.9855290807
803 807325.3536932699
807 807585.9937684681
808 808459.8680911370
811 808726.6183870088
814 809404.8432597033
816 809554.4938148322
826 809989.7436868157
838 810956.1287847358
841 812055.8623307925
843 812925.4168433337
846 813367.7573792858
847 814537.5710703253
850 815918.3278403896
855 816774.9826532244
858 817708.0760347662
865 818545.9242465787
867 818892.4562050028
871 820109.8301330210
878 820603.0633391155
881 821532.9501376391
884 821896.9986517595
886 822326.5688826774
889 823910.1560475841
890 824175.5734412407
892 824700.7119816896
895 825065.4723637755
899 825452.9302101099
900 826295.1932687865
907 827115.9286709878
910 828081.1993312577
911 828470.0792312936
912 828869.6218229928
913 828917.4442589924
916 829533.3722205966
920 829924.3434414921
921 830019.3861195437
923 830138.4882952140
926 831075.8456292783
928 831084.1183754245
929 831727.0221255500
938 832111.7383807276
946 833013.6529931145
949 833962.6276160427
958 833989.9319913576
960 834599.4336453230
962 834865.2085795552
964 835493.5915507569
969 835638.9912615046
972 836283.8813434177
976 836413.3197134534
978 836787.7557317069
981 838435.0668588112
983 839424.7150086770
984 839870.7156063075
987 840087.6861673436
992 840125.4657506568
1001 841093.3178644698
1002 841269.9762225435
1019 841294.9770365305
1020 842246.6659108941
1024 842683.8444493365
1029 843187.5915322585
1030 843400.4479485984
1036 843973.6585899572
1039 845550.8622398487
1042 846056.3139282217
1053 846743.4993120651
1057 847511.7435926284
1077 847746.6129914854
1082 848158.3780734784
1090 848447.1409664822
1099 848669.9266028422
1102 848920.6583589296
1111 849228.6671034773
1114 849261.6750071789
1115 850117.7737571022
1116 850174.5857516129
1125 850945.2284394155
1134 851543.2765662185
1138 852023.8209627747
1143 852161.4047642895
1144 852482.9651013365
1145 853692.2471987123
1148 853911.1279080769
1157 854021.8677354539
1159 854858.7187329495
1161 854946.9041637803
1162 855646.2715003404
1166 855765.6819502106
1170 856236.4839655173
1171 856354.0156746000
1179 857798.2627220935
1188 857938.0861956149
1191 858860.9698511942
1192 859049.6278129151
1193 859387.9298720352
1195 859429.7736171187
1210 859613.5050123356
1214 859936.2246273150
1216 860461.5920789944
1218 861374.2859292992
1220 862164.6972657788
1223 862607.7733148499
1228 862938.4424264361
1234 863899.0389451548
1235 864647.8401028991
1240 865494.4534409702
1241 865757.3336016223
1247 866382.6831604867
1253 867204.5034664558
1255 867738.9419128100
1258 868551.6117143943
1262 869578.7422074837
1263 869859.5319390368
1271 869893.4759390655
1276 870307.4317511516
1277 870600.0998399872
1282 870979.6561815529
1287 871416.1932772190
1299 871931.9451590864
1300 872235.6733213357
1301 873212.2391369664
1305 874127.3956874846
1308 874211.7169043737
1309 874569.4953642375
1314 874943.6563780515
1316 876859.0852842492
1320 877244.6101103877
1338 877563.4417495773
1339 877715.1033091906
1342 878852.2332395131
1346 879594.5498344816
1347 879602.5729341418
1348 880530.8193301013
1349 880874.6768123148
1352 881089.5339288842
1355 881491.3451836469
1358 881609.0860116852
1359 882175.4479311577
1368 882481.7596343393
1387 882708.7309724360
1389 883389.6401091340
1391 883892.8887167682
1393 884648.1325173150
1399 885121.2766726009
1401 886524.6104388342
1402 886728.0148050570
1405 887657.7403429231
1406 887949.6491325056
1408 888790.7427243886
1412 889242.7194059842
1417 889563.1477662014
1421 890091.8483179597
1422 890434.6107429365
1431 891146.5969252164
1440 892084.5798954203
1443 893553.0995618051
1448 893746.0075014101
1450 894348.0374367525
1451 894664.0724994439
1454 895562.3913452510
1456 895779.8622203118
1460 896340.9732962173
1461 897249.4924822146
1473 897893.6702838353
1474 898818.6561759999
1476 899178.6357857253
1478 899553.5851481633
1482 900281.1119244291
1491 900407.1269513605
1495 900456.2757859230
1498 901193.6982722816
1500 901623.2543091467
1503 902057.0253476443
1506 903349.3665365706
1509 903771.2122335655
1518 903837.8307315380
1520 904020.0468032360
1522 904597.8526642090
1524 904741.8170018955
1534 905632.4874771695
1538 905950.2836329425
1541 906066.1732454831
1542 906567.9183022981
1547 907231.9209912022
1556 907306.5896617670
1557 908250.5610049089
1562 908315.4167354034
1568 909455.2960655994
1574 910208.5636422844
1585 911119.4007304759
1589 911890.1368081162
1592 912215.1261486455
1595 912396.4548813136
1599 912536.5631500481
1600 912928.9893062088
1608 913865.6805326653
1610 914015.9379055708
1611 914560.2627365452
1613 915485.3356875095
1618 915830.9188734259
1627 916373.2391512155
1630 917469.3092075348
1635 918615.5508274235
1642 919557.3561844431
1644 919756.1906424485
1645 920655.1442195929
1648 922493.4670999749
1651 923138.8288132165
1656 923971.8449288759
1665 924002.1508768400
1667 925394.7180159750
1675 926367.8075007162
1679 926784.1571979678
1687 927397.5365911167
1695 928604.8321472402
1711 929988.6064956613
1714 930336.2605294632
1717 931043.0033822887
1719 931272.6533129457
1720 932070.0890987697
1724 932270.1223364455
1727 933206.7478843775
1729 933294.4028322147
1730 933969.6740734082
1739 934097.9681374067
1740 934954.4968224395
1741 935711.8123002285
1743 935718.4202603296
1755 936351.7902583204
1758 936862.7054099839
1763 937562.9143792171
1764 938333.6602196406
1773 938382.6327502748
1779 939944.3221317716
1786 941275.1858762949
1789 941456.0189185842
1790 942408.9888765776
1792 942758.6503211214
1798 943166.8180350439
1818 944289.3418787094
1820 945006.6306600617
1823 945419.3650114312
1829 946319.0272244499
1841 946704.8238540154
1850 946758.6133069368
1851 946855.9468712743
1854 948241.3600250996
1856 948496.5080639613
1858 949295.2684683915
1864 949488.7252548670
1866 950673.4762123593
1868 951030.3267366146
1870 951284.7713650288
1874 951382.4822064702
1878 951661.7826839292
1884 951756.2040849818
1897 952749.8212525820
1899 952926.7110971950
1910 953912.9372769562
1912 954617.3636279963
1918 955262.2889307952
1924 956193.7041478028
1937 956354.6234318028
1946 957076.1880263196
1951 957616.4273019527
1967 957683.8214885498
1972 958339.5515010987
1978 958935.2912031520
1979 959124.5616506643
1989 960108.2841937373
1998 960348.4741109308
2002 960563.9319129300
2004 960640.9123450222
2008 961090.4085469022
2021 961708.3258597461
2035 962691.2684309048
2042 962816.9236908378
2043 964135.1155206256
2051 965166.3368526858
2053 965427.5712302739
2055 965967.4482591650
2068 966138.2920516134
2071 966374.9970321197
2085 967257.5996080965
2088 967433.4589933761
2093 968076.9127082126
2104 968419.7245319050
2124 969080.0584216530
2132 969552.9192221010
2137 970345.3289328257
2142 970668.8991807773
2144 971339.0368015751
2149 971690.7111999266
2153 972310.7878976555
2157 972681.4454448411
2171 972849.4105362203
2175 972865.4108809899
2181 973664.6332785169
2190 974904.1445487316
2204 974975.3629929124
2205 975181.0730629046
2209 975614.2407519369
2218 976454.1079173703
2225 977006.6680981040
2236 977441.3118764687
2240 977969.9146473956
2257 978011.1973679534
2260 978147.3343147183
2265 978986.2148279959
2275 979247.0394729045
2277 979537.4440778176
2280 979655.8809729795
2283 980550.1489780041
2289 981986.6018440756
2290 982458.2613828646
2292 983221.9350852582
2294 983653.6043071960
2299 983900.4709254361
2304 984112.3528866882
2310 984622.3714124940
2313 985134.5563804609
2319 985431.3782985943
2321 986879.0534455067
2325 987479.6189582821
2330 987580.2558328268
2335 988368.2279238403
2337 989061.3755224525
2338 989875.9356245685
2350 990691.3755676363
2360 990918.1526247164
2361 991272.9059657671
2374 991289.8607546618
2375 991409.7454069305
2382 991973.4803496482
2387 991977.7004787775
2391 992925.9549250504
2392 993492.7704602361
2399 994425.2423658607
2406 995082.6558816927
2408 995486.8035730157
2413 995775.9306654216
2415 996227.2811750709
2418 996306.6577545406
2425 996772.3926502082
2432 997755.3330707246
2434 997975.9902612356
2446 998141.2262790032
2451 998691.5607167335
2456 999561.3052900027
2466 1000271.7674033374
2480 1000602.5858562741
2482 1000729.3875169666
2489 1001698.1949042411
2491 1001762.0217403165
2498 1002125.5922832729
2506 1002507.8306463745
2509 1002797.9634472575
2512 1003495.2763039123
2514 1003556.3186604771
2517 1004435.7240824981
2523 1004742.1064756386
2528 1004900.4234272960
2530 1005752.5402149177
2532 1005951.5496226290
2533 1006086.8989043192
2536 1006944.6832724293
2546 1007042.8317015462
2554 1007700.9851359060
2559 1007815.0494413170
2575 1009431.9141525574
2601 1010024.5720541958
2607 1011538.4874260768
2620 1012173.2507066500
2624 1013038.0642729286
2628 1013316.6259120258
2635 1013836.3139282491
2637 1015258.9686711740
2645 1015950.1313210737
2647 1015996.6479151970
2663 1016338.3211539580
2672 1016843.6165699217
2673 1017479.0452626258
2674 1018152.3534705426
2687 1018318.8274777051
2695 1018688.5138361455
2697 1019376.1996764753
2701 1019576.0990212316
2702 1020091.0177816058
2703 1020352.3438722632
2709 1021479.4881527908
2732 1021638.1191044528
2734 1021843.4100494457
2736 1022066.9909426284
2738 1022677.1648048254
2750 1022800.7919047917
2753 1023208.6170423293
2754 1023373.0480374108
2765 1023831.5564284311
2769 1024532.4344003621
2771 1024919.8966130433
2783 1025147.9433092517
2788 1025465.3224091590
2806 1025761.0204964709
2807 1027041.1890753007
2813 1027716.5761203944
2817 1027816.3135305110
2828 1028106.3150331570
2833 1028506.8260217038
2840 1028626.4848326697
2843 1028877.1397176594
2844 1029566.7415972884
2845 1030446.3697689698
2852 1030551.7496596584
2857 1031184.6920012065
2874 1031266.6385265606
2877 1031594.6618284970
2886 1033072.5053795319
2888 1033136.1238246082
2891 1033221.8369557391
2903 1033453.6915827248
2904 1034072.2811814480
2907 1034332.9296238925
2909 1034518.1306912736
2920 1034740.8126695172
2930 1035067.9870800214
2933 1036129.9041227809
2944 1036683.5946677716
2948 1037113.0400165101
2951 1038072.1428427097
2954 1038530.2862077164
2957 1039318.3750399181
2959 1039659.7518579016
2964 1039695.4097657542
2973 1040217.0667166653
3006 1041210.5275318095
3011 1041498.3827317107
3017 1042086.5201102603
3024 1042211.7023559483
3045 1042908.4336564131
3047 1043077.9761741343
3051 1043880.2291489557
3053 1043921.6899938139
3056 1044845.9733371612
3058 1045006.4595041332
3061 1045936.0736536640
3069 1046260.4059054004
3081 1046811.1229046837
3090 1047154.9209189139
3101 1048080.6620121306
3104 1048375.6994876286
3108 1048494.4867027913
3111 1048737.1510907875
3120 1049157.9992978366
3124 1049667.7232660535
3129 1049713.6853796560
3132 1049920.2625721812
3138 1049934.7001856125
3140 1050578.0153395475
3146 1051451.5116992709
3149 1051806.9007620134
3150 1051886.6812491505
3175 1052869.4069389366
3176 1052905.2483072015
3181 1052916.5916758559
3186 1053023.8282676088
3192 1053663.2052348179
3193 1054423.0189539173
3197 1055342.7839346135
3198 1055627.4350314843
3218 1055850.5702235156
3222 1055956.5740989163
3229 1056664.5193857863
3234 1056690.6470177483
3240 1056714.9285072463
3254 1057771.0059587443
3256 1057984.4119663988
3258 1058512.7082585022
3260 1058901.6080611190
3261 1060177.6434372675
3267 1060382.7972140557
3293 1062344.7780185149
3297 1062857.9850920497
3300 1063028.8646740320
3302 1063540.2839626244
3309 1063815.9619918179
3315 1064185.4065131084
3325 1064395.2495115930
3330 1065040.1041548643
3333 1065171.0489532663
3334 1065576.1051550035
3336 1065662.3940199143
3337 1066233.8939348273
3341 1067081.6106340210
3347 1067342.5676939457
3357 1068134.3522741776
3361 1068166.0984536351
3366 1068275.6221220708
3384 1068543.4198652869
3387 1069521.8943860740
3392 1070169.6139283765
3403 1070180.1693007040
3404 1070589.3389820296
3406 1071016.1894099065
3408 1071709.5863197858
3409 1072374.5465973187
3418 1072416.2191600881
3421 1073325.9512505948
3438 1074228.6218108700
3452 1074328.9538173629
3456 1074936.2263065602
3460 1074943.8043563175
3477 1075775.2189189051
3489 1076365.5809258786
3500 1077133.0519515895
3501 1077652.3830092528
3505 1078640.1500786366
3512 1079438.1197714009
3521 1079563.5270381866
3523 1080023.1977365746
3531 1080457.1251849313
3555 1080573.3274775778
3561 1080881.8878349839
3593 1080989.5525251259
3595 1081608.3521761161
3600 1081927.1200404842
3602 1082281.3747639242
3616 1082300.2111660985
3623 1083243.4144062283
3630 1083660.9430479719
3631 1084081.6307941114
3637 1084132.7168578822
3644 1084253.5233377137
3675 1084911.3933377184
3676 1084971.4064486967
3678 1084975.8129582114
3684 1085156.1106668445
3689 1085225.0084643110
3692 1085534.7268385964
3696 1085710.2406920458
3700 1086602.9505416863
3708 1086853.2769091402
3711 1087271.6456448333
3712 1087705.1816809189
3713 1087900.7704868349
3715 1087973.0815145143
3723 1088308.8698677858
3732 1088966.0775571635
3737 1089492.5382472677
3745 1090268.8250594232
3763 1090744.3426084134
3764 1091246.2184848392
3771 1091560.7725667963
3785 1091776.3577902794
3795 1092284.6271235270
3800 1092705.6126207728
3816 1093174.4520641989
3817 1094024.3670527523
3828 1094892.0556489055
3829 1095140.8168948996
3831 1095486.4249873275
3845 1096093.1625757846
3848 1096352.0015408255
3858 1096780.5271250794
3859 1097573.2807060916
3863 1097853.0642445949
3873 1098127.2323663833
3877 1099446.3758451226
3880 1099602.3728681689
3914 1100310.6667711907
3935 1100425.2400018526
3936 1100631.7572214219
3941 1100816.2921311993
3945 1100969.5569401418
3948 1101137.6493840674
3952 1101518.3911060006
3954 1103369.8644328462
3956 1103814.9402320851
3957 1104197.4294544370
3959 1104374.0655662734
3971 1104379.8270340194
3974 1105315.9873763728
3978 1105464.0092141868
3990 1106251.6657652589
4004 1107185.2087896799
4010 1107206.2738947978
4014 1107329.0926029393
4018 1107399.8143163351
4019 1107735.4198706339
4024 1107738.7219676741
4025 1108445.5543640878
4048 1109102.4094082988
4076 1109960.3308958311
4087 1110080.8865869574
4089 1110387.3694143374
4091 1110512.1439057654
4095 1111269.6036990306
4096 1111486.1343786474
4109 1112071.5599943302
4113 1112361.5803354136
4119 1112592.8246139674
4120 1112889.8292681309
4127 1113198.4660849096
4131 1113902.8851515271
4136 1114058.0656490703
4142 1114741.6568617683
4143 1115145.0733015658
4146 1116059.5648799127
4147 1116585.0667400938
4148 1117141.3423857533
4154 1117900.3321462926
4157 1118046.0906814565
4161 1118232.4137386545
4177 1118854.3064355431
4183 1119653.6772300492
4195 1120198.6062574859
4203 1121143.7293388837
4204 1121519.2984258058
4222 1121860.9222746957
4238 1122386.8417011763
4247 1122861.6982017867
4254 1123025.9922927739
4263 1123823.0658224043
4271 1124074.7940909802
4281 1124945.4625721313
4290 1125151.1391666778
4292 1125204.0492922883
4297 1125447.5273351851
4302 1125937.8379560998
4304 1126132.4308905567
4306 1126517.0346065287
4324 1126662.2219266589
4359 1127388.2299412005
4369 1128298.7064134015
4383 1129156.1870423919
4388 1129588.9712830181
4390 1130284.7740008242
4405 1130919.7601272583
4417 1131838.4379423829
4425 1131846.5176172273
4436 1131879.6468255823
4445 1132476.0841254091
4449 1133198.2087864329
4458 1133441.1395108281
4471 1133946.4203302737
4473 1134589.5447528970
4492 1134794.6613862135
4515 1134833.4764633367
4521 1135028.3301582879
4525 1135085.2438518521
4529 1135420.1209684398
4543 1135454.8124055278
4548 1135512.0774073610
4549 1135565.1497080892
4554 1136008.6282316213
4559 1136569.4413334394
4585 1136776.9976482594
4589 1137677.6530509370
4603 1137847.6208283186
4611 1137899.8665454611
4626 1139073.6476835983
4633 1139675.2166742440
4639 1140129.7425637126
4649 1140437.6585438650
4652 1140838.3854227716
4660 1141230.8323011366
4663 1141243.0319193935
4666 1141322.2682594613
4667 1141337.8447573476
4676 1141536.9179902850
4680 1141580.0953290262
4685 1141726.8699083491
4690 1141823.1700097711
4692 1142576.6062585909
4731 1142579.8302042524
4738 1143668.1445648775
4744 1144241.9069840782
4745 1144918.7304250745
4753 1145363.2846821097
4780 1145937.6663387239
4788 1146161.2085807314
4798 1146692.3632370557
4811 1147221.4886139447
4824 1147840.3333950920
4832 1147866.5859794144
4849 1148557.1095680324
4857 1149074.0144803112
4859 1149825.9021917821
4860 1149838.7908504219
4861 1149959.8511971217
4866 1150576.9644923711
4876 1150802.2503013101
4878 1150848.4352730098
4883 1151570.9246524798
4890 1151663.7852100295
4910 1151864.8040807084
4921 1152301.8018140595
4926 1152687.2447386261
4936 1152817.2051893536
4938 1153417.3941564625
4939 1153478.6173802835
4942 1153781.7426178218
4947 1154005.1433107194
4965 1154534.4143252824
4972 1155350.4727043670
4974 1155542.4172787834
4976 1156308.4178789298
4977 1156669.8051034908
4984 1157078.6264106724
5003 1157117.6958961692
5010 1157589.3691828644
5025 1158118.9802291899
5037 1158409.9180880510
5044 1158549.6642148562
5051 1159107.9974607846
5064 1159283.8559420300
5069 1159488.6871832227
5075 1159516.3644275137
5090 1160047.3903374572
5116 1160848.9384552666
5118 1160987.8481563940
5124 1161058.6517967109
5127 1161270.3072234106
5132 1161717.3883230996
5146 1161806.2926522121
5147 1162352.9354203383
5153 1163075.6131737619
5170 1163408.9965453139
5181 1163456.8771012744
5187 1163639.8291130213
5193 1164078.4436651880
5211 1164537.4546288571
5221 1165199.6849807221
5231 1165352.4287739270
5262 1165461.6090530034
5266 1165692.9697342908
5296 1166130.6295372022
5302 1166231.0090356853
5311 1166881.4236742773
5323 1168274.2922894305
5324 1168489.5754282565
5325 1168651.0111785945
5331 1168929.6751328090
5336 1169746.7096556542
5346 1170189.2298108623
5355 1170534.1252635324
5362 1171088.9066901866
5370 1171277.9616680073
5371 1171746.1208845067
5385 1172489.9379663263
5396 1173205.8915585275
5398 1173208.9225618895
5430 1173637.3421962420
5442 1173767.1952365348
5452 1173984.0524071169
5456 1174221.7004423060
5460 1174284.5567727683
5476 1174586.9570709125
5484 1175079.7293262456
5494 1175828.0776820376
5504 1176051.3452644851
5538 1176901.8451536694
5541 1177021.4363844388
5550 1177769.9058184801
5570 1177849.0377788057
5604 1177925.7028491611
5613 1178522.1165541757
5625 1179566.5353390821
5632 1180079.7009371293
5636 1180123.4488668253
5642 1180621.4476773464
5652 1180652.7314054326
5656 1180894.6206924694
5672 1181476.0004038620
5713 1182368.4729814222
5721 1182759.1862837607
5724 1183463.6579854197
5727 1183563.3038640819
5740 1183721.8434607512
5771 1183950.0009647226
5782 1183967.9016301425
5789 1184141.5140506118
5809 1184290.2580381678
5824 1184386.1841004440
5829 1185661.3734004360
5831 1186198.6420072024
5835 1186456.3534200238
5879 1186590.2878059300
5881 1186997.5160894725
5886 1187102.2576628253
5892 1187337.7316489404
5904 1187486.4630114192
5912 1187739.1429824752
5916 1187757.4996218015
5928 1188366.7868973613
5938 1188463.7298000196
5985 1189006.5421400496
6000 1189073.8491904605
6001 1189177.0334969775
6014 1190012.9612139030
6065 1191065.8649137646
6066 1191119.4177833286
6074 1191429.2611847790
6083 1191531.3775749772
6084 1192148.0915996488
6089 1192280.2400505447
6102 1192468.6464118417
6106 1192853.0588693880
6108 1193401.0558073369
6114 1193776.8548347906
6119 1193788.9808408248
6127 1193967.4148640977
6138 1194424.3053762561
6143 1194552.4155284606
6146 1195375.3989266611
6148 1196391.4460721873
6151 1196501.4713649966
6155 1197159.8110254658
6161 1197326.6876770156
6167 1197505.7716486894
6176 1197516.4821611249
6181 1197682.7369427716
6199 1198054.1282108680
6224 1198174.8745142664
6225 1198588.9992934130
6256 1198700.2262326542
6257 1199633.6666724631
6258 1199652.7682232491
6279 1200117.2929401237
6282 1200351.3327685161
6294 1200547.5850763801
6301 1200660.5275574995
6307 1200690.4197400163
6310 1201104.5661712242
6312 1201364.2199045564
6316 1201597.0804396986
6321 1201737.1101827833
6323 1201748.5844517872
6329 1202176.0680845696
6353 1202282.6191402276
6360 1202369.7168601560
6363 1202794.7654967674
6367 1202912.3346093290
6371 1203728.0583112272
6382 1203825.8795038145
6383 1204805.7712928257
6385 1205109.0996816924
6413 1205126.3910917167
6420 1205380.6744032165
6428 1205692.4871052606
6440 1206372.5590715373
6443 1206925.9637078659
6457 1207492.3291912496
6484 1207741.2055869442
6492 1207741.3964432236
6510 1208241.2580613142
6515 1208480.3641123851
6523 1208674.6496903179
6524 1208744.8705168585
6567 1209450.1550182670
6574 1209624.0967449583
6582 1209670.8906094860
6599 1209908.9292367962
6600 1210329.2136185577
6614 1210477.9324085261
6633 1211010.5459703361
6661 1211197.6147759557
6665 1211448.9596667939
6680 1211952.2836043790
6690 1212082.4913602057
6692 1212730.5013733136
6697 1213518.6533532667
6699 1213820.2428446827
6717 1213888.4024127868
6720 1214342.4069694343
6722 1214721.1718795323
6729 1215191.8154540847
6740 1215647.3064761360
6747 1216628.1964917632
6755 1217486.3922248974
6777 1217718.4367822532
6786 1217955.0366362284
6807 1218404.4530448662
6810 1218698.0424346307
6856 1218863.0599457112
6863 1219391.9253605404
6872 1219596.1403000050
6875 1219602.2747928237
6891 1219958.7538404514
6896 1220360.7339576082
6904 1220638.1660678461
6912 1221364.5644691838
6934 1221405.9698466233
6967 1221636.5423243167
6983 1221692.7633277928
6991 1221695.4591861158
7018 1221730.5696779143
7041 1222140.3355117321
7053 1222144.0655991922
7063 1222879.4846858624
7093 1223746.4653510121
7098 1224879.7859760586
7103 1225125.5022450963
7134 1225174.9184585419
7138 1226436.1810200652
7140 1226516.8885970905
7142 1226886.1627073949
7144 1227296.7057200661
7157 1227531.1951488447
7158 1228358.5659782942
7181 1228539.3323636006
7196 1228852.6833629077
7197 1228886.3492111817
7214 1229044.2684038158
7219 1229232.1219080465
7237 1229370.7141914354
7238 1229398.4400338987
7242 1230009.5700043538
7251 1230322.2597794270
7331 1231139.2416826803
7349 1231540.5967319380
7364 1231654.5180189551
7370 1231913.7377139856
7374 1232329.5615710332
7385 1232555.0163024100
7386 1233133.8606220486
7389 1233231.5681829930
7422 1233722.1733899915
7433 1233851.2038781792
7441 1234231.4779247055
7454 1234513.7736812332
7472 1234702.2541087086
7496 1234949.6463609093
7528 1235205.3520975383
7529 1235431.3793599803
7565 1235774.4399877675
7570 1235797.8352870701
7578 1236445.9920197062
7590 1236997.3440590035
7601 1237106.5530657945
7612 1237270.0491577103
7613 1238230.6353444946
7656 1239539.6117824211
7662 1239811.1562216852
7715 1240093.8387985574
7726 1240498.1290647143
7750 1241055.7727626031
7767 1241905.6872105163
7788 1242792.8114674354
7824 1243572.0426748064
7837 1244144.8870047119
7849 1244316.8818779949
7859 1244873.1916220046
7866 1245152.8814066378
7878 1245747.2750145316
7902 1245757.6533145879
7903 1245766.6186040596
7922 1246151.3548680854
7927 1246390.2600572966
7957 1246724.5568768529
7994 1247499.0399983362
8009 1247818.6579141077
8030 1248673.8045861281
8051 1248704.7458901433
8058 1249121.3040653360
8064 1249333.0930040630
8070 1249425.3117386007
8101 1249640.0794991979
8105 1250621.2133956486
8118 1250633.1441978510
8137 1250879.1992102941
8141 1251696.3905738879
8155 1252222.7960336609
8174 1252690.5977818938
8177 1252970.9419889566
8218 1253351.1495457951
8265 1253769.6210344748
8270 1254011.1838700227
8281 1254847.6237682477
8305 1255199.9609816589
8308 1255898.9412397195
8332 1256107.6752829461
8340 1256314.7406802825
8347 1256700.8251773030
8358 1256826.6961442239
8362 1257528.6443562929
8378 1257538.5681744961
8381 1257750.3064948437
8387 1258139.5249664809
8408 1258524.8730471109
8427 1258575.5969080683
8434 1258691.2836494667
8436 1258997.3736196256
8445 1259363.1251279658
8456 1259718.6347953838
8479 1259811.4466417234
8491 1260401.2192848315
8509 1260499.0826049023
8526 1260693.7687365466
8558 1260700.8274611204
8563 1260917.5253324693
8564 1261437.2296382205
8615 1262037.9856180474
8626 1262638.7822320573
8627 1263374.8363397464
8642 1263874.0170131491
8645 1264044.4496960868
8653 1264903.3455205902
8735 1265528.4778672149
8739 1266124.5567324986
8749 1266434.3584389642
8758 1266667.7406187553
8768 1266832.2419964797
8801 1267195.9508413486
8816 1267196.8957339716
8831 1267205.6073023214
8834 1267221.6845574826
8866 1267506.0573694780
8871 1268157.1809502128
8891 1269108.8553301985
8914 1269211.2796832870
8925 1269361.5500908548
8954 1269655.2700675533
8964 1270013.5471861660
8996 1270218.7474196246
9000 1270655.9591940606
9033 1271449.4026391574
9035 1271497.5825309483
9044 1271591.4189517661
9072 1271877.5687758045
9085 1271981.4967182297
9108 1272197.1231484371
9134 1273110.2594084553
9150 1273190.1335297804
9153 1273259.8016516997
9174 1273708.1014303151
9175 1273829.3286379431
9236 1273946.3133465217
9251 1274722.8343880905
9253 1274935.0490371550
9271 1275028.1456475919
9286 1275460.8085952073
9293 1276070.3388158181
9310 1276113.1421426525
9320 1276422.3117503033
9390 1276591.6345410580
9394 1276677.0391290868
9410 1276679.7085075669
9429 1276974.4292468510
9430 1276982.2736591788
9440 1277128.0418908254
9476 1277343.9726575618
9478 1277522.8659950029
9495 1278019.4251864473
9532 1278630.2362042593
9592 1279495.2749011738
9623 1279789.2645846494
9627 1280029.7261495646
9628 1280241.7591503768
9651 1280418.4502355922
9705 1280688.8863696051
9711 1281137.1207501828
9725 1281434.0817614996
9786 1281748.4405577402
9789 1281936.9522679348
9790 1282273.3696614122
9817 1282278.8256163942
9828 1282409.8012498985
9846 1282687.2349913155
9851 1283142.1591702439
9858 1283483.0141545371
9863 1283560.1069044149
9900 1283743.6893890447
9911 1283890.1002261480
9935 1283990.8775443872
10001 1283990.8775443872
evaluations raw_y
1 701100.1944207104
2 701229.0928755254
5 701814.4672446520
10 702059.7217718716
15 702661.3879173846
17 703461.8802912894
23 703721.8215116982
25 704470.0773307518
37 705258.9669051089
38 705723.7815294735
42 705889.1118903531
46 706530.4810161286
52 706538.5776048693
56 706924.0928619431
61 707790.5540608879
65 708718.9381490729
66 710267.7939891113
67 710534.0580707481
79 710734.9198179831
84 711120.4288692762
87 711180.0429563614
88 711716.5554812734
89 711760.9885445281
92 712688.0685762928
93 713108.0776038014
94 714065.8925053158
95 714547.4856439214
96 715082.5370889584
97 715347.7333650792
100 716338.2489612189
101 718021.1265279090
105 718917.0948098922
109 718935.8458033756
111 719830.9969591059
121 720241.6128577834
125 720452.2093935531
128 721468.4931145174
133 721584.4916882945
134 722030.5141568721
136 722981.4678402077
138 723911.6192832903
142 724629.5538033405
146 725743.5042714258
150 725848.1538549638
151 725916.3519533606
152 725960.0584196413
154 726489.7362324578
158 726761.7544833138
159 727625.1434158052
162 728397.7276738002
165 728999.6426931598
177 729354.7860387776
185 730217.8376372549
191 731079.2007750416
192 731983.6352445688
193 732871.7640026523
198 733211.1774083055
202 734152.4773201769
203 734294.6878550210
204 735053.1705679742
206 736039.7669289885
212 736047.0626513803
214 737089.7798082954
222 737795.0350122415
228 738614.8858079880
229 739063.5298100204
230 739732.9549189449
236 740906.3728826310
237 742558.1684259261
242 743313.5562912426
247 744849.2544844433
248 744979.9852119745
253 745305.9749671041
258 745755.5628588808
261 746559.9878393511
266 747028.7093384806
267 747585.5661936880
269 747586.0931305027
270 747744.5730185304
271 748110.7013022797
272 748823.1776197340
275 748971.0819512670
277 749003.4112648922
278 749496.5178583958
282 750485.7982124478
283 751448.6280654282
284 751734.9378331515
285 752050.0435064042
295 752416.3590098367
298 752994.8798460210
299 753050.3501008118
304 753815.3834543098
309 754580.3638435100
310 756535.7184618092
311 757207.9917803286
319 758063.5289696645
326 758104.9264203224
327 758341.1237299425
331 758639.1884904555
334 759747.6444539105
337 760367.3431730417
339 761179.2668050322
340 761305.5960353434
352 762002.3157112576
356 762093.9854403334
357 763024.9475485840
370 763043.3924410683
371 763909.9097218239
373 764552.4934119807
380 766082.6077544761
384 766818.1685389760
388 766903.5108957434
389 767023.8285874082
394 767411.5471143218
404 767839.6322253182
413 768230.8718844583
414 768735.1246728399
417 768762.8228176163
425 769677.6163999292
427 769926.5986567939
428 770578.4582207964
429 770701.6894905452
430 771312.5987571442
431 771496.7328504116
434 771889.0054763894
438 772037.8115592920
439 772548.5318484837
441 773191.1170261700
445 773441.1166353940
446 773781.7646489962
447 774510.9649286654
449 774676.7145545246
451 775148.1037964927
452 775209.8855984334
453 777015.4815404005
457 777127.5491514825
460 777207.9149688915
462 778039.0148400496
463 778283.3608994737
472 779082.6694529450
474 779664.6117470225
475 780024.3152248033
481 780536.5207710575
483 781109.4936709208
490 781168.4892013968
492 781223.1390433987
498 781228.2383459043
507 781973.3769090055
510 782228.7048329670
511 782692.3682928081
512 783553.7570570131
514 784446.0507228178
515 784929.8620449384
517 785081.5875490139
526 785739.5294166991
528 786311.7304207591
534 786527.8997186908
537 787443.2056173109
538 787587.7391145114
541 787744.0621631844
542 788099.4792210126
544 788378.4173486326
549 788988.3071941456
554 789364.5039618500
559 789469.7166796293
563 789958.3048700270
573 790269.1262482456
576 790414.2298767185
578 791064.9727611286
580 791334.1450893414
582 791722.0398999896
584 792248.0503959741
587 792970.7375734036
589 795834.3216465458
599 796489.5692477332
604 796672.4777882436
605 796838.8307963584
611 796848.7372767294
612 797428.0878894300
616 798526.6971820130
623 799644.8371216664
624 800266.6070719002
638 800881.6031437604
639 801048.1591268224
640 801583.5378553356
641 801753.5288662069
643 801920.4240205885
645 802082.2002833406
647 802690.6930379388
651 803045.1583063233
652 803637.6859868381
653 804204.4239750297
659 804662.8168256424
665 804806.9905805192
679 805312.3866830379
680 805922.5005692700
688 806992.1998182118
691 807163.0097483902
694 808361.0600113558
712 808964.6683712157
713 809447.5346050583
716 809540.0729587850
717 810743.3989853060
722 811599.5461369337
723 811675.2013301707
724 812226.2196969471
725 812349.3958736237
730 812470.9401067875
735 813101.6734817291
738 813165.6278005652
741 813488.3297706030
742 813876.5362668079
744 814701.1896599210
746 815506.5726012677
752 816271.4215746706
753 816546.8652621397
754 816877.5585670832
758 816899.5340511821
765 817089.9230770511
767 817230.8198057474
770 818111.4048278977
773 818292.2927534061
783 819243.7727388617
786 819543.2003120363
788 820088.0678482581
791 821798.7031841304
800 821887.0975694282
812 822860.0874920534
814 823290.3365893163
816 824072.5734864216
817 824907.3241113396
819 825108.3824574086
823 825557.3325415963
824 826266.7574491705
825 826419.3679929138
827 826894.5965483648
829 827796.0867365865
837 828370.4259432043
841 828578.6718066499
850 828585.6143025237
856 828620.5240760070
864 828868.0945889800
871 829648.3544365031
875 830233.2167677628
880 830932.6871570431
881 831398.3801683545
883 832001.5904539956
888 833140.0666428946
889 833538.4443962738
896 834338.7202084978
897 834532.9058372168
904 834783.9964955174
911 834819.4228333150
915 834831.5266140800
921 836744.4406809005
923 837543.1770025461
924 838491.7608959106
925 838706.3239463216
929 838763.2118715340
934 839069.6301451391
935 839615.5992791641
937 840226.8416123179
938 840534.4410815528
945 841438.3501520773
949 842568.9719307900
950 843233.1379920731
952 844647.2722991678
954 844713.8981205421
957 845551.3348919657
961 846023.2511599270
966 846207.7893344207
970 846351.7000715944
971 846854.6422394270
972 847136.0216038643
974 847662.7056739153
980 848141.7397273732
982 848556.9831050041
989 849235.0454160402
990 849955.5273078397
993 849989.5838399961
999 851462.8813795750
1001 851744.5433194604
1002 852378.6054706109
1011 852560.6672828570
1014 852975.6962011429
1016 853793.9783267324
1017 854415.4285016278
1022 855064.4602773662
1023 855300.8958426772
1024 855962.4815984428
1025 856400.6812298123
1044 857266.3510789112
1045 857447.2429646127
1050 858407.0688018608
1056 858820.0538510596
1061 859160.6269520097
1063 859424.8714387184
1065 859500.3331220078
1067 860410.6200072889
1073 861162.3642015212
1079 861457.7808380240
1081 861863.7240648546
1087 862094.1868059279
1089 862147.4843164386
1090 862822.3664395693
1097 863373.5838672232
1104 864650.0434005860
1108 865721.0113278530
1111 865745.4638897100
1114 866604.2403078177
1127 866612.7351884110
1129 866762.8260462020
1137 867175.8202153727
1138 867824.4522836544
1155 867899.8012536697
1159 868189.5479078856
1167 868215.6390966212
1170 868689.1571841490
1172 869523.9894987961
1174 869782.8013583443
1176 869830.2210218871
1179 871410.1855744339
1182 871810.1129014967
1185 872314.9277280283
1190 873858.7376085719
1191 874241.4031815190
1197 874707.0617859047
1199 874968.8975677923
1202 876898.4936802820
1203 877014.2225033294
1204 877673.2427867264
1217 877747.5602762430
1220 877926.3933751488
1221 878232.9074658274
1222 878548.4976619264
1230 878697.3541540293
1235 878823.4506453760
1242 878845.9695823012
1263 878880.8029691440
1266 879004.8160527741
1268 879261.9636333085
1272 879387.4396457131
1277 880038.0388044066
1280 880424.9615063680
1281 880962.8939753836
1287 881717.4970787569
1291 881722.6112896430
1293 881965.0825193655
1298 882588.2017509370
1302 882643.0991234123
1304 883426.6899512135
1305 883430.7043484855
1314 883946.4440781854
1316 884559.8455420688
1318 885202.7376550758
1321 885728.9478923356
1325 885856.3177224564
1326 886550.7367150229
1328 887100.4569901015
1329 887220.6962254932
1332 887290.3919964235
1341 887689.9532917457
1343 887860.6699216192
1371 887966.8909678605
1380 888223.6803653244
1387 888505.0305531996
1390 888750.8388123835
1393 889573.1505868345
1396 889981.0263928106
1398 890661.4076714454
1400 891042.2868551373
1401 891810.2038027967
1406 892098.5112878593
1413 892637.8663764548
1414 893110.7327844541
1419 893646.8899200402
1420 894094.7833522515
1421 895195.4423700118
1422 895899.9421471710
1427 896923.6330876218
1444 897079.5029486367
1461 897898.3121153346
1462 898369.6784807042
1468 898375.0753111230
1469 898868.1206423184
1470 899004.5218024341
1473 899591.1587750799
1475 900088.0773855760
1484 900136.7675690893
1493 901066.5940937615
1496 901182.3188051315
1498 901605.3727358670
1502 902147.9978881921
1509 902332.7238782295
1516 903266.9348935094
1520 904051.2637481771
1524 904221.3242211016
1528 904802.3855699783
1533 905270.8891892825
1534 905727.6833466975
1536 905848.0182406211
1539 906685.5890345325
1553 907199.6780039165
1563 908094.6936773661
1564 908118.2469173972
1572 908464.6992949999
1577 908880.6842124708
1582 908882.2255020369
1587 909459.7179526865
1593 909677.5018540290
1595 910469.2068778073
1600 911142.5964366623
1607 911686.8142602758
1612 912107.3038266880
1613 912478.2751942250
1614 914091.9703472147
1624 914394.8588331991
1628 914407.9353276461
1638 915216.6964087293
1639 915609.7018916644
1640 916036.3725318339
1648 916192.2030871816
1651 916203.6596669669
1664 916584.9547730791
1665 917468.8409858519
1676 917841.8510434951
1680 918002.9898799433
1687 918651.7238829401
1690 918759.2953800871
1694 918849.4068143410
1703 919838.9862417246
1705 920491.6945435449
1706 920542.5676352018
1712 921878.4875799938
1719 922710.3844390665
1721 923334.8934445668
1723 923881.7690774438
1724 923955.5410015447
1729 924486.2255447474
1748 924565.7947097996
1749 924942.6034342606
1750 925492.0339263603
1760 926025.2957571674
1761 926648.6675655097
1764 927409.4637078907
1765 927710.2255257868
1775 928556.9146874221
1779 928638.9376695099
1780 929497.0568317415
1794 929624.0767082291
1807 930245.7981789494
1817 930464.4362871730
1819 930781.2760636315
1820 931339.6764780033
1827 931397.2944709721
1838 932076.0328883976
1840 932994.8983052681
1843 933364.3945110874
1846 933638.4795744218
1855 934215.8105013946
1859 934814.2233177519
1862 935357.4321486613
1867 935754.3331266484
1877 936435.9754792314
1880 937350.4713569495
1886 938201.6775560487
1902 938994.5774108099
1905 939087.7521308622
1908 940264.3969678429
1921 940917.5091009572
1923 941040.5410306107
1928 941179.5279499696
1930 941807.6489353471
1931 942222.5927753515
1934 942342.8060889405
1938 942377.6428412941
1942 942464.3236359954
1945 942667.4276947329
1947 943652.4835585526
1952 943681.2007189952
1953 943863.3076895758
1963 944312.0545292882
1967 944350.4937744489
1973 945031.4975895288
1979 945432.9457201317
1992 946560.3105408748
2007 947332.7053202493
2012 947549.6624710358
2016 948364.6218637188
2020 948633.4275845068
2023 948974.5261261037
2026 950245.1508957414
2027 951031.9054400951
2028 951564.2311266948
2029 952256.8286117123
2031 953017.5112545696
2033 953348.6030969612
2037 953856.5360319132
2038 955225.6514491469
2049 955282.2436183041
2055 955531.7349093602
2067 956286.4604414318
2070 956676.1912244903
2073 957346.6321125148
2075 957630.2967804023
2076 958571.8680938241
2079 958603.6958444217
2080 959252.1616340611
2082 961425.1490821447
2085 961809.4621516190
2088 962091.9518426802
2099 962615.3161574689
2106 963317.1740106029
2116 964011.2116954213
2123 964849.2222865197
2132 965629.0097770167
2133 965637.3292600743
2134 965684.9541027187
2136 965784.5593904104
2143 965907.4601185001
2146 966354.7423547966
2155 966522.0998384631
2160 966965.8306054538
2162 967828.1690140299
2165 969024.5046400620
2168 969398.1659893257
2173 970202.7952145329
2179 970381.6586092953
2194 970639.5845505586
2200 971752.0069977078
2217 972146.1429728236
2220 972891.5387481742
2222 973307.5216662002
2226 974121.8074311925
2227 974249.0598085521
2238 974489.1860290738
2244 974594.0499869017
2251 974612.5117952363
2258 974929.9804218711
2261 975687.7966490933
2267 976584.6883888971
2278 976676.9736877665
2279 977508.4433649750
2283 977509.9750454843
2284 978128.7491534791
2288 978588.5007883682
2292 979410.9327485184
2298 979465.9355215187
2303 979871.4864167821
2321 980513.2341356014
2330 980553.2033467966
2331 980867.1094324733
2333 981324.1316910965
2345 982299.1973821516
2352 982662.6194252933
2373 983325.9149763171
2378 983569.3492910545
2379 983701.6660266764
2380 983936.5671875346
2391 984245.8413235710
2393 984556.4138522965
2394 984876.8724380450
2398 985665.0905400146
2400 985773.4223823650
2403 986184.3443414259
2411 986613.0457488922
2415 986641.6669736137
2422 986649.8184483054
2428 987334.6302267292
2445 988216.3591212219
2447 989744.8704786497
2449 989912.0716442317
2451 990235.1478931434
2454 990730.6648070789
2458 991294.8671739169
2459 991362.6203513137
2461 991901.8120885147
2463 992016.7569820205
2465 992724.7139799026
2473 993260.3117674817
2474 993365.6183611635
2493 993639.1869619475
2505 994063.2476465120
2508 994065.3449226337
2509 994303.3877940979
2511 994879.3297386934
2521 995537.1226691861
2524 995825.1284209343
2525 996066.3497910721
2535 996382.6729978313
2536 996417.2121374892
2542 997031.3282169583
2543 997106.9315158405
2545 997329.3214027042
2547 997466.2201806732
2549 998092.8942756042
2553 998168.9829740816
2559 998329.6388943155
2560 998588.0861862828
2562 999188.6398981689
2566 999730.6809045976
2575 1000543.9605253616
2584 1001116.0782919672
2590 1001535.7388318749
2591 1001642.0238832808
2595 1002353.6927030380
2617 1003076.3011668798
2618 1004369.6440917213
2620 1004684.8486943201
2622 1004909.4454793556
2627 1005222.0521958892
2637 1005244.4598556242
2649 1005314.2322391326
2658 1005464.4178293810
2660 1006109.1715142082
2668 1007029.9214909689
2670 1007488.3735199939
2671 1007664.3165077571
2683 1008591.5263023231
2695 1008641.9122712326
2705 1008882.4092209514
2710 1009081.8198456089
2715 1009801.7240147729
2716 1010328.9216030693
2723 1011191.9932157336
2727 1012066.7773587737
2728 1012072.8754751708
2730 1012830.0810427122
2737 1013040.5630176214
2741 1013234.3904597299
2748 1013268.5613928421
2751 1014196.5324046842
2760 1015096.3654660666
2767 1015184.1272108521
2776 1015292.5439902846
2786 1015386.9952005241
2809 1016198.4328447673
2817 1016384.4336678523
2829 1016403.9704481896
2830 1018014.7387595557
2837 1018242.6478428203
2839 1018632.0018372412
2845 1018780.9622982440
2862 1018821.2902149742
2866 1019127.2844461564
2868 1020104.2351880487
2870 1020416.6629936497
2875 1020649.6463538577
2876 1020794.3708516132
2879 1020856.6983904868
2881 1021265.5775215225
2886 1021601.2985353282
2887 1022438.1796737394
2907 1023183.6093535078
2910 1023802.7252493015
2912 1024001.9693711519
2919 1024436.5914893007
2920 1024973.3356013937
2927 1025152.2314911791
2940 1025473.4931372310
2944 1026430.4058323822
2953 1026668.5704723168
2961 1027527.5273284604
2968 1027801.2950329192
2977 1028121.8422169819
2983 1028478.2877496759
2987 1029028.8025327623
2988 1029029.1971118026
2992 1029138.3920951991
3014 1029212.0677290099
3024 1029598.0552793994
3025 1029874.8468940924
3026 1030774.8822571173
3029 1030975.1710711261
3030 1031060.3545035180
3045 1031389.8412804822
3048 1032285.2968736722
3060 1032911.3871739047
3062 1033255.9751815083
3072 1033951.3819067745
3073 1034678.4083328657
3076 1034764.0757642225
3080 1035069.0617562095
3084 1035807.9041076538
3093 1036242.6788769416
3096 1036247.7887223240
3103 1036476.6012430608
3105 1037005.0669960470
3119 1037566.4875572711
3121 1038409.3526955603
3129 1038901.7925478966
3130 1039476.9544175660
3133 1040503.3892021659
3139 1041368.6433702457
3147 1041849.9131250387
3154 1042558.4053366896
3155 1043269.4733441309
3157 1043439.0206866601
3159 1043758.4090142038
3160 1043856.6440577845
3171 1044065.1712117329
3187 1044535.9045472308
3190 1044989.9028678533
3196 1045735.2320453582
3199 1045909.4870780937
3200 1046779.5559144892
3206 1047253.4172374562
3212 1047458.6567034160
3213 1048373.3604992903
3224 1048835.0814060904
3231 1048849.5474969584
3237 1049008.9769321389
3245 1049630.6821768347
3250 1049791.3519449385
3257 1050892.5260162603
3258 1050896.3916872693
3259 1050928.4224062713
3264 1050979.5230282776
3278 1051927.1379772136
3287 1052481.2086188900
3296 1052835.5474858717
3313 1053033.1417522158
3314 1053598.3387561622
3316 1053886.6378342912
3320 1054734.2813065490
3323 1055001.7718194090
3329 1055207.5024902369
3339 1055546.4251615414
3346 1056057.8241281840
3347 1056402.2108092415
3359 1057316.0419716416
3360 1057965.5616558124
3361 1058479.2100708021
3384 1059130.0314815720
3388 1059623.8341749602
3390 1060577.3079364274
3396 1061009.8690910689
3407 1061067.0677952310
3415 1061756.4298306888
3418 1062042.3627480743
3420 1062057.3611669277
3428 1062733.8006729661
3429 1063111.3559319475
3431 1063969.7494413920
3432 1064735.6251833586
3437 1065424.8621053081
3439 1065930.9454736868
3444 1066526.1501965504
3446 1067617.2306270672
3451 1067807.4917775963
3459 1068162.0034676488
3463 1068499.7075542100
3466 1068885.5695180278
3475 1069831.2700337160
3488 1069971.8432499839
3498 1070386.9001110520
3505 1070728.7437402760
3506 1071173.5565760713
3516 1071209.3962543909
3527 1071469.7554817579
3533 1072359.5434738300
3535 1072418.1911344922
3536 1072799.4498679335
3537 1073115.3244200393
3545 1073364.1572932568
3548 1073538.1295478225
3561 1074045.6665897134
3563 1074331.3276146892
3568 1074900.8253016628
3570 1075754.4602513141
3577 1076553.7494453155
3585 1076774.3766994982
3588 1077276.6478946642
3593 1077299.4300758147
3600 1077875.8979793661
3602 1078194.9263836013
3606 1078215.9467982096
3607 1078220.2095236536
3625 1078504.9960744751
3633 1078728.7534216463
3653 1079512.2264229320
3658 1080834.9440874113
3665 1081217.7491531069
3668 1081708.5066557068
3672 1082238.7378107004
3674 1083359.2243757609
3683 1084221.1815784290
3684 1085065.2468179455
3687 1085792.4436259235
3719 1086136.2058560527
3725 1086991.1594073740
3727 1087194.1847055096
3735 1087374.0753704358
3739 1087662.8974630299
3747 1088033.7663962916
3748 1088685.7220437506
3759 1088810.1317315120
3767 1089954.9915747289
3780 1090603.6309645418
3790 1090803.9903864372
3815 1091617.0852027275
3820 1091824.1318459415
3826 1092285.1255761425
3829 1092415.9484774766
3836 1093313.8582410242
3842 1093533.1206964022
3843 1093759.4616245180
3846 1094416.3363158521
3848 1094584.7767537248
3849 1094961.7206449700
3850 1095329.4281859600
3853 1095595.0138979268
3858 1096251.0689805567
3866 1096468.0277521214
3868 1096812.8300189578
3869 1097079.4646849143
3880 1097493.0469455223
3881 1097533.2987998449
3886 1097876.4002048448
3893 1099473.5284516667
3894 1100162.7583788401
3915 1100589.7688345327
3921 1101189.2464865556
3930 1101316.0188674415
3934 1102307.2149023600
3950 1102470.7408954038
3953 1102988.5980740180
3958 1103840.7809606055
3967 1104313.4747930977
4000 1104489.2631011237
4002 1104696.4973738114
4004 1105119.6790298726
4012 1105623.3638297673
4019 1105729.9581030840
4020 1105879.3860122436
4024 1106354.2210324022
4029 1106400.1768426914
4036 1107359.5947544100
4037 1107508.7791093932
4038 1108178.6206370143
4046 1108216.6907677623
4052 1108519.0715589875
4060 1109015.8487439584
4064 1110061.2494454656
4067 1110545.7961772364
4071 1110592.1909016785
4076 1111252.0622198288
4077 1111295.4450475287
4080 1111723.1292417918
4081 1112715.6144169730
4087 1113109.8974173977
4098 1113716.8242687869
4101 1114099.2767561574
4104 1114169.0911496875
4110 1114459.2284173989
4111 1116067.9356176152
4114 1116560.0043609464
4115 1116930.6297668214
4128 1117215.3993645436
4134 1117361.5329800895
4140 1117584.1546180621
4148 1118457.6177790656
4149 1119367.0311354878
4150 1120453.5686308274
4151 1121526.0465825065
4156 1122067.2037123537
4173 1122402.1845412615
4175 1122487.2062294844
4179 1122556.7716226778
4192 1122626.8767673287
4198 1122982.3029798539
4205 1123649.4268276980
4206 1123781.2556568193
4232 1123818.0986258108
4241 1123923.1440079724
4242 1124682.6950715468
4244 1125180.8742169475
4245 1125725.3719174527
4247 1125765.1333812464
4278 1126454.7611566430
4285 1126958.3920502081
4288 1126999.6741689744
4292 1127379.2207713944
4293 1127451.1616545427
4297 1127857.1826470878
4298 1128188.5387173474
4310 1129160.1606078343
4320 1129797.2767954115
4321 1129982.4248929895
4326 1131476.2707714564
4327 1131698.5367108572
4349 1132887.9897849914
4356 1132935.4662089029
4379 1133631.8433627589
4383 1134758.3966677943
4385 1135219.5791610586
4393 1135236.0342598506
4406 1136061.4695936842
4414 1136576.1013007211
4418 1136946.8462948983
4435 1137393.7637030408
4449 1137561.4851983560
4463 1139126.8457699993
4473 1139897.1548081203
4477 1140971.1497488178
4479 1141082.9682637963
4496 1141169.9291894331
4499 1142089.5518925111
4501 1142354.3822263230
4508 1142612.9376235246
4544 1143193.4607577990
4546 1143316.3878484755
4554 1144211.4273266941
4559 1144495.8661608889
4596 1144645.9045797917
4601 1145124.4696835657
4608 1145861.1917456081
4617 1146559.5712276998
4619 1146787.6784770375
4627 1147903.9266813875
4631 1148388.7136484543
4632 1149292.5768399956
4640 1149961.0429581951
4656 1150609.4899059173
4664 1150760.6941338747
4666 1151412.6270599798
4667 1151521.5835483875
4709 1151531.9079199585
4715 1151706.3879571280
4721 1151799.1464671982
4730 1152468.3223940283
4734 1154142.8531680109
4735 1154275.9342157759
4739 1155217.8264382679
4747 1155413.7232557510
4751 1155424.6831291090
4774 1155876.2592392790
4779 1156141.0103469670
4788 1156155.8499017206
4804 1156889.2338814731
4810 1156945.1103404206
4828 1157877.8006176536
4836 1158640.0517879396
4839 1158900.6220869659
4866 1159890.4314544855
4871 1160551.1113760301
4875 1162148.3492786521
4876 1162277.3317772208
4879 1162621.0491636638
4882 1162835.2693384117
4889 1162937.0155066820
4903 1163054.9322968577
4912 1163961.6500292227
4922 1164118.3883770092
4935 1164412.5767775807
4938 1164443.7764915668
4946 1164731.7113155767
4959 1165263.5251595047
4993 1165750.0445473648
5017 1166340.6311727394
5019 1166635.7815597230
5028 1167121.6563711003
5057 1167538.1679688203
5059 1167787.9089944598
5077 1168478.3362825953
5079 1169076.3701708433
5089 1169861.6045329950
5091 1170223.3721216633
5099 1170624.9360488278
5102 1171015.9756706180
5104 1171023.5707793138
5110 1171047.9616161641
5111 1171189.5270682527
5118 1171207.4928927382
5121 1172259.2610060207
5125 1172835.5762698164
5130 1172856.7993838238
5131 1172857.4219760210
5139 1173229.5304308170
5144 1173596.2817258039
5153 1174287.8032722820
5155 1174936.0138650818
5157 1175025.7817109411
5171 1175351.9660425936
5173 1176264.3161018791
5190 1176282.9329121693
5206 1176580.2470457472
5208 1176791.7994162403
5212 1177082.4718842290
5227 1177465.4416945644
5230 1177758.7908599474
5247 1178651.2788878130
5250 1179181.7465803765
5254 1179382.7154827570
5255 1180339.9021571681
5265 1180430.6635957672
5266 1181031.4501745144
5267 1181285.5924636812
5280 1181302.0705655636
5282 1181925.2796534314
5286 1182731.6275593583
5305 1182896.9352473512
5307 1182923.6406621193
5314 1183823.2462543657
5317 1183863.3062031544
5324 1184317.8925878422
5331 1184553.4275904663
5332 1185055.3424297899
5340 1185356.2297671579
5356 1185365.3876560659
5361 1185410.7343150771
5377 1186379.0200388338
5378 1186453.2790938129
5400 1186519.1326365578
5410 1186735.9141461502
5415 1187173.8962679529
5423 1187182.2596288843
5424 1187242.1975075724
5434 1187495.0157471891
5443 1187959.4751339620
5448 1188862.7772866099
5466 1188925.8171066532
5478 1188992.3188556205
5487 1189066.7879926953
5496 1190081.8823067942
5502 1190407.4996090110
5506 1191237.5797798748
5511 1191408.7165393969
5521 1191778.9075971085
5531 1191829.2596442751
5551 1192240.9790568121
5556 1192621.2610012402
5569 1193313.6749712762
5573 1193781.1859949573
5580 1193866.5590367587
5584 1194376.7681737484
5594 1194854.3545196014
5611 1195214.4954834010
5622 1195651.8130876210
5636 1195972.6100497853
5647 1196603.6664462280
5662 1197246.6451936651
5670 1197353.4013207203
5769 1197728.4324292806
5775 1197868.8529633291
5779 1198059.0711237800
5787 1198965.1079027788
5790 1199912.9900638543
5820 1200472.3679717490
5831 1200901.5820907797
5880 1200902.0578572594
5900 1200932.7783706342
5909 1201040.7287241765
5932 1201886.6558036208
5935 1201975.9440581948
5960 1202466.6613005644
5977 1203018.7465548643
5991 1203340.6467534357
6003 1203374.1653428369
6004 1204362.6226337722
6013 1204868.0398910742
6021 1205045.2018385013
6022 1205513.1924631197
6031 1205936.1147470227
6045 1206265.8873053691
6060 1206558.8237190603
6066 1206647.9272083330
6083 1207506.3482963853
6086 1208222.7878627526
6094 1208634.3304129229
6103 1208724.0087676488
6118 1208822.0102081695
6119 1209057.6986683558
6121 1209342.6623948482
6123 1209742.4432068588
6125 1210188.2692956068
6128 1210400.9287497108
6133 1211104.2556607954
6142 1211554.9295326874
6148 1211864.4144057781
6149 1212277.7411265161
6152 1212693.8396543574
6154 1212771.4358750386
6165 1212771.8880284259
6174 1213228.8262758853
6178 1213446.4172384504
6191 1213885.3104733848
6217 1214321.5172357147
6223 1214401.7268114914
6238 1214594.4022045678
6253 1214763.6200666137
6255 1215414.0559457941
6262 1215710.6558242710
6279 1216022.6867891101
6288 1216529.3933366763
6298 1216641.0254970356
6307 1216886.6536073694
6329 1217385.3030109801
6340 1217800.4125866431
6350 1218732.3894196774
6356 1218932.1789252399
6365 1219258.4419018198
6393 1219974.4591072425
6407 1220317.6556259920
6410 1220377.7700202081
6437 1220419.4123568742
6454 1221269.8815280721
6481 1221755.5274775389
6483 1221990.3181147636
6490 1222306.9019712140
6499 1223066.0129589657
6500 1223165.8286858890
6502 1223377.6197732107
6508 1224023.8996938313
6511 1224564.2733835275
6516 1224904.1018354821
6541 1225228.3814208379
6542 1225863.6908855073
6544 1226507.1000790708
6548 1226851.5545683592
6554 1226935.9788290292
6559 1227564.9140513455
6561 1227843.7427975857
6564 1227872.1056973371
6596 1227964.9513130446
6625 1228645.5886368034
6668 1229224.8295347351
6683 1229456.7675044937
6688 1230436.5535585850
6696 1231332.6517116439
6714 1231563.4666552441
6716 1231570.5849001375
6739 1232135.0568824722
6740 1232692.5590197248
6752 1232770.8018684203
6754 1232858.5384513999
6758 1233178.7977202730
6769 1233609.4286657320
6771 1233611.1479906037
6775 1234177.1986037355
6789 1234337.7374503745
6794 1234746.2878152239
6823 1235720.2983741113
6827 1236297.5728808024
6846 1237285.6890953418
6852 1237888.7302295787
6853 1239329.9144249645
6866 1239953.1833135039
6891 1240088.7328886236
6894 1240256.5926693240
6916 1240709.7637336103
6921 1241181.0387100352
6930 1241320.4573176471
6938 1241435.3651491741
6976 1241442.1064319774
6985 1241609.3296621726
6992 1241643.3063482819
6997 1241920.8283718049
6999 1242134.5488492320
7011 1242367.1491383673
7067 1242403.0833056504
7072 1243222.0099429528
7090 1243655.2013013114
7150 1243905.2216553236
7164 1244003.5969831753
7172 1244025.0403604372
7174 1244308.2618845012
7200 1245029.1772419591
7210 1245473.7782451245
7214 1245757.6503425753
7228 1246399.6060827244
7237 1247171.3293035754
7252 1247175.6308985956
7256 1247431.5557537370
7269 1247605.3088983407
7271 1247888.3872982203
7329 1248169.4697001881
7385 1248247.7547076894
7413 1248730.7063465845
7417 1249285.9150096802
7421 1249799.8245336080
7428 1250036.9567764462
7461 1250508.7791114247
7493 1250509.1383398767
7496 1250791.1093536695
7498 1250824.1614691599
7506 1251457.1342792385
7520 1251636.8447735517
7524 1251725.4175695614
7526 1252005.8559854485
7529 1252009.4149186809
7559 1252422.6877100714
7564 1252574.6661603041
7634 1253073.7808023451
7675 1253178.3717960205
7680 1253435.8247094555
7690 1253436.2779531055
7710 1253457.8988899423
7754 1253492.2531217651
7757 1253623.3442906339
7765 1254022.2899760371
7780 1254159.2909839731
7812 1254591.4658272569
7836 1254885.9881826753
7837 1255864.3204728446
7853 1256005.7946219502
7864 1256105.1004820273
7870 1256261.0922809923
7874 1256325.1280971558
7885 1256472.3523573743
7904 1257167.8932577297
7910 1257936.6839678581
7917 1258191.3072305098
7933 1258355.7442677924
7938 1258530.5888177820
7950 1258674.3088187240
7958 1259271.9919139780
7971 1260033.4299997499
7982 1260237.3766925836
7994 1260356.3603320681
8038 1260702.8202059346
8066 1261439.2766531589
8070 1261472.5357267498
8074 1261504.6100478570
8107 1261717.5432897983
8112 1261774.2949016762
8128 1262038.4623537357
8161 1262630.3821746069
8176 1262732.6460665683
8185 1264258.5236416587
8186 1264890.8280645467
8200 1265508.9581396193
8201 1265872.9456684464
8225 1265873.9811604251
8274 1265918.2958710757
8293 1266098.9807103705
8308 1266101.3324328533
8318 1266174.0006072472
8369 1266617.4548942423
8390 1266835.6790346347
8441 1267270.1551887901
8445 1267308.6019718267
8450 1267425.7149345072
8464 1268281.1986431121
8529 1268751.9146556424
8534 1269682.1849902002
8543 1270533.0269072920
8548 1270744.8591284726
8604 1271166.0993383136
8620 1271696.7315723624
8649 1272020.7695092028
8690 1272191.2080264180
8697 1272382.5666774998
8712 1272868.1430033746
8720 1272883.1496992277
8724 1273267.8665273953
8725 1273315.6391028420
8727 1273683.5650369355
8753 1274257.3929931892
8756 1274606.3485660711
8758 1274687.3115534969
8763 1274802.1858802130
8768 1275084.5854191275
8775 1275686.8295598163
8779 1275895.7736190548
8786 1275961.5209680621
8827 1276022.0569675285
8844 1276096.0757340633
8854 1276231.7083728539
8857 1276335.4064515305
8889 1276486.8070510807
8952 1276738.9161026287
8967 1277076.9790998772
8969 1277612.5971551512
8974 1277702.7013870578
8976 1277717.7578523415
8984 1277811.2802637566
9050 1277926.6652138275
9061 1278147.3385488500
9063 1278412.6973891722
9074 1278560.3464072989
9088 1278575.9049630705
9104 1278584.9628618660
9116 1278831.0687433488
9128 1279003.2713005946
9132 1279554.8645904965
9146 1279909.9272914813
9157 1280293.9632656467
9161 1280407.4548564083
9172 1280643.6998982346
9196 1281271.8261945159
9217 1281631.7502010069
9257 1281696.7908836049
9314 1281843.3826735029
9318 1282639.5362030894
9345 1282903.2918903683
9361 1282932.7983658493
9367 1283110.2390775345
9368 1283310.9713135951
9392 1283472.5026914440
9420 1284074.4391973314
9423 1284100.7340342023
9445 1284104.4012900845
9446 1284175.2496762988
9465 1284176.6247551080
9468 1284611.1871549555
9476 1284943.2161493171
9518 1285263.3790971101
9546 1285422.4073860303
9564 1285721.1507033524
9572 1285908.1437204089
9592 1286060.5258737481
9604 1286127.0601925582
9670 1286131.3197623112
9681 1286687.3684017861
9685 1287486.8012112658
9690 1287489.5038403338
9694 1287912.0034662413
9700 1288584.9894982260
9769 1288720.6011209209
9774 1288883.1636684055
9787 1289505.6948724277
9816 1289743.9200378140
9826 1289883.3392043286
9838 1290329.7465565228
9851 1290496.1255110896
9869 1291008.5727878876
9873 1291120.4651994910
9897 1291419.1126437653
9915 1291777.4026846490
9918 1292745.6054191666
9986 1293697.1075194450
9990 1294110.3466224768
9992 1294608.8549943462
10001 1294153.0229321844
evaluations raw_y
1 687603.5471958767
4 687809.3788359680
5 688483.3604813624
10 688844.7491812054
11 690459.8215018878
13 690896.0344360614
14 692681.8624225067
17 693107.4232401524
19 694136.3929392559
21 694180.1518758148
23 695119.3045491057
25 695903.6333198017
26 696685.4110396692
35 696811.8480511276
39 697641.5822858640
44 697735.9127069014
45 697771.3869270240
48 698232.2203898769
55 698609.3520958368
72 698753.1726323622
76 699238.7203087960
77 699359.7852896739
81 700281.5252089475
86 700448.1630276658
91 700738.4322286304
92 701438.5365505401
96 701537.6268286433
98 702216.0331738698
100 703454.8332833436
101 704040.3409299079
102 704717.1961015412
103 705229.2898341418
104 705466.4548491978
108 706100.4283844021
109 706516.4178330341
115 707205.9396797322
121 707651.8885291666
127 708769.9782130289
134 708914.8519576902
137 709536.6736604974
142 709919.5854786326
145 710832.8905960154
146 711433.9369926071
155 711607.6880813765
156 711759.2093662429
160 714012.0408392180
165 714571.2438336848
167 715020.7849011620
168 715216.8698412910
175 716768.8564417274
184 717049.0917750108
190 717198.8297849800
193 717226.0585534335
195 718358.7795762760
198 719190.4933307593
200 719668.6504442636
201 720461.8120439380
202 721104.7329746305
205 722029.4514278020
215 722681.3195355844
217 723262.7259878847
219 724231.4893725340
222 724361.6195342008
232 724640.1870624868
233 724664.8744376472
234 725377.3938506384
236 725421.3433452839
238 726061.4670565863
248 726342.3125277808
255 726496.0567477754
256 726642.6388489687
264 727069.6762778815
265 727673.8924274234
266 729537.6760798313
269 729780.7337264428
275 729818.1925275772
279 730812.4716936754
280 731114.9009406210
281 731711.0497968638
284 732402.0972626113
286 732795.9806178499
291 733050.5214318520
296 733746.3374838893
302 733927.3084616318
305 734687.9610583867
306 735884.1584837212
308 736482.7758920192
309 736577.4563843803
310 737223.6348089363
312 737989.4465219121
313 738483.1749905883
314 738508.3633033778
318 739461.1654794798
321 739749.7023224325
324 739814.0528741301
328 740374.6868831840
329 740983.5463567602
330 741413.8065418788
335 741712.3336922158
339 741877.9379054576
345 742868.4326329364
347 743483.1820447037
349 744038.3861012257
350 744922.6750113585
354 745873.3970220024
358 746897.8824722449
364 748051.2781963430
368 748266.8167146787
369 748749.6410680434
384 748764.5471477812
387 749739.5631728707
395 750892.2484679957
398 751979.6330210908
400 752515.1252846278
401 752666.1855292640
404 753175.2894083355
407 753237.5583185679
408 753574.2054881359
413 755069.0775977492
415 755253.8427887517
430 757165.4893357331
431 758084.1119297887
433 758392.3304551670
436 758650.0854874764
437 759599.7016610210
444 760807.2377165275
445 761428.4262835996
446 762397.3147184553
451 762421.2442696941
452 762793.1843060175
454 763453.3580410738
455 764816.9143901243
463 765677.6947154532
472 766113.1780634464
476 766628.2104092299
481 767113.5713456500
490 768138.9606189892
492 769271.1786134334
494 770130.9825643752
504 770131.4388674173
506 771348.2544339263
509 771821.7413973687
510 772177.6224394136
511 773114.0406456039
515 773219.2761439813
517 773822.3445160299
518 775265.5230196062
519 775523.0248252072
522 775805.2763790289
524 776451.1272173817
532 776859.9111471816
533 776979.2318907228
534 777687.2101062862
535 777951.8304101062
537 778531.8133719448
538 779367.6994969301
544 779757.9352723565
550 780401.4322183536
552 780668.7175247585
553 781913.9089460917
559 782837.1639030466
561 783291.3203256503
562 783315.8686833084
563 783617.9878657334
573 785530.4835800191
574 786348.7170519881
576 787000.6999039665
578 787137.2952062635
579 787444.1267499476
586 788427.8073822433
592 789189.9489057267
593 789666.1323073420
597 789762.3593925103
607 790150.6107320004
612 790228.4493576110
614 790512.0745546101
621 791539.6382277890
631 791827.0513783875
637 791992.0916035254
638 792247.3972201323
642 792500.6789313944
643 792617.3900808406
645 792705.7297593910
647 792833.8258418934
651 793549.6630611091
660 793729.0516953154
661 794439.3946526141
662 794974.1184738473
666 795784.1263680455
669 796588.3845121671
672 797938.7402852160
680 798744.6681596987
682 799264.6410315306
691 800052.1806070624
693 800106.1791744598
696 800392.7888905805
702 800459.7043545166
704 800510.1125236372
705 800892.6452848727
708 801060.3957716135
710 802028.9068110674
716 802618.7804881757
718 803267.4613405305
725 804909.1258227153
726 804964.1732167419
730 805663.3886750586
733 805682.7638489958
734 806560.7048726816
735 806925.7719285360
738 807569.4493321897
740 808537.3145433934
744 810313.6359819947
748 810349.1581382771
752 811159.4216550168
759 811178.0586427799
761 811319.9319512915
764 812241.6435607236
765 812407.8973844084
768 812598.4108412781
774 812913.1123915409
778 813291.4899393657
780 814046.6776131281
784 815030.3703385642
788 815878.8663550696
797 816600.2099140569
798 817427.6201677823
809 818681.1561106072
810 818809.4248395509
814 818811.8633021166
840 818812.5682661702
846 819123.0284994858
866 819321.1028082696
873 819803.2139754241
874 820774.1839913976
876 821169.4774805105
878 821612.7140759446
883 821715.5026614311
884 821919.3500441817
889 822617.9866896163
896 822892.8796096182
897 823358.5757543547
898 823583.7459366696
899 824185.7223494736
901 824268.6441963899
905 824334.3342571134
906 824622.7005807598
907 826105.8885665933
909 826277.6829170682
922 827101.4803833674
925 827939.0129691558
928 828445.5561168914
929 829048.8646697801
937 829243.6334525679
938 829692.9888717061
940 830018.5201334566
941 830869.2434061387
945 831675.1653766492
951 832297.2678028133
956 833416.6663513925
958 834148.2881423362
960 835055.6411747311
964 835517.1882822947
967 836638.4025729555
968 837512.8198448949
973 837530.3566090553
976 837582.5681389322
985 838098.0659035507
987 839053.5340048581
988 839813.6951768548
992 839915.5401031428
999 840001.9011388596
1002 840242.6615419239
1003 841240.4234953142
1006 841806.1817711723
1011 842180.5805168141
1016 842366.3349159877
1019 843128.2546126905
1020 843915.7438364476
1024 844604.6692884814
1034 844738.5542958389
1035 844992.0399518716
1055 845620.2327797859
1058 846278.0079022861
1066 846575.5041949599
1068 847268.4073529716
1069 847692.0722170514
1072 848665.3988196373
1073 849285.2558052874
1076 849819.0426743297
1078 850428.3077081772
1085 850815.9900541417
1088 851954.6466810427
1094 852421.6278742837
1097 852648.0824732704
1098 852681.9874019682
1100 853116.1076430208
1101 853530.5633700211
1102 854114.5516834089
1105 854331.5408700940
1110 854855.3136074411
1116 855583.6093755679
1118 855943.4985372400
1138 856166.3195457149
1142 856837.3240222845
1148 857340.2853545349
1156 857660.7382561623
1159 858084.5760256372
1161 859587.9840599439
1171 860442.1160084127
1173 860564.5786952251
1177 860796.4610933390
1182 861698.6145877852
1183 862438.8227581457
1185 862991.8237690349
1186 863866.8435475980
1187 864617.1048575749
1190 865260.7083564809
1192 865269.2725613019
1195 865903.7605121905
1203 867641.9259977743
1208 868421.7906390283
1209 869294.8071115543
1210 869450.0844490852
1213 869674.8947986737
1232 869831.0163889085
1239 870685.8367882144
1246 871386.4739121431
1247 871610.8367486385
1252 871909.0636123804
1260 871921.4632903327
1261 871973.2860562706
1265 873410.3957264466
1276 873821.2300421355
1277 874291.6501974477
1281 874960.7997915093
1286 875307.0201173114
1290 876500.5101236650
1293 876740.4014893045
1300 876916.0679163114
1301 877834.0488371892
1303 878132.3175317288
1310 879002.5517857437
1315 879385.5297218863
1319 881066.2482096724
1325 881493.4387403073
1327 882216.4189743046
1328 883045.0440902455
1333 883906.7235960859
1335 884005.5597458171
1337 884818.2009262324
1341 885200.2589908876
1344 886561.5050342502
1345 886676.2794535841
1353 887130.1063392786
1354 887478.7819448344
1357 888430.9320991951
1365 888546.0362938558
1372 888634.5905403896
1374 888831.5446370969
1376 889684.2699212532
1392 890716.2060451190
1395 890899.9961149591
1408 891263.5805897521
1413 891348.3089096403
1414 892073.6800950527
1416 892427.7769266223
1429 892646.4546111885
1430 893553.3220764641
1432 894137.8967055146
1434 894313.6381564134
1436 894724.0360099466
1437 894906.2422862574
1440 895582.4434022551
1452 895844.6740813256
1453 895954.1344716417
1454 896387.6233637668
1456 897199.5266272005
1457 897286.8840288736
1462 897688.5038266084
1463 898765.7964424156
1465 899281.2910093768
1475 899706.5504528923
1484 900685.8782968938
1486 901370.3613020264
1489 901985.4643911786
1492 902394.3711937533
1503 903200.6008590598
1504 903523.0589792395
1508 903569.0320977537
1525 903910.2284363628
1527 904472.8370922656
1537 905002.0744995204
1543 905346.4134056900
1546 906755.0964179481
1549 907360.3450306110
1561 907845.3427393804
1563 908101.6025097306
1564 908801.3427716335
1584 909396.1704561794
1590 909811.0482448768
1596 910550.6373295232
1605 911485.3660803555
1609 911792.2100369704
1611 913186.3016298608
1621 913421.5388614677
1628 913980.0981895551
1629 915160.7097659706
1636 915546.0173370976
1640 916209.6344794984
1645 916693.9454619000
1648 917691.8563286399
1654 918314.3322433676
1659 918974.8823625160
1660 919696.4553027983
1665 920578.0609344615
1666 922313.2309004120
1679 923225.2230786335
1683 923326.4087016826
1688 923435.3010545280
1698 923867.0253391766
1699 924071.5731886213
1700 924216.2197121509
1703 924467.1169169298
1705 924605.6885173498
1707 924727.2077229193
1710 925320.4655790146
1714 926283.7717703524
1717 926493.2790057585
1718 927117.8509927198
1722 927336.4939866461
1723 928243.4591526196
1727 928649.2065474300
1729 928917.5514599239
1735 929575.4578544844
1738 930911.2843843716
1741 931870.6373504502
1748 932409.3890902483
1749 933325.3020692300
1762 934142.2608504212
1765 934165.1077007923
1768 934533.2022858517
1780 935479.6064313544
1789 935772.9480702031
1799 935803.6636132624
1804 935815.2213365850
1806 936197.6287878902
1809 936371.5696687802
1819 937322.1470841666
1822 937950.3605831999
1824 938208.7982292805
1826 938465.5484233587
1832 938857.5633262126
1850 939838.1335146197
1852 940082.0564317669
1854 940733.7008284545
1863 941341.5658431323
1868 941537.4715134945
1870 942088.7748278878
1876 942170.7585500341
1880 942741.2032960429
1888 943391.2000282783
1892 943392.4298108421
1903 943569.7140708626
1904 944552.1985086359
1908 944890.8180177144
1910 945874.9466944166
1912 946425.9944228479
1919 946907.9553310369
1921 947035.3674769615
1926 947109.5867117214
1934 948406.1034399810
1939 948568.7835924762
1944 949707.7270551304
1946 949777.9437955677
1947 950722.0483406420
1949 950869.8667912055
1950 951447.5617556905
1953 951608.6017058343
1957 952346.4565958775
1958 953017.8756228262
1961 953870.3617803566
1962 954177.4642201874
1967 955302.3990298423
1969 955752.9146839358
1975 956331.4975508995
1979 957205.2554765271
1991 957805.8731330557
2004 958466.5823246845
2013 958591.1039294938
2014 958914.6932641051
2017 959468.5504555578
2018 960391.2445891582
2020 960801.1469407420
2021 962041.5320420100
2026 962098.2861917645
2027 962738.8174928348
2030 963295.8974946940
2032 964056.6404006473
2033 964667.3518076262
2044 965406.1203347632
2047 965748.9851944140
2049 966367.3361346308
2054 966693.0837077991
2057 967164.6069275029
2060 967963.6952354576
2065 969018.4095447854
2067 969458.2608669875
2074 969495.8387162501
2084 969661.5493192965
2098 969751.4423335543
2109 970042.6705844064
2110 970197.3067529822
2116 970716.2709345827
2128 971473.2579771910
2130 971995.8759287840
2135 972892.9060552520
2138 972968.0055945936
2146 973195.8709126917
2150 973707.8181912033
2156 973745.2574547249
2162 974136.6902068225
2164 974520.8653556952
2172 975245.7996440363
2176 976003.8091312635
2182 976492.8140886325
2183 976585.1788640316
2197 976743.4189944582
2203 976980.1106290623
2204 977496.8251317154
2205 978496.6620674600
2210 978509.5153556492
2211 978540.7545314836
2212 979146.5439358939
2213 979413.3192415804
2216 979850.3213011870
2230 980534.2114862921
2236 980942.8133348395
2237 981786.4616362766
2242 982770.0347093669
2245 982997.4211255830
2256 983766.0634546827
2258 984756.2174196377
2260 985166.8651986679
2275 986011.2285670898
2280 986167.2873553350
2298 986242.6273259555
2300 986914.7663144262
2308 987318.4463559329
2311 987407.4066405572
2313 987855.1254185959
2317 988329.3708836462
2319 988628.4558216846
2320 989119.4656193305
2321 989862.0719087279
2322 989955.7627786896
2324 990352.9073770556
2333 990614.4424286039
2336 990844.6709855797
2346 991959.8684990057
2351 992954.1307452465
2352 993169.8892082324
2354 994097.3862428261
2357 994345.2576532040
2362 994379.8506909402
2367 994891.5132920095
2387 995776.5091300176
2388 996524.8238799303
2393 996668.4933289688
2395 997064.3402008677
2398 997154.8887354865
2404 997276.8773297684
2412 997932.4976037451
2413 998571.5183611263
2415 998764.4380524706
2417 999712.0709781850
2419 1000628.2669101249
2422 1001228.9433308406
2431 1001999.4381868488
2433 1002074.2753461556
2434 1003321.9556685432
2435 1003545.6244658787
2438 1003734.1599380358
2440 1004452.1182225004
2441 1004720.6232559234
2451 1004878.6794256673
2459 1005731.9251780513
2460 1006646.3463080879
2479 1007006.1515942209
2481 1007074.1313143794
2485 1007254.3298264841
2490 1008037.1079227095
2491 1008926.0791868420
2498 1009131.3598848161
2499 1009263.7836225361
2501 1009284.8066379844
2505 1009308.9041422325
2522 1009413.2601381469
2525 1009582.4965654295
2527 1009697.8133512777
2543 1010300.9525490792
2544 1011010.2102399187
2551 1011266.2399025152
2552 1011930.1988570258
2554 1012609.9454697078
2556 1012720.8201992976
2560 1013075.1646657450
2561 1013308.7081479228
2563 1013724.6900078800
2584 1013733.8190526196
2611 1014829.5058222204
2614 1015682.2452498972
2620 1016068.7887731954
2625 1016638.7746687104
2631 1017097.7334878237
2635 1017132.5152127019
2648 1018063.3779564385
2657 1018289.0530144554
2662 1018669.3897166507
2666 1018799.2736011478
2674 1019228.2255496929
2676 1019462.3868712478
2677 1020139.2399442185
2687 1020196.0016978205
2698 1021070.7663695009
2722 1021594.0597106535
2727 1021720.9850453446
2737 1023058.0696190839
2740 1023510.5109024240
2746 1023830.7704597317
2752 1023918.5455262265
2755 1024572.2130176108
2756 1025500.8102525944
2757 1025509.3992427753
2763 1025730.0022327150
2765 1026144.7482340926
2787 1026507.0577646735
2793 1027066.3941685458
2798 1027724.3749930639
2806 1028264.3402263870
2810 1028278.4459313911
2812 1028527.3457764961
2813 1028536.3196027189
2816 1028791.6273674720
2829 1029291.8662851732
2830 1029475.6564611611
2833 1030385.6771788894
2838 1030427.4656853621
2840 1030734.6693442162
2850 1031120.4503452074
2851 1031217.8734071914
2852 1031858.1530178010
2870 1032468.8950330800
2871 1032761.3358774306
2880 1033746.8872592103
2883 1034734.0179367990
2889 1035144.9057837536
2890 1035301.1756788944
2892 1035577.5347883905
2893 1035767.9697799925
2899 1036436.2503229511
2904 1036693.5614380408
2907 1037346.3431050675
2918 1037934.9476877811
2925 1038733.9020467137
2926 1039260.4771199924
2933 1040203.1969785992
2937 1040250.6004421007
2953 1041916.0456702592
2954 1042870.0567438356
2955 1043365.1192027394
2959 1043386.5683851158
2963 1043947.5321029769
2971 1044238.1862510720
2982 1044700.7555844258
2983 1044831.1330372347
2989 1044949.2309438018
2993 1044992.2830146597
3000 1045211.2712455024
3006 1046551.1224904866
3008 1046842.5366359249
3013 1046878.1149733617
3019 1047629.2323282467
3020 1048086.3927097003
3040 1048264.8073289456
3043 1048505.7402413186
3045 1048511.6275616867
3046 1048971.7353829460
3064 1049624.1645521279
3075 1049819.0048821133
3078 1050713.7418373730
3083 1050760.6960304496
3085 1051667.3508951387
3089 1052127.0311549616
3091 1052645.0091437523
3093 1053176.8196510877
3110 1053696.9751569878
3126 1055104.9707314542
3146 1056155.3874205984
3148 1056825.9870252993
3150 1057090.8171904306
3151 1057352.1897293278
3152 1057523.6430540918
3154 1057745.0515364725
3160 1057851.9654560939
3162 1058356.0793494531
3167 1059125.9007664127
3175 1059836.9405631013
3183 1060007.0262091011
3201 1060257.6542296037
3210 1060689.6183587129
3211 1061418.4881797100
3214 1061981.0021566569
3236 1062152.0249071459
3251 1062515.3867416901
3263 1062763.0643191563
3266 1063504.7623705375
3267 1063670.1241248655
3268 1064363.2980967218
3276 1065322.4765679645
3296 1065709.8082308506
3298 1066251.6144315593
3300 1067103.8069054584
3302 1067133.3129522076
3303 1067142.4580115846
3319 1067310.7929440320
3331 1067548.9865507563
3335 1068518.9839940462
3360 1068857.2352231545
3361 1069165.8716623501
3374 1069573.5126600994
3382 1070320.0192411826
3392 1071113.3981933768
3396 1071498.0626835406
3402 1071855.7868493129
3405 1071978.0082555185
3409 1072599.9239395424
3417 1072724.8908141006
3422 1073020.5166925224
3424 1073023.6839676695
3430 1073258.7223702667
3435 1073545.7276227723
3442 1074301.3634615333
3444 1075618.2953745089
3446 1075752.9505394578
3447 1076229.1251525534
3457 1076422.3011411543
3465 1076959.2880755521
3467 1077139.3433426181
3481 1077455.0448331365
3507 1078742.9890538191
3514 1079660.7999401472
3517 1079923.3803546119
3521 1080314.8363412339
3522 1081127.8552070512
3529 1081159.2812895337
3530 1081892.3713966284
3533 1082207.9727005775
3541 1082809.4947575980
3543 1083400.1247418048
3558 1083956.3552613386
3563 1084499.1756965420
3576 1084915.1740973222
3599 1085065.0257961429
3601 1085111.2638692358
3615 1085613.1373074423
3616 1086543.9852274044
3623 1087463.6909223627
3624 1088317.4152806017
3629 1088699.9780735027
3636 1088836.1861990690
3639 1088979.2127160341
3643 1089301.6900596383
3644 1089305.4670292097
3645 1089784.8727546828
3666 1090327.7644262561
3674 1090470.1705735186
3678 1090713.0661947890
3680 1090791.6316816888
3682 1091538.9053962228
3683 1091827.7455914121
3685 1092070.4679991833
3694 1092350.2062201218
3700 1092830.6767468520
3702 1093099.5025692936
3706 1093239.3926735537
3708 1093665.2736179582
3709 1094263.0079420479
3715 1094866.7142832340
3719 1095057.4447237514
3722 1095673.0787652289
3737 1096322.4176464600
3744 1096353.5350656621
3759 1096984.9948995882
3762 1097510.9952813422
3779 1097874.0964095860
3782 1098823.9809388991
3784 1099781.9432943228
3798 1100163.0928916119
3803 1100714.6958907680
3807 1101099.0987617306
3811 1101180.7307934258
3814 1101406.2990032358
3819 1101804.9463785482
3828 1102308.4205963917
3833 1102948.3174517807
3837 1103012.6962958793
3841 1103865.4494542188
3843 1104722.6518499081
3848 1104902.5773252433
3860 1106663.4144985524
3868 1107082.4351728498
3880 1107562.0763594832
3892 1108068.0602796660
3895 1108507.5438134780
3896 1108576.5548670248
3899 1108706.1383639155
3910 1109358.0146512864
3919 1110009.7491975713
3920 1110140.1393213430
3923 1110705.3519324006
3925 1110940.1894556864
3928 1111183.1245142566
3930 1112061.7739308968
3940 1112612.4424546475
3944 1113299.2445990210
3946 1113851.6177823162
3956 1114424.1255314674
3958 1114766.1535750187
3961 1115383.8882567985
3968 1115827.4606121243
3970 1115995.3958041393
3971 1116384.2541359845
3977 1116559.7237856137
3990 1116780.0418243562
4000 1116851.8235592991
4006 1117915.3730775507
4010 1118143.6572540887
4027 1118786.1666751544
4035 1119020.2853465311
4036 1119200.5475886937
4039 1119750.4152176485
4040 1119994.6204423734
4048 1120663.1936642376
4056 1121530.8269165338
4057 1121569.1670998817
4060 1121848.5253525623
4061 1122341.2796580459
4064 1122622.3944898359
4067 1122730.6099587125
4068 1123716.5946192441
4079 1124191.7013274268
4084 1124684.7904336753
4086 1124690.5921514973
4087 1124791.1272928647
4092 1124846.0606164362
4097 1125103.3596151641
4101 1125736.3520436783
4106 1126697.8687237657
4130 1126855.1630234383
4174 1127377.4035325006
4178 1127815.6286460243
4181 1128101.1428008855
4183 1128681.4610303808
4185 1129309.1004827644
4189 1129673.5611729429
4204 1130095.2247652372
4214 1130469.0459076224
4219 1131802.3592979577
4221 1131873.1502359835
4237 1132549.5477055723
4244 1132880.6198065262
4247 1132883.6071952169
4248 1133085.6734659446
4250 1133406.2039805471
4251 1133527.7093999411
4274 1133569.3429376937
4275 1134363.8298631872
4276 1134437.7200408289
4279 1134820.4708778297
4309 1135079.8601597976
4322 1135496.9696334423
4344 1136020.4058479122
4345 1136237.0932920026
4362 1136867.5769389670
4364 1137501.3443020592
4365 1137712.7371213767
4392 1137785.9682629833
4405 1138288.5097247916
4410 1138404.2873915117
4416 1138793.0084642677
4418 1139002.2178272207
4419 1139549.6388914734
4420 1139616.4690811997
4434 1139952.5525600298
4435 1140297.2158373706
4437 1141059.4312853820
4494 1141635.7982619447
4526 1141893.8435199086
4536 1142343.8072464967
4537 1142347.1640431532
4541 1143057.4124316578
4547 1143182.7119104308
4552 1144010.5203126296
4558 1144254.8002312556
4561 1144923.8969128490
4564 1145567.7921908288
4573 1145998.6086854716
4576 1146051.1154484912
4603 1146054.8004118202
4605 1146741.6475493389
4619 1147595.4113942126
4621 1147943.1535710832
4623 1148362.1996437763
4625 1148394.3804548611
4632 1148641.0790799560
4636 1148927.2632958160
4646 1149415.0434846955
4650 1149774.6678498490
4651 1150233.2047504422
4655 1150473.8406746120
4661 1151395.8944416158
4664 1151422.7144369925
4668 1151601.4293450725
4669 1152432.7938580732
4685 1153530.9099309796
4690 1154021.7296262574
4694 1154401.6275651865
4698 1154741.6942524149
4702 1155042.7387157155
4712 1155248.3580427750
4719 1155349.3307067074
4720 1156179.6981205828
4721 1156885.2287328925
4736 1157212.3020340540
4737 1157293.2675039682
4741 1158136.0605999760
4762 1158216.5244913215
4763 1158343.6103235616
4764 1159001.3926912500
4766 1159763.3275803882
4798 1160315.1915086706
4809 1161295.4642389214
4810 1161449.6912882207
4813 1161452.6661062711
4814 1161855.0077380773
4825 1161972.2739566632
4826 1162220.2907319467
4828 1162320.2153129042
4837 1162619.6964118897
4845 1163204.0865221077
4875 1163879.7069197085
4886 1164185.3052816223
4888 1164904.2735265836
4894 1165606.4483894142
4902 1165848.7365620665
4906 1166298.4395607943
4915 1166321.7368536796
4941 1166756.1540383652
4943 1167470.6685500096
4956 1167826.4532640660
4971 1168435.3960868232
4972 1168593.9892619580
4975 1169478.9798642071
4992 1169630.3020378663
5004 1169781.4964055987
5018 1170430.2573770341
5037 1171949.9775103712
5040 1172416.1287242232
5047 1173273.4072104697
5049 1173313.5139030360
5057 1173515.8150361711
5064 1173790.2106719217
5077 1174045.9546899346
5079 1174556.3295189748
5089 1174744.9889668752
5096 1174973.2939696964
5101 1175122.1133305591
5104 1175233.2950221789
5116 1176357.3543141545
5143 1176805.4110582308
5160 1176998.7992271022
5163 1177024.2800486921
5168 1177373.5268008150
5183 1177894.6654667114
5196 1178251.8033160153
5203 1179522.3313803999
5214 1180004.9667531184
5217 1180147.7365527928
5220 1180321.3517997379
5234 1180678.2673750827
5250 1180769.8823868153
5280 1181353.7974009539
5338 1182162.7817794855
5343 1182455.6417872370
5357 1183002.8259028797
5362 1183446.1277350106
5370 1183752.6683981803
5384 1184037.5795843333
5392 1184096.9161189115
5393 1184339.8523239279
5396 1184501.3482079797
5415 1184903.9467122683
5456 1185160.9549557634
5461 1185890.0949908535
5482 1186079.7994673771
5527 1186927.9499364144
5536 1187140.2887239230
5542 1187406.6393379588
5546 1187584.4502164016
5550 1188008.0972010125
5560 1189786.2483113869
5565 1189828.9652141095
5568 1189847.3615386388
5570 1190186.4621807407
5580 1190405.6526159709
5588 1190891.2149902440
5601 1191751.6526946411
5614 1192205.7169666556
5615 1192673.4928793134
5641 1192907.9896242875
5646 1193375.8979987088
5651 1193834.7216876678
5655 1194153.5918974341
5657 1194902.6433890676
5677 1195022.2223482591
5679 1195338.0264813828
5691 1195895.2380885973
5692 1196090.5963975834
5698 1196275.5600019186
5736 1196524.6049866651
5739 1196641.5766721449
5784 1196866.1879039796
5788 1197239.8960800283
5792 1197413.9479289150
5817 1198143.6925160731
5839 1198319.5163615076
5865 1198608.8511350793
5868 1198874.4241165195
5875 1199282.8277793257
5901 1199649.9861620956
5903 1200336.6066987466
5910 1200494.1745421970
5948 1200674.5291590169
5977 1200856.0498128706
5991 1201387.6747725925
5999 1201444.5359653735
6013 1201736.7622976312
6014 1202495.8839285618
6023 1202694.2796826728
6031 1203642.2601949598
6041 1203678.0558263275
6054 1203752.6548339503
6062 1203957.8739151962
6080 1204074.7500513196
6094 1204489.3954551206
6110 1204658.3458977416
6126 1204830.2042368080
6135 1205010.0645618050
6139 1205682.3865587094
6164 1206510.3232201384
6169 1206736.8660232690
6182 1206969.5453429343
6207 1207398.3282603039
6210 1207681.0642632155
6228 1207789.8152603032
6243 1209037.4212586270
6244 1209265.0439767397
6262 1210242.6214685559
6266 1210364.9520356820
6271 1210678.6527136816
6272 1210774.2457776438
6277 1211343.4222020500
6303 1211665.1423378286
6306 1211703.0908280096
6309 1211925.5538711587
6311 1213137.7047982013
6322 1213354.2394783678
6331 1213574.1483527757
6338 1213752.3283425486
6377 1213987.4022037720
6385 1214195.6695379522
6389 1215159.2500041563
6394 1215273.9079758921
6396 1215747.2200997360
6399 1215906.1471485661
6409 1216025.0838933822
6426 1216212.5859371431
6447 1216390.4165918767
6455 1216467.2023264507
6456 1216520.2204711346
6490 1217231.2561894841
6504 1217316.1263637391
6530 1218139.1067200247
6533 1218174.4970517920
6540 1218335.3413889029
6542 1218984.5882472119
6549 1219842.4338776453
6564 1220251.5498116033
6567 1220992.2841786626
6568 1221622.2602958821
6582 1221954.1179525377
6607 1222104.2691799598
6609 1222540.2886749310
6619 1222609.2579989068
6646 1222818.1911003608
6648 1222968.5630358837
6665 1223145.2224950693
6692 1223551.1431565592
6704 1223567.1472155578
6716 1223782.1400542604
6720 1224142.2128901922
6723 1224506.3886127318
6730 1224621.6162184915
6744 1224738.9156891597
6750 1225017.1944321983
6772 1225019.5693294958
6776 1225254.8508784422
6795 1225364.7601960856
6799 1226288.2127180642
6813 1226532.0242685361
6819 1226903.4038638708
6826 1227292.4978314447
6865 1227366.0867246820
6866 1227569.2283892923
6876 1228431.2327751135
6880 1228718.4199939622
6904 1228825.6980141753
6922 1229081.0299470313
6936 1229239.4275274451
6953 1230503.5917034061
6959 1231052.8688850033
6966 1231278.8715746908
6974 1231444.9536440230
6988 1231549.1631993717
7009 1231958.5760762841
7014 1232559.3208451280
7028 1232601.1889615126
7053 1233338.2379348485
7057 1233815.8844288485
7064 1234364.7731832163
7076 1234476.4809716919
7081 1235375.1597195209
7086 1236035.5493643803
7104 1236096.7187978039
7110 1236444.2372174822
7113 1236770.5679282530
7120 1237015.0141424283
7126 1237416.2957100593
7129 1237420.4518756222
7142 1237656.2525523074
7152 1237903.4486251522
7153 1238040.7070237740
7154 1238104.4909328690
7158 1238746.4863310207
7160 1239421.0241070138
7163 1240313.1082791791
7171 1240802.6073118343
7191 1241561.6248324066
7204 1241730.2910600861
7207 1241747.9124929640
7254 1241807.0686282581
7256 1242277.8987640552
7260 1242812.8401392063
7276 1243195.0208149301
7279 1243447.5985046455
7308 1243491.7483125746
7323 1243872.6191497631
7331 1244202.9863008135
7333 1245056.3100019377
7356 1245478.9237661425
7364 1245726.5385212437
7385 1246201.2277499205
7389 1247078.3618231611
7400 1247743.8435102601
7425 1248349.7629002295
7432 1248431.6592422202
7443 1248763.0062564011
7456 1249356.0598217216
7474 1250232.6198745214
7497 1250702.7525129449
7501 1250967.5187825193
7503 1251079.0754263818
7505 1251663.3156120961
7521 1251732.2513030546
7528 1252611.7122953013
7586 1252843.1659624001
7589 1253375.3605557752
7601 1253399.5485668189
7617 1253400.9244812834
7624 1253722.7219551050
7658 1254128.3411248496
7659 1255256.7289039348
7671 1255665.1626789065
7673 1256334.4736332560
7676 1256433.3825608096
7701 1256555.9943476957
7706 1257186.7374765563
7774 1257735.2568744451
7790 1258132.7559375013
7805 1258464.6233973736
7825 1258889.0203338359
7830 1258977.0445520815
7841 1259304.7838464039
7861 1259437.8638032179
7871 1259896.4938446749
7898 1260561.4077129529
7920 1260574.6218607749
7942 1260873.4030149528
7976 1261334.3356145632
7988 1261973.2499105360
8024 1262022.1427268528
8064 1262113.7713778019
8093 1262295.1878010063
8122 1262795.6497227661
8127 1262804.0693426435
8131 1263423.6587574943
8174 1263523.9685188537
8181 1264007.9019523403
8188 1264544.6466574247
8205 1264986.2078381472
8227 1265358.4905073941
8231 1265539.0925185252
8238 1266155.7850450191
8267 1266377.9290568009
8283 1266998.7883611228
8286 1267446.7300324675
8310 1267700.6944323014
8312 1268344.9365763848
8340 1268508.7326224046
8353 1268708.0058918865
8401 1268928.0255664908
8412 1269404.1214229024
8413 1269410.5354943476
8431 1269878.0673324864
8433 1270085.5113713506
8450 1270433.1622827880
8452 1270636.7082072957
8456 1271243.4721102437
8465 1271431.7651444944
8468 1272101.8187750124
8470 1272107.2896615544
8478 1272288.2291009687
8511 1273269.0141686820
8537 1273313.0132171013
8558 1273567.2584348687
8608 1274072.3929483560
8629 1274371.8442280786
8634 1274747.5778996430
8644 1274779.2858522225
8650 1274897.9153741386
8665 1275361.9361348560
8671 1275554.4955407444
8676 1275928.9366842257
8677 1276207.5835836604
8686 1276256.3312577796
8702 1276636.0005588687
8731 1277462.4744643634
8736 1277463.6508999506
8785 1277559.7245332797
8839 1277640.6897210970
8857 1277642.9282852011
8860 1277817.2584224921
8864 1278390.0906458409
8877 1278649.9568739808
8884 1278975.3605679250
8887 1279674.8085492137
8891 1279791.8291417793
8893 1280029.8711174133
8933 1280195.8356545148
8944 1280850.9238620964
8976 1281581.7675794119
8979 1281707.3244375533
8988 1281841.5097637847
9001 1281887.9978255662
9013 1282422.3304710786
9064 1282639.7286610140
9070 1283180.7888847052
9104 1283673.0151974021
9110 1284141.8976747354
9115 1284230.5644013204
9168 1284287.4250260545
9195 1284763.1315368221
9207 1284900.1052407946
9210 1285983.5088881250
9215 1286401.9682186663
9218 1286710.5147933217
9225 1287121.5531441877
9247 1287351.4934433899
9250 1287731.4623757163
9305 1288157.9396445537
9317 1288604.2556066420
9326 1288900.0830235488
9331 1289735.0797963673
9393 1289785.7590317877
9434 1289803.5229903602
9457 1290698.5502461300
9493 1290704.1999204706
9502 1291146.0483948111
9507 1291896.5106404561
9527 1292259.5105220380
9532 1292835.4240448363
9566 1292984.3178558056
9620 1293814.4992380163
9631 1293971.3782430906
9632 1294658.7405202594
9645 1294759.6586545710
9663 1295360.3641756321
9675 1295608.2911560438
9695 1295780.9029469769
9708 1295973.3683976787
9720 1295985.0530486312
9737 1296174.8978823593
9756 1296180.5575727739
9759 1296391.4753108544
9768 1296796.9383854005
9776 1297126.8535075956
9782 1297129.3671237472
9806 1297307.5725365286
9825 1297313.1768974336
9834 1297727.2704900254
9872 1297786.4030388694
9874 1298183.5516846981
9875 1298896.8042506336
9876 1299078.9464720977
9879 1299282.4423164334
9925 1299943.6709175617
9953 1300582.9979950262
9965 1300583.0431319291
9966 1300987.4890124886
10001 1300987.4890124886
evaluations raw_y
1 687209.0092671848
3 687820.8127802203
4 688686.1736870385
5 690398.7740420561
6 691199.5012856758
7 691231.8963422840
8 692151.1916562477
10 693121.2755923590
13 693724.0737563741
19 694395.8189682591
22 694542.7148101480
30 695565.7571043058
31 696468.5172301761
32 696619.4489931853
34 697488.6465836165
35 698061.6254804801
36 698663.9006790795
44 698691.3256708070
45 699258.6991145847
47 699679.0634329298
48 700537.9292392703
49 700632.7867659812
54 701009.7326775196
57 701996.5416710183
58 702444.5109585378
60 702681.3581650765
63 703289.2680358167
65 703530.8801000854
75 704114.3622280549
79 704262.2795080593
80 704654.1653766698
83 705530.7081404502
84 706213.3583740905
86 706246.1996804691
88 706565.3402781850
89 706609.4640714194
90 706804.2889407113
98 707010.5088334039
102 707482.3590812917
104 707531.1506976698
105 707655.4359822181
108 707965.8385492803
115 708223.8155162305
118 708751.3577188568
119 709022.6798599502
123 709431.2858477958
126 710470.0703622268
130 711096.5782152384
133 711681.7619800542
134 712279.4937390179
136 712293.9427559623
137 712490.7697960750
142 712546.1425230621
144 713486.6059183636
154 713646.0102772741
157 713795.4935488857
159 714133.9559767994
166 714229.1859658957
169 714850.7500110079
171 715322.7164303061
179 715714.0313713506
180 716114.4787881904
181 716470.2780737632
183 717252.9518119445
184 718155.7643773553
186 718417.5425655979
187 719056.6018956017
190 719530.8026548837
192 719539.6197303197
197 720580.9966804816
200 721860.1254755207
201 722090.3467374631
206 723017.8222189290
210 723159.9342439634
218 723705.9121741606
223 724521.9500491769
228 725938.5744133911
231 726538.7775806135
233 726858.0797554414
235 727852.4390177965
239 728093.0031002256
247 728152.8479320913
250 728749.5497095997
257 728932.4324130572
258 729770.5033417029
259 730411.8556780210
266 730918.8311693339
272 730931.9063902242
275 730999.0284937546
276 731443.5001993085
279 731677.2954504451
283 732405.5715543611
285 732669.2019563537
290 732904.0065376135
292 733547.7211520207
298 734162.6003643468
300 734415.0757033075
302 734586.2567625624
303 734997.9016131137
311 735856.7599846303
313 736014.3724902701
317 736058.7950412058
321 736695.0224997140
322 736763.4812541244
329 737747.9885304671
331 738327.6019280595
332 738582.7204355190
334 738876.8462741980
336 738974.2117348926
337 739198.2916348048
339 740020.2774039658
341 741503.3580862357
342 741510.8439250345
343 742649.6782164497
344 743097.5311319635
361 744054.2416015750
369 744514.8778136245
381 744949.1615042505
382 745697.3651625623
388 746532.8522544545
393 746556.0880344739
395 746896.6978898775
396 747803.5233910986
397 749178.2550543246
398 749546.2573232512
400 750454.3041436842
407 750762.6397429564
408 751110.0708468290
413 751954.1972868327
416 752301.5243736043
419 752440.4298648938
423 753201.7993340531
425 753589.8261199304
432 753728.4028593833
435 754058.8991805195
436 754180.7816264519
437 755837.3599450402
443 755847.4190735341
459 756754.6103522402
460 756888.0156198274
463 757336.7040690489
470 758041.9753324167
471 758390.6924724005
473 758620.8142810212
474 759296.2548945253
481 759710.8956767292
485 760633.3573169834
488 761315.4967070838
490 761426.5391079420
493 761551.4011203027
494 761796.1612161776
495 762742.7248283658
497 762918.6608479185
499 763491.6737198428
502 764114.2042368528
506 765062.2479844929
508 766153.8079958956
512 767122.9069950127
515 767644.9640631435
516 767773.3418790320
523 769628.2011212993
526 770171.9693624644
527 770234.5758657027
528 770556.7248339010
529 771092.0945193372
532 771248.8464746134
545 771863.5945773151
546 772248.4528699977
548 772472.6974953114
549 773043.9991556907
554 773324.4661342709
556 773724.6855698471
562 773814.2627511757
563 774606.8946652143
564 774752.2362010106
569 774845.7892377237
574 775787.1118287995
575 775917.2500630250
576 776161.8845190449
577 776259.6976873536
580 776586.5561708391
585 776630.3462889624
586 777387.0085013813
588 778656.7787105272
589 779249.4798937056
594 779617.8648030227
595 779713.8339461803
597 780401.7150680406
598 780628.2659355665
602 781169.2979047879
605 781618.2554895502
607 781625.7916172713
611 782221.1163944608
613 782644.8254993424
617 782815.1423797775
618 783252.1681640771
620 783820.6819856117
622 784071.8734203336
628 785022.7091589354
638 785030.5038117883
649 785668.7561697055
661 786580.5074867232
666 786592.7297013878
672 787908.5723571896
677 788708.9467493711
678 788716.3011719733
680 788732.4888023528
681 789376.8420857843
691 789519.7297409093
695 789812.5850740714
696 790130.7649061057
699 790970.4569157758
705 791101.5044961134
710 791195.9363208415
714 791832.1457624828
720 792759.2337277228
721 793082.0125957441
727 793109.8886858227
731 793273.2815512083
733 793849.4804294796
734 794065.3406537273
736 795173.3716809097
738 795429.2288726150
743 796330.5661246167
750 796954.6600620589
763 797032.5420400442
770 797382.2837042410
773 798054.5352021036
779 798226.0521364814
785 799088.2530227179
792 799531.1825031396
794 800058.8161287422
796 800878.5807807016
801 801704.0128983153
803 801780.7648311801
807 801953.2009737727
808 802901.8887188742
813 803350.6949574739
814 803864.5933485781
822 804375.0962792701
830 805180.9959468341
834 805736.8755292341
836 806030.5830024285
839 806199.3177959927
841 807145.6168687122
844 807581.7639751969
846 808143.9166940263
850 808511.4130559186
853 808947.8728942196
858 809281.8392197632
865 809558.7038554846
869 809957.5205499751
874 810911.3406810348
875 811328.7284319934
877 812140.2464249039
878 812554.0892535176
884 812929.0417917437
889 813151.7106563534
891 814097.9465263567
894 814124.8319033684
900 815047.1574974031
904 815400.4600508860
905 816215.4031258513
907 816642.1914435736
909 817248.0481664544
910 817635.7972055426
912 818362.5870443864
917 818805.2971762699
919 819527.5107977379
923 820381.4515196186
925 820902.1011328138
927 821315.3757192018
929 821973.2399519610
931 822191.9985676197
932 822629.6200369196
935 823325.2685283116
936 823585.9837530806
939 823795.5617363596
941 824022.9208141739
944 824272.9887026123
945 824439.2539273831
946 825458.4205828700
952 825748.2419911644
957 826710.7284315733
960 827659.0293991349
961 827676.2493281080
963 828256.6069630096
965 828779.5731410902
972 829733.3078344426
974 831209.1961142158
980 831990.9122878617
997 832671.6111898029
1002 833148.7112538868
1003 834853.7954675523
1007 835576.7792604958
1010 835847.4418301464
1013 836328.0477349720
1016 837679.8829637993
1024 837865.0114710036
1025 838269.0795079584
1027 838547.8316682127
1030 838565.8426395105
1031 838841.2529605710
1032 839257.1891397143
1034 839864.8026852283
1036 840222.6757661065
1037 841080.1575184378
1043 841992.3972733943
1051 842744.2164657702
1052 843993.9290109946
1056 844434.3438522305
1058 844795.4848766138
1062 845705.8289399080
1063 846301.8208337908
1073 846890.3746748571
1080 847696.3115077548
1083 848275.4752228224
1085 848650.8029109085
1094 850845.9705815626
1097 850916.9607771973
1099 851160.5337736920
1100 851974.8059793462
1103 852962.4279438412
1104 853091.0844355415
1111 853413.6497488985
1119 853613.2799556610
1120 854604.8261471625
1122 854826.7501721903
1123 856140.3447901258
1129 856549.7693883027
1143 857380.6779928262
1147 857556.5698483275
1149 858205.2556106568
1159 858387.4818467110
1165 858593.8264642422
1166 859570.2198885914
1169 859727.5039763981
1171 860333.0648320070
1180 861250.2278341651
1184 861596.5254793769
1186 861631.7511227871
1187 861952.2003832635
1189 862105.6959389896
1190 862676.7723057831
1192 862734.7403999695
1195 863692.2379716662
1198 864661.1048263587
1200 865337.8727824951
1201 865602.8275795111
1204 866239.8824514413
1205 867645.4870065715
1206 868192.1690316082
1212 868502.9615235300
1214 869219.0765943354
1216 869932.2984781449
1223 869984.3335543637
1228 870167.5335439252
1231 870203.8071695872
1239 870699.8385812173
1242 870984.6703751090
1244 871447.9653056987
1247 872348.4992636556
1249 873271.8136581373
1252 874020.7440034691
1253 874698.9012405592
1256 875273.4318733620
1257 875757.7664204222
1274 875928.7218108221
1275 876745.4618683459
1279 877263.9180746599
1280 877375.2561694556
1282 878227.5361981306
1288 878821.6202154338
1290 879719.1828386129
1293 879721.4435117622
1296 879769.9454533936
1297 880704.2689462587
1298 881460.2186087451
1299 881758.0838401493
1303 882342.6549726069
1307 882600.5210942574
1308 882786.3283986917
1311 883511.8756410372
1317 883528.7093468069
1319 883545.3097428181
1321 884502.2513524329
1327 884721.4841287086
1330 885099.0922535730
1338 885488.1039165481
1348 885667.3690150321
1351 886118.2978317714
1355 886625.5722290537
1361 886891.9498659420
1370 887637.3936221730
1378 888490.2776167718
1387 889367.2320477488
1395 890245.0400669141
1398 891070.5880321638
1400 891626.5848660266
1402 892227.2814259422
1406 892662.9448981764
1407 893460.4414151951
1413 893968.4380852295
1417 894583.2085491359
1422 895125.5614756213
1427 895824.6370381276
1438 896772.3437535049
1440 897706.9056157111
1446 898489.3499543651
1467 898707.2286803513
1468 900058.2358307409
1473 900820.1478571915
1488 901379.2708832233
1496 901390.9006755563
1506 901654.6086676103
1507 903376.3571180928
1510 903517.8854755333
1511 903933.1471544940
1516 905259.0483866575
1518 905608.0915737348
1521 905982.6044643050
1523 906782.5147752163
1528 906880.2507258375
1529 907489.1574598183
1531 907708.3219539101
1544 907899.6221991220
1545 908686.3004497779
1552 908977.7719641781
1553 909119.8443330881
1556 909347.8656664862
1564 909570.7280506209
1565 910063.3848942743
1566 911392.1003387175
1572 912124.8235283546
1574 912153.5889514097
1576 912661.7807744460
1581 913005.3505162797
1582 913980.2793393594
1586 914580.6684799973
1588 915167.8228850258
1601 915877.1090742935
1609 916784.3417359107
1610 917687.4910618929
1622 917833.6688651346
1624 918341.1574394475
1629 918974.0354279939
1631 919302.4307080464
1641 919333.8170398083
1644 919474.3506037509
1648 920338.2626937394
1653 921167.2036271183
1655 922147.2009427358
1661 922805.8389890011
1675 923645.3502318907
1679 924063.4151185586
1684 924089.0590802326
1686 924617.1839176766
1690 924673.2517778354
1695 924866.1656570979
1698 924963.5661281029
1701 925144.8460239352
1708 925249.7966765955
1713 925991.7422388066
1716 926179.5466849542
1718 926275.2289771973
1720 926470.9677351543
1721 926963.5199838129
1722 927304.4160449344
1733 928226.7222133159
1738 928299.4931342462
1742 928794.5624381263
1745 929038.6695552971
1748 930046.1534271847
1751 930099.7771272040
1755 931089.7079617883
1760 931091.9673387427
1761 931307.0356954805
1762 932709.1160434401
1765 933223.3292197321
1770 933759.5477399953
1783 934642.2755792177
1784 934733.9656270407
1790 935582.5715158089
1798 936347.0561626116
1803 937034.4054869754
1804 937659.0147708791
1808 938565.7230879386
1810 938577.2151027925
1815 939149.0827991380
1832 940914.4673644056
1840 941096.3199810958
1841 941434.3896566369
1844 942234.3938131267
1845 942990.9502957215
1849 943590.6212560440
1850 944019.4317068774
1853 944305.4358244587
1855 944337.3899675624
1874 945201.0080990684
1876 945699.2417321516
1877 946241.5425684468
1880 947053.4405215192
1884 947281.0980501141
1887 947673.2456392624
1897 947730.2090867060
1901 947869.3346044032
1905 948176.3967780733
1908 949054.8279622286
1915 949890.5404387503
1920 949940.5194743298
1922 950121.3108202254
1933 950284.0770767909
1934 950627.0464503561
1937 951505.3284222615
1960 951851.4525712134
1963 952025.3935149697
1969 952501.5887976299
1977 952791.3072398000
1981 954037.2399070106
1982 954406.2584031966
1983 954521.0856910029
1984 955155.8287935093
1994 955763.8373096433
1996 956675.7965604438
1997 956777.7494492194
2004 957328.6267123005
2009 958050.7093996448
2020 958913.7298659398
2022 959541.8646462107
2031 960025.5834470175
2032 960974.4506888522
2033 961764.7000661123
2036 961778.9820367531
2047 962167.0789361302
2051 963101.1044628760
2053 963702.5179179327
2054 964626.9134600498
2055 965181.6646727284
2065 966142.0769639829
2066 966474.2067536580
2067 967766.2679169266
2075 968320.5294749192
2077 968360.8019895009
2079 968523.6810253073
2080 968846.1443499619
2084 969574.1684538821
2091 969789.5746717893
2100 969847.9233678041
2109 970605.8059529223
2122 971464.7137461199
2130 972154.2497444656
2131 972322.2162800650
2133 972563.0821011676
2148 972727.1158717361
2150 974035.0690598948
2171 974723.1167334080
2173 975258.4261331352
2182 975689.5551720818
2190 976324.3978213697
2191 977085.2949721748
2192 977309.2760501527
2195 979136.6907177772
2197 979904.0052874578
2200 980056.9596879976
2204 980747.1435651336
2209 981533.7787824809
2210 981741.0455447178
2215 981793.9202363301
2216 982084.5899941606
2219 982182.7896858910
2221 982380.7705830646
2225 983340.5889575419
2227 983484.1159513064
2230 984868.5985296621
2231 985071.8496012287
2232 985572.5278486554
2235 986366.8868695094
2246 986665.6169451890
2249 987124.9170658889
2252 987639.3761718364
2264 987666.8830646406
2265 989189.9345642171
2269 989755.4321127537
2275 989799.2175060885
2283 990140.2198870111
2292 990259.2135689772
2301 990723.9517077144
2302 991047.5174000537
2306 991289.0114147349
2314 992225.8716336734
2315 992368.9337025761
2321 992615.6979926556
2326 993569.9891815630
2330 993668.7977598893
2331 994104.0884522643
2334 994743.7452258221
2335 995665.6829502265
2337 996156.4813958390
2340 996477.8421727113
2351 997294.5425663866
2355 997345.3115516598
2356 997480.5496782360
2366 997730.7132878235
2368 998215.9870066742
2373 999045.3582128531
2374 999438.0827805290
2377 1000140.1335968298
2378 1001141.4453799312
2391 1001454.4735068043
2396 1002391.8852047678
2397 1003148.2866048014
2403 1003261.0476895582
2404 1004169.0576916888
2408 1004372.8305361958
2420 1004408.1757873034
2422 1004743.4716897554
2423 1004953.2322102053
2430 1004971.6755322271
2437 1005350.9765967006
2439 1005678.2914883075
2441 1006063.4842889963
2452 1006179.1376490128
2456 1006592.8640550674
2457 1007022.6109868264
2462 1007398.9385556667
2466 1007409.2751360300
2481 1007561.1547781429
2485 1008036.8275637720
2517 1008168.4133431818
2521 1010547.3660166002
2525 1011080.3687549381
2532 1012029.6644243754
2533 1012273.1432986167
2553 1012721.5229687097
2560 1013544.7064978245
2563 1014319.2373621283
2565 1015916.9408250340
2567 1016536.1095541674
2569 1016661.4018575535
2575 1016715.2244616518
2583 1017058.1464448940
2589 1017332.6265996422
2591 1019020.6642660671
2593 1019103.1003500297
2598 1019769.4329382345
2609 1020632.0289843101
2624 1021113.1980655022
2625 1021542.1610769994
2629 1022139.4170379519
2632 1023723.8181291251
2637 1024002.3891931772
2652 1025328.3847852218
2655 1026027.2817576104
2681 1026032.2488772009
2684 1026040.9464388937
2685 1026122.2398922901
2689 1026161.9568267148
2693 1026186.3924698577
2707 1026524.5282135461
2711 1026789.7309528333
2719 1026837.2098557265
2731 1027730.8602818145
2738 1028828.4231521336
2753 1029183.1517500505
2758 1029444.8682465891
2759 1029502.3773873795
2762 1029675.2755165403
2767 1029856.0404281844
2771 1030293.5006261407
2779 1030851.4456686489
2782 1030959.9667200238
2785 1031115.6885868716
2787 1031387.7131979039
2789 1032176.8928876104
2793 1032459.8304373963
2803 1032525.7074204166
2811 1032890.3190808243
2823 1033630.8538100241
2827 1034343.7368877818
2838 1034540.0948676212
2840 1034886.4098770438
2851 1035426.1818769082
2857 1035466.7604355472
2869 1035877.5382221878
2870 1036594.6206552713
2885 1036951.2647017422
2904 1037058.7632940803
2907 1037240.2274746188
2910 1037850.1447098226
2911 1038288.1825082797
2917 1038644.4160516278
2929 1039033.6489731895
2931 1039235.4742482563
2936 1039321.4210988927
2937 1039561.2944238373
2945 1040249.1626389939
2955 1040328.3016058537
2956 1041113.6597654445
2962 1041320.5447932086
2963 1042443.9422133069
2964 1042706.5725577248
2969 1043105.8522781279
2979 1043547.3262828665
2982 1043792.9612936120
2989 1043934.7818710457
2992 1044443.4119849235
2996 1045117.6142423319
3012 1045634.9956801024
3014 1046178.5846991357
3026 1046230.2946785091
3029 1046958.6515116601
3035 1047095.1025662142
3041 1047374.9956378217
3048 1047860.5682743719
3049 1048737.0689936173
3056 1049529.8595282750
3058 1049806.4829192141
3060 1050077.5731313350
3079 1050206.5105627743
3088 1050956.6319958079
3092 1051041.1616497701
3097 1051228.8513351027
3101 1051782.5112334329
3104 1052258.3230562196
3112 1052365.5819296192
3113 1052681.4909121848
3122 1053101.9902558113
3124 1053169.9653184370
3125 1053268.7288700838
3134 1053352.6136685333
3141 1054749.0813083663
3147 1054843.3811213484
3155 1055134.3041211027
3163 1056028.7320542899
3164 1056728.9683209010
3166 1056968.2888866244
3167 1057072.2538581705
3172 1057113.7293593264
3174 1057843.9798286718
3177 1057943.9385006281
3180 1058439.3348032965
3182 1059099.6677171218
3183 1059314.3284734422
3188 1059395.1861428001
3190 1059808.8244332441
3211 1060428.4567388236
3212 1060504.2232028679
3224 1060584.2253496414
3225 1061660.9460178248
3227 1062178.9442017814
3236 1062268.7813619471
3244 1062643.8276654400
3245 1063112.7946084074
3246 1063835.5057402777
3249 1064527.6040546603
3254 1065138.1701878430
3262 1065447.1860671521
3263 1066046.2625640382
3268 1067479.1940467148
3272 1067593.5570141706
3280 1068242.9866237668
3283 1068894.0768775791
3297 1069408.7444343176
3316 1069931.9282625879
3319 1070407.4140787309
3346 1071250.2665908579
3356 1071670.0680773894
3357 1071858.2966222039
3359 1072384.7652826370
3360 1072774.4136008949
3367 1073323.3779353015
3378 1073490.2744172371
3385 1074840.5435902327
3387 1075294.1629155069
3398 1075467.7899301313
3400 1075689.6475007364
3402 1076315.3450884726
3403 1076323.9521009144
3412 1076819.7929207901
3413 1077159.7315553608
3428 1077519.7013084099
3436 1077769.1417707042
3437 1078258.9550924059
3438 1078574.7752245080
3443 1079224.8573025886
3453 1079558.5641433839
3469 1079576.2496893539
3477 1079598.6094687996
3482 1080035.3472735269
3485 1080590.7434203641
3496 1081127.7638118959
3499 1081959.8182311424
3506 1082305.8827695798
3507 1082477.9680489709
3515 1082859.7595519724
3522 1083688.6347178104
3525 1084292.0705810443
3526 1085006.4158229711
3529 1085391.4175161507
3530 1085413.6971842046
3533 1085699.8227883787
3534 1086082.4920237816
3540 1086440.9838604990
3565 1086461.9201540500
3567 1086604.3471401895
3579 1087052.3066104902
3581 1087580.8306068743
3583 1088142.1561830626
3589 1088309.1893134012
3605 1088366.1190234746
3618 1088508.6990886189
3620 1088947.3766670020
3632 1089839.5983746382
3633 1090140.1603030851
3636 1090350.7044128284
3655 1091075.5919180445
3659 1091121.5496169669
3683 1091285.2216461962
3684 1091883.1626837580
3686 1093003.1748158492
3693 1093321.8288090709
3707 1094059.4612850051
3719 1094934.6186723209
3723 1095826.1241451337
3725 1096756.9633557238
3729 1096823.2833819017
3733 1097281.4260642279
3743 1097568.2452978997
3750 1097609.9552451451
3751 1098014.1895934090
3760 1098172.3035415018
3767 1098311.9583171399
3779 1098926.0285623046
3785 1099298.0686555596
3792 1099299.4630406653
3798 1099409.6910784973
3799 1099453.5451282256
3801 1100003.8511258399
3807 1100158.3100376306
3810 1100501.9637543792
3824 1100964.8115725545
3825 1101501.2204645327
3830 1101951.6869495080
3848 1101955.5820483963
3859 1102554.1583009164
3869 1102858.2097882105
3880 1104428.5540633881
3882 1104813.6191770572
3884 1105169.5222768094
3887 1105561.8718534054
3896 1106090.6952440355
3908 1106774.5336934484
3909 1106775.5403176267
3922 1107335.4868304504
3929 1107914.4089828564
3930 1108835.4715471007
3941 1109639.5592787312
3942 1110609.0508980413
3951 1110816.3974524327
3952 1110983.8484686771
3954 1111977.7254732777
3963 1112696.4334487887
3965 1112904.7962385723
3970 1113151.9887087804
3972 1113575.5326562480
3987 1113611.4578611655
3998 1113809.0498027797
4000 1114541.1220293976
4001 1114734.6117252407
4003 1114879.7208432630
4010 1115564.3340521175
4014 1116115.1861666371
4030 1116353.7610015362
4032 1116715.9146048224
4037 1118053.2574209555
4039 1118704.9830801797
4067 1120243.2891655529
4075 1120811.1423774851
4076 1122592.2893063391
4080 1122925.9727740390
4098 1123541.9548497051
4102 1124328.9086244632
4108 1124407.9320153778
4109 1124798.7044837382
4112 1126368.1852918279
4122 1126911.9015319434
4133 1127660.5325905208
4135 1128053.9937615164
4137 1128427.8885636278
4171 1128900.5448755994
4182 1129125.7209334103
4195 1129291.8773559213
4206 1129529.2004425514
4207 1129675.3921434057
4213 1130286.5000182495
4215 1130978.2260374317
4223 1131183.8926675338
4238 1132097.0429348217
4239 1132382.9239244452
4240 1132967.3322723103
4246 1133375.4414011666
4248 1133559.5277037746
4256 1133672.0336701705
4257 1134098.0274051463
4259 1134215.4213835504
4262 1134329.6957132663
4264 1134990.7484347431
4265 1135203.2929935050
4270 1135447.0628844318
4277 1136175.4946121140
4280 1136585.8037390255
4289 1137092.6387870037
4290 1138178.1840654202
4295 1138360.1868384066
4296 1139273.8229964096
4298 1139882.5353614539
4299 1140060.1296662726
4307 1140259.1977153351
4316 1140349.1904186714
4322 1140782.9654626329
4326 1140903.6380836808
4328 1141176.8981468757
4330 1141339.7260531131
4360 1141974.9714966717
4362 1142234.3519145991
4363 1142354.6104782135
4381 1143345.4210589570
4384 1144115.3176706876
4386 1144328.6188699626
4387 1144585.0116071557
4389 1144884.1046545224
4428 1144957.3494189649
4448 1145781.8614125652
4451 1146237.0041713531
4452 1147140.1306017076
4486 1148042.0504483234
4488 1148352.5886913470
4501 1148356.3841039508
4514 1149279.0304890771
4523 1149544.5748732742
4524 1149564.1920417158
4543 1150201.4305937982
4554 1150287.7772857423
4556 1150698.5292080345
4575 1151371.3156340583
4579 1151621.6226662134
4605 1152607.5764640446
4616 1152773.6325965850
4619 1152862.0142963326
4626 1153263.0005337601
4667 1153591.3127881689
4668 1154300.2256155522
4677 1154605.4260885320
4690 1155188.0886862900
4692 1156343.5136070696
4697 1157178.0112376355
4703 1157796.2031210421
4707 1158314.5274839879
4709 1158851.8675779239
4715 1159367.1401401104
4721 1159862.7999291734
4722 1160037.1311670914
4740 1160121.2212166600
4744 1160177.4706019685
4747 1161506.1545360817
4762 1162420.1275157100
4765 1162728.3632033463
4776 1163030.8669984909
4779 1163233.3091195659
4780 1163348.3702751820
4797 1163695.6138589296
4807 1164349.5246425678
4808 1164663.4758293773
4819 1165428.5649048241
4830 1165770.4898673333
4832 1166453.8011745338
4848 1167063.3270167261
4859 1167089.0123064865
4862 1167338.8176073614
4863 1167450.0393000669
4882 1168222.0517063041
4894 1168678.5050249908
4901 1169052.4285036358
4913 1169746.5702584747
4915 1169901.0945781143
4941 1170179.1953443049
4948 1170682.7786889826
4952 1171130.9204437754
4955 1171343.3436128513
4962 1171604.6148501637
4973 1171682.8657639984
4976 1171707.6256407918
5011 1172391.4379392157
5021 1172698.6060652039
5022 1173347.6648883678
5024 1173801.7494814398
5036 1173910.6437012395
5037 1175379.0236026233
5045 1175844.0813576649
5047 1176532.5307750604
5059 1176631.0402362698
5068 1177326.5743714515
5069 1177854.0262362703
5095 1178235.1030656807
5118 1178541.3422402628
5119 1178658.8877914140
5125 1179379.8431588761
5142 1180189.7652540815
5150 1180482.7577745221
5156 1180998.9357792991
5165 1181119.1740834203
5172 1181596.0993371157
5202 1181603.9589643502
5211 1181758.0947875921
5215 1182313.7227426316
5225 1182604.9513907605
5230 1182813.7956116146
5235 1183133.4562030432
5241 1183166.6641529191
5243 1183180.8245061524
5249 1183371.4354439303
5260 1184012.6015620914
5274 1184108.1325349307
5299 1184152.1951656325
5308 1184381.4946913691
5314 1184796.4033886425
5333 1184862.2666496197
5349 1185412.0406420866
5355 1185667.2259539003
5360 1186485.6248613400
5361 1186545.1714767157
5362 1187110.8062510975
5367 1187560.6312018039
5392 1187597.7890449865
5401 1187873.6696105415
5411 1188574.2427970818
5420 1189212.3066275623
5422 1190441.1707550175
5428 1190669.1388953284
5431 1191516.4401740094
5442 1191779.3865057218
5444 1192648.7799654154
5450 1192678.6043057446
5458 1192715.2637516167
5465 1193408.4927726216
5466 1193486.6503921601
5478 1193637.2378028852
5487 1194060.4071942158
5496 1194659.3241838841
5508 1194785.0275167448
5517 1194841.8900614243
5535 1195029.1070944408
5543 1195652.7849336285
5570 1196022.9164449929
5577 1196170.6157360130
5582 1196172.6996518495
5583 1196778.4667075824
5584 1197480.6259459802
5588 1197901.0108876361
5589 1198246.8605823154
5590 1198732.3079416237
5593 1199664.4917964062
5654 1200560.7610319562
5655 1200788.8105861335
5666 1200892.8465952689
5676 1201540.3247180432
5723 1201673.1232574191
5738 1202405.9380114875
5743 1202556.8232272691
5747 1202793.6587704422
5751 1203178.1577584236
5761 1203321.9955585259
5763 1203435.3241259276
5772 1203608.8897581159
5778 1204473.7626685032
5782 1204989.4306921719
5804 1205168.1249280081
5844 1205601.0530237041
5860 1205849.8703999694
5865 1205900.5269349874
5866 1206523.6797039376
5868 1207441.4194055630
5884 1207852.9390804048
5889 1208728.4501922505
5917 1209208.2081072270
5920 1209350.5013193749
5932 1209399.3633321035
5936 1209433.9302975591
5971 1210097.1186013895
5973 1210278.4277400724
5974 1210391.9220311423
5981 1210580.3247549236
5984 1211037.7732702494
5986 1211104.9691875007
5997 1211699.0224415630
6027 1211938.1642401502
6045 1212410.4830782854
6062 1212784.3943126709
6065 1213200.6587714327
6074 1213317.3893323070
6099 1213486.2111449726
6146 1213815.6557587786
6148 1213986.6240836061
6149 1214200.1188690967
6153 1214429.7384754287
6158 1215361.9095554075
6169 1215635.0864192408
6184 1216800.1529592182
6191 1217362.2135528408
6194 1217593.9977953241
6203 1217649.6533584101
6207 1217678.8789471914
6215 1218198.7015841345
6216 1218206.6250859974
6221 1218847.8752287137
6231 1218853.4379798085
6245 1219024.5468700514
6255 1219760.3893323899
6272 1220402.8570259728
6280 1220455.7461010737
6306 1220575.9666480476
6307 1221421.0239774615
6316 1221716.1004973198
6332 1221827.5620070216
6364 1222254.5927331669
6368 1222797.3448815276
6425 1222804.6142755516
6454 1224313.1290917434
6460 1224583.0296512295
6466 1225421.6220209347
6481 1225545.0363732020
6520 1225822.3980822756
6527 1226153.2270164781
6568 1227070.6645560279
6574 1227076.0541587081
6591 1227205.1430361830
6598 1227790.3440951428
6629 1227863.5511988031
6632 1228062.6732653792
6642 1228318.6838353004
6645 1228630.3012723492
6658 1228689.8683619290
6664 1228916.6318333340
6698 1228986.3185353091
6702 1229047.7432664619
6716 1229083.9515676002
6719 1229308.1622620882
6733 1229546.7420450696
6738 1229937.6341913005
6762 1230594.0526132924
6768 1230697.2556341039
6775 1230798.4363431844
6790 1230946.9251363135
6822 1231627.0873318701
6837 1232099.6074857390
6838 1232482.6652824429
6842 1233315.2412527199
6849 1233769.0945221311
6865 1233951.2915826563
6877 1234424.2429759984
6884 1234526.7502821840
6902 1235108.9945947723
6906 1235733.8293089459
6908 1235742.2607255501
6919 1236437.9515827205
6926 1236813.7057987421
6928 1237044.3065251436
6942 1237135.6090197070
6946 1237784.5316636346
6956 1237789.3729587093
6967 1237804.0961367176
6989 1237983.8889969354
6997 1238001.9502168153
7001 1238917.7261615107
7021 1239479.9292333745
7034 1239921.8419922292
7069 1239949.2902096470
7102 1240857.7716458510
7111 1241259.5191828306
7129 1241320.6843125010
7164 1242090.9698760780
7165 1242188.9723404706
7186 1243005.9996347132
7238 1243327.0714244705
7243 1244131.9180522847
7249 1244318.4870737039
7255 1244573.6001816248
7276 1245321.5019398138
7304 1245719.1761410083
7311 1246252.1151817888
7316 1246279.0599065758
7329 1246813.6658662313
7331 1246909.6858113247
7338 1247068.5003897313
7341 1247595.4135839532
7368 1248069.3248290305
7406 1248145.8648215602
7418 1248307.0240099977
7438 1248627.2194247516
7485 1249097.7777232681
7494 1249415.0259901392
7541 1249439.1016800206
7554 1249656.1817507076
7558 1250349.4629115879
7563 1250717.6064016232
7566 1251452.8632511315
7571 1251487.4364271567
7586 1252408.7177402661
7609 1252600.8540549036
7619 1253026.9910077900
7624 1253134.5844024061
7629 1253252.8233365028
7632 1253393.9384853700
7659 1253508.1377779802
7671 1253524.0375429930
7688 1253571.3280968093
7728 1253888.4093867429
7733 1254647.0586101108
7741 1255526.6190975620
7748 1255703.3227597356
7771 1256005.8044520882
7785 1256463.3533281833
7796 1256804.8709451922
7824 1257534.0560653047
7853 1257698.9457661721
7877 1257911.2823259926
7878 1258343.6716093454
7880 1258810.9001283019
7893 1258924.4697378196
7916 1259112.4133094866
7954 1259428.9242029425
7967 1259624.5283681853
8002 1259897.4430689779
8024 1259908.4689386706
8041 1260322.5350288628
8044 1261259.6987124097
8062 1261776.5678070651
8063 1261789.9083838463
8067 1262152.8212572376
8098 1262830.3340201455
8108 1263202.1117663984
8142 1263265.1979691621
8147 1263523.8033017537
8198 1263670.9344739614
8221 1264023.9581599096
8229 1264850.7464045887
8231 1265358.9128670245
8249 1265933.3520159379
8258 1265967.2281885615
8282 1266189.3168231605
8286 1266986.6274978605
8292 1266990.4106251546
8312 1267207.0518687300
8323 1267371.0911652443
8334 1268261.6588076418
8354 1268302.9932323385
8355 1269191.0066710704
8374 1269597.8268445940
8378 1270220.0724661523
8392 1270311.8027736139
8402 1270419.5956129229
8410 1270469.1396434088
8445 1270553.1848034384
8449 1271260.0458383444
8453 1271368.3234650053
8456 1271441.2353605034
8474 1271586.4903881529
8477 1271888.6060571640
8490 1272392.4941072532
8496 1272630.8647133494
8513 1272991.0519894783
8515 1273453.6762367366
8525 1273837.9602118407
8599 1274539.2651058228
8617 1274930.4851800457
8732 1275378.2795894039
8736 1275467.4380639428
8750 1275558.0751341018
8755 1276084.5606238169
8841 1276118.9722149195
8842 1276456.4807359432
8871 1276952.3659664970
8915 1277074.8103384150
8962 1277530.2076111680
8968 1277729.7216877744
8979 1278219.6225276301
8982 1278710.6379523117
8983 1279034.5398475528
8990 1279357.5693813481
8997 1279882.4223803300
9026 1279911.5248422925
9027 1280523.3619579605
9054 1280933.7779025843
9069 1281556.3615490661
9102 1282321.9966807018
9105 1282970.0722089987
9127 1283849.3831188127
9135 1284040.3152625393
9151 1284710.7643606565
9176 1284809.3534043708
9185 1284868.4233714107
9191 1284984.7608160605
9210 1285723.1596766866
9211 1286640.6602185478
9216 1286840.0748988991
9235 1286976.9923354669
9241 1287079.8700299759
9263 1287322.1551434523
9370 1288192.3486681581
9381 1288194.9888812567
9401 1289078.4804034033
9433 1289493.6722746610
9486 1289622.3231407315
9534 1289772.6452499586
9556 1290175.3973832005
9578 1290587.8005791062
9588 1290957.8200063074
9610 1291342.9092338304
9635 1292189.4375990934
9639 1292597.1254228340
9669 1292967.3545826927
9686 1293350.4347058842
9709 1293354.0232707006
9729 1293790.4146087063
9760 1294016.5250259556
9767 1294368.0442967806
9775 1294368.4309083722
9779 1294536.7800219413
9864 1294578.0210866206
9867 1294663.7781068617
9868 1294883.9851009138
9880 1295126.2065507560
9890 1295139.9833608689
9918 1295428.1345753341
9920 1296360.0157258247
9981 1296516.8109085839
10001 1296020.4110159532
evaluations raw_y
1 712889.3715836196
8 713270.2366880400
12 714220.7021082494
17 714311.5816459369
18 714327.0198552255
21 715065.8103958477
22 715293.1369914475
26 716660.0910004043
27 716791.2572990073
43 717128.9861935320
45 717847.3105511359
46 717994.5662764707
47 718428.8634160840
51 719341.2973165561
52 720123.1561840295
55 720569.4412301811
56 721286.3573552982
57 722017.9634214749
73 722217.4050364795
83 722804.1915076943
96 723345.2607793086
103 725017.1654771755
104 725867.5775304013
108 726299.2317955568
109 726768.8538402951
111 726839.9564886006
114 727666.1152082670
118 728512.5013242312
123 729022.9142893230
125 729463.7370648516
126 729470.5911866017
127 729655.1199544491
128 731586.5307304333
135 732044.7992537386
137 732199.8954066420
139 732417.5169305955
141 733217.7537493866
143 734101.0612019914
145 734787.4778186672
146 735266.3987265666
150 735629.5598732446
152 736106.9920327563
156 736998.7084724203
160 737093.6504669283
161 737410.7713736353
164 738036.4501461039
167 738242.5914870750
168 740015.3516835296
170 740523.1653169589
172 741006.3467051857
173 741457.9569893565
176 742026.4976871398
180 742799.2318594856
187 743208.9287165074
189 744008.5838522022
191 744323.5135825785
195 744749.5959609580
197 745181.1585778028
199 745517.8201065951
202 745693.7207435592
211 747073.3971324479
212 747513.3856662576
218 747830.0712379962
221 748618.0539190583
222 748874.8069092758
224 750189.3707362172
227 752676.9080535604
229 752937.7125317644
231 753887.8731834934
237 754748.6944381412
240 754986.8211267327
254 755076.1473987271
255 755771.9594248505
264 756100.6859691867
267 756188.4451545851
270 756771.6327083670
274 757006.7591525096
278 757842.2289061968
282 758866.4443454671
283 759080.7536572072
284 759623.0528294829
285 760286.5328768140
291 760681.4814914538
293 761098.3910463413
294 762061.8943024109
297 762167.6075199052
305 763120.8503980204
306 763409.2570890340
318 764354.0195779641
322 764568.8052525899
329 764662.8492448089
332 765173.5735473797
334 765201.2674063824
335 766149.2622821615
337 766155.7935609495
338 766784.5252929254
342 767600.8101233606
344 768278.5585622642
347 769269.0055140118
350 769849.1011168419
354 770518.3143468638
356 772029.8546652005
361 772816.7265318718
362 772878.9621373956
364 773120.0010665937
386 773208.9039035841
389 773603.8617863761
391 774031.9312308984
400 775836.8967097796
402 776171.5795314128
403 776694.7148180250
404 777713.1716084802
405 778624.7302153524
406 779080.4248521921
407 779574.1580556399
410 780074.4131813152
422 780203.1840626234
423 780544.2937863939
431 781527.8650240405
432 781903.0460462837
433 781917.8424057033
436 781919.8930929640
443 782754.1895374714
444 783427.1255022219
456 784994.5097875425
469 785135.4155268907
470 785337.6846932248
471 786105.6218813871
472 786403.0347853112
478 786780.3413017821
482 786943.2175103872
483 787293.0657409468
492 787394.0601198210
494 787867.9534933548
496 787924.1873522400
498 788730.4737933252
499 789134.3581939696
502 789422.6206046314
504 789650.2794566430
508 790625.2508984455
519 791045.5849586759
521 791362.4270801361
531 791938.6579542719
532 792106.6207669090
534 793826.9379699130
537 794155.1682120175
543 794465.8461692655
548 795232.0166477731
551 795775.1992494162
554 796317.1226394005
558 796969.2648994556
562 797417.9143498894
564 797478.6670121298
566 798470.2550443739
572 798584.3497205921
573 799272.8934605743
579 800152.4914322479
587 800164.8721243375
588 800380.2061345025
594 801361.1563489469
596 801894.5881584331
599 802677.1407696817
615 802851.8193273027
620 802928.3769618229
629 803027.3920030640
633 803312.2534329289
638 803474.0325821361
639 804145.0583023952
651 805294.8580265921
652 806293.6631268960
655 806470.3833632387
656 807161.0952492263
657 807729.9683999293
658 808079.7026816056
659 808278.4402926455
664 808629.4760702490
665 809042.7435289987
669 810319.7077065737
672 811109.1083560252
677 811396.9913562509
680 812064.8818537046
682 812116.5745972451
690 812676.5570918564
693 813078.1153597669
699 813604.4956817401
701 813623.8746329256
704 814285.5547595297
706 814521.9489498057
707 815221.1685254555
714 816395.3501786289
715 816974.6468692860
719 817437.5005358959
724 817864.4319361068
727 818745.5163171629
730 818921.5302244604
741 819479.9756468616
744 819990.8829514019
754 820974.6473090641
755 821392.4093986924
768 821546.6128903539
769 822470.7244639168
770 822592.4674905012
778 824974.1939931677
779 825590.6456270660
787 825863.9439289877
788 826622.2307213196
797 827272.5518987667
798 827900.2515140887
808 829434.8354481217
810 829762.8065614732
813 829946.6358016691
816 830638.1947935552
818 830972.3891137636
820 831758.7498887478
830 833181.4992976018
838 833572.3777162015
839 833668.2531381650
848 834115.4998648681
850 834726.3181250067
861 835650.5219600719
863 836570.4098455645
864 836912.5282710638
865 838167.0434468033
868 838382.9293309762
871 839032.3150221322
874 839524.8273299441
877 840030.4885284131
881 840160.4447523765
891 840885.1015858748
893 841520.6950925837
894 842328.2685993063
899 842863.7236298403
916 843132.7823483860
920 845569.7276345954
923 846616.7264156450
926 846984.2691189577
939 847283.3379990144
944 847773.0293528622
946 847897.1287158061
949 848126.0598849811
950 848687.6870085623
956 849626.5819357501
958 849815.2533837646
963 850266.3311553091
968 851877.2049448775
969 852387.4483463697
972 852787.4830141724
979 852996.6076885908
983 853175.7442208920
985 853554.6585143320
987 853762.2320318760
988 853888.5452497380
989 853892.6841007470
992 854855.6370468524
993 855148.3104579380
999 855741.3850001802
1000 856605.4166071643
1006 856612.7505826539
1026 856707.9112567812
1027 857071.6276890112
1028 857268.5944170679
1030 857303.3677936582
1036 857593.3311350656
1041 857759.4952849263
1050 858302.6686907307
1059 858386.3817228897
1061 859698.9178571837
1065 860181.1756960412
1071 860367.0324046760
1073 861698.2721315926
1074 862163.9522059009
1076 862198.7968786235
1085 863135.8576154866
1087 863351.9827844207
1090 863613.6589401687
1091 864548.4941796660
1093 865036.3757135019
1097 866181.0818779011
1107 866786.2111012953
1116 867350.3957828952
1120 868024.7524959951
1123 868907.6471279450
1127 869918.5642110718
1131 870327.6936064652
1134 870773.6288710029
1135 871502.5987078276
1138 872409.5882139794
1140 872489.5310883649
1149 873040.2206480579
1161 873427.8958890678
1162 873643.6486738478
1167 874130.2509990497
1177 874755.8086669733
1188 874925.0389754388
1190 875742.3132174867
1199 876338.8190778595
1222 876748.2448945091
1224 876899.3233058529
1225 878102.5171318412
1226 879327.2554462862
1227 879562.9812268007
1228 879711.7903933028
1234 879939.9733177769
1238 880355.2918048007
1240 881324.1706096892
1242 881446.9209891096
1243 882325.4198476797
1244 882711.2526235773
1248 882881.0409443264
1250 882939.9097247978
1258 883806.1515450826
1261 884675.3777925929
1266 885042.8660078977
1270 885957.7576657060
1274 886376.0822278896
1276 887051.7816133790
1279 887826.0918391296
1280 889064.0464038355
1285 889721.3170835027
1290 890539.0946038832
1293 890893.0411991782
1302 891414.3760970705
1310 891913.0331030462
1315 892814.8530826422
1316 893042.3705954093
1321 893883.4760167223
1324 894485.4426958269
1332 894975.3115072856
1338 895062.6659392888
1339 895104.1853414953
1341 896087.0270628118
1342 896332.1127853865
1343 896943.6845633000
1347 897156.5206976543
1354 897297.0008851574
1360 897899.5160723295
1363 898497.4958225454
1376 898995.1620375519
1385 899417.6684791062
1388 899721.1037436007
1391 899779.4401427372
1395 899982.3881745397
1403 900194.2014631708
1405 900665.0981153112
1409 900821.6718597892
1423 901661.3389679131
1428 902069.6513837441
1439 903268.6049988001
1443 903440.6332095292
1444 903505.4939014880
1447 904345.7563611493
1455 904787.6748465172
1469 905170.3671048012
1474 905175.8862893523
1486 905491.8452506186
1491 906133.6170460515
1496 906501.7006986935
1500 906600.2152867171
1504 906950.0586436994
1511 907585.7149459559
1516 908136.4133271881
1518 909586.1953745474
1519 910373.6371528498
1520 911432.9950199928
1521 912400.5393202290
1539 912848.0078512678
1541 913303.2848780752
1550 913896.1395508025
1552 914430.8554914242
1561 915242.4154259106
1563 916339.5734742533
1570 916862.3754551503
1577 917379.3409386867
1600 918105.2362751387
1619 919061.1723013866
1624 919565.0895855183
1631 920509.5931254406
1634 921217.5605111698
1650 922087.9406419552
1653 922949.8259925529
1654 923736.3974069508
1655 924476.4010815588
1656 925104.6573529979
1657 925632.7546661026
1665 925673.3905145412
1668 925716.5948271770
1673 925765.7352951707
1677 926384.5281321619
1681 926558.6005607601
1683 927395.4865195890
1684 927932.5370056836
1687 928495.7333343446
1690 929091.5768328147
1694 929480.3803568324
1695 929682.2606880657
1697 930994.8680137506
1706 931850.4954948184
1709 932591.4975113093
1713 932662.2079492846
1715 933460.0722586043
1718 933739.7660254864
1719 934096.7196339266
1721 934313.6813953295
1724 934692.2539277719
1727 934876.9109581006
1743 935859.0654188546
1748 936289.5219955221
1756 937273.4994037478
1763 938263.3920464363
1781 938672.0499697656
1784 939269.9077963002
1795 939463.0855219450
1796 940390.2769471466
1800 940604.5295366733
1802 941052.8592054300
1813 941345.9964003578
1820 941785.1713629103
1824 942603.8468853678
1827 943146.2456229019
1829 943561.0071956794
1831 943769.4687380849
1838 944070.6194630398
1852 944767.2407114663
1858 944793.9188709609
1859 945364.4296350564
1878 945762.8733311278
1879 946706.0210404630
1881 947070.7056058166
1882 947717.6306474961
1908 948754.0146851236
1909 949416.1788022402
1910 949422.2423044697
1913 950325.7753693004
1923 950524.5655003855
1932 951224.7290138167
1939 951778.4729737515
1951 952227.1465031841
1952 953148.5718563299
1955 953655.3796126149
1961 954356.2047606297
1972 954480.7364346422
1975 955472.3266461130
1977 955742.4325720528
1985 955810.4160609796
1987 956268.5059540787
1989 956887.9739954061
1991 957598.1242203538
1994 957699.2726452848
1996 957899.7055470360
1997 958688.1470527776
1999 959280.9483501050
2001 959420.8077459935
2017 959827.5750376378
2033 960812.9221240466
2036 961133.3561517294
2046 961577.1890755767
2050 962547.3671037212
2055 962612.3145903317
2059 963585.1669870341
2061 963955.3234507057
2067 964329.8547932252
2071 964473.4889818787
2077 964511.0195751656
2082 965001.1905438593
2083 965194.9237720640
2100 965557.9223332263
2106 966125.6474533792
2109 966217.3918293819
2110 966625.3625343085
2115 968426.7307021877
2126 969018.4551239093
2135 969704.7755548620
2137 969793.1070452115
2140 970667.7101036783
2142 970807.5821982773
2165 971600.4384301228
2184 972665.7141361395
2187 972729.2542164787
2191 973078.1956818701
2193 973079.3055359211
2198 973219.3650690592
2213 973840.2423349032
2219 973889.5769565606
2221 974654.3299640609
2225 974952.0298565568
2240 975200.5013890796
2242 975241.1614725840
2250 975933.3203777559
2257 976520.7165476020
2266 977123.7718874651
2272 977964.5799830497
2277 978584.7653654949
2281 978938.1647983724
2283 980148.8796364405
2286 980806.9036269196
2295 981065.2040110412
2299 981755.1459233296
2309 982878.4036614773
2311 983470.5117718939
2314 983997.0762452780
2319 984015.8750439197
2324 984107.1535910602
2331 984792.4107141800
2340 984906.5533318657
2341 985355.2387100897
2352 986087.9072185436
2359 986661.3053303852
2360 986669.9405426715
2361 986736.5670034628
2362 987497.5992163297
2379 988137.1841367545
2383 989055.4544369995
2388 989487.1848995122
2396 989505.4323511284
2397 990336.8968379239
2406 990460.3869531343
2407 990725.6975075157
2413 990767.8155427182
2414 991534.7596307712
2416 991589.0295953481
2418 992223.3091351450
2420 992893.7004254273
2421 993303.2274566466
2432 994077.8490004977
2433 994171.9397381116
2443 994529.8677046084
2449 994613.5847612466
2450 994700.6777528452
2455 994719.1225572581
2458 995097.5083442850
2462 995195.1837629637
2463 996474.0987986617
2471 996714.4785991899
2482 996858.3825870729
2483 997078.8427492169
2484 997104.6909179555
2493 997753.3518729698
2504 998223.1304473353
2507 998364.9331969107
2510 998581.0977074122
2513 998777.5985437650
2524 999385.6830490212
2525 999472.7158556149
2527 1000194.6091066286
2538 1000646.0450448721
2539 1000895.0765361427
2540 1001654.0522858145
2543 1002433.3518363205
2548 1003017.3632774422
2551 1005329.2338280709
2561 1005498.8486566013
2565 1005858.4166482717
2567 1007305.0731475253
2568 1008106.7712248133
2573 1008447.5680578402
2576 1009126.5258132829
2592 1009382.9119380402
2593 1009394.4479481654
2595 1009847.8563524558
2598 1010034.3573013548
2605 1010036.0936891935
2610 1010077.8669555514
2611 1010110.1844873823
2615 1010528.4533236609
2617 1011410.0295608365
2623 1011532.5405064520
2626 1011583.6444789104
2640 1011984.4891627932
2642 1012206.5203966486
2644 1013022.0977086326
2645 1013422.7029884747
2646 1013615.9454713275
2651 1014395.3942413023
2673 1014495.6493565751
2682 1015103.4995805058
2693 1015447.4179337034
2703 1015710.2434029984
2706 1015769.9881573211
2713 1015896.8287762264
2715 1016312.4919512385
2725 1016363.4361405453
2728 1016444.5495091254
2731 1016611.2248401551
2742 1016637.8253243134
2753 1016824.5428313116
2757 1016960.1908871708
2766 1017156.0670277743
2770 1017690.8549812783
2785 1018298.4859427507
2792 1018735.5301708755
2795 1019093.2228303849
2808 1019922.5136949793
2809 1020210.8869088532
2827 1021101.5321159489
2829 1021283.0524823095
2834 1021329.5624833490
2843 1021569.0398590665
2847 1021642.7246410704
2850 1022336.1232951758
2874 1023383.8418958613
2885 1023701.7342345405
2895 1024385.1988267375
2899 1025049.5417184056
2903 1025631.0357332187
2905 1027041.5261028492
2906 1027275.6542444783
2911 1028248.4273681329
2913 1028604.3767057953
2916 1029179.2028214299
2920 1030165.6647443491
2923 1030222.3569897127
2924 1030518.5176056703
2933 1031259.0541475975
2940 1031289.5001851821
2943 1031422.9377664943
2948 1031588.7443712360
2959 1031594.5013556426
2960 1031732.1336497794
2970 1032084.5667160263
2978 1032117.6760530582
2986 1032872.0217444942
2994 1033237.3016564442
2996 1033960.2671200687
2999 1034288.8165041050
3003 1034470.2843536165
3010 1034741.9883401073
3013 1034849.3053048799
3015 1035084.7113834501
3019 1035752.5175352443
3023 1035766.1854347887
3045 1035957.1446024352
3051 1036427.6971317413
3052 1036609.0244914771
3066 1037264.5667786058
3081 1037602.2288417715
3102 1038529.0872997157
3104 1039990.1944998993
3107 1040033.9293254247
3109 1040709.2408992118
3111 1041593.6797146958
3133 1041637.2475506690
3141 1042123.3699921165
3145 1042374.4707409517
3148 1043225.7319241357
3163 1043521.0832419887
3170 1044632.3410168967
3179 1045324.5135442797
3185 1045640.4041196997
3186 1046028.5588803400
3187 1046446.0807568399
3189 1046565.0735168662
3190 1047257.8085005149
3191 1047308.9498828546
3192 1048177.9399295356
3201 1048294.4438354607
3205 1048913.9312736315
3208 1049692.0625633968
3212 1050320.8034375191
3221 1050952.6076896847
3235 1051505.5148358347
3237 1051606.2114652831
3239 1051707.7932245962
3251 1051958.7030547245
3258 1052647.6128529822
3259 1053094.3658080818
3261 1053524.3059023526
3263 1054015.0709185288
3272 1054375.0428576178
3274 1055042.6597755142
3311 1055746.3880356473
3317 1056041.3000366371
3320 1056293.0480470811
3328 1056578.1422775257
3332 1057023.0816892893
3338 1057696.3239308125
3339 1058304.6430959986
3349 1058965.4442054329
3353 1059585.9134586626
3369 1059712.6059873349
3370 1060174.0806897960
3380 1061217.8904600271
3392 1061500.2435717725
3406 1061659.2028602611
3409 1061973.7536631965
3415 1062541.4267215594
3419 1063367.8930468573
3421 1064018.2725346552
3433 1064403.9314088502
3441 1065222.5087913133
3444 1065496.4367126860
3453 1065951.1425696039
3459 1066104.2413395192
3465 1066940.1687297737
3469 1067045.0620464962
3479 1067221.4614097294
3489 1067368.5882582373
3491 1067655.8336991612
3496 1068119.4978578270
3506 1068180.2295849202
3510 1068243.0018861487
3514 1068295.3134914443
3516 1068386.7340811975
3519 1068693.3153984842
3520 1068942.4800826933
3522 1069083.0684258863
3529 1069920.3403041845
3533 1070745.9585962202
3546 1070761.7790606869
3550 1071124.5244119416
3560 1071840.4729467183
3568 1072684.7115065812
3575 1072880.8308093471
3576 1073162.4902568909
3578 1073438.3237839157
3594 1074212.7386480721
3603 1074739.8156285877
3604 1075910.3541801483
3606 1076510.4239033277
3610 1077239.6857448355
3618 1077917.8396140924
3619 1078984.6044614788
3635 1079914.2423292235
3641 1080089.1140944751
3642 1080225.1400634185
3646 1080418.7948542512
3660 1080495.0806557972
3665 1080498.7712712791
3668 1081100.0385304589
3672 1081368.0675868224
3675 1081725.6092198081
3689 1081782.6652718133
3697 1082669.5258551771
3717 1083295.0297109180
3723 1083525.0753284099
3734 1083777.8271088724
3737 1084291.7554166180
3742 1084601.4878351777
3743 1085507.4800586579
3755 1085792.4599438144
3756 1086104.9607905280
3758 1086936.8122002513
3771 1087411.4128975081
3772 1088177.3359371105
3782 1088192.1762050097
3785 1088282.5982303650
3798 1088594.3199351646
3799 1089295.5037864742
3808 1089969.4295519185
3814 1090263.2446635985
3831 1091060.7095540650
3842 1091277.8487749561
3844 1091915.0180344451
3864 1092727.2719623116
3866 1093331.5279889915
3867 1093927.7350181222
3870 1094521.0186350956
3880 1094733.6653167526
3900 1094989.4957422600
3904 1095947.4019710084
3914 1096248.5896918832
3919 1096367.1968806435
3922 1096830.2003546755
3924 1097434.7204584745
3929 1097535.7204751228
3931 1098675.8930309317
3933 1099011.5273712110
3943 1099861.6479498297
3957 1100820.5461222453
3962 1100853.9672463622
3971 1101494.8194915394
3973 1102287.1416819964
3980 1103205.1149152599
4000 1104071.2827634336
4016 1104674.5406035488
4035 1105122.3552187227
4046 1105645.2408547744
4047 1105674.4514054356
4054 1106604.3113253647
4055 1107114.0114133037
4062 1107758.3962725648
4081 1107759.8030314848
4095 1108186.5124701539
4099 1108511.8078176728
4100 1108920.1766102868
4105 1109056.7788663746
4115 1109102.2103477721
4128 1109190.9607837596
4134 1109197.5901230152
4136 1110092.3436183690
4140 1110973.7064740630
4144 1111176.2629125405
4145 1111654.4856457168
4147 1111787.0129289110
4153 1111818.4997845383
4155 1112851.5885142006
4156 1113047.1579494404
4160 1113765.0927062167
4173 1113831.7231640744
4181 1114673.9767200598
4195 1114677.7014823083
4213 1115100.1558309917
4215 1115205.5910898687
4218 1116695.9255565079
4243 1117381.9181635850
4255 1118340.6340029025
4262 1118849.0546698321
4269 1119523.0081732746
4277 1120499.9345625790
4291 1121106.8046345003
4292 1121311.8956432806
4295 1121578.4975705233
4298 1121675.1142094014
4305 1121718.4773105390
4317 1121757.8585854785
4319 1122370.1972843620
4326 1122895.7586137925
4329 1123424.9784691874
4332 1124360.6209156984
4335 1124508.2580506541
4340 1125117.5500311023
4348 1125384.1272249401
4351 1125711.9968030446
4357 1127288.4749746949
4365 1127360.6380816996
4368 1127469.2293838002
4387 1128114.8416382875
4388 1128255.5183390698
4403 1128756.1161871769
4409 1129119.4424366546
4413 1129833.0396210849
4437 1129880.7797647256
4439 1129982.5583148764
4456 1130003.9993892680
4461 1130934.5862985998
4462 1131200.3677025717
4463 1132083.4168250612
4466 1132288.1184690641
4481 1132473.2790021736
4483 1132659.8178534955
4499 1133469.5930820049
4502 1133723.4158802051
4505 1134363.4956247550
4507 1135270.6411631494
4513 1135590.0095362118
4515 1135681.4427505927
4523 1136490.6853286731
4528 1136495.1203004448
4532 1136769.4164526251
4547 1138398.9215805950
4560 1138702.6587267751
4561 1138809.0677458944
4569 1138964.3545099827
4576 1140014.6859456566
4591 1140015.5057049131
4599 1140182.0803964813
4606 1140454.0977465413
4608 1140584.5933854755
4615 1140800.5728324263
4632 1140892.4705494540
4637 1141875.0848806999
4650 1142368.6598033523
4654 1142462.3861075579
4657 1143142.0120520233
4667 1143918.0100426595
4671 1143946.4050345828
4677 1144264.7725221792
4681 1145116.3297582371
4684 1145126.5222026056
4685 1145223.1082018078
4697 1145941.4508028631
4701 1146272.6122392453
4710 1146273.8925538016
4716 1146807.6050373572
4718 1146986.7832358261
4738 1147005.4705419259
4749 1147654.4217329321
4770 1147998.8637667026
4778 1148077.9914208103
4779 1148290.3476882351
4781 1148638.6539064921
4791 1149009.8565330910
4797 1149267.9986964338
4804 1149484.8873406153
4805 1149932.2570054107
4807 1150160.2072280378
4812 1150511.8468864292
4817 1150818.9391803988
4821 1150991.7100926377
4824 1151225.6234092254
4845 1152139.2446718931
4846 1152338.4639587144
4857 1152813.8050087113
4858 1153894.4774137940
4863 1154417.2478686729
4869 1154595.7832784590
4873 1154666.4914942747
4879 1155177.8019531530
4886 1155280.4564404569
4894 1155404.6325584450
4901 1155789.5019775978
4904 1156120.3737375031
4914 1156572.1342822330
4920 1156575.0483787605
4923 1156709.8664258197
4924 1157531.7910107560
4927 1157710.8810254040
4931 1157884.7275268976
4933 1158265.9838355156
4934 1158607.0761093837
4940 1158622.4029830634
4946 1158801.3100864484
4994 1159137.3297030421
4995 1159599.7766256018
4997 1160275.8259076613
5020 1160480.4664238829
5024 1160572.7181212022
5026 1161115.5238989417
5028 1161299.9540335145
5032 1161934.1730648305
5034 1162486.9517837286
5042 1162890.3310636072
5092 1163878.7205319703
5102 1164126.6300670330
5105 1164991.4162652155
5124 1165721.3617807145
5126 1166034.0728663122
5136 1166986.3936022348
5144 1167155.8754990983
5148 1167271.1182101246
5152 1167830.4703584495
5154 1167845.2566926843
5163 1168168.4361484458
5174 1168743.4464466546
5175 1168912.6043962499
5182 1169229.5955533597
5187 1169923.6173833541
5191 1170173.4260552700
5198 1170892.1110191119
5208 1170974.0117639538
5214 1171156.0602261664
5220 1171670.9774399570
5230 1172326.3971914200
5232 1172727.0225156078
5243 1173192.0657900390
5244 1173759.4195125103
5276 1174062.6609095868
5305 1174445.5980839226
5318 1175225.4820752311
5321 1175433.2213279931
5323 1175999.4182099053
5329 1176858.4024074511
5331 1177043.4744366517
5332 1177533.3214503613
5335 1178133.2629441731
5354 1178133.7913225188
5374 1179011.5355304175
5387 1180460.4759110601
5396 1181594.6092025400
5405 1182326.3566497213
5411 1182363.9983388879
5415 1182690.9069979936
5417 1183239.9868115392
5429 1183929.6642485464
5437 1184552.2262297417
5456 1184937.7235403529
5460 1185240.9035902442
5461 1186028.1155457594
5469 1186283.7011979844
5480 1186811.3801181670
5521 1187350.5767960225
5522 1188080.4483734791
5526 1188122.3520942528
5529 1188397.1076163426
5540 1189052.3521528901
5568 1189118.5895829774
5575 1189133.0818086658
5577 1189823.2578496796
5583 1190076.2239700772
5600 1190625.1725180873
5601 1191227.1420412813
5623 1191423.0775186773
5628 1191737.4042398962
5636 1191851.9716345917
5643 1192263.9051348071
5653 1192443.1649358594
5657 1193954.1042524679
5659 1194199.0048617441
5670 1194366.2864709983
5684 1195305.9713740884
5700 1195935.3477676725
5701 1196005.1256130869
5707 1196618.4836164594
5712 1196906.6948195766
5716 1197061.3473475687
5730 1197304.2660794167
5739 1197409.0342685331
5752 1197548.9101914354
5761 1197726.8546748867
5775 1197877.0354987511
5777 1198656.8282279400
5780 1199494.9391444861
5798 1199499.5932900116
5806 1199752.5568088663
5810 1200364.5677719822
5845 1200709.0801179796
5854 1200833.1852328228
5855 1201229.4642333800
5856 1201424.0690354188
5862 1202596.6605233597
5873 1202707.6467468385
5881 1203408.8977490205
5887 1203953.7348271888
5890 1203987.5039091767
5896 1204631.0930184529
5952 1204841.8764125272
5967 1205898.9759651062
5985 1205917.0021700612
5990 1206258.6434206027
6001 1207212.6853367938
6020 1207712.7598007575
6024 1207877.5811666476
6031 1207956.5276204173
6036 1208164.9268983495
6061 1208798.7231172202
6063 1209060.7672879319
6086 1209976.5498114896
6097 1210061.3943792845
6101 1210609.8763960667
6103 1211168.5940600445
6143 1211296.4431269111
6177 1211519.7811071700
6185 1211635.4926275015
6186 1212529.5070902088
6199 1213139.4454112370
6204 1213541.5647901646
6246 1213663.5608957459
6247 1214188.6690783072
6250 1215313.3411409252
6253 1215616.6442184357
6259 1216066.2319540088
6273 1216433.3413811973
6294 1217013.9869839104
6311 1217014.5314625630
6329 1217688.4075490390
6334 1217805.4775533692
6337 1218719.8385201816
6350 1218838.6164804925
6355 1219112.8453518171
6370 1219254.1769207127
6384 1219400.0783676417
6405 1219508.4334311874
6412 1221111.0688033116
6438 1221465.2635351722
6471 1221836.7951870386
6474 1222504.4329722556
6500 1222664.9313087438
6506 1223156.7938617337
6507 1223949.7861224324
6515 1224065.7817781775
6555 1224386.2762128233
6570 1225178.9654168601
6587 1225447.1647453031
6648 1225948.1992548180
6681 1225950.8117701639
6719 1226340.2653279770
6737 1226566.6898876913
6761 1226667.6319325445
6767 1227174.4595743120
6833 1227519.0501434328
6849 1228180.3384464409
6852 1228264.0264173637
6865 1229035.2062473302
6873 1229547.0097372599
6915 1229701.8414891376
6919 1230076.2930971030
6929 1230077.5007344056
6947 1230796.7090453475
6955 1231766.0193954932
6986 1231932.8283426908
6991 1232044.6412999523
6996 1232415.7630539648
7006 1232899.3467861796
7011 1232997.1162011879
7020 1233398.8468614668
7021 1233540.8378977813
7027 1233768.2783788489
7034 1233985.7537569907
7044 1234433.0266042182
7057 1234557.4783754558
7081 1235271.9541527070
7082 1236601.5735414326
7083 1236681.4728344029
7091 1236831.2462336791
7096 1236963.7111893410
7097 1237083.6149538637
7120 1237740.6852662463
7133 1238120.8810180400
7134 1238558.8009285075
7153 1239131.5694691269
7163 1239294.3077006084
7164 1239411.9745097929
7167 1239665.0333605956
7174 1239746.8077912626
7175 1239830.9362548757
7177 1240364.7727755941
7178 1240423.7047225975
7185 1240441.9534203508
7195 1240979.4457898033
7215 1241266.6566079659
7219 1241712.1348601009
7227 1242200.0446048330
7231 1242613.1680696893
7238 1242619.3022557911
7293 1242944.4486689470
7294 1243845.5380224364
7304 1243901.7752883802
7306 1244707.5089081656
7340 1244734.0724420270
7344 1244779.3459146612
7360 1244851.3407386742
7369 1245378.5328692019
7375 1245547.4056131502
7376 1245665.4392127788
7380 1245809.5075923123
7390 1246000.3431804690
7391 1246452.7708630271
7393 1247245.3026423710
7399 1247558.6119672370
7417 1247999.3916398443
7422 1248886.8805028682
7432 1249541.2186021635
7449 1249565.5392290843
7466 1249593.3836470107
7469 1249602.2921283969
7486 1249643.5059321267
7487 1249719.5912217107
7496 1250362.9068836651
7497 1250440.0554542879
7508 1251003.7587129448
7515 1251114.9695080763
7537 1251670.1167264229
7552 1251906.1834080322
7555 1252268.0630733434
7560 1252523.6073870920
7600 1253083.3003305404
7603 1253238.4318720798
7608 1253243.0102859740
7611 1253549.2566708818
7616 1254244.3418324147
7622 1254617.4056282048
7624 1255222.1260447199
7639 1255487.3363835700
7653 1256041.4346299521
7667 1256418.0757285655
7685 1257041.9332402279
7706 1257209.7705997513
7708 1257321.1074925289
7729 1257930.2952545097
7736 1258338.7330510274
7745 1258669.8317256926
7763 1259189.4958999865
7793 1259596.8329493068
7820 1260746.0524127693
7824 1261165.7645881332
7832 1261166.8615006732
7861 1261422.9636517509
7865 1262402.8336672571
7866 1262740.5941279035
7869 1263179.6049301298
7882 1263208.1988595987
7908 1263537.2154590541
7910 1264248.7573259084
7928 1264437.6180486730
7940 1264973.1843197357
7948 1265052.8190205039
7965 1265456.6285361662
8051 1265496.7733243215
8055 1265714.5054265342
8061 1265842.8946344540
8063 1265873.2788128406
8065 1266154.4242073863
8079 1266748.4759856325
8096 1267055.7143823334
8109 1267934.9370269924
8111 1268280.8611444458
8112 1268530.2968451628
8141 1268811.9814715257
8155 1268935.8722864478
8170 1269286.7166290716
8185 1269606.2581490071
8193 1270015.0851003358
8194 1270161.7022244730
8207 1270609.4234077679
8234 1270657.2559582924
8261 1270772.7382984546
8268 1271131.1462990032
8284 1271636.3723424927
8293 1271827.3363077845
8298 1272763.4866357548
8313 1272808.6988939738
8354 1273128.5709600898
8355 1273432.7559827999
8369 1273434.3334919226
8381 1273524.4190536691
8385 1274112.0398993504
8437 1275105.9219384806
8463 1275238.2492478539
8481 1275548.0835920754
8489 1276014.1168958631
8523 1276296.4610336842
8538 1276966.2316704083
8544 1277359.9265371836
8576 1277898.0807221269
8627 1278736.0865816425
8633 1279170.5248655868
8641 1279391.2384165528
8680 1279455.7738754449
8683 1279456.8020013068
8721 1279669.9022889775
8729 1280102.9711043306
8735 1280246.3671986382
8769 1281130.1526443318
8793 1281198.9320836819
8794 1281794.2597342380
8800 1281944.5329214393
8804 1282735.0020533986
8825 1283548.9292504149
8832 1283784.4461454828
8834 1283892.0521791105
8937 1283923.8402292505
8951 1284141.2412873697
8975 1284554.3650307406
8982 1284672.8250890358
9017 1285102.8127430531
9024 1285160.9534075803
9026 1285375.4460742495
9048 1285384.7346052327
9087 1286124.5164616609
9097 1286336.1762166666
9114 1287406.7596558770
9116 1287415.0215918873
9129 1287533.7447385585
9191 1287533.9426173011
9192 1287581.3272184364
9207 1287921.4734628513
9249 1288135.4725744959
9262 1288646.2267503359
9289 1288805.2581197098
9359 1289553.7480353029
9370 1289716.3912659348
9393 1289976.0404349007
9444 1290334.9602904308
9493 1290391.1521616434
9546 1290631.2980221608
9551 1291014.2146626960
9562 1291108.3434375715
9573 1291118.8710077836
9574 1291499.9899299354
9586 1291669.1159144789
9592 1291861.7800508682
9621 1292218.1337383564
9627 1292355.4194252961
9639 1292662.2211671718
9698 1292730.6007874697
9721 1293289.9218697867
9758 1293336.0899867851
9771 1294267.8556001422
9774 1295149.8738160918
9807 1295326.7989505995
9866 1295387.3402685183
9885 1295399.2961079588
9887 1295470.9321043831
9889 1295802.9621266369
9911 1296045.6396760959
9916 1296256.4367733099
9933 1296294.5942792105
9937 1296318.4250004659
10001 1295563.6276022247
evaluations raw_y
1 675360.7229023350
3 676266.3181715365
5 676461.6858219675
6 677360.5090055056
11 678308.3008703104
26 678402.6362637636
28 678552.5284790512
31 679153.0641155533
38 679581.0192805975
41 680370.8067480144
48 681119.7608108215
49 681731.4454189803
54 682369.1455133765
56 682399.7216590414
58 683328.9510721843
65 683649.4201867245
70 684245.9297831369
72 684309.0364427255
74 685605.0391520469
75 685652.2943743073
85 685849.5967899609
87 686784.1752132035
89 686839.6096660000
90 687296.1140225945
93 688479.1013512011
94 689234.7650856455
99 689381.0394746148
100 690738.7995590571
101 691631.2372058942
104 691881.3577975655
106 692624.9160790130
107 693155.5185524405
109 693502.4664253911
111 693982.4934428055
112 694634.2312083673
116 695549.3506413945
123 696327.4580523612
129 697108.7982210194
132 697582.8521685196
151 698463.7792063751
158 698971.4834790884
160 699415.3784506844
161 699490.4820233060
162 699504.1607237388
163 700167.6144896607
164 701805.7505635649
168 702254.4602328991
169 703230.3636840407
170 705430.6855157666
172 706146.5968998476
176 706704.0839753334
179 707183.8513457251
182 707347.4499025327
185 707989.8435679725
186 709084.2684251298
189 709090.5485702375
195 710009.0954622022
200 711002.4345075467
202 711084.7233592275
204 711257.1648523221
205 712226.0638850675
218 713801.3024201510
220 714869.3246350422
221 716417.7180150386
227 717432.1605093586
228 717552.7575984726
229 717640.4203729427
230 717821.2553624114
241 718114.6588696503
242 718156.0115843378
243 718505.8481319546
244 719108.9871904845
245 719447.3394290283
250 719582.1778441072
254 719626.5910547492
255 720156.2637322337
261 720649.6364577851
263 722099.9994549234
265 722799.4063672690
268 723054.5960591981
269 723580.5486720069
271 723975.2983738437
272 724643.8731869559
276 724945.6879401590
280 725604.2911218872
281 726670.3733540240
296 727592.8529174431
300 728519.4606412275
302 729076.6550096254
306 729250.5757883968
308 729750.4988860588
312 731746.1818498592
313 731922.7060245002
316 732959.4141208435
318 733801.5557327629
323 734058.2785624979
324 734631.2538441396
327 735532.7926739001
331 735848.7664074131
336 736665.5607717274
338 737656.8152159932
339 738596.3150892573
343 738956.2175272225
344 739142.7572277470
350 739757.5102608919
353 740632.0186713326
356 740868.9276709214
357 741636.3381754823
359 741872.1662465883
369 741879.0567829580
384 742452.5016836410
390 742529.2767762762
392 742748.9199889122
395 742998.8917382626
396 743688.2191743209
402 744365.2704705641
406 744686.1016404448
420 745661.8042680875
421 747504.6520308871
423 748020.3081202708
424 748110.7692854255
427 748716.6401921679
429 749022.2901268939
431 749471.8663872402
433 749478.4254531234
442 749654.3156541380
451 749755.7470773320
458 750101.0168555619
459 750858.1097131807
460 751537.7303077718
468 751645.5806044956
470 752053.9906326547
475 752373.1490825046
478 752495.8309239813
479 752636.6882499595
480 753187.4911487671
481 753702.4969612914
482 754601.6451497227
485 754836.5947327322
491 755546.5776689574
494 755578.4515596081
495 755913.9341191096
497 756775.8057931561
498 757516.5252651426
500 757593.0777850045
509 757953.3448680631
514 758562.9967586786
515 759241.3356850399
516 759395.1031026428
518 759927.2773677004
520 760115.5637310235
521 760330.1214761751
523 760332.2440525293
524 760855.4095165611
530 761439.5174227159
535 762083.8910942576
538 763063.5770201760
548 764046.0512164404
552 764606.5500552765
559 765140.3034123731
565 765465.2415091277
569 765530.1447454689
573 766200.9794240086
575 767020.3523860589
580 767042.9366573453
584 767087.6438662948
585 767674.4149249602
586 768294.4108502851
600 768680.8308112663
603 769637.4647400320
604 771308.3903257118
612 771624.1164817006
617 772422.6703914101
621 773061.4301445580
623 773661.3170244778
625 774534.7094802533
627 774630.0949756956
633 775579.9933020191
634 775840.7629676870
639 777455.6408781769
644 777854.5528973268
650 778343.2990155231
656 779056.8430525784
657 779157.8785111988
661 779615.2435247714
664 779847.1196596792
665 780347.3500157098
675 781323.5468057105
676 781771.7207587705
681 782021.0898290178
683 782064.5854475641
686 783820.7089326539
691 783975.6215964924
697 784169.7564941468
698 784310.6605221797
699 784941.7448199597
701 785444.2477887116
710 785646.5131423085
719 785960.3585614599
721 786196.8212937103
724 787090.6138112734
725 787281.2862439456
726 789141.2418447508
733 789581.8386564795
737 789617.1304960852
744 789816.4507094549
748 789844.3773966291
749 790359.3763131748
762 790537.0606057170
763 791263.2911793115
764 791499.2055699970
765 792159.5141840404
767 792792.5076710576
770 794305.5376657414
771 794376.6207797378
778 794639.7762664567
779 795344.6799440727
783 795785.0334343654
785 795969.1945039522
789 796424.8012207750
790 796751.3192669378
793 796896.5384425451
795 797302.1407833557
797 798143.5662667053
798 798881.0928101415
805 799872.8512011066
814 800046.5387365029
816 800234.3639550346
817 800493.6405428854
818 800804.5361632213
819 801698.4166363335
820 802683.1672032201
821 804591.0406544600
823 805050.5912557078
825 805090.2572983461
829 805424.1937314802
873 805705.9487624496
878 806060.6787466859
881 806801.4236847893
887 807228.2110927595
892 807592.6636930358
898 808199.4402189732
900 808604.7785057465
901 808791.5595501045
905 809718.6931121465
906 809952.7936022496
909 811087.6897229482
912 811731.3116832222
917 812116.5878875415
918 812532.5755376031
925 812756.5179261577
928 814179.8227111360
933 814251.2554925855
934 814815.9808569504
941 815468.0547314358
942 816190.0217052207
947 817108.4642623342
948 817208.4724394500
950 818062.1484454549
958 818711.2605810483
964 818820.2448322480
968 820241.7015977355
986 820767.2412529588
987 820845.8885991343
989 821495.6651541899
999 822029.6321437663
1002 822573.7047337927
1003 823991.9124087134
1006 824505.7045533005
1009 825574.3174511351
1012 825662.6537972738
1013 825710.7655160403
1021 825799.1799925993
1022 826650.9950962213
1029 827095.8401310135
1035 828396.0174324532
1036 828405.8185488695
1037 828762.7732851934
1041 829333.2006183940
1046 829866.6491551602
1047 830752.6916431825
1054 831696.2316876972
1061 832503.7902007843
1065 833650.6239227512
1074 834839.1641449883
1078 837339.5916398446
1085 837699.5734407563
1086 837842.9830295853
1095 838714.5665455012
1098 838847.2265272404
1104 839633.8368176242
1107 839805.4113453514
1111 840024.2629676723
1113 840157.4602261324
1121 840481.1526600954
1122 841117.2268866255
1124 843135.9868558064
1131 843902.7719689821
1132 844650.7298981466
1133 845920.3256556063
1137 846122.9852885441
1138 847120.3183861618
1140 847288.0477713413
1141 847577.9949957897
1143 848559.0525249265
1164 848630.8783808128
1169 849206.0401107221
1174 849995.1194315731
1185 850171.0299597641
1186 850274.4677313238
1192 850279.7250630364
1194 852079.2670156496
1196 852276.2243649416
1203 853088.1363086835
1209 855979.9026449156
1210 856872.8835704873
1214 857333.7162557010
1220 857336.2723765003
1226 858011.3575990854
1228 858140.2328916827
1229 858933.4622242812
1233 859643.7440737274
1234 859660.5751078579
1237 860420.7187980792
1239 861146.5538730315
1240 861994.7371979685
1242 862527.6653790944
1244 863296.0466912641
1246 864118.6487355847
1250 864947.5951236688
1251 865796.2546961203
1254 866684.9594411450
1257 866741.7655181147
1264 867065.0672440698
1266 868026.2156836945
1269 868135.0907691899
1270 868167.8320799217
1272 868197.5863181037
1276 868676.5324068499
1283 868689.7815725041
1286 868846.1841717291
1288 869756.8406835450
1294 870207.4293271679
1300 870438.5382638210
1307 870503.3211255105
1310 870721.2403521182
1312 871225.2774550663
1313 871416.3325339527
1314 871903.7951738943
1321 872485.7036657737
1324 873207.2109964414
1327 874468.6108357303
1329 874740.7001324630
1331 874879.6252908666
1332 875564.4893745190
1336 875655.1270034914
1337 875813.6381818643
1339 876263.3770640098
1346 876378.3789397541
1351 877028.1483575449
1369 877814.8352397362
1371 877981.2583715146
1372 878436.1048108441
1377 879020.7794027921
1378 879198.9660992313
1379 879258.5275400871
1380 879484.9660636999
1383 879804.8211431687
1385 880610.2580734747
1389 880879.0428789862
1391 881028.3230974269
1393 881269.1772078131
1401 881626.7555439738
1403 882183.9762278532
1404 882736.9278820193
1405 882961.9755367026
1421 883563.6768466959
1425 883634.7842262707
1430 883991.0836092671
1432 884192.0900893688
1436 885059.7220664925
1438 885814.9383385442
1439 886288.3026993016
1440 886539.8362813845
1441 887051.7382526278
1443 887992.5375648765
1444 888046.5643738516
1446 888661.2293716265
1454 889179.9084556836
1459 889557.7260028180
1468 890081.7249529337
1469 890670.0710648490
1471 890839.8079029229
1472 891800.1023594781
1473 891838.6320948172
1481 892257.2978174782
1482 892345.2156075129
1489 892365.4785726827
1493 892947.6643805455
1502 893363.4303128873
1503 893732.5508780910
1506 893991.6348033290
1513 894216.4337580794
1514 894995.4938012364
1531 895198.4356963694
1535 896109.9390010935
1537 896259.4712457185
1541 896558.0479238116
1544 896917.2783585208
1548 897030.6649623667
1550 898105.0631313471
1552 898558.0133150748
1563 899000.3076872777
1565 899895.1697421030
1573 899930.1160252171
1576 899985.6751956394
1579 900251.4080613044
1581 901266.7377665937
1585 902927.5045491263
1586 903234.8554938280
1590 903234.9367048725
1596 904085.7817308521
1601 904813.9265043272
1603 905082.1053607872
1614 906065.2104299940
1620 906714.8952549869
1621 907005.1075759919
1626 908485.2903831045
1630 908967.5304780409
1632 909327.5245584497
1644 909885.0644729988
1647 909943.4442512108
1656 909981.5740718065
1660 910292.0266193933
1661 910934.4824589774
1673 911144.1844697229
1682 911236.3838572452
1683 911614.4689694295
1684 912105.1198261247
1686 913436.4616420444
1709 914260.8385340030
1711 914350.9987105613
1715 914613.2071830967
1717 915435.5657140400
1721 916391.7218544177
1727 916844.1109357602
1732 917060.6770500829
1735 917487.5855136764
1736 918374.3915979546
1751 918870.5476451570
1755 919424.3529841477
1756 920057.2223062519
1760 920837.3374788895
1761 921481.9711902310
1764 921789.4593174770
1768 922475.8363723756
1776 923206.2462160877
1788 923214.4354105048
1790 924670.9270514697
1792 925339.5472193024
1796 925999.2518714331
1797 926690.6172435951
1799 928905.6954523742
1802 929399.1095484714
1803 930163.3231831978
1825 930186.8385109535
1826 930483.3959484503
1827 930583.4680495413
1837 931053.7125411221
1839 931260.5545958771
1845 931907.5270600936
1852 932078.1621618508
1853 932671.4123761520
1860 933467.0751169703
1861 933914.4511880624
1864 934283.8697583464
1865 935054.5517679974
1870 935111.5146275084
1878 935716.8473952205
1884 935723.0712486806
1890 935852.9766753220
1895 936355.7179309923
1896 936455.3882226403
1900 937517.9223182893
1906 937956.7740813850
1908 938163.1261061579
1927 938481.1637307184
1929 938665.8724145613
1939 938680.4107927593
1942 938914.0389102687
1944 939040.1283948924
1946 939333.7070672682
1949 940760.2269433474
1950 941465.2513404727
1952 941526.4199463739
1953 941573.6466546934
1955 941642.7589011196
1957 942052.4239693794
1964 942261.4580623383
1967 942939.3355216702
1968 943177.9027989032
1974 943735.1877630155
1979 943898.2619473718
1986 944140.1879359480
1989 944635.0335816847
1990 945171.3552000965
1994 945444.0404870604
2001 946216.6588052047
2026 947439.5289591643
2028 947881.7846839953
2029 948799.6474783334
2030 948914.7088755480
2037 949742.7799309978
2040 950061.8190149085
2047 950641.2726233255
2048 951478.6004922743
2060 952312.3903404411
2068 952338.1786506446
2074 952986.2831184404
2075 953316.5189063506
2078 953474.7653983665
2085 953845.8476075714
2088 954832.1957091753
2099 955471.9690545751
2100 955671.5296595130
2103 956663.0780191039
2109 957108.4318982809
2116 958600.4394512417
2124 959189.9791605541
2128 959549.9563440564
2129 959695.2982708078
2130 960241.2564712917
2141 960584.1116967036
2142 960884.7084116730
2143 961234.3564276372
2145 961927.2000254216
2150 962190.6848610764
2153 962664.0186564720
2157 963316.2450728799
2158 963840.7874775272
2164 964532.0652586718
2172 965685.8069033618
2175 966099.8227016346
2184 966843.1030540984
2189 967294.0262459109
2194 968251.1889104139
2197 969199.3116309494
2203 969320.0149868305
2204 970158.9238163694
2207 970394.0667858466
2214 971190.4558630129
2217 971257.8481341328
2226 971917.7360197856
2228 972585.5650994717
2234 973367.7647683463
2235 973518.6099878771
2244 974119.7588062207
2253 975040.9247067270
2254 975400.5202638867
2265 975414.2574585613
2303 976125.4026491031
2307 976243.0869298558
2311 976665.1920233703
2313 977246.0141414012
2323 977481.6497979416
2324 978199.2099936865
2326 978513.6189336568
2335 979493.6613887536
2341 979828.2270445691
2344 979985.1180362221
2345 980190.9816997494
2346 980463.9624096203
2350 981085.8206630053
2351 981710.0227068119
2352 982110.7381972162
2367 982909.7234183172
2368 983669.4157397038
2374 983752.3161509504
2378 984944.8669666738
2379 985104.1106061226
2380 985738.4066558502
2395 985775.4910698615
2400 986563.9308279812
2403 987267.4895088887
2405 987331.3761668961
2411 988584.1264685455
2413 988656.2046973517
2419 989157.9632009445
2425 989404.2124056313
2440 990432.8301570003
2441 990981.7260325243
2445 991702.5581943443
2450 992231.6223807581
2470 992432.2083351436
2472 993004.3890661957
2475 994002.7580300234
2477 994760.5566392398
2478 995640.2878171303
2480 996131.1582857780
2488 996654.4956403594
2496 996781.3562151882
2500 997188.3192049430
2506 997349.9898942995
2516 997358.6712778918
2520 997866.7934718940
2526 998798.3981325331
2531 1000496.4860264339
2532 1000676.2822541926
2534 1001050.2121241856
2537 1001067.0430075013
2550 1001837.2200851981
2551 1002008.7566923163
2552 1002412.7496100621
2554 1002580.3395909165
2555 1002761.7346916553
2560 1002964.1566616289
2573 1003158.8290008858
2583 1004150.2156821152
2589 1004322.2053277339
2595 1004362.6837784789
2603 1005009.1690198064
2607 1005433.7695085728
2613 1005466.5349736080
2616 1006559.9337443693
2622 1007532.8327345345
2643 1008052.2154251735
2650 1008898.5955026568
2652 1009858.2895495405
2658 1010157.3953676614
2661 1010663.8606626117
2676 1010976.0058959299
2680 1010989.3181868028
2683 1011060.0524737920
2700 1011971.6401976806
2706 1012536.4005867165
2719 1012983.7441927433
2728 1013126.8580069910
2747 1014085.6514175300
2750 1014436.0873660416
2756 1015282.7156574700
2757 1015649.9362848398
2762 1016032.5374858638
2763 1016267.0878890166
2764 1016521.6802043504
2768 1017526.3385111616
2772 1017946.5969827647
2776 1018731.3944284334
2779 1019045.1093610160
2785 1019210.0266970056
2795 1019810.4285937251
2802 1020349.1156935290
2811 1021354.8215021510
2812 1021510.8210760216
2816 1022208.9428585508
2819 1022420.7653038144
2828 1022439.1757004769
2836 1022511.8932621896
2837 1022737.5239385688
2838 1023677.8826020386
2841 1024253.0186054740
2857 1024432.2238184325
2865 1024939.1391641042
2878 1024995.7232030106
2881 1025114.6808486420
2883 1025341.2370090524
2887 1025558.4693932558
2898 1025683.6854614682
2899 1026218.8316134069
2904 1026769.6031747002
2910 1026846.9546801104
2911 1027697.4273351863
2912 1027956.3868625495
2914 1028195.3076146982
2920 1028943.1012744986
2932 1029207.8738464059
2940 1029727.5178088896
2943 1030048.7814034411
2945 1030599.6221981408
2953 1031331.2255630963
2983 1031367.2306328729
2985 1032475.2796823990
2990 1033173.8725143530
2992 1034154.7479409357
2994 1034675.1316028173
2995 1034762.8812845948
2998 1034806.8763054558
3018 1035433.5590705713
3048 1035534.5455549604
3053 1036770.3153084927
3059 1037017.8810787362
3063 1037590.8153285737
3064 1037820.4796749697
3066 1038789.2554917653
3068 1039297.4832456999
3074 1039340.2923182597
3077 1039902.3095900243
3079 1040002.2137583114
3081 1040083.2428845589
3088 1040451.2011229141
3090 1040554.4775664294
3093 1041760.0087835145
3106 1041988.8420254320
3123 1042226.9520329676
3129 1042488.2504848402
3136 1042500.7072240801
3137 1043160.5367628285
3144 1043450.1436406678
3147 1043612.9079205821
3148 1044066.5519938053
3166 1044881.4953796313
3178 1045872.2938690782
3187 1046242.8010264309
3189 1046352.5510109060
3194 1046991.4826760630
3195 1047621.1893414678
3202 1047746.1651823960
3212 1048366.5898630912
3216 1048374.9045230160
3237 1048446.0698254502
3243 1048664.5443496376
3254 1048928.2215520076
3255 1049157.2283435997
3256 1049286.9507412333
3265 1050164.5794781421
3277 1051031.0481398464
3288 1051860.0902612545
3294 1052001.9222001608
3299 1052700.8367214329
3306 1053417.3681216408
3310 1054102.5852655612
3313 1054890.5532970643
3324 1055893.2562319040
3328 1056519.6574224285
3337 1056731.1257394969
3338 1057165.3352107313
3358 1057655.9622392205
3362 1057838.5898507768
3365 1057999.2974030618
3366 1058969.4569991324
3367 1059021.1467598304
3369 1060238.9676317463
3370 1061086.7579534999
3377 1061544.8801226565
3381 1062058.4812310592
3393 1062895.5635215337
3401 1063162.2634662336
3405 1063299.5643819319
3407 1063720.8193509548
3409 1063976.9408181785
3416 1064312.6270227472
3419 1065030.4040731296
3420 1065960.1722999476
3425 1066860.0901980493
3428 1067503.1106580209
3442 1068188.8520763309
3446 1068700.0154994873
3455 1068934.8109501754
3463 1069802.2666758734
3486 1069896.9402770717
3491 1070660.5612592550
3493 1070978.3184668859
3494 1071520.0307687018
3505 1072040.3137952811
3508 1072528.1404502005
3525 1073387.3582658677
3527 1074086.3067027521
3538 1074333.1688547416
3542 1075278.9541671646
3544 1076169.5352607020
3547 1076343.2265605303
3552 1076464.4890183152
3557 1076787.2586468079
3559 1077134.5678959379
3560 1077493.7404432409
3570 1078153.1878776033
3572 1078732.5464177362
3589 1078747.4749930170
3596 1079072.4480167821
3601 1079225.3564959592
3603 1079430.7621871247
3614 1079797.2881680159
3615 1080754.1614364693
3626 1082075.2851206742
3629 1082518.8946544763
3632 1082533.4234568507
3633 1083277.2113372637
3682 1083513.5992924110
3696 1083514.4649234966
3698 1083712.8726474105
3717 1084426.7696654499
3720 1085067.2628547191
3726 1086248.3002244236
3746 1086877.6063826419
3753 1087412.1878507161
3757 1088351.7372076018
3766 1088437.2095548217
3782 1088821.6832352632
3786 1089220.9494386879
3788 1089246.6740769506
3804 1089348.9222419050
3810 1089398.5997661678
3817 1089488.5257907680
3824 1089704.5094549491
3826 1090368.5689535334
3829 1090744.4038722324
3834 1091570.2364459212
3840 1091763.2236294139
3842 1092562.1460470813
3844 1093095.1303504452
3850 1093662.7268998697
3858 1094509.7376492524
3864 1094689.9265639342
3865 1094893.3004521416
3870 1095032.2803110173
3875 1095172.0343078652
3905 1095688.8767518830
3919 1096469.3897310849
3925 1096790.7495866513
3930 1096999.9729455886
3933 1097522.5559934299
3941 1097757.5734716756
3951 1098076.7575655575
3956 1099203.8193060695
3960 1100048.2480532096
3963 1100234.1842118595
3964 1100289.2887804150
3971 1100452.9241234085
3972 1100624.9452461230
3998 1100817.0051256197
4016 1101311.4294267942
4019 1101561.7295707872
4022 1102846.5099209570
4023 1103328.7043421129
4036 1104165.4180966415
4040 1105027.4298367437
4048 1105075.4950334774
4057 1105680.7906601392
4059 1106041.8811243596
4060 1106104.0449056008
4075 1106441.1782308805
4092 1106575.3593101040
4102 1106634.6722994139
4130 1107477.7308297709
4136 1107840.1130434624
4162 1108601.7262012376
4187 1108674.5744766544
4197 1108797.9734785405
4199 1109708.3087979718
4200 1110531.4562880686
4201 1110916.8663203756
4218 1111251.6459133672
4239 1111414.4030285273
4242 1112395.9603281294
4243 1112717.9347928748
4250 1113433.2591220592
4256 1114290.8043299001
4257 1115077.6986705107
4264 1115849.6004500291
4279 1116092.6529101820
4280 1116508.3225099656
4282 1117119.3494761975
4284 1117728.5643837571
4306 1117751.1165621581
4315 1118450.2522827913
4317 1118646.0635103118
4330 1119326.9287564862
4332 1120178.8332834190
4364 1120359.6089325969
4402 1121149.2043732067
4408 1121757.5168294597
4428 1121775.0442201681
4433 1122023.8690118010
4435 1122342.2773261003
4438 1122502.2270121116
4439 1122925.5638721508
4443 1123563.3361639865
4447 1123675.9524884254
4459 1123963.2991692221
4469 1124189.3197382712
4472 1124221.4637552151
4474 1124800.9331271111
4482 1124898.2833440132
4483 1125513.6693114315
4484 1125764.0645026132
4490 1126996.3744194871
4495 1127927.4908050436
4498 1128919.9926212137
4516 1129294.0963745227
4534 1129436.8710775157
4551 1129592.0099488224
4558 1130333.7995248216
4559 1131022.4659405295
4561 1131224.1332930780
4563 1131282.8744433194
4583 1131775.4309116029
4591 1132483.2420737101
4616 1133017.5019971947
4635 1133195.8881497965
4641 1133513.9011228324
4645 1134126.5101902285
4648 1134500.8052479879
4663 1134643.0098012504
4666 1134651.0723728978
4671 1134700.0500707340
4673 1134700.7612119757
4678 1134743.0867194247
4708 1134922.1558452742
4722 1135487.4380078933
4724 1135722.0162094317
4727 1135827.9528496286
4731 1136116.2820292998
4746 1136999.7762192029
4751 1137272.3827090252
4778 1137459.9087787857
4788 1137632.4527908778
4798 1138330.9436563796
4801 1138995.5313888132
4819 1139065.8075095096
4839 1139916.8683892058
4843 1139978.3563947992
4868 1140665.1085200724
4886 1140973.1026670283
4894 1141435.4902771926
4902 1142029.4813609344
4910 1142473.2721089679
4914 1143357.4490830789
4921 1143510.8465867902
4962 1143944.2035152898
4967 1144540.9918975632
4991 1145438.4947510492
5003 1145618.7165905603
5006 1146251.8138714151
5009 1146490.5618264845
5022 1147283.2372804929
5026 1147450.3205312479
5037 1147903.0242425110
5042 1149735.3836369342
5065 1149770.8460731087
5075 1150192.1388833900
5092 1150961.0951847355
5105 1151499.8712005725
5106 1151674.4721180305
5111 1151752.9750626185
5119 1151887.3257714340
5142 1151921.3808100789
5160 1152770.7436582514
5167 1153372.4854864350
5168 1153476.3024351199
5170 1154499.0878565619
5192 1154740.9545198749
5203 1155057.6537894481
5205 1155812.0950275611
5207 1156079.5020563744
5211 1157105.9029323650
5213 1157834.6917850070
5217 1158403.0402173917
5234 1159164.7876084403
5285 1159244.9693862633
5296 1159535.4196554243
5303 1159630.5245307856
5305 1159717.3353957748
5307 1159859.1178746552
5316 1160256.0605918597
5326 1160540.4650319179
5337 1160676.0540051488
5338 1161055.8926063140
5346 1161496.7440023015
5349 1161674.1282887158
5362 1162061.5254064237
5372 1162515.7201413387
5399 1162587.0695828514
5422 1163548.0662579020
5441 1163868.2316089629
5455 1163952.4235131072
5472 1165281.3788548501
5473 1165840.7094662790
5476 1165875.3737923305
5510 1166018.1902921051
5511 1166045.9974184292
5512 1166364.3023511947
5513 1167231.1159034397
5521 1167446.3618025132
5539 1167623.3830668817
5542 1168280.9875364418
5547 1169213.0979622253
5566 1169302.2055119076
5573 1169436.4608563695
5577 1169876.0618606133
5579 1170286.2001650226
5599 1171227.3854281188
5600 1171586.8201362903
5601 1171832.6982589369
5617 1171928.6418754896
5619 1172471.3454547389
5625 1172809.8127539307
5633 1172923.5603835224
5640 1173423.7978937237
5642 1173601.3950751282
5643 1174503.0057862443
5644 1174661.3383570972
5659 1174921.7330117996
5661 1175762.9229265086
5673 1176638.1803146251
5675 1177164.3430564345
5689 1177410.5505327117
5699 1177412.5220307424
5706 1177590.6953778516
5708 1178065.0247878754
5722 1178066.5145353710
5727 1178386.1082879407
5733 1178563.6434429344
5745 1178658.1663938188
5752 1179250.6071900139
5765 1179478.4369975140
5799 1180277.1405204188
5809 1180411.5850319483
5822 1180699.8493919973
5824 1180878.4376435953
5832 1180911.3122884333
5834 1181087.0816033117
5848 1181468.5213807717
5849 1181536.3278586715
5857 1181551.3178730779
5878 1181669.9583444332
5905 1182253.9721020281
5907 1183051.6558448840
5910 1183659.4132403955
5920 1184629.8846329453
5934 1184826.8504927340
5937 1184827.3883208374
5940 1184853.6229168817
5957 1185124.8760037168
5962 1185481.3748403969
5965 1186291.9573317457
5974 1186979.8306304654
5976 1187113.8506399072
6000 1187408.6689172464
6002 1187524.7838480289
6012 1187912.8510200218
6020 1188206.7585815191
6028 1188975.8181744143
6036 1190271.8678181798
6041 1190576.2969581047
6045 1190786.3173643283
6066 1191024.4748444834
6076 1191152.9511873925
6079 1192013.3219326071
6085 1192780.4270025652
6087 1193551.2827108756
6089 1193692.4247672271
6105 1194299.2938469828
6106 1194412.4210917351
6136 1195199.5125340524
6142 1195289.3529322471
6143 1195549.8424507289
6156 1195667.0306256495
6169 1196350.8038803264
6178 1196621.4967523473
6197 1196689.0521671949
6212 1197023.5500638366
6241 1197664.7097801988
6250 1198272.6100592439
6253 1199082.5041151892
6274 1199293.5361710235
6280 1199710.2433783005
6289 1199968.0250022074
6301 1200135.5946949078
6305 1200797.7080701455
6338 1201129.4128198235
6340 1201271.5113104936
6342 1202241.5663704816
6358 1202864.6595076402
6360 1203022.4998854832
6367 1203119.8879734545
6374 1203121.9915881858
6380 1203417.7921472338
6417 1203979.3615611594
6429 1204144.1761392469
6434 1204178.4807974312
6460 1204490.3540125650
6479 1205468.3879907911
6482 1205505.3176286174
6496 1205726.4753619055
6498 1206556.4149745323
6499 1206601.9627061791
6509 1206824.6340374309
6516 1207109.5746273387
6519 1207368.0931635434
6520 1207519.9237663029
6546 1207741.5550594046
6549 1208011.1915658764
6565 1208429.0811871116
6572 1208462.0869123002
6598 1209054.4353085703
6604 1209540.5457933058
6610 1209886.7757577857
6612 1210202.6226747192
6616 1211040.6838889327
6632 1211409.8985975818
6640 1211541.7840362485
6642 1211806.1868860300
6659 1212783.4195326143
6669 1212981.9432312325
6676 1213041.4690962364
6701 1213661.7821126876
6737 1213719.6199327884
6741 1213838.6079991478
6744 1214321.8268386463
6750 1214917.3570618066
6754 1214997.4866914435
6758 1215031.6943622644
6778 1215448.9764155755
6782 1215974.7932556332
6805 1216228.3078050353
6808 1216262.8908406687
6809 1216639.8731180329
6812 1216882.1903625694
6849 1217167.7371850610
6851 1217719.9004043425
6874 1217935.8666707012
6880 1218650.6560047800
6886 1219285.8085328003
6888 1219354.8002945364
6894 1219823.7764307593
6897 1219974.7330611651
6906 1220343.7342240587
6931 1220430.4493479179
6948 1220515.4580466147
6952 1220770.4785477382
6973 1220816.6111192224
6980 1221101.2804373819
6993 1221198.6036793275
7000 1221749.5022032470
7009 1221925.1323399020
7025 1221985.6633892190
7031 1222415.5951446444
7040 1223205.6746814724
7104 1223322.0726685028
7123 1223582.2041624717
7135 1224206.0770559390
7148 1225105.6325627246
7155 1225362.8603961170
7162 1225834.3853011208
7200 1226002.5468413096
7221 1226414.7430918119
7253 1227162.7704057756
7256 1227731.6601358922
7258 1228559.4449496097
7279 1229071.5592822148
7281 1229516.7601393170
7313 1229555.9274345296
7342 1230299.7423258047
7348 1230479.9869801707
7358 1231357.5958003853
7360 1232099.4655086272
7368 1232419.5344954869
7374 1232551.8544111738
7386 1232717.0554718873
7398 1233621.3831768883
7420 1234309.7492870465
7426 1234593.2693521564
7440 1234864.7617086496
7442 1235142.1390567233
7448 1235174.3351713188
7449 1235293.4478850684
7455 1235460.8471659021
7472 1236145.9782758155
7484 1237026.8802835245
7487 1237255.5063518533
7494 1237776.2517281587
7498 1237949.3481057610
7513 1238725.9713496151
7533 1239008.1102773263
7536 1239023.6322884017
7542 1239133.1831255499
7543 1239229.3340118302
7566 1239793.9667471065
7568 1239809.9044910993
7592 1240137.4705053172
7598 1241003.3482675652
7610 1241322.2501530426
7634 1241681.7087463941
7635 1241971.4344145276
7638 1242267.8251891639
7639 1242923.3622065110
7653 1243411.1310754402
7660 1243491.6483275900
7665 1243492.7449163727
7685 1243549.8306533145
7690 1244192.0750738787
7696 1244248.9423560661
7698 1244284.3810166833
7699 1245081.5054759791
7704 1245444.9066600131
7721 1245967.6985619050
7730 1246668.2306289193
7733 1247460.2578023027
7736 1247489.1213656124
7754 1247693.3679614174
7824 1248422.7618571534
7826 1248935.3097691971
7830 1249178.8472550672
7852 1249238.2846130973
7880 1250076.2616873970
7904 1250171.9750643969
7918 1250684.2894112619
7966 1250830.8958994013
7969 1250999.0195598665
7989 1251694.5154513640
8003 1252477.3247534207
8059 1253035.0972059905
8061 1253500.2315274607
8071 1253888.5597675412
8096 1253890.3140057919
8101 1253903.4554450298
8117 1254477.0713420445
8119 1254560.4489355483
8121 1255467.0504295391
8132 1256032.0581172700
8137 1256123.2281624707
8159 1256216.7389081037
8167 1256801.3641739057
8177 1257119.5143574977
8187 1257772.8876230549
8193 1257901.5476616435
8199 1259015.1755848913
8214 1259931.3802579911
8249 1260324.8592752954
8262 1260567.9465445811
8285 1261370.9170781074
8292 1261896.7245219627
8297 1262019.1741021855
8345 1262193.3861692252
8358 1262194.4688512601
8370 1262222.0051972196
8401 1262901.8260125888
8420 1263196.4333220792
8442 1263280.3938025264
8496 1263718.1464405626
8527 1264560.1113247147
8529 1264711.6354649225
8541 1265565.4599048246
8570 1265890.9206418677
8584 1265962.4798033480
8598 1266108.3555338166
8606 1266207.3043488266
8608 1266385.0076883312
8618 1266386.5630787075
8633 1267112.8895216479
8661 1267361.3387025136
8688 1267475.9806165886
8693 1268013.1279485801
8742 1268141.9621756675
8824 1268342.9146549755
8867 1268796.5623321973
8878 1269013.5688356771
8880 1269040.2831448962
8912 1269947.0715830156
8919 1270085.3259614848
8925 1270155.4458815197
8926 1270569.7379802817
8928 1270785.0285274882
8957 1271068.0758542374
8965 1271475.6608359723
8973 1271642.3907094756
8989 1272055.1818164485
9076 1272265.5593886795
9102 1272908.5288883273
9168 1272938.6600757989
9175 1273739.1860401360
9199 1274181.7821413921
9222 1274186.9351712919
9255 1274192.0931836525
9292 1274709.7031503478
9293 1274716.3509531596
9303 1275091.7691954328
9312 1275170.0059481582
9347 1275344.2238621982
9406 1275805.0112717107
9409 1276030.1279803952
9417 1276447.6943529029
9434 1277271.1905482595
9441 1277319.8753766380
9461 1277778.1748535626
9543 1277860.6454153839
9576 1278279.8423963094
9582 1278300.9905564801
9597 1278638.8656933156
9603 1278726.8194483956
9630 1279514.7996684599
9641 1279561.9190847159
9647 1279607.8163648369
9674 1279801.5635107267
9686 1279901.0615509122
9692 1280544.5968711399
9700 1280546.2274167428
9710 1280773.7541552300
9724 1281347.5196865026
9726 1281357.4042850547
9751 1281377.5628946777
9752 1281970.0224421769
9757 1282415.6583313984
9761 1282504.7015238260
9787 1282553.7943032749
9811 1282834.9526258833
9822 1283897.8157956528
9844 1284359.5522613444
9885 1284395.5010897110
9905 1284453.5629394674
9912 1284516.2970793706
9923 1284684.6803159453
9938 1284782.5478280191
9942 1284875.9425773898
9955 1285792.8201521367
9990 1285796.1393281841
10001 1285622.5314043900
evaluations raw_y
1 688181.0945467774
4 689238.0100160652
9 689297.6089750421
10 689297.9121595165
11 689932.5486691191
13 690039.8245721714
14 690198.3953446965
18 691023.6911226590
23 691729.0417001161
28 692587.1903188156
31 692751.0927644811
41 693450.9216248757
44 693461.0504030634
45 693626.3619044551
47 693819.1221200463
49 694188.5701231479
51 694740.4153601533
53 695003.2940903732
56 695380.9247339073
63 695836.4950246022
68 696272.5581364095
70 696749.3948215863
71 696995.9831585233
74 697258.0990328436
80 697549.2592144205
81 697823.2180487717
83 697980.4343675551
84 698705.5806223353
85 700302.7287972555
87 700979.5849073996
88 701696.2185050141
89 702204.6052612599
90 702967.8327398159
96 703739.1589555299
98 704650.1220265718
100 705487.7285328293
102 705660.4894011201
103 705776.2859326706
104 706063.1885474350
105 706120.2929303566
113 707003.6104024900
119 707279.4291055184
120 708240.6600129198
121 710883.1148991764
122 711259.0797226252
124 711715.8744242163
129 712300.7007398311
130 712583.1408813065
135 713296.0328841319
138 714559.5318062351
141 715158.9038490283
143 715335.8520452476
146 715861.7299165664
149 716025.6868695433
150 716250.6724768339
151 716856.6078780185
161 717155.1560249666
162 717529.9613836248
163 717927.8573251286
165 718441.7452553923
167 718689.3914171978
169 719062.3602626642
172 719898.2386057243
173 720653.6367480343
174 721908.6401031191
178 722509.9176439202
186 722599.6338897990
189 722915.3696985516
192 723437.5517098900
199 724435.2700999622
201 724661.1038733184
207 725053.8522960332
209 725234.7634741354
214 726171.1075504166
215 727046.6882093658
218 727902.7094650633
222 728145.6932605547
226 728728.5940122437
230 728781.2923052108
234 730447.3214158341
235 731042.6854133946
238 731080.9198710589
243 731191.0638289051
246 731612.5516082909
249 732565.8175863790
251 733302.3628590645
253 733338.3791107441
254 733695.5107475516
257 734279.2045003371
267 734658.6651814103
271 735068.7867189740
274 735821.9361980323
275 736569.0972348112
277 737320.6045743611
279 738294.1176006297
293 738585.9920594704
300 739413.0703392946
303 740210.2119394825
304 741059.1070419648
308 742595.8473051367
310 742779.7143163874
311 743362.4255472730
315 743724.1554994452
317 744301.0236851180
318 745177.5433584228
319 745723.0162305752
334 745774.2954096653
337 746656.0344678843
338 746716.8689911331
344 747650.1425873286
347 747867.7895907020
351 748623.6980357657
353 749596.8657026317
355 749838.4111873605
360 750124.1362534594
367 750193.5789049651
373 750345.5193821711
375 751075.4396740217
379 751110.3629610615
381 751269.1285016037
383 752151.4076895247
390 752796.6223461846
394 753767.8866742388
399 754402.8375929752
404 754454.2319037912
411 754525.4250513096
412 754786.1023175220
413 755413.5028756408
422 755732.5320737163
424 756030.1482024228
426 756258.0759216582
436 756400.0579179006
438 756538.0182538345
440 756788.7988304734
446 756970.1876620181
447 756970.7446623144
451 757129.9068429235
453 757457.9807679674
458 757763.5021208993
459 758130.6655935710
470 758131.2602352098
477 758945.8900155810
478 759294.1653446748
480 759902.3812108857
481 760429.3638710511
492 760636.1426852933
495 761045.9690973297
497 761739.4191537554
498 762421.0752751997
501 762616.8803844783
502 763159.0756148912
506 763299.9588542500
508 764224.2932067538
512 765018.1143157539
514 765457.3765553501
520 766297.8265331379
523 766393.7686491661
529 767522.1225584707
534 768027.0845955029
536 768641.4950815577
537 768873.1516365010
541 769018.4164215397
542 769774.3520897563
545 770099.2061651776
547 770639.8119070816
549 771055.8746106483
556 771917.6902554581
567 772825.8632948747
568 773141.6992491549
582 773422.1318034783
586 774277.2424119548
596 774348.5157645477
597 774626.9604970457
598 775298.5977449912
601 776934.4333843080
602 777319.1380037946
603 777394.0490371585
604 777458.9475077743
617 777814.1530625412
622 778670.4143648972
637 778692.9209667128
639 778766.1332922357
645 779067.1557805944
646 779160.5106579904
648 779802.3857659179
653 779905.7766274195
661 780241.1503479820
662 780676.5324019752
670 780877.7867839483
672 781555.5813185545
674 781878.3534910221
676 783566.3895481150
682 784198.2214799814
683 784691.7756372974
684 785921.1451619718
689 787183.9696274787
690 787345.5486030786
691 788231.5383495075
699 789718.3618695759
707 790206.5506456128
708 790918.2083299836
711 791349.6282680556
713 792199.6729764490
723 792210.0299860772
728 792831.7414363544
732 793162.0583168230
739 794150.2168164302
741 794921.1674107934
744 796890.5773440179
745 797169.5123739229
748 797440.3289730559
753 798410.8866812749
754 799120.7136082072
758 799767.2585204662
766 799994.4011978122
773 800571.8947275029
774 800737.8705335825
780 801289.6633617791
781 801793.0110512837
784 804311.3544482227
790 804603.7080461746
791 804719.1326292872
792 804762.9068672933
793 805479.0856116357
795 805661.8502694283
796 805921.1138812165
806 806908.8342174292
807 807800.1091525875
808 810218.1239208720
810 810774.4834684510
813 811663.4661777866
814 812399.7132927787
824 812886.0518197995
825 813428.2708342843
827 814419.7647667653
830 814450.7043078187
832 816220.9522308572
834 816774.6232171330
836 816933.5726329486
840 817430.7903406525
842 818082.0027387879
843 819011.7749754398
845 819798.5090626579
846 820748.2104109341
857 821051.1288308699
858 821237.1695594304
859 822176.4116443455
861 823078.7852865153
863 823303.4108395771
867 823561.2643903539
876 823739.5855476246
878 824009.5718547556
883 824857.9997519049
888 824896.5967942087
896 825317.5813349574
900 825732.6695139282
905 826439.6171636729
908 827161.6735891753
915 827858.0691001229
917 828598.3493063016
922 828860.1536911094
926 828968.9369426727
938 829581.3569531870
939 830402.0980166900
942 831442.3384998060
953 832148.1522857177
954 832925.6822679471
959 833447.9963508134
961 833989.6971394037
968 834179.7847590464
970 835013.6803916561
976 835688.4263687948
978 836621.1582272568
981 836958.4914168344
982 837351.5273855601
985 838200.2004761245
993 838249.5675013898
1000 838378.5722522938
1001 838882.8944672304
1003 839974.8159746699
1005 841564.2936011101
1010 841646.8278537708
1015 841810.1867272882
1020 842168.4584928750
1024 842559.9667204699
1029 843424.9969598880
1030 843604.7977093782
1036 843772.6090620570
1037 844007.7114734137
1039 844355.7825757925
1044 845116.6425184698
1049 845191.1969130707
1050 845515.2473481996
1055 845677.1305190763
1058 846502.0562593708
1059 847195.6404548041
1062 847328.8060734215
1064 847721.9103909467
1068 848018.2642801565
1071 848816.0129592675
1072 849651.2383201183
1074 850451.5959457363
1076 850880.2197845139
1080 851941.4736172686
1083 852802.6802797717
1084 854150.1207112226
1085 854588.8277493136
1091 854888.9722809619
1105 855864.1429714805
1106 856394.0842728625
1109 857225.9946767680
1111 857511.2758110343
1112 858326.2466554417
1116 858692.2034658485
1118 859066.7637714626
1120 859787.4541162862
1144 860548.7778645391
1152 860886.7038738389
1159 861145.1203909199
1170 862471.9670696298
1173 862918.9038158581
1174 863435.8743141476
1176 863803.0341307481
1178 864243.6257157581
1180 864817.6251317480
1181 865452.9603536348
1183 865823.6231551132
1189 866301.7242931817
1194 866609.7921705295
1197 867527.7991993263
1198 868070.7559487683
1200 868218.8559255002
1210 868395.0868072376
1211 869807.5342121638
1217 870798.6305375522
1221 871086.9769975459
1226 871354.2063959637
1230 871587.9018773999
1234 872169.0640626176
1238 872263.1987255908
1242 873270.1671848438
1250 875002.3694996638
1253 875639.8948386209
1257 876416.3909434880
1260 876962.9140636951
1261 877724.8278978380
1266 877996.6369920518
1267 878128.2984108211
1269 879378.9035608786
1270 879734.8740575836
1272 880142.7103759547
1276 880660.5401658746
1280 880732.3135446268
1281 881224.9837154652
1284 881502.0391086639
1286 882086.9250969676
1292 882430.6432972051
1299 882454.8195368735
1305 883025.6114252508
1307 883303.7443322280
1308 883879.7909300857
1311 884550.3623107319
1316 884790.2516551724
1317 884979.4997660929
1319 886381.0854017870
1322 886814.6589092136
1323 887113.9957972474
1324 887307.4662876331
1326 887937.8321038263
1329 888346.5928312966
1331 888358.3845464491
1334 888969.4116022600
1346 889691.0147189540
1351 889963.0429141194
1353 891345.5572318044
1359 892180.9350267203
1361 892239.4764119679
1362 892916.9979164843
1367 894009.8469246818
1368 894318.8554369879
1370 895279.8683947868
1371 895324.6608966975
1402 895674.3948356318
1405 896147.8850990919
1420 896879.6403011924
1428 896953.2299789403
1430 896994.1778830965
1431 897716.0306456267
1432 897847.9488275794
1438 898386.5772688208
1440 898390.0983652429
1442 898610.6712727749
1445 898991.1174960862
1446 899370.2484225987
1449 899901.9237189230
1451 900259.9201325428
1455 900747.3527945533
1458 900749.2047726043
1459 901758.1210646788
1472 902757.2568066715
1478 903221.4237351123
1479 903248.6606515324
1481 903480.9063600962
1485 904268.1079310322
1487 904745.0756786544
1490 905568.0236283513
1493 905751.5325577012
1497 905876.9388937902
1498 906402.0730226497
1500 906664.9392330047
1503 906827.8124935020
1510 907202.1547539460
1515 907567.5540566460
1526 908354.2059592505
1530 908541.6542807349
1535 909279.9146942651
1536 909684.9775204477
1537 909817.8279647160
1546 910110.4537352587
1551 910329.6109802049
1561 910932.9270184516
1563 911321.3566990141
1569 911354.9348470042
1572 911877.9835758383
1578 912004.1186347371
1586 912018.2667111736
1593 912078.8792960923
1594 912682.7516461938
1595 912913.6855309084
1597 913259.1176544707
1600 914165.8466244403
1601 914243.3808599781
1607 914557.4377772743
1608 915893.6197267211
1611 916509.1402484362
1616 916922.4367858794
1619 917199.2688471491
1626 917986.1837322804
1634 918132.7782398779
1642 918687.2327843792
1643 918852.8419855182
1646 919009.0879967021
1650 919992.2604634388
1651 919996.7516631976
1654 920522.5031122279
1655 921092.8799874495
1658 921714.6098375383
1662 922621.7368730751
1668 923030.3948361833
1680 924263.6469028026
1682 924609.2090056459
1689 925026.5758743439
1693 925205.9947674376
1696 925275.8676098168
1707 925332.2192486939
1714 925872.2123431533
1718 926458.2024910692
1730 927321.2660227291
1732 927689.3495010423
1735 928741.2786412762
1749 929298.3595131187
1751 930646.9240248937
1752 930999.1648502075
1754 931235.0646782806
1757 931617.5472283155
1759 932607.5100631986
1760 933530.3076772662
1761 934314.2455017102
1782 934407.8732481725
1784 934412.4311813881
1787 934442.5967427768
1788 935330.6063308493
1808 935487.3408747429
1817 936470.5994955590
1819 936598.0580032569
1823 937288.3857090808
1828 937996.6811143201
1830 938194.8139068432
1835 938197.0003042114
1840 938479.9903066206
1841 939330.7150335418
1852 940013.5714318720
1853 940435.4735431320
1862 940882.2463624858
1865 941300.1820089536
1881 941773.4521810863
1884 942079.9020560771
1886 942608.9014187141
1890 943211.9089176708
1896 943972.4041214783
1898 944922.8301287236
1905 945333.7045193578
1906 945593.9351001361
1911 945992.5641234993
1915 946527.6538093592
1919 946995.7955280192
1922 947836.6978988582
1927 948727.2541715760
1931 949134.5991758674
1932 949209.6103149554
1934 949907.2860527856
1938 950034.0955156554
1941 950586.5194888245
1943 950827.3687407429
1947 951332.2925493509
1950 951835.2050524920
1952 952634.7046868999
1957 952734.6770608138
1961 953696.5843953282
1963 954433.3648303312
1975 954662.6530539111
1976 955663.1547928208
1984 956264.3143131406
1992 956773.3048486112
1995 957485.9999646391
1999 957716.4144596816
2003 958552.7997429909
2005 958571.6580830473
2010 958806.4908684081
2013 958834.5866840257
2019 959648.4641819035
2020 960423.6866322614
2022 960524.8196039823
2025 960953.1689945045
2027 961529.1641467301
2028 961670.5887087041
2038 962281.8776993633
2045 962988.9057442137
2054 963700.9780374696
2060 963728.5760340354
2063 964321.9421008021
2070 964578.3701849461
2079 965500.3171272863
2080 966574.1357474314
2081 967384.3900978462
2082 968355.4342670547
2084 968982.1636694022
2094 969542.4159705949
2095 969555.9477065924
2105 970507.7964454176
2106 970897.3460530926
2107 970960.8134157690
2108 971603.6795498158
2117 971866.2334819566
2120 971903.4264246739
2122 973797.8221083432
2130 975036.6832386085
2134 975450.5701323459
2135 975580.0381542839
2142 976424.4125993940
2144 977099.9549680476
2145 977131.7735007021
2147 978520.8992474077
2151 978751.3360410051
2153 979674.3170656452
2176 979997.2879695066
2192 980058.3100604707
2197 980378.3468869877
2206 980705.5742786912
2210 981146.0902262746
2212 981779.6299864937
2220 981992.2889798105
2241 982091.2388540184
2251 982787.1660243205
2252 982835.5211091023
2254 983040.3968047505
2255 983485.6282978879
2257 983602.1882671970
2267 984411.6926291779
2275 985122.7954166061
2284 985571.1704977988
2294 985753.2890686616
2297 986059.4893272778
2299 987044.1645549950
2314 987110.9694508992
2316 987928.3847440752
2317 988463.2285619798
2322 989340.6846351130
2339 990003.4150839576
2346 990508.5117695712
2348 991632.7586810224
2354 992398.3252526225
2360 992779.8543485741
2364 993098.4190467497
2365 993698.9080798876
2376 995737.6412756167
2380 996031.6426204263
2389 996724.5389365581
2398 997025.8846440840
2399 997921.3224672733
2402 998627.0051395448
2404 998678.8391862224
2408 999458.0225662623
2410 1001024.1412059673
2416 1001342.4430948982
2417 1001375.0245037350
2425 1003429.6129732620
2429 1003601.5100379845
2430 1003969.4596112478
2436 1004538.5344173792
2446 1005412.8375241169
2454 1006781.4988756871
2458 1007122.9839998054
2461 1007700.7464558138
2474 1008321.5973450495
2481 1008434.1530574786
2482 1008468.2996442987
2484 1009190.9362212676
2485 1009426.4162600855
2492 1010348.1332387679
2505 1011044.4726444696
2513 1011762.4268063776
2521 1012464.0985484278
2528 1012599.6843639172
2543 1012842.9748445931
2550 1013147.7966760707
2555 1013591.5949775492
2563 1013807.6630733678
2567 1014055.7302221911
2568 1014312.2451909932
2575 1015178.5817994815
2578 1015438.8259361924
2586 1017146.3643424060
2588 1018039.9212983340
2597 1018884.9244361392
2599 1019265.7333994554
2605 1019863.3325314219
2608 1020077.1031360248
2616 1020703.2324640980
2617 1021172.7738633004
2620 1021586.6052880791
2624 1022279.1584835326
2625 1022843.0044818391
2626 1023647.7479705721
2632 1024267.7690295605
2634 1024473.7040356906
2635 1024741.6353068892
2671 1024985.6280350173
2677 1025899.7591701425
2682 1026127.9580021187
2684 1026323.8237099349
2689 1026413.1961138051
2693 1028026.3070278841
2694 1028420.6592107924
2700 1028678.1398982201
2707 1029006.7834241963
2714 1029111.2743986568
2715 1029519.9351167569
2718 1029673.1288031705
2728 1029974.5930974800
2731 1030374.5924389577
2738 1031189.0725214905
2740 1031801.1889656093
2761 1031988.0729960458
2769 1032310.7335184340
2771 1032950.1382662167
2774 1033439.2958567180
2778 1033824.6578010020
2779 1033975.6802611386
2781 1034501.9471182576
2787 1035314.6113750082
2789 1035942.5001057637
2801 1036740.9857672458
2802 1037152.8162032653
2811 1038086.2027041792
2813 1038087.4165952513
2815 1038726.9070819110
2821 1039309.4342944324
2828 1039333.8433322045
2846 1039496.1381415814
2847 1039527.6338451295
2854 1040269.8087098502
2857 1040307.1798399303
2864 1041297.5886349209
2865 1041895.4041537963
2884 1041929.9567408317
2885 1042780.8479021941
2902 1043406.9638797069
2905 1044349.8042401419
2906 1044843.6309791219
2910 1045521.5940814074
2911 1046401.0690265996
2932 1046622.9364952685
2935 1047990.7441077293
2959 1049106.8503506596
2964 1050196.0260112656
2975 1050352.0234814603
2983 1050652.9357231462
2986 1051108.7015376522
2997 1051449.4152163272
3010 1051835.1645496597
3011 1052272.2152244330
3015 1052723.2404815373
3019 1053665.8063906878
3026 1054573.3347137717
3043 1055179.8663053222
3050 1055728.7928654708
3052 1056072.3491774516
3065 1056525.3181080353
3068 1056660.2053487322
3069 1057280.7648263630
3074 1057403.0773765882
3075 1058059.7296455321
3080 1058844.8785931340
3083 1059061.9584840361
3093 1059621.0942638705
3094 1060478.0306646482
3100 1060741.8244986667
3101 1061029.6662275400
3111 1061268.0596732849
3114 1061372.1783360122
3115 1061991.3642212036
3118 1062593.4516325330
3121 1063593.2327774712
3148 1063776.5268484822
3159 1063844.4997694022
3167 1065451.3079986840
3172 1065721.3563379457
3174 1066498.7518542502
3176 1066834.2832359602
3191 1066876.7446663068
3202 1067196.7214597845
3208 1067413.8963341124
3212 1068001.7622007541
3227 1068645.0152485101
3228 1068890.1258603088
3233 1069627.1759602905
3239 1069717.5061521102
3254 1070228.7966793270
3257 1070246.5963761662
3266 1070489.9502907246
3277 1070589.7306644272
3282 1071424.4536712605
3299 1071736.3934249547
3307 1071807.3787790353
3316 1072047.8649978284
3330 1072228.7747359185
3331 1072953.2721774874
3332 1073020.3852075627
3346 1073549.3841226699
3347 1073957.5323190861
3366 1074251.0834409213
3381 1075003.6806200009
3387 1075440.2374987567
3397 1075543.8025096187
3398 1075995.5930407753
3402 1076015.3476230719
3405 1076066.5836366524
3422 1076209.7420794836
3430 1077042.9346456002
3443 1077339.6388165045
3456 1077344.1429336187
3463 1078198.9765262923
3481 1078271.6578400568
3485 1080720.5365623424
3494 1080984.0210391018
3496 1081274.6814756598
3498 1082038.7485692848
3504 1082938.0539010530
3506 1084505.1501719200
3510 1084639.4761752132
3514 1084753.4552399232
3516 1084921.7702259589
3519 1085453.5243794154
3524 1085605.3206525003
3530 1085661.7409922716
3543 1086356.3057364887
3546 1086562.5124982230
3551 1086630.3599021793
3559 1087310.2044917336
3567 1088350.2219824146
3573 1088599.1243269185
3580 1090148.5580232935
3585 1090285.2240107800
3591 1091209.7697149932
3594 1091858.8555917137
3600 1092844.9305365039
3605 1093408.4109304326
3608 1094057.4044163101
3615 1094192.7955354736
3623 1094463.9468861413
3625 1094776.5154848874
3626 1095362.6487058981
3627 1095704.8473483915
3641 1095885.1537643920
3656 1097310.8185994262
3675 1097744.4237244462
3676 1098491.6727569452
3679 1098626.7505449275
3688 1098903.3172260192
3702 1099217.3523420615
3705 1099221.9048735367
3715 1099316.5316921521
3719 1099792.0055025497
3728 1100589.4252005650
3729 1100844.7348870707
3750 1102091.3082571293
3762 1102191.2495558534
3771 1102217.3018724404
3772 1102338.8792504023
3781 1102604.4497027516
3791 1102833.4446557194
3802 1103383.8551678844
3808 1104290.8139240243
3820 1105187.9265924676
3827 1105228.8463444740
3830 1105905.7454473330
3831 1106093.3652555489
3838 1106674.0456804610
3844 1107479.1746910939
3855 1108645.2885646282
3856 1108873.8472750052
3859 1109258.2708525078
3866 1109505.3583850830
3877 1109842.6994699577
3884 1110205.0473149430
3885 1110814.3157670617
3910 1111038.3510678243
3914 1111467.9047582492
3917 1111889.5339366649
3934 1112224.7877588933
3950 1113352.5662086878
3953 1113664.9298558112
3975 1114207.1301949983
3978 1114274.4102306382
3983 1114282.5906237697
4001 1115135.0095894462
4021 1115516.5545792328
4027 1116422.3708134084
4031 1116913.7909636032
4032 1116917.1964216596
4034 1116956.3321714604
4050 1117060.3986108133
4052 1117280.9853230054
4054 1117613.8898569026
4056 1118357.9222252020
4058 1119256.0887417304
4060 1119831.5059103156
4062 1120253.4716162793
4074 1120565.7119035795
4080 1120635.7244666927
4081 1120721.0837137105
4082 1120802.5826032907
4090 1121709.3481732535
4092 1121983.0658572353
4116 1122617.4754004569
4132 1123048.2953194869
4166 1123216.1361146516
4170 1123519.1929678530
4173 1123625.2255383616
4202 1123822.5315786314
4204 1124478.3334146035
4210 1124627.4737300251
4212 1125183.5329751610
4213 1125461.1494373213
4220 1126131.6547652709
4226 1126628.0577487266
4230 1127094.3381081619
4235 1127536.1255277100
4260 1127728.4546027025
4261 1128653.6570121769
4264 1129568.1185050667
4269 1129681.4682338955
4272 1129824.0585027328
4275 1130044.1019906781
4293 1131931.5472115614
4294 1131972.4235232002
4298 1132517.5976494183
4303 1133127.9949279483
4305 1133368.7774974010
4320 1133371.7365396677
4325 1134025.6870338749
4331 1134363.9812978148
4347 1135195.1552698328
4362 1135334.5151133365
4368 1136311.3171171756
4371 1136945.9726832802
4372 1137188.0551591858
4384 1137435.2490174300
4395 1137786.0993019543
4396 1138045.4240307454
4421 1138391.0139247216
4425 1139222.1184636171
4434 1139369.5320912001
4435 1139409.0008341598
4437 1139543.2132523647
4443 1139969.7752652266
4449 1139993.4958356817
4450 1140065.6494501843
4452 1140366.6999804482
4458 1140375.2751170325
4479 1141176.7084246848
4483 1142177.2663495522
4508 1142798.9331998953
4513 1143598.3347640692
4515 1144059.9777897587
4518 1144371.4711863699
4524 1144570.3375347031
4527 1144635.5510554151
4539 1144937.7559540470
4540 1144976.4266959957
4547 1145146.6357727568
4552 1145603.1462031372
4572 1145772.4655027643
4581 1146470.3377701559
4588 1147080.3299057144
4593 1147751.5066860109
4610 1148734.9911105386
4611 1149412.1547420344
4618 1149547.4294186647
4624 1150442.6820236400
4631 1150472.5200792686
4646 1150754.5198163136
4666 1150759.7567607632
4682 1151312.5722408385
4684 1151570.2030676692
4694 1151980.1491754304
4698 1152485.7350634485
4699 1153406.8374378174
4701 1153662.1209161479
4707 1153906.2281288288
4719 1154636.0213406277
4728 1154894.9598557469
4749 1155254.5670359165
4759 1155795.4626584842
4769 1155917.5574412043
4771 1156504.2841315432
4777 1156823.9771100944
4780 1157130.2748828195
4785 1157351.9390254649
4792 1157804.5228165244
4807 1158419.6884403392
4814 1158574.4524279654
4826 1158804.4461560675
4843 1159047.4801317505
4844 1159908.3176852353
4856 1160528.9385421777
4858 1160972.9152868497
4860 1161567.7077656183
4877 1161839.7623017912
4883 1162412.6280440190
4884 1162436.1560153160
4885 1163466.1427768786
4913 1164168.4240876273
4923 1164760.5685239073
4924 1164932.7516241211
4933 1165754.3754247301
4938 1165844.8177773801
4939 1165994.2321490382
4950 1166927.9565122852
4966 1167180.7046963670
4969 1167603.7656168879
4974 1168320.2567566463
4977 1168468.3386512185
4978 1168691.3784457778
4979 1169179.7684735551
4980 1169332.4805734488
4993 1169617.7982409629
5010 1169709.3467578988
5018 1169829.0665444948
5031 1170040.6816260642
5042 1170426.1015291002
5043 1170558.4279012776
5050 1170901.8699808239
5059 1171396.6425307665
5063 1171717.8160962362
5070 1172000.9364571683
5083 1172105.7266682528
5090 1172508.6976244794
5098 1172541.3188030743
5104 1172720.3268384042
5115 1173530.3149973485
5133 1173618.8868020172
5165 1174173.0816872825
5169 1174450.7888311839
5179 1174710.0671755923
5187 1175676.6000790305
5210 1176331.5783176711
5229 1176682.5249376502
5231 1176730.2663710907
5243 1177079.6320754413
5244 1177652.7431907144
5263 1178502.1415951480
5267 1179313.9474833852
5281 1179607.9492958949
5287 1179966.8062467675
5292 1180330.7950411059
5300 1181063.1823424888
5303 1181274.8894087179
5312 1182178.5787138168
5318 1182394.8745578234
5320 1183237.0257368814
5327 1184285.3029914638
5369 1184579.1348768910
5410 1185010.2433742865
5411 1185587.9131429035
5416 1186121.8191509419
5425 1186385.8576979742
5426 1186543.6258908974
5430 1186623.7682757569
5436 1186638.2968821540
5437 1187540.9234801969
5439 1187947.6741179614
5443 1188667.1087150390
5461 1189653.9146004205
5486 1190578.6878485531
5499 1191335.2131848899
5503 1191630.1559225107
5520 1191765.0676393539
5521 1192488.9223404650
5524 1192655.8456781143
5525 1192950.7032741313
5545 1193004.5679427455
5549 1193495.5648290366
5554 1193498.2814649160
5555 1194336.4316932005
5572 1194986.7496314046
5574 1195086.3486377404
5577 1195335.8690776033
5579 1195673.1552859882
5587 1196233.7758614800
5590 1196617.1565125037
5597 1196641.5841063836
5616 1197872.4140866986
5617 1198502.6005629099
5619 1198824.1118595253
5640 1198825.0052770250
5655 1199321.7756059696
5670 1199325.8981556834
5671 1199337.8901961371
5676 1199499.2528596320
5687 1200048.0178572466
5689 1200369.8098356787
5740 1201189.6954383254
5748 1201790.7771126532
5775 1202091.1608950291
5783 1202941.7773329131
5792 1203603.3954647826
5801 1204234.0201972676
5807 1204398.7711162469
5815 1204652.7989951482
5816 1205129.1699791707
5826 1205239.6654897360
5841 1205849.0486177916
5842 1206183.2166177649
5849 1206284.9234402829
5865 1206739.8895361600
5878 1206823.1283253471
5887 1208163.3254009655
5892 1208802.4427856393
5895 1209505.5656515944
5908 1209722.2492410152
5910 1209839.6478198825
5911 1210280.2827702952
5914 1210576.9815743959
5915 1210742.9217584452
5935 1210821.5035452838
5941 1211230.6972787976
5944 1211858.1143437673
5958 1212356.4743874734
5971 1212848.9700308316
5979 1213115.7170960978
5983 1213733.9440010684
5991 1213990.4503431357
6013 1214678.7288727094
6031 1214679.9633711064
6050 1215634.7937646031
6058 1216253.4804968482
6075 1216309.8288548442
6093 1216561.5014559045
6100 1217499.2389264998
6122 1217545.2699604062
6123 1217558.4064565247
6128 1217768.8361532588
6142 1218409.3825414691
6143 1219848.1729901885
6150 1220256.0304712935
6191 1220493.7542758894
6203 1220697.2068110304
6204 1220847.4673891927
6213 1221062.1900802068
6234 1221118.7144695877
6257 1221814.1985633303
6258 1222088.4737704692
6261 1222599.4675449277
6271 1222958.2886303947
6286 1223020.1104334162
6290 1223187.9875151003
6293 1223818.5724110189
6294 1224319.7883271950
6297 1224975.4775762009
6301 1225386.3982650938
6320 1225899.2764663666
6323 1226056.2574820379
6325 1226828.1237265212
6326 1227017.6589884700
6328 1227118.6139936985
6331 1227149.2860378844
6333 1227380.3086777702
6339 1227930.8272848434
6349 1228416.4106439669
6359 1228864.1724529203
6379 1229625.6848442964
6382 1229840.4641889255
6393 1230172.8517066073
6395 1230457.1443331942
6416 1230869.1019542709
6417 1231740.4515785452
6420 1231859.4854543724
6424 1231954.0400352967
6436 1232162.4587894112
6450 1232195.5153975482
6480 1232877.5255714073
6484 1232920.5079585512
6485 1232951.7419622296
6486 1233498.9516217138
6489 1233588.0674621884
6512 1233974.6111784189
6572 1234464.5259553257
6574 1234530.8258173733
6603 1234627.9738534077
6615 1235753.6129399377
6633 1236456.1662278678
6644 1237067.0497840680
6647 1237367.4301812123
6663 1237427.0393539027
6672 1237838.2019854190
6681 1238546.4160997958
6692 1238562.5709208054
6697 1239141.1825428293
6698 1239549.6030461458
6711 1239576.9670458175
6713 1240684.6474179882
6739 1241162.6701755701
6757 1241184.8893591892
6763 1241437.7049228207
6765 1241657.8533914618
6806 1242110.2095111450
6826 1242455.9626758834
6837 1242997.6519058328
6850 1243413.5235726582
6903 1243632.3574069266
6915 1243791.2731953177
6924 1244096.4653460092
6961 1244322.4408281439
6983 1244693.8569576165
6989 1245552.4545501298
7016 1246159.0479713483
7039 1246468.5117103143
7043 1246516.5845270446
7061 1246686.6033151858
7070 1247099.5493522962
7080 1247161.4854789267
7087 1247256.2820902362
7103 1247870.6392860094
7105 1247898.8158743775
7106 1248103.1250393502
7122 1248132.0103303010
7128 1248502.7326796039
7141 1248750.4208632952
7154 1249163.4039738663
7202 1249459.2681495061
7223 1249548.7011924037
7231 1249722.1108242990
7253 1250059.7888789366
7282 1250110.5607979626
7284 1250266.9441735602
7285 1250908.7091767364
7304 1251147.9940284067
7320 1251600.8382151739
7333 1252588.8481831620
7356 1252914.5583762848
7382 1253016.4138349406
7404 1253360.0490464314
7428 1253362.1823822663
7473 1254257.7489736280
7481 1254270.3593285540
7553 1255088.9572663817
7564 1255771.1109146606
7572 1255937.8791174481
7607 1256115.3338717183
7653 1256672.7862813191
7668 1257320.2225751942
7695 1257728.8419108549
7696 1257731.7836525233
7703 1257855.5024431604
7762 1257872.6230161698
7763 1258000.5965023534
7769 1258367.1038415355
7772 1258450.9776393997
7827 1259104.7494538662
7873 1259856.9490786595
7897 1260300.5694533077
7900 1260657.1920388273
7917 1261582.0089403954
7918 1261591.0676413667
7933 1261906.8100795273
7938 1262195.3621366823
7965 1262679.4647056153
7995 1263538.0060210722
8034 1263538.8228705130
8039 1263695.6880269658
8049 1264507.3650402592
8061 1265233.0038316117
8078 1265882.1914121509
8079 1265953.0673610598
8086 1266294.6602425948
8097 1266325.4638781615
8118 1266359.0279196547
8126 1266460.0474573611
8133 1266539.8570916583
8143 1266672.0751488646
8147 1266751.7218259329
8171 1267114.0369437295
8185 1267392.2066619247
8190 1267567.8233885346
8213 1268031.9326977632
8299 1268042.8900948931
8312 1268087.3518354963
8336 1268193.9385010495
8344 1268213.6011736025
8347 1268380.2861512373
8356 1269004.4326826714
8364 1269404.5250910448
8367 1269454.5496099135
8373 1269590.8970140654
8380 1270387.6482042572
8426 1270652.0912533216
8454 1271432.0442906138
8466 1271660.7651260311
8508 1272258.9710831521
8535 1272957.8395013348
8562 1273085.9726366708
8582 1273769.4931120293
8597 1273831.8689949738
8616 1273862.2195641764
8655 1274453.7550806787
8657 1274854.2150298452
8660 1275273.7699101886
8701 1275605.5888558037
8705 1276060.5015299094
8707 1276365.1158919611
8719 1276620.0307283949
8736 1276808.5178154700
8768 1276996.0281820770
8782 1277267.1968570293
8792 1277274.2956001230
8805 1277289.9533099325
8825 1278165.4857404388
8826 1278176.7464231267
8836 1278270.7657959915
8840 1278528.3923757174
8881 1279202.7651219449
8882 1279363.2117474258
8889 1279421.8677712677
8901 1279469.2583684323
8917 1279577.2775422810
8952 1279863.9001366189
8992 1280619.6906970802
9010 1280623.5801010260
9050 1280987.9088378891
9051 1281121.4164887099
9062 1281290.8834642617
9070 1281516.5026414406
9094 1282315.8218084958
9134 1282491.5321429032
9136 1282671.5028723192
9210 1283442.5064177078
9248 1283573.2782144647
9249 1284437.5445682597
9252 1284580.5776517917
9253 1285036.9337854993
9256 1285491.9253502248
9259 1285772.1181275949
9267 1285838.6827301809
9281 1286171.6584022203
9282 1286389.2509272587
9288 1286428.7154281335
9300 1286503.5746246849
9360 1286505.4464892871
9365 1286719.8932034753
9468 1286721.8721340171
9473 1287313.1346327970
9490 1287566.4139858722
9522 1288070.7314086016
9536 1288280.1271748866
9538 1288354.0300008892
9539 1288386.8696577658
9544 1288650.2456487601
9550 1288892.9532618003
9551 1289323.0476251096
9563 1289728.1603852834
9576 1289843.2799809291
9589 1289860.1757678275
9605 1290059.3993442336
9611 1291556.6127853433
9617 1291669.6180173738
9623 1292359.4809630965
9636 1292414.5007999132
9641 1293138.1711827645
9648 1293877.7682871169
9658 1294252.0226929493
9669 1294252.8297372647
9708 1294279.7254610371
9750 1294322.0396460001
9787 1294869.8955298380
9792 1295444.1709810803
9798 1295902.6385436167
9803 1296332.1586662307
9813 1296388.6709646308
9831 1296695.5564608511
9865 1296745.1835857304
9944 1297132.1482567103
9988 1297597.5645648697
10001 1296751.9407623599
evaluations raw_y
1 676074.4877560295
2 676280.1349334416
3 676761.7070489196
5 677740.9564859481
6 677860.5862393772
7 678387.7483945891
8 679529.7665221296
10 679578.2924549568
12 680039.4510955854
14 680162.9232588760
16 680982.6485401831
22 681402.8519269887
25 683609.6364621546
27 684165.0318070840
28 685096.3906657186
32 686000.7558553328
36 686162.6872558586
38 687058.0532097447
39 687900.9466770749
41 688682.3428806579
47 688768.8623671033
48 689384.3174426843
50 689987.2993447840
57 690692.0254806415
58 692281.7834407472
62 692907.0042607267
63 693191.3775014083
71 693817.8833584972
72 694240.9381794545
73 694940.7720143482
78 695703.2141154500
80 696645.1230763310
82 697686.0748756793
83 698327.4639254769
89 698510.8036906531
91 699438.9255711166
100 699568.6278145845
104 699859.1648466632
105 699911.7023391636
106 700592.8134529151
110 701277.8570716686
111 701349.5314806469
113 702208.9673944900
116 702703.3413252538
120 703430.1069008808
123 704313.4890110685
126 704519.7344986347
128 705103.4076371932
133 706005.0774463867
136 706127.9806624372
137 706152.2176380759
138 707007.9722244955
140 707620.9255793878
143 708255.3577825034
149 709099.1196574086
151 709869.4851037526
153 709957.3130359069
155 710569.5576533311
156 710889.4504792126
158 711319.3201282176
159 712051.1497253415
170 712878.0862289403
171 713373.8774009196
172 713794.1670081278
178 714802.5198999121
180 714817.8374151349
182 715193.8489499838
184 715335.8055632090
186 715487.5669750120
187 715879.9609202332
188 716438.5212125668
193 716780.0471919824
195 717142.4410195514
198 717849.5861969939
200 718819.9482318698
201 719782.9142402352
204 720462.6184393596
207 722456.2135298245
208 722981.7380161292
212 723887.7547411572
213 724299.0557233802
215 725158.1992858225
217 725672.9711906555
220 726122.5091831113
227 727819.4176299995
236 727906.6331976836
238 728663.7753271211
243 729360.5378049549
245 729758.6143440363
251 730175.7420660879
255 731471.7672246601
262 731513.2373462215
267 731693.8188717329
268 732158.4817831006
269 732272.9179740137
272 733052.5409846235
273 734279.1808462710
275 734376.7734723965
276 734592.8021210233
279 736140.9516308429
286 736150.7445939137
292 736716.8699961118
295 738417.5599774151
297 738680.4845292702
298 740653.0881476535
302 741540.5591327908
303 741868.6766195727
304 742024.9220034111
307 743844.5385237519
308 744839.9971777033
313 744981.2006097370
316 745261.6784691009
317 746026.7271216683
319 746514.1190827664
325 746658.8152566013
330 746779.8927261211
331 746904.1170164805
335 747649.4396409141
336 748641.8607442211
337 749060.7223376248
341 749220.4520977077
343 749750.5407071860
361 750333.7914976483
362 750716.3783447351
367 751531.9338217668
372 752226.1828005179
373 752811.6472337672
380 753046.5373506354
383 753451.4437162188
384 754100.4232854273
386 754709.0341867716
389 755602.0179525231
392 755699.6050198763
394 755787.7409437479
395 756430.6586070865
396 756522.9912250129
399 756681.8658792222
401 757187.4208786872
405 757393.6660234401
408 758725.4240701413
410 758933.9827275247
414 759804.8490355134
415 760492.4231950442
416 761091.8145390019
418 761649.2643774619
421 761745.5381595269
422 762596.4724265893
425 763163.4420863137
436 763309.9904288356
437 763742.3983698462
438 763795.0012412419
444 763989.1170898861
453 765435.6066719078
454 766229.6065188738
456 767213.7273423064
465 767869.5437315201
466 768748.8243825025
470 769226.7716239869
477 770109.3085043173
478 770450.4182215930
479 771296.6697240886
482 771904.4570957380
484 772083.8811130499
485 772997.3830472028
486 773130.1621586347
493 773670.2526105158
496 773759.2331023922
500 774319.2232770176
501 775105.4472165726
509 775778.3515716364
512 776209.8241824328
514 776490.7647227047
515 776875.5184214615
518 777636.6480797059
522 778072.1378390194
524 778194.1316664385
526 778872.2193632198
531 779180.0440201258
538 779832.2876686722
539 780732.2130804595
543 780859.6220956513
544 781223.3643673285
546 781410.7087492771
550 781619.1431678088
551 783761.4679211234
553 783904.9989013316
554 784428.0014966204
561 785190.5408330795
567 786098.7349218002
571 786351.2819433060
585 786389.9258820502
588 786520.5668139120
594 787477.1606850530
597 789083.2045117904
605 789240.5941586050
608 789471.5490102586
621 790337.0429982211
638 790861.4001335233
639 791127.7513713972
642 791727.9380071501
644 792598.4908813339
650 793077.9311061040
652 794181.1863004899
654 794540.5211556630
657 794998.5203622504
658 795828.9154688817
659 796508.5759272006
665 796863.4227282350
666 797724.0213191647
669 798718.4988143797
670 799085.0085451024
673 799767.3311599691
674 800685.8665062299
676 800891.6462289984
677 801460.1312648114
678 801738.6294752338
679 802720.9794254014
681 802963.9602925857
687 803233.2804021713
696 804096.1917537248
700 804346.8300767412
702 805348.1051928357
706 805563.4340523585
716 805726.8737928644
717 806262.0974190906
720 806791.5181677231
725 807180.8915085634
729 808172.7859233898
731 808867.7119069324
733 810237.5574118496
744 810869.1187008169
745 811297.1090998494
746 811493.6441728745
749 811846.9596750075
759 812237.0913308682
760 812584.9892045005
762 813391.0005791328
763 813467.1741280988
765 813553.6008127867
768 813655.4222078013
769 814264.6701488963
772 814938.6661237860
774 815563.9361109370
775 815679.3034936463
776 815971.3012545342
779 815994.1011448795
782 816955.0746383261
784 817087.7300675762
786 818214.5637620088
787 818465.3189665261
799 818646.3648218606
800 818883.0925390384
804 821223.3346459424
809 822092.6270475740
810 822178.9482655262
816 822266.7103930849
824 822749.6139913907
833 822973.5866089592
834 823647.4121083852
837 823768.0084298303
839 823770.4295447055
840 824690.8954893269
844 825309.8200635172
847 826246.9319583864
848 827374.1273947787
855 828240.1821865395
862 828908.0562095946
863 829276.2797354829
865 829805.8714697565
872 830252.2115788978
875 830616.6071106951
876 831207.4747086626
877 831622.4313439340
878 832348.4713576441
879 832696.7156462459
881 833240.7535524887
886 833588.2638222541
889 834557.5283063918
895 834684.4163322079
899 834990.2524249629
907 835160.7013464161
908 835418.5464663183
910 836661.3218317948
911 836874.1849748779
918 837526.1741478380
919 838331.6823689891
927 838786.2911864710
932 839212.6785021601
936 840301.1316830656
943 841442.3392833348
945 841869.1852988350
955 842187.1881317593
956 842315.1530886678
959 843474.3651012843
961 844421.6706975136
966 845089.4174034462
967 845434.5868735790
969 845901.2438231907
970 846765.8665260475
972 847495.8121183915
984 847721.0780200271
988 849214.8159200900
989 849972.8429038608
996 850576.1621580160
998 851114.9176663680
999 851351.1816495482
1007 851562.8935617375
1009 852095.8633521065
1013 852397.1520434900
1014 853216.5370974920
1016 853952.8156050415
1023 855125.0318163153
1025 855415.6608782799
1026 856007.9821559212
1036 856128.6234756890
1037 856429.4361749042
1041 856521.5083066282
1046 857255.3066016769
1047 857451.2351656519
1050 858431.7841910494
1052 859689.0189852925
1053 860055.8089029588
1057 861152.0302793126
1059 862006.5634974168
1061 862290.1454585094
1068 862889.6291022920
1076 863841.9246917870
1079 864356.9688507041
1080 864562.7407412254
1081 864862.5041117375
1083 865126.0212661882
1084 865596.5070880582
1088 865772.9526251475
1089 866694.2580531816
1092 867645.2420751618
1096 868425.3288356290
1097 868659.0238979759
1098 869311.3760971735
1101 869952.7963833363
1105 870896.1092927152
1109 870952.8668032606
1111 872091.2740998779
1113 872348.5735004211
1115 873563.3244217357
1120 873938.0757530431
1121 874335.3741972044
1132 874380.4012043851
1134 875068.0655821165
1135 875829.2021989267
1137 876059.8006341932
1147 876639.3978467260
1152 876743.9149641936
1157 876895.4250267909
1158 877560.3063664532
1160 878716.8576641813
1163 878911.6041031582
1167 878947.6004633900
1171 879354.4941910089
1172 880601.5353295917
1173 881322.9040990858
1174 881924.2197101339
1176 882256.6467442374
1178 882678.8645134101
1183 883566.5911224667
1187 884312.0308652912
1196 884992.1207021729
1204 885633.9527003781
1205 886436.1990831669
1208 887360.5391093392
1211 887407.2139401060
1215 889185.5872606297
1218 889303.3166090769
1222 889858.3301151006
1232 889875.1678775514
1234 890302.6126051581
1235 890452.2997927332
1239 891131.3578285833
1243 891626.9118157447
1246 892610.9092568801
1247 893542.8399623949
1249 894480.3718129807
1250 894560.2524801632
1258 894786.3855143409
1260 895328.8638244611
1262 896046.6995451497
1264 896851.1112237328
1265 896953.0695450157
1270 897557.9666628962
1280 897833.6749428373
1282 897949.1788306197
1283 898532.2738094470
1284 899781.3882495185
1285 900990.5001047694
1286 901686.2293001002
1287 902109.8731989319
1289 902536.6239958442
1297 903387.5184472804
1298 903473.4206064910
1300 904238.7969484023
1305 904243.8672157178
1307 905226.8203535329
1310 905520.2166036202
1314 906466.7544555402
1320 907405.6877622972
1321 907604.7604086956
1324 907855.6084441289
1325 907866.3814361899
1331 907927.6067983657
1335 908392.3101909548
1338 911046.1316311499
1353 912069.8894226699
1359 912390.0908775815
1362 913111.8903032896
1372 913687.8205176755
1374 915034.8321643698
1375 915746.4773697976
1380 916280.1109936720
1383 916575.0560166327
1384 917339.6016931878
1392 917907.3631773767
1394 918328.2028795236
1396 919650.0789224822
1397 920345.9984295904
1398 920395.2157908930
1399 921509.0796587942
1401 921865.4094074180
1410 922723.6570375824
1424 923509.7225075742
1428 923544.7704729266
1430 923609.6226468429
1434 923673.3764942031
1443 923829.4055304737
1444 924099.6770540131
1447 924185.9188089810
1449 925068.8783599256
1455 925298.2228939941
1456 925412.0927020208
1457 925519.5132260479
1460 925642.3181183577
1464 926447.4752220073
1465 927516.4730284986
1472 929618.1193287305
1474 929755.3618147566
1475 929904.4590529848
1477 930222.9248447312
1478 930279.2380127956
1482 930508.4487385897
1483 930859.0311159709
1485 931650.9957484638
1487 931734.4193209250
1491 932145.2388123958
1494 932593.0069888886
1497 932831.6310286751
1498 933501.1298326028
1502 933728.0052537856
1506 934276.3074731737
1508 934506.9587969852
1520 935155.2490108351
1523 935777.6875387183
1524 936205.7003421165
1533 936977.1671887587
1537 937256.5440823126
1549 937290.6382775597
1574 938151.8705314508
1580 938312.0772946770
1585 939160.4019626805
1588 939657.1726927233
1592 939925.7932752823
1597 940058.1843829300
1598 940598.1450097503
1600 940621.3036802879
1602 941421.2613104306
1616 942237.1640625148
1618 942324.7599731288
1620 942947.9357275923
1623 943395.9759410275
1627 943857.3532774049
1628 944461.1614596390
1629 944489.4398009867
1638 944895.1428911287
1639 945337.1576972372
1652 946305.9902525757
1659 946551.3170176856
1660 947523.0094203986
1669 947658.6620646766
1672 948394.4290440374
1675 948601.5207596496
1690 949097.4762639448
1695 949724.1603184409
1699 949878.8267658560
1709 950847.6703230946
1710 951604.0549673692
1719 952923.9354005826
1722 952929.1442396705
1724 953489.1165848284
1725 954383.5293090198
1734 954602.3734698921
1735 955394.1989488009
1738 956026.0268426330
1741 956265.4888199886
1743 957255.5544903803
1753 957831.3967181841
1758 958793.7437627153
1765 959268.4299109729
1776 960036.3333269050
1789 960121.6234837167
1792 961190.9994025634
1803 961375.6926167659
1806 961683.4107229556
1808 961752.3929107696
1814 961958.8421009571
1818 962512.1214220652
1832 962797.3177976158
1836 963299.9756141917
1848 963540.7447179486
1854 964080.8141502476
1857 964374.7839616124
1859 965298.4627513436
1861 965603.9157966133
1862 966273.7964090158
1873 967007.8116461772
1874 967533.5302370138
1878 968091.1331169811
1901 968918.5881523042
1902 968991.2972996944
1915 969020.8656463708
1922 969131.6821014684
1932 969655.0476064886
1947 970013.8911102769
1952 971018.5000854579
1955 971302.7389136357
1956 972234.5769146344
1957 972837.1099288831
1973 973540.2699483737
1976 974332.7613170845
1980 974737.5105730129
1987 974840.4180101576
1991 974843.9392879974
1997 975067.5168519343
2000 975294.7024299210
2003 975714.9508900506
2005 976113.7193535340
2009 976621.1040447392
2013 977111.9270930713
2023 977533.6184862625
2030 978120.2899029476
2032 979108.9597919511
2050 979190.3115098849
2052 979920.8015176106
2054 979972.1365740707
2057 980154.7200199876
2061 980627.3270262551
2065 981582.8186009870
2070 982348.7480435690
2071 982581.0807627158
2076 983555.6921852649
2077 984342.3666382482
2083 984421.7435011296
2084 985099.2430370507
2085 985778.3239114631
2090 986663.1664440386
2100 987353.2176502937
2102 987569.6166591645
2103 988285.8309489749
2105 988329.6898940516
2107 988787.0715113401
2113 988836.4709591073
2119 989230.1958529763
2121 989874.0552748888
2122 989905.1431240579
2128 990434.4304202641
2144 990584.6690684524
2145 990871.3159791866
2147 991084.0863555947
2148 991273.9284744301
2150 992226.0607548503
2151 993515.3295222534
2156 993847.9585697327
2159 994736.9891943925
2167 995510.7493764119
2170 996046.2248342381
2171 996055.4193967495
2182 996702.9069298530
2185 997108.5768437561
2189 998234.7138756518
2198 998318.4639177821
2204 1000222.1217736965
2214 1000878.3182215671
2234 1001862.7700235671
2241 1002256.6381196455
2250 1002447.7770354133
2252 1003147.4317373903
2255 1004045.8007517892
2256 1004977.1878733437
2259 1005112.9743028135
2269 1005866.8947852836
2281 1006149.4715459739
2285 1006881.8525846207
2287 1007617.7833410098
2290 1008188.7880790138
2297 1008835.2584005288
2307 1008882.8671173229
2310 1009658.4070116726
2312 1009895.0438157846
2315 1010713.2496012072
2324 1011078.9509520950
2325 1011899.5496149749
2326 1012441.6510348215
2328 1012891.5501813508
2330 1013982.1818885019
2338 1015142.6858432236
2346 1015817.7723874316
2365 1016078.9038597625
2367 1016509.7113500761
2371 1016628.5766512646
2384 1016939.7976228797
2386 1017250.3292777004
2402 1017509.0230003915
2403 1018434.6742698452
2408 1018695.4751071025
2409 1019081.1733666392
2415 1019388.4138419656
2419 1019947.8397871810
2424 1020561.4827678108
2426 1020573.9289231985
2440 1021206.9180926848
2460 1021775.9774484030
2465 1021777.5022776187
2466 1021900.6160627988
2467 1022566.1044614939
2470 1022926.5616248363
2478 1023142.2889679166
2482 1023700.2624397102
2493 1024328.2820015522
2497 1024772.0839419028
2499 1025279.5427085072
2500 1026098.8116067427
2509 1026264.7440868709
2511 1026967.0852704803
2515 1027880.8815999591
2519 1028206.8857502770
2526 1029168.3098413226
2529 1029339.3227205642
2534 1030030.4285392989
2539 1030705.2197538456
2542 1030827.4376868161
2543 1032141.8740477496
2547 1033109.6070013072
2561 1033223.4807939918
2562 1033532.8093638509
2568 1034429.2839769962
2574 1034816.7233316591
2576 1035973.8302999416
2584 1036083.0072585318
2596 1036350.9906961812
2606 1036760.6649922493
2609 1037396.1507054928
2610 1038015.4359865066
2616 1038643.5943648953
2622 1039224.2341310838
2626 1039256.8485930472
2633 1040043.3220767089
2642 1040334.3226076055
2657 1041022.0119363744
2668 1041328.5757432749
2669 1041492.9086402842
2682 1041718.7048139815
2684 1042338.0264177900
2691 1042813.5922559925
2692 1042969.5899255053
2699 1043861.8506072266
2706 1044099.3718538341
2707 1044270.8164058172
2709 1044365.6608310647
2714 1044665.8798635285
2720 1045141.5322238952
2731 1045142.0266386743
2739 1045777.2850834049
2742 1046067.7798895543
2745 1047116.5304736801
2748 1047460.9551189030
2754 1047461.4686504868
2759 1048337.9056787252
2764 1048521.5567919391
2788 1048876.0479494454
2790 1049173.5024520354
2798 1049914.2631097343
2799 1050617.9879501704
2804 1051296.6010064282
2807 1051593.8055217329
2811 1052014.7980784008
2818 1052397.3478663922
2819 1052523.9697959668
2821 1053118.0550927683
2822 1054089.7239168636
2827 1055014.1610874289
2838 1055161.8924413961
2844 1055568.8995586487
2847 1055934.8860649851
2858 1056555.7316747631
2860 1056574.9761417683
2863 1056891.8485490147
2867 1056982.5111981262
2876 1057227.8887422655
2877 1057246.9543432759
2879 1057420.2467525350
2884 1058201.0749384763
2885 1058858.9180634965
2892 1059273.2336734210
2904 1059510.0015407975
2919 1060014.1997802162
2940 1060346.3281524426
2947 1061101.9100344682
2948 1061224.2565667664
2953 1061661.1226556636
2959 1061752.4227529385
2960 1062567.9754636753
2968 1062607.7438859199
2969 1063027.6257235652
2973 1063074.5494733553
2975 1063700.4539964607
2978 1064251.1209797300
2980 1064915.0219540393
2983 1065274.7831273591
2987 1065889.2531637694
2997 1066784.6146902123
3003 1067158.5913581473
3012 1067821.8953302810
3016 1068529.9016953669
3023 1069144.1576698602
3036 1069338.9622771959
3039 1069912.6164687548
3040 1070711.2828862262
3049 1071153.7589700369
3058 1071589.6885288397
3069 1071628.5855642175
3075 1072458.2728987813
3078 1073095.6401964610
3112 1073132.0789742190
3121 1073531.8904659299
3122 1074115.6561657323
3128 1074120.0314474497
3129 1074214.4109073095
3131 1075079.5877925858
3134 1075795.7141530490
3135 1076198.5511088015
3137 1076578.6180617423
3143 1076967.3764151358
3150 1077562.7154936090
3153 1077702.4514171283
3163 1077858.9566351157
3167 1078841.6002801787
3172 1079189.1170682362
3177 1079272.9905401028
3186 1079321.6162376299
3189 1079871.2195460028
3190 1080302.7311628680
3209 1080466.5702067337
3212 1080496.0001259153
3215 1081293.1885133949
3219 1081421.9028089216
3240 1081773.9440796482
3250 1081830.3205768545
3254 1082089.4755284500
3257 1083065.4716966450
3259 1083279.6728064541
3265 1084066.4437026298
3276 1084354.0917167927
3296 1084531.8428005858
3306 1085514.7449024071
3308 1085928.0957944461
3315 1086864.1740777036
3318 1087853.5186299328
3328 1088142.6759723253
3331 1089013.8893166734
3332 1089949.8013593340
3334 1090370.3160688579
3355 1090555.0485964427
3357 1090596.4593380149
3361 1090620.5794916488
3362 1090813.2677161326
3367 1091147.7324992113
3371 1091323.5498015536
3385 1092034.6258068308
3402 1092062.9924679541
3406 1092779.7190225462
3434 1094424.7848656219
3449 1095907.3414130907
3466 1096139.2449355065
3485 1096451.1796835964
3500 1096547.6687327796
3509 1097076.5300356192
3517 1097635.0266009076
3520 1098110.0700794489
3536 1099058.9849393941
3547 1099254.6024136941
3553 1099372.1414404237
3561 1099598.3950018855
3568 1100283.3291516451
3570 1100385.7603652945
3583 1100761.4643979331
3590 1101635.5747501757
3597 1102069.5847667162
3598 1102695.1587791308
3602 1102956.6611685527
3603 1103499.7100321276
3609 1103955.0166081511
3620 1104118.7075526414
3633 1104485.4470012120
3646 1104926.3487553350
3655 1105964.0485736660
3669 1106205.8043404797
3672 1106400.9814496746
3674 1106685.9590962876
3686 1107279.7307133733
3693 1107787.8707887297
3702 1108411.7289426576
3710 1108488.8042001203
3722 1109252.6907588874
3723 1110088.1617714253
3724 1110182.7846636744
3729 1110255.3124781831
3730 1110262.7108398576
3732 1111037.5347428990
3736 1111108.2175965691
3738 1111629.5645250969
3747 1111701.1931793781
3749 1112245.8504654726
3753 1113163.4408192355
3758 1113200.9837801047
3759 1113336.1325205446
3761 1113389.6245270809
3766 1114282.4247845188
3772 1114437.7396986710
3774 1115363.8460198429
3782 1115568.9075339222
3794 1115855.5988164998
3796 1116805.5596486619
3816 1117475.5578588773
3825 1118328.9281232934
3831 1118373.8879507296
3833 1119149.7852357801
3835 1119459.4669161059
3842 1119815.4043789457
3847 1121256.3784349062
3854 1122025.6737014495
3868 1122635.1778124927
3869 1122857.8633288611
3873 1123283.3081734700
3874 1123696.0523690376
3880 1123711.8629351140
3882 1123999.3925910532
3886 1124305.5399659977
3900 1125015.7001568123
3901 1125049.5748914890
3913 1125314.5080994198
3915 1125570.8639743624
3922 1125608.0264505234
3923 1125937.5169906309
3931 1127332.6964206272
3933 1127408.8732859676
3941 1127931.3454413570
3952 1128253.4655419718
3962 1128547.5858952515
3963 1129480.6620117200
3969 1129600.7715472300
3975 1130469.1360150706
3978 1130689.5989694323
3989 1130980.4751162040
3991 1131113.5770873555
4022 1131375.9668938895
4027 1131813.3115897926
4037 1131821.3456880383
4038 1132741.9829490178
4043 1134317.1587222028
4059 1134924.2506720873
4063 1135185.2804522875
4066 1135508.5483030023
4070 1135706.9026964041
4074 1137038.7832110377
4075 1137740.8580140781
4087 1138240.7731164757
4106 1138610.5757466329
4114 1138635.4725040502
4120 1138977.5946051301
4148 1139339.9063148226
4151 1139766.1539212202
4161 1140015.7135493730
4175 1140073.0153246925
4183 1140073.2124433394
4185 1140362.5970159620
4199 1141181.7287964479
4201 1141549.2138704881
4204 1141993.3169308100
4215 1142254.8258089765
4235 1142551.5965269539
4236 1142767.1796942861
4243 1143650.5242864036
4247 1144392.4408656713
4249 1144633.2061025072
4251 1144786.6386362570
4255 1144978.1074447446
4256 1145112.7043598322
4265 1145795.3729023498
4276 1146345.5460092570
4303 1146474.4639090660
4307 1146566.4563524367
4315 1147250.0666584144
4349 1148062.1921113722
4352 1148330.4956241553
4353 1148934.5614285797
4355 1149257.0285682045
4364 1149529.6310966187
4379 1149656.2262777528
4403 1149806.3704689057
4418 1150770.1749045611
4433 1151400.5272849731
4434 1151719.3857261236
4442 1151844.0134935554
4443 1152175.8575330805
4460 1153282.8401888893
4472 1154099.4362223493
4473 1154358.6507784766
4474 1154773.5330510957
4481 1155074.9825866595
4489 1155618.0727125891
4496 1156486.9719656319
4497 1156865.2513298297
4530 1157797.1513343889
4543 1157798.1462701450
4549 1158173.8391811007
4556 1158847.5182057985
4581 1158849.4686706758
4584 1159517.4800907944
4585 1159526.9122887501
4586 1159822.8358673614
4589 1160419.0201774039
4591 1161376.7315535932
4595 1161748.2202021861
4603 1161757.1346296247
4613 1161818.2434382937
4614 1162257.3365550365
4620 1162930.0580573683
4634 1163680.3434148475
4635 1164464.1657887953
4639 1164743.6202583886
4641 1164858.0676052812
4655 1165797.0039742591
4689 1165831.3461034996
4695 1166092.8466904045
4707 1166353.5506061236
4717 1166641.4601367419
4723 1167079.5961169293
4738 1167728.0411959891
4740 1167971.0582632972
4743 1168426.1877792764
4744 1168964.2245456059
4761 1169810.6518165821
4773 1169900.5805436096
4781 1170113.9188737362
4793 1170997.8826241458
4794 1171164.4923884661
4798 1171572.0246630653
4810 1172040.8364508871
4814 1172273.5234920562
4816 1172628.4432105969
4818 1172970.7126387674
4837 1173170.5341613994
4841 1173171.3844288331
4843 1173348.1083857536
4876 1173958.7801339314
4881 1174229.6591495494
4886 1174329.5262095644
4906 1174363.8841315045
4913 1175224.0302719367
4916 1175652.3959953627
4926 1176639.3177433321
4954 1176825.2157067878
4959 1177818.6542941506
4965 1178507.1550581395
4966 1179064.0497849055
4971 1179563.9949477396
4974 1179819.5141573423
4981 1180615.9922588922
4986 1181054.2245299793
4991 1181192.5878100600
5000 1181682.7153743613
5011 1181943.3374756172
5028 1182119.1538430315
5029 1182567.5073166045
5035 1183457.7661460636
5041 1183627.0659753897
5042 1184518.7351159605
5045 1185281.2711832845
5048 1185538.1690059069
5056 1186301.3662424509
5066 1186904.6064913536
5069 1187420.5734662099
5086 1188300.8258277832
5102 1188366.7651280956
5117 1188812.7370917608
5128 1189063.2287624544
5136 1189555.7554939594
5137 1189695.3303305008
5170 1189860.1872746844
5189 1190299.7258334076
5207 1191134.7207210669
5209 1191303.9054778242
5210 1191596.1971233084
5211 1191601.2487145185
5212 1191917.4375587036
5213 1192604.0701397245
5253 1193084.6519001892
5255 1193251.8314745848
5264 1193448.3185770463
5274 1193514.3593392489
5278 1193859.2833032524
5284 1194007.6584520673
5310 1195125.8801231093
5353 1195673.3067156069
5355 1196762.8240508104
5369 1197219.9265009458
5379 1197833.7387233698
5384 1198705.9584494715
5390 1199396.8314054362
5411 1200152.4231447796
5417 1200278.7219264123
5429 1200403.7682589614
5430 1201074.6996520970
5446 1201156.6768801506
5449 1201241.5391832739
5475 1201952.8220023217
5478 1202020.3346806366
5481 1202493.3705392422
5498 1203230.8207510279
5523 1203414.9971937593
5531 1203646.3918063340
5533 1204435.8006096752
5542 1204710.9416037831
5550 1205892.4142345544
5551 1206480.6676228144
5585 1206602.6534074896
5605 1207550.4380024041
5613 1207700.1696229957
5619 1207789.7871707242
5670 1208155.2209261542
5682 1208531.2279188817
5691 1208580.8125323483
5698 1209036.5242915184
5699 1209323.8806589032
5707 1209594.4575879872
5708 1209671.1780966637
5726 1210308.0950868730
5728 1211180.7803158050
5731 1211638.2316771799
5742 1212048.2690445867
5746 1212240.2893817313
5749 1212682.8217187040
5757 1212794.8229786337
5759 1212938.7846340295
5771 1213726.0778274371
5775 1213801.1418346923
5819 1214227.5486649424
5834 1214323.0778098737
5853 1214884.1817878461
5863 1215406.7642262150
5880 1215543.1985914293
5892 1215620.8173324189
5906 1215823.1188621719
5913 1215955.5793466081
5919 1216201.5005144095
5926 1216273.9271038231
5941 1216857.5306818509
5963 1216958.4642496363
5979 1217742.7810428704
5988 1218165.1916956936
6029 1218521.2648790644
6032 1218743.9425480282
6038 1219020.8580005621
6066 1219596.5494978915
6082 1219956.4972249225
6092 1220067.5135619994
6094 1220160.9076577534
6098 1220669.8165458217
6126 1221234.5384859699
6136 1221317.1092098993
6154 1221782.1462384812
6159 1221904.5020131336
6163 1222417.9248553705
6181 1223043.4760236514
6198 1223228.2621380787
6205 1223231.3533313784
6209 1223957.8136048033
6211 1224009.6375939131
6233 1224644.0277815615
6234 1224790.8209817321
6245 1225245.6432749620
6248 1225459.5270418315
6276 1225775.9810505945
6280 1225793.9539436970
6299 1225828.4732216480
6305 1226533.1738467331
6321 1226602.4164205512
6346 1227428.2703511985
6353 1228418.4989443747
6392 1228564.3400449329
6395 1228648.1650761282
6412 1229333.2410558932
6437 1230185.8662805208
6449 1230580.5423692614
6471 1231138.1586208665
6472 1231766.2281359339
6475 1231931.5953592649
6480 1232162.7276969193
6485 1232262.4087657451
6494 1232274.5045966145
6540 1232274.8081304142
6573 1232951.0968109260
6640 1233806.8198960072
6643 1233922.1805404469
6670 1234262.6564428115
6685 1234645.5830153970
6701 1235778.7271821909
6710 1235842.7547191114
6736 1236492.1257574195
6750 1236585.5117738610
6756 1236612.0733443901
6812 1237101.7239412270
6817 1237758.3827448695
6833 1237943.7668638194
6836 1238608.2110728202
6847 1238663.1977538385
6858 1238896.6047750621
6874 1238941.8324300491
6884 1239734.7894752112
6889 1240051.4588021622
6891 1240504.4572301318
6904 1241048.0521092322
6913 1241869.3605770792
6961 1242259.5142570832
6970 1242288.2205083966
6975 1242463.7137129975
6979 1242742.4332551619
6982 1243060.1908888777
6992 1243099.7985253460
7011 1243842.5654165598
7018 1244293.5779571855
7022 1244658.1690235564
7043 1245193.0166171377
7057 1246097.5646066146
7113 1246560.5941915619
7119 1246668.7987680426
7144 1247284.0924046640
7152 1247709.3081479901
7175 1247780.9419233964
7195 1247780.9977169081
7207 1248022.0698963047
7225 1248055.2724952889
7246 1248141.9976996828
7258 1248741.5308529858
7261 1248770.2912177881
7302 1249128.8535503468
7307 1249812.5138976276
7321 1249917.1054003031
7333 1250771.8695335088
7340 1251102.4000100547
7351 1251680.9315853852
7389 1251923.9809033019
7393 1252428.3532414243
7411 1252473.3252695284
7413 1252645.7509403010
7417 1252919.4972605007
7445 1253546.4504955076
7457 1253719.0754451677
7463 1253884.3415918436
7495 1254464.9372144376
7517 1255126.7814344193
7541 1255307.6093501134
7546 1255512.9851283550
7564 1256364.3255477482
7581 1256910.1518890662
7612 1257066.2968586267
7632 1257365.2670488667
7657 1257432.8636722718
7673 1257682.1625491530
7674 1258573.5159220477
7678 1259520.5226381826
7713 1259646.8900432040
7722 1260017.5797232038
7737 1260450.0127218191
7790 1260788.0183420477
7799 1261711.0394558811
7812 1262428.4752907185
7831 1262603.2513092197
7851 1263010.2388811179
7859 1263606.7854812681
7879 1264001.7869998519
7899 1264485.8093978341
7913 1264982.3132569473
7929 1265149.3004885355
7930 1265449.2736398934
7932 1265725.2006210689
7935 1265939.7698052160
7963 1266355.1083153407
7964 1266453.7705531411
7967 1266792.6083686391
7971 1266851.9164388070
7973 1266913.5445697443
7998 1267566.5438176610
8019 1267778.1551239612
8035 1267803.6301987383
8043 1267842.9195251237
8092 1267920.7570754141
8100 1268158.3595139626
8113 1268710.6189870751
8116 1269299.3751416702
8126 1269550.5051886700
8130 1270257.0831451053
8141 1270499.8629714092
8158 1270734.3409311892
8172 1270841.8950937092
8198 1270965.7122460864
8212 1271056.7792021087
8229 1271857.6959872774
8231 1272443.4178323399
8233 1272630.9690558088
8254 1272960.4278919429
8271 1272966.1306475273
8276 1273256.0238870599
8282 1273565.8613942955
8283 1275365.6014545162
8310 1277080.4545268631
8342 1277201.1987835721
8343 1277255.8321224295
8394 1277300.0248653507
8396 1277525.3138649112
8405 1278493.5945818166
8415 1278717.9961595514
8427 1279697.8996517768
8462 1279708.9652755519
8484 1279936.4398024366
8516 1280214.5583904472
8573 1280263.3402980275
8599 1281174.2487705920
8603 1281768.6905447645
8640 1282291.9955789233
8682 1282341.1328030212
8720 1282828.2586107990
8723 1282830.8353063494
8757 1283270.7900915705
8764 1283729.1289683094
8880 1283891.1684931139
8898 1284436.0319197034
8937 1285010.4796084533
8952 1285567.5285069719
8955 1286209.9929731283
8987 1286282.1819616132
8994 1286583.1301171640
9006 1286587.4220154956
9015 1286736.8442829230
9030 1287111.7485250456
9031 1287250.5645484230
9083 1287600.8830843675
9085 1287723.0609911755
9089 1287905.0075970108
9094 1288394.4544796066
9151 1288596.3660908297
9154 1288729.5585831779
9160 1289280.7654584171
9176 1289304.4259473167
9191 1289958.3671556218
9212 1290025.2603533543
9233 1290076.5349761220
9234 1290744.0335513381
9244 1290937.4973299659
9250 1291133.1305632824
9278 1291617.3440563169
9280 1291706.4363469111
9316 1291895.7073361806
9341 1292742.5780341236
9344 1292958.8685428684
9352 1293066.3068856001
9380 1293459.8693087108
9402 1293839.3208890231
9420 1294081.3102208909
9438 1294254.7730881863
9446 1294314.5482629754
9449 1294789.5152652548
9510 1295260.4071325960
9559 1295404.8419894595
9566 1295437.1753521874
9585 1296043.2931908336
9587 1296305.5206014896
9591 1296306.1580693023
9628 1296632.8720541084
9638 1296819.3021825105
9646 1297068.4240749958
9700 1297310.0248215802
9712 1297930.8224451332
9714 1298173.4039413305
9747 1298368.6845006230
9803 1298768.2465947042
9824 1299077.1465514244
9839 1299288.0257436186
9840 1299624.0671996661
9846 1299859.8361561033
9849 1300014.1121290405
9876 1300181.7465298134
9914 1300322.8171555267
9925 1300457.7497925491
9931 1300895.1382862120
9998 1301028.3768472159
10001 1301028.3768472159
evaluations raw_y
1 689330.5538546041
4 689846.1248477548
5 690163.5025255856
6 691151.9110335907
9 692130.7957427158
13 692810.5595209246
15 692906.1910576512
16 693605.6013813152
18 694456.3199318678
22 694619.9428976846
26 694946.0559384121
29 695855.4736063855
34 696451.6372265025
36 696566.1073112745
41 697410.3338271967
48 698025.0962193126
53 698646.4510667893
58 699373.0215010947
62 699948.9673724599
68 700866.8300030273
70 700980.4403794429
74 702424.8366970837
77 702608.0167640176
82 702687.8507972241
83 703593.9752254345
84 703971.0144909919
88 704586.1548584615
89 704621.8695623049
90 705569.9217056525
93 705865.5196966095
96 707112.9536399783
97 707302.8390585919
102 707919.7779377545
105 708455.7076453668
109 708916.7803960153
112 709907.6831352320
114 711600.3859084760
116 712389.9384859315
117 713316.5235230355
118 714093.6918134852
121 714825.6627390694
126 715686.8602621377
135 716037.8059894157
137 716957.7190409481
141 717346.0578222964
145 717798.1101894021
147 718017.9124511952
149 718863.2889936996
150 719088.8485557580
151 719981.6994273602
155 721152.5730390135
158 722074.0108663483
165 722176.5503897528
171 722915.2206859885
173 722955.3705594081
179 724262.6309226535
182 724622.4062230035
183 725234.2413437053
185 725417.1013904571
196 725981.0562626650
197 726764.8933901871
199 727130.8657398876
200 728012.8848769276
203 728347.8403715172
204 729947.8536255852
206 730533.8529819221
210 731345.7765798606
212 732279.0664644195
216 732691.6191236165
217 733147.9346104732
220 733436.7495790361
225 734101.5071628590
227 734158.1328036658
230 734297.8412829188
234 734928.4801358145
235 735168.7410047149
241 735795.1797650686
242 736305.9141236454
245 736354.4978272116
246 737200.0787810602
259 737437.9654303171
260 737933.7375845402
262 738856.1100350035
267 738906.6354159664
269 739377.7664200234
270 740174.4736739111
274 740832.8786477491
275 742156.6335770085
280 742577.4468385385
288 742870.3013109867
290 742959.0759272460
293 744253.4691074436
298 744449.0145072613
299 745188.1441818967
301 745389.0569005489
305 745504.8379058195
309 746119.8896371471
311 747528.1733156790
312 747826.1179518555
314 747996.4288781355
328 748517.0210695302
336 750307.7045386874
349 750930.6220540106
364 751931.3481288680
365 752622.4350706781
366 753257.6272439898
367 753943.7852010485
375 754877.5899053401
377 754978.9627908124
379 755582.3969482676
383 756505.9211981394
386 757103.5977299841
387 757753.3570017517
388 758244.9345444435
391 758245.0774312011
396 758604.7888177634
398 758962.3915798800
400 759321.7343498595
402 759470.7274624971
408 759880.3447890646
411 760778.6696261219
415 761946.3600113583
418 762402.1840371212
419 763148.2312535845
423 764001.4202570402
426 764303.3557407121
427 765356.1964842167
429 765886.1529921534
431 767312.4248104446
437 767826.2659789422
445 767957.0836387372
446 768635.0026665708
447 769263.5446687151
448 769727.1315628479
454 769947.0872131891
457 770474.4095540276
458 771045.6698967635
460 771749.7399287317
461 772152.1651361058
463 772801.3142167787
465 773284.3878461057
467 773520.8075829269
471 774021.3433818145
476 774600.3002872220
480 775371.2242914020
486 775500.1965344654
487 775965.6034593994
489 776577.2114703899
490 777479.3355147664
491 777870.5273123481
492 778672.6765191497
493 778877.9081953743
499 779102.5683328707
503 779918.7945424502
504 780368.2537532082
505 780999.5369927721
507 781202.1487066085
514 781263.9171641805
517 781401.8818544054
521 781943.8432162966
522 781962.9839963926
523 781982.1408460474
527 783893.0322863822
528 783977.0158426306
529 784265.4830916759
534 785248.4452799242
535 785295.9216775941
536 785794.9127726561
551 786144.6438751079
560 786296.5777108318
563 787051.8597646570
567 787721.1834103046
572 787790.8827356609
578 788068.1870357882
585 788400.6627233251
588 788541.5648412744
589 788990.8118331758
590 789708.2383239508
596 790262.5988434738
602 790908.5559324162
603 791385.7656596901
605 791898.1101912513
609 792403.7119058800
611 793018.7672174232
616 794369.8525217450
617 794649.8784160357
620 795394.1981548776
627 795514.9636178414
628 796224.4016297758
629 797142.8521042478
642 797651.7676685590
644 798619.8490497575
650 799939.0801774601
651 800065.2216469273
657 800512.8857218527
659 801347.3245415922
660 802303.2131635747
661 803407.2467203019
665 803634.8294818641
666 803788.7354175899
671 804706.0188653520
673 805266.3343801025
674 805781.2569873725
676 806068.9658377297
683 806081.9091109987
687 806403.0110304831
690 806583.3535025942
691 806658.5370680500
693 807884.2050021555
694 808693.4224464500
696 809153.7821203243
700 809255.7474914390
701 809259.9228297044
703 810170.1788935224
704 810272.3923365475
707 810781.9129314430
711 811153.4356358033
712 811696.4470531259
718 811982.9245344896
720 812000.5715790787
721 812975.5672151574
724 813945.4111954371
733 814243.2150465858
735 814700.1667017161
738 814718.9813019099
739 814980.8030331827
741 815692.0246420674
744 815735.4179077421
747 816229.2493067940
751 816418.0009871878
754 816690.2423572083
760 817663.7574000931
764 818180.4297108873
774 819496.5338964055
783 819765.0087567621
784 820090.9969828175
787 820740.0204795914
788 821056.2785123166
793 822465.8702323252
795 822632.2037183986
796 823666.7567642312
800 824501.4948417416
801 824722.2099964296
803 825257.0341864650
808 825702.7032677325
809 825971.4390506122
811 826237.8583561657
812 826959.4522815676
813 827258.7657104048
814 827803.8060765592
816 828262.8340226002
819 828771.1598148108
830 829616.0269546129
834 829630.4188158187
840 829726.9728878710
846 829966.3172494898
848 829976.4147943784
852 830410.6411893689
856 830691.4573421065
857 830850.1350019657
858 831122.4371835012
859 831744.3440471798
862 832163.6581427186
863 833028.2070989794
865 833547.4702018697
866 833855.0160826232
868 834620.7561435641
869 834811.8154918442
874 835014.2115725321
878 835198.1225274041
880 835667.7762803879
888 836525.5412460086
892 837200.4263834618
893 837799.4994092541
900 838187.3120786988
903 838259.6471213561
905 838736.3096649029
909 838807.0658994160
913 839033.3596428852
916 839355.5126006487
917 840115.6356827674
919 840241.3899783308
921 841021.4562105912
923 841197.3152618727
929 842024.6602700923
933 842397.8461625119
935 842941.0207542308
936 843069.4462318029
938 843630.7362008712
939 843657.6436859934
941 844647.5854028261
942 845558.2088416035
943 845593.5441923507
948 845797.9799304812
950 846778.5199697765
953 847308.8099687722
957 848108.7746907306
960 849038.6115798593
961 849945.0285923951
965 850200.7489823992
974 851023.3401721221
980 851799.0043485744
981 852020.9232009146
983 852163.4584553224
986 853025.8940049891
988 853118.6459049708
992 854688.7160950470
1004 855106.8015005557
1024 855489.7797015436
1029 855867.7115013381
1031 856111.2221153382
1035 857017.2122773088
1039 857214.1900627696
1048 857455.4601378833
1049 857519.5889938195
1052 857643.7758105416
1054 857688.1833913819
1059 858196.4030900655
1060 858265.1269987690
1070 858477.9721787099
1073 859084.1654483896
1075 859737.1902905623
1076 860008.8047018196
1082 860398.5760372377
1085 861108.8135991453
1086 861225.6040618784
1089 861980.7653107422
1091 862514.4294181208
1097 862972.6147767002
1102 863906.9037239373
1103 864520.6669904548
1104 865264.6986605809
1111 866232.9789206072
1116 867049.1365681957
1117 867538.0510659029
1119 868490.5872811128
1121 869250.3390455485
1127 869897.4586483445
1129 870331.2330197303
1131 870772.0848936780
1137 871011.9587819006
1142 872295.1934443773
1146 872626.6243251980
1147 872845.8435328025
1148 873167.6772742781
1149 873344.9777522103
1158 874266.1190898818
1160 875368.5400827387
1163 876061.8622915715
1166 877507.3344081391
1167 878326.5957660960
1178 878367.5155080303
1180 878458.8008510193
1189 879060.0852511479
1191 879733.5411680622
1192 879966.6214168879
1202 880375.1830927102
1208 880512.1940258997
1221 881214.0811811367
1225 881682.3217452198
1228 881709.6949706142
1230 881727.6035616619
1235 882270.4986862247
1248 882419.1549538812
1249 882598.7173708186
1250 883116.8889896163
1252 884698.9909454605
1255 885084.8093463281
1258 886074.8950648998
1259 886278.6994542727
1260 886650.2463482056
1264 886904.3630243103
1276 887612.8314749282
1278 887774.5047282628
1285 888486.0975739171
1290 889788.6626190541
1291 889987.3264071002
1292 890541.8551031903
1295 891120.7645770245
1296 891270.9946876449
1300 892003.5547367866
1314 892692.3028982793
1318 893036.1483872659
1319 893796.5303803865
1320 894615.2575347209
1328 895174.8084429133
1333 895340.4392689171
1334 895497.3470204689
1335 895623.2526712723
1336 895639.1541020862
1338 897134.6677127054
1339 898170.9288962990
1340 898989.8718586586
1344 899562.3673987805
1346 900016.1338881196
1360 900619.7878157095
1361 900722.9013361790
1364 901665.8501341280
1367 903427.3368798143
1368 904466.1209480017
1371 905284.2365220047
1376 905287.9028658504
1380 905932.8761321793
1381 906211.1299545640
1387 907057.5972280339
1396 907934.0417609564
1399 908715.3379884651
1403 908826.3915251689
1415 909723.9872767659
1422 909905.8344708936
1426 909907.0330371205
1430 910319.6382544753
1433 911167.4501495017
1449 911755.7240585048
1451 912083.3641736412
1453 912577.4539146848
1458 913249.0790301490
1463 914002.1733766667
1465 914596.9061273758
1475 914620.3239764232
1477 915297.0632909150
1478 915399.7657106621
1481 916597.2216350964
1483 917498.0315288474
1484 917899.2855577209
1490 918353.8129121870
1499 918924.8311941291
1504 919089.8566152906
1514 919534.0038828246
1515 919695.7345506439
1531 920614.4606658979
1552 921324.6568190637
1554 922032.0172044226
1560 922908.9645982052
1574 923379.7221043565
1576 923504.7327908804
1577 924187.0260609352
1578 924508.4728975914
1579 924601.1694099942
1583 925592.4602336893
1601 925928.2534168230
1623 926983.0545975588
1625 927040.0183244892
1646 927220.7160399373
1653 927483.5268537869
1655 927980.7454059931
1660 930369.8331469033
1662 931362.3249910770
1663 931680.4558139568
1664 931800.7246809481
1666 932586.7983269254
1667 933195.0466672799
1671 933587.4310182101
1673 933630.4373363223
1680 934554.3883619254
1682 935399.8983374224
1689 937014.6675934121
1694 937534.6167848837
1697 938283.2007943556
1703 938533.7191715846
1708 939245.9529607536
1709 940011.9095359221
1713 940560.8826374506
1714 940725.8489464952
1716 941370.4257914115
1723 941408.8746021660
1725 941449.2731428246
1736 941558.5848903658
1740 942366.3246718113
1742 943645.5108682045
1744 944368.1350840144
1749 944376.7031053371
1752 945268.5485847294
1754 946706.0509811786
1765 947505.8621737035
1766 947664.2471082213
1768 948380.5303350715
1769 949112.7367432046
1770 949763.8205460953
1773 949857.5872280934
1778 950047.8105867483
1781 950203.7002533110
1789 950399.4550036781
1790 950504.3856932683
1794 951169.0924331908
1798 951848.3750320955
1800 952132.4996598464
1805 952736.7971865539
1806 953535.2676566177
1807 954992.0946460082
1810 955003.3806719194
1811 955373.9655989899
1812 955982.4069813089
1815 955994.2877914751
1824 956541.4908287424
1836 958282.6092406774
1842 958674.3004859298
1849 959330.1963098424
1858 959372.5344164011
1863 959710.9787949396
1876 959927.2476239440
1882 960620.5352020974
1894 960865.1427743535
1898 961169.7166045808
1905 961296.3756340940
1912 961734.0917860561
1913 962803.0165648990
1915 963350.5089223209
1917 963759.4912769644
1920 964308.8688084452
1922 964589.6023954782
1939 964598.3236232150
1945 965056.5304396225
1946 965781.5873479035
1949 967053.6961551270
1950 967423.9522863090
1955 967889.3875617236
1963 968056.2109730423
1967 969028.5295934166
1974 969498.3471200293
1984 969677.8757299555
1988 970536.7107323955
1991 971194.9895035924
1993 971580.7624992260
2009 972277.9189096561
2011 972929.3315779225
2023 973192.4560541514
2030 973722.8789925356
2033 974390.7064019976
2040 974865.5165411378
2042 975220.0021050499
2061 975975.8828631502
2063 976534.8215490022
2064 976825.1618019380
2070 977909.8293036731
2071 978136.6082846083
2074 978199.2651179868
2076 979798.7255520404
2077 980376.8399225118
2087 980417.7851004589
2099 980447.7321591101
2102 981022.0758445959
2103 981861.9556525591
2107 982230.1308080279
2108 982327.7290765280
2109 982794.3508848664
2121 983559.7560349992
2124 985143.0567727409
2129 985753.8541712366
2134 985911.3840857572
2135 986759.4643924396
2136 987172.5232449437
2138 987828.1543746197
2143 988287.3845237804
2170 988330.4520437213
2173 988865.8768396212
2174 988870.6536024059
2181 989334.5116070077
2197 989869.6643930237
2199 990226.7475753090
2203 991139.5141574073
2220 991727.4058432914
2230 992074.2290796634
2232 992576.6984585460
2236 992689.3990287305
2239 993488.5122776540
2240 993616.9599140479
2247 994200.9283658369
2249 994349.9771017319
2254 994397.2724418263
2256 994681.1411122897
2260 994931.2903978322
2261 995000.6148886346
2269 995202.9714309840
2278 995830.9657416563
2281 996469.0394178685
2285 997315.0053981736
2287 997339.8929924632
2290 997555.6360418987
2302 997993.0361963618
2307 998393.2847527099
2321 998891.6051755785
2327 998926.3631341779
2331 999332.8636372118
2334 1000187.0793316271
2338 1000221.0072930437
2339 1000494.8867182969
2340 1001292.4666192315
2343 1001434.8714677062
2367 1001517.5234852423
2371 1001886.4213917989
2375 1002811.4738612190
2383 1002851.4229600705
2387 1003143.0122936292
2392 1003280.2967051130
2395 1003407.7029787238
2399 1004209.1142166333
2403 1004371.9998430775
2414 1005528.0014091985
2417 1006963.0394365420
2418 1007066.9875694300
2423 1007930.8338407251
2426 1008107.4118668945
2438 1008948.0024028850
2441 1009734.5249825850
2445 1010077.0792271835
2455 1010303.9474989164
2457 1010865.7991475679
2458 1011580.6248828684
2463 1011819.1509727304
2467 1012137.6326883425
2480 1012172.2920110887
2483 1012308.6656309307
2484 1012599.1219684397
2490 1013933.9501964125
2505 1013936.7664076133
2508 1013990.9737496248
2513 1014154.7804233959
2515 1014822.3462852447
2516 1015003.1173273543
2537 1015559.5291148183
2540 1016461.5017300200
2550 1016683.2227911791
2551 1017322.7054081123
2556 1018180.1114321203
2570 1018353.8910471899
2574 1018750.4767982885
2575 1019762.3490060661
2579 1019802.9419194903
2608 1020429.1174409268
2649 1020921.3150336728
2655 1021452.8960243597
2658 1021477.8497797532
2667 1022298.3658634367
2686 1023186.7775761721
2692 1023807.6016524085
2694 1024042.4867608534
2696 1024358.4216890839
2697 1024675.5788768355
2716 1024883.1640863676
2720 1025573.3188986719
2729 1025739.9073694338
2731 1026381.3863371058
2732 1027059.7653798916
2743 1027581.4548075227
2747 1027736.6393591538
2749 1027873.1015397122
2750 1028039.3175898873
2761 1028078.4360313312
2774 1028747.6896311375
2777 1028966.1728312636
2779 1029215.1866997408
2786 1030203.7952940949
2791 1030708.2229034023
2794 1030841.5521216062
2805 1031232.5049733693
2813 1031567.9674947398
2823 1032380.6910765504
2832 1032532.1683166750
2836 1032654.2809249427
2852 1032938.9586707127
2859 1033558.5455137219
2861 1034302.8339632705
2862 1034474.3798649031
2866 1035173.6676823886
2875 1035604.1264413394
2884 1036191.2235837512
2885 1036698.9541094895
2896 1036815.7208249880
2897 1036993.4668978472
2901 1037634.6307149308
2902 1038569.3748584880
2905 1039340.9997434028
2908 1039605.5721594028
2925 1040405.5127006464
2935 1040913.8231433451
2945 1041325.7955590123
2946 1041344.8800673455
2951 1042087.0530546805
2960 1042116.3988457207
2973 1042878.2575058170
2975 1043178.8970375314
2976 1043780.1923880593
2978 1044592.7606909962
2989 1044931.2502066558
3000 1045494.2921234349
3006 1046374.9487295712
3013 1046589.1569977045
3014 1047023.0971967822
3017 1047742.4552350618
3021 1048111.1033167989
3025 1049088.0477227757
3037 1049375.3482590469
3064 1050311.7867096735
3066 1050655.3972345029
3071 1053637.1941142846
3076 1053784.2271930398
3078 1054171.0386328318
3087 1054593.1010393293
3095 1055350.8078196987
3107 1055442.4427941132
3114 1055770.3581622210
3122 1056228.3306245259
3129 1056588.0939739791
3130 1056841.5933837825
3152 1057053.3819328411
3198 1057401.9550549248
3216 1057666.4126983525
3218 1058305.3723183046
3235 1058552.6400749076
3239 1059166.8443429233
3247 1059198.3258136562
3248 1059951.0769705875
3249 1060244.7349663179
3250 1060268.9702790815
3256 1060671.1287841639
3273 1061443.9787654299
3283 1061452.0489488065
3284 1061622.1358409694
3288 1062403.1196681070
3300 1062993.5052566621
3301 1063641.3592765406
3303 1063856.6906157658
3312 1064418.0478632480
3317 1064515.6383676657
3328 1064715.7251867349
3330 1065103.7990881626
3341 1065387.1570978598
3342 1066087.8445451846
3358 1066804.6526631603
3363 1067666.1676058737
3369 1067920.2611229098
3383 1068540.9585248600
3397 1069395.1615520429
3400 1069605.9493239331
3401 1069779.8484056564
3402 1069819.5249699743
3405 1070465.8724325567
3406 1071459.2639420384
3408 1072272.0547917022
3410 1072865.3814112316
3415 1073299.6940424722
3416 1073395.8986395185
3417 1073751.8330759844
3423 1073764.3340023628
3433 1074378.3461969760
3434 1075047.0769050214
3448 1075138.4728031820
3452 1075146.8318492412
3464 1075273.2329679008
3473 1075575.9342129722
3477 1076404.6308710624
3481 1077023.4302316881
3489 1077535.9881146986
3499 1078084.3011635239
3503 1079067.5263861876
3512 1079559.5091699762
3514 1080256.6924649549
3515 1080257.9520909355
3519 1080489.9796156511
3520 1081404.5249960180
3524 1081524.1042378321
3527 1081525.7875293628
3550 1082535.2247270888
3555 1082563.0059799554
3559 1083001.9065981063
3568 1083406.2489291553
3573 1083528.4303061634
3575 1083536.4033724011
3583 1083680.2224498338
3599 1083714.7167752336
3612 1083804.5358112135
3613 1083831.3724641420
3617 1083904.4023610756
3619 1083947.0878513497
3622 1084148.6195548503
3625 1084991.2778551625
3629 1085031.9971198919
3631 1085151.5478572985
3633 1085466.9609087196
3635 1086035.9292637864
3638 1086629.0006509551
3639 1086678.8693055531
3641 1086871.8180209154
3647 1087087.1878087188
3650 1087593.0667800438
3658 1088499.8537820152
3664 1088743.0724380605
3669 1089104.2516307551
3693 1089515.9579417787
3698 1089809.7716319675
3702 1090165.7223022622
3710 1090318.7811608629
3722 1091047.3993907406
3734 1091592.2528500680
3747 1092012.7906036652
3748 1092294.7015692117
3752 1092716.0363485876
3753 1093031.5520562450
3771 1093368.7099002104
3779 1094046.0630972208
3781 1094626.2509816173
3789 1095413.9545708194
3795 1096034.7372795593
3806 1096193.6750383032
3808 1096502.7325286896
3811 1096507.6887814011
3822 1096780.4903659555
3824 1097559.2112533443
3837 1098719.4848493957
3842 1099657.0355112231
3850 1099708.3491479142
3862 1100375.2176452696
3868 1100734.4758684973
3873 1100975.3900023268
3874 1101118.9910320919
3881 1101785.1787727897
3882 1101983.5116995152
3908 1102537.8875521016
3912 1103101.1759576167
3915 1103260.7766965968
3919 1103612.2659106669
3927 1104471.8784191911
3928 1105211.3125853525
3935 1105392.1649856148
3941 1106166.5422387042
3942 1106428.1832183388
3943 1106686.4017261136
3955 1107023.1066878205
3962 1107353.5176811647
3976 1107882.7288867340
3982 1108781.1242790001
3983 1109101.0218211622
3987 1109122.8985468997
3989 1109668.9219370878
3993 1109879.2139611847
3998 1110472.8776595911
4010 1111927.4155734002
4027 1112157.6965267388
4033 1112920.1618824555
4035 1112990.4810219035
4039 1113629.3819117052
4080 1114293.1360787330
4088 1114696.3066757214
4102 1114961.2694164354
4112 1115499.5862332906
4114 1115870.0501667182
4115 1116401.2786350988
4126 1117084.7201222770
4133 1117899.9084384674
4136 1118702.1252275798
4146 1119683.0889001449
4151 1120090.0580222174
4166 1120527.1290504541
4172 1120783.7244856271
4175 1120807.5776790250
4199 1120912.1948663765
4202 1121033.7986219483
4204 1121267.8905574931
4205 1121321.7047893936
4215 1121369.2775505313
4233 1121925.1050985281
4247 1122565.1853582251
4251 1123515.6042915902
4258 1123668.1502647104
4268 1123705.0028551014
4270 1123818.1380540873
4277 1124041.9134338305
4283 1124782.0324824310
4284 1125247.7929278335
4306 1125674.6023566544
4310 1126571.1374663685
4313 1127070.0409711387
4314 1127070.8799856366
4327 1127285.3615341538
4328 1127442.2359923427
4345 1127453.7577572307
4346 1127461.5306135539
4371 1127688.1600205279
4380 1128364.5087838836
4385 1128507.5722922734
4389 1129050.4397877860
4400 1129708.0857514599
4414 1130404.9094318536
4415 1131373.4605300413
4424 1132320.8662916513
4438 1132676.7810796781
4443 1133201.3730626635
4454 1133727.6703201476
4470 1133905.9424488980
4473 1134480.0064405587
4480 1134619.1658461641
4495 1135057.2524352337
4498 1135932.6180297101
4522 1136363.3833685047
4525 1136807.7862697304
4527 1138120.5241826947
4529 1138730.1130815188
4538 1139157.4033447525
4544 1140049.7699272602
4571 1140050.0994220495
4575 1140738.3983175771
4599 1141524.7748159911
4600 1141908.1353883701
4603 1142252.7965765179
4604 1142720.8201021950
4606 1142832.2736283336
4622 1142901.6842407316
4624 1143028.1813775627
4627 1144320.8787686441
4633 1144788.9122873098
4641 1144860.2740549163
4642 1145712.8093402754
4645 1145791.5785891616
4650 1145832.0438969336
4652 1146181.3937990891
4666 1147090.5820814909
4667 1147523.8503070793
4674 1147779.4414891780
4677 1148162.3182384220
4705 1148715.2896804533
4708 1149385.8329935782
4710 1149586.3858923030
4712 1149835.7310970633
4715 1150002.5939252751
4717 1150455.6358914629
4727 1150572.9575911541
4744 1150803.9259162736
4751 1150817.8523725576
4753 1151202.3378616180
4759 1151497.2165423566
4762 1151661.6788669974
4768 1152559.3824778523
4772 1153120.1139605774
4783 1153311.5407095363
4788 1153650.8607153588
4820 1153980.6605273434
4837 1154014.7972292993
4859 1154734.2618657094
4882 1154767.5369048270
4892 1154838.8278568527
4896 1155344.9026449290
4908 1155730.1025691393
4911 1156158.7784770119
4921 1156250.4997224212
4924 1156760.7370315536
4930 1158559.9828601386
4979 1159049.4791575053
4986 1159183.5672788862
4987 1159238.0249161399
4989 1159670.9192803153
4991 1160035.1890635714
4995 1160545.8728781859
5010 1160669.6436839204
5024 1160753.8549645669
5027 1161372.2798915834
5048 1162007.3817373149
5053 1162885.7755746501
5060 1163124.7043525833
5064 1163925.9459899426
5066 1164185.9813487304
5078 1164332.8183915787
5087 1164701.9970588821
5131 1165828.5395276509
5134 1166705.3856423341
5150 1167363.4802859244
5159 1167498.0262186029
5162 1167528.9966175202
5175 1167606.5262507477
5176 1167647.9664356408
5177 1167653.2424429399
5179 1168126.1664184562
5190 1168373.6578103423
5191 1168573.0484435160
5203 1169205.9869418181
5212 1169999.6605207061
5230 1170150.7882592338
5244 1170511.5738703997
5264 1170988.8455522417
5270 1171184.9043036716
5272 1171734.3499244628
5283 1172623.1871427572
5288 1172708.9545084848
5292 1172905.6805818647
5301 1173080.0058843556
5304 1173841.7597911539
5326 1173874.4550092116
5344 1173875.2525466250
5345 1174248.9782422017
5372 1174667.1583741808
5382 1175037.8083658607
5404 1175073.2579761175
5411 1175476.3695722769
5413 1175772.8142701956
5420 1176334.5431990768
5432 1176593.6755202962
5457 1176819.9248143050
5470 1177070.7462803670
5494 1177526.4238957711
5505 1178245.2057688481
5508 1178385.4423058392
5512 1178948.9408683355
5564 1179632.7350819078
5567 1180344.6732398828
5576 1180736.3487427593
5592 1181492.5447028931
5611 1181683.7657415918
5613 1181848.8095088704
5614 1182257.5092277622
5615 1183152.2661675022
5627 1183561.0533071670
5654 1183814.6914758340
5655 1183859.0181826293
5663 1184839.2141900631
5670 1185135.3484356489
5680 1185309.2216067517
5712 1185488.2203327175
5713 1186055.5775426505
5735 1186339.2123330012
5744 1186661.9907946952
5767 1187894.6691146032
5797 1188428.4542033039
5811 1189333.8680101233
5812 1189438.8622345771
5816 1189819.2657082060
5825 1190368.9149721565
5826 1190996.0823233705
5836 1191429.5034975451
5842 1192120.3392287374
5851 1192584.8803911281
5852 1192700.9407907904
5864 1193025.7785338599
5869 1193030.1967938829
5870 1193303.0650697034
5876 1195206.5929189562
5878 1195924.4748450588
5883 1196023.7501452828
5892 1196126.3116903980
5899 1196179.5646851514
5916 1196864.1221953374
5935 1196878.0635151369
5950 1197560.2735387362
5988 1198539.8520504176
5997 1199292.4264052690
6002 1199362.7365481774
6015 1199454.7772147846
6030 1199932.6417804149
6045 1200205.5962322494
6048 1200570.8061928435
6060 1200987.5555639316
6068 1201189.1854243162
6094 1201430.8802068972
6107 1201460.7968439995
6112 1202101.2038265762
6117 1202357.3058610724
6123 1202768.0766095021
6127 1203108.0702811563
6135 1203176.3786449952
6136 1203856.8646341742
6150 1203939.5337612613
6162 1203945.8810180875
6169 1204411.8624947411
6174 1204796.1377794922
6181 1204934.6375524432
6186 1205101.7564584422
6199 1205339.6408940468
6201 1205533.1958974355
6234 1205574.6742409372
6235 1205896.5691445265
6250 1206328.7629040456
6270 1206688.1875204891
6278 1207558.6875437717
6306 1207604.7847550565
6322 1208394.9161331467
6356 1209238.5725260347
6384 1209423.4569575645
6385 1209520.1453801729
6386 1209526.7062680987
6407 1210143.7137145158
6414 1210196.9141287385
6425 1210737.8910873355
6429 1210927.8183153963
6455 1211612.1462864857
6458 1212035.8821999044
6472 1212306.1446680159
6484 1212513.4609167036
6541 1212638.7786531441
6553 1212751.9634621090
6566 1213363.6178776352
6576 1213591.1266331959
6582 1214168.5860541207
6603 1215010.0503260812
6606 1215454.9875688436
6619 1215779.9818468438
6622 1215794.9439523765
6633 1216295.9380066392
6658 1216456.6701009017
6665 1216973.5015527920
6669 1217608.4559382731
6680 1217784.4909589079
6682 1218045.7639349999
6688 1218286.0881922436
6689 1218550.2995248253
6692 1218743.5192477307
6699 1218890.2912495129
6761 1219242.0537793166
6780 1219455.7351630584
6781 1219549.2637368054
6794 1219717.1356549347
6808 1220383.7219068997
6810 1220418.6482014568
6815 1220627.1075969192
6819 1221000.8279360752
6851 1221028.6597154851
6852 1221110.9017083081
6856 1221213.4518722042
6885 1222032.8369248519
6901 1223506.2689454849
6921 1224043.2692573739
6925 1224544.1974251100
6929 1225412.9605055212
6930 1225958.8210632994
6935 1226052.5553213947
6946 1226116.9434343767
6947 1226803.9484910311
6974 1227785.7693744709
6981 1227886.7210856522
6988 1228260.8687800211
6999 1228592.3466479299
7028 1228710.2814472907
7051 1228713.4473074523
7058 1228762.8272565219
7067 1229011.7299491677
7069 1229073.0959708386
7082 1229242.0155718166
7115 1229861.5011412650
7116 1229906.0822025340
7140 1230690.4669633731
7167 1230710.5998671441
7179 1231110.3771138592
7187 1231635.0166402014
7212 1232059.4731492402
7217 1232263.3609629017
7221 1232535.2166127795
7244 1232631.0832521545
7254 1232740.6353938165
7256 1233307.7490265206
7273 1233527.8972438858
7346 1234299.9328679997
7354 1234559.4461193124
7357 1235177.4398501050
7362 1235677.2583619691
7389 1235897.9205498879
7409 1236025.6444833234
7411 1236631.1483223971
7413 1236937.0508808109
7424 1237148.9687754130
7432 1237650.5578635049
7450 1238412.2027538477
7460 1238825.9802083620
7494 1238869.7334100220
7519 1239072.7304181566
7522 1239869.4223929907
7529 1240030.7564141275
7538 1240150.4892082363
7544 1240557.7351325725
7584 1240728.1132055528
7590 1241354.6887934355
7601 1241841.8369213261
7608 1242281.4624297575
7614 1242837.6266935056
7632 1243062.6431155244
7649 1243815.4786407324
7655 1244432.6489375343
7684 1245301.8049272392
7694 1245492.9508131540
7734 1245685.8696230582
7770 1245788.4641075998
7774 1247009.8639664620
7795 1247575.4226311885
7801 1247960.9407301608
7803 1248016.7171751820
7833 1248489.3533743953
7848 1249146.4969556550
7850 1249493.3492632003
7854 1249880.2112767971
7865 1250340.4864629090
7877 1251259.2037781503
7892 1251616.8919535847
7893 1252104.4688002514
7921 1252115.4537245550
7922 1252749.2561182468
7929 1253370.3763283300
7937 1254110.9906855195
7974 1254492.7395292264
7987 1254658.7920843982
7988 1254730.5291061748
7994 1254925.9696006810
7996 1255278.8352076316
8028 1255603.9206465594
8063 1255952.7598681510
8070 1256010.8095730580
8086 1256093.9071972440
8112 1256860.8531964938
8160 1257534.3381902978
8173 1258399.3044690925
8181 1258728.0243945392
8189 1258834.4100159374
8197 1258929.2378297073
8208 1259224.8902440320
8218 1259895.2431704341
8230 1260124.7828629171
8241 1260432.8911100645
8243 1260502.7078180530
8255 1260520.2047919862
8308 1261136.2087709054
8316 1261341.3088496586
8317 1261554.5301221157
8362 1261555.9830596379
8368 1261627.0419756230
8385 1262059.9479316249
8407 1262571.6575196849
8419 1262674.8043526094
8430 1263043.1573527562
8433 1263102.4084234308
8443 1263143.7133390058
8453 1263550.0090856913
8520 1263779.0676098568
8530 1264041.5019569143
8534 1264150.5043863917
8550 1264230.3278144253
8561 1264556.0018514239
8566 1265178.9074114047
8576 1265206.1871335758
8587 1265296.1785995667
8591 1265688.8530377632
8619 1265802.7245096590
8630 1266011.6899483893
8634 1266114.9914183642
8651 1266801.7601472933
8679 1267027.8142830110
8680 1267112.6120192925
8689 1267168.1718793865
8708 1267301.2582595139
8709 1267312.6969083855
8753 1267838.1827158327
8757 1268383.6294032969
8790 1268507.4670966463
8797 1268758.6042400398
8804 1268816.6092093859
8849 1268967.7253182835
8885 1269695.6335962499
8925 1269940.8592749645
8941 1270671.2170802106
8949 1270945.0657082822
8984 1271357.3748059920
8995 1271522.2120911146
9035 1271887.4977396189
9036 1272659.5436703207
9085 1272886.7044250162
9106 1273026.9968709964
9127 1273604.2655448779
9145 1273827.5009091583
9149 1274446.6109268398
9156 1274579.3866995033
9205 1274580.2691052635
9222 1274925.2847027474
9266 1275542.2173022726
9267 1275847.0611585875
9273 1275856.5682680346
9317 1276004.8456902427
9332 1276301.6115405692
9350 1277294.4242548773
9364 1277363.1185344970
9374 1277641.8606921530
9378 1277707.0063328554
9381 1277876.0097092588
9461 1277893.8392765729
9464 1278467.2702684850
9467 1278861.2145892084
9476 1278890.4857652390
9541 1279240.3507594995
9588 1279557.5710346550
9597 1279661.5563317491
9658 1279858.4658521628
9671 1280453.7701154086
9673 1281058.9725834897
9704 1281227.6412954088
9710 1281257.3923164948
9717 1281405.0247493230
9718 1281836.7016668872
9725 1282085.5114089064
9738 1282527.4988153209
9748 1282557.8843132777
9791 1282895.5519090556
9792 1282906.6780743555
9801 1283045.4103349198
9852 1283850.6902831960
9879 1284386.1007404565
9884 1284402.9652133214
9886 1284537.2071521117
9893 1285284.6948883159
9907 1285366.1927164479
9956 1286177.9377177788
9961 1286801.4500402806
9974 1287775.0450126217
9999 1288130.7434057412
10001 1288130.7434057412
evaluations raw_y
1 707771.3961896729
2 707935.1362455004
7 708786.9931668327
11 709748.6462327290
13 710120.7851406030
19 710740.5144319716
20 711066.4235779132
27 711709.0794344285
28 712599.9374691976
33 714240.0185483651
35 714931.4540740428
42 715312.0483181336
45 715994.7280485677
46 716718.9769431811
49 718021.6525891897
50 718435.2075473197
59 719316.0286421424
63 720975.0436620050
65 721597.0314877612
73 721951.3279973423
74 722095.3184634963
79 723347.4588380556
80 724123.0370252922
86 724444.7189859481
87 725188.2094564086
88 725223.9468053698
89 725878.4164153549
97 725912.9045847843
98 725939.8131976766
106 726113.7008265345
107 726170.5444277020
111 726458.2386199269
123 727276.8552174605
125 727425.6517412220
127 728306.5006148590
128 728497.4042657864
136 728660.9421450803
140 729799.1941009213
143 730057.5555707033
145 730301.1798124152
149 730588.3669934098
151 731125.6606442826
157 731544.7152826185
158 732068.4566108017
165 732945.5207885389
171 733189.7706844765
177 734040.1728888700
181 734087.4184363966
182 734842.6423141914
188 735358.3469925661
192 736068.3540199610
197 736262.5307618814
198 736369.1509346813
200 736375.4742254685
204 736882.2678331836
205 736965.3942038572
214 737171.2164037885
221 737398.3479646930
225 737557.3263053402
227 739012.2962429626
228 740116.1072308653
229 740451.7545746564
230 740667.3585535728
232 741998.5917035604
233 742868.3975968151
234 743471.2612717721
235 744008.2927320929
236 744528.2697841963
237 744969.1652683240
238 744997.7910139827
245 745531.0799709249
246 745675.7350897248
251 746138.9220936331
253 746349.0463975886
257 746532.5350328304
260 746691.1381155984
268 746839.8871117627
272 746885.8445468124
279 746937.1463561275
284 747682.2998633374
293 748255.4632835184
297 748830.0930556282
302 748904.0036765017
309 749570.3228322113
320 750113.6661493870
323 750330.2459016903
326 750773.1216994888
329 751183.4204497244
332 751202.9994486893
333 752028.6910495722
335 752681.1644811652
336 754031.1755116954
342 754688.9864073636
347 755496.0914403325
353 756479.4713190438
358 757420.0056208273
362 758071.8611790026
363 758333.8784658518
365 759183.0207438477
366 760561.7552019197
367 761245.8412691840
373 761777.6120161718
375 762734.1576475191
381 763680.0544145994
385 763893.9510329380
386 764294.1621857582
388 764857.5498921737
389 765328.6806042657
400 765343.5707402878
402 766985.6943049822
409 767395.4371601482
414 767407.3729050386
417 767726.8322210974
420 768459.7100207398
421 769027.0505504907
422 769128.4714985181
423 769309.7438872089
427 769529.8720025575
430 770477.8429107132
433 771133.6712071786
437 771264.0213350849
440 771684.0114477527
441 771793.1932621155
442 771979.7573494485
453 773089.5177035874
455 773389.0985669781
457 774479.0898968634
460 774603.8169962303
461 774871.4682139447
462 775070.0829852460
463 775528.5742233670
465 776246.6409589484
466 776449.3596557012
475 777225.8785320211
476 778217.8370785833
478 778458.2986249439
482 778466.7915131769
486 779015.7582189282
487 779128.2021450973
490 779602.9804013554
495 779740.5203340100
498 780597.6497313315
505 781465.0181885422
508 782456.6173985988
509 782693.1875454071
514 783561.4748154358
515 783635.9210468552
516 784545.2271216821
519 784567.2373441481
521 785474.1321385307
524 785910.0944221598
529 786287.6775991563
532 786460.2274736372
535 786672.3735605656
536 787169.8877284450
537 787962.8102169817
538 788207.8055001161
541 788242.0822299917
549 788376.8935404542
563 789910.6594434000
564 790836.2133243459
568 791819.7708605134
571 792656.7951072030
575 792726.5451482525
577 792820.6081190766
579 793732.3604866477
582 794697.4422406175
589 794874.8757903313
593 794883.4275384484
596 795122.1087387006
607 795259.7453724951
609 795989.6635129040
613 796608.5239602667
614 797431.5211006241
615 797965.9890558410
616 798228.9033110117
619 798366.8134311906
625 798995.0205667568
628 799751.6609946607
629 801612.7382409566
630 802261.5236620882
631 802265.1705175564
633 802265.2966871884
635 803079.6473299059
638 803959.9625604437
642 804455.7070475696
645 806056.2491137655
649 806286.0340603433
658 806436.8810276759
664 806940.4907287755
666 807299.8177557767
670 807526.3391893998
672 808381.9838542697
686 809243.0555319020
688 809549.1067368097
693 810402.7957416659
696 810727.5095690350
699 811699.3724187840
700 811913.8290509188
706 812464.3018523701
710 813023.6389987016
712 813466.1804090438
713 814046.1178998926
715 815087.0642945769
719 815102.2240857540
720 815793.8219293846
726 816724.9325054826
736 817143.5805374669
744 817371.3930734639
746 817419.1186573136
764 818208.7682343429
769 819033.4628804361
781 819093.2822934487
788 819858.3904147825
790 819955.8978076803
792 821295.7319103339
795 821995.6414816976
796 822650.7674484039
803 823045.0377405242
811 823864.6417257923
815 824852.7772771663
818 825573.3677242390
822 825712.7450755541
825 826545.0623380323
826 826821.9228121286
829 827039.4716262361
832 827453.6618946031
839 828008.2934531370
842 829057.8375517668
858 829746.8133259658
865 830253.8261341888
868 830343.8124427489
877 830352.4321624818
886 830701.7966466816
903 831397.0533014701
904 831675.4575799354
905 832799.2540708036
912 832889.6116422922
913 832973.9626304728
916 833964.3743647968
924 834591.2768384573
928 835547.7527349866
943 835917.8263936973
944 835974.4163359742
946 837521.3892093401
955 838730.9760306850
957 839215.0214570945
964 839365.9615755473
971 839376.2168730017
975 839849.8121730848
977 840019.8161821184
978 840171.5109363517
979 840661.4443794030
981 840776.8257052418
984 841437.9401326865
986 842182.5447911563
990 842266.4791393565
991 842840.1868212232
993 844373.1217673157
1000 845358.9793322703
1003 845799.3876935041
1005 845831.1339525772
1006 846080.2952947679
1018 846995.3852090969
1023 847331.7080100257
1027 847890.1059737818
1034 848572.5723955318
1035 848733.3486905278
1036 849455.6430396561
1040 849773.7598508017
1041 849898.3266340570
1045 850070.5396160027
1052 850229.8645260608
1053 850844.8511630755
1054 851581.6870978649
1056 852476.7862941402
1059 852666.6375643053
1060 852719.4864949911
1065 853065.2520145330
1068 853291.0383488570
1074 853987.6856219197
1075 854349.5635966304
1076 854879.7709963637
1077 855020.7552327734
1082 855598.7475742711
1083 857358.7819851774
1090 858088.1827574911
1091 858463.4823454082
1096 859224.0665494195
1106 859660.1204201627
1107 860000.0732700445
1109 861230.6248006601
1121 862327.9083059855
1123 863095.8344240750
1125 863566.8221429957
1126 864207.2826505927
1129 864221.7173050600
1138 864979.8077946426
1141 865601.2383012914
1142 866463.7286844053
1144 866848.5813975367
1149 867596.4945317208
1150 867784.3407436289
1156 867903.3356853120
1157 868138.6211287782
1165 868438.0068082456
1171 868737.5207138212
1174 869735.1782768632
1183 870631.8676202326
1187 871339.7129674063
1189 872383.2568800439
1193 872867.0276562230
1195 873509.2203758206
1198 874143.0428958375
1199 874241.5150841067
1200 874421.0444221818
1201 874731.8300349982
1202 874758.9532240606
1212 874849.0067718832
1213 876007.6793711846
1218 876279.3032740096
1228 877079.4854689193
1229 878669.8791471305
1231 879239.9333980865
1237 879351.8627986845
1238 879586.7939011951
1257 880411.6624125589
1261 881253.2374464846
1268 881335.6882953692
1277 882152.1755730866
1283 882497.2016310605
1285 883107.0581337826
1292 883560.9531420614
1307 883895.2952033699
1313 884700.4857833344
1317 885854.0669563536
1318 886247.3068441546
1319 887093.8250036404
1322 887263.1852351674
1324 887814.9297491221
1327 888999.2785079780
1329 889904.2322132717
1332 890582.4353219907
1333 891354.2559163647
1335 891445.3115171451
1336 891581.5816287639
1337 891766.3263388218
1346 892397.2006030871
1347 892818.0522186074
1353 893412.9981219901
1354 894069.9413112531
1357 894116.7876383588
1358 894136.1278768975
1368 895020.8086908652
1378 895858.3917005950
1381 896071.4691800934
1385 896675.6035609954
1387 897200.7453521815
1388 898400.8932476181
1396 899186.7675036895
1400 899554.9958015350
1402 900458.7287449061
1404 900640.9699165609
1406 901064.6601229582
1407 901491.7152214041
1410 901509.6005800359
1413 901953.0377873861
1421 902198.2748195365
1422 902413.5263966201
1432 902563.7450862810
1443 903063.2801599479
1450 903183.7417317454
1453 903904.2269838284
1455 903908.2088528267
1458 905870.0385661006
1464 905958.5081815907
1469 906938.9843124681
1473 907298.0894866643
1479 907728.6886403115
1483 907828.4569854200
1486 907916.2942032155
1495 907966.6710502328
1504 908576.6189351960
1506 908773.5020209169
1509 909610.9725022552
1511 909617.7242186824
1516 909709.5236849627
1540 909745.0778538672
1542 910443.1935881078
1546 910739.9817463104
1547 911145.4425104791
1551 911523.9562763746
1563 911795.5656893353
1568 912609.4512279900
1572 913617.6029004160
1577 915136.7853253455
1578 915476.5516583080
1584 915853.4025189152
1587 916493.1353731250
1590 917370.0859635804
1594 917979.8155261277
1598 918626.9093995197
1600 918661.0548589728
1601 920201.5892744631
1603 920519.3391648410
1605 921238.7471450833
1606 921554.3739985764
1608 921805.0542239216
1611 921812.7314703581
1613 922104.2916782262
1616 922127.0173275860
1633 922558.3953980422
1652 923050.4988922203
1654 923641.5845271053
1655 924053.4061757277
1656 924607.2074021089
1658 924778.0349606881
1672 925238.0693302077
1682 925255.9131897697
1683 925516.4616935359
1688 926398.2653279405
1689 927024.4890001471
1696 927734.6744115700
1703 928184.4883279267
1704 928603.1083705409
1706 929279.8486086167
1719 930037.5652649351
1721 930690.2725777654
1729 930903.0845074144
1732 931623.6199439368
1733 931840.5808157381
1737 931871.9091645455
1738 932182.2582991341
1739 932328.8267784787
1743 933048.3032164316
1749 933825.5309313232
1751 934460.8183380144
1752 935258.8963585142
1765 935483.0421667874
1768 936169.9347342587
1769 936868.7064854897
1770 937638.1476780607
1784 937810.2672112818
1787 938265.2893183235
1793 938500.2678622819
1795 939304.5842421310
1812 939481.0814817823
1813 940010.3200991603
1821 941848.3003697827
1824 942293.7639646904
1827 943142.0767980514
1828 944417.7666677973
1830 944658.0415793622
1831 946409.9828881094
1838 947383.6351442137
1844 947618.6938889584
1847 948079.5872702816
1851 948635.6137700537
1857 950172.7115671666
1860 950861.4459955499
1866 951716.5139672024
1867 952531.2797259027
1871 952776.8315733499
1879 953224.1443228790
1891 954050.0696209687
1894 954476.9699019054
1896 955353.0015591205
1897 955370.8986708617
1904 955842.0771594933
1906 956262.0176117559
1907 956446.1798656686
1909 956510.9377823656
1921 956766.6031560943
1959 957354.0361739948
1960 957595.2307272406
1964 958196.6080107724
1970 958570.5191379265
1971 958791.1745229873
1972 959030.3219810376
1977 959811.5049868402
1981 960140.5035808694
1989 960184.4844474784
1991 960358.5818960220
1997 960426.4855276350
2007 960489.4578370113
2013 960524.3338721925
2018 960757.8195100842
2021 961382.6528006664
2022 961834.2625953634
2023 962505.7827125962
2025 963451.1058310174
2027 964069.9551626265
2028 964531.1848062220
2031 964712.3927749560
2032 964977.2685256555
2039 965050.5794405817
2059 965139.5128479061
2064 966049.8134593040
2065 966309.3865598500
2075 966662.5809145563
2076 967489.8314639294
2084 967635.7955165223
2092 968167.9843496422
2095 968982.9423800940
2098 969526.0647218585
2103 970191.8636424993
2112 970687.5392969256
2117 971146.1084264168
2118 971992.0774746221
2130 972730.1080313125
2136 973001.3822674492
2140 973429.2268364978
2144 973792.7564328609
2145 974714.4013112710
2146 975730.0453817643
2147 975739.7680402009
2150 977234.0792214979
2153 977569.2004075445
2157 978090.3801823506
2158 978440.8854216331
2159 978710.7882987502
2180 979368.5920664041
2192 979565.0580533670
2205 981193.1321547092
2209 981193.3184208396
2210 981236.4141988908
2212 981418.2159095769
2213 981807.2145418836
2231 982034.0321993692
2240 982225.7624879570
2243 983130.3951060497
2246 983637.6563744901
2260 984488.5196749647
2261 984794.3981332561
2264 984807.1898279683
2267 985490.0239117749
2275 986087.3966339211
2284 986709.3222270026
2285 986910.5803060697
2286 987039.9205001938
2288 987542.4828966376
2289 987911.3240331821
2293 988639.9026784417
2295 989237.6162234833
2297 990210.5547052264
2302 991002.6447766573
2304 991975.1687053952
2317 992643.3888017327
2326 993313.4354106003
2329 993762.3431397023
2332 994356.2969630806
2337 995113.2824684585
2349 996038.4441719035
2357 996824.9904076874
2361 997774.0871824664
2362 998423.4652430017
2365 998941.6279660860
2370 999549.9737925130
2371 999642.0531705047
2376 1000593.4374591381
2377 1001456.1042428117
2386 1002292.4123325602
2387 1002383.9852262726
2393 1003781.2901617921
2395 1005023.7586623422
2396 1005948.6160025152
2405 1006483.0389908293
2407 1006872.2157361029
2409 1007631.2094623661
2422 1008282.2626117092
2425 1008925.8439325223
2433 1008941.3224191145
2438 1009349.0531980679
2444 1009598.1005123279
2445 1009946.9099325701
2453 1010259.1967661039
2455 1010878.9067025104
2462 1011534.3756709488
2465 1011642.7767996662
2474 1011899.1257906876
2479 1011985.9716514203
2488 1012458.8502503622
2489 1012680.5647586464
2492 1013282.9177386959
2493 1013361.1547282159
2495 1013934.0934638185
2497 1014191.1536894991
2505 1014860.6797217834
2512 1015197.3212321486
2516 1015401.6019963797
2521 1016099.2462687379
2523 1016488.0304145279
2525 1017865.8928925131
2533 1017920.0912907775
2543 1018527.2141138896
2551 1019015.3684622267
2567 1019816.4171988284
2574 1020449.4061839244
2575 1020905.4797705903
2577 1021431.3111964710
2583 1021861.6558896484
2600 1022226.9564288571
2603 1022875.0064178902
2621 1023239.0260107390
2635 1024179.2615289573
2636 1025629.9407106407
2639 1026185.0355726231
2642 1026505.4451410441
2643 1026897.7062444134
2647 1027732.1987274598
2657 1027908.4571708434
2660 1028228.4144074592
2663 1028823.1851452459
2675 1029155.3332117324
2686 1029336.0915930981
2691 1030098.4675761139
2695 1030602.8162101666
2702 1031401.4721329121
2704 1031789.0699383878
2705 1032141.0444612644
2711 1033026.1995366737
2722 1033822.6076849201
2735 1034612.3127235103
2740 1035104.7634119289
2742 1035271.6699010169
2743 1035925.6006795439
2752 1036001.5025866710
2754 1036241.2367316061
2761 1036582.4469210104
2762 1037090.0855942039
2770 1037536.3162952436
2778 1037560.8677784149
2779 1037796.9839018399
2791 1038388.3046842817
2792 1038529.2065507260
2796 1039345.7011177820
2801 1040092.3814037638
2810 1040310.8591693441
2827 1040605.2800273292
2830 1041027.7211730211
2832 1041296.1410195659
2839 1041485.9122637102
2844 1041812.9070338323
2848 1042172.8794113030
2856 1042995.1903086854
2866 1043075.0793548393
2868 1043767.3300836434
2895 1044689.2704596667
2912 1045761.2210864662
2914 1045852.3129995132
2937 1046563.8858537439
2943 1047166.9618959636
2952 1048000.7849462706
2955 1048518.0294103526
2956 1050209.5358773419
2958 1050867.9648515647
2961 1051789.3121467822
2962 1052432.6445362673
2964 1052578.6826167719
2971 1053722.3643188269
2973 1054555.3872261257
2980 1055043.8301840404
2982 1055370.9159714538
2987 1055476.1134361972
2989 1056059.8894017558
3008 1056457.3948079024
3023 1056795.8463403503
3025 1057320.3797592723
3026 1057959.2665373983
3030 1058298.5169794173
3032 1058445.8618018096
3037 1058724.3670250608
3042 1059566.3796384421
3051 1060324.8598472192
3052 1060718.5266467959
3055 1061284.7448810462
3056 1061471.1944354707
3058 1061766.1113864989
3061 1062542.3581002089
3062 1062706.8777128493
3063 1063228.0245502477
3066 1063601.4914000789
3070 1064494.0186274040
3079 1065170.6122304432
3081 1065387.8313445919
3087 1066086.9630241126
3088 1066378.2864011708
3089 1066634.0074802963
3097 1066772.4055225889
3106 1066850.7055983928
3124 1067226.6684700088
3127 1067995.3440540237
3128 1068631.2367478258
3138 1069760.9193776615
3143 1070241.1954678767
3156 1070782.3974420177
3162 1071973.9067962079
3165 1072502.7229165628
3172 1073283.9166651024
3176 1074191.1140557567
3178 1074659.1119512396
3183 1075139.0978419713
3190 1075489.1900818774
3204 1075501.1536531067
3213 1076304.6525000948
3219 1076672.5032535917
3220 1077322.7203635578
3221 1077397.3658787459
3228 1078189.8106042272
3231 1079075.9024860314
3232 1079474.8195190860
3234 1080013.6393017741
3255 1080588.3227763879
3257 1080620.5178716185
3267 1081180.8988286222
3268 1081488.0837349133
3275 1081637.7395105483
3279 1082520.9017508936
3311 1083296.5120849684
3318 1083853.3377950152
3325 1084649.6956265643
3327 1085283.7360709943
3328 1085959.1749202423
3330 1086165.9673315296
3338 1086275.3717831043
3339 1087211.3193841344
3352 1087678.5554947478
3354 1088402.9374368291
3362 1088691.3221516619
3364 1089044.6838331618
3373 1089333.1986764742
3377 1089774.7160107277
3382 1089914.9183497250
3392 1090672.1839659405
3412 1091551.4544854986
3421 1092234.6227400417
3423 1092619.4245003178
3428 1092640.0842701909
3436 1093254.0034426856
3455 1093277.7440858902
3460 1094139.9382844686
3465 1094330.2080791695
3470 1094765.0955057575
3490 1094941.1320854328
3499 1095433.0272158012
3501 1096058.6621295861
3510 1096880.8275954977
3511 1097060.3054398396
3512 1097673.1091843199
3532 1098936.0859349368
3534 1099676.5351716389
3545 1099825.4105579988
3547 1100114.0151637832
3556 1100485.9440969105
3562 1100500.5071511746
3569 1100595.3262571811
3570 1101498.3728925204
3600 1101861.3979031474
3619 1102014.7801563726
3632 1102371.9906732766
3633 1102466.6292656693
3635 1103367.2983241559
3644 1103446.0232228853
3645 1103656.5411443277
3646 1103866.9947214278
3651 1103955.7427642602
3660 1104744.6772900873
3666 1105160.3907140731
3681 1105447.0098183318
3690 1105541.8549984454
3704 1107222.9367835242
3705 1107246.5979699686
3708 1107490.0510003103
3710 1108298.7407849492
3719 1108419.3578559915
3725 1109206.6744320304
3751 1110002.1145850464
3756 1110320.9811334650
3761 1110972.6620596598
3779 1111572.9110140281
3781 1112236.5085289520
3782 1112909.9530197629
3785 1113324.9791179299
3789 1113636.2194194470
3791 1114398.9907812513
3795 1114663.1111850229
3801 1115336.9384107988
3815 1116051.5663845669
3819 1116381.2511950328
3828 1116562.8491617178
3836 1117020.8166346429
3840 1117172.3459248373
3841 1117304.3002907676
3842 1117350.7333888693
3849 1117496.8736191993
3858 1117649.8716078764
3859 1118069.2764431508
3862 1118406.2603337669
3864 1119267.5247577131
3880 1119288.8633986777
3896 1119784.3742818802
3903 1119895.8684387165
3920 1120272.3665898426
3922 1120789.2818327546
3928 1120977.5991646708
3931 1121517.3234831328
3935 1122151.9976471714
3947 1122859.8406239985
3958 1123997.5058000553
3965 1124004.6141780659
3970 1124245.4363857787
3971 1125143.7023373619
3975 1125670.6682591909
3980 1125999.2513652714
3994 1126610.3684484812
3996 1127012.9105015816
3998 1127792.9492347890
4001 1128324.7749300932
4002 1128899.0299111290
4011 1129087.4006864268
4016 1129342.2982108584
4021 1129528.5536769431
4036 1130700.3835619474
4042 1131931.3779331872
4045 1132212.5523876043
4047 1133180.1126259970
4048 1133423.3526631864
4057 1134238.6643519923
4058 1134520.2239941782
4064 1135370.7238746812
4083 1135563.1932219483
4087 1136195.8068525945
4095 1136391.4118168985
4114 1136776.9978369656
4131 1136780.2948674818
4134 1136989.9657923386
4136 1137620.4705129254
4138 1138131.4437339993
4143 1138403.1963185614
4152 1138845.9075216483
4153 1139552.5741749890
4154 1139659.5153745273
4172 1139948.8474725692
4178 1140210.9828186901
4186 1140300.9656999928
4195 1140759.2971926888
4234 1140946.8285942026
4238 1141805.7977479708
4242 1141820.9472637740
4256 1141920.0755268328
4264 1142423.8303262966
4269 1142968.6625551246
4270 1143207.4049167081
4274 1143711.3565952810
4282 1144213.8759099049
4283 1144761.8760465835
4285 1144984.6429733173
4291 1145050.7767795424
4307 1145297.7391274101
4315 1145460.6521765508
4320 1146243.7330024443
4327 1146852.8646799421
4329 1146968.3732784060
4337 1147553.8757610719
4346 1147577.9453663900
4352 1148103.3325952585
4362 1148462.9871492712
4364 1148700.4327334096
4397 1148753.5232355983
4427 1149192.9312091954
4428 1150145.1507094547
4436 1150430.8625114497
4439 1150528.1399644699
4454 1150823.8676726937
4462 1151439.1824860999
4464 1151666.4957607877
4466 1151809.3945925594
4477 1151897.8422955039
4509 1152427.3796022078
4514 1152798.7106489360
4517 1153095.3119517928
4519 1153612.0629163920
4538 1153648.2096872425
4542 1154515.7494633121
4554 1154795.4220438085
4555 1155101.4893823697
4564 1155226.7723660402
4574 1156395.1402741924
4581 1156560.1869381159
4583 1156765.1134365192
4604 1157626.1154398767
4605 1157777.9234869559
4614 1157828.7067313134
4615 1157946.0193388450
4616 1158054.6515153106
4628 1158500.7898185833
4631 1159209.0245641326
4636 1159885.9496358982
4640 1159911.6907907112
4643 1160325.1996287513
4656 1160450.8190090507
4671 1160497.7836309499
4685 1161130.7264946110
4690 1161156.2329383027
4691 1161798.9792042621
4692 1162059.7517027147
4710 1162966.5148833585
4717 1163377.2656867246
4733 1164009.9290663411
4773 1164206.2723615819
4794 1164210.3401805647
4803 1164410.8207174279
4804 1164585.8908589925
4816 1165557.3365594519
4819 1166066.0912600472
4827 1166351.0154221305
4829 1166475.8338779972
4831 1166573.8236852097
4836 1166637.1271755674
4848 1167365.2400802781
4857 1167710.4570685185
4890 1168403.5244880619
4904 1169361.6534747514
4911 1169555.6144624993
4916 1169560.9555711916
4922 1169931.2057829013
4932 1170695.6963732024
4960 1171338.9801888110
4971 1171767.5700915628
4975 1172241.3997140415
4991 1172389.4144665361
4993 1172449.8394771900
4995 1172848.9839103098
5005 1172913.5718397277
5006 1173022.5613441365
5008 1173282.1542836314
5013 1173641.2188184378
5033 1173869.0886910260
5056 1174049.4548944656
5059 1174808.2311348466
5066 1175496.4750998612
5071 1175545.1466345342
5072 1175696.3605649639
5076 1176033.1334433374
5079 1176845.5273435654
5094 1177620.4743160130
5112 1178081.9537493559
5167 1178353.2327612708
5168 1178476.0138041484
5173 1178604.4866290039
5184 1179289.0427124014
5189 1180280.0882960798
5216 1180601.0909060903
5218 1180726.4459892905
5224 1181353.7903482632
5228 1181697.9799962549
5236 1182178.1347724653
5240 1182808.8520378682
5241 1183218.2823226713
5245 1183491.5517454576
5252 1184148.2923728758
5255 1184921.5255954734
5266 1185675.5519565016
5277 1186486.0810456979
5288 1186543.9083893765
5291 1186698.0628923520
5297 1186855.9312724858
5315 1187394.3064137078
5322 1187615.9278714813
5368 1187887.9181938197
5371 1187999.0669637674
5373 1188136.5940519278
5394 1188751.4706773635
5432 1189080.6716063044
5434 1189191.3926426179
5462 1189839.8506287865
5495 1189917.9213856838
5512 1190522.1345789295
5532 1190778.6250907965
5534 1191029.4684411290
5550 1191467.3144952266
5582 1191924.9513480170
5596 1192238.8858301356
5610 1193220.4794506894
5617 1193396.0802277524
5618 1193839.2460757797
5641 1194588.6638508120
5645 1195530.4346318955
5658 1195754.4566731513
5684 1195960.8671436184
5719 1196548.1265799480
5727 1197000.2184820103
5756 1197200.1670803679
5810 1197476.2976736054
5837 1197511.4179659432
5838 1198192.2221910551
5872 1198223.6988367017
5899 1199190.0203677579
5931 1199268.6810350041
5953 1200026.7892687609
5955 1200287.1928670495
5956 1200342.7122475889
5957 1200986.7637757557
5959 1201298.6357149016
5985 1202277.5461099294
6020 1203173.7932903166
6027 1203605.8999259619
6030 1203731.6155402600
6059 1204215.2964489760
6062 1204385.5285826644
6073 1204707.3266671435
6081 1204753.5628547519
6083 1205219.8121219699
6099 1205371.5049803159
6101 1205690.2944564400
6114 1205866.6118988853
6117 1206131.9046467950
6119 1206327.4973301736
6136 1206576.5542651943
6156 1206663.3731595217
6170 1207350.1019726612
6207 1207976.4182869301
6213 1208015.2952165175
6222 1208303.7687979997
6233 1208328.5987565424
6241 1208427.2202223022
6273 1208491.8821574850
6301 1209212.7075157152
6340 1209251.8596971810
6349 1209438.4333787372
6367 1210193.0489989684
6370 1210663.4189874160
6377 1210881.9891421818
6380 1210997.6971536539
6397 1212848.6172058771
6413 1213219.9707017103
6416 1214020.6799245896
6418 1214108.0815441769
6442 1214172.3098946817
6446 1214494.1737141111
6450 1214648.2954136953
6480 1214804.2898175525
6481 1215057.2393467354
6491 1216061.4830215909
6495 1216641.2570720289
6530 1216965.7538004653
6535 1217117.4033806433
6537 1218090.5957332272
6557 1218597.5604125075
6577 1218660.0644800602
6585 1218846.0882295016
6593 1219149.9338487715
6603 1220557.1221011616
6606 1220715.7732587822
6610 1220970.2310203062
6628 1221112.1004140903
6635 1221620.8997083409
6636 1221781.5418102054
6652 1222087.3671838462
6655 1222120.7788153966
6663 1222180.9329886495
6678 1222580.2188380451
6686 1223316.7733243653
6688 1223686.9179571769
6714 1223846.2921391919
6727 1224862.6391249895
6751 1225368.7997063496
6759 1225549.0857801021
6785 1226505.7404292291
6871 1227092.0738971541
6873 1227800.2289402243
6887 1228637.7766085654
6893 1229428.6542820104
6908 1229637.2006637491
6919 1229658.2747525752
6926 1229784.0274464078
6942 1230058.2082612298
6945 1230316.0582498161
6947 1230849.1172072338
6968 1231412.2139916737
6975 1231472.6525884131
6979 1231756.5164344343
6993 1232181.1354752269
7000 1232827.8104644467
7008 1233168.8165746091
7024 1233445.7801121438
7060 1233811.7603593981
7065 1234077.6591855779
7071 1234567.0706773398
7109 1234941.3135340090
7126 1235274.4131619290
7148 1235301.4856530025
7168 1236517.6490802371
7172 1237072.8551360117
7174 1237203.0314149729
7189 1237215.2366262288
7217 1237473.5452478807
7220 1237673.9621404503
7275 1237870.4384988425
7310 1237938.3043811312
7311 1238595.5800200654
7318 1239135.6375204467
7359 1239341.9912868929
7362 1239971.5528614339
7363 1240097.9557907775
7396 1240414.7466774851
7408 1241112.3356414279
7503 1241623.1172316386
7510 1242242.7447772331
7516 1242311.4857244357
7532 1242744.6094342580
7540 1242891.0688179499
7542 1243018.3497864555
7556 1243419.9850822922
7581 1243602.0141134127
7644 1243988.8992362099
7651 1244412.3189944751
7658 1244481.7192431560
7717 1244777.9614105339
7737 1245583.7370845925
7757 1246003.1865103163
7758 1246308.7151107963
7759 1247012.4637080075
7760 1247993.0301521246
7769 1248185.4202679906
7789 1248735.2679536096
7807 1249223.8356178461
7811 1250804.2056487715
7845 1251544.1197364079
7850 1251586.0411025293
7855 1251820.9299671466
7856 1251930.3906851572
7863 1252227.7137537866
7894 1252825.0795607462
7898 1252834.8094565351
7906 1252924.0270874195
7924 1253125.2594655834
7926 1254182.3406784900
7955 1254204.0216165630
7967 1254671.3560279706
7975 1255109.6608017867
8030 1255165.5118176676
8035 1255240.4402900203
8054 1255287.9125732579
8076 1255491.2632466413
8077 1255527.6024898847
8084 1255755.5077626607
8111 1255768.7247748657
8116 1255866.1293151139
8121 1256344.9801138670
8155 1257018.2904438972
8168 1257577.6351813993
8180 1257812.6048134179
8212 1257982.5867070595
8231 1258494.5726522151
8232 1258651.2958877310
8235 1259566.9282775694
8252 1259741.9227233508
8260 1260679.8244643700
8265 1261579.9275394629
8268 1262306.3011725959
8274 1262803.9983970015
8292 1262991.0046492903
8300 1263256.9600290672
8346 1263759.5421675239
8353 1263968.7979550026
8361 1264461.7822483948
8370 1264759.2672225267
8429 1265612.8684272121
8450 1265719.1627710562
8470 1266349.7910255860
8483 1266445.0498078475
8544 1266494.0238526317
8553 1266602.7565417909
8558 1266733.5162775505
8566 1267164.0208926946
8619 1267470.1952021017
8643 1267470.5640272968
8644 1268184.5455672068
8649 1269642.5572577096
8650 1269761.0547647881
8690 1270236.5400452558
8691 1270386.8491511825
8711 1270558.4231333267
8737 1270813.2004611483
8754 1271679.5177670140
8770 1272090.4317764388
8783 1272177.8006710999
8786 1272404.3642429132
8788 1273190.8674936818
8790 1273430.6751515600
8819 1273532.4517523909
8824 1273538.0618950205
8832 1274149.9442844305
8835 1274437.9835654085
8845 1275413.9634544712
8859 1275507.6045486364
8891 1275666.9874616498
8895 1276035.8303095209
8900 1276431.8779550209
8908 1276953.8162032212
8914 1277711.7073285030
8934 1277806.7548743717
8942 1277852.5929184894
8955 1278478.7124678220
9007 1278612.1591557490
9031 1279219.2394477832
9035 1279358.4655103262
9091 1279742.2954219785
9136 1279859.9823421002
9160 1279890.8228289126
9193 1279904.1857841834
9211 1280551.3619829188
9290 1280612.9521940763
9303 1280711.6392984237
9332 1281026.1168734364
9337 1281027.5233696890
9350 1281835.2674110623
9365 1281925.4107818038
9367 1282218.0910950368
9373 1282642.3136492257
9378 1282961.3173779175
9392 1283630.6344146135
9407 1283665.9710365138
9428 1284555.8786106994
9436 1285512.3291481610
9463 1285716.7018383718
9479 1285799.8872450201
9529 1285910.3439552379
9575 1286216.3102504294
9577 1286714.1015327093
9581 1286968.9192194510
9635 1286985.8497915915
9653 1287527.5003550719
9675 1287662.6961906655
9720 1288552.5823905992
9791 1288898.7829614417
9815 1289261.9806626674
9840 1289719.0049392802
9929 1290670.8959878867
9956 1290738.1920398381
9976 1291098.8190540879
9991 1292284.1338866805
10001 1291558.9465263295
evaluations raw_y
1 699716.1707471284
2 700104.5749807042
3 700320.5394326639
4 701188.8946340962
7 701886.4424918781
8 703156.3739892083
9 703666.7871879927
23 705332.7315832677
27 706025.8969288834
30 706049.2397489784
34 706187.2428778830
37 706367.1883977902
39 706530.7484516014
43 707638.4182946635
45 708630.6666697385
46 709028.2220822774
48 710186.3021480795
52 710682.8567536263
53 711017.9093540655
55 711298.2315240913
60 711332.7050211383
62 712156.1871472786
69 712649.7614097457
70 713530.5856085217
75 714094.2488831384
81 715664.4218656762
82 716471.7258749035
84 716674.8782361872
88 716830.9224753180
90 717144.9324936197
94 717351.8584980923
98 718755.6407987352
99 719715.6043808976
100 721634.3587127352
101 722237.6804157803
102 722657.5578641356
103 722798.9148970114
114 723723.2851093592
120 724183.6982486094
121 725296.6421150580
122 725728.4833897718
129 725837.3010318978
130 726310.4813520816
131 726568.6847920732
136 726801.8153920380
138 727007.8355245567
139 727016.2837323373
144 727628.2660715646
145 727917.1014910011
146 728546.7114020885
152 729187.6855619081
154 729933.2782805919
172 730061.5849724184
174 730219.9055612709
175 730869.3745791969
186 732187.8595762183
188 733688.4637784546
190 734325.2218923788
196 734936.0656913163
197 735395.4920791754
199 735668.1590299885
204 737016.1797359572
205 737284.0958634207
207 738186.5256433279
213 738312.7834553699
215 738558.4776108909
216 739163.4671761687
217 739275.2564530609
219 739433.7418904419
229 739777.6241779712
231 739821.8615962050
233 740258.0832846138
236 741025.0438704896
239 741096.2467816428
243 741265.9420369364
244 742237.0051582848
246 742671.2548178446
247 743481.8774806670
251 744257.6121322057
252 745056.4140839014
258 746031.4441598853
264 746690.0060546597
265 747673.1553858776
269 748334.2608984746
271 749022.8606235805
272 749172.6418318470
281 750078.2691720679
284 750227.6824822751
285 750273.4515654275
287 751225.6684768304
288 751884.7331550220
293 751960.5561088462
295 751982.7970155985
297 752533.8508518846
298 753832.8736338778
301 754654.6178908015
303 754842.4513534504
304 754844.5169190167
306 755924.7357615231
307 757034.4607536612
308 757296.5318475567
312 757838.5863149528
317 758094.8734041211
319 758450.6014480919
321 758707.4522090688
323 758962.7499092200
329 759058.6972839570
331 759755.2977645159
333 760711.3618881870
347 761523.2831638450
353 762800.4062030136
356 762995.4658398709
361 763452.8246162060
362 763866.6631661238
365 764307.1470646609
367 765198.6766267022
371 765954.1274653756
375 766029.1941164455
377 766086.0093570885
380 766407.0909253586
382 766529.6947334030
388 768424.4311933964
399 768594.2006692769
402 768811.4602928035
404 769289.3830021617
410 769540.8614621853
412 769635.7180479844
413 769780.3842317843
416 770289.2855380336
421 771544.1720447716
426 771584.4580610505
427 771896.4369977420
429 772657.5081501158
436 773632.0642122580
439 774615.0771374861
441 775336.4595330417
444 776385.0195979156
453 776956.3145120007
456 777646.8949734488
457 777962.1780408819
469 778113.2574125691
478 779503.1451567484
482 780265.0761388079
487 780454.4180796868
491 781880.4274917369
493 782278.4760493730
495 782319.3108959498
496 782796.7193285085
501 783476.1809012516
513 784466.5593096162
517 784536.8202760413
519 785033.5928508077
529 785110.1451418425
530 785357.7437747424
532 785447.7935615942
543 785511.9469155719
544 786668.1072602120
548 787099.9408992422
556 787529.1526661899
566 788577.5907812484
568 788959.8306138809
574 790725.0251868791
576 791301.3119540042
578 791750.7022571554
579 791766.1308526425
580 792396.6003643031
581 792621.2112919698
582 793324.6322966857
587 793737.6434335434
597 794194.7743398385
611 794395.4281126260
613 795031.5470546163
615 795248.0903543243
616 796660.7633413299
620 796971.5729199874
626 797425.1104899115
628 797967.9767410812
633 798655.5538913857
642 798834.9959181556
647 800402.2899879485
649 800887.5815247942
653 800932.6684797996
656 801031.6029436650
662 801739.5439829803
663 802179.1648699699
664 802466.0227565670
666 802485.3303001974
674 803407.6299916363
676 804342.0072824071
682 804874.8212725261
685 805993.0840066606
689 806098.7131910790
692 807012.0402054444
699 807312.0840725804
706 807950.2415046798
707 808209.9135703724
708 809769.4174777078
723 810451.4959208636
725 810942.6459665222
728 812330.4690925673
736 812879.9144224793
774 813189.9048373237
775 813660.8738881226
776 814259.0360871246
778 814675.0110083163
784 815678.4005324412
787 816871.4038952274
795 817294.7484504989
797 818129.5843278235
805 818430.4929167700
814 818815.0110697618
820 819682.3879482871
824 819807.0937068240
827 819950.2536165752
828 820798.9671554724
830 821344.9364868333
833 821938.3784882487
839 822037.9249204503
843 822092.4029506905
848 822643.1532957337
849 822739.2361521744
852 823337.5744875151
857 823913.7010071002
869 825446.8723923542
870 825688.3531736251
873 826533.5098301850
879 828376.8673184999
883 828791.5442175858
884 829036.5202092117
888 829881.7495152295
891 830270.3033845563
893 830301.2075405353
894 830831.5162567407
895 831481.1106905614
896 831576.3127526385
899 832029.4077873712
906 833912.2837990138
909 835125.9834608035
910 835575.2050150469
915 835727.1054961442
916 836126.6238943877
917 836748.9620994162
922 837408.1169921596
925 837830.0362456377
929 837837.1612256226
933 838416.1077295003
935 838913.0372312340
942 839270.2395106603
954 840227.1845246903
961 840748.8536922687
962 842587.4538007454
963 843042.7939119958
966 843194.7155525486
970 843910.8403116390
971 844552.4826454296
972 844671.4775865944
975 845102.3554662125
976 845211.1284150004
980 846124.3031937532
982 846638.7680341372
999 847134.6081053977
1003 847945.9546784968
1010 849421.1175812571
1014 849699.2935810649
1015 850437.7133755123
1016 850505.2561381359
1020 850771.9188603711
1023 851313.4608245359
1035 851829.2148887031
1036 852690.8156306952
1040 853461.7173475979
1048 854570.8400078202
1049 854593.2466218292
1050 855185.8868163009
1055 855326.3808893524
1065 855677.0400779615
1076 856506.4362243226
1081 857398.6432666136
1090 858194.8552521928
1095 858917.8365200635
1099 858968.2021579358
1103 859477.4182463374
1104 860017.2332167355
1106 860107.0323970785
1109 860679.6644497792
1112 861514.4968536247
1115 862188.3744665578
1116 862710.6246757690
1117 863319.5416445925
1118 863690.1394485331
1129 864284.4244082174
1130 864522.7752332306
1132 864789.6227772241
1133 864880.2557036433
1136 865518.5695526461
1138 866314.7725917922
1141 866388.5771018179
1151 866606.0417640685
1160 867099.3919078229
1162 867311.1430450658
1165 868497.9986722311
1168 868797.4784771309
1169 869562.5335299289
1173 870342.8825171065
1176 870388.2750333113
1184 871197.2366359258
1187 872088.6473021791
1190 872294.0966227099
1194 872437.3474291082
1196 872575.5809382822
1203 873124.5369102260
1205 873149.4390990281
1206 873640.2858448987
1214 874901.8333770792
1217 875098.6535859384
1219 875292.7444820396
1220 877131.7750303046
1243 877390.0812482253
1246 878198.5418992484
1257 878233.3778767207
1259 878295.0004048104
1263 878668.1004884209
1264 879468.1858220946
1266 879904.0632186878
1270 880002.5784963617
1275 880529.3247423439
1276 881391.6415966550
1277 881536.1580549948
1280 882021.2973694170
1282 882187.0902099075
1286 882806.0332497237
1288 883191.3670058892
1289 883577.1808770400
1290 884162.9138559045
1298 884387.6393566409
1302 884428.3730702735
1307 884451.7603810033
1315 885289.1420936695
1318 885884.0222408278
1322 886787.5266930365
1328 888233.4687281511
1332 888776.8239390248
1354 889073.0436854734
1356 889613.1435701061
1357 889816.0119828865
1364 890302.5402101389
1366 891401.9108804844
1375 891492.5752651276
1376 891540.3640097416
1378 892312.1199310798
1379 892487.6706134022
1380 893328.6380827030
1382 893329.3362048059
1385 893977.3345564245
1387 894970.9404941479
1388 896096.5581733146
1389 896384.3385765615
1405 896524.5333259027
1406 897162.9593664949
1408 897211.8810057369
1414 898091.3797291422
1419 899192.2882289708
1423 899844.7177966937
1430 900254.3972115821
1431 900481.5674363651
1432 900754.3413384662
1451 901331.6144718368
1462 902049.3357496569
1463 902227.1938040382
1469 902373.5227418239
1480 902799.0792402270
1482 902870.3813599950
1484 903189.1345435412
1488 904134.5480541476
1490 904719.5768019103
1491 904909.0138570447
1496 905758.7562395040
1508 906258.8585546257
1522 906431.4376068047
1524 907553.4128819357
1525 908408.0600953771
1526 908842.6925251608
1533 908865.0932790432
1538 909454.4119486831
1541 910144.6066073909
1546 910154.2996012899
1551 910180.2948892605
1553 910687.7110005175
1555 911514.4938197235
1556 912136.2250889885
1562 912316.7950665563
1563 912354.6495346924
1570 912564.8163358403
1574 913289.2426229736
1583 913916.2349842562
1584 914518.8822790257
1596 915082.9515364900
1603 915306.8332986417
1605 915515.8561341147
1607 916164.6134728828
1608 916864.3433055411
1611 917664.2021415583
1613 917987.4668545886
1614 918804.0132963399
1617 919154.6062165900
1620 919625.3341574449
1621 920339.9374688240
1649 920401.1135045897
1651 921227.6242832873
1658 921667.8353877981
1665 922062.5944817587
1671 922759.2141025892
1672 924091.5994958789
1675 924713.3237863090
1682 925127.5548118813
1683 925536.2000600945
1687 925784.0022858760
1692 925791.2252028168
1697 926557.3043189866
1701 927270.0120576338
1702 927638.9028444955
1704 927911.0804994872
1706 929499.1969601299
1711 930074.4543992693
1721 930335.1675996588
1723 930723.8800560235
1727 931521.4920958183
1738 931992.2437965638
1740 932576.0686299234
1748 932607.6887915781
1750 933177.2996545901
1752 933511.6383813994
1756 934385.7261731686
1760 935491.2699760677
1779 936034.6293145565
1782 936132.3398781811
1797 936333.1749740567
1801 937285.5443876126
1814 937353.9905114734
1815 937900.4652866132
1833 938448.6339603043
1834 939426.2583252615
1837 939921.9226603520
1848 939979.7872059427
1857 940558.6264000084
1865 941057.9875340005
1876 941130.8644989876
1877 941923.4424953016
1879 942036.4821744965
1881 942125.4650053221
1885 942200.9864402525
1887 942812.0125878259
1889 942821.5094966289
1908 942833.0430813017
1924 943567.6363697578
1928 944099.7252727038
1932 944141.8082009297
1936 944385.6625124371
1944 944843.9171869247
1948 944863.2355453651
1950 945721.2807130269
1951 946266.4920390182
1955 947241.8323478427
1959 947506.0979199392
1962 947893.3063289985
1969 949346.7180566107
1974 949416.7800544323
1980 949537.9510847089
1982 949609.7667229868
1990 950489.4617040835
1992 950535.0496088207
2021 950922.6139026580
2023 950991.7756128942
2024 951371.1481449748
2026 951897.9075867180
2030 952046.7266636053
2036 953144.3993607044
2038 953726.8620313461
2043 953820.7351843071
2050 954318.4261145565
2052 954346.2919519558
2054 955156.4596320391
2057 955557.9646936387
2060 955608.7509020792
2063 956577.7979142998
2064 957334.1181365795
2065 957982.6213809361
2067 958459.6248257107
2069 959152.1723865406
2070 959252.6514077296
2072 960056.9171778739
2074 960069.7688279854
2082 960087.8173606576
2087 960856.1015173639
2090 960961.4551295558
2100 961784.4498054162
2106 962434.9703531612
2109 962452.2259134882
2113 963117.9156492641
2117 963371.3839211197
2128 963428.6030507179
2133 964225.2161276452
2143 964775.8025234435
2147 965088.3004150075
2162 965601.2931776581
2164 966141.7833262404
2166 967021.6898170314
2168 967394.1047630947
2170 967636.1744703440
2171 967926.3954044703
2177 968421.5301690231
2179 968814.2000673594
2182 969367.0154929752
2184 969501.8550799820
2190 969538.2944656488
2199 970129.4261805371
2200 970562.5289696419
2209 970888.6765471157
2214 971740.1551789384
2217 971864.8588741202
2218 971950.4119681319
2219 972090.7578192026
2220 972580.5835271218
2222 972821.7314295463
2227 973632.2841759343
2230 973753.7211808052
2237 974432.3992541672
2242 975677.0842273170
2246 975858.9385346969
2252 975923.7469342845
2254 976298.6908994082
2262 976444.8774787834
2271 976654.6611780721
2274 977285.2578204039
2275 977584.3289079993
2286 977644.5469545475
2298 978178.6839193626
2308 978252.8998618306
2322 978981.7845760710
2323 979076.6818334784
2335 979443.5997323416
2336 979658.9018557466
2337 980638.7501279101
2354 980800.6844969934
2355 981240.3210435548
2359 981630.7183625472
2365 981813.2976067202
2367 982057.9639054956
2368 982301.2638476484
2373 982488.2372045633
2374 983403.0988438656
2389 983897.0556111212
2390 984818.8658155968
2394 985536.7733812172
2399 986194.8293156101
2410 987694.5590929029
2419 988102.8527805825
2420 988326.5143246587
2423 988861.7093635495
2435 990249.9625789564
2443 990587.8770176874
2451 991291.8992435994
2453 991389.0888882305
2457 991610.8163919253
2471 992338.7252075825
2478 992887.6947513163
2479 993740.2335942682
2482 994321.5988300807
2488 994947.9675868961
2490 995469.2138864087
2497 996243.1998134736
2513 996510.6898594665
2515 996739.3207209102
2519 996771.2529896980
2529 997575.4760039352
2530 998035.8497340819
2537 998270.6647074820
2546 998498.0698783481
2550 998658.6938254350
2552 999001.5689696203
2562 999711.5939191827
2568 1000304.8816596969
2569 1001151.3408519168
2574 1002806.9374703981
2582 1002822.5542669154
2597 1003501.0211725197
2605 1004008.7034632181
2613 1004011.2186754408
2616 1005078.5345866679
2619 1005250.7996305794
2631 1005466.9810046213
2635 1006245.9813078768
2638 1006979.2474380486
2639 1007596.4369268123
2645 1008039.2778659674
2653 1008838.1530445728
2665 1009667.5146716860
2679 1010152.6810102861
2685 1010205.2352713110
2695 1010679.9113132716
2699 1011662.8310281255
2704 1012538.6307333045
2706 1012923.7140468262
2715 1013022.3931790984
2721 1013227.8167768536
2727 1013342.5961157045
2745 1014102.1728417178
2751 1014819.5663753845
2753 1014908.0700952455
2764 1015092.7246994013
2785 1015513.0245873680
2787 1015813.1198323002
2796 1015980.2852040079
2797 1016861.7514691858
2799 1017973.5709847254
2807 1018116.5179347235
2808 1018772.2209200900
2819 1019641.8108570931
2824 1020642.4521500231
2826 1020817.7945235485
2827 1020906.8695178889
2835 1021541.8114762332
2837 1021577.9751594595
2844 1022106.5405916289
2855 1022823.5188761229
2866 1022850.8096347210
2871 1023213.0766197197
2874 1023314.2181929151
2883 1024297.2575553476
2890 1024916.1271343776
2897 1025024.7924745242
2901 1025251.0164471110
2902 1025949.0869294317
2903 1026218.9463523491
2905 1026851.9065210674
2915 1027743.3033600268
2922 1028124.5924317706
2923 1028598.4119309975
2950 1029165.0023910607
2951 1029887.3892927624
2971 1030043.1207464110
2973 1030683.4351065831
2975 1031238.4863513934
2979 1031352.3556538095
2986 1031743.1809292363
2989 1034170.7991855872
2990 1035003.7070310842
2991 1035653.4270555303
2992 1036402.3038355630
2993 1037002.3479105801
2995 1037273.6773492525
2997 1038184.3073362443
2998 1039099.7324963383
2999 1039148.0476832176
3011 1040058.0255914602
3019 1040199.3110899157
3020 1040510.7645513050
3023 1041120.6846305792
3030 1041272.4746496143
3031 1041594.3567686548
3039 1042053.7001782052
3050 1042874.1365014432
3054 1043180.9198224833
3069 1043993.4566393098
3083 1044888.8330454435
3086 1045034.3755154460
3099 1045090.1006163660
3100 1045661.6579875970
3107 1045711.6256473890
3109 1045804.8412900512
3126 1045843.8451889629
3127 1046438.5142689612
3128 1046745.1062445103
3139 1047412.9014061806
3143 1048897.9561854098
3147 1049156.5064164053
3150 1049297.5365201943
3152 1049412.2796541688
3153 1049435.0157521719
3165 1049468.9743738249
3172 1049519.6290852560
3176 1049532.2716374039
3184 1050161.7649883814
3186 1050747.2553417645
3194 1050958.3017126902
3198 1051023.4925794061
3203 1051966.0904025941
3206 1052935.6851623897
3218 1053195.4708133761
3220 1053816.0753752012
3231 1054483.8387452615
3233 1054855.4064979819
3236 1055618.7950969108
3243 1056094.0896937188
3255 1056095.8876615700
3262 1056877.0867517691
3274 1057687.0004951020
3276 1058212.0920925622
3281 1058557.8518943547
3311 1059399.7477706475
3313 1059486.6373671948
3320 1060099.5254984100
3337 1060227.0992568042
3341 1060679.3667175407
3346 1061482.1375721442
3348 1061616.5459253462
3370 1062441.5442630074
3371 1062442.3380759533
3375 1062836.1625289794
3376 1063361.7440666852
3384 1063627.8848764952
3424 1063910.2310141735
3425 1064078.1792780131
3436 1064477.9362198608
3440 1065073.2736107309
3446 1065368.5165109306
3453 1065854.8436202202
3459 1066076.6639530358
3474 1066733.7188672207
3478 1067630.9235506852
3487 1068275.5114134131
3489 1069419.1500899044
3513 1069846.0878034369
3520 1070202.1377829544
3531 1070987.1527660352
3534 1071209.8121184653
3542 1071523.3799451599
3568 1071674.9464251273
3603 1072604.6987597463
3605 1073352.1404996088
3613 1073733.3885770540
3617 1074095.7918204302
3626 1074158.0055981323
3629 1074172.8242462683
3631 1074353.1834477126
3638 1075221.6455627400
3644 1075903.3658434197
3645 1076247.6076872607
3649 1076837.9447652781
3711 1077772.1028507734
3715 1078542.4186679691
3717 1078799.3983573595
3726 1079185.0511655519
3738 1079592.7002633791
3739 1079606.6565786435
3744 1080228.7808084367
3746 1080713.1650004613
3766 1081703.4313953605
3769 1082279.2849905260
3785 1082508.1081272683
3788 1082937.9085215896
3789 1083515.7365746973
3791 1083579.5678284452
3792 1083803.6702938594
3798 1084352.6887320187
3804 1084439.1991553926
3813 1084525.3853854872
3814 1085420.6975508954
3844 1086313.2855590635
3852 1086842.5562420911
3854 1087701.0481334245
3866 1088032.3986418908
3879 1088621.5322853944
3889 1089483.6417628441
3895 1089721.6646145445
3907 1090481.9165234102
3910 1091453.4884967050
3925 1091666.1245010088
3929 1092305.3151459617
3938 1093213.4522348077
3946 1093912.1354684005
3948 1094586.4598280403
3952 1094847.6177102085
3968 1095388.7602525870
3971 1095689.8753656498
3972 1096637.3716612251
3973 1096720.8529396781
3981 1097521.5412528177
3994 1098168.0376675355
4004 1098370.8210070361
4010 1098403.1847048770
4016 1098538.9024867490
4017 1098542.8165824797
4026 1098589.3253348169
4036 1098812.9524170076
4043 1098933.6188413631
4044 1099795.9782925530
4053 1100338.8681599775
4057 1101083.3595083274
4065 1101699.7742267982
4072 1102120.8371006839
4073 1103268.7582479173
4080 1104060.9865197791
4081 1104166.6290934980
4083 1104642.1540135650
4102 1105176.5669754783
4111 1105249.2731718370
4115 1106016.4702406530
4116 1106444.1712966040
4131 1107113.9692149465
4132 1107189.7415395558
4134 1107495.2888168916
4140 1107562.2697376977
4151 1107858.8619617063
4160 1108135.3400719445
4165 1108289.5242303247
4181 1109055.4312148958
4184 1109545.7874842028
4185 1110192.4137440526
4189 1110765.3148501499
4195 1110768.4609353982
4203 1111439.2238617423
4227 1111547.4848856595
4234 1111715.7364266792
4247 1111733.9062107196
4256 1111768.4857554613
4258 1112209.7068529509
4284 1112250.2549513893
4294 1113355.8689977655
4295 1114387.9927113145
4296 1114977.3129468828
4300 1115368.2203621864
4307 1115752.8204826738
4314 1116146.2229843826
4315 1116927.9650581176
4322 1117654.1949485606
4325 1118065.0136704685
4327 1118416.6504958475
4333 1118865.0752344341
4336 1119541.5309302025
4351 1120396.5584147368
4366 1120483.7783335685
4375 1120871.6049637930
4376 1121252.7659369723
4380 1121756.0841626802
4385 1121757.3760152441
4389 1122104.9194727957
4390 1122285.3757743847
4413 1123006.3978891999
4417 1123355.8624005995
4418 1123672.5513784185
4422 1123932.5481858312
4423 1124171.8537846557
4436 1124434.2115579613
4450 1124645.9146080129
4454 1125624.9485651976
4460 1126047.7260100020
4487 1126048.5175574033
4489 1126113.6380113610
4505 1127473.9983120533
4526 1127764.7881272158
4538 1127990.6690093984
4543 1128207.4372180942
4551 1128311.2921093304
4555 1128700.8642663585
4557 1129546.9688711518
4559 1130524.0451142043
4568 1130628.0101703189
4579 1131203.5806210553
4582 1131267.5255238279
4616 1131719.5263035269
4618 1132160.5260971887
4626 1133200.1427589026
4630 1134536.6394556083
4643 1134957.2054004178
4644 1135090.6162867416
4656 1135468.3571899801
4665 1135638.2097027923
4670 1135851.9893628471
4675 1136354.5693947449
4680 1136489.2306968162
4684 1137428.4101865781
4685 1137576.7741159943
4699 1138186.0930505176
4707 1138220.8567007713
4732 1138382.3407540349
4734 1139170.8228072254
4739 1139417.8187368568
4740 1139860.3434650835
4747 1140099.9481404333
4750 1141333.4928938008
4756 1142124.4250481750
4771 1142523.6121032373
4775 1143084.1691080318
4777 1143264.3731313511
4782 1143467.8586412750
4793 1143741.3923902332
4795 1143858.4405415144
4798 1144241.7590115003
4804 1144544.4456089160
4807 1144595.6014473021
4808 1145137.2376731511
4812 1145508.7113942113
4821 1145801.1415387359
4829 1146323.1538904805
4832 1147049.6603225607
4838 1147630.3776572193
4839 1147632.8085129736
4854 1147905.6984041042
4864 1148619.0005498717
4868 1148781.5330294559
4877 1149229.8035268015
4878 1149619.7468671347
4883 1149715.8881731473
4890 1150211.5511684474
4895 1150843.2124438274
4909 1150927.5275997436
4910 1151527.2257183492
4917 1152200.9595629324
4932 1152570.4522521014
4939 1153903.5001668164
4940 1154330.0343894260
4945 1154430.3851440158
4946 1154512.7181161898
4952 1154608.9446302333
4954 1154701.3931323965
4959 1155021.5374270482
4967 1155970.5474076818
4970 1156167.0821542472
4976 1156529.5920456315
4977 1156808.0081381316
4993 1157181.8014795948
4996 1157459.5653377911
5002 1157927.0516869517
5007 1158179.2144305615
5019 1158572.7329849827
5025 1158851.2698474627
5033 1159007.0241367815
5046 1159284.7823516757
5067 1159967.3929183776
5068 1160019.6806561747
5083 1160267.6392157532
5111 1160441.2017045259
5119 1160694.4316181331
5129 1161417.7003953594
5175 1161747.8285962672
5176 1161934.9640238225
5198 1162347.8154435304
5200 1162408.1038716005
5203 1162730.5257096631
5206 1163446.4989853350
5207 1163787.3049510247
5209 1164398.2482950254
5230 1165086.0564501300
5238 1165896.3783693954
5240 1166446.2707298966
5250 1166478.0641084900
5262 1166681.6377378954
5264 1166969.9722325651
5279 1167317.1215876471
5286 1167785.0157504361
5288 1168059.4452286731
5295 1168654.6671465468
5315 1168848.0386884867
5330 1168938.9831604587
5332 1168954.0603223925
5334 1169185.2330069074
5347 1170529.7362277815
5367 1170863.1078029878
5369 1170912.1275829093
5387 1172432.5505543798
5398 1173421.2560222074
5403 1173425.0719824170
5414 1173541.2966550468
5435 1173638.3372408340
5444 1173997.5994252851
5446 1174045.4993725135
5447 1174539.4792208062
5474 1174871.8969495620
5483 1175329.0608338243
5488 1175637.8454588808
5504 1176310.6782150818
5531 1176360.2689466006
5545 1176947.2587458529
5552 1177262.0412387913
5554 1178076.8752648125
5570 1178167.2674543222
5575 1178340.5755980695
5590 1178978.2562221463
5606 1179049.1265286233
5614 1179739.3191742846
5637 1180212.7162148990
5641 1180626.7054987231
5652 1181121.7875197607
5665 1181710.0611400434
5678 1182225.4113312801
5683 1182336.8649877177
5685 1182465.3716634044
5693 1182707.9042680275
5711 1182906.2774495499
5714 1183042.7994798971
5723 1183044.4879619859
5730 1183925.0142177003
5731 1184125.6248685746
5734 1184722.0359946415
5742 1184828.3501037436
5753 1184944.9975822887
5778 1185272.3487009879
5786 1186074.9217016445
5796 1186810.3622949882
5809 1187418.5418284726
5810 1187605.9409820144
5827 1187946.8043970903
5832 1188323.3805360890
5840 1189264.8187214083
5849 1189664.0766381393
5879 1190405.7834216314
5891 1191307.7868079250
5892 1191813.3743820041
5906 1191951.3384896617
5919 1192103.1683107200
5920 1192617.3500602941
5951 1192940.9435364073
5957 1193446.9746480682
5961 1194082.9587724956
5964 1194405.5085711568
5976 1194816.5599468350
5983 1194917.8334173991
5992 1195002.0780660224
6007 1195314.6962230513
6016 1195315.7290402388
6025 1196112.5874413396
6054 1196340.7545605770
6056 1196973.8992344036
6063 1197338.1275159037
6070 1197676.0208365314
6082 1198176.9676040418
6112 1198327.7334603239
6118 1198651.8986336128
6124 1198781.6899593892
6128 1199490.5785456952
6159 1199533.6064153297
6164 1200019.1093993899
6170 1200682.6680150859
6171 1200808.9115600821
6198 1200982.5016710181
6205 1201523.7380788154
6214 1202210.9816380723
6220 1202378.0292559720
6224 1203354.7019495193
6230 1204567.7435581060
6246 1204863.6422168764
6248 1204886.1428638601
6265 1205336.4397486895
6267 1205819.0423053443
6268 1205873.9905873800
6279 1205971.5142636532
6286 1206479.6538649539
6287 1207352.3902086422
6292 1207380.3671885205
6301 1208992.9338821690
6313 1209209.2790586986
6315 1209939.5210272721
6316 1210561.9457505350
6319 1211054.4936616747
6339 1211211.6688852250
6343 1211387.7342919200
6348 1212204.9470010051
6350 1212352.7782762980
6371 1212579.3057758987
6373 1212687.6233619081
6374 1213251.2973647835
6379 1213853.1953896279
6387 1214200.8119040553
6404 1214897.6243992541
6428 1215176.9351819435
6447 1215783.1294301639
6454 1216066.2384911852
6465 1216222.3484498991
6473 1217016.8566398285
6510 1217183.6795201986
6513 1217996.0314920009
6533 1218392.3540683270
6544 1218914.4411141367
6553 1219428.1438321949
6556 1220032.0020006290
6561 1220752.3496308925
6572 1220892.8366832202
6587 1221534.9781988803
6601 1221661.1467083914
6624 1221954.2077147255
6658 1222827.5468925026
6663 1223023.1773340991
6669 1223284.9868396663
6672 1224208.9829846113
6674 1224790.2589841213
6686 1225226.5136896388
6713 1225324.1770965550
6729 1226004.2280495674
6737 1226498.6962433453
6745 1226840.0259937504
6749 1227290.1370635519
6779 1227386.4689806832
6782 1227765.7721302148
6802 1228134.2703526379
6804 1228522.7629125318
6816 1228532.8320268018
6825 1228635.5631650817
6832 1229402.2660773674
6834 1229473.1298686187
6835 1229487.5578697536
6840 1229764.1675106061
6842 1229770.6213513326
6846 1229890.9735101331
6855 1230197.3729619884
6878 1230857.4121891095
6885 1231786.4614737874
6906 1232019.0722751736
6908 1232226.9519922775
6936 1232417.3151208332
6951 1232556.5050954018
6968 1232640.2550511563
6972 1232945.4314142938
6981 1233765.0678678262
6982 1234400.4843433769
6992 1234510.6551448011
7006 1234706.0232795603
7019 1234852.9005953465
7056 1235327.7968850322
7067 1235944.0817216847
7092 1236004.0400389202
7093 1236430.7143938635
7125 1236980.0271523145
7133 1237624.6118387158
7135 1238021.1233069587
7145 1238395.4045702531
7158 1238466.5603582335
7199 1238726.8651435007
7200 1238969.5414775750
7238 1239423.9128446165
7250 1239786.7939900341
7252 1240157.8294683013
7272 1240195.0300395463
7276 1240303.5321241654
7294 1240364.7332925897
7300 1240901.6875991689
7302 1241612.4346654627
7330 1241712.5059601048
7357 1242089.6846139014
7372 1242242.9183021956
7374 1242243.4004139979
7395 1242337.0939881429
7428 1242658.6555586481
7455 1242721.8292394413
7471 1243092.5631148850
7473 1243491.0275866347
7484 1244158.1217771189
7522 1244247.6429038332
7553 1244511.5493539004
7560 1244743.2059018863
7568 1245166.7976488809
7569 1245403.8769481280
7583 1245780.0660719671
7614 1245828.1056120824
7641 1246044.9050334783
7654 1246461.4687903374
7660 1246656.6605798402
7664 1246666.4871335230
7681 1246777.6677257244
7708 1246885.2860553451
7739 1247871.6123168366
7766 1248503.0923902499
7799 1248727.0021905079
7809 1248943.7277356021
7816 1249266.4463879680
7841 1249266.6339800709
7842 1249372.9582686541
7850 1249758.3544733874
7890 1250075.0947239501
7902 1250352.5055408671
7938 1250355.6840561165
7954 1250512.3916280556
7968 1251082.9283279809
7998 1251691.4500465246
8008 1251755.2192235535
8016 1252028.5752948609
8023 1252114.1789331844
8024 1252117.9210427995
8031 1252591.9095973386
8048 1252979.5578407445
8088 1253109.2567128157
8093 1253457.0142153567
8094 1254069.9992278074
8126 1254405.5102527244
8134 1254935.4583011107
8139 1255171.6226700260
8150 1255181.7192011909
8161 1255263.3407748893
8169 1255421.2526462956
8177 1255455.2029790606
8193 1255459.1733299186
8206 1255685.9784396200
8222 1256276.8188871571
8233 1256351.4403705720
8244 1256462.6730949017
8267 1256752.1396647608
8291 1257067.1765790645
8334 1257300.6279300451
8341 1258256.0927120822
8345 1258334.1659861284
8378 1258422.4270863766
8379 1258735.5106206862
8386 1259414.6675737514
8437 1259788.9695491996
8440 1259988.8868834865
8445 1260584.9187306641
8449 1260836.3828209569
8452 1261364.5656723450
8461 1261550.4620817718
8463 1261555.7831224513
8498 1261822.0405399879
8504 1262195.6028472986
8510 1262515.1636752486
8517 1262863.9062374902
8531 1263304.3126924278
8533 1263748.4578552644
8587 1263881.3228570684
8594 1264915.7383365699
8616 1265073.4610014856
8640 1265484.3112958157
8643 1265525.9894225404
8644 1265843.0111339572
8661 1266402.8404678120
8670 1266975.2220951724
8687 1267802.4082835400
8696 1268035.1088489126
8703 1268416.9765526226
8726 1268937.5453855072
8762 1269858.5893612264
8777 1270445.2098001402
8825 1270590.3722715073
8830 1270884.8101951906
8841 1271099.0136780632
8855 1271099.6671136215
8862 1271204.1514550499
8863 1271507.6477024837
8873 1271658.8882235186
8878 1272143.8803460323
8894 1272174.8107398800
8906 1272347.8688813760
8943 1272881.0635482941
8951 1273502.2932586782
8959 1273502.7367218500
8960 1273751.7338689326
8975 1273821.5081165351
8979 1274085.8167242464
9005 1274208.1508299282
9039 1274831.5591157931
9046 1275516.5727376079
9055 1275948.5255667274
9115 1276081.8165831438
9118 1276111.3490681793
9127 1276420.4686758569
9146 1276677.3070104222
9167 1277338.2571080478
9184 1277501.6247011528
9226 1278149.3051333115
9237 1278151.9578997782
9254 1279120.3000573348
9260 1279422.3598124858
9284 1279503.7626235206
9288 1279874.4217965691
9296 1280045.0455937602
9299 1280126.4674328822
9301 1280152.7601345023
9322 1280584.2704733685
9323 1280748.8335146105
9376 1280998.9820637610
9380 1281327.5416794785
9381 1281593.7708919551
9414 1281781.3203592489
9434 1282080.1591337388
9444 1282124.9082510744
9449 1282137.7843555633
9452 1282648.8970406356
9464 1282695.9726325942
9467 1283067.0080950197
9486 1283886.8091972910
9532 1284194.0109516429
9573 1285182.3954161913
9583 1285183.3630408552
9619 1285250.9300325336
9631 1285286.5663850487
9650 1286193.4794866382
9655 1286603.1663028593
9679 1286697.1413184062
9699 1287083.7577640596
9702 1287161.0121400089
9740 1287198.9505418001
9756 1287599.1978534050
9761 1288117.9318474275
9765 1288398.1006839988
9776 1288653.3421782563
9800 1289481.5762033430
9804 1289556.8008844270
9807 1290047.2238313302
9828 1290296.1966196203
9836 1290410.5320186901
9856 1290694.4625645180
9897 1291249.7670573005
9902 1291607.9844429798
9903 1291644.0439289310
9915 1292406.0508077173
9930 1292408.8357859207
9953 1292706.1178514804
9981 1293237.8643720830
9997 1293648.2342935335
10001 1293648.2342935335
evaluations raw_y
1 693277.1742879411
4 693850.1517175558
5 694736.0035420019
10 694742.7047817350
14 695052.1812931275
15 695164.4231207697
16 696146.9643860679
18 697033.8649758248
19 698346.2177318279
20 699010.6205821069
28 699329.7238721407
32 699661.7462725618
33 701828.0723807727
36 702046.8803950694
37 702686.5827111391
40 703296.8514925734
43 704616.9520507989
56 704894.4105786448
58 706357.8004493205
60 707241.3717529061
67 707469.0415572359
72 708140.7555503227
73 709093.7710614827
74 710084.8554720721
75 710103.5318122909
77 710227.7792557388
78 710304.3731490474
80 710321.8605421089
83 710797.3097048816
85 711551.0789018212
86 713030.6264928714
93 713151.8386447183
95 714006.9139185364
100 714833.7945429309
106 714891.1631602650
110 715747.1195980334
115 716560.5929811219
118 717399.8306053960
122 717582.2993808384
123 717774.0353738958
127 718233.3863766749
130 719938.7386422200
131 720594.5708474347
132 720968.2058517800
135 721012.5477609602
144 721482.4611304337
148 721754.1965348197
151 721874.3776427835
155 722298.2922436886
157 722402.9036377395
162 722741.1897007787
172 722915.9688623805
182 722980.8787186209
183 723326.1436763385
184 724414.3707033828
185 725098.4163230399
187 725708.6247609938
189 726524.3971422071
191 726533.3988497813
195 727439.0762043768
206 728228.6948221962
207 728324.2834717837
208 728558.0644774751
217 729281.9707658500
223 730257.1402252051
227 731175.4934222604
229 731585.4372779478
230 731823.7168341196
232 732185.0455874418
235 732189.8435243424
236 732535.8083108125
245 732638.2895965449
249 732775.0771412572
250 733478.0367829606
252 733808.7646823149
255 734602.8942405641
256 735312.0669915477
263 735344.4758623837
267 736271.3753444217
268 736891.4544699347
272 737467.7426974422
273 737776.1388640805
284 738457.0437944328
291 740364.4086126754
295 740515.7428125439
299 741629.5808302325
306 742054.2982580685
308 742879.5251181136
317 742934.7967760647
319 743770.2023304835
320 743853.1242077028
322 743961.4233904704
324 744491.0661781904
327 745482.7917922263
328 746211.3803493787
332 746390.8181418863
333 747595.0600916257
336 748060.8043298870
347 748380.1647348010
351 748496.0532500867
354 749018.0223497407
355 749388.3679731175
360 749872.9733554358
363 749934.6907498082
364 750001.7164242663
368 750779.6682646681
370 751607.7892663250
372 751702.6173355808
376 751912.6672665242
378 752138.3439676735
383 752391.7606918099
384 752499.1944677888
385 753074.2981527554
386 753765.0773080114
388 754417.2971016837
389 755040.6082840835
398 756207.3708932488
400 758019.4782497942
402 759216.6517758982
410 759938.1716454331
415 760207.5481168977
419 760219.7804383017
434 760891.9570891900
439 761535.5741520333
440 762256.6835369249
442 762425.0863482504
443 764714.2461928553
450 764800.7042144114
452 765617.3592666509
453 765691.2133311285
464 766025.8142124622
465 766816.7992654793
469 767810.8296327796
475 768558.9299038945
477 768703.4693169211
478 769293.3469297952
483 770267.3333942818
485 770674.5495438770
491 771530.4228903002
501 772383.3230086853
504 773249.3231965977
507 774228.9020303464
509 774566.3660880924
510 774987.4641023556
520 774991.7155957839
521 775901.0187179625
522 776516.1565565360
524 777392.4606532312
525 777434.2385886259
528 777882.9421922524
538 778105.7461536662
545 778708.7828909243
546 779324.0068639165
547 780186.1881846845
551 780837.6518128052
555 780872.4059247612
559 781263.2185452365
562 782090.7609376053
565 783442.9066797179
567 783604.2243720861
574 783652.4899434528
576 784233.7976030700
579 785073.2951331257
584 785288.0482365347
588 785599.3564760098
590 786010.0330538976
591 786732.8876159999
596 786978.5857942873
598 787271.9446269273
599 788148.9057627723
603 789080.7784043940
604 789475.6123211146
608 789835.2254705180
616 790812.2762200743
621 791588.6957637478
623 792365.0084539910
626 792625.7910772206
631 793165.8082166723
632 793506.2592892974
633 793774.6945582158
635 794439.2588450731
638 795309.8384626959
639 795422.5484687259
641 795532.5276058678
648 796359.6138000495
649 796987.3427635238
653 797157.0997381270
655 797485.5822299225
660 797580.4488798419
663 797974.3172257704
664 798593.9431335552
668 798909.5457215199
672 799703.4566884730
676 800622.0947892606
679 800752.0799626118
680 802128.8601066341
687 802365.2393381598
689 803325.3459857868
693 803413.5945842081
695 804224.5420713610
696 804263.1552452837
698 804526.1929424509
702 804631.3520756953
720 805199.5445511603
722 805713.7378701395
723 806023.7729435726
729 806093.6497412628
735 806145.5868713888
740 806596.7026942647
750 806954.0052518941
752 807065.7427542626
753 807194.6479927392
763 808187.9278421971
772 808995.5407282758
774 809451.3516140634
783 809667.2078623546
787 810492.2680589246
791 811201.5276924883
803 812012.4154279793
805 812086.4387266454
809 812130.2836915544
812 812194.2223915276
817 813083.6888257547
818 813370.2233546317
820 814792.2860866336
824 815991.9329877724
841 816190.5231209485
842 816965.5614588927
847 817488.4833548206
850 817617.2536565441
853 818606.0283436009
856 818861.2539742858
857 819947.4059813283
860 820291.4267914690
861 820407.1767906226
868 820955.5547657218
876 821632.7309515781
877 821891.8218623777
884 824150.9812270978
886 824604.0565836171
892 825291.8841789549
896 825386.8788188969
901 826288.6830571146
903 826796.0735971471
909 826830.9215722756
912 827106.7507677558
913 828260.0425360426
918 828780.5493758196
922 828996.3392678358
927 829220.2296257124
929 829984.6154721577
936 830263.5460049725
945 830771.5620925464
949 830984.8110334495
954 831828.9690376591
957 832622.5326175678
959 833892.2553878758
961 834206.8550946054
979 834385.8724207926
980 835241.6748160870
988 835416.5026549044
990 835444.4183689333
993 835480.3096689569
999 836021.7290679854
1011 836641.3047095090
1026 837029.0198564719
1035 838139.5137861809
1037 838173.7125920741
1038 838858.5826129669
1048 838950.0281503062
1051 839970.9464611651
1054 840703.5523825845
1061 840787.9506674039
1068 841360.6570042962
1075 842019.0980406564
1082 842319.7602492900
1086 842396.1642662558
1090 842614.0088545068
1091 843488.3686924822
1094 844137.6922536133
1096 844289.3688332919
1098 844422.1128225666
1102 844530.2854936274
1111 845524.6981049168
1116 845708.5111929975
1120 845772.7962702262
1121 846309.2284092798
1123 846616.0227867067
1126 846782.5409356017
1129 847095.9142456992
1133 847462.6227358785
1139 847628.4567248335
1143 848049.9022709811
1144 848791.7891985695
1148 850133.1276909669
1149 851214.0879135226
1150 851438.7055668789
1151 851499.2361414023
1153 851856.0718062171
1154 852232.6915408227
1159 852614.5745506282
1162 852676.3112206617
1163 853360.0658881000
1176 853971.4821276990
1177 856375.0684742488
1179 857001.7979200181
1187 857780.0804006497
1188 858010.5233965366
1192 858303.3302548471
1205 858431.9318136862
1206 859148.0657788051
1208 859517.2225040365
1213 860260.2994940880
1225 860929.1048833334
1226 861484.6159410933
1227 862284.1045560160
1229 863115.3502581192
1240 863907.7631836776
1241 864061.6634327176
1243 864601.4396787337
1247 864934.2688081258
1249 865743.5098534420
1252 866383.8051728312
1253 866426.4277710519
1263 867148.0495682836
1268 867687.1261035110
1273 868502.3357101390
1279 868781.0793299595
1282 870429.8590294641
1284 871147.2092481075
1293 871247.0120795049
1294 871954.6504181710
1300 872276.6455485619
1307 873190.5225773044
1323 873434.0285471274
1324 873958.5738226933
1325 874117.6241432172
1329 875465.4294838342
1332 875542.0507497157
1335 876211.4525739746
1336 877201.5425677350
1346 877953.2127924757
1360 878299.6197286461
1368 879088.5031145818
1373 879121.4646421084
1378 879167.4384143351
1384 879947.6993989977
1385 880138.5593284378
1386 880778.5740252954
1396 880952.7137435206
1401 881522.2100797669
1403 882218.9200122464
1410 883448.7532311358
1412 884135.7162601311
1415 884739.3816994125
1420 885074.2928930288
1423 885808.7738063702
1432 886557.6943065544
1435 887312.6995367891
1450 887449.4943049211
1454 888776.7055629707
1461 888810.9360702655
1464 889793.8885332340
1471 890408.0397171529
1475 892462.2119723269
1476 893123.4212461236
1489 893229.1194632001
1492 893565.2990576362
1495 894203.1831720772
1504 895055.6210523380
1505 895272.0054924185
1507 895815.5741320942
1517 896802.2688794923
1525 898007.2315892642
1526 898166.5749010378
1527 899269.6917174845
1529 899472.8528713789
1530 900595.6931453715
1531 901309.7777159773
1546 901961.9246332196
1549 902321.0046672253
1551 902407.4336286159
1556 903982.2297561134
1558 904653.7848182537
1564 905692.6365501934
1567 905791.0528762243
1575 906711.5538639877
1581 906969.7156009797
1583 907042.2177634828
1585 907993.3669003604
1588 908450.1104448772
1592 908691.1743065990
1595 909209.9502912232
1597 909735.6959490612
1603 910249.7105000828
1606 910424.3063930528
1617 910754.1012193086
1620 911101.1425512858
1624 912184.6370916148
1629 912264.6811455060
1631 912332.9342166510
1632 912778.3861247256
1646 913183.9926511321
1647 913202.5206291549
1650 913851.5040383359
1653 914459.3950682783
1656 914732.0403621319
1659 915444.8935184318
1663 916183.4370120848
1667 917211.8460217052
1672 917942.8907061543
1673 918057.7320821625
1674 918695.9130375509
1678 919693.2603828094
1680 920167.3676799341
1681 920996.3035229713
1686 921497.1420100563
1692 921656.2387230338
1698 922277.8674704854
1699 923323.9318845095
1701 923612.6308504158
1704 924139.3503658351
1710 924444.2551473301
1712 924504.7704921176
1717 925334.9101290510
1727 926488.3650127020
1728 927381.8331296789
1738 927492.7993815078
1741 928061.8865928933
1743 928832.5348637534
1749 929077.4496882173
1752 929145.1337996268
1754 929533.4717613476
1755 929747.4706866211
1760 930345.8584830376
1761 930977.8902901432
1766 931227.0155243385
1772 931970.7644037761
1775 932519.4891640836
1778 932659.7284474329
1779 933428.6610347618
1780 933591.7957746593
1783 933780.2573368315
1786 933912.8163546801
1787 934446.4055018871
1791 934718.1760594992
1794 934752.6242544537
1796 935108.8981896362
1797 935725.2274432094
1805 935793.2111281516
1810 936898.6411971922
1813 938567.3345587377
1815 939207.4232541019
1819 939666.4625026319
1821 939912.9858304966
1822 940069.1803928968
1830 940893.6510173926
1837 941485.8355276902
1843 941672.4910180153
1844 942428.5780582369
1852 942832.4763808658
1876 943137.0575753473
1880 943284.9925706978
1889 943927.0593299957
1890 945856.3733571268
1891 946100.0711056172
1893 946504.4966079316
1903 946977.8137098518
1906 947821.0081884387
1913 948162.7315682585
1917 948939.8086975446
1920 949323.6858647249
1924 949526.8126807672
1933 949544.6399743712
1934 949768.5830149219
1938 950341.8547400096
1944 950381.6258509754
1947 950941.0897260784
1952 951754.4003651279
1954 952289.4624195083
1957 952551.0111136278
1961 953087.0739410527
1965 953325.8519399238
1966 953967.4057663055
1970 954857.9044120315
1971 956288.9516699594
1974 956350.8374111903
1979 956532.8979979429
1981 957051.0754967177
1982 957848.7044372358
1985 958148.1569036758
1997 958413.5660266090
2017 958909.4825258075
2021 959447.8930951930
2024 959674.9908791929
2028 959732.3305462481
2031 960988.2255020454
2032 961069.9334556529
2039 961581.8796587120
2043 962341.5006992090
2058 962952.6398374566
2059 963407.3295275177
2061 964002.9429635808
2077 964143.0630087776
2092 964418.2773141594
2098 965272.5764387661
2104 966122.5508409104
2112 966572.9853808108
2115 967197.0840522372
2116 967322.5491632146
2129 967966.6344398865
2137 968302.5981338839
2145 968400.8196057249
2152 968480.0839295867
2154 969368.6209719381
2156 970316.7787899086
2158 970614.3661875700
2162 971237.5331306445
2163 972209.2788405840
2166 973265.1249477617
2170 973570.6272529667
2184 973827.1790401036
2190 974332.2919238249
2193 974559.6499177371
2196 974994.3548125435
2199 975675.5210618027
2201 975860.6217427687
2202 976389.2381622504
2212 976792.8317549052
2224 976844.4272060924
2227 977548.7358257388
2229 978511.6585337477
2235 978827.0459298415
2244 979445.9111087769
2250 979519.5725329764
2258 980012.7157808187
2259 980134.4060226886
2265 980404.2000771521
2269 980863.8831530983
2270 981148.8420588394
2278 981223.1050653521
2280 981713.1316359168
2281 981888.3060562083
2286 982779.6021895545
2290 983769.3447513845
2299 984748.3242857016
2300 984770.3412058337
2302 985055.2418730900
2310 985912.2783133152
2329 986140.8070090970
2340 986636.6044612038
2341 986955.9194208282
2348 986964.2705042356
2354 987804.9617171546
2355 989096.3419170821
2377 989566.6490305942
2379 989574.8746111867
2383 990021.5812759724
2392 990692.6986685749
2395 990705.1610163571
2396 991119.9557216523
2397 992058.4993214968
2406 992418.2501748792
2407 992702.9686757153
2413 993047.5732780106
2418 993412.5044080843
2420 993620.8034324435
2423 994598.3774000242
2427 994670.7722391129
2429 994714.6193165713
2431 994732.0056605056
2437 995095.2329887071
2447 996472.0655699617
2458 997586.6669453370
2468 998108.1862540303
2475 998303.4968907293
2489 998575.6200484333
2492 998806.3893012949
2508 999741.1548413178
2512 999893.2404537853
2517 1000195.2759655395
2518 1000915.4562661602
2529 1001526.6856593865
2534 1002700.6741083488
2539 1002822.7036744833
2541 1003535.7101843447
2550 1003636.7083051883
2553 1003907.5142773121
2557 1004124.9813199997
2560 1004542.1090841208
2564 1004865.0102458011
2586 1005229.5338266047
2589 1005650.9387800691
2591 1006054.3577403650
2592 1006474.3227591397
2595 1007029.5932303334
2600 1007724.4488342383
2602 1008441.9319149185
2609 1009054.6440037051
2619 1009149.3551122712
2630 1009566.3047771704
2647 1010384.4852660539
2648 1010735.7353192113
2657 1010965.8767656855
2664 1011191.4692296711
2665 1011420.4952343886
2673 1011520.2063315539
2674 1011862.9630779576
2675 1011983.7108314061
2680 1012000.6520722584
2682 1012473.0030418914
2685 1013446.1842570590
2688 1014147.0202322429
2702 1014557.9863915191
2709 1015260.5423991075
2712 1015586.4982948210
2724 1015825.9222479981
2735 1015976.0336999978
2738 1016263.9423217569
2747 1017025.7976276919
2748 1017126.5748729199
2751 1017302.0981857092
2752 1017548.1861006644
2754 1017782.5859335518
2755 1017810.2979638982
2761 1018367.0521766234
2765 1018987.9271120277
2774 1019716.3231121580
2778 1020043.5001772215
2790 1020230.0176830271
2794 1020927.2288990786
2795 1021041.9455561539
2798 1021487.1655293568
2802 1021667.0725943841
2805 1022179.8486167238
2810 1022836.9171558206
2818 1022955.7317262687
2819 1022986.0824980806
2828 1023065.9251385448
2829 1023806.4431655548
2831 1024711.9777042313
2834 1025188.2256716114
2836 1025918.6034368630
2839 1026550.9864353585
2841 1027363.9986163126
2845 1028221.5467792879
2849 1029087.0135314917
2855 1029788.8285747508
2862 1029911.6949727278
2863 1030194.6526204243
2865 1031058.9435414209
2875 1031174.9617463836
2881 1031257.8770477967
2882 1032002.6395493089
2888 1032701.7597547681
2889 1032767.6238741336
2896 1033663.9436471527
2910 1034100.0704171628
2911 1034858.9838379803
2916 1035106.2424891165
2917 1035462.5272108114
2925 1036473.2612033670
2943 1036737.0310023059
2950 1038080.7416181359
2952 1038222.7387947601
2953 1038792.3822466338
2960 1039260.4576254333
2962 1039894.5813455638
2970 1039960.5630093142
2973 1040331.0438923988
2974 1040409.4484197331
2976 1041075.2714524425
2980 1041374.3983338177
2985 1042174.2364725368
2990 1042385.1965168875
2998 1043772.4520196859
3001 1044231.2684369344
3003 1044907.7536077064
3005 1045528.4358887048
3012 1046312.3073960929
3020 1047108.9658364672
3024 1048014.2201620127
3025 1048613.9677522785
3032 1048678.3225693624
3035 1048799.7696072240
3050 1049598.1354622967
3053 1049806.7595106203
3055 1050272.0637979950
3066 1050678.5983550455
3067 1050710.9339170021
3076 1050774.5491127521
3079 1051738.5869748739
3088 1051740.1562818133
3091 1051969.6992857440
3095 1052293.8708452471
3100 1052787.6697032091
3106 1053349.0398753164
3107 1053672.4759150678
3108 1053773.1136036792
3110 1055193.3021126701
3119 1056006.1814582930
3137 1056299.5744003679
3138 1057157.6034838790
3144 1057572.6568351884
3155 1057879.1888226902
3158 1057977.5392905737
3160 1058350.9948988811
3161 1058581.6940396568
3164 1059488.1973768671
3165 1060262.9606767676
3188 1061250.8652839926
3196 1062160.6985772795
3199 1062338.6332493746
3201 1063201.0422058534
3231 1063730.9074043867
3233 1063825.0325625527
3234 1063873.2462726834
3236 1064106.9511991064
3240 1064354.2156320384
3244 1064696.7197096320
3248 1064757.9782999258
3250 1065741.1780715201
3261 1066003.5304810933
3267 1066211.7648542000
3270 1066301.9783439394
3275 1066466.2264247884
3277 1066720.1222307917
3279 1066854.7067715132
3289 1067444.7350561444
3302 1068434.2301172127
3311 1069066.8091091281
3320 1069330.3091336591
3331 1069409.7385496711
3339 1069695.0677877492
3343 1070092.1261415386
3351 1070215.0165212664
3367 1070874.5349891547
3370 1071042.8022328122
3388 1071344.5001508729
3397 1071463.5727246583
3408 1071522.1804189223
3410 1072367.7467256039
3416 1072873.6270704877
3425 1073489.2885238784
3426 1073858.3223116824
3432 1074376.2423521457
3435 1074592.7637998555
3446 1074870.3348060180
3451 1075014.6493669669
3453 1075293.0833912680
3454 1075841.3703231190
3456 1076317.3493291871
3480 1077257.1377317719
3491 1077308.7838792575
3494 1078092.4095522738
3498 1078448.4265345891
3517 1079043.5372740517
3533 1079381.4028978306
3547 1079396.0217682621
3554 1079416.0127739098
3562 1080277.8482782955
3564 1080506.6413156623
3569 1080558.9205500321
3583 1080744.8864815957
3606 1080879.9354061666
3616 1081281.9966416373
3620 1082142.8167773499
3635 1082353.7321323515
3643 1083141.6950775774
3647 1083387.5510358724
3650 1083779.1002445407
3663 1084286.4154585495
3666 1085558.8656444864
3667 1086376.2046519422
3673 1087110.4110577786
3674 1087779.5216108796
3695 1088020.4480057308
3714 1088062.3535107097
3720 1088149.9613917496
3722 1088904.9753563777
3723 1089826.8486450729
3732 1090311.4597378215
3735 1090628.2399037604
3736 1091974.9802116174
3745 1092736.4861321046
3747 1093580.4776485404
3754 1093784.0780459957
3757 1094340.2821724883
3762 1094994.4412794479
3768 1095420.3084283618
3769 1096907.5236994007
3785 1097257.6645061956
3786 1097270.3253471751
3800 1098227.6342951311
3805 1098819.2438878554
3807 1099566.5255531245
3812 1100342.9925546600
3826 1100702.9599308334
3829 1101216.4748433898
3850 1102128.1863474331
3855 1102183.4046661491
3859 1103116.4891899065
3864 1103521.6613276936
3873 1104218.4907001453
3877 1104533.8864024670
3882 1105083.9535812158
3898 1105954.3376343276
3902 1106132.6233124030
3903 1106266.7590178172
3904 1106649.7186122371
3908 1107206.0356976050
3918 1107527.5144458211
3929 1108704.6549480075
3931 1109029.9619970133
3943 1109041.1437552525
3946 1109953.7079661097
3949 1110499.2886936986
3950 1111264.6059296294
3955 1111273.0988412844
3959 1112235.1560868875
3972 1112779.7706900842
3981 1112892.4355805914
3982 1113454.8762313849
3985 1113892.1125928985
3991 1114259.4623137843
4039 1114681.9589891783
4053 1115375.1678979152
4059 1115971.5601220229
4067 1116447.0153267547
4070 1117286.9532021044
4087 1117544.3310557350
4097 1117590.6098242048
4098 1117807.6772409182
4116 1118360.0641057319
4118 1118903.5242365543
4123 1118918.4703253028
4128 1119420.2251235065
4154 1119738.3163188766
4164 1119934.1154459780
4166 1120170.6314782742
4196 1120982.4715029697
4201 1121013.8877913659
4212 1121265.1472303250
4225 1121581.3954421715
4289 1121721.8268984272
4300 1122548.5660405222
4327 1123448.2861140650
4329 1123838.6563863379
4354 1123910.5428633182
4358 1124418.6542973828
4359 1124611.4374494252
4360 1125127.7992477035
4361 1125849.1369650019
4367 1125987.3319743776
4377 1126245.2200834998
4378 1127108.9889220491
4403 1127438.3447155224
4410 1128131.5074706280
4436 1128626.5458530716
4445 1129620.1972312438
4448 1130537.8752142361
4463 1131428.4310413350
4469 1131867.7965055939
4483 1132237.5201135746
4487 1132862.3302678515
4489 1132894.6128060664
4499 1133057.7124566389
4526 1134550.5497456510
4527 1134995.1033761397
4561 1135848.0408351431
4565 1136099.1262885313
4586 1136232.3778207137
4591 1136380.1955849603
4592 1136968.8223008681
4606 1137360.6626682701
4614 1138283.3234301589
4625 1138561.7792697388
4642 1138850.5257168112
4644 1139446.0918494039
4651 1140125.4332568073
4659 1140776.1661073021
4660 1141078.2383059328
4662 1141870.3818483257
4670 1142129.9601390243
4672 1142147.3342400657
4682 1142845.2985207671
4689 1143817.2775918010
4693 1143900.9136760929
4703 1144510.0445751501
4705 1145002.9561839935
4714 1147489.1615087949
4720 1148235.5303524185
4721 1148619.2101053605
4722 1148622.4221937845
4724 1148952.5521946207
4733 1148993.5869887725
4741 1149753.0835200292
4758 1150175.1743474745
4766 1150306.7581340591
4776 1151065.1460592626
4780 1151913.2087400199
4794 1152131.8263223523
4811 1153038.8309537317
4817 1153041.9528941016
4818 1153508.1834493268
4823 1153699.4833405996
4827 1154320.1999397543
4831 1154589.7239832692
4849 1154669.0914566524
4852 1155336.8171873940
4863 1156133.0146470990
4877 1156148.3014041996
4883 1156754.4259355899
4900 1157017.9478328149
4905 1157039.0524070156
4911 1157087.9546678674
4924 1157096.4797857956
4929 1157770.2845497718
4949 1157787.7765522692
4959 1157877.9420272012
4961 1158306.6928465508
4968 1159207.1012310288
4976 1159341.7609770868
4982 1159731.6486001294
5003 1159749.0995019765
5005 1159992.0183869603
5036 1160211.9320740567
5047 1160349.6368582658
5050 1161774.6113585338
5060 1161815.2285882693
5061 1162414.0481458099
5071 1162715.9452070722
5075 1162835.4357822086
5079 1163665.9474247952
5085 1163725.5434160829
5086 1163778.3367000152
5088 1163795.9238754816
5095 1164511.2872275091
5107 1164614.6721759122
5119 1165076.9204928773
5126 1165543.1885561573
5147 1165579.4929585357
5166 1166523.5640451044
5180 1166569.0203787985
5200 1166950.0696051705
5208 1167874.9922448196
5210 1168389.0588769852
5223 1168913.0643681465
5224 1169805.2165627750
5234 1170144.2806823740
5245 1170853.7583637477
5246 1170981.2120423540
5252 1171327.1841357711
5258 1171527.0281843843
5263 1172199.5715782677
5265 1172513.4054668453
5266 1173393.5628375749
5269 1173868.8696326686
5280 1174259.4377839793
5283 1174808.3879505817
5285 1174882.5358816979
5294 1175392.5775554206
5295 1175448.6574670267
5319 1175720.7807641637
5329 1175822.6634915147
5339 1176426.0378696702
5342 1176630.8667799896
5343 1176729.0231537458
5363 1177326.0558349798
5371 1177595.0316683853
5389 1177854.2474354482
5403 1177905.3874656849
5425 1177986.1345883501
5426 1178853.4092961301
5441 1179057.3444564601
5444 1179542.8735703281
5480 1180230.9288144642
5486 1180602.0301566387
5508 1180835.0858252635
5510 1181743.7870010117
5514 1181839.0967589475
5539 1182271.1416012216
5572 1182373.2022737579
5574 1182427.1333745308
5575 1182560.8915930132
5578 1183317.8163649428
5580 1183534.2188538713
5592 1183969.2776820187
5608 1184261.8523617091
5611 1184611.0865040720
5616 1184782.0104319141
5627 1185285.3845275945
5633 1185860.1733997257
5655 1185863.7979152531
5662 1186110.9108017029
5663 1186543.9661948900
5670 1187165.7599242348
5680 1187287.8677643610
5682 1188040.2220095154
5698 1188731.7694003612
5706 1188853.0638137660
5714 1189365.2517474236
5724 1189666.9504425908
5740 1189700.6226705646
5748 1190203.0413521130
5761 1190280.4174348870
5765 1190970.0613618565
5783 1191191.9883033216
5787 1191345.7157316227
5793 1191437.3067192475
5808 1191790.4462131772
5827 1192108.8804924572
5830 1192735.9772631589
5833 1193226.8768336033
5847 1193415.3368083402
5850 1193963.9176487117
5857 1194120.5292931236
5858 1194753.6321620073
5861 1194811.6124449545
5862 1194850.2619402627
5884 1195163.8172307166
5891 1196041.5676691025
5893 1196668.7322430850
5900 1196768.8483060205
5903 1197506.1089285961
5926 1198366.1940968819
5927 1198418.3777897784
5936 1198531.5102559219
5952 1198933.4300636463
5953 1199246.2433463752
5963 1199461.8520026442
5974 1200366.6162613023
5995 1200535.9625062470
6012 1200791.0507329691
6023 1200904.7787402000
6053 1200994.8705208700
6060 1201061.2994933694
6064 1201256.7947322300
6074 1201998.3003162562
6081 1202286.7412321528
6087 1202859.7229886968
6100 1203033.6481675487
6105 1203107.1111589072
6106 1203183.5598328908
6118 1203565.2930241777
6123 1203742.9013259222
6141 1204104.3663450172
6146 1204983.6518739674
6160 1205602.7184961853
6177 1205692.4572076753
6178 1206376.2166946507
6186 1206410.6685269228
6193 1207124.6854732924
6214 1207349.9804363321
6229 1207744.3912257697
6238 1208090.1239151924
6247 1208266.5628104412
6251 1208365.8170702520
6254 1208448.3710142958
6259 1208499.9219136969
6266 1209212.2042263509
6268 1209261.8957607865
6271 1210099.4602073191
6291 1210732.0139586690
6333 1211679.2863032995
6346 1212578.4262469658
6390 1212871.5503119801
6394 1213750.5371566841
6399 1213785.2072445340
6403 1214062.5360370099
6406 1214355.8361344938
6423 1215215.9599798436
6429 1215648.7852826193
6432 1215735.5253412880
6434 1216404.8414851576
6438 1216559.9470689120
6453 1217742.4109218996
6457 1217920.0926811462
6463 1218020.3489120642
6475 1218603.9468529348
6481 1219042.8492182861
6486 1219153.9086703050
6496 1219491.0474285914
6515 1219649.8218520086
6525 1220370.0463505159
6529 1220916.3701635906
6530 1221124.2509386616
6541 1221167.1240999103
6551 1221488.3555434544
6553 1221663.8482319643
6576 1221799.4572444083
6580 1221867.3872842859
6591 1222718.7046885116
6619 1223258.3044903073
6639 1223381.5408048974
6653 1223577.5001524766
6657 1224060.8980074290
6661 1224168.6769829693
6670 1224396.4520496540
6673 1224485.3004231155
6699 1224729.8622194049
6718 1225722.3554449421
6743 1226006.3961478535
6746 1226198.6325412707
6747 1226619.0721944044
6773 1228106.6367722142
6775 1228998.8164750214
6803 1229729.2461519295
6804 1230615.6406181492
6807 1230808.8551527255
6809 1231449.8578984197
6820 1231703.7472276196
6847 1232378.0049521162
6867 1232380.8409245366
6876 1232615.7268693729
6880 1232773.9366919929
6888 1233031.7449644438
6904 1233403.1508732270
6919 1233736.4141578462
6932 1234000.3995095631
6942 1234320.2663936059
6950 1234403.5013846257
6951 1234465.7105306217
6954 1234708.2538292876
6968 1235138.6434572956
6983 1235821.0139664193
6995 1236050.1759280493
7021 1236457.7374223787
7036 1237580.2973588733
7041 1238085.3216068591
7048 1238101.5034267455
7053 1238192.5591775826
7078 1238555.0298390239
7080 1239338.3343593953
7090 1239734.7070368470
7104 1239905.8551561842
7113 1240811.7270631688
7114 1241294.1755910674
7115 1242140.8872998825
7123 1242337.3179543552
7134 1242571.2539320306
7140 1243031.1939644394
7146 1243199.5075289514
7159 1243786.1685551666
7161 1243790.6190681253
7163 1243791.0280183870
7181 1244056.2414879906
7229 1244152.1034540681
7236 1244204.1404472012
7255 1244550.8940566336
7264 1244650.6185958229
7266 1245006.6221101405
7306 1245055.6067730899
7368 1245399.5857727134
7386 1245678.2951113149
7404 1245723.7267493103
7409 1245796.5508589479
7410 1246615.7974992450
7413 1247324.9842086844
7443 1247401.4053422562
7450 1247646.9489107917
7504 1248447.8291806190
7535 1248587.3760851966
7557 1249061.3958784172
7593 1249131.5430617675
7610 1249286.6227852982
7621 1249792.9158059047
7630 1249838.4167110196
7635 1249871.9001243182
7666 1250142.1094438811
7676 1250314.2988331318
7682 1250736.0280389593
7715 1251714.6972201688
7717 1252362.6121059319
7721 1252551.9497027509
7728 1253422.0467069428
7801 1254044.1613348571
7814 1254712.9511079250
7818 1254953.7437156120
7829 1255870.6093983001
7837 1255939.3092420716
7843 1255944.6170785604
7856 1255963.6016338158
7862 1256539.0142919621
7902 1257035.4647045347
7919 1257035.6168331862
7933 1257358.8320226453
7948 1258220.3397331201
7955 1258812.9983730596
7968 1259252.1512100501
7973 1260023.7103327662
7986 1260041.0557522688
7992 1260044.0728440392
7998 1260259.0093532365
8016 1260841.0917263411
8024 1261093.6247179094
8031 1261289.1620633064
8042 1261490.4359842062
8051 1261490.4470266795
8063 1261767.0335958761
8073 1261884.2078993176
8074 1262101.0250451989
8095 1262534.9247404940
8107 1262695.2362713504
8125 1263016.3131991834
8132 1263504.1734724953
8141 1263621.7402194303
8146 1263626.8285328471
8159 1263855.2642924741
8171 1263923.6167877452
8212 1264597.4101485901
8230 1264856.0501788426
8231 1265102.6160993362
8250 1265408.7282827287
8257 1265426.4555485121
8260 1266388.2612560180
8262 1266714.1601755782
8335 1267034.9087576682
8401 1267883.3203749710
8461 1268002.3036580975
8465 1268548.4234640056
8482 1268652.0422453226
8488 1269202.6630863282
8527 1269205.0781666725
8576 1269384.0648487257
8587 1269799.6062748716
8599 1270316.0480293857
8641 1270495.8483439381
8671 1270918.2242640210
8685 1271506.9418973122
8689 1272479.9872304208
8734 1272609.0995760583
8737 1272730.2008232784
8744 1273367.9116285553
8760 1273576.9336186578
8779 1273647.7886391815
8780 1274286.3634129600
8857 1274358.7597697845
8865 1274506.5270649684
8867 1274715.3489376325
8884 1274944.8943426248
8907 1275643.9183672837
8922 1276042.4954759073
8925 1276059.9480091541
8935 1276528.8710962187
8951 1277248.1108221216
8982 1277712.2581822562
8988 1278154.1408714016
8990 1278241.5801399469
9010 1278260.0708978376
9014 1278354.0919121541
9036 1278627.7320835555
9052 1278982.8226282659
9058 1279428.0018981162
9064 1281019.6625763860
9080 1281524.3909983723
9092 1281550.2597466677
9093 1281950.3577411990
9119 1282499.2828597431
9125 1282770.7982821558
9134 1283086.4141502485
9151 1283453.6482712873
9181 1283717.6261040224
9183 1285148.0060500754
9185 1285243.2706033916
9186 1285363.8441044728
9232 1285393.6510052399
9233 1285693.0780995719
9257 1285772.5720648614
9278 1286251.6283655998
9301 1286545.0325836563
9307 1286573.9332441946
9337 1286770.6925550962
9366 1286996.9817231102
9385 1287181.3982705900
9388 1287182.6868329609
9417 1287854.9767981889
9534 1288011.5164584126
9537 1288198.6391285432
9542 1288345.3600724875
9543 1288442.2598482019
9557 1288508.4761698553
9558 1289075.2854460534
9570 1289721.2074239294
9608 1290154.1163817837
9616 1290283.5465939550
9624 1290565.7421064379
9637 1291355.7466315010
9671 1292035.3860176371
9675 1292108.1488438724
9718 1292574.3937219633
9727 1292805.3914725997
9729 1292895.4653892855
9754 1293531.9570180166
9766 1294108.6900989651
9775 1294259.2638113990
9786 1294454.2283852713
9806 1294607.1449020146
9815 1295157.4607320663
9818 1295692.3679103311
9827 1296306.8130053626
9854 1296776.8331393604
9869 1297744.5545441099
9873 1297753.6403727774
9887 1297982.7643856520
9919 1298496.1151788493
9955 1298667.8310597343
9973 1298786.0264606110
9981 1299097.1385090426
10000 1299253.2196623820
10001 1298359.6813128728
evaluations raw_y
1 708667.9788844100
3 709771.7022221548
5 710069.8200551235
7 710895.0929791190
9 711048.7065101045
10 711828.8109306736
12 712254.0460468633
14 712382.8324017600
15 712699.7765169198
16 713565.5460644551
21 714776.3355300376
23 715756.9920755570
24 716355.2279476149
26 716591.5586667728
32 716743.4841192394
34 717590.1832942324
40 717764.1524470241
46 718005.7867115950
58 718023.2616684486
64 718797.9800352451
70 719994.4801015268
72 720071.2550499772
75 720250.7254817487
78 721132.8514926075
81 721473.4677133458
85 721473.8371611937
86 721597.1129279524
87 722039.5468041578
89 722458.4457599277
93 722724.1408998364
96 722725.1018089979
108 722964.0295571894
110 723101.9931914037
112 724035.6391374753
116 724264.0190744277
120 724874.2359014765
122 725293.2800191225
131 725667.9131327822
134 725914.3108891718
135 726378.2361379099
137 726654.3464017895
138 727295.9824522823
139 729413.8064934380
143 729613.9153629849
146 730868.3774898166
149 731314.2869636252
152 731985.9924340365
153 732708.1315637201
154 733201.8345622872
160 733373.6700670832
171 733925.4089042859
172 735503.2794765010
173 735707.9885430076
179 736353.0627147614
180 736895.3730719549
183 737855.2287614093
185 737873.6872824964
194 738338.3265320048
198 738573.2172385141
200 738608.5554648152
201 739029.2778164219
202 739806.4113538557
210 740437.1777034372
212 740999.6858551491
214 741543.4856372434
218 742048.6226325273
220 743541.0053240901
222 744540.8957156097
226 745284.3126598287
228 745478.5263176986
229 746585.3471739441
234 747100.9979194365
237 747384.9996841219
238 747868.1303696127
245 747936.8682891416
250 748808.7140849796
261 749550.0087379363
267 750418.3285514999
271 750438.4877829151
274 750664.0740636899
280 752173.5963441872
282 752258.4307213463
286 753207.2287538839
287 753467.6813949072
288 754603.2267487290
290 755035.0644737454
291 755108.2359367770
295 756098.8673121330
300 757144.4424965589
306 758070.0581254561
314 759019.0178978692
315 759686.5933826609
316 760448.5314171989
318 761265.6277916842
320 761532.0474530731
321 761993.6531412354
323 762088.4875437215
325 762124.4631900826
326 762500.2645851658
327 762544.4835260427
336 762774.1455051675
339 762945.9832569752
340 762995.5766422434
344 764451.7727265280
346 764639.3481410212
347 764945.2697103033
349 765263.4500303143
356 765880.3727387808
363 766025.0928740664
364 766214.0199070125
365 766596.9386107960
368 767306.4417715033
376 767945.2424272873
377 768122.0616252674
379 769424.1044223153
380 769444.8712775786
386 769564.4032497660
388 770085.2337890185
390 770605.9207072250
396 771425.7262013777
397 771601.1139691871
399 771790.5467222576
401 772400.6944180729
402 772730.6882817517
405 772825.4480997572
406 773720.4307610356
407 773972.2124707229
414 774540.0393390871
417 774965.2846860070
422 775642.0705242023
428 775936.4210582240
434 776330.8609872791
441 777632.3770723803
442 778340.5831847965
445 779239.9662861096
450 779753.8154421938
452 780063.6913033035
453 780579.2568483676
456 782228.4227276037
458 782699.4829223601
462 782849.2529584100
463 783119.4759676184
468 783703.3440454513
470 784021.2615532544
474 784137.0933186167
475 785153.6132570574
478 785756.8488919508
479 786665.1768576582
481 786838.5963566734
483 786937.4730591727
486 787204.2842944413
487 787747.2496175683
490 788617.2487859348
497 788974.2725568665
498 790503.6492190511
500 791251.4727186899
506 791483.5483603096
511 792196.1194889118
513 793508.2244443414
518 793943.4297512644
524 794519.0429855426
525 795147.6701101300
530 796030.8938858792
533 796549.3626862824
539 796670.9307152969
540 797079.6976970509
542 797451.5778525356
543 797986.7873466733
545 798142.4142659931
546 798596.5180968235
548 799048.9383564618
551 799874.3125984839
552 800632.8853613258
561 801594.5412976841
564 802448.4814171320
565 803039.4264284958
566 804865.4803181969
567 805468.7189119017
569 806710.4844220852
572 807428.0097968774
573 807881.1168579223
577 808942.0047274512
580 809037.1951730356
581 809922.0506099509
586 810009.6463758214
590 810452.5699479792
591 810817.6224098151
592 811181.0112956139
597 811482.7748847664
608 812325.1360721810
612 812946.7782376326
618 813123.5426622853
625 813403.9697120037
628 813438.7916837240
634 813715.6508648347
638 813780.5377924938
639 814082.8291230140
640 814608.2411843342
641 815595.9980081103
644 816785.0147002883
650 816822.8110878787
651 817426.5503292884
669 817678.2445622607
670 818336.1842274875
673 818834.9549301601
674 819157.7013364260
677 819469.4233349158
682 819726.9269632924
684 820059.3845647140
685 820181.3773866214
687 820430.1169463904
695 820498.1060377079
700 821235.5217423235
702 821888.7234187906
703 821951.4565915593
708 823483.6584495163
713 823653.5673207918
715 823901.9943083151
736 824321.9140915829
738 825318.8362658906
740 825803.4082539658
743 826224.2822543832
750 826362.7186076547
755 826696.7058797840
759 826837.2247823814
761 827604.2713539529
764 828630.8983625477
766 829629.2747949563
767 830341.8876726272
774 830854.6925684972
786 831037.6978379254
790 831113.2503507026
791 832037.4470927417
803 832448.9300636464
805 832591.0793411499
807 832739.8374478654
810 833373.5051066818
817 833674.8521521596
820 834449.8366522862
822 835307.8396641911
827 835952.9486728429
829 836962.7143845136
830 837352.8282419841
833 837367.4830942769
836 837519.1650114593
837 838418.1229651256
838 838469.9564342330
844 839369.7565779698
848 839926.4597739620
849 840242.4242818152
852 840252.5756168438
854 841576.0061093323
855 841733.4365649254
856 843007.8097611350
857 843415.6783893037
869 843725.9240813408
873 843840.9169488953
877 843984.3343655481
878 844464.8724374966
883 844740.4843193860
884 845020.2507940371
888 845584.7625706759
891 845856.3998426516
892 846503.6814707381
895 846603.6624660763
897 848088.6568573336
898 848280.0626910400
899 849336.0828506725
902 849700.8142276923
907 849979.5810034567
916 850024.3142063299
918 850937.0128492484
927 851599.7960658001
937 851823.1549398849
940 852259.1792874222
944 852795.1588222210
947 853102.8980892714
948 853637.3565558533
952 854065.2666804052
953 854507.6280937531
956 854612.3129250681
967 855027.0450169189
968 855711.8109705945
972 855926.3378303386
986 856029.7759078501
994 856168.4606479580
998 857818.9624146428
1003 857964.9770300599
1009 858665.6757624537
1025 859777.5285320393
1027 860953.9292344219
1034 860965.8563214319
1037 862007.8329436061
1041 863456.7510118891
1049 863737.5112181886
1062 864241.7859138679
1063 864979.2562990286
1073 865041.5295078807
1078 865046.7022423232
1081 865078.1193665045
1084 866063.5309967626
1089 867007.6670336219
1095 867388.6072720519
1096 867612.4248176705
1097 867794.0154764908
1098 868381.2291384578
1102 868413.9637783462
1104 868564.4177664943
1106 868793.8344347642
1110 868980.6527718387
1112 869869.0736665305
1115 870156.0425477324
1122 870489.6334268155
1123 870992.7984353044
1124 871054.5297538424
1128 872097.7853407852
1131 872830.2376308824
1132 873813.6796078340
1139 874724.2594222518
1144 875309.3075205733
1145 875669.6920512600
1147 876082.6057377468
1149 876162.4674651755
1153 876623.5773342666
1164 876895.5209545026
1165 877229.0232145791
1168 877319.3808475572
1169 877493.6500116191
1176 879504.4805269770
1182 880084.6209347935
1189 880435.9628710068
1192 880825.6170769578
1200 881798.8648620873
1206 882402.1034425049
1211 883024.7458524306
1225 883339.0179533418
1231 883737.9719680316
1234 884333.8502782605
1235 884504.2958898008
1244 884621.1781437547
1247 885181.1552310860
1250 885738.1751308735
1257 886113.2283328490
1259 886447.2941696246
1270 886481.0779108282
1272 886838.4788063773
1275 887382.0796721933
1278 888153.7512355738
1285 888170.5414775291
1288 888391.3734975618
1289 888828.7309094558
1293 890413.0701573723
1294 890518.0243652251
1307 891474.5368416888
1322 891521.7319156156
1342 891816.6776009011
1344 891989.3591556754
1345 892242.5325841722
1350 892338.2248804310
1360 892378.8940064703
1369 893105.4773714963
1378 893849.3268815707
1379 894208.6812669184
1383 894269.3167792078
1384 894366.7439714273
1385 894496.3003919823
1406 894569.1901825079
1411 896127.6170560357
1418 897534.3203865255
1422 898048.9826129957
1440 898582.6110412581
1441 899679.9763936856
1449 900089.6979926771
1451 900580.6422328212
1456 900848.7996381973
1467 901217.6214191964
1475 901326.3027210943
1481 901637.6076983931
1484 902686.0948525339
1489 903150.1947789785
1492 903366.5704775482
1495 904096.2747840158
1497 904770.4152643466
1501 905509.5540267203
1505 906193.4569422831
1508 906265.9593794224
1513 907880.7622644008
1516 908083.9699320274
1517 908990.6857672377
1525 910160.5105876218
1526 910360.9766317843
1538 911466.7134691606
1541 911564.4402671268
1544 912257.9569626903
1547 912931.1273479701
1548 913819.1060520295
1550 914470.3992954562
1551 914936.9877059238
1553 916850.7977304643
1559 917471.6848759431
1578 917583.0422969117
1579 917817.9700565423
1583 918035.7193049348
1590 918305.9012199455
1593 918996.0807180236
1603 919066.7845532008
1619 919328.0841852782
1622 919902.8227078541
1627 920727.0294071365
1630 921576.6891477278
1635 922049.1129608855
1636 922486.9207648644
1639 923054.7554631586
1640 923835.4644970299
1647 923860.5972702669
1648 923964.0337955311
1652 924740.9203961209
1657 925404.3391167680
1659 926153.7771961323
1666 926756.4211149452
1667 926984.3604078959
1672 928466.8053072076
1673 929788.0988502370
1679 930247.4538126121
1693 931648.0975071751
1696 931969.5284003908
1699 932565.0207405328
1700 932953.3420611294
1701 933529.2097670394
1702 934001.8159949858
1703 934530.9798139166
1704 935332.0680222797
1713 936131.8872290086
1715 937020.6433710618
1716 937199.6048756007
1722 937613.9023524356
1724 937997.9404351413
1733 939148.1904517005
1734 939787.6061042633
1738 939881.4302652867
1739 940093.2042324889
1741 940116.2472469677
1743 940344.8576973719
1747 940652.5361960884
1748 940657.0184092693
1750 941065.9153158455
1753 941745.2456201022
1761 941969.4092943120
1770 941974.4755101688
1771 942572.7475500503
1778 943670.2048160450
1790 944244.3348612039
1795 944796.5455378873
1796 945134.1271690509
1799 946328.4226432391
1802 947027.2731703544
1810 947697.3239096228
1811 947723.8897857525
1814 947941.2721530974
1819 948487.2410577793
1820 949168.1784806460
1822 949937.5116766827
1830 950480.8472582487
1832 951214.3592370546
1842 952028.0176387843
1852 952188.8757597137
1854 952190.9763435373
1860 952716.9651330132
1861 952748.5650670227
1868 952873.7773924549
1871 953232.6273625890
1888 953911.6076256826
1890 954437.8164357247
1892 954519.1781838142
1901 954878.3452709118
1904 954952.7412906337
1914 955812.9098273336
1916 956234.8070903119
1917 956573.9427320596
1918 957224.3742985757
1920 958149.9215112592
1923 958521.5971274909
1927 958790.2984571278
1939 958850.1645030576
1947 960315.0879887420
1950 961220.4930100475
1953 961388.4581145379
1965 961729.4358758848
1976 962391.9454924499
1995 962735.1623945987
2001 962908.9713798172
2011 963900.3873887649
2013 963958.5633880597
2015 964724.5175323270
2016 965505.5917092914
2019 966056.2029295199
2024 966410.4085254254
2025 967155.1885661960
2026 967887.8803038035
2029 968201.8201487119
2035 968317.4873428488
2036 968556.2163732940
2042 969467.3469265930
2053 970242.1261146443
2054 971214.4258048567
2065 971922.4804660511
2079 972575.5757741644
2080 972608.7384993462
2083 972621.5612693407
2088 972629.7291371877
2089 973180.1827966017
2091 973261.8509771607
2094 973849.4852958069
2097 974348.7197789684
2105 975061.9280511122
2110 976163.3437592105
2115 976718.9178485174
2120 977081.7500763304
2121 977659.9180353050
2124 978075.1960507717
2134 978294.1300776021
2141 978979.4986281291
2152 979292.8212098142
2156 979421.3065537369
2162 980061.7209563632
2166 980260.8920451455
2176 981020.4507564950
2180 981359.7263441950
2184 981751.9622285935
2189 982400.1160166179
2192 983393.6691677308
2205 983932.4347991867
2213 984192.1361414118
2214 984366.1161097859
2215 984992.7639685210
2223 985092.0764985210
2231 985193.6657911121
2236 986152.4915622388
2238 986442.4296312524
2241 986831.0760619215
2250 986963.1609324793
2260 987169.0788285551
2261 987339.7907167099
2263 987539.1609128756
2281 987596.9232507485
2286 988424.3524573824
2287 988851.2362524809
2297 989194.3734165460
2301 990667.2598890845
2319 990841.0333027364
2329 991186.9436285106
2351 991625.1830625705
2355 992318.3703666648
2359 992348.7353552738
2360 992623.5932117732
2361 993252.7348070849
2378 993915.5543308414
2385 994546.1337130998
2390 995327.9176290226
2394 995373.5609462613
2403 995509.8319059242
2410 995567.4422874001
2414 995867.3704208833
2416 996193.9670305084
2432 996321.7621628593
2433 997229.3034918378
2435 997327.3292078149
2437 997813.2604223401
2440 998637.3753583491
2441 999107.9260538524
2442 999466.7596420336
2447 1000339.8297290660
2449 1000866.6236059436
2450 1001250.2320080108
2454 1001626.4355972545
2461 1002270.5864170073
2468 1003125.9220943032
2469 1003300.4614357568
2470 1003646.8618534890
2476 1004151.3601722410
2491 1005006.9019361823
2510 1005539.0466472353
2518 1006197.0341654356
2520 1006871.5502258980
2525 1007733.1915377966
2527 1007802.8791721179
2529 1009061.5310847131
2531 1009118.3295782852
2537 1009266.2601189490
2546 1010581.8509106537
2560 1010642.6090901836
2561 1011440.4481528521
2565 1011590.2876340515
2577 1011801.4037511728
2594 1012207.7956280132
2603 1012208.5410030440
2604 1012308.3282577711
2606 1012458.9032691807
2607 1013310.5873430974
2610 1013644.6585746922
2621 1013702.3618706175
2622 1013756.4953383574
2628 1014743.2424143753
2630 1015679.9828295575
2639 1016356.0977380200
2643 1017053.3198701174
2650 1017368.0314895592
2657 1017446.5103862762
2663 1017831.8272770360
2682 1018271.7118879914
2692 1018372.8071132903
2702 1019090.7587295601
2709 1019182.7794618348
2715 1019824.3814835389
2719 1020708.7945499469
2727 1020855.9227073620
2731 1021038.8787609760
2734 1021702.3219928935
2738 1022708.2579688141
2739 1022996.4089668931
2749 1023721.0800363735
2757 1024102.2239360695
2765 1024192.4768299018
2777 1024967.6220765869
2780 1025915.6707512019
2781 1026140.0474781863
2785 1026265.8584357558
2789 1026381.8664690842
2792 1026473.1518953411
2797 1026902.9809827019
2821 1027902.7761464302
2824 1027940.5642261261
2831 1028185.2428780873
2832 1028700.6350225563
2844 1029078.0742682125
2848 1029787.0581650999
2849 1030254.8736143671
2855 1030778.1103071654
2866 1030952.6469427883
2871 1031138.7839105851
2873 1031583.3588836669
2886 1032424.6860667256
2892 1033708.0702226229
2899 1034360.6267940725
2911 1034369.5666142871
2914 1034669.4487608150
2922 1034967.2054062154
2924 1035816.4018682655
2932 1036160.1028589662
2942 1036681.8701128243
2948 1036894.5746267154
2949 1037052.2168967918
2978 1037576.7508382534
2980 1037682.5619320754
2983 1038130.5504852406
2986 1038351.2520071578
3002 1039212.0635733682
3004 1040430.3387310327
3005 1040459.2953466470
3014 1040596.0598503628
3017 1041343.1089269184
3032 1041394.3880398420
3035 1041658.9061510720
3045 1042208.0303000313
3051 1043187.4341199220
3070 1044098.8466634247
3071 1044959.1580760814
3076 1045718.2457618888
3077 1046049.0000357428
3078 1046771.2152490234
3091 1046851.4557349629
3100 1047298.7890009594
3106 1047454.3804870540
3129 1047697.7110913349
3135 1047868.1837078318
3141 1047893.8264594858
3143 1047940.7118340705
3151 1048639.8427391753
3153 1048846.1659726154
3155 1049349.9039414951
3156 1050331.8528391132
3172 1050525.4666848057
3179 1051144.2881869196
3201 1051347.4115537677
3204 1051784.1008326116
3211 1052093.2243483732
3216 1052731.0366176595
3217 1052765.9321910634
3230 1053118.5873424045
3236 1053120.9409362427
3247 1053540.9077985506
3252 1054046.8137949442
3253 1055051.9425287012
3254 1055491.1024294675
3256 1056571.0955269635
3259 1057392.9145125712
3281 1057509.3860286092
3286 1058002.5400781783
3300 1058609.9760775904
3303 1058929.6424062636
3304 1059008.3857160546
3309 1059569.7467967661
3315 1059743.4950441653
3317 1060024.0012717110
3321 1060196.0067707435
3331 1060255.5358024673
3332 1060591.0912787055
3334 1061418.0324907259
3345 1061924.3800961813
3352 1062781.4586727386
3355 1063225.9191968930
3359 1063534.6636349550
3396 1064332.1396283202
3413 1064485.4114768279
3415 1064538.8060036949
3419 1064682.2023700478
3422 1065223.9027047956
3455 1065379.9000282239
3468 1065672.2500039814
3474 1066822.4163047478
3480 1067196.2796099330
3483 1067845.1115481814
3506 1068813.8464465006
3525 1069323.4569199905
3534 1070357.5743653779
3535 1070448.1097964207
3541 1070864.1832017289
3555 1072279.5701618167
3562 1072852.4910977648
3570 1073168.2968241852
3580 1073327.2791636635
3593 1073605.1686552551
3594 1073929.9555028789
3597 1075122.4833898006
3614 1075587.6863545873
3618 1076012.6552732547
3633 1076670.3945008577
3638 1077197.0467191525
3654 1077323.4698881304
3663 1078115.8392696690
3680 1078650.0261387257
3681 1078796.7562981891
3686 1079282.5946517591
3699 1080232.7022139302
3704 1080604.6338332025
3707 1081471.6554006774
3708 1081492.2172793830
3722 1081890.8949805545
3725 1082132.9623650142
3729 1082841.5643105875
3749 1083029.2130431572
3757 1083154.9475813743
3759 1083265.4735102952
3765 1084165.2461150680
3767 1084208.1321067989
3769 1084476.0504254000
3771 1085397.3562680585
3779 1085518.1888735450
3780 1085565.2951740874
3782 1085910.1461415936
3788 1086203.6295093065
3791 1086886.3741255924
3794 1087500.7445364832
3805 1088132.4058473448
3833 1088979.7659760546
3838 1089496.6182010258
3839 1089837.3960998687
3840 1090066.0562027860
3847 1090366.6513791883
3853 1091288.3177797059
3866 1092017.1584876413
3871 1092191.0462878912
3874 1092806.9569162582
3886 1093530.7644215766
3892 1093590.4669364153
3893 1094769.0057607593
3899 1095155.7859101878
3920 1095903.0162171249
3927 1095939.7152156569
3935 1096106.5854157663
3940 1097855.1402056138
3947 1098527.4656642268
3959 1098673.3065727567
3960 1098760.9079533296
3961 1099710.3731233228
3963 1099996.1473719857
3974 1100965.4272933754
3981 1101808.5078952322
3983 1101972.1250602128
3998 1102593.6999498410
4002 1102807.2220722486
4005 1103733.2038144306
4006 1103765.0762668995
4011 1104093.1869779448
4020 1104211.1615265044
4022 1105192.7227304198
4032 1105251.7975472773
4033 1105890.4961845309
4039 1106518.2419943935
4047 1106975.2052031800
4065 1107273.4214229814
4068 1107727.8964669895
4069 1108034.3765879169
4071 1109045.4390846747
4078 1109658.9380713503
4082 1109756.4677267356
4099 1110049.3041034529
4101 1110234.8903867318
4130 1110290.0063541140
4140 1110933.3053882602
4151 1111812.5882942772
4159 1112235.7449246845
4172 1112378.4204995951
4176 1113359.4750071105
4186 1113940.2256997894
4196 1114656.5425411668
4200 1114924.5462454297
4204 1115463.3136984615
4206 1115525.4843429150
4215 1115917.5945984544
4227 1116292.7264588389
4240 1117165.0463066960
4252 1117516.5778661328
4265 1118109.4642072625
4270 1119042.9481944086
4298 1119140.5776083705
4299 1119718.1535205746
4300 1121183.7297328187
4306 1121560.5519451285
4327 1121752.2218573617
4336 1121782.2250799094
4337 1122008.1587437184
4349 1122008.9242562100
4350 1122329.4844040414
4360 1123242.6663973408
4377 1123576.0954740066
4383 1123578.8340495713
4384 1124263.5398757560
4386 1124551.0610198588
4388 1124877.2377609918
4403 1125301.0565429891
4406 1125372.6785174382
4415 1125719.1545645236
4416 1126171.7840104303
4417 1126471.4313732963
4419 1126580.7977620051
4423 1127014.3682296325
4432 1127439.6755109287
4441 1127849.5246273500
4446 1128020.2012441163
4451 1128199.3949741425
4454 1128205.2085600216
4465 1128992.2441908733
4472 1129367.3001771667
4478 1129726.9849004280
4501 1129874.4620298063
4513 1130517.4979231497
4524 1130829.6814758307
4525 1131763.2658760727
4529 1132687.6152039373
4532 1133176.4394924419
4540 1133261.2472090547
4544 1133349.1519741307
4548 1133750.4765546739
4583 1134100.4607918723
4587 1134125.1621861490
4596 1134564.9876043787
4597 1134854.5978534564
4601 1135340.7160145009
4608 1135927.5373237645
4622 1136132.0407281704
4626 1136894.6738502192
4637 1136949.7936832989
4641 1137478.4050200328
4648 1137878.1605657623
4672 1139212.6898884440
4678 1139968.4721789905
4681 1140315.7350159532
4684 1140740.4071694012
4687 1140743.3844717338
4698 1141452.7343556941
4701 1141460.7700955598
4704 1141613.0446844017
4718 1141843.0972374135
4749 1141991.9654816049
4756 1142530.2354220843
4759 1142798.8811567274
4767 1142993.3093126304
4768 1143692.8106883473
4778 1143945.2960664618
4782 1143978.3794693775
4794 1144960.4418947559
4820 1145947.7645057437
4822 1146459.3021204232
4834 1146700.0011142201
4841 1147325.0741823397
4848 1147879.7498367969
4857 1148386.0341089065
4860 1148896.4929591906
4868 1149128.1258854077
4878 1149321.5761842909
4884 1149391.6578367501
4901 1149418.1122318781
4903 1149441.3850171284
4904 1149739.9690776186
4914 1150425.8740597314
4920 1151307.2909735849
4925 1152044.0177798814
4929 1152381.5810585918
4933 1153122.2469321501
4935 1153650.1522594113
4948 1154569.7578265534
4960 1155178.2711062313
4968 1155597.0628627196
4970 1156155.1279317772
4981 1156763.6825393913
5012 1157249.9255052449
5030 1157369.3453147493
5034 1157502.3380912610
5041 1157582.4386046426
5055 1157830.9157859625
5057 1158000.4259904879
5080 1158083.9693379395
5087 1158176.8946358664
5091 1158331.5134065598
5126 1158619.2516353361
5127 1158815.8455586582
5132 1158885.6479026796
5137 1159463.8425954741
5146 1160399.6037751888
5154 1160783.9921274260
5193 1161015.7160486281
5214 1161815.1020467067
5218 1161866.7625549848
5221 1162412.2537846286
5232 1162430.9977098284
5235 1162811.4168613665
5248 1163324.8084170113
5256 1163525.9386179068
5277 1163964.5638896588
5281 1164820.8055615297
5313 1164850.3459847455
5316 1165065.2432154447
5320 1165092.2924189863
5322 1165442.3057600006
5326 1165566.2504208726
5334 1165635.0583248909
5360 1165757.1324924766
5369 1166275.6768546305
5373 1166481.1362608392
5376 1166821.4120798605
5385 1167065.1882427437
5389 1167065.8560901091
5412 1167838.6335367758
5418 1168519.7586698174
5429 1168613.0320197910
5433 1168726.6507764645
5464 1169450.1560223147
5468 1170298.7349878852
5484 1170712.1295295425
5488 1170936.9596366896
5505 1171101.1617971591
5513 1171309.4241961876
5516 1171884.6867826078
5529 1172358.7710704892
5532 1172516.5165940293
5552 1172943.0255163885
5553 1173105.0190408474
5557 1173790.4743572976
5580 1174158.0746288407
5591 1174269.1580108129
5596 1174650.2227373882
5597 1174654.5039202748
5602 1174843.7695848732
5615 1174845.9233378314
5621 1175692.8473547325
5624 1175845.4160412578
5626 1176658.1843288562
5635 1176900.0992437655
5636 1177576.9643222394
5637 1178328.0706810756
5644 1178634.3722527318
5652 1179129.4717528052
5658 1179397.0195853282
5684 1179618.3667993248
5685 1180314.7200314046
5705 1180490.0442194312
5710 1180639.0886881177
5712 1180818.1161806409
5719 1180853.1927538838
5743 1181114.5136372570
5756 1181313.6810844077
5758 1182067.9703280539
5760 1182590.2416137718
5763 1182946.3589474058
5774 1183496.0767119324
5797 1183528.6153086787
5809 1184769.3130912962
5840 1184778.1899150056
5857 1185044.3653473621
5895 1185357.9699220441
5902 1185399.5047001480
5904 1185996.3424024822
5908 1186885.6155326797
5914 1186989.4064800551
5915 1187453.0266173440
5939 1187965.7322238514
5952 1188898.3599237329
5956 1189236.1015806058
5959 1189602.1803315522
5970 1190501.5821992198
5971 1190728.1875158809
5972 1191559.0155254398
5996 1191811.5608340397
6000 1191933.8946729172
6001 1192242.9254570277
6015 1193227.7414917422
6016 1194286.3192077803
6041 1194742.5182336557
6073 1194913.8430969748
6083 1195014.5703385787
6086 1195470.6810542163
6090 1196255.7836024726
6098 1196892.1147087421
6130 1197884.7485347318
6144 1198398.6798276426
6162 1198438.4190643735
6163 1198750.2876436396
6186 1198828.7653828596
6202 1198876.4381805218
6206 1199743.7226246949
6211 1200392.8225606405
6234 1200512.6111728328
6245 1200673.3888688842
6251 1200900.7853530033
6257 1201061.5634445988
6268 1201913.3224695907
6316 1201982.3446497298
6318 1203039.7080723313
6320 1203814.7783892013
6328 1204305.7564638194
6343 1204706.7537911690
6390 1204816.5607892761
6403 1205155.5381636673
6404 1205512.8807681696
6410 1206241.3868524195
6451 1206809.0578391014
6462 1207177.7608370523
6500 1207618.1168274067
6502 1207871.9301459077
6506 1208261.4414069371
6507 1208774.5983773237
6513 1208962.6374791288
6527 1209622.7550023536
6529 1210065.9018379401
6536 1210422.2875633785
6538 1211052.7217878108
6546 1211341.6228889208
6547 1211750.9249050212
6552 1211820.9913728118
6563 1211936.6858785825
6569 1212215.1039349246
6571 1213111.7191911943
6583 1213806.6333468365
6590 1214222.9903373532
6604 1214401.1007558871
6609 1214651.0632652964
6611 1214699.4413990700
6614 1214940.4197119488
6615 1215167.3573221476
6629 1215278.7025747779
6686 1215920.3222350988
6690 1216158.0755199143
6703 1216471.5595380999
6736 1216667.7564910899
6743 1216699.4681041331
6752 1217131.7779656714
6759 1217200.8539053237
6766 1217283.9164149866
6768 1217670.1388288685
6769 1217677.6071520883
6770 1217936.7280427793
6780 1218579.5981036597
6793 1218826.1188262189
6794 1219336.7471419068
6804 1219865.7412249106
6808 1220512.8273021239
6819 1221072.5113310600
6841 1221134.7748161152
6869 1221247.3990976422
6886 1221348.2951469684
6911 1221450.1537352037
6921 1222395.8206017711
6942 1222455.2851120268
6946 1222739.5992807283
6947 1222742.5085500006
6961 1222992.3253379085
6969 1223800.1024464360
6977 1224016.3213751402
6983 1224312.4283464237
7003 1224570.1269659395
7021 1224723.0629459440
7026 1224898.5619552818
7049 1224903.2096071043
7086 1225718.2956772840
7095 1225790.6077554924
7114 1225898.0906088138
7116 1226181.3768713283
7124 1226403.0427235840
7140 1226915.3910967272
7155 1227171.8325942596
7184 1227619.1965121268
7197 1227955.3824542270
7207 1228171.8734486063
7220 1228625.3601877682
7235 1229709.3517777291
7246 1230155.5460200105
7257 1230803.5205345685
7261 1230941.8187810145
7300 1231131.7694202682
7301 1231405.4503302632
7309 1231847.6300588013
7324 1231851.2262626414
7345 1232795.9347133068
7350 1233786.7486348231
7360 1233998.1886650152
7363 1234246.3145772647
7364 1234753.4860704576
7380 1235312.7534798202
7400 1235732.5510822560
7412 1236134.9799623049
7419 1236566.2711602375
7442 1236586.9381208573
7443 1237180.1089536294
7445 1237540.0523009880
7449 1237546.1835578624
7457 1238086.3355137601
7476 1238611.3361411786
7478 1238734.2629332270
7516 1238736.7042973854
7530 1238937.9678584319
7535 1239253.9114859544
7541 1239719.5555745850
7548 1240271.7916773225
7549 1240437.4724661286
7559 1240486.6595116176
7561 1240559.2193077584
7567 1240631.3721273078
7582 1240935.8100908166
7588 1241091.4513027989
7592 1242073.3337799637
7618 1242188.1626676025
7629 1242377.2317596993
7631 1242578.6693648959
7654 1242818.2512784498
7667 1243099.2230429216
7669 1243238.8779245350
7688 1243461.6308340733
7722 1243571.6400451965
7763 1243815.9826338808
7764 1244306.3709924663
7777 1245205.2600382406
7799 1245593.0163268712
7804 1245629.0458181745
7817 1245883.5384384452
7857 1246729.0040062333
7869 1247249.7179513522
7887 1247466.0387792445
7888 1247781.6648204210
7910 1248075.8618291877
7911 1248572.5252706904
7917 1248603.6142192464
7929 1249270.9621470203
7939 1249771.0755528398
7954 1250101.0836227124
7962 1250680.5861287809
7971 1250946.4674923900
7975 1251247.7776715537
7977 1251296.4408769493
7979 1251364.1999490368
7989 1251827.9922959337
7990 1252521.4344420591
8009 1252828.7408844593
8035 1253506.1093598793
8067 1254052.5101230796
8069 1254292.5786227204
8073 1254313.4528520971
8078 1254888.4343256690
8083 1254895.5861513370
8085 1255446.7806754964
8103 1255619.7118092803
8115 1256519.1941167752
8140 1256627.3153853158
8145 1256995.6391401913
8147 1257217.4844505896
8153 1257810.1456099143
8168 1257927.2448694305
8182 1258014.7539349329
8198 1258196.8456885736
8249 1258595.4388979741
8251 1258801.9276873805
8258 1258911.4756920401
8272 1259401.3073300382
8310 1260118.5169000730
8313 1260436.8257432061
8319 1261147.0676801491
8329 1262435.8693306029
8352 1262713.9956103747
8374 1262714.1106372548
8406 1262925.8878574199
8407 1263746.0756856357
8409 1264037.9467857231
8412 1265011.0018664508
8417 1265217.4811836351
8483 1265603.8949816937
8503 1265750.6920699296
8520 1266224.8889476422
8527 1266581.6190614486
8533 1266697.0708941382
8574 1266989.3055362566
8622 1268237.1071312977
8647 1268826.8042109802
8661 1269141.9026915287
8687 1269287.5683873170
8711 1269454.9909360467
8723 1269576.4623880452
8751 1270284.2346635587
8779 1270722.6226726640
8824 1272005.0916919962
8829 1272334.8103279232
8837 1272614.9370144699
8839 1273015.1604632679
8887 1273065.9209510481
8906 1273747.5622288219
8907 1273935.7441872596
8958 1273938.0853056449
8979 1274624.5528061017
8990 1275152.7987221128
9015 1275364.5236339010
9035 1275366.0672640167
9046 1275485.3594569084
9051 1275779.0322948250
9066 1275862.2649057910
9067 1276349.0882904325
9084 1277031.0246700468
9099 1277048.2450867530
9113 1277445.7724952833
9122 1277552.4662025995
9131 1277632.1285799709
9181 1277697.4676188009
9193 1278223.6976550983
9201 1278414.4511541459
9252 1278967.3326131329
9260 1279177.4824605044
9287 1279692.9492948542
9289 1279868.9722198767
9294 1279961.1339869192
9317 1280869.6882811587
9325 1281092.9251975615
9386 1281280.4372912263
9399 1281446.8196774556
9416 1281612.1545682882
9447 1282254.0790185935
9455 1282675.1773794906
9463 1283159.5046820641
9492 1283334.2216790265
9501 1283532.8657962291
9558 1284098.3506260093
9559 1284973.3321244929
9648 1285184.4307262865
9654 1285577.3060919291
9656 1285855.1688561977
9657 1286134.6345571959
9683 1286425.7143829933
9695 1286587.1129296273
9718 1286650.0301416041
9745 1287204.3807113494
9748 1287804.6783363947
9756 1288223.7140496948
9776 1289912.9281399054
9779 1290228.5823734822
9791 1290789.9178052980
9801 1290917.9029095585
9840 1291750.6682714887
9863 1291864.1010430814
9864 1292099.4685540416
9905 1292183.5848503583
9906 1292222.1635860528
9915 1292945.6132402404
9933 1293170.7348923879
9942 1293332.4103722139
9958 1293485.9151533381
9973 1294210.3361076093
9988 1294242.7281403372
9989 1294250.3472203207
10001 1294250.3472203207
evaluations raw_y
1 652142.3715301787
2 653815.3865375143
3 654345.8681553820
4 655180.3434003496
10 655741.3146537509
11 655791.9527284792
13 656580.0944451776
17 657185.6870646756
21 657466.1917780746
22 657881.7978963116
23 658551.4205334492
29 659159.3398012694
33 659897.5322885244
34 660039.6266972901
38 661398.8645377167
40 662212.1106067897
46 662283.4803586730
47 663139.7401510718
50 663998.8966675606
51 664688.2560106947
52 665399.9544956592
54 666371.8475518200
55 667958.7299481675
56 668374.8734187065
60 668557.6618721472
61 668580.0688305486
63 669039.7117690828
71 669721.3845787871
77 670991.0672827542
79 671474.9023474130
83 671526.4534586425
87 671795.1611725427
102 672639.3080263989
107 673636.0868939080
108 673911.1635708067
109 674084.6023153230
111 675061.7640853067
116 675273.6915974057
118 677209.3767476327
122 678971.2967015100
126 679213.6762839742
130 679339.9776762627
131 680077.6058102935
135 680811.0003572820
139 681040.6042536495
141 681689.3955339591
143 682299.6105062958
144 682744.1449376026
146 683320.9612968466
148 683416.4792072267
149 683848.0498611473
151 684334.6640553984
152 684753.3635737139
156 685541.1368482300
160 686496.2744310689
163 687965.7454880289
167 688702.2957309566
169 688838.7201692607
173 689814.1407053571
174 690057.6206241755
175 691231.1020690524
179 691544.0396361445
180 691846.9762130848
181 692446.8542003910
182 693045.2808588386
183 693225.8991589813
184 693568.4701734574
188 694480.8788879957
195 694780.6087036290
196 695411.3792991427
206 697170.3839520571
208 697350.0281939276
214 697947.7276652117
219 698099.6507256475
224 698561.2755315721
225 698900.6493160607
233 699807.5394954585
236 700641.5046437281
237 701085.3688814809
242 703135.7148388934
245 704147.3788356122
248 704516.0984177609
252 705566.1480601026
253 707305.1009140509
255 707676.9962483307
256 708219.2801392354
257 708414.0834099012
260 708631.5171460824
262 709532.9835814460
264 710854.0328945932
266 710937.8948894218
268 711829.2781577483
271 712220.1855433218
274 713071.5568198072
275 713629.7677929651
276 714427.5795274957
283 715263.4707988234
290 716099.0252310747
292 716802.1472493521
297 717710.6888345665
300 718364.5026033623
307 718965.3009892097
309 719092.5469177401
312 719645.0006056296
318 720509.5327460608
325 721341.4591801994
326 722136.9561499055
328 722356.8836224350
330 722536.3174907641
333 723334.9789139596
337 723457.9289119439
340 724222.7925794302
345 725486.2437652070
346 725773.3459976912
349 725839.4092910085
350 726046.5826852946
352 726567.6604616954
356 727484.3474294265
357 727711.4679840313
359 728560.3468977069
365 728805.4825395374
366 728882.6606225997
372 729683.3830366180
374 729944.2527047145
377 730484.7697752787
384 731589.5241552747
385 733139.9957297381
387 733810.4857214151
393 734846.6223462311
395 734847.1527862301
396 734950.2252881239
400 736019.8344289566
407 736577.6707141686
409 737384.5968887948
417 737516.9685310093
428 738318.5236886530
429 738987.7026718491
431 739350.9244537951
432 739685.0071645703
434 739919.8925323557
435 740072.4991950872
441 740988.9823102581
444 741630.3180537486
445 742231.7805822846
446 742735.6479517893
447 743395.5689087579
448 745486.2580597026
454 746070.2986219556
457 746230.1726547090
462 746429.7282487710
466 747009.1710344708
468 747279.3561143624
476 748191.1081128194
477 748946.2136101986
484 748970.7593751820
486 750175.9707884983
488 750382.1977475006
503 751358.9494404916
507 752135.3310299076
513 753068.5562726473
520 753842.2588461626
524 754069.1025413893
529 754249.1263158655
532 755205.6307898056
533 755722.6071174337
534 756784.5088257078
544 757722.1227751152
548 758198.9409631669
549 759128.0653482652
550 759199.1200732472
551 760110.7043523227
552 760552.5556017699
553 761445.0119579694
558 762264.2751305164
561 762652.8550249189
562 762837.5843306425
569 763809.3712356029
572 763940.0628749803
579 764783.5609052924
582 764855.7322981404
583 765120.2061328832
586 765147.0924230132
589 765704.4544403550
591 765944.8828695541
594 766503.6560363177
596 766644.7446948237
599 767182.1130725599
601 767988.9522642799
602 768229.8874371301
603 769652.4231685911
607 769942.0479326859
609 770020.0219119937
610 770110.9245178708
612 770921.9042640260
613 771810.1402140664
620 771850.9440597163
624 772302.8578447240
625 773028.5668691214
633 773528.9415110479
637 774218.1516835066
643 774929.1984184849
650 774973.8544995200
651 775032.2741036629
655 775218.3637334829
657 776608.0717277694
667 777137.6581465519
670 777466.1291627692
671 778383.9661810499
673 778989.8184205025
678 779174.4456151194
682 779799.5778012092
684 779801.4731157438
686 780383.1376436990
687 780429.3137859359
690 781175.9495024951
695 781684.6430025683
703 781912.4185333000
704 782104.2864361063
705 782563.1425006874
708 782671.5566356232
711 783428.5482103709
712 783547.3927869574
713 783910.3767647498
718 784226.9218853083
719 785127.3831627738
720 785892.0044595900
721 786835.4171606513
725 786911.8725200243
738 787223.2652456658
741 787830.6187706422
742 788341.2936293847
743 788917.5837718695
746 788978.5549838728
747 789184.0519007730
752 789735.8366573167
762 790095.1659561680
764 790995.2487143271
767 791304.0107801147
768 791747.9120443641
773 792568.8963414779
779 792766.9443297068
782 793778.8750732502
783 794686.7566041622
784 795618.5458579273
787 796043.1525863140
789 796278.7622052081
792 797066.0845755326
804 797171.0397437081
812 798326.9973020535
813 799062.1625750576
815 799375.9100040562
820 799956.7692859786
822 800303.3653120789
826 801470.5903396050
834 801982.5560641746
836 802728.5010907510
837 804408.9658636054
839 804715.5155477388
840 805130.6466773390
844 805304.5047526309
849 806211.8602439245
857 806295.4818794510
858 806502.5372417964
860 806530.1808786993
866 806963.8646481145
867 807810.0716512904
872 808855.2285387907
876 809576.8221896618
885 810236.0263183851
886 811208.9361634962
893 811565.6843809905
901 812341.9402308475
903 813266.4535875397
907 813290.9650077244
909 813802.5025333558
910 814359.3666084462
912 814366.2437848941
925 815307.2978041162
929 815918.7357084512
933 816254.5370251037
943 816448.0764125125
950 816481.4896597017
954 817029.8397566545
966 817051.4813209651
971 817663.1936522777
981 818846.6962539969
988 819471.0124556536
990 819618.0131812781
996 820015.2429834777
998 820472.3367377080
999 820899.2607132179
1000 820934.6754771041
1001 821033.1258404261
1002 821735.6558587761
1004 822613.5161878754
1010 823379.7769912676
1015 823476.9594788048
1018 824021.6543493678
1029 824796.7765453554
1031 825112.6456235710
1033 825174.6341246724
1034 825916.9866133637
1039 826537.7872123973
1040 827131.9742376809
1043 827793.4898639732
1051 828610.0320115547
1060 829163.1418291306
1062 829260.6151547029
1067 829825.1280381343
1068 830621.6227323965
1079 831006.4398474267
1081 831538.8164131729
1082 831981.7305745559
1086 832575.1885545226
1091 832628.1604209188
1096 833254.9617787567
1100 833917.9480926009
1101 834477.2978141913
1113 834754.1470890029
1119 835324.2319775270
1123 835529.3516289832
1124 835544.2633564682
1125 835715.7121379549
1131 836516.0216291193
1133 836670.9183414201
1142 837340.1106449558
1143 837992.8703534191
1147 838025.6144999433
1152 838325.3421904921
1154 838398.3304774538
1162 838943.0345900013
1163 839551.7622869756
1165 839844.9884781518
1166 840106.3299695934
1169 840805.5957281141
1176 841740.6403389240
1181 841915.1896986681
1182 842162.5406864232
1184 842193.9665314344
1186 842871.5425702529
1194 843344.5839659235
1195 843985.1930046596
1199 844136.4617991110
1204 844428.1685102443
1206 845375.3306968568
1207 846246.1593295177
1211 846607.2264758544
1218 846810.3949436340
1219 846812.1918846074
1221 847624.8554491700
1228 848367.0197016102
1233 848942.7177405371
1234 849150.6379159817
1235 850011.4835192962
1240 850590.4268062715
1241 851582.3047577810
1244 852542.9797272853
1245 853141.2503427466
1246 853494.4254348571
1252 853664.0546204996
1260 853967.0453188196
1268 854173.5342369966
1271 854908.2522972635
1278 855103.6221201618
1280 856427.6489772426
1284 857052.7508082000
1287 857453.2652390735
1291 858127.5254311082
1292 858900.1830623588
1296 859118.9196583262
1307 859482.3763631280
1311 860270.3536407816
1314 860336.5084232265
1318 860965.9091963137
1319 861914.3482144953
1323 862485.1386476776
1324 862934.2041203361
1326 863285.1692251018
1327 864130.8722672593
1329 864862.2891811520
1331 865230.9124561938
1338 865434.2558976277
1341 866121.0794249432
1342 867175.7848649664
1347 867811.4355759568
1348 868371.4875314086
1350 868486.7482848685
1353 868846.1476942713
1355 869747.8145055210
1358 869972.1437054727
1364 870292.8061968762
1366 871068.6521634037
1367 872426.9028985396
1371 872471.5252364968
1373 872994.9737140909
1376 873796.7630811870
1380 874467.2981451129
1395 875176.0111195395
1398 876596.5088269718
1402 876924.3138890776
1405 877019.5635896298
1411 877073.8183828162
1412 877453.3283702895
1421 878428.6395731218
1426 878595.7833597913
1441 878729.4734780560
1442 878799.5844730268
1443 879525.9440953984
1448 879531.8738611748
1449 879841.1082125803
1455 880441.6896611970
1456 881176.2037001775
1462 881620.8380341924
1463 882346.2600972502
1464 883871.4321210152
1466 884368.3507414910
1467 884613.0871306075
1468 885498.2962299616
1473 886264.7704360940
1481 886512.3502019577
1483 886973.0153709031
1488 887057.9761480320
1489 887385.3052768097
1496 887508.5724394602
1502 888021.6078540575
1511 889491.3317533059
1513 890297.0376028745
1516 891264.8541026606
1523 892252.7935623809
1527 892736.0407519953
1531 893052.9401743446
1538 893240.3795706270
1540 893720.8574834879
1547 894097.4811664366
1549 895123.4950974475
1553 895554.0996244430
1558 896194.1564328352
1561 896393.0279146117
1562 897012.5480541713
1564 897318.7037498514
1569 898561.9274579586
1576 899592.8207304106
1581 899721.6694801588
1582 900248.9692415508
1585 900343.1004703479
1587 901739.4283949209
1588 901773.8215799863
1590 901970.7057682580
1593 902456.2003592479
1598 903378.0213722184
1599 904077.8848230310
1601 904539.4061637295
1612 905596.2802007308
1613 906329.5368440470
1615 906435.5739508613
1616 906473.9872485460
1628 906772.6989928774
1630 906812.2852430036
1637 907014.2995737536
1638 907156.1926702966
1639 908064.4855838253
1642 909240.1237520839
1645 909357.2968096427
1651 910089.7993334983
1652 910583.9451531768
1662 910806.4962094626
1673 911621.4592726702
1678 912010.1801673453
1681 912600.1372948425
1686 913497.8232745382
1687 913761.4933560141
1690 913854.3310809702
1696 914119.0238954762
1700 914948.5059844360
1705 915216.7651771571
1708 915818.6297094139
1713 915869.4743681706
1715 916345.1393971427
1717 916927.7165375956
1720 917569.2955366125
1722 918085.8936400280
1723 918949.4227468059
1724 918963.0262328095
1742 919429.2191481054
1750 919460.8418964393
1755 919574.4139857694
1756 920175.1988445563
1757 921107.6299561830
1764 921692.2062104794
1768 921811.8967514874
1769 921963.4938523483
1770 922559.7742093995
1779 923044.4707741251
1780 923098.6410606292
1781 923721.1275066646
1790 924631.2178584591
1792 925109.3650571326
1805 925113.0322582987
1808 925685.9866111879
1814 925952.5461428277
1819 926345.3133197720
1823 926996.7557261853
1824 927926.1492190035
1826 928620.3182955713
1832 928825.7443848762
1833 929295.0769835634
1836 929356.3169404946
1844 930036.5911983586
1847 930093.2800422518
1849 930931.8722558086
1850 931658.8618732714
1851 931939.2808104804
1854 932022.1938028990
1858 932102.4040646197
1860 932818.6870426183
1876 933126.4221202984
1877 933588.2256985283
1879 934026.2942785203
1889 934182.4640846129
1899 934542.0697879524
1900 935501.1354174295
1904 935928.5755486917
1907 936415.8159086701
1908 936722.5344975613
1909 936981.7898591950
1911 937719.1586691540
1918 938447.2288111245
1922 938838.4807404117
1928 939666.0343720310
1937 940046.9339212116
1940 940758.8618273975
1946 941162.4904525710
1949 941219.4505931109
1959 941315.8741611011
1962 941920.8033180794
1963 943122.5114140427
1972 943958.2803348360
1974 944823.6956829197
1975 944945.2522417083
1982 945203.5192250285
1984 945736.5757978656
1990 946599.9459234994
1996 947048.6613577208
1997 947134.7919948582
2012 947927.6530897262
2017 948812.9351802490
2025 949131.7803190070
2027 949512.4078041203
2030 950236.4464984470
2037 950420.7502853718
2040 950773.4605487105
2052 951003.7309426955
2059 951088.3897114190
2063 951902.0934623262
2066 952393.8102904505
2070 953377.3241854465
2075 954221.0995586333
2085 954643.1944284901
2091 954925.6346795345
2096 955015.9878630117
2098 955273.4174608499
2104 955291.4686667486
2105 955540.8486818372
2110 955695.4974942934
2111 956489.4337752771
2118 956494.0442729208
2121 957408.9752444777
2123 957852.7043888711
2124 957908.4040941161
2125 957913.2914146821
2128 958890.2501800937
2131 959850.3375485489
2146 960780.0348756795
2147 960808.2259738916
2154 961209.6279502430
2162 961339.1510984168
2171 961954.5392062229
2172 962562.6488967458
2176 962916.6994542222
2179 963342.8615173589
2190 963727.4624876623
2192 964365.1644390930
2197 964374.9362642490
2198 965299.0421636160
2199 965740.1435106919
2203 966505.8822020566
2206 966630.0062278069
2210 967443.4372484024
2213 967610.0691271547
2214 967986.1713739719
2225 968662.0572985134
2226 969975.5148767380
2234 971385.3947554155
2237 971688.7566135805
2240 972031.8185600818
2244 973257.7086752754
2254 974199.1316580285
2257 974676.3199770800
2270 975122.1255196307
2282 975777.7199001650
2285 978116.2088146732
2288 979095.2813857516
2290 979482.5571565811
2291 979705.5908986308
2294 980599.7975089885
2299 981150.3651054669
2309 981222.9313439749
2316 981903.5836752827
2330 982310.4867038039
2333 982512.8878506982
2337 982989.3194257317
2351 983770.3991106957
2359 985155.8361248819
2363 985803.0319330120
2365 986373.0069192401
2372 986492.7059122929
2379 986530.1341141675
2381 986876.5888523286
2395 987119.1095341811
2396 987156.1104480053
2400 987488.7994071919
2405 987916.7953590368
2411 988623.3113023124
2413 988833.4199581932
2416 989680.0518169155
2426 989940.9941490865
2427 990343.7076753955
2445 990453.8245381344
2447 990875.6239130838
2453 991995.5813162122
2459 992703.4282539794
2460 992900.2647734563
2461 993879.1865618149
2470 994235.2396409395
2489 994983.0675411603
2493 995779.9186701009
2494 996632.5653436724
2496 997691.4754236641
2499 997932.6455546014
2504 998375.4915472874
2506 998383.8703512137
2507 998649.1808457004
2511 998866.1281035895
2514 999319.1023884208
2521 999391.4726340761
2524 999635.8651107959
2531 999847.0704546636
2540 999892.4438115845
2542 1000255.0938320406
2548 1000917.3319247287
2557 1001301.3619440835
2558 1002232.0561031913
2564 1003036.1794588139
2566 1003263.4810762017
2571 1003761.1133394161
2572 1004317.8078251781
2584 1004373.9740112004
2589 1004560.7792112266
2596 1005485.6646872910
2602 1006091.2671589593
2608 1006209.5892594673
2610 1006723.2250321975
2613 1006745.8327531934
2614 1007397.7965256210
2617 1007499.7347404689
2621 1008063.3189463236
2625 1008484.0822597455
2631 1009092.7404184217
2634 1009531.1072494014
2644 1010199.2154434060
2655 1010412.5154581779
2656 1010764.5078485995
2663 1011504.1910636310
2672 1012321.5675741201
2676 1012526.8473640356
2679 1012834.8858447960
2681 1013527.7644206930
2696 1013686.7261824327
2711 1013926.1484626883
2718 1014372.8945470022
2720 1014513.8619740241
2723 1014758.4013469727
2732 1014852.1079546638
2733 1015905.7289245068
2734 1016528.1119964910
2741 1017198.3325575871
2744 1017554.2819486725
2745 1017719.8135627144
2747 1017765.5222918558
2761 1017850.8334319656
2764 1019170.6252567568
2768 1019274.7665209720
2773 1019550.7844963166
2790 1020443.7571249328
2792 1022318.0385304532
2793 1023080.0266957195
2797 1023935.6479917520
2800 1024627.6848111833
2804 1024963.4293532030
2817 1025285.0440974062
2819 1025668.0120417414
2824 1025967.5570403248
2836 1026796.7005046357
2837 1027694.1036865436
2842 1028218.1896652526
2858 1028803.4366137459
2866 1028949.3061171083
2877 1029828.1929385237
2898 1030587.3033385226
2901 1031549.1555951575
2908 1032127.0221714732
2911 1032964.7512318159
2912 1033596.3261410994
2918 1034942.5689892786
2919 1034966.3813531180
2921 1035186.1444835081
2930 1035222.0345305878
2933 1035775.7446453259
2937 1036292.3042648343
2938 1036637.4124436700
2939 1037564.1508576267
2941 1038479.8262465161
2943 1039166.0123383325
2945 1039351.2991042916
2946 1039926.1740321834
2951 1040011.9474883663
2964 1040027.4561616054
2987 1041209.3321527549
2992 1042165.3886553801
3021 1042767.3421762051
3022 1043507.4749512507
3031 1044068.8783970918
3049 1044616.8573359799
3052 1044697.5383638853
3056 1045609.3239314179
3062 1046305.9722377452
3064 1046451.2710085474
3065 1047273.5552383781
3068 1047862.7676771403
3074 1047880.0526632732
3077 1048298.7821576752
3078 1049077.8654879776
3081 1049741.6821335601
3084 1049838.6114657714
3090 1049850.8813143903
3094 1050172.7480320637
3102 1050993.1746931223
3109 1051108.0368539225
3123 1051715.7953061606
3134 1052403.9434555301
3136 1053102.4805780624
3169 1053173.7893596208
3170 1054005.6847976334
3178 1054284.0145549998
3196 1054832.9423403523
3208 1055297.5309565444
3213 1055589.9160426906
3227 1055812.5932401170
3239 1056083.9491190307
3257 1056415.2248506097
3263 1057031.2215921662
3265 1057871.4558237889
3275 1058035.7751734226
3276 1058971.5359232188
3281 1059318.8744057678
3287 1059463.3663105429
3288 1059479.3268172953
3297 1059821.9278306912
3307 1060266.0366564135
3317 1061105.5349491711
3324 1061332.5159696348
3334 1061916.4567532709
3336 1062096.0103530658
3341 1062970.2184883975
3345 1063636.5878352926
3346 1063817.0955099426
3348 1064259.5063327281
3352 1064805.8576798390
3367 1064924.8499692834
3372 1065367.1045899224
3395 1065641.8915336875
3397 1065663.0415997442
3398 1066320.5372038439
3401 1066972.5438907559
3403 1067835.1823905602
3409 1067895.8113662270
3411 1068231.3575590195
3424 1068491.7126138986
3428 1068549.0598962337
3439 1069353.7896023467
3444 1070001.3863213935
3452 1070763.2122592311
3482 1071132.3589355696
3500 1073010.3353046887
3503 1073766.7891612884
3505 1073771.0819684104
3513 1074401.0088360477
3525 1075292.1243907020
3534 1076199.6549606449
3536 1076983.3519948197
3537 1077927.9384605035
3541 1078583.0028427197
3549 1078640.6736732835
3556 1079155.8015513085
3573 1079416.6133890301
3579 1080074.7034009690
3582 1080109.5194049710
3591 1080744.4522799561
3599 1080807.9648251613
3600 1081299.9693071155
3601 1081429.1790297444
3605 1081456.1188664613
3609 1081769.3279319878
3613 1081856.5691271203
3616 1082062.3220797200
3622 1082744.9454863342
3626 1083067.5249763520
3628 1083756.6626520744
3630 1083783.9700816800
3643 1084756.4016645472
3648 1085031.2942401911
3657 1085964.8884195429
3690 1086859.7396130899
3691 1086985.8832510882
3692 1087908.1056297724
3707 1088506.9761866764
3720 1088961.3429651239
3735 1089627.4364656177
3738 1089831.7123490623
3752 1089969.1627741249
3758 1090757.2432094533
3762 1091445.2641865050
3774 1091857.9237100431
3781 1091932.9919316047
3787 1092269.7497979160
3797 1092797.2639280697
3817 1092877.0148104862
3824 1093380.7348739034
3828 1093396.0233501955
3829 1094176.6824281325
3838 1094187.6922924817
3841 1094368.2814742995
3843 1094425.6475053683
3844 1094471.6047235294
3853 1094714.8681839078
3866 1094832.3484403219
3868 1095617.7325573119
3883 1096122.1494354163
3884 1096774.6598334729
3891 1096829.2841170344
3893 1097458.7760568804
3895 1098432.4303465381
3897 1098511.5354634777
3915 1099241.0416393997
3921 1100235.8032999560
3922 1100425.5059839583
3935 1100511.1116437775
3936 1101191.9994944988
3939 1101246.0113352763
3945 1101404.9530800474
3952 1102142.1589603839
3960 1102736.3920900652
3967 1103291.3042949578
3969 1103558.8446756436
3977 1104639.9998050441
3979 1105098.3087534895
3996 1105509.1107697706
4001 1106321.3776574354
4002 1106375.1821619736
4013 1106425.0845678542
4015 1106895.3684445042
4029 1106907.4907268367
4039 1106908.7762754248
4040 1107532.4827985847
4070 1107956.7850510227
4075 1108088.7951803363
4091 1108183.9180708649
4094 1108325.8362956005
4100 1108521.6477233751
4102 1108737.1222038353
4105 1109485.9651375895
4106 1110109.7600911434
4108 1110227.7431258366
4119 1110298.4638263439
4122 1110709.8021915068
4131 1111360.5122072885
4140 1111918.5225051835
4145 1112121.5192715961
4155 1113001.9742515294
4162 1113620.9041243342
4163 1113656.5098062195
4165 1114161.8116681718
4172 1114371.1363232553
4173 1115221.1259686558
4176 1115636.7693127913
4182 1115779.4475786530
4183 1116394.4915223822
4190 1116413.9291076134
4204 1116432.3882351287
4206 1116600.1028332741
4221 1117209.5344233329
4235 1117569.5384993793
4239 1117840.0136775828
4242 1118346.0467736421
4243 1118709.8312357087
4245 1118785.3743725654
4259 1118937.5597757283
4266 1119654.1644759041
4275 1120834.7108485436
4278 1121125.1046565010
4282 1121370.0459668557
4289 1121897.6757248747
4314 1122204.0816591240
4330 1122303.7287958923
4337 1123082.7484910151
4344 1123718.5488173333
4349 1124038.4278356479
4351 1124512.7885595255
4352 1124573.6991002553
4360 1124660.4115129730
4387 1125172.2631595246
4392 1125694.9296781984
4397 1125939.2497445513
4414 1126492.1267129984
4417 1126530.4686721980
4419 1127437.5812107252
4422 1127714.4439526605
4437 1128875.7661861044
4444 1129212.2114199530
4448 1129367.9249232158
4449 1129543.4114834126
4467 1129900.1479537212
4472 1130097.6398066373
4504 1130794.7652750127
4509 1131210.1234605524
4512 1132162.7778958059
4514 1132800.8257824427
4516 1133216.8001827556
4517 1133331.2679896574
4522 1133709.9206213905
4527 1134134.2439989222
4528 1134870.0862178395
4531 1134924.7554388726
4536 1134945.8987418017
4546 1135089.1060368288
4556 1135277.4151351729
4561 1135352.9511547305
4565 1135508.2577379895
4585 1136140.0797564222
4592 1136759.3066445759
4622 1136899.3800122833
4623 1137046.2186153817
4629 1137967.9301820111
4630 1138168.9327733184
4656 1138838.8401488489
4672 1139354.6080723968
4677 1139672.5327024378
4684 1140690.8300470756
4689 1141456.0379784144
4702 1141876.4107476899
4714 1142000.3790759966
4718 1142779.4254883418
4719 1142842.0453219004
4732 1143056.4854213819
4737 1143950.0233794346
4740 1144909.6900335283
4744 1145065.6815547629
4755 1145379.9301556859
4778 1145840.4457861499
4794 1146015.1440675671
4799 1146585.6161309874
4826 1146982.7629631874
4829 1147612.7849665345
4848 1147785.8983577271
4867 1148244.2922543241
4870 1148447.9105966208
4883 1148518.0030739605
4896 1148518.9997370881
4906 1148921.6790274936
4925 1148995.2843876639
4942 1149763.2682683915
4956 1150113.7916102160
4957 1150363.3047264689
4972 1150488.9308010780
4979 1150818.2082053265
4986 1150947.5572475342
4988 1151183.3099579948
4989 1151313.7828539049
5007 1151877.3512409453
5008 1152307.6098694610
5039 1152809.1085511339
5052 1152986.9359102857
5055 1153191.2683265249
5074 1153377.4262374353
5076 1153583.6403038925
5083 1153922.9462663382
5087 1154004.2025227563
5103 1154132.7047479441
5113 1154580.7634037801
5119 1154962.3865938757
5126 1155131.1756402722
5131 1156072.5889942062
5176 1156482.8835290628
5178 1156943.7416295968
5190 1157643.2291000125
5204 1157646.0334401547
5210 1158329.6721092022
5213 1158779.5208581276
5244 1159737.3652373559
5252 1159958.6710407343
5264 1160136.8126128735
5277 1160502.8230837809
5288 1161262.9574950493
5293 1161959.4692642312
5296 1162368.2881229250
5308 1162762.0967548073
5328 1163432.1411144347
5331 1163791.2548793955
5339 1163933.3710166204
5344 1164219.1885583515
5355 1164749.4658625538
5364 1164774.9486780209
5371 1165024.8147996236
5385 1165264.7042204402
5401 1165662.9473743362
5410 1166239.6777150386
5415 1166558.5048772059
5420 1166565.8881071727
5427 1166637.7479762365
5429 1167278.9971067603
5434 1167419.2849707694
5461 1167576.1074238904
5478 1167797.0873515352
5490 1168640.5590867465
5492 1168928.4683445173
5495 1169525.0769499314
5497 1170209.0821484309
5511 1170717.0461601680
5519 1170868.1990440048
5524 1171334.6632223197
5536 1172066.6234282164
5546 1173045.4328023198
5555 1173905.7461137644
5556 1174249.0893093576
5561 1174292.3717696285
5570 1174635.6594596049
5578 1174654.4642160044
5600 1176097.5710067449
5612 1176774.0671736819
5616 1177543.1712246034
5626 1177666.9131565467
5641 1178230.6578977671
5651 1178807.8536029060
5692 1178992.9263133584
5715 1179379.7203161595
5729 1180217.0406121332
5743 1180820.2481499510
5749 1181060.8130068718
5752 1181433.4845776458
5759 1181481.4163034605
5771 1181965.6753555818
5795 1182749.6409381896
5798 1183101.8431324002
5819 1183172.6667599734
5822 1183256.7498200880
5831 1183459.0867302173
5836 1183803.3374897423
5837 1184148.4385263438
5862 1184543.8603597719
5874 1184577.9189457330
5876 1184882.2721117183
5908 1185067.6102954771
5913 1185334.4317930604
5915 1185600.8373393568
5929 1185822.4593045097
5932 1185976.5057739674
5933 1186193.6634091297
5950 1186246.0449806182
5970 1187106.7148935946
5976 1187407.6681764799
5991 1187602.4263135847
6001 1187699.8090624418
6004 1188296.5552643512
6011 1188316.6164669890
6035 1188327.6865770873
6068 1188479.4171541748
6072 1188497.8578500678
6077 1189411.2709359755
6082 1190036.2794074512
6084 1190101.8479494592
6087 1190384.9496698407
6115 1190747.3105222953
6133 1190758.4872329305
6139 1191264.2402869591
6141 1191451.4051707871
6178 1191453.5846981024
6180 1191545.3780467750
6202 1191884.4089596828
6239 1192425.1222198124
6250 1192541.3506656177
6265 1193168.1001684153
6270 1193414.9095201669
6335 1193934.5838390191
6346 1194486.9105051535
6347 1194967.5904082181
6352 1195038.7785754353
6369 1195225.9130044330
6372 1195471.3594019662
6422 1195474.5984173922
6430 1195819.0887546369
6432 1196650.1504008181
6436 1196653.7483648306
6442 1197268.4986562114
6445 1197818.4372596024
6452 1198061.7408590885
6466 1198556.4263617557
6483 1199538.8546001497
6492 1199802.3999493499
6494 1199921.3263449431
6496 1200009.2840994271
6526 1200187.3272801065
6533 1200276.7225274448
6548 1200417.2255428047
6551 1200865.4580664174
6578 1200925.7300937353
6597 1201645.0962941344
6611 1201812.9974560931
6615 1201820.2934463758
6628 1202103.7562017869
6636 1202639.4198168053
6648 1202711.7259405390
6659 1202930.8597076579
6664 1203632.6048136747
6680 1204033.1322162594
6694 1204124.1715154103
6706 1204682.2693751561
6709 1205009.2814017858
6711 1205214.8541743595
6721 1205219.0115996874
6726 1205324.9565302504
6728 1206006.6153337534
6749 1206612.3938897834
6759 1207139.5282241129
6765 1208464.0084926311
6798 1208644.0245979275
6812 1209384.3745613499
6823 1210352.9707270395
6833 1210438.2615940543
6874 1211215.2293852200
6892 1211475.1148148156
6899 1212074.2398753939
6913 1212267.4954229053
6920 1212540.4577906160
6927 1212905.0952804582
6937 1213206.6550646806
6952 1213247.3188332750
6970 1213546.8298662794
6987 1213925.8004048525
7007 1214047.8755114158
7041 1214648.6121789534
7042 1214854.4542772190
7068 1214891.5400408064
7108 1214984.9588590483
7125 1215240.3891033048
7129 1215310.6944138566
7139 1215348.7862946151
7146 1215350.1782639404
7160 1215892.7944644410
7177 1215893.2560210931
7202 1216021.7677882316
7219 1216318.3052831055
7223 1217027.2737860964
7226 1217124.9274808739
7238 1217132.4966952289
7261 1217360.4062045370
7288 1217744.5647222549
7291 1218500.2184550832
7295 1218849.4755117621
7302 1219001.1284387496
7303 1219765.6747247579
7305 1219921.6688927750
7325 1220434.9646184798
7337 1220509.2141972242
7343 1220567.2019129870
7344 1221142.8848242930
7360 1221455.8172770862
7379 1222238.3084310601
7410 1222378.7642963268
7411 1224013.4796531587
7412 1224620.3233943533
7455 1224624.7615264391
7461 1224629.9203479928
7468 1225137.3116855859
7478 1225270.9337729190
7489 1225706.6236774258
7500 1225744.4707508727
7509 1225769.4326485579
7515 1225770.6399861581
7518 1226160.0393554354
7536 1226507.8636009279
7541 1227139.6393154950
7593 1227594.3860515489
7613 1228030.6423272248
7644 1228100.7932099365
7664 1228365.8810348287
7673 1228408.2469789537
7679 1228425.3941125709
7682 1229122.2162410307
7688 1229171.8041733394
7690 1229540.1205805074
7726 1229769.7055073585
7756 1230396.5749184201
7824 1230724.2763609167
7884 1231300.2650205048
7892 1231465.7638346155
7907 1231874.1848252132
7928 1232859.2393731782
7935 1232897.2058145029
7956 1233217.0901457726
7960 1233803.3937555703
7969 1234105.9899367043
7971 1234216.9715400438
7987 1234364.5469967516
7994 1234579.6790473224
7999 1234810.1867898440
8006 1234967.2940022391
8010 1235388.8995116244
8015 1236189.8381081298
8017 1236625.6528239283
8022 1236963.7797666220
8026 1237613.9508632913
8038 1238064.2767725738
8042 1238230.8999440253
8043 1238720.8736049344
8051 1239530.5473909394
8088 1239649.0968415779
8110 1239848.3720798655
8129 1240118.0121089322
8161 1240225.4834917637
8180 1240727.3036763582
8197 1240919.0293683249
8202 1241060.0927143770
8208 1241670.2262197379
8219 1242327.7996382150
8229 1242894.5325934289
8233 1243003.6493714778
8241 1243218.9282793819
8264 1243386.3967984687
8280 1243533.0820500688
8283 1244830.6645861780
8300 1244908.4212573764
8315 1245318.9439909658
8319 1245479.3833864669
8331 1245840.0645728984
8332 1246013.7141914868
8343 1246623.3451917977
8355 1246786.9646568426
8361 1246808.7482441575
8368 1247141.0215550512
8370 1247314.5933786687
8375 1247602.2641715982
8384 1248103.9409062178
8390 1248184.5793298923
8399 1248543.2465783991
8407 1249006.4009664704
8437 1249543.8138035182
8461 1249817.3135906202
8472 1250489.7258625636
8476 1251018.4958423798
8499 1251020.9858029254
8550 1251569.4386486597
8581 1251675.0878006455
8584 1251816.7151187740
8603 1252129.7683944611
8605 1252257.6517722511
8609 1252567.6026155851
8649 1253336.9246731915
8670 1254334.0064108036
8679 1254566.2476291377
8692 1255214.3011845432
8699 1255580.5225031730
8701 1255638.8269738704
8709 1255657.6385026400
8710 1255677.3022858931
8724 1255997.0573300188
8756 1256780.8172824173
8767 1256875.8460620125
8819 1257302.3302082070
8854 1257439.9820121194
8855 1257948.7142673447
8874 1258138.1411174561
8909 1258279.3218811057
8922 1258331.9772191008
8927 1259060.1179068657
8930 1259074.7341397968
8937 1259182.9444111688
8948 1259567.8009955618
8959 1259918.3812031336
8960 1260691.2420274841
8973 1260775.7703106031
9005 1261342.6829550108
9011 1261496.1472413531
9016 1262355.4688194599
9018 1262579.3001026034
9021 1262594.9182463377
9022 1263443.6439943183
9025 1263539.3325876405
9057 1263716.4836172981
9084 1263999.1342542670
9095 1264573.8449951732
9119 1264573.9584833579
9127 1264604.9342566340
9147 1265525.5986841873
9148 1265553.0675037031
9162 1265646.3106566323
9166 1265776.8956731067
9170 1266240.3479768161
9174 1266586.7251802783
9186 1266829.2479142619
9195 1267621.3642443528
9208 1267719.4927204745
9211 1268214.9178732904
9215 1268363.1352100244
9257 1268506.4033874830
9300 1269047.1130193132
9308 1269098.1393997464
9312 1269266.2983408463
9321 1269991.6118502440
9327 1270054.3038560180
9344 1270205.9089727039
9417 1270212.4000039296
9426 1270279.2093756059
9437 1270509.2536049881
9443 1271138.5717330577
9456 1271305.8614408155
9467 1271874.2292148708
9487 1272491.2423664315
9514 1272492.2862466744
9530 1272656.4786759210
9535 1273585.9374654531
9545 1273817.0814394413
9560 1274281.3790501140
9562 1274888.1489312162
9586 1275656.7031865665
9594 1275683.7562144697
9595 1276586.6132059842
9608 1277008.3006723484
9617 1277663.1644963499
9645 1277707.3405712091
9650 1277740.2010074237
9654 1278275.7048157502
9660 1278364.4281148654
9676 1278646.4452685211
9677 1279143.4326365972
9692 1279171.7665420142
9704 1279193.0564243481
9761 1279193.4496259990
9784 1279274.5018666179
9799 1280127.8401815211
9811 1280256.4925683402
9813 1280338.2983580902
9824 1280374.8258869085
9829 1280689.9820272895
9839 1281320.7632396249
9875 1281346.2392399425
9883 1281564.3691254684
9896 1281573.7551183586
9921 1281798.4650695499
9934 1281846.8130137182
9943 1281847.2957119406
9964 1282277.2413947363
10001 1282277.2413947363
evaluations raw_y
1 668060.0746147832
4 668197.8932573196
5 668481.5657470742
7 669374.2962145011
12 669739.0873761154
14 670676.7469418447
16 672313.5764383569
21 673059.2255282913
22 673817.2435333251
26 673945.8575166576
30 674613.6835957168
34 674909.4165642145
36 675590.9436793984
38 675777.1378595056
40 676170.6593045332
41 676432.5623258562
42 677110.8919042856
43 677391.3071406177
44 677668.6916361710
47 678377.1112742634
51 679076.3558874524
57 679904.1967881176
59 680206.2668984915
63 681247.4956439644
66 681862.8873490322
67 682401.7246227559
69 682498.9343136575
70 683050.3833012689
71 683972.8051283327
73 685653.8146064774
74 686604.6943351116
75 687776.8265269931
79 688512.8063691892
84 688637.9824833351
87 690377.8850905828
88 690478.8804738196
90 690994.0147134805
99 691774.5826332637
101 692811.4133359609
104 693288.8349187598
105 693899.1131176625
106 694699.6863982468
111 695064.4608178313
117 695591.9193611455
119 696427.4879041666
123 697271.2186187345
127 697875.4812565014
129 698770.7743646448
131 699526.8562534454
137 700429.5643373956
151 701356.5541883686
152 702437.6860721303
156 704001.7774670215
157 704199.4710909526
165 705598.5585157832
169 706914.4094506807
177 707630.4137203328
178 708319.5692504378
180 709313.8483335556
182 709719.6008491768
188 709968.4818238690
189 710462.9297139429
196 710933.8287004704
201 711209.9292346545
202 712380.8418573296
205 712782.6507249631
207 713619.8836721645
209 713918.4266343563
216 713931.2859958636
217 714347.0339330434
219 715320.2614862175
223 715623.9700996125
225 716457.3527695750
227 716485.0637832667
228 717107.5799192354
232 717364.2973484729
238 717739.2228828655
240 718725.0744366555
245 719527.2649411979
247 720372.8675345854
249 720376.9154334571
251 721402.3100290640
253 721430.1986072971
257 722377.3425406498
263 722413.7504598930
266 722952.7935964519
267 723052.7522495466
270 723712.5978957895
282 723880.9791096812
286 724626.7194064790
290 725248.5306152174
304 725400.0899592340
307 725856.1588100329
316 725860.9534203684
319 725999.1213370219
323 726068.0493800683
325 726583.6620534975
326 726665.3379307635
328 727249.2143047111
330 727268.2660900955
334 728000.1890206160
336 728853.4016303694
337 729765.2140527305
339 730456.5164376108
342 731112.7418494369
346 731161.3286230153
348 732570.0046176201
349 732712.6223138217
353 732949.6025954729
354 733828.9254413386
355 734493.3203969407
356 734610.8265247125
357 735068.9282882904
359 736021.6171159463
361 737598.0001956589
366 738100.5272814345
368 738305.0678488637
371 739866.5070786382
375 740488.4358353650
381 740994.1809171195
382 741417.7251784576
389 741926.7612670654
392 743234.7067109307
393 744529.3785815674
395 745113.2530421683
396 745711.6765798159
398 746222.0910137246
404 747311.8397064653
411 747487.7351939542
412 748528.0776103104
413 748765.2189420591
416 748836.5202222669
419 748948.9010058041
421 749425.5614808995
431 749903.5629536766
434 750123.6643882644
437 750670.4598171129
438 751539.2581509801
440 751949.1870222834
441 753093.6680720014
443 753281.8887399655
450 754631.7048241781
452 755524.5369873005
456 755786.1447808603
459 756139.2703222212
460 756431.5218703109
462 757123.2873262505
464 757729.0780161518
466 757869.6393099831
470 758176.5840704851
471 758918.6220568346
472 759547.2347553722
478 759624.6577024371
481 759828.5196851485
484 760046.0815333186
496 760187.0614058411
499 761095.0323064601
501 761817.9892891195
502 761879.0893138193
503 762292.3135203393
504 763194.3344279815
506 763798.2838046200
510 764611.1562319502
511 765955.3551512264
515 766599.0546086176
517 767231.3158362457
518 767832.0980361488
519 768530.2352003832
521 768969.8006040154
533 769436.4938189652
535 770812.7614598944
539 771696.9748075756
540 772404.0064371263
541 773065.0709067616
543 774049.4811001847
544 774717.3763130908
545 775709.9296274001
546 775772.7548184537
548 776195.5791764059
564 776580.8267726318
571 777033.9601416861
573 778098.1234973208
575 778693.3550640411
582 778785.6252626027
588 779058.0124326777
590 779694.1128903932
594 779813.0029503927
599 780638.5831566567
600 781436.3727672026
601 781615.8661785524
606 781663.3753506372
612 781748.5900921329
616 782742.3555626775
619 783165.8653559783
620 783530.2615548326
621 784193.6418256446
634 785332.2079482112
636 785766.0577946601
646 785823.2130260646
649 786075.3310178880
651 786627.1289341479
652 788150.7963541424
654 789110.6371321727
657 789864.2071052634
676 790177.3912749070
677 790212.2502478057
682 790622.8727408965
686 791398.3061815522
687 791682.0047849802
688 791723.6894506679
693 792438.5029978608
706 793255.3434171205
712 793345.2798384955
714 794522.4643574578
715 794611.9496738099
719 795300.4339325347
720 796717.2781831871
722 796758.5120242320
729 797133.8712166358
734 797428.1824521323
735 797441.8815463640
737 798256.1204112212
740 798371.8894866928
741 799154.8239595694
743 800022.8657202538
750 800606.7529292798
751 800772.3723448914
752 801438.5524430558
756 801987.5315376385
761 802959.9071331830
762 803134.0389787148
769 803613.2399768286
780 804213.8868431870
784 804783.2576365946
791 805733.1288768592
795 807394.4137275179
800 807584.9509808777
801 808131.9117963425
804 808145.7908637112
813 809129.1863912795
814 809583.2471667352
815 809861.6418445235
820 810184.9854881656
826 811004.1058071820
831 811941.6939192103
840 812918.6900060922
842 814571.3700671372
850 815332.8091270863
854 815394.5646243143
855 815777.5450276325
870 816209.3467437807
880 816709.0330524183
885 817695.5482596798
891 818338.8791138857
898 818379.0148545321
902 818779.4123390676
905 819625.4359056365
906 819800.8004522377
908 820180.4384867530
913 820326.9105780069
920 820708.9262253752
922 820918.9733715930
931 821378.7641290660
932 823011.7266970223
936 823869.2553975788
939 824060.0134845865
941 824502.3312490131
947 824627.4470021471
948 825679.6787886673
951 826014.4261333131
952 826414.4679158399
956 827382.1762521934
959 827469.6661595399
963 827639.0783513371
966 827837.8319481832
967 828018.6939490334
969 828594.9880968836
971 828841.9479565361
978 829696.1200818168
979 830566.6034805386
981 830625.3494561751
985 831002.2293368983
1001 831052.8091686780
1017 832176.6032601497
1021 832215.1885166611
1027 833134.0935485740
1030 833347.5393755722
1034 833901.1578050997
1036 834116.9929566665
1045 834545.6240170215
1046 835634.9821749796
1047 836090.3375045910
1048 836646.8010206114
1049 837255.8489102127
1056 838085.3166776327
1057 839264.0393718315
1059 839476.0519469740
1061 839743.5891713536
1063 839923.5032529720
1066 840317.3524985309
1069 840840.1556648314
1075 840900.7275528800
1076 841003.8770167010
1077 841581.3237248081
1080 842437.3590312437
1081 843714.6824250831
1084 844285.3129091100
1086 845276.8468513498
1089 847185.6220753108
1098 848092.7059734942
1099 848605.4702979852
1105 849207.3575231397
1106 849783.2280193992
1113 850047.4103606037
1116 850203.9796458787
1119 850802.2850593914
1120 851109.0812335315
1122 852097.1230373856
1126 852412.1025548745
1128 852921.0178676717
1129 853914.3887989566
1131 854772.1621239651
1132 854870.4593755881
1133 855532.0882658546
1135 856615.4781824942
1142 857638.0285962236
1144 858669.9313305835
1147 859254.2340373879
1152 859851.8095199922
1155 860025.6568588405
1162 860705.2196222465
1165 860939.7106961589
1171 861175.1940680866
1173 862037.6421816214
1175 862823.9887427032
1178 863155.5393147923
1179 864038.6873570619
1188 864373.7317953609
1207 864567.4362680871
1212 865321.4181326090
1218 865590.9462804073
1223 866151.0705350474
1232 866588.2932611376
1242 867252.0043688440
1250 867565.0679206668
1260 868176.6821999961
1265 869372.5834467786
1274 870326.0762740696
1279 870428.0365057118
1280 871010.8782901886
1289 871207.4075921376
1292 871712.2037045077
1294 871759.5646739255
1298 872437.4612431482
1299 873139.8999594052
1304 874019.4473498967
1306 874114.3056350186
1312 875094.3784634498
1314 875267.2397872729
1317 875380.3166706401
1322 875642.5670156253
1326 876185.4882325245
1338 876987.3565474302
1339 877362.4479661444
1346 877517.2834079558
1348 877527.1785406849
1349 878284.0928764157
1352 879045.7984922567
1354 879495.1056319373
1355 879746.5347485741
1358 879851.6548715383
1365 880666.7771595297
1367 881311.2219781220
1368 881536.8467527315
1369 882209.0058712817
1372 882235.2283017448
1375 883248.1649038394
1376 883360.0922173597
1377 884102.5070380869
1384 884676.0181983756
1391 885576.6827412392
1392 886048.4333452227
1395 887131.2806896141
1397 888074.5514839551
1398 888148.3486104883
1399 888444.0932314807
1406 888939.2390549780
1412 889942.3492253640
1415 890202.1611635369
1416 890977.5319367149
1417 892420.2118233771
1427 892960.3150368461
1441 893776.3094870311
1444 894688.3878036313
1447 895097.3814343771
1456 895746.2136548763
1457 896531.8891535677
1464 896614.7275499410
1480 896682.5651213557
1482 896796.7810498510
1483 897379.1717578718
1488 898037.7840387910
1498 898514.4558310829
1502 899484.9634328650
1505 899713.2219910222
1515 899727.3209206283
1517 900676.5628954897
1524 900879.3928731207
1525 902192.5067646221
1528 902569.3590345578
1529 902966.4345606772
1530 903505.1992755699
1532 903718.6955700513
1533 903772.6984043256
1536 904159.5774463548
1539 905393.3799925542
1544 906014.3891643047
1547 906209.1136464403
1557 906832.4167171206
1560 906927.6001221669
1566 907401.6658310373
1567 907647.2538709198
1572 908495.1436420375
1576 908632.2904524927
1591 909268.3070218303
1592 909631.2440589925
1593 909813.5236042048
1600 909990.3742551426
1606 910156.2120694260
1623 910558.7595476621
1624 911137.0229219954
1629 911436.2969269297
1635 911448.3005573330
1638 911696.4043092404
1641 911724.2957361635
1652 911832.4362496297
1671 911886.6204735078
1675 912323.5560198928
1676 912666.8401428867
1677 913050.9644609804
1680 913097.0207976883
1688 914272.6415305820
1690 914856.4423044218
1692 914900.9310782937
1693 915538.6660665183
1694 916136.5490621668
1698 917976.0289329265
1700 918698.3058838764
1701 919281.0079174954
1703 919642.7493292774
1705 920572.4923208159
1710 921197.0872885907
1716 921546.7963898593
1718 921546.9776998467
1725 921825.7367916905
1729 923626.7625818764
1734 923648.1246673705
1735 923883.0433524732
1739 924782.7525187646
1741 924784.4195964130
1750 925706.5988943187
1752 926418.1724049040
1755 927254.6363257564
1756 928518.7417557695
1757 928575.6567158605
1761 928853.5648617633
1763 929297.4245220970
1769 929409.8759991514
1776 929512.3002748884
1780 929683.7896980111
1783 929856.5872834922
1785 930385.7673333124
1790 930678.2510813280
1793 931300.6757395542
1807 931415.7677545699
1810 932101.8412459330
1811 932282.5919053360
1812 932807.8242655573
1813 933605.4388957564
1826 933682.6943436132
1830 933880.5044392166
1840 933907.1375988817
1854 933987.2342977410
1863 935382.4306761075
1866 935897.8692726217
1867 936838.6071440381
1871 937100.8496079170
1877 937505.3736318236
1880 938279.8267232931
1884 938587.3097435600
1888 938772.7301081674
1893 939373.9278015195
1896 939546.6178176068
1901 940520.5277540295
1903 940929.4257181862
1907 940969.3447698437
1913 941134.7524411986
1915 941701.2128690431
1920 941775.2816493644
1929 942709.4058272811
1930 943119.3110611531
1931 943168.3069701239
1934 943841.2752281143
1939 943958.9702663748
1940 944531.1413157762
1947 945164.4900437744
1953 945334.4985810542
1955 946198.7269677818
1959 947189.9362792319
1971 947799.7545210368
1981 947934.4303716932
1986 948056.7087415563
1987 948444.3015609476
1989 948701.6944653612
1994 948889.5514718291
1998 949326.7982258644
2001 950463.4619924879
2005 950938.2325868361
2006 950993.9335256646
2012 951250.8448304703
2015 951906.8785531664
2018 952433.3883063756
2023 952600.7778600362
2031 952634.0760154857
2032 953267.3366037398
2039 953588.7425457867
2044 954403.8376175760
2050 954559.4206765511
2051 954601.2183717043
2065 955775.3089555370
2077 956131.3230010225
2081 956460.0593566298
2086 957320.6823067765
2090 957740.5744147163
2092 958687.4615041626
2096 958941.2992341268
2099 959509.5156594472
2102 959743.6356337089
2108 959925.7607819343
2109 961367.5822427750
2112 962928.5993030203
2114 963486.7292312194
2118 963975.2479472733
2124 964154.3509344374
2130 964624.5141476814
2132 964853.9015678624
2136 964931.6019246135
2137 966216.2171175007
2150 966544.6330501045
2151 967792.0815699865
2152 968135.9095019852
2155 968749.5620168312
2167 968783.8031444167
2171 969416.2763492807
2173 970010.2578713180
2178 970097.5182631934
2186 970761.8049980820
2193 970995.8368113982
2195 971637.3816557871
2203 972930.1960060694
2205 973704.9347378191
2206 974688.4716579441
2210 975107.9576940290
2213 975529.8528446864
2224 976254.6325428708
2225 976956.4882738622
2229 977804.7665106459
2230 978505.9355620930
2231 979021.0035553235
2239 979651.6143238331
2240 980344.8890423038
2241 980566.3530141353
2250 981504.9726320140
2257 982301.1251288514
2259 982437.1169940067
2265 983302.7357101260
2266 984039.4436213685
2271 984048.1982996489
2272 984810.0772404999
2276 985213.0495220704
2277 985415.6683835051
2279 985720.6044190080
2285 986287.9136362955
2299 986518.9180118827
2309 987456.1281662228
2313 987465.3677502826
2326 987547.9956248103
2329 987710.9604838120
2330 988083.8523849981
2331 988755.4770919617
2333 988989.9294376798
2339 988998.3878512301
2341 989714.4722791648
2343 990113.0560857505
2348 990861.2064935922
2359 991692.4107591840
2381 992145.8498101678
2383 992297.7325454607
2390 993252.0065840405
2392 993271.0999331402
2396 993881.7766453648
2401 993963.0273574564
2403 994416.6581914250
2404 994732.2361878679
2409 995616.1902265985
2410 996560.0370210180
2413 997200.6704462763
2416 997998.0508172553
2432 998777.3053733944
2433 999468.9069505975
2441 1000033.8959321941
2453 1000372.0593679566
2457 1000965.1467200698
2458 1001768.4641658671
2469 1002741.7898259687
2482 1003152.8776844246
2495 1003199.9363051173
2505 1003379.0950287378
2507 1003608.2295548023
2513 1004408.6896056826
2515 1005360.6416142420
2524 1005794.4705153756
2526 1006763.4380754021
2528 1007656.4120924094
2537 1008161.2803696634
2540 1008636.1794432591
2551 1008753.8051401438
2560 1009076.6241680752
2564 1009908.4283737019
2569 1010088.6986763239
2575 1010118.7029613428
2585 1011031.3482498525
2588 1012025.8694839202
2592 1012743.1601223416
2594 1013125.7534106070
2604 1013410.6598111208
2605 1013644.1988588973
2610 1013879.7181167566
2613 1014305.5514951423
2627 1014807.9404373821
2635 1015216.3890004331
2642 1015985.4882545910
2643 1016424.8777386210
2654 1016440.7551013256
2658 1016447.8861871912
2664 1016556.9155198466
2671 1016638.0637951525
2672 1016864.6220346382
2678 1017067.2481601896
2679 1017379.7506707154
2685 1018352.8765366299
2686 1018622.4764036564
2697 1020201.9375722725
2699 1020524.9041687732
2702 1020779.8774542934
2704 1021075.6434810753
2706 1021360.4232322915
2720 1022147.6281681026
2732 1023020.9008778255
2733 1023133.4444000251
2736 1023224.7628067152
2737 1023259.1279210774
2740 1023754.3900847437
2762 1024188.9776579572
2763 1024888.1856944915
2764 1024908.8305734049
2765 1025799.0847266736
2767 1026563.5469697746
2775 1026619.2234375023
2787 1027843.2188813001
2788 1028821.7375499448
2791 1029459.5701534161
2792 1029514.6036924962
2795 1030461.9336607883
2799 1030538.7522332215
2800 1030851.0836090839
2810 1031075.3662776009
2822 1031128.9394439098
2830 1031554.7061955141
2842 1032139.5951383214
2848 1032256.1480664444
2849 1032411.8225626441
2850 1033330.1430159915
2860 1033609.2781052614
2882 1034583.6461188919
2891 1034638.1087144642
2902 1035111.6859269380
2903 1035423.6362673943
2925 1035852.3105622805
2926 1036010.0549748063
2934 1036116.7699535887
2937 1037466.1417373234
2945 1037755.9293142058
2946 1038751.9335654752
2949 1039578.8461501541
2950 1039917.3956860353
2958 1040543.7213703939
2959 1041189.5353415892
2965 1041357.0813956035
2966 1042239.6270683596
2979 1042320.8594888208
2984 1043163.5102726233
2989 1043608.5910838462
2998 1043868.3518363989
3005 1043868.5144367918
3006 1044271.6011170385
3016 1044303.0863110628
3017 1044339.3154978652
3018 1044586.7024258528
3025 1044817.7512461718
3075 1045572.0925850050
3085 1046084.8158469421
3091 1046093.2672792565
3092 1046155.8855454518
3094 1046813.6338162636
3111 1047391.5316587221
3113 1047698.6898503769
3119 1047954.7998162709
3123 1048605.1594369900
3129 1048727.3609801715
3137 1049598.4056275026
3138 1050030.2604595323
3140 1050536.5702323730
3142 1050593.5114251007
3147 1051541.4577380868
3157 1052154.4371089072
3165 1052504.7464668928
3166 1053478.2531019961
3167 1053633.6728858452
3172 1053800.7054582217
3178 1054334.1046537661
3183 1054376.1861383719
3185 1054653.7590212673
3205 1055453.5133059237
3207 1056171.0537487785
3208 1056626.6385582529
3209 1057620.8798618799
3224 1057795.5859341954
3231 1058460.7347188334
3241 1058967.1009122315
3248 1059196.7083350271
3267 1059394.9454911458
3285 1059497.5447489354
3289 1060307.7277110610
3294 1060641.4133692402
3297 1060858.5876725668
3308 1060936.0224389837
3311 1061726.9789495431
3312 1062275.9030789926
3315 1062454.7696187284
3322 1062478.8696695808
3326 1062934.7460452472
3334 1063584.4706507046
3346 1063764.0491977865
3350 1064305.7837618038
3367 1064791.1610827385
3369 1065249.6067913140
3372 1065707.6640158030
3389 1065920.4145317781
3402 1066002.4994342749
3408 1067489.8945353760
3417 1068123.4125715061
3425 1068697.5256666935
3427 1069086.0210911469
3429 1069094.9688502857
3446 1070703.3840159909
3464 1070822.2315487463
3465 1071363.5390083704
3471 1071709.7531687180
3472 1072135.4249264295
3480 1072415.3496631226
3485 1073083.7138230894
3493 1073785.4068472711
3495 1073838.9228131238
3507 1074584.3281158477
3509 1074820.6201317480
3516 1074927.2657969596
3528 1075667.4534036205
3539 1075739.8279076479
3540 1076029.4830143489
3543 1076687.1605974943
3548 1076784.9143166633
3551 1077757.8024046959
3553 1078532.4203922511
3570 1079254.4455650505
3582 1079674.3700685517
3583 1080386.3221947690
3596 1080976.6388660250
3597 1082260.9095096549
3611 1082743.7403076577
3621 1082758.6525413645
3627 1083161.6606995189
3633 1083297.4667432697
3634 1083804.7180643561
3635 1083822.3787372543
3646 1084418.6144932716
3655 1085176.5084411267
3658 1085428.1182382705
3670 1085832.9750867900
3701 1086675.3087487081
3705 1086995.0436115225
3713 1087259.4074381699
3718 1087904.7731854531
3727 1088261.9340032705
3731 1088849.5067416618
3732 1089061.2527417103
3742 1089984.9955098571
3743 1090186.5561924290
3759 1090853.2533062515
3772 1091224.3986602703
3775 1091702.6252716691
3789 1092133.9550969140
3800 1092558.6735911423
3816 1093178.6424381207
3819 1093277.5603299881
3822 1094234.0047337643
3833 1094647.4593594556
3846 1094932.3095511736
3860 1095234.2212954946
3869 1095451.5599251527
3876 1096407.9351750598
3885 1096727.2248442371
3887 1096938.9757228575
3902 1097779.9222492850
3911 1098008.2378938154
3918 1098027.1758012061
3923 1098904.2877247718
3928 1099164.5227051810
3930 1099893.4694355621
3931 1100029.3928458737
3932 1100443.7395427062
3935 1101230.7097452423
3938 1101492.8900283489
3941 1102339.1690788632
3943 1102412.5734359918
3958 1102661.4901402204
3972 1104126.1617622112
3982 1104962.1340097515
3997 1105256.9523721929
4010 1105368.0035689003
4017 1105857.2649479951
4018 1106307.3648107243
4023 1106564.7470189121
4040 1106606.2083361915
4041 1106626.1905829830
4051 1106733.6093380423
4053 1106905.8347917323
4056 1107353.8844434181
4062 1107635.8134452191
4066 1107791.4044939911
4067 1107859.6471046333
4113 1108422.9352757910
4122 1108505.3968777156
4145 1108813.6601998650
4146 1108984.1654220589
4149 1109122.3917953209
4151 1109140.5547675320
4159 1109868.9027366496
4163 1110184.1485729306
4213 1110980.0398956370
4215 1111476.4795715041
4220 1111754.4138477291
4223 1112349.4796666687
4224 1112707.7381358964
4235 1112805.8522681557
4246 1113581.6653105258
4252 1114233.3253541593
4257 1114849.9033731390
4278 1115506.5611708399
4289 1115942.4853013665
4292 1117056.9595491011
4295 1117774.8866773343
4335 1118018.0680277196
4336 1119107.8809181703
4343 1119482.3117717097
4350 1120132.8139666005
4358 1120688.5820801554
4361 1120696.8057783372
4367 1121243.8960231449
4375 1121846.8634946777
4408 1121977.3552061270
4416 1122085.2565575857
4419 1122188.3088312612
4421 1122726.6304418303
4422 1123610.9579708956
4436 1123715.4967037630
4446 1123857.1588953445
4450 1123999.7081662808
4465 1124085.8775305694
4473 1124855.1578812529
4487 1125650.3240719442
4490 1125789.1551223632
4503 1126169.6429607067
4506 1126310.0294800065
4509 1126554.2378581990
4510 1126909.0179796703
4511 1127043.4730153035
4518 1127265.1481664449
4519 1127843.9662071797
4521 1128208.1818714391
4538 1128302.9188826638
4542 1128332.7080866930
4545 1129199.8380161922
4568 1129487.5858739954
4575 1129514.4467143933
4588 1129988.3070128325
4602 1130827.0382225818
4608 1131094.0366786621
4616 1131380.0740107398
4618 1131576.1371175565
4620 1132573.2737835585
4630 1132668.6019036868
4632 1132699.1311609840
4633 1132928.1653426653
4638 1133638.4039056140
4640 1135184.7546372316
4656 1135710.1421101023
4658 1135783.2198323938
4661 1135965.8998816162
4671 1136765.7106530296
4672 1138400.6140330925
4700 1138477.0125936705
4719 1139465.4263362943
4728 1139559.4285329757
4729 1139644.3175542164
4734 1139744.2501622036
4744 1139893.7350882113
4748 1140079.3620259210
4765 1140799.0679742866
4769 1140997.6074743920
4773 1141104.6121941763
4783 1141238.7651686396
4798 1141365.4497516805
4804 1142347.4163797419
4826 1142644.4777219107
4851 1143578.6163677946
4852 1143626.6048792403
4855 1143818.1811239144
4864 1144289.8039281685
4875 1144437.3506696804
4891 1144634.0118171452
4896 1144659.4759658214
4918 1144742.3080357218
4928 1145058.9932761262
4970 1145170.6803048153
4980 1146955.5590091324
4986 1147077.0285136744
4997 1147216.3869530864
5004 1147869.2230636971
5007 1148074.8462006671
5033 1148136.2774262417
5049 1148331.7328472168
5050 1148720.4154691056
5051 1149556.6898909176
5054 1149672.7080086872
5059 1150616.9898403734
5061 1151029.4182040712
5063 1151719.8088747726
5070 1151937.8717388574
5092 1152486.1411167074
5110 1152527.9094812095
5113 1153437.3282422668
5114 1153551.0934093960
5117 1154194.9324072246
5122 1154656.5713775540
5149 1155042.5533620303
5165 1155771.5014822599
5184 1155959.3618665526
5185 1156640.3588347449
5189 1156760.1568838709
5192 1156868.0410358661
5193 1156902.9663438248
5210 1157050.2094351484
5215 1157277.6377491865
5224 1157362.8378239977
5225 1157528.6353351283
5259 1157646.4304848930
5277 1158160.8656166436
5283 1158782.0411195767
5286 1159731.5514590682
5290 1161321.0553315813
5297 1161912.4639721271
5312 1162168.9095996062
5317 1162176.2120351165
5318 1162222.4546479373
5329 1163005.3262918079
5355 1163118.6943275628
5359 1163409.5680727528
5373 1163819.4504103216
5375 1164270.3294209312
5379 1164734.9975032962
5394 1165178.5468425204
5414 1165455.1629571905
5415 1165681.9304579068
5448 1165806.7621460713
5457 1166302.9398785962
5486 1167274.4091389813
5488 1167760.5685558268
5489 1168121.3502244537
5495 1168439.7423159413
5514 1168957.0300685260
5516 1169803.6323499517
5523 1170400.3800004714
5526 1171068.0759118625
5530 1171408.8002649094
5534 1171782.7755501620
5540 1171879.2192928039
5553 1172085.7107415865
5557 1172213.9201114508
5566 1172639.1110837874
5568 1173282.7553211132
5585 1173586.1608688748
5590 1174253.8188296885
5600 1174322.7372035715
5609 1174591.3407769273
5614 1174928.9825092077
5617 1175276.1453849664
5622 1175349.2325409392
5639 1175680.4892453644
5642 1176748.0626683300
5643 1177672.9620896268
5651 1178206.0302233859
5655 1179094.8617619390
5668 1179395.4943069194
5673 1179396.1919283303
5690 1179811.5184464923
5691 1179898.3404232345
5694 1179994.1772394716
5698 1180787.6865297109
5706 1181123.0993280516
5720 1181279.3897557722
5749 1181677.8168268392
5751 1181881.5109387632
5767 1182409.3685711715
5792 1183160.8846224162
5802 1183256.3065428603
5812 1183605.9485534320
5814 1183776.9377929566
5824 1184231.0159898461
5827 1184322.0820384519
5829 1184360.0511676040
5832 1184538.0176600553
5834 1184693.0437340066
5835 1185137.0234486547
5844 1185658.4429484736
5848 1186174.6315552492
5858 1186199.6659068379
5860 1186602.2605209483
5869 1186992.5962925814
5871 1187613.2057015952
5892 1188297.5022130467
5908 1188311.3438577778
5952 1188669.1941750688
5961 1188965.5729328454
5998 1189398.5789465292
6011 1189999.0030041907
6017 1190844.4482903946
6029 1192036.9641807405
6044 1192551.9888553575
6047 1192738.7402443185
6049 1192818.3426263959
6067 1192819.4546807527
6076 1192832.8232187715
6080 1192865.7322167966
6090 1193537.7890235865
6107 1194126.3368613098
6118 1194559.2618919271
6122 1195927.4413566096
6152 1196158.5766205622
6155 1196388.5465273578
6169 1197074.7105637961
6181 1197122.2025431020
6186 1198043.1020277697
6200 1198181.3837440799
6222 1198360.2938039405
6230 1198442.4866149486
6232 1199288.4161461601
6244 1199917.7646282243
6261 1200149.0422123566
6264 1200300.7048510991
6267 1200458.3156799159
6281 1200978.6667931268
6296 1201235.6380090609
6301 1201924.0659730448
6317 1202167.8301104310
6325 1202538.6135964678
6336 1202776.5699266412
6337 1203075.7873770983
6338 1203192.9995818436
6341 1203374.4215698612
6348 1203435.3276575711
6352 1203707.7354782005
6458 1203861.3461980219
6470 1204146.1029766889
6472 1204218.3741473134
6514 1204804.7957104184
6537 1204978.3766171581
6541 1205967.4158574191
6549 1206186.3246640437
6576 1206530.7037794201
6585 1206970.9507081355
6586 1207016.6596128715
6590 1207443.9806113481
6591 1207660.9532445094
6602 1208257.5360868399
6606 1208325.5854277122
6620 1208603.0431906977
6623 1208759.0414836858
6627 1209634.5043991250
6635 1210419.9027639420
6639 1210447.3909623446
6663 1210598.6958966102
6676 1210632.0208995810
6686 1210977.0165621175
6716 1211900.1338850381
6717 1211902.7291226953
6718 1212411.5420404105
6728 1212563.1645030547
6731 1212613.3745220930
6758 1212825.1944323564
6760 1213261.9193666906
6761 1213269.8019079585
6766 1213992.6960618256
6767 1214299.1111985666
6773 1214310.9902084954
6774 1214533.2908066451
6794 1215261.4101751030
6822 1215527.8741527086
6829 1215744.2320381280
6836 1216552.4040379941
6837 1216554.0793467870
6842 1216706.6481983259
6863 1217137.9831896997
6878 1217602.3017935543
6890 1218207.7879473697
6895 1218372.6746518596
6907 1218610.4158148668
6913 1218625.2068028126
6932 1218965.1868221709
6961 1219243.2743492685
6986 1219312.9801401019
6992 1219434.1212180918
6996 1220084.0974774722
7002 1221026.1104117660
7009 1221237.2946345354
7013 1221420.5744054799
7014 1221804.0544981889
7016 1222629.0194880147
7021 1222684.1855934304
7023 1223152.1394870433
7026 1224057.8383542597
7053 1224782.8155489762
7058 1224786.1138280297
7066 1224871.2996590815
7068 1225457.6259949070
7071 1225596.4080659626
7075 1225792.1159454540
7101 1225982.3425965363
7116 1226275.2753223635
7117 1227012.8342247957
7118 1227202.1733946169
7140 1227388.3692765739
7162 1227702.6478671629
7188 1227858.6413673575
7199 1228788.9440075220
7215 1229195.3369491652
7225 1229196.8692937186
7233 1229295.4812027786
7238 1229531.8736252466
7254 1229545.0545039033
7273 1229664.6194392629
7292 1229682.7351432354
7296 1230321.4313085382
7336 1230939.3842723453
7342 1231444.3250012111
7347 1232080.1491762407
7356 1232881.1057284658
7370 1233064.5352945174
7393 1233120.5366646969
7397 1234246.0963561600
7415 1234455.8344315181
7420 1235434.9924405613
7457 1236075.9522584248
7459 1236678.0947187077
7470 1237652.0547417991
7481 1237735.7846846844
7498 1238082.4769747129
7519 1238835.3818382432
7565 1239326.5173204213
7575 1239596.6573727308
7578 1240026.3424224216
7587 1241263.5908202636
7608 1241905.5047193237
7616 1242654.1821664812
7634 1243504.4049843659
7642 1243681.4955101286
7643 1243938.5040614686
7665 1244715.4909523008
7678 1244841.2754510543
7684 1245220.8873632718
7688 1245555.5166702673
7729 1246061.5886717369
7741 1246197.2498454910
7745 1246370.3246766357
7753 1246527.2694432170
7754 1246854.8208906234
7756 1246901.3654907888
7764 1247055.1995622311
7765 1247303.3282487197
7776 1247716.2084773425
7777 1247840.1508693548
7795 1247879.7080028078
7808 1248378.9073961191
7815 1249066.9632859703
7821 1249321.1704116047
7829 1249757.1733350183
7830 1249829.8793285335
7845 1249830.2549892743
7855 1250320.4519535205
7867 1250584.1673530478
7882 1250776.7815823597
7907 1250907.6794207043
7922 1251111.0101285730
7926 1251455.0686094554
7955 1251786.2928670449
7975 1251837.6993364922
7987 1251948.2896907944
8005 1252001.2643406875
8014 1252049.4181408223
8021 1252900.7473046812
8022 1253118.2827271800
8036 1253392.0142262941
8043 1253858.4531367426
8089 1253920.4951088985
8095 1254097.6700042549
8100 1254429.4781774727
8110 1254584.5302378971
8141 1254837.0919670910
8143 1255132.9620988739
8148 1255298.4545933211
8168 1255392.7112554184
8169 1255482.5482557130
8190 1255850.9307252751
8207 1255866.7139610990
8256 1256113.7899496621
8279 1256432.9050098821
8288 1256958.6391803555
8307 1257386.8891521238
8367 1257660.6928807516
8389 1257662.9095774547
8393 1258612.9016773496
8403 1258692.1596300912
8404 1259068.0957946468
8432 1260034.2184912367
8433 1260672.5530340008
8435 1261213.6489944018
8457 1261220.2015345839
8474 1261222.5162042575
8527 1261306.2750787090
8528 1261439.1817321323
8535 1261914.6260376540
8539 1262237.1569833925
8540 1262673.2399237833
8551 1262977.3115351317
8556 1263693.5316032814
8559 1263781.5934650518
8586 1263922.9090085430
8592 1264397.0666894550
8603 1264599.7057627442
8717 1264972.2300165943
8752 1265090.7287846485
8756 1265610.0323355896
8766 1266468.6106092874
8774 1266737.2912198005
8782 1266924.3411388327
8787 1267369.4762422927
8804 1267464.1301249510
8820 1268000.5830756607
8828 1268346.4669092165
8833 1268659.5065929890
8847 1269132.0710428569
8856 1269168.0441813241
8860 1269752.0151681609
8884 1269993.6136420395
8963 1270073.8650059917
8965 1270074.9461138740
8966 1270247.0353686500
8972 1270979.3357506976
8974 1271205.0342080090
8975 1271599.9799006798
9000 1271801.0804206438
9028 1272036.2736268907
9032 1272787.7069202717
9037 1273060.9890770952
9038 1273136.0944565814
9082 1273372.4131077931
9101 1273382.5986879396
9107 1273488.3561427188
9176 1273766.6187970876
9185 1274366.7080004427
9194 1274414.6032591574
9201 1274492.7981268389
9239 1275772.6822516681
9303 1276604.9654182426
9305 1276614.1625509718
9309 1276647.9750959161
9318 1276714.3936858708
9320 1277001.7403584346
9332 1277046.3983825147
9333 1277205.2889828018
9335 1277848.5693176826
9350 1277853.9706328965
9354 1277905.7966647744
9376 1278856.5344004349
9396 1279142.1264188637
9401 1279937.9850039885
9409 1280598.7698676228
9416 1280864.3543341430
9427 1280943.4938881951
9449 1281037.7404655395
9452 1281260.2040142296
9469 1281459.2191520713
9474 1281630.7261628937
9500 1281863.4410297640
9512 1282547.5176883494
9544 1282874.3564351678
9624 1282903.9847777714
9649 1283023.2863432241
9659 1283157.2013084169
9700 1283172.5238578562
9726 1283181.8598330838
9735 1283296.7323378695
9741 1283543.4381364158
9753 1283948.6422864941
9759 1284204.1740074644
9784 1284905.2565280432
9818 1285000.7648365223
9825 1285079.9716349808
9860 1285293.6336292862
9874 1286126.5061123564
9900 1286161.4230488790
9909 1286685.8382296166
9945 1286687.6272647190
9952 1286718.6984364360
9960 1287141.2298193099
10001 1286490.9202538372
