run,evaluations,best_so_far
1,80462,29.539999999999996
1,80476,30.260000000000012
1,80512,30.260000000000012
1,80528,30.260000000000012
1,80530,32.18999999999998
1,84621,32.18999999999998
1,84651,32.18999999999998
1,84665,32.18999999999998
1,84681,32.18999999999998
1,84707,35.94000000000002
1,84725,35.94000000000002
1,84755,35.94000000000002
1,84783,35.94000000000002
1,84799,35.94000000000002
1,84813,35.94000000000002
1,84839,61.19000000000001
1,84855,61.19000000000001
1,84881,61.19000000000001
1,84883,61.19000000000001
1,84909,61.19000000000001
1,84941,61.19000000000001
1,84967,61.19000000000001
1,84983,61.19000000000001
1,84997,61.19000000000001
1,85011,61.19000000000001
1,85013,61.19000000000001
1,85041,61.19000000000001
1,85055,61.19000000000001
1,85069,61.19000000000001
1,85071,61.19000000000001
1,85097,61.19000000000001
1,85111,61.19000000000001
1,85113,61.19000000000001
1,85139,61.19000000000001
1,85169,61.19000000000001
1,85185,61.19000000000001
1,85211,61.19000000000001
1,85225,61.19000000000001
1,85251,61.19000000000001
1,85279,61.19000000000001
1,85299,61.19000000000001
1,85301,61.19000000000001
1,85339,61.19000000000001
1,85365,61.19000000000001
1,85393,61.19000000000001
1,85395,61.19000000000001
1,85397,61.19000000000001
1,85427,71.27999999999997
1,85441,71.27999999999997
1,85443,71.27999999999997
1,85459,71.27999999999997
1,85473,170.74999999999997
1,85489,170.74999999999997
1,85505,172.77999999999997
1,85519,172.77999999999997
1,85545,172.77999999999997
1,85559,172.77999999999997
1,85585,172.77999999999997
1,85601,172.77999999999997
1,85615,172.77999999999997
1,85629,172.77999999999997
1,85645,172.77999999999997
1,85647,172.77999999999997
1,85649,172.77999999999997
1,85681,172.77999999999997
1,85683,172.77999999999997
1,85699,172.77999999999997
1,85713,172.77999999999997
1,85739,172.77999999999997
1,85769,172.77999999999997
1,85797,172.77999999999997
1,85811,173.48000000000005
1,85827,173.48000000000005
1,85853,173.48000000000005
1,85867,173.48000000000005
1,85869,173.48000000000005
1,85883,173.48000000000005
1,85909,173.48000000000005
1,85923,173.48000000000005
1,85953,173.48000000000005
1,85971,173.48000000000005
1,86003,173.48000000000005
1,86017,173.48000000000005
1,86035,173.48000000000005
1,86063,173.48000000000005
1,86079,173.48000000000005
1,86093,173.48000000000005
1,86109,173.48000000000005
1,86123,173.48000000000005
1,86153,173.48000000000005
1,86155,173.48000000000005
1,86181,173.48000000000005
1,86209,173.48000000000005
1,86211,173.48000000000005
1,86237,174.87999999999994
1,86253,174.87999999999994
1,86281,174.87999999999994
1,86307,174.87999999999994
1,86323,174.87999999999994
1,86337,174.87999999999994
1,86339,177.41
1,86357,177.41
1,86359,177.41
1,86361,177.41
1,86375,180.48
1,86395,180.48
1,86409,180.48
1,86423,180.48
1,86437,180.48
1,86453,180.48
1,86483,180.48
1,86485,180.48
1,86511,180.48
1,86541,180.48
1,86557,180.48
1,86571,180.48
1,86585,180.48
1,86615,180.48
1,86617,180.48
1,86635,180.48
1,86649,180.48
1,86675,180.48
1,86691,180.48
1,86725,180.48
1,86727,180.48
1,86755,180.48
1,86769,180.48
1,86795,180.48
1,86823,180.48
1,86825,180.48
1,86841,180.48
1,86855,180.48
1,86869,180.48
1,86895,180.48
1,86897,180.48
1,86925,180.48
1,86953,180.48
1,86955,180.48
1,86987,180.48
1,87017,180.48
1,87045,180.48
1,87079,205.33000000000007
1,87109,205.33000000000007
1,87125,205.33000000000007
1,87151,205.33000000000007
1,87177,207.22000000000003
1,87203,207.22000000000003
1,87219,207.22000000000003
1,87249,207.22000000000003
1,87251,207.22000000000003
1,87279,207.22000000000003
1,87307,207.22000000000003
1,87321,210.16999999999996
1,87349,210.16999999999996
1,87377,210.16999999999996
1,87391,210.16999999999996
1,87405,210.16999999999996
1,87419,210.16999999999996
1,87435,210.16999999999996
1,87465,210.16999999999996
1,87481,210.16999999999996
1,87497,210.16999999999996
1,87525,210.16999999999996
1,87539,210.16999999999996
1,87553,210.16999999999996
1,87555,210.16999999999996
1,87581,210.16999999999996
1,87583,210.16999999999996
1,87585,210.16999999999996
1,87613,210.16999999999996
1,87645,210.16999999999996
1,87647,210.16999999999996
1,87661,210.16999999999996
1,87689,210.16999999999996
1,87717,210.16999999999996
1,87745,210.16999999999996
1,87775,210.16999999999996
1,87791,210.16999999999996
1,87807,210.16999999999996
1,87821,210.16999999999996
1,87855,210.16999999999996
1,87873,210.16999999999996
1,87887,210.16999999999996
1,87889,210.16999999999996
1,87915,210.16999999999996
1,87929,210.16999999999996
1,87947,210.16999999999996
1,87961,210.16999999999996
1,87975,210.16999999999996
1,87989,210.16999999999996
1,87991,210.16999999999996
1,88019,210.16999999999996
1,88039,210.16999999999996
1,88053,210.16999999999996
1,88069,210.16999999999996
1,88085,210.16999999999996
1,88111,210.16999999999996
1,88139,210.16999999999996
1,88173,210.16999999999996
1,88191,210.16999999999996
1,88217,210.16999999999996
1,88231,210.16999999999996
1,88245,210.16999999999996
1,88261,210.16999999999996
1,88289,210.16999999999996
1,88317,210.16999999999996
1,88343,210.16999999999996
1,88371,210.16999999999996
1,88389,210.16999999999996
1,88391,210.16999999999996
1,88405,210.16999999999996
1,88431,210.16999999999996
1,88445,210.16999999999996
1,88471,210.16999999999996
1,88499,210.16999999999996
1,88525,210.16999999999996
1,88555,210.16999999999996
1,88585,210.16999999999996
1,88587,210.16999999999996
1,88615,210.16999999999996
1,88629,210.33999999999992
1,88655,210.33999999999992
1,88671,210.33999999999992
1,88699,210.33999999999992
1,88729,210.33999999999992
1,88731,210.33999999999992
1,88733,210.33999999999992
1,88749,210.33999999999992
1,88765,210.33999999999992
1,88767,210.33999999999992
1,88795,210.33999999999992
1,88809,210.33999999999992
1,88823,210.33999999999992
1,88849,210.33999999999992
1,88879,210.33999999999992
1,88893,216.56
1,88919,216.56
1,88945,218.25999999999993
1,88963,218.25999999999993
1,88977,218.25999999999993
1,88991,218.25999999999993
1,89005,218.25999999999993
1,89033,218.25999999999993
1,89047,218.25999999999993
1,89073,230.78
1,89089,230.78
1,89115,230.78
1,89143,230.78
1,89145,230.78
1,89161,230.78
1,89189,230.78
1,89203,230.78
1,89219,230.78
1,89235,230.78
1,89249,230.78
1,89275,230.78
1,89305,230.78
1,89331,230.78
1,89345,230.78
1,89373,230.78
1,89389,230.78
1,89417,230.78
1,89419,230.78
1,89445,230.78
1,89461,230.78
1,89475,230.78
1,89489,230.78
1,89491,230.78
1,89507,230.78
1,89521,230.78
1,89549,230.78
1,89551,230.78
1,89553,230.78
1,89567,230.78
1,89583,230.78
1,89597,232.71999999999986
1,89613,232.71999999999986
1,89627,232.71999999999986
1,89653,232.71999999999986
1,89681,232.71999999999986
1,89695,232.71999999999986
1,89723,232.71999999999986
1,89725,232.71999999999986
1,89739,232.71999999999986
1,89755,232.71999999999986
1,89785,232.71999999999986
1,89801,232.71999999999986
1,89815,232.71999999999986
1,89831,232.71999999999986
1,89845,232.71999999999986
1,89859,232.71999999999986
1,89861,232.71999999999986
1,89863,232.71999999999986
1,89891,232.71999999999986
1,89917,232.71999999999986
1,89947,232.71999999999986
1,89961,232.71999999999986
1,89979,232.71999999999986
1,90011,232.71999999999986
1,90025,232.71999999999986
1,90053,232.71999999999986
1,90055,232.71999999999986
1,90087,232.71999999999986
1,90103,232.71999999999986
1,90131,247.92000000000013
1,90161,247.92000000000013
1,90193,247.92000000000013
1,90195,247.92000000000013
1,90223,247.92000000000013
1,90225,247.92000000000013
1,90257,247.92000000000013
1,90271,247.92000000000013
1,90297,247.92000000000013
1,90311,247.92000000000013
1,90325,247.92000000000013
1,90343,247.92000000000013
1,90357,247.92000000000013
1,90359,247.92000000000013
1,90361,247.92000000000013
1,90375,247.92000000000013
1,90405,247.92000000000013
1,90419,247.92000000000013
1,90433,247.92000000000013
1,90449,247.92000000000013
1,90467,247.92000000000013
2,80964,28.169999999999987
2,80998,34.34999999999999
2,81026,34.34999999999999
2,81040,34.34999999999999
2,81056,34.34999999999999
2,81084,35.179999999999986
2,81110,35.179999999999986
2,81112,35.179999999999986
2,81140,35.179999999999986
2,81166,47.75000000000001
2,81180,47.75000000000001
2,81196,47.75000000000001
2,81230,47.75000000000001
2,81246,47.75000000000001
2,81260,47.75000000000001
2,81276,47.75000000000001
2,81290,47.75000000000001
2,81316,47.75000000000001
2,81342,47.75000000000001
2,81358,47.75000000000001
2,81360,50.53999999999998
2,81374,50.53999999999998
2,81376,50.53999999999998
2,81406,50.53999999999998
2,81420,50.53999999999998
2,85425,50.53999999999998
2,85451,94.97000000000004
2,85483,94.97000000000004
2,85485,94.97000000000004
2,85501,94.97000000000004
2,85529,94.97000000000004
2,85543,94.97000000000004
2,85545,94.97000000000004
2,85563,94.97000000000004
2,85577,94.97000000000004
2,85591,94.97000000000004
2,85593,94.97000000000004
2,85623,94.97000000000004
2,85653,94.97000000000004
2,85679,94.97000000000004
2,85693,94.97000000000004
2,85707,94.97000000000004
2,85737,94.97000000000004
2,85763,94.97000000000004
2,85789,94.97000000000004
2,85791,94.97000000000004
2,85805,94.97000000000004
2,85807,94.97000000000004
2,85809,94.97000000000004
2,85825,94.97000000000004
2,85845,94.97000000000004
2,85847,94.97000000000004
2,85861,94.97000000000004
2,85875,94.97000000000004
2,85889,94.97000000000004
2,85891,94.97000000000004
2,85905,94.97000000000004
2,85919,94.97000000000004
2,85935,94.97000000000004
2,85949,94.97000000000004
2,85967,94.97000000000004
2,85999,94.97000000000004
2,86027,94.97000000000004
2,86041,94.97000000000004
2,86055,94.97000000000004
2,86081,94.97000000000004
2,86095,94.97000000000004
2,86121,94.97000000000004
2,86137,94.97000000000004
2,86165,94.97000000000004
2,86185,94.97000000000004
2,86203,94.97000000000004
2,86217,94.97000000000004
2,86231,94.97000000000004
2,86261,94.97000000000004
2,86291,94.97000000000004
2,86305,94.97000000000004
2,86331,94.97000000000004
2,86359,94.97000000000004
2,86391,94.97000000000004
2,86417,94.97000000000004
2,86435,94.97000000000004
2,86449,94.97000000000004
2,86477,94.97000000000004
2,86503,94.97000000000004
2,86517,94.97000000000004
2,86531,94.97000000000004
2,86561,94.97000000000004
2,86591,94.97000000000004
2,86593,94.97000000000004
2,86625,94.97000000000004
2,86641,94.97000000000004
2,86659,94.97000000000004
2,86675,94.97000000000004
2,86691,94.97000000000004
2,86721,94.97000000000004
2,86737,94.97000000000004
2,86767,94.97000000000004
2,86769,94.97000000000004
2,86797,94.97000000000004
2,86825,94.97000000000004
2,86851,94.97000000000004
2,86879,94.97000000000004
2,86907,94.97000000000004
2,86933,94.97000000000004
2,86951,94.97000000000004
2,86967,94.97000000000004
2,86993,94.97000000000004
2,87019,94.97000000000004
2,87021,94.97000000000004
2,87023,94.97000000000004
2,87057,94.97000000000004
2,87083,94.97000000000004
2,87099,94.97000000000004
2,87129,94.97000000000004
2,87157,94.97000000000004
2,87171,94.97000000000004
2,87185,94.97000000000004
2,87217,94.97000000000004
2,87245,94.97000000000004
2,87273,94.97000000000004
2,87289,94.97000000000004
2,87303,94.97000000000004
2,87305,94.97000000000004
2,87319,94.97000000000004
2,87345,94.97000000000004
2,87359,94.97000000000004
2,87361,94.97000000000004
2,87375,94.97000000000004
2,87377,94.97000000000004
2,87395,94.97000000000004
2,87397,94.97000000000004
2,87413,94.97000000000004
2,87427,94.97000000000004
2,87441,94.97000000000004
2,87469,94.97000000000004
2,87471,94.97000000000004
2,87497,94.97000000000004
2,87513,94.97000000000004
2,87529,94.97000000000004
2,87557,94.97000000000004
2,87571,94.97000000000004
2,87585,94.97000000000004
2,87599,94.97000000000004
2,87613,94.97000000000004
2,87643,94.97000000000004
2,87657,94.97000000000004
2,87671,94.97000000000004
2,87685,95.02
2,87711,95.02
2,87725,95.02
2,87727,95.02
2,87741,95.02
2,87743,95.02
2,87759,101.25
2,87775,101.25
2,87777,101.25
2,87779,101.25
2,87793,101.25
2,87819,101.25
2,87821,101.25
2,87837,101.25
2,87863,101.25
2,87865,101.25
2,87891,101.25
2,87907,101.25
2,87909,101.25
2,87941,101.25
2,87955,101.25
2,87957,101.25
2,87983,101.25
2,87999,101.25
2,88001,101.25
2,88019,101.25
2,88021,101.25
2,88037,101.25
2,88053,101.25
2,88055,101.25
2,88069,101.25
2,88083,101.25
2,88099,101.25
2,88113,101.25
2,88133,101.25
2,88135,101.25
2,88163,101.25
2,88177,101.25
2,88203,101.25
2,88229,101.25
2,88231,101.25
2,88267,101.25
2,88283,101.25
2,88313,101.25
2,88327,101.25
2,88353,101.25
2,88371,101.25
2,88389,115.47000000000001
2,88415,115.47000000000001
2,88417,115.47000000000001
2,88431,115.47000000000001
2,88461,115.47000000000001
2,88463,115.47000000000001
2,88477,115.47000000000001
2,88507,115.47000000000001
2,88509,115.47000000000001
2,88539,115.47000000000001
2,88555,115.47000000000001
2,88581,115.47000000000001
2,88595,115.47000000000001
2,88597,115.47000000000001
2,88611,115.47000000000001
2,88625,115.47000000000001
2,88653,115.47000000000001
2,88667,115.47000000000001
2,88683,115.47000000000001
2,88685,115.47000000000001
2,88699,115.47000000000001
2,88713,115.47000000000001
2,88727,115.47000000000001
2,88755,115.47000000000001
2,88757,115.47000000000001
2,88773,115.47000000000001
2,88799,115.47000000000001
2,88815,115.47000000000001
2,88829,115.47000000000001
2,88843,115.47000000000001
2,88845,115.47000000000001
2,88871,115.47000000000001
2,88903,115.47000000000001
2,88929,115.47000000000001
2,88943,115.47000000000001
2,88979,115.47000000000001
2,88997,115.47000000000001
2,89011,115.47000000000001
2,89025,115.47000000000001
2,89041,115.47000000000001
2,89069,115.47000000000001
2,89087,115.47000000000001
2,89113,115.47000000000001
2,89127,115.47000000000001
2,89141,115.47000000000001
2,89155,115.47000000000001
2,89157,115.47000000000001
2,89171,115.47000000000001
2,89197,115.47000000000001
2,89225,115.47000000000001
2,89241,115.47000000000001
2,89255,115.47000000000001
2,89271,115.47000000000001
2,89285,115.47000000000001
2,89299,115.47000000000001
2,89329,115.47000000000001
2,89355,115.47000000000001
2,89383,115.47000000000001
2,89409,115.47000000000001
2,89411,115.47000000000001
2,89439,115.47000000000001
2,89457,115.47000000000001
2,89471,115.47000000000001
2,89473,115.47000000000001
2,89501,115.47000000000001
2,89527,115.47000000000001
2,89543,115.47000000000001
2,89571,115.47000000000001
2,89597,115.47000000000001
2,89611,115.47000000000001
2,89627,115.47000000000001
2,89641,115.47000000000001
2,89655,115.47000000000001
2,89657,115.47000000000001
2,89685,115.47000000000001
2,89699,115.47000000000001
2,89727,115.47000000000001
2,89741,115.47000000000001
2,89755,115.47000000000001
2,89769,120.23999999999998
2,89783,120.23999999999998
2,89809,120.23999999999998
2,89839,120.23999999999998
2,89865,120.23999999999998
2,89891,120.23999999999998
2,89925,120.23999999999998
2,89945,120.23999999999998
2,89959,120.23999999999998
2,89977,120.23999999999998
2,90005,126.95000000000002
2,90023,126.95000000000002
2,90051,126.95000000000002
2,90077,126.95000000000002
2,90107,126.95000000000002
2,90109,126.95000000000002
2,90137,126.95000000000002
2,90165,126.95000000000002
2,90179,126.95000000000002
2,90181,126.95000000000002
2,90211,126.95000000000002
2,90213,126.95000000000002
2,90241,126.95000000000002
2,90255,126.95000000000002
2,90257,126.95000000000002
2,90271,126.95000000000002
2,90297,126.95000000000002
2,90311,126.95000000000002
2,90325,126.95000000000002
2,90339,126.95000000000002
2,90369,126.95000000000002
2,90383,126.95000000000002
2,90399,126.95000000000002
2,90413,126.95000000000002
2,90445,126.95000000000002
2,90459,126.95000000000002
2,90461,126.95000000000002
2,90487,126.95000000000002
2,90513,126.95000000000002
2,90539,126.95000000000002
2,90567,126.95000000000002
2,90569,126.95000000000002
2,90595,126.95000000000002
2,90609,126.95000000000002
2,90611,126.95000000000002
2,90625,126.95000000000002
2,90627,126.95000000000002
2,90643,126.95000000000002
2,90645,126.95000000000002
2,90661,126.95000000000002
2,90675,126.95000000000002
2,90689,126.95000000000002
2,90717,126.95000000000002
2,90735,126.95000000000002
2,90763,126.95000000000002
2,90799,126.95000000000002
2,90813,126.95000000000002
2,90829,126.95000000000002
2,90847,126.95000000000002
2,90861,126.95000000000002
2,90889,126.95000000000002
2,90903,126.95000000000002
2,90905,126.95000000000002
2,90931,126.95000000000002
3,80756,27.77999999999999
3,80772,27.77999999999999
3,80786,27.77999999999999
3,80814,30.59000000000001
3,84921,55.120000000000005
3,84937,55.120000000000005
3,84951,55.120000000000005
3,84979,55.120000000000005
3,85007,55.120000000000005
3,85035,55.120000000000005
3,85067,55.120000000000005
3,85069,55.120000000000005
3,85083,55.120000000000005
3,85097,55.120000000000005
3,85123,55.120000000000005
3,85137,55.120000000000005
3,85165,55.120000000000005
3,85167,57.379999999999995
3,85181,57.379999999999995
3,85199,57.379999999999995
3,85227,57.379999999999995
3,85255,57.379999999999995
3,85283,57.379999999999995
3,85299,57.379999999999995
3,85325,57.379999999999995
3,85327,57.379999999999995
3,85341,57.379999999999995
3,85355,57.379999999999995
3,85373,57.379999999999995
3,85399,57.379999999999995
3,85401,57.379999999999995
3,85427,57.379999999999995
3,85429,57.379999999999995
3,85443,57.379999999999995
3,85469,57.379999999999995
3,85497,57.379999999999995
3,85525,57.379999999999995
3,85539,57.379999999999995
3,85565,58.38000000000004
3,85579,58.38000000000004
3,85607,58.38000000000004
3,85623,58.38000000000004
3,85651,58.38000000000004
3,85677,58.38000000000004
3,85705,58.38000000000004
3,85721,58.38000000000004
3,85737,58.38000000000004
3,85769,58.38000000000004
3,85783,58.38000000000004
3,85809,58.38000000000004
3,85835,58.38000000000004
3,85849,58.38000000000004
3,85865,67.92999999999999
3,85879,67.92999999999999
3,85895,67.92999999999999
3,85909,67.92999999999999
3,85939,67.92999999999999
3,85957,67.92999999999999
3,85985,67.92999999999999
3,86001,67.92999999999999
3,86019,67.92999999999999
3,86037,67.92999999999999
3,86053,67.92999999999999
3,86069,67.92999999999999
3,86099,67.92999999999999
3,86113,67.92999999999999
3,86129,67.92999999999999
3,86131,67.92999999999999
3,86159,67.92999999999999
3,86191,67.92999999999999
3,86193,67.92999999999999
3,86207,67.92999999999999
3,86209,67.92999999999999
3,86223,67.92999999999999
3,86253,67.92999999999999
3,86269,67.92999999999999
3,86283,67.92999999999999
3,86297,67.92999999999999
3,86311,67.92999999999999
3,86337,67.92999999999999
3,86339,67.92999999999999
3,86353,67.92999999999999
3,86367,67.92999999999999
3,86381,67.92999999999999
3,86409,67.92999999999999
3,86423,67.92999999999999
3,86425,67.92999999999999
3,86457,67.92999999999999
3,86475,67.92999999999999
3,86491,67.92999999999999
3,86505,67.92999999999999
3,86533,67.92999999999999
3,86559,67.92999999999999
3,86579,67.92999999999999
3,86595,67.92999999999999
3,86613,67.92999999999999
3,86643,67.92999999999999
3,86669,67.92999999999999
3,86671,67.92999999999999
3,86703,70.15
3,86717,70.15
3,86731,70.15
3,86749,70.15
3,86765,70.15
3,86767,70.15
3,86793,70.15
3,86823,70.15
3,86855,70.15
3,86871,70.15
3,86897,70.15
3,86899,70.15
3,86925,70.15
3,86939,70.15
3,86967,70.15
3,86985,70.15
3,86987,73.07
3,87001,73.07
3,87027,73.07
3,87041,73.07
3,87055,75.17999999999998
3,87087,75.17999999999998
3,87101,75.17999999999998
3,87129,75.17999999999998
3,87143,75.17999999999998
3,87157,75.17999999999998
3,87159,75.17999999999998
3,87177,75.17999999999998
3,87203,75.17999999999998
3,87229,75.17999999999998
3,87257,75.17999999999998
3,87285,75.17999999999998
3,87287,75.17999999999998
3,87301,75.17999999999998
3,87331,75.17999999999998
3,87349,75.17999999999998
3,87363,75.17999999999998
3,87379,75.17999999999998
3,87393,75.17999999999998
3,87409,75.17999999999998
3,87425,75.17999999999998
3,87439,75.17999999999998
3,87457,75.17999999999998
3,87473,75.17999999999998
3,87475,75.17999999999998
3,87491,75.17999999999998
3,87525,75.17999999999998
3,87541,75.17999999999998
3,87567,75.17999999999998
3,87583,75.17999999999998
3,87613,75.17999999999998
3,87627,75.17999999999998
3,87641,75.29
3,87655,75.29
3,87669,75.29
3,87685,75.29
3,87701,75.29
3,87727,83.36
3,87755,83.36
3,87783,83.36
3,87809,83.36
3,87837,83.36
3,87853,83.36
3,87867,83.36
3,87893,83.36
3,87919,83.36
3,87947,83.36
3,87975,83.36
3,88003,83.36
3,88023,83.36
3,88049,83.36
3,88051,83.36
3,88067,83.36
3,88083,83.36
3,88109,83.36
3,88137,83.36
3,88167,83.36
3,88193,83.36
3,88195,83.36
3,88209,83.36
3,88225,83.36
3,88239,83.36
3,88241,83.36
3,88255,83.36
3,88283,83.36
3,88297,83.36
3,88313,83.36
3,88341,83.36
3,88375,83.36
3,88389,83.36
3,88391,83.36
3,88405,83.36
3,88421,83.36
3,88437,83.36
3,88465,83.36
3,88481,83.36
3,88509,83.36
3,88537,83.36
3,88553,83.36
3,88567,83.36
3,88597,83.36
3,88611,83.36
3,88625,83.36
3,88641,83.52
3,88669,83.52
3,88683,83.52
3,88697,83.52
3,88727,83.52
3,88743,83.52
3,88761,83.52
3,88787,94.55000000000001
3,88813,94.55000000000001
3,88839,94.55000000000001
3,88871,94.55000000000001
3,88899,94.55000000000001
3,88913,94.55000000000001
3,88939,94.55000000000001
3,88953,94.55000000000001
3,88967,94.55000000000001
3,88993,94.55000000000001
3,89009,94.55000000000001
3,89023,94.55000000000001
3,89037,94.55000000000001
3,89067,94.55000000000001
3,89081,94.92999999999994
3,89099,103.25999999999998
3,89113,103.25999999999998
3,89127,103.25999999999998
3,89153,103.25999999999998
3,89167,103.25999999999998
3,89183,103.25999999999998
3,89209,110.37
3,89235,110.37
3,89263,110.37
3,89289,110.37
3,89321,110.37
3,89323,110.37
3,89325,110.37
3,89351,110.37
3,89365,110.37
3,89379,110.37
3,89393,110.37
3,89409,110.37
3,89437,110.37
3,89463,110.37
3,89465,110.37
3,89483,110.37
3,89511,110.37
3,89537,110.37
3,89553,110.37
3,89585,110.37
3,89601,110.37
3,89603,112.41999999999999
3,89617,112.41999999999999
3,89619,112.41999999999999
3,89651,112.41999999999999
3,89669,112.41999999999999
3,89683,112.41999999999999
3,89699,112.41999999999999
3,89715,112.41999999999999
3,89741,112.41999999999999
3,89755,112.41999999999999
3,89769,112.41999999999999
3,89771,112.41999999999999
3,89789,112.41999999999999
3,89819,112.41999999999999
3,89847,112.41999999999999
3,89861,112.41999999999999
3,89863,112.41999999999999
3,89891,112.41999999999999
3,89893,112.41999999999999
3,89919,113.96000000000002
3,89949,113.96000000000002
3,89981,113.96000000000002
3,90007,113.96000000000002
3,90025,113.96000000000002
3,90041,113.96000000000002
3,90055,113.96000000000002
3,90081,113.96000000000002
3,90109,113.96000000000002
3,90111,113.96000000000002
3,90125,113.96000000000002
3,90155,119.08
3,90183,119.08
3,90209,119.08
3,90235,119.08
3,90249,119.08
3,90275,119.08
3,90289,119.08
3,90309,119.08
3,90325,119.08
3,90351,119.08
3,90367,119.14
3,90369,119.14
3,90395,119.14
3,90421,119.14
3,90451,119.14
3,90465,119.14
3,90495,119.14
3,90511,119.14
3,90527,119.14
3,90555,119.14
3,90585,119.14
3,90603,119.14
3,90629,119.14
3,90643,119.14
3,90657,119.14
3,90683,119.14
3,90697,119.14
3,90723,119.14
3,90741,119.14
4,80682,28.629999999999995
4,80696,41.27000000000002
4,80718,41.27000000000002
4,84709,41.27000000000002
4,84723,41.27000000000002
4,84737,41.27000000000002
4,84751,41.87999999999998
4,84779,41.87999999999998
4,84797,41.87999999999998
4,84799,41.87999999999998
4,84827,45.66000000000001
4,84841,45.66000000000001
4,84855,45.66000000000001
4,84871,45.66000000000001
4,84873,45.66000000000001
4,84901,52.46000000000002
4,84929,52.46000000000002
4,84945,52.46000000000002
4,84959,52.46000000000002
4,84987,52.46000000000002
4,85015,52.46000000000002
4,85029,54.07000000000002
4,85045,54.07000000000002
4,85073,54.07000000000002
4,85075,54.07000000000002
4,85089,54.07000000000002
4,85117,54.07000000000002
4,85147,54.07000000000002
4,85163,54.07000000000002
4,85177,54.07000000000002
4,85191,54.07000000000002
4,85217,54.07000000000002
4,85245,54.07000000000002
4,85271,54.07000000000002
4,85299,54.07000000000002
4,85313,54.07000000000002
4,85329,57.3
4,85331,57.3
4,85333,57.3
4,85335,57.3
4,85349,57.3
4,85367,57.3
4,85369,57.3
4,85371,57.3
4,85401,57.3
4,85415,57.3
4,85417,57.3
4,85447,57.3
4,85449,57.3
4,85479,57.3
4,85507,57.3
4,85521,57.3
4,85547,57.3
4,85561,57.3
4,85587,57.3
4,85601,57.3
4,85615,57.3
4,85629,57.3
4,85655,57.3
4,85657,57.3
4,85671,60.11999999999999
4,85701,60.11999999999999
4,85719,61.509999999999984
4,85733,61.509999999999984
4,85747,61.509999999999984
4,85749,61.509999999999984
4,85763,61.509999999999984
4,85791,61.509999999999984
4,85805,61.509999999999984
4,85831,61.509999999999984
4,85859,73.47
4,85873,73.47
4,85901,73.47
4,85929,73.47
4,85931,73.47
4,85959,73.47
4,85973,73.47
4,86001,73.47
4,86003,73.47
4,86031,73.76000000000002
4,86045,73.76000000000002
4,86071,82.90999999999998
4,86085,82.90999999999998
4,86101,82.90999999999998
4,86131,82.90999999999998
4,86145,82.90999999999998
4,86147,82.90999999999998
4,86175,82.90999999999998
4,86189,82.90999999999998
4,86219,82.90999999999998
4,86233,82.90999999999998
4,86263,82.90999999999998
4,86289,82.90999999999998
4,86303,82.90999999999998
4,86319,82.90999999999998
4,86353,82.90999999999998
4,86379,82.90999999999998
4,86405,82.90999999999998
4,86433,82.90999999999998
4,86453,82.90999999999998
4,86483,82.90999999999998
4,86509,89.88000000000001
4,86545,89.88000000000001
4,86571,89.88000000000001
4,86587,89.88000000000001
4,86601,89.88000000000001
4,86603,97.58999999999999
4,86619,97.58999999999999
4,86647,97.58999999999999
4,86661,97.58999999999999
4,86663,97.58999999999999
4,86677,97.58999999999999
4,86693,97.58999999999999
4,86719,97.58999999999999
4,86733,97.58999999999999
4,86749,97.58999999999999
4,86775,97.58999999999999
4,86777,97.58999999999999
4,86791,97.58999999999999
4,86805,97.58999999999999
4,86819,97.58999999999999
4,86849,97.58999999999999
4,86879,97.58999999999999
4,86893,97.58999999999999
4,86913,97.58999999999999
4,86915,97.58999999999999
4,86933,97.58999999999999
4,86959,97.58999999999999
4,86973,97.58999999999999
4,87001,97.58999999999999
4,87027,97.58999999999999
4,87053,97.58999999999999
4,87079,97.58999999999999
4,87081,97.58999999999999
4,87095,97.58999999999999
4,87109,97.58999999999999
4,87111,97.58999999999999
4,87139,97.58999999999999
4,87155,97.58999999999999
4,87185,97.58999999999999
4,87201,97.58999999999999
4,87203,97.58999999999999
4,87229,97.58999999999999
4,87243,97.58999999999999
4,87271,97.58999999999999
4,87299,101.16000000000003
4,87313,101.16000000000003
4,87327,101.16000000000003
4,87355,101.16000000000003
4,87381,101.16000000000003
4,87413,101.16000000000003
4,87441,101.16000000000003
4,87471,101.16000000000003
4,87497,101.16000000000003
4,87511,101.16000000000003
4,87525,101.16000000000003
4,87527,101.16000000000003
4,87541,101.16000000000003
4,87555,101.16000000000003
4,87585,101.16000000000003
4,87621,101.16000000000003
4,87637,101.16000000000003
4,87665,101.16000000000003
4,87667,101.16000000000003
4,87681,101.16000000000003
4,87695,101.16000000000003
4,87723,101.16000000000003
4,87751,101.16000000000003
4,87781,101.16000000000003
4,87795,102.93999999999998
4,87809,102.93999999999998
4,87811,102.93999999999998
4,87837,102.93999999999998
4,87839,102.93999999999998
4,87853,102.93999999999998
4,87881,102.93999999999998
4,87883,102.93999999999998
4,87909,116.91000000000001
4,87923,116.91000000000001
4,87951,116.91000000000001
4,87969,116.91000000000001
4,88001,116.91000000000001
4,88033,116.91000000000001
4,88047,116.91000000000001
4,88075,116.91000000000001
4,88103,116.91000000000001
4,88119,116.91000000000001
4,88133,116.91000000000001
4,88147,116.91000000000001
4,88175,116.91000000000001
4,88177,116.91000000000001
4,88191,116.91000000000001
4,88221,116.91000000000001
4,88237,116.91000000000001
4,88253,116.91000000000001
4,88281,116.91000000000001
4,88303,116.91000000000001
4,88329,116.91000000000001
4,88343,116.91000000000001
4,88359,116.91000000000001
4,88385,116.91000000000001
4,88405,116.91000000000001
4,88441,116.91000000000001
4,88471,116.91000000000001
4,88485,116.91000000000001
4,88499,116.91000000000001
4,88501,116.91000000000001
4,88521,116.91000000000001
4,88535,116.91000000000001
4,88569,116.91000000000001
4,88595,116.91000000000001
4,88625,116.91000000000001
4,88639,116.91000000000001
4,88641,116.91000000000001
4,88643,116.91000000000001
4,88671,116.91000000000001
4,88673,116.91000000000001
4,88703,116.91000000000001
4,88717,116.91000000000001
4,88735,116.91000000000001
4,88751,116.91000000000001
4,88767,116.91000000000001
4,88795,116.91000000000001
4,88825,116.91000000000001
4,88839,116.91000000000001
4,88865,116.91000000000001
4,88879,116.91000000000001
4,88893,116.91000000000001
4,88919,116.91000000000001
4,88933,116.91000000000001
4,88947,116.91000000000001
4,88965,116.91000000000001
4,88967,116.91000000000001
4,88993,116.91000000000001
4,89019,116.91000000000001
4,89045,116.91000000000001
4,89047,116.91000000000001
4,89073,116.91000000000001
4,89103,116.91000000000001
4,89117,116.91000000000001
4,89149,116.91000000000001
4,89175,116.91000000000001
4,89203,116.91000000000001
4,89217,116.91000000000001
4,89231,116.91000000000001
4,89261,116.91000000000001
4,89277,116.91000000000001
4,89291,116.91000000000001
4,89305,116.91000000000001
4,89307,116.91000000000001
4,89321,116.91000000000001
4,89353,116.91000000000001
4,89369,116.91000000000001
4,89383,116.91000000000001
4,89385,116.91000000000001
4,89401,116.91000000000001
4,89415,116.91000000000001
4,89441,116.91000000000001
4,89455,116.91000000000001
4,89469,116.91000000000001
4,89485,116.91000000000001
4,89487,116.91000000000001
4,89515,116.91000000000001
4,89531,116.91000000000001
4,89547,116.91000000000001
4,89549,116.91000000000001
4,89563,116.91000000000001
4,89597,116.91000000000001
4,89615,116.91000000000001
4,89645,116.91000000000001
4,89671,116.91000000000001
4,89673,116.91000000000001
4,89699,116.91000000000001
4,89719,116.91000000000001
4,89745,116.91000000000001
4,89747,116.91000000000001
4,89775,116.91000000000001
4,89801,116.91000000000001
4,89829,116.91000000000001
4,89843,116.91000000000001
4,89869,116.91000000000001
4,89871,116.91000000000001
4,89885,116.91000000000001
4,89899,116.91000000000001
4,89915,116.91000000000001
4,89917,116.91000000000001
4,89943,122.05999999999999
4,89973,122.05999999999999
4,89991,122.05999999999999
4,90021,122.05999999999999
4,90049,122.05999999999999
4,90067,122.05999999999999
4,90081,122.05999999999999
4,90095,122.05999999999999
4,90127,122.05999999999999
4,90141,122.05999999999999
4,90157,122.05999999999999
4,90173,122.05999999999999
4,90201,122.05999999999999
4,90229,122.05999999999999
4,90255,122.05999999999999
4,90281,122.05999999999999
4,90295,125.15999999999991
4,90311,125.15999999999991
4,90327,125.15999999999991
4,90355,125.15999999999991
4,90381,125.15999999999991
4,90409,132.15
4,90411,132.15
4,90443,132.15
4,90471,132.15
4,90473,132.15
4,90499,132.15
4,90515,132.15
4,90533,132.15
4,90549,132.15
4,90551,132.15
4,90585,132.15
4,90601,132.15
4,90629,132.15
4,90643,132.15
4,90645,132.15
4,90659,132.15
4,90661,148.54999999999998
4,90675,148.54999999999998
4,90677,148.54999999999998
4,90693,148.54999999999998
5,80516,31.370000000000005
5,80546,31.370000000000005
5,80560,31.490000000000006
5,80588,31.490000000000006
5,80614,36.350000000000016
5,80646,36.350000000000016
5,80672,36.350000000000016
5,80674,36.350000000000016
5,80688,36.350000000000016
5,80702,41.28999999999999
5,80716,50.67000000000001
5,84783,50.67000000000001
5,84785,50.67000000000001
5,84787,50.67000000000001
5,84789,50.67000000000001
5,84791,50.67000000000001
5,84805,50.67000000000001
5,84831,50.67000000000001
5,84845,50.67000000000001
5,84847,50.67000000000001
5,84873,50.67000000000001
5,84887,50.67000000000001
5,84901,50.67000000000001
5,84915,50.67000000000001
5,84941,50.67000000000001
5,84957,50.67000000000001
5,84959,50.67000000000001
5,84987,50.67000000000001
5,85015,50.67000000000001
5,85029,50.67000000000001
5,85043,50.67000000000001
5,85059,50.67000000000001
5,85087,50.67000000000001
5,85113,57.66000000000002
5,85145,57.66000000000002
5,85159,57.66000000000002
5,85185,64.53000000000002
5,85201,64.53000000000002
5,85215,64.53000000000002
5,85231,64.53000000000002
5,85233,70.35999999999996
5,85261,70.35999999999996
5,85289,70.35999999999996
5,85303,70.35999999999996
5,85329,70.35999999999996
5,85357,70.35999999999996
5,85385,70.35999999999996
5,85399,70.35999999999996
5,85401,70.35999999999996
5,85415,70.35999999999996
5,85441,70.35999999999996
5,85467,70.35999999999996
5,85469,70.35999999999996
5,85471,70.35999999999996
5,85499,70.35999999999996
5,85529,70.35999999999996
5,85555,70.35999999999996
5,85557,70.35999999999996
5,85573,70.35999999999996
5,85591,70.35999999999996
5,85621,70.35999999999996
5,85649,70.35999999999996
5,85679,70.35999999999996
5,85695,70.35999999999996
5,85713,70.35999999999996
5,85741,70.35999999999996
5,85761,70.35999999999996
5,85775,70.35999999999996
5,85805,70.35999999999996
5,85807,70.35999999999996
5,85835,70.35999999999996
5,85849,72.52000000000001
5,85851,72.52000000000001
5,85853,72.52000000000001
5,85869,72.52000000000001
5,85895,72.52000000000001
5,85909,72.52000000000001
5,85937,72.52000000000001
5,85951,72.52000000000001
5,85983,72.52000000000001
5,86011,72.52000000000001
5,86025,72.52000000000001
5,86051,72.52000000000001
5,86077,72.52000000000001
5,86109,72.52000000000001
5,86135,72.52000000000001
5,86161,72.52000000000001
5,86175,72.52000000000001
5,86189,72.52000000000001
5,86207,72.52000000000001
5,86209,72.52000000000001
5,86211,72.52000000000001
5,86229,72.52000000000001
5,86247,72.52000000000001
5,86281,72.52000000000001
5,86307,72.52000000000001
5,86321,72.52000000000001
5,86323,72.52000000000001
5,86341,72.52000000000001
5,86367,72.52000000000001
5,86385,72.52000000000001
5,86387,72.52000000000001
5,86401,72.52000000000001
5,86417,72.52000000000001
5,86445,72.52000000000001
5,86461,72.52000000000001
5,86491,72.52000000000001
5,86507,72.52000000000001
5,86543,72.52000000000001
5,86569,72.52000000000001
5,86585,72.52000000000001
5,86599,72.52000000000001
5,86627,72.52000000000001
5,86641,72.52000000000001
5,86659,72.52000000000001
5,86685,72.52000000000001
5,86711,72.52000000000001
5,86713,72.52000000000001
5,86727,72.52000000000001
5,86743,72.52000000000001
5,86771,72.52000000000001
5,86791,72.52000000000001
5,86805,72.52000000000001
5,86819,72.52000000000001
5,86833,73.22999999999998
5,86847,73.22999999999998
5,86861,73.22999999999998
5,86891,73.22999999999998
5,86893,73.22999999999998
5,86909,73.22999999999998
5,86911,73.22999999999998
5,86929,73.22999999999998
5,86955,79.55000000000001
5,86991,79.55000000000001
5,87021,79.55000000000001
5,87047,79.55000000000001
5,87049,79.55000000000001
5,87063,79.55000000000001
5,87091,79.55000000000001
5,87105,79.55000000000001
5,87121,79.55000000000001
5,87149,79.55000000000001
5,87177,79.55000000000001
5,87191,79.55000000000001
5,87193,79.55000000000001
5,87207,79.55000000000001
5,87221,79.55000000000001
5,87251,79.55000000000001
5,87265,79.55000000000001
5,87293,79.55000000000001
5,87321,80.11000000000003
5,87323,80.11000000000003
5,87339,80.11000000000003
5,87367,80.11000000000003
5,87383,80.11000000000003
5,87409,80.11000000000003
5,87425,80.11000000000003
5,87427,80.11000000000003
5,87441,80.11000000000003
5,87455,80.11000000000003
5,87457,80.11000000000003
5,87491,83.02000000000002
5,87507,83.02000000000002
5,87509,83.02000000000002
5,87523,83.02000000000002
5,87553,83.02000000000002
5,87581,83.02000000000002
5,87609,83.02000000000002
5,87635,83.02000000000002
5,87649,83.02000000000002
5,87665,83.02000000000002
5,87681,83.02000000000002
5,87709,83.02000000000002
5,87723,83.02000000000002
5,87725,83.02000000000002
5,87741,87.8
5,87767,87.8
5,87781,87.8
5,87795,87.8
5,87825,87.8
5,87827,87.8
5,87843,87.8
5,87871,87.8
5,87899,87.8
5,87913,87.8
5,87931,90.18000000000002
5,87945,90.18000000000002
5,87977,90.18000000000002
5,88005,90.18000000000002
5,88019,90.18000000000002
5,88035,90.18000000000002
5,88049,90.18000000000002
5,88077,90.18000000000002
5,88103,90.18000000000002
5,88129,90.18000000000002
5,88145,90.18000000000002
5,88171,115.42999999999994
5,88201,115.42999999999994
5,88227,115.42999999999994
5,88241,115.42999999999994
5,88259,115.42999999999994
5,88273,115.42999999999994
5,88299,115.42999999999994
5,88313,115.42999999999994
5,88341,115.42999999999994
5,88343,115.42999999999994
5,88345,115.42999999999994
5,88359,115.42999999999994
5,88387,115.42999999999994
5,88401,115.42999999999994
5,88431,115.42999999999994
5,88461,115.42999999999994
5,88463,115.42999999999994
5,88477,115.42999999999994
5,88491,115.42999999999994
5,88521,115.42999999999994
5,88553,115.42999999999994
5,88569,115.42999999999994
5,88595,115.42999999999994
5,88623,115.42999999999994
5,88649,115.42999999999994
5,88663,115.42999999999994
5,88681,115.42999999999994
5,88711,115.42999999999994
5,88725,115.42999999999994
5,88751,115.42999999999994
5,88765,115.42999999999994
5,88779,115.42999999999994
5,88781,115.42999999999994
5,88811,115.42999999999994
5,88829,115.42999999999994
5,88861,115.42999999999994
5,88875,115.42999999999994
5,88877,115.42999999999994
5,88893,115.42999999999994
5,88907,115.42999999999994
5,88925,115.42999999999994
5,88951,115.42999999999994
5,88977,115.42999999999994
5,89005,115.42999999999994
5,89037,115.42999999999994
5,89051,115.42999999999994
5,89053,115.42999999999994
5,89085,115.42999999999994
5,89099,115.42999999999994
5,89101,115.42999999999994
5,89103,115.42999999999994
5,89131,115.42999999999994
5,89159,115.42999999999994
5,89161,115.42999999999994
5,89177,115.42999999999994
5,89203,115.42999999999994
5,89235,115.42999999999994
5,89249,115.42999999999994
5,89277,115.42999999999994
5,89307,115.42999999999994
5,89321,115.42999999999994
5,89347,115.42999999999994
5,89373,115.42999999999994
5,89401,115.42999999999994
5,89431,115.42999999999994
5,89433,115.42999999999994
5,89459,115.42999999999994
5,89473,115.42999999999994
5,89505,115.42999999999994
5,89519,115.42999999999994
5,89545,115.42999999999994
5,89559,115.42999999999994
5,89585,115.42999999999994
5,89613,115.42999999999994
5,89629,115.42999999999994
5,89659,115.42999999999994
5,89673,115.42999999999994
5,89699,115.42999999999994
5,89727,115.42999999999994
5,89729,115.42999999999994
5,89743,115.42999999999994
5,89745,115.42999999999994
5,89747,115.42999999999994
5,89773,115.42999999999994
5,89787,115.42999999999994
5,89803,115.42999999999994
5,89817,115.42999999999994
5,89845,115.42999999999994
5,89847,115.42999999999994
5,89861,115.42999999999994
5,89875,115.42999999999994
5,89903,115.42999999999994
5,89917,115.42999999999994
5,89931,115.42999999999994
5,89947,115.42999999999994
5,89963,115.42999999999994
5,89965,115.42999999999994
5,89997,115.42999999999994
5,90025,115.42999999999994
5,90039,115.42999999999994
5,90067,115.42999999999994
5,90093,115.42999999999994
5,90123,115.42999999999994
5,90125,115.42999999999994
5,90139,115.42999999999994
5,90141,115.42999999999994
5,90167,115.42999999999994
5,90197,115.42999999999994
5,90211,115.42999999999994
5,90213,115.42999999999994
5,90229,115.42999999999994
5,90231,115.42999999999994
5,90245,115.42999999999994
5,90273,115.42999999999994
5,90299,115.42999999999994
5,90313,115.42999999999994
5,90345,115.42999999999994
5,90371,124.20999999999998
5,90385,124.20999999999998
5,90387,124.20999999999998
5,90401,124.20999999999998
5,90403,124.20999999999998
5,90417,124.20999999999998
5,90431,124.20999999999998
5,90445,124.20999999999998
5,90477,124.20999999999998
5,90503,125.92999999999999
6,80280,29.540000000000006
6,80310,29.540000000000006
6,80324,29.540000000000006
6,80326,29.96000000000001
6,80340,29.96000000000001
6,80354,29.96000000000001
6,80384,29.96000000000001
6,84499,29.96000000000001
6,84513,31.369999999999983
6,84539,33.55999999999998
6,84557,33.55999999999998
6,84587,33.55999999999998
6,84601,33.55999999999998
6,84627,34.05999999999998
6,84641,42.98
6,84655,42.98
6,84681,42.98
6,84709,42.98
6,84711,42.98
6,84727,44.90999999999999
6,84747,44.90999999999999
6,84761,44.90999999999999
6,84775,59.42999999999998
6,84791,59.42999999999998
6,84817,60.400000000000006
6,84831,60.400000000000006
6,84847,60.400000000000006
6,84861,60.400000000000006
6,84875,60.400000000000006
6,84877,60.400000000000006
6,84891,60.400000000000006
6,84921,60.400000000000006
6,84935,60.400000000000006
6,84951,60.400000000000006
6,84965,60.400000000000006
6,84979,60.400000000000006
6,85005,60.400000000000006
6,85031,60.400000000000006
6,85065,60.400000000000006
6,85083,60.400000000000006
6,85111,60.400000000000006
6,85113,60.400000000000006
6,85127,60.400000000000006
6,85153,60.400000000000006
6,85155,60.400000000000006
6,85171,60.400000000000006
6,85187,60.400000000000006
6,85221,60.400000000000006
6,85247,60.400000000000006
6,85261,60.400000000000006
6,85275,60.400000000000006
6,85301,60.400000000000006
6,85333,60.400000000000006
6,85361,60.400000000000006
6,85389,60.400000000000006
6,85409,60.400000000000006
6,85411,60.400000000000006
6,85429,60.400000000000006
6,85455,65.97999999999998
6,85469,65.97999999999998
6,85499,65.97999999999998
6,85501,65.97999999999998
6,85529,65.97999999999998
6,85531,65.97999999999998
6,85559,65.97999999999998
6,85573,65.97999999999998
6,85603,65.97999999999998
6,85631,65.97999999999998
6,85649,65.97999999999998
6,85669,65.97999999999998
6,85695,65.97999999999998
6,85709,65.97999999999998
6,85737,65.97999999999998
6,85755,65.97999999999998
6,85783,70.29999999999997
6,85811,70.29999999999997
6,85825,70.29999999999997
6,85827,70.29999999999997
6,85843,70.29999999999997
6,85857,70.29999999999997
6,85859,70.29999999999997
6,85861,70.29999999999997
6,85891,70.29999999999997
6,85905,70.29999999999997
6,85919,70.94000000000003
6,85933,70.94000000000003
6,85969,70.94000000000003
6,86001,70.94000000000003
6,86015,70.94000000000003
6,86029,71.16999999999997
6,86043,71.16999999999997
6,86069,85.92000000000002
6,86095,85.92000000000002
6,86111,85.92000000000002
6,86125,85.92000000000002
6,86153,85.92000000000002
6,86169,85.92000000000002
6,86183,85.92000000000002
6,86197,85.92000000000002
6,86225,85.92000000000002
6,86241,85.92000000000002
6,86275,85.92000000000002
6,86289,85.92000000000002
6,86317,85.92000000000002
6,86331,85.92000000000002
6,86359,85.92000000000002
6,86375,85.92000000000002
6,86391,85.92000000000002
6,86417,85.92000000000002
6,86443,85.92000000000002
6,86445,85.92000000000002
6,86459,96.27000000000001
6,86487,96.27000000000001
6,86513,96.27000000000001
6,86527,96.27000000000001
6,86559,98.42000000000004
6,86577,98.42000000000004
6,86591,98.42000000000004
6,86605,98.42000000000004
6,86633,98.42000000000004
6,86647,98.42000000000004
6,86661,98.42000000000004
6,86687,98.42000000000004
6,86701,98.42000000000004
6,86727,98.42000000000004
6,86755,98.42000000000004
6,86771,98.42000000000004
6,86773,98.42000000000004
6,86787,98.42000000000004
6,86819,98.42000000000004
6,86837,98.42000000000004
6,86865,98.42000000000004
6,86891,130.70999999999995
6,86905,130.70999999999995
6,86931,130.70999999999995
6,86945,130.70999999999995
6,86961,130.70999999999995
6,86987,130.70999999999995
6,86989,130.70999999999995
6,87003,130.70999999999995
6,87017,130.70999999999995
6,87031,130.70999999999995
6,87049,130.70999999999995
6,87077,130.70999999999995
6,87091,130.70999999999995
6,87117,130.70999999999995
6,87131,130.70999999999995
6,87159,130.70999999999995
6,87161,130.70999999999995
6,87191,130.70999999999995
6,87205,130.70999999999995
6,87239,130.70999999999995
6,87253,130.70999999999995
6,87267,130.70999999999995
6,87293,130.70999999999995
6,87323,130.70999999999995
6,87355,130.70999999999995
6,87357,130.70999999999995
6,87383,130.70999999999995
6,87397,130.70999999999995
6,87429,130.70999999999995
6,87445,130.70999999999995
6,87475,130.70999999999995
6,87501,130.70999999999995
6,87527,130.70999999999995
6,87541,130.70999999999995
6,87555,130.70999999999995
6,87581,130.70999999999995
6,87609,130.70999999999995
6,87623,130.70999999999995
6,87641,130.70999999999995
6,87655,130.70999999999995
6,87669,130.70999999999995
6,87695,130.70999999999995
6,87697,130.70999999999995
6,87711,130.70999999999995
6,87725,130.70999999999995
6,87739,130.70999999999995
6,87767,130.70999999999995
6,87769,130.70999999999995
6,87799,130.70999999999995
6,87815,130.70999999999995
6,87817,130.70999999999995
6,87819,130.70999999999995
6,87833,130.70999999999995
6,87849,130.70999999999995
6,87881,130.70999999999995
6,87895,130.70999999999995
6,87911,130.70999999999995
6,87925,130.70999999999995
6,87957,130.70999999999995
6,87971,130.70999999999995
6,87985,130.70999999999995
6,87987,130.70999999999995
6,88019,130.70999999999995
6,88049,130.70999999999995
6,88051,130.70999999999995
6,88065,130.70999999999995
6,88079,130.70999999999995
6,88081,130.70999999999995
6,88083,130.70999999999995
6,88099,130.70999999999995
6,88129,130.70999999999995
6,88143,130.70999999999995
6,88169,130.70999999999995
6,88183,130.70999999999995
6,88201,130.70999999999995
6,88217,130.70999999999995
6,88233,130.70999999999995
6,88251,130.70999999999995
6,88281,130.70999999999995
6,88295,130.70999999999995
6,88323,130.70999999999995
6,88337,130.70999999999995
6,88351,130.70999999999995
6,88365,130.70999999999995
6,88381,130.70999999999995
6,88413,130.70999999999995
6,88443,130.70999999999995
6,88457,130.70999999999995
6,88483,130.70999999999995
6,88485,130.70999999999995
6,88513,130.70999999999995
6,88529,130.70999999999995
6,88543,130.70999999999995
6,88559,130.70999999999995
6,88589,130.70999999999995
6,88603,130.70999999999995
6,88617,130.70999999999995
6,88631,130.70999999999995
6,88647,130.70999999999995
6,88661,130.70999999999995
6,88675,130.70999999999995
6,88689,130.70999999999995
6,88691,130.70999999999995
6,88717,130.70999999999995
6,88731,130.70999999999995
6,88759,130.70999999999995
6,88773,130.70999999999995
6,88801,130.70999999999995
6,88815,130.70999999999995
6,88829,130.70999999999995
6,88843,130.70999999999995
6,88845,130.70999999999995
6,88861,130.70999999999995
6,88887,130.70999999999995
6,88889,130.70999999999995
6,88921,130.70999999999995
6,88937,130.70999999999995
6,88953,130.70999999999995
6,88967,130.70999999999995
6,88997,130.70999999999995
6,89023,130.70999999999995
6,89053,130.70999999999995
6,89079,130.70999999999995
6,89095,130.70999999999995
6,89111,130.70999999999995
6,89113,130.70999999999995
6,89139,134.80000000000007
6,89165,134.80000000000007
6,89179,134.80000000000007
6,89207,134.80000000000007
6,89209,134.80000000000007
6,89223,134.80000000000007
6,89253,134.80000000000007
6,89283,134.80000000000007
6,89297,134.80000000000007
6,89311,134.80000000000007
6,89325,134.80000000000007
6,89339,134.80000000000007
6,89353,134.80000000000007
6,89371,134.80000000000007
6,89397,134.80000000000007
6,89411,134.80000000000007
6,89425,134.80000000000007
6,89441,134.80000000000007
6,89457,134.80000000000007
6,89471,134.80000000000007
6,89485,134.80000000000007
6,89499,134.80000000000007
6,89513,134.80000000000007
6,89541,134.80000000000007
6,89543,145.8899999999999
6,89571,145.8899999999999
6,89573,145.8899999999999
6,89587,145.8899999999999
6,89589,145.8899999999999
6,89615,145.8899999999999
6,89635,145.8899999999999
6,89651,145.8899999999999
6,89665,145.8899999999999
6,89691,145.8899999999999
6,89705,145.8899999999999
6,89735,145.8899999999999
6,89749,145.8899999999999
6,89777,145.8899999999999
6,89805,145.8899999999999
6,89807,145.8899999999999
6,89823,145.8899999999999
6,89839,145.8899999999999
6,89841,145.8899999999999
6,89873,145.8899999999999
6,89875,145.8899999999999
6,89907,145.8899999999999
6,89921,145.8899999999999
6,89937,145.8899999999999
6,89953,145.8899999999999
6,89955,145.8899999999999
6,89981,145.8899999999999
6,90009,145.8899999999999
6,90011,145.8899999999999
6,90037,145.8899999999999
6,90051,145.8899999999999
6,90079,145.8899999999999
6,90093,145.8899999999999
6,90119,145.8899999999999
6,90147,145.8899999999999
6,90163,145.8899999999999
6,90189,145.8899999999999
6,90207,145.8899999999999
6,90221,145.8899999999999
6,90235,145.8899999999999
6,90249,145.8899999999999
6,90263,145.8899999999999
7,80904,28.179999999999993
7,80920,28.179999999999993
7,80938,28.179999999999993
7,80964,28.179999999999993
7,80978,29.689999999999994
7,81014,29.689999999999994
7,85075,40.919999999999995
7,85103,40.919999999999995
7,85129,44.18000000000001
7,85147,44.18000000000001
7,85175,44.18000000000001
7,85189,44.18000000000001
7,85215,52.53
7,85229,52.53
7,85257,52.53
7,85271,52.53
7,85299,52.53
7,85313,52.53
7,85339,52.53
7,85367,52.53
7,85395,56.62999999999997
7,85423,56.62999999999997
7,85439,56.62999999999997
7,85453,56.62999999999997
7,85467,56.62999999999997
7,85481,56.62999999999997
7,85495,56.62999999999997
7,85523,56.62999999999997
7,85557,56.62999999999997
7,85575,56.62999999999997
7,85591,56.62999999999997
7,85593,56.62999999999997
7,85607,56.62999999999997
7,85641,56.62999999999997
7,85671,56.62999999999997
7,85697,56.62999999999997
7,85729,56.62999999999997
7,85747,56.62999999999997
7,85781,56.62999999999997
7,85807,79.80999999999997
7,85823,79.80999999999997
7,85841,79.80999999999997
7,85857,79.80999999999997
7,85871,79.80999999999997
7,85897,79.80999999999997
7,85913,79.80999999999997
7,85931,79.80999999999997
7,85961,99.54
7,85977,99.54
7,86005,99.54
7,86035,99.54
7,86051,99.54
7,86079,99.54
7,86081,99.54
7,86113,99.54
7,86115,99.54
7,86129,99.54
7,86157,99.54
7,86183,99.54
7,86199,99.54
7,86217,99.54
7,86231,99.54
7,86245,99.54
7,86273,99.54
7,86289,99.54
7,86291,99.54
7,86307,99.54
7,86309,99.54
7,86323,99.54
7,86337,99.54
7,86339,99.54
7,86367,99.54
7,86395,104.34999999999997
7,86411,104.34999999999997
7,86441,104.34999999999997
7,86469,104.34999999999997
7,86483,104.34999999999997
7,86509,104.34999999999997
7,86523,104.34999999999997
7,86549,104.34999999999997
7,86563,104.34999999999997
7,86579,104.34999999999997
7,86597,104.34999999999997
7,86611,104.34999999999997
7,86627,104.34999999999997
7,86629,104.34999999999997
7,86643,104.34999999999997
7,86671,104.34999999999997
7,86697,108.38000000000001
7,86725,108.38000000000001
7,86741,108.38000000000001
7,86743,108.38000000000001
7,86777,108.38000000000001
7,86791,108.38000000000001
7,86807,108.38000000000001
7,86839,108.38000000000001
7,86853,108.38000000000001
7,86867,108.38000000000001
7,86869,108.38000000000001
7,86887,108.38000000000001
7,86901,108.38000000000001
7,86929,108.38000000000001
7,86955,108.38000000000001
7,86991,108.38000000000001
7,87021,108.38000000000001
7,87037,108.38000000000001
7,87063,108.38000000000001
7,87079,108.38000000000001
7,87095,116.01000000000005
7,87111,116.01000000000005
7,87141,116.01000000000005
7,87171,116.01000000000005
7,87185,116.01000000000005
7,87201,116.01000000000005
7,87229,116.01000000000005
7,87243,116.01000000000005
7,87257,116.01000000000005
7,87285,116.01000000000005
7,87299,116.01000000000005
7,87329,116.01000000000005
7,87343,116.01000000000005
7,87369,116.01000000000005
7,87395,116.01000000000005
7,87421,116.01000000000005
7,87449,116.01000000000005
7,87475,116.01000000000005
7,87501,116.01000000000005
7,87529,116.01000000000005
7,87561,116.01000000000005
7,87577,116.01000000000005
7,87605,116.01000000000005
7,87633,116.01000000000005
7,87659,116.01000000000005
7,87685,116.01000000000005
7,87699,116.01000000000005
7,87715,116.01000000000005
7,87741,116.01000000000005
7,87743,116.01000000000005
7,87757,116.01000000000005
7,87785,116.01000000000005
7,87787,116.01000000000005
7,87819,116.01000000000005
7,87849,116.01000000000005
7,87877,116.01000000000005
7,87903,116.01000000000005
7,87919,116.01000000000005
7,87947,116.01000000000005
7,87965,116.01000000000005
7,87997,116.01000000000005
7,88011,116.01000000000005
7,88027,116.01000000000005
7,88043,116.01000000000005
7,88071,116.01000000000005
7,88099,116.01000000000005
7,88113,116.01000000000005
7,88129,116.01000000000005
7,88131,116.01000000000005
7,88147,116.01000000000005
7,88161,116.01000000000005
7,88187,116.01000000000005
7,88201,116.01000000000005
7,88215,116.01000000000005
7,88229,116.01000000000005
7,88255,116.01000000000005
7,88257,116.01000000000005
7,88259,116.01000000000005
7,88261,116.01000000000005
7,88263,116.01000000000005
7,88277,116.01000000000005
7,88293,116.01000000000005
7,88307,116.01000000000005
7,88339,116.01000000000005
7,88353,116.01000000000005
7,88383,116.01000000000005
7,88401,116.01000000000005
7,88415,116.01000000000005
7,88441,116.01000000000005
7,88443,116.01000000000005
7,88473,116.01000000000005
7,88487,116.01000000000005
7,88503,116.01000000000005
7,88529,116.01000000000005
7,88559,116.01000000000005
7,88573,116.01000000000005
7,88587,116.01000000000005
7,88617,116.01000000000005
7,88633,116.01000000000005
7,88661,116.01000000000005
7,88689,116.01000000000005
7,88703,116.01000000000005
7,88731,116.01000000000005
7,88745,116.01000000000005
7,88779,116.01000000000005
7,88793,116.01000000000005
7,88809,116.01000000000005
7,88811,116.01000000000005
7,88825,122.76
7,88827,122.76
7,88843,122.76
7,88871,122.76
7,88873,122.76
7,88901,122.76
7,88915,122.76
7,88941,122.76
7,88969,122.76
7,88987,122.76
7,89005,122.76
7,89019,122.76
7,89035,122.76
7,89037,122.76
7,89039,122.76
7,89057,122.76
7,89071,125.1
7,89085,125.1
7,89099,125.1
7,89113,125.1
7,89139,125.1
7,89167,125.1
7,89193,125.1
7,89223,125.1
7,89243,125.1
7,89257,125.1
7,89273,125.1
7,89275,125.1
7,89301,130.48000000000002
7,89317,130.48000000000002
7,89343,130.48000000000002
7,89369,136.92999999999998
7,89383,136.92999999999998
7,89397,136.92999999999998
7,89417,136.92999999999998
7,89435,136.92999999999998
7,89451,136.92999999999998
7,89465,136.92999999999998
7,89479,136.92999999999998
7,89495,136.92999999999998
7,89497,136.92999999999998
7,89499,136.92999999999998
7,89513,136.92999999999998
7,89515,136.92999999999998
7,89543,136.92999999999998
7,89545,136.92999999999998
7,89579,136.92999999999998
7,89609,136.92999999999998
7,89627,136.92999999999998
7,89643,136.92999999999998
7,89645,136.92999999999998
7,89659,136.92999999999998
7,89685,136.92999999999998
7,89715,136.92999999999998
7,89745,136.92999999999998
7,89761,136.92999999999998
7,89777,136.92999999999998
7,89803,136.92999999999998
7,89817,136.92999999999998
7,89833,136.92999999999998
7,89849,136.92999999999998
7,89863,136.92999999999998
7,89877,136.92999999999998
7,89893,136.92999999999998
7,89907,136.92999999999998
7,89921,136.92999999999998
7,89935,137.43000000000004
7,89963,139.81999999999996
7,89981,139.81999999999996
7,89995,139.81999999999996
7,90023,139.81999999999996
7,90037,139.81999999999996
7,90051,139.81999999999996
7,90065,139.81999999999996
7,90095,139.81999999999996
7,90121,145.50000000000003
7,90149,145.50000000000003
7,90165,145.50000000000003
7,90179,145.50000000000003
7,90195,145.50000000000003
7,90223,145.50000000000003
7,90251,145.50000000000003
7,90265,145.50000000000003
7,90279,145.50000000000003
7,90311,145.50000000000003
7,90337,145.50000000000003
7,90365,145.50000000000003
7,90381,145.50000000000003
7,90395,145.50000000000003
7,90421,145.50000000000003
7,90439,145.50000000000003
7,90455,145.50000000000003
7,90469,145.50000000000003
7,90483,145.50000000000003
7,90513,145.50000000000003
7,90527,145.50000000000003
7,90547,145.50000000000003
7,90575,145.50000000000003
7,90603,145.50000000000003
7,90629,145.50000000000003
7,90643,145.50000000000003
7,90671,145.50000000000003
7,90673,145.50000000000003
7,90701,145.50000000000003
7,90717,145.50000000000003
7,90743,145.50000000000003
7,90757,145.50000000000003
7,90775,145.50000000000003
7,90791,145.50000000000003
7,90807,145.50000000000003
7,90821,145.50000000000003
7,90849,145.50000000000003
7,90865,145.50000000000003
7,90867,145.50000000000003
7,90881,145.50000000000003
7,90911,145.50000000000003
8,80744,39.52
8,80776,39.52
8,80806,39.52
8,80834,39.52
8,80860,39.52
8,80874,40.31000000000001
8,80888,56.480000000000025
8,80904,56.480000000000025
8,80932,56.480000000000025
8,80934,56.480000000000025
8,80948,56.480000000000025
8,80976,56.480000000000025
8,80978,56.480000000000025
8,81006,56.480000000000025
8,81008,56.480000000000025
8,81036,56.480000000000025
8,81038,56.480000000000025
8,81068,56.480000000000025
8,85039,56.480000000000025
8,85069,56.480000000000025
8,85083,56.480000000000025
8,85097,56.480000000000025
8,85123,56.480000000000025
8,85125,56.480000000000025
8,85151,56.480000000000025
8,85153,56.480000000000025
8,85185,56.480000000000025
8,85187,56.480000000000025
8,85213,56.480000000000025
8,85227,56.480000000000025
8,85257,64.24999999999997
8,85271,64.24999999999997
8,85273,64.24999999999997
8,85287,64.24999999999997
8,85319,64.24999999999997
8,85333,64.24999999999997
8,85349,64.24999999999997
8,85365,64.24999999999997
8,85391,64.24999999999997
8,85393,64.24999999999997
8,85423,64.24999999999997
8,85425,64.24999999999997
8,85457,64.24999999999997
8,85459,64.24999999999997
8,85487,64.24999999999997
8,85501,64.24999999999997
8,85503,64.24999999999997
8,85523,64.24999999999997
8,85525,64.24999999999997
8,85527,64.24999999999997
8,85555,64.24999999999997
8,85571,64.24999999999997
8,85599,64.24999999999997
8,85613,64.24999999999997
8,85627,64.24999999999997
8,85653,64.24999999999997
8,85683,64.24999999999997
8,85709,64.24999999999997
8,85725,64.24999999999997
8,85739,64.24999999999997
8,85765,64.24999999999997
8,85783,70.53000000000002
8,85785,71.18
8,85801,71.18
8,85833,71.18
8,85863,71.18
8,85877,72.06
8,85903,72.06
8,85905,72.06
8,85921,72.06
8,85947,72.06
8,85961,72.06
8,85987,79.10000000000002
8,86003,79.10000000000002
8,86035,79.10000000000002
8,86053,79.10000000000002
8,86083,79.10000000000002
8,86097,79.10000000000002
8,86123,79.10000000000002
8,86151,79.10000000000002
8,86169,79.10000000000002
8,86201,79.10000000000002
8,86203,79.10000000000002
8,86219,79.10000000000002
8,86249,86.86
8,86267,86.86
8,86281,86.86
8,86295,86.86
8,86309,86.86
8,86323,86.86
8,86341,86.86
8,86367,86.86
8,86369,86.86
8,86395,86.86
8,86423,86.86
8,86439,86.86
8,86465,86.86
8,86491,86.86
8,86505,86.86
8,86531,86.86
8,86557,86.86
8,86571,86.86
8,86573,86.86
8,86587,86.86
8,86589,86.86
8,86615,86.86
8,86617,86.86
8,86619,86.86
8,86621,86.86
8,86635,97.36000000000003
8,86649,97.36000000000003
8,86663,97.36000000000003
8,86689,97.36000000000003
8,86703,97.36000000000003
8,86717,97.36000000000003
8,86743,97.36000000000003
8,86759,97.36000000000003
8,86773,97.36000000000003
8,86787,97.36000000000003
8,86813,97.36000000000003
8,86845,97.36000000000003
8,86879,97.36000000000003
8,86893,97.36000000000003
8,86921,97.36000000000003
8,86935,97.36000000000003
8,86937,97.36000000000003
8,86951,97.36000000000003
8,86965,97.36000000000003
8,86983,97.36000000000003
8,87009,97.36000000000003
8,87011,97.36000000000003
8,87027,97.36000000000003
8,87041,97.36000000000003
8,87069,97.36000000000003
8,87095,97.36000000000003
8,87115,97.36000000000003
8,87137,97.36000000000003
8,87165,97.36000000000003
8,87195,97.36000000000003
8,87209,97.36000000000003
8,87223,97.36000000000003
8,87225,97.36000000000003
8,87227,97.36000000000003
8,87229,97.36000000000003
8,87231,97.36000000000003
8,87247,97.36000000000003
8,87275,97.36000000000003
8,87301,97.36000000000003
8,87327,97.36000000000003
8,87343,97.36000000000003
8,87359,97.36000000000003
8,87389,97.36000000000003
8,87391,97.36000000000003
8,87409,97.36000000000003
8,87423,97.36000000000003
8,87451,97.36000000000003
8,87453,97.36000000000003
8,87455,97.36000000000003
8,87471,97.36000000000003
8,87485,97.36000000000003
8,87499,97.36000000000003
8,87513,97.36000000000003
8,87541,97.36000000000003
8,87573,97.36000000000003
8,87587,97.36000000000003
8,87601,97.36000000000003
8,87615,97.36000000000003
8,87647,97.36000000000003
8,87677,97.36000000000003
8,87705,103.25000000000004
8,87733,103.25000000000004
8,87761,103.25000000000004
8,87775,103.25000000000004
8,87789,103.25000000000004
8,87819,103.25000000000004
8,87821,103.25000000000004
8,87835,103.25000000000004
8,87849,103.25000000000004
8,87863,103.25000000000004
8,87877,103.25000000000004
8,87903,103.25000000000004
8,87933,103.25000000000004
8,87935,103.25000000000004
8,87963,103.25000000000004
8,87981,103.25000000000004
8,88009,103.25000000000004
8,88025,103.25000000000004
8,88059,103.25000000000004
8,88087,103.25000000000004
8,88101,103.25000000000004
8,88103,103.25000000000004
8,88117,103.25000000000004
8,88131,103.25000000000004
8,88145,103.25000000000004
8,88173,103.25000000000004
8,88187,103.25000000000004
8,88189,103.25000000000004
8,88215,103.25000000000004
8,88241,103.25000000000004
8,88255,103.25000000000004
8,88271,103.25000000000004
8,88285,103.25000000000004
8,88301,103.25000000000004
8,88315,103.25000000000004
8,88333,103.25000000000004
8,88361,103.25000000000004
8,88375,103.25000000000004
8,88389,103.25000000000004
8,88415,103.25000000000004
8,88441,103.25000000000004
8,88477,103.25000000000004
8,88507,103.25000000000004
8,88523,103.25000000000004
8,88551,103.25000000000004
8,88565,103.25000000000004
8,88579,103.25000000000004
8,88593,103.25000000000004
8,88619,103.25000000000004
8,88645,103.25000000000004
8,88661,103.25000000000004
8,88693,103.25000000000004
8,88723,103.25000000000004
8,88751,103.25000000000004
8,88781,103.25000000000004
8,88811,103.25000000000004
8,88843,103.25000000000004
8,88857,103.25000000000004
8,88859,103.25000000000004
8,88873,103.25000000000004
8,88899,103.25000000000004
8,88929,103.25000000000004
8,88955,103.25000000000004
8,88957,103.25000000000004
8,88983,103.25000000000004
8,88985,103.25000000000004
8,89013,103.25000000000004
8,89015,103.25000000000004
8,89017,103.25000000000004
8,89035,103.25000000000004
8,89049,103.25000000000004
8,89081,103.25000000000004
8,89083,103.25000000000004
8,89099,103.25000000000004
8,89125,103.25000000000004
8,89153,103.25000000000004
8,89167,103.25000000000004
8,89181,103.25000000000004
8,89209,103.25000000000004
8,89223,103.25000000000004
8,89237,103.25000000000004
8,89251,103.25000000000004
8,89253,103.25000000000004
8,89269,103.25000000000004
8,89283,103.25000000000004
8,89305,108.35000000000002
8,89323,108.35000000000002
8,89353,108.35000000000002
8,89355,108.35000000000002
8,89371,108.35000000000002
8,89385,108.35000000000002
8,89413,108.35000000000002
8,89429,108.35000000000002
8,89455,108.35000000000002
8,89485,108.35000000000002
8,89487,108.35000000000002
8,89503,108.35000000000002
8,89517,108.35000000000002
8,89535,108.35000000000002
8,89551,110.03000000000006
8,89553,110.03000000000006
8,89569,110.03000000000006
8,89571,110.03000000000006
8,89601,110.03000000000006
8,89603,110.03000000000006
8,89629,110.03000000000006
8,89631,110.03000000000006
8,89649,110.03000000000006
8,89677,110.03000000000006
8,89693,110.03000000000006
8,89707,110.03000000000006
8,89723,110.03000000000006
8,89751,110.03000000000006
8,89753,110.03000000000006
8,89779,110.03000000000006
8,89793,110.03000000000006
8,89819,110.03000000000006
8,89845,110.03000000000006
8,89873,110.03000000000006
8,89899,110.03000000000006
8,89913,110.03000000000006
8,89927,110.03000000000006
8,89941,110.03000000000006
8,89961,110.03000000000006
8,89987,110.03000000000006
8,90017,110.03000000000006
8,90031,110.03000000000006
8,90045,123.03000000000004
8,90047,123.03000000000004
8,90061,123.03000000000004
8,90079,123.03000000000004
8,90095,123.03000000000004
8,90121,123.03000000000004
8,90123,123.03000000000004
8,90153,123.03000000000004
8,90167,123.03000000000004
8,90169,123.03000000000004
8,90199,123.03000000000004
8,90215,123.03000000000004
8,90243,123.03000000000004
8,90271,123.03000000000004
8,90299,123.03000000000004
8,90319,123.03000000000004
8,90345,123.03000000000004
8,90373,123.03000000000004
8,90375,123.03000000000004
8,90391,123.03000000000004
8,90417,123.03000000000004
8,90445,123.03000000000004
8,90459,123.03000000000004
8,90489,123.03000000000004
8,90521,123.03000000000004
8,90547,123.03000000000004
8,90573,123.03000000000004
8,90575,123.03000000000004
8,90609,123.03000000000004
8,90635,123.03000000000004
8,90649,123.03000000000004
8,90677,123.03000000000004
8,90703,123.03000000000004
8,90717,123.03000000000004
8,90719,123.03000000000004
8,90745,123.03000000000004
9,80708,29.329999999999984
9,84797,37.69999999999999
9,84831,37.69999999999999
9,84847,37.69999999999999
9,84861,44.629999999999995
9,84877,44.629999999999995
9,84891,44.629999999999995
9,84905,44.629999999999995
9,84935,44.629999999999995
9,84963,44.629999999999995
9,84977,44.629999999999995
9,85005,44.629999999999995
9,85035,44.629999999999995
9,85067,44.629999999999995
9,85081,44.629999999999995
9,85099,44.629999999999995
9,85121,44.629999999999995
9,85137,44.629999999999995
9,85151,44.629999999999995
9,85153,44.629999999999995
9,85167,44.629999999999995
9,85183,44.629999999999995
9,85213,44.629999999999995
9,85233,44.629999999999995
9,85249,44.629999999999995
9,85279,55.390000000000015
9,85293,55.390000000000015
9,85321,55.390000000000015
9,85335,55.390000000000015
9,85361,57.84000000000001
9,85375,57.84000000000001
9,85401,57.84000000000001
9,85417,57.84000000000001
9,85433,57.84000000000001
9,85447,57.84000000000001
9,85461,57.84000000000001
9,85475,57.84000000000001
9,85489,57.84000000000001
9,85515,57.84000000000001
9,85529,57.84000000000001
9,85559,57.84000000000001
9,85585,57.84000000000001
9,85599,57.84000000000001
9,85613,57.84000000000001
9,85629,57.84000000000001
9,85657,57.84000000000001
9,85671,57.84000000000001
9,85685,57.84000000000001
9,85719,57.84000000000001
9,85747,57.84000000000001
9,85773,57.84000000000001
9,85787,57.84000000000001
9,85801,57.84000000000001
9,85817,57.84000000000001
9,85831,58.73999999999999
9,85845,58.73999999999999
9,85871,90.73000000000003
9,85901,90.73000000000003
9,85903,90.73000000000003
9,85919,90.73000000000003
9,85933,90.73000000000003
9,85951,90.73000000000003
9,85965,90.73000000000003
9,85967,90.73000000000003
9,85993,90.73000000000003
9,86007,90.73000000000003
9,86025,90.73000000000003
9,86043,90.73000000000003
9,86059,90.73000000000003
9,86061,90.73000000000003
9,86081,90.73000000000003
9,86109,90.73000000000003
9,86111,90.73000000000003
9,86125,90.73000000000003
9,86151,90.73000000000003
9,86181,90.73000000000003
9,86195,90.73000000000003
9,86213,90.73000000000003
9,86239,90.73000000000003
9,86253,90.73000000000003
9,86267,90.73000000000003
9,86283,90.73000000000003
9,86297,90.73000000000003
9,86299,90.73000000000003
9,86301,90.73000000000003
9,86331,90.73000000000003
9,86333,90.73000000000003
9,86359,90.73000000000003
9,86385,90.73000000000003
9,86411,117.25000000000001
9,86413,117.25000000000001
9,86415,117.25000000000001
9,86429,117.25000000000001
9,86455,117.25000000000001
9,86471,117.25000000000001
9,86487,117.25000000000001
9,86513,117.25000000000001
9,86515,117.25000000000001
9,86543,209.0199999999999
9,86571,209.0199999999999
9,86599,209.0199999999999
9,86617,209.0199999999999
9,86619,209.0199999999999
9,86633,209.0199999999999
9,86661,209.0199999999999
9,86679,209.0199999999999
9,86705,209.0199999999999
9,86737,209.0199999999999
9,86767,209.0199999999999
9,86795,209.0199999999999
9,86825,209.0199999999999
9,86853,209.0199999999999
9,86855,209.0199999999999
9,86891,209.0199999999999
9,86893,209.0199999999999
9,86895,209.0199999999999
9,86911,209.0199999999999
9,86939,209.0199999999999
9,86973,209.0199999999999
9,86999,211.1000000000001
9,87013,211.1000000000001
9,87027,211.1000000000001
9,87043,211.1000000000001
9,87069,211.1000000000001
9,87071,211.1000000000001
9,87087,211.1000000000001
9,87117,211.1000000000001
9,87131,211.1000000000001
9,87133,219.74999999999994
9,87147,219.74999999999994
9,87163,219.74999999999994
9,87179,219.74999999999994
9,87213,219.74999999999994
9,87229,219.74999999999994
9,87245,219.74999999999994
9,87259,219.74999999999994
9,87273,219.74999999999994
9,87299,219.74999999999994
9,87329,219.74999999999994
9,87343,219.74999999999994
9,87361,219.74999999999994
9,87375,219.74999999999994
9,87391,219.74999999999994
9,87393,219.74999999999994
9,87423,219.74999999999994
9,87425,219.74999999999994
9,87453,219.74999999999994
9,87469,219.74999999999994
9,87483,219.74999999999994
9,87499,219.74999999999994
9,87501,219.74999999999994
9,87531,219.74999999999994
9,87533,219.74999999999994
9,87559,219.74999999999994
9,87575,219.74999999999994
9,87577,219.74999999999994
9,87605,219.74999999999994
9,87635,219.74999999999994
9,87649,219.74999999999994
9,87675,219.74999999999994
9,87677,219.74999999999994
9,87691,219.74999999999994
9,87707,219.74999999999994
9,87709,219.74999999999994
9,87723,219.74999999999994
9,87737,219.74999999999994
9,87763,219.74999999999994
9,87777,219.74999999999994
9,87791,219.74999999999994
9,87821,219.74999999999994
9,87835,219.74999999999994
9,87865,219.74999999999994
9,87881,219.74999999999994
9,87897,219.74999999999994
9,87911,219.74999999999994
9,87929,219.74999999999994
9,87955,219.74999999999994
9,87971,219.74999999999994
9,88001,219.74999999999994
9,88017,219.74999999999994
9,88035,219.74999999999994
9,88049,219.74999999999994
9,88077,219.74999999999994
9,88091,219.74999999999994
9,88119,219.74999999999994
9,88121,219.74999999999994
9,88135,219.74999999999994
9,88137,219.74999999999994
9,88165,219.74999999999994
9,88195,219.74999999999994
9,88227,219.74999999999994
9,88241,219.74999999999994
9,88257,219.74999999999994
9,88271,219.74999999999994
9,88287,219.74999999999994
9,88301,219.74999999999994
9,88317,219.74999999999994
9,88331,219.74999999999994
9,88333,219.74999999999994
9,88347,219.74999999999994
9,88361,219.74999999999994
9,88375,219.74999999999994
9,88405,219.74999999999994
9,88419,219.74999999999994
9,88449,219.74999999999994
9,88477,219.74999999999994
9,88509,219.74999999999994
9,88543,219.74999999999994
9,88557,219.74999999999994
9,88587,219.74999999999994
9,88617,219.74999999999994
9,88631,219.74999999999994
9,88645,219.74999999999994
9,88647,219.74999999999994
9,88673,219.74999999999994
9,88699,219.74999999999994
9,88727,219.74999999999994
9,88741,219.74999999999994
9,88769,219.74999999999994
9,88799,219.74999999999994
9,88825,220.46
9,88853,220.46
9,88879,220.46
9,88895,220.46
9,88921,220.46
9,88939,220.46
9,88957,220.46
9,88985,220.46
9,89001,220.46
9,89027,220.46
9,89043,220.46
9,89071,220.46
9,89085,220.46
9,89113,220.46
9,89143,220.46
9,89159,220.46
9,89175,220.46
9,89177,220.46
9,89191,220.46
9,89207,220.46
9,89223,220.46
9,89239,220.46
9,89255,220.46
9,89269,220.46
9,89299,220.46
9,89327,220.46
9,89341,220.46
9,89367,220.46
9,89369,220.46
9,89385,220.46
9,89411,220.46
9,89425,220.46
9,89453,220.46
9,89467,220.46
9,89495,220.46
9,89497,220.46
9,89499,220.46
9,89501,220.46
9,89519,220.46
9,89551,220.46
9,89553,220.46
9,89571,220.46
9,89573,220.46
9,89589,220.46
9,89619,220.46
9,89633,220.46
9,89635,220.46
9,89649,220.46
9,89675,220.46
9,89677,220.46
9,89691,220.46
9,89707,220.46
9,89733,222.0399999999999
9,89751,222.0399999999999
9,89767,222.0399999999999
9,89781,222.0399999999999
9,89783,222.0399999999999
9,89785,222.0399999999999
9,89811,222.0399999999999
9,89839,222.0399999999999
9,89841,228.41
9,89857,228.41
9,89889,228.41
9,89905,228.41
9,89919,228.41
9,89935,228.41
9,89965,228.41
9,89981,228.41
9,90009,228.41
9,90035,228.41
9,90049,228.41
9,90063,228.41
9,90089,228.41
9,90105,228.41
9,90133,228.41
9,90147,228.41
9,90149,228.41
9,90183,228.41
9,90211,228.41
9,90229,228.41
9,90245,228.41
9,90259,228.41
9,90261,228.41
9,90289,228.41
9,90317,228.41
9,90343,228.41
9,90363,228.41
9,90377,228.41
9,90409,228.41
9,90423,228.41
9,90449,228.41
9,90451,228.41
9,90479,228.41
9,90509,228.41
9,90525,228.41
9,90553,228.41
9,90569,228.41
9,90571,228.41
9,90597,228.41
9,90623,228.41
9,90625,228.41
9,90639,228.41
9,90655,228.41
9,90669,228.41
9,90697,228.41
10,80824,28.38
10,80856,28.38
10,80858,28.38
10,80886,28.38
10,84919,28.38
10,84933,43.45
10,84959,43.45
10,84973,43.45
10,84991,43.45
10,85021,43.45
10,85023,43.45
10,85025,43.600000000000016
10,85039,43.600000000000016
10,85065,43.600000000000016
10,85081,43.600000000000016
10,85101,43.600000000000016
10,85121,43.600000000000016
10,85149,43.600000000000016
10,85167,43.600000000000016
10,85181,43.600000000000016
10,85183,43.600000000000016
10,85197,43.600000000000016
10,85219,43.600000000000016
10,85235,43.600000000000016
10,85267,43.600000000000016
10,85281,43.63999999999998
10,85311,43.63999999999998
10,85325,52.75999999999999
10,85339,52.75999999999999
10,85359,52.75999999999999
10,85375,52.75999999999999
10,85405,52.75999999999999
10,85421,52.75999999999999
10,85453,52.75999999999999
10,85467,52.75999999999999
10,85483,52.75999999999999
10,85497,52.75999999999999
10,85523,52.75999999999999
10,85525,52.75999999999999
10,85543,52.75999999999999
10,85557,52.75999999999999
10,85571,52.75999999999999
10,85585,60.77999999999999
10,85599,60.77999999999999
10,85629,60.77999999999999
10,85631,60.77999999999999
10,85645,60.77999999999999
10,85675,60.77999999999999
10,85693,60.77999999999999
10,85709,60.77999999999999
10,85741,60.77999999999999
10,85757,60.77999999999999
10,85789,60.77999999999999
10,85803,60.77999999999999
10,85817,60.77999999999999
10,85819,60.77999999999999
10,85833,60.77999999999999
10,85835,60.77999999999999
10,85861,60.77999999999999
10,85879,60.77999999999999
10,85905,60.77999999999999
10,85907,60.77999999999999
10,85909,60.77999999999999
10,85937,69.61000000000001
10,85953,69.61000000000001
10,85981,69.61000000000001
10,85983,69.61000000000001
10,86013,69.61000000000001
10,86041,69.61000000000001
10,86071,69.61000000000001
10,86085,69.61000000000001
10,86101,69.61000000000001
10,86103,69.61000000000001
10,86129,69.61000000000001
10,86131,69.61000000000001
10,86147,69.61000000000001
10,86149,69.61000000000001
10,86175,69.61000000000001
10,86177,69.61000000000001
10,86205,69.61000000000001
10,86231,69.61000000000001
10,86233,69.61000000000001
10,86247,69.61000000000001
10,86261,69.61000000000001
10,86291,69.61000000000001
10,86319,69.61000000000001
10,86321,69.61000000000001
10,86339,69.61000000000001
10,86365,69.61000000000001
10,86379,69.61000000000001
10,86395,73.98000000000002
10,86409,73.98000000000002
10,86435,73.98000000000002
10,86449,73.98000000000002
10,86467,73.98000000000002
10,86481,73.98000000000002
10,86495,87.04000000000002
10,86497,87.04000000000002
10,86525,87.04000000000002
10,86541,87.04000000000002
10,86557,87.04000000000002
10,86559,87.04000000000002
10,86585,87.04000000000002
10,86619,87.04000000000002
10,86645,87.04000000000002
10,86671,87.04000000000002
10,86687,87.04000000000002
10,86701,87.04000000000002
10,86703,87.04000000000002
10,86717,87.04000000000002
10,86733,87.04000000000002
10,86759,87.04000000000002
10,86773,87.04000000000002
10,86787,87.04000000000002
10,86815,87.04000000000002
10,86841,87.04000000000002
10,86857,87.04000000000002
10,86883,87.04000000000002
10,86909,87.04000000000002
10,86911,87.04000000000002
10,86913,87.04000000000002
10,86941,87.04000000000002
10,86969,87.04000000000002
10,86971,87.04000000000002
10,86985,87.04000000000002
10,87003,87.04000000000002
10,87005,87.04000000000002
10,87021,87.04000000000002
10,87051,87.04000000000002
10,87065,87.04000000000002
10,87083,87.04000000000002
10,87109,87.04000000000002
10,87137,87.04000000000002
10,87151,87.04000000000002
10,87165,87.04000000000002
10,87167,87.04000000000002
10,87197,87.04000000000002
10,87229,87.04000000000002
10,87243,87.04000000000002
10,87245,87.04000000000002
10,87259,87.04000000000002
10,87275,87.04000000000002
10,87289,87.04000000000002
10,87303,87.04000000000002
10,87317,87.04000000000002
10,87333,87.04000000000002
10,87359,87.04000000000002
10,87377,87.04000000000002
10,87379,87.04000000000002
10,87393,87.04000000000002
10,87395,87.04000000000002
10,87423,87.04000000000002
10,87449,87.04000000000002
10,87463,87.04000000000002
10,87491,87.04000000000002
10,87519,87.04000000000002
10,87547,87.04000000000002
10,87561,87.04000000000002
10,87575,87.04000000000002
10,87603,87.04000000000002
10,87631,87.04000000000002
10,87645,89.41
10,87671,89.41
10,87687,89.41
10,87701,89.41
10,87717,89.41
10,87745,89.41
10,87773,89.41
10,87807,89.41
10,87825,89.41
10,87841,89.41
10,87843,89.41
10,87857,89.41
10,87883,89.41
10,87899,89.41
10,87913,96.45999999999995
10,87931,96.45999999999995
10,87945,102.28000000000002
10,87947,102.28000000000002
10,87979,102.28000000000002
10,88005,102.28000000000002
10,88007,102.28000000000002
10,88009,102.28000000000002
10,88023,102.28000000000002
10,88037,102.28000000000002
10,88053,102.28000000000002
10,88069,102.28000000000002
10,88085,102.28000000000002
10,88099,102.28000000000002
10,88127,102.42999999999999
10,88159,102.42999999999999
10,88173,102.42999999999999
10,88201,102.42999999999999
10,88215,102.42999999999999
10,88217,102.42999999999999
10,88233,102.42999999999999
10,88261,102.42999999999999
10,88287,102.42999999999999
10,88313,102.42999999999999
10,88341,102.42999999999999
10,88343,102.42999999999999
10,88357,102.42999999999999
10,88383,102.42999999999999
10,88413,102.42999999999999
10,88427,102.42999999999999
10,88443,102.42999999999999
10,88459,102.42999999999999
10,88475,102.42999999999999
10,88491,102.42999999999999
10,88517,102.42999999999999
10,88531,102.42999999999999
10,88547,107.11000000000003
10,88549,107.11000000000003
10,88563,107.11000000000003
10,88579,107.11000000000003
10,88593,107.11000000000003
10,88619,107.11000000000003
10,88635,107.11000000000003
10,88653,107.11000000000003
10,88655,107.11000000000003
10,88671,107.11000000000003
10,88673,107.11000000000003
10,88701,107.11000000000003
10,88735,107.11000000000003
10,88749,107.11000000000003
10,88763,107.11000000000003
10,88791,107.11000000000003
10,88805,107.11000000000003
10,88837,107.11000000000003
10,88839,107.11000000000003
10,88865,107.11000000000003
10,88891,107.11000000000003
10,88919,107.11000000000003
10,88937,107.11000000000003
10,88967,107.11000000000003
10,88983,107.11000000000003
10,88997,107.11000000000003
10,89011,107.11000000000003
10,89039,107.11000000000003
10,89069,107.11000000000003
10,89085,107.11000000000003
10,89099,107.11000000000003
10,89101,107.11000000000003
10,89115,107.11000000000003
10,89131,107.11000000000003
10,89159,107.11000000000003
10,89185,107.11000000000003
10,89213,107.11000000000003
10,89241,114.86999999999996
10,89259,114.86999999999996
10,89273,114.86999999999996
10,89299,114.86999999999996
10,89301,114.86999999999996
10,89303,114.86999999999996
10,89335,114.86999999999996
10,89337,114.86999999999996
10,89367,114.86999999999996
10,89369,114.86999999999996
10,89383,114.86999999999996
10,89397,114.86999999999996
10,89415,114.86999999999996
10,89429,114.86999999999996
10,89459,114.86999999999996
10,89461,114.86999999999996
10,89489,114.86999999999996
10,89503,114.86999999999996
10,89533,114.86999999999996
10,89561,114.86999999999996
10,89577,114.86999999999996
10,89591,114.86999999999996
10,89607,114.86999999999996
10,89637,114.86999999999996
10,89651,114.86999999999996
10,89665,114.86999999999996
10,89679,114.86999999999996
10,89707,114.86999999999996
10,89737,114.86999999999996
10,89751,114.86999999999996
10,89765,114.86999999999996
10,89793,114.86999999999996
10,89807,114.86999999999996
10,89821,114.86999999999996
10,89861,114.86999999999996
10,89887,114.86999999999996
10,89901,114.86999999999996
10,89933,114.86999999999996
10,89947,114.86999999999996
10,89961,114.86999999999996
10,89963,114.86999999999996
10,89979,114.86999999999996
10,89993,114.86999999999996
10,90019,114.86999999999996
10,90047,114.86999999999996
10,90061,114.86999999999996
10,90063,114.86999999999996
10,90089,114.86999999999996
10,90105,114.86999999999996
10,90133,114.86999999999996
10,90161,114.86999999999996
10,90163,114.86999999999996
10,90165,114.86999999999996
10,90193,114.86999999999996
10,90211,114.86999999999996
10,90243,114.86999999999996
10,90257,114.86999999999996
10,90259,114.86999999999996
10,90261,114.86999999999996
10,90277,114.86999999999996
10,90291,114.86999999999996
10,90321,114.86999999999996
10,90347,114.86999999999996
10,90361,114.86999999999996
10,90377,114.86999999999996
10,90405,117.81999999999998
10,90407,117.81999999999998
10,90425,117.81999999999998
10,90453,117.81999999999998
10,90455,117.81999999999998
10,90457,117.81999999999998
10,90471,117.81999999999998
10,90497,117.81999999999998
10,90511,117.81999999999998
10,90545,117.81999999999998
10,90571,126.05999999999999
10,90601,126.05999999999999
10,90615,126.05999999999999
10,90629,126.05999999999999
10,90645,126.05999999999999
10,90661,126.05999999999999
10,90675,126.05999999999999
10,90703,126.05999999999999
10,90729,126.05999999999999
10,90745,126.05999999999999
10,90759,126.05999999999999
10,90773,126.05999999999999
10,90787,126.05999999999999
10,90821,126.05999999999999
11,80498,40.910000000000004
11,80518,40.910000000000004
11,80520,40.910000000000004
11,80546,40.910000000000004
11,84547,40.910000000000004
11,84575,40.910000000000004
11,84605,40.910000000000004
11,84607,40.910000000000004
11,84621,40.910000000000004
11,84635,40.910000000000004
11,84651,40.910000000000004
11,84679,41.92999999999999
11,84695,41.92999999999999
11,84697,41.92999999999999
11,84723,41.92999999999999
11,84751,41.92999999999999
11,84753,41.92999999999999
11,84767,47.46
11,84783,47.46
11,84785,47.46
11,84799,47.46
11,84813,47.46
11,84839,50.88000000000001
11,84857,50.88000000000001
11,84885,50.88000000000001
11,84911,50.88000000000001
11,84939,50.88000000000001
11,84955,50.88000000000001
11,84971,50.88000000000001
11,84997,53.49
11,85023,53.49
11,85053,53.49
11,85069,53.49
11,85071,53.49
11,85087,53.49
11,85089,53.49
11,85105,53.49
11,85133,56.01000000000002
11,85151,56.01000000000002
11,85165,56.01000000000002
11,85193,56.01000000000002
11,85219,56.01000000000002
11,85245,56.01000000000002
11,85275,56.01000000000002
11,85301,56.01000000000002
11,85315,56.01000000000002
11,85329,56.01000000000002
11,85357,56.01000000000002
11,85387,59.86000000000001
11,85401,59.86000000000001
11,85429,59.86000000000001
11,85457,59.86000000000001
11,85471,59.86000000000001
11,85489,59.86000000000001
11,85503,59.86000000000001
11,85521,59.86000000000001
11,85523,59.86000000000001
11,85539,59.86000000000001
11,85567,59.86000000000001
11,85593,59.86000000000001
11,85623,59.86000000000001
11,85637,59.86000000000001
11,85669,59.86000000000001
11,85697,61.99000000000001
11,85727,61.99000000000001
11,85755,61.99000000000001
11,85757,61.99000000000001
11,85759,61.99000000000001
11,85775,61.99000000000001
11,85809,61.99000000000001
11,85837,61.99000000000001
11,85851,61.99000000000001
11,85877,61.99000000000001
11,85909,61.99000000000001
11,85923,61.99000000000001
11,85925,61.99000000000001
11,85941,61.99000000000001
11,85971,61.99000000000001
11,85997,61.99000000000001
11,86013,61.99000000000001
11,86045,61.99000000000001
11,86047,61.99000000000001
11,86061,67.56999999999995
11,86089,67.56999999999995
11,86103,67.56999999999995
11,86117,67.56999999999995
11,86149,67.56999999999995
11,86165,67.56999999999995
11,86179,67.56999999999995
11,86211,67.56999999999995
11,86213,67.56999999999995
11,86243,67.56999999999995
11,86245,67.56999999999995
11,86247,67.56999999999995
11,86277,67.56999999999995
11,86305,68.34
11,86319,68.34
11,86335,68.34
11,86337,68.34
11,86363,68.34
11,86379,68.34
11,86381,68.34
11,86383,68.34
11,86385,68.34
11,86401,68.34
11,86415,73.55999999999999
11,86441,73.55999999999999
11,86455,73.55999999999999
11,86469,73.55999999999999
11,86471,73.55999999999999
11,86485,73.55999999999999
11,86499,73.55999999999999
11,86517,73.55999999999999
11,86533,73.55999999999999
11,86535,73.55999999999999
11,86553,73.55999999999999
11,86569,73.55999999999999
11,86599,73.55999999999999
11,86601,73.55999999999999
11,86627,73.55999999999999
11,86657,73.55999999999999
11,86671,76.05999999999997
11,86673,76.05999999999997
11,86675,76.05999999999997
11,86701,76.05999999999997
11,86727,76.05999999999997
11,86729,76.05999999999997
11,86743,76.05999999999997
11,86769,80.84
11,86799,165.57000000000005
11,86825,165.57000000000005
11,86851,165.57000000000005
11,86865,165.57000000000005
11,86879,165.57000000000005
11,86897,165.57000000000005
11,86911,165.57000000000005
11,86925,165.57000000000005
11,86939,166.25
11,86953,166.25
11,86967,166.25
11,86993,166.25
11,87019,166.25
11,87045,166.25
11,87077,166.25
11,87105,166.25
11,87119,166.25
11,87133,166.25
11,87147,166.25
11,87163,172.36999999999995
11,87177,172.36999999999995
11,87193,172.36999999999995
11,87209,172.36999999999995
11,87211,172.36999999999995
11,87227,172.36999999999995
11,87257,172.36999999999995
11,87287,172.36999999999995
11,87301,172.36999999999995
11,87315,172.36999999999995
11,87317,172.36999999999995
11,87331,172.36999999999995
11,87359,172.36999999999995
11,87373,172.36999999999995
11,87375,172.36999999999995
11,87391,172.36999999999995
11,87417,172.36999999999995
11,87431,172.36999999999995
11,87445,172.36999999999995
11,87473,172.36999999999995
11,87491,172.36999999999995
11,87507,172.36999999999995
11,87521,172.36999999999995
11,87537,172.36999999999995
11,87553,172.36999999999995
11,87555,172.36999999999995
11,87583,172.36999999999995
11,87585,172.36999999999995
11,87613,172.36999999999995
11,87639,172.36999999999995
11,87667,172.36999999999995
11,87669,172.36999999999995
11,87695,172.36999999999995
11,87709,172.36999999999995
11,87711,172.36999999999995
11,87725,172.36999999999995
11,87741,172.36999999999995
11,87769,172.36999999999995
11,87795,176.1
11,87811,176.1
11,87837,176.1
11,87851,176.1
11,87867,176.1
11,87897,176.1
11,87911,176.1
11,87927,176.1
11,87929,176.1
11,87961,176.1
11,87989,176.1
11,88003,176.1
11,88005,176.1
11,88021,176.1
11,88035,176.1
11,88061,176.1
11,88079,181.42000000000004
11,88095,181.42000000000004
11,88109,181.42000000000004
11,88125,181.42000000000004
11,88139,181.42000000000004
11,88165,181.42000000000004
11,88179,181.42000000000004
11,88205,181.42000000000004
11,88233,181.42000000000004
11,88271,181.42000000000004
11,88303,181.42000000000004
11,88317,181.42000000000004
11,88345,181.42000000000004
11,88381,181.42000000000004
11,88383,181.42000000000004
11,88397,181.42000000000004
11,88425,181.42000000000004
11,88455,181.42000000000004
11,88469,181.42000000000004
11,88487,181.42000000000004
11,88513,181.42000000000004
11,88527,181.42000000000004
11,88541,181.42000000000004
11,88555,181.42000000000004
11,88581,181.42000000000004
11,88607,181.42000000000004
11,88609,181.42000000000004
11,88611,181.42000000000004
11,88645,181.42000000000004
11,88671,181.42000000000004
11,88697,181.42000000000004
11,88723,181.42000000000004
11,88751,181.42000000000004
11,88765,181.42000000000004
11,88781,181.42000000000004
11,88783,181.42000000000004
11,88809,181.42000000000004
11,88811,181.42000000000004
11,88839,181.42000000000004
11,88867,181.42000000000004
11,88881,181.42000000000004
11,88895,181.42000000000004
11,88909,181.42000000000004
11,88925,181.42000000000004
11,88939,181.42000000000004
11,88955,181.42000000000004
11,88971,181.42000000000004
11,88999,181.42000000000004
11,89013,181.42000000000004
11,89029,181.42000000000004
11,89059,181.42000000000004
11,89089,181.42000000000004
11,89105,181.42000000000004
11,89119,181.42000000000004
11,89151,181.42000000000004
11,89177,181.42000000000004
11,89191,181.42000000000004
11,89223,181.42000000000004
11,89225,181.42000000000004
11,89239,181.42000000000004
11,89241,181.42000000000004
11,89255,181.42000000000004
11,89273,181.42000000000004
11,89287,181.42000000000004
11,89301,181.42000000000004
11,89329,181.42000000000004
11,89343,181.42000000000004
11,89357,181.42000000000004
11,89375,181.42000000000004
11,89403,181.42000000000004
11,89405,181.42000000000004
11,89433,181.42000000000004
11,89447,181.42000000000004
11,89461,181.42000000000004
11,89487,181.42000000000004
11,89503,181.42000000000004
11,89539,181.42000000000004
11,89565,181.42000000000004
11,89593,181.42000000000004
11,89607,181.42000000000004
11,89609,181.42000000000004
11,89625,181.42000000000004
11,89651,181.42000000000004
11,89683,181.42000000000004
11,89697,181.42000000000004
11,89711,181.42000000000004
11,89737,181.42000000000004
11,89751,181.42000000000004
11,89765,181.42000000000004
11,89785,181.42000000000004
11,89811,181.42000000000004
11,89827,181.42000000000004
11,89841,181.42000000000004
11,89855,181.42000000000004
11,89883,181.42000000000004
11,89897,181.42000000000004
11,89911,181.42000000000004
11,89925,181.42000000000004
11,89953,181.42000000000004
11,89981,181.42000000000004
11,90009,181.42000000000004
11,90025,181.42000000000004
11,90039,181.42000000000004
11,90041,181.42000000000004
11,90043,181.42000000000004
11,90075,181.42000000000004
11,90077,181.42000000000004
11,90109,181.42000000000004
11,90125,181.42000000000004
11,90141,181.42000000000004
11,90167,181.42000000000004
11,90181,181.42000000000004
11,90195,181.42000000000004
11,90223,181.42000000000004
11,90249,181.42000000000004
11,90279,181.42000000000004
11,90293,181.42000000000004
11,90321,181.42000000000004
11,90349,181.42000000000004
11,90375,181.42000000000004
11,90391,181.42000000000004
11,90419,181.42000000000004
11,90445,181.42000000000004
11,90471,181.42000000000004
11,90497,181.42000000000004
12,80420,30.660000000000004
12,80436,30.660000000000004
12,80462,33.95000000000002
12,80490,56.85000000000002
12,80518,56.85000000000002
12,80548,56.85000000000002
12,80576,56.85000000000002
12,80602,56.85000000000002
12,80604,56.85000000000002
12,80630,56.85000000000002
12,80644,56.85000000000002
12,84691,56.85000000000002
12,84717,56.85000000000002
12,84747,56.85000000000002
12,84761,56.85000000000002
12,84777,56.85000000000002
12,84807,56.85000000000002
12,84837,56.85000000000002
12,84867,56.85000000000002
12,84893,56.85000000000002
12,84925,56.85000000000002
12,84927,56.85000000000002
12,84941,56.85000000000002
12,84973,56.85000000000002
12,84989,56.85000000000002
12,85017,56.85000000000002
12,85033,56.85000000000002
12,85035,56.85000000000002
12,85049,56.85000000000002
12,85077,56.85000000000002
12,85091,69.82999999999998
12,85119,69.82999999999998
12,85145,69.82999999999998
12,85175,69.82999999999998
12,85189,72.23999999999997
12,85203,72.23999999999997
12,85233,72.23999999999997
12,85261,72.49999999999999
12,85275,72.49999999999999
12,85301,72.49999999999999
12,85329,72.49999999999999
12,85343,72.49999999999999
12,85371,72.49999999999999
12,85401,72.49999999999999
12,85429,72.49999999999999
12,85431,72.49999999999999
12,85445,146.58999999999995
12,85461,146.58999999999995
12,85463,146.58999999999995
12,85491,146.58999999999995
12,85521,146.58999999999995
12,85551,146.58999999999995
12,85569,146.58999999999995
12,85595,146.58999999999995
12,85611,146.58999999999995
12,85627,146.58999999999995
12,85659,149.35999999999999
12,85677,149.35999999999999
12,85691,149.35999999999999
12,85717,149.35999999999999
12,85731,149.35999999999999
12,85745,149.35999999999999
12,85759,149.35999999999999
12,85789,149.35999999999999
12,85803,149.35999999999999
12,85805,149.35999999999999
12,85833,149.35999999999999
12,85847,149.35999999999999
12,85877,149.35999999999999
12,85891,149.35999999999999
12,85905,149.35999999999999
12,85933,149.35999999999999
12,85961,149.35999999999999
12,85977,149.35999999999999
12,86003,149.35999999999999
12,86019,149.35999999999999
12,86051,149.35999999999999
12,86067,149.35999999999999
12,86081,149.35999999999999
12,86097,149.35999999999999
12,86111,149.35999999999999
12,86113,149.35999999999999
12,86127,149.35999999999999
12,86149,149.35999999999999
12,86163,149.35999999999999
12,86189,149.35999999999999
12,86217,149.35999999999999
12,86243,149.35999999999999
12,86261,149.35999999999999
12,86279,149.35999999999999
12,86293,149.35999999999999
12,86307,154.55999999999997
12,86323,154.55999999999997
12,86337,154.55999999999997
12,86363,154.55999999999997
12,86391,154.55999999999997
12,86419,154.55999999999997
12,86433,154.55999999999997
12,86449,154.55999999999997
12,86451,154.55999999999997
12,86477,154.55999999999997
12,86493,154.55999999999997
12,86495,154.55999999999997
12,86515,154.55999999999997
12,86531,154.55999999999997
12,86545,154.55999999999997
12,86571,154.55999999999997
12,86585,154.55999999999997
12,86611,154.55999999999997
12,86641,154.55999999999997
12,86655,154.55999999999997
12,86669,154.55999999999997
12,86695,154.55999999999997
12,86709,154.55999999999997
12,86741,154.55999999999997
12,86769,154.55999999999997
12,86787,154.55999999999997
12,86819,154.55999999999997
12,86845,154.55999999999997
12,86865,154.55999999999997
12,86879,154.55999999999997
12,86907,154.55999999999997
12,86921,154.55999999999997
12,86937,154.55999999999997
12,86963,154.55999999999997
12,86991,154.55999999999997
12,87005,154.55999999999997
12,87019,154.55999999999997
12,87047,154.55999999999997
12,87061,154.55999999999997
12,87075,154.55999999999997
12,87101,154.55999999999997
12,87127,154.55999999999997
12,87153,154.55999999999997
12,87181,154.55999999999997
12,87209,154.55999999999997
12,87223,154.55999999999997
12,87225,154.55999999999997
12,87227,154.55999999999997
12,87245,154.55999999999997
12,87247,154.55999999999997
12,87249,154.55999999999997
12,87251,154.55999999999997
12,87253,154.55999999999997
12,87283,154.55999999999997
12,87297,154.55999999999997
12,87323,154.55999999999997
12,87339,154.55999999999997
12,87365,154.55999999999997
12,87379,158.00000000000003
12,87395,158.00000000000003
12,87397,158.00000000000003
12,87423,158.00000000000003
12,87449,158.00000000000003
12,87463,158.00000000000003
12,87489,158.00000000000003
12,87515,158.00000000000003
12,87541,158.00000000000003
12,87567,158.00000000000003
12,87581,158.00000000000003
12,87611,158.00000000000003
12,87625,158.00000000000003
12,87627,158.00000000000003
12,87641,158.00000000000003
12,87657,158.00000000000003
12,87673,158.00000000000003
12,87701,158.00000000000003
12,87715,158.00000000000003
12,87733,158.00000000000003
12,87765,158.00000000000003
12,87793,158.00000000000003
12,87819,158.00000000000003
12,87821,158.00000000000003
12,87851,158.00000000000003
12,87877,158.00000000000003
12,87879,158.00000000000003
12,87897,158.00000000000003
12,87925,165.64
12,87955,165.64
12,87983,170.22
12,87997,170.22
12,87999,170.22
12,88025,170.22
12,88041,170.22
12,88043,170.22
12,88057,177.92000000000007
12,88089,177.92000000000007
12,88103,177.92000000000007
12,88117,177.92000000000007
12,88147,177.92000000000007
12,88163,177.92000000000007
12,88165,180.1599999999999
12,88183,180.1599999999999
12,88209,180.1599999999999
12,88223,180.1599999999999
12,88237,182.69
12,88257,182.69
12,88287,182.69
12,88303,182.69
12,88317,182.69
12,88345,182.69
12,88373,182.69
12,88387,186.22000000000003
12,88401,186.22000000000003
12,88415,186.22000000000003
12,88429,186.22000000000003
12,88455,186.22000000000003
12,88469,186.22000000000003
12,88485,186.22000000000003
12,88511,186.22000000000003
12,88537,186.22000000000003
12,88539,186.22000000000003
12,88565,186.22000000000003
12,88595,186.22000000000003
12,88621,186.22000000000003
12,88623,186.22000000000003
12,88625,186.22000000000003
12,88653,186.22000000000003
12,88683,186.22000000000003
12,88699,186.22000000000003
12,88713,186.22000000000003
12,88729,186.22000000000003
12,88745,186.22000000000003
12,88773,186.22000000000003
12,88793,186.22000000000003
12,88795,186.22000000000003
12,88813,186.22000000000003
12,88827,186.22000000000003
12,88843,186.22000000000003
12,88859,186.22000000000003
12,88889,186.22000000000003
12,88903,186.22000000000003
12,88929,186.22000000000003
12,88947,190.14000000000001
12,88961,190.14000000000001
12,88995,190.14000000000001
12,89009,190.14000000000001
12,89027,190.14000000000001
12,89055,190.14000000000001
12,89081,204.56000000000003
12,89107,204.56000000000003
12,89123,204.56000000000003
12,89137,204.56000000000003
12,89153,204.56000000000003
12,89181,204.56000000000003
12,89207,204.56000000000003
12,89221,204.56000000000003
12,89235,204.56000000000003
12,89251,204.56000000000003
12,89269,204.56000000000003
12,89295,204.56000000000003
12,89327,204.56000000000003
12,89329,204.56000000000003
12,89347,204.56000000000003
12,89379,204.56000000000003
12,89409,204.56000000000003
12,89425,204.56000000000003
12,89453,204.56000000000003
12,89481,204.56000000000003
12,89507,204.56000000000003
12,89509,204.56000000000003
12,89511,204.56000000000003
12,89537,204.56000000000003
12,89565,204.56000000000003
12,89579,204.56000000000003
12,89593,204.56000000000003
12,89607,204.56000000000003
12,89633,204.56000000000003
12,89661,204.56000000000003
12,89691,204.56000000000003
12,89721,204.56000000000003
12,89737,204.56000000000003
12,89739,204.56000000000003
12,89755,204.56000000000003
12,89769,204.56000000000003
12,89795,204.56000000000003
12,89823,204.56000000000003
12,89849,204.56000000000003
12,89877,204.56000000000003
12,89879,204.56000000000003
12,89907,204.56000000000003
12,89921,204.56000000000003
12,89937,204.56000000000003
12,89953,204.56000000000003
12,89969,204.56000000000003
12,89995,204.56000000000003
12,90009,204.56000000000003
12,90023,204.56000000000003
12,90037,204.56000000000003
12,90067,210.38000000000002
12,90093,210.38000000000002
12,90123,210.38000000000002
12,90125,210.38000000000002
12,90157,210.38000000000002
12,90171,210.38000000000002
12,90191,210.38000000000002
12,90219,210.38000000000002
12,90245,210.38000000000002
12,90273,210.38000000000002
12,90287,210.38000000000002
12,90315,210.38000000000002
12,90343,210.38000000000002
12,90357,210.38000000000002
12,90373,210.38000000000002
12,90375,210.38000000000002
12,90395,210.38000000000002
12,90423,210.38000000000002
13,80772,32.01999999999999
13,80786,32.01999999999999
13,80814,38.480000000000004
13,80816,38.480000000000004
13,80842,38.480000000000004
13,80872,38.480000000000004
13,80886,39.519999999999975
13,80914,39.519999999999975
13,80928,39.519999999999975
13,80930,39.519999999999975
13,80956,39.519999999999975
13,80986,39.519999999999975
13,81012,39.519999999999975
13,85203,47.56
13,85219,47.56
13,85247,57.36999999999998
13,85261,57.36999999999998
13,85275,57.36999999999998
13,85291,57.36999999999998
13,85307,57.36999999999998
13,85323,57.36999999999998
13,85339,57.36999999999998
13,85369,57.36999999999998
13,85383,57.36999999999998
13,85409,57.36999999999998
13,85423,57.36999999999998
13,85437,57.36999999999998
13,85467,57.36999999999998
13,85493,57.36999999999998
13,85519,58.260000000000026
13,85551,58.260000000000026
13,85577,58.260000000000026
13,85591,58.260000000000026
13,85609,58.260000000000026
13,85623,58.260000000000026
13,85637,85.16000000000001
13,85651,85.16000000000001
13,85677,85.16000000000001
13,85695,85.16000000000001
13,85697,85.16000000000001
13,85711,85.16000000000001
13,85725,85.16000000000001
13,85751,85.16000000000001
13,85779,85.16000000000001
13,85795,85.16000000000001
13,85821,85.16000000000001
13,85835,85.16000000000001
13,85837,85.16000000000001
13,85851,85.16000000000001
13,85865,85.16000000000001
13,85879,85.16000000000001
13,85893,85.16000000000001
13,85925,85.16000000000001
13,85941,85.16000000000001
13,85959,85.16000000000001
13,85961,85.16000000000001
13,85963,85.16000000000001
13,85979,85.16000000000001
13,85981,85.16000000000001
13,85995,85.16000000000001
13,86027,85.16000000000001
13,86043,85.16000000000001
13,86059,85.16000000000001
13,86061,85.16000000000001
13,86079,85.16000000000001
13,86105,85.16000000000001
13,86137,85.16000000000001
13,86169,85.16000000000001
13,86199,85.16000000000001
13,86213,85.16000000000001
13,86227,85.16000000000001
13,86241,85.16000000000001
13,86259,85.16000000000001
13,86285,85.16000000000001
13,86299,85.16000000000001
13,86313,85.16000000000001
13,86327,85.16000000000001
13,86329,85.16000000000001
13,86343,85.16000000000001
13,86371,85.16000000000001
13,86373,85.16000000000001
13,86401,85.16000000000001
13,86417,85.16000000000001
13,86433,85.16000000000001
13,86459,85.16000000000001
13,86473,85.16000000000001
13,86499,85.16000000000001
13,86515,85.16000000000001
13,86529,85.16000000000001
13,86555,85.16000000000001
13,86585,101.21999999999998
13,86611,101.21999999999998
13,86637,101.21999999999998
13,86653,101.21999999999998
13,86655,101.21999999999998
13,86669,101.21999999999998
13,86697,101.21999999999998
13,86713,101.21999999999998
13,86715,101.21999999999998
13,86731,101.21999999999998
13,86767,101.21999999999998
13,86793,101.21999999999998
13,86819,101.21999999999998
13,86849,101.21999999999998
13,86865,101.21999999999998
13,86879,101.21999999999998
13,86893,101.21999999999998
13,86919,101.21999999999998
13,86933,101.21999999999998
13,86959,101.21999999999998
13,86991,101.21999999999998
13,86993,101.21999999999998
13,87021,101.21999999999998
13,87023,101.21999999999998
13,87041,101.21999999999998
13,87067,101.21999999999998
13,87081,101.21999999999998
13,87095,101.21999999999998
13,87113,101.21999999999998
13,87139,101.21999999999998
13,87155,101.21999999999998
13,87157,101.21999999999998
13,87171,101.21999999999998
13,87185,101.21999999999998
13,87187,101.21999999999998
13,87213,101.21999999999998
13,87229,101.21999999999998
13,87243,101.21999999999998
13,87259,101.21999999999998
13,87275,101.21999999999998
13,87277,101.21999999999998
13,87291,101.21999999999998
13,87319,101.21999999999998
13,87335,101.21999999999998
13,87349,101.21999999999998
13,87351,101.21999999999998
13,87365,101.21999999999998
13,87379,101.21999999999998
13,87395,101.21999999999998
13,87409,101.21999999999998
13,87423,101.21999999999998
13,87437,101.21999999999998
13,87453,101.21999999999998
13,87455,101.21999999999998
13,87457,101.21999999999998
13,87483,101.21999999999998
13,87485,101.21999999999998
13,87487,101.21999999999998
13,87505,101.21999999999998
13,87539,101.21999999999998
13,87565,101.21999999999998
13,87593,101.21999999999998
13,87623,101.21999999999998
13,87637,101.21999999999998
13,87639,101.21999999999998
13,87667,101.21999999999998
13,87681,101.21999999999998
13,87701,101.21999999999998
13,87735,101.21999999999998
13,87749,101.21999999999998
13,87767,101.21999999999998
13,87783,101.21999999999998
13,87797,101.21999999999998
13,87799,101.21999999999998
13,87817,101.21999999999998
13,87833,101.21999999999998
13,87847,101.21999999999998
13,87879,101.21999999999998
13,87893,101.21999999999998
13,87919,101.21999999999998
13,87933,101.21999999999998
13,87935,101.21999999999998
13,87965,101.21999999999998
13,87999,101.21999999999998
13,88029,101.21999999999998
13,88055,101.21999999999998
13,88083,101.21999999999998
13,88109,101.21999999999998
13,88127,101.21999999999998
13,88157,101.21999999999998
13,88185,101.21999999999998
13,88211,101.21999999999998
13,88225,101.21999999999998
13,88243,101.21999999999998
13,88257,101.21999999999998
13,88273,101.21999999999998
13,88287,101.21999999999998
13,88301,101.21999999999998
13,88333,101.21999999999998
13,88361,101.21999999999998
13,88391,101.21999999999998
13,88405,101.21999999999998
13,88431,101.21999999999998
13,88433,101.21999999999998
13,88459,101.21999999999998
13,88489,101.21999999999998
13,88515,101.21999999999998
13,88531,101.21999999999998
13,88545,101.21999999999998
13,88559,101.21999999999998
13,88585,101.21999999999998
13,88607,101.21999999999998
13,88635,101.21999999999998
13,88649,101.21999999999998
13,88679,101.21999999999998
13,88707,101.21999999999998
13,88721,101.21999999999998
13,88751,101.21999999999998
13,88779,101.21999999999998
13,88807,101.21999999999998
13,88835,101.21999999999998
13,88849,101.21999999999998
13,88863,101.21999999999998
13,88879,101.21999999999998
13,88881,101.21999999999998
13,88883,101.21999999999998
13,88901,101.21999999999998
13,88915,101.21999999999998
13,88943,101.21999999999998
13,88971,101.21999999999998
13,88987,101.21999999999998
13,89013,101.21999999999998
13,89043,101.21999999999998
13,89059,101.21999999999998
13,89073,101.21999999999998
13,89099,101.21999999999998
13,89125,101.21999999999998
13,89141,101.21999999999998
13,89169,101.21999999999998
13,89185,101.21999999999998
13,89203,101.21999999999998
13,89231,101.21999999999998
13,89233,101.21999999999998
13,89263,101.21999999999998
13,89277,101.21999999999998
13,89293,101.21999999999998
13,89309,101.21999999999998
13,89337,101.21999999999998
13,89353,101.21999999999998
13,89383,101.21999999999998
13,89397,101.21999999999998
13,89425,101.21999999999998
13,89441,101.21999999999998
13,89457,101.21999999999998
13,89471,101.21999999999998
13,89499,101.21999999999998
13,89513,101.21999999999998
13,89543,101.21999999999998
13,89545,101.21999999999998
13,89571,101.21999999999998
13,89585,101.21999999999998
13,89587,101.21999999999998
13,89589,101.21999999999998
13,89591,101.21999999999998
13,89619,101.21999999999998
13,89647,101.21999999999998
13,89675,101.21999999999998
13,89689,101.21999999999998
13,89719,101.21999999999998
13,89733,101.21999999999998
13,89747,101.21999999999998
13,89761,101.21999999999998
13,89775,101.21999999999998
13,89777,101.21999999999998
13,89805,101.21999999999998
13,89833,101.21999999999998
13,89853,101.21999999999998
13,89869,101.21999999999998
13,89899,101.21999999999998
13,89929,101.21999999999998
13,89959,101.21999999999998
13,89973,101.21999999999998
13,89987,101.21999999999998
13,90017,101.21999999999998
13,90043,101.21999999999998
13,90069,106.38
13,90071,106.38
13,90073,106.38
13,90089,106.38
13,90117,106.38
13,90131,106.38
13,90145,106.38
13,90173,106.38
13,90203,106.38
13,90205,106.38
13,90221,106.38
13,90251,106.38
13,90279,106.38
13,90305,106.38
13,90331,106.38
13,90345,106.38
13,90371,106.38
13,90399,106.38
13,90415,106.38
13,90429,106.38
13,90431,106.38
13,90459,106.38
13,90473,106.38
13,90491,106.38
13,90507,106.38
13,90521,106.38
13,90537,106.38
13,90563,106.38
13,90577,111.32
13,90591,111.32
13,90593,111.32
13,90609,111.32
13,90623,111.32
13,90637,111.32
13,90653,111.32
13,90667,111.32
13,90683,111.32
13,90697,111.32
13,90731,111.32
13,90745,111.32
14,80706,31.78000000000001
14,80722,31.78000000000001
14,80736,31.78000000000001
14,80766,31.78000000000001
14,80794,32.89000000000001
14,80828,32.89000000000001
14,80830,32.89000000000001
14,80848,32.89000000000001
14,80850,32.89000000000001
14,80866,32.89000000000001
14,80892,32.89000000000001
14,80906,34.39000000000001
14,80926,34.39000000000001
14,80942,34.39000000000001
14,80974,38.66
14,80976,38.66
14,81006,38.66
14,81022,38.66
14,81038,38.66
14,85163,38.66
14,85179,38.66
14,85193,38.66
14,85195,38.66
14,85209,38.66
14,85237,40.34999999999999
14,85271,40.34999999999999
14,85299,40.34999999999999
14,85301,40.34999999999999
14,85315,40.34999999999999
14,85317,42.12
14,85333,42.12
14,85363,42.12
14,85365,42.12
14,85367,42.12
14,85393,42.12
14,85395,42.12
14,85421,42.12
14,85423,43.61000000000001
14,85437,43.61000000000001
14,85439,43.61000000000001
14,85467,43.829999999999984
14,85485,43.829999999999984
14,85511,48.629999999999995
14,85539,48.629999999999995
14,85555,49.68000000000002
14,85575,49.68000000000002
14,85591,49.68000000000002
14,85605,49.68000000000002
14,85635,49.68000000000002
14,85651,49.68000000000002
14,85665,54.37000000000001
14,85687,54.37000000000001
14,85701,54.37000000000001
14,85715,54.37000000000001
14,85743,54.37000000000001
14,85773,54.37000000000001
14,85775,54.37000000000001
14,85789,54.37000000000001
14,85791,54.37000000000001
14,85821,54.37000000000001
14,85849,55.23
14,85863,55.23
14,85891,55.23
14,85917,55.23
14,85931,55.23
14,85961,55.23
14,85993,62.169999999999966
14,86013,62.169999999999966
14,86027,62.169999999999966
14,86059,62.169999999999966
14,86061,62.169999999999966
14,86087,62.169999999999966
14,86115,62.169999999999966
14,86133,62.169999999999966
14,86159,62.169999999999966
14,86185,62.169999999999966
14,86201,62.169999999999966
14,86215,62.169999999999966
14,86249,62.169999999999966
14,86275,62.169999999999966
14,86303,62.169999999999966
14,86319,62.169999999999966
14,86345,71.60000000000002
14,86359,71.60000000000002
14,86361,71.60000000000002
14,86389,71.60000000000002
14,86419,71.60000000000002
14,86445,71.60000000000002
14,86447,71.60000000000002
14,86473,71.60000000000002
14,86499,83.84000000000002
14,86525,83.84000000000002
14,86553,83.84000000000002
14,86581,83.84000000000002
14,86607,83.84000000000002
14,86633,114.33999999999997
14,86659,114.33999999999997
14,86661,114.33999999999997
14,86663,114.33999999999997
14,86691,114.33999999999997
14,86705,114.33999999999997
14,86733,114.33999999999997
14,86761,114.33999999999997
14,86791,114.33999999999997
14,86821,114.33999999999997
14,86847,114.33999999999997
14,86875,114.33999999999997
14,86889,114.33999999999997
14,86903,114.33999999999997
14,86905,114.33999999999997
14,86935,114.33999999999997
14,86963,114.33999999999997
14,86993,114.33999999999997
14,87007,114.33999999999997
14,87021,114.33999999999997
14,87051,114.33999999999997
14,87067,114.33999999999997
14,87069,114.33999999999997
14,87083,114.33999999999997
14,87099,114.33999999999997
14,87125,114.33999999999997
14,87155,114.33999999999997
14,87169,114.33999999999997
14,87195,114.33999999999997
14,87215,114.33999999999997
14,87229,114.33999999999997
14,87243,114.33999999999997
14,87275,114.33999999999997
14,87277,114.33999999999997
14,87291,114.33999999999997
14,87317,114.33999999999997
14,87319,114.33999999999997
14,87337,114.33999999999997
14,87369,114.33999999999997
14,87383,114.33999999999997
14,87399,114.33999999999997
14,87413,114.33999999999997
14,87427,114.33999999999997
14,87457,114.33999999999997
14,87471,114.33999999999997
14,87497,114.33999999999997
14,87511,114.33999999999997
14,87537,114.33999999999997
14,87563,114.33999999999997
14,87595,114.33999999999997
14,87613,114.33999999999997
14,87641,114.33999999999997
14,87675,114.33999999999997
14,87689,114.33999999999997
14,87705,114.33999999999997
14,87733,114.33999999999997
14,87735,119.82
14,87749,119.82
14,87777,119.82
14,87793,119.82
14,87807,119.82
14,87835,120.62
14,87871,120.62
14,87885,120.62
14,87901,120.62
14,87927,120.62
14,87957,120.62
14,87971,120.62
14,87997,120.62
14,88029,120.62
14,88059,120.62
14,88073,120.62
14,88099,120.62
14,88113,120.62
14,88149,120.62
14,88151,120.62
14,88179,120.62
14,88205,120.62
14,88225,120.62
14,88241,120.62
14,88259,120.62
14,88261,120.62
14,88277,120.62
14,88279,120.62
14,88281,120.62
14,88313,120.62
14,88341,120.62
14,88357,120.62
14,88373,120.62
14,88389,120.62
14,88421,120.62
14,88435,120.62
14,88463,120.62
14,88483,120.62
14,88515,120.62
14,88543,120.62
14,88569,120.62
14,88587,120.62
14,88615,120.62
14,88629,120.62
14,88645,120.62
14,88671,120.62
14,88673,120.62
14,88705,120.62
14,88707,120.62
14,88723,120.62
14,88751,120.62
14,88765,120.62
14,88767,120.62
14,88797,120.62
14,88817,120.62
14,88833,120.62
14,88861,120.62
14,88889,120.62
14,88915,120.62
14,88933,120.62
14,88961,120.62
14,88979,120.62
14,88993,120.62
14,89021,120.62
14,89035,120.62
14,89051,120.62
14,89079,120.62
14,89107,120.62
14,89123,120.62
14,89137,120.62
14,89151,120.62
14,89179,120.62
14,89181,120.62
14,89197,120.62
14,89199,120.62
14,89213,120.62
14,89229,120.62
14,89231,120.62
14,89261,120.62
14,89287,120.62
14,89301,120.62
14,89303,120.62
14,89323,120.62
14,89337,120.62
14,89363,120.62
14,89391,120.62
14,89393,120.62
14,89407,120.62
14,89435,120.62
14,89437,120.62
14,89453,120.62
14,89455,120.62
14,89469,120.62
14,89499,120.62
14,89531,120.62
14,89533,120.62
14,89561,120.62
14,89581,120.62
14,89595,120.62
14,89625,120.62
14,89651,120.62
14,89681,120.62
14,89695,120.62
14,89709,120.62
14,89725,120.62
14,89739,120.62
14,89769,120.62
14,89783,120.62
14,89797,120.62
14,89799,120.62
14,89827,120.62
14,89841,120.62
14,89869,120.62
14,89883,120.62
14,89897,120.62
14,89927,120.62
14,89941,120.62
14,89955,120.62
14,89969,120.62
14,89999,120.62
14,90013,120.62
14,90039,120.62
14,90067,132.49000000000004
14,90081,132.49000000000004
14,90109,132.49000000000004
14,90123,132.49000000000004
14,90139,132.49000000000004
14,90141,132.49000000000004
14,90167,132.49000000000004
14,90195,132.49000000000004
14,90197,132.49000000000004
14,90213,132.49000000000004
14,90227,132.49000000000004
14,90259,132.49000000000004
14,90273,132.49000000000004
14,90287,132.49000000000004
14,90315,132.49000000000004
14,90331,132.49000000000004
14,90345,132.49000000000004
14,90359,132.49000000000004
14,90373,132.49000000000004
14,90399,132.49000000000004
14,90429,132.49000000000004
14,90443,132.49000000000004
14,90457,132.49000000000004
14,90471,132.49000000000004
14,90485,132.49000000000004
14,90515,132.49000000000004
14,90517,132.49000000000004
14,90551,132.49000000000004
14,90583,132.49000000000004
14,90597,132.49000000000004
14,90599,132.49000000000004
14,90613,132.49000000000004
14,90631,132.49000000000004
14,90647,132.49000000000004
14,90673,132.49000000000004
14,90701,132.49000000000004
15,81310,30.549999999999986
15,81338,30.549999999999986
15,81352,30.549999999999986
15,81354,30.549999999999986
15,81356,30.549999999999986
15,81376,30.549999999999986
15,81402,43.830000000000005
15,81416,43.830000000000005
15,81444,60.89000000000001
15,81458,60.89000000000001
15,81472,60.89000000000001
15,81490,60.89000000000001
15,81518,60.89000000000001
15,81536,60.89000000000001
15,81562,60.89000000000001
15,81590,60.89000000000001
15,85663,60.89000000000001
15,85677,60.89000000000001
15,85695,60.89000000000001
15,85725,60.89000000000001
15,85739,60.89000000000001
15,85753,60.89000000000001
15,85785,60.89000000000001
15,85799,60.89000000000001
15,85801,60.89000000000001
15,85827,60.89000000000001
15,85829,60.89000000000001
15,85845,60.89000000000001
15,85847,60.89000000000001
15,85861,60.89000000000001
15,85863,60.89000000000001
15,85893,60.89000000000001
15,85921,60.89000000000001
15,85947,60.89000000000001
15,85975,60.89000000000001
15,86001,60.89000000000001
15,86027,60.89000000000001
15,86053,60.89000000000001
15,86079,60.89000000000001
15,86105,60.89000000000001
15,86123,60.89000000000001
15,86125,60.89000000000001
15,86139,60.89000000000001
15,86153,60.89000000000001
15,86171,60.89000000000001
15,86185,60.89000000000001
15,86215,60.89000000000001
15,86241,60.89000000000001
15,86257,60.89000000000001
15,86285,61.919999999999995
15,86315,61.919999999999995
15,86341,61.919999999999995
15,86357,61.919999999999995
15,86373,61.919999999999995
15,86405,61.919999999999995
15,86431,61.919999999999995
15,86457,61.919999999999995
15,86487,61.919999999999995
15,86503,61.919999999999995
15,86537,61.919999999999995
15,86551,61.919999999999995
15,86567,61.919999999999995
15,86581,61.919999999999995
15,86609,61.919999999999995
15,86623,61.919999999999995
15,86649,61.919999999999995
15,86665,61.919999999999995
15,86679,61.919999999999995
15,86711,61.919999999999995
15,86727,61.919999999999995
15,86753,61.919999999999995
15,86767,61.919999999999995
15,86781,62.96999999999998
15,86783,62.96999999999998
15,86799,62.96999999999998
15,86825,62.96999999999998
15,86853,62.96999999999998
15,86871,62.96999999999998
15,86897,64.75
15,86899,64.75
15,86925,64.75
15,86945,64.75
15,86971,64.75
15,86985,70.5
15,87001,70.5
15,87027,70.5
15,87041,70.5
15,87059,70.5
15,87085,70.5
15,87099,70.5
15,87125,70.5
15,87139,70.5
15,87153,70.5
15,87173,70.5
15,87187,74.98
15,87201,74.98
15,87215,74.98
15,87243,74.98
15,87259,74.98
15,87287,74.98
15,87301,74.98
15,87327,74.98
15,87329,74.98
15,87331,74.98
15,87345,74.98
15,87359,74.98
15,87377,74.98
15,87405,74.98
15,87423,74.98
15,87437,74.98
15,87439,74.98
15,87441,74.98
15,87461,74.98
15,87475,74.98
15,87489,74.98
15,87523,74.98
15,87537,74.98
15,87539,74.98
15,87569,74.98
15,87583,74.98
15,87597,74.98
15,87611,74.98
15,87639,74.98
15,87641,74.98
15,87657,74.98
15,87671,74.98
15,87685,74.98
15,87687,74.98
15,87701,74.98
15,87715,74.98
15,87741,74.98
15,87771,74.98
15,87799,74.98
15,87813,74.98
15,87841,74.98
15,87843,74.98
15,87857,74.98
15,87873,74.98
15,87875,74.98
15,87889,74.98
15,87915,80.22
15,87929,80.22
15,87931,80.22
15,87949,80.22
15,87963,80.22
15,87977,80.22
15,87991,80.22
15,88007,80.22
15,88033,80.22
15,88059,80.22
15,88061,80.22
15,88087,80.22
15,88117,80.22
15,88131,80.22
15,88145,83.85999999999999
15,88159,83.85999999999999
15,88161,83.85999999999999
15,88175,83.85999999999999
15,88191,83.85999999999999
15,88205,83.85999999999999
15,88235,83.85999999999999
15,88249,83.85999999999999
15,88251,83.85999999999999
15,88267,83.85999999999999
15,88295,83.85999999999999
15,88321,83.85999999999999
15,88335,83.85999999999999
15,88337,83.85999999999999
15,88369,83.85999999999999
15,88401,83.85999999999999
15,88415,83.85999999999999
15,88443,83.85999999999999
15,88461,83.85999999999999
15,88463,83.85999999999999
15,88489,83.85999999999999
15,88515,83.85999999999999
15,88533,83.85999999999999
15,88559,83.85999999999999
15,88573,83.85999999999999
15,88587,83.85999999999999
15,88613,83.85999999999999
15,88641,83.85999999999999
15,88655,83.85999999999999
15,88673,83.85999999999999
15,88689,83.85999999999999
15,88703,83.85999999999999
15,88719,83.85999999999999
15,88735,83.85999999999999
15,88769,83.85999999999999
15,88771,83.85999999999999
15,88787,83.85999999999999
15,88789,83.85999999999999
15,88803,83.85999999999999
15,88817,95.59999999999994
15,88833,95.59999999999994
15,88849,95.59999999999994
15,88879,95.59999999999994
15,88909,95.59999999999994
15,88911,95.59999999999994
15,88941,95.59999999999994
15,88955,95.59999999999994
15,88991,95.59999999999994
15,89019,95.59999999999994
15,89033,95.59999999999994
15,89047,95.59999999999994
15,89061,95.59999999999994
15,89091,95.59999999999994
15,89105,95.59999999999994
15,89135,95.59999999999994
15,89149,95.59999999999994
15,89175,95.59999999999994
15,89189,95.59999999999994
15,89205,95.59999999999994
15,89239,95.59999999999994
15,89257,95.59999999999994
15,89271,95.59999999999994
15,89285,95.59999999999994
15,89299,95.59999999999994
15,89301,95.59999999999994
15,89327,95.59999999999994
15,89357,106.73999999999998
15,89371,106.73999999999998
15,89399,106.73999999999998
15,89415,106.73999999999998
15,89417,106.73999999999998
15,89433,106.73999999999998
15,89461,106.73999999999998
15,89487,106.73999999999998
15,89501,106.73999999999998
15,89531,106.73999999999998
15,89557,106.73999999999998
15,89571,106.73999999999998
15,89585,106.73999999999998
15,89599,106.73999999999998
15,89615,106.73999999999998
15,89629,106.73999999999998
15,89643,106.73999999999998
15,89659,106.73999999999998
15,89695,106.73999999999998
15,89711,106.73999999999998
15,89713,106.73999999999998
15,89741,106.73999999999998
15,89769,106.73999999999998
15,89797,106.73999999999998
15,89799,106.73999999999998
15,89815,106.73999999999998
15,89831,106.73999999999998
15,89859,106.73999999999998
15,89885,110.56000000000004
15,89901,110.56000000000004
15,89933,110.56000000000004
15,89965,110.56000000000004
15,89993,110.56000000000004
15,90019,110.56000000000004
15,90037,110.56000000000004
15,90051,110.56000000000004
15,90065,110.56000000000004
15,90079,110.56000000000004
15,90093,110.56000000000004
15,90107,110.56000000000004
15,90135,110.56000000000004
15,90163,110.56000000000004
15,90177,110.56000000000004
15,90207,110.56000000000004
15,90209,110.56000000000004
15,90227,110.56000000000004
15,90241,110.56000000000004
15,90267,110.56000000000004
15,90297,110.56000000000004
15,90325,110.56000000000004
15,90343,110.56000000000004
15,90357,110.56000000000004
15,90385,110.56000000000004
15,90399,110.56000000000004
15,90417,110.56000000000004
15,90435,110.56000000000004
15,90451,111.45999999999995
15,90465,111.45999999999995
15,90491,111.45999999999995
15,90507,111.45999999999995
15,90509,111.45999999999995
15,90535,111.45999999999995
15,90551,111.45999999999995
15,90577,111.45999999999995
15,90603,111.45999999999995
15,90617,111.45999999999995
15,90647,111.45999999999995
15,90661,111.45999999999995
15,90687,122.71000000000002
15,90689,122.71000000000002
15,90723,122.71000000000002
15,90737,122.71000000000002
15,90763,122.71000000000002
15,90791,122.71000000000002
15,90793,122.71000000000002
15,90809,122.71000000000002
15,90825,122.71000000000002
15,90827,122.71000000000002
15,90845,122.71000000000002
15,90861,122.71000000000002
15,90887,122.71000000000002
15,90917,122.71000000000002
15,90919,122.71000000000002
15,90921,122.71000000000002
15,90937,122.71000000000002
15,90951,122.71000000000002
15,90981,122.71000000000002
15,91009,122.71000000000002
15,91023,122.71000000000002
15,91037,122.71000000000002
15,91053,122.71000000000002
15,91081,122.71000000000002
15,91097,122.71000000000002
15,91113,122.71000000000002
15,91127,122.71000000000002
15,91155,122.71000000000002
15,91157,122.71000000000002
15,91185,122.71000000000002
15,91187,122.71000000000002
15,91217,122.71000000000002
15,91251,122.71000000000002
15,91265,122.71000000000002
15,91293,122.71000000000002
16,80908,28.06000000000001
16,80922,30.250000000000018
16,80924,30.250000000000018
16,80954,30.250000000000018
16,80956,30.250000000000018
16,80984,30.250000000000018
16,80998,30.720000000000006
16,81014,34.26999999999997
16,81028,34.26999999999997
16,81058,34.26999999999997
16,81060,34.26999999999997
16,81078,34.26999999999997
16,85141,45.1
16,85155,45.1
16,85173,45.1
16,85187,58.95999999999999
16,85215,58.95999999999999
16,85243,58.95999999999999
16,85245,58.95999999999999
16,85277,58.95999999999999
16,85291,58.95999999999999
16,85319,58.95999999999999
16,85333,58.95999999999999
16,85335,58.95999999999999
16,85363,58.95999999999999
16,85377,62.07000000000002
16,85393,62.07000000000002
16,85407,64.69999999999997
16,85423,64.69999999999997
16,85425,64.69999999999997
16,85453,64.69999999999997
16,85455,64.69999999999997
16,85483,64.69999999999997
16,85499,64.69999999999997
16,85501,64.69999999999997
16,85515,64.69999999999997
16,85517,64.69999999999997
16,85531,64.69999999999997
16,85545,64.69999999999997
16,85571,69.44999999999999
16,85585,69.44999999999999
16,85599,69.44999999999999
16,85629,69.44999999999999
16,85657,69.44999999999999
16,85671,69.44999999999999
16,85707,69.44999999999999
16,85721,69.44999999999999
16,85747,69.44999999999999
16,85749,69.44999999999999
16,85763,69.44999999999999
16,85793,69.44999999999999
16,85807,69.44999999999999
16,85833,69.44999999999999
16,85861,69.44999999999999
16,85889,70.08
16,85915,70.08
16,85929,70.08
16,85931,74.53999999999998
16,85945,74.53999999999998
16,85959,74.53999999999998
16,85987,74.53999999999998
16,86005,78.24
16,86019,78.24
16,86049,78.24
16,86063,78.24
16,86091,78.24
16,86105,78.24
16,86133,78.24
16,86163,78.24
16,86193,78.24
16,86219,78.24
16,86235,78.24
16,86261,78.24
16,86287,78.24
16,86321,78.24
16,86339,78.24
16,86353,78.24
16,86385,78.24
16,86399,78.24
16,86413,78.24
16,86441,78.24
16,86443,78.24
16,86457,78.24
16,86471,78.24
16,86487,78.24
16,86505,78.24
16,86535,78.24
16,86549,78.24
16,86575,78.24
16,86589,78.24
16,86603,78.24
16,86621,78.24
16,86639,78.24
16,86653,78.24
16,86679,78.24
16,86693,78.24
16,86707,78.24
16,86733,78.24
16,86747,78.24
16,86761,78.24
16,86775,78.24
16,86805,78.24
16,86819,78.24
16,86833,78.24
16,86849,78.24
16,86877,78.24
16,86905,78.24
16,86919,78.24
16,86921,78.24
16,86937,78.24
16,86939,78.24
16,86967,78.24
16,86999,78.24
16,87015,78.24
16,87045,78.24
16,87073,78.24
16,87099,78.24
16,87113,78.24
16,87129,78.24
16,87131,78.24
16,87147,78.24
16,87161,85.07
16,87187,85.07
16,87189,85.07
16,87219,85.07
16,87233,85.07
16,87247,85.07
16,87267,85.07
16,87293,85.07
16,87321,85.07
16,87351,85.63999999999997
16,87381,85.63999999999997
16,87399,85.63999999999997
16,87417,85.63999999999997
16,87431,85.63999999999997
16,87433,85.63999999999997
16,87461,85.63999999999997
16,87487,85.63999999999997
16,87513,85.63999999999997
16,87515,85.63999999999997
16,87531,85.63999999999997
16,87557,91.95000000000007
16,87587,91.95000000000007
16,87615,91.95000000000007
16,87643,91.95000000000007
16,87657,91.95000000000007
16,87673,91.95000000000007
16,87703,91.95000000000007
16,87731,91.95000000000007
16,87759,91.95000000000007
16,87775,91.95000000000007
16,87803,91.95000000000007
16,87817,91.95000000000007
16,87833,91.95000000000007
16,87865,91.95000000000007
16,87881,91.95000000000007
16,87909,95.75999999999993
16,87937,95.75999999999993
16,87951,95.75999999999993
16,87953,95.75999999999993
16,87967,95.75999999999993
16,87969,95.75999999999993
16,87999,95.75999999999993
16,88015,95.75999999999993
16,88017,95.75999999999993
16,88033,95.75999999999993
16,88061,95.75999999999993
16,88087,95.75999999999993
16,88115,95.75999999999993
16,88147,95.75999999999993
16,88161,95.75999999999993
16,88175,95.75999999999993
16,88177,95.75999999999993
16,88191,95.75999999999993
16,88205,95.75999999999993
16,88235,95.75999999999993
16,88249,95.75999999999993
16,88263,95.75999999999993
16,88289,95.75999999999993
16,88315,95.75999999999993
16,88343,95.75999999999993
16,88375,95.75999999999993
16,88391,95.75999999999993
16,88423,95.75999999999993
16,88449,95.75999999999993
16,88475,95.75999999999993
16,88491,95.75999999999993
16,88493,95.75999999999993
16,88495,95.75999999999993
16,88527,95.75999999999993
16,88553,95.75999999999993
16,88567,95.87999999999998
16,88581,95.87999999999998
16,88607,95.87999999999998
16,88621,95.87999999999998
16,88635,95.87999999999998
16,88661,95.87999999999998
16,88663,95.87999999999998
16,88689,100.00999999999993
16,88703,100.00999999999993
16,88739,100.00999999999993
16,88753,100.00999999999993
16,88767,100.00999999999993
16,88801,100.00999999999993
16,88821,100.00999999999993
16,88823,100.00999999999993
16,88839,100.00999999999993
16,88867,100.00999999999993
16,88883,100.00999999999993
16,88911,100.00999999999993
16,88927,100.00999999999993
16,88941,100.00999999999993
16,88967,100.00999999999993
16,88999,100.00999999999993
16,89001,100.00999999999993
16,89015,100.00999999999993
16,89041,100.00999999999993
16,89059,100.00999999999993
16,89089,100.00999999999993
16,89091,100.00999999999993
16,89105,100.00999999999993
16,89121,100.00999999999993
16,89149,100.00999999999993
16,89177,104.25999999999996
16,89203,104.29
16,89231,104.29
16,89261,104.29
16,89275,104.29
16,89277,104.29
16,89291,104.29
16,89305,104.29
16,89319,104.29
16,89335,106.75
16,89361,106.75
16,89389,106.75
16,89405,106.75
16,89407,106.75
16,89423,106.75
16,89449,106.75
16,89479,106.75
16,89495,106.75
16,89523,106.75
16,89549,106.75
16,89579,106.75
16,89605,106.75
16,89635,106.75
16,89649,106.75
16,89675,106.75
16,89705,106.75
16,89733,106.75
16,89747,108.18
16,89761,108.18
16,89789,108.18
16,89805,108.18
16,89831,110.0
16,89847,110.0
16,89865,110.0
16,89881,110.0
16,89909,119.74000000000001
16,89935,119.74000000000001
16,89949,119.74000000000001
16,89963,119.74000000000001
16,89979,119.74000000000001
16,89995,119.74000000000001
16,90009,119.74000000000001
16,90025,119.74000000000001
16,90051,119.74000000000001
16,90081,119.74000000000001
16,90107,119.74000000000001
16,90139,119.74000000000001
16,90159,119.74000000000001
16,90161,119.74000000000001
16,90177,119.74000000000001
16,90195,119.74000000000001
16,90209,119.74000000000001
16,90227,119.74000000000001
16,90253,119.74000000000001
16,90277,119.74000000000001
16,90307,119.74000000000001
16,90325,119.74000000000001
16,90339,119.74000000000001
16,90353,119.74000000000001
16,90371,119.74000000000001
16,90387,119.74000000000001
16,90401,119.74000000000001
16,90415,119.74000000000001
16,90441,119.74000000000001
16,90443,119.74000000000001
16,90459,119.74000000000001
16,90477,119.74000000000001
16,90491,119.74000000000001
16,90505,119.74000000000001
16,90533,119.74000000000001
16,90547,119.74000000000001
16,90575,119.74000000000001
16,90601,119.74000000000001
16,90629,119.74000000000001
16,90631,119.74000000000001
16,90645,119.74000000000001
16,90659,119.74000000000001
16,90673,119.74000000000001
16,90675,119.74000000000001
16,90701,119.74000000000001
16,90735,119.74000000000001
16,90749,119.74000000000001
16,90763,119.74000000000001
16,90765,119.74000000000001
16,90783,119.74000000000001
16,90813,119.74000000000001
16,90839,122.81
16,90865,122.81
16,90893,122.81
16,90919,122.81
17,80698,32.77000000000001
17,80712,41.95000000000001
17,80728,41.95000000000001
17,80742,46.579999999999984
17,80768,46.579999999999984
17,80782,46.579999999999984
17,84907,46.579999999999984
17,84921,46.579999999999984
17,84953,46.579999999999984
17,84981,46.579999999999984
17,84995,46.579999999999984
17,85009,46.579999999999984
17,85011,46.579999999999984
17,85039,52.349999999999966
17,85041,52.349999999999966
17,85069,52.349999999999966
17,85085,52.349999999999966
17,85101,52.349999999999966
17,85127,52.349999999999966
17,85143,52.349999999999966
17,85161,52.349999999999966
17,85187,54.160000000000004
17,85203,54.160000000000004
17,85205,54.160000000000004
17,85231,54.160000000000004
17,85261,54.160000000000004
17,85289,54.160000000000004
17,85319,54.160000000000004
17,85349,54.160000000000004
17,85375,54.160000000000004
17,85389,54.160000000000004
17,85405,54.160000000000004
17,85431,54.160000000000004
17,85459,54.160000000000004
17,85491,54.160000000000004
17,85519,54.160000000000004
17,85535,58.55000000000001
17,85565,58.55000000000001
17,85593,58.55000000000001
17,85607,58.55000000000001
17,85637,58.55000000000001
17,85663,63.89999999999999
17,85677,66.04000000000005
17,85691,66.04000000000005
17,85717,66.04000000000005
17,85731,66.04000000000005
17,85745,66.04000000000005
17,85775,66.04000000000005
17,85777,66.04000000000005
17,85803,66.04000000000005
17,85817,66.04000000000005
17,85845,66.04000000000005
17,85859,66.04000000000005
17,85873,66.04000000000005
17,85887,66.04000000000005
17,85913,69.47000000000004
17,85939,69.47000000000004
17,85941,69.47000000000004
17,85955,69.47000000000004
17,85983,69.47000000000004
17,85997,69.47000000000004
17,86015,69.47000000000004
17,86043,69.47000000000004
17,86061,69.47000000000004
17,86075,69.47000000000004
17,86089,69.47000000000004
17,86103,69.47000000000004
17,86133,69.47000000000004
17,86147,70.73999999999995
17,86161,81.27000000000002
17,86175,81.27000000000002
17,86177,81.27000000000002
17,86203,81.27000000000002
17,86219,81.27000000000002
17,86247,81.27000000000002
17,86273,81.27000000000002
17,86301,81.27000000000002
17,86315,81.27000000000002
17,86329,81.27000000000002
17,86343,81.27000000000002
17,86359,81.27000000000002
17,86361,81.27000000000002
17,86375,81.27000000000002
17,86389,81.27000000000002
17,86417,81.27000000000002
17,86443,82.16999999999997
17,86457,82.16999999999997
17,86489,82.16999999999997
17,86517,82.16999999999997
17,86519,82.16999999999997
17,86545,82.16999999999997
17,86571,82.16999999999997
17,86601,82.16999999999997
17,86627,82.16999999999997
17,86655,82.16999999999997
17,86683,82.16999999999997
17,86709,82.16999999999997
17,86725,82.16999999999997
17,86743,82.16999999999997
17,86769,82.16999999999997
17,86783,82.16999999999997
17,86801,82.16999999999997
17,86815,82.16999999999997
17,86843,82.16999999999997
17,86857,179.04000000000002
17,86875,179.04000000000002
17,86889,179.04000000000002
17,86903,179.04000000000002
17,86921,179.04000000000002
17,86947,179.04000000000002
17,86975,179.04000000000002
17,87001,179.04000000000002
17,87029,179.04000000000002
17,87063,179.04000000000002
17,87093,179.04000000000002
17,87109,179.04000000000002
17,87135,179.04000000000002
17,87149,179.04000000000002
17,87179,179.04000000000002
17,87195,179.04000000000002
17,87197,179.04000000000002
17,87211,179.04000000000002
17,87225,179.04000000000002
17,87255,179.04000000000002
17,87271,179.04000000000002
17,87285,179.04000000000002
17,87311,179.04000000000002
17,87339,179.04000000000002
17,87353,179.04000000000002
17,87379,179.04000000000002
17,87393,179.04000000000002
17,87407,179.04000000000002
17,87435,179.04000000000002
17,87449,179.04000000000002
17,87467,179.04000000000002
17,87481,179.04000000000002
17,87507,179.04000000000002
17,87521,179.04000000000002
17,87547,179.04000000000002
17,87573,179.04000000000002
17,87599,179.04000000000002
17,87625,179.04000000000002
17,87641,179.04000000000002
17,87659,179.04000000000002
17,87673,179.04000000000002
17,87691,179.04000000000002
17,87705,179.04000000000002
17,87733,179.04000000000002
17,87765,179.04000000000002
17,87781,179.04000000000002
17,87795,179.04000000000002
17,87821,179.04000000000002
17,87853,179.04000000000002
17,87867,179.04000000000002
17,87881,179.04000000000002
17,87895,179.04000000000002
17,87909,179.04000000000002
17,87941,179.04000000000002
17,87955,179.04000000000002
17,87969,209.52
17,87971,209.52
17,88001,209.52
17,88029,209.52
17,88055,209.52
17,88057,209.52
17,88059,209.52
17,88085,209.52
17,88087,209.52
17,88089,209.52
17,88103,209.52
17,88105,209.52
17,88123,209.52
17,88151,209.52
17,88179,209.52
17,88195,209.52
17,88223,209.52
17,88239,209.52
17,88253,209.52
17,88267,209.52
17,88281,209.52
17,88311,209.52
17,88325,209.52
17,88351,209.52
17,88379,209.52
17,88393,209.52
17,88409,209.52
17,88423,209.52
17,88449,209.52
17,88477,209.52
17,88507,209.52
17,88535,209.52
17,88563,209.52
17,88595,209.52
17,88623,209.52
17,88637,209.52
17,88639,209.52
17,88667,209.52
17,88699,209.52
17,88729,209.52
17,88743,209.52
17,88761,209.52
17,88777,209.52
17,88791,209.52
17,88821,209.52
17,88851,209.52
17,88869,209.52
17,88895,209.52
17,88897,209.52
17,88923,209.52
17,88949,209.52
17,88963,209.52
17,88977,209.52
17,88993,209.52
17,88995,209.52
17,89013,209.52
17,89029,209.52
17,89043,209.52
17,89073,209.52
17,89103,209.52
17,89105,209.52
17,89127,209.52
17,89129,209.52
17,89157,209.52
17,89171,209.52
17,89189,209.52
17,89219,209.52
17,89221,209.52
17,89235,209.52
17,89251,209.52
17,89265,209.52
17,89267,209.52
17,89283,209.52
17,89311,209.52
17,89327,209.52
17,89353,209.52
17,89367,209.52
17,89383,209.52
17,89413,209.52
17,89441,209.52
17,89457,209.52
17,89471,209.52
17,89473,209.52
17,89503,209.52
17,89505,209.52
17,89535,209.52
17,89553,209.52
17,89555,209.52
17,89571,209.52
17,89603,209.52
17,89629,209.52
17,89655,209.52
17,89689,209.52
17,89707,209.52
17,89743,209.52
17,89769,209.52
17,89783,209.52
17,89809,209.52
17,89825,209.52
17,89851,209.52
17,89865,209.52
17,89897,209.52
17,89899,209.52
17,89925,209.52
17,89941,209.52
17,89957,209.52
17,89973,209.52
17,89987,209.52
17,89989,209.52
17,90015,209.52
17,90041,209.52
17,90067,209.52
17,90085,209.52
17,90113,209.52
17,90127,209.52
17,90141,209.52
17,90171,209.52
17,90199,209.52
17,90225,209.52
17,90253,209.52
17,90267,209.52
17,90281,209.52
17,90295,209.52
17,90313,209.52
17,90327,209.52
17,90355,209.52
17,90369,209.52
17,90397,209.52
17,90425,209.52
17,90439,209.52
17,90453,209.52
17,90479,209.52
17,90493,209.52
17,90509,209.52
17,90525,209.52
17,90551,209.52
17,90579,209.52
17,90597,209.52
17,90625,209.52
17,90627,209.52
17,90641,209.52
17,90667,209.52
17,90681,209.52
18,80292,37.29999999999998
18,84415,37.29999999999998
18,84429,37.29999999999998
18,84457,37.29999999999998
18,84473,37.29999999999998
18,84475,37.29999999999998
18,84501,37.29999999999998
18,84515,37.29999999999998
18,84533,37.29999999999998
18,84535,37.29999999999998
18,84549,45.85999999999998
18,84577,59.03999999999999
18,84605,59.03999999999999
18,84635,59.03999999999999
18,84651,59.03999999999999
18,84679,59.03999999999999
18,84707,59.03999999999999
18,84733,59.03999999999999
18,84749,59.03999999999999
18,84763,59.03999999999999
18,84779,59.03999999999999
18,84793,59.03999999999999
18,84807,59.03999999999999
18,84833,59.03999999999999
18,84849,59.03999999999999
18,84877,59.03999999999999
18,84893,59.03999999999999
18,84911,59.03999999999999
18,84945,59.03999999999999
18,84963,59.03999999999999
18,84989,59.03999999999999
18,85019,59.03999999999999
18,85051,59.03999999999999
18,85083,59.03999999999999
18,85097,59.03999999999999
18,85129,59.03999999999999
18,85155,60.14000000000001
18,85169,60.14000000000001
18,85183,60.14000000000001
18,85185,60.14000000000001
18,85215,60.14000000000001
18,85229,62.21999999999999
18,85243,62.21999999999999
18,85257,62.21999999999999
18,85287,66.52000000000001
18,85317,66.52000000000001
18,85345,66.52000000000001
18,85347,66.52000000000001
18,85363,66.52000000000001
18,85377,66.52000000000001
18,85407,66.52000000000001
18,85441,77.83999999999996
18,85459,77.83999999999996
18,85487,77.83999999999996
18,85513,77.83999999999996
18,85527,77.83999999999996
18,85553,102.16000000000001
18,85581,102.16000000000001
18,85611,102.16000000000001
18,85625,102.16000000000001
18,85639,102.16000000000001
18,85667,102.16000000000001
18,85695,102.16000000000001
18,85711,102.16000000000001
18,85725,102.16000000000001
18,85753,102.16000000000001
18,85781,102.16000000000001
18,85807,102.16000000000001
18,85835,102.16000000000001
18,85849,102.16000000000001
18,85863,102.16000000000001
18,85865,102.16000000000001
18,85881,102.16000000000001
18,85883,102.16000000000001
18,85901,102.16000000000001
18,85915,102.16000000000001
18,85933,102.16000000000001
18,85963,102.16000000000001
18,85965,102.16000000000001
18,85979,102.16000000000001
18,86007,102.16000000000001
18,86037,102.16000000000001
18,86065,102.16000000000001
18,86079,102.16000000000001
18,86081,102.16000000000001
18,86113,102.16000000000001
18,86141,102.16000000000001
18,86155,102.16000000000001
18,86169,102.16000000000001
18,86183,102.16000000000001
18,86197,102.16000000000001
18,86211,102.16000000000001
18,86225,102.16000000000001
18,86255,102.16000000000001
18,86269,102.16000000000001
18,86303,102.16000000000001
18,86317,102.16000000000001
18,86333,102.16000000000001
18,86359,102.16000000000001
18,86387,102.16000000000001
18,86401,102.16000000000001
18,86417,102.16000000000001
18,86431,102.16000000000001
18,86445,102.16000000000001
18,86471,102.16000000000001
18,86501,102.16000000000001
18,86535,102.16000000000001
18,86537,102.16000000000001
18,86565,102.16000000000001
18,86581,102.16000000000001
18,86597,102.16000000000001
18,86625,102.16000000000001
18,86627,102.16000000000001
18,86643,102.16000000000001
18,86645,102.16000000000001
18,86659,102.16000000000001
18,86687,102.16000000000001
18,86715,102.16000000000001
18,86741,102.16000000000001
18,86757,102.16000000000001
18,86783,102.16000000000001
18,86811,102.16000000000001
18,86841,102.16000000000001
18,86855,102.16000000000001
18,86885,102.16000000000001
18,86899,102.16000000000001
18,86913,102.16000000000001
18,86929,102.16000000000001
18,86945,102.16000000000001
18,86973,102.16000000000001
18,86987,102.16000000000001
18,87017,102.16000000000001
18,87031,102.16000000000001
18,87059,104.7
18,87073,104.7
18,87107,104.7
18,87129,104.7
18,87131,104.7
18,87147,104.7
18,87175,104.7
18,87189,104.7
18,87205,104.7
18,87233,104.7
18,87261,104.7
18,87275,104.7
18,87307,104.7
18,87323,104.7
18,87351,104.7
18,87365,104.7
18,87385,104.7
18,87387,104.7
18,87403,104.7
18,87429,104.7
18,87443,104.7
18,87469,104.7
18,87483,104.7
18,87513,104.7
18,87515,104.7
18,87531,104.7
18,87533,104.7
18,87549,104.7
18,87551,104.7
18,87565,104.7
18,87567,104.7
18,87593,104.7
18,87595,104.7
18,87621,104.7
18,87635,104.7
18,87637,104.7
18,87665,104.7
18,87697,104.7
18,87699,104.7
18,87725,104.7
18,87727,104.7
18,87755,104.7
18,87781,104.7
18,87795,104.7
18,87823,104.7
18,87837,104.7
18,87851,104.7
18,87883,104.7
18,87909,104.7
18,87925,104.7
18,87939,104.7
18,87953,104.7
18,87981,104.7
18,87997,104.7
18,88027,104.7
18,88045,104.7
18,88075,104.7
18,88091,104.7
18,88093,104.7
18,88111,104.7
18,88125,104.7
18,88127,104.7
18,88143,104.7
18,88157,104.7
18,88185,104.7
18,88199,104.7
18,88201,104.7
18,88219,104.7
18,88233,104.7
18,88263,104.7
18,88265,104.7
18,88281,104.7
18,88295,104.7
18,88321,104.7
18,88351,104.7
18,88379,104.7
18,88393,104.7
18,88421,104.7
18,88437,104.7
18,88451,104.7
18,88479,104.7
18,88495,104.7
18,88511,104.7
18,88537,104.7
18,88553,104.7
18,88567,104.7
18,88583,104.7
18,88611,104.7
18,88613,104.7
18,88639,104.7
18,88665,104.7
18,88679,104.7
18,88705,104.7
18,88707,104.7
18,88723,104.7
18,88753,104.7
18,88755,104.7
18,88783,104.7
18,88797,104.7
18,88825,104.7
18,88855,110.44000000000003
18,88871,110.44000000000003
18,88885,110.44000000000003
18,88911,110.44000000000003
18,88925,110.44000000000003
18,88927,110.44000000000003
18,88955,110.44000000000003
18,88969,110.44000000000003
18,88971,110.44000000000003
18,88985,110.44000000000003
18,88999,110.44000000000003
18,89033,110.44000000000003
18,89059,110.44000000000003
18,89061,110.44000000000003
18,89089,110.44000000000003
18,89091,110.44000000000003
18,89117,110.44000000000003
18,89133,110.44000000000003
18,89147,116.12999999999995
18,89175,116.12999999999995
18,89191,116.12999999999995
18,89219,116.12999999999995
18,89233,116.12999999999995
18,89249,116.12999999999995
18,89275,116.12999999999995
18,89307,116.12999999999995
18,89309,116.12999999999995
18,89323,116.12999999999995
18,89339,116.12999999999995
18,89353,116.12999999999995
18,89383,116.12999999999995
18,89385,116.12999999999995
18,89399,116.12999999999995
18,89413,116.12999999999995
18,89439,116.12999999999995
18,89455,116.12999999999995
18,89471,116.12999999999995
18,89485,116.12999999999995
18,89499,116.12999999999995
18,89531,116.12999999999995
18,89551,116.12999999999995
18,89577,116.12999999999995
18,89603,116.12999999999995
18,89617,116.12999999999995
18,89631,116.12999999999995
18,89633,116.12999999999995
18,89647,116.12999999999995
18,89673,116.12999999999995
18,89675,116.12999999999995
18,89689,116.12999999999995
18,89715,116.12999999999995
18,89717,116.12999999999995
18,89719,116.12999999999995
18,89747,116.12999999999995
18,89779,116.12999999999995
18,89793,116.12999999999995
18,89811,116.12999999999995
18,89843,116.12999999999995
18,89861,116.12999999999995
18,89863,116.12999999999995
18,89881,116.12999999999995
18,89907,116.12999999999995
18,89925,116.12999999999995
18,89953,116.12999999999995
18,89955,116.12999999999995
18,89971,116.12999999999995
18,90001,116.12999999999995
18,90017,116.12999999999995
18,90047,116.12999999999995
18,90061,125.88000000000007
18,90075,125.88000000000007
18,90101,125.88000000000007
18,90119,125.88000000000007
18,90147,125.88000000000007
18,90161,125.88000000000007
18,90175,125.88000000000007
18,90189,125.88000000000007
18,90203,125.88000000000007
18,90231,125.88000000000007
18,90261,125.88000000000007
18,90275,125.88000000000007
19,80610,28.640000000000004
19,80638,40.44000000000001
19,80666,42.519999999999996
19,80680,42.519999999999996
19,80706,42.519999999999996
19,80732,42.519999999999996
19,80746,56.89
19,80772,56.89
19,80786,56.89
19,80814,56.89
19,80830,56.89
19,80832,56.89
19,80858,56.89
19,80888,56.89
19,80902,56.89
19,80932,56.89
19,80962,56.89
19,80976,56.89
19,80990,61.910000000000004
19,81006,61.910000000000004
19,81008,61.910000000000004
19,81010,61.910000000000004
19,81038,61.910000000000004
19,81052,61.910000000000004
19,81078,61.910000000000004
19,81110,61.910000000000004
19,81126,61.910000000000004
19,81152,61.910000000000004
19,81166,61.910000000000004
19,81168,61.910000000000004
19,81196,61.910000000000004
19,81212,61.910000000000004
19,81240,61.910000000000004
19,81256,61.910000000000004
19,81288,61.910000000000004
19,85371,61.910000000000004
19,85401,61.910000000000004
19,85403,61.910000000000004
19,85405,61.910000000000004
19,85421,61.910000000000004
19,85447,61.910000000000004
19,85473,61.910000000000004
19,85503,61.910000000000004
19,85529,61.910000000000004
19,85561,61.910000000000004
19,85581,61.910000000000004
19,85611,63.17000000000001
19,85627,63.17000000000001
19,85641,63.17000000000001
19,85655,63.17000000000001
19,85669,63.17000000000001
19,85687,63.17000000000001
19,85715,63.17000000000001
19,85729,63.17000000000001
19,85745,63.17000000000001
19,85747,63.17000000000001
19,85749,63.17000000000001
19,85763,63.17000000000001
19,85777,63.17000000000001
19,85809,63.17000000000001
19,85823,63.17000000000001
19,85851,63.17000000000001
19,85869,63.17000000000001
19,85885,63.17000000000001
19,85899,63.17000000000001
19,85901,63.17000000000001
19,85903,63.17000000000001
19,85905,63.17000000000001
19,85919,63.17000000000001
19,85933,63.17000000000001
19,85961,63.17000000000001
19,85975,63.17000000000001
19,86011,63.17000000000001
19,86025,63.17000000000001
19,86053,70.48
19,86079,70.48
19,86093,70.48
19,86119,70.48
19,86147,70.48
19,86149,70.48
19,86163,70.48
19,86177,70.48
19,86205,70.48
19,86221,70.48
19,86235,70.48
19,86237,70.48
19,86239,70.48
19,86255,70.48
19,86285,70.48
19,86287,70.48
19,86315,70.48
19,86317,70.48
19,86331,70.48
19,86333,70.48
19,86365,70.48
19,86379,70.48
19,86381,70.48
19,86399,70.48
19,86401,70.48
19,86417,70.48
19,86431,70.48
19,86433,70.48
19,86459,70.48
19,86473,70.48
19,86487,70.48
19,86519,70.48
19,86533,70.48
19,86561,70.48
19,86589,70.48
19,86607,70.48
19,86621,70.48
19,86623,70.48
19,86625,70.48
19,86627,70.48
19,86629,70.48
19,86655,70.48
19,86683,70.48
19,86711,70.48
19,86725,70.48
19,86753,70.48
19,86779,70.48
19,86793,70.48
19,86809,70.48
19,86839,72.02
19,86869,72.02
19,86887,72.02
19,86903,75.77
19,86917,75.77
19,86931,75.77
19,86945,75.77
19,86947,75.77
19,86973,75.77
19,86991,75.77
19,87017,83.73999999999998
19,87033,83.73999999999998
19,87035,83.73999999999998
19,87063,83.73999999999998
19,87077,83.73999999999998
19,87093,83.73999999999998
19,87111,83.73999999999998
19,87127,83.73999999999998
19,87143,83.73999999999998
19,87145,83.73999999999998
19,87173,83.73999999999998
19,87205,83.73999999999998
19,87219,83.73999999999998
19,87249,84.16000000000004
19,87267,84.16000000000004
19,87283,84.16000000000004
19,87297,84.16000000000004
19,87325,84.16000000000004
19,87341,84.16000000000004
19,87369,84.16000000000004
19,87397,84.16000000000004
19,87423,84.16000000000004
19,87441,84.16000000000004
19,87455,84.16000000000004
19,87471,84.16000000000004
19,87487,84.16000000000004
19,87513,84.16000000000004
19,87543,84.16000000000004
19,87559,84.16000000000004
19,87575,84.16000000000004
19,87591,84.16000000000004
19,87619,84.16000000000004
19,87635,84.16000000000004
19,87661,84.16000000000004
19,87677,84.16000000000004
19,87691,84.16000000000004
19,87717,84.16000000000004
19,87731,84.16000000000004
19,87761,84.16000000000004
19,87791,84.16000000000004
19,87807,84.16000000000004
19,87825,84.16000000000004
19,87827,84.16000000000004
19,87841,84.16000000000004
19,87857,84.16000000000004
19,87873,84.16000000000004
19,87889,94.97999999999999
19,87891,94.97999999999999
19,87919,94.97999999999999
19,87933,94.97999999999999
19,87959,94.97999999999999
19,87975,94.97999999999999
19,88003,94.97999999999999
19,88033,94.97999999999999
19,88047,94.97999999999999
19,88061,94.97999999999999
19,88091,94.97999999999999
19,88093,94.97999999999999
19,88121,94.97999999999999
19,88149,94.97999999999999
19,88151,94.97999999999999
19,88179,94.97999999999999
19,88205,94.97999999999999
19,88225,94.97999999999999
19,88247,94.97999999999999
19,88279,94.97999999999999
19,88311,94.97999999999999
19,88325,94.97999999999999
19,88339,94.97999999999999
19,88365,94.97999999999999
19,88381,94.97999999999999
19,88395,94.97999999999999
19,88397,94.97999999999999
19,88399,94.97999999999999
19,88413,94.97999999999999
19,88427,94.97999999999999
19,88441,94.97999999999999
19,88467,94.97999999999999
19,88469,94.97999999999999
19,88497,94.97999999999999
19,88511,94.97999999999999
19,88525,94.97999999999999
19,88551,94.97999999999999
19,88583,94.97999999999999
19,88597,94.97999999999999
19,88627,94.97999999999999
19,88629,94.97999999999999
19,88659,94.97999999999999
19,88661,94.97999999999999
19,88663,94.97999999999999
19,88689,94.97999999999999
19,88703,94.97999999999999
19,88717,94.97999999999999
19,88731,94.97999999999999
19,88733,94.97999999999999
19,88749,94.97999999999999
19,88763,94.97999999999999
19,88779,94.97999999999999
19,88809,101.80000000000001
19,88837,101.80000000000001
19,88853,101.80000000000001
19,88869,101.80000000000001
19,88899,101.80000000000001
19,88927,101.80000000000001
19,88957,101.80000000000001
19,88971,101.80000000000001
19,88999,101.80000000000001
19,89013,101.80000000000001
19,89027,101.80000000000001
19,89053,101.80000000000001
19,89081,101.80000000000001
19,89111,101.80000000000001
19,89139,101.80000000000001
19,89157,101.80000000000001
19,89185,101.80000000000001
19,89213,101.80000000000001
19,89235,101.80000000000001
19,89251,101.80000000000001
19,89253,101.80000000000001
19,89281,101.80000000000001
19,89295,101.80000000000001
19,89297,101.80000000000001
19,89313,101.80000000000001
19,89315,101.80000000000001
19,89345,101.80000000000001
19,89359,101.80000000000001
19,89361,101.80000000000001
19,89381,101.80000000000001
19,89383,101.80000000000001
19,89413,101.80000000000001
19,89449,101.80000000000001
19,89463,101.80000000000001
19,89491,101.80000000000001
19,89519,101.80000000000001
19,89539,101.80000000000001
19,89553,101.80000000000001
19,89555,101.80000000000001
19,89587,101.80000000000001
19,89603,101.80000000000001
19,89605,101.80000000000001
19,89631,101.80000000000001
19,89663,101.80000000000001
19,89677,101.80000000000001
19,89679,101.80000000000001
19,89697,101.80000000000001
19,89711,101.80000000000001
19,89743,101.80000000000001
19,89759,101.80000000000001
19,89773,101.80000000000001
19,89801,101.80000000000001
19,89827,101.80000000000001
19,89829,101.80000000000001
19,89843,101.80000000000001
19,89859,101.80000000000001
19,89861,101.80000000000001
19,89893,101.80000000000001
19,89907,101.80000000000001
19,89937,101.80000000000001
19,89939,101.80000000000001
19,89941,101.80000000000001
19,89955,101.80000000000001
19,89969,101.80000000000001
19,89997,101.80000000000001
19,90011,101.80000000000001
19,90013,101.80000000000001
19,90027,101.80000000000001
19,90029,101.80000000000001
19,90057,101.80000000000001
19,90083,101.80000000000001
19,90101,101.80000000000001
19,90115,101.80000000000001
19,90143,101.80000000000001
19,90145,101.80000000000001
19,90171,111.67999999999998
19,90199,111.67999999999998
19,90225,111.67999999999998
19,90253,111.67999999999998
19,90267,111.67999999999998
19,90269,111.67999999999998
19,90283,111.67999999999998
19,90313,111.67999999999998
19,90315,111.67999999999998
19,90329,111.67999999999998
19,90345,111.67999999999998
19,90359,111.67999999999998
19,90361,111.67999999999998
19,90363,111.67999999999998
19,90379,111.67999999999998
19,90405,111.67999999999998
19,90407,111.67999999999998
19,90409,111.67999999999998
19,90437,111.67999999999998
19,90455,111.67999999999998
19,90483,111.67999999999998
19,90509,111.67999999999998
19,90525,111.67999999999998
19,90551,111.67999999999998
19,90579,111.67999999999998
19,90581,111.67999999999998
19,90595,111.67999999999998
20,80796,29.570000000000007
20,80826,32.29999999999999
20,80840,32.29999999999999
20,80868,48.72
20,80894,48.72
20,80896,48.72
20,80910,48.72
20,80912,48.72
20,80928,48.72
20,80930,48.72
20,80932,48.72
20,80946,48.72
20,80960,48.72
20,84975,48.72
20,84993,48.96000000000001
20,85009,48.96000000000001
20,85037,48.96000000000001
20,85073,48.96000000000001
20,85101,48.96000000000001
20,85131,48.96000000000001
20,85145,48.96000000000001
20,85175,48.96000000000001
20,85201,52.599999999999994
20,85217,52.599999999999994
20,85235,54.13999999999999
20,85251,54.13999999999999
20,85281,54.13999999999999
20,85297,54.13999999999999
20,85331,54.13999999999999
20,85347,54.13999999999999
20,85361,54.13999999999999
20,85389,54.13999999999999
20,85417,54.13999999999999
20,85435,54.13999999999999
20,85449,66.21000000000001
20,85463,66.21000000000001
20,85465,66.21000000000001
20,85467,66.21000000000001
20,85481,66.21000000000001
20,85507,66.21000000000001
20,85539,66.21000000000001
20,85553,66.21000000000001
20,85567,66.21000000000001
20,85583,66.21000000000001
20,85613,70.41999999999999
20,85627,70.41999999999999
20,85641,70.41999999999999
20,85667,70.41999999999999
20,85669,70.41999999999999
20,85683,70.41999999999999
20,85699,70.41999999999999
20,85727,70.41999999999999
20,85755,70.41999999999999
20,85771,70.41999999999999
20,85785,70.41999999999999
20,85811,70.41999999999999
20,85825,77.15000000000003
20,85839,77.15000000000003
20,85867,77.15000000000003
20,85897,77.15000000000003
20,85923,77.15000000000003
20,85953,77.15000000000003
20,85955,77.15000000000003
20,85969,77.15000000000003
20,85983,77.15000000000003
20,85999,77.15000000000003
20,86027,77.15000000000003
20,86057,77.15000000000003
20,86075,77.15000000000003
20,86095,77.15000000000003
20,86109,77.15000000000003
20,86125,77.15000000000003
20,86157,77.15000000000003
20,86183,77.15000000000003
20,86213,77.15000000000003
20,86241,77.15000000000003
20,86243,77.15000000000003
20,86257,77.15000000000003
20,86259,77.15000000000003
20,86273,77.15000000000003
20,86287,77.15000000000003
20,86301,77.15000000000003
20,86303,77.15000000000003
20,86333,77.15000000000003
20,86349,77.15000000000003
20,86363,77.15000000000003
20,86365,77.15000000000003
20,86393,77.15000000000003
20,86419,77.15000000000003
20,86435,77.15000000000003
20,86465,77.15000000000003
20,86479,77.15000000000003
20,86493,77.15000000000003
20,86509,77.15000000000003
20,86537,77.15000000000003
20,86563,77.15000000000003
20,86579,77.15000000000003
20,86595,77.15000000000003
20,86609,77.15000000000003
20,86625,77.15000000000003
20,86651,77.15000000000003
20,86665,77.15000000000003
20,86679,77.15000000000003
20,86693,77.15000000000003
20,86719,77.15000000000003
20,86749,77.15000000000003
20,86779,77.15000000000003
20,86801,77.15000000000003
20,86831,77.15000000000003
20,86845,77.15000000000003
20,86871,90.36999999999999
20,86899,90.36999999999999
20,86915,90.36999999999999
20,86941,90.36999999999999
20,86955,90.36999999999999
20,86981,90.36999999999999
20,87011,104.30999999999999
20,87027,104.30999999999999
20,87041,104.30999999999999
20,87075,104.30999999999999
20,87105,106.35000000000001
20,87119,106.35000000000001
20,87145,106.35000000000001
20,87159,106.35000000000001
20,87173,106.35000000000001
20,87203,106.35000000000001
20,87217,106.35000000000001
20,87247,106.35000000000001
20,87249,106.35000000000001
20,87275,106.35000000000001
20,87291,106.35000000000001
20,87305,106.35000000000001
20,87331,106.35000000000001
20,87333,106.35000000000001
20,87361,106.35000000000001
20,87389,106.35000000000001
20,87407,106.35000000000001
20,87421,106.35000000000001
20,87439,106.35000000000001
20,87467,106.35000000000001
20,87469,106.35000000000001
20,87497,106.35000000000001
20,87527,106.35000000000001
20,87555,106.35000000000001
20,87571,106.35000000000001
20,87587,106.35000000000001
20,87605,106.35000000000001
20,87631,106.35000000000001
20,87649,106.35000000000001
20,87665,106.35000000000001
20,87679,106.35000000000001
20,87693,106.35000000000001
20,87719,106.35000000000001
20,87733,106.35000000000001
20,87749,106.35000000000001
20,87763,106.35000000000001
20,87789,106.35000000000001
20,87817,106.35000000000001
20,87847,106.35000000000001
20,87849,106.35000000000001
20,87865,106.35000000000001
20,87895,106.35000000000001
20,87925,106.35000000000001
20,87939,106.35000000000001
20,87965,106.35000000000001
20,87967,106.35000000000001
20,87969,106.35000000000001
20,87983,106.35000000000001
20,87997,106.35000000000001
20,88013,106.35000000000001
20,88039,106.35000000000001
20,88067,106.35000000000001
20,88093,106.35000000000001
20,88119,106.35000000000001
20,88153,106.35000000000001
20,88155,106.35000000000001
20,88171,106.35000000000001
20,88197,106.35000000000001
20,88215,106.35000000000001
20,88229,106.35000000000001
20,88261,106.35000000000001
20,88287,106.35000000000001
20,88317,106.35000000000001
20,88337,106.35000000000001
20,88367,128.01
20,88395,128.01
20,88421,128.01
20,88447,128.01
20,88465,128.01
20,88479,128.01
20,88481,128.01
20,88483,128.01
20,88497,128.01
20,88527,128.01
20,88555,128.01
20,88571,128.01
20,88589,128.01
20,88617,128.01
20,88643,128.01
20,88665,128.01
20,88691,128.01
20,88707,128.01
20,88741,128.01
20,88755,128.01
20,88785,128.01
20,88799,128.01
20,88815,128.01
20,88843,128.01
20,88845,128.01
20,88873,128.01
20,88889,128.01
20,88919,128.01
20,88933,128.01
20,88935,128.01
20,88963,128.01
20,88981,128.01
20,88995,128.01
20,89009,128.01
20,89011,128.01
20,89027,128.01
20,89057,128.01
20,89071,128.01
20,89097,128.01
20,89125,128.01
20,89127,128.01
20,89129,128.01
20,89145,128.01
20,89161,128.01
20,89175,128.01
20,89201,128.01
20,89203,128.01
20,89205,128.01
20,89219,128.01
20,89233,128.01
20,89249,128.01
20,89275,128.01
20,89277,128.01
20,89305,128.01
20,89321,128.01
20,89347,128.01
20,89375,128.01
20,89401,128.01
20,89429,128.01
20,89445,128.01
20,89447,128.01
20,89449,128.01
20,89465,128.01
20,89479,128.01
20,89481,128.01
20,89499,128.01
20,89501,128.01
20,89527,128.01
20,89541,128.01
20,89555,128.01
20,89557,128.01
20,89585,128.01
20,89611,128.01
20,89637,128.01
20,89639,128.01
20,89665,128.01
20,89697,128.01
20,89699,128.01
20,89713,128.01
20,89743,128.01
20,89769,128.01
20,89771,128.01
20,89785,128.01
20,89801,128.01
20,89815,128.01
20,89841,128.01
20,89855,128.01
20,89881,128.01
20,89895,128.01
20,89911,128.01
20,89937,128.01
20,89975,128.01
20,89989,128.01
20,90017,128.01
20,90033,128.01
20,90059,128.01
20,90077,128.01
20,90103,128.01
20,90105,128.01
20,90107,128.01
20,90133,128.01
20,90163,128.01
20,90181,128.01
20,90195,128.01
20,90221,128.01
20,90251,128.01
20,90277,128.01
20,90291,128.01
20,90305,128.01
20,90321,130.58999999999997
20,90349,130.58999999999997
20,90363,130.58999999999997
20,90377,130.58999999999997
20,90391,130.58999999999997
20,90405,130.58999999999997
20,90435,130.58999999999997
20,90461,130.58999999999997
20,90477,130.58999999999997
20,90507,130.58999999999997
20,90521,130.73
20,90535,130.73
20,90551,130.73
20,90579,130.73
20,90595,130.73
20,90597,130.73
20,90611,130.73
20,90625,141.23999999999995
20,90657,141.23999999999995
20,90659,141.23999999999995
20,90687,141.23999999999995
20,90717,141.23999999999995
20,90733,141.23999999999995
20,90747,141.23999999999995
20,90777,141.23999999999995
20,90793,141.23999999999995
21,80422,31.96999999999999
21,80424,31.96999999999999
21,80438,38.09999999999999
21,80464,38.09999999999999
21,80478,38.09999999999999
21,80504,38.09999999999999
21,80506,38.09999999999999
21,80520,38.09999999999999
21,80534,38.09999999999999
21,84595,44.76000000000001
21,84609,44.76000000000001
21,84611,44.76000000000001
21,84639,51.65000000000002
21,84665,64.30000000000004
21,84693,64.30000000000004
21,84707,64.30000000000004
21,84739,64.30000000000004
21,84755,64.30000000000004
21,84783,64.30000000000004
21,84797,64.30000000000004
21,84811,64.30000000000004
21,84825,64.30000000000004
21,84841,64.30000000000004
21,84855,64.30000000000004
21,84869,64.30000000000004
21,84883,64.30000000000004
21,84885,64.30000000000004
21,84887,64.30000000000004
21,84901,64.30000000000004
21,84915,64.30000000000004
21,84945,64.30000000000004
21,84947,64.30000000000004
21,84961,64.30000000000004
21,84981,64.30000000000004
21,85007,64.30000000000004
21,85021,64.30000000000004
21,85035,64.30000000000004
21,85037,64.30000000000004
21,85065,64.30000000000004
21,85079,64.30000000000004
21,85107,64.30000000000004
21,85137,64.30000000000004
21,85153,64.30000000000004
21,85155,64.30000000000004
21,85183,64.30000000000004
21,85209,64.30000000000004
21,85225,64.30000000000004
21,85241,64.30000000000004
21,85255,64.30000000000004
21,85281,64.30000000000004
21,85307,64.30000000000004
21,85341,64.30000000000004
21,85355,64.30000000000004
21,85369,71.47999999999999
21,85395,71.47999999999999
21,85409,71.47999999999999
21,85411,71.47999999999999
21,85427,71.47999999999999
21,85441,71.47999999999999
21,85459,71.47999999999999
21,85473,71.47999999999999
21,85475,71.47999999999999
21,85503,74.68000000000002
21,85505,74.68000000000002
21,85533,74.68000000000002
21,85561,74.68000000000002
21,85577,74.68000000000002
21,85603,74.68000000000002
21,85619,74.68000000000002
21,85637,74.68000000000002
21,85653,74.68000000000002
21,85673,74.68000000000002
21,85687,74.68000000000002
21,85701,74.68000000000002
21,85721,74.68000000000002
21,85737,74.68000000000002
21,85751,74.68000000000002
21,85781,74.68000000000002
21,85795,74.68000000000002
21,85821,74.68000000000002
21,85849,74.68000000000002
21,85851,74.68000000000002
21,85865,74.68000000000002
21,85881,74.68000000000002
21,85911,74.68000000000002
21,85925,74.68000000000002
21,85951,77.66000000000001
21,85969,77.66000000000001
21,85983,77.66000000000001
21,86009,77.66000000000001
21,86025,77.66000000000001
21,86027,77.66000000000001
21,86041,77.66000000000001
21,86043,77.66000000000001
21,86069,77.66000000000001
21,86083,77.66000000000001
21,86109,77.66000000000001
21,86137,77.66000000000001
21,86139,77.66000000000001
21,86141,77.66000000000001
21,86171,77.66000000000001
21,86185,77.66000000000001
21,86215,77.66000000000001
21,86249,77.66000000000001
21,86275,77.66000000000001
21,86301,77.66000000000001
21,86315,77.66000000000001
21,86329,77.66000000000001
21,86343,77.66000000000001
21,86375,77.66000000000001
21,86389,77.66000000000001
21,86391,77.66000000000001
21,86405,77.66000000000001
21,86419,77.66000000000001
21,86451,77.66000000000001
21,86479,77.66000000000001
21,86481,77.66000000000001
21,86497,77.66000000000001
21,86513,77.66000000000001
21,86539,77.66000000000001
21,86541,77.66000000000001
21,86569,77.66000000000001
21,86585,77.66000000000001
21,86601,77.66000000000001
21,86627,77.66000000000001
21,86641,77.66000000000001
21,86643,77.66000000000001
21,86657,77.66000000000001
21,86671,77.66000000000001
21,86697,77.66000000000001
21,86711,79.57000000000001
21,86725,79.57000000000001
21,86751,90.10999999999999
21,86753,90.10999999999999
21,86767,90.10999999999999
21,86769,90.10999999999999
21,86795,90.10999999999999
21,86809,90.10999999999999
21,86823,90.10999999999999
21,86839,90.10999999999999
21,86867,90.10999999999999
21,86883,90.10999999999999
21,86915,90.10999999999999
21,86917,90.10999999999999
21,86931,90.10999999999999
21,86957,90.10999999999999
21,86959,90.10999999999999
21,86961,90.10999999999999
21,86977,90.10999999999999
21,86979,104.29000000000002
21,86993,104.29000000000002
21,87007,104.29000000000002
21,87021,104.29000000000002
21,87035,104.29000000000002
21,87049,104.29000000000002
21,87081,104.29000000000002
21,87113,104.29000000000002
21,87139,104.29000000000002
21,87167,104.29000000000002
21,87181,104.29000000000002
21,87183,104.29000000000002
21,87211,104.29000000000002
21,87237,104.29000000000002
21,87255,104.29000000000002
21,87281,104.29000000000002
21,87297,104.29000000000002
21,87315,104.29000000000002
21,87341,104.29000000000002
21,87343,104.29000000000002
21,87345,104.29000000000002
21,87371,104.29000000000002
21,87385,104.29000000000002
21,87413,104.29000000000002
21,87439,104.29000000000002
21,87471,104.29000000000002
21,87473,104.29000000000002
21,87501,104.29000000000002
21,87503,104.29000000000002
21,87519,104.29000000000002
21,87535,104.29000000000002
21,87563,104.29000000000002
21,87597,104.29000000000002
21,87623,104.29000000000002
21,87637,104.29000000000002
21,87667,104.29000000000002
21,87695,104.29000000000002
21,87711,104.29000000000002
21,87713,104.29000000000002
21,87715,104.29000000000002
21,87741,104.29000000000002
21,87755,104.29000000000002
21,87785,104.29000000000002
21,87801,104.29000000000002
21,87817,104.29000000000002
21,87831,104.29000000000002
21,87845,104.29000000000002
21,87877,104.29000000000002
21,87891,104.29000000000002
21,87893,104.29000000000002
21,87923,104.29000000000002
21,87949,104.29000000000002
21,87965,104.29000000000002
21,87979,104.29000000000002
21,87981,104.29000000000002
21,88011,104.29000000000002
21,88025,104.29000000000002
21,88039,104.29000000000002
21,88053,104.29000000000002
21,88067,104.29000000000002
21,88081,104.29000000000002
21,88107,104.29000000000002
21,88121,104.29000000000002
21,88137,104.29000000000002
21,88151,104.29000000000002
21,88153,104.29000000000002
21,88155,104.29000000000002
21,88171,104.29000000000002
21,88185,104.29000000000002
21,88199,104.29000000000002
21,88225,104.29000000000002
21,88255,104.29000000000002
21,88271,104.29000000000002
21,88289,104.29000000000002
21,88303,104.29000000000002
21,88317,104.29000000000002
21,88347,104.29000000000002
21,88349,104.29000000000002
21,88377,104.29000000000002
21,88379,104.29000000000002
21,88393,104.29000000000002
21,88421,104.29000000000002
21,88435,104.29000000000002
21,88465,104.29000000000002
21,88483,104.29000000000002
21,88485,104.29000000000002
21,88487,104.29000000000002
21,88521,104.29000000000002
21,88523,104.29000000000002
21,88555,104.29000000000002
21,88569,104.29000000000002
21,88597,104.29000000000002
21,88611,104.29000000000002
21,88625,104.29000000000002
21,88639,104.29000000000002
21,88667,104.29000000000002
21,88681,104.29000000000002
21,88699,104.29000000000002
21,88727,104.29000000000002
21,88729,104.29000000000002
21,88757,104.29000000000002
21,88771,104.29000000000002
21,88773,104.29000000000002
21,88811,104.29000000000002
21,88829,104.29000000000002
21,88843,104.29000000000002
21,88871,104.29000000000002
21,88901,104.29000000000002
21,88915,104.29000000000002
21,88941,104.29000000000002
21,88955,104.29000000000002
21,88985,104.29000000000002
21,89013,104.29000000000002
21,89027,104.29000000000002
21,89055,104.29000000000002
21,89057,104.29000000000002
21,89075,104.29000000000002
21,89077,104.29000000000002
21,89107,104.29000000000002
21,89135,104.29000000000002
21,89151,104.29000000000002
21,89179,104.29000000000002
21,89181,105.02999999999999
21,89195,105.02999999999999
21,89211,105.02999999999999
21,89225,105.02999999999999
21,89239,105.02999999999999
21,89253,105.02999999999999
21,89267,105.02999999999999
21,89295,105.02999999999999
21,89309,105.02999999999999
21,89337,105.02999999999999
21,89353,105.02999999999999
21,89367,105.02999999999999
21,89381,105.02999999999999
21,89399,105.02999999999999
21,89425,108.64000000000001
21,89427,108.64000000000001
21,89441,108.64000000000001
21,89469,108.64000000000001
21,89471,108.64000000000001
21,89503,108.64000000000001
21,89531,108.64000000000001
21,89533,108.64000000000001
21,89535,108.64000000000001
21,89549,108.64000000000001
21,89577,108.64000000000001
21,89591,108.64000000000001
21,89619,108.64000000000001
21,89633,108.64000000000001
21,89647,108.64000000000001
21,89675,108.64000000000001
21,89703,108.64000000000001
21,89717,108.64000000000001
21,89733,108.64000000000001
21,89749,108.64000000000001
21,89763,108.64000000000001
21,89765,108.64000000000001
21,89781,108.64000000000001
21,89783,108.64000000000001
21,89803,108.64000000000001
21,89833,108.64000000000001
21,89861,108.64000000000001
21,89887,108.64000000000001
21,89917,108.64000000000001
21,89945,108.64000000000001
21,89975,108.64000000000001
21,89993,108.64000000000001
21,89995,108.64000000000001
21,90025,108.64000000000001
21,90051,108.64000000000001
21,90079,108.64000000000001
21,90105,108.64000000000001
21,90131,202.59999999999997
21,90159,202.59999999999997
21,90189,202.59999999999997
21,90203,202.59999999999997
21,90229,202.59999999999997
21,90231,202.59999999999997
21,90245,202.59999999999997
21,90259,202.59999999999997
21,90289,202.59999999999997
21,90291,202.59999999999997
21,90309,202.59999999999997
21,90337,227.99000000000007
21,90355,227.99000000000007
21,90369,227.99000000000007
21,90385,227.99000000000007
21,90413,227.99000000000007
22,80230,50.49
22,80232,50.49
22,80246,50.49
22,80248,50.49
22,80250,53.07000000000004
22,80266,53.07000000000004
22,80296,53.07000000000004
22,80328,53.07000000000004
22,80342,53.07000000000004
22,84281,53.07000000000004
22,84307,53.07000000000004
22,84323,53.07000000000004
22,84341,53.07000000000004
22,84355,53.07000000000004
22,84387,53.07000000000004
22,84401,53.07000000000004
22,84415,53.07000000000004
22,84433,53.07000000000004
22,84461,53.07000000000004
22,84491,53.07000000000004
22,84505,55.709999999999994
22,84533,55.709999999999994
22,84561,55.709999999999994
22,84579,55.709999999999994
22,84593,55.709999999999994
22,84607,55.709999999999994
22,84621,55.709999999999994
22,84637,55.709999999999994
22,84663,55.709999999999994
22,84695,55.709999999999994
22,84713,55.709999999999994
22,84727,55.709999999999994
22,84753,55.709999999999994
22,84781,55.709999999999994
22,84795,55.709999999999994
22,84823,55.709999999999994
22,84841,55.709999999999994
22,84857,55.709999999999994
22,84871,55.709999999999994
22,84897,55.709999999999994
22,84911,55.709999999999994
22,84925,55.709999999999994
22,84941,55.709999999999994
22,84967,56.129999999999995
22,84981,56.129999999999995
22,84995,75.65999999999994
22,85023,75.65999999999994
22,85037,75.65999999999994
22,85063,75.65999999999994
22,85077,75.65999999999994
22,85079,75.65999999999994
22,85111,75.65999999999994
22,85113,75.65999999999994
22,85127,75.65999999999994
22,85159,75.65999999999994
22,85189,75.65999999999994
22,85191,75.65999999999994
22,85193,75.65999999999994
22,85209,75.65999999999994
22,85225,75.65999999999994
22,85253,75.65999999999994
22,85279,75.65999999999994
22,85293,75.65999999999994
22,85307,75.65999999999994
22,85333,75.65999999999994
22,85359,75.65999999999994
22,85379,75.65999999999994
22,85409,75.65999999999994
22,85425,75.65999999999994
22,85451,75.65999999999994
22,85477,75.65999999999994
22,85507,75.65999999999994
22,85521,75.65999999999994
22,85523,75.65999999999994
22,85537,75.65999999999994
22,85567,75.65999999999994
22,85597,75.65999999999994
22,85599,75.65999999999994
22,85625,75.65999999999994
22,85655,75.65999999999994
22,85681,75.65999999999994
22,85711,75.72999999999998
22,85739,75.72999999999998
22,85741,75.72999999999998
22,85757,75.72999999999998
22,85785,75.72999999999998
22,85787,75.72999999999998
22,85813,75.72999999999998
22,85841,75.72999999999998
22,85869,75.72999999999998
22,85883,75.72999999999998
22,85885,75.72999999999998
22,85913,75.72999999999998
22,85927,75.72999999999998
22,85941,209.38999999999996
22,85955,209.38999999999996
22,85969,209.38999999999996
22,85985,209.38999999999996
22,85999,209.38999999999996
22,86029,209.38999999999996
22,86045,209.38999999999996
22,86061,209.38999999999996
22,86075,209.38999999999996
22,86101,209.38999999999996
22,86127,209.38999999999996
22,86141,209.38999999999996
22,86155,209.38999999999996
22,86157,209.38999999999996
22,86159,209.38999999999996
22,86185,209.38999999999996
22,86199,209.38999999999996
22,86213,209.38999999999996
22,86227,209.38999999999996
22,86255,209.38999999999996
22,86285,209.38999999999996
22,86315,209.38999999999996
22,86345,209.38999999999996
22,86371,209.38999999999996
22,86387,209.38999999999996
22,86417,209.38999999999996
22,86445,209.38999999999996
22,86473,209.38999999999996
22,86501,209.38999999999996
22,86517,209.38999999999996
22,86519,209.38999999999996
22,86521,209.38999999999996
22,86549,209.38999999999996
22,86577,209.38999999999996
22,86591,209.38999999999996
22,86619,209.38999999999996
22,86633,209.38999999999996
22,86659,209.38999999999996
22,86691,209.38999999999996
22,86719,209.38999999999996
22,86721,209.38999999999996
22,86749,209.38999999999996
22,86765,209.38999999999996
22,86791,209.38999999999996
22,86819,209.38999999999996
22,86847,209.38999999999996
22,86877,209.38999999999996
22,86891,209.38999999999996
22,86923,209.38999999999996
22,86951,209.38999999999996
22,86979,209.38999999999996
22,86981,209.38999999999996
22,87009,209.38999999999996
22,87023,209.38999999999996
22,87037,209.38999999999996
22,87065,209.38999999999996
22,87095,209.38999999999996
22,87125,209.38999999999996
22,87153,209.38999999999996
22,87183,209.38999999999996
22,87197,209.38999999999996
22,87223,209.38999999999996
22,87251,209.38999999999996
22,87267,209.38999999999996
22,87283,209.38999999999996
22,87317,209.38999999999996
22,87331,209.38999999999996
22,87345,209.38999999999996
22,87361,209.38999999999996
22,87387,209.38999999999996
22,87401,209.38999999999996
22,87427,209.38999999999996
22,87457,209.38999999999996
22,87485,209.38999999999996
22,87499,209.38999999999996
22,87515,209.38999999999996
22,87529,209.38999999999996
22,87545,209.38999999999996
22,87561,209.38999999999996
22,87563,209.38999999999996
22,87577,209.38999999999996
22,87579,209.38999999999996
22,87581,209.38999999999996
22,87607,209.38999999999996
22,87633,209.38999999999996
22,87647,209.38999999999996
22,87661,209.38999999999996
22,87679,209.38999999999996
22,87693,209.38999999999996
22,87709,209.38999999999996
22,87723,209.38999999999996
22,87743,209.38999999999996
22,87773,209.38999999999996
22,87799,209.38999999999996
22,87813,209.38999999999996
22,87829,209.38999999999996
22,87845,209.38999999999996
22,87859,209.38999999999996
22,87891,209.38999999999996
22,87909,209.38999999999996
22,87911,209.38999999999996
22,87925,209.38999999999996
22,87939,209.38999999999996
22,87953,209.38999999999996
22,87969,209.38999999999996
22,87989,209.38999999999996
22,87991,209.38999999999996
22,88017,209.38999999999996
22,88031,209.38999999999996
22,88049,209.38999999999996
22,88063,209.38999999999996
22,88077,209.38999999999996
22,88079,209.38999999999996
22,88095,209.38999999999996
22,88121,209.38999999999996
22,88135,209.38999999999996
22,88149,209.38999999999996
22,88165,209.38999999999996
22,88205,209.38999999999996
22,88231,209.38999999999996
22,88247,209.38999999999996
22,88249,209.38999999999996
22,88283,209.38999999999996
22,88309,209.38999999999996
22,88311,209.38999999999996
22,88325,209.38999999999996
22,88341,209.38999999999996
22,88355,209.38999999999996
22,88371,209.38999999999996
22,88385,209.38999999999996
22,88411,209.38999999999996
22,88437,209.38999999999996
22,88451,209.38999999999996
22,88469,209.38999999999996
22,88497,209.38999999999996
22,88499,209.38999999999996
22,88513,209.38999999999996
22,88541,209.38999999999996
22,88555,209.38999999999996
22,88581,209.38999999999996
22,88607,209.38999999999996
22,88637,209.38999999999996
22,88655,209.38999999999996
22,88687,209.38999999999996
22,88719,209.38999999999996
22,88733,209.38999999999996
22,88749,209.38999999999996
22,88781,209.38999999999996
22,88797,209.38999999999996
22,88829,209.38999999999996
22,88859,209.38999999999996
22,88875,209.38999999999996
22,88889,209.38999999999996
22,88891,209.38999999999996
22,88925,209.38999999999996
22,88941,209.38999999999996
22,88955,217.41999999999987
22,88983,217.41999999999987
22,88997,217.41999999999987
22,89025,217.41999999999987
22,89041,217.41999999999987
22,89057,226.11999999999998
22,89085,226.11999999999998
22,89115,226.11999999999998
22,89141,226.11999999999998
22,89167,226.11999999999998
22,89197,226.11999999999998
22,89199,226.11999999999998
22,89213,226.11999999999998
22,89229,226.11999999999998
22,89247,226.11999999999998
22,89261,226.11999999999998
22,89275,226.11999999999998
22,89301,226.11999999999998
22,89331,226.11999999999998
22,89333,226.11999999999998
22,89359,226.11999999999998
22,89361,226.11999999999998
22,89387,226.11999999999998
22,89401,226.11999999999998
22,89429,226.11999999999998
22,89467,226.11999999999998
22,89469,226.11999999999998
22,89485,226.11999999999998
22,89487,226.11999999999998
22,89489,226.11999999999998
22,89511,226.11999999999998
22,89525,226.11999999999998
22,89541,226.11999999999998
22,89569,226.11999999999998
22,89571,226.11999999999998
22,89599,226.11999999999998
22,89627,226.11999999999998
22,89641,226.11999999999998
22,89655,226.11999999999998
22,89683,226.11999999999998
22,89717,226.11999999999998
22,89745,226.11999999999998
22,89761,226.11999999999998
22,89777,226.11999999999998
22,89805,226.11999999999998
22,89819,226.11999999999998
22,89835,226.11999999999998
22,89855,226.11999999999998
22,89869,226.11999999999998
22,89899,226.11999999999998
22,89927,226.11999999999998
22,89957,226.11999999999998
22,89983,226.11999999999998
22,89997,226.11999999999998
22,90023,226.11999999999998
22,90049,226.11999999999998
22,90075,226.11999999999998
22,90107,226.11999999999998
22,90109,226.11999999999998
22,90123,226.11999999999998
22,90137,226.11999999999998
22,90163,226.11999999999998
22,90177,226.11999999999998
22,90193,226.11999999999998
22,90207,226.11999999999998
23,80710,27.700000000000003
23,80724,40.309999999999995
23,80754,40.309999999999995
23,80784,40.309999999999995
23,80786,40.309999999999995
23,80804,40.309999999999995
23,80806,40.54000000000001
23,80826,40.54000000000001
23,80840,40.54000000000001
23,80868,41.410000000000004
23,80884,41.410000000000004
23,80886,41.410000000000004
23,80912,41.410000000000004
23,80940,41.410000000000004
23,80954,41.410000000000004
23,80982,41.410000000000004
23,80996,41.410000000000004
23,84937,41.410000000000004
23,84965,41.75999999999998
23,84985,41.75999999999998
23,84999,41.75999999999998
23,85013,41.75999999999998
23,85045,41.75999999999998
23,85073,41.75999999999998
23,85105,47.0
23,85121,47.0
23,85149,47.0
23,85179,47.0
23,85207,47.0
23,85221,47.0
23,85239,47.0
23,85267,47.0
23,85281,47.76000000000001
23,85295,47.76000000000001
23,85309,47.76000000000001
23,85325,47.76000000000001
23,85341,47.76000000000001
23,85355,47.76000000000001
23,85385,47.76000000000001
23,85399,47.76000000000001
23,85415,47.84999999999999
23,85445,47.84999999999999
23,85459,47.84999999999999
23,85487,47.84999999999999
23,85501,47.84999999999999
23,85503,47.84999999999999
23,85533,47.84999999999999
23,85547,47.84999999999999
23,85561,47.84999999999999
23,85575,47.84999999999999
23,85591,50.760000000000026
23,85605,50.760000000000026
23,85635,50.760000000000026
23,85637,50.760000000000026
23,85655,50.760000000000026
23,85671,50.760000000000026
23,85685,50.760000000000026
23,85699,50.760000000000026
23,85727,50.760000000000026
23,85759,50.760000000000026
23,85785,79.24000000000001
23,85811,79.24000000000001
23,85827,79.24000000000001
23,85843,79.24000000000001
23,85875,79.24000000000001
23,85903,79.24000000000001
23,85929,79.24000000000001
23,85943,79.24000000000001
23,85971,79.24000000000001
23,85991,79.24000000000001
23,86007,79.24000000000001
23,86021,79.24000000000001
23,86039,79.24000000000001
23,86041,79.24000000000001
23,86075,79.24000000000001
23,86077,79.24000000000001
23,86091,79.24000000000001
23,86093,79.24000000000001
23,86107,79.24000000000001
23,86109,79.24000000000001
23,86139,79.24000000000001
23,86165,79.24000000000001
23,86179,79.24000000000001
23,86207,79.24000000000001
23,86233,79.24000000000001
23,86261,79.24000000000001
23,86275,79.24000000000001
23,86303,79.24000000000001
23,86317,79.24000000000001
23,86331,79.24000000000001
23,86345,79.24000000000001
23,86359,79.24000000000001
23,86385,79.24000000000001
23,86417,79.24000000000001
23,86433,79.24000000000001
23,86447,79.24000000000001
23,86449,79.24000000000001
23,86451,79.24000000000001
23,86465,79.24000000000001
23,86479,79.24000000000001
23,86481,79.24000000000001
23,86511,79.24000000000001
23,86539,79.24000000000001
23,86571,79.24000000000001
23,86585,79.24000000000001
23,86613,79.24000000000001
23,86643,79.24000000000001
23,86659,79.24000000000001
23,86691,79.24000000000001
23,86707,79.24000000000001
23,86721,79.24000000000001
23,86757,79.24000000000001
23,86785,79.24000000000001
23,86799,79.24000000000001
23,86813,79.24000000000001
23,86815,79.24000000000001
23,86829,79.24000000000001
23,86843,79.24000000000001
23,86857,79.57000000000001
23,86895,79.57000000000001
23,86909,79.57000000000001
23,86923,79.57000000000001
23,86951,89.28999999999996
23,86977,89.28999999999996
23,86979,89.28999999999996
23,86997,89.28999999999996
23,87013,89.28999999999996
23,87043,89.28999999999996
23,87059,89.28999999999996
23,87061,89.28999999999996
23,87079,89.28999999999996
23,87105,89.28999999999996
23,87121,89.28999999999996
23,87123,89.28999999999996
23,87149,89.28999999999996
23,87167,89.28999999999996
23,87195,89.28999999999996
23,87225,89.28999999999996
23,87245,89.28999999999996
23,87275,96.86999999999998
23,87291,96.86999999999998
23,87307,96.86999999999998
23,87309,96.86999999999998
23,87311,96.86999999999998
23,87341,96.86999999999998
23,87355,96.86999999999998
23,87385,96.86999999999998
23,87399,96.86999999999998
23,87417,96.86999999999998
23,87431,96.86999999999998
23,87461,96.86999999999998
23,87487,96.86999999999998
23,87503,96.86999999999998
23,87531,96.86999999999998
23,87545,96.86999999999998
23,87559,96.86999999999998
23,87573,96.86999999999998
23,87591,96.86999999999998
23,87605,96.86999999999998
23,87621,104.69999999999996
23,87635,104.69999999999996
23,87665,104.69999999999996
23,87691,104.69999999999996
23,87719,104.69999999999996
23,87733,104.69999999999996
23,87761,104.69999999999996
23,87793,104.69999999999996
23,87821,104.69999999999996
23,87837,104.69999999999996
23,87853,104.69999999999996
23,87867,104.69999999999996
23,87881,104.69999999999996
23,87909,104.69999999999996
23,87937,104.69999999999996
23,87953,104.69999999999996
23,87983,104.69999999999996
23,88009,104.69999999999996
23,88023,104.69999999999996
23,88039,104.69999999999996
23,88053,104.69999999999996
23,88067,104.69999999999996
23,88097,105.99000000000001
23,88111,105.99000000000001
23,88127,105.99000000000001
23,88153,105.99000000000001
23,88155,105.99000000000001
23,88157,105.99000000000001
23,88171,105.99000000000001
23,88185,105.99000000000001
23,88199,105.99000000000001
23,88215,105.99000000000001
23,88229,105.99000000000001
23,88263,105.99000000000001
23,88289,105.99000000000001
23,88321,105.99000000000001
23,88335,105.99000000000001
23,88363,105.99000000000001
23,88365,105.99000000000001
23,88367,105.99000000000001
23,88383,105.99000000000001
23,88397,105.99000000000001
23,88429,105.99000000000001
23,88449,105.99000000000001
23,88463,105.99000000000001
23,88477,105.99000000000001
23,88505,105.99000000000001
23,88523,105.99000000000001
23,88539,105.99000000000001
23,88569,108.60000000000001
23,88585,108.60000000000001
23,88587,108.60000000000001
23,88603,108.60000000000001
23,88617,108.60000000000001
23,88631,108.60000000000001
23,88657,108.60000000000001
23,88687,108.60000000000001
23,88717,108.60000000000001
23,88745,108.60000000000001
23,88747,108.60000000000001
23,88749,108.60000000000001
23,88775,108.60000000000001
23,88789,108.60000000000001
23,88791,108.60000000000001
23,88823,108.60000000000001
23,88851,108.60000000000001
23,88877,108.60000000000001
23,88911,108.60000000000001
23,88937,108.60000000000001
23,88963,108.60000000000001
23,88977,108.60000000000001
23,89007,108.60000000000001
23,89035,108.60000000000001
23,89065,108.60000000000001
23,89081,108.60000000000001
23,89097,108.60000000000001
23,89123,108.60000000000001
23,89137,108.60000000000001
23,89173,108.60000000000001
23,89191,108.60000000000001
23,89205,108.60000000000001
23,89219,108.60000000000001
23,89245,108.60000000000001
23,89259,108.60000000000001
23,89287,108.60000000000001
23,89303,108.60000000000001
23,89317,108.60000000000001
23,89349,108.60000000000001
23,89365,108.60000000000001
23,89367,108.60000000000001
23,89393,108.60000000000001
23,89421,108.60000000000001
23,89437,108.60000000000001
23,89451,108.60000000000001
23,89477,108.60000000000001
23,89495,108.60000000000001
23,89497,108.60000000000001
23,89511,108.60000000000001
23,89525,113.58
23,89541,113.58
23,89557,113.58
23,89573,113.58
23,89589,113.58
23,89605,113.58
23,89619,113.58
23,89637,113.58
23,89671,113.58
23,89701,113.58
23,89715,113.58
23,89743,113.58
23,89773,113.58
23,89775,113.58
23,89803,113.58
23,89817,113.58
23,89843,113.58
23,89861,113.58
23,89877,113.58
23,89893,113.58
23,89895,113.58
23,89909,113.58
23,89941,113.58
23,89971,113.58
23,90003,113.96
23,90019,113.96
23,90021,113.96
23,90047,113.96
23,90061,113.96
23,90091,113.96
23,90119,113.96
23,90133,113.96
23,90149,113.96
23,90179,113.96
23,90193,113.96
23,90207,113.96
23,90223,113.96
23,90251,113.96
23,90265,113.96
23,90279,113.96
23,90305,113.96
23,90319,113.96
23,90349,113.96
23,90363,113.96
23,90389,114.59000000000003
23,90403,114.59000000000003
23,90417,114.59000000000003
23,90419,114.59000000000003
23,90433,114.59000000000003
23,90447,114.59000000000003
23,90461,114.59000000000003
23,90463,114.59000000000003
23,90493,114.59000000000003
23,90525,114.59000000000003
23,90545,114.59000000000003
23,90571,114.59000000000003
23,90587,114.59000000000003
23,90589,114.59000000000003
23,90621,114.59000000000003
23,90649,114.59000000000003
23,90681,114.59000000000003
24,80840,29.26999999999999
24,80854,29.32
24,80884,29.32
24,80900,29.32
24,80916,29.32
24,80934,29.32
24,80950,29.32
24,80964,29.32
24,80978,29.32
24,81006,31.710000000000004
24,81020,31.710000000000004
24,81048,31.710000000000004
24,81076,33.13000000000001
24,81104,33.429999999999986
24,81120,33.429999999999986
24,81136,33.429999999999986
24,81162,35.660000000000004
24,81164,35.660000000000004
24,81196,35.660000000000004
24,81214,35.660000000000004
24,81230,35.660000000000004
24,81250,37.300000000000004
24,85273,37.300000000000004
24,85289,37.300000000000004
24,85315,39.92
24,85329,39.92
24,85343,39.92
24,85357,39.92
24,85373,39.92
24,85399,46.709999999999994
24,85401,46.709999999999994
24,85415,46.709999999999994
24,85447,46.709999999999994
24,85475,46.709999999999994
24,85491,46.709999999999994
24,85519,46.709999999999994
24,85547,46.709999999999994
24,85549,46.709999999999994
24,85583,46.709999999999994
24,85609,46.709999999999994
24,85627,46.709999999999994
24,85629,46.709999999999994
24,85645,46.709999999999994
24,85661,46.709999999999994
24,85679,46.709999999999994
24,85681,46.709999999999994
24,85697,46.709999999999994
24,85715,46.709999999999994
24,85717,46.709999999999994
24,85749,46.709999999999994
24,85763,49.169999999999995
24,85779,49.169999999999995
24,85805,49.169999999999995
24,85821,49.169999999999995
24,85847,49.169999999999995
24,85849,49.169999999999995
24,85877,49.169999999999995
24,85905,52.25999999999997
24,85919,52.25999999999997
24,85947,52.25999999999997
24,85977,52.25999999999997
24,85991,53.23999999999998
24,86021,53.23999999999998
24,86035,53.23999999999998
24,86051,53.23999999999998
24,86077,61.32
24,86091,61.32
24,86105,61.32
24,86119,61.32
24,86133,61.32
24,86161,61.32
24,86177,61.32
24,86191,61.32
24,86205,78.88999999999997
24,86219,78.88999999999997
24,86235,78.88999999999997
24,86261,78.88999999999997
24,86287,78.88999999999997
24,86301,78.88999999999997
24,86329,78.88999999999997
24,86343,78.88999999999997
24,86371,78.88999999999997
24,86385,78.88999999999997
24,86401,78.88999999999997
24,86427,78.88999999999997
24,86441,78.88999999999997
24,86471,78.88999999999997
24,86487,78.88999999999997
24,86519,78.88999999999997
24,86535,78.88999999999997
24,86549,78.88999999999997
24,86581,78.88999999999997
24,86595,78.88999999999997
24,86609,78.88999999999997
24,86635,78.88999999999997
24,86667,78.88999999999997
24,86685,78.88999999999997
24,86711,78.88999999999997
24,86727,78.88999999999997
24,86747,78.88999999999997
24,86761,80.44
24,86787,80.44
24,86801,80.44
24,86803,80.44
24,86819,80.44
24,86833,80.44
24,86849,80.44
24,86865,80.44
24,86893,80.44
24,86925,80.44
24,86951,80.44
24,86977,80.44
24,86991,80.44
24,87005,80.44
24,87033,80.44
24,87059,80.44
24,87089,80.44
24,87091,80.44
24,87107,80.44
24,87133,80.44
24,87163,80.44
24,87177,80.44
24,87205,80.44
24,87237,80.44
24,87251,80.44
24,87277,80.44
24,87305,80.44
24,87319,80.44
24,87335,80.44
24,87353,80.44
24,87367,80.44
24,87397,80.44
24,87411,80.44
24,87439,80.44
24,87453,85.89
24,87455,85.89
24,87469,85.89
24,87483,85.89
24,87497,85.89
24,87499,85.89
24,87515,85.89
24,87533,85.89
24,87547,85.89
24,87573,85.89
24,87601,85.89
24,87615,85.89
24,87629,85.89
24,87659,101.82999999999997
24,87661,101.82999999999997
24,87675,101.82999999999997
24,87693,101.82999999999997
24,87709,101.82999999999997
24,87735,101.82999999999997
24,87765,101.82999999999997
24,87783,101.82999999999997
24,87785,101.82999999999997
24,87817,101.82999999999997
24,87819,101.82999999999997
24,87837,101.82999999999997
24,87865,101.82999999999997
24,87893,101.82999999999997
24,87907,101.82999999999997
24,87923,101.82999999999997
24,87939,101.82999999999997
24,87971,101.82999999999997
24,87985,101.82999999999997
24,88013,101.82999999999997
24,88039,101.82999999999997
24,88067,101.82999999999997
24,88069,101.82999999999997
24,88083,101.82999999999997
24,88085,101.82999999999997
24,88113,101.82999999999997
24,88115,101.82999999999997
24,88129,101.82999999999997
24,88143,101.82999999999997
24,88169,101.82999999999997
24,88187,101.82999999999997
24,88213,101.82999999999997
24,88215,101.82999999999997
24,88217,101.82999999999997
24,88219,101.82999999999997
24,88235,101.82999999999997
24,88261,101.82999999999997
24,88277,101.82999999999997
24,88291,101.82999999999997
24,88307,101.82999999999997
24,88333,101.82999999999997
24,88349,101.82999999999997
24,88363,101.82999999999997
24,88393,101.82999999999997
24,88409,101.82999999999997
24,88411,101.82999999999997
24,88413,101.82999999999997
24,88427,101.82999999999997
24,88441,101.82999999999997
24,88457,101.82999999999997
24,88471,101.82999999999997
24,88485,101.82999999999997
24,88503,101.82999999999997
24,88517,101.82999999999997
24,88531,101.82999999999997
24,88557,101.82999999999997
24,88559,101.82999999999997
24,88585,101.82999999999997
24,88599,101.82999999999997
24,88613,101.82999999999997
24,88615,101.82999999999997
24,88641,101.82999999999997
24,88671,101.82999999999997
24,88701,101.82999999999997
24,88715,101.82999999999997
24,88731,101.82999999999997
24,88759,101.82999999999997
24,88787,101.82999999999997
24,88817,101.82999999999997
24,88847,101.82999999999997
24,88863,101.82999999999997
24,88865,101.82999999999997
24,88893,101.82999999999997
24,88909,101.82999999999997
24,88935,101.82999999999997
24,88951,101.82999999999997
24,88983,101.82999999999997
24,88999,101.82999999999997
24,89031,101.82999999999997
24,89045,101.82999999999997
24,89063,101.82999999999997
24,89077,101.82999999999997
24,89105,101.82999999999997
24,89121,101.82999999999997
24,89151,101.82999999999997
24,89167,101.82999999999997
24,89169,101.82999999999997
24,89203,101.82999999999997
24,89235,101.82999999999997
24,89251,101.82999999999997
24,89265,101.82999999999997
24,89293,101.82999999999997
24,89309,101.82999999999997
24,89311,101.82999999999997
24,89313,101.82999999999997
24,89339,101.82999999999997
24,89365,101.82999999999997
24,89393,101.82999999999997
24,89423,101.82999999999997
24,89425,101.82999999999997
24,89451,101.82999999999997
24,89467,101.82999999999997
24,89495,101.82999999999997
24,89509,101.82999999999997
24,89541,101.82999999999997
24,89571,101.82999999999997
24,89589,101.82999999999997
24,89605,101.82999999999997
24,89619,101.82999999999997
24,89637,101.82999999999997
24,89653,101.82999999999997
24,89681,101.82999999999997
24,89707,101.82999999999997
24,89743,101.82999999999997
24,89769,101.82999999999997
24,89771,101.82999999999997
24,89785,106.17999999999998
24,89787,106.17999999999998
24,89801,106.17999999999998
24,89815,106.17999999999998
24,89845,106.17999999999998
24,89863,106.17999999999998
24,89889,106.17999999999998
24,89891,106.17999999999998
24,89919,106.17999999999998
24,89935,106.17999999999998
24,89951,106.17999999999998
24,89965,106.17999999999998
24,89981,106.17999999999998
24,90009,106.17999999999998
24,90023,106.17999999999998
24,90053,106.17999999999998
24,90079,106.17999999999998
24,90107,106.17999999999998
24,90125,106.17999999999998
24,90139,106.17999999999998
24,90153,106.17999999999998
24,90167,106.17999999999998
24,90193,106.17999999999998
24,90223,106.17999999999998
24,90239,106.17999999999998
24,90253,106.17999999999998
24,90279,108.36999999999999
24,90311,108.36999999999999
24,90347,108.36999999999999
24,90361,108.36999999999999
24,90375,108.36999999999999
24,90389,108.36999999999999
24,90411,108.36999999999999
24,90437,108.36999999999999
24,90465,108.36999999999999
24,90479,108.36999999999999
24,90495,108.36999999999999
24,90511,108.36999999999999
24,90537,108.36999999999999
24,90555,108.36999999999999
24,90587,108.36999999999999
24,90613,108.36999999999999
24,90643,108.36999999999999
24,90657,108.36999999999999
24,90675,108.36999999999999
24,90689,108.36999999999999
24,90691,108.36999999999999
24,90693,108.36999999999999
24,90723,108.36999999999999
24,90737,108.36999999999999
24,90763,108.36999999999999
24,90793,108.36999999999999
24,90823,108.36999999999999
25,80516,33.80999999999999
25,80530,37.71
25,80560,37.71
25,80574,39.68999999999998
25,80588,39.68999999999998
25,84645,42.94
25,84661,42.94
25,84689,42.94
25,84723,46.88000000000001
25,84753,46.88000000000001
25,84767,46.88000000000001
25,84795,46.88000000000001
25,84797,46.88000000000001
25,84813,46.88000000000001
25,84827,46.88000000000001
25,84863,46.88000000000001
25,84889,46.88000000000001
25,84903,46.88000000000001
25,84931,46.88000000000001
25,84945,46.88000000000001
25,84961,46.88000000000001
25,84963,46.88000000000001
25,84993,46.88000000000001
25,85025,46.88000000000001
25,85039,46.88000000000001
25,85053,46.88000000000001
25,85081,46.88000000000001
25,85095,57.64000000000002
25,85113,57.64000000000002
25,85127,57.64000000000002
25,85145,57.64000000000002
25,85171,57.64000000000002
25,85173,57.64000000000002
25,85175,57.64000000000002
25,85207,57.64000000000002
25,85235,57.64000000000002
25,85265,57.64000000000002
25,85295,57.64000000000002
25,85311,57.64000000000002
25,85327,57.64000000000002
25,85343,57.64000000000002
25,85373,57.64000000000002
25,85391,57.64000000000002
25,85417,57.64000000000002
25,85443,57.64000000000002
25,85457,57.64000000000002
25,85459,57.64000000000002
25,85473,57.64000000000002
25,85505,57.64000000000002
25,85519,57.64000000000002
25,85545,63.19
25,85547,63.19
25,85573,63.19
25,85599,78.54999999999995
25,85617,78.54999999999995
25,85647,78.54999999999995
25,85667,78.54999999999995
25,85695,78.54999999999995
25,85709,78.54999999999995
25,85711,78.54999999999995
25,85743,78.54999999999995
25,85759,78.54999999999995
25,85785,78.54999999999995
25,85815,78.54999999999995
25,85843,78.54999999999995
25,85869,78.54999999999995
25,85871,78.54999999999995
25,85885,78.54999999999995
25,85887,78.54999999999995
25,85915,78.54999999999995
25,85933,78.54999999999995
25,85947,78.54999999999995
25,85949,78.54999999999995
25,85963,78.54999999999995
25,85977,78.54999999999995
25,86007,78.54999999999995
25,86009,78.54999999999995
25,86023,78.54999999999995
25,86039,78.54999999999995
25,86041,78.54999999999995
25,86043,78.54999999999995
25,86071,83.45000000000003
25,86087,83.45000000000003
25,86103,83.45000000000003
25,86117,83.45000000000003
25,86143,83.45000000000003
25,86159,83.45000000000003
25,86173,93.25999999999998
25,86175,93.25999999999998
25,86189,93.25999999999998
25,86217,93.25999999999998
25,86231,93.25999999999998
25,86247,93.25999999999998
25,86249,93.25999999999998
25,86263,93.25999999999998
25,86281,93.25999999999998
25,86295,93.25999999999998
25,86313,95.65999999999998
25,86329,95.65999999999998
25,86357,95.65999999999998
25,86359,95.65999999999998
25,86361,95.65999999999998
25,86375,95.65999999999998
25,86389,95.65999999999998
25,86403,95.65999999999998
25,86431,95.65999999999998
25,86445,95.65999999999998
25,86473,95.65999999999998
25,86489,95.65999999999998
25,86503,95.65999999999998
25,86529,95.65999999999998
25,86557,95.65999999999998
25,86571,95.65999999999998
25,86589,95.65999999999998
25,86615,100.37
25,86629,100.37
25,86657,100.37
25,86659,100.37
25,86687,100.37
25,86703,100.37
25,86717,100.37
25,86733,100.37
25,86759,100.37
25,86773,100.37
25,86787,100.37
25,86805,100.37
25,86819,100.37
25,86835,100.37
25,86851,100.37
25,86871,100.37
25,86899,100.37
25,86913,100.37
25,86945,100.37
25,86959,100.37
25,86973,100.37
25,86987,100.37
25,87005,100.37
25,87019,100.37
25,87033,100.37
25,87063,103.97
25,87093,103.97
25,87119,103.97
25,87121,103.97
25,87149,103.97
25,87163,103.97
25,87193,103.97
25,87223,103.97
25,87239,103.97
25,87255,103.97
25,87285,103.97
25,87299,103.97
25,87313,103.97
25,87339,103.97
25,87371,103.97
25,87373,104.96000000000005
25,87399,104.96000000000005
25,87427,104.96000000000005
25,87443,104.96000000000005
25,87469,104.96000000000005
25,87489,104.96000000000005
25,87503,104.96000000000005
25,87519,104.96000000000005
25,87533,104.96000000000005
25,87559,104.96000000000005
25,87589,104.96000000000005
25,87591,104.96000000000005
25,87609,104.96000000000005
25,87623,104.96000000000005
25,87653,104.96000000000005
25,87681,104.96000000000005
25,87697,117.84000000000002
25,87715,117.84000000000002
25,87743,117.84000000000002
25,87775,117.84000000000002
25,87777,117.84000000000002
25,87805,117.84000000000002
25,87831,117.84000000000002
25,87847,117.84000000000002
25,87877,117.84000000000002
25,87905,117.84000000000002
25,87935,117.84000000000002
25,87949,119.20000000000003
25,87981,119.20000000000003
25,87995,119.20000000000003
25,88027,119.20000000000003
25,88029,119.20000000000003
25,88057,119.20000000000003
25,88083,119.20000000000003
25,88097,119.20000000000003
25,88129,119.20000000000003
25,88157,119.20000000000003
25,88187,128.72
25,88203,128.72
25,88217,128.72
25,88233,128.72
25,88261,128.72
25,88279,128.72
25,88293,128.72
25,88307,128.72
25,88335,128.72
25,88349,128.72
25,88375,128.72
25,88377,128.72
25,88379,128.72
25,88405,128.72
25,88423,144.3400000000001
25,88439,144.3400000000001
25,88467,144.3400000000001
25,88485,144.3400000000001
25,88487,144.3400000000001
25,88515,144.3400000000001
25,88541,144.3400000000001
25,88559,144.3400000000001
25,88587,144.3400000000001
25,88613,144.3400000000001
25,88639,144.3400000000001
25,88669,144.3400000000001
25,88671,144.3400000000001
25,88673,144.3400000000001
25,88687,144.3400000000001
25,88713,144.3400000000001
25,88729,144.3400000000001
25,88743,144.3400000000001
25,88757,144.3400000000001
25,88783,144.3400000000001
25,88799,154.29000000000002
25,88801,154.29000000000002
25,88815,154.29000000000002
25,88829,154.29000000000002
25,88843,154.29000000000002
25,88857,154.29000000000002
25,88859,154.29000000000002
25,88887,154.29000000000002
25,88907,154.29000000000002
25,88921,154.29000000000002
25,88935,154.29000000000002
25,88949,158.09
25,88965,158.09
25,88979,158.09
25,89011,158.09
25,89039,158.09
25,89065,158.09
25,89067,158.09
25,89095,158.09
25,89113,158.09
25,89127,158.09
25,89153,158.09
25,89183,158.09
25,89199,158.09
25,89225,158.09
25,89239,158.09
25,89255,158.09
25,89287,158.09
25,89301,158.09
25,89317,158.09
25,89347,158.09
25,89361,158.09
25,89379,158.09
25,89405,158.09
25,89431,158.09
25,89457,158.09
25,89459,158.09
25,89473,158.09
25,89503,158.09
25,89505,158.09
25,89533,158.09
25,89551,158.09
25,89553,158.09
25,89569,158.09
25,89585,158.09
25,89599,158.09
25,89629,158.09
25,89647,158.09
25,89673,158.09
25,89687,158.09
25,89713,158.09
25,89741,158.09
25,89767,158.09
25,89781,158.09
25,89795,158.09
25,89811,158.09
25,89813,158.09
25,89827,159.96
25,89829,159.96
25,89843,159.96
25,89857,159.96
25,89859,159.96
25,89875,159.96
25,89901,159.96
25,89903,159.96
25,89917,159.96
25,89943,159.96
25,89969,159.96
25,89985,159.96
25,89987,159.96
25,89989,159.96
25,90003,159.96
25,90017,159.96
25,90045,159.96
25,90059,163.96000000000006
25,90085,163.96000000000006
25,90099,163.96000000000006
25,90113,163.96000000000006
25,90141,163.96000000000006
25,90167,163.96000000000006
25,90195,163.96000000000006
25,90197,169.31
25,90223,169.31
25,90251,169.31
25,90277,169.31
25,90309,169.31
25,90323,169.31
25,90349,169.31
25,90351,169.31
25,90365,169.31
25,90395,169.31
25,90425,169.31
25,90427,169.31
25,90443,169.31
25,90471,169.31
25,90485,169.31
25,90501,169.31
25,90533,169.31
26,80322,29.21999999999999
26,80350,35.09000000000001
26,80378,35.09000000000001
26,80394,35.09000000000001
26,80396,35.09000000000001
26,80410,35.09000000000001
26,80436,35.09000000000001
26,80468,35.09000000000001
26,80486,36.110000000000014
26,84589,36.110000000000014
26,84617,36.110000000000014
26,84643,37.28999999999999
26,84659,38.10999999999999
26,84687,44.009999999999984
26,84705,44.009999999999984
26,84719,44.009999999999984
26,84735,44.009999999999984
26,84763,44.009999999999984
26,84791,44.009999999999984
26,84817,55.95000000000001
26,84833,55.95000000000001
26,84847,55.95000000000001
26,84849,55.95000000000001
26,84863,55.95000000000001
26,84893,55.95000000000001
26,84909,55.95000000000001
26,84935,55.95000000000001
26,84937,55.95000000000001
26,84953,55.95000000000001
26,84983,55.95000000000001
26,85021,55.95000000000001
26,85023,55.95000000000001
26,85049,55.95000000000001
26,85063,55.95000000000001
26,85089,55.95000000000001
26,85123,55.95000000000001
26,85125,55.95000000000001
26,85143,55.95000000000001
26,85145,55.95000000000001
26,85147,58.58000000000001
26,85183,58.58000000000001
26,85185,58.58000000000001
26,85187,58.58000000000001
26,85203,58.58000000000001
26,85233,58.58000000000001
26,85247,58.58000000000001
26,85261,58.58000000000001
26,85287,58.58000000000001
26,85315,58.58000000000001
26,85329,58.58000000000001
26,85345,58.58000000000001
26,85359,58.58000000000001
26,85385,58.58000000000001
26,85401,58.58000000000001
26,85431,58.58000000000001
26,85457,60.57000000000001
26,85471,60.57000000000001
26,85497,60.57000000000001
26,85523,60.57000000000001
26,85539,60.57000000000001
26,85553,60.57000000000001
26,85571,60.57000000000001
26,85601,60.57000000000001
26,85637,60.57000000000001
26,85653,60.57000000000001
26,85673,60.57000000000001
26,85689,60.57000000000001
26,85719,60.57000000000001
26,85735,60.57000000000001
26,85749,62.86
26,85765,62.86
26,85779,62.86
26,85793,62.86
26,85819,62.86
26,85835,62.86
26,85865,62.86
26,85867,62.86
26,85869,62.86
26,85895,62.86
26,85909,66.11999999999999
26,85937,66.11999999999999
26,85951,66.11999999999999
26,85981,66.11999999999999
26,85983,66.11999999999999
26,85997,66.11999999999999
26,86027,66.11999999999999
26,86059,85.21999999999997
26,86075,85.21999999999997
26,86089,102.7
26,86091,102.7
26,86107,102.7
26,86137,102.7
26,86165,102.7
26,86183,102.7
26,86209,102.7
26,86211,102.7
26,86213,102.7
26,86229,102.7
26,86243,102.7
26,86271,102.7
26,86285,102.7
26,86299,102.7
26,86313,102.7
26,86315,102.7
26,86331,102.7
26,86347,102.7
26,86349,102.7
26,86363,102.7
26,86379,102.7
26,86405,102.7
26,86433,102.7
26,86461,102.7
26,86495,102.7
26,86511,102.7
26,86541,102.7
26,86559,102.7
26,86575,102.7
26,86593,102.7
26,86607,102.7
26,86635,102.7
26,86649,102.7
26,86665,102.7
26,86691,102.7
26,86707,102.7
26,86739,102.7
26,86741,102.7
26,86755,102.7
26,86769,102.7
26,86771,102.7
26,86797,102.7
26,86825,102.7
26,86839,102.7
26,86853,102.7
26,86885,102.7
26,86911,102.7
26,86927,102.7
26,86943,102.7
26,86945,102.7
26,86971,102.7
26,86985,102.7
26,87011,102.7
26,87037,102.7
26,87055,102.7
26,87069,102.7
26,87083,102.7
26,87097,102.7
26,87125,102.7
26,87153,102.7
26,87169,102.7
26,87195,102.7
26,87209,102.7
26,87223,113.63
26,87237,113.63
26,87263,113.63
26,87277,113.63
26,87291,113.63
26,87317,113.63
26,87331,113.63
26,87349,113.63
26,87379,113.63
26,87397,113.63
26,87399,113.63
26,87401,113.63
26,87435,113.63
26,87461,113.63
26,87477,113.63
26,87491,113.63
26,87507,113.63
26,87509,113.63
26,87511,113.63
26,87543,113.63
26,87577,113.63
26,87591,113.63
26,87605,113.63
26,87637,113.63
26,87639,113.63
26,87655,113.63
26,87669,113.63
26,87683,113.63
26,87697,113.63
26,87711,113.63
26,87725,113.63
26,87739,113.63
26,87771,113.63
26,87799,113.63
26,87825,117.82
26,87851,117.82
26,87865,117.82
26,87881,117.82
26,87883,117.82
26,87911,117.82
26,87927,117.82
26,87959,117.82
26,87973,118.72999999999999
26,87991,118.72999999999999
26,88005,118.72999999999999
26,88031,118.72999999999999
26,88061,118.72999999999999
26,88079,118.72999999999999
26,88081,118.72999999999999
26,88095,118.72999999999999
26,88121,118.72999999999999
26,88151,118.72999999999999
26,88177,129.1
26,88179,129.1
26,88207,129.1
26,88221,129.1
26,88235,129.1
26,88249,129.1
26,88275,129.1
26,88289,129.1
26,88317,129.1
26,88333,129.1
26,88349,129.1
26,88375,129.1
26,88389,129.1
26,88403,129.1
26,88435,129.1
26,88449,129.1
26,88465,129.1
26,88483,129.1
26,88509,129.1
26,88525,129.1
26,88545,129.1
26,88559,129.1
26,88585,129.1
26,88601,129.1
26,88615,129.1
26,88643,129.1
26,88675,129.1
26,88703,129.1
26,88717,129.1
26,88731,129.1
26,88733,129.1
26,88747,129.1
26,88761,129.1
26,88787,129.1
26,88789,129.1
26,88819,129.1
26,88847,129.1
26,88873,129.1
26,88901,129.1
26,88927,129.1
26,88953,129.1
26,88969,129.1
26,88983,129.1
26,89015,129.1
26,89031,129.1
26,89045,129.1
26,89061,129.1
26,89075,129.1
26,89089,129.1
26,89091,129.1
26,89105,129.1
26,89121,129.1
26,89137,129.1
26,89163,129.1
26,89179,129.1
26,89209,129.1
26,89211,129.1
26,89213,129.1
26,89215,129.1
26,89229,129.1
26,89243,129.1
26,89259,129.1
26,89261,129.1
26,89287,129.1
26,89313,129.1
26,89341,129.1
26,89355,129.1
26,89357,129.1
26,89371,129.1
26,89385,129.1
26,89417,129.1
26,89419,129.1
26,89433,129.1
26,89459,129.1
26,89473,129.1
26,89499,129.1
26,89513,129.1
26,89531,129.1
26,89533,129.1
26,89535,129.1
26,89549,129.1
26,89581,129.1
26,89607,129.1
26,89641,129.1
26,89659,129.1
26,89675,129.1
26,89689,129.1
26,89715,129.1
26,89745,129.1
26,89773,129.1
26,89801,129.1
26,89815,129.1
26,89845,129.1
26,89847,129.1
26,89861,129.1
26,89877,129.1
26,89891,129.1
26,89905,129.1
26,89919,129.1
26,89935,129.1
26,89951,129.1
26,89981,129.1
26,90009,129.1
26,90025,129.1
26,90027,136.14999999999992
26,90043,136.14999999999992
26,90061,136.14999999999992
26,90079,136.14999999999992
26,90093,136.14999999999992
26,90107,136.14999999999992
26,90133,136.14999999999992
26,90147,136.14999999999992
26,90163,136.14999999999992
26,90177,136.14999999999992
26,90193,136.14999999999992
26,90209,136.14999999999992
26,90239,136.14999999999992
26,90241,136.14999999999992
26,90255,136.14999999999992
26,90281,136.14999999999992
26,90295,136.14999999999992
26,90309,136.14999999999992
26,90335,136.14999999999992
27,80714,28.02999999999999
27,80734,28.02999999999999
27,80762,28.19
27,80790,32.87999999999999
27,80804,42.47000000000003
27,80818,43.51000000000001
27,84909,43.51000000000001
27,84937,43.51000000000001
27,84969,43.51000000000001
27,84971,43.51000000000001
27,84987,43.51000000000001
27,85001,57.089999999999996
27,85031,57.089999999999996
27,85061,61.630000000000024
27,85089,61.630000000000024
27,85103,61.630000000000024
27,85117,61.630000000000024
27,85131,61.630000000000024
27,85145,61.630000000000024
27,85163,61.630000000000024
27,85177,61.630000000000024
27,85193,61.630000000000024
27,85219,61.630000000000024
27,85249,61.630000000000024
27,85279,71.62
27,85293,71.62
27,85295,71.62
27,85323,71.62
27,85349,71.62
27,85365,71.62
27,85393,71.62
27,85421,71.62
27,85423,71.62
27,85437,71.62
27,85451,71.62
27,85481,71.62
27,85497,71.62
27,85499,71.62
27,85527,71.62
27,85555,71.62
27,85573,71.62
27,85605,71.62
27,85619,71.62
27,85633,71.62
27,85661,71.62
27,85675,71.62
27,85677,71.62
27,85691,71.62
27,85705,71.62
27,85721,71.62
27,85747,248.37
27,85775,248.37
27,85789,248.37
27,85815,248.37
27,85845,248.37
27,85873,248.37
27,85899,248.37
27,85927,248.37
27,85957,248.37
27,85971,248.37
27,85987,248.37
27,85989,248.37
27,86017,248.37
27,86033,248.37
27,86059,248.37
27,86087,248.37
27,86113,248.37
27,86143,248.37
27,86161,248.37
27,86191,248.37
27,86209,248.37
27,86227,250.13000000000005
27,86243,250.13000000000005
27,86245,250.13000000000005
27,86259,250.13000000000005
27,86285,254.76999999999998
27,86311,254.76999999999998
27,86327,258.55
27,86359,258.55
27,86373,258.55
27,86401,258.55
27,86403,258.55
27,86419,258.55
27,86449,258.55
27,86463,258.55
27,86489,258.55
27,86491,258.55
27,86519,258.55
27,86533,258.55
27,86559,258.55
27,86587,258.55
27,86615,258.55
27,86629,258.55
27,86657,258.55
27,86683,258.55
27,86697,258.55
27,86713,258.55
27,86741,258.55
27,86773,258.55
27,86791,258.55
27,86819,258.55
27,86821,258.55
27,86823,258.55
27,86837,258.55
27,86865,258.55
27,86879,258.55
27,86893,258.55
27,86907,259.03000000000003
27,86909,259.03000000000003
27,86911,259.03000000000003
27,86925,259.03000000000003
27,86951,259.03000000000003
27,86977,259.03000000000003
27,87005,259.03000000000003
27,87019,259.03000000000003
27,87035,259.03000000000003
27,87037,259.03000000000003
27,87067,259.03000000000003
27,87093,259.03000000000003
27,87107,259.03000000000003
27,87135,259.03000000000003
27,87153,259.03000000000003
27,87169,259.03000000000003
27,87197,259.03000000000003
27,87211,259.03000000000003
27,87225,259.03000000000003
27,87251,264.61000000000007
27,87267,264.61000000000007
27,87281,264.61000000000007
27,87283,264.61000000000007
27,87285,264.61000000000007
27,87315,264.61000000000007
27,87329,264.61000000000007
27,87345,264.61000000000007
27,87359,264.61000000000007
27,87389,264.61000000000007
27,87391,264.61000000000007
27,87423,264.61000000000007
27,87439,264.61000000000007
27,87467,264.61000000000007
27,87469,264.61000000000007
27,87483,264.61000000000007
27,87505,264.61000000000007
27,87531,264.61000000000007
27,87547,264.61000000000007
27,87577,264.61000000000007
27,87591,264.61000000000007
27,87623,264.61000000000007
27,87637,264.61000000000007
27,87665,264.61000000000007
27,87681,264.61000000000007
27,87707,264.61000000000007
27,87709,264.61000000000007
27,87723,264.61000000000007
27,87751,264.61000000000007
27,87765,264.61000000000007
27,87781,264.61000000000007
27,87795,264.61000000000007
27,87823,264.61000000000007
27,87849,264.61000000000007
27,87875,264.61000000000007
27,87889,264.61000000000007
27,87903,264.61000000000007
27,87917,264.61000000000007
27,87947,264.61000000000007
27,87963,264.61000000000007
27,87979,264.61000000000007
27,87995,264.61000000000007
27,88027,264.61000000000007
27,88043,264.61000000000007
27,88061,264.61000000000007
27,88077,264.61000000000007
27,88111,264.61000000000007
27,88127,264.61000000000007
27,88155,264.61000000000007
27,88169,264.61000000000007
27,88185,264.61000000000007
27,88201,264.61000000000007
27,88217,264.61000000000007
27,88245,264.61000000000007
27,88261,264.61000000000007
27,88287,264.61000000000007
27,88301,264.61000000000007
27,88303,264.61000000000007
27,88337,264.61000000000007
27,88339,264.61000000000007
27,88353,264.61000000000007
27,88367,274.5299999999999
27,88393,274.5299999999999
27,88419,274.5299999999999
27,88445,274.5299999999999
27,88471,274.5299999999999
27,88473,274.5299999999999
27,88491,274.5299999999999
27,88509,274.5299999999999
27,88511,274.5299999999999
27,88525,274.5299999999999
27,88553,274.5299999999999
27,88555,274.5299999999999
27,88583,274.5299999999999
27,88597,274.5299999999999
27,88623,274.5299999999999
27,88653,274.5299999999999
27,88667,274.5299999999999
27,88695,274.5299999999999
27,88709,274.5299999999999
27,88725,274.5299999999999
27,88753,274.5299999999999
27,88767,274.5299999999999
27,88781,274.5299999999999
27,88797,274.5299999999999
27,88825,274.5299999999999
27,88843,274.5299999999999
27,88871,274.5299999999999
27,88901,274.5299999999999
27,88931,274.5299999999999
27,88967,274.5299999999999
27,88993,274.5299999999999
27,89009,274.5299999999999
27,89011,274.5299999999999
27,89029,274.5299999999999
27,89043,274.5299999999999
27,89045,274.5299999999999
27,89059,274.5299999999999
27,89073,274.5299999999999
27,89087,274.5299999999999
27,89113,274.5299999999999
27,89129,274.5299999999999
27,89143,274.5299999999999
27,89145,274.5299999999999
27,89159,274.5299999999999
27,89173,274.5299999999999
27,89201,274.5299999999999
27,89203,274.5299999999999
27,89219,274.5299999999999
27,89233,276.29
27,89249,276.29
27,89251,276.29
27,89253,276.29
27,89287,276.29
27,89289,276.29
27,89303,276.29
27,89317,276.29
27,89333,276.29
27,89347,276.29
27,89363,276.29
27,89395,276.29
27,89433,276.29
27,89447,276.29
27,89473,276.29
27,89487,276.29
27,89501,276.29
27,89515,276.29
27,89531,276.29
27,89533,276.29
27,89547,276.29
27,89561,276.29
27,89577,276.29
27,89579,276.29
27,89595,276.29
27,89623,276.29
27,89639,276.29
27,89641,276.29
27,89671,276.29
27,89699,276.29
27,89713,276.29
27,89747,276.29
27,89763,276.29
27,89779,276.29
27,89807,276.29
27,89837,276.29
27,89867,276.29
27,89881,276.29
27,89883,276.29
27,89909,276.29
27,89923,276.29
27,89951,276.29
27,89979,276.29
27,90009,276.29
27,90025,276.29
27,90027,276.29
27,90055,276.29
27,90085,276.29
27,90101,276.29
27,90103,277.43000000000006
27,90117,277.43000000000006
27,90119,277.43000000000006
27,90145,277.43000000000006
27,90147,277.43000000000006
27,90163,277.43000000000006
27,90189,277.43000000000006
27,90203,277.43000000000006
27,90219,277.43000000000006
27,90247,277.43000000000006
27,90273,277.43000000000006
27,90289,277.43000000000006
27,90291,277.43000000000006
27,90319,277.43000000000006
27,90321,277.43000000000006
27,90349,277.43000000000006
27,90379,277.43000000000006
27,90405,277.43000000000006
27,90433,277.43000000000006
27,90447,277.43000000000006
27,90473,277.43000000000006
27,90487,277.43000000000006
27,90515,277.43000000000006
27,90529,277.43000000000006
27,90543,277.43000000000006
27,90557,277.43000000000006
27,90559,277.43000000000006
27,90587,277.43000000000006
27,90605,277.43000000000006
27,90619,277.43000000000006
27,90621,277.43000000000006
27,90651,277.43000000000006
27,90667,277.43000000000006
27,90669,277.43000000000006
27,90687,277.43000000000006
27,90713,277.43000000000006
28,80614,33.699999999999996
28,80616,33.699999999999996
28,80646,33.699999999999996
28,80648,33.699999999999996
28,80674,37.249999999999986
28,80690,39.30999999999999
28,80718,39.30999999999999
28,80738,39.30999999999999
28,80754,39.30999999999999
28,80768,39.30999999999999
28,80796,39.30999999999999
28,80810,39.30999999999999
28,80838,39.30999999999999
28,80852,41.79000000000001
28,84815,41.79000000000001
28,84841,41.79000000000001
28,84879,41.79000000000001
28,84881,41.95
28,84895,41.95
28,84923,41.95
28,84951,53.349999999999994
28,84977,72.85000000000005
28,84991,72.85000000000005
28,85005,72.85000000000005
28,85019,72.85000000000005
28,85045,72.85000000000005
28,85047,72.85000000000005
28,85049,72.85000000000005
28,85051,72.85000000000005
28,85071,72.85000000000005
28,85097,72.85000000000005
28,85115,72.85000000000005
28,85131,72.85000000000005
28,85147,72.85000000000005
28,85149,72.85000000000005
28,85165,72.85000000000005
28,85181,72.85000000000005
28,85195,76.78000000000003
28,85221,76.78000000000003
28,85235,76.78000000000003
28,85251,76.78000000000003
28,85279,76.78000000000003
28,85305,76.78000000000003
28,85331,76.78000000000003
28,85347,76.78000000000003
28,85373,76.78000000000003
28,85387,76.78000000000003
28,85401,76.78000000000003
28,85427,76.78000000000003
28,85457,76.78000000000003
28,85471,86.90000000000003
28,85485,86.90000000000003
28,85487,86.90000000000003
28,85489,86.90000000000003
28,85521,86.90000000000003
28,85537,86.90000000000003
28,85553,86.90000000000003
28,85571,86.90000000000003
28,85599,86.90000000000003
28,85601,86.90000000000003
28,85617,86.90000000000003
28,85637,86.90000000000003
28,85665,86.90000000000003
28,85679,86.90000000000003
28,85707,86.90000000000003
28,85733,86.90000000000003
28,85767,86.90000000000003
28,85793,86.90000000000003
28,85807,86.90000000000003
28,85823,86.90000000000003
28,85853,86.90000000000003
28,85881,86.90000000000003
28,85909,86.90000000000003
28,85937,86.90000000000003
28,85963,86.90000000000003
28,85981,86.90000000000003
28,85983,86.90000000000003
28,85985,86.90000000000003
28,85987,86.90000000000003
28,86001,86.90000000000003
28,86017,86.90000000000003
28,86033,86.90000000000003
28,86059,86.90000000000003
28,86061,86.90000000000003
28,86089,86.90000000000003
28,86105,86.90000000000003
28,86119,86.90000000000003
28,86147,86.90000000000003
28,86173,86.90000000000003
28,86201,86.90000000000003
28,86215,86.90000000000003
28,86229,86.90000000000003
28,86243,86.90000000000003
28,86273,86.90000000000003
28,86289,86.90000000000003
28,86305,86.90000000000003
28,86321,86.90000000000003
28,86345,86.90000000000003
28,86347,86.90000000000003
28,86349,86.90000000000003
28,86377,86.90000000000003
28,86391,86.90000000000003
28,86419,86.90000000000003
28,86433,86.90000000000003
28,86459,86.90000000000003
28,86485,86.90000000000003
28,86501,86.90000000000003
28,86529,86.90000000000003
28,86545,86.90000000000003
28,86559,86.90000000000003
28,86589,86.90000000000003
28,86615,86.90000000000003
28,86631,86.90000000000003
28,86645,86.90000000000003
28,86661,86.90000000000003
28,86675,86.90000000000003
28,86691,86.90000000000003
28,86705,86.90000000000003
28,86707,86.90000000000003
28,86721,206.20000000000005
28,86735,207.14000000000004
28,86761,207.14000000000004
28,86787,207.14000000000004
28,86803,207.14000000000004
28,86805,207.14000000000004
28,86835,214.21000000000012
28,86861,214.21000000000012
28,86893,214.21000000000012
28,86909,214.21000000000012
28,86925,214.21000000000012
28,86927,214.21000000000012
28,86929,214.21000000000012
28,86931,214.21000000000012
28,86957,214.21000000000012
28,86971,214.21000000000012
28,86987,214.21000000000012
28,87001,214.21000000000012
28,87029,214.21000000000012
28,87043,214.21000000000012
28,87057,214.21000000000012
28,87071,214.21000000000012
28,87101,214.21000000000012
28,87117,214.21000000000012
28,87119,218.54999999999993
28,87133,218.54999999999993
28,87147,218.54999999999993
28,87149,218.54999999999993
28,87151,218.54999999999993
28,87179,218.54999999999993
28,87193,218.54999999999993
28,87207,218.54999999999993
28,87221,218.54999999999993
28,87235,218.54999999999993
28,87255,218.54999999999993
28,87257,218.54999999999993
28,87271,218.54999999999993
28,87285,218.54999999999993
28,87313,218.54999999999993
28,87343,218.54999999999993
28,87357,218.54999999999993
28,87371,218.54999999999993
28,87399,218.54999999999993
28,87413,218.54999999999993
28,87415,218.54999999999993
28,87443,218.54999999999993
28,87463,218.54999999999993
28,87465,218.54999999999993
28,87495,218.54999999999993
28,87509,218.54999999999993
28,87527,218.54999999999993
28,87543,218.54999999999993
28,87569,218.54999999999993
28,87599,218.54999999999993
28,87615,218.54999999999993
28,87629,218.54999999999993
28,87643,218.54999999999993
28,87671,218.54999999999993
28,87685,218.54999999999993
28,87699,218.54999999999993
28,87715,218.54999999999993
28,87745,218.54999999999993
28,87759,218.54999999999993
28,87781,218.54999999999993
28,87795,218.54999999999993
28,87797,218.54999999999993
28,87823,218.54999999999993
28,87851,218.54999999999993
28,87853,218.54999999999993
28,87855,218.54999999999993
28,87869,218.54999999999993
28,87883,218.54999999999993
28,87909,218.54999999999993
28,87937,218.54999999999993
28,87951,218.54999999999993
28,87981,218.54999999999993
28,88007,218.54999999999993
28,88025,218.54999999999993
28,88053,218.54999999999993
28,88067,218.54999999999993
28,88085,218.54999999999993
28,88099,218.54999999999993
28,88113,218.54999999999993
28,88139,218.54999999999993
28,88153,218.54999999999993
28,88181,218.54999999999993
28,88195,218.54999999999993
28,88209,218.54999999999993
28,88223,218.54999999999993
28,88253,218.54999999999993
28,88255,218.54999999999993
28,88269,218.54999999999993
28,88297,218.54999999999993
28,88299,218.54999999999993
28,88317,218.54999999999993
28,88351,218.54999999999993
28,88369,218.54999999999993
28,88371,218.54999999999993
28,88397,219.01999999999995
28,88425,219.01999999999995
28,88441,219.01999999999995
28,88443,219.01999999999995
28,88459,219.01999999999995
28,88473,219.01999999999995
28,88475,219.01999999999995
28,88477,219.01999999999995
28,88491,219.01999999999995
28,88505,219.01999999999995
28,88519,219.01999999999995
28,88533,219.01999999999995
28,88547,219.01999999999995
28,88561,219.01999999999995
28,88579,219.01999999999995
28,88607,219.01999999999995
28,88635,219.01999999999995
28,88637,219.01999999999995
28,88651,219.01999999999995
28,88665,219.01999999999995
28,88691,219.01999999999995
28,88705,219.01999999999995
28,88723,219.01999999999995
28,88725,219.01999999999995
28,88751,219.01999999999995
28,88765,219.01999999999995
28,88795,219.01999999999995
28,88797,219.01999999999995
28,88811,219.01999999999995
28,88813,219.01999999999995
28,88843,219.01999999999995
28,88845,219.01999999999995
28,88873,219.01999999999995
28,88875,219.01999999999995
28,88877,219.01999999999995
28,88891,219.01999999999995
28,88893,219.01999999999995
28,88921,219.01999999999995
28,88955,219.01999999999995
28,88957,219.01999999999995
28,88971,254.08000000000007
28,88985,262.7499999999999
28,88999,262.7499999999999
28,89001,262.7499999999999
28,89027,262.7499999999999
28,89041,262.7499999999999
28,89071,262.7499999999999
28,89099,262.7499999999999
28,89125,262.7499999999999
28,89127,262.7499999999999
28,89141,262.7499999999999
28,89167,262.7499999999999
28,89195,262.7499999999999
28,89211,262.7499999999999
28,89237,262.7499999999999
28,89271,262.7499999999999
28,89287,262.7499999999999
28,89305,262.7499999999999
28,89337,262.7499999999999
28,89355,262.7499999999999
28,89369,262.7499999999999
28,89397,262.7499999999999
28,89411,262.7499999999999
28,89413,262.7499999999999
28,89439,262.7499999999999
28,89467,262.7499999999999
28,89497,262.7499999999999
28,89511,262.7499999999999
28,89525,262.7499999999999
28,89553,279.08
28,89567,279.08
28,89569,279.08
28,89597,279.08
28,89625,279.08
28,89653,279.08
28,89679,279.08
28,89705,279.08
28,89721,279.08
28,89735,279.08
28,89749,279.08
28,89771,279.08
28,89787,279.08
28,89801,279.08
28,89815,279.08
28,89841,279.08
28,89869,279.08
28,89901,279.08
28,89927,279.08
28,89953,279.08
28,89991,279.08
28,90009,279.08
28,90041,279.08
28,90055,279.08
28,90071,279.08
28,90087,279.08
28,90089,279.08
28,90091,279.08
28,90105,279.08
28,90121,279.08
28,90149,279.08
28,90151,279.08
28,90179,279.08
28,90193,279.08
28,90221,279.08
28,90235,279.08
28,90267,279.08
28,90281,279.08
28,90297,279.08
28,90323,279.08
28,90355,279.08
28,90385,279.08
28,90413,279.08
28,90429,279.08
28,90443,279.08
28,90459,279.08
28,90479,279.08
28,90481,279.08
28,90497,279.08
28,90515,279.08
28,90529,279.08
28,90543,279.08
28,90561,279.08
28,90589,279.08
28,90591,279.08
28,90617,279.08
29,80488,30.059999999999988
29,80502,30.059999999999988
29,80518,30.059999999999988
29,80544,34.82000000000001
29,80558,40.94999999999998
29,80574,40.94999999999998
29,80592,40.94999999999998
29,80606,65.58999999999999
29,80622,65.58999999999999
29,80636,65.58999999999999
29,84749,65.58999999999999
29,84763,65.58999999999999
29,84777,65.58999999999999
29,84791,65.58999999999999
29,84819,65.58999999999999
29,84835,65.58999999999999
29,84865,65.58999999999999
29,84879,65.58999999999999
29,84893,65.58999999999999
29,84909,65.58999999999999
29,84937,65.58999999999999
29,84953,65.58999999999999
29,84955,65.58999999999999
29,84971,65.58999999999999
29,84987,65.58999999999999
29,85003,65.58999999999999
29,85019,65.58999999999999
29,85033,65.58999999999999
29,85051,65.58999999999999
29,85053,65.58999999999999
29,85067,65.58999999999999
29,85097,65.58999999999999
29,85125,65.58999999999999
29,85155,65.58999999999999
29,85169,65.58999999999999
29,85171,65.58999999999999
29,85189,65.58999999999999
29,85217,65.58999999999999
29,85231,65.58999999999999
29,85245,65.58999999999999
29,85263,65.58999999999999
29,85279,65.58999999999999
29,85295,65.58999999999999
29,85317,65.58999999999999
29,85343,65.58999999999999
29,85377,65.58999999999999
29,85405,65.58999999999999
29,85433,65.58999999999999
29,85449,65.58999999999999
29,85475,65.58999999999999
29,85489,65.58999999999999
29,85515,65.58999999999999
29,85529,65.58999999999999
29,85543,65.58999999999999
29,85569,65.58999999999999
29,85585,65.58999999999999
29,85599,65.58999999999999
29,85601,65.58999999999999
29,85633,65.58999999999999
29,85647,65.58999999999999
29,85661,65.58999999999999
29,85687,65.58999999999999
29,85723,65.58999999999999
29,85751,65.58999999999999
29,85781,65.58999999999999
29,85797,65.58999999999999
29,85827,65.58999999999999
29,85855,65.58999999999999
29,85881,65.58999999999999
29,85909,65.58999999999999
29,85939,70.72000000000006
29,85969,70.72000000000006
29,86001,70.72000000000006
29,86017,70.72000000000006
29,86043,70.72000000000006
29,86057,70.72000000000006
29,86071,70.72000000000006
29,86105,70.72000000000006
29,86121,70.72000000000006
29,86151,70.72000000000006
29,86181,70.72000000000006
29,86183,70.72000000000006
29,86209,70.72000000000006
29,86227,70.72000000000006
29,86241,70.72000000000006
29,86255,70.72000000000006
29,86283,70.72000000000006
29,86299,70.72000000000006
29,86325,70.72000000000006
29,86351,70.72000000000006
29,86377,70.72000000000006
29,86379,70.72000000000006
29,86405,70.72000000000006
29,86407,70.72000000000006
29,86421,70.72000000000006
29,86423,70.72000000000006
29,86437,70.72000000000006
29,86451,70.72000000000006
29,86453,70.72000000000006
29,86481,70.72000000000006
29,86495,77.94000000000004
29,86523,77.94000000000004
29,86549,77.94000000000004
29,86577,77.94000000000004
29,86595,77.94000000000004
29,86623,77.94000000000004
29,86639,77.94000000000004
29,86665,77.94000000000004
29,86681,77.94000000000004
29,86695,77.94000000000004
29,86723,77.94000000000004
29,86739,77.94000000000004
29,86765,77.94000000000004
29,86779,77.94000000000004
29,86781,77.94000000000004
29,86795,77.94000000000004
29,86809,77.94000000000004
29,86811,77.94000000000004
29,86825,77.94000000000004
29,86853,77.94000000000004
29,86871,77.94000000000004
29,86897,77.94000000000004
29,86927,77.94000000000004
29,86941,77.94000000000004
29,86943,77.94000000000004
29,86971,77.94000000000004
29,86973,77.94000000000004
29,86989,88.58000000000006
29,87017,88.58000000000006
29,87019,88.58000000000006
29,87049,88.58000000000006
29,87063,88.58000000000006
29,87093,88.58000000000006
29,87123,88.58000000000006
29,87137,88.58000000000006
29,87139,88.58000000000006
29,87167,88.58000000000006
29,87181,107.85999999999999
29,87183,107.85999999999999
29,87209,107.85999999999999
29,87223,107.85999999999999
29,87253,107.85999999999999
29,87255,107.85999999999999
29,87285,107.85999999999999
29,87301,107.85999999999999
29,87331,107.85999999999999
29,87359,107.85999999999999
29,87373,107.85999999999999
29,87387,107.85999999999999
29,87389,107.85999999999999
29,87417,107.85999999999999
29,87433,107.85999999999999
29,87459,107.85999999999999
29,87485,107.85999999999999
29,87513,107.85999999999999
29,87539,107.85999999999999
29,87565,107.85999999999999
29,87579,107.85999999999999
29,87595,107.85999999999999
29,87611,107.85999999999999
29,87637,107.85999999999999
29,87663,107.85999999999999
29,87689,107.85999999999999
29,87715,107.85999999999999
29,87731,107.85999999999999
29,87745,107.85999999999999
29,87773,107.85999999999999
29,87787,107.85999999999999
29,87813,107.85999999999999
29,87841,107.85999999999999
29,87843,107.85999999999999
29,87857,107.85999999999999
29,87871,107.85999999999999
29,87885,107.85999999999999
29,87917,107.85999999999999
29,87947,107.85999999999999
29,87961,107.85999999999999
29,87989,107.85999999999999
29,88015,107.85999999999999
29,88041,107.85999999999999
29,88055,107.85999999999999
29,88071,107.85999999999999
29,88085,107.85999999999999
29,88111,107.85999999999999
29,88127,107.85999999999999
29,88153,107.85999999999999
29,88183,107.85999999999999
29,88211,107.85999999999999
29,88225,124.37000000000006
29,88227,124.37000000000006
29,88243,124.37000000000006
29,88259,124.37000000000006
29,88273,124.37000000000006
29,88305,124.37000000000006
29,88333,124.37000000000006
29,88353,124.37000000000006
29,88355,124.37000000000006
29,88369,124.37000000000006
29,88397,124.37000000000006
29,88411,124.37000000000006
29,88431,124.37000000000006
29,88433,124.37000000000006
29,88463,124.37000000000006
29,88477,124.37000000000006
29,88503,124.37000000000006
29,88519,124.37000000000006
29,88545,124.37000000000006
29,88573,124.37000000000006
29,88575,124.37000000000006
29,88591,124.37000000000006
29,88609,124.37000000000006
29,88637,124.37000000000006
29,88653,124.37000000000006
29,88671,124.37000000000006
29,88701,124.37000000000006
29,88729,128.47999999999993
29,88743,128.47999999999993
29,88745,128.47999999999993
29,88747,128.47999999999993
29,88763,128.47999999999993
29,88777,128.47999999999993
29,88803,128.47999999999993
29,88831,128.47999999999993
29,88845,128.47999999999993
29,88877,128.47999999999993
29,88905,128.47999999999993
29,88931,128.47999999999993
29,88945,128.47999999999993
29,88959,128.47999999999993
29,88961,128.47999999999993
29,88987,128.47999999999993
29,88989,128.47999999999993
29,89009,128.47999999999993
29,89027,128.47999999999993
29,89055,128.47999999999993
29,89069,128.47999999999993
29,89085,128.47999999999993
29,89113,128.47999999999993
29,89131,128.47999999999993
29,89159,128.47999999999993
29,89187,128.47999999999993
29,89205,128.47999999999993
29,89219,128.47999999999993
29,89233,128.47999999999993
29,89235,128.47999999999993
29,89263,128.47999999999993
29,89293,128.47999999999993
29,89307,128.47999999999993
29,89309,128.47999999999993
29,89339,128.47999999999993
29,89341,128.47999999999993
29,89371,128.47999999999993
29,89399,128.47999999999993
29,89425,128.47999999999993
29,89427,128.47999999999993
29,89459,132.56000000000003
29,89487,132.56000000000003
29,89489,132.56000000000003
29,89503,132.56000000000003
29,89517,132.56000000000003
29,89533,132.56000000000003
29,89535,132.56000000000003
29,89551,132.56000000000003
29,89567,132.56000000000003
29,89581,132.56000000000003
29,89595,132.56000000000003
29,89609,132.56000000000003
29,89635,132.56000000000003
29,89661,132.56000000000003
29,89689,132.56000000000003
29,89715,132.56000000000003
29,89741,132.56000000000003
29,89755,132.56000000000003
29,89781,132.56000000000003
29,89809,132.56000000000003
29,89827,132.56000000000003
29,89841,132.56000000000003
29,89855,132.56000000000003
29,89857,132.56000000000003
29,89871,136.82000000000002
29,89905,136.82000000000002
29,89931,136.82000000000002
29,89947,136.82000000000002
29,89961,136.82000000000002
29,89975,136.82000000000002
29,89991,136.82000000000002
29,89993,136.82000000000002
29,90019,136.82000000000002
29,90033,136.82000000000002
29,90049,136.82000000000002
29,90079,136.82000000000002
29,90081,136.82000000000002
29,90095,136.82000000000002
29,90109,136.82000000000002
29,90123,136.82000000000002
29,90137,136.82000000000002
29,90167,136.82000000000002
29,90193,136.82000000000002
29,90207,136.82000000000002
29,90209,136.82000000000002
29,90223,136.82000000000002
29,90237,136.82000000000002
29,90251,136.82000000000002
29,90277,136.82000000000002
29,90305,136.82000000000002
29,90337,136.82000000000002
29,90339,136.85000000000005
29,90357,136.85000000000005
29,90371,136.85000000000005
29,90391,136.85000000000005
29,90405,136.85000000000005
29,90423,136.85000000000005
29,90453,136.85000000000005
29,90467,136.85000000000005
29,90499,136.85000000000005
30,80554,32.919999999999995
30,84565,32.919999999999995
30,84591,36.129999999999995
30,84593,36.129999999999995
30,84609,36.129999999999995
30,84635,48.00999999999999
30,84661,48.00999999999999
30,84675,48.00999999999999
30,84703,48.20999999999999
30,84719,48.20999999999999
30,84721,48.20999999999999
30,84735,48.20999999999999
30,84749,48.20999999999999
30,84765,48.20999999999999
30,84795,48.20999999999999
30,84809,48.20999999999999
30,84837,48.20999999999999
30,84853,48.20999999999999
30,84869,48.20999999999999
30,84885,48.20999999999999
30,84913,50.88000000000001
30,84941,50.88000000000001
30,84955,50.88000000000001
30,84957,50.88000000000001
30,84975,50.88000000000001
30,84989,50.88000000000001
30,85015,50.88000000000001
30,85041,51.42999999999999
30,85043,51.42999999999999
30,85057,58.75999999999999
30,85059,58.75999999999999
30,85073,58.75999999999999
30,85101,58.75999999999999
30,85103,58.75999999999999
30,85133,58.75999999999999
30,85163,58.75999999999999
30,85191,58.75999999999999
30,85217,58.75999999999999
30,85231,58.75999999999999
30,85257,58.75999999999999
30,85295,58.75999999999999
30,85321,75.21999999999996
30,85339,75.21999999999996
30,85357,75.21999999999996
30,85383,75.21999999999996
30,85399,75.21999999999996
30,85425,75.21999999999996
30,85453,75.21999999999996
30,85467,75.21999999999996
30,85469,75.21999999999996
30,85471,75.21999999999996
30,85485,75.21999999999996
30,85499,75.21999999999996
30,85525,75.21999999999996
30,85539,75.21999999999996
30,85567,75.21999999999996
30,85583,75.21999999999996
30,85597,75.21999999999996
30,85623,75.21999999999996
30,85637,75.21999999999996
30,85639,75.21999999999996
30,85667,75.21999999999996
30,85681,75.21999999999996
30,85695,75.21999999999996
30,85697,75.21999999999996
30,85711,75.21999999999996
30,85739,75.21999999999996
30,85757,75.21999999999996
30,85771,75.21999999999996
30,85789,75.21999999999996
30,85815,75.21999999999996
30,85829,75.21999999999996
30,85831,75.21999999999996
30,85859,75.21999999999996
30,85885,75.21999999999996
30,85901,75.21999999999996
30,85915,75.21999999999996
30,85933,75.21999999999996
30,85935,75.21999999999996
30,85963,75.21999999999996
30,85977,75.21999999999996
30,86003,75.21999999999996
30,86031,75.21999999999996
30,86057,75.21999999999996
30,86087,75.21999999999996
30,86115,75.21999999999996
30,86137,75.21999999999996
30,86151,75.21999999999996
30,86179,75.21999999999996
30,86181,75.21999999999996
30,86183,75.21999999999996
30,86199,75.21999999999996
30,86227,75.21999999999996
30,86245,75.21999999999996
30,86259,75.21999999999996
30,86273,75.21999999999996
30,86301,75.21999999999996
30,86315,79.02
30,86345,79.02
30,86375,79.02
30,86405,79.02
30,86419,79.02
30,86437,79.02
30,86465,79.02
30,86495,79.02
30,86525,79.02
30,86539,79.02
30,86565,80.17
30,86583,80.17
30,86609,80.17
30,86625,80.17
30,86639,80.17
30,86657,80.17
30,86659,80.17
30,86661,80.17
30,86691,80.17
30,86693,80.17
30,86707,80.17
30,86721,83.66999999999997
30,86735,83.66999999999997
30,86749,83.66999999999997
30,86765,83.66999999999997
30,86797,83.66999999999997
30,86813,83.66999999999997
30,86827,83.66999999999997
30,86841,83.66999999999997
30,86871,91.38000000000002
30,86873,91.38000000000002
30,86899,91.38000000000002
30,86901,91.38000000000002
30,86931,91.38000000000002
30,86933,91.38000000000002
30,86969,91.38000000000002
30,86971,91.38000000000002
30,86997,91.38000000000002
30,86999,91.38000000000002
30,87001,91.38000000000002
30,87015,91.38000000000002
30,87017,91.38000000000002
30,87053,91.38000000000002
30,87067,91.38000000000002
30,87085,91.38000000000002
30,87099,91.38000000000002
30,87125,91.38000000000002
30,87151,91.38000000000002
30,87153,91.38000000000002
30,87167,91.38000000000002
30,87181,91.38000000000002
30,87207,91.38000000000002
30,87233,98.57000000000001
30,87265,98.57000000000001
30,87267,98.57000000000001
30,87295,98.57000000000001
30,87311,98.57000000000001
30,87313,98.57000000000001
30,87343,98.57000000000001
30,87345,98.57000000000001
30,87361,98.57000000000001
30,87389,98.57000000000001
30,87405,98.57000000000001
30,87419,98.57000000000001
30,87421,98.57000000000001
30,87423,98.57000000000001
30,87441,98.57000000000001
30,87467,98.57000000000001
30,87497,98.57000000000001
30,87511,98.57000000000001
30,87527,98.57000000000001
30,87543,98.57000000000001
30,87561,98.57000000000001
30,87577,98.57000000000001
30,87603,100.86999999999995
30,87617,100.86999999999995
30,87647,100.86999999999995
30,87673,117.46
30,87699,117.46
30,87715,117.46
30,87729,117.46
30,87743,117.46
30,87759,117.46
30,87785,117.46
30,87799,117.46
30,87801,117.46
30,87827,117.46
30,87829,117.7
30,87831,117.7
30,87861,117.7
30,87889,121.20000000000002
30,87903,121.20000000000002
30,87919,121.20000000000002
30,87945,121.20000000000002
30,87947,121.20000000000002
30,87949,121.20000000000002
30,87965,121.20000000000002
30,87983,121.20000000000002
30,88009,121.20000000000002
30,88023,126.00000000000001
30,88037,126.00000000000001
30,88039,126.00000000000001
30,88053,126.00000000000001
30,88079,126.00000000000001
30,88107,126.00000000000001
30,88133,126.00000000000001
30,88147,126.00000000000001
30,88149,126.00000000000001
30,88177,126.00000000000001
30,88179,126.00000000000001
30,88209,126.00000000000001
30,88223,126.00000000000001
30,88253,126.00000000000001
30,88255,126.00000000000001
30,88271,126.00000000000001
30,88299,126.00000000000001
30,88301,126.00000000000001
30,88315,126.00000000000001
30,88317,126.00000000000001
30,88333,126.00000000000001
30,88335,126.00000000000001
30,88337,126.00000000000001
30,88357,126.00000000000001
30,88387,126.00000000000001
30,88415,126.00000000000001
30,88445,126.00000000000001
30,88461,126.00000000000001
30,88497,126.00000000000001
30,88499,126.00000000000001
30,88513,126.00000000000001
30,88541,126.00000000000001
30,88555,126.00000000000001
30,88569,126.00000000000001
30,88597,126.00000000000001
30,88627,126.00000000000001
30,88629,126.00000000000001
30,88643,126.00000000000001
30,88669,126.00000000000001
30,88697,126.00000000000001
30,88711,126.00000000000001
30,88741,126.00000000000001
30,88755,126.00000000000001
30,88769,126.00000000000001
30,88799,126.00000000000001
30,88831,126.00000000000001
30,88845,126.00000000000001
30,88859,126.00000000000001
30,88873,126.00000000000001
30,88901,126.00000000000001
30,88917,126.00000000000001
30,88943,126.00000000000001
30,88971,126.00000000000001
30,89005,126.00000000000001
30,89007,126.00000000000001
30,89033,126.00000000000001
30,89063,126.00000000000001
30,89079,126.00000000000001
30,89093,126.00000000000001
30,89109,126.00000000000001
30,89123,193.75000000000006
30,89149,193.75000000000006
30,89181,193.75000000000006
30,89197,193.75000000000006
30,89225,193.75000000000006
30,89239,193.75000000000006
30,89253,193.75000000000006
30,89285,193.75000000000006
30,89321,193.75000000000006
30,89335,193.75000000000006
30,89337,193.75000000000006
30,89351,193.75000000000006
30,89367,193.75000000000006
30,89383,193.75000000000006
30,89413,193.75000000000006
30,89415,193.75000000000006
30,89429,193.75000000000006
30,89457,193.75000000000006
30,89485,193.75000000000006
30,89513,193.75000000000006
30,89543,193.75000000000006
30,89557,193.75000000000006
30,89571,193.75000000000006
30,89585,193.75000000000006
30,89611,193.75000000000006
30,89641,193.75000000000006
30,89671,193.75000000000006
30,89697,193.75000000000006
30,89727,193.75000000000006
30,89743,193.75000000000006
30,89757,193.75000000000006
30,89783,193.75000000000006
30,89811,193.75000000000006
30,89837,193.75000000000006
30,89851,193.75000000000006
30,89865,193.75000000000006
30,89879,193.75000000000006
30,89909,193.75000000000006
30,89911,193.99000000000007
30,89925,193.99000000000007
30,89951,193.99000000000007
30,89977,193.99000000000007
30,90007,193.99000000000007
30,90009,193.99000000000007
30,90023,193.99000000000007
30,90039,193.99000000000007
30,90057,193.99000000000007
30,90085,193.99000000000007
30,90111,203.82000000000002
30,90137,203.82000000000002
30,90139,203.82000000000002
30,90155,203.82000000000002
30,90185,203.82000000000002
30,90211,203.82000000000002
30,90237,203.82000000000002
30,90251,203.82000000000002
30,90265,203.82000000000002
30,90293,203.82000000000002
30,90295,203.82000000000002
30,90309,203.82000000000002
30,90337,203.82000000000002
30,90369,203.82000000000002
30,90371,203.82000000000002
30,90399,203.82000000000002
30,90401,203.82000000000002
30,90403,203.82000000000002
30,90433,203.82000000000002
30,90449,203.82000000000002
30,90465,203.82000000000002
30,90497,203.82000000000002
30,90525,203.82000000000002
30,90555,203.82000000000002
