run,evaluations,best_so_far
1,40130,28.85999999999999
1,40132,28.85999999999999
1,40146,35.53999999999999
1,40180,35.53999999999999
1,44173,35.53999999999999
1,44175,35.53999999999999
1,44189,36.580000000000005
1,44207,36.580000000000005
1,44235,42.50000000000001
1,44253,42.50000000000001
1,44267,42.50000000000001
1,44293,42.50000000000001
1,44307,42.50000000000001
1,44321,44.639999999999965
1,44347,50.40999999999999
1,44363,50.40999999999999
1,44393,50.40999999999999
1,44421,50.40999999999999
1,44437,50.40999999999999
1,44451,50.40999999999999
1,44477,61.93999999999998
1,44507,61.93999999999998
1,44533,61.93999999999998
1,44559,61.93999999999998
1,44585,62.21999999999997
1,44601,62.21999999999997
1,44629,62.21999999999997
1,44645,62.21999999999997
1,44659,62.21999999999997
1,44673,69.92999999999998
1,44675,69.92999999999998
1,44703,69.92999999999998
1,44717,69.92999999999998
1,44731,69.92999999999998
1,44733,69.92999999999998
1,44759,69.92999999999998
1,44785,73.24999999999999
1,44787,78.24
1,44803,78.24
1,44817,78.24
1,44849,78.24
1,44863,78.24
1,44889,87.61000000000003
1,44915,87.61000000000003
1,44935,87.61000000000003
1,44953,87.61000000000003
1,44981,90.46999999999997
1,44999,90.46999999999997
1,45013,90.46999999999997
1,45031,100.22
1,45033,100.22
1,45035,100.22
1,45051,100.22
1,45053,100.22
1,45055,100.22
1,45071,100.22
1,45099,100.22
1,45101,100.22
1,45117,100.22
1,45119,100.22
1,45135,100.22
1,45137,100.22
1,45163,100.22
1,45179,100.22
1,45211,100.22
1,45213,100.22
1,45239,100.22
1,45253,100.22
1,45255,100.22
1,45257,100.22
1,45259,100.22
1,45275,100.22
1,45289,100.22
1,45315,100.22
1,45345,100.22
1,45373,100.22
1,45401,100.90999999999997
1,45417,100.90999999999997
1,45431,100.90999999999997
1,45445,100.90999999999997
1,45473,100.90999999999997
1,45487,100.90999999999997
1,45513,100.90999999999997
1,45527,100.90999999999997
1,45555,100.90999999999997
1,45573,100.90999999999997
1,45605,100.90999999999997
1,45633,100.90999999999997
1,45651,100.90999999999997
1,45679,100.90999999999997
1,45695,100.90999999999997
1,45709,100.90999999999997
1,45725,100.90999999999997
1,45739,100.90999999999997
1,45769,100.90999999999997
1,45785,100.90999999999997
1,45813,100.90999999999997
1,45815,109.52999999999993
1,45843,109.52999999999993
1,45869,109.52999999999993
1,45885,109.52999999999993
1,45913,109.52999999999993
1,45915,109.52999999999993
1,45943,109.52999999999993
1,45957,109.52999999999993
1,45959,109.52999999999993
1,45975,109.52999999999993
1,45977,109.52999999999993
1,46007,109.52999999999993
1,46021,109.52999999999993
1,46039,109.52999999999993
1,46053,109.52999999999993
1,46067,109.52999999999993
1,46081,109.52999999999993
1,46097,112.21999999999996
1,46099,112.21999999999996
1,46101,112.21999999999996
1,46127,112.21999999999996
1,46145,112.21999999999996
1,46161,112.21999999999996
1,46175,112.21999999999996
1,46189,112.21999999999996
1,46219,166.82
1,46237,167.62999999999994
1,46253,167.62999999999994
1,46279,167.62999999999994
1,46305,167.62999999999994
1,46331,167.62999999999994
1,46365,167.62999999999994
1,46367,167.62999999999994
1,46369,167.62999999999994
1,46383,167.62999999999994
1,46409,167.62999999999994
1,46425,167.62999999999994
1,46427,167.62999999999994
1,46443,167.62999999999994
1,46471,167.62999999999994
1,46487,167.62999999999994
1,46515,167.62999999999994
1,46517,170.07999999999996
1,46519,170.07999999999996
1,46547,170.07999999999996
1,46561,170.07999999999996
1,46593,170.07999999999996
1,46607,170.07999999999996
1,46609,170.07999999999996
1,46623,170.07999999999996
1,46653,170.07999999999996
1,46667,170.07999999999996
1,46693,170.07999999999996
1,46719,170.07999999999996
1,46733,170.07999999999996
1,46763,170.07999999999996
1,46793,170.07999999999996
1,46795,170.07999999999996
1,46823,171.27
1,46839,171.27
1,46871,171.27
1,46903,171.27
1,46933,171.27
1,46947,171.27
1,46961,171.27
1,46979,171.27
1,46981,171.27
1,46995,171.27
1,47025,171.27
1,47041,171.27
1,47071,171.27
1,47085,171.27
1,47113,171.27
1,47141,171.27
1,47167,177.43
1,47181,177.43
1,47183,177.43
1,47211,177.43
1,47243,177.43
1,47257,177.43
1,47271,177.43
1,47299,177.43
1,47315,178.40999999999997
1,47343,178.40999999999997
1,47357,178.40999999999997
1,47371,178.40999999999997
1,47387,178.40999999999997
1,47401,178.40999999999997
1,47417,178.40999999999997
1,47435,178.40999999999997
1,47449,178.40999999999997
1,47463,178.40999999999997
1,47489,198.2
1,47503,198.2
1,47521,198.2
1,47549,198.2
1,47577,198.2
1,47591,198.2
1,47593,198.2
1,47607,198.2
1,47621,198.2
1,47635,198.2
1,47651,198.2
1,47683,198.2
1,47697,198.2
1,47725,198.2
1,47741,198.2
1,47767,198.2
1,47793,198.2
1,47809,198.2
1,47823,198.2
1,47853,198.2
1,47881,198.2
1,47909,198.2
1,47923,198.2
1,47951,198.2
1,47969,315.8399999999999
1,47983,315.8399999999999
1,47997,315.8399999999999
1,48023,315.8399999999999
1,48025,315.8399999999999
1,48041,315.8399999999999
1,48043,315.8399999999999
1,48045,315.8399999999999
1,48075,315.8399999999999
1,48089,315.8399999999999
1,48091,315.8399999999999
1,48119,315.8399999999999
1,48149,315.8399999999999
1,48175,315.8399999999999
1,48195,315.8399999999999
1,48215,315.8399999999999
1,48229,315.8399999999999
1,48243,315.8399999999999
1,48245,315.8399999999999
1,48273,315.8399999999999
1,48289,315.8399999999999
1,48291,315.8399999999999
1,48319,315.8399999999999
1,48353,315.8399999999999
1,48383,315.8399999999999
1,48409,315.8399999999999
1,48423,315.8399999999999
1,48449,315.8399999999999
1,48463,315.8399999999999
1,48489,315.8399999999999
1,48507,315.8399999999999
1,48521,315.8399999999999
1,48549,315.8399999999999
1,48563,315.8399999999999
1,48593,315.8399999999999
1,48607,315.8399999999999
1,48621,315.8399999999999
1,48637,315.8399999999999
1,48663,315.8399999999999
1,48689,315.8399999999999
1,48703,315.8399999999999
1,48705,315.8399999999999
1,48733,315.8399999999999
1,48735,315.8399999999999
1,48751,315.8399999999999
1,48767,315.8399999999999
1,48781,315.8399999999999
1,48807,315.8399999999999
1,48821,315.8399999999999
1,48835,315.8399999999999
1,48849,315.8399999999999
1,48877,315.8399999999999
1,48893,315.8399999999999
1,48909,315.8399999999999
1,48925,315.8399999999999
1,48927,315.8399999999999
1,48957,315.8399999999999
1,48971,315.8399999999999
1,48985,315.8399999999999
1,48999,315.8399999999999
1,49015,315.8399999999999
1,49029,318.17
1,49057,318.17
1,49059,318.17
1,49061,318.17
1,49091,318.17
1,49093,318.17
1,49109,318.17
1,49123,318.17
1,49137,318.17
1,49163,318.17
1,49191,318.17
1,49205,318.17
1,49231,318.17
1,49233,318.17
1,49247,318.17
1,49261,318.17
1,49291,318.17
1,49307,318.17
1,49333,318.17
1,49349,318.17
1,49363,318.17
1,49389,318.17
1,49391,318.17
1,49393,318.17
1,49421,318.17
1,49447,318.17
1,49477,318.17
1,49491,318.17
1,49507,318.17
1,49521,318.17
1,49535,318.17
1,49563,318.17
1,49579,318.17
1,49581,318.17
1,49583,318.17
1,49597,318.17
1,49611,318.17
1,49643,318.17
1,49673,318.17
1,49699,318.17
1,49729,318.17
1,49761,318.17
1,49775,318.17
1,49801,318.17
1,49815,318.17
1,49833,318.17
1,49851,318.17
1,49879,318.17
1,49911,318.17
1,49913,318.17
1,49927,318.17
1,49957,318.17
1,49971,318.17
1,50007,318.17
1,50021,318.17
1,50047,318.17
1,50075,318.17
1,50101,318.17
1,50119,318.17
2,40486,28.61
2,40514,32.779999999999994
2,40530,32.779999999999994
2,40556,173.14
2,40584,173.14
2,40610,178.5799999999999
2,40644,178.5799999999999
2,44621,178.5799999999999
2,44635,178.5799999999999
2,44651,178.5799999999999
2,44677,178.5799999999999
2,44691,188.97
2,44717,199.96
2,44731,199.96
2,44759,204.66
2,44775,204.66
2,44777,205.42000000000002
2,44779,205.42000000000002
2,44805,205.42000000000002
2,44831,205.42000000000002
2,44845,205.42000000000002
2,44859,205.42000000000002
2,44889,205.42000000000002
2,44891,205.80999999999992
2,44893,205.80999999999992
2,44895,205.80999999999992
2,44911,205.80999999999992
2,44925,205.80999999999992
2,44939,205.80999999999992
2,44941,205.80999999999992
2,44955,205.80999999999992
2,44981,205.80999999999992
2,44995,209.83
2,45021,209.83
2,45049,209.83
2,45077,209.83
2,45091,209.83
2,45093,209.83
2,45111,209.83
2,45125,209.83
2,45139,215.76999999999998
2,45141,215.76999999999998
2,45171,220.6399999999999
2,45185,220.6399999999999
2,45211,220.6399999999999
2,45225,220.6399999999999
2,45239,220.6399999999999
2,45241,220.6399999999999
2,45267,223.48999999999995
2,45293,223.48999999999995
2,45295,223.48999999999995
2,45311,223.48999999999995
2,45313,223.48999999999995
2,45315,223.48999999999995
2,45329,223.48999999999995
2,45331,223.48999999999995
2,45357,223.48999999999995
2,45371,223.48999999999995
2,45399,223.48999999999995
2,45413,223.48999999999995
2,45415,223.48999999999995
2,45435,223.48999999999995
2,45461,223.48999999999995
2,45477,223.48999999999995
2,45503,227.64
2,45529,227.64
2,45563,227.64
2,45577,227.64
2,45591,227.64
2,45609,227.64
2,45635,233.30999999999997
2,45649,233.30999999999997
2,45677,233.30999999999997
2,45693,233.30999999999997
2,45707,233.30999999999997
2,45723,233.30999999999997
2,45725,233.30999999999997
2,45739,233.30999999999997
2,45753,233.30999999999997
2,45767,233.30999999999997
2,45797,233.30999999999997
2,45811,233.30999999999997
2,45825,233.30999999999997
2,45857,233.30999999999997
2,45889,233.30999999999997
2,45917,233.30999999999997
2,45931,233.30999999999997
2,45945,233.30999999999997
2,45959,237.7099999999999
2,45975,237.7099999999999
2,45989,241.27999999999997
2,46003,241.27999999999997
2,46017,241.27999999999997
2,46047,241.27999999999997
2,46049,241.27999999999997
2,46065,241.27999999999997
2,46081,241.27999999999997
2,46099,241.27999999999997
2,46125,241.27999999999997
2,46141,245.17
2,46167,245.17
2,46181,245.17
2,46209,245.17
2,46211,245.17
2,46239,245.17
2,46267,245.17
2,46293,258.16
2,46321,258.16
2,46349,258.16
2,46363,258.16
2,46381,258.16
2,46383,258.16
2,46409,258.16
2,46435,258.16
2,46437,258.16
2,46463,258.16
2,46489,258.16
2,46515,258.16
2,46531,258.16
2,46561,258.16
2,46587,258.16
2,46617,258.16
2,46643,258.16
2,46657,258.16
2,46683,258.16
2,46709,258.16
2,46725,258.16
2,46739,258.16
2,46741,258.16
2,46743,258.16
2,46769,258.16
2,46783,258.16
2,46797,258.16
2,46811,258.16
2,46813,258.16
2,46831,258.16
2,46857,258.16
2,46873,258.16
2,46891,258.16
2,46905,258.16
2,46923,258.16
2,46939,258.16
2,46965,259.59999999999997
2,46981,259.59999999999997
2,46997,259.59999999999997
2,47023,259.59999999999997
2,47037,259.59999999999997
2,47051,259.59999999999997
2,47067,259.59999999999997
2,47081,259.59999999999997
2,47111,259.59999999999997
2,47129,261.34000000000003
2,47159,261.34000000000003
2,47185,261.34000000000003
2,47211,261.34000000000003
2,47225,261.34000000000003
2,47227,261.34000000000003
2,47229,261.34000000000003
2,47247,261.34000000000003
2,47267,261.34000000000003
2,47283,261.34000000000003
2,47305,261.34000000000003
2,47307,261.34000000000003
2,47327,261.34000000000003
2,47353,261.34000000000003
2,47383,261.34000000000003
2,47397,261.34000000000003
2,47423,261.34000000000003
2,47439,261.34000000000003
2,47465,261.34000000000003
2,47491,261.34000000000003
2,47493,261.34000000000003
2,47525,261.34000000000003
2,47541,261.34000000000003
2,47559,261.34000000000003
2,47585,261.34000000000003
2,47613,261.34000000000003
2,47643,261.34000000000003
2,47677,261.34000000000003
2,47679,261.34000000000003
2,47695,261.34000000000003
2,47711,261.34000000000003
2,47713,261.34000000000003
2,47727,261.34000000000003
2,47741,261.34000000000003
2,47757,261.34000000000003
2,47771,261.34000000000003
2,47787,261.34000000000003
2,47819,261.34000000000003
2,47833,261.34000000000003
2,47835,261.34000000000003
2,47861,261.34000000000003
2,47887,261.34000000000003
2,47889,261.34000000000003
2,47925,261.34000000000003
2,47941,261.34000000000003
2,47971,261.34000000000003
2,47973,261.34000000000003
2,47999,261.34000000000003
2,48017,261.34000000000003
2,48035,261.34000000000003
2,48061,261.34000000000003
2,48063,261.34000000000003
2,48077,261.34000000000003
2,48107,261.34000000000003
2,48123,261.34000000000003
2,48137,261.34000000000003
2,48155,261.34000000000003
2,48157,261.34000000000003
2,48159,261.34000000000003
2,48175,261.34000000000003
2,48201,261.34000000000003
2,48227,261.34000000000003
2,48229,261.34000000000003
2,48243,261.34000000000003
2,48273,261.34000000000003
2,48287,261.34000000000003
2,48307,261.34000000000003
2,48321,261.34000000000003
2,48323,261.34000000000003
2,48337,261.34000000000003
2,48339,261.34000000000003
2,48353,261.34000000000003
2,48369,261.34000000000003
2,48371,261.34000000000003
2,48387,261.34000000000003
2,48413,261.34000000000003
2,48443,261.34000000000003
2,48457,261.34000000000003
2,48471,261.34000000000003
2,48497,261.34000000000003
2,48511,261.34000000000003
2,48543,261.34000000000003
2,48545,261.34000000000003
2,48559,261.34000000000003
2,48595,261.34000000000003
2,48613,261.34000000000003
2,48627,261.34000000000003
2,48641,261.34000000000003
2,48659,261.34000000000003
2,48675,261.34000000000003
2,48693,261.34000000000003
2,48713,261.34000000000003
2,48727,261.34000000000003
2,48743,261.34000000000003
2,48757,261.34000000000003
2,48771,261.34000000000003
2,48773,261.34000000000003
2,48799,261.34000000000003
2,48825,261.34000000000003
2,48855,261.34000000000003
2,48869,261.34000000000003
2,48883,261.34000000000003
2,48885,261.34000000000003
2,48899,261.34000000000003
2,48929,261.34000000000003
2,48959,261.34000000000003
2,48987,261.34000000000003
2,49013,261.34000000000003
2,49029,261.34000000000003
2,49057,261.34000000000003
2,49071,261.34000000000003
2,49085,261.34000000000003
2,49087,261.34000000000003
2,49115,261.34000000000003
2,49141,261.34000000000003
2,49157,261.34000000000003
2,49171,261.34000000000003
2,49197,261.34000000000003
2,49225,261.34000000000003
2,49241,261.34000000000003
2,49267,261.34000000000003
2,49281,261.34000000000003
2,49283,261.34000000000003
2,49311,261.34000000000003
2,49325,261.34000000000003
2,49353,261.34000000000003
2,49385,261.34000000000003
2,49415,261.34000000000003
2,49429,261.34000000000003
2,49457,261.34000000000003
2,49483,261.34000000000003
2,49509,261.34000000000003
2,49523,261.34000000000003
2,49549,261.34000000000003
2,49577,261.34000000000003
2,49597,261.34000000000003
2,49611,261.34000000000003
2,49629,261.34000000000003
2,49643,261.34000000000003
2,49661,261.34000000000003
2,49691,261.34000000000003
2,49717,261.61999999999995
2,49747,261.61999999999995
2,49777,261.61999999999995
2,49793,261.61999999999995
2,49821,261.61999999999995
2,49835,261.61999999999995
2,49855,261.61999999999995
2,49885,261.61999999999995
2,49899,261.61999999999995
2,49925,261.61999999999995
2,49939,261.61999999999995
2,49941,261.61999999999995
2,49955,261.61999999999995
2,49957,261.61999999999995
2,49971,261.61999999999995
2,50005,261.61999999999995
2,50019,261.61999999999995
2,50049,261.61999999999995
2,50063,261.61999999999995
2,50083,261.61999999999995
2,50097,261.61999999999995
2,50129,261.61999999999995
2,50143,261.61999999999995
2,50157,261.61999999999995
2,50183,261.61999999999995
2,50213,261.61999999999995
2,50243,261.61999999999995
2,50257,261.61999999999995
2,50259,261.61999999999995
2,50285,263.56
2,50313,263.56
2,50327,263.56
2,50341,263.56
2,50343,263.56
2,50371,263.56
2,50373,263.56
2,50387,263.56
2,50415,263.56
2,50429,263.56
2,50457,263.56
2,50475,263.56
3,40292,29.380000000000003
3,40318,35.550000000000004
3,40336,35.550000000000004
3,44313,46.69999999999999
3,44339,48.089999999999975
3,44341,48.089999999999975
3,44355,58.300000000000004
3,44357,58.300000000000004
3,44373,58.300000000000004
3,44399,58.300000000000004
3,44415,58.300000000000004
3,44429,58.300000000000004
3,44457,58.300000000000004
3,44477,58.300000000000004
3,44505,58.300000000000004
3,44537,58.300000000000004
3,44539,62.27000000000002
3,44557,62.27000000000002
3,44571,62.27000000000002
3,44599,62.27000000000002
3,44625,80.7
3,44655,80.7
3,44657,80.7
3,44671,80.7
3,44701,80.7
3,44729,80.7
3,44757,80.7
3,44785,80.7
3,44801,80.7
3,44827,80.7
3,44829,80.7
3,44843,80.7
3,44857,80.7
3,44875,80.7
3,44901,80.89000000000001
3,44917,80.89000000000001
3,44943,87.62999999999997
3,44957,113.05000000000001
3,44971,113.05000000000001
3,44997,113.05000000000001
3,45025,113.05000000000001
3,45053,113.05000000000001
3,45067,113.05000000000001
3,45095,113.05000000000001
3,45109,113.05000000000001
3,45137,113.05000000000001
3,45163,113.05000000000001
3,45191,113.05000000000001
3,45207,113.05000000000001
3,45235,113.05000000000001
3,45251,113.05000000000001
3,45267,113.05000000000001
3,45269,113.05000000000001
3,45271,113.05000000000001
3,45299,113.05000000000001
3,45325,113.05000000000001
3,45339,113.05000000000001
3,45355,113.05000000000001
3,45369,113.05000000000001
3,45371,113.05000000000001
3,45385,113.79000000000003
3,45415,113.79000000000003
3,45433,113.79000000000003
3,45435,113.79000000000003
3,45451,113.79000000000003
3,45469,113.79000000000003
3,45487,113.79000000000003
3,45513,124.91999999999999
3,45527,124.91999999999999
3,45557,124.91999999999999
3,45571,124.91999999999999
3,45573,124.91999999999999
3,45575,124.91999999999999
3,45605,124.91999999999999
3,45621,124.91999999999999
3,45623,124.91999999999999
3,45637,124.91999999999999
3,45639,124.91999999999999
3,45653,124.91999999999999
3,45683,124.91999999999999
3,45699,124.91999999999999
3,45713,124.91999999999999
3,45739,124.91999999999999
3,45767,124.91999999999999
3,45781,124.91999999999999
3,45795,124.91999999999999
3,45813,124.91999999999999
3,45847,124.91999999999999
3,45875,124.91999999999999
3,45903,124.91999999999999
3,45905,124.91999999999999
3,45919,124.91999999999999
3,45945,124.91999999999999
3,45963,124.91999999999999
3,45979,124.91999999999999
3,45981,124.91999999999999
3,45997,124.91999999999999
3,46023,124.91999999999999
3,46043,125.71000000000004
3,46059,125.71000000000004
3,46077,125.71000000000004
3,46105,125.71000000000004
3,46121,125.71000000000004
3,46123,125.71000000000004
3,46155,125.71000000000004
3,46181,125.71000000000004
3,46195,125.71000000000004
3,46197,125.71000000000004
3,46211,125.71000000000004
3,46237,125.71000000000004
3,46265,125.71000000000004
3,46295,125.71000000000004
3,46297,125.71000000000004
3,46313,125.71000000000004
3,46339,125.71000000000004
3,46367,125.71000000000004
3,46381,125.71000000000004
3,46395,125.71000000000004
3,46423,125.71000000000004
3,46441,125.71000000000004
3,46455,125.71000000000004
3,46483,125.71000000000004
3,46497,125.71000000000004
3,46511,125.71000000000004
3,46525,125.71000000000004
3,46557,125.71000000000004
3,46571,125.71000000000004
3,46585,125.71000000000004
3,46599,125.71000000000004
3,46629,125.71000000000004
3,46631,125.71000000000004
3,46649,125.71000000000004
3,46675,125.71000000000004
3,46705,125.71000000000004
3,46733,125.71000000000004
3,46761,125.71000000000004
3,46789,125.71000000000004
3,46821,125.71000000000004
3,46851,125.71000000000004
3,46865,125.71000000000004
3,46879,125.71000000000004
3,46881,125.71000000000004
3,46895,125.71000000000004
3,46911,125.71000000000004
3,46927,125.71000000000004
3,46941,125.71000000000004
3,46959,125.71000000000004
3,46989,125.71000000000004
3,46991,125.71000000000004
3,47023,125.71000000000004
3,47057,125.71000000000004
3,47073,125.71000000000004
3,47075,125.71000000000004
3,47107,125.71000000000004
3,47137,125.71000000000004
3,47165,125.71000000000004
3,47193,125.71000000000004
3,47223,125.71000000000004
3,47239,125.71000000000004
3,47255,125.71000000000004
3,47271,125.71000000000004
3,47297,125.71000000000004
3,47313,125.71000000000004
3,47341,125.71000000000004
3,47357,125.71000000000004
3,47385,125.71000000000004
3,47399,125.71000000000004
3,47413,125.71000000000004
3,47415,125.71000000000004
3,47417,125.71000000000004
3,47447,125.71000000000004
3,47475,125.71000000000004
3,47503,125.71000000000004
3,47517,125.71000000000004
3,47547,125.71000000000004
3,47549,125.71000000000004
3,47563,125.71000000000004
3,47577,125.71000000000004
3,47591,125.71000000000004
3,47619,125.71000000000004
3,47649,125.71000000000004
3,47675,125.71000000000004
3,47677,125.71000000000004
3,47691,125.71000000000004
3,47707,125.71000000000004
3,47721,125.71000000000004
3,47723,125.71000000000004
3,47739,125.71000000000004
3,47753,125.71000000000004
3,47767,125.71000000000004
3,47783,125.71000000000004
3,47811,125.71000000000004
3,47825,125.71000000000004
3,47839,125.71000000000004
3,47869,125.71000000000004
3,47883,125.71000000000004
3,47897,125.71000000000004
3,47913,125.71000000000004
3,47941,125.71000000000004
3,47943,125.71000000000004
3,47969,125.71000000000004
3,47987,125.71000000000004
3,48003,125.71000000000004
3,48017,125.71000000000004
3,48047,125.71000000000004
3,48061,125.71000000000004
3,48075,125.71000000000004
3,48091,125.71000000000004
3,48119,125.71000000000004
3,48133,125.71000000000004
3,48147,125.71000000000004
3,48149,125.71000000000004
3,48181,125.71000000000004
3,48197,125.71000000000004
3,48217,125.71000000000004
3,48243,125.71000000000004
3,48271,125.71000000000004
3,48273,125.71000000000004
3,48289,125.71000000000004
3,48303,125.71000000000004
3,48329,125.71000000000004
3,48343,125.71000000000004
3,48369,125.71000000000004
3,48395,125.71000000000004
3,48409,125.71000000000004
3,48411,125.71000000000004
3,48413,125.71000000000004
3,48443,125.71000000000004
3,48457,125.75999999999999
3,48475,125.75999999999999
3,48503,125.75999999999999
3,48517,125.75999999999999
3,48543,125.75999999999999
3,48559,125.75999999999999
3,48575,125.75999999999999
3,48601,125.75999999999999
3,48615,125.75999999999999
3,48645,125.75999999999999
3,48663,125.75999999999999
3,48689,125.75999999999999
3,48715,125.75999999999999
3,48741,125.75999999999999
3,48743,125.75999999999999
3,48757,125.75999999999999
3,48771,125.75999999999999
3,48785,125.75999999999999
3,48813,125.75999999999999
3,48841,125.75999999999999
3,48867,125.75999999999999
3,48869,125.75999999999999
3,48887,125.75999999999999
3,48915,125.75999999999999
3,48931,125.75999999999999
3,48947,125.75999999999999
3,48949,125.75999999999999
3,48975,125.75999999999999
3,48977,125.75999999999999
3,48991,125.75999999999999
3,48993,125.75999999999999
3,49007,125.75999999999999
3,49025,125.75999999999999
3,49039,125.75999999999999
3,49053,125.75999999999999
3,49069,125.75999999999999
3,49095,128.09000000000003
3,49097,128.09000000000003
3,49111,128.09000000000003
3,49113,128.09000000000003
3,49131,128.09000000000003
3,49161,128.09000000000003
3,49189,128.09000000000003
3,49203,128.09000000000003
3,49229,128.09000000000003
3,49231,128.09000000000003
3,49233,128.09000000000003
3,49259,128.09000000000003
3,49285,128.09000000000003
3,49287,128.09000000000003
3,49313,128.09000000000003
3,49331,128.57
3,49347,128.57
3,49375,128.57
3,49377,128.57
3,49405,128.57
3,49433,128.57
3,49449,128.57
3,49451,128.57
3,49479,128.57
3,49505,128.57
3,49531,128.57
3,49545,128.57
3,49571,128.57
3,49601,128.57
3,49621,133.14
3,49649,133.14
3,49675,133.14
3,49691,133.14
3,49705,133.14
3,49707,133.14
3,49735,133.14
3,49765,133.14
3,49779,133.14
3,49809,133.14
3,49825,133.14
3,49839,133.14
3,49865,133.14
3,49895,133.14
3,49923,133.14
3,49949,133.14
3,49963,133.14
3,49977,133.14
3,50003,133.14
3,50017,133.14
3,50043,133.14
3,50061,133.14
3,50087,133.14
3,50103,133.14
3,50117,133.14
3,50151,133.14
3,50179,133.14
3,50193,133.14
3,50219,133.14
3,50221,133.14
3,50235,133.14
3,50263,133.14
3,50277,133.14
3,50279,133.14
3,50305,141.91999999999996
4,40420,27.919999999999987
4,40434,30.630000000000006
4,40448,34.3
4,40482,34.3
4,40496,34.3
4,44533,34.3
4,44567,34.3
4,44569,34.3
4,44583,34.61999999999999
4,44597,37.239999999999995
4,44611,39.41
4,44625,39.41
4,44653,39.41
4,44671,39.41
4,44673,39.41
4,44689,39.41
4,44703,46.72000000000001
4,44717,46.72000000000001
4,44719,46.72000000000001
4,44721,46.72000000000001
4,44749,49.05
4,44777,71.71999999999998
4,44791,71.71999999999998
4,44817,71.71999999999998
4,44833,71.71999999999998
4,44865,71.71999999999998
4,44879,71.71999999999998
4,44895,71.71999999999998
4,44909,71.71999999999998
4,44937,71.71999999999998
4,44951,71.71999999999998
4,44965,71.71999999999998
4,44967,71.71999999999998
4,44983,71.71999999999998
4,44997,71.71999999999998
4,45011,71.71999999999998
4,45013,71.71999999999998
4,45041,71.80999999999999
4,45043,71.80999999999999
4,45071,71.80999999999999
4,45085,80.81999999999996
4,45105,80.81999999999996
4,45107,80.81999999999996
4,45109,80.81999999999996
4,45123,80.81999999999996
4,45137,80.81999999999996
4,45155,80.81999999999996
4,45157,80.81999999999996
4,45159,80.81999999999996
4,45187,93.98000000000003
4,45201,93.98000000000003
4,45203,93.98000000000003
4,45233,93.98000000000003
4,45247,93.98000000000003
4,45261,93.98000000000003
4,45275,97.06000000000002
4,45289,97.06000000000002
4,45315,118.17000000000004
4,45329,118.17000000000004
4,45355,118.17000000000004
4,45389,118.17000000000004
4,45403,118.30999999999999
4,45429,118.30999999999999
4,45455,118.30999999999999
4,45457,118.30999999999999
4,45459,132.27999999999997
4,45475,132.27999999999997
4,45493,132.27999999999997
4,45507,132.27999999999997
4,45537,132.27999999999997
4,45539,132.27999999999997
4,45553,132.27999999999997
4,45555,132.27999999999997
4,45573,132.27999999999997
4,45599,132.27999999999997
4,45627,132.27999999999997
4,45629,132.27999999999997
4,45643,132.27999999999997
4,45671,132.27999999999997
4,45673,132.27999999999997
4,45689,132.27999999999997
4,45705,132.27999999999997
4,45733,132.27999999999997
4,45753,132.27999999999997
4,45781,132.27999999999997
4,45797,132.27999999999997
4,45823,132.27999999999997
4,45825,132.27999999999997
4,45855,132.27999999999997
4,45883,132.27999999999997
4,45885,132.27999999999997
4,45887,132.27999999999997
4,45889,132.27999999999997
4,45905,132.27999999999997
4,45935,132.27999999999997
4,45965,132.27999999999997
4,45995,132.27999999999997
4,46009,132.27999999999997
4,46023,132.27999999999997
4,46053,132.27999999999997
4,46087,132.27999999999997
4,46113,132.27999999999997
4,46139,132.27999999999997
4,46153,132.27999999999997
4,46173,132.27999999999997
4,46199,132.27999999999997
4,46213,132.27999999999997
4,46229,132.27999999999997
4,46255,132.27999999999997
4,46281,132.27999999999997
4,46295,132.27999999999997
4,46297,132.27999999999997
4,46325,132.27999999999997
4,46343,132.27999999999997
4,46357,132.27999999999997
4,46359,132.27999999999997
4,46375,132.27999999999997
4,46403,132.27999999999997
4,46429,132.27999999999997
4,46443,132.27999999999997
4,46471,132.27999999999997
4,46487,132.27999999999997
4,46515,132.27999999999997
4,46529,132.27999999999997
4,46543,132.27999999999997
4,46557,132.27999999999997
4,46587,132.27999999999997
4,46613,132.27999999999997
4,46641,132.27999999999997
4,46671,132.27999999999997
4,46673,132.27999999999997
4,46691,132.27999999999997
4,46717,132.27999999999997
4,46745,132.27999999999997
4,46773,132.27999999999997
4,46799,132.27999999999997
4,46825,132.27999999999997
4,46839,132.27999999999997
4,46865,140.87000000000003
4,46867,140.87000000000003
4,46881,140.87000000000003
4,46883,140.87000000000003
4,46911,140.87000000000003
4,46941,140.87000000000003
4,46943,140.87000000000003
4,46969,140.87000000000003
4,46983,140.87000000000003
4,47013,140.87000000000003
4,47041,140.87000000000003
4,47069,140.87000000000003
4,47097,140.87000000000003
4,47123,140.87000000000003
4,47137,140.87000000000003
4,47167,140.87000000000003
4,47193,140.87000000000003
4,47225,140.87000000000003
4,47253,140.87000000000003
4,47255,144.18999999999997
4,47281,144.18999999999997
4,47295,144.18999999999997
4,47309,144.18999999999997
4,47311,144.18999999999997
4,47325,144.18999999999997
4,47339,144.18999999999997
4,47369,144.18999999999997
4,47405,144.18999999999997
4,47421,144.18999999999997
4,47449,144.18999999999997
4,47451,144.18999999999997
4,47465,144.18999999999997
4,47479,144.18999999999997
4,47507,144.18999999999997
4,47535,144.18999999999997
4,47565,144.18999999999997
4,47579,144.18999999999997
4,47593,144.18999999999997
4,47595,145.06999999999996
4,47621,145.06999999999996
4,47623,145.06999999999996
4,47637,145.06999999999996
4,47665,145.06999999999996
4,47667,145.06999999999996
4,47681,145.06999999999996
4,47695,145.06999999999996
4,47723,145.06999999999996
4,47741,145.06999999999996
4,47773,145.06999999999996
4,47805,145.06999999999996
4,47819,145.06999999999996
4,47847,145.06999999999996
4,47875,145.06999999999996
4,47891,145.06999999999996
4,47905,145.06999999999996
4,47919,145.06999999999996
4,47947,145.06999999999996
4,47949,145.06999999999996
4,47963,145.06999999999996
4,47993,145.06999999999996
4,48009,145.06999999999996
4,48025,154.56
4,48053,154.56
4,48075,154.56
4,48101,154.56
4,48115,154.56
4,48131,154.56
4,48157,154.56
4,48177,154.56
4,48213,154.56
4,48243,154.56
4,48257,154.56
4,48271,154.56
4,48273,154.56
4,48293,154.56
4,48307,154.56
4,48341,154.56
4,48367,154.56
4,48397,154.56
4,48411,154.56
4,48413,154.56
4,48415,154.56
4,48443,154.56
4,48445,154.56
4,48475,154.56
4,48489,154.56
4,48507,154.56
4,48523,154.56
4,48539,154.56
4,48567,154.56
4,48597,154.56
4,48611,154.56
4,48637,154.56
4,48651,154.56
4,48665,154.56
4,48691,154.56
4,48705,154.56
4,48719,154.56
4,48737,154.56
4,48739,154.56
4,48765,154.56
4,48791,154.56
4,48817,154.56
4,48819,154.56
4,48845,154.56
4,48875,154.56
4,48889,154.56
4,48921,154.56
4,48947,154.56
4,48975,154.56
4,48989,154.56
4,49003,154.56
4,49033,154.56
4,49049,154.56
4,49063,154.56
4,49077,154.56
4,49079,154.56
4,49093,154.56
4,49095,154.56
4,49123,154.56
4,49137,154.56
4,49139,154.56
4,49155,154.56
4,49169,154.56
4,49195,154.56
4,49209,154.56
4,49223,154.56
4,49239,154.56
4,49241,154.56
4,49269,154.56
4,49285,154.56
4,49301,154.56
4,49327,154.56
4,49343,154.56
4,49377,154.56
4,49395,154.56
4,49425,154.56
4,49451,154.56
4,49453,154.56
4,49479,154.56
4,49499,154.56
4,49525,154.56
4,49527,154.56
4,49555,154.56
4,49581,154.56
4,49609,154.56
4,49623,154.56
4,49649,154.56
4,49651,154.56
4,49665,154.56
4,49679,154.56
4,49695,154.56
4,49697,154.56
4,49723,154.56
4,49753,154.56
4,49771,154.56
4,49801,154.56
4,49829,154.56
4,49847,154.56
4,49861,154.56
4,49875,154.56
4,49907,154.56
4,49921,154.56
4,49937,154.56
4,49953,154.56
4,49981,154.56
4,50009,154.56
4,50023,154.56
4,50049,154.56
4,50063,158.69000000000008
4,50077,158.69000000000008
4,50091,158.69000000000008
4,50119,158.69000000000008
4,50145,158.69000000000008
4,50159,158.69000000000008
4,50161,158.69000000000008
4,50193,158.69000000000008
4,50207,158.69000000000008
4,50209,158.69000000000008
4,50239,158.69000000000008
4,50269,158.69000000000008
4,50287,158.69000000000008
4,50303,158.69000000000008
4,50329,158.69000000000008
4,50355,158.69000000000008
4,50383,158.69000000000008
4,50411,158.69000000000008
4,50425,158.69000000000008
5,40246,28.289999999999996
5,40264,28.289999999999996
5,40266,28.289999999999996
5,40280,31.640000000000008
5,40308,36.3
5,40322,36.3
5,40348,36.3
5,40364,45.91000000000001
5,44329,45.91000000000001
5,44343,46.14999999999999
5,44359,46.14999999999999
5,44361,46.14999999999999
5,44375,46.14999999999999
5,44377,46.14999999999999
5,44403,46.14999999999999
5,44419,46.14999999999999
5,44421,46.14999999999999
5,44423,46.14999999999999
5,44439,46.14999999999999
5,44441,46.14999999999999
5,44457,46.14999999999999
5,44471,55.91000000000001
5,44497,55.91000000000001
5,44511,55.91000000000001
5,44513,55.91000000000001
5,44539,55.91000000000001
5,44569,55.91000000000001
5,44583,55.91000000000001
5,44611,55.91000000000001
5,44637,55.91000000000001
5,44639,55.91000000000001
5,44653,55.91000000000001
5,44655,59.82000000000001
5,44683,59.82000000000001
5,44711,62.410000000000025
5,44725,62.410000000000025
5,44741,62.410000000000025
5,44757,62.410000000000025
5,44783,62.410000000000025
5,44785,62.410000000000025
5,44815,70.27999999999999
5,44829,70.27999999999999
5,44831,70.27999999999999
5,44847,70.27999999999999
5,44877,70.27999999999999
5,44879,70.27999999999999
5,44905,70.27999999999999
5,44933,70.27999999999999
5,44947,70.27999999999999
5,44973,70.27999999999999
5,45001,72.09000000000002
5,45017,72.09000000000002
5,45031,72.09000000000002
5,45033,72.09000000000002
5,45047,72.09000000000002
5,45061,72.09000000000002
5,45093,172.28000000000003
5,45095,172.28000000000003
5,45097,172.28000000000003
5,45125,172.28000000000003
5,45155,172.28000000000003
5,45169,172.28000000000003
5,45171,172.28000000000003
5,45187,172.28000000000003
5,45215,172.28000000000003
5,45245,172.28000000000003
5,45271,172.28000000000003
5,45301,172.28000000000003
5,45317,173.43999999999997
5,45331,173.43999999999997
5,45345,173.43999999999997
5,45365,173.43999999999997
5,45391,173.43999999999997
5,45405,173.43999999999997
5,45407,173.43999999999997
5,45435,173.43999999999997
5,45449,173.43999999999997
5,45451,173.43999999999997
5,45465,173.43999999999997
5,45481,173.43999999999997
5,45483,173.43999999999997
5,45497,173.43999999999997
5,45525,173.43999999999997
5,45539,173.43999999999997
5,45573,173.43999999999997
5,45601,173.43999999999997
5,45627,173.43999999999997
5,45653,173.43999999999997
5,45679,173.43999999999997
5,45707,173.43999999999997
5,45733,178.56000000000003
5,45759,178.56000000000003
5,45773,178.56000000000003
5,45799,178.56000000000003
5,45813,178.56000000000003
5,45815,178.56000000000003
5,45843,178.56000000000003
5,45863,178.56000000000003
5,45879,178.56000000000003
5,45913,178.56000000000003
5,45929,178.56000000000003
5,45943,178.56000000000003
5,45945,178.56000000000003
5,45963,178.56000000000003
5,45989,182.34
5,46007,182.34
5,46009,182.34
5,46037,182.34
5,46053,182.34
5,46081,182.34
5,46097,182.34
5,46127,182.34
5,46143,182.34
5,46179,182.34
5,46199,182.34
5,46225,182.34
5,46253,183.2400000000001
5,46281,183.2400000000001
5,46297,183.2400000000001
5,46311,183.2400000000001
5,46325,183.2400000000001
5,46351,189.51000000000002
5,46353,189.51000000000002
5,46367,189.51000000000002
5,46383,189.51000000000002
5,46399,189.51000000000002
5,46419,189.51000000000002
5,46433,189.51000000000002
5,46447,189.51000000000002
5,46461,189.51000000000002
5,46475,193.49
5,46501,193.49
5,46531,193.49
5,46533,193.49
5,46549,193.49
5,46551,193.49
5,46579,193.49
5,46605,204.76999999999998
5,46619,204.76999999999998
5,46647,204.76999999999998
5,46649,204.76999999999998
5,46675,204.76999999999998
5,46691,204.76999999999998
5,46719,204.76999999999998
5,46733,204.76999999999998
5,46751,204.76999999999998
5,46753,204.76999999999998
5,46781,204.76999999999998
5,46807,204.76999999999998
5,46833,204.76999999999998
5,46835,204.76999999999998
5,46865,204.76999999999998
5,46895,204.76999999999998
5,46897,204.76999999999998
5,46899,204.76999999999998
5,46915,204.76999999999998
5,46917,204.76999999999998
5,46931,204.76999999999998
5,46959,204.76999999999998
5,46975,204.76999999999998
5,46977,204.76999999999998
5,46993,204.76999999999998
5,47021,204.76999999999998
5,47035,204.76999999999998
5,47049,204.76999999999998
5,47051,204.76999999999998
5,47085,204.76999999999998
5,47111,204.76999999999998
5,47113,204.76999999999998
5,47127,204.76999999999998
5,47157,204.76999999999998
5,47185,204.76999999999998
5,47213,204.76999999999998
5,47231,204.76999999999998
5,47245,204.76999999999998
5,47261,204.76999999999998
5,47277,204.76999999999998
5,47305,204.76999999999998
5,47319,204.76999999999998
5,47321,204.76999999999998
5,47337,204.76999999999998
5,47363,204.76999999999998
5,47377,204.76999999999998
5,47391,204.76999999999998
5,47421,204.76999999999998
5,47423,204.76999999999998
5,47439,204.76999999999998
5,47467,204.76999999999998
5,47495,204.76999999999998
5,47509,204.76999999999998
5,47527,204.76999999999998
5,47541,204.76999999999998
5,47573,204.76999999999998
5,47601,204.76999999999998
5,47615,204.76999999999998
5,47631,204.76999999999998
5,47645,204.76999999999998
5,47673,204.76999999999998
5,47699,204.76999999999998
5,47725,204.76999999999998
5,47741,204.76999999999998
5,47767,204.76999999999998
5,47797,204.76999999999998
5,47823,204.76999999999998
5,47837,204.76999999999998
5,47855,204.76999999999998
5,47869,204.76999999999998
5,47895,204.76999999999998
5,47909,204.76999999999998
5,47937,204.76999999999998
5,47939,204.76999999999998
5,47941,204.76999999999998
5,47955,204.76999999999998
5,47983,204.76999999999998
5,47997,204.76999999999998
5,48027,204.76999999999998
5,48029,204.76999999999998
5,48031,204.76999999999998
5,48045,204.76999999999998
5,48059,204.76999999999998
5,48089,204.76999999999998
5,48121,204.76999999999998
5,48137,204.76999999999998
5,48139,204.76999999999998
5,48167,204.76999999999998
5,48193,204.76999999999998
5,48207,204.76999999999998
5,48225,204.76999999999998
5,48255,204.76999999999998
5,48269,204.76999999999998
5,48295,204.76999999999998
5,48309,204.76999999999998
5,48323,204.76999999999998
5,48325,204.76999999999998
5,48355,204.76999999999998
5,48385,204.76999999999998
5,48399,204.76999999999998
5,48413,204.76999999999998
5,48415,204.76999999999998
5,48431,204.76999999999998
5,48445,204.76999999999998
5,48463,204.76999999999998
5,48489,204.76999999999998
5,48515,204.76999999999998
5,48543,204.76999999999998
5,48575,204.76999999999998
5,48589,204.76999999999998
5,48591,204.76999999999998
5,48623,204.76999999999998
5,48637,204.76999999999998
5,48639,204.76999999999998
5,48641,204.76999999999998
5,48669,204.76999999999998
5,48697,204.76999999999998
5,48699,204.76999999999998
5,48715,204.76999999999998
5,48741,204.76999999999998
5,48773,204.76999999999998
5,48787,204.76999999999998
5,48815,204.76999999999998
5,48845,204.76999999999998
5,48859,204.76999999999998
5,48885,204.76999999999998
5,48911,204.76999999999998
5,48939,204.76999999999998
5,48969,204.76999999999998
5,48971,204.76999999999998
5,48997,204.76999999999998
5,49011,204.76999999999998
5,49043,204.76999999999998
5,49057,204.76999999999998
5,49083,211.94000000000005
5,49097,211.94000000000005
5,49123,211.94000000000005
5,49151,211.94000000000005
5,49181,211.94000000000005
5,49211,211.94000000000005
5,49225,211.94000000000005
5,49251,211.94000000000005
5,49279,211.94000000000005
5,49281,211.94000000000005
5,49295,211.94000000000005
5,49297,211.94000000000005
5,49323,211.94000000000005
5,49337,211.94000000000005
5,49365,211.94000000000005
5,49381,211.94000000000005
5,49395,211.94000000000005
5,49423,211.94000000000005
5,49425,211.94000000000005
5,49439,211.94000000000005
5,49453,211.94000000000005
5,49481,211.94000000000005
5,49495,211.94000000000005
5,49509,211.94000000000005
5,49525,211.94000000000005
5,49541,211.94000000000005
5,49543,211.94000000000005
5,49575,211.94000000000005
5,49603,211.94000000000005
5,49617,211.94000000000005
5,49645,215.87
5,49671,215.87
5,49701,215.87
5,49703,215.87
5,49717,215.87
5,49719,215.87
5,49745,215.87
5,49775,215.87
5,49791,215.87
5,49793,215.87
5,49809,215.87
5,49811,215.87
5,49825,215.87
5,49853,215.87
5,49879,215.87
5,49893,215.87
5,49925,215.87
5,49951,215.87
5,49965,215.87
5,49967,215.87
5,49981,215.87
5,49983,215.87
5,49997,215.87
5,50011,215.87
5,50025,215.87
5,50057,215.87
5,50083,215.87
5,50097,215.87
5,50099,215.87
5,50101,215.87
5,50103,215.87
5,50121,215.87
5,50147,215.87
5,50181,215.87
5,50197,215.87
5,50223,215.87
5,50251,215.87
6,40162,27.44999999999999
6,40178,27.44999999999999
6,44183,32.73000000000001
6,44209,51.84000000000002
6,44237,73.46000000000002
6,44263,73.46000000000002
6,44277,73.46000000000002
6,44279,73.46000000000002
6,44293,73.46000000000002
6,44307,73.46000000000002
6,44325,73.46000000000002
6,44351,73.46000000000002
6,44381,73.46000000000002
6,44395,73.46000000000002
6,44411,73.46000000000002
6,44443,73.46000000000002
6,44445,73.46000000000002
6,44447,73.46000000000002
6,44473,73.46000000000002
6,44499,73.46000000000002
6,44513,73.46000000000002
6,44539,73.46000000000002
6,44567,73.46000000000002
6,44569,73.46000000000002
6,44585,73.46000000000002
6,44605,73.46000000000002
6,44619,73.46000000000002
6,44633,73.46000000000002
6,44649,73.46000000000002
6,44679,73.46000000000002
6,44681,73.46000000000002
6,44695,73.46000000000002
6,44709,73.46000000000002
6,44723,73.46000000000002
6,44725,73.46000000000002
6,44745,73.46000000000002
6,44775,73.46000000000002
6,44789,73.46000000000002
6,44817,73.46000000000002
6,44831,73.46000000000002
6,44845,73.46000000000002
6,44871,73.46000000000002
6,44897,73.46000000000002
6,44931,73.46000000000002
6,44959,73.46000000000002
6,44989,73.46000000000002
6,44991,73.46000000000002
6,45005,73.46000000000002
6,45035,73.46000000000002
6,45037,73.46000000000002
6,45053,73.46000000000002
6,45069,73.46000000000002
6,45103,73.46000000000002
6,45129,73.46000000000002
6,45131,73.46000000000002
6,45145,73.46000000000002
6,45171,73.46000000000002
6,45203,73.46000000000002
6,45231,73.46000000000002
6,45233,73.46000000000002
6,45247,73.46000000000002
6,45249,73.46000000000002
6,45267,73.46000000000002
6,45285,73.46000000000002
6,45299,73.46000000000002
6,45329,73.46000000000002
6,45331,76.73999999999998
6,45349,76.73999999999998
6,45351,76.73999999999998
6,45379,76.73999999999998
6,45413,76.73999999999998
6,45427,76.73999999999998
6,45455,76.73999999999998
6,45473,76.73999999999998
6,45503,76.73999999999998
6,45517,76.73999999999998
6,45531,79.82
6,45549,79.82
6,45579,79.82
6,45607,85.88000000000001
6,45635,85.88000000000001
6,45649,85.88000000000001
6,45663,94.92999999999999
6,45679,94.92999999999999
6,45693,94.92999999999999
6,45711,94.92999999999999
6,45713,97.01999999999991
6,45743,97.01999999999991
6,45757,97.01999999999991
6,45759,97.01999999999991
6,45773,97.01999999999991
6,45809,97.01999999999991
6,45841,97.01999999999991
6,45855,97.01999999999991
6,45881,97.01999999999991
6,45897,97.01999999999991
6,45923,97.01999999999991
6,45925,97.01999999999991
6,45941,97.01999999999991
6,45955,97.01999999999991
6,45957,97.01999999999991
6,45985,97.01999999999991
6,45987,97.01999999999991
6,46001,97.01999999999991
6,46029,97.01999999999991
6,46045,97.01999999999991
6,46075,97.01999999999991
6,46089,97.01999999999991
6,46105,97.01999999999991
6,46119,97.01999999999991
6,46147,97.62
6,46163,97.62
6,46179,97.62
6,46205,97.62
6,46231,97.62
6,46233,97.62
6,46247,97.62
6,46275,97.62
6,46293,97.62
6,46307,97.62
6,46339,97.62
6,46353,97.62
6,46367,97.62
6,46395,97.62
6,46423,97.62
6,46437,97.62
6,46451,97.62
6,46477,97.62
6,46491,97.62
6,46517,97.62
6,46545,97.62
6,46561,97.62
6,46589,97.62
6,46603,97.62
6,46635,97.62
6,46667,97.62
6,46683,97.62
6,46697,97.62
6,46711,97.62
6,46737,97.62
6,46751,97.62
6,46767,97.62
6,46793,97.62
6,46823,97.62
6,46837,97.62
6,46851,97.62
6,46853,97.62
6,46871,97.62
6,46899,97.62
6,46913,100.95000000000002
6,46915,100.95000000000002
6,46929,100.95000000000002
6,46963,100.95000000000002
6,46965,100.95000000000002
6,46995,100.95000000000002
6,47009,100.95000000000002
6,47043,100.95000000000002
6,47057,100.95000000000002
6,47071,100.95000000000002
6,47093,100.95000000000002
6,47123,100.95000000000002
6,47151,100.95000000000002
6,47153,100.95000000000002
6,47169,100.95000000000002
6,47183,105.22999999999999
6,47215,105.22999999999999
6,47231,105.22999999999999
6,47261,105.22999999999999
6,47289,105.22999999999999
6,47315,109.59000000000003
6,47331,109.59000000000003
6,47345,109.59000000000003
6,47347,110.12999999999997
6,47375,110.12999999999997
6,47391,110.12999999999997
6,47423,110.12999999999997
6,47437,110.12999999999997
6,47451,110.12999999999997
6,47477,110.12999999999997
6,47491,110.12999999999997
6,47507,110.12999999999997
6,47521,110.12999999999997
6,47537,110.12999999999997
6,47551,110.12999999999997
6,47553,110.12999999999997
6,47571,110.12999999999997
6,47587,110.12999999999997
6,47615,110.12999999999997
6,47641,110.12999999999997
6,47655,110.12999999999997
6,47683,110.12999999999997
6,47715,110.12999999999997
6,47729,110.12999999999997
6,47743,110.12999999999997
6,47771,110.12999999999997
6,47803,110.12999999999997
6,47817,110.12999999999997
6,47849,110.12999999999997
6,47851,110.12999999999997
6,47883,110.12999999999997
6,47897,110.12999999999997
6,47899,110.12999999999997
6,47925,110.12999999999997
6,47951,117.28999999999999
6,47987,117.28999999999999
6,48021,117.28999999999999
6,48037,117.28999999999999
6,48071,117.28999999999999
6,48085,117.28999999999999
6,48111,117.28999999999999
6,48125,252.33000000000007
6,48143,257.7899999999999
6,48169,257.7899999999999
6,48199,257.7899999999999
6,48217,257.7899999999999
6,48243,257.7899999999999
6,48257,257.7899999999999
6,48287,257.7899999999999
6,48315,257.7899999999999
6,48329,257.7899999999999
6,48343,257.7899999999999
6,48357,257.7899999999999
6,48371,257.7899999999999
6,48401,257.7899999999999
6,48415,257.7899999999999
6,48445,257.7899999999999
6,48447,257.7899999999999
6,48463,257.7899999999999
6,48479,257.7899999999999
6,48493,257.7899999999999
6,48509,257.7899999999999
6,48539,257.7899999999999
6,48553,257.7899999999999
6,48555,257.7899999999999
6,48569,257.7899999999999
6,48585,257.7899999999999
6,48599,257.7899999999999
6,48633,257.7899999999999
6,48647,257.7899999999999
6,48649,257.7899999999999
6,48651,257.7899999999999
6,48665,257.7899999999999
6,48679,257.7899999999999
6,48681,257.7899999999999
6,48683,257.7899999999999
6,48697,257.7899999999999
6,48715,257.7899999999999
6,48729,257.7899999999999
6,48731,257.7899999999999
6,48747,257.7899999999999
6,48773,257.7899999999999
6,48775,257.7899999999999
6,48807,257.7899999999999
6,48823,257.7899999999999
6,48839,257.7899999999999
6,48865,257.7899999999999
6,48891,257.7899999999999
6,48919,257.7899999999999
6,48933,257.7899999999999
6,48959,257.7899999999999
6,48975,257.7899999999999
6,48991,257.7899999999999
6,48993,257.7899999999999
6,49019,257.7899999999999
6,49047,257.7899999999999
6,49061,257.7899999999999
6,49095,257.7899999999999
6,49097,257.7899999999999
6,49099,257.7899999999999
6,49129,257.7899999999999
6,49159,257.7899999999999
6,49161,257.7899999999999
6,49179,257.7899999999999
6,49205,257.7899999999999
6,49219,257.7899999999999
6,49233,257.7899999999999
6,49251,257.7899999999999
6,49277,257.7899999999999
6,49291,257.7899999999999
6,49307,257.7899999999999
6,49323,257.7899999999999
6,49339,257.7899999999999
6,49353,257.7899999999999
6,49379,257.7899999999999
6,49395,257.7899999999999
6,49409,257.7899999999999
6,49437,257.7899999999999
6,49453,261.96
6,49469,261.96
6,49471,261.96
6,49497,265.19
6,49499,265.19
6,49525,265.19
6,49545,265.19
6,49561,265.19
6,49575,265.19
6,49603,265.19
6,49629,265.19
6,49659,265.19
6,49673,265.19
6,49687,265.19
6,49713,265.19
6,49741,265.19
6,49743,265.19
6,49759,265.19
6,49761,265.19
6,49793,265.19
6,49795,265.19
6,49827,265.19
6,49841,265.19
6,49857,265.19
6,49859,265.19
6,49861,265.19
6,49887,265.19
6,49915,265.19
6,49941,265.19
6,49971,265.19
6,49985,265.19
6,50013,265.19
6,50041,265.19
6,50067,265.19
6,50095,265.19
6,50111,265.19
6,50137,265.19
6,50155,265.19
7,40502,27.61999999999999
7,40504,28.009999999999994
7,40522,28.009999999999994
7,40536,28.180000000000007
7,40552,28.180000000000007
7,40578,48.11999999999999
7,44613,48.11999999999999
7,44641,48.11999999999999
7,44655,48.11999999999999
7,44685,48.11999999999999
7,44715,48.11999999999999
7,44731,48.11999999999999
7,44757,48.11999999999999
7,44783,48.11999999999999
7,44809,48.11999999999999
7,44827,48.11999999999999
7,44841,48.11999999999999
7,44867,50.379999999999974
7,44897,50.379999999999974
7,44925,50.379999999999974
7,44939,50.379999999999974
7,44941,50.379999999999974
7,44955,55.629999999999995
7,44969,55.629999999999995
7,44997,55.629999999999995
7,45025,55.629999999999995
7,45027,55.629999999999995
7,45043,55.629999999999995
7,45057,55.629999999999995
7,45087,55.629999999999995
7,45101,58.69999999999998
7,45103,58.69999999999998
7,45131,65.84
7,45133,65.84
7,45151,65.84
7,45167,65.84
7,45169,65.84
7,45197,65.84
7,45231,68.16999999999999
7,45261,68.16999999999999
7,45275,68.16999999999999
7,45307,68.16999999999999
7,45335,68.16999999999999
7,45365,79.32000000000001
7,45393,79.32000000000001
7,45395,79.32000000000001
7,45397,79.32000000000001
7,45413,79.32000000000001
7,45431,79.32000000000001
7,45457,79.32000000000001
7,45485,79.32000000000001
7,45517,79.32000000000001
7,45531,79.32000000000001
7,45565,79.32000000000001
7,45593,79.32000000000001
7,45623,79.32000000000001
7,45649,79.32000000000001
7,45677,79.32000000000001
7,45679,79.32000000000001
7,45711,79.32000000000001
7,45713,79.32000000000001
7,45727,79.32000000000001
7,45743,79.32000000000001
7,45769,79.32000000000001
7,45785,79.32000000000001
7,45803,79.32000000000001
7,45817,87.35000000000007
7,45831,87.35000000000007
7,45859,87.35000000000007
7,45875,87.35000000000007
7,45877,87.35000000000007
7,45893,87.35000000000007
7,45895,87.35000000000007
7,45911,89.74999999999999
7,45925,89.74999999999999
7,45927,89.74999999999999
7,45953,89.74999999999999
7,45979,89.74999999999999
7,46013,89.74999999999999
7,46027,89.74999999999999
7,46057,89.74999999999999
7,46071,89.74999999999999
7,46087,89.74999999999999
7,46101,89.74999999999999
7,46115,89.74999999999999
7,46129,89.74999999999999
7,46143,89.74999999999999
7,46161,89.74999999999999
7,46175,89.74999999999999
7,46191,89.74999999999999
7,46193,89.74999999999999
7,46207,89.74999999999999
7,46223,89.74999999999999
7,46255,89.74999999999999
7,46273,89.74999999999999
7,46301,89.74999999999999
7,46303,89.74999999999999
7,46305,89.74999999999999
7,46319,89.74999999999999
7,46335,89.74999999999999
7,46367,89.74999999999999
7,46395,89.74999999999999
7,46397,89.74999999999999
7,46399,89.74999999999999
7,46417,89.74999999999999
7,46431,89.74999999999999
7,46445,89.74999999999999
7,46475,89.74999999999999
7,46511,89.74999999999999
7,46541,93.59000000000003
7,46569,93.59000000000003
7,46595,93.59000000000003
7,46611,93.59000000000003
7,46613,93.59000000000003
7,46639,93.59000000000003
7,46653,93.59000000000003
7,46683,93.59000000000003
7,46697,93.59000000000003
7,46713,93.59000000000003
7,46729,93.59000000000003
7,46731,93.59000000000003
7,46733,93.59000000000003
7,46753,93.59000000000003
7,46767,93.59000000000003
7,46797,93.59000000000003
7,46811,97.50000000000003
7,46837,97.50000000000003
7,46863,97.50000000000003
7,46889,97.50000000000003
7,46903,97.50000000000003
7,46929,97.50000000000003
7,46945,97.50000000000003
7,46975,97.50000000000003
7,46993,101.90999999999998
7,47009,101.90999999999998
7,47011,101.90999999999998
7,47027,101.90999999999998
7,47043,101.90999999999998
7,47069,101.90999999999998
7,47083,101.90999999999998
7,47099,101.90999999999998
7,47101,101.90999999999998
7,47103,101.90999999999998
7,47117,101.90999999999998
7,47131,101.90999999999998
7,47145,101.90999999999998
7,47177,101.90999999999998
7,47191,101.90999999999998
7,47205,101.90999999999998
7,47231,101.90999999999998
7,47247,101.90999999999998
7,47249,101.90999999999998
7,47277,114.29999999999995
7,47309,114.29999999999995
7,47311,114.29999999999995
7,47327,114.29999999999995
7,47353,114.29999999999995
7,47355,114.29999999999995
7,47383,114.29999999999995
7,47397,114.29999999999995
7,47413,114.29999999999995
7,47415,114.29999999999995
7,47431,114.29999999999995
7,47447,114.29999999999995
7,47473,114.29999999999995
7,47487,114.29999999999995
7,47501,114.29999999999995
7,47515,114.29999999999995
7,47541,114.29999999999995
7,47543,114.29999999999995
7,47561,114.29999999999995
7,47575,114.29999999999995
7,47577,126.02999999999997
7,47607,126.02999999999997
7,47641,126.02999999999997
7,47643,126.02999999999997
7,47657,126.02999999999997
7,47671,126.02999999999997
7,47707,126.02999999999997
7,47725,126.02999999999997
7,47739,126.02999999999997
7,47765,126.02999999999997
7,47795,126.02999999999997
7,47825,126.02999999999997
7,47839,126.02999999999997
7,47855,126.02999999999997
7,47885,126.02999999999997
7,47901,126.02999999999997
7,47927,126.02999999999997
7,47941,126.02999999999997
7,47957,126.02999999999997
7,47973,126.02999999999997
7,48001,126.02999999999997
7,48003,126.02999999999997
7,48017,126.02999999999997
7,48045,126.02999999999997
7,48059,126.02999999999997
7,48085,126.02999999999997
7,48099,126.02999999999997
7,48115,126.02999999999997
7,48129,126.02999999999997
7,48143,126.02999999999997
7,48145,126.02999999999997
7,48161,126.02999999999997
7,48189,126.02999999999997
7,48205,126.02999999999997
7,48233,126.02999999999997
7,48247,126.02999999999997
7,48273,126.02999999999997
7,48287,126.02999999999997
7,48313,126.02999999999997
7,48331,126.02999999999997
7,48357,126.02999999999997
7,48359,126.02999999999997
7,48375,126.02999999999997
7,48403,126.02999999999997
7,48421,126.02999999999997
7,48435,126.02999999999997
7,48449,126.02999999999997
7,48465,126.02999999999997
7,48481,126.02999999999997
7,48507,126.02999999999997
7,48535,126.02999999999997
7,48561,126.02999999999997
7,48581,126.02999999999997
7,48601,126.02999999999997
7,48615,126.02999999999997
7,48631,126.02999999999997
7,48633,126.02999999999997
7,48663,126.02999999999997
7,48679,126.02999999999997
7,48705,126.02999999999997
7,48733,126.02999999999997
7,48759,126.02999999999997
7,48773,126.02999999999997
7,48787,126.02999999999997
7,48805,126.02999999999997
7,48821,126.02999999999997
7,48835,126.02999999999997
7,48853,126.02999999999997
7,48869,126.02999999999997
7,48887,126.02999999999997
7,48889,126.02999999999997
7,48903,126.02999999999997
7,48933,126.02999999999997
7,48961,126.02999999999997
7,48963,126.02999999999997
7,48965,126.02999999999997
7,48967,126.02999999999997
7,48983,126.02999999999997
7,48999,126.02999999999997
7,49013,126.02999999999997
7,49027,126.02999999999997
7,49053,126.02999999999997
7,49083,126.02999999999997
7,49115,126.02999999999997
7,49143,126.02999999999997
7,49157,126.02999999999997
7,49185,126.02999999999997
7,49199,126.02999999999997
7,49229,126.02999999999997
7,49231,126.02999999999997
7,49245,126.02999999999997
7,49273,126.02999999999997
7,49301,126.02999999999997
7,49303,126.02999999999997
7,49331,126.02999999999997
7,49357,126.02999999999997
7,49385,126.02999999999997
7,49411,126.78999999999996
7,49425,131.57
7,49439,131.57
7,49455,131.57
7,49457,131.57
7,49471,131.57
7,49487,131.57
7,49513,131.57
7,49541,131.57
7,49567,131.57
7,49581,131.57
7,49595,131.57
7,49623,131.57
7,49651,131.57
7,49665,131.57
7,49679,131.57
7,49681,131.57
7,49707,131.57
7,49741,131.57
7,49743,131.57
7,49757,131.57
7,49783,131.57
7,49801,131.57
7,49817,131.57
7,49843,131.57
7,49857,131.57
7,49873,131.57
7,49887,131.57
7,49901,131.57
7,49919,131.57
7,49953,131.57
7,49979,131.57
7,50011,131.57
7,50039,131.57
7,50041,131.57
7,50069,131.57
7,50083,131.57
7,50109,131.57
7,50139,131.57
7,50157,131.57
7,50173,131.57
7,50187,131.57
7,50201,131.57
7,50217,131.57
7,50243,131.57
7,50273,131.57
7,50299,131.57
7,50329,131.57
7,50359,131.57
7,50389,131.57
7,50391,131.57
7,50393,131.57
7,50407,131.57
7,50421,131.57
7,50437,140.15
7,50451,140.15
7,50471,140.15
7,50487,140.15
8,40254,28.740000000000002
8,40284,29.02999999999999
8,40310,35.660000000000004
8,40340,35.660000000000004
8,40354,35.660000000000004
8,40368,40.22000000000001
8,44349,40.22000000000001
8,44377,40.22000000000001
8,44405,40.30999999999996
8,44421,41.03999999999999
8,44423,41.03999999999999
8,44437,41.03999999999999
8,44453,41.03999999999999
8,44481,41.03999999999999
8,44513,41.03999999999999
8,44515,41.03999999999999
8,44529,43.580000000000005
8,44543,43.580000000000005
8,44573,43.580000000000005
8,44575,43.580000000000005
8,44589,52.49
8,44591,52.49
8,44605,52.49
8,44607,52.49
8,44637,60.730000000000004
8,44651,60.730000000000004
8,44665,60.730000000000004
8,44691,60.730000000000004
8,44693,60.730000000000004
8,44719,60.730000000000004
8,44721,60.730000000000004
8,44749,60.730000000000004
8,44751,60.730000000000004
8,44765,60.730000000000004
8,44791,60.730000000000004
8,44817,61.160000000000004
8,44831,61.160000000000004
8,44833,62.34
8,44847,62.34
8,44877,78.97999999999999
8,44905,78.97999999999999
8,44921,78.97999999999999
8,44937,78.97999999999999
8,44951,78.97999999999999
8,44953,78.97999999999999
8,44983,78.97999999999999
8,44999,78.97999999999999
8,45025,78.97999999999999
8,45041,146.39
8,45069,146.39
8,45083,146.39
8,45085,146.39
8,45099,146.39
8,45113,146.39
8,45115,146.39
8,45133,146.39
8,45149,146.39
8,45177,146.39
8,45191,146.39
8,45221,146.39
8,45235,146.39
8,45265,146.39
8,45279,146.39
8,45295,146.39
8,45309,146.39
8,45335,146.39
8,45353,146.39
8,45355,146.39
8,45371,146.39
8,45403,146.39
8,45433,146.39
8,45447,146.39
8,45473,146.39
8,45475,146.39
8,45491,146.39
8,45517,146.39
8,45531,146.39
8,45557,146.39
8,45573,146.39
8,45605,146.39
8,45623,146.39
8,45653,146.39
8,45667,149.4600000000001
8,45669,149.4600000000001
8,45697,149.4600000000001
8,45715,149.4600000000001
8,45747,149.4600000000001
8,45749,149.4600000000001
8,45765,149.4600000000001
8,45795,149.4600000000001
8,45813,149.4600000000001
8,45827,161.71999999999994
8,45841,161.71999999999994
8,45855,161.71999999999994
8,45869,161.71999999999994
8,45887,161.71999999999994
8,45913,161.71999999999994
8,45915,161.71999999999994
8,45941,161.71999999999994
8,45969,161.71999999999994
8,45985,161.71999999999994
8,46011,161.71999999999994
8,46037,161.71999999999994
8,46051,161.71999999999994
8,46077,161.71999999999994
8,46103,161.71999999999994
8,46117,161.71999999999994
8,46119,161.71999999999994
8,46133,161.71999999999994
8,46135,161.71999999999994
8,46161,161.71999999999994
8,46163,161.71999999999994
8,46165,161.71999999999994
8,46191,161.71999999999994
8,46205,161.71999999999994
8,46219,161.71999999999994
8,46233,161.71999999999994
8,46259,161.71999999999994
8,46273,161.71999999999994
8,46287,161.71999999999994
8,46313,161.71999999999994
8,46329,161.71999999999994
8,46343,161.71999999999994
8,46357,161.71999999999994
8,46383,161.71999999999994
8,46415,161.71999999999994
8,46449,161.71999999999994
8,46463,161.71999999999994
8,46491,161.71999999999994
8,46505,161.71999999999994
8,46507,161.71999999999994
8,46521,181.21000000000004
8,46535,181.21000000000004
8,46553,181.21000000000004
8,46579,181.21000000000004
8,46581,181.21000000000004
8,46597,181.21000000000004
8,46611,181.21000000000004
8,46639,181.21000000000004
8,46665,181.21000000000004
8,46685,181.21000000000004
8,46707,181.21000000000004
8,46735,181.21000000000004
8,46765,181.21000000000004
8,46779,181.21000000000004
8,46793,181.21000000000004
8,46795,181.21000000000004
8,46797,181.21000000000004
8,46799,181.21000000000004
8,46801,181.21000000000004
8,46817,181.21000000000004
8,46845,181.21000000000004
8,46859,181.21000000000004
8,46885,181.21000000000004
8,46901,181.21000000000004
8,46917,181.21000000000004
8,46947,181.21000000000004
8,46949,181.21000000000004
8,46963,181.21000000000004
8,46977,181.21000000000004
8,47005,181.21000000000004
8,47007,181.21000000000004
8,47039,181.21000000000004
8,47055,181.21000000000004
8,47081,181.21000000000004
8,47109,181.21000000000004
8,47137,181.21000000000004
8,47151,181.21000000000004
8,47169,181.21000000000004
8,47185,181.21000000000004
8,47199,181.21000000000004
8,47213,181.21000000000004
8,47229,181.21000000000004
8,47259,181.21000000000004
8,47287,181.21000000000004
8,47315,181.21000000000004
8,47343,181.21000000000004
8,47357,181.21000000000004
8,47383,181.21000000000004
8,47411,181.21000000000004
8,47413,181.21000000000004
8,47427,181.21000000000004
8,47441,181.21000000000004
8,47457,181.21000000000004
8,47473,181.21000000000004
8,47499,181.21000000000004
8,47529,181.21000000000004
8,47555,181.21000000000004
8,47583,181.21000000000004
8,47615,181.21000000000004
8,47631,181.21000000000004
8,47665,181.21000000000004
8,47667,181.21000000000004
8,47695,181.21000000000004
8,47709,181.21000000000004
8,47711,181.21000000000004
8,47725,181.21000000000004
8,47739,181.21000000000004
8,47753,181.21000000000004
8,47781,181.21000000000004
8,47795,181.21000000000004
8,47797,181.21000000000004
8,47823,181.21000000000004
8,47849,184.07
8,47863,184.07
8,47879,184.07
8,47893,184.20999999999992
8,47909,184.20999999999992
8,47923,184.20999999999992
8,47941,184.20999999999992
8,47969,194.62999999999997
8,47985,194.62999999999997
8,48015,205.61000000000007
8,48041,205.61000000000007
8,48075,205.61000000000007
8,48077,205.61000000000007
8,48107,205.61000000000007
8,48123,205.61000000000007
8,48151,205.61000000000007
8,48165,205.61000000000007
8,48179,205.61000000000007
8,48195,205.61000000000007
8,48221,205.61000000000007
8,48247,205.61000000000007
8,48263,205.61000000000007
8,48295,205.61000000000007
8,48325,205.61000000000007
8,48353,205.61000000000007
8,48383,205.61000000000007
8,48397,205.61000000000007
8,48413,205.61000000000007
8,48427,205.61000000000007
8,48429,205.61000000000007
8,48443,205.61000000000007
8,48471,205.61000000000007
8,48503,205.61000000000007
8,48517,205.61000000000007
8,48533,205.61000000000007
8,48535,205.61000000000007
8,48537,205.61000000000007
8,48551,205.61000000000007
8,48553,205.61000000000007
8,48555,205.61000000000007
8,48569,205.61000000000007
8,48583,205.61000000000007
8,48615,205.61000000000007
8,48617,205.61000000000007
8,48633,205.61000000000007
8,48661,205.61000000000007
8,48689,205.61000000000007
8,48721,205.61000000000007
8,48735,205.61000000000007
8,48763,205.61000000000007
8,48797,205.61000000000007
8,48825,205.61000000000007
8,48839,205.61000000000007
8,48853,205.61000000000007
8,48869,205.61000000000007
8,48883,205.61000000000007
8,48909,205.61000000000007
8,48935,205.61000000000007
8,48965,205.61000000000007
8,48967,205.61000000000007
8,48983,205.61000000000007
8,49001,205.61000000000007
8,49027,205.61000000000007
8,49059,205.61000000000007
8,49075,205.61000000000007
8,49105,205.61000000000007
8,49107,208.18000000000004
8,49123,208.18000000000004
8,49151,208.18000000000004
8,49179,208.18000000000004
8,49195,208.18000000000004
8,49197,208.18000000000004
8,49211,208.18000000000004
8,49213,208.18000000000004
8,49243,208.18000000000004
8,49245,208.18000000000004
8,49271,213.44
8,49287,213.44
8,49305,213.44
8,49333,213.44
8,49359,213.44
8,49373,213.44
8,49387,213.44
8,49415,213.44
8,49417,213.44
8,49443,213.44
8,49461,213.44
8,49487,213.44
8,49503,213.44
8,49531,213.44
8,49557,213.44
8,49571,213.44
8,49585,213.44
8,49599,213.44
8,49619,213.44
8,49645,213.44
8,49647,213.44
8,49661,213.44
8,49687,213.44
8,49689,213.44
8,49703,213.44
8,49729,213.44
8,49745,213.44
8,49747,213.44
8,49749,213.44
8,49777,213.44
8,49791,213.44
8,49793,213.44
8,49823,213.44
8,49849,213.44
8,49877,213.44
8,49891,213.44
8,49905,213.44
8,49931,219.2100000000001
8,49947,219.2100000000001
8,49963,219.2100000000001
8,49965,219.2100000000001
8,49991,219.2100000000001
8,50019,219.2100000000001
8,50051,219.2100000000001
8,50069,219.2100000000001
8,50099,219.2100000000001
8,50131,219.2100000000001
8,50145,219.2100000000001
8,50171,219.2100000000001
8,50173,219.2100000000001
8,50199,219.2100000000001
8,50213,219.2100000000001
8,50227,219.2100000000001
8,50255,219.2100000000001
9,40606,27.829999999999995
9,40620,27.829999999999995
9,40622,27.829999999999995
9,44579,27.829999999999995
9,44593,27.859999999999985
9,44607,34.940000000000005
9,44641,34.940000000000005
9,44675,34.940000000000005
9,44691,34.940000000000005
9,44705,34.940000000000005
9,44721,34.940000000000005
9,44735,34.940000000000005
9,44749,35.36999999999998
9,44779,35.36999999999998
9,44793,40.69999999999999
9,44819,41.559999999999974
9,44833,48.64000000000001
9,44835,48.64000000000001
9,44867,48.64000000000001
9,44895,48.64000000000001
9,44913,48.64000000000001
9,44915,51.99999999999999
9,44929,51.99999999999999
9,44943,53.970000000000006
9,44961,53.970000000000006
9,44963,53.970000000000006
9,44979,60.05000000000001
9,45013,60.05000000000001
9,45033,60.05000000000001
9,45049,60.05000000000001
9,45079,60.05000000000001
9,45093,60.05000000000001
9,45095,60.05000000000001
9,45111,60.05000000000001
9,45137,60.05000000000001
9,45151,81.66
9,45153,81.66
9,45169,81.66
9,45185,81.66
9,45199,81.66
9,45213,81.66
9,45229,81.66
9,45243,104.93
9,45269,104.93
9,45283,104.93
9,45297,104.93
9,45323,104.93
9,45341,104.93
9,45355,104.93
9,45369,104.93
9,45401,104.93
9,45415,104.93
9,45429,104.93
9,45463,104.93
9,45465,104.93
9,45491,111.2
9,45505,111.2
9,45519,111.2
9,45535,111.75999999999996
9,45549,111.75999999999996
9,45579,111.75999999999996
9,45609,111.75999999999996
9,45643,111.75999999999996
9,45671,111.75999999999996
9,45685,111.75999999999996
9,45711,111.75999999999996
9,45725,111.75999999999996
9,45739,121.48999999999998
9,45753,121.48999999999998
9,45779,121.48999999999998
9,45809,121.48999999999998
9,45825,121.48999999999998
9,45855,121.48999999999998
9,45881,121.48999999999998
9,45883,121.48999999999998
9,45899,121.48999999999998
9,45927,121.48999999999998
9,45953,121.48999999999998
9,45955,121.48999999999998
9,45981,121.48999999999998
9,45983,121.48999999999998
9,46013,121.48999999999998
9,46045,121.48999999999998
9,46059,121.48999999999998
9,46073,121.48999999999998
9,46087,121.48999999999998
9,46101,121.48999999999998
9,46117,121.48999999999998
9,46119,121.48999999999998
9,46121,121.48999999999998
9,46151,121.48999999999998
9,46181,121.48999999999998
9,46207,121.48999999999998
9,46233,121.48999999999998
9,46259,121.48999999999998
9,46261,121.48999999999998
9,46263,121.48999999999998
9,46277,121.48999999999998
9,46303,121.48999999999998
9,46319,121.48999999999998
9,46337,121.48999999999998
9,46365,121.48999999999998
9,46367,121.48999999999998
9,46385,121.48999999999998
9,46399,121.48999999999998
9,46427,121.48999999999998
9,46429,121.48999999999998
9,46431,121.48999999999998
9,46461,121.48999999999998
9,46489,121.48999999999998
9,46507,121.48999999999998
9,46533,121.48999999999998
9,46561,121.48999999999998
9,46591,121.48999999999998
9,46619,121.48999999999998
9,46645,121.48999999999998
9,46673,121.48999999999998
9,46675,121.48999999999998
9,46689,121.48999999999998
9,46707,121.48999999999998
9,46735,121.48999999999998
9,46751,121.48999999999998
9,46777,121.48999999999998
9,46779,121.48999999999998
9,46805,121.48999999999998
9,46819,121.48999999999998
9,46821,121.48999999999998
9,46851,121.48999999999998
9,46877,129.10999999999993
9,46879,129.10999999999993
9,46895,129.10999999999993
9,46925,129.10999999999993
9,46927,129.10999999999993
9,46929,129.10999999999993
9,46947,129.10999999999993
9,46963,129.10999999999993
9,46979,129.10999999999993
9,47013,129.10999999999993
9,47029,129.10999999999993
9,47045,129.10999999999993
9,47071,129.10999999999993
9,47085,129.10999999999993
9,47111,129.10999999999993
9,47139,129.10999999999993
9,47153,129.10999999999993
9,47179,129.10999999999993
9,47193,129.10999999999993
9,47207,129.10999999999993
9,47209,129.10999999999993
9,47235,129.10999999999993
9,47249,129.10999999999993
9,47277,129.10999999999993
9,47295,129.10999999999993
9,47309,129.10999999999993
9,47339,129.10999999999993
9,47365,129.10999999999993
9,47367,129.10999999999993
9,47369,129.10999999999993
9,47383,129.10999999999993
9,47399,129.10999999999993
9,47401,129.10999999999993
9,47403,129.10999999999993
9,47429,129.10999999999993
9,47443,129.10999999999993
9,47469,129.10999999999993
9,47471,129.10999999999993
9,47485,129.10999999999993
9,47501,129.10999999999993
9,47503,129.10999999999993
9,47517,129.10999999999993
9,47531,129.10999999999993
9,47547,129.10999999999993
9,47561,129.10999999999993
9,47575,129.10999999999993
9,47605,129.10999999999993
9,47619,129.10999999999993
9,47621,129.10999999999993
9,47637,129.10999999999993
9,47663,129.10999999999993
9,47689,129.10999999999993
9,47703,129.10999999999993
9,47705,129.10999999999993
9,47721,129.10999999999993
9,47749,129.10999999999993
9,47765,129.10999999999993
9,47783,129.10999999999993
9,47797,129.10999999999993
9,47825,129.10999999999993
9,47839,129.10999999999993
9,47853,129.10999999999993
9,47855,129.10999999999993
9,47881,129.10999999999993
9,47883,129.10999999999993
9,47899,129.10999999999993
9,47929,129.10999999999993
9,47961,129.10999999999993
9,47975,129.10999999999993
9,47989,129.10999999999993
9,48003,129.10999999999993
9,48005,129.10999999999993
9,48019,129.10999999999993
9,48035,129.10999999999993
9,48049,129.10999999999993
9,48077,129.10999999999993
9,48115,129.10999999999993
9,48141,129.10999999999993
9,48155,129.10999999999993
9,48169,129.10999999999993
9,48195,129.10999999999993
9,48225,129.10999999999993
9,48253,129.10999999999993
9,48285,129.10999999999993
9,48319,129.10999999999993
9,48333,129.10999999999993
9,48363,129.10999999999993
9,48389,129.10999999999993
9,48403,129.10999999999993
9,48417,129.10999999999993
9,48431,129.10999999999993
9,48457,129.10999999999993
9,48483,129.10999999999993
9,48513,129.10999999999993
9,48515,129.10999999999993
9,48543,129.10999999999993
9,48557,129.10999999999993
9,48587,129.10999999999993
9,48603,129.10999999999993
9,48619,129.10999999999993
9,48639,129.10999999999993
9,48669,129.10999999999993
9,48687,129.10999999999993
9,48701,129.10999999999993
9,48729,129.10999999999993
9,48745,129.10999999999993
9,48771,129.10999999999993
9,48789,129.10999999999993
9,48817,129.10999999999993
9,48833,129.10999999999993
9,48851,129.10999999999993
9,48881,129.10999999999993
9,48897,129.10999999999993
9,48913,129.10999999999993
9,48915,129.10999999999993
9,48929,129.10999999999993
9,48945,129.10999999999993
9,48947,129.10999999999993
9,48963,129.10999999999993
9,48979,129.10999999999993
9,48993,129.10999999999993
9,49023,129.10999999999993
9,49051,129.10999999999993
9,49065,129.10999999999993
9,49091,134.22000000000008
9,49105,134.22000000000008
9,49121,134.22000000000008
9,49153,134.22000000000008
9,49167,134.22000000000008
9,49195,134.22000000000008
9,49209,134.22000000000008
9,49237,134.22000000000008
9,49251,134.22000000000008
9,49267,134.22000000000008
9,49297,134.22000000000008
9,49315,134.22000000000008
9,49345,134.22000000000008
9,49371,134.22000000000008
9,49389,134.22000000000008
9,49415,134.22000000000008
9,49431,134.22000000000008
9,49459,134.22000000000008
9,49473,134.22000000000008
9,49487,134.22000000000008
9,49501,134.22000000000008
9,49527,134.22000000000008
9,49541,134.22000000000008
9,49555,134.22000000000008
9,49569,134.22000000000008
9,49583,134.22000000000008
9,49599,134.22000000000008
9,49615,134.22000000000008
9,49629,134.22000000000008
9,49643,134.22000000000008
9,49657,134.22000000000008
9,49683,134.22000000000008
9,49699,134.22000000000008
9,49701,134.22000000000008
9,49731,134.22000000000008
9,49765,134.22000000000008
9,49781,134.22000000000008
9,49795,134.22000000000008
9,49811,134.22000000000008
9,49841,134.22000000000008
9,49857,134.22000000000008
9,49883,134.22000000000008
9,49897,134.22000000000008
9,49913,134.22000000000008
9,49939,134.22000000000008
9,49965,134.22000000000008
9,49981,134.22000000000008
9,50011,134.22000000000008
9,50025,134.22000000000008
9,50039,134.22000000000008
9,50041,134.22000000000008
9,50069,134.22000000000008
9,50087,134.22000000000008
9,50101,134.22000000000008
9,50103,134.22000000000008
9,50105,134.22000000000008
9,50121,134.22000000000008
9,50135,134.22000000000008
9,50165,134.22000000000008
9,50193,134.22000000000008
9,50207,134.22000000000008
9,50235,134.22000000000008
9,50249,134.22000000000008
9,50275,134.22000000000008
9,50277,134.22000000000008
9,50305,134.22000000000008
9,50335,134.22000000000008
9,50361,134.22000000000008
9,50391,134.22000000000008
9,50407,134.22000000000008
9,50409,134.22000000000008
9,50423,134.22000000000008
9,50449,134.22000000000008
9,50463,134.22000000000008
9,50477,134.22000000000008
9,50507,134.22000000000008
9,50521,134.22000000000008
9,50549,134.22000000000008
9,50563,134.22000000000008
9,50593,134.22000000000008
9,50621,134.22000000000008
10,40364,27.41
10,40394,27.41
10,40408,36.59999999999998
10,40434,36.59999999999998
10,40436,36.59999999999998
10,40468,36.59999999999998
10,40500,37.83000000000001
10,40526,37.83000000000001
10,40542,37.83000000000001
10,40556,37.83000000000001
10,40572,37.83000000000001
10,40598,45.980000000000004
10,40614,52.07
10,40642,52.07
10,40656,52.07
10,40674,52.07
10,40676,52.07
10,40678,52.07
10,40696,56.96999999999999
10,40728,56.96999999999999
10,40762,56.96999999999999
10,40776,56.96999999999999
10,40808,56.96999999999999
10,40822,56.96999999999999
10,40838,56.96999999999999
10,40852,56.96999999999999
10,40872,56.96999999999999
10,40888,56.96999999999999
10,44981,56.96999999999999
10,45013,56.96999999999999
10,45015,56.96999999999999
10,45051,56.96999999999999
10,45065,60.559999999999995
10,45083,60.559999999999995
10,45109,60.559999999999995
10,45125,67.46999999999998
10,45151,67.46999999999998
10,45167,67.46999999999998
10,45199,67.46999999999998
10,45225,67.46999999999998
10,45251,67.46999999999998
10,45265,67.46999999999998
10,45297,67.46999999999998
10,45299,67.46999999999998
10,45317,67.46999999999998
10,45333,67.46999999999998
10,45347,67.46999999999998
10,45349,67.46999999999998
10,45375,67.46999999999998
10,45391,67.46999999999998
10,45393,67.46999999999998
10,45407,67.46999999999998
10,45437,67.46999999999998
10,45455,67.46999999999998
10,45471,67.46999999999998
10,45503,67.46999999999998
10,45505,67.46999999999998
10,45537,67.46999999999998
10,45569,67.46999999999998
10,45583,67.46999999999998
10,45613,67.46999999999998
10,45627,68.42999999999999
10,45655,68.42999999999999
10,45673,68.42999999999999
10,45691,68.42999999999999
10,45719,69.11
10,45733,69.11
10,45735,81.52999999999997
10,45749,81.52999999999997
10,45765,81.52999999999997
10,45793,81.52999999999997
10,45823,81.52999999999997
10,45853,81.52999999999997
10,45883,81.52999999999997
10,45913,81.52999999999997
10,45927,81.52999999999997
10,45953,81.52999999999997
10,45979,81.52999999999997
10,46005,81.52999999999997
10,46007,81.52999999999997
10,46023,81.52999999999997
10,46025,81.52999999999997
10,46051,81.52999999999997
10,46065,81.52999999999997
10,46093,82.99999999999999
10,46095,82.99999999999999
10,46097,82.99999999999999
10,46115,82.99999999999999
10,46143,82.99999999999999
10,46173,82.99999999999999
10,46187,82.99999999999999
10,46189,82.99999999999999
10,46215,82.99999999999999
10,46241,82.99999999999999
10,46243,82.99999999999999
10,46261,82.99999999999999
10,46275,82.99999999999999
10,46301,82.99999999999999
10,46315,82.99999999999999
10,46333,82.99999999999999
10,46347,82.99999999999999
10,46363,82.99999999999999
10,46391,82.99999999999999
10,46407,82.99999999999999
10,46423,82.99999999999999
10,46449,82.99999999999999
10,46477,82.99999999999999
10,46503,82.99999999999999
10,46537,82.99999999999999
10,46563,82.99999999999999
10,46591,82.99999999999999
10,46605,82.99999999999999
10,46619,82.99999999999999
10,46647,82.99999999999999
10,46661,82.99999999999999
10,46675,82.99999999999999
10,46701,93.81999999999998
10,46715,93.81999999999998
10,46729,93.81999999999998
10,46757,93.81999999999998
10,46783,93.81999999999998
10,46797,93.81999999999998
10,46823,93.81999999999998
10,46849,93.81999999999998
10,46863,93.81999999999998
10,46879,93.81999999999998
10,46893,93.81999999999998
10,46921,93.81999999999998
10,46923,93.81999999999998
10,46949,93.81999999999998
10,46967,93.81999999999998
10,46981,93.81999999999998
10,46997,93.81999999999998
10,47011,102.78
10,47037,102.78
10,47063,102.78
10,47089,108.86000000000004
10,47117,108.86000000000004
10,47131,108.86000000000004
10,47157,108.86000000000004
10,47159,108.86000000000004
10,47185,108.86000000000004
10,47215,119.35000000000001
10,47229,119.35000000000001
10,47231,119.35000000000001
10,47245,119.35000000000001
10,47261,119.35000000000001
10,47275,119.35000000000001
10,47289,119.35000000000001
10,47303,119.35000000000001
10,47319,119.35000000000001
10,47347,119.35000000000001
10,47365,119.35000000000001
10,47367,119.35000000000001
10,47381,119.35000000000001
10,47383,119.35000000000001
10,47411,217.53999999999994
10,47437,217.53999999999994
10,47451,217.53999999999994
10,47477,217.53999999999994
10,47505,217.53999999999994
10,47535,217.53999999999994
10,47549,217.53999999999994
10,47563,217.53999999999994
10,47591,217.53999999999994
10,47619,217.53999999999994
10,47633,217.53999999999994
10,47659,217.53999999999994
10,47675,217.53999999999994
10,47677,217.53999999999994
10,47693,217.53999999999994
10,47721,217.53999999999994
10,47749,217.53999999999994
10,47751,217.53999999999994
10,47769,217.53999999999994
10,47785,217.53999999999994
10,47787,217.53999999999994
10,47801,217.53999999999994
10,47827,217.53999999999994
10,47829,217.53999999999994
10,47843,217.53999999999994
10,47861,217.53999999999994
10,47875,217.53999999999994
10,47891,217.53999999999994
10,47923,217.53999999999994
10,47949,217.53999999999994
10,47951,217.53999999999994
10,47953,217.53999999999994
10,47967,217.53999999999994
10,47993,217.53999999999994
10,48009,217.53999999999994
10,48025,217.53999999999994
10,48043,217.53999999999994
10,48071,217.53999999999994
10,48101,217.53999999999994
10,48117,217.53999999999994
10,48131,217.53999999999994
10,48159,217.53999999999994
10,48173,217.53999999999994
10,48187,217.53999999999994
10,48189,217.53999999999994
10,48217,217.53999999999994
10,48243,217.53999999999994
10,48269,217.53999999999994
10,48295,217.53999999999994
10,48311,217.53999999999994
10,48329,217.53999999999994
10,48355,217.53999999999994
10,48385,217.53999999999994
10,48413,217.53999999999994
10,48431,217.53999999999994
10,48445,217.53999999999994
10,48473,217.53999999999994
10,48489,217.53999999999994
10,48507,217.53999999999994
10,48535,217.53999999999994
10,48551,217.53999999999994
10,48579,217.53999999999994
10,48581,217.53999999999994
10,48597,217.53999999999994
10,48611,217.53999999999994
10,48637,217.53999999999994
10,48667,217.53999999999994
10,48685,217.53999999999994
10,48699,217.53999999999994
10,48715,217.53999999999994
10,48717,217.53999999999994
10,48731,217.53999999999994
10,48765,217.53999999999994
10,48779,217.53999999999994
10,48793,217.53999999999994
10,48821,217.53999999999994
10,48837,217.53999999999994
10,48869,217.53999999999994
10,48871,217.53999999999994
10,48897,217.53999999999994
10,48923,217.53999999999994
10,48951,217.53999999999994
10,48969,217.53999999999994
10,48999,217.53999999999994
10,49015,217.53999999999994
10,49029,217.53999999999994
10,49043,217.53999999999994
10,49045,217.53999999999994
10,49047,217.53999999999994
10,49063,217.53999999999994
10,49089,217.53999999999994
10,49091,217.53999999999994
10,49105,217.53999999999994
10,49133,217.53999999999994
10,49149,217.53999999999994
10,49175,217.53999999999994
10,49203,217.53999999999994
10,49231,217.53999999999994
10,49259,217.53999999999994
10,49273,217.53999999999994
10,49287,217.53999999999994
10,49289,217.53999999999994
10,49319,217.53999999999994
10,49335,217.53999999999994
10,49337,217.53999999999994
10,49367,217.53999999999994
10,49393,217.53999999999994
10,49407,217.53999999999994
10,49423,217.53999999999994
10,49437,217.53999999999994
10,49451,217.53999999999994
10,49481,217.53999999999994
10,49495,217.53999999999994
10,49509,217.53999999999994
10,49523,217.53999999999994
10,49553,217.53999999999994
10,49581,217.53999999999994
10,49597,217.53999999999994
10,49599,217.53999999999994
10,49615,217.53999999999994
10,49645,217.53999999999994
10,49659,217.53999999999994
10,49685,217.53999999999994
10,49699,217.53999999999994
10,49701,217.53999999999994
10,49731,217.53999999999994
10,49749,217.53999999999994
10,49775,217.53999999999994
10,49777,217.53999999999994
10,49791,217.53999999999994
10,49805,217.53999999999994
10,49821,217.53999999999994
10,49847,217.53999999999994
10,49865,217.53999999999994
10,49897,217.53999999999994
10,49899,217.53999999999994
10,49927,217.53999999999994
10,49955,217.53999999999994
10,49971,217.53999999999994
10,49989,217.53999999999994
10,50015,217.53999999999994
10,50029,217.53999999999994
10,50043,217.53999999999994
10,50045,217.53999999999994
10,50071,217.53999999999994
10,50101,217.53999999999994
10,50129,217.53999999999994
10,50145,217.53999999999994
10,50147,217.53999999999994
10,50165,217.53999999999994
10,50193,217.53999999999994
10,50207,217.53999999999994
10,50239,217.53999999999994
10,50253,217.53999999999994
10,50267,217.53999999999994
10,50269,217.53999999999994
10,50285,217.53999999999994
10,50311,217.53999999999994
10,50341,217.53999999999994
10,50367,217.53999999999994
11,40504,38.53000000000001
11,44617,47.47999999999999
11,44645,47.47999999999999
11,44647,47.47999999999999
11,44649,50.010000000000026
11,44665,50.010000000000026
11,44667,50.010000000000026
11,44681,51.430000000000035
11,44715,51.430000000000035
11,44717,51.430000000000035
11,44745,51.430000000000035
11,44775,51.80999999999998
11,44777,51.80999999999998
11,44791,51.80999999999998
11,44805,59.950000000000024
11,44821,59.950000000000024
11,44835,61.330000000000005
11,44851,61.330000000000005
11,44853,61.330000000000005
11,44885,61.330000000000005
11,44913,61.330000000000005
11,44915,64.71
11,44929,64.71
11,44945,74.41
11,44971,74.41
11,45001,74.41
11,45015,74.41
11,45041,74.41
11,45073,74.41
11,45101,74.41
11,45127,74.41
11,45157,74.41
11,45175,74.41
11,45191,74.41
11,45217,74.41
11,45235,74.41
11,45265,74.41
11,45281,74.41
11,45311,74.41
11,45327,74.41
11,45329,74.41
11,45345,74.41
11,45373,74.41
11,45403,75.60000000000001
11,45417,75.60000000000001
11,45445,75.60000000000001
11,45471,75.60000000000001
11,45473,75.60000000000001
11,45487,75.60000000000001
11,45501,75.60000000000001
11,45515,75.60000000000001
11,45529,75.60000000000001
11,45557,75.60000000000001
11,45587,75.60000000000001
11,45589,75.60000000000001
11,45605,75.60000000000001
11,45633,91.71
11,45647,91.71
11,45677,91.71
11,45691,91.71
11,45709,91.71
11,45739,91.71
11,45755,91.71
11,45783,91.71
11,45809,91.71
11,45839,91.71
11,45867,91.71
11,45899,91.71
11,45927,91.71
11,45957,91.71
11,45975,91.71
11,45977,91.71
11,45979,91.71
11,45995,91.71
11,46019,91.71
11,46047,91.71
11,46061,91.71
11,46093,91.71
11,46125,91.71
11,46139,91.71
11,46141,91.71
11,46157,91.71
11,46191,91.71
11,46193,91.71
11,46207,91.71
11,46239,91.71
11,46241,91.71
11,46255,91.71
11,46269,91.71
11,46283,91.71
11,46297,91.71
11,46329,175.9900000000001
11,46345,175.9900000000001
11,46361,175.9900000000001
11,46375,175.9900000000001
11,46403,175.9900000000001
11,46431,175.9900000000001
11,46433,175.9900000000001
11,46435,175.9900000000001
11,46465,175.9900000000001
11,46495,175.9900000000001
11,46509,175.9900000000001
11,46525,175.9900000000001
11,46527,175.9900000000001
11,46553,175.9900000000001
11,46567,175.9900000000001
11,46593,197.04000000000008
11,46621,197.04000000000008
11,46623,197.04000000000008
11,46637,197.04000000000008
11,46663,197.04000000000008
11,46689,197.04000000000008
11,46703,197.04000000000008
11,46705,197.04000000000008
11,46731,197.04000000000008
11,46745,197.04000000000008
11,46759,197.04000000000008
11,46777,197.04000000000008
11,46793,197.04000000000008
11,46795,197.04000000000008
11,46815,197.04000000000008
11,46831,197.04000000000008
11,46857,197.04000000000008
11,46871,197.04000000000008
11,46897,197.04000000000008
11,46927,197.04000000000008
11,46941,203.31999999999996
11,46967,203.31999999999996
11,46995,203.31999999999996
11,47021,203.31999999999996
11,47047,203.31999999999996
11,47073,203.31999999999996
11,47087,205.03999999999996
11,47101,205.03999999999996
11,47131,205.03999999999996
11,47157,205.03999999999996
11,47183,205.03999999999996
11,47197,205.03999999999996
11,47211,211.68999999999994
11,47225,211.68999999999994
11,47239,211.68999999999994
11,47267,211.68999999999994
11,47299,211.68999999999994
11,47313,211.68999999999994
11,47315,211.68999999999994
11,47345,211.68999999999994
11,47371,211.68999999999994
11,47401,211.68999999999994
11,47403,211.68999999999994
11,47431,211.68999999999994
11,47433,211.68999999999994
11,47447,211.68999999999994
11,47461,211.68999999999994
11,47477,211.68999999999994
11,47479,211.68999999999994
11,47505,211.68999999999994
11,47519,211.68999999999994
11,47521,211.68999999999994
11,47537,211.68999999999994
11,47567,211.68999999999994
11,47597,211.68999999999994
11,47599,211.68999999999994
11,47615,211.68999999999994
11,47641,211.68999999999994
11,47655,211.68999999999994
11,47657,211.68999999999994
11,47683,211.68999999999994
11,47685,211.68999999999994
11,47699,211.68999999999994
11,47701,211.68999999999994
11,47719,211.68999999999994
11,47733,211.68999999999994
11,47761,211.68999999999994
11,47779,211.68999999999994
11,47795,211.68999999999994
11,47811,211.68999999999994
11,47825,211.68999999999994
11,47841,211.68999999999994
11,47843,211.68999999999994
11,47871,211.68999999999994
11,47873,211.68999999999994
11,47901,211.68999999999994
11,47915,211.68999999999994
11,47943,221.86
11,47957,221.86
11,47983,221.86
11,47997,221.86
11,48023,221.86
11,48049,221.86
11,48063,221.86
11,48097,221.86
11,48113,221.86
11,48129,221.86
11,48155,221.86
11,48169,221.86
11,48183,221.86
11,48211,221.86
11,48225,221.86
11,48241,221.86
11,48243,221.86
11,48275,221.86
11,48289,221.86
11,48315,221.86
11,48317,221.86
11,48333,221.86
11,48347,221.86
11,48373,221.86
11,48391,221.86
11,48407,221.86
11,48435,221.86
11,48451,221.86
11,48465,221.86
11,48493,221.86
11,48495,221.86
11,48521,221.86
11,48549,221.86
11,48563,221.86
11,48589,221.86
11,48603,221.86
11,48617,221.86
11,48645,221.86
11,48647,221.86
11,48661,221.86
11,48689,221.86
11,48719,221.86
11,48733,221.86
11,48751,221.86
11,48753,221.86
11,48767,221.86
11,48781,221.86
11,48795,221.86
11,48823,221.86
11,48849,221.86
11,48851,221.86
11,48853,221.86
11,48879,221.86
11,48893,221.86
11,48919,221.86
11,48935,221.86
11,48951,221.86
11,48977,221.86
11,48993,221.86
11,49007,221.86
11,49035,221.86
11,49037,221.86
11,49065,221.86
11,49093,221.86
11,49121,221.86
11,49135,221.86
11,49149,221.86
11,49165,221.86
11,49179,222.20999999999995
11,49205,222.20999999999995
11,49207,222.20999999999995
11,49235,222.20999999999995
11,49249,222.20999999999995
11,49265,222.20999999999995
11,49295,222.20999999999995
11,49309,222.20999999999995
11,49325,222.20999999999995
11,49339,222.20999999999995
11,49367,222.20999999999995
11,49393,222.20999999999995
11,49407,222.20999999999995
11,49433,222.20999999999995
11,49435,222.20999999999995
11,49449,222.20999999999995
11,49467,222.20999999999995
11,49481,222.20999999999995
11,49497,222.20999999999995
11,49511,222.20999999999995
11,49541,222.20999999999995
11,49555,222.20999999999995
11,49569,222.20999999999995
11,49583,222.20999999999995
11,49613,222.20999999999995
11,49615,222.20999999999995
11,49617,222.20999999999995
11,49633,222.20999999999995
11,49647,222.20999999999995
11,49661,222.20999999999995
11,49675,222.20999999999995
11,49691,222.20999999999995
11,49721,222.20999999999995
11,49747,222.20999999999995
11,49775,222.20999999999995
11,49789,222.20999999999995
11,49815,225.8
11,49831,225.8
11,49845,225.8
11,49871,225.8
11,49885,225.8
11,49899,225.8
11,49925,225.8
11,49939,225.8
11,49953,225.8
11,49973,225.8
11,49975,225.8
11,49991,225.8
11,50005,225.8
11,50019,225.92000000000004
11,50047,225.92000000000004
11,50061,225.92000000000004
11,50075,225.92000000000004
11,50089,225.92000000000004
11,50115,225.92000000000004
11,50129,225.92000000000004
11,50157,225.92000000000004
11,50185,225.92000000000004
11,50199,225.92000000000004
11,50201,225.92000000000004
11,50227,225.92000000000004
11,50259,225.92000000000004
11,50261,225.92000000000004
11,50293,225.92000000000004
11,50323,225.92000000000004
11,50325,225.92000000000004
11,50351,225.92000000000004
11,50365,225.92000000000004
11,50379,225.92000000000004
11,50407,225.92000000000004
11,50433,230.46999999999994
11,50463,230.46999999999994
11,50477,230.46999999999994
11,50493,230.46999999999994
12,40016,27.210000000000008
12,40030,27.210000000000008
12,40060,27.210000000000008
12,40086,29.900000000000006
12,40100,41.52000000000002
12,44125,41.52000000000002
12,44141,41.52000000000002
12,44167,53.08999999999996
12,44197,53.08999999999996
12,44225,56.410000000000004
12,44243,56.410000000000004
12,44271,56.410000000000004
12,44291,56.410000000000004
12,44305,56.410000000000004
12,44321,56.410000000000004
12,44323,56.410000000000004
12,44353,56.410000000000004
12,44369,56.410000000000004
12,44397,56.410000000000004
12,44413,56.410000000000004
12,44429,56.410000000000004
12,44459,78.50999999999996
12,44475,78.50999999999996
12,44501,78.50999999999996
12,44531,78.50999999999996
12,44563,78.50999999999996
12,44595,78.50999999999996
12,44615,78.50999999999996
12,44635,78.50999999999996
12,44665,78.50999999999996
12,44693,78.50999999999996
12,44709,78.50999999999996
12,44711,78.50999999999996
12,44725,78.50999999999996
12,44753,78.50999999999996
12,44783,78.50999999999996
12,44797,78.50999999999996
12,44823,78.50999999999996
12,44853,78.50999999999996
12,44867,101.76
12,44881,101.76
12,44911,101.76
12,44941,101.76
12,44955,101.76
12,44981,101.76
12,44983,101.76
12,45009,101.76
12,45035,101.76
12,45065,101.76
12,45093,101.76
12,45095,101.76
12,45109,101.76
12,45125,101.76
12,45127,101.76
12,45153,103.50000000000003
12,45155,103.50000000000003
12,45185,103.50000000000003
12,45215,103.50000000000003
12,45241,103.50000000000003
12,45271,103.50000000000003
12,45287,103.50000000000003
12,45303,103.50000000000003
12,45321,103.50000000000003
12,45335,103.50000000000003
12,45361,103.50000000000003
12,45375,103.50000000000003
12,45389,103.50000000000003
12,45403,103.50000000000003
12,45405,103.50000000000003
12,45433,103.50000000000003
12,45447,103.50000000000003
12,45449,103.50000000000003
12,45479,103.50000000000003
12,45509,103.50000000000003
12,45523,103.50000000000003
12,45551,103.50000000000003
12,45569,103.50000000000003
12,45583,114.60999999999997
12,45599,114.60999999999997
12,45625,114.60999999999997
12,45651,114.60999999999997
12,45665,114.60999999999997
12,45681,114.60999999999997
12,45695,117.73000000000002
12,45711,117.73000000000002
12,45725,117.73000000000002
12,45727,117.73000000000002
12,45741,117.73000000000002
12,45763,117.73000000000002
12,45777,142.34000000000003
12,45803,142.34000000000003
12,45805,142.34000000000003
12,45831,142.34000000000003
12,45849,142.34000000000003
12,45851,142.34000000000003
12,45883,142.34000000000003
12,45897,142.34000000000003
12,45925,142.34000000000003
12,45939,142.34000000000003
12,45941,142.34000000000003
12,45977,142.34000000000003
12,46003,142.34000000000003
12,46017,142.34000000000003
12,46035,142.34000000000003
12,46037,142.34000000000003
12,46063,142.34000000000003
12,46079,142.34000000000003
12,46081,142.34000000000003
12,46097,142.34000000000003
12,46123,142.34000000000003
12,46137,142.34000000000003
12,46163,142.34000000000003
12,46193,142.34000000000003
12,46207,142.34000000000003
12,46237,142.34000000000003
12,46251,142.34000000000003
12,46265,142.34000000000003
12,46281,142.34000000000003
12,46307,142.34000000000003
12,46339,142.34000000000003
12,46367,142.34000000000003
12,46369,142.34000000000003
12,46401,142.34000000000003
12,46427,142.34000000000003
12,46453,142.34000000000003
12,46467,142.34000000000003
12,46481,142.34000000000003
12,46497,142.34000000000003
12,46513,142.34000000000003
12,46527,142.34000000000003
12,46541,142.34000000000003
12,46555,142.34000000000003
12,46569,142.34000000000003
12,46597,142.34000000000003
12,46611,142.34000000000003
12,46625,142.34000000000003
12,46651,142.34000000000003
12,46677,142.34000000000003
12,46679,142.34000000000003
12,46707,142.34000000000003
12,46733,142.34000000000003
12,46759,142.34000000000003
12,46791,142.34000000000003
12,46793,142.34000000000003
12,46821,142.34000000000003
12,46823,142.34000000000003
12,46825,142.34000000000003
12,46851,142.34000000000003
12,46853,142.34000000000003
12,46883,142.34000000000003
12,46897,142.34000000000003
12,46931,142.34000000000003
12,46947,142.34000000000003
12,46973,142.34000000000003
12,46999,142.34000000000003
12,47025,142.34000000000003
12,47039,142.34000000000003
12,47065,142.34000000000003
12,47091,142.34000000000003
12,47125,142.34000000000003
12,47151,142.34000000000003
12,47177,142.34000000000003
12,47205,142.34000000000003
12,47207,142.34000000000003
12,47221,142.34000000000003
12,47251,142.34000000000003
12,47267,142.34000000000003
12,47269,142.34000000000003
12,47295,142.34000000000003
12,47311,142.34000000000003
12,47327,142.34000000000003
12,47355,142.34000000000003
12,47369,142.34000000000003
12,47383,142.34000000000003
12,47397,142.34000000000003
12,47425,142.34000000000003
12,47451,142.34000000000003
12,47453,142.34000000000003
12,47485,142.34000000000003
12,47511,142.34000000000003
12,47513,142.34000000000003
12,47533,142.34000000000003
12,47549,142.34000000000003
12,47563,142.34000000000003
12,47591,142.34000000000003
12,47621,142.34000000000003
12,47639,142.34000000000003
12,47665,142.34000000000003
12,47693,142.34000000000003
12,47721,142.34000000000003
12,47747,142.34000000000003
12,47765,142.34000000000003
12,47779,142.34000000000003
12,47793,142.34000000000003
12,47807,142.34000000000003
12,47823,142.34000000000003
12,47825,142.34000000000003
12,47855,142.34000000000003
12,47869,142.34000000000003
12,47883,142.34000000000003
12,47913,142.34000000000003
12,47927,142.34000000000003
12,47957,142.34000000000003
12,47973,142.34000000000003
12,47989,142.34000000000003
12,48015,142.34000000000003
12,48043,142.34000000000003
12,48057,142.34000000000003
12,48071,142.34000000000003
12,48101,142.34000000000003
12,48115,142.34000000000003
12,48141,142.34000000000003
12,48155,142.34000000000003
12,48171,142.34000000000003
12,48197,142.34000000000003
12,48199,142.34000000000003
12,48201,142.34000000000003
12,48233,142.34000000000003
12,48251,142.34000000000003
12,48253,142.34000000000003
12,48255,142.34000000000003
12,48269,142.34000000000003
12,48297,142.34000000000003
12,48327,142.34000000000003
12,48341,142.34000000000003
12,48355,142.34000000000003
12,48371,142.34000000000003
12,48403,142.34000000000003
12,48433,142.34000000000003
12,48435,142.34000000000003
12,48437,142.34000000000003
12,48455,142.34000000000003
12,48483,142.34000000000003
12,48503,142.34000000000003
12,48519,142.34000000000003
12,48549,142.34000000000003
12,48569,142.34000000000003
12,48585,142.34000000000003
12,48603,142.34000000000003
12,48631,142.34000000000003
12,48665,142.34000000000003
12,48681,142.34000000000003
12,48707,142.34000000000003
12,48721,142.34000000000003
12,48735,142.34000000000003
12,48751,142.34000000000003
12,48767,142.34000000000003
12,48781,142.34000000000003
12,48797,142.34000000000003
12,48825,142.34000000000003
12,48839,142.34000000000003
12,48853,142.34000000000003
12,48867,142.34000000000003
12,48869,142.34000000000003
12,48889,142.34000000000003
12,48925,142.34000000000003
12,48959,142.34000000000003
12,48961,142.34000000000003
12,48979,142.34000000000003
12,48993,142.34000000000003
12,49007,142.34000000000003
12,49033,142.34000000000003
12,49061,142.34000000000003
12,49089,142.34000000000003
12,49091,142.34000000000003
12,49093,142.34000000000003
12,49095,142.34000000000003
12,49111,142.34000000000003
12,49139,142.34000000000003
12,49153,142.34000000000003
12,49167,142.34000000000003
12,49181,142.34000000000003
12,49207,142.34000000000003
12,49221,142.34000000000003
12,49251,142.34000000000003
12,49281,142.34000000000003
12,49295,142.34000000000003
12,49325,142.34000000000003
12,49341,142.34000000000003
12,49355,142.34000000000003
12,49381,142.34000000000003
12,49409,142.34000000000003
12,49425,142.34000000000003
12,49453,142.34000000000003
12,49481,142.34000000000003
12,49513,142.34000000000003
12,49527,142.34000000000003
12,49553,142.34000000000003
12,49569,142.34000000000003
12,49585,142.34000000000003
12,49611,142.34000000000003
12,49625,142.34000000000003
12,49643,142.34000000000003
12,49657,142.34000000000003
12,49659,142.34000000000003
12,49685,142.34000000000003
12,49687,142.34000000000003
12,49713,142.34000000000003
12,49745,142.34000000000003
12,49777,142.34000000000003
12,49797,142.34000000000003
12,49799,142.34000000000003
12,49825,142.34000000000003
12,49853,142.34000000000003
12,49867,142.34000000000003
12,49895,142.34000000000003
12,49923,142.34000000000003
12,49937,142.34000000000003
12,49951,142.34000000000003
12,49967,142.34000000000003
12,49987,142.34000000000003
12,50015,142.34000000000003
13,40536,26.559999999999977
13,40550,26.559999999999977
13,40568,26.559999999999977
13,40598,28.790000000000003
13,40612,38.22999999999998
13,40640,38.22999999999998
13,40654,38.22999999999998
13,40656,38.22999999999998
13,40670,38.22999999999998
13,40698,38.22999999999998
13,40728,38.22999999999998
13,40742,38.22999999999998
13,40768,48.44999999999999
13,40800,48.44999999999999
13,40816,48.44999999999999
13,40842,48.44999999999999
13,40872,48.44999999999999
13,40898,48.44999999999999
13,40916,48.44999999999999
13,40948,48.44999999999999
13,40962,48.44999999999999
13,40990,48.44999999999999
13,41004,48.44999999999999
13,41018,48.44999999999999
13,41034,48.44999999999999
13,41050,48.44999999999999
13,45081,48.44999999999999
13,45111,48.44999999999999
13,45125,48.44999999999999
13,45143,48.44999999999999
13,45173,48.44999999999999
13,45187,48.44999999999999
13,45217,56.31999999999997
13,45235,56.31999999999997
13,45261,56.31999999999997
13,45277,56.31999999999997
13,45305,56.31999999999997
13,45333,56.31999999999997
13,45351,56.31999999999997
13,45365,56.31999999999997
13,45391,56.31999999999997
13,45405,56.31999999999997
13,45431,56.31999999999997
13,45449,56.31999999999997
13,45477,56.31999999999997
13,45491,56.31999999999997
13,45505,56.31999999999997
13,45531,56.37999999999999
13,45559,56.56999999999999
13,45577,59.660000000000025
13,45603,66.20000000000003
13,45617,66.20000000000003
13,45619,68.39999999999999
13,45621,68.39999999999999
13,45635,68.39999999999999
13,45637,68.39999999999999
13,45655,68.39999999999999
13,45687,68.39999999999999
13,45701,104.95
13,45717,104.95
13,45719,104.95
13,45745,104.95
13,45761,104.95
13,45763,104.95
13,45777,104.95
13,45791,109.89
13,45807,109.89
13,45821,109.89
13,45823,109.89
13,45845,109.89
13,45871,109.89
13,45903,109.89
13,45935,109.89
13,45963,109.89
13,45965,109.89
13,45979,109.89
13,45993,109.89
13,46007,109.89
13,46039,109.89
13,46053,109.89
13,46069,109.89
13,46083,109.89
13,46085,109.89
13,46113,109.89
13,46141,109.89
13,46169,109.89
13,46183,109.89
13,46197,109.89
13,46213,109.89
13,46243,121.14
13,46263,121.14
13,46265,121.14
13,46291,121.14
13,46305,121.14
13,46331,121.14
13,46361,121.14
13,46375,130.85
13,46401,130.85
13,46429,130.85
13,46431,130.85
13,46447,130.85
13,46475,130.85
13,46491,130.85
13,46493,130.85
13,46509,130.85
13,46545,130.85
13,46573,130.85
13,46599,130.85
13,46629,130.85
13,46655,130.85
13,46669,130.85
13,46683,130.85
13,46709,130.85
13,46739,130.85
13,46757,130.85
13,46771,130.85
13,46797,130.85
13,46799,130.85
13,46815,130.85
13,46829,130.85
13,46855,130.85
13,46857,130.85
13,46885,130.85
13,46913,130.85
13,46939,130.85
13,46965,130.85
13,46979,131.45000000000005
13,47009,131.45000000000005
13,47025,131.45000000000005
13,47027,131.45000000000005
13,47041,131.45000000000005
13,47069,131.45000000000005
13,47087,131.45000000000005
13,47089,131.45000000000005
13,47103,131.45000000000005
13,47105,131.45000000000005
13,47119,131.45000000000005
13,47121,131.45000000000005
13,47137,131.45000000000005
13,47151,131.45000000000005
13,47167,131.45000000000005
13,47197,131.45000000000005
13,47211,131.45000000000005
13,47227,131.45000000000005
13,47241,131.45000000000005
13,47255,131.45000000000005
13,47269,131.45000000000005
13,47295,131.45000000000005
13,47309,131.45000000000005
13,47325,131.45000000000005
13,47351,131.45000000000005
13,47353,131.45000000000005
13,47355,131.68
13,47373,131.68
13,47407,131.68
13,47433,131.68
13,47451,131.68
13,47465,131.68
13,47479,131.68
13,47507,131.68
13,47535,131.68
13,47563,131.68
13,47583,131.68
13,47597,131.68
13,47625,131.68
13,47643,131.68
13,47659,131.68
13,47673,131.68
13,47699,131.68
13,47717,131.68
13,47733,131.68
13,47763,131.68
13,47793,131.68
13,47825,131.68
13,47851,131.83
13,47865,131.83
13,47881,131.83
13,47907,141.94000000000008
13,47935,141.94000000000008
13,47965,141.94000000000008
13,47991,141.94000000000008
13,48005,141.94000000000008
13,48031,141.94000000000008
13,48049,141.94000000000008
13,48081,141.94000000000008
13,48109,141.94000000000008
13,48135,141.94000000000008
13,48149,141.94000000000008
13,48167,141.94000000000008
13,48181,141.94000000000008
13,48199,141.94000000000008
13,48213,141.94000000000008
13,48227,141.94000000000008
13,48259,141.94000000000008
13,48287,141.94000000000008
13,48319,141.94000000000008
13,48333,141.94000000000008
13,48359,141.94000000000008
13,48361,141.94000000000008
13,48387,141.94000000000008
13,48401,141.94000000000008
13,48415,141.94000000000008
13,48431,141.94000000000008
13,48461,141.94000000000008
13,48495,141.94000000000008
13,48509,141.94000000000008
13,48531,141.94000000000008
13,48559,141.94000000000008
13,48585,141.94000000000008
13,48599,141.94000000000008
13,48627,141.94000000000008
13,48641,141.94000000000008
13,48655,141.94000000000008
13,48657,141.94000000000008
13,48671,143.99000000000007
13,48699,143.99000000000007
13,48713,143.99000000000007
13,48715,143.99000000000007
13,48731,143.99000000000007
13,48733,143.99000000000007
13,48735,143.99000000000007
13,48753,143.99000000000007
13,48783,143.99000000000007
13,48799,143.99000000000007
13,48829,147.25
13,48859,147.25
13,48885,147.25
13,48915,147.25
13,48917,147.25
13,48931,147.25
13,48945,147.25
13,48959,147.25
13,48975,147.25
13,49003,147.25
13,49019,147.28999999999996
13,49035,147.28999999999996
13,49063,147.28999999999996
13,49065,147.28999999999996
13,49095,147.28999999999996
13,49109,147.28999999999996
13,49125,147.28999999999996
13,49141,147.28999999999996
13,49169,147.28999999999996
13,49185,147.28999999999996
13,49215,147.28999999999996
13,49229,147.28999999999996
13,49247,147.28999999999996
13,49263,147.28999999999996
13,49279,147.28999999999996
13,49281,147.28999999999996
13,49295,147.28999999999996
13,49309,147.28999999999996
13,49339,147.28999999999996
13,49341,147.28999999999996
13,49343,147.28999999999996
13,49357,147.28999999999996
13,49385,147.28999999999996
13,49411,158.68000000000004
13,49413,158.68000000000004
13,49441,158.68000000000004
13,49469,158.68000000000004
13,49495,158.68000000000004
13,49509,163.45999999999998
13,49539,163.45999999999998
13,49553,163.45999999999998
13,49567,163.45999999999998
13,49583,163.45999999999998
13,49597,163.45999999999998
13,49599,166.99
13,49627,166.99
13,49655,167.07
13,49681,167.07
13,49711,167.07
13,49727,167.07
13,49741,167.07
13,49771,167.07
13,49785,167.07
13,49811,167.07
13,49825,167.07
13,49851,167.07
13,49877,167.07
13,49879,167.07
13,49881,167.07
13,49897,167.07
13,49925,167.07
13,49941,167.07
13,49959,167.07
13,49973,167.07
13,49987,167.07
13,50003,167.07
13,50019,167.07
13,50049,167.07
13,50063,167.07
13,50089,167.07
13,50115,167.07
13,50145,167.07
13,50159,167.07
13,50187,252.34
13,50203,252.34
13,50205,252.34
13,50219,252.34
13,50233,252.34
13,50247,252.34
13,50265,252.34
13,50281,252.34
13,50295,252.34
13,50311,252.34
13,50337,252.34
13,50351,252.34
13,50365,252.34
13,50379,269.15
13,50395,269.15
13,50409,269.15
13,50437,273.74999999999994
13,50453,285.39000000000004
13,50479,285.39000000000004
13,50509,285.39000000000004
14,40090,29.189999999999987
14,40118,29.320000000000004
14,40136,29.320000000000004
14,40138,29.320000000000004
14,40152,36.71999999999998
14,40166,40.04000000000001
14,40194,40.04000000000001
14,44223,42.25000000000001
14,44251,42.25000000000001
14,44265,42.25000000000001
14,44267,42.25000000000001
14,44295,42.25000000000001
14,44321,42.25000000000001
14,44339,42.25000000000001
14,44367,42.25000000000001
14,44393,44.27999999999998
14,44411,44.27999999999998
14,44427,44.27999999999998
14,44457,44.27999999999998
14,44487,44.27999999999998
14,44503,44.27999999999998
14,44533,47.899999999999984
14,44549,49.35
14,44579,49.35
14,44593,49.57000000000002
14,44607,49.57000000000002
14,44621,49.57000000000002
14,44649,55.05000000000001
14,44663,58.440000000000005
14,44691,58.440000000000005
14,44725,58.440000000000005
14,44753,74.19000000000001
14,44755,74.19000000000001
14,44769,74.19000000000001
14,44783,74.19000000000001
14,44785,74.19000000000001
14,44815,74.19000000000001
14,44831,74.19000000000001
14,44833,74.19000000000001
14,44847,74.19000000000001
14,44861,74.19000000000001
14,44887,74.19000000000001
14,44915,74.19000000000001
14,44929,74.19000000000001
14,44945,74.19000000000001
14,44959,74.19000000000001
14,44961,74.19000000000001
14,44987,74.19000000000001
14,45013,74.19000000000001
14,45029,74.19000000000001
14,45049,74.19000000000001
14,45079,74.19000000000001
14,45093,74.19000000000001
14,45107,74.19000000000001
14,45137,74.19000000000001
14,45163,74.19000000000001
14,45185,74.19000000000001
14,45199,74.19000000000001
14,45213,74.93999999999998
14,45241,79.29
14,45271,79.29
14,45273,79.29
14,45275,79.29
14,45277,79.29
14,45307,79.29
14,45323,79.29
14,45337,80.60000000000001
14,45365,80.60000000000001
14,45379,80.60000000000001
14,45381,80.60000000000001
14,45411,80.60000000000001
14,45425,80.60000000000001
14,45445,80.60000000000001
14,45447,80.60000000000001
14,45479,80.60000000000001
14,45481,80.60000000000001
14,45509,80.60000000000001
14,45537,88.85000000000001
14,45563,88.85000000000001
14,45577,88.85000000000001
14,45607,88.85000000000001
14,45623,88.85000000000001
14,45649,93.69999999999996
14,45675,93.69999999999996
14,45691,93.69999999999996
14,45719,93.69999999999996
14,45751,93.69999999999996
14,45777,94.88
14,45793,94.88
14,45795,101.62000000000002
14,45823,101.62000000000002
14,45851,101.62000000000002
14,45877,101.62000000000002
14,45879,101.62000000000002
14,45905,101.62000000000002
14,45931,101.62000000000002
14,45933,101.62000000000002
14,45959,101.62000000000002
14,45989,101.62000000000002
14,46015,101.62000000000002
14,46043,101.62000000000002
14,46057,101.62000000000002
14,46059,101.62000000000002
14,46061,101.62000000000002
14,46089,101.62000000000002
14,46117,101.62000000000002
14,46145,101.62000000000002
14,46175,101.62000000000002
14,46201,101.62000000000002
14,46231,101.62000000000002
14,46261,104.39999999999996
14,46275,104.39999999999996
14,46277,104.39999999999996
14,46291,104.39999999999996
14,46293,104.39999999999996
14,46323,104.39999999999996
14,46325,104.39999999999996
14,46355,104.39999999999996
14,46369,104.39999999999996
14,46371,104.39999999999996
14,46401,110.16000000000001
14,46417,110.16000000000001
14,46419,110.16000000000001
14,46435,110.16000000000001
14,46451,110.16000000000001
14,46477,110.16000000000001
14,46495,110.16000000000001
14,46509,110.16000000000001
14,46537,110.16000000000001
14,46553,110.16000000000001
14,46567,110.16000000000001
14,46581,110.16000000000001
14,46613,110.16000000000001
14,46627,110.16000000000001
14,46641,110.16000000000001
14,46669,111.07999999999998
14,46671,111.07999999999998
14,46687,111.07999999999998
14,46713,111.07999999999998
14,46727,111.07999999999998
14,46743,111.07999999999998
14,46773,111.07999999999998
14,46799,111.07999999999998
14,46825,111.07999999999998
14,46839,111.07999999999998
14,46865,111.07999999999998
14,46879,111.07999999999998
14,46893,111.07999999999998
14,46895,111.07999999999998
14,46927,111.07999999999998
14,46945,111.07999999999998
14,46973,111.07999999999998
14,47001,111.07999999999998
14,47027,111.07999999999998
14,47045,111.07999999999998
14,47073,111.07999999999998
14,47075,111.07999999999998
14,47089,111.07999999999998
14,47103,111.07999999999998
14,47105,111.07999999999998
14,47119,111.07999999999998
14,47135,111.07999999999998
14,47171,111.07999999999998
14,47185,111.07999999999998
14,47213,111.07999999999998
14,47239,111.07999999999998
14,47253,111.07999999999998
14,47267,111.07999999999998
14,47269,111.07999999999998
14,47271,111.07999999999998
14,47299,111.07999999999998
14,47315,111.07999999999998
14,47343,111.07999999999998
14,47357,117.35999999999996
14,47371,117.35999999999996
14,47399,117.35999999999996
14,47427,117.35999999999996
14,47443,117.35999999999996
14,47463,117.35999999999996
14,47479,117.35999999999996
14,47507,117.35999999999996
14,47509,117.35999999999996
14,47523,117.35999999999996
14,47555,117.35999999999996
14,47557,117.35999999999996
14,47571,120.55000000000004
14,47599,120.55000000000004
14,47615,120.55000000000004
14,47643,120.55000000000004
14,47659,120.55000000000004
14,47661,120.55000000000004
14,47675,120.55000000000004
14,47703,120.55000000000004
14,47723,120.55000000000004
14,47725,120.55000000000004
14,47753,120.55000000000004
14,47779,121.29000000000005
14,47797,121.29000000000005
14,47825,121.29000000000005
14,47839,121.29000000000005
14,47855,121.29000000000005
14,47881,121.29000000000005
14,47897,121.29000000000005
14,47913,121.29000000000005
14,47915,121.29000000000005
14,47931,121.29000000000005
14,47959,121.29000000000005
14,47973,121.29000000000005
14,47987,121.29000000000005
14,48017,121.29000000000005
14,48031,121.29000000000005
14,48045,121.29000000000005
14,48073,121.29000000000005
14,48101,121.29000000000005
14,48127,121.29000000000005
14,48145,121.29000000000005
14,48173,121.29000000000005
14,48191,121.29000000000005
14,48205,121.29000000000005
14,48207,121.29000000000005
14,48221,121.29000000000005
14,48251,121.29000000000005
14,48279,121.29000000000005
14,48307,121.29000000000005
14,48323,121.29000000000005
14,48351,121.29000000000005
14,48389,121.29000000000005
14,48403,121.29000000000005
14,48429,121.29000000000005
14,48445,121.29000000000005
14,48461,121.29000000000005
14,48489,121.29000000000005
14,48507,121.29000000000005
14,48509,121.29000000000005
14,48539,121.29000000000005
14,48565,121.29000000000005
14,48579,121.29000000000005
14,48581,121.29000000000005
14,48601,121.29000000000005
14,48617,121.29000000000005
14,48643,121.29000000000005
14,48659,121.29000000000005
14,48661,121.29000000000005
14,48687,121.29000000000005
14,48715,121.29000000000005
14,48729,121.29000000000005
14,48755,121.29000000000005
14,48757,121.29000000000005
14,48773,121.29000000000005
14,48799,121.74999999999997
14,48831,126.23
14,48833,126.23
14,48861,126.23
14,48881,126.23
14,48895,126.23
14,48925,126.23
14,48951,126.23
14,48981,126.23
14,48995,126.23
14,49009,126.84000000000002
14,49025,126.84000000000002
14,49039,126.84000000000002
14,49069,126.84000000000002
14,49083,126.84000000000002
14,49097,126.84000000000002
14,49099,126.84000000000002
14,49127,126.84000000000002
14,49141,126.84000000000002
14,49169,126.84000000000002
14,49183,126.84000000000002
14,49197,126.84000000000002
14,49227,126.84000000000002
14,49241,126.84000000000002
14,49255,126.84000000000002
14,49269,126.84000000000002
14,49299,126.84000000000002
14,49313,126.84000000000002
14,49339,126.84000000000002
14,49367,142.19
14,49381,142.19
14,49409,142.19
14,49423,142.19
14,49439,142.19
14,49441,142.19
14,49467,142.19
14,49495,142.19
14,49497,142.90999999999997
14,49513,142.90999999999997
14,49527,142.90999999999997
14,49559,142.90999999999997
14,49573,142.90999999999997
14,49587,142.90999999999997
14,49615,142.90999999999997
14,49631,142.90999999999997
14,49645,142.90999999999997
14,49659,142.90999999999997
14,49673,142.90999999999997
14,49699,142.90999999999997
14,49729,142.90999999999997
14,49743,143.01000000000002
14,49757,143.01000000000002
14,49771,143.01000000000002
14,49785,143.01000000000002
14,49815,143.01000000000002
14,49817,143.01000000000002
14,49851,143.01000000000002
14,49883,143.01000000000002
14,49897,143.35999999999999
14,49899,143.35999999999999
14,49913,143.35999999999999
14,49931,143.35999999999999
14,49947,143.35999999999999
14,49973,157.03
14,50001,172.19000000000003
14,50015,172.19000000000003
14,50029,172.19000000000003
14,50043,172.19000000000003
14,50069,172.19000000000003
14,50097,172.19000000000003
15,40636,28.76999999999999
15,40650,42.81
15,40676,43.86
15,40702,43.86
15,40718,43.86
15,40720,43.86
15,40722,43.86
15,40736,53.14999999999999
15,40750,53.14999999999999
15,40764,53.14999999999999
15,40792,53.14999999999999
15,40818,53.14999999999999
15,40832,53.14999999999999
15,44869,53.14999999999999
15,44899,53.14999999999999
15,44913,53.14999999999999
15,44939,54.58999999999998
15,44971,54.58999999999998
15,44985,54.58999999999998
15,45013,54.58999999999998
15,45029,54.58999999999998
15,45045,54.58999999999998
15,45059,54.58999999999998
15,45073,54.58999999999998
15,45087,54.58999999999998
15,45103,62.18000000000001
15,45119,62.18000000000001
15,45151,62.18000000000001
15,45169,62.600000000000016
15,45185,62.600000000000016
15,45211,62.600000000000016
15,45237,62.600000000000016
15,45251,62.600000000000016
15,45267,62.600000000000016
15,45299,62.600000000000016
15,45313,66.12
15,45329,66.12
15,45357,66.12
15,45373,66.12
15,45401,66.12
15,45427,66.12
15,45453,66.12
15,45455,70.41
15,45481,70.41
15,45507,70.41
15,45525,70.41
15,45527,70.41
15,45555,70.41
15,45569,70.41
15,45587,70.41
15,45601,70.59
15,45617,70.59
15,45649,70.59
15,45665,70.59
15,45693,70.59
15,45723,70.59
15,45737,70.78000000000003
15,45753,70.78000000000003
15,45769,70.78000000000003
15,45795,70.78000000000003
15,45821,74.32999999999994
15,45847,74.32999999999994
15,45877,76.47
15,45893,77.44
15,45927,77.44
15,45941,77.44
15,45957,77.44
15,45971,77.44
15,45999,77.44
15,46013,77.44
15,46039,77.44
15,46055,77.8
15,46069,77.8
15,46101,88.61
15,46117,88.61
15,46143,88.61
15,46157,88.61
15,46171,88.61
15,46173,88.61
15,46175,88.61
15,46201,88.61
15,46203,88.61
15,46219,88.61
15,46245,90.80000000000003
15,46271,114.97999999999998
15,46297,114.97999999999998
15,46317,114.97999999999998
15,46343,114.97999999999998
15,46357,114.97999999999998
15,46373,114.97999999999998
15,46387,114.97999999999998
15,46413,114.97999999999998
15,46431,114.97999999999998
15,46457,114.97999999999998
15,46471,114.97999999999998
15,46497,114.97999999999998
15,46511,114.97999999999998
15,46525,114.97999999999998
15,46545,114.97999999999998
15,46559,114.97999999999998
15,46591,114.97999999999998
15,46605,114.97999999999998
15,46619,115.43999999999996
15,46635,115.43999999999996
15,46663,115.43999999999996
15,46689,116.32000000000002
15,46715,116.32000000000002
15,46717,135.09
15,46745,135.09
15,46759,135.09
15,46785,135.09
15,46801,135.09
15,46829,135.09
15,46831,135.09
15,46845,135.09
15,46847,135.09
15,46849,135.09
15,46851,135.09
15,46877,135.09
15,46891,135.09
15,46925,135.09
15,46939,135.09
15,46941,135.09
15,46957,135.09
15,46971,135.09
15,46987,135.09
15,47001,135.09
15,47029,135.09
15,47055,135.09
15,47069,135.09
15,47099,135.09
15,47113,135.09
15,47115,135.09
15,47143,135.09
15,47157,135.09
15,47171,135.09
15,47185,135.09
15,47213,135.09
15,47227,135.09
15,47241,142.65999999999997
15,47243,142.65999999999997
15,47257,142.65999999999997
15,47273,142.65999999999997
15,47289,142.65999999999997
15,47319,142.65999999999997
15,47345,142.65999999999997
15,47359,142.65999999999997
15,47385,142.65999999999997
15,47399,142.65999999999997
15,47427,150.19000000000003
15,47457,156.14999999999995
15,47471,156.14999999999995
15,47501,156.14999999999995
15,47539,156.14999999999995
15,47565,156.14999999999995
15,47591,156.14999999999995
15,47617,156.14999999999995
15,47631,156.14999999999995
15,47645,156.14999999999995
15,47671,156.14999999999995
15,47685,156.14999999999995
15,47687,156.14999999999995
15,47701,156.14999999999995
15,47729,156.14999999999995
15,47743,156.14999999999995
15,47773,156.14999999999995
15,47787,156.14999999999995
15,47789,156.14999999999995
15,47805,156.14999999999995
15,47819,156.14999999999995
15,47847,156.14999999999995
15,47861,156.14999999999995
15,47863,156.14999999999995
15,47895,156.14999999999995
15,47927,156.14999999999995
15,47941,156.14999999999995
15,47957,156.14999999999995
15,47975,156.14999999999995
15,47977,156.14999999999995
15,48003,156.14999999999995
15,48035,156.14999999999995
15,48053,156.14999999999995
15,48081,156.14999999999995
15,48095,156.14999999999995
15,48109,156.14999999999995
15,48123,156.14999999999995
15,48137,156.14999999999995
15,48151,156.14999999999995
15,48153,156.14999999999995
15,48169,156.14999999999995
15,48183,156.14999999999995
15,48211,156.14999999999995
15,48237,156.14999999999995
15,48271,156.14999999999995
15,48297,156.14999999999995
15,48313,156.14999999999995
15,48315,156.14999999999995
15,48317,156.14999999999995
15,48345,156.14999999999995
15,48361,156.14999999999995
15,48375,156.14999999999995
15,48405,156.14999999999995
15,48419,156.14999999999995
15,48421,156.14999999999995
15,48435,156.92000000000007
15,48463,156.92000000000007
15,48477,156.92000000000007
15,48505,156.92000000000007
15,48521,156.92000000000007
15,48549,156.92000000000007
15,48563,156.92000000000007
15,48579,156.92000000000007
15,48595,156.92000000000007
15,48627,156.92000000000007
15,48641,156.92000000000007
15,48657,156.92000000000007
15,48671,156.92000000000007
15,48697,156.92000000000007
15,48731,156.92000000000007
15,48757,156.92000000000007
15,48771,156.92000000000007
15,48785,156.92000000000007
15,48801,156.92000000000007
15,48803,156.92000000000007
15,48829,156.92000000000007
15,48859,156.92000000000007
15,48873,156.92000000000007
15,48875,156.92000000000007
15,48889,156.92000000000007
15,48891,156.92000000000007
15,48907,156.92000000000007
15,48935,156.92000000000007
15,48949,156.92000000000007
15,48965,156.92000000000007
15,48995,156.92000000000007
15,49021,156.92000000000007
15,49047,156.92000000000007
15,49061,156.92000000000007
15,49075,156.92000000000007
15,49091,156.92000000000007
15,49107,156.92000000000007
15,49121,156.92000000000007
15,49137,156.92000000000007
15,49139,156.92000000000007
15,49155,160.09999999999997
15,49157,160.09999999999997
15,49185,160.09999999999997
15,49213,160.09999999999997
15,49243,160.09999999999997
15,49259,160.09999999999997
15,49275,160.09999999999997
15,49289,160.09999999999997
15,49317,160.09999999999997
15,49343,160.09999999999997
15,49359,160.09999999999997
15,49391,160.09999999999997
15,49423,160.09999999999997
15,49451,160.09999999999997
15,49477,160.09999999999997
15,49503,160.09999999999997
15,49517,160.09999999999997
15,49545,160.09999999999997
15,49559,160.09999999999997
15,49573,160.09999999999997
15,49587,160.09999999999997
15,49615,160.09999999999997
15,49643,160.09999999999997
15,49657,160.09999999999997
15,49671,160.09999999999997
15,49699,160.09999999999997
15,49715,160.09999999999997
15,49729,160.09999999999997
15,49755,160.09999999999997
15,49785,160.09999999999997
15,49813,160.09999999999997
15,49845,160.09999999999997
15,49861,160.09999999999997
15,49891,160.09999999999997
15,49917,160.09999999999997
15,49945,160.09999999999997
15,49963,160.09999999999997
15,49977,160.09999999999997
15,49991,160.09999999999997
15,50017,160.09999999999997
15,50033,160.09999999999997
15,50047,160.09999999999997
15,50073,160.09999999999997
15,50089,160.09999999999997
15,50119,160.09999999999997
15,50133,160.09999999999997
15,50147,160.09999999999997
15,50177,160.09999999999997
15,50191,160.09999999999997
15,50217,246.48999999999995
15,50219,246.48999999999995
15,50249,246.48999999999995
15,50263,246.48999999999995
15,50277,246.48999999999995
15,50305,246.48999999999995
15,50307,246.48999999999995
15,50335,246.48999999999995
15,50361,246.48999999999995
15,50363,246.48999999999995
15,50381,246.48999999999995
15,50409,246.48999999999995
15,50435,246.48999999999995
15,50465,246.48999999999995
15,50467,248.86999999999992
15,50469,248.86999999999992
15,50471,248.86999999999992
15,50487,248.86999999999992
15,50503,248.86999999999992
15,50517,248.86999999999992
15,50531,248.86999999999992
15,50545,248.86999999999992
15,50561,248.86999999999992
15,50575,248.86999999999992
15,50589,248.86999999999992
15,50619,248.86999999999992
15,50645,248.86999999999992
16,40548,39.669999999999995
16,44641,39.669999999999995
16,44657,39.669999999999995
16,44671,39.669999999999995
16,44685,42.68999999999998
16,44699,48.06000000000001
16,44727,48.06000000000001
16,44753,57.260000000000005
16,44771,57.260000000000005
16,44789,57.260000000000005
16,44803,57.260000000000005
16,44805,57.260000000000005
16,44821,57.260000000000005
16,44839,57.260000000000005
16,44865,60.03999999999996
16,44885,60.03999999999996
16,44887,60.03999999999996
16,44889,60.03999999999996
16,44917,64.05000000000001
16,44947,64.05000000000001
16,44973,64.05000000000001
16,44987,64.05000000000001
16,45015,71.76999999999998
16,45033,71.76999999999998
16,45065,71.76999999999998
16,45079,71.76999999999998
16,45107,71.76999999999998
16,45121,71.76999999999998
16,45123,71.76999999999998
16,45151,71.76999999999998
16,45165,71.76999999999998
16,45181,71.76999999999998
16,45195,71.76999999999998
16,45211,71.76999999999998
16,45213,71.76999999999998
16,45241,71.76999999999998
16,45243,71.76999999999998
16,45271,71.76999999999998
16,45287,71.76999999999998
16,45289,71.76999999999998
16,45303,71.76999999999998
16,45305,71.76999999999998
16,45333,71.76999999999998
16,45347,71.76999999999998
16,45373,71.76999999999998
16,45387,71.76999999999998
16,45401,71.76999999999998
16,45431,71.76999999999998
16,45459,71.76999999999998
16,45473,71.76999999999998
16,45509,71.76999999999998
16,45523,83.22
16,45549,83.22
16,45551,83.22
16,45565,83.22
16,45595,83.22
16,45609,83.22
16,45635,87.53999999999999
16,45663,87.53999999999999
16,45691,87.53999999999999
16,45717,87.53999999999999
16,45731,87.53999999999999
16,45733,87.53999999999999
16,45747,87.53999999999999
16,45761,87.53999999999999
16,45789,87.53999999999999
16,45807,87.53999999999999
16,45835,87.53999999999999
16,45863,87.53999999999999
16,45877,87.53999999999999
16,45905,90.08999999999997
16,45919,90.08999999999997
16,45947,90.08999999999997
16,45977,90.08999999999997
16,46007,102.82000000000001
16,46033,102.82000000000001
16,46049,102.82000000000001
16,46075,102.82000000000001
16,46101,102.82000000000001
16,46135,102.82000000000001
16,46153,102.82000000000001
16,46167,102.82000000000001
16,46199,102.82000000000001
16,46213,102.82000000000001
16,46227,102.82000000000001
16,46253,102.82000000000001
16,46255,102.82000000000001
16,46269,102.82000000000001
16,46283,109.68000000000002
16,46299,109.68000000000002
16,46317,109.68000000000002
16,46343,109.68000000000002
16,46369,109.68000000000002
16,46395,109.68000000000002
16,46409,109.68000000000002
16,46411,109.68000000000002
16,46425,109.68000000000002
16,46441,109.68000000000002
16,46469,109.68000000000002
16,46483,109.68000000000002
16,46497,109.68000000000002
16,46511,109.68000000000002
16,46527,109.68000000000002
16,46553,109.68000000000002
16,46567,109.68000000000002
16,46581,109.68000000000002
16,46595,109.68000000000002
16,46609,109.68000000000002
16,46623,109.68000000000002
16,46649,109.68000000000002
16,46663,114.53
16,46677,114.53
16,46705,114.53
16,46721,114.53
16,46735,114.53
16,46737,114.53
16,46765,114.53
16,46797,114.53
16,46815,114.53
16,46843,114.53
16,46871,114.53
16,46897,114.53
16,46911,114.53
16,46925,114.53
16,46927,114.53
16,46943,114.53
16,46957,114.53
16,46983,114.53
16,46985,114.53
16,47015,114.53
16,47033,114.53
16,47047,114.53
16,47067,114.53
16,47083,114.53
16,47085,114.53
16,47115,114.53
16,47145,114.53
16,47163,114.53
16,47181,114.53
16,47195,114.53
16,47197,114.53
16,47225,114.53
16,47251,114.53
16,47277,114.53
16,47279,114.53
16,47295,114.53
16,47321,114.53
16,47351,114.53
16,47379,124.09999999999998
16,47407,124.09999999999998
16,47421,124.09999999999998
16,47437,124.09999999999998
16,47467,124.09999999999998
16,47495,124.09999999999998
16,47523,124.09999999999998
16,47539,124.09999999999998
16,47567,124.09999999999998
16,47581,124.09999999999998
16,47597,124.09999999999998
16,47629,124.09999999999998
16,47645,124.09999999999998
16,47673,124.09999999999998
16,47701,124.09999999999998
16,47715,124.09999999999998
16,47717,124.09999999999998
16,47731,124.09999999999998
16,47733,124.09999999999998
16,47763,124.09999999999998
16,47779,124.09999999999998
16,47781,124.09999999999998
16,47797,124.09999999999998
16,47825,124.09999999999998
16,47851,124.09999999999998
16,47879,124.09999999999998
16,47911,124.09999999999998
16,47925,124.09999999999998
16,47939,124.09999999999998
16,47941,131.11999999999998
16,47955,131.11999999999998
16,47957,131.11999999999998
16,47987,131.11999999999998
16,48001,131.11999999999998
16,48015,131.11999999999998
16,48041,131.11999999999998
16,48067,131.11999999999998
16,48095,131.11999999999998
16,48127,131.11999999999998
16,48143,131.11999999999998
16,48175,131.11999999999998
16,48201,131.11999999999998
16,48227,131.11999999999998
16,48243,131.11999999999998
16,48245,131.11999999999998
16,48247,131.11999999999998
16,48279,131.11999999999998
16,48305,131.11999999999998
16,48319,131.11999999999998
16,48333,131.11999999999998
16,48359,131.11999999999998
16,48375,131.11999999999998
16,48389,131.11999999999998
16,48419,131.11999999999998
16,48421,131.11999999999998
16,48435,131.11999999999998
16,48453,131.11999999999998
16,48489,131.11999999999998
16,48503,131.11999999999998
16,48517,131.11999999999998
16,48551,131.11999999999998
16,48571,131.11999999999998
16,48573,131.11999999999998
16,48589,131.11999999999998
16,48617,131.11999999999998
16,48633,131.11999999999998
16,48661,131.11999999999998
16,48677,131.11999999999998
16,48693,131.11999999999998
16,48719,131.11999999999998
16,48735,192.77000000000004
16,48763,192.77000000000004
16,48777,192.77000000000004
16,48807,192.77000000000004
16,48809,192.77000000000004
16,48839,192.77000000000004
16,48841,192.77000000000004
16,48855,192.77000000000004
16,48871,192.77000000000004
16,48899,192.77000000000004
16,48927,192.77000000000004
16,48953,192.77000000000004
16,48981,192.77000000000004
16,49011,202.24999999999997
16,49025,202.24999999999997
16,49027,202.24999999999997
16,49053,202.24999999999997
16,49067,202.88000000000002
16,49081,202.88000000000002
16,49097,202.88000000000002
16,49123,202.88000000000002
16,49151,204.69999999999996
16,49167,204.69999999999996
16,49169,204.69999999999996
16,49185,204.69999999999996
16,49187,204.69999999999996
16,49217,204.69999999999996
16,49233,204.69999999999996
16,49261,204.69999999999996
16,49287,204.69999999999996
16,49317,204.69999999999996
16,49343,204.69999999999996
16,49373,204.69999999999996
16,49387,204.69999999999996
16,49413,204.69999999999996
16,49443,204.69999999999996
16,49471,234.06999999999988
16,49485,234.06999999999988
16,49499,234.06999999999988
16,49527,234.06999999999988
16,49543,234.06999999999988
16,49569,234.06999999999988
16,49585,234.06999999999988
16,49603,234.06999999999988
16,49619,234.06999999999988
16,49647,234.06999999999988
16,49673,234.06999999999988
16,49687,234.99
16,49701,234.99
16,49717,236.23000000000005
16,49733,236.23000000000005
16,49747,236.23000000000005
16,49763,236.23000000000005
16,49789,236.23000000000005
16,49819,236.23000000000005
16,49833,240.81999999999996
16,49861,240.81999999999996
16,49891,240.81999999999996
16,49909,240.81999999999996
16,49925,240.81999999999996
16,49939,240.81999999999996
16,49953,240.81999999999996
16,49967,240.81999999999996
16,49993,268.95000000000005
16,50017,268.95000000000005
16,50047,268.95000000000005
16,50065,268.95000000000005
16,50079,268.95000000000005
16,50095,268.95000000000005
16,50113,268.95000000000005
16,50129,268.95000000000005
16,50143,268.95000000000005
16,50157,268.95000000000005
16,50183,268.95000000000005
16,50185,268.95000000000005
16,50201,268.95000000000005
16,50219,268.95000000000005
16,50233,268.95000000000005
16,50247,268.95000000000005
16,50275,268.95000000000005
16,50289,281.47999999999996
16,50317,281.47999999999996
16,50343,281.47999999999996
16,50371,281.47999999999996
16,50373,281.47999999999996
16,50387,281.47999999999996
16,50401,281.47999999999996
16,50415,281.47999999999996
16,50417,281.47999999999996
16,50443,281.47999999999996
16,50477,281.47999999999996
16,50491,281.47999999999996
16,50505,281.47999999999996
16,50507,281.47999999999996
16,50525,281.47999999999996
17,40046,27.060000000000013
17,40080,27.060000000000013
17,40094,32.14999999999998
17,40122,38.64
17,40148,38.64
17,40176,38.64
17,44345,38.64
17,44361,38.64
17,44387,40.980000000000004
17,44425,40.980000000000004
17,44451,59.64
17,44483,59.64
17,44497,59.64
17,44529,59.64
17,44557,59.64
17,44571,59.64
17,44585,59.64
17,44587,59.64
17,44601,66.47000000000001
17,44615,66.47000000000001
17,44643,66.47000000000001
17,44659,66.47000000000001
17,44675,66.47000000000001
17,44689,66.47000000000001
17,44691,66.47000000000001
17,44719,66.47000000000001
17,44745,66.47000000000001
17,44761,66.47000000000001
17,44763,66.47000000000001
17,44789,66.47000000000001
17,44819,66.47000000000001
17,44833,66.47000000000001
17,44847,66.47000000000001
17,44861,78.88999999999999
17,44877,78.88999999999999
17,44891,78.88999999999999
17,44907,78.88999999999999
17,44933,82.38000000000001
17,44963,82.38000000000001
17,44993,82.38000000000001
17,45009,82.38000000000001
17,45011,82.38000000000001
17,45041,83.58999999999999
17,45067,83.58999999999999
17,45095,83.58999999999999
17,45125,83.58999999999999
17,45139,83.58999999999999
17,45165,83.58999999999999
17,45179,102.10000000000001
17,45205,102.10000000000001
17,45219,102.10000000000001
17,45233,102.10000000000001
17,45259,102.10000000000001
17,45285,102.10000000000001
17,45311,102.10000000000001
17,45325,102.10000000000001
17,45351,102.10000000000001
17,45365,102.10000000000001
17,45379,102.10000000000001
17,45393,102.10000000000001
17,45419,102.10000000000001
17,45451,102.10000000000001
17,45469,102.10000000000001
17,45483,102.10000000000001
17,45511,102.10000000000001
17,45525,102.10000000000001
17,45539,102.10000000000001
17,45553,102.10000000000001
17,45567,102.10000000000001
17,45581,102.10000000000001
17,45597,102.10000000000001
17,45599,102.10000000000001
17,45617,102.10000000000001
17,45639,102.10000000000001
17,45653,102.10000000000001
17,45667,102.10000000000001
17,45699,102.10000000000001
17,45715,102.10000000000001
17,45731,102.10000000000001
17,45759,102.10000000000001
17,45785,102.10000000000001
17,45811,102.10000000000001
17,45825,102.10000000000001
17,45855,102.10000000000001
17,45881,102.10000000000001
17,45897,102.10000000000001
17,45911,102.10000000000001
17,45925,102.10000000000001
17,45939,102.10000000000001
17,45957,102.10000000000001
17,45973,102.10000000000001
17,45987,102.10000000000001
17,46019,102.10000000000001
17,46021,102.10000000000001
17,46035,102.10000000000001
17,46067,102.10000000000001
17,46093,102.10000000000001
17,46107,102.10000000000001
17,46133,102.10000000000001
17,46161,102.10000000000001
17,46189,102.10000000000001
17,46215,102.10000000000001
17,46231,102.10000000000001
17,46263,102.10000000000001
17,46289,102.10000000000001
17,46307,102.10000000000001
17,46309,102.10000000000001
17,46323,102.10000000000001
17,46351,102.10000000000001
17,46371,102.10000000000001
17,46397,107.74999999999999
17,46423,107.74999999999999
17,46449,133.32999999999996
17,46467,133.32999999999996
17,46493,133.32999999999996
17,46521,133.32999999999996
17,46547,133.32999999999996
17,46575,133.32999999999996
17,46609,133.32999999999996
17,46639,133.32999999999996
17,46655,133.32999999999996
17,46681,133.32999999999996
17,46697,133.32999999999996
17,46711,133.32999999999996
17,46727,133.32999999999996
17,46729,133.32999999999996
17,46755,133.32999999999996
17,46769,133.32999999999996
17,46783,133.32999999999996
17,46799,133.32999999999996
17,46813,133.32999999999996
17,46843,133.32999999999996
17,46871,133.32999999999996
17,46897,133.32999999999996
17,46923,133.32999999999996
17,46937,133.32999999999996
17,46965,133.32999999999996
17,46967,133.32999999999996
17,46983,133.32999999999996
17,47011,133.32999999999996
17,47037,133.32999999999996
17,47063,133.32999999999996
17,47077,133.32999999999996
17,47093,133.32999999999996
17,47119,133.32999999999996
17,47145,133.32999999999996
17,47185,133.32999999999996
17,47215,133.32999999999996
17,47233,133.32999999999996
17,47261,133.32999999999996
17,47275,133.32999999999996
17,47289,133.32999999999996
17,47317,133.32999999999996
17,47343,133.32999999999996
17,47359,133.32999999999996
17,47373,133.32999999999996
17,47407,133.32999999999996
17,47439,133.32999999999996
17,47453,133.32999999999996
17,47481,133.32999999999996
17,47495,133.32999999999996
17,47509,133.32999999999996
17,47541,133.32999999999996
17,47555,133.32999999999996
17,47571,133.32999999999996
17,47573,133.32999999999996
17,47587,133.32999999999996
17,47615,133.32999999999996
17,47641,133.32999999999996
17,47643,133.32999999999996
17,47645,133.32999999999996
17,47671,133.32999999999996
17,47699,133.32999999999996
17,47701,133.32999999999996
17,47731,133.32999999999996
17,47733,133.32999999999996
17,47751,133.32999999999996
17,47753,133.91999999999996
17,47783,133.91999999999996
17,47799,133.91999999999996
17,47813,133.91999999999996
17,47829,133.91999999999996
17,47843,133.91999999999996
17,47857,133.91999999999996
17,47871,133.91999999999996
17,47885,133.91999999999996
17,47899,133.91999999999996
17,47913,133.91999999999996
17,47915,133.91999999999996
17,47929,133.91999999999996
17,47955,133.91999999999996
17,47969,133.91999999999996
17,47985,133.91999999999996
17,48011,133.91999999999996
17,48027,133.91999999999996
17,48055,133.91999999999996
17,48083,168.47000000000006
17,48115,168.47000000000006
17,48133,168.47000000000006
17,48147,168.47000000000006
17,48149,168.47000000000006
17,48179,180.16000000000008
17,48181,180.16000000000008
17,48211,180.16000000000008
17,48243,180.16000000000008
17,48261,180.16000000000008
17,48277,180.16000000000008
17,48291,180.16000000000008
17,48321,180.16000000000008
17,48351,180.16000000000008
17,48369,180.16000000000008
17,48395,180.16000000000008
17,48397,180.16000000000008
17,48423,180.16000000000008
17,48449,180.16000000000008
17,48463,180.16000000000008
17,48477,180.16000000000008
17,48493,180.16000000000008
17,48519,181.91999999999993
17,48537,181.91999999999993
17,48553,183.78999999999994
17,48581,187.53000000000006
17,48597,187.53000000000006
17,48615,187.53000000000006
17,48617,187.53000000000006
17,48619,187.53000000000006
17,48621,187.53000000000006
17,48653,187.53000000000006
17,48669,187.53000000000006
17,48683,187.53000000000006
17,48697,187.53000000000006
17,48727,187.53000000000006
17,48743,187.53000000000006
17,48757,187.53000000000006
17,48771,187.53000000000006
17,48773,187.53000000000006
17,48789,187.53000000000006
17,48817,187.53000000000006
17,48833,187.53000000000006
17,48859,187.53000000000006
17,48873,187.53000000000006
17,48887,187.53000000000006
17,48915,187.53000000000006
17,48943,187.53000000000006
17,48959,187.53000000000006
17,48973,187.53000000000006
17,48975,187.53000000000006
17,49005,187.53000000000006
17,49007,187.53000000000006
17,49021,187.53000000000006
17,49049,187.53000000000006
17,49051,187.53000000000006
17,49053,187.53000000000006
17,49081,187.53000000000006
17,49095,187.53000000000006
17,49111,187.53000000000006
17,49137,187.53000000000006
17,49169,187.53000000000006
17,49205,187.53000000000006
17,49231,187.53000000000006
17,49257,187.53000000000006
17,49271,187.53000000000006
17,49287,187.53000000000006
17,49305,187.53000000000006
17,49319,187.53000000000006
17,49351,187.53000000000006
17,49353,187.53000000000006
17,49379,187.53000000000006
17,49393,187.53000000000006
17,49409,187.53000000000006
17,49437,187.53000000000006
17,49451,187.53000000000006
17,49453,187.53000000000006
17,49479,187.53000000000006
17,49505,187.53000000000006
17,49533,187.53000000000006
17,49551,187.53000000000006
17,49583,187.53000000000006
17,49613,187.53000000000006
17,49643,187.53000000000006
17,49673,187.53000000000006
17,49687,187.53000000000006
17,49689,187.53000000000006
17,49717,187.53000000000006
17,49745,187.53000000000006
17,49759,187.53000000000006
17,49773,187.53000000000006
17,49775,187.53000000000006
17,49789,187.53000000000006
17,49791,187.53000000000006
17,49805,187.53000000000006
17,49807,187.53000000000006
17,49835,187.53000000000006
17,49849,190.32999999999987
17,49863,192.68
17,49877,192.68
17,49907,192.68
17,49923,192.68
17,49937,192.68
17,49951,192.68
17,49979,192.68
17,49997,192.68
17,50023,192.68
17,50039,192.68
18,40148,36.88999999999999
18,40180,36.88999999999999
18,40194,36.88999999999999
18,40208,36.88999999999999
18,40236,39.379999999999995
18,44287,39.379999999999995
18,44303,39.379999999999995
18,44317,39.379999999999995
18,44345,42.05000000000003
18,44359,42.269999999999996
18,44373,42.269999999999996
18,44399,42.269999999999996
18,44413,48.07999999999999
18,44431,48.07999999999999
18,44433,48.07999999999999
18,44447,48.07999999999999
18,44475,67.48999999999998
18,44503,67.48999999999998
18,44533,67.48999999999998
18,44549,67.48999999999998
18,44577,67.48999999999998
18,44605,79.53000000000002
18,44631,79.53000000000002
18,44647,79.53000000000002
18,44661,79.53000000000002
18,44677,79.53000000000002
18,44703,86.71000000000001
18,44717,86.71000000000001
18,44733,86.71000000000001
18,44749,86.71000000000001
18,44763,86.71000000000001
18,44779,86.71000000000001
18,44781,86.71000000000001
18,44799,86.71000000000001
18,44813,86.71000000000001
18,44839,86.71000000000001
18,44869,86.71000000000001
18,44901,86.71000000000001
18,44933,86.71000000000001
18,44947,86.71000000000001
18,44961,86.71000000000001
18,44979,86.71000000000001
18,44995,86.71000000000001
18,44997,86.71000000000001
18,45017,86.71000000000001
18,45047,86.71000000000001
18,45061,86.71000000000001
18,45075,86.71000000000001
18,45089,86.71000000000001
18,45119,86.71000000000001
18,45137,86.71000000000001
18,45153,96.44000000000001
18,45167,96.44000000000001
18,45183,96.44000000000001
18,45197,96.44000000000001
18,45227,96.44000000000001
18,45261,96.44000000000001
18,45275,96.56999999999996
18,45303,96.56999999999996
18,45331,96.56999999999996
18,45345,96.56999999999996
18,45359,96.56999999999996
18,45375,96.56999999999996
18,45405,96.56999999999996
18,45419,96.56999999999996
18,45433,107.83
18,45447,107.83
18,45473,107.83
18,45489,107.83
18,45503,107.83
18,45519,107.83
18,45533,107.83
18,45559,107.83
18,45561,107.83
18,45575,107.83
18,45605,107.83
18,45607,107.83
18,45623,107.83
18,45649,107.83
18,45667,107.83
18,45683,107.83
18,45701,107.83
18,45719,107.83
18,45721,107.83
18,45737,107.83
18,45757,107.83
18,45771,107.83
18,45803,107.83
18,45817,107.83
18,45845,107.83
18,45871,107.83
18,45887,107.83
18,45901,107.83
18,45915,122.26000000000003
18,45929,122.26000000000003
18,45949,122.26000000000003
18,45963,122.26000000000003
18,45977,122.26000000000003
18,46007,122.26000000000003
18,46021,122.26000000000003
18,46047,122.26000000000003
18,46061,122.26000000000003
18,46077,122.26000000000003
18,46103,122.26000000000003
18,46117,122.26000000000003
18,46131,122.26000000000003
18,46147,122.26000000000003
18,46161,122.26000000000003
18,46175,122.26000000000003
18,46201,122.26000000000003
18,46215,122.26000000000003
18,46249,122.26000000000003
18,46265,122.26000000000003
18,46293,122.26000000000003
18,46295,122.26000000000003
18,46297,122.26000000000003
18,46311,122.26000000000003
18,46339,122.26000000000003
18,46365,122.26000000000003
18,46391,122.26000000000003
18,46417,122.26000000000003
18,46443,122.26000000000003
18,46471,122.26000000000003
18,46497,122.26000000000003
18,46513,122.26000000000003
18,46539,122.26000000000003
18,46567,122.26000000000003
18,46593,122.26000000000003
18,46621,122.26000000000003
18,46651,122.26000000000003
18,46679,122.26000000000003
18,46693,122.26000000000003
18,46709,122.26000000000003
18,46725,122.26000000000003
18,46751,122.26000000000003
18,46765,122.26000000000003
18,46783,122.26000000000003
18,46811,122.26000000000003
18,46839,122.26000000000003
18,46871,122.26000000000003
18,46887,122.26000000000003
18,46903,122.26000000000003
18,46905,122.26000000000003
18,46935,122.26000000000003
18,46963,122.26000000000003
18,46979,122.26000000000003
18,46995,122.26000000000003
18,47023,122.26000000000003
18,47025,122.26000000000003
18,47045,122.26000000000003
18,47077,122.26000000000003
18,47093,122.26000000000003
18,47121,122.26000000000003
18,47135,122.26000000000003
18,47165,122.26000000000003
18,47199,122.26000000000003
18,47215,122.26000000000003
18,47241,122.26000000000003
18,47255,122.26000000000003
18,47269,122.26000000000003
18,47283,122.26000000000003
18,47285,122.26000000000003
18,47287,122.26000000000003
18,47303,122.26000000000003
18,47319,122.26000000000003
18,47335,122.26000000000003
18,47349,122.26000000000003
18,47375,122.26000000000003
18,47377,122.26000000000003
18,47391,122.26000000000003
18,47393,122.26000000000003
18,47421,122.26000000000003
18,47447,122.26000000000003
18,47463,122.26000000000003
18,47465,122.26000000000003
18,47491,122.26000000000003
18,47521,122.26000000000003
18,47537,122.26000000000003
18,47551,122.26000000000003
18,47583,122.26000000000003
18,47585,122.26000000000003
18,47599,122.26000000000003
18,47601,122.26000000000003
18,47615,122.26000000000003
18,47645,122.26000000000003
18,47677,122.26000000000003
18,47703,122.26000000000003
18,47705,122.26000000000003
18,47719,122.26000000000003
18,47733,122.88000000000002
18,47761,122.88000000000002
18,47777,122.88000000000002
18,47807,122.88000000000002
18,47825,122.88000000000002
18,47855,122.88000000000002
18,47885,122.88000000000002
18,47887,122.88000000000002
18,47905,122.88000000000002
18,47919,122.88000000000002
18,47947,122.88000000000002
18,47949,132.34000000000006
18,47963,132.34000000000006
18,47991,132.34000000000006
18,48005,132.34000000000006
18,48007,132.34000000000006
18,48025,132.34000000000006
18,48039,132.34000000000006
18,48069,132.34000000000006
18,48071,132.34000000000006
18,48073,132.34000000000006
18,48075,132.34000000000006
18,48101,133.87000000000006
18,48131,133.87000000000006
18,48147,133.87000000000006
18,48161,133.87000000000006
18,48189,133.87000000000006
18,48203,133.87000000000006
18,48229,133.87000000000006
18,48245,133.87000000000006
18,48261,133.87000000000006
18,48277,133.87000000000006
18,48291,133.87000000000006
18,48307,133.87000000000006
18,48321,133.87000000000006
18,48337,133.87000000000006
18,48369,133.87000000000006
18,48371,133.87000000000006
18,48385,133.87000000000006
18,48399,133.87000000000006
18,48413,133.87000000000006
18,48415,133.87000000000006
18,48417,133.87000000000006
18,48443,133.87000000000006
18,48473,133.87000000000006
18,48487,133.87000000000006
18,48515,133.87000000000006
18,48529,133.87000000000006
18,48531,133.87000000000006
18,48561,133.87000000000006
18,48577,133.87000000000006
18,48605,133.87000000000006
18,48631,133.87000000000006
18,48657,133.87000000000006
18,48659,133.87000000000006
18,48677,133.87000000000006
18,48691,133.87000000000006
18,48719,133.87000000000006
18,48733,133.87000000000006
18,48747,133.87000000000006
18,48777,133.87000000000006
18,48791,133.87000000000006
18,48809,133.87000000000006
18,48837,133.87000000000006
18,48839,133.87000000000006
18,48865,133.87000000000006
18,48881,133.87000000000006
18,48895,133.87000000000006
18,48923,133.87000000000006
18,48941,133.87000000000006
18,48969,133.87000000000006
18,48983,133.87000000000006
18,48999,133.87000000000006
18,49025,133.87000000000006
18,49043,133.87000000000006
18,49069,133.87000000000006
18,49085,133.87000000000006
18,49101,133.87000000000006
18,49115,133.87000000000006
18,49129,133.87000000000006
18,49143,133.87000000000006
18,49157,133.87000000000006
18,49159,133.87000000000006
18,49187,133.87000000000006
18,49203,133.87000000000006
18,49217,133.87000000000006
18,49231,133.87000000000006
18,49257,133.87000000000006
18,49289,133.87000000000006
18,49309,133.87000000000006
18,49335,133.87000000000006
18,49337,133.87000000000006
18,49365,133.87000000000006
18,49379,133.87000000000006
18,49381,133.87000000000006
18,49395,133.87000000000006
18,49411,133.87000000000006
18,49413,133.87000000000006
18,49439,133.87000000000006
18,49465,133.87000000000006
18,49483,133.87000000000006
18,49485,133.87000000000006
18,49513,133.87000000000006
18,49545,133.87000000000006
18,49547,133.87000000000006
18,49565,134.30999999999997
18,49579,134.30999999999997
18,49597,134.30999999999997
18,49599,134.30999999999997
18,49627,134.30999999999997
18,49653,134.30999999999997
18,49671,134.30999999999997
18,49699,134.30999999999997
18,49715,134.30999999999997
18,49731,134.30999999999997
18,49745,134.30999999999997
18,49747,134.30999999999997
18,49761,134.30999999999997
18,49775,134.30999999999997
18,49789,134.30999999999997
18,49805,134.30999999999997
18,49807,134.30999999999997
18,49823,134.30999999999997
18,49837,134.30999999999997
18,49865,134.30999999999997
18,49895,134.30999999999997
18,49909,137.17000000000004
18,49937,137.17000000000004
18,49951,137.17000000000004
18,49965,137.17000000000004
18,49979,137.17000000000004
18,50005,137.17000000000004
18,50021,137.17000000000004
18,50023,137.17000000000004
18,50051,137.17000000000004
18,50067,137.17000000000004
18,50081,137.17000000000004
18,50083,137.17000000000004
18,50099,137.17000000000004
18,50127,137.17000000000004
19,40400,33.12999999999999
19,40428,33.12999999999999
19,40458,33.12999999999999
19,40472,34.919999999999995
19,40500,34.919999999999995
19,44585,39.17
19,44599,47.93
19,44627,47.93
19,44649,47.93
19,44677,47.93
19,44679,47.93
19,44693,47.93
19,44719,47.93
19,44733,47.93
19,44735,47.93
19,44765,47.93
19,44767,47.93
19,44781,47.93
19,44809,47.93
19,44827,47.93
19,44853,48.56999999999999
19,44871,48.56999999999999
19,44873,48.56999999999999
19,44887,48.56999999999999
19,44901,48.56999999999999
19,44903,48.56999999999999
19,44917,53.81000000000002
19,44931,56.56
19,44945,56.56
19,44975,62.15000000000001
19,44991,65.69000000000003
19,45005,65.69000000000003
19,45025,65.69000000000003
19,45027,65.69000000000003
19,45043,65.69000000000003
19,45073,65.69000000000003
19,45103,65.69000000000003
19,45119,65.69000000000003
19,45149,65.69000000000003
19,45163,65.69000000000003
19,45179,66.50999999999999
19,45193,77.75
19,45195,77.75
19,45221,78.57999999999998
19,45237,78.57999999999998
19,45263,78.57999999999998
19,45289,78.57999999999998
19,45291,78.57999999999998
19,45319,78.57999999999998
19,45347,81.87
19,45367,81.87
19,45397,81.87
19,45429,81.87
19,45443,81.87
19,45473,81.87
19,45487,81.87
19,45505,81.87
19,45533,81.87
19,45547,81.87
19,45563,81.87
19,45565,81.87
19,45567,81.87
19,45581,81.87
19,45595,81.87
19,45627,81.87
19,45641,81.87
19,45669,81.87
19,45687,81.87
19,45703,81.87
19,45729,83.58000000000004
19,45731,83.58000000000004
19,45733,87.97
19,45735,87.97
19,45749,87.97
19,45763,87.97
19,45791,87.97
19,45805,87.97
19,45841,87.97
19,45855,87.97
19,45883,87.97
19,45909,87.97
19,45923,87.97
19,45949,87.97
19,45977,110.83000000000001
19,45979,110.83000000000001
19,45993,110.83000000000001
19,46007,110.83000000000001
19,46035,110.83000000000001
19,46051,110.83000000000001
19,46065,110.83000000000001
19,46067,110.83000000000001
19,46069,110.83000000000001
19,46085,110.83000000000001
19,46115,110.83000000000001
19,46117,110.83000000000001
19,46145,116.67999999999998
19,46159,116.67999999999998
19,46185,116.67999999999998
19,46187,116.67999999999998
19,46217,116.67999999999998
19,46247,116.67999999999998
19,46261,116.67999999999998
19,46279,116.67999999999998
19,46281,116.67999999999998
19,46297,116.67999999999998
19,46311,116.67999999999998
19,46313,116.67999999999998
19,46339,116.67999999999998
19,46353,128.53
19,46367,133.01000000000008
19,46399,133.01000000000008
19,46413,133.01000000000008
19,46441,133.01000000000008
19,46469,134.49000000000004
19,46487,139.85999999999999
19,46501,139.85999999999999
19,46503,139.85999999999999
19,46505,139.85999999999999
19,46507,139.85999999999999
19,46509,139.85999999999999
19,46535,139.85999999999999
19,46563,139.85999999999999
19,46591,139.85999999999999
19,46605,139.85999999999999
19,46633,139.85999999999999
19,46659,139.85999999999999
19,46673,139.85999999999999
19,46689,139.85999999999999
19,46719,139.85999999999999
19,46733,139.85999999999999
19,46751,139.85999999999999
19,46767,139.85999999999999
19,46781,139.85999999999999
19,46795,139.85999999999999
19,46809,139.85999999999999
19,46811,139.85999999999999
19,46837,139.85999999999999
19,46855,139.85999999999999
19,46881,139.85999999999999
19,46897,139.85999999999999
19,46899,139.85999999999999
19,46927,139.85999999999999
19,46941,139.85999999999999
19,46957,139.85999999999999
19,46975,139.85999999999999
19,46991,139.85999999999999
19,47007,139.85999999999999
19,47009,139.85999999999999
19,47037,139.85999999999999
19,47069,139.85999999999999
19,47083,139.85999999999999
19,47113,139.85999999999999
19,47131,139.85999999999999
19,47147,139.85999999999999
19,47161,139.85999999999999
19,47189,139.85999999999999
19,47205,139.85999999999999
19,47233,139.85999999999999
19,47261,139.85999999999999
19,47287,139.85999999999999
19,47305,139.85999999999999
19,47319,139.85999999999999
19,47335,139.85999999999999
19,47351,139.85999999999999
19,47377,139.85999999999999
19,47407,139.85999999999999
19,47423,139.85999999999999
19,47439,139.85999999999999
19,47455,139.85999999999999
19,47483,139.85999999999999
19,47499,139.85999999999999
19,47525,139.85999999999999
19,47541,139.85999999999999
19,47555,139.85999999999999
19,47581,139.85999999999999
19,47595,139.85999999999999
19,47625,139.85999999999999
19,47655,139.85999999999999
19,47671,139.85999999999999
19,47689,139.85999999999999
19,47691,139.85999999999999
19,47705,139.85999999999999
19,47721,139.85999999999999
19,47737,139.85999999999999
19,47753,139.85999999999999
19,47755,139.85999999999999
19,47783,139.85999999999999
19,47797,139.85999999999999
19,47823,139.85999999999999
19,47839,139.85999999999999
19,47867,139.85999999999999
19,47897,139.85999999999999
19,47911,139.85999999999999
19,47925,139.85999999999999
19,47955,139.85999999999999
19,47957,139.85999999999999
19,47985,139.85999999999999
19,48013,139.85999999999999
19,48015,139.85999999999999
19,48043,139.85999999999999
19,48069,139.85999999999999
19,48089,139.85999999999999
19,48111,139.85999999999999
19,48143,139.85999999999999
19,48175,139.85999999999999
19,48189,139.85999999999999
19,48203,139.85999999999999
19,48229,139.85999999999999
19,48245,139.85999999999999
19,48259,139.85999999999999
19,48261,139.85999999999999
19,48263,139.85999999999999
19,48277,139.85999999999999
19,48291,139.85999999999999
19,48319,139.85999999999999
19,48345,139.85999999999999
19,48373,139.85999999999999
19,48387,139.85999999999999
19,48401,139.85999999999999
19,48415,139.85999999999999
19,48441,139.85999999999999
19,48455,139.85999999999999
19,48483,139.85999999999999
19,48513,139.85999999999999
19,48515,139.85999999999999
19,48545,139.85999999999999
19,48547,139.85999999999999
19,48549,139.85999999999999
19,48575,139.85999999999999
19,48589,139.85999999999999
19,48603,139.85999999999999
19,48617,139.85999999999999
19,48619,139.85999999999999
19,48635,139.85999999999999
19,48649,139.85999999999999
19,48665,139.85999999999999
19,48695,139.85999999999999
19,48723,139.91000000000003
19,48739,139.91000000000003
19,48755,139.91000000000003
19,48785,139.91000000000003
19,48813,139.91000000000003
19,48843,139.91000000000003
19,48857,139.91000000000003
19,48885,139.91000000000003
19,48899,139.91000000000003
19,48913,139.91000000000003
19,48939,139.91000000000003
19,48967,139.91000000000003
19,48997,139.91000000000003
19,49025,139.91000000000003
19,49043,139.91000000000003
19,49071,139.91000000000003
19,49099,139.91000000000003
19,49127,139.91000000000003
19,49143,139.91000000000003
19,49145,139.91000000000003
19,49173,139.91000000000003
19,49187,139.91000000000003
19,49189,139.91000000000003
19,49205,139.91000000000003
19,49207,139.91000000000003
19,49237,139.91000000000003
19,49251,139.91000000000003
19,49253,139.91000000000003
19,49273,139.91000000000003
19,49275,139.91000000000003
19,49305,139.91000000000003
19,49341,139.91000000000003
19,49355,139.91000000000003
19,49383,139.91000000000003
19,49413,139.91000000000003
19,49433,139.91000000000003
19,49447,139.91000000000003
19,49449,139.91000000000003
19,49481,139.91000000000003
19,49497,139.91000000000003
19,49513,139.91000000000003
19,49529,139.91000000000003
19,49531,139.91000000000003
19,49545,139.91000000000003
19,49573,139.91000000000003
19,49591,139.91000000000003
19,49621,139.91000000000003
19,49647,139.91000000000003
19,49663,139.91000000000003
19,49677,139.91000000000003
19,49705,139.91000000000003
19,49733,139.91000000000003
19,49735,139.91000000000003
19,49749,139.91000000000003
19,49765,139.91000000000003
19,49767,139.91000000000003
19,49769,139.91000000000003
19,49783,139.91000000000003
19,49813,139.91000000000003
19,49815,139.91000000000003
19,49829,139.91000000000003
19,49861,139.91000000000003
19,49877,139.91000000000003
19,49891,139.91000000000003
19,49905,146.78999999999994
19,49907,146.78999999999994
19,49935,146.78999999999994
19,49937,146.78999999999994
19,49953,146.78999999999994
19,49979,146.78999999999994
19,49995,146.78999999999994
19,50009,146.78999999999994
19,50011,146.78999999999994
19,50013,146.78999999999994
19,50027,146.78999999999994
19,50055,146.78999999999994
19,50069,146.78999999999994
19,50071,146.78999999999994
19,50085,146.78999999999994
19,50099,146.78999999999994
19,50129,146.78999999999994
19,50157,146.78999999999994
19,50159,146.78999999999994
19,50173,146.78999999999994
19,50199,146.78999999999994
19,50213,146.78999999999994
19,50215,146.78999999999994
19,50245,146.78999999999994
19,50273,146.78999999999994
19,50299,146.78999999999994
19,50301,146.78999999999994
19,50303,146.78999999999994
19,50331,146.78999999999994
19,50349,146.78999999999994
19,50377,146.78999999999994
19,50393,146.78999999999994
20,40258,28.839999999999982
20,40284,31.919999999999998
20,40300,31.919999999999998
20,40314,40.66000000000001
20,40340,40.66000000000001
20,40354,45.72999999999999
20,40384,45.72999999999999
20,40398,53.460000000000015
20,40424,53.460000000000015
20,44435,53.460000000000015
20,44463,53.460000000000015
20,44479,53.460000000000015
20,44481,53.460000000000015
20,44483,53.460000000000015
20,44485,61.59000000000003
20,44499,61.59000000000003
20,44513,61.59000000000003
20,44527,61.59000000000003
20,44557,61.59000000000003
20,44559,61.59000000000003
20,44575,61.59000000000003
20,44589,61.59000000000003
20,44625,61.59000000000003
20,44653,67.86999999999999
20,44667,67.86999999999999
20,44681,67.86999999999999
20,44697,67.86999999999999
20,44713,67.86999999999999
20,44729,67.86999999999999
20,44747,67.86999999999999
20,44763,67.86999999999999
20,44777,67.86999999999999
20,44793,67.86999999999999
20,44827,77.62999999999998
20,44843,77.62999999999998
20,44857,77.62999999999998
20,44883,77.62999999999998
20,44911,77.62999999999998
20,44929,77.62999999999998
20,44943,77.62999999999998
20,44957,77.62999999999998
20,44959,79.1
20,44987,79.1
20,45001,79.1
20,45003,79.1
20,45035,79.1
20,45049,79.1
20,45075,79.1
20,45105,79.1
20,45107,79.1
20,45137,88.55999999999999
20,45151,88.55999999999999
20,45165,88.55999999999999
20,45167,90.36000000000003
20,45181,90.36000000000003
20,45207,90.36000000000003
20,45237,90.36000000000003
20,45265,90.36000000000003
20,45281,90.36000000000003
20,45295,90.36000000000003
20,45321,90.36000000000003
20,45335,90.36000000000003
20,45349,90.36000000000003
20,45377,90.36000000000003
20,45409,90.36000000000003
20,45425,90.36000000000003
20,45441,90.36000000000003
20,45443,90.36000000000003
20,45475,90.36000000000003
20,45489,90.36000000000003
20,45505,90.36000000000003
20,45533,90.36000000000003
20,45563,90.36000000000003
20,45593,90.36000000000003
20,45607,90.36000000000003
20,45621,90.36000000000003
20,45637,90.36000000000003
20,45653,90.36000000000003
20,45679,92.30000000000001
20,45709,92.30000000000001
20,45737,92.30000000000001
20,45739,92.30000000000001
20,45753,92.30000000000001
20,45755,92.30000000000001
20,45769,92.30000000000001
20,45783,92.30000000000001
20,45797,92.30000000000001
20,45825,101.43000000000002
20,45855,101.43000000000002
20,45881,101.43000000000002
20,45907,101.43000000000002
20,45923,101.43000000000002
20,45951,101.43000000000002
20,45977,101.43000000000002
20,45993,101.43000000000002
20,46023,101.43000000000002
20,46037,101.43000000000002
20,46051,101.43000000000002
20,46053,101.43000000000002
20,46081,101.43000000000002
20,46107,101.43000000000002
20,46137,101.43000000000002
20,46153,101.43000000000002
20,46167,101.43000000000002
20,46183,101.43000000000002
20,46209,101.43000000000002
20,46223,101.43000000000002
20,46225,101.43000000000002
20,46253,101.43000000000002
20,46281,101.43000000000002
20,46311,101.43000000000002
20,46327,101.43000000000002
20,46349,101.43000000000002
20,46379,101.43000000000002
20,46393,101.43000000000002
20,46419,101.43000000000002
20,46447,101.43000000000002
20,46463,101.43000000000002
20,46489,107.29
20,46503,107.29
20,46529,107.29
20,46559,107.29
20,46575,107.29
20,46593,107.29
20,46627,107.29
20,46641,107.29
20,46655,107.29
20,46681,107.29
20,46717,107.29
20,46731,107.29
20,46757,107.29
20,46771,107.29
20,46801,107.29
20,46803,107.60999999999999
20,46829,107.60999999999999
20,46855,107.60999999999999
20,46869,107.60999999999999
20,46883,107.60999999999999
20,46885,107.60999999999999
20,46887,107.60999999999999
20,46915,107.60999999999999
20,46941,107.60999999999999
20,46955,107.60999999999999
20,46971,107.60999999999999
20,46999,107.60999999999999
20,47025,107.60999999999999
20,47039,107.60999999999999
20,47065,107.60999999999999
20,47093,133.73999999999998
20,47109,133.73999999999998
20,47125,133.73999999999998
20,47143,133.73999999999998
20,47169,133.73999999999998
20,47187,133.73999999999998
20,47203,133.73999999999998
20,47219,133.73999999999998
20,47251,133.73999999999998
20,47277,133.73999999999998
20,47291,133.73999999999998
20,47307,133.73999999999998
20,47321,149.32999999999998
20,47335,149.32999999999998
20,47337,149.32999999999998
20,47353,149.32999999999998
20,47355,149.32999999999998
20,47357,149.32999999999998
20,47387,149.32999999999998
20,47417,149.32999999999998
20,47431,149.32999999999998
20,47457,149.32999999999998
20,47459,149.32999999999998
20,47461,149.32999999999998
20,47475,149.32999999999998
20,47491,149.32999999999998
20,47507,149.32999999999998
20,47523,149.32999999999998
20,47551,149.32999999999998
20,47577,149.32999999999998
20,47609,149.32999999999998
20,47643,149.32999999999998
20,47645,149.32999999999998
20,47671,149.32999999999998
20,47697,149.32999999999998
20,47727,149.32999999999998
20,47741,149.32999999999998
20,47773,149.32999999999998
20,47799,149.32999999999998
20,47829,149.32999999999998
20,47857,149.32999999999998
20,47887,149.32999999999998
20,47913,149.32999999999998
20,47939,149.32999999999998
20,47965,149.32999999999998
20,47983,149.32999999999998
20,48017,149.32999999999998
20,48019,149.32999999999998
20,48021,149.32999999999998
20,48035,149.32999999999998
20,48065,149.32999999999998
20,48093,152.26
20,48121,152.26
20,48135,152.26
20,48163,152.26
20,48189,152.26
20,48211,152.26
20,48237,152.26
20,48253,152.26
20,48267,152.26
20,48269,152.26
20,48299,152.26
20,48313,157.23
20,48329,157.23
20,48347,157.23
20,48363,157.23
20,48391,157.23
20,48417,157.23
20,48447,157.23
20,48449,157.23
20,48465,157.23
20,48493,157.23
20,48507,157.23
20,48521,157.23
20,48537,157.23
20,48539,157.23
20,48555,157.23
20,48583,157.23
20,48585,157.23
20,48607,157.23
20,48639,157.23
20,48641,157.23
20,48643,157.23
20,48659,157.23
20,48675,157.23
20,48703,157.23
20,48731,157.23
20,48733,157.23
20,48735,157.23
20,48749,157.23
20,48763,157.23
20,48779,157.23
20,48805,157.23
20,48807,157.23
20,48833,157.23
20,48863,157.23
20,48879,157.23
20,48881,157.23
20,48883,157.23
20,48899,157.23
20,48929,157.23
20,48931,157.23
20,48933,157.23
20,48959,157.23
20,48973,157.23
20,48975,157.23
20,49003,157.23
20,49025,157.23
20,49039,157.23
20,49053,157.23
20,49067,157.23
20,49069,157.23
20,49071,157.23
20,49097,157.23
20,49099,157.23
20,49101,157.23
20,49115,157.23
20,49117,157.23
20,49119,157.23
20,49133,157.23
20,49159,157.23
20,49189,157.23
20,49191,157.23
20,49205,157.23
20,49227,157.23
20,49241,157.23
20,49255,157.23
20,49269,157.23
20,49295,157.23
20,49321,157.23
20,49337,157.23
20,49339,157.23
20,49377,157.23
20,49391,157.23
20,49417,157.23
20,49433,157.23
20,49461,157.23
20,49477,157.23
20,49479,157.23
20,49481,157.23
20,49483,157.23
20,49497,157.23
20,49511,157.23
20,49529,157.23
20,49543,157.23
20,49569,157.23
20,49585,157.23
20,49611,157.23
20,49639,157.23
20,49669,157.23
20,49685,157.23
20,49713,157.23
20,49715,157.23
20,49729,157.23
20,49743,157.23
20,49757,157.23
20,49785,157.23
20,49799,157.23
20,49815,157.23
20,49845,157.23
20,49847,157.23
20,49861,157.23
20,49877,157.23
20,49913,157.23
20,49915,157.23
20,49917,157.23
20,49931,157.23
20,49961,157.23
20,49993,157.23
20,50021,157.23
20,50047,157.23
20,50077,157.23
20,50109,157.23
20,50123,157.23
20,50153,157.23
20,50171,157.23
20,50201,157.23
20,50229,157.23
20,50255,157.23
21,40082,29.569999999999997
21,40108,39.630000000000024
21,40124,39.630000000000024
21,40140,39.630000000000024
21,40156,39.630000000000024
21,40188,39.630000000000024
21,40190,39.630000000000024
21,40204,39.630000000000024
21,40230,39.630000000000024
21,40244,39.630000000000024
21,44333,39.630000000000024
21,44347,39.630000000000024
21,44349,39.630000000000024
21,44375,45.32999999999997
21,44377,45.32999999999997
21,44393,45.32999999999997
21,44395,46.69000000000001
21,44423,46.69000000000001
21,44449,46.69000000000001
21,44477,46.69000000000001
21,44491,46.69000000000001
21,44505,47.58
21,44519,47.58
21,44547,57.410000000000004
21,44561,57.410000000000004
21,44575,57.410000000000004
21,44589,57.410000000000004
21,44603,57.410000000000004
21,44605,58.929999999999986
21,44619,58.929999999999986
21,44621,58.929999999999986
21,44623,58.929999999999986
21,44625,61.22000000000001
21,44639,61.22000000000001
21,44653,61.22000000000001
21,44671,61.22000000000001
21,44673,61.22000000000001
21,44687,61.22000000000001
21,44701,61.22000000000001
21,44717,61.22000000000001
21,44731,61.22000000000001
21,44747,61.22000000000001
21,44779,61.22000000000001
21,44807,61.22000000000001
21,44809,61.22000000000001
21,44837,61.22000000000001
21,44863,61.22000000000001
21,44879,61.22000000000001
21,44897,61.22000000000001
21,44925,61.22000000000001
21,44951,63.45999999999999
21,44967,63.45999999999999
21,44983,63.45999999999999
21,45011,63.45999999999999
21,45025,63.45999999999999
21,45043,64.94000000000001
21,45057,64.94000000000001
21,45071,64.94000000000001
21,45085,64.94000000000001
21,45115,64.94000000000001
21,45129,64.94000000000001
21,45143,64.94000000000001
21,45159,64.94000000000001
21,45173,64.94000000000001
21,45191,64.94000000000001
21,45223,64.94000000000001
21,45253,64.94000000000001
21,45281,69.62999999999995
21,45295,69.62999999999995
21,45323,69.62999999999995
21,45351,69.62999999999995
21,45379,69.62999999999995
21,45401,69.62999999999995
21,45429,69.62999999999995
21,45447,69.62999999999995
21,45461,72.19
21,45487,73.05000000000001
21,45503,73.05000000000001
21,45519,73.05000000000001
21,45539,73.05000000000001
21,45555,73.05000000000001
21,45557,73.08
21,45575,73.08
21,45589,73.08
21,45615,73.08
21,45641,73.08
21,45643,73.08
21,45669,73.08
21,45683,73.08
21,45713,73.08
21,45727,73.08
21,45743,73.08
21,45745,75.2
21,45759,82.93999999999997
21,45761,82.93999999999997
21,45777,82.93999999999997
21,45791,82.93999999999997
21,45805,82.93999999999997
21,45835,82.93999999999997
21,45863,89.11000000000003
21,45889,89.11000000000003
21,45915,89.11000000000003
21,45941,89.11000000000003
21,45969,89.11000000000003
21,45995,89.11000000000003
21,46011,89.11000000000003
21,46037,90.44
21,46051,92.48000000000002
21,46077,92.48000000000002
21,46103,92.48000000000002
21,46129,92.48000000000002
21,46143,92.48000000000002
21,46157,92.48000000000002
21,46171,94.80999999999997
21,46203,94.80999999999997
21,46235,94.80999999999997
21,46237,94.80999999999997
21,46265,95.33999999999995
21,46267,95.33999999999995
21,46295,95.33999999999995
21,46323,95.33999999999995
21,46351,95.33999999999995
21,46367,95.33999999999995
21,46383,95.33999999999995
21,46397,97.57000000000001
21,46425,106.59
21,46453,106.59
21,46469,106.59
21,46503,226.11
21,46529,226.11
21,46543,226.11
21,46557,226.11
21,46587,226.11
21,46601,226.11
21,46627,226.11
21,46641,226.11
21,46655,226.11
21,46681,226.11
21,46683,226.11
21,46711,226.11
21,46713,226.11
21,46739,226.11
21,46755,226.11
21,46787,226.11
21,46803,226.11
21,46829,226.11
21,46865,226.11
21,46881,226.11
21,46883,226.11
21,46897,226.11
21,46911,233.14000000000001
21,46925,233.14000000000001
21,46927,233.14000000000001
21,46943,233.14000000000001
21,46973,233.14000000000001
21,47005,233.14000000000001
21,47019,233.14000000000001
21,47021,233.14000000000001
21,47035,233.14000000000001
21,47037,233.14000000000001
21,47039,233.14000000000001
21,47071,233.14000000000001
21,47085,233.14000000000001
21,47115,233.14000000000001
21,47141,233.14000000000001
21,47143,233.14000000000001
21,47171,233.14000000000001
21,47197,233.14000000000001
21,47211,233.14000000000001
21,47225,233.14000000000001
21,47241,233.14000000000001
21,47259,233.14000000000001
21,47285,233.14000000000001
21,47287,233.14000000000001
21,47289,233.14000000000001
21,47303,233.14000000000001
21,47305,233.14000000000001
21,47319,233.14000000000001
21,47347,233.14000000000001
21,47361,233.14000000000001
21,47363,233.14000000000001
21,47391,233.14000000000001
21,47393,233.14000000000001
21,47409,233.14000000000001
21,47425,233.64999999999998
21,47451,233.64999999999998
21,47465,233.64999999999998
21,47495,233.64999999999998
21,47509,233.64999999999998
21,47539,233.64999999999998
21,47567,233.64999999999998
21,47593,233.64999999999998
21,47595,233.64999999999998
21,47597,233.64999999999998
21,47599,233.64999999999998
21,47629,233.64999999999998
21,47659,233.64999999999998
21,47675,233.64999999999998
21,47691,233.64999999999998
21,47705,233.64999999999998
21,47719,233.64999999999998
21,47735,233.64999999999998
21,47771,233.64999999999998
21,47773,233.64999999999998
21,47803,233.64999999999998
21,47829,233.64999999999998
21,47857,233.64999999999998
21,47859,233.64999999999998
21,47877,233.64999999999998
21,47893,233.64999999999998
21,47907,233.64999999999998
21,47935,233.64999999999998
21,47949,233.64999999999998
21,47965,233.64999999999998
21,47979,233.64999999999998
21,48005,233.64999999999998
21,48007,233.64999999999998
21,48033,233.64999999999998
21,48047,233.64999999999998
21,48061,233.64999999999998
21,48089,233.64999999999998
21,48117,233.64999999999998
21,48131,233.64999999999998
21,48145,233.64999999999998
21,48161,233.64999999999998
21,48189,233.64999999999998
21,48203,233.64999999999998
21,48219,233.64999999999998
21,48221,237.94999999999996
21,48235,237.94999999999996
21,48265,237.94999999999996
21,48267,237.94999999999996
21,48281,237.94999999999996
21,48309,237.94999999999996
21,48325,237.94999999999996
21,48341,243.50999999999993
21,48355,243.50999999999993
21,48385,243.50999999999993
21,48403,243.50999999999993
21,48405,243.50999999999993
21,48433,243.50999999999993
21,48463,243.50999999999993
21,48465,243.50999999999993
21,48479,243.50999999999993
21,48493,243.50999999999993
21,48511,243.50999999999993
21,48525,243.50999999999993
21,48539,243.50999999999993
21,48567,243.50999999999993
21,48595,243.50999999999993
21,48609,243.50999999999993
21,48627,243.50999999999993
21,48655,243.50999999999993
21,48681,243.50999999999993
21,48707,243.50999999999993
21,48721,243.50999999999993
21,48723,243.50999999999993
21,48761,243.50999999999993
21,48775,243.50999999999993
21,48791,243.50999999999993
21,48819,243.50999999999993
21,48833,243.50999999999993
21,48847,243.50999999999993
21,48875,243.50999999999993
21,48903,243.50999999999993
21,48917,243.50999999999993
21,48919,243.50999999999993
21,48933,243.50999999999993
21,48961,243.50999999999993
21,48963,243.50999999999993
21,48981,243.50999999999993
21,48983,243.50999999999993
21,49009,243.50999999999993
21,49041,243.50999999999993
21,49055,243.50999999999993
21,49083,243.50999999999993
21,49109,243.50999999999993
21,49123,243.50999999999993
21,49153,243.50999999999993
21,49167,243.50999999999993
21,49181,243.50999999999993
21,49195,243.50999999999993
21,49209,243.50999999999993
21,49235,243.50999999999993
21,49249,243.50999999999993
21,49277,243.50999999999993
21,49303,243.50999999999993
21,49317,243.50999999999993
21,49331,243.50999999999993
21,49333,243.50999999999993
21,49359,243.50999999999993
21,49385,243.50999999999993
21,49401,243.50999999999993
21,49429,243.50999999999993
21,49431,243.50999999999993
21,49459,243.50999999999993
21,49487,243.50999999999993
21,49489,243.50999999999993
21,49521,243.50999999999993
21,49535,243.50999999999993
21,49563,243.50999999999993
21,49593,243.50999999999993
21,49609,243.50999999999993
21,49611,243.50999999999993
21,49625,243.50999999999993
21,49653,243.50999999999993
21,49681,243.50999999999993
21,49695,243.50999999999993
21,49711,243.50999999999993
21,49727,243.50999999999993
21,49753,243.50999999999993
21,49783,243.50999999999993
21,49799,243.50999999999993
21,49813,243.50999999999993
21,49827,243.50999999999993
21,49861,243.50999999999993
21,49889,243.50999999999993
21,49917,243.50999999999993
21,49945,243.50999999999993
21,49973,243.50999999999993
21,49989,243.50999999999993
21,50015,243.50999999999993
21,50017,243.50999999999993
21,50047,243.50999999999993
21,50073,243.50999999999993
22,40010,38.400000000000006
22,40038,39.11
22,40064,39.11
22,44111,39.11
22,44125,39.16
22,44141,39.16
22,44167,39.16
22,44181,54.049999999999976
22,44195,58.38999999999998
22,44211,58.38999999999998
22,44213,58.38999999999998
22,44227,58.38999999999998
22,44245,58.38999999999998
22,44271,58.38999999999998
22,44285,58.38999999999998
22,44315,58.38999999999998
22,44331,58.38999999999998
22,44349,58.38999999999998
22,44363,58.38999999999998
22,44395,58.38999999999998
22,44409,58.38999999999998
22,44423,58.38999999999998
22,44441,58.38999999999998
22,44469,58.38999999999998
22,44499,58.740000000000016
22,44513,60.18000000000001
22,44529,60.18000000000001
22,44543,60.18000000000001
22,44563,60.18000000000001
22,44577,60.18000000000001
22,44579,60.18000000000001
22,44609,60.18000000000001
22,44623,60.18000000000001
22,44639,60.18000000000001
22,44653,65.48
22,44671,65.48
22,44685,65.48
22,44711,65.48
22,44713,65.48
22,44727,65.48
22,44755,65.48
22,44783,65.48
22,44799,65.48
22,44813,65.48
22,44839,75.97999999999998
22,44865,75.97999999999998
22,44881,75.97999999999998
22,44897,75.97999999999998
22,44927,75.97999999999998
22,44941,75.97999999999998
22,44957,75.97999999999998
22,44973,75.97999999999998
22,44987,75.97999999999998
22,45017,75.97999999999998
22,45031,75.97999999999998
22,45033,75.97999999999998
22,45047,75.97999999999998
22,45061,75.97999999999998
22,45075,75.97999999999998
22,45107,75.97999999999998
22,45137,75.97999999999998
22,45139,75.97999999999998
22,45167,85.65999999999998
22,45183,85.65999999999998
22,45213,85.65999999999998
22,45227,85.65999999999998
22,45253,85.65999999999998
22,45267,85.65999999999998
22,45283,85.65999999999998
22,45309,85.65999999999998
22,45325,85.65999999999998
22,45353,85.65999999999998
22,45383,85.65999999999998
22,45415,85.65999999999998
22,45441,87.72
22,45467,87.72
22,45497,87.72
22,45511,94.10000000000004
22,45513,94.10000000000004
22,45527,94.10000000000004
22,45557,94.10000000000004
22,45587,94.10000000000004
22,45589,94.10000000000004
22,45615,94.10000000000004
22,45645,94.10000000000004
22,45671,94.10000000000004
22,45701,94.10000000000004
22,45729,94.10000000000004
22,45731,94.10000000000004
22,45747,94.10000000000004
22,45775,94.10000000000004
22,45791,94.10000000000004
22,45817,94.52
22,45845,94.52
22,45873,94.52
22,45887,94.52
22,45889,107.83999999999993
22,45917,107.83999999999993
22,45931,107.83999999999993
22,45945,189.64999999999995
22,45959,189.64999999999995
22,45973,189.64999999999995
22,45989,189.64999999999995
22,46003,189.64999999999995
22,46033,189.64999999999995
22,46049,189.64999999999995
22,46065,189.64999999999995
22,46079,189.64999999999995
22,46105,202.26000000000005
22,46131,202.26000000000005
22,46145,202.26000000000005
22,46159,202.26000000000005
22,46161,202.26000000000005
22,46163,202.26000000000005
22,46189,202.26000000000005
22,46203,202.26000000000005
22,46217,202.26000000000005
22,46231,202.26000000000005
22,46259,202.26000000000005
22,46289,202.26000000000005
22,46315,202.26000000000005
22,46345,202.26000000000005
22,46371,205.38000000000005
22,46387,205.38000000000005
22,46417,205.38000000000005
22,46431,205.38000000000005
22,46459,205.38000000000005
22,46475,205.38000000000005
22,46491,205.38000000000005
22,46493,205.38000000000005
22,46513,205.38000000000005
22,46541,205.38000000000005
22,46543,205.38000000000005
22,46545,205.38000000000005
22,46571,205.38000000000005
22,46585,205.38000000000005
22,46611,205.38000000000005
22,46643,205.38000000000005
22,46671,205.38000000000005
22,46705,205.38000000000005
22,46731,205.38000000000005
22,46747,205.38000000000005
22,46773,205.38000000000005
22,46801,205.38000000000005
22,46803,205.38000000000005
22,46833,205.38000000000005
22,46847,205.38000000000005
22,46879,205.38000000000005
22,46909,205.38000000000005
22,46911,205.38000000000005
22,46913,205.38000000000005
22,46943,205.38000000000005
22,46957,205.38000000000005
22,46971,205.38000000000005
22,46999,205.38000000000005
22,47029,205.38000000000005
22,47043,205.38000000000005
22,47057,205.38000000000005
22,47091,205.38000000000005
22,47117,205.38000000000005
22,47143,205.38000000000005
22,47171,205.38000000000005
22,47189,205.38000000000005
22,47203,205.38000000000005
22,47237,205.38000000000005
22,47251,205.38000000000005
22,47267,205.38000000000005
22,47283,205.38000000000005
22,47309,205.38000000000005
22,47323,205.38000000000005
22,47351,205.38000000000005
22,47381,205.38000000000005
22,47407,205.38000000000005
22,47435,205.38000000000005
22,47465,205.38000000000005
22,47481,205.38000000000005
22,47497,205.38000000000005
22,47513,205.38000000000005
22,47515,205.38000000000005
22,47533,205.38000000000005
22,47535,205.38000000000005
22,47537,205.38000000000005
22,47551,205.38000000000005
22,47581,205.38000000000005
22,47595,205.38000000000005
22,47609,205.38000000000005
22,47627,205.38000000000005
22,47641,205.38000000000005
22,47657,205.38000000000005
22,47671,205.38000000000005
22,47691,205.38000000000005
22,47721,205.38000000000005
22,47723,205.38000000000005
22,47737,205.38000000000005
22,47765,205.38000000000005
22,47781,205.38000000000005
22,47797,205.38000000000005
22,47799,205.38000000000005
22,47817,205.38000000000005
22,47819,205.38000000000005
22,47833,205.38000000000005
22,47847,205.38000000000005
22,47861,205.38000000000005
22,47877,205.38000000000005
22,47903,205.38000000000005
22,47905,205.38000000000005
22,47933,205.38000000000005
22,47959,205.38000000000005
22,47973,205.38000000000005
22,47989,205.38000000000005
22,48005,205.38000000000005
22,48007,205.38000000000005
22,48023,205.38000000000005
22,48051,205.38000000000005
22,48053,205.38000000000005
22,48067,205.38000000000005
22,48081,205.38000000000005
22,48095,205.38000000000005
22,48121,205.38000000000005
22,48123,205.38000000000005
22,48149,205.38000000000005
22,48179,205.38000000000005
22,48205,205.38000000000005
22,48207,205.38000000000005
22,48221,205.38000000000005
22,48235,205.38000000000005
22,48249,205.38000000000005
22,48265,205.38000000000005
22,48291,205.38000000000005
22,48317,205.38000000000005
22,48351,205.38000000000005
22,48377,205.38000000000005
22,48391,205.38000000000005
22,48405,205.38000000000005
22,48419,205.38000000000005
22,48445,205.38000000000005
22,48473,205.38000000000005
22,48499,205.38000000000005
22,48515,205.38000000000005
22,48541,205.38000000000005
22,48571,205.38000000000005
22,48589,205.38000000000005
22,48621,205.38000000000005
22,48653,205.38000000000005
22,48655,205.38000000000005
22,48671,205.38000000000005
22,48703,205.38000000000005
22,48729,205.38000000000005
22,48743,205.38000000000005
22,48773,205.38000000000005
22,48789,205.38000000000005
22,48803,205.38000000000005
22,48831,205.38000000000005
22,48845,205.38000000000005
22,48875,205.38000000000005
22,48889,205.38000000000005
22,48921,205.38000000000005
22,48935,205.38000000000005
22,48963,205.38000000000005
22,48979,205.38000000000005
22,48995,205.38000000000005
22,49021,205.38000000000005
22,49051,205.38000000000005
22,49067,205.38000000000005
22,49095,205.38000000000005
22,49111,205.38000000000005
22,49113,205.38000000000005
22,49127,205.38000000000005
22,49129,205.38000000000005
22,49145,205.38000000000005
22,49159,205.38000000000005
22,49173,205.38000000000005
22,49201,205.38000000000005
22,49231,205.38000000000005
22,49233,205.38000000000005
22,49259,205.38000000000005
22,49285,205.38000000000005
22,49311,205.38000000000005
22,49325,205.38000000000005
22,49353,205.38000000000005
22,49391,205.38000000000005
22,49405,205.38000000000005
22,49421,205.38000000000005
22,49423,205.38000000000005
22,49455,205.38000000000005
22,49469,205.38000000000005
22,49483,205.38000000000005
22,49509,205.38000000000005
22,49537,205.38000000000005
22,49539,205.38000000000005
22,49567,205.38000000000005
22,49581,205.38000000000005
22,49597,205.38000000000005
22,49623,205.38000000000005
22,49653,205.38000000000005
22,49681,205.38000000000005
22,49709,205.38000000000005
22,49725,205.38000000000005
22,49739,205.38000000000005
22,49767,205.38000000000005
22,49781,205.38000000000005
22,49797,205.38000000000005
22,49817,205.38000000000005
22,49831,205.38000000000005
22,49861,205.38000000000005
22,49875,205.38000000000005
22,49893,205.38000000000005
22,49919,205.38000000000005
22,49935,205.38000000000005
22,49963,205.38000000000005
22,49977,205.38000000000005
22,50003,205.38000000000005
23,40494,41.86999999999999
23,44407,41.86999999999999
23,44427,41.86999999999999
23,44457,41.86999999999999
23,44485,42.58999999999999
23,44503,42.58999999999999
23,44533,42.58999999999999
23,44563,42.58999999999999
23,44577,42.58999999999999
23,44593,42.58999999999999
23,44625,42.58999999999999
23,44641,42.58999999999999
23,44675,42.58999999999999
23,44701,42.58999999999999
23,44717,47.180000000000014
23,44733,47.180000000000014
23,44735,47.180000000000014
23,44761,47.230000000000004
23,44777,47.230000000000004
23,44803,50.339999999999996
23,44817,58.82999999999999
23,44831,58.82999999999999
23,44847,58.82999999999999
23,44875,58.82999999999999
23,44891,58.82999999999999
23,44919,58.82999999999999
23,44933,58.82999999999999
23,44965,58.82999999999999
23,44981,58.82999999999999
23,44983,58.82999999999999
23,44997,58.82999999999999
23,45011,60.38000000000002
23,45041,70.27000000000001
23,45043,70.27000000000001
23,45071,70.27000000000001
23,45085,70.27000000000001
23,45099,70.27000000000001
23,45113,70.27000000000001
23,45127,70.27000000000001
23,45141,70.27000000000001
23,45171,70.27000000000001
23,45199,70.27000000000001
23,45213,70.27000000000001
23,45249,70.27000000000001
23,45263,70.27000000000001
23,45279,70.27000000000001
23,45309,70.27000000000001
23,45323,70.27000000000001
23,45351,70.27000000000001
23,45365,70.27000000000001
23,45397,70.27000000000001
23,45399,70.86999999999999
23,45413,70.86999999999999
23,45427,70.86999999999999
23,45441,80.05000000000001
23,45443,80.05000000000001
23,45457,80.05000000000001
23,45487,80.05000000000001
23,45489,80.05000000000001
23,45503,80.05000000000001
23,45529,80.05000000000001
23,45543,80.05000000000001
23,45559,80.05000000000001
23,45575,80.05000000000001
23,45577,80.05000000000001
23,45593,80.05000000000001
23,45609,80.05000000000001
23,45625,80.05000000000001
23,45641,80.05000000000001
23,45669,80.05000000000001
23,45697,80.05000000000001
23,45723,80.05000000000001
23,45737,80.05000000000001
23,45763,80.05000000000001
23,45795,80.05000000000001
23,45811,80.05000000000001
23,45839,80.05000000000001
23,45855,81.29999999999998
23,45857,81.29999999999998
23,45871,81.29999999999998
23,45899,81.29999999999998
23,45913,82.14999999999998
23,45915,82.14999999999998
23,45929,82.14999999999998
23,45931,82.14999999999998
23,45961,82.14999999999998
23,45979,82.14999999999998
23,45993,82.14999999999998
23,46021,82.14999999999998
23,46047,83.87999999999998
23,46075,83.87999999999998
23,46089,84.71999999999998
23,46119,84.71999999999998
23,46133,84.71999999999998
23,46151,88.27000000000001
23,46165,88.27000000000001
23,46179,102.33
23,46205,102.33
23,46237,102.33
23,46251,102.33
23,46265,102.33
23,46267,102.33
23,46283,102.33
23,46311,102.33
23,46325,106.18999999999994
23,46341,106.18999999999994
23,46367,106.18999999999994
23,46383,106.18999999999994
23,46409,106.18999999999994
23,46411,106.18999999999994
23,46425,117.76999999999997
23,46455,117.76999999999997
23,46471,117.76999999999997
23,46473,117.76999999999997
23,46489,117.76999999999997
23,46491,117.76999999999997
23,46527,117.76999999999997
23,46555,117.76999999999997
23,46569,117.76999999999997
23,46583,117.76999999999997
23,46585,117.77000000000002
23,46599,124.97000000000006
23,46613,124.97000000000006
23,46627,124.97000000000006
23,46661,124.97000000000006
23,46675,124.97000000000006
23,46677,124.97000000000006
23,46705,124.97000000000006
23,46731,124.97000000000006
23,46733,124.97000000000006
23,46749,124.97000000000006
23,46777,124.97000000000006
23,46779,124.97000000000006
23,46807,124.97000000000006
23,46809,124.97000000000006
23,46827,124.97000000000006
23,46853,124.97000000000006
23,46881,124.97000000000006
23,46883,124.97000000000006
23,46897,124.97000000000006
23,46915,124.97000000000006
23,46935,124.97000000000006
23,46965,124.97000000000006
23,46985,124.97000000000006
23,47015,124.97000000000006
23,47031,124.97000000000006
23,47047,124.97000000000006
23,47049,124.97000000000006
23,47051,124.97000000000006
23,47077,124.97000000000006
23,47091,124.97000000000006
23,47107,124.97000000000006
23,47121,127.89999999999996
23,47123,127.89999999999996
23,47137,127.89999999999996
23,47165,132.89999999999998
23,47183,132.89999999999998
23,47197,132.89999999999998
23,47225,132.89999999999998
23,47239,132.89999999999998
23,47271,132.89999999999998
23,47285,132.89999999999998
23,47303,132.89999999999998
23,47333,132.89999999999998
23,47349,132.89999999999998
23,47363,132.89999999999998
23,47393,132.89999999999998
23,47419,132.89999999999998
23,47447,132.89999999999998
23,47461,132.89999999999998
23,47489,132.89999999999998
23,47503,132.89999999999998
23,47505,132.89999999999998
23,47521,132.89999999999998
23,47537,132.89999999999998
23,47551,132.89999999999998
23,47579,132.89999999999998
23,47593,132.89999999999998
23,47623,132.89999999999998
23,47625,132.89999999999998
23,47655,132.89999999999998
23,47683,132.89999999999998
23,47685,132.89999999999998
23,47713,132.89999999999998
23,47727,132.89999999999998
23,47741,132.89999999999998
23,47743,132.89999999999998
23,47769,132.89999999999998
23,47785,132.89999999999998
23,47811,134.91000000000003
23,47813,134.91000000000003
23,47841,134.91000000000003
23,47855,134.91000000000003
23,47871,134.91000000000003
23,47885,134.91000000000003
23,47901,134.91000000000003
23,47915,134.91000000000003
23,47929,134.91000000000003
23,47955,134.91000000000003
23,47987,134.91000000000003
23,48001,134.91000000000003
23,48015,134.91000000000003
23,48043,134.91000000000003
23,48059,134.91000000000003
23,48089,134.91000000000003
23,48103,134.91000000000003
23,48135,134.91000000000003
23,48155,134.91000000000003
23,48169,134.91000000000003
23,48183,134.91000000000003
23,48197,134.91000000000003
23,48215,134.91000000000003
23,48231,134.91000000000003
23,48261,137.31999999999996
23,48289,137.31999999999996
23,48291,137.42000000000002
23,48307,137.42000000000002
23,48335,137.42000000000002
23,48351,137.42000000000002
23,48377,137.42000000000002
23,48391,137.42000000000002
23,48421,137.42000000000002
23,48449,137.42000000000002
23,48451,137.42000000000002
23,48453,137.42000000000002
23,48479,137.42000000000002
23,48495,137.42000000000002
23,48509,137.42000000000002
23,48541,137.42000000000002
23,48569,137.42000000000002
23,48595,137.42000000000002
23,48629,137.42000000000002
23,48655,137.42000000000002
23,48669,137.42000000000002
23,48683,137.42000000000002
23,48711,137.42000000000002
23,48739,137.42000000000002
23,48753,137.42000000000002
23,48767,137.42000000000002
23,48769,137.42000000000002
23,48799,137.42000000000002
23,48817,137.42000000000002
23,48843,137.42000000000002
23,48861,137.42000000000002
23,48875,137.42000000000002
23,48901,137.42000000000002
23,48927,137.42000000000002
23,48957,137.42000000000002
23,48985,137.42000000000002
23,49001,137.42000000000002
23,49027,137.42000000000002
23,49055,137.42000000000002
23,49071,137.42000000000002
23,49087,137.42000000000002
23,49113,137.42000000000002
23,49141,137.42000000000002
23,49143,137.42000000000002
23,49169,137.42000000000002
23,49195,137.42000000000002
23,49209,137.42000000000002
23,49211,146.81
23,49237,146.81
23,49239,146.81
23,49267,146.81
23,49283,146.81
23,49299,146.81
23,49315,146.81
23,49343,146.81
23,49357,146.81
23,49383,146.81
23,49397,146.81
23,49427,146.81
23,49441,146.81
23,49469,146.81
23,49483,146.81
23,49485,146.81
23,49513,146.81
23,49527,146.81
23,49553,146.81
23,49555,146.81
23,49569,146.81
23,49583,146.81
23,49585,146.81
23,49599,146.81
23,49631,146.81
23,49661,146.81
23,49675,146.81
23,49691,146.81
23,49693,146.81
23,49695,146.81
23,49725,146.81
23,49751,146.81
23,49779,146.81
23,49793,146.81
23,49809,146.81
23,49839,146.81
23,49853,146.81
23,49867,146.81
23,49869,146.81
23,49897,146.81
23,49911,146.81
23,49925,146.81
23,49951,146.81
23,49953,146.81
23,49967,146.81
23,49981,146.81
23,49995,146.81
23,50009,146.81
23,50023,146.81
23,50025,146.81
23,50039,146.81
23,50055,146.81
23,50069,146.81
23,50071,146.81
23,50101,146.81
23,50133,146.81
23,50153,146.81
23,50169,146.81
23,50185,146.81
23,50199,146.81
23,50231,146.81
23,50233,146.81
23,50249,146.81
23,50277,146.81
23,50303,146.81
23,50329,146.81
23,50359,146.81
23,50373,146.81
23,50389,146.81
23,50417,146.81
23,50443,146.81
23,50471,146.81
24,40324,34.15000000000001
24,44515,34.56999999999999
24,44517,34.56999999999999
24,44533,34.56999999999999
24,44563,34.56999999999999
24,44579,34.56999999999999
24,44609,38.30999999999999
24,44637,38.30999999999999
24,44665,38.429999999999986
24,44679,38.429999999999986
24,44693,39.52000000000001
24,44707,82.96999999999998
24,44721,82.96999999999998
24,44749,82.96999999999998
24,44775,85.92000000000004
24,44789,86.39
24,44817,86.39
24,44847,86.39
24,44875,86.39
24,44889,86.39
24,44903,86.39
24,44933,86.39
24,44947,86.39
24,44961,86.39
24,44989,86.39
24,45009,86.39
24,45011,86.39
24,45027,86.39
24,45055,86.39
24,45081,86.39
24,45095,86.39
24,45109,86.39
24,45123,86.39
24,45151,92.64000000000004
24,45165,92.64000000000004
24,45167,92.64000000000004
24,45185,92.64000000000004
24,45217,92.64000000000004
24,45249,92.64000000000004
24,45251,92.64000000000004
24,45279,92.64000000000004
24,45307,92.64000000000004
24,45333,105.64000000000006
24,45367,105.64000000000006
24,45393,105.64000000000006
24,45411,105.64000000000006
24,45427,105.64000000000006
24,45443,105.64000000000006
24,45459,105.64000000000006
24,45477,105.64000000000006
24,45479,105.64000000000006
24,45495,105.64000000000006
24,45513,105.64000000000006
24,45515,105.64000000000006
24,45533,105.64000000000006
24,45535,105.64000000000006
24,45537,105.64000000000006
24,45563,105.64000000000006
24,45579,105.64000000000006
24,45581,105.64000000000006
24,45583,105.64000000000006
24,45611,105.64000000000006
24,45639,105.64000000000006
24,45667,105.64000000000006
24,45695,105.64000000000006
24,45709,105.64000000000006
24,45727,105.64000000000006
24,45757,105.64000000000006
24,45771,105.64000000000006
24,45787,105.64000000000006
24,45803,105.64000000000006
24,45821,105.64000000000006
24,45823,105.64000000000006
24,45851,105.64000000000006
24,45865,105.64000000000006
24,45893,105.64000000000006
24,45909,105.64000000000006
24,45925,105.64000000000006
24,45939,105.64000000000006
24,45965,105.64000000000006
24,45981,105.64000000000006
24,45995,105.64000000000006
24,46011,105.64000000000006
24,46025,107.76999999999995
24,46039,107.76999999999995
24,46059,107.76999999999995
24,46061,107.76999999999995
24,46075,107.76999999999995
24,46103,107.76999999999995
24,46129,107.76999999999995
24,46147,107.76999999999995
24,46177,107.76999999999995
24,46191,107.76999999999995
24,46223,107.76999999999995
24,46249,107.76999999999995
24,46263,107.76999999999995
24,46277,107.76999999999995
24,46307,107.76999999999995
24,46321,107.76999999999995
24,46335,107.76999999999995
24,46367,107.76999999999995
24,46369,107.76999999999995
24,46397,107.76999999999995
24,46413,107.76999999999995
24,46433,107.76999999999995
24,46447,107.76999999999995
24,46473,107.76999999999995
24,46487,107.76999999999995
24,46515,107.76999999999995
24,46533,107.76999999999995
24,46547,107.76999999999995
24,46549,107.76999999999995
24,46567,107.76999999999995
24,46595,107.76999999999995
24,46615,107.76999999999995
24,46631,107.76999999999995
24,46657,107.76999999999995
24,46671,107.76999999999995
24,46685,107.76999999999995
24,46713,107.76999999999995
24,46739,107.76999999999995
24,46771,107.76999999999995
24,46773,107.76999999999995
24,46799,107.76999999999995
24,46813,107.76999999999995
24,46829,107.76999999999995
24,46843,107.76999999999995
24,46871,107.76999999999995
24,46903,107.76999999999995
24,46917,107.76999999999995
24,46933,107.76999999999995
24,46961,107.76999999999995
24,46975,107.76999999999995
24,46989,107.76999999999995
24,46991,107.76999999999995
24,47005,107.76999999999995
24,47035,107.76999999999995
24,47049,107.76999999999995
24,47077,107.76999999999995
24,47107,115.68
24,47133,115.68
24,47147,115.68
24,47161,115.68
24,47175,115.68
24,47177,115.68
24,47193,115.68
24,47211,115.68
24,47213,115.68
24,47215,115.68
24,47229,115.68
24,47231,115.68
24,47259,115.68
24,47287,115.68
24,47301,115.68
24,47315,115.68
24,47343,115.68
24,47359,115.68
24,47385,115.68
24,47415,128.29999999999995
24,47441,128.29999999999995
24,47443,128.29999999999995
24,47457,128.29999999999995
24,47471,128.29999999999995
24,47485,128.29999999999995
24,47513,128.29999999999995
24,47541,128.29999999999995
24,47543,128.29999999999995
24,47559,128.29999999999995
24,47573,128.29999999999995
24,47601,128.29999999999995
24,47603,128.29999999999995
24,47631,128.29999999999995
24,47649,128.29999999999995
24,47677,128.29999999999995
24,47679,128.29999999999995
24,47693,128.29999999999995
24,47695,128.29999999999995
24,47709,128.29999999999995
24,47711,128.29999999999995
24,47725,136.11999999999998
24,47739,136.11999999999998
24,47765,136.11999999999998
24,47779,136.11999999999998
24,47807,136.11999999999998
24,47821,136.11999999999998
24,47835,136.11999999999998
24,47837,136.11999999999998
24,47853,136.11999999999998
24,47867,136.11999999999998
24,47895,136.11999999999998
24,47897,136.11999999999998
24,47915,136.11999999999998
24,47941,136.11999999999998
24,47957,136.11999999999998
24,47971,136.11999999999998
24,48001,136.11999999999998
24,48017,136.11999999999998
24,48043,136.11999999999998
24,48059,136.11999999999998
24,48091,136.11999999999998
24,48105,136.11999999999998
24,48119,136.11999999999998
24,48133,136.11999999999998
24,48149,136.11999999999998
24,48177,136.11999999999998
24,48191,136.11999999999998
24,48193,136.11999999999998
24,48219,136.11999999999998
24,48245,136.11999999999998
24,48259,136.11999999999998
24,48273,136.11999999999998
24,48299,136.11999999999998
24,48301,136.11999999999998
24,48317,136.11999999999998
24,48343,136.11999999999998
24,48359,136.11999999999998
24,48385,136.11999999999998
24,48401,136.11999999999998
24,48429,136.11999999999998
24,48457,136.11999999999998
24,48487,136.11999999999998
24,48517,136.11999999999998
24,48533,136.11999999999998
24,48535,136.11999999999998
24,48563,136.11999999999998
24,48579,136.11999999999998
24,48605,136.11999999999998
24,48607,136.11999999999998
24,48635,136.11999999999998
24,48649,136.11999999999998
24,48663,136.11999999999998
24,48689,136.11999999999998
24,48707,136.11999999999998
24,48709,136.11999999999998
24,48723,136.11999999999998
24,48739,136.11999999999998
24,48767,136.11999999999998
24,48783,136.11999999999998
24,48785,136.11999999999998
24,48787,136.11999999999998
24,48815,136.11999999999998
24,48831,136.11999999999998
24,48861,136.11999999999998
24,48881,136.11999999999998
24,48897,136.11999999999998
24,48899,136.11999999999998
24,48901,136.11999999999998
24,48927,136.11999999999998
24,48955,136.11999999999998
24,48983,136.11999999999998
24,49009,141.9399999999999
24,49011,141.9399999999999
24,49037,141.9399999999999
24,49053,141.9399999999999
24,49083,141.9399999999999
24,49097,141.9399999999999
24,49129,141.9399999999999
24,49159,141.9399999999999
24,49189,141.9399999999999
24,49203,141.9399999999999
24,49217,141.9399999999999
24,49231,141.9399999999999
24,49247,141.9399999999999
24,49273,153.69999999999996
24,49299,153.69999999999996
24,49335,153.69999999999996
24,49361,153.69999999999996
24,49363,153.69999999999996
24,49377,153.69999999999996
24,49379,153.69999999999996
24,49393,153.69999999999996
24,49407,153.69999999999996
24,49437,153.69999999999996
24,49439,153.69999999999996
24,49453,153.69999999999996
24,49455,153.69999999999996
24,49483,153.69999999999996
24,49513,153.69999999999996
24,49531,153.69999999999996
24,49559,153.69999999999996
24,49575,153.69999999999996
24,49603,153.69999999999996
24,49621,153.69999999999996
24,49651,153.69999999999996
24,49677,153.69999999999996
24,49705,153.69999999999996
24,49733,153.69999999999996
24,49747,153.69999999999996
24,49761,153.69999999999996
24,49775,153.69999999999996
24,49801,153.69999999999996
24,49833,153.69999999999996
24,49849,153.69999999999996
24,49863,153.69999999999996
24,49891,153.69999999999996
24,49923,153.69999999999996
24,49959,153.69999999999996
24,49975,153.69999999999996
24,49989,153.69999999999996
24,49991,153.69999999999996
24,50013,153.69999999999996
24,50039,153.69999999999996
24,50053,153.69999999999996
24,50079,153.69999999999996
24,50093,158.23999999999998
24,50123,158.23999999999998
24,50149,158.23999999999998
24,50163,158.23999999999998
24,50195,158.23999999999998
24,50211,158.23999999999998
24,50225,158.23999999999998
24,50241,158.23999999999998
24,50259,158.23999999999998
24,50273,158.23999999999998
24,50275,158.23999999999998
24,50295,158.23999999999998
24,50325,158.23999999999998
25,40264,30.430000000000007
25,40292,42.06000000000002
25,40320,42.06000000000002
25,44379,42.06000000000002
25,44381,42.06000000000002
25,44407,42.06000000000002
25,44435,42.06000000000002
25,44449,42.06000000000002
25,44479,43.62000000000001
25,44505,56.549999999999976
25,44519,56.549999999999976
25,44533,56.549999999999976
25,44561,56.549999999999976
25,44563,56.549999999999976
25,44591,56.549999999999976
25,44619,56.549999999999976
25,44647,56.549999999999976
25,44649,56.549999999999976
25,44665,56.549999999999976
25,44679,56.549999999999976
25,44715,56.549999999999976
25,44741,66.66000000000001
25,44755,66.66000000000001
25,44783,66.66000000000001
25,44797,70.09
25,44813,70.09
25,44827,70.09
25,44857,70.09
25,44885,70.09
25,44901,70.09
25,44903,70.09
25,44935,70.09
25,44951,70.09
25,44969,70.09
25,44983,70.09
25,45001,70.09
25,45027,70.09
25,45055,70.09
25,45081,70.09
25,45101,70.09
25,45129,70.09
25,45159,70.09
25,45175,70.09
25,45203,70.09
25,45205,70.09
25,45207,70.09
25,45235,74.99000000000001
25,45253,74.99000000000001
25,45279,74.99000000000001
25,45297,74.99000000000001
25,45311,74.99000000000001
25,45313,74.99000000000001
25,45327,74.99000000000001
25,45341,92.00999999999998
25,45355,92.00999999999998
25,45383,92.00999999999998
25,45397,92.00999999999998
25,45423,92.00999999999998
25,45437,92.00999999999998
25,45455,92.00999999999998
25,45485,92.00999999999998
25,45505,92.00999999999998
25,45533,92.00999999999998
25,45569,92.00999999999998
25,45571,92.00999999999998
25,45605,92.00999999999998
25,45607,92.00999999999998
25,45633,92.00999999999998
25,45663,92.00999999999998
25,45691,92.00999999999998
25,45717,92.00999999999998
25,45731,92.00999999999998
25,45745,92.00999999999998
25,45747,92.00999999999998
25,45775,92.00999999999998
25,45803,92.00999999999998
25,45817,92.00999999999998
25,45819,92.00999999999998
25,45833,92.00999999999998
25,45847,92.00999999999998
25,45861,92.00999999999998
25,45863,92.00999999999998
25,45877,92.00999999999998
25,45903,92.00999999999998
25,45905,92.00999999999998
25,45907,92.00999999999998
25,45921,92.00999999999998
25,45949,92.00999999999998
25,45965,92.00999999999998
25,45979,92.00999999999998
25,46005,92.00999999999998
25,46007,92.00999999999998
25,46021,92.00999999999998
25,46037,92.00999999999998
25,46051,92.00999999999998
25,46079,94.22000000000001
25,46095,94.22000000000001
25,46097,98.31000000000004
25,46099,98.31000000000004
25,46113,98.31000000000004
25,46131,98.31000000000004
25,46145,98.31000000000004
25,46163,98.31000000000004
25,46179,98.31000000000004
25,46207,98.31000000000004
25,46209,98.31000000000004
25,46223,98.31000000000004
25,46225,98.31000000000004
25,46239,98.31000000000004
25,46253,98.31000000000004
25,46281,98.31000000000004
25,46297,98.31000000000004
25,46325,98.31000000000004
25,46353,98.31000000000004
25,46369,98.31000000000004
25,46401,98.31000000000004
25,46429,98.31000000000004
25,46443,98.31000000000004
25,46461,98.31000000000004
25,46479,98.31000000000004
25,46493,98.31000000000004
25,46521,98.31000000000004
25,46523,98.31000000000004
25,46537,98.31000000000004
25,46553,98.31000000000004
25,46567,99.01000000000003
25,46593,99.01000000000003
25,46609,99.01000000000003
25,46637,99.01000000000003
25,46651,99.01000000000003
25,46679,99.01000000000003
25,46693,99.01000000000003
25,46709,99.01000000000003
25,46725,99.01000000000003
25,46745,99.01000000000003
25,46761,99.01000000000003
25,46775,99.01000000000003
25,46807,99.01000000000003
25,46837,99.01000000000003
25,46853,99.01000000000003
25,46867,99.01000000000003
25,46885,99.01000000000003
25,46899,99.01000000000003
25,46913,99.18000000000004
25,46943,99.18000000000004
25,46971,99.18000000000004
25,46997,99.18000000000004
25,46999,99.18000000000004
25,47025,103.58999999999997
25,47051,103.58999999999997
25,47065,103.58999999999997
25,47093,103.58999999999997
25,47109,103.58999999999997
25,47125,103.58999999999997
25,47155,104.92
25,47169,104.92
25,47197,104.92
25,47223,104.92
25,47241,104.92
25,47269,104.92
25,47295,104.92
25,47323,104.92
25,47339,104.92
25,47353,104.92
25,47381,104.92
25,47397,104.92
25,47413,104.92
25,47427,104.92
25,47453,104.92
25,47483,104.92
25,47485,104.92
25,47503,104.92
25,47529,104.92
25,47545,104.92
25,47573,104.92
25,47589,104.92
25,47607,104.92
25,47637,104.92
25,47651,104.92
25,47679,104.92
25,47705,104.92
25,47733,104.92
25,47749,104.92
25,47751,104.92
25,47779,104.92
25,47781,104.92
25,47807,104.92
25,47839,104.92
25,47867,104.92
25,47869,107.90000000000002
25,47871,107.90000000000002
25,47899,107.90000000000002
25,47917,107.90000000000002
25,47931,107.90000000000002
25,47959,107.90000000000002
25,47987,116.52000000000004
25,48001,116.52000000000004
25,48017,116.52000000000004
25,48033,116.52000000000004
25,48059,116.52000000000004
25,48087,116.52000000000004
25,48113,116.52000000000004
25,48127,116.52000000000004
25,48141,116.52000000000004
25,48169,116.52000000000004
25,48195,116.52000000000004
25,48209,120.35
25,48211,120.35
25,48213,120.35
25,48239,130.35999999999999
25,48257,130.35999999999999
25,48271,130.35999999999999
25,48299,130.35999999999999
25,48317,130.35999999999999
25,48333,130.35999999999999
25,48365,130.35999999999999
25,48395,130.35999999999999
25,48413,130.35999999999999
25,48441,130.35999999999999
25,48467,130.35999999999999
25,48493,130.35999999999999
25,48523,130.35999999999999
25,48525,130.35999999999999
25,48527,130.35999999999999
25,48541,130.35999999999999
25,48555,130.35999999999999
25,48571,130.35999999999999
25,48585,130.35999999999999
25,48599,130.35999999999999
25,48625,130.35999999999999
25,48641,130.35999999999999
25,48643,130.35999999999999
25,48669,130.35999999999999
25,48683,130.35999999999999
25,48709,130.35999999999999
25,48739,130.35999999999999
25,48741,130.35999999999999
25,48769,130.35999999999999
25,48783,130.35999999999999
25,48799,130.35999999999999
25,48815,130.35999999999999
25,48829,130.35999999999999
25,48861,130.35999999999999
25,48875,130.35999999999999
25,48903,130.35999999999999
25,48931,130.35999999999999
25,48957,130.35999999999999
25,48983,130.35999999999999
25,49011,130.35999999999999
25,49029,130.35999999999999
25,49031,130.35999999999999
25,49057,130.35999999999999
25,49083,130.35999999999999
25,49099,130.35999999999999
25,49127,130.35999999999999
25,49141,148.62999999999997
25,49175,148.62999999999997
25,49207,148.62999999999997
25,49209,148.62999999999997
25,49223,148.62999999999997
25,49253,148.62999999999997
25,49269,148.62999999999997
25,49295,148.62999999999997
25,49321,148.62999999999997
25,49347,148.62999999999997
25,49375,148.62999999999997
25,49377,148.62999999999997
25,49391,148.62999999999997
25,49421,148.62999999999997
25,49423,148.62999999999997
25,49451,148.62999999999997
25,49469,148.62999999999997
25,49471,148.62999999999997
25,49501,148.62999999999997
25,49515,148.62999999999997
25,49529,148.62999999999997
25,49559,148.62999999999997
25,49577,148.62999999999997
25,49603,148.62999999999997
25,49617,148.62999999999997
25,49643,148.62999999999997
25,49657,148.62999999999997
25,49659,148.62999999999997
25,49689,148.62999999999997
25,49705,148.62999999999997
25,49719,148.62999999999997
25,49721,148.62999999999997
25,49735,148.62999999999997
25,49737,148.62999999999997
25,49765,148.62999999999997
25,49779,148.62999999999997
25,49781,148.62999999999997
25,49797,148.62999999999997
25,49829,148.62999999999997
25,49831,148.62999999999997
25,49847,148.62999999999997
25,49881,148.62999999999997
25,49907,148.62999999999997
25,49923,148.62999999999997
25,49949,148.62999999999997
25,49963,148.62999999999997
25,49977,148.62999999999997
25,49991,148.62999999999997
25,49993,148.62999999999997
25,50007,148.62999999999997
25,50033,148.62999999999997
25,50059,148.62999999999997
25,50073,148.62999999999997
25,50101,148.62999999999997
25,50115,148.62999999999997
25,50141,148.62999999999997
25,50155,148.62999999999997
25,50181,148.62999999999997
25,50209,148.62999999999997
25,50223,148.62999999999997
25,50255,148.62999999999997
26,40092,28.029999999999973
26,44237,28.029999999999973
26,44253,28.029999999999973
26,44281,28.16999999999999
26,44299,28.609999999999996
26,44313,28.609999999999996
26,44315,31.43
26,44329,31.43
26,44345,35.370000000000005
26,44373,35.370000000000005
26,44387,35.370000000000005
26,44389,35.370000000000005
26,44419,41.740000000000016
26,44435,41.740000000000016
26,44449,41.740000000000016
26,44477,41.740000000000016
26,44503,41.740000000000016
26,44519,41.740000000000016
26,44547,42.58000000000001
26,44565,42.58000000000001
26,44581,42.58000000000001
26,44599,42.58000000000001
26,44627,42.58000000000001
26,44645,42.58000000000001
26,44659,42.58000000000001
26,44675,42.58000000000001
26,44691,43.10999999999999
26,44693,43.10999999999999
26,44707,43.10999999999999
26,44723,43.10999999999999
26,44739,43.10999999999999
26,44765,58.980000000000004
26,44767,58.980000000000004
26,44783,58.980000000000004
26,44799,60.8
26,44801,60.8
26,44803,60.8
26,44819,60.8
26,44835,60.8
26,44849,72.53000000000003
26,44883,72.53000000000003
26,44897,82.88
26,44915,82.88
26,44917,82.88
26,44919,82.88
26,44949,82.88
26,44977,82.88
26,44979,82.88
26,44993,82.88
26,45023,86.94000000000001
26,45037,86.94000000000001
26,45051,88.16000000000001
26,45081,88.16000000000001
26,45109,88.79
26,45137,88.79
26,45163,88.79
26,45177,88.79
26,45205,88.79
26,45235,88.79
26,45265,88.79
26,45293,88.79
26,45307,88.79
26,45333,88.79
26,45359,88.79
26,45375,88.79
26,45401,88.79
26,45419,88.79
26,45449,88.79
26,45451,88.79
26,45465,88.79
26,45485,88.79
26,45517,88.79
26,45547,88.79
26,45563,88.79
26,45577,88.79
26,45593,91.79000000000005
26,45607,91.79000000000005
26,45621,91.79000000000005
26,45647,95.00000000000004
26,45663,95.00000000000004
26,45689,95.00000000000004
26,45717,95.00000000000004
26,45719,95.00000000000004
26,45745,95.00000000000004
26,45759,95.00000000000004
26,45761,95.00000000000004
26,45777,101.95999999999998
26,45805,101.95999999999998
26,45807,101.95999999999998
26,45823,101.95999999999998
26,45849,109.54000000000005
26,45881,109.54000000000005
26,45897,109.54000000000005
26,45911,109.54000000000005
26,45913,109.54000000000005
26,45939,109.54000000000005
26,45967,109.54000000000005
26,45981,115.40000000000002
26,45999,115.40000000000002
26,46027,115.40000000000002
26,46055,129.19999999999996
26,46057,129.19999999999996
26,46073,129.19999999999996
26,46099,129.19999999999996
26,46127,129.19999999999996
26,46141,129.19999999999996
26,46155,129.19999999999996
26,46169,129.19999999999996
26,46171,129.19999999999996
26,46187,129.19999999999996
26,46203,129.19999999999996
26,46205,129.19999999999996
26,46219,129.19999999999996
26,46235,129.19999999999996
26,46261,129.19999999999996
26,46289,129.19999999999996
26,46317,129.19999999999996
26,46351,129.19999999999996
26,46367,129.19999999999996
26,46397,129.19999999999996
26,46415,129.19999999999996
26,46431,129.19999999999996
26,46449,129.19999999999996
26,46463,129.19999999999996
26,46491,129.19999999999996
26,46505,129.19999999999996
26,46521,129.19999999999996
26,46547,129.19999999999996
26,46563,129.19999999999996
26,46595,129.19999999999996
26,46597,129.19999999999996
26,46611,129.19999999999996
26,46625,129.19999999999996
26,46627,129.19999999999996
26,46653,129.19999999999996
26,46681,129.19999999999996
26,46695,129.19999999999996
26,46709,129.19999999999996
26,46741,129.19999999999996
26,46767,129.19999999999996
26,46783,129.19999999999996
26,46799,129.19999999999996
26,46801,129.19999999999996
26,46827,129.19999999999996
26,46841,129.19999999999996
26,46867,129.19999999999996
26,46893,129.19999999999996
26,46911,129.19999999999996
26,46925,129.19999999999996
26,46939,129.19999999999996
26,46953,129.19999999999996
26,46981,129.19999999999996
26,47009,129.19999999999996
26,47025,129.19999999999996
26,47051,129.19999999999996
26,47065,129.19999999999996
26,47079,129.19999999999996
26,47093,132.72999999999993
26,47119,132.72999999999993
26,47133,132.72999999999993
26,47147,141.45
26,47173,141.45
26,47187,141.45
26,47189,141.45
26,47219,141.45
26,47237,141.45
26,47239,141.45
26,47241,141.45
26,47275,141.45
26,47311,141.45
26,47327,141.45
26,47343,141.45
26,47359,141.45
26,47361,141.45
26,47363,141.45
26,47391,141.45
26,47393,141.45
26,47407,141.45
26,47433,141.45
26,47447,141.45
26,47463,141.45
26,47477,141.45
26,47479,141.45
26,47493,141.45
26,47507,141.45
26,47509,141.45
26,47523,141.45
26,47525,141.45
26,47557,141.45
26,47585,141.45
26,47603,141.45
26,47629,141.45
26,47643,141.45
26,47659,141.45
26,47679,141.45
26,47707,141.45
26,47723,141.45
26,47755,141.45
26,47769,141.45
26,47785,141.45
26,47787,141.45
26,47789,141.45
26,47791,141.45
26,47809,141.45
26,47811,147.80999999999995
26,47837,147.80999999999995
26,47863,147.80999999999995
26,47893,147.80999999999995
26,47919,147.80999999999995
26,47935,147.80999999999995
26,47963,147.80999999999995
26,47977,147.80999999999995
26,47991,147.80999999999995
26,48005,147.80999999999995
26,48031,147.80999999999995
26,48045,147.80999999999995
26,48071,147.80999999999995
26,48099,147.80999999999995
26,48125,147.80999999999995
26,48127,147.80999999999995
26,48141,147.80999999999995
26,48155,147.80999999999995
26,48169,147.80999999999995
26,48195,149.52
26,48211,149.52
26,48229,149.52
26,48255,149.52
26,48271,149.52
26,48305,149.52
26,48319,149.52
26,48345,149.52
26,48361,149.52
26,48375,149.52
26,48403,149.52
26,48435,149.52
26,48463,149.52
26,48477,149.52
26,48491,149.52
26,48493,149.52
26,48507,149.52
26,48521,149.52
26,48547,149.52
26,48549,149.52
26,48579,149.52
26,48607,149.52
26,48633,149.52
26,48661,149.52
26,48687,149.52
26,48713,149.52
26,48729,149.52
26,48745,149.52
26,48777,149.52
26,48779,149.52
26,48797,149.52
26,48813,149.52
26,48839,149.52
26,48865,149.52
26,48879,149.52
26,48893,149.52
26,48907,149.52
26,48923,149.52
26,48925,149.52
26,48941,149.52
26,48957,149.52
26,48985,149.52
26,48999,149.52
26,49013,149.52
26,49029,149.52
26,49043,149.52
26,49059,149.52
26,49061,149.52
26,49063,149.52
26,49089,149.52
26,49117,149.52
26,49131,149.52
26,49133,149.52
26,49147,149.52
26,49161,149.52
26,49193,149.52
26,49195,149.52
26,49209,149.52
26,49235,149.52
26,49249,149.52
26,49275,149.52
26,49289,149.52
26,49307,149.52
26,49309,149.52
26,49311,149.52
26,49325,149.52
26,49357,149.52
26,49383,149.52
26,49417,149.52
26,49435,149.52
26,49451,149.52
26,49477,149.52
26,49503,149.52
26,49533,149.52
26,49561,149.52
26,49589,149.52
26,49603,149.52
26,49633,149.52
26,49635,149.52
26,49649,149.52
26,49665,149.52
26,49679,149.52
26,49693,149.52
26,49707,149.52
26,49723,149.52
26,49739,149.52
26,49769,149.52
26,49797,149.52
26,49813,149.52
26,49815,149.52
26,49831,149.52
26,49849,149.52
26,49867,149.52
26,49881,149.52
26,49895,149.52
26,49921,149.52
26,49935,149.52
26,49951,149.52
26,49965,149.52
26,49981,149.52
26,49997,149.52
26,50027,149.52
26,50029,149.52
26,50043,149.52
26,50069,149.52
27,40328,27.239999999999995
27,40354,29.81
27,40382,29.81
27,40414,33.18
27,40442,33.18
27,40456,42.36000000000001
27,40476,42.36000000000001
27,40504,42.36000000000001
27,40520,42.36000000000001
27,40534,42.36000000000001
27,40548,42.36000000000001
27,40562,42.36000000000001
27,40578,42.36000000000001
27,40608,42.36000000000001
27,40610,42.36000000000001
27,40626,42.36000000000001
27,40654,42.36000000000001
27,40668,42.36000000000001
27,40698,42.79
27,40728,42.79
27,40756,42.79
27,40770,49.779999999999994
27,40784,49.779999999999994
27,40810,57.20999999999997
27,40838,66.12
27,40864,66.12
27,40880,66.12
27,40908,66.12
27,40938,66.12
27,40968,66.12
27,40982,66.12
27,40984,66.12
27,41000,66.12
27,41026,66.12
27,41054,66.12
27,41070,66.12
27,45065,66.12
27,45091,66.12
27,45117,66.12
27,45119,66.12
27,45133,66.12
27,45149,66.12
27,45163,78.07
27,45191,78.07
27,45205,78.07
27,45223,78.07
27,45255,78.07
27,45281,78.07
27,45295,78.07
27,45323,78.07
27,45337,78.07
27,45369,78.07
27,45399,78.07
27,45413,78.07
27,45429,78.07
27,45455,78.07
27,45483,78.07
27,45497,78.07
27,45523,78.07
27,45553,78.07
27,45583,78.07
27,45609,86.36999999999999
27,45623,86.36999999999999
27,45653,86.36999999999999
27,45667,87.84
27,45683,87.84
27,45685,87.84
27,45713,87.84
27,45727,87.84
27,45753,87.84
27,45781,87.84
27,45795,87.84
27,45797,89.41000000000003
27,45813,89.41000000000003
27,45843,89.41000000000003
27,45845,89.41000000000003
27,45847,89.41000000000003
27,45875,91.10000000000002
27,45877,91.10000000000002
27,45891,91.10000000000002
27,45917,91.10000000000002
27,45943,91.10000000000002
27,45957,91.10000000000002
27,45989,91.10000000000002
27,46003,91.10000000000002
27,46029,91.10000000000002
27,46031,91.10000000000002
27,46045,91.10000000000002
27,46071,91.10000000000002
27,46097,91.10000000000002
27,46123,91.10000000000002
27,46153,91.10000000000002
27,46181,91.10000000000002
27,46207,117.42000000000002
27,46223,117.42000000000002
27,46225,117.42000000000002
27,46239,117.42000000000002
27,46253,117.42000000000002
27,46281,117.42000000000002
27,46295,117.42000000000002
27,46309,117.42000000000002
27,46325,117.42000000000002
27,46339,117.42000000000002
27,46341,117.42000000000002
27,46367,117.42000000000002
27,46383,117.42000000000002
27,46401,117.42000000000002
27,46403,117.42000000000002
27,46433,117.42000000000002
27,46453,117.42000000000002
27,46481,117.42000000000002
27,46483,117.42000000000002
27,46509,117.42000000000002
27,46525,117.42000000000002
27,46527,117.42000000000002
27,46541,117.42000000000002
27,46555,117.42000000000002
27,46581,117.42000000000002
27,46601,117.42000000000002
27,46631,128.01000000000002
27,46645,128.01000000000002
27,46647,128.01000000000002
27,46663,128.01000000000002
27,46677,128.01000000000002
27,46709,128.01000000000002
27,46737,128.01000000000002
27,46765,128.01000000000002
27,46781,128.01000000000002
27,46811,128.01000000000002
27,46825,128.01000000000002
27,46851,128.01000000000002
27,46865,128.01000000000002
27,46881,128.01000000000002
27,46895,128.01000000000002
27,46909,128.01000000000002
27,46939,128.01000000000002
27,46941,128.01000000000002
27,46957,128.01000000000002
27,46973,128.01000000000002
27,46987,128.01000000000002
27,47001,128.01000000000002
27,47003,128.01000000000002
27,47035,128.01000000000002
27,47051,128.01000000000002
27,47079,128.01000000000002
27,47107,128.01000000000002
27,47121,128.01000000000002
27,47143,128.01000000000002
27,47157,128.01000000000002
27,47173,128.01000000000002
27,47203,128.01000000000002
27,47217,128.01000000000002
27,47249,128.01000000000002
27,47265,128.01000000000002
27,47295,128.01000000000002
27,47329,128.01000000000002
27,47357,128.01000000000002
27,47385,128.01000000000002
27,47399,128.01000000000002
27,47415,128.01000000000002
27,47431,128.01000000000002
27,47447,128.01000000000002
27,47479,128.01000000000002
27,47507,128.01000000000002
27,47533,128.01000000000002
27,47559,128.01000000000002
27,47573,128.01000000000002
27,47587,128.01000000000002
27,47601,128.01000000000002
27,47603,128.01000000000002
27,47619,128.01000000000002
27,47635,128.01000000000002
27,47651,128.01000000000002
27,47683,128.01000000000002
27,47699,128.01000000000002
27,47713,128.01000000000002
27,47729,128.01000000000002
27,47763,128.01000000000002
27,47779,128.01000000000002
27,47807,128.01000000000002
27,47835,128.01000000000002
27,47865,128.01000000000002
27,47901,128.01000000000002
27,47933,128.01000000000002
27,47961,128.01000000000002
27,47989,128.01000000000002
27,48015,128.01000000000002
27,48029,128.01000000000002
27,48061,128.01000000000002
27,48095,128.01000000000002
27,48109,128.01000000000002
27,48111,128.01000000000002
27,48125,128.01000000000002
27,48151,128.01000000000002
27,48177,128.01000000000002
27,48203,128.01000000000002
27,48229,128.01000000000002
27,48245,128.01000000000002
27,48247,128.12000000000003
27,48265,128.12000000000003
27,48267,128.12000000000003
27,48281,144.41000000000003
27,48309,144.41000000000003
27,48311,144.41000000000003
27,48329,144.41000000000003
27,48343,144.41000000000003
27,48369,144.41000000000003
27,48399,144.41000000000003
27,48413,144.41000000000003
27,48427,144.41000000000003
27,48441,144.41000000000003
27,48467,144.41000000000003
27,48495,144.41000000000003
27,48509,144.41000000000003
27,48523,144.41000000000003
27,48539,144.41000000000003
27,48567,144.41000000000003
27,48585,144.41000000000003
27,48603,144.41000000000003
27,48605,144.41000000000003
27,48635,144.41000000000003
27,48651,144.41000000000003
27,48667,144.41000000000003
27,48697,144.41000000000003
27,48699,144.41000000000003
27,48725,144.41000000000003
27,48739,144.41000000000003
27,48741,144.41000000000003
27,48767,144.41000000000003
27,48781,144.41000000000003
27,48795,144.41000000000003
27,48821,144.41000000000003
27,48841,144.41000000000003
27,48855,144.41000000000003
27,48857,144.41000000000003
27,48871,144.41000000000003
27,48885,144.41000000000003
27,48899,144.41000000000003
27,48901,144.41000000000003
27,48917,144.41000000000003
27,48931,144.41000000000003
27,48945,144.41000000000003
27,48959,144.41000000000003
27,48961,144.41000000000003
27,48975,144.41000000000003
27,48977,144.41000000000003
27,49003,144.41000000000003
27,49017,144.41000000000003
27,49033,144.41000000000003
27,49047,144.41000000000003
27,49063,144.41000000000003
27,49065,144.41000000000003
27,49103,144.41000000000003
27,49117,144.41000000000003
27,49143,144.41000000000003
27,49157,144.41000000000003
27,49171,144.41000000000003
27,49185,144.41000000000003
27,49201,144.41000000000003
27,49203,144.41000000000003
27,49221,144.41000000000003
27,49237,144.41000000000003
27,49253,144.41000000000003
27,49281,144.41000000000003
27,49295,144.41000000000003
27,49309,144.41000000000003
27,49311,144.41000000000003
27,49343,144.41000000000003
27,49357,144.41000000000003
27,49371,144.41000000000003
27,49389,144.41000000000003
27,49423,144.41000000000003
27,49451,144.41000000000003
27,49467,144.41000000000003
27,49495,144.41000000000003
27,49525,144.41000000000003
27,49539,144.41000000000003
27,49555,144.41000000000003
27,49569,144.41000000000003
27,49601,144.41000000000003
27,49615,144.41000000000003
27,49629,144.41000000000003
27,49657,144.41000000000003
27,49687,144.41000000000003
27,49703,144.41000000000003
27,49705,144.41000000000003
27,49719,144.41000000000003
27,49721,144.41000000000003
27,49747,144.41000000000003
27,49749,144.41000000000003
27,49763,144.41000000000003
27,49765,144.41000000000003
27,49791,152.94
27,49805,152.94
27,49819,152.94
27,49849,152.94
27,49875,152.94
27,49901,152.94
27,49929,152.94
27,49955,152.94
27,49971,152.94
27,49997,152.94
27,50025,152.94
27,50039,152.94
27,50067,152.94
27,50069,152.94
27,50071,152.94
27,50087,152.94
27,50103,152.94
27,50131,152.94
27,50145,152.94
27,50173,152.94
27,50187,152.94
27,50201,152.94
27,50227,152.94
27,50243,152.94
27,50271,152.94
27,50289,152.94
27,50303,152.94
27,50317,152.94
28,40628,28.630000000000006
28,40650,28.630000000000006
28,40652,28.630000000000006
28,40668,28.630000000000006
28,40696,29.789999999999992
28,40724,29.789999999999992
28,40750,42.9
28,40766,42.9
28,44899,42.9
28,44927,42.9
28,44955,43.489999999999995
28,44987,43.489999999999995
28,44989,43.489999999999995
28,45017,43.489999999999995
28,45045,48.959999999999994
28,45071,50.959999999999994
28,45085,57.50999999999999
28,45099,57.50999999999999
28,45101,57.50999999999999
28,45115,57.50999999999999
28,45129,57.50999999999999
28,45167,70.08
28,45183,70.08
28,45197,70.08
28,45225,70.08
28,45253,70.08
28,45279,70.08
28,45293,70.08
28,45319,70.08
28,45333,70.08
28,45359,70.08
28,45361,70.08
28,45363,70.08
28,45391,77.63
28,45425,77.63
28,45451,77.63
28,45479,77.63
28,45509,81.99999999999999
28,45525,81.99999999999999
28,45527,81.99999999999999
28,45553,81.99999999999999
28,45569,81.99999999999999
28,45583,81.99999999999999
28,45597,83.15
28,45623,83.15
28,45651,83.15
28,45679,83.15
28,45705,83.15
28,45731,103.96999999999993
28,45733,103.96999999999993
28,45759,103.96999999999993
28,45761,103.96999999999993
28,45775,103.96999999999993
28,45801,103.96999999999993
28,45829,110.11999999999995
28,45855,110.11999999999995
28,45887,110.11999999999995
28,45889,110.11999999999995
28,45891,110.11999999999995
28,45923,110.11999999999995
28,45939,110.11999999999995
28,45955,110.11999999999995
28,45973,110.11999999999995
28,46001,110.11999999999995
28,46017,110.11999999999995
28,46033,110.11999999999995
28,46047,110.11999999999995
28,46075,110.11999999999995
28,46089,110.11999999999995
28,46117,110.11999999999995
28,46143,110.11999999999995
28,46177,110.11999999999995
28,46191,110.11999999999995
28,46205,110.11999999999995
28,46221,110.11999999999995
28,46251,110.11999999999995
28,46265,110.11999999999995
28,46293,110.11999999999995
28,46311,110.11999999999995
28,46325,110.11999999999995
28,46343,110.11999999999995
28,46345,110.11999999999995
28,46347,110.11999999999995
28,46349,110.11999999999995
28,46377,110.11999999999995
28,46393,110.11999999999995
28,46409,110.11999999999995
28,46411,110.11999999999995
28,46413,110.11999999999995
28,46427,110.11999999999995
28,46443,110.88
28,46469,110.88
28,46485,110.88
28,46511,258.21999999999997
28,46539,258.21999999999997
28,46553,258.21999999999997
28,46583,258.21999999999997
28,46597,258.21999999999997
28,46627,258.21999999999997
28,46643,258.21999999999997
28,46659,258.21999999999997
28,46675,258.21999999999997
28,46699,258.21999999999997
28,46701,258.21999999999997
28,46703,262.3499999999999
28,46731,262.3499999999999
28,46757,262.3499999999999
28,46783,262.3499999999999
28,46797,262.3499999999999
28,46823,262.3499999999999
28,46855,262.3499999999999
28,46857,262.3499999999999
28,46885,262.3499999999999
28,46901,262.3499999999999
28,46927,262.3499999999999
28,46957,262.3499999999999
28,46985,262.3499999999999
28,47013,262.3499999999999
28,47043,262.3499999999999
28,47059,262.3499999999999
28,47075,262.3499999999999
28,47089,262.3499999999999
28,47103,262.3499999999999
28,47131,262.3499999999999
28,47157,262.3499999999999
28,47171,262.3499999999999
28,47185,262.3499999999999
28,47211,262.3499999999999
28,47243,262.3499999999999
28,47257,262.3499999999999
28,47273,262.3499999999999
28,47289,262.3499999999999
28,47321,262.3499999999999
28,47349,262.3499999999999
28,47383,262.3499999999999
28,47385,262.3499999999999
28,47399,262.3499999999999
28,47401,262.3499999999999
28,47403,268.19000000000005
28,47419,268.19000000000005
28,47421,268.19000000000005
28,47449,268.19000000000005
28,47477,268.19000000000005
28,47503,268.19000000000005
28,47535,268.19000000000005
28,47549,268.19000000000005
28,47577,268.19000000000005
28,47593,268.19000000000005
28,47619,268.19000000000005
28,47645,268.19000000000005
28,47647,268.19000000000005
28,47661,268.19000000000005
28,47663,268.19000000000005
28,47677,268.19000000000005
28,47691,268.19000000000005
28,47705,268.19000000000005
28,47735,268.19000000000005
28,47751,268.19000000000005
28,47777,268.19000000000005
28,47779,268.19000000000005
28,47793,268.19000000000005
28,47825,268.19000000000005
28,47845,268.19000000000005
28,47871,268.19000000000005
28,47885,268.19000000000005
28,47899,268.19000000000005
28,47927,268.19000000000005
28,47941,268.19000000000005
28,47943,268.19000000000005
28,47971,268.19000000000005
28,47973,268.19000000000005
28,47975,268.19000000000005
28,48005,268.19000000000005
28,48019,268.19000000000005
28,48035,268.19000000000005
28,48037,268.19000000000005
28,48063,268.19000000000005
28,48093,268.19000000000005
28,48109,268.19000000000005
28,48135,268.19000000000005
28,48149,268.19000000000005
28,48165,268.19000000000005
28,48179,268.19000000000005
28,48193,268.19000000000005
28,48195,268.19000000000005
28,48223,268.19000000000005
28,48237,268.19000000000005
28,48259,268.19000000000005
28,48261,268.19000000000005
28,48287,268.19000000000005
28,48313,268.19000000000005
28,48341,268.19000000000005
28,48357,268.19000000000005
28,48383,268.19000000000005
28,48409,268.19000000000005
28,48423,268.19000000000005
28,48425,268.19000000000005
28,48439,268.19000000000005
28,48455,268.19000000000005
28,48481,268.19000000000005
28,48507,268.19000000000005
28,48525,268.19000000000005
28,48553,268.19000000000005
28,48569,268.19000000000005
28,48587,268.19000000000005
28,48601,268.19000000000005
28,48627,268.19000000000005
28,48653,268.19000000000005
28,48679,268.19000000000005
28,48707,268.19000000000005
28,48721,268.19000000000005
28,48751,268.19000000000005
28,48765,268.19000000000005
28,48779,268.19000000000005
28,48793,268.19000000000005
28,48807,268.19000000000005
28,48821,268.19000000000005
28,48823,268.19000000000005
28,48841,268.19000000000005
28,48855,268.19000000000005
28,48869,271.68999999999994
28,48897,271.68999999999994
28,48925,271.68999999999994
28,48953,271.68999999999994
28,48967,271.68999999999994
28,48969,271.68999999999994
28,48983,271.68999999999994
28,48997,271.68999999999994
28,49023,271.68999999999994
28,49055,271.68999999999994
28,49057,271.68999999999994
28,49087,271.68999999999994
28,49101,271.68999999999994
28,49115,271.68999999999994
28,49143,271.68999999999994
28,49157,271.68999999999994
28,49171,271.68999999999994
28,49203,271.68999999999994
28,49231,271.68999999999994
28,49233,271.68999999999994
28,49265,271.68999999999994
28,49291,271.68999999999994
28,49317,271.68999999999994
28,49331,271.68999999999994
28,49361,271.68999999999994
28,49379,271.68999999999994
28,49409,271.68999999999994
28,49423,272.7200000000001
28,49453,272.7200000000001
28,49455,272.7200000000001
28,49469,272.7200000000001
28,49499,272.7200000000001
28,49527,272.7200000000001
28,49529,273.8600000000001
28,49557,273.8600000000001
28,49559,273.8600000000001
28,49561,273.8600000000001
28,49575,273.8600000000001
28,49603,273.8600000000001
28,49631,273.8600000000001
28,49665,273.8600000000001
28,49667,273.8600000000001
28,49681,273.8600000000001
28,49695,278.2099999999999
28,49709,278.2099999999999
28,49711,278.2099999999999
28,49737,278.2099999999999
28,49751,278.2099999999999
28,49781,278.2099999999999
28,49809,278.2099999999999
28,49835,278.2099999999999
28,49837,278.2099999999999
28,49851,278.2099999999999
28,49877,278.2099999999999
28,49905,278.2099999999999
28,49921,278.2099999999999
28,49947,278.2099999999999
28,49981,278.2099999999999
28,49997,278.2099999999999
28,50033,278.2099999999999
28,50051,278.2099999999999
28,50077,278.2099999999999
28,50091,278.2099999999999
28,50119,278.2099999999999
28,50133,278.2099999999999
28,50135,278.2099999999999
28,50161,278.2099999999999
28,50189,278.2099999999999
28,50215,278.2099999999999
28,50229,278.2099999999999
28,50243,278.2099999999999
28,50271,278.2099999999999
28,50287,278.2099999999999
28,50289,278.2099999999999
28,50315,278.2099999999999
28,50329,278.2099999999999
28,50357,278.2099999999999
28,50383,278.2099999999999
28,50409,278.2099999999999
28,50437,278.2099999999999
28,50451,278.2099999999999
28,50453,278.2099999999999
28,50467,278.2099999999999
28,50483,278.2099999999999
28,50499,278.2099999999999
28,50513,278.2099999999999
28,50539,283.99
28,50567,283.99
28,50583,283.99
28,50585,283.99
28,50611,283.99
29,40112,29.63
29,40128,30.080000000000005
29,44217,30.080000000000005
29,44219,30.080000000000005
29,44233,30.080000000000005
29,44247,31.39999999999999
29,44277,32.329999999999984
29,44305,37.19000000000001
29,44333,42.129999999999995
29,44347,50.910000000000004
29,44363,50.910000000000004
29,44395,50.910000000000004
29,44409,50.910000000000004
29,44437,50.910000000000004
29,44451,56.89
29,44465,59.30999999999997
29,44479,59.30999999999997
29,44493,59.30999999999997
29,44507,59.30999999999997
29,44535,59.30999999999997
29,44551,59.30999999999997
29,44581,59.30999999999997
29,44607,59.30999999999997
29,44621,59.30999999999997
29,44637,59.30999999999997
29,44665,59.30999999999997
29,44681,59.30999999999997
29,44683,59.30999999999997
29,44697,75.72999999999999
29,44713,75.72999999999999
29,44715,75.72999999999999
29,44731,75.72999999999999
29,44757,75.72999999999999
29,44773,75.72999999999999
29,44801,75.72999999999999
29,44815,75.72999999999999
29,44845,75.72999999999999
29,44861,79.86999999999999
29,44891,79.86999999999999
29,44909,79.86999999999999
29,44911,79.86999999999999
29,44929,79.86999999999999
29,44945,79.86999999999999
29,44959,79.86999999999999
29,44973,79.86999999999999
29,44987,79.86999999999999
29,45013,79.86999999999999
29,45027,79.86999999999999
29,45041,79.86999999999999
29,45043,79.86999999999999
29,45077,79.86999999999999
29,45105,79.86999999999999
29,45133,88.63000000000002
29,45149,88.63000000000002
29,45175,88.63000000000002
29,45191,88.63000000000002
29,45217,88.91
29,45231,88.91
29,45245,88.91
29,45247,88.91
29,45249,88.91
29,45263,88.91
29,45265,88.91
29,45281,88.91
29,45307,88.91
29,45323,88.91
29,45349,88.91
29,45351,88.91
29,45379,88.91
29,45409,88.91
29,45425,88.91
29,45455,88.91
29,45481,88.91
29,45495,88.91
29,45523,88.91
29,45553,88.91
29,45583,88.91
29,45615,88.91
29,45633,88.91
29,45647,88.91
29,45661,106.43999999999994
29,45675,106.43999999999994
29,45709,106.43999999999994
29,45725,106.43999999999994
29,45755,106.43999999999994
29,45781,106.43999999999994
29,45783,106.43999999999994
29,45797,106.43999999999994
29,45815,106.43999999999994
29,45829,106.43999999999994
29,45843,106.43999999999994
29,45845,106.43999999999994
29,45873,106.43999999999994
29,45899,106.43999999999994
29,45925,106.43999999999994
29,45955,106.43999999999994
29,45991,106.43999999999994
29,46007,106.43999999999994
29,46009,106.43999999999994
29,46023,106.43999999999994
29,46025,106.43999999999994
29,46045,106.43999999999994
29,46073,106.43999999999994
29,46099,106.43999999999994
29,46127,106.43999999999994
29,46155,106.43999999999994
29,46181,106.43999999999994
29,46195,106.43999999999994
29,46223,106.43999999999994
29,46239,106.43999999999994
29,46267,106.43999999999994
29,46283,106.43999999999994
29,46309,106.43999999999994
29,46337,106.43999999999994
29,46339,106.43999999999994
29,46367,106.43999999999994
29,46383,106.43999999999994
29,46397,106.43999999999994
29,46423,106.43999999999994
29,46453,106.43999999999994
29,46467,106.43999999999994
29,46481,106.43999999999994
29,46483,106.43999999999994
29,46485,106.43999999999994
29,46515,106.43999999999994
29,46529,106.43999999999994
29,46545,106.43999999999994
29,46559,106.43999999999994
29,46573,106.43999999999994
29,46575,106.43999999999994
29,46577,106.43999999999994
29,46591,106.43999999999994
29,46593,106.43999999999994
29,46621,106.43999999999994
29,46649,106.43999999999994
29,46651,106.43999999999994
29,46665,106.43999999999994
29,46695,106.43999999999994
29,46725,106.43999999999994
29,46739,106.43999999999994
29,46755,106.43999999999994
29,46783,106.43999999999994
29,46809,106.43999999999994
29,46811,106.43999999999994
29,46831,106.43999999999994
29,46845,106.43999999999994
29,46847,106.43999999999994
29,46865,106.43999999999994
29,46895,106.43999999999994
29,46897,106.43999999999994
29,46899,106.43999999999994
29,46929,106.43999999999994
29,46943,106.43999999999994
29,46971,106.43999999999994
29,46973,106.43999999999994
29,46987,106.43999999999994
29,47003,106.43999999999994
29,47017,106.43999999999994
29,47043,106.43999999999994
29,47057,106.43999999999994
29,47075,106.43999999999994
29,47103,106.43999999999994
29,47117,106.43999999999994
29,47145,106.43999999999994
29,47161,106.43999999999994
29,47189,106.43999999999994
29,47221,108.33000000000001
29,47251,108.33000000000001
29,47253,108.33000000000001
29,47269,108.33000000000001
29,47283,108.33000000000001
29,47311,108.33000000000001
29,47341,108.33000000000001
29,47355,108.33000000000001
29,47357,108.33000000000001
29,47359,108.33000000000001
29,47373,108.33000000000001
29,47387,108.33000000000001
29,47401,108.33000000000001
29,47433,108.33000000000001
29,47463,108.33000000000001
29,47477,108.33000000000001
29,47505,108.33000000000001
29,47531,122.82000000000002
29,47557,122.82000000000002
29,47571,122.82000000000002
29,47599,122.82000000000002
29,47629,122.82000000000002
29,47655,122.82000000000002
29,47671,122.82000000000002
29,47673,122.82000000000002
29,47703,122.82000000000002
29,47731,122.82000000000002
29,47757,122.82000000000002
29,47771,122.82000000000002
29,47785,122.82000000000002
29,47801,122.82000000000002
29,47815,122.82000000000002
29,47817,122.82000000000002
29,47831,122.82000000000002
29,47851,122.82000000000002
29,47883,122.82000000000002
29,47897,122.82000000000002
29,47899,122.82000000000002
29,47933,122.82000000000002
29,47959,122.82000000000002
29,47973,122.82000000000002
29,48003,122.82000000000002
29,48017,122.82000000000002
29,48043,122.82000000000002
29,48059,122.82000000000002
29,48061,122.82000000000002
29,48089,122.82000000000002
29,48091,122.82000000000002
29,48119,122.82000000000002
29,48147,122.82000000000002
29,48173,122.82000000000002
29,48199,122.82000000000002
29,48213,122.82000000000002
29,48243,122.82000000000002
29,48257,122.82000000000002
29,48271,122.82000000000002
29,48273,122.82000000000002
29,48299,122.82000000000002
29,48331,122.82000000000002
29,48359,122.82000000000002
29,48385,122.82000000000002
29,48413,122.82000000000002
29,48439,122.82000000000002
29,48469,122.82000000000002
29,48497,122.82000000000002
29,48523,122.82000000000002
29,48537,122.82000000000002
29,48551,122.82000000000002
29,48585,122.82000000000002
29,48611,122.82000000000002
29,48629,122.82000000000002
29,48649,122.82000000000002
29,48667,122.82000000000002
29,48701,122.82000000000002
29,48719,122.82000000000002
29,48735,122.82000000000002
29,48761,122.82000000000002
29,48775,122.82000000000002
29,48803,122.82000000000002
29,48823,122.82000000000002
29,48841,122.82000000000002
29,48857,122.82000000000002
29,48871,122.82000000000002
29,48873,122.82000000000002
29,48887,122.82000000000002
29,48889,122.82000000000002
29,48903,122.82000000000002
29,48931,122.82000000000002
29,48961,122.82000000000002
29,48975,122.82000000000002
29,49005,122.82000000000002
29,49033,122.82000000000002
29,49059,122.82000000000002
29,49085,122.82000000000002
29,49113,122.82000000000002
29,49141,122.82000000000002
29,49143,122.82000000000002
29,49157,122.82000000000002
29,49171,122.82000000000002
29,49187,122.82000000000002
29,49189,122.82000000000002
29,49205,122.82000000000002
29,49221,122.82000000000002
29,49235,122.82000000000002
29,49261,127.57999999999996
29,49287,127.57999999999996
29,49313,127.57999999999996
29,49341,127.57999999999996
29,49369,127.57999999999996
29,49395,127.57999999999996
29,49421,127.57999999999996
29,49451,127.57999999999996
29,49477,127.57999999999996
29,49505,128.00000000000009
29,49523,128.00000000000009
29,49537,128.00000000000009
29,49539,128.00000000000009
29,49553,128.00000000000009
29,49579,128.00000000000009
29,49581,128.00000000000009
29,49607,128.00000000000009
29,49627,128.00000000000009
29,49643,128.00000000000009
29,49657,128.00000000000009
29,49673,128.00000000000009
29,49675,128.00000000000009
29,49701,128.00000000000009
29,49715,128.00000000000009
29,49731,128.00000000000009
29,49733,128.00000000000009
29,49735,128.00000000000009
29,49749,128.00000000000009
29,49763,128.00000000000009
29,49789,128.00000000000009
29,49803,128.00000000000009
29,49817,128.00000000000009
29,49835,128.00000000000009
29,49849,128.00000000000009
29,49851,128.00000000000009
29,49867,128.00000000000009
29,49881,128.00000000000009
29,49895,128.00000000000009
29,49921,128.00000000000009
29,49951,128.00000000000009
29,49965,128.00000000000009
29,49967,128.00000000000009
29,49985,128.00000000000009
29,49999,128.00000000000009
29,50015,128.00000000000009
29,50029,128.00000000000009
29,50047,128.00000000000009
29,50049,128.00000000000009
29,50063,128.00000000000009
29,50095,128.00000000000009
30,40028,27.63
30,44009,27.73999999999999
30,44023,35.51
30,44025,35.51
30,44051,35.51
30,44077,44.47
30,44091,44.47
30,44117,44.47
30,44119,44.47
30,44135,44.47
30,44161,44.47
30,44187,44.47
30,44215,44.47
30,44229,44.47
30,44245,44.47
30,44247,44.47
30,44261,44.47
30,44263,44.47
30,44279,44.47
30,44293,44.47
30,44307,44.47
30,44321,55.769999999999996
30,44349,55.769999999999996
30,44363,55.769999999999996
30,44377,55.769999999999996
30,44391,55.769999999999996
30,44419,55.769999999999996
30,44421,55.769999999999996
30,44449,55.769999999999996
30,44479,59.790000000000006
30,44493,59.790000000000006
30,44507,59.790000000000006
30,44533,59.790000000000006
30,44563,59.790000000000006
30,44577,59.790000000000006
30,44579,61.399999999999984
30,44593,61.399999999999984
30,44609,62.949999999999974
30,44611,62.949999999999974
30,44641,62.949999999999974
30,44671,62.949999999999974
30,44685,62.949999999999974
30,44701,62.949999999999974
30,44715,62.949999999999974
30,44731,62.949999999999974
30,44769,62.949999999999974
30,44795,78.12999999999995
30,44809,78.12999999999995
30,44839,78.12999999999995
30,44871,78.12999999999995
30,44885,78.12999999999995
30,44901,78.12999999999995
30,44929,78.12999999999995
30,44957,78.12999999999995
30,44959,78.12999999999995
30,44979,78.12999999999995
30,45009,78.12999999999995
30,45023,78.12999999999995
30,45049,78.12999999999995
30,45063,78.12999999999995
30,45091,78.12999999999995
30,45107,78.12999999999995
30,45121,78.12999999999995
30,45135,78.12999999999995
30,45151,78.12999999999995
30,45153,78.12999999999995
30,45181,78.12999999999995
30,45199,78.12999999999995
30,45213,78.12999999999995
30,45241,78.12999999999995
30,45255,78.12999999999995
30,45283,78.12999999999995
30,45301,78.12999999999995
30,45315,78.12999999999995
30,45333,78.12999999999995
30,45359,78.12999999999995
30,45375,78.12999999999995
30,45403,78.12999999999995
30,45431,78.12999999999995
30,45457,78.89000000000001
30,45473,78.89000000000001
30,45491,78.89000000000001
30,45509,78.89000000000001
30,45511,78.89000000000001
30,45539,78.89000000000001
30,45553,78.89000000000001
30,45579,78.89000000000001
30,45607,78.89000000000001
30,45635,78.89000000000001
30,45665,87.25
30,45679,87.25
30,45701,87.25
30,45731,87.25
30,45745,87.25
30,45747,87.25
30,45749,87.25
30,45751,87.25
30,45779,94.13999999999999
30,45797,94.13999999999999
30,45827,94.13999999999999
30,45841,94.13999999999999
30,45871,111.02000000000005
30,45889,114.19999999999996
30,45903,114.19999999999996
30,45933,114.19999999999996
30,45963,114.19999999999996
30,45977,114.19999999999996
30,45995,117.04999999999994
30,46023,117.04999999999994
30,46053,117.04999999999994
30,46083,117.04999999999994
30,46097,129.64000000000004
30,46111,129.64000000000004
30,46129,129.64000000000004
30,46155,129.64000000000004
30,46185,129.64000000000004
30,46199,129.64000000000004
30,46217,129.64000000000004
30,46219,129.64000000000004
30,46221,129.64000000000004
30,46223,129.64000000000004
30,46237,129.64000000000004
30,46263,129.64000000000004
30,46277,129.64000000000004
30,46291,129.64000000000004
30,46305,131.74000000000004
30,46333,131.74000000000004
30,46365,131.74000000000004
30,46395,131.74000000000004
30,46411,131.74000000000004
30,46425,131.74000000000004
30,46455,131.74000000000004
30,46469,131.74000000000004
30,46495,131.74000000000004
30,46497,138.15000000000003
30,46527,138.15000000000003
30,46529,138.15000000000003
30,46565,138.15000000000003
30,46579,138.15000000000003
30,46593,138.15000000000003
30,46609,138.15000000000003
30,46611,138.15000000000003
30,46629,138.15000000000003
30,46631,138.15000000000003
30,46667,138.15000000000003
30,46693,138.15000000000003
30,46707,138.15000000000003
30,46723,138.15000000000003
30,46749,138.15000000000003
30,46775,138.15000000000003
30,46815,138.15000000000003
30,46845,138.15000000000003
30,46873,138.15000000000003
30,46903,138.15000000000003
30,46929,138.15000000000003
30,46961,138.15000000000003
30,46989,138.15000000000003
30,47011,138.15000000000003
30,47027,138.15000000000003
30,47029,138.15000000000003
30,47057,138.15000000000003
30,47089,138.15000000000003
30,47117,138.15000000000003
30,47145,138.15000000000003
30,47161,138.15000000000003
30,47187,138.15000000000003
30,47189,138.15000000000003
30,47191,138.15000000000003
30,47209,138.15000000000003
30,47235,138.15000000000003
30,47265,138.15000000000003
30,47279,138.15000000000003
30,47295,138.15000000000003
30,47309,138.15000000000003
30,47337,138.15000000000003
30,47353,138.15000000000003
30,47383,138.15000000000003
30,47397,138.15000000000003
30,47423,138.15000000000003
30,47443,138.15000000000003
30,47469,138.15000000000003
30,47471,138.15000000000003
30,47485,138.15000000000003
30,47499,138.15000000000003
30,47515,138.15000000000003
30,47517,138.15000000000003
30,47531,138.15000000000003
30,47533,138.15000000000003
30,47559,138.15000000000003
30,47573,138.15000000000003
30,47575,138.15000000000003
30,47605,138.15000000000003
30,47633,138.15000000000003
30,47647,138.15000000000003
30,47663,138.15000000000003
30,47689,138.15000000000003
30,47715,138.15000000000003
30,47717,138.15000000000003
30,47747,138.15000000000003
30,47775,138.15000000000003
30,47803,138.15000000000003
30,47833,138.15000000000003
30,47847,138.15000000000003
30,47849,138.15000000000003
30,47875,138.15000000000003
30,47901,138.15000000000003
30,47929,138.15000000000003
30,47955,138.15000000000003
30,47989,138.15000000000003
30,47991,138.15000000000003
30,48019,138.15000000000003
30,48033,138.15000000000003
30,48035,138.15000000000003
30,48049,138.15000000000003
30,48079,138.15000000000003
30,48093,138.15000000000003
30,48107,138.15000000000003
30,48133,225.94999999999982
30,48135,225.94999999999982
30,48149,225.94999999999982
30,48151,225.94999999999982
30,48169,232.8100000000001
30,48171,232.8100000000001
30,48173,232.8100000000001
30,48203,232.8100000000001
30,48233,232.8100000000001
30,48263,232.8100000000001
30,48293,232.8100000000001
30,48323,246.82999999999998
30,48349,246.82999999999998
30,48351,246.82999999999998
30,48365,246.82999999999998
30,48395,246.82999999999998
30,48421,246.82999999999998
30,48435,246.82999999999998
30,48465,246.82999999999998
30,48491,246.82999999999998
30,48493,246.82999999999998
30,48507,246.82999999999998
30,48521,246.82999999999998
30,48523,246.82999999999998
30,48537,246.82999999999998
30,48567,246.82999999999998
30,48593,246.82999999999998
30,48607,246.82999999999998
30,48633,247.76999999999998
30,48665,247.76999999999998
30,48667,247.76999999999998
30,48681,247.76999999999998
30,48697,247.76999999999998
30,48711,247.76999999999998
30,48727,247.76999999999998
30,48761,247.76999999999998
30,48789,247.76999999999998
30,48823,247.76999999999998
30,48825,247.76999999999998
30,48839,247.76999999999998
30,48869,247.76999999999998
30,48897,247.76999999999998
30,48911,247.76999999999998
30,48933,247.76999999999998
30,48949,247.76999999999998
30,48975,247.76999999999998
30,49007,247.76999999999998
30,49023,252.64999999999995
30,49051,252.64999999999995
30,49065,252.64999999999995
30,49079,252.64999999999995
30,49105,252.64999999999995
30,49141,252.64999999999995
30,49155,252.64999999999995
30,49181,260.7800000000001
30,49195,260.7800000000001
30,49211,260.7800000000001
30,49237,260.7800000000001
30,49267,260.7800000000001
30,49269,260.7800000000001
30,49297,260.7800000000001
30,49323,260.7800000000001
30,49351,260.7800000000001
30,49379,260.7800000000001
30,49407,260.7800000000001
30,49421,260.7800000000001
30,49453,260.7800000000001
30,49479,260.7800000000001
30,49493,260.7800000000001
30,49523,260.7800000000001
30,49551,260.7800000000001
30,49581,260.7800000000001
30,49611,260.7800000000001
30,49625,260.7800000000001
30,49639,260.7800000000001
30,49665,260.7800000000001
30,49693,260.7800000000001
30,49723,260.7800000000001
30,49737,260.7800000000001
30,49751,260.7800000000001
30,49765,260.7800000000001
30,49795,260.7800000000001
30,49797,260.7800000000001
30,49813,260.7800000000001
30,49839,260.7800000000001
30,49865,260.7800000000001
30,49895,260.7800000000001
30,49897,260.7800000000001
30,49911,260.7800000000001
30,49937,260.7800000000001
30,49955,260.7800000000001
30,49985,260.7800000000001
30,49999,260.7800000000001
30,50001,260.7800000000001
30,50015,260.7800000000001
30,50017,260.7800000000001
30,50047,260.7800000000001
