evaluations raw_y
1 -214.0000000000
2 -193.0000000000
23 -186.0000000000
37 -185.0000000000
42 -178.0000000000
52 -176.0000000000
62 -175.0000000000
66 -174.0000000000
67 -170.0000000000
78 -169.0000000000
97 -167.0000000000
103 -164.0000000000
105 -163.0000000000
117 -161.0000000000
126 -159.0000000000
144 -158.0000000000
150 -156.0000000000
156 -155.0000000000
174 -154.0000000000
177 -153.0000000000
190 -149.0000000000
213 -147.0000000000
223 -145.0000000000
233 -144.0000000000
253 -143.0000000000
274 -141.0000000000
292 -140.0000000000
294 -138.0000000000
324 -137.0000000000
343 -136.0000000000
356 -135.0000000000
362 -134.0000000000
381 -133.0000000000
383 -132.0000000000
407 -131.0000000000
415 -129.0000000000
450 -128.0000000000
466 -125.0000000000
482 -124.0000000000
525 -123.0000000000
544 -122.0000000000
581 -121.0000000000
592 -120.0000000000
611 -119.0000000000
649 -118.0000000000
670 -117.0000000000
682 -115.0000000000
698 -113.0000000000
732 -112.0000000000
740 -111.0000000000
742 -110.0000000000
760 -109.0000000000
761 -108.0000000000
763 -107.0000000000
780 -104.0000000000
799 -103.0000000000
816 -102.0000000000
860 -101.0000000000
865 -100.0000000000
879 -99.0000000000
892 -98.0000000000
932 -97.0000000000
948 -96.0000000000
1014 -95.0000000000
1045 -94.0000000000
1094 -93.0000000000
1122 -92.0000000000
1145 -91.0000000000
1170 -89.0000000000
1195 -86.0000000000
1241 -85.0000000000
1273 -84.0000000000
1285 -83.0000000000
1329 -82.0000000000
1337 -81.0000000000
1341 -80.0000000000
1373 -79.0000000000
1381 -77.0000000000
1416 -76.0000000000
1419 -74.0000000000
1436 -73.0000000000
1449 -72.0000000000
1450 -71.0000000000
1499 -70.0000000000
1512 -69.0000000000
1536 -68.0000000000
1564 -67.0000000000
1596 -66.0000000000
1601 -65.0000000000
1630 -64.0000000000
1652 -63.0000000000
1666 -62.0000000000
1684 -61.0000000000
1776 -60.0000000000
1813 -59.0000000000
1871 -58.0000000000
1995 -57.0000000000
2032 -56.0000000000
2050 -55.0000000000
2052 -54.0000000000
2118 -53.0000000000
2133 -52.0000000000
2158 -51.0000000000
2192 -50.0000000000
2217 -49.0000000000
2236 -48.0000000000
2239 -47.0000000000
2293 -46.0000000000
2355 -45.0000000000
2380 -43.0000000000
2407 -42.0000000000
2439 -41.0000000000
2458 -40.0000000000
2472 -38.0000000000
2535 -37.0000000000
2544 -36.0000000000
2567 -35.0000000000
2593 -34.0000000000
2613 -33.0000000000
2659 -32.0000000000
2692 -31.0000000000
2765 -30.0000000000
2785 -29.0000000000
2797 -28.0000000000
2827 -27.0000000000
2837 -26.0000000000
2930 -25.0000000000
2966 -24.0000000000
3027 -23.0000000000
3042 -22.0000000000
3071 -21.0000000000
3087 -20.0000000000
3133 -19.0000000000
3241 -18.0000000000
3275 -17.0000000000
3292 -15.0000000000
3328 -14.0000000000
3355 -13.0000000000
3574 -12.0000000000
3756 -11.0000000000
3841 -10.0000000000
3883 -9.0000000000
4000 -8.0000000000
4021 -7.0000000000
4141 -6.0000000000
4189 -4.0000000000
4218 -3.0000000000
4228 -2.0000000000
4295 -1.0000000000
4675 393.0000000000
5057 402.0000000000
5101 405.0000000000
5115 410.0000000000
5339 411.0000000000
5355 414.0000000000
6863 416.0000000000
7703 418.0000000000
7771 422.0000000000
10010 422.0000000000
evaluations raw_y
1 -197.0000000000
18 -190.0000000000
26 -188.0000000000
29 -186.0000000000
38 -185.0000000000
49 -178.0000000000
63 -176.0000000000
79 -173.0000000000
85 -172.0000000000
90 -171.0000000000
92 -170.0000000000
97 -167.0000000000
117 -165.0000000000
119 -164.0000000000
126 -163.0000000000
139 -162.0000000000
147 -161.0000000000
163 -160.0000000000
175 -158.0000000000
184 -157.0000000000
197 -155.0000000000
230 -154.0000000000
243 -153.0000000000
247 -152.0000000000
251 -151.0000000000
252 -149.0000000000
261 -148.0000000000
277 -147.0000000000
278 -146.0000000000
299 -145.0000000000
300 -144.0000000000
306 -143.0000000000
311 -142.0000000000
327 -141.0000000000
332 -140.0000000000
341 -139.0000000000
368 -138.0000000000
371 -137.0000000000
383 -136.0000000000
388 -135.0000000000
391 -134.0000000000
415 -133.0000000000
434 -132.0000000000
447 -131.0000000000
456 -130.0000000000
463 -129.0000000000
465 -128.0000000000
483 -127.0000000000
515 -126.0000000000
526 -125.0000000000
547 -124.0000000000
561 -123.0000000000
570 -122.0000000000
582 -121.0000000000
588 -120.0000000000
591 -119.0000000000
607 -118.0000000000
637 -117.0000000000
645 -116.0000000000
651 -114.0000000000
681 -113.0000000000
691 -112.0000000000
692 -111.0000000000
699 -109.0000000000
715 -108.0000000000
746 -107.0000000000
755 -106.0000000000
771 -105.0000000000
779 -104.0000000000
790 -103.0000000000
808 -102.0000000000
844 -101.0000000000
860 -100.0000000000
876 -99.0000000000
907 -98.0000000000
917 -96.0000000000
944 -95.0000000000
961 -94.0000000000
971 -93.0000000000
984 -92.0000000000
991 -91.0000000000
1014 -90.0000000000
1025 -89.0000000000
1039 -88.0000000000
1042 -86.0000000000
1087 -85.0000000000
1099 -84.0000000000
1137 -83.0000000000
1138 -82.0000000000
1155 -81.0000000000
1176 -79.0000000000
1194 -78.0000000000
1202 -77.0000000000
1204 -76.0000000000
1235 -74.0000000000
1298 -73.0000000000
1305 -72.0000000000
1327 -71.0000000000
1346 -70.0000000000
1376 -69.0000000000
1406 -68.0000000000
1436 -67.0000000000
1452 -66.0000000000
1495 -65.0000000000
1547 -64.0000000000
1574 -63.0000000000
1585 -62.0000000000
1617 -61.0000000000
1625 -60.0000000000
1659 -59.0000000000
1677 -58.0000000000
1690 -57.0000000000
1698 -55.0000000000
1737 -54.0000000000
1748 -53.0000000000
1772 -52.0000000000
1774 -51.0000000000
1785 -50.0000000000
1796 -49.0000000000
1843 -48.0000000000
1884 -47.0000000000
1917 -46.0000000000
1948 -45.0000000000
1997 -44.0000000000
2058 -43.0000000000
2087 -42.0000000000
2109 -41.0000000000
2121 -40.0000000000
2195 -39.0000000000
2234 -38.0000000000
2294 -37.0000000000
2318 -36.0000000000
2370 -35.0000000000
2396 -34.0000000000
2410 -33.0000000000
2430 -32.0000000000
2464 -31.0000000000
2485 -30.0000000000
2518 -29.0000000000
2587 -28.0000000000
2642 -27.0000000000
2740 -25.0000000000
2825 -24.0000000000
2876 -23.0000000000
2908 -22.0000000000
2928 -21.0000000000
3043 -20.0000000000
3131 -19.0000000000
3157 -18.0000000000
3274 -17.0000000000
3351 -16.0000000000
3392 -15.0000000000
3396 -14.0000000000
3421 -13.0000000000
3452 -12.0000000000
3491 -11.0000000000
3604 -10.0000000000
3844 -9.0000000000
3884 -8.0000000000
3949 -7.0000000000
3983 -6.0000000000
4046 -5.0000000000
4101 -4.0000000000
4128 -3.0000000000
4142 -2.0000000000
4167 -1.0000000000
4207 382.0000000000
4229 389.0000000000
4264 391.0000000000
4273 398.0000000000
4397 401.0000000000
4463 406.0000000000
4479 411.0000000000
6470 412.0000000000
7221 415.0000000000
10010 415.0000000000
evaluations raw_y
1 -218.0000000000
2 -211.0000000000
4 -195.0000000000
20 -184.0000000000
22 -183.0000000000
35 -179.0000000000
43 -177.0000000000
54 -176.0000000000
61 -173.0000000000
77 -172.0000000000
78 -170.0000000000
80 -167.0000000000
88 -166.0000000000
95 -165.0000000000
97 -164.0000000000
117 -163.0000000000
121 -162.0000000000
122 -161.0000000000
136 -160.0000000000
152 -159.0000000000
157 -158.0000000000
169 -157.0000000000
173 -156.0000000000
196 -155.0000000000
202 -154.0000000000
208 -153.0000000000
223 -152.0000000000
232 -151.0000000000
252 -150.0000000000
254 -149.0000000000
268 -147.0000000000
278 -146.0000000000
281 -145.0000000000
299 -143.0000000000
322 -142.0000000000
329 -139.0000000000
344 -138.0000000000
350 -137.0000000000
364 -136.0000000000
375 -135.0000000000
386 -134.0000000000
420 -133.0000000000
425 -132.0000000000
448 -131.0000000000
452 -130.0000000000
463 -129.0000000000
479 -128.0000000000
499 -127.0000000000
510 -126.0000000000
531 -125.0000000000
554 -124.0000000000
568 -123.0000000000
588 -122.0000000000
593 -121.0000000000
611 -120.0000000000
619 -119.0000000000
634 -117.0000000000
644 -115.0000000000
662 -114.0000000000
669 -113.0000000000
675 -112.0000000000
699 -111.0000000000
718 -110.0000000000
722 -109.0000000000
732 -108.0000000000
734 -107.0000000000
755 -106.0000000000
764 -105.0000000000
769 -104.0000000000
779 -103.0000000000
819 -102.0000000000
830 -101.0000000000
836 -100.0000000000
855 -99.0000000000
872 -98.0000000000
895 -97.0000000000
906 -96.0000000000
924 -95.0000000000
938 -94.0000000000
942 -93.0000000000
979 -92.0000000000
1019 -91.0000000000
1028 -90.0000000000
1047 -89.0000000000
1055 -88.0000000000
1074 -86.0000000000
1077 -85.0000000000
1117 -84.0000000000
1171 -83.0000000000
1237 -82.0000000000
1261 -81.0000000000
1290 -80.0000000000
1293 -79.0000000000
1296 -78.0000000000
1353 -77.0000000000
1371 -76.0000000000
1391 -75.0000000000
1402 -74.0000000000
1411 -73.0000000000
1427 -69.0000000000
1458 -67.0000000000
1469 -66.0000000000
1491 -65.0000000000
1527 -64.0000000000
1532 -63.0000000000
1540 -62.0000000000
1578 -61.0000000000
1598 -60.0000000000
1631 -59.0000000000
1698 -58.0000000000
1715 -57.0000000000
1746 -56.0000000000
1763 -54.0000000000
1795 -53.0000000000
1890 -52.0000000000
1902 -51.0000000000
1905 -50.0000000000
1994 -49.0000000000
2030 -48.0000000000
2055 -47.0000000000
2118 -46.0000000000
2149 -45.0000000000
2163 -44.0000000000
2208 -43.0000000000
2221 -42.0000000000
2249 -41.0000000000
2275 -40.0000000000
2310 -39.0000000000
2336 -38.0000000000
2364 -37.0000000000
2386 -36.0000000000
2405 -35.0000000000
2437 -34.0000000000
2461 -33.0000000000
2474 -32.0000000000
2517 -31.0000000000
2535 -30.0000000000
2569 -29.0000000000
2618 -28.0000000000
2659 -27.0000000000
2691 -26.0000000000
2749 -25.0000000000
2861 -24.0000000000
2879 -23.0000000000
3121 -22.0000000000
3149 -21.0000000000
3166 -20.0000000000
3212 -19.0000000000
3235 -18.0000000000
3305 -17.0000000000
3358 -16.0000000000
3423 -15.0000000000
3715 -14.0000000000
3785 -13.0000000000
3852 -11.0000000000
3915 -10.0000000000
3999 -9.0000000000
4000 -8.0000000000
4099 -7.0000000000
4268 -6.0000000000
4294 -5.0000000000
4331 -4.0000000000
4453 -3.0000000000
4464 -2.0000000000
4528 -1.0000000000
4588 387.0000000000
4688 401.0000000000
5206 405.0000000000
5880 406.0000000000
6618 416.0000000000
8346 418.0000000000
10010 -1.0000000000
evaluations raw_y
1 -218.0000000000
3 -197.0000000000
9 -195.0000000000
19 -193.0000000000
25 -190.0000000000
26 -188.0000000000
32 -174.0000000000
56 -173.0000000000
60 -171.0000000000
68 -170.0000000000
71 -168.0000000000
88 -164.0000000000
101 -160.0000000000
104 -159.0000000000
135 -158.0000000000
139 -156.0000000000
167 -155.0000000000
202 -154.0000000000
212 -151.0000000000
238 -149.0000000000
249 -148.0000000000
281 -147.0000000000
291 -146.0000000000
297 -144.0000000000
328 -143.0000000000
335 -142.0000000000
349 -140.0000000000
376 -138.0000000000
380 -137.0000000000
385 -135.0000000000
417 -134.0000000000
427 -133.0000000000
433 -131.0000000000
444 -130.0000000000
469 -129.0000000000
487 -127.0000000000
516 -126.0000000000
520 -124.0000000000
536 -123.0000000000
546 -122.0000000000
562 -120.0000000000
571 -119.0000000000
590 -118.0000000000
602 -117.0000000000
610 -116.0000000000
626 -115.0000000000
637 -114.0000000000
647 -113.0000000000
680 -112.0000000000
703 -111.0000000000
711 -110.0000000000
720 -108.0000000000
754 -107.0000000000
767 -106.0000000000
774 -105.0000000000
788 -104.0000000000
803 -103.0000000000
820 -102.0000000000
843 -101.0000000000
860 -99.0000000000
878 -98.0000000000
881 -97.0000000000
936 -96.0000000000
939 -95.0000000000
953 -94.0000000000
981 -93.0000000000
999 -92.0000000000
1004 -91.0000000000
1011 -90.0000000000
1022 -89.0000000000
1041 -87.0000000000
1061 -86.0000000000
1085 -85.0000000000
1097 -84.0000000000
1110 -82.0000000000
1142 -81.0000000000
1154 -80.0000000000
1178 -79.0000000000
1201 -78.0000000000
1231 -77.0000000000
1235 -75.0000000000
1272 -74.0000000000
1308 -73.0000000000
1336 -72.0000000000
1342 -71.0000000000
1347 -70.0000000000
1359 -69.0000000000
1393 -68.0000000000
1433 -67.0000000000
1456 -66.0000000000
1487 -65.0000000000
1520 -64.0000000000
1551 -63.0000000000
1573 -61.0000000000
1602 -59.0000000000
1665 -58.0000000000
1692 -57.0000000000
1710 -56.0000000000
1729 -55.0000000000
1732 -54.0000000000
1737 -53.0000000000
1815 -52.0000000000
1876 -51.0000000000
1893 -50.0000000000
1918 -48.0000000000
1942 -47.0000000000
1945 -46.0000000000
1977 -45.0000000000
2005 -44.0000000000
2040 -43.0000000000
2094 -42.0000000000
2107 -40.0000000000
2195 -39.0000000000
2222 -38.0000000000
2248 -37.0000000000
2282 -36.0000000000
2321 -35.0000000000
2356 -34.0000000000
2378 -33.0000000000
2412 -32.0000000000
2433 -31.0000000000
2499 -30.0000000000
2577 -29.0000000000
2596 -28.0000000000
2764 -27.0000000000
2777 -26.0000000000
2822 -25.0000000000
2868 -24.0000000000
2871 -23.0000000000
3092 -22.0000000000
3132 -21.0000000000
3161 -20.0000000000
3174 -19.0000000000
3299 -18.0000000000
3334 -17.0000000000
3373 -16.0000000000
3412 -15.0000000000
3438 -14.0000000000
3488 -13.0000000000
3537 -12.0000000000
3573 -11.0000000000
3637 -10.0000000000
3981 -9.0000000000
4123 -8.0000000000
4263 -6.0000000000
4291 -5.0000000000
4345 -4.0000000000
4383 -3.0000000000
4419 -2.0000000000
4436 -1.0000000000
4518 385.0000000000
4902 389.0000000000
5301 392.0000000000
6909 398.0000000000
10010 398.0000000000
evaluations raw_y
1 -203.0000000000
3 -200.0000000000
10 -196.0000000000
23 -186.0000000000
27 -183.0000000000
30 -179.0000000000
43 -177.0000000000
53 -176.0000000000
57 -173.0000000000
67 -164.0000000000
74 -161.0000000000
86 -158.0000000000
105 -157.0000000000
109 -156.0000000000
126 -155.0000000000
133 -154.0000000000
151 -152.0000000000
169 -151.0000000000
176 -149.0000000000
195 -148.0000000000
204 -147.0000000000
210 -146.0000000000
229 -145.0000000000
237 -143.0000000000
246 -142.0000000000
267 -141.0000000000
285 -140.0000000000
296 -139.0000000000
304 -138.0000000000
320 -137.0000000000
325 -136.0000000000
357 -135.0000000000
371 -134.0000000000
386 -133.0000000000
388 -131.0000000000
390 -130.0000000000
428 -129.0000000000
449 -125.0000000000
472 -124.0000000000
479 -122.0000000000
513 -121.0000000000
526 -119.0000000000
533 -118.0000000000
547 -116.0000000000
568 -115.0000000000
569 -114.0000000000
571 -113.0000000000
580 -111.0000000000
603 -110.0000000000
628 -109.0000000000
651 -108.0000000000
666 -107.0000000000
683 -106.0000000000
707 -105.0000000000
716 -104.0000000000
722 -103.0000000000
732 -102.0000000000
753 -101.0000000000
789 -100.0000000000
803 -99.0000000000
807 -98.0000000000
840 -95.0000000000
872 -94.0000000000
902 -92.0000000000
911 -91.0000000000
918 -90.0000000000
924 -88.0000000000
955 -87.0000000000
964 -86.0000000000
988 -85.0000000000
1004 -84.0000000000
1018 -83.0000000000
1033 -82.0000000000
1054 -81.0000000000
1074 -80.0000000000
1101 -79.0000000000
1107 -78.0000000000
1132 -77.0000000000
1152 -75.0000000000
1171 -74.0000000000
1194 -73.0000000000
1220 -72.0000000000
1227 -71.0000000000
1236 -70.0000000000
1253 -68.0000000000
1277 -67.0000000000
1296 -66.0000000000
1308 -65.0000000000
1343 -64.0000000000
1368 -62.0000000000
1407 -60.0000000000
1440 -59.0000000000
1449 -58.0000000000
1457 -57.0000000000
1519 -56.0000000000
1538 -55.0000000000
1560 -54.0000000000
1574 -53.0000000000
1595 -52.0000000000
1617 -51.0000000000
1657 -50.0000000000
1693 -49.0000000000
1726 -48.0000000000
1753 -47.0000000000
1797 -46.0000000000
1812 -45.0000000000
1879 -44.0000000000
1892 -43.0000000000
1923 -42.0000000000
1936 -41.0000000000
2088 -40.0000000000
2109 -39.0000000000
2142 -38.0000000000
2150 -36.0000000000
2156 -35.0000000000
2191 -34.0000000000
2193 -33.0000000000
2212 -32.0000000000
2265 -31.0000000000
2280 -30.0000000000
2304 -29.0000000000
2361 -28.0000000000
2417 -27.0000000000
2453 -26.0000000000
2487 -25.0000000000
2496 -23.0000000000
2536 -22.0000000000
2555 -20.0000000000
2671 -19.0000000000
2677 -18.0000000000
2716 -17.0000000000
2822 -16.0000000000
2842 -15.0000000000
2878 -14.0000000000
2947 -13.0000000000
2989 -12.0000000000
2998 -11.0000000000
3039 -10.0000000000
3145 -9.0000000000
3188 -8.0000000000
3246 -7.0000000000
3421 -6.0000000000
3477 -5.0000000000
3696 -4.0000000000
4221 -3.0000000000
4314 -2.0000000000
4452 -1.0000000000
4767 375.0000000000
5845 385.0000000000
5908 391.0000000000
6609 395.0000000000
6751 399.0000000000
6784 406.0000000000
6859 413.0000000000
10010 413.0000000000
evaluations raw_y
1 -210.0000000000
3 -203.0000000000
9 -200.0000000000
12 -199.0000000000
16 -197.0000000000
19 -189.0000000000
33 -179.0000000000
46 -174.0000000000
66 -172.0000000000
72 -170.0000000000
83 -169.0000000000
97 -162.0000000000
104 -157.0000000000
134 -156.0000000000
138 -151.0000000000
140 -148.0000000000
163 -145.0000000000
176 -144.0000000000
186 -141.0000000000
189 -140.0000000000
205 -139.0000000000
219 -138.0000000000
250 -137.0000000000
266 -136.0000000000
282 -135.0000000000
319 -134.0000000000
329 -133.0000000000
350 -132.0000000000
356 -131.0000000000
378 -130.0000000000
395 -129.0000000000
412 -128.0000000000
436 -127.0000000000
485 -126.0000000000
492 -124.0000000000
519 -122.0000000000
552 -121.0000000000
570 -120.0000000000
597 -119.0000000000
609 -118.0000000000
639 -117.0000000000
658 -116.0000000000
675 -114.0000000000
709 -113.0000000000
737 -112.0000000000
758 -111.0000000000
773 -109.0000000000
802 -108.0000000000
816 -107.0000000000
830 -106.0000000000
841 -105.0000000000
852 -104.0000000000
866 -102.0000000000
894 -101.0000000000
905 -100.0000000000
918 -99.0000000000
926 -97.0000000000
953 -96.0000000000
965 -95.0000000000
969 -94.0000000000
971 -93.0000000000
985 -92.0000000000
986 -91.0000000000
989 -90.0000000000
1007 -89.0000000000
1015 -88.0000000000
1026 -87.0000000000
1056 -86.0000000000
1085 -85.0000000000
1102 -83.0000000000
1119 -82.0000000000
1145 -81.0000000000
1159 -79.0000000000
1186 -78.0000000000
1226 -77.0000000000
1229 -76.0000000000
1256 -75.0000000000
1279 -74.0000000000
1324 -73.0000000000
1333 -72.0000000000
1336 -71.0000000000
1381 -70.0000000000
1402 -69.0000000000
1411 -68.0000000000
1448 -67.0000000000
1519 -66.0000000000
1544 -65.0000000000
1586 -64.0000000000
1614 -63.0000000000
1634 -62.0000000000
1639 -61.0000000000
1657 -60.0000000000
1669 -59.0000000000
1710 -58.0000000000
1725 -57.0000000000
1751 -56.0000000000
1752 -55.0000000000
1755 -54.0000000000
1783 -53.0000000000
1802 -52.0000000000
1825 -51.0000000000
1845 -50.0000000000
1860 -49.0000000000
1873 -48.0000000000
1886 -47.0000000000
1907 -46.0000000000
1916 -45.0000000000
1936 -44.0000000000
1969 -43.0000000000
1973 -42.0000000000
1998 -41.0000000000
2029 -40.0000000000
2077 -39.0000000000
2100 -38.0000000000
2102 -37.0000000000
2123 -36.0000000000
2147 -35.0000000000
2153 -34.0000000000
2196 -33.0000000000
2199 -32.0000000000
2233 -31.0000000000
2336 -30.0000000000
2353 -29.0000000000
2393 -28.0000000000
2462 -27.0000000000
2486 -26.0000000000
2558 -25.0000000000
2610 -24.0000000000
2628 -23.0000000000
2650 -22.0000000000
2678 -21.0000000000
2832 -20.0000000000
2909 -19.0000000000
2913 -18.0000000000
2959 -17.0000000000
2981 -16.0000000000
3023 -15.0000000000
3072 -14.0000000000
3100 -13.0000000000
3298 -12.0000000000
3317 -11.0000000000
3371 -10.0000000000
3489 -9.0000000000
3585 -8.0000000000
3608 -7.0000000000
3705 -6.0000000000
3785 -5.0000000000
3935 -4.0000000000
3989 -3.0000000000
4019 -2.0000000000
4163 -1.0000000000
4328 367.0000000000
5323 376.0000000000
5949 388.0000000000
6028 392.0000000000
6794 393.0000000000
7036 404.0000000000
8148 410.0000000000
9740 414.0000000000
10010 414.0000000000
evaluations raw_y
1 -188.0000000000
21 -184.0000000000
40 -179.0000000000
56 -173.0000000000
59 -171.0000000000
75 -168.0000000000
87 -164.0000000000
91 -163.0000000000
97 -161.0000000000
118 -160.0000000000
123 -159.0000000000
140 -158.0000000000
144 -157.0000000000
148 -156.0000000000
176 -155.0000000000
187 -154.0000000000
215 -153.0000000000
222 -152.0000000000
231 -151.0000000000
241 -150.0000000000
246 -149.0000000000
260 -148.0000000000
278 -147.0000000000
285 -146.0000000000
289 -145.0000000000
303 -144.0000000000
305 -143.0000000000
317 -142.0000000000
338 -140.0000000000
384 -139.0000000000
414 -138.0000000000
424 -137.0000000000
431 -136.0000000000
448 -134.0000000000
478 -132.0000000000
487 -131.0000000000
508 -130.0000000000
515 -129.0000000000
528 -127.0000000000
533 -126.0000000000
548 -125.0000000000
582 -124.0000000000
589 -123.0000000000
590 -122.0000000000
613 -121.0000000000
643 -120.0000000000
652 -118.0000000000
668 -117.0000000000
677 -116.0000000000
699 -115.0000000000
701 -114.0000000000
715 -113.0000000000
730 -111.0000000000
744 -110.0000000000
746 -109.0000000000
755 -108.0000000000
765 -107.0000000000
799 -106.0000000000
834 -105.0000000000
846 -104.0000000000
861 -103.0000000000
883 -102.0000000000
909 -101.0000000000
923 -100.0000000000
939 -99.0000000000
956 -98.0000000000
976 -97.0000000000
980 -95.0000000000
988 -94.0000000000
1004 -93.0000000000
1016 -92.0000000000
1051 -91.0000000000
1058 -90.0000000000
1070 -89.0000000000
1092 -87.0000000000
1135 -86.0000000000
1185 -85.0000000000
1227 -84.0000000000
1250 -83.0000000000
1259 -82.0000000000
1269 -81.0000000000
1287 -80.0000000000
1315 -79.0000000000
1369 -78.0000000000
1386 -77.0000000000
1407 -76.0000000000
1427 -75.0000000000
1444 -74.0000000000
1476 -73.0000000000
1489 -72.0000000000
1501 -71.0000000000
1510 -70.0000000000
1557 -69.0000000000
1599 -68.0000000000
1635 -67.0000000000
1654 -66.0000000000
1678 -65.0000000000
1685 -64.0000000000
1702 -63.0000000000
1705 -62.0000000000
1725 -61.0000000000
1745 -60.0000000000
1760 -59.0000000000
1815 -58.0000000000
1818 -57.0000000000
1865 -56.0000000000
1869 -54.0000000000
1881 -53.0000000000
1898 -50.0000000000
1918 -48.0000000000
1945 -47.0000000000
1983 -46.0000000000
1996 -45.0000000000
1998 -44.0000000000
2014 -43.0000000000
2038 -42.0000000000
2081 -41.0000000000
2115 -40.0000000000
2152 -39.0000000000
2188 -38.0000000000
2198 -37.0000000000
2212 -36.0000000000
2240 -35.0000000000
2320 -34.0000000000
2349 -32.0000000000
2390 -31.0000000000
2409 -30.0000000000
2425 -29.0000000000
2445 -28.0000000000
2486 -27.0000000000
2539 -26.0000000000
2583 -25.0000000000
2632 -24.0000000000
2693 -23.0000000000
2762 -21.0000000000
2849 -20.0000000000
2891 -18.0000000000
2925 -17.0000000000
2948 -16.0000000000
2967 -15.0000000000
3027 -14.0000000000
3032 -13.0000000000
3073 -12.0000000000
3112 -11.0000000000
3128 -10.0000000000
3325 -9.0000000000
3365 -8.0000000000
3483 -7.0000000000
3522 -6.0000000000
3548 -5.0000000000
3567 -4.0000000000
3672 -3.0000000000
3790 -2.0000000000
3877 -1.0000000000
3908 391.0000000000
5198 395.0000000000
5203 397.0000000000
6029 400.0000000000
6242 403.0000000000
7395 406.0000000000
8367 409.0000000000
9168 414.0000000000
9184 418.0000000000
10010 418.0000000000
evaluations raw_y
1 -209.0000000000
8 -204.0000000000
16 -202.0000000000
24 -196.0000000000
39 -190.0000000000
67 -185.0000000000
85 -183.0000000000
100 -182.0000000000
109 -178.0000000000
123 -177.0000000000
127 -176.0000000000
130 -175.0000000000
140 -172.0000000000
156 -171.0000000000
165 -170.0000000000
167 -169.0000000000
172 -168.0000000000
180 -167.0000000000
187 -165.0000000000
204 -164.0000000000
210 -163.0000000000
239 -162.0000000000
262 -160.0000000000
285 -159.0000000000
293 -158.0000000000
334 -157.0000000000
335 -156.0000000000
348 -155.0000000000
356 -153.0000000000
383 -152.0000000000
387 -151.0000000000
393 -150.0000000000
401 -149.0000000000
404 -148.0000000000
414 -145.0000000000
443 -144.0000000000
450 -143.0000000000
470 -142.0000000000
474 -139.0000000000
520 -138.0000000000
528 -137.0000000000
550 -136.0000000000
564 -134.0000000000
588 -132.0000000000
606 -131.0000000000
610 -130.0000000000
633 -129.0000000000
641 -128.0000000000
670 -127.0000000000
686 -126.0000000000
701 -125.0000000000
709 -124.0000000000
720 -123.0000000000
738 -122.0000000000
747 -121.0000000000
750 -120.0000000000
758 -119.0000000000
759 -118.0000000000
766 -117.0000000000
772 -116.0000000000
807 -115.0000000000
815 -114.0000000000
841 -112.0000000000
851 -111.0000000000
858 -110.0000000000
879 -109.0000000000
882 -108.0000000000
908 -107.0000000000
910 -106.0000000000
941 -105.0000000000
968 -104.0000000000
1001 -103.0000000000
1037 -102.0000000000
1045 -101.0000000000
1067 -100.0000000000
1082 -99.0000000000
1132 -98.0000000000
1192 -97.0000000000
1196 -96.0000000000
1211 -95.0000000000
1226 -94.0000000000
1248 -93.0000000000
1259 -92.0000000000
1269 -91.0000000000
1289 -90.0000000000
1303 -89.0000000000
1320 -88.0000000000
1340 -87.0000000000
1366 -86.0000000000
1386 -85.0000000000
1390 -84.0000000000
1413 -82.0000000000
1456 -81.0000000000
1491 -79.0000000000
1509 -78.0000000000
1516 -77.0000000000
1545 -76.0000000000
1611 -74.0000000000
1638 -73.0000000000
1662 -72.0000000000
1667 -71.0000000000
1686 -70.0000000000
1716 -66.0000000000
1738 -65.0000000000
1790 -64.0000000000
1800 -63.0000000000
1817 -62.0000000000
1829 -61.0000000000
1832 -60.0000000000
1892 -59.0000000000
1946 -58.0000000000
1982 -57.0000000000
2001 -56.0000000000
2030 -55.0000000000
2031 -54.0000000000
2074 -53.0000000000
2129 -50.0000000000
2137 -49.0000000000
2159 -47.0000000000
2190 -46.0000000000
2216 -45.0000000000
2235 -44.0000000000
2268 -43.0000000000
2316 -42.0000000000
2345 -41.0000000000
2347 -40.0000000000
2384 -39.0000000000
2395 -38.0000000000
2411 -37.0000000000
2412 -36.0000000000
2434 -35.0000000000
2456 -34.0000000000
2462 -33.0000000000
2523 -32.0000000000
2544 -31.0000000000
2585 -30.0000000000
2596 -29.0000000000
2610 -28.0000000000
2623 -27.0000000000
2638 -26.0000000000
2735 -25.0000000000
2771 -24.0000000000
2805 -23.0000000000
2820 -22.0000000000
2835 -21.0000000000
2877 -20.0000000000
2914 -18.0000000000
2956 -17.0000000000
2990 -16.0000000000
2991 -15.0000000000
3022 -14.0000000000
3043 -13.0000000000
3089 -12.0000000000
3251 -11.0000000000
3285 -10.0000000000
3310 -9.0000000000
3348 -8.0000000000
3427 -6.0000000000
3494 -5.0000000000
3661 -4.0000000000
3771 -3.0000000000
3870 -2.0000000000
3896 -1.0000000000
3952 400.0000000000
6107 402.0000000000
6171 405.0000000000
10010 405.0000000000
evaluations raw_y
1 -211.0000000000
2 -209.0000000000
3 -205.0000000000
4 -200.0000000000
21 -199.0000000000
26 -192.0000000000
36 -190.0000000000
41 -188.0000000000
44 -187.0000000000
45 -185.0000000000
61 -178.0000000000
77 -175.0000000000
78 -174.0000000000
81 -173.0000000000
92 -172.0000000000
94 -169.0000000000
105 -168.0000000000
107 -167.0000000000
112 -164.0000000000
129 -163.0000000000
140 -162.0000000000
163 -160.0000000000
165 -157.0000000000
184 -156.0000000000
187 -155.0000000000
188 -154.0000000000
194 -152.0000000000
215 -151.0000000000
233 -150.0000000000
240 -149.0000000000
254 -148.0000000000
272 -147.0000000000
274 -146.0000000000
280 -145.0000000000
298 -142.0000000000
335 -141.0000000000
357 -139.0000000000
360 -138.0000000000
369 -135.0000000000
374 -133.0000000000
392 -132.0000000000
412 -131.0000000000
442 -130.0000000000
462 -129.0000000000
468 -128.0000000000
469 -127.0000000000
489 -126.0000000000
504 -125.0000000000
514 -124.0000000000
526 -123.0000000000
527 -122.0000000000
552 -121.0000000000
574 -120.0000000000
591 -119.0000000000
623 -118.0000000000
637 -117.0000000000
651 -116.0000000000
680 -115.0000000000
725 -114.0000000000
747 -113.0000000000
750 -112.0000000000
766 -110.0000000000
777 -109.0000000000
788 -108.0000000000
790 -107.0000000000
815 -106.0000000000
849 -105.0000000000
864 -104.0000000000
874 -103.0000000000
902 -102.0000000000
947 -101.0000000000
975 -100.0000000000
985 -99.0000000000
1005 -98.0000000000
1022 -97.0000000000
1032 -95.0000000000
1053 -94.0000000000
1065 -93.0000000000
1089 -92.0000000000
1110 -91.0000000000
1117 -90.0000000000
1162 -89.0000000000
1190 -88.0000000000
1193 -86.0000000000
1233 -85.0000000000
1244 -84.0000000000
1275 -83.0000000000
1305 -82.0000000000
1312 -81.0000000000
1320 -80.0000000000
1343 -79.0000000000
1354 -78.0000000000
1391 -77.0000000000
1430 -76.0000000000
1452 -75.0000000000
1469 -74.0000000000
1478 -73.0000000000
1515 -72.0000000000
1518 -71.0000000000
1546 -70.0000000000
1553 -69.0000000000
1593 -67.0000000000
1630 -66.0000000000
1652 -65.0000000000
1665 -64.0000000000
1695 -63.0000000000
1696 -61.0000000000
1716 -60.0000000000
1753 -59.0000000000
1775 -58.0000000000
1801 -57.0000000000
1815 -56.0000000000
1827 -55.0000000000
1834 -54.0000000000
1867 -53.0000000000
1886 -52.0000000000
1893 -51.0000000000
1905 -50.0000000000
1980 -49.0000000000
2007 -48.0000000000
2060 -47.0000000000
2066 -46.0000000000
2097 -45.0000000000
2104 -44.0000000000
2153 -43.0000000000
2192 -42.0000000000
2223 -41.0000000000
2231 -40.0000000000
2276 -39.0000000000
2302 -38.0000000000
2307 -37.0000000000
2362 -36.0000000000
2378 -35.0000000000
2415 -34.0000000000
2451 -33.0000000000
2480 -32.0000000000
2489 -31.0000000000
2526 -30.0000000000
2550 -29.0000000000
2572 -28.0000000000
2611 -27.0000000000
2625 -26.0000000000
2669 -25.0000000000
2680 -24.0000000000
2714 -23.0000000000
2857 -22.0000000000
2918 -21.0000000000
3059 -20.0000000000
3085 -19.0000000000
3092 -18.0000000000
3164 -17.0000000000
3202 -16.0000000000
3339 -15.0000000000
3405 -14.0000000000
3609 -13.0000000000
3641 -12.0000000000
3914 -11.0000000000
3926 -10.0000000000
3979 -9.0000000000
4014 -8.0000000000
4061 -7.0000000000
4122 -6.0000000000
4332 -5.0000000000
4481 -4.0000000000
4652 -3.0000000000
4776 -2.0000000000
4810 -1.0000000000
4866 398.0000000000
5448 400.0000000000
5791 404.0000000000
6676 413.0000000000
8739 418.0000000000
10010 -1.0000000000
evaluations raw_y
1 -208.0000000000
6 -207.0000000000
9 -204.0000000000
13 -200.0000000000
17 -199.0000000000
18 -178.0000000000
53 -176.0000000000
64 -173.0000000000
67 -172.0000000000
88 -171.0000000000
94 -170.0000000000
102 -168.0000000000
111 -167.0000000000
120 -166.0000000000
121 -165.0000000000
124 -164.0000000000
147 -161.0000000000
163 -160.0000000000
175 -158.0000000000
188 -156.0000000000
213 -155.0000000000
242 -154.0000000000
254 -153.0000000000
264 -152.0000000000
278 -149.0000000000
313 -148.0000000000
315 -147.0000000000
325 -146.0000000000
329 -144.0000000000
353 -142.0000000000
372 -141.0000000000
383 -140.0000000000
410 -139.0000000000
413 -138.0000000000
444 -137.0000000000
451 -136.0000000000
468 -134.0000000000
488 -133.0000000000
511 -132.0000000000
514 -131.0000000000
529 -130.0000000000
539 -128.0000000000
576 -127.0000000000
591 -126.0000000000
593 -125.0000000000
606 -124.0000000000
610 -123.0000000000
613 -122.0000000000
624 -121.0000000000
627 -120.0000000000
642 -119.0000000000
648 -117.0000000000
673 -116.0000000000
694 -115.0000000000
720 -114.0000000000
757 -113.0000000000
760 -112.0000000000
769 -111.0000000000
801 -110.0000000000
810 -109.0000000000
829 -108.0000000000
832 -107.0000000000
848 -106.0000000000
851 -105.0000000000
874 -104.0000000000
888 -103.0000000000
903 -101.0000000000
913 -100.0000000000
916 -99.0000000000
940 -98.0000000000
949 -97.0000000000
979 -95.0000000000
1001 -94.0000000000
1025 -93.0000000000
1038 -92.0000000000
1048 -89.0000000000
1067 -88.0000000000
1099 -87.0000000000
1111 -85.0000000000
1143 -84.0000000000
1167 -83.0000000000
1176 -80.0000000000
1202 -79.0000000000
1233 -78.0000000000
1308 -77.0000000000
1343 -76.0000000000
1348 -75.0000000000
1387 -74.0000000000
1394 -73.0000000000
1428 -72.0000000000
1457 -71.0000000000
1488 -70.0000000000
1511 -69.0000000000
1571 -68.0000000000
1577 -67.0000000000
1584 -66.0000000000
1619 -65.0000000000
1639 -64.0000000000
1652 -63.0000000000
1653 -62.0000000000
1671 -61.0000000000
1703 -60.0000000000
1709 -59.0000000000
1724 -58.0000000000
1740 -57.0000000000
1747 -56.0000000000
1766 -55.0000000000
1767 -54.0000000000
1787 -53.0000000000
1822 -52.0000000000
1869 -51.0000000000
1905 -50.0000000000
1923 -49.0000000000
1968 -48.0000000000
2013 -47.0000000000
2049 -46.0000000000
2068 -45.0000000000
2082 -44.0000000000
2104 -43.0000000000
2124 -42.0000000000
2160 -40.0000000000
2207 -39.0000000000
2271 -38.0000000000
2282 -37.0000000000
2299 -36.0000000000
2315 -35.0000000000
2341 -34.0000000000
2356 -33.0000000000
2393 -32.0000000000
2417 -30.0000000000
2470 -28.0000000000
2523 -27.0000000000
2560 -26.0000000000
2632 -25.0000000000
2666 -24.0000000000
2693 -23.0000000000
2713 -22.0000000000
2744 -20.0000000000
2782 -19.0000000000
2816 -18.0000000000
2892 -17.0000000000
2940 -16.0000000000
2948 -15.0000000000
2997 -14.0000000000
3035 -13.0000000000
3168 -12.0000000000
3195 -11.0000000000
3274 -10.0000000000
3356 -9.0000000000
3454 -8.0000000000
3543 -7.0000000000
3631 -6.0000000000
3720 -5.0000000000
3945 -4.0000000000
4076 -3.0000000000
4256 -2.0000000000
4582 -1.0000000000
4689 378.0000000000
4702 379.0000000000
4763 385.0000000000
8787 386.0000000000
9800 389.0000000000
10010 -1.0000000000
evaluations raw_y
1 -222.0000000000
2 -210.0000000000
3 -205.0000000000
5 -203.0000000000
8 -198.0000000000
17 -195.0000000000
28 -194.0000000000
33 -193.0000000000
35 -188.0000000000
41 -187.0000000000
42 -183.0000000000
51 -179.0000000000
68 -174.0000000000
97 -172.0000000000
100 -171.0000000000
120 -170.0000000000
143 -169.0000000000
145 -168.0000000000
172 -167.0000000000
187 -166.0000000000
200 -164.0000000000
215 -163.0000000000
235 -162.0000000000
242 -160.0000000000
249 -159.0000000000
257 -158.0000000000
262 -157.0000000000
273 -156.0000000000
280 -155.0000000000
304 -153.0000000000
322 -152.0000000000
338 -151.0000000000
348 -150.0000000000
351 -149.0000000000
362 -148.0000000000
377 -147.0000000000
383 -146.0000000000
392 -145.0000000000
395 -144.0000000000
406 -143.0000000000
410 -142.0000000000
421 -141.0000000000
446 -140.0000000000
461 -139.0000000000
470 -137.0000000000
483 -136.0000000000
494 -135.0000000000
505 -134.0000000000
538 -133.0000000000
560 -132.0000000000
606 -131.0000000000
611 -130.0000000000
629 -127.0000000000
657 -125.0000000000
680 -124.0000000000
709 -123.0000000000
720 -122.0000000000
725 -121.0000000000
749 -120.0000000000
765 -119.0000000000
782 -118.0000000000
805 -116.0000000000
834 -115.0000000000
841 -114.0000000000
869 -113.0000000000
899 -111.0000000000
931 -110.0000000000
947 -109.0000000000
950 -107.0000000000
975 -106.0000000000
983 -105.0000000000
994 -104.0000000000
1009 -103.0000000000
1016 -102.0000000000
1036 -101.0000000000
1042 -100.0000000000
1059 -99.0000000000
1080 -97.0000000000
1138 -96.0000000000
1212 -95.0000000000
1247 -94.0000000000
1264 -93.0000000000
1287 -92.0000000000
1301 -91.0000000000
1331 -90.0000000000
1351 -89.0000000000
1377 -88.0000000000
1395 -87.0000000000
1435 -86.0000000000
1439 -85.0000000000
1447 -84.0000000000
1480 -83.0000000000
1511 -82.0000000000
1514 -81.0000000000
1540 -80.0000000000
1564 -79.0000000000
1586 -78.0000000000
1606 -77.0000000000
1617 -76.0000000000
1644 -74.0000000000
1651 -73.0000000000
1686 -72.0000000000
1720 -71.0000000000
1742 -70.0000000000
1762 -69.0000000000
1786 -68.0000000000
1797 -67.0000000000
1819 -66.0000000000
1880 -65.0000000000
1894 -64.0000000000
1904 -63.0000000000
1917 -62.0000000000
1934 -61.0000000000
1942 -59.0000000000
1960 -58.0000000000
1978 -57.0000000000
2010 -56.0000000000
2032 -55.0000000000
2057 -54.0000000000
2063 -53.0000000000
2074 -52.0000000000
2106 -51.0000000000
2137 -50.0000000000
2173 -49.0000000000
2229 -48.0000000000
2243 -47.0000000000
2327 -46.0000000000
2378 -45.0000000000
2424 -44.0000000000
2433 -43.0000000000
2475 -42.0000000000
2496 -41.0000000000
2532 -40.0000000000
2559 -39.0000000000
2616 -38.0000000000
2648 -37.0000000000
2684 -36.0000000000
2752 -35.0000000000
2778 -34.0000000000
2805 -33.0000000000
2866 -32.0000000000
2939 -31.0000000000
2942 -30.0000000000
2982 -29.0000000000
2995 -28.0000000000
3035 -27.0000000000
3085 -26.0000000000
3124 -25.0000000000
3175 -24.0000000000
3206 -23.0000000000
3229 -22.0000000000
3261 -21.0000000000
3291 -20.0000000000
3316 -19.0000000000
3362 -17.0000000000
3549 -16.0000000000
3567 -15.0000000000
3606 -14.0000000000
3670 -13.0000000000
3722 -12.0000000000
3869 -11.0000000000
3969 -10.0000000000
4010 -9.0000000000
4058 -8.0000000000
4071 -7.0000000000
4174 -6.0000000000
4256 -5.0000000000
4265 -4.0000000000
4723 -3.0000000000
4793 -2.0000000000
4922 -1.0000000000
4970 383.0000000000
6103 398.0000000000
6510 399.0000000000
7479 401.0000000000
7522 407.0000000000
8675 410.0000000000
8735 414.0000000000
10010 -1.0000000000
evaluations raw_y
1 -208.0000000000
5 -206.0000000000
19 -205.0000000000
23 -202.0000000000
24 -199.0000000000
29 -197.0000000000
34 -195.0000000000
36 -189.0000000000
48 -185.0000000000
50 -184.0000000000
66 -181.0000000000
67 -179.0000000000
68 -176.0000000000
93 -174.0000000000
96 -173.0000000000
102 -172.0000000000
104 -171.0000000000
108 -170.0000000000
136 -168.0000000000
137 -165.0000000000
166 -164.0000000000
177 -163.0000000000
181 -162.0000000000
190 -161.0000000000
213 -159.0000000000
218 -157.0000000000
244 -156.0000000000
258 -155.0000000000
280 -154.0000000000
288 -152.0000000000
304 -151.0000000000
312 -150.0000000000
333 -148.0000000000
370 -147.0000000000
375 -146.0000000000
392 -145.0000000000
394 -144.0000000000
398 -143.0000000000
420 -142.0000000000
421 -141.0000000000
439 -140.0000000000
457 -138.0000000000
485 -137.0000000000
501 -135.0000000000
522 -134.0000000000
525 -132.0000000000
540 -131.0000000000
541 -130.0000000000
550 -129.0000000000
561 -127.0000000000
584 -126.0000000000
592 -125.0000000000
594 -124.0000000000
602 -123.0000000000
632 -121.0000000000
660 -120.0000000000
684 -119.0000000000
701 -118.0000000000
708 -117.0000000000
718 -115.0000000000
759 -114.0000000000
770 -112.0000000000
803 -111.0000000000
804 -110.0000000000
811 -108.0000000000
856 -107.0000000000
880 -106.0000000000
911 -105.0000000000
928 -104.0000000000
937 -102.0000000000
965 -101.0000000000
967 -99.0000000000
997 -98.0000000000
1021 -97.0000000000
1052 -96.0000000000
1054 -95.0000000000
1073 -94.0000000000
1122 -93.0000000000
1143 -92.0000000000
1165 -91.0000000000
1172 -90.0000000000
1189 -88.0000000000
1213 -87.0000000000
1229 -85.0000000000
1249 -84.0000000000
1294 -83.0000000000
1322 -82.0000000000
1363 -81.0000000000
1393 -80.0000000000
1409 -79.0000000000
1424 -78.0000000000
1434 -77.0000000000
1446 -76.0000000000
1472 -75.0000000000
1477 -74.0000000000
1507 -73.0000000000
1526 -72.0000000000
1542 -71.0000000000
1565 -70.0000000000
1581 -69.0000000000
1614 -68.0000000000
1633 -67.0000000000
1683 -65.0000000000
1709 -64.0000000000
1744 -63.0000000000
1776 -62.0000000000
1800 -61.0000000000
1819 -60.0000000000
1859 -58.0000000000
1896 -57.0000000000
1931 -56.0000000000
1954 -55.0000000000
1980 -54.0000000000
2003 -53.0000000000
2021 -52.0000000000
2098 -51.0000000000
2146 -50.0000000000
2186 -49.0000000000
2226 -48.0000000000
2249 -47.0000000000
2282 -46.0000000000
2290 -45.0000000000
2307 -44.0000000000
2326 -43.0000000000
2349 -42.0000000000
2369 -41.0000000000
2390 -40.0000000000
2423 -38.0000000000
2445 -37.0000000000
2493 -36.0000000000
2528 -35.0000000000
2531 -34.0000000000
2556 -33.0000000000
2577 -32.0000000000
2614 -31.0000000000
2663 -30.0000000000
2689 -29.0000000000
2720 -28.0000000000
2744 -27.0000000000
2818 -26.0000000000
2888 -25.0000000000
2969 -24.0000000000
2991 -23.0000000000
2995 -22.0000000000
3024 -21.0000000000
3087 -20.0000000000
3154 -19.0000000000
3160 -18.0000000000
3233 -17.0000000000
3246 -16.0000000000
3307 -15.0000000000
3338 -14.0000000000
3466 -13.0000000000
3499 -12.0000000000
3534 -11.0000000000
3609 -10.0000000000
3727 -9.0000000000
3863 -8.0000000000
3969 -7.0000000000
4301 -6.0000000000
4445 -5.0000000000
4473 -4.0000000000
4508 -3.0000000000
4891 -2.0000000000
5286 -1.0000000000
5333 384.0000000000
5358 385.0000000000
6269 394.0000000000
6314 397.0000000000
6388 399.0000000000
8101 401.0000000000
8180 405.0000000000
8540 407.0000000000
9390 411.0000000000
10010 411.0000000000
evaluations raw_y
1 -202.0000000000
6 -201.0000000000
7 -199.0000000000
11 -197.0000000000
22 -187.0000000000
35 -186.0000000000
38 -178.0000000000
41 -175.0000000000
43 -171.0000000000
75 -170.0000000000
95 -168.0000000000
96 -165.0000000000
129 -163.0000000000
136 -162.0000000000
138 -161.0000000000
155 -160.0000000000
158 -159.0000000000
174 -157.0000000000
183 -154.0000000000
221 -150.0000000000
247 -149.0000000000
252 -148.0000000000
274 -146.0000000000
289 -145.0000000000
293 -143.0000000000
310 -142.0000000000
333 -141.0000000000
345 -140.0000000000
360 -139.0000000000
376 -138.0000000000
394 -137.0000000000
399 -136.0000000000
412 -135.0000000000
428 -134.0000000000
452 -133.0000000000
457 -132.0000000000
479 -130.0000000000
503 -129.0000000000
510 -128.0000000000
528 -127.0000000000
532 -126.0000000000
548 -124.0000000000
572 -123.0000000000
579 -122.0000000000
594 -121.0000000000
600 -120.0000000000
622 -119.0000000000
642 -118.0000000000
671 -116.0000000000
699 -115.0000000000
705 -114.0000000000
729 -113.0000000000
752 -112.0000000000
757 -110.0000000000
783 -109.0000000000
789 -108.0000000000
822 -107.0000000000
842 -106.0000000000
850 -105.0000000000
890 -104.0000000000
911 -103.0000000000
929 -102.0000000000
936 -101.0000000000
943 -100.0000000000
962 -98.0000000000
1002 -96.0000000000
1003 -95.0000000000
1028 -93.0000000000
1031 -92.0000000000
1047 -91.0000000000
1067 -90.0000000000
1098 -89.0000000000
1116 -88.0000000000
1138 -86.0000000000
1179 -85.0000000000
1231 -84.0000000000
1235 -82.0000000000
1272 -81.0000000000
1275 -80.0000000000
1286 -79.0000000000
1293 -78.0000000000
1305 -77.0000000000
1331 -76.0000000000
1338 -75.0000000000
1346 -74.0000000000
1406 -73.0000000000
1415 -71.0000000000
1451 -70.0000000000
1472 -69.0000000000
1482 -68.0000000000
1505 -67.0000000000
1512 -66.0000000000
1577 -65.0000000000
1594 -64.0000000000
1623 -63.0000000000
1628 -62.0000000000
1636 -61.0000000000
1665 -59.0000000000
1692 -58.0000000000
1695 -57.0000000000
1700 -56.0000000000
1745 -55.0000000000
1760 -54.0000000000
1805 -53.0000000000
1840 -52.0000000000
1860 -51.0000000000
1873 -50.0000000000
1888 -49.0000000000
1895 -48.0000000000
1915 -47.0000000000
1949 -46.0000000000
2024 -45.0000000000
2068 -44.0000000000
2082 -43.0000000000
2134 -42.0000000000
2162 -41.0000000000
2178 -40.0000000000
2232 -39.0000000000
2253 -38.0000000000
2275 -37.0000000000
2304 -36.0000000000
2324 -35.0000000000
2338 -34.0000000000
2370 -33.0000000000
2395 -32.0000000000
2422 -31.0000000000
2431 -30.0000000000
2519 -29.0000000000
2531 -28.0000000000
2563 -27.0000000000
2602 -25.0000000000
2643 -24.0000000000
2712 -23.0000000000
2730 -22.0000000000
2769 -21.0000000000
2825 -20.0000000000
2888 -19.0000000000
2944 -18.0000000000
2963 -17.0000000000
2996 -16.0000000000
3156 -15.0000000000
3211 -14.0000000000
3302 -13.0000000000
3339 -12.0000000000
3353 -11.0000000000
3399 -10.0000000000
3468 -9.0000000000
3499 -8.0000000000
3504 -7.0000000000
3529 -6.0000000000
3568 -5.0000000000
3595 -4.0000000000
3622 -3.0000000000
3645 -2.0000000000
3708 -1.0000000000
3979 390.0000000000
5289 396.0000000000
5339 399.0000000000
5612 413.0000000000
6353 415.0000000000
10010 415.0000000000
evaluations raw_y
1 -220.0000000000
2 -216.0000000000
4 -204.0000000000
6 -192.0000000000
32 -190.0000000000
33 -184.0000000000
44 -181.0000000000
55 -179.0000000000
56 -174.0000000000
70 -173.0000000000
79 -170.0000000000
85 -167.0000000000
90 -164.0000000000
117 -163.0000000000
122 -161.0000000000
132 -159.0000000000
160 -158.0000000000
179 -157.0000000000
190 -156.0000000000
192 -155.0000000000
200 -154.0000000000
205 -152.0000000000
226 -151.0000000000
239 -150.0000000000
250 -149.0000000000
267 -147.0000000000
280 -144.0000000000
306 -143.0000000000
307 -142.0000000000
316 -140.0000000000
328 -139.0000000000
337 -137.0000000000
353 -135.0000000000
384 -134.0000000000
395 -132.0000000000
401 -131.0000000000
407 -128.0000000000
436 -127.0000000000
463 -126.0000000000
481 -125.0000000000
512 -124.0000000000
515 -122.0000000000
528 -121.0000000000
535 -120.0000000000
562 -118.0000000000
563 -116.0000000000
584 -115.0000000000
606 -114.0000000000
615 -113.0000000000
656 -112.0000000000
675 -111.0000000000
690 -110.0000000000
693 -109.0000000000
708 -108.0000000000
721 -107.0000000000
747 -106.0000000000
760 -105.0000000000
768 -104.0000000000
779 -103.0000000000
795 -102.0000000000
802 -101.0000000000
835 -99.0000000000
862 -98.0000000000
883 -96.0000000000
914 -95.0000000000
940 -94.0000000000
949 -93.0000000000
971 -92.0000000000
1007 -91.0000000000
1009 -90.0000000000
1027 -88.0000000000
1044 -86.0000000000
1057 -85.0000000000
1066 -84.0000000000
1070 -83.0000000000
1085 -81.0000000000
1095 -80.0000000000
1125 -79.0000000000
1164 -78.0000000000
1182 -77.0000000000
1234 -76.0000000000
1264 -75.0000000000
1278 -74.0000000000
1295 -73.0000000000
1316 -72.0000000000
1330 -71.0000000000
1344 -70.0000000000
1345 -69.0000000000
1374 -67.0000000000
1396 -66.0000000000
1412 -65.0000000000
1444 -64.0000000000
1473 -63.0000000000
1487 -62.0000000000
1522 -61.0000000000
1577 -60.0000000000
1581 -59.0000000000
1611 -58.0000000000
1639 -57.0000000000
1668 -56.0000000000
1676 -55.0000000000
1689 -54.0000000000
1720 -53.0000000000
1727 -52.0000000000
1772 -51.0000000000
1795 -50.0000000000
1812 -49.0000000000
1817 -48.0000000000
1818 -47.0000000000
1834 -45.0000000000
1879 -44.0000000000
1893 -43.0000000000
1903 -42.0000000000
1964 -41.0000000000
1988 -40.0000000000
2012 -39.0000000000
2039 -37.0000000000
2069 -36.0000000000
2091 -35.0000000000
2180 -34.0000000000
2268 -33.0000000000
2281 -32.0000000000
2311 -31.0000000000
2324 -30.0000000000
2374 -29.0000000000
2436 -28.0000000000
2473 -27.0000000000
2484 -26.0000000000
2535 -25.0000000000
2546 -24.0000000000
2569 -23.0000000000
2621 -22.0000000000
2656 -21.0000000000
2684 -20.0000000000
2705 -18.0000000000
2757 -17.0000000000
2816 -16.0000000000
2839 -15.0000000000
2869 -14.0000000000
2910 -13.0000000000
2924 -12.0000000000
3068 -11.0000000000
3092 -10.0000000000
3147 -9.0000000000
3326 -8.0000000000
3359 -7.0000000000
3435 -6.0000000000
3620 -5.0000000000
3677 -4.0000000000
3722 -3.0000000000
3750 -2.0000000000
3899 -1.0000000000
3937 394.0000000000
4196 395.0000000000
4197 396.0000000000
4281 398.0000000000
4794 399.0000000000
4823 402.0000000000
5445 412.0000000000
5969 417.0000000000
7922 419.0000000000
8545 421.0000000000
8594 423.0000000000
8612 424.0000000000
10010 424.0000000000
evaluations raw_y
1 -204.0000000000
6 -200.0000000000
12 -195.0000000000
25 -193.0000000000
35 -186.0000000000
47 -184.0000000000
56 -183.0000000000
63 -182.0000000000
65 -180.0000000000
67 -176.0000000000
68 -171.0000000000
86 -170.0000000000
105 -169.0000000000
109 -168.0000000000
118 -166.0000000000
136 -163.0000000000
146 -162.0000000000
152 -161.0000000000
154 -158.0000000000
171 -157.0000000000
174 -156.0000000000
189 -155.0000000000
203 -154.0000000000
209 -153.0000000000
227 -152.0000000000
231 -151.0000000000
239 -150.0000000000
249 -149.0000000000
275 -148.0000000000
282 -147.0000000000
289 -146.0000000000
297 -145.0000000000
311 -144.0000000000
326 -143.0000000000
336 -142.0000000000
345 -141.0000000000
353 -140.0000000000
358 -139.0000000000
379 -138.0000000000
394 -136.0000000000
415 -134.0000000000
451 -133.0000000000
453 -131.0000000000
466 -130.0000000000
493 -129.0000000000
514 -128.0000000000
518 -127.0000000000
532 -125.0000000000
574 -123.0000000000
578 -121.0000000000
584 -120.0000000000
589 -119.0000000000
629 -118.0000000000
656 -117.0000000000
671 -116.0000000000
674 -115.0000000000
677 -114.0000000000
710 -112.0000000000
721 -110.0000000000
736 -109.0000000000
754 -108.0000000000
763 -107.0000000000
779 -106.0000000000
803 -104.0000000000
828 -103.0000000000
842 -102.0000000000
844 -99.0000000000
852 -98.0000000000
866 -97.0000000000
872 -96.0000000000
906 -95.0000000000
935 -94.0000000000
944 -93.0000000000
955 -92.0000000000
968 -91.0000000000
976 -90.0000000000
1009 -89.0000000000
1053 -88.0000000000
1055 -87.0000000000
1088 -85.0000000000
1111 -84.0000000000
1113 -83.0000000000
1134 -82.0000000000
1140 -81.0000000000
1158 -80.0000000000
1170 -79.0000000000
1186 -78.0000000000
1198 -77.0000000000
1228 -76.0000000000
1237 -75.0000000000
1280 -74.0000000000
1297 -73.0000000000
1374 -72.0000000000
1393 -71.0000000000
1425 -70.0000000000
1445 -68.0000000000
1449 -67.0000000000
1470 -66.0000000000
1493 -65.0000000000
1514 -64.0000000000
1528 -63.0000000000
1549 -61.0000000000
1585 -60.0000000000
1668 -59.0000000000
1678 -58.0000000000
1692 -57.0000000000
1715 -56.0000000000
1732 -55.0000000000
1750 -54.0000000000
1789 -53.0000000000
1798 -52.0000000000
1799 -51.0000000000
1808 -50.0000000000
1833 -49.0000000000
1840 -48.0000000000
1866 -47.0000000000
1920 -46.0000000000
1940 -45.0000000000
1941 -44.0000000000
1974 -43.0000000000
1980 -42.0000000000
2023 -41.0000000000
2060 -40.0000000000
2069 -39.0000000000
2092 -38.0000000000
2138 -37.0000000000
2182 -36.0000000000
2215 -35.0000000000
2242 -34.0000000000
2265 -33.0000000000
2302 -32.0000000000
2325 -31.0000000000
2411 -30.0000000000
2558 -29.0000000000
2581 -28.0000000000
2616 -27.0000000000
2617 -26.0000000000
2654 -25.0000000000
2670 -24.0000000000
2700 -23.0000000000
2701 -22.0000000000
2726 -21.0000000000
2777 -20.0000000000
2808 -19.0000000000
2845 -18.0000000000
2871 -17.0000000000
2940 -16.0000000000
2956 -15.0000000000
2968 -14.0000000000
3021 -13.0000000000
3049 -12.0000000000
3075 -11.0000000000
3138 -10.0000000000
3159 -9.0000000000
3173 -8.0000000000
3245 -6.0000000000
3270 -5.0000000000
3307 -4.0000000000
3313 -3.0000000000
3485 -2.0000000000
3524 -1.0000000000
3910 379.0000000000
4763 390.0000000000
5966 395.0000000000
6040 398.0000000000
6088 401.0000000000
6172 403.0000000000
7037 404.0000000000
7065 406.0000000000
9892 407.0000000000
9901 411.0000000000
9942 412.0000000000
10010 -1.0000000000
evaluations raw_y
1 -221.0000000000
2 -207.0000000000
7 -192.0000000000
38 -187.0000000000
64 -183.0000000000
72 -181.0000000000
73 -179.0000000000
94 -177.0000000000
96 -175.0000000000
110 -174.0000000000
116 -172.0000000000
138 -170.0000000000
154 -169.0000000000
159 -168.0000000000
163 -166.0000000000
176 -165.0000000000
179 -164.0000000000
186 -163.0000000000
195 -161.0000000000
218 -160.0000000000
235 -158.0000000000
259 -157.0000000000
275 -156.0000000000
276 -155.0000000000
300 -154.0000000000
304 -153.0000000000
330 -152.0000000000
334 -151.0000000000
348 -149.0000000000
382 -148.0000000000
392 -147.0000000000
427 -146.0000000000
434 -145.0000000000
450 -144.0000000000
460 -143.0000000000
476 -142.0000000000
488 -141.0000000000
517 -140.0000000000
521 -139.0000000000
540 -138.0000000000
550 -136.0000000000
568 -135.0000000000
575 -134.0000000000
579 -132.0000000000
596 -131.0000000000
604 -130.0000000000
610 -129.0000000000
617 -128.0000000000
627 -127.0000000000
630 -126.0000000000
631 -125.0000000000
651 -124.0000000000
693 -123.0000000000
696 -122.0000000000
746 -120.0000000000
780 -119.0000000000
799 -118.0000000000
804 -117.0000000000
809 -116.0000000000
826 -115.0000000000
836 -114.0000000000
861 -113.0000000000
868 -112.0000000000
885 -111.0000000000
908 -109.0000000000
923 -108.0000000000
951 -107.0000000000
957 -106.0000000000
982 -105.0000000000
988 -104.0000000000
1008 -103.0000000000
1025 -102.0000000000
1052 -101.0000000000
1081 -100.0000000000
1093 -99.0000000000
1117 -98.0000000000
1142 -97.0000000000
1159 -96.0000000000
1181 -95.0000000000
1196 -94.0000000000
1199 -93.0000000000
1245 -92.0000000000
1256 -91.0000000000
1272 -89.0000000000
1284 -88.0000000000
1309 -87.0000000000
1319 -86.0000000000
1325 -85.0000000000
1339 -84.0000000000
1358 -83.0000000000
1387 -82.0000000000
1406 -81.0000000000
1421 -80.0000000000
1424 -79.0000000000
1447 -78.0000000000
1470 -77.0000000000
1478 -76.0000000000
1515 -75.0000000000
1542 -74.0000000000
1578 -73.0000000000
1585 -72.0000000000
1599 -71.0000000000
1637 -70.0000000000
1701 -69.0000000000
1713 -68.0000000000
1749 -67.0000000000
1760 -66.0000000000
1794 -65.0000000000
1828 -64.0000000000
1844 -63.0000000000
1856 -62.0000000000
1868 -61.0000000000
1924 -60.0000000000
1931 -59.0000000000
1953 -57.0000000000
1991 -55.0000000000
2031 -54.0000000000
2037 -53.0000000000
2107 -52.0000000000
2146 -51.0000000000
2171 -50.0000000000
2198 -49.0000000000
2206 -48.0000000000
2221 -47.0000000000
2252 -46.0000000000
2281 -45.0000000000
2302 -44.0000000000
2338 -43.0000000000
2350 -42.0000000000
2366 -41.0000000000
2421 -40.0000000000
2454 -39.0000000000
2492 -38.0000000000
2523 -37.0000000000
2543 -36.0000000000
2594 -35.0000000000
2627 -34.0000000000
2651 -33.0000000000
2694 -32.0000000000
2710 -31.0000000000
2736 -30.0000000000
2837 -29.0000000000
2890 -28.0000000000
2902 -27.0000000000
2906 -26.0000000000
2915 -25.0000000000
2948 -24.0000000000
2973 -23.0000000000
2987 -22.0000000000
3020 -21.0000000000
3069 -19.0000000000
3126 -18.0000000000
3151 -17.0000000000
3160 -16.0000000000
3185 -15.0000000000
3192 -14.0000000000
3261 -13.0000000000
3518 -12.0000000000
3544 -11.0000000000
3647 -10.0000000000
3648 -9.0000000000
3762 -8.0000000000
3787 -7.0000000000
4007 -6.0000000000
4119 -5.0000000000
4322 -4.0000000000
4359 -3.0000000000
4391 -2.0000000000
4468 -1.0000000000
4603 375.0000000000
4641 382.0000000000
4642 384.0000000000
4701 400.0000000000
5205 406.0000000000
6123 407.0000000000
6462 408.0000000000
7165 412.0000000000
7174 418.0000000000
8275 428.0000000000
10010 428.0000000000
evaluations raw_y
1 -224.0000000000
2 -199.0000000000
10 -198.0000000000
17 -196.0000000000
30 -192.0000000000
36 -184.0000000000
39 -182.0000000000
52 -181.0000000000
54 -178.0000000000
60 -177.0000000000
62 -175.0000000000
64 -174.0000000000
68 -167.0000000000
92 -166.0000000000
99 -165.0000000000
104 -163.0000000000
106 -161.0000000000
127 -160.0000000000
141 -156.0000000000
165 -154.0000000000
170 -152.0000000000
192 -151.0000000000
207 -150.0000000000
231 -148.0000000000
239 -147.0000000000
249 -146.0000000000
259 -145.0000000000
262 -142.0000000000
292 -141.0000000000
298 -139.0000000000
325 -138.0000000000
326 -137.0000000000
346 -136.0000000000
355 -135.0000000000
378 -134.0000000000
408 -133.0000000000
412 -132.0000000000
438 -131.0000000000
449 -130.0000000000
462 -129.0000000000
466 -128.0000000000
486 -127.0000000000
494 -126.0000000000
506 -125.0000000000
507 -124.0000000000
528 -123.0000000000
542 -121.0000000000
584 -119.0000000000
596 -116.0000000000
616 -114.0000000000
651 -113.0000000000
655 -112.0000000000
673 -111.0000000000
674 -110.0000000000
704 -109.0000000000
713 -107.0000000000
722 -106.0000000000
757 -105.0000000000
766 -104.0000000000
802 -103.0000000000
839 -102.0000000000
847 -101.0000000000
858 -100.0000000000
871 -99.0000000000
881 -98.0000000000
891 -97.0000000000
922 -95.0000000000
940 -94.0000000000
978 -93.0000000000
987 -92.0000000000
1001 -91.0000000000
1009 -90.0000000000
1023 -88.0000000000
1067 -87.0000000000
1120 -86.0000000000
1130 -85.0000000000
1137 -84.0000000000
1159 -83.0000000000
1172 -82.0000000000
1202 -81.0000000000
1219 -80.0000000000
1223 -79.0000000000
1241 -78.0000000000
1251 -77.0000000000
1282 -76.0000000000
1297 -75.0000000000
1314 -74.0000000000
1319 -73.0000000000
1339 -72.0000000000
1445 -71.0000000000
1463 -70.0000000000
1484 -69.0000000000
1486 -68.0000000000
1513 -67.0000000000
1537 -66.0000000000
1540 -65.0000000000
1556 -64.0000000000
1589 -63.0000000000
1598 -62.0000000000
1634 -61.0000000000
1690 -60.0000000000
1707 -59.0000000000
1711 -58.0000000000
1734 -57.0000000000
1755 -56.0000000000
1797 -55.0000000000
1801 -54.0000000000
1806 -53.0000000000
1815 -52.0000000000
1826 -51.0000000000
1853 -50.0000000000
1889 -49.0000000000
1921 -48.0000000000
1930 -47.0000000000
1949 -46.0000000000
1995 -45.0000000000
2015 -44.0000000000
2047 -43.0000000000
2051 -42.0000000000
2074 -41.0000000000
2107 -40.0000000000
2133 -39.0000000000
2148 -38.0000000000
2188 -37.0000000000
2197 -36.0000000000
2209 -35.0000000000
2254 -34.0000000000
2288 -33.0000000000
2293 -32.0000000000
2390 -31.0000000000
2525 -30.0000000000
2544 -29.0000000000
2569 -28.0000000000
2641 -27.0000000000
2715 -26.0000000000
2732 -25.0000000000
2756 -24.0000000000
2840 -23.0000000000
2875 -22.0000000000
2889 -21.0000000000
2933 -20.0000000000
2941 -19.0000000000
2982 -18.0000000000
3064 -17.0000000000
3099 -16.0000000000
3154 -15.0000000000
3184 -14.0000000000
3307 -13.0000000000
3359 -12.0000000000
3421 -11.0000000000
3435 -10.0000000000
3473 -9.0000000000
3488 -8.0000000000
3546 -7.0000000000
3607 -6.0000000000
3711 -5.0000000000
3989 -4.0000000000
4018 -3.0000000000
4086 -2.0000000000
4234 -1.0000000000
4458 374.0000000000
4788 381.0000000000
5918 383.0000000000
5942 384.0000000000
5950 385.0000000000
5958 392.0000000000
6031 397.0000000000
6052 402.0000000000
6539 405.0000000000
7731 409.0000000000
10010 409.0000000000
evaluations raw_y
1 -217.0000000000
2 -203.0000000000
21 -200.0000000000
24 -194.0000000000
36 -191.0000000000
45 -188.0000000000
50 -187.0000000000
63 -186.0000000000
64 -184.0000000000
75 -183.0000000000
78 -182.0000000000
81 -174.0000000000
98 -173.0000000000
112 -171.0000000000
122 -169.0000000000
136 -167.0000000000
141 -166.0000000000
151 -165.0000000000
155 -163.0000000000
168 -162.0000000000
176 -160.0000000000
184 -159.0000000000
186 -157.0000000000
196 -156.0000000000
218 -155.0000000000
226 -154.0000000000
242 -153.0000000000
255 -152.0000000000
271 -151.0000000000
288 -149.0000000000
326 -148.0000000000
328 -147.0000000000
340 -146.0000000000
355 -145.0000000000
361 -143.0000000000
370 -142.0000000000
379 -141.0000000000
388 -140.0000000000
401 -139.0000000000
409 -138.0000000000
420 -137.0000000000
461 -136.0000000000
462 -134.0000000000
483 -133.0000000000
502 -132.0000000000
518 -131.0000000000
533 -130.0000000000
540 -129.0000000000
565 -127.0000000000
578 -126.0000000000
607 -125.0000000000
627 -124.0000000000
650 -122.0000000000
658 -121.0000000000
681 -120.0000000000
696 -119.0000000000
717 -118.0000000000
723 -117.0000000000
734 -116.0000000000
773 -115.0000000000
785 -113.0000000000
800 -111.0000000000
824 -110.0000000000
826 -109.0000000000
847 -107.0000000000
880 -106.0000000000
894 -105.0000000000
903 -104.0000000000
914 -103.0000000000
932 -102.0000000000
954 -101.0000000000
966 -100.0000000000
983 -99.0000000000
1011 -98.0000000000
1027 -97.0000000000
1036 -96.0000000000
1048 -95.0000000000
1081 -94.0000000000
1120 -93.0000000000
1129 -92.0000000000
1163 -91.0000000000
1197 -90.0000000000
1199 -89.0000000000
1209 -88.0000000000
1230 -87.0000000000
1242 -86.0000000000
1294 -85.0000000000
1299 -84.0000000000
1317 -83.0000000000
1342 -80.0000000000
1376 -79.0000000000
1388 -77.0000000000
1423 -75.0000000000
1459 -74.0000000000
1495 -73.0000000000
1533 -72.0000000000
1577 -71.0000000000
1584 -70.0000000000
1595 -69.0000000000
1598 -68.0000000000
1617 -67.0000000000
1654 -65.0000000000
1691 -64.0000000000
1725 -63.0000000000
1748 -62.0000000000
1753 -61.0000000000
1764 -60.0000000000
1828 -59.0000000000
1834 -58.0000000000
1863 -57.0000000000
1882 -56.0000000000
1911 -55.0000000000
1930 -54.0000000000
1953 -53.0000000000
1981 -52.0000000000
1983 -51.0000000000
2001 -50.0000000000
2027 -49.0000000000
2040 -48.0000000000
2069 -47.0000000000
2091 -46.0000000000
2103 -45.0000000000
2116 -44.0000000000
2142 -43.0000000000
2194 -42.0000000000
2195 -40.0000000000
2241 -39.0000000000
2299 -38.0000000000
2369 -37.0000000000
2373 -36.0000000000
2404 -35.0000000000
2409 -34.0000000000
2437 -33.0000000000
2450 -32.0000000000
2557 -31.0000000000
2567 -30.0000000000
2626 -29.0000000000
2670 -28.0000000000
2731 -27.0000000000
2764 -26.0000000000
2795 -25.0000000000
2837 -24.0000000000
2899 -23.0000000000
2922 -22.0000000000
2962 -21.0000000000
2997 -20.0000000000
3004 -19.0000000000
3053 -18.0000000000
3066 -17.0000000000
3144 -16.0000000000
3209 -15.0000000000
3349 -14.0000000000
3387 -13.0000000000
3578 -12.0000000000
3596 -11.0000000000
3633 -10.0000000000
3650 -9.0000000000
3669 -8.0000000000
3738 -7.0000000000
3842 -6.0000000000
3936 -5.0000000000
3980 -4.0000000000
3999 -3.0000000000
4029 -2.0000000000
4269 -1.0000000000
4523 371.0000000000
4764 389.0000000000
4878 390.0000000000
5660 396.0000000000
5786 397.0000000000
5799 400.0000000000
5809 401.0000000000
5814 402.0000000000
7758 407.0000000000
10010 407.0000000000
evaluations raw_y
1 -202.0000000000
16 -197.0000000000
27 -196.0000000000
32 -195.0000000000
34 -192.0000000000
46 -184.0000000000
55 -177.0000000000
80 -176.0000000000
81 -175.0000000000
83 -173.0000000000
87 -172.0000000000
92 -170.0000000000
100 -168.0000000000
105 -166.0000000000
139 -165.0000000000
145 -164.0000000000
153 -163.0000000000
189 -162.0000000000
190 -161.0000000000
192 -159.0000000000
199 -158.0000000000
200 -157.0000000000
217 -156.0000000000
228 -155.0000000000
247 -153.0000000000
276 -151.0000000000
296 -150.0000000000
317 -149.0000000000
330 -147.0000000000
342 -146.0000000000
356 -145.0000000000
364 -143.0000000000
406 -142.0000000000
411 -140.0000000000
423 -139.0000000000
447 -138.0000000000
460 -137.0000000000
470 -135.0000000000
493 -134.0000000000
498 -133.0000000000
524 -132.0000000000
529 -131.0000000000
532 -130.0000000000
548 -129.0000000000
553 -128.0000000000
563 -127.0000000000
587 -125.0000000000
632 -124.0000000000
637 -123.0000000000
656 -122.0000000000
669 -121.0000000000
695 -120.0000000000
701 -119.0000000000
716 -118.0000000000
725 -117.0000000000
747 -116.0000000000
753 -115.0000000000
772 -114.0000000000
796 -112.0000000000
830 -110.0000000000
845 -109.0000000000
869 -108.0000000000
885 -107.0000000000
900 -106.0000000000
913 -105.0000000000
939 -102.0000000000
983 -101.0000000000
990 -100.0000000000
1004 -99.0000000000
1030 -98.0000000000
1058 -97.0000000000
1077 -96.0000000000
1098 -95.0000000000
1110 -93.0000000000
1161 -92.0000000000
1174 -91.0000000000
1185 -90.0000000000
1191 -89.0000000000
1192 -88.0000000000
1223 -87.0000000000
1238 -86.0000000000
1251 -85.0000000000
1272 -84.0000000000
1289 -83.0000000000
1311 -82.0000000000
1326 -80.0000000000
1337 -79.0000000000
1352 -78.0000000000
1368 -77.0000000000
1371 -76.0000000000
1411 -75.0000000000
1428 -74.0000000000
1438 -73.0000000000
1461 -72.0000000000
1465 -71.0000000000
1522 -70.0000000000
1551 -69.0000000000
1584 -68.0000000000
1600 -67.0000000000
1607 -66.0000000000
1618 -64.0000000000
1639 -63.0000000000
1701 -62.0000000000
1732 -61.0000000000
1751 -59.0000000000
1777 -58.0000000000
1822 -57.0000000000
1833 -56.0000000000
1863 -55.0000000000
1870 -54.0000000000
1921 -53.0000000000
1950 -52.0000000000
1953 -51.0000000000
1969 -50.0000000000
2002 -49.0000000000
2011 -48.0000000000
2016 -47.0000000000
2035 -46.0000000000
2060 -45.0000000000
2096 -43.0000000000
2123 -42.0000000000
2142 -41.0000000000
2157 -40.0000000000
2169 -39.0000000000
2189 -38.0000000000
2228 -37.0000000000
2240 -36.0000000000
2247 -35.0000000000
2293 -34.0000000000
2387 -33.0000000000
2479 -31.0000000000
2562 -30.0000000000
2569 -29.0000000000
2611 -28.0000000000
2640 -27.0000000000
2692 -26.0000000000
2764 -25.0000000000
2782 -24.0000000000
2810 -23.0000000000
2838 -22.0000000000
2903 -21.0000000000
2914 -20.0000000000
2942 -19.0000000000
2965 -18.0000000000
2986 -17.0000000000
3005 -16.0000000000
3022 -15.0000000000
3052 -14.0000000000
3080 -13.0000000000
3115 -12.0000000000
3171 -11.0000000000
3308 -10.0000000000
3361 -9.0000000000
3470 -8.0000000000
3574 -7.0000000000
3604 -6.0000000000
3635 -5.0000000000
3703 -4.0000000000
3837 -3.0000000000
4235 -2.0000000000
4295 -1.0000000000
4331 372.0000000000
4563 379.0000000000
4569 387.0000000000
4675 392.0000000000
4880 398.0000000000
4991 399.0000000000
5003 401.0000000000
5646 404.0000000000
5907 410.0000000000
5912 412.0000000000
10010 -1.0000000000
evaluations raw_y
1 -221.0000000000
2 -207.0000000000
3 -204.0000000000
8 -196.0000000000
9 -193.0000000000
19 -190.0000000000
21 -179.0000000000
29 -178.0000000000
45 -174.0000000000
56 -173.0000000000
69 -170.0000000000
74 -168.0000000000
84 -167.0000000000
88 -164.0000000000
101 -163.0000000000
105 -162.0000000000
121 -160.0000000000
133 -159.0000000000
140 -158.0000000000
149 -156.0000000000
153 -155.0000000000
178 -154.0000000000
182 -153.0000000000
189 -152.0000000000
213 -151.0000000000
232 -150.0000000000
250 -149.0000000000
261 -148.0000000000
265 -146.0000000000
283 -144.0000000000
296 -143.0000000000
317 -142.0000000000
329 -141.0000000000
335 -140.0000000000
349 -139.0000000000
357 -138.0000000000
384 -137.0000000000
403 -136.0000000000
408 -135.0000000000
438 -132.0000000000
451 -131.0000000000
476 -129.0000000000
509 -128.0000000000
519 -127.0000000000
540 -125.0000000000
567 -124.0000000000
582 -123.0000000000
605 -122.0000000000
626 -121.0000000000
658 -120.0000000000
661 -119.0000000000
673 -118.0000000000
681 -117.0000000000
698 -116.0000000000
713 -115.0000000000
742 -114.0000000000
754 -112.0000000000
782 -111.0000000000
796 -110.0000000000
808 -108.0000000000
832 -107.0000000000
859 -106.0000000000
887 -104.0000000000
910 -103.0000000000
925 -102.0000000000
931 -101.0000000000
963 -100.0000000000
972 -99.0000000000
987 -98.0000000000
1010 -96.0000000000
1020 -95.0000000000
1038 -94.0000000000
1085 -93.0000000000
1111 -92.0000000000
1134 -91.0000000000
1156 -90.0000000000
1157 -89.0000000000
1176 -87.0000000000
1195 -86.0000000000
1223 -85.0000000000
1229 -84.0000000000
1250 -83.0000000000
1264 -81.0000000000
1310 -80.0000000000
1315 -79.0000000000
1334 -78.0000000000
1335 -77.0000000000
1377 -76.0000000000
1395 -75.0000000000
1416 -74.0000000000
1447 -73.0000000000
1459 -72.0000000000
1529 -71.0000000000
1551 -70.0000000000
1558 -69.0000000000
1576 -68.0000000000
1595 -67.0000000000
1619 -65.0000000000
1649 -64.0000000000
1653 -62.0000000000
1680 -60.0000000000
1691 -59.0000000000
1711 -58.0000000000
1744 -57.0000000000
1805 -56.0000000000
1822 -55.0000000000
1853 -54.0000000000
1875 -53.0000000000
1904 -52.0000000000
1913 -51.0000000000
1978 -50.0000000000
2006 -49.0000000000
2063 -48.0000000000
2072 -47.0000000000
2099 -46.0000000000
2131 -45.0000000000
2153 -43.0000000000
2171 -42.0000000000
2178 -41.0000000000
2201 -40.0000000000
2224 -39.0000000000
2250 -38.0000000000
2284 -37.0000000000
2313 -36.0000000000
2336 -35.0000000000
2348 -34.0000000000
2366 -32.0000000000
2516 -31.0000000000
2589 -30.0000000000
2590 -29.0000000000
2630 -28.0000000000
2675 -27.0000000000
2707 -26.0000000000
2749 -25.0000000000
2818 -24.0000000000
2841 -23.0000000000
2876 -22.0000000000
2989 -21.0000000000
3026 -20.0000000000
3047 -19.0000000000
3111 -18.0000000000
3160 -17.0000000000
3196 -16.0000000000
3248 -15.0000000000
3292 -14.0000000000
3406 -13.0000000000
3441 -12.0000000000
3469 -11.0000000000
3503 -10.0000000000
3525 -9.0000000000
3624 -8.0000000000
3826 -7.0000000000
3866 -6.0000000000
3904 -5.0000000000
4082 -4.0000000000
4126 -3.0000000000
4211 -2.0000000000
4351 -1.0000000000
4378 382.0000000000
4384 385.0000000000
4421 386.0000000000
4446 399.0000000000
4541 402.0000000000
4634 406.0000000000
5414 407.0000000000
6613 413.0000000000
9991 414.0000000000
10010 399.0000000000
evaluations raw_y
1 -218.0000000000
2 -208.0000000000
10 -206.0000000000
11 -203.0000000000
28 -194.0000000000
29 -187.0000000000
36 -185.0000000000
49 -182.0000000000
54 -180.0000000000
63 -169.0000000000
75 -168.0000000000
83 -165.0000000000
94 -163.0000000000
113 -162.0000000000
117 -158.0000000000
132 -156.0000000000
136 -154.0000000000
160 -153.0000000000
171 -152.0000000000
183 -151.0000000000
191 -150.0000000000
202 -149.0000000000
220 -148.0000000000
222 -147.0000000000
246 -146.0000000000
255 -145.0000000000
260 -144.0000000000
274 -143.0000000000
293 -142.0000000000
299 -141.0000000000
300 -140.0000000000
327 -139.0000000000
338 -138.0000000000
360 -136.0000000000
386 -135.0000000000
402 -134.0000000000
420 -133.0000000000
435 -132.0000000000
456 -131.0000000000
457 -129.0000000000
484 -128.0000000000
492 -127.0000000000
507 -126.0000000000
529 -125.0000000000
538 -124.0000000000
562 -123.0000000000
591 -122.0000000000
609 -121.0000000000
612 -120.0000000000
618 -119.0000000000
634 -118.0000000000
645 -117.0000000000
650 -116.0000000000
679 -115.0000000000
698 -114.0000000000
722 -113.0000000000
738 -112.0000000000
749 -111.0000000000
751 -110.0000000000
771 -109.0000000000
792 -108.0000000000
812 -107.0000000000
820 -106.0000000000
838 -105.0000000000
852 -104.0000000000
866 -102.0000000000
906 -101.0000000000
935 -100.0000000000
941 -99.0000000000
953 -98.0000000000
986 -97.0000000000
998 -96.0000000000
1005 -95.0000000000
1020 -94.0000000000
1047 -93.0000000000
1087 -92.0000000000
1103 -91.0000000000
1113 -90.0000000000
1132 -89.0000000000
1175 -88.0000000000
1188 -87.0000000000
1199 -85.0000000000
1224 -84.0000000000
1257 -83.0000000000
1263 -82.0000000000
1283 -81.0000000000
1294 -80.0000000000
1302 -78.0000000000
1337 -77.0000000000
1348 -76.0000000000
1388 -75.0000000000
1413 -74.0000000000
1420 -73.0000000000
1453 -72.0000000000
1459 -71.0000000000
1486 -70.0000000000
1514 -69.0000000000
1530 -68.0000000000
1593 -67.0000000000
1615 -66.0000000000
1625 -65.0000000000
1656 -64.0000000000
1678 -63.0000000000
1752 -62.0000000000
1777 -61.0000000000
1800 -60.0000000000
1835 -59.0000000000
1845 -58.0000000000
1860 -57.0000000000
1872 -55.0000000000
1887 -54.0000000000
1900 -53.0000000000
1922 -52.0000000000
1968 -51.0000000000
1984 -50.0000000000
2011 -49.0000000000
2057 -48.0000000000
2058 -47.0000000000
2091 -45.0000000000
2122 -44.0000000000
2138 -43.0000000000
2188 -42.0000000000
2224 -40.0000000000
2236 -39.0000000000
2259 -38.0000000000
2431 -37.0000000000
2444 -36.0000000000
2451 -35.0000000000
2489 -34.0000000000
2528 -33.0000000000
2566 -32.0000000000
2587 -31.0000000000
2629 -30.0000000000
2650 -29.0000000000
2697 -28.0000000000
2827 -27.0000000000
2852 -26.0000000000
2874 -25.0000000000
2900 -24.0000000000
2908 -23.0000000000
3013 -22.0000000000
3081 -21.0000000000
3092 -20.0000000000
3149 -19.0000000000
3226 -18.0000000000
3458 -17.0000000000
3502 -16.0000000000
3522 -15.0000000000
3551 -14.0000000000
3614 -13.0000000000
3655 -12.0000000000
3678 -11.0000000000
3722 -10.0000000000
3741 -9.0000000000
3779 -8.0000000000
3861 -7.0000000000
3983 -6.0000000000
4226 -5.0000000000
4283 -4.0000000000
4312 -3.0000000000
4335 -2.0000000000
4383 -1.0000000000
4397 382.0000000000
4416 390.0000000000
4953 391.0000000000
5454 400.0000000000
5490 408.0000000000
6117 412.0000000000
6393 416.0000000000
7145 418.0000000000
8655 420.0000000000
10010 -1.0000000000
evaluations raw_y
1 -202.0000000000
7 -198.0000000000
17 -195.0000000000
19 -190.0000000000
22 -178.0000000000
38 -176.0000000000
48 -174.0000000000
58 -173.0000000000
59 -171.0000000000
62 -167.0000000000
68 -166.0000000000
74 -164.0000000000
75 -163.0000000000
89 -161.0000000000
90 -160.0000000000
93 -158.0000000000
96 -156.0000000000
104 -154.0000000000
109 -153.0000000000
123 -152.0000000000
124 -151.0000000000
142 -149.0000000000
143 -147.0000000000
158 -145.0000000000
164 -144.0000000000
172 -142.0000000000
174 -141.0000000000
204 -140.0000000000
206 -139.0000000000
226 -138.0000000000
239 -137.0000000000
240 -136.0000000000
252 -135.0000000000
270 -134.0000000000
289 -133.0000000000
303 -132.0000000000
321 -131.0000000000
331 -130.0000000000
347 -129.0000000000
364 -128.0000000000
391 -127.0000000000
405 -126.0000000000
429 -125.0000000000
453 -124.0000000000
472 -123.0000000000
492 -122.0000000000
513 -121.0000000000
526 -120.0000000000
538 -119.0000000000
551 -118.0000000000
573 -116.0000000000
574 -115.0000000000
590 -114.0000000000
603 -113.0000000000
631 -112.0000000000
640 -111.0000000000
641 -109.0000000000
688 -106.0000000000
726 -105.0000000000
748 -104.0000000000
749 -103.0000000000
769 -102.0000000000
782 -101.0000000000
811 -100.0000000000
821 -99.0000000000
823 -98.0000000000
850 -97.0000000000
889 -95.0000000000
918 -94.0000000000
923 -93.0000000000
958 -92.0000000000
995 -91.0000000000
1003 -90.0000000000
1040 -89.0000000000
1055 -88.0000000000
1070 -87.0000000000
1080 -85.0000000000
1120 -84.0000000000
1144 -82.0000000000
1168 -81.0000000000
1191 -80.0000000000
1214 -79.0000000000
1231 -78.0000000000
1256 -76.0000000000
1268 -75.0000000000
1291 -74.0000000000
1314 -73.0000000000
1332 -72.0000000000
1346 -71.0000000000
1373 -70.0000000000
1392 -69.0000000000
1441 -68.0000000000
1455 -67.0000000000
1483 -65.0000000000
1500 -64.0000000000
1539 -63.0000000000
1556 -61.0000000000
1599 -59.0000000000
1634 -58.0000000000
1657 -57.0000000000
1691 -56.0000000000
1722 -54.0000000000
1756 -52.0000000000
1778 -51.0000000000
1788 -50.0000000000
1794 -49.0000000000
1796 -48.0000000000
1835 -47.0000000000
1867 -45.0000000000
1894 -44.0000000000
1915 -43.0000000000
1978 -42.0000000000
2015 -41.0000000000
2067 -40.0000000000
2083 -39.0000000000
2119 -38.0000000000
2132 -37.0000000000
2201 -36.0000000000
2247 -35.0000000000
2287 -34.0000000000
2308 -33.0000000000
2320 -32.0000000000
2413 -31.0000000000
2448 -30.0000000000
2485 -29.0000000000
2513 -28.0000000000
2561 -27.0000000000
2582 -26.0000000000
2611 -25.0000000000
2629 -24.0000000000
2662 -23.0000000000
2668 -22.0000000000
2759 -21.0000000000
2811 -20.0000000000
2828 -19.0000000000
2862 -18.0000000000
2885 -17.0000000000
2972 -16.0000000000
3031 -15.0000000000
3079 -14.0000000000
3106 -13.0000000000
3140 -12.0000000000
3183 -11.0000000000
3338 -10.0000000000
3403 -9.0000000000
3424 -8.0000000000
3586 -7.0000000000
3632 -6.0000000000
3650 -5.0000000000
3675 -4.0000000000
3772 -3.0000000000
3788 -2.0000000000
3821 -1.0000000000
3933 381.0000000000
4498 388.0000000000
4540 390.0000000000
4564 394.0000000000
5503 399.0000000000
5571 407.0000000000
8446 411.0000000000
8525 412.0000000000
8531 416.0000000000
10010 -1.0000000000
evaluations raw_y
1 -216.0000000000
9 -210.0000000000
17 -197.0000000000
24 -192.0000000000
41 -191.0000000000
43 -190.0000000000
44 -189.0000000000
47 -182.0000000000
53 -181.0000000000
57 -180.0000000000
64 -177.0000000000
75 -175.0000000000
76 -171.0000000000
85 -170.0000000000
92 -169.0000000000
97 -168.0000000000
110 -163.0000000000
122 -162.0000000000
126 -161.0000000000
134 -160.0000000000
151 -158.0000000000
154 -157.0000000000
156 -156.0000000000
165 -154.0000000000
175 -152.0000000000
187 -150.0000000000
204 -148.0000000000
211 -147.0000000000
223 -145.0000000000
228 -144.0000000000
247 -143.0000000000
248 -142.0000000000
274 -141.0000000000
298 -140.0000000000
305 -139.0000000000
313 -138.0000000000
322 -137.0000000000
339 -135.0000000000
354 -134.0000000000
368 -133.0000000000
370 -132.0000000000
380 -131.0000000000
418 -128.0000000000
430 -127.0000000000
446 -126.0000000000
451 -124.0000000000
464 -123.0000000000
465 -122.0000000000
493 -120.0000000000
501 -119.0000000000
508 -118.0000000000
521 -116.0000000000
559 -115.0000000000
566 -114.0000000000
599 -113.0000000000
625 -112.0000000000
660 -111.0000000000
682 -110.0000000000
700 -109.0000000000
728 -108.0000000000
731 -107.0000000000
754 -105.0000000000
769 -104.0000000000
783 -103.0000000000
794 -102.0000000000
807 -101.0000000000
836 -100.0000000000
866 -99.0000000000
874 -98.0000000000
885 -97.0000000000
904 -96.0000000000
916 -95.0000000000
922 -94.0000000000
932 -93.0000000000
953 -92.0000000000
957 -91.0000000000
968 -89.0000000000
989 -88.0000000000
1036 -87.0000000000
1074 -85.0000000000
1102 -84.0000000000
1136 -83.0000000000
1147 -82.0000000000
1165 -81.0000000000
1170 -80.0000000000
1198 -79.0000000000
1210 -78.0000000000
1230 -77.0000000000
1262 -76.0000000000
1281 -75.0000000000
1315 -74.0000000000
1331 -73.0000000000
1351 -72.0000000000
1356 -70.0000000000
1391 -68.0000000000
1414 -67.0000000000
1425 -66.0000000000
1445 -65.0000000000
1459 -64.0000000000
1487 -63.0000000000
1507 -62.0000000000
1529 -61.0000000000
1535 -60.0000000000
1586 -59.0000000000
1650 -58.0000000000
1672 -57.0000000000
1684 -56.0000000000
1765 -55.0000000000
1782 -54.0000000000
1829 -53.0000000000
1882 -52.0000000000
1918 -51.0000000000
1942 -49.0000000000
1960 -48.0000000000
1977 -47.0000000000
1997 -46.0000000000
2028 -45.0000000000
2063 -44.0000000000
2113 -43.0000000000
2132 -42.0000000000
2147 -41.0000000000
2171 -40.0000000000
2184 -39.0000000000
2213 -38.0000000000
2248 -37.0000000000
2277 -36.0000000000
2297 -35.0000000000
2329 -34.0000000000
2353 -33.0000000000
2381 -32.0000000000
2401 -31.0000000000
2410 -30.0000000000
2432 -29.0000000000
2463 -28.0000000000
2470 -27.0000000000
2509 -26.0000000000
2572 -25.0000000000
2602 -24.0000000000
2620 -23.0000000000
2628 -22.0000000000
2632 -21.0000000000
2667 -20.0000000000
2710 -19.0000000000
2731 -18.0000000000
2740 -17.0000000000
2747 -16.0000000000
2774 -15.0000000000
2805 -14.0000000000
2836 -13.0000000000
2864 -11.0000000000
2908 -10.0000000000
2960 -9.0000000000
3020 -8.0000000000
3043 -7.0000000000
3119 -6.0000000000
3350 -5.0000000000
3510 -4.0000000000
3543 -3.0000000000
3580 -2.0000000000
3589 -1.0000000000
3628 366.0000000000
3854 377.0000000000
4234 385.0000000000
5080 386.0000000000
6130 387.0000000000
6216 389.0000000000
6230 390.0000000000
6291 396.0000000000
6388 402.0000000000
8617 406.0000000000
9794 411.0000000000
9841 412.0000000000
10010 -2.0000000000
evaluations raw_y
1 -228.0000000000
2 -209.0000000000
7 -202.0000000000
18 -199.0000000000
23 -195.0000000000
31 -187.0000000000
41 -184.0000000000
43 -182.0000000000
47 -181.0000000000
49 -180.0000000000
50 -173.0000000000
51 -172.0000000000
76 -169.0000000000
87 -166.0000000000
101 -165.0000000000
107 -164.0000000000
120 -163.0000000000
126 -162.0000000000
132 -160.0000000000
140 -158.0000000000
163 -157.0000000000
180 -155.0000000000
190 -154.0000000000
200 -153.0000000000
214 -152.0000000000
223 -151.0000000000
242 -150.0000000000
264 -149.0000000000
277 -148.0000000000
292 -146.0000000000
303 -145.0000000000
319 -144.0000000000
347 -143.0000000000
356 -142.0000000000
372 -140.0000000000
400 -138.0000000000
408 -137.0000000000
439 -136.0000000000
454 -135.0000000000
455 -134.0000000000
476 -133.0000000000
483 -132.0000000000
489 -130.0000000000
508 -129.0000000000
534 -128.0000000000
543 -127.0000000000
566 -126.0000000000
576 -125.0000000000
588 -123.0000000000
608 -122.0000000000
616 -121.0000000000
633 -120.0000000000
638 -119.0000000000
642 -118.0000000000
644 -117.0000000000
650 -115.0000000000
659 -114.0000000000
668 -113.0000000000
676 -112.0000000000
688 -111.0000000000
693 -110.0000000000
712 -109.0000000000
718 -108.0000000000
752 -107.0000000000
786 -106.0000000000
815 -105.0000000000
821 -103.0000000000
846 -102.0000000000
867 -101.0000000000
930 -100.0000000000
948 -99.0000000000
959 -98.0000000000
996 -97.0000000000
999 -96.0000000000
1016 -94.0000000000
1040 -93.0000000000
1064 -92.0000000000
1084 -91.0000000000
1086 -90.0000000000
1107 -89.0000000000
1120 -88.0000000000
1145 -87.0000000000
1168 -86.0000000000
1184 -85.0000000000
1194 -84.0000000000
1210 -83.0000000000
1226 -82.0000000000
1227 -81.0000000000
1265 -80.0000000000
1297 -79.0000000000
1300 -78.0000000000
1324 -76.0000000000
1337 -74.0000000000
1393 -73.0000000000
1404 -72.0000000000
1452 -71.0000000000
1513 -70.0000000000
1524 -69.0000000000
1587 -67.0000000000
1607 -66.0000000000
1629 -65.0000000000
1632 -64.0000000000
1640 -63.0000000000
1661 -62.0000000000
1665 -61.0000000000
1679 -60.0000000000
1699 -59.0000000000
1703 -58.0000000000
1710 -57.0000000000
1734 -56.0000000000
1739 -55.0000000000
1760 -54.0000000000
1792 -53.0000000000
1802 -52.0000000000
1818 -51.0000000000
1853 -50.0000000000
1867 -49.0000000000
1882 -48.0000000000
1910 -47.0000000000
1951 -46.0000000000
1971 -45.0000000000
2002 -44.0000000000
2023 -43.0000000000
2052 -42.0000000000
2059 -41.0000000000
2074 -40.0000000000
2094 -39.0000000000
2121 -38.0000000000
2138 -37.0000000000
2164 -36.0000000000
2169 -35.0000000000
2209 -34.0000000000
2287 -33.0000000000
2340 -32.0000000000
2395 -31.0000000000
2432 -30.0000000000
2454 -29.0000000000
2485 -28.0000000000
2533 -27.0000000000
2624 -26.0000000000
2699 -25.0000000000
2725 -24.0000000000
2814 -23.0000000000
2853 -22.0000000000
2884 -21.0000000000
2910 -20.0000000000
2934 -19.0000000000
2981 -18.0000000000
3001 -17.0000000000
3018 -16.0000000000
3058 -15.0000000000
3108 -14.0000000000
3140 -13.0000000000
3225 -12.0000000000
3242 -11.0000000000
3256 -10.0000000000
3471 -9.0000000000
3629 -8.0000000000
3720 -7.0000000000
3773 -6.0000000000
3789 -5.0000000000
3852 -4.0000000000
3909 -3.0000000000
3959 -2.0000000000
4052 -1.0000000000
4109 376.0000000000
4480 390.0000000000
4538 393.0000000000
7313 395.0000000000
7347 400.0000000000
9203 404.0000000000
10010 404.0000000000
evaluations raw_y
1 -207.0000000000
5 -199.0000000000
19 -198.0000000000
31 -197.0000000000
34 -193.0000000000
38 -189.0000000000
44 -188.0000000000
52 -187.0000000000
55 -181.0000000000
69 -179.0000000000
84 -178.0000000000
93 -175.0000000000
94 -172.0000000000
109 -169.0000000000
113 -165.0000000000
126 -164.0000000000
137 -162.0000000000
165 -161.0000000000
184 -160.0000000000
191 -159.0000000000
195 -157.0000000000
201 -156.0000000000
209 -155.0000000000
212 -153.0000000000
255 -152.0000000000
282 -151.0000000000
294 -150.0000000000
302 -149.0000000000
305 -148.0000000000
316 -147.0000000000
340 -146.0000000000
351 -145.0000000000
369 -144.0000000000
372 -143.0000000000
389 -141.0000000000
407 -140.0000000000
410 -139.0000000000
415 -138.0000000000
427 -137.0000000000
440 -136.0000000000
448 -135.0000000000
475 -134.0000000000
492 -133.0000000000
513 -132.0000000000
521 -130.0000000000
554 -129.0000000000
561 -128.0000000000
589 -127.0000000000
603 -126.0000000000
627 -125.0000000000
632 -124.0000000000
659 -123.0000000000
664 -122.0000000000
670 -121.0000000000
677 -120.0000000000
685 -118.0000000000
699 -117.0000000000
700 -116.0000000000
719 -115.0000000000
745 -114.0000000000
769 -113.0000000000
787 -112.0000000000
804 -111.0000000000
830 -110.0000000000
840 -109.0000000000
859 -108.0000000000
886 -107.0000000000
887 -106.0000000000
892 -105.0000000000
916 -104.0000000000
943 -103.0000000000
973 -102.0000000000
979 -101.0000000000
1008 -100.0000000000
1014 -99.0000000000
1033 -98.0000000000
1036 -97.0000000000
1063 -96.0000000000
1088 -95.0000000000
1093 -94.0000000000
1114 -93.0000000000
1150 -92.0000000000
1170 -91.0000000000
1187 -90.0000000000
1211 -89.0000000000
1232 -88.0000000000
1252 -87.0000000000
1293 -86.0000000000
1310 -85.0000000000
1326 -84.0000000000
1348 -82.0000000000
1382 -81.0000000000
1418 -80.0000000000
1420 -79.0000000000
1433 -78.0000000000
1445 -77.0000000000
1453 -76.0000000000
1488 -75.0000000000
1496 -74.0000000000
1510 -72.0000000000
1551 -70.0000000000
1583 -69.0000000000
1599 -68.0000000000
1618 -67.0000000000
1651 -66.0000000000
1670 -65.0000000000
1698 -64.0000000000
1703 -63.0000000000
1705 -62.0000000000
1714 -61.0000000000
1746 -60.0000000000
1759 -59.0000000000
1785 -58.0000000000
1821 -57.0000000000
1831 -56.0000000000
1859 -55.0000000000
1899 -54.0000000000
1940 -53.0000000000
1976 -52.0000000000
2015 -51.0000000000
2050 -50.0000000000
2067 -49.0000000000
2109 -48.0000000000
2117 -47.0000000000
2135 -46.0000000000
2162 -45.0000000000
2217 -44.0000000000
2227 -43.0000000000
2230 -42.0000000000
2261 -41.0000000000
2277 -40.0000000000
2306 -39.0000000000
2351 -38.0000000000
2370 -37.0000000000
2396 -36.0000000000
2451 -35.0000000000
2490 -34.0000000000
2521 -33.0000000000
2546 -32.0000000000
2578 -31.0000000000
2628 -30.0000000000
2654 -29.0000000000
2659 -28.0000000000
2676 -27.0000000000
2715 -26.0000000000
2752 -25.0000000000
2848 -24.0000000000
2915 -23.0000000000
2969 -22.0000000000
2997 -21.0000000000
2999 -20.0000000000
3040 -19.0000000000
3114 -18.0000000000
3134 -17.0000000000
3213 -16.0000000000
3251 -15.0000000000
3285 -14.0000000000
3298 -13.0000000000
3333 -12.0000000000
3388 -11.0000000000
3425 -10.0000000000
3454 -9.0000000000
3479 -8.0000000000
3506 -7.0000000000
3529 -6.0000000000
3577 -5.0000000000
3596 -4.0000000000
3704 -3.0000000000
3762 -2.0000000000
3977 -1.0000000000
4040 376.0000000000
5442 383.0000000000
5803 384.0000000000
6557 388.0000000000
7157 391.0000000000
7160 394.0000000000
7166 395.0000000000
7205 397.0000000000
9904 399.0000000000
10010 -1.0000000000
evaluations raw_y
1 -218.0000000000
2 -212.0000000000
7 -202.0000000000
10 -197.0000000000
24 -190.0000000000
40 -188.0000000000
49 -186.0000000000
51 -184.0000000000
54 -182.0000000000
72 -181.0000000000
79 -180.0000000000
80 -175.0000000000
98 -174.0000000000
104 -173.0000000000
112 -172.0000000000
124 -171.0000000000
128 -170.0000000000
134 -169.0000000000
135 -168.0000000000
143 -167.0000000000
156 -166.0000000000
172 -165.0000000000
201 -164.0000000000
205 -162.0000000000
226 -161.0000000000
234 -160.0000000000
247 -158.0000000000
266 -157.0000000000
278 -156.0000000000
293 -154.0000000000
305 -152.0000000000
333 -151.0000000000
364 -150.0000000000
381 -149.0000000000
389 -148.0000000000
399 -145.0000000000
403 -144.0000000000
416 -143.0000000000
420 -142.0000000000
450 -140.0000000000
496 -139.0000000000
508 -138.0000000000
523 -137.0000000000
525 -136.0000000000
539 -135.0000000000
553 -134.0000000000
580 -133.0000000000
592 -132.0000000000
604 -130.0000000000
639 -129.0000000000
649 -128.0000000000
681 -127.0000000000
708 -126.0000000000
720 -125.0000000000
744 -124.0000000000
764 -122.0000000000
780 -121.0000000000
793 -120.0000000000
814 -119.0000000000
815 -117.0000000000
828 -115.0000000000
858 -114.0000000000
871 -113.0000000000
876 -112.0000000000
901 -110.0000000000
921 -109.0000000000
936 -108.0000000000
939 -107.0000000000
958 -106.0000000000
969 -105.0000000000
990 -104.0000000000
999 -103.0000000000
1028 -102.0000000000
1062 -101.0000000000
1076 -100.0000000000
1109 -99.0000000000
1125 -98.0000000000
1138 -97.0000000000
1160 -96.0000000000
1187 -95.0000000000
1189 -94.0000000000
1212 -92.0000000000
1234 -91.0000000000
1256 -90.0000000000
1262 -89.0000000000
1300 -88.0000000000
1313 -87.0000000000
1327 -86.0000000000
1337 -85.0000000000
1361 -84.0000000000
1377 -83.0000000000
1414 -82.0000000000
1458 -81.0000000000
1483 -80.0000000000
1510 -79.0000000000
1542 -78.0000000000
1545 -77.0000000000
1561 -76.0000000000
1571 -75.0000000000
1579 -74.0000000000
1580 -73.0000000000
1659 -71.0000000000
1684 -70.0000000000
1708 -68.0000000000
1727 -66.0000000000
1751 -65.0000000000
1769 -64.0000000000
1781 -63.0000000000
1826 -62.0000000000
1867 -61.0000000000
1902 -60.0000000000
1937 -59.0000000000
1968 -58.0000000000
2059 -57.0000000000
2089 -56.0000000000
2110 -55.0000000000
2124 -54.0000000000
2178 -53.0000000000
2199 -51.0000000000
2257 -50.0000000000
2289 -49.0000000000
2348 -48.0000000000
2384 -47.0000000000
2397 -46.0000000000
2427 -45.0000000000
2465 -44.0000000000
2479 -43.0000000000
2503 -42.0000000000
2560 -41.0000000000
2585 -40.0000000000
2596 -39.0000000000
2625 -38.0000000000
2648 -37.0000000000
2677 -36.0000000000
2731 -35.0000000000
2802 -34.0000000000
2822 -33.0000000000
2851 -32.0000000000
2898 -31.0000000000
2920 -30.0000000000
2945 -29.0000000000
2968 -28.0000000000
2999 -27.0000000000
3014 -26.0000000000
3112 -25.0000000000
3162 -24.0000000000
3222 -23.0000000000
3258 -22.0000000000
3272 -21.0000000000
3312 -20.0000000000
3412 -19.0000000000
3443 -18.0000000000
3452 -17.0000000000
3528 -16.0000000000
3597 -15.0000000000
3647 -14.0000000000
3731 -13.0000000000
3749 -12.0000000000
3754 -11.0000000000
3790 -10.0000000000
3838 -9.0000000000
3855 -8.0000000000
3859 -7.0000000000
3884 -6.0000000000
3918 -5.0000000000
4048 -4.0000000000
4180 -3.0000000000
4263 -2.0000000000
4510 -1.0000000000
4819 377.0000000000
4950 384.0000000000
4958 393.0000000000
5393 401.0000000000
6029 402.0000000000
6156 404.0000000000
6491 406.0000000000
6511 410.0000000000
8992 411.0000000000
10010 -1.0000000000
evaluations raw_y
1 -215.0000000000
2 -211.0000000000
4 -202.0000000000
17 -193.0000000000
38 -189.0000000000
45 -188.0000000000
49 -179.0000000000
57 -173.0000000000
70 -172.0000000000
84 -171.0000000000
101 -170.0000000000
103 -167.0000000000
140 -166.0000000000
141 -165.0000000000
149 -164.0000000000
169 -163.0000000000
173 -162.0000000000
188 -161.0000000000
213 -160.0000000000
220 -158.0000000000
236 -157.0000000000
244 -155.0000000000
263 -153.0000000000
278 -150.0000000000
289 -148.0000000000
301 -147.0000000000
316 -146.0000000000
340 -145.0000000000
360 -144.0000000000
365 -143.0000000000
376 -142.0000000000
381 -141.0000000000
395 -140.0000000000
425 -139.0000000000
448 -138.0000000000
477 -137.0000000000
512 -136.0000000000
519 -135.0000000000
525 -134.0000000000
533 -133.0000000000
548 -132.0000000000
562 -131.0000000000
565 -130.0000000000
588 -129.0000000000
596 -128.0000000000
614 -126.0000000000
631 -125.0000000000
650 -124.0000000000
654 -123.0000000000
657 -122.0000000000
680 -121.0000000000
687 -119.0000000000
707 -118.0000000000
709 -117.0000000000
720 -116.0000000000
724 -115.0000000000
730 -114.0000000000
765 -113.0000000000
767 -112.0000000000
790 -111.0000000000
804 -110.0000000000
820 -109.0000000000
846 -108.0000000000
858 -107.0000000000
877 -106.0000000000
890 -105.0000000000
905 -104.0000000000
917 -103.0000000000
934 -102.0000000000
943 -101.0000000000
962 -100.0000000000
972 -99.0000000000
987 -97.0000000000
998 -96.0000000000
1032 -94.0000000000
1048 -93.0000000000
1076 -92.0000000000
1102 -91.0000000000
1124 -90.0000000000
1146 -89.0000000000
1176 -88.0000000000
1204 -87.0000000000
1221 -86.0000000000
1236 -84.0000000000
1253 -83.0000000000
1273 -82.0000000000
1278 -81.0000000000
1293 -80.0000000000
1307 -79.0000000000
1335 -77.0000000000
1376 -76.0000000000
1395 -74.0000000000
1411 -73.0000000000
1426 -72.0000000000
1441 -70.0000000000
1477 -69.0000000000
1518 -68.0000000000
1544 -67.0000000000
1569 -66.0000000000
1598 -65.0000000000
1613 -64.0000000000
1631 -63.0000000000
1670 -62.0000000000
1695 -61.0000000000
1709 -60.0000000000
1740 -59.0000000000
1786 -58.0000000000
1849 -57.0000000000
1855 -56.0000000000
1908 -55.0000000000
1944 -54.0000000000
1964 -53.0000000000
1992 -52.0000000000
1999 -51.0000000000
2023 -50.0000000000
2048 -49.0000000000
2050 -48.0000000000
2094 -47.0000000000
2139 -46.0000000000
2187 -45.0000000000
2219 -43.0000000000
2246 -42.0000000000
2252 -41.0000000000
2259 -40.0000000000
2308 -39.0000000000
2314 -38.0000000000
2324 -37.0000000000
2353 -36.0000000000
2363 -35.0000000000
2390 -34.0000000000
2409 -33.0000000000
2481 -32.0000000000
2495 -31.0000000000
2533 -30.0000000000
2574 -29.0000000000
2620 -28.0000000000
2710 -27.0000000000
2783 -26.0000000000
2813 -25.0000000000
2861 -24.0000000000
2977 -23.0000000000
3014 -22.0000000000
3124 -21.0000000000
3182 -20.0000000000
3226 -19.0000000000
3256 -18.0000000000
3316 -17.0000000000
3502 -16.0000000000
3509 -15.0000000000
3560 -14.0000000000
3580 -13.0000000000
3671 -12.0000000000
3789 -11.0000000000
3863 -10.0000000000
3929 -9.0000000000
4055 -8.0000000000
4177 -7.0000000000
4224 -6.0000000000
4237 -5.0000000000
4334 -4.0000000000
4466 -3.0000000000
4578 -2.0000000000
4598 -1.0000000000
4615 398.0000000000
6897 405.0000000000
6979 406.0000000000
8026 408.0000000000
8629 410.0000000000
8937 415.0000000000
9091 417.0000000000
9396 423.0000000000
9497 427.0000000000
10010 427.0000000000
evaluations raw_y
1 -203.0000000000
17 -200.0000000000
20 -197.0000000000
24 -190.0000000000
30 -186.0000000000
46 -185.0000000000
49 -184.0000000000
50 -178.0000000000
60 -176.0000000000
70 -173.0000000000
88 -172.0000000000
106 -169.0000000000
133 -168.0000000000
142 -167.0000000000
146 -166.0000000000
153 -165.0000000000
172 -164.0000000000
175 -163.0000000000
188 -162.0000000000
207 -161.0000000000
208 -160.0000000000
226 -159.0000000000
227 -158.0000000000
241 -157.0000000000
242 -156.0000000000
244 -155.0000000000
264 -154.0000000000
275 -153.0000000000
282 -152.0000000000
302 -151.0000000000
304 -148.0000000000
335 -147.0000000000
348 -146.0000000000
368 -145.0000000000
394 -144.0000000000
399 -143.0000000000
415 -141.0000000000
432 -140.0000000000
449 -137.0000000000
468 -135.0000000000
491 -134.0000000000
501 -133.0000000000
516 -132.0000000000
524 -131.0000000000
541 -130.0000000000
544 -129.0000000000
549 -128.0000000000
563 -127.0000000000
590 -126.0000000000
598 -124.0000000000
601 -123.0000000000
622 -122.0000000000
633 -121.0000000000
654 -120.0000000000
682 -119.0000000000
692 -118.0000000000
693 -117.0000000000
707 -116.0000000000
714 -115.0000000000
753 -114.0000000000
758 -113.0000000000
775 -112.0000000000
779 -110.0000000000
799 -109.0000000000
807 -107.0000000000
833 -104.0000000000
852 -103.0000000000
878 -102.0000000000
895 -101.0000000000
903 -100.0000000000
942 -99.0000000000
946 -98.0000000000
949 -97.0000000000
957 -96.0000000000
978 -95.0000000000
995 -94.0000000000
996 -92.0000000000
1010 -91.0000000000
1022 -90.0000000000
1049 -89.0000000000
1059 -88.0000000000
1094 -86.0000000000
1120 -85.0000000000
1145 -84.0000000000
1167 -83.0000000000
1168 -82.0000000000
1192 -81.0000000000
1202 -80.0000000000
1217 -78.0000000000
1226 -77.0000000000
1244 -76.0000000000
1273 -75.0000000000
1308 -74.0000000000
1330 -72.0000000000
1372 -71.0000000000
1394 -70.0000000000
1406 -68.0000000000
1444 -67.0000000000
1449 -66.0000000000
1467 -65.0000000000
1517 -64.0000000000
1532 -63.0000000000
1587 -62.0000000000
1595 -61.0000000000
1606 -60.0000000000
1614 -59.0000000000
1620 -58.0000000000
1672 -57.0000000000
1686 -56.0000000000
1720 -55.0000000000
1765 -53.0000000000
1794 -52.0000000000
1816 -51.0000000000
1836 -50.0000000000
1856 -49.0000000000
1876 -48.0000000000
1899 -47.0000000000
1907 -45.0000000000
2004 -44.0000000000
2050 -43.0000000000
2071 -42.0000000000
2142 -41.0000000000
2167 -40.0000000000
2168 -39.0000000000
2242 -38.0000000000
2266 -37.0000000000
2292 -36.0000000000
2303 -35.0000000000
2309 -34.0000000000
2339 -33.0000000000
2351 -32.0000000000
2379 -31.0000000000
2400 -30.0000000000
2457 -29.0000000000
2524 -28.0000000000
2554 -27.0000000000
2570 -26.0000000000
2630 -25.0000000000
2708 -24.0000000000
2765 -23.0000000000
2774 -22.0000000000
2811 -21.0000000000
2926 -20.0000000000
2956 -19.0000000000
2958 -18.0000000000
2998 -17.0000000000
3029 -16.0000000000
3096 -14.0000000000
3132 -13.0000000000
3169 -12.0000000000
3225 -11.0000000000
3278 -10.0000000000
3287 -9.0000000000
3536 -8.0000000000
3603 -7.0000000000
3646 -6.0000000000
3689 -4.0000000000
3847 -3.0000000000
3949 -2.0000000000
4074 -1.0000000000
4291 383.0000000000
4329 394.0000000000
5419 397.0000000000
5434 398.0000000000
5445 405.0000000000
5481 410.0000000000
6080 412.0000000000
7815 418.0000000000
8027 420.0000000000
9224 421.0000000000
10010 421.0000000000
evaluations raw_y
1 -199.0000000000
5 -198.0000000000
7 -188.0000000000
29 -183.0000000000
42 -182.0000000000
45 -175.0000000000
54 -173.0000000000
59 -170.0000000000
65 -165.0000000000
76 -163.0000000000
78 -161.0000000000
87 -160.0000000000
95 -159.0000000000
105 -157.0000000000
118 -156.0000000000
124 -153.0000000000
129 -152.0000000000
141 -150.0000000000
144 -149.0000000000
167 -148.0000000000
181 -147.0000000000
182 -146.0000000000
190 -144.0000000000
192 -142.0000000000
211 -140.0000000000
235 -138.0000000000
255 -137.0000000000
277 -136.0000000000
283 -134.0000000000
295 -133.0000000000
308 -132.0000000000
314 -131.0000000000
319 -130.0000000000
324 -128.0000000000
345 -127.0000000000
363 -126.0000000000
388 -125.0000000000
393 -124.0000000000
399 -123.0000000000
411 -122.0000000000
425 -121.0000000000
427 -119.0000000000
450 -118.0000000000
468 -116.0000000000
473 -114.0000000000
495 -113.0000000000
521 -112.0000000000
568 -111.0000000000
585 -110.0000000000
625 -109.0000000000
651 -108.0000000000
666 -107.0000000000
675 -106.0000000000
689 -104.0000000000
742 -103.0000000000
774 -102.0000000000
803 -101.0000000000
830 -99.0000000000
862 -98.0000000000
901 -97.0000000000
906 -96.0000000000
961 -95.0000000000
965 -94.0000000000
1008 -93.0000000000
1036 -92.0000000000
1047 -91.0000000000
1098 -90.0000000000
1114 -89.0000000000
1118 -88.0000000000
1158 -86.0000000000
1185 -85.0000000000
1200 -84.0000000000
1212 -83.0000000000
1246 -82.0000000000
1254 -81.0000000000
1269 -80.0000000000
1287 -79.0000000000
1299 -78.0000000000
1379 -77.0000000000
1435 -76.0000000000
1505 -75.0000000000
1511 -74.0000000000
1560 -73.0000000000
1577 -72.0000000000
1582 -71.0000000000
1608 -70.0000000000
1619 -68.0000000000
1631 -67.0000000000
1665 -66.0000000000
1685 -65.0000000000
1688 -64.0000000000
1712 -63.0000000000
1802 -62.0000000000
1819 -61.0000000000
1861 -60.0000000000
1864 -59.0000000000
1884 -58.0000000000
1924 -57.0000000000
1973 -56.0000000000
1996 -55.0000000000
2028 -53.0000000000
2091 -52.0000000000
2122 -51.0000000000
2153 -50.0000000000
2201 -49.0000000000
2238 -48.0000000000
2245 -46.0000000000
2280 -45.0000000000
2293 -44.0000000000
2319 -42.0000000000
2374 -41.0000000000
2404 -40.0000000000
2413 -39.0000000000
2439 -38.0000000000
2454 -37.0000000000
2472 -36.0000000000
2473 -35.0000000000
2513 -34.0000000000
2533 -33.0000000000
2572 -32.0000000000
2595 -31.0000000000
2634 -30.0000000000
2645 -29.0000000000
2832 -28.0000000000
2869 -27.0000000000
2895 -26.0000000000
2897 -25.0000000000
2914 -24.0000000000
2947 -23.0000000000
2976 -22.0000000000
3001 -21.0000000000
3059 -20.0000000000
3086 -19.0000000000
3195 -18.0000000000
3232 -17.0000000000
3242 -16.0000000000
3396 -15.0000000000
3403 -14.0000000000
3459 -13.0000000000
3533 -12.0000000000
3619 -11.0000000000
3660 -10.0000000000
3746 -9.0000000000
3771 -8.0000000000
3781 -7.0000000000
4126 -6.0000000000
4248 -5.0000000000
4362 -4.0000000000
4450 -3.0000000000
4538 -2.0000000000
4716 -1.0000000000
4790 376.0000000000
5664 380.0000000000
5755 383.0000000000
5828 387.0000000000
5840 390.0000000000
5891 393.0000000000
6061 401.0000000000
6077 403.0000000000
6879 404.0000000000
7390 405.0000000000
7405 407.0000000000
8941 408.0000000000
8965 409.0000000000
8970 410.0000000000
8998 413.0000000000
8999 415.0000000000
10010 -1.0000000000
evaluations raw_y
1 -219.0000000000
2 -218.0000000000
3 -211.0000000000
4 -204.0000000000
11 -196.0000000000
14 -195.0000000000
15 -192.0000000000
36 -189.0000000000
41 -187.0000000000
49 -182.0000000000
56 -180.0000000000
67 -174.0000000000
81 -171.0000000000
84 -170.0000000000
93 -166.0000000000
96 -165.0000000000
101 -164.0000000000
105 -163.0000000000
114 -162.0000000000
127 -161.0000000000
138 -160.0000000000
148 -159.0000000000
154 -158.0000000000
172 -157.0000000000
180 -156.0000000000
190 -155.0000000000
201 -154.0000000000
218 -153.0000000000
219 -152.0000000000
225 -151.0000000000
236 -150.0000000000
254 -149.0000000000
283 -148.0000000000
290 -147.0000000000
291 -146.0000000000
306 -145.0000000000
311 -144.0000000000
333 -143.0000000000
347 -142.0000000000
353 -140.0000000000
373 -139.0000000000
392 -138.0000000000
400 -137.0000000000
413 -136.0000000000
426 -134.0000000000
443 -133.0000000000
446 -132.0000000000
473 -131.0000000000
493 -130.0000000000
506 -129.0000000000
523 -128.0000000000
544 -127.0000000000
550 -126.0000000000
554 -125.0000000000
571 -123.0000000000
572 -121.0000000000
600 -120.0000000000
617 -119.0000000000
642 -118.0000000000
656 -117.0000000000
687 -116.0000000000
698 -115.0000000000
716 -114.0000000000
721 -113.0000000000
724 -111.0000000000
744 -110.0000000000
764 -109.0000000000
773 -108.0000000000
803 -107.0000000000
805 -105.0000000000
833 -104.0000000000
839 -103.0000000000
850 -102.0000000000
856 -101.0000000000
883 -100.0000000000
916 -99.0000000000
932 -98.0000000000
955 -97.0000000000
974 -96.0000000000
985 -95.0000000000
990 -94.0000000000
1055 -93.0000000000
1099 -92.0000000000
1117 -91.0000000000
1136 -90.0000000000
1155 -88.0000000000
1164 -87.0000000000
1187 -86.0000000000
1219 -85.0000000000
1240 -84.0000000000
1267 -83.0000000000
1268 -81.0000000000
1305 -80.0000000000
1331 -79.0000000000
1335 -78.0000000000
1372 -77.0000000000
1374 -75.0000000000
1417 -74.0000000000
1431 -73.0000000000
1459 -72.0000000000
1461 -71.0000000000
1487 -70.0000000000
1513 -68.0000000000
1571 -67.0000000000
1605 -66.0000000000
1630 -65.0000000000
1658 -64.0000000000
1666 -63.0000000000
1696 -62.0000000000
1701 -61.0000000000
1748 -60.0000000000
1803 -59.0000000000
1843 -58.0000000000
1898 -56.0000000000
1902 -55.0000000000
1929 -54.0000000000
1950 -53.0000000000
1954 -52.0000000000
1974 -51.0000000000
2025 -50.0000000000
2050 -49.0000000000
2127 -48.0000000000
2180 -46.0000000000
2218 -45.0000000000
2234 -44.0000000000
2265 -43.0000000000
2291 -42.0000000000
2310 -41.0000000000
2338 -40.0000000000
2365 -39.0000000000
2410 -38.0000000000
2429 -37.0000000000
2487 -36.0000000000
2498 -35.0000000000
2558 -34.0000000000
2599 -33.0000000000
2634 -32.0000000000
2652 -30.0000000000
2714 -29.0000000000
2765 -28.0000000000
2811 -27.0000000000
2858 -26.0000000000
2892 -25.0000000000
2926 -24.0000000000
2938 -23.0000000000
2986 -22.0000000000
3013 -21.0000000000
3030 -20.0000000000
3059 -19.0000000000
3112 -18.0000000000
3168 -17.0000000000
3196 -16.0000000000
3217 -15.0000000000
3553 -14.0000000000
3583 -13.0000000000
3622 -12.0000000000
3670 -11.0000000000
3841 -10.0000000000
3876 -9.0000000000
3896 -8.0000000000
3919 -7.0000000000
4075 -6.0000000000
4115 -5.0000000000
4170 -4.0000000000
4273 -3.0000000000
4391 -2.0000000000
4716 -1.0000000000
4768 391.0000000000
4943 403.0000000000
5572 408.0000000000
5952 413.0000000000
6492 417.0000000000
6507 425.0000000000
8432 426.0000000000
8485 427.0000000000
10010 427.0000000000
