run,evaluations,best_so_far
1,22044,317.0
1,22058,317.0
1,22072,317.0
1,22104,317.0
1,22120,317.0
1,22575,317.0
1,22589,319.0
1,22615,319.0
1,22629,319.0
1,22645,319.0
1,22663,319.0
1,22691,319.0
1,22707,319.0
1,22735,319.0
1,22765,319.0
1,22791,319.0
1,22817,319.0
1,22845,319.0
1,22859,319.0
1,22875,319.0
1,22905,330.0
1,22921,330.0
1,22953,330.0
1,22955,330.0
1,22987,330.0
1,23017,330.0
1,23033,330.0
1,23035,330.0
1,23063,330.0
1,23093,330.0
1,23129,330.0
1,23157,330.0
1,23187,330.0
1,23205,330.0
1,23207,330.0
1,23227,330.0
1,23241,330.0
1,23257,330.0
1,23285,330.0
1,23301,330.0
1,23315,330.0
1,23331,330.0
1,23345,330.0
1,23359,350.0
1,23361,350.0
1,23375,350.0
1,23389,350.0
1,23403,350.0
1,23419,350.0
1,23437,350.0
1,23439,350.0
1,23455,350.0
1,23469,350.0
1,23471,350.0
1,23485,350.0
1,23513,350.0
1,23529,350.0
1,23545,350.0
1,23573,350.0
1,23589,350.0
1,23619,350.0
1,23621,350.0
1,23623,350.0
1,23649,350.0
1,23667,350.0
1,23697,350.0
1,23699,350.0
1,23701,350.0
1,23729,350.0
1,23743,350.0
1,23773,350.0
1,23803,350.0
1,23819,350.0
1,23835,350.0
1,23849,350.0
1,23851,350.0
1,23865,350.0
1,23897,350.0
1,23911,350.0
1,23931,350.0
1,23945,360.0
1,23961,360.0
1,23963,360.0
1,23977,360.0
1,23993,360.0
1,23995,360.0
1,24009,360.0
1,24025,360.0
1,24039,360.0
1,24069,360.0
1,24097,360.0
1,24111,360.0
1,24125,360.0
1,24141,360.0
1,24167,360.0
1,24181,360.0
1,24209,360.0
1,24235,360.0
1,24261,360.0
1,24287,360.0
1,24315,360.0
1,24341,360.0
1,24355,360.0
1,24383,360.0
1,24411,360.0
1,24413,360.0
1,24429,360.0
1,24457,360.0
1,24459,360.0
1,24485,360.0
1,24519,360.0
1,24521,360.0
1,24535,360.0
1,24551,360.0
1,24567,360.0
1,24581,360.0
1,24607,360.0
1,24621,360.0
1,24635,360.0
1,24663,360.0
1,24689,361.0
1,24715,361.0
1,24717,361.0
1,24719,361.0
1,24733,361.0
1,24749,361.0
1,24763,361.0
1,24777,361.0
1,24793,361.0
1,24807,361.0
1,24833,361.0
1,24835,361.0
1,24861,361.0
1,24875,361.0
1,24905,361.0
1,24937,369.0
1,24965,369.0
1,24985,369.0
1,25013,369.0
1,25015,369.0
1,25017,369.0
1,25019,369.0
1,25045,369.0
1,25047,369.0
1,25075,369.0
1,25091,369.0
1,25117,369.0
1,25131,369.0
1,25161,369.0
1,25175,369.0
1,25189,369.0
1,25203,369.0
1,25229,369.0
1,25243,369.0
1,25263,369.0
1,25289,369.0
1,25305,369.0
1,25319,369.0
1,25333,369.0
1,25353,369.0
1,25379,369.0
1,25393,371.0
1,25419,371.0
1,25437,371.0
1,25451,371.0
1,25477,371.0
1,25497,371.0
1,25525,371.0
1,25551,371.0
1,25579,371.0
1,25593,371.0
1,25621,371.0
1,25653,371.0
1,25669,371.0
1,25683,371.0
1,25701,371.0
1,25717,371.0
1,25737,371.0
1,25753,371.0
1,25767,371.0
1,25785,371.0
1,25813,374.0
1,25839,377.0
1,25855,385.0
1,25885,385.0
1,25887,385.0
1,25917,385.0
1,25933,385.0
1,25935,385.0
1,25965,385.0
1,25997,385.0
1,26011,385.0
1,26013,385.0
1,26041,385.0
1,26069,385.0
1,26095,385.0
1,26121,385.0
1,26123,385.0
1,26125,385.0
1,26153,385.0
1,26167,385.0
1,26185,385.0
1,26199,385.0
1,26215,385.0
1,26235,385.0
1,26237,385.0
1,26239,385.0
1,26257,385.0
1,26287,385.0
1,26301,385.0
1,26315,385.0
1,26341,385.0
1,26355,385.0
1,26381,385.0
1,26395,385.0
1,26409,388.0
1,26437,388.0
1,26453,388.0
1,26471,388.0
1,26487,388.0
1,26515,388.0
1,26533,388.0
1,26559,393.0
1,26589,393.0
1,26617,393.0
1,26631,393.0
1,26661,393.0
1,26687,393.0
1,26701,393.0
1,26715,393.0
1,26741,393.0
1,26771,393.0
1,26799,393.0
1,26813,393.0
1,26843,393.0
1,26873,393.0
1,26889,393.0
1,26903,396.0
1,26933,396.0
1,26947,396.0
1,26961,396.0
1,26975,396.0
1,26991,396.0
1,27019,396.0
1,27045,396.0
1,27061,396.0
1,27095,396.0
1,27123,396.0
1,27151,396.0
1,27165,396.0
1,27167,396.0
1,27205,396.0
1,27219,401.0
1,27245,401.0
1,27259,401.0
1,27275,401.0
1,27289,401.0
1,27305,401.0
1,27319,401.0
1,27347,401.0
1,27361,401.0
1,27363,401.0
1,27377,401.0
1,27407,401.0
1,27433,401.0
1,27447,401.0
1,27461,401.0
1,27463,401.0
1,27479,401.0
1,27481,401.0
1,27501,411.0
1,27515,411.0
1,27531,411.0
1,27557,411.0
1,27571,411.0
1,27585,411.0
1,27601,411.0
1,27615,411.0
1,27617,411.0
1,27645,411.0
1,27659,411.0
1,27685,411.0
1,27713,411.0
1,27741,411.0
1,27755,411.0
1,27769,411.0
1,27783,411.0
1,27815,411.0
1,27845,411.0
1,27847,411.0
1,27877,411.0
1,27907,411.0
1,27933,411.0
1,27935,411.0
1,27965,411.0
1,27979,411.0
1,28007,411.0
1,28037,411.0
1,28063,411.0
1,28077,411.0
1,28103,411.0
1,28117,411.0
1,28145,411.0
1,28147,411.0
1,28175,411.0
1,28189,411.0
1,28215,411.0
1,28233,411.0
1,28251,411.0
1,28279,411.0
1,28307,411.0
1,28309,411.0
1,28335,411.0
1,28349,411.0
1,28365,411.0
1,28379,411.0
1,28393,411.0
1,28395,411.0
1,28409,411.0
1,28425,411.0
1,28441,411.0
1,28467,411.0
1,28469,411.0
1,28483,411.0
1,28509,411.0
1,28511,411.0
1,28525,411.0
1,28557,411.0
1,28559,411.0
1,28577,411.0
1,28593,411.0
1,28621,411.0
1,28651,411.0
1,28667,411.0
1,28707,411.0
1,28721,411.0
1,28739,411.0
1,28757,411.0
1,28785,411.0
1,28813,411.0
1,28815,411.0
1,28831,411.0
1,28845,411.0
1,28859,411.0
1,28887,411.0
1,28903,411.0
1,28917,411.0
1,28931,411.0
1,28957,411.0
1,28971,411.0
1,28997,411.0
1,29025,411.0
1,29053,411.0
1,29079,411.0
1,29093,411.0
1,29125,411.0
1,29141,411.0
1,29155,411.0
1,29169,411.0
1,29183,411.0
1,29197,411.0
1,29211,411.0
1,29241,411.0
1,29255,411.0
1,29273,411.0
1,29275,411.0
1,29277,411.0
1,29303,411.0
1,29319,411.0
1,29335,411.0
1,29363,411.0
1,29389,411.0
1,29419,411.0
1,29433,411.0
1,29435,411.0
1,29437,411.0
1,29439,411.0
1,29471,411.0
1,29485,411.0
1,29511,411.0
1,29531,411.0
1,29545,411.0
1,29547,411.0
1,29575,411.0
1,29607,411.0
1,29623,411.0
1,29637,411.0
1,29665,411.0
1,29693,411.0
1,29709,411.0
1,29711,411.0
1,29741,411.0
1,29773,411.0
1,29787,411.0
1,29801,411.0
1,29803,411.0
1,29817,411.0
1,29843,411.0
1,29861,411.0
1,29863,411.0
1,29889,411.0
1,29903,411.0
1,29929,411.0
1,29959,411.0
1,29987,411.0
1,30001,411.0
1,30031,411.0
1,30033,411.0
1,30059,411.0
1,30073,411.0
1,30087,411.0
1,30101,411.0
1,30103,411.0
1,30129,411.0
1,30159,411.0
1,30187,411.0
1,30203,411.0
1,30231,411.0
1,30233,411.0
1,30235,411.0
1,30261,411.0
1,30277,411.0
1,30295,411.0
1,30325,411.0
1,30339,411.0
1,30341,411.0
1,30367,411.0
1,30395,411.0
1,30411,411.0
1,30427,411.0
1,30453,411.0
1,30455,411.0
1,30469,411.0
1,30489,411.0
1,30503,411.0
1,30517,411.0
1,30519,411.0
1,30547,411.0
1,30549,411.0
1,30577,411.0
1,30593,411.0
1,30609,411.0
1,30611,411.0
1,30629,411.0
1,30657,411.0
1,30671,411.0
1,30701,411.0
1,30715,411.0
1,30729,411.0
1,30743,411.0
1,30773,411.0
1,30791,411.0
1,30805,411.0
1,30835,411.0
1,30849,411.0
1,30851,411.0
1,30869,411.0
1,30897,411.0
1,30925,411.0
1,30927,411.0
1,30953,411.0
1,30955,411.0
1,30969,411.0
1,30971,411.0
1,30985,411.0
1,30999,411.0
1,31001,411.0
1,31029,411.0
1,31059,411.0
1,31075,411.0
1,31103,411.0
1,31129,411.0
1,31131,411.0
1,31147,411.0
1,31163,411.0
1,31191,411.0
1,31221,411.0
1,31235,411.0
1,31249,411.0
1,31275,411.0
1,31289,411.0
1,31303,411.0
1,31317,411.0
1,31331,411.0
1,31347,411.0
1,31349,411.0
1,31363,411.0
1,31395,411.0
1,31411,411.0
1,31427,411.0
1,31453,411.0
1,31479,411.0
1,31505,411.0
1,31519,411.0
1,31545,415.0
1,31573,415.0
1,31587,415.0
1,31601,415.0
1,31629,415.0
1,31657,415.0
1,31685,415.0
1,31715,415.0
1,31745,415.0
1,31759,415.0
1,31773,415.0
1,31775,415.0
1,31803,415.0
1,31817,415.0
1,31833,415.0
1,31847,415.0
1,31861,415.0
1,31889,415.0
1,31891,415.0
1,31893,415.0
1,31911,415.0
1,31913,415.0
1,31939,415.0
1,31955,415.0
1,31969,415.0
1,31997,415.0
1,32023,415.0
1,32051,415.0
2,22070,315.0
2,22100,315.0
2,22102,315.0
2,22118,315.0
2,22134,315.0
2,22150,315.0
2,22166,315.0
2,22194,326.0
2,22210,326.0
2,22238,326.0
2,22266,326.0
2,22294,333.0
2,22322,333.0
2,22350,333.0
2,22370,333.0
2,22396,333.0
2,22414,333.0
2,22442,333.0
2,22456,333.0
2,22470,333.0
2,22496,333.0
2,22512,333.0
2,22526,333.0
2,22961,333.0
2,22989,333.0
2,23021,333.0
2,23037,333.0
2,23039,333.0
2,23041,333.0
2,23059,333.0
2,23087,337.0
2,23089,337.0
2,23123,337.0
2,23137,337.0
2,23165,351.0
2,23167,351.0
2,23181,351.0
2,23207,351.0
2,23221,358.0
2,23235,358.0
2,23249,358.0
2,23263,358.0
2,23289,358.0
2,23319,358.0
2,23345,367.0
2,23361,367.0
2,23375,367.0
2,23403,367.0
2,23419,367.0
2,23421,367.0
2,23437,367.0
2,23455,367.0
2,23483,367.0
2,23499,367.0
2,23529,367.0
2,23547,367.0
2,23561,367.0
2,23563,367.0
2,23565,367.0
2,23579,367.0
2,23593,367.0
2,23611,367.0
2,23613,367.0
2,23627,367.0
2,23649,367.0
2,23681,367.0
2,23699,367.0
2,23715,367.0
2,23717,367.0
2,23745,367.0
2,23747,367.0
2,23749,367.0
2,23751,367.0
2,23765,367.0
2,23795,367.0
2,23797,367.0
2,23825,367.0
2,23839,367.0
2,23869,367.0
2,23883,367.0
2,23897,367.0
2,23923,367.0
2,23937,367.0
2,23951,367.0
2,23977,367.0
2,23993,367.0
2,23995,367.0
2,23997,367.0
2,24011,367.0
2,24025,367.0
2,24055,367.0
2,24083,367.0
2,24101,367.0
2,24129,367.0
2,24143,367.0
2,24145,367.0
2,24175,367.0
2,24201,367.0
2,24233,367.0
2,24247,375.0
2,24261,375.0
2,24289,375.0
2,24307,375.0
2,24321,375.0
2,24335,375.0
2,24337,375.0
2,24365,375.0
2,24391,382.0
2,24421,382.0
2,24435,382.0
2,24451,382.0
2,24477,382.0
2,24479,382.0
2,24493,382.0
2,24519,382.0
2,24533,382.0
2,24535,382.0
2,24549,382.0
2,24565,382.0
2,24579,382.0
2,24593,382.0
2,24623,382.0
2,24651,382.0
2,24683,382.0
2,24711,382.0
2,24737,382.0
2,24765,382.0
2,24781,382.0
2,24783,382.0
2,24797,382.0
2,24799,382.0
2,24813,382.0
2,24845,382.0
2,24861,382.0
2,24877,382.0
2,24903,382.0
2,24905,382.0
2,24919,382.0
2,24935,382.0
2,24965,382.0
2,24981,382.0
2,25015,382.0
2,25043,382.0
2,25061,382.0
2,25075,382.0
2,25089,382.0
2,25105,382.0
2,25119,382.0
2,25145,382.0
2,25159,382.0
2,25173,382.0
2,25189,382.0
2,25219,382.0
2,25239,382.0
2,25253,382.0
2,25281,382.0
2,25283,382.0
2,25311,382.0
2,25325,382.0
2,25353,382.0
2,25369,382.0
2,25387,382.0
2,25401,382.0
2,25415,382.0
2,25433,382.0
2,25467,382.0
2,25483,382.0
2,25497,382.0
2,25527,382.0
2,25541,382.0
2,25543,382.0
2,25569,383.0
2,25585,383.0
2,25611,383.0
2,25613,383.0
2,25639,388.0
2,25653,388.0
2,25683,388.0
2,25711,388.0
2,25729,388.0
2,25765,388.0
2,25783,388.0
2,25809,388.0
2,25829,388.0
2,25843,388.0
2,25859,388.0
2,25861,388.0
2,25863,388.0
2,25883,388.0
2,25915,388.0
2,25929,388.0
2,25961,388.0
2,25991,388.0
2,25993,388.0
2,26025,388.0
2,26059,388.0
2,26075,388.0
2,26103,388.0
2,26119,388.0
2,26135,388.0
2,26137,388.0
2,26165,388.0
2,26179,388.0
2,26207,388.0
2,26223,388.0
2,26251,388.0
2,26277,392.0
2,26309,392.0
2,26339,392.0
2,26353,392.0
2,26383,392.0
2,26409,392.0
2,26443,392.0
2,26473,392.0
2,26499,392.0
2,26515,392.0
2,26545,392.0
2,26573,392.0
2,26587,392.0
2,26589,392.0
2,26617,392.0
2,26633,392.0
2,26647,392.0
2,26681,392.0
2,26711,392.0
2,26737,392.0
2,26739,392.0
2,26765,392.0
2,26781,392.0
2,26795,392.0
2,26821,392.0
2,26823,392.0
2,26825,392.0
2,26839,392.0
2,26841,392.0
2,26855,392.0
2,26869,392.0
2,26883,392.0
2,26897,392.0
2,26915,392.0
2,26929,392.0
2,26961,401.0
2,26989,401.0
2,27017,401.0
2,27045,401.0
2,27075,401.0
2,27091,401.0
2,27119,401.0
2,27149,401.0
2,27175,401.0
2,27191,401.0
2,27207,401.0
2,27235,401.0
2,27249,401.0
2,27275,401.0
2,27289,401.0
2,27317,401.0
2,27319,401.0
2,27333,401.0
2,27351,401.0
2,27367,401.0
2,27395,401.0
2,27409,401.0
2,27423,401.0
2,27449,401.0
2,27469,401.0
2,27483,401.0
2,27485,401.0
2,27499,401.0
2,27527,401.0
2,27545,401.0
2,27561,401.0
2,27589,401.0
2,27603,401.0
2,27629,401.0
2,27655,401.0
2,27683,401.0
2,27709,410.0
2,27735,410.0
2,27749,410.0
2,27763,410.0
2,27791,410.0
2,27807,410.0
2,27809,410.0
2,27835,410.0
2,27849,410.0
2,27881,410.0
2,27913,410.0
2,27929,410.0
2,27931,410.0
2,27945,410.0
2,27971,410.0
2,27985,410.0
2,27999,410.0
2,28027,410.0
2,28053,410.0
2,28081,410.0
2,28095,410.0
2,28125,410.0
2,28139,410.0
2,28141,410.0
2,28169,410.0
2,28197,410.0
2,28225,410.0
2,28241,410.0
2,28269,410.0
2,28297,410.0
2,28323,410.0
2,28337,410.0
2,28363,414.0
2,28379,414.0
2,28405,414.0
2,28419,414.0
2,28433,414.0
2,28449,414.0
2,28465,414.0
2,28467,414.0
2,28469,414.0
2,28471,414.0
2,28485,414.0
2,28513,414.0
2,28539,414.0
2,28553,414.0
2,28567,414.0
2,28593,414.0
2,28609,414.0
2,28639,414.0
2,28641,414.0
2,28655,414.0
2,28673,414.0
2,28687,414.0
2,28713,417.0
2,28739,417.0
2,28753,417.0
2,28781,417.0
2,28797,417.0
2,28813,417.0
2,28827,417.0
2,28829,417.0
2,28843,417.0
2,28857,417.0
2,28871,417.0
2,28887,417.0
2,28903,417.0
2,28917,417.0
2,28945,417.0
2,28959,417.0
2,28973,417.0
2,28989,417.0
2,29003,417.0
2,29033,417.0
2,29063,417.0
2,29077,417.0
2,29105,417.0
2,29121,417.0
2,29137,417.0
2,29167,417.0
2,29195,417.0
2,29211,417.0
2,29225,417.0
2,29239,417.0
2,29257,417.0
2,29283,417.0
2,29297,417.0
2,29315,417.0
2,29331,417.0
2,29345,417.0
2,29375,417.0
2,29389,417.0
2,29409,417.0
2,29437,417.0
2,29439,417.0
2,29453,417.0
2,29467,417.0
2,29493,417.0
2,29507,417.0
2,29521,417.0
2,29537,417.0
2,29553,417.0
2,29579,417.0
2,29593,417.0
2,29595,417.0
2,29621,417.0
2,29647,420.0
2,29675,420.0
2,29703,420.0
2,29719,420.0
2,29721,420.0
2,29747,420.0
2,29761,420.0
2,29777,420.0
2,29793,420.0
2,29821,420.0
2,29847,420.0
2,29877,420.0
2,29893,420.0
2,29907,420.0
2,29923,420.0
2,29953,420.0
2,29967,420.0
2,29981,420.0
2,30007,420.0
2,30033,424.0
2,30049,424.0
2,30051,424.0
2,30065,424.0
2,30067,424.0
2,30081,424.0
2,30083,424.0
2,30097,424.0
2,30099,424.0
2,30113,424.0
2,30129,424.0
2,30131,424.0
2,30157,424.0
2,30159,424.0
2,30173,424.0
2,30205,424.0
2,30207,424.0
2,30239,424.0
2,30253,424.0
2,30267,424.0
2,30281,424.0
2,30295,424.0
2,30309,424.0
2,30311,424.0
2,30341,424.0
2,30367,424.0
2,30381,424.0
2,30409,424.0
2,30423,424.0
2,30453,424.0
2,30467,424.0
2,30469,424.0
2,30499,424.0
2,30513,424.0
2,30527,424.0
2,30553,424.0
2,30569,424.0
2,30597,424.0
2,30615,424.0
2,30631,424.0
2,30659,424.0
2,30673,424.0
2,30675,424.0
2,30689,424.0
2,30709,424.0
2,30725,424.0
2,30741,424.0
2,30771,424.0
2,30797,424.0
2,30823,424.0
2,30855,424.0
2,30877,424.0
2,30879,424.0
2,30881,424.0
2,30909,424.0
2,30937,424.0
2,30963,424.0
2,30977,424.0
2,30991,424.0
2,30993,424.0
2,31025,424.0
2,31041,424.0
2,31067,424.0
2,31069,424.0
2,31083,424.0
2,31097,424.0
2,31113,424.0
2,31143,424.0
2,31157,424.0
2,31183,424.0
2,31209,424.0
2,31241,424.0
2,31259,424.0
2,31261,424.0
2,31263,424.0
2,31291,424.0
2,31293,424.0
2,31307,424.0
2,31321,424.0
2,31349,424.0
2,31351,424.0
2,31367,424.0
2,31381,424.0
2,31395,424.0
2,31425,424.0
2,31427,424.0
2,31429,424.0
2,31443,424.0
2,31457,424.0
2,31471,424.0
2,31487,424.0
2,31501,424.0
2,31529,424.0
2,31555,424.0
2,31573,424.0
2,31575,424.0
2,31603,424.0
2,31621,424.0
2,31639,424.0
2,31671,424.0
2,31689,424.0
2,31703,424.0
2,31733,424.0
2,31747,424.0
2,31749,424.0
2,31775,424.0
2,31807,424.0
2,31823,424.0
2,31849,424.0
2,31863,424.0
2,31877,424.0
2,31893,424.0
2,31907,424.0
2,31921,424.0
2,31923,424.0
2,31937,424.0
2,31967,424.0
2,31995,424.0
2,32021,424.0
2,32035,424.0
2,32063,424.0
2,32089,424.0
3,21992,332.0
3,22006,332.0
3,22511,332.0
3,22513,332.0
3,22527,341.0
3,22541,341.0
3,22567,341.0
3,22599,341.0
3,22613,341.0
3,22641,341.0
3,22655,341.0
3,22687,341.0
3,22703,341.0
3,22733,341.0
3,22759,351.0
3,22773,358.0
3,22787,358.0
3,22813,358.0
3,22827,358.0
3,22843,358.0
3,22871,358.0
3,22887,358.0
3,22903,358.0
3,22917,358.0
3,22931,358.0
3,22945,358.0
3,22959,358.0
3,22977,358.0
3,23007,358.0
3,23009,358.0
3,23027,358.0
3,23043,358.0
3,23061,358.0
3,23075,358.0
3,23091,358.0
3,23093,358.0
3,23107,358.0
3,23121,358.0
3,23137,358.0
3,23163,358.0
3,23165,358.0
3,23183,358.0
3,23197,358.0
3,23227,358.0
3,23229,358.0
3,23243,358.0
3,23261,358.0
3,23275,358.0
3,23289,358.0
3,23323,358.0
3,23325,358.0
3,23339,358.0
3,23341,358.0
3,23371,358.0
3,23385,358.0
3,23403,358.0
3,23419,358.0
3,23447,358.0
3,23449,358.0
3,23463,358.0
3,23479,358.0
3,23507,358.0
3,23521,358.0
3,23551,358.0
3,23577,358.0
3,23603,358.0
3,23619,358.0
3,23633,358.0
3,23663,358.0
3,23665,358.0
3,23679,358.0
3,23693,358.0
3,23695,358.0
3,23725,358.0
3,23739,358.0
3,23753,358.0
3,23779,358.0
3,23805,358.0
3,23807,358.0
3,23821,358.0
3,23835,358.0
3,23867,358.0
3,23885,358.0
3,23913,358.0
3,23939,358.0
3,23967,358.0
3,23997,358.0
3,24029,370.0
3,24049,370.0
3,24051,370.0
3,24065,370.0
3,24091,370.0
3,24125,370.0
3,24153,370.0
3,24169,370.0
3,24199,370.0
3,24225,370.0
3,24241,370.0
3,24271,370.0
3,24285,370.0
3,24311,370.0
3,24337,370.0
3,24363,370.0
3,24377,370.0
3,24405,370.0
3,24419,370.0
3,24451,370.0
3,24467,370.0
3,24483,370.0
3,24497,370.0
3,24525,370.0
3,24551,370.0
3,24553,370.0
3,24569,370.0
3,24571,370.0
3,24587,370.0
3,24615,382.0
3,24643,382.0
3,24659,382.0
3,24687,382.0
3,24713,382.0
3,24727,382.0
3,24741,385.0
3,24757,385.0
3,24787,385.0
3,24801,385.0
3,24815,385.0
3,24829,385.0
3,24845,385.0
3,24861,385.0
3,24891,385.0
3,24917,385.0
3,24943,385.0
3,24969,385.0
3,25001,385.0
3,25015,385.0
3,25029,385.0
3,25049,385.0
3,25063,385.0
3,25089,385.0
3,25091,385.0
3,25119,385.0
3,25145,385.0
3,25159,385.0
3,25185,385.0
3,25213,385.0
3,25215,385.0
3,25245,385.0
3,25273,385.0
3,25309,385.0
3,25337,385.0
3,25351,385.0
3,25365,385.0
3,25393,385.0
3,25423,385.0
3,25439,385.0
3,25467,385.0
3,25469,385.0
3,25483,385.0
3,25513,387.0
3,25529,387.0
3,25531,387.0
3,25557,387.0
3,25575,387.0
3,25589,387.0
3,25603,387.0
3,25617,387.0
3,25631,387.0
3,25645,387.0
3,25673,387.0
3,25701,387.0
3,25727,387.0
3,25741,387.0
3,25767,387.0
3,25781,387.0
3,25783,387.0
3,25811,387.0
3,25825,387.0
3,25839,387.0
3,25841,387.0
3,25843,387.0
3,25857,387.0
3,25883,387.0
3,25915,387.0
3,25943,387.0
3,25971,387.0
3,26001,387.0
3,26027,391.0
3,26041,391.0
3,26055,391.0
3,26069,391.0
3,26095,391.0
3,26109,391.0
3,26125,391.0
3,26141,391.0
3,26167,391.0
3,26169,391.0
3,26195,391.0
3,26223,391.0
3,26249,391.0
3,26251,391.0
3,26267,391.0
3,26281,391.0
3,26283,391.0
3,26297,391.0
3,26327,391.0
3,26341,391.0
3,26367,391.0
3,26383,391.0
3,26385,391.0
3,26399,391.0
3,26429,391.0
3,26443,399.0
3,26471,399.0
3,26499,399.0
3,26513,399.0
3,26531,399.0
3,26533,399.0
3,26535,399.0
3,26567,399.0
3,26595,399.0
3,26611,399.0
3,26625,399.0
3,26639,399.0
3,26655,399.0
3,26671,399.0
3,26685,399.0
3,26715,399.0
3,26731,399.0
3,26745,399.0
3,26759,399.0
3,26773,399.0
3,26801,399.0
3,26829,399.0
3,26831,399.0
3,26859,399.0
3,26861,399.0
3,26875,399.0
3,26903,399.0
3,26941,399.0
3,26971,399.0
3,26985,399.0
3,27011,399.0
3,27025,399.0
3,27039,399.0
3,27041,399.0
3,27057,399.0
3,27059,399.0
3,27073,399.0
3,27075,399.0
3,27089,411.0
3,27103,411.0
3,27117,411.0
3,27131,411.0
3,27145,411.0
3,27159,411.0
3,27187,411.0
3,27213,411.0
3,27215,411.0
3,27229,411.0
3,27231,411.0
3,27247,411.0
3,27261,411.0
3,27289,411.0
3,27319,411.0
3,27333,411.0
3,27335,411.0
3,27349,411.0
3,27379,411.0
3,27405,411.0
3,27421,411.0
3,27437,411.0
3,27451,411.0
3,27479,411.0
3,27493,411.0
3,27509,411.0
3,27511,411.0
3,27525,411.0
3,27553,411.0
3,27567,411.0
3,27569,411.0
3,27599,411.0
3,27613,411.0
3,27641,411.0
3,27657,411.0
3,27671,411.0
3,27685,411.0
3,27713,411.0
3,27743,411.0
3,27759,411.0
3,27761,411.0
3,27775,411.0
3,27803,411.0
3,27817,411.0
3,27843,411.0
3,27857,411.0
3,27875,411.0
3,27903,411.0
3,27931,411.0
3,27957,411.0
3,27985,411.0
3,28011,411.0
3,28013,411.0
3,28027,411.0
3,28057,411.0
3,28071,411.0
3,28085,411.0
3,28099,411.0
3,28101,411.0
3,28129,411.0
3,28161,411.0
3,28191,411.0
3,28221,411.0
3,28239,411.0
3,28255,411.0
3,28257,411.0
3,28283,411.0
3,28299,411.0
3,28329,411.0
3,28343,411.0
3,28361,411.0
3,28375,411.0
3,28391,411.0
3,28393,411.0
3,28421,411.0
3,28449,411.0
3,28451,411.0
3,28467,411.0
3,28481,411.0
3,28483,411.0
3,28509,411.0
3,28525,411.0
3,28527,411.0
3,28543,411.0
3,28557,411.0
3,28559,411.0
3,28573,411.0
3,28575,411.0
3,28609,411.0
3,28611,411.0
3,28641,411.0
3,28671,411.0
3,28699,411.0
3,28701,411.0
3,28715,411.0
3,28717,411.0
3,28731,411.0
3,28759,411.0
3,28787,411.0
3,28813,411.0
3,28839,411.0
3,28867,411.0
3,28895,411.0
3,28909,411.0
3,28911,411.0
3,28937,411.0
3,28965,411.0
3,28967,411.0
3,28981,412.0
3,28995,412.0
3,29009,412.0
3,29037,414.0
3,29063,414.0
3,29079,414.0
3,29111,414.0
3,29137,421.0
3,29163,421.0
3,29191,421.0
3,29205,421.0
3,29235,421.0
3,29249,421.0
3,29277,421.0
3,29291,421.0
3,29305,421.0
3,29319,421.0
3,29339,421.0
3,29355,421.0
3,29371,421.0
3,29373,421.0
3,29405,421.0
3,29407,421.0
3,29439,421.0
3,29453,421.0
3,29479,421.0
3,29493,421.0
3,29495,421.0
3,29523,421.0
3,29539,421.0
3,29553,421.0
3,29555,421.0
3,29569,421.0
3,29601,421.0
3,29603,421.0
3,29619,421.0
3,29647,421.0
3,29679,421.0
3,29693,421.0
3,29709,421.0
3,29723,421.0
3,29749,421.0
3,29779,421.0
3,29809,423.0
3,29839,423.0
3,29853,423.0
3,29855,423.0
3,29881,423.0
3,29911,423.0
3,29925,423.0
3,29939,423.0
3,29965,423.0
3,29979,423.0
3,30005,423.0
3,30021,423.0
3,30049,423.0
3,30067,423.0
3,30081,423.0
3,30083,423.0
3,30097,423.0
3,30099,423.0
3,30125,423.0
3,30127,423.0
3,30129,423.0
3,30159,423.0
3,30161,423.0
3,30179,423.0
3,30195,423.0
3,30223,423.0
3,30237,423.0
3,30239,423.0
3,30265,423.0
3,30283,423.0
3,30297,423.0
3,30325,423.0
3,30339,423.0
3,30353,423.0
3,30367,423.0
3,30399,423.0
3,30401,423.0
3,30403,423.0
3,30419,423.0
3,30445,423.0
3,30447,423.0
3,30461,423.0
3,30463,423.0
3,30477,423.0
3,30503,423.0
3,30517,423.0
3,30519,423.0
3,30547,423.0
3,30577,423.0
3,30605,423.0
3,30631,423.0
3,30659,423.0
3,30675,423.0
3,30693,423.0
3,30707,423.0
3,30735,423.0
3,30749,423.0
3,30781,423.0
3,30811,423.0
3,30827,423.0
3,30829,423.0
3,30855,423.0
3,30883,423.0
3,30897,423.0
3,30913,423.0
3,30915,423.0
3,30941,423.0
3,30957,423.0
3,30971,423.0
3,30985,423.0
3,30999,423.0
3,31025,423.0
3,31041,423.0
3,31067,423.0
3,31093,423.0
3,31107,423.0
3,31135,423.0
3,31167,423.0
3,31181,423.0
3,31197,423.0
3,31227,423.0
3,31229,423.0
3,31255,423.0
3,31269,423.0
3,31299,423.0
3,31301,423.0
3,31317,423.0
3,31331,423.0
3,31345,423.0
3,31347,423.0
3,31363,423.0
3,31365,423.0
3,31391,423.0
3,31393,423.0
3,31407,423.0
3,31421,423.0
3,31423,423.0
3,31453,423.0
3,31467,423.0
3,31483,423.0
3,31485,423.0
3,31503,423.0
3,31517,423.0
3,31549,423.0
3,31565,423.0
3,31597,423.0
3,31611,423.0
3,31613,423.0
3,31641,423.0
3,31669,423.0
3,31701,423.0
3,31717,423.0
3,31733,423.0
3,31735,423.0
3,31749,423.0
3,31785,423.0
3,31811,423.0
3,31827,423.0
3,31855,423.0
3,31869,423.0
3,31899,423.0
3,31927,423.0
3,31953,423.0
3,31955,423.0
3,31981,423.0
4,22014,306.0
4,22465,313.0
4,22467,313.0
4,22483,313.0
4,22485,313.0
4,22499,313.0
4,22513,313.0
4,22541,313.0
4,22557,313.0
4,22573,313.0
4,22587,313.0
4,22603,313.0
4,22633,313.0
4,22661,313.0
4,22663,313.0
4,22689,333.0
4,22691,333.0
4,22721,333.0
4,22735,333.0
4,22737,333.0
4,22771,333.0
4,22803,333.0
4,22835,333.0
4,22849,333.0
4,22863,333.0
4,22865,333.0
4,22879,333.0
4,22905,349.0
4,22921,349.0
4,22949,349.0
4,22963,349.0
4,22979,349.0
4,22995,349.0
4,23027,349.0
4,23053,349.0
4,23079,349.0
4,23105,349.0
4,23121,349.0
4,23123,349.0
4,23125,349.0
4,23139,349.0
4,23161,349.0
4,23175,349.0
4,23189,349.0
4,23191,349.0
4,23205,349.0
4,23219,349.0
4,23233,349.0
4,23247,349.0
4,23273,349.0
4,23275,349.0
4,23301,349.0
4,23315,349.0
4,23329,349.0
4,23331,349.0
4,23359,349.0
4,23373,349.0
4,23387,349.0
4,23401,349.0
4,23415,349.0
4,23431,349.0
4,23447,349.0
4,23461,349.0
4,23475,349.0
4,23489,349.0
4,23503,349.0
4,23517,349.0
4,23543,349.0
4,23557,349.0
4,23571,366.0
4,23587,366.0
4,23603,366.0
4,23617,366.0
4,23643,366.0
4,23659,366.0
4,23673,366.0
4,23687,366.0
4,23703,366.0
4,23721,366.0
4,23735,366.0
4,23749,366.0
4,23779,366.0
4,23793,366.0
4,23807,366.0
4,23841,366.0
4,23855,366.0
4,23883,366.0
4,23909,379.0
4,23935,379.0
4,23951,379.0
4,23979,379.0
4,24007,379.0
4,24025,379.0
4,24027,379.0
4,24055,379.0
4,24057,379.0
4,24085,379.0
4,24101,379.0
4,24129,379.0
4,24131,379.0
4,24159,379.0
4,24189,379.0
4,24219,379.0
4,24233,379.0
4,24267,379.0
4,24281,379.0
4,24295,379.0
4,24309,379.0
4,24323,379.0
4,24349,379.0
4,24363,379.0
4,24377,379.0
4,24407,379.0
4,24433,379.0
4,24447,379.0
4,24473,379.0
4,24475,379.0
4,24495,379.0
4,24509,379.0
4,24537,379.0
4,24539,379.0
4,24555,379.0
4,24581,379.0
4,24599,379.0
4,24615,379.0
4,24633,379.0
4,24647,379.0
4,24649,379.0
4,24663,379.0
4,24665,379.0
4,24693,379.0
4,24695,379.0
4,24697,379.0
4,24699,379.0
4,24731,379.0
4,24745,391.0
4,24773,391.0
4,24789,391.0
4,24817,391.0
4,24843,395.0
4,24857,395.0
4,24871,395.0
4,24899,395.0
4,24913,395.0
4,24927,395.0
4,24943,395.0
4,24971,395.0
4,25001,395.0
4,25031,395.0
4,25061,395.0
4,25075,395.0
4,25077,395.0
4,25093,395.0
4,25121,395.0
4,25123,395.0
4,25159,395.0
4,25175,395.0
4,25207,395.0
4,25235,395.0
4,25271,395.0
4,25285,395.0
4,25303,395.0
4,25305,395.0
4,25319,395.0
4,25335,395.0
4,25349,395.0
4,25363,395.0
4,25377,395.0
4,25393,395.0
4,25421,395.0
4,25437,395.0
4,25455,395.0
4,25471,395.0
4,25497,395.0
4,25525,395.0
4,25527,395.0
4,25555,395.0
4,25569,395.0
4,25595,395.0
4,25611,395.0
4,25627,395.0
4,25653,395.0
4,25683,395.0
4,25685,395.0
4,25701,395.0
4,25719,395.0
4,25745,401.0
4,25759,401.0
4,25789,401.0
4,25791,401.0
4,25823,401.0
4,25837,401.0
4,25839,401.0
4,25841,401.0
4,25855,401.0
4,25869,401.0
4,25895,401.0
4,25921,401.0
4,25939,401.0
4,25967,401.0
4,25983,401.0
4,25985,401.0
4,25999,401.0
4,26017,401.0
4,26043,401.0
4,26059,401.0
4,26073,401.0
4,26089,401.0
4,26121,401.0
4,26151,401.0
4,26153,401.0
4,26181,401.0
4,26211,401.0
4,26243,401.0
4,26273,401.0
4,26303,401.0
4,26317,401.0
4,26319,401.0
4,26345,401.0
4,26375,401.0
4,26389,401.0
4,26391,401.0
4,26405,401.0
4,26423,401.0
4,26451,401.0
4,26465,401.0
4,26495,401.0
4,26515,401.0
4,26551,401.0
4,26569,401.0
4,26597,401.0
4,26611,401.0
4,26627,401.0
4,26641,401.0
4,26643,401.0
4,26669,401.0
4,26695,401.0
4,26725,401.0
4,26739,401.0
4,26753,401.0
4,26767,401.0
4,26769,401.0
4,26799,401.0
4,26813,401.0
4,26827,401.0
4,26845,401.0
4,26861,401.0
4,26875,402.0
4,26877,402.0
4,26909,407.0
4,26937,407.0
4,26951,407.0
4,26981,407.0
4,26995,407.0
4,27009,407.0
4,27011,407.0
4,27029,407.0
4,27059,407.0
4,27061,407.0
4,27095,407.0
4,27123,407.0
4,27153,407.0
4,27185,407.0
4,27213,407.0
4,27227,407.0
4,27253,407.0
4,27271,407.0
4,27285,407.0
4,27299,407.0
4,27317,407.0
4,27333,407.0
4,27347,407.0
4,27373,411.0
4,27375,411.0
4,27389,411.0
4,27409,411.0
4,27435,411.0
4,27463,411.0
4,27465,411.0
4,27481,411.0
4,27483,411.0
4,27485,411.0
4,27487,411.0
4,27515,411.0
4,27541,411.0
4,27569,411.0
4,27583,411.0
4,27597,411.0
4,27615,411.0
4,27643,411.0
4,27657,411.0
4,27685,411.0
4,27699,411.0
4,27713,411.0
4,27727,411.0
4,27741,411.0
4,27755,411.0
4,27781,411.0
4,27795,411.0
4,27827,411.0
4,27843,411.0
4,27873,411.0
4,27889,411.0
4,27919,411.0
4,27921,411.0
4,27923,411.0
4,27937,411.0
4,27951,411.0
4,27981,411.0
4,27983,411.0
4,27985,411.0
4,28011,411.0
4,28041,411.0
4,28069,411.0
4,28085,411.0
4,28087,411.0
4,28113,411.0
4,28127,411.0
4,28143,411.0
4,28159,411.0
4,28189,411.0
4,28203,411.0
4,28231,411.0
4,28247,411.0
4,28261,411.0
4,28287,411.0
4,28313,411.0
4,28327,411.0
4,28355,411.0
4,28369,411.0
4,28371,411.0
4,28385,411.0
4,28415,411.0
4,28429,412.0
4,28431,412.0
4,28445,412.0
4,28459,412.0
4,28487,412.0
4,28489,412.0
4,28519,412.0
4,28547,412.0
4,28575,412.0
4,28589,412.0
4,28591,412.0
4,28605,412.0
4,28631,412.0
4,28659,412.0
4,28673,412.0
4,28675,412.0
4,28691,412.0
4,28705,412.0
4,28721,412.0
4,28735,412.0
4,28761,412.0
4,28789,412.0
4,28791,412.0
4,28817,412.0
4,28831,412.0
4,28863,412.0
4,28893,414.0
4,28909,414.0
4,28923,414.0
4,28949,414.0
4,28963,414.0
4,28977,414.0
4,28979,414.0
4,29013,414.0
4,29041,414.0
4,29067,414.0
4,29069,414.0
4,29101,414.0
4,29131,414.0
4,29133,414.0
4,29147,414.0
4,29173,414.0
4,29187,414.0
4,29203,414.0
4,29233,414.0
4,29261,414.0
4,29285,414.0
4,29313,414.0
4,29341,414.0
4,29343,414.0
4,29357,414.0
4,29371,414.0
4,29385,414.0
4,29387,414.0
4,29415,414.0
4,29431,414.0
4,29457,414.0
4,29471,414.0
4,29499,414.0
4,29501,414.0
4,29527,414.0
4,29541,414.0
4,29567,414.0
4,29595,414.0
4,29611,414.0
4,29613,414.0
4,29627,414.0
4,29645,414.0
4,29671,414.0
4,29685,414.0
4,29711,414.0
4,29725,414.0
4,29751,414.0
4,29779,414.0
4,29807,414.0
4,29821,414.0
4,29835,414.0
4,29849,414.0
4,29863,414.0
4,29877,415.0
4,29891,415.0
4,29893,415.0
4,29907,415.0
4,29909,415.0
4,29923,415.0
4,29943,415.0
4,29957,415.0
4,29983,421.0
4,29999,421.0
4,30029,421.0
4,30045,421.0
4,30047,421.0
4,30077,421.0
4,30079,421.0
4,30111,421.0
4,30125,421.0
4,30145,421.0
4,30175,421.0
4,30191,421.0
4,30221,421.0
4,30223,421.0
4,30251,421.0
4,30265,421.0
4,30299,421.0
4,30315,421.0
4,30331,421.0
4,30345,421.0
4,30359,421.0
4,30387,421.0
4,30417,421.0
4,30443,421.0
4,30475,421.0
4,30505,421.0
4,30507,421.0
4,30533,421.0
4,30559,421.0
4,30575,421.0
4,30591,421.0
4,30617,421.0
4,30643,421.0
4,30659,421.0
4,30673,421.0
4,30675,421.0
4,30677,421.0
4,30705,421.0
4,30707,421.0
4,30721,421.0
4,30749,421.0
4,30763,421.0
4,30793,421.0
4,30821,421.0
4,30835,421.0
4,30851,421.0
4,30877,421.0
4,30905,421.0
4,30933,421.0
4,30935,421.0
4,30961,421.0
4,30975,421.0
4,31007,421.0
4,31033,421.0
4,31065,421.0
4,31083,421.0
4,31111,421.0
4,31125,421.0
4,31139,421.0
4,31157,421.0
4,31173,421.0
4,31195,421.0
4,31223,421.0
4,31249,421.0
4,31283,421.0
4,31309,421.0
4,31335,421.0
4,31369,421.0
4,31371,421.0
4,31401,421.0
4,31419,421.0
4,31433,421.0
4,31459,421.0
4,31475,421.0
4,31497,421.0
4,31511,421.0
4,31537,421.0
4,31551,421.0
4,31567,421.0
4,31581,421.0
4,31595,421.0
4,31623,421.0
4,31651,421.0
4,31677,421.0
4,31693,421.0
4,31707,421.0
4,31735,421.0
4,31749,421.0
4,31775,421.0
4,31789,421.0
4,31819,421.0
4,31837,421.0
4,31871,421.0
4,31873,421.0
4,31887,421.0
4,31917,421.0
4,31931,421.0
4,31947,421.0
4,31961,421.0
4,31989,421.0
5,22160,318.0
5,22635,332.0
5,22651,332.0
5,22665,332.0
5,22691,332.0
5,22717,332.0
5,22731,332.0
5,22763,332.0
5,22795,332.0
5,22811,332.0
5,22813,332.0
5,22831,332.0
5,22847,332.0
5,22861,332.0
5,22875,332.0
5,22889,332.0
5,22905,332.0
5,22931,332.0
5,22959,333.0
5,22975,333.0
5,22989,333.0
5,22991,333.0
5,23019,333.0
5,23033,333.0
5,23049,333.0
5,23065,333.0
5,23079,333.0
5,23095,333.0
5,23129,333.0
5,23131,333.0
5,23145,333.0
5,23159,333.0
5,23161,333.0
5,23189,333.0
5,23215,343.0
5,23229,345.0
5,23243,345.0
5,23259,345.0
5,23273,345.0
5,23299,345.0
5,23301,345.0
5,23321,345.0
5,23335,345.0
5,23337,345.0
5,23365,345.0
5,23367,345.0
5,23393,347.0
5,23423,347.0
5,23437,347.0
5,23451,347.0
5,23483,347.0
5,23509,347.0
5,23535,347.0
5,23551,347.0
5,23577,359.0
5,23579,359.0
5,23595,359.0
5,23621,359.0
5,23655,359.0
5,23657,359.0
5,23683,359.0
5,23685,359.0
5,23687,359.0
5,23701,359.0
5,23727,359.0
5,23759,359.0
5,23761,359.0
5,23775,359.0
5,23791,359.0
5,23811,359.0
5,23825,360.0
5,23853,360.0
5,23869,360.0
5,23883,360.0
5,23899,360.0
5,23927,360.0
5,23945,360.0
5,23961,379.0
5,23991,379.0
5,24007,379.0
5,24023,379.0
5,24025,379.0
5,24041,379.0
5,24055,379.0
5,24071,379.0
5,24099,379.0
5,24101,379.0
5,24133,379.0
5,24151,379.0
5,24167,379.0
5,24181,379.0
5,24197,379.0
5,24211,379.0
5,24237,379.0
5,24253,379.0
5,24279,379.0
5,24295,379.0
5,24313,379.0
5,24315,379.0
5,24331,379.0
5,24345,379.0
5,24371,379.0
5,24385,379.0
5,24387,379.0
5,24389,379.0
5,24417,379.0
5,24433,379.0
5,24435,379.0
5,24461,379.0
5,24475,379.0
5,24489,379.0
5,24521,379.0
5,24523,379.0
5,24549,397.0
5,24565,397.0
5,24591,397.0
5,24621,397.0
5,24639,397.0
5,24653,397.0
5,24655,397.0
5,24681,397.0
5,24707,397.0
5,24735,397.0
5,24749,397.0
5,24763,397.0
5,24779,397.0
5,24793,397.0
5,24795,397.0
5,24825,397.0
5,24851,397.0
5,24865,397.0
5,24879,397.0
5,24907,397.0
5,24921,397.0
5,24923,397.0
5,24939,397.0
5,24965,397.0
5,24993,397.0
5,24995,397.0
5,24997,397.0
5,25027,397.0
5,25029,397.0
5,25031,397.0
5,25045,397.0
5,25059,397.0
5,25061,397.0
5,25063,397.0
5,25089,397.0
5,25121,397.0
5,25123,397.0
5,25153,397.0
5,25175,397.0
5,25203,397.0
5,25217,397.0
5,25231,397.0
5,25245,397.0
5,25275,397.0
5,25289,397.0
5,25317,397.0
5,25333,397.0
5,25361,397.0
5,25375,397.0
5,25389,397.0
5,25405,397.0
5,25433,397.0
5,25451,397.0
5,25479,397.0
5,25493,397.0
5,25523,399.0
5,25537,399.0
5,25553,399.0
5,25581,399.0
5,25597,399.0
5,25599,399.0
5,25617,399.0
5,25637,399.0
5,25667,399.0
5,25669,399.0
5,25683,399.0
5,25709,399.0
5,25711,399.0
5,25737,399.0
5,25739,399.0
5,25741,399.0
5,25757,399.0
5,25783,399.0
5,25799,399.0
5,25801,399.0
5,25815,399.0
5,25841,399.0
5,25861,399.0
5,25875,399.0
5,25889,399.0
5,25917,399.0
5,25931,399.0
5,25957,399.0
5,25971,399.0
5,26001,399.0
5,26015,399.0
5,26047,399.0
5,26075,399.0
5,26089,399.0
5,26115,399.0
5,26117,399.0
5,26131,399.0
5,26159,399.0
5,26161,399.0
5,26177,399.0
5,26203,399.0
5,26217,399.0
5,26219,399.0
5,26235,399.0
5,26253,399.0
5,26267,399.0
5,26299,399.0
5,26325,412.0
5,26353,412.0
5,26383,412.0
5,26385,412.0
5,26387,412.0
5,26401,412.0
5,26427,412.0
5,26455,412.0
5,26469,412.0
5,26483,412.0
5,26497,412.0
5,26511,412.0
5,26543,412.0
5,26557,412.0
5,26587,412.0
5,26603,412.0
5,26619,412.0
5,26639,412.0
5,26667,412.0
5,26681,412.0
5,26713,412.0
5,26727,412.0
5,26741,412.0
5,26743,412.0
5,26757,412.0
5,26783,412.0
5,26799,412.0
5,26813,412.0
5,26815,412.0
5,26831,412.0
5,26861,412.0
5,26889,412.0
5,26919,412.0
5,26949,412.0
5,26963,412.0
5,26977,412.0
5,27003,412.0
5,27031,412.0
5,27057,412.0
5,27087,412.0
5,27113,412.0
5,27127,412.0
5,27129,412.0
5,27155,412.0
5,27171,412.0
5,27185,412.0
5,27187,412.0
5,27219,412.0
5,27221,412.0
5,27235,412.0
5,27263,412.0
5,27289,412.0
5,27303,412.0
5,27329,412.0
5,27343,412.0
5,27371,412.0
5,27385,412.0
5,27401,412.0
5,27435,412.0
5,27449,412.0
5,27479,412.0
5,27505,412.0
5,27535,412.0
5,27565,412.0
5,27579,412.0
5,27609,412.0
5,27635,412.0
5,27649,412.0
5,27665,412.0
5,27683,412.0
5,27685,412.0
5,27713,412.0
5,27715,412.0
5,27729,412.0
5,27743,412.0
5,27745,412.0
5,27759,412.0
5,27789,412.0
5,27821,412.0
5,27835,418.0
5,27867,418.0
5,27893,418.0
5,27919,418.0
5,27921,418.0
5,27935,418.0
5,27953,418.0
5,27955,418.0
5,27969,418.0
5,27987,418.0
5,28017,418.0
5,28043,418.0
5,28069,418.0
5,28083,418.0
5,28099,418.0
5,28125,418.0
5,28127,418.0
5,28141,418.0
5,28173,418.0
5,28201,418.0
5,28231,418.0
5,28257,418.0
5,28285,418.0
5,28315,418.0
5,28329,418.0
5,28359,418.0
5,28373,418.0
5,28399,418.0
5,28429,418.0
5,28445,418.0
5,28447,418.0
5,28461,418.0
5,28475,418.0
5,28489,418.0
5,28507,418.0
5,28535,418.0
5,28561,418.0
5,28575,418.0
5,28589,418.0
5,28591,418.0
5,28619,418.0
5,28645,418.0
5,28673,418.0
5,28675,418.0
5,28689,418.0
5,28691,418.0
5,28693,418.0
5,28713,418.0
5,28715,418.0
5,28733,418.0
5,28747,420.0
5,28773,420.0
5,28775,420.0
5,28789,420.0
5,28803,420.0
5,28805,420.0
5,28831,420.0
5,28859,420.0
5,28875,420.0
5,28889,420.0
5,28903,420.0
5,28929,420.0
5,28955,420.0
5,28969,420.0
5,28997,420.0
5,29027,420.0
5,29029,420.0
5,29043,420.0
5,29059,420.0
5,29061,420.0
5,29087,420.0
5,29089,420.0
5,29103,420.0
5,29117,420.0
5,29119,420.0
5,29135,420.0
5,29151,420.0
5,29185,420.0
5,29217,420.0
5,29231,424.0
5,29245,424.0
5,29259,424.0
5,29285,424.0
5,29311,424.0
5,29343,424.0
5,29345,424.0
5,29375,424.0
5,29389,424.0
5,29419,424.0
5,29433,424.0
5,29447,424.0
5,29477,424.0
5,29509,424.0
5,29535,424.0
5,29551,424.0
5,29565,424.0
5,29579,424.0
5,29593,424.0
5,29621,424.0
5,29637,424.0
5,29651,424.0
5,29669,424.0
5,29683,424.0
5,29709,424.0
5,29737,424.0
5,29763,424.0
5,29789,424.0
5,29803,424.0
5,29805,424.0
5,29823,424.0
5,29837,424.0
5,29871,424.0
5,29885,424.0
5,29899,424.0
5,29925,424.0
5,29951,424.0
5,29965,424.0
5,29979,424.0
5,29993,424.0
5,29995,424.0
5,30011,424.0
5,30025,424.0
5,30051,424.0
5,30053,424.0
5,30085,424.0
5,30099,424.0
5,30113,424.0
5,30129,424.0
5,30145,424.0
5,30163,424.0
5,30189,424.0
5,30215,424.0
5,30217,424.0
5,30245,424.0
5,30261,424.0
5,30289,424.0
5,30315,424.0
5,30329,424.0
5,30331,424.0
5,30333,424.0
5,30349,424.0
5,30351,424.0
5,30367,424.0
5,30369,424.0
5,30399,424.0
5,30415,424.0
5,30429,424.0
5,30455,424.0
5,30485,424.0
5,30501,424.0
5,30531,424.0
5,30559,424.0
5,30573,424.0
5,30575,424.0
5,30601,424.0
5,30619,424.0
5,30645,424.0
5,30659,424.0
5,30689,424.0
5,30691,424.0
5,30705,424.0
5,30719,424.0
5,30745,424.0
5,30775,424.0
5,30791,424.0
5,30819,424.0
5,30821,424.0
5,30847,424.0
5,30869,424.0
5,30899,424.0
5,30913,424.0
5,30915,424.0
5,30917,424.0
5,30919,424.0
5,30935,424.0
5,30937,424.0
5,30965,424.0
5,30993,424.0
5,30995,424.0
5,31011,424.0
5,31025,424.0
5,31051,424.0
5,31065,424.0
5,31079,424.0
5,31081,424.0
5,31083,424.0
5,31109,424.0
5,31123,424.0
5,31149,424.0
5,31165,424.0
5,31179,424.0
5,31207,424.0
5,31221,424.0
5,31247,424.0
5,31273,424.0
5,31289,424.0
5,31303,424.0
5,31331,424.0
5,31359,424.0
5,31373,424.0
5,31391,424.0
5,31407,424.0
5,31421,424.0
5,31435,424.0
5,31453,424.0
5,31467,424.0
5,31483,424.0
5,31511,424.0
5,31537,424.0
5,31569,424.0
5,31585,424.0
5,31599,424.0
5,31625,424.0
5,31651,424.0
5,31653,424.0
5,31667,424.0
5,31683,424.0
5,31697,424.0
5,31711,424.0
5,31725,424.0
5,31727,424.0
5,31729,424.0
5,31749,424.0
5,31751,424.0
5,31765,424.0
5,31779,424.0
5,31799,424.0
5,31827,424.0
5,31857,424.0
5,31885,424.0
5,31913,424.0
5,31929,424.0
5,31957,424.0
5,31971,424.0
5,31997,424.0
5,32025,424.0
5,32027,424.0
5,32029,424.0
5,32043,424.0
5,32045,424.0
5,32061,424.0
5,32087,424.0
5,32117,424.0
5,32143,424.0
6,22118,334.0
6,22593,334.0
6,22607,334.0
6,22623,334.0
6,22637,334.0
6,22663,334.0
6,22679,334.0
6,22693,334.0
6,22721,334.0
6,22735,334.0
6,22763,334.0
6,22765,334.0
6,22779,334.0
6,22795,334.0
6,22825,334.0
6,22855,334.0
6,22889,334.0
6,22923,334.0
6,22937,334.0
6,22955,334.0
6,22973,334.0
6,22975,334.0
6,23007,334.0
6,23033,334.0
6,23059,352.0
6,23089,352.0
6,23091,352.0
6,23107,352.0
6,23133,352.0
6,23147,352.0
6,23161,352.0
6,23189,352.0
6,23217,352.0
6,23231,352.0
6,23233,352.0
6,23259,352.0
6,23285,352.0
6,23287,352.0
6,23315,352.0
6,23317,352.0
6,23319,352.0
6,23335,352.0
6,23361,352.0
6,23377,352.0
6,23379,352.0
6,23381,352.0
6,23383,352.0
6,23413,352.0
6,23427,352.0
6,23441,352.0
6,23443,352.0
6,23457,352.0
6,23483,352.0
6,23497,352.0
6,23513,352.0
6,23541,352.0
6,23555,352.0
6,23569,352.0
6,23587,352.0
6,23613,352.0
6,23627,359.0
6,23629,359.0
6,23655,359.0
6,23671,359.0
6,23687,359.0
6,23689,359.0
6,23703,359.0
6,23717,359.0
6,23731,359.0
6,23745,359.0
6,23773,359.0
6,23789,359.0
6,23809,359.0
6,23823,359.0
6,23837,359.0
6,23851,359.0
6,23865,359.0
6,23891,359.0
6,23923,359.0
6,23925,359.0
6,23953,359.0
6,23969,359.0
6,23983,359.0
6,24009,359.0
6,24035,359.0
6,24049,361.0
6,24075,361.0
6,24101,372.0
6,24129,372.0
6,24149,372.0
6,24177,372.0
6,24179,372.0
6,24205,378.0
6,24219,378.0
6,24221,378.0
6,24253,378.0
6,24281,378.0
6,24299,378.0
6,24325,378.0
6,24327,378.0
6,24359,378.0
6,24373,378.0
6,24375,378.0
6,24403,378.0
6,24433,378.0
6,24463,378.0
6,24479,378.0
6,24495,378.0
6,24525,378.0
6,24539,378.0
6,24565,378.0
6,24579,378.0
6,24607,378.0
6,24635,378.0
6,24649,378.0
6,24663,378.0
6,24677,378.0
6,24693,378.0
6,24721,378.0
6,24759,378.0
6,24783,378.0
6,24799,378.0
6,24827,378.0
6,24853,378.0
6,24881,378.0
6,24909,378.0
6,24935,378.0
6,24949,378.0
6,24963,378.0
6,24991,378.0
6,25007,378.0
6,25033,378.0
6,25061,378.0
6,25087,378.0
6,25113,391.0
6,25141,391.0
6,25167,391.0
6,25181,391.0
6,25213,391.0
6,25239,391.0
6,25241,391.0
6,25261,391.0
6,25279,391.0
6,25309,391.0
6,25337,391.0
6,25339,391.0
6,25365,391.0
6,25381,391.0
6,25383,391.0
6,25409,391.0
6,25423,391.0
6,25437,391.0
6,25467,391.0
6,25485,391.0
6,25511,391.0
6,25539,391.0
6,25565,391.0
6,25591,391.0
6,25617,391.0
6,25643,391.0
6,25671,391.0
6,25673,391.0
6,25703,391.0
6,25721,391.0
6,25747,391.0
6,25763,391.0
6,25765,391.0
6,25791,391.0
6,25817,391.0
6,25845,391.0
6,25859,391.0
6,25875,391.0
6,25889,391.0
6,25907,391.0
6,25933,391.0
6,25947,391.0
6,25961,391.0
6,25975,391.0
6,25977,391.0
6,26007,391.0
6,26035,391.0
6,26053,391.0
6,26079,391.0
6,26093,391.0
6,26127,391.0
6,26141,391.0
6,26155,391.0
6,26187,391.0
6,26201,391.0
6,26229,391.0
6,26255,391.0
6,26289,391.0
6,26303,391.0
6,26319,391.0
6,26321,391.0
6,26335,391.0
6,26349,391.0
6,26365,391.0
6,26381,391.0
6,26395,391.0
6,26411,391.0
6,26439,391.0
6,26465,402.0
6,26467,402.0
6,26503,402.0
6,26517,402.0
6,26531,402.0
6,26557,402.0
6,26559,402.0
6,26575,402.0
6,26589,402.0
6,26619,402.0
6,26635,402.0
6,26637,402.0
6,26653,402.0
6,26667,402.0
6,26681,402.0
6,26711,402.0
6,26713,402.0
6,26715,402.0
6,26735,402.0
6,26753,402.0
6,26767,402.0
6,26795,402.0
6,26809,402.0
6,26823,402.0
6,26855,402.0
6,26869,402.0
6,26883,402.0
6,26911,402.0
6,26913,402.0
6,26943,402.0
6,26969,402.0
6,26983,402.0
6,26997,402.0
6,27029,402.0
6,27057,402.0
6,27073,402.0
6,27089,402.0
6,27119,402.0
6,27133,402.0
6,27159,402.0
6,27161,402.0
6,27175,402.0
6,27201,402.0
6,27203,402.0
6,27205,402.0
6,27233,402.0
6,27261,402.0
6,27275,402.0
6,27289,402.0
6,27305,402.0
6,27331,402.0
6,27357,402.0
6,27359,402.0
6,27375,402.0
6,27405,402.0
6,27419,402.0
6,27435,402.0
6,27461,402.0
6,27475,402.0
6,27477,402.0
6,27491,402.0
6,27519,402.0
6,27533,402.0
6,27559,402.0
6,27561,402.0
6,27593,402.0
6,27621,402.0
6,27635,402.0
6,27637,402.0
6,27669,402.0
6,27671,402.0
6,27685,402.0
6,27699,402.0
6,27729,402.0
6,27755,402.0
6,27769,402.0
6,27771,402.0
6,27785,402.0
6,27801,402.0
6,27815,402.0
6,27817,402.0
6,27831,402.0
6,27833,402.0
6,27859,402.0
6,27875,402.0
6,27889,402.0
6,27905,402.0
6,27919,402.0
6,27921,402.0
6,27949,402.0
6,27951,402.0
6,27953,402.0
6,27981,402.0
6,27995,402.0
6,28021,402.0
6,28023,402.0
6,28049,402.0
6,28077,402.0
6,28079,402.0
6,28097,402.0
6,28127,402.0
6,28143,402.0
6,28157,402.0
6,28195,402.0
6,28209,402.0
6,28235,409.0
6,28265,409.0
6,28279,409.0
6,28293,409.0
6,28307,412.0
6,28321,412.0
6,28353,412.0
6,28379,412.0
6,28407,412.0
6,28433,412.0
6,28435,412.0
6,28449,412.0
6,28451,412.0
6,28465,412.0
6,28467,412.0
6,28497,412.0
6,28525,412.0
6,28555,412.0
6,28571,412.0
6,28599,412.0
6,28627,412.0
6,28629,412.0
6,28643,412.0
6,28673,412.0
6,28687,412.0
6,28715,412.0
6,28731,412.0
6,28749,412.0
6,28751,412.0
6,28779,412.0
6,28793,412.0
6,28809,412.0
6,28839,412.0
6,28853,412.0
6,28871,412.0
6,28899,412.0
6,28915,412.0
6,28929,412.0
6,28959,412.0
6,28989,412.0
6,29017,412.0
6,29031,412.0
6,29047,412.0
6,29073,412.0
6,29089,412.0
6,29115,412.0
6,29133,412.0
6,29151,412.0
6,29165,412.0
6,29181,412.0
6,29195,412.0
6,29223,412.0
6,29237,412.0
6,29267,412.0
6,29281,412.0
6,29295,412.0
6,29309,412.0
6,29323,412.0
6,29337,412.0
6,29363,412.0
6,29377,412.0
6,29391,412.0
6,29419,412.0
6,29433,412.0
6,29459,412.0
6,29489,412.0
6,29503,412.0
6,29517,412.0
6,29549,412.0
6,29579,412.0
6,29609,412.0
6,29625,412.0
6,29641,412.0
6,29643,412.0
6,29657,412.0
6,29671,412.0
6,29697,412.0
6,29723,412.0
6,29737,412.0
6,29767,412.0
6,29793,412.0
6,29821,412.0
6,29823,412.0
6,29837,412.0
6,29851,412.0
6,29865,412.0
6,29883,412.0
6,29909,412.0
6,29937,412.0
6,29953,412.0
6,29979,412.0
6,29981,412.0
6,30007,412.0
6,30037,412.0
6,30051,412.0
6,30067,412.0
6,30095,412.0
6,30123,412.0
6,30151,412.0
6,30177,412.0
6,30207,412.0
6,30237,412.0
6,30263,412.0
6,30293,412.0
6,30309,412.0
6,30311,412.0
6,30313,412.0
6,30339,412.0
6,30365,412.0
6,30367,412.0
6,30393,412.0
6,30425,412.0
6,30451,412.0
6,30477,412.0
6,30479,412.0
6,30497,412.0
6,30511,412.0
6,30543,412.0
6,30569,412.0
6,30583,412.0
6,30585,412.0
6,30599,412.0
6,30601,412.0
6,30603,412.0
6,30633,412.0
6,30647,412.0
6,30663,412.0
6,30679,412.0
6,30709,412.0
6,30735,413.0
6,30751,413.0
6,30777,413.0
6,30795,413.0
6,30821,413.0
6,30849,413.0
6,30863,413.0
6,30889,413.0
6,30921,413.0
6,30935,413.0
6,30961,413.0
6,30963,413.0
6,30989,413.0
6,31015,413.0
6,31031,413.0
6,31047,413.0
6,31061,413.0
6,31075,413.0
6,31105,413.0
6,31131,413.0
6,31145,413.0
6,31171,413.0
6,31187,413.0
6,31213,413.0
6,31243,413.0
6,31271,413.0
6,31273,413.0
6,31299,413.0
6,31301,413.0
6,31327,413.0
6,31357,413.0
6,31375,413.0
6,31377,413.0
6,31395,413.0
6,31423,413.0
6,31425,413.0
6,31441,413.0
6,31455,413.0
6,31457,413.0
6,31471,413.0
6,31485,413.0
6,31517,413.0
6,31535,413.0
6,31567,413.0
6,31593,413.0
6,31609,413.0
6,31639,413.0
6,31667,413.0
6,31695,413.0
6,31727,413.0
6,31741,413.0
6,31759,413.0
6,31785,413.0
6,31815,413.0
6,31845,413.0
6,31875,413.0
6,31889,413.0
6,31915,413.0
6,31929,413.0
6,31945,413.0
6,31959,413.0
6,31961,413.0
6,31989,413.0
6,32021,413.0
6,32035,413.0
6,32051,413.0
6,32065,413.0
6,32083,413.0
6,32103,413.0
7,22172,328.0
7,22200,328.0
7,22214,328.0
7,22242,338.0
7,22679,338.0
7,22709,338.0
7,22727,338.0
7,22741,338.0
7,22767,338.0
7,22769,338.0
7,22795,338.0
7,22825,338.0
7,22853,338.0
7,22867,355.0
7,22893,355.0
7,22895,355.0
7,22909,355.0
7,22923,355.0
7,22951,355.0
7,22965,355.0
7,22995,355.0
7,23009,355.0
7,23011,355.0
7,23037,355.0
7,23051,355.0
7,23065,355.0
7,23093,355.0
7,23119,355.0
7,23147,355.0
7,23173,355.0
7,23187,355.0
7,23201,355.0
7,23203,355.0
7,23217,355.0
7,23243,357.0
7,23259,357.0
7,23273,357.0
7,23275,357.0
7,23277,357.0
7,23305,357.0
7,23321,357.0
7,23349,357.0
7,23377,357.0
7,23393,357.0
7,23407,357.0
7,23435,357.0
7,23449,357.0
7,23463,357.0
7,23479,357.0
7,23507,357.0
7,23509,357.0
7,23537,359.0
7,23563,359.0
7,23577,359.0
7,23591,359.0
7,23605,359.0
7,23619,359.0
7,23647,359.0
7,23673,359.0
7,23675,359.0
7,23705,359.0
7,23723,359.0
7,23741,359.0
7,23757,359.0
7,23783,359.0
7,23811,359.0
7,23837,359.0
7,23857,359.0
7,23875,359.0
7,23903,359.0
7,23917,359.0
7,23943,359.0
7,23971,359.0
7,24003,359.0
7,24021,359.0
7,24037,359.0
7,24051,359.0
7,24053,359.0
7,24069,359.0
7,24087,359.0
7,24117,359.0
7,24147,359.0
7,24173,359.0
7,24203,359.0
7,24231,359.0
7,24247,359.0
7,24261,359.0
7,24291,359.0
7,24305,363.0
7,24323,363.0
7,24337,363.0
7,24351,369.0
7,24365,373.0
7,24367,373.0
7,24387,373.0
7,24413,373.0
7,24427,373.0
7,24455,373.0
7,24457,373.0
7,24471,373.0
7,24503,373.0
7,24531,373.0
7,24547,373.0
7,24561,384.0
7,24587,384.0
7,24589,384.0
7,24591,384.0
7,24607,384.0
7,24633,384.0
7,24647,384.0
7,24661,384.0
7,24693,384.0
7,24729,384.0
7,24757,384.0
7,24773,384.0
7,24805,384.0
7,24807,384.0
7,24837,384.0
7,24855,384.0
7,24871,384.0
7,24887,384.0
7,24915,384.0
7,24931,384.0
7,24945,384.0
7,24973,384.0
7,24975,384.0
7,24989,384.0
7,25017,384.0
7,25045,384.0
7,25071,391.0
7,25085,391.0
7,25087,391.0
7,25101,391.0
7,25119,391.0
7,25133,391.0
7,25169,391.0
7,25197,391.0
7,25225,391.0
7,25241,391.0
7,25267,391.0
7,25281,404.0
7,25299,404.0
7,25329,404.0
7,25357,404.0
7,25385,404.0
7,25399,404.0
7,25413,404.0
7,25427,404.0
7,25429,404.0
7,25443,404.0
7,25459,404.0
7,25461,404.0
7,25475,404.0
7,25491,404.0
7,25519,404.0
7,25545,404.0
7,25561,404.0
7,25593,404.0
7,25609,404.0
7,25623,404.0
7,25625,404.0
7,25651,404.0
7,25665,405.0
7,25691,405.0
7,25693,405.0
7,25719,405.0
7,25747,405.0
7,25761,405.0
7,25775,405.0
7,25789,405.0
7,25815,405.0
7,25829,405.0
7,25843,405.0
7,25857,405.0
7,25873,405.0
7,25875,405.0
7,25901,405.0
7,25915,405.0
7,25929,405.0
7,25943,405.0
7,25969,405.0
7,26001,405.0
7,26003,405.0
7,26019,405.0
7,26045,405.0
7,26073,413.0
7,26075,413.0
7,26077,413.0
7,26079,413.0
7,26105,413.0
7,26131,413.0
7,26145,413.0
7,26171,413.0
7,26197,413.0
7,26223,413.0
7,26237,413.0
7,26251,413.0
7,26253,413.0
7,26267,413.0
7,26297,413.0
7,26323,413.0
7,26337,413.0
7,26363,413.0
7,26365,413.0
7,26367,413.0
7,26393,413.0
7,26395,413.0
7,26411,413.0
7,26441,413.0
7,26469,413.0
7,26495,413.0
7,26523,413.0
7,26525,413.0
7,26551,413.0
7,26579,413.0
7,26595,413.0
7,26611,413.0
7,26639,413.0
7,26665,413.0
7,26679,413.0
7,26707,413.0
7,26721,413.0
7,26735,413.0
7,26763,413.0
7,26791,413.0
7,26805,413.0
7,26807,413.0
7,26809,413.0
7,26837,413.0
7,26851,413.0
7,26865,413.0
7,26885,413.0
7,26899,413.0
7,26915,413.0
7,26945,413.0
7,26973,413.0
7,26989,413.0
7,27003,413.0
7,27017,413.0
7,27033,413.0
7,27059,413.0
7,27087,413.0
7,27103,413.0
7,27133,413.0
7,27147,413.0
7,27161,413.0
7,27163,413.0
7,27177,413.0
7,27191,413.0
7,27219,413.0
7,27247,413.0
7,27263,413.0
7,27265,413.0
7,27279,413.0
7,27281,413.0
7,27295,413.0
7,27311,413.0
7,27313,413.0
7,27339,413.0
7,27355,413.0
7,27357,413.0
7,27385,413.0
7,27399,413.0
7,27401,413.0
7,27415,413.0
7,27441,413.0
7,27455,413.0
7,27469,413.0
7,27497,413.0
7,27527,413.0
7,27529,413.0
7,27547,413.0
7,27573,413.0
7,27601,413.0
7,27627,413.0
7,27653,413.0
7,27669,413.0
7,27697,413.0
7,27723,413.0
7,27751,413.0
7,27765,413.0
7,27779,413.0
7,27805,413.0
7,27833,413.0
7,27847,413.0
7,27875,413.0
7,27877,413.0
7,27891,413.0
7,27893,413.0
7,27895,413.0
7,27909,413.0
7,27935,413.0
7,27961,413.0
7,27975,413.0
7,28003,413.0
7,28017,413.0
7,28033,413.0
7,28049,413.0
7,28063,413.0
7,28065,413.0
7,28067,413.0
7,28069,413.0
7,28095,413.0
7,28121,413.0
7,28123,413.0
7,28137,413.0
7,28155,413.0
7,28183,413.0
7,28201,413.0
7,28217,413.0
7,28233,413.0
7,28247,413.0
7,28261,413.0
7,28287,413.0
7,28315,413.0
7,28331,413.0
7,28361,413.0
7,28375,413.0
7,28401,413.0
7,28427,413.0
7,28443,413.0
7,28445,413.0
7,28447,413.0
7,28461,413.0
7,28475,413.0
7,28493,413.0
7,28519,413.0
7,28535,413.0
7,28563,413.0
7,28579,413.0
7,28581,413.0
7,28595,413.0
7,28609,413.0
7,28623,413.0
7,28651,413.0
7,28685,413.0
7,28703,413.0
7,28733,413.0
7,28749,413.0
7,28763,413.0
7,28791,413.0
7,28819,413.0
7,28847,413.0
7,28861,413.0
7,28887,413.0
7,28901,413.0
7,28929,413.0
7,28957,413.0
7,28959,413.0
7,28987,413.0
7,29005,413.0
7,29007,413.0
7,29021,413.0
7,29035,413.0
7,29061,413.0
7,29075,413.0
7,29091,413.0
7,29117,413.0
7,29143,413.0
7,29159,413.0
7,29189,413.0
7,29219,413.0
7,29245,413.0
7,29247,413.0
7,29261,413.0
7,29291,413.0
7,29305,413.0
7,29335,413.0
7,29363,413.0
7,29391,413.0
7,29405,413.0
7,29433,413.0
7,29459,413.0
7,29473,413.0
7,29491,413.0
7,29517,413.0
7,29543,413.0
7,29569,413.0
7,29599,413.0
7,29615,413.0
7,29631,413.0
7,29659,413.0
7,29673,413.0
7,29687,413.0
7,29689,413.0
7,29703,413.0
7,29721,413.0
7,29749,413.0
7,29775,418.0
7,29793,418.0
7,29827,418.0
7,29843,418.0
7,29871,418.0
7,29885,418.0
7,29899,418.0
7,29925,418.0
7,29953,418.0
7,29967,418.0
7,30001,418.0
7,30033,418.0
7,30061,418.0
7,30087,418.0
7,30119,418.0
7,30147,418.0
7,30165,418.0
7,30179,418.0
7,30207,418.0
7,30209,418.0
7,30223,418.0
7,30239,418.0
7,30269,418.0
7,30295,418.0
7,30309,418.0
7,30323,418.0
7,30337,418.0
7,30363,418.0
7,30389,418.0
7,30403,418.0
7,30405,418.0
7,30439,418.0
7,30441,418.0
7,30461,418.0
7,30475,418.0
7,30505,418.0
7,30507,418.0
7,30535,418.0
7,30551,418.0
7,30565,418.0
7,30579,418.0
7,30607,418.0
7,30621,418.0
7,30653,418.0
7,30667,418.0
7,30681,418.0
7,30695,418.0
7,30709,418.0
7,30739,418.0
7,30753,418.0
7,30779,418.0
7,30797,418.0
7,30823,418.0
7,30855,418.0
7,30869,418.0
7,30885,418.0
7,30887,418.0
7,30901,418.0
7,30931,418.0
7,30933,418.0
7,30947,418.0
7,30963,418.0
7,30965,418.0
7,30995,418.0
7,30997,418.0
7,31023,418.0
7,31051,418.0
7,31065,418.0
7,31067,418.0
7,31069,418.0
7,31097,418.0
7,31113,418.0
7,31143,418.0
7,31145,418.0
7,31177,418.0
7,31205,418.0
7,31223,418.0
7,31251,418.0
7,31265,418.0
7,31279,418.0
7,31281,418.0
7,31313,418.0
7,31331,418.0
7,31361,419.0
7,31389,419.0
7,31415,419.0
7,31433,419.0
7,31435,419.0
7,31451,419.0
7,31481,419.0
7,31507,419.0
7,31509,419.0
7,31511,419.0
7,31525,419.0
7,31551,419.0
7,31565,419.0
7,31579,419.0
7,31593,419.0
7,31625,419.0
7,31641,419.0
7,31643,419.0
7,31659,419.0
7,31673,419.0
7,31675,419.0
7,31701,419.0
7,31703,419.0
7,31729,419.0
7,31745,419.0
7,31771,419.0
7,31785,419.0
7,31799,419.0
7,31817,419.0
7,31831,419.0
7,31833,419.0
7,31835,419.0
7,31863,419.0
7,31893,419.0
7,31929,419.0
7,31965,419.0
7,31981,419.0
7,31995,419.0
7,32013,419.0
7,32027,419.0
7,32053,419.0
7,32067,419.0
7,32069,419.0
7,32071,419.0
7,32085,419.0
7,32117,419.0
7,32145,419.0
7,32161,419.0
8,22228,296.0
8,22242,297.0
8,22244,297.0
8,22260,297.0
8,22274,297.0
8,22288,322.0
8,22302,322.0
8,22328,322.0
8,22344,322.0
8,22358,322.0
8,22388,322.0
8,22390,322.0
8,22404,336.0
8,22430,336.0
8,22448,336.0
8,22480,336.0
8,22494,336.0
8,22516,336.0
8,22530,336.0
8,22544,336.0
8,22562,336.0
8,23037,336.0
8,23067,336.0
8,23069,336.0
8,23105,358.0
8,23133,358.0
8,23147,358.0
8,23149,358.0
8,23163,358.0
8,23191,358.0
8,23205,358.0
8,23233,358.0
8,23249,358.0
8,23251,358.0
8,23269,358.0
8,23271,358.0
8,23297,365.0
8,23323,365.0
8,23325,365.0
8,23351,365.0
8,23365,365.0
8,23399,365.0
8,23429,365.0
8,23457,365.0
8,23471,365.0
8,23473,365.0
8,23475,365.0
8,23489,366.0
8,23503,366.0
8,23533,366.0
8,23559,366.0
8,23587,366.0
8,23589,366.0
8,23617,366.0
8,23647,366.0
8,23675,366.0
8,23703,366.0
8,23729,379.0
8,23747,379.0
8,23761,379.0
8,23791,379.0
8,23805,379.0
8,23807,379.0
8,23809,379.0
8,23825,379.0
8,23827,379.0
8,23841,379.0
8,23855,379.0
8,23883,379.0
8,23899,379.0
8,23913,379.0
8,23929,379.0
8,23947,379.0
8,23977,379.0
8,23979,379.0
8,23993,379.0
8,24021,379.0
8,24037,379.0
8,24051,379.0
8,24053,379.0
8,24055,379.0
8,24071,379.0
8,24103,379.0
8,24117,379.0
8,24143,379.0
8,24171,379.0
8,24187,379.0
8,24205,379.0
8,24219,379.0
8,24233,379.0
8,24247,379.0
8,24275,379.0
8,24303,379.0
8,24331,379.0
8,24345,379.0
8,24347,379.0
8,24361,379.0
8,24391,379.0
8,24425,379.0
8,24439,379.0
8,24465,379.0
8,24491,379.0
8,24507,379.0
8,24521,379.0
8,24537,379.0
8,24551,380.0
8,24565,380.0
8,24581,380.0
8,24609,380.0
8,24635,380.0
8,24651,380.0
8,24679,380.0
8,24697,380.0
8,24723,380.0
8,24739,380.0
8,24741,380.0
8,24757,380.0
8,24785,380.0
8,24787,380.0
8,24821,380.0
8,24837,380.0
8,24867,380.0
8,24895,380.0
8,24897,380.0
8,24913,380.0
8,24927,380.0
8,24955,380.0
8,24969,380.0
8,24983,380.0
8,24997,380.0
8,25011,380.0
8,25025,380.0
8,25039,380.0
8,25059,380.0
8,25061,380.0
8,25089,380.0
8,25091,380.0
8,25119,380.0
8,25133,380.0
8,25149,380.0
8,25163,382.0
8,25179,382.0
8,25193,382.0
8,25209,382.0
8,25235,382.0
8,25249,382.0
8,25265,382.0
8,25291,382.0
8,25305,382.0
8,25319,382.0
8,25333,382.0
8,25349,382.0
8,25351,382.0
8,25377,382.0
8,25407,382.0
8,25421,382.0
8,25435,382.0
8,25437,382.0
8,25439,382.0
8,25467,382.0
8,25481,382.0
8,25507,382.0
8,25523,382.0
8,25537,382.0
8,25553,382.0
8,25567,382.0
8,25581,382.0
8,25599,382.0
8,25613,382.0
8,25627,382.0
8,25655,382.0
8,25681,382.0
8,25713,382.0
8,25739,382.0
8,25769,382.0
8,25783,382.0
8,25797,382.0
8,25799,382.0
8,25817,382.0
8,25847,382.0
8,25861,382.0
8,25875,386.0
8,25903,386.0
8,25931,386.0
8,25949,386.0
8,25979,386.0
8,25993,386.0
8,25995,386.0
8,26011,386.0
8,26041,386.0
8,26057,386.0
8,26071,386.0
8,26101,386.0
8,26115,386.0
8,26143,386.0
8,26157,386.0
8,26183,386.0
8,26197,386.0
8,26211,386.0
8,26213,386.0
8,26239,390.0
8,26241,390.0
8,26267,390.0
8,26281,390.0
8,26297,390.0
8,26299,390.0
8,26313,390.0
8,26329,390.0
8,26331,390.0
8,26357,390.0
8,26371,390.0
8,26387,390.0
8,26403,390.0
8,26431,390.0
8,26457,392.0
8,26471,392.0
8,26485,392.0
8,26513,392.0
8,26527,392.0
8,26543,392.0
8,26577,392.0
8,26579,392.0
8,26593,392.0
8,26595,392.0
8,26623,392.0
8,26625,392.0
8,26651,392.0
8,26679,392.0
8,26709,392.0
8,26723,392.0
8,26751,392.0
8,26783,392.0
8,26813,392.0
8,26827,392.0
8,26845,392.0
8,26875,392.0
8,26905,392.0
8,26921,392.0
8,26935,392.0
8,26961,392.0
8,26975,392.0
8,27003,392.0
8,27031,392.0
8,27047,392.0
8,27063,392.0
8,27079,392.0
8,27095,392.0
8,27121,401.0
8,27135,401.0
8,27151,401.0
8,27165,401.0
8,27179,401.0
8,27195,401.0
8,27221,401.0
8,27247,401.0
8,27273,401.0
8,27289,401.0
8,27303,401.0
8,27305,401.0
8,27321,401.0
8,27337,401.0
8,27351,401.0
8,27365,401.0
8,27391,401.0
8,27419,401.0
8,27437,401.0
8,27465,401.0
8,27479,401.0
8,27505,401.0
8,27519,401.0
8,27521,401.0
8,27537,401.0
8,27551,401.0
8,27553,401.0
8,27581,401.0
8,27583,401.0
8,27601,401.0
8,27617,401.0
8,27643,401.0
8,27657,401.0
8,27685,401.0
8,27705,401.0
8,27719,401.0
8,27737,401.0
8,27751,401.0
8,27787,401.0
8,27801,401.0
8,27815,401.0
8,27829,401.0
8,27831,401.0
8,27859,401.0
8,27889,401.0
8,27915,401.0
8,27941,405.0
8,27943,405.0
8,27959,405.0
8,27995,405.0
8,28021,405.0
8,28035,405.0
8,28063,405.0
8,28079,405.0
8,28093,405.0
8,28107,405.0
8,28123,405.0
8,28137,405.0
8,28163,405.0
8,28179,405.0
8,28205,405.0
8,28219,405.0
8,28237,405.0
8,28263,406.0
8,28265,406.0
8,28267,406.0
8,28293,406.0
8,28319,412.0
8,28345,412.0
8,28371,412.0
8,28385,412.0
8,28387,412.0
8,28401,412.0
8,28427,412.0
8,28443,412.0
8,28457,412.0
8,28471,412.0
8,28485,412.0
8,28511,412.0
8,28525,412.0
8,28543,412.0
8,28569,412.0
8,28571,412.0
8,28573,412.0
8,28599,412.0
8,28629,412.0
8,28655,412.0
8,28671,412.0
8,28699,412.0
8,28701,412.0
8,28703,412.0
8,28719,412.0
8,28735,412.0
8,28753,412.0
8,28781,412.0
8,28795,412.0
8,28821,412.0
8,28835,412.0
8,28861,412.0
8,28875,412.0
8,28903,412.0
8,28929,412.0
8,28947,412.0
8,28963,412.0
8,28965,412.0
8,28967,412.0
8,28981,412.0
8,28995,412.0
8,29009,412.0
8,29023,412.0
8,29025,412.0
8,29027,412.0
8,29055,412.0
8,29073,412.0
8,29075,412.0
8,29093,412.0
8,29107,412.0
8,29133,412.0
8,29149,412.0
8,29169,412.0
8,29199,412.0
8,29213,412.0
8,29245,412.0
8,29273,412.0
8,29289,412.0
8,29315,412.0
8,29345,412.0
8,29371,412.0
8,29397,414.0
8,29427,414.0
8,29441,414.0
8,29465,414.0
8,29493,414.0
8,29507,414.0
8,29525,414.0
8,29553,414.0
8,29569,414.0
8,29583,414.0
8,29599,414.0
8,29619,414.0
8,29635,414.0
8,29665,414.0
8,29691,414.0
8,29719,414.0
8,29753,414.0
8,29783,414.0
8,29809,414.0
8,29823,414.0
8,29837,414.0
8,29851,414.0
8,29865,414.0
8,29879,414.0
8,29905,414.0
8,29921,414.0
8,29937,414.0
8,29965,414.0
8,29967,414.0
8,29969,414.0
8,29983,414.0
8,30009,414.0
8,30025,414.0
8,30039,414.0
8,30067,414.0
8,30085,414.0
8,30099,414.0
8,30129,414.0
8,30155,414.0
8,30183,414.0
8,30185,414.0
8,30201,414.0
8,30215,414.0
8,30229,414.0
8,30231,414.0
8,30259,414.0
8,30275,414.0
8,30293,414.0
8,30309,414.0
8,30327,414.0
8,30357,414.0
8,30359,414.0
8,30375,414.0
8,30389,414.0
8,30409,414.0
8,30425,414.0
8,30427,414.0
8,30441,414.0
8,30443,414.0
8,30457,414.0
8,30487,418.0
8,30489,418.0
8,30505,418.0
8,30533,418.0
8,30551,418.0
8,30577,418.0
8,30593,418.0
8,30609,418.0
8,30627,418.0
8,30629,418.0
8,30663,418.0
8,30691,418.0
8,30717,418.0
8,30743,418.0
8,30759,418.0
8,30791,418.0
8,30805,418.0
8,30831,418.0
8,30847,418.0
8,30873,418.0
8,30887,418.0
8,30917,418.0
8,30919,418.0
8,30933,418.0
8,30963,418.0
8,30965,418.0
8,30979,418.0
8,30993,418.0
8,31019,418.0
8,31021,418.0
8,31037,418.0
8,31053,418.0
8,31081,418.0
8,31095,418.0
8,31125,418.0
8,31151,418.0
8,31167,418.0
8,31183,418.0
8,31199,418.0
8,31227,418.0
8,31245,418.0
8,31271,418.0
8,31287,418.0
8,31305,418.0
8,31325,418.0
8,31351,418.0
8,31365,418.0
8,31367,418.0
8,31399,418.0
8,31413,418.0
8,31427,418.0
8,31453,418.0
8,31467,418.0
8,31485,418.0
8,31499,418.0
8,31529,418.0
8,31543,418.0
8,31573,418.0
8,31601,418.0
8,31629,418.0
8,31659,418.0
8,31685,418.0
8,31701,418.0
8,31717,418.0
8,31743,418.0
8,31745,418.0
8,31773,418.0
8,31775,418.0
8,31777,418.0
8,31779,418.0
8,31805,418.0
8,31819,418.0
8,31851,418.0
8,31865,418.0
8,31879,418.0
8,31905,418.0
8,31907,418.0
8,31921,418.0
8,31949,418.0
8,31951,418.0
8,31979,418.0
8,31981,418.0
8,32007,418.0
8,32009,418.0
8,32023,418.0
8,32051,418.0
8,32065,418.0
8,32093,418.0
8,32109,418.0
8,32139,418.0
8,32153,418.0
8,32167,418.0
8,32181,418.0
8,32209,418.0
8,32223,418.0
9,22044,303.0
9,22064,303.0
9,22080,303.0
9,22110,303.0
9,22136,323.0
9,22150,323.0
9,22607,323.0
9,22623,323.0
9,22637,323.0
9,22639,323.0
9,22655,323.0
9,22669,323.0
9,22695,323.0
9,22721,327.0
9,22737,327.0
9,22739,327.0
9,22741,327.0
9,22769,340.0
9,22783,340.0
9,22797,340.0
9,22799,340.0
9,22801,340.0
9,22831,340.0
9,22857,340.0
9,22887,340.0
9,22903,340.0
9,22919,340.0
9,22949,340.0
9,22965,340.0
9,22979,344.0
9,22981,344.0
9,22995,344.0
9,23021,344.0
9,23051,344.0
9,23065,344.0
9,23081,344.0
9,23107,344.0
9,23137,344.0
9,23163,344.0
9,23189,344.0
9,23203,366.0
9,23233,366.0
9,23265,366.0
9,23281,366.0
9,23295,366.0
9,23321,366.0
9,23335,366.0
9,23363,366.0
9,23377,366.0
9,23405,366.0
9,23421,366.0
9,23437,366.0
9,23465,366.0
9,23491,366.0
9,23507,366.0
9,23521,366.0
9,23523,366.0
9,23525,366.0
9,23541,366.0
9,23567,366.0
9,23581,366.0
9,23583,366.0
9,23599,366.0
9,23631,366.0
9,23661,366.0
9,23687,366.0
9,23715,366.0
9,23729,366.0
9,23747,366.0
9,23761,369.0
9,23763,369.0
9,23765,369.0
9,23791,369.0
9,23821,369.0
9,23835,369.0
9,23849,369.0
9,23863,369.0
9,23879,369.0
9,23881,369.0
9,23895,369.0
9,23909,369.0
9,23925,369.0
9,23927,369.0
9,23953,369.0
9,23969,369.0
9,23971,369.0
9,23973,369.0
9,24001,369.0
9,24003,369.0
9,24029,369.0
9,24031,369.0
9,24059,369.0
9,24061,369.0
9,24063,369.0
9,24081,369.0
9,24083,369.0
9,24101,369.0
9,24103,369.0
9,24117,369.0
9,24131,369.0
9,24133,369.0
9,24147,369.0
9,24161,369.0
9,24191,369.0
9,24209,369.0
9,24235,369.0
9,24249,369.0
9,24263,369.0
9,24277,377.0
9,24279,377.0
9,24281,377.0
9,24311,377.0
9,24325,377.0
9,24339,377.0
9,24353,377.0
9,24369,377.0
9,24395,377.0
9,24409,377.0
9,24425,377.0
9,24453,377.0
9,24481,377.0
9,24497,377.0
9,24499,377.0
9,24513,377.0
9,24527,379.0
9,24541,379.0
9,24567,379.0
9,24597,379.0
9,24625,383.0
9,24639,383.0
9,24653,383.0
9,24667,383.0
9,24669,383.0
9,24683,383.0
9,24711,383.0
9,24727,383.0
9,24741,383.0
9,24759,383.0
9,24773,383.0
9,24787,391.0
9,24813,391.0
9,24827,391.0
9,24829,391.0
9,24859,391.0
9,24875,391.0
9,24903,391.0
9,24919,391.0
9,24933,391.0
9,24947,391.0
9,24961,391.0
9,24987,391.0
9,25003,391.0
9,25035,391.0
9,25049,391.0
9,25051,391.0
9,25053,391.0
9,25081,391.0
9,25107,391.0
9,25123,391.0
9,25125,391.0
9,25139,391.0
9,25167,391.0
9,25181,391.0
9,25183,391.0
9,25201,391.0
9,25217,391.0
9,25231,391.0
9,25247,391.0
9,25249,391.0
9,25267,391.0
9,25297,391.0
9,25323,391.0
9,25325,391.0
9,25339,391.0
9,25353,391.0
9,25367,391.0
9,25369,391.0
9,25397,391.0
9,25399,391.0
9,25413,391.0
9,25439,391.0
9,25441,391.0
9,25467,391.0
9,25483,391.0
9,25485,391.0
9,25501,391.0
9,25531,391.0
9,25545,398.0
9,25573,398.0
9,25599,398.0
9,25615,398.0
9,25629,398.0
9,25631,398.0
9,25661,398.0
9,25663,398.0
9,25665,398.0
9,25685,398.0
9,25701,398.0
9,25703,398.0
9,25719,398.0
9,25737,398.0
9,25767,398.0
9,25769,398.0
9,25799,398.0
9,25829,398.0
9,25861,398.0
9,25879,398.0
9,25909,398.0
9,25935,398.0
9,25937,398.0
9,25951,398.0
9,25979,398.0
9,25993,398.0
9,26019,398.0
9,26055,398.0
9,26081,398.0
9,26095,398.0
9,26123,398.0
9,26151,398.0
9,26167,398.0
9,26169,398.0
9,26185,398.0
9,26199,398.0
9,26217,398.0
9,26231,398.0
9,26245,398.0
9,26259,398.0
9,26285,398.0
9,26313,398.0
9,26327,398.0
9,26355,398.0
9,26385,398.0
9,26413,398.0
9,26443,398.0
9,26469,398.0
9,26495,398.0
9,26525,398.0
9,26551,398.0
9,26567,398.0
9,26597,398.0
9,26611,398.0
9,26637,398.0
9,26653,398.0
9,26681,398.0
9,26697,398.0
9,26711,398.0
9,26725,398.0
9,26751,398.0
9,26753,398.0
9,26783,398.0
9,26797,398.0
9,26823,399.0
9,26837,399.0
9,26839,399.0
9,26853,399.0
9,26871,399.0
9,26897,399.0
9,26913,399.0
9,26927,401.0
9,26943,401.0
9,26969,401.0
9,26985,401.0
9,26999,401.0
9,27013,401.0
9,27039,403.0
9,27065,406.0
9,27093,406.0
9,27123,406.0
9,27153,406.0
9,27167,406.0
9,27183,406.0
9,27197,406.0
9,27211,406.0
9,27239,406.0
9,27241,406.0
9,27267,406.0
9,27295,406.0
9,27327,406.0
9,27341,406.0
9,27357,406.0
9,27371,406.0
9,27385,411.0
9,27411,411.0
9,27427,411.0
9,27443,411.0
9,27445,411.0
9,27459,411.0
9,27475,411.0
9,27477,411.0
9,27503,411.0
9,27521,411.0
9,27523,411.0
9,27525,411.0
9,27551,412.0
9,27565,412.0
9,27579,412.0
9,27605,412.0
9,27607,412.0
9,27625,412.0
9,27639,412.0
9,27667,412.0
9,27697,412.0
9,27725,412.0
9,27753,412.0
9,27755,412.0
9,27781,412.0
9,27811,412.0
9,27825,412.0
9,27851,412.0
9,27865,412.0
9,27879,412.0
9,27905,412.0
9,27927,412.0
9,27945,412.0
9,27961,412.0
9,27987,412.0
9,28001,412.0
9,28027,412.0
9,28029,412.0
9,28055,412.0
9,28057,412.0
9,28073,412.0
9,28089,412.0
9,28103,412.0
9,28119,412.0
9,28147,412.0
9,28161,412.0
9,28175,412.0
9,28189,412.0
9,28205,412.0
9,28219,412.0
9,28233,412.0
9,28247,412.0
9,28261,412.0
9,28275,412.0
9,28303,412.0
9,28317,412.0
9,28343,412.0
9,28359,412.0
9,28377,412.0
9,28379,412.0
9,28409,412.0
9,28423,412.0
9,28437,412.0
9,28451,413.0
9,28465,413.0
9,28503,413.0
9,28517,413.0
9,28533,413.0
9,28547,413.0
9,28573,413.0
9,28605,413.0
9,28619,413.0
9,28645,415.0
9,28673,416.0
9,28701,416.0
9,28721,416.0
9,28735,416.0
9,28749,416.0
9,28779,416.0
9,28793,416.0
9,28807,416.0
9,28835,416.0
9,28837,416.0
9,28855,416.0
9,28869,416.0
9,28883,417.0
9,28909,417.0
9,28925,417.0
9,28941,417.0
9,28957,417.0
9,28971,417.0
9,28985,417.0
9,29003,417.0
9,29005,417.0
9,29033,417.0
9,29059,417.0
9,29073,417.0
9,29087,417.0
9,29089,417.0
9,29117,417.0
9,29143,417.0
9,29169,417.0
9,29199,417.0
9,29227,417.0
9,29229,417.0
9,29263,417.0
9,29279,417.0
9,29305,417.0
9,29319,417.0
9,29335,417.0
9,29351,417.0
9,29379,417.0
9,29395,417.0
9,29421,417.0
9,29451,417.0
9,29471,417.0
9,29499,417.0
9,29515,417.0
9,29543,417.0
9,29545,417.0
9,29559,417.0
9,29561,417.0
9,29575,417.0
9,29589,417.0
9,29623,417.0
9,29655,417.0
9,29669,417.0
9,29683,417.0
9,29697,417.0
9,29725,417.0
9,29739,417.0
9,29757,417.0
9,29775,417.0
9,29791,417.0
9,29805,417.0
9,29807,417.0
9,29821,417.0
9,29837,417.0
9,29867,417.0
9,29881,417.0
9,29899,417.0
9,29901,417.0
9,29915,417.0
9,29947,417.0
9,29963,417.0
9,29977,417.0
9,29991,417.0
9,30005,417.0
9,30021,417.0
9,30049,417.0
9,30051,417.0
9,30053,417.0
9,30069,417.0
9,30083,417.0
9,30097,417.0
9,30123,417.0
9,30139,417.0
9,30153,417.0
9,30155,417.0
9,30183,417.0
9,30211,417.0
9,30237,417.0
9,30251,417.0
9,30267,417.0
9,30287,417.0
9,30313,417.0
9,30329,417.0
9,30331,417.0
9,30333,417.0
9,30361,417.0
9,30377,417.0
9,30397,417.0
9,30415,417.0
9,30447,417.0
9,30473,417.0
9,30503,417.0
9,30519,417.0
9,30549,417.0
9,30577,417.0
9,30605,417.0
9,30621,417.0
9,30637,417.0
9,30665,417.0
9,30667,417.0
9,30687,417.0
9,30713,417.0
9,30729,417.0
9,30745,417.0
9,30777,417.0
9,30793,417.0
9,30821,417.0
9,30837,417.0
9,30863,417.0
9,30879,417.0
9,30895,417.0
9,30909,417.0
9,30911,417.0
9,30913,417.0
9,30915,417.0
9,30929,417.0
9,30931,417.0
9,30951,417.0
9,30965,417.0
9,30981,417.0
9,30997,417.0
9,30999,417.0
9,31025,417.0
9,31043,417.0
9,31057,417.0
9,31085,417.0
9,31099,417.0
9,31125,417.0
9,31151,417.0
9,31179,417.0
9,31193,417.0
9,31221,417.0
9,31235,417.0
9,31253,417.0
9,31271,417.0
9,31285,417.0
9,31301,417.0
9,31303,417.0
9,31335,417.0
9,31349,417.0
9,31367,417.0
9,31383,417.0
9,31397,417.0
9,31413,417.0
9,31415,417.0
9,31429,417.0
9,31443,417.0
9,31459,417.0
9,31485,417.0
9,31499,417.0
9,31519,417.0
9,31533,417.0
9,31547,417.0
9,31549,417.0
9,31575,417.0
9,31605,417.0
9,31621,417.0
9,31635,417.0
9,31651,417.0
9,31677,417.0
9,31693,417.0
9,31695,417.0
9,31697,417.0
9,31723,417.0
9,31741,417.0
9,31755,417.0
9,31781,417.0
9,31795,417.0
9,31815,417.0
9,31829,417.0
9,31855,417.0
9,31885,417.0
9,31887,417.0
9,31889,417.0
9,31915,417.0
9,31917,417.0
9,31931,417.0
9,31957,417.0
9,31971,417.0
9,31999,417.0
9,32025,417.0
9,32027,417.0
10,22366,297.0
10,22396,297.0
10,22863,326.0
10,22865,326.0
10,22879,326.0
10,22899,326.0
10,22913,326.0
10,22915,326.0
10,22941,326.0
10,22955,326.0
10,22969,336.0
10,22999,336.0
10,23029,336.0
10,23043,336.0
10,23057,336.0
10,23059,336.0
10,23061,336.0
10,23087,353.0
10,23101,353.0
10,23127,353.0
10,23141,353.0
10,23155,353.0
10,23181,353.0
10,23197,353.0
10,23225,353.0
10,23241,353.0
10,23267,353.0
10,23295,353.0
10,23323,353.0
10,23337,353.0
10,23351,353.0
10,23365,353.0
10,23393,353.0
10,23395,353.0
10,23423,353.0
10,23453,353.0
10,23467,353.0
10,23481,353.0
10,23495,353.0
10,23523,353.0
10,23549,353.0
10,23575,353.0
10,23601,353.0
10,23627,353.0
10,23641,353.0
10,23671,353.0
10,23701,353.0
10,23731,353.0
10,23749,353.0
10,23765,353.0
10,23779,353.0
10,23781,353.0
10,23795,370.0
10,23797,370.0
10,23799,370.0
10,23801,370.0
10,23803,370.0
10,23821,370.0
10,23849,370.0
10,23851,370.0
10,23877,370.0
10,23907,370.0
10,23935,370.0
10,23951,370.0
10,23979,370.0
10,23995,370.0
10,23997,370.0
10,24015,370.0
10,24035,370.0
10,24049,370.0
10,24075,370.0
10,24103,370.0
10,24119,370.0
10,24147,370.0
10,24177,370.0
10,24205,370.0
10,24219,370.0
10,24233,370.0
10,24235,370.0
10,24265,370.0
10,24295,370.0
10,24321,370.0
10,24335,370.0
10,24371,370.0
10,24385,370.0
10,24413,370.0
10,24427,370.0
10,24441,370.0
10,24471,370.0
10,24487,370.0
10,24519,370.0
10,24547,370.0
10,24577,370.0
10,24595,370.0
10,24609,370.0
10,24635,370.0
10,24649,370.0
10,24663,370.0
10,24665,370.0
10,24681,370.0
10,24695,391.0
10,24697,391.0
10,24711,391.0
10,24739,391.0
10,24753,391.0
10,24769,391.0
10,24797,391.0
10,24827,391.0
10,24841,391.0
10,24857,391.0
10,24883,391.0
10,24899,391.0
10,24915,391.0
10,24929,391.0
10,24957,391.0
10,24971,391.0
10,24985,391.0
10,25013,391.0
10,25029,391.0
10,25057,391.0
10,25087,391.0
10,25103,391.0
10,25119,391.0
10,25133,391.0
10,25163,391.0
10,25165,391.0
10,25181,391.0
10,25195,391.0
10,25221,391.0
10,25237,391.0
10,25251,391.0
10,25267,391.0
10,25285,391.0
10,25313,391.0
10,25339,391.0
10,25373,391.0
10,25387,391.0
10,25415,393.0
10,25441,393.0
10,25467,393.0
10,25481,393.0
10,25507,393.0
10,25533,393.0
10,25547,393.0
10,25563,393.0
10,25579,393.0
10,25607,393.0
10,25621,393.0
10,25643,393.0
10,25657,393.0
10,25671,393.0
10,25685,393.0
10,25701,393.0
10,25715,393.0
10,25717,393.0
10,25733,393.0
10,25761,393.0
10,25777,393.0
10,25779,393.0
10,25797,393.0
10,25813,393.0
10,25815,393.0
10,25829,393.0
10,25859,393.0
10,25885,393.0
10,25917,393.0
10,25931,393.0
10,25957,393.0
10,25971,393.0
10,25973,393.0
10,26005,393.0
10,26019,393.0
10,26055,393.0
10,26069,393.0
10,26099,393.0
10,26125,393.0
10,26153,393.0
10,26167,393.0
10,26169,393.0
10,26183,393.0
10,26199,393.0
10,26225,393.0
10,26227,393.0
10,26245,393.0
10,26271,393.0
10,26297,393.0
10,26313,393.0
10,26339,393.0
10,26365,393.0
10,26379,393.0
10,26393,393.0
10,26395,393.0
10,26409,393.0
10,26439,393.0
10,26467,393.0
10,26493,393.0
10,26509,393.0
10,26537,393.0
10,26551,393.0
10,26565,393.0
10,26583,393.0
10,26597,393.0
10,26599,393.0
10,26613,393.0
10,26639,393.0
10,26641,393.0
10,26655,393.0
10,26657,393.0
10,26683,393.0
10,26697,393.0
10,26729,393.0
10,26745,393.0
10,26777,393.0
10,26807,393.0
10,26821,393.0
10,26847,393.0
10,26877,393.0
10,26879,393.0
10,26893,398.0
10,26907,400.0
10,26935,400.0
10,26951,400.0
10,26953,400.0
10,26967,400.0
10,26995,400.0
10,27009,400.0
10,27023,400.0
10,27037,400.0
10,27053,400.0
10,27069,400.0
10,27095,402.0
10,27109,402.0
10,27125,402.0
10,27151,402.0
10,27165,402.0
10,27167,402.0
10,27185,402.0
10,27201,402.0
10,27229,402.0
10,27255,402.0
10,27281,402.0
10,27309,402.0
10,27323,402.0
10,27349,402.0
10,27351,402.0
10,27367,402.0
10,27381,402.0
10,27409,402.0
10,27437,402.0
10,27451,402.0
10,27453,402.0
10,27467,402.0
10,27495,402.0
10,27509,402.0
10,27523,402.0
10,27541,402.0
10,27567,402.0
10,27593,402.0
10,27619,402.0
10,27647,405.0
10,27661,405.0
10,27675,405.0
10,27701,405.0
10,27703,405.0
10,27729,405.0
10,27731,405.0
10,27757,405.0
10,27775,405.0
10,27801,405.0
10,27829,405.0
10,27845,405.0
10,27847,405.0
10,27861,405.0
10,27891,405.0
10,27919,405.0
10,27945,405.0
10,27959,405.0
10,27961,405.0
10,27975,405.0
10,28001,411.0
10,28031,411.0
10,28057,411.0
10,28059,411.0
10,28075,411.0
10,28089,411.0
10,28103,411.0
10,28117,411.0
10,28131,411.0
10,28163,411.0
10,28165,411.0
10,28167,411.0
10,28181,411.0
10,28207,411.0
10,28221,411.0
10,28235,411.0
10,28249,411.0
10,28265,411.0
10,28297,411.0
10,28315,411.0
10,28343,411.0
10,28369,411.0
10,28371,411.0
10,28385,411.0
10,28399,411.0
10,28413,411.0
10,28415,411.0
10,28433,411.0
10,28461,411.0
10,28477,411.0
10,28505,411.0
10,28535,411.0
10,28563,411.0
10,28591,411.0
10,28607,411.0
10,28625,411.0
10,28651,411.0
10,28669,411.0
10,28697,411.0
10,28725,411.0
10,28739,411.0
10,28753,411.0
10,28769,411.0
10,28783,411.0
10,28809,411.0
10,28811,411.0
10,28845,411.0
10,28873,412.0
10,28887,412.0
10,28901,412.0
10,28927,412.0
10,28929,412.0
10,28943,412.0
10,28945,412.0
10,28979,412.0
10,29009,412.0
10,29035,412.0
10,29051,412.0
10,29079,412.0
10,29095,412.0
10,29097,412.0
10,29111,412.0
10,29113,412.0
10,29145,416.0
10,29159,416.0
10,29185,416.0
10,29199,416.0
10,29215,416.0
10,29241,416.0
10,29271,416.0
10,29289,416.0
10,29303,416.0
10,29331,416.0
10,29347,416.0
10,29367,416.0
10,29395,426.0
10,29423,426.0
10,29425,426.0
10,29445,426.0
10,29461,426.0
10,29487,426.0
10,29489,426.0
10,29519,426.0
10,29549,426.0
10,29551,426.0
10,29581,426.0
10,29583,426.0
10,29615,426.0
10,29629,426.0
10,29655,426.0
10,29681,426.0
10,29697,426.0
10,29711,426.0
10,29725,426.0
10,29739,426.0
10,29741,426.0
10,29755,426.0
10,29757,426.0
10,29771,426.0
10,29799,426.0
10,29817,426.0
10,29819,426.0
10,29845,426.0
10,29873,426.0
10,29901,426.0
10,29927,426.0
10,29953,426.0
10,29981,426.0
10,29995,426.0
10,30009,426.0
10,30035,426.0
10,30049,426.0
10,30051,426.0
10,30065,426.0
10,30093,426.0
10,30123,426.0
10,30151,426.0
10,30165,426.0
10,30181,426.0
10,30207,426.0
10,30235,426.0
10,30261,426.0
10,30289,426.0
10,30291,426.0
10,30307,426.0
10,30321,426.0
10,30335,426.0
10,30365,426.0
10,30379,426.0
10,30407,426.0
10,30421,426.0
10,30435,426.0
10,30449,426.0
10,30463,426.0
10,30465,426.0
10,30493,426.0
10,30507,426.0
10,30509,426.0
10,30511,426.0
10,30529,426.0
10,30555,426.0
10,30587,426.0
10,30617,426.0
10,30619,426.0
10,30647,426.0
10,30675,426.0
10,30705,426.0
10,30735,426.0
10,30763,426.0
10,30779,426.0
10,30795,426.0
10,30797,426.0
10,30825,426.0
10,30851,426.0
10,30885,426.0
10,30901,426.0
10,30929,426.0
10,30945,426.0
10,30947,426.0
10,30973,426.0
10,31003,426.0
10,31017,426.0
10,31031,426.0
10,31045,426.0
10,31061,426.0
10,31063,426.0
10,31091,426.0
10,31117,426.0
10,31119,426.0
10,31133,426.0
10,31149,426.0
10,31163,426.0
10,31177,426.0
10,31191,426.0
10,31221,426.0
10,31235,426.0
10,31253,426.0
10,31279,426.0
10,31281,426.0
10,31309,426.0
10,31323,426.0
10,31337,426.0
10,31357,426.0
10,31371,426.0
10,31373,426.0
10,31403,426.0
10,31417,426.0
10,31445,426.0
10,31447,426.0
10,31473,426.0
10,31501,426.0
10,31515,426.0
10,31541,426.0
10,31555,426.0
10,31557,426.0
10,31573,426.0
10,31589,426.0
10,31603,426.0
10,31631,426.0
10,31659,426.0
10,31673,426.0
10,31699,426.0
10,31727,426.0
10,31743,426.0
10,31757,426.0
10,31771,426.0
10,31787,426.0
10,31807,426.0
10,31825,426.0
10,31841,426.0
10,31867,426.0
10,31869,426.0
10,31899,426.0
10,31915,426.0
10,31929,426.0
10,31945,426.0
10,31971,426.0
10,31985,426.0
10,31999,426.0
10,32029,426.0
10,32031,426.0
10,32045,426.0
10,32061,426.0
10,32077,426.0
10,32091,426.0
10,32119,426.0
10,32147,426.0
10,32161,426.0
10,32179,426.0
10,32195,426.0
10,32223,426.0
10,32237,426.0
10,32251,426.0
10,32277,426.0
10,32291,426.0
10,32293,426.0
10,32295,426.0
10,32309,426.0
10,32311,426.0
10,32313,426.0
10,32329,426.0
10,32343,426.0
10,32357,426.0
10,32359,426.0
10,32375,426.0
11,22302,325.0
11,22304,325.0
11,22322,325.0
11,22324,325.0
11,22338,325.0
11,22352,325.0
11,22366,325.0
11,22382,325.0
11,22396,325.0
11,22424,325.0
11,22438,325.0
11,22452,325.0
11,22470,325.0
11,22472,325.0
11,22504,325.0
11,22530,325.0
11,22546,325.0
11,22560,325.0
11,22574,325.0
11,23031,325.0
11,23057,325.0
11,23059,325.0
11,23089,325.0
11,23121,325.0
11,23135,325.0
11,23161,325.0
11,23189,325.0
11,23205,325.0
11,23233,327.0
11,23235,327.0
11,23255,327.0
11,23269,327.0
11,23297,327.0
11,23327,327.0
11,23353,341.0
11,23355,341.0
11,23371,341.0
11,23389,341.0
11,23403,341.0
11,23417,341.0
11,23447,346.0
11,23461,346.0
11,23477,346.0
11,23493,346.0
11,23521,346.0
11,23535,346.0
11,23561,346.0
11,23593,346.0
11,23611,346.0
11,23643,346.0
11,23657,346.0
11,23675,346.0
11,23689,346.0
11,23691,346.0
11,23719,346.0
11,23747,346.0
11,23761,346.0
11,23787,359.0
11,23801,359.0
11,23827,359.0
11,23855,359.0
11,23869,359.0
11,23897,359.0
11,23911,359.0
11,23925,359.0
11,23939,359.0
11,23957,359.0
11,23971,359.0
11,23991,359.0
11,24017,359.0
11,24043,359.0
11,24071,359.0
11,24099,359.0
11,24131,359.0
11,24147,359.0
11,24161,359.0
11,24163,359.0
11,24191,359.0
11,24209,359.0
11,24223,359.0
11,24253,359.0
11,24267,359.0
11,24297,359.0
11,24313,359.0
11,24345,359.0
11,24359,359.0
11,24373,359.0
11,24387,359.0
11,24419,365.0
11,24433,365.0
11,24459,365.0
11,24473,365.0
11,24487,365.0
11,24501,365.0
11,24503,365.0
11,24533,365.0
11,24561,365.0
11,24597,365.0
11,24599,365.0
11,24601,365.0
11,24615,365.0
11,24643,365.0
11,24671,365.0
11,24697,365.0
11,24725,365.0
11,24757,365.0
11,24773,365.0
11,24791,365.0
11,24807,365.0
11,24835,365.0
11,24865,365.0
11,24895,365.0
11,24913,365.0
11,24943,365.0
11,24957,365.0
11,24971,365.0
11,24985,365.0
11,25013,365.0
11,25043,365.0
11,25045,365.0
11,25073,365.0
11,25091,365.0
11,25125,365.0
11,25153,365.0
11,25179,365.0
11,25209,371.0
11,25223,371.0
11,25253,371.0
11,25279,371.0
11,25295,371.0
11,25311,371.0
11,25327,371.0
11,25345,371.0
11,25375,371.0
11,25405,371.0
11,25419,371.0
11,25437,371.0
11,25463,371.0
11,25465,371.0
11,25467,371.0
11,25481,390.0
11,25513,390.0
11,25541,390.0
11,25557,390.0
11,25583,390.0
11,25613,390.0
11,25633,390.0
11,25663,390.0
11,25691,390.0
11,25721,390.0
11,25735,390.0
11,25763,390.0
11,25781,390.0
11,25795,390.0
11,25825,390.0
11,25853,390.0
11,25869,390.0
11,25883,390.0
11,25901,390.0
11,25903,390.0
11,25933,390.0
11,25959,394.0
11,25989,394.0
11,26005,394.0
11,26023,394.0
11,26025,394.0
11,26041,394.0
11,26061,394.0
11,26075,394.0
11,26105,394.0
11,26121,394.0
11,26135,394.0
11,26169,394.0
11,26195,394.0
11,26209,394.0
11,26235,394.0
11,26249,394.0
11,26251,394.0
11,26265,394.0
11,26281,394.0
11,26309,394.0
11,26343,394.0
11,26357,394.0
11,26371,394.0
11,26397,394.0
11,26411,394.0
11,26427,394.0
11,26443,394.0
11,26445,394.0
11,26459,394.0
11,26479,394.0
11,26505,394.0
11,26507,394.0
11,26525,394.0
11,26539,394.0
11,26567,394.0
11,26593,394.0
11,26607,394.0
11,26635,394.0
11,26661,394.0
11,26685,394.0
11,26699,394.0
11,26727,394.0
11,26729,394.0
11,26755,394.0
11,26769,394.0
11,26799,394.0
11,26825,394.0
11,26841,394.0
11,26843,394.0
11,26857,394.0
11,26871,394.0
11,26887,394.0
11,26913,394.0
11,26927,394.0
11,26957,394.0
11,26987,394.0
11,27003,394.0
11,27031,394.0
11,27059,394.0
11,27073,395.0
11,27087,395.0
11,27101,395.0
11,27129,395.0
11,27161,395.0
11,27163,395.0
11,27191,397.0
11,27217,397.0
11,27219,397.0
11,27253,397.0
11,27269,397.0
11,27301,397.0
11,27315,397.0
11,27343,397.0
11,27369,397.0
11,27371,397.0
11,27403,397.0
11,27419,397.0
11,27433,397.0
11,27459,400.0
11,27475,400.0
11,27489,400.0
11,27517,400.0
11,27531,400.0
11,27545,400.0
11,27561,400.0
11,27577,400.0
11,27605,400.0
11,27621,400.0
11,27637,400.0
11,27667,400.0
11,27697,400.0
11,27711,400.0
11,27727,400.0
11,27747,400.0
11,27763,400.0
11,27765,400.0
11,27781,400.0
11,27783,400.0
11,27811,400.0
11,27813,400.0
11,27845,400.0
11,27863,400.0
11,27895,400.0
11,27909,401.0
11,27935,401.0
11,27949,401.0
11,27977,401.0
11,28005,401.0
11,28019,401.0
11,28033,401.0
11,28061,401.0
11,28063,401.0
11,28065,401.0
11,28093,401.0
11,28119,401.0
11,28145,401.0
11,28147,401.0
11,28163,401.0
11,28165,401.0
11,28179,401.0
11,28193,401.0
11,28207,401.0
11,28209,401.0
11,28223,401.0
11,28241,401.0
11,28257,401.0
11,28271,401.0
11,28273,401.0
11,28301,401.0
11,28317,401.0
11,28319,401.0
11,28333,401.0
11,28361,401.0
11,28387,401.0
11,28401,401.0
11,28403,401.0
11,28417,401.0
11,28419,401.0
11,28421,401.0
11,28449,401.0
11,28477,401.0
11,28491,401.0
11,28505,401.0
11,28531,401.0
11,28551,401.0
11,28565,401.0
11,28593,401.0
11,28611,401.0
11,28627,401.0
11,28643,401.0
11,28657,401.0
11,28673,401.0
11,28687,401.0
11,28719,401.0
11,28733,401.0
11,28747,401.0
11,28761,401.0
11,28775,401.0
11,28789,401.0
11,28815,401.0
11,28831,401.0
11,28845,401.0
11,28863,401.0
11,28879,401.0
11,28909,401.0
11,28923,401.0
11,28953,401.0
11,28967,401.0
11,28981,401.0
11,28983,401.0
11,29011,401.0
11,29041,401.0
11,29057,401.0
11,29083,404.0
11,29111,404.0
11,29133,404.0
11,29149,404.0
11,29183,404.0
11,29219,404.0
11,29237,404.0
11,29251,404.0
11,29267,404.0
11,29283,404.0
11,29303,404.0
11,29317,404.0
11,29345,404.0
11,29359,404.0
11,29375,404.0
11,29391,404.0
11,29393,404.0
11,29407,405.0
11,29437,405.0
11,29465,405.0
11,29481,405.0
11,29507,405.0
11,29521,405.0
11,29551,405.0
11,29565,405.0
11,29595,407.0
11,29611,407.0
11,29613,407.0
11,29615,407.0
11,29629,407.0
11,29645,407.0
11,29647,407.0
11,29667,407.0
11,29683,407.0
11,29697,407.0
11,29725,407.0
11,29743,407.0
11,29759,407.0
11,29791,407.0
11,29807,407.0
11,29821,407.0
11,29849,407.0
11,29863,407.0
11,29865,407.0
11,29893,407.0
11,29907,407.0
11,29937,407.0
11,29951,412.0
11,29981,412.0
11,30007,412.0
11,30023,412.0
11,30051,412.0
11,30065,413.0
11,30079,413.0
11,30105,413.0
11,30133,413.0
11,30149,413.0
11,30165,413.0
11,30181,413.0
11,30197,413.0
11,30223,413.0
11,30249,413.0
11,30281,413.0
11,30283,413.0
11,30299,413.0
11,30329,413.0
11,30349,413.0
11,30365,413.0
11,30381,413.0
11,30383,413.0
11,30397,413.0
11,30423,413.0
11,30443,413.0
11,30457,413.0
11,30473,413.0
11,30499,413.0
11,30513,413.0
11,30527,413.0
11,30559,413.0
11,30585,413.0
11,30603,413.0
11,30605,413.0
11,30607,413.0
11,30635,413.0
11,30661,413.0
11,30675,413.0
11,30703,413.0
11,30717,416.0
11,30719,416.0
11,30733,416.0
11,30765,416.0
11,30791,416.0
11,30819,416.0
11,30833,416.0
11,30859,416.0
11,30873,418.0
11,30875,418.0
11,30877,418.0
11,30893,418.0
11,30925,418.0
11,30955,418.0
11,30971,418.0
11,30999,418.0
11,31001,418.0
11,31015,418.0
11,31031,418.0
11,31057,418.0
11,31085,418.0
11,31087,418.0
11,31113,418.0
11,31129,418.0
11,31161,418.0
11,31191,418.0
11,31205,418.0
11,31207,418.0
11,31237,418.0
11,31239,418.0
11,31267,418.0
11,31269,418.0
11,31295,418.0
11,31309,418.0
11,31311,418.0
11,31337,418.0
11,31351,418.0
11,31365,418.0
11,31379,418.0
11,31381,418.0
11,31399,418.0
11,31417,418.0
11,31431,418.0
11,31433,418.0
11,31435,418.0
11,31467,418.0
11,31481,418.0
11,31497,418.0
11,31529,418.0
11,31555,418.0
11,31557,418.0
11,31571,418.0
11,31597,418.0
11,31611,418.0
11,31625,418.0
11,31657,418.0
11,31683,418.0
11,31697,418.0
11,31723,418.0
11,31737,418.0
11,31763,418.0
11,31765,418.0
11,31795,418.0
11,31811,418.0
11,31837,418.0
11,31851,418.0
11,31877,418.0
11,31891,418.0
11,31893,418.0
11,31925,418.0
11,31955,418.0
11,31957,418.0
11,31985,418.0
11,31999,418.0
11,32013,418.0
11,32041,418.0
11,32061,418.0
11,32093,418.0
11,32109,418.0
11,32139,418.0
11,32165,418.0
11,32179,418.0
11,32205,418.0
11,32219,418.0
11,32235,418.0
11,32237,418.0
11,32253,418.0
11,32255,418.0
11,32257,418.0
11,32271,418.0
12,22366,314.0
12,22394,314.0
12,22889,314.0
12,22903,314.0
12,22931,314.0
12,22945,324.0
12,22947,324.0
12,22977,324.0
12,22993,324.0
12,23007,331.0
12,23021,331.0
12,23037,331.0
12,23051,331.0
12,23067,331.0
12,23081,331.0
12,23113,331.0
12,23129,331.0
12,23157,340.0
12,23173,340.0
12,23175,340.0
12,23201,340.0
12,23203,340.0
12,23217,340.0
12,23219,340.0
12,23235,340.0
12,23249,340.0
12,23263,340.0
12,23291,340.0
12,23305,340.0
12,23335,340.0
12,23337,340.0
12,23353,340.0
12,23369,340.0
12,23371,340.0
12,23397,340.0
12,23411,340.0
12,23443,340.0
12,23445,340.0
12,23459,340.0
12,23489,340.0
12,23517,355.0
12,23543,355.0
12,23579,355.0
12,23609,355.0
12,23623,355.0
12,23637,359.0
12,23653,359.0
12,23679,359.0
12,23705,359.0
12,23719,359.0
12,23721,359.0
12,23751,359.0
12,23765,359.0
12,23793,359.0
12,23811,359.0
12,23841,359.0
12,23869,359.0
12,23883,359.0
12,23909,359.0
12,23923,359.0
12,23937,359.0
12,23939,359.0
12,23971,359.0
12,23989,359.0
12,23991,359.0
12,24005,359.0
12,24031,359.0
12,24047,359.0
12,24049,359.0
12,24075,359.0
12,24091,359.0
12,24119,369.0
12,24121,369.0
12,24123,369.0
12,24149,369.0
12,24167,369.0
12,24195,369.0
12,24223,369.0
12,24239,369.0
12,24253,369.0
12,24255,369.0
12,24271,369.0
12,24285,369.0
12,24287,369.0
12,24315,369.0
12,24329,369.0
12,24343,369.0
12,24345,369.0
12,24371,369.0
12,24385,369.0
12,24399,369.0
12,24413,369.0
12,24445,369.0
12,24459,369.0
12,24473,369.0
12,24487,369.0
12,24515,369.0
12,24529,369.0
12,24543,369.0
12,24557,369.0
12,24585,369.0
12,24587,369.0
12,24601,369.0
12,24617,369.0
12,24651,369.0
12,24665,369.0
12,24683,369.0
12,24703,369.0
12,24717,369.0
12,24745,369.0
12,24759,369.0
12,24773,369.0
12,24787,369.0
12,24817,369.0
12,24845,369.0
12,24859,369.0
12,24861,369.0
12,24887,369.0
12,24917,369.0
12,24919,369.0
12,24947,369.0
12,24961,369.0
12,24975,369.0
12,25001,369.0
12,25015,369.0
12,25029,369.0
12,25043,369.0
12,25069,369.0
12,25083,369.0
12,25111,369.0
12,25125,369.0
12,25139,369.0
12,25167,369.0
12,25197,369.0
12,25213,369.0
12,25227,378.0
12,25257,378.0
12,25291,378.0
12,25293,378.0
12,25321,378.0
12,25323,378.0
12,25337,378.0
12,25351,378.0
12,25365,378.0
12,25379,388.0
12,25393,394.0
12,25407,394.0
12,25421,394.0
12,25449,394.0
12,25463,394.0
12,25477,394.0
12,25491,394.0
12,25517,394.0
12,25531,394.0
12,25533,394.0
12,25547,394.0
12,25563,394.0
12,25589,394.0
12,25615,394.0
12,25645,394.0
12,25671,394.0
12,25701,394.0
12,25719,394.0
12,25735,394.0
12,25749,394.0
12,25765,394.0
12,25767,394.0
12,25799,394.0
12,25815,394.0
12,25829,394.0
12,25859,394.0
12,25887,394.0
12,25915,394.0
12,25941,394.0
12,25969,394.0
12,25971,394.0
12,25987,394.0
12,26001,394.0
12,26029,394.0
12,26043,394.0
12,26073,394.0
12,26103,394.0
12,26119,394.0
12,26133,394.0
12,26147,394.0
12,26149,394.0
12,26151,394.0
12,26189,394.0
12,26217,394.0
12,26219,394.0
12,26235,394.0
12,26249,394.0
12,26251,394.0
12,26253,394.0
12,26267,394.0
12,26283,394.0
12,26311,394.0
12,26341,394.0
12,26355,394.0
12,26369,394.0
12,26383,403.0
12,26411,403.0
12,26425,403.0
12,26459,403.0
12,26473,403.0
12,26487,403.0
12,26517,403.0
12,26519,403.0
12,26541,403.0
12,26543,403.0
12,26571,403.0
12,26601,403.0
12,26603,403.0
12,26619,403.0
12,26635,403.0
12,26665,403.0
12,26691,403.0
12,26707,403.0
12,26739,403.0
12,26767,403.0
12,26783,403.0
12,26799,403.0
12,26813,403.0
12,26827,403.0
12,26857,403.0
12,26873,403.0
12,26901,403.0
12,26919,403.0
12,26933,403.0
12,26963,403.0
12,26991,403.0
12,27017,403.0
12,27033,403.0
12,27047,403.0
12,27063,403.0
12,27065,403.0
12,27093,403.0
12,27119,403.0
12,27135,403.0
12,27149,403.0
12,27167,403.0
12,27193,403.0
12,27195,403.0
12,27209,403.0
12,27225,403.0
12,27227,403.0
12,27241,403.0
12,27267,403.0
12,27281,403.0
12,27295,403.0
12,27323,403.0
12,27349,403.0
12,27365,403.0
12,27367,403.0
12,27381,403.0
12,27407,403.0
12,27421,403.0
12,27451,403.0
12,27453,403.0
12,27467,403.0
12,27481,403.0
12,27495,403.0
12,27521,403.0
12,27553,403.0
12,27567,403.0
12,27581,403.0
12,27595,403.0
12,27611,403.0
12,27629,403.0
12,27643,403.0
12,27645,403.0
12,27675,403.0
12,27705,403.0
12,27719,403.0
12,27755,403.0
12,27769,403.0
12,27783,403.0
12,27797,403.0
12,27827,403.0
12,27855,403.0
12,27869,403.0
12,27903,403.0
12,27905,403.0
12,27907,403.0
12,27935,403.0
12,27967,403.0
12,27997,403.0
12,28011,403.0
12,28027,403.0
12,28029,403.0
12,28057,403.0
12,28059,403.0
12,28075,403.0
12,28091,403.0
12,28093,403.0
12,28107,404.0
12,28121,404.0
12,28137,404.0
12,28151,404.0
12,28153,404.0
12,28171,404.0
12,28173,404.0
12,28187,404.0
12,28203,404.0
12,28217,404.0
12,28239,404.0
12,28241,404.0
12,28255,404.0
12,28257,404.0
12,28283,404.0
12,28317,404.0
12,28347,404.0
12,28361,404.0
12,28377,404.0
12,28393,404.0
12,28407,404.0
12,28441,404.0
12,28455,404.0
12,28469,404.0
12,28485,404.0
12,28499,404.0
12,28527,404.0
12,28529,404.0
12,28543,404.0
12,28571,404.0
12,28589,404.0
12,28591,404.0
12,28617,404.0
12,28631,404.0
12,28659,404.0
12,28673,404.0
12,28675,404.0
12,28705,404.0
12,28723,404.0
12,28739,404.0
12,28753,404.0
12,28781,404.0
12,28809,405.0
12,28825,405.0
12,28853,405.0
12,28855,405.0
12,28887,405.0
12,28901,405.0
12,28915,405.0
12,28929,405.0
12,28945,405.0
12,28975,405.0
12,29001,405.0
12,29015,405.0
12,29041,408.0
12,29059,408.0
12,29087,408.0
12,29101,408.0
12,29117,408.0
12,29131,412.0
12,29161,412.0
12,29187,412.0
12,29203,412.0
12,29231,412.0
12,29251,412.0
12,29281,412.0
12,29295,412.0
12,29321,412.0
12,29323,412.0
12,29337,412.0
12,29367,412.0
12,29393,412.0
12,29409,412.0
12,29425,412.0
12,29439,412.0
12,29455,412.0
12,29469,412.0
12,29501,412.0
12,29515,412.0
12,29529,412.0
12,29545,412.0
12,29559,412.0
12,29589,412.0
12,29615,412.0
12,29617,412.0
12,29645,412.0
12,29659,412.0
12,29687,412.0
12,29701,412.0
12,29717,412.0
12,29731,412.0
12,29745,412.0
12,29759,416.0
12,29761,416.0
12,29775,416.0
12,29777,416.0
12,29791,416.0
12,29805,416.0
12,29821,416.0
12,29851,416.0
12,29867,416.0
12,29895,416.0
12,29913,416.0
12,29939,416.0
12,29957,416.0
12,29985,416.0
12,29999,416.0
12,30025,416.0
12,30055,416.0
12,30071,416.0
12,30099,416.0
12,30113,416.0
12,30143,416.0
12,30145,416.0
12,30171,416.0
12,30199,416.0
12,30227,416.0
12,30229,416.0
12,30243,416.0
12,30257,416.0
12,30283,416.0
12,30285,416.0
12,30299,416.0
12,30331,416.0
12,30347,416.0
12,30349,416.0
12,30351,416.0
12,30365,416.0
12,30367,416.0
12,30369,416.0
12,30397,416.0
12,30411,416.0
12,30441,416.0
12,30461,416.0
12,30487,416.0
12,30515,416.0
12,30543,416.0
12,30569,416.0
12,30595,416.0
12,30613,416.0
12,30629,416.0
12,30643,416.0
12,30669,416.0
12,30671,416.0
12,30673,416.0
12,30701,416.0
12,30715,416.0
12,30743,416.0
12,30779,416.0
12,30793,416.0
12,30819,416.0
12,30821,416.0
12,30835,416.0
12,30865,416.0
12,30881,416.0
12,30895,416.0
12,30909,416.0
12,30941,416.0
12,30969,416.0
12,30995,416.0
12,30997,416.0
12,30999,416.0
12,31013,416.0
12,31041,416.0
12,31043,416.0
12,31071,416.0
12,31085,416.0
12,31087,416.0
12,31103,416.0
12,31105,416.0
12,31133,416.0
12,31149,416.0
12,31151,416.0
12,31177,416.0
12,31191,416.0
12,31193,416.0
12,31223,416.0
12,31237,416.0
12,31267,416.0
12,31295,416.0
12,31309,416.0
12,31337,416.0
12,31363,416.0
12,31393,416.0
12,31423,416.0
12,31437,416.0
12,31463,416.0
12,31479,416.0
12,31493,416.0
12,31495,416.0
12,31497,416.0
12,31525,416.0
12,31539,416.0
12,31553,416.0
12,31567,416.0
12,31593,416.0
12,31619,416.0
12,31633,416.0
12,31661,416.0
12,31675,416.0
12,31693,416.0
12,31719,416.0
12,31749,416.0
12,31765,416.0
12,31779,416.0
12,31781,416.0
12,31813,416.0
12,31815,416.0
12,31817,416.0
12,31843,416.0
12,31859,416.0
12,31875,416.0
12,31907,416.0
12,31935,416.0
12,31965,416.0
12,31997,416.0
12,32025,416.0
12,32041,416.0
12,32055,416.0
12,32057,416.0
12,32071,416.0
12,32085,416.0
12,32099,416.0
12,32115,416.0
12,32141,416.0
12,32157,416.0
12,32173,416.0
12,32203,416.0
12,32205,416.0
12,32221,416.0
12,32235,416.0
12,32249,416.0
12,32269,416.0
12,32283,416.0
12,32309,416.0
12,32337,416.0
12,32365,416.0
13,22160,319.0
13,22174,325.0
13,22200,325.0
13,22202,325.0
13,22232,325.0
13,22260,334.0
13,22276,334.0
13,22290,334.0
13,22316,334.0
13,22330,334.0
13,22332,334.0
13,22362,334.0
13,22388,334.0
13,22402,334.0
13,22416,334.0
13,22430,334.0
13,22432,334.0
13,22460,347.0
13,22486,354.0
13,22516,354.0
13,22999,354.0
13,23025,367.0
13,23039,367.0
13,23059,367.0
13,23087,367.0
13,23089,367.0
13,23115,367.0
13,23143,367.0
13,23157,367.0
13,23159,367.0
13,23175,367.0
13,23201,367.0
13,23217,367.0
13,23245,367.0
13,23263,367.0
13,23265,367.0
13,23281,367.0
13,23283,367.0
13,23315,367.0
13,23347,367.0
13,23361,367.0
13,23375,367.0
13,23391,367.0
13,23405,367.0
13,23431,367.0
13,23445,367.0
13,23459,367.0
13,23487,367.0
13,23501,367.0
13,23515,367.0
13,23529,367.0
13,23531,367.0
13,23545,368.0
13,23547,368.0
13,23563,368.0
13,23577,368.0
13,23579,368.0
13,23597,368.0
13,23623,368.0
13,23625,368.0
13,23639,368.0
13,23653,368.0
13,23655,368.0
13,23681,368.0
13,23709,368.0
13,23711,368.0
13,23739,368.0
13,23755,368.0
13,23789,368.0
13,23825,368.0
13,23841,368.0
13,23855,368.0
13,23869,368.0
13,23895,368.0
13,23909,368.0
13,23925,368.0
13,23951,368.0
13,23989,368.0
13,24003,368.0
13,24029,368.0
13,24043,368.0
13,24069,368.0
13,24071,368.0
13,24085,368.0
13,24101,368.0
13,24131,368.0
13,24145,368.0
13,24159,368.0
13,24187,369.0
13,24189,369.0
13,24191,369.0
13,24209,369.0
13,24225,369.0
13,24239,369.0
13,24253,369.0
13,24279,369.0
13,24281,369.0
13,24295,369.0
13,24297,369.0
13,24299,369.0
13,24313,369.0
13,24327,369.0
13,24355,369.0
13,24373,369.0
13,24387,369.0
13,24403,369.0
13,24421,369.0
13,24451,369.0
13,24467,369.0
13,24469,369.0
13,24485,369.0
13,24513,369.0
13,24527,369.0
13,24541,369.0
13,24543,369.0
13,24569,369.0
13,24597,369.0
13,24613,369.0
13,24641,369.0
13,24667,369.0
13,24683,369.0
13,24713,369.0
13,24739,369.0
13,24767,369.0
13,24781,369.0
13,24783,369.0
13,24797,369.0
13,24813,369.0
13,24839,379.0
13,24867,379.0
13,24895,379.0
13,24927,379.0
13,24941,379.0
13,24955,379.0
13,24969,379.0
13,24983,381.0
13,24997,381.0
13,25011,381.0
13,25037,381.0
13,25063,381.0
13,25093,381.0
13,25107,381.0
13,25123,381.0
13,25125,381.0
13,25153,381.0
13,25155,381.0
13,25171,381.0
13,25185,381.0
13,25211,381.0
13,25213,381.0
13,25215,381.0
13,25243,381.0
13,25269,381.0
13,25283,381.0
13,25301,381.0
13,25331,388.0
13,25357,388.0
13,25387,388.0
13,25421,388.0
13,25447,388.0
13,25461,388.0
13,25479,388.0
13,25507,388.0
13,25535,388.0
13,25537,388.0
13,25553,388.0
13,25567,388.0
13,25597,388.0
13,25599,388.0
13,25613,405.0
13,25627,405.0
13,25653,405.0
13,25667,405.0
13,25693,405.0
13,25695,405.0
13,25697,405.0
13,25717,405.0
13,25733,405.0
13,25763,405.0
13,25779,405.0
13,25795,405.0
13,25809,405.0
13,25837,405.0
13,25851,405.0
13,25879,405.0
13,25893,405.0
13,25907,405.0
13,25921,405.0
13,25935,405.0
13,25949,405.0
13,25951,405.0
13,25967,405.0
13,25969,405.0
13,25985,405.0
13,26001,405.0
13,26029,405.0
13,26031,405.0
13,26047,405.0
13,26061,405.0
13,26075,405.0
13,26089,405.0
13,26107,405.0
13,26137,405.0
13,26139,405.0
13,26155,405.0
13,26181,405.0
13,26211,405.0
13,26213,405.0
13,26229,405.0
13,26261,405.0
13,26277,405.0
13,26291,405.0
13,26307,405.0
13,26321,405.0
13,26323,405.0
13,26351,405.0
13,26379,405.0
13,26381,405.0
13,26409,405.0
13,26435,405.0
13,26453,405.0
13,26481,405.0
13,26495,405.0
13,26523,405.0
13,26553,405.0
13,26567,405.0
13,26581,405.0
13,26583,405.0
13,26613,405.0
13,26645,408.0
13,26659,408.0
13,26691,408.0
13,26693,408.0
13,26695,408.0
13,26723,408.0
13,26737,408.0
13,26765,408.0
13,26767,408.0
13,26783,408.0
13,26815,408.0
13,26831,408.0
13,26833,408.0
13,26863,408.0
13,26891,408.0
13,26905,408.0
13,26921,408.0
13,26923,408.0
13,26925,408.0
13,26941,408.0
13,26971,408.0
13,27005,408.0
13,27019,408.0
13,27033,408.0
13,27059,408.0
13,27087,411.0
13,27101,411.0
13,27115,411.0
13,27133,411.0
13,27147,411.0
13,27161,411.0
13,27189,411.0
13,27219,411.0
13,27233,411.0
13,27251,411.0
13,27267,411.0
13,27281,411.0
13,27295,411.0
13,27325,411.0
13,27339,411.0
13,27353,411.0
13,27355,411.0
13,27369,411.0
13,27397,411.0
13,27411,411.0
13,27425,411.0
13,27439,411.0
13,27453,411.0
13,27479,411.0
13,27481,411.0
13,27507,411.0
13,27521,411.0
13,27553,411.0
13,27583,411.0
13,27609,411.0
13,27625,411.0
13,27651,411.0
13,27665,411.0
13,27693,411.0
13,27719,411.0
13,27733,411.0
13,27759,411.0
13,27789,412.0
13,27817,412.0
13,27851,412.0
13,27879,412.0
13,27905,412.0
13,27907,412.0
13,27927,412.0
13,27953,412.0
13,27967,412.0
13,27987,412.0
13,28005,412.0
13,28021,412.0
13,28037,412.0
13,28051,412.0
13,28065,412.0
13,28079,412.0
13,28093,412.0
13,28119,412.0
13,28121,412.0
13,28149,412.0
13,28163,412.0
13,28199,412.0
13,28201,412.0
13,28235,412.0
13,28261,412.0
13,28277,412.0
13,28293,412.0
13,28307,412.0
13,28333,412.0
13,28347,412.0
13,28365,412.0
13,28379,412.0
13,28397,412.0
13,28399,412.0
13,28413,412.0
13,28439,412.0
13,28453,412.0
13,28455,412.0
13,28481,412.0
13,28511,412.0
13,28527,412.0
13,28543,412.0
13,28545,412.0
13,28573,412.0
13,28587,412.0
13,28613,412.0
13,28627,412.0
13,28643,412.0
13,28657,412.0
13,28671,412.0
13,28699,412.0
13,28727,412.0
13,28753,412.0
13,28767,412.0
13,28799,412.0
13,28829,412.0
13,28843,412.0
13,28859,412.0
13,28887,412.0
13,28915,412.0
13,28945,416.0
13,28959,416.0
13,28993,416.0
13,28995,416.0
13,29009,416.0
13,29023,416.0
13,29053,416.0
13,29087,416.0
13,29103,416.0
13,29119,416.0
13,29149,418.0
13,29175,418.0
13,29189,418.0
13,29221,418.0
13,29239,418.0
13,29253,418.0
13,29269,418.0
13,29271,418.0
13,29285,418.0
13,29313,418.0
13,29339,418.0
13,29365,418.0
13,29391,418.0
13,29407,418.0
13,29423,418.0
13,29439,418.0
13,29467,418.0
13,29469,418.0
13,29497,418.0
13,29523,418.0
13,29551,418.0
13,29577,418.0
13,29579,418.0
13,29605,418.0
13,29607,418.0
13,29621,418.0
13,29651,418.0
13,29679,418.0
13,29695,418.0
13,29709,418.0
13,29735,421.0
13,29749,421.0
13,29775,421.0
13,29793,421.0
13,29821,421.0
13,29839,421.0
13,29857,421.0
13,29883,421.0
13,29913,421.0
13,29939,421.0
13,29953,421.0
13,29969,421.0
13,29987,421.0
13,30013,421.0
13,30029,421.0
13,30059,421.0
13,30075,421.0
13,30089,421.0
13,30091,421.0
13,30121,421.0
13,30153,421.0
13,30171,421.0
13,30187,421.0
13,30201,421.0
13,30231,421.0
13,30259,421.0
13,30273,421.0
13,30275,421.0
13,30277,421.0
13,30293,421.0
13,30319,421.0
13,30333,421.0
13,30347,421.0
13,30373,421.0
13,30375,421.0
13,30389,421.0
13,30423,421.0
13,30425,421.0
13,30443,421.0
13,30457,421.0
13,30471,421.0
13,30499,421.0
13,30517,421.0
13,30543,421.0
13,30577,421.0
13,30605,421.0
13,30619,421.0
13,30633,421.0
13,30647,421.0
13,30663,421.0
13,30665,421.0
13,30681,421.0
13,30709,421.0
13,30725,421.0
13,30739,421.0
13,30753,421.0
13,30769,421.0
13,30797,421.0
13,30811,421.0
13,30827,421.0
13,30829,421.0
13,30857,421.0
13,30871,421.0
13,30899,421.0
13,30927,421.0
13,30943,421.0
13,30973,421.0
13,30987,421.0
13,31015,421.0
13,31045,421.0
13,31075,421.0
13,31077,421.0
13,31079,421.0
13,31093,421.0
13,31107,421.0
13,31109,421.0
13,31135,421.0
13,31137,421.0
13,31151,421.0
13,31179,421.0
13,31209,421.0
13,31235,421.0
13,31237,421.0
13,31251,421.0
13,31277,421.0
13,31297,421.0
13,31313,421.0
13,31315,421.0
13,31331,421.0
13,31351,421.0
13,31381,421.0
13,31395,421.0
13,31397,421.0
13,31415,421.0
13,31429,421.0
13,31443,421.0
13,31469,421.0
13,31483,421.0
13,31515,421.0
13,31545,421.0
13,31573,421.0
13,31575,421.0
13,31589,421.0
13,31619,421.0
13,31645,421.0
13,31675,421.0
13,31691,421.0
13,31721,421.0
13,31735,421.0
13,31749,421.0
13,31775,421.0
13,31805,421.0
13,31823,421.0
13,31855,421.0
13,31871,421.0
13,31887,421.0
13,31905,421.0
13,31919,421.0
13,31921,421.0
13,31949,421.0
13,31965,421.0
13,31981,421.0
13,31995,421.0
13,32009,421.0
13,32037,421.0
13,32071,421.0
13,32101,421.0
13,32127,421.0
13,32153,421.0
14,22310,298.0
14,22336,298.0
14,22352,298.0
14,22366,298.0
14,22380,318.0
14,22394,318.0
14,22408,318.0
14,22905,318.0
14,22907,318.0
14,22921,318.0
14,22951,318.0
14,22965,318.0
14,22995,318.0
14,23023,318.0
14,23041,318.0
14,23055,318.0
14,23085,318.0
14,23111,329.0
14,23127,331.0
14,23141,331.0
14,23169,331.0
14,23171,331.0
14,23185,331.0
14,23199,331.0
14,23213,331.0
14,23239,331.0
14,23253,331.0
14,23283,334.0
14,23297,334.0
14,23313,334.0
14,23329,334.0
14,23357,334.0
14,23383,334.0
14,23411,334.0
14,23427,334.0
14,23443,334.0
14,23457,334.0
14,23475,334.0
14,23493,339.0
14,23519,368.0
14,23535,368.0
14,23563,368.0
14,23565,368.0
14,23567,368.0
14,23581,368.0
14,23597,368.0
14,23623,373.0
14,23637,373.0
14,23655,373.0
14,23677,373.0
14,23709,373.0
14,23723,373.0
14,23741,373.0
14,23757,373.0
14,23771,373.0
14,23799,373.0
14,23817,373.0
14,23845,373.0
14,23861,373.0
14,23863,373.0
14,23865,373.0
14,23879,373.0
14,23895,373.0
14,23913,373.0
14,23943,373.0
14,23945,373.0
14,23947,373.0
14,23961,373.0
14,23977,373.0
14,23993,373.0
14,24007,373.0
14,24021,373.0
14,24047,373.0
14,24075,390.0
14,24077,390.0
14,24091,390.0
14,24119,390.0
14,24135,390.0
14,24137,390.0
14,24151,390.0
14,24165,390.0
14,24193,390.0
14,24207,390.0
14,24239,390.0
14,24255,390.0
14,24269,390.0
14,24285,390.0
14,24301,390.0
14,24329,390.0
14,24355,390.0
14,24385,390.0
14,24415,390.0
14,24429,390.0
14,24443,390.0
14,24459,390.0
14,24461,390.0
14,24463,390.0
14,24465,390.0
14,24467,390.0
14,24481,390.0
14,24509,390.0
14,24529,390.0
14,24543,390.0
14,24575,390.0
14,24593,390.0
14,24625,390.0
14,24653,390.0
14,24655,390.0
14,24657,390.0
14,24683,390.0
14,24713,390.0
14,24739,390.0
14,24753,390.0
14,24755,390.0
14,24757,390.0
14,24773,390.0
14,24787,390.0
14,24819,390.0
14,24839,390.0
14,24867,390.0
14,24893,390.0
14,24907,390.0
14,24923,390.0
14,24937,390.0
14,24953,390.0
14,24967,390.0
14,24981,390.0
14,25009,390.0
14,25035,390.0
14,25037,390.0
14,25065,390.0
14,25079,390.0
14,25113,390.0
14,25129,390.0
14,25145,390.0
14,25159,390.0
14,25175,390.0
14,25189,390.0
14,25203,390.0
14,25217,390.0
14,25231,390.0
14,25247,390.0
14,25275,390.0
14,25291,390.0
14,25305,390.0
14,25335,390.0
14,25349,390.0
14,25379,390.0
14,25393,390.0
14,25419,390.0
14,25447,390.0
14,25449,390.0
14,25465,390.0
14,25483,390.0
14,25497,390.0
14,25511,390.0
14,25537,390.0
14,25565,390.0
14,25567,390.0
14,25587,390.0
14,25613,390.0
14,25645,390.0
14,25675,390.0
14,25701,390.0
14,25715,390.0
14,25731,390.0
14,25761,390.0
14,25787,390.0
14,25801,390.0
14,25827,390.0
14,25855,390.0
14,25883,390.0
14,25897,390.0
14,25925,390.0
14,25927,390.0
14,25943,390.0
14,25973,390.0
14,25975,390.0
14,25977,390.0
14,26005,390.0
14,26041,390.0
14,26043,390.0
14,26059,390.0
14,26061,390.0
14,26075,390.0
14,26101,390.0
14,26103,390.0
14,26105,390.0
14,26119,390.0
14,26145,390.0
14,26163,390.0
14,26177,390.0
14,26191,390.0
14,26193,390.0
14,26219,390.0
14,26221,390.0
14,26253,390.0
14,26285,390.0
14,26301,390.0
14,26333,390.0
14,26349,390.0
14,26351,390.0
14,26353,390.0
14,26367,390.0
14,26381,390.0
14,26397,390.0
14,26415,390.0
14,26441,390.0
14,26443,390.0
14,26457,390.0
14,26471,390.0
14,26487,390.0
14,26505,390.0
14,26519,390.0
14,26533,390.0
14,26547,390.0
14,26561,390.0
14,26577,390.0
14,26605,392.0
14,26631,392.0
14,26657,392.0
14,26659,392.0
14,26673,392.0
14,26687,392.0
14,26689,392.0
14,26721,392.0
14,26747,392.0
14,26749,392.0
14,26763,392.0
14,26777,392.0
14,26791,392.0
14,26793,392.0
14,26795,392.0
14,26809,392.0
14,26823,392.0
14,26825,392.0
14,26827,392.0
14,26829,392.0
14,26831,392.0
14,26865,392.0
14,26867,392.0
14,26881,392.0
14,26897,392.0
14,26913,392.0
14,26929,392.0
14,26955,392.0
14,26983,404.0
14,27003,404.0
14,27031,404.0
14,27045,404.0
14,27061,404.0
14,27063,404.0
14,27093,404.0
14,27111,404.0
14,27137,404.0
14,27153,404.0
14,27155,404.0
14,27157,404.0
14,27183,404.0
14,27197,404.0
14,27211,404.0
14,27229,404.0
14,27263,404.0
14,27281,404.0
14,27297,404.0
14,27299,404.0
14,27315,404.0
14,27317,404.0
14,27319,404.0
14,27345,404.0
14,27361,404.0
14,27375,404.0
14,27391,404.0
14,27417,404.0
14,27431,404.0
14,27459,404.0
14,27485,404.0
14,27499,404.0
14,27529,404.0
14,27543,404.0
14,27569,404.0
14,27595,404.0
14,27609,404.0
14,27623,404.0
14,27641,404.0
14,27657,404.0
14,27671,404.0
14,27697,404.0
14,27727,404.0
14,27743,404.0
14,27775,404.0
14,27777,404.0
14,27791,404.0
14,27807,404.0
14,27835,404.0
14,27849,404.0
14,27851,404.0
14,27877,404.0
14,27891,404.0
14,27905,404.0
14,27919,404.0
14,27949,404.0
14,27951,404.0
14,27967,404.0
14,27997,404.0
14,28025,413.0
14,28041,413.0
14,28057,413.0
14,28059,413.0
14,28075,413.0
14,28105,413.0
14,28133,413.0
14,28135,413.0
14,28149,413.0
14,28177,413.0
14,28205,413.0
14,28231,413.0
14,28245,413.0
14,28279,413.0
14,28307,413.0
14,28309,413.0
14,28339,413.0
14,28365,413.0
14,28379,413.0
14,28411,413.0
14,28429,413.0
14,28457,413.0
14,28487,413.0
14,28513,413.0
14,28527,413.0
14,28557,413.0
14,28571,413.0
14,28587,413.0
14,28613,413.0
14,28629,413.0
14,28631,413.0
14,28647,413.0
14,28661,413.0
14,28693,413.0
14,28723,413.0
14,28737,413.0
14,28765,413.0
14,28779,413.0
14,28781,413.0
14,28783,413.0
14,28797,413.0
14,28823,413.0
14,28841,413.0
14,28857,413.0
14,28885,413.0
14,28913,413.0
14,28943,413.0
14,28945,413.0
14,28959,413.0
14,28989,413.0
14,29003,413.0
14,29019,413.0
14,29021,413.0
14,29035,413.0
14,29051,413.0
14,29067,413.0
14,29081,413.0
14,29097,413.0
14,29115,413.0
14,29145,413.0
14,29159,413.0
14,29175,413.0
14,29189,413.0
14,29203,413.0
14,29217,413.0
14,29219,413.0
14,29235,413.0
14,29263,413.0
14,29279,413.0
14,29293,413.0
14,29321,415.0
14,29323,415.0
14,29325,415.0
14,29339,415.0
14,29341,415.0
14,29355,415.0
14,29383,415.0
14,29411,415.0
14,29413,415.0
14,29431,415.0
14,29445,415.0
14,29459,415.0
14,29485,415.0
14,29511,415.0
14,29541,415.0
14,29555,415.0
14,29589,415.0
14,29617,418.0
14,29631,418.0
14,29645,418.0
14,29673,418.0
14,29687,418.0
14,29719,418.0
14,29747,418.0
14,29775,418.0
14,29789,418.0
14,29791,418.0
14,29805,418.0
14,29821,418.0
14,29853,418.0
14,29869,418.0
14,29885,418.0
14,29913,418.0
14,29941,418.0
14,29955,418.0
14,29971,418.0
14,29973,418.0
14,30001,418.0
14,30003,418.0
14,30017,418.0
14,30031,418.0
14,30059,418.0
14,30073,418.0
14,30087,418.0
14,30101,418.0
14,30117,418.0
14,30133,418.0
14,30163,418.0
14,30177,418.0
14,30207,418.0
14,30209,418.0
14,30223,418.0
14,30249,418.0
14,30275,418.0
14,30291,418.0
14,30317,418.0
14,30335,418.0
14,30349,418.0
14,30365,418.0
14,30379,418.0
14,30407,418.0
14,30433,418.0
14,30435,418.0
14,30465,418.0
14,30491,418.0
14,30505,418.0
14,30531,418.0
14,30545,418.0
14,30561,418.0
14,30563,418.0
14,30565,418.0
14,30581,418.0
14,30583,418.0
14,30609,418.0
14,30611,418.0
14,30639,418.0
14,30665,418.0
14,30691,418.0
14,30707,418.0
14,30723,418.0
14,30725,418.0
14,30739,418.0
14,30755,418.0
14,30781,418.0
14,30783,418.0
14,30813,418.0
14,30845,418.0
14,30873,418.0
14,30903,418.0
14,30905,418.0
14,30919,418.0
14,30933,418.0
14,30947,418.0
14,30961,418.0
14,30979,418.0
14,30997,418.0
14,30999,418.0
14,31025,418.0
14,31041,418.0
14,31067,418.0
14,31081,418.0
14,31095,418.0
14,31097,418.0
14,31111,418.0
14,31137,418.0
14,31163,418.0
14,31179,418.0
14,31197,418.0
14,31211,418.0
14,31225,418.0
14,31227,418.0
14,31241,418.0
14,31255,418.0
14,31283,418.0
14,31297,418.0
14,31299,418.0
14,31325,418.0
14,31339,418.0
14,31353,418.0
14,31367,418.0
14,31369,418.0
14,31383,418.0
14,31411,418.0
14,31439,418.0
14,31471,418.0
14,31501,418.0
14,31517,418.0
14,31519,418.0
14,31547,418.0
14,31561,418.0
14,31579,418.0
14,31595,418.0
14,31621,418.0
14,31639,418.0
14,31641,418.0
14,31643,418.0
14,31661,418.0
14,31687,418.0
14,31701,418.0
14,31729,418.0
14,31759,418.0
14,31773,418.0
14,31789,418.0
14,31805,418.0
14,31819,418.0
14,31833,418.0
14,31849,418.0
14,31865,418.0
14,31895,418.0
14,31921,418.0
14,31923,418.0
14,31953,418.0
14,31967,418.0
14,31995,418.0
14,32013,418.0
14,32027,418.0
14,32041,418.0
14,32057,418.0
14,32083,418.0
14,32097,418.0
14,32125,418.0
14,32155,418.0
14,32169,418.0
14,32195,418.0
14,32197,418.0
14,32229,418.0
14,32245,418.0
14,32261,418.0
14,32275,418.0
14,32291,418.0
15,21798,301.0
15,21814,309.0
15,21828,330.0
15,21830,330.0
15,21858,330.0
15,21890,330.0
15,21918,330.0
15,21948,330.0
15,21962,330.0
15,22421,330.0
15,22435,348.0
15,22449,348.0
15,22463,348.0
15,22479,348.0
15,22481,348.0
15,22483,348.0
15,22499,348.0
15,22529,348.0
15,22559,348.0
15,22561,348.0
15,22575,348.0
15,22577,348.0
15,22591,354.0
15,22619,354.0
15,22647,354.0
15,22661,354.0
15,22675,354.0
15,22691,354.0
15,22707,354.0
15,22727,354.0
15,22759,354.0
15,22785,354.0
15,22799,354.0
15,22817,354.0
15,22831,354.0
15,22845,354.0
15,22861,354.0
15,22887,354.0
15,22903,354.0
15,22905,354.0
15,22907,354.0
15,22925,354.0
15,22951,354.0
15,22965,354.0
15,22979,354.0
15,22993,354.0
15,23007,354.0
15,23009,354.0
15,23025,354.0
15,23039,354.0
15,23057,354.0
15,23059,354.0
15,23075,354.0
15,23093,354.0
15,23109,354.0
15,23131,354.0
15,23157,354.0
15,23183,354.0
15,23211,354.0
15,23225,354.0
15,23251,354.0
15,23271,354.0
15,23301,354.0
15,23303,354.0
15,23305,354.0
15,23333,354.0
15,23349,354.0
15,23375,354.0
15,23391,354.0
15,23421,354.0
15,23439,354.0
15,23467,354.0
15,23495,354.0
15,23511,354.0
15,23547,354.0
15,23577,354.0
15,23579,354.0
15,23581,354.0
15,23595,354.0
15,23625,354.0
15,23653,354.0
15,23667,357.0
15,23693,357.0
15,23721,357.0
15,23751,368.0
15,23765,368.0
15,23797,368.0
15,23811,368.0
15,23839,368.0
15,23853,368.0
15,23855,368.0
15,23869,368.0
15,23899,368.0
15,23915,368.0
15,23917,368.0
15,23919,368.0
15,23947,368.0
15,23961,368.0
15,23995,368.0
15,24025,368.0
15,24039,368.0
15,24069,368.0
15,24083,368.0
15,24085,368.0
15,24113,368.0
15,24147,368.0
15,24163,368.0
15,24177,368.0
15,24211,368.0
15,24225,368.0
15,24241,368.0
15,24269,368.0
15,24285,368.0
15,24299,368.0
15,24329,380.0
15,24343,380.0
15,24359,380.0
15,24375,380.0
15,24391,380.0
15,24407,380.0
15,24423,380.0
15,24437,380.0
15,24471,380.0
15,24491,380.0
15,24517,380.0
15,24533,380.0
15,24561,380.0
15,24575,380.0
15,24589,380.0
15,24605,380.0
15,24631,380.0
15,24657,380.0
15,24685,380.0
15,24699,380.0
15,24713,380.0
15,24715,380.0
15,24717,380.0
15,24733,380.0
15,24763,381.0
15,24793,381.0
15,24809,381.0
15,24811,381.0
15,24837,381.0
15,24839,381.0
15,24853,381.0
15,24867,381.0
15,24897,381.0
15,24929,381.0
15,24943,381.0
15,24973,381.0
15,24991,381.0
15,24993,381.0
15,25009,381.0
15,25041,381.0
15,25067,391.0
15,25099,391.0
15,25127,391.0
15,25141,391.0
15,25155,391.0
15,25183,391.0
15,25185,391.0
15,25187,391.0
15,25203,391.0
15,25221,391.0
15,25251,391.0
15,25253,391.0
15,25267,391.0
15,25295,391.0
15,25309,391.0
15,25311,391.0
15,25325,391.0
15,25327,391.0
15,25355,391.0
15,25369,391.0
15,25383,391.0
15,25397,391.0
15,25415,391.0
15,25429,391.0
15,25443,391.0
15,25457,391.0
15,25471,391.0
15,25497,391.0
15,25515,391.0
15,25531,391.0
15,25557,391.0
15,25559,391.0
15,25573,391.0
15,25587,391.0
15,25615,391.0
15,25629,391.0
15,25631,391.0
15,25645,391.0
15,25673,391.0
15,25687,391.0
15,25713,391.0
15,25727,391.0
15,25741,391.0
15,25755,391.0
15,25769,391.0
15,25771,391.0
15,25797,391.0
15,25811,391.0
15,25831,391.0
15,25863,391.0
15,25865,391.0
15,25883,391.0
15,25897,391.0
15,25911,391.0
15,25913,391.0
15,25943,391.0
15,25975,391.0
15,25991,391.0
15,26019,391.0
15,26049,391.0
15,26063,391.0
15,26065,391.0
15,26095,391.0
15,26109,391.0
15,26135,391.0
15,26163,391.0
15,26179,391.0
15,26197,391.0
15,26225,400.0
15,26251,400.0
15,26253,400.0
15,26273,400.0
15,26305,400.0
15,26321,400.0
15,26339,400.0
15,26369,400.0
15,26397,400.0
15,26399,400.0
15,26413,400.0
15,26427,400.0
15,26441,400.0
15,26461,400.0
15,26463,400.0
15,26495,400.0
15,26523,400.0
15,26553,400.0
15,26579,400.0
15,26605,400.0
15,26619,400.0
15,26647,400.0
15,26649,400.0
15,26675,401.0
15,26705,401.0
15,26721,401.0
15,26735,401.0
15,26749,405.0
15,26751,405.0
15,26767,405.0
15,26781,405.0
15,26797,405.0
15,26825,405.0
15,26853,405.0
15,26869,405.0
15,26897,405.0
15,26925,405.0
15,26959,405.0
15,26961,405.0
15,26991,405.0
15,27019,405.0
15,27045,405.0
15,27059,405.0
15,27089,405.0
15,27103,405.0
15,27129,405.0
15,27155,405.0
15,27169,405.0
15,27199,405.0
15,27227,405.0
15,27257,405.0
15,27283,405.0
15,27297,405.0
15,27311,405.0
15,27325,405.0
15,27351,407.0
15,27365,407.0
15,27399,407.0
15,27425,407.0
15,27439,407.0
15,27453,407.0
15,27469,407.0
15,27483,411.0
15,27509,411.0
15,27535,411.0
15,27561,411.0
15,27575,411.0
15,27589,411.0
15,27615,411.0
15,27617,411.0
15,27633,411.0
15,27635,411.0
15,27649,411.0
15,27675,411.0
15,27707,411.0
15,27727,411.0
15,27743,411.0
15,27763,411.0
15,27793,411.0
15,27795,411.0
15,27797,411.0
15,27823,411.0
15,27853,411.0
15,27881,411.0
15,27909,411.0
15,27937,411.0
15,27963,411.0
15,27991,411.0
15,28005,411.0
15,28021,411.0
15,28051,411.0
15,28079,411.0
15,28095,411.0
15,28129,411.0
15,28145,411.0
15,28159,411.0
15,28175,411.0
15,28191,411.0
15,28193,411.0
15,28207,411.0
15,28221,411.0
15,28251,411.0
15,28267,411.0
15,28281,411.0
15,28283,411.0
15,28311,411.0
15,28325,411.0
15,28341,411.0
15,28355,411.0
15,28357,411.0
15,28385,411.0
15,28403,411.0
15,28419,411.0
15,28449,411.0
15,28463,411.0
15,28489,411.0
15,28505,411.0
15,28507,411.0
15,28523,411.0
15,28525,411.0
15,28539,411.0
15,28567,411.0
15,28593,411.0
15,28607,411.0
15,28637,411.0
15,28653,411.0
15,28681,411.0
15,28697,411.0
15,28711,411.0
15,28725,411.0
15,28753,411.0
15,28779,411.0
15,28795,411.0
15,28809,411.0
15,28825,411.0
15,28827,411.0
15,28843,411.0
15,28859,411.0
15,28875,411.0
15,28877,411.0
15,28893,411.0
15,28907,411.0
15,28909,411.0
15,28935,411.0
15,28949,411.0
15,28963,411.0
15,28993,411.0
15,28995,411.0
15,29009,411.0
15,29035,411.0
15,29049,411.0
15,29065,411.0
15,29083,411.0
15,29085,411.0
15,29113,411.0
15,29143,411.0
15,29171,411.0
15,29185,411.0
15,29203,411.0
15,29217,411.0
15,29235,411.0
15,29261,411.0
15,29275,411.0
15,29301,411.0
15,29329,411.0
15,29345,411.0
15,29373,411.0
15,29387,411.0
15,29413,411.0
15,29443,411.0
15,29445,411.0
15,29459,411.0
15,29489,411.0
15,29517,411.0
15,29543,411.0
15,29569,411.0
15,29595,411.0
15,29621,412.0
15,29637,412.0
15,29639,412.0
15,29669,412.0
15,29687,412.0
15,29713,412.0
15,29729,412.0
15,29759,412.0
15,29773,412.0
15,29787,412.0
15,29815,412.0
15,29829,412.0
15,29843,412.0
15,29845,412.0
15,29875,412.0
15,29889,412.0
15,29891,412.0
15,29893,412.0
15,29907,412.0
15,29923,412.0
15,29939,412.0
15,29941,412.0
15,29943,412.0
15,29973,412.0
15,29987,412.0
15,30017,412.0
15,30043,412.0
15,30061,412.0
15,30075,412.0
15,30089,412.0
15,30091,412.0
15,30117,412.0
15,30143,412.0
15,30171,412.0
15,30173,412.0
15,30201,412.0
15,30215,412.0
15,30217,412.0
15,30243,412.0
15,30271,412.0
15,30301,418.0
15,30315,418.0
15,30331,418.0
15,30345,418.0
15,30363,418.0
15,30391,418.0
15,30427,418.0
15,30453,418.0
15,30467,418.0
15,30493,418.0
15,30507,418.0
15,30509,418.0
15,30527,418.0
15,30543,418.0
15,30557,419.0
15,30571,419.0
15,30585,419.0
15,30613,419.0
15,30615,419.0
15,30643,419.0
15,30657,419.0
15,30671,419.0
15,30699,419.0
15,30713,419.0
15,30729,419.0
15,30757,419.0
15,30775,419.0
15,30801,419.0
15,30829,419.0
15,30843,419.0
15,30871,419.0
15,30885,419.0
15,30913,419.0
15,30939,419.0
15,30953,419.0
15,30967,419.0
15,30981,419.0
15,30995,419.0
15,31025,419.0
15,31053,419.0
15,31079,419.0
15,31093,419.0
15,31109,419.0
15,31125,419.0
15,31139,419.0
15,31153,419.0
15,31181,419.0
15,31199,419.0
15,31201,419.0
15,31203,419.0
15,31229,419.0
15,31247,419.0
15,31249,419.0
15,31265,419.0
15,31293,419.0
15,31323,419.0
15,31337,419.0
15,31339,419.0
15,31357,419.0
15,31371,419.0
15,31399,419.0
15,31401,419.0
15,31427,419.0
15,31443,419.0
15,31457,419.0
15,31471,419.0
15,31499,419.0
15,31527,419.0
15,31555,419.0
15,31569,419.0
15,31571,419.0
15,31573,419.0
15,31575,419.0
15,31593,419.0
15,31619,419.0
15,31637,419.0
15,31655,419.0
15,31669,419.0
15,31671,419.0
15,31699,419.0
15,31725,419.0
15,31755,419.0
15,31757,419.0
15,31787,419.0
15,31815,419.0
16,21618,318.0
16,21636,318.0
16,21652,318.0
16,21672,318.0
16,21698,318.0
16,21716,318.0
16,22169,318.0
16,22183,318.0
16,22199,318.0
16,22225,340.0
16,22253,340.0
16,22281,340.0
16,22309,340.0
16,22325,340.0
16,22339,340.0
16,22341,340.0
16,22369,340.0
16,22385,340.0
16,22399,340.0
16,22413,340.0
16,22427,340.0
16,22441,340.0
16,22455,340.0
16,22483,340.0
16,22511,340.0
16,22529,340.0
16,22559,340.0
16,22573,340.0
16,22603,340.0
16,22629,340.0
16,22631,340.0
16,22647,340.0
16,22661,340.0
16,22675,340.0
16,22689,352.0
16,22717,352.0
16,22733,352.0
16,22763,352.0
16,22793,352.0
16,22807,352.0
16,22833,352.0
16,22847,352.0
16,22861,352.0
16,22889,352.0
16,22903,352.0
16,22917,368.0
16,22939,368.0
16,22963,368.0
16,22979,368.0
16,22981,368.0
16,23009,368.0
16,23011,368.0
16,23039,368.0
16,23053,368.0
16,23055,368.0
16,23081,368.0
16,23107,368.0
16,23135,368.0
16,23161,368.0
16,23175,368.0
16,23193,368.0
16,23195,368.0
16,23225,368.0
16,23251,368.0
16,23277,368.0
16,23305,368.0
16,23331,368.0
16,23357,368.0
16,23383,368.0
16,23397,368.0
16,23413,368.0
16,23427,368.0
16,23457,368.0
16,23485,368.0
16,23499,368.0
16,23525,368.0
16,23555,368.0
16,23569,368.0
16,23585,368.0
16,23599,368.0
16,23625,384.0
16,23627,384.0
16,23643,384.0
16,23657,396.0
16,23673,396.0
16,23689,396.0
16,23705,396.0
16,23719,396.0
16,23721,396.0
16,23737,396.0
16,23767,396.0
16,23783,396.0
16,23809,396.0
16,23823,396.0
16,23849,396.0
16,23877,396.0
16,23905,396.0
16,23923,396.0
16,23951,396.0
16,23953,396.0
16,23979,396.0
16,23981,396.0
16,23995,396.0
16,24013,396.0
16,24027,396.0
16,24053,396.0
16,24069,396.0
16,24099,396.0
16,24129,396.0
16,24131,396.0
16,24145,399.0
16,24147,399.0
16,24163,399.0
16,24177,399.0
16,24195,399.0
16,24211,399.0
16,24213,399.0
16,24215,399.0
16,24241,399.0
16,24255,399.0
16,24281,399.0
16,24295,399.0
16,24311,399.0
16,24313,399.0
16,24331,399.0
16,24357,399.0
16,24371,399.0
16,24397,399.0
16,24411,399.0
16,24413,399.0
16,24431,399.0
16,24445,399.0
16,24477,399.0
16,24491,399.0
16,24517,399.0
16,24543,399.0
16,24571,399.0
16,24585,399.0
16,24587,399.0
16,24619,399.0
16,24647,399.0
16,24661,399.0
16,24675,399.0
16,24701,403.0
16,24717,403.0
16,24733,403.0
16,24761,403.0
16,24779,403.0
16,24781,403.0
16,24799,403.0
16,24831,403.0
16,24859,403.0
16,24875,403.0
16,24901,403.0
16,24929,403.0
16,24959,403.0
16,24973,403.0
16,25003,403.0
16,25021,403.0
16,25051,403.0
16,25065,403.0
16,25079,403.0
16,25109,403.0
16,25123,403.0
16,25137,403.0
16,25151,403.0
16,25181,403.0
16,25197,403.0
16,25223,403.0
16,25237,403.0
16,25251,403.0
16,25267,403.0
16,25293,403.0
16,25309,403.0
16,25323,403.0
16,25339,403.0
16,25365,403.0
16,25367,403.0
16,25381,403.0
16,25383,403.0
16,25397,403.0
16,25425,403.0
16,25439,403.0
16,25467,403.0
16,25483,403.0
16,25511,403.0
16,25525,403.0
16,25555,403.0
16,25557,403.0
16,25559,403.0
16,25587,403.0
16,25601,403.0
16,25615,403.0
16,25641,403.0
16,25657,403.0
16,25671,403.0
16,25673,403.0
16,25687,403.0
16,25703,403.0
16,25733,403.0
16,25751,403.0
16,25771,403.0
16,25773,403.0
16,25787,403.0
16,25803,403.0
16,25819,403.0
16,25845,403.0
16,25871,403.0
16,25897,403.0
16,25925,403.0
16,25951,403.0
16,25977,403.0
16,25993,403.0
16,26009,403.0
16,26023,403.0
16,26037,403.0
16,26065,403.0
16,26085,403.0
16,26099,403.0
16,26115,403.0
16,26129,403.0
16,26155,403.0
16,26171,403.0
16,26187,403.0
16,26203,403.0
16,26205,403.0
16,26223,403.0
16,26237,403.0
16,26239,403.0
16,26253,403.0
16,26283,403.0
16,26311,403.0
16,26327,403.0
16,26329,403.0
16,26355,403.0
16,26385,403.0
16,26413,403.0
16,26415,403.0
16,26441,403.0
16,26457,403.0
16,26485,403.0
16,26499,403.0
16,26527,403.0
16,26555,403.0
16,26571,403.0
16,26601,403.0
16,26617,403.0
16,26631,403.0
16,26659,403.0
16,26661,403.0
16,26677,403.0
16,26699,403.0
16,26717,403.0
16,26731,403.0
16,26761,403.0
16,26787,403.0
16,26813,403.0
16,26841,403.0
16,26843,403.0
16,26857,403.0
16,26859,403.0
16,26873,403.0
16,26899,403.0
16,26925,403.0
16,26939,403.0
16,26953,403.0
16,26981,403.0
16,27009,403.0
16,27023,403.0
16,27037,403.0
16,27051,403.0
16,27067,403.0
16,27081,403.0
16,27083,403.0
16,27099,403.0
16,27115,403.0
16,27145,403.0
16,27173,403.0
16,27201,403.0
16,27229,403.0
16,27243,403.0
16,27269,403.0
16,27295,403.0
16,27323,403.0
16,27355,403.0
16,27357,403.0
16,27385,403.0
16,27399,403.0
16,27413,403.0
16,27443,410.0
16,27461,410.0
16,27479,410.0
16,27481,410.0
16,27507,410.0
16,27533,410.0
16,27547,410.0
16,27561,410.0
16,27577,410.0
16,27579,410.0
16,27607,410.0
16,27633,410.0
16,27665,410.0
16,27667,410.0
16,27683,410.0
16,27709,410.0
16,27723,410.0
16,27725,410.0
16,27727,410.0
16,27741,410.0
16,27769,410.0
16,27783,410.0
16,27809,410.0
16,27825,410.0
16,27839,410.0
16,27857,410.0
16,27885,410.0
16,27911,410.0
16,27939,410.0
16,27941,410.0
16,27969,410.0
16,27997,410.0
16,28011,410.0
16,28013,410.0
16,28031,410.0
16,28033,410.0
16,28049,410.0
16,28065,410.0
16,28081,410.0
16,28095,410.0
16,28121,410.0
16,28135,410.0
16,28149,410.0
16,28177,410.0
16,28191,410.0
16,28205,410.0
16,28231,410.0
16,28259,410.0
16,28261,410.0
16,28263,410.0
16,28279,410.0
16,28305,410.0
16,28307,410.0
16,28321,410.0
16,28347,410.0
16,28349,410.0
16,28365,410.0
16,28367,410.0
16,28383,410.0
16,28399,410.0
16,28401,410.0
16,28429,410.0
16,28455,410.0
16,28471,410.0
16,28497,410.0
16,28511,410.0
16,28527,410.0
16,28541,410.0
16,28543,410.0
16,28557,410.0
16,28573,410.0
16,28575,410.0
16,28605,410.0
16,28619,410.0
16,28647,410.0
16,28649,410.0
16,28663,410.0
16,28677,410.0
16,28693,410.0
16,28721,410.0
16,28739,410.0
16,28765,410.0
16,28793,410.0
16,28821,410.0
16,28851,410.0
16,28865,410.0
16,28867,410.0
16,28893,410.0
16,28907,410.0
16,28909,410.0
16,28911,410.0
16,28925,410.0
16,28955,410.0
16,28971,410.0
16,28985,414.0
16,29013,414.0
16,29015,414.0
16,29041,414.0
16,29071,414.0
16,29073,414.0
16,29087,414.0
16,29103,414.0
16,29129,414.0
16,29155,414.0
16,29183,414.0
16,29185,414.0
16,29205,414.0
16,29221,414.0
16,29249,414.0
16,29277,414.0
16,29293,414.0
16,29321,414.0
16,29335,414.0
16,29349,414.0
16,29367,414.0
16,29397,414.0
16,29413,414.0
16,29427,414.0
16,29453,414.0
16,29471,414.0
16,29485,414.0
16,29503,414.0
16,29519,414.0
16,29549,414.0
16,29575,414.0
16,29577,414.0
16,29609,414.0
16,29623,414.0
16,29653,414.0
16,29679,414.0
16,29709,414.0
16,29739,414.0
16,29741,414.0
16,29743,414.0
16,29757,414.0
16,29773,414.0
16,29775,414.0
16,29777,414.0
16,29791,414.0
16,29793,414.0
16,29807,414.0
16,29809,414.0
16,29811,414.0
16,29841,414.0
16,29867,414.0
16,29869,414.0
16,29901,414.0
16,29927,414.0
16,29955,414.0
16,29969,414.0
16,29983,414.0
16,29999,414.0
16,30015,414.0
16,30029,414.0
16,30059,414.0
16,30077,414.0
16,30091,414.0
16,30109,414.0
16,30139,414.0
16,30141,414.0
16,30157,414.0
16,30191,414.0
16,30193,414.0
16,30209,414.0
16,30235,414.0
16,30249,414.0
16,30277,414.0
16,30305,414.0
16,30331,414.0
16,30361,414.0
16,30375,414.0
16,30405,414.0
16,30419,414.0
16,30433,414.0
16,30449,414.0
16,30481,414.0
16,30483,414.0
16,30499,414.0
16,30519,414.0
16,30551,414.0
16,30565,414.0
16,30581,414.0
16,30609,414.0
16,30625,414.0
16,30639,414.0
16,30667,414.0
16,30693,414.0
16,30709,414.0
16,30711,414.0
16,30739,414.0
16,30757,414.0
16,30771,414.0
16,30773,414.0
16,30775,414.0
16,30777,414.0
16,30793,414.0
16,30821,414.0
16,30839,414.0
16,30857,414.0
16,30871,414.0
16,30885,414.0
16,30887,414.0
16,30889,414.0
16,30905,414.0
16,30919,414.0
16,30933,414.0
16,30961,414.0
16,30987,414.0
16,31001,414.0
16,31027,414.0
16,31041,414.0
16,31055,414.0
16,31069,414.0
16,31085,414.0
16,31099,414.0
16,31125,414.0
16,31139,414.0
16,31167,414.0
16,31185,414.0
16,31187,414.0
16,31201,414.0
16,31203,414.0
16,31217,414.0
16,31219,414.0
16,31233,414.0
16,31249,414.0
16,31263,414.0
16,31279,414.0
16,31309,414.0
16,31325,414.0
16,31339,414.0
16,31369,414.0
16,31383,414.0
16,31397,414.0
16,31425,414.0
16,31455,414.0
16,31469,414.0
16,31505,414.0
16,31519,414.0
16,31521,414.0
16,31549,414.0
16,31563,414.0
16,31577,414.0
16,31591,414.0
17,22004,308.0
17,22018,308.0
17,22032,308.0
17,22058,308.0
17,22072,314.0
17,22086,314.0
17,22100,314.0
17,22114,314.0
17,22142,315.0
17,22144,315.0
17,22158,342.0
17,22172,342.0
17,22200,342.0
17,22651,342.0
17,22679,342.0
17,22693,342.0
17,22721,342.0
17,22735,342.0
17,22761,342.0
17,22779,342.0
17,22793,374.0
17,22807,374.0
17,22823,374.0
17,22837,374.0
17,22839,374.0
17,22855,374.0
17,22869,374.0
17,22871,374.0
17,22885,374.0
17,22887,374.0
17,22915,374.0
17,22941,374.0
17,22957,374.0
17,22959,374.0
17,22973,374.0
17,23005,374.0
17,23021,374.0
17,23037,374.0
17,23065,374.0
17,23083,374.0
17,23109,374.0
17,23125,374.0
17,23127,374.0
17,23153,374.0
17,23155,374.0
17,23181,374.0
17,23205,374.0
17,23219,374.0
17,23245,374.0
17,23247,374.0
17,23249,374.0
17,23263,374.0
17,23299,374.0
17,23313,374.0
17,23315,374.0
17,23349,374.0
17,23363,374.0
17,23397,374.0
17,23411,374.0
17,23441,374.0
17,23459,374.0
17,23487,374.0
17,23513,374.0
17,23529,374.0
17,23561,374.0
17,23575,374.0
17,23577,374.0
17,23593,374.0
17,23595,374.0
17,23611,374.0
17,23629,374.0
17,23645,374.0
17,23661,374.0
17,23675,374.0
17,23689,374.0
17,23703,374.0
17,23705,374.0
17,23719,374.0
17,23733,374.0
17,23749,374.0
17,23763,374.0
17,23779,374.0
17,23793,374.0
17,23807,374.0
17,23837,374.0
17,23851,374.0
17,23879,374.0
17,23881,374.0
17,23899,374.0
17,23931,374.0
17,23933,374.0
17,23949,374.0
17,23975,374.0
17,23991,374.0
17,24005,374.0
17,24033,374.0
17,24049,374.0
17,24065,374.0
17,24079,374.0
17,24109,374.0
17,24123,374.0
17,24137,374.0
17,24153,374.0
17,24179,374.0
17,24195,374.0
17,24209,374.0
17,24239,374.0
17,24255,374.0
17,24285,374.0
17,24301,374.0
17,24319,374.0
17,24349,374.0
17,24365,374.0
17,24379,374.0
17,24393,374.0
17,24421,374.0
17,24423,374.0
17,24451,374.0
17,24467,374.0
17,24483,374.0
17,24497,374.0
17,24529,374.0
17,24557,374.0
17,24559,374.0
17,24591,374.0
17,24593,374.0
17,24607,374.0
17,24633,374.0
17,24647,374.0
17,24677,374.0
17,24691,374.0
17,24693,374.0
17,24707,374.0
17,24737,374.0
17,24739,374.0
17,24753,374.0
17,24783,374.0
17,24797,374.0
17,24815,374.0
17,24845,374.0
17,24873,390.0
17,24891,390.0
17,24905,390.0
17,24925,390.0
17,24955,390.0
17,24985,390.0
17,25001,390.0
17,25015,390.0
17,25041,390.0
17,25069,390.0
17,25085,390.0
17,25111,390.0
17,25125,390.0
17,25143,390.0
17,25145,390.0
17,25175,390.0
17,25189,390.0
17,25203,390.0
17,25231,390.0
17,25233,390.0
17,25259,390.0
17,25261,390.0
17,25263,390.0
17,25277,390.0
17,25291,390.0
17,25317,390.0
17,25319,390.0
17,25337,390.0
17,25339,390.0
17,25353,390.0
17,25367,390.0
17,25395,390.0
17,25421,390.0
17,25435,390.0
17,25463,390.0
17,25477,390.0
17,25491,390.0
17,25493,390.0
17,25521,390.0
17,25547,390.0
17,25575,390.0
17,25577,390.0
17,25591,390.0
17,25605,390.0
17,25607,390.0
17,25623,390.0
17,25639,390.0
17,25671,390.0
17,25697,390.0
17,25727,390.0
17,25753,390.0
17,25769,390.0
17,25783,390.0
17,25811,390.0
17,25839,390.0
17,25865,390.0
17,25867,390.0
17,25893,390.0
17,25909,390.0
17,25939,390.0
17,25941,390.0
17,25943,390.0
17,25973,390.0
17,25975,390.0
17,25989,390.0
17,26003,390.0
17,26019,390.0
17,26047,390.0
17,26073,390.0
17,26107,390.0
17,26123,390.0
17,26137,390.0
17,26139,390.0
17,26153,390.0
17,26167,390.0
17,26181,390.0
17,26195,390.0
17,26227,390.0
17,26253,390.0
17,26279,390.0
17,26307,390.0
17,26309,390.0
17,26325,390.0
17,26327,390.0
17,26329,390.0
17,26343,390.0
17,26357,391.0
17,26371,391.0
17,26385,391.0
17,26401,391.0
17,26429,391.0
17,26457,391.0
17,26473,391.0
17,26503,391.0
17,26517,391.0
17,26531,391.0
17,26533,391.0
17,26547,391.0
17,26549,391.0
17,26563,391.0
17,26595,391.0
17,26613,391.0
17,26627,392.0
17,26629,392.0
17,26631,392.0
17,26633,392.0
17,26661,392.0
17,26679,392.0
17,26693,392.0
17,26721,392.0
17,26751,392.0
17,26777,400.0
17,26791,400.0
17,26817,401.0
17,26847,401.0
17,26861,401.0
17,26891,401.0
17,26905,401.0
17,26919,401.0
17,26935,401.0
17,26949,401.0
17,26965,401.0
17,26991,401.0
17,27005,401.0
17,27033,401.0
17,27047,401.0
17,27063,401.0
17,27093,401.0
17,27119,401.0
17,27135,401.0
17,27163,401.0
17,27177,401.0
17,27211,401.0
17,27213,401.0
17,27235,401.0
17,27237,401.0
17,27265,401.0
17,27279,401.0
17,27295,401.0
17,27309,401.0
17,27327,401.0
17,27355,401.0
17,27385,401.0
17,27401,401.0
17,27403,401.0
17,27405,401.0
17,27419,401.0
17,27435,401.0
17,27437,401.0
17,27455,401.0
17,27457,401.0
17,27459,401.0
17,27473,401.0
17,27489,401.0
17,27503,401.0
17,27517,401.0
17,27519,401.0
17,27551,401.0
17,27567,401.0
17,27569,401.0
17,27583,401.0
17,27597,401.0
17,27615,401.0
17,27629,401.0
17,27643,401.0
17,27657,401.0
17,27671,401.0
17,27697,401.0
17,27713,401.0
17,27741,401.0
17,27767,401.0
17,27769,401.0
17,27783,401.0
17,27811,401.0
17,27825,401.0
17,27841,401.0
17,27843,401.0
17,27857,401.0
17,27871,406.0
17,27903,406.0
17,27929,406.0
17,27943,406.0
17,27957,406.0
17,27987,406.0
17,28003,406.0
17,28017,406.0
17,28045,406.0
17,28061,406.0
17,28075,406.0
17,28089,406.0
17,28091,406.0
17,28117,406.0
17,28133,406.0
17,28147,406.0
17,28149,406.0
17,28181,406.0
17,28213,406.0
17,28229,406.0
17,28243,406.0
17,28257,406.0
17,28283,406.0
17,28311,406.0
17,28339,406.0
17,28365,406.0
17,28379,406.0
17,28381,406.0
17,28383,406.0
17,28399,406.0
17,28413,406.0
17,28429,406.0
17,28443,406.0
17,28469,406.0
17,28483,406.0
17,28509,406.0
17,28523,406.0
17,28551,406.0
17,28577,406.0
17,28591,406.0
17,28593,406.0
17,28619,406.0
17,28633,406.0
17,28659,406.0
17,28675,406.0
17,28707,406.0
17,28709,406.0
17,28725,406.0
17,28739,406.0
17,28765,406.0
17,28779,406.0
17,28793,406.0
17,28795,406.0
17,28811,406.0
17,28837,406.0
17,28839,406.0
17,28869,406.0
17,28885,406.0
17,28903,406.0
17,28919,406.0
17,28921,406.0
17,28937,406.0
17,28939,406.0
17,28955,406.0
17,28981,406.0
17,28983,406.0
17,29009,406.0
17,29023,406.0
17,29037,406.0
17,29065,406.0
17,29079,406.0
17,29109,406.0
17,29123,406.0
17,29149,407.0
17,29163,407.0
17,29181,407.0
17,29201,407.0
17,29215,407.0
17,29231,407.0
17,29233,407.0
17,29235,407.0
17,29263,407.0
17,29291,407.0
17,29293,407.0
17,29307,407.0
17,29321,407.0
17,29323,407.0
17,29337,412.0
17,29367,412.0
17,29393,412.0
17,29413,412.0
17,29429,412.0
17,29431,412.0
17,29445,412.0
17,29461,412.0
17,29475,412.0
17,29491,412.0
17,29493,412.0
17,29509,412.0
17,29523,412.0
17,29549,412.0
17,29565,412.0
17,29593,412.0
17,29621,412.0
17,29635,412.0
17,29661,412.0
17,29675,412.0
17,29691,412.0
17,29705,412.0
17,29719,412.0
17,29735,412.0
17,29761,412.0
17,29777,412.0
17,29805,412.0
17,29823,412.0
17,29841,412.0
17,29855,412.0
17,29883,412.0
17,29909,412.0
17,29937,414.0
17,29951,414.0
17,29969,414.0
17,29995,414.0
17,29997,414.0
17,30011,414.0
17,30027,414.0
17,30029,414.0
17,30049,414.0
17,30065,414.0
17,30095,414.0
17,30109,414.0
17,30141,414.0
17,30143,414.0
17,30173,414.0
17,30187,414.0
17,30215,414.0
17,30231,414.0
17,30247,414.0
17,30263,414.0
17,30277,414.0
17,30291,414.0
17,30307,414.0
17,30321,414.0
17,30347,414.0
17,30377,414.0
17,30391,414.0
17,30407,414.0
17,30423,414.0
17,30451,414.0
17,30469,414.0
17,30471,414.0
17,30487,414.0
17,30505,414.0
17,30519,414.0
17,30533,414.0
17,30559,414.0
17,30577,414.0
17,30603,414.0
17,30631,414.0
17,30647,414.0
17,30661,417.0
17,30675,417.0
17,30703,417.0
17,30719,417.0
17,30735,417.0
17,30749,417.0
17,30763,417.0
17,30791,417.0
17,30793,417.0
17,30823,417.0
17,30849,417.0
17,30865,417.0
17,30897,417.0
17,30925,417.0
17,30955,417.0
17,30969,417.0
17,30985,417.0
17,30999,417.0
17,31013,417.0
17,31027,417.0
17,31043,417.0
17,31073,417.0
17,31105,417.0
17,31123,417.0
17,31149,418.0
17,31165,418.0
17,31179,418.0
17,31193,418.0
17,31209,418.0
17,31223,418.0
17,31249,418.0
17,31251,418.0
17,31265,418.0
17,31267,418.0
17,31281,418.0
17,31301,418.0
17,31327,418.0
17,31329,418.0
17,31357,418.0
17,31359,418.0
17,31375,418.0
17,31377,418.0
17,31393,418.0
17,31407,418.0
17,31433,418.0
17,31447,418.0
17,31461,418.0
17,31463,418.0
17,31491,418.0
17,31523,418.0
17,31539,418.0
17,31553,418.0
17,31555,418.0
17,31569,418.0
17,31583,418.0
17,31599,418.0
17,31613,418.0
17,31615,418.0
17,31645,418.0
17,31675,418.0
17,31701,418.0
17,31727,418.0
17,31741,418.0
17,31755,418.0
17,31771,418.0
17,31797,418.0
17,31823,418.0
17,31839,418.0
17,31869,418.0
17,31883,418.0
17,31899,418.0
17,31929,418.0
17,31955,418.0
17,31983,418.0
18,22136,300.0
18,22597,314.0
18,22625,314.0
18,22627,314.0
18,22653,314.0
18,22689,314.0
18,22715,340.0
18,22741,340.0
18,22755,340.0
18,22781,340.0
18,22795,340.0
18,22811,340.0
18,22827,340.0
18,22845,340.0
18,22859,340.0
18,22875,340.0
18,22877,340.0
18,22879,340.0
18,22893,340.0
18,22907,340.0
18,22921,340.0
18,22947,352.0
18,22949,352.0
18,22963,352.0
18,22977,352.0
18,22991,352.0
18,23007,352.0
18,23021,352.0
18,23047,354.0
18,23075,354.0
18,23091,354.0
18,23093,354.0
18,23095,354.0
18,23097,354.0
18,23113,354.0
18,23131,354.0
18,23145,354.0
18,23147,354.0
18,23161,354.0
18,23177,354.0
18,23209,354.0
18,23241,354.0
18,23257,354.0
18,23273,354.0
18,23301,354.0
18,23315,354.0
18,23329,354.0
18,23331,354.0
18,23333,354.0
18,23367,354.0
18,23393,354.0
18,23407,354.0
18,23435,354.0
18,23437,354.0
18,23439,354.0
18,23453,354.0
18,23455,354.0
18,23457,354.0
18,23459,354.0
18,23475,354.0
18,23489,354.0
18,23517,354.0
18,23531,357.0
18,23545,357.0
18,23571,357.0
18,23585,357.0
18,23587,357.0
18,23617,357.0
18,23619,357.0
18,23621,357.0
18,23637,357.0
18,23651,357.0
18,23653,357.0
18,23669,357.0
18,23685,357.0
18,23699,357.0
18,23713,357.0
18,23727,357.0
18,23729,357.0
18,23731,357.0
18,23747,357.0
18,23779,357.0
18,23781,357.0
18,23809,357.0
18,23811,357.0
18,23813,357.0
18,23827,357.0
18,23843,357.0
18,23857,357.0
18,23871,357.0
18,23885,357.0
18,23887,357.0
18,23901,357.0
18,23903,357.0
18,23917,364.0
18,23919,364.0
18,23951,364.0
18,23965,364.0
18,23967,364.0
18,23981,364.0
18,23995,364.0
18,24009,364.0
18,24023,364.0
18,24025,364.0
18,24039,364.0
18,24055,364.0
18,24081,364.0
18,24083,364.0
18,24101,364.0
18,24103,364.0
18,24133,364.0
18,24159,367.0
18,24175,367.0
18,24203,367.0
18,24217,367.0
18,24233,367.0
18,24247,367.0
18,24273,374.0
18,24299,374.0
18,24313,374.0
18,24327,374.0
18,24341,376.0
18,24355,376.0
18,24369,376.0
18,24383,376.0
18,24397,376.0
18,24399,376.0
18,24427,376.0
18,24441,376.0
18,24457,376.0
18,24487,376.0
18,24517,376.0
18,24519,376.0
18,24553,376.0
18,24567,378.0
18,24593,378.0
18,24625,378.0
18,24653,378.0
18,24667,378.0
18,24669,378.0
18,24671,378.0
18,24685,378.0
18,24701,378.0
18,24729,378.0
18,24745,378.0
18,24759,378.0
18,24787,378.0
18,24801,378.0
18,24803,378.0
18,24831,378.0
18,24833,378.0
18,24863,378.0
18,24881,378.0
18,24883,378.0
18,24897,378.0
18,24913,378.0
18,24927,378.0
18,24955,378.0
18,24983,378.0
18,24997,378.0
18,25011,378.0
18,25025,378.0
18,25039,378.0
18,25065,378.0
18,25067,378.0
18,25095,378.0
18,25123,378.0
18,25137,378.0
18,25139,378.0
18,25141,378.0
18,25155,378.0
18,25185,378.0
18,25205,382.0
18,25219,389.0
18,25245,389.0
18,25271,389.0
18,25285,389.0
18,25313,389.0
18,25327,389.0
18,25341,389.0
18,25355,389.0
18,25369,389.0
18,25383,389.0
18,25399,389.0
18,25413,389.0
18,25427,389.0
18,25453,397.0
18,25455,397.0
18,25469,397.0
18,25487,397.0
18,25517,397.0
18,25519,397.0
18,25521,397.0
18,25551,397.0
18,25581,397.0
18,25595,397.0
18,25625,397.0
18,25627,397.0
18,25641,405.0
18,25657,405.0
18,25685,405.0
18,25687,405.0
18,25701,405.0
18,25719,405.0
18,25749,405.0
18,25763,405.0
18,25779,405.0
18,25807,405.0
18,25821,405.0
18,25839,405.0
18,25853,405.0
18,25867,405.0
18,25895,405.0
18,25911,405.0
18,25929,405.0
18,25931,405.0
18,25945,405.0
18,25959,405.0
18,25989,405.0
18,26005,405.0
18,26019,405.0
18,26035,405.0
18,26049,405.0
18,26063,405.0
18,26089,405.0
18,26105,405.0
18,26133,405.0
18,26147,405.0
18,26161,405.0
18,26179,405.0
18,26193,405.0
18,26207,405.0
18,26235,405.0
18,26267,405.0
18,26281,405.0
18,26309,405.0
18,26311,405.0
18,26339,405.0
18,26353,405.0
18,26379,405.0
18,26381,405.0
18,26395,405.0
18,26409,405.0
18,26423,405.0
18,26451,405.0
18,26479,405.0
18,26513,405.0
18,26541,405.0
18,26555,405.0
18,26569,405.0
18,26585,405.0
18,26599,405.0
18,26629,405.0
18,26659,405.0
18,26677,405.0
18,26691,405.0
18,26693,405.0
18,26695,405.0
18,26721,405.0
18,26751,405.0
18,26765,405.0
18,26779,405.0
18,26809,405.0
18,26811,405.0
18,26837,405.0
18,26851,405.0
18,26879,405.0
18,26913,405.0
18,26929,405.0
18,26961,405.0
18,26989,406.0
18,27023,406.0
18,27025,406.0
18,27039,406.0
18,27067,406.0
18,27069,406.0
18,27101,406.0
18,27103,406.0
18,27131,406.0
18,27145,406.0
18,27147,406.0
18,27149,406.0
18,27163,406.0
18,27177,406.0
18,27205,406.0
18,27233,406.0
18,27247,406.0
18,27279,406.0
18,27305,406.0
18,27337,406.0
18,27365,406.0
18,27379,406.0
18,27381,406.0
18,27397,406.0
18,27399,406.0
18,27427,406.0
18,27429,406.0
18,27457,406.0
18,27471,406.0
18,27485,406.0
18,27499,406.0
18,27525,406.0
18,27527,406.0
18,27555,406.0
18,27573,406.0
18,27589,406.0
18,27617,406.0
18,27633,406.0
18,27659,406.0
18,27673,406.0
18,27687,406.0
18,27701,406.0
18,27715,406.0
18,27717,406.0
18,27749,406.0
18,27765,406.0
18,27779,406.0
18,27805,406.0
18,27821,406.0
18,27851,406.0
18,27865,406.0
18,27895,406.0
18,27909,406.0
18,27925,406.0
18,27927,406.0
18,27941,406.0
18,27955,406.0
18,27973,406.0
18,27999,406.0
18,28001,406.0
18,28019,406.0
18,28033,406.0
18,28047,406.0
18,28077,406.0
18,28079,406.0
18,28093,406.0
18,28109,406.0
18,28135,406.0
18,28149,406.0
18,28177,406.0
18,28211,406.0
18,28239,406.0
18,28241,406.0
18,28257,406.0
18,28271,406.0
18,28285,406.0
18,28287,406.0
18,28289,406.0
18,28291,406.0
18,28311,406.0
18,28325,406.0
18,28351,406.0
18,28365,406.0
18,28393,406.0
18,28407,406.0
18,28421,406.0
18,28423,406.0
18,28449,406.0
18,28467,406.0
18,28499,406.0
18,28529,406.0
18,28531,406.0
18,28569,406.0
18,28571,406.0
18,28599,406.0
18,28625,406.0
18,28627,406.0
18,28653,406.0
18,28671,406.0
18,28685,406.0
18,28713,406.0
18,28727,406.0
18,28753,406.0
18,28781,406.0
18,28809,406.0
18,28837,406.0
18,28863,406.0
18,28865,406.0
18,28879,406.0
18,28881,406.0
18,28897,406.0
18,28927,406.0
18,28943,406.0
18,28969,406.0
18,28997,406.0
18,29011,406.0
18,29041,407.0
18,29055,407.0
18,29071,407.0
18,29085,407.0
18,29111,407.0
18,29125,411.0
18,29141,411.0
18,29171,411.0
18,29185,411.0
18,29213,411.0
18,29227,411.0
18,29241,411.0
18,29279,411.0
18,29293,411.0
18,29325,411.0
18,29339,411.0
18,29367,411.0
18,29395,411.0
18,29409,411.0
18,29429,411.0
18,29445,411.0
18,29461,411.0
18,29463,411.0
18,29491,411.0
18,29505,411.0
18,29519,411.0
18,29545,411.0
18,29561,411.0
18,29589,411.0
18,29605,411.0
18,29635,411.0
18,29661,411.0
18,29687,411.0
18,29689,411.0
18,29707,411.0
18,29721,411.0
18,29749,411.0
18,29777,411.0
18,29793,411.0
18,29809,411.0
18,29839,411.0
18,29841,411.0
18,29855,411.0
18,29875,411.0
18,29903,411.0
18,29905,411.0
18,29919,411.0
18,29921,411.0
18,29947,412.0
18,29961,412.0
18,29983,412.0
18,29999,412.0
18,30029,412.0
18,30043,412.0
18,30071,412.0
18,30087,412.0
18,30101,412.0
18,30115,412.0
18,30117,412.0
18,30131,412.0
18,30171,412.0
18,30199,412.0
18,30213,412.0
18,30227,412.0
18,30229,412.0
18,30255,412.0
18,30271,412.0
18,30285,412.0
18,30299,412.0
18,30325,412.0
18,30355,412.0
18,30369,412.0
18,30371,412.0
18,30403,412.0
18,30417,412.0
18,30445,412.0
18,30475,412.0
18,30489,412.0
18,30505,412.0
18,30519,412.0
18,30533,412.0
18,30559,412.0
18,30575,412.0
18,30589,412.0
18,30605,412.0
18,30621,412.0
18,30639,412.0
18,30665,412.0
18,30667,412.0
18,30693,412.0
18,30719,412.0
18,30745,412.0
18,30759,412.0
18,30761,412.0
18,30777,412.0
18,30791,412.0
18,30793,412.0
18,30807,412.0
18,30821,412.0
18,30851,412.0
18,30867,412.0
18,30883,412.0
18,30897,412.0
18,30911,412.0
18,30925,412.0
18,30951,412.0
18,30965,412.0
18,30991,414.0
18,31009,414.0
18,31011,414.0
18,31029,414.0
18,31057,414.0
18,31073,414.0
18,31089,414.0
18,31117,414.0
18,31119,414.0
18,31133,414.0
18,31161,414.0
18,31187,414.0
18,31215,414.0
18,31229,414.0
18,31259,414.0
18,31285,414.0
18,31299,414.0
18,31327,414.0
18,31329,414.0
18,31355,414.0
18,31369,414.0
18,31371,414.0
18,31399,414.0
18,31415,414.0
18,31417,414.0
18,31419,414.0
18,31449,414.0
18,31451,414.0
18,31479,414.0
18,31493,414.0
18,31507,414.0
18,31523,414.0
18,31537,414.0
18,31565,414.0
18,31591,416.0
18,31619,416.0
18,31621,416.0
18,31635,416.0
18,31637,416.0
18,31651,416.0
18,31679,416.0
18,31695,416.0
18,31711,416.0
18,31725,416.0
18,31739,416.0
18,31753,416.0
18,31767,416.0
18,31781,418.0
18,31801,418.0
18,31815,418.0
18,31845,418.0
18,31871,418.0
18,31873,418.0
18,31875,418.0
18,31889,418.0
18,31891,418.0
18,31905,418.0
18,31931,418.0
18,31959,418.0
18,31975,418.0
18,31989,418.0
18,32023,418.0
18,32049,418.0
18,32063,418.0
18,32089,418.0
18,32105,418.0
19,22132,326.0
19,22146,326.0
19,22174,326.0
19,22202,326.0
19,22232,326.0
19,22260,326.0
19,22294,326.0
19,22308,326.0
19,22340,326.0
19,22342,326.0
19,22813,326.0
19,22841,336.0
19,22857,336.0
19,22875,336.0
19,22891,336.0
19,22907,336.0
19,22909,336.0
19,22911,336.0
19,22937,336.0
19,22965,336.0
19,22995,336.0
19,23027,336.0
19,23041,336.0
19,23055,336.0
19,23069,336.0
19,23083,336.0
19,23085,336.0
19,23087,336.0
19,23101,336.0
19,23133,336.0
19,23161,336.0
19,23187,346.0
19,23213,346.0
19,23243,346.0
19,23257,346.0
19,23289,346.0
19,23291,346.0
19,23317,346.0
19,23343,346.0
19,23377,346.0
19,23409,346.0
19,23423,360.0
19,23451,360.0
19,23465,360.0
19,23467,360.0
19,23469,360.0
19,23483,360.0
19,23497,360.0
19,23513,360.0
19,23531,360.0
19,23547,360.0
19,23549,360.0
19,23577,360.0
19,23593,360.0
19,23607,360.0
19,23609,360.0
19,23637,360.0
19,23639,360.0
19,23641,360.0
19,23669,360.0
19,23671,360.0
19,23687,360.0
19,23705,360.0
19,23731,360.0
19,23747,360.0
19,23765,360.0
19,23779,360.0
19,23793,360.0
19,23809,360.0
19,23839,360.0
19,23859,360.0
19,23887,360.0
19,23903,360.0
19,23917,360.0
19,23945,360.0
19,23961,360.0
19,23975,360.0
19,23977,360.0
19,23979,360.0
19,24005,360.0
19,24019,360.0
19,24035,360.0
19,24061,360.0
19,24091,360.0
19,24105,360.0
19,24119,360.0
19,24121,360.0
19,24147,360.0
19,24175,360.0
19,24177,360.0
19,24193,360.0
19,24207,360.0
19,24221,360.0
19,24223,360.0
19,24237,374.0
19,24269,374.0
19,24295,376.0
19,24297,376.0
19,24299,376.0
19,24313,376.0
19,24315,376.0
19,24331,376.0
19,24345,376.0
19,24375,376.0
19,24403,376.0
19,24429,376.0
19,24431,376.0
19,24461,376.0
19,24487,376.0
19,24503,376.0
19,24517,376.0
19,24533,376.0
19,24563,376.0
19,24565,376.0
19,24593,376.0
19,24609,376.0
19,24623,376.0
19,24649,376.0
19,24651,376.0
19,24679,376.0
19,24717,376.0
19,24743,376.0
19,24757,376.0
19,24783,376.0
19,24797,376.0
19,24799,376.0
19,24827,376.0
19,24847,376.0
19,24861,376.0
19,24875,376.0
19,24889,376.0
19,24903,376.0
19,24929,376.0
19,24931,376.0
19,24945,376.0
19,24973,376.0
19,24991,376.0
19,25005,376.0
19,25021,376.0
19,25035,376.0
19,25065,376.0
19,25091,382.0
19,25105,382.0
19,25121,382.0
19,25123,382.0
19,25139,382.0
19,25141,382.0
19,25171,382.0
19,25185,382.0
19,25211,382.0
19,25237,382.0
19,25265,389.0
19,25293,389.0
19,25307,389.0
19,25341,389.0
19,25357,389.0
19,25373,389.0
19,25387,389.0
19,25389,389.0
19,25391,389.0
19,25405,389.0
19,25407,389.0
19,25433,389.0
19,25447,389.0
19,25473,389.0
19,25501,389.0
19,25515,389.0
19,25529,389.0
19,25543,389.0
19,25557,389.0
19,25575,389.0
19,25577,389.0
19,25591,389.0
19,25605,389.0
19,25621,389.0
19,25635,389.0
19,25637,389.0
19,25653,389.0
19,25669,389.0
19,25685,389.0
19,25713,389.0
19,25741,389.0
19,25755,389.0
19,25783,389.0
19,25797,389.0
19,25833,389.0
19,25835,389.0
19,25849,389.0
19,25865,389.0
19,25893,395.0
19,25907,395.0
19,25921,395.0
19,25935,395.0
19,25961,395.0
19,25987,395.0
19,26013,395.0
19,26027,395.0
19,26041,400.0
19,26069,400.0
19,26083,400.0
19,26111,400.0
19,26113,400.0
19,26127,400.0
19,26141,400.0
19,26155,400.0
19,26175,400.0
19,26177,400.0
19,26205,400.0
19,26219,400.0
19,26233,404.0
19,26263,404.0
19,26281,404.0
19,26295,404.0
19,26313,404.0
19,26341,404.0
19,26377,404.0
19,26379,404.0
19,26393,404.0
19,26407,404.0
19,26433,404.0
19,26447,404.0
19,26449,404.0
19,26475,404.0
19,26501,404.0
19,26515,404.0
19,26529,404.0
19,26543,404.0
19,26559,404.0
19,26573,404.0
19,26603,404.0
19,26619,404.0
19,26621,404.0
19,26635,404.0
19,26663,404.0
19,26689,404.0
19,26691,404.0
19,26717,404.0
19,26719,404.0
19,26745,404.0
19,26747,404.0
19,26765,404.0
19,26793,404.0
19,26807,404.0
19,26823,404.0
19,26837,404.0
19,26851,404.0
19,26877,404.0
19,26891,404.0
19,26917,404.0
19,26935,404.0
19,26953,404.0
19,26967,404.0
19,26983,404.0
19,26985,404.0
19,27003,404.0
19,27031,404.0
19,27047,404.0
19,27063,404.0
19,27091,404.0
19,27093,404.0
19,27119,404.0
19,27135,404.0
19,27149,404.0
19,27151,404.0
19,27179,404.0
19,27197,404.0
19,27211,404.0
19,27241,404.0
19,27255,404.0
19,27269,404.0
19,27271,404.0
19,27273,404.0
19,27303,404.0
19,27305,404.0
19,27331,404.0
19,27333,404.0
19,27347,404.0
19,27387,404.0
19,27403,404.0
19,27417,404.0
19,27433,404.0
19,27459,404.0
19,27489,404.0
19,27515,404.0
19,27549,404.0
19,27563,404.0
19,27579,404.0
19,27609,404.0
19,27637,404.0
19,27669,404.0
19,27695,404.0
19,27709,404.0
19,27725,404.0
19,27751,404.0
19,27765,404.0
19,27795,404.0
19,27825,404.0
19,27855,404.0
19,27869,404.0
19,27883,404.0
19,27911,404.0
19,27927,404.0
19,27941,404.0
19,27967,404.0
19,27981,404.0
19,27983,404.0
19,27997,404.0
19,28025,404.0
19,28039,404.0
19,28053,404.0
19,28079,404.0
19,28107,404.0
19,28137,404.0
19,28163,404.0
19,28165,404.0
19,28179,404.0
19,28207,404.0
19,28239,404.0
19,28241,404.0
19,28255,404.0
19,28257,404.0
19,28283,404.0
19,28301,404.0
19,28329,404.0
19,28355,404.0
19,28369,404.0
19,28385,404.0
19,28387,404.0
19,28401,404.0
19,28417,404.0
19,28443,412.0
19,28459,412.0
19,28473,412.0
19,28499,412.0
19,28513,412.0
19,28515,412.0
19,28535,412.0
19,28567,412.0
19,28583,412.0
19,28597,412.0
19,28625,412.0
19,28651,412.0
19,28679,412.0
19,28705,412.0
19,28719,412.0
19,28733,412.0
19,28749,412.0
19,28763,412.0
19,28777,412.0
19,28791,412.0
19,28805,412.0
19,28819,412.0
19,28845,412.0
19,28873,412.0
19,28905,412.0
19,28907,412.0
19,28921,412.0
19,28935,412.0
19,28949,412.0
19,28963,412.0
19,28981,412.0
19,29007,412.0
19,29021,412.0
19,29035,412.0
19,29037,412.0
19,29063,412.0
19,29091,412.0
19,29093,412.0
19,29117,412.0
19,29143,412.0
19,29175,412.0
19,29191,412.0
19,29219,412.0
19,29247,415.0
19,29261,415.0
19,29275,415.0
19,29289,415.0
19,29305,415.0
19,29321,415.0
19,29337,415.0
19,29351,415.0
19,29365,415.0
19,29381,415.0
19,29409,415.0
19,29411,415.0
19,29439,415.0
19,29441,415.0
19,29443,415.0
19,29473,415.0
19,29499,415.0
19,29515,415.0
19,29543,415.0
19,29545,415.0
19,29561,415.0
19,29563,415.0
19,29591,415.0
19,29607,415.0
19,29609,415.0
19,29635,415.0
19,29663,415.0
19,29665,415.0
19,29679,415.0
19,29693,415.0
19,29695,415.0
19,29721,415.0
19,29753,415.0
19,29755,415.0
19,29769,415.0
19,29801,415.0
19,29831,415.0
19,29859,415.0
19,29875,415.0
19,29889,415.0
19,29915,415.0
19,29931,415.0
19,29957,415.0
19,29959,415.0
19,29975,415.0
19,29977,415.0
19,29993,415.0
19,30029,415.0
19,30057,415.0
19,30083,415.0
19,30101,415.0
19,30127,415.0
19,30157,415.0
19,30171,415.0
19,30185,415.0
19,30213,422.0
19,30229,422.0
19,30243,422.0
19,30269,422.0
19,30297,422.0
19,30327,422.0
19,30341,422.0
19,30369,422.0
19,30397,422.0
19,30425,422.0
19,30455,422.0
19,30481,422.0
19,30495,422.0
19,30511,422.0
19,30539,422.0
19,30567,422.0
19,30593,422.0
19,30607,422.0
19,30621,422.0
19,30635,422.0
19,30651,422.0
19,30665,422.0
19,30679,422.0
19,30707,422.0
19,30721,422.0
19,30737,422.0
19,30763,422.0
19,30789,422.0
19,30815,422.0
19,30817,422.0
19,30837,422.0
19,30857,422.0
19,30859,422.0
19,30885,422.0
19,30899,422.0
19,30927,422.0
19,30953,422.0
19,30981,422.0
19,30995,422.0
19,31011,422.0
19,31013,422.0
19,31045,422.0
19,31077,422.0
19,31091,422.0
19,31119,422.0
19,31133,422.0
19,31149,422.0
19,31177,422.0
19,31205,422.0
19,31219,422.0
19,31233,422.0
19,31247,422.0
19,31261,422.0
19,31287,422.0
19,31301,422.0
19,31331,422.0
19,31345,422.0
19,31373,422.0
19,31405,422.0
19,31421,422.0
19,31447,422.0
19,31461,422.0
19,31477,422.0
19,31503,422.0
19,31535,422.0
19,31549,422.0
19,31575,422.0
19,31589,422.0
19,31615,422.0
19,31645,422.0
19,31673,422.0
19,31703,422.0
19,31719,422.0
19,31749,422.0
19,31751,422.0
19,31767,422.0
19,31793,422.0
19,31795,422.0
19,31797,422.0
19,31799,422.0
19,31815,422.0
19,31817,422.0
19,31831,422.0
19,31833,422.0
19,31849,422.0
19,31865,422.0
19,31891,422.0
19,31893,422.0
19,31909,422.0
19,31937,422.0
19,31969,422.0
19,31983,422.0
19,31997,422.0
19,32027,422.0
19,32041,422.0
19,32043,422.0
19,32071,422.0
19,32073,422.0
19,32101,422.0
19,32115,422.0
19,32131,422.0
20,22034,330.0
20,22036,330.0
20,22062,330.0
20,22078,330.0
20,22094,330.0
20,22108,330.0
20,22122,330.0
20,22124,330.0
20,22138,330.0
20,22166,330.0
20,22194,337.0
20,22196,337.0
20,22210,337.0
20,22224,337.0
20,22252,337.0
20,22268,337.0
20,22270,337.0
20,22286,337.0
20,22302,337.0
20,22304,337.0
20,22318,337.0
20,22344,343.0
20,22374,343.0
20,22388,343.0
20,22418,343.0
20,22434,343.0
20,22448,343.0
20,22464,343.0
20,22478,343.0
20,22492,343.0
20,22506,343.0
20,22532,343.0
20,22558,345.0
20,22574,345.0
20,22576,345.0
20,22590,345.0
20,23081,345.0
20,23095,345.0
20,23109,345.0
20,23143,345.0
20,23145,345.0
20,23159,345.0
20,23175,349.0
20,23177,349.0
20,23203,349.0
20,23217,349.0
20,23249,349.0
20,23265,349.0
20,23291,349.0
20,23307,349.0
20,23321,349.0
20,23323,349.0
20,23351,349.0
20,23377,349.0
20,23379,349.0
20,23393,349.0
20,23421,349.0
20,23437,349.0
20,23453,349.0
20,23481,358.0
20,23495,358.0
20,23525,358.0
20,23539,358.0
20,23565,358.0
20,23583,358.0
20,23601,358.0
20,23615,358.0
20,23617,358.0
20,23643,358.0
20,23657,375.0
20,23687,375.0
20,23703,375.0
20,23719,375.0
20,23747,375.0
20,23761,375.0
20,23775,375.0
20,23791,375.0
20,23805,375.0
20,23821,375.0
20,23823,375.0
20,23825,375.0
20,23827,375.0
20,23853,375.0
20,23869,375.0
20,23895,375.0
20,23921,375.0
20,23935,375.0
20,23949,375.0
20,23963,375.0
20,23977,375.0
20,23993,375.0
20,24025,375.0
20,24053,375.0
20,24067,375.0
20,24081,375.0
20,24095,375.0
20,24097,375.0
20,24099,375.0
20,24113,375.0
20,24143,375.0
20,24157,375.0
20,24173,375.0
20,24175,375.0
20,24203,375.0
20,24217,375.0
20,24231,375.0
20,24245,375.0
20,24263,375.0
20,24289,375.0
20,24303,375.0
20,24321,375.0
20,24337,375.0
20,24363,375.0
20,24393,375.0
20,24421,375.0
20,24449,375.0
20,24481,375.0
20,24495,375.0
20,24509,380.0
20,24511,380.0
20,24527,380.0
20,24541,380.0
20,24559,380.0
20,24573,380.0
20,24599,380.0
20,24627,380.0
20,24641,380.0
20,24655,380.0
20,24669,380.0
20,24683,380.0
20,24697,380.0
20,24711,380.0
20,24737,380.0
20,24763,380.0
20,24779,380.0
20,24793,380.0
20,24809,380.0
20,24837,397.0
20,24853,397.0
20,24855,397.0
20,24885,397.0
20,24887,397.0
20,24913,397.0
20,24947,397.0
20,24961,397.0
20,24975,397.0
20,24993,397.0
20,24995,397.0
20,25025,397.0
20,25039,397.0
20,25069,397.0
20,25087,397.0
20,25115,397.0
20,25151,397.0
20,25165,397.0
20,25179,397.0
20,25205,397.0
20,25219,397.0
20,25233,397.0
20,25249,397.0
20,25279,397.0
20,25281,397.0
20,25295,397.0
20,25297,397.0
20,25327,397.0
20,25353,397.0
20,25383,397.0
20,25397,397.0
20,25423,397.0
20,25425,397.0
20,25427,397.0
20,25441,397.0
20,25459,397.0
20,25475,397.0
20,25477,397.0
20,25507,397.0
20,25533,397.0
20,25559,397.0
20,25575,397.0
20,25577,397.0
20,25591,397.0
20,25617,397.0
20,25619,397.0
20,25637,397.0
20,25651,397.0
20,25679,397.0
20,25699,397.0
20,25713,397.0
20,25743,397.0
20,25745,397.0
20,25771,397.0
20,25803,397.0
20,25821,397.0
20,25851,397.0
20,25883,397.0
20,25911,397.0
20,25913,397.0
20,25915,397.0
20,25941,397.0
20,25973,397.0
20,25987,397.0
20,26003,397.0
20,26037,397.0
20,26051,397.0
20,26079,405.0
20,26081,405.0
20,26109,405.0
20,26123,405.0
20,26137,405.0
20,26151,405.0
20,26167,405.0
20,26169,405.0
20,26185,405.0
20,26199,405.0
20,26227,405.0
20,26257,405.0
20,26283,406.0
20,26309,406.0
20,26323,406.0
20,26341,406.0
20,26369,406.0
20,26395,406.0
20,26427,406.0
20,26453,406.0
20,26467,406.0
20,26493,406.0
20,26507,406.0
20,26509,406.0
20,26511,406.0
20,26537,406.0
20,26539,406.0
20,26559,406.0
20,26591,406.0
20,26611,406.0
20,26625,406.0
20,26643,406.0
20,26669,406.0
20,26699,406.0
20,26725,406.0
20,26751,406.0
20,26753,406.0
20,26767,406.0
20,26797,406.0
20,26829,406.0
20,26843,406.0
20,26859,406.0
20,26873,406.0
20,26889,406.0
20,26903,406.0
20,26919,406.0
20,26935,406.0
20,26949,406.0
20,26963,406.0
20,26977,406.0
20,26991,406.0
20,27007,406.0
20,27021,406.0
20,27051,406.0
20,27071,406.0
20,27085,406.0
20,27099,406.0
20,27115,406.0
20,27129,406.0
20,27157,406.0
20,27183,406.0
20,27199,406.0
20,27213,406.0
20,27229,406.0
20,27231,406.0
20,27245,406.0
20,27259,406.0
20,27273,406.0
20,27301,406.0
20,27303,406.0
20,27319,406.0
20,27349,406.0
20,27377,406.0
20,27391,406.0
20,27405,406.0
20,27431,406.0
20,27459,406.0
20,27473,406.0
20,27487,406.0
20,27503,406.0
20,27533,406.0
20,27549,406.0
20,27575,406.0
20,27607,406.0
20,27625,406.0
20,27651,406.0
20,27665,406.0
20,27667,406.0
20,27695,406.0
20,27711,406.0
20,27713,406.0
20,27715,406.0
20,27733,406.0
20,27763,406.0
20,27795,412.0
20,27809,412.0
20,27823,412.0
20,27855,412.0
20,27869,412.0
20,27895,412.0
20,27919,412.0
20,27933,412.0
20,27961,412.0
20,27963,412.0
20,27979,412.0
20,27993,412.0
20,27995,412.0
20,28009,412.0
20,28023,412.0
20,28037,412.0
20,28053,412.0
20,28085,412.0
20,28103,412.0
20,28119,412.0
20,28133,412.0
20,28147,412.0
20,28177,412.0
20,28203,412.0
20,28219,412.0
20,28221,412.0
20,28235,412.0
20,28261,412.0
20,28263,412.0
20,28293,412.0
20,28295,412.0
20,28297,412.0
20,28313,412.0
20,28329,412.0
20,28357,412.0
20,28385,412.0
20,28403,412.0
20,28405,412.0
20,28431,412.0
20,28445,412.0
20,28461,412.0
20,28477,412.0
20,28507,412.0
20,28535,412.0
20,28561,412.0
20,28577,412.0
20,28603,412.0
20,28605,412.0
20,28637,412.0
20,28651,412.0
20,28677,412.0
20,28679,412.0
20,28693,412.0
20,28707,412.0
20,28721,412.0
20,28737,412.0
20,28739,412.0
20,28767,412.0
20,28793,412.0
20,28811,412.0
20,28843,412.0
20,28857,412.0
20,28873,412.0
20,28899,412.0
20,28929,412.0
20,28949,412.0
20,28965,412.0
20,28979,412.0
20,28981,412.0
20,29007,412.0
20,29009,412.0
20,29035,412.0
20,29051,412.0
20,29081,412.0
20,29095,412.0
20,29109,412.0
20,29125,412.0
20,29127,412.0
20,29141,412.0
20,29143,412.0
20,29145,412.0
20,29147,412.0
20,29161,412.0
20,29191,412.0
20,29217,412.0
20,29243,412.0
20,29273,412.0
20,29291,412.0
20,29317,412.0
20,29331,412.0
20,29333,412.0
20,29347,412.0
20,29361,412.0
20,29377,412.0
20,29391,412.0
20,29405,412.0
20,29407,412.0
20,29433,412.0
20,29447,412.0
20,29473,412.0
20,29499,412.0
20,29501,412.0
20,29531,412.0
20,29557,412.0
20,29559,412.0
20,29585,412.0
20,29587,412.0
20,29589,412.0
20,29617,412.0
20,29647,412.0
20,29663,412.0
20,29677,412.0
20,29691,412.0
20,29705,412.0
20,29707,412.0
20,29731,412.0
20,29761,412.0
20,29777,412.0
20,29805,412.0
20,29819,412.0
20,29821,412.0
20,29847,412.0
20,29849,412.0
20,29851,412.0
20,29865,412.0
20,29879,412.0
20,29893,412.0
20,29921,412.0
20,29935,412.0
20,29937,412.0
20,29953,412.0
20,29981,412.0
20,29995,412.0
20,29997,412.0
20,30011,412.0
20,30025,412.0
20,30039,412.0
20,30065,412.0
20,30091,412.0
20,30105,412.0
20,30119,412.0
20,30147,412.0
20,30175,412.0
20,30201,412.0
20,30227,414.0
20,30253,414.0
20,30255,414.0
20,30269,416.0
20,30283,416.0
20,30297,416.0
20,30313,416.0
20,30341,416.0
20,30355,416.0
20,30371,416.0
20,30387,416.0
20,30389,416.0
20,30403,416.0
20,30421,416.0
20,30451,416.0
20,30465,416.0
20,30467,416.0
20,30495,416.0
20,30509,416.0
20,30525,416.0
20,30553,416.0
20,30581,417.0
20,30583,417.0
20,30599,417.0
20,30631,417.0
20,30657,417.0
20,30691,417.0
20,30719,417.0
20,30721,417.0
20,30735,417.0
20,30765,417.0
20,30791,417.0
20,30793,417.0
20,30821,417.0
20,30847,417.0
20,30863,417.0
20,30891,417.0
20,30917,417.0
20,30933,417.0
20,30935,417.0
20,30953,417.0
20,30967,417.0
20,30969,417.0
20,30995,417.0
20,31029,417.0
20,31055,417.0
20,31083,417.0
20,31099,417.0
20,31129,417.0
20,31143,417.0
20,31157,417.0
20,31183,417.0
20,31209,417.0
20,31225,417.0
20,31239,417.0
20,31269,417.0
20,31283,417.0
20,31319,417.0
20,31333,417.0
20,31361,417.0
20,31375,417.0
20,31405,417.0
20,31419,417.0
20,31433,417.0
20,31435,417.0
20,31451,417.0
20,31485,417.0
20,31487,417.0
20,31515,419.0
20,31547,419.0
20,31565,419.0
20,31593,419.0
20,31609,419.0
20,31623,419.0
20,31637,419.0
20,31639,419.0
20,31669,419.0
20,31695,419.0
20,31709,419.0
20,31735,419.0
20,31761,419.0
20,31763,419.0
20,31779,419.0
20,31807,419.0
20,31821,419.0
20,31837,419.0
20,31853,419.0
20,31883,419.0
20,31885,419.0
20,31887,419.0
20,31903,419.0
20,31919,419.0
20,31933,419.0
20,31935,419.0
20,31949,419.0
20,31975,419.0
20,32001,419.0
20,32031,419.0
21,21934,321.0
21,21936,321.0
21,21938,321.0
21,21970,321.0
21,21984,325.0
21,21998,325.0
21,22419,325.0
21,22433,325.0
21,22447,325.0
21,22461,333.0
21,22463,333.0
21,22479,333.0
21,22505,333.0
21,22519,342.0
21,22547,355.0
21,22573,355.0
21,22589,355.0
21,22603,355.0
21,22605,355.0
21,22619,355.0
21,22649,355.0
21,22677,355.0
21,22679,355.0
21,22681,355.0
21,22707,355.0
21,22709,355.0
21,22735,360.0
21,22749,360.0
21,22763,360.0
21,22791,360.0
21,22807,360.0
21,22835,360.0
21,22867,360.0
21,22869,360.0
21,22897,360.0
21,22927,360.0
21,22955,360.0
21,22981,360.0
21,23011,360.0
21,23029,360.0
21,23043,360.0
21,23069,360.0
21,23099,360.0
21,23113,360.0
21,23143,360.0
21,23145,360.0
21,23163,360.0
21,23193,360.0
21,23225,360.0
21,23253,360.0
21,23255,360.0
21,23269,360.0
21,23287,360.0
21,23301,360.0
21,23303,360.0
21,23321,360.0
21,23349,360.0
21,23363,360.0
21,23391,360.0
21,23417,360.0
21,23435,360.0
21,23463,360.0
21,23489,360.0
21,23503,360.0
21,23533,360.0
21,23547,360.0
21,23561,360.0
21,23589,383.0
21,23603,383.0
21,23633,383.0
21,23661,383.0
21,23693,383.0
21,23719,383.0
21,23749,383.0
21,23781,383.0
21,23807,383.0
21,23821,383.0
21,23835,383.0
21,23837,383.0
21,23839,383.0
21,23869,383.0
21,23885,383.0
21,23887,383.0
21,23913,383.0
21,23929,383.0
21,23963,383.0
21,23965,383.0
21,23991,383.0
21,24005,383.0
21,24019,383.0
21,24021,383.0
21,24039,383.0
21,24067,383.0
21,24097,383.0
21,24115,383.0
21,24129,394.0
21,24157,394.0
21,24183,394.0
21,24197,394.0
21,24211,394.0
21,24225,394.0
21,24251,394.0
21,24277,394.0
21,24305,394.0
21,24321,394.0
21,24349,394.0
21,24363,394.0
21,24377,394.0
21,24405,394.0
21,24407,394.0
21,24421,394.0
21,24449,394.0
21,24451,394.0
21,24465,394.0
21,24491,394.0
21,24519,394.0
21,24535,394.0
21,24563,394.0
21,24577,394.0
21,24593,394.0
21,24625,394.0
21,24627,394.0
21,24641,394.0
21,24655,394.0
21,24657,394.0
21,24673,394.0
21,24701,394.0
21,24731,394.0
21,24759,394.0
21,24791,394.0
21,24817,394.0
21,24831,394.0
21,24861,394.0
21,24887,394.0
21,24901,394.0
21,24915,394.0
21,24941,394.0
21,24973,394.0
21,25003,394.0
21,25019,394.0
21,25033,394.0
21,25063,394.0
21,25079,394.0
21,25105,394.0
21,25119,394.0
21,25133,394.0
21,25149,394.0
21,25163,394.0
21,25191,394.0
21,25217,394.0
21,25231,394.0
21,25257,394.0
21,25289,394.0
21,25291,394.0
21,25305,394.0
21,25331,394.0
21,25359,394.0
21,25361,394.0
21,25391,404.0
21,25405,404.0
21,25407,404.0
21,25437,404.0
21,25439,404.0
21,25465,409.0
21,25497,409.0
21,25531,409.0
21,25557,409.0
21,25559,409.0
21,25575,409.0
21,25589,409.0
21,25615,409.0
21,25641,409.0
21,25643,409.0
21,25669,409.0
21,25683,409.0
21,25697,409.0
21,25711,409.0
21,25737,409.0
21,25753,409.0
21,25767,409.0
21,25783,409.0
21,25785,409.0
21,25799,409.0
21,25829,409.0
21,25857,409.0
21,25871,409.0
21,25885,409.0
21,25901,409.0
21,25919,409.0
21,25945,409.0
21,25959,409.0
21,25975,409.0
21,25989,409.0
21,26017,409.0
21,26033,409.0
21,26051,409.0
21,26053,409.0
21,26055,409.0
21,26081,409.0
21,26111,409.0
21,26139,409.0
21,26141,409.0
21,26167,409.0
21,26197,409.0
21,26199,409.0
21,26213,409.0
21,26229,409.0
21,26245,409.0
21,26259,409.0
21,26273,409.0
21,26289,409.0
21,26303,409.0
21,26317,409.0
21,26331,409.0
21,26357,409.0
21,26371,409.0
21,26385,409.0
21,26399,409.0
21,26427,409.0
21,26457,409.0
21,26489,409.0
21,26503,409.0
21,26529,409.0
21,26555,409.0
21,26571,409.0
21,26573,409.0
21,26601,409.0
21,26615,409.0
21,26617,409.0
21,26643,409.0
21,26659,409.0
21,26673,409.0
21,26689,409.0
21,26715,409.0
21,26733,409.0
21,26751,409.0
21,26781,409.0
21,26811,409.0
21,26825,409.0
21,26853,409.0
21,26855,409.0
21,26869,409.0
21,26895,409.0
21,26923,409.0
21,26953,409.0
21,26967,409.0
21,26993,409.0
21,27007,409.0
21,27023,409.0
21,27053,409.0
21,27069,409.0
21,27083,409.0
21,27097,409.0
21,27111,409.0
21,27137,409.0
21,27151,409.0
21,27153,409.0
21,27155,409.0
21,27169,409.0
21,27185,409.0
21,27201,409.0
21,27203,409.0
21,27235,409.0
21,27249,409.0
21,27265,409.0
21,27281,409.0
21,27295,409.0
21,27311,409.0
21,27325,409.0
21,27339,409.0
21,27355,409.0
21,27381,409.0
21,27413,409.0
21,27431,409.0
21,27457,409.0
21,27471,409.0
21,27499,409.0
21,27531,409.0
21,27545,409.0
21,27547,409.0
21,27575,409.0
21,27601,409.0
21,27617,409.0
21,27633,409.0
21,27649,409.0
21,27677,409.0
21,27707,409.0
21,27725,409.0
21,27739,409.0
21,27753,409.0
21,27767,409.0
21,27795,409.0
21,27809,409.0
21,27835,409.0
21,27853,409.0
21,27855,409.0
21,27881,410.0
21,27883,410.0
21,27915,410.0
21,27931,410.0
21,27933,410.0
21,27947,410.0
21,27973,410.0
21,27987,416.0
21,28001,416.0
21,28029,416.0
21,28043,416.0
21,28073,416.0
21,28099,416.0
21,28113,416.0
21,28143,416.0
21,28161,416.0
21,28189,416.0
21,28205,416.0
21,28233,416.0
21,28259,416.0
21,28261,416.0
21,28295,416.0
21,28323,416.0
21,28339,416.0
21,28353,416.0
21,28381,416.0
21,28407,416.0
21,28435,416.0
21,28437,416.0
21,28465,416.0
21,28501,416.0
21,28531,416.0
21,28545,416.0
21,28547,416.0
21,28579,416.0
21,28609,416.0
21,28625,416.0
21,28639,416.0
21,28653,416.0
21,28681,416.0
21,28697,416.0
21,28725,416.0
21,28753,416.0
21,28767,416.0
21,28797,416.0
21,28825,416.0
21,28843,416.0
21,28859,416.0
21,28861,416.0
21,28889,416.0
21,28891,416.0
21,28919,416.0
21,28933,416.0
21,28961,416.0
21,28977,416.0
21,28993,416.0
21,29007,416.0
21,29021,416.0
21,29051,416.0
21,29065,416.0
21,29067,416.0
21,29083,416.0
21,29117,416.0
21,29119,416.0
21,29133,416.0
21,29149,416.0
21,29167,416.0
21,29181,416.0
21,29207,416.0
21,29233,422.0
21,29263,422.0
21,29277,422.0
21,29307,422.0
21,29339,422.0
21,29353,422.0
21,29383,422.0
21,29397,422.0
21,29429,422.0
21,29431,422.0
21,29447,422.0
21,29461,422.0
21,29475,422.0
21,29505,422.0
21,29539,422.0
21,29567,422.0
21,29589,422.0
21,29591,422.0
21,29605,422.0
21,29621,422.0
21,29651,422.0
21,29665,422.0
21,29667,422.0
21,29683,422.0
21,29685,422.0
21,29687,422.0
21,29713,422.0
21,29715,422.0
21,29743,422.0
21,29757,422.0
21,29771,422.0
21,29773,422.0
21,29801,422.0
21,29803,422.0
21,29819,422.0
21,29847,422.0
21,29875,422.0
21,29905,422.0
21,29939,422.0
21,29941,422.0
21,29967,422.0
21,29993,422.0
21,30023,422.0
21,30049,422.0
21,30051,422.0
21,30079,422.0
21,30095,422.0
21,30127,422.0
21,30141,422.0
21,30155,422.0
21,30157,422.0
21,30171,422.0
21,30185,422.0
21,30199,422.0
21,30213,422.0
21,30231,422.0
21,30245,422.0
21,30247,422.0
21,30261,422.0
21,30263,422.0
21,30295,422.0
21,30311,422.0
21,30325,422.0
21,30353,422.0
21,30355,422.0
21,30357,422.0
21,30371,422.0
21,30385,422.0
21,30411,422.0
21,30429,422.0
21,30443,422.0
21,30473,422.0
21,30475,422.0
21,30489,422.0
21,30503,422.0
21,30505,422.0
21,30507,422.0
21,30521,422.0
21,30551,422.0
21,30565,422.0
21,30591,422.0
21,30617,422.0
21,30633,422.0
21,30649,422.0
21,30677,422.0
21,30695,422.0
21,30709,422.0
21,30711,422.0
21,30727,422.0
21,30741,422.0
21,30757,422.0
21,30789,422.0
21,30803,422.0
21,30829,422.0
21,30859,422.0
21,30879,422.0
21,30911,422.0
21,30925,422.0
21,30955,422.0
21,30993,422.0
21,31021,422.0
21,31051,422.0
21,31065,422.0
21,31079,422.0
21,31109,422.0
21,31123,422.0
21,31151,422.0
21,31181,422.0
21,31195,422.0
21,31221,422.0
21,31235,422.0
21,31253,422.0
21,31267,422.0
21,31297,422.0
21,31325,422.0
21,31351,422.0
21,31365,422.0
21,31367,422.0
21,31381,422.0
21,31397,422.0
21,31411,422.0
21,31425,422.0
21,31439,422.0
21,31455,422.0
21,31489,422.0
21,31503,422.0
21,31529,422.0
21,31545,422.0
21,31559,422.0
21,31561,422.0
21,31579,422.0
21,31593,422.0
21,31607,422.0
21,31621,422.0
21,31635,422.0
21,31637,422.0
21,31639,422.0
21,31667,422.0
21,31697,422.0
21,31725,422.0
21,31751,422.0
21,31785,422.0
21,31787,422.0
21,31803,422.0
21,31817,422.0
21,31831,422.0
21,31845,422.0
21,31859,422.0
21,31877,422.0
21,31907,422.0
21,31909,422.0
21,31923,422.0
22,22042,331.0
22,22056,331.0
22,22082,331.0
22,22096,331.0
22,22110,331.0
22,22126,331.0
22,22144,331.0
22,22158,337.0
22,22581,337.0
22,22599,337.0
22,22601,337.0
22,22617,337.0
22,22631,337.0
22,22665,337.0
22,22685,337.0
22,22715,337.0
22,22743,337.0
22,22757,337.0
22,22773,337.0
22,22787,337.0
22,22789,337.0
22,22803,337.0
22,22805,337.0
22,22819,337.0
22,22821,337.0
22,22857,337.0
22,22871,337.0
22,22885,338.0
22,22903,338.0
22,22917,338.0
22,22931,338.0
22,22961,338.0
22,22977,338.0
22,23005,338.0
22,23019,338.0
22,23035,338.0
22,23061,338.0
22,23089,338.0
22,23091,338.0
22,23109,338.0
22,23111,338.0
22,23143,338.0
22,23171,338.0
22,23173,338.0
22,23189,338.0
22,23191,338.0
22,23219,338.0
22,23221,338.0
22,23235,338.0
22,23249,338.0
22,23269,338.0
22,23271,338.0
22,23285,338.0
22,23287,338.0
22,23303,338.0
22,23317,338.0
22,23343,338.0
22,23359,338.0
22,23389,349.0
22,23417,349.0
22,23447,349.0
22,23449,349.0
22,23465,349.0
22,23479,349.0
22,23505,349.0
22,23507,349.0
22,23525,349.0
22,23527,349.0
22,23555,349.0
22,23569,349.0
22,23585,349.0
22,23613,349.0
22,23627,360.0
22,23653,360.0
22,23667,360.0
22,23693,368.0
22,23721,368.0
22,23747,368.0
22,23773,368.0
22,23787,368.0
22,23789,368.0
22,23817,368.0
22,23845,368.0
22,23861,368.0
22,23877,368.0
22,23879,368.0
22,23893,368.0
22,23895,368.0
22,23909,368.0
22,23935,368.0
22,23949,368.0
22,23965,368.0
22,23979,368.0
22,23981,368.0
22,24009,368.0
22,24039,368.0
22,24053,368.0
22,24055,368.0
22,24071,368.0
22,24099,368.0
22,24113,368.0
22,24127,368.0
22,24155,368.0
22,24171,368.0
22,24199,368.0
22,24213,368.0
22,24243,368.0
22,24271,368.0
22,24297,368.0
22,24323,368.0
22,24337,368.0
22,24365,368.0
22,24391,370.0
22,24417,370.0
22,24433,370.0
22,24447,370.0
22,24463,370.0
22,24479,370.0
22,24497,370.0
22,24499,370.0
22,24515,370.0
22,24543,370.0
22,24557,370.0
22,24587,370.0
22,24617,370.0
22,24633,370.0
22,24647,370.0
22,24661,370.0
22,24663,370.0
22,24679,370.0
22,24681,370.0
22,24695,370.0
22,24723,370.0
22,24737,370.0
22,24739,370.0
22,24767,386.0
22,24781,386.0
22,24795,386.0
22,24809,386.0
22,24823,386.0
22,24825,386.0
22,24855,386.0
22,24885,386.0
22,24901,386.0
22,24915,386.0
22,24941,386.0
22,24973,386.0
22,24989,386.0
22,25007,386.0
22,25033,391.0
22,25047,391.0
22,25049,391.0
22,25063,391.0
22,25077,398.0
22,25093,398.0
22,25107,398.0
22,25123,398.0
22,25151,398.0
22,25165,398.0
22,25181,398.0
22,25195,398.0
22,25197,398.0
22,25213,398.0
22,25227,398.0
22,25253,398.0
22,25267,398.0
22,25293,398.0
22,25325,398.0
22,25353,398.0
22,25355,398.0
22,25381,398.0
22,25409,398.0
22,25441,398.0
22,25455,398.0
22,25483,398.0
22,25511,398.0
22,25513,398.0
22,25515,398.0
22,25533,398.0
22,25535,398.0
22,25549,398.0
22,25563,398.0
22,25589,401.0
22,25619,401.0
22,25621,401.0
22,25647,401.0
22,25663,401.0
22,25693,401.0
22,25709,401.0
22,25711,401.0
22,25713,401.0
22,25729,401.0
22,25745,401.0
22,25759,401.0
22,25775,401.0
22,25809,401.0
22,25823,401.0
22,25825,401.0
22,25841,401.0
22,25843,401.0
22,25857,401.0
22,25871,401.0
22,25873,401.0
22,25901,401.0
22,25927,401.0
22,25959,401.0
22,25961,401.0
22,25989,401.0
22,26007,401.0
22,26021,401.0
22,26035,401.0
22,26069,401.0
22,26083,406.0
22,26085,406.0
22,26087,406.0
22,26105,406.0
22,26107,406.0
22,26139,406.0
22,26169,406.0
22,26183,406.0
22,26197,416.0
22,26227,416.0
22,26243,416.0
22,26259,416.0
22,26275,416.0
22,26277,416.0
22,26291,416.0
22,26293,416.0
22,26309,416.0
22,26337,416.0
22,26351,416.0
22,26365,416.0
22,26381,416.0
22,26397,416.0
22,26413,416.0
22,26415,416.0
22,26417,416.0
22,26419,416.0
22,26437,416.0
22,26451,416.0
22,26453,416.0
22,26479,416.0
22,26507,416.0
22,26521,416.0
22,26523,416.0
22,26525,416.0
22,26539,416.0
22,26565,416.0
22,26593,416.0
22,26629,416.0
22,26655,416.0
22,26681,416.0
22,26695,416.0
22,26697,416.0
22,26727,416.0
22,26759,416.0
22,26775,416.0
22,26789,416.0
22,26819,416.0
22,26833,416.0
22,26835,416.0
22,26863,416.0
22,26891,416.0
22,26905,416.0
22,26931,416.0
22,26957,416.0
22,26973,416.0
22,26999,416.0
22,27013,416.0
22,27041,416.0
22,27043,416.0
22,27057,416.0
22,27085,416.0
22,27113,416.0
22,27127,416.0
22,27145,416.0
22,27159,416.0
22,27175,416.0
22,27189,416.0
22,27223,416.0
22,27225,416.0
22,27239,416.0
22,27241,416.0
22,27255,416.0
22,27287,416.0
22,27301,416.0
22,27327,416.0
22,27355,416.0
22,27373,416.0
22,27375,416.0
22,27393,416.0
22,27407,416.0
22,27439,416.0
22,27469,416.0
22,27485,416.0
22,27499,416.0
22,27525,416.0
22,27539,416.0
22,27553,416.0
22,27555,416.0
22,27569,416.0
22,27595,416.0
22,27621,416.0
22,27647,416.0
22,27661,416.0
22,27663,416.0
22,27689,416.0
22,27717,416.0
22,27735,416.0
22,27751,416.0
22,27753,416.0
22,27755,416.0
22,27769,416.0
22,27795,416.0
22,27811,416.0
22,27837,416.0
22,27853,416.0
22,27871,416.0
22,27897,416.0
22,27925,416.0
22,27939,416.0
22,27957,416.0
22,27971,416.0
22,27973,416.0
22,28003,416.0
22,28017,416.0
22,28031,416.0
22,28033,416.0
22,28047,416.0
22,28061,416.0
22,28087,416.0
22,28119,416.0
22,28121,416.0
22,28135,416.0
22,28149,416.0
22,28163,416.0
22,28177,416.0
22,28207,416.0
22,28233,416.0
22,28247,416.0
22,28261,416.0
22,28275,416.0
22,28277,416.0
22,28297,416.0
22,28311,416.0
22,28325,416.0
22,28339,416.0
22,28341,416.0
22,28343,416.0
22,28357,416.0
22,28385,416.0
22,28413,416.0
22,28429,416.0
22,28445,416.0
22,28459,416.0
22,28473,416.0
22,28487,416.0
22,28515,416.0
22,28531,416.0
22,28559,416.0
22,28587,416.0
22,28601,416.0
22,28617,416.0
22,28619,416.0
22,28647,416.0
22,28675,416.0
22,28703,416.0
22,28705,416.0
22,28707,416.0
22,28709,416.0
22,28725,416.0
22,28759,416.0
22,28761,416.0
22,28791,416.0
22,28805,416.0
22,28819,416.0
22,28847,416.0
22,28863,416.0
22,28891,416.0
22,28917,416.0
22,28935,416.0
22,28957,416.0
22,28971,416.0
22,28985,416.0
22,28999,416.0
22,29029,416.0
22,29043,416.0
22,29059,416.0
22,29089,416.0
22,29105,416.0
22,29121,416.0
22,29135,416.0
22,29163,416.0
22,29197,416.0
22,29223,416.0
22,29239,416.0
22,29255,416.0
22,29269,416.0
22,29295,416.0
22,29297,416.0
22,29331,416.0
22,29359,416.0
22,29389,416.0
22,29423,416.0
22,29437,416.0
22,29439,416.0
22,29453,416.0
22,29479,416.0
22,29481,416.0
22,29497,416.0
22,29499,416.0
22,29515,416.0
22,29535,416.0
22,29549,416.0
22,29551,416.0
22,29579,416.0
22,29593,416.0
22,29619,416.0
22,29633,416.0
22,29661,416.0
22,29675,416.0
22,29701,416.0
22,29717,416.0
22,29731,416.0
22,29757,416.0
22,29783,416.0
22,29797,416.0
22,29811,416.0
22,29827,416.0
22,29859,416.0
22,29887,416.0
22,29889,416.0
22,29903,416.0
22,29929,416.0
22,29955,416.0
22,29971,416.0
22,29985,416.0
22,29987,416.0
22,30003,416.0
22,30017,416.0
22,30035,416.0
22,30051,416.0
22,30053,416.0
22,30055,416.0
22,30069,416.0
22,30085,416.0
22,30113,416.0
22,30143,416.0
22,30159,416.0
22,30193,416.0
22,30195,416.0
22,30227,416.0
22,30241,416.0
22,30257,416.0
22,30275,416.0
22,30305,416.0
22,30333,416.0
22,30349,416.0
22,30377,416.0
22,30403,416.0
22,30405,416.0
22,30437,416.0
22,30439,416.0
22,30453,416.0
22,30481,416.0
22,30483,416.0
22,30497,416.0
22,30511,416.0
22,30537,416.0
22,30551,416.0
22,30577,416.0
22,30591,416.0
22,30593,416.0
22,30607,416.0
22,30609,416.0
22,30637,416.0
22,30667,416.0
22,30693,416.0
22,30707,416.0
22,30721,416.0
22,30747,416.0
22,30763,416.0
22,30777,416.0
22,30791,416.0
22,30805,416.0
22,30831,416.0
22,30849,416.0
22,30879,416.0
22,30907,416.0
22,30921,416.0
22,30937,416.0
22,30951,416.0
22,30953,416.0
22,30981,416.0
22,31013,416.0
22,31027,416.0
22,31041,416.0
22,31075,416.0
22,31089,416.0
22,31103,416.0
22,31117,416.0
22,31145,416.0
22,31173,416.0
22,31187,416.0
22,31189,416.0
22,31205,416.0
22,31221,416.0
22,31251,416.0
22,31265,416.0
22,31299,416.0
22,31301,416.0
22,31317,416.0
22,31347,416.0
22,31381,416.0
22,31411,416.0
22,31437,416.0
22,31467,416.0
22,31469,416.0
22,31483,416.0
22,31499,416.0
22,31513,416.0
22,31531,416.0
22,31563,416.0
22,31603,416.0
22,31617,416.0
22,31631,416.0
22,31647,416.0
22,31675,416.0
22,31689,416.0
22,31703,416.0
22,31717,416.0
22,31731,416.0
22,31757,416.0
22,31787,416.0
22,31801,416.0
22,31803,416.0
22,31805,416.0
22,31823,416.0
22,31839,416.0
22,31853,416.0
22,31855,416.0
22,31883,416.0
22,31899,416.0
22,31919,416.0
22,31949,416.0
22,31975,416.0
22,31989,416.0
22,32005,416.0
22,32019,416.0
23,21998,300.0
23,22000,300.0
23,22489,313.0
23,22519,313.0
23,22533,313.0
23,22561,313.0
23,22587,326.0
23,22615,326.0
23,22631,326.0
23,22647,326.0
23,22673,326.0
23,22687,354.0
23,22703,354.0
23,22721,354.0
23,22735,354.0
23,22763,354.0
23,22779,354.0
23,22793,354.0
23,22819,354.0
23,22847,354.0
23,22849,354.0
23,22877,354.0
23,22891,354.0
23,22893,354.0
23,22895,354.0
23,22909,354.0
23,22935,354.0
23,22963,370.0
23,22977,384.0
23,22991,384.0
23,23021,384.0
23,23023,384.0
23,23041,384.0
23,23055,384.0
23,23069,384.0
23,23071,384.0
23,23101,384.0
23,23115,384.0
23,23143,384.0
23,23169,384.0
23,23183,384.0
23,23199,384.0
23,23227,384.0
23,23241,384.0
23,23269,384.0
23,23289,384.0
23,23317,384.0
23,23345,384.0
23,23371,384.0
23,23399,384.0
23,23413,384.0
23,23415,384.0
23,23417,384.0
23,23433,384.0
23,23447,384.0
23,23461,384.0
23,23475,384.0
23,23477,384.0
23,23493,384.0
23,23495,384.0
23,23509,384.0
23,23523,384.0
23,23539,384.0
23,23555,384.0
23,23569,384.0
23,23597,384.0
23,23613,384.0
23,23615,384.0
23,23617,384.0
23,23633,384.0
23,23665,384.0
23,23693,384.0
23,23695,384.0
23,23697,384.0
23,23725,384.0
23,23727,384.0
23,23729,384.0
23,23763,384.0
23,23793,384.0
23,23795,384.0
23,23797,384.0
23,23825,384.0
23,23851,384.0
23,23865,384.0
23,23879,384.0
23,23893,384.0
23,23923,384.0
23,23939,384.0
23,23973,384.0
23,23989,384.0
23,24003,385.0
23,24031,385.0
23,24045,385.0
23,24061,385.0
23,24075,385.0
23,24077,385.0
23,24091,385.0
23,24093,385.0
23,24109,385.0
23,24125,385.0
23,24139,385.0
23,24165,385.0
23,24167,385.0
23,24183,385.0
23,24197,385.0
23,24211,385.0
23,24239,385.0
23,24253,385.0
23,24267,385.0
23,24281,385.0
23,24283,385.0
23,24309,385.0
23,24339,385.0
23,24357,385.0
23,24373,385.0
23,24389,385.0
23,24405,385.0
23,24437,385.0
23,24451,385.0
23,24479,385.0
23,24493,385.0
23,24507,385.0
23,24521,385.0
23,24535,385.0
23,24549,385.0
23,24563,385.0
23,24577,385.0
23,24605,385.0
23,24631,385.0
23,24645,385.0
23,24659,385.0
23,24685,385.0
23,24699,385.0
23,24713,385.0
23,24731,385.0
23,24757,385.0
23,24771,385.0
23,24785,385.0
23,24799,385.0
23,24813,385.0
23,24829,385.0
23,24843,385.0
23,24859,385.0
23,24873,385.0
23,24887,385.0
23,24913,385.0
23,24915,385.0
23,24917,385.0
23,24919,385.0
23,24951,385.0
23,24979,385.0
23,24995,385.0
23,25015,385.0
23,25029,385.0
23,25043,385.0
23,25065,385.0
23,25095,385.0
23,25097,385.0
23,25129,385.0
23,25155,385.0
23,25181,385.0
23,25183,385.0
23,25185,385.0
23,25199,385.0
23,25213,385.0
23,25231,385.0
23,25247,385.0
23,25273,385.0
23,25299,385.0
23,25301,385.0
23,25315,385.0
23,25345,385.0
23,25347,385.0
23,25349,385.0
23,25375,385.0
23,25389,385.0
23,25405,385.0
23,25407,385.0
23,25409,385.0
23,25427,385.0
23,25453,391.0
23,25469,391.0
23,25483,391.0
23,25497,391.0
23,25513,391.0
23,25543,391.0
23,25569,391.0
23,25601,391.0
23,25617,391.0
23,25645,391.0
23,25659,391.0
23,25687,391.0
23,25715,391.0
23,25743,391.0
23,25757,391.0
23,25787,391.0
23,25789,391.0
23,25791,391.0
23,25805,392.0
23,25831,392.0
23,25845,392.0
23,25847,392.0
23,25849,392.0
23,25883,392.0
23,25911,392.0
23,25941,392.0
23,25957,392.0
23,25959,392.0
23,25973,392.0
23,25987,392.0
23,26015,392.0
23,26047,392.0
23,26077,392.0
23,26091,392.0
23,26117,392.0
23,26145,393.0
23,26159,393.0
23,26173,393.0
23,26175,393.0
23,26191,393.0
23,26205,393.0
23,26207,393.0
23,26223,393.0
23,26237,395.0
23,26239,395.0
23,26253,395.0
23,26281,395.0
23,26283,395.0
23,26285,395.0
23,26287,395.0
23,26313,395.0
23,26327,395.0
23,26353,401.0
23,26369,401.0
23,26397,401.0
23,26425,401.0
23,26439,401.0
23,26465,401.0
23,26491,401.0
23,26493,401.0
23,26495,401.0
23,26525,401.0
23,26527,401.0
23,26543,401.0
23,26557,401.0
23,26559,401.0
23,26577,401.0
23,26591,401.0
23,26607,401.0
23,26633,401.0
23,26659,401.0
23,26685,401.0
23,26711,401.0
23,26739,401.0
23,26753,401.0
23,26781,401.0
23,26783,401.0
23,26785,401.0
23,26799,401.0
23,26813,401.0
23,26815,401.0
23,26831,401.0
23,26845,401.0
23,26859,401.0
23,26885,401.0
23,26901,401.0
23,26915,401.0
23,26929,401.0
23,26943,401.0
23,26959,401.0
23,26985,401.0
23,27003,401.0
23,27017,401.0
23,27033,401.0
23,27059,401.0
23,27073,401.0
23,27087,405.0
23,27103,405.0
23,27117,405.0
23,27131,405.0
23,27147,405.0
23,27175,405.0
23,27205,405.0
23,27237,405.0
23,27265,405.0
23,27281,405.0
23,27295,405.0
23,27313,405.0
23,27327,405.0
23,27345,405.0
23,27359,405.0
23,27373,413.0
23,27387,413.0
23,27389,413.0
23,27403,413.0
23,27417,413.0
23,27431,413.0
23,27445,413.0
23,27459,413.0
23,27491,413.0
23,27509,413.0
23,27525,413.0
23,27555,413.0
23,27569,413.0
23,27585,413.0
23,27613,413.0
23,27643,413.0
23,27663,413.0
23,27691,413.0
23,27705,413.0
23,27719,413.0
23,27739,413.0
23,27753,413.0
23,27783,413.0
23,27799,413.0
23,27827,413.0
23,27861,413.0
23,27887,413.0
23,27901,413.0
23,27929,413.0
23,27959,413.0
23,27961,413.0
23,27975,413.0
23,27991,413.0
23,28005,413.0
23,28019,414.0
23,28035,414.0
23,28065,414.0
23,28079,414.0
23,28107,414.0
23,28109,414.0
23,28135,414.0
23,28161,414.0
23,28187,414.0
23,28189,414.0
23,28205,414.0
23,28207,414.0
23,28235,414.0
23,28265,414.0
23,28279,414.0
23,28281,414.0
23,28283,414.0
23,28297,414.0
23,28323,414.0
23,28337,414.0
23,28339,414.0
23,28365,414.0
23,28391,414.0
23,28393,414.0
23,28407,414.0
23,28435,420.0
23,28461,420.0
23,28491,420.0
23,28505,420.0
23,28531,420.0
23,28545,420.0
23,28571,420.0
23,28585,420.0
23,28603,420.0
23,28617,420.0
23,28631,420.0
23,28647,420.0
23,28661,420.0
23,28675,420.0
23,28703,420.0
23,28717,420.0
23,28719,420.0
23,28745,420.0
23,28775,420.0
23,28791,420.0
23,28793,420.0
23,28795,420.0
23,28811,420.0
23,28827,420.0
23,28841,420.0
23,28855,420.0
23,28883,420.0
23,28899,420.0
23,28915,420.0
23,28929,420.0
23,28947,420.0
23,28981,420.0
23,28999,420.0
23,29013,420.0
23,29043,420.0
23,29073,420.0
23,29087,420.0
23,29101,420.0
23,29129,420.0
23,29157,420.0
23,29159,420.0
23,29161,420.0
23,29187,420.0
23,29203,420.0
23,29217,420.0
23,29247,420.0
23,29273,420.0
23,29287,420.0
23,29301,420.0
23,29317,420.0
23,29331,420.0
23,29333,420.0
23,29359,420.0
23,29361,420.0
23,29375,420.0
23,29377,420.0
23,29405,420.0
23,29431,420.0
23,29445,420.0
23,29471,420.0
23,29491,420.0
23,29517,420.0
23,29543,420.0
23,29569,420.0
23,29583,420.0
23,29613,420.0
23,29631,420.0
23,29633,420.0
23,29647,420.0
23,29649,420.0
23,29665,420.0
23,29693,420.0
23,29707,420.0
23,29735,420.0
23,29761,420.0
23,29777,420.0
23,29805,420.0
23,29819,420.0
23,29821,420.0
23,29837,420.0
23,29851,420.0
23,29867,420.0
23,29895,420.0
23,29925,420.0
23,29951,420.0
23,29977,420.0
23,29991,420.0
23,30005,420.0
23,30031,420.0
23,30063,420.0
23,30091,420.0
23,30117,420.0
23,30131,420.0
23,30145,420.0
23,30171,420.0
23,30189,420.0
23,30203,420.0
23,30219,420.0
23,30235,420.0
23,30265,420.0
23,30279,420.0
23,30305,420.0
23,30321,420.0
23,30345,420.0
23,30373,420.0
23,30403,420.0
23,30417,420.0
23,30447,420.0
23,30449,420.0
23,30477,420.0
23,30503,420.0
23,30517,420.0
23,30535,420.0
23,30551,420.0
23,30553,420.0
23,30567,420.0
23,30581,420.0
23,30611,420.0
23,30625,420.0
23,30641,420.0
23,30671,420.0
23,30685,420.0
23,30699,420.0
23,30701,420.0
23,30727,420.0
23,30755,420.0
23,30781,420.0
23,30799,420.0
23,30825,420.0
23,30827,420.0
23,30829,420.0
23,30857,420.0
23,30859,420.0
23,30893,420.0
23,30907,420.0
23,30921,420.0
23,30947,420.0
23,30977,420.0
23,30979,420.0
23,30993,420.0
23,31009,420.0
23,31023,420.0
23,31049,420.0
23,31077,420.0
23,31093,420.0
23,31111,420.0
23,31113,420.0
23,31115,420.0
23,31129,420.0
23,31155,420.0
23,31175,420.0
23,31177,420.0
23,31209,420.0
23,31223,420.0
23,31237,420.0
23,31251,420.0
23,31281,420.0
23,31297,420.0
23,31323,420.0
23,31343,420.0
23,31373,420.0
23,31387,420.0
23,31413,420.0
23,31427,420.0
23,31455,420.0
23,31471,420.0
23,31485,420.0
23,31513,420.0
23,31529,420.0
23,31545,420.0
23,31573,420.0
23,31601,420.0
23,31603,420.0
23,31617,420.0
23,31635,420.0
23,31649,420.0
23,31663,420.0
23,31665,420.0
23,31695,420.0
23,31725,420.0
23,31741,420.0
23,31771,420.0
23,31785,420.0
23,31799,420.0
23,31815,420.0
23,31829,420.0
23,31831,420.0
23,31833,420.0
23,31863,420.0
23,31877,420.0
23,31891,420.0
23,31905,420.0
23,31907,420.0
23,31921,420.0
23,31923,420.0
23,31953,420.0
23,31967,420.0
23,31969,420.0
23,31987,420.0
24,22272,334.0
24,22298,338.0
24,22312,341.0
24,22338,341.0
24,22366,341.0
24,22398,341.0
24,22412,341.0
24,22442,341.0
24,22474,341.0
24,22500,341.0
24,22520,341.0
24,22536,341.0
24,22538,341.0
24,22556,341.0
24,22590,341.0
24,23041,341.0
24,23067,341.0
24,23069,341.0
24,23101,341.0
24,23129,357.0
24,23155,357.0
24,23171,357.0
24,23187,357.0
24,23215,363.0
24,23217,363.0
24,23219,363.0
24,23233,363.0
24,23247,363.0
24,23275,363.0
24,23277,363.0
24,23307,364.0
24,23333,364.0
24,23361,364.0
24,23375,364.0
24,23401,364.0
24,23415,364.0
24,23429,364.0
24,23461,364.0
24,23475,364.0
24,23489,364.0
24,23503,364.0
24,23535,364.0
24,23549,364.0
24,23567,364.0
24,23581,364.0
24,23603,364.0
24,23631,364.0
24,23659,364.0
24,23673,364.0
24,23693,364.0
24,23723,364.0
24,23737,364.0
24,23753,364.0
24,23771,364.0
24,23785,364.0
24,23799,364.0
24,23815,364.0
24,23829,364.0
24,23855,364.0
24,23871,364.0
24,23899,364.0
24,23913,364.0
24,23915,364.0
24,23945,365.0
24,23947,365.0
24,23963,365.0
24,23997,365.0
24,24027,365.0
24,24057,365.0
24,24073,365.0
24,24087,365.0
24,24089,365.0
24,24115,365.0
24,24129,365.0
24,24131,365.0
24,24147,365.0
24,24163,365.0
24,24165,365.0
24,24167,365.0
24,24181,365.0
24,24199,365.0
24,24215,365.0
24,24241,365.0
24,24255,365.0
24,24269,369.0
24,24271,369.0
24,24301,369.0
24,24303,369.0
24,24329,369.0
24,24343,369.0
24,24369,369.0
24,24371,369.0
24,24387,369.0
24,24401,369.0
24,24427,369.0
24,24445,369.0
24,24471,369.0
24,24501,369.0
24,24529,369.0
24,24543,369.0
24,24571,369.0
24,24585,369.0
24,24615,369.0
24,24643,369.0
24,24669,369.0
24,24699,369.0
24,24713,369.0
24,24731,369.0
24,24761,369.0
24,24791,372.0
24,24805,372.0
24,24807,372.0
24,24823,372.0
24,24853,372.0
24,24855,372.0
24,24881,372.0
24,24895,372.0
24,24911,372.0
24,24913,372.0
24,24915,372.0
24,24929,372.0
24,24943,372.0
24,24961,372.0
24,24977,372.0
24,24979,372.0
24,25009,372.0
24,25011,372.0
24,25039,372.0
24,25053,372.0
24,25069,372.0
24,25095,372.0
24,25109,372.0
24,25123,372.0
24,25149,372.0
24,25163,372.0
24,25191,372.0
24,25217,372.0
24,25219,372.0
24,25233,372.0
24,25261,372.0
24,25263,372.0
24,25265,372.0
24,25291,372.0
24,25307,372.0
24,25323,372.0
24,25325,372.0
24,25327,372.0
24,25329,372.0
24,25343,372.0
24,25369,372.0
24,25383,374.0
24,25397,374.0
24,25413,374.0
24,25415,374.0
24,25417,374.0
24,25435,374.0
24,25449,385.0
24,25451,385.0
24,25467,385.0
24,25487,385.0
24,25501,385.0
24,25529,385.0
24,25557,385.0
24,25583,385.0
24,25617,385.0
24,25619,385.0
24,25633,385.0
24,25649,385.0
24,25665,385.0
24,25683,385.0
24,25699,385.0
24,25717,385.0
24,25749,385.0
24,25763,385.0
24,25789,385.0
24,25815,385.0
24,25829,385.0
24,25843,385.0
24,25861,385.0
24,25863,385.0
24,25881,385.0
24,25907,385.0
24,25937,385.0
24,25939,385.0
24,25953,385.0
24,25955,385.0
24,25971,385.0
24,25985,387.0
24,26011,387.0
24,26039,387.0
24,26065,387.0
24,26079,387.0
24,26097,387.0
24,26111,387.0
24,26127,387.0
24,26129,387.0
24,26131,387.0
24,26157,387.0
24,26183,387.0
24,26211,387.0
24,26225,387.0
24,26251,389.0
24,26265,389.0
24,26291,389.0
24,26321,389.0
24,26345,389.0
24,26359,389.0
24,26375,389.0
24,26389,389.0
24,26391,389.0
24,26393,389.0
24,26419,389.0
24,26435,389.0
24,26437,389.0
24,26439,389.0
24,26453,400.0
24,26467,400.0
24,26483,400.0
24,26485,400.0
24,26499,400.0
24,26515,400.0
24,26543,400.0
24,26561,400.0
24,26563,400.0
24,26577,400.0
24,26591,400.0
24,26619,400.0
24,26635,400.0
24,26667,400.0
24,26669,400.0
24,26671,400.0
24,26687,400.0
24,26701,400.0
24,26715,400.0
24,26731,400.0
24,26747,400.0
24,26765,400.0
24,26797,400.0
24,26815,400.0
24,26833,400.0
24,26859,400.0
24,26885,400.0
24,26901,400.0
24,26917,400.0
24,26947,400.0
24,26963,400.0
24,26977,400.0
24,27003,400.0
24,27017,400.0
24,27031,400.0
24,27045,400.0
24,27047,400.0
24,27075,400.0
24,27089,400.0
24,27119,400.0
24,27145,400.0
24,27159,400.0
24,27173,400.0
24,27201,400.0
24,27203,400.0
24,27217,400.0
24,27231,400.0
24,27247,400.0
24,27261,400.0
24,27277,400.0
24,27303,400.0
24,27319,400.0
24,27347,400.0
24,27375,400.0
24,27391,400.0
24,27417,400.0
24,27447,400.0
24,27461,400.0
24,27493,400.0
24,27509,400.0
24,27523,401.0
24,27539,401.0
24,27557,401.0
24,27585,401.0
24,27587,401.0
24,27603,401.0
24,27629,401.0
24,27649,401.0
24,27679,401.0
24,27693,401.0
24,27695,401.0
24,27721,401.0
24,27737,401.0
24,27751,401.0
24,27753,401.0
24,27769,401.0
24,27797,401.0
24,27799,401.0
24,27815,401.0
24,27817,401.0
24,27845,401.0
24,27877,401.0
24,27909,406.0
24,27937,406.0
24,27951,406.0
24,27981,406.0
24,28009,406.0
24,28023,406.0
24,28055,406.0
24,28057,406.0
24,28071,406.0
24,28101,406.0
24,28127,406.0
24,28141,406.0
24,28173,406.0
24,28175,406.0
24,28203,406.0
24,28219,406.0
24,28245,406.0
24,28259,406.0
24,28287,406.0
24,28317,406.0
24,28343,406.0
24,28357,406.0
24,28359,406.0
24,28375,406.0
24,28409,406.0
24,28423,406.0
24,28441,406.0
24,28443,406.0
24,28457,406.0
24,28459,406.0
24,28487,406.0
24,28517,406.0
24,28519,406.0
24,28547,406.0
24,28575,406.0
24,28589,406.0
24,28603,406.0
24,28619,406.0
24,28621,406.0
24,28635,406.0
24,28637,406.0
24,28667,406.0
24,28669,406.0
24,28699,406.0
24,28725,406.0
24,28739,406.0
24,28753,406.0
24,28767,406.0
24,28781,406.0
24,28809,406.0
24,28811,406.0
24,28825,406.0
24,28827,406.0
24,28853,406.0
24,28869,406.0
24,28883,406.0
24,28901,406.0
24,28915,406.0
24,28931,406.0
24,28965,406.0
24,28979,406.0
24,29013,406.0
24,29039,411.0
24,29053,411.0
24,29067,411.0
24,29081,411.0
24,29095,411.0
24,29123,411.0
24,29125,411.0
24,29141,411.0
24,29143,411.0
24,29171,411.0
24,29187,411.0
24,29215,411.0
24,29217,411.0
24,29247,411.0
24,29273,411.0
24,29275,411.0
24,29289,411.0
24,29317,411.0
24,29343,411.0
24,29371,411.0
24,29385,411.0
24,29399,411.0
24,29427,411.0
24,29453,411.0
24,29481,411.0
24,29509,411.0
24,29523,411.0
24,29551,411.0
24,29565,411.0
24,29591,411.0
24,29593,411.0
24,29619,411.0
24,29651,411.0
24,29667,411.0
24,29681,411.0
24,29697,411.0
24,29711,411.0
24,29739,411.0
24,29755,411.0
24,29771,411.0
24,29785,411.0
24,29801,411.0
24,29827,411.0
24,29845,411.0
24,29859,411.0
24,29873,411.0
24,29901,411.0
24,29915,411.0
24,29941,411.0
24,29967,411.0
24,29983,411.0
24,29997,411.0
24,30015,411.0
24,30047,411.0
24,30061,411.0
24,30097,411.0
24,30099,411.0
24,30125,411.0
24,30151,411.0
24,30153,411.0
24,30155,411.0
24,30183,413.0
24,30215,413.0
24,30217,413.0
24,30233,413.0
24,30247,413.0
24,30275,413.0
24,30301,413.0
24,30315,413.0
24,30343,413.0
24,30373,413.0
24,30389,413.0
24,30415,413.0
24,30445,413.0
24,30473,413.0
24,30503,413.0
24,30531,413.0
24,30533,413.0
24,30551,413.0
24,30581,413.0
24,30609,413.0
24,30627,413.0
24,30643,413.0
24,30645,413.0
24,30659,413.0
24,30687,413.0
24,30715,413.0
24,30717,413.0
24,30743,413.0
24,30745,413.0
24,30761,413.0
24,30775,413.0
24,30803,413.0
24,30829,413.0
24,30855,413.0
24,30857,413.0
24,30883,413.0
24,30897,413.0
24,30911,413.0
24,30927,413.0
24,30953,413.0
24,30955,413.0
24,30981,413.0
24,30983,413.0
24,31011,413.0
24,31027,413.0
24,31029,413.0
24,31055,413.0
24,31081,413.0
24,31095,413.0
24,31121,413.0
24,31149,413.0
24,31163,413.0
24,31177,413.0
24,31179,413.0
24,31211,413.0
24,31241,413.0
24,31273,413.0
24,31275,413.0
24,31289,413.0
24,31305,413.0
24,31333,413.0
24,31347,413.0
24,31363,413.0
24,31365,413.0
24,31367,413.0
24,31383,413.0
24,31411,413.0
24,31441,413.0
24,31469,413.0
24,31485,413.0
24,31515,413.0
24,31529,413.0
24,31557,413.0
24,31573,413.0
24,31605,413.0
24,31607,413.0
24,31609,413.0
24,31623,413.0
24,31637,413.0
24,31655,413.0
24,31657,413.0
24,31685,413.0
24,31717,413.0
24,31747,413.0
24,31777,413.0
24,31795,413.0
24,31809,413.0
24,31837,413.0
24,31863,413.0
24,31893,413.0
24,31923,414.0
24,31939,414.0
24,31955,414.0
24,31981,414.0
24,32007,414.0
24,32037,414.0
24,32069,414.0
24,32099,414.0
24,32113,414.0
24,32139,414.0
24,32153,414.0
24,32167,414.0
24,32193,414.0
24,32207,414.0
24,32237,414.0
24,32263,414.0
25,22282,296.0
25,22310,296.0
25,22338,296.0
25,22366,296.0
25,22382,296.0
25,22813,313.0
25,22841,313.0
25,22871,313.0
25,22901,313.0
25,22917,313.0
25,22943,313.0
25,22969,344.0
25,22995,344.0
25,23021,354.0
25,23049,360.0
25,23077,360.0
25,23079,360.0
25,23095,360.0
25,23121,360.0
25,23135,360.0
25,23165,360.0
25,23179,360.0
25,23193,360.0
25,23207,360.0
25,23209,360.0
25,23223,360.0
25,23243,360.0
25,23245,360.0
25,23271,360.0
25,23285,360.0
25,23315,360.0
25,23345,360.0
25,23359,360.0
25,23379,360.0
25,23405,360.0
25,23407,360.0
25,23437,360.0
25,23451,360.0
25,23453,360.0
25,23467,360.0
25,23469,360.0
25,23495,360.0
25,23513,360.0
25,23543,360.0
25,23575,360.0
25,23589,360.0
25,23605,360.0
25,23633,360.0
25,23647,360.0
25,23649,360.0
25,23667,360.0
25,23693,360.0
25,23695,360.0
25,23697,360.0
25,23713,360.0
25,23727,374.0
25,23741,374.0
25,23771,374.0
25,23799,374.0
25,23815,374.0
25,23831,374.0
25,23857,374.0
25,23891,374.0
25,23893,374.0
25,23909,374.0
25,23937,374.0
25,23955,374.0
25,23969,374.0
25,23987,374.0
25,24001,379.0
25,24015,379.0
25,24017,379.0
25,24045,379.0
25,24073,379.0
25,24099,379.0
25,24115,379.0
25,24131,379.0
25,24157,379.0
25,24173,379.0
25,24187,379.0
25,24201,379.0
25,24215,379.0
25,24229,387.0
25,24243,387.0
25,24245,387.0
25,24271,387.0
25,24287,387.0
25,24315,387.0
25,24329,387.0
25,24359,387.0
25,24391,387.0
25,24393,387.0
25,24421,387.0
25,24437,387.0
25,24451,387.0
25,24479,387.0
25,24497,387.0
25,24511,387.0
25,24539,387.0
25,24569,387.0
25,24585,387.0
25,24619,387.0
25,24633,387.0
25,24635,387.0
25,24661,387.0
25,24689,387.0
25,24691,387.0
25,24705,387.0
25,24721,387.0
25,24723,387.0
25,24737,387.0
25,24751,387.0
25,24777,387.0
25,24791,387.0
25,24819,387.0
25,24845,387.0
25,24873,387.0
25,24875,387.0
25,24889,387.0
25,24909,387.0
25,24923,387.0
25,24949,387.0
25,24963,387.0
25,24989,387.0
25,25003,387.0
25,25021,387.0
25,25049,387.0
25,25077,387.0
25,25091,387.0
25,25105,387.0
25,25119,387.0
25,25149,387.0
25,25163,387.0
25,25165,387.0
25,25183,387.0
25,25209,387.0
25,25227,387.0
25,25255,387.0
25,25257,387.0
25,25271,389.0
25,25285,389.0
25,25311,389.0
25,25313,389.0
25,25327,399.0
25,25343,399.0
25,25357,399.0
25,25373,399.0
25,25399,399.0
25,25427,399.0
25,25441,399.0
25,25467,399.0
25,25469,399.0
25,25483,399.0
25,25499,399.0
25,25525,399.0
25,25527,399.0
25,25553,399.0
25,25587,399.0
25,25613,399.0
25,25627,399.0
25,25643,399.0
25,25645,399.0
25,25659,399.0
25,25675,399.0
25,25691,399.0
25,25705,399.0
25,25707,399.0
25,25721,399.0
25,25751,399.0
25,25765,399.0
25,25791,400.0
25,25823,400.0
25,25837,400.0
25,25851,400.0
25,25879,400.0
25,25909,400.0
25,25935,400.0
25,25965,400.0
25,25991,400.0
25,26013,400.0
25,26027,400.0
25,26055,400.0
25,26081,400.0
25,26111,400.0
25,26141,400.0
25,26143,400.0
25,26171,400.0
25,26185,400.0
25,26217,400.0
25,26243,400.0
25,26269,400.0
25,26285,400.0
25,26301,400.0
25,26333,400.0
25,26359,400.0
25,26385,400.0
25,26401,400.0
25,26419,400.0
25,26433,400.0
25,26447,400.0
25,26473,400.0
25,26475,400.0
25,26489,400.0
25,26503,400.0
25,26521,400.0
25,26549,400.0
25,26565,400.0
25,26567,400.0
25,26581,400.0
25,26611,400.0
25,26625,400.0
25,26639,400.0
25,26669,400.0
25,26683,400.0
25,26685,400.0
25,26717,400.0
25,26745,400.0
25,26773,400.0
25,26775,400.0
25,26789,400.0
25,26803,400.0
25,26805,400.0
25,26821,400.0
25,26849,400.0
25,26867,400.0
25,26881,400.0
25,26883,400.0
25,26911,408.0
25,26925,408.0
25,26955,408.0
25,26987,408.0
25,27001,408.0
25,27017,408.0
25,27049,408.0
25,27065,408.0
25,27091,408.0
25,27105,408.0
25,27123,408.0
25,27137,408.0
25,27153,408.0
25,27183,408.0
25,27213,408.0
25,27243,408.0
25,27273,408.0
25,27287,408.0
25,27317,408.0
25,27331,408.0
25,27361,408.0
25,27393,408.0
25,27395,408.0
25,27423,408.0
25,27437,408.0
25,27453,408.0
25,27479,408.0
25,27495,408.0
25,27509,408.0
25,27523,408.0
25,27537,408.0
25,27563,408.0
25,27579,408.0
25,27607,408.0
25,27641,408.0
25,27669,408.0
25,27697,408.0
25,27723,408.0
25,27725,408.0
25,27751,408.0
25,27765,408.0
25,27767,408.0
25,27797,408.0
25,27813,408.0
25,27827,408.0
25,27841,408.0
25,27861,408.0
25,27875,408.0
25,27905,408.0
25,27935,408.0
25,27963,408.0
25,27983,408.0
25,27985,408.0
25,28013,408.0
25,28039,408.0
25,28053,408.0
25,28069,408.0
25,28095,408.0
25,28113,408.0
25,28127,408.0
25,28153,408.0
25,28181,408.0
25,28195,408.0
25,28197,408.0
25,28227,408.0
25,28253,408.0
25,28269,408.0
25,28285,408.0
25,28313,408.0
25,28315,408.0
25,28317,408.0
25,28351,408.0
25,28369,408.0
25,28383,408.0
25,28399,408.0
25,28413,408.0
25,28439,408.0
25,28465,408.0
25,28481,408.0
25,28507,408.0
25,28535,408.0
25,28549,408.0
25,28577,408.0
25,28595,408.0
25,28623,408.0
25,28651,408.0
25,28667,408.0
25,28681,408.0
25,28683,408.0
25,28711,408.0
25,28725,408.0
25,28751,408.0
25,28779,408.0
25,28781,408.0
25,28807,408.0
25,28821,408.0
25,28823,408.0
25,28851,408.0
25,28883,408.0
25,28885,408.0
25,28899,408.0
25,28915,408.0
25,28943,408.0
25,28969,408.0
25,28985,408.0
25,28987,408.0
25,29005,408.0
25,29031,408.0
25,29057,408.0
25,29071,408.0
25,29097,408.0
25,29111,408.0
25,29143,408.0
25,29157,408.0
25,29159,408.0
25,29175,408.0
25,29205,408.0
25,29219,408.0
25,29245,408.0
25,29273,408.0
25,29287,408.0
25,29315,408.0
25,29317,408.0
25,29345,408.0
25,29347,408.0
25,29361,408.0
25,29387,408.0
25,29401,408.0
25,29427,408.0
25,29443,408.0
25,29471,411.0
25,29473,411.0
25,29499,411.0
25,29501,411.0
25,29517,411.0
25,29543,411.0
25,29569,411.0
25,29597,411.0
25,29623,411.0
25,29637,415.0
25,29651,415.0
25,29665,415.0
25,29679,415.0
25,29705,415.0
25,29707,415.0
25,29709,415.0
25,29737,415.0
25,29751,415.0
25,29779,415.0
25,29807,415.0
25,29835,415.0
25,29851,415.0
25,29877,415.0
25,29903,415.0
25,29929,415.0
25,29955,415.0
25,29969,415.0
25,29983,415.0
25,29997,415.0
25,30013,415.0
25,30027,415.0
25,30029,415.0
25,30043,415.0
25,30045,415.0
25,30061,415.0
25,30075,415.0
25,30105,415.0
25,30135,415.0
25,30137,415.0
25,30151,415.0
25,30167,415.0
25,30169,415.0
25,30185,415.0
25,30199,415.0
25,30217,415.0
25,30243,415.0
25,30257,415.0
25,30259,415.0
25,30261,415.0
25,30275,415.0
25,30309,415.0
25,30311,415.0
25,30337,415.0
25,30339,415.0
25,30353,415.0
25,30367,415.0
25,30399,416.0
25,30415,416.0
25,30443,416.0
25,30461,416.0
25,30475,416.0
25,30489,416.0
25,30515,416.0
25,30529,416.0
25,30543,416.0
25,30557,416.0
25,30571,416.0
25,30603,416.0
25,30629,416.0
25,30665,416.0
25,30691,421.0
25,30705,421.0
25,30707,421.0
25,30709,421.0
25,30723,421.0
25,30725,421.0
25,30727,421.0
25,30765,421.0
25,30793,421.0
25,30807,421.0
25,30835,421.0
25,30861,421.0
25,30887,421.0
25,30913,421.0
25,30915,421.0
25,30929,421.0
25,30957,421.0
25,30983,422.0
25,30997,422.0
25,30999,422.0
25,31031,422.0
25,31059,422.0
25,31087,422.0
25,31089,422.0
25,31091,422.0
25,31105,422.0
25,31121,422.0
25,31135,422.0
25,31149,422.0
25,31167,422.0
25,31183,422.0
25,31185,422.0
25,31215,422.0
25,31229,422.0
25,31243,422.0
25,31257,427.0
25,31273,427.0
25,31301,427.0
25,31317,427.0
25,31343,427.0
25,31371,427.0
25,31399,427.0
25,31425,427.0
25,31451,427.0
25,31481,427.0
25,31511,427.0
25,31529,427.0
25,31555,427.0
25,31557,427.0
25,31589,427.0
25,31615,427.0
25,31633,427.0
25,31667,427.0
25,31681,427.0
25,31707,427.0
25,31721,427.0
25,31735,427.0
25,31755,427.0
25,31757,427.0
25,31771,427.0
25,31787,427.0
25,31817,427.0
25,31831,427.0
25,31845,427.0
25,31861,427.0
25,31875,427.0
25,31891,427.0
25,31919,427.0
25,31947,427.0
25,31949,427.0
25,31963,427.0
25,31989,427.0
25,31991,427.0
25,32005,427.0
25,32033,427.0
25,32059,427.0
25,32085,427.0
25,32087,427.0
25,32101,427.0
25,32115,427.0
25,32141,427.0
25,32169,427.0
25,32201,427.0
25,32215,427.0
25,32231,427.0
25,32233,427.0
25,32235,427.0
25,32267,427.0
26,21952,318.0
26,21966,319.0
26,21968,319.0
26,21996,319.0
26,22012,319.0
26,22028,319.0
26,22060,327.0
26,22086,327.0
26,22114,327.0
26,22128,332.0
26,22162,332.0
26,22178,332.0
26,22196,332.0
26,22222,332.0
26,22236,332.0
26,22250,345.0
26,22280,345.0
26,22306,345.0
26,22334,345.0
26,22336,345.0
26,22352,345.0
26,22815,345.0
26,22831,345.0
26,22857,345.0
26,22887,345.0
26,22913,345.0
26,22927,358.0
26,22953,358.0
26,22955,358.0
26,22969,358.0
26,22971,358.0
26,22985,358.0
26,23013,358.0
26,23027,358.0
26,23053,358.0
26,23083,358.0
26,23101,358.0
26,23115,358.0
26,23117,358.0
26,23131,358.0
26,23163,358.0
26,23189,358.0
26,23203,358.0
26,23205,358.0
26,23207,358.0
26,23221,358.0
26,23237,358.0
26,23271,358.0
26,23291,358.0
26,23317,358.0
26,23335,358.0
26,23363,358.0
26,23389,358.0
26,23391,358.0
26,23419,358.0
26,23453,358.0
26,23469,358.0
26,23495,375.0
26,23497,375.0
26,23499,375.0
26,23513,375.0
26,23539,375.0
26,23565,375.0
26,23579,375.0
26,23609,375.0
26,23611,375.0
26,23627,375.0
26,23641,375.0
26,23655,375.0
26,23671,375.0
26,23699,375.0
26,23727,375.0
26,23741,375.0
26,23755,375.0
26,23771,375.0
26,23787,375.0
26,23813,375.0
26,23839,375.0
26,23855,375.0
26,23873,375.0
26,23899,376.0
26,23925,376.0
26,23955,376.0
26,23985,376.0
26,24011,376.0
26,24041,376.0
26,24043,376.0
26,24059,376.0
26,24077,376.0
26,24079,376.0
26,24111,376.0
26,24125,376.0
26,24141,376.0
26,24167,376.0
26,24181,376.0
26,24197,376.0
26,24223,376.0
26,24239,376.0
26,24255,376.0
26,24269,376.0
26,24283,376.0
26,24285,376.0
26,24315,376.0
26,24343,376.0
26,24345,376.0
26,24371,376.0
26,24385,376.0
26,24399,376.0
26,24413,376.0
26,24445,376.0
26,24463,376.0
26,24477,376.0
26,24491,376.0
26,24513,376.0
26,24515,376.0
26,24545,376.0
26,24547,376.0
26,24561,376.0
26,24563,376.0
26,24577,376.0
26,24579,376.0
26,24593,376.0
26,24595,376.0
26,24621,376.0
26,24639,376.0
26,24665,376.0
26,24679,376.0
26,24681,376.0
26,24697,376.0
26,24715,376.0
26,24717,376.0
26,24745,376.0
26,24759,376.0
26,24773,376.0
26,24775,376.0
26,24791,376.0
26,24805,376.0
26,24831,376.0
26,24847,376.0
26,24873,376.0
26,24889,376.0
26,24903,376.0
26,24917,376.0
26,24933,376.0
26,24947,376.0
26,24977,376.0
26,24993,376.0
26,25021,376.0
26,25035,376.0
26,25065,376.0
26,25093,376.0
26,25121,376.0
26,25137,376.0
26,25165,376.0
26,25193,376.0
26,25209,376.0
26,25223,376.0
26,25239,376.0
26,25265,376.0
26,25279,376.0
26,25307,376.0
26,25333,382.0
26,25335,382.0
26,25337,382.0
26,25339,382.0
26,25371,382.0
26,25373,382.0
26,25391,382.0
26,25405,382.0
26,25419,382.0
26,25447,382.0
26,25449,382.0
26,25477,382.0
26,25495,382.0
26,25497,382.0
26,25525,382.0
26,25539,382.0
26,25541,382.0
26,25569,382.0
26,25571,382.0
26,25585,385.0
26,25615,385.0
26,25641,385.0
26,25669,385.0
26,25683,385.0
26,25697,385.0
26,25729,385.0
26,25745,385.0
26,25747,385.0
26,25775,385.0
26,25777,385.0
26,25809,385.0
26,25825,385.0
26,25839,385.0
26,25841,385.0
26,25857,385.0
26,25873,385.0
26,25887,385.0
26,25921,385.0
26,25939,385.0
26,25953,385.0
26,25971,385.0
26,25985,388.0
26,25987,388.0
26,25989,388.0
26,26007,388.0
26,26021,395.0
26,26035,395.0
26,26051,395.0
26,26065,395.0
26,26095,395.0
26,26121,395.0
26,26135,395.0
26,26137,395.0
26,26163,395.0
26,26179,395.0
26,26207,395.0
26,26235,395.0
26,26255,395.0
26,26257,395.0
26,26259,395.0
26,26261,395.0
26,26291,395.0
26,26317,395.0
26,26333,395.0
26,26349,395.0
26,26375,395.0
26,26401,395.0
26,26415,395.0
26,26441,395.0
26,26467,397.0
26,26485,397.0
26,26499,397.0
26,26513,397.0
26,26527,397.0
26,26555,397.0
26,26581,415.0
26,26599,415.0
26,26615,415.0
26,26617,415.0
26,26645,415.0
26,26659,415.0
26,26661,415.0
26,26663,415.0
26,26689,415.0
26,26703,415.0
26,26733,415.0
26,26749,415.0
26,26751,415.0
26,26765,415.0
26,26767,415.0
26,26783,415.0
26,26811,415.0
26,26827,415.0
26,26855,415.0
26,26869,415.0
26,26901,415.0
26,26915,415.0
26,26935,415.0
26,26949,415.0
26,26963,415.0
26,26965,415.0
26,26995,415.0
26,27011,415.0
26,27025,415.0
26,27053,415.0
26,27081,415.0
26,27095,415.0
26,27111,415.0
26,27137,415.0
26,27153,415.0
26,27155,415.0
26,27183,415.0
26,27215,415.0
26,27229,415.0
26,27243,415.0
26,27245,415.0
26,27259,415.0
26,27285,415.0
26,27301,415.0
26,27317,415.0
26,27319,415.0
26,27333,415.0
26,27349,415.0
26,27365,415.0
26,27391,415.0
26,27393,415.0
26,27419,415.0
26,27445,415.0
26,27459,415.0
26,27473,415.0
26,27503,415.0
26,27531,415.0
26,27549,415.0
26,27565,415.0
26,27579,415.0
26,27581,415.0
26,27607,415.0
26,27637,415.0
26,27639,415.0
26,27657,415.0
26,27683,415.0
26,27713,415.0
26,27727,415.0
26,27743,415.0
26,27745,415.0
26,27771,415.0
26,27801,415.0
26,27817,415.0
26,27819,415.0
26,27847,415.0
26,27875,415.0
26,27889,415.0
26,27915,415.0
26,27929,415.0
26,27943,415.0
26,27969,415.0
26,27985,415.0
26,28001,415.0
26,28015,415.0
26,28017,415.0
26,28019,415.0
26,28047,415.0
26,28049,415.0
26,28063,415.0
26,28079,415.0
26,28081,415.0
26,28097,415.0
26,28113,415.0
26,28143,415.0
26,28171,415.0
26,28189,415.0
26,28207,415.0
26,28221,415.0
26,28235,415.0
26,28263,415.0
26,28265,415.0
26,28267,415.0
26,28299,415.0
26,28327,415.0
26,28329,415.0
26,28331,415.0
26,28359,415.0
26,28385,416.0
26,28401,416.0
26,28419,416.0
26,28449,416.0
26,28451,416.0
26,28483,416.0
26,28513,416.0
26,28527,416.0
26,28529,416.0
26,28559,416.0
26,28585,416.0
26,28611,416.0
26,28627,416.0
26,28657,416.0
26,28659,416.0
26,28661,416.0
26,28687,416.0
26,28701,416.0
26,28717,416.0
26,28731,416.0
26,28733,416.0
26,28763,416.0
26,28777,420.0
26,28791,420.0
26,28807,420.0
26,28809,420.0
26,28839,420.0
26,28871,420.0
26,28897,420.0
26,28911,420.0
26,28939,420.0
26,28969,420.0
26,28987,420.0
26,29013,420.0
26,29029,420.0
26,29031,420.0
26,29049,420.0
26,29051,420.0
26,29065,420.0
26,29079,420.0
26,29093,420.0
26,29109,420.0
26,29125,420.0
26,29153,420.0
26,29183,420.0
26,29197,420.0
26,29213,420.0
26,29239,420.0
26,29253,420.0
26,29289,420.0
26,29303,420.0
26,29333,420.0
26,29359,420.0
26,29361,420.0
26,29363,420.0
26,29391,420.0
26,29405,420.0
26,29419,420.0
26,29435,420.0
26,29463,420.0
26,29477,420.0
26,29495,420.0
26,29509,420.0
26,29537,420.0
26,29553,420.0
26,29585,420.0
26,29599,420.0
26,29613,420.0
26,29627,420.0
26,29643,420.0
26,29677,420.0
26,29695,420.0
26,29725,420.0
26,29739,420.0
26,29767,420.0
26,29781,420.0
26,29807,420.0
26,29809,420.0
26,29825,420.0
26,29839,420.0
26,29871,420.0
26,29873,420.0
26,29901,420.0
26,29915,420.0
26,29929,420.0
26,29931,420.0
26,29961,420.0
26,29975,420.0
26,29989,420.0
26,30017,420.0
26,30047,420.0
26,30061,420.0
26,30087,420.0
26,30103,420.0
26,30105,420.0
26,30133,420.0
26,30163,420.0
26,30191,420.0
26,30205,420.0
26,30207,420.0
26,30233,420.0
26,30235,420.0
26,30253,420.0
26,30285,420.0
26,30311,420.0
26,30343,420.0
26,30357,420.0
26,30371,420.0
26,30399,420.0
26,30415,420.0
26,30443,420.0
26,30471,420.0
26,30485,420.0
26,30501,420.0
26,30527,420.0
26,30541,420.0
26,30555,420.0
26,30569,420.0
26,30583,420.0
26,30611,420.0
26,30637,420.0
26,30665,420.0
26,30691,420.0
26,30719,420.0
26,30735,420.0
26,30737,420.0
26,30751,420.0
26,30781,420.0
26,30783,420.0
26,30799,420.0
26,30825,420.0
26,30839,420.0
26,30865,420.0
26,30891,420.0
26,30907,420.0
26,30909,420.0
26,30941,420.0
26,30955,420.0
26,30969,420.0
26,30995,420.0
26,31009,420.0
26,31011,420.0
26,31039,420.0
26,31053,420.0
26,31055,420.0
26,31083,420.0
26,31085,420.0
26,31113,420.0
26,31127,420.0
26,31153,420.0
26,31167,420.0
26,31185,420.0
26,31217,420.0
26,31243,420.0
26,31273,420.0
26,31287,420.0
26,31313,423.0
26,31327,423.0
26,31341,423.0
26,31355,423.0
26,31373,423.0
26,31401,423.0
26,31415,423.0
26,31445,423.0
26,31459,423.0
26,31493,423.0
26,31507,423.0
26,31523,423.0
26,31549,423.0
26,31563,423.0
26,31577,423.0
26,31591,423.0
26,31593,423.0
26,31595,423.0
26,31629,423.0
26,31645,423.0
26,31647,423.0
26,31649,423.0
26,31667,423.0
26,31695,423.0
26,31723,423.0
26,31737,423.0
26,31751,423.0
26,31753,423.0
26,31771,423.0
26,31801,423.0
26,31817,423.0
26,31835,423.0
26,31861,423.0
26,31879,423.0
26,31893,423.0
26,31927,423.0
27,22010,313.0
27,22038,327.0
27,22070,327.0
27,22086,327.0
27,22114,327.0
27,22130,327.0
27,22160,327.0
27,22162,327.0
27,22601,327.0
27,22633,327.0
27,22647,327.0
27,22663,327.0
27,22677,341.0
27,22679,341.0
27,22681,341.0
27,22697,341.0
27,22727,341.0
27,22743,341.0
27,22757,341.0
27,22787,341.0
27,22805,341.0
27,22831,374.0
27,22859,374.0
27,22873,374.0
27,22899,374.0
27,22901,374.0
27,22903,374.0
27,22917,374.0
27,22947,374.0
27,22949,374.0
27,22975,374.0
27,22991,374.0
27,23005,374.0
27,23019,374.0
27,23021,374.0
27,23049,374.0
27,23065,374.0
27,23083,374.0
27,23097,374.0
27,23099,374.0
27,23125,393.0
27,23139,393.0
27,23155,393.0
27,23181,393.0
27,23183,393.0
27,23199,393.0
27,23201,393.0
27,23229,393.0
27,23261,393.0
27,23289,393.0
27,23303,393.0
27,23319,393.0
27,23347,393.0
27,23361,393.0
27,23389,393.0
27,23405,393.0
27,23435,393.0
27,23463,393.0
27,23465,393.0
27,23491,393.0
27,23493,393.0
27,23521,393.0
27,23551,393.0
27,23583,393.0
27,23611,393.0
27,23613,393.0
27,23629,393.0
27,23643,393.0
27,23661,393.0
27,23675,393.0
27,23677,393.0
27,23705,393.0
27,23721,393.0
27,23747,393.0
27,23765,393.0
27,23779,393.0
27,23793,393.0
27,23807,393.0
27,23823,393.0
27,23825,393.0
27,23839,393.0
27,23867,393.0
27,23893,393.0
27,23909,393.0
27,23927,393.0
27,23929,393.0
27,23931,393.0
27,23961,393.0
27,23977,393.0
27,23993,393.0
27,24007,393.0
27,24009,393.0
27,24037,393.0
27,24039,393.0
27,24053,393.0
27,24067,401.0
27,24069,401.0
27,24083,401.0
27,24111,401.0
27,24125,401.0
27,24139,401.0
27,24153,401.0
27,24167,401.0
27,24195,401.0
27,24197,401.0
27,24215,401.0
27,24229,401.0
27,24257,401.0
27,24285,401.0
27,24315,401.0
27,24341,401.0
27,24369,401.0
27,24383,401.0
27,24397,401.0
27,24425,401.0
27,24453,401.0
27,24455,401.0
27,24469,401.0
27,24495,401.0
27,24497,401.0
27,24499,401.0
27,24513,401.0
27,24533,401.0
27,24563,401.0
27,24581,401.0
27,24613,401.0
27,24639,401.0
27,24653,401.0
27,24669,401.0
27,24683,401.0
27,24715,401.0
27,24743,401.0
27,24771,401.0
27,24801,401.0
27,24815,401.0
27,24831,401.0
27,24863,401.0
27,24865,401.0
27,24879,401.0
27,24909,401.0
27,24927,401.0
27,24941,401.0
27,24955,401.0
27,24971,401.0
27,24973,401.0
27,25001,401.0
27,25027,401.0
27,25043,401.0
27,25045,401.0
27,25071,401.0
27,25085,401.0
27,25087,401.0
27,25101,401.0
27,25129,401.0
27,25143,401.0
27,25163,401.0
27,25189,401.0
27,25223,401.0
27,25239,401.0
27,25253,401.0
27,25271,401.0
27,25289,401.0
27,25291,401.0
27,25307,401.0
27,25309,401.0
27,25323,401.0
27,25337,401.0
27,25355,401.0
27,25383,401.0
27,25399,401.0
27,25413,401.0
27,25443,401.0
27,25457,401.0
27,25483,401.0
27,25513,401.0
27,25539,401.0
27,25553,401.0
27,25555,401.0
27,25569,401.0
27,25585,401.0
27,25611,401.0
27,25639,401.0
27,25667,401.0
27,25669,401.0
27,25695,401.0
27,25723,401.0
27,25737,401.0
27,25757,401.0
27,25775,401.0
27,25793,401.0
27,25809,401.0
27,25811,401.0
27,25813,401.0
27,25841,401.0
27,25855,401.0
27,25869,401.0
27,25895,401.0
27,25897,401.0
27,25923,401.0
27,25925,401.0
27,25927,401.0
27,25941,401.0
27,25955,401.0
27,25971,401.0
27,25987,401.0
27,26015,401.0
27,26041,401.0
27,26043,401.0
27,26059,401.0
27,26091,401.0
27,26105,401.0
27,26119,401.0
27,26147,401.0
27,26175,401.0
27,26191,401.0
27,26211,401.0
27,26225,401.0
27,26251,401.0
27,26265,401.0
27,26267,401.0
27,26295,401.0
27,26323,401.0
27,26343,401.0
27,26371,401.0
27,26397,401.0
27,26423,401.0
27,26451,401.0
27,26473,401.0
27,26487,401.0
27,26503,401.0
27,26519,401.0
27,26521,401.0
27,26535,403.0
27,26537,403.0
27,26539,403.0
27,26555,403.0
27,26581,403.0
27,26613,403.0
27,26615,403.0
27,26637,403.0
27,26653,403.0
27,26669,403.0
27,26683,403.0
27,26709,403.0
27,26725,403.0
27,26753,405.0
27,26755,405.0
27,26757,405.0
27,26785,405.0
27,26799,405.0
27,26817,405.0
27,26831,405.0
27,26857,405.0
27,26871,405.0
27,26897,405.0
27,26923,405.0
27,26937,405.0
27,26951,405.0
27,26977,405.0
27,26979,405.0
27,27005,405.0
27,27031,405.0
27,27033,405.0
27,27049,405.0
27,27079,405.0
27,27093,405.0
27,27119,405.0
27,27145,405.0
27,27171,405.0
27,27199,405.0
27,27227,405.0
27,27229,405.0
27,27245,405.0
27,27273,405.0
27,27275,405.0
27,27305,405.0
27,27337,405.0
27,27339,405.0
27,27361,405.0
27,27387,405.0
27,27413,405.0
27,27429,405.0
27,27455,405.0
27,27487,405.0
27,27489,405.0
27,27515,405.0
27,27531,405.0
27,27547,405.0
27,27549,405.0
27,27563,405.0
27,27591,405.0
27,27605,405.0
27,27633,405.0
27,27649,405.0
27,27675,405.0
27,27701,405.0
27,27715,405.0
27,27741,405.0
27,27757,405.0
27,27783,415.0
27,27811,415.0
27,27813,415.0
27,27839,415.0
27,27865,415.0
27,27895,415.0
27,27909,415.0
27,27925,415.0
27,27927,415.0
27,27945,415.0
27,27973,415.0
27,27987,415.0
27,28003,415.0
27,28029,415.0
27,28059,415.0
27,28077,415.0
27,28091,415.0
27,28105,415.0
27,28133,415.0
27,28149,415.0
27,28167,415.0
27,28185,415.0
27,28201,415.0
27,28215,415.0
27,28243,415.0
27,28257,415.0
27,28275,415.0
27,28289,415.0
27,28291,415.0
27,28307,415.0
27,28335,415.0
27,28361,415.0
27,28375,415.0
27,28393,415.0
27,28421,415.0
27,28447,415.0
27,28449,415.0
27,28463,415.0
27,28465,415.0
27,28491,415.0
27,28519,415.0
27,28521,415.0
27,28523,415.0
27,28539,415.0
27,28565,415.0
27,28595,415.0
27,28621,415.0
27,28635,415.0
27,28637,415.0
27,28651,415.0
27,28671,415.0
27,28687,415.0
27,28717,415.0
27,28743,415.0
27,28759,415.0
27,28761,415.0
27,28763,415.0
27,28765,415.0
27,28791,415.0
27,28817,415.0
27,28831,415.0
27,28857,417.0
27,28887,417.0
27,28901,417.0
27,28927,417.0
27,28929,417.0
27,28931,417.0
27,28945,417.0
27,28971,417.0
27,29001,417.0
27,29017,417.0
27,29045,417.0
27,29059,417.0
27,29061,417.0
27,29075,417.0
27,29103,417.0
27,29129,417.0
27,29147,417.0
27,29175,417.0
27,29191,417.0
27,29221,417.0
27,29237,417.0
27,29239,417.0
27,29253,417.0
27,29269,417.0
27,29289,417.0
27,29319,417.0
27,29333,417.0
27,29349,417.0
27,29351,417.0
27,29377,417.0
27,29391,417.0
27,29421,417.0
27,29423,417.0
27,29437,417.0
27,29465,417.0
27,29467,417.0
27,29469,417.0
27,29471,417.0
27,29473,417.0
27,29487,417.0
27,29515,417.0
27,29517,417.0
27,29537,417.0
27,29567,417.0
27,29583,417.0
27,29599,417.0
27,29615,417.0
27,29643,417.0
27,29669,417.0
27,29685,417.0
27,29713,417.0
27,29741,417.0
27,29757,417.0
27,29759,417.0
27,29787,417.0
27,29815,417.0
27,29833,417.0
27,29847,417.0
27,29861,417.0
27,29863,417.0
27,29891,417.0
27,29917,417.0
27,29947,417.0
27,29975,417.0
27,29989,417.0
27,30015,417.0
27,30041,417.0
27,30057,417.0
27,30075,417.0
27,30101,417.0
27,30115,417.0
27,30131,417.0
27,30133,417.0
27,30149,417.0
27,30165,417.0
27,30181,417.0
27,30211,417.0
27,30213,417.0
27,30229,417.0
27,30243,417.0
27,30257,417.0
27,30271,418.0
27,30287,418.0
27,30301,418.0
27,30317,418.0
27,30345,418.0
27,30359,418.0
27,30401,418.0
27,30415,418.0
27,30417,418.0
27,30443,418.0
27,30457,418.0
27,30487,418.0
27,30501,418.0
27,30517,418.0
27,30531,418.0
27,30547,418.0
27,30575,418.0
27,30591,418.0
27,30593,418.0
27,30609,418.0
27,30635,418.0
27,30653,418.0
27,30655,418.0
27,30681,418.0
27,30697,418.0
27,30711,418.0
27,30737,418.0
27,30767,418.0
27,30781,418.0
27,30809,418.0
27,30835,418.0
27,30851,418.0
27,30887,418.0
27,30903,418.0
27,30917,418.0
27,30943,418.0
27,30959,418.0
27,30985,418.0
27,30987,418.0
27,30989,418.0
27,31017,418.0
27,31043,418.0
27,31069,418.0
27,31083,420.0
27,31111,420.0
27,31127,420.0
27,31143,420.0
27,31159,420.0
27,31175,420.0
27,31177,420.0
27,31209,420.0
27,31237,420.0
27,31265,420.0
27,31291,420.0
27,31293,420.0
27,31323,420.0
27,31353,420.0
27,31385,420.0
27,31413,420.0
27,31427,420.0
27,31445,420.0
27,31473,420.0
27,31501,420.0
27,31503,420.0
27,31531,420.0
27,31559,420.0
27,31585,420.0
27,31601,420.0
27,31631,420.0
27,31647,420.0
27,31675,420.0
27,31701,420.0
27,31703,420.0
27,31705,420.0
27,31737,420.0
27,31751,420.0
27,31767,420.0
27,31793,420.0
27,31819,420.0
27,31835,420.0
27,31837,420.0
27,31851,420.0
27,31867,420.0
27,31881,420.0
27,31911,420.0
27,31929,420.0
27,31943,420.0
27,31971,420.0
27,31973,420.0
27,31987,420.0
27,32013,420.0
28,21868,333.0
28,22357,333.0
28,22371,333.0
28,22385,333.0
28,22415,333.0
28,22431,333.0
28,22461,333.0
28,22475,333.0
28,22501,333.0
28,22533,333.0
28,22559,358.0
28,22573,358.0
28,22575,358.0
28,22591,358.0
28,22605,358.0
28,22633,358.0
28,22649,358.0
28,22665,358.0
28,22681,358.0
28,22711,358.0
28,22743,358.0
28,22771,358.0
28,22787,358.0
28,22805,358.0
28,22821,358.0
28,22837,358.0
28,22839,358.0
28,22853,358.0
28,22883,358.0
28,22885,358.0
28,22901,358.0
28,22931,358.0
28,22945,358.0
28,22959,358.0
28,22985,358.0
28,23011,358.0
28,23025,358.0
28,23041,358.0
28,23067,358.0
28,23081,358.0
28,23095,358.0
28,23127,358.0
28,23141,358.0
28,23155,358.0
28,23181,372.0
28,23211,372.0
28,23237,372.0
28,23263,372.0
28,23265,372.0
28,23279,372.0
28,23281,372.0
28,23307,372.0
28,23321,372.0
28,23323,372.0
28,23351,372.0
28,23377,372.0
28,23405,372.0
28,23407,372.0
28,23439,372.0
28,23453,372.0
28,23469,372.0
28,23489,372.0
28,23503,372.0
28,23521,372.0
28,23535,372.0
28,23537,372.0
28,23553,372.0
28,23555,372.0
28,23573,372.0
28,23587,372.0
28,23605,372.0
28,23621,372.0
28,23635,372.0
28,23637,372.0
28,23639,372.0
28,23665,372.0
28,23691,372.0
28,23719,380.0
28,23749,380.0
28,23763,380.0
28,23777,380.0
28,23791,380.0
28,23793,380.0
28,23809,380.0
28,23811,380.0
28,23829,380.0
28,23831,380.0
28,23845,380.0
28,23873,380.0
28,23887,380.0
28,23901,380.0
28,23919,380.0
28,23945,380.0
28,23961,380.0
28,23963,380.0
28,23993,380.0
28,24021,380.0
28,24047,380.0
28,24061,380.0
28,24063,380.0
28,24065,380.0
28,24079,380.0
28,24113,380.0
28,24127,380.0
28,24157,380.0
28,24159,380.0
28,24189,380.0
28,24203,380.0
28,24231,380.0
28,24261,380.0
28,24289,380.0
28,24315,380.0
28,24329,380.0
28,24343,380.0
28,24359,380.0
28,24377,380.0
28,24405,380.0
28,24433,380.0
28,24435,380.0
28,24461,380.0
28,24463,380.0
28,24465,380.0
28,24479,380.0
28,24505,380.0
28,24507,380.0
28,24533,380.0
28,24549,380.0
28,24569,380.0
28,24587,380.0
28,24601,380.0
28,24629,380.0
28,24655,380.0
28,24657,380.0
28,24677,380.0
28,24703,380.0
28,24729,390.0
28,24759,390.0
28,24761,390.0
28,24789,390.0
28,24807,390.0
28,24833,390.0
28,24847,390.0
28,24873,390.0
28,24889,390.0
28,24915,390.0
28,24941,390.0
28,24955,390.0
28,24969,390.0
28,24997,390.0
28,25023,390.0
28,25037,390.0
28,25051,390.0
28,25077,390.0
28,25093,390.0
28,25119,390.0
28,25135,390.0
28,25153,390.0
28,25169,390.0
28,25183,390.0
28,25199,390.0
28,25215,390.0
28,25241,390.0
28,25271,390.0
28,25285,390.0
28,25287,390.0
28,25315,390.0
28,25345,398.0
28,25361,398.0
28,25391,398.0
28,25421,398.0
28,25447,398.0
28,25463,398.0
28,25479,398.0
28,25505,398.0
28,25539,398.0
28,25565,398.0
28,25591,398.0
28,25607,398.0
28,25623,398.0
28,25639,398.0
28,25657,398.0
28,25671,398.0
28,25699,398.0
28,25715,398.0
28,25729,398.0
28,25755,398.0
28,25757,398.0
28,25771,398.0
28,25785,398.0
28,25799,398.0
28,25827,398.0
28,25841,398.0
28,25867,398.0
28,25883,398.0
28,25899,398.0
28,25931,398.0
28,25945,398.0
28,25971,398.0
28,25989,398.0
28,26017,398.0
28,26033,398.0
28,26047,398.0
28,26061,398.0
28,26087,398.0
28,26101,398.0
28,26115,398.0
28,26117,398.0
28,26119,398.0
28,26137,398.0
28,26151,398.0
28,26165,398.0
28,26193,398.0
28,26207,398.0
28,26209,398.0
28,26211,398.0
28,26225,398.0
28,26255,398.0
28,26269,398.0
28,26285,398.0
28,26311,398.0
28,26313,398.0
28,26339,398.0
28,26365,398.0
28,26379,398.0
28,26409,398.0
28,26423,398.0
28,26441,398.0
28,26469,398.0
28,26497,398.0
28,26511,398.0
28,26513,398.0
28,26515,398.0
28,26529,398.0
28,26531,398.0
28,26545,398.0
28,26547,398.0
28,26561,398.0
28,26587,398.0
28,26589,398.0
28,26617,398.0
28,26633,398.0
28,26635,398.0
28,26651,398.0
28,26679,398.0
28,26707,398.0
28,26721,398.0
28,26749,398.0
28,26763,398.0
28,26765,398.0
28,26779,398.0
28,26793,398.0
28,26823,398.0
28,26853,398.0
28,26869,398.0
28,26899,398.0
28,26901,398.0
28,26917,398.0
28,26943,398.0
28,26957,398.0
28,26971,398.0
28,26985,398.0
28,26999,398.0
28,27001,398.0
28,27015,398.0
28,27017,398.0
28,27047,398.0
28,27061,398.0
28,27087,398.0
28,27103,398.0
28,27129,404.0
28,27157,404.0
28,27159,404.0
28,27161,404.0
28,27189,404.0
28,27191,404.0
28,27205,404.0
28,27219,404.0
28,27249,404.0
28,27263,404.0
28,27289,404.0
28,27307,404.0
28,27321,404.0
28,27349,404.0
28,27365,404.0
28,27391,404.0
28,27423,404.0
28,27437,404.0
28,27439,404.0
28,27467,404.0
28,27481,404.0
28,27495,404.0
28,27509,407.0
28,27535,407.0
28,27561,413.0
28,27587,413.0
28,27617,413.0
28,27643,413.0
28,27657,413.0
28,27673,413.0
28,27703,413.0
28,27729,413.0
28,27745,413.0
28,27777,413.0
28,27803,413.0
28,27833,413.0
28,27847,413.0
28,27863,413.0
28,27893,413.0
28,27919,413.0
28,27933,413.0
28,27961,413.0
28,27963,413.0
28,27981,413.0
28,27997,413.0
28,28011,413.0
28,28025,413.0
28,28051,414.0
28,28065,414.0
28,28079,414.0
28,28109,414.0
28,28123,414.0
28,28141,414.0
28,28157,414.0
28,28173,414.0
28,28189,414.0
28,28205,414.0
28,28233,414.0
28,28249,414.0
28,28251,414.0
28,28265,414.0
28,28291,414.0
28,28305,414.0
28,28319,414.0
28,28337,414.0
28,28363,414.0
28,28389,414.0
28,28415,414.0
28,28445,414.0
28,28471,414.0
28,28499,414.0
28,28501,414.0
28,28515,414.0
28,28531,414.0
28,28547,414.0
28,28549,414.0
28,28575,414.0
28,28589,414.0
28,28591,414.0
28,28621,414.0
28,28637,414.0
28,28665,414.0
28,28691,414.0
28,28709,414.0
28,28711,414.0
28,28727,414.0
28,28757,414.0
28,28783,414.0
28,28785,414.0
28,28787,414.0
28,28803,414.0
28,28829,414.0
28,28859,414.0
28,28887,414.0
28,28919,414.0
28,28933,414.0
28,28947,414.0
28,28963,414.0
28,28977,414.0
28,28979,414.0
28,29005,414.0
28,29021,414.0
28,29047,414.0
28,29077,414.0
28,29091,414.0
28,29105,414.0
28,29121,414.0
28,29159,414.0
28,29185,414.0
28,29199,414.0
28,29201,414.0
28,29215,414.0
28,29243,414.0
28,29271,414.0
28,29285,414.0
28,29313,414.0
28,29327,414.0
28,29353,414.0
28,29355,414.0
28,29381,415.0
28,29407,415.0
28,29421,415.0
28,29447,415.0
28,29477,415.0
28,29479,415.0
28,29495,415.0
28,29521,415.0
28,29535,415.0
28,29549,415.0
28,29551,415.0
28,29553,415.0
28,29567,415.0
28,29597,415.0
28,29613,415.0
28,29627,415.0
28,29641,415.0
28,29643,415.0
28,29659,415.0
28,29673,415.0
28,29687,415.0
28,29717,415.0
28,29731,415.0
28,29759,415.0
28,29785,415.0
28,29817,415.0
28,29819,415.0
28,29833,415.0
28,29847,415.0
28,29873,415.0
28,29875,415.0
28,29889,415.0
28,29919,415.0
28,29933,415.0
28,29961,417.0
28,29989,417.0
28,30005,417.0
28,30007,417.0
28,30023,417.0
28,30055,417.0
28,30081,417.0
28,30109,417.0
28,30111,417.0
28,30125,417.0
28,30151,417.0
28,30169,417.0
28,30187,417.0
28,30201,417.0
28,30215,417.0
28,30229,417.0
28,30243,417.0
28,30273,417.0
28,30287,417.0
28,30301,417.0
28,30327,417.0
28,30341,417.0
28,30369,417.0
28,30399,417.0
28,30413,417.0
28,30427,417.0
28,30443,417.0
28,30471,417.0
28,30473,417.0
28,30487,417.0
28,30513,417.0
28,30527,417.0
28,30529,417.0
28,30557,417.0
28,30573,417.0
28,30575,417.0
28,30577,417.0
28,30603,417.0
28,30617,417.0
28,30637,417.0
28,30663,417.0
28,30681,417.0
28,30711,417.0
28,30713,417.0
28,30745,417.0
28,30761,417.0
28,30763,417.0
28,30781,417.0
28,30797,417.0
28,30799,417.0
28,30815,417.0
28,30831,417.0
28,30861,417.0
28,30875,417.0
28,30903,417.0
28,30919,417.0
28,30933,417.0
28,30935,417.0
28,30963,417.0
28,30979,417.0
28,30981,417.0
28,30983,417.0
28,30997,417.0
28,31015,417.0
28,31029,417.0
28,31043,417.0
28,31057,417.0
28,31083,417.0
28,31097,417.0
28,31111,417.0
28,31125,417.0
28,31153,417.0
28,31179,417.0
28,31207,417.0
28,31223,417.0
28,31253,417.0
28,31269,417.0
28,31283,417.0
28,31297,417.0
28,31327,417.0
28,31343,417.0
28,31369,417.0
28,31399,417.0
28,31401,417.0
28,31431,417.0
28,31447,417.0
28,31463,417.0
28,31481,417.0
28,31509,417.0
28,31523,417.0
28,31549,417.0
28,31565,417.0
28,31593,417.0
28,31607,417.0
28,31621,417.0
28,31635,417.0
28,31653,417.0
28,31681,417.0
28,31707,417.0
28,31741,417.0
28,31743,417.0
28,31769,417.0
28,31783,417.0
28,31809,417.0
28,31823,417.0
28,31839,417.0
29,22064,306.0
29,22092,315.0
29,22106,315.0
29,22108,315.0
29,22124,315.0
29,22607,317.0
29,22637,317.0
29,22653,317.0
29,22671,317.0
29,22673,317.0
29,22687,317.0
29,22705,317.0
29,22707,317.0
29,22721,317.0
29,22735,343.0
29,22767,343.0
29,22797,343.0
29,22813,343.0
29,22831,343.0
29,22847,343.0
29,22849,343.0
29,22851,343.0
29,22867,343.0
29,22869,343.0
29,22887,343.0
29,22901,343.0
29,22927,343.0
29,22945,343.0
29,22975,343.0
29,23005,343.0
29,23031,343.0
29,23061,343.0
29,23095,343.0
29,23109,343.0
29,23111,343.0
29,23125,343.0
29,23157,352.0
29,23173,352.0
29,23189,352.0
29,23215,352.0
29,23229,352.0
29,23243,360.0
29,23257,360.0
29,23259,360.0
29,23261,360.0
29,23275,360.0
29,23277,360.0
29,23305,360.0
29,23307,360.0
29,23309,360.0
29,23323,360.0
29,23325,360.0
29,23341,360.0
29,23343,360.0
29,23345,360.0
29,23361,360.0
29,23389,360.0
29,23403,360.0
29,23417,360.0
29,23449,360.0
29,23467,360.0
29,23485,360.0
29,23499,360.0
29,23501,360.0
29,23515,360.0
29,23549,360.0
29,23551,360.0
29,23567,360.0
29,23581,360.0
29,23609,360.0
29,23611,360.0
29,23625,360.0
29,23639,360.0
29,23655,360.0
29,23683,360.0
29,23685,360.0
29,23701,360.0
29,23703,360.0
29,23705,360.0
29,23719,360.0
29,23743,360.0
29,23769,360.0
29,23797,360.0
29,23817,360.0
29,23843,365.0
29,23871,365.0
29,23903,365.0
29,23919,365.0
29,23949,365.0
29,23975,365.0
29,23989,365.0
29,24015,365.0
29,24017,365.0
29,24047,365.0
29,24073,365.0
29,24103,365.0
29,24129,365.0
29,24143,365.0
29,24161,365.0
29,24175,365.0
29,24191,365.0
29,24211,365.0
29,24225,365.0
29,24239,376.0
29,24267,376.0
29,24295,376.0
29,24309,376.0
29,24323,376.0
29,24337,376.0
29,24363,376.0
29,24389,376.0
29,24405,376.0
29,24433,376.0
29,24459,376.0
29,24461,376.0
29,24487,376.0
29,24503,376.0
29,24531,376.0
29,24545,376.0
29,24561,376.0
29,24591,376.0
29,24605,376.0
29,24607,376.0
29,24635,376.0
29,24637,376.0
29,24639,376.0
29,24641,376.0
29,24657,376.0
29,24671,376.0
29,24701,376.0
29,24703,376.0
29,24731,376.0
29,24747,376.0
29,24763,376.0
29,24797,376.0
29,24823,376.0
29,24853,376.0
29,24855,376.0
29,24881,376.0
29,24895,376.0
29,24909,376.0
29,24911,376.0
29,24913,376.0
29,24929,376.0
29,24947,376.0
29,24961,376.0
29,24987,376.0
29,25001,376.0
29,25017,376.0
29,25045,376.0
29,25047,376.0
29,25077,376.0
29,25079,376.0
29,25093,376.0
29,25095,376.0
29,25111,376.0
29,25137,376.0
29,25139,376.0
29,25165,376.0
29,25183,376.0
29,25211,376.0
29,25237,376.0
29,25251,376.0
29,25265,376.0
29,25279,376.0
29,25293,376.0
29,25321,376.0
29,25335,376.0
29,25351,376.0
29,25373,376.0
29,25399,376.0
29,25401,376.0
29,25403,376.0
29,25429,376.0
29,25443,376.0
29,25459,376.0
29,25461,376.0
29,25487,377.0
29,25513,377.0
29,25527,377.0
29,25541,377.0
29,25567,377.0
29,25569,377.0
29,25571,377.0
29,25585,377.0
29,25601,377.0
29,25615,377.0
29,25641,377.0
29,25657,377.0
29,25671,377.0
29,25673,377.0
29,25675,377.0
29,25703,378.0
29,25733,378.0
29,25747,378.0
29,25775,378.0
29,25807,378.0
29,25809,378.0
29,25837,378.0
29,25853,378.0
29,25881,378.0
29,25913,378.0
29,25927,386.0
29,25941,386.0
29,25957,386.0
29,25971,386.0
29,25997,386.0
29,26013,386.0
29,26027,386.0
29,26045,386.0
29,26061,386.0
29,26075,386.0
29,26077,386.0
29,26105,386.0
29,26119,386.0
29,26147,386.0
29,26163,386.0
29,26177,386.0
29,26209,386.0
29,26223,386.0
29,26239,386.0
29,26267,386.0
29,26283,386.0
29,26311,386.0
29,26339,386.0
29,26367,386.0
29,26381,386.0
29,26383,386.0
29,26415,386.0
29,26429,386.0
29,26431,386.0
29,26459,386.0
29,26473,386.0
29,26487,389.0
29,26517,389.0
29,26531,389.0
29,26533,389.0
29,26551,389.0
29,26565,389.0
29,26595,389.0
29,26623,389.0
29,26637,389.0
29,26653,389.0
29,26685,389.0
29,26711,389.0
29,26737,389.0
29,26753,389.0
29,26779,389.0
29,26797,389.0
29,26811,389.0
29,26839,389.0
29,26853,389.0
29,26881,389.0
29,26897,389.0
29,26925,389.0
29,26953,393.0
29,26955,393.0
29,26971,393.0
29,26973,393.0
29,26987,393.0
29,27017,393.0
29,27045,393.0
29,27059,393.0
29,27061,393.0
29,27087,393.0
29,27089,393.0
29,27103,393.0
29,27131,393.0
29,27133,393.0
29,27151,393.0
29,27153,393.0
29,27167,393.0
29,27193,393.0
29,27221,398.0
29,27235,398.0
29,27249,398.0
29,27265,398.0
29,27281,398.0
29,27297,398.0
29,27329,398.0
29,27331,398.0
29,27363,398.0
29,27393,398.0
29,27421,398.0
29,27423,398.0
29,27437,398.0
29,27465,398.0
29,27467,398.0
29,27481,398.0
29,27509,398.0
29,27537,398.0
29,27565,398.0
29,27581,398.0
29,27595,398.0
29,27609,398.0
29,27629,398.0
29,27645,398.0
29,27661,398.0
29,27689,398.0
29,27703,398.0
29,27717,398.0
29,27733,398.0
29,27735,398.0
29,27761,398.0
29,27775,398.0
29,27801,398.0
29,27817,398.0
29,27831,398.0
29,27845,398.0
29,27859,398.0
29,27877,398.0
29,27879,398.0
29,27905,398.0
29,27931,398.0
29,27961,398.0
29,27963,398.0
29,27965,398.0
29,27983,398.0
29,27997,398.0
29,28013,398.0
29,28039,398.0
29,28053,398.0
29,28083,398.0
29,28111,398.0
29,28127,398.0
29,28145,398.0
29,28161,398.0
29,28175,398.0
29,28205,398.0
29,28219,398.0
29,28221,398.0
29,28235,398.0
29,28263,398.0
29,28293,398.0
29,28309,398.0
29,28323,398.0
29,28351,398.0
29,28365,398.0
29,28401,398.0
29,28403,398.0
29,28429,398.0
29,28457,405.0
29,28459,405.0
29,28473,405.0
29,28503,405.0
29,28533,405.0
29,28547,405.0
29,28573,405.0
29,28587,405.0
29,28589,405.0
29,28603,405.0
29,28605,405.0
29,28631,405.0
29,28661,405.0
29,28663,405.0
29,28697,405.0
29,28713,405.0
29,28727,405.0
29,28755,405.0
29,28783,405.0
29,28797,405.0
29,28823,405.0
29,28843,405.0
29,28857,405.0
29,28873,405.0
29,28875,405.0
29,28877,405.0
29,28891,405.0
29,28905,405.0
29,28919,405.0
29,28933,405.0
29,28935,405.0
29,28949,405.0
29,28963,405.0
29,28977,405.0
29,29011,405.0
29,29039,405.0
29,29065,405.0
29,29085,405.0
29,29099,405.0
29,29129,405.0
29,29159,405.0
29,29187,405.0
29,29203,405.0
29,29219,405.0
29,29249,405.0
29,29263,405.0
29,29291,405.0
29,29317,405.0
29,29331,405.0
29,29347,405.0
29,29363,405.0
29,29377,408.0
29,29407,408.0
29,29421,408.0
29,29423,408.0
29,29441,408.0
29,29473,408.0
29,29475,408.0
29,29493,408.0
29,29521,408.0
29,29523,408.0
29,29525,408.0
29,29539,408.0
29,29565,408.0
29,29579,408.0
29,29607,408.0
29,29621,408.0
29,29649,408.0
29,29681,408.0
29,29709,408.0
29,29711,408.0
29,29739,408.0
29,29753,408.0
29,29779,408.0
29,29795,408.0
29,29809,408.0
29,29825,408.0
29,29841,408.0
29,29873,408.0
29,29887,408.0
29,29901,408.0
29,29915,408.0
29,29943,408.0
29,29945,408.0
29,29973,408.0
29,30005,408.0
29,30019,408.0
29,30049,408.0
29,30051,408.0
29,30053,408.0
29,30067,408.0
29,30095,408.0
29,30127,408.0
29,30143,408.0
29,30171,408.0
29,30185,408.0
29,30201,408.0
29,30233,408.0
29,30251,408.0
29,30279,408.0
29,30281,408.0
29,30307,408.0
29,30309,408.0
29,30323,408.0
29,30351,408.0
29,30365,410.0
29,30391,410.0
29,30407,410.0
29,30437,410.0
29,30463,410.0
29,30481,410.0
29,30501,410.0
29,30517,410.0
29,30547,410.0
29,30561,410.0
29,30563,410.0
29,30579,410.0
29,30593,410.0
29,30621,410.0
29,30647,410.0
29,30649,410.0
29,30679,410.0
29,30707,410.0
29,30723,410.0
29,30751,410.0
29,30765,410.0
29,30779,410.0
29,30793,410.0
29,30821,410.0
29,30823,410.0
29,30837,410.0
29,30853,410.0
29,30881,410.0
29,30895,410.0
29,30921,410.0
29,30941,410.0
29,30955,410.0
29,30969,410.0
29,30997,410.0
29,31011,410.0
29,31039,410.0
29,31069,410.0
29,31095,410.0
29,31123,410.0
29,31155,410.0
29,31171,410.0
29,31197,410.0
29,31199,410.0
29,31213,410.0
29,31239,410.0
29,31253,410.0
29,31283,410.0
29,31285,410.0
29,31299,410.0
29,31325,410.0
29,31353,410.0
29,31381,412.0
29,31413,412.0
29,31443,412.0
29,31469,412.0
29,31483,412.0
29,31485,412.0
29,31503,412.0
29,31529,412.0
29,31557,412.0
29,31589,412.0
29,31591,412.0
29,31607,412.0
29,31621,412.0
29,31651,412.0
29,31653,412.0
29,31655,412.0
29,31669,412.0
29,31697,412.0
29,31717,412.0
29,31745,412.0
29,31759,412.0
29,31773,412.0
29,31799,412.0
29,31815,412.0
29,31817,412.0
29,31847,412.0
29,31875,412.0
29,31901,412.0
29,31915,412.0
29,31943,414.0
29,31957,414.0
29,31959,414.0
29,31973,414.0
29,31975,414.0
29,31991,414.0
29,32021,414.0
29,32035,414.0
29,32051,414.0
30,22274,300.0
30,22306,300.0
30,22320,309.0
30,22334,309.0
30,22350,309.0
30,22843,315.0
30,22857,324.0
30,22875,324.0
30,22893,324.0
30,22909,324.0
30,22935,345.0
30,22949,345.0
30,22951,345.0
30,22977,345.0
30,23011,345.0
30,23013,345.0
30,23015,345.0
30,23043,345.0
30,23059,345.0
30,23073,345.0
30,23101,345.0
30,23137,345.0
30,23167,345.0
30,23181,345.0
30,23195,345.0
30,23209,345.0
30,23237,345.0
30,23263,345.0
30,23291,345.0
30,23309,345.0
30,23339,345.0
30,23355,345.0
30,23373,345.0
30,23389,345.0
30,23415,345.0
30,23429,345.0
30,23431,345.0
30,23447,345.0
30,23461,345.0
30,23463,345.0
30,23493,345.0
30,23523,345.0
30,23525,345.0
30,23557,345.0
30,23573,345.0
30,23587,345.0
30,23589,345.0
30,23603,345.0
30,23623,345.0
30,23637,345.0
30,23667,345.0
30,23695,345.0
30,23709,345.0
30,23735,345.0
30,23765,345.0
30,23767,345.0
30,23785,345.0
30,23811,345.0
30,23829,345.0
30,23843,345.0
30,23845,345.0
30,23847,345.0
30,23873,345.0
30,23893,345.0
30,23909,345.0
30,23927,345.0
30,23941,345.0
30,23955,345.0
30,23969,345.0
30,23983,345.0
30,23997,345.0
30,24013,345.0
30,24027,345.0
30,24043,345.0
30,24071,350.0
30,24085,361.0
30,24101,361.0
30,24115,361.0
30,24129,361.0
30,24155,361.0
30,24169,361.0
30,24197,361.0
30,24219,361.0
30,24233,361.0
30,24259,362.0
30,24275,362.0
30,24291,362.0
30,24319,362.0
30,24345,362.0
30,24359,362.0
30,24361,362.0
30,24375,362.0
30,24405,362.0
30,24421,362.0
30,24437,362.0
30,24465,369.0
30,24479,369.0
30,24493,369.0
30,24495,369.0
30,24521,369.0
30,24537,369.0
30,24551,369.0
30,24553,369.0
30,24579,369.0
30,24593,369.0
30,24623,369.0
30,24639,369.0
30,24655,369.0
30,24683,369.0
30,24703,369.0
30,24705,369.0
30,24723,369.0
30,24739,369.0
30,24765,378.0
30,24779,378.0
30,24809,379.0
30,24827,379.0
30,24855,379.0
30,24869,379.0
30,24899,379.0
30,24913,379.0
30,24941,379.0
30,24957,379.0
30,24983,387.0
30,24997,387.0
30,25011,387.0
30,25041,387.0
30,25067,387.0
30,25097,387.0
30,25099,387.0
30,25101,387.0
30,25129,387.0
30,25159,387.0
30,25161,387.0
30,25187,387.0
30,25189,387.0
30,25219,387.0
30,25247,387.0
30,25273,387.0
30,25299,399.0
30,25313,399.0
30,25341,399.0
30,25343,399.0
30,25369,399.0
30,25383,399.0
30,25397,399.0
30,25413,399.0
30,25427,399.0
30,25457,399.0
30,25483,399.0
30,25499,399.0
30,25513,399.0
30,25515,399.0
30,25529,399.0
30,25555,399.0
30,25569,399.0
30,25583,399.0
30,25603,399.0
30,25617,399.0
30,25619,399.0
30,25647,399.0
30,25663,399.0
30,25677,399.0
30,25691,399.0
30,25705,399.0
30,25719,399.0
30,25735,399.0
30,25763,399.0
30,25783,399.0
30,25801,399.0
30,25827,399.0
30,25829,399.0
30,25845,399.0
30,25875,399.0
30,25877,399.0
30,25879,399.0
30,25897,399.0
30,25911,399.0
30,25941,399.0
30,25971,399.0
30,26001,399.0
30,26003,399.0
30,26017,399.0
30,26031,403.0
30,26049,403.0
30,26051,403.0
30,26065,403.0
30,26079,403.0
30,26093,403.0
30,26111,403.0
30,26125,406.0
30,26127,406.0
30,26143,406.0
30,26157,406.0
30,26183,406.0
30,26185,406.0
30,26211,406.0
30,26225,406.0
30,26251,406.0
30,26265,406.0
30,26293,406.0
30,26307,406.0
30,26335,406.0
30,26363,406.0
30,26393,411.0
30,26423,411.0
30,26425,411.0
30,26439,411.0
30,26453,411.0
30,26455,411.0
30,26485,411.0
30,26499,411.0
30,26525,411.0
30,26539,411.0
30,26557,411.0
30,26587,411.0
30,26589,411.0
30,26603,411.0
30,26633,411.0
30,26635,411.0
30,26671,411.0
30,26673,411.0
30,26687,411.0
30,26689,411.0
30,26705,411.0
30,26719,411.0
30,26721,411.0
30,26735,411.0
30,26755,411.0
30,26787,411.0
30,26801,411.0
30,26827,411.0
30,26829,411.0
30,26843,411.0
30,26857,411.0
30,26889,411.0
30,26915,411.0
30,26941,411.0
30,26943,411.0
30,26957,411.0
30,26973,411.0
30,27005,411.0
30,27023,411.0
30,27049,411.0
30,27051,411.0
30,27065,411.0
30,27079,411.0
30,27095,411.0
30,27109,411.0
30,27125,411.0
30,27139,411.0
30,27153,411.0
30,27179,411.0
30,27209,411.0
30,27237,411.0
30,27263,411.0
30,27265,411.0
30,27279,411.0
30,27281,411.0
30,27307,411.0
30,27335,411.0
30,27363,411.0
30,27365,411.0
30,27395,411.0
30,27411,411.0
30,27429,411.0
30,27445,411.0
30,27459,411.0
30,27475,411.0
30,27489,411.0
30,27505,411.0
30,27519,411.0
30,27533,411.0
30,27535,411.0
30,27565,411.0
30,27595,411.0
30,27623,411.0
30,27637,411.0
30,27669,411.0
30,27683,411.0
30,27699,411.0
30,27725,411.0
30,27741,411.0
30,27769,411.0
30,27783,411.0
30,27797,411.0
30,27825,411.0
30,27843,411.0
30,27873,411.0
30,27875,411.0
30,27903,411.0
30,27905,411.0
30,27921,411.0
30,27923,411.0
30,27925,411.0
30,27939,411.0
30,27965,411.0
30,27993,411.0
30,28021,411.0
30,28035,411.0
30,28049,411.0
30,28063,411.0
30,28089,411.0
30,28115,411.0
30,28143,411.0
30,28145,411.0
30,28147,411.0
30,28163,411.0
30,28177,411.0
30,28179,411.0
30,28197,411.0
30,28225,411.0
30,28227,411.0
30,28229,411.0
30,28257,411.0
30,28271,411.0
30,28285,413.0
30,28299,413.0
30,28315,413.0
30,28317,413.0
30,28319,413.0
30,28335,413.0
30,28363,413.0
30,28393,413.0
30,28407,413.0
30,28423,413.0
30,28437,413.0
30,28455,413.0
30,28469,413.0
30,28485,413.0
30,28513,413.0
30,28529,413.0
30,28553,413.0
30,28567,413.0
30,28583,413.0
30,28613,413.0
30,28627,413.0
30,28641,413.0
30,28659,413.0
30,28661,413.0
30,28689,413.0
30,28703,413.0
30,28731,413.0
30,28757,413.0
30,28773,413.0
30,28799,413.0
30,28825,413.0
30,28839,413.0
30,28865,413.0
30,28879,413.0
30,28909,413.0
30,28941,413.0
30,28967,413.0
30,28993,413.0
30,29023,413.0
30,29037,413.0
30,29063,413.0
30,29089,413.0
30,29103,413.0
30,29129,413.0
30,29143,413.0
30,29177,413.0
30,29203,413.0
30,29217,413.0
30,29243,413.0
30,29245,413.0
30,29247,413.0
30,29261,413.0
30,29291,413.0
30,29305,413.0
30,29319,413.0
30,29339,413.0
30,29341,413.0
30,29343,413.0
30,29361,413.0
30,29363,413.0
30,29365,413.0
30,29393,413.0
30,29395,413.0
30,29409,413.0
30,29437,413.0
30,29463,413.0
30,29481,413.0
30,29495,413.0
30,29509,413.0
30,29511,413.0
30,29513,413.0
30,29541,413.0
30,29543,413.0
30,29545,413.0
30,29571,413.0
30,29599,415.0
30,29601,415.0
30,29627,415.0
30,29629,415.0
30,29655,415.0
30,29669,415.0
30,29683,415.0
30,29685,415.0
30,29699,415.0
30,29713,415.0
30,29727,415.0
30,29753,415.0
30,29767,415.0
30,29781,415.0
30,29795,415.0
30,29823,415.0
30,29849,416.0
30,29851,416.0
30,29865,416.0
30,29881,416.0
30,29883,416.0
30,29911,416.0
30,29925,416.0
30,29951,416.0
30,29977,416.0
30,29991,416.0
30,30007,416.0
30,30021,416.0
30,30023,416.0
30,30051,416.0
30,30067,416.0
30,30095,416.0
30,30125,416.0
30,30127,416.0
30,30141,416.0
30,30167,416.0
30,30197,416.0
30,30223,416.0
30,30249,416.0
30,30275,416.0
30,30291,416.0
30,30293,416.0
30,30309,416.0
30,30337,416.0
30,30363,416.0
30,30365,416.0
30,30379,416.0
30,30409,416.0
30,30425,416.0
30,30441,416.0
30,30473,416.0
30,30487,416.0
30,30489,416.0
30,30505,416.0
30,30535,416.0
30,30563,416.0
30,30589,416.0
30,30591,416.0
30,30621,416.0
30,30651,416.0
30,30677,416.0
30,30679,416.0
30,30705,416.0
30,30733,416.0
30,30749,416.0
30,30751,416.0
30,30765,416.0
30,30779,416.0
30,30781,416.0
30,30795,416.0
30,30809,416.0
30,30811,416.0
30,30843,416.0
30,30857,416.0
30,30885,416.0
30,30905,416.0
30,30921,416.0
30,30935,416.0
30,30963,416.0
30,30991,416.0
30,30993,416.0
30,30995,416.0
30,31025,416.0
30,31039,416.0
30,31067,416.0
30,31081,416.0
30,31095,416.0
30,31113,416.0
30,31143,416.0
30,31157,416.0
30,31171,416.0
30,31199,416.0
30,31201,416.0
30,31227,416.0
30,31243,416.0
30,31269,416.0
30,31271,416.0
30,31289,416.0
30,31291,416.0
30,31305,416.0
30,31333,416.0
30,31361,416.0
30,31363,416.0
30,31377,416.0
30,31379,416.0
30,31395,416.0
30,31409,420.0
30,31423,420.0
30,31437,420.0
30,31465,420.0
30,31491,420.0
30,31517,420.0
30,31531,420.0
30,31547,420.0
30,31549,420.0
30,31579,420.0
30,31593,420.0
30,31607,420.0
30,31621,420.0
30,31651,420.0
30,31653,420.0
30,31667,420.0
30,31681,420.0
30,31697,420.0
30,31711,420.0
30,31725,420.0
30,31751,420.0
30,31779,420.0
30,31793,420.0
30,31795,420.0
30,31811,420.0
30,31825,420.0
30,31841,420.0
30,31843,420.0
30,31873,420.0
30,31901,420.0
30,31931,420.0
30,31933,420.0
30,31959,420.0
30,31973,420.0
30,32003,420.0
30,32005,420.0
30,32033,420.0
30,32065,420.0
30,32091,420.0
30,32105,420.0
30,32133,420.0
30,32147,420.0
30,32149,420.0
30,32181,420.0
30,32197,420.0
30,32199,420.0
30,32231,420.0
30,32245,420.0
