Instance,PopulationSize,Generation,BestFitness
eil51,20,2000,611.7783001827806
eil51,20,5000,565.2743402808063
