evaluations raw_y
1 -1996.0000000000
4 -1994.0000000000
7 -1993.0000000000
9 -1992.0000000000
26 -1991.0000000000
30 -1990.0000000000
31 -1989.0000000000
32 -1988.0000000000
38 -1987.0000000000
46 -1985.0000000000
47 -1984.0000000000
56 -1983.0000000000
58 -1982.0000000000
60 -1981.0000000000
69 -1978.0000000000
71 -1977.0000000000
78 -1976.0000000000
90 -1975.0000000000
94 -1974.0000000000
95 -1973.0000000000
96 -1971.0000000000
98 -1969.0000000000
100 -1968.0000000000
101 -1967.0000000000
108 -1966.0000000000
109 -1965.0000000000
110 -1964.0000000000
114 -1962.0000000000
118 -1961.0000000000
125 -1959.0000000000
135 -1958.0000000000
139 -1957.0000000000
146 -1956.0000000000
147 -1955.0000000000
148 -1954.0000000000
157 -1953.0000000000
158 -1950.0000000000
160 -1949.0000000000
163 -1948.0000000000
166 -1947.0000000000
169 -1946.0000000000
171 -1944.0000000000
174 -1943.0000000000
175 -1942.0000000000
177 -1940.0000000000
179 -1939.0000000000
181 -1938.0000000000
182 -1937.0000000000
187 -1934.0000000000
194 -1933.0000000000
196 -1932.0000000000
200 -1931.0000000000
206 -1930.0000000000
212 -1929.0000000000
215 -1928.0000000000
216 -1926.0000000000
218 -1925.0000000000
221 -1923.0000000000
222 -1922.0000000000
224 -1921.0000000000
233 -1920.0000000000
234 -1917.0000000000
238 -1915.0000000000
247 -1914.0000000000
250 -1913.0000000000
251 -1912.0000000000
252 -1910.0000000000
254 -1909.0000000000
256 -1908.0000000000
259 -1907.0000000000
263 -1906.0000000000
265 -1905.0000000000
268 -1904.0000000000
270 -1903.0000000000
282 -1902.0000000000
283 -1901.0000000000
286 -1900.0000000000
287 -1899.0000000000
291 -1896.0000000000
301 -1895.0000000000
302 -1894.0000000000
303 -1893.0000000000
309 -1892.0000000000
311 -1891.0000000000
312 -1890.0000000000
316 -1889.0000000000
322 -1887.0000000000
333 -1886.0000000000
335 -1885.0000000000
343 -1884.0000000000
351 -1883.0000000000
352 -1882.0000000000
354 -1881.0000000000
356 -1880.0000000000
357 -1879.0000000000
358 -1877.0000000000
362 -1876.0000000000
363 -1875.0000000000
367 -1874.0000000000
376 -1872.0000000000
388 -1871.0000000000
392 -1870.0000000000
398 -1869.0000000000
399 -1867.0000000000
400 -1866.0000000000
403 -1865.0000000000
408 -1864.0000000000
413 -1863.0000000000
424 -1861.0000000000
426 -1860.0000000000
428 -1859.0000000000
429 -1858.0000000000
432 -1857.0000000000
434 -1855.0000000000
435 -1853.0000000000
438 -1852.0000000000
447 -1851.0000000000
451 -1850.0000000000
453 -1849.0000000000
456 -1848.0000000000
457 -1845.0000000000
458 -1844.0000000000
465 -1843.0000000000
467 -1841.0000000000
468 -1839.0000000000
478 -1838.0000000000
482 -1837.0000000000
488 -1836.0000000000
489 -1835.0000000000
490 -1834.0000000000
491 -1833.0000000000
492 -1832.0000000000
493 -1831.0000000000
494 -1830.0000000000
501 -1829.0000000000
507 -1828.0000000000
509 -1827.0000000000
513 -1826.0000000000
521 -1823.0000000000
527 -1822.0000000000
530 -1821.0000000000
534 -1820.0000000000
538 -1819.0000000000
539 -1818.0000000000
540 -1816.0000000000
541 -1814.0000000000
549 -1813.0000000000
552 -1812.0000000000
556 -1810.0000000000
557 -1808.0000000000
558 -1807.0000000000
559 -1806.0000000000
564 -1805.0000000000
567 -1804.0000000000
569 -1803.0000000000
578 -1802.0000000000
584 -1800.0000000000
586 -1799.0000000000
587 -1798.0000000000
588 -1797.0000000000
590 -1795.0000000000
591 -1792.0000000000
592 -1791.0000000000
594 -1790.0000000000
597 -1788.0000000000
600 -1787.0000000000
603 -1786.0000000000
617 -1785.0000000000
619 -1784.0000000000
627 -1783.0000000000
638 -1782.0000000000
645 -1781.0000000000
654 -1780.0000000000
657 -1779.0000000000
659 -1778.0000000000
660 -1777.0000000000
665 -1776.0000000000
671 -1774.0000000000
673 -1773.0000000000
678 -1772.0000000000
680 -1771.0000000000
683 -1770.0000000000
690 -1769.0000000000
692 -1768.0000000000
695 -1767.0000000000
696 -1766.0000000000
699 -1765.0000000000
701 -1764.0000000000
707 -1762.0000000000
715 -1761.0000000000
717 -1760.0000000000
720 -1758.0000000000
723 -1757.0000000000
726 -1756.0000000000
727 -1755.0000000000
728 -1754.0000000000
729 -1753.0000000000
733 -1752.0000000000
739 -1750.0000000000
743 -1749.0000000000
748 -1748.0000000000
774 -1747.0000000000
776 -1746.0000000000
781 -1745.0000000000
788 -1744.0000000000
793 -1743.0000000000
796 -1742.0000000000
797 -1741.0000000000
804 -1739.0000000000
807 -1738.0000000000
810 -1735.0000000000
812 -1734.0000000000
818 -1733.0000000000
822 -1732.0000000000
824 -1731.0000000000
825 -1730.0000000000
827 -1729.0000000000
834 -1728.0000000000
843 -1726.0000000000
848 -1725.0000000000
852 -1724.0000000000
855 -1723.0000000000
857 -1722.0000000000
860 -1721.0000000000
866 -1719.0000000000
872 -1717.0000000000
873 -1716.0000000000
879 -1715.0000000000
880 -1714.0000000000
886 -1713.0000000000
891 -1711.0000000000
902 -1709.0000000000
918 -1708.0000000000
932 -1705.0000000000
933 -1704.0000000000
936 -1703.0000000000
942 -1702.0000000000
944 -1701.0000000000
949 -1700.0000000000
951 -1699.0000000000
969 -1698.0000000000
975 -1697.0000000000
992 -1696.0000000000
998 -1695.0000000000
1000 -1694.0000000000
1002 -1692.0000000000
1007 -1691.0000000000
1017 -1690.0000000000
1031 -1689.0000000000
1036 -1688.0000000000
1040 -1687.0000000000
1047 -1686.0000000000
1049 -1685.0000000000
1051 -1683.0000000000
1055 -1682.0000000000
1061 -1681.0000000000
1071 -1680.0000000000
1073 -1679.0000000000
1086 -1678.0000000000
1097 -1676.0000000000
1099 -1675.0000000000
1114 -1674.0000000000
1117 -1672.0000000000
1118 -1670.0000000000
1126 -1669.0000000000
1129 -1667.0000000000
1134 -1666.0000000000
1135 -1665.0000000000
1143 -1663.0000000000
1147 -1662.0000000000
1150 -1660.0000000000
1168 -1659.0000000000
1175 -1658.0000000000
1183 -1656.0000000000
1188 -1655.0000000000
1190 -1654.0000000000
1192 -1653.0000000000
1195 -1652.0000000000
1196 -1650.0000000000
1199 -1649.0000000000
1201 -1648.0000000000
1202 -1647.0000000000
1203 -1646.0000000000
1204 -1645.0000000000
1205 -1644.0000000000
1209 -1641.0000000000
1212 -1640.0000000000
1213 -1639.0000000000
1215 -1638.0000000000
1222 -1637.0000000000
1223 -1636.0000000000
1229 -1635.0000000000
1237 -1634.0000000000
1238 -1633.0000000000
1253 -1632.0000000000
1256 -1630.0000000000
1261 -1629.0000000000
1264 -1628.0000000000
1267 -1627.0000000000
1268 -1626.0000000000
1274 -1624.0000000000
1282 -1623.0000000000
1286 -1620.0000000000
1301 -1617.0000000000
1304 -1616.0000000000
1312 -1615.0000000000
1319 -1614.0000000000
1324 -1613.0000000000
1329 -1612.0000000000
1336 -1609.0000000000
1339 -1608.0000000000
1340 -1607.0000000000
1342 -1606.0000000000
1344 -1605.0000000000
1347 -1604.0000000000
1351 -1603.0000000000
1357 -1602.0000000000
1358 -1601.0000000000
1364 -1600.0000000000
1365 -1599.0000000000
1375 -1598.0000000000
1376 -1597.0000000000
1383 -1596.0000000000
1385 -1595.0000000000
1402 -1594.0000000000
1413 -1593.0000000000
1419 -1592.0000000000
1420 -1590.0000000000
1421 -1589.0000000000
1425 -1588.0000000000
1426 -1587.0000000000
1429 -1586.0000000000
1432 -1585.0000000000
1440 -1584.0000000000
1453 -1583.0000000000
1465 -1582.0000000000
1467 -1578.0000000000
1469 -1577.0000000000
1473 -1576.0000000000
1479 -1574.0000000000
1482 -1573.0000000000
1483 -1572.0000000000
1485 -1571.0000000000
1488 -1570.0000000000
1489 -1569.0000000000
1493 -1568.0000000000
1499 -1567.0000000000
1501 -1566.0000000000
1505 -1565.0000000000
1506 -1564.0000000000
1508 -1563.0000000000
1511 -1561.0000000000
1514 -1560.0000000000
1519 -1559.0000000000
1525 -1558.0000000000
1540 -1557.0000000000
1553 -1556.0000000000
1555 -1555.0000000000
1557 -1554.0000000000
1559 -1553.0000000000
1562 -1552.0000000000
1563 -1551.0000000000
1564 -1549.0000000000
1573 -1548.0000000000
1576 -1547.0000000000
1583 -1545.0000000000
1588 -1544.0000000000
1596 -1543.0000000000
1602 -1541.0000000000
1604 -1540.0000000000
1608 -1539.0000000000
1613 -1538.0000000000
1617 -1537.0000000000
1621 -1536.0000000000
1624 -1535.0000000000
1627 -1534.0000000000
1632 -1533.0000000000
1635 -1530.0000000000
1644 -1529.0000000000
1646 -1528.0000000000
1647 -1527.0000000000
1659 -1526.0000000000
1667 -1525.0000000000
1668 -1524.0000000000
1683 -1523.0000000000
1684 -1522.0000000000
1692 -1521.0000000000
1693 -1520.0000000000
1703 -1518.0000000000
1706 -1516.0000000000
1708 -1515.0000000000
1710 -1513.0000000000
1713 -1512.0000000000
1714 -1511.0000000000
1721 -1510.0000000000
1722 -1509.0000000000
1733 -1508.0000000000
1738 -1506.0000000000
1747 -1504.0000000000
1748 -1503.0000000000
1761 -1501.0000000000
1762 -1499.0000000000
1772 -1498.0000000000
1775 -1497.0000000000
1776 -1496.0000000000
1778 -1495.0000000000
1781 -1493.0000000000
1789 -1492.0000000000
1790 -1490.0000000000
1795 -1489.0000000000
1797 -1488.0000000000
1799 -1487.0000000000
1800 -1486.0000000000
1803 -1485.0000000000
1807 -1484.0000000000
1809 -1482.0000000000
1817 -1480.0000000000
1820 -1479.0000000000
1823 -1478.0000000000
1824 -1477.0000000000
1827 -1476.0000000000
1834 -1475.0000000000
1841 -1474.0000000000
1843 -1473.0000000000
1846 -1471.0000000000
1848 -1470.0000000000
1849 -1469.0000000000
1852 -1468.0000000000
1859 -1467.0000000000
1860 -1466.0000000000
1867 -1465.0000000000
1868 -1464.0000000000
1870 -1463.0000000000
1871 -1460.0000000000
1877 -1459.0000000000
1878 -1458.0000000000
1884 -1456.0000000000
1885 -1455.0000000000
1887 -1454.0000000000
1890 -1452.0000000000
1892 -1451.0000000000
1894 -1449.0000000000
1897 -1448.0000000000
1904 -1447.0000000000
1913 -1446.0000000000
1921 -1444.0000000000
1933 -1443.0000000000
1939 -1442.0000000000
1942 -1441.0000000000
1944 -1440.0000000000
1948 -1439.0000000000
1956 -1438.0000000000
1960 -1436.0000000000
1965 -1435.0000000000
1966 -1434.0000000000
1981 -1432.0000000000
1984 -1431.0000000000
1985 -1429.0000000000
1990 -1427.0000000000
1991 -1426.0000000000
1993 -1424.0000000000
1997 -1423.0000000000
2000 -1421.0000000000
2006 -1420.0000000000
2023 -1419.0000000000
2025 -1418.0000000000
2027 -1416.0000000000
2034 -1415.0000000000
2040 -1412.0000000000
2060 -1411.0000000000
2067 -1409.0000000000
2068 -1408.0000000000
2071 -1407.0000000000
2073 -1406.0000000000
2087 -1404.0000000000
2095 -1403.0000000000
2100 -1401.0000000000
2103 -1400.0000000000
2109 -1399.0000000000
2110 -1397.0000000000
2112 -1396.0000000000
2114 -1395.0000000000
2117 -1394.0000000000
2126 -1393.0000000000
2139 -1392.0000000000
2141 -1391.0000000000
2142 -1390.0000000000
2143 -1387.0000000000
2144 -1386.0000000000
2145 -1385.0000000000
2150 -1382.0000000000
2156 -1380.0000000000
2162 -1379.0000000000
2175 -1378.0000000000
2177 -1377.0000000000
2182 -1376.0000000000
2186 -1375.0000000000
2193 -1374.0000000000
2205 -1373.0000000000
2208 -1372.0000000000
2209 -1371.0000000000
2215 -1370.0000000000
2222 -1369.0000000000
2229 -1368.0000000000
2230 -1367.0000000000
2231 -1366.0000000000
2234 -1365.0000000000
2235 -1364.0000000000
2237 -1363.0000000000
2241 -1362.0000000000
2259 -1361.0000000000
2262 -1360.0000000000
2267 -1359.0000000000
2269 -1358.0000000000
2271 -1356.0000000000
2277 -1355.0000000000
2278 -1354.0000000000
2280 -1353.0000000000
2283 -1351.0000000000
2297 -1350.0000000000
2305 -1349.0000000000
2307 -1347.0000000000
2308 -1346.0000000000
2309 -1344.0000000000
2311 -1342.0000000000
2314 -1341.0000000000
2322 -1339.0000000000
2324 -1338.0000000000
2330 -1337.0000000000
2360 -1336.0000000000
2363 -1335.0000000000
2373 -1334.0000000000
2377 -1333.0000000000
2379 -1332.0000000000
2380 -1331.0000000000
2384 -1330.0000000000
2388 -1329.0000000000
2390 -1328.0000000000
2392 -1327.0000000000
2393 -1326.0000000000
2400 -1325.0000000000
2415 -1324.0000000000
2418 -1322.0000000000
2419 -1319.0000000000
2422 -1318.0000000000
2434 -1317.0000000000
2435 -1316.0000000000
2442 -1315.0000000000
2443 -1313.0000000000
2462 -1312.0000000000
2468 -1311.0000000000
2483 -1310.0000000000
2494 -1308.0000000000
2495 -1307.0000000000
2496 -1306.0000000000
2512 -1305.0000000000
2519 -1304.0000000000
2521 -1302.0000000000
2523 -1300.0000000000
2529 -1299.0000000000
2538 -1298.0000000000
2540 -1297.0000000000
2541 -1295.0000000000
2543 -1294.0000000000
2553 -1293.0000000000
2557 -1292.0000000000
2568 -1291.0000000000
2573 -1289.0000000000
2575 -1288.0000000000
2577 -1287.0000000000
2582 -1286.0000000000
2596 -1285.0000000000
2610 -1284.0000000000
2612 -1283.0000000000
2614 -1282.0000000000
2623 -1281.0000000000
2639 -1280.0000000000
2641 -1279.0000000000
2650 -1278.0000000000
2655 -1277.0000000000
2669 -1276.0000000000
2671 -1274.0000000000
2691 -1272.0000000000
2696 -1271.0000000000
2709 -1270.0000000000
2714 -1269.0000000000
2715 -1268.0000000000
2720 -1267.0000000000
2723 -1266.0000000000
2727 -1265.0000000000
2728 -1264.0000000000
2740 -1263.0000000000
2743 -1262.0000000000
2750 -1261.0000000000
2753 -1259.0000000000
2761 -1258.0000000000
2767 -1257.0000000000
2768 -1256.0000000000
2774 -1255.0000000000
2775 -1254.0000000000
2777 -1253.0000000000
2780 -1252.0000000000
2782 -1251.0000000000
2794 -1250.0000000000
2808 -1249.0000000000
2820 -1248.0000000000
2821 -1247.0000000000
2822 -1246.0000000000
2832 -1245.0000000000
2833 -1244.0000000000
2836 -1243.0000000000
2837 -1242.0000000000
2848 -1241.0000000000
2850 -1240.0000000000
2851 -1239.0000000000
2853 -1237.0000000000
2863 -1236.0000000000
2866 -1235.0000000000
2870 -1234.0000000000
2884 -1233.0000000000
2885 -1232.0000000000
2890 -1231.0000000000
2895 -1230.0000000000
2899 -1229.0000000000
2919 -1228.0000000000
2940 -1227.0000000000
2948 -1225.0000000000
2958 -1224.0000000000
2986 -1222.0000000000
2990 -1221.0000000000
2999 -1220.0000000000
3001 -1219.0000000000
3006 -1218.0000000000
3012 -1217.0000000000
3019 -1215.0000000000
3021 -1214.0000000000
3023 -1213.0000000000
3027 -1212.0000000000
3043 -1211.0000000000
3055 -1210.0000000000
3059 -1209.0000000000
3068 -1208.0000000000
3076 -1207.0000000000
3085 -1206.0000000000
3098 -1205.0000000000
3116 -1204.0000000000
3144 -1203.0000000000
3147 -1202.0000000000
3149 -1201.0000000000
3160 -1200.0000000000
3167 -1199.0000000000
3170 -1198.0000000000
3176 -1197.0000000000
3189 -1196.0000000000
3194 -1195.0000000000
3202 -1194.0000000000
3208 -1193.0000000000
3210 -1191.0000000000
3221 -1190.0000000000
3225 -1189.0000000000
3231 -1188.0000000000
3235 -1186.0000000000
3244 -1185.0000000000
3252 -1184.0000000000
3258 -1183.0000000000
3265 -1182.0000000000
3281 -1181.0000000000
3296 -1180.0000000000
3307 -1177.0000000000
3308 -1175.0000000000
3315 -1174.0000000000
3329 -1173.0000000000
3331 -1172.0000000000
3367 -1171.0000000000
3369 -1170.0000000000
3370 -1169.0000000000
3371 -1168.0000000000
3374 -1167.0000000000
3384 -1166.0000000000
3388 -1163.0000000000
3390 -1162.0000000000
3418 -1161.0000000000
3419 -1160.0000000000
3420 -1159.0000000000
3422 -1158.0000000000
3438 -1157.0000000000
3450 -1155.0000000000
3471 -1154.0000000000
3472 -1153.0000000000
3474 -1152.0000000000
3477 -1151.0000000000
3479 -1150.0000000000
3499 -1149.0000000000
3535 -1148.0000000000
3547 -1147.0000000000
3549 -1146.0000000000
3567 -1145.0000000000
3568 -1144.0000000000
3576 -1143.0000000000
3577 -1141.0000000000
3579 -1140.0000000000
3590 -1139.0000000000
3601 -1136.0000000000
3602 -1134.0000000000
3603 -1133.0000000000
3619 -1132.0000000000
3624 -1131.0000000000
3629 -1130.0000000000
3632 -1129.0000000000
3634 -1128.0000000000
3659 -1127.0000000000
3664 -1126.0000000000
3670 -1125.0000000000
3671 -1124.0000000000
3672 -1122.0000000000
3683 -1121.0000000000
3693 -1120.0000000000
3700 -1119.0000000000
3710 -1118.0000000000
3713 -1117.0000000000
3735 -1116.0000000000
3738 -1115.0000000000
3765 -1114.0000000000
3771 -1111.0000000000
3772 -1109.0000000000
3773 -1108.0000000000
3777 -1107.0000000000
3792 -1106.0000000000
3802 -1105.0000000000
3833 -1104.0000000000
3835 -1103.0000000000
3839 -1102.0000000000
3843 -1101.0000000000
3862 -1097.0000000000
3873 -1095.0000000000
3875 -1094.0000000000
3880 -1093.0000000000
3885 -1092.0000000000
3896 -1091.0000000000
3904 -1090.0000000000
3908 -1089.0000000000
3910 -1088.0000000000
3913 -1087.0000000000
3916 -1086.0000000000
3931 -1085.0000000000
3933 -1084.0000000000
3935 -1083.0000000000
3961 -1082.0000000000
3962 -1080.0000000000
3965 -1079.0000000000
3966 -1078.0000000000
3977 -1077.0000000000
3984 -1076.0000000000
3985 -1075.0000000000
3991 -1074.0000000000
4003 -1073.0000000000
4019 -1072.0000000000
4023 -1071.0000000000
4036 -1070.0000000000
4053 -1067.0000000000
4060 -1066.0000000000
4071 -1065.0000000000
4082 -1063.0000000000
4084 -1062.0000000000
4090 -1061.0000000000
4102 -1060.0000000000
4104 -1059.0000000000
4105 -1058.0000000000
4106 -1057.0000000000
4108 -1056.0000000000
4110 -1055.0000000000
4122 -1054.0000000000
4123 -1053.0000000000
4126 -1052.0000000000
4130 -1051.0000000000
4134 -1050.0000000000
4136 -1049.0000000000
4141 -1048.0000000000
4145 -1047.0000000000
4161 -1045.0000000000
4168 -1044.0000000000
4170 -1042.0000000000
4175 -1041.0000000000
4178 -1040.0000000000
4179 -1039.0000000000
4189 -1038.0000000000
4193 -1037.0000000000
4197 -1036.0000000000
4200 -1035.0000000000
4235 -1034.0000000000
4238 -1033.0000000000
4242 -1032.0000000000
4246 -1031.0000000000
4249 -1030.0000000000
4253 -1029.0000000000
4257 -1028.0000000000
4270 -1027.0000000000
4276 -1026.0000000000
4280 -1024.0000000000
4282 -1023.0000000000
4291 -1021.0000000000
4306 -1019.0000000000
4310 -1018.0000000000
4318 -1017.0000000000
4321 -1015.0000000000
4325 -1014.0000000000
4332 -1013.0000000000
4333 -1012.0000000000
4334 -1011.0000000000
4343 -1010.0000000000
4344 -1009.0000000000
4380 -1008.0000000000
4382 -1007.0000000000
4384 -1006.0000000000
4388 -1005.0000000000
4393 -1004.0000000000
4395 -1003.0000000000
4396 -1002.0000000000
4407 -1001.0000000000
4416 -1000.0000000000
4418 -999.0000000000
4423 -998.0000000000
4426 -997.0000000000
4439 -995.0000000000
4441 -993.0000000000
4450 -992.0000000000
4454 -991.0000000000
4459 -989.0000000000
4492 -988.0000000000
4501 -987.0000000000
4502 -986.0000000000
4507 -985.0000000000
4509 -984.0000000000
4514 -983.0000000000
4539 -981.0000000000
4541 -980.0000000000
4545 -979.0000000000
4553 -978.0000000000
4562 -977.0000000000
4565 -976.0000000000
4572 -975.0000000000
4575 -974.0000000000
4608 -972.0000000000
4634 -971.0000000000
4643 -970.0000000000
4648 -969.0000000000
4656 -968.0000000000
4660 -967.0000000000
4671 -966.0000000000
4696 -965.0000000000
4705 -964.0000000000
4711 -963.0000000000
4720 -962.0000000000
4738 -961.0000000000
4753 -960.0000000000
4755 -959.0000000000
4774 -958.0000000000
4776 -957.0000000000
4786 -956.0000000000
4789 -955.0000000000
4813 -954.0000000000
4814 -953.0000000000
4815 -952.0000000000
4822 -951.0000000000
4824 -950.0000000000
4844 -949.0000000000
4845 -948.0000000000
4871 -947.0000000000
4876 -946.0000000000
4886 -945.0000000000
4887 -944.0000000000
4898 -942.0000000000
4908 -941.0000000000
4918 -940.0000000000
4961 -939.0000000000
4963 -938.0000000000
4966 -936.0000000000
4971 -935.0000000000
4974 -934.0000000000
5018 -933.0000000000
5035 -932.0000000000
5039 -931.0000000000
5040 -930.0000000000
5064 -929.0000000000
5075 -927.0000000000
5077 -926.0000000000
5092 -925.0000000000
5095 -923.0000000000
5098 -922.0000000000
5118 -921.0000000000
5119 -920.0000000000
5123 -919.0000000000
5127 -918.0000000000
5133 -917.0000000000
5138 -916.0000000000
5142 -915.0000000000
5146 -914.0000000000
5154 -913.0000000000
5181 -912.0000000000
5193 -911.0000000000
5202 -910.0000000000
5210 -909.0000000000
5211 -907.0000000000
5217 -906.0000000000
5222 -905.0000000000
5224 -904.0000000000
5230 -903.0000000000
5235 -902.0000000000
5236 -901.0000000000
5256 -900.0000000000
5262 -899.0000000000
5268 -898.0000000000
5276 -897.0000000000
5280 -895.0000000000
5290 -894.0000000000
5294 -893.0000000000
5297 -892.0000000000
5299 -891.0000000000
5300 -889.0000000000
5302 -888.0000000000
5318 -887.0000000000
5329 -885.0000000000
5336 -883.0000000000
5349 -882.0000000000
5352 -880.0000000000
5353 -878.0000000000
5359 -877.0000000000
5369 -876.0000000000
5370 -875.0000000000
5375 -874.0000000000
5376 -873.0000000000
5383 -872.0000000000
5387 -871.0000000000
5404 -870.0000000000
5408 -869.0000000000
5417 -868.0000000000
5420 -867.0000000000
5430 -866.0000000000
5439 -865.0000000000
5444 -864.0000000000
5451 -863.0000000000
5454 -862.0000000000
5461 -860.0000000000
5476 -859.0000000000
5481 -858.0000000000
5486 -856.0000000000
5514 -855.0000000000
5520 -854.0000000000
5521 -853.0000000000
5526 -852.0000000000
5538 -851.0000000000
5561 -850.0000000000
5568 -849.0000000000
5579 -848.0000000000
5612 -847.0000000000
5624 -845.0000000000
5657 -844.0000000000
5659 -843.0000000000
5662 -842.0000000000
5670 -840.0000000000
5677 -839.0000000000
5678 -837.0000000000
5690 -836.0000000000
5711 -835.0000000000
5722 -834.0000000000
5727 -833.0000000000
5735 -832.0000000000
5749 -831.0000000000
5750 -830.0000000000
5757 -829.0000000000
5788 -828.0000000000
5805 -827.0000000000
5828 -826.0000000000
5830 -825.0000000000
5839 -824.0000000000
5875 -823.0000000000
5910 -822.0000000000
5912 -821.0000000000
5935 -820.0000000000
5939 -819.0000000000
5973 -818.0000000000
5982 -817.0000000000
6013 -816.0000000000
6016 -814.0000000000
6023 -813.0000000000
6041 -812.0000000000
6054 -811.0000000000
6062 -810.0000000000
6066 -809.0000000000
6090 -808.0000000000
6091 -807.0000000000
6096 -806.0000000000
6108 -805.0000000000
6115 -803.0000000000
6121 -802.0000000000
6123 -800.0000000000
6124 -799.0000000000
6133 -798.0000000000
6187 -797.0000000000
6205 -796.0000000000
6209 -795.0000000000
6212 -793.0000000000
6216 -792.0000000000
6226 -791.0000000000
6228 -790.0000000000
6232 -789.0000000000
6246 -788.0000000000
6250 -786.0000000000
6267 -785.0000000000
6281 -784.0000000000
6282 -782.0000000000
6298 -781.0000000000
6306 -779.0000000000
6307 -778.0000000000
6314 -777.0000000000
6320 -776.0000000000
6328 -774.0000000000
6334 -773.0000000000
6341 -771.0000000000
6349 -770.0000000000
6378 -769.0000000000
6381 -768.0000000000
6395 -765.0000000000
6400 -764.0000000000
6407 -763.0000000000
6425 -762.0000000000
6429 -761.0000000000
6431 -760.0000000000
6433 -759.0000000000
6435 -758.0000000000
6437 -757.0000000000
6445 -756.0000000000
6454 -754.0000000000
6473 -753.0000000000
6474 -752.0000000000
6493 -751.0000000000
6505 -749.0000000000
6530 -748.0000000000
6537 -747.0000000000
6547 -746.0000000000
6548 -745.0000000000
6553 -744.0000000000
6554 -743.0000000000
6577 -740.0000000000
6578 -739.0000000000
6579 -738.0000000000
6594 -737.0000000000
6602 -735.0000000000
6605 -734.0000000000
6607 -733.0000000000
6624 -732.0000000000
6632 -731.0000000000
6651 -730.0000000000
6654 -729.0000000000
6661 -728.0000000000
6682 -727.0000000000
6686 -726.0000000000
6696 -725.0000000000
6703 -724.0000000000
6717 -723.0000000000
6729 -722.0000000000
6730 -720.0000000000
6731 -719.0000000000
6733 -718.0000000000
6748 -717.0000000000
6755 -715.0000000000
6757 -714.0000000000
6771 -713.0000000000
6778 -712.0000000000
6800 -711.0000000000
6809 -710.0000000000
6821 -709.0000000000
6837 -708.0000000000
6860 -707.0000000000
6868 -706.0000000000
6927 -705.0000000000
6951 -704.0000000000
6953 -703.0000000000
6969 -702.0000000000
6971 -701.0000000000
6975 -700.0000000000
6999 -699.0000000000
7003 -698.0000000000
7004 -697.0000000000
7019 -696.0000000000
7063 -695.0000000000
7091 -694.0000000000
7129 -693.0000000000
7158 -692.0000000000
7171 -691.0000000000
7190 -689.0000000000
7198 -688.0000000000
7226 -687.0000000000
7234 -686.0000000000
7237 -685.0000000000
7238 -684.0000000000
7266 -683.0000000000
7280 -682.0000000000
7296 -681.0000000000
7298 -680.0000000000
7303 -679.0000000000
7304 -678.0000000000
7360 -677.0000000000
7361 -676.0000000000
7376 -675.0000000000
7382 -674.0000000000
7386 -672.0000000000
7388 -671.0000000000
7398 -670.0000000000
7401 -669.0000000000
7414 -668.0000000000
7432 -667.0000000000
7442 -666.0000000000
7467 -665.0000000000
7473 -664.0000000000
7477 -663.0000000000
7485 -662.0000000000
7486 -661.0000000000
7489 -660.0000000000
7495 -659.0000000000
7514 -657.0000000000
7525 -656.0000000000
7531 -655.0000000000
7593 -654.0000000000
7627 -653.0000000000
7641 -652.0000000000
7650 -651.0000000000
7659 -650.0000000000
7684 -649.0000000000
7688 -648.0000000000
7706 -647.0000000000
7708 -646.0000000000
7745 -645.0000000000
7748 -643.0000000000
7755 -642.0000000000
7770 -641.0000000000
7794 -640.0000000000
7796 -639.0000000000
7803 -638.0000000000
7817 -637.0000000000
7838 -636.0000000000
7869 -635.0000000000
7886 -634.0000000000
7891 -633.0000000000
7901 -632.0000000000
7904 -631.0000000000
7909 -630.0000000000
7927 -629.0000000000
7933 -628.0000000000
7938 -627.0000000000
7945 -625.0000000000
7950 -624.0000000000
7971 -623.0000000000
7995 -622.0000000000
8014 -621.0000000000
8029 -620.0000000000
8055 -619.0000000000
8059 -618.0000000000
8081 -617.0000000000
8089 -616.0000000000
8100 -615.0000000000
8125 -614.0000000000
8154 -613.0000000000
8158 -612.0000000000
8194 -611.0000000000
8205 -610.0000000000
8213 -609.0000000000
8227 -608.0000000000
8232 -607.0000000000
8264 -606.0000000000
8276 -605.0000000000
8329 -604.0000000000
8340 -603.0000000000
8345 -602.0000000000
8379 -601.0000000000
8386 -599.0000000000
8387 -598.0000000000
8396 -597.0000000000
8402 -596.0000000000
8418 -595.0000000000
8419 -594.0000000000
8422 -593.0000000000
8483 -592.0000000000
8508 -591.0000000000
8514 -590.0000000000
8549 -589.0000000000
8581 -588.0000000000
8589 -585.0000000000
8659 -584.0000000000
8674 -583.0000000000
8683 -582.0000000000
8689 -580.0000000000
8692 -579.0000000000
8710 -578.0000000000
8723 -577.0000000000
8727 -576.0000000000
8765 -575.0000000000
8779 -573.0000000000
8803 -572.0000000000
8856 -571.0000000000
8857 -569.0000000000
8894 -568.0000000000
8910 -567.0000000000
8963 -566.0000000000
8976 -565.0000000000
8993 -564.0000000000
8996 -563.0000000000
9042 -562.0000000000
9044 -561.0000000000
9046 -560.0000000000
9051 -559.0000000000
9052 -558.0000000000
9072 -557.0000000000
9107 -556.0000000000
9111 -555.0000000000
9119 -554.0000000000
9167 -553.0000000000
9199 -552.0000000000
9223 -551.0000000000
9265 -550.0000000000
9307 -549.0000000000
9311 -548.0000000000
9316 -547.0000000000
9369 -546.0000000000
9385 -545.0000000000
9434 -544.0000000000
9445 -543.0000000000
9477 -542.0000000000
9508 -541.0000000000
9517 -540.0000000000
9559 -539.0000000000
9569 -538.0000000000
9570 -537.0000000000
9576 -536.0000000000
9583 -535.0000000000
9677 -534.0000000000
9683 -533.0000000000
9695 -532.0000000000
9709 -531.0000000000
9775 -530.0000000000
9793 -529.0000000000
9802 -528.0000000000
9898 -526.0000000000
9902 -525.0000000000
9903 -524.0000000000
9904 -523.0000000000
9911 -522.0000000000
9919 -521.0000000000
9936 -520.0000000000
9967 -518.0000000000
9972 -517.0000000000
10030 -516.0000000000
10043 -515.0000000000
10060 -514.0000000000
10080 -513.0000000000
10107 -512.0000000000
10108 -511.0000000000
10122 -510.0000000000
10186 -509.0000000000
10192 -508.0000000000
10194 -507.0000000000
10213 -506.0000000000
10285 -505.0000000000
10304 -504.0000000000
10308 -503.0000000000
10350 -502.0000000000
10352 -501.0000000000
10353 -500.0000000000
10358 -499.0000000000
10362 -498.0000000000
10369 -497.0000000000
10381 -496.0000000000
10383 -495.0000000000
10397 -494.0000000000
10414 -492.0000000000
10423 -491.0000000000
10451 -490.0000000000
10477 -489.0000000000
10480 -488.0000000000
10521 -487.0000000000
10536 -486.0000000000
10562 -485.0000000000
10587 -484.0000000000
10636 -483.0000000000
10670 -482.0000000000
10684 -481.0000000000
10695 -480.0000000000
10704 -479.0000000000
10709 -478.0000000000
10726 -477.0000000000
10769 -476.0000000000
10780 -475.0000000000
10787 -474.0000000000
10799 -473.0000000000
10800 -472.0000000000
10840 -471.0000000000
10854 -470.0000000000
10877 -469.0000000000
10893 -468.0000000000
10895 -467.0000000000
10919 -466.0000000000
10923 -465.0000000000
10928 -464.0000000000
10943 -463.0000000000
10951 -462.0000000000
10958 -461.0000000000
10959 -460.0000000000
10964 -459.0000000000
10993 -458.0000000000
10999 -457.0000000000
11008 -456.0000000000
11026 -455.0000000000
11036 -454.0000000000
11056 -453.0000000000
11062 -452.0000000000
11066 -451.0000000000
11082 -450.0000000000
11096 -449.0000000000
11127 -448.0000000000
11148 -447.0000000000
11165 -446.0000000000
11171 -445.0000000000
11174 -444.0000000000
11268 -443.0000000000
11279 -442.0000000000
11296 -441.0000000000
11322 -440.0000000000
11359 -439.0000000000
11363 -438.0000000000
11370 -437.0000000000
11421 -436.0000000000
11439 -435.0000000000
11449 -434.0000000000
11457 -433.0000000000
11492 -432.0000000000
11585 -431.0000000000
11607 -430.0000000000
11620 -428.0000000000
11669 -427.0000000000
11677 -426.0000000000
11689 -425.0000000000
11738 -424.0000000000
11745 -423.0000000000
11756 -422.0000000000
11757 -420.0000000000
11773 -419.0000000000
11779 -418.0000000000
11787 -417.0000000000
11878 -415.0000000000
11893 -414.0000000000
11901 -413.0000000000
11914 -412.0000000000
11953 -411.0000000000
12004 -410.0000000000
12012 -409.0000000000
12023 -407.0000000000
12070 -406.0000000000
12095 -405.0000000000
12124 -404.0000000000
12145 -403.0000000000
12158 -402.0000000000
12164 -401.0000000000
12203 -400.0000000000
12205 -399.0000000000
12311 -398.0000000000
12345 -397.0000000000
12352 -396.0000000000
12368 -395.0000000000
12376 -394.0000000000
12392 -393.0000000000
12407 -392.0000000000
12433 -391.0000000000
12463 -390.0000000000
12466 -389.0000000000
12476 -388.0000000000
12538 -387.0000000000
12556 -386.0000000000
12565 -385.0000000000
12581 -384.0000000000
12606 -383.0000000000
12644 -382.0000000000
12650 -381.0000000000
12665 -380.0000000000
12671 -379.0000000000
12681 -378.0000000000
12724 -377.0000000000
12748 -376.0000000000
12752 -375.0000000000
12754 -374.0000000000
12767 -373.0000000000
12777 -372.0000000000
12805 -371.0000000000
12814 -370.0000000000
12929 -369.0000000000
12961 -368.0000000000
12967 -367.0000000000
13003 -366.0000000000
13023 -365.0000000000
13110 -364.0000000000
13148 -363.0000000000
13174 -362.0000000000
13202 -361.0000000000
13243 -360.0000000000
13249 -359.0000000000
13267 -358.0000000000
13301 -357.0000000000
13334 -356.0000000000
13337 -355.0000000000
13398 -354.0000000000
13399 -353.0000000000
13432 -352.0000000000
13439 -351.0000000000
13446 -350.0000000000
13474 -349.0000000000
13496 -348.0000000000
13516 -347.0000000000
13518 -345.0000000000
13529 -344.0000000000
13530 -343.0000000000
13547 -342.0000000000
13569 -341.0000000000
13578 -340.0000000000
13580 -339.0000000000
13593 -338.0000000000
13609 -337.0000000000
13639 -336.0000000000
13649 -335.0000000000
13650 -334.0000000000
13676 -333.0000000000
13688 -332.0000000000
13702 -331.0000000000
13721 -330.0000000000
13769 -329.0000000000
13827 -328.0000000000
13838 -327.0000000000
13864 -326.0000000000
13874 -325.0000000000
13914 -324.0000000000
13918 -323.0000000000
13924 -322.0000000000
13926 -321.0000000000
13927 -320.0000000000
13940 -319.0000000000
13996 -318.0000000000
14026 -317.0000000000
14107 -316.0000000000
14120 -315.0000000000
14153 -314.0000000000
14164 -313.0000000000
14172 -312.0000000000
14192 -311.0000000000
14207 -310.0000000000
14279 -309.0000000000
14302 -307.0000000000
14308 -306.0000000000
14360 -305.0000000000
14424 -304.0000000000
14440 -303.0000000000
14447 -302.0000000000
14461 -301.0000000000
14462 -300.0000000000
14517 -299.0000000000
14519 -298.0000000000
14525 -297.0000000000
14559 -296.0000000000
14594 -295.0000000000
14619 -294.0000000000
14639 -293.0000000000
14641 -292.0000000000
14742 -291.0000000000
14765 -290.0000000000
14823 -289.0000000000
14856 -288.0000000000
14891 -287.0000000000
14909 -286.0000000000
14915 -285.0000000000
14959 -284.0000000000
14972 -283.0000000000
15024 -282.0000000000
15027 -281.0000000000
15046 -280.0000000000
15050 -279.0000000000
15068 -278.0000000000
15073 -277.0000000000
15093 -276.0000000000
15184 -275.0000000000
15187 -274.0000000000
15188 -273.0000000000
15197 -272.0000000000
15268 -271.0000000000
15285 -270.0000000000
15288 -269.0000000000
15356 -268.0000000000
15394 -267.0000000000
15446 -266.0000000000
15465 -265.0000000000
15568 -264.0000000000
15581 -263.0000000000
15660 -262.0000000000
15681 -261.0000000000
15710 -260.0000000000
15746 -259.0000000000
15751 -258.0000000000
15754 -257.0000000000
15808 -256.0000000000
15809 -255.0000000000
15828 -254.0000000000
15860 -253.0000000000
15883 -252.0000000000
15903 -251.0000000000
15908 -250.0000000000
15925 -249.0000000000
16051 -248.0000000000
16163 -247.0000000000
16189 -246.0000000000
16213 -245.0000000000
16227 -244.0000000000
16257 -243.0000000000
16258 -242.0000000000
16447 -241.0000000000
16454 -240.0000000000
16468 -239.0000000000
16489 -238.0000000000
16523 -237.0000000000
16591 -236.0000000000
16637 -235.0000000000
16665 -234.0000000000
16705 -233.0000000000
16789 -232.0000000000
16816 -231.0000000000
16834 -230.0000000000
16891 -229.0000000000
16906 -228.0000000000
16955 -227.0000000000
17130 -226.0000000000
17251 -225.0000000000
17252 -224.0000000000
17360 -223.0000000000
17396 -222.0000000000
17410 -221.0000000000
17547 -220.0000000000
17563 -218.0000000000
17630 -217.0000000000
17694 -216.0000000000
17873 -215.0000000000
17915 -214.0000000000
17934 -213.0000000000
17949 -212.0000000000
17961 -211.0000000000
17979 -210.0000000000
17981 -209.0000000000
18094 -208.0000000000
18119 -207.0000000000
18128 -206.0000000000
18169 -205.0000000000
18181 -204.0000000000
18188 -203.0000000000
18193 -202.0000000000
18219 -201.0000000000
18315 -200.0000000000
18333 -198.0000000000
18349 -197.0000000000
18372 -196.0000000000
18385 -195.0000000000
18408 -194.0000000000
18432 -193.0000000000
18434 -192.0000000000
18464 -191.0000000000
18488 -190.0000000000
18573 -189.0000000000
18575 -188.0000000000
18587 -187.0000000000
18668 -186.0000000000
18747 -185.0000000000
18792 -184.0000000000
18816 -183.0000000000
18864 -181.0000000000
18870 -180.0000000000
18878 -179.0000000000
18960 -178.0000000000
19023 -177.0000000000
19025 -175.0000000000
19079 -173.0000000000
19110 -172.0000000000
19230 -171.0000000000
19249 -170.0000000000
19292 -169.0000000000
19500 -168.0000000000
19549 -167.0000000000
19614 -166.0000000000
19623 -165.0000000000
19705 -164.0000000000
20023 -163.0000000000
20066 -162.0000000000
20122 -161.0000000000
20129 -160.0000000000
20187 -159.0000000000
20213 -158.0000000000
20220 -157.0000000000
20345 -156.0000000000
20552 -155.0000000000
20575 -154.0000000000
20598 -153.0000000000
20599 -152.0000000000
20745 -151.0000000000
20766 -150.0000000000
20958 -149.0000000000
20966 -148.0000000000
21126 -147.0000000000
21140 -146.0000000000
21172 -145.0000000000
21176 -144.0000000000
21237 -143.0000000000
21283 -142.0000000000
21351 -141.0000000000
21385 -140.0000000000
21522 -139.0000000000
21547 -138.0000000000
21603 -137.0000000000
21637 -136.0000000000
21683 -135.0000000000
21704 -134.0000000000
21745 -133.0000000000
21785 -132.0000000000
21787 -131.0000000000
21867 -130.0000000000
21877 -129.0000000000
22164 -128.0000000000
22316 -127.0000000000
22455 -126.0000000000
22476 -125.0000000000
22551 -124.0000000000
22565 -123.0000000000
22621 -122.0000000000
22668 -121.0000000000
22686 -120.0000000000
22699 -119.0000000000
22758 -118.0000000000
22848 -117.0000000000
22940 -116.0000000000
23019 -115.0000000000
23036 -114.0000000000
23100 -113.0000000000
23182 -112.0000000000
23276 -111.0000000000
23509 -110.0000000000
23657 -109.0000000000
23690 -107.0000000000
23704 -106.0000000000
23740 -105.0000000000
23757 -104.0000000000
23832 -103.0000000000
23906 -102.0000000000
23918 -101.0000000000
23932 -100.0000000000
24014 -99.0000000000
24067 -98.0000000000
24180 -97.0000000000
24182 -96.0000000000
24208 -95.0000000000
24384 -94.0000000000
24444 -93.0000000000
24467 -92.0000000000
24730 -91.0000000000
25089 -90.0000000000
25144 -89.0000000000
25190 -88.0000000000
25261 -87.0000000000
25341 -86.0000000000
25367 -85.0000000000
25370 -84.0000000000
25458 -83.0000000000
25518 -82.0000000000
25654 -81.0000000000
25794 -80.0000000000
25797 -79.0000000000
25941 -78.0000000000
26014 -77.0000000000
26041 -76.0000000000
26054 -75.0000000000
26208 -74.0000000000
26254 -73.0000000000
26267 -72.0000000000
26309 -71.0000000000
26336 -70.0000000000
26466 -69.0000000000
26478 -68.0000000000
26559 -67.0000000000
26565 -66.0000000000
26652 -65.0000000000
26696 -64.0000000000
26698 -63.0000000000
26832 -62.0000000000
26918 -61.0000000000
27011 -60.0000000000
27581 -59.0000000000
27590 -58.0000000000
27631 -57.0000000000
27657 -56.0000000000
27772 -55.0000000000
27845 -54.0000000000
27929 -53.0000000000
28136 -52.0000000000
28158 -51.0000000000
28331 -50.0000000000
28374 -49.0000000000
28830 -48.0000000000
28953 -47.0000000000
29329 -46.0000000000
29364 -45.0000000000
29386 -44.0000000000
29526 -43.0000000000
30203 -42.0000000000
30238 -41.0000000000
30331 -40.0000000000
30558 -39.0000000000
30662 -38.0000000000
31007 -37.0000000000
31124 -36.0000000000
31217 -35.0000000000
31537 -34.0000000000
31694 -33.0000000000
31755 -32.0000000000
31763 -31.0000000000
32034 -30.0000000000
32272 -29.0000000000
32288 -28.0000000000
32438 -27.0000000000
32689 -26.0000000000
33302 -25.0000000000
33682 -24.0000000000
34917 -23.0000000000
34948 -22.0000000000
35573 -21.0000000000
35814 -20.0000000000
36245 -19.0000000000
36266 -18.0000000000
36415 -17.0000000000
36564 -16.0000000000
36645 -15.0000000000
36932 -14.0000000000
37102 -13.0000000000
37196 -12.0000000000
37199 -11.0000000000
37213 -10.0000000000
38215 -9.0000000000
38622 -8.0000000000
38841 -7.0000000000
38853 -6.0000000000
39282 -5.0000000000
39897 -4.0000000000
41295 -3.0000000000
42137 -2.0000000000
42168 -1.0000000000
42378 128.0600000000
42382 136.6800000000
42387 143.7400000000
42421 149.0900000000
42735 150.6500000000
42839 154.5700000000
43849 155.2000000000
44389 163.6900000000
73586 168.8500000000
100001 -1.0000000000
evaluations raw_y
1 -2002.0000000000
5 -2001.0000000000
16 -2000.0000000000
24 -1998.0000000000
30 -1997.0000000000
32 -1996.0000000000
35 -1994.0000000000
37 -1993.0000000000
38 -1992.0000000000
43 -1991.0000000000
47 -1990.0000000000
48 -1989.0000000000
49 -1988.0000000000
54 -1987.0000000000
56 -1986.0000000000
57 -1984.0000000000
63 -1983.0000000000
69 -1982.0000000000
71 -1980.0000000000
74 -1979.0000000000
77 -1978.0000000000
78 -1977.0000000000
84 -1975.0000000000
90 -1973.0000000000
91 -1972.0000000000
92 -1970.0000000000
94 -1969.0000000000
99 -1967.0000000000
105 -1966.0000000000
108 -1965.0000000000
111 -1963.0000000000
117 -1962.0000000000
121 -1959.0000000000
125 -1957.0000000000
129 -1956.0000000000
131 -1954.0000000000
136 -1952.0000000000
146 -1951.0000000000
147 -1950.0000000000
149 -1949.0000000000
162 -1947.0000000000
165 -1945.0000000000
166 -1944.0000000000
171 -1943.0000000000
178 -1942.0000000000
183 -1941.0000000000
189 -1940.0000000000
190 -1939.0000000000
191 -1938.0000000000
194 -1937.0000000000
195 -1935.0000000000
208 -1934.0000000000
212 -1933.0000000000
218 -1932.0000000000
227 -1931.0000000000
230 -1929.0000000000
241 -1926.0000000000
243 -1924.0000000000
245 -1922.0000000000
252 -1921.0000000000
253 -1920.0000000000
254 -1919.0000000000
255 -1917.0000000000
259 -1916.0000000000
260 -1914.0000000000
262 -1913.0000000000
263 -1912.0000000000
265 -1911.0000000000
268 -1910.0000000000
272 -1908.0000000000
273 -1907.0000000000
282 -1906.0000000000
296 -1905.0000000000
299 -1903.0000000000
301 -1902.0000000000
304 -1901.0000000000
307 -1900.0000000000
309 -1899.0000000000
314 -1898.0000000000
315 -1897.0000000000
317 -1896.0000000000
318 -1894.0000000000
320 -1893.0000000000
329 -1891.0000000000
330 -1890.0000000000
337 -1888.0000000000
342 -1887.0000000000
343 -1886.0000000000
347 -1884.0000000000
354 -1883.0000000000
358 -1882.0000000000
373 -1880.0000000000
374 -1879.0000000000
375 -1878.0000000000
382 -1877.0000000000
383 -1876.0000000000
391 -1874.0000000000
393 -1873.0000000000
397 -1872.0000000000
401 -1871.0000000000
408 -1868.0000000000
411 -1867.0000000000
421 -1865.0000000000
422 -1864.0000000000
433 -1863.0000000000
435 -1861.0000000000
438 -1860.0000000000
453 -1857.0000000000
458 -1856.0000000000
470 -1855.0000000000
473 -1854.0000000000
478 -1853.0000000000
479 -1852.0000000000
482 -1851.0000000000
483 -1849.0000000000
485 -1848.0000000000
491 -1847.0000000000
501 -1846.0000000000
505 -1845.0000000000
506 -1844.0000000000
509 -1842.0000000000
510 -1841.0000000000
516 -1840.0000000000
521 -1838.0000000000
525 -1837.0000000000
529 -1836.0000000000
535 -1834.0000000000
539 -1832.0000000000
542 -1831.0000000000
550 -1830.0000000000
551 -1828.0000000000
552 -1827.0000000000
556 -1826.0000000000
558 -1825.0000000000
559 -1824.0000000000
561 -1822.0000000000
563 -1821.0000000000
571 -1820.0000000000
572 -1819.0000000000
573 -1816.0000000000
577 -1815.0000000000
581 -1814.0000000000
582 -1813.0000000000
586 -1812.0000000000
587 -1811.0000000000
590 -1810.0000000000
596 -1809.0000000000
598 -1808.0000000000
601 -1807.0000000000
606 -1806.0000000000
609 -1805.0000000000
613 -1804.0000000000
616 -1802.0000000000
625 -1800.0000000000
635 -1799.0000000000
640 -1798.0000000000
641 -1797.0000000000
652 -1796.0000000000
653 -1795.0000000000
655 -1794.0000000000
674 -1793.0000000000
678 -1792.0000000000
680 -1789.0000000000
681 -1788.0000000000
682 -1787.0000000000
683 -1786.0000000000
709 -1785.0000000000
722 -1782.0000000000
724 -1781.0000000000
730 -1779.0000000000
731 -1777.0000000000
739 -1776.0000000000
740 -1775.0000000000
741 -1774.0000000000
743 -1773.0000000000
745 -1772.0000000000
749 -1771.0000000000
750 -1770.0000000000
751 -1769.0000000000
752 -1768.0000000000
753 -1767.0000000000
755 -1766.0000000000
758 -1765.0000000000
761 -1764.0000000000
764 -1763.0000000000
771 -1761.0000000000
778 -1760.0000000000
785 -1759.0000000000
789 -1758.0000000000
794 -1756.0000000000
809 -1755.0000000000
815 -1754.0000000000
816 -1753.0000000000
817 -1752.0000000000
819 -1751.0000000000
820 -1750.0000000000
828 -1749.0000000000
829 -1748.0000000000
832 -1747.0000000000
835 -1746.0000000000
839 -1745.0000000000
840 -1744.0000000000
842 -1743.0000000000
843 -1742.0000000000
844 -1741.0000000000
846 -1740.0000000000
848 -1739.0000000000
849 -1738.0000000000
851 -1737.0000000000
854 -1736.0000000000
857 -1735.0000000000
863 -1734.0000000000
865 -1733.0000000000
879 -1731.0000000000
882 -1729.0000000000
893 -1728.0000000000
895 -1727.0000000000
898 -1726.0000000000
900 -1724.0000000000
901 -1723.0000000000
902 -1721.0000000000
905 -1720.0000000000
912 -1719.0000000000
919 -1718.0000000000
922 -1717.0000000000
931 -1713.0000000000
932 -1712.0000000000
943 -1711.0000000000
946 -1710.0000000000
956 -1709.0000000000
958 -1708.0000000000
965 -1707.0000000000
966 -1706.0000000000
968 -1705.0000000000
973 -1703.0000000000
975 -1702.0000000000
982 -1701.0000000000
984 -1700.0000000000
1001 -1699.0000000000
1002 -1698.0000000000
1003 -1697.0000000000
1006 -1696.0000000000
1007 -1695.0000000000
1010 -1694.0000000000
1016 -1692.0000000000
1017 -1691.0000000000
1020 -1690.0000000000
1022 -1689.0000000000
1024 -1688.0000000000
1027 -1685.0000000000
1031 -1684.0000000000
1037 -1683.0000000000
1046 -1682.0000000000
1048 -1681.0000000000
1060 -1679.0000000000
1068 -1678.0000000000
1071 -1677.0000000000
1075 -1675.0000000000
1086 -1674.0000000000
1091 -1673.0000000000
1100 -1672.0000000000
1105 -1671.0000000000
1119 -1670.0000000000
1126 -1669.0000000000
1127 -1667.0000000000
1128 -1666.0000000000
1133 -1665.0000000000
1141 -1664.0000000000
1144 -1663.0000000000
1163 -1662.0000000000
1165 -1661.0000000000
1167 -1659.0000000000
1169 -1656.0000000000
1181 -1655.0000000000
1189 -1654.0000000000
1196 -1653.0000000000
1197 -1652.0000000000
1201 -1650.0000000000
1212 -1649.0000000000
1218 -1648.0000000000
1221 -1647.0000000000
1222 -1646.0000000000
1226 -1645.0000000000
1233 -1644.0000000000
1246 -1643.0000000000
1252 -1642.0000000000
1253 -1641.0000000000
1260 -1640.0000000000
1263 -1639.0000000000
1268 -1637.0000000000
1281 -1636.0000000000
1283 -1635.0000000000
1284 -1634.0000000000
1290 -1632.0000000000
1296 -1630.0000000000
1298 -1629.0000000000
1300 -1628.0000000000
1305 -1627.0000000000
1306 -1626.0000000000
1310 -1624.0000000000
1311 -1623.0000000000
1320 -1622.0000000000
1325 -1621.0000000000
1326 -1620.0000000000
1329 -1618.0000000000
1330 -1616.0000000000
1336 -1615.0000000000
1346 -1613.0000000000
1348 -1612.0000000000
1350 -1611.0000000000
1352 -1610.0000000000
1364 -1609.0000000000
1366 -1607.0000000000
1367 -1606.0000000000
1385 -1605.0000000000
1386 -1604.0000000000
1389 -1603.0000000000
1390 -1602.0000000000
1392 -1600.0000000000
1395 -1599.0000000000
1403 -1597.0000000000
1407 -1596.0000000000
1409 -1595.0000000000
1414 -1594.0000000000
1428 -1593.0000000000
1429 -1590.0000000000
1444 -1589.0000000000
1446 -1588.0000000000
1447 -1586.0000000000
1471 -1585.0000000000
1485 -1583.0000000000
1486 -1582.0000000000
1491 -1581.0000000000
1494 -1580.0000000000
1500 -1579.0000000000
1508 -1578.0000000000
1509 -1577.0000000000
1512 -1576.0000000000
1516 -1575.0000000000
1519 -1574.0000000000
1520 -1573.0000000000
1529 -1571.0000000000
1531 -1570.0000000000
1537 -1569.0000000000
1538 -1567.0000000000
1540 -1566.0000000000
1542 -1565.0000000000
1543 -1564.0000000000
1547 -1563.0000000000
1551 -1562.0000000000
1569 -1561.0000000000
1570 -1560.0000000000
1575 -1559.0000000000
1578 -1558.0000000000
1579 -1557.0000000000
1585 -1556.0000000000
1593 -1555.0000000000
1599 -1554.0000000000
1612 -1552.0000000000
1613 -1551.0000000000
1620 -1550.0000000000
1622 -1549.0000000000
1625 -1547.0000000000
1626 -1546.0000000000
1629 -1544.0000000000
1634 -1543.0000000000
1637 -1541.0000000000
1642 -1540.0000000000
1650 -1539.0000000000
1657 -1538.0000000000
1659 -1537.0000000000
1661 -1536.0000000000
1663 -1535.0000000000
1669 -1533.0000000000
1684 -1532.0000000000
1687 -1531.0000000000
1696 -1530.0000000000
1697 -1529.0000000000
1708 -1528.0000000000
1712 -1526.0000000000
1721 -1525.0000000000
1723 -1524.0000000000
1735 -1523.0000000000
1736 -1522.0000000000
1744 -1521.0000000000
1746 -1520.0000000000
1750 -1519.0000000000
1752 -1518.0000000000
1755 -1517.0000000000
1757 -1516.0000000000
1761 -1515.0000000000
1763 -1514.0000000000
1764 -1513.0000000000
1769 -1512.0000000000
1770 -1511.0000000000
1775 -1510.0000000000
1779 -1509.0000000000
1785 -1507.0000000000
1789 -1506.0000000000
1795 -1504.0000000000
1806 -1502.0000000000
1816 -1501.0000000000
1818 -1500.0000000000
1821 -1499.0000000000
1822 -1498.0000000000
1829 -1496.0000000000
1840 -1495.0000000000
1841 -1494.0000000000
1845 -1493.0000000000
1854 -1491.0000000000
1858 -1490.0000000000
1859 -1489.0000000000
1860 -1488.0000000000
1864 -1487.0000000000
1875 -1486.0000000000
1898 -1485.0000000000
1912 -1484.0000000000
1918 -1482.0000000000
1924 -1481.0000000000
1928 -1480.0000000000
1930 -1479.0000000000
1932 -1477.0000000000
1933 -1476.0000000000
1934 -1475.0000000000
1948 -1474.0000000000
1950 -1473.0000000000
1952 -1472.0000000000
1957 -1471.0000000000
1984 -1469.0000000000
1985 -1468.0000000000
1988 -1466.0000000000
1990 -1465.0000000000
1996 -1464.0000000000
1997 -1463.0000000000
2003 -1462.0000000000
2008 -1461.0000000000
2019 -1460.0000000000
2029 -1459.0000000000
2031 -1458.0000000000
2035 -1457.0000000000
2036 -1455.0000000000
2042 -1453.0000000000
2046 -1452.0000000000
2047 -1451.0000000000
2057 -1450.0000000000
2058 -1449.0000000000
2061 -1448.0000000000
2078 -1446.0000000000
2079 -1445.0000000000
2086 -1444.0000000000
2099 -1443.0000000000
2101 -1442.0000000000
2112 -1441.0000000000
2114 -1440.0000000000
2120 -1439.0000000000
2122 -1438.0000000000
2135 -1437.0000000000
2138 -1436.0000000000
2141 -1434.0000000000
2159 -1433.0000000000
2162 -1432.0000000000
2164 -1431.0000000000
2165 -1430.0000000000
2167 -1429.0000000000
2178 -1428.0000000000
2182 -1426.0000000000
2184 -1425.0000000000
2186 -1422.0000000000
2198 -1421.0000000000
2200 -1420.0000000000
2204 -1419.0000000000
2208 -1418.0000000000
2211 -1417.0000000000
2212 -1416.0000000000
2218 -1415.0000000000
2226 -1413.0000000000
2235 -1412.0000000000
2242 -1411.0000000000
2245 -1410.0000000000
2259 -1408.0000000000
2261 -1407.0000000000
2264 -1406.0000000000
2266 -1405.0000000000
2272 -1404.0000000000
2274 -1402.0000000000
2287 -1401.0000000000
2289 -1400.0000000000
2295 -1399.0000000000
2297 -1398.0000000000
2298 -1397.0000000000
2300 -1396.0000000000
2301 -1394.0000000000
2302 -1393.0000000000
2306 -1391.0000000000
2308 -1389.0000000000
2312 -1388.0000000000
2318 -1386.0000000000
2319 -1385.0000000000
2322 -1384.0000000000
2323 -1383.0000000000
2326 -1381.0000000000
2332 -1380.0000000000
2340 -1379.0000000000
2343 -1378.0000000000
2346 -1377.0000000000
2347 -1376.0000000000
2368 -1375.0000000000
2371 -1374.0000000000
2373 -1373.0000000000
2384 -1372.0000000000
2385 -1371.0000000000
2396 -1370.0000000000
2403 -1369.0000000000
2404 -1367.0000000000
2408 -1365.0000000000
2409 -1364.0000000000
2413 -1363.0000000000
2414 -1362.0000000000
2423 -1361.0000000000
2427 -1360.0000000000
2433 -1359.0000000000
2436 -1358.0000000000
2439 -1357.0000000000
2443 -1356.0000000000
2444 -1355.0000000000
2447 -1353.0000000000
2451 -1352.0000000000
2460 -1351.0000000000
2467 -1350.0000000000
2471 -1349.0000000000
2474 -1348.0000000000
2478 -1347.0000000000
2485 -1346.0000000000
2489 -1345.0000000000
2490 -1343.0000000000
2491 -1342.0000000000
2502 -1341.0000000000
2508 -1340.0000000000
2510 -1339.0000000000
2527 -1338.0000000000
2532 -1336.0000000000
2540 -1335.0000000000
2542 -1334.0000000000
2547 -1333.0000000000
2553 -1332.0000000000
2558 -1331.0000000000
2561 -1329.0000000000
2567 -1328.0000000000
2571 -1327.0000000000
2572 -1326.0000000000
2577 -1325.0000000000
2591 -1324.0000000000
2593 -1323.0000000000
2596 -1322.0000000000
2597 -1321.0000000000
2599 -1320.0000000000
2604 -1319.0000000000
2610 -1318.0000000000
2611 -1317.0000000000
2615 -1316.0000000000
2628 -1315.0000000000
2633 -1314.0000000000
2635 -1313.0000000000
2638 -1312.0000000000
2641 -1311.0000000000
2644 -1310.0000000000
2648 -1309.0000000000
2657 -1308.0000000000
2663 -1307.0000000000
2670 -1306.0000000000
2680 -1305.0000000000
2684 -1304.0000000000
2691 -1303.0000000000
2697 -1302.0000000000
2698 -1301.0000000000
2701 -1300.0000000000
2709 -1299.0000000000
2711 -1297.0000000000
2718 -1296.0000000000
2723 -1295.0000000000
2728 -1294.0000000000
2732 -1293.0000000000
2737 -1292.0000000000
2743 -1291.0000000000
2744 -1290.0000000000
2752 -1288.0000000000
2754 -1287.0000000000
2761 -1285.0000000000
2766 -1284.0000000000
2770 -1283.0000000000
2773 -1282.0000000000
2783 -1281.0000000000
2785 -1280.0000000000
2793 -1279.0000000000
2795 -1278.0000000000
2805 -1277.0000000000
2807 -1275.0000000000
2808 -1273.0000000000
2809 -1272.0000000000
2812 -1271.0000000000
2818 -1269.0000000000
2822 -1268.0000000000
2823 -1267.0000000000
2826 -1265.0000000000
2832 -1264.0000000000
2837 -1262.0000000000
2844 -1261.0000000000
2848 -1260.0000000000
2854 -1259.0000000000
2856 -1258.0000000000
2870 -1257.0000000000
2880 -1256.0000000000
2885 -1254.0000000000
2887 -1253.0000000000
2888 -1252.0000000000
2906 -1251.0000000000
2910 -1250.0000000000
2916 -1249.0000000000
2918 -1248.0000000000
2932 -1247.0000000000
2933 -1246.0000000000
2938 -1245.0000000000
2940 -1244.0000000000
2956 -1243.0000000000
2965 -1242.0000000000
2969 -1240.0000000000
3001 -1239.0000000000
3010 -1238.0000000000
3014 -1237.0000000000
3015 -1236.0000000000
3030 -1235.0000000000
3033 -1234.0000000000
3037 -1233.0000000000
3043 -1232.0000000000
3048 -1231.0000000000
3053 -1230.0000000000
3054 -1229.0000000000
3061 -1228.0000000000
3068 -1227.0000000000
3070 -1225.0000000000
3085 -1224.0000000000
3101 -1223.0000000000
3117 -1222.0000000000
3119 -1221.0000000000
3125 -1220.0000000000
3126 -1219.0000000000
3132 -1218.0000000000
3133 -1217.0000000000
3140 -1216.0000000000
3141 -1215.0000000000
3144 -1214.0000000000
3145 -1213.0000000000
3148 -1212.0000000000
3151 -1211.0000000000
3172 -1210.0000000000
3174 -1209.0000000000
3180 -1208.0000000000
3182 -1207.0000000000
3224 -1206.0000000000
3230 -1205.0000000000
3248 -1203.0000000000
3259 -1202.0000000000
3262 -1201.0000000000
3265 -1199.0000000000
3271 -1198.0000000000
3275 -1197.0000000000
3277 -1196.0000000000
3296 -1195.0000000000
3311 -1194.0000000000
3329 -1193.0000000000
3353 -1192.0000000000
3358 -1191.0000000000
3364 -1190.0000000000
3366 -1189.0000000000
3377 -1188.0000000000
3412 -1187.0000000000
3414 -1186.0000000000
3418 -1184.0000000000
3436 -1183.0000000000
3438 -1182.0000000000
3444 -1181.0000000000
3451 -1180.0000000000
3462 -1179.0000000000
3466 -1178.0000000000
3468 -1177.0000000000
3484 -1176.0000000000
3491 -1175.0000000000
3508 -1174.0000000000
3509 -1173.0000000000
3513 -1172.0000000000
3516 -1170.0000000000
3520 -1169.0000000000
3524 -1168.0000000000
3531 -1167.0000000000
3533 -1166.0000000000
3534 -1165.0000000000
3541 -1164.0000000000
3543 -1163.0000000000
3547 -1162.0000000000
3552 -1161.0000000000
3561 -1160.0000000000
3564 -1159.0000000000
3578 -1157.0000000000
3595 -1156.0000000000
3605 -1155.0000000000
3614 -1154.0000000000
3616 -1152.0000000000
3627 -1151.0000000000
3630 -1150.0000000000
3633 -1149.0000000000
3645 -1148.0000000000
3654 -1147.0000000000
3666 -1146.0000000000
3668 -1145.0000000000
3671 -1144.0000000000
3681 -1143.0000000000
3690 -1141.0000000000
3696 -1140.0000000000
3706 -1139.0000000000
3719 -1138.0000000000
3720 -1137.0000000000
3726 -1136.0000000000
3727 -1135.0000000000
3740 -1134.0000000000
3744 -1133.0000000000
3747 -1132.0000000000
3748 -1131.0000000000
3753 -1130.0000000000
3761 -1129.0000000000
3765 -1127.0000000000
3774 -1126.0000000000
3775 -1125.0000000000
3786 -1124.0000000000
3788 -1123.0000000000
3791 -1121.0000000000
3800 -1120.0000000000
3803 -1119.0000000000
3804 -1118.0000000000
3806 -1116.0000000000
3816 -1115.0000000000
3821 -1114.0000000000
3842 -1113.0000000000
3844 -1112.0000000000
3852 -1111.0000000000
3862 -1110.0000000000
3870 -1109.0000000000
3871 -1107.0000000000
3876 -1106.0000000000
3888 -1105.0000000000
3912 -1104.0000000000
3941 -1103.0000000000
3949 -1102.0000000000
3955 -1101.0000000000
3958 -1100.0000000000
3975 -1099.0000000000
3982 -1098.0000000000
3984 -1096.0000000000
3997 -1095.0000000000
4006 -1094.0000000000
4019 -1093.0000000000
4021 -1092.0000000000
4029 -1091.0000000000
4045 -1089.0000000000
4049 -1088.0000000000
4117 -1086.0000000000
4126 -1084.0000000000
4128 -1083.0000000000
4138 -1082.0000000000
4143 -1081.0000000000
4144 -1080.0000000000
4157 -1079.0000000000
4162 -1078.0000000000
4163 -1077.0000000000
4168 -1076.0000000000
4172 -1073.0000000000
4178 -1072.0000000000
4210 -1071.0000000000
4222 -1070.0000000000
4228 -1069.0000000000
4231 -1068.0000000000
4242 -1067.0000000000
4244 -1066.0000000000
4247 -1065.0000000000
4251 -1064.0000000000
4255 -1063.0000000000
4263 -1062.0000000000
4269 -1061.0000000000
4274 -1060.0000000000
4278 -1059.0000000000
4293 -1058.0000000000
4303 -1057.0000000000
4312 -1056.0000000000
4321 -1055.0000000000
4338 -1054.0000000000
4339 -1052.0000000000
4341 -1051.0000000000
4343 -1050.0000000000
4352 -1049.0000000000
4370 -1048.0000000000
4378 -1047.0000000000
4385 -1044.0000000000
4391 -1043.0000000000
4400 -1042.0000000000
4412 -1041.0000000000
4431 -1040.0000000000
4433 -1037.0000000000
4434 -1035.0000000000
4435 -1034.0000000000
4442 -1033.0000000000
4448 -1032.0000000000
4451 -1031.0000000000
4459 -1030.0000000000
4463 -1029.0000000000
4471 -1028.0000000000
4479 -1027.0000000000
4487 -1025.0000000000
4491 -1024.0000000000
4492 -1020.0000000000
4499 -1018.0000000000
4502 -1017.0000000000
4512 -1016.0000000000
4515 -1015.0000000000
4526 -1014.0000000000
4532 -1013.0000000000
4533 -1012.0000000000
4567 -1011.0000000000
4571 -1010.0000000000
4577 -1009.0000000000
4580 -1008.0000000000
4603 -1007.0000000000
4604 -1006.0000000000
4605 -1005.0000000000
4617 -1004.0000000000
4621 -1003.0000000000
4625 -1002.0000000000
4645 -1001.0000000000
4656 -1000.0000000000
4672 -999.0000000000
4678 -998.0000000000
4690 -997.0000000000
4712 -995.0000000000
4731 -994.0000000000
4732 -993.0000000000
4735 -992.0000000000
4740 -991.0000000000
4742 -990.0000000000
4748 -989.0000000000
4761 -988.0000000000
4778 -987.0000000000
4786 -986.0000000000
4806 -985.0000000000
4814 -984.0000000000
4830 -982.0000000000
4876 -981.0000000000
4878 -980.0000000000
4882 -979.0000000000
4888 -978.0000000000
4897 -977.0000000000
4904 -976.0000000000
4906 -975.0000000000
4911 -974.0000000000
4931 -973.0000000000
4935 -972.0000000000
4965 -971.0000000000
4978 -970.0000000000
4982 -969.0000000000
4983 -968.0000000000
4987 -967.0000000000
5008 -965.0000000000
5014 -964.0000000000
5029 -963.0000000000
5045 -962.0000000000
5050 -961.0000000000
5052 -960.0000000000
5064 -959.0000000000
5088 -958.0000000000
5090 -957.0000000000
5097 -956.0000000000
5126 -955.0000000000
5131 -954.0000000000
5137 -953.0000000000
5174 -952.0000000000
5182 -951.0000000000
5184 -950.0000000000
5188 -949.0000000000
5191 -948.0000000000
5193 -947.0000000000
5199 -945.0000000000
5213 -944.0000000000
5221 -943.0000000000
5228 -942.0000000000
5231 -941.0000000000
5243 -940.0000000000
5263 -939.0000000000
5265 -938.0000000000
5307 -937.0000000000
5309 -936.0000000000
5325 -935.0000000000
5330 -932.0000000000
5343 -931.0000000000
5344 -930.0000000000
5356 -928.0000000000
5359 -927.0000000000
5360 -926.0000000000
5363 -925.0000000000
5375 -924.0000000000
5391 -923.0000000000
5398 -921.0000000000
5404 -919.0000000000
5410 -918.0000000000
5426 -917.0000000000
5434 -916.0000000000
5441 -915.0000000000
5449 -914.0000000000
5454 -913.0000000000
5465 -912.0000000000
5485 -911.0000000000
5486 -910.0000000000
5489 -909.0000000000
5496 -908.0000000000
5509 -907.0000000000
5510 -906.0000000000
5521 -905.0000000000
5523 -903.0000000000
5539 -902.0000000000
5547 -901.0000000000
5553 -900.0000000000
5566 -899.0000000000
5589 -898.0000000000
5603 -897.0000000000
5625 -895.0000000000
5632 -894.0000000000
5642 -892.0000000000
5654 -891.0000000000
5655 -890.0000000000
5670 -889.0000000000
5682 -888.0000000000
5683 -887.0000000000
5685 -886.0000000000
5686 -885.0000000000
5702 -884.0000000000
5707 -883.0000000000
5725 -882.0000000000
5730 -880.0000000000
5743 -879.0000000000
5746 -878.0000000000
5764 -877.0000000000
5767 -876.0000000000
5782 -875.0000000000
5794 -874.0000000000
5800 -873.0000000000
5801 -872.0000000000
5806 -871.0000000000
5807 -870.0000000000
5829 -869.0000000000
5837 -868.0000000000
5839 -867.0000000000
5866 -866.0000000000
5868 -865.0000000000
5870 -864.0000000000
5895 -863.0000000000
5911 -862.0000000000
5943 -861.0000000000
5945 -860.0000000000
5950 -859.0000000000
5953 -858.0000000000
5961 -857.0000000000
5967 -856.0000000000
5973 -855.0000000000
5979 -854.0000000000
5980 -852.0000000000
5981 -851.0000000000
5982 -850.0000000000
5990 -849.0000000000
6001 -848.0000000000
6016 -847.0000000000
6023 -846.0000000000
6042 -845.0000000000
6059 -844.0000000000
6066 -843.0000000000
6068 -842.0000000000
6091 -841.0000000000
6112 -840.0000000000
6119 -839.0000000000
6125 -838.0000000000
6143 -837.0000000000
6178 -836.0000000000
6193 -835.0000000000
6203 -834.0000000000
6204 -833.0000000000
6211 -831.0000000000
6217 -830.0000000000
6230 -829.0000000000
6243 -828.0000000000
6253 -827.0000000000
6257 -826.0000000000
6262 -825.0000000000
6271 -824.0000000000
6279 -823.0000000000
6281 -822.0000000000
6282 -821.0000000000
6287 -820.0000000000
6288 -819.0000000000
6296 -818.0000000000
6303 -817.0000000000
6317 -815.0000000000
6319 -814.0000000000
6325 -813.0000000000
6330 -812.0000000000
6336 -811.0000000000
6365 -810.0000000000
6380 -809.0000000000
6382 -808.0000000000
6384 -807.0000000000
6397 -806.0000000000
6415 -805.0000000000
6433 -804.0000000000
6448 -803.0000000000
6449 -802.0000000000
6466 -801.0000000000
6472 -800.0000000000
6501 -799.0000000000
6524 -797.0000000000
6530 -796.0000000000
6544 -795.0000000000
6549 -794.0000000000
6550 -793.0000000000
6551 -792.0000000000
6559 -791.0000000000
6560 -790.0000000000
6565 -789.0000000000
6574 -788.0000000000
6577 -787.0000000000
6582 -786.0000000000
6588 -784.0000000000
6589 -783.0000000000
6593 -782.0000000000
6600 -781.0000000000
6604 -779.0000000000
6611 -778.0000000000
6619 -777.0000000000
6633 -776.0000000000
6634 -774.0000000000
6635 -773.0000000000
6638 -771.0000000000
6641 -770.0000000000
6652 -769.0000000000
6670 -768.0000000000
6703 -767.0000000000
6710 -766.0000000000
6730 -765.0000000000
6735 -764.0000000000
6739 -763.0000000000
6742 -762.0000000000
6751 -761.0000000000
6755 -760.0000000000
6769 -759.0000000000
6770 -758.0000000000
6794 -757.0000000000
6816 -756.0000000000
6820 -755.0000000000
6821 -754.0000000000
6829 -752.0000000000
6846 -751.0000000000
6855 -750.0000000000
6904 -749.0000000000
6907 -748.0000000000
6932 -747.0000000000
6935 -746.0000000000
6941 -745.0000000000
6951 -744.0000000000
6952 -743.0000000000
6967 -742.0000000000
6989 -741.0000000000
6995 -739.0000000000
7002 -738.0000000000
7005 -737.0000000000
7016 -735.0000000000
7035 -734.0000000000
7036 -733.0000000000
7058 -732.0000000000
7093 -731.0000000000
7101 -730.0000000000
7107 -729.0000000000
7134 -728.0000000000
7151 -727.0000000000
7153 -726.0000000000
7181 -724.0000000000
7210 -723.0000000000
7263 -722.0000000000
7264 -721.0000000000
7267 -720.0000000000
7269 -719.0000000000
7270 -718.0000000000
7291 -717.0000000000
7310 -716.0000000000
7316 -715.0000000000
7326 -714.0000000000
7329 -712.0000000000
7335 -711.0000000000
7353 -710.0000000000
7363 -709.0000000000
7371 -708.0000000000
7391 -707.0000000000
7393 -706.0000000000
7411 -705.0000000000
7428 -704.0000000000
7436 -703.0000000000
7438 -702.0000000000
7464 -701.0000000000
7469 -699.0000000000
7477 -698.0000000000
7485 -697.0000000000
7487 -696.0000000000
7492 -695.0000000000
7494 -694.0000000000
7508 -693.0000000000
7534 -692.0000000000
7536 -691.0000000000
7538 -688.0000000000
7542 -687.0000000000
7576 -686.0000000000
7604 -685.0000000000
7612 -684.0000000000
7665 -683.0000000000
7667 -682.0000000000
7669 -681.0000000000
7680 -680.0000000000
7687 -679.0000000000
7696 -678.0000000000
7703 -677.0000000000
7715 -676.0000000000
7725 -675.0000000000
7736 -674.0000000000
7737 -673.0000000000
7742 -672.0000000000
7758 -671.0000000000
7759 -670.0000000000
7768 -669.0000000000
7769 -668.0000000000
7779 -667.0000000000
7783 -666.0000000000
7787 -665.0000000000
7808 -664.0000000000
7814 -663.0000000000
7824 -662.0000000000
7886 -661.0000000000
7893 -660.0000000000
7908 -659.0000000000
7913 -658.0000000000
7942 -657.0000000000
7946 -656.0000000000
7957 -655.0000000000
7970 -654.0000000000
7979 -653.0000000000
7981 -652.0000000000
7986 -651.0000000000
7995 -650.0000000000
8001 -649.0000000000
8013 -648.0000000000
8058 -647.0000000000
8062 -646.0000000000
8075 -645.0000000000
8091 -644.0000000000
8101 -643.0000000000
8112 -642.0000000000
8118 -640.0000000000
8127 -639.0000000000
8141 -638.0000000000
8171 -637.0000000000
8193 -636.0000000000
8218 -635.0000000000
8227 -634.0000000000
8255 -633.0000000000
8260 -632.0000000000
8288 -631.0000000000
8289 -630.0000000000
8315 -629.0000000000
8321 -628.0000000000
8360 -627.0000000000
8362 -626.0000000000
8382 -625.0000000000
8399 -624.0000000000
8404 -623.0000000000
8450 -621.0000000000
8466 -620.0000000000
8488 -619.0000000000
8531 -618.0000000000
8535 -617.0000000000
8544 -616.0000000000
8547 -615.0000000000
8592 -614.0000000000
8593 -613.0000000000
8617 -612.0000000000
8623 -611.0000000000
8657 -610.0000000000
8658 -609.0000000000
8680 -608.0000000000
8712 -607.0000000000
8716 -606.0000000000
8731 -605.0000000000
8744 -604.0000000000
8769 -603.0000000000
8775 -602.0000000000
8790 -601.0000000000
8805 -600.0000000000
8808 -599.0000000000
8809 -598.0000000000
8829 -597.0000000000
8841 -596.0000000000
8860 -595.0000000000
8886 -594.0000000000
8910 -592.0000000000
8926 -591.0000000000
8936 -590.0000000000
8954 -589.0000000000
8976 -588.0000000000
8979 -587.0000000000
8982 -586.0000000000
8983 -585.0000000000
8994 -584.0000000000
9009 -583.0000000000
9013 -582.0000000000
9026 -580.0000000000
9035 -578.0000000000
9047 -577.0000000000
9055 -576.0000000000
9088 -575.0000000000
9089 -574.0000000000
9093 -573.0000000000
9106 -572.0000000000
9112 -571.0000000000
9135 -570.0000000000
9188 -569.0000000000
9194 -568.0000000000
9197 -567.0000000000
9211 -566.0000000000
9215 -565.0000000000
9238 -564.0000000000
9249 -563.0000000000
9251 -562.0000000000
9265 -561.0000000000
9285 -560.0000000000
9289 -559.0000000000
9303 -558.0000000000
9327 -557.0000000000
9344 -556.0000000000
9363 -554.0000000000
9366 -553.0000000000
9383 -552.0000000000
9392 -551.0000000000
9418 -550.0000000000
9433 -548.0000000000
9439 -547.0000000000
9447 -546.0000000000
9450 -545.0000000000
9464 -544.0000000000
9471 -543.0000000000
9473 -542.0000000000
9481 -541.0000000000
9579 -540.0000000000
9607 -539.0000000000
9615 -538.0000000000
9617 -537.0000000000
9646 -536.0000000000
9652 -535.0000000000
9680 -534.0000000000
9692 -533.0000000000
9714 -532.0000000000
9715 -531.0000000000
9731 -530.0000000000
9739 -529.0000000000
9742 -528.0000000000
9747 -527.0000000000
9750 -525.0000000000
9757 -524.0000000000
9768 -523.0000000000
9785 -522.0000000000
9790 -521.0000000000
9818 -520.0000000000
9822 -519.0000000000
9824 -518.0000000000
9829 -517.0000000000
9840 -515.0000000000
9902 -514.0000000000
9903 -513.0000000000
9907 -512.0000000000
9910 -511.0000000000
9920 -510.0000000000
9943 -509.0000000000
9944 -508.0000000000
9968 -507.0000000000
9978 -506.0000000000
9998 -505.0000000000
10008 -504.0000000000
10024 -503.0000000000
10031 -502.0000000000
10033 -501.0000000000
10039 -500.0000000000
10081 -499.0000000000
10089 -498.0000000000
10104 -497.0000000000
10136 -496.0000000000
10151 -495.0000000000
10182 -494.0000000000
10220 -493.0000000000
10225 -492.0000000000
10289 -491.0000000000
10314 -490.0000000000
10325 -489.0000000000
10334 -488.0000000000
10376 -487.0000000000
10388 -486.0000000000
10413 -485.0000000000
10417 -484.0000000000
10423 -483.0000000000
10428 -482.0000000000
10461 -481.0000000000
10469 -480.0000000000
10500 -479.0000000000
10528 -478.0000000000
10536 -477.0000000000
10557 -476.0000000000
10562 -475.0000000000
10565 -473.0000000000
10598 -472.0000000000
10610 -471.0000000000
10634 -470.0000000000
10676 -469.0000000000
10694 -468.0000000000
10704 -467.0000000000
10734 -466.0000000000
10754 -465.0000000000
10761 -464.0000000000
10862 -463.0000000000
10866 -462.0000000000
10936 -461.0000000000
10937 -460.0000000000
10966 -459.0000000000
10979 -458.0000000000
11009 -456.0000000000
11015 -455.0000000000
11032 -454.0000000000
11083 -453.0000000000
11090 -452.0000000000
11094 -451.0000000000
11133 -450.0000000000
11151 -449.0000000000
11152 -448.0000000000
11162 -447.0000000000
11166 -446.0000000000
11173 -445.0000000000
11183 -444.0000000000
11185 -443.0000000000
11199 -442.0000000000
11269 -440.0000000000
11274 -439.0000000000
11303 -438.0000000000
11346 -437.0000000000
11427 -436.0000000000
11433 -435.0000000000
11442 -433.0000000000
11489 -432.0000000000
11500 -431.0000000000
11546 -430.0000000000
11567 -429.0000000000
11569 -428.0000000000
11597 -427.0000000000
11601 -426.0000000000
11613 -425.0000000000
11649 -424.0000000000
11671 -423.0000000000
11675 -422.0000000000
11710 -421.0000000000
11711 -420.0000000000
11733 -419.0000000000
11748 -418.0000000000
11756 -417.0000000000
11770 -416.0000000000
11788 -415.0000000000
11810 -414.0000000000
11814 -413.0000000000
11821 -412.0000000000
11842 -411.0000000000
11848 -410.0000000000
11851 -409.0000000000
11867 -408.0000000000
11897 -407.0000000000
11921 -406.0000000000
11922 -405.0000000000
11953 -404.0000000000
11995 -402.0000000000
12002 -401.0000000000
12014 -400.0000000000
12021 -399.0000000000
12030 -397.0000000000
12049 -396.0000000000
12135 -395.0000000000
12181 -394.0000000000
12193 -393.0000000000
12204 -392.0000000000
12240 -390.0000000000
12244 -389.0000000000
12253 -388.0000000000
12295 -387.0000000000
12298 -386.0000000000
12321 -385.0000000000
12358 -384.0000000000
12409 -383.0000000000
12415 -382.0000000000
12428 -381.0000000000
12429 -380.0000000000
12432 -379.0000000000
12454 -378.0000000000
12455 -377.0000000000
12456 -376.0000000000
12487 -375.0000000000
12572 -374.0000000000
12579 -373.0000000000
12606 -372.0000000000
12623 -371.0000000000
12640 -370.0000000000
12644 -369.0000000000
12649 -368.0000000000
12665 -367.0000000000
12678 -366.0000000000
12682 -365.0000000000
12719 -364.0000000000
12783 -363.0000000000
12817 -362.0000000000
12856 -361.0000000000
12874 -360.0000000000
12875 -359.0000000000
12901 -358.0000000000
12925 -357.0000000000
12976 -356.0000000000
13060 -355.0000000000
13097 -354.0000000000
13106 -353.0000000000
13145 -352.0000000000
13210 -350.0000000000
13249 -349.0000000000
13268 -348.0000000000
13276 -347.0000000000
13307 -346.0000000000
13315 -345.0000000000
13326 -344.0000000000
13344 -342.0000000000
13356 -341.0000000000
13368 -340.0000000000
13369 -339.0000000000
13452 -338.0000000000
13560 -337.0000000000
13602 -336.0000000000
13607 -335.0000000000
13642 -334.0000000000
13657 -333.0000000000
13736 -332.0000000000
13747 -331.0000000000
13825 -330.0000000000
13850 -329.0000000000
13861 -328.0000000000
13925 -327.0000000000
13932 -326.0000000000
13979 -325.0000000000
13982 -324.0000000000
14007 -323.0000000000
14037 -322.0000000000
14119 -321.0000000000
14186 -320.0000000000
14204 -319.0000000000
14255 -318.0000000000
14297 -317.0000000000
14368 -316.0000000000
14387 -315.0000000000
14412 -314.0000000000
14422 -313.0000000000
14464 -312.0000000000
14529 -311.0000000000
14558 -309.0000000000
14570 -308.0000000000
14577 -307.0000000000
14649 -306.0000000000
14658 -305.0000000000
14693 -304.0000000000
14701 -303.0000000000
14765 -302.0000000000
14781 -301.0000000000
14815 -300.0000000000
14861 -299.0000000000
14875 -297.0000000000
14894 -295.0000000000
14952 -294.0000000000
14959 -293.0000000000
14962 -292.0000000000
14966 -291.0000000000
14976 -290.0000000000
15062 -289.0000000000
15065 -288.0000000000
15068 -287.0000000000
15074 -286.0000000000
15075 -285.0000000000
15175 -284.0000000000
15288 -283.0000000000
15307 -282.0000000000
15316 -281.0000000000
15321 -280.0000000000
15452 -279.0000000000
15477 -278.0000000000
15507 -277.0000000000
15511 -276.0000000000
15522 -275.0000000000
15599 -274.0000000000
15601 -273.0000000000
15642 -272.0000000000
15699 -271.0000000000
15714 -270.0000000000
15766 -269.0000000000
15874 -268.0000000000
15989 -267.0000000000
16007 -266.0000000000
16050 -265.0000000000
16111 -264.0000000000
16125 -263.0000000000
16143 -262.0000000000
16183 -261.0000000000
16256 -260.0000000000
16279 -259.0000000000
16293 -258.0000000000
16298 -257.0000000000
16333 -256.0000000000
16441 -255.0000000000
16480 -254.0000000000
16720 -253.0000000000
16740 -252.0000000000
16769 -251.0000000000
16808 -250.0000000000
16819 -249.0000000000
16833 -248.0000000000
16928 -247.0000000000
16945 -246.0000000000
16960 -245.0000000000
17006 -244.0000000000
17049 -243.0000000000
17082 -242.0000000000
17122 -241.0000000000
17138 -240.0000000000
17170 -239.0000000000
17176 -238.0000000000
17233 -237.0000000000
17248 -236.0000000000
17256 -235.0000000000
17339 -234.0000000000
17451 -233.0000000000
17454 -232.0000000000
17488 -230.0000000000
17506 -229.0000000000
17533 -228.0000000000
17568 -227.0000000000
17570 -226.0000000000
17657 -225.0000000000
17749 -224.0000000000
17764 -223.0000000000
17812 -222.0000000000
17857 -221.0000000000
17922 -220.0000000000
18006 -219.0000000000
18092 -218.0000000000
18122 -217.0000000000
18127 -216.0000000000
18138 -215.0000000000
18205 -214.0000000000
18241 -213.0000000000
18379 -212.0000000000
18484 -211.0000000000
18560 -210.0000000000
18657 -209.0000000000
18776 -208.0000000000
18799 -207.0000000000
18894 -206.0000000000
18998 -205.0000000000
19005 -204.0000000000
19027 -203.0000000000
19059 -202.0000000000
19060 -201.0000000000
19122 -200.0000000000
19192 -199.0000000000
19217 -198.0000000000
19220 -197.0000000000
19236 -196.0000000000
19260 -195.0000000000
19274 -194.0000000000
19351 -193.0000000000
19395 -192.0000000000
19430 -191.0000000000
19541 -190.0000000000
19552 -189.0000000000
19560 -188.0000000000
19683 -187.0000000000
19701 -186.0000000000
19778 -184.0000000000
19851 -183.0000000000
19869 -182.0000000000
19883 -180.0000000000
19941 -179.0000000000
19945 -178.0000000000
20034 -177.0000000000
20040 -176.0000000000
20110 -175.0000000000
20163 -174.0000000000
20174 -173.0000000000
20211 -172.0000000000
20275 -171.0000000000
20392 -170.0000000000
20397 -169.0000000000
20404 -167.0000000000
20417 -166.0000000000
20650 -165.0000000000
20664 -164.0000000000
20736 -163.0000000000
20860 -162.0000000000
20906 -161.0000000000
21026 -160.0000000000
21078 -159.0000000000
21096 -158.0000000000
21180 -157.0000000000
21211 -156.0000000000
21263 -155.0000000000
21296 -154.0000000000
21380 -153.0000000000
21391 -152.0000000000
21439 -151.0000000000
21592 -150.0000000000
21606 -149.0000000000
21620 -148.0000000000
21625 -147.0000000000
21710 -146.0000000000
21739 -145.0000000000
21768 -144.0000000000
21812 -143.0000000000
21822 -142.0000000000
21846 -141.0000000000
21847 -140.0000000000
21851 -139.0000000000
21858 -138.0000000000
21889 -137.0000000000
21950 -136.0000000000
21982 -135.0000000000
22109 -134.0000000000
22184 -133.0000000000
22197 -132.0000000000
22218 -131.0000000000
22282 -130.0000000000
22345 -129.0000000000
22434 -128.0000000000
22538 -127.0000000000
22631 -126.0000000000
22680 -125.0000000000
22722 -124.0000000000
22748 -123.0000000000
22931 -122.0000000000
22958 -121.0000000000
23022 -120.0000000000
23066 -119.0000000000
23216 -118.0000000000
23553 -117.0000000000
23560 -116.0000000000
23607 -115.0000000000
23786 -114.0000000000
24004 -113.0000000000
24041 -112.0000000000
24268 -111.0000000000
24506 -110.0000000000
24662 -109.0000000000
24697 -108.0000000000
24799 -107.0000000000
24816 -106.0000000000
24843 -105.0000000000
24902 -104.0000000000
24915 -103.0000000000
25001 -102.0000000000
25125 -101.0000000000
25150 -100.0000000000
25308 -99.0000000000
25440 -98.0000000000
25519 -97.0000000000
25631 -96.0000000000
25632 -95.0000000000
25795 -94.0000000000
25883 -93.0000000000
25939 -92.0000000000
25973 -91.0000000000
26032 -90.0000000000
26111 -89.0000000000
26542 -88.0000000000
26575 -87.0000000000
26693 -86.0000000000
26735 -85.0000000000
26759 -84.0000000000
26808 -83.0000000000
26834 -82.0000000000
27314 -81.0000000000
27487 -80.0000000000
27599 -79.0000000000
27716 -78.0000000000
27941 -77.0000000000
27995 -76.0000000000
28023 -75.0000000000
28033 -74.0000000000
28254 -73.0000000000
28414 -72.0000000000
28484 -71.0000000000
28568 -70.0000000000
28573 -69.0000000000
28688 -68.0000000000
28812 -67.0000000000
28997 -66.0000000000
29000 -65.0000000000
29081 -64.0000000000
29131 -63.0000000000
29422 -62.0000000000
29600 -61.0000000000
29708 -60.0000000000
29748 -59.0000000000
29771 -58.0000000000
29789 -57.0000000000
29821 -56.0000000000
29921 -55.0000000000
30013 -54.0000000000
30028 -53.0000000000
30381 -52.0000000000
30386 -51.0000000000
30792 -50.0000000000
30853 -49.0000000000
30954 -48.0000000000
31183 -47.0000000000
31292 -46.0000000000
31336 -45.0000000000
31366 -44.0000000000
31516 -43.0000000000
31829 -42.0000000000
32239 -41.0000000000
32339 -40.0000000000
32350 -39.0000000000
32575 -38.0000000000
32666 -37.0000000000
32769 -36.0000000000
32820 -35.0000000000
33097 -34.0000000000
33332 -33.0000000000
33600 -32.0000000000
34091 -31.0000000000
34345 -30.0000000000
35156 -29.0000000000
35289 -28.0000000000
35889 -27.0000000000
36068 -26.0000000000
36076 -25.0000000000
36139 -24.0000000000
36366 -22.0000000000
36452 -21.0000000000
36518 -20.0000000000
36609 -19.0000000000
36662 -18.0000000000
37164 -17.0000000000
37391 -16.0000000000
37866 -15.0000000000
38444 -14.0000000000
38661 -13.0000000000
39437 -12.0000000000
39694 -11.0000000000
39775 -10.0000000000
40422 -9.0000000000
41241 -8.0000000000
41678 -7.0000000000
41821 -6.0000000000
41878 -5.0000000000
42621 -4.0000000000
42815 -3.0000000000
44030 -2.0000000000
44646 -1.0000000000
45653 142.3400000000
45656 150.1000000000
45657 151.9300000000
45720 157.8200000000
45747 162.7500000000
46025 163.3900000000
46136 166.6100000000
47372 173.4300000000
53762 174.8600000000
57177 178.1700000000
77294 179.7000000000
100001 127.5100000000
evaluations raw_y
1 -2036.0000000000
9 -2035.0000000000
12 -2034.0000000000
17 -2033.0000000000
30 -2032.0000000000
31 -2031.0000000000
36 -2030.0000000000
38 -2029.0000000000
44 -2028.0000000000
47 -2027.0000000000
53 -2026.0000000000
56 -2024.0000000000
59 -2023.0000000000
61 -2022.0000000000
66 -2021.0000000000
68 -2020.0000000000
70 -2019.0000000000
75 -2018.0000000000
78 -2017.0000000000
81 -2013.0000000000
82 -2011.0000000000
85 -2009.0000000000
86 -2008.0000000000
89 -2004.0000000000
93 -2003.0000000000
99 -2001.0000000000
101 -2000.0000000000
106 -1999.0000000000
107 -1998.0000000000
109 -1996.0000000000
113 -1994.0000000000
117 -1992.0000000000
118 -1991.0000000000
119 -1990.0000000000
131 -1989.0000000000
135 -1988.0000000000
141 -1986.0000000000
147 -1985.0000000000
150 -1984.0000000000
161 -1983.0000000000
162 -1982.0000000000
166 -1980.0000000000
173 -1979.0000000000
174 -1977.0000000000
177 -1976.0000000000
178 -1975.0000000000
181 -1974.0000000000
185 -1972.0000000000
188 -1971.0000000000
194 -1969.0000000000
200 -1968.0000000000
206 -1967.0000000000
207 -1966.0000000000
209 -1965.0000000000
210 -1964.0000000000
211 -1963.0000000000
214 -1962.0000000000
216 -1961.0000000000
217 -1960.0000000000
222 -1959.0000000000
227 -1958.0000000000
229 -1957.0000000000
232 -1955.0000000000
245 -1954.0000000000
246 -1953.0000000000
255 -1952.0000000000
256 -1951.0000000000
258 -1950.0000000000
263 -1949.0000000000
265 -1947.0000000000
271 -1945.0000000000
280 -1943.0000000000
283 -1941.0000000000
284 -1940.0000000000
288 -1939.0000000000
299 -1938.0000000000
300 -1937.0000000000
304 -1936.0000000000
305 -1935.0000000000
307 -1933.0000000000
308 -1931.0000000000
309 -1930.0000000000
310 -1929.0000000000
311 -1928.0000000000
326 -1927.0000000000
327 -1926.0000000000
332 -1925.0000000000
334 -1924.0000000000
337 -1923.0000000000
341 -1922.0000000000
346 -1921.0000000000
358 -1919.0000000000
359 -1917.0000000000
361 -1915.0000000000
372 -1914.0000000000
373 -1911.0000000000
375 -1910.0000000000
379 -1909.0000000000
385 -1908.0000000000
391 -1906.0000000000
400 -1905.0000000000
407 -1903.0000000000
411 -1902.0000000000
413 -1900.0000000000
418 -1899.0000000000
419 -1897.0000000000
422 -1896.0000000000
423 -1895.0000000000
426 -1894.0000000000
427 -1893.0000000000
429 -1892.0000000000
437 -1891.0000000000
440 -1890.0000000000
441 -1889.0000000000
443 -1888.0000000000
446 -1886.0000000000
447 -1885.0000000000
451 -1883.0000000000
453 -1882.0000000000
460 -1879.0000000000
469 -1878.0000000000
478 -1877.0000000000
485 -1876.0000000000
487 -1875.0000000000
490 -1873.0000000000
491 -1872.0000000000
492 -1871.0000000000
493 -1869.0000000000
495 -1868.0000000000
501 -1867.0000000000
504 -1866.0000000000
506 -1865.0000000000
512 -1864.0000000000
515 -1863.0000000000
521 -1862.0000000000
522 -1860.0000000000
524 -1859.0000000000
525 -1857.0000000000
533 -1855.0000000000
535 -1854.0000000000
536 -1852.0000000000
537 -1849.0000000000
545 -1847.0000000000
549 -1846.0000000000
552 -1845.0000000000
557 -1844.0000000000
558 -1843.0000000000
559 -1841.0000000000
565 -1839.0000000000
572 -1837.0000000000
575 -1836.0000000000
577 -1834.0000000000
581 -1833.0000000000
585 -1832.0000000000
587 -1831.0000000000
588 -1830.0000000000
589 -1828.0000000000
594 -1827.0000000000
595 -1826.0000000000
601 -1825.0000000000
602 -1822.0000000000
603 -1821.0000000000
605 -1820.0000000000
612 -1819.0000000000
615 -1816.0000000000
625 -1815.0000000000
626 -1813.0000000000
636 -1812.0000000000
641 -1811.0000000000
642 -1810.0000000000
649 -1809.0000000000
658 -1808.0000000000
662 -1807.0000000000
663 -1806.0000000000
668 -1804.0000000000
670 -1803.0000000000
678 -1802.0000000000
679 -1800.0000000000
682 -1799.0000000000
684 -1798.0000000000
687 -1797.0000000000
688 -1796.0000000000
695 -1794.0000000000
697 -1793.0000000000
701 -1792.0000000000
702 -1788.0000000000
703 -1787.0000000000
707 -1786.0000000000
709 -1785.0000000000
711 -1782.0000000000
713 -1781.0000000000
742 -1780.0000000000
743 -1779.0000000000
747 -1778.0000000000
749 -1777.0000000000
751 -1774.0000000000
753 -1772.0000000000
757 -1771.0000000000
764 -1770.0000000000
765 -1769.0000000000
767 -1768.0000000000
779 -1765.0000000000
790 -1764.0000000000
791 -1763.0000000000
793 -1761.0000000000
794 -1760.0000000000
806 -1757.0000000000
813 -1756.0000000000
814 -1755.0000000000
818 -1754.0000000000
825 -1753.0000000000
831 -1751.0000000000
835 -1750.0000000000
838 -1747.0000000000
843 -1746.0000000000
844 -1745.0000000000
852 -1744.0000000000
855 -1743.0000000000
858 -1742.0000000000
867 -1741.0000000000
871 -1740.0000000000
875 -1739.0000000000
883 -1738.0000000000
887 -1736.0000000000
890 -1735.0000000000
893 -1734.0000000000
896 -1732.0000000000
900 -1731.0000000000
910 -1729.0000000000
919 -1728.0000000000
921 -1727.0000000000
929 -1726.0000000000
931 -1725.0000000000
933 -1724.0000000000
936 -1723.0000000000
938 -1722.0000000000
944 -1721.0000000000
945 -1719.0000000000
946 -1718.0000000000
947 -1717.0000000000
952 -1716.0000000000
962 -1715.0000000000
965 -1714.0000000000
970 -1712.0000000000
977 -1711.0000000000
985 -1710.0000000000
987 -1709.0000000000
997 -1707.0000000000
999 -1706.0000000000
1007 -1705.0000000000
1010 -1703.0000000000
1020 -1702.0000000000
1026 -1700.0000000000
1032 -1699.0000000000
1045 -1698.0000000000
1046 -1695.0000000000
1057 -1694.0000000000
1063 -1693.0000000000
1067 -1692.0000000000
1071 -1690.0000000000
1073 -1689.0000000000
1085 -1687.0000000000
1089 -1686.0000000000
1093 -1685.0000000000
1095 -1684.0000000000
1098 -1683.0000000000
1100 -1682.0000000000
1101 -1681.0000000000
1113 -1680.0000000000
1118 -1679.0000000000
1119 -1678.0000000000
1120 -1677.0000000000
1125 -1675.0000000000
1129 -1674.0000000000
1134 -1673.0000000000
1135 -1672.0000000000
1144 -1671.0000000000
1145 -1670.0000000000
1150 -1669.0000000000
1156 -1668.0000000000
1166 -1666.0000000000
1179 -1664.0000000000
1186 -1662.0000000000
1189 -1661.0000000000
1193 -1660.0000000000
1196 -1659.0000000000
1201 -1658.0000000000
1204 -1657.0000000000
1212 -1656.0000000000
1216 -1655.0000000000
1225 -1654.0000000000
1226 -1653.0000000000
1229 -1652.0000000000
1231 -1651.0000000000
1232 -1650.0000000000
1238 -1649.0000000000
1240 -1648.0000000000
1241 -1647.0000000000
1243 -1645.0000000000
1253 -1644.0000000000
1254 -1641.0000000000
1258 -1640.0000000000
1265 -1639.0000000000
1268 -1638.0000000000
1275 -1637.0000000000
1285 -1634.0000000000
1286 -1633.0000000000
1293 -1632.0000000000
1294 -1631.0000000000
1296 -1630.0000000000
1311 -1629.0000000000
1320 -1628.0000000000
1322 -1625.0000000000
1325 -1624.0000000000
1329 -1622.0000000000
1340 -1621.0000000000
1341 -1620.0000000000
1347 -1618.0000000000
1349 -1617.0000000000
1359 -1616.0000000000
1363 -1615.0000000000
1364 -1614.0000000000
1370 -1613.0000000000
1373 -1612.0000000000
1380 -1610.0000000000
1381 -1609.0000000000
1383 -1608.0000000000
1390 -1607.0000000000
1398 -1606.0000000000
1400 -1605.0000000000
1411 -1604.0000000000
1427 -1603.0000000000
1434 -1601.0000000000
1444 -1600.0000000000
1456 -1599.0000000000
1460 -1598.0000000000
1462 -1597.0000000000
1465 -1596.0000000000
1467 -1594.0000000000
1483 -1593.0000000000
1484 -1592.0000000000
1486 -1590.0000000000
1494 -1589.0000000000
1495 -1588.0000000000
1511 -1587.0000000000
1512 -1586.0000000000
1513 -1585.0000000000
1515 -1584.0000000000
1517 -1583.0000000000
1518 -1582.0000000000
1522 -1580.0000000000
1537 -1579.0000000000
1542 -1578.0000000000
1543 -1577.0000000000
1546 -1576.0000000000
1555 -1575.0000000000
1556 -1574.0000000000
1558 -1573.0000000000
1559 -1572.0000000000
1560 -1571.0000000000
1563 -1568.0000000000
1564 -1567.0000000000
1567 -1566.0000000000
1572 -1565.0000000000
1582 -1564.0000000000
1586 -1563.0000000000
1590 -1561.0000000000
1591 -1560.0000000000
1611 -1558.0000000000
1614 -1557.0000000000
1616 -1555.0000000000
1617 -1554.0000000000
1623 -1553.0000000000
1625 -1551.0000000000
1627 -1550.0000000000
1631 -1549.0000000000
1632 -1548.0000000000
1635 -1547.0000000000
1647 -1545.0000000000
1652 -1544.0000000000
1653 -1543.0000000000
1666 -1542.0000000000
1674 -1541.0000000000
1679 -1540.0000000000
1680 -1539.0000000000
1684 -1538.0000000000
1693 -1537.0000000000
1694 -1536.0000000000
1696 -1535.0000000000
1709 -1534.0000000000
1711 -1533.0000000000
1725 -1532.0000000000
1726 -1531.0000000000
1727 -1529.0000000000
1735 -1528.0000000000
1744 -1527.0000000000
1745 -1526.0000000000
1750 -1525.0000000000
1753 -1524.0000000000
1754 -1523.0000000000
1755 -1522.0000000000
1757 -1521.0000000000
1759 -1519.0000000000
1766 -1518.0000000000
1773 -1517.0000000000
1777 -1516.0000000000
1778 -1514.0000000000
1786 -1512.0000000000
1794 -1511.0000000000
1801 -1510.0000000000
1802 -1509.0000000000
1804 -1508.0000000000
1806 -1507.0000000000
1808 -1506.0000000000
1818 -1505.0000000000
1824 -1503.0000000000
1825 -1502.0000000000
1826 -1501.0000000000
1828 -1499.0000000000
1847 -1498.0000000000
1849 -1497.0000000000
1851 -1496.0000000000
1857 -1495.0000000000
1859 -1494.0000000000
1861 -1493.0000000000
1862 -1491.0000000000
1869 -1490.0000000000
1872 -1489.0000000000
1874 -1488.0000000000
1878 -1487.0000000000
1883 -1486.0000000000
1886 -1485.0000000000
1897 -1483.0000000000
1907 -1482.0000000000
1918 -1481.0000000000
1922 -1480.0000000000
1926 -1479.0000000000
1929 -1477.0000000000
1930 -1476.0000000000
1937 -1475.0000000000
1946 -1474.0000000000
1950 -1473.0000000000
1956 -1472.0000000000
1957 -1470.0000000000
1958 -1469.0000000000
1965 -1468.0000000000
1966 -1467.0000000000
1968 -1466.0000000000
1983 -1463.0000000000
1990 -1462.0000000000
1993 -1461.0000000000
2000 -1460.0000000000
2001 -1459.0000000000
2009 -1458.0000000000
2017 -1457.0000000000
2020 -1456.0000000000
2033 -1454.0000000000
2037 -1452.0000000000
2040 -1451.0000000000
2046 -1450.0000000000
2054 -1448.0000000000
2055 -1446.0000000000
2058 -1445.0000000000
2064 -1444.0000000000
2065 -1443.0000000000
2072 -1442.0000000000
2075 -1441.0000000000
2080 -1440.0000000000
2090 -1439.0000000000
2091 -1438.0000000000
2095 -1437.0000000000
2103 -1436.0000000000
2116 -1435.0000000000
2118 -1432.0000000000
2122 -1431.0000000000
2134 -1430.0000000000
2137 -1429.0000000000
2147 -1428.0000000000
2148 -1427.0000000000
2149 -1426.0000000000
2152 -1425.0000000000
2153 -1424.0000000000
2158 -1422.0000000000
2161 -1421.0000000000
2167 -1420.0000000000
2178 -1419.0000000000
2179 -1418.0000000000
2180 -1417.0000000000
2181 -1416.0000000000
2182 -1415.0000000000
2189 -1414.0000000000
2193 -1413.0000000000
2194 -1412.0000000000
2196 -1411.0000000000
2200 -1410.0000000000
2203 -1409.0000000000
2216 -1408.0000000000
2225 -1407.0000000000
2234 -1405.0000000000
2238 -1403.0000000000
2241 -1402.0000000000
2253 -1401.0000000000
2255 -1400.0000000000
2274 -1399.0000000000
2284 -1398.0000000000
2296 -1397.0000000000
2299 -1396.0000000000
2306 -1395.0000000000
2309 -1394.0000000000
2310 -1393.0000000000
2311 -1392.0000000000
2312 -1391.0000000000
2314 -1390.0000000000
2318 -1389.0000000000
2321 -1388.0000000000
2326 -1387.0000000000
2333 -1386.0000000000
2344 -1384.0000000000
2347 -1382.0000000000
2353 -1381.0000000000
2359 -1380.0000000000
2360 -1379.0000000000
2366 -1378.0000000000
2378 -1377.0000000000
2399 -1376.0000000000
2402 -1375.0000000000
2404 -1374.0000000000
2411 -1373.0000000000
2418 -1372.0000000000
2433 -1371.0000000000
2435 -1370.0000000000
2437 -1369.0000000000
2438 -1368.0000000000
2443 -1365.0000000000
2451 -1364.0000000000
2470 -1363.0000000000
2472 -1362.0000000000
2476 -1361.0000000000
2477 -1360.0000000000
2478 -1359.0000000000
2481 -1358.0000000000
2489 -1357.0000000000
2496 -1356.0000000000
2518 -1355.0000000000
2527 -1354.0000000000
2536 -1353.0000000000
2539 -1352.0000000000
2540 -1350.0000000000
2541 -1349.0000000000
2545 -1348.0000000000
2551 -1346.0000000000
2553 -1345.0000000000
2574 -1344.0000000000
2582 -1343.0000000000
2592 -1342.0000000000
2596 -1341.0000000000
2606 -1340.0000000000
2620 -1339.0000000000
2625 -1337.0000000000
2626 -1336.0000000000
2638 -1335.0000000000
2645 -1334.0000000000
2654 -1333.0000000000
2669 -1332.0000000000
2678 -1331.0000000000
2690 -1330.0000000000
2693 -1329.0000000000
2697 -1328.0000000000
2705 -1327.0000000000
2721 -1326.0000000000
2728 -1325.0000000000
2736 -1324.0000000000
2743 -1323.0000000000
2746 -1322.0000000000
2756 -1321.0000000000
2762 -1320.0000000000
2763 -1319.0000000000
2770 -1318.0000000000
2772 -1316.0000000000
2773 -1315.0000000000
2775 -1314.0000000000
2793 -1313.0000000000
2803 -1312.0000000000
2813 -1311.0000000000
2831 -1310.0000000000
2834 -1308.0000000000
2860 -1307.0000000000
2863 -1306.0000000000
2876 -1304.0000000000
2880 -1303.0000000000
2881 -1302.0000000000
2883 -1299.0000000000
2888 -1298.0000000000
2902 -1297.0000000000
2912 -1296.0000000000
2919 -1295.0000000000
2928 -1294.0000000000
2934 -1292.0000000000
2954 -1291.0000000000
2966 -1290.0000000000
2973 -1289.0000000000
2980 -1288.0000000000
2983 -1287.0000000000
2986 -1286.0000000000
2989 -1284.0000000000
3005 -1283.0000000000
3012 -1281.0000000000
3023 -1278.0000000000
3024 -1277.0000000000
3027 -1275.0000000000
3033 -1274.0000000000
3042 -1273.0000000000
3045 -1272.0000000000
3052 -1271.0000000000
3062 -1270.0000000000
3064 -1269.0000000000
3082 -1267.0000000000
3089 -1266.0000000000
3091 -1265.0000000000
3093 -1264.0000000000
3100 -1263.0000000000
3102 -1261.0000000000
3104 -1259.0000000000
3116 -1258.0000000000
3135 -1256.0000000000
3141 -1255.0000000000
3143 -1253.0000000000
3144 -1252.0000000000
3149 -1251.0000000000
3151 -1250.0000000000
3156 -1249.0000000000
3158 -1247.0000000000
3175 -1246.0000000000
3183 -1245.0000000000
3184 -1244.0000000000
3189 -1243.0000000000
3202 -1242.0000000000
3206 -1241.0000000000
3209 -1240.0000000000
3212 -1239.0000000000
3217 -1238.0000000000
3225 -1237.0000000000
3227 -1236.0000000000
3228 -1235.0000000000
3230 -1234.0000000000
3248 -1233.0000000000
3253 -1231.0000000000
3265 -1230.0000000000
3271 -1227.0000000000
3273 -1225.0000000000
3275 -1224.0000000000
3281 -1223.0000000000
3297 -1222.0000000000
3305 -1221.0000000000
3314 -1219.0000000000
3318 -1218.0000000000
3329 -1215.0000000000
3331 -1214.0000000000
3353 -1213.0000000000
3357 -1212.0000000000
3362 -1211.0000000000
3369 -1210.0000000000
3377 -1209.0000000000
3382 -1208.0000000000
3385 -1207.0000000000
3387 -1206.0000000000
3391 -1205.0000000000
3392 -1204.0000000000
3401 -1203.0000000000
3406 -1202.0000000000
3411 -1201.0000000000
3418 -1200.0000000000
3424 -1199.0000000000
3428 -1198.0000000000
3433 -1197.0000000000
3441 -1196.0000000000
3455 -1195.0000000000
3457 -1194.0000000000
3464 -1192.0000000000
3466 -1191.0000000000
3469 -1190.0000000000
3498 -1189.0000000000
3500 -1187.0000000000
3502 -1186.0000000000
3503 -1185.0000000000
3518 -1184.0000000000
3525 -1183.0000000000
3526 -1182.0000000000
3531 -1181.0000000000
3535 -1179.0000000000
3540 -1178.0000000000
3545 -1177.0000000000
3547 -1176.0000000000
3573 -1175.0000000000
3579 -1174.0000000000
3636 -1173.0000000000
3651 -1172.0000000000
3660 -1171.0000000000
3664 -1170.0000000000
3677 -1169.0000000000
3686 -1168.0000000000
3687 -1167.0000000000
3689 -1166.0000000000
3690 -1165.0000000000
3695 -1164.0000000000
3701 -1163.0000000000
3711 -1162.0000000000
3713 -1161.0000000000
3719 -1160.0000000000
3721 -1159.0000000000
3725 -1158.0000000000
3729 -1157.0000000000
3730 -1156.0000000000
3739 -1155.0000000000
3741 -1153.0000000000
3745 -1152.0000000000
3749 -1151.0000000000
3750 -1150.0000000000
3755 -1149.0000000000
3773 -1147.0000000000
3779 -1146.0000000000
3797 -1145.0000000000
3802 -1144.0000000000
3807 -1143.0000000000
3817 -1142.0000000000
3821 -1141.0000000000
3844 -1140.0000000000
3849 -1139.0000000000
3866 -1138.0000000000
3874 -1136.0000000000
3881 -1135.0000000000
3891 -1133.0000000000
3895 -1131.0000000000
3901 -1130.0000000000
3914 -1129.0000000000
3917 -1128.0000000000
3923 -1127.0000000000
3928 -1126.0000000000
3938 -1125.0000000000
3944 -1124.0000000000
3968 -1123.0000000000
3971 -1122.0000000000
3978 -1121.0000000000
3984 -1120.0000000000
3987 -1119.0000000000
3996 -1118.0000000000
4009 -1117.0000000000
4023 -1116.0000000000
4029 -1115.0000000000
4036 -1114.0000000000
4039 -1113.0000000000
4040 -1112.0000000000
4044 -1111.0000000000
4053 -1110.0000000000
4060 -1109.0000000000
4065 -1108.0000000000
4068 -1107.0000000000
4071 -1106.0000000000
4078 -1105.0000000000
4094 -1104.0000000000
4097 -1103.0000000000
4106 -1102.0000000000
4110 -1101.0000000000
4121 -1100.0000000000
4122 -1099.0000000000
4130 -1098.0000000000
4133 -1097.0000000000
4147 -1096.0000000000
4152 -1095.0000000000
4153 -1094.0000000000
4157 -1092.0000000000
4167 -1091.0000000000
4176 -1090.0000000000
4190 -1089.0000000000
4199 -1088.0000000000
4210 -1087.0000000000
4241 -1086.0000000000
4257 -1085.0000000000
4268 -1084.0000000000
4271 -1083.0000000000
4279 -1082.0000000000
4301 -1081.0000000000
4320 -1079.0000000000
4323 -1078.0000000000
4342 -1077.0000000000
4352 -1076.0000000000
4356 -1074.0000000000
4357 -1073.0000000000
4361 -1071.0000000000
4374 -1070.0000000000
4384 -1069.0000000000
4400 -1068.0000000000
4403 -1067.0000000000
4415 -1066.0000000000
4420 -1065.0000000000
4466 -1064.0000000000
4467 -1063.0000000000
4470 -1062.0000000000
4472 -1061.0000000000
4473 -1060.0000000000
4483 -1059.0000000000
4491 -1058.0000000000
4492 -1057.0000000000
4498 -1056.0000000000
4509 -1055.0000000000
4510 -1054.0000000000
4511 -1053.0000000000
4516 -1052.0000000000
4537 -1051.0000000000
4542 -1050.0000000000
4551 -1049.0000000000
4552 -1048.0000000000
4557 -1047.0000000000
4563 -1046.0000000000
4567 -1045.0000000000
4575 -1044.0000000000
4582 -1043.0000000000
4589 -1042.0000000000
4590 -1041.0000000000
4600 -1040.0000000000
4610 -1039.0000000000
4625 -1038.0000000000
4632 -1037.0000000000
4641 -1036.0000000000
4648 -1035.0000000000
4649 -1034.0000000000
4651 -1033.0000000000
4652 -1032.0000000000
4670 -1031.0000000000
4688 -1030.0000000000
4690 -1029.0000000000
4692 -1028.0000000000
4693 -1027.0000000000
4708 -1026.0000000000
4719 -1023.0000000000
4742 -1022.0000000000
4744 -1021.0000000000
4765 -1020.0000000000
4768 -1019.0000000000
4773 -1018.0000000000
4777 -1017.0000000000
4780 -1016.0000000000
4790 -1014.0000000000
4791 -1012.0000000000
4807 -1011.0000000000
4819 -1010.0000000000
4821 -1009.0000000000
4823 -1008.0000000000
4829 -1007.0000000000
4837 -1006.0000000000
4845 -1005.0000000000
4860 -1004.0000000000
4880 -1003.0000000000
4884 -1002.0000000000
4896 -1001.0000000000
4898 -1000.0000000000
4901 -999.0000000000
4906 -998.0000000000
4913 -997.0000000000
4922 -995.0000000000
4924 -994.0000000000
4927 -993.0000000000
4933 -992.0000000000
4940 -991.0000000000
4957 -990.0000000000
4964 -989.0000000000
4978 -988.0000000000
4979 -987.0000000000
4983 -986.0000000000
5018 -985.0000000000
5020 -984.0000000000
5035 -983.0000000000
5044 -982.0000000000
5050 -980.0000000000
5059 -977.0000000000
5069 -976.0000000000
5084 -975.0000000000
5094 -973.0000000000
5105 -972.0000000000
5113 -971.0000000000
5124 -969.0000000000
5140 -968.0000000000
5157 -966.0000000000
5175 -965.0000000000
5183 -964.0000000000
5185 -963.0000000000
5197 -962.0000000000
5200 -961.0000000000
5210 -960.0000000000
5213 -959.0000000000
5225 -958.0000000000
5226 -957.0000000000
5230 -956.0000000000
5238 -955.0000000000
5247 -954.0000000000
5251 -953.0000000000
5257 -952.0000000000
5264 -951.0000000000
5265 -950.0000000000
5297 -949.0000000000
5299 -948.0000000000
5303 -947.0000000000
5321 -946.0000000000
5329 -945.0000000000
5330 -943.0000000000
5336 -942.0000000000
5339 -941.0000000000
5344 -940.0000000000
5349 -939.0000000000
5354 -938.0000000000
5355 -937.0000000000
5376 -936.0000000000
5381 -935.0000000000
5395 -934.0000000000
5404 -933.0000000000
5408 -932.0000000000
5412 -931.0000000000
5422 -930.0000000000
5439 -929.0000000000
5455 -927.0000000000
5458 -926.0000000000
5480 -925.0000000000
5484 -924.0000000000
5498 -923.0000000000
5513 -922.0000000000
5524 -921.0000000000
5528 -920.0000000000
5530 -919.0000000000
5565 -918.0000000000
5567 -917.0000000000
5570 -916.0000000000
5592 -915.0000000000
5593 -914.0000000000
5622 -913.0000000000
5635 -912.0000000000
5648 -911.0000000000
5660 -910.0000000000
5674 -909.0000000000
5677 -908.0000000000
5683 -907.0000000000
5686 -906.0000000000
5720 -904.0000000000
5727 -903.0000000000
5742 -902.0000000000
5751 -901.0000000000
5757 -900.0000000000
5761 -899.0000000000
5772 -898.0000000000
5777 -897.0000000000
5791 -896.0000000000
5803 -895.0000000000
5826 -894.0000000000
5844 -893.0000000000
5849 -892.0000000000
5853 -891.0000000000
5858 -890.0000000000
5860 -889.0000000000
5868 -888.0000000000
5875 -887.0000000000
5890 -886.0000000000
5909 -884.0000000000
5912 -883.0000000000
5918 -881.0000000000
5924 -880.0000000000
5929 -879.0000000000
5949 -878.0000000000
5955 -877.0000000000
5966 -876.0000000000
5967 -875.0000000000
5975 -874.0000000000
5977 -873.0000000000
5979 -872.0000000000
5982 -871.0000000000
5985 -870.0000000000
5991 -869.0000000000
5997 -868.0000000000
5998 -867.0000000000
6017 -866.0000000000
6028 -865.0000000000
6036 -862.0000000000
6038 -861.0000000000
6039 -860.0000000000
6072 -859.0000000000
6077 -858.0000000000
6081 -857.0000000000
6093 -856.0000000000
6094 -855.0000000000
6098 -854.0000000000
6104 -853.0000000000
6105 -852.0000000000
6108 -851.0000000000
6110 -850.0000000000
6130 -849.0000000000
6132 -848.0000000000
6143 -847.0000000000
6145 -846.0000000000
6154 -845.0000000000
6164 -844.0000000000
6168 -843.0000000000
6213 -841.0000000000
6221 -840.0000000000
6234 -839.0000000000
6243 -838.0000000000
6248 -837.0000000000
6266 -836.0000000000
6272 -835.0000000000
6277 -834.0000000000
6281 -832.0000000000
6284 -830.0000000000
6299 -829.0000000000
6304 -828.0000000000
6309 -827.0000000000
6349 -826.0000000000
6356 -825.0000000000
6358 -824.0000000000
6359 -823.0000000000
6377 -822.0000000000
6404 -821.0000000000
6420 -820.0000000000
6473 -819.0000000000
6474 -818.0000000000
6492 -817.0000000000
6495 -815.0000000000
6528 -814.0000000000
6558 -813.0000000000
6576 -812.0000000000
6587 -811.0000000000
6594 -810.0000000000
6596 -809.0000000000
6602 -808.0000000000
6604 -807.0000000000
6608 -806.0000000000
6624 -805.0000000000
6625 -804.0000000000
6643 -803.0000000000
6646 -802.0000000000
6649 -801.0000000000
6657 -800.0000000000
6658 -799.0000000000
6673 -798.0000000000
6699 -797.0000000000
6719 -796.0000000000
6728 -794.0000000000
6729 -793.0000000000
6745 -792.0000000000
6789 -791.0000000000
6798 -790.0000000000
6802 -789.0000000000
6805 -787.0000000000
6807 -786.0000000000
6808 -785.0000000000
6809 -784.0000000000
6819 -783.0000000000
6831 -781.0000000000
6834 -780.0000000000
6836 -779.0000000000
6858 -778.0000000000
6859 -777.0000000000
6869 -776.0000000000
6883 -775.0000000000
6886 -774.0000000000
6899 -773.0000000000
6909 -772.0000000000
6937 -771.0000000000
6939 -768.0000000000
6955 -767.0000000000
6966 -765.0000000000
6970 -764.0000000000
6972 -763.0000000000
6978 -761.0000000000
6983 -760.0000000000
6991 -759.0000000000
6994 -758.0000000000
7003 -756.0000000000
7004 -755.0000000000
7011 -753.0000000000
7014 -752.0000000000
7021 -751.0000000000
7042 -750.0000000000
7068 -749.0000000000
7074 -748.0000000000
7083 -747.0000000000
7095 -746.0000000000
7109 -745.0000000000
7117 -744.0000000000
7132 -743.0000000000
7137 -742.0000000000
7152 -741.0000000000
7156 -740.0000000000
7183 -739.0000000000
7185 -737.0000000000
7216 -736.0000000000
7236 -735.0000000000
7241 -734.0000000000
7243 -733.0000000000
7247 -732.0000000000
7253 -731.0000000000
7277 -730.0000000000
7301 -729.0000000000
7308 -728.0000000000
7314 -727.0000000000
7320 -726.0000000000
7340 -725.0000000000
7347 -724.0000000000
7360 -723.0000000000
7368 -722.0000000000
7393 -721.0000000000
7397 -720.0000000000
7402 -719.0000000000
7417 -718.0000000000
7426 -717.0000000000
7433 -716.0000000000
7434 -715.0000000000
7443 -714.0000000000
7451 -713.0000000000
7454 -712.0000000000
7455 -711.0000000000
7456 -710.0000000000
7466 -709.0000000000
7481 -708.0000000000
7489 -707.0000000000
7497 -706.0000000000
7538 -705.0000000000
7540 -704.0000000000
7556 -703.0000000000
7560 -702.0000000000
7584 -701.0000000000
7586 -700.0000000000
7612 -699.0000000000
7615 -698.0000000000
7617 -697.0000000000
7620 -696.0000000000
7641 -695.0000000000
7650 -694.0000000000
7667 -693.0000000000
7680 -692.0000000000
7681 -691.0000000000
7687 -690.0000000000
7693 -689.0000000000
7729 -688.0000000000
7735 -687.0000000000
7736 -686.0000000000
7741 -685.0000000000
7760 -684.0000000000
7761 -683.0000000000
7763 -682.0000000000
7765 -681.0000000000
7770 -680.0000000000
7773 -679.0000000000
7787 -678.0000000000
7806 -677.0000000000
7809 -675.0000000000
7812 -674.0000000000
7818 -673.0000000000
7820 -672.0000000000
7822 -671.0000000000
7840 -670.0000000000
7845 -669.0000000000
7859 -668.0000000000
7879 -667.0000000000
7882 -666.0000000000
7889 -665.0000000000
7903 -664.0000000000
7914 -663.0000000000
7961 -662.0000000000
7962 -661.0000000000
7977 -660.0000000000
7984 -659.0000000000
7985 -658.0000000000
8009 -657.0000000000
8029 -656.0000000000
8044 -655.0000000000
8074 -654.0000000000
8087 -653.0000000000
8105 -652.0000000000
8106 -650.0000000000
8108 -649.0000000000
8110 -648.0000000000
8128 -647.0000000000
8134 -646.0000000000
8137 -645.0000000000
8157 -644.0000000000
8172 -643.0000000000
8175 -642.0000000000
8208 -641.0000000000
8212 -640.0000000000
8238 -639.0000000000
8249 -638.0000000000
8260 -637.0000000000
8261 -635.0000000000
8263 -634.0000000000
8276 -633.0000000000
8287 -632.0000000000
8319 -631.0000000000
8342 -630.0000000000
8344 -629.0000000000
8350 -628.0000000000
8361 -626.0000000000
8365 -625.0000000000
8371 -624.0000000000
8391 -623.0000000000
8398 -622.0000000000
8416 -621.0000000000
8447 -620.0000000000
8472 -619.0000000000
8491 -618.0000000000
8511 -617.0000000000
8528 -616.0000000000
8538 -615.0000000000
8546 -614.0000000000
8552 -613.0000000000
8553 -612.0000000000
8569 -611.0000000000
8571 -610.0000000000
8573 -609.0000000000
8604 -608.0000000000
8606 -607.0000000000
8612 -606.0000000000
8613 -605.0000000000
8626 -604.0000000000
8629 -603.0000000000
8630 -602.0000000000
8631 -601.0000000000
8645 -600.0000000000
8677 -599.0000000000
8692 -598.0000000000
8700 -597.0000000000
8702 -596.0000000000
8705 -595.0000000000
8710 -594.0000000000
8718 -593.0000000000
8759 -592.0000000000
8774 -591.0000000000
8804 -590.0000000000
8805 -589.0000000000
8806 -588.0000000000
8813 -587.0000000000
8815 -585.0000000000
8855 -584.0000000000
8883 -583.0000000000
8884 -582.0000000000
8936 -581.0000000000
8978 -580.0000000000
8996 -579.0000000000
9009 -577.0000000000
9025 -576.0000000000
9041 -575.0000000000
9044 -574.0000000000
9045 -573.0000000000
9054 -572.0000000000
9069 -570.0000000000
9074 -569.0000000000
9089 -568.0000000000
9091 -567.0000000000
9108 -566.0000000000
9124 -565.0000000000
9162 -564.0000000000
9176 -563.0000000000
9199 -562.0000000000
9217 -560.0000000000
9230 -559.0000000000
9267 -558.0000000000
9281 -557.0000000000
9289 -556.0000000000
9322 -555.0000000000
9339 -554.0000000000
9341 -553.0000000000
9363 -552.0000000000
9364 -551.0000000000
9385 -550.0000000000
9408 -549.0000000000
9429 -548.0000000000
9440 -547.0000000000
9471 -546.0000000000
9492 -545.0000000000
9513 -544.0000000000
9522 -543.0000000000
9532 -542.0000000000
9548 -541.0000000000
9562 -540.0000000000
9614 -539.0000000000
9618 -538.0000000000
9646 -537.0000000000
9679 -536.0000000000
9688 -535.0000000000
9714 -534.0000000000
9726 -533.0000000000
9735 -532.0000000000
9742 -531.0000000000
9749 -530.0000000000
9793 -529.0000000000
9863 -528.0000000000
9880 -527.0000000000
9885 -526.0000000000
9887 -525.0000000000
9890 -524.0000000000
9906 -523.0000000000
9916 -522.0000000000
9920 -521.0000000000
9924 -520.0000000000
9934 -519.0000000000
9953 -518.0000000000
9974 -517.0000000000
9985 -516.0000000000
10020 -515.0000000000
10022 -514.0000000000
10024 -513.0000000000
10027 -512.0000000000
10097 -511.0000000000
10118 -510.0000000000
10161 -508.0000000000
10168 -507.0000000000
10176 -506.0000000000
10194 -505.0000000000
10241 -504.0000000000
10260 -503.0000000000
10268 -501.0000000000
10274 -500.0000000000
10279 -499.0000000000
10288 -498.0000000000
10296 -497.0000000000
10403 -496.0000000000
10405 -495.0000000000
10427 -494.0000000000
10445 -493.0000000000
10448 -492.0000000000
10476 -491.0000000000
10519 -490.0000000000
10526 -489.0000000000
10538 -488.0000000000
10598 -487.0000000000
10604 -486.0000000000
10627 -485.0000000000
10667 -484.0000000000
10669 -483.0000000000
10683 -482.0000000000
10697 -481.0000000000
10699 -480.0000000000
10727 -479.0000000000
10731 -478.0000000000
10742 -477.0000000000
10746 -476.0000000000
10757 -475.0000000000
10782 -474.0000000000
10835 -473.0000000000
10925 -472.0000000000
10929 -471.0000000000
10974 -470.0000000000
11005 -469.0000000000
11035 -468.0000000000
11121 -467.0000000000
11141 -466.0000000000
11205 -465.0000000000
11218 -463.0000000000
11220 -462.0000000000
11245 -461.0000000000
11272 -460.0000000000
11282 -459.0000000000
11293 -458.0000000000
11301 -457.0000000000
11310 -456.0000000000
11328 -454.0000000000
11347 -452.0000000000
11360 -451.0000000000
11373 -450.0000000000
11389 -449.0000000000
11394 -448.0000000000
11425 -447.0000000000
11436 -446.0000000000
11458 -445.0000000000
11484 -444.0000000000
11493 -443.0000000000
11504 -442.0000000000
11562 -441.0000000000
11586 -440.0000000000
11643 -439.0000000000
11656 -438.0000000000
11686 -437.0000000000
11716 -436.0000000000
11742 -435.0000000000
11744 -434.0000000000
11745 -433.0000000000
11763 -432.0000000000
11790 -430.0000000000
11806 -429.0000000000
11842 -428.0000000000
11873 -427.0000000000
11908 -426.0000000000
11923 -425.0000000000
12081 -424.0000000000
12085 -423.0000000000
12097 -422.0000000000
12101 -420.0000000000
12115 -418.0000000000
12129 -417.0000000000
12154 -416.0000000000
12175 -415.0000000000
12186 -414.0000000000
12199 -413.0000000000
12330 -412.0000000000
12341 -411.0000000000
12380 -410.0000000000
12418 -409.0000000000
12470 -408.0000000000
12478 -405.0000000000
12483 -404.0000000000
12494 -403.0000000000
12502 -402.0000000000
12526 -401.0000000000
12546 -400.0000000000
12554 -399.0000000000
12623 -398.0000000000
12642 -397.0000000000
12653 -396.0000000000
12707 -395.0000000000
12708 -394.0000000000
12733 -393.0000000000
12786 -392.0000000000
12804 -391.0000000000
12809 -390.0000000000
12812 -389.0000000000
12818 -388.0000000000
12819 -387.0000000000
12835 -386.0000000000
12837 -385.0000000000
12850 -384.0000000000
12851 -383.0000000000
12873 -382.0000000000
12921 -381.0000000000
12930 -380.0000000000
12950 -379.0000000000
12991 -378.0000000000
13003 -377.0000000000
13008 -376.0000000000
13047 -375.0000000000
13050 -374.0000000000
13093 -373.0000000000
13120 -372.0000000000
13126 -370.0000000000
13176 -369.0000000000
13187 -368.0000000000
13202 -367.0000000000
13210 -366.0000000000
13243 -365.0000000000
13250 -364.0000000000
13262 -363.0000000000
13315 -362.0000000000
13329 -361.0000000000
13343 -360.0000000000
13352 -359.0000000000
13403 -358.0000000000
13404 -357.0000000000
13422 -356.0000000000
13451 -355.0000000000
13479 -354.0000000000
13506 -353.0000000000
13549 -352.0000000000
13552 -351.0000000000
13578 -350.0000000000
13619 -349.0000000000
13659 -348.0000000000
13661 -347.0000000000
13686 -346.0000000000
13689 -345.0000000000
13717 -344.0000000000
13743 -343.0000000000
13751 -342.0000000000
13796 -340.0000000000
13835 -339.0000000000
13843 -338.0000000000
13848 -337.0000000000
13902 -336.0000000000
13965 -335.0000000000
13986 -334.0000000000
14002 -333.0000000000
14030 -332.0000000000
14040 -331.0000000000
14065 -330.0000000000
14077 -329.0000000000
14145 -328.0000000000
14146 -327.0000000000
14216 -326.0000000000
14222 -325.0000000000
14254 -323.0000000000
14268 -322.0000000000
14366 -321.0000000000
14376 -320.0000000000
14425 -319.0000000000
14458 -318.0000000000
14461 -317.0000000000
14483 -316.0000000000
14516 -315.0000000000
14534 -314.0000000000
14539 -313.0000000000
14550 -312.0000000000
14661 -311.0000000000
14713 -310.0000000000
14734 -309.0000000000
14843 -308.0000000000
14868 -307.0000000000
14870 -306.0000000000
14935 -305.0000000000
14944 -304.0000000000
15038 -303.0000000000
15057 -302.0000000000
15061 -301.0000000000
15074 -300.0000000000
15077 -299.0000000000
15104 -298.0000000000
15107 -297.0000000000
15182 -296.0000000000
15193 -294.0000000000
15205 -293.0000000000
15321 -292.0000000000
15341 -291.0000000000
15354 -290.0000000000
15417 -289.0000000000
15427 -288.0000000000
15477 -287.0000000000
15523 -286.0000000000
15532 -285.0000000000
15590 -284.0000000000
15593 -283.0000000000
15606 -282.0000000000
15638 -281.0000000000
15843 -280.0000000000
15851 -279.0000000000
15863 -278.0000000000
15890 -277.0000000000
15977 -276.0000000000
15980 -275.0000000000
15994 -274.0000000000
16016 -273.0000000000
16044 -272.0000000000
16068 -270.0000000000
16069 -269.0000000000
16090 -268.0000000000
16093 -267.0000000000
16126 -266.0000000000
16155 -265.0000000000
16251 -264.0000000000
16255 -263.0000000000
16312 -262.0000000000
16319 -261.0000000000
16375 -260.0000000000
16426 -259.0000000000
16468 -258.0000000000
16545 -257.0000000000
16594 -256.0000000000
16615 -255.0000000000
16635 -254.0000000000
16692 -253.0000000000
16693 -252.0000000000
16714 -251.0000000000
16732 -250.0000000000
16757 -249.0000000000
16803 -248.0000000000
16873 -247.0000000000
16904 -246.0000000000
16947 -245.0000000000
17032 -244.0000000000
17038 -243.0000000000
17105 -241.0000000000
17153 -240.0000000000
17157 -239.0000000000
17226 -238.0000000000
17247 -237.0000000000
17248 -236.0000000000
17315 -235.0000000000
17326 -234.0000000000
17344 -233.0000000000
17378 -232.0000000000
17379 -231.0000000000
17392 -230.0000000000
17447 -229.0000000000
17474 -228.0000000000
17498 -227.0000000000
17587 -226.0000000000
17599 -225.0000000000
17657 -224.0000000000
17698 -223.0000000000
17784 -222.0000000000
17930 -221.0000000000
17933 -220.0000000000
17961 -219.0000000000
17985 -218.0000000000
18001 -217.0000000000
18016 -216.0000000000
18154 -215.0000000000
18179 -214.0000000000
18290 -213.0000000000
18306 -212.0000000000
18345 -211.0000000000
18372 -210.0000000000
18404 -209.0000000000
18454 -208.0000000000
18564 -207.0000000000
18693 -206.0000000000
18706 -205.0000000000
18728 -204.0000000000
18806 -203.0000000000
18820 -202.0000000000
18894 -201.0000000000
19023 -200.0000000000
19046 -199.0000000000
19061 -198.0000000000
19120 -197.0000000000
19152 -196.0000000000
19316 -195.0000000000
19317 -194.0000000000
19335 -193.0000000000
19365 -192.0000000000
19425 -191.0000000000
19429 -190.0000000000
19500 -189.0000000000
19527 -188.0000000000
19551 -187.0000000000
19623 -186.0000000000
19652 -185.0000000000
19857 -184.0000000000
19975 -183.0000000000
19996 -182.0000000000
20143 -181.0000000000
20210 -180.0000000000
20450 -179.0000000000
20575 -178.0000000000
20595 -177.0000000000
20778 -176.0000000000
20796 -175.0000000000
20848 -174.0000000000
20853 -173.0000000000
20956 -172.0000000000
21050 -171.0000000000
21054 -170.0000000000
21070 -169.0000000000
21098 -168.0000000000
21125 -167.0000000000
21226 -166.0000000000
21341 -165.0000000000
21394 -164.0000000000
21445 -163.0000000000
21477 -162.0000000000
21530 -161.0000000000
21553 -160.0000000000
21571 -159.0000000000
21577 -158.0000000000
21611 -157.0000000000
21793 -156.0000000000
21807 -155.0000000000
21842 -154.0000000000
21856 -153.0000000000
21888 -152.0000000000
22081 -151.0000000000
22084 -150.0000000000
22093 -149.0000000000
22105 -148.0000000000
22128 -147.0000000000
22284 -146.0000000000
22288 -145.0000000000
22296 -144.0000000000
22371 -143.0000000000
22406 -142.0000000000
22412 -141.0000000000
22467 -140.0000000000
22494 -139.0000000000
22510 -138.0000000000
22658 -137.0000000000
22708 -136.0000000000
22737 -135.0000000000
22869 -134.0000000000
22938 -133.0000000000
22983 -132.0000000000
23085 -131.0000000000
23154 -129.0000000000
23189 -128.0000000000
23194 -127.0000000000
23200 -126.0000000000
23238 -125.0000000000
23402 -124.0000000000
23544 -123.0000000000
23595 -122.0000000000
23747 -121.0000000000
24023 -120.0000000000
24061 -119.0000000000
24152 -118.0000000000
24296 -117.0000000000
24371 -116.0000000000
24488 -115.0000000000
24489 -114.0000000000
24586 -113.0000000000
24627 -112.0000000000
24641 -111.0000000000
24676 -110.0000000000
24853 -109.0000000000
24904 -108.0000000000
24933 -107.0000000000
24950 -106.0000000000
24953 -105.0000000000
24963 -104.0000000000
25052 -103.0000000000
25169 -102.0000000000
25305 -101.0000000000
25406 -100.0000000000
25506 -99.0000000000
25658 -98.0000000000
25711 -97.0000000000
25794 -96.0000000000
25918 -95.0000000000
26055 -94.0000000000
26143 -93.0000000000
26501 -92.0000000000
26767 -91.0000000000
26929 -90.0000000000
27075 -89.0000000000
27109 -88.0000000000
27115 -87.0000000000
27134 -86.0000000000
27368 -84.0000000000
27389 -83.0000000000
27407 -82.0000000000
27556 -81.0000000000
27586 -80.0000000000
27713 -79.0000000000
27757 -78.0000000000
27964 -77.0000000000
28484 -76.0000000000
28641 -75.0000000000
28748 -74.0000000000
28866 -73.0000000000
28940 -72.0000000000
29212 -71.0000000000
29516 -70.0000000000
29519 -69.0000000000
29612 -68.0000000000
29761 -67.0000000000
29790 -66.0000000000
29814 -65.0000000000
29854 -64.0000000000
30077 -63.0000000000
30111 -62.0000000000
30113 -61.0000000000
30334 -60.0000000000
30335 -59.0000000000
30349 -58.0000000000
30446 -57.0000000000
30754 -56.0000000000
30834 -55.0000000000
30982 -54.0000000000
31052 -53.0000000000
31205 -52.0000000000
31233 -51.0000000000
31276 -50.0000000000
31337 -49.0000000000
31392 -48.0000000000
31414 -47.0000000000
31970 -46.0000000000
32307 -45.0000000000
32715 -44.0000000000
32751 -43.0000000000
33032 -42.0000000000
33805 -41.0000000000
33909 -40.0000000000
34652 -39.0000000000
34822 -38.0000000000
34853 -37.0000000000
35112 -36.0000000000
35199 -35.0000000000
35373 -34.0000000000
35386 -33.0000000000
35446 -32.0000000000
35787 -31.0000000000
35987 -30.0000000000
36082 -29.0000000000
36365 -28.0000000000
36486 -27.0000000000
36507 -26.0000000000
36525 -25.0000000000
36849 -24.0000000000
37524 -23.0000000000
37747 -22.0000000000
37903 -21.0000000000
38505 -20.0000000000
38517 -19.0000000000
38745 -18.0000000000
38914 -17.0000000000
39087 -16.0000000000
39342 -15.0000000000
39974 -14.0000000000
40200 -13.0000000000
41125 -12.0000000000
41642 -11.0000000000
43334 -10.0000000000
43391 -9.0000000000
43574 -8.0000000000
43605 -7.0000000000
43849 -6.0000000000
43981 -5.0000000000
44631 -4.0000000000
46462 -3.0000000000
47241 -2.0000000000
47244 -1.0000000000
47258 130.3500000000
47260 141.8500000000
47568 144.8200000000
48409 145.7000000000
51860 147.4000000000
53346 150.2700000000
54802 154.2700000000
77208 154.2900000000
81870 250.5000000000
81887 253.7700000000
81890 256.9400000000
81916 258.3600000000
81950 258.7600000000
81957 263.3700000000
82110 263.5700000000
82559 266.9100000000
83002 273.9300000000
88267 274.2400000000
100001 -1.0000000000
evaluations raw_y
1 -2002.0000000000
10 -2001.0000000000
18 -2000.0000000000
20 -1999.0000000000
21 -1998.0000000000
25 -1997.0000000000
29 -1995.0000000000
30 -1994.0000000000
40 -1992.0000000000
44 -1991.0000000000
48 -1990.0000000000
50 -1988.0000000000
53 -1987.0000000000
55 -1986.0000000000
56 -1985.0000000000
60 -1984.0000000000
64 -1983.0000000000
68 -1982.0000000000
70 -1981.0000000000
71 -1980.0000000000
72 -1979.0000000000
77 -1978.0000000000
84 -1977.0000000000
86 -1976.0000000000
90 -1975.0000000000
91 -1974.0000000000
97 -1973.0000000000
99 -1971.0000000000
103 -1970.0000000000
105 -1969.0000000000
106 -1968.0000000000
108 -1967.0000000000
110 -1966.0000000000
120 -1965.0000000000
121 -1963.0000000000
122 -1962.0000000000
123 -1961.0000000000
126 -1960.0000000000
128 -1959.0000000000
137 -1957.0000000000
139 -1955.0000000000
145 -1954.0000000000
152 -1952.0000000000
154 -1951.0000000000
158 -1950.0000000000
159 -1948.0000000000
167 -1947.0000000000
169 -1946.0000000000
173 -1945.0000000000
179 -1943.0000000000
181 -1941.0000000000
184 -1940.0000000000
189 -1939.0000000000
193 -1937.0000000000
194 -1935.0000000000
204 -1934.0000000000
205 -1933.0000000000
214 -1931.0000000000
218 -1929.0000000000
222 -1927.0000000000
233 -1926.0000000000
234 -1924.0000000000
235 -1923.0000000000
238 -1922.0000000000
239 -1921.0000000000
252 -1919.0000000000
253 -1918.0000000000
270 -1917.0000000000
272 -1913.0000000000
277 -1912.0000000000
279 -1911.0000000000
286 -1910.0000000000
287 -1909.0000000000
288 -1908.0000000000
290 -1906.0000000000
295 -1905.0000000000
297 -1904.0000000000
298 -1902.0000000000
308 -1901.0000000000
309 -1900.0000000000
313 -1899.0000000000
320 -1898.0000000000
321 -1897.0000000000
333 -1896.0000000000
335 -1895.0000000000
350 -1893.0000000000
352 -1892.0000000000
357 -1891.0000000000
362 -1889.0000000000
371 -1888.0000000000
373 -1887.0000000000
375 -1886.0000000000
380 -1885.0000000000
381 -1884.0000000000
387 -1883.0000000000
389 -1881.0000000000
401 -1880.0000000000
402 -1879.0000000000
406 -1878.0000000000
407 -1876.0000000000
409 -1875.0000000000
418 -1873.0000000000
424 -1871.0000000000
425 -1870.0000000000
435 -1869.0000000000
436 -1868.0000000000
440 -1864.0000000000
449 -1862.0000000000
451 -1861.0000000000
453 -1860.0000000000
454 -1858.0000000000
456 -1857.0000000000
459 -1856.0000000000
463 -1855.0000000000
466 -1854.0000000000
467 -1853.0000000000
468 -1851.0000000000
471 -1850.0000000000
473 -1849.0000000000
479 -1847.0000000000
482 -1846.0000000000
483 -1845.0000000000
484 -1844.0000000000
487 -1843.0000000000
490 -1842.0000000000
503 -1841.0000000000
506 -1840.0000000000
507 -1839.0000000000
508 -1838.0000000000
516 -1837.0000000000
519 -1836.0000000000
520 -1835.0000000000
537 -1833.0000000000
541 -1831.0000000000
542 -1830.0000000000
543 -1829.0000000000
544 -1828.0000000000
547 -1827.0000000000
548 -1826.0000000000
549 -1825.0000000000
550 -1824.0000000000
551 -1823.0000000000
558 -1822.0000000000
559 -1820.0000000000
560 -1819.0000000000
564 -1818.0000000000
565 -1816.0000000000
566 -1815.0000000000
569 -1814.0000000000
570 -1813.0000000000
571 -1812.0000000000
572 -1810.0000000000
573 -1809.0000000000
576 -1808.0000000000
579 -1807.0000000000
581 -1806.0000000000
584 -1805.0000000000
589 -1804.0000000000
591 -1803.0000000000
593 -1802.0000000000
597 -1801.0000000000
602 -1800.0000000000
604 -1799.0000000000
609 -1798.0000000000
618 -1797.0000000000
627 -1794.0000000000
632 -1793.0000000000
633 -1792.0000000000
646 -1791.0000000000
647 -1790.0000000000
648 -1788.0000000000
649 -1786.0000000000
654 -1785.0000000000
655 -1784.0000000000
656 -1783.0000000000
666 -1780.0000000000
667 -1779.0000000000
668 -1777.0000000000
676 -1776.0000000000
680 -1775.0000000000
683 -1774.0000000000
693 -1773.0000000000
694 -1772.0000000000
711 -1771.0000000000
713 -1770.0000000000
715 -1769.0000000000
716 -1768.0000000000
720 -1767.0000000000
723 -1765.0000000000
731 -1764.0000000000
732 -1762.0000000000
734 -1761.0000000000
737 -1760.0000000000
744 -1759.0000000000
746 -1758.0000000000
750 -1757.0000000000
752 -1755.0000000000
753 -1754.0000000000
754 -1753.0000000000
756 -1752.0000000000
769 -1750.0000000000
774 -1749.0000000000
777 -1747.0000000000
787 -1746.0000000000
792 -1745.0000000000
800 -1744.0000000000
810 -1743.0000000000
811 -1742.0000000000
815 -1741.0000000000
818 -1740.0000000000
825 -1738.0000000000
826 -1737.0000000000
830 -1736.0000000000
836 -1735.0000000000
837 -1734.0000000000
853 -1733.0000000000
859 -1732.0000000000
861 -1731.0000000000
862 -1730.0000000000
865 -1728.0000000000
866 -1727.0000000000
867 -1726.0000000000
870 -1725.0000000000
875 -1724.0000000000
883 -1723.0000000000
888 -1721.0000000000
895 -1720.0000000000
900 -1719.0000000000
902 -1717.0000000000
908 -1716.0000000000
915 -1715.0000000000
918 -1714.0000000000
925 -1713.0000000000
926 -1711.0000000000
927 -1710.0000000000
929 -1708.0000000000
930 -1707.0000000000
936 -1706.0000000000
942 -1704.0000000000
946 -1702.0000000000
947 -1701.0000000000
958 -1700.0000000000
960 -1699.0000000000
962 -1698.0000000000
967 -1697.0000000000
972 -1696.0000000000
977 -1695.0000000000
985 -1693.0000000000
994 -1691.0000000000
995 -1689.0000000000
996 -1688.0000000000
998 -1687.0000000000
1012 -1686.0000000000
1013 -1685.0000000000
1014 -1684.0000000000
1015 -1682.0000000000
1018 -1680.0000000000
1021 -1679.0000000000
1022 -1678.0000000000
1028 -1677.0000000000
1035 -1676.0000000000
1042 -1674.0000000000
1050 -1672.0000000000
1051 -1670.0000000000
1052 -1669.0000000000
1056 -1668.0000000000
1057 -1667.0000000000
1059 -1666.0000000000
1063 -1665.0000000000
1092 -1664.0000000000
1095 -1663.0000000000
1099 -1662.0000000000
1103 -1661.0000000000
1109 -1659.0000000000
1125 -1658.0000000000
1131 -1657.0000000000
1145 -1656.0000000000
1148 -1655.0000000000
1151 -1654.0000000000
1156 -1653.0000000000
1157 -1652.0000000000
1170 -1651.0000000000
1175 -1650.0000000000
1182 -1649.0000000000
1194 -1648.0000000000
1196 -1647.0000000000
1197 -1646.0000000000
1198 -1644.0000000000
1199 -1643.0000000000
1204 -1642.0000000000
1212 -1641.0000000000
1214 -1640.0000000000
1235 -1639.0000000000
1236 -1638.0000000000
1238 -1637.0000000000
1241 -1636.0000000000
1248 -1635.0000000000
1253 -1634.0000000000
1257 -1633.0000000000
1259 -1632.0000000000
1260 -1631.0000000000
1266 -1630.0000000000
1270 -1629.0000000000
1271 -1628.0000000000
1272 -1627.0000000000
1283 -1626.0000000000
1288 -1625.0000000000
1289 -1624.0000000000
1291 -1623.0000000000
1296 -1622.0000000000
1299 -1621.0000000000
1301 -1620.0000000000
1308 -1619.0000000000
1310 -1618.0000000000
1311 -1616.0000000000
1316 -1614.0000000000
1329 -1613.0000000000
1331 -1612.0000000000
1333 -1611.0000000000
1335 -1609.0000000000
1345 -1608.0000000000
1352 -1606.0000000000
1359 -1605.0000000000
1371 -1603.0000000000
1372 -1601.0000000000
1375 -1600.0000000000
1381 -1599.0000000000
1386 -1598.0000000000
1387 -1596.0000000000
1391 -1594.0000000000
1392 -1593.0000000000
1395 -1592.0000000000
1398 -1591.0000000000
1401 -1590.0000000000
1406 -1589.0000000000
1409 -1588.0000000000
1413 -1587.0000000000
1419 -1586.0000000000
1420 -1585.0000000000
1422 -1584.0000000000
1424 -1583.0000000000
1430 -1582.0000000000
1436 -1580.0000000000
1438 -1579.0000000000
1442 -1577.0000000000
1443 -1576.0000000000
1445 -1575.0000000000
1453 -1574.0000000000
1454 -1573.0000000000
1460 -1572.0000000000
1461 -1570.0000000000
1462 -1569.0000000000
1465 -1568.0000000000
1466 -1567.0000000000
1467 -1566.0000000000
1468 -1565.0000000000
1469 -1564.0000000000
1481 -1563.0000000000
1484 -1562.0000000000
1492 -1561.0000000000
1493 -1560.0000000000
1498 -1559.0000000000
1517 -1557.0000000000
1519 -1556.0000000000
1521 -1555.0000000000
1524 -1554.0000000000
1525 -1553.0000000000
1526 -1549.0000000000
1534 -1547.0000000000
1549 -1546.0000000000
1552 -1545.0000000000
1559 -1543.0000000000
1560 -1542.0000000000
1562 -1541.0000000000
1569 -1540.0000000000
1574 -1539.0000000000
1579 -1538.0000000000
1583 -1537.0000000000
1585 -1536.0000000000
1596 -1535.0000000000
1599 -1534.0000000000
1611 -1533.0000000000
1622 -1531.0000000000
1635 -1530.0000000000
1645 -1529.0000000000
1656 -1527.0000000000
1657 -1526.0000000000
1658 -1525.0000000000
1659 -1524.0000000000
1660 -1523.0000000000
1661 -1522.0000000000
1668 -1520.0000000000
1671 -1519.0000000000
1673 -1518.0000000000
1674 -1517.0000000000
1681 -1516.0000000000
1684 -1514.0000000000
1686 -1513.0000000000
1695 -1511.0000000000
1697 -1510.0000000000
1701 -1509.0000000000
1710 -1508.0000000000
1711 -1505.0000000000
1712 -1504.0000000000
1713 -1503.0000000000
1716 -1502.0000000000
1723 -1500.0000000000
1727 -1498.0000000000
1728 -1496.0000000000
1734 -1495.0000000000
1738 -1494.0000000000
1739 -1493.0000000000
1741 -1492.0000000000
1742 -1491.0000000000
1748 -1490.0000000000
1753 -1489.0000000000
1758 -1488.0000000000
1760 -1486.0000000000
1771 -1485.0000000000
1775 -1484.0000000000
1795 -1483.0000000000
1797 -1482.0000000000
1801 -1481.0000000000
1803 -1480.0000000000
1805 -1479.0000000000
1807 -1478.0000000000
1810 -1477.0000000000
1813 -1476.0000000000
1820 -1475.0000000000
1830 -1472.0000000000
1831 -1471.0000000000
1832 -1470.0000000000
1863 -1468.0000000000
1864 -1467.0000000000
1872 -1466.0000000000
1874 -1465.0000000000
1880 -1464.0000000000
1881 -1463.0000000000
1882 -1462.0000000000
1887 -1461.0000000000
1890 -1460.0000000000
1892 -1459.0000000000
1899 -1458.0000000000
1908 -1457.0000000000
1909 -1456.0000000000
1913 -1455.0000000000
1914 -1454.0000000000
1915 -1452.0000000000
1918 -1451.0000000000
1920 -1450.0000000000
1923 -1449.0000000000
1929 -1448.0000000000
1937 -1447.0000000000
1943 -1445.0000000000
1944 -1444.0000000000
1946 -1443.0000000000
1961 -1442.0000000000
1967 -1441.0000000000
1968 -1438.0000000000
1973 -1435.0000000000
1976 -1433.0000000000
1981 -1432.0000000000
1995 -1431.0000000000
2002 -1430.0000000000
2004 -1429.0000000000
2013 -1428.0000000000
2020 -1427.0000000000
2021 -1426.0000000000
2024 -1425.0000000000
2032 -1424.0000000000
2037 -1422.0000000000
2055 -1420.0000000000
2058 -1419.0000000000
2060 -1418.0000000000
2071 -1417.0000000000
2075 -1416.0000000000
2091 -1415.0000000000
2096 -1413.0000000000
2098 -1411.0000000000
2103 -1409.0000000000
2104 -1407.0000000000
2113 -1405.0000000000
2118 -1404.0000000000
2120 -1403.0000000000
2126 -1402.0000000000
2127 -1401.0000000000
2128 -1400.0000000000
2131 -1399.0000000000
2136 -1398.0000000000
2138 -1397.0000000000
2145 -1395.0000000000
2147 -1393.0000000000
2148 -1391.0000000000
2162 -1390.0000000000
2169 -1389.0000000000
2177 -1388.0000000000
2182 -1387.0000000000
2192 -1386.0000000000
2193 -1385.0000000000
2201 -1384.0000000000
2217 -1382.0000000000
2219 -1381.0000000000
2226 -1380.0000000000
2233 -1379.0000000000
2234 -1378.0000000000
2249 -1377.0000000000
2254 -1376.0000000000
2260 -1375.0000000000
2261 -1374.0000000000
2265 -1373.0000000000
2271 -1372.0000000000
2272 -1371.0000000000
2277 -1370.0000000000
2282 -1369.0000000000
2291 -1368.0000000000
2293 -1366.0000000000
2296 -1364.0000000000
2303 -1363.0000000000
2305 -1362.0000000000
2310 -1361.0000000000
2320 -1360.0000000000
2324 -1359.0000000000
2330 -1357.0000000000
2334 -1356.0000000000
2347 -1355.0000000000
2352 -1354.0000000000
2365 -1353.0000000000
2370 -1351.0000000000
2372 -1350.0000000000
2377 -1349.0000000000
2378 -1348.0000000000
2379 -1347.0000000000
2384 -1346.0000000000
2395 -1345.0000000000
2409 -1344.0000000000
2415 -1342.0000000000
2427 -1341.0000000000
2431 -1339.0000000000
2432 -1338.0000000000
2435 -1337.0000000000
2437 -1336.0000000000
2442 -1334.0000000000
2453 -1333.0000000000
2462 -1332.0000000000
2467 -1331.0000000000
2470 -1330.0000000000
2472 -1329.0000000000
2477 -1328.0000000000
2487 -1327.0000000000
2495 -1326.0000000000
2503 -1325.0000000000
2506 -1324.0000000000
2511 -1323.0000000000
2515 -1322.0000000000
2516 -1320.0000000000
2518 -1319.0000000000
2523 -1318.0000000000
2524 -1317.0000000000
2526 -1315.0000000000
2528 -1314.0000000000
2529 -1313.0000000000
2541 -1311.0000000000
2542 -1310.0000000000
2547 -1309.0000000000
2548 -1308.0000000000
2562 -1307.0000000000
2563 -1306.0000000000
2568 -1305.0000000000
2581 -1304.0000000000
2591 -1303.0000000000
2597 -1302.0000000000
2601 -1301.0000000000
2620 -1299.0000000000
2628 -1298.0000000000
2638 -1297.0000000000
2639 -1296.0000000000
2649 -1295.0000000000
2654 -1294.0000000000
2658 -1293.0000000000
2664 -1291.0000000000
2671 -1290.0000000000
2685 -1289.0000000000
2687 -1288.0000000000
2696 -1287.0000000000
2699 -1286.0000000000
2714 -1285.0000000000
2715 -1284.0000000000
2717 -1283.0000000000
2738 -1282.0000000000
2751 -1281.0000000000
2760 -1280.0000000000
2769 -1279.0000000000
2774 -1278.0000000000
2777 -1277.0000000000
2786 -1275.0000000000
2789 -1273.0000000000
2794 -1271.0000000000
2805 -1270.0000000000
2808 -1268.0000000000
2816 -1267.0000000000
2817 -1266.0000000000
2822 -1265.0000000000
2826 -1264.0000000000
2827 -1261.0000000000
2834 -1260.0000000000
2837 -1259.0000000000
2840 -1258.0000000000
2852 -1257.0000000000
2853 -1256.0000000000
2860 -1255.0000000000
2861 -1254.0000000000
2883 -1251.0000000000
2904 -1250.0000000000
2905 -1249.0000000000
2916 -1248.0000000000
2917 -1247.0000000000
2946 -1246.0000000000
2963 -1245.0000000000
2966 -1244.0000000000
2975 -1243.0000000000
3004 -1242.0000000000
3009 -1241.0000000000
3010 -1240.0000000000
3017 -1239.0000000000
3024 -1238.0000000000
3027 -1237.0000000000
3044 -1235.0000000000
3048 -1234.0000000000
3052 -1233.0000000000
3061 -1232.0000000000
3063 -1231.0000000000
3065 -1230.0000000000
3068 -1229.0000000000
3079 -1228.0000000000
3083 -1227.0000000000
3086 -1226.0000000000
3092 -1225.0000000000
3098 -1224.0000000000
3135 -1222.0000000000
3148 -1221.0000000000
3152 -1220.0000000000
3154 -1219.0000000000
3156 -1217.0000000000
3170 -1216.0000000000
3175 -1215.0000000000
3179 -1214.0000000000
3180 -1213.0000000000
3194 -1211.0000000000
3197 -1210.0000000000
3200 -1209.0000000000
3204 -1208.0000000000
3210 -1207.0000000000
3217 -1206.0000000000
3219 -1205.0000000000
3222 -1204.0000000000
3226 -1202.0000000000
3227 -1201.0000000000
3229 -1200.0000000000
3230 -1199.0000000000
3234 -1198.0000000000
3238 -1197.0000000000
3259 -1195.0000000000
3271 -1194.0000000000
3275 -1193.0000000000
3282 -1191.0000000000
3289 -1190.0000000000
3298 -1189.0000000000
3305 -1188.0000000000
3318 -1187.0000000000
3319 -1186.0000000000
3327 -1185.0000000000
3334 -1184.0000000000
3341 -1183.0000000000
3344 -1182.0000000000
3349 -1181.0000000000
3354 -1180.0000000000
3355 -1179.0000000000
3356 -1178.0000000000
3362 -1176.0000000000
3365 -1175.0000000000
3369 -1174.0000000000
3370 -1173.0000000000
3390 -1172.0000000000
3394 -1171.0000000000
3401 -1170.0000000000
3407 -1169.0000000000
3408 -1168.0000000000
3438 -1167.0000000000
3447 -1166.0000000000
3448 -1164.0000000000
3483 -1163.0000000000
3503 -1162.0000000000
3512 -1160.0000000000
3513 -1158.0000000000
3517 -1157.0000000000
3519 -1156.0000000000
3523 -1155.0000000000
3531 -1153.0000000000
3537 -1152.0000000000
3543 -1151.0000000000
3548 -1150.0000000000
3584 -1149.0000000000
3603 -1147.0000000000
3614 -1146.0000000000
3623 -1144.0000000000
3625 -1143.0000000000
3639 -1142.0000000000
3647 -1141.0000000000
3652 -1140.0000000000
3654 -1139.0000000000
3667 -1138.0000000000
3690 -1137.0000000000
3720 -1136.0000000000
3725 -1135.0000000000
3728 -1134.0000000000
3737 -1133.0000000000
3738 -1131.0000000000
3749 -1130.0000000000
3752 -1129.0000000000
3753 -1128.0000000000
3766 -1127.0000000000
3768 -1125.0000000000
3778 -1124.0000000000
3791 -1123.0000000000
3797 -1122.0000000000
3798 -1121.0000000000
3807 -1120.0000000000
3813 -1119.0000000000
3817 -1118.0000000000
3820 -1117.0000000000
3825 -1115.0000000000
3855 -1114.0000000000
3876 -1113.0000000000
3895 -1112.0000000000
3897 -1110.0000000000
3905 -1109.0000000000
3925 -1108.0000000000
3931 -1106.0000000000
3934 -1105.0000000000
3935 -1103.0000000000
3937 -1102.0000000000
3941 -1101.0000000000
3965 -1099.0000000000
3974 -1098.0000000000
3977 -1097.0000000000
3980 -1096.0000000000
3994 -1095.0000000000
3996 -1094.0000000000
3997 -1092.0000000000
4005 -1090.0000000000
4018 -1089.0000000000
4031 -1088.0000000000
4034 -1087.0000000000
4040 -1086.0000000000
4051 -1085.0000000000
4059 -1084.0000000000
4063 -1082.0000000000
4066 -1081.0000000000
4073 -1080.0000000000
4078 -1079.0000000000
4080 -1078.0000000000
4081 -1077.0000000000
4082 -1076.0000000000
4084 -1075.0000000000
4087 -1074.0000000000
4091 -1073.0000000000
4099 -1072.0000000000
4109 -1071.0000000000
4122 -1070.0000000000
4124 -1068.0000000000
4129 -1067.0000000000
4133 -1066.0000000000
4140 -1065.0000000000
4152 -1064.0000000000
4154 -1063.0000000000
4162 -1062.0000000000
4168 -1061.0000000000
4171 -1060.0000000000
4179 -1059.0000000000
4180 -1058.0000000000
4186 -1057.0000000000
4193 -1056.0000000000
4195 -1055.0000000000
4197 -1054.0000000000
4202 -1053.0000000000
4203 -1052.0000000000
4219 -1051.0000000000
4221 -1050.0000000000
4228 -1049.0000000000
4245 -1048.0000000000
4253 -1047.0000000000
4254 -1046.0000000000
4256 -1044.0000000000
4259 -1043.0000000000
4275 -1042.0000000000
4276 -1041.0000000000
4280 -1040.0000000000
4286 -1039.0000000000
4287 -1038.0000000000
4298 -1037.0000000000
4316 -1036.0000000000
4319 -1035.0000000000
4320 -1034.0000000000
4326 -1032.0000000000
4336 -1031.0000000000
4346 -1030.0000000000
4347 -1028.0000000000
4370 -1027.0000000000
4379 -1026.0000000000
4388 -1025.0000000000
4390 -1023.0000000000
4392 -1022.0000000000
4416 -1021.0000000000
4419 -1020.0000000000
4423 -1019.0000000000
4432 -1016.0000000000
4435 -1015.0000000000
4440 -1014.0000000000
4445 -1013.0000000000
4465 -1012.0000000000
4477 -1011.0000000000
4486 -1010.0000000000
4489 -1008.0000000000
4498 -1007.0000000000
4507 -1006.0000000000
4515 -1005.0000000000
4516 -1003.0000000000
4522 -1002.0000000000
4525 -1001.0000000000
4527 -1000.0000000000
4534 -999.0000000000
4537 -998.0000000000
4539 -997.0000000000
4549 -995.0000000000
4564 -994.0000000000
4566 -993.0000000000
4568 -992.0000000000
4575 -991.0000000000
4577 -990.0000000000
4582 -989.0000000000
4591 -988.0000000000
4603 -987.0000000000
4629 -986.0000000000
4631 -985.0000000000
4634 -984.0000000000
4641 -983.0000000000
4650 -981.0000000000
4654 -980.0000000000
4662 -979.0000000000
4664 -978.0000000000
4669 -976.0000000000
4691 -975.0000000000
4705 -974.0000000000
4710 -973.0000000000
4714 -972.0000000000
4717 -971.0000000000
4727 -970.0000000000
4731 -969.0000000000
4734 -968.0000000000
4737 -967.0000000000
4740 -966.0000000000
4744 -965.0000000000
4754 -964.0000000000
4757 -963.0000000000
4769 -962.0000000000
4784 -961.0000000000
4799 -960.0000000000
4804 -959.0000000000
4816 -958.0000000000
4839 -957.0000000000
4843 -955.0000000000
4858 -954.0000000000
4867 -953.0000000000
4875 -952.0000000000
4876 -951.0000000000
4887 -950.0000000000
4898 -949.0000000000
4903 -948.0000000000
4909 -947.0000000000
4916 -945.0000000000
4931 -944.0000000000
4933 -943.0000000000
4944 -942.0000000000
4948 -941.0000000000
4962 -940.0000000000
4978 -939.0000000000
4990 -937.0000000000
4992 -936.0000000000
5003 -935.0000000000
5004 -932.0000000000
5032 -931.0000000000
5079 -930.0000000000
5085 -929.0000000000
5088 -927.0000000000
5096 -926.0000000000
5132 -925.0000000000
5133 -924.0000000000
5134 -923.0000000000
5137 -922.0000000000
5140 -921.0000000000
5149 -920.0000000000
5176 -919.0000000000
5180 -918.0000000000
5194 -917.0000000000
5198 -916.0000000000
5199 -915.0000000000
5218 -914.0000000000
5229 -913.0000000000
5231 -912.0000000000
5238 -911.0000000000
5244 -910.0000000000
5254 -909.0000000000
5259 -908.0000000000
5268 -907.0000000000
5269 -906.0000000000
5275 -905.0000000000
5311 -904.0000000000
5316 -903.0000000000
5320 -901.0000000000
5322 -900.0000000000
5335 -899.0000000000
5361 -898.0000000000
5363 -897.0000000000
5369 -896.0000000000
5380 -895.0000000000
5401 -894.0000000000
5407 -893.0000000000
5411 -892.0000000000
5423 -891.0000000000
5426 -890.0000000000
5435 -889.0000000000
5445 -888.0000000000
5447 -886.0000000000
5449 -885.0000000000
5458 -884.0000000000
5474 -883.0000000000
5478 -882.0000000000
5486 -881.0000000000
5488 -880.0000000000
5505 -879.0000000000
5524 -878.0000000000
5526 -877.0000000000
5543 -876.0000000000
5545 -875.0000000000
5548 -874.0000000000
5553 -873.0000000000
5565 -872.0000000000
5568 -871.0000000000
5572 -870.0000000000
5590 -868.0000000000
5617 -867.0000000000
5624 -866.0000000000
5629 -865.0000000000
5630 -864.0000000000
5650 -863.0000000000
5659 -862.0000000000
5660 -861.0000000000
5678 -860.0000000000
5680 -859.0000000000
5688 -858.0000000000
5697 -856.0000000000
5706 -855.0000000000
5707 -854.0000000000
5715 -853.0000000000
5721 -852.0000000000
5725 -851.0000000000
5732 -850.0000000000
5736 -849.0000000000
5750 -848.0000000000
5760 -847.0000000000
5763 -846.0000000000
5794 -845.0000000000
5795 -844.0000000000
5798 -843.0000000000
5801 -842.0000000000
5845 -841.0000000000
5848 -840.0000000000
5854 -838.0000000000
5856 -837.0000000000
5877 -836.0000000000
5893 -835.0000000000
5898 -834.0000000000
5902 -833.0000000000
5910 -832.0000000000
5926 -831.0000000000
5935 -830.0000000000
5951 -828.0000000000
5953 -827.0000000000
5958 -826.0000000000
5970 -825.0000000000
5974 -824.0000000000
5993 -823.0000000000
6007 -822.0000000000
6017 -820.0000000000
6019 -819.0000000000
6061 -818.0000000000
6080 -817.0000000000
6099 -816.0000000000
6111 -815.0000000000
6112 -814.0000000000
6129 -813.0000000000
6130 -812.0000000000
6137 -811.0000000000
6156 -810.0000000000
6159 -809.0000000000
6174 -808.0000000000
6194 -806.0000000000
6207 -805.0000000000
6224 -804.0000000000
6229 -803.0000000000
6231 -802.0000000000
6232 -801.0000000000
6236 -800.0000000000
6246 -798.0000000000
6256 -797.0000000000
6268 -796.0000000000
6272 -795.0000000000
6296 -794.0000000000
6297 -793.0000000000
6315 -792.0000000000
6333 -791.0000000000
6345 -790.0000000000
6349 -789.0000000000
6382 -788.0000000000
6401 -787.0000000000
6421 -786.0000000000
6428 -785.0000000000
6433 -784.0000000000
6455 -783.0000000000
6480 -782.0000000000
6484 -781.0000000000
6511 -780.0000000000
6548 -779.0000000000
6549 -778.0000000000
6554 -777.0000000000
6561 -776.0000000000
6585 -775.0000000000
6606 -774.0000000000
6617 -773.0000000000
6630 -772.0000000000
6651 -771.0000000000
6660 -770.0000000000
6665 -769.0000000000
6678 -768.0000000000
6682 -766.0000000000
6683 -765.0000000000
6704 -764.0000000000
6734 -763.0000000000
6735 -762.0000000000
6742 -761.0000000000
6743 -760.0000000000
6754 -759.0000000000
6790 -757.0000000000
6799 -755.0000000000
6820 -754.0000000000
6833 -753.0000000000
6856 -752.0000000000
6897 -751.0000000000
6901 -750.0000000000
6941 -749.0000000000
6964 -748.0000000000
6966 -747.0000000000
6967 -746.0000000000
6986 -745.0000000000
7012 -744.0000000000
7018 -743.0000000000
7029 -742.0000000000
7058 -741.0000000000
7064 -740.0000000000
7075 -739.0000000000
7082 -738.0000000000
7120 -737.0000000000
7129 -736.0000000000
7139 -735.0000000000
7159 -734.0000000000
7162 -733.0000000000
7180 -732.0000000000
7242 -731.0000000000
7245 -730.0000000000
7258 -729.0000000000
7264 -728.0000000000
7271 -727.0000000000
7320 -726.0000000000
7326 -725.0000000000
7338 -723.0000000000
7354 -722.0000000000
7355 -721.0000000000
7356 -720.0000000000
7365 -719.0000000000
7371 -718.0000000000
7372 -717.0000000000
7381 -715.0000000000
7402 -714.0000000000
7403 -713.0000000000
7428 -712.0000000000
7429 -711.0000000000
7450 -710.0000000000
7474 -709.0000000000
7483 -708.0000000000
7512 -707.0000000000
7519 -706.0000000000
7525 -705.0000000000
7528 -704.0000000000
7550 -703.0000000000
7562 -701.0000000000
7595 -700.0000000000
7606 -699.0000000000
7613 -698.0000000000
7618 -697.0000000000
7642 -696.0000000000
7647 -695.0000000000
7673 -694.0000000000
7708 -693.0000000000
7723 -692.0000000000
7724 -691.0000000000
7734 -690.0000000000
7752 -689.0000000000
7759 -688.0000000000
7775 -687.0000000000
7790 -685.0000000000
7823 -684.0000000000
7852 -683.0000000000
7862 -682.0000000000
7882 -681.0000000000
7890 -680.0000000000
7894 -678.0000000000
7903 -677.0000000000
7914 -676.0000000000
7925 -675.0000000000
7927 -674.0000000000
7934 -672.0000000000
7943 -671.0000000000
7953 -670.0000000000
7956 -669.0000000000
7958 -668.0000000000
7978 -667.0000000000
7986 -666.0000000000
7987 -665.0000000000
7989 -664.0000000000
7997 -663.0000000000
8028 -662.0000000000
8029 -661.0000000000
8049 -660.0000000000
8059 -659.0000000000
8080 -658.0000000000
8095 -657.0000000000
8099 -656.0000000000
8108 -655.0000000000
8117 -654.0000000000
8146 -653.0000000000
8161 -652.0000000000
8168 -651.0000000000
8191 -650.0000000000
8205 -648.0000000000
8215 -647.0000000000
8218 -645.0000000000
8225 -644.0000000000
8226 -643.0000000000
8227 -642.0000000000
8240 -641.0000000000
8241 -640.0000000000
8287 -639.0000000000
8310 -637.0000000000
8326 -635.0000000000
8358 -634.0000000000
8363 -633.0000000000
8365 -632.0000000000
8377 -631.0000000000
8394 -629.0000000000
8432 -628.0000000000
8500 -627.0000000000
8505 -626.0000000000
8506 -625.0000000000
8530 -624.0000000000
8533 -623.0000000000
8548 -622.0000000000
8559 -621.0000000000
8630 -619.0000000000
8634 -617.0000000000
8636 -616.0000000000
8637 -615.0000000000
8677 -614.0000000000
8687 -613.0000000000
8735 -612.0000000000
8744 -611.0000000000
8764 -610.0000000000
8782 -609.0000000000
8795 -608.0000000000
8800 -607.0000000000
8832 -606.0000000000
8842 -605.0000000000
8856 -604.0000000000
8864 -603.0000000000
8881 -602.0000000000
8882 -601.0000000000
8903 -600.0000000000
8906 -599.0000000000
8940 -598.0000000000
8942 -597.0000000000
8960 -596.0000000000
8979 -595.0000000000
8986 -594.0000000000
9007 -593.0000000000
9023 -592.0000000000
9029 -590.0000000000
9039 -588.0000000000
9057 -587.0000000000
9065 -585.0000000000
9093 -583.0000000000
9095 -582.0000000000
9111 -580.0000000000
9139 -579.0000000000
9146 -578.0000000000
9150 -577.0000000000
9162 -576.0000000000
9170 -575.0000000000
9177 -574.0000000000
9178 -573.0000000000
9183 -571.0000000000
9193 -570.0000000000
9244 -569.0000000000
9259 -568.0000000000
9269 -567.0000000000
9276 -566.0000000000
9285 -565.0000000000
9296 -564.0000000000
9321 -563.0000000000
9333 -562.0000000000
9390 -561.0000000000
9404 -560.0000000000
9408 -559.0000000000
9431 -558.0000000000
9474 -557.0000000000
9480 -556.0000000000
9527 -555.0000000000
9532 -554.0000000000
9535 -552.0000000000
9560 -551.0000000000
9562 -549.0000000000
9574 -548.0000000000
9583 -547.0000000000
9597 -546.0000000000
9623 -543.0000000000
9633 -542.0000000000
9638 -541.0000000000
9698 -540.0000000000
9712 -539.0000000000
9723 -538.0000000000
9742 -537.0000000000
9745 -536.0000000000
9763 -535.0000000000
9767 -534.0000000000
9769 -533.0000000000
9783 -532.0000000000
9791 -531.0000000000
9795 -530.0000000000
9798 -529.0000000000
9925 -528.0000000000
9932 -527.0000000000
9943 -526.0000000000
9983 -525.0000000000
9996 -524.0000000000
10011 -523.0000000000
10038 -522.0000000000
10079 -521.0000000000
10117 -520.0000000000
10119 -519.0000000000
10127 -518.0000000000
10145 -517.0000000000
10146 -516.0000000000
10154 -515.0000000000
10169 -514.0000000000
10176 -513.0000000000
10185 -512.0000000000
10202 -511.0000000000
10206 -509.0000000000
10215 -508.0000000000
10261 -507.0000000000
10272 -506.0000000000
10302 -505.0000000000
10343 -504.0000000000
10387 -502.0000000000
10439 -501.0000000000
10441 -500.0000000000
10454 -499.0000000000
10498 -498.0000000000
10507 -497.0000000000
10520 -496.0000000000
10548 -495.0000000000
10555 -494.0000000000
10593 -493.0000000000
10631 -492.0000000000
10634 -491.0000000000
10658 -490.0000000000
10685 -489.0000000000
10695 -488.0000000000
10731 -487.0000000000
10740 -486.0000000000
10758 -485.0000000000
10775 -484.0000000000
10786 -483.0000000000
10820 -482.0000000000
10866 -481.0000000000
10869 -480.0000000000
10884 -479.0000000000
10894 -478.0000000000
10913 -477.0000000000
10919 -476.0000000000
11005 -475.0000000000
11026 -474.0000000000
11043 -473.0000000000
11094 -472.0000000000
11143 -471.0000000000
11147 -470.0000000000
11155 -469.0000000000
11219 -468.0000000000
11223 -467.0000000000
11248 -466.0000000000
11307 -465.0000000000
11368 -464.0000000000
11413 -463.0000000000
11421 -462.0000000000
11427 -461.0000000000
11450 -460.0000000000
11488 -459.0000000000
11498 -457.0000000000
11503 -456.0000000000
11523 -455.0000000000
11530 -454.0000000000
11588 -452.0000000000
11592 -451.0000000000
11603 -450.0000000000
11641 -449.0000000000
11657 -448.0000000000
11681 -447.0000000000
11701 -446.0000000000
11709 -445.0000000000
11734 -443.0000000000
11736 -442.0000000000
11742 -440.0000000000
11769 -439.0000000000
11784 -437.0000000000
11807 -436.0000000000
11811 -435.0000000000
11850 -434.0000000000
11886 -433.0000000000
11934 -432.0000000000
11940 -431.0000000000
11943 -430.0000000000
11950 -429.0000000000
11957 -428.0000000000
11965 -427.0000000000
11971 -426.0000000000
11974 -425.0000000000
11982 -424.0000000000
12045 -423.0000000000
12067 -422.0000000000
12098 -421.0000000000
12100 -420.0000000000
12115 -419.0000000000
12140 -418.0000000000
12166 -417.0000000000
12167 -416.0000000000
12223 -415.0000000000
12243 -414.0000000000
12246 -413.0000000000
12262 -412.0000000000
12277 -411.0000000000
12290 -410.0000000000
12302 -408.0000000000
12434 -407.0000000000
12456 -405.0000000000
12462 -404.0000000000
12466 -403.0000000000
12471 -402.0000000000
12519 -401.0000000000
12529 -400.0000000000
12537 -399.0000000000
12543 -398.0000000000
12569 -397.0000000000
12577 -396.0000000000
12597 -395.0000000000
12639 -394.0000000000
12705 -393.0000000000
12727 -392.0000000000
12754 -391.0000000000
12761 -390.0000000000
12800 -389.0000000000
12832 -388.0000000000
12847 -387.0000000000
12851 -385.0000000000
12901 -384.0000000000
12913 -383.0000000000
12930 -382.0000000000
12940 -381.0000000000
12975 -380.0000000000
13053 -379.0000000000
13215 -378.0000000000
13257 -377.0000000000
13258 -376.0000000000
13270 -375.0000000000
13283 -374.0000000000
13331 -373.0000000000
13385 -372.0000000000
13388 -371.0000000000
13402 -370.0000000000
13444 -369.0000000000
13455 -368.0000000000
13458 -367.0000000000
13467 -366.0000000000
13489 -365.0000000000
13500 -364.0000000000
13520 -363.0000000000
13542 -362.0000000000
13555 -361.0000000000
13559 -360.0000000000
13582 -359.0000000000
13597 -357.0000000000
13657 -356.0000000000
13740 -355.0000000000
13757 -354.0000000000
13775 -353.0000000000
13824 -352.0000000000
13854 -351.0000000000
13865 -350.0000000000
13874 -349.0000000000
13879 -347.0000000000
13916 -346.0000000000
13923 -345.0000000000
13926 -344.0000000000
13969 -343.0000000000
13974 -342.0000000000
13977 -341.0000000000
13992 -340.0000000000
14029 -339.0000000000
14046 -338.0000000000
14058 -337.0000000000
14066 -336.0000000000
14116 -335.0000000000
14120 -334.0000000000
14133 -333.0000000000
14156 -332.0000000000
14162 -331.0000000000
14163 -330.0000000000
14168 -329.0000000000
14183 -327.0000000000
14191 -326.0000000000
14205 -325.0000000000
14271 -324.0000000000
14368 -323.0000000000
14409 -322.0000000000
14418 -321.0000000000
14459 -320.0000000000
14477 -319.0000000000
14479 -318.0000000000
14494 -317.0000000000
14495 -316.0000000000
14528 -315.0000000000
14554 -314.0000000000
14558 -313.0000000000
14634 -312.0000000000
14706 -311.0000000000
14725 -310.0000000000
14747 -309.0000000000
14797 -307.0000000000
14866 -306.0000000000
14891 -305.0000000000
14893 -304.0000000000
14927 -303.0000000000
14958 -301.0000000000
15010 -300.0000000000
15023 -299.0000000000
15194 -298.0000000000
15206 -297.0000000000
15215 -296.0000000000
15231 -295.0000000000
15249 -294.0000000000
15307 -293.0000000000
15309 -292.0000000000
15311 -291.0000000000
15328 -290.0000000000
15340 -289.0000000000
15344 -288.0000000000
15353 -287.0000000000
15400 -286.0000000000
15407 -285.0000000000
15442 -284.0000000000
15478 -283.0000000000
15510 -282.0000000000
15518 -281.0000000000
15671 -280.0000000000
15700 -279.0000000000
15755 -278.0000000000
15766 -277.0000000000
15828 -276.0000000000
15829 -275.0000000000
15833 -274.0000000000
15854 -273.0000000000
15859 -272.0000000000
15861 -271.0000000000
15876 -270.0000000000
15907 -269.0000000000
15911 -268.0000000000
15924 -267.0000000000
16067 -266.0000000000
16170 -265.0000000000
16194 -264.0000000000
16233 -263.0000000000
16239 -262.0000000000
16255 -261.0000000000
16340 -260.0000000000
16372 -259.0000000000
16426 -257.0000000000
16472 -256.0000000000
16553 -255.0000000000
16595 -254.0000000000
16606 -253.0000000000
16636 -252.0000000000
16667 -251.0000000000
16669 -250.0000000000
16799 -249.0000000000
16822 -248.0000000000
16827 -247.0000000000
16857 -246.0000000000
16901 -245.0000000000
16925 -244.0000000000
16934 -243.0000000000
17065 -242.0000000000
17093 -241.0000000000
17153 -240.0000000000
17188 -239.0000000000
17226 -237.0000000000
17255 -235.0000000000
17309 -234.0000000000
17312 -233.0000000000
17343 -232.0000000000
17366 -231.0000000000
17512 -230.0000000000
17530 -229.0000000000
17672 -228.0000000000
17761 -227.0000000000
17787 -226.0000000000
17808 -225.0000000000
17840 -224.0000000000
17854 -223.0000000000
17861 -222.0000000000
17935 -221.0000000000
17976 -220.0000000000
17990 -219.0000000000
18001 -218.0000000000
18050 -217.0000000000
18058 -216.0000000000
18129 -215.0000000000
18162 -214.0000000000
18205 -213.0000000000
18264 -212.0000000000
18343 -211.0000000000
18351 -210.0000000000
18385 -208.0000000000
18401 -207.0000000000
18402 -206.0000000000
18403 -205.0000000000
18426 -204.0000000000
18459 -203.0000000000
18494 -202.0000000000
18567 -201.0000000000
18622 -200.0000000000
18657 -199.0000000000
18793 -198.0000000000
18862 -197.0000000000
18951 -196.0000000000
19047 -195.0000000000
19097 -194.0000000000
19189 -193.0000000000
19193 -192.0000000000
19206 -191.0000000000
19394 -190.0000000000
19420 -188.0000000000
19455 -187.0000000000
19460 -186.0000000000
19540 -185.0000000000
19630 -184.0000000000
19643 -183.0000000000
19650 -182.0000000000
19720 -181.0000000000
19737 -180.0000000000
19738 -179.0000000000
19743 -178.0000000000
19820 -177.0000000000
19832 -176.0000000000
19844 -175.0000000000
19890 -174.0000000000
20018 -173.0000000000
20045 -172.0000000000
20053 -171.0000000000
20080 -170.0000000000
20137 -169.0000000000
20221 -168.0000000000
20319 -167.0000000000
20352 -166.0000000000
20483 -165.0000000000
20504 -164.0000000000
20538 -163.0000000000
20695 -162.0000000000
20705 -161.0000000000
20849 -160.0000000000
20866 -159.0000000000
20966 -158.0000000000
20987 -157.0000000000
21070 -156.0000000000
21073 -155.0000000000
21135 -154.0000000000
21198 -153.0000000000
21199 -152.0000000000
21252 -151.0000000000
21329 -150.0000000000
21381 -149.0000000000
21541 -148.0000000000
21560 -147.0000000000
21689 -146.0000000000
21866 -145.0000000000
21999 -144.0000000000
22124 -143.0000000000
22151 -142.0000000000
22189 -141.0000000000
22392 -140.0000000000
22400 -139.0000000000
22421 -138.0000000000
22455 -137.0000000000
22477 -136.0000000000
22514 -135.0000000000
22516 -134.0000000000
22550 -133.0000000000
22576 -132.0000000000
22591 -131.0000000000
22627 -130.0000000000
22650 -128.0000000000
22695 -127.0000000000
22810 -126.0000000000
22831 -125.0000000000
22844 -124.0000000000
22866 -123.0000000000
22920 -122.0000000000
22975 -121.0000000000
23000 -120.0000000000
23094 -119.0000000000
23123 -118.0000000000
23174 -117.0000000000
23352 -116.0000000000
23457 -115.0000000000
23533 -114.0000000000
23687 -113.0000000000
23733 -112.0000000000
23755 -111.0000000000
23759 -110.0000000000
23840 -109.0000000000
24033 -107.0000000000
24080 -106.0000000000
24199 -105.0000000000
24401 -104.0000000000
24596 -103.0000000000
24706 -102.0000000000
24801 -101.0000000000
24804 -100.0000000000
24806 -99.0000000000
24885 -98.0000000000
24923 -97.0000000000
24959 -95.0000000000
25022 -94.0000000000
25034 -93.0000000000
25221 -92.0000000000
25275 -91.0000000000
25329 -90.0000000000
25407 -89.0000000000
25451 -88.0000000000
25502 -87.0000000000
25537 -86.0000000000
25539 -85.0000000000
25803 -84.0000000000
25914 -83.0000000000
25921 -82.0000000000
26080 -81.0000000000
26081 -80.0000000000
26270 -79.0000000000
26812 -78.0000000000
26880 -77.0000000000
26908 -76.0000000000
26925 -75.0000000000
26988 -74.0000000000
26989 -73.0000000000
27211 -72.0000000000
27474 -71.0000000000
27477 -70.0000000000
27513 -69.0000000000
27545 -68.0000000000
27558 -67.0000000000
27595 -66.0000000000
27629 -65.0000000000
27723 -64.0000000000
27743 -63.0000000000
28039 -62.0000000000
28298 -61.0000000000
28313 -60.0000000000
28455 -59.0000000000
28533 -58.0000000000
28939 -57.0000000000
28962 -56.0000000000
28978 -55.0000000000
29449 -54.0000000000
29617 -53.0000000000
29869 -52.0000000000
30087 -51.0000000000
30159 -50.0000000000
30685 -49.0000000000
30830 -48.0000000000
30943 -47.0000000000
31063 -46.0000000000
31121 -45.0000000000
31415 -44.0000000000
31502 -43.0000000000
31533 -42.0000000000
31582 -41.0000000000
31737 -40.0000000000
31923 -39.0000000000
32232 -38.0000000000
32279 -37.0000000000
32452 -36.0000000000
32671 -35.0000000000
32909 -34.0000000000
32976 -33.0000000000
33058 -32.0000000000
33235 -31.0000000000
33296 -30.0000000000
33596 -29.0000000000
33635 -28.0000000000
34044 -27.0000000000
34171 -26.0000000000
34176 -25.0000000000
34201 -24.0000000000
34218 -23.0000000000
34226 -22.0000000000
34272 -21.0000000000
34943 -20.0000000000
34963 -19.0000000000
35588 -18.0000000000
35643 -17.0000000000
35853 -16.0000000000
36000 -15.0000000000
36380 -14.0000000000
36550 -13.0000000000
36942 -12.0000000000
37122 -11.0000000000
37478 -10.0000000000
38072 -9.0000000000
38135 -8.0000000000
38518 -7.0000000000
38706 -6.0000000000
39076 -5.0000000000
39650 -4.0000000000
39713 -3.0000000000
40384 -2.0000000000
41241 -1.0000000000
41421 132.9600000000
41430 147.7900000000
41450 154.2700000000
41451 154.6000000000
41562 162.1700000000
42341 168.3700000000
47621 172.4400000000
53006 172.5700000000
71024 173.7200000000
90167 176.3800000000
100001 132.6100000000
evaluations raw_y
1 -1994.0000000000
7 -1993.0000000000
10 -1992.0000000000
14 -1989.0000000000
15 -1988.0000000000
22 -1987.0000000000
24 -1985.0000000000
28 -1984.0000000000
32 -1983.0000000000
39 -1981.0000000000
40 -1980.0000000000
44 -1979.0000000000
48 -1978.0000000000
49 -1976.0000000000
59 -1975.0000000000
64 -1974.0000000000
67 -1973.0000000000
71 -1972.0000000000
75 -1971.0000000000
86 -1970.0000000000
87 -1968.0000000000
93 -1967.0000000000
95 -1966.0000000000
98 -1965.0000000000
101 -1964.0000000000
102 -1963.0000000000
104 -1962.0000000000
107 -1961.0000000000
108 -1960.0000000000
110 -1958.0000000000
112 -1957.0000000000
115 -1956.0000000000
117 -1954.0000000000
137 -1953.0000000000
140 -1952.0000000000
145 -1951.0000000000
146 -1950.0000000000
147 -1949.0000000000
148 -1948.0000000000
149 -1947.0000000000
155 -1946.0000000000
162 -1945.0000000000
164 -1944.0000000000
166 -1943.0000000000
167 -1942.0000000000
173 -1941.0000000000
177 -1940.0000000000
178 -1939.0000000000
180 -1937.0000000000
191 -1935.0000000000
192 -1934.0000000000
193 -1933.0000000000
198 -1932.0000000000
204 -1930.0000000000
207 -1929.0000000000
209 -1928.0000000000
210 -1927.0000000000
213 -1926.0000000000
219 -1925.0000000000
223 -1923.0000000000
224 -1922.0000000000
228 -1921.0000000000
237 -1920.0000000000
239 -1919.0000000000
242 -1918.0000000000
247 -1916.0000000000
255 -1915.0000000000
257 -1914.0000000000
259 -1913.0000000000
275 -1911.0000000000
280 -1910.0000000000
282 -1908.0000000000
283 -1907.0000000000
284 -1905.0000000000
288 -1904.0000000000
290 -1903.0000000000
301 -1901.0000000000
307 -1899.0000000000
308 -1898.0000000000
318 -1897.0000000000
331 -1896.0000000000
332 -1895.0000000000
334 -1894.0000000000
339 -1893.0000000000
346 -1892.0000000000
347 -1891.0000000000
351 -1889.0000000000
354 -1888.0000000000
357 -1887.0000000000
363 -1886.0000000000
364 -1884.0000000000
369 -1883.0000000000
388 -1882.0000000000
401 -1881.0000000000
402 -1880.0000000000
403 -1879.0000000000
406 -1878.0000000000
410 -1877.0000000000
426 -1876.0000000000
435 -1875.0000000000
436 -1874.0000000000
441 -1873.0000000000
447 -1872.0000000000
456 -1871.0000000000
459 -1870.0000000000
460 -1869.0000000000
465 -1868.0000000000
469 -1867.0000000000
471 -1866.0000000000
477 -1865.0000000000
481 -1863.0000000000
482 -1862.0000000000
489 -1861.0000000000
492 -1860.0000000000
493 -1859.0000000000
498 -1857.0000000000
502 -1856.0000000000
503 -1855.0000000000
505 -1854.0000000000
508 -1853.0000000000
510 -1852.0000000000
513 -1851.0000000000
514 -1850.0000000000
517 -1849.0000000000
520 -1848.0000000000
524 -1847.0000000000
528 -1846.0000000000
529 -1845.0000000000
532 -1844.0000000000
535 -1843.0000000000
537 -1842.0000000000
540 -1841.0000000000
546 -1840.0000000000
549 -1839.0000000000
552 -1835.0000000000
555 -1834.0000000000
556 -1833.0000000000
561 -1831.0000000000
564 -1830.0000000000
567 -1829.0000000000
571 -1828.0000000000
574 -1827.0000000000
578 -1825.0000000000
584 -1824.0000000000
587 -1823.0000000000
592 -1821.0000000000
598 -1820.0000000000
599 -1818.0000000000
601 -1816.0000000000
604 -1815.0000000000
607 -1814.0000000000
609 -1812.0000000000
617 -1811.0000000000
621 -1809.0000000000
623 -1807.0000000000
629 -1806.0000000000
632 -1805.0000000000
636 -1804.0000000000
643 -1802.0000000000
645 -1801.0000000000
649 -1800.0000000000
653 -1798.0000000000
660 -1797.0000000000
663 -1796.0000000000
664 -1794.0000000000
670 -1793.0000000000
672 -1792.0000000000
677 -1790.0000000000
681 -1788.0000000000
686 -1787.0000000000
690 -1785.0000000000
707 -1784.0000000000
710 -1783.0000000000
711 -1782.0000000000
724 -1781.0000000000
727 -1780.0000000000
732 -1779.0000000000
734 -1778.0000000000
739 -1777.0000000000
743 -1776.0000000000
747 -1775.0000000000
748 -1774.0000000000
751 -1773.0000000000
754 -1772.0000000000
759 -1771.0000000000
760 -1769.0000000000
762 -1768.0000000000
765 -1767.0000000000
771 -1766.0000000000
772 -1765.0000000000
775 -1764.0000000000
781 -1763.0000000000
783 -1762.0000000000
786 -1761.0000000000
787 -1760.0000000000
790 -1759.0000000000
791 -1758.0000000000
792 -1757.0000000000
793 -1756.0000000000
795 -1755.0000000000
796 -1754.0000000000
803 -1753.0000000000
809 -1752.0000000000
826 -1751.0000000000
830 -1750.0000000000
833 -1749.0000000000
840 -1748.0000000000
846 -1747.0000000000
851 -1744.0000000000
852 -1743.0000000000
859 -1741.0000000000
870 -1740.0000000000
872 -1739.0000000000
881 -1738.0000000000
882 -1736.0000000000
884 -1735.0000000000
885 -1734.0000000000
893 -1732.0000000000
895 -1731.0000000000
896 -1730.0000000000
902 -1728.0000000000
903 -1726.0000000000
904 -1725.0000000000
905 -1723.0000000000
907 -1722.0000000000
911 -1721.0000000000
919 -1720.0000000000
923 -1719.0000000000
926 -1718.0000000000
929 -1717.0000000000
933 -1716.0000000000
945 -1715.0000000000
949 -1714.0000000000
961 -1713.0000000000
963 -1712.0000000000
968 -1711.0000000000
971 -1710.0000000000
973 -1709.0000000000
985 -1707.0000000000
987 -1706.0000000000
990 -1705.0000000000
994 -1703.0000000000
1005 -1702.0000000000
1012 -1701.0000000000
1015 -1700.0000000000
1020 -1699.0000000000
1021 -1698.0000000000
1023 -1696.0000000000
1032 -1695.0000000000
1038 -1694.0000000000
1040 -1693.0000000000
1041 -1692.0000000000
1043 -1691.0000000000
1044 -1690.0000000000
1049 -1689.0000000000
1057 -1688.0000000000
1060 -1687.0000000000
1068 -1686.0000000000
1075 -1685.0000000000
1076 -1684.0000000000
1081 -1683.0000000000
1082 -1682.0000000000
1089 -1681.0000000000
1090 -1680.0000000000
1100 -1678.0000000000
1103 -1677.0000000000
1104 -1676.0000000000
1105 -1674.0000000000
1109 -1673.0000000000
1110 -1672.0000000000
1111 -1671.0000000000
1119 -1670.0000000000
1121 -1668.0000000000
1124 -1667.0000000000
1135 -1666.0000000000
1144 -1664.0000000000
1148 -1663.0000000000
1152 -1662.0000000000
1161 -1660.0000000000
1163 -1659.0000000000
1167 -1658.0000000000
1168 -1657.0000000000
1173 -1655.0000000000
1180 -1654.0000000000
1183 -1653.0000000000
1190 -1652.0000000000
1192 -1651.0000000000
1215 -1649.0000000000
1219 -1648.0000000000
1225 -1647.0000000000
1237 -1645.0000000000
1244 -1643.0000000000
1253 -1642.0000000000
1257 -1641.0000000000
1264 -1639.0000000000
1265 -1638.0000000000
1272 -1637.0000000000
1287 -1636.0000000000
1288 -1635.0000000000
1292 -1634.0000000000
1294 -1633.0000000000
1298 -1632.0000000000
1306 -1631.0000000000
1312 -1630.0000000000
1315 -1629.0000000000
1330 -1628.0000000000
1334 -1627.0000000000
1335 -1626.0000000000
1338 -1624.0000000000
1342 -1623.0000000000
1344 -1621.0000000000
1351 -1620.0000000000
1354 -1618.0000000000
1357 -1617.0000000000
1359 -1616.0000000000
1366 -1615.0000000000
1368 -1614.0000000000
1371 -1613.0000000000
1377 -1612.0000000000
1378 -1611.0000000000
1381 -1610.0000000000
1383 -1609.0000000000
1384 -1608.0000000000
1388 -1607.0000000000
1390 -1606.0000000000
1393 -1605.0000000000
1395 -1603.0000000000
1396 -1601.0000000000
1404 -1600.0000000000
1408 -1599.0000000000
1415 -1598.0000000000
1416 -1597.0000000000
1433 -1596.0000000000
1439 -1595.0000000000
1443 -1594.0000000000
1444 -1593.0000000000
1455 -1592.0000000000
1456 -1591.0000000000
1460 -1590.0000000000
1472 -1589.0000000000
1476 -1588.0000000000
1490 -1587.0000000000
1493 -1586.0000000000
1494 -1585.0000000000
1500 -1584.0000000000
1506 -1583.0000000000
1508 -1582.0000000000
1509 -1581.0000000000
1511 -1580.0000000000
1518 -1578.0000000000
1520 -1577.0000000000
1534 -1576.0000000000
1535 -1574.0000000000
1537 -1573.0000000000
1539 -1572.0000000000
1544 -1570.0000000000
1547 -1569.0000000000
1553 -1568.0000000000
1557 -1567.0000000000
1558 -1566.0000000000
1559 -1565.0000000000
1560 -1564.0000000000
1561 -1562.0000000000
1567 -1561.0000000000
1569 -1560.0000000000
1572 -1558.0000000000
1579 -1557.0000000000
1580 -1556.0000000000
1582 -1554.0000000000
1586 -1552.0000000000
1596 -1551.0000000000
1604 -1550.0000000000
1607 -1549.0000000000
1620 -1548.0000000000
1629 -1547.0000000000
1630 -1546.0000000000
1638 -1544.0000000000
1642 -1543.0000000000
1643 -1542.0000000000
1655 -1541.0000000000
1656 -1540.0000000000
1658 -1539.0000000000
1660 -1538.0000000000
1666 -1536.0000000000
1669 -1535.0000000000
1671 -1534.0000000000
1691 -1533.0000000000
1694 -1532.0000000000
1698 -1531.0000000000
1700 -1530.0000000000
1702 -1529.0000000000
1703 -1528.0000000000
1707 -1526.0000000000
1710 -1525.0000000000
1722 -1523.0000000000
1725 -1522.0000000000
1729 -1520.0000000000
1734 -1519.0000000000
1736 -1518.0000000000
1743 -1517.0000000000
1755 -1516.0000000000
1759 -1515.0000000000
1760 -1514.0000000000
1761 -1513.0000000000
1768 -1512.0000000000
1775 -1511.0000000000
1777 -1510.0000000000
1779 -1509.0000000000
1784 -1508.0000000000
1799 -1507.0000000000
1814 -1506.0000000000
1821 -1505.0000000000
1823 -1504.0000000000
1827 -1503.0000000000
1832 -1502.0000000000
1839 -1501.0000000000
1843 -1500.0000000000
1846 -1499.0000000000
1848 -1497.0000000000
1849 -1496.0000000000
1852 -1495.0000000000
1856 -1493.0000000000
1860 -1492.0000000000
1864 -1491.0000000000
1870 -1490.0000000000
1877 -1489.0000000000
1881 -1488.0000000000
1882 -1487.0000000000
1890 -1486.0000000000
1901 -1484.0000000000
1910 -1482.0000000000
1913 -1481.0000000000
1918 -1479.0000000000
1931 -1478.0000000000
1950 -1477.0000000000
1952 -1475.0000000000
1957 -1474.0000000000
1961 -1473.0000000000
1962 -1472.0000000000
1965 -1471.0000000000
1972 -1469.0000000000
1973 -1468.0000000000
1984 -1467.0000000000
1992 -1466.0000000000
2000 -1465.0000000000
2002 -1464.0000000000
2005 -1462.0000000000
2019 -1461.0000000000
2022 -1460.0000000000
2023 -1459.0000000000
2033 -1457.0000000000
2034 -1456.0000000000
2037 -1455.0000000000
2040 -1454.0000000000
2044 -1453.0000000000
2051 -1452.0000000000
2069 -1450.0000000000
2073 -1449.0000000000
2075 -1448.0000000000
2078 -1447.0000000000
2080 -1446.0000000000
2081 -1445.0000000000
2089 -1443.0000000000
2090 -1442.0000000000
2093 -1441.0000000000
2094 -1440.0000000000
2114 -1439.0000000000
2117 -1438.0000000000
2119 -1437.0000000000
2125 -1436.0000000000
2127 -1435.0000000000
2137 -1434.0000000000
2138 -1433.0000000000
2147 -1432.0000000000
2148 -1431.0000000000
2152 -1430.0000000000
2159 -1428.0000000000
2164 -1426.0000000000
2165 -1425.0000000000
2171 -1424.0000000000
2176 -1423.0000000000
2177 -1422.0000000000
2185 -1421.0000000000
2192 -1420.0000000000
2204 -1419.0000000000
2210 -1418.0000000000
2212 -1417.0000000000
2216 -1416.0000000000
2228 -1415.0000000000
2231 -1414.0000000000
2234 -1412.0000000000
2242 -1411.0000000000
2249 -1410.0000000000
2268 -1408.0000000000
2279 -1407.0000000000
2284 -1406.0000000000
2292 -1405.0000000000
2298 -1404.0000000000
2299 -1403.0000000000
2309 -1402.0000000000
2312 -1401.0000000000
2330 -1400.0000000000
2333 -1399.0000000000
2335 -1398.0000000000
2347 -1397.0000000000
2348 -1396.0000000000
2353 -1395.0000000000
2354 -1393.0000000000
2361 -1392.0000000000
2364 -1391.0000000000
2369 -1390.0000000000
2372 -1389.0000000000
2374 -1388.0000000000
2377 -1387.0000000000
2386 -1385.0000000000
2388 -1384.0000000000
2391 -1383.0000000000
2395 -1382.0000000000
2411 -1380.0000000000
2423 -1379.0000000000
2425 -1377.0000000000
2436 -1376.0000000000
2438 -1375.0000000000
2439 -1374.0000000000
2441 -1373.0000000000
2442 -1372.0000000000
2445 -1371.0000000000
2446 -1370.0000000000
2451 -1369.0000000000
2452 -1368.0000000000
2457 -1367.0000000000
2460 -1366.0000000000
2466 -1365.0000000000
2479 -1362.0000000000
2486 -1361.0000000000
2493 -1360.0000000000
2496 -1359.0000000000
2504 -1358.0000000000
2505 -1357.0000000000
2512 -1355.0000000000
2514 -1354.0000000000
2528 -1353.0000000000
2546 -1352.0000000000
2550 -1351.0000000000
2557 -1349.0000000000
2560 -1348.0000000000
2561 -1347.0000000000
2563 -1346.0000000000
2576 -1343.0000000000
2579 -1342.0000000000
2581 -1340.0000000000
2598 -1339.0000000000
2604 -1338.0000000000
2607 -1336.0000000000
2618 -1335.0000000000
2636 -1334.0000000000
2640 -1333.0000000000
2642 -1332.0000000000
2677 -1331.0000000000
2687 -1330.0000000000
2690 -1328.0000000000
2694 -1327.0000000000
2701 -1326.0000000000
2705 -1324.0000000000
2707 -1322.0000000000
2708 -1321.0000000000
2713 -1320.0000000000
2714 -1319.0000000000
2719 -1318.0000000000
2726 -1317.0000000000
2735 -1316.0000000000
2740 -1315.0000000000
2741 -1314.0000000000
2745 -1313.0000000000
2753 -1312.0000000000
2755 -1311.0000000000
2758 -1310.0000000000
2760 -1308.0000000000
2761 -1307.0000000000
2764 -1306.0000000000
2765 -1304.0000000000
2769 -1303.0000000000
2770 -1302.0000000000
2776 -1301.0000000000
2783 -1300.0000000000
2784 -1299.0000000000
2793 -1298.0000000000
2804 -1297.0000000000
2806 -1296.0000000000
2817 -1294.0000000000
2819 -1293.0000000000
2828 -1292.0000000000
2829 -1291.0000000000
2834 -1290.0000000000
2837 -1289.0000000000
2842 -1288.0000000000
2845 -1287.0000000000
2849 -1286.0000000000
2851 -1285.0000000000
2863 -1284.0000000000
2870 -1283.0000000000
2872 -1282.0000000000
2899 -1281.0000000000
2903 -1280.0000000000
2910 -1279.0000000000
2911 -1278.0000000000
2923 -1277.0000000000
2928 -1276.0000000000
2929 -1275.0000000000
2931 -1274.0000000000
2947 -1273.0000000000
2948 -1272.0000000000
2951 -1271.0000000000
2964 -1269.0000000000
2967 -1268.0000000000
2984 -1267.0000000000
2998 -1266.0000000000
3005 -1265.0000000000
3007 -1264.0000000000
3009 -1263.0000000000
3011 -1262.0000000000
3012 -1261.0000000000
3022 -1259.0000000000
3029 -1258.0000000000
3040 -1257.0000000000
3044 -1256.0000000000
3047 -1255.0000000000
3054 -1254.0000000000
3062 -1253.0000000000
3068 -1252.0000000000
3072 -1251.0000000000
3074 -1250.0000000000
3091 -1249.0000000000
3094 -1248.0000000000
3097 -1247.0000000000
3108 -1246.0000000000
3112 -1245.0000000000
3115 -1244.0000000000
3127 -1243.0000000000
3136 -1241.0000000000
3139 -1240.0000000000
3150 -1239.0000000000
3165 -1238.0000000000
3167 -1237.0000000000
3185 -1236.0000000000
3192 -1235.0000000000
3198 -1234.0000000000
3199 -1233.0000000000
3207 -1232.0000000000
3208 -1231.0000000000
3211 -1230.0000000000
3214 -1229.0000000000
3220 -1228.0000000000
3221 -1227.0000000000
3226 -1226.0000000000
3230 -1225.0000000000
3231 -1224.0000000000
3232 -1223.0000000000
3236 -1222.0000000000
3245 -1221.0000000000
3249 -1220.0000000000
3250 -1219.0000000000
3260 -1218.0000000000
3264 -1217.0000000000
3280 -1216.0000000000
3289 -1215.0000000000
3293 -1214.0000000000
3299 -1213.0000000000
3311 -1212.0000000000
3313 -1211.0000000000
3333 -1210.0000000000
3341 -1209.0000000000
3343 -1208.0000000000
3356 -1207.0000000000
3365 -1206.0000000000
3367 -1205.0000000000
3370 -1204.0000000000
3387 -1203.0000000000
3391 -1202.0000000000
3397 -1201.0000000000
3401 -1200.0000000000
3402 -1199.0000000000
3403 -1198.0000000000
3409 -1197.0000000000
3416 -1196.0000000000
3418 -1195.0000000000
3430 -1193.0000000000
3432 -1192.0000000000
3435 -1191.0000000000
3448 -1190.0000000000
3455 -1189.0000000000
3460 -1188.0000000000
3462 -1187.0000000000
3470 -1186.0000000000
3479 -1185.0000000000
3484 -1182.0000000000
3487 -1180.0000000000
3499 -1179.0000000000
3502 -1178.0000000000
3504 -1177.0000000000
3513 -1176.0000000000
3517 -1175.0000000000
3533 -1174.0000000000
3539 -1172.0000000000
3545 -1171.0000000000
3569 -1170.0000000000
3571 -1169.0000000000
3573 -1168.0000000000
3578 -1167.0000000000
3582 -1166.0000000000
3600 -1165.0000000000
3609 -1164.0000000000
3613 -1163.0000000000
3621 -1162.0000000000
3637 -1160.0000000000
3646 -1159.0000000000
3647 -1158.0000000000
3660 -1157.0000000000
3677 -1156.0000000000
3691 -1153.0000000000
3697 -1152.0000000000
3699 -1151.0000000000
3707 -1150.0000000000
3714 -1149.0000000000
3722 -1148.0000000000
3725 -1147.0000000000
3731 -1145.0000000000
3745 -1144.0000000000
3746 -1143.0000000000
3747 -1142.0000000000
3755 -1141.0000000000
3767 -1140.0000000000
3770 -1139.0000000000
3775 -1138.0000000000
3804 -1137.0000000000
3806 -1135.0000000000
3808 -1134.0000000000
3809 -1133.0000000000
3813 -1132.0000000000
3830 -1131.0000000000
3839 -1130.0000000000
3864 -1129.0000000000
3869 -1128.0000000000
3871 -1127.0000000000
3873 -1126.0000000000
3875 -1125.0000000000
3876 -1124.0000000000
3877 -1123.0000000000
3881 -1122.0000000000
3892 -1121.0000000000
3894 -1119.0000000000
3897 -1118.0000000000
3901 -1117.0000000000
3921 -1114.0000000000
3935 -1113.0000000000
3937 -1112.0000000000
3940 -1111.0000000000
3950 -1110.0000000000
3957 -1109.0000000000
3967 -1108.0000000000
3971 -1107.0000000000
3978 -1106.0000000000
3990 -1105.0000000000
3999 -1103.0000000000
4000 -1102.0000000000
4009 -1101.0000000000
4014 -1099.0000000000
4022 -1098.0000000000
4025 -1097.0000000000
4029 -1096.0000000000
4041 -1094.0000000000
4043 -1093.0000000000
4044 -1091.0000000000
4052 -1090.0000000000
4069 -1089.0000000000
4074 -1088.0000000000
4080 -1087.0000000000
4083 -1085.0000000000
4090 -1084.0000000000
4096 -1083.0000000000
4101 -1082.0000000000
4119 -1081.0000000000
4120 -1080.0000000000
4136 -1079.0000000000
4138 -1078.0000000000
4155 -1076.0000000000
4174 -1075.0000000000
4182 -1074.0000000000
4196 -1072.0000000000
4197 -1071.0000000000
4209 -1070.0000000000
4210 -1069.0000000000
4222 -1068.0000000000
4229 -1067.0000000000
4230 -1066.0000000000
4231 -1065.0000000000
4260 -1064.0000000000
4261 -1063.0000000000
4262 -1062.0000000000
4279 -1060.0000000000
4304 -1059.0000000000
4306 -1058.0000000000
4307 -1057.0000000000
4313 -1056.0000000000
4336 -1054.0000000000
4346 -1052.0000000000
4352 -1051.0000000000
4380 -1050.0000000000
4388 -1048.0000000000
4396 -1047.0000000000
4408 -1046.0000000000
4410 -1045.0000000000
4413 -1044.0000000000
4424 -1043.0000000000
4425 -1042.0000000000
4432 -1041.0000000000
4433 -1039.0000000000
4435 -1038.0000000000
4441 -1037.0000000000
4442 -1036.0000000000
4448 -1035.0000000000
4449 -1034.0000000000
4451 -1033.0000000000
4470 -1032.0000000000
4474 -1031.0000000000
4478 -1030.0000000000
4499 -1029.0000000000
4504 -1028.0000000000
4523 -1027.0000000000
4540 -1026.0000000000
4561 -1025.0000000000
4565 -1024.0000000000
4580 -1023.0000000000
4587 -1022.0000000000
4603 -1021.0000000000
4616 -1019.0000000000
4624 -1018.0000000000
4635 -1017.0000000000
4641 -1016.0000000000
4651 -1015.0000000000
4671 -1014.0000000000
4672 -1013.0000000000
4678 -1012.0000000000
4679 -1011.0000000000
4681 -1010.0000000000
4682 -1009.0000000000
4685 -1008.0000000000
4700 -1007.0000000000
4705 -1006.0000000000
4724 -1005.0000000000
4734 -1004.0000000000
4739 -1003.0000000000
4744 -1002.0000000000
4745 -1001.0000000000
4748 -1000.0000000000
4759 -999.0000000000
4761 -998.0000000000
4770 -996.0000000000
4777 -994.0000000000
4786 -992.0000000000
4797 -991.0000000000
4804 -990.0000000000
4807 -989.0000000000
4816 -987.0000000000
4830 -986.0000000000
4834 -985.0000000000
4835 -984.0000000000
4837 -983.0000000000
4839 -982.0000000000
4871 -981.0000000000
4901 -980.0000000000
4903 -979.0000000000
4910 -978.0000000000
4916 -977.0000000000
4919 -976.0000000000
4928 -975.0000000000
4950 -973.0000000000
4951 -972.0000000000
4955 -970.0000000000
4957 -969.0000000000
4960 -966.0000000000
4962 -965.0000000000
4968 -964.0000000000
4979 -962.0000000000
5001 -961.0000000000
5005 -960.0000000000
5014 -959.0000000000
5027 -958.0000000000
5057 -957.0000000000
5062 -956.0000000000
5069 -955.0000000000
5070 -954.0000000000
5072 -952.0000000000
5078 -951.0000000000
5079 -950.0000000000
5087 -949.0000000000
5094 -948.0000000000
5098 -947.0000000000
5102 -946.0000000000
5113 -945.0000000000
5118 -943.0000000000
5120 -942.0000000000
5121 -941.0000000000
5122 -940.0000000000
5135 -938.0000000000
5149 -936.0000000000
5151 -935.0000000000
5163 -934.0000000000
5169 -933.0000000000
5170 -932.0000000000
5176 -931.0000000000
5178 -930.0000000000
5185 -928.0000000000
5190 -926.0000000000
5202 -925.0000000000
5203 -923.0000000000
5215 -922.0000000000
5216 -920.0000000000
5223 -918.0000000000
5226 -917.0000000000
5246 -916.0000000000
5254 -915.0000000000
5264 -914.0000000000
5266 -913.0000000000
5287 -912.0000000000
5298 -911.0000000000
5305 -910.0000000000
5308 -909.0000000000
5309 -908.0000000000
5340 -906.0000000000
5347 -905.0000000000
5350 -904.0000000000
5358 -901.0000000000
5361 -900.0000000000
5363 -899.0000000000
5369 -898.0000000000
5370 -896.0000000000
5371 -895.0000000000
5380 -894.0000000000
5398 -893.0000000000
5407 -892.0000000000
5412 -891.0000000000
5418 -890.0000000000
5423 -889.0000000000
5424 -888.0000000000
5447 -887.0000000000
5454 -886.0000000000
5461 -884.0000000000
5479 -883.0000000000
5487 -882.0000000000
5535 -881.0000000000
5541 -880.0000000000
5565 -879.0000000000
5571 -878.0000000000
5594 -877.0000000000
5605 -876.0000000000
5612 -875.0000000000
5613 -874.0000000000
5625 -873.0000000000
5630 -872.0000000000
5639 -871.0000000000
5645 -870.0000000000
5653 -869.0000000000
5678 -868.0000000000
5684 -867.0000000000
5699 -866.0000000000
5709 -864.0000000000
5730 -863.0000000000
5733 -862.0000000000
5736 -861.0000000000
5748 -860.0000000000
5752 -859.0000000000
5785 -858.0000000000
5813 -857.0000000000
5819 -856.0000000000
5822 -855.0000000000
5832 -854.0000000000
5839 -853.0000000000
5858 -852.0000000000
5877 -851.0000000000
5897 -850.0000000000
5928 -849.0000000000
5930 -848.0000000000
5971 -847.0000000000
5976 -846.0000000000
5997 -844.0000000000
6023 -843.0000000000
6036 -842.0000000000
6044 -841.0000000000
6054 -839.0000000000
6059 -838.0000000000
6061 -837.0000000000
6110 -835.0000000000
6126 -834.0000000000
6127 -832.0000000000
6137 -830.0000000000
6152 -829.0000000000
6198 -828.0000000000
6214 -827.0000000000
6218 -826.0000000000
6224 -825.0000000000
6238 -823.0000000000
6243 -822.0000000000
6252 -821.0000000000
6313 -819.0000000000
6318 -818.0000000000
6337 -817.0000000000
6378 -816.0000000000
6384 -814.0000000000
6438 -813.0000000000
6444 -811.0000000000
6446 -810.0000000000
6450 -808.0000000000
6459 -806.0000000000
6466 -805.0000000000
6487 -804.0000000000
6503 -802.0000000000
6518 -801.0000000000
6537 -800.0000000000
6613 -799.0000000000
6634 -798.0000000000
6636 -797.0000000000
6645 -796.0000000000
6657 -795.0000000000
6668 -794.0000000000
6669 -793.0000000000
6672 -792.0000000000
6679 -791.0000000000
6700 -790.0000000000
6706 -789.0000000000
6710 -788.0000000000
6719 -787.0000000000
6723 -786.0000000000
6727 -785.0000000000
6737 -783.0000000000
6739 -782.0000000000
6767 -780.0000000000
6780 -779.0000000000
6782 -778.0000000000
6785 -777.0000000000
6797 -776.0000000000
6802 -775.0000000000
6807 -774.0000000000
6835 -773.0000000000
6840 -772.0000000000
6845 -771.0000000000
6868 -770.0000000000
6882 -768.0000000000
6890 -766.0000000000
6914 -765.0000000000
6916 -764.0000000000
6932 -762.0000000000
6934 -761.0000000000
6941 -760.0000000000
6957 -759.0000000000
7059 -758.0000000000
7088 -757.0000000000
7097 -756.0000000000
7100 -755.0000000000
7101 -754.0000000000
7111 -753.0000000000
7127 -752.0000000000
7130 -751.0000000000
7173 -748.0000000000
7181 -747.0000000000
7186 -746.0000000000
7192 -745.0000000000
7215 -744.0000000000
7220 -743.0000000000
7225 -742.0000000000
7241 -741.0000000000
7269 -740.0000000000
7283 -739.0000000000
7298 -738.0000000000
7333 -737.0000000000
7336 -736.0000000000
7339 -735.0000000000
7353 -734.0000000000
7356 -733.0000000000
7361 -732.0000000000
7377 -731.0000000000
7380 -730.0000000000
7386 -729.0000000000
7391 -728.0000000000
7422 -727.0000000000
7437 -726.0000000000
7446 -725.0000000000
7458 -724.0000000000
7473 -722.0000000000
7503 -721.0000000000
7537 -720.0000000000
7627 -719.0000000000
7716 -718.0000000000
7719 -717.0000000000
7740 -716.0000000000
7741 -715.0000000000
7762 -714.0000000000
7765 -713.0000000000
7776 -712.0000000000
7777 -711.0000000000
7780 -710.0000000000
7787 -709.0000000000
7789 -708.0000000000
7794 -706.0000000000
7798 -704.0000000000
7825 -703.0000000000
7845 -702.0000000000
7850 -701.0000000000
7879 -700.0000000000
7917 -699.0000000000
7955 -698.0000000000
7963 -697.0000000000
7973 -696.0000000000
7982 -695.0000000000
8012 -694.0000000000
8045 -693.0000000000
8060 -692.0000000000
8075 -691.0000000000
8103 -690.0000000000
8111 -689.0000000000
8112 -688.0000000000
8118 -686.0000000000
8152 -685.0000000000
8155 -684.0000000000
8159 -683.0000000000
8188 -682.0000000000
8247 -681.0000000000
8262 -680.0000000000
8266 -679.0000000000
8268 -678.0000000000
8274 -677.0000000000
8293 -676.0000000000
8324 -675.0000000000
8326 -674.0000000000
8353 -673.0000000000
8357 -672.0000000000
8371 -671.0000000000
8377 -670.0000000000
8421 -669.0000000000
8431 -668.0000000000
8449 -667.0000000000
8450 -666.0000000000
8456 -665.0000000000
8465 -663.0000000000
8471 -662.0000000000
8475 -661.0000000000
8514 -660.0000000000
8515 -659.0000000000
8572 -658.0000000000
8585 -657.0000000000
8593 -656.0000000000
8604 -655.0000000000
8622 -654.0000000000
8651 -653.0000000000
8657 -652.0000000000
8662 -651.0000000000
8667 -650.0000000000
8673 -649.0000000000
8687 -648.0000000000
8698 -647.0000000000
8703 -646.0000000000
8714 -645.0000000000
8718 -644.0000000000
8719 -643.0000000000
8730 -642.0000000000
8789 -641.0000000000
8814 -639.0000000000
8839 -637.0000000000
8848 -636.0000000000
8851 -634.0000000000
8857 -633.0000000000
8860 -632.0000000000
8873 -631.0000000000
8881 -630.0000000000
8883 -629.0000000000
8917 -628.0000000000
8920 -627.0000000000
8922 -626.0000000000
8933 -625.0000000000
8935 -624.0000000000
8969 -622.0000000000
8985 -621.0000000000
8990 -620.0000000000
9000 -619.0000000000
9034 -618.0000000000
9056 -617.0000000000
9061 -615.0000000000
9069 -614.0000000000
9077 -613.0000000000
9079 -612.0000000000
9085 -611.0000000000
9098 -610.0000000000
9119 -609.0000000000
9133 -608.0000000000
9150 -607.0000000000
9171 -606.0000000000
9185 -605.0000000000
9188 -604.0000000000
9255 -603.0000000000
9258 -602.0000000000
9260 -601.0000000000
9267 -600.0000000000
9276 -599.0000000000
9281 -598.0000000000
9337 -597.0000000000
9339 -596.0000000000
9357 -595.0000000000
9408 -594.0000000000
9411 -593.0000000000
9419 -591.0000000000
9422 -590.0000000000
9436 -589.0000000000
9438 -588.0000000000
9448 -587.0000000000
9449 -586.0000000000
9454 -585.0000000000
9495 -583.0000000000
9539 -582.0000000000
9540 -581.0000000000
9564 -580.0000000000
9586 -578.0000000000
9593 -577.0000000000
9596 -576.0000000000
9604 -575.0000000000
9621 -574.0000000000
9628 -573.0000000000
9646 -572.0000000000
9675 -571.0000000000
9696 -570.0000000000
9708 -569.0000000000
9724 -568.0000000000
9747 -567.0000000000
9751 -566.0000000000
9793 -565.0000000000
9836 -564.0000000000
9850 -563.0000000000
9870 -562.0000000000
9890 -560.0000000000
9911 -559.0000000000
9929 -558.0000000000
9950 -557.0000000000
9964 -556.0000000000
9967 -555.0000000000
9978 -554.0000000000
10030 -553.0000000000
10045 -552.0000000000
10052 -550.0000000000
10062 -549.0000000000
10077 -548.0000000000
10092 -547.0000000000
10100 -546.0000000000
10111 -545.0000000000
10147 -544.0000000000
10178 -543.0000000000
10181 -542.0000000000
10207 -541.0000000000
10218 -540.0000000000
10225 -539.0000000000
10271 -538.0000000000
10304 -537.0000000000
10336 -536.0000000000
10377 -535.0000000000
10386 -534.0000000000
10404 -533.0000000000
10424 -532.0000000000
10430 -531.0000000000
10459 -530.0000000000
10517 -529.0000000000
10527 -527.0000000000
10537 -526.0000000000
10543 -525.0000000000
10556 -524.0000000000
10560 -523.0000000000
10562 -522.0000000000
10584 -521.0000000000
10592 -520.0000000000
10602 -519.0000000000
10622 -518.0000000000
10631 -517.0000000000
10634 -516.0000000000
10636 -515.0000000000
10655 -514.0000000000
10660 -513.0000000000
10667 -512.0000000000
10676 -511.0000000000
10691 -510.0000000000
10714 -509.0000000000
10734 -508.0000000000
10758 -507.0000000000
10767 -506.0000000000
10786 -505.0000000000
10791 -504.0000000000
10824 -503.0000000000
10826 -502.0000000000
10838 -501.0000000000
10857 -500.0000000000
10860 -499.0000000000
10871 -498.0000000000
10894 -497.0000000000
10903 -496.0000000000
10913 -495.0000000000
10919 -494.0000000000
10920 -493.0000000000
10971 -492.0000000000
10979 -491.0000000000
11012 -490.0000000000
11088 -489.0000000000
11095 -488.0000000000
11096 -486.0000000000
11105 -485.0000000000
11124 -484.0000000000
11126 -482.0000000000
11143 -481.0000000000
11159 -480.0000000000
11187 -479.0000000000
11188 -478.0000000000
11232 -477.0000000000
11254 -476.0000000000
11255 -475.0000000000
11267 -474.0000000000
11268 -472.0000000000
11293 -471.0000000000
11298 -470.0000000000
11323 -469.0000000000
11351 -468.0000000000
11370 -467.0000000000
11377 -466.0000000000
11426 -465.0000000000
11452 -464.0000000000
11464 -463.0000000000
11472 -462.0000000000
11503 -461.0000000000
11506 -459.0000000000
11528 -458.0000000000
11541 -457.0000000000
11552 -456.0000000000
11560 -455.0000000000
11583 -454.0000000000
11621 -453.0000000000
11622 -452.0000000000
11644 -451.0000000000
11649 -450.0000000000
11679 -449.0000000000
11728 -448.0000000000
11733 -447.0000000000
11742 -446.0000000000
11779 -445.0000000000
11782 -444.0000000000
11791 -443.0000000000
11802 -442.0000000000
11810 -441.0000000000
11814 -440.0000000000
11815 -439.0000000000
11867 -438.0000000000
11878 -437.0000000000
11882 -436.0000000000
11894 -434.0000000000
11922 -433.0000000000
11923 -432.0000000000
11945 -431.0000000000
11967 -429.0000000000
11971 -428.0000000000
11974 -427.0000000000
11985 -426.0000000000
11994 -425.0000000000
12009 -424.0000000000
12010 -423.0000000000
12039 -422.0000000000
12045 -421.0000000000
12106 -420.0000000000
12150 -419.0000000000
12162 -418.0000000000
12175 -417.0000000000
12200 -416.0000000000
12218 -415.0000000000
12286 -414.0000000000
12288 -412.0000000000
12401 -411.0000000000
12421 -410.0000000000
12454 -409.0000000000
12463 -408.0000000000
12467 -407.0000000000
12519 -406.0000000000
12568 -405.0000000000
12619 -404.0000000000
12645 -403.0000000000
12647 -402.0000000000
12649 -401.0000000000
12723 -399.0000000000
12754 -397.0000000000
12775 -396.0000000000
12868 -395.0000000000
12876 -394.0000000000
12881 -393.0000000000
12913 -392.0000000000
12921 -390.0000000000
12953 -389.0000000000
12962 -388.0000000000
12993 -387.0000000000
13015 -386.0000000000
13030 -385.0000000000
13033 -384.0000000000
13052 -383.0000000000
13094 -382.0000000000
13139 -381.0000000000
13153 -380.0000000000
13154 -379.0000000000
13159 -378.0000000000
13169 -377.0000000000
13250 -376.0000000000
13253 -375.0000000000
13267 -374.0000000000
13305 -373.0000000000
13322 -372.0000000000
13342 -371.0000000000
13364 -369.0000000000
13367 -368.0000000000
13414 -367.0000000000
13418 -366.0000000000
13434 -364.0000000000
13450 -363.0000000000
13457 -362.0000000000
13508 -361.0000000000
13515 -360.0000000000
13566 -359.0000000000
13586 -358.0000000000
13598 -357.0000000000
13599 -356.0000000000
13627 -355.0000000000
13635 -354.0000000000
13645 -353.0000000000
13744 -352.0000000000
13788 -351.0000000000
13806 -350.0000000000
13820 -349.0000000000
13867 -348.0000000000
13868 -347.0000000000
13900 -346.0000000000
13915 -345.0000000000
13947 -344.0000000000
13996 -343.0000000000
13997 -342.0000000000
14004 -341.0000000000
14016 -340.0000000000
14061 -339.0000000000
14075 -338.0000000000
14092 -337.0000000000
14095 -336.0000000000
14108 -335.0000000000
14118 -334.0000000000
14137 -333.0000000000
14151 -332.0000000000
14155 -331.0000000000
14177 -330.0000000000
14195 -329.0000000000
14223 -328.0000000000
14263 -327.0000000000
14281 -326.0000000000
14283 -325.0000000000
14289 -324.0000000000
14292 -323.0000000000
14307 -322.0000000000
14325 -321.0000000000
14353 -320.0000000000
14362 -319.0000000000
14389 -318.0000000000
14394 -317.0000000000
14402 -316.0000000000
14479 -315.0000000000
14498 -314.0000000000
14507 -313.0000000000
14536 -312.0000000000
14552 -311.0000000000
14564 -310.0000000000
14594 -309.0000000000
14601 -308.0000000000
14622 -306.0000000000
14723 -305.0000000000
14742 -304.0000000000
14802 -303.0000000000
14916 -302.0000000000
14927 -300.0000000000
14931 -299.0000000000
14944 -298.0000000000
14965 -297.0000000000
14966 -296.0000000000
15025 -295.0000000000
15035 -294.0000000000
15052 -293.0000000000
15149 -292.0000000000
15174 -291.0000000000
15197 -290.0000000000
15218 -289.0000000000
15265 -288.0000000000
15267 -287.0000000000
15306 -286.0000000000
15338 -285.0000000000
15341 -284.0000000000
15370 -283.0000000000
15474 -282.0000000000
15477 -281.0000000000
15534 -280.0000000000
15554 -279.0000000000
15569 -278.0000000000
15611 -277.0000000000
15618 -276.0000000000
15640 -275.0000000000
15752 -274.0000000000
15759 -273.0000000000
15770 -272.0000000000
15775 -271.0000000000
15819 -270.0000000000
15882 -269.0000000000
15901 -268.0000000000
15937 -267.0000000000
15967 -266.0000000000
16003 -265.0000000000
16016 -264.0000000000
16027 -263.0000000000
16220 -262.0000000000
16240 -261.0000000000
16271 -260.0000000000
16282 -258.0000000000
16300 -257.0000000000
16377 -256.0000000000
16426 -255.0000000000
16470 -254.0000000000
16547 -253.0000000000
16548 -252.0000000000
16612 -251.0000000000
16620 -250.0000000000
16623 -249.0000000000
16695 -248.0000000000
16724 -247.0000000000
16761 -246.0000000000
16777 -245.0000000000
16796 -244.0000000000
16812 -243.0000000000
16890 -242.0000000000
16906 -241.0000000000
16933 -240.0000000000
16939 -239.0000000000
16958 -238.0000000000
16959 -237.0000000000
16997 -236.0000000000
17104 -235.0000000000
17158 -234.0000000000
17200 -233.0000000000
17239 -232.0000000000
17243 -231.0000000000
17295 -230.0000000000
17354 -229.0000000000
17381 -228.0000000000
17385 -227.0000000000
17400 -226.0000000000
17406 -224.0000000000
17422 -223.0000000000
17472 -222.0000000000
17481 -221.0000000000
17506 -220.0000000000
17514 -219.0000000000
17549 -218.0000000000
17582 -217.0000000000
17639 -216.0000000000
17653 -215.0000000000
17663 -214.0000000000
17689 -213.0000000000
17728 -212.0000000000
17758 -211.0000000000
17780 -210.0000000000
17783 -209.0000000000
17902 -208.0000000000
17953 -207.0000000000
18016 -206.0000000000
18090 -205.0000000000
18103 -204.0000000000
18118 -203.0000000000
18123 -202.0000000000
18206 -201.0000000000
18207 -200.0000000000
18287 -199.0000000000
18331 -197.0000000000
18343 -196.0000000000
18373 -195.0000000000
18419 -194.0000000000
18545 -193.0000000000
18581 -192.0000000000
18718 -191.0000000000
18727 -190.0000000000
18733 -188.0000000000
18756 -187.0000000000
18782 -186.0000000000
18784 -185.0000000000
18787 -184.0000000000
18868 -183.0000000000
18871 -182.0000000000
18882 -181.0000000000
18908 -180.0000000000
18957 -179.0000000000
19104 -178.0000000000
19123 -177.0000000000
19159 -176.0000000000
19160 -175.0000000000
19176 -174.0000000000
19212 -173.0000000000
19287 -172.0000000000
19336 -171.0000000000
19384 -170.0000000000
19392 -169.0000000000
19500 -168.0000000000
19531 -167.0000000000
19616 -166.0000000000
19623 -165.0000000000
19630 -164.0000000000
19647 -163.0000000000
19737 -162.0000000000
19805 -161.0000000000
19811 -160.0000000000
19843 -159.0000000000
19847 -158.0000000000
19867 -157.0000000000
19928 -156.0000000000
19953 -155.0000000000
20044 -154.0000000000
20103 -153.0000000000
20107 -152.0000000000
20190 -151.0000000000
20192 -150.0000000000
20330 -149.0000000000
20416 -148.0000000000
20424 -147.0000000000
20506 -146.0000000000
20823 -145.0000000000
20848 -144.0000000000
20960 -143.0000000000
21011 -142.0000000000
21081 -141.0000000000
21103 -140.0000000000
21106 -139.0000000000
21128 -138.0000000000
21193 -137.0000000000
21393 -136.0000000000
21426 -135.0000000000
21450 -134.0000000000
21512 -133.0000000000
21514 -132.0000000000
21525 -130.0000000000
21570 -129.0000000000
21572 -128.0000000000
21617 -127.0000000000
21637 -126.0000000000
21689 -125.0000000000
21720 -124.0000000000
21806 -123.0000000000
21877 -122.0000000000
22144 -121.0000000000
22162 -120.0000000000
22180 -119.0000000000
22220 -118.0000000000
22261 -117.0000000000
22270 -116.0000000000
22370 -115.0000000000
22446 -114.0000000000
22554 -113.0000000000
22572 -112.0000000000
22639 -111.0000000000
22653 -110.0000000000
22844 -109.0000000000
22900 -108.0000000000
22939 -107.0000000000
22953 -106.0000000000
22997 -105.0000000000
23017 -104.0000000000
23077 -103.0000000000
23131 -102.0000000000
23321 -101.0000000000
23388 -100.0000000000
23395 -99.0000000000
23406 -98.0000000000
23614 -97.0000000000
23722 -96.0000000000
23735 -95.0000000000
23777 -94.0000000000
23813 -93.0000000000
23869 -92.0000000000
23871 -91.0000000000
23887 -90.0000000000
23962 -89.0000000000
23975 -88.0000000000
24007 -87.0000000000
24023 -86.0000000000
24222 -85.0000000000
24243 -84.0000000000
24285 -83.0000000000
24291 -82.0000000000
24335 -81.0000000000
24351 -80.0000000000
24389 -79.0000000000
24472 -78.0000000000
24569 -77.0000000000
24750 -76.0000000000
24837 -75.0000000000
24902 -74.0000000000
25123 -73.0000000000
25283 -72.0000000000
25430 -71.0000000000
25517 -70.0000000000
25777 -69.0000000000
25867 -68.0000000000
25870 -67.0000000000
26046 -66.0000000000
26082 -65.0000000000
26328 -64.0000000000
26416 -63.0000000000
26417 -62.0000000000
26426 -61.0000000000
26567 -60.0000000000
27057 -59.0000000000
27139 -58.0000000000
27190 -57.0000000000
27213 -56.0000000000
27443 -55.0000000000
27650 -54.0000000000
27717 -53.0000000000
27815 -52.0000000000
27846 -51.0000000000
28067 -50.0000000000
28218 -49.0000000000
28373 -48.0000000000
28633 -47.0000000000
29092 -46.0000000000
29266 -45.0000000000
29270 -44.0000000000
29393 -43.0000000000
29436 -42.0000000000
30150 -41.0000000000
30266 -40.0000000000
30803 -39.0000000000
31063 -38.0000000000
31528 -37.0000000000
31556 -36.0000000000
31650 -35.0000000000
31699 -34.0000000000
32115 -33.0000000000
32227 -32.0000000000
32488 -31.0000000000
32501 -30.0000000000
33102 -29.0000000000
33821 -28.0000000000
33900 -27.0000000000
34698 -26.0000000000
34756 -25.0000000000
34877 -24.0000000000
35028 -23.0000000000
35176 -22.0000000000
35212 -21.0000000000
35637 -20.0000000000
36165 -19.0000000000
36325 -18.0000000000
36484 -17.0000000000
37007 -16.0000000000
37083 -15.0000000000
37086 -14.0000000000
37486 -13.0000000000
38116 -12.0000000000
38466 -11.0000000000
39634 -10.0000000000
39880 -9.0000000000
40467 -8.0000000000
40622 -7.0000000000
40759 -6.0000000000
40806 -5.0000000000
41613 -4.0000000000
41997 -3.0000000000
42360 -2.0000000000
42570 -1.0000000000
42825 179.2700000000
42826 180.1400000000
42828 187.5900000000
42829 198.9400000000
42850 200.0200000000
42853 204.8300000000
42960 214.0900000000
43546 216.3600000000
43612 232.3400000000
64653 245.4800000000
100001 185.8800000000
evaluations raw_y
1 -1920.0000000000
8 -1919.0000000000
11 -1917.0000000000
12 -1916.0000000000
15 -1915.0000000000
17 -1914.0000000000
24 -1913.0000000000
30 -1912.0000000000
31 -1911.0000000000
34 -1910.0000000000
36 -1908.0000000000
39 -1907.0000000000
40 -1905.0000000000
41 -1904.0000000000
46 -1903.0000000000
53 -1902.0000000000
57 -1901.0000000000
59 -1900.0000000000
61 -1899.0000000000
63 -1897.0000000000
65 -1896.0000000000
74 -1895.0000000000
75 -1893.0000000000
85 -1892.0000000000
88 -1891.0000000000
98 -1890.0000000000
99 -1889.0000000000
100 -1888.0000000000
101 -1887.0000000000
102 -1886.0000000000
103 -1884.0000000000
116 -1883.0000000000
118 -1881.0000000000
128 -1880.0000000000
130 -1879.0000000000
134 -1878.0000000000
141 -1877.0000000000
151 -1876.0000000000
153 -1875.0000000000
156 -1874.0000000000
166 -1873.0000000000
167 -1872.0000000000
168 -1871.0000000000
171 -1870.0000000000
173 -1869.0000000000
180 -1868.0000000000
185 -1867.0000000000
188 -1866.0000000000
190 -1865.0000000000
196 -1864.0000000000
215 -1863.0000000000
219 -1862.0000000000
221 -1861.0000000000
232 -1860.0000000000
235 -1859.0000000000
236 -1858.0000000000
237 -1855.0000000000
238 -1854.0000000000
239 -1851.0000000000
240 -1850.0000000000
242 -1849.0000000000
246 -1848.0000000000
247 -1847.0000000000
250 -1844.0000000000
253 -1843.0000000000
254 -1841.0000000000
255 -1840.0000000000
256 -1837.0000000000
264 -1836.0000000000
273 -1835.0000000000
275 -1834.0000000000
276 -1832.0000000000
277 -1831.0000000000
285 -1830.0000000000
300 -1829.0000000000
303 -1828.0000000000
307 -1827.0000000000
310 -1826.0000000000
313 -1825.0000000000
318 -1823.0000000000
330 -1822.0000000000
336 -1821.0000000000
338 -1820.0000000000
340 -1819.0000000000
343 -1818.0000000000
346 -1817.0000000000
348 -1816.0000000000
364 -1815.0000000000
369 -1814.0000000000
377 -1813.0000000000
381 -1812.0000000000
383 -1811.0000000000
387 -1809.0000000000
389 -1808.0000000000
398 -1806.0000000000
402 -1804.0000000000
405 -1803.0000000000
406 -1802.0000000000
409 -1799.0000000000
415 -1798.0000000000
420 -1797.0000000000
421 -1796.0000000000
423 -1795.0000000000
425 -1794.0000000000
426 -1791.0000000000
428 -1790.0000000000
429 -1789.0000000000
431 -1788.0000000000
434 -1786.0000000000
437 -1785.0000000000
440 -1784.0000000000
442 -1783.0000000000
443 -1782.0000000000
445 -1781.0000000000
450 -1780.0000000000
451 -1779.0000000000
452 -1777.0000000000
453 -1775.0000000000
454 -1774.0000000000
457 -1772.0000000000
459 -1771.0000000000
460 -1770.0000000000
464 -1769.0000000000
470 -1768.0000000000
471 -1766.0000000000
473 -1765.0000000000
487 -1764.0000000000
488 -1763.0000000000
494 -1762.0000000000
501 -1760.0000000000
506 -1759.0000000000
507 -1758.0000000000
508 -1757.0000000000
512 -1755.0000000000
518 -1754.0000000000
526 -1752.0000000000
530 -1750.0000000000
535 -1748.0000000000
536 -1747.0000000000
538 -1746.0000000000
539 -1745.0000000000
540 -1744.0000000000
541 -1743.0000000000
542 -1742.0000000000
543 -1741.0000000000
546 -1739.0000000000
547 -1737.0000000000
554 -1735.0000000000
557 -1733.0000000000
574 -1732.0000000000
589 -1731.0000000000
591 -1730.0000000000
601 -1729.0000000000
603 -1728.0000000000
610 -1727.0000000000
612 -1726.0000000000
621 -1725.0000000000
625 -1724.0000000000
632 -1722.0000000000
640 -1721.0000000000
641 -1720.0000000000
651 -1719.0000000000
654 -1718.0000000000
657 -1716.0000000000
664 -1715.0000000000
668 -1714.0000000000
676 -1712.0000000000
695 -1711.0000000000
707 -1710.0000000000
712 -1709.0000000000
715 -1707.0000000000
722 -1706.0000000000
728 -1704.0000000000
732 -1703.0000000000
737 -1702.0000000000
740 -1701.0000000000
741 -1700.0000000000
743 -1699.0000000000
745 -1698.0000000000
750 -1697.0000000000
751 -1696.0000000000
756 -1695.0000000000
763 -1693.0000000000
768 -1692.0000000000
769 -1690.0000000000
773 -1688.0000000000
774 -1687.0000000000
779 -1685.0000000000
782 -1684.0000000000
783 -1683.0000000000
786 -1682.0000000000
788 -1681.0000000000
791 -1678.0000000000
792 -1677.0000000000
801 -1675.0000000000
802 -1674.0000000000
810 -1673.0000000000
813 -1672.0000000000
818 -1671.0000000000
839 -1669.0000000000
840 -1667.0000000000
841 -1666.0000000000
844 -1665.0000000000
847 -1664.0000000000
861 -1663.0000000000
862 -1662.0000000000
867 -1661.0000000000
874 -1659.0000000000
878 -1658.0000000000
879 -1656.0000000000
887 -1655.0000000000
888 -1654.0000000000
892 -1653.0000000000
897 -1652.0000000000
907 -1650.0000000000
909 -1647.0000000000
916 -1646.0000000000
920 -1645.0000000000
923 -1644.0000000000
933 -1643.0000000000
934 -1642.0000000000
937 -1641.0000000000
939 -1640.0000000000
947 -1639.0000000000
966 -1637.0000000000
981 -1636.0000000000
984 -1635.0000000000
986 -1634.0000000000
989 -1633.0000000000
996 -1631.0000000000
1001 -1630.0000000000
1006 -1629.0000000000
1007 -1628.0000000000
1014 -1627.0000000000
1017 -1626.0000000000
1018 -1625.0000000000
1019 -1624.0000000000
1033 -1623.0000000000
1039 -1621.0000000000
1055 -1620.0000000000
1056 -1618.0000000000
1057 -1616.0000000000
1069 -1615.0000000000
1072 -1614.0000000000
1075 -1613.0000000000
1079 -1611.0000000000
1080 -1610.0000000000
1083 -1609.0000000000
1094 -1608.0000000000
1096 -1607.0000000000
1098 -1605.0000000000
1104 -1604.0000000000
1113 -1603.0000000000
1116 -1602.0000000000
1117 -1600.0000000000
1122 -1598.0000000000
1126 -1597.0000000000
1133 -1596.0000000000
1136 -1595.0000000000
1143 -1594.0000000000
1148 -1593.0000000000
1155 -1592.0000000000
1157 -1591.0000000000
1167 -1589.0000000000
1169 -1587.0000000000
1170 -1586.0000000000
1172 -1585.0000000000
1184 -1584.0000000000
1186 -1583.0000000000
1188 -1581.0000000000
1193 -1580.0000000000
1194 -1579.0000000000
1195 -1578.0000000000
1196 -1575.0000000000
1198 -1574.0000000000
1201 -1573.0000000000
1211 -1572.0000000000
1223 -1571.0000000000
1230 -1570.0000000000
1231 -1569.0000000000
1233 -1568.0000000000
1235 -1566.0000000000
1237 -1565.0000000000
1239 -1564.0000000000
1242 -1563.0000000000
1244 -1561.0000000000
1246 -1560.0000000000
1250 -1558.0000000000
1252 -1557.0000000000
1258 -1556.0000000000
1272 -1555.0000000000
1273 -1554.0000000000
1275 -1553.0000000000
1289 -1552.0000000000
1295 -1551.0000000000
1300 -1550.0000000000
1304 -1549.0000000000
1319 -1548.0000000000
1337 -1547.0000000000
1360 -1546.0000000000
1369 -1545.0000000000
1373 -1544.0000000000
1375 -1543.0000000000
1376 -1542.0000000000
1381 -1541.0000000000
1382 -1540.0000000000
1386 -1539.0000000000
1390 -1538.0000000000
1392 -1537.0000000000
1405 -1536.0000000000
1406 -1535.0000000000
1419 -1533.0000000000
1421 -1532.0000000000
1422 -1531.0000000000
1423 -1530.0000000000
1426 -1529.0000000000
1427 -1528.0000000000
1434 -1527.0000000000
1443 -1526.0000000000
1445 -1525.0000000000
1446 -1524.0000000000
1452 -1523.0000000000
1455 -1522.0000000000
1459 -1521.0000000000
1460 -1520.0000000000
1463 -1519.0000000000
1470 -1518.0000000000
1480 -1517.0000000000
1484 -1516.0000000000
1488 -1515.0000000000
1489 -1513.0000000000
1490 -1512.0000000000
1495 -1511.0000000000
1496 -1509.0000000000
1498 -1508.0000000000
1499 -1507.0000000000
1507 -1506.0000000000
1508 -1505.0000000000
1518 -1504.0000000000
1520 -1503.0000000000
1523 -1502.0000000000
1528 -1500.0000000000
1559 -1499.0000000000
1561 -1498.0000000000
1563 -1497.0000000000
1565 -1496.0000000000
1566 -1495.0000000000
1570 -1494.0000000000
1574 -1493.0000000000
1584 -1492.0000000000
1603 -1491.0000000000
1616 -1489.0000000000
1635 -1488.0000000000
1640 -1486.0000000000
1647 -1485.0000000000
1651 -1484.0000000000
1652 -1483.0000000000
1653 -1482.0000000000
1661 -1481.0000000000
1662 -1480.0000000000
1672 -1479.0000000000
1676 -1478.0000000000
1696 -1477.0000000000
1699 -1476.0000000000
1700 -1475.0000000000
1711 -1474.0000000000
1718 -1473.0000000000
1721 -1471.0000000000
1730 -1470.0000000000
1743 -1469.0000000000
1747 -1467.0000000000
1755 -1466.0000000000
1757 -1465.0000000000
1764 -1463.0000000000
1765 -1462.0000000000
1766 -1461.0000000000
1779 -1460.0000000000
1786 -1459.0000000000
1789 -1458.0000000000
1800 -1457.0000000000
1803 -1455.0000000000
1804 -1453.0000000000
1806 -1452.0000000000
1810 -1451.0000000000
1834 -1449.0000000000
1835 -1448.0000000000
1844 -1447.0000000000
1845 -1446.0000000000
1852 -1445.0000000000
1854 -1444.0000000000
1859 -1443.0000000000
1860 -1442.0000000000
1866 -1440.0000000000
1878 -1439.0000000000
1880 -1438.0000000000
1882 -1437.0000000000
1884 -1436.0000000000
1889 -1434.0000000000
1893 -1432.0000000000
1894 -1431.0000000000
1895 -1430.0000000000
1901 -1429.0000000000
1902 -1428.0000000000
1903 -1427.0000000000
1914 -1426.0000000000
1916 -1424.0000000000
1917 -1423.0000000000
1920 -1422.0000000000
1927 -1421.0000000000
1929 -1420.0000000000
1938 -1419.0000000000
1953 -1418.0000000000
1955 -1416.0000000000
1975 -1415.0000000000
1979 -1413.0000000000
1981 -1410.0000000000
1999 -1408.0000000000
2004 -1407.0000000000
2014 -1406.0000000000
2015 -1405.0000000000
2033 -1404.0000000000
2038 -1403.0000000000
2042 -1402.0000000000
2045 -1401.0000000000
2050 -1400.0000000000
2073 -1399.0000000000
2093 -1398.0000000000
2098 -1397.0000000000
2101 -1396.0000000000
2103 -1395.0000000000
2111 -1394.0000000000
2122 -1393.0000000000
2125 -1392.0000000000
2128 -1390.0000000000
2135 -1389.0000000000
2141 -1387.0000000000
2142 -1386.0000000000
2161 -1385.0000000000
2164 -1384.0000000000
2165 -1383.0000000000
2184 -1382.0000000000
2187 -1381.0000000000
2188 -1380.0000000000
2189 -1379.0000000000
2191 -1378.0000000000
2217 -1377.0000000000
2221 -1375.0000000000
2235 -1373.0000000000
2243 -1372.0000000000
2252 -1370.0000000000
2262 -1368.0000000000
2265 -1367.0000000000
2267 -1366.0000000000
2271 -1364.0000000000
2272 -1362.0000000000
2282 -1361.0000000000
2287 -1359.0000000000
2289 -1358.0000000000
2293 -1357.0000000000
2296 -1356.0000000000
2305 -1355.0000000000
2317 -1354.0000000000
2322 -1353.0000000000
2328 -1352.0000000000
2330 -1351.0000000000
2334 -1350.0000000000
2336 -1349.0000000000
2337 -1348.0000000000
2345 -1347.0000000000
2353 -1346.0000000000
2364 -1345.0000000000
2366 -1344.0000000000
2368 -1343.0000000000
2371 -1342.0000000000
2375 -1340.0000000000
2381 -1339.0000000000
2387 -1338.0000000000
2388 -1336.0000000000
2391 -1334.0000000000
2394 -1333.0000000000
2397 -1332.0000000000
2403 -1330.0000000000
2405 -1329.0000000000
2407 -1328.0000000000
2408 -1327.0000000000
2413 -1326.0000000000
2414 -1325.0000000000
2421 -1324.0000000000
2434 -1323.0000000000
2457 -1322.0000000000
2468 -1321.0000000000
2474 -1320.0000000000
2483 -1319.0000000000
2484 -1318.0000000000
2493 -1317.0000000000
2511 -1316.0000000000
2528 -1315.0000000000
2531 -1314.0000000000
2532 -1313.0000000000
2545 -1312.0000000000
2561 -1310.0000000000
2563 -1309.0000000000
2568 -1308.0000000000
2569 -1307.0000000000
2570 -1306.0000000000
2582 -1304.0000000000
2597 -1302.0000000000
2606 -1301.0000000000
2615 -1300.0000000000
2617 -1299.0000000000
2618 -1297.0000000000
2622 -1295.0000000000
2632 -1293.0000000000
2633 -1291.0000000000
2643 -1290.0000000000
2648 -1289.0000000000
2649 -1287.0000000000
2655 -1286.0000000000
2657 -1285.0000000000
2666 -1284.0000000000
2676 -1283.0000000000
2677 -1282.0000000000
2685 -1281.0000000000
2709 -1280.0000000000
2710 -1279.0000000000
2713 -1278.0000000000
2715 -1277.0000000000
2728 -1276.0000000000
2733 -1275.0000000000
2748 -1274.0000000000
2769 -1273.0000000000
2773 -1271.0000000000
2783 -1270.0000000000
2785 -1268.0000000000
2789 -1267.0000000000
2793 -1265.0000000000
2796 -1264.0000000000
2813 -1263.0000000000
2817 -1262.0000000000
2821 -1261.0000000000
2823 -1259.0000000000
2832 -1258.0000000000
2833 -1257.0000000000
2839 -1255.0000000000
2847 -1254.0000000000
2850 -1253.0000000000
2862 -1250.0000000000
2865 -1249.0000000000
2867 -1248.0000000000
2880 -1247.0000000000
2902 -1246.0000000000
2903 -1245.0000000000
2918 -1244.0000000000
2931 -1243.0000000000
2937 -1242.0000000000
2955 -1241.0000000000
2956 -1239.0000000000
2958 -1238.0000000000
2978 -1236.0000000000
2984 -1235.0000000000
2990 -1233.0000000000
2994 -1232.0000000000
2996 -1230.0000000000
2998 -1229.0000000000
3000 -1228.0000000000
3017 -1227.0000000000
3024 -1226.0000000000
3034 -1225.0000000000
3046 -1224.0000000000
3054 -1223.0000000000
3055 -1222.0000000000
3057 -1221.0000000000
3059 -1220.0000000000
3060 -1219.0000000000
3068 -1218.0000000000
3081 -1217.0000000000
3083 -1216.0000000000
3086 -1215.0000000000
3087 -1214.0000000000
3090 -1213.0000000000
3093 -1212.0000000000
3097 -1211.0000000000
3105 -1210.0000000000
3117 -1209.0000000000
3119 -1208.0000000000
3129 -1207.0000000000
3133 -1206.0000000000
3135 -1205.0000000000
3136 -1202.0000000000
3138 -1201.0000000000
3146 -1200.0000000000
3154 -1199.0000000000
3157 -1198.0000000000
3160 -1197.0000000000
3166 -1196.0000000000
3172 -1195.0000000000
3187 -1194.0000000000
3189 -1193.0000000000
3193 -1192.0000000000
3201 -1190.0000000000
3203 -1188.0000000000
3212 -1187.0000000000
3226 -1186.0000000000
3247 -1185.0000000000
3260 -1184.0000000000
3263 -1183.0000000000
3265 -1181.0000000000
3270 -1180.0000000000
3275 -1179.0000000000
3279 -1177.0000000000
3300 -1175.0000000000
3306 -1174.0000000000
3328 -1173.0000000000
3336 -1172.0000000000
3339 -1171.0000000000
3341 -1170.0000000000
3342 -1169.0000000000
3347 -1168.0000000000
3348 -1167.0000000000
3359 -1166.0000000000
3360 -1165.0000000000
3377 -1164.0000000000
3400 -1163.0000000000
3402 -1162.0000000000
3404 -1160.0000000000
3406 -1157.0000000000
3407 -1156.0000000000
3428 -1154.0000000000
3437 -1153.0000000000
3439 -1151.0000000000
3456 -1150.0000000000
3457 -1149.0000000000
3468 -1148.0000000000
3471 -1147.0000000000
3474 -1145.0000000000
3476 -1144.0000000000
3478 -1143.0000000000
3483 -1142.0000000000
3500 -1141.0000000000
3512 -1140.0000000000
3516 -1139.0000000000
3519 -1137.0000000000
3523 -1136.0000000000
3527 -1135.0000000000
3545 -1134.0000000000
3546 -1133.0000000000
3550 -1131.0000000000
3552 -1130.0000000000
3560 -1129.0000000000
3572 -1128.0000000000
3574 -1127.0000000000
3580 -1126.0000000000
3590 -1125.0000000000
3594 -1123.0000000000
3598 -1122.0000000000
3602 -1121.0000000000
3607 -1120.0000000000
3614 -1119.0000000000
3616 -1118.0000000000
3627 -1117.0000000000
3630 -1116.0000000000
3634 -1115.0000000000
3640 -1114.0000000000
3648 -1113.0000000000
3650 -1111.0000000000
3654 -1110.0000000000
3662 -1109.0000000000
3667 -1108.0000000000
3695 -1107.0000000000
3701 -1106.0000000000
3704 -1105.0000000000
3717 -1104.0000000000
3730 -1103.0000000000
3754 -1102.0000000000
3758 -1101.0000000000
3773 -1099.0000000000
3788 -1098.0000000000
3791 -1097.0000000000
3792 -1096.0000000000
3794 -1095.0000000000
3814 -1094.0000000000
3816 -1092.0000000000
3837 -1091.0000000000
3839 -1090.0000000000
3843 -1089.0000000000
3845 -1088.0000000000
3867 -1087.0000000000
3868 -1086.0000000000
3877 -1084.0000000000
3879 -1083.0000000000
3883 -1082.0000000000
3897 -1081.0000000000
3902 -1080.0000000000
3910 -1079.0000000000
3923 -1078.0000000000
3924 -1077.0000000000
3930 -1076.0000000000
3940 -1075.0000000000
3943 -1074.0000000000
3948 -1073.0000000000
3951 -1072.0000000000
3963 -1070.0000000000
3981 -1069.0000000000
3985 -1068.0000000000
4001 -1067.0000000000
4006 -1066.0000000000
4014 -1065.0000000000
4022 -1063.0000000000
4025 -1062.0000000000
4029 -1061.0000000000
4042 -1060.0000000000
4060 -1059.0000000000
4069 -1058.0000000000
4074 -1056.0000000000
4085 -1055.0000000000
4089 -1054.0000000000
4093 -1053.0000000000
4105 -1052.0000000000
4117 -1051.0000000000
4120 -1050.0000000000
4123 -1049.0000000000
4134 -1048.0000000000
4141 -1047.0000000000
4150 -1046.0000000000
4154 -1045.0000000000
4160 -1044.0000000000
4165 -1043.0000000000
4166 -1041.0000000000
4167 -1040.0000000000
4169 -1038.0000000000
4202 -1037.0000000000
4218 -1036.0000000000
4223 -1035.0000000000
4235 -1034.0000000000
4239 -1033.0000000000
4241 -1032.0000000000
4248 -1031.0000000000
4250 -1029.0000000000
4262 -1028.0000000000
4263 -1027.0000000000
4274 -1025.0000000000
4284 -1024.0000000000
4285 -1023.0000000000
4302 -1022.0000000000
4308 -1021.0000000000
4324 -1020.0000000000
4329 -1019.0000000000
4355 -1018.0000000000
4368 -1017.0000000000
4374 -1016.0000000000
4376 -1014.0000000000
4380 -1013.0000000000
4385 -1012.0000000000
4387 -1011.0000000000
4407 -1009.0000000000
4410 -1008.0000000000
4413 -1007.0000000000
4415 -1005.0000000000
4441 -1003.0000000000
4444 -1001.0000000000
4445 -1000.0000000000
4449 -999.0000000000
4454 -998.0000000000
4477 -997.0000000000
4483 -996.0000000000
4488 -995.0000000000
4494 -994.0000000000
4504 -993.0000000000
4526 -992.0000000000
4533 -991.0000000000
4534 -990.0000000000
4535 -986.0000000000
4536 -985.0000000000
4538 -983.0000000000
4552 -982.0000000000
4558 -981.0000000000
4559 -980.0000000000
4564 -979.0000000000
4576 -978.0000000000
4584 -977.0000000000
4586 -976.0000000000
4590 -975.0000000000
4596 -974.0000000000
4609 -973.0000000000
4633 -972.0000000000
4669 -971.0000000000
4677 -970.0000000000
4687 -969.0000000000
4711 -968.0000000000
4714 -966.0000000000
4717 -965.0000000000
4720 -964.0000000000
4727 -963.0000000000
4731 -962.0000000000
4739 -961.0000000000
4751 -960.0000000000
4788 -959.0000000000
4793 -958.0000000000
4804 -957.0000000000
4819 -956.0000000000
4821 -955.0000000000
4859 -954.0000000000
4870 -952.0000000000
4873 -950.0000000000
4901 -949.0000000000
4916 -948.0000000000
4935 -947.0000000000
4937 -946.0000000000
4938 -945.0000000000
4941 -944.0000000000
4942 -943.0000000000
4962 -942.0000000000
4963 -941.0000000000
4964 -940.0000000000
4970 -939.0000000000
4977 -938.0000000000
4981 -937.0000000000
4989 -936.0000000000
5011 -935.0000000000
5014 -934.0000000000
5022 -933.0000000000
5040 -932.0000000000
5051 -931.0000000000
5058 -930.0000000000
5097 -929.0000000000
5123 -928.0000000000
5135 -927.0000000000
5139 -926.0000000000
5141 -925.0000000000
5143 -923.0000000000
5159 -922.0000000000
5175 -921.0000000000
5177 -920.0000000000
5183 -919.0000000000
5184 -917.0000000000
5199 -916.0000000000
5225 -915.0000000000
5230 -914.0000000000
5246 -913.0000000000
5255 -912.0000000000
5283 -911.0000000000
5291 -910.0000000000
5292 -908.0000000000
5295 -906.0000000000
5298 -905.0000000000
5325 -904.0000000000
5334 -903.0000000000
5343 -902.0000000000
5348 -900.0000000000
5354 -899.0000000000
5360 -898.0000000000
5380 -897.0000000000
5391 -896.0000000000
5392 -895.0000000000
5401 -894.0000000000
5404 -893.0000000000
5411 -891.0000000000
5427 -890.0000000000
5431 -889.0000000000
5436 -888.0000000000
5449 -887.0000000000
5453 -886.0000000000
5469 -882.0000000000
5471 -881.0000000000
5472 -880.0000000000
5484 -879.0000000000
5493 -878.0000000000
5507 -877.0000000000
5510 -876.0000000000
5519 -875.0000000000
5526 -874.0000000000
5541 -873.0000000000
5542 -871.0000000000
5554 -870.0000000000
5556 -869.0000000000
5571 -867.0000000000
5588 -866.0000000000
5611 -865.0000000000
5620 -864.0000000000
5628 -863.0000000000
5647 -862.0000000000
5659 -861.0000000000
5668 -860.0000000000
5678 -859.0000000000
5692 -858.0000000000
5699 -857.0000000000
5708 -856.0000000000
5734 -855.0000000000
5738 -854.0000000000
5739 -853.0000000000
5758 -852.0000000000
5762 -850.0000000000
5770 -849.0000000000
5793 -848.0000000000
5795 -847.0000000000
5802 -846.0000000000
5819 -844.0000000000
5826 -843.0000000000
5836 -842.0000000000
5885 -841.0000000000
5899 -839.0000000000
5903 -838.0000000000
5907 -837.0000000000
5913 -836.0000000000
5917 -835.0000000000
5925 -834.0000000000
5926 -833.0000000000
5928 -832.0000000000
5944 -831.0000000000
5954 -830.0000000000
5957 -829.0000000000
5958 -828.0000000000
5964 -827.0000000000
5965 -825.0000000000
5967 -824.0000000000
5977 -823.0000000000
5992 -822.0000000000
5996 -821.0000000000
5997 -820.0000000000
6006 -819.0000000000
6016 -818.0000000000
6020 -817.0000000000
6026 -816.0000000000
6029 -815.0000000000
6035 -814.0000000000
6039 -813.0000000000
6055 -812.0000000000
6060 -811.0000000000
6061 -810.0000000000
6071 -809.0000000000
6084 -808.0000000000
6085 -807.0000000000
6090 -806.0000000000
6099 -805.0000000000
6112 -804.0000000000
6124 -803.0000000000
6137 -802.0000000000
6140 -801.0000000000
6159 -800.0000000000
6164 -799.0000000000
6165 -798.0000000000
6180 -797.0000000000
6181 -796.0000000000
6184 -794.0000000000
6191 -793.0000000000
6202 -792.0000000000
6209 -791.0000000000
6213 -790.0000000000
6223 -788.0000000000
6232 -787.0000000000
6246 -786.0000000000
6249 -785.0000000000
6250 -784.0000000000
6251 -783.0000000000
6254 -782.0000000000
6258 -781.0000000000
6264 -780.0000000000
6266 -779.0000000000
6269 -778.0000000000
6281 -777.0000000000
6298 -776.0000000000
6303 -775.0000000000
6306 -773.0000000000
6308 -772.0000000000
6313 -771.0000000000
6327 -769.0000000000
6331 -768.0000000000
6355 -767.0000000000
6369 -766.0000000000
6376 -765.0000000000
6390 -764.0000000000
6391 -763.0000000000
6398 -762.0000000000
6407 -761.0000000000
6424 -760.0000000000
6426 -759.0000000000
6448 -758.0000000000
6449 -757.0000000000
6468 -756.0000000000
6470 -755.0000000000
6476 -754.0000000000
6493 -753.0000000000
6503 -752.0000000000
6540 -751.0000000000
6555 -750.0000000000
6561 -748.0000000000
6565 -746.0000000000
6575 -744.0000000000
6584 -743.0000000000
6600 -742.0000000000
6605 -740.0000000000
6610 -739.0000000000
6626 -738.0000000000
6629 -737.0000000000
6640 -736.0000000000
6658 -734.0000000000
6664 -733.0000000000
6671 -732.0000000000
6688 -731.0000000000
6696 -730.0000000000
6699 -728.0000000000
6716 -727.0000000000
6720 -726.0000000000
6731 -725.0000000000
6749 -724.0000000000
6766 -723.0000000000
6775 -722.0000000000
6803 -721.0000000000
6813 -720.0000000000
6826 -719.0000000000
6857 -718.0000000000
6860 -717.0000000000
6875 -716.0000000000
6884 -715.0000000000
6894 -714.0000000000
6920 -712.0000000000
6944 -711.0000000000
6949 -709.0000000000
6967 -708.0000000000
6987 -707.0000000000
6988 -706.0000000000
6989 -705.0000000000
7008 -703.0000000000
7009 -702.0000000000
7021 -701.0000000000
7027 -700.0000000000
7041 -699.0000000000
7045 -698.0000000000
7052 -697.0000000000
7072 -695.0000000000
7075 -694.0000000000
7080 -693.0000000000
7091 -692.0000000000
7094 -691.0000000000
7099 -690.0000000000
7133 -689.0000000000
7149 -688.0000000000
7155 -686.0000000000
7169 -684.0000000000
7173 -683.0000000000
7186 -682.0000000000
7200 -681.0000000000
7223 -680.0000000000
7249 -679.0000000000
7253 -678.0000000000
7262 -677.0000000000
7277 -676.0000000000
7284 -675.0000000000
7289 -673.0000000000
7292 -672.0000000000
7293 -671.0000000000
7296 -670.0000000000
7305 -669.0000000000
7310 -668.0000000000
7318 -667.0000000000
7332 -666.0000000000
7369 -665.0000000000
7376 -664.0000000000
7420 -663.0000000000
7435 -662.0000000000
7440 -661.0000000000
7445 -660.0000000000
7452 -658.0000000000
7453 -657.0000000000
7456 -656.0000000000
7468 -655.0000000000
7482 -654.0000000000
7491 -653.0000000000
7495 -652.0000000000
7496 -651.0000000000
7522 -649.0000000000
7532 -647.0000000000
7533 -646.0000000000
7547 -645.0000000000
7557 -643.0000000000
7568 -642.0000000000
7572 -641.0000000000
7601 -640.0000000000
7620 -639.0000000000
7623 -638.0000000000
7630 -637.0000000000
7642 -636.0000000000
7651 -635.0000000000
7672 -634.0000000000
7689 -633.0000000000
7704 -632.0000000000
7728 -631.0000000000
7730 -630.0000000000
7740 -629.0000000000
7748 -628.0000000000
7751 -627.0000000000
7771 -626.0000000000
7778 -625.0000000000
7789 -624.0000000000
7796 -623.0000000000
7874 -621.0000000000
7877 -620.0000000000
7891 -619.0000000000
7909 -618.0000000000
7937 -617.0000000000
7938 -615.0000000000
7942 -614.0000000000
7948 -613.0000000000
7974 -612.0000000000
7979 -611.0000000000
7982 -610.0000000000
7997 -609.0000000000
8018 -608.0000000000
8031 -607.0000000000
8048 -605.0000000000
8061 -604.0000000000
8074 -603.0000000000
8083 -602.0000000000
8099 -601.0000000000
8107 -600.0000000000
8118 -599.0000000000
8120 -598.0000000000
8157 -597.0000000000
8161 -596.0000000000
8171 -595.0000000000
8179 -594.0000000000
8187 -593.0000000000
8220 -592.0000000000
8225 -590.0000000000
8254 -589.0000000000
8271 -588.0000000000
8283 -587.0000000000
8286 -586.0000000000
8301 -585.0000000000
8306 -584.0000000000
8309 -583.0000000000
8326 -582.0000000000
8353 -581.0000000000
8366 -580.0000000000
8380 -579.0000000000
8389 -578.0000000000
8414 -577.0000000000
8418 -576.0000000000
8437 -575.0000000000
8449 -574.0000000000
8460 -573.0000000000
8466 -572.0000000000
8468 -571.0000000000
8488 -570.0000000000
8535 -569.0000000000
8546 -568.0000000000
8549 -567.0000000000
8583 -566.0000000000
8595 -565.0000000000
8613 -564.0000000000
8638 -563.0000000000
8649 -562.0000000000
8680 -561.0000000000
8687 -560.0000000000
8720 -559.0000000000
8723 -558.0000000000
8752 -557.0000000000
8769 -556.0000000000
8777 -555.0000000000
8822 -554.0000000000
8824 -553.0000000000
8846 -551.0000000000
8884 -550.0000000000
8894 -549.0000000000
8934 -548.0000000000
8939 -547.0000000000
8947 -546.0000000000
8963 -545.0000000000
8974 -544.0000000000
8980 -543.0000000000
8991 -542.0000000000
8993 -541.0000000000
9014 -540.0000000000
9020 -539.0000000000
9032 -538.0000000000
9080 -537.0000000000
9102 -535.0000000000
9115 -534.0000000000
9140 -533.0000000000
9158 -532.0000000000
9171 -531.0000000000
9200 -530.0000000000
9202 -529.0000000000
9208 -528.0000000000
9226 -526.0000000000
9252 -525.0000000000
9261 -524.0000000000
9303 -523.0000000000
9350 -522.0000000000
9383 -520.0000000000
9386 -519.0000000000
9417 -518.0000000000
9421 -517.0000000000
9433 -516.0000000000
9444 -515.0000000000
9448 -514.0000000000
9458 -513.0000000000
9467 -512.0000000000
9486 -511.0000000000
9530 -510.0000000000
9536 -509.0000000000
9540 -508.0000000000
9557 -507.0000000000
9565 -505.0000000000
9566 -504.0000000000
9620 -503.0000000000
9624 -502.0000000000
9629 -501.0000000000
9635 -500.0000000000
9660 -498.0000000000
9676 -497.0000000000
9680 -496.0000000000
9682 -495.0000000000
9691 -494.0000000000
9692 -493.0000000000
9713 -492.0000000000
9737 -491.0000000000
9754 -490.0000000000
9763 -489.0000000000
9812 -488.0000000000
9820 -487.0000000000
9825 -486.0000000000
9831 -485.0000000000
9836 -484.0000000000
9845 -483.0000000000
9856 -482.0000000000
9877 -481.0000000000
9879 -480.0000000000
9884 -479.0000000000
9886 -478.0000000000
9912 -477.0000000000
9932 -476.0000000000
9936 -474.0000000000
9957 -473.0000000000
9967 -472.0000000000
9982 -471.0000000000
9994 -470.0000000000
10001 -469.0000000000
10041 -468.0000000000
10046 -467.0000000000
10083 -466.0000000000
10095 -465.0000000000
10105 -464.0000000000
10125 -463.0000000000
10173 -462.0000000000
10200 -461.0000000000
10202 -460.0000000000
10216 -458.0000000000
10248 -457.0000000000
10293 -456.0000000000
10318 -455.0000000000
10345 -454.0000000000
10346 -453.0000000000
10357 -451.0000000000
10379 -450.0000000000
10385 -449.0000000000
10406 -448.0000000000
10441 -447.0000000000
10454 -446.0000000000
10487 -445.0000000000
10511 -444.0000000000
10536 -443.0000000000
10537 -442.0000000000
10541 -441.0000000000
10558 -440.0000000000
10574 -438.0000000000
10601 -437.0000000000
10636 -436.0000000000
10650 -435.0000000000
10652 -434.0000000000
10673 -433.0000000000
10675 -432.0000000000
10689 -430.0000000000
10698 -429.0000000000
10708 -428.0000000000
10733 -427.0000000000
10766 -426.0000000000
10793 -425.0000000000
10860 -424.0000000000
10866 -423.0000000000
10869 -422.0000000000
10917 -421.0000000000
10925 -420.0000000000
10941 -419.0000000000
10949 -417.0000000000
10958 -416.0000000000
10959 -415.0000000000
10980 -414.0000000000
11005 -413.0000000000
11023 -411.0000000000
11036 -410.0000000000
11038 -409.0000000000
11045 -408.0000000000
11062 -407.0000000000
11091 -406.0000000000
11148 -405.0000000000
11180 -404.0000000000
11200 -403.0000000000
11253 -401.0000000000
11291 -399.0000000000
11295 -398.0000000000
11301 -397.0000000000
11306 -396.0000000000
11350 -395.0000000000
11356 -394.0000000000
11364 -392.0000000000
11422 -391.0000000000
11423 -390.0000000000
11426 -389.0000000000
11478 -388.0000000000
11483 -387.0000000000
11493 -386.0000000000
11521 -385.0000000000
11535 -384.0000000000
11545 -383.0000000000
11549 -382.0000000000
11563 -381.0000000000
11602 -380.0000000000
11617 -379.0000000000
11622 -378.0000000000
11664 -377.0000000000
11678 -376.0000000000
11696 -375.0000000000
11700 -374.0000000000
11701 -373.0000000000
11710 -372.0000000000
11754 -371.0000000000
11756 -370.0000000000
11772 -369.0000000000
11798 -368.0000000000
11804 -367.0000000000
11805 -366.0000000000
11860 -365.0000000000
11892 -364.0000000000
11899 -363.0000000000
11922 -361.0000000000
11931 -360.0000000000
11938 -359.0000000000
11955 -358.0000000000
11998 -357.0000000000
12008 -356.0000000000
12067 -354.0000000000
12070 -353.0000000000
12072 -352.0000000000
12096 -351.0000000000
12206 -350.0000000000
12307 -349.0000000000
12312 -348.0000000000
12328 -347.0000000000
12360 -346.0000000000
12380 -345.0000000000
12387 -344.0000000000
12413 -343.0000000000
12419 -342.0000000000
12421 -341.0000000000
12442 -340.0000000000
12473 -339.0000000000
12482 -338.0000000000
12484 -337.0000000000
12523 -336.0000000000
12526 -335.0000000000
12608 -334.0000000000
12613 -333.0000000000
12621 -332.0000000000
12643 -331.0000000000
12645 -329.0000000000
12651 -328.0000000000
12659 -327.0000000000
12680 -326.0000000000
12690 -325.0000000000
12694 -324.0000000000
12708 -323.0000000000
12766 -322.0000000000
12825 -321.0000000000
12834 -320.0000000000
12872 -319.0000000000
12888 -318.0000000000
12898 -317.0000000000
12901 -316.0000000000
12924 -315.0000000000
12988 -313.0000000000
13010 -312.0000000000
13106 -311.0000000000
13180 -310.0000000000
13214 -309.0000000000
13305 -308.0000000000
13309 -307.0000000000
13319 -306.0000000000
13331 -305.0000000000
13333 -304.0000000000
13351 -303.0000000000
13361 -302.0000000000
13380 -301.0000000000
13402 -300.0000000000
13438 -299.0000000000
13470 -298.0000000000
13473 -297.0000000000
13487 -296.0000000000
13530 -295.0000000000
13575 -294.0000000000
13585 -293.0000000000
13592 -292.0000000000
13617 -291.0000000000
13618 -290.0000000000
13626 -289.0000000000
13678 -288.0000000000
13754 -287.0000000000
13796 -286.0000000000
13812 -285.0000000000
13816 -284.0000000000
13839 -283.0000000000
13845 -282.0000000000
13880 -281.0000000000
13894 -280.0000000000
13907 -279.0000000000
13915 -278.0000000000
13916 -277.0000000000
13925 -276.0000000000
14016 -275.0000000000
14096 -273.0000000000
14102 -272.0000000000
14207 -271.0000000000
14241 -270.0000000000
14398 -269.0000000000
14409 -268.0000000000
14411 -267.0000000000
14419 -266.0000000000
14423 -265.0000000000
14431 -264.0000000000
14438 -263.0000000000
14450 -262.0000000000
14493 -261.0000000000
14583 -260.0000000000
14598 -259.0000000000
14620 -258.0000000000
14660 -257.0000000000
14670 -256.0000000000
14700 -255.0000000000
14849 -254.0000000000
14870 -253.0000000000
14900 -252.0000000000
14928 -251.0000000000
14982 -250.0000000000
14993 -249.0000000000
14994 -248.0000000000
15001 -247.0000000000
15064 -246.0000000000
15253 -245.0000000000
15337 -244.0000000000
15384 -243.0000000000
15407 -242.0000000000
15477 -241.0000000000
15481 -240.0000000000
15503 -239.0000000000
15552 -238.0000000000
15571 -237.0000000000
15776 -236.0000000000
15879 -235.0000000000
15899 -234.0000000000
15912 -233.0000000000
15914 -231.0000000000
15916 -230.0000000000
15953 -229.0000000000
15975 -228.0000000000
15999 -227.0000000000
16018 -226.0000000000
16050 -225.0000000000
16059 -224.0000000000
16071 -223.0000000000
16255 -222.0000000000
16285 -221.0000000000
16323 -220.0000000000
16357 -219.0000000000
16376 -218.0000000000
16379 -217.0000000000
16392 -216.0000000000
16443 -215.0000000000
16468 -214.0000000000
16543 -213.0000000000
16680 -212.0000000000
16721 -211.0000000000
16728 -210.0000000000
16731 -209.0000000000
16770 -208.0000000000
16820 -207.0000000000
16844 -206.0000000000
16951 -205.0000000000
17032 -204.0000000000
17040 -203.0000000000
17124 -202.0000000000
17247 -201.0000000000
17307 -200.0000000000
17344 -199.0000000000
17371 -198.0000000000
17398 -197.0000000000
17403 -196.0000000000
17458 -195.0000000000
17463 -194.0000000000
17501 -193.0000000000
17544 -192.0000000000
17716 -191.0000000000
17721 -190.0000000000
17769 -189.0000000000
17779 -188.0000000000
17803 -187.0000000000
17872 -186.0000000000
17957 -185.0000000000
17968 -184.0000000000
17976 -183.0000000000
18003 -182.0000000000
18023 -181.0000000000
18117 -180.0000000000
18233 -179.0000000000
18240 -178.0000000000
18260 -177.0000000000
18361 -176.0000000000
18407 -175.0000000000
18442 -174.0000000000
18448 -173.0000000000
18548 -172.0000000000
18572 -171.0000000000
18643 -170.0000000000
18706 -169.0000000000
18753 -168.0000000000
18760 -167.0000000000
18868 -166.0000000000
18891 -165.0000000000
18992 -164.0000000000
19072 -163.0000000000
19097 -162.0000000000
19122 -161.0000000000
19189 -160.0000000000
19216 -159.0000000000
19285 -158.0000000000
19287 -157.0000000000
19320 -156.0000000000
19394 -155.0000000000
19422 -154.0000000000
19431 -153.0000000000
19434 -152.0000000000
19485 -151.0000000000
19524 -150.0000000000
19631 -149.0000000000
19651 -148.0000000000
19656 -147.0000000000
19822 -146.0000000000
19830 -145.0000000000
19841 -144.0000000000
19849 -143.0000000000
20037 -142.0000000000
20047 -141.0000000000
20109 -140.0000000000
20324 -139.0000000000
20430 -138.0000000000
20477 -137.0000000000
20582 -136.0000000000
20583 -135.0000000000
20625 -134.0000000000
20667 -133.0000000000
20751 -132.0000000000
20824 -131.0000000000
20843 -130.0000000000
20896 -129.0000000000
20925 -128.0000000000
20958 -127.0000000000
20973 -126.0000000000
21066 -125.0000000000
21070 -124.0000000000
21147 -123.0000000000
21155 -122.0000000000
21204 -121.0000000000
21205 -120.0000000000
21239 -119.0000000000
21249 -118.0000000000
21251 -117.0000000000
21275 -116.0000000000
21464 -115.0000000000
21507 -114.0000000000
21531 -113.0000000000
21613 -112.0000000000
21697 -111.0000000000
21781 -110.0000000000
21817 -109.0000000000
21929 -108.0000000000
22039 -107.0000000000
22062 -106.0000000000
22087 -105.0000000000
22356 -104.0000000000
22367 -103.0000000000
22368 -102.0000000000
22456 -101.0000000000
22493 -100.0000000000
22980 -99.0000000000
22984 -98.0000000000
23014 -97.0000000000
23029 -96.0000000000
23062 -95.0000000000
23204 -94.0000000000
23398 -93.0000000000
23472 -92.0000000000
23611 -91.0000000000
23618 -90.0000000000
23778 -89.0000000000
23963 -88.0000000000
24036 -87.0000000000
24077 -86.0000000000
24125 -85.0000000000
24191 -84.0000000000
24223 -83.0000000000
24522 -82.0000000000
24532 -81.0000000000
24907 -80.0000000000
25035 -79.0000000000
25265 -78.0000000000
25415 -77.0000000000
25512 -76.0000000000
25754 -75.0000000000
25822 -74.0000000000
25889 -73.0000000000
26017 -72.0000000000
26174 -71.0000000000
26616 -70.0000000000
26696 -69.0000000000
26936 -68.0000000000
26955 -67.0000000000
27082 -66.0000000000
27301 -65.0000000000
27474 -64.0000000000
27567 -63.0000000000
27670 -62.0000000000
27818 -61.0000000000
27990 -60.0000000000
27991 -59.0000000000
28127 -58.0000000000
28138 -57.0000000000
28608 -56.0000000000
28958 -55.0000000000
29241 -54.0000000000
29626 -53.0000000000
29658 -52.0000000000
29667 -51.0000000000
29686 -50.0000000000
29760 -49.0000000000
29867 -48.0000000000
29955 -47.0000000000
29993 -46.0000000000
30029 -45.0000000000
30081 -44.0000000000
30304 -43.0000000000
30450 -42.0000000000
31121 -41.0000000000
31130 -40.0000000000
31755 -39.0000000000
31865 -38.0000000000
31918 -37.0000000000
31938 -36.0000000000
32132 -35.0000000000
32505 -34.0000000000
32800 -33.0000000000
32892 -32.0000000000
32907 -31.0000000000
33093 -30.0000000000
33105 -29.0000000000
33317 -28.0000000000
33707 -27.0000000000
34069 -26.0000000000
34493 -25.0000000000
34965 -24.0000000000
34981 -23.0000000000
35353 -22.0000000000
35924 -21.0000000000
35971 -20.0000000000
36081 -19.0000000000
36174 -18.0000000000
36449 -17.0000000000
36469 -16.0000000000
36681 -15.0000000000
38824 -14.0000000000
39457 -13.0000000000
39519 -12.0000000000
39850 -11.0000000000
40341 -10.0000000000
40426 -9.0000000000
40999 -8.0000000000
41343 -7.0000000000
41656 -6.0000000000
41827 -5.0000000000
42051 -4.0000000000
42167 -3.0000000000
42713 -2.0000000000
43487 -1.0000000000
43982 154.5200000000
43984 167.3100000000
44009 178.7500000000
44121 179.5500000000
44189 183.3700000000
44418 185.5600000000
44434 190.9000000000
48484 191.1200000000
52898 192.7400000000
62553 193.5700000000
100001 155.6800000000
evaluations raw_y
1 -2013.0000000000
4 -2012.0000000000
8 -2010.0000000000
11 -2009.0000000000
12 -2008.0000000000
18 -2007.0000000000
19 -2005.0000000000
20 -2002.0000000000
27 -2000.0000000000
28 -1999.0000000000
37 -1998.0000000000
39 -1997.0000000000
50 -1996.0000000000
53 -1995.0000000000
58 -1993.0000000000
63 -1992.0000000000
80 -1990.0000000000
86 -1989.0000000000
89 -1988.0000000000
90 -1987.0000000000
91 -1985.0000000000
94 -1983.0000000000
95 -1982.0000000000
96 -1981.0000000000
97 -1980.0000000000
99 -1979.0000000000
106 -1978.0000000000
110 -1977.0000000000
114 -1976.0000000000
118 -1975.0000000000
120 -1973.0000000000
128 -1972.0000000000
134 -1971.0000000000
135 -1969.0000000000
141 -1968.0000000000
148 -1967.0000000000
152 -1966.0000000000
158 -1965.0000000000
162 -1964.0000000000
163 -1963.0000000000
164 -1962.0000000000
168 -1961.0000000000
172 -1960.0000000000
176 -1959.0000000000
182 -1957.0000000000
187 -1956.0000000000
190 -1955.0000000000
192 -1953.0000000000
193 -1952.0000000000
197 -1951.0000000000
203 -1950.0000000000
205 -1949.0000000000
208 -1948.0000000000
211 -1947.0000000000
222 -1946.0000000000
223 -1944.0000000000
230 -1943.0000000000
234 -1941.0000000000
235 -1940.0000000000
236 -1939.0000000000
239 -1937.0000000000
241 -1936.0000000000
244 -1935.0000000000
245 -1933.0000000000
249 -1930.0000000000
251 -1928.0000000000
256 -1927.0000000000
259 -1925.0000000000
260 -1924.0000000000
261 -1923.0000000000
262 -1922.0000000000
265 -1921.0000000000
269 -1920.0000000000
270 -1917.0000000000
276 -1916.0000000000
286 -1915.0000000000
303 -1914.0000000000
313 -1913.0000000000
316 -1911.0000000000
318 -1910.0000000000
319 -1909.0000000000
322 -1908.0000000000
324 -1907.0000000000
330 -1902.0000000000
335 -1901.0000000000
337 -1900.0000000000
348 -1899.0000000000
351 -1898.0000000000
354 -1897.0000000000
355 -1896.0000000000
359 -1895.0000000000
362 -1894.0000000000
369 -1893.0000000000
372 -1892.0000000000
377 -1891.0000000000
378 -1890.0000000000
380 -1889.0000000000
381 -1887.0000000000
383 -1886.0000000000
386 -1885.0000000000
387 -1883.0000000000
392 -1882.0000000000
393 -1881.0000000000
394 -1880.0000000000
403 -1879.0000000000
407 -1878.0000000000
409 -1877.0000000000
412 -1876.0000000000
413 -1875.0000000000
414 -1874.0000000000
416 -1873.0000000000
419 -1872.0000000000
420 -1870.0000000000
422 -1869.0000000000
427 -1868.0000000000
428 -1867.0000000000
432 -1866.0000000000
436 -1865.0000000000
438 -1864.0000000000
445 -1863.0000000000
449 -1862.0000000000
457 -1861.0000000000
459 -1859.0000000000
462 -1858.0000000000
463 -1857.0000000000
468 -1856.0000000000
473 -1855.0000000000
474 -1854.0000000000
476 -1853.0000000000
483 -1851.0000000000
487 -1849.0000000000
490 -1846.0000000000
497 -1845.0000000000
500 -1844.0000000000
501 -1843.0000000000
505 -1842.0000000000
511 -1841.0000000000
515 -1840.0000000000
516 -1839.0000000000
520 -1838.0000000000
528 -1837.0000000000
530 -1836.0000000000
531 -1835.0000000000
534 -1834.0000000000
539 -1833.0000000000
549 -1832.0000000000
552 -1831.0000000000
555 -1830.0000000000
560 -1827.0000000000
568 -1826.0000000000
571 -1825.0000000000
573 -1821.0000000000
574 -1820.0000000000
577 -1819.0000000000
584 -1818.0000000000
588 -1817.0000000000
593 -1816.0000000000
595 -1815.0000000000
606 -1814.0000000000
607 -1813.0000000000
609 -1812.0000000000
611 -1810.0000000000
615 -1809.0000000000
616 -1807.0000000000
631 -1806.0000000000
635 -1805.0000000000
639 -1804.0000000000
641 -1802.0000000000
643 -1801.0000000000
644 -1800.0000000000
645 -1799.0000000000
648 -1797.0000000000
649 -1796.0000000000
650 -1795.0000000000
665 -1794.0000000000
667 -1793.0000000000
678 -1792.0000000000
684 -1791.0000000000
694 -1790.0000000000
699 -1789.0000000000
700 -1788.0000000000
706 -1787.0000000000
707 -1786.0000000000
709 -1785.0000000000
711 -1783.0000000000
714 -1782.0000000000
724 -1781.0000000000
725 -1780.0000000000
726 -1779.0000000000
737 -1778.0000000000
747 -1776.0000000000
756 -1775.0000000000
761 -1774.0000000000
769 -1772.0000000000
771 -1771.0000000000
777 -1770.0000000000
785 -1769.0000000000
786 -1768.0000000000
789 -1766.0000000000
794 -1764.0000000000
801 -1763.0000000000
803 -1762.0000000000
804 -1761.0000000000
809 -1760.0000000000
817 -1759.0000000000
821 -1758.0000000000
822 -1757.0000000000
828 -1756.0000000000
831 -1755.0000000000
832 -1754.0000000000
838 -1753.0000000000
857 -1751.0000000000
868 -1749.0000000000
875 -1748.0000000000
878 -1747.0000000000
884 -1746.0000000000
889 -1745.0000000000
895 -1744.0000000000
899 -1743.0000000000
909 -1742.0000000000
912 -1741.0000000000
913 -1739.0000000000
915 -1738.0000000000
919 -1737.0000000000
928 -1736.0000000000
930 -1735.0000000000
931 -1734.0000000000
934 -1733.0000000000
936 -1731.0000000000
942 -1730.0000000000
944 -1729.0000000000
947 -1728.0000000000
950 -1727.0000000000
965 -1726.0000000000
967 -1725.0000000000
969 -1724.0000000000
977 -1723.0000000000
979 -1722.0000000000
984 -1721.0000000000
997 -1720.0000000000
1002 -1718.0000000000
1003 -1717.0000000000
1011 -1716.0000000000
1020 -1715.0000000000
1030 -1714.0000000000
1040 -1712.0000000000
1041 -1711.0000000000
1045 -1710.0000000000
1052 -1709.0000000000
1057 -1708.0000000000
1059 -1707.0000000000
1060 -1706.0000000000
1064 -1705.0000000000
1080 -1704.0000000000
1086 -1703.0000000000
1092 -1701.0000000000
1095 -1700.0000000000
1102 -1699.0000000000
1105 -1698.0000000000
1109 -1697.0000000000
1113 -1696.0000000000
1115 -1695.0000000000
1121 -1694.0000000000
1134 -1693.0000000000
1144 -1692.0000000000
1148 -1691.0000000000
1149 -1690.0000000000
1155 -1688.0000000000
1161 -1687.0000000000
1162 -1686.0000000000
1170 -1685.0000000000
1171 -1683.0000000000
1176 -1682.0000000000
1178 -1681.0000000000
1180 -1680.0000000000
1187 -1679.0000000000
1205 -1677.0000000000
1206 -1676.0000000000
1209 -1675.0000000000
1211 -1674.0000000000
1213 -1673.0000000000
1217 -1672.0000000000
1218 -1671.0000000000
1219 -1670.0000000000
1220 -1669.0000000000
1231 -1668.0000000000
1233 -1667.0000000000
1234 -1666.0000000000
1242 -1665.0000000000
1243 -1664.0000000000
1245 -1662.0000000000
1246 -1661.0000000000
1247 -1660.0000000000
1249 -1658.0000000000
1254 -1657.0000000000
1260 -1656.0000000000
1263 -1655.0000000000
1266 -1654.0000000000
1268 -1653.0000000000
1272 -1651.0000000000
1274 -1650.0000000000
1278 -1649.0000000000
1280 -1648.0000000000
1286 -1647.0000000000
1289 -1644.0000000000
1290 -1643.0000000000
1301 -1642.0000000000
1304 -1641.0000000000
1316 -1638.0000000000
1333 -1637.0000000000
1337 -1635.0000000000
1339 -1634.0000000000
1345 -1633.0000000000
1350 -1632.0000000000
1352 -1631.0000000000
1359 -1629.0000000000
1361 -1626.0000000000
1365 -1625.0000000000
1370 -1624.0000000000
1374 -1623.0000000000
1385 -1622.0000000000
1412 -1621.0000000000
1419 -1620.0000000000
1420 -1619.0000000000
1421 -1618.0000000000
1432 -1617.0000000000
1438 -1616.0000000000
1440 -1615.0000000000
1447 -1614.0000000000
1449 -1613.0000000000
1456 -1612.0000000000
1457 -1611.0000000000
1462 -1610.0000000000
1474 -1609.0000000000
1476 -1608.0000000000
1483 -1607.0000000000
1488 -1605.0000000000
1489 -1604.0000000000
1493 -1603.0000000000
1497 -1602.0000000000
1500 -1601.0000000000
1501 -1600.0000000000
1505 -1599.0000000000
1512 -1597.0000000000
1518 -1596.0000000000
1521 -1595.0000000000
1522 -1594.0000000000
1531 -1593.0000000000
1534 -1591.0000000000
1542 -1589.0000000000
1547 -1587.0000000000
1553 -1586.0000000000
1556 -1585.0000000000
1559 -1584.0000000000
1562 -1583.0000000000
1576 -1582.0000000000
1577 -1581.0000000000
1584 -1580.0000000000
1590 -1579.0000000000
1593 -1578.0000000000
1597 -1576.0000000000
1599 -1574.0000000000
1600 -1573.0000000000
1603 -1572.0000000000
1609 -1571.0000000000
1619 -1570.0000000000
1631 -1569.0000000000
1635 -1568.0000000000
1644 -1567.0000000000
1648 -1566.0000000000
1652 -1565.0000000000
1658 -1564.0000000000
1659 -1563.0000000000
1664 -1562.0000000000
1673 -1561.0000000000
1676 -1560.0000000000
1684 -1559.0000000000
1687 -1558.0000000000
1692 -1557.0000000000
1701 -1556.0000000000
1707 -1555.0000000000
1710 -1554.0000000000
1719 -1553.0000000000
1727 -1552.0000000000
1732 -1548.0000000000
1734 -1545.0000000000
1737 -1542.0000000000
1746 -1540.0000000000
1747 -1539.0000000000
1748 -1538.0000000000
1749 -1535.0000000000
1754 -1534.0000000000
1758 -1533.0000000000
1759 -1532.0000000000
1762 -1530.0000000000
1768 -1528.0000000000
1770 -1527.0000000000
1772 -1526.0000000000
1773 -1525.0000000000
1792 -1524.0000000000
1798 -1523.0000000000
1802 -1522.0000000000
1805 -1521.0000000000
1819 -1520.0000000000
1830 -1519.0000000000
1832 -1517.0000000000
1833 -1516.0000000000
1838 -1515.0000000000
1839 -1514.0000000000
1840 -1513.0000000000
1842 -1512.0000000000
1844 -1511.0000000000
1845 -1509.0000000000
1846 -1506.0000000000
1852 -1505.0000000000
1857 -1504.0000000000
1863 -1503.0000000000
1864 -1502.0000000000
1879 -1501.0000000000
1887 -1500.0000000000
1890 -1499.0000000000
1891 -1498.0000000000
1893 -1497.0000000000
1894 -1496.0000000000
1895 -1495.0000000000
1896 -1494.0000000000
1909 -1493.0000000000
1910 -1492.0000000000
1920 -1491.0000000000
1927 -1490.0000000000
1931 -1489.0000000000
1936 -1488.0000000000
1940 -1487.0000000000
1943 -1486.0000000000
1945 -1484.0000000000
1948 -1482.0000000000
1959 -1481.0000000000
1960 -1480.0000000000
1964 -1478.0000000000
1970 -1477.0000000000
1973 -1475.0000000000
1975 -1474.0000000000
1978 -1473.0000000000
1985 -1472.0000000000
1991 -1471.0000000000
1992 -1469.0000000000
1994 -1468.0000000000
1996 -1467.0000000000
2009 -1466.0000000000
2020 -1465.0000000000
2023 -1464.0000000000
2025 -1461.0000000000
2026 -1459.0000000000
2030 -1458.0000000000
2062 -1457.0000000000
2063 -1456.0000000000
2074 -1454.0000000000
2082 -1452.0000000000
2086 -1450.0000000000
2088 -1449.0000000000
2092 -1448.0000000000
2122 -1447.0000000000
2124 -1445.0000000000
2128 -1444.0000000000
2151 -1443.0000000000
2155 -1441.0000000000
2160 -1440.0000000000
2161 -1439.0000000000
2163 -1438.0000000000
2165 -1437.0000000000
2166 -1436.0000000000
2187 -1434.0000000000
2199 -1433.0000000000
2200 -1432.0000000000
2201 -1431.0000000000
2204 -1430.0000000000
2205 -1429.0000000000
2207 -1428.0000000000
2217 -1427.0000000000
2224 -1426.0000000000
2232 -1425.0000000000
2247 -1424.0000000000
2250 -1422.0000000000
2253 -1421.0000000000
2271 -1420.0000000000
2274 -1419.0000000000
2277 -1417.0000000000
2300 -1416.0000000000
2309 -1415.0000000000
2310 -1414.0000000000
2311 -1413.0000000000
2312 -1412.0000000000
2313 -1411.0000000000
2320 -1410.0000000000
2321 -1409.0000000000
2324 -1408.0000000000
2327 -1406.0000000000
2328 -1405.0000000000
2332 -1404.0000000000
2362 -1402.0000000000
2363 -1401.0000000000
2369 -1400.0000000000
2372 -1399.0000000000
2378 -1398.0000000000
2384 -1397.0000000000
2392 -1396.0000000000
2402 -1395.0000000000
2407 -1394.0000000000
2414 -1393.0000000000
2417 -1392.0000000000
2418 -1391.0000000000
2421 -1390.0000000000
2427 -1389.0000000000
2429 -1388.0000000000
2451 -1387.0000000000
2457 -1386.0000000000
2472 -1384.0000000000
2489 -1383.0000000000
2490 -1382.0000000000
2499 -1381.0000000000
2504 -1380.0000000000
2513 -1379.0000000000
2522 -1378.0000000000
2535 -1377.0000000000
2538 -1376.0000000000
2540 -1375.0000000000
2545 -1374.0000000000
2549 -1372.0000000000
2561 -1370.0000000000
2564 -1369.0000000000
2565 -1368.0000000000
2568 -1367.0000000000
2572 -1366.0000000000
2574 -1365.0000000000
2582 -1364.0000000000
2583 -1363.0000000000
2585 -1361.0000000000
2588 -1360.0000000000
2605 -1359.0000000000
2609 -1358.0000000000
2611 -1357.0000000000
2615 -1356.0000000000
2618 -1355.0000000000
2619 -1354.0000000000
2621 -1353.0000000000
2636 -1352.0000000000
2642 -1351.0000000000
2644 -1350.0000000000
2654 -1349.0000000000
2655 -1348.0000000000
2662 -1347.0000000000
2665 -1346.0000000000
2677 -1345.0000000000
2683 -1344.0000000000
2687 -1343.0000000000
2692 -1342.0000000000
2698 -1341.0000000000
2709 -1340.0000000000
2714 -1338.0000000000
2720 -1337.0000000000
2723 -1335.0000000000
2727 -1333.0000000000
2729 -1332.0000000000
2730 -1331.0000000000
2732 -1329.0000000000
2738 -1328.0000000000
2744 -1327.0000000000
2749 -1326.0000000000
2752 -1325.0000000000
2757 -1323.0000000000
2760 -1322.0000000000
2763 -1321.0000000000
2764 -1319.0000000000
2768 -1318.0000000000
2773 -1317.0000000000
2793 -1316.0000000000
2810 -1315.0000000000
2812 -1314.0000000000
2814 -1313.0000000000
2816 -1311.0000000000
2821 -1310.0000000000
2823 -1309.0000000000
2825 -1308.0000000000
2841 -1307.0000000000
2844 -1306.0000000000
2851 -1305.0000000000
2853 -1304.0000000000
2862 -1302.0000000000
2871 -1301.0000000000
2884 -1300.0000000000
2889 -1299.0000000000
2893 -1298.0000000000
2895 -1296.0000000000
2897 -1295.0000000000
2902 -1294.0000000000
2903 -1293.0000000000
2907 -1291.0000000000
2915 -1289.0000000000
2922 -1288.0000000000
2938 -1287.0000000000
2941 -1286.0000000000
2943 -1285.0000000000
2950 -1284.0000000000
2955 -1283.0000000000
2956 -1282.0000000000
2964 -1281.0000000000
2971 -1280.0000000000
2972 -1279.0000000000
2984 -1278.0000000000
2987 -1277.0000000000
2989 -1276.0000000000
2990 -1275.0000000000
3000 -1274.0000000000
3008 -1273.0000000000
3014 -1272.0000000000
3016 -1271.0000000000
3018 -1269.0000000000
3021 -1268.0000000000
3027 -1267.0000000000
3031 -1266.0000000000
3045 -1265.0000000000
3052 -1264.0000000000
3067 -1262.0000000000
3084 -1260.0000000000
3085 -1259.0000000000
3096 -1258.0000000000
3100 -1257.0000000000
3103 -1256.0000000000
3105 -1254.0000000000
3125 -1253.0000000000
3128 -1252.0000000000
3139 -1251.0000000000
3142 -1250.0000000000
3146 -1249.0000000000
3151 -1247.0000000000
3164 -1246.0000000000
3170 -1245.0000000000
3175 -1244.0000000000
3188 -1243.0000000000
3190 -1242.0000000000
3195 -1241.0000000000
3213 -1240.0000000000
3225 -1239.0000000000
3246 -1238.0000000000
3258 -1235.0000000000
3264 -1234.0000000000
3267 -1233.0000000000
3276 -1231.0000000000
3286 -1230.0000000000
3299 -1229.0000000000
3306 -1228.0000000000
3315 -1227.0000000000
3316 -1226.0000000000
3319 -1225.0000000000
3321 -1224.0000000000
3322 -1223.0000000000
3325 -1222.0000000000
3333 -1221.0000000000
3340 -1219.0000000000
3347 -1218.0000000000
3354 -1217.0000000000
3355 -1216.0000000000
3360 -1215.0000000000
3362 -1214.0000000000
3378 -1213.0000000000
3386 -1212.0000000000
3399 -1210.0000000000
3409 -1207.0000000000
3421 -1206.0000000000
3426 -1205.0000000000
3434 -1204.0000000000
3450 -1203.0000000000
3455 -1202.0000000000
3468 -1201.0000000000
3479 -1200.0000000000
3480 -1199.0000000000
3492 -1198.0000000000
3500 -1197.0000000000
3511 -1196.0000000000
3518 -1195.0000000000
3532 -1193.0000000000
3538 -1192.0000000000
3544 -1191.0000000000
3560 -1190.0000000000
3571 -1189.0000000000
3577 -1188.0000000000
3585 -1187.0000000000
3588 -1186.0000000000
3591 -1185.0000000000
3592 -1184.0000000000
3603 -1183.0000000000
3608 -1182.0000000000
3611 -1181.0000000000
3619 -1180.0000000000
3623 -1179.0000000000
3625 -1178.0000000000
3632 -1177.0000000000
3666 -1176.0000000000
3673 -1174.0000000000
3677 -1173.0000000000
3679 -1171.0000000000
3689 -1170.0000000000
3697 -1169.0000000000
3706 -1168.0000000000
3709 -1167.0000000000
3735 -1166.0000000000
3744 -1165.0000000000
3748 -1164.0000000000
3753 -1163.0000000000
3783 -1162.0000000000
3786 -1161.0000000000
3794 -1160.0000000000
3798 -1158.0000000000
3800 -1157.0000000000
3805 -1156.0000000000
3816 -1155.0000000000
3818 -1154.0000000000
3822 -1153.0000000000
3837 -1151.0000000000
3840 -1150.0000000000
3846 -1149.0000000000
3853 -1146.0000000000
3855 -1145.0000000000
3859 -1143.0000000000
3862 -1142.0000000000
3877 -1141.0000000000
3897 -1140.0000000000
3904 -1139.0000000000
3914 -1138.0000000000
3928 -1137.0000000000
3933 -1136.0000000000
3949 -1134.0000000000
3956 -1133.0000000000
3969 -1132.0000000000
3973 -1131.0000000000
3976 -1129.0000000000
3986 -1128.0000000000
3992 -1127.0000000000
3999 -1126.0000000000
4000 -1125.0000000000
4005 -1124.0000000000
4012 -1123.0000000000
4013 -1122.0000000000
4017 -1121.0000000000
4024 -1120.0000000000
4028 -1119.0000000000
4040 -1118.0000000000
4043 -1117.0000000000
4046 -1116.0000000000
4052 -1115.0000000000
4072 -1114.0000000000
4094 -1113.0000000000
4096 -1112.0000000000
4109 -1111.0000000000
4129 -1109.0000000000
4131 -1108.0000000000
4132 -1106.0000000000
4143 -1105.0000000000
4147 -1104.0000000000
4150 -1103.0000000000
4161 -1102.0000000000
4164 -1101.0000000000
4174 -1100.0000000000
4176 -1099.0000000000
4186 -1098.0000000000
4202 -1097.0000000000
4205 -1096.0000000000
4208 -1095.0000000000
4209 -1094.0000000000
4229 -1093.0000000000
4233 -1092.0000000000
4236 -1091.0000000000
4238 -1090.0000000000
4241 -1089.0000000000
4253 -1088.0000000000
4255 -1086.0000000000
4265 -1085.0000000000
4271 -1084.0000000000
4277 -1083.0000000000
4289 -1082.0000000000
4337 -1081.0000000000
4338 -1080.0000000000
4339 -1079.0000000000
4351 -1078.0000000000
4353 -1077.0000000000
4356 -1076.0000000000
4358 -1075.0000000000
4366 -1074.0000000000
4369 -1073.0000000000
4384 -1072.0000000000
4390 -1071.0000000000
4397 -1070.0000000000
4404 -1069.0000000000
4410 -1068.0000000000
4417 -1067.0000000000
4421 -1066.0000000000
4430 -1065.0000000000
4445 -1064.0000000000
4453 -1063.0000000000
4463 -1062.0000000000
4467 -1060.0000000000
4471 -1059.0000000000
4479 -1057.0000000000
4480 -1056.0000000000
4486 -1055.0000000000
4487 -1053.0000000000
4492 -1052.0000000000
4503 -1049.0000000000
4506 -1048.0000000000
4510 -1047.0000000000
4515 -1046.0000000000
4525 -1044.0000000000
4533 -1042.0000000000
4535 -1040.0000000000
4539 -1039.0000000000
4565 -1038.0000000000
4569 -1037.0000000000
4572 -1036.0000000000
4575 -1035.0000000000
4579 -1034.0000000000
4585 -1033.0000000000
4596 -1032.0000000000
4600 -1031.0000000000
4611 -1030.0000000000
4612 -1029.0000000000
4614 -1028.0000000000
4617 -1027.0000000000
4619 -1026.0000000000
4635 -1025.0000000000
4647 -1024.0000000000
4667 -1023.0000000000
4686 -1022.0000000000
4707 -1021.0000000000
4716 -1020.0000000000
4723 -1019.0000000000
4731 -1018.0000000000
4767 -1017.0000000000
4782 -1016.0000000000
4792 -1015.0000000000
4796 -1014.0000000000
4798 -1013.0000000000
4821 -1012.0000000000
4827 -1011.0000000000
4829 -1010.0000000000
4830 -1009.0000000000
4843 -1007.0000000000
4849 -1006.0000000000
4854 -1005.0000000000
4863 -1004.0000000000
4875 -1003.0000000000
4881 -1002.0000000000
4897 -1001.0000000000
4903 -1000.0000000000
4908 -999.0000000000
4915 -998.0000000000
4927 -996.0000000000
4932 -995.0000000000
4936 -994.0000000000
4942 -993.0000000000
4952 -992.0000000000
4964 -991.0000000000
4966 -989.0000000000
4988 -988.0000000000
4994 -987.0000000000
5000 -986.0000000000
5001 -985.0000000000
5004 -984.0000000000
5010 -983.0000000000
5019 -982.0000000000
5030 -981.0000000000
5031 -980.0000000000
5037 -979.0000000000
5042 -978.0000000000
5049 -977.0000000000
5064 -976.0000000000
5080 -975.0000000000
5081 -974.0000000000
5084 -973.0000000000
5100 -972.0000000000
5101 -971.0000000000
5103 -970.0000000000
5106 -969.0000000000
5116 -968.0000000000
5120 -966.0000000000
5133 -965.0000000000
5156 -964.0000000000
5157 -963.0000000000
5174 -961.0000000000
5179 -960.0000000000
5180 -958.0000000000
5193 -957.0000000000
5212 -956.0000000000
5224 -955.0000000000
5226 -954.0000000000
5233 -953.0000000000
5241 -952.0000000000
5255 -951.0000000000
5272 -950.0000000000
5291 -949.0000000000
5293 -948.0000000000
5297 -947.0000000000
5303 -946.0000000000
5312 -944.0000000000
5316 -943.0000000000
5324 -941.0000000000
5326 -940.0000000000
5342 -939.0000000000
5349 -937.0000000000
5380 -936.0000000000
5385 -935.0000000000
5397 -934.0000000000
5400 -932.0000000000
5403 -931.0000000000
5412 -929.0000000000
5414 -927.0000000000
5416 -926.0000000000
5419 -925.0000000000
5428 -924.0000000000
5439 -923.0000000000
5443 -922.0000000000
5458 -921.0000000000
5478 -920.0000000000
5481 -919.0000000000
5491 -918.0000000000
5507 -917.0000000000
5514 -916.0000000000
5516 -915.0000000000
5518 -914.0000000000
5531 -913.0000000000
5547 -912.0000000000
5550 -911.0000000000
5553 -910.0000000000
5560 -909.0000000000
5562 -908.0000000000
5570 -907.0000000000
5574 -906.0000000000
5621 -905.0000000000
5624 -904.0000000000
5639 -903.0000000000
5649 -902.0000000000
5653 -901.0000000000
5654 -900.0000000000
5655 -899.0000000000
5665 -898.0000000000
5667 -897.0000000000
5679 -896.0000000000
5685 -895.0000000000
5691 -894.0000000000
5692 -893.0000000000
5693 -892.0000000000
5696 -891.0000000000
5717 -888.0000000000
5738 -887.0000000000
5739 -886.0000000000
5747 -885.0000000000
5773 -884.0000000000
5779 -883.0000000000
5782 -882.0000000000
5795 -881.0000000000
5798 -880.0000000000
5802 -879.0000000000
5812 -878.0000000000
5824 -877.0000000000
5833 -876.0000000000
5834 -874.0000000000
5852 -873.0000000000
5861 -872.0000000000
5867 -871.0000000000
5870 -870.0000000000
5884 -869.0000000000
5887 -868.0000000000
5921 -867.0000000000
5923 -866.0000000000
5926 -865.0000000000
5943 -864.0000000000
5958 -863.0000000000
5959 -862.0000000000
5960 -861.0000000000
5965 -860.0000000000
5970 -859.0000000000
6017 -858.0000000000
6023 -857.0000000000
6025 -856.0000000000
6038 -855.0000000000
6049 -854.0000000000
6051 -853.0000000000
6052 -852.0000000000
6056 -851.0000000000
6058 -850.0000000000
6070 -849.0000000000
6075 -847.0000000000
6090 -846.0000000000
6100 -845.0000000000
6110 -844.0000000000
6127 -843.0000000000
6133 -842.0000000000
6135 -841.0000000000
6158 -840.0000000000
6167 -839.0000000000
6172 -838.0000000000
6174 -837.0000000000
6179 -836.0000000000
6191 -835.0000000000
6212 -834.0000000000
6214 -833.0000000000
6215 -832.0000000000
6266 -829.0000000000
6277 -828.0000000000
6322 -827.0000000000
6326 -826.0000000000
6334 -824.0000000000
6336 -823.0000000000
6357 -822.0000000000
6362 -821.0000000000
6364 -820.0000000000
6391 -819.0000000000
6402 -818.0000000000
6406 -817.0000000000
6411 -816.0000000000
6417 -815.0000000000
6427 -814.0000000000
6437 -813.0000000000
6441 -812.0000000000
6462 -811.0000000000
6463 -810.0000000000
6468 -809.0000000000
6470 -808.0000000000
6471 -807.0000000000
6483 -806.0000000000
6484 -805.0000000000
6510 -804.0000000000
6514 -803.0000000000
6531 -802.0000000000
6537 -801.0000000000
6552 -799.0000000000
6563 -798.0000000000
6589 -797.0000000000
6597 -796.0000000000
6615 -795.0000000000
6616 -793.0000000000
6617 -792.0000000000
6639 -790.0000000000
6642 -789.0000000000
6659 -788.0000000000
6671 -786.0000000000
6672 -785.0000000000
6673 -784.0000000000
6683 -783.0000000000
6699 -782.0000000000
6723 -781.0000000000
6733 -780.0000000000
6740 -779.0000000000
6763 -778.0000000000
6776 -777.0000000000
6792 -776.0000000000
6803 -774.0000000000
6814 -773.0000000000
6816 -772.0000000000
6817 -771.0000000000
6820 -770.0000000000
6836 -769.0000000000
6849 -768.0000000000
6859 -767.0000000000
6862 -766.0000000000
6864 -765.0000000000
6865 -764.0000000000
6866 -763.0000000000
6874 -762.0000000000
6883 -761.0000000000
6884 -760.0000000000
6891 -759.0000000000
6892 -758.0000000000
6919 -757.0000000000
6925 -756.0000000000
6928 -755.0000000000
6950 -754.0000000000
6953 -753.0000000000
6974 -752.0000000000
6982 -751.0000000000
6983 -750.0000000000
6987 -749.0000000000
6999 -748.0000000000
7000 -747.0000000000
7005 -746.0000000000
7012 -745.0000000000
7023 -744.0000000000
7024 -743.0000000000
7036 -742.0000000000
7038 -741.0000000000
7050 -740.0000000000
7060 -739.0000000000
7061 -738.0000000000
7067 -736.0000000000
7088 -735.0000000000
7103 -734.0000000000
7139 -733.0000000000
7152 -732.0000000000
7159 -731.0000000000
7164 -730.0000000000
7171 -729.0000000000
7173 -728.0000000000
7190 -727.0000000000
7195 -726.0000000000
7205 -725.0000000000
7207 -724.0000000000
7214 -723.0000000000
7226 -722.0000000000
7229 -721.0000000000
7249 -720.0000000000
7250 -719.0000000000
7255 -718.0000000000
7262 -717.0000000000
7270 -716.0000000000
7280 -715.0000000000
7303 -714.0000000000
7304 -713.0000000000
7313 -712.0000000000
7351 -711.0000000000
7362 -710.0000000000
7366 -709.0000000000
7390 -708.0000000000
7404 -707.0000000000
7408 -705.0000000000
7410 -704.0000000000
7421 -703.0000000000
7432 -702.0000000000
7437 -701.0000000000
7440 -700.0000000000
7444 -699.0000000000
7465 -698.0000000000
7490 -697.0000000000
7495 -696.0000000000
7498 -695.0000000000
7550 -694.0000000000
7560 -693.0000000000
7573 -692.0000000000
7575 -691.0000000000
7621 -690.0000000000
7631 -689.0000000000
7696 -688.0000000000
7699 -687.0000000000
7726 -686.0000000000
7731 -685.0000000000
7733 -684.0000000000
7736 -683.0000000000
7737 -682.0000000000
7755 -681.0000000000
7775 -680.0000000000
7784 -679.0000000000
7787 -678.0000000000
7801 -677.0000000000
7817 -676.0000000000
7833 -675.0000000000
7836 -674.0000000000
7868 -673.0000000000
7874 -672.0000000000
7882 -671.0000000000
7890 -670.0000000000
7893 -669.0000000000
7914 -668.0000000000
7931 -667.0000000000
7933 -665.0000000000
7949 -664.0000000000
7952 -663.0000000000
7971 -661.0000000000
7976 -659.0000000000
7983 -658.0000000000
7991 -657.0000000000
8025 -656.0000000000
8043 -655.0000000000
8088 -654.0000000000
8095 -653.0000000000
8108 -652.0000000000
8115 -651.0000000000
8119 -650.0000000000
8158 -649.0000000000
8159 -648.0000000000
8163 -647.0000000000
8178 -645.0000000000
8196 -644.0000000000
8212 -643.0000000000
8217 -642.0000000000
8224 -641.0000000000
8231 -640.0000000000
8246 -638.0000000000
8247 -636.0000000000
8257 -635.0000000000
8311 -634.0000000000
8312 -632.0000000000
8314 -631.0000000000
8358 -630.0000000000
8365 -629.0000000000
8393 -628.0000000000
8394 -627.0000000000
8412 -625.0000000000
8447 -624.0000000000
8453 -623.0000000000
8476 -622.0000000000
8495 -621.0000000000
8505 -620.0000000000
8529 -619.0000000000
8543 -618.0000000000
8551 -617.0000000000
8564 -616.0000000000
8593 -615.0000000000
8602 -614.0000000000
8619 -612.0000000000
8627 -611.0000000000
8628 -610.0000000000
8654 -609.0000000000
8666 -608.0000000000
8692 -607.0000000000
8725 -606.0000000000
8754 -605.0000000000
8761 -604.0000000000
8778 -603.0000000000
8793 -602.0000000000
8795 -601.0000000000
8800 -600.0000000000
8802 -599.0000000000
8804 -598.0000000000
8805 -596.0000000000
8820 -595.0000000000
8862 -594.0000000000
8887 -593.0000000000
8914 -592.0000000000
8921 -591.0000000000
8925 -590.0000000000
8933 -589.0000000000
8959 -588.0000000000
8974 -587.0000000000
8983 -586.0000000000
9023 -585.0000000000
9043 -584.0000000000
9055 -583.0000000000
9072 -582.0000000000
9091 -581.0000000000
9111 -580.0000000000
9115 -579.0000000000
9122 -578.0000000000
9134 -577.0000000000
9148 -576.0000000000
9179 -575.0000000000
9187 -574.0000000000
9191 -573.0000000000
9213 -572.0000000000
9240 -571.0000000000
9254 -570.0000000000
9255 -569.0000000000
9263 -568.0000000000
9270 -567.0000000000
9283 -566.0000000000
9291 -565.0000000000
9297 -564.0000000000
9313 -562.0000000000
9346 -561.0000000000
9417 -560.0000000000
9431 -559.0000000000
9452 -558.0000000000
9460 -555.0000000000
9476 -553.0000000000
9482 -551.0000000000
9485 -550.0000000000
9497 -549.0000000000
9518 -548.0000000000
9525 -547.0000000000
9541 -546.0000000000
9546 -544.0000000000
9559 -543.0000000000
9566 -542.0000000000
9630 -541.0000000000
9636 -539.0000000000
9638 -538.0000000000
9652 -537.0000000000
9685 -536.0000000000
9702 -535.0000000000
9715 -534.0000000000
9732 -533.0000000000
9743 -532.0000000000
9769 -531.0000000000
9798 -530.0000000000
9809 -529.0000000000
9831 -527.0000000000
9832 -525.0000000000
9835 -524.0000000000
9844 -523.0000000000
9847 -522.0000000000
9868 -521.0000000000
9881 -520.0000000000
9888 -518.0000000000
9925 -517.0000000000
9937 -516.0000000000
9943 -515.0000000000
9973 -513.0000000000
9976 -512.0000000000
9980 -511.0000000000
9984 -510.0000000000
9996 -509.0000000000
10007 -508.0000000000
10056 -507.0000000000
10058 -506.0000000000
10081 -505.0000000000
10082 -504.0000000000
10088 -503.0000000000
10096 -502.0000000000
10102 -501.0000000000
10116 -500.0000000000
10118 -499.0000000000
10128 -498.0000000000
10156 -497.0000000000
10177 -495.0000000000
10204 -494.0000000000
10217 -493.0000000000
10249 -492.0000000000
10252 -491.0000000000
10258 -489.0000000000
10275 -488.0000000000
10278 -487.0000000000
10291 -485.0000000000
10360 -484.0000000000
10365 -483.0000000000
10376 -482.0000000000
10378 -481.0000000000
10388 -480.0000000000
10424 -479.0000000000
10439 -478.0000000000
10449 -477.0000000000
10458 -475.0000000000
10463 -474.0000000000
10487 -473.0000000000
10489 -472.0000000000
10492 -471.0000000000
10517 -470.0000000000
10525 -469.0000000000
10528 -468.0000000000
10559 -467.0000000000
10574 -466.0000000000
10581 -465.0000000000
10585 -464.0000000000
10675 -463.0000000000
10704 -462.0000000000
10710 -461.0000000000
10713 -460.0000000000
10742 -459.0000000000
10768 -458.0000000000
10782 -457.0000000000
10798 -456.0000000000
10816 -455.0000000000
10819 -454.0000000000
10856 -453.0000000000
10864 -452.0000000000
10870 -451.0000000000
10872 -450.0000000000
10888 -449.0000000000
10949 -448.0000000000
10956 -446.0000000000
10977 -445.0000000000
11010 -444.0000000000
11016 -443.0000000000
11029 -442.0000000000
11070 -441.0000000000
11097 -440.0000000000
11137 -439.0000000000
11140 -438.0000000000
11163 -437.0000000000
11247 -436.0000000000
11304 -435.0000000000
11326 -434.0000000000
11358 -433.0000000000
11389 -432.0000000000
11399 -431.0000000000
11444 -430.0000000000
11477 -428.0000000000
11524 -427.0000000000
11590 -426.0000000000
11600 -425.0000000000
11613 -424.0000000000
11627 -423.0000000000
11681 -422.0000000000
11709 -421.0000000000
11756 -420.0000000000
11810 -419.0000000000
11819 -418.0000000000
11848 -417.0000000000
11863 -415.0000000000
11864 -414.0000000000
11901 -413.0000000000
11998 -412.0000000000
11999 -411.0000000000
12022 -410.0000000000
12024 -409.0000000000
12131 -408.0000000000
12151 -407.0000000000
12163 -406.0000000000
12170 -405.0000000000
12191 -404.0000000000
12208 -403.0000000000
12211 -402.0000000000
12225 -401.0000000000
12248 -400.0000000000
12324 -398.0000000000
12367 -397.0000000000
12424 -396.0000000000
12443 -395.0000000000
12471 -394.0000000000
12475 -393.0000000000
12514 -391.0000000000
12522 -390.0000000000
12525 -389.0000000000
12542 -388.0000000000
12567 -387.0000000000
12593 -386.0000000000
12631 -385.0000000000
12655 -384.0000000000
12708 -383.0000000000
12717 -382.0000000000
12726 -381.0000000000
12784 -380.0000000000
12791 -378.0000000000
12824 -377.0000000000
12826 -376.0000000000
12871 -375.0000000000
12897 -374.0000000000
12898 -373.0000000000
12918 -372.0000000000
13009 -371.0000000000
13029 -370.0000000000
13033 -369.0000000000
13046 -368.0000000000
13067 -367.0000000000
13087 -366.0000000000
13088 -365.0000000000
13149 -364.0000000000
13170 -363.0000000000
13189 -362.0000000000
13196 -361.0000000000
13215 -360.0000000000
13229 -359.0000000000
13232 -358.0000000000
13253 -357.0000000000
13285 -356.0000000000
13290 -355.0000000000
13337 -354.0000000000
13341 -353.0000000000
13374 -352.0000000000
13392 -351.0000000000
13401 -350.0000000000
13485 -349.0000000000
13488 -348.0000000000
13508 -347.0000000000
13574 -346.0000000000
13598 -345.0000000000
13653 -344.0000000000
13726 -343.0000000000
13727 -342.0000000000
13766 -341.0000000000
13784 -340.0000000000
13824 -339.0000000000
13846 -338.0000000000
13849 -337.0000000000
13850 -336.0000000000
13863 -335.0000000000
13893 -334.0000000000
13896 -333.0000000000
13903 -332.0000000000
13919 -331.0000000000
13922 -330.0000000000
13954 -329.0000000000
14036 -328.0000000000
14128 -326.0000000000
14150 -325.0000000000
14159 -324.0000000000
14173 -323.0000000000
14182 -322.0000000000
14207 -321.0000000000
14225 -320.0000000000
14230 -319.0000000000
14251 -318.0000000000
14256 -317.0000000000
14274 -316.0000000000
14455 -315.0000000000
14468 -314.0000000000
14551 -313.0000000000
14600 -312.0000000000
14605 -311.0000000000
14644 -310.0000000000
14667 -309.0000000000
14716 -308.0000000000
14752 -307.0000000000
14778 -306.0000000000
14832 -305.0000000000
14852 -304.0000000000
14861 -302.0000000000
14893 -301.0000000000
14918 -300.0000000000
14952 -299.0000000000
14968 -298.0000000000
15002 -297.0000000000
15042 -296.0000000000
15068 -295.0000000000
15094 -294.0000000000
15103 -293.0000000000
15161 -292.0000000000
15355 -291.0000000000
15392 -290.0000000000
15395 -289.0000000000
15497 -288.0000000000
15498 -287.0000000000
15506 -286.0000000000
15533 -285.0000000000
15559 -284.0000000000
15629 -283.0000000000
15649 -282.0000000000
15656 -281.0000000000
15659 -280.0000000000
15674 -279.0000000000
15676 -277.0000000000
15736 -276.0000000000
15764 -275.0000000000
15776 -274.0000000000
15806 -273.0000000000
15871 -272.0000000000
15888 -271.0000000000
15907 -270.0000000000
15975 -269.0000000000
15981 -268.0000000000
16023 -267.0000000000
16041 -266.0000000000
16149 -265.0000000000
16204 -264.0000000000
16230 -263.0000000000
16349 -262.0000000000
16461 -261.0000000000
16462 -260.0000000000
16504 -259.0000000000
16522 -258.0000000000
16590 -257.0000000000
16598 -256.0000000000
16637 -255.0000000000
16743 -254.0000000000
16804 -253.0000000000
16936 -252.0000000000
16955 -251.0000000000
16985 -250.0000000000
17017 -249.0000000000
17097 -248.0000000000
17100 -246.0000000000
17163 -245.0000000000
17176 -244.0000000000
17242 -243.0000000000
17255 -242.0000000000
17263 -241.0000000000
17266 -240.0000000000
17306 -239.0000000000
17365 -238.0000000000
17434 -237.0000000000
17445 -236.0000000000
17481 -235.0000000000
17495 -234.0000000000
17604 -233.0000000000
17612 -231.0000000000
17640 -230.0000000000
17653 -229.0000000000
17748 -228.0000000000
17755 -227.0000000000
17795 -226.0000000000
17847 -225.0000000000
17858 -224.0000000000
17909 -223.0000000000
17943 -222.0000000000
17961 -221.0000000000
17978 -220.0000000000
17983 -219.0000000000
18053 -218.0000000000
18094 -217.0000000000
18127 -216.0000000000
18163 -215.0000000000
18196 -214.0000000000
18284 -213.0000000000
18365 -212.0000000000
18450 -211.0000000000
18452 -210.0000000000
18510 -209.0000000000
18621 -208.0000000000
18692 -207.0000000000
18697 -206.0000000000
18751 -205.0000000000
18960 -204.0000000000
18972 -203.0000000000
18977 -202.0000000000
19052 -201.0000000000
19106 -200.0000000000
19304 -199.0000000000
19324 -198.0000000000
19374 -197.0000000000
19438 -196.0000000000
19440 -195.0000000000
19492 -194.0000000000
19531 -193.0000000000
19613 -192.0000000000
19621 -191.0000000000
19625 -190.0000000000
19707 -189.0000000000
19787 -188.0000000000
19850 -187.0000000000
19867 -186.0000000000
19905 -185.0000000000
19930 -184.0000000000
19980 -183.0000000000
20018 -182.0000000000
20171 -181.0000000000
20295 -180.0000000000
20305 -179.0000000000
20325 -178.0000000000
20326 -177.0000000000
20337 -176.0000000000
20520 -175.0000000000
20539 -174.0000000000
20570 -173.0000000000
20603 -172.0000000000
20617 -171.0000000000
20647 -170.0000000000
20897 -169.0000000000
20974 -168.0000000000
20989 -167.0000000000
21029 -166.0000000000
21126 -165.0000000000
21144 -164.0000000000
21167 -163.0000000000
21169 -162.0000000000
21237 -161.0000000000
21329 -160.0000000000
21385 -159.0000000000
21533 -158.0000000000
21619 -157.0000000000
21681 -156.0000000000
21739 -155.0000000000
21815 -154.0000000000
21827 -153.0000000000
21947 -152.0000000000
21957 -151.0000000000
21995 -150.0000000000
22034 -149.0000000000
22068 -148.0000000000
22247 -147.0000000000
22261 -146.0000000000
22276 -145.0000000000
22336 -144.0000000000
22391 -143.0000000000
22431 -142.0000000000
22440 -141.0000000000
22690 -140.0000000000
22831 -139.0000000000
22911 -138.0000000000
22935 -137.0000000000
22939 -136.0000000000
22964 -135.0000000000
23055 -134.0000000000
23073 -133.0000000000
23084 -132.0000000000
23091 -131.0000000000
23126 -130.0000000000
23161 -129.0000000000
23165 -128.0000000000
23168 -127.0000000000
23232 -126.0000000000
23379 -125.0000000000
23497 -124.0000000000
23579 -123.0000000000
23650 -122.0000000000
23672 -121.0000000000
23680 -120.0000000000
23728 -119.0000000000
23733 -118.0000000000
23774 -117.0000000000
23856 -116.0000000000
23950 -115.0000000000
23981 -113.0000000000
24009 -112.0000000000
24258 -111.0000000000
24289 -110.0000000000
24321 -109.0000000000
24396 -108.0000000000
24496 -107.0000000000
24518 -106.0000000000
24601 -105.0000000000
24722 -104.0000000000
24826 -103.0000000000
24993 -102.0000000000
25010 -101.0000000000
25049 -100.0000000000
25122 -99.0000000000
25127 -98.0000000000
25278 -97.0000000000
25367 -96.0000000000
25519 -95.0000000000
25534 -94.0000000000
25604 -93.0000000000
25665 -92.0000000000
25670 -91.0000000000
25841 -90.0000000000
25927 -89.0000000000
25939 -88.0000000000
25951 -87.0000000000
26201 -86.0000000000
26397 -85.0000000000
26567 -84.0000000000
26609 -83.0000000000
27294 -82.0000000000
27476 -81.0000000000
27778 -80.0000000000
28240 -79.0000000000
28262 -78.0000000000
28264 -77.0000000000
28295 -76.0000000000
28479 -75.0000000000
28782 -74.0000000000
28883 -73.0000000000
29131 -72.0000000000
29205 -71.0000000000
29376 -70.0000000000
29389 -69.0000000000
29453 -68.0000000000
29565 -67.0000000000
29601 -66.0000000000
29710 -65.0000000000
29947 -64.0000000000
30065 -63.0000000000
30083 -62.0000000000
30184 -61.0000000000
30194 -60.0000000000
30245 -59.0000000000
30642 -58.0000000000
30848 -57.0000000000
31693 -56.0000000000
31825 -55.0000000000
31870 -54.0000000000
32015 -53.0000000000
32018 -52.0000000000
32044 -51.0000000000
32091 -50.0000000000
32126 -49.0000000000
32150 -48.0000000000
32224 -47.0000000000
32254 -46.0000000000
32261 -45.0000000000
32387 -44.0000000000
32532 -43.0000000000
32641 -42.0000000000
32797 -41.0000000000
33381 -40.0000000000
33495 -39.0000000000
33532 -38.0000000000
33786 -37.0000000000
34248 -36.0000000000
34435 -35.0000000000
34503 -34.0000000000
34541 -33.0000000000
34868 -32.0000000000
34894 -31.0000000000
35030 -30.0000000000
35285 -28.0000000000
35349 -27.0000000000
35791 -26.0000000000
36138 -25.0000000000
36343 -24.0000000000
36637 -23.0000000000
36963 -22.0000000000
37102 -21.0000000000
37131 -20.0000000000
37263 -19.0000000000
37695 -18.0000000000
37760 -17.0000000000
38206 -16.0000000000
38230 -15.0000000000
38604 -14.0000000000
38699 -13.0000000000
39044 -12.0000000000
39516 -11.0000000000
39575 -10.0000000000
40346 -9.0000000000
40764 -8.0000000000
40813 -7.0000000000
41392 -6.0000000000
42111 -5.0000000000
42478 -4.0000000000
42809 -3.0000000000
42877 -2.0000000000
43687 -1.0000000000
43708 141.2000000000
43710 145.9800000000
43714 147.7200000000
43718 149.3100000000
43722 152.9200000000
43731 156.6400000000
43798 161.8500000000
44186 163.6300000000
44358 163.7400000000
45152 164.3000000000
46091 165.4500000000
47128 169.2700000000
50908 172.0900000000
57335 172.4700000000
62591 179.2800000000
88411 180.3200000000
100001 -1.0000000000
evaluations raw_y
1 -2034.0000000000
2 -2033.0000000000
3 -2032.0000000000
5 -2030.0000000000
7 -2029.0000000000
9 -2028.0000000000
13 -2027.0000000000
15 -2026.0000000000
17 -2024.0000000000
20 -2023.0000000000
25 -2021.0000000000
26 -2020.0000000000
35 -2018.0000000000
42 -2016.0000000000
46 -2015.0000000000
47 -2014.0000000000
53 -2013.0000000000
57 -2012.0000000000
62 -2010.0000000000
63 -2009.0000000000
65 -2008.0000000000
69 -2007.0000000000
70 -2005.0000000000
74 -2003.0000000000
76 -2002.0000000000
80 -2001.0000000000
82 -2000.0000000000
83 -1999.0000000000
85 -1998.0000000000
87 -1997.0000000000
93 -1996.0000000000
94 -1994.0000000000
96 -1993.0000000000
99 -1992.0000000000
101 -1991.0000000000
116 -1990.0000000000
121 -1989.0000000000
122 -1988.0000000000
124 -1985.0000000000
127 -1984.0000000000
128 -1983.0000000000
139 -1981.0000000000
140 -1980.0000000000
142 -1979.0000000000
154 -1978.0000000000
160 -1977.0000000000
162 -1975.0000000000
169 -1974.0000000000
172 -1973.0000000000
179 -1972.0000000000
182 -1971.0000000000
188 -1970.0000000000
192 -1969.0000000000
193 -1968.0000000000
194 -1967.0000000000
199 -1966.0000000000
204 -1963.0000000000
205 -1961.0000000000
209 -1960.0000000000
214 -1959.0000000000
226 -1958.0000000000
232 -1957.0000000000
235 -1956.0000000000
243 -1955.0000000000
252 -1954.0000000000
261 -1953.0000000000
266 -1952.0000000000
267 -1951.0000000000
280 -1950.0000000000
282 -1949.0000000000
284 -1947.0000000000
285 -1946.0000000000
289 -1945.0000000000
293 -1944.0000000000
296 -1943.0000000000
298 -1942.0000000000
300 -1941.0000000000
302 -1939.0000000000
306 -1938.0000000000
310 -1937.0000000000
311 -1935.0000000000
312 -1934.0000000000
314 -1933.0000000000
317 -1932.0000000000
318 -1931.0000000000
321 -1930.0000000000
332 -1929.0000000000
335 -1928.0000000000
343 -1927.0000000000
345 -1926.0000000000
348 -1924.0000000000
353 -1921.0000000000
356 -1920.0000000000
360 -1919.0000000000
365 -1918.0000000000
366 -1917.0000000000
376 -1916.0000000000
377 -1914.0000000000
379 -1913.0000000000
380 -1912.0000000000
384 -1911.0000000000
386 -1910.0000000000
395 -1909.0000000000
401 -1907.0000000000
403 -1906.0000000000
405 -1905.0000000000
406 -1904.0000000000
414 -1903.0000000000
417 -1902.0000000000
422 -1901.0000000000
424 -1900.0000000000
433 -1899.0000000000
435 -1898.0000000000
449 -1896.0000000000
453 -1893.0000000000
454 -1892.0000000000
456 -1891.0000000000
457 -1890.0000000000
459 -1889.0000000000
461 -1888.0000000000
463 -1887.0000000000
465 -1886.0000000000
471 -1884.0000000000
474 -1883.0000000000
476 -1882.0000000000
479 -1881.0000000000
484 -1879.0000000000
485 -1878.0000000000
487 -1876.0000000000
492 -1875.0000000000
502 -1874.0000000000
503 -1873.0000000000
504 -1872.0000000000
505 -1870.0000000000
506 -1869.0000000000
508 -1868.0000000000
509 -1867.0000000000
510 -1865.0000000000
511 -1864.0000000000
513 -1863.0000000000
518 -1862.0000000000
529 -1861.0000000000
531 -1860.0000000000
532 -1859.0000000000
540 -1858.0000000000
545 -1857.0000000000
546 -1856.0000000000
553 -1854.0000000000
557 -1853.0000000000
571 -1852.0000000000
576 -1849.0000000000
579 -1848.0000000000
582 -1846.0000000000
583 -1845.0000000000
587 -1844.0000000000
595 -1843.0000000000
600 -1842.0000000000
610 -1841.0000000000
612 -1839.0000000000
613 -1838.0000000000
615 -1837.0000000000
616 -1836.0000000000
628 -1834.0000000000
639 -1833.0000000000
640 -1832.0000000000
644 -1831.0000000000
646 -1830.0000000000
647 -1829.0000000000
652 -1827.0000000000
660 -1826.0000000000
661 -1825.0000000000
662 -1824.0000000000
663 -1823.0000000000
664 -1822.0000000000
668 -1820.0000000000
674 -1819.0000000000
676 -1818.0000000000
677 -1817.0000000000
678 -1816.0000000000
681 -1814.0000000000
702 -1813.0000000000
707 -1812.0000000000
708 -1811.0000000000
709 -1810.0000000000
717 -1809.0000000000
720 -1808.0000000000
721 -1807.0000000000
724 -1806.0000000000
732 -1805.0000000000
734 -1804.0000000000
736 -1803.0000000000
740 -1802.0000000000
742 -1801.0000000000
748 -1800.0000000000
753 -1799.0000000000
760 -1798.0000000000
764 -1796.0000000000
765 -1795.0000000000
769 -1794.0000000000
775 -1792.0000000000
781 -1791.0000000000
783 -1790.0000000000
792 -1789.0000000000
796 -1788.0000000000
799 -1787.0000000000
800 -1786.0000000000
803 -1785.0000000000
809 -1784.0000000000
811 -1783.0000000000
815 -1782.0000000000
821 -1781.0000000000
829 -1780.0000000000
832 -1779.0000000000
834 -1778.0000000000
842 -1777.0000000000
852 -1775.0000000000
860 -1774.0000000000
861 -1773.0000000000
865 -1772.0000000000
867 -1771.0000000000
872 -1770.0000000000
875 -1769.0000000000
876 -1768.0000000000
878 -1765.0000000000
882 -1763.0000000000
883 -1762.0000000000
887 -1760.0000000000
889 -1759.0000000000
894 -1758.0000000000
898 -1757.0000000000
902 -1756.0000000000
908 -1755.0000000000
910 -1754.0000000000
913 -1753.0000000000
922 -1752.0000000000
927 -1751.0000000000
934 -1750.0000000000
944 -1749.0000000000
958 -1748.0000000000
961 -1747.0000000000
964 -1746.0000000000
966 -1745.0000000000
971 -1744.0000000000
974 -1743.0000000000
975 -1742.0000000000
985 -1741.0000000000
993 -1740.0000000000
994 -1739.0000000000
1003 -1738.0000000000
1022 -1737.0000000000
1023 -1736.0000000000
1026 -1735.0000000000
1032 -1734.0000000000
1037 -1732.0000000000
1047 -1731.0000000000
1049 -1729.0000000000
1051 -1728.0000000000
1060 -1727.0000000000
1062 -1726.0000000000
1067 -1724.0000000000
1081 -1722.0000000000
1084 -1721.0000000000
1091 -1719.0000000000
1095 -1718.0000000000
1098 -1717.0000000000
1100 -1716.0000000000
1111 -1715.0000000000
1112 -1714.0000000000
1125 -1713.0000000000
1126 -1712.0000000000
1136 -1711.0000000000
1141 -1710.0000000000
1142 -1709.0000000000
1148 -1708.0000000000
1151 -1707.0000000000
1162 -1706.0000000000
1163 -1705.0000000000
1164 -1704.0000000000
1170 -1703.0000000000
1171 -1702.0000000000
1179 -1700.0000000000
1187 -1699.0000000000
1193 -1698.0000000000
1194 -1697.0000000000
1197 -1695.0000000000
1200 -1694.0000000000
1202 -1693.0000000000
1203 -1692.0000000000
1215 -1691.0000000000
1216 -1690.0000000000
1218 -1689.0000000000
1222 -1688.0000000000
1225 -1687.0000000000
1230 -1686.0000000000
1231 -1685.0000000000
1232 -1684.0000000000
1234 -1683.0000000000
1237 -1681.0000000000
1242 -1679.0000000000
1249 -1678.0000000000
1252 -1677.0000000000
1255 -1676.0000000000
1258 -1675.0000000000
1270 -1674.0000000000
1276 -1673.0000000000
1282 -1672.0000000000
1311 -1671.0000000000
1313 -1670.0000000000
1316 -1668.0000000000
1323 -1667.0000000000
1334 -1666.0000000000
1338 -1665.0000000000
1341 -1664.0000000000
1342 -1663.0000000000
1348 -1662.0000000000
1362 -1661.0000000000
1378 -1660.0000000000
1379 -1659.0000000000
1388 -1658.0000000000
1400 -1657.0000000000
1409 -1656.0000000000
1411 -1655.0000000000
1418 -1654.0000000000
1433 -1653.0000000000
1444 -1652.0000000000
1445 -1651.0000000000
1448 -1649.0000000000
1450 -1648.0000000000
1452 -1647.0000000000
1454 -1646.0000000000
1459 -1645.0000000000
1460 -1644.0000000000
1467 -1643.0000000000
1472 -1642.0000000000
1477 -1641.0000000000
1482 -1640.0000000000
1485 -1638.0000000000
1486 -1637.0000000000
1496 -1636.0000000000
1506 -1635.0000000000
1508 -1633.0000000000
1521 -1632.0000000000
1525 -1631.0000000000
1529 -1630.0000000000
1537 -1629.0000000000
1541 -1628.0000000000
1542 -1627.0000000000
1553 -1626.0000000000
1559 -1624.0000000000
1562 -1621.0000000000
1566 -1620.0000000000
1574 -1619.0000000000
1578 -1618.0000000000
1580 -1616.0000000000
1583 -1615.0000000000
1584 -1614.0000000000
1587 -1613.0000000000
1589 -1612.0000000000
1594 -1611.0000000000
1605 -1610.0000000000
1614 -1609.0000000000
1621 -1608.0000000000
1624 -1607.0000000000
1628 -1606.0000000000
1637 -1605.0000000000
1639 -1604.0000000000
1645 -1603.0000000000
1655 -1602.0000000000
1657 -1600.0000000000
1665 -1599.0000000000
1668 -1597.0000000000
1673 -1596.0000000000
1680 -1595.0000000000
1686 -1594.0000000000
1696 -1593.0000000000
1702 -1592.0000000000
1710 -1591.0000000000
1715 -1590.0000000000
1717 -1589.0000000000
1729 -1588.0000000000
1730 -1587.0000000000
1734 -1586.0000000000
1739 -1585.0000000000
1742 -1582.0000000000
1743 -1581.0000000000
1754 -1579.0000000000
1762 -1578.0000000000
1771 -1577.0000000000
1780 -1576.0000000000
1789 -1575.0000000000
1796 -1574.0000000000
1797 -1573.0000000000
1798 -1572.0000000000
1799 -1570.0000000000
1801 -1569.0000000000
1809 -1568.0000000000
1819 -1567.0000000000
1826 -1566.0000000000
1832 -1564.0000000000
1838 -1563.0000000000
1839 -1562.0000000000
1845 -1561.0000000000
1848 -1560.0000000000
1858 -1559.0000000000
1865 -1557.0000000000
1874 -1556.0000000000
1875 -1555.0000000000
1882 -1554.0000000000
1889 -1553.0000000000
1898 -1552.0000000000
1905 -1551.0000000000
1906 -1550.0000000000
1909 -1549.0000000000
1915 -1548.0000000000
1918 -1547.0000000000
1924 -1546.0000000000
1925 -1545.0000000000
1934 -1544.0000000000
1936 -1543.0000000000
1940 -1542.0000000000
1955 -1541.0000000000
1964 -1540.0000000000
1966 -1539.0000000000
1970 -1537.0000000000
1973 -1536.0000000000
1982 -1534.0000000000
1983 -1533.0000000000
1986 -1532.0000000000
1987 -1531.0000000000
1993 -1530.0000000000
1995 -1529.0000000000
2006 -1528.0000000000
2008 -1527.0000000000
2009 -1526.0000000000
2018 -1525.0000000000
2021 -1524.0000000000
2023 -1523.0000000000
2047 -1522.0000000000
2052 -1521.0000000000
2055 -1519.0000000000
2059 -1518.0000000000
2064 -1517.0000000000
2071 -1516.0000000000
2075 -1515.0000000000
2082 -1513.0000000000
2086 -1512.0000000000
2090 -1511.0000000000
2093 -1510.0000000000
2099 -1509.0000000000
2102 -1508.0000000000
2103 -1507.0000000000
2109 -1506.0000000000
2113 -1503.0000000000
2116 -1502.0000000000
2118 -1501.0000000000
2120 -1500.0000000000
2130 -1499.0000000000
2136 -1497.0000000000
2142 -1495.0000000000
2148 -1493.0000000000
2159 -1492.0000000000
2167 -1491.0000000000
2175 -1489.0000000000
2176 -1488.0000000000
2184 -1487.0000000000
2186 -1486.0000000000
2188 -1485.0000000000
2192 -1484.0000000000
2201 -1483.0000000000
2206 -1482.0000000000
2209 -1481.0000000000
2210 -1479.0000000000
2221 -1478.0000000000
2222 -1477.0000000000
2224 -1476.0000000000
2229 -1475.0000000000
2230 -1474.0000000000
2235 -1473.0000000000
2236 -1472.0000000000
2242 -1471.0000000000
2249 -1470.0000000000
2250 -1468.0000000000
2258 -1467.0000000000
2266 -1466.0000000000
2270 -1465.0000000000
2271 -1464.0000000000
2276 -1462.0000000000
2282 -1461.0000000000
2284 -1460.0000000000
2288 -1459.0000000000
2291 -1458.0000000000
2296 -1457.0000000000
2297 -1456.0000000000
2307 -1454.0000000000
2309 -1453.0000000000
2320 -1452.0000000000
2321 -1449.0000000000
2324 -1448.0000000000
2331 -1446.0000000000
2333 -1444.0000000000
2335 -1443.0000000000
2341 -1442.0000000000
2342 -1441.0000000000
2351 -1440.0000000000
2352 -1439.0000000000
2354 -1438.0000000000
2359 -1437.0000000000
2360 -1436.0000000000
2363 -1435.0000000000
2374 -1434.0000000000
2377 -1433.0000000000
2385 -1432.0000000000
2386 -1431.0000000000
2407 -1430.0000000000
2413 -1429.0000000000
2422 -1428.0000000000
2430 -1427.0000000000
2441 -1426.0000000000
2448 -1425.0000000000
2450 -1424.0000000000
2451 -1423.0000000000
2455 -1422.0000000000
2461 -1421.0000000000
2464 -1419.0000000000
2468 -1418.0000000000
2474 -1416.0000000000
2480 -1415.0000000000
2485 -1414.0000000000
2491 -1413.0000000000
2493 -1412.0000000000
2506 -1411.0000000000
2507 -1410.0000000000
2509 -1409.0000000000
2513 -1408.0000000000
2524 -1406.0000000000
2525 -1405.0000000000
2527 -1404.0000000000
2530 -1403.0000000000
2551 -1402.0000000000
2552 -1401.0000000000
2557 -1400.0000000000
2564 -1399.0000000000
2568 -1398.0000000000
2571 -1397.0000000000
2572 -1396.0000000000
2577 -1395.0000000000
2578 -1394.0000000000
2581 -1393.0000000000
2583 -1392.0000000000
2586 -1391.0000000000
2588 -1390.0000000000
2602 -1389.0000000000
2606 -1388.0000000000
2609 -1385.0000000000
2610 -1384.0000000000
2618 -1382.0000000000
2619 -1381.0000000000
2623 -1379.0000000000
2624 -1378.0000000000
2625 -1377.0000000000
2631 -1376.0000000000
2637 -1375.0000000000
2647 -1374.0000000000
2653 -1373.0000000000
2667 -1372.0000000000
2676 -1371.0000000000
2677 -1369.0000000000
2679 -1368.0000000000
2682 -1367.0000000000
2694 -1365.0000000000
2695 -1364.0000000000
2713 -1363.0000000000
2720 -1362.0000000000
2722 -1360.0000000000
2730 -1359.0000000000
2746 -1358.0000000000
2771 -1357.0000000000
2784 -1356.0000000000
2786 -1355.0000000000
2796 -1354.0000000000
2805 -1353.0000000000
2815 -1352.0000000000
2823 -1351.0000000000
2827 -1350.0000000000
2835 -1349.0000000000
2854 -1348.0000000000
2855 -1347.0000000000
2858 -1346.0000000000
2862 -1345.0000000000
2864 -1344.0000000000
2872 -1343.0000000000
2874 -1342.0000000000
2877 -1340.0000000000
2885 -1338.0000000000
2888 -1337.0000000000
2894 -1335.0000000000
2901 -1334.0000000000
2902 -1333.0000000000
2907 -1332.0000000000
2917 -1331.0000000000
2923 -1330.0000000000
2926 -1328.0000000000
2932 -1327.0000000000
2939 -1326.0000000000
2941 -1325.0000000000
2962 -1324.0000000000
2964 -1323.0000000000
2971 -1322.0000000000
2973 -1321.0000000000
2982 -1320.0000000000
2988 -1318.0000000000
2990 -1317.0000000000
2992 -1316.0000000000
3006 -1315.0000000000
3012 -1314.0000000000
3035 -1312.0000000000
3056 -1311.0000000000
3065 -1310.0000000000
3077 -1309.0000000000
3092 -1308.0000000000
3094 -1307.0000000000
3099 -1306.0000000000
3105 -1305.0000000000
3106 -1304.0000000000
3107 -1303.0000000000
3109 -1302.0000000000
3118 -1301.0000000000
3120 -1299.0000000000
3122 -1298.0000000000
3124 -1297.0000000000
3139 -1295.0000000000
3140 -1294.0000000000
3149 -1293.0000000000
3150 -1292.0000000000
3157 -1291.0000000000
3160 -1290.0000000000
3167 -1289.0000000000
3169 -1288.0000000000
3177 -1287.0000000000
3195 -1286.0000000000
3197 -1285.0000000000
3210 -1284.0000000000
3214 -1283.0000000000
3225 -1282.0000000000
3235 -1281.0000000000
3237 -1280.0000000000
3241 -1279.0000000000
3244 -1278.0000000000
3245 -1277.0000000000
3250 -1276.0000000000
3259 -1273.0000000000
3263 -1271.0000000000
3281 -1270.0000000000
3298 -1269.0000000000
3317 -1268.0000000000
3332 -1267.0000000000
3338 -1266.0000000000
3352 -1265.0000000000
3359 -1264.0000000000
3360 -1262.0000000000
3365 -1261.0000000000
3366 -1260.0000000000
3371 -1259.0000000000
3375 -1258.0000000000
3378 -1257.0000000000
3390 -1254.0000000000
3398 -1253.0000000000
3403 -1252.0000000000
3424 -1251.0000000000
3437 -1249.0000000000
3443 -1248.0000000000
3448 -1247.0000000000
3449 -1246.0000000000
3452 -1245.0000000000
3456 -1244.0000000000
3461 -1243.0000000000
3473 -1242.0000000000
3475 -1241.0000000000
3480 -1240.0000000000
3486 -1239.0000000000
3494 -1238.0000000000
3497 -1237.0000000000
3506 -1236.0000000000
3509 -1235.0000000000
3515 -1234.0000000000
3516 -1233.0000000000
3526 -1232.0000000000
3528 -1231.0000000000
3531 -1230.0000000000
3542 -1228.0000000000
3548 -1226.0000000000
3556 -1225.0000000000
3560 -1224.0000000000
3561 -1223.0000000000
3563 -1222.0000000000
3569 -1221.0000000000
3570 -1220.0000000000
3571 -1219.0000000000
3579 -1218.0000000000
3582 -1217.0000000000
3587 -1216.0000000000
3594 -1215.0000000000
3600 -1214.0000000000
3612 -1211.0000000000
3621 -1210.0000000000
3623 -1209.0000000000
3634 -1208.0000000000
3635 -1207.0000000000
3637 -1206.0000000000
3639 -1205.0000000000
3640 -1204.0000000000
3643 -1203.0000000000
3645 -1202.0000000000
3646 -1201.0000000000
3652 -1200.0000000000
3655 -1199.0000000000
3659 -1198.0000000000
3665 -1197.0000000000
3677 -1196.0000000000
3679 -1195.0000000000
3685 -1194.0000000000
3694 -1193.0000000000
3695 -1192.0000000000
3700 -1191.0000000000
3704 -1190.0000000000
3708 -1189.0000000000
3709 -1188.0000000000
3712 -1187.0000000000
3722 -1185.0000000000
3728 -1184.0000000000
3735 -1183.0000000000
3739 -1181.0000000000
3741 -1180.0000000000
3742 -1179.0000000000
3744 -1177.0000000000
3757 -1175.0000000000
3761 -1174.0000000000
3767 -1172.0000000000
3771 -1171.0000000000
3776 -1170.0000000000
3780 -1169.0000000000
3782 -1168.0000000000
3793 -1167.0000000000
3800 -1166.0000000000
3812 -1165.0000000000
3813 -1164.0000000000
3816 -1161.0000000000
3820 -1160.0000000000
3822 -1159.0000000000
3832 -1157.0000000000
3835 -1156.0000000000
3850 -1155.0000000000
3877 -1154.0000000000
3878 -1153.0000000000
3887 -1152.0000000000
3892 -1151.0000000000
3917 -1150.0000000000
3923 -1149.0000000000
3927 -1148.0000000000
3929 -1147.0000000000
3930 -1146.0000000000
3933 -1145.0000000000
3935 -1144.0000000000
3936 -1143.0000000000
3938 -1141.0000000000
3942 -1140.0000000000
3945 -1139.0000000000
3949 -1137.0000000000
3952 -1136.0000000000
3953 -1135.0000000000
3962 -1134.0000000000
3966 -1133.0000000000
3969 -1132.0000000000
3973 -1131.0000000000
3979 -1130.0000000000
3987 -1129.0000000000
3990 -1128.0000000000
4008 -1127.0000000000
4012 -1126.0000000000
4015 -1125.0000000000
4018 -1124.0000000000
4026 -1123.0000000000
4031 -1122.0000000000
4043 -1121.0000000000
4055 -1120.0000000000
4069 -1119.0000000000
4070 -1118.0000000000
4080 -1117.0000000000
4093 -1116.0000000000
4102 -1115.0000000000
4109 -1114.0000000000
4112 -1113.0000000000
4116 -1112.0000000000
4123 -1111.0000000000
4136 -1110.0000000000
4147 -1109.0000000000
4148 -1108.0000000000
4159 -1107.0000000000
4180 -1106.0000000000
4194 -1105.0000000000
4196 -1104.0000000000
4198 -1103.0000000000
4199 -1101.0000000000
4204 -1100.0000000000
4232 -1099.0000000000
4234 -1098.0000000000
4241 -1097.0000000000
4244 -1096.0000000000
4248 -1095.0000000000
4253 -1094.0000000000
4288 -1093.0000000000
4291 -1092.0000000000
4304 -1091.0000000000
4306 -1090.0000000000
4308 -1088.0000000000
4312 -1087.0000000000
4314 -1086.0000000000
4317 -1085.0000000000
4328 -1084.0000000000
4344 -1083.0000000000
4349 -1082.0000000000
4355 -1080.0000000000
4372 -1078.0000000000
4374 -1077.0000000000
4380 -1076.0000000000
4381 -1074.0000000000
4382 -1072.0000000000
4384 -1071.0000000000
4389 -1070.0000000000
4395 -1069.0000000000
4400 -1068.0000000000
4407 -1067.0000000000
4413 -1066.0000000000
4420 -1065.0000000000
4424 -1064.0000000000
4439 -1063.0000000000
4441 -1062.0000000000
4454 -1060.0000000000
4468 -1059.0000000000
4483 -1058.0000000000
4493 -1057.0000000000
4515 -1056.0000000000
4516 -1055.0000000000
4523 -1054.0000000000
4536 -1053.0000000000
4539 -1052.0000000000
4541 -1051.0000000000
4543 -1050.0000000000
4562 -1049.0000000000
4563 -1048.0000000000
4571 -1047.0000000000
4586 -1046.0000000000
4593 -1045.0000000000
4599 -1044.0000000000
4601 -1043.0000000000
4602 -1041.0000000000
4604 -1040.0000000000
4610 -1038.0000000000
4619 -1037.0000000000
4636 -1036.0000000000
4647 -1034.0000000000
4650 -1033.0000000000
4667 -1032.0000000000
4669 -1031.0000000000
4670 -1030.0000000000
4671 -1029.0000000000
4679 -1028.0000000000
4689 -1027.0000000000
4706 -1026.0000000000
4718 -1025.0000000000
4720 -1024.0000000000
4738 -1023.0000000000
4754 -1022.0000000000
4770 -1021.0000000000
4780 -1019.0000000000
4786 -1018.0000000000
4789 -1017.0000000000
4792 -1016.0000000000
4800 -1015.0000000000
4802 -1014.0000000000
4808 -1013.0000000000
4818 -1012.0000000000
4823 -1011.0000000000
4824 -1010.0000000000
4839 -1009.0000000000
4846 -1008.0000000000
4859 -1007.0000000000
4867 -1006.0000000000
4882 -1005.0000000000
4905 -1003.0000000000
4910 -1002.0000000000
4923 -1001.0000000000
4937 -1000.0000000000
4940 -999.0000000000
4941 -998.0000000000
4946 -997.0000000000
4956 -996.0000000000
4959 -995.0000000000
4988 -994.0000000000
4990 -993.0000000000
5006 -992.0000000000
5021 -991.0000000000
5024 -989.0000000000
5026 -988.0000000000
5027 -987.0000000000
5037 -986.0000000000
5057 -985.0000000000
5063 -984.0000000000
5075 -983.0000000000
5082 -981.0000000000
5083 -979.0000000000
5098 -978.0000000000
5103 -976.0000000000
5114 -975.0000000000
5115 -974.0000000000
5120 -973.0000000000
5124 -972.0000000000
5125 -971.0000000000
5129 -970.0000000000
5139 -969.0000000000
5140 -967.0000000000
5149 -965.0000000000
5154 -964.0000000000
5155 -963.0000000000
5173 -962.0000000000
5177 -961.0000000000
5183 -960.0000000000
5193 -958.0000000000
5199 -957.0000000000
5201 -955.0000000000
5221 -954.0000000000
5235 -953.0000000000
5237 -952.0000000000
5242 -951.0000000000
5260 -950.0000000000
5261 -949.0000000000
5268 -948.0000000000
5283 -947.0000000000
5307 -946.0000000000
5326 -945.0000000000
5329 -944.0000000000
5334 -943.0000000000
5340 -942.0000000000
5341 -940.0000000000
5358 -939.0000000000
5359 -938.0000000000
5365 -937.0000000000
5382 -936.0000000000
5383 -935.0000000000
5387 -934.0000000000
5392 -933.0000000000
5404 -932.0000000000
5405 -931.0000000000
5411 -930.0000000000
5414 -929.0000000000
5427 -928.0000000000
5437 -927.0000000000
5442 -926.0000000000
5444 -925.0000000000
5457 -924.0000000000
5464 -922.0000000000
5465 -921.0000000000
5478 -920.0000000000
5486 -919.0000000000
5496 -918.0000000000
5547 -917.0000000000
5551 -916.0000000000
5585 -915.0000000000
5594 -913.0000000000
5595 -912.0000000000
5597 -910.0000000000
5606 -909.0000000000
5616 -908.0000000000
5617 -907.0000000000
5631 -906.0000000000
5634 -905.0000000000
5645 -904.0000000000
5655 -903.0000000000
5657 -902.0000000000
5659 -901.0000000000
5666 -900.0000000000
5673 -899.0000000000
5677 -898.0000000000
5679 -897.0000000000
5681 -896.0000000000
5682 -895.0000000000
5687 -894.0000000000
5692 -893.0000000000
5695 -892.0000000000
5705 -891.0000000000
5720 -890.0000000000
5733 -889.0000000000
5734 -887.0000000000
5735 -886.0000000000
5744 -884.0000000000
5760 -883.0000000000
5763 -882.0000000000
5816 -880.0000000000
5826 -879.0000000000
5829 -878.0000000000
5845 -876.0000000000
5868 -875.0000000000
5869 -874.0000000000
5875 -873.0000000000
5885 -872.0000000000
5889 -871.0000000000
5895 -870.0000000000
5907 -869.0000000000
5918 -868.0000000000
5922 -867.0000000000
5946 -866.0000000000
5956 -865.0000000000
5970 -864.0000000000
5973 -863.0000000000
5974 -862.0000000000
5975 -861.0000000000
6003 -860.0000000000
6046 -859.0000000000
6053 -858.0000000000
6062 -857.0000000000
6064 -856.0000000000
6065 -855.0000000000
6083 -854.0000000000
6093 -853.0000000000
6109 -850.0000000000
6122 -849.0000000000
6126 -848.0000000000
6133 -847.0000000000
6135 -846.0000000000
6151 -845.0000000000
6161 -844.0000000000
6162 -843.0000000000
6178 -842.0000000000
6184 -841.0000000000
6185 -840.0000000000
6189 -839.0000000000
6199 -837.0000000000
6215 -836.0000000000
6224 -835.0000000000
6231 -833.0000000000
6239 -832.0000000000
6253 -831.0000000000
6265 -830.0000000000
6316 -829.0000000000
6330 -827.0000000000
6371 -826.0000000000
6372 -825.0000000000
6395 -824.0000000000
6403 -822.0000000000
6408 -818.0000000000
6456 -817.0000000000
6458 -815.0000000000
6468 -814.0000000000
6496 -813.0000000000
6497 -812.0000000000
6509 -811.0000000000
6521 -810.0000000000
6565 -809.0000000000
6569 -807.0000000000
6589 -806.0000000000
6596 -805.0000000000
6614 -803.0000000000
6618 -802.0000000000
6623 -801.0000000000
6631 -800.0000000000
6636 -799.0000000000
6637 -798.0000000000
6638 -797.0000000000
6660 -796.0000000000
6664 -795.0000000000
6679 -794.0000000000
6697 -793.0000000000
6709 -792.0000000000
6710 -791.0000000000
6713 -790.0000000000
6716 -789.0000000000
6725 -788.0000000000
6728 -787.0000000000
6744 -786.0000000000
6768 -785.0000000000
6772 -783.0000000000
6773 -782.0000000000
6780 -781.0000000000
6784 -780.0000000000
6790 -779.0000000000
6792 -778.0000000000
6852 -777.0000000000
6865 -776.0000000000
6866 -775.0000000000
6868 -773.0000000000
6875 -772.0000000000
6879 -771.0000000000
6884 -770.0000000000
6885 -769.0000000000
6913 -768.0000000000
6919 -767.0000000000
6945 -766.0000000000
6977 -765.0000000000
6986 -764.0000000000
6989 -763.0000000000
7007 -762.0000000000
7014 -761.0000000000
7021 -760.0000000000
7035 -759.0000000000
7042 -757.0000000000
7054 -756.0000000000
7059 -755.0000000000
7064 -754.0000000000
7067 -753.0000000000
7073 -752.0000000000
7080 -751.0000000000
7081 -750.0000000000
7082 -748.0000000000
7088 -747.0000000000
7100 -746.0000000000
7186 -745.0000000000
7195 -744.0000000000
7198 -743.0000000000
7218 -742.0000000000
7235 -741.0000000000
7250 -740.0000000000
7258 -739.0000000000
7277 -738.0000000000
7304 -737.0000000000
7324 -736.0000000000
7331 -735.0000000000
7340 -734.0000000000
7349 -733.0000000000
7369 -732.0000000000
7378 -731.0000000000
7393 -730.0000000000
7395 -729.0000000000
7398 -728.0000000000
7429 -727.0000000000
7442 -726.0000000000
7481 -725.0000000000
7485 -724.0000000000
7489 -723.0000000000
7492 -722.0000000000
7507 -721.0000000000
7511 -720.0000000000
7515 -719.0000000000
7539 -718.0000000000
7542 -717.0000000000
7547 -716.0000000000
7551 -715.0000000000
7561 -713.0000000000
7564 -712.0000000000
7597 -711.0000000000
7600 -710.0000000000
7608 -709.0000000000
7613 -708.0000000000
7615 -706.0000000000
7625 -705.0000000000
7665 -703.0000000000
7690 -702.0000000000
7717 -701.0000000000
7728 -700.0000000000
7732 -699.0000000000
7786 -698.0000000000
7792 -697.0000000000
7798 -694.0000000000
7799 -693.0000000000
7804 -692.0000000000
7811 -691.0000000000
7816 -690.0000000000
7820 -689.0000000000
7842 -688.0000000000
7875 -687.0000000000
7876 -685.0000000000
7877 -684.0000000000
7880 -683.0000000000
7882 -682.0000000000
7892 -681.0000000000
7909 -680.0000000000
7942 -679.0000000000
7959 -678.0000000000
7968 -677.0000000000
8014 -676.0000000000
8053 -674.0000000000
8068 -673.0000000000
8080 -672.0000000000
8085 -671.0000000000
8087 -670.0000000000
8090 -669.0000000000
8091 -668.0000000000
8106 -667.0000000000
8115 -666.0000000000
8131 -665.0000000000
8139 -664.0000000000
8140 -663.0000000000
8161 -662.0000000000
8162 -660.0000000000
8192 -659.0000000000
8206 -658.0000000000
8218 -657.0000000000
8276 -656.0000000000
8281 -655.0000000000
8292 -654.0000000000
8295 -653.0000000000
8319 -652.0000000000
8345 -650.0000000000
8379 -649.0000000000
8428 -648.0000000000
8431 -647.0000000000
8453 -646.0000000000
8504 -645.0000000000
8511 -644.0000000000
8520 -643.0000000000
8522 -642.0000000000
8525 -641.0000000000
8531 -640.0000000000
8540 -639.0000000000
8553 -638.0000000000
8612 -637.0000000000
8620 -636.0000000000
8626 -635.0000000000
8647 -634.0000000000
8661 -633.0000000000
8677 -632.0000000000
8710 -631.0000000000
8730 -630.0000000000
8738 -629.0000000000
8766 -628.0000000000
8822 -627.0000000000
8828 -626.0000000000
8833 -625.0000000000
8854 -624.0000000000
8862 -622.0000000000
8919 -621.0000000000
8964 -620.0000000000
8969 -619.0000000000
9016 -618.0000000000
9022 -617.0000000000
9029 -615.0000000000
9030 -614.0000000000
9044 -613.0000000000
9064 -612.0000000000
9069 -611.0000000000
9071 -610.0000000000
9097 -609.0000000000
9108 -608.0000000000
9141 -607.0000000000
9151 -605.0000000000
9152 -604.0000000000
9171 -602.0000000000
9204 -601.0000000000
9245 -600.0000000000
9265 -598.0000000000
9296 -597.0000000000
9302 -596.0000000000
9307 -594.0000000000
9325 -593.0000000000
9333 -592.0000000000
9335 -591.0000000000
9340 -590.0000000000
9366 -589.0000000000
9394 -588.0000000000
9395 -587.0000000000
9432 -586.0000000000
9484 -585.0000000000
9492 -584.0000000000
9515 -583.0000000000
9536 -582.0000000000
9566 -581.0000000000
9584 -580.0000000000
9587 -579.0000000000
9599 -578.0000000000
9627 -577.0000000000
9641 -576.0000000000
9679 -575.0000000000
9683 -574.0000000000
9691 -573.0000000000
9738 -572.0000000000
9764 -570.0000000000
9774 -569.0000000000
9782 -568.0000000000
9788 -567.0000000000
9797 -566.0000000000
9807 -565.0000000000
9834 -564.0000000000
9856 -563.0000000000
9893 -562.0000000000
9909 -561.0000000000
9938 -560.0000000000
9949 -559.0000000000
9969 -558.0000000000
9984 -557.0000000000
9990 -556.0000000000
10011 -555.0000000000
10091 -554.0000000000
10105 -553.0000000000
10142 -552.0000000000
10156 -551.0000000000
10178 -550.0000000000
10192 -549.0000000000
10200 -548.0000000000
10205 -547.0000000000
10207 -546.0000000000
10232 -545.0000000000
10237 -544.0000000000
10242 -543.0000000000
10257 -542.0000000000
10259 -541.0000000000
10277 -540.0000000000
10283 -539.0000000000
10308 -538.0000000000
10314 -537.0000000000
10332 -536.0000000000
10383 -535.0000000000
10391 -534.0000000000
10396 -533.0000000000
10423 -532.0000000000
10429 -531.0000000000
10466 -530.0000000000
10473 -529.0000000000
10492 -528.0000000000
10508 -527.0000000000
10530 -526.0000000000
10539 -525.0000000000
10541 -524.0000000000
10554 -523.0000000000
10555 -522.0000000000
10556 -521.0000000000
10563 -520.0000000000
10568 -519.0000000000
10570 -518.0000000000
10573 -517.0000000000
10599 -516.0000000000
10602 -515.0000000000
10607 -513.0000000000
10620 -512.0000000000
10629 -510.0000000000
10630 -508.0000000000
10635 -507.0000000000
10646 -506.0000000000
10649 -504.0000000000
10650 -503.0000000000
10756 -502.0000000000
10760 -501.0000000000
10854 -500.0000000000
10867 -499.0000000000
10912 -497.0000000000
10918 -496.0000000000
10951 -495.0000000000
10957 -494.0000000000
10984 -493.0000000000
10992 -492.0000000000
11000 -490.0000000000
11018 -489.0000000000
11038 -488.0000000000
11052 -487.0000000000
11087 -486.0000000000
11099 -485.0000000000
11123 -484.0000000000
11155 -483.0000000000
11234 -482.0000000000
11237 -481.0000000000
11241 -480.0000000000
11280 -479.0000000000
11297 -478.0000000000
11300 -477.0000000000
11328 -476.0000000000
11355 -475.0000000000
11363 -474.0000000000
11371 -473.0000000000
11390 -472.0000000000
11413 -471.0000000000
11482 -470.0000000000
11489 -469.0000000000
11498 -468.0000000000
11503 -467.0000000000
11522 -466.0000000000
11540 -465.0000000000
11550 -464.0000000000
11553 -463.0000000000
11555 -462.0000000000
11558 -461.0000000000
11606 -460.0000000000
11618 -459.0000000000
11681 -458.0000000000
11691 -457.0000000000
11692 -456.0000000000
11731 -455.0000000000
11741 -454.0000000000
11755 -453.0000000000
11798 -452.0000000000
11829 -451.0000000000
11832 -450.0000000000
11835 -449.0000000000
11853 -448.0000000000
11869 -447.0000000000
11899 -446.0000000000
11902 -445.0000000000
11910 -444.0000000000
11941 -443.0000000000
11943 -442.0000000000
11948 -441.0000000000
11985 -440.0000000000
11992 -439.0000000000
12020 -438.0000000000
12049 -437.0000000000
12073 -436.0000000000
12090 -435.0000000000
12098 -434.0000000000
12112 -433.0000000000
12126 -432.0000000000
12140 -431.0000000000
12148 -430.0000000000
12149 -429.0000000000
12202 -428.0000000000
12246 -427.0000000000
12269 -426.0000000000
12308 -425.0000000000
12309 -424.0000000000
12310 -423.0000000000
12438 -422.0000000000
12452 -421.0000000000
12474 -420.0000000000
12495 -419.0000000000
12509 -418.0000000000
12548 -417.0000000000
12560 -416.0000000000
12582 -415.0000000000
12610 -414.0000000000
12674 -413.0000000000
12683 -412.0000000000
12690 -411.0000000000
12710 -410.0000000000
12727 -409.0000000000
12756 -408.0000000000
12775 -407.0000000000
12777 -406.0000000000
12820 -405.0000000000
12836 -404.0000000000
12886 -403.0000000000
12913 -402.0000000000
12934 -401.0000000000
12953 -400.0000000000
13024 -399.0000000000
13030 -398.0000000000
13033 -397.0000000000
13069 -395.0000000000
13072 -394.0000000000
13095 -393.0000000000
13172 -392.0000000000
13181 -391.0000000000
13184 -390.0000000000
13191 -389.0000000000
13214 -388.0000000000
13235 -387.0000000000
13262 -386.0000000000
13273 -385.0000000000
13292 -383.0000000000
13300 -382.0000000000
13321 -381.0000000000
13452 -380.0000000000
13463 -379.0000000000
13474 -378.0000000000
13475 -377.0000000000
13504 -376.0000000000
13506 -375.0000000000
13565 -374.0000000000
13575 -373.0000000000
13592 -372.0000000000
13601 -371.0000000000
13603 -370.0000000000
13613 -368.0000000000
13708 -367.0000000000
13736 -366.0000000000
13745 -365.0000000000
13751 -364.0000000000
13801 -363.0000000000
13808 -362.0000000000
13827 -361.0000000000
13848 -360.0000000000
13928 -359.0000000000
13932 -358.0000000000
13946 -357.0000000000
13949 -356.0000000000
13976 -355.0000000000
13994 -354.0000000000
14002 -353.0000000000
14009 -352.0000000000
14181 -351.0000000000
14188 -350.0000000000
14245 -349.0000000000
14251 -348.0000000000
14255 -347.0000000000
14256 -346.0000000000
14299 -345.0000000000
14335 -344.0000000000
14344 -343.0000000000
14357 -342.0000000000
14377 -341.0000000000
14465 -340.0000000000
14467 -339.0000000000
14551 -338.0000000000
14591 -337.0000000000
14605 -336.0000000000
14621 -335.0000000000
14627 -334.0000000000
14674 -333.0000000000
14681 -332.0000000000
14713 -331.0000000000
14730 -330.0000000000
14731 -329.0000000000
14797 -328.0000000000
14824 -327.0000000000
14837 -326.0000000000
14839 -324.0000000000
14842 -323.0000000000
14896 -322.0000000000
14903 -320.0000000000
14954 -319.0000000000
14999 -318.0000000000
15074 -317.0000000000
15168 -316.0000000000
15180 -315.0000000000
15192 -314.0000000000
15225 -313.0000000000
15248 -312.0000000000
15257 -311.0000000000
15266 -310.0000000000
15299 -309.0000000000
15315 -308.0000000000
15478 -306.0000000000
15503 -305.0000000000
15511 -304.0000000000
15569 -303.0000000000
15598 -302.0000000000
15604 -301.0000000000
15610 -300.0000000000
15618 -299.0000000000
15651 -298.0000000000
15662 -297.0000000000
15674 -296.0000000000
15677 -295.0000000000
15687 -294.0000000000
15715 -293.0000000000
15755 -291.0000000000
15771 -290.0000000000
15784 -289.0000000000
15797 -288.0000000000
15806 -287.0000000000
15825 -286.0000000000
15849 -284.0000000000
15887 -283.0000000000
15922 -282.0000000000
15939 -281.0000000000
15964 -280.0000000000
16004 -279.0000000000
16254 -277.0000000000
16323 -276.0000000000
16331 -275.0000000000
16347 -274.0000000000
16382 -273.0000000000
16475 -272.0000000000
16511 -271.0000000000
16571 -270.0000000000
16583 -269.0000000000
16639 -268.0000000000
16650 -267.0000000000
16679 -266.0000000000
16696 -265.0000000000
16708 -263.0000000000
16748 -262.0000000000
16851 -261.0000000000
16940 -260.0000000000
17003 -259.0000000000
17013 -258.0000000000
17042 -257.0000000000
17103 -256.0000000000
17144 -255.0000000000
17162 -254.0000000000
17230 -253.0000000000
17247 -252.0000000000
17312 -251.0000000000
17317 -250.0000000000
17358 -249.0000000000
17402 -248.0000000000
17433 -247.0000000000
17504 -246.0000000000
17524 -245.0000000000
17659 -244.0000000000
17722 -243.0000000000
17779 -242.0000000000
17787 -241.0000000000
17814 -240.0000000000
17903 -239.0000000000
17910 -238.0000000000
17915 -237.0000000000
17920 -235.0000000000
17967 -234.0000000000
17982 -233.0000000000
17990 -232.0000000000
18027 -231.0000000000
18050 -230.0000000000
18062 -229.0000000000
18204 -228.0000000000
18278 -227.0000000000
18282 -226.0000000000
18321 -225.0000000000
18420 -224.0000000000
18433 -223.0000000000
18483 -222.0000000000
18504 -221.0000000000
18638 -220.0000000000
18708 -219.0000000000
18828 -218.0000000000
18893 -217.0000000000
18916 -216.0000000000
18959 -215.0000000000
18969 -214.0000000000
18977 -213.0000000000
19000 -212.0000000000
19016 -211.0000000000
19076 -210.0000000000
19100 -209.0000000000
19134 -208.0000000000
19180 -207.0000000000
19211 -206.0000000000
19217 -205.0000000000
19266 -204.0000000000
19268 -203.0000000000
19285 -202.0000000000
19454 -201.0000000000
19462 -200.0000000000
19483 -199.0000000000
19513 -198.0000000000
19686 -197.0000000000
19729 -196.0000000000
19733 -195.0000000000
19767 -194.0000000000
19774 -193.0000000000
19922 -192.0000000000
20056 -191.0000000000
20068 -190.0000000000
20086 -189.0000000000
20105 -188.0000000000
20109 -187.0000000000
20185 -186.0000000000
20207 -185.0000000000
20275 -184.0000000000
20303 -183.0000000000
20378 -182.0000000000
20402 -181.0000000000
20443 -179.0000000000
20474 -178.0000000000
20561 -177.0000000000
20567 -175.0000000000
20602 -174.0000000000
20702 -173.0000000000
20727 -172.0000000000
20784 -171.0000000000
20817 -170.0000000000
20838 -169.0000000000
20839 -168.0000000000
20884 -167.0000000000
20972 -166.0000000000
21014 -165.0000000000
21044 -164.0000000000
21103 -163.0000000000
21128 -162.0000000000
21135 -161.0000000000
21438 -160.0000000000
21477 -159.0000000000
21678 -158.0000000000
21715 -157.0000000000
21812 -156.0000000000
21952 -155.0000000000
21973 -154.0000000000
22222 -153.0000000000
22381 -152.0000000000
22469 -151.0000000000
22479 -149.0000000000
22618 -148.0000000000
22632 -147.0000000000
22663 -146.0000000000
22735 -145.0000000000
22739 -144.0000000000
22787 -143.0000000000
22792 -142.0000000000
22794 -141.0000000000
22848 -140.0000000000
22916 -139.0000000000
22940 -138.0000000000
23079 -137.0000000000
23095 -136.0000000000
23180 -135.0000000000
23195 -134.0000000000
23256 -133.0000000000
23309 -132.0000000000
23314 -131.0000000000
23368 -130.0000000000
23378 -129.0000000000
23608 -128.0000000000
23633 -127.0000000000
23642 -126.0000000000
23690 -125.0000000000
23692 -124.0000000000
23758 -123.0000000000
23762 -122.0000000000
23764 -121.0000000000
23817 -120.0000000000
24030 -119.0000000000
24177 -118.0000000000
24178 -117.0000000000
24527 -116.0000000000
24577 -115.0000000000
24953 -114.0000000000
24981 -113.0000000000
24993 -112.0000000000
25213 -111.0000000000
25513 -110.0000000000
25583 -109.0000000000
25759 -108.0000000000
25777 -107.0000000000
25962 -106.0000000000
25989 -105.0000000000
26005 -104.0000000000
26157 -103.0000000000
26276 -102.0000000000
26436 -101.0000000000
26464 -100.0000000000
26478 -99.0000000000
26487 -98.0000000000
26580 -97.0000000000
26869 -96.0000000000
26996 -95.0000000000
27151 -94.0000000000
27168 -93.0000000000
27443 -92.0000000000
27469 -91.0000000000
27544 -90.0000000000
27569 -89.0000000000
27594 -88.0000000000
27631 -87.0000000000
27653 -86.0000000000
27895 -85.0000000000
28030 -84.0000000000
28266 -83.0000000000
28340 -82.0000000000
28459 -81.0000000000
28704 -80.0000000000
28972 -79.0000000000
29030 -77.0000000000
29112 -76.0000000000
29180 -75.0000000000
29284 -74.0000000000
29761 -73.0000000000
29912 -72.0000000000
30112 -71.0000000000
30187 -70.0000000000
30229 -69.0000000000
30237 -68.0000000000
30538 -67.0000000000
30656 -66.0000000000
30756 -65.0000000000
30872 -64.0000000000
31247 -63.0000000000
31513 -62.0000000000
31528 -61.0000000000
31714 -60.0000000000
31757 -59.0000000000
31911 -58.0000000000
31971 -57.0000000000
31981 -56.0000000000
32079 -55.0000000000
32089 -54.0000000000
32633 -53.0000000000
32771 -52.0000000000
32980 -51.0000000000
33147 -50.0000000000
33243 -49.0000000000
33331 -48.0000000000
33598 -47.0000000000
33609 -46.0000000000
33703 -45.0000000000
33813 -44.0000000000
33824 -43.0000000000
33909 -42.0000000000
34112 -41.0000000000
34169 -40.0000000000
34322 -39.0000000000
34667 -38.0000000000
34681 -37.0000000000
34909 -36.0000000000
35404 -35.0000000000
35535 -34.0000000000
35588 -33.0000000000
35669 -31.0000000000
35705 -30.0000000000
35905 -29.0000000000
36034 -28.0000000000
36415 -27.0000000000
36432 -26.0000000000
36561 -25.0000000000
37318 -24.0000000000
37854 -23.0000000000
38091 -22.0000000000
38123 -21.0000000000
38322 -20.0000000000
38424 -19.0000000000
38674 -18.0000000000
38805 -17.0000000000
38865 -16.0000000000
39021 -15.0000000000
39056 -14.0000000000
39081 -13.0000000000
39136 -12.0000000000
39216 -11.0000000000
39435 -10.0000000000
40260 -9.0000000000
40275 -8.0000000000
40988 -7.0000000000
41247 -6.0000000000
41982 -5.0000000000
42991 -4.0000000000
43641 -3.0000000000
44028 -2.0000000000
44572 -1.0000000000
45753 155.1800000000
45767 161.0500000000
45819 163.7300000000
46031 164.4500000000
46108 166.5600000000
46140 169.4100000000
46269 171.8300000000
47157 179.3100000000
52297 182.8300000000
56984 183.5000000000
100001 -1.0000000000
evaluations raw_y
1 -2003.0000000000
2 -2002.0000000000
7 -2000.0000000000
10 -1999.0000000000
16 -1996.0000000000
19 -1994.0000000000
23 -1993.0000000000
25 -1992.0000000000
26 -1989.0000000000
29 -1988.0000000000
30 -1987.0000000000
31 -1986.0000000000
40 -1984.0000000000
43 -1983.0000000000
46 -1982.0000000000
47 -1981.0000000000
51 -1979.0000000000
54 -1978.0000000000
55 -1977.0000000000
58 -1976.0000000000
61 -1974.0000000000
63 -1973.0000000000
65 -1972.0000000000
68 -1971.0000000000
73 -1970.0000000000
83 -1969.0000000000
90 -1967.0000000000
93 -1966.0000000000
103 -1965.0000000000
112 -1964.0000000000
117 -1963.0000000000
118 -1962.0000000000
133 -1961.0000000000
140 -1960.0000000000
143 -1959.0000000000
144 -1958.0000000000
146 -1957.0000000000
147 -1956.0000000000
150 -1955.0000000000
161 -1954.0000000000
166 -1953.0000000000
167 -1952.0000000000
178 -1951.0000000000
181 -1950.0000000000
186 -1949.0000000000
189 -1948.0000000000
195 -1947.0000000000
200 -1946.0000000000
203 -1945.0000000000
208 -1944.0000000000
210 -1942.0000000000
213 -1940.0000000000
214 -1939.0000000000
227 -1938.0000000000
230 -1937.0000000000
234 -1935.0000000000
238 -1934.0000000000
242 -1933.0000000000
243 -1932.0000000000
250 -1931.0000000000
253 -1930.0000000000
268 -1929.0000000000
271 -1928.0000000000
272 -1927.0000000000
273 -1926.0000000000
281 -1925.0000000000
285 -1924.0000000000
286 -1923.0000000000
288 -1922.0000000000
290 -1920.0000000000
291 -1919.0000000000
305 -1918.0000000000
311 -1917.0000000000
312 -1916.0000000000
321 -1915.0000000000
323 -1914.0000000000
325 -1913.0000000000
329 -1912.0000000000
330 -1911.0000000000
331 -1910.0000000000
339 -1908.0000000000
345 -1907.0000000000
346 -1905.0000000000
348 -1904.0000000000
353 -1903.0000000000
358 -1902.0000000000
360 -1901.0000000000
368 -1899.0000000000
369 -1898.0000000000
373 -1897.0000000000
374 -1894.0000000000
375 -1893.0000000000
379 -1892.0000000000
381 -1890.0000000000
392 -1889.0000000000
397 -1888.0000000000
402 -1886.0000000000
409 -1885.0000000000
411 -1884.0000000000
418 -1883.0000000000
422 -1882.0000000000
423 -1879.0000000000
430 -1878.0000000000
433 -1877.0000000000
438 -1876.0000000000
439 -1875.0000000000
445 -1874.0000000000
451 -1873.0000000000
460 -1872.0000000000
465 -1870.0000000000
467 -1868.0000000000
474 -1867.0000000000
478 -1865.0000000000
481 -1864.0000000000
489 -1863.0000000000
491 -1862.0000000000
497 -1861.0000000000
499 -1860.0000000000
500 -1859.0000000000
502 -1858.0000000000
507 -1857.0000000000
508 -1856.0000000000
509 -1855.0000000000
510 -1853.0000000000
514 -1852.0000000000
519 -1851.0000000000
521 -1849.0000000000
526 -1848.0000000000
530 -1846.0000000000
538 -1845.0000000000
546 -1844.0000000000
555 -1843.0000000000
558 -1842.0000000000
570 -1841.0000000000
574 -1840.0000000000
577 -1839.0000000000
593 -1838.0000000000
594 -1835.0000000000
595 -1834.0000000000
597 -1833.0000000000
605 -1832.0000000000
610 -1831.0000000000
616 -1830.0000000000
619 -1827.0000000000
622 -1826.0000000000
632 -1825.0000000000
633 -1824.0000000000
636 -1823.0000000000
637 -1821.0000000000
639 -1820.0000000000
641 -1819.0000000000
646 -1818.0000000000
647 -1817.0000000000
650 -1816.0000000000
651 -1815.0000000000
655 -1814.0000000000
656 -1813.0000000000
660 -1812.0000000000
662 -1811.0000000000
665 -1810.0000000000
666 -1809.0000000000
676 -1808.0000000000
678 -1807.0000000000
681 -1806.0000000000
683 -1805.0000000000
685 -1803.0000000000
692 -1802.0000000000
697 -1801.0000000000
703 -1800.0000000000
705 -1799.0000000000
707 -1797.0000000000
712 -1796.0000000000
717 -1795.0000000000
730 -1793.0000000000
731 -1792.0000000000
732 -1791.0000000000
735 -1790.0000000000
739 -1789.0000000000
740 -1788.0000000000
750 -1787.0000000000
754 -1785.0000000000
755 -1784.0000000000
756 -1782.0000000000
757 -1781.0000000000
763 -1780.0000000000
767 -1779.0000000000
774 -1778.0000000000
780 -1777.0000000000
781 -1776.0000000000
784 -1775.0000000000
791 -1774.0000000000
793 -1773.0000000000
801 -1770.0000000000
802 -1769.0000000000
803 -1767.0000000000
814 -1765.0000000000
818 -1764.0000000000
821 -1763.0000000000
827 -1762.0000000000
843 -1761.0000000000
848 -1760.0000000000
850 -1758.0000000000
851 -1757.0000000000
856 -1756.0000000000
857 -1755.0000000000
862 -1754.0000000000
865 -1752.0000000000
867 -1751.0000000000
873 -1750.0000000000
875 -1749.0000000000
878 -1748.0000000000
887 -1747.0000000000
888 -1746.0000000000
889 -1745.0000000000
894 -1744.0000000000
895 -1743.0000000000
898 -1742.0000000000
909 -1741.0000000000
922 -1740.0000000000
929 -1739.0000000000
930 -1738.0000000000
931 -1737.0000000000
935 -1736.0000000000
936 -1735.0000000000
938 -1734.0000000000
942 -1733.0000000000
946 -1732.0000000000
950 -1731.0000000000
955 -1730.0000000000
957 -1729.0000000000
958 -1728.0000000000
960 -1727.0000000000
966 -1725.0000000000
967 -1724.0000000000
970 -1723.0000000000
978 -1721.0000000000
982 -1720.0000000000
985 -1719.0000000000
986 -1717.0000000000
989 -1716.0000000000
993 -1714.0000000000
1000 -1713.0000000000
1002 -1712.0000000000
1004 -1711.0000000000
1006 -1710.0000000000
1007 -1709.0000000000
1010 -1707.0000000000
1013 -1706.0000000000
1018 -1705.0000000000
1020 -1704.0000000000
1021 -1703.0000000000
1025 -1702.0000000000
1027 -1701.0000000000
1032 -1700.0000000000
1038 -1699.0000000000
1041 -1698.0000000000
1050 -1695.0000000000
1055 -1693.0000000000
1065 -1692.0000000000
1076 -1691.0000000000
1078 -1690.0000000000
1081 -1689.0000000000
1082 -1687.0000000000
1083 -1685.0000000000
1088 -1683.0000000000
1091 -1681.0000000000
1095 -1680.0000000000
1097 -1678.0000000000
1100 -1677.0000000000
1101 -1676.0000000000
1112 -1675.0000000000
1128 -1674.0000000000
1136 -1673.0000000000
1139 -1672.0000000000
1149 -1670.0000000000
1154 -1669.0000000000
1159 -1667.0000000000
1160 -1666.0000000000
1162 -1662.0000000000
1168 -1660.0000000000
1170 -1658.0000000000
1173 -1657.0000000000
1174 -1655.0000000000
1175 -1654.0000000000
1193 -1653.0000000000
1202 -1652.0000000000
1206 -1651.0000000000
1215 -1650.0000000000
1238 -1649.0000000000
1241 -1648.0000000000
1244 -1647.0000000000
1245 -1646.0000000000
1248 -1645.0000000000
1249 -1644.0000000000
1258 -1641.0000000000
1261 -1640.0000000000
1262 -1639.0000000000
1267 -1638.0000000000
1275 -1637.0000000000
1282 -1636.0000000000
1290 -1634.0000000000
1300 -1633.0000000000
1301 -1631.0000000000
1309 -1630.0000000000
1319 -1629.0000000000
1320 -1628.0000000000
1321 -1627.0000000000
1324 -1626.0000000000
1326 -1625.0000000000
1328 -1623.0000000000
1347 -1622.0000000000
1348 -1621.0000000000
1351 -1620.0000000000
1359 -1618.0000000000
1362 -1617.0000000000
1365 -1616.0000000000
1368 -1615.0000000000
1373 -1613.0000000000
1374 -1612.0000000000
1382 -1610.0000000000
1383 -1609.0000000000
1387 -1608.0000000000
1390 -1607.0000000000
1392 -1606.0000000000
1403 -1605.0000000000
1405 -1604.0000000000
1408 -1603.0000000000
1412 -1602.0000000000
1414 -1600.0000000000
1419 -1599.0000000000
1423 -1598.0000000000
1429 -1597.0000000000
1439 -1596.0000000000
1442 -1594.0000000000
1448 -1593.0000000000
1450 -1592.0000000000
1464 -1591.0000000000
1475 -1590.0000000000
1484 -1588.0000000000
1486 -1587.0000000000
1491 -1586.0000000000
1494 -1585.0000000000
1502 -1584.0000000000
1506 -1583.0000000000
1510 -1582.0000000000
1513 -1581.0000000000
1517 -1580.0000000000
1518 -1579.0000000000
1531 -1577.0000000000
1534 -1575.0000000000
1539 -1574.0000000000
1551 -1573.0000000000
1552 -1572.0000000000
1561 -1571.0000000000
1571 -1570.0000000000
1580 -1568.0000000000
1582 -1566.0000000000
1591 -1565.0000000000
1592 -1564.0000000000
1593 -1563.0000000000
1598 -1561.0000000000
1612 -1560.0000000000
1614 -1559.0000000000
1620 -1558.0000000000
1623 -1557.0000000000
1635 -1555.0000000000
1645 -1554.0000000000
1647 -1553.0000000000
1651 -1552.0000000000
1653 -1550.0000000000
1662 -1549.0000000000
1676 -1547.0000000000
1677 -1546.0000000000
1686 -1545.0000000000
1703 -1544.0000000000
1705 -1543.0000000000
1707 -1542.0000000000
1708 -1541.0000000000
1710 -1540.0000000000
1712 -1539.0000000000
1713 -1536.0000000000
1714 -1535.0000000000
1715 -1533.0000000000
1724 -1532.0000000000
1744 -1531.0000000000
1750 -1530.0000000000
1752 -1529.0000000000
1753 -1528.0000000000
1758 -1527.0000000000
1762 -1526.0000000000
1766 -1525.0000000000
1778 -1524.0000000000
1787 -1521.0000000000
1789 -1520.0000000000
1800 -1519.0000000000
1801 -1518.0000000000
1802 -1517.0000000000
1808 -1515.0000000000
1811 -1513.0000000000
1812 -1512.0000000000
1814 -1511.0000000000
1819 -1510.0000000000
1824 -1509.0000000000
1830 -1508.0000000000
1833 -1506.0000000000
1842 -1503.0000000000
1848 -1502.0000000000
1852 -1501.0000000000
1861 -1500.0000000000
1865 -1499.0000000000
1874 -1498.0000000000
1877 -1497.0000000000
1905 -1496.0000000000
1908 -1494.0000000000
1914 -1493.0000000000
1925 -1491.0000000000
1930 -1490.0000000000
1940 -1487.0000000000
1947 -1486.0000000000
1949 -1485.0000000000
1955 -1484.0000000000
1956 -1483.0000000000
1960 -1481.0000000000
1961 -1480.0000000000
1962 -1479.0000000000
1967 -1478.0000000000
1969 -1477.0000000000
1971 -1476.0000000000
1988 -1475.0000000000
2012 -1474.0000000000
2031 -1472.0000000000
2032 -1471.0000000000
2036 -1470.0000000000
2043 -1469.0000000000
2054 -1468.0000000000
2060 -1467.0000000000
2072 -1466.0000000000
2084 -1465.0000000000
2085 -1464.0000000000
2090 -1463.0000000000
2091 -1462.0000000000
2097 -1461.0000000000
2107 -1460.0000000000
2108 -1458.0000000000
2114 -1456.0000000000
2138 -1454.0000000000
2152 -1453.0000000000
2154 -1452.0000000000
2170 -1451.0000000000
2173 -1450.0000000000
2181 -1449.0000000000
2183 -1448.0000000000
2189 -1447.0000000000
2194 -1446.0000000000
2199 -1445.0000000000
2203 -1444.0000000000
2207 -1443.0000000000
2208 -1442.0000000000
2225 -1441.0000000000
2228 -1440.0000000000
2229 -1439.0000000000
2232 -1438.0000000000
2234 -1436.0000000000
2237 -1435.0000000000
2248 -1434.0000000000
2254 -1433.0000000000
2257 -1431.0000000000
2260 -1430.0000000000
2265 -1429.0000000000
2269 -1428.0000000000
2270 -1427.0000000000
2272 -1426.0000000000
2275 -1425.0000000000
2276 -1424.0000000000
2284 -1423.0000000000
2302 -1422.0000000000
2304 -1421.0000000000
2308 -1420.0000000000
2314 -1419.0000000000
2315 -1418.0000000000
2316 -1417.0000000000
2318 -1416.0000000000
2322 -1415.0000000000
2330 -1414.0000000000
2331 -1413.0000000000
2333 -1411.0000000000
2351 -1410.0000000000
2354 -1409.0000000000
2356 -1408.0000000000
2358 -1407.0000000000
2362 -1406.0000000000
2364 -1405.0000000000
2367 -1404.0000000000
2374 -1403.0000000000
2386 -1402.0000000000
2389 -1401.0000000000
2398 -1400.0000000000
2399 -1398.0000000000
2411 -1397.0000000000
2440 -1396.0000000000
2448 -1394.0000000000
2452 -1393.0000000000
2458 -1392.0000000000
2461 -1389.0000000000
2490 -1388.0000000000
2503 -1387.0000000000
2506 -1386.0000000000
2507 -1385.0000000000
2524 -1384.0000000000
2536 -1383.0000000000
2541 -1382.0000000000
2547 -1380.0000000000
2551 -1379.0000000000
2559 -1378.0000000000
2560 -1377.0000000000
2563 -1375.0000000000
2574 -1374.0000000000
2576 -1373.0000000000
2581 -1372.0000000000
2589 -1371.0000000000
2591 -1370.0000000000
2603 -1368.0000000000
2626 -1366.0000000000
2633 -1365.0000000000
2637 -1364.0000000000
2639 -1362.0000000000
2644 -1360.0000000000
2645 -1358.0000000000
2647 -1357.0000000000
2652 -1356.0000000000
2653 -1355.0000000000
2655 -1354.0000000000
2660 -1353.0000000000
2672 -1352.0000000000
2679 -1351.0000000000
2694 -1350.0000000000
2698 -1349.0000000000
2699 -1348.0000000000
2708 -1347.0000000000
2709 -1346.0000000000
2712 -1344.0000000000
2724 -1343.0000000000
2726 -1342.0000000000
2730 -1341.0000000000
2731 -1340.0000000000
2738 -1339.0000000000
2753 -1338.0000000000
2776 -1337.0000000000
2785 -1334.0000000000
2786 -1333.0000000000
2798 -1332.0000000000
2802 -1331.0000000000
2811 -1330.0000000000
2814 -1329.0000000000
2827 -1328.0000000000
2831 -1327.0000000000
2832 -1326.0000000000
2834 -1325.0000000000
2835 -1324.0000000000
2839 -1323.0000000000
2840 -1322.0000000000
2847 -1321.0000000000
2851 -1320.0000000000
2874 -1319.0000000000
2875 -1317.0000000000
2876 -1316.0000000000
2916 -1315.0000000000
2923 -1314.0000000000
2924 -1312.0000000000
2925 -1310.0000000000
2928 -1309.0000000000
2936 -1307.0000000000
2938 -1306.0000000000
2949 -1305.0000000000
2953 -1304.0000000000
2964 -1303.0000000000
2989 -1301.0000000000
3000 -1300.0000000000
3008 -1299.0000000000
3009 -1298.0000000000
3031 -1297.0000000000
3035 -1296.0000000000
3052 -1295.0000000000
3057 -1294.0000000000
3061 -1292.0000000000
3083 -1291.0000000000
3084 -1290.0000000000
3088 -1289.0000000000
3099 -1288.0000000000
3111 -1287.0000000000
3116 -1286.0000000000
3126 -1284.0000000000
3127 -1283.0000000000
3138 -1282.0000000000
3140 -1281.0000000000
3145 -1280.0000000000
3151 -1279.0000000000
3159 -1278.0000000000
3169 -1277.0000000000
3187 -1276.0000000000
3194 -1275.0000000000
3196 -1274.0000000000
3200 -1273.0000000000
3213 -1272.0000000000
3218 -1270.0000000000
3227 -1268.0000000000
3235 -1267.0000000000
3243 -1266.0000000000
3249 -1265.0000000000
3256 -1264.0000000000
3264 -1263.0000000000
3265 -1261.0000000000
3277 -1260.0000000000
3298 -1259.0000000000
3322 -1258.0000000000
3326 -1257.0000000000
3327 -1256.0000000000
3331 -1255.0000000000
3340 -1254.0000000000
3351 -1253.0000000000
3359 -1252.0000000000
3360 -1251.0000000000
3369 -1250.0000000000
3371 -1249.0000000000
3373 -1248.0000000000
3374 -1247.0000000000
3379 -1245.0000000000
3385 -1244.0000000000
3408 -1243.0000000000
3415 -1242.0000000000
3421 -1241.0000000000
3423 -1240.0000000000
3429 -1239.0000000000
3430 -1237.0000000000
3433 -1235.0000000000
3437 -1234.0000000000
3447 -1233.0000000000
3453 -1232.0000000000
3458 -1231.0000000000
3461 -1230.0000000000
3468 -1229.0000000000
3469 -1227.0000000000
3481 -1226.0000000000
3483 -1225.0000000000
3492 -1224.0000000000
3495 -1222.0000000000
3506 -1220.0000000000
3513 -1219.0000000000
3530 -1218.0000000000
3531 -1217.0000000000
3543 -1216.0000000000
3550 -1214.0000000000
3552 -1213.0000000000
3555 -1212.0000000000
3557 -1211.0000000000
3566 -1210.0000000000
3573 -1209.0000000000
3577 -1207.0000000000
3592 -1206.0000000000
3598 -1205.0000000000
3617 -1204.0000000000
3628 -1203.0000000000
3631 -1202.0000000000
3632 -1200.0000000000
3633 -1199.0000000000
3656 -1198.0000000000
3664 -1197.0000000000
3674 -1195.0000000000
3676 -1194.0000000000
3679 -1193.0000000000
3685 -1192.0000000000
3688 -1191.0000000000
3696 -1189.0000000000
3708 -1188.0000000000
3714 -1186.0000000000
3715 -1185.0000000000
3716 -1184.0000000000
3721 -1182.0000000000
3736 -1181.0000000000
3739 -1179.0000000000
3742 -1178.0000000000
3748 -1177.0000000000
3749 -1176.0000000000
3750 -1175.0000000000
3756 -1174.0000000000
3803 -1173.0000000000
3808 -1172.0000000000
3811 -1171.0000000000
3813 -1170.0000000000
3816 -1169.0000000000
3823 -1168.0000000000
3834 -1167.0000000000
3852 -1166.0000000000
3865 -1165.0000000000
3867 -1164.0000000000
3869 -1163.0000000000
3871 -1162.0000000000
3885 -1161.0000000000
3893 -1159.0000000000
3916 -1158.0000000000
3925 -1157.0000000000
3931 -1156.0000000000
3933 -1155.0000000000
3940 -1154.0000000000
3943 -1153.0000000000
3945 -1152.0000000000
3951 -1151.0000000000
3969 -1150.0000000000
3977 -1149.0000000000
3978 -1148.0000000000
3982 -1147.0000000000
3987 -1146.0000000000
3994 -1145.0000000000
4007 -1144.0000000000
4017 -1143.0000000000
4018 -1141.0000000000
4023 -1140.0000000000
4056 -1139.0000000000
4058 -1138.0000000000
4062 -1137.0000000000
4063 -1136.0000000000
4073 -1135.0000000000
4080 -1134.0000000000
4084 -1133.0000000000
4096 -1132.0000000000
4101 -1131.0000000000
4106 -1130.0000000000
4115 -1129.0000000000
4119 -1128.0000000000
4121 -1126.0000000000
4123 -1125.0000000000
4128 -1124.0000000000
4129 -1123.0000000000
4132 -1121.0000000000
4135 -1120.0000000000
4142 -1119.0000000000
4156 -1118.0000000000
4174 -1117.0000000000
4182 -1116.0000000000
4187 -1115.0000000000
4197 -1113.0000000000
4207 -1112.0000000000
4212 -1111.0000000000
4224 -1110.0000000000
4252 -1108.0000000000
4262 -1107.0000000000
4267 -1106.0000000000
4268 -1105.0000000000
4271 -1104.0000000000
4278 -1103.0000000000
4281 -1102.0000000000
4286 -1101.0000000000
4289 -1100.0000000000
4296 -1099.0000000000
4299 -1097.0000000000
4304 -1095.0000000000
4306 -1094.0000000000
4313 -1093.0000000000
4317 -1092.0000000000
4325 -1090.0000000000
4330 -1089.0000000000
4334 -1088.0000000000
4360 -1087.0000000000
4368 -1085.0000000000
4369 -1084.0000000000
4377 -1082.0000000000
4379 -1081.0000000000
4386 -1080.0000000000
4393 -1079.0000000000
4406 -1078.0000000000
4415 -1077.0000000000
4422 -1076.0000000000
4431 -1075.0000000000
4449 -1074.0000000000
4467 -1073.0000000000
4471 -1072.0000000000
4482 -1071.0000000000
4483 -1070.0000000000
4486 -1069.0000000000
4487 -1068.0000000000
4504 -1067.0000000000
4508 -1066.0000000000
4511 -1064.0000000000
4518 -1062.0000000000
4522 -1061.0000000000
4528 -1060.0000000000
4537 -1059.0000000000
4542 -1058.0000000000
4543 -1057.0000000000
4546 -1056.0000000000
4547 -1055.0000000000
4561 -1054.0000000000
4596 -1053.0000000000
4600 -1052.0000000000
4601 -1051.0000000000
4611 -1050.0000000000
4613 -1049.0000000000
4619 -1048.0000000000
4626 -1047.0000000000
4647 -1046.0000000000
4652 -1045.0000000000
4655 -1043.0000000000
4660 -1042.0000000000
4678 -1041.0000000000
4684 -1040.0000000000
4690 -1038.0000000000
4721 -1037.0000000000
4730 -1036.0000000000
4741 -1035.0000000000
4755 -1034.0000000000
4792 -1033.0000000000
4797 -1032.0000000000
4827 -1031.0000000000
4830 -1030.0000000000
4839 -1029.0000000000
4854 -1028.0000000000
4862 -1027.0000000000
4868 -1026.0000000000
4872 -1025.0000000000
4873 -1024.0000000000
4883 -1023.0000000000
4891 -1022.0000000000
4905 -1021.0000000000
4906 -1020.0000000000
4912 -1019.0000000000
4913 -1017.0000000000
4919 -1015.0000000000
4920 -1012.0000000000
4921 -1011.0000000000
4945 -1010.0000000000
4964 -1009.0000000000
4974 -1008.0000000000
4993 -1007.0000000000
5006 -1006.0000000000
5029 -1005.0000000000
5046 -1004.0000000000
5054 -1003.0000000000
5060 -1002.0000000000
5066 -1001.0000000000
5074 -998.0000000000
5076 -996.0000000000
5079 -995.0000000000
5085 -994.0000000000
5095 -991.0000000000
5108 -990.0000000000
5113 -989.0000000000
5118 -988.0000000000
5120 -986.0000000000
5140 -985.0000000000
5148 -984.0000000000
5154 -983.0000000000
5160 -982.0000000000
5162 -981.0000000000
5171 -980.0000000000
5174 -979.0000000000
5175 -978.0000000000
5178 -977.0000000000
5199 -976.0000000000
5202 -975.0000000000
5217 -974.0000000000
5229 -973.0000000000
5232 -972.0000000000
5237 -971.0000000000
5253 -970.0000000000
5258 -968.0000000000
5267 -967.0000000000
5283 -966.0000000000
5287 -965.0000000000
5311 -964.0000000000
5317 -963.0000000000
5326 -962.0000000000
5341 -961.0000000000
5359 -960.0000000000
5373 -959.0000000000
5380 -958.0000000000
5397 -957.0000000000
5422 -956.0000000000
5424 -955.0000000000
5440 -954.0000000000
5446 -953.0000000000
5458 -952.0000000000
5479 -950.0000000000
5482 -949.0000000000
5488 -948.0000000000
5491 -947.0000000000
5507 -946.0000000000
5508 -945.0000000000
5515 -944.0000000000
5518 -943.0000000000
5535 -942.0000000000
5541 -940.0000000000
5573 -939.0000000000
5580 -938.0000000000
5584 -937.0000000000
5592 -936.0000000000
5595 -934.0000000000
5596 -933.0000000000
5598 -931.0000000000
5605 -929.0000000000
5617 -928.0000000000
5619 -927.0000000000
5623 -926.0000000000
5650 -925.0000000000
5651 -924.0000000000
5667 -923.0000000000
5713 -922.0000000000
5737 -920.0000000000
5748 -919.0000000000
5774 -918.0000000000
5775 -917.0000000000
5807 -916.0000000000
5821 -915.0000000000
5822 -914.0000000000
5826 -911.0000000000
5830 -910.0000000000
5841 -909.0000000000
5848 -908.0000000000
5851 -907.0000000000
5859 -905.0000000000
5862 -904.0000000000
5868 -903.0000000000
5871 -902.0000000000
5881 -901.0000000000
5883 -900.0000000000
5886 -899.0000000000
5888 -898.0000000000
5893 -897.0000000000
5899 -895.0000000000
5904 -894.0000000000
5932 -893.0000000000
5936 -892.0000000000
5945 -891.0000000000
5955 -890.0000000000
5958 -889.0000000000
6011 -888.0000000000
6028 -887.0000000000
6036 -886.0000000000
6045 -885.0000000000
6049 -884.0000000000
6051 -883.0000000000
6059 -882.0000000000
6062 -881.0000000000
6089 -880.0000000000
6093 -879.0000000000
6103 -878.0000000000
6105 -877.0000000000
6118 -876.0000000000
6121 -875.0000000000
6123 -874.0000000000
6132 -873.0000000000
6144 -872.0000000000
6149 -871.0000000000
6150 -869.0000000000
6154 -868.0000000000
6165 -867.0000000000
6167 -866.0000000000
6173 -865.0000000000
6183 -864.0000000000
6185 -862.0000000000
6202 -861.0000000000
6213 -860.0000000000
6219 -859.0000000000
6249 -857.0000000000
6257 -856.0000000000
6262 -855.0000000000
6264 -853.0000000000
6269 -852.0000000000
6270 -851.0000000000
6271 -850.0000000000
6277 -849.0000000000
6278 -848.0000000000
6293 -847.0000000000
6308 -846.0000000000
6310 -845.0000000000
6328 -844.0000000000
6340 -843.0000000000
6356 -842.0000000000
6368 -841.0000000000
6370 -840.0000000000
6378 -839.0000000000
6380 -838.0000000000
6383 -837.0000000000
6385 -836.0000000000
6400 -834.0000000000
6405 -833.0000000000
6413 -832.0000000000
6446 -831.0000000000
6450 -830.0000000000
6458 -829.0000000000
6459 -828.0000000000
6476 -827.0000000000
6479 -826.0000000000
6480 -825.0000000000
6484 -823.0000000000
6490 -822.0000000000
6498 -821.0000000000
6499 -820.0000000000
6500 -819.0000000000
6517 -818.0000000000
6520 -816.0000000000
6523 -815.0000000000
6524 -813.0000000000
6553 -812.0000000000
6555 -811.0000000000
6572 -810.0000000000
6576 -809.0000000000
6585 -808.0000000000
6603 -807.0000000000
6607 -805.0000000000
6616 -804.0000000000
6623 -803.0000000000
6627 -802.0000000000
6634 -801.0000000000
6635 -800.0000000000
6647 -799.0000000000
6655 -798.0000000000
6669 -797.0000000000
6670 -796.0000000000
6682 -795.0000000000
6690 -794.0000000000
6722 -793.0000000000
6748 -792.0000000000
6750 -791.0000000000
6754 -790.0000000000
6775 -789.0000000000
6779 -787.0000000000
6783 -786.0000000000
6803 -785.0000000000
6824 -784.0000000000
6835 -783.0000000000
6838 -781.0000000000
6864 -780.0000000000
6868 -779.0000000000
6878 -778.0000000000
6884 -777.0000000000
6924 -776.0000000000
6933 -775.0000000000
6946 -774.0000000000
6964 -773.0000000000
6978 -772.0000000000
6994 -771.0000000000
6999 -770.0000000000
7010 -768.0000000000
7031 -767.0000000000
7042 -766.0000000000
7047 -765.0000000000
7063 -764.0000000000
7090 -763.0000000000
7120 -762.0000000000
7121 -761.0000000000
7130 -760.0000000000
7132 -759.0000000000
7138 -758.0000000000
7144 -757.0000000000
7153 -756.0000000000
7184 -755.0000000000
7187 -754.0000000000
7188 -753.0000000000
7203 -752.0000000000
7213 -751.0000000000
7215 -750.0000000000
7225 -749.0000000000
7250 -748.0000000000
7261 -747.0000000000
7262 -746.0000000000
7266 -745.0000000000
7271 -743.0000000000
7275 -742.0000000000
7283 -741.0000000000
7287 -740.0000000000
7290 -739.0000000000
7298 -738.0000000000
7304 -737.0000000000
7337 -736.0000000000
7360 -735.0000000000
7369 -734.0000000000
7372 -733.0000000000
7385 -732.0000000000
7426 -731.0000000000
7437 -730.0000000000
7466 -729.0000000000
7488 -728.0000000000
7491 -726.0000000000
7494 -725.0000000000
7520 -724.0000000000
7529 -723.0000000000
7533 -722.0000000000
7535 -721.0000000000
7541 -720.0000000000
7547 -719.0000000000
7548 -718.0000000000
7555 -717.0000000000
7577 -716.0000000000
7583 -715.0000000000
7597 -713.0000000000
7601 -712.0000000000
7629 -711.0000000000
7631 -710.0000000000
7632 -709.0000000000
7644 -708.0000000000
7651 -707.0000000000
7655 -706.0000000000
7704 -705.0000000000
7709 -704.0000000000
7712 -703.0000000000
7732 -702.0000000000
7735 -701.0000000000
7773 -700.0000000000
7790 -699.0000000000
7794 -698.0000000000
7821 -697.0000000000
7844 -696.0000000000
7867 -695.0000000000
7869 -694.0000000000
7910 -693.0000000000
7929 -692.0000000000
7944 -691.0000000000
7945 -689.0000000000
7951 -688.0000000000
7954 -687.0000000000
7967 -685.0000000000
8016 -684.0000000000
8034 -683.0000000000
8041 -682.0000000000
8044 -681.0000000000
8045 -680.0000000000
8048 -679.0000000000
8090 -678.0000000000
8103 -677.0000000000
8116 -676.0000000000
8121 -675.0000000000
8128 -674.0000000000
8154 -673.0000000000
8178 -672.0000000000
8182 -671.0000000000
8183 -670.0000000000
8186 -669.0000000000
8197 -668.0000000000
8214 -667.0000000000
8231 -666.0000000000
8233 -665.0000000000
8246 -664.0000000000
8249 -663.0000000000
8269 -661.0000000000
8273 -659.0000000000
8275 -658.0000000000
8281 -656.0000000000
8293 -655.0000000000
8338 -654.0000000000
8366 -653.0000000000
8372 -652.0000000000
8387 -649.0000000000
8395 -648.0000000000
8441 -647.0000000000
8489 -645.0000000000
8497 -644.0000000000
8507 -643.0000000000
8523 -642.0000000000
8535 -641.0000000000
8539 -640.0000000000
8542 -639.0000000000
8553 -638.0000000000
8560 -637.0000000000
8572 -636.0000000000
8587 -635.0000000000
8606 -634.0000000000
8608 -633.0000000000
8610 -632.0000000000
8613 -631.0000000000
8616 -629.0000000000
8622 -627.0000000000
8655 -626.0000000000
8656 -625.0000000000
8673 -624.0000000000
8695 -623.0000000000
8742 -622.0000000000
8781 -621.0000000000
8794 -620.0000000000
8803 -618.0000000000
8811 -617.0000000000
8823 -616.0000000000
8846 -615.0000000000
8854 -614.0000000000
8855 -613.0000000000
8858 -612.0000000000
8895 -611.0000000000
8922 -610.0000000000
8944 -609.0000000000
8965 -608.0000000000
8970 -607.0000000000
8987 -606.0000000000
8992 -605.0000000000
9019 -604.0000000000
9020 -603.0000000000
9023 -602.0000000000
9039 -601.0000000000
9061 -600.0000000000
9078 -599.0000000000
9093 -598.0000000000
9125 -597.0000000000
9140 -596.0000000000
9149 -595.0000000000
9180 -594.0000000000
9183 -593.0000000000
9201 -592.0000000000
9206 -590.0000000000
9215 -589.0000000000
9219 -588.0000000000
9220 -587.0000000000
9250 -586.0000000000
9254 -585.0000000000
9255 -584.0000000000
9269 -583.0000000000
9271 -582.0000000000
9297 -581.0000000000
9300 -580.0000000000
9339 -579.0000000000
9364 -578.0000000000
9370 -577.0000000000
9374 -576.0000000000
9395 -575.0000000000
9407 -574.0000000000
9430 -573.0000000000
9464 -572.0000000000
9508 -570.0000000000
9510 -569.0000000000
9533 -568.0000000000
9539 -567.0000000000
9553 -566.0000000000
9554 -565.0000000000
9572 -564.0000000000
9604 -563.0000000000
9620 -562.0000000000
9627 -561.0000000000
9629 -560.0000000000
9641 -559.0000000000
9646 -558.0000000000
9651 -557.0000000000
9670 -556.0000000000
9694 -555.0000000000
9700 -554.0000000000
9721 -553.0000000000
9754 -552.0000000000
9782 -551.0000000000
9797 -550.0000000000
9800 -549.0000000000
9808 -548.0000000000
9815 -547.0000000000
9822 -546.0000000000
9833 -545.0000000000
9873 -544.0000000000
9894 -543.0000000000
9926 -542.0000000000
9931 -541.0000000000
9947 -540.0000000000
9950 -539.0000000000
9971 -538.0000000000
9972 -537.0000000000
10004 -536.0000000000
10022 -535.0000000000
10037 -534.0000000000
10041 -532.0000000000
10047 -531.0000000000
10096 -530.0000000000
10129 -529.0000000000
10141 -528.0000000000
10151 -527.0000000000
10172 -526.0000000000
10181 -525.0000000000
10205 -523.0000000000
10212 -522.0000000000
10242 -520.0000000000
10268 -519.0000000000
10301 -518.0000000000
10318 -517.0000000000
10349 -516.0000000000
10371 -514.0000000000
10394 -513.0000000000
10408 -512.0000000000
10419 -511.0000000000
10455 -510.0000000000
10469 -509.0000000000
10476 -508.0000000000
10490 -507.0000000000
10519 -506.0000000000
10524 -505.0000000000
10542 -504.0000000000
10549 -503.0000000000
10563 -502.0000000000
10565 -501.0000000000
10589 -500.0000000000
10614 -499.0000000000
10626 -498.0000000000
10650 -497.0000000000
10674 -496.0000000000
10676 -495.0000000000
10725 -494.0000000000
10752 -493.0000000000
10789 -492.0000000000
10806 -491.0000000000
10817 -490.0000000000
10832 -489.0000000000
10849 -488.0000000000
10875 -486.0000000000
10908 -485.0000000000
10915 -484.0000000000
10943 -483.0000000000
10967 -482.0000000000
10974 -481.0000000000
11011 -480.0000000000
11040 -479.0000000000
11044 -478.0000000000
11047 -477.0000000000
11073 -476.0000000000
11107 -475.0000000000
11114 -474.0000000000
11128 -473.0000000000
11133 -472.0000000000
11150 -471.0000000000
11163 -470.0000000000
11181 -469.0000000000
11185 -468.0000000000
11215 -467.0000000000
11235 -466.0000000000
11246 -465.0000000000
11257 -464.0000000000
11284 -463.0000000000
11306 -462.0000000000
11319 -461.0000000000
11335 -460.0000000000
11397 -459.0000000000
11422 -457.0000000000
11473 -456.0000000000
11516 -455.0000000000
11585 -454.0000000000
11602 -453.0000000000
11618 -451.0000000000
11627 -450.0000000000
11653 -449.0000000000
11672 -448.0000000000
11679 -446.0000000000
11681 -444.0000000000
11685 -443.0000000000
11696 -442.0000000000
11711 -441.0000000000
11763 -439.0000000000
11772 -438.0000000000
11811 -437.0000000000
11819 -436.0000000000
11845 -435.0000000000
11912 -434.0000000000
11938 -433.0000000000
11982 -432.0000000000
11988 -431.0000000000
12012 -430.0000000000
12036 -429.0000000000
12045 -428.0000000000
12069 -427.0000000000
12070 -426.0000000000
12076 -425.0000000000
12088 -424.0000000000
12110 -423.0000000000
12111 -422.0000000000
12137 -421.0000000000
12145 -420.0000000000
12163 -419.0000000000
12170 -418.0000000000
12172 -417.0000000000
12238 -416.0000000000
12250 -415.0000000000
12271 -414.0000000000
12287 -413.0000000000
12329 -412.0000000000
12331 -411.0000000000
12359 -410.0000000000
12361 -409.0000000000
12381 -408.0000000000
12385 -407.0000000000
12388 -406.0000000000
12413 -405.0000000000
12467 -404.0000000000
12506 -403.0000000000
12525 -402.0000000000
12543 -401.0000000000
12552 -400.0000000000
12574 -399.0000000000
12590 -398.0000000000
12619 -396.0000000000
12633 -395.0000000000
12649 -394.0000000000
12665 -393.0000000000
12671 -392.0000000000
12714 -391.0000000000
12759 -390.0000000000
12765 -389.0000000000
12784 -388.0000000000
12800 -387.0000000000
12808 -386.0000000000
12811 -385.0000000000
12817 -384.0000000000
12840 -383.0000000000
12872 -382.0000000000
12880 -381.0000000000
12919 -380.0000000000
12923 -379.0000000000
12936 -378.0000000000
12976 -377.0000000000
12978 -376.0000000000
13013 -375.0000000000
13091 -374.0000000000
13097 -373.0000000000
13121 -372.0000000000
13150 -371.0000000000
13158 -370.0000000000
13181 -369.0000000000
13187 -368.0000000000
13219 -367.0000000000
13224 -366.0000000000
13286 -365.0000000000
13292 -364.0000000000
13308 -363.0000000000
13322 -362.0000000000
13417 -361.0000000000
13428 -360.0000000000
13444 -359.0000000000
13481 -358.0000000000
13503 -357.0000000000
13531 -356.0000000000
13534 -354.0000000000
13568 -353.0000000000
13584 -352.0000000000
13592 -351.0000000000
13600 -350.0000000000
13680 -349.0000000000
13739 -348.0000000000
13743 -346.0000000000
13757 -345.0000000000
13771 -344.0000000000
13789 -343.0000000000
13802 -342.0000000000
13831 -341.0000000000
13840 -340.0000000000
13842 -339.0000000000
13867 -338.0000000000
13912 -337.0000000000
14010 -336.0000000000
14094 -335.0000000000
14156 -334.0000000000
14170 -333.0000000000
14181 -332.0000000000
14183 -331.0000000000
14200 -330.0000000000
14243 -329.0000000000
14275 -328.0000000000
14302 -327.0000000000
14406 -326.0000000000
14412 -325.0000000000
14437 -324.0000000000
14440 -323.0000000000
14501 -322.0000000000
14546 -321.0000000000
14597 -320.0000000000
14615 -319.0000000000
14623 -318.0000000000
14625 -317.0000000000
14642 -316.0000000000
14645 -315.0000000000
14673 -314.0000000000
14708 -313.0000000000
14731 -312.0000000000
14750 -311.0000000000
14754 -310.0000000000
14773 -309.0000000000
14834 -308.0000000000
14884 -307.0000000000
14911 -306.0000000000
14917 -304.0000000000
14921 -303.0000000000
14951 -302.0000000000
14954 -301.0000000000
14984 -300.0000000000
15050 -299.0000000000
15086 -298.0000000000
15139 -297.0000000000
15155 -296.0000000000
15164 -294.0000000000
15171 -293.0000000000
15174 -292.0000000000
15180 -291.0000000000
15196 -290.0000000000
15201 -289.0000000000
15235 -288.0000000000
15238 -287.0000000000
15258 -286.0000000000
15285 -285.0000000000
15303 -284.0000000000
15371 -283.0000000000
15376 -282.0000000000
15458 -281.0000000000
15460 -280.0000000000
15521 -279.0000000000
15543 -278.0000000000
15587 -277.0000000000
15684 -276.0000000000
15752 -275.0000000000
15803 -274.0000000000
15833 -272.0000000000
15853 -271.0000000000
15879 -270.0000000000
15981 -269.0000000000
15999 -267.0000000000
16021 -266.0000000000
16045 -265.0000000000
16160 -264.0000000000
16187 -262.0000000000
16243 -261.0000000000
16259 -260.0000000000
16289 -259.0000000000
16292 -258.0000000000
16327 -257.0000000000
16333 -256.0000000000
16409 -255.0000000000
16568 -254.0000000000
16588 -253.0000000000
16633 -252.0000000000
16649 -251.0000000000
16686 -250.0000000000
16727 -249.0000000000
16740 -247.0000000000
16818 -246.0000000000
16855 -245.0000000000
16886 -244.0000000000
16931 -243.0000000000
16949 -242.0000000000
16952 -241.0000000000
16984 -239.0000000000
17102 -238.0000000000
17139 -237.0000000000
17203 -236.0000000000
17224 -234.0000000000
17239 -233.0000000000
17273 -232.0000000000
17302 -231.0000000000
17312 -230.0000000000
17316 -229.0000000000
17349 -228.0000000000
17533 -227.0000000000
17545 -226.0000000000
17586 -225.0000000000
17624 -224.0000000000
17637 -223.0000000000
17694 -221.0000000000
17756 -220.0000000000
17764 -219.0000000000
17800 -218.0000000000
17851 -217.0000000000
17886 -216.0000000000
17910 -215.0000000000
17933 -214.0000000000
17935 -213.0000000000
17945 -212.0000000000
17979 -211.0000000000
18063 -210.0000000000
18334 -209.0000000000
18364 -208.0000000000
18410 -207.0000000000
18462 -206.0000000000
18503 -205.0000000000
18523 -204.0000000000
18565 -203.0000000000
18682 -202.0000000000
18721 -201.0000000000
18753 -199.0000000000
18813 -198.0000000000
18856 -197.0000000000
18898 -196.0000000000
18923 -195.0000000000
18957 -194.0000000000
19069 -193.0000000000
19071 -192.0000000000
19169 -191.0000000000
19171 -190.0000000000
19196 -189.0000000000
19230 -188.0000000000
19319 -187.0000000000
19427 -186.0000000000
19428 -185.0000000000
19451 -184.0000000000
19467 -183.0000000000
19615 -182.0000000000
19699 -181.0000000000
19753 -180.0000000000
19815 -179.0000000000
19838 -178.0000000000
19849 -177.0000000000
19931 -176.0000000000
20008 -175.0000000000
20022 -174.0000000000
20127 -173.0000000000
20136 -172.0000000000
20181 -171.0000000000
20219 -170.0000000000
20292 -169.0000000000
20295 -168.0000000000
20340 -167.0000000000
20383 -166.0000000000
20403 -165.0000000000
20492 -164.0000000000
20533 -163.0000000000
20588 -162.0000000000
20658 -161.0000000000
20730 -160.0000000000
20944 -159.0000000000
20955 -158.0000000000
21184 -157.0000000000
21291 -156.0000000000
21348 -155.0000000000
21379 -154.0000000000
21393 -153.0000000000
21480 -152.0000000000
21503 -151.0000000000
21524 -150.0000000000
21630 -149.0000000000
21685 -148.0000000000
21722 -147.0000000000
21750 -146.0000000000
21766 -145.0000000000
21794 -144.0000000000
21809 -143.0000000000
21853 -142.0000000000
21855 -141.0000000000
21909 -140.0000000000
21950 -139.0000000000
22019 -138.0000000000
22044 -137.0000000000
22050 -136.0000000000
22100 -135.0000000000
22144 -134.0000000000
22160 -133.0000000000
22275 -132.0000000000
22334 -131.0000000000
22349 -130.0000000000
22377 -129.0000000000
22391 -128.0000000000
22397 -127.0000000000
22438 -126.0000000000
22520 -125.0000000000
22556 -124.0000000000
22614 -123.0000000000
22639 -122.0000000000
22656 -121.0000000000
22712 -120.0000000000
22731 -119.0000000000
22900 -118.0000000000
22911 -117.0000000000
22963 -116.0000000000
23001 -115.0000000000
23136 -114.0000000000
23185 -113.0000000000
23284 -112.0000000000
23359 -111.0000000000
23364 -110.0000000000
23554 -109.0000000000
23592 -108.0000000000
23692 -107.0000000000
23777 -106.0000000000
23846 -105.0000000000
23889 -104.0000000000
23893 -102.0000000000
23915 -101.0000000000
24183 -100.0000000000
24194 -99.0000000000
24314 -98.0000000000
24334 -97.0000000000
24350 -96.0000000000
24465 -95.0000000000
24827 -94.0000000000
24954 -93.0000000000
24972 -92.0000000000
25008 -91.0000000000
25065 -90.0000000000
25126 -89.0000000000
25131 -88.0000000000
25301 -87.0000000000
25357 -86.0000000000
25450 -85.0000000000
25496 -84.0000000000
25587 -83.0000000000
25653 -82.0000000000
25660 -81.0000000000
25808 -80.0000000000
25948 -79.0000000000
26085 -78.0000000000
26404 -77.0000000000
26551 -76.0000000000
26713 -75.0000000000
26913 -74.0000000000
27047 -73.0000000000
27234 -72.0000000000
27325 -71.0000000000
27369 -70.0000000000
27511 -69.0000000000
27748 -68.0000000000
27831 -67.0000000000
27838 -66.0000000000
27876 -65.0000000000
28020 -64.0000000000
28194 -63.0000000000
28273 -62.0000000000
28299 -61.0000000000
28358 -60.0000000000
28362 -59.0000000000
28379 -58.0000000000
28429 -57.0000000000
28470 -56.0000000000
28525 -55.0000000000
28583 -54.0000000000
28705 -53.0000000000
29028 -52.0000000000
29128 -51.0000000000
29197 -50.0000000000
29295 -49.0000000000
29337 -48.0000000000
29983 -47.0000000000
30112 -46.0000000000
30275 -45.0000000000
30337 -44.0000000000
30543 -43.0000000000
30561 -42.0000000000
30883 -41.0000000000
31136 -40.0000000000
31307 -39.0000000000
31333 -38.0000000000
31420 -37.0000000000
31914 -36.0000000000
32051 -35.0000000000
32110 -34.0000000000
32790 -33.0000000000
32966 -32.0000000000
33055 -31.0000000000
33262 -30.0000000000
33505 -29.0000000000
33516 -28.0000000000
33529 -27.0000000000
33537 -26.0000000000
33551 -25.0000000000
33554 -24.0000000000
33622 -23.0000000000
33812 -22.0000000000
33915 -21.0000000000
34006 -20.0000000000
34147 -19.0000000000
34328 -18.0000000000
34351 -17.0000000000
34538 -16.0000000000
34573 -15.0000000000
35377 -14.0000000000
35814 -13.0000000000
36092 -12.0000000000
36146 -11.0000000000
36686 -10.0000000000
36793 -9.0000000000
37103 -8.0000000000
37303 -7.0000000000
37940 -6.0000000000
37968 -5.0000000000
38191 -4.0000000000
38223 -3.0000000000
38237 -2.0000000000
38793 -1.0000000000
39230 162.4000000000
39250 162.8400000000
39282 168.3200000000
39543 173.8300000000
40271 176.9100000000
40776 180.9300000000
54214 181.1600000000
55193 182.5100000000
100001 -2.0000000000
evaluations raw_y
1 -1998.0000000000
2 -1997.0000000000
3 -1996.0000000000
4 -1995.0000000000
6 -1994.0000000000
11 -1993.0000000000
12 -1992.0000000000
14 -1990.0000000000
21 -1989.0000000000
23 -1988.0000000000
28 -1986.0000000000
29 -1985.0000000000
31 -1983.0000000000
33 -1980.0000000000
34 -1978.0000000000
35 -1977.0000000000
37 -1976.0000000000
40 -1972.0000000000
42 -1971.0000000000
43 -1970.0000000000
44 -1969.0000000000
50 -1968.0000000000
60 -1967.0000000000
63 -1966.0000000000
66 -1965.0000000000
68 -1964.0000000000
71 -1963.0000000000
72 -1962.0000000000
78 -1959.0000000000
83 -1958.0000000000
85 -1957.0000000000
86 -1956.0000000000
104 -1955.0000000000
107 -1953.0000000000
114 -1952.0000000000
117 -1951.0000000000
118 -1950.0000000000
120 -1949.0000000000
123 -1948.0000000000
125 -1947.0000000000
130 -1946.0000000000
131 -1945.0000000000
132 -1944.0000000000
133 -1942.0000000000
145 -1941.0000000000
146 -1940.0000000000
147 -1939.0000000000
148 -1938.0000000000
151 -1937.0000000000
158 -1936.0000000000
160 -1935.0000000000
165 -1934.0000000000
171 -1933.0000000000
178 -1932.0000000000
182 -1931.0000000000
184 -1930.0000000000
187 -1929.0000000000
188 -1928.0000000000
193 -1927.0000000000
197 -1926.0000000000
199 -1925.0000000000
203 -1922.0000000000
204 -1921.0000000000
208 -1920.0000000000
222 -1919.0000000000
223 -1918.0000000000
224 -1917.0000000000
225 -1916.0000000000
226 -1915.0000000000
227 -1914.0000000000
229 -1913.0000000000
232 -1909.0000000000
237 -1908.0000000000
238 -1907.0000000000
240 -1906.0000000000
243 -1905.0000000000
244 -1904.0000000000
246 -1903.0000000000
248 -1902.0000000000
249 -1901.0000000000
250 -1900.0000000000
253 -1898.0000000000
258 -1895.0000000000
260 -1894.0000000000
265 -1893.0000000000
267 -1891.0000000000
271 -1889.0000000000
272 -1888.0000000000
275 -1887.0000000000
304 -1885.0000000000
323 -1884.0000000000
328 -1882.0000000000
333 -1881.0000000000
334 -1880.0000000000
335 -1879.0000000000
339 -1877.0000000000
351 -1876.0000000000
353 -1875.0000000000
354 -1874.0000000000
356 -1873.0000000000
357 -1872.0000000000
358 -1870.0000000000
360 -1868.0000000000
361 -1866.0000000000
363 -1865.0000000000
364 -1864.0000000000
367 -1863.0000000000
368 -1861.0000000000
372 -1859.0000000000
373 -1857.0000000000
377 -1855.0000000000
382 -1854.0000000000
389 -1853.0000000000
394 -1852.0000000000
397 -1850.0000000000
398 -1849.0000000000
404 -1848.0000000000
405 -1847.0000000000
408 -1846.0000000000
412 -1845.0000000000
413 -1844.0000000000
418 -1843.0000000000
421 -1842.0000000000
422 -1841.0000000000
428 -1840.0000000000
429 -1838.0000000000
432 -1837.0000000000
434 -1836.0000000000
438 -1835.0000000000
442 -1834.0000000000
443 -1832.0000000000
462 -1831.0000000000
471 -1830.0000000000
472 -1828.0000000000
475 -1827.0000000000
476 -1826.0000000000
478 -1825.0000000000
481 -1823.0000000000
488 -1822.0000000000
498 -1821.0000000000
499 -1820.0000000000
501 -1819.0000000000
520 -1818.0000000000
526 -1816.0000000000
531 -1814.0000000000
532 -1813.0000000000
535 -1812.0000000000
539 -1811.0000000000
540 -1810.0000000000
545 -1809.0000000000
555 -1808.0000000000
559 -1807.0000000000
562 -1805.0000000000
576 -1804.0000000000
580 -1801.0000000000
585 -1800.0000000000
589 -1799.0000000000
590 -1798.0000000000
594 -1797.0000000000
596 -1796.0000000000
611 -1795.0000000000
614 -1794.0000000000
615 -1793.0000000000
617 -1792.0000000000
618 -1791.0000000000
619 -1790.0000000000
620 -1789.0000000000
624 -1788.0000000000
632 -1787.0000000000
634 -1786.0000000000
640 -1785.0000000000
648 -1784.0000000000
654 -1782.0000000000
658 -1781.0000000000
659 -1780.0000000000
667 -1779.0000000000
669 -1778.0000000000
672 -1776.0000000000
674 -1775.0000000000
683 -1774.0000000000
687 -1773.0000000000
693 -1772.0000000000
695 -1771.0000000000
696 -1770.0000000000
710 -1769.0000000000
713 -1768.0000000000
719 -1767.0000000000
735 -1766.0000000000
737 -1765.0000000000
738 -1764.0000000000
739 -1763.0000000000
740 -1762.0000000000
745 -1760.0000000000
746 -1759.0000000000
747 -1758.0000000000
752 -1757.0000000000
769 -1756.0000000000
776 -1755.0000000000
787 -1754.0000000000
789 -1753.0000000000
793 -1752.0000000000
804 -1751.0000000000
806 -1750.0000000000
807 -1749.0000000000
810 -1747.0000000000
823 -1746.0000000000
843 -1745.0000000000
846 -1744.0000000000
851 -1743.0000000000
860 -1742.0000000000
864 -1741.0000000000
875 -1740.0000000000
880 -1738.0000000000
882 -1737.0000000000
884 -1736.0000000000
891 -1735.0000000000
895 -1733.0000000000
898 -1731.0000000000
899 -1730.0000000000
900 -1729.0000000000
901 -1727.0000000000
906 -1725.0000000000
909 -1724.0000000000
911 -1723.0000000000
913 -1722.0000000000
918 -1721.0000000000
922 -1719.0000000000
930 -1717.0000000000
937 -1716.0000000000
940 -1714.0000000000
944 -1713.0000000000
945 -1712.0000000000
948 -1710.0000000000
950 -1709.0000000000
953 -1708.0000000000
958 -1707.0000000000
968 -1706.0000000000
970 -1705.0000000000
973 -1704.0000000000
980 -1703.0000000000
983 -1702.0000000000
987 -1701.0000000000
991 -1700.0000000000
993 -1699.0000000000
995 -1698.0000000000
998 -1697.0000000000
1004 -1696.0000000000
1006 -1695.0000000000
1007 -1694.0000000000
1012 -1693.0000000000
1018 -1692.0000000000
1024 -1691.0000000000
1026 -1689.0000000000
1033 -1688.0000000000
1041 -1687.0000000000
1046 -1685.0000000000
1050 -1684.0000000000
1054 -1683.0000000000
1060 -1682.0000000000
1065 -1681.0000000000
1070 -1679.0000000000
1075 -1678.0000000000
1081 -1677.0000000000
1084 -1676.0000000000
1093 -1674.0000000000
1100 -1673.0000000000
1105 -1672.0000000000
1110 -1671.0000000000
1127 -1670.0000000000
1132 -1667.0000000000
1135 -1666.0000000000
1147 -1665.0000000000
1151 -1664.0000000000
1153 -1663.0000000000
1155 -1662.0000000000
1157 -1660.0000000000
1165 -1659.0000000000
1174 -1658.0000000000
1179 -1657.0000000000
1186 -1656.0000000000
1187 -1655.0000000000
1189 -1654.0000000000
1198 -1652.0000000000
1205 -1651.0000000000
1214 -1650.0000000000
1215 -1649.0000000000
1219 -1648.0000000000
1221 -1647.0000000000
1222 -1645.0000000000
1224 -1644.0000000000
1229 -1643.0000000000
1230 -1642.0000000000
1246 -1641.0000000000
1256 -1640.0000000000
1267 -1639.0000000000
1275 -1637.0000000000
1278 -1633.0000000000
1286 -1632.0000000000
1292 -1630.0000000000
1293 -1629.0000000000
1295 -1628.0000000000
1302 -1627.0000000000
1305 -1626.0000000000
1314 -1625.0000000000
1326 -1624.0000000000
1327 -1623.0000000000
1329 -1622.0000000000
1334 -1621.0000000000
1347 -1620.0000000000
1352 -1619.0000000000
1354 -1618.0000000000
1367 -1617.0000000000
1370 -1616.0000000000
1377 -1615.0000000000
1386 -1614.0000000000
1395 -1613.0000000000
1397 -1612.0000000000
1398 -1611.0000000000
1400 -1610.0000000000
1408 -1609.0000000000
1411 -1608.0000000000
1419 -1607.0000000000
1424 -1606.0000000000
1426 -1605.0000000000
1431 -1604.0000000000
1434 -1603.0000000000
1437 -1602.0000000000
1442 -1601.0000000000
1446 -1600.0000000000
1448 -1599.0000000000
1456 -1598.0000000000
1458 -1597.0000000000
1460 -1596.0000000000
1463 -1594.0000000000
1466 -1593.0000000000
1467 -1592.0000000000
1468 -1591.0000000000
1480 -1590.0000000000
1481 -1589.0000000000
1486 -1588.0000000000
1489 -1586.0000000000
1492 -1585.0000000000
1494 -1584.0000000000
1495 -1583.0000000000
1504 -1581.0000000000
1512 -1580.0000000000
1516 -1579.0000000000
1517 -1578.0000000000
1518 -1576.0000000000
1522 -1574.0000000000
1527 -1573.0000000000
1529 -1572.0000000000
1535 -1571.0000000000
1542 -1570.0000000000
1546 -1568.0000000000
1558 -1567.0000000000
1564 -1566.0000000000
1570 -1565.0000000000
1583 -1564.0000000000
1596 -1562.0000000000
1619 -1561.0000000000
1621 -1560.0000000000
1622 -1559.0000000000
1630 -1558.0000000000
1635 -1557.0000000000
1637 -1555.0000000000
1642 -1554.0000000000
1644 -1553.0000000000
1651 -1552.0000000000
1653 -1551.0000000000
1656 -1550.0000000000
1659 -1549.0000000000
1660 -1548.0000000000
1661 -1547.0000000000
1663 -1546.0000000000
1669 -1543.0000000000
1670 -1541.0000000000
1675 -1540.0000000000
1676 -1538.0000000000
1679 -1537.0000000000
1681 -1536.0000000000
1683 -1535.0000000000
1685 -1534.0000000000
1704 -1533.0000000000
1711 -1531.0000000000
1713 -1530.0000000000
1718 -1529.0000000000
1722 -1528.0000000000
1737 -1527.0000000000
1738 -1526.0000000000
1741 -1525.0000000000
1750 -1524.0000000000
1754 -1523.0000000000
1769 -1522.0000000000
1771 -1521.0000000000
1773 -1519.0000000000
1793 -1518.0000000000
1799 -1517.0000000000
1805 -1516.0000000000
1809 -1515.0000000000
1812 -1514.0000000000
1813 -1513.0000000000
1816 -1512.0000000000
1817 -1511.0000000000
1819 -1510.0000000000
1820 -1509.0000000000
1822 -1508.0000000000
1838 -1506.0000000000
1840 -1505.0000000000
1843 -1504.0000000000
1844 -1503.0000000000
1854 -1502.0000000000
1857 -1501.0000000000
1858 -1500.0000000000
1861 -1499.0000000000
1869 -1498.0000000000
1870 -1497.0000000000
1883 -1496.0000000000
1890 -1495.0000000000
1912 -1494.0000000000
1915 -1493.0000000000
1921 -1492.0000000000
1922 -1491.0000000000
1926 -1490.0000000000
1927 -1488.0000000000
1929 -1487.0000000000
1930 -1486.0000000000
1932 -1485.0000000000
1935 -1484.0000000000
1938 -1483.0000000000
1941 -1482.0000000000
1942 -1480.0000000000
1947 -1479.0000000000
1953 -1478.0000000000
1963 -1477.0000000000
1973 -1476.0000000000
1981 -1474.0000000000
1996 -1473.0000000000
2008 -1472.0000000000
2021 -1471.0000000000
2027 -1470.0000000000
2029 -1468.0000000000
2030 -1467.0000000000
2043 -1465.0000000000
2046 -1464.0000000000
2048 -1462.0000000000
2062 -1461.0000000000
2072 -1460.0000000000
2074 -1459.0000000000
2088 -1457.0000000000
2089 -1456.0000000000
2092 -1455.0000000000
2094 -1454.0000000000
2095 -1453.0000000000
2098 -1451.0000000000
2101 -1450.0000000000
2109 -1449.0000000000
2113 -1448.0000000000
2115 -1447.0000000000
2125 -1446.0000000000
2126 -1445.0000000000
2129 -1444.0000000000
2140 -1442.0000000000
2145 -1441.0000000000
2155 -1440.0000000000
2161 -1439.0000000000
2162 -1438.0000000000
2164 -1437.0000000000
2170 -1436.0000000000
2175 -1435.0000000000
2176 -1434.0000000000
2189 -1433.0000000000
2196 -1432.0000000000
2221 -1431.0000000000
2224 -1430.0000000000
2230 -1428.0000000000
2233 -1427.0000000000
2240 -1426.0000000000
2247 -1425.0000000000
2271 -1424.0000000000
2283 -1423.0000000000
2286 -1421.0000000000
2294 -1420.0000000000
2299 -1419.0000000000
2305 -1418.0000000000
2321 -1417.0000000000
2325 -1416.0000000000
2329 -1414.0000000000
2342 -1412.0000000000
2343 -1410.0000000000
2345 -1407.0000000000
2355 -1405.0000000000
2358 -1404.0000000000
2359 -1403.0000000000
2362 -1402.0000000000
2363 -1400.0000000000
2370 -1398.0000000000
2377 -1397.0000000000
2379 -1396.0000000000
2381 -1395.0000000000
2382 -1394.0000000000
2384 -1393.0000000000
2405 -1392.0000000000
2406 -1391.0000000000
2419 -1390.0000000000
2421 -1389.0000000000
2435 -1388.0000000000
2439 -1387.0000000000
2443 -1386.0000000000
2455 -1385.0000000000
2456 -1384.0000000000
2459 -1383.0000000000
2466 -1382.0000000000
2477 -1381.0000000000
2478 -1380.0000000000
2479 -1379.0000000000
2481 -1378.0000000000
2482 -1377.0000000000
2484 -1376.0000000000
2485 -1375.0000000000
2492 -1374.0000000000
2494 -1373.0000000000
2495 -1371.0000000000
2498 -1370.0000000000
2499 -1369.0000000000
2503 -1368.0000000000
2509 -1367.0000000000
2511 -1366.0000000000
2513 -1365.0000000000
2516 -1363.0000000000
2517 -1362.0000000000
2519 -1361.0000000000
2526 -1360.0000000000
2532 -1358.0000000000
2536 -1357.0000000000
2543 -1356.0000000000
2549 -1353.0000000000
2550 -1352.0000000000
2554 -1351.0000000000
2558 -1350.0000000000
2560 -1349.0000000000
2567 -1348.0000000000
2577 -1347.0000000000
2581 -1346.0000000000
2584 -1344.0000000000
2593 -1343.0000000000
2603 -1341.0000000000
2606 -1340.0000000000
2610 -1339.0000000000
2615 -1338.0000000000
2616 -1337.0000000000
2617 -1335.0000000000
2630 -1334.0000000000
2632 -1333.0000000000
2633 -1332.0000000000
2635 -1331.0000000000
2640 -1330.0000000000
2643 -1329.0000000000
2659 -1328.0000000000
2663 -1327.0000000000
2664 -1326.0000000000
2669 -1325.0000000000
2674 -1324.0000000000
2684 -1323.0000000000
2688 -1322.0000000000
2689 -1321.0000000000
2700 -1320.0000000000
2703 -1319.0000000000
2714 -1318.0000000000
2716 -1317.0000000000
2718 -1316.0000000000
2719 -1315.0000000000
2732 -1314.0000000000
2736 -1313.0000000000
2739 -1312.0000000000
2748 -1311.0000000000
2751 -1310.0000000000
2754 -1309.0000000000
2766 -1307.0000000000
2769 -1306.0000000000
2771 -1305.0000000000
2796 -1304.0000000000
2798 -1303.0000000000
2799 -1302.0000000000
2802 -1301.0000000000
2804 -1300.0000000000
2810 -1299.0000000000
2811 -1298.0000000000
2812 -1297.0000000000
2816 -1295.0000000000
2823 -1293.0000000000
2836 -1291.0000000000
2843 -1290.0000000000
2845 -1289.0000000000
2848 -1287.0000000000
2854 -1285.0000000000
2860 -1284.0000000000
2863 -1283.0000000000
2867 -1282.0000000000
2880 -1281.0000000000
2881 -1279.0000000000
2883 -1278.0000000000
2890 -1277.0000000000
2892 -1276.0000000000
2898 -1275.0000000000
2905 -1274.0000000000
2907 -1272.0000000000
2910 -1271.0000000000
2915 -1270.0000000000
2916 -1269.0000000000
2924 -1268.0000000000
2929 -1267.0000000000
2934 -1266.0000000000
2935 -1265.0000000000
2937 -1264.0000000000
2942 -1262.0000000000
2955 -1261.0000000000
2968 -1260.0000000000
2984 -1259.0000000000
2987 -1258.0000000000
2988 -1257.0000000000
2998 -1256.0000000000
3004 -1255.0000000000
3016 -1254.0000000000
3034 -1252.0000000000
3035 -1251.0000000000
3036 -1250.0000000000
3041 -1249.0000000000
3044 -1248.0000000000
3054 -1247.0000000000
3058 -1246.0000000000
3095 -1245.0000000000
3108 -1244.0000000000
3112 -1243.0000000000
3113 -1242.0000000000
3117 -1241.0000000000
3128 -1239.0000000000
3131 -1238.0000000000
3133 -1237.0000000000
3135 -1236.0000000000
3139 -1235.0000000000
3158 -1234.0000000000
3160 -1233.0000000000
3161 -1232.0000000000
3169 -1231.0000000000
3170 -1230.0000000000
3176 -1229.0000000000
3177 -1228.0000000000
3179 -1226.0000000000
3180 -1225.0000000000
3183 -1224.0000000000
3185 -1223.0000000000
3189 -1222.0000000000
3207 -1221.0000000000
3225 -1220.0000000000
3239 -1219.0000000000
3240 -1218.0000000000
3242 -1217.0000000000
3253 -1216.0000000000
3264 -1215.0000000000
3271 -1213.0000000000
3272 -1212.0000000000
3276 -1211.0000000000
3280 -1210.0000000000
3283 -1209.0000000000
3296 -1208.0000000000
3301 -1207.0000000000
3306 -1205.0000000000
3309 -1204.0000000000
3324 -1203.0000000000
3329 -1201.0000000000
3342 -1200.0000000000
3344 -1199.0000000000
3350 -1197.0000000000
3352 -1196.0000000000
3357 -1195.0000000000
3361 -1194.0000000000
3363 -1193.0000000000
3364 -1192.0000000000
3366 -1191.0000000000
3368 -1189.0000000000
3382 -1188.0000000000
3393 -1187.0000000000
3424 -1186.0000000000
3426 -1185.0000000000
3428 -1184.0000000000
3443 -1183.0000000000
3448 -1182.0000000000
3451 -1181.0000000000
3452 -1180.0000000000
3466 -1179.0000000000
3468 -1178.0000000000
3483 -1177.0000000000
3497 -1176.0000000000
3498 -1175.0000000000
3506 -1173.0000000000
3514 -1172.0000000000
3543 -1171.0000000000
3547 -1170.0000000000
3551 -1169.0000000000
3559 -1168.0000000000
3560 -1167.0000000000
3561 -1166.0000000000
3562 -1162.0000000000
3570 -1161.0000000000
3580 -1160.0000000000
3587 -1159.0000000000
3591 -1158.0000000000
3601 -1156.0000000000
3603 -1155.0000000000
3604 -1154.0000000000
3613 -1153.0000000000
3621 -1152.0000000000
3628 -1151.0000000000
3641 -1150.0000000000
3648 -1149.0000000000
3651 -1147.0000000000
3657 -1145.0000000000
3659 -1144.0000000000
3662 -1143.0000000000
3667 -1142.0000000000
3668 -1140.0000000000
3672 -1139.0000000000
3675 -1138.0000000000
3682 -1137.0000000000
3689 -1136.0000000000
3703 -1135.0000000000
3709 -1134.0000000000
3715 -1133.0000000000
3717 -1132.0000000000
3736 -1131.0000000000
3746 -1130.0000000000
3750 -1127.0000000000
3769 -1126.0000000000
3796 -1125.0000000000
3803 -1124.0000000000
3804 -1123.0000000000
3806 -1121.0000000000
3811 -1120.0000000000
3815 -1119.0000000000
3831 -1118.0000000000
3839 -1117.0000000000
3844 -1115.0000000000
3845 -1113.0000000000
3851 -1112.0000000000
3858 -1109.0000000000
3861 -1108.0000000000
3862 -1107.0000000000
3875 -1105.0000000000
3876 -1104.0000000000
3882 -1103.0000000000
3903 -1101.0000000000
3913 -1100.0000000000
3928 -1099.0000000000
3937 -1098.0000000000
3967 -1097.0000000000
3984 -1096.0000000000
3989 -1095.0000000000
3990 -1094.0000000000
4018 -1093.0000000000
4036 -1092.0000000000
4040 -1091.0000000000
4051 -1090.0000000000
4064 -1088.0000000000
4067 -1086.0000000000
4074 -1085.0000000000
4077 -1084.0000000000
4082 -1083.0000000000
4094 -1082.0000000000
4097 -1079.0000000000
4102 -1078.0000000000
4123 -1077.0000000000
4127 -1076.0000000000
4137 -1075.0000000000
4148 -1074.0000000000
4154 -1073.0000000000
4172 -1072.0000000000
4183 -1071.0000000000
4193 -1070.0000000000
4208 -1069.0000000000
4209 -1068.0000000000
4212 -1067.0000000000
4220 -1066.0000000000
4239 -1065.0000000000
4246 -1064.0000000000
4248 -1063.0000000000
4255 -1062.0000000000
4258 -1060.0000000000
4259 -1059.0000000000
4289 -1058.0000000000
4304 -1056.0000000000
4314 -1055.0000000000
4315 -1054.0000000000
4317 -1053.0000000000
4327 -1052.0000000000
4336 -1051.0000000000
4346 -1050.0000000000
4349 -1049.0000000000
4366 -1047.0000000000
4385 -1046.0000000000
4397 -1045.0000000000
4402 -1044.0000000000
4410 -1043.0000000000
4439 -1042.0000000000
4453 -1041.0000000000
4470 -1040.0000000000
4483 -1039.0000000000
4488 -1038.0000000000
4491 -1037.0000000000
4493 -1036.0000000000
4519 -1035.0000000000
4522 -1034.0000000000
4527 -1033.0000000000
4534 -1032.0000000000
4540 -1030.0000000000
4542 -1029.0000000000
4544 -1027.0000000000
4551 -1026.0000000000
4553 -1025.0000000000
4556 -1024.0000000000
4560 -1023.0000000000
4566 -1022.0000000000
4595 -1020.0000000000
4608 -1019.0000000000
4610 -1018.0000000000
4611 -1017.0000000000
4615 -1016.0000000000
4632 -1015.0000000000
4646 -1014.0000000000
4655 -1013.0000000000
4657 -1012.0000000000
4662 -1011.0000000000
4671 -1010.0000000000
4681 -1009.0000000000
4707 -1008.0000000000
4730 -1007.0000000000
4758 -1006.0000000000
4764 -1005.0000000000
4767 -1004.0000000000
4780 -1003.0000000000
4784 -1002.0000000000
4788 -1001.0000000000
4792 -1000.0000000000
4794 -999.0000000000
4803 -998.0000000000
4808 -997.0000000000
4823 -996.0000000000
4841 -995.0000000000
4849 -992.0000000000
4851 -991.0000000000
4856 -990.0000000000
4857 -989.0000000000
4862 -988.0000000000
4867 -987.0000000000
4884 -986.0000000000
4885 -985.0000000000
4899 -984.0000000000
4900 -983.0000000000
4909 -982.0000000000
4915 -980.0000000000
4919 -979.0000000000
4938 -978.0000000000
4947 -977.0000000000
4949 -975.0000000000
4956 -974.0000000000
4978 -973.0000000000
4979 -972.0000000000
4994 -971.0000000000
5008 -970.0000000000
5012 -969.0000000000
5013 -967.0000000000
5019 -966.0000000000
5030 -965.0000000000
5036 -964.0000000000
5045 -963.0000000000
5060 -962.0000000000
5068 -961.0000000000
5073 -960.0000000000
5121 -959.0000000000
5152 -958.0000000000
5163 -957.0000000000
5167 -955.0000000000
5180 -954.0000000000
5181 -953.0000000000
5183 -952.0000000000
5189 -951.0000000000
5202 -949.0000000000
5208 -948.0000000000
5209 -946.0000000000
5250 -945.0000000000
5251 -943.0000000000
5261 -942.0000000000
5264 -941.0000000000
5293 -940.0000000000
5330 -939.0000000000
5339 -938.0000000000
5347 -937.0000000000
5349 -934.0000000000
5379 -933.0000000000
5402 -932.0000000000
5404 -931.0000000000
5431 -930.0000000000
5433 -929.0000000000
5435 -928.0000000000
5441 -927.0000000000
5447 -926.0000000000
5448 -925.0000000000
5457 -924.0000000000
5475 -923.0000000000
5483 -922.0000000000
5485 -921.0000000000
5486 -920.0000000000
5503 -918.0000000000
5507 -917.0000000000
5557 -916.0000000000
5580 -915.0000000000
5587 -914.0000000000
5606 -913.0000000000
5627 -912.0000000000
5628 -911.0000000000
5649 -910.0000000000
5651 -909.0000000000
5665 -908.0000000000
5669 -907.0000000000
5688 -906.0000000000
5694 -905.0000000000
5721 -904.0000000000
5727 -903.0000000000
5735 -902.0000000000
5742 -901.0000000000
5756 -900.0000000000
5774 -899.0000000000
5778 -898.0000000000
5785 -897.0000000000
5794 -896.0000000000
5795 -895.0000000000
5800 -894.0000000000
5803 -893.0000000000
5804 -892.0000000000
5809 -891.0000000000
5815 -890.0000000000
5817 -889.0000000000
5854 -888.0000000000
5857 -887.0000000000
5870 -886.0000000000
5872 -885.0000000000
5888 -883.0000000000
5891 -882.0000000000
5900 -881.0000000000
5916 -880.0000000000
5956 -879.0000000000
5963 -878.0000000000
5972 -877.0000000000
5982 -876.0000000000
5985 -875.0000000000
5987 -874.0000000000
5995 -873.0000000000
6008 -872.0000000000
6021 -870.0000000000
6022 -869.0000000000
6027 -868.0000000000
6032 -866.0000000000
6035 -864.0000000000
6042 -861.0000000000
6062 -860.0000000000
6073 -858.0000000000
6082 -857.0000000000
6084 -856.0000000000
6106 -855.0000000000
6109 -854.0000000000
6114 -853.0000000000
6128 -852.0000000000
6142 -851.0000000000
6148 -850.0000000000
6169 -849.0000000000
6198 -848.0000000000
6218 -847.0000000000
6246 -846.0000000000
6251 -844.0000000000
6267 -843.0000000000
6274 -842.0000000000
6278 -841.0000000000
6279 -840.0000000000
6296 -839.0000000000
6298 -838.0000000000
6323 -837.0000000000
6336 -836.0000000000
6341 -835.0000000000
6342 -834.0000000000
6343 -833.0000000000
6359 -832.0000000000
6361 -831.0000000000
6382 -830.0000000000
6420 -829.0000000000
6424 -828.0000000000
6456 -827.0000000000
6479 -826.0000000000
6485 -825.0000000000
6499 -824.0000000000
6506 -823.0000000000
6522 -822.0000000000
6524 -821.0000000000
6551 -820.0000000000
6559 -819.0000000000
6560 -818.0000000000
6565 -817.0000000000
6606 -816.0000000000
6607 -815.0000000000
6616 -814.0000000000
6625 -813.0000000000
6627 -812.0000000000
6632 -811.0000000000
6644 -810.0000000000
6656 -809.0000000000
6677 -807.0000000000
6697 -806.0000000000
6701 -805.0000000000
6715 -804.0000000000
6723 -803.0000000000
6729 -802.0000000000
6732 -801.0000000000
6752 -800.0000000000
6770 -799.0000000000
6774 -797.0000000000
6792 -796.0000000000
6800 -795.0000000000
6801 -794.0000000000
6806 -793.0000000000
6812 -792.0000000000
6825 -791.0000000000
6829 -790.0000000000
6850 -789.0000000000
6859 -788.0000000000
6861 -787.0000000000
6890 -786.0000000000
6895 -785.0000000000
6900 -784.0000000000
6902 -783.0000000000
6908 -782.0000000000
6915 -781.0000000000
6922 -780.0000000000
6938 -778.0000000000
6952 -777.0000000000
6954 -776.0000000000
6963 -775.0000000000
6975 -774.0000000000
6986 -773.0000000000
6989 -772.0000000000
6995 -771.0000000000
7010 -770.0000000000
7014 -769.0000000000
7029 -768.0000000000
7049 -767.0000000000
7059 -766.0000000000
7078 -765.0000000000
7087 -764.0000000000
7089 -763.0000000000
7096 -762.0000000000
7097 -761.0000000000
7125 -759.0000000000
7126 -758.0000000000
7147 -757.0000000000
7175 -756.0000000000
7183 -755.0000000000
7186 -754.0000000000
7194 -752.0000000000
7211 -751.0000000000
7217 -750.0000000000
7236 -749.0000000000
7246 -748.0000000000
7249 -747.0000000000
7270 -746.0000000000
7277 -745.0000000000
7283 -744.0000000000
7290 -743.0000000000
7296 -742.0000000000
7304 -741.0000000000
7322 -740.0000000000
7327 -739.0000000000
7337 -738.0000000000
7371 -737.0000000000
7375 -736.0000000000
7378 -735.0000000000
7384 -734.0000000000
7411 -732.0000000000
7429 -731.0000000000
7434 -730.0000000000
7438 -729.0000000000
7442 -728.0000000000
7453 -727.0000000000
7457 -726.0000000000
7459 -725.0000000000
7490 -724.0000000000
7495 -723.0000000000
7509 -721.0000000000
7523 -720.0000000000
7537 -719.0000000000
7542 -718.0000000000
7545 -717.0000000000
7548 -716.0000000000
7549 -715.0000000000
7550 -714.0000000000
7571 -713.0000000000
7577 -712.0000000000
7590 -711.0000000000
7600 -710.0000000000
7608 -709.0000000000
7611 -708.0000000000
7621 -707.0000000000
7626 -706.0000000000
7639 -705.0000000000
7659 -704.0000000000
7684 -702.0000000000
7689 -701.0000000000
7690 -700.0000000000
7694 -699.0000000000
7711 -698.0000000000
7713 -697.0000000000
7716 -696.0000000000
7748 -695.0000000000
7756 -694.0000000000
7788 -692.0000000000
7790 -691.0000000000
7799 -690.0000000000
7817 -689.0000000000
7824 -688.0000000000
7835 -687.0000000000
7859 -686.0000000000
7878 -685.0000000000
7880 -684.0000000000
7888 -683.0000000000
7894 -682.0000000000
7912 -681.0000000000
7925 -680.0000000000
7930 -678.0000000000
7944 -677.0000000000
7947 -676.0000000000
7963 -675.0000000000
7965 -674.0000000000
7969 -673.0000000000
8000 -672.0000000000
8001 -671.0000000000
8014 -669.0000000000
8022 -668.0000000000
8025 -667.0000000000
8044 -666.0000000000
8061 -665.0000000000
8071 -664.0000000000
8079 -663.0000000000
8088 -662.0000000000
8093 -661.0000000000
8094 -660.0000000000
8097 -659.0000000000
8128 -658.0000000000
8138 -657.0000000000
8177 -656.0000000000
8181 -655.0000000000
8190 -654.0000000000
8196 -653.0000000000
8199 -652.0000000000
8229 -651.0000000000
8235 -650.0000000000
8239 -648.0000000000
8280 -647.0000000000
8304 -646.0000000000
8326 -645.0000000000
8363 -644.0000000000
8373 -643.0000000000
8391 -642.0000000000
8395 -641.0000000000
8402 -640.0000000000
8412 -639.0000000000
8427 -638.0000000000
8474 -637.0000000000
8485 -636.0000000000
8488 -635.0000000000
8491 -634.0000000000
8496 -633.0000000000
8511 -632.0000000000
8529 -631.0000000000
8538 -630.0000000000
8542 -629.0000000000
8544 -628.0000000000
8545 -627.0000000000
8570 -626.0000000000
8576 -625.0000000000
8583 -624.0000000000
8603 -623.0000000000
8614 -622.0000000000
8617 -621.0000000000
8618 -620.0000000000
8619 -619.0000000000
8639 -618.0000000000
8648 -617.0000000000
8668 -616.0000000000
8670 -615.0000000000
8674 -614.0000000000
8676 -613.0000000000
8681 -612.0000000000
8701 -611.0000000000
8705 -610.0000000000
8736 -609.0000000000
8746 -608.0000000000
8761 -607.0000000000
8770 -606.0000000000
8800 -605.0000000000
8808 -604.0000000000
8828 -603.0000000000
8843 -602.0000000000
8844 -601.0000000000
8863 -600.0000000000
8877 -599.0000000000
8916 -597.0000000000
8937 -596.0000000000
8945 -595.0000000000
8954 -594.0000000000
8988 -593.0000000000
9010 -592.0000000000
9055 -591.0000000000
9075 -590.0000000000
9087 -589.0000000000
9088 -588.0000000000
9097 -587.0000000000
9125 -586.0000000000
9137 -585.0000000000
9150 -584.0000000000
9165 -582.0000000000
9180 -581.0000000000
9185 -580.0000000000
9187 -579.0000000000
9192 -578.0000000000
9218 -577.0000000000
9236 -576.0000000000
9250 -575.0000000000
9271 -574.0000000000
9299 -573.0000000000
9347 -571.0000000000
9359 -570.0000000000
9382 -569.0000000000
9401 -568.0000000000
9444 -567.0000000000
9451 -566.0000000000
9490 -565.0000000000
9505 -564.0000000000
9507 -563.0000000000
9527 -562.0000000000
9561 -561.0000000000
9577 -560.0000000000
9587 -559.0000000000
9602 -558.0000000000
9606 -557.0000000000
9638 -556.0000000000
9661 -555.0000000000
9669 -554.0000000000
9681 -553.0000000000
9686 -552.0000000000
9694 -551.0000000000
9771 -550.0000000000
9802 -549.0000000000
9805 -548.0000000000
9818 -547.0000000000
9832 -546.0000000000
9838 -545.0000000000
9890 -544.0000000000
9894 -543.0000000000
9899 -542.0000000000
9916 -541.0000000000
10010 -540.0000000000
10013 -539.0000000000
10099 -538.0000000000
10125 -537.0000000000
10174 -536.0000000000
10178 -535.0000000000
10191 -534.0000000000
10203 -533.0000000000
10204 -532.0000000000
10207 -531.0000000000
10211 -530.0000000000
10236 -529.0000000000
10255 -528.0000000000
10267 -527.0000000000
10325 -526.0000000000
10347 -525.0000000000
10353 -524.0000000000
10354 -523.0000000000
10357 -522.0000000000
10413 -521.0000000000
10420 -520.0000000000
10421 -519.0000000000
10427 -518.0000000000
10477 -517.0000000000
10485 -516.0000000000
10492 -515.0000000000
10502 -514.0000000000
10584 -513.0000000000
10598 -512.0000000000
10608 -511.0000000000
10736 -510.0000000000
10747 -509.0000000000
10750 -508.0000000000
10786 -507.0000000000
10787 -506.0000000000
10790 -505.0000000000
10804 -504.0000000000
10836 -503.0000000000
10838 -502.0000000000
10840 -501.0000000000
10842 -500.0000000000
10862 -499.0000000000
10864 -498.0000000000
10867 -497.0000000000
10873 -496.0000000000
10896 -495.0000000000
10922 -494.0000000000
10968 -493.0000000000
11022 -492.0000000000
11040 -491.0000000000
11042 -490.0000000000
11049 -489.0000000000
11143 -488.0000000000
11154 -487.0000000000
11165 -486.0000000000
11170 -485.0000000000
11196 -484.0000000000
11204 -483.0000000000
11230 -482.0000000000
11247 -481.0000000000
11268 -480.0000000000
11271 -479.0000000000
11273 -478.0000000000
11314 -477.0000000000
11354 -475.0000000000
11372 -474.0000000000
11387 -473.0000000000
11397 -472.0000000000
11403 -471.0000000000
11411 -470.0000000000
11432 -469.0000000000
11444 -468.0000000000
11451 -467.0000000000
11459 -466.0000000000
11493 -465.0000000000
11505 -464.0000000000
11512 -463.0000000000
11555 -462.0000000000
11584 -461.0000000000
11594 -460.0000000000
11604 -459.0000000000
11653 -458.0000000000
11665 -457.0000000000
11685 -456.0000000000
11704 -455.0000000000
11711 -454.0000000000
11732 -453.0000000000
11765 -452.0000000000
11770 -451.0000000000
11793 -450.0000000000
11804 -448.0000000000
11832 -447.0000000000
11851 -446.0000000000
11858 -445.0000000000
11923 -444.0000000000
11949 -443.0000000000
11962 -442.0000000000
12050 -440.0000000000
12057 -439.0000000000
12068 -438.0000000000
12069 -436.0000000000
12079 -435.0000000000
12155 -434.0000000000
12168 -433.0000000000
12198 -432.0000000000
12210 -431.0000000000
12213 -430.0000000000
12228 -429.0000000000
12288 -428.0000000000
12306 -427.0000000000
12313 -425.0000000000
12351 -424.0000000000
12367 -423.0000000000
12385 -422.0000000000
12439 -421.0000000000
12492 -420.0000000000
12546 -419.0000000000
12567 -418.0000000000
12573 -417.0000000000
12576 -416.0000000000
12638 -415.0000000000
12656 -414.0000000000
12673 -412.0000000000
12680 -411.0000000000
12681 -410.0000000000
12687 -409.0000000000
12690 -407.0000000000
12694 -406.0000000000
12728 -405.0000000000
12742 -404.0000000000
12774 -403.0000000000
12803 -402.0000000000
12809 -401.0000000000
12834 -400.0000000000
12885 -399.0000000000
12897 -398.0000000000
12900 -397.0000000000
12933 -396.0000000000
12967 -395.0000000000
13005 -394.0000000000
13031 -393.0000000000
13049 -392.0000000000
13081 -391.0000000000
13087 -390.0000000000
13122 -389.0000000000
13164 -388.0000000000
13182 -387.0000000000
13196 -386.0000000000
13251 -385.0000000000
13267 -384.0000000000
13291 -383.0000000000
13366 -382.0000000000
13381 -381.0000000000
13386 -380.0000000000
13435 -379.0000000000
13445 -378.0000000000
13477 -377.0000000000
13508 -376.0000000000
13511 -375.0000000000
13548 -374.0000000000
13554 -373.0000000000
13561 -372.0000000000
13601 -370.0000000000
13618 -369.0000000000
13650 -368.0000000000
13689 -367.0000000000
13712 -366.0000000000
13721 -365.0000000000
13722 -364.0000000000
13735 -363.0000000000
13746 -362.0000000000
13772 -361.0000000000
13783 -360.0000000000
13795 -358.0000000000
13821 -357.0000000000
13895 -356.0000000000
13926 -355.0000000000
13933 -354.0000000000
13981 -353.0000000000
14009 -352.0000000000
14010 -351.0000000000
14040 -350.0000000000
14042 -349.0000000000
14082 -348.0000000000
14105 -347.0000000000
14134 -346.0000000000
14188 -345.0000000000
14221 -344.0000000000
14228 -343.0000000000
14231 -342.0000000000
14279 -341.0000000000
14337 -340.0000000000
14340 -339.0000000000
14345 -338.0000000000
14382 -337.0000000000
14392 -336.0000000000
14395 -335.0000000000
14447 -334.0000000000
14448 -333.0000000000
14496 -332.0000000000
14508 -331.0000000000
14521 -330.0000000000
14540 -329.0000000000
14544 -327.0000000000
14549 -326.0000000000
14569 -325.0000000000
14585 -324.0000000000
14596 -323.0000000000
14604 -322.0000000000
14605 -321.0000000000
14707 -320.0000000000
14736 -319.0000000000
14745 -318.0000000000
14783 -317.0000000000
14803 -316.0000000000
14825 -315.0000000000
14827 -314.0000000000
14842 -313.0000000000
14884 -312.0000000000
14892 -311.0000000000
14915 -310.0000000000
14918 -309.0000000000
14937 -308.0000000000
14947 -307.0000000000
14948 -306.0000000000
14991 -304.0000000000
15015 -303.0000000000
15118 -302.0000000000
15142 -301.0000000000
15309 -300.0000000000
15322 -299.0000000000
15364 -298.0000000000
15478 -297.0000000000
15495 -295.0000000000
15567 -294.0000000000
15614 -293.0000000000
15623 -292.0000000000
15632 -291.0000000000
15656 -290.0000000000
15721 -289.0000000000
15774 -288.0000000000
15794 -287.0000000000
15807 -286.0000000000
15856 -285.0000000000
15866 -284.0000000000
15875 -283.0000000000
15877 -282.0000000000
15935 -281.0000000000
15976 -280.0000000000
16027 -278.0000000000
16052 -276.0000000000
16064 -275.0000000000
16072 -274.0000000000
16129 -273.0000000000
16199 -272.0000000000
16230 -271.0000000000
16285 -270.0000000000
16305 -269.0000000000
16397 -268.0000000000
16467 -267.0000000000
16497 -266.0000000000
16596 -265.0000000000
16694 -264.0000000000
16704 -263.0000000000
16736 -262.0000000000
16748 -261.0000000000
16778 -260.0000000000
16833 -259.0000000000
16851 -258.0000000000
16944 -257.0000000000
16945 -256.0000000000
16975 -255.0000000000
16999 -254.0000000000
17104 -253.0000000000
17136 -252.0000000000
17176 -251.0000000000
17180 -250.0000000000
17187 -249.0000000000
17189 -248.0000000000
17214 -247.0000000000
17222 -246.0000000000
17242 -245.0000000000
17265 -244.0000000000
17277 -243.0000000000
17322 -242.0000000000
17431 -241.0000000000
17481 -240.0000000000
17483 -239.0000000000
17497 -238.0000000000
17561 -237.0000000000
17596 -236.0000000000
17634 -235.0000000000
17652 -234.0000000000
17675 -233.0000000000
17706 -232.0000000000
17721 -230.0000000000
17765 -229.0000000000
17792 -228.0000000000
17823 -227.0000000000
17843 -226.0000000000
17896 -225.0000000000
17911 -224.0000000000
17943 -222.0000000000
17956 -221.0000000000
18032 -220.0000000000
18169 -219.0000000000
18198 -218.0000000000
18212 -217.0000000000
18262 -216.0000000000
18286 -215.0000000000
18318 -214.0000000000
18338 -213.0000000000
18409 -212.0000000000
18450 -211.0000000000
18534 -210.0000000000
18560 -209.0000000000
18598 -208.0000000000
18676 -207.0000000000
18687 -205.0000000000
18790 -204.0000000000
18820 -203.0000000000
18874 -202.0000000000
18897 -201.0000000000
18901 -200.0000000000
19014 -199.0000000000
19051 -198.0000000000
19091 -197.0000000000
19105 -196.0000000000
19171 -195.0000000000
19305 -194.0000000000
19310 -192.0000000000
19313 -191.0000000000
19512 -190.0000000000
19530 -189.0000000000
19566 -188.0000000000
19662 -187.0000000000
19730 -186.0000000000
19790 -185.0000000000
19801 -184.0000000000
19922 -183.0000000000
19946 -182.0000000000
19953 -181.0000000000
19955 -180.0000000000
19968 -179.0000000000
19998 -178.0000000000
20144 -177.0000000000
20145 -176.0000000000
20161 -175.0000000000
20239 -174.0000000000
20272 -173.0000000000
20323 -172.0000000000
20391 -171.0000000000
20473 -170.0000000000
20474 -169.0000000000
20495 -168.0000000000
20505 -167.0000000000
20701 -166.0000000000
20704 -165.0000000000
20712 -164.0000000000
20882 -163.0000000000
20890 -162.0000000000
21013 -160.0000000000
21329 -159.0000000000
21408 -158.0000000000
21555 -157.0000000000
21786 -156.0000000000
21944 -155.0000000000
21964 -154.0000000000
21987 -153.0000000000
22036 -152.0000000000
22080 -151.0000000000
22233 -150.0000000000
22263 -149.0000000000
22278 -148.0000000000
22279 -147.0000000000
22326 -146.0000000000
22337 -145.0000000000
22341 -144.0000000000
22375 -143.0000000000
22666 -142.0000000000
22691 -141.0000000000
22704 -140.0000000000
22712 -139.0000000000
22804 -138.0000000000
22908 -137.0000000000
22919 -136.0000000000
22945 -135.0000000000
23090 -134.0000000000
23162 -133.0000000000
23210 -132.0000000000
23300 -131.0000000000
23502 -130.0000000000
23516 -129.0000000000
23518 -128.0000000000
23548 -127.0000000000
23587 -126.0000000000
23614 -125.0000000000
23663 -124.0000000000
23785 -123.0000000000
23916 -122.0000000000
24208 -121.0000000000
24357 -120.0000000000
24375 -119.0000000000
24397 -117.0000000000
24437 -116.0000000000
24700 -115.0000000000
24795 -114.0000000000
24916 -113.0000000000
24990 -112.0000000000
25029 -111.0000000000
25047 -110.0000000000
25144 -109.0000000000
25185 -108.0000000000
25277 -107.0000000000
25289 -106.0000000000
25317 -105.0000000000
25328 -104.0000000000
25420 -103.0000000000
25492 -102.0000000000
25505 -101.0000000000
25693 -100.0000000000
25848 -99.0000000000
25936 -98.0000000000
25990 -97.0000000000
26061 -96.0000000000
26102 -95.0000000000
26119 -94.0000000000
26128 -93.0000000000
26244 -92.0000000000
26420 -91.0000000000
26552 -90.0000000000
26609 -89.0000000000
26636 -88.0000000000
26710 -87.0000000000
26792 -86.0000000000
26826 -85.0000000000
27143 -84.0000000000
27256 -83.0000000000
27401 -82.0000000000
27640 -81.0000000000
27931 -80.0000000000
27963 -79.0000000000
27990 -78.0000000000
27997 -77.0000000000
28012 -76.0000000000
28151 -75.0000000000
28167 -74.0000000000
28293 -73.0000000000
28310 -72.0000000000
28337 -71.0000000000
28564 -70.0000000000
28960 -69.0000000000
29087 -68.0000000000
29265 -67.0000000000
29275 -66.0000000000
29283 -65.0000000000
29309 -64.0000000000
29365 -63.0000000000
29366 -62.0000000000
29367 -61.0000000000
29422 -60.0000000000
29473 -59.0000000000
29533 -58.0000000000
29535 -57.0000000000
29746 -56.0000000000
29777 -55.0000000000
29911 -54.0000000000
29944 -53.0000000000
30286 -52.0000000000
30708 -51.0000000000
30805 -50.0000000000
30810 -49.0000000000
30953 -48.0000000000
31215 -47.0000000000
31377 -46.0000000000
31503 -45.0000000000
31618 -43.0000000000
31681 -42.0000000000
31941 -41.0000000000
31993 -40.0000000000
32192 -39.0000000000
32753 -38.0000000000
32761 -37.0000000000
32780 -36.0000000000
32836 -35.0000000000
33372 -34.0000000000
33507 -33.0000000000
33519 -32.0000000000
33586 -31.0000000000
34008 -30.0000000000
34563 -29.0000000000
34693 -28.0000000000
34741 -27.0000000000
34790 -26.0000000000
34943 -25.0000000000
34969 -24.0000000000
35203 -23.0000000000
35423 -22.0000000000
35530 -21.0000000000
35582 -20.0000000000
35876 -19.0000000000
36262 -18.0000000000
36611 -17.0000000000
36656 -16.0000000000
37754 -15.0000000000
38232 -14.0000000000
38297 -13.0000000000
38427 -12.0000000000
38428 -11.0000000000
38850 -10.0000000000
39005 -9.0000000000
39153 -8.0000000000
40204 -7.0000000000
40609 -6.0000000000
40678 -5.0000000000
40832 -4.0000000000
41494 -3.0000000000
41911 -2.0000000000
41999 -1.0000000000
42918 159.7600000000
42928 162.9200000000
42929 178.2200000000
43259 178.3500000000
44268 181.4000000000
44857 183.6600000000
45340 185.5300000000
47231 302.3800000000
47246 314.7700000000
47588 317.7400000000
51580 320.2300000000
58756 325.3700000000
62240 325.7000000000
79719 284.3400000000
