evaluations raw_y
1 -2041.0000000000
2 -1977.0000000000
4 -1969.0000000000
7 -1961.0000000000
14 -1954.0000000000
15 -1941.0000000000
22 -1936.0000000000
34 -1934.0000000000
40 -1924.0000000000
41 -1894.0000000000
44 -1886.0000000000
78 -1882.0000000000
91 -1877.0000000000
102 -1873.0000000000
110 -1870.0000000000
123 -1865.0000000000
130 -1863.0000000000
136 -1854.0000000000
156 -1852.0000000000
166 -1847.0000000000
183 -1846.0000000000
192 -1843.0000000000
198 -1842.0000000000
202 -1838.0000000000
214 -1835.0000000000
233 -1834.0000000000
239 -1833.0000000000
245 -1832.0000000000
251 -1831.0000000000
252 -1830.0000000000
286 -1829.0000000000
292 -1828.0000000000
299 -1827.0000000000
308 -1825.0000000000
330 -1824.0000000000
341 -1823.0000000000
342 -1822.0000000000
359 -1821.0000000000
367 -1820.0000000000
382 -1819.0000000000
398 -1817.0000000000
427 -1815.0000000000
432 -1814.0000000000
458 -1813.0000000000
477 -1812.0000000000
490 -1811.0000000000
500 -1810.0000000000
502 -1809.0000000000
519 -1808.0000000000
525 -1807.0000000000
535 -1805.0000000000
545 -1804.0000000000
562 -1803.0000000000
567 -1802.0000000000
586 -1801.0000000000
593 -1798.0000000000
613 -1796.0000000000
627 -1795.0000000000
649 -1794.0000000000
656 -1793.0000000000
657 -1791.0000000000
664 -1790.0000000000
671 -1789.0000000000
687 -1788.0000000000
699 -1786.0000000000
707 -1785.0000000000
716 -1784.0000000000
719 -1783.0000000000
737 -1782.0000000000
739 -1781.0000000000
751 -1780.0000000000
754 -1778.0000000000
760 -1776.0000000000
779 -1775.0000000000
808 -1772.0000000000
825 -1769.0000000000
852 -1768.0000000000
866 -1766.0000000000
881 -1765.0000000000
893 -1764.0000000000
902 -1762.0000000000
915 -1761.0000000000
919 -1759.0000000000
937 -1757.0000000000
953 -1756.0000000000
972 -1754.0000000000
986 -1753.0000000000
996 -1752.0000000000
1009 -1751.0000000000
1017 -1750.0000000000
1028 -1749.0000000000
1048 -1748.0000000000
1062 -1747.0000000000
1068 -1745.0000000000
1083 -1744.0000000000
1090 -1743.0000000000
1097 -1742.0000000000
1110 -1741.0000000000
1111 -1740.0000000000
1116 -1739.0000000000
1145 -1737.0000000000
1162 -1734.0000000000
1198 -1732.0000000000
1199 -1730.0000000000
1219 -1729.0000000000
1220 -1728.0000000000
1244 -1727.0000000000
1262 -1726.0000000000
1277 -1723.0000000000
1301 -1722.0000000000
1312 -1721.0000000000
1320 -1720.0000000000
1342 -1719.0000000000
1348 -1718.0000000000
1349 -1717.0000000000
1358 -1716.0000000000
1376 -1714.0000000000
1378 -1713.0000000000
1397 -1712.0000000000
1399 -1711.0000000000
1412 -1710.0000000000
1435 -1709.0000000000
1443 -1706.0000000000
1465 -1705.0000000000
1473 -1704.0000000000
1475 -1703.0000000000
1479 -1702.0000000000
1493 -1701.0000000000
1511 -1700.0000000000
1523 -1699.0000000000
1532 -1697.0000000000
1549 -1695.0000000000
1569 -1694.0000000000
1580 -1693.0000000000
1585 -1692.0000000000
1618 -1691.0000000000
1621 -1690.0000000000
1639 -1689.0000000000
1649 -1688.0000000000
1652 -1686.0000000000
1667 -1685.0000000000
1678 -1684.0000000000
1689 -1682.0000000000
1706 -1681.0000000000
1719 -1680.0000000000
1727 -1679.0000000000
1737 -1678.0000000000
1738 -1676.0000000000
1748 -1674.0000000000
1759 -1673.0000000000
1770 -1672.0000000000
1778 -1671.0000000000
1781 -1670.0000000000
1791 -1669.0000000000
1812 -1668.0000000000
1813 -1665.0000000000
1817 -1664.0000000000
1877 -1663.0000000000
1881 -1662.0000000000
1898 -1661.0000000000
1909 -1660.0000000000
1923 -1659.0000000000
1930 -1658.0000000000
1943 -1657.0000000000
1951 -1654.0000000000
1972 -1653.0000000000
1981 -1652.0000000000
1996 -1649.0000000000
2010 -1647.0000000000
2012 -1646.0000000000
2029 -1645.0000000000
2030 -1644.0000000000
2034 -1643.0000000000
2052 -1642.0000000000
2076 -1639.0000000000
2089 -1638.0000000000
2117 -1637.0000000000
2121 -1636.0000000000
2127 -1635.0000000000
2142 -1634.0000000000
2147 -1632.0000000000
2165 -1631.0000000000
2187 -1630.0000000000
2207 -1629.0000000000
2224 -1628.0000000000
2228 -1627.0000000000
2249 -1626.0000000000
2258 -1625.0000000000
2273 -1624.0000000000
2282 -1623.0000000000
2312 -1622.0000000000
2324 -1621.0000000000
2345 -1620.0000000000
2362 -1619.0000000000
2370 -1618.0000000000
2389 -1617.0000000000
2399 -1616.0000000000
2401 -1615.0000000000
2411 -1613.0000000000
2422 -1612.0000000000
2425 -1611.0000000000
2442 -1610.0000000000
2449 -1609.0000000000
2460 -1607.0000000000
2479 -1606.0000000000
2497 -1605.0000000000
2504 -1603.0000000000
2512 -1602.0000000000
2514 -1601.0000000000
2539 -1600.0000000000
2549 -1599.0000000000
2559 -1598.0000000000
2580 -1597.0000000000
2607 -1596.0000000000
2613 -1595.0000000000
2620 -1594.0000000000
2629 -1593.0000000000
2651 -1592.0000000000
2655 -1591.0000000000
2664 -1590.0000000000
2671 -1589.0000000000
2702 -1588.0000000000
2709 -1587.0000000000
2724 -1586.0000000000
2734 -1584.0000000000
2756 -1581.0000000000
2772 -1579.0000000000
2774 -1578.0000000000
2781 -1577.0000000000
2797 -1576.0000000000
2805 -1575.0000000000
2825 -1574.0000000000
2844 -1572.0000000000
2859 -1571.0000000000
2865 -1568.0000000000
2883 -1567.0000000000
2906 -1566.0000000000
2917 -1565.0000000000
2935 -1564.0000000000
2946 -1563.0000000000
2961 -1562.0000000000
2971 -1561.0000000000
2976 -1560.0000000000
2988 -1559.0000000000
3002 -1558.0000000000
3010 -1557.0000000000
3021 -1556.0000000000
3033 -1555.0000000000
3034 -1554.0000000000
3060 -1553.0000000000
3071 -1552.0000000000
3081 -1551.0000000000
3087 -1549.0000000000
3101 -1548.0000000000
3113 -1547.0000000000
3150 -1546.0000000000
3153 -1545.0000000000
3166 -1544.0000000000
3191 -1543.0000000000
3207 -1542.0000000000
3221 -1540.0000000000
3235 -1539.0000000000
3244 -1538.0000000000
3261 -1537.0000000000
3268 -1535.0000000000
3283 -1534.0000000000
3303 -1531.0000000000
3324 -1530.0000000000
3326 -1529.0000000000
3344 -1528.0000000000
3358 -1527.0000000000
3367 -1526.0000000000
3371 -1525.0000000000
3392 -1524.0000000000
3410 -1523.0000000000
3421 -1522.0000000000
3428 -1521.0000000000
3468 -1520.0000000000
3476 -1519.0000000000
3493 -1517.0000000000
3516 -1515.0000000000
3535 -1514.0000000000
3551 -1513.0000000000
3561 -1512.0000000000
3580 -1511.0000000000
3584 -1510.0000000000
3595 -1509.0000000000
3609 -1508.0000000000
3623 -1507.0000000000
3629 -1506.0000000000
3640 -1505.0000000000
3664 -1504.0000000000
3677 -1503.0000000000
3683 -1502.0000000000
3704 -1501.0000000000
3727 -1499.0000000000
3752 -1498.0000000000
3789 -1496.0000000000
3803 -1495.0000000000
3809 -1494.0000000000
3848 -1493.0000000000
3855 -1491.0000000000
3866 -1490.0000000000
3913 -1488.0000000000
3942 -1487.0000000000
3957 -1486.0000000000
3962 -1485.0000000000
3978 -1484.0000000000
4000 -1483.0000000000
4027 -1481.0000000000
4059 -1480.0000000000
4073 -1479.0000000000
4100 -1478.0000000000
4103 -1477.0000000000
4120 -1476.0000000000
4129 -1475.0000000000
4135 -1474.0000000000
4157 -1473.0000000000
4159 -1472.0000000000
4160 -1471.0000000000
4164 -1470.0000000000
4188 -1469.0000000000
4198 -1468.0000000000
4201 -1467.0000000000
4220 -1466.0000000000
4221 -1465.0000000000
4232 -1464.0000000000
4252 -1462.0000000000
4267 -1461.0000000000
4278 -1460.0000000000
4296 -1459.0000000000
4315 -1458.0000000000
4325 -1457.0000000000
4333 -1455.0000000000
4355 -1454.0000000000
4372 -1453.0000000000
4384 -1452.0000000000
4403 -1451.0000000000
4411 -1450.0000000000
4453 -1449.0000000000
4464 -1448.0000000000
4487 -1446.0000000000
4506 -1445.0000000000
4521 -1444.0000000000
4541 -1443.0000000000
4555 -1442.0000000000
4569 -1440.0000000000
4584 -1439.0000000000
4606 -1437.0000000000
4620 -1435.0000000000
4654 -1434.0000000000
4684 -1433.0000000000
4704 -1432.0000000000
4706 -1431.0000000000
4719 -1430.0000000000
4726 -1429.0000000000
4745 -1427.0000000000
4773 -1426.0000000000
4778 -1425.0000000000
4804 -1424.0000000000
4817 -1422.0000000000
4827 -1421.0000000000
4834 -1419.0000000000
4873 -1418.0000000000
4875 -1417.0000000000
4888 -1416.0000000000
4897 -1414.0000000000
4911 -1413.0000000000
4915 -1412.0000000000
4933 -1411.0000000000
4947 -1410.0000000000
4949 -1408.0000000000
4968 -1406.0000000000
4977 -1404.0000000000
5004 -1403.0000000000
5015 -1402.0000000000
5025 -1400.0000000000
5050 -1397.0000000000
5080 -1396.0000000000
5087 -1395.0000000000
5106 -1394.0000000000
5108 -1391.0000000000
5127 -1390.0000000000
5138 -1389.0000000000
5159 -1387.0000000000
5172 -1386.0000000000
5192 -1385.0000000000
5197 -1383.0000000000
5219 -1382.0000000000
5223 -1381.0000000000
5244 -1380.0000000000
5258 -1379.0000000000
5260 -1378.0000000000
5289 -1377.0000000000
5302 -1376.0000000000
5308 -1375.0000000000
5327 -1374.0000000000
5346 -1373.0000000000
5357 -1372.0000000000
5381 -1371.0000000000
5385 -1370.0000000000
5408 -1369.0000000000
5421 -1367.0000000000
5434 -1366.0000000000
5450 -1365.0000000000
5475 -1364.0000000000
5478 -1363.0000000000
5492 -1362.0000000000
5518 -1361.0000000000
5539 -1360.0000000000
5584 -1359.0000000000
5606 -1358.0000000000
5609 -1357.0000000000
5645 -1356.0000000000
5648 -1355.0000000000
5672 -1353.0000000000
5684 -1352.0000000000
5698 -1350.0000000000
5716 -1349.0000000000
5725 -1348.0000000000
5739 -1347.0000000000
5747 -1346.0000000000
5759 -1345.0000000000
5781 -1344.0000000000
5793 -1343.0000000000
5805 -1342.0000000000
5813 -1341.0000000000
5816 -1340.0000000000
5826 -1339.0000000000
5848 -1338.0000000000
5857 -1336.0000000000
5879 -1335.0000000000
5884 -1334.0000000000
5904 -1333.0000000000
5929 -1331.0000000000
5942 -1329.0000000000
5961 -1328.0000000000
5969 -1327.0000000000
5970 -1325.0000000000
6007 -1324.0000000000
6014 -1323.0000000000
6032 -1322.0000000000
6047 -1321.0000000000
6053 -1320.0000000000
6059 -1319.0000000000
6072 -1318.0000000000
6085 -1315.0000000000
6100 -1314.0000000000
6115 -1313.0000000000
6124 -1311.0000000000
6149 -1310.0000000000
6164 -1309.0000000000
6190 -1308.0000000000
6193 -1307.0000000000
6223 -1306.0000000000
6254 -1304.0000000000
6304 -1303.0000000000
6329 -1301.0000000000
6363 -1300.0000000000
6375 -1299.0000000000
6395 -1298.0000000000
6398 -1297.0000000000
6419 -1296.0000000000
6438 -1294.0000000000
6440 -1292.0000000000
6456 -1291.0000000000
6495 -1290.0000000000
6511 -1289.0000000000
6529 -1287.0000000000
6546 -1286.0000000000
6559 -1285.0000000000
6587 -1284.0000000000
6589 -1283.0000000000
6603 -1282.0000000000
6620 -1281.0000000000
6646 -1280.0000000000
6674 -1279.0000000000
6691 -1278.0000000000
6700 -1277.0000000000
6716 -1276.0000000000
6731 -1275.0000000000
6740 -1274.0000000000
6767 -1272.0000000000
6781 -1271.0000000000
6807 -1270.0000000000
6836 -1269.0000000000
6849 -1268.0000000000
6874 -1267.0000000000
6879 -1266.0000000000
6886 -1264.0000000000
6935 -1263.0000000000
6943 -1262.0000000000
6957 -1261.0000000000
6974 -1259.0000000000
6987 -1257.0000000000
7003 -1255.0000000000
7027 -1254.0000000000
7036 -1253.0000000000
7038 -1252.0000000000
7051 -1251.0000000000
7081 -1250.0000000000
7099 -1249.0000000000
7112 -1248.0000000000
7119 -1246.0000000000
7126 -1245.0000000000
7143 -1244.0000000000
7155 -1241.0000000000
7172 -1240.0000000000
7179 -1239.0000000000
7215 -1238.0000000000
7232 -1237.0000000000
7240 -1236.0000000000
7260 -1235.0000000000
7291 -1234.0000000000
7296 -1232.0000000000
7316 -1231.0000000000
7331 -1230.0000000000
7345 -1229.0000000000
7357 -1228.0000000000
7361 -1227.0000000000
7378 -1226.0000000000
7400 -1225.0000000000
7413 -1224.0000000000
7438 -1223.0000000000
7450 -1222.0000000000
7452 -1221.0000000000
7454 -1220.0000000000
7471 -1219.0000000000
7480 -1217.0000000000
7504 -1216.0000000000
7515 -1215.0000000000
7567 -1214.0000000000
7573 -1213.0000000000
7595 -1212.0000000000
7614 -1211.0000000000
7631 -1208.0000000000
7668 -1207.0000000000
7671 -1206.0000000000
7714 -1204.0000000000
7741 -1203.0000000000
7744 -1202.0000000000
7760 -1201.0000000000
7780 -1200.0000000000
7786 -1199.0000000000
7799 -1198.0000000000
7808 -1197.0000000000
7812 -1196.0000000000
7815 -1195.0000000000
7840 -1194.0000000000
7845 -1193.0000000000
7854 -1191.0000000000
7857 -1190.0000000000
7863 -1189.0000000000
7873 -1188.0000000000
7897 -1187.0000000000
7911 -1185.0000000000
7927 -1184.0000000000
7961 -1182.0000000000
8008 -1181.0000000000
8022 -1180.0000000000
8055 -1179.0000000000
8080 -1178.0000000000
8085 -1177.0000000000
8116 -1176.0000000000
8130 -1175.0000000000
8138 -1174.0000000000
8148 -1173.0000000000
8177 -1172.0000000000
8201 -1171.0000000000
8207 -1170.0000000000
8226 -1169.0000000000
8228 -1168.0000000000
8249 -1167.0000000000
8273 -1166.0000000000
8303 -1165.0000000000
8319 -1164.0000000000
8338 -1163.0000000000
8355 -1162.0000000000
8364 -1161.0000000000
8378 -1160.0000000000
8391 -1159.0000000000
8392 -1157.0000000000
8405 -1156.0000000000
8434 -1155.0000000000
8445 -1154.0000000000
8448 -1153.0000000000
8468 -1152.0000000000
8472 -1151.0000000000
8492 -1150.0000000000
8503 -1149.0000000000
8525 -1148.0000000000
8546 -1147.0000000000
8564 -1146.0000000000
8576 -1145.0000000000
8596 -1144.0000000000
8613 -1143.0000000000
8616 -1142.0000000000
8619 -1140.0000000000
8630 -1139.0000000000
8648 -1138.0000000000
8654 -1137.0000000000
8670 -1135.0000000000
8674 -1134.0000000000
8690 -1133.0000000000
8713 -1132.0000000000
8719 -1131.0000000000
8749 -1130.0000000000
8767 -1128.0000000000
8787 -1127.0000000000
8792 -1126.0000000000
8800 -1125.0000000000
8803 -1124.0000000000
8827 -1123.0000000000
8850 -1122.0000000000
8860 -1121.0000000000
8882 -1120.0000000000
8889 -1119.0000000000
8923 -1118.0000000000
8946 -1117.0000000000
8958 -1116.0000000000
8963 -1115.0000000000
8979 -1114.0000000000
8996 -1113.0000000000
9008 -1112.0000000000
9012 -1111.0000000000
9029 -1110.0000000000
9034 -1109.0000000000
9045 -1108.0000000000
9061 -1107.0000000000
9087 -1106.0000000000
9098 -1105.0000000000
9104 -1104.0000000000
9134 -1103.0000000000
9138 -1102.0000000000
9161 -1101.0000000000
9171 -1100.0000000000
9198 -1099.0000000000
9207 -1098.0000000000
9214 -1097.0000000000
9236 -1095.0000000000
9271 -1094.0000000000
9278 -1093.0000000000
9282 -1091.0000000000
9309 -1090.0000000000
9340 -1089.0000000000
9347 -1088.0000000000
9355 -1087.0000000000
9391 -1086.0000000000
9398 -1085.0000000000
9424 -1084.0000000000
9445 -1083.0000000000
9453 -1082.0000000000
9468 -1080.0000000000
9510 -1077.0000000000
9531 -1076.0000000000
9562 -1075.0000000000
9572 -1074.0000000000
9575 -1073.0000000000
9604 -1072.0000000000
9617 -1071.0000000000
9628 -1069.0000000000
9645 -1067.0000000000
9689 -1066.0000000000
9690 -1065.0000000000
9702 -1064.0000000000
9712 -1063.0000000000
9744 -1062.0000000000
9759 -1060.0000000000
9788 -1059.0000000000
9805 -1058.0000000000
9807 -1057.0000000000
9810 -1056.0000000000
9827 -1055.0000000000
9831 -1054.0000000000
9841 -1053.0000000000
9866 -1051.0000000000
9881 -1050.0000000000
9894 -1049.0000000000
9924 -1046.0000000000
9956 -1045.0000000000
9957 -1043.0000000000
9960 -1041.0000000000
9987 -1040.0000000000
10002 -1039.0000000000
10010 -1039.0000000000
evaluations raw_y
1 -2067.0000000000
2 -1993.0000000000
8 -1956.0000000000
10 -1944.0000000000
23 -1924.0000000000
40 -1903.0000000000
49 -1893.0000000000
59 -1882.0000000000
62 -1874.0000000000
70 -1871.0000000000
76 -1869.0000000000
82 -1864.0000000000
100 -1859.0000000000
111 -1858.0000000000
123 -1854.0000000000
127 -1853.0000000000
132 -1847.0000000000
146 -1846.0000000000
148 -1843.0000000000
153 -1839.0000000000
155 -1837.0000000000
174 -1832.0000000000
189 -1831.0000000000
192 -1830.0000000000
194 -1829.0000000000
203 -1827.0000000000
209 -1822.0000000000
226 -1821.0000000000
228 -1820.0000000000
241 -1819.0000000000
246 -1818.0000000000
253 -1817.0000000000
266 -1816.0000000000
269 -1815.0000000000
274 -1814.0000000000
290 -1813.0000000000
295 -1811.0000000000
296 -1809.0000000000
314 -1808.0000000000
319 -1807.0000000000
347 -1806.0000000000
351 -1805.0000000000
365 -1803.0000000000
383 -1802.0000000000
395 -1801.0000000000
410 -1800.0000000000
414 -1799.0000000000
432 -1798.0000000000
451 -1797.0000000000
466 -1796.0000000000
471 -1795.0000000000
496 -1794.0000000000
500 -1793.0000000000
510 -1792.0000000000
523 -1791.0000000000
525 -1790.0000000000
540 -1789.0000000000
555 -1787.0000000000
558 -1786.0000000000
574 -1785.0000000000
578 -1784.0000000000
580 -1783.0000000000
588 -1782.0000000000
609 -1781.0000000000
625 -1780.0000000000
636 -1779.0000000000
640 -1778.0000000000
659 -1777.0000000000
681 -1776.0000000000
689 -1775.0000000000
719 -1774.0000000000
722 -1773.0000000000
739 -1772.0000000000
747 -1771.0000000000
754 -1770.0000000000
766 -1769.0000000000
770 -1768.0000000000
781 -1767.0000000000
794 -1766.0000000000
803 -1765.0000000000
807 -1764.0000000000
809 -1763.0000000000
822 -1762.0000000000
830 -1761.0000000000
831 -1760.0000000000
839 -1759.0000000000
855 -1758.0000000000
859 -1757.0000000000
862 -1755.0000000000
876 -1754.0000000000
883 -1751.0000000000
928 -1749.0000000000
939 -1748.0000000000
945 -1747.0000000000
953 -1746.0000000000
964 -1745.0000000000
969 -1743.0000000000
987 -1741.0000000000
994 -1740.0000000000
998 -1739.0000000000
1009 -1738.0000000000
1016 -1737.0000000000
1022 -1736.0000000000
1028 -1735.0000000000
1064 -1734.0000000000
1076 -1733.0000000000
1087 -1732.0000000000
1089 -1731.0000000000
1110 -1730.0000000000
1120 -1729.0000000000
1135 -1727.0000000000
1167 -1726.0000000000
1169 -1725.0000000000
1171 -1724.0000000000
1178 -1723.0000000000
1190 -1722.0000000000
1199 -1721.0000000000
1213 -1720.0000000000
1231 -1719.0000000000
1234 -1718.0000000000
1247 -1715.0000000000
1271 -1714.0000000000
1281 -1713.0000000000
1290 -1712.0000000000
1320 -1711.0000000000
1325 -1708.0000000000
1353 -1707.0000000000
1354 -1705.0000000000
1380 -1704.0000000000
1384 -1703.0000000000
1402 -1702.0000000000
1403 -1701.0000000000
1416 -1700.0000000000
1424 -1699.0000000000
1437 -1698.0000000000
1452 -1697.0000000000
1464 -1696.0000000000
1480 -1695.0000000000
1495 -1694.0000000000
1501 -1692.0000000000
1503 -1691.0000000000
1519 -1689.0000000000
1538 -1688.0000000000
1549 -1687.0000000000
1554 -1686.0000000000
1562 -1683.0000000000
1581 -1682.0000000000
1589 -1681.0000000000
1611 -1680.0000000000
1619 -1679.0000000000
1630 -1678.0000000000
1633 -1677.0000000000
1634 -1676.0000000000
1644 -1675.0000000000
1657 -1673.0000000000
1674 -1671.0000000000
1690 -1670.0000000000
1706 -1669.0000000000
1712 -1667.0000000000
1724 -1666.0000000000
1739 -1665.0000000000
1751 -1664.0000000000
1759 -1663.0000000000
1769 -1662.0000000000
1781 -1661.0000000000
1789 -1660.0000000000
1802 -1659.0000000000
1809 -1658.0000000000
1818 -1657.0000000000
1836 -1656.0000000000
1848 -1655.0000000000
1849 -1654.0000000000
1850 -1653.0000000000
1863 -1652.0000000000
1866 -1651.0000000000
1878 -1650.0000000000
1882 -1649.0000000000
1888 -1648.0000000000
1917 -1647.0000000000
1943 -1646.0000000000
1951 -1644.0000000000
1963 -1643.0000000000
1975 -1642.0000000000
1977 -1640.0000000000
2003 -1639.0000000000
2014 -1638.0000000000
2034 -1637.0000000000
2035 -1636.0000000000
2056 -1635.0000000000
2065 -1634.0000000000
2077 -1633.0000000000
2090 -1632.0000000000
2101 -1631.0000000000
2102 -1630.0000000000
2121 -1629.0000000000
2125 -1628.0000000000
2137 -1626.0000000000
2157 -1625.0000000000
2159 -1624.0000000000
2185 -1623.0000000000
2204 -1622.0000000000
2210 -1621.0000000000
2225 -1619.0000000000
2254 -1618.0000000000
2274 -1616.0000000000
2286 -1615.0000000000
2300 -1614.0000000000
2307 -1612.0000000000
2309 -1611.0000000000
2337 -1610.0000000000
2342 -1609.0000000000
2364 -1608.0000000000
2369 -1607.0000000000
2374 -1606.0000000000
2383 -1604.0000000000
2391 -1602.0000000000
2399 -1601.0000000000
2418 -1600.0000000000
2430 -1598.0000000000
2457 -1596.0000000000
2469 -1595.0000000000
2477 -1593.0000000000
2494 -1592.0000000000
2503 -1591.0000000000
2534 -1590.0000000000
2555 -1589.0000000000
2576 -1588.0000000000
2582 -1587.0000000000
2587 -1586.0000000000
2601 -1585.0000000000
2613 -1582.0000000000
2621 -1581.0000000000
2656 -1580.0000000000
2673 -1577.0000000000
2704 -1576.0000000000
2720 -1575.0000000000
2728 -1573.0000000000
2752 -1571.0000000000
2770 -1570.0000000000
2809 -1569.0000000000
2823 -1568.0000000000
2843 -1565.0000000000
2860 -1564.0000000000
2868 -1562.0000000000
2893 -1561.0000000000
2894 -1560.0000000000
2901 -1559.0000000000
2928 -1558.0000000000
2932 -1556.0000000000
2952 -1555.0000000000
2981 -1554.0000000000
2998 -1553.0000000000
3025 -1551.0000000000
3062 -1550.0000000000
3067 -1548.0000000000
3089 -1547.0000000000
3100 -1546.0000000000
3104 -1545.0000000000
3112 -1544.0000000000
3125 -1543.0000000000
3132 -1542.0000000000
3143 -1541.0000000000
3146 -1540.0000000000
3182 -1538.0000000000
3211 -1537.0000000000
3233 -1536.0000000000
3250 -1534.0000000000
3283 -1533.0000000000
3287 -1532.0000000000
3307 -1531.0000000000
3326 -1529.0000000000
3359 -1528.0000000000
3377 -1527.0000000000
3381 -1526.0000000000
3396 -1523.0000000000
3428 -1521.0000000000
3448 -1520.0000000000
3454 -1519.0000000000
3474 -1518.0000000000
3482 -1517.0000000000
3489 -1516.0000000000
3503 -1515.0000000000
3527 -1514.0000000000
3528 -1513.0000000000
3557 -1512.0000000000
3562 -1511.0000000000
3563 -1510.0000000000
3602 -1508.0000000000
3616 -1506.0000000000
3657 -1504.0000000000
3661 -1503.0000000000
3679 -1501.0000000000
3684 -1500.0000000000
3714 -1499.0000000000
3717 -1498.0000000000
3728 -1497.0000000000
3735 -1496.0000000000
3744 -1495.0000000000
3779 -1494.0000000000
3782 -1493.0000000000
3792 -1492.0000000000
3814 -1491.0000000000
3824 -1490.0000000000
3852 -1489.0000000000
3881 -1488.0000000000
3900 -1487.0000000000
3921 -1486.0000000000
3923 -1485.0000000000
3952 -1484.0000000000
3965 -1483.0000000000
3970 -1482.0000000000
3977 -1481.0000000000
4005 -1480.0000000000
4010 -1478.0000000000
4069 -1477.0000000000
4074 -1476.0000000000
4105 -1475.0000000000
4108 -1474.0000000000
4117 -1473.0000000000
4132 -1472.0000000000
4151 -1471.0000000000
4165 -1469.0000000000
4166 -1468.0000000000
4183 -1466.0000000000
4210 -1462.0000000000
4241 -1461.0000000000
4260 -1460.0000000000
4272 -1459.0000000000
4294 -1458.0000000000
4312 -1457.0000000000
4333 -1456.0000000000
4355 -1455.0000000000
4362 -1454.0000000000
4371 -1453.0000000000
4373 -1452.0000000000
4391 -1451.0000000000
4402 -1450.0000000000
4424 -1448.0000000000
4456 -1447.0000000000
4473 -1446.0000000000
4484 -1445.0000000000
4498 -1443.0000000000
4526 -1442.0000000000
4543 -1441.0000000000
4581 -1440.0000000000
4585 -1439.0000000000
4624 -1438.0000000000
4648 -1437.0000000000
4658 -1436.0000000000
4678 -1435.0000000000
4687 -1434.0000000000
4705 -1433.0000000000
4715 -1432.0000000000
4721 -1431.0000000000
4728 -1430.0000000000
4761 -1429.0000000000
4783 -1428.0000000000
4813 -1427.0000000000
4820 -1426.0000000000
4829 -1425.0000000000
4853 -1424.0000000000
4857 -1423.0000000000
4866 -1421.0000000000
4875 -1420.0000000000
4896 -1419.0000000000
4915 -1418.0000000000
4919 -1417.0000000000
4925 -1416.0000000000
4942 -1415.0000000000
4962 -1413.0000000000
4976 -1412.0000000000
4985 -1410.0000000000
5015 -1409.0000000000
5021 -1408.0000000000
5033 -1407.0000000000
5058 -1406.0000000000
5076 -1405.0000000000
5078 -1404.0000000000
5088 -1402.0000000000
5108 -1401.0000000000
5138 -1400.0000000000
5141 -1399.0000000000
5148 -1398.0000000000
5159 -1397.0000000000
5167 -1396.0000000000
5179 -1395.0000000000
5198 -1393.0000000000
5205 -1392.0000000000
5220 -1391.0000000000
5223 -1390.0000000000
5253 -1389.0000000000
5277 -1387.0000000000
5302 -1386.0000000000
5305 -1385.0000000000
5308 -1384.0000000000
5315 -1383.0000000000
5336 -1382.0000000000
5342 -1381.0000000000
5365 -1380.0000000000
5386 -1379.0000000000
5396 -1378.0000000000
5403 -1377.0000000000
5407 -1376.0000000000
5425 -1375.0000000000
5435 -1374.0000000000
5436 -1373.0000000000
5456 -1372.0000000000
5474 -1371.0000000000
5481 -1370.0000000000
5493 -1369.0000000000
5503 -1368.0000000000
5508 -1367.0000000000
5511 -1366.0000000000
5529 -1365.0000000000
5530 -1364.0000000000
5574 -1363.0000000000
5579 -1362.0000000000
5600 -1361.0000000000
5606 -1360.0000000000
5618 -1358.0000000000
5620 -1356.0000000000
5645 -1355.0000000000
5654 -1354.0000000000
5677 -1353.0000000000
5693 -1351.0000000000
5708 -1350.0000000000
5721 -1349.0000000000
5741 -1348.0000000000
5767 -1347.0000000000
5780 -1346.0000000000
5801 -1345.0000000000
5802 -1344.0000000000
5819 -1343.0000000000
5825 -1342.0000000000
5833 -1341.0000000000
5844 -1340.0000000000
5862 -1339.0000000000
5864 -1338.0000000000
5876 -1337.0000000000
5906 -1336.0000000000
5922 -1335.0000000000
5930 -1333.0000000000
5942 -1332.0000000000
5961 -1331.0000000000
5969 -1330.0000000000
6012 -1329.0000000000
6042 -1328.0000000000
6064 -1327.0000000000
6075 -1326.0000000000
6076 -1325.0000000000
6081 -1324.0000000000
6106 -1323.0000000000
6108 -1322.0000000000
6132 -1321.0000000000
6142 -1320.0000000000
6152 -1319.0000000000
6171 -1318.0000000000
6190 -1316.0000000000
6194 -1315.0000000000
6236 -1314.0000000000
6244 -1313.0000000000
6264 -1312.0000000000
6273 -1311.0000000000
6285 -1310.0000000000
6292 -1309.0000000000
6305 -1308.0000000000
6312 -1307.0000000000
6332 -1305.0000000000
6347 -1304.0000000000
6348 -1303.0000000000
6358 -1302.0000000000
6361 -1301.0000000000
6365 -1300.0000000000
6376 -1299.0000000000
6385 -1298.0000000000
6386 -1297.0000000000
6395 -1296.0000000000
6413 -1295.0000000000
6417 -1294.0000000000
6429 -1293.0000000000
6442 -1292.0000000000
6445 -1291.0000000000
6459 -1286.0000000000
6487 -1285.0000000000
6492 -1284.0000000000
6496 -1283.0000000000
6526 -1282.0000000000
6535 -1281.0000000000
6550 -1280.0000000000
6552 -1279.0000000000
6572 -1278.0000000000
6592 -1276.0000000000
6601 -1275.0000000000
6614 -1274.0000000000
6633 -1273.0000000000
6653 -1271.0000000000
6665 -1270.0000000000
6673 -1268.0000000000
6701 -1267.0000000000
6702 -1266.0000000000
6723 -1265.0000000000
6736 -1264.0000000000
6746 -1263.0000000000
6766 -1262.0000000000
6784 -1261.0000000000
6791 -1260.0000000000
6802 -1259.0000000000
6822 -1258.0000000000
6830 -1257.0000000000
6861 -1256.0000000000
6868 -1254.0000000000
6881 -1253.0000000000
6898 -1252.0000000000
6931 -1251.0000000000
6944 -1250.0000000000
6960 -1249.0000000000
6976 -1248.0000000000
6988 -1247.0000000000
7001 -1246.0000000000
7024 -1245.0000000000
7027 -1244.0000000000
7039 -1243.0000000000
7054 -1242.0000000000
7058 -1241.0000000000
7087 -1240.0000000000
7098 -1239.0000000000
7124 -1238.0000000000
7152 -1237.0000000000
7161 -1235.0000000000
7185 -1234.0000000000
7232 -1233.0000000000
7279 -1232.0000000000
7305 -1231.0000000000
7315 -1230.0000000000
7333 -1228.0000000000
7352 -1226.0000000000
7372 -1225.0000000000
7377 -1223.0000000000
7379 -1222.0000000000
7398 -1221.0000000000
7431 -1217.0000000000
7467 -1216.0000000000
7476 -1215.0000000000
7489 -1214.0000000000
7490 -1213.0000000000
7499 -1212.0000000000
7508 -1211.0000000000
7521 -1210.0000000000
7543 -1209.0000000000
7567 -1208.0000000000
7582 -1206.0000000000
7604 -1205.0000000000
7614 -1204.0000000000
7633 -1203.0000000000
7655 -1202.0000000000
7668 -1201.0000000000
7696 -1200.0000000000
7704 -1199.0000000000
7723 -1198.0000000000
7738 -1197.0000000000
7741 -1196.0000000000
7753 -1195.0000000000
7789 -1194.0000000000
7798 -1193.0000000000
7810 -1191.0000000000
7832 -1190.0000000000
7852 -1188.0000000000
7865 -1187.0000000000
7885 -1186.0000000000
7898 -1185.0000000000
7915 -1184.0000000000
7941 -1183.0000000000
7955 -1182.0000000000
7959 -1181.0000000000
7972 -1180.0000000000
7983 -1179.0000000000
8008 -1178.0000000000
8017 -1177.0000000000
8029 -1175.0000000000
8047 -1174.0000000000
8055 -1173.0000000000
8058 -1172.0000000000
8077 -1171.0000000000
8085 -1170.0000000000
8117 -1169.0000000000
8148 -1168.0000000000
8166 -1167.0000000000
8178 -1166.0000000000
8182 -1164.0000000000
8189 -1163.0000000000
8206 -1162.0000000000
8224 -1161.0000000000
8229 -1160.0000000000
8252 -1158.0000000000
8268 -1157.0000000000
8304 -1156.0000000000
8312 -1154.0000000000
8350 -1153.0000000000
8357 -1152.0000000000
8361 -1151.0000000000
8381 -1150.0000000000
8404 -1148.0000000000
8420 -1147.0000000000
8460 -1145.0000000000
8490 -1144.0000000000
8508 -1141.0000000000
8526 -1140.0000000000
8538 -1139.0000000000
8558 -1138.0000000000
8562 -1137.0000000000
8568 -1136.0000000000
8596 -1134.0000000000
8607 -1133.0000000000
8631 -1131.0000000000
8666 -1130.0000000000
8681 -1129.0000000000
8713 -1128.0000000000
8722 -1127.0000000000
8730 -1126.0000000000
8732 -1124.0000000000
8751 -1123.0000000000
8764 -1122.0000000000
8790 -1121.0000000000
8810 -1120.0000000000
8847 -1119.0000000000
8848 -1118.0000000000
8879 -1117.0000000000
8903 -1116.0000000000
8908 -1113.0000000000
8935 -1112.0000000000
8948 -1111.0000000000
8971 -1110.0000000000
8979 -1109.0000000000
8980 -1108.0000000000
8999 -1107.0000000000
9011 -1106.0000000000
9015 -1104.0000000000
9050 -1103.0000000000
9065 -1100.0000000000
9096 -1099.0000000000
9102 -1098.0000000000
9126 -1097.0000000000
9163 -1096.0000000000
9174 -1095.0000000000
9205 -1094.0000000000
9221 -1093.0000000000
9247 -1092.0000000000
9253 -1091.0000000000
9257 -1090.0000000000
9298 -1089.0000000000
9311 -1088.0000000000
9325 -1087.0000000000
9333 -1086.0000000000
9351 -1085.0000000000
9354 -1083.0000000000
9370 -1082.0000000000
9371 -1081.0000000000
9392 -1080.0000000000
9397 -1079.0000000000
9400 -1078.0000000000
9418 -1077.0000000000
9426 -1076.0000000000
9463 -1075.0000000000
9507 -1074.0000000000
9514 -1073.0000000000
9534 -1072.0000000000
9541 -1071.0000000000
9543 -1070.0000000000
9553 -1069.0000000000
9559 -1068.0000000000
9571 -1067.0000000000
9579 -1066.0000000000
9597 -1065.0000000000
9620 -1063.0000000000
9635 -1062.0000000000
9652 -1061.0000000000
9653 -1060.0000000000
9670 -1059.0000000000
9671 -1058.0000000000
9693 -1057.0000000000
9700 -1056.0000000000
9735 -1055.0000000000
9756 -1054.0000000000
9789 -1052.0000000000
9824 -1051.0000000000
9857 -1050.0000000000
9888 -1049.0000000000
9917 -1048.0000000000
9923 -1047.0000000000
9925 -1046.0000000000
9930 -1045.0000000000
9936 -1044.0000000000
9963 -1043.0000000000
9980 -1042.0000000000
10001 -1041.0000000000
10010 -1038.0000000000
evaluations raw_y
1 -2006.0000000000
2 -2004.0000000000
3 -1985.0000000000
6 -1934.0000000000
17 -1927.0000000000
29 -1919.0000000000
32 -1900.0000000000
47 -1895.0000000000
54 -1893.0000000000
61 -1862.0000000000
76 -1860.0000000000
82 -1848.0000000000
89 -1836.0000000000
95 -1828.0000000000
107 -1821.0000000000
135 -1820.0000000000
137 -1818.0000000000
149 -1816.0000000000
151 -1815.0000000000
157 -1814.0000000000
158 -1813.0000000000
160 -1811.0000000000
171 -1807.0000000000
183 -1804.0000000000
186 -1802.0000000000
201 -1801.0000000000
210 -1799.0000000000
212 -1797.0000000000
223 -1796.0000000000
232 -1795.0000000000
245 -1794.0000000000
254 -1793.0000000000
260 -1792.0000000000
263 -1790.0000000000
280 -1789.0000000000
294 -1788.0000000000
296 -1787.0000000000
307 -1785.0000000000
329 -1784.0000000000
342 -1783.0000000000
351 -1781.0000000000
361 -1780.0000000000
385 -1778.0000000000
408 -1776.0000000000
443 -1773.0000000000
464 -1772.0000000000
485 -1770.0000000000
506 -1768.0000000000
515 -1767.0000000000
525 -1766.0000000000
538 -1765.0000000000
545 -1764.0000000000
549 -1763.0000000000
562 -1762.0000000000
572 -1761.0000000000
574 -1760.0000000000
596 -1758.0000000000
611 -1757.0000000000
623 -1756.0000000000
624 -1754.0000000000
637 -1753.0000000000
651 -1752.0000000000
660 -1749.0000000000
677 -1748.0000000000
680 -1747.0000000000
697 -1746.0000000000
706 -1744.0000000000
729 -1743.0000000000
739 -1741.0000000000
765 -1740.0000000000
768 -1738.0000000000
773 -1737.0000000000
795 -1736.0000000000
840 -1735.0000000000
846 -1734.0000000000
858 -1733.0000000000
863 -1730.0000000000
879 -1729.0000000000
887 -1728.0000000000
897 -1727.0000000000
913 -1726.0000000000
918 -1725.0000000000
931 -1724.0000000000
940 -1723.0000000000
956 -1722.0000000000
962 -1721.0000000000
970 -1720.0000000000
976 -1718.0000000000
986 -1717.0000000000
1004 -1716.0000000000
1008 -1715.0000000000
1012 -1714.0000000000
1017 -1713.0000000000
1023 -1712.0000000000
1039 -1710.0000000000
1047 -1709.0000000000
1053 -1708.0000000000
1059 -1707.0000000000
1066 -1706.0000000000
1067 -1705.0000000000
1079 -1704.0000000000
1085 -1703.0000000000
1108 -1701.0000000000
1126 -1700.0000000000
1139 -1699.0000000000
1149 -1698.0000000000
1166 -1696.0000000000
1196 -1694.0000000000
1211 -1693.0000000000
1223 -1691.0000000000
1231 -1690.0000000000
1239 -1689.0000000000
1251 -1688.0000000000
1257 -1687.0000000000
1265 -1686.0000000000
1283 -1685.0000000000
1294 -1683.0000000000
1336 -1682.0000000000
1337 -1681.0000000000
1358 -1680.0000000000
1363 -1679.0000000000
1379 -1678.0000000000
1394 -1677.0000000000
1411 -1676.0000000000
1413 -1674.0000000000
1442 -1673.0000000000
1464 -1672.0000000000
1481 -1671.0000000000
1491 -1669.0000000000
1504 -1668.0000000000
1524 -1667.0000000000
1535 -1666.0000000000
1537 -1664.0000000000
1568 -1663.0000000000
1569 -1662.0000000000
1580 -1661.0000000000
1601 -1660.0000000000
1602 -1659.0000000000
1627 -1658.0000000000
1630 -1657.0000000000
1640 -1655.0000000000
1658 -1654.0000000000
1669 -1653.0000000000
1703 -1652.0000000000
1712 -1651.0000000000
1725 -1650.0000000000
1728 -1649.0000000000
1737 -1647.0000000000
1750 -1646.0000000000
1761 -1645.0000000000
1781 -1644.0000000000
1787 -1643.0000000000
1814 -1641.0000000000
1829 -1639.0000000000
1841 -1638.0000000000
1857 -1637.0000000000
1878 -1636.0000000000
1879 -1635.0000000000
1891 -1634.0000000000
1906 -1633.0000000000
1920 -1632.0000000000
1922 -1631.0000000000
1940 -1628.0000000000
1947 -1626.0000000000
1971 -1625.0000000000
1973 -1623.0000000000
1980 -1622.0000000000
2011 -1621.0000000000
2018 -1620.0000000000
2033 -1617.0000000000
2048 -1615.0000000000
2086 -1614.0000000000
2098 -1613.0000000000
2100 -1612.0000000000
2117 -1610.0000000000
2139 -1608.0000000000
2152 -1607.0000000000
2161 -1606.0000000000
2177 -1605.0000000000
2201 -1603.0000000000
2208 -1602.0000000000
2214 -1601.0000000000
2225 -1599.0000000000
2259 -1598.0000000000
2277 -1597.0000000000
2286 -1596.0000000000
2305 -1594.0000000000
2310 -1592.0000000000
2351 -1590.0000000000
2356 -1588.0000000000
2400 -1587.0000000000
2407 -1586.0000000000
2426 -1585.0000000000
2435 -1584.0000000000
2446 -1583.0000000000
2456 -1582.0000000000
2463 -1581.0000000000
2470 -1580.0000000000
2489 -1578.0000000000
2509 -1577.0000000000
2512 -1575.0000000000
2536 -1574.0000000000
2549 -1573.0000000000
2554 -1572.0000000000
2565 -1571.0000000000
2577 -1570.0000000000
2583 -1569.0000000000
2628 -1568.0000000000
2634 -1567.0000000000
2638 -1565.0000000000
2652 -1564.0000000000
2669 -1563.0000000000
2692 -1562.0000000000
2710 -1561.0000000000
2731 -1559.0000000000
2745 -1558.0000000000
2765 -1557.0000000000
2783 -1556.0000000000
2791 -1555.0000000000
2801 -1553.0000000000
2827 -1552.0000000000
2833 -1550.0000000000
2839 -1549.0000000000
2847 -1547.0000000000
2858 -1544.0000000000
2893 -1543.0000000000
2920 -1542.0000000000
2939 -1541.0000000000
2943 -1540.0000000000
2954 -1539.0000000000
2969 -1538.0000000000
2976 -1537.0000000000
2992 -1536.0000000000
3011 -1535.0000000000
3027 -1534.0000000000
3031 -1533.0000000000
3042 -1532.0000000000
3045 -1531.0000000000
3049 -1530.0000000000
3060 -1529.0000000000
3069 -1528.0000000000
3082 -1527.0000000000
3092 -1526.0000000000
3106 -1525.0000000000
3112 -1524.0000000000
3143 -1523.0000000000
3154 -1522.0000000000
3156 -1521.0000000000
3163 -1520.0000000000
3176 -1519.0000000000
3180 -1518.0000000000
3202 -1517.0000000000
3222 -1516.0000000000
3234 -1515.0000000000
3237 -1514.0000000000
3251 -1513.0000000000
3260 -1511.0000000000
3286 -1509.0000000000
3298 -1507.0000000000
3311 -1506.0000000000
3322 -1505.0000000000
3327 -1504.0000000000
3330 -1503.0000000000
3337 -1502.0000000000
3356 -1501.0000000000
3365 -1500.0000000000
3367 -1499.0000000000
3393 -1497.0000000000
3405 -1495.0000000000
3415 -1493.0000000000
3418 -1492.0000000000
3419 -1491.0000000000
3429 -1490.0000000000
3440 -1487.0000000000
3453 -1486.0000000000
3470 -1485.0000000000
3479 -1484.0000000000
3483 -1483.0000000000
3519 -1481.0000000000
3525 -1478.0000000000
3543 -1477.0000000000
3546 -1476.0000000000
3558 -1475.0000000000
3567 -1474.0000000000
3582 -1473.0000000000
3600 -1470.0000000000
3626 -1468.0000000000
3648 -1466.0000000000
3680 -1465.0000000000
3697 -1464.0000000000
3712 -1463.0000000000
3734 -1462.0000000000
3749 -1461.0000000000
3763 -1460.0000000000
3773 -1459.0000000000
3784 -1458.0000000000
3796 -1457.0000000000
3816 -1456.0000000000
3836 -1455.0000000000
3839 -1454.0000000000
3855 -1453.0000000000
3857 -1451.0000000000
3880 -1450.0000000000
3883 -1447.0000000000
3895 -1446.0000000000
3913 -1445.0000000000
3923 -1443.0000000000
3935 -1442.0000000000
3949 -1441.0000000000
3975 -1440.0000000000
3981 -1439.0000000000
3998 -1438.0000000000
4010 -1437.0000000000
4016 -1436.0000000000
4034 -1435.0000000000
4048 -1434.0000000000
4065 -1433.0000000000
4072 -1431.0000000000
4095 -1430.0000000000
4103 -1427.0000000000
4131 -1426.0000000000
4158 -1425.0000000000
4169 -1424.0000000000
4178 -1423.0000000000
4187 -1422.0000000000
4206 -1421.0000000000
4216 -1420.0000000000
4231 -1419.0000000000
4251 -1418.0000000000
4256 -1417.0000000000
4257 -1416.0000000000
4285 -1415.0000000000
4287 -1414.0000000000
4308 -1413.0000000000
4315 -1412.0000000000
4333 -1411.0000000000
4343 -1410.0000000000
4360 -1409.0000000000
4367 -1408.0000000000
4388 -1406.0000000000
4398 -1405.0000000000
4420 -1403.0000000000
4445 -1402.0000000000
4449 -1401.0000000000
4479 -1400.0000000000
4506 -1399.0000000000
4522 -1397.0000000000
4532 -1396.0000000000
4545 -1395.0000000000
4549 -1394.0000000000
4583 -1393.0000000000
4603 -1392.0000000000
4620 -1391.0000000000
4639 -1390.0000000000
4658 -1386.0000000000
4679 -1385.0000000000
4693 -1384.0000000000
4701 -1383.0000000000
4711 -1380.0000000000
4729 -1379.0000000000
4736 -1378.0000000000
4758 -1377.0000000000
4759 -1376.0000000000
4768 -1374.0000000000
4792 -1373.0000000000
4816 -1372.0000000000
4817 -1371.0000000000
4829 -1370.0000000000
4838 -1369.0000000000
4865 -1368.0000000000
4874 -1367.0000000000
4890 -1366.0000000000
4911 -1365.0000000000
4919 -1364.0000000000
4930 -1363.0000000000
4938 -1362.0000000000
4986 -1361.0000000000
4991 -1360.0000000000
4992 -1359.0000000000
5015 -1358.0000000000
5034 -1357.0000000000
5046 -1354.0000000000
5055 -1352.0000000000
5074 -1351.0000000000
5088 -1350.0000000000
5092 -1349.0000000000
5093 -1348.0000000000
5112 -1347.0000000000
5139 -1344.0000000000
5167 -1343.0000000000
5187 -1342.0000000000
5204 -1341.0000000000
5205 -1340.0000000000
5228 -1339.0000000000
5249 -1338.0000000000
5270 -1337.0000000000
5275 -1336.0000000000
5282 -1335.0000000000
5308 -1333.0000000000
5324 -1332.0000000000
5343 -1329.0000000000
5373 -1328.0000000000
5377 -1326.0000000000
5393 -1325.0000000000
5413 -1324.0000000000
5425 -1323.0000000000
5427 -1322.0000000000
5445 -1321.0000000000
5457 -1320.0000000000
5473 -1319.0000000000
5479 -1318.0000000000
5499 -1317.0000000000
5508 -1316.0000000000
5531 -1315.0000000000
5568 -1314.0000000000
5587 -1313.0000000000
5605 -1312.0000000000
5624 -1310.0000000000
5650 -1309.0000000000
5658 -1308.0000000000
5662 -1307.0000000000
5682 -1306.0000000000
5686 -1305.0000000000
5694 -1304.0000000000
5704 -1302.0000000000
5723 -1301.0000000000
5730 -1300.0000000000
5736 -1298.0000000000
5749 -1296.0000000000
5773 -1295.0000000000
5790 -1293.0000000000
5816 -1292.0000000000
5828 -1291.0000000000
5842 -1290.0000000000
5861 -1289.0000000000
5870 -1288.0000000000
5893 -1286.0000000000
5902 -1285.0000000000
5906 -1284.0000000000
5930 -1282.0000000000
5948 -1281.0000000000
5967 -1280.0000000000
5970 -1279.0000000000
5995 -1277.0000000000
6029 -1276.0000000000
6047 -1275.0000000000
6048 -1274.0000000000
6057 -1273.0000000000
6080 -1272.0000000000
6101 -1270.0000000000
6112 -1269.0000000000
6124 -1266.0000000000
6127 -1265.0000000000
6137 -1264.0000000000
6140 -1263.0000000000
6146 -1261.0000000000
6156 -1259.0000000000
6180 -1258.0000000000
6201 -1257.0000000000
6210 -1256.0000000000
6223 -1255.0000000000
6227 -1254.0000000000
6241 -1253.0000000000
6258 -1252.0000000000
6268 -1251.0000000000
6272 -1250.0000000000
6294 -1248.0000000000
6334 -1247.0000000000
6341 -1246.0000000000
6343 -1245.0000000000
6348 -1244.0000000000
6367 -1242.0000000000
6370 -1241.0000000000
6400 -1240.0000000000
6410 -1239.0000000000
6425 -1238.0000000000
6434 -1237.0000000000
6440 -1236.0000000000
6442 -1235.0000000000
6446 -1234.0000000000
6474 -1233.0000000000
6502 -1232.0000000000
6522 -1231.0000000000
6538 -1230.0000000000
6562 -1229.0000000000
6573 -1228.0000000000
6585 -1226.0000000000
6596 -1225.0000000000
6615 -1224.0000000000
6627 -1223.0000000000
6635 -1222.0000000000
6643 -1220.0000000000
6658 -1219.0000000000
6669 -1218.0000000000
6695 -1217.0000000000
6703 -1216.0000000000
6713 -1215.0000000000
6728 -1214.0000000000
6734 -1213.0000000000
6740 -1211.0000000000
6757 -1210.0000000000
6767 -1209.0000000000
6794 -1208.0000000000
6801 -1207.0000000000
6819 -1206.0000000000
6860 -1205.0000000000
6868 -1204.0000000000
6886 -1203.0000000000
6895 -1202.0000000000
6909 -1201.0000000000
6920 -1200.0000000000
6926 -1199.0000000000
6954 -1198.0000000000
6955 -1197.0000000000
6982 -1196.0000000000
6986 -1195.0000000000
7003 -1194.0000000000
7009 -1193.0000000000
7015 -1192.0000000000
7025 -1191.0000000000
7035 -1190.0000000000
7077 -1189.0000000000
7087 -1187.0000000000
7107 -1186.0000000000
7133 -1185.0000000000
7141 -1184.0000000000
7159 -1183.0000000000
7174 -1182.0000000000
7182 -1181.0000000000
7200 -1180.0000000000
7201 -1179.0000000000
7222 -1176.0000000000
7244 -1175.0000000000
7253 -1174.0000000000
7260 -1173.0000000000
7274 -1172.0000000000
7275 -1171.0000000000
7294 -1169.0000000000
7321 -1167.0000000000
7330 -1166.0000000000
7370 -1165.0000000000
7379 -1164.0000000000
7390 -1163.0000000000
7400 -1162.0000000000
7402 -1161.0000000000
7415 -1160.0000000000
7440 -1159.0000000000
7453 -1156.0000000000
7495 -1155.0000000000
7509 -1153.0000000000
7520 -1152.0000000000
7532 -1151.0000000000
7540 -1150.0000000000
7554 -1148.0000000000
7600 -1147.0000000000
7621 -1146.0000000000
7624 -1145.0000000000
7634 -1144.0000000000
7656 -1142.0000000000
7687 -1141.0000000000
7721 -1140.0000000000
7729 -1139.0000000000
7736 -1138.0000000000
7746 -1137.0000000000
7758 -1136.0000000000
7769 -1135.0000000000
7791 -1134.0000000000
7799 -1133.0000000000
7837 -1132.0000000000
7845 -1131.0000000000
7868 -1130.0000000000
7874 -1129.0000000000
7885 -1127.0000000000
7911 -1126.0000000000
7920 -1125.0000000000
7931 -1123.0000000000
7983 -1122.0000000000
8013 -1121.0000000000
8018 -1120.0000000000
8023 -1119.0000000000
8037 -1118.0000000000
8060 -1117.0000000000
8065 -1116.0000000000
8076 -1115.0000000000
8081 -1114.0000000000
8084 -1113.0000000000
8105 -1111.0000000000
8125 -1109.0000000000
8157 -1108.0000000000
8178 -1107.0000000000
8193 -1103.0000000000
8226 -1102.0000000000
8238 -1101.0000000000
8242 -1100.0000000000
8271 -1099.0000000000
8283 -1098.0000000000
8286 -1097.0000000000
8303 -1096.0000000000
8306 -1095.0000000000
8313 -1094.0000000000
8338 -1093.0000000000
8348 -1092.0000000000
8369 -1090.0000000000
8381 -1089.0000000000
8402 -1088.0000000000
8426 -1087.0000000000
8439 -1086.0000000000
8457 -1085.0000000000
8491 -1084.0000000000
8510 -1083.0000000000
8519 -1082.0000000000
8528 -1081.0000000000
8537 -1079.0000000000
8542 -1078.0000000000
8548 -1077.0000000000
8557 -1076.0000000000
8602 -1073.0000000000
8619 -1070.0000000000
8640 -1068.0000000000
8661 -1067.0000000000
8686 -1066.0000000000
8698 -1065.0000000000
8728 -1064.0000000000
8747 -1063.0000000000
8762 -1061.0000000000
8778 -1060.0000000000
8789 -1058.0000000000
8824 -1057.0000000000
8830 -1056.0000000000
8842 -1055.0000000000
8857 -1054.0000000000
8872 -1052.0000000000
8892 -1050.0000000000
8905 -1049.0000000000
8914 -1048.0000000000
8960 -1047.0000000000
8977 -1046.0000000000
8986 -1045.0000000000
9021 -1044.0000000000
9054 -1043.0000000000
9055 -1042.0000000000
9064 -1040.0000000000
9102 -1039.0000000000
9114 -1037.0000000000
9133 -1036.0000000000
9144 -1035.0000000000
9166 -1034.0000000000
9169 -1033.0000000000
9173 -1032.0000000000
9179 -1031.0000000000
9189 -1030.0000000000
9205 -1029.0000000000
9220 -1028.0000000000
9225 -1027.0000000000
9239 -1026.0000000000
9264 -1025.0000000000
9273 -1024.0000000000
9280 -1023.0000000000
9306 -1022.0000000000
9328 -1021.0000000000
9340 -1020.0000000000
9379 -1019.0000000000
9405 -1017.0000000000
9425 -1016.0000000000
9436 -1015.0000000000
9455 -1013.0000000000
9468 -1012.0000000000
9474 -1011.0000000000
9481 -1010.0000000000
9506 -1009.0000000000
9530 -1008.0000000000
9563 -1007.0000000000
9570 -1006.0000000000
9585 -1005.0000000000
9592 -1004.0000000000
9602 -1003.0000000000
9620 -1002.0000000000
9646 -1000.0000000000
9677 -999.0000000000
9679 -998.0000000000
9701 -997.0000000000
9734 -995.0000000000
9757 -994.0000000000
9764 -993.0000000000
9787 -992.0000000000
9802 -991.0000000000
9806 -990.0000000000
9816 -989.0000000000
9824 -988.0000000000
9832 -987.0000000000
9844 -986.0000000000
9852 -985.0000000000
9856 -983.0000000000
9860 -982.0000000000
9879 -980.0000000000
9882 -979.0000000000
9885 -978.0000000000
9923 -977.0000000000
9926 -976.0000000000
9942 -975.0000000000
9968 -974.0000000000
9988 -972.0000000000
10010 -972.0000000000
evaluations raw_y
1 -2022.0000000000
2 -1967.0000000000
5 -1919.0000000000
47 -1908.0000000000
62 -1905.0000000000
65 -1900.0000000000
66 -1886.0000000000
79 -1884.0000000000
83 -1870.0000000000
88 -1869.0000000000
98 -1862.0000000000
115 -1857.0000000000
123 -1854.0000000000
124 -1852.0000000000
129 -1846.0000000000
156 -1841.0000000000
180 -1840.0000000000
184 -1832.0000000000
195 -1831.0000000000
233 -1830.0000000000
236 -1827.0000000000
252 -1826.0000000000
281 -1824.0000000000
302 -1823.0000000000
304 -1822.0000000000
326 -1821.0000000000
338 -1820.0000000000
362 -1819.0000000000
372 -1818.0000000000
374 -1817.0000000000
394 -1816.0000000000
396 -1815.0000000000
404 -1814.0000000000
405 -1813.0000000000
416 -1812.0000000000
429 -1811.0000000000
445 -1810.0000000000
453 -1809.0000000000
460 -1807.0000000000
480 -1805.0000000000
484 -1804.0000000000
493 -1803.0000000000
506 -1802.0000000000
522 -1801.0000000000
531 -1800.0000000000
537 -1798.0000000000
546 -1796.0000000000
555 -1794.0000000000
564 -1793.0000000000
583 -1792.0000000000
591 -1791.0000000000
598 -1789.0000000000
627 -1788.0000000000
631 -1787.0000000000
640 -1785.0000000000
661 -1784.0000000000
662 -1783.0000000000
675 -1782.0000000000
678 -1781.0000000000
687 -1780.0000000000
699 -1779.0000000000
702 -1777.0000000000
707 -1776.0000000000
716 -1775.0000000000
717 -1773.0000000000
740 -1772.0000000000
746 -1771.0000000000
764 -1770.0000000000
768 -1769.0000000000
789 -1768.0000000000
796 -1767.0000000000
819 -1766.0000000000
825 -1765.0000000000
827 -1764.0000000000
829 -1763.0000000000
845 -1762.0000000000
862 -1761.0000000000
863 -1760.0000000000
877 -1759.0000000000
883 -1758.0000000000
888 -1757.0000000000
903 -1756.0000000000
905 -1755.0000000000
918 -1754.0000000000
927 -1753.0000000000
951 -1752.0000000000
973 -1751.0000000000
977 -1749.0000000000
997 -1747.0000000000
1031 -1746.0000000000
1037 -1745.0000000000
1054 -1742.0000000000
1063 -1741.0000000000
1077 -1740.0000000000
1091 -1739.0000000000
1095 -1738.0000000000
1103 -1737.0000000000
1108 -1736.0000000000
1128 -1734.0000000000
1138 -1733.0000000000
1146 -1732.0000000000
1149 -1730.0000000000
1168 -1729.0000000000
1177 -1728.0000000000
1189 -1726.0000000000
1209 -1725.0000000000
1210 -1724.0000000000
1217 -1723.0000000000
1241 -1721.0000000000
1249 -1720.0000000000
1265 -1719.0000000000
1266 -1718.0000000000
1289 -1717.0000000000
1295 -1716.0000000000
1296 -1714.0000000000
1303 -1713.0000000000
1325 -1712.0000000000
1329 -1711.0000000000
1331 -1710.0000000000
1341 -1709.0000000000
1353 -1708.0000000000
1365 -1707.0000000000
1373 -1706.0000000000
1377 -1705.0000000000
1395 -1704.0000000000
1416 -1703.0000000000
1431 -1702.0000000000
1433 -1700.0000000000
1451 -1699.0000000000
1458 -1698.0000000000
1487 -1697.0000000000
1489 -1696.0000000000
1502 -1695.0000000000
1538 -1694.0000000000
1561 -1693.0000000000
1582 -1692.0000000000
1588 -1691.0000000000
1622 -1689.0000000000
1624 -1688.0000000000
1642 -1686.0000000000
1661 -1685.0000000000
1680 -1684.0000000000
1734 -1683.0000000000
1747 -1682.0000000000
1748 -1681.0000000000
1749 -1680.0000000000
1752 -1677.0000000000
1773 -1675.0000000000
1780 -1674.0000000000
1810 -1673.0000000000
1811 -1672.0000000000
1820 -1670.0000000000
1838 -1669.0000000000
1848 -1668.0000000000
1853 -1667.0000000000
1864 -1666.0000000000
1870 -1665.0000000000
1875 -1663.0000000000
1888 -1662.0000000000
1896 -1660.0000000000
1920 -1659.0000000000
1927 -1658.0000000000
1933 -1657.0000000000
1943 -1656.0000000000
1960 -1654.0000000000
1987 -1652.0000000000
2009 -1651.0000000000
2011 -1649.0000000000
2055 -1647.0000000000
2083 -1646.0000000000
2086 -1645.0000000000
2089 -1644.0000000000
2113 -1643.0000000000
2116 -1642.0000000000
2121 -1641.0000000000
2125 -1640.0000000000
2133 -1639.0000000000
2141 -1638.0000000000
2148 -1636.0000000000
2161 -1635.0000000000
2171 -1634.0000000000
2179 -1633.0000000000
2202 -1632.0000000000
2225 -1631.0000000000
2229 -1630.0000000000
2250 -1629.0000000000
2266 -1628.0000000000
2279 -1626.0000000000
2307 -1625.0000000000
2320 -1624.0000000000
2322 -1623.0000000000
2331 -1622.0000000000
2332 -1621.0000000000
2359 -1619.0000000000
2374 -1618.0000000000
2395 -1616.0000000000
2415 -1615.0000000000
2416 -1614.0000000000
2423 -1613.0000000000
2428 -1612.0000000000
2440 -1611.0000000000
2443 -1609.0000000000
2448 -1608.0000000000
2467 -1607.0000000000
2478 -1606.0000000000
2487 -1605.0000000000
2493 -1603.0000000000
2506 -1602.0000000000
2512 -1601.0000000000
2521 -1600.0000000000
2528 -1599.0000000000
2529 -1598.0000000000
2537 -1597.0000000000
2551 -1596.0000000000
2566 -1595.0000000000
2574 -1593.0000000000
2581 -1592.0000000000
2597 -1590.0000000000
2617 -1589.0000000000
2627 -1588.0000000000
2645 -1587.0000000000
2657 -1586.0000000000
2660 -1585.0000000000
2671 -1584.0000000000
2682 -1583.0000000000
2683 -1581.0000000000
2715 -1580.0000000000
2724 -1579.0000000000
2744 -1578.0000000000
2747 -1577.0000000000
2751 -1576.0000000000
2752 -1575.0000000000
2764 -1574.0000000000
2795 -1572.0000000000
2810 -1571.0000000000
2817 -1570.0000000000
2824 -1569.0000000000
2833 -1568.0000000000
2841 -1566.0000000000
2844 -1565.0000000000
2866 -1564.0000000000
2874 -1563.0000000000
2883 -1561.0000000000
2902 -1560.0000000000
2909 -1559.0000000000
2914 -1558.0000000000
2938 -1555.0000000000
2957 -1554.0000000000
2968 -1552.0000000000
2979 -1551.0000000000
2996 -1550.0000000000
3053 -1549.0000000000
3057 -1547.0000000000
3064 -1546.0000000000
3073 -1545.0000000000
3099 -1544.0000000000
3116 -1543.0000000000
3127 -1542.0000000000
3152 -1541.0000000000
3156 -1540.0000000000
3158 -1539.0000000000
3171 -1537.0000000000
3180 -1535.0000000000
3206 -1534.0000000000
3235 -1533.0000000000
3242 -1531.0000000000
3254 -1530.0000000000
3255 -1529.0000000000
3276 -1527.0000000000
3285 -1526.0000000000
3306 -1525.0000000000
3320 -1524.0000000000
3327 -1523.0000000000
3348 -1522.0000000000
3367 -1521.0000000000
3384 -1520.0000000000
3390 -1519.0000000000
3400 -1518.0000000000
3419 -1516.0000000000
3444 -1515.0000000000
3446 -1513.0000000000
3459 -1512.0000000000
3479 -1511.0000000000
3493 -1510.0000000000
3502 -1509.0000000000
3509 -1508.0000000000
3512 -1507.0000000000
3529 -1505.0000000000
3543 -1504.0000000000
3568 -1503.0000000000
3571 -1502.0000000000
3589 -1501.0000000000
3594 -1500.0000000000
3615 -1499.0000000000
3616 -1498.0000000000
3633 -1497.0000000000
3655 -1495.0000000000
3661 -1494.0000000000
3677 -1493.0000000000
3688 -1492.0000000000
3696 -1491.0000000000
3697 -1490.0000000000
3699 -1489.0000000000
3720 -1488.0000000000
3731 -1487.0000000000
3755 -1485.0000000000
3766 -1484.0000000000
3789 -1483.0000000000
3813 -1481.0000000000
3830 -1479.0000000000
3858 -1478.0000000000
3862 -1477.0000000000
3885 -1476.0000000000
3897 -1475.0000000000
3900 -1474.0000000000
3922 -1473.0000000000
3926 -1472.0000000000
3936 -1471.0000000000
3939 -1470.0000000000
3968 -1469.0000000000
3986 -1468.0000000000
4010 -1466.0000000000
4037 -1465.0000000000
4038 -1464.0000000000
4049 -1463.0000000000
4055 -1462.0000000000
4088 -1461.0000000000
4108 -1459.0000000000
4135 -1458.0000000000
4163 -1457.0000000000
4164 -1456.0000000000
4178 -1455.0000000000
4183 -1454.0000000000
4206 -1453.0000000000
4231 -1452.0000000000
4242 -1451.0000000000
4267 -1449.0000000000
4285 -1448.0000000000
4289 -1447.0000000000
4297 -1446.0000000000
4307 -1445.0000000000
4338 -1444.0000000000
4343 -1443.0000000000
4353 -1442.0000000000
4363 -1440.0000000000
4388 -1439.0000000000
4403 -1438.0000000000
4416 -1437.0000000000
4425 -1436.0000000000
4428 -1435.0000000000
4447 -1434.0000000000
4454 -1432.0000000000
4457 -1431.0000000000
4464 -1429.0000000000
4481 -1427.0000000000
4488 -1426.0000000000
4517 -1425.0000000000
4529 -1424.0000000000
4544 -1423.0000000000
4558 -1422.0000000000
4580 -1421.0000000000
4583 -1420.0000000000
4611 -1419.0000000000
4627 -1418.0000000000
4633 -1417.0000000000
4651 -1416.0000000000
4664 -1415.0000000000
4665 -1414.0000000000
4672 -1413.0000000000
4676 -1412.0000000000
4681 -1410.0000000000
4699 -1407.0000000000
4729 -1406.0000000000
4734 -1404.0000000000
4754 -1403.0000000000
4767 -1402.0000000000
4789 -1400.0000000000
4799 -1399.0000000000
4811 -1397.0000000000
4825 -1395.0000000000
4848 -1394.0000000000
4864 -1393.0000000000
4875 -1392.0000000000
4894 -1391.0000000000
4903 -1390.0000000000
4913 -1389.0000000000
4922 -1387.0000000000
4953 -1385.0000000000
4984 -1384.0000000000
5005 -1383.0000000000
5009 -1382.0000000000
5018 -1381.0000000000
5030 -1379.0000000000
5037 -1378.0000000000
5063 -1377.0000000000
5084 -1376.0000000000
5107 -1375.0000000000
5146 -1374.0000000000
5163 -1373.0000000000
5164 -1372.0000000000
5179 -1370.0000000000
5205 -1368.0000000000
5219 -1366.0000000000
5242 -1365.0000000000
5244 -1364.0000000000
5246 -1362.0000000000
5296 -1361.0000000000
5306 -1360.0000000000
5329 -1358.0000000000
5354 -1357.0000000000
5356 -1356.0000000000
5369 -1355.0000000000
5387 -1354.0000000000
5412 -1353.0000000000
5429 -1352.0000000000
5454 -1351.0000000000
5462 -1350.0000000000
5465 -1349.0000000000
5472 -1348.0000000000
5496 -1347.0000000000
5509 -1346.0000000000
5518 -1345.0000000000
5552 -1344.0000000000
5581 -1343.0000000000
5598 -1342.0000000000
5612 -1341.0000000000
5627 -1340.0000000000
5649 -1339.0000000000
5659 -1338.0000000000
5665 -1337.0000000000
5682 -1336.0000000000
5691 -1335.0000000000
5695 -1334.0000000000
5702 -1333.0000000000
5715 -1332.0000000000
5725 -1328.0000000000
5744 -1327.0000000000
5776 -1326.0000000000
5787 -1325.0000000000
5806 -1324.0000000000
5809 -1323.0000000000
5815 -1322.0000000000
5824 -1321.0000000000
5835 -1320.0000000000
5845 -1319.0000000000
5846 -1318.0000000000
5866 -1317.0000000000
5907 -1316.0000000000
5930 -1315.0000000000
5948 -1314.0000000000
5982 -1313.0000000000
6008 -1312.0000000000
6022 -1311.0000000000
6031 -1309.0000000000
6044 -1308.0000000000
6045 -1307.0000000000
6048 -1305.0000000000
6056 -1304.0000000000
6089 -1302.0000000000
6099 -1300.0000000000
6102 -1299.0000000000
6131 -1297.0000000000
6150 -1296.0000000000
6162 -1295.0000000000
6171 -1294.0000000000
6181 -1293.0000000000
6185 -1292.0000000000
6187 -1290.0000000000
6223 -1289.0000000000
6238 -1288.0000000000
6252 -1287.0000000000
6269 -1285.0000000000
6280 -1284.0000000000
6292 -1283.0000000000
6295 -1282.0000000000
6341 -1281.0000000000
6367 -1280.0000000000
6370 -1279.0000000000
6400 -1278.0000000000
6410 -1277.0000000000
6418 -1276.0000000000
6436 -1275.0000000000
6437 -1274.0000000000
6452 -1273.0000000000
6461 -1272.0000000000
6475 -1271.0000000000
6477 -1270.0000000000
6495 -1268.0000000000
6510 -1267.0000000000
6526 -1266.0000000000
6542 -1265.0000000000
6562 -1263.0000000000
6579 -1262.0000000000
6600 -1261.0000000000
6601 -1260.0000000000
6614 -1259.0000000000
6623 -1258.0000000000
6653 -1257.0000000000
6676 -1256.0000000000
6684 -1255.0000000000
6701 -1254.0000000000
6708 -1253.0000000000
6723 -1251.0000000000
6754 -1250.0000000000
6782 -1249.0000000000
6798 -1248.0000000000
6816 -1247.0000000000
6835 -1246.0000000000
6841 -1244.0000000000
6868 -1243.0000000000
6872 -1242.0000000000
6908 -1241.0000000000
6918 -1240.0000000000
6958 -1239.0000000000
6972 -1238.0000000000
6986 -1237.0000000000
6990 -1235.0000000000
6996 -1234.0000000000
7022 -1233.0000000000
7043 -1232.0000000000
7055 -1231.0000000000
7078 -1230.0000000000
7090 -1227.0000000000
7118 -1225.0000000000
7164 -1224.0000000000
7169 -1223.0000000000
7180 -1221.0000000000
7221 -1220.0000000000
7235 -1219.0000000000
7237 -1218.0000000000
7249 -1217.0000000000
7256 -1216.0000000000
7275 -1215.0000000000
7301 -1213.0000000000
7346 -1212.0000000000
7351 -1211.0000000000
7368 -1210.0000000000
7381 -1208.0000000000
7401 -1207.0000000000
7423 -1206.0000000000
7434 -1205.0000000000
7458 -1204.0000000000
7465 -1203.0000000000
7501 -1202.0000000000
7522 -1201.0000000000
7542 -1199.0000000000
7551 -1198.0000000000
7582 -1197.0000000000
7602 -1196.0000000000
7620 -1194.0000000000
7624 -1193.0000000000
7664 -1192.0000000000
7667 -1191.0000000000
7692 -1190.0000000000
7713 -1189.0000000000
7731 -1188.0000000000
7733 -1187.0000000000
7734 -1186.0000000000
7750 -1185.0000000000
7768 -1184.0000000000
7814 -1183.0000000000
7844 -1181.0000000000
7870 -1179.0000000000
7876 -1177.0000000000
7912 -1176.0000000000
7933 -1175.0000000000
7944 -1174.0000000000
7966 -1173.0000000000
7972 -1172.0000000000
8013 -1171.0000000000
8037 -1170.0000000000
8041 -1169.0000000000
8057 -1168.0000000000
8064 -1167.0000000000
8085 -1165.0000000000
8117 -1164.0000000000
8132 -1163.0000000000
8142 -1162.0000000000
8162 -1161.0000000000
8183 -1160.0000000000
8192 -1159.0000000000
8221 -1158.0000000000
8246 -1157.0000000000
8253 -1156.0000000000
8270 -1155.0000000000
8284 -1154.0000000000
8314 -1153.0000000000
8345 -1152.0000000000
8349 -1151.0000000000
8354 -1150.0000000000
8368 -1149.0000000000
8370 -1148.0000000000
8392 -1147.0000000000
8399 -1146.0000000000
8431 -1145.0000000000
8462 -1144.0000000000
8465 -1141.0000000000
8485 -1140.0000000000
8495 -1139.0000000000
8507 -1137.0000000000
8530 -1136.0000000000
8541 -1134.0000000000
8555 -1133.0000000000
8559 -1132.0000000000
8586 -1131.0000000000
8619 -1130.0000000000
8620 -1128.0000000000
8664 -1126.0000000000
8687 -1125.0000000000
8703 -1122.0000000000
8709 -1120.0000000000
8729 -1119.0000000000
8746 -1118.0000000000
8782 -1116.0000000000
8792 -1115.0000000000
8825 -1114.0000000000
8841 -1113.0000000000
8853 -1111.0000000000
8862 -1110.0000000000
8896 -1109.0000000000
8919 -1108.0000000000
8932 -1107.0000000000
8948 -1106.0000000000
8978 -1105.0000000000
8985 -1104.0000000000
9005 -1103.0000000000
9027 -1102.0000000000
9049 -1101.0000000000
9066 -1098.0000000000
9080 -1097.0000000000
9110 -1096.0000000000
9113 -1095.0000000000
9142 -1094.0000000000
9144 -1093.0000000000
9159 -1092.0000000000
9166 -1091.0000000000
9172 -1090.0000000000
9202 -1089.0000000000
9203 -1087.0000000000
9232 -1086.0000000000
9245 -1085.0000000000
9271 -1084.0000000000
9298 -1083.0000000000
9312 -1082.0000000000
9324 -1081.0000000000
9327 -1079.0000000000
9353 -1078.0000000000
9369 -1077.0000000000
9386 -1076.0000000000
9398 -1075.0000000000
9401 -1074.0000000000
9425 -1073.0000000000
9442 -1071.0000000000
9455 -1069.0000000000
9467 -1068.0000000000
9498 -1067.0000000000
9513 -1066.0000000000
9524 -1065.0000000000
9546 -1064.0000000000
9553 -1063.0000000000
9562 -1062.0000000000
9568 -1060.0000000000
9573 -1059.0000000000
9592 -1058.0000000000
9606 -1057.0000000000
9615 -1056.0000000000
9627 -1054.0000000000
9638 -1053.0000000000
9639 -1051.0000000000
9650 -1049.0000000000
9678 -1048.0000000000
9692 -1047.0000000000
9709 -1046.0000000000
9726 -1044.0000000000
9740 -1043.0000000000
9759 -1041.0000000000
9782 -1040.0000000000
9797 -1039.0000000000
9815 -1038.0000000000
9819 -1037.0000000000
9831 -1035.0000000000
9864 -1034.0000000000
9878 -1033.0000000000
9886 -1032.0000000000
9901 -1031.0000000000
9911 -1030.0000000000
9932 -1029.0000000000
9977 -1028.0000000000
9991 -1027.0000000000
10005 -1026.0000000000
10010 -1027.0000000000
evaluations raw_y
1 -1981.0000000000
18 -1977.0000000000
26 -1956.0000000000
30 -1955.0000000000
34 -1934.0000000000
43 -1926.0000000000
48 -1922.0000000000
50 -1913.0000000000
51 -1897.0000000000
64 -1892.0000000000
70 -1881.0000000000
76 -1872.0000000000
89 -1869.0000000000
102 -1867.0000000000
103 -1861.0000000000
110 -1855.0000000000
115 -1852.0000000000
126 -1839.0000000000
127 -1836.0000000000
131 -1833.0000000000
145 -1831.0000000000
149 -1828.0000000000
162 -1824.0000000000
180 -1819.0000000000
187 -1817.0000000000
188 -1816.0000000000
193 -1811.0000000000
222 -1810.0000000000
242 -1809.0000000000
245 -1807.0000000000
255 -1805.0000000000
262 -1804.0000000000
264 -1803.0000000000
284 -1802.0000000000
287 -1801.0000000000
305 -1798.0000000000
322 -1797.0000000000
323 -1795.0000000000
326 -1794.0000000000
336 -1793.0000000000
348 -1792.0000000000
356 -1791.0000000000
375 -1790.0000000000
378 -1789.0000000000
390 -1788.0000000000
394 -1787.0000000000
403 -1786.0000000000
415 -1785.0000000000
422 -1784.0000000000
436 -1783.0000000000
455 -1782.0000000000
482 -1781.0000000000
489 -1780.0000000000
491 -1779.0000000000
524 -1778.0000000000
527 -1777.0000000000
534 -1776.0000000000
551 -1775.0000000000
563 -1774.0000000000
574 -1772.0000000000
614 -1771.0000000000
627 -1770.0000000000
646 -1767.0000000000
681 -1766.0000000000
692 -1765.0000000000
710 -1764.0000000000
718 -1763.0000000000
727 -1762.0000000000
732 -1760.0000000000
764 -1758.0000000000
776 -1757.0000000000
791 -1755.0000000000
812 -1754.0000000000
826 -1753.0000000000
838 -1752.0000000000
869 -1751.0000000000
875 -1750.0000000000
903 -1748.0000000000
918 -1746.0000000000
930 -1745.0000000000
938 -1744.0000000000
969 -1743.0000000000
972 -1742.0000000000
993 -1740.0000000000
1025 -1739.0000000000
1039 -1737.0000000000
1070 -1734.0000000000
1074 -1732.0000000000
1105 -1731.0000000000
1112 -1730.0000000000
1121 -1729.0000000000
1125 -1728.0000000000
1133 -1727.0000000000
1149 -1726.0000000000
1157 -1725.0000000000
1163 -1724.0000000000
1178 -1723.0000000000
1182 -1722.0000000000
1203 -1721.0000000000
1206 -1720.0000000000
1215 -1718.0000000000
1218 -1717.0000000000
1242 -1716.0000000000
1253 -1715.0000000000
1258 -1714.0000000000
1260 -1712.0000000000
1286 -1711.0000000000
1306 -1710.0000000000
1326 -1709.0000000000
1327 -1708.0000000000
1341 -1707.0000000000
1358 -1706.0000000000
1362 -1705.0000000000
1363 -1704.0000000000
1377 -1703.0000000000
1397 -1702.0000000000
1412 -1701.0000000000
1428 -1700.0000000000
1433 -1699.0000000000
1439 -1698.0000000000
1442 -1697.0000000000
1462 -1696.0000000000
1480 -1695.0000000000
1500 -1694.0000000000
1508 -1693.0000000000
1516 -1690.0000000000
1535 -1688.0000000000
1540 -1687.0000000000
1556 -1686.0000000000
1563 -1685.0000000000
1571 -1684.0000000000
1579 -1683.0000000000
1591 -1682.0000000000
1601 -1681.0000000000
1613 -1680.0000000000
1623 -1679.0000000000
1631 -1678.0000000000
1653 -1677.0000000000
1668 -1676.0000000000
1677 -1675.0000000000
1703 -1672.0000000000
1723 -1669.0000000000
1736 -1668.0000000000
1738 -1667.0000000000
1751 -1666.0000000000
1757 -1665.0000000000
1775 -1664.0000000000
1780 -1663.0000000000
1785 -1662.0000000000
1799 -1661.0000000000
1809 -1660.0000000000
1853 -1659.0000000000
1860 -1658.0000000000
1875 -1657.0000000000
1897 -1656.0000000000
1903 -1655.0000000000
1909 -1653.0000000000
1925 -1652.0000000000
1952 -1649.0000000000
1976 -1647.0000000000
2009 -1646.0000000000
2022 -1644.0000000000
2025 -1643.0000000000
2042 -1642.0000000000
2066 -1640.0000000000
2085 -1638.0000000000
2114 -1637.0000000000
2121 -1636.0000000000
2128 -1635.0000000000
2142 -1633.0000000000
2148 -1632.0000000000
2157 -1631.0000000000
2178 -1630.0000000000
2183 -1629.0000000000
2193 -1628.0000000000
2208 -1627.0000000000
2216 -1626.0000000000
2227 -1625.0000000000
2231 -1623.0000000000
2259 -1621.0000000000
2266 -1620.0000000000
2270 -1619.0000000000
2284 -1617.0000000000
2298 -1616.0000000000
2302 -1614.0000000000
2320 -1613.0000000000
2338 -1611.0000000000
2339 -1610.0000000000
2365 -1609.0000000000
2385 -1608.0000000000
2400 -1607.0000000000
2428 -1606.0000000000
2430 -1605.0000000000
2431 -1604.0000000000
2434 -1603.0000000000
2469 -1602.0000000000
2474 -1601.0000000000
2500 -1600.0000000000
2517 -1598.0000000000
2534 -1596.0000000000
2567 -1595.0000000000
2573 -1593.0000000000
2587 -1592.0000000000
2609 -1590.0000000000
2620 -1589.0000000000
2624 -1588.0000000000
2634 -1586.0000000000
2638 -1585.0000000000
2651 -1584.0000000000
2673 -1583.0000000000
2682 -1581.0000000000
2685 -1580.0000000000
2705 -1579.0000000000
2713 -1576.0000000000
2739 -1575.0000000000
2744 -1573.0000000000
2751 -1572.0000000000
2773 -1570.0000000000
2789 -1569.0000000000
2811 -1568.0000000000
2819 -1567.0000000000
2832 -1566.0000000000
2839 -1564.0000000000
2878 -1560.0000000000
2909 -1558.0000000000
2929 -1557.0000000000
2951 -1556.0000000000
2965 -1555.0000000000
2980 -1554.0000000000
3023 -1553.0000000000
3040 -1552.0000000000
3046 -1551.0000000000
3049 -1550.0000000000
3062 -1549.0000000000
3073 -1546.0000000000
3097 -1544.0000000000
3103 -1541.0000000000
3136 -1539.0000000000
3155 -1538.0000000000
3157 -1537.0000000000
3179 -1536.0000000000
3191 -1535.0000000000
3202 -1534.0000000000
3219 -1533.0000000000
3223 -1531.0000000000
3232 -1529.0000000000
3249 -1528.0000000000
3270 -1527.0000000000
3294 -1526.0000000000
3308 -1525.0000000000
3321 -1524.0000000000
3342 -1523.0000000000
3350 -1522.0000000000
3352 -1521.0000000000
3365 -1520.0000000000
3367 -1519.0000000000
3385 -1517.0000000000
3394 -1516.0000000000
3429 -1514.0000000000
3448 -1513.0000000000
3457 -1512.0000000000
3472 -1511.0000000000
3489 -1510.0000000000
3498 -1508.0000000000
3513 -1507.0000000000
3517 -1506.0000000000
3539 -1505.0000000000
3540 -1504.0000000000
3544 -1503.0000000000
3559 -1502.0000000000
3570 -1501.0000000000
3576 -1500.0000000000
3591 -1499.0000000000
3607 -1498.0000000000
3619 -1497.0000000000
3630 -1496.0000000000
3637 -1495.0000000000
3651 -1494.0000000000
3653 -1493.0000000000
3656 -1492.0000000000
3669 -1491.0000000000
3682 -1489.0000000000
3700 -1488.0000000000
3708 -1487.0000000000
3713 -1486.0000000000
3734 -1485.0000000000
3739 -1484.0000000000
3762 -1483.0000000000
3785 -1482.0000000000
3789 -1481.0000000000
3801 -1480.0000000000
3810 -1479.0000000000
3835 -1478.0000000000
3854 -1477.0000000000
3863 -1475.0000000000
3886 -1474.0000000000
3896 -1473.0000000000
3904 -1472.0000000000
3917 -1471.0000000000
3930 -1469.0000000000
3941 -1468.0000000000
3958 -1467.0000000000
3968 -1466.0000000000
3976 -1465.0000000000
3988 -1464.0000000000
3996 -1463.0000000000
4001 -1462.0000000000
4022 -1460.0000000000
4023 -1459.0000000000
4054 -1458.0000000000
4093 -1457.0000000000
4118 -1456.0000000000
4134 -1455.0000000000
4165 -1454.0000000000
4177 -1452.0000000000
4190 -1451.0000000000
4224 -1450.0000000000
4230 -1449.0000000000
4248 -1448.0000000000
4256 -1446.0000000000
4295 -1445.0000000000
4298 -1443.0000000000
4314 -1441.0000000000
4344 -1438.0000000000
4386 -1437.0000000000
4398 -1436.0000000000
4404 -1433.0000000000
4443 -1432.0000000000
4462 -1430.0000000000
4464 -1428.0000000000
4475 -1427.0000000000
4501 -1426.0000000000
4507 -1425.0000000000
4523 -1424.0000000000
4529 -1423.0000000000
4535 -1421.0000000000
4545 -1420.0000000000
4570 -1418.0000000000
4587 -1417.0000000000
4591 -1416.0000000000
4611 -1414.0000000000
4624 -1413.0000000000
4631 -1411.0000000000
4634 -1410.0000000000
4640 -1409.0000000000
4671 -1408.0000000000
4680 -1407.0000000000
4690 -1406.0000000000
4726 -1404.0000000000
4738 -1402.0000000000
4749 -1401.0000000000
4765 -1400.0000000000
4771 -1398.0000000000
4781 -1397.0000000000
4818 -1396.0000000000
4848 -1395.0000000000
4864 -1394.0000000000
4870 -1393.0000000000
4875 -1392.0000000000
4896 -1391.0000000000
4899 -1390.0000000000
4915 -1389.0000000000
4927 -1388.0000000000
4969 -1387.0000000000
4974 -1386.0000000000
4991 -1385.0000000000
5002 -1384.0000000000
5003 -1382.0000000000
5018 -1381.0000000000
5021 -1380.0000000000
5025 -1378.0000000000
5057 -1377.0000000000
5065 -1376.0000000000
5090 -1375.0000000000
5100 -1374.0000000000
5121 -1373.0000000000
5128 -1372.0000000000
5147 -1371.0000000000
5158 -1370.0000000000
5174 -1369.0000000000
5191 -1368.0000000000
5194 -1367.0000000000
5207 -1365.0000000000
5214 -1364.0000000000
5230 -1363.0000000000
5233 -1362.0000000000
5256 -1361.0000000000
5275 -1360.0000000000
5287 -1359.0000000000
5302 -1358.0000000000
5311 -1357.0000000000
5351 -1356.0000000000
5353 -1354.0000000000
5373 -1353.0000000000
5391 -1352.0000000000
5416 -1350.0000000000
5449 -1349.0000000000
5457 -1348.0000000000
5460 -1347.0000000000
5465 -1346.0000000000
5479 -1344.0000000000
5508 -1343.0000000000
5530 -1342.0000000000
5551 -1341.0000000000
5564 -1340.0000000000
5585 -1339.0000000000
5594 -1338.0000000000
5608 -1337.0000000000
5642 -1335.0000000000
5649 -1334.0000000000
5655 -1333.0000000000
5684 -1331.0000000000
5708 -1330.0000000000
5718 -1329.0000000000
5729 -1328.0000000000
5733 -1327.0000000000
5744 -1325.0000000000
5757 -1324.0000000000
5774 -1323.0000000000
5785 -1321.0000000000
5808 -1320.0000000000
5821 -1318.0000000000
5849 -1317.0000000000
5859 -1316.0000000000
5885 -1314.0000000000
5923 -1313.0000000000
5932 -1312.0000000000
5949 -1311.0000000000
5956 -1310.0000000000
5970 -1308.0000000000
5996 -1307.0000000000
6012 -1306.0000000000
6026 -1305.0000000000
6029 -1304.0000000000
6065 -1303.0000000000
6073 -1302.0000000000
6084 -1300.0000000000
6100 -1299.0000000000
6105 -1298.0000000000
6114 -1297.0000000000
6123 -1296.0000000000
6129 -1295.0000000000
6132 -1294.0000000000
6151 -1292.0000000000
6177 -1291.0000000000
6190 -1290.0000000000
6204 -1289.0000000000
6215 -1288.0000000000
6226 -1286.0000000000
6229 -1285.0000000000
6256 -1284.0000000000
6284 -1283.0000000000
6287 -1282.0000000000
6314 -1281.0000000000
6316 -1280.0000000000
6333 -1279.0000000000
6362 -1278.0000000000
6365 -1277.0000000000
6384 -1276.0000000000
6393 -1275.0000000000
6395 -1274.0000000000
6424 -1273.0000000000
6428 -1272.0000000000
6463 -1271.0000000000
6470 -1270.0000000000
6492 -1269.0000000000
6518 -1268.0000000000
6523 -1266.0000000000
6541 -1265.0000000000
6556 -1264.0000000000
6591 -1263.0000000000
6605 -1261.0000000000
6621 -1259.0000000000
6634 -1258.0000000000
6654 -1257.0000000000
6681 -1256.0000000000
6684 -1255.0000000000
6699 -1253.0000000000
6717 -1252.0000000000
6726 -1250.0000000000
6738 -1248.0000000000
6760 -1247.0000000000
6766 -1246.0000000000
6787 -1245.0000000000
6792 -1244.0000000000
6811 -1241.0000000000
6822 -1240.0000000000
6829 -1239.0000000000
6831 -1238.0000000000
6844 -1237.0000000000
6862 -1236.0000000000
6872 -1235.0000000000
6885 -1234.0000000000
6892 -1233.0000000000
6911 -1231.0000000000
6930 -1229.0000000000
6945 -1228.0000000000
6948 -1226.0000000000
6979 -1224.0000000000
6984 -1222.0000000000
7017 -1221.0000000000
7020 -1220.0000000000
7029 -1219.0000000000
7055 -1218.0000000000
7073 -1217.0000000000
7083 -1214.0000000000
7105 -1213.0000000000
7109 -1212.0000000000
7119 -1211.0000000000
7125 -1210.0000000000
7153 -1209.0000000000
7155 -1208.0000000000
7168 -1207.0000000000
7178 -1206.0000000000
7183 -1204.0000000000
7204 -1202.0000000000
7227 -1201.0000000000
7239 -1200.0000000000
7260 -1199.0000000000
7278 -1198.0000000000
7295 -1197.0000000000
7305 -1196.0000000000
7319 -1195.0000000000
7329 -1194.0000000000
7338 -1192.0000000000
7359 -1190.0000000000
7373 -1189.0000000000
7386 -1188.0000000000
7390 -1187.0000000000
7399 -1186.0000000000
7412 -1184.0000000000
7439 -1183.0000000000
7444 -1182.0000000000
7472 -1181.0000000000
7481 -1179.0000000000
7509 -1178.0000000000
7510 -1177.0000000000
7526 -1176.0000000000
7543 -1175.0000000000
7549 -1174.0000000000
7570 -1172.0000000000
7593 -1171.0000000000
7600 -1170.0000000000
7615 -1169.0000000000
7654 -1168.0000000000
7677 -1167.0000000000
7694 -1166.0000000000
7701 -1165.0000000000
7702 -1163.0000000000
7724 -1162.0000000000
7737 -1161.0000000000
7766 -1160.0000000000
7776 -1159.0000000000
7804 -1158.0000000000
7813 -1157.0000000000
7823 -1156.0000000000
7836 -1155.0000000000
7846 -1154.0000000000
7872 -1153.0000000000
7905 -1152.0000000000
7920 -1151.0000000000
7934 -1150.0000000000
7956 -1149.0000000000
7959 -1148.0000000000
7977 -1147.0000000000
7993 -1146.0000000000
8007 -1144.0000000000
8032 -1143.0000000000
8048 -1142.0000000000
8058 -1141.0000000000
8064 -1140.0000000000
8077 -1138.0000000000
8089 -1137.0000000000
8103 -1136.0000000000
8113 -1135.0000000000
8118 -1134.0000000000
8130 -1133.0000000000
8137 -1132.0000000000
8155 -1130.0000000000
8205 -1128.0000000000
8237 -1127.0000000000
8244 -1126.0000000000
8255 -1125.0000000000
8276 -1124.0000000000
8318 -1123.0000000000
8326 -1122.0000000000
8332 -1121.0000000000
8361 -1120.0000000000
8364 -1119.0000000000
8396 -1118.0000000000
8439 -1117.0000000000
8489 -1116.0000000000
8498 -1115.0000000000
8506 -1114.0000000000
8510 -1113.0000000000
8535 -1112.0000000000
8553 -1111.0000000000
8568 -1109.0000000000
8587 -1108.0000000000
8593 -1107.0000000000
8604 -1105.0000000000
8607 -1104.0000000000
8618 -1103.0000000000
8634 -1102.0000000000
8655 -1101.0000000000
8661 -1100.0000000000
8671 -1098.0000000000
8672 -1095.0000000000
8712 -1094.0000000000
8731 -1093.0000000000
8747 -1092.0000000000
8794 -1091.0000000000
8830 -1090.0000000000
8832 -1087.0000000000
8855 -1086.0000000000
8857 -1085.0000000000
8879 -1084.0000000000
8900 -1083.0000000000
8908 -1082.0000000000
8926 -1081.0000000000
8933 -1080.0000000000
8963 -1079.0000000000
8969 -1078.0000000000
8974 -1075.0000000000
9007 -1074.0000000000
9013 -1073.0000000000
9025 -1072.0000000000
9042 -1071.0000000000
9064 -1070.0000000000
9097 -1069.0000000000
9130 -1068.0000000000
9148 -1067.0000000000
9154 -1066.0000000000
9173 -1065.0000000000
9193 -1064.0000000000
9219 -1063.0000000000
9239 -1062.0000000000
9258 -1061.0000000000
9262 -1060.0000000000
9280 -1059.0000000000
9285 -1058.0000000000
9293 -1057.0000000000
9308 -1056.0000000000
9320 -1055.0000000000
9329 -1054.0000000000
9330 -1053.0000000000
9354 -1052.0000000000
9364 -1051.0000000000
9384 -1050.0000000000
9409 -1049.0000000000
9416 -1048.0000000000
9437 -1047.0000000000
9445 -1046.0000000000
9456 -1045.0000000000
9476 -1044.0000000000
9491 -1043.0000000000
9498 -1042.0000000000
9536 -1041.0000000000
9553 -1040.0000000000
9570 -1037.0000000000
9601 -1036.0000000000
9609 -1035.0000000000
9657 -1034.0000000000
9663 -1033.0000000000
9698 -1032.0000000000
9713 -1031.0000000000
9741 -1030.0000000000
9743 -1029.0000000000
9760 -1028.0000000000
9798 -1027.0000000000
9801 -1026.0000000000
9813 -1025.0000000000
9824 -1024.0000000000
9828 -1022.0000000000
9860 -1021.0000000000
9866 -1020.0000000000
9893 -1017.0000000000
9939 -1015.0000000000
9954 -1014.0000000000
9989 -1013.0000000000
10010 -1015.0000000000
evaluations raw_y
1 -2024.0000000000
3 -2003.0000000000
9 -1982.0000000000
11 -1975.0000000000
22 -1971.0000000000
27 -1962.0000000000
29 -1960.0000000000
33 -1951.0000000000
38 -1941.0000000000
46 -1934.0000000000
54 -1918.0000000000
73 -1916.0000000000
89 -1913.0000000000
91 -1904.0000000000
100 -1901.0000000000
109 -1900.0000000000
114 -1899.0000000000
119 -1898.0000000000
120 -1892.0000000000
124 -1888.0000000000
134 -1886.0000000000
136 -1884.0000000000
146 -1883.0000000000
151 -1882.0000000000
155 -1881.0000000000
164 -1880.0000000000
168 -1879.0000000000
170 -1878.0000000000
183 -1877.0000000000
185 -1876.0000000000
193 -1874.0000000000
202 -1873.0000000000
225 -1872.0000000000
239 -1871.0000000000
240 -1869.0000000000
266 -1867.0000000000
285 -1866.0000000000
286 -1865.0000000000
291 -1863.0000000000
317 -1862.0000000000
321 -1861.0000000000
342 -1860.0000000000
347 -1859.0000000000
349 -1858.0000000000
356 -1857.0000000000
371 -1856.0000000000
376 -1854.0000000000
387 -1853.0000000000
397 -1852.0000000000
401 -1851.0000000000
402 -1850.0000000000
419 -1849.0000000000
430 -1848.0000000000
440 -1847.0000000000
447 -1846.0000000000
463 -1845.0000000000
464 -1844.0000000000
485 -1843.0000000000
494 -1842.0000000000
509 -1841.0000000000
524 -1840.0000000000
549 -1838.0000000000
575 -1836.0000000000
606 -1834.0000000000
614 -1833.0000000000
623 -1832.0000000000
630 -1831.0000000000
639 -1830.0000000000
656 -1829.0000000000
659 -1828.0000000000
669 -1827.0000000000
677 -1826.0000000000
687 -1825.0000000000
693 -1824.0000000000
707 -1823.0000000000
715 -1822.0000000000
719 -1821.0000000000
731 -1820.0000000000
737 -1819.0000000000
750 -1818.0000000000
771 -1817.0000000000
774 -1816.0000000000
777 -1815.0000000000
802 -1814.0000000000
803 -1813.0000000000
813 -1812.0000000000
827 -1811.0000000000
850 -1810.0000000000
855 -1808.0000000000
867 -1807.0000000000
870 -1806.0000000000
898 -1804.0000000000
910 -1803.0000000000
916 -1802.0000000000
925 -1801.0000000000
926 -1800.0000000000
941 -1797.0000000000
962 -1796.0000000000
979 -1795.0000000000
1015 -1794.0000000000
1018 -1793.0000000000
1031 -1792.0000000000
1040 -1791.0000000000
1050 -1790.0000000000
1058 -1789.0000000000
1060 -1788.0000000000
1061 -1786.0000000000
1073 -1785.0000000000
1086 -1784.0000000000
1090 -1783.0000000000
1101 -1781.0000000000
1104 -1780.0000000000
1124 -1779.0000000000
1125 -1778.0000000000
1126 -1777.0000000000
1145 -1776.0000000000
1150 -1774.0000000000
1166 -1772.0000000000
1175 -1771.0000000000
1184 -1770.0000000000
1191 -1769.0000000000
1213 -1767.0000000000
1216 -1766.0000000000
1229 -1765.0000000000
1247 -1764.0000000000
1254 -1763.0000000000
1258 -1762.0000000000
1263 -1761.0000000000
1280 -1760.0000000000
1298 -1759.0000000000
1313 -1758.0000000000
1349 -1757.0000000000
1357 -1756.0000000000
1375 -1755.0000000000
1390 -1754.0000000000
1395 -1753.0000000000
1410 -1752.0000000000
1420 -1751.0000000000
1432 -1750.0000000000
1433 -1749.0000000000
1439 -1748.0000000000
1459 -1745.0000000000
1481 -1744.0000000000
1509 -1742.0000000000
1519 -1741.0000000000
1525 -1740.0000000000
1532 -1738.0000000000
1557 -1737.0000000000
1582 -1736.0000000000
1617 -1734.0000000000
1639 -1733.0000000000
1648 -1732.0000000000
1657 -1731.0000000000
1658 -1730.0000000000
1674 -1729.0000000000
1689 -1728.0000000000
1693 -1726.0000000000
1716 -1725.0000000000
1725 -1724.0000000000
1732 -1723.0000000000
1734 -1721.0000000000
1761 -1720.0000000000
1770 -1719.0000000000
1799 -1718.0000000000
1806 -1716.0000000000
1820 -1715.0000000000
1823 -1714.0000000000
1834 -1713.0000000000
1840 -1712.0000000000
1842 -1711.0000000000
1858 -1710.0000000000
1859 -1709.0000000000
1886 -1707.0000000000
1911 -1706.0000000000
1919 -1705.0000000000
1931 -1704.0000000000
1941 -1703.0000000000
1948 -1702.0000000000
1951 -1701.0000000000
1959 -1700.0000000000
1965 -1699.0000000000
1986 -1697.0000000000
2006 -1696.0000000000
2018 -1695.0000000000
2021 -1694.0000000000
2031 -1693.0000000000
2048 -1692.0000000000
2065 -1691.0000000000
2094 -1690.0000000000
2095 -1689.0000000000
2112 -1688.0000000000
2126 -1687.0000000000
2152 -1686.0000000000
2163 -1685.0000000000
2165 -1683.0000000000
2182 -1682.0000000000
2183 -1680.0000000000
2222 -1678.0000000000
2259 -1677.0000000000
2262 -1676.0000000000
2277 -1675.0000000000
2288 -1674.0000000000
2297 -1673.0000000000
2310 -1672.0000000000
2329 -1671.0000000000
2333 -1670.0000000000
2344 -1669.0000000000
2359 -1668.0000000000
2378 -1667.0000000000
2383 -1663.0000000000
2399 -1662.0000000000
2406 -1661.0000000000
2450 -1659.0000000000
2452 -1658.0000000000
2472 -1657.0000000000
2476 -1656.0000000000
2481 -1655.0000000000
2487 -1654.0000000000
2497 -1653.0000000000
2499 -1652.0000000000
2511 -1651.0000000000
2533 -1650.0000000000
2549 -1648.0000000000
2575 -1647.0000000000
2577 -1646.0000000000
2597 -1645.0000000000
2606 -1644.0000000000
2621 -1643.0000000000
2633 -1642.0000000000
2641 -1640.0000000000
2645 -1639.0000000000
2673 -1638.0000000000
2691 -1637.0000000000
2700 -1635.0000000000
2719 -1634.0000000000
2730 -1633.0000000000
2743 -1631.0000000000
2756 -1630.0000000000
2767 -1629.0000000000
2791 -1628.0000000000
2799 -1627.0000000000
2807 -1626.0000000000
2820 -1625.0000000000
2822 -1624.0000000000
2838 -1623.0000000000
2843 -1621.0000000000
2866 -1620.0000000000
2868 -1619.0000000000
2870 -1618.0000000000
2889 -1616.0000000000
2910 -1615.0000000000
2914 -1614.0000000000
2923 -1613.0000000000
2933 -1612.0000000000
2945 -1610.0000000000
2984 -1609.0000000000
2991 -1608.0000000000
2994 -1607.0000000000
3005 -1606.0000000000
3013 -1605.0000000000
3026 -1604.0000000000
3046 -1603.0000000000
3048 -1602.0000000000
3081 -1601.0000000000
3099 -1600.0000000000
3113 -1599.0000000000
3116 -1598.0000000000
3118 -1597.0000000000
3125 -1595.0000000000
3137 -1594.0000000000
3167 -1592.0000000000
3191 -1591.0000000000
3192 -1590.0000000000
3215 -1589.0000000000
3229 -1587.0000000000
3231 -1586.0000000000
3243 -1585.0000000000
3252 -1584.0000000000
3276 -1582.0000000000
3295 -1581.0000000000
3303 -1580.0000000000
3347 -1579.0000000000
3352 -1577.0000000000
3374 -1576.0000000000
3401 -1575.0000000000
3403 -1573.0000000000
3411 -1572.0000000000
3441 -1570.0000000000
3455 -1568.0000000000
3480 -1567.0000000000
3493 -1565.0000000000
3554 -1564.0000000000
3567 -1563.0000000000
3578 -1562.0000000000
3582 -1561.0000000000
3586 -1560.0000000000
3613 -1559.0000000000
3616 -1558.0000000000
3636 -1557.0000000000
3648 -1555.0000000000
3664 -1552.0000000000
3691 -1551.0000000000
3700 -1548.0000000000
3718 -1546.0000000000
3746 -1545.0000000000
3758 -1543.0000000000
3770 -1541.0000000000
3779 -1540.0000000000
3807 -1538.0000000000
3826 -1537.0000000000
3828 -1536.0000000000
3863 -1535.0000000000
3873 -1534.0000000000
3898 -1533.0000000000
3902 -1532.0000000000
3905 -1531.0000000000
3934 -1529.0000000000
3943 -1528.0000000000
3965 -1527.0000000000
3975 -1526.0000000000
3995 -1524.0000000000
4010 -1523.0000000000
4012 -1522.0000000000
4028 -1521.0000000000
4031 -1520.0000000000
4037 -1519.0000000000
4043 -1518.0000000000
4051 -1517.0000000000
4057 -1516.0000000000
4070 -1515.0000000000
4075 -1514.0000000000
4087 -1513.0000000000
4094 -1512.0000000000
4101 -1511.0000000000
4107 -1509.0000000000
4125 -1508.0000000000
4134 -1506.0000000000
4173 -1505.0000000000
4181 -1504.0000000000
4194 -1503.0000000000
4196 -1502.0000000000
4219 -1500.0000000000
4225 -1499.0000000000
4229 -1498.0000000000
4234 -1497.0000000000
4238 -1496.0000000000
4248 -1494.0000000000
4296 -1493.0000000000
4300 -1492.0000000000
4310 -1491.0000000000
4331 -1489.0000000000
4340 -1487.0000000000
4361 -1486.0000000000
4377 -1484.0000000000
4411 -1483.0000000000
4416 -1481.0000000000
4445 -1480.0000000000
4485 -1479.0000000000
4513 -1477.0000000000
4537 -1476.0000000000
4559 -1475.0000000000
4568 -1474.0000000000
4580 -1473.0000000000
4592 -1471.0000000000
4627 -1470.0000000000
4644 -1469.0000000000
4652 -1468.0000000000
4657 -1467.0000000000
4671 -1466.0000000000
4672 -1465.0000000000
4696 -1464.0000000000
4725 -1463.0000000000
4727 -1462.0000000000
4742 -1460.0000000000
4761 -1458.0000000000
4778 -1457.0000000000
4790 -1456.0000000000
4817 -1455.0000000000
4819 -1454.0000000000
4841 -1453.0000000000
4854 -1452.0000000000
4861 -1451.0000000000
4896 -1450.0000000000
4899 -1449.0000000000
4909 -1448.0000000000
4929 -1446.0000000000
4930 -1445.0000000000
4933 -1444.0000000000
4944 -1443.0000000000
4950 -1442.0000000000
4959 -1439.0000000000
4982 -1438.0000000000
5006 -1435.0000000000
5044 -1434.0000000000
5057 -1433.0000000000
5062 -1432.0000000000
5091 -1430.0000000000
5111 -1429.0000000000
5129 -1428.0000000000
5156 -1427.0000000000
5157 -1426.0000000000
5161 -1424.0000000000
5182 -1423.0000000000
5206 -1420.0000000000
5207 -1419.0000000000
5240 -1418.0000000000
5247 -1417.0000000000
5260 -1416.0000000000
5265 -1414.0000000000
5288 -1413.0000000000
5290 -1412.0000000000
5297 -1411.0000000000
5308 -1408.0000000000
5354 -1407.0000000000
5358 -1406.0000000000
5400 -1404.0000000000
5421 -1403.0000000000
5434 -1402.0000000000
5446 -1401.0000000000
5450 -1400.0000000000
5454 -1399.0000000000
5462 -1398.0000000000
5463 -1397.0000000000
5477 -1396.0000000000
5488 -1395.0000000000
5498 -1394.0000000000
5506 -1393.0000000000
5544 -1392.0000000000
5550 -1391.0000000000
5557 -1389.0000000000
5562 -1387.0000000000
5575 -1386.0000000000
5582 -1385.0000000000
5594 -1384.0000000000
5628 -1383.0000000000
5632 -1382.0000000000
5679 -1381.0000000000
5687 -1380.0000000000
5706 -1378.0000000000
5732 -1377.0000000000
5743 -1375.0000000000
5768 -1374.0000000000
5770 -1373.0000000000
5793 -1372.0000000000
5818 -1371.0000000000
5826 -1370.0000000000
5827 -1369.0000000000
5840 -1368.0000000000
5865 -1366.0000000000
5876 -1365.0000000000
5892 -1364.0000000000
5898 -1363.0000000000
5911 -1362.0000000000
5928 -1361.0000000000
5938 -1360.0000000000
5948 -1359.0000000000
5962 -1358.0000000000
5974 -1357.0000000000
5991 -1356.0000000000
5998 -1355.0000000000
6003 -1353.0000000000
6021 -1352.0000000000
6033 -1351.0000000000
6043 -1350.0000000000
6057 -1349.0000000000
6070 -1348.0000000000
6079 -1347.0000000000
6089 -1346.0000000000
6091 -1345.0000000000
6113 -1343.0000000000
6122 -1342.0000000000
6138 -1341.0000000000
6139 -1339.0000000000
6153 -1338.0000000000
6167 -1337.0000000000
6179 -1335.0000000000
6202 -1334.0000000000
6216 -1332.0000000000
6225 -1331.0000000000
6239 -1330.0000000000
6257 -1328.0000000000
6260 -1327.0000000000
6268 -1326.0000000000
6286 -1324.0000000000
6292 -1323.0000000000
6307 -1322.0000000000
6318 -1321.0000000000
6335 -1320.0000000000
6343 -1319.0000000000
6349 -1318.0000000000
6365 -1317.0000000000
6377 -1315.0000000000
6389 -1314.0000000000
6393 -1313.0000000000
6422 -1312.0000000000
6429 -1311.0000000000
6448 -1309.0000000000
6463 -1308.0000000000
6474 -1307.0000000000
6489 -1306.0000000000
6495 -1303.0000000000
6533 -1302.0000000000
6551 -1301.0000000000
6561 -1300.0000000000
6566 -1299.0000000000
6580 -1298.0000000000
6605 -1297.0000000000
6610 -1296.0000000000
6653 -1295.0000000000
6660 -1294.0000000000
6674 -1293.0000000000
6685 -1292.0000000000
6717 -1290.0000000000
6752 -1288.0000000000
6776 -1287.0000000000
6783 -1286.0000000000
6800 -1285.0000000000
6820 -1284.0000000000
6829 -1283.0000000000
6837 -1281.0000000000
6873 -1280.0000000000
6876 -1279.0000000000
6885 -1278.0000000000
6901 -1277.0000000000
6925 -1276.0000000000
6948 -1275.0000000000
6963 -1274.0000000000
6977 -1273.0000000000
7003 -1271.0000000000
7017 -1270.0000000000
7041 -1268.0000000000
7049 -1267.0000000000
7054 -1266.0000000000
7077 -1265.0000000000
7089 -1264.0000000000
7102 -1263.0000000000
7116 -1262.0000000000
7129 -1260.0000000000
7152 -1259.0000000000
7157 -1258.0000000000
7169 -1256.0000000000
7180 -1255.0000000000
7215 -1254.0000000000
7229 -1253.0000000000
7239 -1252.0000000000
7247 -1251.0000000000
7269 -1250.0000000000
7283 -1249.0000000000
7295 -1247.0000000000
7312 -1245.0000000000
7331 -1244.0000000000
7346 -1243.0000000000
7350 -1242.0000000000
7361 -1241.0000000000
7373 -1240.0000000000
7383 -1239.0000000000
7404 -1238.0000000000
7416 -1237.0000000000
7417 -1236.0000000000
7451 -1235.0000000000
7456 -1234.0000000000
7468 -1233.0000000000
7473 -1232.0000000000
7476 -1231.0000000000
7488 -1230.0000000000
7509 -1229.0000000000
7540 -1228.0000000000
7572 -1227.0000000000
7603 -1226.0000000000
7614 -1225.0000000000
7626 -1224.0000000000
7659 -1222.0000000000
7680 -1221.0000000000
7699 -1220.0000000000
7713 -1219.0000000000
7727 -1218.0000000000
7737 -1216.0000000000
7750 -1215.0000000000
7758 -1214.0000000000
7776 -1212.0000000000
7781 -1211.0000000000
7796 -1210.0000000000
7811 -1209.0000000000
7827 -1208.0000000000
7829 -1207.0000000000
7854 -1206.0000000000
7865 -1205.0000000000
7879 -1204.0000000000
7911 -1203.0000000000
7929 -1202.0000000000
7940 -1201.0000000000
7955 -1200.0000000000
7980 -1199.0000000000
7998 -1198.0000000000
8016 -1197.0000000000
8027 -1196.0000000000
8036 -1195.0000000000
8044 -1194.0000000000
8061 -1193.0000000000
8068 -1192.0000000000
8083 -1191.0000000000
8101 -1190.0000000000
8104 -1189.0000000000
8112 -1188.0000000000
8128 -1186.0000000000
8164 -1185.0000000000
8203 -1184.0000000000
8223 -1183.0000000000
8241 -1182.0000000000
8281 -1180.0000000000
8317 -1179.0000000000
8319 -1178.0000000000
8341 -1177.0000000000
8349 -1176.0000000000
8363 -1175.0000000000
8375 -1173.0000000000
8386 -1172.0000000000
8397 -1171.0000000000
8413 -1170.0000000000
8416 -1169.0000000000
8428 -1168.0000000000
8431 -1167.0000000000
8445 -1166.0000000000
8468 -1164.0000000000
8471 -1162.0000000000
8485 -1161.0000000000
8500 -1160.0000000000
8503 -1159.0000000000
8528 -1158.0000000000
8534 -1157.0000000000
8543 -1156.0000000000
8553 -1155.0000000000
8582 -1154.0000000000
8591 -1153.0000000000
8610 -1152.0000000000
8617 -1151.0000000000
8636 -1150.0000000000
8644 -1149.0000000000
8647 -1148.0000000000
8654 -1147.0000000000
8684 -1146.0000000000
8693 -1145.0000000000
8705 -1144.0000000000
8706 -1143.0000000000
8731 -1142.0000000000
8735 -1141.0000000000
8770 -1139.0000000000
8784 -1138.0000000000
8810 -1137.0000000000
8822 -1136.0000000000
8841 -1134.0000000000
8878 -1133.0000000000
8891 -1131.0000000000
8894 -1130.0000000000
8904 -1129.0000000000
8952 -1128.0000000000
8968 -1127.0000000000
8978 -1126.0000000000
8994 -1125.0000000000
9006 -1124.0000000000
9012 -1122.0000000000
9030 -1121.0000000000
9076 -1120.0000000000
9077 -1119.0000000000
9091 -1118.0000000000
9134 -1117.0000000000
9156 -1116.0000000000
9168 -1115.0000000000
9236 -1114.0000000000
9262 -1113.0000000000
9267 -1112.0000000000
9280 -1111.0000000000
9282 -1110.0000000000
9317 -1108.0000000000
9344 -1106.0000000000
9353 -1105.0000000000
9366 -1104.0000000000
9383 -1103.0000000000
9385 -1102.0000000000
9389 -1101.0000000000
9407 -1100.0000000000
9414 -1098.0000000000
9425 -1097.0000000000
9432 -1095.0000000000
9447 -1094.0000000000
9466 -1093.0000000000
9472 -1092.0000000000
9485 -1091.0000000000
9500 -1090.0000000000
9523 -1089.0000000000
9548 -1088.0000000000
9554 -1087.0000000000
9587 -1085.0000000000
9600 -1083.0000000000
9627 -1082.0000000000
9654 -1081.0000000000
9696 -1080.0000000000
9724 -1079.0000000000
9738 -1077.0000000000
9744 -1076.0000000000
9759 -1074.0000000000
9800 -1073.0000000000
9809 -1072.0000000000
9836 -1071.0000000000
9856 -1070.0000000000
9861 -1069.0000000000
9868 -1067.0000000000
9897 -1066.0000000000
9918 -1065.0000000000
9950 -1064.0000000000
9976 -1063.0000000000
9986 -1062.0000000000
9993 -1061.0000000000
10010 -1064.0000000000
evaluations raw_y
1 -1964.0000000000
32 -1945.0000000000
35 -1941.0000000000
49 -1932.0000000000
58 -1925.0000000000
68 -1905.0000000000
83 -1900.0000000000
86 -1895.0000000000
99 -1893.0000000000
101 -1891.0000000000
102 -1881.0000000000
113 -1880.0000000000
121 -1873.0000000000
131 -1869.0000000000
138 -1864.0000000000
144 -1861.0000000000
160 -1858.0000000000
166 -1857.0000000000
168 -1847.0000000000
181 -1838.0000000000
200 -1833.0000000000
229 -1831.0000000000
231 -1830.0000000000
255 -1829.0000000000
261 -1828.0000000000
280 -1827.0000000000
285 -1826.0000000000
286 -1825.0000000000
293 -1824.0000000000
305 -1823.0000000000
321 -1821.0000000000
339 -1819.0000000000
349 -1818.0000000000
361 -1817.0000000000
363 -1816.0000000000
374 -1815.0000000000
385 -1814.0000000000
388 -1812.0000000000
404 -1810.0000000000
405 -1809.0000000000
424 -1808.0000000000
429 -1807.0000000000
445 -1806.0000000000
453 -1805.0000000000
468 -1803.0000000000
478 -1802.0000000000
493 -1800.0000000000
520 -1799.0000000000
527 -1798.0000000000
554 -1797.0000000000
567 -1796.0000000000
582 -1795.0000000000
586 -1793.0000000000
608 -1792.0000000000
618 -1791.0000000000
636 -1790.0000000000
642 -1789.0000000000
646 -1787.0000000000
664 -1786.0000000000
687 -1785.0000000000
692 -1784.0000000000
712 -1782.0000000000
731 -1781.0000000000
743 -1779.0000000000
756 -1778.0000000000
760 -1776.0000000000
789 -1774.0000000000
805 -1773.0000000000
825 -1772.0000000000
826 -1770.0000000000
862 -1768.0000000000
885 -1766.0000000000
897 -1764.0000000000
928 -1763.0000000000
935 -1762.0000000000
937 -1760.0000000000
957 -1759.0000000000
974 -1757.0000000000
991 -1756.0000000000
992 -1755.0000000000
1001 -1754.0000000000
1011 -1753.0000000000
1012 -1752.0000000000
1019 -1751.0000000000
1022 -1750.0000000000
1026 -1749.0000000000
1040 -1748.0000000000
1053 -1747.0000000000
1062 -1746.0000000000
1064 -1745.0000000000
1078 -1744.0000000000
1086 -1743.0000000000
1092 -1742.0000000000
1100 -1741.0000000000
1103 -1740.0000000000
1110 -1739.0000000000
1136 -1738.0000000000
1144 -1737.0000000000
1153 -1736.0000000000
1165 -1735.0000000000
1172 -1734.0000000000
1184 -1733.0000000000
1197 -1732.0000000000
1211 -1731.0000000000
1229 -1730.0000000000
1237 -1729.0000000000
1248 -1727.0000000000
1259 -1726.0000000000
1263 -1725.0000000000
1292 -1724.0000000000
1303 -1723.0000000000
1309 -1722.0000000000
1315 -1721.0000000000
1316 -1720.0000000000
1335 -1719.0000000000
1355 -1718.0000000000
1365 -1716.0000000000
1377 -1715.0000000000
1388 -1714.0000000000
1400 -1713.0000000000
1408 -1712.0000000000
1425 -1710.0000000000
1435 -1709.0000000000
1461 -1707.0000000000
1474 -1706.0000000000
1488 -1704.0000000000
1502 -1703.0000000000
1516 -1702.0000000000
1525 -1701.0000000000
1532 -1700.0000000000
1570 -1699.0000000000
1579 -1697.0000000000
1599 -1696.0000000000
1624 -1694.0000000000
1649 -1693.0000000000
1655 -1692.0000000000
1661 -1690.0000000000
1680 -1689.0000000000
1693 -1688.0000000000
1697 -1687.0000000000
1708 -1686.0000000000
1723 -1685.0000000000
1729 -1684.0000000000
1736 -1682.0000000000
1772 -1681.0000000000
1779 -1680.0000000000
1782 -1679.0000000000
1788 -1678.0000000000
1824 -1677.0000000000
1825 -1676.0000000000
1850 -1675.0000000000
1869 -1674.0000000000
1874 -1673.0000000000
1893 -1672.0000000000
1895 -1670.0000000000
1905 -1669.0000000000
1935 -1668.0000000000
1936 -1667.0000000000
1950 -1666.0000000000
1955 -1665.0000000000
1960 -1664.0000000000
1986 -1663.0000000000
1994 -1662.0000000000
2001 -1661.0000000000
2015 -1660.0000000000
2031 -1659.0000000000
2044 -1658.0000000000
2048 -1657.0000000000
2058 -1656.0000000000
2065 -1655.0000000000
2082 -1654.0000000000
2094 -1653.0000000000
2114 -1652.0000000000
2133 -1650.0000000000
2148 -1649.0000000000
2157 -1648.0000000000
2183 -1647.0000000000
2201 -1646.0000000000
2212 -1645.0000000000
2215 -1644.0000000000
2218 -1643.0000000000
2228 -1642.0000000000
2259 -1640.0000000000
2270 -1639.0000000000
2283 -1638.0000000000
2296 -1637.0000000000
2301 -1635.0000000000
2309 -1634.0000000000
2329 -1633.0000000000
2344 -1632.0000000000
2355 -1630.0000000000
2381 -1627.0000000000
2391 -1626.0000000000
2408 -1625.0000000000
2414 -1624.0000000000
2422 -1623.0000000000
2428 -1622.0000000000
2435 -1621.0000000000
2461 -1619.0000000000
2483 -1618.0000000000
2497 -1617.0000000000
2507 -1615.0000000000
2527 -1613.0000000000
2545 -1612.0000000000
2555 -1611.0000000000
2561 -1610.0000000000
2562 -1609.0000000000
2592 -1606.0000000000
2597 -1605.0000000000
2607 -1604.0000000000
2609 -1602.0000000000
2631 -1601.0000000000
2632 -1600.0000000000
2650 -1599.0000000000
2655 -1597.0000000000
2676 -1595.0000000000
2680 -1594.0000000000
2706 -1593.0000000000
2721 -1592.0000000000
2732 -1591.0000000000
2734 -1590.0000000000
2753 -1589.0000000000
2768 -1588.0000000000
2775 -1587.0000000000
2788 -1586.0000000000
2807 -1585.0000000000
2821 -1584.0000000000
2828 -1581.0000000000
2848 -1580.0000000000
2867 -1579.0000000000
2868 -1578.0000000000
2907 -1577.0000000000
2916 -1576.0000000000
2938 -1573.0000000000
2971 -1572.0000000000
2977 -1571.0000000000
2992 -1570.0000000000
3003 -1569.0000000000
3004 -1567.0000000000
3016 -1566.0000000000
3019 -1563.0000000000
3035 -1561.0000000000
3067 -1560.0000000000
3068 -1559.0000000000
3089 -1558.0000000000
3100 -1557.0000000000
3108 -1556.0000000000
3117 -1555.0000000000
3120 -1554.0000000000
3132 -1552.0000000000
3140 -1551.0000000000
3153 -1549.0000000000
3169 -1548.0000000000
3179 -1546.0000000000
3213 -1545.0000000000
3229 -1544.0000000000
3252 -1543.0000000000
3262 -1542.0000000000
3268 -1541.0000000000
3286 -1539.0000000000
3294 -1538.0000000000
3328 -1537.0000000000
3330 -1536.0000000000
3341 -1535.0000000000
3350 -1534.0000000000
3354 -1533.0000000000
3362 -1532.0000000000
3391 -1530.0000000000
3419 -1529.0000000000
3428 -1528.0000000000
3443 -1527.0000000000
3452 -1526.0000000000
3454 -1525.0000000000
3461 -1523.0000000000
3467 -1522.0000000000
3474 -1521.0000000000
3501 -1518.0000000000
3520 -1517.0000000000
3535 -1516.0000000000
3548 -1515.0000000000
3559 -1514.0000000000
3562 -1513.0000000000
3576 -1512.0000000000
3583 -1511.0000000000
3598 -1510.0000000000
3615 -1509.0000000000
3626 -1508.0000000000
3629 -1507.0000000000
3646 -1505.0000000000
3661 -1504.0000000000
3666 -1503.0000000000
3694 -1502.0000000000
3701 -1500.0000000000
3723 -1499.0000000000
3727 -1498.0000000000
3747 -1497.0000000000
3751 -1496.0000000000
3787 -1494.0000000000
3799 -1493.0000000000
3800 -1492.0000000000
3811 -1491.0000000000
3823 -1490.0000000000
3846 -1488.0000000000
3870 -1487.0000000000
3873 -1486.0000000000
3879 -1485.0000000000
3884 -1484.0000000000
3908 -1483.0000000000
3926 -1482.0000000000
3929 -1480.0000000000
3948 -1479.0000000000
3956 -1478.0000000000
3968 -1477.0000000000
3987 -1476.0000000000
3995 -1475.0000000000
4014 -1474.0000000000
4043 -1473.0000000000
4048 -1472.0000000000
4058 -1470.0000000000
4072 -1469.0000000000
4092 -1468.0000000000
4103 -1467.0000000000
4115 -1466.0000000000
4120 -1465.0000000000
4141 -1464.0000000000
4171 -1463.0000000000
4182 -1462.0000000000
4195 -1461.0000000000
4198 -1460.0000000000
4214 -1459.0000000000
4239 -1458.0000000000
4249 -1457.0000000000
4261 -1456.0000000000
4278 -1455.0000000000
4288 -1454.0000000000
4300 -1452.0000000000
4320 -1450.0000000000
4331 -1449.0000000000
4343 -1448.0000000000
4355 -1447.0000000000
4374 -1446.0000000000
4383 -1444.0000000000
4395 -1443.0000000000
4399 -1442.0000000000
4422 -1440.0000000000
4440 -1438.0000000000
4452 -1437.0000000000
4477 -1436.0000000000
4481 -1435.0000000000
4505 -1433.0000000000
4527 -1432.0000000000
4546 -1430.0000000000
4567 -1429.0000000000
4586 -1428.0000000000
4596 -1426.0000000000
4633 -1425.0000000000
4635 -1424.0000000000
4636 -1423.0000000000
4642 -1421.0000000000
4669 -1419.0000000000
4676 -1418.0000000000
4691 -1417.0000000000
4703 -1416.0000000000
4713 -1415.0000000000
4727 -1414.0000000000
4741 -1413.0000000000
4753 -1412.0000000000
4769 -1411.0000000000
4779 -1410.0000000000
4791 -1409.0000000000
4812 -1407.0000000000
4848 -1406.0000000000
4854 -1405.0000000000
4898 -1404.0000000000
4908 -1403.0000000000
4915 -1402.0000000000
4929 -1401.0000000000
4943 -1400.0000000000
4956 -1399.0000000000
4968 -1398.0000000000
4975 -1397.0000000000
4986 -1396.0000000000
4989 -1395.0000000000
5012 -1394.0000000000
5015 -1393.0000000000
5018 -1392.0000000000
5028 -1391.0000000000
5029 -1390.0000000000
5035 -1389.0000000000
5036 -1388.0000000000
5040 -1387.0000000000
5069 -1386.0000000000
5071 -1385.0000000000
5080 -1384.0000000000
5094 -1381.0000000000
5124 -1380.0000000000
5135 -1379.0000000000
5148 -1378.0000000000
5163 -1377.0000000000
5172 -1376.0000000000
5179 -1375.0000000000
5189 -1374.0000000000
5209 -1373.0000000000
5219 -1372.0000000000
5250 -1371.0000000000
5264 -1370.0000000000
5267 -1369.0000000000
5279 -1368.0000000000
5299 -1367.0000000000
5322 -1365.0000000000
5334 -1363.0000000000
5350 -1362.0000000000
5376 -1361.0000000000
5382 -1360.0000000000
5396 -1357.0000000000
5429 -1356.0000000000
5455 -1352.0000000000
5481 -1351.0000000000
5483 -1350.0000000000
5487 -1348.0000000000
5508 -1347.0000000000
5538 -1346.0000000000
5542 -1345.0000000000
5543 -1344.0000000000
5558 -1343.0000000000
5559 -1342.0000000000
5571 -1341.0000000000
5592 -1339.0000000000
5598 -1338.0000000000
5605 -1335.0000000000
5630 -1333.0000000000
5641 -1332.0000000000
5664 -1331.0000000000
5681 -1330.0000000000
5684 -1329.0000000000
5696 -1327.0000000000
5712 -1326.0000000000
5726 -1325.0000000000
5742 -1324.0000000000
5749 -1323.0000000000
5764 -1322.0000000000
5772 -1321.0000000000
5781 -1320.0000000000
5793 -1318.0000000000
5805 -1317.0000000000
5831 -1315.0000000000
5853 -1314.0000000000
5873 -1313.0000000000
5884 -1312.0000000000
5900 -1311.0000000000
5935 -1310.0000000000
5955 -1309.0000000000
5975 -1308.0000000000
5983 -1307.0000000000
5997 -1306.0000000000
6004 -1305.0000000000
6008 -1303.0000000000
6012 -1302.0000000000
6039 -1301.0000000000
6040 -1300.0000000000
6048 -1299.0000000000
6050 -1298.0000000000
6074 -1297.0000000000
6086 -1296.0000000000
6103 -1295.0000000000
6125 -1294.0000000000
6133 -1293.0000000000
6137 -1291.0000000000
6163 -1289.0000000000
6173 -1288.0000000000
6186 -1287.0000000000
6189 -1286.0000000000
6196 -1285.0000000000
6206 -1284.0000000000
6215 -1283.0000000000
6221 -1282.0000000000
6238 -1281.0000000000
6250 -1280.0000000000
6269 -1279.0000000000
6284 -1278.0000000000
6301 -1277.0000000000
6314 -1276.0000000000
6331 -1275.0000000000
6336 -1273.0000000000
6373 -1272.0000000000
6377 -1270.0000000000
6403 -1269.0000000000
6416 -1267.0000000000
6435 -1266.0000000000
6454 -1265.0000000000
6488 -1263.0000000000
6515 -1262.0000000000
6517 -1261.0000000000
6528 -1259.0000000000
6566 -1258.0000000000
6577 -1257.0000000000
6595 -1256.0000000000
6609 -1255.0000000000
6633 -1253.0000000000
6647 -1252.0000000000
6674 -1251.0000000000
6689 -1249.0000000000
6720 -1248.0000000000
6731 -1247.0000000000
6745 -1246.0000000000
6750 -1245.0000000000
6751 -1244.0000000000
6761 -1243.0000000000
6762 -1242.0000000000
6771 -1240.0000000000
6791 -1239.0000000000
6804 -1238.0000000000
6809 -1237.0000000000
6823 -1236.0000000000
6839 -1235.0000000000
6855 -1234.0000000000
6856 -1233.0000000000
6875 -1232.0000000000
6896 -1231.0000000000
6908 -1230.0000000000
6920 -1229.0000000000
6925 -1228.0000000000
6947 -1227.0000000000
6948 -1225.0000000000
6995 -1224.0000000000
7011 -1222.0000000000
7027 -1220.0000000000
7041 -1218.0000000000
7057 -1217.0000000000
7086 -1216.0000000000
7106 -1215.0000000000
7115 -1213.0000000000
7136 -1212.0000000000
7149 -1211.0000000000
7155 -1210.0000000000
7163 -1208.0000000000
7202 -1207.0000000000
7229 -1206.0000000000
7256 -1205.0000000000
7288 -1204.0000000000
7301 -1203.0000000000
7321 -1200.0000000000
7349 -1199.0000000000
7356 -1198.0000000000
7388 -1197.0000000000
7413 -1196.0000000000
7461 -1195.0000000000
7480 -1194.0000000000
7486 -1193.0000000000
7490 -1192.0000000000
7511 -1191.0000000000
7517 -1190.0000000000
7531 -1189.0000000000
7547 -1188.0000000000
7557 -1187.0000000000
7570 -1186.0000000000
7585 -1185.0000000000
7602 -1183.0000000000
7640 -1182.0000000000
7663 -1180.0000000000
7675 -1179.0000000000
7680 -1178.0000000000
7704 -1177.0000000000
7705 -1176.0000000000
7714 -1175.0000000000
7727 -1174.0000000000
7735 -1173.0000000000
7766 -1172.0000000000
7782 -1171.0000000000
7805 -1169.0000000000
7812 -1168.0000000000
7853 -1167.0000000000
7854 -1166.0000000000
7885 -1165.0000000000
7893 -1164.0000000000
7919 -1163.0000000000
7969 -1162.0000000000
7972 -1161.0000000000
8006 -1160.0000000000
8011 -1158.0000000000
8019 -1157.0000000000
8050 -1156.0000000000
8083 -1155.0000000000
8113 -1154.0000000000
8126 -1153.0000000000
8128 -1152.0000000000
8134 -1151.0000000000
8148 -1150.0000000000
8158 -1149.0000000000
8184 -1148.0000000000
8193 -1147.0000000000
8201 -1146.0000000000
8204 -1145.0000000000
8216 -1144.0000000000
8218 -1143.0000000000
8225 -1142.0000000000
8235 -1141.0000000000
8240 -1140.0000000000
8260 -1139.0000000000
8287 -1138.0000000000
8298 -1137.0000000000
8305 -1136.0000000000
8316 -1135.0000000000
8323 -1134.0000000000
8326 -1133.0000000000
8350 -1132.0000000000
8363 -1131.0000000000
8380 -1129.0000000000
8387 -1128.0000000000
8414 -1127.0000000000
8421 -1126.0000000000
8436 -1125.0000000000
8451 -1124.0000000000
8469 -1123.0000000000
8479 -1122.0000000000
8487 -1120.0000000000
8519 -1118.0000000000
8551 -1117.0000000000
8552 -1116.0000000000
8572 -1115.0000000000
8608 -1114.0000000000
8616 -1113.0000000000
8639 -1112.0000000000
8693 -1111.0000000000
8712 -1110.0000000000
8732 -1109.0000000000
8763 -1107.0000000000
8785 -1106.0000000000
8811 -1105.0000000000
8834 -1104.0000000000
8844 -1103.0000000000
8858 -1102.0000000000
8875 -1101.0000000000
8899 -1100.0000000000
8904 -1097.0000000000
8916 -1096.0000000000
8929 -1095.0000000000
8930 -1094.0000000000
8946 -1093.0000000000
8974 -1091.0000000000
9006 -1090.0000000000
9013 -1089.0000000000
9024 -1088.0000000000
9026 -1087.0000000000
9046 -1086.0000000000
9061 -1085.0000000000
9062 -1084.0000000000
9098 -1083.0000000000
9110 -1082.0000000000
9120 -1081.0000000000
9138 -1080.0000000000
9196 -1079.0000000000
9206 -1078.0000000000
9207 -1077.0000000000
9218 -1076.0000000000
9232 -1075.0000000000
9241 -1074.0000000000
9261 -1073.0000000000
9297 -1072.0000000000
9313 -1071.0000000000
9337 -1070.0000000000
9353 -1069.0000000000
9393 -1068.0000000000
9397 -1067.0000000000
9402 -1065.0000000000
9424 -1064.0000000000
9451 -1063.0000000000
9464 -1062.0000000000
9470 -1061.0000000000
9502 -1060.0000000000
9514 -1059.0000000000
9537 -1058.0000000000
9540 -1057.0000000000
9553 -1056.0000000000
9569 -1055.0000000000
9577 -1054.0000000000
9603 -1053.0000000000
9647 -1051.0000000000
9666 -1050.0000000000
9687 -1049.0000000000
9704 -1048.0000000000
9726 -1047.0000000000
9732 -1046.0000000000
9763 -1045.0000000000
9782 -1044.0000000000
9801 -1043.0000000000
9823 -1042.0000000000
9835 -1041.0000000000
9852 -1040.0000000000
9861 -1039.0000000000
9894 -1038.0000000000
9918 -1037.0000000000
9934 -1036.0000000000
9957 -1035.0000000000
9960 -1034.0000000000
9981 -1033.0000000000
10010 -1033.0000000000
evaluations raw_y
1 -1954.0000000000
12 -1951.0000000000
20 -1932.0000000000
23 -1930.0000000000
29 -1925.0000000000
33 -1900.0000000000
42 -1892.0000000000
60 -1886.0000000000
62 -1878.0000000000
64 -1877.0000000000
70 -1864.0000000000
72 -1860.0000000000
79 -1856.0000000000
91 -1855.0000000000
98 -1849.0000000000
123 -1848.0000000000
127 -1844.0000000000
151 -1842.0000000000
153 -1841.0000000000
163 -1839.0000000000
169 -1837.0000000000
184 -1836.0000000000
185 -1835.0000000000
187 -1833.0000000000
191 -1832.0000000000
194 -1830.0000000000
203 -1826.0000000000
211 -1825.0000000000
223 -1821.0000000000
230 -1820.0000000000
241 -1819.0000000000
250 -1818.0000000000
257 -1817.0000000000
262 -1816.0000000000
273 -1815.0000000000
286 -1814.0000000000
300 -1813.0000000000
313 -1812.0000000000
321 -1811.0000000000
332 -1810.0000000000
336 -1807.0000000000
352 -1806.0000000000
353 -1805.0000000000
371 -1804.0000000000
390 -1803.0000000000
397 -1802.0000000000
401 -1801.0000000000
406 -1800.0000000000
410 -1799.0000000000
420 -1798.0000000000
436 -1797.0000000000
453 -1796.0000000000
461 -1795.0000000000
467 -1794.0000000000
470 -1793.0000000000
471 -1792.0000000000
486 -1791.0000000000
491 -1790.0000000000
503 -1789.0000000000
520 -1788.0000000000
531 -1787.0000000000
545 -1786.0000000000
550 -1785.0000000000
576 -1784.0000000000
580 -1783.0000000000
593 -1780.0000000000
614 -1779.0000000000
628 -1778.0000000000
630 -1776.0000000000
644 -1775.0000000000
648 -1774.0000000000
660 -1772.0000000000
681 -1771.0000000000
692 -1768.0000000000
722 -1767.0000000000
724 -1766.0000000000
734 -1765.0000000000
739 -1764.0000000000
743 -1763.0000000000
762 -1762.0000000000
776 -1761.0000000000
782 -1760.0000000000
784 -1759.0000000000
800 -1758.0000000000
815 -1757.0000000000
820 -1756.0000000000
838 -1755.0000000000
856 -1754.0000000000
871 -1753.0000000000
876 -1752.0000000000
886 -1751.0000000000
912 -1750.0000000000
916 -1749.0000000000
926 -1748.0000000000
945 -1747.0000000000
948 -1746.0000000000
961 -1745.0000000000
975 -1744.0000000000
1002 -1742.0000000000
1019 -1740.0000000000
1036 -1739.0000000000
1037 -1738.0000000000
1052 -1737.0000000000
1079 -1735.0000000000
1089 -1734.0000000000
1094 -1733.0000000000
1107 -1732.0000000000
1111 -1731.0000000000
1119 -1729.0000000000
1126 -1728.0000000000
1131 -1727.0000000000
1141 -1725.0000000000
1174 -1724.0000000000
1182 -1723.0000000000
1213 -1722.0000000000
1223 -1720.0000000000
1235 -1719.0000000000
1239 -1718.0000000000
1251 -1716.0000000000
1259 -1715.0000000000
1262 -1714.0000000000
1293 -1713.0000000000
1309 -1712.0000000000
1338 -1711.0000000000
1351 -1710.0000000000
1362 -1707.0000000000
1394 -1706.0000000000
1412 -1705.0000000000
1420 -1704.0000000000
1431 -1703.0000000000
1453 -1701.0000000000
1473 -1700.0000000000
1504 -1698.0000000000
1523 -1697.0000000000
1525 -1696.0000000000
1543 -1695.0000000000
1553 -1694.0000000000
1574 -1693.0000000000
1585 -1692.0000000000
1591 -1691.0000000000
1595 -1689.0000000000
1607 -1688.0000000000
1608 -1687.0000000000
1621 -1685.0000000000
1623 -1684.0000000000
1642 -1682.0000000000
1657 -1681.0000000000
1667 -1680.0000000000
1695 -1679.0000000000
1712 -1678.0000000000
1715 -1677.0000000000
1748 -1676.0000000000
1764 -1675.0000000000
1785 -1674.0000000000
1789 -1673.0000000000
1791 -1672.0000000000
1815 -1671.0000000000
1819 -1670.0000000000
1830 -1668.0000000000
1844 -1667.0000000000
1847 -1665.0000000000
1860 -1664.0000000000
1862 -1663.0000000000
1882 -1662.0000000000
1894 -1661.0000000000
1901 -1660.0000000000
1912 -1657.0000000000
1947 -1656.0000000000
1965 -1655.0000000000
1990 -1654.0000000000
2007 -1653.0000000000
2019 -1651.0000000000
2045 -1648.0000000000
2076 -1647.0000000000
2087 -1645.0000000000
2104 -1644.0000000000
2117 -1643.0000000000
2130 -1641.0000000000
2158 -1638.0000000000
2186 -1636.0000000000
2196 -1635.0000000000
2214 -1633.0000000000
2233 -1632.0000000000
2236 -1631.0000000000
2252 -1628.0000000000
2267 -1627.0000000000
2269 -1626.0000000000
2287 -1625.0000000000
2295 -1624.0000000000
2299 -1623.0000000000
2310 -1622.0000000000
2318 -1621.0000000000
2328 -1620.0000000000
2357 -1619.0000000000
2371 -1618.0000000000
2384 -1617.0000000000
2393 -1616.0000000000
2412 -1615.0000000000
2419 -1613.0000000000
2422 -1612.0000000000
2424 -1611.0000000000
2433 -1610.0000000000
2443 -1609.0000000000
2455 -1608.0000000000
2456 -1607.0000000000
2467 -1606.0000000000
2483 -1605.0000000000
2497 -1604.0000000000
2507 -1602.0000000000
2525 -1601.0000000000
2539 -1598.0000000000
2559 -1596.0000000000
2568 -1595.0000000000
2582 -1594.0000000000
2609 -1593.0000000000
2621 -1592.0000000000
2640 -1591.0000000000
2642 -1590.0000000000
2643 -1589.0000000000
2667 -1588.0000000000
2676 -1587.0000000000
2681 -1586.0000000000
2706 -1585.0000000000
2717 -1584.0000000000
2720 -1583.0000000000
2737 -1582.0000000000
2750 -1581.0000000000
2770 -1580.0000000000
2783 -1577.0000000000
2808 -1575.0000000000
2812 -1573.0000000000
2845 -1572.0000000000
2846 -1571.0000000000
2875 -1570.0000000000
2877 -1568.0000000000
2885 -1567.0000000000
2895 -1566.0000000000
2914 -1563.0000000000
2939 -1561.0000000000
2955 -1559.0000000000
2966 -1556.0000000000
2995 -1555.0000000000
3000 -1554.0000000000
3027 -1553.0000000000
3045 -1552.0000000000
3060 -1551.0000000000
3066 -1550.0000000000
3069 -1549.0000000000
3074 -1548.0000000000
3091 -1547.0000000000
3114 -1546.0000000000
3128 -1545.0000000000
3139 -1544.0000000000
3159 -1542.0000000000
3181 -1541.0000000000
3198 -1540.0000000000
3199 -1539.0000000000
3208 -1538.0000000000
3225 -1537.0000000000
3259 -1536.0000000000
3279 -1535.0000000000
3284 -1534.0000000000
3285 -1533.0000000000
3299 -1531.0000000000
3312 -1530.0000000000
3329 -1528.0000000000
3354 -1527.0000000000
3356 -1526.0000000000
3358 -1525.0000000000
3378 -1524.0000000000
3380 -1523.0000000000
3403 -1522.0000000000
3422 -1521.0000000000
3427 -1520.0000000000
3432 -1519.0000000000
3450 -1518.0000000000
3457 -1517.0000000000
3459 -1516.0000000000
3486 -1515.0000000000
3508 -1514.0000000000
3550 -1513.0000000000
3591 -1512.0000000000
3596 -1511.0000000000
3605 -1510.0000000000
3638 -1509.0000000000
3656 -1508.0000000000
3665 -1507.0000000000
3681 -1504.0000000000
3701 -1503.0000000000
3721 -1502.0000000000
3724 -1501.0000000000
3731 -1500.0000000000
3745 -1498.0000000000
3753 -1496.0000000000
3777 -1495.0000000000
3783 -1494.0000000000
3805 -1493.0000000000
3837 -1492.0000000000
3841 -1491.0000000000
3848 -1490.0000000000
3859 -1489.0000000000
3867 -1488.0000000000
3878 -1486.0000000000
3897 -1485.0000000000
3908 -1483.0000000000
3920 -1482.0000000000
3928 -1481.0000000000
3944 -1479.0000000000
3957 -1478.0000000000
3966 -1477.0000000000
3985 -1476.0000000000
3986 -1475.0000000000
3996 -1473.0000000000
4023 -1472.0000000000
4028 -1469.0000000000
4042 -1468.0000000000
4085 -1467.0000000000
4093 -1466.0000000000
4096 -1465.0000000000
4101 -1463.0000000000
4118 -1462.0000000000
4137 -1461.0000000000
4138 -1460.0000000000
4157 -1459.0000000000
4169 -1457.0000000000
4176 -1456.0000000000
4212 -1454.0000000000
4215 -1453.0000000000
4239 -1451.0000000000
4259 -1450.0000000000
4274 -1449.0000000000
4281 -1448.0000000000
4290 -1447.0000000000
4302 -1446.0000000000
4312 -1445.0000000000
4350 -1443.0000000000
4381 -1441.0000000000
4388 -1440.0000000000
4399 -1439.0000000000
4437 -1438.0000000000
4447 -1437.0000000000
4470 -1436.0000000000
4505 -1435.0000000000
4507 -1434.0000000000
4521 -1433.0000000000
4528 -1432.0000000000
4537 -1431.0000000000
4543 -1430.0000000000
4571 -1429.0000000000
4577 -1428.0000000000
4588 -1427.0000000000
4596 -1426.0000000000
4603 -1425.0000000000
4614 -1424.0000000000
4621 -1422.0000000000
4634 -1421.0000000000
4650 -1420.0000000000
4658 -1419.0000000000
4685 -1418.0000000000
4703 -1417.0000000000
4718 -1416.0000000000
4735 -1415.0000000000
4752 -1414.0000000000
4755 -1412.0000000000
4791 -1411.0000000000
4826 -1410.0000000000
4852 -1409.0000000000
4870 -1407.0000000000
4885 -1405.0000000000
4906 -1404.0000000000
4908 -1402.0000000000
4915 -1401.0000000000
4927 -1400.0000000000
4938 -1399.0000000000
4945 -1397.0000000000
4953 -1396.0000000000
4964 -1394.0000000000
4971 -1393.0000000000
4975 -1392.0000000000
5002 -1391.0000000000
5016 -1390.0000000000
5025 -1389.0000000000
5035 -1388.0000000000
5039 -1387.0000000000
5051 -1384.0000000000
5071 -1383.0000000000
5080 -1381.0000000000
5101 -1380.0000000000
5102 -1378.0000000000
5103 -1377.0000000000
5128 -1375.0000000000
5160 -1374.0000000000
5177 -1373.0000000000
5189 -1372.0000000000
5196 -1371.0000000000
5200 -1370.0000000000
5209 -1369.0000000000
5222 -1368.0000000000
5239 -1367.0000000000
5241 -1366.0000000000
5268 -1365.0000000000
5281 -1364.0000000000
5290 -1363.0000000000
5305 -1362.0000000000
5325 -1361.0000000000
5326 -1360.0000000000
5352 -1358.0000000000
5357 -1357.0000000000
5366 -1356.0000000000
5382 -1355.0000000000
5393 -1353.0000000000
5403 -1352.0000000000
5420 -1351.0000000000
5426 -1349.0000000000
5434 -1348.0000000000
5458 -1347.0000000000
5470 -1346.0000000000
5474 -1345.0000000000
5490 -1344.0000000000
5519 -1343.0000000000
5524 -1342.0000000000
5542 -1341.0000000000
5561 -1340.0000000000
5575 -1339.0000000000
5588 -1337.0000000000
5603 -1336.0000000000
5621 -1335.0000000000
5626 -1334.0000000000
5655 -1333.0000000000
5666 -1332.0000000000
5674 -1331.0000000000
5704 -1329.0000000000
5708 -1328.0000000000
5729 -1327.0000000000
5735 -1326.0000000000
5747 -1325.0000000000
5769 -1324.0000000000
5779 -1323.0000000000
5796 -1322.0000000000
5810 -1321.0000000000
5823 -1320.0000000000
5829 -1319.0000000000
5854 -1318.0000000000
5868 -1317.0000000000
5875 -1316.0000000000
5897 -1315.0000000000
5902 -1313.0000000000
5932 -1311.0000000000
5939 -1310.0000000000
5981 -1309.0000000000
5988 -1308.0000000000
6004 -1307.0000000000
6008 -1305.0000000000
6028 -1304.0000000000
6035 -1303.0000000000
6040 -1302.0000000000
6042 -1301.0000000000
6050 -1299.0000000000
6064 -1298.0000000000
6069 -1297.0000000000
6083 -1296.0000000000
6086 -1295.0000000000
6090 -1294.0000000000
6113 -1293.0000000000
6116 -1292.0000000000
6132 -1291.0000000000
6144 -1290.0000000000
6165 -1289.0000000000
6180 -1287.0000000000
6190 -1286.0000000000
6201 -1285.0000000000
6214 -1284.0000000000
6221 -1282.0000000000
6231 -1281.0000000000
6260 -1278.0000000000
6300 -1276.0000000000
6320 -1275.0000000000
6326 -1274.0000000000
6348 -1273.0000000000
6363 -1272.0000000000
6368 -1271.0000000000
6384 -1270.0000000000
6396 -1267.0000000000
6423 -1266.0000000000
6427 -1265.0000000000
6444 -1264.0000000000
6462 -1263.0000000000
6469 -1262.0000000000
6497 -1259.0000000000
6525 -1258.0000000000
6542 -1256.0000000000
6551 -1255.0000000000
6571 -1254.0000000000
6579 -1253.0000000000
6606 -1252.0000000000
6625 -1251.0000000000
6656 -1249.0000000000
6679 -1248.0000000000
6689 -1247.0000000000
6698 -1246.0000000000
6699 -1245.0000000000
6706 -1243.0000000000
6720 -1242.0000000000
6739 -1241.0000000000
6790 -1240.0000000000
6800 -1239.0000000000
6826 -1238.0000000000
6840 -1237.0000000000
6874 -1236.0000000000
6891 -1234.0000000000
6908 -1233.0000000000
6920 -1232.0000000000
6944 -1231.0000000000
6959 -1230.0000000000
6984 -1229.0000000000
6988 -1228.0000000000
7024 -1227.0000000000
7037 -1225.0000000000
7045 -1224.0000000000
7105 -1223.0000000000
7125 -1221.0000000000
7150 -1220.0000000000
7167 -1219.0000000000
7173 -1218.0000000000
7187 -1217.0000000000
7192 -1215.0000000000
7213 -1214.0000000000
7231 -1213.0000000000
7232 -1212.0000000000
7272 -1211.0000000000
7282 -1210.0000000000
7289 -1209.0000000000
7297 -1207.0000000000
7346 -1206.0000000000
7350 -1205.0000000000
7376 -1203.0000000000
7392 -1202.0000000000
7405 -1201.0000000000
7411 -1200.0000000000
7415 -1199.0000000000
7452 -1198.0000000000
7477 -1197.0000000000
7485 -1196.0000000000
7504 -1195.0000000000
7529 -1194.0000000000
7546 -1193.0000000000
7553 -1192.0000000000
7565 -1191.0000000000
7584 -1190.0000000000
7589 -1189.0000000000
7596 -1188.0000000000
7614 -1187.0000000000
7626 -1186.0000000000
7644 -1185.0000000000
7655 -1184.0000000000
7691 -1182.0000000000
7705 -1181.0000000000
7714 -1180.0000000000
7721 -1179.0000000000
7743 -1178.0000000000
7756 -1177.0000000000
7760 -1176.0000000000
7781 -1175.0000000000
7788 -1174.0000000000
7801 -1173.0000000000
7813 -1172.0000000000
7831 -1171.0000000000
7850 -1170.0000000000
7871 -1169.0000000000
7884 -1168.0000000000
7915 -1167.0000000000
7936 -1166.0000000000
7944 -1165.0000000000
7973 -1164.0000000000
7977 -1163.0000000000
7992 -1162.0000000000
8031 -1161.0000000000
8045 -1160.0000000000
8049 -1158.0000000000
8053 -1157.0000000000
8064 -1156.0000000000
8087 -1154.0000000000
8095 -1153.0000000000
8105 -1152.0000000000
8112 -1151.0000000000
8127 -1150.0000000000
8137 -1149.0000000000
8150 -1148.0000000000
8153 -1147.0000000000
8163 -1146.0000000000
8178 -1145.0000000000
8210 -1144.0000000000
8223 -1143.0000000000
8242 -1142.0000000000
8257 -1141.0000000000
8276 -1140.0000000000
8281 -1139.0000000000
8283 -1138.0000000000
8293 -1136.0000000000
8298 -1135.0000000000
8310 -1133.0000000000
8332 -1130.0000000000
8350 -1129.0000000000
8373 -1128.0000000000
8378 -1127.0000000000
8395 -1126.0000000000
8406 -1124.0000000000
8439 -1122.0000000000
8455 -1121.0000000000
8476 -1120.0000000000
8492 -1119.0000000000
8501 -1117.0000000000
8543 -1116.0000000000
8552 -1115.0000000000
8586 -1114.0000000000
8620 -1113.0000000000
8635 -1112.0000000000
8649 -1111.0000000000
8657 -1110.0000000000
8674 -1109.0000000000
8690 -1108.0000000000
8705 -1107.0000000000
8732 -1106.0000000000
8748 -1105.0000000000
8759 -1104.0000000000
8781 -1103.0000000000
8811 -1102.0000000000
8835 -1101.0000000000
8844 -1100.0000000000
8868 -1099.0000000000
8891 -1098.0000000000
8895 -1097.0000000000
8918 -1096.0000000000
8932 -1095.0000000000
8942 -1094.0000000000
8966 -1093.0000000000
8981 -1092.0000000000
8986 -1091.0000000000
8988 -1090.0000000000
9007 -1089.0000000000
9030 -1088.0000000000
9043 -1087.0000000000
9051 -1086.0000000000
9062 -1085.0000000000
9066 -1084.0000000000
9071 -1083.0000000000
9097 -1082.0000000000
9123 -1081.0000000000
9127 -1080.0000000000
9143 -1079.0000000000
9147 -1078.0000000000
9150 -1077.0000000000
9168 -1076.0000000000
9201 -1075.0000000000
9232 -1074.0000000000
9241 -1072.0000000000
9253 -1071.0000000000
9274 -1070.0000000000
9279 -1069.0000000000
9284 -1068.0000000000
9289 -1067.0000000000
9304 -1066.0000000000
9320 -1065.0000000000
9326 -1064.0000000000
9336 -1063.0000000000
9354 -1062.0000000000
9379 -1061.0000000000
9392 -1060.0000000000
9412 -1059.0000000000
9422 -1058.0000000000
9438 -1057.0000000000
9454 -1054.0000000000
9463 -1053.0000000000
9487 -1052.0000000000
9503 -1051.0000000000
9511 -1050.0000000000
9535 -1049.0000000000
9541 -1048.0000000000
9544 -1047.0000000000
9566 -1045.0000000000
9585 -1044.0000000000
9612 -1043.0000000000
9614 -1042.0000000000
9621 -1041.0000000000
9654 -1040.0000000000
9704 -1039.0000000000
9722 -1038.0000000000
9723 -1037.0000000000
9733 -1035.0000000000
9751 -1034.0000000000
9790 -1033.0000000000
9816 -1032.0000000000
9833 -1031.0000000000
9839 -1030.0000000000
9860 -1029.0000000000
9881 -1028.0000000000
9886 -1027.0000000000
9892 -1026.0000000000
9896 -1025.0000000000
9898 -1024.0000000000
9919 -1023.0000000000
9943 -1021.0000000000
9951 -1020.0000000000
9969 -1019.0000000000
9975 -1018.0000000000
9990 -1016.0000000000
10006 -1015.0000000000
10010 -1016.0000000000
evaluations raw_y
1 -1984.0000000000
5 -1947.0000000000
20 -1937.0000000000
29 -1920.0000000000
36 -1917.0000000000
40 -1884.0000000000
48 -1879.0000000000
54 -1862.0000000000
56 -1855.0000000000
69 -1850.0000000000
72 -1847.0000000000
75 -1839.0000000000
76 -1834.0000000000
77 -1832.0000000000
93 -1816.0000000000
104 -1810.0000000000
120 -1808.0000000000
126 -1806.0000000000
133 -1803.0000000000
138 -1797.0000000000
153 -1791.0000000000
168 -1788.0000000000
186 -1787.0000000000
202 -1786.0000000000
206 -1785.0000000000
207 -1784.0000000000
215 -1782.0000000000
221 -1780.0000000000
224 -1779.0000000000
246 -1777.0000000000
261 -1776.0000000000
266 -1775.0000000000
272 -1771.0000000000
289 -1769.0000000000
301 -1768.0000000000
302 -1767.0000000000
312 -1766.0000000000
320 -1765.0000000000
324 -1764.0000000000
341 -1762.0000000000
352 -1761.0000000000
361 -1759.0000000000
378 -1758.0000000000
382 -1757.0000000000
392 -1754.0000000000
446 -1753.0000000000
451 -1752.0000000000
466 -1751.0000000000
480 -1750.0000000000
484 -1748.0000000000
489 -1747.0000000000
499 -1746.0000000000
519 -1745.0000000000
522 -1744.0000000000
528 -1741.0000000000
556 -1740.0000000000
571 -1739.0000000000
580 -1738.0000000000
589 -1737.0000000000
601 -1736.0000000000
626 -1735.0000000000
642 -1734.0000000000
646 -1733.0000000000
652 -1732.0000000000
664 -1731.0000000000
691 -1730.0000000000
703 -1729.0000000000
709 -1728.0000000000
722 -1726.0000000000
751 -1725.0000000000
753 -1724.0000000000
755 -1723.0000000000
775 -1721.0000000000
789 -1720.0000000000
808 -1719.0000000000
826 -1717.0000000000
834 -1716.0000000000
841 -1714.0000000000
863 -1713.0000000000
877 -1712.0000000000
882 -1711.0000000000
899 -1710.0000000000
903 -1709.0000000000
923 -1708.0000000000
933 -1707.0000000000
941 -1706.0000000000
951 -1705.0000000000
964 -1704.0000000000
984 -1703.0000000000
987 -1702.0000000000
988 -1701.0000000000
1004 -1700.0000000000
1005 -1698.0000000000
1017 -1697.0000000000
1029 -1696.0000000000
1035 -1694.0000000000
1042 -1693.0000000000
1051 -1692.0000000000
1070 -1691.0000000000
1082 -1690.0000000000
1095 -1689.0000000000
1104 -1687.0000000000
1108 -1686.0000000000
1120 -1685.0000000000
1135 -1683.0000000000
1143 -1682.0000000000
1158 -1680.0000000000
1170 -1679.0000000000
1171 -1677.0000000000
1197 -1676.0000000000
1207 -1675.0000000000
1218 -1674.0000000000
1226 -1672.0000000000
1232 -1670.0000000000
1237 -1669.0000000000
1253 -1668.0000000000
1261 -1667.0000000000
1273 -1665.0000000000
1295 -1664.0000000000
1308 -1663.0000000000
1318 -1662.0000000000
1327 -1661.0000000000
1347 -1660.0000000000
1352 -1659.0000000000
1360 -1658.0000000000
1363 -1656.0000000000
1378 -1655.0000000000
1391 -1654.0000000000
1399 -1653.0000000000
1425 -1652.0000000000
1437 -1650.0000000000
1458 -1649.0000000000
1463 -1648.0000000000
1474 -1646.0000000000
1496 -1645.0000000000
1506 -1643.0000000000
1522 -1642.0000000000
1534 -1641.0000000000
1537 -1640.0000000000
1557 -1639.0000000000
1562 -1638.0000000000
1571 -1637.0000000000
1572 -1636.0000000000
1603 -1635.0000000000
1608 -1634.0000000000
1618 -1633.0000000000
1620 -1632.0000000000
1645 -1631.0000000000
1653 -1630.0000000000
1678 -1629.0000000000
1683 -1628.0000000000
1699 -1627.0000000000
1718 -1625.0000000000
1731 -1624.0000000000
1743 -1622.0000000000
1762 -1621.0000000000
1772 -1620.0000000000
1781 -1619.0000000000
1808 -1618.0000000000
1815 -1617.0000000000
1837 -1616.0000000000
1841 -1615.0000000000
1862 -1614.0000000000
1877 -1613.0000000000
1898 -1612.0000000000
1899 -1611.0000000000
1904 -1609.0000000000
1932 -1608.0000000000
1941 -1606.0000000000
1949 -1605.0000000000
1964 -1604.0000000000
1989 -1603.0000000000
2004 -1601.0000000000
2009 -1600.0000000000
2024 -1599.0000000000
2040 -1598.0000000000
2042 -1597.0000000000
2047 -1596.0000000000
2057 -1594.0000000000
2058 -1593.0000000000
2068 -1592.0000000000
2088 -1591.0000000000
2094 -1590.0000000000
2106 -1589.0000000000
2107 -1587.0000000000
2129 -1586.0000000000
2130 -1585.0000000000
2144 -1584.0000000000
2154 -1582.0000000000
2169 -1581.0000000000
2184 -1579.0000000000
2204 -1578.0000000000
2218 -1576.0000000000
2227 -1575.0000000000
2232 -1574.0000000000
2235 -1573.0000000000
2261 -1572.0000000000
2286 -1570.0000000000
2305 -1569.0000000000
2322 -1567.0000000000
2329 -1566.0000000000
2344 -1565.0000000000
2363 -1564.0000000000
2390 -1563.0000000000
2396 -1562.0000000000
2410 -1561.0000000000
2428 -1560.0000000000
2430 -1559.0000000000
2444 -1558.0000000000
2451 -1556.0000000000
2468 -1555.0000000000
2470 -1553.0000000000
2483 -1552.0000000000
2504 -1549.0000000000
2542 -1548.0000000000
2553 -1547.0000000000
2564 -1545.0000000000
2592 -1544.0000000000
2607 -1543.0000000000
2612 -1542.0000000000
2614 -1541.0000000000
2645 -1540.0000000000
2654 -1539.0000000000
2668 -1538.0000000000
2688 -1537.0000000000
2708 -1536.0000000000
2711 -1535.0000000000
2727 -1534.0000000000
2729 -1533.0000000000
2738 -1532.0000000000
2751 -1531.0000000000
2777 -1530.0000000000
2784 -1529.0000000000
2785 -1527.0000000000
2807 -1526.0000000000
2822 -1525.0000000000
2828 -1524.0000000000
2836 -1523.0000000000
2845 -1521.0000000000
2862 -1520.0000000000
2880 -1519.0000000000
2882 -1518.0000000000
2915 -1517.0000000000
2930 -1516.0000000000
2931 -1515.0000000000
2945 -1514.0000000000
2958 -1512.0000000000
2982 -1511.0000000000
2995 -1510.0000000000
2997 -1509.0000000000
3020 -1507.0000000000
3023 -1506.0000000000
3026 -1505.0000000000
3046 -1504.0000000000
3056 -1503.0000000000
3059 -1501.0000000000
3085 -1499.0000000000
3101 -1498.0000000000
3114 -1497.0000000000
3125 -1496.0000000000
3146 -1495.0000000000
3169 -1493.0000000000
3177 -1492.0000000000
3190 -1491.0000000000
3195 -1490.0000000000
3202 -1489.0000000000
3217 -1488.0000000000
3218 -1487.0000000000
3220 -1486.0000000000
3222 -1484.0000000000
3258 -1483.0000000000
3262 -1482.0000000000
3289 -1481.0000000000
3303 -1480.0000000000
3309 -1479.0000000000
3322 -1478.0000000000
3345 -1477.0000000000
3349 -1476.0000000000
3364 -1475.0000000000
3373 -1474.0000000000
3391 -1472.0000000000
3411 -1471.0000000000
3427 -1469.0000000000
3463 -1467.0000000000
3493 -1466.0000000000
3498 -1465.0000000000
3519 -1464.0000000000
3532 -1463.0000000000
3544 -1462.0000000000
3564 -1461.0000000000
3570 -1460.0000000000
3593 -1459.0000000000
3604 -1458.0000000000
3611 -1456.0000000000
3631 -1455.0000000000
3633 -1454.0000000000
3636 -1453.0000000000
3661 -1451.0000000000
3676 -1450.0000000000
3678 -1449.0000000000
3693 -1448.0000000000
3701 -1447.0000000000
3714 -1446.0000000000
3718 -1445.0000000000
3746 -1444.0000000000
3757 -1443.0000000000
3760 -1442.0000000000
3766 -1441.0000000000
3781 -1440.0000000000
3787 -1439.0000000000
3799 -1438.0000000000
3825 -1437.0000000000
3827 -1436.0000000000
3836 -1435.0000000000
3838 -1434.0000000000
3854 -1433.0000000000
3865 -1432.0000000000
3875 -1431.0000000000
3889 -1429.0000000000
3923 -1428.0000000000
3952 -1427.0000000000
3959 -1426.0000000000
3985 -1423.0000000000
4017 -1422.0000000000
4035 -1421.0000000000
4052 -1420.0000000000
4055 -1419.0000000000
4067 -1418.0000000000
4079 -1417.0000000000
4122 -1416.0000000000
4147 -1415.0000000000
4153 -1414.0000000000
4174 -1413.0000000000
4199 -1412.0000000000
4213 -1411.0000000000
4218 -1410.0000000000
4243 -1408.0000000000
4270 -1407.0000000000
4280 -1406.0000000000
4290 -1405.0000000000
4316 -1404.0000000000
4322 -1403.0000000000
4334 -1401.0000000000
4351 -1400.0000000000
4353 -1399.0000000000
4382 -1398.0000000000
4383 -1396.0000000000
4389 -1394.0000000000
4422 -1392.0000000000
4445 -1391.0000000000
4457 -1390.0000000000
4495 -1389.0000000000
4501 -1388.0000000000
4533 -1387.0000000000
4572 -1386.0000000000
4585 -1384.0000000000
4611 -1383.0000000000
4623 -1382.0000000000
4637 -1380.0000000000
4643 -1379.0000000000
4655 -1378.0000000000
4660 -1377.0000000000
4669 -1376.0000000000
4692 -1375.0000000000
4703 -1373.0000000000
4715 -1372.0000000000
4748 -1371.0000000000
4757 -1370.0000000000
4769 -1369.0000000000
4775 -1368.0000000000
4786 -1367.0000000000
4787 -1366.0000000000
4798 -1364.0000000000
4823 -1363.0000000000
4830 -1362.0000000000
4838 -1361.0000000000
4859 -1360.0000000000
4871 -1359.0000000000
4881 -1358.0000000000
4888 -1356.0000000000
4893 -1355.0000000000
4917 -1354.0000000000
4928 -1353.0000000000
4939 -1352.0000000000
4951 -1351.0000000000
4968 -1350.0000000000
4971 -1349.0000000000
4994 -1348.0000000000
5000 -1347.0000000000
5020 -1345.0000000000
5033 -1344.0000000000
5054 -1343.0000000000
5056 -1342.0000000000
5069 -1340.0000000000
5105 -1339.0000000000
5106 -1338.0000000000
5123 -1337.0000000000
5134 -1336.0000000000
5142 -1335.0000000000
5157 -1334.0000000000
5165 -1333.0000000000
5188 -1332.0000000000
5198 -1331.0000000000
5203 -1330.0000000000
5211 -1329.0000000000
5224 -1328.0000000000
5242 -1327.0000000000
5248 -1326.0000000000
5274 -1325.0000000000
5293 -1322.0000000000
5325 -1321.0000000000
5333 -1320.0000000000
5352 -1318.0000000000
5386 -1317.0000000000
5401 -1314.0000000000
5417 -1313.0000000000
5435 -1311.0000000000
5464 -1310.0000000000
5484 -1309.0000000000
5495 -1308.0000000000
5511 -1307.0000000000
5530 -1306.0000000000
5532 -1305.0000000000
5548 -1304.0000000000
5572 -1303.0000000000
5575 -1302.0000000000
5589 -1301.0000000000
5614 -1300.0000000000
5623 -1299.0000000000
5636 -1298.0000000000
5647 -1297.0000000000
5657 -1296.0000000000
5658 -1293.0000000000
5681 -1292.0000000000
5693 -1291.0000000000
5699 -1289.0000000000
5704 -1288.0000000000
5726 -1287.0000000000
5729 -1286.0000000000
5755 -1285.0000000000
5776 -1284.0000000000
5780 -1283.0000000000
5797 -1282.0000000000
5804 -1281.0000000000
5805 -1280.0000000000
5817 -1279.0000000000
5854 -1278.0000000000
5860 -1277.0000000000
5871 -1276.0000000000
5885 -1275.0000000000
5888 -1274.0000000000
5900 -1273.0000000000
5925 -1272.0000000000
5929 -1271.0000000000
5942 -1270.0000000000
5970 -1269.0000000000
5976 -1268.0000000000
6019 -1267.0000000000
6049 -1266.0000000000
6063 -1265.0000000000
6073 -1264.0000000000
6095 -1263.0000000000
6121 -1262.0000000000
6122 -1261.0000000000
6145 -1259.0000000000
6172 -1258.0000000000
6183 -1257.0000000000
6202 -1256.0000000000
6211 -1255.0000000000
6249 -1254.0000000000
6291 -1253.0000000000
6298 -1251.0000000000
6322 -1250.0000000000
6365 -1249.0000000000
6377 -1248.0000000000
6400 -1247.0000000000
6408 -1246.0000000000
6421 -1245.0000000000
6433 -1244.0000000000
6450 -1243.0000000000
6478 -1241.0000000000
6488 -1240.0000000000
6507 -1239.0000000000
6510 -1238.0000000000
6540 -1237.0000000000
6544 -1236.0000000000
6554 -1235.0000000000
6568 -1234.0000000000
6595 -1233.0000000000
6617 -1232.0000000000
6644 -1231.0000000000
6648 -1230.0000000000
6669 -1229.0000000000
6682 -1228.0000000000
6708 -1226.0000000000
6735 -1225.0000000000
6744 -1224.0000000000
6754 -1223.0000000000
6763 -1222.0000000000
6781 -1221.0000000000
6815 -1220.0000000000
6828 -1219.0000000000
6848 -1218.0000000000
6861 -1216.0000000000
6893 -1215.0000000000
6903 -1214.0000000000
6912 -1212.0000000000
6929 -1211.0000000000
6956 -1210.0000000000
6975 -1209.0000000000
6982 -1208.0000000000
6995 -1207.0000000000
6999 -1206.0000000000
7011 -1205.0000000000
7021 -1203.0000000000
7047 -1201.0000000000
7075 -1200.0000000000
7081 -1199.0000000000
7089 -1198.0000000000
7109 -1197.0000000000
7126 -1196.0000000000
7147 -1194.0000000000
7166 -1193.0000000000
7172 -1192.0000000000
7193 -1190.0000000000
7208 -1189.0000000000
7218 -1188.0000000000
7227 -1186.0000000000
7256 -1184.0000000000
7275 -1183.0000000000
7316 -1182.0000000000
7331 -1181.0000000000
7334 -1180.0000000000
7349 -1179.0000000000
7368 -1178.0000000000
7382 -1177.0000000000
7396 -1176.0000000000
7412 -1175.0000000000
7431 -1174.0000000000
7472 -1172.0000000000
7499 -1169.0000000000
7518 -1167.0000000000
7529 -1166.0000000000
7537 -1164.0000000000
7558 -1162.0000000000
7584 -1161.0000000000
7586 -1160.0000000000
7602 -1159.0000000000
7612 -1158.0000000000
7628 -1157.0000000000
7639 -1156.0000000000
7652 -1155.0000000000
7664 -1154.0000000000
7674 -1153.0000000000
7689 -1152.0000000000
7700 -1151.0000000000
7713 -1150.0000000000
7733 -1149.0000000000
7737 -1148.0000000000
7738 -1147.0000000000
7755 -1146.0000000000
7764 -1145.0000000000
7783 -1143.0000000000
7840 -1142.0000000000
7850 -1141.0000000000
7855 -1140.0000000000
7890 -1139.0000000000
7902 -1138.0000000000
7910 -1137.0000000000
7932 -1136.0000000000
7956 -1134.0000000000
7971 -1133.0000000000
7973 -1131.0000000000
8000 -1128.0000000000
8018 -1126.0000000000
8027 -1124.0000000000
8056 -1123.0000000000
8057 -1122.0000000000
8079 -1121.0000000000
8103 -1120.0000000000
8128 -1119.0000000000
8137 -1118.0000000000
8147 -1117.0000000000
8208 -1115.0000000000
8222 -1114.0000000000
8251 -1112.0000000000
8273 -1111.0000000000
8274 -1110.0000000000
8282 -1109.0000000000
8284 -1108.0000000000
8318 -1107.0000000000
8333 -1105.0000000000
8372 -1104.0000000000
8386 -1103.0000000000
8395 -1102.0000000000
8403 -1101.0000000000
8407 -1100.0000000000
8429 -1099.0000000000
8451 -1098.0000000000
8481 -1097.0000000000
8495 -1096.0000000000
8511 -1095.0000000000
8527 -1094.0000000000
8528 -1093.0000000000
8534 -1092.0000000000
8566 -1091.0000000000
8572 -1090.0000000000
8584 -1089.0000000000
8601 -1088.0000000000
8618 -1087.0000000000
8651 -1086.0000000000
8656 -1085.0000000000
8665 -1084.0000000000
8690 -1083.0000000000
8719 -1082.0000000000
8723 -1081.0000000000
8746 -1080.0000000000
8785 -1079.0000000000
8794 -1078.0000000000
8808 -1077.0000000000
8815 -1075.0000000000
8840 -1073.0000000000
8906 -1071.0000000000
8908 -1070.0000000000
8914 -1069.0000000000
8947 -1068.0000000000
8961 -1067.0000000000
8965 -1066.0000000000
8985 -1065.0000000000
9001 -1064.0000000000
9021 -1063.0000000000
9033 -1062.0000000000
9049 -1060.0000000000
9073 -1059.0000000000
9082 -1058.0000000000
9087 -1057.0000000000
9107 -1056.0000000000
9117 -1054.0000000000
9141 -1053.0000000000
9165 -1051.0000000000
9170 -1050.0000000000
9192 -1048.0000000000
9226 -1047.0000000000
9232 -1046.0000000000
9243 -1045.0000000000
9260 -1044.0000000000
9270 -1043.0000000000
9312 -1042.0000000000
9322 -1041.0000000000
9327 -1040.0000000000
9342 -1039.0000000000
9352 -1038.0000000000
9368 -1037.0000000000
9384 -1036.0000000000
9411 -1034.0000000000
9429 -1033.0000000000
9439 -1032.0000000000
9451 -1031.0000000000
9457 -1030.0000000000
9458 -1029.0000000000
9464 -1028.0000000000
9484 -1027.0000000000
9486 -1026.0000000000
9495 -1025.0000000000
9508 -1024.0000000000
9525 -1023.0000000000
9552 -1022.0000000000
9579 -1021.0000000000
9599 -1020.0000000000
9616 -1019.0000000000
9620 -1018.0000000000
9640 -1017.0000000000
9671 -1016.0000000000
9694 -1015.0000000000
9716 -1014.0000000000
9732 -1013.0000000000
9763 -1012.0000000000
9781 -1011.0000000000
9792 -1009.0000000000
9810 -1008.0000000000
9841 -1007.0000000000
9854 -1006.0000000000
9867 -1005.0000000000
9873 -1004.0000000000
9894 -1003.0000000000
9918 -1002.0000000000
9946 -1001.0000000000
9972 -1000.0000000000
9987 -998.0000000000
10010 -998.0000000000
evaluations raw_y
1 -1977.0000000000
4 -1968.0000000000
6 -1964.0000000000
21 -1950.0000000000
28 -1931.0000000000
34 -1930.0000000000
42 -1928.0000000000
50 -1921.0000000000
51 -1916.0000000000
52 -1907.0000000000
58 -1899.0000000000
59 -1883.0000000000
76 -1874.0000000000
89 -1873.0000000000
91 -1869.0000000000
92 -1862.0000000000
97 -1860.0000000000
106 -1859.0000000000
108 -1853.0000000000
115 -1849.0000000000
122 -1838.0000000000
145 -1829.0000000000
164 -1827.0000000000
178 -1822.0000000000
193 -1821.0000000000
196 -1820.0000000000
199 -1816.0000000000
210 -1815.0000000000
216 -1812.0000000000
227 -1811.0000000000
238 -1810.0000000000
240 -1808.0000000000
257 -1807.0000000000
261 -1805.0000000000
270 -1804.0000000000
279 -1802.0000000000
293 -1800.0000000000
327 -1797.0000000000
340 -1795.0000000000
354 -1794.0000000000
365 -1793.0000000000
371 -1791.0000000000
395 -1790.0000000000
412 -1789.0000000000
413 -1787.0000000000
428 -1786.0000000000
433 -1784.0000000000
452 -1783.0000000000
466 -1782.0000000000
478 -1780.0000000000
498 -1778.0000000000
524 -1777.0000000000
539 -1775.0000000000
556 -1774.0000000000
559 -1773.0000000000
574 -1772.0000000000
588 -1769.0000000000
606 -1768.0000000000
611 -1767.0000000000
632 -1766.0000000000
641 -1765.0000000000
658 -1764.0000000000
665 -1763.0000000000
675 -1762.0000000000
687 -1760.0000000000
722 -1759.0000000000
734 -1758.0000000000
753 -1757.0000000000
759 -1756.0000000000
767 -1754.0000000000
779 -1753.0000000000
799 -1752.0000000000
812 -1751.0000000000
837 -1750.0000000000
843 -1749.0000000000
844 -1748.0000000000
857 -1747.0000000000
873 -1746.0000000000
880 -1745.0000000000
890 -1744.0000000000
893 -1743.0000000000
914 -1741.0000000000
927 -1740.0000000000
940 -1739.0000000000
946 -1738.0000000000
971 -1736.0000000000
1001 -1735.0000000000
1014 -1734.0000000000
1021 -1733.0000000000
1028 -1731.0000000000
1045 -1729.0000000000
1066 -1727.0000000000
1072 -1726.0000000000
1102 -1725.0000000000
1125 -1724.0000000000
1132 -1723.0000000000
1153 -1722.0000000000
1158 -1720.0000000000
1162 -1719.0000000000
1167 -1717.0000000000
1220 -1716.0000000000
1252 -1715.0000000000
1280 -1714.0000000000
1292 -1713.0000000000
1304 -1712.0000000000
1306 -1711.0000000000
1328 -1710.0000000000
1346 -1709.0000000000
1367 -1708.0000000000
1390 -1706.0000000000
1397 -1705.0000000000
1415 -1703.0000000000
1419 -1702.0000000000
1446 -1701.0000000000
1474 -1700.0000000000
1480 -1698.0000000000
1523 -1697.0000000000
1534 -1696.0000000000
1536 -1695.0000000000
1547 -1693.0000000000
1554 -1691.0000000000
1609 -1690.0000000000
1611 -1689.0000000000
1620 -1687.0000000000
1633 -1686.0000000000
1651 -1685.0000000000
1664 -1684.0000000000
1673 -1683.0000000000
1676 -1682.0000000000
1686 -1678.0000000000
1706 -1676.0000000000
1712 -1674.0000000000
1731 -1673.0000000000
1734 -1672.0000000000
1778 -1670.0000000000
1788 -1669.0000000000
1793 -1668.0000000000
1820 -1667.0000000000
1824 -1666.0000000000
1832 -1665.0000000000
1843 -1664.0000000000
1847 -1663.0000000000
1863 -1661.0000000000
1881 -1660.0000000000
1885 -1659.0000000000
1894 -1658.0000000000
1895 -1656.0000000000
1924 -1654.0000000000
1942 -1653.0000000000
1955 -1652.0000000000
1960 -1651.0000000000
1974 -1650.0000000000
1991 -1649.0000000000
2013 -1646.0000000000
2021 -1644.0000000000
2046 -1643.0000000000
2057 -1642.0000000000
2062 -1641.0000000000
2071 -1639.0000000000
2077 -1638.0000000000
2082 -1637.0000000000
2094 -1636.0000000000
2104 -1635.0000000000
2107 -1634.0000000000
2124 -1632.0000000000
2133 -1631.0000000000
2153 -1630.0000000000
2160 -1629.0000000000
2190 -1628.0000000000
2200 -1627.0000000000
2208 -1626.0000000000
2216 -1625.0000000000
2229 -1624.0000000000
2230 -1623.0000000000
2237 -1622.0000000000
2264 -1621.0000000000
2268 -1620.0000000000
2270 -1619.0000000000
2288 -1618.0000000000
2312 -1617.0000000000
2327 -1615.0000000000
2347 -1614.0000000000
2357 -1613.0000000000
2373 -1611.0000000000
2399 -1610.0000000000
2407 -1608.0000000000
2433 -1607.0000000000
2434 -1605.0000000000
2454 -1604.0000000000
2457 -1603.0000000000
2492 -1602.0000000000
2497 -1601.0000000000
2515 -1600.0000000000
2518 -1599.0000000000
2541 -1598.0000000000
2558 -1597.0000000000
2565 -1596.0000000000
2574 -1595.0000000000
2594 -1594.0000000000
2597 -1592.0000000000
2598 -1591.0000000000
2618 -1590.0000000000
2628 -1589.0000000000
2649 -1588.0000000000
2655 -1586.0000000000
2675 -1585.0000000000
2712 -1584.0000000000
2726 -1583.0000000000
2753 -1582.0000000000
2756 -1581.0000000000
2778 -1578.0000000000
2804 -1577.0000000000
2808 -1576.0000000000
2813 -1575.0000000000
2828 -1574.0000000000
2829 -1573.0000000000
2838 -1572.0000000000
2843 -1571.0000000000
2868 -1570.0000000000
2879 -1569.0000000000
2897 -1568.0000000000
2904 -1567.0000000000
2905 -1566.0000000000
2920 -1565.0000000000
2937 -1564.0000000000
2958 -1563.0000000000
2967 -1562.0000000000
2982 -1561.0000000000
2997 -1559.0000000000
3006 -1558.0000000000
3025 -1556.0000000000
3041 -1555.0000000000
3056 -1554.0000000000
3076 -1553.0000000000
3103 -1551.0000000000
3117 -1550.0000000000
3122 -1549.0000000000
3131 -1547.0000000000
3132 -1546.0000000000
3145 -1545.0000000000
3177 -1544.0000000000
3186 -1543.0000000000
3193 -1542.0000000000
3208 -1541.0000000000
3217 -1539.0000000000
3222 -1538.0000000000
3238 -1536.0000000000
3244 -1535.0000000000
3255 -1534.0000000000
3269 -1531.0000000000
3290 -1530.0000000000
3293 -1529.0000000000
3323 -1528.0000000000
3358 -1527.0000000000
3365 -1526.0000000000
3376 -1525.0000000000
3379 -1524.0000000000
3387 -1523.0000000000
3407 -1522.0000000000
3414 -1521.0000000000
3416 -1519.0000000000
3423 -1518.0000000000
3435 -1517.0000000000
3446 -1516.0000000000
3457 -1515.0000000000
3460 -1514.0000000000
3463 -1513.0000000000
3466 -1510.0000000000
3483 -1509.0000000000
3490 -1507.0000000000
3505 -1506.0000000000
3517 -1505.0000000000
3519 -1504.0000000000
3521 -1503.0000000000
3539 -1502.0000000000
3548 -1501.0000000000
3555 -1499.0000000000
3573 -1498.0000000000
3584 -1497.0000000000
3600 -1496.0000000000
3615 -1495.0000000000
3638 -1494.0000000000
3658 -1493.0000000000
3662 -1492.0000000000
3683 -1491.0000000000
3692 -1490.0000000000
3695 -1489.0000000000
3711 -1488.0000000000
3731 -1487.0000000000
3736 -1486.0000000000
3755 -1484.0000000000
3773 -1483.0000000000
3790 -1482.0000000000
3809 -1481.0000000000
3815 -1479.0000000000
3841 -1478.0000000000
3857 -1477.0000000000
3868 -1476.0000000000
3883 -1475.0000000000
3887 -1474.0000000000
3910 -1473.0000000000
3917 -1472.0000000000
3924 -1471.0000000000
3925 -1470.0000000000
3974 -1469.0000000000
3979 -1468.0000000000
3995 -1466.0000000000
4014 -1465.0000000000
4024 -1463.0000000000
4051 -1462.0000000000
4063 -1461.0000000000
4072 -1460.0000000000
4087 -1459.0000000000
4112 -1457.0000000000
4131 -1456.0000000000
4155 -1454.0000000000
4168 -1453.0000000000
4176 -1452.0000000000
4184 -1451.0000000000
4200 -1449.0000000000
4220 -1448.0000000000
4234 -1447.0000000000
4251 -1446.0000000000
4273 -1445.0000000000
4290 -1443.0000000000
4305 -1442.0000000000
4313 -1441.0000000000
4340 -1440.0000000000
4349 -1439.0000000000
4356 -1438.0000000000
4363 -1437.0000000000
4380 -1436.0000000000
4386 -1435.0000000000
4408 -1433.0000000000
4413 -1432.0000000000
4440 -1431.0000000000
4446 -1430.0000000000
4448 -1428.0000000000
4479 -1427.0000000000
4496 -1426.0000000000
4523 -1424.0000000000
4528 -1423.0000000000
4531 -1422.0000000000
4560 -1421.0000000000
4565 -1420.0000000000
4578 -1418.0000000000
4588 -1415.0000000000
4600 -1414.0000000000
4613 -1413.0000000000
4630 -1412.0000000000
4639 -1410.0000000000
4672 -1409.0000000000
4675 -1408.0000000000
4683 -1407.0000000000
4685 -1406.0000000000
4694 -1405.0000000000
4704 -1403.0000000000
4708 -1402.0000000000
4712 -1401.0000000000
4734 -1399.0000000000
4751 -1398.0000000000
4752 -1397.0000000000
4754 -1396.0000000000
4768 -1395.0000000000
4777 -1394.0000000000
4790 -1393.0000000000
4802 -1392.0000000000
4814 -1391.0000000000
4836 -1390.0000000000
4842 -1389.0000000000
4861 -1388.0000000000
4874 -1387.0000000000
4875 -1386.0000000000
4879 -1385.0000000000
4892 -1384.0000000000
4908 -1382.0000000000
4942 -1381.0000000000
4943 -1380.0000000000
4956 -1379.0000000000
4970 -1378.0000000000
4974 -1377.0000000000
4980 -1376.0000000000
4998 -1375.0000000000
5015 -1374.0000000000
5021 -1373.0000000000
5034 -1372.0000000000
5047 -1370.0000000000
5064 -1369.0000000000
5075 -1368.0000000000
5076 -1367.0000000000
5099 -1366.0000000000
5115 -1364.0000000000
5143 -1363.0000000000
5148 -1362.0000000000
5157 -1361.0000000000
5172 -1359.0000000000
5180 -1358.0000000000
5182 -1357.0000000000
5196 -1356.0000000000
5197 -1354.0000000000
5213 -1352.0000000000
5232 -1351.0000000000
5254 -1350.0000000000
5267 -1349.0000000000
5290 -1348.0000000000
5300 -1347.0000000000
5313 -1345.0000000000
5315 -1344.0000000000
5337 -1343.0000000000
5349 -1341.0000000000
5378 -1340.0000000000
5386 -1339.0000000000
5400 -1338.0000000000
5420 -1337.0000000000
5441 -1336.0000000000
5448 -1335.0000000000
5474 -1334.0000000000
5483 -1333.0000000000
5500 -1332.0000000000
5536 -1331.0000000000
5537 -1330.0000000000
5557 -1329.0000000000
5567 -1328.0000000000
5586 -1327.0000000000
5614 -1326.0000000000
5616 -1325.0000000000
5623 -1323.0000000000
5646 -1322.0000000000
5654 -1321.0000000000
5663 -1320.0000000000
5673 -1319.0000000000
5683 -1318.0000000000
5691 -1316.0000000000
5722 -1315.0000000000
5745 -1314.0000000000
5756 -1313.0000000000
5781 -1312.0000000000
5799 -1311.0000000000
5827 -1310.0000000000
5839 -1309.0000000000
5842 -1307.0000000000
5851 -1306.0000000000
5873 -1305.0000000000
5908 -1304.0000000000
5923 -1303.0000000000
5936 -1302.0000000000
5939 -1301.0000000000
5962 -1300.0000000000
5971 -1299.0000000000
5992 -1298.0000000000
6016 -1297.0000000000
6020 -1295.0000000000
6041 -1294.0000000000
6058 -1293.0000000000
6073 -1292.0000000000
6084 -1291.0000000000
6092 -1290.0000000000
6111 -1289.0000000000
6122 -1288.0000000000
6129 -1287.0000000000
6147 -1286.0000000000
6156 -1285.0000000000
6161 -1283.0000000000
6173 -1282.0000000000
6203 -1281.0000000000
6207 -1280.0000000000
6227 -1278.0000000000
6244 -1277.0000000000
6252 -1275.0000000000
6281 -1274.0000000000
6292 -1273.0000000000
6299 -1272.0000000000
6316 -1271.0000000000
6333 -1270.0000000000
6343 -1267.0000000000
6357 -1266.0000000000
6360 -1264.0000000000
6375 -1263.0000000000
6383 -1262.0000000000
6390 -1261.0000000000
6402 -1260.0000000000
6427 -1259.0000000000
6455 -1257.0000000000
6467 -1256.0000000000
6483 -1255.0000000000
6493 -1254.0000000000
6498 -1253.0000000000
6509 -1252.0000000000
6525 -1251.0000000000
6556 -1250.0000000000
6560 -1249.0000000000
6574 -1248.0000000000
6577 -1246.0000000000
6610 -1245.0000000000
6614 -1244.0000000000
6629 -1243.0000000000
6651 -1242.0000000000
6665 -1241.0000000000
6675 -1240.0000000000
6689 -1239.0000000000
6697 -1237.0000000000
6715 -1236.0000000000
6717 -1235.0000000000
6726 -1234.0000000000
6748 -1232.0000000000
6777 -1231.0000000000
6797 -1230.0000000000
6799 -1229.0000000000
6805 -1228.0000000000
6811 -1227.0000000000
6820 -1225.0000000000
6837 -1224.0000000000
6842 -1223.0000000000
6863 -1221.0000000000
6901 -1220.0000000000
6913 -1219.0000000000
6951 -1218.0000000000
6961 -1217.0000000000
6978 -1216.0000000000
6986 -1215.0000000000
7006 -1213.0000000000
7029 -1212.0000000000
7040 -1211.0000000000
7050 -1210.0000000000
7056 -1209.0000000000
7083 -1208.0000000000
7100 -1207.0000000000
7110 -1206.0000000000
7123 -1205.0000000000
7134 -1204.0000000000
7144 -1203.0000000000
7145 -1202.0000000000
7162 -1201.0000000000
7173 -1200.0000000000
7210 -1199.0000000000
7234 -1197.0000000000
7256 -1196.0000000000
7262 -1195.0000000000
7273 -1194.0000000000
7312 -1192.0000000000
7339 -1191.0000000000
7347 -1189.0000000000
7367 -1188.0000000000
7376 -1187.0000000000
7383 -1186.0000000000
7411 -1185.0000000000
7425 -1184.0000000000
7482 -1183.0000000000
7492 -1182.0000000000
7497 -1181.0000000000
7523 -1180.0000000000
7529 -1179.0000000000
7536 -1178.0000000000
7554 -1176.0000000000
7566 -1174.0000000000
7588 -1171.0000000000
7605 -1170.0000000000
7612 -1169.0000000000
7618 -1168.0000000000
7635 -1167.0000000000
7665 -1166.0000000000
7671 -1165.0000000000
7677 -1164.0000000000
7709 -1163.0000000000
7739 -1162.0000000000
7753 -1161.0000000000
7765 -1160.0000000000
7772 -1158.0000000000
7805 -1157.0000000000
7829 -1156.0000000000
7840 -1154.0000000000
7870 -1153.0000000000
7881 -1151.0000000000
7913 -1149.0000000000
7925 -1148.0000000000
7930 -1147.0000000000
7950 -1146.0000000000
7966 -1145.0000000000
7976 -1144.0000000000
7985 -1143.0000000000
7998 -1142.0000000000
8005 -1141.0000000000
8020 -1139.0000000000
8039 -1138.0000000000
8054 -1137.0000000000
8069 -1136.0000000000
8087 -1134.0000000000
8110 -1132.0000000000
8134 -1130.0000000000
8158 -1129.0000000000
8169 -1128.0000000000
8180 -1127.0000000000
8219 -1126.0000000000
8233 -1125.0000000000
8271 -1124.0000000000
8279 -1123.0000000000
8312 -1122.0000000000
8324 -1121.0000000000
8337 -1120.0000000000
8341 -1119.0000000000
8355 -1118.0000000000
8362 -1117.0000000000
8383 -1116.0000000000
8392 -1115.0000000000
8401 -1114.0000000000
8412 -1113.0000000000
8457 -1111.0000000000
8475 -1110.0000000000
8492 -1109.0000000000
8507 -1108.0000000000
8514 -1107.0000000000
8530 -1106.0000000000
8543 -1105.0000000000
8552 -1104.0000000000
8595 -1103.0000000000
8600 -1102.0000000000
8626 -1101.0000000000
8644 -1100.0000000000
8662 -1099.0000000000
8678 -1098.0000000000
8686 -1097.0000000000
8711 -1096.0000000000
8737 -1093.0000000000
8762 -1092.0000000000
8788 -1091.0000000000
8809 -1090.0000000000
8822 -1089.0000000000
8839 -1088.0000000000
8842 -1087.0000000000
8866 -1086.0000000000
8870 -1084.0000000000
8886 -1083.0000000000
8893 -1082.0000000000
8895 -1081.0000000000
8919 -1080.0000000000
8940 -1079.0000000000
8955 -1078.0000000000
8958 -1077.0000000000
8964 -1076.0000000000
8979 -1074.0000000000
8994 -1073.0000000000
9008 -1071.0000000000
9037 -1070.0000000000
9058 -1069.0000000000
9069 -1068.0000000000
9116 -1067.0000000000
9123 -1066.0000000000
9140 -1065.0000000000
9159 -1064.0000000000
9189 -1062.0000000000
9195 -1061.0000000000
9227 -1060.0000000000
9254 -1059.0000000000
9258 -1058.0000000000
9262 -1057.0000000000
9291 -1056.0000000000
9310 -1055.0000000000
9320 -1054.0000000000
9336 -1053.0000000000
9349 -1052.0000000000
9361 -1051.0000000000
9375 -1048.0000000000
9392 -1047.0000000000
9402 -1045.0000000000
9424 -1044.0000000000
9444 -1042.0000000000
9466 -1041.0000000000
9469 -1039.0000000000
9489 -1038.0000000000
9501 -1036.0000000000
9516 -1035.0000000000
9523 -1034.0000000000
9569 -1033.0000000000
9598 -1032.0000000000
9601 -1031.0000000000
9649 -1030.0000000000
9658 -1029.0000000000
9686 -1028.0000000000
9698 -1027.0000000000
9702 -1026.0000000000
9739 -1025.0000000000
9783 -1023.0000000000
9809 -1022.0000000000
9819 -1021.0000000000
9825 -1020.0000000000
9839 -1019.0000000000
9851 -1018.0000000000
9875 -1017.0000000000
9878 -1015.0000000000
9890 -1014.0000000000
9907 -1013.0000000000
9944 -1011.0000000000
9962 -1010.0000000000
9970 -1009.0000000000
9974 -1006.0000000000
10010 -1005.0000000000
evaluations raw_y
1 -1982.0000000000
2 -1971.0000000000
3 -1942.0000000000
22 -1927.0000000000
34 -1922.0000000000
39 -1901.0000000000
57 -1895.0000000000
69 -1875.0000000000
80 -1874.0000000000
88 -1868.0000000000
93 -1859.0000000000
105 -1858.0000000000
110 -1854.0000000000
122 -1845.0000000000
129 -1844.0000000000
130 -1839.0000000000
142 -1828.0000000000
148 -1820.0000000000
166 -1815.0000000000
167 -1814.0000000000
182 -1811.0000000000
196 -1809.0000000000
205 -1808.0000000000
224 -1807.0000000000
230 -1806.0000000000
242 -1805.0000000000
250 -1804.0000000000
267 -1802.0000000000
269 -1801.0000000000
281 -1800.0000000000
288 -1798.0000000000
298 -1796.0000000000
322 -1795.0000000000
331 -1792.0000000000
358 -1791.0000000000
365 -1790.0000000000
370 -1789.0000000000
383 -1788.0000000000
388 -1786.0000000000
405 -1785.0000000000
410 -1784.0000000000
425 -1783.0000000000
429 -1781.0000000000
458 -1779.0000000000
476 -1777.0000000000
498 -1775.0000000000
507 -1774.0000000000
508 -1772.0000000000
535 -1771.0000000000
539 -1770.0000000000
558 -1768.0000000000
577 -1767.0000000000
581 -1766.0000000000
590 -1765.0000000000
604 -1764.0000000000
606 -1763.0000000000
610 -1762.0000000000
621 -1760.0000000000
644 -1758.0000000000
648 -1756.0000000000
659 -1755.0000000000
675 -1754.0000000000
679 -1753.0000000000
685 -1751.0000000000
710 -1750.0000000000
711 -1749.0000000000
728 -1747.0000000000
743 -1746.0000000000
760 -1745.0000000000
770 -1744.0000000000
779 -1743.0000000000
792 -1742.0000000000
798 -1741.0000000000
808 -1740.0000000000
829 -1739.0000000000
845 -1738.0000000000
848 -1737.0000000000
863 -1736.0000000000
868 -1734.0000000000
891 -1733.0000000000
912 -1732.0000000000
915 -1730.0000000000
946 -1729.0000000000
950 -1728.0000000000
977 -1727.0000000000
988 -1726.0000000000
1010 -1725.0000000000
1029 -1724.0000000000
1047 -1723.0000000000
1056 -1722.0000000000
1060 -1721.0000000000
1062 -1720.0000000000
1069 -1719.0000000000
1086 -1717.0000000000
1099 -1716.0000000000
1105 -1715.0000000000
1111 -1713.0000000000
1134 -1711.0000000000
1151 -1710.0000000000
1158 -1709.0000000000
1164 -1708.0000000000
1167 -1707.0000000000
1177 -1706.0000000000
1183 -1705.0000000000
1195 -1704.0000000000
1198 -1702.0000000000
1217 -1701.0000000000
1236 -1700.0000000000
1237 -1699.0000000000
1254 -1697.0000000000
1259 -1696.0000000000
1274 -1695.0000000000
1287 -1694.0000000000
1288 -1693.0000000000
1306 -1692.0000000000
1310 -1691.0000000000
1319 -1690.0000000000
1330 -1689.0000000000
1342 -1688.0000000000
1359 -1687.0000000000
1376 -1686.0000000000
1383 -1685.0000000000
1390 -1684.0000000000
1391 -1683.0000000000
1407 -1682.0000000000
1420 -1681.0000000000
1421 -1680.0000000000
1432 -1679.0000000000
1441 -1678.0000000000
1445 -1677.0000000000
1447 -1676.0000000000
1475 -1675.0000000000
1482 -1674.0000000000
1501 -1673.0000000000
1513 -1672.0000000000
1526 -1671.0000000000
1531 -1670.0000000000
1544 -1669.0000000000
1550 -1668.0000000000
1564 -1667.0000000000
1590 -1666.0000000000
1597 -1665.0000000000
1609 -1664.0000000000
1611 -1663.0000000000
1621 -1662.0000000000
1638 -1660.0000000000
1639 -1659.0000000000
1675 -1658.0000000000
1685 -1657.0000000000
1687 -1656.0000000000
1712 -1655.0000000000
1719 -1654.0000000000
1730 -1653.0000000000
1748 -1652.0000000000
1751 -1651.0000000000
1777 -1650.0000000000
1784 -1649.0000000000
1804 -1648.0000000000
1815 -1647.0000000000
1826 -1646.0000000000
1842 -1644.0000000000
1861 -1642.0000000000
1874 -1641.0000000000
1880 -1640.0000000000
1887 -1639.0000000000
1907 -1638.0000000000
1910 -1637.0000000000
1934 -1636.0000000000
1950 -1635.0000000000
1960 -1634.0000000000
1962 -1633.0000000000
1992 -1632.0000000000
2003 -1630.0000000000
2010 -1629.0000000000
2039 -1628.0000000000
2074 -1627.0000000000
2083 -1626.0000000000
2102 -1625.0000000000
2109 -1623.0000000000
2118 -1621.0000000000
2168 -1618.0000000000
2185 -1617.0000000000
2205 -1616.0000000000
2217 -1615.0000000000
2233 -1614.0000000000
2252 -1613.0000000000
2259 -1612.0000000000
2272 -1611.0000000000
2280 -1610.0000000000
2287 -1607.0000000000
2316 -1606.0000000000
2330 -1605.0000000000
2334 -1604.0000000000
2339 -1603.0000000000
2343 -1602.0000000000
2346 -1601.0000000000
2358 -1599.0000000000
2378 -1598.0000000000
2385 -1597.0000000000
2393 -1595.0000000000
2405 -1594.0000000000
2428 -1592.0000000000
2439 -1590.0000000000
2456 -1588.0000000000
2457 -1587.0000000000
2490 -1585.0000000000
2521 -1583.0000000000
2542 -1582.0000000000
2547 -1581.0000000000
2559 -1580.0000000000
2570 -1579.0000000000
2579 -1578.0000000000
2599 -1577.0000000000
2600 -1575.0000000000
2630 -1573.0000000000
2651 -1572.0000000000
2672 -1570.0000000000
2677 -1569.0000000000
2679 -1568.0000000000
2699 -1567.0000000000
2700 -1566.0000000000
2716 -1564.0000000000
2742 -1563.0000000000
2744 -1562.0000000000
2767 -1561.0000000000
2775 -1560.0000000000
2783 -1559.0000000000
2786 -1558.0000000000
2796 -1557.0000000000
2814 -1556.0000000000
2848 -1555.0000000000
2860 -1553.0000000000
2874 -1552.0000000000
2890 -1551.0000000000
2900 -1550.0000000000
2912 -1549.0000000000
2921 -1548.0000000000
2925 -1547.0000000000
2930 -1545.0000000000
2949 -1544.0000000000
2963 -1543.0000000000
2965 -1542.0000000000
2969 -1540.0000000000
2983 -1539.0000000000
2988 -1538.0000000000
3001 -1537.0000000000
3008 -1535.0000000000
3020 -1532.0000000000
3030 -1530.0000000000
3037 -1529.0000000000
3048 -1528.0000000000
3078 -1527.0000000000
3094 -1526.0000000000
3123 -1525.0000000000
3126 -1523.0000000000
3147 -1522.0000000000
3154 -1521.0000000000
3165 -1520.0000000000
3172 -1519.0000000000
3173 -1518.0000000000
3201 -1516.0000000000
3215 -1515.0000000000
3223 -1514.0000000000
3229 -1513.0000000000
3257 -1512.0000000000
3276 -1511.0000000000
3280 -1510.0000000000
3308 -1507.0000000000
3314 -1505.0000000000
3346 -1504.0000000000
3354 -1503.0000000000
3357 -1502.0000000000
3383 -1501.0000000000
3386 -1499.0000000000
3389 -1498.0000000000
3409 -1497.0000000000
3423 -1496.0000000000
3433 -1495.0000000000
3443 -1494.0000000000
3450 -1490.0000000000
3467 -1488.0000000000
3489 -1486.0000000000
3496 -1485.0000000000
3506 -1483.0000000000
3518 -1482.0000000000
3527 -1481.0000000000
3539 -1480.0000000000
3545 -1479.0000000000
3555 -1478.0000000000
3564 -1477.0000000000
3566 -1476.0000000000
3572 -1475.0000000000
3583 -1473.0000000000
3602 -1471.0000000000
3611 -1470.0000000000
3627 -1469.0000000000
3640 -1468.0000000000
3655 -1467.0000000000
3674 -1466.0000000000
3682 -1465.0000000000
3710 -1464.0000000000
3715 -1463.0000000000
3723 -1462.0000000000
3731 -1461.0000000000
3751 -1460.0000000000
3756 -1457.0000000000
3797 -1456.0000000000
3804 -1455.0000000000
3805 -1454.0000000000
3813 -1452.0000000000
3830 -1451.0000000000
3837 -1450.0000000000
3874 -1449.0000000000
3877 -1447.0000000000
3906 -1446.0000000000
3923 -1445.0000000000
3929 -1443.0000000000
3956 -1442.0000000000
3962 -1441.0000000000
3971 -1440.0000000000
3973 -1439.0000000000
3986 -1437.0000000000
4000 -1436.0000000000
4002 -1435.0000000000
4027 -1434.0000000000
4052 -1433.0000000000
4058 -1432.0000000000
4078 -1429.0000000000
4095 -1428.0000000000
4099 -1427.0000000000
4113 -1426.0000000000
4117 -1425.0000000000
4133 -1423.0000000000
4157 -1421.0000000000
4181 -1420.0000000000
4191 -1419.0000000000
4197 -1418.0000000000
4207 -1417.0000000000
4234 -1416.0000000000
4236 -1415.0000000000
4261 -1414.0000000000
4269 -1413.0000000000
4295 -1411.0000000000
4321 -1410.0000000000
4329 -1408.0000000000
4341 -1406.0000000000
4355 -1405.0000000000
4375 -1404.0000000000
4393 -1403.0000000000
4408 -1401.0000000000
4424 -1400.0000000000
4461 -1398.0000000000
4478 -1397.0000000000
4481 -1396.0000000000
4505 -1395.0000000000
4508 -1394.0000000000
4515 -1393.0000000000
4519 -1392.0000000000
4527 -1391.0000000000
4532 -1389.0000000000
4547 -1388.0000000000
4555 -1387.0000000000
4561 -1386.0000000000
4571 -1385.0000000000
4577 -1382.0000000000
4597 -1381.0000000000
4614 -1380.0000000000
4625 -1379.0000000000
4631 -1378.0000000000
4654 -1376.0000000000
4676 -1375.0000000000
4683 -1373.0000000000
4702 -1372.0000000000
4721 -1371.0000000000
4724 -1370.0000000000
4752 -1369.0000000000
4761 -1368.0000000000
4774 -1367.0000000000
4803 -1366.0000000000
4822 -1365.0000000000
4837 -1364.0000000000
4846 -1361.0000000000
4878 -1360.0000000000
4894 -1358.0000000000
4895 -1356.0000000000
4937 -1354.0000000000
4961 -1353.0000000000
4973 -1351.0000000000
4985 -1349.0000000000
4999 -1348.0000000000
5016 -1347.0000000000
5026 -1346.0000000000
5032 -1345.0000000000
5047 -1344.0000000000
5061 -1343.0000000000
5090 -1341.0000000000
5093 -1340.0000000000
5097 -1339.0000000000
5121 -1338.0000000000
5147 -1337.0000000000
5151 -1336.0000000000
5154 -1335.0000000000
5236 -1334.0000000000
5247 -1333.0000000000
5253 -1330.0000000000
5283 -1328.0000000000
5307 -1327.0000000000
5339 -1325.0000000000
5365 -1324.0000000000
5380 -1323.0000000000
5392 -1322.0000000000
5394 -1320.0000000000
5419 -1318.0000000000
5435 -1316.0000000000
5447 -1315.0000000000
5462 -1313.0000000000
5478 -1312.0000000000
5490 -1310.0000000000
5509 -1309.0000000000
5527 -1307.0000000000
5555 -1306.0000000000
5565 -1305.0000000000
5572 -1304.0000000000
5580 -1303.0000000000
5588 -1302.0000000000
5591 -1301.0000000000
5602 -1298.0000000000
5616 -1297.0000000000
5638 -1296.0000000000
5649 -1295.0000000000
5672 -1294.0000000000
5674 -1292.0000000000
5686 -1291.0000000000
5702 -1290.0000000000
5712 -1289.0000000000
5725 -1288.0000000000
5733 -1287.0000000000
5748 -1286.0000000000
5757 -1285.0000000000
5763 -1283.0000000000
5806 -1282.0000000000
5825 -1281.0000000000
5846 -1280.0000000000
5856 -1279.0000000000
5879 -1278.0000000000
5884 -1277.0000000000
5894 -1275.0000000000
5912 -1273.0000000000
5940 -1271.0000000000
5973 -1270.0000000000
5981 -1268.0000000000
5990 -1267.0000000000
6004 -1266.0000000000
6028 -1265.0000000000
6048 -1264.0000000000
6074 -1263.0000000000
6076 -1262.0000000000
6093 -1261.0000000000
6097 -1260.0000000000
6116 -1259.0000000000
6133 -1258.0000000000
6151 -1257.0000000000
6186 -1256.0000000000
6194 -1255.0000000000
6196 -1254.0000000000
6205 -1253.0000000000
6219 -1252.0000000000
6224 -1251.0000000000
6237 -1250.0000000000
6246 -1249.0000000000
6264 -1248.0000000000
6282 -1247.0000000000
6294 -1244.0000000000
6317 -1242.0000000000
6359 -1241.0000000000
6367 -1240.0000000000
6384 -1239.0000000000
6400 -1238.0000000000
6417 -1237.0000000000
6433 -1236.0000000000
6436 -1235.0000000000
6484 -1234.0000000000
6498 -1233.0000000000
6510 -1232.0000000000
6519 -1231.0000000000
6533 -1230.0000000000
6551 -1228.0000000000
6575 -1226.0000000000
6582 -1225.0000000000
6606 -1224.0000000000
6621 -1223.0000000000
6632 -1222.0000000000
6637 -1221.0000000000
6652 -1220.0000000000
6675 -1219.0000000000
6686 -1218.0000000000
6702 -1216.0000000000
6736 -1215.0000000000
6757 -1214.0000000000
6761 -1213.0000000000
6784 -1212.0000000000
6789 -1211.0000000000
6807 -1209.0000000000
6826 -1206.0000000000
6851 -1205.0000000000
6876 -1204.0000000000
6880 -1203.0000000000
6896 -1202.0000000000
6899 -1201.0000000000
6913 -1200.0000000000
6931 -1198.0000000000
6956 -1197.0000000000
6971 -1196.0000000000
6980 -1193.0000000000
7015 -1192.0000000000
7033 -1191.0000000000
7042 -1190.0000000000
7045 -1189.0000000000
7072 -1188.0000000000
7075 -1186.0000000000
7098 -1185.0000000000
7133 -1184.0000000000
7140 -1183.0000000000
7149 -1182.0000000000
7163 -1181.0000000000
7174 -1180.0000000000
7190 -1179.0000000000
7209 -1178.0000000000
7214 -1177.0000000000
7229 -1176.0000000000
7230 -1175.0000000000
7261 -1174.0000000000
7270 -1173.0000000000
7289 -1171.0000000000
7305 -1170.0000000000
7306 -1169.0000000000
7311 -1167.0000000000
7339 -1166.0000000000
7365 -1165.0000000000
7367 -1164.0000000000
7375 -1163.0000000000
7398 -1162.0000000000
7399 -1161.0000000000
7427 -1160.0000000000
7437 -1159.0000000000
7446 -1158.0000000000
7456 -1157.0000000000
7480 -1156.0000000000
7501 -1155.0000000000
7505 -1154.0000000000
7514 -1152.0000000000
7539 -1151.0000000000
7545 -1150.0000000000
7555 -1149.0000000000
7581 -1148.0000000000
7593 -1147.0000000000
7602 -1146.0000000000
7606 -1145.0000000000
7641 -1144.0000000000
7668 -1143.0000000000
7675 -1142.0000000000
7705 -1141.0000000000
7724 -1139.0000000000
7746 -1138.0000000000
7770 -1136.0000000000
7791 -1134.0000000000
7793 -1133.0000000000
7821 -1132.0000000000
7847 -1130.0000000000
7895 -1127.0000000000
7941 -1126.0000000000
7944 -1125.0000000000
7980 -1124.0000000000
7998 -1123.0000000000
8008 -1121.0000000000
8027 -1120.0000000000
8057 -1119.0000000000
8062 -1118.0000000000
8099 -1117.0000000000
8115 -1116.0000000000
8120 -1115.0000000000
8165 -1114.0000000000
8186 -1113.0000000000
8208 -1111.0000000000
8238 -1110.0000000000
8241 -1109.0000000000
8249 -1108.0000000000
8269 -1107.0000000000
8302 -1106.0000000000
8317 -1105.0000000000
8328 -1104.0000000000
8342 -1103.0000000000
8374 -1102.0000000000
8388 -1101.0000000000
8395 -1100.0000000000
8418 -1099.0000000000
8433 -1098.0000000000
8440 -1097.0000000000
8463 -1096.0000000000
8479 -1095.0000000000
8489 -1094.0000000000
8497 -1093.0000000000
8514 -1092.0000000000
8526 -1091.0000000000
8539 -1089.0000000000
8557 -1088.0000000000
8558 -1087.0000000000
8590 -1086.0000000000
8596 -1085.0000000000
8600 -1084.0000000000
8634 -1082.0000000000
8640 -1081.0000000000
8652 -1079.0000000000
8670 -1078.0000000000
8690 -1077.0000000000
8702 -1075.0000000000
8733 -1074.0000000000
8758 -1073.0000000000
8776 -1071.0000000000
8788 -1070.0000000000
8811 -1069.0000000000
8828 -1068.0000000000
8830 -1066.0000000000
8852 -1065.0000000000
8865 -1064.0000000000
8884 -1063.0000000000
8894 -1062.0000000000
8907 -1061.0000000000
8937 -1060.0000000000
8943 -1057.0000000000
8962 -1054.0000000000
8979 -1052.0000000000
9029 -1051.0000000000
9046 -1050.0000000000
9052 -1049.0000000000
9064 -1048.0000000000
9081 -1047.0000000000
9107 -1046.0000000000
9146 -1045.0000000000
9160 -1044.0000000000
9169 -1043.0000000000
9173 -1042.0000000000
9188 -1041.0000000000
9210 -1039.0000000000
9225 -1038.0000000000
9233 -1037.0000000000
9239 -1036.0000000000
9252 -1035.0000000000
9256 -1034.0000000000
9298 -1032.0000000000
9300 -1031.0000000000
9335 -1030.0000000000
9350 -1029.0000000000
9357 -1028.0000000000
9372 -1027.0000000000
9395 -1026.0000000000
9410 -1025.0000000000
9417 -1024.0000000000
9448 -1023.0000000000
9480 -1022.0000000000
9483 -1021.0000000000
9503 -1020.0000000000
9518 -1019.0000000000
9528 -1018.0000000000
9540 -1017.0000000000
9552 -1015.0000000000
9561 -1014.0000000000
9581 -1011.0000000000
9604 -1009.0000000000
9636 -1008.0000000000
9650 -1007.0000000000
9673 -1006.0000000000
9688 -1005.0000000000
9700 -1004.0000000000
9743 -1002.0000000000
9768 -1001.0000000000
9773 -1000.0000000000
9797 -999.0000000000
9800 -998.0000000000
9816 -996.0000000000
9852 -995.0000000000
9860 -994.0000000000
9866 -993.0000000000
9889 -992.0000000000
9943 -991.0000000000
10005 -990.0000000000
10010 -991.0000000000
evaluations raw_y
1 -2027.0000000000
2 -2008.0000000000
4 -2002.0000000000
5 -1999.0000000000
7 -1955.0000000000
14 -1941.0000000000
27 -1929.0000000000
29 -1922.0000000000
38 -1913.0000000000
41 -1899.0000000000
47 -1895.0000000000
56 -1882.0000000000
59 -1876.0000000000
82 -1874.0000000000
83 -1873.0000000000
84 -1872.0000000000
88 -1867.0000000000
91 -1866.0000000000
95 -1845.0000000000
115 -1841.0000000000
132 -1839.0000000000
137 -1837.0000000000
140 -1832.0000000000
148 -1829.0000000000
158 -1828.0000000000
171 -1825.0000000000
177 -1823.0000000000
200 -1818.0000000000
229 -1817.0000000000
230 -1816.0000000000
262 -1814.0000000000
263 -1812.0000000000
286 -1810.0000000000
307 -1809.0000000000
330 -1807.0000000000
343 -1805.0000000000
353 -1804.0000000000
374 -1802.0000000000
381 -1801.0000000000
386 -1800.0000000000
403 -1799.0000000000
421 -1798.0000000000
427 -1797.0000000000
434 -1795.0000000000
444 -1794.0000000000
464 -1792.0000000000
480 -1791.0000000000
492 -1790.0000000000
495 -1789.0000000000
510 -1788.0000000000
518 -1787.0000000000
529 -1786.0000000000
530 -1784.0000000000
557 -1783.0000000000
576 -1781.0000000000
580 -1780.0000000000
590 -1779.0000000000
611 -1778.0000000000
624 -1777.0000000000
643 -1776.0000000000
656 -1775.0000000000
662 -1774.0000000000
671 -1773.0000000000
680 -1772.0000000000
681 -1771.0000000000
690 -1770.0000000000
697 -1769.0000000000
719 -1768.0000000000
732 -1766.0000000000
753 -1765.0000000000
754 -1763.0000000000
758 -1762.0000000000
763 -1759.0000000000
781 -1758.0000000000
795 -1757.0000000000
803 -1756.0000000000
828 -1755.0000000000
844 -1754.0000000000
854 -1753.0000000000
877 -1752.0000000000
878 -1751.0000000000
896 -1750.0000000000
913 -1749.0000000000
931 -1748.0000000000
943 -1747.0000000000
945 -1746.0000000000
958 -1745.0000000000
976 -1744.0000000000
987 -1742.0000000000
993 -1741.0000000000
998 -1739.0000000000
1013 -1738.0000000000
1016 -1736.0000000000
1061 -1735.0000000000
1063 -1733.0000000000
1092 -1732.0000000000
1110 -1730.0000000000
1128 -1729.0000000000
1132 -1727.0000000000
1162 -1726.0000000000
1176 -1725.0000000000
1182 -1724.0000000000
1183 -1723.0000000000
1209 -1722.0000000000
1213 -1721.0000000000
1224 -1719.0000000000
1245 -1718.0000000000
1268 -1717.0000000000
1274 -1716.0000000000
1277 -1713.0000000000
1290 -1711.0000000000
1312 -1710.0000000000
1319 -1708.0000000000
1336 -1707.0000000000
1353 -1706.0000000000
1369 -1705.0000000000
1378 -1704.0000000000
1388 -1702.0000000000
1394 -1701.0000000000
1411 -1700.0000000000
1416 -1698.0000000000
1438 -1696.0000000000
1458 -1694.0000000000
1463 -1692.0000000000
1467 -1691.0000000000
1474 -1690.0000000000
1490 -1689.0000000000
1505 -1686.0000000000
1526 -1684.0000000000
1552 -1683.0000000000
1558 -1682.0000000000
1561 -1681.0000000000
1585 -1680.0000000000
1589 -1679.0000000000
1601 -1678.0000000000
1624 -1677.0000000000
1643 -1675.0000000000
1657 -1674.0000000000
1674 -1673.0000000000
1680 -1672.0000000000
1684 -1671.0000000000
1702 -1670.0000000000
1716 -1669.0000000000
1719 -1668.0000000000
1744 -1667.0000000000
1746 -1666.0000000000
1754 -1665.0000000000
1767 -1664.0000000000
1773 -1663.0000000000
1781 -1662.0000000000
1810 -1661.0000000000
1821 -1660.0000000000
1833 -1658.0000000000
1847 -1657.0000000000
1854 -1655.0000000000
1862 -1654.0000000000
1882 -1653.0000000000
1891 -1652.0000000000
1897 -1651.0000000000
1900 -1650.0000000000
1909 -1647.0000000000
1944 -1646.0000000000
1946 -1645.0000000000
1948 -1644.0000000000
1970 -1643.0000000000
1980 -1642.0000000000
1994 -1641.0000000000
1999 -1640.0000000000
2000 -1639.0000000000
2001 -1638.0000000000
2020 -1637.0000000000
2022 -1636.0000000000
2029 -1635.0000000000
2036 -1634.0000000000
2045 -1633.0000000000
2058 -1631.0000000000
2080 -1630.0000000000
2083 -1629.0000000000
2100 -1628.0000000000
2107 -1627.0000000000
2111 -1626.0000000000
2117 -1625.0000000000
2124 -1624.0000000000
2142 -1623.0000000000
2149 -1621.0000000000
2176 -1619.0000000000
2205 -1618.0000000000
2227 -1617.0000000000
2236 -1616.0000000000
2250 -1615.0000000000
2251 -1614.0000000000
2262 -1613.0000000000
2273 -1612.0000000000
2277 -1611.0000000000
2297 -1609.0000000000
2309 -1607.0000000000
2326 -1606.0000000000
2348 -1604.0000000000
2356 -1603.0000000000
2380 -1602.0000000000
2403 -1601.0000000000
2419 -1600.0000000000
2426 -1599.0000000000
2445 -1598.0000000000
2469 -1597.0000000000
2488 -1596.0000000000
2515 -1593.0000000000
2532 -1592.0000000000
2543 -1591.0000000000
2547 -1590.0000000000
2554 -1588.0000000000
2563 -1586.0000000000
2579 -1584.0000000000
2603 -1583.0000000000
2627 -1581.0000000000
2634 -1579.0000000000
2641 -1577.0000000000
2654 -1576.0000000000
2685 -1575.0000000000
2698 -1574.0000000000
2702 -1571.0000000000
2735 -1569.0000000000
2771 -1568.0000000000
2775 -1565.0000000000
2786 -1564.0000000000
2795 -1563.0000000000
2800 -1562.0000000000
2816 -1561.0000000000
2822 -1560.0000000000
2831 -1559.0000000000
2847 -1558.0000000000
2865 -1557.0000000000
2868 -1556.0000000000
2872 -1554.0000000000
2886 -1553.0000000000
2887 -1552.0000000000
2910 -1551.0000000000
2925 -1550.0000000000
2928 -1549.0000000000
2934 -1547.0000000000
2951 -1546.0000000000
2973 -1543.0000000000
2974 -1542.0000000000
2982 -1540.0000000000
3005 -1539.0000000000
3010 -1538.0000000000
3042 -1537.0000000000
3055 -1536.0000000000
3058 -1535.0000000000
3082 -1534.0000000000
3111 -1533.0000000000
3131 -1532.0000000000
3148 -1530.0000000000
3175 -1529.0000000000
3184 -1528.0000000000
3212 -1527.0000000000
3223 -1525.0000000000
3241 -1524.0000000000
3245 -1523.0000000000
3259 -1522.0000000000
3262 -1521.0000000000
3267 -1520.0000000000
3280 -1519.0000000000
3290 -1518.0000000000
3293 -1517.0000000000
3303 -1516.0000000000
3320 -1515.0000000000
3345 -1514.0000000000
3352 -1513.0000000000
3358 -1512.0000000000
3396 -1511.0000000000
3404 -1510.0000000000
3406 -1509.0000000000
3416 -1507.0000000000
3434 -1505.0000000000
3465 -1504.0000000000
3477 -1503.0000000000
3479 -1502.0000000000
3487 -1501.0000000000
3495 -1500.0000000000
3508 -1499.0000000000
3518 -1498.0000000000
3531 -1497.0000000000
3538 -1496.0000000000
3553 -1495.0000000000
3555 -1494.0000000000
3582 -1491.0000000000
3594 -1490.0000000000
3621 -1489.0000000000
3647 -1488.0000000000
3668 -1487.0000000000
3691 -1485.0000000000
3710 -1484.0000000000
3715 -1482.0000000000
3731 -1481.0000000000
3753 -1480.0000000000
3773 -1479.0000000000
3778 -1478.0000000000
3793 -1477.0000000000
3795 -1475.0000000000
3801 -1473.0000000000
3836 -1472.0000000000
3852 -1471.0000000000
3856 -1470.0000000000
3872 -1469.0000000000
3886 -1468.0000000000
3900 -1466.0000000000
3909 -1465.0000000000
3919 -1464.0000000000
3946 -1463.0000000000
3967 -1462.0000000000
3988 -1461.0000000000
3997 -1460.0000000000
4021 -1459.0000000000
4036 -1458.0000000000
4045 -1456.0000000000
4062 -1455.0000000000
4064 -1453.0000000000
4073 -1451.0000000000
4085 -1450.0000000000
4110 -1449.0000000000
4114 -1448.0000000000
4125 -1447.0000000000
4129 -1446.0000000000
4138 -1445.0000000000
4142 -1444.0000000000
4157 -1443.0000000000
4163 -1442.0000000000
4171 -1441.0000000000
4176 -1440.0000000000
4204 -1439.0000000000
4212 -1437.0000000000
4235 -1435.0000000000
4254 -1433.0000000000
4281 -1432.0000000000
4286 -1430.0000000000
4306 -1429.0000000000
4308 -1428.0000000000
4315 -1427.0000000000
4336 -1425.0000000000
4349 -1424.0000000000
4373 -1423.0000000000
4389 -1422.0000000000
4403 -1421.0000000000
4407 -1420.0000000000
4432 -1419.0000000000
4443 -1416.0000000000
4465 -1415.0000000000
4495 -1413.0000000000
4505 -1412.0000000000
4538 -1411.0000000000
4540 -1410.0000000000
4548 -1409.0000000000
4556 -1407.0000000000
4586 -1406.0000000000
4591 -1405.0000000000
4603 -1404.0000000000
4626 -1403.0000000000
4631 -1402.0000000000
4653 -1401.0000000000
4656 -1400.0000000000
4664 -1398.0000000000
4672 -1396.0000000000
4674 -1394.0000000000
4703 -1392.0000000000
4724 -1391.0000000000
4737 -1390.0000000000
4768 -1389.0000000000
4776 -1388.0000000000
4786 -1387.0000000000
4796 -1386.0000000000
4825 -1385.0000000000
4840 -1382.0000000000
4862 -1381.0000000000
4863 -1380.0000000000
4874 -1379.0000000000
4878 -1378.0000000000
4899 -1377.0000000000
4931 -1375.0000000000
4944 -1374.0000000000
4964 -1373.0000000000
4990 -1372.0000000000
4991 -1371.0000000000
5016 -1370.0000000000
5021 -1369.0000000000
5026 -1368.0000000000
5052 -1367.0000000000
5076 -1366.0000000000
5080 -1365.0000000000
5090 -1364.0000000000
5098 -1363.0000000000
5109 -1360.0000000000
5120 -1359.0000000000
5139 -1358.0000000000
5144 -1357.0000000000
5146 -1356.0000000000
5164 -1354.0000000000
5168 -1353.0000000000
5196 -1352.0000000000
5223 -1351.0000000000
5254 -1350.0000000000
5277 -1349.0000000000
5290 -1348.0000000000
5300 -1347.0000000000
5305 -1346.0000000000
5315 -1345.0000000000
5331 -1344.0000000000
5348 -1343.0000000000
5350 -1342.0000000000
5369 -1341.0000000000
5379 -1340.0000000000
5385 -1339.0000000000
5428 -1338.0000000000
5442 -1337.0000000000
5451 -1335.0000000000
5464 -1334.0000000000
5480 -1333.0000000000
5492 -1332.0000000000
5516 -1331.0000000000
5525 -1329.0000000000
5559 -1327.0000000000
5589 -1326.0000000000
5603 -1325.0000000000
5613 -1324.0000000000
5644 -1323.0000000000
5665 -1321.0000000000
5685 -1319.0000000000
5688 -1317.0000000000
5714 -1315.0000000000
5744 -1314.0000000000
5745 -1312.0000000000
5760 -1311.0000000000
5770 -1310.0000000000
5804 -1309.0000000000
5819 -1307.0000000000
5824 -1305.0000000000
5854 -1304.0000000000
5865 -1303.0000000000
5879 -1302.0000000000
5896 -1301.0000000000
5899 -1300.0000000000
5904 -1299.0000000000
5921 -1298.0000000000
5932 -1297.0000000000
5938 -1296.0000000000
5974 -1295.0000000000
5983 -1294.0000000000
6006 -1293.0000000000
6007 -1292.0000000000
6021 -1291.0000000000
6033 -1289.0000000000
6055 -1288.0000000000
6066 -1286.0000000000
6096 -1285.0000000000
6102 -1284.0000000000
6128 -1283.0000000000
6140 -1282.0000000000
6157 -1280.0000000000
6176 -1278.0000000000
6204 -1276.0000000000
6212 -1275.0000000000
6215 -1274.0000000000
6232 -1273.0000000000
6256 -1271.0000000000
6290 -1270.0000000000
6297 -1269.0000000000
6306 -1268.0000000000
6319 -1267.0000000000
6322 -1266.0000000000
6328 -1265.0000000000
6343 -1264.0000000000
6344 -1263.0000000000
6374 -1262.0000000000
6391 -1261.0000000000
6422 -1260.0000000000
6428 -1257.0000000000
6454 -1256.0000000000
6487 -1255.0000000000
6509 -1254.0000000000
6520 -1253.0000000000
6528 -1252.0000000000
6536 -1251.0000000000
6543 -1250.0000000000
6556 -1249.0000000000
6573 -1248.0000000000
6578 -1246.0000000000
6618 -1245.0000000000
6630 -1243.0000000000
6660 -1242.0000000000
6672 -1241.0000000000
6673 -1240.0000000000
6693 -1239.0000000000
6722 -1237.0000000000
6740 -1236.0000000000
6746 -1235.0000000000
6768 -1234.0000000000
6782 -1233.0000000000
6785 -1232.0000000000
6786 -1231.0000000000
6789 -1230.0000000000
6821 -1228.0000000000
6841 -1227.0000000000
6867 -1226.0000000000
6876 -1225.0000000000
6881 -1222.0000000000
6914 -1221.0000000000
6917 -1220.0000000000
6931 -1219.0000000000
6971 -1217.0000000000
6993 -1216.0000000000
7000 -1213.0000000000
7026 -1212.0000000000
7044 -1211.0000000000
7082 -1210.0000000000
7087 -1209.0000000000
7112 -1208.0000000000
7116 -1206.0000000000
7120 -1205.0000000000
7166 -1204.0000000000
7175 -1203.0000000000
7202 -1202.0000000000
7227 -1201.0000000000
7245 -1200.0000000000
7250 -1199.0000000000
7251 -1198.0000000000
7276 -1197.0000000000
7288 -1196.0000000000
7298 -1195.0000000000
7310 -1194.0000000000
7331 -1193.0000000000
7342 -1192.0000000000
7368 -1191.0000000000
7374 -1190.0000000000
7391 -1189.0000000000
7396 -1188.0000000000
7420 -1187.0000000000
7439 -1185.0000000000
7470 -1184.0000000000
7482 -1183.0000000000
7484 -1182.0000000000
7492 -1181.0000000000
7502 -1179.0000000000
7528 -1177.0000000000
7547 -1176.0000000000
7560 -1175.0000000000
7570 -1173.0000000000
7577 -1172.0000000000
7591 -1171.0000000000
7600 -1170.0000000000
7607 -1169.0000000000
7626 -1168.0000000000
7646 -1167.0000000000
7658 -1166.0000000000
7665 -1165.0000000000
7690 -1164.0000000000
7700 -1163.0000000000
7752 -1162.0000000000
7760 -1161.0000000000
7785 -1160.0000000000
7786 -1158.0000000000
7802 -1157.0000000000
7818 -1156.0000000000
7831 -1155.0000000000
7842 -1154.0000000000
7852 -1153.0000000000
7856 -1152.0000000000
7875 -1151.0000000000
7895 -1150.0000000000
7901 -1149.0000000000
7916 -1148.0000000000
7946 -1147.0000000000
7969 -1146.0000000000
7976 -1144.0000000000
7990 -1143.0000000000
7996 -1140.0000000000
8019 -1139.0000000000
8022 -1138.0000000000
8038 -1137.0000000000
8053 -1136.0000000000
8058 -1135.0000000000
8073 -1134.0000000000
8084 -1132.0000000000
8112 -1131.0000000000
8152 -1130.0000000000
8175 -1129.0000000000
8181 -1128.0000000000
8183 -1126.0000000000
8203 -1125.0000000000
8213 -1124.0000000000
8228 -1123.0000000000
8232 -1121.0000000000
8251 -1120.0000000000
8270 -1119.0000000000
8274 -1116.0000000000
8287 -1115.0000000000
8291 -1114.0000000000
8300 -1113.0000000000
8308 -1111.0000000000
8332 -1108.0000000000
8374 -1106.0000000000
8426 -1105.0000000000
8442 -1104.0000000000
8454 -1103.0000000000
8466 -1101.0000000000
8491 -1099.0000000000
8511 -1098.0000000000
8529 -1096.0000000000
8550 -1095.0000000000
8572 -1094.0000000000
8588 -1093.0000000000
8589 -1092.0000000000
8603 -1091.0000000000
8631 -1090.0000000000
8648 -1089.0000000000
8670 -1088.0000000000
8672 -1087.0000000000
8680 -1086.0000000000
8705 -1085.0000000000
8724 -1084.0000000000
8728 -1082.0000000000
8748 -1081.0000000000
8764 -1080.0000000000
8774 -1079.0000000000
8786 -1078.0000000000
8797 -1076.0000000000
8824 -1075.0000000000
8830 -1074.0000000000
8851 -1073.0000000000
8860 -1072.0000000000
8877 -1071.0000000000
8880 -1070.0000000000
8890 -1068.0000000000
8917 -1067.0000000000
8922 -1066.0000000000
8959 -1065.0000000000
8970 -1064.0000000000
8979 -1063.0000000000
8996 -1062.0000000000
9010 -1061.0000000000
9026 -1060.0000000000
9036 -1059.0000000000
9066 -1057.0000000000
9093 -1056.0000000000
9104 -1055.0000000000
9109 -1054.0000000000
9148 -1053.0000000000
9157 -1052.0000000000
9192 -1051.0000000000
9201 -1050.0000000000
9209 -1049.0000000000
9232 -1047.0000000000
9262 -1046.0000000000
9278 -1045.0000000000
9283 -1044.0000000000
9306 -1043.0000000000
9322 -1042.0000000000
9336 -1041.0000000000
9349 -1040.0000000000
9369 -1039.0000000000
9386 -1038.0000000000
9400 -1037.0000000000
9411 -1036.0000000000
9424 -1035.0000000000
9438 -1034.0000000000
9442 -1033.0000000000
9444 -1032.0000000000
9461 -1031.0000000000
9466 -1030.0000000000
9496 -1029.0000000000
9497 -1028.0000000000
9518 -1027.0000000000
9522 -1026.0000000000
9546 -1025.0000000000
9559 -1024.0000000000
9564 -1021.0000000000
9585 -1020.0000000000
9606 -1019.0000000000
9610 -1018.0000000000
9638 -1017.0000000000
9639 -1016.0000000000
9657 -1015.0000000000
9661 -1014.0000000000
9674 -1013.0000000000
9694 -1012.0000000000
9701 -1011.0000000000
9716 -1010.0000000000
9752 -1009.0000000000
9762 -1008.0000000000
9796 -1007.0000000000
9822 -1006.0000000000
9824 -1005.0000000000
9831 -1004.0000000000
9861 -1003.0000000000
9869 -1002.0000000000
9890 -1001.0000000000
9912 -1000.0000000000
9933 -999.0000000000
9944 -998.0000000000
9945 -997.0000000000
9953 -996.0000000000
9987 -995.0000000000
9993 -994.0000000000
9994 -992.0000000000
9998 -990.0000000000
10010 -994.0000000000
evaluations raw_y
1 -1999.0000000000
3 -1967.0000000000
8 -1953.0000000000
9 -1943.0000000000
27 -1933.0000000000
31 -1932.0000000000
38 -1927.0000000000
40 -1926.0000000000
45 -1920.0000000000
47 -1919.0000000000
52 -1878.0000000000
94 -1868.0000000000
100 -1866.0000000000
103 -1858.0000000000
108 -1857.0000000000
112 -1847.0000000000
115 -1842.0000000000
129 -1838.0000000000
134 -1832.0000000000
147 -1825.0000000000
155 -1823.0000000000
159 -1822.0000000000
168 -1812.0000000000
177 -1811.0000000000
191 -1808.0000000000
203 -1807.0000000000
204 -1806.0000000000
212 -1803.0000000000
221 -1801.0000000000
235 -1800.0000000000
240 -1799.0000000000
256 -1798.0000000000
257 -1797.0000000000
270 -1796.0000000000
275 -1795.0000000000
291 -1793.0000000000
310 -1792.0000000000
314 -1791.0000000000
326 -1789.0000000000
355 -1788.0000000000
372 -1786.0000000000
400 -1785.0000000000
408 -1784.0000000000
420 -1783.0000000000
444 -1782.0000000000
445 -1781.0000000000
452 -1780.0000000000
468 -1779.0000000000
475 -1778.0000000000
482 -1777.0000000000
499 -1776.0000000000
511 -1775.0000000000
513 -1774.0000000000
531 -1771.0000000000
553 -1770.0000000000
560 -1769.0000000000
579 -1768.0000000000
591 -1767.0000000000
598 -1766.0000000000
620 -1765.0000000000
634 -1764.0000000000
637 -1763.0000000000
639 -1762.0000000000
656 -1761.0000000000
681 -1760.0000000000
684 -1759.0000000000
710 -1758.0000000000
714 -1756.0000000000
719 -1755.0000000000
726 -1754.0000000000
740 -1753.0000000000
743 -1752.0000000000
746 -1751.0000000000
772 -1750.0000000000
796 -1748.0000000000
803 -1747.0000000000
811 -1746.0000000000
829 -1744.0000000000
841 -1742.0000000000
856 -1741.0000000000
873 -1740.0000000000
880 -1739.0000000000
886 -1737.0000000000
926 -1736.0000000000
934 -1735.0000000000
949 -1734.0000000000
964 -1732.0000000000
974 -1730.0000000000
978 -1729.0000000000
998 -1728.0000000000
1016 -1727.0000000000
1017 -1726.0000000000
1034 -1725.0000000000
1036 -1724.0000000000
1051 -1723.0000000000
1068 -1722.0000000000
1070 -1721.0000000000
1097 -1720.0000000000
1111 -1719.0000000000
1118 -1717.0000000000
1129 -1715.0000000000
1141 -1714.0000000000
1144 -1713.0000000000
1171 -1711.0000000000
1204 -1710.0000000000
1216 -1708.0000000000
1227 -1707.0000000000
1242 -1705.0000000000
1261 -1703.0000000000
1266 -1700.0000000000
1291 -1699.0000000000
1306 -1698.0000000000
1312 -1697.0000000000
1326 -1695.0000000000
1357 -1693.0000000000
1382 -1692.0000000000
1389 -1691.0000000000
1404 -1690.0000000000
1408 -1688.0000000000
1427 -1687.0000000000
1430 -1686.0000000000
1440 -1685.0000000000
1452 -1684.0000000000
1467 -1683.0000000000
1468 -1682.0000000000
1498 -1681.0000000000
1543 -1680.0000000000
1549 -1679.0000000000
1561 -1678.0000000000
1581 -1677.0000000000
1597 -1676.0000000000
1609 -1674.0000000000
1615 -1673.0000000000
1629 -1671.0000000000
1642 -1670.0000000000
1671 -1669.0000000000
1673 -1668.0000000000
1692 -1667.0000000000
1712 -1666.0000000000
1724 -1665.0000000000
1746 -1664.0000000000
1751 -1663.0000000000
1757 -1662.0000000000
1765 -1661.0000000000
1770 -1660.0000000000
1785 -1659.0000000000
1794 -1658.0000000000
1803 -1657.0000000000
1808 -1656.0000000000
1815 -1655.0000000000
1836 -1654.0000000000
1840 -1653.0000000000
1861 -1652.0000000000
1868 -1651.0000000000
1885 -1648.0000000000
1895 -1647.0000000000
1925 -1646.0000000000
1937 -1645.0000000000
1945 -1644.0000000000
1950 -1643.0000000000
1957 -1642.0000000000
1961 -1641.0000000000
1975 -1640.0000000000
1985 -1638.0000000000
1994 -1637.0000000000
2008 -1636.0000000000
2009 -1635.0000000000
2015 -1634.0000000000
2027 -1633.0000000000
2036 -1632.0000000000
2064 -1631.0000000000
2072 -1629.0000000000
2080 -1628.0000000000
2094 -1627.0000000000
2112 -1626.0000000000
2140 -1625.0000000000
2148 -1624.0000000000
2153 -1623.0000000000
2169 -1622.0000000000
2197 -1620.0000000000
2226 -1619.0000000000
2228 -1618.0000000000
2243 -1617.0000000000
2251 -1616.0000000000
2266 -1614.0000000000
2284 -1613.0000000000
2305 -1612.0000000000
2311 -1611.0000000000
2326 -1610.0000000000
2337 -1609.0000000000
2346 -1608.0000000000
2350 -1607.0000000000
2370 -1606.0000000000
2387 -1605.0000000000
2400 -1604.0000000000
2404 -1602.0000000000
2430 -1601.0000000000
2451 -1600.0000000000
2453 -1599.0000000000
2460 -1598.0000000000
2488 -1597.0000000000
2505 -1595.0000000000
2536 -1594.0000000000
2541 -1593.0000000000
2545 -1592.0000000000
2563 -1591.0000000000
2565 -1590.0000000000
2574 -1589.0000000000
2575 -1588.0000000000
2590 -1587.0000000000
2595 -1585.0000000000
2606 -1584.0000000000
2628 -1583.0000000000
2650 -1582.0000000000
2666 -1581.0000000000
2677 -1580.0000000000
2688 -1579.0000000000
2708 -1578.0000000000
2733 -1577.0000000000
2759 -1576.0000000000
2785 -1575.0000000000
2792 -1574.0000000000
2806 -1573.0000000000
2808 -1571.0000000000
2826 -1570.0000000000
2829 -1569.0000000000
2843 -1567.0000000000
2869 -1566.0000000000
2877 -1565.0000000000
2884 -1564.0000000000
2890 -1563.0000000000
2909 -1562.0000000000
2912 -1561.0000000000
2915 -1560.0000000000
2953 -1558.0000000000
2962 -1555.0000000000
2973 -1554.0000000000
2989 -1553.0000000000
3012 -1549.0000000000
3032 -1548.0000000000
3047 -1546.0000000000
3051 -1544.0000000000
3059 -1543.0000000000
3072 -1541.0000000000
3082 -1540.0000000000
3086 -1539.0000000000
3097 -1538.0000000000
3119 -1537.0000000000
3143 -1536.0000000000
3144 -1535.0000000000
3152 -1534.0000000000
3171 -1532.0000000000
3187 -1531.0000000000
3204 -1530.0000000000
3223 -1528.0000000000
3228 -1527.0000000000
3243 -1526.0000000000
3251 -1524.0000000000
3279 -1523.0000000000
3285 -1521.0000000000
3303 -1520.0000000000
3323 -1518.0000000000
3339 -1516.0000000000
3362 -1515.0000000000
3378 -1513.0000000000
3403 -1512.0000000000
3417 -1511.0000000000
3430 -1509.0000000000
3451 -1508.0000000000
3460 -1506.0000000000
3482 -1505.0000000000
3484 -1504.0000000000
3502 -1503.0000000000
3504 -1502.0000000000
3529 -1500.0000000000
3533 -1499.0000000000
3547 -1498.0000000000
3553 -1497.0000000000
3561 -1496.0000000000
3576 -1494.0000000000
3588 -1493.0000000000
3612 -1492.0000000000
3618 -1491.0000000000
3644 -1490.0000000000
3650 -1489.0000000000
3675 -1488.0000000000
3679 -1487.0000000000
3686 -1486.0000000000
3694 -1485.0000000000
3708 -1484.0000000000
3723 -1483.0000000000
3734 -1482.0000000000
3751 -1481.0000000000
3764 -1479.0000000000
3787 -1478.0000000000
3805 -1477.0000000000
3812 -1476.0000000000
3828 -1475.0000000000
3836 -1474.0000000000
3874 -1473.0000000000
3882 -1472.0000000000
3905 -1470.0000000000
3943 -1469.0000000000
3952 -1468.0000000000
3958 -1467.0000000000
3973 -1466.0000000000
3986 -1465.0000000000
4008 -1464.0000000000
4014 -1463.0000000000
4045 -1462.0000000000
4052 -1461.0000000000
4062 -1460.0000000000
4074 -1459.0000000000
4082 -1458.0000000000
4099 -1457.0000000000
4109 -1456.0000000000
4126 -1455.0000000000
4135 -1454.0000000000
4156 -1453.0000000000
4174 -1452.0000000000
4198 -1451.0000000000
4213 -1450.0000000000
4241 -1449.0000000000
4250 -1448.0000000000
4264 -1447.0000000000
4291 -1446.0000000000
4314 -1445.0000000000
4337 -1444.0000000000
4342 -1443.0000000000
4350 -1442.0000000000
4365 -1441.0000000000
4379 -1440.0000000000
4390 -1439.0000000000
4403 -1438.0000000000
4430 -1436.0000000000
4457 -1435.0000000000
4471 -1434.0000000000
4476 -1433.0000000000
4483 -1432.0000000000
4485 -1431.0000000000
4494 -1430.0000000000
4504 -1429.0000000000
4525 -1428.0000000000
4577 -1427.0000000000
4580 -1426.0000000000
4585 -1424.0000000000
4610 -1423.0000000000
4623 -1422.0000000000
4645 -1420.0000000000
4676 -1419.0000000000
4697 -1418.0000000000
4717 -1417.0000000000
4734 -1416.0000000000
4753 -1415.0000000000
4778 -1414.0000000000
4780 -1413.0000000000
4805 -1411.0000000000
4811 -1410.0000000000
4837 -1409.0000000000
4838 -1408.0000000000
4845 -1407.0000000000
4857 -1406.0000000000
4868 -1405.0000000000
4884 -1403.0000000000
4898 -1402.0000000000
4919 -1401.0000000000
4949 -1400.0000000000
4970 -1399.0000000000
4978 -1397.0000000000
5003 -1395.0000000000
5010 -1394.0000000000
5012 -1393.0000000000
5046 -1392.0000000000
5062 -1391.0000000000
5076 -1390.0000000000
5080 -1389.0000000000
5091 -1387.0000000000
5122 -1386.0000000000
5154 -1385.0000000000
5170 -1384.0000000000
5175 -1383.0000000000
5196 -1382.0000000000
5206 -1381.0000000000
5214 -1380.0000000000
5220 -1378.0000000000
5234 -1376.0000000000
5254 -1375.0000000000
5258 -1374.0000000000
5263 -1373.0000000000
5270 -1372.0000000000
5282 -1371.0000000000
5302 -1369.0000000000
5318 -1368.0000000000
5320 -1367.0000000000
5326 -1366.0000000000
5332 -1365.0000000000
5341 -1364.0000000000
5352 -1363.0000000000
5366 -1361.0000000000
5368 -1360.0000000000
5372 -1359.0000000000
5378 -1358.0000000000
5408 -1357.0000000000
5430 -1356.0000000000
5439 -1355.0000000000
5452 -1354.0000000000
5468 -1353.0000000000
5474 -1352.0000000000
5487 -1351.0000000000
5509 -1350.0000000000
5537 -1349.0000000000
5548 -1348.0000000000
5568 -1346.0000000000
5585 -1342.0000000000
5601 -1340.0000000000
5609 -1339.0000000000
5624 -1338.0000000000
5635 -1337.0000000000
5655 -1336.0000000000
5657 -1335.0000000000
5660 -1334.0000000000
5695 -1333.0000000000
5712 -1332.0000000000
5716 -1331.0000000000
5732 -1329.0000000000
5737 -1327.0000000000
5748 -1326.0000000000
5758 -1325.0000000000
5765 -1323.0000000000
5783 -1321.0000000000
5808 -1320.0000000000
5832 -1319.0000000000
5844 -1318.0000000000
5853 -1316.0000000000
5878 -1315.0000000000
5907 -1314.0000000000
5920 -1312.0000000000
5941 -1311.0000000000
5950 -1309.0000000000
5955 -1308.0000000000
5973 -1307.0000000000
6014 -1306.0000000000
6025 -1305.0000000000
6054 -1304.0000000000
6068 -1303.0000000000
6098 -1302.0000000000
6113 -1301.0000000000
6114 -1300.0000000000
6140 -1299.0000000000
6159 -1298.0000000000
6164 -1297.0000000000
6175 -1295.0000000000
6194 -1294.0000000000
6205 -1293.0000000000
6213 -1291.0000000000
6227 -1290.0000000000
6246 -1289.0000000000
6250 -1288.0000000000
6275 -1287.0000000000
6277 -1286.0000000000
6282 -1285.0000000000
6289 -1284.0000000000
6314 -1282.0000000000
6327 -1281.0000000000
6347 -1280.0000000000
6357 -1279.0000000000
6362 -1278.0000000000
6387 -1277.0000000000
6394 -1276.0000000000
6423 -1275.0000000000
6435 -1273.0000000000
6438 -1272.0000000000
6467 -1271.0000000000
6474 -1270.0000000000
6479 -1269.0000000000
6507 -1268.0000000000
6512 -1267.0000000000
6521 -1266.0000000000
6530 -1265.0000000000
6562 -1264.0000000000
6575 -1263.0000000000
6597 -1262.0000000000
6607 -1261.0000000000
6640 -1260.0000000000
6651 -1259.0000000000
6658 -1256.0000000000
6691 -1255.0000000000
6741 -1254.0000000000
6770 -1253.0000000000
6775 -1252.0000000000
6777 -1251.0000000000
6783 -1250.0000000000
6794 -1249.0000000000
6801 -1248.0000000000
6803 -1247.0000000000
6820 -1246.0000000000
6827 -1244.0000000000
6847 -1243.0000000000
6857 -1241.0000000000
6882 -1240.0000000000
6887 -1239.0000000000
6914 -1238.0000000000
6916 -1237.0000000000
6937 -1235.0000000000
6942 -1234.0000000000
6961 -1232.0000000000
6979 -1231.0000000000
7006 -1230.0000000000
7031 -1229.0000000000
7033 -1228.0000000000
7043 -1227.0000000000
7054 -1226.0000000000
7059 -1224.0000000000
7077 -1223.0000000000
7092 -1222.0000000000
7100 -1220.0000000000
7139 -1219.0000000000
7161 -1217.0000000000
7175 -1216.0000000000
7188 -1215.0000000000
7209 -1214.0000000000
7216 -1213.0000000000
7218 -1212.0000000000
7226 -1211.0000000000
7252 -1209.0000000000
7272 -1208.0000000000
7289 -1207.0000000000
7310 -1206.0000000000
7334 -1205.0000000000
7364 -1203.0000000000
7386 -1202.0000000000
7429 -1201.0000000000
7437 -1200.0000000000
7461 -1199.0000000000
7479 -1198.0000000000
7495 -1197.0000000000
7506 -1196.0000000000
7522 -1195.0000000000
7534 -1194.0000000000
7551 -1193.0000000000
7559 -1192.0000000000
7560 -1191.0000000000
7569 -1190.0000000000
7575 -1188.0000000000
7599 -1187.0000000000
7617 -1184.0000000000
7651 -1183.0000000000
7652 -1182.0000000000
7678 -1181.0000000000
7685 -1180.0000000000
7687 -1179.0000000000
7694 -1178.0000000000
7709 -1176.0000000000
7727 -1175.0000000000
7729 -1173.0000000000
7758 -1172.0000000000
7777 -1171.0000000000
7800 -1170.0000000000
7809 -1168.0000000000
7826 -1167.0000000000
7842 -1166.0000000000
7851 -1165.0000000000
7873 -1164.0000000000
7879 -1163.0000000000
7899 -1162.0000000000
7917 -1161.0000000000
7927 -1159.0000000000
7946 -1158.0000000000
7957 -1157.0000000000
7966 -1156.0000000000
7975 -1154.0000000000
7997 -1153.0000000000
8018 -1152.0000000000
8026 -1149.0000000000
8041 -1148.0000000000
8054 -1147.0000000000
8057 -1146.0000000000
8067 -1145.0000000000
8107 -1144.0000000000
8117 -1143.0000000000
8144 -1142.0000000000
8150 -1141.0000000000
8153 -1140.0000000000
8184 -1139.0000000000
8199 -1138.0000000000
8232 -1137.0000000000
8242 -1136.0000000000
8247 -1135.0000000000
8253 -1134.0000000000
8254 -1133.0000000000
8279 -1132.0000000000
8287 -1131.0000000000
8293 -1130.0000000000
8298 -1129.0000000000
8314 -1128.0000000000
8316 -1127.0000000000
8381 -1126.0000000000
8400 -1124.0000000000
8449 -1123.0000000000
8465 -1122.0000000000
8486 -1121.0000000000
8498 -1120.0000000000
8514 -1119.0000000000
8516 -1118.0000000000
8549 -1117.0000000000
8581 -1116.0000000000
8586 -1115.0000000000
8589 -1114.0000000000
8607 -1113.0000000000
8620 -1112.0000000000
8636 -1110.0000000000
8661 -1109.0000000000
8677 -1108.0000000000
8696 -1107.0000000000
8701 -1106.0000000000
8726 -1105.0000000000
8740 -1104.0000000000
8755 -1102.0000000000
8761 -1101.0000000000
8786 -1100.0000000000
8790 -1099.0000000000
8800 -1098.0000000000
8819 -1097.0000000000
8839 -1096.0000000000
8846 -1095.0000000000
8854 -1094.0000000000
8857 -1093.0000000000
8872 -1092.0000000000
8880 -1091.0000000000
8904 -1090.0000000000
8919 -1089.0000000000
8945 -1088.0000000000
8946 -1087.0000000000
8981 -1086.0000000000
9001 -1085.0000000000
9012 -1084.0000000000
9031 -1083.0000000000
9036 -1082.0000000000
9046 -1081.0000000000
9051 -1080.0000000000
9054 -1079.0000000000
9071 -1078.0000000000
9103 -1077.0000000000
9108 -1076.0000000000
9122 -1075.0000000000
9149 -1074.0000000000
9158 -1073.0000000000
9177 -1072.0000000000
9186 -1070.0000000000
9212 -1069.0000000000
9222 -1068.0000000000
9248 -1067.0000000000
9300 -1066.0000000000
9318 -1065.0000000000
9345 -1064.0000000000
9356 -1059.0000000000
9405 -1058.0000000000
9418 -1057.0000000000
9428 -1056.0000000000
9435 -1055.0000000000
9445 -1054.0000000000
9449 -1053.0000000000
9462 -1052.0000000000
9473 -1051.0000000000
9493 -1050.0000000000
9514 -1048.0000000000
9527 -1047.0000000000
9544 -1045.0000000000
9566 -1044.0000000000
9577 -1043.0000000000
9597 -1042.0000000000
9629 -1041.0000000000
9644 -1040.0000000000
9669 -1039.0000000000
9693 -1038.0000000000
9696 -1037.0000000000
9703 -1036.0000000000
9716 -1035.0000000000
9745 -1034.0000000000
9763 -1033.0000000000
9785 -1032.0000000000
9828 -1031.0000000000
9856 -1030.0000000000
9862 -1027.0000000000
9877 -1026.0000000000
9904 -1025.0000000000
9907 -1024.0000000000
9957 -1023.0000000000
9966 -1022.0000000000
9978 -1021.0000000000
10010 -1020.0000000000
evaluations raw_y
1 -1988.0000000000
2 -1958.0000000000
35 -1953.0000000000
40 -1949.0000000000
45 -1930.0000000000
52 -1926.0000000000
63 -1899.0000000000
65 -1895.0000000000
67 -1889.0000000000
70 -1887.0000000000
83 -1868.0000000000
95 -1858.0000000000
103 -1857.0000000000
105 -1856.0000000000
106 -1853.0000000000
115 -1851.0000000000
126 -1846.0000000000
130 -1838.0000000000
137 -1836.0000000000
145 -1833.0000000000
158 -1832.0000000000
160 -1830.0000000000
161 -1829.0000000000
170 -1828.0000000000
186 -1827.0000000000
190 -1823.0000000000
194 -1818.0000000000
238 -1817.0000000000
248 -1815.0000000000
262 -1814.0000000000
271 -1813.0000000000
275 -1811.0000000000
295 -1810.0000000000
300 -1809.0000000000
316 -1807.0000000000
329 -1806.0000000000
344 -1805.0000000000
350 -1804.0000000000
363 -1803.0000000000
390 -1802.0000000000
406 -1801.0000000000
424 -1799.0000000000
431 -1798.0000000000
445 -1797.0000000000
473 -1796.0000000000
478 -1795.0000000000
487 -1794.0000000000
493 -1793.0000000000
509 -1792.0000000000
517 -1791.0000000000
522 -1790.0000000000
533 -1789.0000000000
548 -1788.0000000000
571 -1786.0000000000
583 -1785.0000000000
602 -1784.0000000000
614 -1783.0000000000
625 -1782.0000000000
675 -1780.0000000000
681 -1779.0000000000
691 -1778.0000000000
706 -1776.0000000000
724 -1775.0000000000
735 -1774.0000000000
743 -1773.0000000000
753 -1772.0000000000
759 -1771.0000000000
760 -1770.0000000000
774 -1769.0000000000
781 -1768.0000000000
787 -1767.0000000000
801 -1765.0000000000
815 -1764.0000000000
831 -1763.0000000000
855 -1762.0000000000
862 -1760.0000000000
887 -1759.0000000000
902 -1758.0000000000
914 -1757.0000000000
924 -1756.0000000000
937 -1755.0000000000
962 -1753.0000000000
981 -1751.0000000000
998 -1749.0000000000
1006 -1748.0000000000
1017 -1747.0000000000
1026 -1746.0000000000
1032 -1744.0000000000
1042 -1742.0000000000
1064 -1741.0000000000
1074 -1740.0000000000
1096 -1739.0000000000
1103 -1738.0000000000
1115 -1737.0000000000
1123 -1735.0000000000
1125 -1734.0000000000
1145 -1733.0000000000
1150 -1732.0000000000
1172 -1731.0000000000
1174 -1730.0000000000
1182 -1729.0000000000
1189 -1728.0000000000
1202 -1727.0000000000
1205 -1726.0000000000
1216 -1725.0000000000
1228 -1724.0000000000
1239 -1723.0000000000
1248 -1722.0000000000
1253 -1721.0000000000
1258 -1720.0000000000
1277 -1719.0000000000
1289 -1718.0000000000
1296 -1716.0000000000
1309 -1714.0000000000
1326 -1712.0000000000
1344 -1711.0000000000
1372 -1709.0000000000
1387 -1708.0000000000
1403 -1707.0000000000
1408 -1706.0000000000
1421 -1705.0000000000
1428 -1704.0000000000
1450 -1703.0000000000
1472 -1701.0000000000
1476 -1700.0000000000
1487 -1698.0000000000
1501 -1697.0000000000
1514 -1696.0000000000
1528 -1694.0000000000
1529 -1693.0000000000
1544 -1692.0000000000
1553 -1691.0000000000
1560 -1688.0000000000
1579 -1687.0000000000
1590 -1685.0000000000
1607 -1684.0000000000
1609 -1682.0000000000
1634 -1681.0000000000
1636 -1680.0000000000
1651 -1677.0000000000
1674 -1676.0000000000
1684 -1675.0000000000
1697 -1674.0000000000
1709 -1673.0000000000
1721 -1671.0000000000
1725 -1669.0000000000
1731 -1667.0000000000
1751 -1664.0000000000
1770 -1663.0000000000
1791 -1662.0000000000
1803 -1661.0000000000
1813 -1660.0000000000
1820 -1659.0000000000
1828 -1658.0000000000
1842 -1657.0000000000
1858 -1656.0000000000
1873 -1655.0000000000
1886 -1654.0000000000
1894 -1653.0000000000
1921 -1652.0000000000
1931 -1648.0000000000
1964 -1647.0000000000
1975 -1646.0000000000
1992 -1645.0000000000
1994 -1643.0000000000
2012 -1642.0000000000
2036 -1641.0000000000
2047 -1638.0000000000
2070 -1637.0000000000
2098 -1636.0000000000
2104 -1635.0000000000
2126 -1634.0000000000
2143 -1631.0000000000
2175 -1630.0000000000
2179 -1629.0000000000
2199 -1628.0000000000
2207 -1627.0000000000
2215 -1625.0000000000
2245 -1624.0000000000
2251 -1623.0000000000
2275 -1621.0000000000
2276 -1620.0000000000
2305 -1619.0000000000
2318 -1617.0000000000
2336 -1616.0000000000
2339 -1615.0000000000
2340 -1614.0000000000
2346 -1612.0000000000
2379 -1610.0000000000
2410 -1609.0000000000
2432 -1608.0000000000
2438 -1607.0000000000
2450 -1606.0000000000
2466 -1604.0000000000
2487 -1603.0000000000
2493 -1602.0000000000
2505 -1601.0000000000
2507 -1600.0000000000
2512 -1599.0000000000
2514 -1598.0000000000
2535 -1597.0000000000
2564 -1596.0000000000
2574 -1595.0000000000
2607 -1594.0000000000
2613 -1593.0000000000
2622 -1591.0000000000
2635 -1589.0000000000
2653 -1588.0000000000
2664 -1587.0000000000
2667 -1586.0000000000
2696 -1584.0000000000
2709 -1583.0000000000
2729 -1582.0000000000
2742 -1581.0000000000
2744 -1580.0000000000
2751 -1579.0000000000
2756 -1578.0000000000
2778 -1577.0000000000
2782 -1576.0000000000
2809 -1575.0000000000
2836 -1574.0000000000
2842 -1573.0000000000
2849 -1572.0000000000
2852 -1571.0000000000
2861 -1570.0000000000
2864 -1568.0000000000
2891 -1567.0000000000
2906 -1566.0000000000
2911 -1565.0000000000
2922 -1564.0000000000
2931 -1563.0000000000
2965 -1562.0000000000
2972 -1561.0000000000
2986 -1559.0000000000
3006 -1558.0000000000
3019 -1557.0000000000
3033 -1556.0000000000
3056 -1555.0000000000
3064 -1554.0000000000
3074 -1553.0000000000
3079 -1550.0000000000
3098 -1549.0000000000
3107 -1548.0000000000
3132 -1547.0000000000
3138 -1546.0000000000
3141 -1545.0000000000
3161 -1544.0000000000
3176 -1543.0000000000
3186 -1542.0000000000
3202 -1541.0000000000
3204 -1540.0000000000
3209 -1539.0000000000
3243 -1538.0000000000
3262 -1537.0000000000
3267 -1536.0000000000
3275 -1534.0000000000
3324 -1533.0000000000
3344 -1531.0000000000
3364 -1530.0000000000
3376 -1529.0000000000
3386 -1528.0000000000
3417 -1527.0000000000
3439 -1526.0000000000
3444 -1524.0000000000
3480 -1523.0000000000
3482 -1522.0000000000
3489 -1521.0000000000
3496 -1520.0000000000
3521 -1519.0000000000
3525 -1518.0000000000
3528 -1517.0000000000
3534 -1514.0000000000
3585 -1513.0000000000
3609 -1511.0000000000
3624 -1510.0000000000
3636 -1509.0000000000
3641 -1508.0000000000
3661 -1507.0000000000
3674 -1505.0000000000
3688 -1504.0000000000
3693 -1503.0000000000
3695 -1502.0000000000
3700 -1501.0000000000
3704 -1500.0000000000
3713 -1499.0000000000
3733 -1498.0000000000
3749 -1497.0000000000
3761 -1496.0000000000
3769 -1495.0000000000
3777 -1493.0000000000
3801 -1492.0000000000
3807 -1491.0000000000
3835 -1490.0000000000
3840 -1489.0000000000
3856 -1488.0000000000
3864 -1486.0000000000
3880 -1484.0000000000
3888 -1483.0000000000
3902 -1482.0000000000
3918 -1481.0000000000
3940 -1480.0000000000
3959 -1478.0000000000
3996 -1476.0000000000
4001 -1475.0000000000
4028 -1474.0000000000
4035 -1473.0000000000
4041 -1472.0000000000
4065 -1471.0000000000
4068 -1470.0000000000
4072 -1469.0000000000
4090 -1468.0000000000
4094 -1467.0000000000
4105 -1466.0000000000
4109 -1464.0000000000
4136 -1463.0000000000
4137 -1462.0000000000
4151 -1461.0000000000
4162 -1460.0000000000
4169 -1458.0000000000
4187 -1457.0000000000
4201 -1456.0000000000
4212 -1454.0000000000
4233 -1453.0000000000
4243 -1452.0000000000
4246 -1450.0000000000
4268 -1449.0000000000
4272 -1448.0000000000
4275 -1447.0000000000
4293 -1446.0000000000
4301 -1444.0000000000
4318 -1443.0000000000
4328 -1442.0000000000
4338 -1441.0000000000
4345 -1439.0000000000
4382 -1438.0000000000
4385 -1437.0000000000
4417 -1436.0000000000
4425 -1435.0000000000
4427 -1434.0000000000
4433 -1433.0000000000
4450 -1432.0000000000
4471 -1431.0000000000
4476 -1429.0000000000
4492 -1428.0000000000
4516 -1426.0000000000
4526 -1425.0000000000
4549 -1424.0000000000
4556 -1423.0000000000
4577 -1422.0000000000
4604 -1420.0000000000
4627 -1418.0000000000
4641 -1417.0000000000
4644 -1416.0000000000
4661 -1415.0000000000
4669 -1414.0000000000
4678 -1413.0000000000
4721 -1412.0000000000
4727 -1410.0000000000
4761 -1409.0000000000
4766 -1407.0000000000
4814 -1406.0000000000
4827 -1404.0000000000
4847 -1403.0000000000
4851 -1402.0000000000
4853 -1401.0000000000
4866 -1399.0000000000
4885 -1397.0000000000
4926 -1395.0000000000
4933 -1394.0000000000
4939 -1393.0000000000
4959 -1392.0000000000
4973 -1390.0000000000
5003 -1389.0000000000
5005 -1388.0000000000
5019 -1387.0000000000
5021 -1386.0000000000
5053 -1385.0000000000
5064 -1384.0000000000
5080 -1383.0000000000
5099 -1382.0000000000
5111 -1381.0000000000
5118 -1379.0000000000
5137 -1378.0000000000
5150 -1377.0000000000
5167 -1376.0000000000
5171 -1375.0000000000
5184 -1374.0000000000
5193 -1373.0000000000
5210 -1372.0000000000
5213 -1371.0000000000
5229 -1369.0000000000
5237 -1368.0000000000
5241 -1365.0000000000
5286 -1364.0000000000
5309 -1363.0000000000
5311 -1361.0000000000
5329 -1359.0000000000
5351 -1357.0000000000
5357 -1356.0000000000
5380 -1355.0000000000
5383 -1354.0000000000
5403 -1353.0000000000
5420 -1351.0000000000
5426 -1350.0000000000
5432 -1348.0000000000
5452 -1347.0000000000
5457 -1346.0000000000
5473 -1345.0000000000
5482 -1344.0000000000
5487 -1343.0000000000
5500 -1342.0000000000
5504 -1341.0000000000
5517 -1340.0000000000
5520 -1338.0000000000
5521 -1337.0000000000
5567 -1336.0000000000
5574 -1334.0000000000
5610 -1333.0000000000
5616 -1332.0000000000
5641 -1331.0000000000
5648 -1330.0000000000
5649 -1329.0000000000
5674 -1328.0000000000
5687 -1327.0000000000
5707 -1326.0000000000
5718 -1325.0000000000
5725 -1324.0000000000
5736 -1323.0000000000
5748 -1322.0000000000
5753 -1321.0000000000
5769 -1320.0000000000
5773 -1319.0000000000
5807 -1318.0000000000
5815 -1317.0000000000
5843 -1316.0000000000
5855 -1315.0000000000
5871 -1314.0000000000
5883 -1313.0000000000
5899 -1312.0000000000
5918 -1311.0000000000
5930 -1310.0000000000
5937 -1309.0000000000
5969 -1308.0000000000
5973 -1306.0000000000
5984 -1305.0000000000
5987 -1304.0000000000
6003 -1303.0000000000
6007 -1302.0000000000
6011 -1301.0000000000
6026 -1300.0000000000
6040 -1299.0000000000
6053 -1298.0000000000
6065 -1296.0000000000
6094 -1295.0000000000
6105 -1293.0000000000
6132 -1292.0000000000
6140 -1291.0000000000
6152 -1290.0000000000
6166 -1289.0000000000
6176 -1288.0000000000
6192 -1287.0000000000
6200 -1286.0000000000
6215 -1285.0000000000
6217 -1284.0000000000
6235 -1283.0000000000
6245 -1282.0000000000
6267 -1281.0000000000
6279 -1280.0000000000
6295 -1279.0000000000
6299 -1277.0000000000
6318 -1276.0000000000
6335 -1273.0000000000
6355 -1272.0000000000
6377 -1271.0000000000
6378 -1270.0000000000
6380 -1269.0000000000
6396 -1268.0000000000
6402 -1266.0000000000
6423 -1265.0000000000
6425 -1263.0000000000
6437 -1262.0000000000
6458 -1260.0000000000
6473 -1259.0000000000
6481 -1258.0000000000
6489 -1257.0000000000
6504 -1255.0000000000
6519 -1254.0000000000
6532 -1253.0000000000
6538 -1252.0000000000
6562 -1251.0000000000
6604 -1250.0000000000
6613 -1249.0000000000
6624 -1248.0000000000
6644 -1247.0000000000
6646 -1246.0000000000
6688 -1245.0000000000
6699 -1244.0000000000
6707 -1243.0000000000
6724 -1242.0000000000
6732 -1241.0000000000
6734 -1240.0000000000
6741 -1239.0000000000
6776 -1238.0000000000
6781 -1237.0000000000
6787 -1236.0000000000
6806 -1235.0000000000
6818 -1234.0000000000
6835 -1232.0000000000
6844 -1230.0000000000
6862 -1229.0000000000
6874 -1228.0000000000
6875 -1227.0000000000
6882 -1226.0000000000
6901 -1225.0000000000
6904 -1224.0000000000
6913 -1221.0000000000
6941 -1220.0000000000
6943 -1218.0000000000
6965 -1217.0000000000
6983 -1216.0000000000
6999 -1214.0000000000
7027 -1213.0000000000
7034 -1212.0000000000
7062 -1211.0000000000
7074 -1210.0000000000
7081 -1209.0000000000
7139 -1207.0000000000
7168 -1205.0000000000
7208 -1204.0000000000
7248 -1203.0000000000
7272 -1202.0000000000
7285 -1201.0000000000
7289 -1200.0000000000
7307 -1199.0000000000
7314 -1198.0000000000
7343 -1197.0000000000
7359 -1196.0000000000
7395 -1194.0000000000
7426 -1193.0000000000
7440 -1192.0000000000
7466 -1191.0000000000
7473 -1190.0000000000
7482 -1189.0000000000
7502 -1188.0000000000
7504 -1187.0000000000
7523 -1186.0000000000
7534 -1185.0000000000
7546 -1184.0000000000
7569 -1183.0000000000
7578 -1181.0000000000
7608 -1180.0000000000
7627 -1179.0000000000
7633 -1178.0000000000
7658 -1176.0000000000
7683 -1175.0000000000
7701 -1174.0000000000
7714 -1173.0000000000
7735 -1172.0000000000
7748 -1170.0000000000
7770 -1169.0000000000
7783 -1168.0000000000
7805 -1167.0000000000
7813 -1166.0000000000
7820 -1165.0000000000
7841 -1163.0000000000
7858 -1162.0000000000
7869 -1161.0000000000
7898 -1160.0000000000
7899 -1159.0000000000
7932 -1158.0000000000
7940 -1157.0000000000
7956 -1156.0000000000
7959 -1155.0000000000
7969 -1154.0000000000
7990 -1153.0000000000
8016 -1151.0000000000
8032 -1150.0000000000
8070 -1149.0000000000
8085 -1148.0000000000
8098 -1147.0000000000
8118 -1146.0000000000
8121 -1145.0000000000
8134 -1144.0000000000
8142 -1143.0000000000
8167 -1142.0000000000
8177 -1141.0000000000
8188 -1139.0000000000
8220 -1136.0000000000
8250 -1135.0000000000
8266 -1134.0000000000
8278 -1133.0000000000
8281 -1132.0000000000
8294 -1131.0000000000
8333 -1130.0000000000
8355 -1129.0000000000
8372 -1128.0000000000
8388 -1127.0000000000
8396 -1125.0000000000
8417 -1123.0000000000
8446 -1122.0000000000
8457 -1121.0000000000
8473 -1120.0000000000
8479 -1117.0000000000
8509 -1116.0000000000
8512 -1115.0000000000
8539 -1114.0000000000
8546 -1113.0000000000
8558 -1112.0000000000
8563 -1111.0000000000
8574 -1110.0000000000
8593 -1109.0000000000
8596 -1108.0000000000
8625 -1106.0000000000
8641 -1105.0000000000
8649 -1104.0000000000
8661 -1103.0000000000
8663 -1102.0000000000
8678 -1101.0000000000
8687 -1100.0000000000
8725 -1099.0000000000
8742 -1098.0000000000
8751 -1097.0000000000
8756 -1096.0000000000
8782 -1095.0000000000
8799 -1094.0000000000
8804 -1092.0000000000
8820 -1091.0000000000
8845 -1089.0000000000
8858 -1087.0000000000
8874 -1086.0000000000
8886 -1085.0000000000
8887 -1082.0000000000
8911 -1081.0000000000
8923 -1080.0000000000
8926 -1079.0000000000
8971 -1078.0000000000
8992 -1077.0000000000
8998 -1076.0000000000
9017 -1075.0000000000
9037 -1073.0000000000
9043 -1072.0000000000
9062 -1071.0000000000
9068 -1070.0000000000
9080 -1069.0000000000
9111 -1068.0000000000
9117 -1067.0000000000
9121 -1066.0000000000
9146 -1065.0000000000
9162 -1064.0000000000
9163 -1063.0000000000
9164 -1062.0000000000
9174 -1061.0000000000
9190 -1060.0000000000
9214 -1057.0000000000
9236 -1056.0000000000
9250 -1055.0000000000
9286 -1054.0000000000
9289 -1053.0000000000
9318 -1052.0000000000
9347 -1051.0000000000
9349 -1049.0000000000
9376 -1048.0000000000
9383 -1047.0000000000
9400 -1046.0000000000
9417 -1045.0000000000
9420 -1044.0000000000
9449 -1043.0000000000
9451 -1042.0000000000
9479 -1041.0000000000
9489 -1040.0000000000
9504 -1039.0000000000
9518 -1038.0000000000
9532 -1037.0000000000
9544 -1036.0000000000
9573 -1035.0000000000
9587 -1033.0000000000
9599 -1032.0000000000
9611 -1031.0000000000
9632 -1030.0000000000
9666 -1029.0000000000
9670 -1027.0000000000
9713 -1026.0000000000
9755 -1025.0000000000
9770 -1024.0000000000
9789 -1023.0000000000
9795 -1022.0000000000
9809 -1020.0000000000
9821 -1019.0000000000
9845 -1017.0000000000
9877 -1016.0000000000
9896 -1015.0000000000
9917 -1014.0000000000
9935 -1013.0000000000
9941 -1012.0000000000
9964 -1011.0000000000
9972 -1010.0000000000
9991 -1009.0000000000
10009 -1008.0000000000
10010 -1009.0000000000
evaluations raw_y
1 -1988.0000000000
5 -1943.0000000000
13 -1939.0000000000
14 -1929.0000000000
26 -1917.0000000000
48 -1905.0000000000
52 -1899.0000000000
53 -1897.0000000000
59 -1894.0000000000
61 -1891.0000000000
68 -1870.0000000000
80 -1855.0000000000
85 -1844.0000000000
91 -1841.0000000000
106 -1837.0000000000
121 -1828.0000000000
123 -1820.0000000000
137 -1818.0000000000
144 -1807.0000000000
164 -1802.0000000000
169 -1800.0000000000
179 -1798.0000000000
189 -1796.0000000000
196 -1792.0000000000
201 -1791.0000000000
207 -1789.0000000000
224 -1788.0000000000
229 -1787.0000000000
231 -1785.0000000000
253 -1784.0000000000
263 -1781.0000000000
277 -1779.0000000000
296 -1778.0000000000
303 -1777.0000000000
308 -1776.0000000000
326 -1775.0000000000
331 -1773.0000000000
350 -1772.0000000000
363 -1771.0000000000
377 -1770.0000000000
399 -1769.0000000000
410 -1768.0000000000
413 -1767.0000000000
438 -1766.0000000000
446 -1765.0000000000
457 -1763.0000000000
463 -1762.0000000000
477 -1761.0000000000
494 -1760.0000000000
502 -1759.0000000000
515 -1758.0000000000
532 -1756.0000000000
547 -1755.0000000000
565 -1754.0000000000
570 -1753.0000000000
576 -1752.0000000000
583 -1751.0000000000
607 -1749.0000000000
618 -1748.0000000000
632 -1747.0000000000
635 -1746.0000000000
643 -1745.0000000000
658 -1744.0000000000
659 -1743.0000000000
678 -1739.0000000000
716 -1738.0000000000
729 -1737.0000000000
737 -1736.0000000000
741 -1734.0000000000
757 -1733.0000000000
762 -1732.0000000000
764 -1731.0000000000
788 -1730.0000000000
792 -1729.0000000000
808 -1728.0000000000
809 -1727.0000000000
828 -1726.0000000000
834 -1725.0000000000
837 -1724.0000000000
861 -1723.0000000000
885 -1722.0000000000
890 -1721.0000000000
914 -1720.0000000000
918 -1719.0000000000
940 -1718.0000000000
962 -1717.0000000000
980 -1716.0000000000
987 -1715.0000000000
1002 -1714.0000000000
1011 -1713.0000000000
1027 -1711.0000000000
1037 -1710.0000000000
1059 -1709.0000000000
1073 -1708.0000000000
1077 -1707.0000000000
1083 -1704.0000000000
1114 -1703.0000000000
1133 -1702.0000000000
1135 -1701.0000000000
1166 -1698.0000000000
1208 -1697.0000000000
1227 -1696.0000000000
1238 -1695.0000000000
1244 -1694.0000000000
1248 -1693.0000000000
1283 -1692.0000000000
1288 -1691.0000000000
1298 -1690.0000000000
1311 -1689.0000000000
1317 -1687.0000000000
1339 -1686.0000000000
1352 -1684.0000000000
1359 -1683.0000000000
1366 -1681.0000000000
1380 -1680.0000000000
1391 -1679.0000000000
1410 -1678.0000000000
1417 -1677.0000000000
1420 -1675.0000000000
1443 -1674.0000000000
1461 -1673.0000000000
1476 -1672.0000000000
1478 -1671.0000000000
1480 -1670.0000000000
1502 -1669.0000000000
1506 -1667.0000000000
1522 -1666.0000000000
1545 -1665.0000000000
1554 -1664.0000000000
1563 -1663.0000000000
1583 -1662.0000000000
1588 -1660.0000000000
1617 -1659.0000000000
1621 -1657.0000000000
1631 -1656.0000000000
1632 -1655.0000000000
1643 -1653.0000000000
1660 -1652.0000000000
1677 -1651.0000000000
1683 -1650.0000000000
1713 -1649.0000000000
1728 -1647.0000000000
1766 -1645.0000000000
1777 -1644.0000000000
1795 -1642.0000000000
1822 -1641.0000000000
1829 -1640.0000000000
1840 -1639.0000000000
1853 -1636.0000000000
1863 -1635.0000000000
1868 -1634.0000000000
1889 -1632.0000000000
1899 -1631.0000000000
1931 -1630.0000000000
1938 -1629.0000000000
1946 -1628.0000000000
1956 -1627.0000000000
1978 -1626.0000000000
1985 -1624.0000000000
2003 -1623.0000000000
2012 -1622.0000000000
2015 -1619.0000000000
2057 -1618.0000000000
2065 -1617.0000000000
2066 -1616.0000000000
2076 -1615.0000000000
2093 -1614.0000000000
2094 -1612.0000000000
2111 -1610.0000000000
2126 -1608.0000000000
2144 -1606.0000000000
2165 -1604.0000000000
2189 -1603.0000000000
2194 -1602.0000000000
2202 -1601.0000000000
2208 -1600.0000000000
2214 -1598.0000000000
2220 -1597.0000000000
2237 -1596.0000000000
2239 -1595.0000000000
2244 -1594.0000000000
2247 -1593.0000000000
2281 -1592.0000000000
2290 -1591.0000000000
2302 -1590.0000000000
2320 -1589.0000000000
2332 -1588.0000000000
2339 -1587.0000000000
2355 -1586.0000000000
2373 -1585.0000000000
2383 -1583.0000000000
2401 -1582.0000000000
2408 -1581.0000000000
2421 -1580.0000000000
2430 -1578.0000000000
2446 -1576.0000000000
2448 -1575.0000000000
2462 -1573.0000000000
2479 -1572.0000000000
2488 -1571.0000000000
2491 -1570.0000000000
2516 -1568.0000000000
2519 -1567.0000000000
2531 -1566.0000000000
2545 -1565.0000000000
2550 -1564.0000000000
2582 -1563.0000000000
2584 -1562.0000000000
2600 -1561.0000000000
2610 -1560.0000000000
2614 -1559.0000000000
2623 -1558.0000000000
2624 -1557.0000000000
2644 -1556.0000000000
2646 -1555.0000000000
2658 -1552.0000000000
2673 -1551.0000000000
2692 -1550.0000000000
2706 -1549.0000000000
2718 -1548.0000000000
2741 -1547.0000000000
2744 -1546.0000000000
2778 -1545.0000000000
2785 -1544.0000000000
2798 -1542.0000000000
2811 -1540.0000000000
2816 -1539.0000000000
2833 -1538.0000000000
2858 -1537.0000000000
2875 -1536.0000000000
2882 -1535.0000000000
2903 -1534.0000000000
2913 -1533.0000000000
2920 -1532.0000000000
2924 -1531.0000000000
2951 -1530.0000000000
2952 -1529.0000000000
2979 -1528.0000000000
2993 -1526.0000000000
3012 -1525.0000000000
3022 -1523.0000000000
3064 -1522.0000000000
3079 -1521.0000000000
3098 -1520.0000000000
3104 -1519.0000000000
3111 -1518.0000000000
3127 -1517.0000000000
3139 -1515.0000000000
3184 -1514.0000000000
3195 -1512.0000000000
3197 -1511.0000000000
3228 -1510.0000000000
3236 -1509.0000000000
3244 -1508.0000000000
3259 -1506.0000000000
3283 -1504.0000000000
3284 -1503.0000000000
3306 -1502.0000000000
3323 -1501.0000000000
3332 -1500.0000000000
3344 -1499.0000000000
3353 -1497.0000000000
3372 -1496.0000000000
3376 -1495.0000000000
3385 -1494.0000000000
3401 -1493.0000000000
3415 -1492.0000000000
3425 -1490.0000000000
3440 -1489.0000000000
3447 -1487.0000000000
3466 -1485.0000000000
3496 -1484.0000000000
3504 -1483.0000000000
3511 -1482.0000000000
3521 -1481.0000000000
3527 -1480.0000000000
3560 -1479.0000000000
3571 -1478.0000000000
3590 -1477.0000000000
3600 -1476.0000000000
3604 -1475.0000000000
3611 -1474.0000000000
3616 -1473.0000000000
3644 -1472.0000000000
3655 -1471.0000000000
3670 -1470.0000000000
3687 -1469.0000000000
3703 -1468.0000000000
3724 -1467.0000000000
3733 -1465.0000000000
3744 -1464.0000000000
3763 -1463.0000000000
3773 -1462.0000000000
3778 -1460.0000000000
3788 -1459.0000000000
3806 -1458.0000000000
3824 -1456.0000000000
3829 -1455.0000000000
3842 -1454.0000000000
3852 -1453.0000000000
3877 -1452.0000000000
3884 -1451.0000000000
3920 -1450.0000000000
3932 -1449.0000000000
3949 -1448.0000000000
3951 -1447.0000000000
3961 -1446.0000000000
3968 -1445.0000000000
3979 -1444.0000000000
3986 -1443.0000000000
3992 -1442.0000000000
4014 -1441.0000000000
4015 -1440.0000000000
4026 -1439.0000000000
4049 -1438.0000000000
4054 -1437.0000000000
4059 -1435.0000000000
4074 -1432.0000000000
4089 -1431.0000000000
4108 -1429.0000000000
4119 -1428.0000000000
4124 -1427.0000000000
4130 -1426.0000000000
4131 -1425.0000000000
4138 -1423.0000000000
4145 -1422.0000000000
4163 -1421.0000000000
4164 -1420.0000000000
4165 -1419.0000000000
4178 -1417.0000000000
4206 -1415.0000000000
4216 -1414.0000000000
4250 -1412.0000000000
4255 -1409.0000000000
4290 -1408.0000000000
4324 -1407.0000000000
4334 -1406.0000000000
4352 -1405.0000000000
4354 -1404.0000000000
4358 -1403.0000000000
4381 -1402.0000000000
4402 -1400.0000000000
4429 -1399.0000000000
4435 -1398.0000000000
4443 -1397.0000000000
4454 -1395.0000000000
4477 -1394.0000000000
4485 -1392.0000000000
4499 -1391.0000000000
4505 -1389.0000000000
4512 -1388.0000000000
4524 -1387.0000000000
4559 -1386.0000000000
4568 -1385.0000000000
4576 -1384.0000000000
4595 -1383.0000000000
4632 -1382.0000000000
4636 -1381.0000000000
4664 -1379.0000000000
4676 -1378.0000000000
4708 -1376.0000000000
4723 -1375.0000000000
4747 -1374.0000000000
4766 -1373.0000000000
4768 -1371.0000000000
4792 -1369.0000000000
4815 -1368.0000000000
4844 -1367.0000000000
4860 -1366.0000000000
4880 -1365.0000000000
4882 -1364.0000000000
4888 -1363.0000000000
4919 -1362.0000000000
4930 -1361.0000000000
4948 -1360.0000000000
4961 -1358.0000000000
4965 -1357.0000000000
4984 -1356.0000000000
4996 -1354.0000000000
5022 -1353.0000000000
5032 -1350.0000000000
5052 -1348.0000000000
5064 -1347.0000000000
5065 -1346.0000000000
5090 -1345.0000000000
5091 -1344.0000000000
5114 -1343.0000000000
5146 -1342.0000000000
5154 -1341.0000000000
5178 -1340.0000000000
5190 -1339.0000000000
5209 -1338.0000000000
5232 -1337.0000000000
5253 -1336.0000000000
5254 -1333.0000000000
5275 -1332.0000000000
5276 -1331.0000000000
5283 -1330.0000000000
5311 -1329.0000000000
5321 -1327.0000000000
5361 -1326.0000000000
5370 -1323.0000000000
5387 -1322.0000000000
5405 -1320.0000000000
5427 -1319.0000000000
5443 -1318.0000000000
5465 -1316.0000000000
5473 -1314.0000000000
5503 -1313.0000000000
5515 -1312.0000000000
5531 -1310.0000000000
5559 -1309.0000000000
5577 -1308.0000000000
5600 -1307.0000000000
5629 -1306.0000000000
5660 -1305.0000000000
5679 -1304.0000000000
5684 -1303.0000000000
5702 -1301.0000000000
5744 -1299.0000000000
5763 -1297.0000000000
5783 -1296.0000000000
5796 -1295.0000000000
5815 -1294.0000000000
5821 -1293.0000000000
5825 -1292.0000000000
5844 -1291.0000000000
5862 -1290.0000000000
5883 -1289.0000000000
5891 -1288.0000000000
5903 -1286.0000000000
5909 -1284.0000000000
5933 -1283.0000000000
5943 -1282.0000000000
5947 -1281.0000000000
5959 -1279.0000000000
5972 -1278.0000000000
5991 -1275.0000000000
6026 -1274.0000000000
6036 -1273.0000000000
6042 -1272.0000000000
6058 -1271.0000000000
6072 -1270.0000000000
6085 -1269.0000000000
6094 -1268.0000000000
6108 -1267.0000000000
6120 -1266.0000000000
6122 -1265.0000000000
6133 -1264.0000000000
6150 -1263.0000000000
6178 -1262.0000000000
6188 -1260.0000000000
6201 -1259.0000000000
6219 -1258.0000000000
6237 -1257.0000000000
6247 -1255.0000000000
6251 -1254.0000000000
6266 -1252.0000000000
6295 -1250.0000000000
6300 -1249.0000000000
6313 -1248.0000000000
6325 -1246.0000000000
6329 -1245.0000000000
6342 -1244.0000000000
6353 -1243.0000000000
6360 -1242.0000000000
6406 -1240.0000000000
6431 -1239.0000000000
6436 -1237.0000000000
6460 -1235.0000000000
6483 -1234.0000000000
6489 -1233.0000000000
6513 -1232.0000000000
6547 -1231.0000000000
6559 -1230.0000000000
6573 -1229.0000000000
6578 -1228.0000000000
6585 -1227.0000000000
6595 -1225.0000000000
6629 -1224.0000000000
6643 -1222.0000000000
6654 -1221.0000000000
6662 -1220.0000000000
6673 -1219.0000000000
6682 -1218.0000000000
6689 -1217.0000000000
6698 -1215.0000000000
6710 -1214.0000000000
6720 -1213.0000000000
6726 -1212.0000000000
6736 -1211.0000000000
6737 -1210.0000000000
6768 -1209.0000000000
6773 -1208.0000000000
6808 -1207.0000000000
6818 -1206.0000000000
6830 -1205.0000000000
6845 -1204.0000000000
6852 -1202.0000000000
6861 -1201.0000000000
6870 -1200.0000000000
6881 -1199.0000000000
6887 -1198.0000000000
6889 -1197.0000000000
6930 -1196.0000000000
6951 -1194.0000000000
6969 -1192.0000000000
6976 -1190.0000000000
6986 -1189.0000000000
6993 -1188.0000000000
7023 -1186.0000000000
7027 -1185.0000000000
7056 -1184.0000000000
7061 -1183.0000000000
7068 -1182.0000000000
7083 -1180.0000000000
7097 -1179.0000000000
7099 -1178.0000000000
7103 -1177.0000000000
7107 -1176.0000000000
7115 -1175.0000000000
7122 -1174.0000000000
7125 -1173.0000000000
7164 -1172.0000000000
7165 -1170.0000000000
7194 -1169.0000000000
7203 -1168.0000000000
7219 -1167.0000000000
7232 -1166.0000000000
7248 -1165.0000000000
7252 -1164.0000000000
7260 -1163.0000000000
7263 -1162.0000000000
7266 -1161.0000000000
7291 -1160.0000000000
7295 -1159.0000000000
7305 -1158.0000000000
7356 -1157.0000000000
7364 -1156.0000000000
7369 -1155.0000000000
7385 -1154.0000000000
7397 -1153.0000000000
7412 -1152.0000000000
7430 -1151.0000000000
7431 -1150.0000000000
7445 -1149.0000000000
7455 -1147.0000000000
7491 -1146.0000000000
7492 -1145.0000000000
7499 -1144.0000000000
7507 -1142.0000000000
7545 -1141.0000000000
7567 -1140.0000000000
7583 -1139.0000000000
7590 -1138.0000000000
7612 -1137.0000000000
7616 -1136.0000000000
7623 -1135.0000000000
7624 -1134.0000000000
7635 -1133.0000000000
7672 -1132.0000000000
7689 -1131.0000000000
7726 -1130.0000000000
7740 -1129.0000000000
7749 -1128.0000000000
7793 -1125.0000000000
7808 -1124.0000000000
7833 -1122.0000000000
7856 -1121.0000000000
7868 -1119.0000000000
7883 -1118.0000000000
7896 -1117.0000000000
7900 -1116.0000000000
7902 -1115.0000000000
7929 -1114.0000000000
7955 -1113.0000000000
7980 -1111.0000000000
8003 -1110.0000000000
8014 -1109.0000000000
8018 -1108.0000000000
8046 -1107.0000000000
8048 -1106.0000000000
8106 -1105.0000000000
8118 -1104.0000000000
8129 -1103.0000000000
8138 -1102.0000000000
8145 -1101.0000000000
8175 -1100.0000000000
8178 -1098.0000000000
8196 -1097.0000000000
8203 -1096.0000000000
8228 -1095.0000000000
8271 -1093.0000000000
8306 -1092.0000000000
8340 -1091.0000000000
8366 -1089.0000000000
8383 -1088.0000000000
8393 -1087.0000000000
8416 -1086.0000000000
8433 -1085.0000000000
8444 -1084.0000000000
8462 -1083.0000000000
8476 -1082.0000000000
8479 -1081.0000000000
8492 -1080.0000000000
8499 -1079.0000000000
8511 -1077.0000000000
8535 -1076.0000000000
8550 -1075.0000000000
8552 -1074.0000000000
8558 -1073.0000000000
8576 -1072.0000000000
8582 -1071.0000000000
8603 -1069.0000000000
8635 -1068.0000000000
8651 -1067.0000000000
8672 -1065.0000000000
8692 -1064.0000000000
8702 -1063.0000000000
8720 -1062.0000000000
8733 -1061.0000000000
8744 -1060.0000000000
8757 -1059.0000000000
8785 -1058.0000000000
8788 -1057.0000000000
8797 -1056.0000000000
8807 -1055.0000000000
8817 -1054.0000000000
8824 -1053.0000000000
8840 -1052.0000000000
8854 -1051.0000000000
8880 -1050.0000000000
8884 -1049.0000000000
8898 -1048.0000000000
8902 -1047.0000000000
8925 -1046.0000000000
8936 -1044.0000000000
8948 -1043.0000000000
8949 -1042.0000000000
8957 -1041.0000000000
8966 -1040.0000000000
8972 -1039.0000000000
8983 -1038.0000000000
9015 -1037.0000000000
9020 -1036.0000000000
9033 -1035.0000000000
9073 -1034.0000000000
9085 -1033.0000000000
9092 -1032.0000000000
9122 -1031.0000000000
9126 -1030.0000000000
9181 -1029.0000000000
9206 -1028.0000000000
9215 -1027.0000000000
9221 -1026.0000000000
9242 -1024.0000000000
9271 -1023.0000000000
9281 -1022.0000000000
9282 -1021.0000000000
9286 -1020.0000000000
9300 -1019.0000000000
9307 -1017.0000000000
9324 -1015.0000000000
9341 -1014.0000000000
9367 -1013.0000000000
9380 -1012.0000000000
9413 -1010.0000000000
9430 -1009.0000000000
9436 -1008.0000000000
9457 -1007.0000000000
9474 -1006.0000000000
9497 -1005.0000000000
9517 -1004.0000000000
9544 -1003.0000000000
9557 -1002.0000000000
9576 -1001.0000000000
9579 -1000.0000000000
9615 -999.0000000000
9617 -998.0000000000
9661 -997.0000000000
9669 -994.0000000000
9698 -993.0000000000
9709 -992.0000000000
9711 -991.0000000000
9727 -990.0000000000
9742 -989.0000000000
9753 -988.0000000000
9760 -987.0000000000
9781 -986.0000000000
9823 -985.0000000000
9828 -983.0000000000
9848 -982.0000000000
9859 -981.0000000000
9873 -980.0000000000
9891 -978.0000000000
9910 -976.0000000000
9972 -975.0000000000
9986 -973.0000000000
9997 -972.0000000000
10010 -976.0000000000
evaluations raw_y
1 -2052.0000000000
2 -1958.0000000000
16 -1942.0000000000
21 -1939.0000000000
26 -1938.0000000000
27 -1931.0000000000
29 -1925.0000000000
35 -1922.0000000000
41 -1885.0000000000
43 -1874.0000000000
53 -1869.0000000000
55 -1859.0000000000
80 -1858.0000000000
84 -1843.0000000000
114 -1838.0000000000
117 -1837.0000000000
119 -1835.0000000000
120 -1833.0000000000
129 -1832.0000000000
132 -1831.0000000000
136 -1827.0000000000
143 -1823.0000000000
155 -1820.0000000000
161 -1816.0000000000
180 -1813.0000000000
196 -1812.0000000000
204 -1810.0000000000
212 -1807.0000000000
226 -1805.0000000000
234 -1804.0000000000
240 -1803.0000000000
245 -1802.0000000000
250 -1799.0000000000
270 -1798.0000000000
274 -1797.0000000000
279 -1795.0000000000
299 -1794.0000000000
302 -1793.0000000000
317 -1792.0000000000
332 -1790.0000000000
339 -1789.0000000000
344 -1788.0000000000
358 -1787.0000000000
364 -1786.0000000000
379 -1785.0000000000
403 -1783.0000000000
426 -1782.0000000000
431 -1780.0000000000
432 -1779.0000000000
443 -1778.0000000000
467 -1777.0000000000
485 -1776.0000000000
488 -1774.0000000000
505 -1773.0000000000
513 -1772.0000000000
526 -1771.0000000000
528 -1770.0000000000
544 -1769.0000000000
558 -1768.0000000000
565 -1765.0000000000
591 -1764.0000000000
599 -1763.0000000000
619 -1762.0000000000
621 -1761.0000000000
628 -1760.0000000000
649 -1759.0000000000
656 -1758.0000000000
657 -1756.0000000000
676 -1753.0000000000
698 -1752.0000000000
699 -1751.0000000000
711 -1750.0000000000
719 -1748.0000000000
736 -1747.0000000000
745 -1746.0000000000
764 -1745.0000000000
773 -1744.0000000000
784 -1743.0000000000
789 -1742.0000000000
813 -1741.0000000000
823 -1740.0000000000
831 -1739.0000000000
842 -1738.0000000000
856 -1737.0000000000
863 -1735.0000000000
885 -1734.0000000000
888 -1733.0000000000
898 -1732.0000000000
919 -1730.0000000000
935 -1728.0000000000
962 -1727.0000000000
977 -1726.0000000000
978 -1725.0000000000
999 -1723.0000000000
1018 -1722.0000000000
1024 -1721.0000000000
1031 -1720.0000000000
1049 -1719.0000000000
1065 -1718.0000000000
1077 -1716.0000000000
1085 -1714.0000000000
1089 -1713.0000000000
1116 -1712.0000000000
1143 -1711.0000000000
1158 -1710.0000000000
1170 -1709.0000000000
1206 -1707.0000000000
1230 -1706.0000000000
1236 -1705.0000000000
1255 -1702.0000000000
1290 -1701.0000000000
1295 -1700.0000000000
1301 -1699.0000000000
1315 -1698.0000000000
1321 -1696.0000000000
1327 -1695.0000000000
1351 -1694.0000000000
1360 -1693.0000000000
1386 -1692.0000000000
1389 -1691.0000000000
1401 -1690.0000000000
1418 -1689.0000000000
1421 -1688.0000000000
1435 -1687.0000000000
1451 -1686.0000000000
1455 -1685.0000000000
1481 -1684.0000000000
1500 -1683.0000000000
1504 -1682.0000000000
1508 -1681.0000000000
1514 -1680.0000000000
1529 -1679.0000000000
1533 -1678.0000000000
1550 -1676.0000000000
1572 -1674.0000000000
1592 -1673.0000000000
1599 -1672.0000000000
1610 -1671.0000000000
1624 -1669.0000000000
1640 -1668.0000000000
1643 -1667.0000000000
1645 -1666.0000000000
1662 -1665.0000000000
1681 -1664.0000000000
1694 -1662.0000000000
1713 -1661.0000000000
1715 -1660.0000000000
1734 -1658.0000000000
1738 -1657.0000000000
1746 -1656.0000000000
1766 -1655.0000000000
1787 -1653.0000000000
1804 -1652.0000000000
1819 -1651.0000000000
1820 -1650.0000000000
1835 -1649.0000000000
1842 -1648.0000000000
1864 -1646.0000000000
1869 -1645.0000000000
1873 -1644.0000000000
1889 -1643.0000000000
1904 -1641.0000000000
1907 -1640.0000000000
1922 -1639.0000000000
1931 -1638.0000000000
1943 -1637.0000000000
1954 -1635.0000000000
1971 -1634.0000000000
1972 -1633.0000000000
1984 -1632.0000000000
1992 -1630.0000000000
2004 -1629.0000000000
2029 -1628.0000000000
2031 -1626.0000000000
2071 -1625.0000000000
2075 -1624.0000000000
2103 -1623.0000000000
2106 -1621.0000000000
2144 -1620.0000000000
2150 -1618.0000000000
2180 -1617.0000000000
2189 -1615.0000000000
2213 -1614.0000000000
2217 -1613.0000000000
2230 -1612.0000000000
2240 -1611.0000000000
2241 -1610.0000000000
2263 -1609.0000000000
2270 -1608.0000000000
2289 -1607.0000000000
2292 -1606.0000000000
2319 -1605.0000000000
2336 -1604.0000000000
2352 -1603.0000000000
2357 -1602.0000000000
2359 -1600.0000000000
2381 -1599.0000000000
2401 -1598.0000000000
2404 -1597.0000000000
2418 -1596.0000000000
2436 -1593.0000000000
2442 -1592.0000000000
2454 -1591.0000000000
2473 -1590.0000000000
2476 -1589.0000000000
2494 -1588.0000000000
2502 -1587.0000000000
2510 -1586.0000000000
2514 -1584.0000000000
2542 -1582.0000000000
2561 -1581.0000000000
2570 -1580.0000000000
2573 -1579.0000000000
2604 -1577.0000000000
2608 -1575.0000000000
2618 -1574.0000000000
2636 -1573.0000000000
2651 -1572.0000000000
2656 -1570.0000000000
2676 -1569.0000000000
2701 -1568.0000000000
2709 -1567.0000000000
2721 -1565.0000000000
2740 -1563.0000000000
2771 -1562.0000000000
2780 -1561.0000000000
2797 -1560.0000000000
2802 -1559.0000000000
2813 -1557.0000000000
2830 -1556.0000000000
2841 -1555.0000000000
2849 -1554.0000000000
2874 -1552.0000000000
2885 -1551.0000000000
2897 -1549.0000000000
2923 -1547.0000000000
2937 -1546.0000000000
2950 -1545.0000000000
2964 -1544.0000000000
2970 -1542.0000000000
2989 -1541.0000000000
2996 -1540.0000000000
3005 -1539.0000000000
3008 -1538.0000000000
3020 -1537.0000000000
3035 -1536.0000000000
3067 -1535.0000000000
3084 -1534.0000000000
3090 -1533.0000000000
3128 -1532.0000000000
3138 -1531.0000000000
3175 -1528.0000000000
3200 -1527.0000000000
3202 -1525.0000000000
3222 -1524.0000000000
3232 -1523.0000000000
3248 -1521.0000000000
3254 -1519.0000000000
3273 -1517.0000000000
3281 -1516.0000000000
3291 -1515.0000000000
3295 -1514.0000000000
3300 -1513.0000000000
3322 -1512.0000000000
3344 -1511.0000000000
3347 -1510.0000000000
3348 -1509.0000000000
3373 -1508.0000000000
3374 -1507.0000000000
3379 -1506.0000000000
3406 -1505.0000000000
3407 -1503.0000000000
3422 -1501.0000000000
3443 -1499.0000000000
3469 -1498.0000000000
3487 -1497.0000000000
3505 -1496.0000000000
3511 -1495.0000000000
3528 -1494.0000000000
3533 -1493.0000000000
3550 -1492.0000000000
3560 -1491.0000000000
3570 -1490.0000000000
3584 -1489.0000000000
3603 -1488.0000000000
3613 -1485.0000000000
3625 -1484.0000000000
3673 -1483.0000000000
3683 -1482.0000000000
3723 -1481.0000000000
3732 -1480.0000000000
3744 -1479.0000000000
3753 -1478.0000000000
3763 -1477.0000000000
3777 -1476.0000000000
3785 -1475.0000000000
3787 -1474.0000000000
3795 -1473.0000000000
3812 -1470.0000000000
3836 -1469.0000000000
3850 -1468.0000000000
3864 -1467.0000000000
3867 -1466.0000000000
3881 -1465.0000000000
3886 -1464.0000000000
3900 -1463.0000000000
3924 -1462.0000000000
3930 -1461.0000000000
3958 -1460.0000000000
3972 -1459.0000000000
3977 -1458.0000000000
3979 -1457.0000000000
4014 -1456.0000000000
4017 -1455.0000000000
4030 -1454.0000000000
4057 -1453.0000000000
4058 -1452.0000000000
4059 -1450.0000000000
4074 -1449.0000000000
4080 -1448.0000000000
4084 -1447.0000000000
4111 -1445.0000000000
4121 -1444.0000000000
4134 -1441.0000000000
4154 -1440.0000000000
4159 -1439.0000000000
4182 -1438.0000000000
4187 -1437.0000000000
4188 -1436.0000000000
4226 -1435.0000000000
4232 -1434.0000000000
4235 -1433.0000000000
4258 -1432.0000000000
4261 -1431.0000000000
4272 -1429.0000000000
4283 -1427.0000000000
4290 -1426.0000000000
4317 -1425.0000000000
4338 -1424.0000000000
4356 -1422.0000000000
4380 -1421.0000000000
4386 -1420.0000000000
4402 -1418.0000000000
4420 -1416.0000000000
4444 -1413.0000000000
4455 -1412.0000000000
4461 -1411.0000000000
4476 -1410.0000000000
4481 -1409.0000000000
4507 -1408.0000000000
4515 -1407.0000000000
4516 -1405.0000000000
4523 -1404.0000000000
4556 -1403.0000000000
4563 -1401.0000000000
4581 -1400.0000000000
4599 -1398.0000000000
4608 -1397.0000000000
4610 -1396.0000000000
4625 -1394.0000000000
4647 -1393.0000000000
4664 -1392.0000000000
4676 -1390.0000000000
4702 -1389.0000000000
4720 -1388.0000000000
4727 -1386.0000000000
4764 -1385.0000000000
4775 -1384.0000000000
4789 -1383.0000000000
4798 -1382.0000000000
4813 -1381.0000000000
4824 -1380.0000000000
4830 -1379.0000000000
4847 -1377.0000000000
4889 -1376.0000000000
4906 -1375.0000000000
4912 -1374.0000000000
4935 -1373.0000000000
4939 -1372.0000000000
4969 -1371.0000000000
4980 -1370.0000000000
4999 -1369.0000000000
5005 -1367.0000000000
5036 -1366.0000000000
5052 -1364.0000000000
5064 -1361.0000000000
5087 -1360.0000000000
5092 -1359.0000000000
5103 -1358.0000000000
5124 -1357.0000000000
5146 -1355.0000000000
5176 -1354.0000000000
5185 -1353.0000000000
5193 -1352.0000000000
5203 -1351.0000000000
5216 -1350.0000000000
5226 -1348.0000000000
5258 -1347.0000000000
5276 -1345.0000000000
5307 -1344.0000000000
5321 -1342.0000000000
5333 -1341.0000000000
5344 -1340.0000000000
5353 -1339.0000000000
5355 -1338.0000000000
5359 -1337.0000000000
5374 -1336.0000000000
5393 -1335.0000000000
5398 -1334.0000000000
5429 -1331.0000000000
5448 -1330.0000000000
5457 -1329.0000000000
5461 -1328.0000000000
5471 -1327.0000000000
5475 -1326.0000000000
5481 -1325.0000000000
5511 -1323.0000000000
5530 -1320.0000000000
5586 -1319.0000000000
5608 -1318.0000000000
5622 -1317.0000000000
5625 -1316.0000000000
5667 -1315.0000000000
5682 -1314.0000000000
5703 -1313.0000000000
5715 -1312.0000000000
5717 -1311.0000000000
5742 -1310.0000000000
5745 -1309.0000000000
5753 -1308.0000000000
5761 -1307.0000000000
5765 -1306.0000000000
5799 -1305.0000000000
5811 -1304.0000000000
5814 -1303.0000000000
5831 -1301.0000000000
5838 -1300.0000000000
5852 -1299.0000000000
5866 -1298.0000000000
5884 -1297.0000000000
5902 -1296.0000000000
5925 -1294.0000000000
5932 -1293.0000000000
5957 -1292.0000000000
5964 -1291.0000000000
5972 -1290.0000000000
6000 -1289.0000000000
6003 -1288.0000000000
6021 -1287.0000000000
6025 -1286.0000000000
6033 -1285.0000000000
6035 -1284.0000000000
6051 -1281.0000000000
6059 -1280.0000000000
6078 -1279.0000000000
6081 -1278.0000000000
6094 -1277.0000000000
6100 -1276.0000000000
6103 -1275.0000000000
6145 -1274.0000000000
6152 -1273.0000000000
6165 -1272.0000000000
6188 -1270.0000000000
6194 -1269.0000000000
6204 -1268.0000000000
6219 -1267.0000000000
6232 -1266.0000000000
6244 -1264.0000000000
6265 -1263.0000000000
6304 -1262.0000000000
6328 -1261.0000000000
6333 -1260.0000000000
6347 -1259.0000000000
6353 -1258.0000000000
6375 -1257.0000000000
6389 -1256.0000000000
6413 -1255.0000000000
6421 -1254.0000000000
6423 -1252.0000000000
6454 -1251.0000000000
6464 -1250.0000000000
6494 -1249.0000000000
6502 -1248.0000000000
6510 -1247.0000000000
6522 -1246.0000000000
6524 -1245.0000000000
6531 -1244.0000000000
6540 -1243.0000000000
6545 -1242.0000000000
6561 -1240.0000000000
6593 -1239.0000000000
6598 -1237.0000000000
6616 -1236.0000000000
6628 -1235.0000000000
6644 -1234.0000000000
6657 -1233.0000000000
6662 -1232.0000000000
6682 -1231.0000000000
6685 -1230.0000000000
6700 -1229.0000000000
6720 -1228.0000000000
6735 -1227.0000000000
6743 -1226.0000000000
6767 -1225.0000000000
6778 -1224.0000000000
6789 -1223.0000000000
6826 -1222.0000000000
6832 -1220.0000000000
6851 -1219.0000000000
6852 -1218.0000000000
6867 -1216.0000000000
6882 -1215.0000000000
6908 -1214.0000000000
6923 -1212.0000000000
6960 -1211.0000000000
6966 -1209.0000000000
6995 -1208.0000000000
7020 -1207.0000000000
7029 -1206.0000000000
7052 -1205.0000000000
7059 -1204.0000000000
7080 -1203.0000000000
7086 -1201.0000000000
7110 -1200.0000000000
7120 -1199.0000000000
7130 -1198.0000000000
7163 -1197.0000000000
7171 -1196.0000000000
7184 -1195.0000000000
7198 -1194.0000000000
7219 -1193.0000000000
7220 -1192.0000000000
7223 -1191.0000000000
7252 -1189.0000000000
7298 -1188.0000000000
7299 -1187.0000000000
7318 -1186.0000000000
7331 -1185.0000000000
7360 -1184.0000000000
7393 -1183.0000000000
7398 -1182.0000000000
7409 -1181.0000000000
7418 -1180.0000000000
7436 -1179.0000000000
7461 -1178.0000000000
7463 -1177.0000000000
7468 -1176.0000000000
7480 -1175.0000000000
7488 -1174.0000000000
7501 -1171.0000000000
7536 -1170.0000000000
7545 -1168.0000000000
7577 -1167.0000000000
7590 -1166.0000000000
7614 -1165.0000000000
7642 -1164.0000000000
7654 -1163.0000000000
7665 -1162.0000000000
7684 -1160.0000000000
7704 -1159.0000000000
7715 -1158.0000000000
7724 -1157.0000000000
7742 -1156.0000000000
7745 -1155.0000000000
7778 -1154.0000000000
7808 -1152.0000000000
7830 -1151.0000000000
7859 -1150.0000000000
7872 -1149.0000000000
7881 -1148.0000000000
7889 -1146.0000000000
7919 -1145.0000000000
7930 -1144.0000000000
7970 -1142.0000000000
8014 -1141.0000000000
8042 -1140.0000000000
8044 -1139.0000000000
8054 -1138.0000000000
8081 -1137.0000000000
8110 -1136.0000000000
8121 -1134.0000000000
8148 -1133.0000000000
8156 -1132.0000000000
8176 -1131.0000000000
8196 -1130.0000000000
8208 -1129.0000000000
8255 -1128.0000000000
8267 -1127.0000000000
8295 -1126.0000000000
8312 -1124.0000000000
8328 -1123.0000000000
8331 -1122.0000000000
8345 -1121.0000000000
8361 -1120.0000000000
8400 -1119.0000000000
8403 -1118.0000000000
8419 -1117.0000000000
8420 -1116.0000000000
8422 -1115.0000000000
8438 -1114.0000000000
8460 -1113.0000000000
8472 -1112.0000000000
8475 -1111.0000000000
8492 -1110.0000000000
8499 -1109.0000000000
8513 -1108.0000000000
8526 -1107.0000000000
8539 -1106.0000000000
8581 -1103.0000000000
8609 -1102.0000000000
8625 -1101.0000000000
8634 -1100.0000000000
8653 -1098.0000000000
8691 -1097.0000000000
8695 -1096.0000000000
8713 -1095.0000000000
8714 -1093.0000000000
8731 -1092.0000000000
8761 -1091.0000000000
8763 -1090.0000000000
8808 -1089.0000000000
8814 -1088.0000000000
8837 -1087.0000000000
8841 -1086.0000000000
8865 -1081.0000000000
8874 -1080.0000000000
8913 -1079.0000000000
8915 -1078.0000000000
8919 -1077.0000000000
8934 -1076.0000000000
8957 -1075.0000000000
8967 -1074.0000000000
8977 -1073.0000000000
8995 -1072.0000000000
8996 -1071.0000000000
9012 -1070.0000000000
9036 -1069.0000000000
9077 -1068.0000000000
9096 -1067.0000000000
9105 -1066.0000000000
9118 -1065.0000000000
9150 -1064.0000000000
9156 -1063.0000000000
9170 -1062.0000000000
9190 -1061.0000000000
9207 -1059.0000000000
9239 -1058.0000000000
9279 -1057.0000000000
9289 -1056.0000000000
9314 -1055.0000000000
9325 -1054.0000000000
9328 -1053.0000000000
9355 -1052.0000000000
9373 -1050.0000000000
9389 -1049.0000000000
9407 -1047.0000000000
9462 -1046.0000000000
9482 -1045.0000000000
9494 -1044.0000000000
9502 -1043.0000000000
9527 -1042.0000000000
9535 -1041.0000000000
9574 -1040.0000000000
9581 -1039.0000000000
9585 -1038.0000000000
9599 -1037.0000000000
9605 -1036.0000000000
9630 -1035.0000000000
9649 -1034.0000000000
9677 -1033.0000000000
9678 -1032.0000000000
9716 -1031.0000000000
9720 -1030.0000000000
9742 -1029.0000000000
9750 -1028.0000000000
9760 -1027.0000000000
9778 -1026.0000000000
9819 -1025.0000000000
9853 -1024.0000000000
9879 -1023.0000000000
9898 -1022.0000000000
9930 -1020.0000000000
9939 -1019.0000000000
9958 -1018.0000000000
9983 -1017.0000000000
9996 -1016.0000000000
10010 -1016.0000000000
evaluations raw_y
1 -1965.0000000000
5 -1963.0000000000
13 -1961.0000000000
17 -1929.0000000000
18 -1915.0000000000
36 -1912.0000000000
45 -1888.0000000000
56 -1882.0000000000
57 -1873.0000000000
68 -1871.0000000000
77 -1869.0000000000
83 -1865.0000000000
85 -1863.0000000000
86 -1858.0000000000
94 -1856.0000000000
100 -1852.0000000000
103 -1840.0000000000
132 -1836.0000000000
133 -1835.0000000000
136 -1833.0000000000
139 -1831.0000000000
156 -1829.0000000000
157 -1827.0000000000
164 -1826.0000000000
168 -1825.0000000000
173 -1822.0000000000
190 -1821.0000000000
200 -1820.0000000000
226 -1818.0000000000
240 -1816.0000000000
252 -1815.0000000000
263 -1813.0000000000
273 -1812.0000000000
292 -1811.0000000000
300 -1808.0000000000
313 -1807.0000000000
323 -1805.0000000000
342 -1804.0000000000
343 -1803.0000000000
351 -1802.0000000000
363 -1801.0000000000
368 -1800.0000000000
382 -1799.0000000000
392 -1798.0000000000
414 -1797.0000000000
422 -1796.0000000000
435 -1795.0000000000
455 -1793.0000000000
457 -1792.0000000000
467 -1791.0000000000
473 -1790.0000000000
487 -1789.0000000000
498 -1788.0000000000
514 -1787.0000000000
521 -1786.0000000000
523 -1785.0000000000
539 -1784.0000000000
548 -1782.0000000000
564 -1779.0000000000
581 -1778.0000000000
594 -1777.0000000000
636 -1776.0000000000
638 -1775.0000000000
664 -1774.0000000000
683 -1773.0000000000
695 -1772.0000000000
712 -1771.0000000000
722 -1769.0000000000
746 -1768.0000000000
759 -1767.0000000000
785 -1766.0000000000
799 -1764.0000000000
808 -1763.0000000000
830 -1761.0000000000
858 -1760.0000000000
880 -1759.0000000000
886 -1757.0000000000
902 -1756.0000000000
915 -1755.0000000000
929 -1752.0000000000
966 -1751.0000000000
977 -1750.0000000000
978 -1748.0000000000
986 -1747.0000000000
999 -1746.0000000000
1002 -1745.0000000000
1006 -1744.0000000000
1023 -1741.0000000000
1037 -1740.0000000000
1043 -1739.0000000000
1046 -1738.0000000000
1074 -1737.0000000000
1081 -1736.0000000000
1085 -1735.0000000000
1104 -1734.0000000000
1119 -1733.0000000000
1131 -1731.0000000000
1133 -1730.0000000000
1150 -1728.0000000000
1165 -1727.0000000000
1180 -1725.0000000000
1203 -1724.0000000000
1205 -1723.0000000000
1218 -1721.0000000000
1230 -1720.0000000000
1235 -1719.0000000000
1259 -1717.0000000000
1273 -1716.0000000000
1279 -1715.0000000000
1282 -1714.0000000000
1293 -1713.0000000000
1304 -1712.0000000000
1311 -1711.0000000000
1321 -1710.0000000000
1326 -1709.0000000000
1340 -1708.0000000000
1343 -1707.0000000000
1360 -1706.0000000000
1364 -1705.0000000000
1397 -1704.0000000000
1398 -1703.0000000000
1409 -1702.0000000000
1419 -1701.0000000000
1437 -1700.0000000000
1442 -1699.0000000000
1452 -1698.0000000000
1454 -1697.0000000000
1465 -1695.0000000000
1468 -1694.0000000000
1489 -1693.0000000000
1506 -1692.0000000000
1519 -1691.0000000000
1521 -1690.0000000000
1550 -1689.0000000000
1553 -1688.0000000000
1562 -1687.0000000000
1579 -1686.0000000000
1584 -1685.0000000000
1604 -1684.0000000000
1617 -1682.0000000000
1636 -1681.0000000000
1653 -1680.0000000000
1667 -1679.0000000000
1677 -1677.0000000000
1697 -1676.0000000000
1712 -1675.0000000000
1723 -1674.0000000000
1746 -1673.0000000000
1751 -1672.0000000000
1766 -1671.0000000000
1777 -1670.0000000000
1789 -1669.0000000000
1796 -1667.0000000000
1808 -1666.0000000000
1828 -1665.0000000000
1861 -1664.0000000000
1869 -1662.0000000000
1880 -1661.0000000000
1890 -1659.0000000000
1902 -1658.0000000000
1913 -1657.0000000000
1926 -1656.0000000000
1947 -1655.0000000000
1956 -1653.0000000000
1966 -1652.0000000000
1976 -1651.0000000000
1985 -1649.0000000000
1994 -1648.0000000000
2007 -1647.0000000000
2025 -1646.0000000000
2029 -1644.0000000000
2039 -1643.0000000000
2064 -1642.0000000000
2067 -1640.0000000000
2085 -1639.0000000000
2089 -1638.0000000000
2101 -1637.0000000000
2104 -1636.0000000000
2106 -1634.0000000000
2132 -1633.0000000000
2145 -1632.0000000000
2166 -1631.0000000000
2169 -1630.0000000000
2188 -1628.0000000000
2204 -1627.0000000000
2220 -1625.0000000000
2240 -1624.0000000000
2270 -1623.0000000000
2281 -1621.0000000000
2308 -1620.0000000000
2330 -1619.0000000000
2336 -1617.0000000000
2356 -1616.0000000000
2369 -1615.0000000000
2378 -1614.0000000000
2381 -1613.0000000000
2392 -1612.0000000000
2396 -1611.0000000000
2420 -1609.0000000000
2435 -1608.0000000000
2446 -1606.0000000000
2465 -1605.0000000000
2471 -1604.0000000000
2483 -1603.0000000000
2494 -1602.0000000000
2506 -1601.0000000000
2515 -1600.0000000000
2535 -1599.0000000000
2545 -1597.0000000000
2551 -1596.0000000000
2598 -1595.0000000000
2607 -1594.0000000000
2634 -1593.0000000000
2646 -1592.0000000000
2656 -1591.0000000000
2664 -1588.0000000000
2692 -1587.0000000000
2698 -1586.0000000000
2699 -1585.0000000000
2712 -1584.0000000000
2719 -1582.0000000000
2727 -1581.0000000000
2746 -1580.0000000000
2756 -1579.0000000000
2770 -1578.0000000000
2772 -1577.0000000000
2795 -1576.0000000000
2816 -1575.0000000000
2829 -1574.0000000000
2838 -1573.0000000000
2847 -1572.0000000000
2851 -1571.0000000000
2853 -1570.0000000000
2866 -1569.0000000000
2868 -1568.0000000000
2884 -1567.0000000000
2886 -1566.0000000000
2893 -1565.0000000000
2907 -1564.0000000000
2927 -1562.0000000000
2943 -1561.0000000000
2953 -1560.0000000000
2964 -1559.0000000000
2982 -1557.0000000000
2990 -1555.0000000000
3005 -1554.0000000000
3023 -1553.0000000000
3046 -1552.0000000000
3053 -1550.0000000000
3078 -1549.0000000000
3089 -1548.0000000000
3113 -1547.0000000000
3132 -1546.0000000000
3152 -1545.0000000000
3164 -1544.0000000000
3182 -1543.0000000000
3186 -1542.0000000000
3216 -1541.0000000000
3231 -1540.0000000000
3233 -1539.0000000000
3250 -1536.0000000000
3276 -1535.0000000000
3283 -1534.0000000000
3284 -1533.0000000000
3296 -1532.0000000000
3307 -1531.0000000000
3318 -1529.0000000000
3337 -1527.0000000000
3355 -1526.0000000000
3362 -1524.0000000000
3394 -1523.0000000000
3406 -1521.0000000000
3418 -1520.0000000000
3429 -1519.0000000000
3434 -1518.0000000000
3460 -1517.0000000000
3465 -1516.0000000000
3476 -1515.0000000000
3487 -1514.0000000000
3495 -1513.0000000000
3500 -1512.0000000000
3513 -1511.0000000000
3531 -1510.0000000000
3544 -1508.0000000000
3564 -1507.0000000000
3572 -1505.0000000000
3597 -1503.0000000000
3604 -1502.0000000000
3616 -1501.0000000000
3636 -1500.0000000000
3652 -1498.0000000000
3687 -1497.0000000000
3703 -1496.0000000000
3713 -1495.0000000000
3720 -1494.0000000000
3722 -1493.0000000000
3724 -1492.0000000000
3742 -1491.0000000000
3773 -1490.0000000000
3792 -1488.0000000000
3841 -1487.0000000000
3857 -1486.0000000000
3886 -1484.0000000000
3902 -1483.0000000000
3916 -1482.0000000000
3928 -1481.0000000000
3931 -1479.0000000000
3956 -1478.0000000000
3959 -1477.0000000000
3971 -1475.0000000000
3988 -1474.0000000000
3998 -1473.0000000000
4014 -1472.0000000000
4027 -1471.0000000000
4046 -1470.0000000000
4063 -1469.0000000000
4077 -1468.0000000000
4086 -1467.0000000000
4122 -1466.0000000000
4158 -1465.0000000000
4165 -1464.0000000000
4180 -1463.0000000000
4195 -1462.0000000000
4211 -1461.0000000000
4214 -1460.0000000000
4222 -1459.0000000000
4240 -1458.0000000000
4246 -1457.0000000000
4265 -1456.0000000000
4266 -1455.0000000000
4304 -1454.0000000000
4312 -1453.0000000000
4319 -1451.0000000000
4339 -1450.0000000000
4353 -1449.0000000000
4360 -1448.0000000000
4368 -1447.0000000000
4376 -1445.0000000000
4388 -1444.0000000000
4394 -1442.0000000000
4421 -1441.0000000000
4444 -1439.0000000000
4447 -1438.0000000000
4449 -1437.0000000000
4458 -1436.0000000000
4481 -1435.0000000000
4483 -1434.0000000000
4509 -1433.0000000000
4525 -1432.0000000000
4559 -1431.0000000000
4602 -1430.0000000000
4628 -1428.0000000000
4645 -1427.0000000000
4667 -1426.0000000000
4672 -1425.0000000000
4686 -1423.0000000000
4699 -1422.0000000000
4724 -1420.0000000000
4744 -1419.0000000000
4770 -1418.0000000000
4781 -1417.0000000000
4799 -1416.0000000000
4805 -1415.0000000000
4817 -1414.0000000000
4820 -1413.0000000000
4833 -1412.0000000000
4838 -1410.0000000000
4862 -1408.0000000000
4865 -1407.0000000000
4877 -1406.0000000000
4890 -1405.0000000000
4901 -1404.0000000000
4920 -1403.0000000000
4925 -1402.0000000000
4930 -1401.0000000000
4953 -1400.0000000000
4964 -1398.0000000000
4982 -1397.0000000000
4989 -1396.0000000000
5001 -1395.0000000000
5011 -1394.0000000000
5026 -1393.0000000000
5063 -1392.0000000000
5078 -1391.0000000000
5081 -1390.0000000000
5092 -1389.0000000000
5107 -1388.0000000000
5129 -1387.0000000000
5136 -1386.0000000000
5145 -1385.0000000000
5148 -1384.0000000000
5158 -1383.0000000000
5173 -1382.0000000000
5182 -1381.0000000000
5203 -1380.0000000000
5213 -1378.0000000000
5228 -1376.0000000000
5252 -1375.0000000000
5254 -1374.0000000000
5268 -1373.0000000000
5313 -1372.0000000000
5316 -1370.0000000000
5329 -1369.0000000000
5338 -1368.0000000000
5352 -1367.0000000000
5358 -1366.0000000000
5372 -1365.0000000000
5381 -1364.0000000000
5389 -1363.0000000000
5405 -1362.0000000000
5428 -1361.0000000000
5439 -1359.0000000000
5448 -1358.0000000000
5457 -1357.0000000000
5477 -1356.0000000000
5491 -1355.0000000000
5505 -1353.0000000000
5509 -1351.0000000000
5536 -1349.0000000000
5539 -1348.0000000000
5566 -1347.0000000000
5577 -1346.0000000000
5610 -1345.0000000000
5634 -1344.0000000000
5657 -1343.0000000000
5660 -1342.0000000000
5664 -1341.0000000000
5683 -1339.0000000000
5703 -1338.0000000000
5723 -1337.0000000000
5729 -1336.0000000000
5740 -1335.0000000000
5756 -1334.0000000000
5769 -1333.0000000000
5782 -1332.0000000000
5783 -1331.0000000000
5785 -1330.0000000000
5792 -1329.0000000000
5820 -1328.0000000000
5824 -1327.0000000000
5835 -1326.0000000000
5865 -1325.0000000000
5877 -1324.0000000000
5900 -1323.0000000000
5901 -1322.0000000000
5924 -1321.0000000000
5940 -1319.0000000000
5962 -1318.0000000000
5972 -1317.0000000000
5980 -1316.0000000000
5990 -1315.0000000000
6000 -1314.0000000000
6016 -1313.0000000000
6024 -1312.0000000000
6036 -1311.0000000000
6037 -1308.0000000000
6072 -1307.0000000000
6085 -1306.0000000000
6102 -1305.0000000000
6128 -1303.0000000000
6132 -1302.0000000000
6156 -1301.0000000000
6177 -1300.0000000000
6188 -1299.0000000000
6190 -1298.0000000000
6207 -1297.0000000000
6217 -1296.0000000000
6238 -1295.0000000000
6252 -1294.0000000000
6260 -1293.0000000000
6276 -1292.0000000000
6299 -1290.0000000000
6325 -1289.0000000000
6331 -1288.0000000000
6335 -1287.0000000000
6337 -1285.0000000000
6349 -1284.0000000000
6357 -1283.0000000000
6361 -1282.0000000000
6381 -1281.0000000000
6387 -1279.0000000000
6413 -1277.0000000000
6446 -1276.0000000000
6450 -1275.0000000000
6473 -1273.0000000000
6493 -1272.0000000000
6505 -1271.0000000000
6524 -1269.0000000000
6552 -1268.0000000000
6573 -1266.0000000000
6588 -1265.0000000000
6599 -1264.0000000000
6602 -1263.0000000000
6623 -1262.0000000000
6635 -1260.0000000000
6675 -1259.0000000000
6683 -1257.0000000000
6691 -1256.0000000000
6713 -1255.0000000000
6716 -1254.0000000000
6723 -1253.0000000000
6732 -1252.0000000000
6756 -1251.0000000000
6764 -1250.0000000000
6795 -1247.0000000000
6808 -1246.0000000000
6821 -1244.0000000000
6839 -1243.0000000000
6869 -1242.0000000000
6877 -1241.0000000000
6885 -1239.0000000000
6903 -1238.0000000000
6915 -1237.0000000000
6919 -1236.0000000000
6938 -1235.0000000000
6963 -1234.0000000000
6978 -1233.0000000000
6985 -1232.0000000000
7024 -1231.0000000000
7037 -1230.0000000000
7062 -1229.0000000000
7075 -1228.0000000000
7089 -1227.0000000000
7100 -1226.0000000000
7107 -1225.0000000000
7124 -1224.0000000000
7129 -1223.0000000000
7148 -1222.0000000000
7153 -1221.0000000000
7168 -1220.0000000000
7172 -1219.0000000000
7198 -1218.0000000000
7206 -1217.0000000000
7214 -1216.0000000000
7217 -1215.0000000000
7236 -1214.0000000000
7248 -1213.0000000000
7259 -1212.0000000000
7264 -1211.0000000000
7286 -1210.0000000000
7303 -1209.0000000000
7307 -1207.0000000000
7317 -1206.0000000000
7337 -1205.0000000000
7344 -1204.0000000000
7347 -1202.0000000000
7366 -1200.0000000000
7395 -1199.0000000000
7441 -1198.0000000000
7464 -1197.0000000000
7476 -1196.0000000000
7511 -1195.0000000000
7553 -1194.0000000000
7565 -1193.0000000000
7590 -1192.0000000000
7613 -1191.0000000000
7629 -1190.0000000000
7645 -1189.0000000000
7652 -1188.0000000000
7662 -1187.0000000000
7680 -1186.0000000000
7687 -1185.0000000000
7703 -1184.0000000000
7705 -1183.0000000000
7723 -1182.0000000000
7735 -1181.0000000000
7747 -1180.0000000000
7762 -1179.0000000000
7787 -1178.0000000000
7802 -1177.0000000000
7816 -1175.0000000000
7841 -1174.0000000000
7871 -1173.0000000000
7881 -1172.0000000000
7882 -1170.0000000000
7918 -1169.0000000000
7940 -1168.0000000000
7941 -1167.0000000000
7948 -1164.0000000000
7959 -1163.0000000000
7975 -1162.0000000000
8000 -1160.0000000000
8025 -1159.0000000000
8033 -1158.0000000000
8034 -1157.0000000000
8058 -1156.0000000000
8082 -1155.0000000000
8096 -1154.0000000000
8107 -1153.0000000000
8128 -1152.0000000000
8169 -1151.0000000000
8170 -1149.0000000000
8180 -1148.0000000000
8199 -1147.0000000000
8218 -1146.0000000000
8222 -1144.0000000000
8236 -1143.0000000000
8252 -1142.0000000000
8258 -1141.0000000000
8274 -1140.0000000000
8285 -1139.0000000000
8294 -1138.0000000000
8303 -1137.0000000000
8328 -1136.0000000000
8329 -1135.0000000000
8337 -1134.0000000000
8367 -1133.0000000000
8399 -1132.0000000000
8459 -1131.0000000000
8464 -1130.0000000000
8492 -1129.0000000000
8500 -1128.0000000000
8509 -1127.0000000000
8531 -1126.0000000000
8536 -1125.0000000000
8559 -1124.0000000000
8566 -1123.0000000000
8578 -1122.0000000000
8585 -1121.0000000000
8595 -1120.0000000000
8605 -1118.0000000000
8634 -1117.0000000000
8665 -1116.0000000000
8680 -1115.0000000000
8696 -1113.0000000000
8708 -1112.0000000000
8724 -1110.0000000000
8755 -1109.0000000000
8772 -1108.0000000000
8777 -1107.0000000000
8809 -1106.0000000000
8851 -1105.0000000000
8864 -1104.0000000000
8869 -1103.0000000000
8878 -1102.0000000000
8889 -1100.0000000000
8913 -1099.0000000000
8918 -1098.0000000000
8925 -1097.0000000000
8956 -1096.0000000000
8964 -1095.0000000000
8972 -1094.0000000000
8979 -1093.0000000000
9012 -1092.0000000000
9017 -1090.0000000000
9040 -1089.0000000000
9041 -1088.0000000000
9070 -1087.0000000000
9077 -1086.0000000000
9113 -1085.0000000000
9119 -1084.0000000000
9136 -1083.0000000000
9146 -1082.0000000000
9163 -1081.0000000000
9179 -1080.0000000000
9197 -1079.0000000000
9206 -1078.0000000000
9214 -1077.0000000000
9221 -1076.0000000000
9234 -1075.0000000000
9244 -1074.0000000000
9270 -1073.0000000000
9274 -1071.0000000000
9275 -1070.0000000000
9303 -1067.0000000000
9327 -1066.0000000000
9341 -1065.0000000000
9372 -1064.0000000000
9403 -1063.0000000000
9419 -1062.0000000000
9435 -1060.0000000000
9468 -1059.0000000000
9475 -1058.0000000000
9476 -1057.0000000000
9489 -1056.0000000000
9505 -1055.0000000000
9517 -1054.0000000000
9544 -1053.0000000000
9556 -1052.0000000000
9587 -1051.0000000000
9600 -1049.0000000000
9638 -1048.0000000000
9639 -1047.0000000000
9666 -1046.0000000000
9684 -1045.0000000000
9686 -1044.0000000000
9698 -1043.0000000000
9710 -1042.0000000000
9732 -1041.0000000000
9744 -1040.0000000000
9746 -1039.0000000000
9760 -1038.0000000000
9766 -1037.0000000000
9771 -1036.0000000000
9806 -1035.0000000000
9842 -1034.0000000000
9857 -1033.0000000000
9870 -1032.0000000000
9893 -1031.0000000000
9897 -1030.0000000000
9948 -1029.0000000000
9972 -1028.0000000000
9996 -1027.0000000000
10008 -1025.0000000000
10010 -1027.0000000000
evaluations raw_y
1 -2024.0000000000
2 -1991.0000000000
7 -1978.0000000000
24 -1971.0000000000
25 -1950.0000000000
45 -1945.0000000000
51 -1918.0000000000
61 -1910.0000000000
68 -1906.0000000000
74 -1895.0000000000
81 -1891.0000000000
92 -1884.0000000000
99 -1880.0000000000
104 -1876.0000000000
111 -1873.0000000000
118 -1872.0000000000
125 -1869.0000000000
136 -1866.0000000000
139 -1864.0000000000
144 -1863.0000000000
151 -1861.0000000000
163 -1860.0000000000
166 -1858.0000000000
180 -1857.0000000000
192 -1856.0000000000
198 -1854.0000000000
219 -1853.0000000000
223 -1850.0000000000
244 -1847.0000000000
255 -1846.0000000000
259 -1844.0000000000
274 -1843.0000000000
286 -1842.0000000000
291 -1841.0000000000
310 -1840.0000000000
326 -1839.0000000000
344 -1838.0000000000
351 -1837.0000000000
367 -1835.0000000000
370 -1834.0000000000
384 -1833.0000000000
397 -1832.0000000000
401 -1831.0000000000
409 -1830.0000000000
411 -1829.0000000000
412 -1828.0000000000
422 -1825.0000000000
446 -1824.0000000000
455 -1823.0000000000
470 -1822.0000000000
475 -1821.0000000000
479 -1820.0000000000
507 -1819.0000000000
528 -1818.0000000000
531 -1817.0000000000
542 -1816.0000000000
555 -1815.0000000000
580 -1814.0000000000
600 -1813.0000000000
609 -1811.0000000000
621 -1808.0000000000
635 -1807.0000000000
649 -1806.0000000000
669 -1805.0000000000
682 -1804.0000000000
691 -1803.0000000000
701 -1801.0000000000
714 -1800.0000000000
725 -1799.0000000000
733 -1798.0000000000
734 -1797.0000000000
747 -1796.0000000000
754 -1794.0000000000
769 -1793.0000000000
775 -1792.0000000000
797 -1791.0000000000
815 -1790.0000000000
831 -1789.0000000000
849 -1788.0000000000
854 -1787.0000000000
869 -1786.0000000000
883 -1785.0000000000
888 -1784.0000000000
905 -1783.0000000000
917 -1782.0000000000
928 -1781.0000000000
936 -1780.0000000000
942 -1779.0000000000
966 -1777.0000000000
977 -1776.0000000000
992 -1774.0000000000
1006 -1773.0000000000
1013 -1772.0000000000
1017 -1771.0000000000
1030 -1770.0000000000
1037 -1769.0000000000
1040 -1767.0000000000
1058 -1766.0000000000
1074 -1765.0000000000
1079 -1762.0000000000
1101 -1760.0000000000
1127 -1758.0000000000
1128 -1757.0000000000
1137 -1755.0000000000
1146 -1753.0000000000
1169 -1752.0000000000
1174 -1750.0000000000
1189 -1749.0000000000
1215 -1747.0000000000
1225 -1746.0000000000
1239 -1745.0000000000
1241 -1744.0000000000
1244 -1743.0000000000
1259 -1741.0000000000
1265 -1740.0000000000
1277 -1739.0000000000
1289 -1738.0000000000
1294 -1737.0000000000
1318 -1736.0000000000
1325 -1735.0000000000
1344 -1734.0000000000
1345 -1730.0000000000
1374 -1727.0000000000
1419 -1726.0000000000
1421 -1725.0000000000
1452 -1724.0000000000
1456 -1723.0000000000
1463 -1722.0000000000
1469 -1721.0000000000
1492 -1720.0000000000
1496 -1719.0000000000
1499 -1718.0000000000
1509 -1717.0000000000
1526 -1716.0000000000
1542 -1715.0000000000
1546 -1714.0000000000
1552 -1713.0000000000
1567 -1712.0000000000
1583 -1711.0000000000
1621 -1710.0000000000
1643 -1709.0000000000
1649 -1708.0000000000
1663 -1707.0000000000
1678 -1705.0000000000
1718 -1704.0000000000
1727 -1703.0000000000
1732 -1701.0000000000
1747 -1700.0000000000
1774 -1699.0000000000
1775 -1696.0000000000
1786 -1695.0000000000
1817 -1694.0000000000
1827 -1693.0000000000
1828 -1691.0000000000
1850 -1690.0000000000
1856 -1689.0000000000
1860 -1688.0000000000
1870 -1687.0000000000
1872 -1686.0000000000
1876 -1685.0000000000
1878 -1683.0000000000
1895 -1682.0000000000
1897 -1681.0000000000
1902 -1679.0000000000
1909 -1678.0000000000
1938 -1677.0000000000
1960 -1676.0000000000
1963 -1675.0000000000
1979 -1674.0000000000
1986 -1673.0000000000
1991 -1672.0000000000
2009 -1671.0000000000
2015 -1670.0000000000
2047 -1669.0000000000
2065 -1668.0000000000
2075 -1667.0000000000
2094 -1666.0000000000
2107 -1665.0000000000
2131 -1664.0000000000
2139 -1663.0000000000
2175 -1662.0000000000
2181 -1661.0000000000
2201 -1660.0000000000
2214 -1657.0000000000
2233 -1656.0000000000
2245 -1655.0000000000
2259 -1654.0000000000
2269 -1652.0000000000
2284 -1651.0000000000
2285 -1650.0000000000
2300 -1649.0000000000
2315 -1648.0000000000
2325 -1647.0000000000
2339 -1646.0000000000
2342 -1645.0000000000
2364 -1643.0000000000
2373 -1642.0000000000
2392 -1640.0000000000
2405 -1639.0000000000
2413 -1638.0000000000
2434 -1637.0000000000
2436 -1636.0000000000
2455 -1633.0000000000
2489 -1631.0000000000
2513 -1630.0000000000
2523 -1628.0000000000
2539 -1627.0000000000
2547 -1626.0000000000
2550 -1624.0000000000
2572 -1623.0000000000
2573 -1622.0000000000
2579 -1621.0000000000
2589 -1620.0000000000
2595 -1619.0000000000
2613 -1618.0000000000
2616 -1616.0000000000
2632 -1615.0000000000
2643 -1613.0000000000
2644 -1611.0000000000
2673 -1610.0000000000
2675 -1609.0000000000
2684 -1608.0000000000
2701 -1607.0000000000
2704 -1606.0000000000
2712 -1604.0000000000
2725 -1603.0000000000
2750 -1602.0000000000
2768 -1601.0000000000
2787 -1600.0000000000
2811 -1598.0000000000
2818 -1597.0000000000
2831 -1595.0000000000
2870 -1594.0000000000
2872 -1593.0000000000
2885 -1592.0000000000
2890 -1590.0000000000
2921 -1588.0000000000
2946 -1587.0000000000
2958 -1586.0000000000
2974 -1585.0000000000
2985 -1583.0000000000
2999 -1581.0000000000
3013 -1580.0000000000
3019 -1577.0000000000
3045 -1576.0000000000
3054 -1575.0000000000
3066 -1574.0000000000
3076 -1573.0000000000
3090 -1571.0000000000
3116 -1570.0000000000
3121 -1569.0000000000
3140 -1568.0000000000
3156 -1566.0000000000
3165 -1565.0000000000
3177 -1564.0000000000
3191 -1563.0000000000
3197 -1562.0000000000
3203 -1561.0000000000
3218 -1559.0000000000
3230 -1558.0000000000
3251 -1557.0000000000
3269 -1556.0000000000
3271 -1555.0000000000
3292 -1554.0000000000
3303 -1553.0000000000
3316 -1552.0000000000
3329 -1551.0000000000
3352 -1550.0000000000
3363 -1548.0000000000
3367 -1547.0000000000
3383 -1546.0000000000
3388 -1544.0000000000
3420 -1543.0000000000
3430 -1541.0000000000
3453 -1540.0000000000
3459 -1539.0000000000
3478 -1538.0000000000
3486 -1536.0000000000
3510 -1535.0000000000
3527 -1534.0000000000
3530 -1533.0000000000
3549 -1531.0000000000
3558 -1530.0000000000
3562 -1529.0000000000
3588 -1528.0000000000
3593 -1527.0000000000
3614 -1526.0000000000
3617 -1525.0000000000
3620 -1524.0000000000
3631 -1523.0000000000
3641 -1522.0000000000
3643 -1521.0000000000
3659 -1520.0000000000
3660 -1519.0000000000
3663 -1518.0000000000
3683 -1516.0000000000
3711 -1515.0000000000
3715 -1514.0000000000
3721 -1513.0000000000
3738 -1511.0000000000
3747 -1510.0000000000
3756 -1509.0000000000
3791 -1508.0000000000
3805 -1506.0000000000
3828 -1505.0000000000
3840 -1504.0000000000
3850 -1502.0000000000
3868 -1500.0000000000
3875 -1497.0000000000
3884 -1496.0000000000
3906 -1495.0000000000
3911 -1494.0000000000
3930 -1493.0000000000
3940 -1491.0000000000
3946 -1490.0000000000
3960 -1489.0000000000
3983 -1488.0000000000
3985 -1487.0000000000
3997 -1486.0000000000
4020 -1485.0000000000
4023 -1484.0000000000
4026 -1483.0000000000
4050 -1482.0000000000
4080 -1480.0000000000
4091 -1478.0000000000
4127 -1477.0000000000
4128 -1476.0000000000
4139 -1475.0000000000
4151 -1473.0000000000
4175 -1472.0000000000
4187 -1471.0000000000
4194 -1470.0000000000
4200 -1469.0000000000
4225 -1468.0000000000
4247 -1467.0000000000
4261 -1466.0000000000
4289 -1465.0000000000
4297 -1464.0000000000
4308 -1463.0000000000
4326 -1462.0000000000
4334 -1461.0000000000
4335 -1460.0000000000
4355 -1459.0000000000
4380 -1458.0000000000
4388 -1457.0000000000
4393 -1455.0000000000
4402 -1454.0000000000
4409 -1453.0000000000
4429 -1452.0000000000
4439 -1451.0000000000
4452 -1450.0000000000
4454 -1448.0000000000
4472 -1447.0000000000
4476 -1446.0000000000
4484 -1445.0000000000
4490 -1443.0000000000
4505 -1441.0000000000
4519 -1440.0000000000
4542 -1439.0000000000
4552 -1438.0000000000
4586 -1437.0000000000
4606 -1436.0000000000
4613 -1435.0000000000
4624 -1434.0000000000
4631 -1433.0000000000
4642 -1430.0000000000
4667 -1429.0000000000
4679 -1428.0000000000
4688 -1427.0000000000
4703 -1426.0000000000
4717 -1425.0000000000
4723 -1422.0000000000
4737 -1420.0000000000
4744 -1419.0000000000
4775 -1418.0000000000
4782 -1416.0000000000
4792 -1415.0000000000
4810 -1413.0000000000
4831 -1412.0000000000
4842 -1411.0000000000
4853 -1410.0000000000
4878 -1409.0000000000
4888 -1408.0000000000
4902 -1406.0000000000
4931 -1405.0000000000
4945 -1404.0000000000
4954 -1402.0000000000
4961 -1401.0000000000
4984 -1399.0000000000
4993 -1398.0000000000
5002 -1397.0000000000
5023 -1396.0000000000
5030 -1395.0000000000
5049 -1394.0000000000
5065 -1393.0000000000
5076 -1392.0000000000
5083 -1390.0000000000
5097 -1389.0000000000
5106 -1387.0000000000
5136 -1385.0000000000
5145 -1384.0000000000
5149 -1380.0000000000
5187 -1379.0000000000
5207 -1378.0000000000
5217 -1377.0000000000
5228 -1376.0000000000
5249 -1375.0000000000
5250 -1374.0000000000
5253 -1373.0000000000
5258 -1372.0000000000
5273 -1371.0000000000
5275 -1370.0000000000
5286 -1369.0000000000
5292 -1368.0000000000
5304 -1367.0000000000
5319 -1365.0000000000
5322 -1364.0000000000
5350 -1363.0000000000
5371 -1362.0000000000
5388 -1361.0000000000
5408 -1360.0000000000
5418 -1359.0000000000
5425 -1358.0000000000
5436 -1357.0000000000
5447 -1356.0000000000
5452 -1355.0000000000
5480 -1353.0000000000
5485 -1352.0000000000
5506 -1351.0000000000
5512 -1350.0000000000
5516 -1348.0000000000
5537 -1347.0000000000
5544 -1346.0000000000
5566 -1345.0000000000
5577 -1344.0000000000
5617 -1343.0000000000
5637 -1342.0000000000
5647 -1341.0000000000
5654 -1340.0000000000
5674 -1339.0000000000
5680 -1338.0000000000
5694 -1337.0000000000
5704 -1336.0000000000
5715 -1335.0000000000
5726 -1334.0000000000
5738 -1333.0000000000
5753 -1332.0000000000
5764 -1331.0000000000
5771 -1330.0000000000
5775 -1329.0000000000
5781 -1328.0000000000
5795 -1327.0000000000
5809 -1325.0000000000
5836 -1324.0000000000
5854 -1323.0000000000
5859 -1322.0000000000
5880 -1320.0000000000
5909 -1318.0000000000
5926 -1317.0000000000
5932 -1316.0000000000
5935 -1315.0000000000
5953 -1314.0000000000
5975 -1313.0000000000
5976 -1312.0000000000
5991 -1311.0000000000
6010 -1309.0000000000
6021 -1308.0000000000
6033 -1307.0000000000
6043 -1306.0000000000
6049 -1305.0000000000
6067 -1304.0000000000
6096 -1303.0000000000
6102 -1302.0000000000
6116 -1301.0000000000
6134 -1299.0000000000
6164 -1298.0000000000
6181 -1297.0000000000
6196 -1296.0000000000
6202 -1295.0000000000
6219 -1294.0000000000
6224 -1293.0000000000
6240 -1292.0000000000
6245 -1290.0000000000
6254 -1289.0000000000
6278 -1288.0000000000
6304 -1287.0000000000
6309 -1286.0000000000
6342 -1285.0000000000
6357 -1284.0000000000
6375 -1282.0000000000
6377 -1281.0000000000
6396 -1280.0000000000
6398 -1279.0000000000
6411 -1278.0000000000
6422 -1277.0000000000
6432 -1276.0000000000
6440 -1274.0000000000
6458 -1273.0000000000
6473 -1272.0000000000
6483 -1271.0000000000
6492 -1270.0000000000
6498 -1269.0000000000
6514 -1268.0000000000
6518 -1267.0000000000
6534 -1266.0000000000
6539 -1265.0000000000
6554 -1264.0000000000
6586 -1263.0000000000
6597 -1262.0000000000
6610 -1261.0000000000
6629 -1260.0000000000
6635 -1258.0000000000
6636 -1257.0000000000
6642 -1256.0000000000
6657 -1255.0000000000
6692 -1254.0000000000
6698 -1253.0000000000
6701 -1252.0000000000
6729 -1251.0000000000
6737 -1250.0000000000
6742 -1248.0000000000
6776 -1247.0000000000
6783 -1246.0000000000
6801 -1244.0000000000
6826 -1243.0000000000
6828 -1242.0000000000
6843 -1241.0000000000
6848 -1239.0000000000
6858 -1237.0000000000
6871 -1236.0000000000
6917 -1235.0000000000
6922 -1234.0000000000
6949 -1233.0000000000
6953 -1232.0000000000
6962 -1231.0000000000
6971 -1230.0000000000
6976 -1229.0000000000
6992 -1228.0000000000
7009 -1227.0000000000
7011 -1225.0000000000
7047 -1224.0000000000
7074 -1223.0000000000
7079 -1222.0000000000
7105 -1221.0000000000
7130 -1220.0000000000
7138 -1218.0000000000
7144 -1217.0000000000
7163 -1216.0000000000
7195 -1215.0000000000
7200 -1214.0000000000
7209 -1213.0000000000
7254 -1212.0000000000
7270 -1211.0000000000
7296 -1210.0000000000
7297 -1209.0000000000
7308 -1208.0000000000
7314 -1206.0000000000
7322 -1205.0000000000
7328 -1204.0000000000
7348 -1203.0000000000
7354 -1202.0000000000
7370 -1201.0000000000
7382 -1200.0000000000
7387 -1199.0000000000
7426 -1197.0000000000
7447 -1195.0000000000
7468 -1194.0000000000
7470 -1192.0000000000
7484 -1191.0000000000
7499 -1190.0000000000
7521 -1188.0000000000
7531 -1187.0000000000
7545 -1186.0000000000
7560 -1185.0000000000
7574 -1184.0000000000
7590 -1183.0000000000
7598 -1182.0000000000
7623 -1180.0000000000
7636 -1179.0000000000
7650 -1178.0000000000
7669 -1177.0000000000
7704 -1176.0000000000
7719 -1175.0000000000
7737 -1174.0000000000
7741 -1173.0000000000
7743 -1170.0000000000
7785 -1167.0000000000
7817 -1166.0000000000
7818 -1165.0000000000
7832 -1164.0000000000
7851 -1163.0000000000
7855 -1162.0000000000
7874 -1161.0000000000
7879 -1160.0000000000
7893 -1159.0000000000
7917 -1158.0000000000
7928 -1157.0000000000
7931 -1156.0000000000
7974 -1155.0000000000
7986 -1154.0000000000
7990 -1153.0000000000
7996 -1152.0000000000
8020 -1151.0000000000
8025 -1150.0000000000
8059 -1149.0000000000
8061 -1148.0000000000
8069 -1147.0000000000
8084 -1146.0000000000
8085 -1145.0000000000
8097 -1140.0000000000
8137 -1139.0000000000
8151 -1137.0000000000
8177 -1135.0000000000
8204 -1134.0000000000
8209 -1133.0000000000
8239 -1131.0000000000
8279 -1129.0000000000
8289 -1128.0000000000
8299 -1127.0000000000
8329 -1125.0000000000
8339 -1124.0000000000
8347 -1123.0000000000
8370 -1122.0000000000
8387 -1121.0000000000
8396 -1120.0000000000
8405 -1119.0000000000
8415 -1118.0000000000
8430 -1116.0000000000
8446 -1115.0000000000
8465 -1114.0000000000
8480 -1113.0000000000
8491 -1112.0000000000
8499 -1111.0000000000
8508 -1110.0000000000
8535 -1109.0000000000
8542 -1107.0000000000
8595 -1106.0000000000
8608 -1105.0000000000
8627 -1104.0000000000
8631 -1103.0000000000
8651 -1102.0000000000
8652 -1101.0000000000
8673 -1100.0000000000
8691 -1099.0000000000
8709 -1098.0000000000
8727 -1097.0000000000
8743 -1095.0000000000
8747 -1094.0000000000
8757 -1093.0000000000
8774 -1092.0000000000
8794 -1091.0000000000
8803 -1090.0000000000
8810 -1089.0000000000
8813 -1088.0000000000
8818 -1087.0000000000
8831 -1086.0000000000
8840 -1085.0000000000
8879 -1083.0000000000
8890 -1082.0000000000
8898 -1080.0000000000
8908 -1079.0000000000
8923 -1076.0000000000
8941 -1075.0000000000
8972 -1074.0000000000
8975 -1073.0000000000
9019 -1072.0000000000
9034 -1071.0000000000
9045 -1070.0000000000
9050 -1068.0000000000
9055 -1067.0000000000
9093 -1066.0000000000
9111 -1065.0000000000
9121 -1063.0000000000
9141 -1062.0000000000
9144 -1061.0000000000
9171 -1060.0000000000
9191 -1059.0000000000
9222 -1058.0000000000
9246 -1057.0000000000
9253 -1056.0000000000
9264 -1055.0000000000
9266 -1054.0000000000
9283 -1053.0000000000
9295 -1052.0000000000
9305 -1051.0000000000
9312 -1050.0000000000
9323 -1049.0000000000
9348 -1048.0000000000
9372 -1047.0000000000
9390 -1046.0000000000
9428 -1045.0000000000
9453 -1043.0000000000
9476 -1041.0000000000
9492 -1040.0000000000
9502 -1039.0000000000
9529 -1038.0000000000
9535 -1037.0000000000
9565 -1035.0000000000
9582 -1034.0000000000
9621 -1033.0000000000
9624 -1032.0000000000
9657 -1031.0000000000
9672 -1030.0000000000
9683 -1029.0000000000
9703 -1027.0000000000
9707 -1026.0000000000
9722 -1025.0000000000
9740 -1024.0000000000
9749 -1023.0000000000
9755 -1022.0000000000
9787 -1021.0000000000
9799 -1020.0000000000
9800 -1018.0000000000
9830 -1017.0000000000
9849 -1016.0000000000
9866 -1014.0000000000
9888 -1013.0000000000
9898 -1012.0000000000
9911 -1010.0000000000
9951 -1009.0000000000
9971 -1008.0000000000
10010 -1007.0000000000
evaluations raw_y
1 -1958.0000000000
4 -1922.0000000000
15 -1907.0000000000
16 -1901.0000000000
25 -1874.0000000000
26 -1873.0000000000
31 -1839.0000000000
36 -1821.0000000000
43 -1817.0000000000
64 -1809.0000000000
72 -1807.0000000000
73 -1805.0000000000
80 -1802.0000000000
83 -1798.0000000000
90 -1793.0000000000
91 -1788.0000000000
105 -1783.0000000000
114 -1782.0000000000
115 -1778.0000000000
117 -1770.0000000000
124 -1766.0000000000
134 -1765.0000000000
139 -1758.0000000000
165 -1755.0000000000
171 -1754.0000000000
177 -1750.0000000000
210 -1749.0000000000
217 -1748.0000000000
231 -1747.0000000000
236 -1746.0000000000
244 -1745.0000000000
263 -1744.0000000000
267 -1741.0000000000
283 -1739.0000000000
285 -1737.0000000000
306 -1736.0000000000
325 -1735.0000000000
326 -1734.0000000000
345 -1732.0000000000
361 -1730.0000000000
371 -1729.0000000000
385 -1728.0000000000
389 -1727.0000000000
390 -1726.0000000000
394 -1725.0000000000
397 -1724.0000000000
419 -1723.0000000000
424 -1722.0000000000
433 -1721.0000000000
438 -1719.0000000000
458 -1717.0000000000
476 -1716.0000000000
480 -1715.0000000000
498 -1714.0000000000
512 -1713.0000000000
532 -1712.0000000000
541 -1711.0000000000
551 -1710.0000000000
568 -1709.0000000000
593 -1708.0000000000
603 -1707.0000000000
610 -1706.0000000000
611 -1705.0000000000
614 -1704.0000000000
624 -1703.0000000000
626 -1702.0000000000
632 -1701.0000000000
642 -1700.0000000000
659 -1699.0000000000
682 -1696.0000000000
695 -1695.0000000000
705 -1694.0000000000
721 -1693.0000000000
737 -1692.0000000000
747 -1690.0000000000
763 -1687.0000000000
775 -1686.0000000000
782 -1685.0000000000
798 -1684.0000000000
800 -1683.0000000000
804 -1682.0000000000
813 -1681.0000000000
836 -1680.0000000000
848 -1679.0000000000
860 -1678.0000000000
880 -1677.0000000000
891 -1675.0000000000
895 -1674.0000000000
915 -1671.0000000000
949 -1670.0000000000
954 -1669.0000000000
965 -1668.0000000000
966 -1667.0000000000
968 -1666.0000000000
983 -1664.0000000000
996 -1663.0000000000
1011 -1661.0000000000
1013 -1660.0000000000
1021 -1659.0000000000
1043 -1658.0000000000
1047 -1657.0000000000
1053 -1654.0000000000
1065 -1653.0000000000
1085 -1652.0000000000
1105 -1651.0000000000
1106 -1650.0000000000
1107 -1649.0000000000
1127 -1648.0000000000
1129 -1647.0000000000
1143 -1646.0000000000
1149 -1645.0000000000
1150 -1644.0000000000
1165 -1643.0000000000
1166 -1640.0000000000
1196 -1638.0000000000
1205 -1636.0000000000
1212 -1635.0000000000
1224 -1633.0000000000
1234 -1632.0000000000
1245 -1631.0000000000
1248 -1629.0000000000
1269 -1628.0000000000
1287 -1627.0000000000
1292 -1624.0000000000
1305 -1623.0000000000
1319 -1620.0000000000
1322 -1619.0000000000
1334 -1618.0000000000
1358 -1617.0000000000
1372 -1616.0000000000
1392 -1615.0000000000
1405 -1614.0000000000
1426 -1612.0000000000
1458 -1609.0000000000
1477 -1608.0000000000
1483 -1607.0000000000
1488 -1604.0000000000
1517 -1603.0000000000
1518 -1602.0000000000
1546 -1601.0000000000
1550 -1600.0000000000
1564 -1599.0000000000
1577 -1598.0000000000
1580 -1597.0000000000
1594 -1596.0000000000
1598 -1595.0000000000
1603 -1594.0000000000
1618 -1593.0000000000
1624 -1592.0000000000
1655 -1591.0000000000
1660 -1590.0000000000
1671 -1589.0000000000
1680 -1588.0000000000
1698 -1587.0000000000
1702 -1586.0000000000
1721 -1585.0000000000
1722 -1584.0000000000
1723 -1583.0000000000
1745 -1582.0000000000
1765 -1581.0000000000
1782 -1580.0000000000
1801 -1579.0000000000
1810 -1578.0000000000
1819 -1576.0000000000
1820 -1575.0000000000
1853 -1574.0000000000
1860 -1573.0000000000
1869 -1572.0000000000
1870 -1571.0000000000
1900 -1570.0000000000
1904 -1568.0000000000
1920 -1567.0000000000
1944 -1564.0000000000
1967 -1563.0000000000
1970 -1562.0000000000
1981 -1561.0000000000
1989 -1560.0000000000
2003 -1559.0000000000
2015 -1558.0000000000
2018 -1556.0000000000
2025 -1555.0000000000
2054 -1554.0000000000
2065 -1553.0000000000
2081 -1552.0000000000
2106 -1550.0000000000
2114 -1549.0000000000
2132 -1548.0000000000
2134 -1547.0000000000
2144 -1546.0000000000
2158 -1545.0000000000
2159 -1544.0000000000
2190 -1543.0000000000
2191 -1542.0000000000
2194 -1541.0000000000
2220 -1540.0000000000
2221 -1539.0000000000
2232 -1538.0000000000
2249 -1536.0000000000
2263 -1535.0000000000
2272 -1534.0000000000
2280 -1532.0000000000
2291 -1531.0000000000
2309 -1530.0000000000
2311 -1529.0000000000
2338 -1528.0000000000
2344 -1526.0000000000
2363 -1525.0000000000
2389 -1524.0000000000
2395 -1523.0000000000
2400 -1522.0000000000
2416 -1521.0000000000
2418 -1519.0000000000
2445 -1518.0000000000
2454 -1517.0000000000
2473 -1516.0000000000
2485 -1515.0000000000
2492 -1514.0000000000
2514 -1513.0000000000
2524 -1512.0000000000
2551 -1510.0000000000
2584 -1509.0000000000
2588 -1508.0000000000
2600 -1507.0000000000
2613 -1506.0000000000
2620 -1505.0000000000
2622 -1504.0000000000
2656 -1503.0000000000
2671 -1502.0000000000
2684 -1501.0000000000
2723 -1500.0000000000
2738 -1499.0000000000
2753 -1498.0000000000
2762 -1497.0000000000
2789 -1496.0000000000
2804 -1495.0000000000
2814 -1493.0000000000
2846 -1490.0000000000
2853 -1489.0000000000
2860 -1488.0000000000
2880 -1487.0000000000
2882 -1486.0000000000
2904 -1484.0000000000
2905 -1482.0000000000
2962 -1481.0000000000
2968 -1480.0000000000
2976 -1479.0000000000
2990 -1478.0000000000
3010 -1477.0000000000
3011 -1476.0000000000
3015 -1475.0000000000
3022 -1474.0000000000
3040 -1472.0000000000
3066 -1471.0000000000
3075 -1470.0000000000
3077 -1469.0000000000
3086 -1468.0000000000
3105 -1467.0000000000
3106 -1465.0000000000
3139 -1464.0000000000
3150 -1463.0000000000
3156 -1462.0000000000
3166 -1461.0000000000
3184 -1459.0000000000
3203 -1458.0000000000
3218 -1457.0000000000
3230 -1456.0000000000
3254 -1455.0000000000
3288 -1454.0000000000
3303 -1453.0000000000
3307 -1451.0000000000
3322 -1449.0000000000
3355 -1448.0000000000
3359 -1447.0000000000
3361 -1446.0000000000
3375 -1445.0000000000
3384 -1444.0000000000
3404 -1443.0000000000
3412 -1442.0000000000
3417 -1441.0000000000
3420 -1440.0000000000
3426 -1439.0000000000
3434 -1437.0000000000
3449 -1436.0000000000
3459 -1435.0000000000
3483 -1434.0000000000
3491 -1433.0000000000
3493 -1432.0000000000
3509 -1430.0000000000
3513 -1429.0000000000
3531 -1428.0000000000
3540 -1427.0000000000
3555 -1426.0000000000
3575 -1425.0000000000
3584 -1424.0000000000
3591 -1422.0000000000
3611 -1421.0000000000
3613 -1420.0000000000
3624 -1419.0000000000
3646 -1417.0000000000
3647 -1415.0000000000
3648 -1414.0000000000
3661 -1413.0000000000
3692 -1412.0000000000
3710 -1411.0000000000
3718 -1410.0000000000
3727 -1409.0000000000
3744 -1408.0000000000
3748 -1407.0000000000
3767 -1405.0000000000
3783 -1404.0000000000
3789 -1403.0000000000
3796 -1401.0000000000
3830 -1400.0000000000
3839 -1399.0000000000
3861 -1397.0000000000
3867 -1396.0000000000
3883 -1395.0000000000
3904 -1394.0000000000
3933 -1392.0000000000
3971 -1390.0000000000
4000 -1388.0000000000
4032 -1387.0000000000
4034 -1386.0000000000
4042 -1385.0000000000
4056 -1384.0000000000
4075 -1383.0000000000
4080 -1381.0000000000
4092 -1380.0000000000
4093 -1379.0000000000
4097 -1378.0000000000
4101 -1377.0000000000
4113 -1374.0000000000
4131 -1373.0000000000
4154 -1372.0000000000
4165 -1371.0000000000
4188 -1370.0000000000
4213 -1369.0000000000
4217 -1367.0000000000
4238 -1366.0000000000
4257 -1365.0000000000
4277 -1362.0000000000
4296 -1361.0000000000
4308 -1360.0000000000
4312 -1359.0000000000
4342 -1358.0000000000
4344 -1357.0000000000
4352 -1356.0000000000
4384 -1355.0000000000
4402 -1354.0000000000
4408 -1353.0000000000
4422 -1352.0000000000
4429 -1351.0000000000
4441 -1350.0000000000
4472 -1348.0000000000
4487 -1347.0000000000
4489 -1345.0000000000
4530 -1344.0000000000
4535 -1343.0000000000
4567 -1342.0000000000
4582 -1341.0000000000
4587 -1340.0000000000
4598 -1339.0000000000
4600 -1338.0000000000
4609 -1337.0000000000
4644 -1336.0000000000
4649 -1335.0000000000
4662 -1333.0000000000
4685 -1332.0000000000
4695 -1331.0000000000
4705 -1330.0000000000
4721 -1329.0000000000
4732 -1328.0000000000
4741 -1327.0000000000
4742 -1326.0000000000
4764 -1325.0000000000
4781 -1324.0000000000
4801 -1322.0000000000
4836 -1321.0000000000
4850 -1319.0000000000
4871 -1317.0000000000
4904 -1316.0000000000
4914 -1315.0000000000
4919 -1314.0000000000
4935 -1312.0000000000
4952 -1311.0000000000
4981 -1310.0000000000
4987 -1309.0000000000
5026 -1308.0000000000
5033 -1307.0000000000
5055 -1306.0000000000
5061 -1305.0000000000
5082 -1304.0000000000
5093 -1303.0000000000
5104 -1302.0000000000
5133 -1301.0000000000
5142 -1300.0000000000
5147 -1299.0000000000
5151 -1298.0000000000
5169 -1297.0000000000
5182 -1296.0000000000
5196 -1295.0000000000
5202 -1294.0000000000
5219 -1293.0000000000
5234 -1291.0000000000
5260 -1290.0000000000
5272 -1289.0000000000
5293 -1288.0000000000
5310 -1287.0000000000
5317 -1286.0000000000
5331 -1285.0000000000
5343 -1284.0000000000
5369 -1283.0000000000
5375 -1282.0000000000
5400 -1281.0000000000
5413 -1280.0000000000
5425 -1279.0000000000
5440 -1278.0000000000
5479 -1277.0000000000
5481 -1276.0000000000
5520 -1275.0000000000
5527 -1274.0000000000
5564 -1272.0000000000
5600 -1271.0000000000
5615 -1270.0000000000
5635 -1268.0000000000
5653 -1267.0000000000
5672 -1266.0000000000
5692 -1264.0000000000
5702 -1262.0000000000
5720 -1261.0000000000
5731 -1260.0000000000
5746 -1259.0000000000
5762 -1257.0000000000
5772 -1256.0000000000
5809 -1255.0000000000
5816 -1254.0000000000
5827 -1253.0000000000
5849 -1252.0000000000
5854 -1251.0000000000
5872 -1250.0000000000
5890 -1248.0000000000
5899 -1247.0000000000
5903 -1246.0000000000
5927 -1245.0000000000
5936 -1244.0000000000
5950 -1243.0000000000
5954 -1242.0000000000
5967 -1241.0000000000
5992 -1240.0000000000
5993 -1239.0000000000
6024 -1237.0000000000
6038 -1235.0000000000
6051 -1234.0000000000
6073 -1232.0000000000
6091 -1231.0000000000
6115 -1230.0000000000
6132 -1229.0000000000
6151 -1228.0000000000
6157 -1227.0000000000
6168 -1226.0000000000
6178 -1225.0000000000
6187 -1224.0000000000
6197 -1223.0000000000
6201 -1221.0000000000
6216 -1220.0000000000
6244 -1219.0000000000
6246 -1218.0000000000
6263 -1217.0000000000
6273 -1216.0000000000
6288 -1215.0000000000
6298 -1214.0000000000
6304 -1213.0000000000
6330 -1212.0000000000
6340 -1211.0000000000
6359 -1209.0000000000
6367 -1208.0000000000
6384 -1206.0000000000
6396 -1205.0000000000
6411 -1204.0000000000
6421 -1202.0000000000
6450 -1201.0000000000
6467 -1200.0000000000
6468 -1199.0000000000
6484 -1197.0000000000
6514 -1196.0000000000
6524 -1195.0000000000
6558 -1194.0000000000
6566 -1192.0000000000
6597 -1191.0000000000
6605 -1190.0000000000
6619 -1189.0000000000
6632 -1188.0000000000
6647 -1186.0000000000
6656 -1185.0000000000
6675 -1184.0000000000
6700 -1183.0000000000
6727 -1181.0000000000
6756 -1180.0000000000
6766 -1179.0000000000
6791 -1178.0000000000
6807 -1177.0000000000
6819 -1176.0000000000
6835 -1175.0000000000
6854 -1172.0000000000
6877 -1171.0000000000
6905 -1170.0000000000
6934 -1169.0000000000
6937 -1168.0000000000
6945 -1167.0000000000
6951 -1166.0000000000
6970 -1165.0000000000
6992 -1164.0000000000
7010 -1163.0000000000
7013 -1162.0000000000
7041 -1161.0000000000
7051 -1160.0000000000
7071 -1159.0000000000
7082 -1158.0000000000
7091 -1157.0000000000
7113 -1156.0000000000
7121 -1155.0000000000
7123 -1154.0000000000
7162 -1153.0000000000
7184 -1152.0000000000
7217 -1149.0000000000
7243 -1148.0000000000
7252 -1147.0000000000
7267 -1145.0000000000
7292 -1143.0000000000
7325 -1142.0000000000
7328 -1141.0000000000
7351 -1140.0000000000
7373 -1138.0000000000
7385 -1137.0000000000
7386 -1136.0000000000
7425 -1135.0000000000
7431 -1134.0000000000
7461 -1133.0000000000
7463 -1132.0000000000
7478 -1131.0000000000
7533 -1130.0000000000
7545 -1129.0000000000
7559 -1128.0000000000
7570 -1127.0000000000
7592 -1125.0000000000
7607 -1122.0000000000
7626 -1121.0000000000
7640 -1120.0000000000
7657 -1119.0000000000
7682 -1118.0000000000
7687 -1117.0000000000
7703 -1116.0000000000
7717 -1115.0000000000
7730 -1114.0000000000
7739 -1113.0000000000
7744 -1112.0000000000
7762 -1111.0000000000
7764 -1110.0000000000
7789 -1108.0000000000
7822 -1107.0000000000
7827 -1106.0000000000
7829 -1105.0000000000
7848 -1104.0000000000
7870 -1103.0000000000
7886 -1102.0000000000
7896 -1101.0000000000
7905 -1099.0000000000
7932 -1098.0000000000
7934 -1097.0000000000
7948 -1096.0000000000
7956 -1094.0000000000
7970 -1093.0000000000
7996 -1092.0000000000
8004 -1091.0000000000
8022 -1090.0000000000
8023 -1088.0000000000
8024 -1087.0000000000
8042 -1086.0000000000
8074 -1085.0000000000
8095 -1084.0000000000
8118 -1083.0000000000
8125 -1082.0000000000
8134 -1081.0000000000
8142 -1078.0000000000
8180 -1077.0000000000
8184 -1076.0000000000
8208 -1075.0000000000
8228 -1074.0000000000
8230 -1073.0000000000
8241 -1072.0000000000
8247 -1071.0000000000
8269 -1070.0000000000
8280 -1069.0000000000
8284 -1068.0000000000
8332 -1067.0000000000
8367 -1066.0000000000
8377 -1065.0000000000
8384 -1064.0000000000
8400 -1062.0000000000
8412 -1061.0000000000
8437 -1059.0000000000
8455 -1058.0000000000
8485 -1057.0000000000
8505 -1055.0000000000
8520 -1054.0000000000
8521 -1053.0000000000
8540 -1052.0000000000
8547 -1051.0000000000
8570 -1050.0000000000
8580 -1049.0000000000
8583 -1048.0000000000
8626 -1046.0000000000
8644 -1045.0000000000
8671 -1044.0000000000
8676 -1043.0000000000
8702 -1040.0000000000
8752 -1039.0000000000
8773 -1036.0000000000
8809 -1034.0000000000
8821 -1033.0000000000
8841 -1032.0000000000
8859 -1030.0000000000
8871 -1029.0000000000
8886 -1028.0000000000
8901 -1026.0000000000
8917 -1025.0000000000
8948 -1023.0000000000
8978 -1022.0000000000
8982 -1021.0000000000
9012 -1020.0000000000
9019 -1019.0000000000
9022 -1018.0000000000
9049 -1017.0000000000
9054 -1016.0000000000
9064 -1015.0000000000
9074 -1014.0000000000
9092 -1013.0000000000
9097 -1012.0000000000
9128 -1011.0000000000
9130 -1010.0000000000
9132 -1009.0000000000
9159 -1005.0000000000
9171 -1004.0000000000
9185 -1003.0000000000
9197 -1002.0000000000
9215 -1001.0000000000
9229 -1000.0000000000
9244 -998.0000000000
9273 -996.0000000000
9292 -995.0000000000
9320 -994.0000000000
9324 -993.0000000000
9338 -992.0000000000
9353 -990.0000000000
9370 -989.0000000000
9385 -988.0000000000
9396 -987.0000000000
9414 -986.0000000000
9420 -985.0000000000
9446 -984.0000000000
9470 -983.0000000000
9481 -982.0000000000
9490 -980.0000000000
9498 -979.0000000000
9504 -978.0000000000
9528 -977.0000000000
9535 -976.0000000000
9562 -975.0000000000
9578 -974.0000000000
9604 -973.0000000000
9613 -971.0000000000
9644 -969.0000000000
9652 -968.0000000000
9664 -967.0000000000
9680 -966.0000000000
9682 -965.0000000000
9702 -964.0000000000
9728 -963.0000000000
9732 -962.0000000000
9746 -961.0000000000
9752 -960.0000000000
9788 -959.0000000000
9813 -957.0000000000
9853 -955.0000000000
9863 -954.0000000000
9869 -952.0000000000
9899 -951.0000000000
9918 -950.0000000000
9933 -949.0000000000
9944 -948.0000000000
9958 -947.0000000000
9963 -946.0000000000
9973 -945.0000000000
9984 -944.0000000000
10005 -943.0000000000
10010 -944.0000000000
evaluations raw_y
1 -1995.0000000000
5 -1973.0000000000
10 -1954.0000000000
12 -1947.0000000000
35 -1945.0000000000
44 -1939.0000000000
46 -1926.0000000000
48 -1906.0000000000
53 -1897.0000000000
74 -1881.0000000000
82 -1874.0000000000
85 -1865.0000000000
93 -1860.0000000000
100 -1838.0000000000
134 -1835.0000000000
141 -1830.0000000000
164 -1829.0000000000
178 -1825.0000000000
199 -1824.0000000000
209 -1823.0000000000
210 -1822.0000000000
213 -1819.0000000000
237 -1816.0000000000
248 -1815.0000000000
256 -1813.0000000000
276 -1810.0000000000
291 -1809.0000000000
298 -1808.0000000000
313 -1807.0000000000
341 -1806.0000000000
355 -1805.0000000000
358 -1803.0000000000
359 -1802.0000000000
364 -1801.0000000000
365 -1799.0000000000
375 -1798.0000000000
379 -1797.0000000000
389 -1795.0000000000
413 -1793.0000000000
424 -1792.0000000000
433 -1791.0000000000
445 -1789.0000000000
456 -1788.0000000000
463 -1787.0000000000
470 -1786.0000000000
475 -1781.0000000000
503 -1778.0000000000
522 -1777.0000000000
543 -1776.0000000000
565 -1775.0000000000
583 -1774.0000000000
592 -1773.0000000000
612 -1772.0000000000
613 -1771.0000000000
614 -1770.0000000000
625 -1769.0000000000
632 -1768.0000000000
633 -1767.0000000000
637 -1766.0000000000
653 -1764.0000000000
680 -1763.0000000000
689 -1762.0000000000
692 -1760.0000000000
712 -1759.0000000000
725 -1756.0000000000
742 -1755.0000000000
761 -1754.0000000000
774 -1753.0000000000
786 -1752.0000000000
790 -1751.0000000000
802 -1749.0000000000
809 -1747.0000000000
832 -1745.0000000000
843 -1744.0000000000
849 -1743.0000000000
873 -1742.0000000000
898 -1740.0000000000
922 -1738.0000000000
939 -1737.0000000000
956 -1736.0000000000
957 -1734.0000000000
964 -1733.0000000000
989 -1732.0000000000
990 -1730.0000000000
1008 -1729.0000000000
1011 -1728.0000000000
1013 -1727.0000000000
1036 -1726.0000000000
1037 -1725.0000000000
1053 -1724.0000000000
1070 -1723.0000000000
1074 -1722.0000000000
1082 -1721.0000000000
1088 -1720.0000000000
1110 -1719.0000000000
1116 -1717.0000000000
1129 -1715.0000000000
1149 -1713.0000000000
1175 -1712.0000000000
1177 -1711.0000000000
1184 -1710.0000000000
1206 -1709.0000000000
1213 -1708.0000000000
1221 -1706.0000000000
1253 -1705.0000000000
1257 -1704.0000000000
1273 -1703.0000000000
1290 -1702.0000000000
1310 -1701.0000000000
1320 -1699.0000000000
1342 -1697.0000000000
1370 -1696.0000000000
1374 -1695.0000000000
1388 -1694.0000000000
1403 -1693.0000000000
1405 -1692.0000000000
1413 -1691.0000000000
1414 -1688.0000000000
1425 -1687.0000000000
1433 -1686.0000000000
1435 -1685.0000000000
1447 -1684.0000000000
1449 -1683.0000000000
1468 -1682.0000000000
1477 -1681.0000000000
1486 -1680.0000000000
1489 -1679.0000000000
1505 -1677.0000000000
1526 -1676.0000000000
1529 -1674.0000000000
1545 -1673.0000000000
1556 -1672.0000000000
1571 -1669.0000000000
1576 -1668.0000000000
1606 -1667.0000000000
1610 -1665.0000000000
1633 -1663.0000000000
1658 -1662.0000000000
1660 -1661.0000000000
1690 -1660.0000000000
1703 -1659.0000000000
1706 -1658.0000000000
1719 -1657.0000000000
1730 -1656.0000000000
1750 -1654.0000000000
1761 -1653.0000000000
1766 -1652.0000000000
1800 -1650.0000000000
1820 -1647.0000000000
1843 -1646.0000000000
1844 -1645.0000000000
1863 -1644.0000000000
1874 -1642.0000000000
1902 -1641.0000000000
1919 -1640.0000000000
1921 -1639.0000000000
1929 -1638.0000000000
1935 -1637.0000000000
1953 -1636.0000000000
1972 -1635.0000000000
1996 -1634.0000000000
2009 -1633.0000000000
2011 -1632.0000000000
2027 -1631.0000000000
2035 -1630.0000000000
2051 -1629.0000000000
2056 -1628.0000000000
2076 -1627.0000000000
2078 -1626.0000000000
2087 -1624.0000000000
2117 -1622.0000000000
2130 -1621.0000000000
2137 -1620.0000000000
2149 -1619.0000000000
2175 -1618.0000000000
2182 -1616.0000000000
2187 -1615.0000000000
2211 -1613.0000000000
2227 -1612.0000000000
2231 -1611.0000000000
2249 -1610.0000000000
2250 -1609.0000000000
2265 -1608.0000000000
2279 -1607.0000000000
2286 -1606.0000000000
2308 -1604.0000000000
2324 -1603.0000000000
2330 -1602.0000000000
2338 -1601.0000000000
2341 -1599.0000000000
2360 -1598.0000000000
2365 -1597.0000000000
2370 -1596.0000000000
2375 -1595.0000000000
2387 -1594.0000000000
2408 -1592.0000000000
2416 -1591.0000000000
2439 -1590.0000000000
2466 -1589.0000000000
2471 -1588.0000000000
2492 -1587.0000000000
2505 -1585.0000000000
2523 -1584.0000000000
2544 -1583.0000000000
2551 -1582.0000000000
2561 -1581.0000000000
2576 -1580.0000000000
2581 -1579.0000000000
2595 -1578.0000000000
2634 -1577.0000000000
2650 -1576.0000000000
2661 -1575.0000000000
2666 -1574.0000000000
2680 -1573.0000000000
2691 -1571.0000000000
2714 -1570.0000000000
2727 -1568.0000000000
2746 -1565.0000000000
2782 -1564.0000000000
2802 -1563.0000000000
2821 -1562.0000000000
2824 -1561.0000000000
2840 -1560.0000000000
2853 -1559.0000000000
2857 -1558.0000000000
2859 -1556.0000000000
2894 -1554.0000000000
2918 -1553.0000000000
2926 -1552.0000000000
2927 -1551.0000000000
2941 -1550.0000000000
2943 -1549.0000000000
2952 -1548.0000000000
2970 -1547.0000000000
2988 -1546.0000000000
3007 -1544.0000000000
3022 -1542.0000000000
3050 -1541.0000000000
3051 -1539.0000000000
3083 -1538.0000000000
3084 -1537.0000000000
3097 -1536.0000000000
3105 -1535.0000000000
3121 -1534.0000000000
3129 -1532.0000000000
3158 -1531.0000000000
3163 -1530.0000000000
3170 -1529.0000000000
3179 -1528.0000000000
3186 -1527.0000000000
3195 -1526.0000000000
3207 -1525.0000000000
3214 -1524.0000000000
3235 -1523.0000000000
3244 -1522.0000000000
3245 -1521.0000000000
3251 -1520.0000000000
3260 -1519.0000000000
3281 -1518.0000000000
3291 -1517.0000000000
3300 -1516.0000000000
3324 -1515.0000000000
3354 -1514.0000000000
3361 -1513.0000000000
3373 -1512.0000000000
3397 -1511.0000000000
3408 -1510.0000000000
3421 -1509.0000000000
3429 -1508.0000000000
3447 -1507.0000000000
3460 -1505.0000000000
3483 -1504.0000000000
3491 -1503.0000000000
3503 -1501.0000000000
3523 -1500.0000000000
3535 -1499.0000000000
3544 -1498.0000000000
3569 -1496.0000000000
3583 -1494.0000000000
3584 -1493.0000000000
3628 -1492.0000000000
3636 -1491.0000000000
3670 -1489.0000000000
3686 -1487.0000000000
3708 -1486.0000000000
3711 -1485.0000000000
3731 -1484.0000000000
3762 -1483.0000000000
3792 -1482.0000000000
3794 -1481.0000000000
3810 -1479.0000000000
3823 -1478.0000000000
3835 -1477.0000000000
3848 -1476.0000000000
3856 -1475.0000000000
3875 -1474.0000000000
3885 -1473.0000000000
3900 -1472.0000000000
3917 -1470.0000000000
3924 -1469.0000000000
3942 -1468.0000000000
3945 -1467.0000000000
3950 -1466.0000000000
3965 -1465.0000000000
3996 -1464.0000000000
4013 -1463.0000000000
4033 -1462.0000000000
4042 -1461.0000000000
4057 -1460.0000000000
4070 -1458.0000000000
4084 -1457.0000000000
4095 -1454.0000000000
4114 -1452.0000000000
4130 -1451.0000000000
4136 -1450.0000000000
4148 -1449.0000000000
4161 -1448.0000000000
4173 -1447.0000000000
4176 -1446.0000000000
4181 -1441.0000000000
4239 -1440.0000000000
4249 -1439.0000000000
4277 -1436.0000000000
4288 -1435.0000000000
4298 -1434.0000000000
4319 -1433.0000000000
4328 -1432.0000000000
4353 -1430.0000000000
4368 -1429.0000000000
4380 -1428.0000000000
4383 -1427.0000000000
4396 -1426.0000000000
4419 -1425.0000000000
4429 -1424.0000000000
4431 -1423.0000000000
4455 -1422.0000000000
4456 -1420.0000000000
4479 -1419.0000000000
4489 -1417.0000000000
4509 -1416.0000000000
4521 -1415.0000000000
4558 -1414.0000000000
4581 -1413.0000000000
4585 -1411.0000000000
4612 -1409.0000000000
4641 -1408.0000000000
4644 -1407.0000000000
4661 -1405.0000000000
4673 -1404.0000000000
4693 -1403.0000000000
4705 -1402.0000000000
4714 -1401.0000000000
4721 -1400.0000000000
4726 -1399.0000000000
4729 -1398.0000000000
4734 -1397.0000000000
4758 -1396.0000000000
4764 -1395.0000000000
4773 -1394.0000000000
4788 -1393.0000000000
4796 -1390.0000000000
4814 -1389.0000000000
4828 -1388.0000000000
4841 -1387.0000000000
4852 -1385.0000000000
4875 -1384.0000000000
4884 -1383.0000000000
4897 -1382.0000000000
4900 -1380.0000000000
4931 -1379.0000000000
4940 -1378.0000000000
4954 -1377.0000000000
4965 -1376.0000000000
4974 -1375.0000000000
4976 -1374.0000000000
4990 -1373.0000000000
5019 -1372.0000000000
5029 -1371.0000000000
5048 -1369.0000000000
5053 -1368.0000000000
5080 -1366.0000000000
5092 -1365.0000000000
5124 -1364.0000000000
5133 -1363.0000000000
5150 -1362.0000000000
5163 -1361.0000000000
5178 -1360.0000000000
5184 -1359.0000000000
5204 -1358.0000000000
5214 -1357.0000000000
5219 -1356.0000000000
5231 -1353.0000000000
5252 -1352.0000000000
5259 -1351.0000000000
5264 -1349.0000000000
5296 -1348.0000000000
5305 -1347.0000000000
5323 -1346.0000000000
5341 -1345.0000000000
5342 -1343.0000000000
5357 -1342.0000000000
5373 -1339.0000000000
5397 -1338.0000000000
5413 -1337.0000000000
5442 -1336.0000000000
5459 -1335.0000000000
5477 -1334.0000000000
5482 -1333.0000000000
5497 -1332.0000000000
5508 -1331.0000000000
5537 -1330.0000000000
5553 -1329.0000000000
5556 -1328.0000000000
5559 -1327.0000000000
5576 -1326.0000000000
5583 -1324.0000000000
5625 -1323.0000000000
5648 -1322.0000000000
5657 -1321.0000000000
5669 -1320.0000000000
5677 -1319.0000000000
5681 -1318.0000000000
5702 -1316.0000000000
5724 -1314.0000000000
5752 -1312.0000000000
5779 -1311.0000000000
5796 -1310.0000000000
5810 -1309.0000000000
5847 -1308.0000000000
5862 -1307.0000000000
5877 -1306.0000000000
5885 -1305.0000000000
5921 -1304.0000000000
5931 -1303.0000000000
5941 -1302.0000000000
5942 -1301.0000000000
5972 -1300.0000000000
5974 -1299.0000000000
5989 -1298.0000000000
6014 -1297.0000000000
6015 -1296.0000000000
6025 -1295.0000000000
6033 -1294.0000000000
6035 -1292.0000000000
6064 -1291.0000000000
6066 -1290.0000000000
6099 -1288.0000000000
6103 -1287.0000000000
6139 -1286.0000000000
6144 -1285.0000000000
6155 -1284.0000000000
6159 -1283.0000000000
6176 -1281.0000000000
6199 -1280.0000000000
6218 -1279.0000000000
6220 -1278.0000000000
6241 -1277.0000000000
6265 -1276.0000000000
6268 -1275.0000000000
6279 -1274.0000000000
6295 -1273.0000000000
6302 -1272.0000000000
6315 -1271.0000000000
6329 -1270.0000000000
6334 -1269.0000000000
6361 -1267.0000000000
6402 -1266.0000000000
6412 -1265.0000000000
6427 -1264.0000000000
6428 -1263.0000000000
6438 -1262.0000000000
6454 -1261.0000000000
6458 -1260.0000000000
6498 -1259.0000000000
6510 -1258.0000000000
6522 -1257.0000000000
6549 -1256.0000000000
6576 -1255.0000000000
6579 -1253.0000000000
6597 -1252.0000000000
6631 -1251.0000000000
6649 -1249.0000000000
6676 -1248.0000000000
6696 -1247.0000000000
6713 -1246.0000000000
6719 -1245.0000000000
6738 -1244.0000000000
6769 -1243.0000000000
6775 -1242.0000000000
6793 -1241.0000000000
6810 -1240.0000000000
6813 -1239.0000000000
6816 -1238.0000000000
6840 -1237.0000000000
6846 -1236.0000000000
6861 -1234.0000000000
6886 -1232.0000000000
6890 -1231.0000000000
6916 -1229.0000000000
6925 -1228.0000000000
6956 -1227.0000000000
6960 -1226.0000000000
6973 -1225.0000000000
6989 -1224.0000000000
7017 -1223.0000000000
7028 -1222.0000000000
7037 -1221.0000000000
7055 -1220.0000000000
7087 -1219.0000000000
7106 -1218.0000000000
7109 -1217.0000000000
7119 -1216.0000000000
7135 -1214.0000000000
7151 -1213.0000000000
7178 -1212.0000000000
7199 -1211.0000000000
7201 -1210.0000000000
7219 -1209.0000000000
7227 -1208.0000000000
7237 -1207.0000000000
7239 -1206.0000000000
7263 -1205.0000000000
7272 -1204.0000000000
7284 -1203.0000000000
7298 -1202.0000000000
7313 -1201.0000000000
7333 -1200.0000000000
7346 -1199.0000000000
7362 -1198.0000000000
7377 -1196.0000000000
7397 -1195.0000000000
7413 -1193.0000000000
7435 -1192.0000000000
7451 -1191.0000000000
7461 -1189.0000000000
7464 -1188.0000000000
7485 -1187.0000000000
7488 -1186.0000000000
7497 -1184.0000000000
7514 -1183.0000000000
7523 -1182.0000000000
7536 -1181.0000000000
7541 -1180.0000000000
7558 -1179.0000000000
7577 -1178.0000000000
7596 -1177.0000000000
7603 -1176.0000000000
7609 -1175.0000000000
7622 -1174.0000000000
7631 -1173.0000000000
7655 -1172.0000000000
7656 -1171.0000000000
7662 -1170.0000000000
7679 -1169.0000000000
7686 -1167.0000000000
7717 -1166.0000000000
7732 -1165.0000000000
7740 -1164.0000000000
7750 -1163.0000000000
7762 -1162.0000000000
7776 -1161.0000000000
7796 -1160.0000000000
7800 -1159.0000000000
7812 -1158.0000000000
7827 -1157.0000000000
7831 -1155.0000000000
7861 -1154.0000000000
7866 -1153.0000000000
7872 -1152.0000000000
7888 -1149.0000000000
7901 -1148.0000000000
7924 -1147.0000000000
7930 -1146.0000000000
7936 -1145.0000000000
7951 -1142.0000000000
8012 -1141.0000000000
8033 -1140.0000000000
8050 -1139.0000000000
8070 -1138.0000000000
8080 -1137.0000000000
8104 -1136.0000000000
8126 -1135.0000000000
8146 -1134.0000000000
8152 -1132.0000000000
8190 -1131.0000000000
8216 -1130.0000000000
8231 -1129.0000000000
8258 -1128.0000000000
8272 -1127.0000000000
8310 -1126.0000000000
8338 -1124.0000000000
8362 -1123.0000000000
8383 -1122.0000000000
8392 -1121.0000000000
8439 -1120.0000000000
8449 -1119.0000000000
8472 -1118.0000000000
8483 -1117.0000000000
8487 -1116.0000000000
8492 -1115.0000000000
8513 -1114.0000000000
8517 -1113.0000000000
8521 -1112.0000000000
8543 -1111.0000000000
8555 -1110.0000000000
8563 -1109.0000000000
8579 -1108.0000000000
8591 -1106.0000000000
8621 -1105.0000000000
8633 -1104.0000000000
8644 -1102.0000000000
8646 -1100.0000000000
8684 -1099.0000000000
8701 -1098.0000000000
8707 -1097.0000000000
8711 -1096.0000000000
8728 -1095.0000000000
8766 -1094.0000000000
8776 -1093.0000000000
8792 -1092.0000000000
8812 -1091.0000000000
8820 -1090.0000000000
8837 -1089.0000000000
8860 -1088.0000000000
8868 -1087.0000000000
8882 -1086.0000000000
8885 -1085.0000000000
8899 -1084.0000000000
8911 -1083.0000000000
8920 -1082.0000000000
8946 -1081.0000000000
8969 -1080.0000000000
8995 -1079.0000000000
9010 -1077.0000000000
9026 -1076.0000000000
9038 -1075.0000000000
9054 -1074.0000000000
9060 -1073.0000000000
9065 -1072.0000000000
9070 -1071.0000000000
9087 -1070.0000000000
9104 -1069.0000000000
9120 -1068.0000000000
9123 -1066.0000000000
9151 -1065.0000000000
9175 -1063.0000000000
9190 -1062.0000000000
9217 -1061.0000000000
9220 -1060.0000000000
9228 -1058.0000000000
9256 -1057.0000000000
9271 -1056.0000000000
9285 -1055.0000000000
9289 -1054.0000000000
9306 -1053.0000000000
9321 -1052.0000000000
9369 -1050.0000000000
9402 -1048.0000000000
9426 -1047.0000000000
9451 -1046.0000000000
9471 -1045.0000000000
9490 -1044.0000000000
9512 -1043.0000000000
9513 -1042.0000000000
9532 -1041.0000000000
9542 -1040.0000000000
9572 -1039.0000000000
9582 -1038.0000000000
9593 -1037.0000000000
9619 -1036.0000000000
9638 -1035.0000000000
9678 -1033.0000000000
9684 -1032.0000000000
9703 -1031.0000000000
9736 -1030.0000000000
9746 -1029.0000000000
9762 -1028.0000000000
9816 -1027.0000000000
9825 -1026.0000000000
9833 -1024.0000000000
9844 -1023.0000000000
9866 -1022.0000000000
9868 -1021.0000000000
9875 -1020.0000000000
9902 -1019.0000000000
9910 -1018.0000000000
9924 -1017.0000000000
9941 -1016.0000000000
9945 -1015.0000000000
9960 -1014.0000000000
9964 -1013.0000000000
9974 -1012.0000000000
9982 -1011.0000000000
10010 -1011.0000000000
evaluations raw_y
1 -2007.0000000000
5 -2002.0000000000
7 -1972.0000000000
11 -1933.0000000000
20 -1926.0000000000
29 -1919.0000000000
42 -1916.0000000000
45 -1907.0000000000
59 -1903.0000000000
60 -1894.0000000000
81 -1883.0000000000
93 -1873.0000000000
115 -1868.0000000000
120 -1858.0000000000
138 -1856.0000000000
146 -1854.0000000000
147 -1852.0000000000
153 -1851.0000000000
158 -1847.0000000000
168 -1846.0000000000
175 -1842.0000000000
182 -1840.0000000000
198 -1838.0000000000
199 -1837.0000000000
214 -1835.0000000000
226 -1833.0000000000
229 -1831.0000000000
240 -1830.0000000000
252 -1829.0000000000
261 -1828.0000000000
272 -1826.0000000000
280 -1825.0000000000
283 -1824.0000000000
300 -1823.0000000000
315 -1821.0000000000
334 -1820.0000000000
362 -1818.0000000000
367 -1817.0000000000
398 -1816.0000000000
412 -1814.0000000000
420 -1812.0000000000
452 -1811.0000000000
458 -1810.0000000000
470 -1809.0000000000
476 -1807.0000000000
487 -1806.0000000000
500 -1805.0000000000
506 -1804.0000000000
524 -1803.0000000000
527 -1802.0000000000
538 -1801.0000000000
561 -1800.0000000000
577 -1799.0000000000
583 -1798.0000000000
589 -1797.0000000000
593 -1796.0000000000
604 -1794.0000000000
615 -1793.0000000000
636 -1792.0000000000
645 -1789.0000000000
660 -1788.0000000000
667 -1786.0000000000
679 -1784.0000000000
701 -1782.0000000000
718 -1781.0000000000
724 -1780.0000000000
741 -1779.0000000000
751 -1776.0000000000
756 -1775.0000000000
787 -1774.0000000000
799 -1773.0000000000
822 -1772.0000000000
829 -1770.0000000000
861 -1768.0000000000
883 -1767.0000000000
911 -1766.0000000000
917 -1764.0000000000
926 -1763.0000000000
948 -1760.0000000000
989 -1759.0000000000
997 -1758.0000000000
999 -1757.0000000000
1015 -1755.0000000000
1029 -1753.0000000000
1047 -1751.0000000000
1060 -1750.0000000000
1072 -1749.0000000000
1073 -1747.0000000000
1093 -1746.0000000000
1120 -1744.0000000000
1122 -1743.0000000000
1132 -1742.0000000000
1151 -1741.0000000000
1165 -1740.0000000000
1171 -1738.0000000000
1199 -1737.0000000000
1208 -1736.0000000000
1219 -1735.0000000000
1233 -1734.0000000000
1252 -1733.0000000000
1256 -1732.0000000000
1267 -1731.0000000000
1283 -1730.0000000000
1299 -1729.0000000000
1310 -1728.0000000000
1317 -1727.0000000000
1329 -1726.0000000000
1342 -1724.0000000000
1372 -1723.0000000000
1381 -1722.0000000000
1396 -1721.0000000000
1410 -1720.0000000000
1416 -1719.0000000000
1423 -1718.0000000000
1433 -1717.0000000000
1456 -1715.0000000000
1463 -1714.0000000000
1488 -1712.0000000000
1516 -1711.0000000000
1534 -1710.0000000000
1539 -1709.0000000000
1554 -1708.0000000000
1555 -1707.0000000000
1561 -1706.0000000000
1574 -1705.0000000000
1578 -1704.0000000000
1590 -1703.0000000000
1605 -1702.0000000000
1613 -1701.0000000000
1624 -1699.0000000000
1632 -1698.0000000000
1641 -1697.0000000000
1643 -1696.0000000000
1661 -1694.0000000000
1692 -1692.0000000000
1734 -1691.0000000000
1747 -1689.0000000000
1758 -1688.0000000000
1767 -1687.0000000000
1798 -1685.0000000000
1800 -1684.0000000000
1815 -1683.0000000000
1832 -1682.0000000000
1855 -1681.0000000000
1856 -1680.0000000000
1861 -1678.0000000000
1872 -1677.0000000000
1892 -1676.0000000000
1919 -1675.0000000000
1938 -1674.0000000000
1951 -1672.0000000000
1962 -1671.0000000000
1987 -1670.0000000000
1992 -1669.0000000000
2004 -1668.0000000000
2017 -1667.0000000000
2033 -1665.0000000000
2045 -1664.0000000000
2053 -1663.0000000000
2060 -1662.0000000000
2068 -1660.0000000000
2079 -1659.0000000000
2094 -1657.0000000000
2103 -1656.0000000000
2121 -1655.0000000000
2132 -1654.0000000000
2139 -1653.0000000000
2141 -1652.0000000000
2148 -1651.0000000000
2163 -1650.0000000000
2167 -1649.0000000000
2180 -1648.0000000000
2186 -1647.0000000000
2194 -1646.0000000000
2202 -1645.0000000000
2213 -1644.0000000000
2219 -1643.0000000000
2246 -1642.0000000000
2254 -1641.0000000000
2256 -1640.0000000000
2269 -1639.0000000000
2278 -1638.0000000000
2295 -1636.0000000000
2308 -1635.0000000000
2316 -1634.0000000000
2333 -1633.0000000000
2353 -1632.0000000000
2356 -1631.0000000000
2361 -1630.0000000000
2366 -1628.0000000000
2377 -1626.0000000000
2383 -1625.0000000000
2409 -1624.0000000000
2411 -1623.0000000000
2426 -1622.0000000000
2430 -1620.0000000000
2457 -1619.0000000000
2462 -1618.0000000000
2474 -1616.0000000000
2493 -1615.0000000000
2495 -1614.0000000000
2508 -1613.0000000000
2514 -1612.0000000000
2515 -1611.0000000000
2529 -1610.0000000000
2555 -1609.0000000000
2570 -1608.0000000000
2580 -1606.0000000000
2601 -1605.0000000000
2622 -1604.0000000000
2629 -1603.0000000000
2646 -1602.0000000000
2664 -1601.0000000000
2676 -1600.0000000000
2707 -1599.0000000000
2714 -1598.0000000000
2724 -1597.0000000000
2741 -1596.0000000000
2747 -1595.0000000000
2748 -1593.0000000000
2782 -1591.0000000000
2801 -1589.0000000000
2818 -1588.0000000000
2820 -1587.0000000000
2832 -1586.0000000000
2838 -1585.0000000000
2839 -1583.0000000000
2840 -1581.0000000000
2870 -1580.0000000000
2874 -1579.0000000000
2881 -1578.0000000000
2899 -1576.0000000000
2910 -1575.0000000000
2926 -1573.0000000000
2935 -1572.0000000000
2936 -1571.0000000000
2948 -1570.0000000000
2962 -1569.0000000000
2981 -1568.0000000000
2987 -1567.0000000000
2991 -1566.0000000000
3003 -1565.0000000000
3024 -1564.0000000000
3050 -1563.0000000000
3065 -1562.0000000000
3077 -1561.0000000000
3086 -1559.0000000000
3096 -1558.0000000000
3112 -1556.0000000000
3127 -1555.0000000000
3136 -1554.0000000000
3142 -1552.0000000000
3180 -1551.0000000000
3182 -1550.0000000000
3191 -1548.0000000000
3202 -1547.0000000000
3207 -1546.0000000000
3225 -1543.0000000000
3258 -1541.0000000000
3276 -1540.0000000000
3278 -1538.0000000000
3289 -1536.0000000000
3293 -1535.0000000000
3302 -1534.0000000000
3318 -1533.0000000000
3321 -1532.0000000000
3332 -1531.0000000000
3349 -1530.0000000000
3350 -1528.0000000000
3372 -1527.0000000000
3385 -1526.0000000000
3407 -1525.0000000000
3409 -1524.0000000000
3421 -1523.0000000000
3433 -1522.0000000000
3437 -1521.0000000000
3461 -1520.0000000000
3463 -1519.0000000000
3477 -1518.0000000000
3494 -1517.0000000000
3498 -1516.0000000000
3501 -1513.0000000000
3518 -1512.0000000000
3535 -1511.0000000000
3549 -1510.0000000000
3551 -1509.0000000000
3564 -1508.0000000000
3578 -1507.0000000000
3588 -1506.0000000000
3599 -1505.0000000000
3627 -1504.0000000000
3633 -1503.0000000000
3646 -1502.0000000000
3672 -1500.0000000000
3682 -1499.0000000000
3698 -1498.0000000000
3725 -1497.0000000000
3733 -1496.0000000000
3740 -1495.0000000000
3762 -1493.0000000000
3776 -1492.0000000000
3789 -1491.0000000000
3795 -1489.0000000000
3812 -1488.0000000000
3826 -1486.0000000000
3851 -1485.0000000000
3875 -1484.0000000000
3877 -1483.0000000000
3883 -1482.0000000000
3893 -1481.0000000000
3921 -1479.0000000000
3949 -1478.0000000000
3966 -1477.0000000000
3967 -1476.0000000000
4018 -1475.0000000000
4024 -1474.0000000000
4044 -1473.0000000000
4058 -1472.0000000000
4067 -1471.0000000000
4079 -1470.0000000000
4094 -1469.0000000000
4116 -1468.0000000000
4125 -1466.0000000000
4149 -1465.0000000000
4155 -1463.0000000000
4170 -1462.0000000000
4194 -1460.0000000000
4210 -1459.0000000000
4217 -1458.0000000000
4224 -1454.0000000000
4254 -1453.0000000000
4264 -1452.0000000000
4265 -1451.0000000000
4271 -1450.0000000000
4296 -1448.0000000000
4300 -1447.0000000000
4306 -1446.0000000000
4324 -1445.0000000000
4327 -1444.0000000000
4340 -1443.0000000000
4361 -1442.0000000000
4363 -1441.0000000000
4376 -1440.0000000000
4380 -1439.0000000000
4400 -1438.0000000000
4419 -1437.0000000000
4437 -1436.0000000000
4442 -1435.0000000000
4465 -1434.0000000000
4468 -1433.0000000000
4484 -1432.0000000000
4499 -1431.0000000000
4519 -1430.0000000000
4528 -1429.0000000000
4535 -1428.0000000000
4538 -1427.0000000000
4542 -1426.0000000000
4572 -1424.0000000000
4622 -1423.0000000000
4629 -1421.0000000000
4656 -1420.0000000000
4679 -1419.0000000000
4683 -1417.0000000000
4702 -1416.0000000000
4704 -1415.0000000000
4722 -1414.0000000000
4738 -1412.0000000000
4755 -1411.0000000000
4773 -1410.0000000000
4776 -1408.0000000000
4798 -1407.0000000000
4811 -1406.0000000000
4815 -1405.0000000000
4820 -1404.0000000000
4831 -1403.0000000000
4855 -1402.0000000000
4865 -1400.0000000000
4881 -1399.0000000000
4897 -1398.0000000000
4898 -1397.0000000000
4917 -1396.0000000000
4926 -1395.0000000000
4944 -1394.0000000000
4966 -1393.0000000000
4970 -1391.0000000000
4982 -1389.0000000000
4992 -1387.0000000000
5008 -1386.0000000000
5011 -1385.0000000000
5026 -1383.0000000000
5038 -1382.0000000000
5056 -1381.0000000000
5066 -1380.0000000000
5070 -1379.0000000000
5080 -1378.0000000000
5102 -1377.0000000000
5110 -1376.0000000000
5135 -1375.0000000000
5148 -1374.0000000000
5153 -1373.0000000000
5185 -1372.0000000000
5198 -1371.0000000000
5202 -1370.0000000000
5212 -1369.0000000000
5227 -1368.0000000000
5235 -1366.0000000000
5252 -1365.0000000000
5282 -1364.0000000000
5289 -1363.0000000000
5299 -1361.0000000000
5319 -1360.0000000000
5320 -1359.0000000000
5359 -1358.0000000000
5365 -1357.0000000000
5382 -1355.0000000000
5401 -1354.0000000000
5406 -1353.0000000000
5417 -1352.0000000000
5435 -1351.0000000000
5446 -1350.0000000000
5455 -1349.0000000000
5474 -1348.0000000000
5493 -1346.0000000000
5501 -1345.0000000000
5504 -1344.0000000000
5528 -1342.0000000000
5551 -1341.0000000000
5555 -1340.0000000000
5580 -1338.0000000000
5589 -1337.0000000000
5607 -1336.0000000000
5611 -1335.0000000000
5624 -1334.0000000000
5642 -1333.0000000000
5663 -1332.0000000000
5670 -1331.0000000000
5690 -1330.0000000000
5696 -1329.0000000000
5699 -1327.0000000000
5711 -1326.0000000000
5726 -1325.0000000000
5742 -1324.0000000000
5747 -1323.0000000000
5757 -1322.0000000000
5768 -1321.0000000000
5776 -1320.0000000000
5782 -1319.0000000000
5813 -1318.0000000000
5816 -1317.0000000000
5821 -1315.0000000000
5825 -1314.0000000000
5839 -1313.0000000000
5869 -1312.0000000000
5882 -1311.0000000000
5895 -1310.0000000000
5906 -1309.0000000000
5909 -1308.0000000000
5927 -1307.0000000000
5940 -1305.0000000000
5967 -1304.0000000000
5972 -1303.0000000000
5987 -1302.0000000000
5997 -1300.0000000000
6020 -1299.0000000000
6031 -1296.0000000000
6059 -1295.0000000000
6061 -1293.0000000000
6077 -1292.0000000000
6083 -1290.0000000000
6105 -1288.0000000000
6120 -1287.0000000000
6145 -1286.0000000000
6148 -1285.0000000000
6161 -1284.0000000000
6186 -1283.0000000000
6194 -1282.0000000000
6218 -1281.0000000000
6225 -1278.0000000000
6238 -1277.0000000000
6250 -1276.0000000000
6256 -1275.0000000000
6271 -1274.0000000000
6283 -1273.0000000000
6315 -1272.0000000000
6319 -1271.0000000000
6325 -1270.0000000000
6356 -1269.0000000000
6357 -1268.0000000000
6360 -1267.0000000000
6400 -1266.0000000000
6404 -1265.0000000000
6422 -1264.0000000000
6444 -1263.0000000000
6460 -1262.0000000000
6465 -1260.0000000000
6495 -1258.0000000000
6505 -1257.0000000000
6518 -1256.0000000000
6523 -1255.0000000000
6548 -1254.0000000000
6553 -1253.0000000000
6558 -1252.0000000000
6565 -1251.0000000000
6577 -1250.0000000000
6580 -1249.0000000000
6595 -1248.0000000000
6632 -1246.0000000000
6643 -1245.0000000000
6649 -1244.0000000000
6675 -1243.0000000000
6678 -1242.0000000000
6698 -1241.0000000000
6712 -1240.0000000000
6723 -1238.0000000000
6740 -1237.0000000000
6746 -1236.0000000000
6753 -1233.0000000000
6773 -1232.0000000000
6789 -1231.0000000000
6791 -1230.0000000000
6792 -1229.0000000000
6810 -1227.0000000000
6823 -1226.0000000000
6838 -1225.0000000000
6839 -1224.0000000000
6848 -1223.0000000000
6872 -1222.0000000000
6896 -1220.0000000000
6912 -1219.0000000000
6935 -1217.0000000000
6949 -1216.0000000000
6961 -1215.0000000000
6984 -1214.0000000000
7000 -1213.0000000000
7025 -1212.0000000000
7038 -1211.0000000000
7048 -1210.0000000000
7075 -1209.0000000000
7076 -1207.0000000000
7102 -1206.0000000000
7117 -1204.0000000000
7120 -1203.0000000000
7133 -1202.0000000000
7156 -1201.0000000000
7166 -1200.0000000000
7175 -1198.0000000000
7193 -1197.0000000000
7196 -1196.0000000000
7227 -1195.0000000000
7240 -1194.0000000000
7276 -1193.0000000000
7300 -1192.0000000000
7309 -1191.0000000000
7334 -1190.0000000000
7348 -1189.0000000000
7364 -1188.0000000000
7380 -1187.0000000000
7393 -1186.0000000000
7403 -1184.0000000000
7416 -1183.0000000000
7419 -1182.0000000000
7432 -1181.0000000000
7437 -1180.0000000000
7450 -1179.0000000000
7453 -1178.0000000000
7466 -1177.0000000000
7478 -1176.0000000000
7489 -1175.0000000000
7508 -1174.0000000000
7528 -1173.0000000000
7529 -1172.0000000000
7549 -1171.0000000000
7573 -1169.0000000000
7612 -1167.0000000000
7635 -1165.0000000000
7661 -1163.0000000000
7670 -1162.0000000000
7688 -1161.0000000000
7706 -1160.0000000000
7721 -1159.0000000000
7742 -1158.0000000000
7746 -1157.0000000000
7763 -1156.0000000000
7765 -1155.0000000000
7779 -1154.0000000000
7790 -1153.0000000000
7799 -1152.0000000000
7811 -1151.0000000000
7832 -1149.0000000000
7840 -1148.0000000000
7852 -1147.0000000000
7855 -1146.0000000000
7870 -1145.0000000000
7882 -1143.0000000000
7902 -1142.0000000000
7909 -1141.0000000000
7926 -1139.0000000000
7939 -1138.0000000000
7956 -1137.0000000000
7960 -1136.0000000000
7980 -1135.0000000000
7991 -1134.0000000000
7998 -1133.0000000000
8019 -1131.0000000000
8048 -1129.0000000000
8075 -1128.0000000000
8082 -1127.0000000000
8107 -1126.0000000000
8126 -1124.0000000000
8147 -1123.0000000000
8167 -1121.0000000000
8192 -1119.0000000000
8224 -1118.0000000000
8227 -1116.0000000000
8275 -1115.0000000000
8306 -1114.0000000000
8356 -1113.0000000000
8382 -1112.0000000000
8405 -1111.0000000000
8417 -1110.0000000000
8425 -1109.0000000000
8430 -1108.0000000000
8457 -1107.0000000000
8471 -1105.0000000000
8492 -1104.0000000000
8499 -1103.0000000000
8519 -1102.0000000000
8542 -1101.0000000000
8557 -1100.0000000000
8594 -1099.0000000000
8615 -1098.0000000000
8618 -1096.0000000000
8643 -1095.0000000000
8646 -1094.0000000000
8653 -1093.0000000000
8659 -1091.0000000000
8685 -1090.0000000000
8704 -1088.0000000000
8720 -1087.0000000000
8725 -1086.0000000000
8730 -1085.0000000000
8748 -1084.0000000000
8767 -1082.0000000000
8770 -1081.0000000000
8799 -1080.0000000000
8817 -1079.0000000000
8829 -1078.0000000000
8840 -1077.0000000000
8852 -1076.0000000000
8861 -1075.0000000000
8874 -1074.0000000000
8891 -1073.0000000000
8916 -1072.0000000000
8932 -1071.0000000000
8947 -1070.0000000000
8956 -1069.0000000000
8958 -1068.0000000000
8990 -1067.0000000000
8993 -1066.0000000000
9007 -1065.0000000000
9013 -1063.0000000000
9043 -1062.0000000000
9069 -1061.0000000000
9079 -1060.0000000000
9085 -1059.0000000000
9123 -1058.0000000000
9124 -1057.0000000000
9136 -1056.0000000000
9148 -1055.0000000000
9163 -1053.0000000000
9186 -1052.0000000000
9196 -1051.0000000000
9221 -1050.0000000000
9259 -1049.0000000000
9272 -1048.0000000000
9289 -1047.0000000000
9313 -1046.0000000000
9317 -1045.0000000000
9352 -1044.0000000000
9376 -1043.0000000000
9390 -1041.0000000000
9399 -1040.0000000000
9421 -1039.0000000000
9466 -1038.0000000000
9501 -1037.0000000000
9521 -1036.0000000000
9545 -1034.0000000000
9595 -1033.0000000000
9604 -1032.0000000000
9613 -1030.0000000000
9650 -1029.0000000000
9651 -1028.0000000000
9677 -1027.0000000000
9690 -1026.0000000000
9695 -1025.0000000000
9707 -1024.0000000000
9729 -1022.0000000000
9734 -1021.0000000000
9771 -1020.0000000000
9780 -1019.0000000000
9791 -1017.0000000000
9806 -1016.0000000000
9832 -1014.0000000000
9840 -1013.0000000000
9843 -1012.0000000000
9870 -1010.0000000000
9891 -1008.0000000000
9905 -1007.0000000000
9918 -1006.0000000000
9924 -1005.0000000000
9938 -1004.0000000000
9961 -1003.0000000000
9964 -1002.0000000000
9997 -1001.0000000000
10010 -1003.0000000000
evaluations raw_y
1 -2000.0000000000
2 -1966.0000000000
12 -1960.0000000000
24 -1947.0000000000
34 -1946.0000000000
36 -1930.0000000000
54 -1921.0000000000
66 -1918.0000000000
68 -1908.0000000000
79 -1896.0000000000
87 -1892.0000000000
93 -1882.0000000000
97 -1881.0000000000
98 -1879.0000000000
104 -1875.0000000000
109 -1871.0000000000
121 -1863.0000000000
153 -1860.0000000000
155 -1852.0000000000
183 -1851.0000000000
185 -1850.0000000000
200 -1849.0000000000
205 -1846.0000000000
222 -1844.0000000000
232 -1843.0000000000
241 -1842.0000000000
255 -1839.0000000000
269 -1838.0000000000
287 -1836.0000000000
293 -1834.0000000000
306 -1831.0000000000
341 -1829.0000000000
350 -1828.0000000000
354 -1827.0000000000
362 -1826.0000000000
365 -1825.0000000000
388 -1824.0000000000
391 -1823.0000000000
396 -1822.0000000000
404 -1821.0000000000
407 -1819.0000000000
416 -1818.0000000000
456 -1817.0000000000
460 -1816.0000000000
464 -1814.0000000000
474 -1813.0000000000
476 -1812.0000000000
480 -1810.0000000000
504 -1809.0000000000
511 -1808.0000000000
541 -1807.0000000000
545 -1805.0000000000
564 -1804.0000000000
569 -1803.0000000000
571 -1801.0000000000
586 -1800.0000000000
595 -1799.0000000000
605 -1798.0000000000
610 -1796.0000000000
632 -1794.0000000000
655 -1793.0000000000
663 -1792.0000000000
686 -1791.0000000000
692 -1790.0000000000
696 -1789.0000000000
709 -1788.0000000000
715 -1786.0000000000
720 -1785.0000000000
742 -1784.0000000000
744 -1782.0000000000
745 -1781.0000000000
762 -1780.0000000000
768 -1778.0000000000
776 -1776.0000000000
779 -1775.0000000000
803 -1774.0000000000
814 -1773.0000000000
838 -1772.0000000000
846 -1771.0000000000
848 -1770.0000000000
867 -1768.0000000000
871 -1767.0000000000
890 -1766.0000000000
913 -1764.0000000000
917 -1763.0000000000
938 -1762.0000000000
940 -1760.0000000000
963 -1759.0000000000
978 -1758.0000000000
985 -1757.0000000000
995 -1756.0000000000
1019 -1755.0000000000
1035 -1754.0000000000
1040 -1753.0000000000
1060 -1752.0000000000
1080 -1751.0000000000
1093 -1749.0000000000
1112 -1748.0000000000
1123 -1747.0000000000
1128 -1745.0000000000
1151 -1744.0000000000
1159 -1742.0000000000
1174 -1741.0000000000
1194 -1740.0000000000
1217 -1738.0000000000
1225 -1736.0000000000
1253 -1735.0000000000
1263 -1734.0000000000
1266 -1732.0000000000
1283 -1730.0000000000
1299 -1728.0000000000
1312 -1726.0000000000
1320 -1724.0000000000
1325 -1723.0000000000
1334 -1721.0000000000
1365 -1720.0000000000
1379 -1719.0000000000
1394 -1717.0000000000
1417 -1716.0000000000
1427 -1714.0000000000
1442 -1713.0000000000
1454 -1712.0000000000
1459 -1711.0000000000
1467 -1710.0000000000
1469 -1709.0000000000
1496 -1708.0000000000
1501 -1707.0000000000
1523 -1705.0000000000
1554 -1704.0000000000
1569 -1703.0000000000
1575 -1702.0000000000
1585 -1701.0000000000
1593 -1700.0000000000
1600 -1699.0000000000
1611 -1698.0000000000
1630 -1697.0000000000
1662 -1695.0000000000
1685 -1693.0000000000
1696 -1692.0000000000
1706 -1691.0000000000
1715 -1690.0000000000
1723 -1689.0000000000
1728 -1688.0000000000
1755 -1687.0000000000
1770 -1686.0000000000
1773 -1684.0000000000
1800 -1683.0000000000
1811 -1682.0000000000
1817 -1681.0000000000
1825 -1680.0000000000
1839 -1679.0000000000
1846 -1678.0000000000
1874 -1677.0000000000
1885 -1675.0000000000
1917 -1673.0000000000
1935 -1672.0000000000
1942 -1670.0000000000
1971 -1668.0000000000
1991 -1667.0000000000
1994 -1666.0000000000
2000 -1665.0000000000
2028 -1663.0000000000
2047 -1662.0000000000
2065 -1661.0000000000
2097 -1660.0000000000
2118 -1659.0000000000
2123 -1658.0000000000
2128 -1657.0000000000
2133 -1656.0000000000
2144 -1655.0000000000
2150 -1654.0000000000
2161 -1653.0000000000
2173 -1652.0000000000
2193 -1651.0000000000
2214 -1650.0000000000
2217 -1649.0000000000
2236 -1647.0000000000
2238 -1645.0000000000
2267 -1644.0000000000
2280 -1643.0000000000
2294 -1642.0000000000
2295 -1641.0000000000
2322 -1640.0000000000
2323 -1639.0000000000
2348 -1638.0000000000
2353 -1637.0000000000
2359 -1636.0000000000
2374 -1634.0000000000
2386 -1633.0000000000
2406 -1631.0000000000
2427 -1630.0000000000
2431 -1629.0000000000
2438 -1628.0000000000
2448 -1627.0000000000
2454 -1626.0000000000
2456 -1625.0000000000
2475 -1624.0000000000
2485 -1623.0000000000
2494 -1622.0000000000
2520 -1621.0000000000
2534 -1619.0000000000
2549 -1618.0000000000
2557 -1617.0000000000
2564 -1616.0000000000
2567 -1615.0000000000
2593 -1613.0000000000
2610 -1611.0000000000
2630 -1609.0000000000
2655 -1608.0000000000
2672 -1607.0000000000
2673 -1606.0000000000
2687 -1605.0000000000
2694 -1604.0000000000
2708 -1603.0000000000
2723 -1602.0000000000
2730 -1601.0000000000
2756 -1600.0000000000
2760 -1599.0000000000
2765 -1598.0000000000
2782 -1597.0000000000
2784 -1596.0000000000
2794 -1594.0000000000
2810 -1593.0000000000
2830 -1592.0000000000
2838 -1591.0000000000
2862 -1590.0000000000
2896 -1588.0000000000
2934 -1587.0000000000
2949 -1586.0000000000
2951 -1585.0000000000
2958 -1584.0000000000
2966 -1582.0000000000
2989 -1580.0000000000
2997 -1579.0000000000
3016 -1578.0000000000
3037 -1576.0000000000
3041 -1575.0000000000
3053 -1574.0000000000
3056 -1573.0000000000
3066 -1572.0000000000
3087 -1571.0000000000
3106 -1570.0000000000
3122 -1569.0000000000
3129 -1568.0000000000
3139 -1567.0000000000
3151 -1565.0000000000
3153 -1564.0000000000
3169 -1563.0000000000
3171 -1562.0000000000
3174 -1561.0000000000
3179 -1560.0000000000
3185 -1559.0000000000
3216 -1558.0000000000
3220 -1557.0000000000
3230 -1556.0000000000
3250 -1555.0000000000
3273 -1554.0000000000
3280 -1552.0000000000
3299 -1551.0000000000
3322 -1549.0000000000
3330 -1548.0000000000
3352 -1547.0000000000
3354 -1545.0000000000
3364 -1543.0000000000
3381 -1542.0000000000
3407 -1541.0000000000
3409 -1540.0000000000
3414 -1539.0000000000
3425 -1537.0000000000
3448 -1535.0000000000
3465 -1534.0000000000
3499 -1533.0000000000
3500 -1532.0000000000
3513 -1531.0000000000
3548 -1530.0000000000
3550 -1529.0000000000
3567 -1528.0000000000
3576 -1527.0000000000
3584 -1526.0000000000
3596 -1525.0000000000
3616 -1524.0000000000
3620 -1523.0000000000
3640 -1521.0000000000
3648 -1520.0000000000
3651 -1519.0000000000
3674 -1518.0000000000
3699 -1517.0000000000
3709 -1516.0000000000
3757 -1515.0000000000
3760 -1514.0000000000
3761 -1513.0000000000
3790 -1512.0000000000
3793 -1510.0000000000
3814 -1509.0000000000
3831 -1507.0000000000
3880 -1505.0000000000
3892 -1504.0000000000
3921 -1503.0000000000
3931 -1502.0000000000
3948 -1501.0000000000
3949 -1500.0000000000
3953 -1499.0000000000
3965 -1498.0000000000
3973 -1496.0000000000
3985 -1495.0000000000
3997 -1493.0000000000
4021 -1492.0000000000
4034 -1491.0000000000
4040 -1490.0000000000
4045 -1489.0000000000
4065 -1488.0000000000
4083 -1486.0000000000
4100 -1485.0000000000
4102 -1484.0000000000
4112 -1483.0000000000
4129 -1480.0000000000
4148 -1479.0000000000
4159 -1478.0000000000
4167 -1477.0000000000
4170 -1476.0000000000
4175 -1475.0000000000
4192 -1474.0000000000
4196 -1473.0000000000
4223 -1472.0000000000
4235 -1471.0000000000
4246 -1470.0000000000
4271 -1469.0000000000
4274 -1468.0000000000
4286 -1467.0000000000
4295 -1466.0000000000
4323 -1465.0000000000
4332 -1464.0000000000
4345 -1461.0000000000
4355 -1460.0000000000
4358 -1459.0000000000
4375 -1458.0000000000
4385 -1457.0000000000
4410 -1456.0000000000
4423 -1454.0000000000
4435 -1453.0000000000
4443 -1452.0000000000
4450 -1451.0000000000
4463 -1450.0000000000
4477 -1449.0000000000
4489 -1448.0000000000
4494 -1447.0000000000
4510 -1446.0000000000
4527 -1445.0000000000
4531 -1444.0000000000
4550 -1443.0000000000
4565 -1442.0000000000
4566 -1441.0000000000
4586 -1440.0000000000
4596 -1439.0000000000
4632 -1438.0000000000
4643 -1437.0000000000
4652 -1436.0000000000
4661 -1435.0000000000
4669 -1434.0000000000
4673 -1433.0000000000
4679 -1432.0000000000
4703 -1431.0000000000
4718 -1430.0000000000
4720 -1428.0000000000
4728 -1426.0000000000
4765 -1425.0000000000
4780 -1424.0000000000
4786 -1423.0000000000
4790 -1422.0000000000
4796 -1421.0000000000
4801 -1420.0000000000
4819 -1419.0000000000
4830 -1418.0000000000
4838 -1417.0000000000
4873 -1416.0000000000
4878 -1415.0000000000
4900 -1414.0000000000
4909 -1412.0000000000
4953 -1411.0000000000
4964 -1410.0000000000
4973 -1409.0000000000
4984 -1408.0000000000
4990 -1407.0000000000
5004 -1406.0000000000
5030 -1404.0000000000
5035 -1403.0000000000
5051 -1402.0000000000
5073 -1401.0000000000
5077 -1400.0000000000
5089 -1398.0000000000
5101 -1397.0000000000
5105 -1396.0000000000
5120 -1395.0000000000
5163 -1394.0000000000
5166 -1392.0000000000
5178 -1391.0000000000
5199 -1389.0000000000
5200 -1388.0000000000
5227 -1387.0000000000
5238 -1386.0000000000
5248 -1385.0000000000
5255 -1384.0000000000
5266 -1383.0000000000
5294 -1382.0000000000
5314 -1381.0000000000
5321 -1380.0000000000
5348 -1379.0000000000
5351 -1378.0000000000
5357 -1377.0000000000
5379 -1376.0000000000
5386 -1375.0000000000
5397 -1374.0000000000
5402 -1372.0000000000
5439 -1371.0000000000
5449 -1370.0000000000
5452 -1369.0000000000
5467 -1368.0000000000
5474 -1367.0000000000
5485 -1366.0000000000
5505 -1364.0000000000
5544 -1362.0000000000
5561 -1361.0000000000
5581 -1360.0000000000
5588 -1359.0000000000
5601 -1358.0000000000
5629 -1355.0000000000
5662 -1354.0000000000
5670 -1353.0000000000
5683 -1352.0000000000
5689 -1351.0000000000
5711 -1348.0000000000
5736 -1347.0000000000
5755 -1346.0000000000
5766 -1345.0000000000
5771 -1344.0000000000
5792 -1343.0000000000
5812 -1342.0000000000
5813 -1341.0000000000
5830 -1340.0000000000
5834 -1339.0000000000
5835 -1338.0000000000
5849 -1337.0000000000
5859 -1336.0000000000
5867 -1335.0000000000
5893 -1334.0000000000
5915 -1333.0000000000
5935 -1332.0000000000
5941 -1331.0000000000
5949 -1329.0000000000
5972 -1327.0000000000
5987 -1325.0000000000
6003 -1324.0000000000
6009 -1323.0000000000
6031 -1322.0000000000
6044 -1321.0000000000
6046 -1320.0000000000
6079 -1319.0000000000
6087 -1318.0000000000
6093 -1317.0000000000
6096 -1315.0000000000
6120 -1313.0000000000
6135 -1312.0000000000
6160 -1311.0000000000
6190 -1310.0000000000
6211 -1309.0000000000
6213 -1308.0000000000
6221 -1307.0000000000
6232 -1305.0000000000
6270 -1304.0000000000
6284 -1303.0000000000
6296 -1302.0000000000
6307 -1301.0000000000
6325 -1299.0000000000
6343 -1298.0000000000
6345 -1297.0000000000
6365 -1296.0000000000
6377 -1295.0000000000
6402 -1294.0000000000
6408 -1292.0000000000
6425 -1291.0000000000
6444 -1290.0000000000
6446 -1289.0000000000
6456 -1288.0000000000
6464 -1287.0000000000
6477 -1285.0000000000
6524 -1284.0000000000
6532 -1282.0000000000
6564 -1280.0000000000
6591 -1278.0000000000
6620 -1277.0000000000
6635 -1275.0000000000
6654 -1274.0000000000
6679 -1273.0000000000
6694 -1272.0000000000
6715 -1271.0000000000
6736 -1270.0000000000
6745 -1268.0000000000
6762 -1267.0000000000
6783 -1266.0000000000
6787 -1264.0000000000
6799 -1263.0000000000
6813 -1262.0000000000
6832 -1261.0000000000
6854 -1260.0000000000
6883 -1259.0000000000
6893 -1258.0000000000
6907 -1256.0000000000
6942 -1255.0000000000
6945 -1254.0000000000
6965 -1252.0000000000
6999 -1251.0000000000
7007 -1250.0000000000
7008 -1249.0000000000
7012 -1247.0000000000
7049 -1246.0000000000
7080 -1245.0000000000
7083 -1244.0000000000
7096 -1242.0000000000
7100 -1241.0000000000
7135 -1239.0000000000
7146 -1238.0000000000
7153 -1237.0000000000
7161 -1236.0000000000
7171 -1235.0000000000
7189 -1234.0000000000
7204 -1233.0000000000
7218 -1232.0000000000
7231 -1230.0000000000
7260 -1228.0000000000
7275 -1227.0000000000
7298 -1226.0000000000
7332 -1225.0000000000
7346 -1224.0000000000
7348 -1223.0000000000
7381 -1222.0000000000
7414 -1221.0000000000
7431 -1220.0000000000
7446 -1219.0000000000
7461 -1218.0000000000
7472 -1217.0000000000
7496 -1215.0000000000
7523 -1213.0000000000
7549 -1211.0000000000
7567 -1210.0000000000
7578 -1208.0000000000
7591 -1207.0000000000
7607 -1206.0000000000
7621 -1205.0000000000
7630 -1203.0000000000
7651 -1202.0000000000
7685 -1200.0000000000
7697 -1199.0000000000
7698 -1198.0000000000
7717 -1197.0000000000
7747 -1196.0000000000
7760 -1195.0000000000
7787 -1194.0000000000
7805 -1193.0000000000
7817 -1192.0000000000
7822 -1191.0000000000
7837 -1190.0000000000
7847 -1189.0000000000
7874 -1188.0000000000
7876 -1187.0000000000
7905 -1185.0000000000
7916 -1184.0000000000
7925 -1183.0000000000
7952 -1182.0000000000
7979 -1180.0000000000
7983 -1179.0000000000
7988 -1178.0000000000
7994 -1177.0000000000
8008 -1176.0000000000
8017 -1174.0000000000
8046 -1173.0000000000
8070 -1172.0000000000
8083 -1171.0000000000
8104 -1170.0000000000
8109 -1169.0000000000
8113 -1168.0000000000
8141 -1167.0000000000
8156 -1166.0000000000
8164 -1165.0000000000
8178 -1164.0000000000
8192 -1163.0000000000
8218 -1162.0000000000
8231 -1160.0000000000
8240 -1158.0000000000
8249 -1157.0000000000
8259 -1156.0000000000
8265 -1155.0000000000
8288 -1154.0000000000
8290 -1153.0000000000
8310 -1152.0000000000
8316 -1151.0000000000
8321 -1150.0000000000
8323 -1149.0000000000
8341 -1148.0000000000
8350 -1147.0000000000
8377 -1146.0000000000
8384 -1145.0000000000
8415 -1144.0000000000
8423 -1143.0000000000
8433 -1140.0000000000
8454 -1139.0000000000
8464 -1138.0000000000
8476 -1137.0000000000
8507 -1136.0000000000
8526 -1134.0000000000
8538 -1133.0000000000
8547 -1132.0000000000
8559 -1131.0000000000
8572 -1129.0000000000
8607 -1128.0000000000
8608 -1127.0000000000
8616 -1126.0000000000
8635 -1125.0000000000
8648 -1124.0000000000
8653 -1123.0000000000
8659 -1122.0000000000
8667 -1121.0000000000
8705 -1120.0000000000
8710 -1119.0000000000
8726 -1118.0000000000
8727 -1117.0000000000
8758 -1116.0000000000
8769 -1115.0000000000
8774 -1114.0000000000
8802 -1112.0000000000
8822 -1111.0000000000
8835 -1110.0000000000
8867 -1109.0000000000
8890 -1108.0000000000
8905 -1107.0000000000
8920 -1106.0000000000
8930 -1105.0000000000
8954 -1104.0000000000
8973 -1103.0000000000
8992 -1101.0000000000
8996 -1100.0000000000
9007 -1099.0000000000
9021 -1098.0000000000
9022 -1097.0000000000
9039 -1096.0000000000
9055 -1095.0000000000
9063 -1094.0000000000
9077 -1092.0000000000
9105 -1090.0000000000
9115 -1089.0000000000
9132 -1087.0000000000
9146 -1086.0000000000
9170 -1085.0000000000
9173 -1084.0000000000
9197 -1082.0000000000
9240 -1081.0000000000
9250 -1080.0000000000
9268 -1079.0000000000
9275 -1078.0000000000
9291 -1077.0000000000
9315 -1076.0000000000
9317 -1075.0000000000
9319 -1074.0000000000
9356 -1073.0000000000
9381 -1071.0000000000
9391 -1070.0000000000
9401 -1069.0000000000
9403 -1068.0000000000
9422 -1067.0000000000
9435 -1066.0000000000
9436 -1065.0000000000
9460 -1064.0000000000
9505 -1062.0000000000
9542 -1060.0000000000
9586 -1059.0000000000
9595 -1058.0000000000
9612 -1057.0000000000
9640 -1056.0000000000
9654 -1055.0000000000
9679 -1054.0000000000
9682 -1052.0000000000
9699 -1051.0000000000
9720 -1050.0000000000
9724 -1049.0000000000
9763 -1048.0000000000
9794 -1047.0000000000
9798 -1046.0000000000
9814 -1045.0000000000
9821 -1044.0000000000
9842 -1043.0000000000
9844 -1041.0000000000
9871 -1039.0000000000
9881 -1038.0000000000
9901 -1037.0000000000
9902 -1036.0000000000
9924 -1035.0000000000
9943 -1034.0000000000
9970 -1033.0000000000
9977 -1032.0000000000
9986 -1031.0000000000
10010 -1030.0000000000
evaluations raw_y
1 -1978.0000000000
3 -1958.0000000000
19 -1954.0000000000
22 -1949.0000000000
24 -1934.0000000000
33 -1933.0000000000
35 -1918.0000000000
37 -1885.0000000000
70 -1883.0000000000
76 -1874.0000000000
80 -1872.0000000000
85 -1864.0000000000
94 -1863.0000000000
97 -1854.0000000000
103 -1853.0000000000
116 -1851.0000000000
122 -1848.0000000000
133 -1844.0000000000
143 -1843.0000000000
151 -1841.0000000000
155 -1838.0000000000
178 -1836.0000000000
181 -1834.0000000000
191 -1832.0000000000
200 -1830.0000000000
221 -1828.0000000000
226 -1826.0000000000
227 -1825.0000000000
256 -1824.0000000000
262 -1823.0000000000
265 -1822.0000000000
303 -1819.0000000000
336 -1817.0000000000
357 -1816.0000000000
358 -1815.0000000000
368 -1814.0000000000
370 -1813.0000000000
389 -1812.0000000000
398 -1811.0000000000
411 -1810.0000000000
427 -1809.0000000000
431 -1808.0000000000
437 -1805.0000000000
446 -1801.0000000000
470 -1800.0000000000
486 -1799.0000000000
487 -1798.0000000000
505 -1797.0000000000
507 -1796.0000000000
525 -1795.0000000000
530 -1794.0000000000
542 -1793.0000000000
550 -1792.0000000000
576 -1790.0000000000
593 -1789.0000000000
601 -1788.0000000000
610 -1787.0000000000
619 -1786.0000000000
634 -1785.0000000000
642 -1784.0000000000
668 -1783.0000000000
676 -1781.0000000000
693 -1780.0000000000
702 -1779.0000000000
725 -1777.0000000000
758 -1776.0000000000
766 -1775.0000000000
774 -1774.0000000000
782 -1773.0000000000
809 -1770.0000000000
823 -1769.0000000000
835 -1768.0000000000
847 -1767.0000000000
871 -1766.0000000000
877 -1765.0000000000
881 -1764.0000000000
890 -1763.0000000000
900 -1762.0000000000
918 -1761.0000000000
923 -1757.0000000000
943 -1756.0000000000
947 -1754.0000000000
971 -1752.0000000000
974 -1751.0000000000
989 -1750.0000000000
995 -1749.0000000000
1024 -1747.0000000000
1044 -1744.0000000000
1064 -1743.0000000000
1070 -1740.0000000000
1094 -1739.0000000000
1112 -1738.0000000000
1134 -1737.0000000000
1147 -1735.0000000000
1167 -1734.0000000000
1175 -1733.0000000000
1182 -1731.0000000000
1193 -1730.0000000000
1206 -1728.0000000000
1239 -1726.0000000000
1258 -1725.0000000000
1268 -1724.0000000000
1272 -1723.0000000000
1279 -1722.0000000000
1320 -1721.0000000000
1322 -1720.0000000000
1349 -1719.0000000000
1357 -1718.0000000000
1358 -1717.0000000000
1363 -1716.0000000000
1381 -1715.0000000000
1401 -1714.0000000000
1405 -1713.0000000000
1409 -1711.0000000000
1417 -1710.0000000000
1428 -1709.0000000000
1432 -1708.0000000000
1441 -1707.0000000000
1468 -1706.0000000000
1474 -1705.0000000000
1483 -1704.0000000000
1494 -1703.0000000000
1512 -1702.0000000000
1518 -1701.0000000000
1524 -1700.0000000000
1532 -1698.0000000000
1545 -1697.0000000000
1572 -1696.0000000000
1584 -1695.0000000000
1591 -1694.0000000000
1599 -1693.0000000000
1612 -1692.0000000000
1619 -1691.0000000000
1621 -1690.0000000000
1633 -1688.0000000000
1640 -1687.0000000000
1657 -1686.0000000000
1670 -1685.0000000000
1671 -1683.0000000000
1677 -1681.0000000000
1705 -1680.0000000000
1710 -1679.0000000000
1713 -1678.0000000000
1727 -1675.0000000000
1740 -1674.0000000000
1748 -1673.0000000000
1750 -1672.0000000000
1776 -1671.0000000000
1790 -1670.0000000000
1801 -1669.0000000000
1816 -1668.0000000000
1821 -1667.0000000000
1837 -1666.0000000000
1852 -1664.0000000000
1874 -1663.0000000000
1883 -1661.0000000000
1914 -1660.0000000000
1922 -1659.0000000000
1926 -1658.0000000000
1930 -1657.0000000000
1944 -1656.0000000000
1948 -1654.0000000000
1971 -1653.0000000000
1982 -1652.0000000000
1985 -1650.0000000000
2010 -1649.0000000000
2013 -1648.0000000000
2033 -1647.0000000000
2042 -1646.0000000000
2046 -1644.0000000000
2058 -1643.0000000000
2068 -1642.0000000000
2081 -1641.0000000000
2101 -1640.0000000000
2114 -1639.0000000000
2128 -1638.0000000000
2138 -1637.0000000000
2174 -1635.0000000000
2204 -1633.0000000000
2224 -1632.0000000000
2227 -1631.0000000000
2236 -1630.0000000000
2247 -1629.0000000000
2261 -1628.0000000000
2263 -1627.0000000000
2273 -1626.0000000000
2307 -1625.0000000000
2322 -1624.0000000000
2334 -1622.0000000000
2353 -1621.0000000000
2376 -1620.0000000000
2386 -1619.0000000000
2389 -1618.0000000000
2415 -1616.0000000000
2417 -1615.0000000000
2441 -1614.0000000000
2449 -1613.0000000000
2474 -1612.0000000000
2475 -1611.0000000000
2488 -1610.0000000000
2511 -1609.0000000000
2520 -1608.0000000000
2530 -1607.0000000000
2539 -1606.0000000000
2552 -1603.0000000000
2572 -1602.0000000000
2579 -1600.0000000000
2582 -1599.0000000000
2589 -1598.0000000000
2618 -1597.0000000000
2643 -1596.0000000000
2652 -1594.0000000000
2660 -1593.0000000000
2677 -1592.0000000000
2681 -1591.0000000000
2690 -1590.0000000000
2700 -1589.0000000000
2712 -1588.0000000000
2720 -1587.0000000000
2725 -1585.0000000000
2751 -1584.0000000000
2782 -1583.0000000000
2793 -1582.0000000000
2814 -1581.0000000000
2824 -1579.0000000000
2836 -1578.0000000000
2845 -1577.0000000000
2875 -1576.0000000000
2890 -1575.0000000000
2914 -1574.0000000000
2925 -1573.0000000000
2936 -1572.0000000000
2952 -1571.0000000000
2956 -1570.0000000000
2966 -1569.0000000000
2972 -1568.0000000000
2990 -1567.0000000000
3005 -1566.0000000000
3012 -1565.0000000000
3031 -1564.0000000000
3036 -1563.0000000000
3052 -1562.0000000000
3073 -1561.0000000000
3074 -1560.0000000000
3086 -1558.0000000000
3098 -1557.0000000000
3116 -1555.0000000000
3121 -1554.0000000000
3134 -1553.0000000000
3147 -1552.0000000000
3163 -1551.0000000000
3174 -1550.0000000000
3191 -1549.0000000000
3194 -1548.0000000000
3201 -1547.0000000000
3203 -1546.0000000000
3213 -1545.0000000000
3223 -1544.0000000000
3245 -1543.0000000000
3248 -1542.0000000000
3262 -1541.0000000000
3272 -1540.0000000000
3296 -1539.0000000000
3300 -1538.0000000000
3311 -1537.0000000000
3330 -1536.0000000000
3338 -1534.0000000000
3364 -1533.0000000000
3370 -1532.0000000000
3380 -1531.0000000000
3403 -1530.0000000000
3418 -1529.0000000000
3426 -1528.0000000000
3440 -1527.0000000000
3460 -1526.0000000000
3461 -1524.0000000000
3466 -1523.0000000000
3495 -1522.0000000000
3499 -1521.0000000000
3523 -1518.0000000000
3541 -1517.0000000000
3546 -1516.0000000000
3567 -1515.0000000000
3579 -1514.0000000000
3583 -1513.0000000000
3594 -1512.0000000000
3611 -1511.0000000000
3619 -1510.0000000000
3630 -1509.0000000000
3633 -1508.0000000000
3641 -1507.0000000000
3647 -1505.0000000000
3659 -1503.0000000000
3685 -1501.0000000000
3687 -1500.0000000000
3719 -1499.0000000000
3733 -1498.0000000000
3747 -1497.0000000000
3751 -1496.0000000000
3755 -1495.0000000000
3774 -1494.0000000000
3785 -1493.0000000000
3798 -1491.0000000000
3834 -1490.0000000000
3845 -1489.0000000000
3849 -1488.0000000000
3874 -1487.0000000000
3878 -1486.0000000000
3904 -1485.0000000000
3924 -1484.0000000000
3939 -1483.0000000000
3940 -1482.0000000000
3954 -1481.0000000000
3963 -1480.0000000000
3976 -1479.0000000000
3987 -1478.0000000000
3992 -1477.0000000000
3995 -1475.0000000000
4025 -1473.0000000000
4061 -1472.0000000000
4067 -1471.0000000000
4087 -1469.0000000000
4096 -1468.0000000000
4101 -1467.0000000000
4122 -1466.0000000000
4133 -1465.0000000000
4140 -1464.0000000000
4144 -1463.0000000000
4177 -1462.0000000000
4186 -1461.0000000000
4193 -1460.0000000000
4197 -1459.0000000000
4198 -1457.0000000000
4222 -1455.0000000000
4251 -1454.0000000000
4264 -1453.0000000000
4270 -1452.0000000000
4273 -1451.0000000000
4281 -1447.0000000000
4321 -1446.0000000000
4339 -1445.0000000000
4342 -1444.0000000000
4358 -1443.0000000000
4363 -1442.0000000000
4367 -1441.0000000000
4370 -1440.0000000000
4381 -1437.0000000000
4408 -1435.0000000000
4434 -1434.0000000000
4438 -1433.0000000000
4451 -1432.0000000000
4456 -1431.0000000000
4466 -1430.0000000000
4499 -1428.0000000000
4519 -1427.0000000000
4543 -1426.0000000000
4557 -1425.0000000000
4565 -1424.0000000000
4578 -1423.0000000000
4583 -1421.0000000000
4608 -1420.0000000000
4636 -1419.0000000000
4639 -1418.0000000000
4650 -1417.0000000000
4667 -1416.0000000000
4690 -1415.0000000000
4713 -1414.0000000000
4737 -1413.0000000000
4748 -1412.0000000000
4766 -1410.0000000000
4784 -1409.0000000000
4790 -1407.0000000000
4793 -1406.0000000000
4827 -1405.0000000000
4832 -1404.0000000000
4841 -1403.0000000000
4855 -1401.0000000000
4867 -1400.0000000000
4874 -1399.0000000000
4878 -1398.0000000000
4885 -1397.0000000000
4914 -1396.0000000000
4917 -1395.0000000000
4932 -1394.0000000000
4943 -1393.0000000000
4953 -1392.0000000000
4962 -1391.0000000000
4983 -1390.0000000000
4999 -1389.0000000000
5011 -1388.0000000000
5049 -1387.0000000000
5054 -1386.0000000000
5065 -1385.0000000000
5079 -1384.0000000000
5101 -1383.0000000000
5119 -1382.0000000000
5144 -1380.0000000000
5164 -1379.0000000000
5196 -1378.0000000000
5229 -1377.0000000000
5233 -1376.0000000000
5257 -1375.0000000000
5259 -1374.0000000000
5268 -1373.0000000000
5269 -1371.0000000000
5290 -1370.0000000000
5316 -1369.0000000000
5324 -1367.0000000000
5331 -1365.0000000000
5343 -1364.0000000000
5362 -1363.0000000000
5374 -1361.0000000000
5399 -1360.0000000000
5410 -1358.0000000000
5451 -1357.0000000000
5468 -1356.0000000000
5476 -1355.0000000000
5487 -1354.0000000000
5495 -1353.0000000000
5505 -1352.0000000000
5519 -1351.0000000000
5534 -1350.0000000000
5563 -1347.0000000000
5567 -1346.0000000000
5583 -1345.0000000000
5601 -1344.0000000000
5624 -1342.0000000000
5645 -1341.0000000000
5657 -1340.0000000000
5670 -1339.0000000000
5675 -1338.0000000000
5704 -1337.0000000000
5710 -1335.0000000000
5714 -1334.0000000000
5728 -1333.0000000000
5754 -1332.0000000000
5764 -1330.0000000000
5795 -1329.0000000000
5817 -1328.0000000000
5833 -1327.0000000000
5841 -1326.0000000000
5871 -1325.0000000000
5895 -1324.0000000000
5896 -1323.0000000000
5909 -1322.0000000000
5944 -1321.0000000000
5950 -1320.0000000000
5963 -1319.0000000000
5967 -1318.0000000000
5988 -1317.0000000000
6027 -1316.0000000000
6030 -1315.0000000000
6046 -1313.0000000000
6055 -1312.0000000000
6069 -1311.0000000000
6081 -1310.0000000000
6082 -1308.0000000000
6101 -1307.0000000000
6120 -1306.0000000000
6125 -1305.0000000000
6136 -1304.0000000000
6149 -1303.0000000000
6168 -1302.0000000000
6176 -1301.0000000000
6183 -1300.0000000000
6196 -1298.0000000000
6205 -1297.0000000000
6235 -1295.0000000000
6249 -1294.0000000000
6263 -1293.0000000000
6277 -1291.0000000000
6303 -1289.0000000000
6327 -1287.0000000000
6344 -1286.0000000000
6355 -1285.0000000000
6369 -1283.0000000000
6391 -1280.0000000000
6412 -1279.0000000000
6418 -1278.0000000000
6438 -1277.0000000000
6461 -1276.0000000000
6476 -1275.0000000000
6489 -1274.0000000000
6490 -1273.0000000000
6500 -1272.0000000000
6510 -1271.0000000000
6516 -1270.0000000000
6522 -1269.0000000000
6526 -1268.0000000000
6540 -1267.0000000000
6549 -1266.0000000000
6553 -1264.0000000000
6572 -1263.0000000000
6596 -1262.0000000000
6615 -1261.0000000000
6631 -1260.0000000000
6642 -1259.0000000000
6664 -1258.0000000000
6672 -1257.0000000000
6683 -1256.0000000000
6690 -1255.0000000000
6701 -1254.0000000000
6712 -1253.0000000000
6727 -1252.0000000000
6746 -1251.0000000000
6749 -1250.0000000000
6777 -1249.0000000000
6779 -1248.0000000000
6800 -1246.0000000000
6822 -1245.0000000000
6829 -1244.0000000000
6848 -1243.0000000000
6866 -1242.0000000000
6888 -1240.0000000000
6902 -1239.0000000000
6926 -1238.0000000000
6934 -1237.0000000000
6945 -1236.0000000000
6949 -1235.0000000000
6973 -1234.0000000000
6976 -1233.0000000000
7007 -1232.0000000000
7013 -1231.0000000000
7020 -1229.0000000000
7041 -1228.0000000000
7050 -1229.0000000000
