submodular_value,neg_cost,run
712973.6093156706,-1407,1
695135.5875923455,-1366,1
658456.3462661018,-1309,1
657046.7305026528,-1307,1
697177.7733257354,-1371,1
716467.0530997609,-1413,1
666932.7341459856,-1324,1
671895.2227441714,-1334,1
710828.4932389911,-1397,1
699545.7887904071,-1376,1
717700.7990142821,-1416,1
693936.1427806396,-1364,1
697913.0079853432,-1372,1
695135.5875923455,-1366,1
699651.7225882815,-1377,1
708682.9082680073,-1390,1
717134.866834664,-1414,1
712973.6093156706,-1407,1
704170.22162948,-1381,1
668002.5391486628,-1326,1
691085.8803602413,-1355,1
710269.167327879,-1396,1
717700.7990142821,-1416,1
657754.2489810176,-1308,1
668002.5391486628,-1326,1
682665.2033843248,-1341,1
669755.7855565572,-1329,1
696084.5699435831,-1367,1
706170.339745619,-1385,1
662774.4730342006,-1316,1
675551.0226448325,-1336,1
710027.2529894195,-1395,1
671259.200001765,-1333,1
670504.0676304391,-1330,1
669755.7855565572,-1329,1
682515.2746465943,-1340,1
708682.9082680073,-1390,1
710828.4932389911,-1397,1
697054.0691566633,-1370,1
671259.200001765,-1333,1
713997.3837741987,-1410,1
705125.8065911543,-1383,1
667965.6017575553,-1325,1
663570.2593005623,-1317,1
668002.5391486628,-1326,1
715250.8055127319,-1411,1
688141.456437093,-1348,1
708682.9082680073,-1390,1
695135.5875923455,-1366,1
707843.2869772839,-1388,1
682515.2746465943,-1340,1
691085.8803602413,-1355,1
710027.2529894195,-1395,1
666057.0300159666,-1322,1
692179.9424128814,-1357,1
706170.339745619,-1385,1
700742.7761426739,-1378,1
671259.200001765,-1333,1
695135.5875923455,-1366,1
669755.7855565572,-1329,1
709593.521464427,-1393,1
694566.4916946131,-1365,1
704170.22162948,-1381,1
708073.4441422635,-1389,1
695135.5875923455,-1366,1
695135.5875923455,-1366,1
666932.7341459856,-1324,1
697177.7733257354,-1371,1
695135.5875923455,-1366,1
666057.0300159666,-1322,1
696084.5699435831,-1367,1
717134.866834664,-1414,1
706170.339745619,-1385,1
706170.339745619,-1385,1
661139.472194466,-1313,1
704798.7243123907,-1382,1
695135.5875923455,-1366,1
693445.4165678719,-1362,1
655962.422726992,-1306,1
684375.52305204,-1344,1
696357.2618749631,-1368,1
707063.1866810108,-1386,1
677098.3952547539,-1338,1
669415.9018909064,-1328,1
693071.4147936935,-1358,1
671132.8205108148,-1332,1
697177.7733257354,-1371,1
676306.581476888,-1337,1
666057.0300159666,-1322,1
693071.4147936935,-1358,1
693706.7966886557,-1363,1
668002.5391486628,-1326,1
698926.4581750012,-1375,1
693071.4147936935,-1358,1
710027.2529894195,-1395,1
715922.4977154906,-1412,1
693936.1427806396,-1364,1
705999.5293978709,-1384,1
708682.9082680073,-1390,1
666932.7341459856,-1324,1
689267.9033805416,-1350,1
692073.5004811275,-1356,1
664096.1372630413,-1318,1
699651.7225882815,-1377,1
718530.3808442885,-1417,1
666057.0300159666,-1322,1
674769.9231091201,-1335,1
666057.0300159666,-1322,1
686960.9921310041,-1346,1
693445.4165678719,-1362,1
668002.5391486628,-1326,1
709944.1729131344,-1394,1
707772.451860343,-1387,1
719522.270269082,-1418,1
711924.9093855735,-1400,1
702622.9331738146,-1379,1
685389.8464137308,-1345,1
696357.2618749631,-1368,1
697177.7733257354,-1371,1
661139.472194466,-1313,1
658902.4168562262,-1310,1
712815.6111490717,-1401,1
689908.3346072442,-1351,1
712815.6111490717,-1401,1
708682.9082680073,-1390,1
708682.9082680073,-1390,1
696084.5699435831,-1367,1
684297.5516242924,-1343,1
666509.9718841406,-1323,1
688141.456437093,-1348,1
665371.6887699259,-1320,1
664532.4170833387,-1319,1
706170.339745619,-1385,1
690827.350514252,-1354,1
698926.4581750012,-1375,1
660415.0482384932,-1311,1
668002.5391486628,-1326,1
711277.2776313366,-1398,1
695135.5875923455,-1366,1
671039.9045276777,-1331,1
661604.34857422,-1314,1
704170.22162948,-1381,1
668506.1815798277,-1327,1
693936.1427806396,-1364,1
699651.7225882815,-1377,1
655962.422726992,-1306,1
703986.5234543895,-1380,1
668002.5391486628,-1326,1
690616.0096771973,-1352,1
704170.22162948,-1381,1
681591.7318820166,-1339,1
697054.0691566633,-1370,1
694566.4916946131,-1365,1
668002.5391486628,-1326,1
699545.7887904071,-1376,1
696357.2618749631,-1368,1
696084.5699435831,-1367,1
688087.4035496579,-1347,1
677098.3952547539,-1338,1
708877.2551145179,-1391,1
696084.5699435831,-1367,1
692179.9424128814,-1357,1
668002.5391486628,-1326,1
708682.9082680073,-1390,1
697177.7733257354,-1371,1
713624.2140565726,-1408,1
731404.1706726614,-1399,2
731404.1706726614,-1399,2
709101.5915848598,-1356,2
690233.0742056645,-1327,2
690233.0742056645,-1327,2
702446.9078544985,-1347,2
741573.7371011513,-1426,2
735821.1591526136,-1412,2
735821.1591526136,-1412,2
690233.0742056645,-1327,2
735821.1591526136,-1412,2
741573.7371011513,-1426,2
709101.5915848598,-1356,2
709101.5915848598,-1356,2
687595.9226359164,-1320,2
695806.0066055882,-1337,2
692146.1409056957,-1330,2
741573.7371011513,-1426,2
737276.3139403347,-1415,2
709090.0862670174,-1354,2
733038.9021952237,-1401,2
727863.4532698628,-1386,2
693878.677911254,-1333,2
697110.8377430976,-1339,2
733874.1666499727,-1409,2
695806.0066055882,-1337,2
711842.0371699936,-1357,2
727326.0966861304,-1385,2
722243.2897275122,-1373,2
683988.1828622139,-1317,2
687595.9226359164,-1320,2
741573.7371011513,-1426,2
737276.3139403347,-1415,2
721020.4431797015,-1371,2
737893.2552721539,-1416,2
729062.6525814951,-1388,2
723537.7747129044,-1377,2
715841.5776922383,-1364,2
717965.8608289486,-1366,2
683988.1828622139,-1317,2
696762.1196702257,-1338,2
687595.9226359164,-1320,2
709101.5915848598,-1356,2
725235.6276162904,-1379,2
686355.1163910754,-1318,2
709090.0862670174,-1354,2
723537.7747129044,-1377,2
690066.6061172327,-1326,2
718062.8916171507,-1367,2
721447.6645011253,-1372,2
697110.8377430976,-1339,2
725952.5362467369,-1380,2
723537.7747129044,-1377,2
696762.1196702257,-1338,2
725235.6276162904,-1379,2
715841.5776922383,-1364,2
725952.5362467369,-1380,2
737276.3139403347,-1415,2
741573.7371011513,-1426,2
703922.9306937142,-1349,2
735821.1591526136,-1412,2
694713.4799333643,-1334,2
715841.5776922383,-1364,2
695806.0066055882,-1337,2
695558.2386204982,-1336,2
725235.6276162904,-1379,2
741214.0798839044,-1425,2
688763.142417329,-1323,2
730969.6452962585,-1395,2
725235.6276162904,-1379,2
725235.6276162904,-1379,2
722243.2897275122,-1373,2
720589.9524893715,-1369,2
722243.2897275122,-1373,2
731404.1706726614,-1399,2
709090.0862670174,-1354,2
703234.002549893,-1348,2
736489.0699658813,-1413,2
736489.0699658813,-1413,2
725235.6276162904,-1379,2
706669.6189789241,-1352,2
706669.6189789241,-1352,2
713997.432226562,-1359,2
741573.7371011513,-1426,2
706300.9015750213,-1351,2
702354.1899478394,-1344,2
697110.8377430976,-1339,2
709101.5915848598,-1356,2
708560.6656532144,-1353,2
695308.9804651161,-1335,2
687595.9226359164,-1320,2
715261.375114314,-1362,2
702446.9078544985,-1347,2
720852.0938389479,-1370,2
721447.6645011253,-1372,2
696762.1196702257,-1338,2
721447.6645011253,-1372,2
692146.1409056957,-1330,2
702177.5969624723,-1343,2
730439.525674991,-1390,2
715023.7425786596,-1360,2
692146.1409056957,-1330,2
735680.1689348802,-1411,2
691310.976398892,-1328,2
703234.002549893,-1348,2
731404.1706726614,-1399,2
731404.1706726614,-1399,2
713628.1521480591,-1358,2
702005.4316394487,-1342,2
723537.7747129044,-1377,2
702446.9078544985,-1347,2
688425.8411182871,-1321,2
738427.0265044197,-1417,2
735821.1591526136,-1412,2
704181.979931777,-1350,2
741573.7371011513,-1426,2
703234.002549893,-1348,2
721447.6645011253,-1372,2
682844.1459488892,-1315,2
738427.0265044197,-1417,2
692850.1059786179,-1331,2
692146.1409056957,-1330,2
695558.2386204982,-1336,2
690233.0742056645,-1327,2
692146.1409056957,-1330,2
722394.4819261616,-1374,2
724938.5802200037,-1378,2
720450.7762596365,-1368,2
703922.9306937142,-1349,2
728367.8033753223,-1387,2
721020.4431797015,-1371,2
723537.7747129044,-1377,2
715841.5776922383,-1364,2
697828.1414742045,-1340,2
722243.2897275122,-1373,2
739604.0968512582,-1418,2
690018.0916244356,-1325,2
721020.4431797015,-1371,2
734228.1627722096,-1410,2
736489.0699658813,-1413,2
725235.6276162904,-1379,2
702446.9078544985,-1347,2
718062.8916171507,-1367,2
732014.0788204316,-1400,2
723237.6867984718,-1375,2
683988.1828622139,-1317,2
725952.5362467369,-1380,2
697828.1414742045,-1340,2
725235.6276162904,-1379,2
689067.9076565118,-1324,2
742348.2292420372,-1427,2
691487.6090011763,-1329,2
683825.7888459868,-1316,2
740797.0844345827,-1421,2
716450.8632838387,-1365,2
731404.1706726614,-1399,2
690066.6061172327,-1326,2
737276.3139403347,-1415,2
693146.2870541655,-1332,2
697110.8377430976,-1339,2
736984.370543273,-1414,2
740164.2002016982,-1419,2
730933.2457596546,-1391,2
694442.9113225751,-1351,3
722519.6326051393,-1393,3
721178.3517011317,-1390,3
723989.4450359074,-1394,3
726889.3757913752,-1399,3
721178.3517011317,-1390,3
733326.3430057513,-1411,3
730696.3493425709,-1405,3
726889.3757913752,-1399,3
710405.4020670376,-1371,3
730552.5003313302,-1404,3
689700.9854323025,-1338,3
721178.3517011317,-1390,3
693915.4406160321,-1348,3
723989.4450359074,-1394,3
695402.7798137105,-1352,3
683956.5507815543,-1333,3
714705.2465559122,-1381,3
702039.7818447183,-1358,3
702352.2779846712,-1359,3
726889.3757913752,-1399,3
685147.0355430183,-1335,3
710381.9205964754,-1370,3
719810.0815955403,-1387,3
694442.9113225751,-1351,3
691734.6655599223,-1341,3
707100.145565678,-1364,3
722241.5810211415,-1392,3
721178.3517011317,-1390,3
736764.2511818679,-1417,3
712976.889787733,-1376,3
717113.1843150142,-1385,3
717113.1843150142,-1385,3
708179.4912988564,-1366,3
714705.2465559122,-1381,3
721178.3517011317,-1390,3
730696.3493425709,-1405,3
719810.0815955403,-1387,3
724974.1102929034,-1396,3
702039.7818447183,-1358,3
711748.4514798189,-1372,3
726889.3757913752,-1399,3
699436.0898755797,-1355,3
702352.2779846712,-1359,3
709881.2030776436,-1369,3
702039.7818447183,-1358,3
693915.4406160321,-1348,3
694383.9366112291,-1350,3
702352.2779846712,-1359,3
726889.3757913752,-1399,3
710405.4020670376,-1371,3
707100.145565678,-1364,3
702352.2779846712,-1359,3
711748.4514798189,-1372,3
714705.2465559122,-1381,3
726889.3757913752,-1399,3
699080.9454187789,-1354,3
702352.2779846712,-1359,3
703063.3976535262,-1360,3
694383.9366112291,-1350,3
721807.0164417555,-1391,3
716741.2089065125,-1384,3
735615.6221834127,-1415,3
706656.64673764,-1362,3
737666.8235051391,-1418,3
720618.1978806383,-1388,3
683956.5507815543,-1333,3
709136.1828352996,-1367,3
717113.1843150142,-1385,3
691474.9247657991,-1340,3
729883.040365812,-1403,3
714401.8711659213,-1380,3
689700.9854323025,-1338,3
715526.5500377092,-1382,3
700873.9117106312,-1356,3
714401.8711659213,-1380,3
710405.4020670376,-1371,3
728394.565896451,-1400,3
730552.5003313302,-1404,3
704266.038766292,-1361,3
724890.9133623623,-1395,3
709881.2030776436,-1369,3
708088.6992496657,-1365,3
694383.9366112291,-1350,3
726154.3460463904,-1397,3
709190.228583417,-1368,3
733621.0578370254,-1412,3
702352.2779846712,-1359,3
738288.5799394507,-1419,3
721807.0164417555,-1391,3
726154.3460463904,-1397,3
726513.8633624107,-1398,3
702352.2779846712,-1359,3
721178.3517011317,-1390,3
724890.9133623623,-1395,3
704266.038766292,-1361,3
734123.7279143297,-1413,3
702352.2779846712,-1359,3
692256.876216659,-1342,3
709881.2030776436,-1369,3
735608.7702948829,-1414,3
693677.5122301785,-1343,3
714705.2465559122,-1381,3
732526.0799510641,-1410,3
701318.4029303977,-1357,3
721119.4056063461,-1389,3
694016.5383818587,-1349,3
683956.5507815543,-1333,3
731673.549847908,-1406,3
689398.2310565882,-1336,3
724974.1102929034,-1396,3
724890.9133623623,-1395,3
682660.5400179251,-1364,4
683170.3095602115,-1365,4
695258.3441112108,-1382,4
680849.005828801,-1358,4
749926.2601732315,-1477,4
701231.7512208513,-1388,4
737595.9767416308,-1449,4
752023.388090996,-1483,4
737595.9767416308,-1449,4
694973.2448336703,-1379,4
728898.8641381591,-1429,4
681878.9764483983,-1362,4
694973.2448336703,-1379,4
732920.0083805078,-1437,4
697753.3160134268,-1387,4
680849.005828801,-1358,4
681878.9764483983,-1362,4
725057.5623643838,-1422,4
737595.9767416308,-1449,4
709924.6102994196,-1397,4
688233.2341236424,-1368,4
720636.7423526658,-1412,4
683170.3095602115,-1365,4
717734.3368706297,-1408,4
739621.9132201717,-1452,4
682620.3701451387,-1363,4
740938.5363944565,-1456,4
737595.9767416308,-1449,4
716254.4779851178,-1407,4
718814.7936517623,-1410,4
746054.5420620547,-1471,4
735525.2261488022,-1445,4
742882.4759972065,-1460,4
740938.5363944565,-1456,4
713770.459570439,-1404,4
704069.3904911036,-1390,4
728491.6715697557,-1426,4
708988.1808098422,-1396,4
731265.803597957,-1432,4
737595.9767416308,-1449,4
732607.193751007,-1434,4
746914.9689796598,-1474,4
751080.7787307659,-1478,4
734455.6275301827,-1442,4
721610.4073325841,-1414,4
737595.9767416308,-1449,4
711529.0046517609,-1400,4
721738.136013631,-1416,4
737423.7434960203,-1448,4
688580.2012390856,-1369,4
723069.8613187625,-1418,4
733903.1472989256,-1440,4
711121.616222435,-1399,4
697594.9137741618,-1386,4
728491.6715697557,-1426,4
744611.5277770453,-1465,4
739085.5621183251,-1451,4
735446.4741057624,-1443,4
733579.6268045532,-1438,4
736987.1282040038,-1447,4
713770.459570439,-1404,4
723978.2916107832,-1419,4
705646.7375451637,-1391,4
695258.3441112108,-1382,4
681878.9764483983,-1362,4
742335.0508347455,-1458,4
744611.5277770453,-1465,4
737423.7434960203,-1448,4
746070.4097864833,-1473,4
745051.4549193025,-1466,4
694973.2448336703,-1379,4
713175.0544523479,-1402,4
680849.005828801,-1358,4
721356.2029859949,-1413,4
720636.7423526658,-1412,4
737595.9767416308,-1449,4
742589.9967420708,-1459,4
724832.185520127,-1420,4
728491.6715697557,-1426,4
744167.9737460183,-1464,4
747881.6080683772,-1475,4
726122.6961727557,-1423,4
753168.1282398623,-1485,4
739085.5621183251,-1451,4
690735.8027114961,-1372,4
708124.1708635986,-1395,4
681788.8106254337,-1359,4
744611.5277770453,-1465,4
690443.6641404225,-1371,4
692780.7863273979,-1375,4
737595.9767416308,-1449,4
741867.2315726125,-1457,4
715803.0923793797,-1405,4
725057.5623643838,-1422,4
680849.005828801,-1358,4
720636.7423526658,-1412,4
690239.7784447138,-1370,4
704069.3904911036,-1390,4
687716.5415287891,-1366,4
752446.6017245942,-1484,4
694832.2732758563,-1378,4
726122.6961727557,-1423,4
695877.9626043792,-1383,4
737595.9767416308,-1449,4
720636.7423526658,-1412,4
691688.5309259968,-1373,4
727100.9956983471,-1424,4
715803.0923793797,-1405,4
706332.8921696828,-1392,4
722367.2469604347,-1417,4
735764.0167034969,-1446,4
680305.3882326026,-1357,4
734455.6275301827,-1442,4
697753.3160134268,-1387,4
728029.7732934176,-1425,4
690239.7784447138,-1370,4
724832.185520127,-1420,4
737595.9767416308,-1449,4
734119.7840975712,-1441,4
748467.2512885325,-1476,4
745836.7967453997,-1470,4
723069.8613187625,-1418,4
726122.6961727557,-1423,4
720175.646734958,-1411,4
710430.1034661229,-1398,4
692780.7863273979,-1375,4
734119.7840975712,-1441,4
745659.0340393581,-1467,4
694145.0106463167,-1377,4
692780.7863273979,-1375,4
749926.2601732315,-1477,4
720636.7423526658,-1412,4
682660.5400179251,-1364,4
735446.4741057624,-1443,4
722367.2469604347,-1417,4
746070.4097864833,-1473,4
738589.6407950507,-1450,4
696907.1300451657,-1385,4
737595.9767416308,-1449,4
725057.5623643838,-1422,4
692780.7863273979,-1375,4
753168.1282398623,-1485,4
693600.1843113278,-1376,4
740760.9093872672,-1453,4
731265.803597957,-1432,4
690443.6641404225,-1371,4
691837.0301811419,-1349,5
695041.7374174525,-1356,5
694158.2974846485,-1355,5
701181.694046518,-1372,5
686977.8920154035,-1341,5
722183.5281714505,-1412,5
691837.0301811419,-1349,5
711228.0642303334,-1386,5
731035.2603929392,-1433,5
714805.2963414886,-1392,5
697923.4667638191,-1362,5
701181.694046518,-1372,5
695041.7374174525,-1356,5
713488.0159682168,-1390,5
714153.9692758102,-1391,5
711228.0642303334,-1386,5
723325.5869305579,-1414,5
703988.5358789624,-1373,5
709587.7531812957,-1382,5
688879.4912181117,-1342,5
727674.7510387282,-1424,5
717313.8340935283,-1396,5
699002.1865498225,-1368,5
718212.4179903226,-1407,5
729304.142340717,-1429,5
730273.5242640291,-1430,5
691380.4804845367,-1348,5
686801.9738881935,-1340,5
690898.0503494247,-1345,5
722183.5281714505,-1412,5
691837.0301811419,-1349,5
710395.1199053618,-1383,5
697125.1989953566,-1359,5
692861.6107043696,-1351,5
718212.4179903226,-1407,5
699002.1865498225,-1368,5
737221.0455704257,-1445,5
698329.7953982585,-1363,5
686801.9738881935,-1340,5
737221.0455704257,-1445,5
725521.0915491974,-1419,5
704713.7991870985,-1374,5
731000.3562356755,-1432,5
725521.0915491974,-1419,5
711228.0642303334,-1386,5
718212.4179903226,-1407,5
699002.1865498225,-1368,5
734845.5164173633,-1441,5
731035.2603929392,-1433,5
737221.0455704257,-1445,5
737606.9392529372,-1446,5
722139.7469714322,-1411,5
728895.0518540544,-1428,5
714153.9692758102,-1391,5
720163.0904939669,-1409,5
722183.5281714505,-1412,5
728895.0518540544,-1428,5
694102.3339397141,-1354,5
730754.2112846192,-1431,5
693691.2629587125,-1352,5
732419.9292311909,-1435,5
706900.5705829422,-1378,5
696617.1732976285,-1358,5
737221.0455704257,-1445,5
737606.9392529372,-1446,5
718212.4179903226,-1407,5
691380.4804845367,-1348,5
695977.3568429233,-1357,5
685976.0991020976,-1339,5
718989.1516126064,-1408,5
738496.2839834504,-1447,5
731528.3558200644,-1434,5
739093.4266818037,-1449,5
733558.0979880441,-1437,5
715238.7164483442,-1393,5
732818.3763993063,-1436,5
717519.5187984924,-1406,5
689790.529749912,-1343,5
712443.9073656456,-1389,5
723168.7391678919,-1413,5
690194.8032181951,-1344,5
724917.8898077821,-1418,5
731035.2603929392,-1433,5
724142.65761187,-1415,5
722183.5281714505,-1412,5
731528.3558200644,-1434,5
692861.6107043696,-1351,5
737606.9392529372,-1446,5
709160.7781801516,-1380,5
688879.4912181117,-1342,5
737606.9392529372,-1446,5
686801.9738881935,-1340,5
721155.5709549839,-1410,5
700750.9971213001,-1371,5
732818.3763993063,-1436,5
699001.5389956529,-1364,5
699002.1865498225,-1368,5
718212.4179903226,-1407,5
723168.7391678919,-1413,5
732818.3763993063,-1436,5
706900.5705829422,-1378,5
711086.5626872597,-1384,5
737606.9392529372,-1446,5
724424.4220455551,-1417,5
698329.7953982585,-1363,5
712196.9707986009,-1387,5
733558.0979880441,-1437,5
699735.1754031101,-1369,5
697504.694971765,-1361,5
688879.4912181117,-1342,5
728283.383454477,-1427,5
692554.5607041674,-1350,5
727674.7510387282,-1424,5
685278.9738428337,-1338,5
709582.1654317371,-1381,5
723168.7391678919,-1413,5
690194.8032181951,-1344,5
727073.1021565524,-1423,5
723168.7391678919,-1413,5
716195.8090085203,-1394,5
714805.2963414886,-1392,5
710395.1199053618,-1383,5
736595.0725478637,-1442,5
737606.9392529372,-1446,5
737606.9392529372,-1446,5
737218.2541412268,-1443,5
726178.9949233457,-1420,5
739093.4266818037,-1449,5
697270.733963918,-1360,5
706900.5705829422,-1378,5
705379.9817609302,-1383,6
703235.5437733077,-1377,6
722139.6751589662,-1413,6
664198.8772952218,-1331,6
700579.5439893206,-1373,6
697498.4742009812,-1369,6
724445.0273667873,-1422,6
712549.6268677755,-1394,6
722139.6751589662,-1413,6
726882.1536105654,-1427,6
726436.7109620894,-1426,6
693146.497247278,-1360,6
726436.7109620894,-1426,6
724445.0273667873,-1422,6
710711.9047623975,-1391,6
673177.7050620664,-1338,6
684637.8901559786,-1345,6
660844.3941981232,-1327,6
704341.2367998647,-1379,6
695393.2875167519,-1363,6
722139.6751589662,-1413,6
703479.8306739512,-1378,6
703479.8306739512,-1378,6
706951.717491651,-1385,6
724445.0273667873,-1422,6
728438.6411043035,-1429,6
693146.497247278,-1360,6
699433.1276607409,-1372,6
667810.8948647551,-1333,6
717870.2253053834,-1403,6
726436.7109620894,-1426,6
726882.1536105654,-1427,6
728616.5719567249,-1431,6
689708.68926682,-1354,6
724445.0273667873,-1422,6
703479.8306739512,-1378,6
724445.0273667873,-1422,6
684524.4965931062,-1343,6
663024.9371797785,-1329,6
722139.6751589662,-1413,6
718516.7087100755,-1407,6
689708.68926682,-1354,6
689110.1044797177,-1353,6
709377.1106387491,-1389,6
707071.6153244274,-1386,6
724445.0273667873,-1422,6
713773.4777935182,-1396,6
667810.8948647551,-1333,6
667810.8948647551,-1333,6
694211.8609242861,-1361,6
707071.6153244274,-1386,6
663024.9371797785,-1329,6
713754.7582208925,-1395,6
719088.1706910329,-1408,6
724445.0273667873,-1422,6
724445.0273667873,-1422,6
706951.717491651,-1385,6
674754.1998907785,-1339,6
699433.1276607409,-1372,6
706951.717491651,-1385,6
722139.6751589662,-1413,6
729522.262380392,-1433,6
723840.7814536571,-1416,6
664198.8772952218,-1331,6
721054.315399894,-1411,6
706951.717491651,-1385,6
696306.7804078955,-1364,6
708062.6063061021,-1387,6
670790.3661032612,-1334,6
686955.8189034512,-1350,6
724434.5929186838,-1421,6
722999.7897413173,-1414,6
722139.6751589662,-1413,6
707071.6153244274,-1386,6
728438.6411043035,-1429,6
704341.2367998647,-1379,6
719317.6677008601,-1409,6
724445.0273667873,-1422,6
675663.9697728615,-1340,6
729375.6641365248,-1432,6
702002.7067702583,-1374,6
687919.1895603992,-1351,6
691232.5135150625,-1355,6
706951.717491651,-1385,6
727778.7025429595,-1428,6
722139.6751589662,-1413,6
703479.8306739512,-1378,6
706362.8720191411,-1384,6
660628.5537117737,-1326,6
703479.8306739512,-1378,6
695078.722440893,-1362,6
684524.4965931062,-1343,6
704632.5612002289,-1381,6
724445.0273667873,-1422,6
707071.6153244274,-1386,6
725656.4205838772,-1424,6
711457.0971568174,-1392,6
723336.2344931428,-1415,6
726436.7109620894,-1426,6
667810.8948647551,-1333,6
730928.4110202104,-1435,6
710711.9047623975,-1391,6
696494.6161667092,-1365,6
721968.4400033996,-1412,6
720453.193251871,-1410,6
726436.7109620894,-1426,6
663024.9371797785,-1329,6
692106.0984602176,-1357,6
698450.3895628734,-1370,6
667810.8948647551,-1333,6
729522.262380392,-1433,6
712549.6268677755,-1394,6
705242.8916977745,-1382,6
666896.0635941459,-1332,6
714742.4052370874,-1397,6
723924.8428957845,-1420,6
720453.193251871,-1410,6
722139.6751589662,-1413,6
660844.3941981232,-1327,6
726882.1536105654,-1427,6
717352.4660072221,-1401,6
730590.0172555721,-1434,6
659757.1794832839,-1325,6
699405.3282580308,-1371,6
719317.6677008601,-1409,6
703479.8306739512,-1378,6
722139.6751589662,-1413,6
661878.5262004889,-1328,6
692909.6171996456,-1358,6
697494.5201629485,-1366,6
698450.3895628734,-1370,6
684637.8901559786,-1345,6
705379.9817609302,-1383,6
683618.6796351228,-1342,6
684637.8901559786,-1345,6
667810.8948647551,-1333,6
688586.0630420817,-1352,6
676470.6226987944,-1341,6
667810.8948647551,-1333,6
717870.2253053834,-1403,6
686283.092400316,-1347,6
732594.9678043826,-1437,6
719317.6677008601,-1409,6
726313.346179057,-1425,6
722139.6751589662,-1413,6
672353.7326027647,-1335,6
683618.6796351228,-1342,6
710368.0110722106,-1390,6
725224.7878092731,-1423,6
718479.7578620965,-1404,6
672858.1365410167,-1336,6
684670.7388783322,-1346,6
664198.8772952218,-1331,6
706951.717491651,-1385,6
724445.0273667873,-1422,6
663386.0693065018,-1330,6
717870.2253053834,-1403,6
731767.9888858362,-1436,6
706951.717491651,-1385,6
723840.7814536571,-1416,6
711863.2189320136,-1393,6
667810.8948647551,-1333,6
702802.5819495544,-1375,6
708062.6063061021,-1387,6
686952.3800733647,-1348,6
702002.7067702583,-1374,6
685947.402932736,-1319,7
692905.9186728034,-1334,7
706894.2266121391,-1363,7
708074.2306227414,-1366,7
708299.3260593308,-1367,7
653464.3917515818,-1288,7
695889.8910404671,-1338,7
651567.9160167088,-1286,7
708074.2306227414,-1366,7
708074.2306227414,-1366,7
691746.372131422,-1330,7
679006.6275740296,-1307,7
702874.818281983,-1349,7
655481.1599397467,-1294,7
653464.3917515818,-1288,7
699986.9464281517,-1347,7
697107.4921906055,-1341,7
681281.9683629092,-1312,7
656686.6313852359,-1296,7
684891.1632346055,-1315,7
690811.9268775252,-1329,7
684891.1632346055,-1315,7
656167.6950930883,-1295,7
685559.0006497299,-1316,7
707587.0821940162,-1364,7
690811.9268775252,-1329,7
710964.3328156418,-1371,7
712054.7191751214,-1376,7
691746.372131422,-1330,7
656167.6950930883,-1295,7
712054.7191751214,-1376,7
652968.5724848782,-1287,7
688508.1267745909,-1324,7
690811.9268775252,-1329,7
671838.9051661574,-1301,7
681634.4297826162,-1313,7
695889.8910404671,-1338,7
687652.7421497904,-1323,7
695889.8910404671,-1338,7
697107.4921906055,-1341,7
678585.524001987,-1305,7
697107.4921906055,-1341,7
711380.0135861035,-1375,7
680431.6758680326,-1310,7
686222.980729233,-1320,7
707587.0821940162,-1364,7
672698.3940423448,-1302,7
686222.980729233,-1320,7
653464.3917515818,-1288,7
708074.2306227414,-1366,7
656167.6950930883,-1295,7
704591.8958927077,-1352,7
656167.6950930883,-1295,7
708074.2306227414,-1366,7
684891.1632346055,-1315,7
705110.5906396247,-1354,7
707993.5995797763,-1365,7
655481.1599397467,-1294,7
678585.524001987,-1305,7
655481.1599397467,-1294,7
689798.2135059916,-1326,7
686222.980729233,-1320,7
694791.4114183063,-1336,7
690811.9268775252,-1329,7
684599.8069610937,-1314,7
708074.2306227414,-1366,7
708074.2306227414,-1366,7
698936.242485589,-1344,7
710002.3581589684,-1369,7
695370.9996571596,-1337,7
697082.2176819849,-1340,7
690699.9558019397,-1327,7
696558.8272864395,-1339,7
685947.1654967269,-1317,7
719018.7355100103,-1396,7
720423.8643147269,-1399,7
698210.8815308971,-1343,7
655481.1599397467,-1294,7
706712.9007608893,-1356,7
654417.3461218617,-1289,7
720423.8643147269,-1399,7
681281.9683629092,-1312,7
715214.0839149808,-1380,7
709416.8220616193,-1368,7
671762.2512383255,-1300,7
715944.2782590786,-1381,7
669506.0855363588,-1298,7
680262.1303165708,-1309,7
677594.4426390168,-1304,7
689558.7767193873,-1325,7
689798.2135059916,-1326,7
680717.070262797,-1311,7
695889.8910404671,-1338,7
651567.9160167088,-1286,7
714761.2955127625,-1379,7
703848.1776119734,-1350,7
719549.4248277595,-1397,7
721031.0021315796,-1401,7
669506.0855363588,-1298,7
669403.4822210532,-1297,7
720585.7042851973,-1400,7
698210.8815308971,-1343,7
691893.6896498491,-1331,7
672698.3940423448,-1302,7
684891.1632346055,-1315,7
671521.1153142038,-1299,7
655474.5371069441,-1291,7
697107.4921906055,-1341,7
699977.6371365313,-1346,7
673375.6105190535,-1303,7
691746.372131422,-1330,7
704214.7869694796,-1351,7
697082.2176819849,-1340,7
703848.1776119734,-1350,7
698210.8815308971,-1343,7
686222.980729233,-1320,7
684891.1632346055,-1315,7
708074.2306227414,-1366,7
694344.1429108266,-1335,7
697852.8362368488,-1342,7
680262.1303165708,-1309,7
651531.4242535413,-1285,7
679810.3981758838,-1308,7
718129.2086871468,-1394,7
716736.507186035,-1382,7
699301.8621748915,-1345,7
697852.8362368488,-1342,7
708299.3260593308,-1367,7
718784.4399763078,-1395,7
681281.9683629092,-1312,7
712054.7191751214,-1376,7
686222.980729233,-1320,7
703848.1776119734,-1350,7
686222.980729233,-1320,7
686222.980729233,-1320,7
687137.1204897027,-1321,7
678648.5742391607,-1306,7
688508.1267745909,-1324,7
717969.5288654392,-1383,7
701765.3379089708,-1348,7
687586.5785395283,-1322,7
738924.4005229425,-1408,8
746740.8733937253,-1420,8
727962.2918245986,-1384,8
746569.2607336428,-1418,8
703083.2973457454,-1346,8
703083.2973457454,-1346,8
734124.0719378849,-1395,8
707168.2233936322,-1353,8
732915.192761589,-1392,8
703083.2973457454,-1346,8
721247.3879713463,-1371,8
729703.6034183792,-1387,8
746415.6482870048,-1417,8
735252.1178436504,-1397,8
707168.2233936322,-1353,8
721247.3879713463,-1371,8
706105.9392333013,-1350,8
746869.5681955788,-1421,8
715921.1934126574,-1359,8
707093.5703871618,-1352,8
737298.426953126,-1402,8
721247.3879713463,-1371,8
719837.0719931418,-1366,8
702882.3559271066,-1345,8
698853.6311155437,-1342,8
709183.4788645685,-1357,8
727962.2918245986,-1384,8
733654.3805755823,-1393,8
732915.192761589,-1392,8
736390.1078089055,-1398,8
703083.2973457454,-1346,8
738098.8677725338,-1404,8
738098.8677725338,-1404,8
719836.0882964948,-1365,8
721798.1330295332,-1372,8
749835.8402788871,-1427,8
723682.1345731829,-1378,8
706105.9392333013,-1350,8
748222.8751455229,-1422,8
721247.3879713463,-1371,8
746569.2607336428,-1418,8
732915.192761589,-1392,8
727962.2918245986,-1384,8
708720.4072213322,-1356,8
745407.9955466148,-1415,8
734124.0719378849,-1395,8
742155.2220562424,-1409,8
715287.5678431058,-1358,8
726475.7099574509,-1381,8
698248.1537889071,-1341,8
703958.8689629773,-1347,8
734124.0719378849,-1395,8
707168.2233936322,-1353,8
737397.2526694634,-1403,8
727962.2918245986,-1384,8
706105.9392333013,-1350,8
748440.5476177359,-1423,8
729387.7954335121,-1386,8
738865.5073575183,-1406,8
728838.5486281372,-1385,8
733654.3805755823,-1393,8
723529.7776888123,-1377,8
696225.3714484355,-1338,8
735252.1178436504,-1397,8
748467.4905332323,-1424,8
734124.0719378849,-1395,8
703083.2973457454,-1346,8
721014.4153668324,-1368,8
721247.3879713463,-1371,8
746569.2607336428,-1418,8
734124.0719378849,-1395,8
748769.8619065807,-1425,8
748222.8751455229,-1422,8
723225.3852274863,-1374,8
731403.6132986558,-1388,8
707168.2233936322,-1353,8
706755.2612041738,-1351,8
706105.9392333013,-1350,8
698194.9071383101,-1340,8
748440.5476177359,-1423,8
719837.0719931418,-1366,8
729387.7954335121,-1386,8
720691.6964934883,-1367,8
706755.2612041738,-1351,8
744327.1709704214,-1413,8
697623.8346160372,-1339,8
731918.8197514244,-1389,8
719330.0453426542,-1364,8
727705.4391777145,-1382,8
748769.8619065807,-1425,8
743085.8408621205,-1410,8
735252.1178436504,-1397,8
746058.0906492268,-1416,8
721247.3879713463,-1371,8
721247.3879713463,-1371,8
732915.192761589,-1392,8
717071.1646948836,-1360,8
744327.1709704214,-1413,8
720691.6964934883,-1367,8
725100.9123885827,-1379,8
706010.253178084,-1349,8
738865.5073575183,-1406,8
715921.1934126574,-1359,8
732915.192761589,-1392,8
733654.3805755823,-1393,8
717584.7895211835,-1362,8
719836.0882964948,-1365,8
732719.3638791558,-1391,8
707782.7367434757,-1354,8
706755.2612041738,-1351,8
725100.9123885827,-1379,8
738814.1686098959,-1405,8
701150.6059846397,-1343,8
749227.3944916861,-1426,8
743085.8408621205,-1410,8
708538.1287217243,-1355,8
743875.5313275753,-1411,8
722725.9294402893,-1373,8
733654.3805755823,-1393,8
731918.8197514244,-1389,8
735016.0066920931,-1396,8
734102.6845251151,-1394,8
697623.8346160372,-1339,8
729387.7954335121,-1386,8
693639.5458424531,-1375,9
741221.5364067488,-1452,9
746517.4601618866,-1460,9
731177.038225206,-1429,9
746301.588046258,-1459,9
745310.7760867534,-1458,9
731177.038225206,-1429,9
727283.2071358745,-1424,9
719176.975299729,-1407,9
713892.6953968331,-1403,9
720028.8645581432,-1409,9
715119.3845453495,-1405,9
693639.5458424531,-1375,9
709538.3455191363,-1397,9
734694.0617209652,-1436,9
727185.108938413,-1423,9
710585.1126156567,-1399,9
729275.2370566028,-1427,9
747622.5339033493,-1461,9
734694.0617209652,-1436,9
749424.1339433496,-1464,9
691734.7424493431,-1372,9
693639.5458424531,-1375,9
703033.7587614972,-1387,9
731177.038225206,-1429,9
723002.9665755131,-1415,9
713841.3835033046,-1402,9
697156.6917186771,-1381,9
688756.2153967037,-1367,9
697156.6917186771,-1381,9
696244.2969986491,-1378,9
710585.1126156567,-1399,9
707951.9998573101,-1395,9
738441.0345083667,-1449,9
738269.7040560682,-1445,9
693270.0899162876,-1374,9
731177.038225206,-1429,9
688756.2153967037,-1367,9
723146.075154391,-1416,9
697156.6917186771,-1381,9
747622.5339033493,-1461,9
738269.7040560682,-1445,9
731851.9626429551,-1430,9
707951.9998573101,-1395,9
747622.5339033493,-1461,9
720028.8645581432,-1409,9
690716.9925453943,-1371,9
722144.5152400277,-1411,9
711624.7494421285,-1400,9
728954.0077623334,-1426,9
698138.2342255733,-1382,9
749110.5735170773,-1463,9
691734.7424493431,-1372,9
738862.1835132671,-1450,9
720028.8645581432,-1409,9
699726.1101306448,-1385,9
696244.2969986491,-1378,9
711852.4190657394,-1401,9
733191.2366392169,-1433,9
710585.1126156567,-1399,9
693639.5458424531,-1375,9
688110.1228105637,-1366,9
709780.5568697067,-1398,9
720028.8645581432,-1409,9
720028.8645581432,-1409,9
748536.1109919691,-1462,9
738862.1835132671,-1450,9
720028.8645581432,-1409,9
728954.0077623334,-1426,9
694768.0474705658,-1376,9
696244.2969986491,-1378,9
706462.7118025812,-1392,9
731177.038225206,-1429,9
749424.1339433496,-1464,9
704616.9278260416,-1388,9
714159.6810948392,-1404,9
734469.7952083874,-1435,9
736005.9370635013,-1438,9
690540.810983569,-1369,9
703033.7587614972,-1387,9
719800.1651160814,-1408,9
688756.2153967037,-1367,9
752450.6333635662,-1473,9
690540.810983569,-1369,9
700794.4464149235,-1386,9
750148.2073144933,-1465,9
723146.075154391,-1416,9
720028.8645581432,-1409,9
727185.108938413,-1423,9
742467.3984622667,-1453,9
694952.5296856463,-1377,9
691734.7424493431,-1372,9
738441.0345083667,-1449,9
723146.075154391,-1416,9
735934.4304227578,-1437,9
725397.7111172391,-1417,9
693639.5458424531,-1375,9
696473.6028829317,-1379,9
726627.4794820411,-1421,9
711852.4190657394,-1401,9
737290.3534210473,-1442,9
698208.7055078634,-1383,9
699400.9797283312,-1384,9
728954.0077623334,-1426,9
732737.5834539096,-1431,9
696878.1166375272,-1380,9
730960.8400797837,-1428,9
690540.810983569,-1369,9
730960.8400797837,-1428,9
704616.9278260416,-1388,9
752607.0232479261,-1474,9
705550.1856835096,-1389,9
691734.7424493431,-1372,9
690314.6188841834,-1368,9
738862.1835132671,-1450,9
742467.3984622667,-1453,9
720028.8645581432,-1409,9
719800.1651160814,-1408,9
752450.6333635662,-1473,9
731177.038225206,-1429,9
731851.9626429551,-1430,9
746301.588046258,-1459,9
745212.8301327685,-1457,9
692294.150946675,-1373,9
752186.1167066711,-1468,9
751253.052684779,-1466,9
726648.3198140395,-1422,9
708054.5692364923,-1396,9
708054.5692364923,-1396,9
711852.4190657394,-1401,9
731177.038225206,-1429,9
707302.4177404983,-1393,9
741211.7207790159,-1451,9
734694.0617209652,-1436,9
721677.1834932896,-1410,9
710585.1126156567,-1399,9
726281.0356377871,-1418,9
720028.8645581432,-1409,9
699400.9797283312,-1384,9
738175.731458046,-1443,9
690314.6188841834,-1368,9
725397.7111172391,-1417,9
728375.7804915608,-1425,9
736782.9616989412,-1441,9
743078.2189327308,-1454,9
694952.5296856463,-1377,9
727185.108938413,-1423,9
693639.5458424531,-1375,9
695866.3922577722,-1342,10
712024.9517059004,-1368,10
683667.5201783123,-1320,10
712024.9517059004,-1368,10
683667.5201783123,-1320,10
710092.7700124084,-1365,10
691583.3662827468,-1336,10
680382.3471809382,-1315,10
691583.3662827468,-1336,10
681451.282794795,-1317,10
717698.3356786612,-1379,10
710092.7700124084,-1365,10
722252.8136381881,-1387,10
715326.710033201,-1375,10
676556.7466496308,-1311,10
680382.3471809382,-1315,10
691400.6463248772,-1335,10
695866.3922577722,-1342,10
716788.6519940309,-1378,10
698602.569174188,-1346,10
693785.6888432617,-1339,10
712024.9517059004,-1368,10
697062.4378122287,-1343,10
697062.4378122287,-1343,10
697391.1191261378,-1344,10
722252.8136381881,-1387,10
690641.7131173563,-1334,10
688385.2371440525,-1329,10
716788.6519940309,-1378,10
681451.282794795,-1317,10
725672.3622709836,-1399,10
688385.2371440525,-1329,10
681451.282794795,-1317,10
695866.3922577722,-1342,10
681451.282794795,-1317,10
700266.3876315276,-1349,10
690191.3723605657,-1332,10
708580.8979603687,-1363,10
687397.740800109,-1327,10
712865.7005130011,-1369,10
700266.3876315276,-1349,10
690191.3723605657,-1332,10
678071.2228832374,-1313,10
719843.127324211,-1384,10
685962.417897262,-1323,10
689010.5612356175,-1330,10
676556.7466496308,-1311,10
703150.8877390751,-1352,10
685082.5292111087,-1322,10
695866.3922577722,-1342,10
710092.7700124084,-1365,10
722252.8136381881,-1387,10
719108.318023371,-1381,10
699669.7459491864,-1348,10
710892.878860878,-1366,10
686489.2892851686,-1324,10
703964.9727766598,-1354,10
708580.8979603687,-1363,10
678071.2228832374,-1313,10
723916.9881761678,-1390,10
687307.7840296406,-1326,10
715326.710033201,-1375,10
722252.8136381881,-1387,10
709501.6278880693,-1364,10
702192.8868618591,-1351,10
674197.6634708443,-1309,10
725672.3622709836,-1399,10
703948.0824818081,-1353,10
673613.2465739141,-1308,10
698701.4969777076,-1347,10
678071.2228832374,-1313,10
690641.7131173563,-1334,10
724657.3291611477,-1392,10
695866.3922577722,-1342,10
712024.9517059004,-1368,10
687397.740800109,-1327,10
673574.7312461183,-1306,10
701993.4677076989,-1350,10
714684.2089629285,-1373,10
677502.5767095928,-1312,10
721887.5606263097,-1386,10
673613.2465739141,-1308,10
690191.3723605657,-1332,10
682749.167295933,-1318,10
714507.5804316984,-1372,10
708405.6978228083,-1362,10
719496.8410016912,-1383,10
703150.8877390751,-1352,10
720336.8104020418,-1385,10
700266.3876315276,-1349,10
700266.3876315276,-1349,10
693189.8397475155,-1338,10
712865.7005130011,-1369,10
692569.4330193677,-1337,10
683626.6731579066,-1319,10
712865.7005130011,-1369,10
710092.7700124084,-1365,10
697391.1191261378,-1344,10
708267.8958481065,-1361,10
707106.6569462974,-1359,10
725595.3099374557,-1393,10
684898.6976229295,-1321,10
676054.2455483974,-1310,10
687397.740800109,-1327,10
693785.6888432617,-1339,10
712024.9517059004,-1368,10
716177.6354249602,-1376,10
706373.1164380331,-1358,10
713763.9972538046,-1370,10
699669.7459491864,-1348,10
700266.3876315276,-1349,10
711470.2165060831,-1367,10
685082.5292111087,-1322,10
687397.740800109,-1327,10
689568.1204867119,-1331,10
718824.4695837055,-1380,10
712024.9517059004,-1368,10
721887.5606263097,-1386,10
705321.6890347707,-1356,10
697391.1191261378,-1344,10
705321.6890347707,-1356,10
690191.3723605657,-1332,10
695098.4422526285,-1341,10
698486.8020305628,-1345,10
681328.6552577533,-1316,10
716204.9454684096,-1377,10
701993.4677076989,-1350,10
680382.3471809382,-1315,10
693189.8397475155,-1338,10
715326.710033201,-1375,10
679796.7699888098,-1314,10
722252.8136381881,-1387,10
687397.740800109,-1327,10
722976.4083418577,-1388,10
685962.417897262,-1323,10
688320.7910053266,-1328,10
690191.3723605657,-1332,10
681451.282794795,-1317,10
722252.8136381881,-1387,10
703948.0824818081,-1353,10
695866.3922577722,-1342,10
676556.7466496308,-1311,10
690191.3723605657,-1332,10
676556.7466496308,-1311,10
724657.3291611477,-1392,10
680382.3471809382,-1315,10
724498.2840615658,-1406,11
724498.2840615658,-1406,11
724498.2840615658,-1406,11
733210.6572006388,-1428,11
703937.0871801496,-1361,11
688603.2433239964,-1342,11
676846.0414038193,-1330,11
736305.8735416905,-1436,11
735385.5877261076,-1434,11
722302.1655417199,-1397,11
675366.1845553819,-1328,11
724498.2840615658,-1406,11
703396.3837024593,-1360,11
739922.3003914442,-1442,11
722970.9925520363,-1399,11
730811.496595811,-1422,11
727594.0515808505,-1416,11
720017.5104818307,-1394,11
702099.9662966303,-1356,11
702099.9662966303,-1356,11
739922.3003914442,-1442,11
702624.7222607621,-1358,11
691818.3061107141,-1344,11
737299.4861323045,-1437,11
708560.9610479615,-1367,11
700781.1723577066,-1351,11
730811.496595811,-1422,11
727510.8829843041,-1415,11
700781.1723577066,-1351,11
729925.6340677228,-1421,11
691818.3061107141,-1344,11
739922.3003914442,-1442,11
703396.3837024593,-1360,11
724483.9393506894,-1402,11
735385.5877261076,-1434,11
739922.3003914442,-1442,11
739922.3003914442,-1442,11
727905.1576468437,-1417,11
708073.3128604055,-1366,11
722302.1655417199,-1397,11
734605.7069891606,-1432,11
729425.2684860862,-1420,11
739922.3003914442,-1442,11
703396.3837024593,-1360,11
715825.9871524336,-1386,11
717857.4625229479,-1391,11
728521.4253772215,-1418,11
706017.4476742579,-1364,11
691818.3061107141,-1344,11
710877.2180786866,-1371,11
676846.0414038193,-1330,11
719700.182531214,-1393,11
676846.0414038193,-1330,11
708560.9610479615,-1367,11
724498.2840615658,-1406,11
734605.7069891606,-1432,11
691818.3061107141,-1344,11
696996.2434230596,-1347,11
734605.7069891606,-1432,11
728815.6256336245,-1419,11
722302.1655417199,-1397,11
715825.9871524336,-1386,11
677817.9470539938,-1331,11
733109.4563542961,-1424,11
676846.0414038193,-1330,11
717857.4625229479,-1391,11
688603.2433239964,-1342,11
691818.3061107141,-1344,11
710877.2180786866,-1371,11
691818.3061107141,-1344,11
675952.1430855687,-1329,11
709589.2431481549,-1369,11
710877.2180786866,-1371,11
691818.3061107141,-1344,11
702099.9662966303,-1356,11
691408.1035904896,-1343,11
739922.3003914442,-1442,11
696390.5810589354,-1346,11
703396.3837024593,-1360,11
733210.6572006388,-1428,11
683396.5959268429,-1333,11
734605.7069891606,-1432,11
717857.4625229479,-1391,11
724311.791459505,-1401,11
710384.4704239621,-1370,11
739512.2653981738,-1440,11
691818.3061107141,-1344,11
739922.3003914442,-1442,11
717857.4625229479,-1391,11
702491.1804225534,-1357,11
719380.2878597537,-1392,11
715825.9871524336,-1386,11
691818.3061107141,-1344,11
704688.0268169716,-1362,11
688603.2433239964,-1342,11
728815.6256336245,-1419,11
722815.3255486957,-1398,11
735280.1309669006,-1433,11
691818.3061107141,-1344,11
739922.3003914442,-1442,11
721835.5862472062,-1395,11
688603.2433239964,-1342,11
687027.8773195408,-1340,11
733736.8789513983,-1429,11
712926.1304861121,-1375,11
682982.9041096019,-1332,11
724498.2840615658,-1406,11
735280.1309669006,-1433,11
674898.6882235836,-1326,11
728521.4253772215,-1418,11
724498.2840615658,-1406,11
708719.5994203982,-1368,11
726785.5912331159,-1409,11
717739.6244072611,-1390,11
733736.8789513983,-1429,11
734605.7069891606,-1432,11
716811.96752017,-1387,11
724498.2840615658,-1406,11
739922.3003914442,-1442,11
708560.9610479615,-1367,11
740587.5734157981,-1443,11
674195.5643446172,-1324,11
735280.1309669006,-1433,11
738496.776670613,-1439,11
733736.8789513983,-1429,11
729425.2684860862,-1420,11
700739.9435603486,-1349,11
715825.9871524336,-1386,11
676846.0414038193,-1330,11
722302.1655417199,-1397,11
676846.0414038193,-1330,11
721888.5749234554,-1396,11
730882.3028217042,-1423,11
701768.0687146249,-1352,11
712791.3859222941,-1372,11
676846.0414038193,-1330,11
683704.7762739788,-1336,11
734022.3704763053,-1430,11
686945.7333969241,-1338,11
719380.2878597537,-1392,11
737945.0484944195,-1438,11
717065.9007625947,-1389,11
724686.785111795,-1407,11
724483.9393506894,-1402,11
676846.0414038193,-1330,11
719380.2878597537,-1392,11
696996.2434230596,-1347,11
707812.073404299,-1365,11
676846.0414038193,-1330,11
703937.0871801496,-1361,11
692775.0562504183,-1345,11
703396.3837024593,-1360,11
697349.9744696693,-1348,11
691818.3061107141,-1344,11
722970.9925520363,-1399,11
702697.5689301505,-1359,11
723167.6195665372,-1400,11
739922.3003914442,-1442,11
735465.1824586533,-1435,11
687641.5923564854,-1341,11
729110.9573826432,-1391,12
709209.1566416051,-1362,12
684741.7969685524,-1329,12
729110.9573826432,-1391,12
729101.3889810904,-1390,12
703136.9064532161,-1352,12
736865.061450934,-1409,12
709209.1566416051,-1362,12
684741.7969685524,-1329,12
713185.7687500598,-1368,12
717032.100971778,-1373,12
736865.061450934,-1409,12
729388.2225147446,-1392,12
709209.1566416051,-1362,12
699921.8503020547,-1347,12
709209.1566416051,-1362,12
739401.8513027288,-1412,12
712839.1500532523,-1367,12
682862.1908473275,-1325,12
698295.475814001,-1342,12
696905.0456848564,-1338,12
703486.6853194297,-1353,12
720805.8990030424,-1378,12
708584.3500541138,-1360,12
731868.2578565995,-1396,12
710162.003413073,-1364,12
705676.7656966985,-1356,12
716430.5622691474,-1372,12
709873.1581148233,-1363,12
715626.7759167684,-1371,12
732090.2092419943,-1397,12
710162.003413073,-1364,12
705676.7656966985,-1356,12
711117.9431049109,-1365,12
733607.0442917228,-1403,12
732968.0285237376,-1402,12
682112.7184761483,-1323,12
685427.5114380707,-1330,12
699182.1637376437,-1346,12
706026.7911753077,-1357,12
723455.5745155697,-1385,12
726543.0580684143,-1386,12
731101.6894519946,-1394,12
687409.4047711941,-1332,12
695517.2131135901,-1334,12
695517.2131135901,-1334,12
698957.1959612721,-1345,12
732775.8599716009,-1401,12
708601.1801469525,-1361,12
699182.1637376437,-1346,12
683310.3454580376,-1326,12
731868.2578565995,-1396,12
686739.8629705573,-1331,12
733607.0442917228,-1403,12
699182.1637376437,-1346,12
697665.7311606776,-1339,12
698957.1959612721,-1345,12
736865.061450934,-1409,12
701591.03259287,-1350,12
728179.9022860596,-1388,12
739388.1957184199,-1411,12
717201.2738878154,-1374,12
699921.8503020547,-1347,12
734254.8033501888,-1404,12
682862.1908473275,-1325,12
731101.6894519946,-1394,12
726913.7918126159,-1387,12
736865.061450934,-1409,12
722556.3983059216,-1382,12
712617.1994560065,-1366,12
698957.1959612721,-1345,12
722702.1426340253,-1383,12
715247.7419407374,-1370,12
716430.5622691474,-1372,12
703136.9064532161,-1352,12
715247.7419407374,-1370,12
704245.1069055736,-1354,12
730544.772938063,-1393,12
685427.5114380707,-1330,12
736865.061450934,-1409,12
698172.7706250449,-1341,12
701586.8796566913,-1349,12
705245.0099951788,-1355,12
737744.6060178761,-1410,12
719089.2299621416,-1376,12
735917.0373345574,-1407,12
731868.2578565995,-1396,12
712617.1994560065,-1366,12
684741.7969685524,-1329,12
717032.100971778,-1373,12
741165.4291360759,-1414,12
687766.6623135989,-1333,12
704245.1069055736,-1354,12
697665.7311606776,-1339,12
719306.2862909052,-1377,12
705245.0099951788,-1355,12
722556.3983059216,-1382,12
708584.3500541138,-1360,12
700484.7717089183,-1348,12
698053.8527766673,-1340,12
742491.4280361688,-1417,12
709209.1566416051,-1362,12
695966.0607733111,-1335,12
721603.6498596071,-1379,12
698172.7706250449,-1341,12
702145.5879850936,-1351,12
699921.8503020547,-1347,12
740752.9570156707,-1413,12
699921.8503020547,-1347,12
705245.0099951788,-1355,12
736865.061450934,-1409,12
685427.5114380707,-1330,12
742156.1563249865,-1415,12
708601.1801469525,-1361,12
716430.5622691474,-1372,12
698172.7706250449,-1341,12
728420.4529516967,-1389,12
731764.7566814626,-1395,12
736865.061450934,-1409,12
684556.2078660553,-1328,12
736395.24995454,-1408,12
726543.0580684143,-1386,12
718466.6367379669,-1375,12
730009.0509409821,-1424,13
730009.0509409821,-1424,13
737702.7749333226,-1441,13
718968.3683136194,-1399,13
680105.5423157436,-1342,13
676184.7237352422,-1336,13
681449.2040239061,-1344,13
680105.5423157436,-1342,13
733018.7993255369,-1428,13
733018.7993255369,-1428,13
730009.0509409821,-1424,13
693116.1358595503,-1355,13
723838.8522605808,-1410,13
723592.1120370923,-1408,13
715174.8886140997,-1389,13
721268.2502145492,-1403,13
683632.3894328299,-1345,13
715174.8886140997,-1389,13
697731.5294783765,-1361,13
694777.9607705408,-1358,13
685711.1166201946,-1349,13
698987.3296847572,-1364,13
703288.7300146163,-1372,13
730009.0509409821,-1424,13
708550.5814519229,-1381,13
686111.4128226718,-1350,13
721268.2502145492,-1403,13
722859.4909115658,-1406,13
723592.1120370923,-1408,13
714568.6696801007,-1386,13
733018.7993255369,-1428,13
697731.5294783765,-1361,13
733018.7993255369,-1428,13
703288.7300146163,-1372,13
721038.2732544491,-1402,13
700487.230665384,-1366,13
736361.3777338992,-1433,13
733018.7993255369,-1428,13
706140.0290907758,-1376,13
694139.2708296324,-1357,13
674424.6095829183,-1333,13
728295.2825467506,-1420,13
702751.1877814513,-1371,13
721883.4083355895,-1404,13
729164.4029922629,-1422,13
730009.0509409821,-1424,13
680105.5423157436,-1342,13
733018.7993255369,-1428,13
736934.4615899381,-1434,13
730009.0509409821,-1424,13
737649.0839926177,-1440,13
708442.4049595481,-1378,13
693430.5849302822,-1356,13
733003.1446230395,-1427,13
718968.3683136194,-1399,13
730009.0509409821,-1424,13
704405.5004728871,-1374,13
728896.5453922951,-1421,13
706140.0290907758,-1376,13
733018.7993255369,-1428,13
721268.2502145492,-1403,13
685170.5408562357,-1347,13
728097.178695019,-1417,13
719846.4912244544,-1400,13
733003.1446230395,-1427,13
694777.9607705408,-1358,13
708723.8718016497,-1382,13
726491.0265669961,-1416,13
701219.706841212,-1369,13
731880.075172156,-1425,13
700540.4019939232,-1367,13
715077.9341325851,-1387,13
700540.4019939232,-1367,13
694139.2708296324,-1357,13
739531.3054400671,-1443,13
702751.1877814513,-1371,13
730009.0509409821,-1424,13
733018.7993255369,-1428,13
730009.0509409821,-1424,13
732173.9954134678,-1426,13
730009.0509409821,-1424,13
737176.0645062128,-1439,13
733018.7993255369,-1428,13
733018.7993255369,-1428,13
698844.1931514863,-1363,13
721268.2502145492,-1403,13
726491.0265669961,-1416,13
698820.6434804362,-1362,13
721268.2502145492,-1403,13
702751.1877814513,-1371,13
686439.5711149165,-1351,13
715845.2259466881,-1394,13
725454.7337741164,-1413,13
706140.0290907758,-1376,13
706140.0290907758,-1376,13
699596.6627111267,-1365,13
700945.5852012244,-1368,13
730009.0509409821,-1424,13
695334.3606761263,-1360,13
723592.1120370923,-1408,13
692783.6449740407,-1354,13
737702.7749333226,-1441,13
724925.5797386062,-1412,13
737649.0839926177,-1440,13
740889.2133448796,-1445,13
714568.6696801007,-1386,13
679236.7155128388,-1341,13
728896.5453922951,-1421,13
684360.8816227017,-1346,13
740889.2133448796,-1445,13
681192.2687036047,-1343,13
722841.9075727254,-1405,13
700540.4019939232,-1367,13
721268.2502145492,-1403,13
703675.2548576903,-1373,13
677974.9897522944,-1338,13
705295.6025969512,-1375,13
716800.2588245067,-1395,13
717672.7044405709,-1398,13
729916.4761480825,-1423,13
680105.5423157436,-1342,13
714291.1482254543,-1384,13
726083.2483974668,-1414,13
733966.9834666833,-1429,13
702751.1877814513,-1371,13
736934.4615899381,-1434,13
721268.2502145492,-1403,13
715077.9341325851,-1387,13
701869.4051764563,-1370,13
695252.1542272693,-1359,13
685666.5360749128,-1348,13
680105.5423157436,-1342,13
735048.8682949024,-1430,13
730009.0509409821,-1424,13
738842.1173817463,-1442,13
677974.9897522944,-1338,13
712750.783031068,-1383,13
740448.648534017,-1444,13
726083.2483974668,-1414,13
721268.2502145492,-1403,13
675121.0440279221,-1334,13
717025.670473256,-1396,13
715296.4392818832,-1390,13
708550.5814519229,-1381,13
721268.2502145492,-1403,13
733966.9834666833,-1429,13
722859.4909115658,-1406,13
733966.9834666833,-1429,13
686439.5711149165,-1351,13
722859.4909115658,-1406,13
735048.8682949024,-1430,13
735789.6097030981,-1431,13
699596.6627111267,-1365,13
729916.4761480825,-1423,13
677894.3262990845,-1337,13
716531.6678520847,-1365,14
752238.0269226275,-1431,14
718607.3165017496,-1368,14
720696.4591109096,-1372,14
738523.3166849407,-1398,14
720696.4591109096,-1372,14
733883.1758927684,-1391,14
742320.5851647194,-1409,14
742320.5851647194,-1409,14
710287.5664935607,-1358,14
739484.3000472833,-1402,14
743049.8373925029,-1410,14
736045.192751542,-1393,14
754065.1144448885,-1437,14
754872.0531907254,-1438,14
752238.0269226275,-1431,14
711152.0407448909,-1359,14
753211.315078484,-1435,14
741438.1611319421,-1406,14
722404.5610472134,-1378,14
709581.5578297982,-1356,14
748614.5730306115,-1423,14
712135.343657282,-1360,14
716531.6678520847,-1365,14
711152.0407448909,-1359,14
752238.0269226275,-1431,14
714965.1356779226,-1362,14
715609.5313919983,-1363,14
719981.2484416781,-1369,14
750513.3993064346,-1427,14
720148.0997386156,-1371,14
732458.3152319416,-1386,14
748614.5730306115,-1423,14
742320.5851647194,-1409,14
748614.5730306115,-1423,14
750513.3993064346,-1427,14
715609.5313919983,-1363,14
748614.5730306115,-1423,14
752009.4503958274,-1429,14
744210.1319991695,-1412,14
721695.6013333679,-1373,14
764612.060772863,-1456,14
746641.4309989297,-1419,14
753430.7487345359,-1436,14
770000.4892591727,-1466,14
748614.5730306115,-1423,14
748614.5730306115,-1423,14
748614.5730306115,-1423,14
767649.9308644531,-1461,14
720148.0997386156,-1371,14
733883.1758927684,-1391,14
765982.8575262818,-1457,14
710287.5664935607,-1358,14
717950.464568059,-1367,14
753430.7487345359,-1436,14
738776.7080484636,-1400,14
737495.5491077554,-1396,14
715609.5313919983,-1363,14
733420.603938919,-1390,14
767649.9308644531,-1461,14
733883.1758927684,-1391,14
715609.5313919983,-1363,14
767203.2733794749,-1460,14
759933.2278207528,-1446,14
739484.3000472833,-1402,14
748614.5730306115,-1423,14
737495.5491077554,-1396,14
707791.3455454442,-1354,14
754872.0531907254,-1438,14
754065.1144448885,-1437,14
758816.387208021,-1444,14
712135.343657282,-1360,14
717896.659775266,-1366,14
756534.2339359687,-1439,14
720064.0588824174,-1370,14
736374.3548450072,-1394,14
735820.0703461632,-1392,14
732458.3152319416,-1386,14
729107.1914877826,-1380,14
733883.1758927684,-1391,14
747799.8623390094,-1421,14
739996.5126117193,-1403,14
761391.2108991783,-1447,14
722404.5610472134,-1378,14
751292.5086362652,-1428,14
758816.387208021,-1444,14
769783.8538523046,-1465,14
705359.8482076578,-1351,14
733175.1781229466,-1389,14
748614.5730306115,-1423,14
753118.9060760097,-1432,14
729628.9546000239,-1381,14
770173.6866761474,-1467,14
749745.4769215931,-1425,14
716294.3722419792,-1364,14
722404.5610472134,-1378,14
745762.2679224256,-1415,14
739996.5126117193,-1403,14
745681.8242093637,-1414,14
748614.5730306115,-1423,14
768107.8099068208,-1462,14
741438.1611319421,-1406,14
764436.1561913709,-1455,14
732147.3542257819,-1384,14
766625.4691919035,-1459,14
747259.2032097267,-1420,14
707261.8410722492,-1353,14
745182.027562765,-1413,14
748614.5730306115,-1423,14
748507.0199413297,-1422,14
745935.7718734123,-1416,14
749213.0730984965,-1424,14
709288.6808397908,-1355,14
730617.1782978757,-1383,14
766625.4691919035,-1459,14
730387.4214218776,-1382,14
733175.1781229466,-1389,14
721695.6013333679,-1373,14
704469.5791977727,-1350,14
763216.0383420271,-1453,14
720696.4591109096,-1372,14
758816.387208021,-1444,14
723107.8176242468,-1379,14
750386.651322878,-1426,14
716531.6678520847,-1365,14
742119.1768730832,-1407,14
737096.7312116966,-1395,14
769667.1113627393,-1464,14
769042.6857725771,-1463,14
759933.2278207528,-1446,14
741101.7124074076,-1404,14
733883.1758927684,-1391,14
758469.9414650082,-1443,14
765982.8575262818,-1457,14
744210.1319991695,-1412,14
746083.6680964822,-1418,14
748614.5730306115,-1423,14
722192.307857249,-1377,14
737796.5437508977,-1397,14
706226.4730076451,-1352,14
767203.2733794749,-1460,14
722192.307857249,-1377,14
759794.1364085077,-1445,14
739390.1687743755,-1401,14
733883.1758927684,-1391,14
671156.1561198545,-1323,15
726275.4550438512,-1414,15
727435.411225753,-1416,15
669210.5070756712,-1321,15
700766.5462904695,-1360,15
702963.4853646534,-1367,15
727317.1168532823,-1415,15
732087.9972170435,-1447,15
669210.5070756712,-1321,15
673711.3222451408,-1326,15
669210.5070756712,-1321,15
687753.4397575394,-1342,15
721065.040538397,-1401,15
704618.1609975708,-1369,15
704618.1609975708,-1369,15
723031.4231609638,-1407,15
700168.6073374448,-1359,15
732801.3884565219,-1448,15
723854.14500959,-1408,15
721065.040538397,-1401,15
695080.7520995607,-1351,15
734409.9892262797,-1451,15
701809.0494839068,-1364,15
718355.8985147482,-1391,15
725710.870523453,-1411,15
673711.3222451408,-1326,15
669210.5070756712,-1321,15
725710.870523453,-1411,15
728785.0271739378,-1418,15
704618.1609975708,-1369,15
699228.7922488096,-1358,15
730823.6581593065,-1423,15
732032.6529119138,-1425,15
707062.7023846884,-1373,15
705237.1101497944,-1370,15
730823.6581593065,-1423,15
714159.3639363854,-1383,15
719868.3709235822,-1398,15
675561.5600453465,-1329,15
696829.6698541188,-1354,15
729894.9667069413,-1419,15
676967.7595020658,-1331,15
671156.1561198545,-1323,15
709092.4141365467,-1378,15
673711.3222451408,-1326,15
711081.1750689032,-1380,15
734939.4731816495,-1453,15
708204.3510750135,-1376,15
695080.7520995607,-1351,15
673711.3222451408,-1326,15
721781.9941837458,-1405,15
733878.5819509227,-1449,15
726075.6628319984,-1412,15
719868.3709235822,-1398,15
691075.8074877622,-1344,15
673711.3222451408,-1326,15
735891.9962640709,-1455,15
675561.5600453465,-1329,15
722875.4564584867,-1406,15
716004.6815253181,-1387,15
683603.3847492983,-1340,15
707313.5629284855,-1374,15
714159.3639363854,-1383,15
715756.0046315667,-1386,15
695080.7520995607,-1351,15
718355.8985147482,-1391,15
714159.3639363854,-1383,15
734811.8056182136,-1452,15
700882.2454393049,-1361,15
715756.0046315667,-1386,15
683056.5613071403,-1339,15
673439.1654297577,-1324,15
669210.5070756712,-1321,15
692135.4360429856,-1346,15
718754.714914461,-1392,15
695080.7520995607,-1351,15
669210.5070756712,-1321,15
675053.1733542643,-1328,15
702457.0042872803,-1365,15
732087.9972170435,-1447,15
704618.1609975708,-1369,15
708662.897944033,-1377,15
673711.3222451408,-1326,15
691721.1120547969,-1345,15
732087.9972170435,-1447,15
735891.9962640709,-1455,15
669210.5070756712,-1321,15
683056.5613071403,-1339,15
671156.1561198545,-1323,15
704291.8754042039,-1368,15
673439.1654297577,-1324,15
673658.9666514383,-1325,15
669183.0698980815,-1320,15
718355.8985147482,-1391,15
735641.166424389,-1454,15
702457.0042872803,-1365,15
704618.1609975708,-1369,15
719868.3709235822,-1398,15
675561.5600453465,-1329,15
717154.615008988,-1389,15
718897.7244944033,-1393,15
735891.9962640709,-1455,15
669123.641311054,-1319,15
673711.3222451408,-1326,15
669210.5070756712,-1321,15
728518.1653667138,-1417,15
722875.4564584867,-1406,15
736813.6516346942,-1456,15
675561.5600453465,-1329,15
699228.7922488096,-1358,15
695799.3799514776,-1352,15
673439.1654297577,-1324,15
673711.3222451408,-1326,15
721065.040538397,-1401,15
720912.5422685693,-1399,15
687753.4397575394,-1342,15
696829.6698541188,-1354,15
715721.2953904482,-1385,15
705237.1101497944,-1370,15
691056.7841059341,-1343,15
693115.5468785278,-1348,15
724543.505803702,-1409,15
722875.4564584867,-1406,15
680451.1174061493,-1332,15
714159.3639363854,-1383,15
730823.6581593065,-1423,15
683603.3847492983,-1340,15
673439.1654297577,-1324,15
714947.347710144,-1384,15
719868.3709235822,-1398,15
669210.5070756712,-1321,15
694895.0838864208,-1350,15
681239.3140354188,-1333,15
673439.1654297577,-1324,15
720951.9792109302,-1400,15
683027.739902088,-1336,15
669123.641311054,-1319,15
669210.5070756712,-1321,15
669210.5070756712,-1321,15
673711.3222451408,-1326,15
692136.9983040208,-1347,15
669123.641311054,-1319,15
669210.5070756712,-1321,15
713741.9022049309,-1382,15
667798.3671110872,-1318,15
691075.8074877622,-1344,15
704618.1609975708,-1369,15
717154.615008988,-1389,15
681825.2623919481,-1334,15
670943.8543307092,-1322,15
717067.4666538868,-1388,15
696829.6698541188,-1354,15
720951.9792109302,-1400,15
729894.9667069413,-1419,15
706088.352016141,-1371,15
704291.8754042039,-1368,15
698573.7282805773,-1356,15
732087.9972170435,-1447,15
717154.615008988,-1389,15
696506.8404454545,-1353,15
699228.7922488096,-1358,15
705237.1101497944,-1370,15
676702.6607454072,-1330,15
719542.8645347334,-1394,15
731982.0424784002,-1424,15
694509.2259783846,-1349,15
699184.3350405395,-1357,15
724911.368903693,-1410,15
674889.6565452347,-1327,15
704291.8754042039,-1368,15
706970.1487993874,-1372,15
730521.7607792448,-1420,15
718897.7244944033,-1393,15
721781.9941837458,-1405,15
685055.4190512503,-1334,16
696736.6354597142,-1350,16
696736.6354597142,-1350,16
694585.1326180638,-1346,16
732108.938282916,-1407,16
708087.1158066938,-1365,16
691979.6807864668,-1341,16
696707.7489162366,-1349,16
682236.2793979106,-1330,16
713349.7977109761,-1377,16
720715.6442102592,-1387,16
696736.6354597142,-1350,16
721867.1049208738,-1389,16
733918.4075639079,-1411,16
705939.437718135,-1360,16
683892.7087054623,-1332,16
691104.4942593069,-1340,16
701304.2334384875,-1352,16
711260.272426719,-1373,16
682236.2793979106,-1330,16
718215.882566433,-1386,16
724569.703782306,-1393,16
683892.7087054623,-1332,16
691104.4942593069,-1340,16
683892.7087054623,-1332,16
676949.6054778871,-1320,16
683892.7087054623,-1332,16
723334.5166850382,-1390,16
695235.1277107055,-1347,16
725260.7630042204,-1396,16
691104.4942593069,-1340,16
703821.81401976,-1355,16
696736.6354597142,-1350,16
726125.2133806519,-1398,16
726125.2133806519,-1398,16
727108.6322177661,-1399,16
696736.6354597142,-1350,16
696707.7489162366,-1349,16
705939.437718135,-1360,16
726125.2133806519,-1398,16
677251.6467081677,-1321,16
732108.938282916,-1407,16
712299.4094903546,-1375,16
731699.1735123886,-1406,16
725260.7630042204,-1396,16
734541.5914877293,-1412,16
723334.5166850382,-1390,16
676949.6054778871,-1320,16
679600.8419278379,-1324,16
711260.272426719,-1373,16
696736.6354597142,-1350,16
678145.7842211538,-1322,16
724315.0216961269,-1392,16
712007.6351816027,-1374,16
685055.4190512503,-1334,16
707034.7547285568,-1364,16
671569.7332923431,-1316,16
676911.4041661521,-1319,16
731277.2700392673,-1405,16
683892.7087054623,-1332,16
726125.2133806519,-1398,16
696707.7489162366,-1349,16
709758.4088056682,-1372,16
723944.0166128746,-1391,16
731277.2700392673,-1405,16
671643.159750913,-1317,16
683471.789055086,-1331,16
707034.7547285568,-1364,16
689814.6574894919,-1336,16
736068.1972515534,-1414,16
693476.6047163686,-1344,16
708708.9481706289,-1366,16
736492.2084227463,-1415,16
708087.1158066938,-1365,16
695235.1277107055,-1347,16
704561.3513600513,-1356,16
696736.6354597142,-1350,16
705939.437718135,-1360,16
720715.6442102592,-1387,16
704561.3513600513,-1356,16
683892.7087054623,-1332,16
690524.2722094492,-1337,16
724569.703782306,-1393,16
712743.2899194079,-1376,16
683892.7087054623,-1332,16
737680.7783271149,-1419,16
683892.7087054623,-1332,16
683892.7087054623,-1332,16
696736.6354597142,-1350,16
671643.159750913,-1317,16
725108.404615389,-1395,16
686829.9101239959,-1335,16
721867.1049208738,-1389,16
681737.8519333295,-1328,16
724569.703782306,-1393,16
732108.938282916,-1407,16
725962.6948935346,-1397,16
726125.2133806519,-1398,16
702145.8932004197,-1353,16
676949.6054778871,-1320,16
730133.040438634,-1404,16
702970.5340738038,-1354,16
706623.1604177237,-1362,16
696707.7489162366,-1349,16
733435.5478597585,-1409,16
707034.7547285568,-1364,16
738416.7531722113,-1421,16
735179.2109830714,-1413,16
691104.4942593069,-1340,16
712007.6351816027,-1374,16
732108.938282916,-1407,16
681147.761159549,-1327,16
682236.2793979106,-1330,16
721309.3624203813,-1388,16
715227.4276063951,-1378,16
716360.2513629777,-1381,16
705033.4634907676,-1358,16
721309.3624203813,-1388,16
684810.5361421509,-1333,16
689814.6574894919,-1336,16
696707.7489162366,-1349,16
728117.8261121723,-1401,16
708087.1158066938,-1365,16
680854.9335244629,-1326,16
695832.7051860384,-1348,16
713349.7977109761,-1377,16
696707.7489162366,-1349,16
677251.6467081677,-1321,16
690962.4462279753,-1339,16
704677.2824102823,-1357,16
682021.7823972406,-1329,16
739946.4100853407,-1423,16
692755.6328182458,-1342,16
676949.6054778871,-1320,16
693411.4078922251,-1343,16
728396.5503066236,-1402,16
740411.1739232341,-1424,16
694585.1326180638,-1346,16
716181.1487997182,-1379,16
705742.12022185,-1359,16
731277.2700392673,-1405,16
712007.6351816027,-1374,16
732760.1720508641,-1408,16
712299.4094903546,-1375,16
728396.5503066236,-1402,16
696707.7489162366,-1349,16
726125.2133806519,-1398,16
696736.6354597142,-1350,16
698350.0040157448,-1351,16
704561.3513600513,-1356,16
716297.3290882452,-1380,16
709335.7879385557,-1371,16
696707.7489162366,-1349,16
709335.7879385557,-1371,16
715227.4276063951,-1378,16
672551.799238546,-1318,16
716181.1487997182,-1379,16
732108.938282916,-1407,16
717745.8108667004,-1383,16
678301.2040712223,-1343,17
741260.7266252255,-1457,17
741260.7266252255,-1457,17
722281.4146928109,-1410,17
693949.2532557064,-1357,17
717516.3178260732,-1401,17
677487.3159003975,-1342,17
692519.8030541174,-1356,17
677487.3159003975,-1342,17
722960.5538854703,-1412,17
728025.6702602808,-1420,17
734531.4465181861,-1434,17
729409.5841983315,-1424,17
701503.0510473888,-1372,17
712581.2902493244,-1393,17
731175.2976720365,-1429,17
741260.7266252255,-1457,17
710917.9683438711,-1389,17
727334.2267182142,-1419,17
677487.3159003975,-1342,17
726771.4188322604,-1416,17
717516.3178260732,-1401,17
690538.3767391291,-1350,17
742495.8247605854,-1459,17
705641.2152906506,-1381,17
678301.2040712223,-1343,17
678301.2040712223,-1343,17
690709.5014969442,-1351,17
716745.3475260187,-1400,17
709652.8738397887,-1387,17
741260.7266252255,-1457,17
733817.6455608831,-1433,17
707899.5661179641,-1386,17
714610.3430499249,-1396,17
706222.6165898056,-1383,17
738024.6977907236,-1448,17
741260.7266252255,-1457,17
742495.8247605854,-1459,17
715103.4432749047,-1397,17
729409.5841983315,-1424,17
737799.3104450473,-1447,17
700842.5850774676,-1371,17
720827.0110337988,-1407,17
677487.3159003975,-1342,17
696408.5333719031,-1361,17
732321.5600997789,-1431,17
714610.3430499249,-1396,17
710977.1862318313,-1390,17
696977.7803700423,-1362,17
696408.5333719031,-1361,17
718196.5145847492,-1402,17
715103.4432749047,-1397,17
705641.2152906506,-1381,17
703228.7925148722,-1375,17
729271.3474340489,-1422,17
741260.7266252255,-1457,17
737030.5962044011,-1443,17
728919.8320774802,-1421,17
724901.3311068111,-1414,17
712581.2902493244,-1393,17
700785.2097463057,-1370,17
736941.7928633933,-1442,17
717516.3178260732,-1401,17
692266.2340039362,-1354,17
724015.0377392648,-1413,17
712581.2902493244,-1393,17
738854.4048925056,-1449,17
710917.9683438711,-1389,17
731175.2976720365,-1429,17
682104.8455577509,-1346,17
730295.3884307332,-1425,17
698852.7448457166,-1368,17
676568.626287873,-1339,17
741260.7266252255,-1457,17
683665.736561853,-1348,17
709652.8738397887,-1387,17
727334.2267182142,-1419,17
716106.3396914351,-1399,17
733565.923562779,-1432,17
731396.2065927874,-1430,17
692273.0057046548,-1355,17
705172.4186974084,-1378,17
682710.2431609996,-1347,17
713512.2377321747,-1394,17
681215.0379563838,-1344,17
709652.8738397887,-1387,17
729409.5841983315,-1424,17
704082.7651000206,-1376,17
732321.5600997789,-1431,17
725752.306808625,-1415,17
719159.00846413,-1404,17
700088.3752360552,-1369,17
731175.2976720365,-1429,17
710917.9683438711,-1389,17
682104.8455577509,-1346,17
733817.6455608831,-1433,17
703228.7925148722,-1375,17
722281.4146928109,-1410,17
691870.1359820135,-1352,17
712581.2902493244,-1393,17
721902.6725547442,-1409,17
730295.3884307332,-1425,17
709652.8738397887,-1387,17
719467.5410335951,-1405,17
739448.1421333606,-1450,17
741228.8102577192,-1456,17
724901.3311068111,-1414,17
729409.5841983315,-1424,17
706326.4228668513,-1384,17
734531.4465181861,-1434,17
697953.7375786441,-1363,17
741260.7266252255,-1457,17
733565.923562779,-1432,17
717516.3178260732,-1401,17
677487.3159003975,-1342,17
721487.6449315907,-1408,17
742495.8247605854,-1459,17
702277.685755519,-1373,17
726771.4188322604,-1416,17
742457.3572670326,-1458,17
727092.041412733,-1417,17
727334.2267182142,-1419,17
740485.6772989735,-1455,17
692519.8030541174,-1356,17
712562.789265183,-1392,17
709652.8738397887,-1387,17
730295.3884307332,-1425,17
711945.7839114488,-1391,17
715772.5978631264,-1398,17
730414.7057263125,-1426,17
734531.4465181861,-1434,17
702661.7604920975,-1374,17
706193.0564830026,-1382,17
707899.5661179641,-1386,17
724901.3311068111,-1414,17
729409.5841983315,-1424,17
730295.3884307332,-1425,17
707596.2216909074,-1385,17
683665.736561853,-1348,17
718694.4315036774,-1403,17
683799.6126024841,-1349,17
676861.9469803928,-1341,17
707899.5661179641,-1386,17
741260.7266252255,-1457,17
734531.4465181861,-1434,17
695848.1098608488,-1358,17
678301.2040712223,-1343,17
698026.5160862092,-1364,17
735502.1970174586,-1435,17
697953.7375786441,-1363,17
728218.1783839224,-1377,18
751489.4298122412,-1449,18
726278.2272198854,-1373,18
751489.4298122412,-1449,18
685367.9161920168,-1321,18
715632.0992367921,-1361,18
719433.2509971473,-1366,18
710328.8020861587,-1354,18
726278.2272198854,-1373,18
709152.441154457,-1351,18
733182.0575305934,-1390,18
745240.668787861,-1421,18
686986.8519045841,-1323,18
746270.3331164577,-1423,18
687997.7658596247,-1324,18
738370.9822095472,-1405,18
734873.3577788686,-1394,18
706493.7888385613,-1345,18
744757.8676579347,-1420,18
751489.4298122412,-1449,18
712072.7077238194,-1357,18
751489.4298122412,-1449,18
715416.2389477607,-1360,18
709152.441154457,-1351,18
749470.8476832199,-1441,18
718053.3473344521,-1364,18
729355.2985138858,-1379,18
751489.4298122412,-1449,18
709152.441154457,-1351,18
738370.9822095472,-1405,18
703680.1312384761,-1341,18
747735.6354819316,-1424,18
726278.2272198854,-1373,18
728218.1783839224,-1377,18
705001.4966727878,-1342,18
686721.2709036618,-1322,18
751489.4298122412,-1449,18
731522.433294263,-1382,18
718053.3473344521,-1364,18
739805.7370741296,-1407,18
695138.8715354332,-1333,18
737594.8408598661,-1400,18
731522.433294263,-1382,18
718053.3473344521,-1364,18
718891.4793281932,-1365,18
725092.960874456,-1371,18
737530.2142050924,-1398,18
720015.829936441,-1367,18
737114.8430846453,-1397,18
725942.3310953913,-1372,18
726278.2272198854,-1373,18
741601.2883969315,-1411,18
709152.441154457,-1351,18
726278.2272198854,-1373,18
707042.3508816384,-1348,18
734553.6503076565,-1393,18
741601.2883969315,-1411,18
727447.7063776518,-1376,18
737114.8430846453,-1397,18
727332.8891205082,-1375,18
720709.992724114,-1368,18
721801.2776819747,-1370,18
705001.4966727878,-1342,18
751489.4298122412,-1449,18
733979.3353638131,-1392,18
725092.960874456,-1371,18
707940.1949376911,-1349,18
685367.9161920168,-1321,18
726983.4714800741,-1374,18
739466.2372207338,-1406,18
735427.567601784,-1395,18
695800.5867418024,-1334,18
693967.235562047,-1331,18
726278.2272198854,-1373,18
746270.3331164577,-1423,18
744757.8676579347,-1420,18
718053.3473344521,-1364,18
693967.235562047,-1331,18
728704.5410263246,-1378,18
737594.8408598661,-1400,18
740604.7464156226,-1409,18
747735.6354819316,-1424,18
751382.35091533,-1444,18
741511.6380699236,-1410,18
733802.3577460644,-1391,18
717532.9877388368,-1362,18
718053.3473344521,-1364,18
737114.8430846453,-1397,18
685044.4047309504,-1320,18
730261.2533843212,-1380,18
743702.0440320403,-1418,18
743702.0440320403,-1418,18
708564.8291207424,-1350,18
726278.2272198854,-1373,18
705001.4966727878,-1342,18
691442.9163147332,-1326,18
711346.0496933017,-1355,18
733182.0575305934,-1390,18
690626.9588479194,-1325,18
692501.163396445,-1328,18
710328.8020861587,-1354,18
715632.0992367921,-1361,18
710156.771631838,-1353,18
694550.0247875147,-1332,18
742899.7158706367,-1412,18
710156.771631838,-1353,18
692438.5076260336,-1327,18
685367.9161920168,-1321,18
710156.771631838,-1353,18
748418.2667689361,-1425,18
695138.8715354332,-1333,18
737114.8430846453,-1397,18
730863.8362070422,-1381,18
707940.1949376911,-1349,18
715221.1575493366,-1358,18
744757.8676579347,-1420,18
705001.4966727878,-1342,18
706493.7888385613,-1345,18
740604.7464156226,-1409,18
718891.4793281932,-1365,18
737114.8430846453,-1397,18
751489.4298122412,-1449,18
697206.0009124764,-1339,18
696951.5627587398,-1338,18
731522.433294263,-1382,18
693967.235562047,-1331,18
751489.4298122412,-1449,18
697605.2492589001,-1340,18
692945.0190922896,-1329,18
751489.4298122412,-1449,18
749284.4985913074,-1431,18
710328.8020861587,-1354,18
742899.7158706367,-1412,18
721767.362245365,-1369,18
752434.2743690842,-1450,18
751382.35091533,-1444,18
706953.3153122858,-1347,18
720015.829936441,-1367,18
742899.7158706367,-1412,18
745964.1765929566,-1422,18
695868.2857405249,-1335,18
743394.2897174038,-1414,18
739466.2372207338,-1406,18
748895.1772720787,-1426,18
751489.4298122412,-1449,18
705001.4966727878,-1342,18
709957.1217735623,-1352,18
685367.9161920168,-1321,18
726278.2272198854,-1373,18
736120.3052077816,-1396,18
706493.7888385613,-1345,18
711912.1813206865,-1356,18
743702.0440320403,-1418,18
737721.2038097647,-1401,18
706493.7888385613,-1345,18
693967.235562047,-1331,18
750347.5182730277,-1442,18
693288.9066212694,-1330,18
696541.4056560337,-1336,18
741601.2883969315,-1411,18
737809.2953282244,-1403,18
738090.467490847,-1404,18
751489.4298122412,-1449,18
705566.0339776055,-1343,18
733159.8907403788,-1385,18
685367.9161920168,-1321,18
737114.8430846453,-1397,18
730863.8362070422,-1381,18
685367.9161920168,-1321,18
725942.3310953913,-1372,18
732396.6700000047,-1383,18
743702.0440320403,-1418,18
751489.4298122412,-1449,18
744533.962599058,-1419,18
743702.0440320403,-1418,18
697206.0009124764,-1339,18
685367.9161920168,-1321,18
740368.3292087959,-1408,18
714664.1936188305,-1361,19
711067.1979211752,-1355,19
730284.4011577094,-1399,19
714664.1936188305,-1361,19
726785.9688633933,-1385,19
738952.0220709549,-1417,19
695506.1478547882,-1339,19
729965.1587969637,-1398,19
727557.6538016385,-1393,19
717092.8186865367,-1363,19
687221.4881684046,-1331,19
727557.6538016385,-1393,19
687649.3308993891,-1332,19
680850.7397952997,-1325,19
690997.094790635,-1335,19
738952.0220709549,-1417,19
696669.5463853348,-1341,19
705113.9512385124,-1348,19
738952.0220709549,-1417,19
690997.094790635,-1335,19
680850.7397952997,-1325,19
730284.4011577094,-1399,19
730284.4011577094,-1399,19
714664.1936188305,-1361,19
735409.0279345752,-1409,19
696172.987224328,-1340,19
700926.9186108949,-1346,19
738952.0220709549,-1417,19
736740.2164175177,-1411,19
729518.5818918701,-1397,19
735019.6154352034,-1406,19
690997.094790635,-1335,19
729045.4907736444,-1396,19
724180.1582515305,-1380,19
687221.4881684046,-1331,19
696992.5375119012,-1342,19
736740.2164175177,-1411,19
714664.1936188305,-1361,19
709955.2593105735,-1353,19
734075.805179551,-1405,19
723208.2261736908,-1378,19
714664.1936188305,-1361,19
714664.1936188305,-1361,19
680850.7397952997,-1325,19
699777.4574915727,-1343,19
727557.6538016385,-1393,19
730284.4011577094,-1399,19
717092.8186865367,-1363,19
737356.8011566285,-1412,19
714664.1936188305,-1361,19
737356.8011566285,-1412,19
712036.3981845627,-1356,19
738708.3644120527,-1416,19
690327.7302365188,-1334,19
726785.9688633933,-1385,19
737356.8011566285,-1412,19
707003.8238043316,-1350,19
736740.2164175177,-1411,19
732406.142232843,-1400,19
736740.2164175177,-1411,19
727476.914753272,-1386,19
714664.1936188305,-1361,19
730284.4011577094,-1399,19
733975.8175572798,-1404,19
722640.6664153961,-1376,19
687221.4881684046,-1331,19
705090.9233968686,-1347,19
735905.810037354,-1410,19
711015.8371660789,-1354,19
717092.8186865367,-1363,19
690997.094790635,-1335,19
709652.7619124276,-1352,19
723009.0880679815,-1377,19
729045.4907736444,-1396,19
726785.9688633933,-1385,19
707453.3144785969,-1351,19
713558.5703477582,-1359,19
722310.6316017058,-1373,19
728252.4144613739,-1394,19
716136.0713656306,-1362,19
690276.3496708658,-1333,19
692250.8506263804,-1336,19
738140.9749117211,-1415,19
695437.9101080949,-1338,19
721572.3408375641,-1370,19
728827.2678292713,-1395,19
705113.9512385124,-1348,19
724623.047793583,-1381,19
740407.9699436859,-1419,19
725235.068621686,-1382,19
738123.9315293677,-1413,19
695437.9101080949,-1338,19
721123.5222770914,-1369,19
712036.3981845627,-1356,19
719362.508052461,-1366,19
724139.8188592808,-1379,19
717092.8186865367,-1363,19
718871.4772171846,-1365,19
686407.3822495264,-1329,19
730284.4011577094,-1399,19
738952.0220709549,-1417,19
721576.5542150903,-1372,19
686900.8039216802,-1330,19
722310.6316017058,-1373,19
696172.987224328,-1340,19
728252.4144613739,-1394,19
706105.0065378826,-1349,19
733493.9736690156,-1402,19
735409.0279345752,-1409,19
714664.1936188305,-1361,19
695012.489670351,-1337,19
714664.1936188305,-1361,19
685131.5458266587,-1327,19
730284.4011577094,-1399,19
728827.2678292713,-1395,19
722310.6316017058,-1373,19
680850.7397952997,-1325,19
713044.5995690641,-1358,19
732844.7211057277,-1401,19
740403.1574862655,-1418,19
680673.5623248992,-1324,19
695437.9101080949,-1338,19
718032.6320744255,-1364,19
685507.0897576971,-1328,19
685131.5458266587,-1327,19
707453.3144785969,-1351,19
721572.3408375641,-1370,19
726684.4846173669,-1384,19
722310.6316017058,-1373,19
717092.8186865367,-1363,19
680850.7397952997,-1325,19
700679.2624149172,-1344,19
733975.8175572798,-1404,19
681792.2846095492,-1326,19
726785.9688633933,-1385,19
696967.0513482634,-1347,20
696967.0513482634,-1347,20
691802.2045497268,-1333,20
661844.647007481,-1297,20
715093.7178270891,-1379,20
698143.6008014947,-1348,20
715093.7178270891,-1379,20
653298.4393654503,-1285,20
715688.1831785738,-1380,20
719199.9114292179,-1385,20
679633.1231957545,-1316,20
704112.6675544468,-1361,20
717490.9180235335,-1382,20
696967.0513482634,-1347,20
718577.8895136751,-1384,20
715085.7884929529,-1376,20
692225.9509816124,-1334,20
705502.6577689478,-1364,20
683053.1924253597,-1320,20
679633.1231957545,-1316,20
699117.0763546425,-1349,20
696967.0513482634,-1347,20
706006.6309526687,-1365,20
702033.3221590973,-1355,20
713687.1134694301,-1374,20
702033.3221590973,-1355,20
687950.0404139523,-1329,20
671004.0317710425,-1306,20
717490.9180235335,-1382,20
691791.677899505,-1332,20
701894.5642818206,-1354,20
696553.3980448134,-1346,20
668190.9984562583,-1300,20
702033.3221590973,-1355,20
661809.3655867701,-1296,20
675948.4374174528,-1308,20
660449.3433861685,-1293,20
721703.9333353011,-1391,20
680854.3590254568,-1317,20
686734.3444160289,-1325,20
669994.8536694626,-1304,20
671395.3800050176,-1307,20
696967.0513482634,-1347,20
717977.2333058374,-1383,20
702033.3221590973,-1355,20
717490.9180235335,-1382,20
699612.8578336638,-1350,20
703002.2506590113,-1356,20
717490.9180235335,-1382,20
700996.7257584796,-1353,20
669430.7671795905,-1302,20
717977.2333058374,-1383,20
704540.9037757799,-1362,20
669616.4485246073,-1303,20
691802.2045497268,-1333,20
671395.3800050176,-1307,20
671395.3800050176,-1307,20
651567.3348320723,-1282,20
660449.3433861685,-1293,20
660449.3433861685,-1293,20
679419.0964852874,-1314,20
656994.2202713926,-1288,20
712878.1050079216,-1371,20
720818.9111674331,-1389,20
691791.677899505,-1332,20
666022.8915600176,-1298,20
705502.6577689478,-1364,20
702033.3221590973,-1355,20
660449.3433861685,-1293,20
706006.6309526687,-1365,20
660449.3433861685,-1293,20
706941.0028903574,-1366,20
660449.3433861685,-1293,20
713687.1134694301,-1374,20
714053.3326407543,-1375,20
720818.9111674331,-1389,20
704112.6675544468,-1361,20
717977.2333058374,-1383,20
659787.394566424,-1291,20
721331.10198807,-1390,20
720226.8815212458,-1386,20
682805.4008918268,-1319,20
668190.9984562583,-1300,20
684034.3606300554,-1321,20
717490.9180235335,-1382,20
687401.6110737036,-1327,20
717228.2054909711,-1381,20
653298.4393654503,-1285,20
653747.2688768415,-1286,20
670839.7400037369,-1305,20
694952.9120464218,-1338,20
687153.4284594702,-1326,20
696155.5709383977,-1344,20
658719.8844821858,-1289,20
720400.5485604731,-1388,20
671004.0317710425,-1306,20
652738.1650954385,-1283,20
713296.4814408034,-1372,20
677329.5794556494,-1310,20
717228.2054909711,-1381,20
660449.3433861685,-1293,20
683053.1924253597,-1320,20
696383.6772466036,-1345,20
678093.9057477609,-1312,20
705082.5734448581,-1363,20
661084.0144820937,-1294,20
721703.9333353011,-1391,20
704112.6675544468,-1361,20
675948.4374174528,-1308,20
712792.5512910967,-1370,20
715093.7178270891,-1379,20
717977.2333058374,-1383,20
684850.4613029278,-1322,20
685170.3604119339,-1323,20
653298.4393654503,-1285,20
653747.2688768415,-1286,20
676438.7072184128,-1309,20
699117.0763546425,-1349,20
703991.6570666496,-1360,20
659987.4289029653,-1292,20
693514.6294085203,-1335,20
712878.1050079216,-1371,20
655075.8460300071,-1287,20
678093.9057477609,-1312,20
713296.4814408034,-1372,20
660449.3433861685,-1293,20
660449.3433861685,-1293,20
708300.4406675752,-1369,20
720400.5485604731,-1388,20
671004.0317710425,-1306,20
702033.3221590973,-1355,20
694432.8924975267,-1336,20
667464.7933917808,-1299,20
681504.0957798542,-1318,20
691620.9162133391,-1330,20
695358.8092584081,-1339,20
679210.1934555281,-1313,20
704112.6675544468,-1361,20
712487.2657598258,-1371,21
721966.8409686553,-1388,21
711957.7310611225,-1370,21
688219.2007061609,-1339,21
716820.6769322689,-1377,21
739393.8085646773,-1424,21
706707.7393746029,-1362,21
723492.1548390698,-1390,21
707308.7333809761,-1363,21
711656.8777255142,-1369,21
711656.8777255142,-1369,21
719887.6841620785,-1383,21
738326.5761498191,-1422,21
677354.7142192518,-1329,21
678887.7461776659,-1330,21
688219.2007061609,-1339,21
728162.3575160825,-1398,21
723413.0466226542,-1389,21
688219.2007061609,-1339,21
697571.6124191573,-1348,21
677354.7142192518,-1329,21
711132.7309043717,-1367,21
705990.9030049978,-1360,21
694273.769530379,-1343,21
688219.2007061609,-1339,21
677354.7142192518,-1329,21
694273.769530379,-1343,21
728162.3575160825,-1398,21
686328.8774548065,-1336,21
702310.6925795927,-1357,21
689002.9875877758,-1340,21
733088.6173390856,-1409,21
675499.0944004986,-1326,21
720753.8598102102,-1384,21
695743.630017547,-1346,21
711132.7309043717,-1367,21
711656.8777255142,-1369,21
721966.8409686553,-1388,21
739393.8085646773,-1424,21
728787.2217075035,-1399,21
711132.7309043717,-1367,21
677354.7142192518,-1329,21
694273.769530379,-1343,21
728787.2217075035,-1399,21
719887.6841620785,-1383,21
714763.9223659544,-1373,21
675499.0944004986,-1326,21
699455.9611430654,-1352,21
706412.1863378955,-1361,21
723492.1548390698,-1390,21
719887.6841620785,-1383,21
698524.7328269788,-1350,21
721400.1044916487,-1385,21
694273.769530379,-1343,21
687854.3149584329,-1338,21
675499.0944004986,-1326,21
711656.8777255142,-1369,21
720753.8598102102,-1384,21
697571.6124191573,-1348,21
729146.0087146774,-1400,21
677354.7142192518,-1329,21
699455.9611430654,-1352,21
699455.9611430654,-1352,21
711132.7309043717,-1367,21
737144.2937876158,-1418,21
698524.7328269788,-1350,21
713397.0599218862,-1372,21
724989.4395689863,-1394,21
677289.7908940923,-1328,21
724754.6183709679,-1392,21
716499.9552010454,-1375,21
702310.6925795927,-1357,21
680465.8317151767,-1334,21
705990.9030049978,-1360,21
715910.644294023,-1374,21
679152.3282527633,-1332,21
734683.4539825482,-1411,21
716743.5935396404,-1376,21
716820.6769322689,-1377,21
711656.8777255142,-1369,21
688219.2007061609,-1339,21
697571.6124191573,-1348,21
710795.8103829869,-1366,21
697974.7668728444,-1349,21
718153.8750589454,-1378,21
728162.3575160825,-1398,21
697205.4088138123,-1347,21
694273.769530379,-1343,21
719112.9549309369,-1381,21
675499.0944004986,-1326,21
718669.7407336485,-1380,21
680091.8366313325,-1333,21
720753.8598102102,-1384,21
701583.9626199887,-1356,21
711656.8777255142,-1369,21
727617.0153342823,-1397,21
700409.9898861499,-1354,21
721966.8409686553,-1388,21
719830.8311408592,-1382,21
695732.8332015736,-1344,21
695732.8332015736,-1344,21
711132.7309043717,-1367,21
711336.3986339781,-1368,21
733893.1142769803,-1410,21
735368.1751228924,-1412,21
693223.58247433,-1341,21
700409.9898861499,-1354,21
703156.4534633965,-1358,21
726969.1247798649,-1395,21
688219.2007061609,-1339,21
676881.4884785352,-1327,21
723492.1548390698,-1390,21
728787.2217075035,-1399,21
685813.1320027998,-1335,21
693760.5703161252,-1342,21
686328.8774548065,-1336,21
688219.2007061609,-1339,21
737420.5476959818,-1421,21
677354.7142192518,-1329,21
701222.1213242423,-1355,21
699960.2550113301,-1353,21
737420.5476959818,-1421,21
677354.7142192518,-1329,21
716820.6769322689,-1377,21
687854.3149584329,-1338,21
705990.9030049978,-1360,21
707883.2950290715,-1364,21
736940.6229051355,-1414,21
694273.769530379,-1343,21
737144.2937876158,-1418,21
699070.7115234237,-1351,21
732795.3963620835,-1407,21
688219.2007061609,-1339,21
719112.9549309369,-1381,21
736219.6446922304,-1413,21
677354.7142192518,-1329,21
736940.6229051355,-1414,21
688219.2007061609,-1339,21
694273.769530379,-1343,21
728787.2217075035,-1399,21
721616.769385919,-1386,21
705990.9030049978,-1360,21
705990.9030049978,-1360,21
739041.0898393193,-1423,21
719887.6841620785,-1383,21
724414.3403613303,-1391,21
710578.0929189924,-1365,21
719830.8311408592,-1382,21
712928.9811624595,-1381,22
736818.1536073798,-1441,22
736818.1536073798,-1441,22
733796.5084849799,-1436,22
690944.965387091,-1349,22
737427.4195574477,-1442,22
696204.9731592318,-1356,22
712928.9811624595,-1381,22
680366.0440159072,-1337,22
736293.0182009139,-1439,22
736818.1536073798,-1441,22
681934.4728164992,-1338,22
685964.1216620688,-1344,22
712928.9811624595,-1381,22
711084.2822570938,-1376,22
690557.7580128814,-1348,22
712928.9811624595,-1381,22
701450.0133242941,-1361,22
717653.0520189177,-1388,22
722990.8768162058,-1398,22
711609.0172161512,-1377,22
736571.5322258896,-1440,22
736818.1536073798,-1441,22
684994.8537826623,-1342,22
712928.9811624595,-1381,22
715460.6947662295,-1385,22
691751.2556858357,-1350,22
717653.0520189177,-1388,22
736818.1536073798,-1441,22
725119.6074291761,-1401,22
712760.996401857,-1380,22
706655.6984915903,-1370,22
703143.1285499812,-1364,22
708685.2908287381,-1372,22
722990.8768162058,-1398,22
712928.9811624595,-1381,22
685714.4502227542,-1343,22
709435.0511885012,-1373,22
702460.912613652,-1363,22
712928.9811624595,-1381,22
736818.1536073798,-1441,22
736818.1536073798,-1441,22
736818.1536073798,-1441,22
738090.4705416479,-1443,22
721013.2750465937,-1394,22
736818.1536073798,-1441,22
722103.0835984033,-1396,22
736293.0182009139,-1439,22
725119.6074291761,-1401,22
736818.1536073798,-1441,22
717013.8303040938,-1387,22
703899.0740005736,-1366,22
687463.9389637313,-1345,22
726117.182562933,-1402,22
736818.1536073798,-1441,22
736818.1536073798,-1441,22
684097.801621729,-1341,22
721809.9793637559,-1395,22
703143.1285499812,-1364,22
712928.9811624595,-1381,22
727787.3944810583,-1406,22
731030.0289992874,-1413,22
711084.2822570938,-1376,22
715460.6947662295,-1385,22
730240.6491550404,-1410,22
712928.9811624595,-1381,22
685964.1216620688,-1344,22
733360.6586839373,-1417,22
683264.9155299632,-1340,22
722877.20362804,-1397,22
712928.9811624595,-1381,22
717013.8303040938,-1387,22
733750.4927039652,-1418,22
721809.9793637559,-1395,22
721809.9793637559,-1395,22
680031.4580448895,-1335,22
693268.0850019089,-1351,22
736117.568631938,-1438,22
732510.5404177723,-1415,22
728837.6740691483,-1407,22
712928.9811624595,-1381,22
716684.4074165361,-1386,22
696147.3156670117,-1355,22
712928.9811624595,-1381,22
732510.5404177723,-1415,22
717653.0520189177,-1388,22
713833.6815234381,-1382,22
712928.9811624595,-1381,22
726713.8984058219,-1403,22
720789.1151797511,-1393,22
721809.9793637559,-1395,22
732510.5404177723,-1415,22
724020.0054564066,-1399,22
701196.7390912322,-1360,22
703899.0740005736,-1366,22
730213.6823288972,-1409,22
693268.0850019089,-1351,22
708685.2908287381,-1372,22
727620.2766915935,-1405,22
731030.0289992874,-1413,22
736571.5322258896,-1440,22
682843.6789209698,-1339,22
711609.0172161512,-1377,22
718082.5736760822,-1390,22
729296.2127177324,-1408,22
730801.2997489084,-1412,22
712928.9811624595,-1381,22
712760.996401857,-1380,22
712241.9966276119,-1378,22
712928.9811624595,-1381,22
714796.2723627674,-1383,22
712605.9961303704,-1379,22
710508.8682206733,-1374,22
696795.0405531222,-1357,22
681934.4728164992,-1338,22
727452.5894065158,-1404,22
679310.8567108073,-1334,22
738090.4705416479,-1443,22
701664.0486373369,-1362,22
712928.9811624595,-1381,22
736818.1536073798,-1441,22
712928.9811624595,-1381,22
715069.5445298749,-1384,22
720335.0377354984,-1392,22
701196.7390912322,-1360,22
712928.9811624595,-1381,22
708073.1577287978,-1371,22
732932.4774706252,-1416,22
731170.6354724126,-1414,22
717653.0520189177,-1388,22
721809.9793637559,-1395,22
695112.1765801145,-1353,22
724510.9143222919,-1400,22
719940.4327866369,-1391,22
712241.9966276119,-1378,22
693268.0850019089,-1351,22
710862.3301726574,-1375,22
731170.6354724126,-1414,22
730568.680963617,-1411,22
738348.8437236742,-1444,22
712928.9811624595,-1381,22
694687.4035711024,-1352,22
685964.1216620688,-1344,22
730498.6657694435,-1402,23
720430.9050829099,-1385,23
728664.3542426244,-1398,23
717044.1369047693,-1381,23
703920.3289168174,-1360,23
717044.1369047693,-1381,23
739024.1982528943,-1419,23
722743.7701011094,-1389,23
730268.1728293605,-1401,23
717044.1369047693,-1381,23
716844.9451106812,-1380,23
702271.0687889723,-1355,23
685040.8347378187,-1336,23
722743.7701011094,-1389,23
696805.4802313342,-1351,23
700955.9363818665,-1353,23
729793.8535831622,-1399,23
721925.3300841387,-1387,23
730268.1728293605,-1401,23
700583.544619794,-1352,23
722743.7701011094,-1389,23
744372.8834070241,-1429,23
709715.3453007131,-1365,23
733826.7455441544,-1409,23
730268.1728293605,-1401,23
707835.6674992358,-1363,23
711864.090258408,-1368,23
685040.8347378187,-1336,23
702271.0687889723,-1355,23
732989.9030068981,-1408,23
744372.8834070241,-1429,23
695505.0903363678,-1347,23
731324.7058636826,-1406,23
732989.9030068981,-1408,23
713104.4654101176,-1369,23
715038.4079791065,-1376,23
743429.3281863555,-1428,23
722573.5549778361,-1388,23
702271.0687889723,-1355,23
690777.5765366912,-1342,23
723502.2267323063,-1390,23
734628.5321389114,-1410,23
707835.6674992358,-1363,23
732925.160397346,-1407,23
682489.7971131128,-1333,23
722743.7701011094,-1389,23
694740.1375087459,-1346,23
745498.7376611355,-1434,23
730268.1728293605,-1401,23
690400.3852617352,-1341,23
717044.1369047693,-1381,23
685304.8664949121,-1337,23
721121.8622670985,-1386,23
745310.0956191821,-1431,23
714833.3958056424,-1375,23
735682.2443506408,-1414,23
717044.1369047693,-1381,23
721121.8622670985,-1386,23
715111.1973198,-1377,23
745258.2762049647,-1430,23
707671.8875999802,-1362,23
696805.4802313342,-1351,23
728664.3542426244,-1398,23
690400.3852617352,-1341,23
713381.0434268349,-1373,23
717044.1369047693,-1381,23
693816.9701149376,-1345,23
707167.3869674618,-1361,23
690400.3852617352,-1341,23
722743.7701011094,-1389,23
735559.5787895593,-1412,23
693816.9701149376,-1345,23
714264.1373894339,-1374,23
722743.7701011094,-1389,23
690400.3852617352,-1341,23
722743.7701011094,-1389,23
695711.595350418,-1349,23
730087.0976821012,-1400,23
689960.4453747598,-1340,23
728346.8053620977,-1396,23
696768.7760178314,-1350,23
715038.4079791065,-1376,23
717044.1369047693,-1381,23
729793.8535831622,-1399,23
722743.7701011094,-1389,23
717044.1369047693,-1381,23
744372.8834070241,-1429,23
708578.2732255354,-1364,23
693038.7735186821,-1343,23
738784.8509282137,-1417,23
703422.4153437513,-1358,23
738409.849018354,-1416,23
710360.6012234737,-1366,23
727749.926579744,-1392,23
711274.7391939913,-1367,23
731033.9384928235,-1403,23
681836.2025998903,-1332,23
728664.3542426244,-1398,23
689689.2138386861,-1339,23
700583.544619794,-1352,23
718462.5878519798,-1382,23
702222.4386583657,-1354,23
746007.9444856032,-1435,23
719133.5902268942,-1383,23
743114.1194019123,-1427,23
693480.4638649449,-1344,23
720266.3350602316,-1384,23
707835.6674992358,-1363,23
728346.8053620977,-1396,23
683617.561754333,-1334,23
744372.8834070241,-1429,23
742952.2457751951,-1426,23
715038.4079791065,-1376,23
738784.8509282137,-1417,23
695505.0903363678,-1347,23
723502.2267323063,-1390,23
684376.7541480191,-1335,23
714264.1373894339,-1374,23
711864.090258408,-1368,23
716146.2961078985,-1378,23
730268.1728293605,-1401,23
717044.1369047693,-1381,23
740508.8895704164,-1420,23
690400.3852617352,-1341,23
728664.3542426244,-1398,23
722743.7701011094,-1389,23
703565.4176910998,-1359,23
728664.3542426244,-1398,23
690400.3852617352,-1341,23
715038.4079791065,-1376,23
714833.3958056424,-1375,23
685040.8347378187,-1336,23
689491.8163757388,-1338,23
724613.1263614325,-1391,23
728310.7140037533,-1422,24
711985.8992774447,-1397,24
693959.1641690853,-1369,24
705408.8087198082,-1389,24
731301.9035670578,-1428,24
718889.4516059362,-1404,24
693959.1641690853,-1369,24
706729.2180383168,-1391,24
727717.764186117,-1420,24
741554.7688905778,-1445,24
734879.188367101,-1435,24
730449.6277775645,-1426,24
707301.2718475888,-1392,24
693959.1641690853,-1369,24
693959.1641690853,-1369,24
693959.1641690853,-1369,24
744013.4330578556,-1456,24
737331.3151859299,-1440,24
734879.188367101,-1435,24
718889.4516059362,-1404,24
737331.3151859299,-1440,24
714376.9847357726,-1399,24
748563.7231312485,-1475,24
748563.7231312485,-1475,24
704438.128227193,-1386,24
739278.8637799635,-1442,24
737331.3151859299,-1440,24
729931.5399770736,-1425,24
695993.1555553178,-1372,24
737331.3151859299,-1440,24
708692.4365520065,-1393,24
747752.3396569692,-1472,24
693959.1641690853,-1369,24
729931.5399770736,-1425,24
721498.6204118145,-1408,24
693959.1641690853,-1369,24
741554.7688905778,-1445,24
732494.4984867001,-1430,24
746191.507741739,-1468,24
729931.5399770736,-1425,24
748563.7231312485,-1475,24
743246.3861274362,-1455,24
693959.1641690853,-1369,24
693959.1641690853,-1369,24
746191.507741739,-1468,24
731301.9035670578,-1428,24
740134.6221589729,-1443,24
726581.2041276125,-1416,24
744013.4330578556,-1456,24
729931.5399770736,-1425,24
694826.3133645747,-1370,24
722745.078189428,-1410,24
693959.1641690853,-1369,24
735694.6165085386,-1436,24
722930.9552924348,-1411,24
693959.1641690853,-1369,24
726581.2041276125,-1416,24
747647.8780339853,-1471,24
741554.7688905778,-1445,24
720270.1006038496,-1405,24
742800.1795906204,-1454,24
715452.7623242224,-1400,24
722328.3591609636,-1409,24
696879.4855052034,-1373,24
701778.216468492,-1380,24
700315.5894185059,-1377,24
732494.4984867001,-1430,24
693959.1641690853,-1369,24
692898.7222115608,-1366,24
728982.8951408231,-1423,24
720270.1006038496,-1405,24
733155.9304138982,-1431,24
722930.9552924348,-1411,24
746191.507741739,-1468,24
693959.1641690853,-1369,24
746803.3733062397,-1469,24
710355.7244498892,-1394,24
739269.698106816,-1441,24
702392.7115689315,-1382,24
741969.8842243997,-1446,24
713834.9199666928,-1398,24
729931.5399770736,-1425,24
693959.1641690853,-1369,24
693959.1641690853,-1369,24
733724.5690164533,-1432,24
747449.1097985276,-1470,24
692898.7222115608,-1366,24
729931.5399770736,-1425,24
714376.9847357726,-1399,24
720916.58775275,-1406,24
748462.9846553939,-1473,24
718889.4516059362,-1404,24
718889.4516059362,-1404,24
726395.380064264,-1415,24
705146.6840205244,-1387,24
701703.4956019089,-1378,24
703994.4427049564,-1385,24
741554.7688905778,-1445,24
734769.0534202997,-1434,24
714376.9847357726,-1399,24
726581.2041276125,-1416,24
711713.7460425306,-1396,24
700315.5894185059,-1377,24
732389.1753616242,-1429,24
740134.6221589729,-1443,24
711985.8992774447,-1397,24
734482.627355269,-1433,24
693501.7119890364,-1367,24
714376.9847357726,-1399,24
747449.1097985276,-1470,24
710355.7244498892,-1394,24
695723.757581071,-1371,24
745208.5361572392,-1467,24
726581.2041276125,-1416,24
703979.0120880688,-1384,24
725279.854682448,-1413,24
715452.7623242224,-1400,24
742800.1795906204,-1454,24
737137.2396689027,-1439,24
729931.5399770736,-1425,24
711133.5421993795,-1395,24
693959.1641690853,-1369,24
744813.6603630957,-1457,24
692552.240636621,-1365,24
726074.7225910476,-1414,24
693958.1992990081,-1368,24
740951.6231736852,-1444,24
731069.0395940971,-1427,24
727200.5265462025,-1417,24
693959.1641690853,-1369,24
729719.3091857213,-1424,24
724508.619893971,-1412,24
746191.507741739,-1468,24
691975.8684815562,-1364,24
718826.5175280141,-1402,24
731069.0395940971,-1427,24
749075.696730729,-1476,24
734879.188367101,-1435,24
699987.7383877067,-1375,24
742526.7174725025,-1447,24
744813.6603630957,-1457,24
722328.3591609636,-1409,24
715452.7623242224,-1400,24
696879.4855052034,-1373,24
748563.7231312485,-1475,24
748462.9846553939,-1473,24
714376.9847357726,-1399,24
693959.1641690853,-1369,24
736923.603317231,-1437,24
701778.216468492,-1380,24
733724.5690164533,-1432,24
714376.9847357726,-1399,24
693959.1641690853,-1369,24
643459.0072652986,-1286,25
692212.2139822845,-1374,25
643459.0072652986,-1286,25
695259.3523443113,-1378,25
674388.2213170759,-1335,25
645311.4389305996,-1289,25
652701.3362087006,-1300,25
681955.2253763372,-1351,25
699761.3130069799,-1390,25
643459.0072652986,-1286,25
650336.2812987736,-1296,25
678645.8933122233,-1343,25
643459.0072652986,-1286,25
650336.2812987736,-1296,25
643459.0072652986,-1286,25
671033.2827007278,-1326,25
661890.9633721617,-1308,25
681768.7348199744,-1350,25
657755.4037450252,-1304,25
673211.2141289172,-1334,25
690480.8673044641,-1368,25
685763.098768356,-1362,25
694210.7158918609,-1376,25
680344.0732208502,-1347,25
663391.688867738,-1311,25
643459.0072652986,-1286,25
700549.2969680071,-1391,25
643459.0072652986,-1286,25
643459.0072652986,-1286,25
690661.5749639269,-1369,25
691850.6447288939,-1371,25
688572.8163152464,-1364,25
699603.4519702533,-1389,25
699603.4519702533,-1389,25
694210.7158918609,-1376,25
662388.9188858675,-1309,25
694274.8926628362,-1377,25
678645.8933122233,-1343,25
643459.0072652986,-1286,25
668379.3956841027,-1321,25
681556.6017535025,-1349,25
678645.8933122233,-1343,25
667181.7815950725,-1318,25
648977.9456390435,-1293,25
695259.3523443113,-1378,25
651022.8796555817,-1297,25
676662.226922486,-1339,25
678201.4696971677,-1342,25
700549.2969680071,-1391,25
681556.6017535025,-1349,25
689992.0596191365,-1367,25
665730.3251788381,-1315,25
677773.7193885902,-1341,25
678645.8933122233,-1343,25
661890.9633721617,-1308,25
667181.7815950725,-1318,25
649202.1226125687,-1294,25
643459.0072652986,-1286,25
692212.2139822845,-1374,25
673046.0831990561,-1332,25
702044.761920491,-1393,25
647917.0951797456,-1292,25
691850.6447288939,-1371,25
644458.9170375869,-1287,25
692212.2139822845,-1374,25
663357.1223197663,-1310,25
694210.7158918609,-1376,25
644458.9170375869,-1287,25
690661.5749639269,-1369,25
671977.5828810876,-1328,25
674927.3018289683,-1336,25
649202.1226125687,-1294,25
695767.8060027428,-1379,25
672459.1876922537,-1329,25
677206.5648792046,-1340,25
699603.4519702533,-1389,25
658135.8001407041,-1305,25
670402.7144655392,-1325,25
661026.3143504089,-1307,25
684588.668188666,-1352,25
669633.4853486652,-1324,25
646961.5215952513,-1290,25
660838.4486265291,-1306,25
650336.2812987736,-1296,25
702195.9958314752,-1394,25
691850.6447288939,-1371,25
643459.0072652986,-1286,25
686055.5093330797,-1363,25
686055.5093330797,-1363,25
643459.0072652986,-1286,25
690661.5749639269,-1369,25
688572.8163152464,-1364,25
678645.8933122233,-1343,25
641591.4688469794,-1282,25
698216.8770376869,-1387,25
669225.2403045427,-1322,25
679559.9643779006,-1344,25
642328.143781852,-1284,25
671977.5828810876,-1328,25
666599.894645948,-1317,25
663943.1943567132,-1312,25
652701.3362087006,-1300,25
694090.8484406603,-1375,25
668379.3956841027,-1321,25
699168.0383883347,-1388,25
700549.2969680071,-1391,25
643459.0072652986,-1286,25
653559.7493602417,-1301,25
678645.8933122233,-1343,25
643397.931725855,-1285,25
644458.9170375869,-1287,25
643397.931725855,-1285,25
671326.0663307608,-1327,25
691850.6447288939,-1371,25
641068.0494021829,-1280,25
652701.3362087006,-1300,25
677206.5648792046,-1340,25
685279.9411414915,-1353,25
665377.213074231,-1314,25
649842.7677142392,-1295,25
696453.824284203,-1380,25
666140.3949537389,-1316,25
645311.4389305996,-1289,25
671033.2827007278,-1326,25
641575.8161992569,-1281,25
688880.0018267678,-1365,25
643459.0072652986,-1286,25
689739.6775276881,-1366,25
689992.0596191365,-1367,25
666599.894645948,-1317,25
674997.5775523065,-1337,25
670402.7144655392,-1325,25
691568.8796141205,-1370,25
697569.6582059031,-1381,25
646961.5215952513,-1290,25
701218.4039964926,-1392,25
699603.4519702533,-1389,25
670402.7144655392,-1325,25
667445.9752317243,-1319,25
671977.5828810876,-1328,25
643459.0072652986,-1286,25
680092.7347596037,-1346,25
643459.0072652986,-1286,25
698216.8770376869,-1387,25
681768.7348199744,-1350,25
675355.8512645899,-1338,25
697569.6582059031,-1381,25
651940.8587550477,-1298,25
656715.984935542,-1302,25
667965.9692541675,-1320,25
697569.6582059031,-1381,25
738392.3780963884,-1430,26
708028.2416528072,-1378,26
719297.9946307177,-1394,26
751962.923487484,-1460,26
701336.410767146,-1368,26
728140.5796799165,-1408,26
745382.9762499301,-1446,26
728936.0442521167,-1409,26
747129.0458115052,-1450,26
688456.2400728045,-1358,26
686107.5102833362,-1353,26
745377.7296009298,-1445,26
753205.6861439607,-1464,26
728140.5796799165,-1408,26
686525.0183749069,-1354,26
721884.8165618542,-1396,26
750670.3940560292,-1458,26
710757.2147686328,-1380,26
730587.8197242051,-1413,26
719085.4897907646,-1389,26
728140.5796799165,-1408,26
686525.0183749069,-1354,26
732491.4094324762,-1420,26
746481.5070618471,-1448,26
688456.2400728045,-1358,26
745595.2127225484,-1447,26
739331.3111035238,-1433,26
717076.7865539805,-1386,26
748710.1013946349,-1452,26
744910.1495828268,-1443,26
753749.471034818,-1466,26
729839.4546506244,-1410,26
748710.1013946349,-1452,26
750892.3399962946,-1459,26
734806.5313113633,-1423,26
747775.2312646068,-1451,26
703215.3665644147,-1372,26
731577.4516295871,-1414,26
719085.4897907646,-1389,26
746764.3545291785,-1449,26
720788.5703129509,-1395,26
739331.3111035238,-1433,26
747129.0458115052,-1450,26
687522.7701563371,-1355,26
753749.471034818,-1466,26
688062.331563544,-1357,26
753525.4005552683,-1465,26
725868.6853274318,-1403,26
728140.5796799165,-1408,26
699242.3945733049,-1364,26
752618.0557538888,-1462,26
699242.3945733049,-1364,26
732491.4094324762,-1420,26
707941.5239510335,-1376,26
716655.8642021624,-1385,26
713384.4508266014,-1383,26
705551.7550876477,-1373,26
725916.3457563014,-1404,26
687522.7701563371,-1355,26
753205.6861439607,-1464,26
701219.4737206481,-1367,26
688456.2400728045,-1358,26
752618.0557538888,-1462,26
744910.1495828268,-1443,26
688456.2400728045,-1358,26
705877.7325042936,-1374,26
732491.4094324762,-1420,26
750610.3893530491,-1457,26
744487.1376382179,-1442,26
739073.3646315627,-1432,26
755011.8039265281,-1467,26
744910.1495828268,-1443,26
743430.144949817,-1440,26
710135.4476792779,-1379,26
688062.331563544,-1357,26
745595.2127225484,-1447,26
723111.7600971219,-1397,26
753205.6861439607,-1464,26
736305.0617414257,-1424,26
742201.9960568676,-1437,26
717076.7865539805,-1386,26
711491.3776801788,-1381,26
749649.6979174564,-1453,26
727441.4908955769,-1406,26
739059.6917117938,-1431,26
742883.0922438889,-1438,26
728936.0442521167,-1409,26
752618.0557538888,-1462,26
750670.3940560292,-1458,26
731855.8923179079,-1419,26
753749.471034818,-1466,26
742201.9960568676,-1437,26
723813.0133513235,-1400,26
705877.7325042936,-1374,26
701412.4976376538,-1369,26
736305.0617414257,-1424,26
701412.4976376538,-1369,26
753205.6861439607,-1464,26
707505.1864475178,-1375,26
753205.6861439607,-1464,26
727023.6204575556,-1405,26
730587.8197242051,-1413,26
688456.2400728045,-1358,26
748710.1013946349,-1452,26
731755.7674021956,-1418,26
740228.7019017156,-1434,26
701219.4737206481,-1367,26
698944.8929259782,-1363,26
741177.9626077226,-1435,26
736305.0617414257,-1424,26
749974.209815625,-1455,26
686107.5102833362,-1353,26
717978.0769494331,-1387,26
716655.8642021624,-1385,26
750577.7005354709,-1456,26
686525.0183749069,-1354,26
699242.3945733049,-1364,26
716212.6978444498,-1384,26
737883.0483927632,-1429,26
688062.331563544,-1357,26
739331.3111035238,-1433,26
738392.3780963884,-1430,26
728936.0442521167,-1409,26
753205.6861439607,-1464,26
705551.7550876477,-1373,26
712712.5423848165,-1382,26
737241.0367397482,-1426,26
698944.8929259782,-1363,26
738392.3780963884,-1430,26
743187.0557068902,-1439,26
699951.0492475427,-1365,26
689810.8120435552,-1360,26
688456.2400728045,-1358,26
701219.4737206481,-1367,26
752618.0557538888,-1462,26
745377.7296009298,-1445,26
698944.8929259782,-1363,26
690290.9551989737,-1361,26
744910.1495828268,-1443,26
724463.1744732478,-1401,26
748710.1013946349,-1452,26
745595.2127225484,-1447,26
719085.4897907646,-1389,26
745064.3499323258,-1444,26
712712.5423848165,-1382,26
686107.5102833362,-1353,26
686525.0183749069,-1354,26
699242.3945733049,-1364,26
738392.3780963884,-1430,26
687522.7701563371,-1355,26
737845.0099167916,-1427,26
747129.0458115052,-1450,26
705877.7325042936,-1374,26
710757.2147686328,-1380,26
686525.0183749069,-1354,26
740228.7019017156,-1434,26
727971.1781117482,-1407,26
698779.4844066328,-1362,26
712712.5423848165,-1382,26
744024.5732866189,-1441,26
686054.637176414,-1351,26
696555.4722644101,-1368,27
696420.3604641986,-1367,27
721326.8098807943,-1422,27
685349.8668779497,-1358,27
689960.1369328136,-1359,27
695242.1455913644,-1364,27
731014.0734539148,-1445,27
670046.6433252413,-1339,27
715880.4078571087,-1408,27
733316.369330469,-1452,27
728171.5378138928,-1441,27
715880.4078571087,-1408,27
717474.2182541814,-1410,27
728171.5378138928,-1441,27
718166.2506139,-1411,27
685219.0506220127,-1357,27
728171.5378138928,-1441,27
728171.5378138928,-1441,27
708051.7468795497,-1389,27
685349.8668779497,-1358,27
712306.8371643043,-1401,27
715880.4078571087,-1408,27
729112.8959802992,-1442,27
678090.7722807874,-1345,27
697556.5179862838,-1372,27
727471.3153519686,-1436,27
727752.1289649492,-1439,27
670925.6353491916,-1341,27
697556.5179862838,-1372,27
715880.4078571087,-1408,27
712306.8371643043,-1401,27
685349.8668779497,-1358,27
670493.7624294158,-1340,27
679086.4612565289,-1347,27
715534.853907284,-1405,27
699440.3708583104,-1375,27
699440.3708583104,-1375,27
684440.7680933471,-1355,27
715880.4078571087,-1408,27
705144.5039111031,-1384,27
670046.6433252413,-1339,27
715824.2669164613,-1406,27
730633.6799016364,-1444,27
728171.5378138928,-1441,27
679974.5174905125,-1349,27
728171.5378138928,-1441,27
679974.5174905125,-1349,27
702176.061671909,-1378,27
723567.9654488101,-1426,27
697847.2672235359,-1373,27
732332.6075996626,-1450,27
715880.4078571087,-1408,27
718166.2506139,-1411,27
697556.5179862838,-1372,27
689960.1369328136,-1359,27
705144.5039111031,-1384,27
715534.853907284,-1405,27
708051.7468795497,-1389,27
715534.853907284,-1405,27
683026.8527663671,-1352,27
719696.6899796613,-1419,27
693875.6960179938,-1361,27
695242.1455913644,-1364,27
727687.4038719857,-1437,27
728171.5378138928,-1441,27
734369.9605895249,-1454,27
684440.7680933471,-1355,27
711313.3729007002,-1398,27
711170.0581427077,-1397,27
701328.5391566502,-1376,27
732654.913841913,-1451,27
693875.6960179938,-1361,27
729112.8959802992,-1442,27
728171.5378138928,-1441,27
689960.1369328136,-1359,27
697556.5179862838,-1372,27
668917.9570622646,-1337,27
708051.7468795497,-1389,27
709657.6336839403,-1391,27
718974.1604519378,-1418,27
682126.1002727605,-1351,27
702619.7595328904,-1379,27
679086.4612565289,-1347,27
698390.3801036512,-1374,27
675342.3224923674,-1342,27
721235.5634447439,-1421,27
728171.5378138928,-1441,27
697556.5179862838,-1372,27
699440.3708583104,-1375,27
723567.9654488101,-1426,27
701328.5391566502,-1376,27
703612.9554524714,-1382,27
728171.5378138928,-1441,27
713428.2275926016,-1403,27
730504.3629642989,-1443,27
724721.0550142545,-1428,27
708760.0104271898,-1390,27
710728.2698998072,-1394,27
694489.9833525057,-1363,27
701328.5391566502,-1376,27
720496.673110254,-1420,27
722764.3905680381,-1424,27
713124.1740630489,-1402,27
715534.853907284,-1405,27
689960.1369328136,-1359,27
724525.7246181264,-1427,27
714862.2024778915,-1404,27
729112.8959802992,-1442,27
708051.7468795497,-1389,27
711952.2268598478,-1399,27
676271.1875671197,-1343,27
697556.5179862838,-1372,27
726495.3617611612,-1434,27
732332.6075996626,-1450,27
727352.0855553143,-1435,27
692887.206789727,-1360,27
724721.0550142545,-1428,27
716495.5358956796,-1409,27
696420.3604641986,-1367,27
702176.061671909,-1378,27
729112.8959802992,-1442,27
706508.1780866764,-1386,27
693875.6960179938,-1361,27
679086.4612565289,-1347,27
727752.1289649492,-1439,27
709896.3370126891,-1393,27
731398.8421566981,-1449,27
676271.1875671197,-1343,27
725908.7922926707,-1429,27
685158.7938983336,-1356,27
704295.6825425574,-1383,27
707978.9047623988,-1388,27
705786.5600180584,-1385,27
723559.4996652978,-1425,27
679885.5328907685,-1348,27
692887.206789727,-1360,27
697432.6019522962,-1369,27
669204.538033677,-1338,27
727752.1289649492,-1439,27
678528.8378868875,-1346,27
684440.7680933471,-1355,27
695757.7292776781,-1365,27
683997.9624373519,-1353,27
711026.2303207016,-1396,27
715880.4078571087,-1408,27
707398.9653558,-1387,27
728171.5378138928,-1441,27
697556.5179862838,-1372,27
703465.4918454742,-1380,27
730105.7575608606,-1402,28
734952.7139236478,-1411,28
724930.2091765656,-1391,28
738272.702726787,-1416,28
724930.2091765656,-1391,28
733235.1530392267,-1409,28
738387.465869161,-1417,28
711681.9401836859,-1366,28
733235.1530392267,-1409,28
738387.465869161,-1417,28
730724.3524704297,-1403,28
732951.6838710441,-1407,28
733235.1530392267,-1409,28
705066.5732163588,-1354,28
733235.1530392267,-1409,28
719906.6481633316,-1382,28
724930.2091765656,-1391,28
732345.2085508319,-1406,28
705066.5732163588,-1354,28
698453.9553378756,-1345,28
691293.8729894412,-1334,28
732951.6838710441,-1407,28
727487.4028169949,-1394,28
718418.980820638,-1378,28
730105.7575608606,-1402,28
706830.287528058,-1359,28
738387.465869161,-1417,28
719703.8900247633,-1381,28
730105.7575608606,-1402,28
718418.980820638,-1378,28
733235.1530392267,-1409,28
718418.980820638,-1378,28
719906.6481633316,-1382,28
710339.6366647416,-1363,28
736922.6866528504,-1414,28
738387.465869161,-1417,28
730105.7575608606,-1402,28
727487.4028169949,-1394,28
733235.1530392267,-1409,28
730724.3524704297,-1403,28
705066.5732163588,-1354,28
717486.8777414389,-1376,28
736922.6866528504,-1414,28
727487.4028169949,-1394,28
733088.5494706942,-1408,28
730105.7575608606,-1402,28
697832.5333762963,-1344,28
695219.4603483455,-1337,28
733088.5494706942,-1408,28
730105.7575608606,-1402,28
713195.2466809615,-1369,28
694742.6424442275,-1336,28
726320.0087920487,-1392,28
732345.2085508319,-1406,28
724930.2091765656,-1391,28
738272.702726787,-1416,28
718418.980820638,-1378,28
730105.7575608606,-1402,28
719906.6481633316,-1382,28
718418.980820638,-1378,28
699353.5876072982,-1346,28
722269.8103159347,-1385,28
736922.6866528504,-1414,28
731586.237660824,-1404,28
727487.4028169949,-1394,28
733088.5494706942,-1408,28
724348.0165948323,-1388,28
737476.6079332847,-1415,28
717088.0006579855,-1375,28
706830.287528058,-1359,28
729204.9800986615,-1398,28
704613.8214685337,-1352,28
699353.5876072982,-1346,28
722507.0929302048,-1386,28
726320.0087920487,-1392,28
724930.2091765656,-1391,28
733088.5494706942,-1408,28
696883.7029806201,-1342,28
705914.4831595451,-1355,28
695219.4603483455,-1337,28
727487.4028169949,-1394,28
710209.4318576758,-1362,28
705066.5732163588,-1354,28
727487.4028169949,-1394,28
702096.2583260809,-1349,28
730105.7575608606,-1402,28
708045.8759373624,-1360,28
738387.465869161,-1417,28
691293.8729894412,-1334,28
738387.465869161,-1417,28
729939.0187782033,-1399,28
723773.3451528421,-1387,28
733235.1530392267,-1409,28
724930.2091765656,-1391,28
718418.980820638,-1378,28
722507.0929302048,-1386,28
718418.980820638,-1378,28
730105.7575608606,-1402,28
712302.8080716252,-1368,28
734952.7139236478,-1411,28
706810.9549242792,-1358,28
697832.5333762963,-1344,28
696883.7029806201,-1342,28
730105.7575608606,-1402,28
723773.3451528421,-1387,28
706830.287528058,-1359,28
697658.4696682597,-1343,28
720769.4999265015,-1383,28
728201.2397103603,-1395,28
732345.2085508319,-1406,28
739988.015889643,-1418,28
722269.8103159347,-1385,28
718955.8904964308,-1379,28
722269.8103159347,-1385,28
710339.6366647416,-1363,28
733235.1530392267,-1409,28
712089.660628992,-1367,28
723773.3451528421,-1387,28
706830.287528058,-1359,28
730105.7575608606,-1402,28
724930.2091765656,-1391,28
733235.1530392267,-1409,28
733088.5494706942,-1408,28
713951.3080334906,-1371,28
700316.5575682194,-1347,28
715804.4699384485,-1372,28
719906.6481633316,-1382,28
697832.5333762963,-1344,28
730105.7575608606,-1402,28
690501.7537873486,-1332,28
730105.7575608606,-1402,28
719906.6481633316,-1382,28
711141.2917357313,-1365,28
717088.0006579855,-1375,28
738387.465869161,-1417,28
691204.1263427705,-1333,28
694501.8277224255,-1335,28
704385.951469842,-1351,28
727487.4028169949,-1394,28
718160.983570223,-1377,28
738387.465869161,-1417,28
738272.702726787,-1416,28
705914.4831595451,-1355,28
732173.0273905073,-1405,28
727487.4028169949,-1394,28
728764.426514413,-1396,28
690501.7537873486,-1332,28
696856.6167872009,-1339,28
738387.465869161,-1417,28
722269.8103159347,-1385,28
733088.5494706942,-1408,28
705970.7396102657,-1356,28
733235.1530392267,-1409,28
730105.7575608606,-1402,28
739988.015889643,-1418,28
724624.6776459387,-1389,28
718418.980820638,-1378,28
727198.842379519,-1393,28
740679.2900597082,-1419,28
697832.5333762963,-1344,28
691293.8729894412,-1334,28
716105.4241957277,-1374,28
736922.6866528504,-1414,28
708635.2220065573,-1361,28
736631.7624130186,-1413,28
719663.9168457466,-1380,28
734540.0498455137,-1410,28
732173.0273905073,-1405,28
691293.8729894412,-1334,28
680820.7626162397,-1335,29
725732.5362515141,-1413,29
696790.5271463997,-1362,29
692160.3063098643,-1352,29
696300.6132153828,-1361,29
712043.3196775764,-1385,29
682291.9812586402,-1336,29
672551.8554525425,-1330,29
684337.4524434665,-1339,29
727696.8586195388,-1420,29
702144.3937559348,-1373,29
696790.5271463997,-1362,29
678552.179685825,-1331,29
729085.4545691543,-1425,29
699141.6204118143,-1367,29
725732.5362515141,-1413,29
688784.4045647196,-1345,29
705215.5755398503,-1375,29
726932.982968801,-1415,29
696790.5271463997,-1362,29
689325.0230651086,-1346,29
730617.9469476193,-1431,29
692127.088040082,-1351,29
696790.5271463997,-1362,29
690931.8760595248,-1348,29
688784.4045647196,-1345,29
727696.8586195388,-1420,29
718847.6497655137,-1395,29
731571.7485390916,-1433,29
706261.1038666525,-1377,29
699033.1521400401,-1366,29
728642.73404851,-1424,29
712043.3196775764,-1385,29
679499.1983229883,-1332,29
694151.2556594437,-1357,29
695372.9163125188,-1359,29
708480.155928197,-1381,29
716479.5423235924,-1392,29
692160.3063098643,-1352,29
717526.0632582846,-1393,29
714102.5380566298,-1389,29
718641.298073514,-1394,29
720519.3723320703,-1403,29
686400.0839510497,-1341,29
691022.3497099851,-1349,29
671197.2384215995,-1328,29
729085.4545691543,-1425,29
688394.8156354376,-1344,29
699141.6204118143,-1367,29
684337.4524434665,-1339,29
719895.865334012,-1401,29
695924.5869903904,-1360,29
683248.2983666615,-1337,29
712043.3196775764,-1385,29
701471.2276116373,-1370,29
684337.4524434665,-1339,29
715928.449605585,-1391,29
715928.449605585,-1391,29
726992.1944853897,-1416,29
729737.8033293843,-1427,29
689325.0230651086,-1346,29
694418.6750661844,-1358,29
716479.5423235924,-1392,29
689937.3572235454,-1347,29
716479.5423235924,-1392,29
704678.1463705001,-1374,29
696790.5271463997,-1362,29
707176.2173387441,-1378,29
689325.0230651086,-1346,29
680586.9473246259,-1334,29
716479.5423235924,-1392,29
719484.4282167299,-1396,29
712043.3196775764,-1385,29
727616.3168387157,-1417,29
727696.8586195388,-1420,29
692060.217629518,-1350,29
689937.3572235454,-1347,29
729504.8347968049,-1426,29
680288.269733626,-1333,29
702032.4739820715,-1372,29
712946.2258197071,-1386,29
693187.894658557,-1355,29
724071.0015294381,-1409,29
687906.3576605021,-1343,29
712043.3196775764,-1385,29
721595.067119993,-1404,29
711195.8461713236,-1383,29
680288.269733626,-1333,29
719484.4282167299,-1396,29
684337.4524434665,-1339,29
724071.0015294381,-1409,29
711195.8461713236,-1383,29
680820.7626162397,-1335,29
730617.9469476193,-1431,29
693069.8492535054,-1353,29
684044.6730713551,-1338,29
680288.269733626,-1333,29
725681.1932880663,-1412,29
678552.179685825,-1331,29
727616.3168387157,-1417,29
699690.5082625279,-1369,29
719484.4282167299,-1396,29
697724.922847159,-1363,29
716479.5423235924,-1392,29
714102.5380566298,-1389,29
696790.5271463997,-1362,29
689325.0230651086,-1346,29
715639.6112541866,-1390,29
721595.067119993,-1404,29
724071.0015294381,-1409,29
724071.0015294381,-1409,29
711875.60935658,-1384,29
723653.2267062772,-1407,29
716479.5423235924,-1392,29
731283.3197785467,-1432,29
721595.067119993,-1404,29
727949.5394728234,-1421,29
728432.942176034,-1422,29
705409.2910883046,-1376,29
698941.698997023,-1365,29
724071.0015294381,-1409,29
702032.4739820715,-1372,29
699141.6204118143,-1367,29
726044.1904303312,-1414,29
698327.6944674464,-1364,29
722241.1603723016,-1405,29
730380.7266689292,-1428,29
725039.804673089,-1411,29
710249.4951161214,-1382,29
725039.804673089,-1411,29
695924.5869903904,-1360,29
706261.1038666525,-1377,29
719484.4282167299,-1396,29
725681.1932880663,-1412,29
687140.0187167114,-1342,29
724071.0015294381,-1409,29
723771.1689986686,-1408,29
724416.3618816426,-1410,29
706261.1038666525,-1377,29
680288.269733626,-1333,29
689937.3572235454,-1347,29
719989.5717229312,-1402,29
732609.8178282651,-1434,29
716479.5423235924,-1392,29
682291.9812586402,-1336,29
715928.449605585,-1391,29
727616.3168387157,-1417,29
689325.0230651086,-1346,29
702032.4739820715,-1372,29
702010.0578187815,-1360,30
725756.8215580141,-1406,30
727249.6588675071,-1408,30
687789.3999604014,-1347,30
693166.8808831584,-1348,30
695294.6739090193,-1352,30
729911.630100458,-1414,30
715614.7355921741,-1388,30
715851.9853321698,-1389,30
687111.2920015961,-1346,30
701937.8208591999,-1359,30
702957.849278783,-1361,30
715851.9853321698,-1389,30
710619.2482744277,-1375,30
707470.6833017562,-1369,30
715851.9853321698,-1389,30
729911.630100458,-1414,30
687789.3999604014,-1347,30
687111.2920015961,-1346,30
704970.7880166068,-1366,30
706451.823419718,-1367,30
710367.9292962988,-1374,30
729201.8168621669,-1412,30
728618.1498481935,-1410,30
700863.3939227881,-1357,30
694155.4659507553,-1349,30
715851.9853321698,-1389,30
695193.7150539708,-1350,30
701937.8208591999,-1359,30
739659.8395178299,-1437,30
701937.8208591999,-1359,30
715851.9853321698,-1389,30
736404.1467736386,-1431,30
725454.8283268623,-1404,30
695193.7150539708,-1350,30
731948.0565826647,-1416,30
715851.9853321698,-1389,30
715851.9853321698,-1389,30
715851.9853321698,-1389,30
729911.630100458,-1414,30
729911.630100458,-1414,30
707049.5583298244,-1368,30
715851.9853321698,-1389,30
695193.7150539708,-1350,30
701161.3884543643,-1358,30
726945.3689590888,-1407,30
687111.2920015961,-1346,30
715365.2911382061,-1387,30
702957.849278783,-1361,30
715851.9853321698,-1389,30
729911.630100458,-1414,30
721745.6959480221,-1398,30
740628.6230508512,-1439,30
704970.7880166068,-1366,30
715851.9853321698,-1389,30
696827.5385858181,-1354,30
721745.6959480221,-1398,30
685659.0727711243,-1342,30
725650.7290940888,-1405,30
713899.6845937438,-1383,30
702010.0578187815,-1360,30
724671.9143634328,-1402,30
735157.3109393335,-1423,30
712630.0064059392,-1379,30
734643.9068038368,-1420,30
715851.9853321698,-1389,30
732848.5232977106,-1417,30
715204.4661761123,-1385,30
721745.6959480221,-1398,30
686046.4913021124,-1343,30
729911.630100458,-1414,30
712122.1801233271,-1378,30
729201.8168621669,-1412,30
686812.2567478534,-1344,30
740628.6230508512,-1439,30
686046.4913021124,-1343,30
685659.0727711243,-1342,30
687111.2920015961,-1346,30
713314.706582416,-1382,30
696827.5385858181,-1354,30
687111.2920015961,-1346,30
708022.1574223978,-1370,30
708155.0788365756,-1371,30
696827.5385858181,-1354,30
715851.9853321698,-1389,30
714890.3557246884,-1384,30
721745.6959480221,-1398,30
715851.9853321698,-1389,30
731608.576677374,-1415,30
717667.7728680123,-1391,30
702010.0578187815,-1360,30
721745.6959480221,-1398,30
711794.9729291142,-1377,30
723431.7113037131,-1399,30
738771.2202065703,-1435,30
738947.416388246,-1436,30
711576.0548256711,-1376,30
728618.1498481935,-1410,30
697131.4661469286,-1355,30
695193.7150539708,-1350,30
736867.2280193734,-1433,30
727249.6588675071,-1408,30
729556.2551262458,-1413,30
740628.6230508512,-1439,30
687111.2920015961,-1346,30
738947.416388246,-1436,30
709343.0559276917,-1372,30
718248.6594685147,-1392,30
717667.7728680123,-1391,30
738947.416388246,-1436,30
700740.9199255753,-1356,30
710322.3101636756,-1373,30
704970.7880166068,-1366,30
720914.0212938314,-1396,30
740583.1072499997,-1438,30
704168.5961670248,-1363,30
741164.5952424072,-1440,30
717103.2949249247,-1390,30
