run,evaluations,best_so_far
1,15050,434.0
1,15076,434.0
1,15104,434.0
1,15120,434.0
1,15148,440.0
1,15162,440.0
1,15164,440.0
1,15178,440.0
1,15961,471.0
1,15989,471.0
1,15991,471.0
1,15993,471.0
1,15995,471.0
1,16009,471.0
1,16023,471.0
1,16049,471.0
1,16079,471.0
1,16107,471.0
1,16109,471.0
1,16123,526.0
1,16137,526.0
1,16163,526.0
1,16177,526.0
1,16207,526.0
1,16235,526.0
1,16249,526.0
1,16251,526.0
1,16271,526.0
1,16285,526.0
1,16301,526.0
1,16315,526.0
1,16331,526.0
1,16345,526.0
1,16347,526.0
1,16375,526.0
1,16389,526.0
1,16403,526.0
1,16419,526.0
1,16453,526.0
1,16467,526.0
1,16493,526.0
1,16511,526.0
1,16539,526.0
1,16559,526.0
1,16573,526.0
1,16599,532.0
1,16629,532.0
1,16643,532.0
1,16657,532.0
1,16691,532.0
1,16711,532.0
1,16739,532.0
1,16753,532.0
1,16785,532.0
1,16811,546.0
1,16825,546.0
1,16827,546.0
1,16855,572.0
1,16857,572.0
1,16871,572.0
1,16887,572.0
1,16901,572.0
1,16917,572.0
1,16931,572.0
1,16961,572.0
1,16963,572.0
1,16991,572.0
1,17019,572.0
1,17049,572.0
1,17063,581.0
1,17065,581.0
1,17095,581.0
1,17121,581.0
1,17151,603.0
1,17179,603.0
1,17193,603.0
1,17195,603.0
1,17211,603.0
1,17225,603.0
1,17253,603.0
1,17279,603.0
1,17293,610.0
1,17307,610.0
1,17321,610.0
1,17341,610.0
1,17355,610.0
1,17369,610.0
1,17395,610.0
1,17431,610.0
1,17459,610.0
1,17473,610.0
1,17501,610.0
1,17527,610.0
1,17543,610.0
1,17557,612.0
1,17583,612.0
1,17613,612.0
1,17641,612.0
1,17657,612.0
1,17683,612.0
1,17699,612.0
1,17713,612.0
1,17715,612.0
1,17729,612.0
1,17745,612.0
1,17759,612.0
1,17787,612.0
1,17801,612.0
1,17803,612.0
1,17829,615.0
1,17855,615.0
1,17883,615.0
1,17885,615.0
1,17915,615.0
1,17931,615.0
1,17945,615.0
1,17973,615.0
1,17987,615.0
1,18001,615.0
1,18015,615.0
1,18029,615.0
1,18045,615.0
1,18061,615.0
1,18075,615.0
1,18093,618.0
1,18095,618.0
1,18121,619.0
1,18137,619.0
1,18163,619.0
1,18179,619.0
1,18181,619.0
1,18183,619.0
1,18211,619.0
1,18237,619.0
1,18253,619.0
1,18269,619.0
1,18285,619.0
1,18305,619.0
1,18307,619.0
1,18309,619.0
1,18325,619.0
1,18327,619.0
1,18329,619.0
1,18359,620.0
1,18373,620.0
1,18389,620.0
1,18403,620.0
1,18405,620.0
1,18431,620.0
1,18457,620.0
1,18473,620.0
1,18487,620.0
1,18501,620.0
1,18503,620.0
1,18517,630.0
1,18531,630.0
1,18533,630.0
1,18561,630.0
1,18577,630.0
1,18603,630.0
1,18617,630.0
1,18635,630.0
1,18649,635.0
1,18663,635.0
1,18683,635.0
1,18709,635.0
1,18723,635.0
1,18751,635.0
1,18767,635.0
1,18781,635.0
1,18795,635.0
1,18811,635.0
1,18827,635.0
1,18841,635.0
1,18843,635.0
1,18873,635.0
1,18889,635.0
1,18903,635.0
1,18933,635.0
1,18965,635.0
1,18979,635.0
1,19007,635.0
1,19035,635.0
1,19065,635.0
1,19093,635.0
1,19123,635.0
1,19153,635.0
1,19167,635.0
1,19181,635.0
1,19195,635.0
1,19227,635.0
1,19241,635.0
1,19261,635.0
1,19291,635.0
1,19317,637.0
1,19319,637.0
1,19333,637.0
1,19335,637.0
1,19349,637.0
1,19363,637.0
1,19377,637.0
1,19379,637.0
1,19381,637.0
1,19399,637.0
1,19425,637.0
1,19451,640.0
1,19465,661.0
1,19479,661.0
1,19495,661.0
1,19521,661.0
1,19549,661.0
1,19563,661.0
1,19595,661.0
1,19609,661.0
1,19635,661.0
1,19653,661.0
1,19679,661.0
1,19681,661.0
1,19715,661.0
1,19731,661.0
1,19759,661.0
1,19787,661.0
1,19801,661.0
1,19815,661.0
1,19831,661.0
1,19845,661.0
1,19877,661.0
1,19907,661.0
1,19921,661.0
1,19951,661.0
1,19965,664.0
1,19979,664.0
1,20007,664.0
1,20039,664.0
1,20067,664.0
1,20093,664.0
1,20121,664.0
1,20147,664.0
1,20175,664.0
1,20177,664.0
1,20191,664.0
1,20207,664.0
1,20241,664.0
1,20255,664.0
1,20257,664.0
1,20259,664.0
1,20261,664.0
1,20275,664.0
1,20277,664.0
1,20307,664.0
1,20309,664.0
1,20323,664.0
1,20337,664.0
1,20351,664.0
1,20367,664.0
1,20385,664.0
1,20399,664.0
1,20415,664.0
1,20429,664.0
1,20459,664.0
1,20487,664.0
1,20501,664.0
1,20527,664.0
1,20555,664.0
1,20571,664.0
1,20585,664.0
1,20601,664.0
1,20615,664.0
1,20629,666.0
1,20659,666.0
1,20685,666.0
1,20713,666.0
1,20715,666.0
1,20717,666.0
1,20731,666.0
1,20757,666.0
1,20771,666.0
1,20807,666.0
1,20821,666.0
1,20837,666.0
1,20871,666.0
1,20887,666.0
1,20903,666.0
1,20931,666.0
1,20947,666.0
1,20965,666.0
1,20967,666.0
1,20993,666.0
1,20995,666.0
1,21021,666.0
1,21051,666.0
1,21053,666.0
1,21069,666.0
1,21095,666.0
1,21109,666.0
1,21127,666.0
1,21153,666.0
1,21181,666.0
1,21197,666.0
1,21199,666.0
1,21201,666.0
1,21231,666.0
1,21247,666.0
1,21275,666.0
1,21277,666.0
1,21279,666.0
1,21297,666.0
1,21329,666.0
1,21359,666.0
1,21395,666.0
1,21409,666.0
1,21439,668.0
1,21465,668.0
1,21491,668.0
1,21493,668.0
1,21511,668.0
1,21513,668.0
1,21527,668.0
1,21529,668.0
1,21545,668.0
1,21561,668.0
1,21563,668.0
1,21579,668.0
1,21611,668.0
1,21639,668.0
1,21669,668.0
1,21697,668.0
1,21711,668.0
1,21713,668.0
1,21727,668.0
1,21741,668.0
1,21759,668.0
1,21791,668.0
1,21819,668.0
1,21839,668.0
1,21853,668.0
1,21867,668.0
1,21893,668.0
1,21923,668.0
1,21937,668.0
1,21965,668.0
1,21993,668.0
1,22013,668.0
1,22015,668.0
1,22041,668.0
1,22055,668.0
1,22083,668.0
1,22085,668.0
1,22111,668.0
1,22139,668.0
1,22141,668.0
1,22169,668.0
1,22187,668.0
1,22213,668.0
1,22215,668.0
1,22249,668.0
1,22263,668.0
1,22277,668.0
1,22295,668.0
1,22297,668.0
1,22299,668.0
1,22329,668.0
1,22357,668.0
1,22385,671.0
1,22399,671.0
1,22413,671.0
1,22427,671.0
1,22429,671.0
1,22455,671.0
1,22469,671.0
1,22499,671.0
1,22525,671.0
1,22551,677.0
1,22565,677.0
1,22595,677.0
1,22623,677.0
1,22625,677.0
1,22627,677.0
1,22641,677.0
1,22673,677.0
1,22689,677.0
1,22717,677.0
1,22719,677.0
1,22733,677.0
1,22735,677.0
1,22737,677.0
1,22767,677.0
1,22769,677.0
1,22787,677.0
1,22801,677.0
1,22815,677.0
1,22829,677.0
1,22843,677.0
1,22859,677.0
1,22873,677.0
1,22887,677.0
1,22915,677.0
1,22917,677.0
1,22947,677.0
1,22949,677.0
1,22975,677.0
1,23005,677.0
1,23007,677.0
1,23033,677.0
1,23035,677.0
1,23063,677.0
1,23079,677.0
1,23105,677.0
1,23119,677.0
1,23121,677.0
1,23135,677.0
1,23151,677.0
1,23179,679.0
1,23195,679.0
1,23211,679.0
1,23237,679.0
1,23239,679.0
1,23269,679.0
1,23299,679.0
1,23315,679.0
1,23345,679.0
1,23371,679.0
1,23397,679.0
1,23399,679.0
1,23413,679.0
1,23429,679.0
1,23459,679.0
1,23489,679.0
1,23491,679.0
1,23507,679.0
1,23523,679.0
1,23551,679.0
1,23579,679.0
1,23593,679.0
1,23607,679.0
1,23621,679.0
1,23635,679.0
1,23665,679.0
1,23691,679.0
1,23721,679.0
1,23735,679.0
1,23737,679.0
1,23763,679.0
1,23779,679.0
1,23797,679.0
1,23823,679.0
1,23825,679.0
1,23859,679.0
1,23889,679.0
1,23917,679.0
1,23919,679.0
1,23935,679.0
1,23949,679.0
1,23963,679.0
1,23977,679.0
1,24003,679.0
1,24005,679.0
1,24019,679.0
1,24033,679.0
1,24061,679.0
1,24077,679.0
1,24091,679.0
1,24105,679.0
1,24131,679.0
1,24145,679.0
1,24159,679.0
1,24173,679.0
1,24189,679.0
1,24203,679.0
1,24217,679.0
1,24245,679.0
1,24247,679.0
1,24261,679.0
1,24277,679.0
1,24293,679.0
1,24321,679.0
1,24347,679.0
1,24361,679.0
1,24377,679.0
1,24395,679.0
1,24421,679.0
1,24453,679.0
1,24455,679.0
1,24483,679.0
1,24503,679.0
1,24517,679.0
1,24531,679.0
1,24545,679.0
1,24547,679.0
1,24573,679.0
1,24601,679.0
1,24629,679.0
1,24657,679.0
1,24683,679.0
1,24709,683.0
1,24725,683.0
1,24727,683.0
1,24741,683.0
1,24767,683.0
1,24769,683.0
1,24783,683.0
1,24785,683.0
1,24801,683.0
1,24827,683.0
1,24857,683.0
1,24883,683.0
1,24897,683.0
1,24899,683.0
1,24913,683.0
1,24943,683.0
1,24977,683.0
1,24993,683.0
1,25007,683.0
1,25021,683.0
1,25051,683.0
2,15016,424.0
2,15018,424.0
2,15034,424.0
2,15809,430.0
2,15811,430.0
2,15827,430.0
2,15855,469.0
2,15881,469.0
2,15895,469.0
2,15925,491.0
2,15951,491.0
2,15967,491.0
2,15969,491.0
2,15999,491.0
2,16027,491.0
2,16043,491.0
2,16057,491.0
2,16071,491.0
2,16097,500.0
2,16111,500.0
2,16137,500.0
2,16151,500.0
2,16165,514.0
2,16193,514.0
2,16225,514.0
2,16227,514.0
2,16253,514.0
2,16281,516.0
2,16309,516.0
2,16323,516.0
2,16337,516.0
2,16339,516.0
2,16365,554.0
2,16391,554.0
2,16419,584.0
2,16433,584.0
2,16465,593.0
2,16493,593.0
2,16507,593.0
2,16523,593.0
2,16551,593.0
2,16565,593.0
2,16579,593.0
2,16581,593.0
2,16595,593.0
2,16623,593.0
2,16639,593.0
2,16655,593.0
2,16681,593.0
2,16695,593.0
2,16709,593.0
2,16735,593.0
2,16749,593.0
2,16763,593.0
2,16791,593.0
2,16805,593.0
2,16819,613.0
2,16833,613.0
2,16863,613.0
2,16881,613.0
2,16911,613.0
2,16927,613.0
2,16941,613.0
2,16967,613.0
2,16983,613.0
2,16997,613.0
2,16999,613.0
2,17029,613.0
2,17047,613.0
2,17073,613.0
2,17105,613.0
2,17131,613.0
2,17145,613.0
2,17147,613.0
2,17161,613.0
2,17189,613.0
2,17203,613.0
2,17231,613.0
2,17257,613.0
2,17285,613.0
2,17287,624.0
2,17289,624.0
2,17291,624.0
2,17317,624.0
2,17351,624.0
2,17379,624.0
2,17393,624.0
2,17421,624.0
2,17423,624.0
2,17451,635.0
2,17477,639.0
2,17479,639.0
2,17481,639.0
2,17513,639.0
2,17529,639.0
2,17531,639.0
2,17557,639.0
2,17571,639.0
2,17601,639.0
2,17617,639.0
2,17633,639.0
2,17653,639.0
2,17681,639.0
2,17683,639.0
2,17709,639.0
2,17711,639.0
2,17741,639.0
2,17755,639.0
2,17785,639.0
2,17813,639.0
2,17827,639.0
2,17841,639.0
2,17869,639.0
2,17897,639.0
2,17927,639.0
2,17941,639.0
2,17943,639.0
2,17969,639.0
2,17971,639.0
2,17987,639.0
2,18003,639.0
2,18017,650.0
2,18031,650.0
2,18059,650.0
2,18087,650.0
2,18101,654.0
2,18133,654.0
2,18147,654.0
2,18181,654.0
2,18195,654.0
2,18223,654.0
2,18239,654.0
2,18267,654.0
2,18281,654.0
2,18309,654.0
2,18341,654.0
2,18357,654.0
2,18371,654.0
2,18385,654.0
2,18387,654.0
2,18415,655.0
2,18429,655.0
2,18459,655.0
2,18491,655.0
2,18507,655.0
2,18543,655.0
2,18569,660.0
2,18599,660.0
2,18613,660.0
2,18615,660.0
2,18641,660.0
2,18669,660.0
2,18671,660.0
2,18697,667.0
2,18711,667.0
2,18739,667.0
2,18767,667.0
2,18785,667.0
2,18799,667.0
2,18801,667.0
2,18817,667.0
2,18833,667.0
2,18859,667.0
2,18891,667.0
2,18905,667.0
2,18935,667.0
2,18949,667.0
2,18975,667.0
2,19003,667.0
2,19017,667.0
2,19033,667.0
2,19035,667.0
2,19063,667.0
2,19093,667.0
2,19121,667.0
2,19151,667.0
2,19153,667.0
2,19167,667.0
2,19185,667.0
2,19213,667.0
2,19229,667.0
2,19245,667.0
2,19261,667.0
2,19263,667.0
2,19291,667.0
2,19319,667.0
2,19339,667.0
2,19353,667.0
2,19369,667.0
2,19383,667.0
2,19397,667.0
2,19411,667.0
2,19443,667.0
2,19457,667.0
2,19475,667.0
2,19477,667.0
2,19493,667.0
2,19517,667.0
2,19545,667.0
2,19561,667.0
2,19577,667.0
2,19591,667.0
2,19619,667.0
2,19621,667.0
2,19647,667.0
2,19663,667.0
2,19665,667.0
2,19681,667.0
2,19697,667.0
2,19713,667.0
2,19727,667.0
2,19757,667.0
2,19783,667.0
2,19797,667.0
2,19823,667.0
2,19853,667.0
2,19881,667.0
2,19911,667.0
2,19913,667.0
2,19927,667.0
2,19941,667.0
2,19971,667.0
2,19987,667.0
2,19989,667.0
2,20005,667.0
2,20019,667.0
2,20021,667.0
2,20049,667.0
2,20075,667.0
2,20089,667.0
2,20119,667.0
2,20145,667.0
2,20159,667.0
2,20185,667.0
2,20199,667.0
2,20225,667.0
2,20253,667.0
2,20267,667.0
2,20295,667.0
2,20325,667.0
2,20351,667.0
2,20379,667.0
2,20381,667.0
2,20395,667.0
2,20397,667.0
2,20411,667.0
2,20437,667.0
2,20465,667.0
2,20499,667.0
2,20515,667.0
2,20517,667.0
2,20531,667.0
2,20559,667.0
2,20589,667.0
2,20603,667.0
2,20635,667.0
2,20663,667.0
2,20677,667.0
2,20693,667.0
2,20719,667.0
2,20749,667.0
2,20763,667.0
2,20789,667.0
2,20815,667.0
2,20817,667.0
2,20845,667.0
2,20875,667.0
2,20903,667.0
2,20929,667.0
2,20943,667.0
2,20945,667.0
2,20973,667.0
2,20975,667.0
2,20989,667.0
2,20991,667.0
2,21005,667.0
2,21019,667.0
2,21045,667.0
2,21059,667.0
2,21061,667.0
2,21089,667.0
2,21091,667.0
2,21121,667.0
2,21135,667.0
2,21149,667.0
2,21151,667.0
2,21167,667.0
2,21181,667.0
2,21195,667.0
2,21225,667.0
2,21243,667.0
2,21271,667.0
2,21273,667.0
2,21275,667.0
2,21301,667.0
2,21303,667.0
2,21329,667.0
2,21347,667.0
2,21363,667.0
2,21379,667.0
2,21393,667.0
2,21421,667.0
2,21435,667.0
2,21461,667.0
2,21477,667.0
2,21491,667.0
2,21517,667.0
2,21547,667.0
2,21549,667.0
2,21551,667.0
2,21565,667.0
2,21585,667.0
2,21599,673.0
2,21613,673.0
2,21641,673.0
2,21657,673.0
2,21683,673.0
2,21709,673.0
2,21723,673.0
2,21739,673.0
2,21767,673.0
2,21793,673.0
2,21819,673.0
2,21821,673.0
2,21823,673.0
2,21837,673.0
2,21853,673.0
2,21885,673.0
2,21899,673.0
2,21933,673.0
2,21949,673.0
2,21963,673.0
2,21965,673.0
2,21991,673.0
2,22011,673.0
2,22041,673.0
2,22069,673.0
2,22083,675.0
2,22099,675.0
2,22113,675.0
2,22127,675.0
2,22153,675.0
2,22181,675.0
2,22197,675.0
2,22199,675.0
2,22227,675.0
2,22229,675.0
2,22231,675.0
2,22257,675.0
2,22259,675.0
2,22261,675.0
2,22289,675.0
2,22303,675.0
2,22329,675.0
2,22361,675.0
2,22363,675.0
2,22389,675.0
2,22403,675.0
2,22405,675.0
2,22435,675.0
2,22449,675.0
2,22463,675.0
2,22465,675.0
2,22483,675.0
2,22511,675.0
2,22527,675.0
2,22553,675.0
2,22567,675.0
2,22593,675.0
2,22595,675.0
2,22609,675.0
2,22623,675.0
2,22651,675.0
2,22667,675.0
2,22681,675.0
2,22707,675.0
2,22721,675.0
2,22737,675.0
2,22755,675.0
2,22769,675.0
2,22785,675.0
2,22801,675.0
2,22831,675.0
2,22833,675.0
2,22861,675.0
2,22887,675.0
2,22913,675.0
2,22941,675.0
2,22971,675.0
2,22973,675.0
2,22987,675.0
2,23003,675.0
2,23017,675.0
2,23019,675.0
2,23033,675.0
2,23061,675.0
2,23091,675.0
2,23117,675.0
2,23143,675.0
2,23159,675.0
2,23185,675.0
2,23217,675.0
2,23233,675.0
2,23261,675.0
2,23275,675.0
2,23277,675.0
2,23307,675.0
2,23337,675.0
2,23351,675.0
2,23353,675.0
2,23381,675.0
2,23395,675.0
2,23397,675.0
2,23423,675.0
2,23451,675.0
2,23467,675.0
2,23493,675.0
2,23519,675.0
2,23533,675.0
2,23547,675.0
2,23549,675.0
2,23577,675.0
2,23603,675.0
2,23617,675.0
2,23637,675.0
2,23651,675.0
2,23653,675.0
2,23685,675.0
2,23701,675.0
2,23715,675.0
2,23729,675.0
2,23731,675.0
2,23745,675.0
2,23747,675.0
2,23763,675.0
2,23777,675.0
2,23791,675.0
2,23805,675.0
2,23833,675.0
2,23847,675.0
2,23861,675.0
2,23891,675.0
2,23921,675.0
2,23923,675.0
2,23939,675.0
2,23955,675.0
2,23971,675.0
2,24001,675.0
2,24017,675.0
2,24019,675.0
2,24035,675.0
2,24063,675.0
2,24077,675.0
2,24105,675.0
2,24121,675.0
2,24147,675.0
2,24163,675.0
2,24179,675.0
2,24181,675.0
2,24199,675.0
2,24201,675.0
2,24219,675.0
2,24221,675.0
2,24223,675.0
2,24249,675.0
2,24263,675.0
2,24279,675.0
2,24293,675.0
2,24307,675.0
2,24309,675.0
2,24323,675.0
2,24353,675.0
2,24383,677.0
2,24413,677.0
2,24427,677.0
2,24455,677.0
2,24483,677.0
2,24511,677.0
2,24513,677.0
2,24543,677.0
2,24575,677.0
2,24589,677.0
2,24617,677.0
2,24647,677.0
2,24675,677.0
2,24689,677.0
2,24719,677.0
2,24733,677.0
2,24735,677.0
2,24737,677.0
2,24767,677.0
2,24781,677.0
2,24783,677.0
2,24797,677.0
2,24811,677.0
2,24813,677.0
2,24827,677.0
2,24855,677.0
2,24869,677.0
2,24883,677.0
2,24911,677.0
2,24937,677.0
2,24963,677.0
2,24991,677.0
3,15070,423.0
3,15096,423.0
3,15110,423.0
3,15112,423.0
3,15126,423.0
3,15140,423.0
3,15166,423.0
3,15198,423.0
3,15216,423.0
3,15242,468.0
3,15981,468.0
3,15997,468.0
3,16011,468.0
3,16037,468.0
3,16053,468.0
3,16081,468.0
3,16083,468.0
3,16097,468.0
3,16111,468.0
3,16127,468.0
3,16141,468.0
3,16167,468.0
3,16169,468.0
3,16183,468.0
3,16197,468.0
3,16199,468.0
3,16227,488.0
3,16229,488.0
3,16255,488.0
3,16257,488.0
3,16271,501.0
3,16297,518.0
3,16313,518.0
3,16331,518.0
3,16347,518.0
3,16361,518.0
3,16389,518.0
3,16403,518.0
3,16405,518.0
3,16419,518.0
3,16435,518.0
3,16449,518.0
3,16451,518.0
3,16479,518.0
3,16505,518.0
3,16523,518.0
3,16525,518.0
3,16543,518.0
3,16545,518.0
3,16561,518.0
3,16591,518.0
3,16619,518.0
3,16645,518.0
3,16659,535.0
3,16661,535.0
3,16689,535.0
3,16717,535.0
3,16719,535.0
3,16733,535.0
3,16747,555.0
3,16765,555.0
3,16793,555.0
3,16807,566.0
3,16823,566.0
3,16837,566.0
3,16851,566.0
3,16865,589.0
3,16881,589.0
3,16895,589.0
3,16923,589.0
3,16925,589.0
3,16939,590.0
3,16965,590.0
3,16979,590.0
3,16981,590.0
3,17013,590.0
3,17015,590.0
3,17033,590.0
3,17063,590.0
3,17065,590.0
3,17067,590.0
3,17087,590.0
3,17103,590.0
3,17117,590.0
3,17143,590.0
3,17173,590.0
3,17205,590.0
3,17231,590.0
3,17263,590.0
3,17289,590.0
3,17317,590.0
3,17331,590.0
3,17361,590.0
3,17377,596.0
3,17379,596.0
3,17407,596.0
3,17409,596.0
3,17437,596.0
3,17439,596.0
3,17453,596.0
3,17481,596.0
3,17495,596.0
3,17509,596.0
3,17535,596.0
3,17561,596.0
3,17589,596.0
3,17603,596.0
3,17617,596.0
3,17619,596.0
3,17621,596.0
3,17637,596.0
3,17653,596.0
3,17671,596.0
3,17699,596.0
3,17701,596.0
3,17715,633.0
3,17731,633.0
3,17751,633.0
3,17765,633.0
3,17779,639.0
3,17793,639.0
3,17823,639.0
3,17849,639.0
3,17879,639.0
3,17895,639.0
3,17913,639.0
3,17941,639.0
3,17943,639.0
3,17973,639.0
3,17987,639.0
3,18001,640.0
3,18003,640.0
3,18033,640.0
3,18047,640.0
3,18061,640.0
3,18091,640.0
3,18107,640.0
3,18121,640.0
3,18151,640.0
3,18177,640.0
3,18191,640.0
3,18219,640.0
3,18221,640.0
3,18251,640.0
3,18265,643.0
3,18283,643.0
3,18317,643.0
3,18319,643.0
3,18347,643.0
3,18375,643.0
3,18389,643.0
3,18421,643.0
3,18437,643.0
3,18451,643.0
3,18465,643.0
3,18479,643.0
3,18493,643.0
3,18507,643.0
3,18539,643.0
3,18567,643.0
3,18581,643.0
3,18583,643.0
3,18585,643.0
3,18599,643.0
3,18627,643.0
3,18641,643.0
3,18643,643.0
3,18673,643.0
3,18699,648.0
3,18715,648.0
3,18745,648.0
3,18771,648.0
3,18785,648.0
3,18815,648.0
3,18831,648.0
3,18859,648.0
3,18873,648.0
3,18901,648.0
3,18927,648.0
3,18941,648.0
3,18975,648.0
3,18989,648.0
3,19021,648.0
3,19023,648.0
3,19041,648.0
3,19059,648.0
3,19087,648.0
3,19089,648.0
3,19117,648.0
3,19143,653.0
3,19145,653.0
3,19173,653.0
3,19201,653.0
3,19231,653.0
3,19261,653.0
3,19275,653.0
3,19305,653.0
3,19325,653.0
3,19339,653.0
3,19357,653.0
3,19383,653.0
3,19397,658.0
3,19411,658.0
3,19413,658.0
3,19427,658.0
3,19445,658.0
3,19461,658.0
3,19487,658.0
3,19489,658.0
3,19505,658.0
3,19519,658.0
3,19547,658.0
3,19565,658.0
3,19591,658.0
3,19605,658.0
3,19633,658.0
3,19647,658.0
3,19661,658.0
3,19689,658.0
3,19703,659.0
3,19705,659.0
3,19719,659.0
3,19735,659.0
3,19749,659.0
3,19763,659.0
3,19793,659.0
3,19823,659.0
3,19837,659.0
3,19851,659.0
3,19865,659.0
3,19879,659.0
3,19893,659.0
3,19909,659.0
3,19939,669.0
3,19955,669.0
3,19969,669.0
3,19983,669.0
3,19997,669.0
3,20027,669.0
3,20041,669.0
3,20055,669.0
3,20069,669.0
3,20083,669.0
3,20097,669.0
3,20111,669.0
3,20125,669.0
3,20139,669.0
3,20153,669.0
3,20193,669.0
3,20207,669.0
3,20223,669.0
3,20237,669.0
3,20251,669.0
3,20269,669.0
3,20285,669.0
3,20301,669.0
3,20329,669.0
3,20357,669.0
3,20389,669.0
3,20417,669.0
3,20433,669.0
3,20447,673.0
3,20473,673.0
3,20499,673.0
3,20525,673.0
3,20553,673.0
3,20581,673.0
3,20597,673.0
3,20611,673.0
3,20629,673.0
3,20643,673.0
3,20645,673.0
3,20661,673.0
3,20675,673.0
3,20703,673.0
3,20719,673.0
3,20745,673.0
3,20771,673.0
3,20785,673.0
3,20803,673.0
3,20817,673.0
3,20843,673.0
3,20869,679.0
3,20887,679.0
3,20913,679.0
3,20927,679.0
3,20941,679.0
3,20955,679.0
3,20957,679.0
3,20983,679.0
3,20985,679.0
3,21011,679.0
3,21025,679.0
3,21051,679.0
3,21065,679.0
3,21079,679.0
3,21107,679.0
3,21135,679.0
3,21137,679.0
3,21151,679.0
3,21179,679.0
3,21181,679.0
3,21183,679.0
3,21199,679.0
3,21213,679.0
3,21229,679.0
3,21243,679.0
3,21259,679.0
3,21287,679.0
3,21289,679.0
3,21291,679.0
3,21305,679.0
3,21331,679.0
3,21333,679.0
3,21365,679.0
3,21391,679.0
3,21417,679.0
3,21433,679.0
3,21459,679.0
3,21485,679.0
3,21513,679.0
3,21543,679.0
3,21577,679.0
3,21605,679.0
3,21607,679.0
3,21633,679.0
3,21659,679.0
3,21673,679.0
3,21689,679.0
3,21717,679.0
3,21733,679.0
3,21735,679.0
3,21737,679.0
3,21751,679.0
3,21765,679.0
3,21767,679.0
3,21783,679.0
3,21785,679.0
3,21799,679.0
3,21813,679.0
3,21829,679.0
3,21857,679.0
3,21887,679.0
3,21915,679.0
3,21929,679.0
3,21945,679.0
3,21971,679.0
3,21987,679.0
3,21989,679.0
3,22017,679.0
3,22043,679.0
3,22061,679.0
3,22077,679.0
3,22105,679.0
3,22107,679.0
3,22133,679.0
3,22149,679.0
3,22163,679.0
3,22177,679.0
3,22193,679.0
3,22219,679.0
3,22233,679.0
3,22261,679.0
3,22279,679.0
3,22293,679.0
3,22311,679.0
3,22327,679.0
3,22355,679.0
3,22371,679.0
3,22397,679.0
3,22399,679.0
3,22425,679.0
3,22453,679.0
3,22467,679.0
3,22493,679.0
3,22509,679.0
3,22523,679.0
3,22549,679.0
3,22577,679.0
3,22591,679.0
3,22619,679.0
3,22645,679.0
3,22671,679.0
3,22685,679.0
3,22699,679.0
3,22713,679.0
3,22727,679.0
3,22755,679.0
3,22769,679.0
3,22797,679.0
3,22827,679.0
3,22841,679.0
3,22843,679.0
3,22857,679.0
3,22885,679.0
3,22911,679.0
3,22945,679.0
3,22959,679.0
3,22973,679.0
3,22975,679.0
3,23005,679.0
3,23019,679.0
3,23035,679.0
3,23049,679.0
3,23063,679.0
3,23077,679.0
3,23107,679.0
3,23127,679.0
3,23153,679.0
3,23183,679.0
3,23199,679.0
3,23201,679.0
3,23217,679.0
3,23231,679.0
3,23261,679.0
3,23275,679.0
3,23303,679.0
3,23333,679.0
3,23363,679.0
3,23381,679.0
3,23395,679.0
3,23421,679.0
3,23449,679.0
3,23477,680.0
3,23499,680.0
3,23501,680.0
3,23519,680.0
3,23547,680.0
3,23561,680.0
3,23595,680.0
3,23625,680.0
3,23627,680.0
3,23655,680.0
3,23673,680.0
3,23701,680.0
3,23729,680.0
3,23759,680.0
3,23787,680.0
3,23801,680.0
3,23817,680.0
3,23833,680.0
3,23847,680.0
3,23849,680.0
3,23879,680.0
3,23899,680.0
3,23929,680.0
3,23961,680.0
3,23987,680.0
3,24003,680.0
3,24017,680.0
3,24047,680.0
3,24049,680.0
3,24065,680.0
3,24067,680.0
3,24081,680.0
3,24083,680.0
3,24117,680.0
3,24133,680.0
3,24149,680.0
3,24167,680.0
3,24183,680.0
3,24211,680.0
3,24225,680.0
3,24255,680.0
3,24281,680.0
3,24295,680.0
3,24311,680.0
3,24339,680.0
3,24355,680.0
3,24389,680.0
3,24391,680.0
3,24393,680.0
3,24423,680.0
3,24425,680.0
3,24443,680.0
3,24445,680.0
3,24459,680.0
3,24487,680.0
3,24501,680.0
3,24531,684.0
3,24559,684.0
3,24587,684.0
3,24601,684.0
3,24615,684.0
3,24633,684.0
3,24647,684.0
3,24675,684.0
3,24691,684.0
3,24717,684.0
3,24743,684.0
3,24745,684.0
3,24759,684.0
3,24773,684.0
3,24775,684.0
3,24777,684.0
3,24791,684.0
3,24817,684.0
3,24831,684.0
3,24845,684.0
3,24871,684.0
3,24887,684.0
3,24917,684.0
3,24931,684.0
3,24957,684.0
3,24971,684.0
3,24999,684.0
3,25015,684.0
3,25043,684.0
3,25057,684.0
4,15108,424.0
4,15877,424.0
4,15905,424.0
4,15935,424.0
4,15963,438.0
4,15993,438.0
4,16019,455.0
4,16033,455.0
4,16063,455.0
4,16079,455.0
4,16095,455.0
4,16123,455.0
4,16139,455.0
4,16141,455.0
4,16143,455.0
4,16157,509.0
4,16191,509.0
4,16207,509.0
4,16237,509.0
4,16251,509.0
4,16265,509.0
4,16279,509.0
4,16309,509.0
4,16323,509.0
4,16339,509.0
4,16355,509.0
4,16385,509.0
4,16399,509.0
4,16413,509.0
4,16427,509.0
4,16429,509.0
4,16443,509.0
4,16473,509.0
4,16511,523.0
4,16531,523.0
4,16545,523.0
4,16571,523.0
4,16585,523.0
4,16613,523.0
4,16629,523.0
4,16631,523.0
4,16661,523.0
4,16689,523.0
4,16705,523.0
4,16735,523.0
4,16753,523.0
4,16767,523.0
4,16783,523.0
4,16785,523.0
4,16811,545.0
4,16813,545.0
4,16833,545.0
4,16847,545.0
4,16879,545.0
4,16881,545.0
4,16907,545.0
4,16921,545.0
4,16947,572.0
4,16949,572.0
4,16981,572.0
4,16995,572.0
4,17009,572.0
4,17037,572.0
4,17065,589.0
4,17079,589.0
4,17081,589.0
4,17111,589.0
4,17137,589.0
4,17167,589.0
4,17183,589.0
4,17209,589.0
4,17223,589.0
4,17237,589.0
4,17251,589.0
4,17281,589.0
4,17295,598.0
4,17309,598.0
4,17323,598.0
4,17349,598.0
4,17351,598.0
4,17367,598.0
4,17397,598.0
4,17415,598.0
4,17429,598.0
4,17457,598.0
4,17471,598.0
4,17485,598.0
4,17487,598.0
4,17515,598.0
4,17541,617.0
4,17557,617.0
4,17571,617.0
4,17587,617.0
4,17613,617.0
4,17643,617.0
4,17657,617.0
4,17673,617.0
4,17699,633.0
4,17715,633.0
4,17741,633.0
4,17755,633.0
4,17757,633.0
4,17775,633.0
4,17807,633.0
4,17809,633.0
4,17835,633.0
4,17849,633.0
4,17867,633.0
4,17895,633.0
4,17923,633.0
4,17925,633.0
4,17953,633.0
4,17967,633.0
4,17983,633.0
4,17999,633.0
4,18027,633.0
4,18029,633.0
4,18059,633.0
4,18075,633.0
4,18103,633.0
4,18117,633.0
4,18149,633.0
4,18163,633.0
4,18177,633.0
4,18197,633.0
4,18211,633.0
4,18229,635.0
4,18249,635.0
4,18279,635.0
4,18293,635.0
4,18325,635.0
4,18339,635.0
4,18369,635.0
4,18399,635.0
4,18425,635.0
4,18439,635.0
4,18453,635.0
4,18479,635.0
4,18493,635.0
4,18519,635.0
4,18545,635.0
4,18559,635.0
4,18585,635.0
4,18613,635.0
4,18627,635.0
4,18655,635.0
4,18683,635.0
4,18697,636.0
4,18713,636.0
4,18727,636.0
4,18729,636.0
4,18747,636.0
4,18773,636.0
4,18801,636.0
4,18815,636.0
4,18841,636.0
4,18843,636.0
4,18857,636.0
4,18871,636.0
4,18899,636.0
4,18915,636.0
4,18935,636.0
4,18949,636.0
4,18963,636.0
4,18989,636.0
4,19003,636.0
4,19035,636.0
4,19049,636.0
4,19065,636.0
4,19079,636.0
4,19093,636.0
4,19109,636.0
4,19135,636.0
4,19163,636.0
4,19165,636.0
4,19193,636.0
4,19219,636.0
4,19249,636.0
4,19263,636.0
4,19279,636.0
4,19311,636.0
4,19339,636.0
4,19353,636.0
4,19367,636.0
4,19395,636.0
4,19397,636.0
4,19411,636.0
4,19425,636.0
4,19453,636.0
4,19469,636.0
4,19483,636.0
4,19513,641.0
4,19515,641.0
4,19531,641.0
4,19545,641.0
4,19559,641.0
4,19585,641.0
4,19599,641.0
4,19613,641.0
4,19615,641.0
4,19631,641.0
4,19645,641.0
4,19661,641.0
4,19677,641.0
4,19705,641.0
4,19719,641.0
4,19735,643.0
4,19737,643.0
4,19751,643.0
4,19765,643.0
4,19781,643.0
4,19783,643.0
4,19819,643.0
4,19847,643.0
4,19849,643.0
4,19863,655.0
4,19865,655.0
4,19893,655.0
4,19909,655.0
4,19911,655.0
4,19925,655.0
4,19941,655.0
4,19955,655.0
4,19973,655.0
4,19987,655.0
4,20017,655.0
4,20043,655.0
4,20069,655.0
4,20083,655.0
4,20101,655.0
4,20103,655.0
4,20133,655.0
4,20161,662.0
4,20177,662.0
4,20195,662.0
4,20211,666.0
4,20239,666.0
4,20267,666.0
4,20293,666.0
4,20309,666.0
4,20339,666.0
4,20369,666.0
4,20385,666.0
4,20399,666.0
4,20427,666.0
4,20443,666.0
4,20445,666.0
4,20461,666.0
4,20463,666.0
4,20489,666.0
4,20515,666.0
4,20543,666.0
4,20561,666.0
4,20577,666.0
4,20579,666.0
4,20611,666.0
4,20637,666.0
4,20651,666.0
4,20653,666.0
4,20669,666.0
4,20671,666.0
4,20673,666.0
4,20699,666.0
4,20719,666.0
4,20745,666.0
4,20761,666.0
4,20775,666.0
4,20777,666.0
4,20795,666.0
4,20815,666.0
4,20841,666.0
4,20855,666.0
4,20857,666.0
4,20859,666.0
4,20873,666.0
4,20875,666.0
4,20903,666.0
4,20929,666.0
4,20957,666.0
4,20983,666.0
4,20999,666.0
4,21013,666.0
4,21041,666.0
4,21057,666.0
4,21089,666.0
4,21115,666.0
4,21131,666.0
4,21147,666.0
4,21161,666.0
4,21175,666.0
4,21203,666.0
4,21217,666.0
4,21233,666.0
4,21261,666.0
4,21291,666.0
4,21305,666.0
4,21335,666.0
4,21349,666.0
4,21363,666.0
4,21389,666.0
4,21417,666.0
4,21419,666.0
4,21447,666.0
4,21449,666.0
4,21477,666.0
4,21507,666.0
4,21521,666.0
4,21523,666.0
4,21537,666.0
4,21563,666.0
4,21589,666.0
4,21617,666.0
4,21633,666.0
4,21651,666.0
4,21665,666.0
4,21695,666.0
4,21721,666.0
4,21737,666.0
4,21751,666.0
4,21779,666.0
4,21805,666.0
4,21835,666.0
4,21849,666.0
4,21875,666.0
4,21889,666.0
4,21917,666.0
4,21935,666.0
4,21951,666.0
4,21965,666.0
4,21981,666.0
4,22009,666.0
4,22023,666.0
4,22037,666.0
4,22039,666.0
4,22055,666.0
4,22069,666.0
4,22085,666.0
4,22101,666.0
4,22115,666.0
4,22129,666.0
4,22147,666.0
4,22177,666.0
4,22193,666.0
4,22207,666.0
4,22223,666.0
4,22239,666.0
4,22253,666.0
4,22271,666.0
4,22301,666.0
4,22315,666.0
4,22331,666.0
4,22345,666.0
4,22359,666.0
4,22361,666.0
4,22387,666.0
4,22401,666.0
4,22429,667.0
4,22447,667.0
4,22463,667.0
4,22465,667.0
4,22479,667.0
4,22509,667.0
4,22525,667.0
4,22541,667.0
4,22543,667.0
4,22571,667.0
4,22599,667.0
4,22613,667.0
4,22627,667.0
4,22653,667.0
4,22681,667.0
4,22695,667.0
4,22697,667.0
4,22699,667.0
4,22715,667.0
4,22729,667.0
4,22743,667.0
4,22759,667.0
4,22773,675.0
4,22789,675.0
4,22815,675.0
4,22829,675.0
4,22843,675.0
4,22871,675.0
4,22903,675.0
4,22905,675.0
4,22919,675.0
4,22949,675.0
4,22977,675.0
4,23005,675.0
4,23019,675.0
4,23033,675.0
4,23051,675.0
4,23065,675.0
4,23095,675.0
4,23113,675.0
4,23127,675.0
4,23129,675.0
4,23131,675.0
4,23133,675.0
4,23149,675.0
4,23177,675.0
4,23179,675.0
4,23193,675.0
4,23209,675.0
4,23237,675.0
4,23251,675.0
4,23279,675.0
4,23281,675.0
4,23311,675.0
4,23337,675.0
4,23363,675.0
4,23365,675.0
4,23367,675.0
4,23381,675.0
4,23411,675.0
4,23441,675.0
4,23455,675.0
4,23469,675.0
4,23485,675.0
4,23487,675.0
4,23507,675.0
4,23509,675.0
4,23525,675.0
4,23541,675.0
4,23543,675.0
4,23557,675.0
4,23585,675.0
4,23613,675.0
4,23639,675.0
4,23641,675.0
4,23669,675.0
4,23685,675.0
4,23713,675.0
4,23727,675.0
4,23753,675.0
4,23781,675.0
4,23797,675.0
4,23825,675.0
4,23841,675.0
4,23855,675.0
4,23885,675.0
4,23911,675.0
4,23937,675.0
4,23965,675.0
4,23991,675.0
4,23993,675.0
4,24007,675.0
4,24021,675.0
4,24037,675.0
4,24065,675.0
4,24067,675.0
4,24069,675.0
4,24071,675.0
4,24073,675.0
4,24099,675.0
4,24113,675.0
4,24127,675.0
4,24155,675.0
4,24157,675.0
4,24159,675.0
4,24187,675.0
4,24189,675.0
4,24207,675.0
4,24221,675.0
4,24235,675.0
4,24263,675.0
4,24277,675.0
4,24291,675.0
4,24319,675.0
4,24345,675.0
4,24375,675.0
4,24377,675.0
4,24403,675.0
4,24441,675.0
4,24469,675.0
4,24497,675.0
4,24511,675.0
4,24527,675.0
4,24541,675.0
4,24567,675.0
4,24595,675.0
4,24625,675.0
4,24639,675.0
4,24641,675.0
4,24669,675.0
4,24703,675.0
4,24731,675.0
4,24745,675.0
4,24747,675.0
4,24779,675.0
4,24795,675.0
4,24823,675.0
4,24837,675.0
4,24839,675.0
4,24857,675.0
4,24889,675.0
4,24917,678.0
4,24947,678.0
4,24961,678.0
4,24977,678.0
4,24991,678.0
4,25005,678.0
4,25021,678.0
4,25035,678.0
4,25067,678.0
4,25095,678.0
5,14956,451.0
5,15711,451.0
5,15737,451.0
5,15765,451.0
5,15781,451.0
5,15797,451.0
5,15823,515.0
5,15853,515.0
5,15867,515.0
5,15883,515.0
5,15909,515.0
5,15935,515.0
5,15949,515.0
5,15951,515.0
5,15965,515.0
5,15993,515.0
5,15995,515.0
5,16011,515.0
5,16025,515.0
5,16053,515.0
5,16067,565.0
5,16081,565.0
5,16107,565.0
5,16135,565.0
5,16137,565.0
5,16165,565.0
5,16179,565.0
5,16195,565.0
5,16209,565.0
5,16237,565.0
5,16267,565.0
5,16293,565.0
5,16325,565.0
5,16339,565.0
5,16355,565.0
5,16385,565.0
5,16399,565.0
5,16401,565.0
5,16415,565.0
5,16429,565.0
5,16443,584.0
5,16459,584.0
5,16487,584.0
5,16489,584.0
5,16517,584.0
5,16531,584.0
5,16547,584.0
5,16561,584.0
5,16563,584.0
5,16595,584.0
5,16621,584.0
5,16647,584.0
5,16649,584.0
5,16681,584.0
5,16697,584.0
5,16699,584.0
5,16701,584.0
5,16715,584.0
5,16741,596.0
5,16759,596.0
5,16777,596.0
5,16805,596.0
5,16807,596.0
5,16823,596.0
5,16825,596.0
5,16851,596.0
5,16865,596.0
5,16879,596.0
5,16893,600.0
5,16911,600.0
5,16913,600.0
5,16939,600.0
5,16941,600.0
5,16957,600.0
5,16959,600.0
5,16991,600.0
5,17005,600.0
5,17007,600.0
5,17035,600.0
5,17063,600.0
5,17079,600.0
5,17081,600.0
5,17109,600.0
5,17125,600.0
5,17141,600.0
5,17143,600.0
5,17145,600.0
5,17171,604.0
5,17199,607.0
5,17201,607.0
5,17203,607.0
5,17229,607.0
5,17257,607.0
5,17259,607.0
5,17273,607.0
5,17287,607.0
5,17305,607.0
5,17321,607.0
5,17349,607.0
5,17381,607.0
5,17395,607.0
5,17425,607.0
5,17451,607.0
5,17467,607.0
5,17493,607.0
5,17521,607.0
5,17523,607.0
5,17537,607.0
5,17539,607.0
5,17571,607.0
5,17601,607.0
5,17631,607.0
5,17657,607.0
5,17683,607.0
5,17715,607.0
5,17729,607.0
5,17761,607.0
5,17763,607.0
5,17789,612.0
5,17791,612.0
5,17823,612.0
5,17849,612.0
5,17863,612.0
5,17865,612.0
5,17867,612.0
5,17869,612.0
5,17883,612.0
5,17897,616.0
5,17913,616.0
5,17939,616.0
5,17955,616.0
5,17969,616.0
5,17983,616.0
5,17997,619.0
5,18029,619.0
5,18057,619.0
5,18071,625.0
5,18097,625.0
5,18123,635.0
5,18153,635.0
5,18179,635.0
5,18205,635.0
5,18237,635.0
5,18239,635.0
5,18255,635.0
5,18257,635.0
5,18259,635.0
5,18287,635.0
5,18289,635.0
5,18291,635.0
5,18305,635.0
5,18321,635.0
5,18347,635.0
5,18349,635.0
5,18379,635.0
5,18393,635.0
5,18423,635.0
5,18425,635.0
5,18451,635.0
5,18467,635.0
5,18493,635.0
5,18521,635.0
5,18535,635.0
5,18565,635.0
5,18579,635.0
5,18593,635.0
5,18607,635.0
5,18621,635.0
5,18647,637.0
5,18649,637.0
5,18651,637.0
5,18677,646.0
5,18693,646.0
5,18723,646.0
5,18725,646.0
5,18739,646.0
5,18767,646.0
5,18783,646.0
5,18799,646.0
5,18825,646.0
5,18827,646.0
5,18843,646.0
5,18857,646.0
5,18889,646.0
5,18905,646.0
5,18919,646.0
5,18951,646.0
5,18965,646.0
5,18993,646.0
5,19021,646.0
5,19047,646.0
5,19061,646.0
5,19077,646.0
5,19095,646.0
5,19123,646.0
5,19139,646.0
5,19167,646.0
5,19193,646.0
5,19227,646.0
5,19241,646.0
5,19255,646.0
5,19257,646.0
5,19273,646.0
5,19289,646.0
5,19319,646.0
5,19333,647.0
5,19359,647.0
5,19393,647.0
5,19395,647.0
5,19397,647.0
5,19399,647.0
5,19413,647.0
5,19427,647.0
5,19445,647.0
5,19471,647.0
5,19485,647.0
5,19487,647.0
5,19503,647.0
5,19517,647.0
5,19549,647.0
5,19571,647.0
5,19573,647.0
5,19589,647.0
5,19615,647.0
5,19631,647.0
5,19659,647.0
5,19685,647.0
5,19687,647.0
5,19701,647.0
5,19733,647.0
5,19767,647.0
5,19783,647.0
5,19785,647.0
5,19799,647.0
5,19813,647.0
5,19827,649.0
5,19843,649.0
5,19857,649.0
5,19859,649.0
5,19885,649.0
5,19899,649.0
5,19915,649.0
5,19929,649.0
5,19957,649.0
5,19985,659.0
5,20013,659.0
5,20015,659.0
5,20031,659.0
5,20033,659.0
5,20047,659.0
5,20061,659.0
5,20089,659.0
5,20113,659.0
5,20127,659.0
5,20143,659.0
5,20157,659.0
5,20185,659.0
5,20213,659.0
5,20215,659.0
5,20243,659.0
5,20259,659.0
5,20291,659.0
5,20307,659.0
5,20321,659.0
5,20351,659.0
5,20367,659.0
5,20381,659.0
5,20383,659.0
5,20409,659.0
5,20423,659.0
5,20425,659.0
5,20451,659.0
5,20465,659.0
5,20491,659.0
5,20519,659.0
5,20537,659.0
5,20551,659.0
5,20565,659.0
5,20579,659.0
5,20607,659.0
5,20625,659.0
5,20641,671.0
5,20657,671.0
5,20689,671.0
5,20717,671.0
5,20731,671.0
5,20745,671.0
5,20763,671.0
5,20793,671.0
5,20795,671.0
5,20827,671.0
5,20855,671.0
5,20871,671.0
5,20897,671.0
5,20923,671.0
5,20925,671.0
5,20927,671.0
5,20953,671.0
5,20985,671.0
5,21013,671.0
5,21027,671.0
5,21053,671.0
5,21081,671.0
5,21109,671.0
5,21135,671.0
5,21149,671.0
5,21163,671.0
5,21189,671.0
5,21219,671.0
5,21249,671.0
5,21263,671.0
5,21283,671.0
5,21311,671.0
5,21343,671.0
5,21369,671.0
5,21385,671.0
5,21399,671.0
5,21413,671.0
5,21445,671.0
5,21477,671.0
5,21495,671.0
5,21523,671.0
5,21543,671.0
5,21565,671.0
5,21591,671.0
5,21593,671.0
5,21609,671.0
5,21625,671.0
5,21627,671.0
5,21657,671.0
5,21677,671.0
5,21691,671.0
5,21693,671.0
5,21709,671.0
5,21735,671.0
5,21761,671.0
5,21777,671.0
5,21779,671.0
5,21805,671.0
5,21819,671.0
5,21847,671.0
5,21873,671.0
5,21875,671.0
5,21895,671.0
5,21923,671.0
5,21951,671.0
5,21953,671.0
5,21979,671.0
5,21981,671.0
5,21999,671.0
5,22001,671.0
5,22015,671.0
5,22017,671.0
5,22031,671.0
5,22061,671.0
5,22063,671.0
5,22081,671.0
5,22095,671.0
5,22111,671.0
5,22139,671.0
5,22167,674.0
5,22169,674.0
5,22187,674.0
5,22215,674.0
5,22243,674.0
5,22245,674.0
5,22271,674.0
5,22287,674.0
5,22303,674.0
5,22319,674.0
5,22333,674.0
5,22349,674.0
5,22351,674.0
5,22379,674.0
5,22407,674.0
5,22423,674.0
5,22449,674.0
5,22463,674.0
5,22491,674.0
5,22505,674.0
5,22535,674.0
5,22565,674.0
5,22581,674.0
5,22597,674.0
5,22625,674.0
5,22653,674.0
5,22679,674.0
5,22695,674.0
5,22725,674.0
5,22743,674.0
5,22771,674.0
5,22785,674.0
5,22815,674.0
5,22845,674.0
5,22877,674.0
5,22891,674.0
5,22919,674.0
5,22947,674.0
5,22961,674.0
5,22975,674.0
5,23003,674.0
5,23017,674.0
5,23033,674.0
5,23059,674.0
5,23075,674.0
5,23077,674.0
5,23103,674.0
5,23117,674.0
5,23131,680.0
5,23159,680.0
5,23189,680.0
5,23203,680.0
5,23217,680.0
5,23231,680.0
5,23261,680.0
5,23291,680.0
5,23307,680.0
5,23325,680.0
5,23339,680.0
5,23341,680.0
5,23355,680.0
5,23369,680.0
5,23371,680.0
5,23385,680.0
5,23399,680.0
5,23425,680.0
5,23439,680.0
5,23455,680.0
5,23483,680.0
5,23513,680.0
5,23515,680.0
5,23517,680.0
5,23519,680.0
5,23533,680.0
5,23547,680.0
5,23561,680.0
5,23575,680.0
5,23605,680.0
5,23631,680.0
5,23661,680.0
5,23691,680.0
5,23717,680.0
5,23731,680.0
5,23745,680.0
5,23775,680.0
5,23791,680.0
5,23807,680.0
5,23821,680.0
5,23835,680.0
5,23849,680.0
5,23875,680.0
5,23889,680.0
5,23903,680.0
5,23917,680.0
5,23931,680.0
5,23959,680.0
5,23975,680.0
5,24003,680.0
5,24031,680.0
5,24057,680.0
5,24083,680.0
5,24099,680.0
5,24131,680.0
5,24147,680.0
5,24175,680.0
5,24177,680.0
5,24191,680.0
5,24217,680.0
5,24249,680.0
5,24279,680.0
5,24293,680.0
5,24307,680.0
5,24321,680.0
5,24323,680.0
5,24337,680.0
5,24357,680.0
5,24371,680.0
5,24385,680.0
5,24387,680.0
5,24403,680.0
5,24405,680.0
5,24419,680.0
5,24435,680.0
5,24463,680.0
5,24495,680.0
5,24509,680.0
5,24539,680.0
5,24541,680.0
5,24559,680.0
5,24585,680.0
5,24613,680.0
5,24643,680.0
5,24657,680.0
5,24673,680.0
5,24675,680.0
5,24703,680.0
5,24733,680.0
5,24751,680.0
5,24781,680.0
5,24783,680.0
5,24809,680.0
5,24823,680.0
5,24837,680.0
5,24851,680.0
5,24867,680.0
5,24897,680.0
5,24923,680.0
5,24937,680.0
6,15058,391.0
6,15084,391.0
6,15110,391.0
6,15124,413.0
6,15150,413.0
6,15166,413.0
6,15184,413.0
6,15200,413.0
6,15226,413.0
6,15240,413.0
6,15254,413.0
6,16015,413.0
6,16033,425.0
6,16047,425.0
6,16073,425.0
6,16075,425.0
6,16091,425.0
6,16093,425.0
6,16119,425.0
6,16133,428.0
6,16149,428.0
6,16163,428.0
6,16191,428.0
6,16219,428.0
6,16221,428.0
6,16235,428.0
6,16249,455.0
6,16265,474.0
6,16283,474.0
6,16317,474.0
6,16343,474.0
6,16359,474.0
6,16387,474.0
6,16401,474.0
6,16415,474.0
6,16417,474.0
6,16431,475.0
6,16461,476.0
6,16489,476.0
6,16517,533.0
6,16531,533.0
6,16545,533.0
6,16547,533.0
6,16549,533.0
6,16563,533.0
6,16577,533.0
6,16593,533.0
6,16607,533.0
6,16633,533.0
6,16649,533.0
6,16663,533.0
6,16695,533.0
6,16709,533.0
6,16739,533.0
6,16741,533.0
6,16767,560.0
6,16795,560.0
6,16827,560.0
6,16829,560.0
6,16843,560.0
6,16857,560.0
6,16873,560.0
6,16891,560.0
6,16905,560.0
6,16919,560.0
6,16933,560.0
6,16947,578.0
6,16969,578.0
6,16995,578.0
6,16997,578.0
6,16999,578.0
6,17013,578.0
6,17029,578.0
6,17031,578.0
6,17047,578.0
6,17077,578.0
6,17095,578.0
6,17109,578.0
6,17137,578.0
6,17167,596.0
6,17185,596.0
6,17201,596.0
6,17219,596.0
6,17233,596.0
6,17249,596.0
6,17265,596.0
6,17267,596.0
6,17295,596.0
6,17297,596.0
6,17311,596.0
6,17327,596.0
6,17343,596.0
6,17357,596.0
6,17387,596.0
6,17405,596.0
6,17433,596.0
6,17449,596.0
6,17477,596.0
6,17507,596.0
6,17523,596.0
6,17541,596.0
6,17571,596.0
6,17599,596.0
6,17615,596.0
6,17629,596.0
6,17631,596.0
6,17657,596.0
6,17685,596.0
6,17715,596.0
6,17729,596.0
6,17749,596.0
6,17765,604.0
6,17793,604.0
6,17807,604.0
6,17827,604.0
6,17829,604.0
6,17843,604.0
6,17871,604.0
6,17899,604.0
6,17915,604.0
6,17929,611.0
6,17955,611.0
6,17981,618.0
6,17983,618.0
6,18011,618.0
6,18025,618.0
6,18027,618.0
6,18053,628.0
6,18081,628.0
6,18095,637.0
6,18121,637.0
6,18135,637.0
6,18149,637.0
6,18163,637.0
6,18177,637.0
6,18191,637.0
6,18205,637.0
6,18231,637.0
6,18245,637.0
6,18259,637.0
6,18273,637.0
6,18301,637.0
6,18329,637.0
6,18343,637.0
6,18371,637.0
6,18385,653.0
6,18387,653.0
6,18417,653.0
6,18443,653.0
6,18473,653.0
6,18475,653.0
6,18501,653.0
6,18531,653.0
6,18557,655.0
6,18571,655.0
6,18585,655.0
6,18601,655.0
6,18619,655.0
6,18633,655.0
6,18649,655.0
6,18675,655.0
6,18677,655.0
6,18691,655.0
6,18709,655.0
6,18711,655.0
6,18727,655.0
6,18759,655.0
6,18761,655.0
6,18781,655.0
6,18795,655.0
6,18823,655.0
6,18839,655.0
6,18867,655.0
6,18893,655.0
6,18909,655.0
6,18923,655.0
6,18957,655.0
6,18985,655.0
6,18987,655.0
6,19001,655.0
6,19015,655.0
6,19041,655.0
6,19043,655.0
6,19073,655.0
6,19087,655.0
6,19101,664.0
6,19127,664.0
6,19157,664.0
6,19171,664.0
6,19185,664.0
6,19213,664.0
6,19227,664.0
6,19241,664.0
6,19259,664.0
6,19261,664.0
6,19289,664.0
6,19315,664.0
6,19343,664.0
6,19369,664.0
6,19383,664.0
6,19409,664.0
6,19427,664.0
6,19429,664.0
6,19459,664.0
6,19489,664.0
6,19505,664.0
6,19519,664.0
6,19545,664.0
6,19559,664.0
6,19585,664.0
6,19601,664.0
6,19615,664.0
6,19629,664.0
6,19645,664.0
6,19673,664.0
6,19687,664.0
6,19701,664.0
6,19715,664.0
6,19731,664.0
6,19759,664.0
6,19773,664.0
6,19787,664.0
6,19819,664.0
6,19839,664.0
6,19853,664.0
6,19869,664.0
6,19883,664.0
6,19897,664.0
6,19913,664.0
6,19927,664.0
6,19959,664.0
6,19989,664.0
6,20005,664.0
6,20023,664.0
6,20025,664.0
6,20039,664.0
6,20069,664.0
6,20085,664.0
6,20117,668.0
6,20131,670.0
6,20157,670.0
6,20171,670.0
6,20199,670.0
6,20225,670.0
6,20251,670.0
6,20283,670.0
6,20309,670.0
6,20323,670.0
6,20337,670.0
6,20351,670.0
6,20365,670.0
6,20367,670.0
6,20369,670.0
6,20383,670.0
6,20399,670.0
6,20413,670.0
6,20429,670.0
6,20455,670.0
6,20469,670.0
6,20485,670.0
6,20503,670.0
6,20533,670.0
6,20549,670.0
6,20563,670.0
6,20589,670.0
6,20605,670.0
6,20639,670.0
6,20669,670.0
6,20697,670.0
6,20723,670.0
6,20737,670.0
6,20763,670.0
6,20765,670.0
6,20767,670.0
6,20781,670.0
6,20797,670.0
6,20813,670.0
6,20839,670.0
6,20855,673.0
6,20871,673.0
6,20903,673.0
6,20929,673.0
6,20943,673.0
6,20957,673.0
6,20973,673.0
6,20999,673.0
6,21015,673.0
6,21029,673.0
6,21047,673.0
6,21073,673.0
6,21089,673.0
6,21115,673.0
6,21145,673.0
6,21171,673.0
6,21201,673.0
6,21217,673.0
6,21219,673.0
6,21247,673.0
6,21279,673.0
6,21297,673.0
6,21299,673.0
6,21315,673.0
6,21329,673.0
6,21357,673.0
6,21383,673.0
6,21411,673.0
6,21427,673.0
6,21457,673.0
6,21483,673.0
6,21503,673.0
6,21517,673.0
6,21543,673.0
6,21575,673.0
6,21593,673.0
6,21609,673.0
6,21625,673.0
6,21639,673.0
6,21655,673.0
6,21669,673.0
6,21683,673.0
6,21711,673.0
6,21743,673.0
6,21763,673.0
6,21789,673.0
6,21817,673.0
6,21819,673.0
6,21835,673.0
6,21851,673.0
6,21877,673.0
6,21903,673.0
6,21919,673.0
6,21921,673.0
6,21949,673.0
6,21975,673.0
6,21977,673.0
6,22009,673.0
6,22011,673.0
6,22013,673.0
6,22031,673.0
6,22045,673.0
6,22063,673.0
6,22077,673.0
6,22091,673.0
6,22105,673.0
6,22121,673.0
6,22123,673.0
6,22137,673.0
6,22139,673.0
6,22155,673.0
6,22171,673.0
6,22201,673.0
6,22215,673.0
6,22217,673.0
6,22219,673.0
6,22221,673.0
6,22247,673.0
6,22273,673.0
6,22275,673.0
6,22289,673.0
6,22303,673.0
6,22329,673.0
6,22343,673.0
6,22345,673.0
6,22347,673.0
6,22375,673.0
6,22391,673.0
6,22405,673.0
6,22419,673.0
6,22433,673.0
6,22447,673.0
6,22483,673.0
6,22485,673.0
6,22513,673.0
6,22529,673.0
6,22555,673.0
6,22575,673.0
6,22601,673.0
6,22615,673.0
6,22629,673.0
6,22643,673.0
6,22659,673.0
6,22685,673.0
6,22717,673.0
6,22731,673.0
6,22745,673.0
6,22771,673.0
6,22801,673.0
6,22827,673.0
6,22841,673.0
6,22843,673.0
6,22873,673.0
6,22889,673.0
6,22891,673.0
6,22919,673.0
6,22933,673.0
6,22947,673.0
6,22965,673.0
6,22993,673.0
6,23023,673.0
6,23039,673.0
6,23065,675.0
6,23079,675.0
6,23107,675.0
6,23121,675.0
6,23135,675.0
6,23137,675.0
6,23169,675.0
6,23185,675.0
6,23201,675.0
6,23229,675.0
6,23243,675.0
6,23269,675.0
6,23271,675.0
6,23301,675.0
6,23319,675.0
6,23347,675.0
6,23381,675.0
6,23383,675.0
6,23409,675.0
6,23423,675.0
6,23453,675.0
6,23481,675.0
6,23495,675.0
6,23497,675.0
6,23529,675.0
6,23543,675.0
6,23581,675.0
6,23595,675.0
6,23597,675.0
6,23611,675.0
6,23625,675.0
6,23627,675.0
6,23641,675.0
6,23655,675.0
6,23685,675.0
6,23713,675.0
6,23715,675.0
6,23729,677.0
6,23747,677.0
6,23761,677.0
6,23775,677.0
6,23791,677.0
6,23819,677.0
6,23835,677.0
6,23837,677.0
6,23865,677.0
6,23893,677.0
6,23895,677.0
6,23925,677.0
6,23941,677.0
6,23975,677.0
6,23977,677.0
6,23979,677.0
6,24013,677.0
6,24027,677.0
6,24043,677.0
6,24069,677.0
6,24085,677.0
6,24099,677.0
6,24127,677.0
6,24157,677.0
6,24183,677.0
6,24213,677.0
6,24241,677.0
6,24267,677.0
6,24297,677.0
6,24323,677.0
6,24325,677.0
6,24339,677.0
6,24365,677.0
6,24379,677.0
6,24395,677.0
6,24411,677.0
6,24441,677.0
6,24471,677.0
6,24485,678.0
6,24499,678.0
6,24527,678.0
6,24553,678.0
6,24579,678.0
6,24593,678.0
6,24619,678.0
6,24645,678.0
6,24661,678.0
6,24677,678.0
6,24691,678.0
6,24719,678.0
6,24733,678.0
6,24735,678.0
6,24749,678.0
6,24763,678.0
6,24777,678.0
6,24793,678.0
6,24823,678.0
6,24849,678.0
6,24863,678.0
6,24877,678.0
6,24891,678.0
6,24917,678.0
6,24933,678.0
6,24959,678.0
6,24973,678.0
6,25007,678.0
6,25027,678.0
6,25041,678.0
6,25067,678.0
7,14964,447.0
7,14982,447.0
7,15012,447.0
7,15040,447.0
7,15817,447.0
7,15847,447.0
7,15849,447.0
7,15863,447.0
7,15893,516.0
7,15907,516.0
7,15921,516.0
7,15935,516.0
7,15937,516.0
7,15951,516.0
7,15967,516.0
7,15981,516.0
7,16007,516.0
7,16021,516.0
7,16047,516.0
7,16063,516.0
7,16065,516.0
7,16091,516.0
7,16105,516.0
7,16119,516.0
7,16135,516.0
7,16149,516.0
7,16179,516.0
7,16201,516.0
7,16227,516.0
7,16253,516.0
7,16269,516.0
7,16299,516.0
7,16313,516.0
7,16341,516.0
7,16357,516.0
7,16359,516.0
7,16391,516.0
7,16421,516.0
7,16423,516.0
7,16425,516.0
7,16441,516.0
7,16467,516.0
7,16469,516.0
7,16487,516.0
7,16501,516.0
7,16517,516.0
7,16535,516.0
7,16549,516.0
7,16579,516.0
7,16605,533.0
7,16619,533.0
7,16633,533.0
7,16663,533.0
7,16665,533.0
7,16693,533.0
7,16707,550.0
7,16709,550.0
7,16727,550.0
7,16729,550.0
7,16759,550.0
7,16773,550.0
7,16787,550.0
7,16801,550.0
7,16815,550.0
7,16829,550.0
7,16845,550.0
7,16871,554.0
7,16887,554.0
7,16917,554.0
7,16947,554.0
7,16961,554.0
7,16987,554.0
7,17017,563.0
7,17031,563.0
7,17057,563.0
7,17087,563.0
7,17089,563.0
7,17111,563.0
7,17113,563.0
7,17141,563.0
7,17167,563.0
7,17195,563.0
7,17211,563.0
7,17241,574.0
7,17255,574.0
7,17271,574.0
7,17285,574.0
7,17301,587.0
7,17317,587.0
7,17335,587.0
7,17365,587.0
7,17393,587.0
7,17407,587.0
7,17437,587.0
7,17439,587.0
7,17465,587.0
7,17493,587.0
7,17519,587.0
7,17533,587.0
7,17535,587.0
7,17565,587.0
7,17567,587.0
7,17569,587.0
7,17583,587.0
7,17597,587.0
7,17613,587.0
7,17633,587.0
7,17661,587.0
7,17675,587.0
7,17691,587.0
7,17693,587.0
7,17723,587.0
7,17743,587.0
7,17757,601.0
7,17785,601.0
7,17801,601.0
7,17815,601.0
7,17851,601.0
7,17865,601.0
7,17891,601.0
7,17919,601.0
7,17947,601.0
7,17961,601.0
7,17987,601.0
7,18003,601.0
7,18017,626.0
7,18051,626.0
7,18067,626.0
7,18095,629.0
7,18109,629.0
7,18135,629.0
7,18149,629.0
7,18183,629.0
7,18199,629.0
7,18201,629.0
7,18217,629.0
7,18235,629.0
7,18237,629.0
7,18239,629.0
7,18267,630.0
7,18281,630.0
7,18309,630.0
7,18323,630.0
7,18337,630.0
7,18363,630.0
7,18391,640.0
7,18411,640.0
7,18413,640.0
7,18427,640.0
7,18429,640.0
7,18457,640.0
7,18459,640.0
7,18489,640.0
7,18505,640.0
7,18519,640.0
7,18535,640.0
7,18553,640.0
7,18585,640.0
7,18599,640.0
7,18619,640.0
7,18645,640.0
7,18659,640.0
7,18661,640.0
7,18675,640.0
7,18703,640.0
7,18733,640.0
7,18749,640.0
7,18765,640.0
7,18767,640.0
7,18769,640.0
7,18771,640.0
7,18789,640.0
7,18807,640.0
7,18837,640.0
7,18855,640.0
7,18873,640.0
7,18887,640.0
7,18917,640.0
7,18943,640.0
7,18973,640.0
7,19005,640.0
7,19019,640.0
7,19035,640.0
7,19049,640.0
7,19063,640.0
7,19081,640.0
7,19109,640.0
7,19137,640.0
7,19167,640.0
7,19183,640.0
7,19209,640.0
7,19227,640.0
7,19241,644.0
7,19267,644.0
7,19269,644.0
7,19297,644.0
7,19311,644.0
7,19313,644.0
7,19339,644.0
7,19341,644.0
7,19355,644.0
7,19373,644.0
7,19387,644.0
7,19413,644.0
7,19441,644.0
7,19471,644.0
7,19497,644.0
7,19511,644.0
7,19529,644.0
7,19557,644.0
7,19571,644.0
7,19599,644.0
7,19613,644.0
7,19643,644.0
7,19645,644.0
7,19673,649.0
7,19675,649.0
7,19689,649.0
7,19691,649.0
7,19705,649.0
7,19707,649.0
7,19723,649.0
7,19751,649.0
7,19753,649.0
7,19755,649.0
7,19757,649.0
7,19771,649.0
7,19773,649.0
7,19775,649.0
7,19777,649.0
7,19791,649.0
7,19805,649.0
7,19831,661.0
7,19847,661.0
7,19863,661.0
7,19877,661.0
7,19893,661.0
7,19909,661.0
7,19923,661.0
7,19941,661.0
7,19955,661.0
7,19969,661.0
7,19971,661.0
7,19973,661.0
7,19987,661.0
7,20015,661.0
7,20029,661.0
7,20057,661.0
7,20073,661.0
7,20087,661.0
7,20089,661.0
7,20117,661.0
7,20145,661.0
7,20173,661.0
7,20187,661.0
7,20215,661.0
7,20241,661.0
7,20257,661.0
7,20271,661.0
7,20299,661.0
7,20325,661.0
7,20327,661.0
7,20341,661.0
7,20369,661.0
7,20401,661.0
7,20429,661.0
7,20455,661.0
7,20471,661.0
7,20497,661.0
7,20515,661.0
7,20517,661.0
7,20547,661.0
7,20565,661.0
7,20591,676.0
7,20619,676.0
7,20647,676.0
7,20663,676.0
7,20679,676.0
7,20705,676.0
7,20719,676.0
7,20749,676.0
7,20775,676.0
7,20793,676.0
7,20795,676.0
7,20809,676.0
7,20835,676.0
7,20851,676.0
7,20867,676.0
7,20897,676.0
7,20915,676.0
7,20943,676.0
7,20957,676.0
7,20959,676.0
7,20975,676.0
7,20977,676.0
7,21011,676.0
7,21013,676.0
7,21015,676.0
7,21031,676.0
7,21045,676.0
7,21061,676.0
7,21087,676.0
7,21101,676.0
7,21129,676.0
7,21159,676.0
7,21173,676.0
7,21187,676.0
7,21201,676.0
7,21215,676.0
7,21229,676.0
7,21259,676.0
7,21261,676.0
7,21263,676.0
7,21277,676.0
7,21305,676.0
7,21333,676.0
7,21335,676.0
7,21349,676.0
7,21375,676.0
7,21405,676.0
7,21421,676.0
7,21435,676.0
7,21451,676.0
7,21479,676.0
7,21509,676.0
7,21535,676.0
7,21555,676.0
7,21569,676.0
7,21583,676.0
7,21609,676.0
7,21625,676.0
7,21641,676.0
7,21643,676.0
7,21671,676.0
7,21697,676.0
7,21711,676.0
7,21713,676.0
7,21715,676.0
7,21729,676.0
7,21755,676.0
7,21781,676.0
7,21809,676.0
7,21837,676.0
7,21863,676.0
7,21879,676.0
7,21881,676.0
7,21917,676.0
7,21933,676.0
7,21935,676.0
7,21949,676.0
7,21979,676.0
7,21993,676.0
7,22021,676.0
7,22049,676.0
7,22063,676.0
7,22077,676.0
7,22091,676.0
7,22105,676.0
7,22119,676.0
7,22135,676.0
7,22149,676.0
7,22151,676.0
7,22153,676.0
7,22167,676.0
7,22181,676.0
7,22195,676.0
7,22209,676.0
7,22235,676.0
7,22249,676.0
7,22251,676.0
7,22267,676.0
7,22283,676.0
7,22313,676.0
7,22315,676.0
7,22341,676.0
7,22367,676.0
7,22381,676.0
7,22395,676.0
7,22423,676.0
7,22449,676.0
7,22477,676.0
7,22495,676.0
7,22509,676.0
7,22511,676.0
7,22531,676.0
7,22557,676.0
7,22583,676.0
7,22597,676.0
7,22611,676.0
7,22613,676.0
7,22629,676.0
7,22657,676.0
7,22675,676.0
7,22703,676.0
7,22733,676.0
7,22769,676.0
7,22771,676.0
7,22803,676.0
7,22819,676.0
7,22835,676.0
7,22851,676.0
7,22877,676.0
7,22905,676.0
7,22931,676.0
7,22959,676.0
7,22975,676.0
7,22989,676.0
7,23015,676.0
7,23041,676.0
7,23067,676.0
7,23081,676.0
7,23109,676.0
7,23125,676.0
7,23141,676.0
7,23143,676.0
7,23171,676.0
7,23185,676.0
7,23187,676.0
7,23205,676.0
7,23223,676.0
7,23239,676.0
7,23257,676.0
7,23271,677.0
7,23297,677.0
7,23311,677.0
7,23313,677.0
7,23315,677.0
7,23329,677.0
7,23343,677.0
7,23357,677.0
7,23387,677.0
7,23403,677.0
7,23405,677.0
7,23431,677.0
7,23445,677.0
7,23475,677.0
7,23507,677.0
7,23521,677.0
7,23537,677.0
7,23567,677.0
7,23581,677.0
7,23611,677.0
7,23627,677.0
7,23629,677.0
7,23665,677.0
7,23679,677.0
7,23693,677.0
7,23719,677.0
7,23721,677.0
7,23735,677.0
7,23753,677.0
7,23779,677.0
7,23793,677.0
7,23811,677.0
7,23839,677.0
7,23865,677.0
7,23893,677.0
7,23895,677.0
7,23921,677.0
7,23923,677.0
7,23939,677.0
7,23941,677.0
7,23943,677.0
7,23957,677.0
7,23973,677.0
7,24001,677.0
7,24015,677.0
7,24029,677.0
7,24045,677.0
7,24059,677.0
7,24075,677.0
7,24091,677.0
7,24107,677.0
7,24135,677.0
7,24161,677.0
7,24189,677.0
7,24217,677.0
7,24247,677.0
7,24275,677.0
7,24277,677.0
7,24293,677.0
7,24295,677.0
7,24297,677.0
7,24327,677.0
7,24341,677.0
7,24369,677.0
7,24383,677.0
7,24399,677.0
7,24401,677.0
7,24429,678.0
7,24443,678.0
7,24445,678.0
7,24447,678.0
7,24465,678.0
7,24479,678.0
7,24505,678.0
7,24521,678.0
7,24523,678.0
7,24539,678.0
7,24541,678.0
7,24569,678.0
7,24585,678.0
7,24599,678.0
7,24613,678.0
7,24641,678.0
7,24667,678.0
7,24669,678.0
7,24695,678.0
7,24711,678.0
7,24713,678.0
7,24741,678.0
7,24769,678.0
7,24797,678.0
7,24825,678.0
7,24853,678.0
7,24867,678.0
7,24881,678.0
7,24883,678.0
7,24901,678.0
7,24915,678.0
7,24949,678.0
8,15010,396.0
8,15024,396.0
8,15026,396.0
8,15054,459.0
8,15084,459.0
8,15823,459.0
8,15837,459.0
8,15867,459.0
8,15897,473.0
8,15927,473.0
8,15941,473.0
8,15943,473.0
8,15957,473.0
8,15983,473.0
8,15985,473.0
8,15999,473.0
8,16015,473.0
8,16029,476.0
8,16043,476.0
8,16059,476.0
8,16077,476.0
8,16091,476.0
8,16093,476.0
8,16107,476.0
8,16121,476.0
8,16147,476.0
8,16177,476.0
8,16205,476.0
8,16231,509.0
8,16261,528.0
8,16277,528.0
8,16291,528.0
8,16293,528.0
8,16307,528.0
8,16335,528.0
8,16363,528.0
8,16377,528.0
8,16407,538.0
8,16425,538.0
8,16439,538.0
8,16465,542.0
8,16467,542.0
8,16481,542.0
8,16495,542.0
8,16511,542.0
8,16539,542.0
8,16565,542.0
8,16593,542.0
8,16623,542.0
8,16657,543.0
8,16659,543.0
8,16679,543.0
8,16709,543.0
8,16725,543.0
8,16751,562.0
8,16765,562.0
8,16795,562.0
8,16823,562.0
8,16839,562.0
8,16857,562.0
8,16873,562.0
8,16901,562.0
8,16915,562.0
8,16917,562.0
8,16931,562.0
8,16961,562.0
8,16989,562.0
8,17015,574.0
8,17029,574.0
8,17043,584.0
8,17069,584.0
8,17099,584.0
8,17129,584.0
8,17131,584.0
8,17133,584.0
8,17161,584.0
8,17177,584.0
8,17203,584.0
8,17231,607.0
8,17257,607.0
8,17291,607.0
8,17319,607.0
8,17335,607.0
8,17337,607.0
8,17367,607.0
8,17381,607.0
8,17395,607.0
8,17409,607.0
8,17411,607.0
8,17429,607.0
8,17457,607.0
8,17485,625.0
8,17515,625.0
8,17531,625.0
8,17557,625.0
8,17559,625.0
8,17587,625.0
8,17603,625.0
8,17617,625.0
8,17643,625.0
8,17673,625.0
8,17687,625.0
8,17717,625.0
8,17733,625.0
8,17761,625.0
8,17789,625.0
8,17803,625.0
8,17833,625.0
8,17847,625.0
8,17861,625.0
8,17863,625.0
8,17879,625.0
8,17881,625.0
8,17895,625.0
8,17923,625.0
8,17937,625.0
8,17939,625.0
8,17941,625.0
8,17955,625.0
8,17969,625.0
8,17971,625.0
8,17985,625.0
8,18013,625.0
8,18039,625.0
8,18055,625.0
8,18069,625.0
8,18087,625.0
8,18117,625.0
8,18131,625.0
8,18133,625.0
8,18159,625.0
8,18173,625.0
8,18191,625.0
8,18205,625.0
8,18221,625.0
8,18247,625.0
8,18279,625.0
8,18281,625.0
8,18309,625.0
8,18337,625.0
8,18371,625.0
8,18387,625.0
8,18417,625.0
8,18451,636.0
8,18477,636.0
8,18491,636.0
8,18517,636.0
8,18543,636.0
8,18557,642.0
8,18577,642.0
8,18603,642.0
8,18605,642.0
8,18619,650.0
8,18647,650.0
8,18663,650.0
8,18689,650.0
8,18721,650.0
8,18749,650.0
8,18777,650.0
8,18779,650.0
8,18793,650.0
8,18807,650.0
8,18837,650.0
8,18863,651.0
8,18877,651.0
8,18905,651.0
8,18933,651.0
8,18961,656.0
8,18963,656.0
8,18989,656.0
8,19007,656.0
8,19009,656.0
8,19037,656.0
8,19055,656.0
8,19057,656.0
8,19059,656.0
8,19075,656.0
8,19089,656.0
8,19105,656.0
8,19119,656.0
8,19149,656.0
8,19151,656.0
8,19177,656.0
8,19193,656.0
8,19209,656.0
8,19223,656.0
8,19237,656.0
8,19265,656.0
8,19281,656.0
8,19299,656.0
8,19313,656.0
8,19329,656.0
8,19355,656.0
8,19369,656.0
8,19383,656.0
8,19413,656.0
8,19429,656.0
8,19455,656.0
8,19469,656.0
8,19483,656.0
8,19485,656.0
8,19487,656.0
8,19489,656.0
8,19507,656.0
8,19523,656.0
8,19557,656.0
8,19559,656.0
8,19561,656.0
8,19577,656.0
8,19607,656.0
8,19621,656.0
8,19637,656.0
8,19667,656.0
8,19693,664.0
8,19723,664.0
8,19737,664.0
8,19753,664.0
8,19769,664.0
8,19783,664.0
8,19813,664.0
8,19827,664.0
8,19841,664.0
8,19855,664.0
8,19869,664.0
8,19893,664.0
8,19895,664.0
8,19897,664.0
8,19925,664.0
8,19951,667.0
8,19965,667.0
8,19991,667.0
8,19993,667.0
8,20025,667.0
8,20039,667.0
8,20041,667.0
8,20043,667.0
8,20045,667.0
8,20059,667.0
8,20061,667.0
8,20089,667.0
8,20119,667.0
8,20145,667.0
8,20161,667.0
8,20189,667.0
8,20205,667.0
8,20221,667.0
8,20249,667.0
8,20263,667.0
8,20279,667.0
8,20293,667.0
8,20307,667.0
8,20321,667.0
8,20335,667.0
8,20349,667.0
8,20377,667.0
8,20403,667.0
8,20431,667.0
8,20457,667.0
8,20473,667.0
8,20499,667.0
8,20525,667.0
8,20539,667.0
8,20565,667.0
8,20579,667.0
8,20581,667.0
8,20609,667.0
8,20623,667.0
8,20637,667.0
8,20651,667.0
8,20677,670.0
8,20679,670.0
8,20707,670.0
8,20721,670.0
8,20735,670.0
8,20763,670.0
8,20777,670.0
8,20791,670.0
8,20805,670.0
8,20831,675.0
8,20849,675.0
8,20863,675.0
8,20865,675.0
8,20881,675.0
8,20895,675.0
8,20909,675.0
8,20911,675.0
8,20939,675.0
8,20957,675.0
8,20971,675.0
8,20991,675.0
8,21005,675.0
8,21007,675.0
8,21021,675.0
8,21023,675.0
8,21037,675.0
8,21053,675.0
8,21079,675.0
8,21105,675.0
8,21121,675.0
8,21135,675.0
8,21165,675.0
8,21167,675.0
8,21195,675.0
8,21197,675.0
8,21199,675.0
8,21213,675.0
8,21227,675.0
8,21255,675.0
8,21271,675.0
8,21289,675.0
8,21291,675.0
8,21309,675.0
8,21339,675.0
8,21367,675.0
8,21393,675.0
8,21395,675.0
8,21411,675.0
8,21425,675.0
8,21439,675.0
8,21467,675.0
8,21481,675.0
8,21497,675.0
8,21513,675.0
8,21531,675.0
8,21561,675.0
8,21575,675.0
8,21591,675.0
8,21619,675.0
8,21635,675.0
8,21649,675.0
8,21681,675.0
8,21707,675.0
8,21735,675.0
8,21763,675.0
8,21765,675.0
8,21793,675.0
8,21823,675.0
8,21853,675.0
8,21879,675.0
8,21893,675.0
8,21909,675.0
8,21923,675.0
8,21941,675.0
8,21955,675.0
8,21969,675.0
8,21997,675.0
8,22031,675.0
8,22045,675.0
8,22059,675.0
8,22073,675.0
8,22099,675.0
8,22113,675.0
8,22127,675.0
8,22129,675.0
8,22147,675.0
8,22161,675.0
8,22163,675.0
8,22189,675.0
8,22215,675.0
8,22217,675.0
8,22231,675.0
8,22247,675.0
8,22265,675.0
8,22279,675.0
8,22281,675.0
8,22295,675.0
8,22323,675.0
8,22337,675.0
8,22351,675.0
8,22379,675.0
8,22405,675.0
8,22435,675.0
8,22449,675.0
8,22477,675.0
8,22491,675.0
8,22505,675.0
8,22531,675.0
8,22565,675.0
8,22567,675.0
8,22583,675.0
8,22585,675.0
8,22599,675.0
8,22625,675.0
8,22627,675.0
8,22655,675.0
8,22687,675.0
8,22701,675.0
8,22715,675.0
8,22717,675.0
8,22743,675.0
8,22745,675.0
8,22775,675.0
8,22803,675.0
8,22821,675.0
8,22853,675.0
8,22879,675.0
8,22905,675.0
8,22921,675.0
8,22951,675.0
8,22953,675.0
8,22955,675.0
8,22981,675.0
8,23007,684.0
8,23021,684.0
8,23037,684.0
8,23051,684.0
8,23065,684.0
8,23079,684.0
8,23107,684.0
8,23109,684.0
8,23123,684.0
8,23149,684.0
8,23179,684.0
8,23181,684.0
8,23209,684.0
8,23223,684.0
8,23239,684.0
8,23269,684.0
8,23299,684.0
8,23317,684.0
8,23343,684.0
8,23375,684.0
8,23401,684.0
8,23431,684.0
8,23459,684.0
8,23473,684.0
8,23499,684.0
8,23517,684.0
8,23519,684.0
8,23533,684.0
8,23549,684.0
8,23551,684.0
8,23565,684.0
8,23567,684.0
8,23581,684.0
8,23597,684.0
8,23613,684.0
8,23643,684.0
8,23671,684.0
8,23687,684.0
8,23701,684.0
8,23727,684.0
8,23745,684.0
8,23759,684.0
8,23773,684.0
8,23787,684.0
8,23801,684.0
8,23803,684.0
8,23817,684.0
8,23847,684.0
8,23863,684.0
8,23889,684.0
8,23903,684.0
8,23919,684.0
8,23947,684.0
8,23961,684.0
8,23989,684.0
8,24019,684.0
8,24033,684.0
8,24061,684.0
8,24091,684.0
8,24107,684.0
8,24121,684.0
8,24153,684.0
8,24169,684.0
8,24171,684.0
8,24197,684.0
8,24199,684.0
8,24213,684.0
8,24245,684.0
8,24247,684.0
8,24263,684.0
8,24265,684.0
8,24267,684.0
8,24283,684.0
8,24285,684.0
8,24287,684.0
8,24317,684.0
8,24345,684.0
8,24361,684.0
8,24375,684.0
8,24377,684.0
8,24393,684.0
8,24407,684.0
8,24421,684.0
8,24435,684.0
8,24437,684.0
8,24463,684.0
8,24479,684.0
8,24495,684.0
8,24523,684.0
8,24549,684.0
8,24565,684.0
8,24591,684.0
8,24621,684.0
8,24647,684.0
8,24663,684.0
8,24679,684.0
8,24693,684.0
8,24709,684.0
8,24711,684.0
8,24739,684.0
8,24741,684.0
8,24755,684.0
8,24769,684.0
8,24797,684.0
8,24811,684.0
8,24827,684.0
8,24847,684.0
8,24875,684.0
8,24889,684.0
8,24917,684.0
8,24931,684.0
8,24933,684.0
8,24949,684.0
8,24951,684.0
8,24979,684.0
8,25007,684.0
9,14916,441.0
9,14946,441.0
9,14972,441.0
9,15727,441.0
9,15753,484.0
9,15769,484.0
9,15797,513.0
9,15811,513.0
9,15841,513.0
9,15843,513.0
9,15857,513.0
9,15883,513.0
9,15885,513.0
9,15899,513.0
9,15929,513.0
9,15943,513.0
9,15957,513.0
9,15971,558.0
9,15987,558.0
9,16001,558.0
9,16017,558.0
9,16047,558.0
9,16049,558.0
9,16075,558.0
9,16089,558.0
9,16091,558.0
9,16107,558.0
9,16121,558.0
9,16149,596.0
9,16151,596.0
9,16177,596.0
9,16179,596.0
9,16181,596.0
9,16207,596.0
9,16221,633.0
9,16249,633.0
9,16275,633.0
9,16307,633.0
9,16321,633.0
9,16337,633.0
9,16351,651.0
9,16377,651.0
9,16379,651.0
9,16381,651.0
9,16395,651.0
9,16413,651.0
9,16427,651.0
9,16443,651.0
9,16459,651.0
9,16489,651.0
9,16503,651.0
9,16517,651.0
9,16533,651.0
9,16559,651.0
9,16573,651.0
9,16599,651.0
9,16629,651.0
9,16655,658.0
9,16681,658.0
9,16697,658.0
9,16725,658.0
9,16755,658.0
9,16769,658.0
9,16785,658.0
9,16801,658.0
9,16829,658.0
9,16843,658.0
9,16871,658.0
9,16897,658.0
9,16923,658.0
9,16937,663.0
9,16953,663.0
9,16967,663.0
9,16997,663.0
9,16999,663.0
9,17013,663.0
9,17027,671.0
9,17041,671.0
9,17069,671.0
9,17083,671.0
9,17101,671.0
9,17119,671.0
9,17147,671.0
9,17177,671.0
9,17203,671.0
9,17205,671.0
9,17221,671.0
9,17237,671.0
9,17251,671.0
9,17265,671.0
9,17293,671.0
9,17323,671.0
9,17353,671.0
9,17367,671.0
9,17397,671.0
9,17423,671.0
9,17441,671.0
9,17467,671.0
9,17469,671.0
9,17471,671.0
9,17493,671.0
9,17529,671.0
9,17545,671.0
9,17571,671.0
9,17597,671.0
9,17611,678.0
9,17637,678.0
9,17651,680.0
9,17667,680.0
9,17683,680.0
9,17711,680.0
9,17713,680.0
9,17731,680.0
9,17757,680.0
9,17787,680.0
9,17803,680.0
9,17817,680.0
9,17843,680.0
9,17857,680.0
9,17885,680.0
9,17917,680.0
9,17947,680.0
9,17977,680.0
9,17991,680.0
9,17993,680.0
9,17995,680.0
9,18023,680.0
9,18051,680.0
9,18079,680.0
9,18081,680.0
9,18097,680.0
9,18113,680.0
9,18127,680.0
9,18155,680.0
9,18169,680.0
9,18197,680.0
9,18215,680.0
9,18245,680.0
9,18259,680.0
9,18285,680.0
9,18303,680.0
9,18305,680.0
9,18331,680.0
9,18345,680.0
9,18373,680.0
9,18387,680.0
9,18413,680.0
9,18427,680.0
9,18443,680.0
9,18473,680.0
9,18489,680.0
9,18503,680.0
9,18505,680.0
9,18539,680.0
9,18541,680.0
9,18571,680.0
9,18599,680.0
9,18613,680.0
9,18641,680.0
9,18659,680.0
9,18677,680.0
9,18691,680.0
9,18705,680.0
9,18733,680.0
9,18749,680.0
9,18783,680.0
9,18799,680.0
9,18801,680.0
9,18827,680.0
9,18841,680.0
9,18855,680.0
9,18869,680.0
9,18895,680.0
9,18909,680.0
9,18923,680.0
9,18949,680.0
9,18975,680.0
9,18991,680.0
9,19025,680.0
9,19039,680.0
9,19065,680.0
9,19081,680.0
9,19095,680.0
9,19129,680.0
9,19161,680.0
9,19175,680.0
9,19177,680.0
9,19179,680.0
9,19209,680.0
9,19241,680.0
9,19243,680.0
9,19257,680.0
9,19291,680.0
9,19293,680.0
9,19311,680.0
9,19313,680.0
9,19315,680.0
9,19331,680.0
9,19345,680.0
9,19371,680.0
9,19385,680.0
9,19413,680.0
9,19439,682.0
9,19455,682.0
9,19485,682.0
9,19501,682.0
9,19517,682.0
9,19533,682.0
9,19549,682.0
9,19565,682.0
9,19581,682.0
9,19597,682.0
9,19627,682.0
9,19629,682.0
9,19631,682.0
9,19647,682.0
9,19661,682.0
9,19689,682.0
9,19715,682.0
9,19741,682.0
9,19755,682.0
9,19771,682.0
9,19797,682.0
9,19827,682.0
9,19857,682.0
9,19871,682.0
9,19899,682.0
9,19915,682.0
9,19917,682.0
9,19945,682.0
9,19959,682.0
9,19991,682.0
9,20019,682.0
9,20047,682.0
9,20063,682.0
9,20093,682.0
9,20119,682.0
9,20133,682.0
9,20163,682.0
9,20179,682.0
9,20193,682.0
9,20207,682.0
9,20235,682.0
9,20249,682.0
9,20263,682.0
9,20279,682.0
9,20309,682.0
9,20337,682.0
9,20339,682.0
9,20355,682.0
9,20371,682.0
9,20373,682.0
9,20399,682.0
9,20425,682.0
9,20427,682.0
9,20457,682.0
9,20485,682.0
9,20487,682.0
9,20517,682.0
9,20533,682.0
9,20547,682.0
9,20549,682.0
9,20579,682.0
9,20615,682.0
9,20643,682.0
9,20659,682.0
9,20677,682.0
9,20693,682.0
9,20707,682.0
9,20721,682.0
9,20737,682.0
9,20751,682.0
9,20753,682.0
9,20781,682.0
9,20783,682.0
9,20797,682.0
9,20827,682.0
9,20841,682.0
9,20869,682.0
9,20901,682.0
9,20927,682.0
9,20929,682.0
9,20957,682.0
9,20971,682.0
9,20987,682.0
9,21001,682.0
9,21015,682.0
9,21041,682.0
9,21055,682.0
9,21071,682.0
9,21091,682.0
9,21117,682.0
9,21119,682.0
9,21133,682.0
9,21147,682.0
9,21173,682.0
9,21199,682.0
9,21213,682.0
9,21231,682.0
9,21233,682.0
9,21263,682.0
9,21289,682.0
9,21303,682.0
9,21317,682.0
9,21331,682.0
9,21357,682.0
9,21359,682.0
9,21389,682.0
9,21415,682.0
9,21443,682.0
9,21469,682.0
9,21471,682.0
9,21491,682.0
9,21493,682.0
9,21507,682.0
9,21509,682.0
9,21511,682.0
9,21541,682.0
9,21543,682.0
9,21557,682.0
9,21585,682.0
9,21599,683.0
9,21619,683.0
9,21647,683.0
9,21675,683.0
9,21689,683.0
9,21719,683.0
9,21745,683.0
9,21761,683.0
9,21789,683.0
9,21805,683.0
9,21819,683.0
9,21847,683.0
9,21861,683.0
9,21889,683.0
9,21891,683.0
9,21917,683.0
9,21947,683.0
9,21973,683.0
9,21987,683.0
9,22001,683.0
9,22015,683.0
9,22041,683.0
9,22057,683.0
9,22071,683.0
9,22099,683.0
9,22113,683.0
9,22127,683.0
9,22129,683.0
9,22143,683.0
9,22157,683.0
9,22185,683.0
9,22187,683.0
9,22205,683.0
9,22207,683.0
9,22233,683.0
9,22247,683.0
9,22261,683.0
9,22275,683.0
9,22291,683.0
9,22305,683.0
9,22333,683.0
9,22361,683.0
9,22363,683.0
9,22365,683.0
9,22397,683.0
9,22399,683.0
9,22429,683.0
9,22455,683.0
9,22469,683.0
9,22483,683.0
9,22497,683.0
9,22525,683.0
9,22527,683.0
9,22543,683.0
9,22557,683.0
9,22571,683.0
9,22585,683.0
9,22613,683.0
9,22629,683.0
9,22631,683.0
9,22649,683.0
9,22665,683.0
9,22679,683.0
9,22693,683.0
9,22719,683.0
9,22733,683.0
9,22759,683.0
9,22773,683.0
9,22787,683.0
9,22815,683.0
9,22843,683.0
9,22871,683.0
9,22899,683.0
9,22913,683.0
9,22929,683.0
9,22931,683.0
9,22947,683.0
9,22961,683.0
9,22963,683.0
9,22977,683.0
9,23005,683.0
9,23035,683.0
9,23037,683.0
9,23051,683.0
9,23077,683.0
9,23097,683.0
9,23113,683.0
9,23127,683.0
9,23155,683.0
9,23187,683.0
9,23189,683.0
9,23221,683.0
9,23235,683.0
9,23263,683.0
9,23291,683.0
9,23317,683.0
9,23319,683.0
9,23333,683.0
9,23359,683.0
9,23385,683.0
9,23387,683.0
9,23405,683.0
9,23433,683.0
9,23447,683.0
9,23475,683.0
9,23491,683.0
9,23507,683.0
9,23521,683.0
9,23549,683.0
9,23575,683.0
9,23591,683.0
9,23621,683.0
9,23623,683.0
9,23653,683.0
9,23681,683.0
9,23683,683.0
9,23697,683.0
9,23713,683.0
9,23715,683.0
9,23731,683.0
9,23761,683.0
9,23789,683.0
9,23807,683.0
9,23823,683.0
9,23839,683.0
9,23867,683.0
9,23885,683.0
9,23911,683.0
9,23937,683.0
9,23951,683.0
9,23967,683.0
9,23981,683.0
9,24013,683.0
9,24027,683.0
9,24059,683.0
9,24073,683.0
9,24099,683.0
9,24113,683.0
9,24139,683.0
9,24171,683.0
9,24187,683.0
9,24213,683.0
9,24229,683.0
9,24259,683.0
9,24273,683.0
9,24303,683.0
9,24305,683.0
9,24321,683.0
9,24335,683.0
9,24363,683.0
9,24389,683.0
9,24403,683.0
9,24417,683.0
9,24431,683.0
9,24445,683.0
9,24447,683.0
9,24477,683.0
9,24493,683.0
9,24507,683.0
9,24533,683.0
9,24561,683.0
9,24575,683.0
9,24589,683.0
9,24619,683.0
9,24621,683.0
9,24639,683.0
9,24655,683.0
9,24685,683.0
9,24713,683.0
9,24741,683.0
9,24755,683.0
9,24757,683.0
9,24787,683.0
9,24801,683.0
9,24829,683.0
9,24855,683.0
9,24871,683.0
9,24887,683.0
9,24889,683.0
10,14812,442.0
10,14826,442.0
10,14842,442.0
10,14860,442.0
10,14886,442.0
10,14900,442.0
10,14928,444.0
10,15713,444.0
10,15739,471.0
10,15757,471.0
10,15785,471.0
10,15811,471.0
10,15829,471.0
10,15845,471.0
10,15859,471.0
10,15881,471.0
10,15897,471.0
10,15913,471.0
10,15941,471.0
10,15955,471.0
10,15987,471.0
10,15989,471.0
10,16003,471.0
10,16035,509.0
10,16065,509.0
10,16095,509.0
10,16131,509.0
10,16145,509.0
10,16163,509.0
10,16179,509.0
10,16193,509.0
10,16195,509.0
10,16209,563.0
10,16237,563.0
10,16251,563.0
10,16265,563.0
10,16281,563.0
10,16313,563.0
10,16347,563.0
10,16373,563.0
10,16389,563.0
10,16415,579.0
10,16417,579.0
10,16443,579.0
10,16457,579.0
10,16483,601.0
10,16501,601.0
10,16529,601.0
10,16543,601.0
10,16557,601.0
10,16571,601.0
10,16587,601.0
10,16603,601.0
10,16617,601.0
10,16631,601.0
10,16657,601.0
10,16659,601.0
10,16689,601.0
10,16707,601.0
10,16725,601.0
10,16751,601.0
10,16765,601.0
10,16767,601.0
10,16797,601.0
10,16811,601.0
10,16825,601.0
10,16827,601.0
10,16841,601.0
10,16869,601.0
10,16883,601.0
10,16899,601.0
10,16913,601.0
10,16941,601.0
10,16957,601.0
10,16971,601.0
10,16997,601.0
10,17029,628.0
10,17043,628.0
10,17071,628.0
10,17087,628.0
10,17113,628.0
10,17115,628.0
10,17141,628.0
10,17155,628.0
10,17169,628.0
10,17197,628.0
10,17227,628.0
10,17245,628.0
10,17259,628.0
10,17287,628.0
10,17313,628.0
10,17329,628.0
10,17357,628.0
10,17373,628.0
10,17387,628.0
10,17403,628.0
10,17417,628.0
10,17431,628.0
10,17445,628.0
10,17461,628.0
10,17487,628.0
10,17503,628.0
10,17517,628.0
10,17533,628.0
10,17559,628.0
10,17585,628.0
10,17601,628.0
10,17615,628.0
10,17629,628.0
10,17657,628.0
10,17671,628.0
10,17673,628.0
10,17687,628.0
10,17689,628.0
10,17703,628.0
10,17705,628.0
10,17731,628.0
10,17733,628.0
10,17761,628.0
10,17791,628.0
10,17821,628.0
10,17837,628.0
10,17853,628.0
10,17867,628.0
10,17881,628.0
10,17895,628.0
10,17909,628.0
10,17925,628.0
10,17941,628.0
10,17967,628.0
10,17969,628.0
10,17997,628.0
10,18023,628.0
10,18025,628.0
10,18045,628.0
10,18073,628.0
10,18091,628.0
10,18107,628.0
10,18133,628.0
10,18159,639.0
10,18185,639.0
10,18199,639.0
10,18227,639.0
10,18243,639.0
10,18275,639.0
10,18307,639.0
10,18321,639.0
10,18323,639.0
10,18325,639.0
10,18343,639.0
10,18371,639.0
10,18397,639.0
10,18399,639.0
10,18427,639.0
10,18429,639.0
10,18443,639.0
10,18475,639.0
10,18501,639.0
10,18517,639.0
10,18545,639.0
10,18559,639.0
10,18573,639.0
10,18575,639.0
10,18589,639.0
10,18605,639.0
10,18633,639.0
10,18647,640.0
10,18661,640.0
10,18679,640.0
10,18709,640.0
10,18711,640.0
10,18729,640.0
10,18755,640.0
10,18783,642.0
10,18785,642.0
10,18813,647.0
10,18815,647.0
10,18835,647.0
10,18849,647.0
10,18863,647.0
10,18881,647.0
10,18895,647.0
10,18923,647.0
10,18937,649.0
10,18969,649.0
10,18983,649.0
10,19011,649.0
10,19013,649.0
10,19039,649.0
10,19055,649.0
10,19057,649.0
10,19085,649.0
10,19111,649.0
10,19125,649.0
10,19157,649.0
10,19183,649.0
10,19209,649.0
10,19223,649.0
10,19237,651.0
10,19251,651.0
10,19279,652.0
10,19281,652.0
10,19283,652.0
10,19309,652.0
10,19323,652.0
10,19337,652.0
10,19353,652.0
10,19369,652.0
10,19383,652.0
10,19385,652.0
10,19413,652.0
10,19427,652.0
10,19441,652.0
10,19443,652.0
10,19471,652.0
10,19487,652.0
10,19519,652.0
10,19533,652.0
10,19563,652.0
10,19595,652.0
10,19623,652.0
10,19643,652.0
10,19657,652.0
10,19671,652.0
10,19699,652.0
10,19713,667.0
10,19715,667.0
10,19733,667.0
10,19759,667.0
10,19773,667.0
10,19789,667.0
10,19791,667.0
10,19793,667.0
10,19813,667.0
10,19843,667.0
10,19845,667.0
10,19859,667.0
10,19885,667.0
10,19915,667.0
10,19929,667.0
10,19931,667.0
10,19959,667.0
10,19973,667.0
10,19999,667.0
10,20001,667.0
10,20017,667.0
10,20031,667.0
10,20033,667.0
10,20059,667.0
10,20073,667.0
10,20075,667.0
10,20089,667.0
10,20105,667.0
10,20135,667.0
10,20151,667.0
10,20167,667.0
10,20197,667.0
10,20223,667.0
10,20237,667.0
10,20251,667.0
10,20277,669.0
10,20291,669.0
10,20305,669.0
10,20331,669.0
10,20347,669.0
10,20361,669.0
10,20389,669.0
10,20405,669.0
10,20433,669.0
10,20463,669.0
10,20465,669.0
10,20479,669.0
10,20493,669.0
10,20507,669.0
10,20521,669.0
10,20553,669.0
10,20567,669.0
10,20569,669.0
10,20583,669.0
10,20609,669.0
10,20611,669.0
10,20625,669.0
10,20627,669.0
10,20653,669.0
10,20681,669.0
10,20697,669.0
10,20699,669.0
10,20715,669.0
10,20717,669.0
10,20751,669.0
10,20767,669.0
10,20795,669.0
10,20809,669.0
10,20839,669.0
10,20853,669.0
10,20871,669.0
10,20897,671.0
10,20913,671.0
10,20929,671.0
10,20955,671.0
10,20983,671.0
10,21009,671.0
10,21035,673.0
10,21067,673.0
10,21095,673.0
10,21121,673.0
10,21141,673.0
10,21157,673.0
10,21159,673.0
10,21161,673.0
10,21163,673.0
10,21177,673.0
10,21191,673.0
10,21207,673.0
10,21221,673.0
10,21235,673.0
10,21263,673.0
10,21291,673.0
10,21309,673.0
10,21311,673.0
10,21325,673.0
10,21327,673.0
10,21341,673.0
10,21357,673.0
10,21385,673.0
10,21399,673.0
10,21401,673.0
10,21403,673.0
10,21429,673.0
10,21431,673.0
10,21447,673.0
10,21473,673.0
10,21501,673.0
10,21515,673.0
10,21543,673.0
10,21569,673.0
10,21585,673.0
10,21611,673.0
10,21613,673.0
10,21629,673.0
10,21631,673.0
10,21649,673.0
10,21651,673.0
10,21665,673.0
10,21693,673.0
10,21725,673.0
10,21741,673.0
10,21755,673.0
10,21781,673.0
10,21811,673.0
10,21837,673.0
10,21863,673.0
10,21865,673.0
10,21889,673.0
10,21903,673.0
10,21905,673.0
10,21919,673.0
10,21937,673.0
10,21951,673.0
10,21965,673.0
10,21995,673.0
10,22025,673.0
10,22041,673.0
10,22069,673.0
10,22085,673.0
10,22101,673.0
10,22127,673.0
10,22155,673.0
10,22157,673.0
10,22171,673.0
10,22189,673.0
10,22191,673.0
10,22225,673.0
10,22255,673.0
10,22283,673.0
10,22297,673.0
10,22325,673.0
10,22339,673.0
10,22353,680.0
10,22369,680.0
10,22395,680.0
10,22409,680.0
10,22439,680.0
10,22453,680.0
10,22469,680.0
10,22501,680.0
10,22517,680.0
10,22519,680.0
10,22533,680.0
10,22559,680.0
10,22575,680.0
10,22589,681.0
10,22603,681.0
10,22631,681.0
10,22661,681.0
10,22675,681.0
10,22689,681.0
10,22721,681.0
10,22737,681.0
10,22753,681.0
10,22767,681.0
10,22793,681.0
10,22819,681.0
10,22835,681.0
10,22853,681.0
10,22855,681.0
10,22857,681.0
10,22873,681.0
10,22889,681.0
10,22903,681.0
10,22917,681.0
10,22933,681.0
10,22959,681.0
10,22973,681.0
10,23001,681.0
10,23015,681.0
10,23029,681.0
10,23059,681.0
10,23073,681.0
10,23103,681.0
10,23129,681.0
10,23145,681.0
10,23175,681.0
10,23201,681.0
10,23229,681.0
10,23255,681.0
10,23291,681.0
10,23293,681.0
10,23307,681.0
10,23321,681.0
10,23347,681.0
10,23349,681.0
10,23375,681.0
10,23401,681.0
10,23403,681.0
10,23433,681.0
10,23449,681.0
10,23463,681.0
10,23489,681.0
10,23517,681.0
10,23531,681.0
10,23557,681.0
10,23571,681.0
10,23599,681.0
10,23617,681.0
10,23619,681.0
10,23633,681.0
10,23663,681.0
10,23695,681.0
10,23709,681.0
10,23723,681.0
10,23751,681.0
10,23781,681.0
10,23795,681.0
10,23809,681.0
10,23837,681.0
10,23851,681.0
10,23871,681.0
10,23897,681.0
10,23899,681.0
10,23915,681.0
10,23917,681.0
10,23933,681.0
10,23947,681.0
10,23961,681.0
10,23963,681.0
10,23989,681.0
10,24003,681.0
10,24017,681.0
10,24031,681.0
10,24057,681.0
10,24071,681.0
10,24087,681.0
10,24119,681.0
10,24135,681.0
10,24151,681.0
10,24181,681.0
10,24195,681.0
10,24197,681.0
10,24225,681.0
10,24253,681.0
10,24271,681.0
10,24297,681.0
10,24327,681.0
10,24341,685.0
10,24355,685.0
10,24369,685.0
10,24397,685.0
10,24411,685.0
10,24425,685.0
10,24427,685.0
10,24453,685.0
10,24481,685.0
10,24495,685.0
10,24511,685.0
10,24525,685.0
10,24541,685.0
10,24569,685.0
10,24585,685.0
10,24587,685.0
10,24603,685.0
10,24617,685.0
10,24631,685.0
10,24659,685.0
10,24673,685.0
10,24687,685.0
10,24715,685.0
10,24747,685.0
10,24749,685.0
10,24751,685.0
10,24781,685.0
10,24813,685.0
11,14966,435.0
11,14992,435.0
11,15008,435.0
11,15024,435.0
11,15038,435.0
11,15040,435.0
11,15829,435.0
11,15843,435.0
11,15857,435.0
11,15859,435.0
11,15885,454.0
11,15915,454.0
11,15935,454.0
11,15949,454.0
11,15981,454.0
11,15995,479.0
11,16021,479.0
11,16023,479.0
11,16055,479.0
11,16081,479.0
11,16095,479.0
11,16111,479.0
11,16125,486.0
11,16127,486.0
11,16157,498.0
11,16183,498.0
11,16201,498.0
11,16217,498.0
11,16231,498.0
11,16261,498.0
11,16275,498.0
11,16289,498.0
11,16317,498.0
11,16319,498.0
11,16349,498.0
11,16367,498.0
11,16369,498.0
11,16397,498.0
11,16411,498.0
11,16443,498.0
11,16457,498.0
11,16471,515.0
11,16485,515.0
11,16499,527.0
11,16513,527.0
11,16527,527.0
11,16543,527.0
11,16557,527.0
11,16571,527.0
11,16585,527.0
11,16611,527.0
11,16641,527.0
11,16655,527.0
11,16669,558.0
11,16695,558.0
11,16697,558.0
11,16711,558.0
11,16727,558.0
11,16741,558.0
11,16757,558.0
11,16771,563.0
11,16797,563.0
11,16823,563.0
11,16851,563.0
11,16879,563.0
11,16907,563.0
11,16909,563.0
11,16937,563.0
11,16963,563.0
11,16993,563.0
11,17007,585.0
11,17021,585.0
11,17049,585.0
11,17051,585.0
11,17065,585.0
11,17079,585.0
11,17107,585.0
11,17121,585.0
11,17137,585.0
11,17151,594.0
11,17181,594.0
11,17197,594.0
11,17211,611.0
11,17225,611.0
11,17253,611.0
11,17279,620.0
11,17293,620.0
11,17309,620.0
11,17341,620.0
11,17355,620.0
11,17369,620.0
11,17395,629.0
11,17397,629.0
11,17399,629.0
11,17401,629.0
11,17431,629.0
11,17433,629.0
11,17447,629.0
11,17463,629.0
11,17481,629.0
11,17483,629.0
11,17485,629.0
11,17487,629.0
11,17513,629.0
11,17529,629.0
11,17531,629.0
11,17533,629.0
11,17551,629.0
11,17579,629.0
11,17607,629.0
11,17635,629.0
11,17663,629.0
11,17677,629.0
11,17703,629.0
11,17719,629.0
11,17721,629.0
11,17737,629.0
11,17751,629.0
11,17753,629.0
11,17767,629.0
11,17769,629.0
11,17795,629.0
11,17825,629.0
11,17855,629.0
11,17869,629.0
11,17883,629.0
11,17897,629.0
11,17925,629.0
11,17951,629.0
11,17969,629.0
11,17971,629.0
11,17973,629.0
11,17989,629.0
11,18017,632.0
11,18045,632.0
11,18047,632.0
11,18049,632.0
11,18051,632.0
11,18079,632.0
11,18093,632.0
11,18109,632.0
11,18143,632.0
11,18161,632.0
11,18175,632.0
11,18205,632.0
11,18207,632.0
11,18237,632.0
11,18251,632.0
11,18267,632.0
11,18293,632.0
11,18295,632.0
11,18311,632.0
11,18327,632.0
11,18355,632.0
11,18383,632.0
11,18385,632.0
11,18399,632.0
11,18425,632.0
11,18451,632.0
11,18467,632.0
11,18501,632.0
11,18527,632.0
11,18555,632.0
11,18569,632.0
11,18597,632.0
11,18615,632.0
11,18631,632.0
11,18645,646.0
11,18671,646.0
11,18685,646.0
11,18711,646.0
11,18727,646.0
11,18755,646.0
11,18781,646.0
11,18795,646.0
11,18825,646.0
11,18841,646.0
11,18869,646.0
11,18887,646.0
11,18917,646.0
11,18931,646.0
11,18945,657.0
11,18963,657.0
11,18977,657.0
11,19011,657.0
11,19013,657.0
11,19015,657.0
11,19031,657.0
11,19033,657.0
11,19047,657.0
11,19061,657.0
11,19089,657.0
11,19091,657.0
11,19119,657.0
11,19133,657.0
11,19165,657.0
11,19183,657.0
11,19203,657.0
11,19217,657.0
11,19231,657.0
11,19263,657.0
11,19277,657.0
11,19303,657.0
11,19317,657.0
11,19343,657.0
11,19345,657.0
11,19361,657.0
11,19363,657.0
11,19391,657.0
11,19405,657.0
11,19423,657.0
11,19441,657.0
11,19471,657.0
11,19499,657.0
11,19525,657.0
11,19539,657.0
11,19541,657.0
11,19557,657.0
11,19573,657.0
11,19587,657.0
11,19589,657.0
11,19591,657.0
11,19605,657.0
11,19631,657.0
11,19645,657.0
11,19659,659.0
11,19673,659.0
11,19687,659.0
11,19701,659.0
11,19731,659.0
11,19745,659.0
11,19773,659.0
11,19805,659.0
11,19831,660.0
11,19833,660.0
11,19859,660.0
11,19887,660.0
11,19901,660.0
11,19915,660.0
11,19947,660.0
11,19963,660.0
11,19993,660.0
11,20007,660.0
11,20033,660.0
11,20047,660.0
11,20073,660.0
11,20101,660.0
11,20133,660.0
11,20169,660.0
11,20199,660.0
11,20213,660.0
11,20231,660.0
11,20247,660.0
11,20277,660.0
11,20303,660.0
11,20331,660.0
11,20347,660.0
11,20361,660.0
11,20381,660.0
11,20407,660.0
11,20409,660.0
11,20437,660.0
11,20465,660.0
11,20491,660.0
11,20523,660.0
11,20537,660.0
11,20539,660.0
11,20553,660.0
11,20581,660.0
11,20583,660.0
11,20611,660.0
11,20637,661.0
11,20653,661.0
11,20667,670.0
11,20697,670.0
11,20727,670.0
11,20753,670.0
11,20767,670.0
11,20783,670.0
11,20797,670.0
11,20815,670.0
11,20829,670.0
11,20855,670.0
11,20869,670.0
11,20885,670.0
11,20899,670.0
11,20917,670.0
11,20931,670.0
11,20961,670.0
11,20975,670.0
11,21001,670.0
11,21015,670.0
11,21043,670.0
11,21059,670.0
11,21073,670.0
11,21087,670.0
11,21105,670.0
11,21121,670.0
11,21149,670.0
11,21181,670.0
11,21183,670.0
11,21199,670.0
11,21213,670.0
11,21227,670.0
11,21247,670.0
11,21275,670.0
11,21301,670.0
11,21327,670.0
11,21357,670.0
11,21383,670.0
11,21385,670.0
11,21413,670.0
11,21429,670.0
11,21431,670.0
11,21447,670.0
11,21475,670.0
11,21505,670.0
11,21519,670.0
11,21535,670.0
11,21537,670.0
11,21551,670.0
11,21577,675.0
11,21605,675.0
11,21621,675.0
11,21635,675.0
11,21651,675.0
11,21681,675.0
11,21695,675.0
11,21723,675.0
11,21725,675.0
11,21739,675.0
11,21741,675.0
11,21755,675.0
11,21781,675.0
11,21783,675.0
11,21799,675.0
11,21827,675.0
11,21857,675.0
11,21871,675.0
11,21887,675.0
11,21917,675.0
11,21943,675.0
11,21973,675.0
11,22001,675.0
11,22031,675.0
11,22047,675.0
11,22063,675.0
11,22093,675.0
11,22107,675.0
11,22125,675.0
11,22127,675.0
11,22129,675.0
11,22163,675.0
11,22191,675.0
11,22205,675.0
11,22221,675.0
11,22247,675.0
11,22261,675.0
11,22287,675.0
11,22313,675.0
11,22341,675.0
11,22343,675.0
11,22345,675.0
11,22371,675.0
11,22391,675.0
11,22417,675.0
11,22433,675.0
11,22449,675.0
11,22483,675.0
11,22509,675.0
11,22525,675.0
11,22527,675.0
11,22543,675.0
11,22557,675.0
11,22585,675.0
11,22611,675.0
11,22625,675.0
11,22651,675.0
11,22665,675.0
11,22693,675.0
11,22695,675.0
11,22721,675.0
11,22747,675.0
11,22761,679.0
11,22787,679.0
11,22813,679.0
11,22827,679.0
11,22843,679.0
11,22873,679.0
11,22901,679.0
11,22917,679.0
11,22931,679.0
11,22945,679.0
11,22971,679.0
11,22985,679.0
11,22999,679.0
11,23025,679.0
11,23039,679.0
11,23055,679.0
11,23069,679.0
11,23071,679.0
11,23073,679.0
11,23091,679.0
11,23093,679.0
11,23125,679.0
11,23127,679.0
11,23129,679.0
11,23157,679.0
11,23171,679.0
11,23197,679.0
11,23223,679.0
11,23249,679.0
11,23251,679.0
11,23285,679.0
11,23287,679.0
11,23317,679.0
11,23345,679.0
11,23359,679.0
11,23393,679.0
11,23407,679.0
11,23425,679.0
11,23451,679.0
11,23479,679.0
11,23505,679.0
11,23531,679.0
11,23561,679.0
11,23591,679.0
11,23617,679.0
11,23619,679.0
11,23621,679.0
11,23637,679.0
11,23653,679.0
11,23685,679.0
11,23715,679.0
11,23745,679.0
11,23771,679.0
11,23785,679.0
11,23813,679.0
11,23839,679.0
11,23859,679.0
11,23881,679.0
11,23895,679.0
11,23923,679.0
11,23949,679.0
11,23967,679.0
11,23999,679.0
11,24001,679.0
11,24029,679.0
11,24045,679.0
11,24071,679.0
11,24085,679.0
11,24099,679.0
11,24113,679.0
11,24127,679.0
11,24155,679.0
11,24157,679.0
11,24159,679.0
11,24177,679.0
11,24203,680.0
11,24219,680.0
11,24233,680.0
11,24235,680.0
11,24237,680.0
11,24263,680.0
11,24277,680.0
11,24291,680.0
11,24293,680.0
11,24325,680.0
11,24351,680.0
11,24353,680.0
11,24371,680.0
11,24401,680.0
11,24403,680.0
11,24405,680.0
11,24421,680.0
11,24447,680.0
11,24473,680.0
11,24487,680.0
11,24501,680.0
11,24529,680.0
11,24543,680.0
11,24557,680.0
11,24571,680.0
11,24589,680.0
11,24605,680.0
11,24619,680.0
11,24633,680.0
11,24661,680.0
11,24683,680.0
11,24699,680.0
11,24725,680.0
11,24755,680.0
11,24757,680.0
11,24771,680.0
11,24787,680.0
11,24815,680.0
11,24841,680.0
11,24855,680.0
11,24869,680.0
11,24883,680.0
11,24897,680.0
11,24923,680.0
11,24925,680.0
11,24951,680.0
12,15098,417.0
12,15835,417.0
12,15861,445.0
12,15877,445.0
12,15893,445.0
12,15911,445.0
12,15913,445.0
12,15927,445.0
12,15943,445.0
12,15971,445.0
12,15985,445.0
12,15987,481.0
12,16001,481.0
12,16015,481.0
12,16029,481.0
12,16045,481.0
12,16063,481.0
12,16089,481.0
12,16103,481.0
12,16131,481.0
12,16147,481.0
12,16149,481.0
12,16175,481.0
12,16191,481.0
12,16221,491.0
12,16237,491.0
12,16263,491.0
12,16293,491.0
12,16307,491.0
12,16341,507.0
12,16357,507.0
12,16371,507.0
12,16399,507.0
12,16401,507.0
12,16427,507.0
12,16453,527.0
12,16481,527.0
12,16507,527.0
12,16535,527.0
12,16549,527.0
12,16563,527.0
12,16565,527.0
12,16579,536.0
12,16593,536.0
12,16611,536.0
12,16627,550.0
12,16657,550.0
12,16659,550.0
12,16685,550.0
12,16701,550.0
12,16727,561.0
12,16741,561.0
12,16755,561.0
12,16781,561.0
12,16783,561.0
12,16811,561.0
12,16813,561.0
12,16827,561.0
12,16843,561.0
12,16845,561.0
12,16873,561.0
12,16887,561.0
12,16917,589.0
12,16931,589.0
12,16945,589.0
12,16961,589.0
12,16991,601.0
12,17005,601.0
12,17037,601.0
12,17063,605.0
12,17091,605.0
12,17093,605.0
12,17107,605.0
12,17137,605.0
12,17163,605.0
12,17189,605.0
12,17203,605.0
12,17231,605.0
12,17263,605.0
12,17283,605.0
12,17297,607.0
12,17313,607.0
12,17341,607.0
12,17343,607.0
12,17373,607.0
12,17375,607.0
12,17401,607.0
12,17415,607.0
12,17435,607.0
12,17449,607.0
12,17463,607.0
12,17479,607.0
12,17507,607.0
12,17509,607.0
12,17539,607.0
12,17553,607.0
12,17555,607.0
12,17571,607.0
12,17585,607.0
12,17599,607.0
12,17625,607.0
12,17627,607.0
12,17663,607.0
12,17677,607.0
12,17679,607.0
12,17681,607.0
12,17695,607.0
12,17697,607.0
12,17711,607.0
12,17725,607.0
12,17741,607.0
12,17767,607.0
12,17793,607.0
12,17821,607.0
12,17835,607.0
12,17849,607.0
12,17877,614.0
12,17891,614.0
12,17905,633.0
12,17931,633.0
12,17947,633.0
12,17975,633.0
12,17977,633.0
12,17993,633.0
12,18019,633.0
12,18049,633.0
12,18077,633.0
12,18103,640.0
12,18131,640.0
12,18133,640.0
12,18147,640.0
12,18175,640.0
12,18189,640.0
12,18207,640.0
12,18223,640.0
12,18239,640.0
12,18253,640.0
12,18255,640.0
12,18271,640.0
12,18301,640.0
12,18303,640.0
12,18331,640.0
12,18359,640.0
12,18393,640.0
12,18423,640.0
12,18437,640.0
12,18463,640.0
12,18477,640.0
12,18503,640.0
12,18531,640.0
12,18545,640.0
12,18571,640.0
12,18585,653.0
12,18601,653.0
12,18629,653.0
12,18645,653.0
12,18673,653.0
12,18699,653.0
12,18725,653.0
12,18739,653.0
12,18753,653.0
12,18767,653.0
12,18781,653.0
12,18807,653.0
12,18821,653.0
12,18837,653.0
12,18855,653.0
12,18873,653.0
12,18889,653.0
12,18903,653.0
12,18929,653.0
12,18931,653.0
12,18945,653.0
12,18971,653.0
12,18985,653.0
12,19011,653.0
12,19027,653.0
12,19047,653.0
12,19061,653.0
12,19075,653.0
12,19089,653.0
12,19117,653.0
12,19119,653.0
12,19147,653.0
12,19149,653.0
12,19151,653.0
12,19177,653.0
12,19203,653.0
12,19205,653.0
12,19231,654.0
12,19247,654.0
12,19279,654.0
12,19311,654.0
12,19313,654.0
12,19331,654.0
12,19333,654.0
12,19349,654.0
12,19381,654.0
12,19395,654.0
12,19397,654.0
12,19411,658.0
12,19425,658.0
12,19445,658.0
12,19459,658.0
12,19473,658.0
12,19487,658.0
12,19517,667.0
12,19547,667.0
12,19561,667.0
12,19563,667.0
12,19589,667.0
12,19591,667.0
12,19593,667.0
12,19607,667.0
12,19641,667.0
12,19667,669.0
12,19681,669.0
12,19695,669.0
12,19723,669.0
12,19725,669.0
12,19751,673.0
12,19765,673.0
12,19795,673.0
12,19811,673.0
12,19831,673.0
12,19861,673.0
12,19875,673.0
12,19901,673.0
12,19929,673.0
12,19931,673.0
12,19957,673.0
12,19973,673.0
12,19989,673.0
12,20015,673.0
12,20049,673.0
12,20051,673.0
12,20081,673.0
12,20083,673.0
12,20097,673.0
12,20111,673.0
12,20141,673.0
12,20143,673.0
12,20157,673.0
12,20171,673.0
12,20199,673.0
12,20227,673.0
12,20243,673.0
12,20245,673.0
12,20261,673.0
12,20263,673.0
12,20291,673.0
12,20319,673.0
12,20347,673.0
12,20361,673.0
12,20387,673.0
12,20403,673.0
12,20417,673.0
12,20419,673.0
12,20435,673.0
12,20463,673.0
12,20477,673.0
12,20505,673.0
12,20533,673.0
12,20549,673.0
12,20563,673.0
12,20589,673.0
12,20619,673.0
12,20645,673.0
12,20673,673.0
12,20701,673.0
12,20731,673.0
12,20757,673.0
12,20787,673.0
12,20801,673.0
12,20817,673.0
12,20819,673.0
12,20849,673.0
12,20877,673.0
12,20903,673.0
12,20905,673.0
12,20935,673.0
12,20949,673.0
12,20977,673.0
12,21009,673.0
12,21039,673.0
12,21065,673.0
12,21079,673.0
12,21081,673.0
12,21083,673.0
12,21101,673.0
12,21133,673.0
12,21147,673.0
12,21161,673.0
12,21163,673.0
12,21189,673.0
12,21217,673.0
12,21245,673.0
12,21247,673.0
12,21275,673.0
12,21293,673.0
12,21295,673.0
12,21297,673.0
12,21311,673.0
12,21339,673.0
12,21355,673.0
12,21371,673.0
12,21389,673.0
12,21415,673.0
12,21445,673.0
12,21459,673.0
12,21461,673.0
12,21477,673.0
12,21491,673.0
12,21509,673.0
12,21511,673.0
12,21539,673.0
12,21567,673.0
12,21583,673.0
12,21609,673.0
12,21623,673.0
12,21637,673.0
12,21639,673.0
12,21655,673.0
12,21687,673.0
12,21701,673.0
12,21717,673.0
12,21731,673.0
12,21745,673.0
12,21773,673.0
12,21787,673.0
12,21801,673.0
12,21831,673.0
12,21845,673.0
12,21865,673.0
12,21867,673.0
12,21883,673.0
12,21915,673.0
12,21929,673.0
12,21931,673.0
12,21957,673.0
12,21983,673.0
12,22011,673.0
12,22025,673.0
12,22027,673.0
12,22041,673.0
12,22055,673.0
12,22081,673.0
12,22109,673.0
12,22135,673.0
12,22149,673.0
12,22185,673.0
12,22201,673.0
12,22217,673.0
12,22247,673.0
12,22261,673.0
12,22287,673.0
12,22315,673.0
12,22345,673.0
12,22361,673.0
12,22381,673.0
12,22395,673.0
12,22397,673.0
12,22423,673.0
12,22439,673.0
12,22455,673.0
12,22483,673.0
12,22497,673.0
12,22525,673.0
12,22551,673.0
12,22567,673.0
12,22597,673.0
12,22611,673.0
12,22625,673.0
12,22651,673.0
12,22665,673.0
12,22683,673.0
12,22703,673.0
12,22717,681.0
12,22731,681.0
12,22745,681.0
12,22761,681.0
12,22775,681.0
12,22805,681.0
12,22821,681.0
12,22835,681.0
12,22865,681.0
12,22879,681.0
12,22881,681.0
12,22907,681.0
12,22909,681.0
12,22939,681.0
12,22941,681.0
12,22967,681.0
12,22995,681.0
12,23023,681.0
12,23037,681.0
12,23051,681.0
12,23079,681.0
12,23093,681.0
12,23095,681.0
12,23097,681.0
12,23111,681.0
12,23139,681.0
12,23153,681.0
12,23171,681.0
12,23173,681.0
12,23187,681.0
12,23209,681.0
12,23225,681.0
12,23251,681.0
12,23265,681.0
12,23279,681.0
12,23309,681.0
12,23311,681.0
12,23325,681.0
12,23341,681.0
12,23355,681.0
12,23357,681.0
12,23373,681.0
12,23401,681.0
12,23403,681.0
12,23417,681.0
12,23431,681.0
12,23449,681.0
12,23477,681.0
12,23493,681.0
12,23495,681.0
12,23509,681.0
12,23523,681.0
12,23537,681.0
12,23539,681.0
12,23567,681.0
12,23595,681.0
12,23611,681.0
12,23643,681.0
12,23657,681.0
12,23671,681.0
12,23697,681.0
12,23711,681.0
12,23725,681.0
12,23739,681.0
12,23767,681.0
12,23781,681.0
12,23795,681.0
12,23825,681.0
12,23839,681.0
12,23855,681.0
12,23869,681.0
12,23897,681.0
12,23925,681.0
12,23939,681.0
12,23955,681.0
12,23969,681.0
12,23985,681.0
12,24001,681.0
12,24017,681.0
12,24035,681.0
12,24061,681.0
12,24077,681.0
12,24103,681.0
12,24105,681.0
12,24131,681.0
12,24145,681.0
12,24147,681.0
12,24173,681.0
12,24201,681.0
12,24203,681.0
12,24217,681.0
12,24243,681.0
12,24245,681.0
12,24259,681.0
12,24273,681.0
12,24275,681.0
12,24291,681.0
12,24317,681.0
12,24331,681.0
12,24357,681.0
12,24383,681.0
12,24397,681.0
12,24411,681.0
12,24437,681.0
12,24439,681.0
12,24453,681.0
12,24469,681.0
12,24497,681.0
12,24529,681.0
12,24531,681.0
12,24559,681.0
12,24587,681.0
12,24613,681.0
12,24615,681.0
12,24631,681.0
12,24657,681.0
12,24671,681.0
12,24687,681.0
12,24689,681.0
12,24717,681.0
12,24743,681.0
12,24763,681.0
12,24777,681.0
12,24811,681.0
12,24827,681.0
12,24841,681.0
12,24869,681.0
12,24897,681.0
12,24923,681.0
12,24951,681.0
12,24967,681.0
12,24981,681.0
12,25011,681.0
12,25025,681.0
12,25039,681.0
12,25069,681.0
12,25095,681.0
13,15182,433.0
13,15184,433.0
13,15214,433.0
13,15244,433.0
13,15274,433.0
13,15304,433.0
13,15318,433.0
13,15334,433.0
13,15336,433.0
13,15366,433.0
13,15380,433.0
13,15394,433.0
13,15420,433.0
13,15434,451.0
13,15462,451.0
13,15478,451.0
13,15492,451.0
13,15506,451.0
13,15520,451.0
13,15522,451.0
13,15536,451.0
13,15550,451.0
13,15566,452.0
13,15592,461.0
13,15620,461.0
13,15654,474.0
13,15670,474.0
13,16443,474.0
13,16473,474.0
13,16505,478.0
13,16533,478.0
13,16535,478.0
13,16551,478.0
13,16565,506.0
13,16567,506.0
13,16595,506.0
13,16623,506.0
13,16637,506.0
13,16653,506.0
13,16655,506.0
13,16671,506.0
13,16697,532.0
13,16713,532.0
13,16715,532.0
13,16717,532.0
13,16731,532.0
13,16745,532.0
13,16771,532.0
13,16785,533.0
13,16801,533.0
13,16815,533.0
13,16829,533.0
13,16857,533.0
13,16883,533.0
13,16885,533.0
13,16887,533.0
13,16905,533.0
13,16919,533.0
13,16945,559.0
13,16959,559.0
13,16973,570.0
13,17003,570.0
13,17017,570.0
13,17045,570.0
13,17059,570.0
13,17075,570.0
13,17091,570.0
13,17105,570.0
13,17131,570.0
13,17159,581.0
13,17185,581.0
13,17201,581.0
13,17229,581.0
13,17243,581.0
13,17273,581.0
13,17289,581.0
13,17303,581.0
13,17333,581.0
13,17347,614.0
13,17365,614.0
13,17381,614.0
13,17395,614.0
13,17423,614.0
13,17439,614.0
13,17441,614.0
13,17455,614.0
13,17485,614.0
13,17515,614.0
13,17529,614.0
13,17545,614.0
13,17575,614.0
13,17603,635.0
13,17631,635.0
13,17647,635.0
13,17673,641.0
13,17687,641.0
13,17707,641.0
13,17721,641.0
13,17749,641.0
13,17775,641.0
13,17777,641.0
13,17793,641.0
13,17821,641.0
13,17851,641.0
13,17881,641.0
13,17907,641.0
13,17935,641.0
13,17951,641.0
13,17965,641.0
13,17979,641.0
13,17993,641.0
13,18019,641.0
13,18021,641.0
13,18041,641.0
13,18057,641.0
13,18073,641.0
13,18101,641.0
13,18129,641.0
13,18157,641.0
13,18187,641.0
13,18219,641.0
13,18247,641.0
13,18265,641.0
13,18293,641.0
13,18309,641.0
13,18323,641.0
13,18351,641.0
13,18383,641.0
13,18397,641.0
13,18399,641.0
13,18427,641.0
13,18455,641.0
13,18457,641.0
13,18471,641.0
13,18499,641.0
13,18501,641.0
13,18519,641.0
13,18521,641.0
13,18539,641.0
13,18555,641.0
13,18569,641.0
13,18585,641.0
13,18601,641.0
13,18619,641.0
13,18635,641.0
13,18661,641.0
13,18689,641.0
13,18691,641.0
13,18693,641.0
13,18719,641.0
13,18747,641.0
13,18775,641.0
13,18803,651.0
13,18833,651.0
13,18863,651.0
13,18893,651.0
13,18921,651.0
13,18935,651.0
13,18953,651.0
13,18969,651.0
13,18989,651.0
13,19005,651.0
13,19019,653.0
13,19035,653.0
13,19049,653.0
13,19063,653.0
13,19077,653.0
13,19079,653.0
13,19081,653.0
13,19109,653.0
13,19123,653.0
13,19151,653.0
13,19183,653.0
13,19209,653.0
13,19223,653.0
13,19249,653.0
13,19267,653.0
13,19295,653.0
13,19321,653.0
13,19339,653.0
13,19365,653.0
13,19379,653.0
13,19381,653.0
13,19411,653.0
13,19429,653.0
13,19459,653.0
13,19473,653.0
13,19475,653.0
13,19503,653.0
13,19517,653.0
13,19543,653.0
13,19563,653.0
13,19591,653.0
13,19617,653.0
13,19631,653.0
13,19657,653.0
13,19683,653.0
13,19697,654.0
13,19711,654.0
13,19741,660.0
13,19755,660.0
13,19771,660.0
13,19789,660.0
13,19819,660.0
13,19849,660.0
13,19879,660.0
13,19907,660.0
13,19925,660.0
13,19927,660.0
13,19941,660.0
13,19969,660.0
13,19983,660.0
13,20013,660.0
13,20029,660.0
13,20031,660.0
13,20033,660.0
13,20049,660.0
13,20079,660.0
13,20081,660.0
13,20107,660.0
13,20125,660.0
13,20151,660.0
13,20167,660.0
13,20169,660.0
13,20187,660.0
13,20201,660.0
13,20215,660.0
13,20229,660.0
13,20245,660.0
13,20259,660.0
13,20277,660.0
13,20293,660.0
13,20319,660.0
13,20321,660.0
13,20337,660.0
13,20351,660.0
13,20367,660.0
13,20397,660.0
13,20399,660.0
13,20413,660.0
13,20441,660.0
13,20443,660.0
13,20445,660.0
13,20447,660.0
13,20463,660.0
13,20477,660.0
13,20493,660.0
13,20509,660.0
13,20541,660.0
13,20543,660.0
13,20557,660.0
13,20571,660.0
13,20585,660.0
13,20601,660.0
13,20615,660.0
13,20629,661.0
13,20655,661.0
13,20681,661.0
13,20683,661.0
13,20699,661.0
13,20701,661.0
13,20731,661.0
13,20733,661.0
13,20747,661.0
13,20773,661.0
13,20799,661.0
13,20827,662.0
13,20841,662.0
13,20873,662.0
13,20887,662.0
13,20889,662.0
13,20891,662.0
13,20905,662.0
13,20931,662.0
13,20949,662.0
13,20963,662.0
13,20977,662.0
13,20995,662.0
13,21021,662.0
13,21047,662.0
13,21065,662.0
13,21083,662.0
13,21085,662.0
13,21101,662.0
13,21117,662.0
13,21119,662.0
13,21135,662.0
13,21137,662.0
13,21165,662.0
13,21179,662.0
13,21213,662.0
13,21227,662.0
13,21241,662.0
13,21273,662.0
13,21287,662.0
13,21317,662.0
13,21343,662.0
13,21357,662.0
13,21371,662.0
13,21373,662.0
13,21405,662.0
13,21407,662.0
13,21433,662.0
13,21447,662.0
13,21449,662.0
13,21451,662.0
13,21453,662.0
13,21483,662.0
13,21509,662.0
13,21539,662.0
13,21553,662.0
13,21555,662.0
13,21571,662.0
13,21573,662.0
13,21591,662.0
13,21605,662.0
13,21619,670.0
13,21649,670.0
13,21663,670.0
13,21679,670.0
13,21693,670.0
13,21719,670.0
13,21745,670.0
13,21747,670.0
13,21763,670.0
13,21779,670.0
13,21795,670.0
13,21797,670.0
13,21815,670.0
13,21831,670.0
13,21861,670.0
13,21875,670.0
13,21891,670.0
13,21923,670.0
13,21951,670.0
13,21953,670.0
13,21981,670.0
13,21997,670.0
13,22011,670.0
13,22039,670.0
13,22057,670.0
13,22073,670.0
13,22089,670.0
13,22103,670.0
13,22129,670.0
13,22143,670.0
13,22157,670.0
13,22183,670.0
13,22185,670.0
13,22211,670.0
13,22227,670.0
13,22245,670.0
13,22259,670.0
13,22273,670.0
13,22303,670.0
13,22331,670.0
13,22357,670.0
13,22387,670.0
13,22403,670.0
13,22417,670.0
13,22431,670.0
13,22447,670.0
13,22475,670.0
13,22489,670.0
13,22521,670.0
13,22535,670.0
13,22551,670.0
13,22567,670.0
13,22581,670.0
13,22609,670.0
13,22623,670.0
13,22637,670.0
13,22667,670.0
13,22695,670.0
13,22709,670.0
13,22725,670.0
13,22753,670.0
13,22781,670.0
13,22797,670.0
13,22823,670.0
13,22839,670.0
13,22871,670.0
13,22873,670.0
13,22889,670.0
13,22921,670.0
13,22923,670.0
13,22925,670.0
13,22939,670.0
13,22953,671.0
13,22969,671.0
13,22995,671.0
13,22997,671.0
13,23011,671.0
13,23039,671.0
13,23067,671.0
13,23083,671.0
13,23099,671.0
13,23129,671.0
13,23143,671.0
13,23145,671.0
13,23147,671.0
13,23173,671.0
13,23199,671.0
13,23225,671.0
13,23243,671.0
13,23271,671.0
13,23299,671.0
13,23313,671.0
13,23327,671.0
13,23341,671.0
13,23343,671.0
13,23359,672.0
13,23361,672.0
13,23363,672.0
13,23365,672.0
13,23379,672.0
13,23407,672.0
13,23435,672.0
13,23451,672.0
13,23453,672.0
13,23481,672.0
13,23483,672.0
13,23497,672.0
13,23499,672.0
13,23517,672.0
13,23533,672.0
13,23567,672.0
13,23581,672.0
13,23595,672.0
13,23611,672.0
13,23625,672.0
13,23641,672.0
13,23655,672.0
13,23669,672.0
13,23685,672.0
13,23699,672.0
13,23729,672.0
13,23747,672.0
13,23773,672.0
13,23789,672.0
13,23791,672.0
13,23821,672.0
13,23847,672.0
13,23861,672.0
13,23875,672.0
13,23889,672.0
13,23917,672.0
13,23949,672.0
13,23967,672.0
13,23993,672.0
13,23995,672.0
13,24021,672.0
13,24035,672.0
13,24063,672.0
13,24077,672.0
13,24093,672.0
13,24109,672.0
13,24125,672.0
13,24127,672.0
13,24143,672.0
13,24173,672.0
13,24189,672.0
13,24217,672.0
13,24243,672.0
13,24271,674.0
13,24273,674.0
13,24301,674.0
13,24329,674.0
13,24345,674.0
13,24361,674.0
13,24387,674.0
13,24421,674.0
13,24437,674.0
13,24451,674.0
13,24479,677.0
13,24495,677.0
13,24513,677.0
13,24543,677.0
13,24559,677.0
13,24589,677.0
13,24615,677.0
13,24633,677.0
13,24647,677.0
13,24677,677.0
13,24695,677.0
13,24697,677.0
13,24723,677.0
13,24739,677.0
13,24755,677.0
13,24757,677.0
13,24771,677.0
13,24799,677.0
13,24829,677.0
13,24849,677.0
13,24877,677.0
13,24905,677.0
13,24931,677.0
13,24933,677.0
13,24949,677.0
13,24975,677.0
13,25003,677.0
13,25029,677.0
13,25045,677.0
13,25047,677.0
13,25075,677.0
13,25089,677.0
13,25105,677.0
13,25129,677.0
13,25143,677.0
13,25145,677.0
13,25147,677.0
13,25161,677.0
13,25175,677.0
14,14952,570.0
14,14966,570.0
14,14980,570.0
14,14994,570.0
14,15028,570.0
14,15777,570.0
14,15805,581.0
14,15821,581.0
14,15837,581.0
14,15869,581.0
14,15883,581.0
14,15885,581.0
14,15917,581.0
14,15935,581.0
14,15951,581.0
14,15953,581.0
14,15955,581.0
14,15971,581.0
14,15999,581.0
14,16025,581.0
14,16039,581.0
14,16069,581.0
14,16089,581.0
14,16119,581.0
14,16147,581.0
14,16149,581.0
14,16163,581.0
14,16165,581.0
14,16179,581.0
14,16209,581.0
14,16241,581.0
14,16255,581.0
14,16281,581.0
14,16295,582.0
14,16309,582.0
14,16339,582.0
14,16341,582.0
14,16355,582.0
14,16357,582.0
14,16371,582.0
14,16401,616.0
14,16429,616.0
14,16431,616.0
14,16461,616.0
14,16477,616.0
14,16493,616.0
14,16509,616.0
14,16523,637.0
14,16537,637.0
14,16575,637.0
14,16577,637.0
14,16603,637.0
14,16605,637.0
14,16635,637.0
14,16649,637.0
14,16683,637.0
14,16711,637.0
14,16727,637.0
14,16757,637.0
14,16771,637.0
14,16785,637.0
14,16799,637.0
14,16813,637.0
14,16839,637.0
14,16853,637.0
14,16883,637.0
14,16915,637.0
14,16941,637.0
14,16963,637.0
14,16991,637.0
14,17019,637.0
14,17045,637.0
14,17077,637.0
14,17079,637.0
14,17107,637.0
14,17143,637.0
14,17159,637.0
14,17189,637.0
14,17191,637.0
14,17219,637.0
14,17233,637.0
14,17259,637.0
14,17273,637.0
14,17287,637.0
14,17313,637.0
14,17339,637.0
14,17355,637.0
14,17385,637.0
14,17387,637.0
14,17401,637.0
14,17429,637.0
14,17443,637.0
14,17473,637.0
14,17487,637.0
14,17513,637.0
14,17529,637.0
14,17559,637.0
14,17561,637.0
14,17575,637.0
14,17609,637.0
14,17623,637.0
14,17637,637.0
14,17667,637.0
14,17693,637.0
14,17695,637.0
14,17697,637.0
14,17699,637.0
14,17713,637.0
14,17729,637.0
14,17743,643.0
14,17757,643.0
14,17773,643.0
14,17803,643.0
14,17829,643.0
14,17847,643.0
14,17849,643.0
14,17863,643.0
14,17877,643.0
14,17879,643.0
14,17895,643.0
14,17909,650.0
14,17925,650.0
14,17953,650.0
14,17967,650.0
14,17993,650.0
14,18023,650.0
14,18049,650.0
14,18079,650.0
14,18107,650.0
14,18123,650.0
14,18139,650.0
14,18141,650.0
14,18169,650.0
14,18195,650.0
14,18227,650.0
14,18229,650.0
14,18257,650.0
14,18271,650.0
14,18305,650.0
14,18331,650.0
14,18345,650.0
14,18373,650.0
14,18403,650.0
14,18405,650.0
14,18419,650.0
14,18433,650.0
14,18459,650.0
14,18477,650.0
14,18503,650.0
14,18529,650.0
14,18531,650.0
14,18545,650.0
14,18561,650.0
14,18581,650.0
14,18607,650.0
14,18633,650.0
14,18665,650.0
14,18683,650.0
14,18699,650.0
14,18713,650.0
14,18729,650.0
14,18757,650.0
14,18771,650.0
14,18785,650.0
14,18801,658.0
14,18827,658.0
14,18859,664.0
14,18887,664.0
14,18901,664.0
14,18927,664.0
14,18929,664.0
14,18931,664.0
14,18947,664.0
14,18961,664.0
14,18977,664.0
14,18991,664.0
14,19005,664.0
14,19031,664.0
14,19051,664.0
14,19077,664.0
14,19091,664.0
14,19107,664.0
14,19123,664.0
14,19149,664.0
14,19165,664.0
14,19181,664.0
14,19195,664.0
14,19209,664.0
14,19235,664.0
14,19249,664.0
14,19277,664.0
14,19279,664.0
14,19305,664.0
14,19319,664.0
14,19347,664.0
14,19373,664.0
14,19375,664.0
14,19409,664.0
14,19411,664.0
14,19427,664.0
14,19441,664.0
14,19443,664.0
14,19457,664.0
14,19473,664.0
14,19491,664.0
14,19507,664.0
14,19523,664.0
14,19551,664.0
14,19565,664.0
14,19579,666.0
14,19593,666.0
14,19621,666.0
14,19647,666.0
14,19673,666.0
14,19699,666.0
14,19713,677.0
14,19733,677.0
14,19749,677.0
14,19777,677.0
14,19805,677.0
14,19819,677.0
14,19835,677.0
14,19851,677.0
14,19853,677.0
14,19883,677.0
14,19909,677.0
14,19937,677.0
14,19963,677.0
14,19991,677.0
14,20023,677.0
14,20049,677.0
14,20079,677.0
14,20107,677.0
14,20121,677.0
14,20123,677.0
14,20139,677.0
14,20155,677.0
14,20183,677.0
14,20197,677.0
14,20211,677.0
14,20237,677.0
14,20263,677.0
14,20293,677.0
14,20307,677.0
14,20323,677.0
14,20325,677.0
14,20327,677.0
14,20343,677.0
14,20357,677.0
14,20359,677.0
14,20379,677.0
14,20409,677.0
14,20441,677.0
14,20467,677.0
14,20485,677.0
14,20499,677.0
14,20529,677.0
14,20543,677.0
14,20557,677.0
14,20571,677.0
14,20585,677.0
14,20619,677.0
14,20633,677.0
14,20647,677.0
14,20661,677.0
14,20687,677.0
14,20713,677.0
14,20739,677.0
14,20769,677.0
14,20771,677.0
14,20797,677.0
14,20831,677.0
14,20861,677.0
14,20877,677.0
14,20907,677.0
14,20923,677.0
14,20937,681.0
14,20967,681.0
14,20993,681.0
14,21021,681.0
14,21037,681.0
14,21039,681.0
14,21053,681.0
14,21055,681.0
14,21083,681.0
14,21111,681.0
14,21125,681.0
14,21151,681.0
14,21165,681.0
14,21167,681.0
14,21187,681.0
14,21205,681.0
14,21219,681.0
14,21233,681.0
14,21261,681.0
14,21289,681.0
14,21291,681.0
14,21309,681.0
14,21325,681.0
14,21327,681.0
14,21353,681.0
14,21369,681.0
14,21387,681.0
14,21415,681.0
14,21443,681.0
14,21445,681.0
14,21473,681.0
14,21489,681.0
14,21505,681.0
14,21531,681.0
14,21557,681.0
14,21589,681.0
14,21617,681.0
14,21631,681.0
14,21647,681.0
14,21673,681.0
14,21701,681.0
14,21727,681.0
14,21761,681.0
14,21777,681.0
14,21811,681.0
14,21825,681.0
14,21839,681.0
14,21841,681.0
14,21855,681.0
14,21871,681.0
14,21887,681.0
14,21901,681.0
14,21931,681.0
14,21933,681.0
14,21961,681.0
14,21963,681.0
14,21965,681.0
14,21983,681.0
14,21985,681.0
14,21999,681.0
14,22013,681.0
14,22027,681.0
14,22029,681.0
14,22055,681.0
14,22071,681.0
14,22087,681.0
14,22117,681.0
14,22143,681.0
14,22145,681.0
14,22159,681.0
14,22161,681.0
14,22175,681.0
14,22191,681.0
14,22205,681.0
14,22235,681.0
14,22249,681.0
14,22265,681.0
14,22283,681.0
14,22285,681.0
14,22299,681.0
14,22329,681.0
14,22355,681.0
14,22369,681.0
14,22383,681.0
14,22413,681.0
14,22433,681.0
14,22461,681.0
14,22475,681.0
14,22477,681.0
14,22479,681.0
14,22493,681.0
14,22521,681.0
14,22547,681.0
14,22549,681.0
14,22579,681.0
14,22605,681.0
14,22607,681.0
14,22609,681.0
14,22611,681.0
14,22613,681.0
14,22627,681.0
14,22641,681.0
14,22667,681.0
14,22681,681.0
14,22711,681.0
14,22725,681.0
14,22755,681.0
14,22757,681.0
14,22783,681.0
14,22799,681.0
14,22825,681.0
14,22841,681.0
14,22857,681.0
14,22883,681.0
14,22901,681.0
14,22915,681.0
14,22933,681.0
14,22961,681.0
14,22975,681.0
14,22977,681.0
14,23005,681.0
14,23007,681.0
14,23025,681.0
14,23041,681.0
14,23057,681.0
14,23085,681.0
14,23101,681.0
14,23103,681.0
14,23133,681.0
14,23161,681.0
14,23189,681.0
14,23215,681.0
14,23229,681.0
14,23255,681.0
14,23281,681.0
14,23295,681.0
14,23323,681.0
14,23325,681.0
14,23341,681.0
14,23355,681.0
14,23385,681.0
14,23399,681.0
14,23413,681.0
14,23441,681.0
14,23455,681.0
14,23469,681.0
14,23491,681.0
14,23493,681.0
14,23509,681.0
14,23537,681.0
14,23553,681.0
14,23567,681.0
14,23595,681.0
14,23609,681.0
14,23627,681.0
14,23629,681.0
14,23655,681.0
14,23669,681.0
14,23689,681.0
14,23719,681.0
14,23733,681.0
14,23747,681.0
14,23761,681.0
14,23763,681.0
14,23779,681.0
14,23781,681.0
14,23811,681.0
14,23825,681.0
14,23851,681.0
14,23853,681.0
14,23881,681.0
14,23895,681.0
14,23911,681.0
14,23943,681.0
14,23959,681.0
14,23975,681.0
14,24001,681.0
14,24017,681.0
14,24031,681.0
14,24057,681.0
14,24073,681.0
14,24099,681.0
14,24101,681.0
14,24103,681.0
14,24117,681.0
14,24153,681.0
14,24155,681.0
14,24171,681.0
14,24199,681.0
14,24227,681.0
14,24255,681.0
14,24273,681.0
14,24293,681.0
14,24309,681.0
14,24311,681.0
14,24325,681.0
14,24351,681.0
14,24353,681.0
14,24369,681.0
14,24385,681.0
14,24411,690.0
14,24425,690.0
14,24427,690.0
14,24455,690.0
14,24469,690.0
14,24495,690.0
14,24523,690.0
14,24541,690.0
14,24569,690.0
14,24585,690.0
14,24611,690.0
14,24627,690.0
14,24643,690.0
14,24645,690.0
14,24673,690.0
14,24699,690.0
14,24715,690.0
14,24729,690.0
14,24747,690.0
14,24763,690.0
14,24777,690.0
14,24791,690.0
14,24819,690.0
14,24821,690.0
14,24823,690.0
14,24851,690.0
14,24865,690.0
14,24879,690.0
14,24893,690.0
14,24921,690.0
14,24939,690.0
15,14988,434.0
15,14990,434.0
15,15016,434.0
15,15032,434.0
15,15064,434.0
15,15092,434.0
15,15106,434.0
15,15108,434.0
15,15126,434.0
15,15933,434.0
15,15947,434.0
15,15961,462.0
15,15963,462.0
15,15989,462.0
15,16003,462.0
15,16005,462.0
15,16031,462.0
15,16045,462.0
15,16059,496.0
15,16073,496.0
15,16087,518.0
15,16101,518.0
15,16127,518.0
15,16157,518.0
15,16171,518.0
15,16173,518.0
15,16189,518.0
15,16203,518.0
15,16205,518.0
15,16233,518.0
15,16235,518.0
15,16253,518.0
15,16267,518.0
15,16283,518.0
15,16297,518.0
15,16311,518.0
15,16339,518.0
15,16367,518.0
15,16393,518.0
15,16407,518.0
15,16409,518.0
15,16439,518.0
15,16467,545.0
15,16495,545.0
15,16509,545.0
15,16511,545.0
15,16529,545.0
15,16543,545.0
15,16571,545.0
15,16585,545.0
15,16617,557.0
15,16631,568.0
15,16633,568.0
15,16649,568.0
15,16663,568.0
15,16693,568.0
15,16721,568.0
15,16751,568.0
15,16753,568.0
15,16781,576.0
15,16797,576.0
15,16811,576.0
15,16837,576.0
15,16839,576.0
15,16853,576.0
15,16881,613.0
15,16907,613.0
15,16937,624.0
15,16967,624.0
15,16981,624.0
15,16999,624.0
15,17025,624.0
15,17039,624.0
15,17053,624.0
15,17067,624.0
15,17085,624.0
15,17101,624.0
15,17117,624.0
15,17131,624.0
15,17133,624.0
15,17159,624.0
15,17185,624.0
15,17187,624.0
15,17201,624.0
15,17215,624.0
15,17245,629.0
15,17247,629.0
15,17277,629.0
15,17279,629.0
15,17295,629.0
15,17311,629.0
15,17333,629.0
15,17347,629.0
15,17361,629.0
15,17379,629.0
15,17405,629.0
15,17433,629.0
15,17463,629.0
15,17491,629.0
15,17519,629.0
15,17521,629.0
15,17549,629.0
15,17575,629.0
15,17601,629.0
15,17629,629.0
15,17655,629.0
15,17685,629.0
15,17713,629.0
15,17745,629.0
15,17759,629.0
15,17773,629.0
15,17787,629.0
15,17789,629.0
15,17791,629.0
15,17817,629.0
15,17819,629.0
15,17835,629.0
15,17849,629.0
15,17863,629.0
15,17889,629.0
15,17891,629.0
15,17917,629.0
15,17919,629.0
15,17945,629.0
15,17959,629.0
15,17977,629.0
15,17991,629.0
15,18009,629.0
15,18011,629.0
15,18041,629.0
15,18055,629.0
15,18081,629.0
15,18107,629.0
15,18123,629.0
15,18137,629.0
15,18151,629.0
15,18177,629.0
15,18191,629.0
15,18209,629.0
15,18235,629.0
15,18249,629.0
15,18251,629.0
15,18265,629.0
15,18293,629.0
15,18309,629.0
15,18339,629.0
15,18341,629.0
15,18367,629.0
15,18397,629.0
15,18423,629.0
15,18437,629.0
15,18439,629.0
15,18465,629.0
15,18483,629.0
15,18497,629.0
15,18513,629.0
15,18527,629.0
15,18529,629.0
15,18557,629.0
15,18571,629.0
15,18601,629.0
15,18615,629.0
15,18633,629.0
15,18649,629.0
15,18671,629.0
15,18697,629.0
15,18711,629.0
15,18737,629.0
15,18769,629.0
15,18771,629.0
15,18785,629.0
15,18799,629.0
15,18801,629.0
15,18803,629.0
15,18831,629.0
15,18845,629.0
15,18861,629.0
15,18893,629.0
15,18919,636.0
15,18949,636.0
15,18967,636.0
15,18993,636.0
15,19023,636.0
15,19037,637.0
15,19063,637.0
15,19079,637.0
15,19097,637.0
15,19127,637.0
15,19141,637.0
15,19169,637.0
15,19185,645.0
15,19215,645.0
15,19229,645.0
15,19245,645.0
15,19271,645.0
15,19287,645.0
15,19315,645.0
15,19329,645.0
15,19357,645.0
15,19373,645.0
15,19387,645.0
15,19401,645.0
15,19427,645.0
15,19441,645.0
15,19457,645.0
15,19483,645.0
15,19485,645.0
15,19487,645.0
15,19521,645.0
15,19549,645.0
15,19563,645.0
15,19577,645.0
15,19593,645.0
15,19595,645.0
15,19609,647.0
15,19627,647.0
15,19641,647.0
15,19667,647.0
15,19695,647.0
15,19711,647.0
15,19725,647.0
15,19751,647.0
15,19767,647.0
15,19783,647.0
15,19785,647.0
15,19813,647.0
15,19815,647.0
15,19829,647.0
15,19843,647.0
15,19873,647.0
15,19899,656.0
15,19915,656.0
15,19929,656.0
15,19947,656.0
15,19949,656.0
15,19977,656.0
15,19991,656.0
15,20005,656.0
15,20019,657.0
15,20039,657.0
15,20055,657.0
15,20069,657.0
15,20083,657.0
15,20115,657.0
15,20131,657.0
15,20147,657.0
15,20163,657.0
15,20177,657.0
15,20195,657.0
15,20221,657.0
15,20251,657.0
15,20265,657.0
15,20279,657.0
15,20305,657.0
15,20321,657.0
15,20347,657.0
15,20375,657.0
15,20377,657.0
15,20405,657.0
15,20407,657.0
15,20409,657.0
15,20439,657.0
15,20441,657.0
15,20457,657.0
15,20485,657.0
15,20515,657.0
15,20529,657.0
15,20555,657.0
15,20569,657.0
15,20601,657.0
15,20627,657.0
15,20629,657.0
15,20645,657.0
15,20659,657.0
15,20673,657.0
15,20687,657.0
15,20713,657.0
15,20729,657.0
15,20757,657.0
15,20773,657.0
15,20799,657.0
15,20815,657.0
15,20841,657.0
15,20855,657.0
15,20883,657.0
15,20885,657.0
15,20913,657.0
15,20915,657.0
15,20931,657.0
15,20945,657.0
15,20971,657.0
15,20987,657.0
15,21001,657.0
15,21017,657.0
15,21031,657.0
15,21057,657.0
15,21073,657.0
15,21103,657.0
15,21129,657.0
15,21157,657.0
15,21183,657.0
15,21211,657.0
15,21239,657.0
15,21255,657.0
15,21269,657.0
15,21283,657.0
15,21299,657.0
15,21301,657.0
15,21303,657.0
15,21331,657.0
15,21361,657.0
15,21389,657.0
15,21405,657.0
15,21435,657.0
15,21453,657.0
15,21469,657.0
15,21471,657.0
15,21485,657.0
15,21515,657.0
15,21531,657.0
15,21533,657.0
15,21549,657.0
15,21563,657.0
15,21581,657.0
15,21609,657.0
15,21635,661.0
15,21649,661.0
15,21663,661.0
15,21689,661.0
15,21691,661.0
15,21719,661.0
15,21721,661.0
15,21735,661.0
15,21749,661.0
15,21779,661.0
15,21805,662.0
15,21807,662.0
15,21823,662.0
15,21837,662.0
15,21851,662.0
15,21877,662.0
15,21903,666.0
15,21921,666.0
15,21953,666.0
15,21969,666.0
15,21983,666.0
15,22013,666.0
15,22015,666.0
15,22031,666.0
15,22045,666.0
15,22059,666.0
15,22085,666.0
15,22101,666.0
15,22133,666.0
15,22147,666.0
15,22179,666.0
15,22205,666.0
15,22219,666.0
15,22233,666.0
15,22249,666.0
15,22263,666.0
15,22289,666.0
15,22305,666.0
15,22333,666.0
15,22359,666.0
15,22373,666.0
15,22405,666.0
15,22433,666.0
15,22435,666.0
15,22461,666.0
15,22493,666.0
15,22523,666.0
15,22555,666.0
15,22581,666.0
15,22597,666.0
15,22613,666.0
15,22645,666.0
15,22671,668.0
15,22699,671.0
15,22715,671.0
15,22741,671.0
15,22757,671.0
15,22787,671.0
15,22789,671.0
15,22803,671.0
15,22823,671.0
15,22837,671.0
15,22863,671.0
15,22891,671.0
15,22919,671.0
15,22947,671.0
15,22961,671.0
15,22975,671.0
15,23005,671.0
15,23021,671.0
15,23035,671.0
15,23061,674.0
15,23075,674.0
15,23089,674.0
15,23105,674.0
15,23133,674.0
15,23161,674.0
15,23175,674.0
15,23201,674.0
15,23203,674.0
15,23229,674.0
15,23255,674.0
15,23269,674.0
15,23295,674.0
15,23309,674.0
15,23339,674.0
15,23367,674.0
15,23397,674.0
15,23411,674.0
15,23437,674.0
15,23467,674.0
15,23483,674.0
15,23485,674.0
15,23515,674.0
15,23531,674.0
15,23533,674.0
15,23535,674.0
15,23549,674.0
15,23551,674.0
15,23577,674.0
15,23591,674.0
15,23605,674.0
15,23607,674.0
15,23621,674.0
15,23635,674.0
15,23649,674.0
15,23663,674.0
15,23695,674.0
15,23697,674.0
15,23711,674.0
15,23741,674.0
15,23755,674.0
15,23783,674.0
15,23809,674.0
15,23811,674.0
15,23829,674.0
15,23843,674.0
15,23857,674.0
15,23889,674.0
15,23905,674.0
15,23919,674.0
15,23933,674.0
15,23951,674.0
15,23965,674.0
15,23979,674.0
15,23981,674.0
15,23997,674.0
15,24011,674.0
15,24039,674.0
15,24053,674.0
15,24055,674.0
15,24069,674.0
15,24087,674.0
15,24101,674.0
15,24129,674.0
15,24155,674.0
15,24185,674.0
15,24199,674.0
15,24229,674.0
15,24255,674.0
15,24269,674.0
15,24285,674.0
15,24313,674.0
15,24339,674.0
15,24353,674.0
15,24383,674.0
15,24397,674.0
15,24411,674.0
15,24427,674.0
15,24441,674.0
15,24471,674.0
15,24485,674.0
15,24513,674.0
15,24527,674.0
15,24529,674.0
15,24559,674.0
15,24577,674.0
15,24605,674.0
15,24607,674.0
15,24633,674.0
15,24647,674.0
15,24675,674.0
15,24691,674.0
15,24709,674.0
15,24723,674.0
15,24737,677.0
15,24751,677.0
15,24753,677.0
15,24767,677.0
15,24797,677.0
15,24825,677.0
15,24853,677.0
15,24871,677.0
15,24899,677.0
15,24901,677.0
15,24921,677.0
15,24947,677.0
15,24961,677.0
15,24979,677.0
16,14812,420.0
16,14842,420.0
16,15619,420.0
16,15635,420.0
16,15651,420.0
16,15667,420.0
16,15681,420.0
16,15683,420.0
16,15713,420.0
16,15745,420.0
16,15761,420.0
16,15797,420.0
16,15811,461.0
16,15841,461.0
16,15875,461.0
16,15889,461.0
16,15905,461.0
16,15933,461.0
16,15947,461.0
16,15973,464.0
16,15975,464.0
16,15991,464.0
16,15993,464.0
16,16009,464.0
16,16025,464.0
16,16039,464.0
16,16067,464.0
16,16093,470.0
16,16123,470.0
16,16137,470.0
16,16167,480.0
16,16195,480.0
16,16225,480.0
16,16227,480.0
16,16257,480.0
16,16285,480.0
16,16299,480.0
16,16301,480.0
16,16317,480.0
16,16345,480.0
16,16359,480.0
16,16387,498.0
16,16415,498.0
16,16417,498.0
16,16443,498.0
16,16461,498.0
16,16477,498.0
16,16503,531.0
16,16517,531.0
16,16519,531.0
16,16533,531.0
16,16547,557.0
16,16561,557.0
16,16577,557.0
16,16609,557.0
16,16623,557.0
16,16649,557.0
16,16651,557.0
16,16679,557.0
16,16693,557.0
16,16707,560.0
16,16733,560.0
16,16761,560.0
16,16789,560.0
16,16805,560.0
16,16819,560.0
16,16833,560.0
16,16861,560.0
16,16863,560.0
16,16879,560.0
16,16893,560.0
16,16925,560.0
16,16945,560.0
16,16975,560.0
16,17003,560.0
16,17017,560.0
16,17031,560.0
16,17045,560.0
16,17061,560.0
16,17089,560.0
16,17103,560.0
16,17131,560.0
16,17133,560.0
16,17147,560.0
16,17161,560.0
16,17163,560.0
16,17193,560.0
16,17207,560.0
16,17221,588.0
16,17223,588.0
16,17225,588.0
16,17241,588.0
16,17267,593.0
16,17299,593.0
16,17315,593.0
16,17341,593.0
16,17367,616.0
16,17399,616.0
16,17413,616.0
16,17431,616.0
16,17457,616.0
16,17489,616.0
16,17509,616.0
16,17535,616.0
16,17563,616.0
16,17565,616.0
16,17579,616.0
16,17611,616.0
16,17625,616.0
16,17639,616.0
16,17653,616.0
16,17669,616.0
16,17697,616.0
16,17713,616.0
16,17715,616.0
16,17731,616.0
16,17733,616.0
16,17747,616.0
16,17767,616.0
16,17799,616.0
16,17813,616.0
16,17847,616.0
16,17861,616.0
16,17879,616.0
16,17881,616.0
16,17897,616.0
16,17899,616.0
16,17925,616.0
16,17939,616.0
16,17967,616.0
16,17993,616.0
16,18007,616.0
16,18033,616.0
16,18035,616.0
16,18049,616.0
16,18063,616.0
16,18091,616.0
16,18105,616.0
16,18131,616.0
16,18145,616.0
16,18175,616.0
16,18203,616.0
16,18229,616.0
16,18243,616.0
16,18257,616.0
16,18271,616.0
16,18285,616.0
16,18299,616.0
16,18313,616.0
16,18327,616.0
16,18357,616.0
16,18359,616.0
16,18361,616.0
16,18375,616.0
16,18401,616.0
16,18403,616.0
16,18417,616.0
16,18431,617.0
16,18445,617.0
16,18473,625.0
16,18503,628.0
16,18533,628.0
16,18549,628.0
16,18579,628.0
16,18581,628.0
16,18607,628.0
16,18621,628.0
16,18635,628.0
16,18637,628.0
16,18665,628.0
16,18683,628.0
16,18699,628.0
16,18713,628.0
16,18743,628.0
16,18773,628.0
16,18801,628.0
16,18815,628.0
16,18831,628.0
16,18857,635.0
16,18889,649.0
16,18903,649.0
16,18905,649.0
16,18919,649.0
16,18933,649.0
16,18961,649.0
16,18977,649.0
16,19009,649.0
16,19011,649.0
16,19037,649.0
16,19051,649.0
16,19067,649.0
16,19099,649.0
16,19113,649.0
16,19143,649.0
16,19145,649.0
16,19171,649.0
16,19201,660.0
16,19219,660.0
16,19245,660.0
16,19247,660.0
16,19261,660.0
16,19287,660.0
16,19303,660.0
16,19333,660.0
16,19361,660.0
16,19377,660.0
16,19391,660.0
16,19405,660.0
16,19421,660.0
16,19435,660.0
16,19449,660.0
16,19463,660.0
16,19477,660.0
16,19493,660.0
16,19509,660.0
16,19539,660.0
16,19555,660.0
16,19585,660.0
16,19613,660.0
16,19641,660.0
16,19643,660.0
16,19671,660.0
16,19685,660.0
16,19713,660.0
16,19741,660.0
16,19767,660.0
16,19799,660.0
16,19815,660.0
16,19831,660.0
16,19833,660.0
16,19863,660.0
16,19889,660.0
16,19905,660.0
16,19923,660.0
16,19957,660.0
16,19973,660.0
16,19989,660.0
16,20017,660.0
16,20031,660.0
16,20057,660.0
16,20073,660.0
16,20087,660.0
16,20089,660.0
16,20117,660.0
16,20119,660.0
16,20133,660.0
16,20161,660.0
16,20163,660.0
16,20189,660.0
16,20217,660.0
16,20233,660.0
16,20263,660.0
16,20277,660.0
16,20279,660.0
16,20295,665.0
16,20311,665.0
16,20337,665.0
16,20339,665.0
16,20353,665.0
16,20367,665.0
16,20393,665.0
16,20409,665.0
16,20435,676.0
16,20451,676.0
16,20479,676.0
16,20493,676.0
16,20527,676.0
16,20529,676.0
16,20543,676.0
16,20557,676.0
16,20559,676.0
16,20585,676.0
16,20599,676.0
16,20631,676.0
16,20647,676.0
16,20675,676.0
16,20691,676.0
16,20717,676.0
16,20731,676.0
16,20749,676.0
16,20777,676.0
16,20791,676.0
16,20793,676.0
16,20807,676.0
16,20835,676.0
16,20849,676.0
16,20865,676.0
16,20901,676.0
16,20929,676.0
16,20943,676.0
16,20945,676.0
16,20977,676.0
16,21005,676.0
16,21021,676.0
16,21023,676.0
16,21037,677.0
16,21063,677.0
16,21097,677.0
16,21111,677.0
16,21125,677.0
16,21155,677.0
16,21169,677.0
16,21189,677.0
16,21217,680.0
16,21219,680.0
16,21249,680.0
16,21267,680.0
16,21287,680.0
16,21289,680.0
16,21303,680.0
16,21321,680.0
16,21335,680.0
16,21361,680.0
16,21389,680.0
16,21417,680.0
16,21445,680.0
16,21461,680.0
16,21475,680.0
16,21507,680.0
16,21535,680.0
16,21563,680.0
16,21591,680.0
16,21593,680.0
16,21607,680.0
16,21635,680.0
16,21651,680.0
16,21665,680.0
16,21695,680.0
16,21711,680.0
16,21741,680.0
16,21755,680.0
16,21769,680.0
16,21783,680.0
16,21811,680.0
16,21839,680.0
16,21867,680.0
16,21881,680.0
16,21909,680.0
16,21923,680.0
16,21953,680.0
16,21955,680.0
16,21969,680.0
16,21983,680.0
16,21997,680.0
16,22023,680.0
16,22025,680.0
16,22053,680.0
16,22067,680.0
16,22083,680.0
16,22111,680.0
16,22125,680.0
16,22153,680.0
16,22179,680.0
16,22205,680.0
16,22233,680.0
16,22247,680.0
16,22277,680.0
16,22279,680.0
16,22307,680.0
16,22309,680.0
16,22325,680.0
16,22327,680.0
16,22343,680.0
16,22371,680.0
16,22373,680.0
16,22407,680.0
16,22433,680.0
16,22449,680.0
16,22463,680.0
16,22491,680.0
16,22517,680.0
16,22549,680.0
16,22577,680.0
16,22593,680.0
16,22595,680.0
16,22621,680.0
16,22647,680.0
16,22661,680.0
16,22675,680.0
16,22701,680.0
16,22733,680.0
16,22749,680.0
16,22751,680.0
16,22777,680.0
16,22791,680.0
16,22793,680.0
16,22809,680.0
16,22839,680.0
16,22867,680.0
16,22893,680.0
16,22907,680.0
16,22909,680.0
16,22923,680.0
16,22925,680.0
16,22939,680.0
16,22967,680.0
16,22969,680.0
16,22999,680.0
16,23025,680.0
16,23045,680.0
16,23071,680.0
16,23099,680.0
16,23117,680.0
16,23131,680.0
16,23157,680.0
16,23171,680.0
16,23173,680.0
16,23191,680.0
16,23205,680.0
16,23219,680.0
16,23221,680.0
16,23235,680.0
16,23267,680.0
16,23281,680.0
16,23311,680.0
16,23313,680.0
16,23327,680.0
16,23329,680.0
16,23357,680.0
16,23373,680.0
16,23375,680.0
16,23405,680.0
16,23431,680.0
16,23433,680.0
16,23463,680.0
16,23477,680.0
16,23505,680.0
16,23519,680.0
16,23549,680.0
16,23551,680.0
16,23569,680.0
16,23583,680.0
16,23611,680.0
16,23625,680.0
16,23639,680.0
16,23667,680.0
16,23681,680.0
16,23699,680.0
16,23715,680.0
16,23729,680.0
16,23755,680.0
16,23781,680.0
16,23797,680.0
16,23829,680.0
16,23843,680.0
16,23859,680.0
16,23875,680.0
16,23905,680.0
16,23933,680.0
16,23947,680.0
16,23949,680.0
16,23963,680.0
16,23965,680.0
16,23979,680.0
16,23993,680.0
16,24023,680.0
16,24025,680.0
16,24053,680.0
16,24069,680.0
16,24097,680.0
16,24111,680.0
16,24141,680.0
16,24155,680.0
16,24169,680.0
16,24187,680.0
16,24215,680.0
16,24229,680.0
16,24231,680.0
16,24261,680.0
16,24263,680.0
16,24277,680.0
16,24291,680.0
16,24305,680.0
16,24307,680.0
16,24333,680.0
16,24349,680.0
16,24351,680.0
16,24385,680.0
16,24387,680.0
16,24415,680.0
16,24441,680.0
16,24443,680.0
16,24459,680.0
16,24487,680.0
16,24501,680.0
16,24515,680.0
16,24529,680.0
16,24543,680.0
16,24571,682.0
16,24597,682.0
16,24615,682.0
16,24617,682.0
16,24643,682.0
16,24671,682.0
16,24687,682.0
16,24715,682.0
16,24729,682.0
16,24757,682.0
16,24785,682.0
16,24787,682.0
16,24801,682.0
17,15216,398.0
17,15963,398.0
17,15977,440.0
17,15993,440.0
17,16007,440.0
17,16035,440.0
17,16061,440.0
17,16079,440.0
17,16095,440.0
17,16123,440.0
17,16149,440.0
17,16175,440.0
17,16189,440.0
17,16215,471.0
17,16217,471.0
17,16231,471.0
17,16245,471.0
17,16273,471.0
17,16287,471.0
17,16301,471.0
17,16315,471.0
17,16331,471.0
17,16349,471.0
17,16363,471.0
17,16389,471.0
17,16391,471.0
17,16417,471.0
17,16419,471.0
17,16433,502.0
17,16449,502.0
17,16477,502.0
17,16479,502.0
17,16509,502.0
17,16539,502.0
17,16569,502.0
17,16597,502.0
17,16629,502.0
17,16655,502.0
17,16657,502.0
17,16685,502.0
17,16703,502.0
17,16729,502.0
17,16743,502.0
17,16771,502.0
17,16803,502.0
17,16819,502.0
17,16821,502.0
17,16849,502.0
17,16863,502.0
17,16877,502.0
17,16879,502.0
17,16907,506.0
17,16937,506.0
17,16951,506.0
17,16977,534.0
17,17009,534.0
17,17023,534.0
17,17049,534.0
17,17063,534.0
17,17079,534.0
17,17093,543.0
17,17095,543.0
17,17097,543.0
17,17125,543.0
17,17127,543.0
17,17153,558.0
17,17167,558.0
17,17181,558.0
17,17207,558.0
17,17225,558.0
17,17241,558.0
17,17257,558.0
17,17259,558.0
17,17273,558.0
17,17301,558.0
17,17315,558.0
17,17331,558.0
17,17347,558.0
17,17377,558.0
17,17405,558.0
17,17419,558.0
17,17439,558.0
17,17467,558.0
17,17483,558.0
17,17485,558.0
17,17487,558.0
17,17515,558.0
17,17543,558.0
17,17569,579.0
17,17597,579.0
17,17623,579.0
17,17637,579.0
17,17653,579.0
17,17667,579.0
17,17683,579.0
17,17711,579.0
17,17725,579.0
17,17727,579.0
17,17729,579.0
17,17757,579.0
17,17771,579.0
17,17797,579.0
17,17815,579.0
17,17841,579.0
17,17855,579.0
17,17857,579.0
17,17883,615.0
17,17909,615.0
17,17923,615.0
17,17937,615.0
17,17939,615.0
17,17967,620.0
17,17983,620.0
17,17985,620.0
17,17999,620.0
17,18013,620.0
17,18043,620.0
17,18057,620.0
17,18071,620.0
17,18073,620.0
17,18103,620.0
17,18117,620.0
17,18131,620.0
17,18145,620.0
17,18173,620.0
17,18175,620.0
17,18189,624.0
17,18203,624.0
17,18233,624.0
17,18249,624.0
17,18263,624.0
17,18265,624.0
17,18279,627.0
17,18293,627.0
17,18295,627.0
17,18321,627.0
17,18347,627.0
17,18349,627.0
17,18365,627.0
17,18383,627.0
17,18399,627.0
17,18417,627.0
17,18433,627.0
17,18461,627.0
17,18487,627.0
17,18489,627.0
17,18503,627.0
17,18517,627.0
17,18531,632.0
17,18557,632.0
17,18589,632.0
17,18615,632.0
17,18629,632.0
17,18657,632.0
17,18687,637.0
17,18719,637.0
17,18733,637.0
17,18759,637.0
17,18785,637.0
17,18799,637.0
17,18825,644.0
17,18839,644.0
17,18869,644.0
17,18871,644.0
17,18889,644.0
17,18907,644.0
17,18937,644.0
17,18951,644.0
17,18965,644.0
17,18967,644.0
17,18969,644.0
17,18997,644.0
17,19011,644.0
17,19029,644.0
17,19043,644.0
17,19057,644.0
17,19087,644.0
17,19089,644.0
17,19115,644.0
17,19143,644.0
17,19159,644.0
17,19173,644.0
17,19187,644.0
17,19215,644.0
17,19229,644.0
17,19257,649.0
17,19283,649.0
17,19297,649.0
17,19299,649.0
17,19329,649.0
17,19363,649.0
17,19377,649.0
17,19391,649.0
17,19405,657.0
17,19421,665.0
17,19435,665.0
17,19463,665.0
17,19495,665.0
17,19523,665.0
17,19549,665.0
17,19569,665.0
17,19571,665.0
17,19587,665.0
17,19603,665.0
17,19629,665.0
17,19645,665.0
17,19671,665.0
17,19697,665.0
17,19713,665.0
17,19715,665.0
17,19745,665.0
17,19773,665.0
17,19799,665.0
17,19815,665.0
17,19831,665.0
17,19861,665.0
17,19879,665.0
17,19905,668.0
17,19907,668.0
17,19921,668.0
17,19935,668.0
17,19937,668.0
17,19939,668.0
17,19957,668.0
17,19973,668.0
17,19987,668.0
17,20015,668.0
17,20017,668.0
17,20045,668.0
17,20065,668.0
17,20081,668.0
17,20109,668.0
17,20135,668.0
17,20137,668.0
17,20153,668.0
17,20167,668.0
17,20195,668.0
17,20221,668.0
17,20247,668.0
17,20283,668.0
17,20311,668.0
17,20325,668.0
17,20353,671.0
17,20367,671.0
17,20369,671.0
17,20397,671.0
17,20423,671.0
17,20439,671.0
17,20453,671.0
17,20469,671.0
17,20483,671.0
17,20497,671.0
17,20511,671.0
17,20537,671.0
17,20551,671.0
17,20567,671.0
17,20569,671.0
17,20583,671.0
17,20597,671.0
17,20627,671.0
17,20641,671.0
17,20659,671.0
17,20673,671.0
17,20707,671.0
17,20735,671.0
17,20763,671.0
17,20791,671.0
17,20805,671.0
17,20819,671.0
17,20835,671.0
17,20849,671.0
17,20851,671.0
17,20869,671.0
17,20895,671.0
17,20923,671.0
17,20937,671.0
17,20969,671.0
17,20983,671.0
17,20997,671.0
17,21023,671.0
17,21041,671.0
17,21071,671.0
17,21087,671.0
17,21117,671.0
17,21147,671.0
17,21149,671.0
17,21151,671.0
17,21169,671.0
17,21171,671.0
17,21197,671.0
17,21211,671.0
17,21237,671.0
17,21265,671.0
17,21281,671.0
17,21311,671.0
17,21325,672.0
17,21341,672.0
17,21343,672.0
17,21365,672.0
17,21381,672.0
17,21383,672.0
17,21399,672.0
17,21415,672.0
17,21441,672.0
17,21457,672.0
17,21471,672.0
17,21485,672.0
17,21487,672.0
17,21517,672.0
17,21545,672.0
17,21547,672.0
17,21561,672.0
17,21587,672.0
17,21619,672.0
17,21649,675.0
17,21675,675.0
17,21691,675.0
17,21693,675.0
17,21721,675.0
17,21735,675.0
17,21737,675.0
17,21751,675.0
17,21765,675.0
17,21767,675.0
17,21785,675.0
17,21811,675.0
17,21825,675.0
17,21839,675.0
17,21855,675.0
17,21887,675.0
17,21913,675.0
17,21943,675.0
17,21957,675.0
17,21959,675.0
17,21961,675.0
17,21989,675.0
17,22015,675.0
17,22051,675.0
17,22077,675.0
17,22091,675.0
17,22105,675.0
17,22137,675.0
17,22163,675.0
17,22179,675.0
17,22193,675.0
17,22207,675.0
17,22233,675.0
17,22247,675.0
17,22273,675.0
17,22301,675.0
17,22329,675.0
17,22343,675.0
17,22371,675.0
17,22385,675.0
17,22411,675.0
17,22441,675.0
17,22469,675.0
17,22497,675.0
17,22523,675.0
17,22551,675.0
17,22579,675.0
17,22581,675.0
17,22597,675.0
17,22599,675.0
17,22601,675.0
17,22627,675.0
17,22653,675.0
17,22667,676.0
17,22681,676.0
17,22711,676.0
17,22731,676.0
17,22763,676.0
17,22791,676.0
17,22805,676.0
17,22821,676.0
17,22823,676.0
17,22851,676.0
17,22879,676.0
17,22909,676.0
17,22937,676.0
17,22953,676.0
17,22979,676.0
17,22993,676.0
17,23009,676.0
17,23011,676.0
17,23025,676.0
17,23055,676.0
17,23087,676.0
17,23103,676.0
17,23105,676.0
17,23119,676.0
17,23147,676.0
17,23175,676.0
17,23191,676.0
17,23193,676.0
17,23221,676.0
17,23237,676.0
17,23251,676.0
17,23267,676.0
17,23269,676.0
17,23295,676.0
17,23321,676.0
17,23335,676.0
17,23351,676.0
17,23353,676.0
17,23389,676.0
17,23407,676.0
17,23437,678.0
17,23465,678.0
17,23495,678.0
17,23509,678.0
17,23539,678.0
17,23565,678.0
17,23595,678.0
17,23621,678.0
17,23649,678.0
17,23677,678.0
17,23695,678.0
17,23711,678.0
17,23727,678.0
17,23741,678.0
17,23775,678.0
17,23795,678.0
17,23821,678.0
17,23839,678.0
17,23865,678.0
17,23879,678.0
17,23895,678.0
17,23915,678.0
17,23931,678.0
17,23945,678.0
17,23973,678.0
17,24001,678.0
17,24015,678.0
17,24043,678.0
17,24057,678.0
17,24087,678.0
17,24113,678.0
17,24115,678.0
17,24141,678.0
17,24173,678.0
17,24201,678.0
17,24217,678.0
17,24233,678.0
17,24247,681.0
17,24277,681.0
17,24279,681.0
17,24307,681.0
17,24335,684.0
17,24363,684.0
17,24389,684.0
17,24405,684.0
17,24407,684.0
17,24427,684.0
17,24453,684.0
17,24455,684.0
17,24469,684.0
17,24483,684.0
17,24497,684.0
17,24511,684.0
17,24525,684.0
17,24553,684.0
17,24579,684.0
17,24581,684.0
17,24599,684.0
17,24615,684.0
17,24633,684.0
17,24651,684.0
17,24681,684.0
17,24709,684.0
17,24737,684.0
17,24753,684.0
17,24755,684.0
17,24781,684.0
17,24797,684.0
17,24825,684.0
17,24827,684.0
17,24829,684.0
17,24859,684.0
17,24875,684.0
17,24889,684.0
17,24905,684.0
17,24919,684.0
17,24921,684.0
17,24949,684.0
17,24951,684.0
17,24983,684.0
17,24985,684.0
17,25019,684.0
17,25045,684.0
17,25073,684.0
17,25089,684.0
17,25107,684.0
17,25123,684.0
17,25151,684.0
17,25181,684.0
17,25207,684.0
18,15038,449.0
18,15054,449.0
18,15068,457.0
18,15084,457.0
18,15110,457.0
18,15138,457.0
18,15152,457.0
18,15170,457.0
18,15184,483.0
18,15210,483.0
18,15236,483.0
18,15256,483.0
18,15284,497.0
18,15314,529.0
18,16147,529.0
18,16177,529.0
18,16205,529.0
18,16219,571.0
18,16235,571.0
18,16249,571.0
18,16263,571.0
18,16279,571.0
18,16281,571.0
18,16307,571.0
18,16333,571.0
18,16363,571.0
18,16393,571.0
18,16395,571.0
18,16421,571.0
18,16423,571.0
18,16439,571.0
18,16467,571.0
18,16469,571.0
18,16487,571.0
18,16501,571.0
18,16517,571.0
18,16535,571.0
18,16551,571.0
18,16565,571.0
18,16579,571.0
18,16595,571.0
18,16609,571.0
18,16625,571.0
18,16639,571.0
18,16667,571.0
18,16699,571.0
18,16725,571.0
18,16739,571.0
18,16753,571.0
18,16773,571.0
18,16789,571.0
18,16821,571.0
18,16837,571.0
18,16863,571.0
18,16877,571.0
18,16903,571.0
18,16905,571.0
18,16919,571.0
18,16947,580.0
18,16961,580.0
18,16963,580.0
18,16979,580.0
18,17005,590.0
18,17023,590.0
18,17039,590.0
18,17071,590.0
18,17073,590.0
18,17087,590.0
18,17105,590.0
18,17133,590.0
18,17147,590.0
18,17163,590.0
18,17191,590.0
18,17193,590.0
18,17207,590.0
18,17209,590.0
18,17223,620.0
18,17251,620.0
18,17253,620.0
18,17267,620.0
18,17283,620.0
18,17309,620.0
18,17337,620.0
18,17363,620.0
18,17389,620.0
18,17403,620.0
18,17405,620.0
18,17423,620.0
18,17453,620.0
18,17481,620.0
18,17507,620.0
18,17525,620.0
18,17539,620.0
18,17567,620.0
18,17597,620.0
18,17613,620.0
18,17639,620.0
18,17653,620.0
18,17667,620.0
18,17681,620.0
18,17709,620.0
18,17723,620.0
18,17739,620.0
18,17767,620.0
18,17787,620.0
18,17807,620.0
18,17823,620.0
18,17825,620.0
18,17839,620.0
18,17869,620.0
18,17885,620.0
18,17887,620.0
18,17901,620.0
18,17929,620.0
18,17943,620.0
18,17945,620.0
18,17961,620.0
18,17977,620.0
18,18005,620.0
18,18007,620.0
18,18009,620.0
18,18011,620.0
18,18025,623.0
18,18039,623.0
18,18053,636.0
18,18083,636.0
18,18101,636.0
18,18115,636.0
18,18143,636.0
18,18159,636.0
18,18185,636.0
18,18199,636.0
18,18201,636.0
18,18203,636.0
18,18205,636.0
18,18233,636.0
18,18259,636.0
18,18285,636.0
18,18311,636.0
18,18325,636.0
18,18327,636.0
18,18343,636.0
18,18377,636.0
18,18399,636.0
18,18413,636.0
18,18431,636.0
18,18433,636.0
18,18447,636.0
18,18461,636.0
18,18463,636.0
18,18465,636.0
18,18481,636.0
18,18507,636.0
18,18537,636.0
18,18551,636.0
18,18565,636.0
18,18579,636.0
18,18607,640.0
18,18609,640.0
18,18623,640.0
18,18653,640.0
18,18681,640.0
18,18707,640.0
18,18737,640.0
18,18739,640.0
18,18769,640.0
18,18787,640.0
18,18813,640.0
18,18827,640.0
18,18857,640.0
18,18885,640.0
18,18901,640.0
18,18929,640.0
18,18945,650.0
18,18963,650.0
18,18991,651.0
18,19019,651.0
18,19047,651.0
18,19061,651.0
18,19075,651.0
18,19091,651.0
18,19105,651.0
18,19121,651.0
18,19135,651.0
18,19163,651.0
18,19191,651.0
18,19205,651.0
18,19219,651.0
18,19237,651.0
18,19251,660.0
18,19265,660.0
18,19279,660.0
18,19305,660.0
18,19321,660.0
18,19335,665.0
18,19349,665.0
18,19363,667.0
18,19399,667.0
18,19417,667.0
18,19419,667.0
18,19433,667.0
18,19447,667.0
18,19461,667.0
18,19475,667.0
18,19491,667.0
18,19517,667.0
18,19533,667.0
18,19547,667.0
18,19561,667.0
18,19593,667.0
18,19619,667.0
18,19647,667.0
18,19663,667.0
18,19679,667.0
18,19709,667.0
18,19735,667.0
18,19763,667.0
18,19793,667.0
18,19821,667.0
18,19835,667.0
18,19865,667.0
18,19891,667.0
18,19893,667.0
18,19909,667.0
18,19935,667.0
18,19963,667.0
18,19977,667.0
18,20003,667.0
18,20035,667.0
18,20037,667.0
18,20069,667.0
18,20085,667.0
18,20101,667.0
18,20115,667.0
18,20141,667.0
18,20155,667.0
18,20169,667.0
18,20195,667.0
18,20225,667.0
18,20239,667.0
18,20253,667.0
18,20281,667.0
18,20297,667.0
18,20323,667.0
18,20339,667.0
18,20369,667.0
18,20385,667.0
18,20417,667.0
18,20445,667.0
18,20471,667.0
18,20497,667.0
18,20523,667.0
18,20537,667.0
18,20539,667.0
18,20571,667.0
18,20573,667.0
18,20605,667.0
18,20625,667.0
18,20639,667.0
18,20653,667.0
18,20667,667.0
18,20685,667.0
18,20715,667.0
18,20733,667.0
18,20767,667.0
18,20797,667.0
18,20813,667.0
18,20841,667.0
18,20869,667.0
18,20887,667.0
18,20913,667.0
18,20927,667.0
18,20941,667.0
18,20955,667.0
18,20981,667.0
18,20997,667.0
18,21013,667.0
18,21041,667.0
18,21059,667.0
18,21089,667.0
18,21105,667.0
18,21137,667.0
18,21153,667.0
18,21155,667.0
18,21183,667.0
18,21213,667.0
18,21243,667.0
18,21259,667.0
18,21285,667.0
18,21311,667.0
18,21325,667.0
18,21327,667.0
18,21329,667.0
18,21331,667.0
18,21345,667.0
18,21359,667.0
18,21361,667.0
18,21375,667.0
18,21377,667.0
18,21379,667.0
18,21407,667.0
18,21421,667.0
18,21437,667.0
18,21467,667.0
18,21481,667.0
18,21495,667.0
18,21525,667.0
18,21551,667.0
18,21565,667.0
18,21595,667.0
18,21609,667.0
18,21623,667.0
18,21637,667.0
18,21653,667.0
18,21655,667.0
18,21669,667.0
18,21699,667.0
18,21713,667.0
18,21739,667.0
18,21741,667.0
18,21755,667.0
18,21791,667.0
18,21817,667.0
18,21843,667.0
18,21875,667.0
18,21903,667.0
18,21917,667.0
18,21931,667.0
18,21949,667.0
18,21981,667.0
18,21997,667.0
18,22023,667.0
18,22051,667.0
18,22069,667.0
18,22097,667.0
18,22123,667.0
18,22137,667.0
18,22163,667.0
18,22191,667.0
18,22227,667.0
18,22241,667.0
18,22255,667.0
18,22283,667.0
18,22285,667.0
18,22299,668.0
18,22313,668.0
18,22339,668.0
18,22353,668.0
18,22379,668.0
18,22381,668.0
18,22383,668.0
18,22413,668.0
18,22415,668.0
18,22417,668.0
18,22431,668.0
18,22433,668.0
18,22461,668.0
18,22463,668.0
18,22477,668.0
18,22507,668.0
18,22537,668.0
18,22553,668.0
18,22587,668.0
18,22589,668.0
18,22603,668.0
18,22631,668.0
18,22647,668.0
18,22661,668.0
18,22675,668.0
18,22689,668.0
18,22717,668.0
18,22745,668.0
18,22761,668.0
18,22775,668.0
18,22789,668.0
18,22805,668.0
18,22833,668.0
18,22847,668.0
18,22865,668.0
18,22881,668.0
18,22895,668.0
18,22925,668.0
18,22941,668.0
18,22943,668.0
18,22957,668.0
18,22989,668.0
18,23017,668.0
18,23033,668.0
18,23063,668.0
18,23093,668.0
18,23125,668.0
18,23139,668.0
18,23153,668.0
18,23171,668.0
18,23187,668.0
18,23219,668.0
18,23221,668.0
18,23239,668.0
18,23253,668.0
18,23279,668.0
18,23297,671.0
18,23299,671.0
18,23325,671.0
18,23339,671.0
18,23355,671.0
18,23369,671.0
18,23397,671.0
18,23425,671.0
18,23439,671.0
18,23465,671.0
18,23483,671.0
18,23497,671.0
18,23523,676.0
18,23525,676.0
18,23553,676.0
18,23555,676.0
18,23583,676.0
18,23601,676.0
18,23603,676.0
18,23633,676.0
18,23647,676.0
18,23661,676.0
18,23691,676.0
18,23719,676.0
18,23733,676.0
18,23735,676.0
18,23753,676.0
18,23781,676.0
18,23809,676.0
18,23837,676.0
18,23851,676.0
18,23877,676.0
18,23907,676.0
18,23937,676.0
18,23953,676.0
18,23955,676.0
18,23971,676.0
18,23985,676.0
18,23999,676.0
18,24029,676.0
18,24049,676.0
18,24063,676.0
18,24077,676.0
18,24091,676.0
18,24105,676.0
18,24119,676.0
18,24147,676.0
18,24163,676.0
18,24177,676.0
18,24179,676.0
18,24193,676.0
18,24207,676.0
18,24223,676.0
18,24237,676.0
18,24265,676.0
18,24279,676.0
18,24293,676.0
18,24307,676.0
18,24321,676.0
18,24347,676.0
18,24361,676.0
18,24375,682.0
18,24377,682.0
18,24391,682.0
18,24405,682.0
18,24419,682.0
18,24447,682.0
18,24479,682.0
18,24507,682.0
18,24535,682.0
18,24549,682.0
18,24563,682.0
18,24577,682.0
18,24591,682.0
18,24605,682.0
18,24631,682.0
18,24663,682.0
18,24677,682.0
18,24705,682.0
18,24719,682.0
18,24737,682.0
18,24753,682.0
18,24771,682.0
18,24787,682.0
18,24789,682.0
18,24791,682.0
18,24805,682.0
18,24821,682.0
18,24851,682.0
18,24865,682.0
18,24893,682.0
18,24907,682.0
18,24935,682.0
18,24955,682.0
18,24969,682.0
18,24987,682.0
18,25005,682.0
18,25019,682.0
18,25035,682.0
19,14862,431.0
19,14878,431.0
19,14896,431.0
19,14898,431.0
19,14912,431.0
19,15677,431.0
19,15705,431.0
19,15707,431.0
19,15735,434.0
19,15751,434.0
19,15765,470.0
19,15795,470.0
19,15811,470.0
19,15825,470.0
19,15853,470.0
19,15881,470.0
19,15909,470.0
19,15911,470.0
19,15913,470.0
19,15927,483.0
19,15945,483.0
19,15959,483.0
19,15973,505.0
19,15989,505.0
19,16003,505.0
19,16005,505.0
19,16019,505.0
19,16047,505.0
19,16063,505.0
19,16077,505.0
19,16103,535.0
19,16117,535.0
19,16147,536.0
19,16175,536.0
19,16203,536.0
19,16237,576.0
19,16267,578.0
19,16293,578.0
19,16319,578.0
19,16321,578.0
19,16335,578.0
19,16349,578.0
19,16363,578.0
19,16389,578.0
19,16405,578.0
19,16419,578.0
19,16447,578.0
19,16461,578.0
19,16487,578.0
19,16513,588.0
19,16545,588.0
19,16559,588.0
19,16573,588.0
19,16603,588.0
19,16617,588.0
19,16631,588.0
19,16633,588.0
19,16647,588.0
19,16661,588.0
19,16675,588.0
19,16689,588.0
19,16691,588.0
19,16705,588.0
19,16731,588.0
19,16733,588.0
19,16763,588.0
19,16777,588.0
19,16805,589.0
19,16819,589.0
19,16851,589.0
19,16867,589.0
19,16881,589.0
19,16895,589.0
19,16909,589.0
19,16935,589.0
19,16949,589.0
19,16979,589.0
19,17007,589.0
19,17025,589.0
19,17039,589.0
19,17053,589.0
19,17081,589.0
19,17111,589.0
19,17113,589.0
19,17141,601.0
19,17169,604.0
19,17183,604.0
19,17211,604.0
19,17225,604.0
19,17239,604.0
19,17255,604.0
19,17257,604.0
19,17259,604.0
19,17285,604.0
19,17287,604.0
19,17301,604.0
19,17315,604.0
19,17329,618.0
19,17349,618.0
19,17363,618.0
19,17389,618.0
19,17415,618.0
19,17429,618.0
19,17443,618.0
19,17475,618.0
19,17489,618.0
19,17517,618.0
19,17533,618.0
19,17565,618.0
19,17567,618.0
19,17581,618.0
19,17613,618.0
19,17641,618.0
19,17655,618.0
19,17681,618.0
19,17695,618.0
19,17709,618.0
19,17723,618.0
19,17737,618.0
19,17755,618.0
19,17785,618.0
19,17811,618.0
19,17837,632.0
19,17865,632.0
19,17881,632.0
19,17883,632.0
19,17885,632.0
19,17917,632.0
19,17933,632.0
19,17947,632.0
19,17961,632.0
19,17987,632.0
19,18001,632.0
19,18029,632.0
19,18057,643.0
19,18083,643.0
19,18085,643.0
19,18099,644.0
19,18129,644.0
19,18161,644.0
19,18175,644.0
19,18203,644.0
19,18235,644.0
19,18249,644.0
19,18263,644.0
19,18265,644.0
19,18295,644.0
19,18297,644.0
19,18311,644.0
19,18325,644.0
19,18351,644.0
19,18369,644.0
19,18383,644.0
19,18397,644.0
19,18399,644.0
19,18415,644.0
19,18443,644.0
19,18457,644.0
19,18477,644.0
19,18491,644.0
19,18505,644.0
19,18533,644.0
19,18547,644.0
19,18549,644.0
19,18577,644.0
19,18593,644.0
19,18609,644.0
19,18611,644.0
19,18613,644.0
19,18615,644.0
19,18643,644.0
19,18669,644.0
19,18695,644.0
19,18721,644.0
19,18735,644.0
19,18753,644.0
19,18783,644.0
19,18811,644.0
19,18839,644.0
19,18857,644.0
19,18875,644.0
19,18901,644.0
19,18937,644.0
19,18953,644.0
19,18969,644.0
19,18985,644.0
19,18999,644.0
19,19013,646.0
19,19047,646.0
19,19061,646.0
19,19077,646.0
19,19091,646.0
19,19117,646.0
19,19131,650.0
19,19145,650.0
19,19161,650.0
19,19189,650.0
19,19219,650.0
19,19233,650.0
19,19247,650.0
19,19263,650.0
19,19293,650.0
19,19307,650.0
19,19323,650.0
19,19337,650.0
19,19363,650.0
19,19381,650.0
19,19415,650.0
19,19431,650.0
19,19433,650.0
19,19461,650.0
19,19475,650.0
19,19501,650.0
19,19531,650.0
19,19547,650.0
19,19549,650.0
19,19551,650.0
19,19581,650.0
19,19609,650.0
19,19635,650.0
19,19663,650.0
19,19691,650.0
19,19705,650.0
19,19723,650.0
19,19741,650.0
19,19755,650.0
19,19773,650.0
19,19775,650.0
19,19803,650.0
19,19829,650.0
19,19857,650.0
19,19875,650.0
19,19907,650.0
19,19939,650.0
19,19941,650.0
19,19967,650.0
19,19993,650.0
19,20007,650.0
19,20039,650.0
19,20055,650.0
19,20083,650.0
19,20111,653.0
19,20113,653.0
19,20141,653.0
19,20155,653.0
19,20169,653.0
19,20183,653.0
19,20199,653.0
19,20225,653.0
19,20239,653.0
19,20241,653.0
19,20267,653.0
19,20293,653.0
19,20321,653.0
19,20351,653.0
19,20367,653.0
19,20381,653.0
19,20395,653.0
19,20409,653.0
19,20437,653.0
19,20463,653.0
19,20491,653.0
19,20505,653.0
19,20531,667.0
19,20559,667.0
19,20585,667.0
19,20587,667.0
19,20617,667.0
19,20645,667.0
19,20677,667.0
19,20679,667.0
19,20695,667.0
19,20709,667.0
19,20737,667.0
19,20763,667.0
19,20765,667.0
19,20795,667.0
19,20809,667.0
19,20825,667.0
19,20841,667.0
19,20871,667.0
19,20885,667.0
19,20887,667.0
19,20903,667.0
19,20933,667.0
19,20935,667.0
19,20953,667.0
19,20983,671.0
19,20997,671.0
19,21011,671.0
19,21025,671.0
19,21039,671.0
19,21053,671.0
19,21079,671.0
19,21093,671.0
19,21107,671.0
19,21137,671.0
19,21167,671.0
19,21183,671.0
19,21199,671.0
19,21225,671.0
19,21241,671.0
19,21257,671.0
19,21271,672.0
19,21285,672.0
19,21287,672.0
19,21301,672.0
19,21329,672.0
19,21357,672.0
19,21389,672.0
19,21403,672.0
19,21417,672.0
19,21433,672.0
19,21459,672.0
19,21475,672.0
19,21477,672.0
19,21479,672.0
19,21493,672.0
19,21525,672.0
19,21527,672.0
19,21557,672.0
19,21571,672.0
19,21585,672.0
19,21611,672.0
19,21613,672.0
19,21627,672.0
19,21653,672.0
19,21667,672.0
19,21685,672.0
19,21713,672.0
19,21727,672.0
19,21753,672.0
19,21783,672.0
19,21797,672.0
19,21825,672.0
19,21851,672.0
19,21881,672.0
19,21911,672.0
19,21925,672.0
19,21941,672.0
19,21957,672.0
19,21971,672.0
19,22003,672.0
19,22017,672.0
19,22031,672.0
19,22057,675.0
19,22059,675.0
19,22073,675.0
19,22089,675.0
19,22115,675.0
19,22133,675.0
19,22149,675.0
19,22163,675.0
19,22179,675.0
19,22205,675.0
19,22233,675.0
19,22249,675.0
19,22279,675.0
19,22307,675.0
19,22309,675.0
19,22311,675.0
19,22325,675.0
19,22355,675.0
19,22369,675.0
19,22383,675.0
19,22409,675.0
19,22423,675.0
19,22451,675.0
19,22481,675.0
19,22497,675.0
19,22515,675.0
19,22517,675.0
19,22543,675.0
19,22559,675.0
19,22585,675.0
19,22613,675.0
19,22639,675.0
19,22653,675.0
19,22679,675.0
19,22711,675.0
19,22713,675.0
19,22727,675.0
19,22743,675.0
19,22769,675.0
19,22771,675.0
19,22799,675.0
19,22813,675.0
19,22841,679.0
19,22855,679.0
19,22857,679.0
19,22885,679.0
19,22911,679.0
19,22941,679.0
19,22971,679.0
19,22987,679.0
19,23017,679.0
19,23035,679.0
19,23049,679.0
19,23065,679.0
19,23095,679.0
19,23121,679.0
19,23147,679.0
19,23163,679.0
19,23191,679.0
19,23193,679.0
19,23219,679.0
19,23247,679.0
19,23273,679.0
19,23291,679.0
19,23317,679.0
19,23335,679.0
19,23351,679.0
19,23365,679.0
19,23379,679.0
19,23395,679.0
19,23409,679.0
19,23411,679.0
19,23413,679.0
19,23431,679.0
19,23445,679.0
19,23473,679.0
19,23487,679.0
19,23503,679.0
19,23529,679.0
19,23545,679.0
19,23571,679.0
19,23585,679.0
19,23599,679.0
19,23615,679.0
19,23633,679.0
19,23659,679.0
19,23685,679.0
19,23687,679.0
19,23713,679.0
19,23727,679.0
19,23755,679.0
19,23771,679.0
19,23785,679.0
19,23803,679.0
19,23805,679.0
19,23819,679.0
19,23845,679.0
19,23847,679.0
19,23849,679.0
19,23875,679.0
19,23877,679.0
19,23891,679.0
19,23905,679.0
19,23933,679.0
19,23947,679.0
19,23961,679.0
19,23991,679.0
19,24005,679.0
19,24007,679.0
19,24023,679.0
19,24037,679.0
19,24039,679.0
19,24053,679.0
19,24067,679.0
19,24085,679.0
19,24101,679.0
19,24115,679.0
19,24117,679.0
19,24145,679.0
19,24147,679.0
19,24149,679.0
19,24177,679.0
19,24193,679.0
19,24195,679.0
19,24209,679.0
19,24235,679.0
19,24249,679.0
19,24275,679.0
19,24307,679.0
19,24321,679.0
19,24347,679.0
19,24375,679.0
19,24389,679.0
19,24417,679.0
19,24431,679.0
19,24433,679.0
19,24447,679.0
19,24461,679.0
19,24477,679.0
19,24491,679.0
19,24505,679.0
19,24531,679.0
19,24545,679.0
19,24559,679.0
19,24561,679.0
19,24577,679.0
19,24605,679.0
19,24635,679.0
19,24661,679.0
19,24687,679.0
19,24689,679.0
19,24703,679.0
19,24717,679.0
19,24743,679.0
19,24745,679.0
19,24761,679.0
19,24789,679.0
19,24803,679.0
19,24817,679.0
19,24833,679.0
19,24861,679.0
20,14998,503.0
20,15012,503.0
20,15026,503.0
20,15040,503.0
20,15054,503.0
20,15056,503.0
20,15070,503.0
20,15100,503.0
20,15116,503.0
20,15142,503.0
20,15909,503.0
20,15923,503.0
20,15925,503.0
20,15941,503.0
20,15967,503.0
20,15999,543.0
20,16031,553.0
20,16045,553.0
20,16071,553.0
20,16101,553.0
20,16117,553.0
20,16143,578.0
20,16145,578.0
20,16159,578.0
20,16161,578.0
20,16163,578.0
20,16177,578.0
20,16193,578.0
20,16225,578.0
20,16251,578.0
20,16277,605.0
20,16293,605.0
20,16307,605.0
20,16323,605.0
20,16351,605.0
20,16379,605.0
20,16393,605.0
20,16409,605.0
20,16435,605.0
20,16465,605.0
20,16491,605.0
20,16517,605.0
20,16547,605.0
20,16567,605.0
20,16597,605.0
20,16611,605.0
20,16637,605.0
20,16667,605.0
20,16697,615.0
20,16711,615.0
20,16739,615.0
20,16741,615.0
20,16757,615.0
20,16785,615.0
20,16805,615.0
20,16819,615.0
20,16833,615.0
20,16863,615.0
20,16883,615.0
20,16885,615.0
20,16913,615.0
20,16943,615.0
20,16945,615.0
20,16979,615.0
20,16981,615.0
20,16995,615.0
20,17011,615.0
20,17025,615.0
20,17055,615.0
20,17081,621.0
20,17111,621.0
20,17131,621.0
20,17157,621.0
20,17159,621.0
20,17173,621.0
20,17187,624.0
20,17201,624.0
20,17215,624.0
20,17229,624.0
20,17255,624.0
20,17271,624.0
20,17301,624.0
20,17327,624.0
20,17355,624.0
20,17383,624.0
20,17411,624.0
20,17413,624.0
20,17441,624.0
20,17471,624.0
20,17497,624.0
20,17513,624.0
20,17541,624.0
20,17557,624.0
20,17571,624.0
20,17601,624.0
20,17627,624.0
20,17643,624.0
20,17671,624.0
20,17685,624.0
20,17715,624.0
20,17741,625.0
20,17743,625.0
20,17763,625.0
20,17777,625.0
20,17779,625.0
20,17781,625.0
20,17799,625.0
20,17801,625.0
20,17817,625.0
20,17831,625.0
20,17863,625.0
20,17879,625.0
20,17911,625.0
20,17925,633.0
20,17939,633.0
20,17965,648.0
20,17981,648.0
20,18009,648.0
20,18035,648.0
20,18067,648.0
20,18083,648.0
20,18085,648.0
20,18087,648.0
20,18089,648.0
20,18119,648.0
20,18145,648.0
20,18163,648.0
20,18195,648.0
20,18223,648.0
20,18251,648.0
20,18267,648.0
20,18293,655.0
20,18295,655.0
20,18297,655.0
20,18325,655.0
20,18339,655.0
20,18341,655.0
20,18357,655.0
20,18359,655.0
20,18375,655.0
20,18401,655.0
20,18403,655.0
20,18431,655.0
20,18449,655.0
20,18463,655.0
20,18491,655.0
20,18507,655.0
20,18523,655.0
20,18537,655.0
20,18567,655.0
20,18581,655.0
20,18607,655.0
20,18621,655.0
20,18651,655.0
20,18665,655.0
20,18679,655.0
20,18705,655.0
20,18719,655.0
20,18745,655.0
20,18759,655.0
20,18761,655.0
20,18779,655.0
20,18793,655.0
20,18795,655.0
20,18825,655.0
20,18827,655.0
20,18829,655.0
20,18861,655.0
20,18875,655.0
20,18903,655.0
20,18919,655.0
20,18921,655.0
20,18951,655.0
20,18981,655.0
20,18997,655.0
20,19011,655.0
20,19029,655.0
20,19047,655.0
20,19049,655.0
20,19051,655.0
20,19087,655.0
20,19101,655.0
20,19103,655.0
20,19119,655.0
20,19145,655.0
20,19173,655.0
20,19175,655.0
20,19201,655.0
20,19219,655.0
20,19245,655.0
20,19259,655.0
20,19273,655.0
20,19293,655.0
20,19295,655.0
20,19323,655.0
20,19337,655.0
20,19369,655.0
20,19385,655.0
20,19399,655.0
20,19429,655.0
20,19445,655.0
20,19459,655.0
20,19461,655.0
20,19487,655.0
20,19517,655.0
20,19533,655.0
20,19535,655.0
20,19561,655.0
20,19587,655.0
20,19605,655.0
20,19619,655.0
20,19621,655.0
20,19635,655.0
20,19665,655.0
20,19681,655.0
20,19683,655.0
20,19697,655.0
20,19723,655.0
20,19737,655.0
20,19751,655.0
20,19777,655.0
20,19805,655.0
20,19833,655.0
20,19849,655.0
20,19863,655.0
20,19891,655.0
20,19893,655.0
20,19895,655.0
20,19911,655.0
20,19939,655.0
20,19941,655.0
20,19967,655.0
20,19993,655.0
20,20007,655.0
20,20021,655.0
20,20051,655.0
20,20065,655.0
20,20079,655.0
20,20109,655.0
20,20137,655.0
20,20163,655.0
20,20193,655.0
20,20219,655.0
20,20235,655.0
20,20261,655.0
20,20277,655.0
20,20291,655.0
20,20319,659.0
20,20347,659.0
20,20349,659.0
20,20377,659.0
20,20379,659.0
20,20393,659.0
20,20407,659.0
20,20435,659.0
20,20465,659.0
20,20467,659.0
20,20485,659.0
20,20487,659.0
20,20515,659.0
20,20541,659.0
20,20567,659.0
20,20583,659.0
20,20597,659.0
20,20625,659.0
20,20655,659.0
20,20671,659.0
20,20701,659.0
20,20727,659.0
20,20755,659.0
20,20781,662.0
20,20795,662.0
20,20811,662.0
20,20837,666.0
20,20853,666.0
20,20881,666.0
20,20909,666.0
20,20939,666.0
20,20967,666.0
20,20983,666.0
20,20997,666.0
20,21023,666.0
20,21053,666.0
20,21079,666.0
20,21097,666.0
20,21111,666.0
20,21127,666.0
20,21155,666.0
20,21171,666.0
20,21185,666.0
20,21201,666.0
20,21215,666.0
20,21241,666.0
20,21269,666.0
20,21283,666.0
20,21315,666.0
20,21331,666.0
20,21333,666.0
20,21349,666.0
20,21375,666.0
20,21407,666.0
20,21427,666.0
20,21443,666.0
20,21445,666.0
20,21461,666.0
20,21463,666.0
20,21465,666.0
20,21481,666.0
20,21507,666.0
20,21521,666.0
20,21535,666.0
20,21549,666.0
20,21563,666.0
20,21591,666.0
20,21605,666.0
20,21623,666.0
20,21649,666.0
20,21677,666.0
20,21707,668.0
20,21721,668.0
20,21749,668.0
20,21781,668.0
20,21795,668.0
20,21809,668.0
20,21837,668.0
20,21855,668.0
20,21871,668.0
20,21885,668.0
20,21913,668.0
20,21941,668.0
20,21957,668.0
20,21959,668.0
20,21987,668.0
20,22003,668.0
20,22017,668.0
20,22045,668.0
20,22063,668.0
20,22077,668.0
20,22105,668.0
20,22121,668.0
20,22149,668.0
20,22151,668.0
20,22177,668.0
20,22205,668.0
20,22231,668.0
20,22247,668.0
20,22261,668.0
20,22289,668.0
20,22307,668.0
20,22335,668.0
20,22351,668.0
20,22365,668.0
20,22393,668.0
20,22419,668.0
20,22435,668.0
20,22453,668.0
20,22471,668.0
20,22497,668.0
20,22499,668.0
20,22515,668.0
20,22531,668.0
20,22545,668.0
20,22559,668.0
20,22587,668.0
20,22605,668.0
20,22633,668.0
20,22649,668.0
20,22681,668.0
20,22695,668.0
20,22709,668.0
20,22711,668.0
20,22737,668.0
20,22753,668.0
20,22769,668.0
20,22797,668.0
20,22811,668.0
20,22825,668.0
20,22839,668.0
20,22855,668.0
20,22857,668.0
20,22859,668.0
20,22885,668.0
20,22899,668.0
20,22915,668.0
20,22929,668.0
20,22957,668.0
20,22971,668.0
20,22987,668.0
20,23017,668.0
20,23019,668.0
20,23047,668.0
20,23049,668.0
20,23065,668.0
20,23079,668.0
20,23097,668.0
20,23111,668.0
20,23139,668.0
20,23165,668.0
20,23193,668.0
20,23219,668.0
20,23247,668.0
20,23261,668.0
20,23287,668.0
20,23315,668.0
20,23331,668.0
20,23357,668.0
20,23371,668.0
20,23385,668.0
20,23399,668.0
20,23427,668.0
20,23441,668.0
20,23457,668.0
20,23489,668.0
20,23503,668.0
20,23533,668.0
20,23547,668.0
20,23577,668.0
20,23603,668.0
20,23617,677.0
20,23619,677.0
20,23635,677.0
20,23665,677.0
20,23679,677.0
20,23705,677.0
20,23733,677.0
20,23747,677.0
20,23763,677.0
20,23797,677.0
20,23823,677.0
20,23849,677.0
20,23877,677.0
20,23905,677.0
20,23921,677.0
20,23937,677.0
20,23965,677.0
20,23991,677.0
20,24005,677.0
20,24019,677.0
20,24033,677.0
20,24059,677.0
20,24089,677.0
20,24091,677.0
20,24105,677.0
20,24107,677.0
20,24141,677.0
20,24167,677.0
20,24197,677.0
20,24199,677.0
20,24215,677.0
20,24243,677.0
20,24257,677.0
20,24273,677.0
20,24275,677.0
20,24277,677.0
20,24279,677.0
20,24309,677.0
20,24311,677.0
20,24337,677.0
20,24339,677.0
20,24341,677.0
20,24343,677.0
20,24357,677.0
20,24371,677.0
20,24399,677.0
20,24417,677.0
20,24447,677.0
20,24475,677.0
20,24501,677.0
20,24529,677.0
20,24543,680.0
20,24557,680.0
20,24587,680.0
20,24589,680.0
20,24615,680.0
20,24641,680.0
20,24671,680.0
20,24685,680.0
20,24687,680.0
20,24703,680.0
20,24729,680.0
20,24765,680.0
20,24779,680.0
20,24781,680.0
20,24797,680.0
20,24811,680.0
20,24825,680.0
20,24839,680.0
20,24853,680.0
20,24855,680.0
20,24857,680.0
20,24871,680.0
20,24899,680.0
20,24901,680.0
20,24903,680.0
20,24919,680.0
20,24921,680.0
20,24947,680.0
20,24961,680.0
20,24977,680.0
20,24991,680.0
21,15004,435.0
21,15020,435.0
21,15056,435.0
21,15082,435.0
21,15084,435.0
21,15102,435.0
21,15118,435.0
21,15132,435.0
21,15134,435.0
21,15903,435.0
21,15917,435.0
21,15945,469.0
21,15973,472.0
21,15987,472.0
21,16017,472.0
21,16043,472.0
21,16059,472.0
21,16061,472.0
21,16087,472.0
21,16089,472.0
21,16107,472.0
21,16137,472.0
21,16151,472.0
21,16165,472.0
21,16195,472.0
21,16209,472.0
21,16211,472.0
21,16227,472.0
21,16255,472.0
21,16281,472.0
21,16295,472.0
21,16309,472.0
21,16323,472.0
21,16355,472.0
21,16383,472.0
21,16385,472.0
21,16413,529.0
21,16427,529.0
21,16441,529.0
21,16467,529.0
21,16493,529.0
21,16507,529.0
21,16521,529.0
21,16549,529.0
21,16563,529.0
21,16591,529.0
21,16605,529.0
21,16621,529.0
21,16651,529.0
21,16679,529.0
21,16693,548.0
21,16707,548.0
21,16721,548.0
21,16747,564.0
21,16761,564.0
21,16775,564.0
21,16803,564.0
21,16819,564.0
21,16845,571.0
21,16859,571.0
21,16873,571.0
21,16903,571.0
21,16905,571.0
21,16907,571.0
21,16921,571.0
21,16947,571.0
21,16963,571.0
21,16977,571.0
21,16993,571.0
21,17023,571.0
21,17053,607.0
21,17069,607.0
21,17083,614.0
21,17111,614.0
21,17113,614.0
21,17115,614.0
21,17129,626.0
21,17157,626.0
21,17173,626.0
21,17199,626.0
21,17201,626.0
21,17227,626.0
21,17255,626.0
21,17281,626.0
21,17307,626.0
21,17333,626.0
21,17349,626.0
21,17363,626.0
21,17365,626.0
21,17393,626.0
21,17419,626.0
21,17435,626.0
21,17463,626.0
21,17479,626.0
21,17493,626.0
21,17525,626.0
21,17539,626.0
21,17559,626.0
21,17585,626.0
21,17587,626.0
21,17615,626.0
21,17617,626.0
21,17631,626.0
21,17633,626.0
21,17661,647.0
21,17689,647.0
21,17691,647.0
21,17707,647.0
21,17721,647.0
21,17749,647.0
21,17775,647.0
21,17777,647.0
21,17805,647.0
21,17819,647.0
21,17821,647.0
21,17823,647.0
21,17841,647.0
21,17855,647.0
21,17873,647.0
21,17901,647.0
21,17931,647.0
21,17947,647.0
21,17973,647.0
21,18001,647.0
21,18015,647.0
21,18017,647.0
21,18045,647.0
21,18059,647.0
21,18075,647.0
21,18091,647.0
21,18117,647.0
21,18133,647.0
21,18147,647.0
21,18175,647.0
21,18197,647.0
21,18215,647.0
21,18229,647.0
21,18255,647.0
21,18281,649.0
21,18307,649.0
21,18309,649.0
21,18311,649.0
21,18313,649.0
21,18315,649.0
21,18331,649.0
21,18333,649.0
21,18349,649.0
21,18351,649.0
21,18385,649.0
21,18399,649.0
21,18401,649.0
21,18415,649.0
21,18429,649.0
21,18449,649.0
21,18475,649.0
21,18489,649.0
21,18503,649.0
21,18505,649.0
21,18507,649.0
21,18525,649.0
21,18541,649.0
21,18557,649.0
21,18573,649.0
21,18575,649.0
21,18577,649.0
21,18609,649.0
21,18623,649.0
21,18649,649.0
21,18651,649.0
21,18653,649.0
21,18667,649.0
21,18701,649.0
21,18727,649.0
21,18741,649.0
21,18755,649.0
21,18783,649.0
21,18799,649.0
21,18825,649.0
21,18839,649.0
21,18869,649.0
21,18883,649.0
21,18897,649.0
21,18911,649.0
21,18937,649.0
21,18965,649.0
21,18995,649.0
21,19023,649.0
21,19051,649.0
21,19065,649.0
21,19081,649.0
21,19095,649.0
21,19123,649.0
21,19125,649.0
21,19139,649.0
21,19153,649.0
21,19181,649.0
21,19209,649.0
21,19225,649.0
21,19253,649.0
21,19267,649.0
21,19293,649.0
21,19323,649.0
21,19325,649.0
21,19355,649.0
21,19385,649.0
21,19387,649.0
21,19407,649.0
21,19437,651.0
21,19453,651.0
21,19481,651.0
21,19483,651.0
21,19497,651.0
21,19511,651.0
21,19525,651.0
21,19551,654.0
21,19565,654.0
21,19581,654.0
21,19609,654.0
21,19635,654.0
21,19649,654.0
21,19675,654.0
21,19693,654.0
21,19695,654.0
21,19723,654.0
21,19749,654.0
21,19775,654.0
21,19805,654.0
21,19833,654.0
21,19861,654.0
21,19889,654.0
21,19921,654.0
21,19935,654.0
21,19963,654.0
21,19991,654.0
21,20023,654.0
21,20037,654.0
21,20051,654.0
21,20065,654.0
21,20067,654.0
21,20093,654.0
21,20095,654.0
21,20113,654.0
21,20129,654.0
21,20159,654.0
21,20191,654.0
21,20205,654.0
21,20223,654.0
21,20239,654.0
21,20253,654.0
21,20281,654.0
21,20311,654.0
21,20313,654.0
21,20315,654.0
21,20329,654.0
21,20355,654.0
21,20371,654.0
21,20397,654.0
21,20423,654.0
21,20425,654.0
21,20439,654.0
21,20441,654.0
21,20471,654.0
21,20485,654.0
21,20499,654.0
21,20513,654.0
21,20527,654.0
21,20543,654.0
21,20573,654.0
21,20587,654.0
21,20613,654.0
21,20629,654.0
21,20643,654.0
21,20661,654.0
21,20675,659.0
21,20689,659.0
21,20691,659.0
21,20705,659.0
21,20719,659.0
21,20733,659.0
21,20761,659.0
21,20763,659.0
21,20791,659.0
21,20793,659.0
21,20807,659.0
21,20825,659.0
21,20843,659.0
21,20857,659.0
21,20859,659.0
21,20873,659.0
21,20901,659.0
21,20933,659.0
21,20961,659.0
21,20977,659.0
21,20991,659.0
21,20993,659.0
21,21023,659.0
21,21037,659.0
21,21055,659.0
21,21069,669.0
21,21083,669.0
21,21117,669.0
21,21147,669.0
21,21165,669.0
21,21195,669.0
21,21209,669.0
21,21239,669.0
21,21265,669.0
21,21295,669.0
21,21309,669.0
21,21325,669.0
21,21355,669.0
21,21381,669.0
21,21413,669.0
21,21427,669.0
21,21459,669.0
21,21489,669.0
21,21521,669.0
21,21535,669.0
21,21563,669.0
21,21577,669.0
21,21603,669.0
21,21631,669.0
21,21657,669.0
21,21689,669.0
21,21703,669.0
21,21717,669.0
21,21731,669.0
21,21761,669.0
21,21789,669.0
21,21791,669.0
21,21809,669.0
21,21839,669.0
21,21853,669.0
21,21867,685.0
21,21895,685.0
21,21909,685.0
21,21925,685.0
21,21939,685.0
21,21955,685.0
21,21983,685.0
21,21985,685.0
21,22001,685.0
21,22029,685.0
21,22047,685.0
21,22049,685.0
21,22081,685.0
21,22115,685.0
21,22145,685.0
21,22171,685.0
21,22173,685.0
21,22199,685.0
21,22213,685.0
21,22239,685.0
21,22257,685.0
21,22283,685.0
21,22299,685.0
21,22329,685.0
21,22355,685.0
21,22357,685.0
21,22373,685.0
21,22399,685.0
21,22415,685.0
21,22431,685.0
21,22445,685.0
21,22459,685.0
21,22489,685.0
21,22491,685.0
21,22493,685.0
21,22523,685.0
21,22539,685.0
21,22553,685.0
21,22573,685.0
21,22575,685.0
21,22605,685.0
21,22635,685.0
21,22649,685.0
21,22651,685.0
21,22677,685.0
21,22679,685.0
21,22707,685.0
21,22721,685.0
21,22735,685.0
21,22767,685.0
21,22781,685.0
21,22795,685.0
21,22809,685.0
21,22827,685.0
21,22845,685.0
21,22859,685.0
21,22873,685.0
21,22887,685.0
21,22915,685.0
21,22929,685.0
21,22947,685.0
21,22975,685.0
21,23001,685.0
21,23029,685.0
21,23055,685.0
21,23073,685.0
21,23087,685.0
21,23117,685.0
21,23143,685.0
21,23157,685.0
21,23187,685.0
21,23203,685.0
21,23205,685.0
21,23219,685.0
21,23247,685.0
21,23261,685.0
21,23291,685.0
21,23309,685.0
21,23311,685.0
21,23325,685.0
21,23339,685.0
21,23367,685.0
21,23381,685.0
21,23407,685.0
21,23433,685.0
21,23449,685.0
21,23479,685.0
21,23495,685.0
21,23497,685.0
21,23523,685.0
21,23537,685.0
21,23565,685.0
21,23579,685.0
21,23609,685.0
21,23623,685.0
21,23659,685.0
21,23673,685.0
21,23703,685.0
21,23705,685.0
21,23735,685.0
21,23749,685.0
21,23763,685.0
21,23793,685.0
21,23819,685.0
21,23833,685.0
21,23861,685.0
21,23893,685.0
21,23919,685.0
21,23933,685.0
21,23947,685.0
21,23949,685.0
21,23963,685.0
21,23991,685.0
21,24021,685.0
21,24035,685.0
21,24051,685.0
21,24065,685.0
21,24093,685.0
21,24125,685.0
21,24143,685.0
21,24169,685.0
21,24197,685.0
21,24211,685.0
21,24213,685.0
21,24229,685.0
21,24255,685.0
21,24257,685.0
21,24289,685.0
21,24317,685.0
21,24331,685.0
21,24345,685.0
21,24359,685.0
21,24387,685.0
21,24413,685.0
21,24429,685.0
21,24443,685.0
21,24475,685.0
21,24503,685.0
21,24531,685.0
21,24553,685.0
21,24569,685.0
21,24605,685.0
21,24607,685.0
21,24621,685.0
21,24637,685.0
21,24651,685.0
21,24687,685.0
21,24701,685.0
21,24715,685.0
21,24731,685.0
21,24733,685.0
21,24759,685.0
21,24775,685.0
21,24809,685.0
21,24823,685.0
21,24853,685.0
21,24867,685.0
21,24881,685.0
21,24897,685.0
21,24911,685.0
21,24927,685.0
21,24941,685.0
21,24967,685.0
21,24983,685.0
21,25009,685.0
22,15418,398.0
22,15446,404.0
22,15460,404.0
22,15476,404.0
22,15502,422.0
22,16331,456.0
22,16359,456.0
22,16389,456.0
22,16417,456.0
22,16431,456.0
22,16449,456.0
22,16463,456.0
22,16489,456.0
22,16503,537.0
22,16519,537.0
22,16549,537.0
22,16563,537.0
22,16577,537.0
22,16579,537.0
22,16593,537.0
22,16595,537.0
22,16609,537.0
22,16623,537.0
22,16641,537.0
22,16669,537.0
22,16683,560.0
22,16709,560.0
22,16735,560.0
22,16763,560.0
22,16765,560.0
22,16793,560.0
22,16807,560.0
22,16837,560.0
22,16851,560.0
22,16879,560.0
22,16893,560.0
22,16921,560.0
22,16935,560.0
22,16955,560.0
22,16969,562.0
22,16983,562.0
22,16997,562.0
22,17025,562.0
22,17051,567.0
22,17053,567.0
22,17067,567.0
22,17081,567.0
22,17095,578.0
22,17111,578.0
22,17127,578.0
22,17155,592.0
22,17175,592.0
22,17177,592.0
22,17193,592.0
22,17223,592.0
22,17225,592.0
22,17253,592.0
22,17267,592.0
22,17283,592.0
22,17309,599.0
22,17337,599.0
22,17339,599.0
22,17371,599.0
22,17385,599.0
22,17411,599.0
22,17433,599.0
22,17449,599.0
22,17463,599.0
22,17477,599.0
22,17493,599.0
22,17507,599.0
22,17509,599.0
22,17535,615.0
22,17549,615.0
22,17563,615.0
22,17589,615.0
22,17605,632.0
22,17621,632.0
22,17623,632.0
22,17641,632.0
22,17643,632.0
22,17645,632.0
22,17647,632.0
22,17675,632.0
22,17691,632.0
22,17717,632.0
22,17731,632.0
22,17757,632.0
22,17773,632.0
22,17789,632.0
22,17805,632.0
22,17831,634.0
22,17845,634.0
22,17861,634.0
22,17863,634.0
22,17877,634.0
22,17905,634.0
22,17931,634.0
22,17933,634.0
22,17959,634.0
22,17985,634.0
22,17987,634.0
22,17989,634.0
22,18005,634.0
22,18031,634.0
22,18033,634.0
22,18047,634.0
22,18073,637.0
22,18101,637.0
22,18115,637.0
22,18131,637.0
22,18145,637.0
22,18161,637.0
22,18163,637.0
22,18179,637.0
22,18193,637.0
22,18225,637.0
22,18255,637.0
22,18269,637.0
22,18283,654.0
22,18309,654.0
22,18311,654.0
22,18313,654.0
22,18343,654.0
22,18371,654.0
22,18385,654.0
22,18387,654.0
22,18401,654.0
22,18415,654.0
22,18435,654.0
22,18449,654.0
22,18479,654.0
22,18493,654.0
22,18509,654.0
22,18523,654.0
22,18537,654.0
22,18565,654.0
22,18567,654.0
22,18583,654.0
22,18611,654.0
22,18613,654.0
22,18627,654.0
22,18657,654.0
22,18671,654.0
22,18701,654.0
22,18703,654.0
22,18717,654.0
22,18731,654.0
22,18745,654.0
22,18759,654.0
22,18773,654.0
22,18791,654.0
22,18805,654.0
22,18837,654.0
22,18867,654.0
22,18883,654.0
22,18911,659.0
22,18925,659.0
22,18927,659.0
22,18943,659.0
22,18959,659.0
22,18975,659.0
22,18989,659.0
22,18991,659.0
22,19017,659.0
22,19031,659.0
22,19059,659.0
22,19077,659.0
22,19099,659.0
22,19129,659.0
22,19143,659.0
22,19157,659.0
22,19159,659.0
22,19187,659.0
22,19189,659.0
22,19205,659.0
22,19233,659.0
22,19249,659.0
22,19265,659.0
22,19291,659.0
22,19321,659.0
22,19339,659.0
22,19359,659.0
22,19361,659.0
22,19387,659.0
22,19389,659.0
22,19391,659.0
22,19393,659.0
22,19427,659.0
22,19441,659.0
22,19473,659.0
22,19487,659.0
22,19501,659.0
22,19515,659.0
22,19531,659.0
22,19545,659.0
22,19563,659.0
22,19577,659.0
22,19579,659.0
22,19607,659.0
22,19625,659.0
22,19653,659.0
22,19669,659.0
22,19687,659.0
22,19703,659.0
22,19729,659.0
22,19757,659.0
22,19771,659.0
22,19773,659.0
22,19787,659.0
22,19801,659.0
22,19817,659.0
22,19833,659.0
22,19849,659.0
22,19879,659.0
22,19907,659.0
22,19933,659.0
22,19947,659.0
22,19949,659.0
22,19969,659.0
22,19983,659.0
22,19985,659.0
22,20011,659.0
22,20027,659.0
22,20059,659.0
22,20087,659.0
22,20105,659.0
22,20131,659.0
22,20133,659.0
22,20147,659.0
22,20161,659.0
22,20163,659.0
22,20177,659.0
22,20203,659.0
22,20229,659.0
22,20247,659.0
22,20261,659.0
22,20291,659.0
22,20321,659.0
22,20349,659.0
22,20363,659.0
22,20395,659.0
22,20413,659.0
22,20415,659.0
22,20429,659.0
22,20457,659.0
22,20471,659.0
22,20485,659.0
22,20513,659.0
22,20547,659.0
22,20577,659.0
22,20579,659.0
22,20581,659.0
22,20595,659.0
22,20609,659.0
22,20635,659.0
22,20649,659.0
22,20663,659.0
22,20677,659.0
22,20709,659.0
22,20739,659.0
22,20753,659.0
22,20779,659.0
22,20781,659.0
22,20795,659.0
22,20821,673.0
22,20843,673.0
22,20871,673.0
22,20899,673.0
22,20913,673.0
22,20915,673.0
22,20931,673.0
22,20949,673.0
22,20975,673.0
22,21001,673.0
22,21033,673.0
22,21047,673.0
22,21061,673.0
22,21075,673.0
22,21089,673.0
22,21117,673.0
22,21133,673.0
22,21147,673.0
22,21165,673.0
22,21193,673.0
22,21195,673.0
22,21209,673.0
22,21211,673.0
22,21227,673.0
22,21243,673.0
22,21257,673.0
22,21283,673.0
22,21297,673.0
22,21311,673.0
22,21325,673.0
22,21341,673.0
22,21357,673.0
22,21387,673.0
22,21389,673.0
22,21415,673.0
22,21429,673.0
22,21443,673.0
22,21477,673.0
22,21505,673.0
22,21531,673.0
22,21547,673.0
22,21563,673.0
22,21593,673.0
22,21621,673.0
22,21637,673.0
22,21665,673.0
22,21681,673.0
22,21695,673.0
22,21709,673.0
22,21735,673.0
22,21749,673.0
22,21781,673.0
22,21783,673.0
22,21809,673.0
22,21835,673.0
22,21855,673.0
22,21883,673.0
22,21909,673.0
22,21923,673.0
22,21925,673.0
22,21939,673.0
22,21953,673.0
22,21955,673.0
22,21969,673.0
22,22001,673.0
22,22015,673.0
22,22029,673.0
22,22031,673.0
22,22061,673.0
22,22075,673.0
22,22109,673.0
22,22123,673.0
22,22149,673.0
22,22163,673.0
22,22177,673.0
22,22191,673.0
22,22209,673.0
22,22235,673.0
22,22251,673.0
22,22281,673.0
22,22315,673.0
22,22329,673.0
22,22355,673.0
22,22369,673.0
22,22399,673.0
22,22427,673.0
22,22459,673.0
22,22461,673.0
22,22489,673.0
22,22507,673.0
22,22533,673.0
22,22553,673.0
22,22555,673.0
22,22569,673.0
22,22571,673.0
22,22585,673.0
22,22605,673.0
22,22619,673.0
22,22633,673.0
22,22661,673.0
22,22675,673.0
22,22689,673.0
22,22717,673.0
22,22747,673.0
22,22779,673.0
22,22795,673.0
22,22823,673.0
22,22837,673.0
22,22839,673.0
22,22855,673.0
22,22857,673.0
22,22889,673.0
22,22915,673.0
22,22941,673.0
22,22957,673.0
22,22985,673.0
22,22999,673.0
22,23027,673.0
22,23053,673.0
22,23067,673.0
22,23097,673.0
22,23113,673.0
22,23127,673.0
22,23141,673.0
22,23169,673.0
22,23183,673.0
22,23197,673.0
22,23213,673.0
22,23231,673.0
22,23245,673.0
22,23259,673.0
22,23285,673.0
22,23299,673.0
22,23301,673.0
22,23315,673.0
22,23343,673.0
22,23371,673.0
22,23399,673.0
22,23417,673.0
22,23419,673.0
22,23449,673.0
22,23481,673.0
22,23511,673.0
22,23513,673.0
22,23529,673.0
22,23557,673.0
22,23583,673.0
22,23597,673.0
22,23617,673.0
22,23635,673.0
22,23649,673.0
22,23679,673.0
22,23695,673.0
22,23711,673.0
22,23725,673.0
22,23741,673.0
22,23757,673.0
22,23771,673.0
22,23785,673.0
22,23815,673.0
22,23841,673.0
22,23855,673.0
22,23871,673.0
22,23885,673.0
22,23899,673.0
22,23913,673.0
22,23927,673.0
22,23941,673.0
22,23959,673.0
22,23973,673.0
22,23987,673.0
22,23989,673.0
22,24019,673.0
22,24021,673.0
22,24051,674.0
22,24053,674.0
22,24079,674.0
22,24097,674.0
22,24111,674.0
22,24113,674.0
22,24115,674.0
22,24141,674.0
22,24159,674.0
22,24173,674.0
22,24203,674.0
22,24235,674.0
22,24249,674.0
22,24263,674.0
22,24281,674.0
22,24299,674.0
22,24313,674.0
22,24341,674.0
22,24369,674.0
22,24385,674.0
22,24387,674.0
22,24401,674.0
22,24429,674.0
22,24461,674.0
22,24477,674.0
22,24491,674.0
22,24517,674.0
22,24531,674.0
22,24559,674.0
22,24561,674.0
22,24575,674.0
22,24595,674.0
22,24621,674.0
22,24635,674.0
22,24665,674.0
22,24679,674.0
22,24711,674.0
22,24725,674.0
22,24755,674.0
22,24769,674.0
22,24799,674.0
22,24817,674.0
22,24833,674.0
22,24859,674.0
22,24873,674.0
22,24875,674.0
22,24893,674.0
22,24907,674.0
22,24935,674.0
22,24949,674.0
22,24977,674.0
22,24993,674.0
22,25021,676.0
22,25035,676.0
22,25063,676.0
22,25077,676.0
22,25097,676.0
22,25111,676.0
22,25113,676.0
22,25139,676.0
22,25155,676.0
22,25171,676.0
22,25185,676.0
22,25201,676.0
22,25229,676.0
22,25243,676.0
22,25259,676.0
22,25289,676.0
22,25291,676.0
22,25305,676.0
22,25333,676.0
22,25335,676.0
22,25363,676.0
22,25395,676.0
23,15242,421.0
23,15256,421.0
23,15282,421.0
23,15308,421.0
23,15310,421.0
23,15324,421.0
23,15338,421.0
23,15352,421.0
23,15366,438.0
23,15380,438.0
23,15406,438.0
23,15420,481.0
23,15450,481.0
23,15470,481.0
23,15472,481.0
23,15492,481.0
23,15508,481.0
23,15510,481.0
23,15524,481.0
23,15540,481.0
23,15558,481.0
23,15590,481.0
23,15604,481.0
23,15618,481.0
23,15648,481.0
23,15662,481.0
23,15690,481.0
23,15706,481.0
23,15708,481.0
23,15742,488.0
23,15758,488.0
23,15784,513.0
23,15798,513.0
23,15826,513.0
23,15844,513.0
23,15872,513.0
23,15890,513.0
23,15892,513.0
23,15908,513.0
23,15938,513.0
23,15940,513.0
23,16713,513.0
23,16729,513.0
23,16743,543.0
23,16745,543.0
23,16777,543.0
23,16793,543.0
23,16807,543.0
23,16821,543.0
23,16851,543.0
23,16867,543.0
23,16897,543.0
23,16911,543.0
23,16939,543.0
23,16955,543.0
23,16969,543.0
23,16983,543.0
23,16997,543.0
23,17013,543.0
23,17041,543.0
23,17069,543.0
23,17095,543.0
23,17111,543.0
23,17113,543.0
23,17149,543.0
23,17151,543.0
23,17183,543.0
23,17209,545.0
23,17223,545.0
23,17237,575.0
23,17267,575.0
23,17295,575.0
23,17309,575.0
23,17335,575.0
23,17349,575.0
23,17363,575.0
23,17379,575.0
23,17381,575.0
23,17407,575.0
23,17421,575.0
23,17423,575.0
23,17425,575.0
23,17453,592.0
23,17455,592.0
23,17469,592.0
23,17499,592.0
23,17529,592.0
23,17545,592.0
23,17559,592.0
23,17577,592.0
23,17595,592.0
23,17621,592.0
23,17637,592.0
23,17653,592.0
23,17655,592.0
23,17671,592.0
23,17705,592.0
23,17731,592.0
23,17747,592.0
23,17777,592.0
23,17805,592.0
23,17807,592.0
23,17823,592.0
23,17841,592.0
23,17875,600.0
23,17889,600.0
23,17903,616.0
23,17919,616.0
23,17937,616.0
23,17953,616.0
23,17983,616.0
23,18009,616.0
23,18037,616.0
23,18055,616.0
23,18071,616.0
23,18103,616.0
23,18105,616.0
23,18145,616.0
23,18161,616.0
23,18191,616.0
23,18217,616.0
23,18231,616.0
23,18233,616.0
23,18247,616.0
23,18261,616.0
23,18287,616.0
23,18301,616.0
23,18327,616.0
23,18341,616.0
23,18367,616.0
23,18393,616.0
23,18421,616.0
23,18435,616.0
23,18463,617.0
23,18501,617.0
23,18517,617.0
23,18545,617.0
23,18559,617.0
23,18561,617.0
23,18563,617.0
23,18565,617.0
23,18581,617.0
23,18611,617.0
23,18625,617.0
23,18651,617.0
23,18677,617.0
23,18707,617.0
23,18725,617.0
23,18739,617.0
23,18755,617.0
23,18781,619.0
23,18783,619.0
23,18797,619.0
23,18813,619.0
23,18815,619.0
23,18841,619.0
23,18857,619.0
23,18877,619.0
23,18891,627.0
23,18907,627.0
23,18921,627.0
23,18937,627.0
23,18951,627.0
23,18979,632.0
23,18995,632.0
23,19011,632.0
23,19041,632.0
23,19067,632.0
23,19085,632.0
23,19111,632.0
23,19131,632.0
23,19147,632.0
23,19165,632.0
23,19193,632.0
23,19209,632.0
23,19225,632.0
23,19241,632.0
23,19269,632.0
23,19283,634.0
23,19285,634.0
23,19299,634.0
23,19313,634.0
23,19341,634.0
23,19355,634.0
23,19389,634.0
23,19405,634.0
23,19439,634.0
23,19467,634.0
23,19483,634.0
23,19511,634.0
23,19513,634.0
23,19529,634.0
23,19545,634.0
23,19571,640.0
23,19573,640.0
23,19601,640.0
23,19633,647.0
23,19647,647.0
23,19661,647.0
23,19675,647.0
23,19691,647.0
23,19693,647.0
23,19709,647.0
23,19711,647.0
23,19725,647.0
23,19739,647.0
23,19741,647.0
23,19759,647.0
23,19787,647.0
23,19801,647.0
23,19817,647.0
23,19833,647.0
23,19849,647.0
23,19865,647.0
23,19867,647.0
23,19881,647.0
23,19909,647.0
23,19923,647.0
23,19937,647.0
23,19965,647.0
23,19991,647.0
23,20005,647.0
23,20019,650.0
23,20033,650.0
23,20035,650.0
23,20051,650.0
23,20077,650.0
23,20093,650.0
23,20107,650.0
23,20133,650.0
23,20159,650.0
23,20173,650.0
23,20187,650.0
23,20213,650.0
23,20239,650.0
23,20257,650.0
23,20275,650.0
23,20293,650.0
23,20311,650.0
23,20327,650.0
23,20353,650.0
23,20369,650.0
23,20385,650.0
23,20415,650.0
23,20429,650.0
23,20445,650.0
23,20461,650.0
23,20475,650.0
23,20501,650.0
23,20527,650.0
23,20553,650.0
23,20567,651.0
23,20595,651.0
23,20627,651.0
23,20655,654.0
23,20669,654.0
23,20695,654.0
23,20725,654.0
23,20739,654.0
23,20753,654.0
23,20767,654.0
23,20785,654.0
23,20799,654.0
23,20827,654.0
23,20853,654.0
23,20885,654.0
23,20921,654.0
23,20935,654.0
23,20967,654.0
23,20981,654.0
23,21007,656.0
23,21021,656.0
23,21047,661.0
23,21075,661.0
23,21093,661.0
23,21119,661.0
23,21147,661.0
23,21163,661.0
23,21177,661.0
23,21191,661.0
23,21205,661.0
23,21237,661.0
23,21265,661.0
23,21295,666.0
23,21297,666.0
23,21325,666.0
23,21341,666.0
23,21367,666.0
23,21381,666.0
23,21395,666.0
23,21411,666.0
23,21413,666.0
23,21415,666.0
23,21431,666.0
23,21459,666.0
23,21485,666.0
23,21499,666.0
23,21525,666.0
23,21543,666.0
23,21559,666.0
23,21591,666.0
23,21617,666.0
23,21631,666.0
23,21645,666.0
23,21675,666.0
23,21677,666.0
23,21707,666.0
23,21733,666.0
23,21749,666.0
23,21777,666.0
23,21791,666.0
23,21809,666.0
23,21835,666.0
23,21849,666.0
23,21875,666.0
23,21877,666.0
23,21891,666.0
23,21907,666.0
23,21923,666.0
23,21951,666.0
23,21979,666.0
23,22007,666.0
23,22021,666.0
23,22037,666.0
23,22069,666.0
23,22085,666.0
23,22101,666.0
23,22121,666.0
23,22149,666.0
23,22163,666.0
23,22181,666.0
23,22207,666.0
23,22225,666.0
23,22251,666.0
23,22269,666.0
23,22295,666.0
23,22325,666.0
23,22339,666.0
23,22353,666.0
23,22355,666.0
23,22357,666.0
23,22383,666.0
23,22397,666.0
23,22411,666.0
23,22439,666.0
23,22441,666.0
23,22467,666.0
23,22497,666.0
23,22511,666.0
23,22513,666.0
23,22539,666.0
23,22569,666.0
23,22585,666.0
23,22615,666.0
23,22643,666.0
23,22657,666.0
23,22671,666.0
23,22687,666.0
23,22705,666.0
23,22733,666.0
23,22735,666.0
23,22749,666.0
23,22765,666.0
23,22791,666.0
23,22811,666.0
23,22825,666.0
23,22839,666.0
23,22867,666.0
23,22895,666.0
23,22897,666.0
23,22911,666.0
23,22937,666.0
23,22953,666.0
23,22955,666.0
23,22969,666.0
23,22983,666.0
23,23009,666.0
23,23023,666.0
23,23053,666.0
23,23075,666.0
23,23089,666.0
23,23103,666.0
23,23129,666.0
23,23157,666.0
23,23171,666.0
23,23199,666.0
23,23213,666.0
23,23231,666.0
23,23247,666.0
23,23249,666.0
23,23263,666.0
23,23277,666.0
23,23291,666.0
23,23309,666.0
23,23341,666.0
23,23357,666.0
23,23371,666.0
23,23385,666.0
23,23411,666.0
23,23439,666.0
23,23441,666.0
23,23455,666.0
23,23487,666.0
23,23515,667.0
23,23541,667.0
23,23555,667.0
23,23571,667.0
23,23585,667.0
23,23599,667.0
23,23601,667.0
23,23603,667.0
23,23619,667.0
23,23647,667.0
23,23675,667.0
23,23707,672.0
23,23733,672.0
23,23735,672.0
23,23749,672.0
23,23779,672.0
23,23807,672.0
23,23823,672.0
23,23851,672.0
23,23865,672.0
23,23879,672.0
23,23897,672.0
23,23925,672.0
23,23939,672.0
23,23967,672.0
23,23981,672.0
23,23983,672.0
23,23985,672.0
23,23999,672.0
23,24025,672.0
23,24039,673.0
23,24041,673.0
23,24055,673.0
23,24069,673.0
23,24095,673.0
23,24097,673.0
23,24111,673.0
23,24113,673.0
23,24127,675.0
23,24143,675.0
23,24157,675.0
23,24171,675.0
23,24185,675.0
23,24199,675.0
23,24213,675.0
23,24229,675.0
23,24231,675.0
23,24259,675.0
23,24273,675.0
23,24299,675.0
23,24301,675.0
23,24327,675.0
23,24341,675.0
23,24357,675.0
23,24371,675.0
23,24387,675.0
23,24419,675.0
23,24433,675.0
23,24453,675.0
23,24455,675.0
23,24485,675.0
23,24511,675.0
23,24537,675.0
23,24551,675.0
23,24581,675.0
23,24609,675.0
23,24637,675.0
23,24667,675.0
23,24681,675.0
23,24695,675.0
23,24723,675.0
23,24749,675.0
23,24763,675.0
23,24777,675.0
23,24791,675.0
23,24805,675.0
23,24833,675.0
23,24861,675.0
23,24863,675.0
23,24877,675.0
23,24891,675.0
23,24907,675.0
23,24921,675.0
23,24947,675.0
23,24963,675.0
23,24965,675.0
23,24991,675.0
23,25019,675.0
23,25049,675.0
23,25065,675.0
23,25081,675.0
23,25083,675.0
23,25113,675.0
23,25115,675.0
23,25145,675.0
23,25173,675.0
23,25203,675.0
23,25219,675.0
24,15144,434.0
24,15899,434.0
24,15927,434.0
24,15941,441.0
24,15971,441.0
24,15987,441.0
24,16015,462.0
24,16029,462.0
24,16031,462.0
24,16033,462.0
24,16065,462.0
24,16093,496.0
24,16125,496.0
24,16153,496.0
24,16179,496.0
24,16193,496.0
24,16207,496.0
24,16209,496.0
24,16235,496.0
24,16261,517.0
24,16293,517.0
24,16313,517.0
24,16343,517.0
24,16357,517.0
24,16385,517.0
24,16411,517.0
24,16413,517.0
24,16415,517.0
24,16443,517.0
24,16457,517.0
24,16489,517.0
24,16515,531.0
24,16545,531.0
24,16559,531.0
24,16585,531.0
24,16603,535.0
24,16605,535.0
24,16637,535.0
24,16651,535.0
24,16679,554.0
24,16693,554.0
24,16707,554.0
24,16733,573.0
24,16749,573.0
24,16779,573.0
24,16811,573.0
24,16813,573.0
24,16827,573.0
24,16855,573.0
24,16873,573.0
24,16875,573.0
24,16877,573.0
24,16903,573.0
24,16917,573.0
24,16931,573.0
24,16945,573.0
24,16973,573.0
24,16987,573.0
24,17001,573.0
24,17027,573.0
24,17053,573.0
24,17067,573.0
24,17081,605.0
24,17113,617.0
24,17127,617.0
24,17157,617.0
24,17159,617.0
24,17161,617.0
24,17175,617.0
24,17203,617.0
24,17217,617.0
24,17245,617.0
24,17273,617.0
24,17275,617.0
24,17291,617.0
24,17319,617.0
24,17333,617.0
24,17347,617.0
24,17361,641.0
24,17377,641.0
24,17379,641.0
24,17393,641.0
24,17411,641.0
24,17427,641.0
24,17453,641.0
24,17467,641.0
24,17481,647.0
24,17483,647.0
24,17513,647.0
24,17539,647.0
24,17541,647.0
24,17567,647.0
24,17595,647.0
24,17597,647.0
24,17627,647.0
24,17653,647.0
24,17667,647.0
24,17681,647.0
24,17707,647.0
24,17735,647.0
24,17765,647.0
24,17779,647.0
24,17807,647.0
24,17835,647.0
24,17849,647.0
24,17877,647.0
24,17903,647.0
24,17921,647.0
24,17947,647.0
24,17949,647.0
24,17975,647.0
24,17989,647.0
24,18003,647.0
24,18021,647.0
24,18035,647.0
24,18063,647.0
24,18089,647.0
24,18103,647.0
24,18131,647.0
24,18159,647.0
24,18161,647.0
24,18189,647.0
24,18191,647.0
24,18219,647.0
24,18221,647.0
24,18235,647.0
24,18263,647.0
24,18277,647.0
24,18279,647.0
24,18293,647.0
24,18323,647.0
24,18337,647.0
24,18363,647.0
24,18391,647.0
24,18417,647.0
24,18419,647.0
24,18447,647.0
24,18461,647.0
24,18475,647.0
24,18489,647.0
24,18505,647.0
24,18519,647.0
24,18545,647.0
24,18561,647.0
24,18577,647.0
24,18579,647.0
24,18593,647.0
24,18595,647.0
24,18597,647.0
24,18623,647.0
24,18637,647.0
24,18663,647.0
24,18689,647.0
24,18717,647.0
24,18749,647.0
24,18765,647.0
24,18779,651.0
24,18813,651.0
24,18841,651.0
24,18861,651.0
24,18891,651.0
24,18921,651.0
24,18949,651.0
24,18963,651.0
24,18979,651.0
24,18981,651.0
24,18995,651.0
24,19023,651.0
24,19063,651.0
24,19091,651.0
24,19117,651.0
24,19149,651.0
24,19165,651.0
24,19167,651.0
24,19199,651.0
24,19215,651.0
24,19217,651.0
24,19245,656.0
24,19273,656.0
24,19291,656.0
24,19307,656.0
24,19321,656.0
24,19349,656.0
24,19365,656.0
24,19381,656.0
24,19411,656.0
24,19437,656.0
24,19467,656.0
24,19481,656.0
24,19495,656.0
24,19509,656.0
24,19537,656.0
24,19565,656.0
24,19595,656.0
24,19623,656.0
24,19637,657.0
24,19639,657.0
24,19655,657.0
24,19657,657.0
24,19671,657.0
24,19701,657.0
24,19719,657.0
24,19745,657.0
24,19747,657.0
24,19763,657.0
24,19789,657.0
24,19817,657.0
24,19845,657.0
24,19873,657.0
24,19901,657.0
24,19915,657.0
24,19945,657.0
24,19973,657.0
24,19987,657.0
24,20017,657.0
24,20019,657.0
24,20035,657.0
24,20049,657.0
24,20075,657.0
24,20089,657.0
24,20103,657.0
24,20105,657.0
24,20121,657.0
24,20149,657.0
24,20165,657.0
24,20179,657.0
24,20209,657.0
24,20227,657.0
24,20241,657.0
24,20273,657.0
24,20301,657.0
24,20331,657.0
24,20347,657.0
24,20373,657.0
24,20391,657.0
24,20419,657.0
24,20433,657.0
24,20447,657.0
24,20475,657.0
24,20503,657.0
24,20517,657.0
24,20547,657.0
24,20577,657.0
24,20591,657.0
24,20609,657.0
24,20635,657.0
24,20655,657.0
24,20657,657.0
24,20691,657.0
24,20705,662.0
24,20723,662.0
24,20737,662.0
24,20751,662.0
24,20765,662.0
24,20793,662.0
24,20807,662.0
24,20809,662.0
24,20823,662.0
24,20849,662.0
24,20877,662.0
24,20903,662.0
24,20931,662.0
24,20945,662.0
24,20973,662.0
24,20987,662.0
24,21001,662.0
24,21029,662.0
24,21031,662.0
24,21045,662.0
24,21047,662.0
24,21075,662.0
24,21089,662.0
24,21091,662.0
24,21117,662.0
24,21133,662.0
24,21147,662.0
24,21149,662.0
24,21175,662.0
24,21201,662.0
24,21203,662.0
24,21205,662.0
24,21233,662.0
24,21259,662.0
24,21287,662.0
24,21303,662.0
24,21329,666.0
24,21357,666.0
24,21373,666.0
24,21401,666.0
24,21415,666.0
24,21445,666.0
24,21461,666.0
24,21475,666.0
24,21503,666.0
24,21531,666.0
24,21563,666.0
24,21583,666.0
24,21613,666.0
24,21615,666.0
24,21645,666.0
24,21659,666.0
24,21687,666.0
24,21701,666.0
24,21729,666.0
24,21745,666.0
24,21759,666.0
24,21773,666.0
24,21787,666.0
24,21801,666.0
24,21815,667.0
24,21845,667.0
24,21871,667.0
24,21889,667.0
24,21891,667.0
24,21905,667.0
24,21921,667.0
24,21947,667.0
24,21975,667.0
24,22003,667.0
24,22033,671.0
24,22047,671.0
24,22065,671.0
24,22083,671.0
24,22103,671.0
24,22105,671.0
24,22131,671.0
24,22157,671.0
24,22171,671.0
24,22199,671.0
24,22225,671.0
24,22241,671.0
24,22257,671.0
24,22259,671.0
24,22291,671.0
24,22305,671.0
24,22323,671.0
24,22339,671.0
24,22367,671.0
24,22381,671.0
24,22383,671.0
24,22397,671.0
24,22411,671.0
24,22427,671.0
24,22429,671.0
24,22457,671.0
24,22473,671.0
24,22499,671.0
24,22501,671.0
24,22517,671.0
24,22549,671.0
24,22551,671.0
24,22567,671.0
24,22569,671.0
24,22571,671.0
24,22599,671.0
24,22601,671.0
24,22603,671.0
24,22629,671.0
24,22643,671.0
24,22663,671.0
24,22665,671.0
24,22667,671.0
24,22685,671.0
24,22687,671.0
24,22703,671.0
24,22717,671.0
24,22745,671.0
24,22763,671.0
24,22793,671.0
24,22795,671.0
24,22811,671.0
24,22837,671.0
24,22839,671.0
24,22865,671.0
24,22879,671.0
24,22893,671.0
24,22909,671.0
24,22935,671.0
24,22961,671.0
24,22975,671.0
24,22989,671.0
24,23019,671.0
24,23047,671.0
24,23063,671.0
24,23079,671.0
24,23111,671.0
24,23141,671.0
24,23143,671.0
24,23157,671.0
24,23185,671.0
24,23199,671.0
24,23231,671.0
24,23247,671.0
24,23249,671.0
24,23251,671.0
24,23277,673.0
24,23291,673.0
24,23317,673.0
24,23343,673.0
24,23371,673.0
24,23397,673.0
24,23399,673.0
24,23429,673.0
24,23443,673.0
24,23469,675.0
24,23491,675.0
24,23521,675.0
24,23555,675.0
24,23581,675.0
24,23595,675.0
24,23609,675.0
24,23623,675.0
24,23639,675.0
24,23669,675.0
24,23685,675.0
24,23699,675.0
24,23733,675.0
24,23747,675.0
24,23749,675.0
24,23775,675.0
24,23807,675.0
24,23823,675.0
24,23837,675.0
24,23851,675.0
24,23865,675.0
24,23883,675.0
24,23899,675.0
24,23925,675.0
24,23939,675.0
24,23965,675.0
24,23997,675.0
24,24011,675.0
24,24047,675.0
24,24063,675.0
24,24095,675.0
24,24123,675.0
24,24137,675.0
24,24151,675.0
24,24169,675.0
24,24171,675.0
24,24187,675.0
24,24203,675.0
24,24219,675.0
24,24233,675.0
24,24235,675.0
24,24263,675.0
24,24277,675.0
24,24279,675.0
24,24305,675.0
24,24307,675.0
24,24321,675.0
24,24347,675.0
24,24373,675.0
24,24387,675.0
24,24389,675.0
24,24403,675.0
24,24421,675.0
24,24435,675.0
24,24437,675.0
24,24467,675.0
24,24469,675.0
24,24471,675.0
24,24473,675.0
24,24487,675.0
24,24515,675.0
24,24543,675.0
24,24557,675.0
24,24575,675.0
24,24591,675.0
24,24593,675.0
24,24621,675.0
24,24647,675.0
24,24673,675.0
24,24687,675.0
24,24713,675.0
24,24729,675.0
24,24759,675.0
24,24761,675.0
24,24789,675.0
24,24805,675.0
24,24821,675.0
24,24835,675.0
24,24851,675.0
24,24879,675.0
24,24893,675.0
24,24909,675.0
24,24939,675.0
24,24955,675.0
24,24987,675.0
24,25001,675.0
24,25015,675.0
24,25041,675.0
24,25061,675.0
24,25063,675.0
24,25081,675.0
24,25095,675.0
24,25109,675.0
24,25135,675.0
25,14874,438.0
25,14890,438.0
25,14908,438.0
25,14922,438.0
25,14936,438.0
25,14964,438.0
25,14994,438.0
25,15008,438.0
25,15040,438.0
25,15042,438.0
25,15044,438.0
25,15058,489.0
25,15086,489.0
25,15114,489.0
25,15142,489.0
25,15156,489.0
25,15182,489.0
25,15196,489.0
25,15222,489.0
25,15236,489.0
25,15238,489.0
25,15264,489.0
25,15278,489.0
25,16019,489.0
25,16033,489.0
25,16059,503.0
25,16091,503.0
25,16121,538.0
25,16137,538.0
25,16165,538.0
25,16191,538.0
25,16193,538.0
25,16211,538.0
25,16227,538.0
25,16255,538.0
25,16269,538.0
25,16287,538.0
25,16313,538.0
25,16315,538.0
25,16351,538.0
25,16367,538.0
25,16369,538.0
25,16385,538.0
25,16399,538.0
25,16401,538.0
25,16415,558.0
25,16429,558.0
25,16457,558.0
25,16471,558.0
25,16485,558.0
25,16499,558.0
25,16515,558.0
25,16545,558.0
25,16559,558.0
25,16575,558.0
25,16601,558.0
25,16603,558.0
25,16631,558.0
25,16647,558.0
25,16661,558.0
25,16675,568.0
25,16703,568.0
25,16717,568.0
25,16719,568.0
25,16747,568.0
25,16775,568.0
25,16805,568.0
25,16819,576.0
25,16833,576.0
25,16847,576.0
25,16863,579.0
25,16877,579.0
25,16895,579.0
25,16923,579.0
25,16951,579.0
25,16965,579.0
25,16993,579.0
25,17023,579.0
25,17053,593.0
25,17067,593.0
25,17097,593.0
25,17111,593.0
25,17139,593.0
25,17157,593.0
25,17191,593.0
25,17213,593.0
25,17239,593.0
25,17267,593.0
25,17293,593.0
25,17295,593.0
25,17309,593.0
25,17311,593.0
25,17337,593.0
25,17353,593.0
25,17367,593.0
25,17369,593.0
25,17395,593.0
25,17397,593.0
25,17399,593.0
25,17425,593.0
25,17451,593.0
25,17453,593.0
25,17455,593.0
25,17471,593.0
25,17499,593.0
25,17501,593.0
25,17529,593.0
25,17543,593.0
25,17571,593.0
25,17601,593.0
25,17629,593.0
25,17643,593.0
25,17659,593.0
25,17685,606.0
25,17715,606.0
25,17741,606.0
25,17743,606.0
25,17745,606.0
25,17759,606.0
25,17785,606.0
25,17811,633.0
25,17839,633.0
25,17855,633.0
25,17857,633.0
25,17871,633.0
25,17885,633.0
25,17899,633.0
25,17929,633.0
25,17943,633.0
25,17961,633.0
25,17989,633.0
25,18017,636.0
25,18019,636.0
25,18035,636.0
25,18069,636.0
25,18083,636.0
25,18115,636.0
25,18145,636.0
25,18173,636.0
25,18187,636.0
25,18203,636.0
25,18219,636.0
25,18233,636.0
25,18247,636.0
25,18263,636.0
25,18293,636.0
25,18295,636.0
25,18311,636.0
25,18345,636.0
25,18359,636.0
25,18361,636.0
25,18389,636.0
25,18417,636.0
25,18433,636.0
25,18449,636.0
25,18451,636.0
25,18479,636.0
25,18507,636.0
25,18521,636.0
25,18537,636.0
25,18563,636.0
25,18579,636.0
25,18593,636.0
25,18607,636.0
25,18633,636.0
25,18661,636.0
25,18677,636.0
25,18691,636.0
25,18707,636.0
25,18721,636.0
25,18737,636.0
25,18753,636.0
25,18787,636.0
25,18813,636.0
25,18839,636.0
25,18867,651.0
25,18881,651.0
25,18895,651.0
25,18921,651.0
25,18935,651.0
25,18951,651.0
25,18977,651.0
25,19007,651.0
25,19023,651.0
25,19037,651.0
25,19055,651.0
25,19069,651.0
25,19083,651.0
25,19097,651.0
25,19099,651.0
25,19101,651.0
25,19103,651.0
25,19129,651.0
25,19143,651.0
25,19157,651.0
25,19185,651.0
25,19187,651.0
25,19201,651.0
25,19215,651.0
25,19229,651.0
25,19255,651.0
25,19281,651.0
25,19297,651.0
25,19327,651.0
25,19353,651.0
25,19367,651.0
25,19381,651.0
25,19399,651.0
25,19413,651.0
25,19429,651.0
25,19445,651.0
25,19461,651.0
25,19463,651.0
25,19489,651.0
25,19517,651.0
25,19533,651.0
25,19559,651.0
25,19585,666.0
25,19599,666.0
25,19615,666.0
25,19643,666.0
25,19675,666.0
25,19689,666.0
25,19719,666.0
25,19721,666.0
25,19735,666.0
25,19749,666.0
25,19751,666.0
25,19781,666.0
25,19797,666.0
25,19813,666.0
25,19815,666.0
25,19817,666.0
25,19845,666.0
25,19871,666.0
25,19885,666.0
25,19899,666.0
25,19913,666.0
25,19939,666.0
25,19955,666.0
25,19983,666.0
25,19997,666.0
25,20011,666.0
25,20025,675.0
25,20041,675.0
25,20057,675.0
25,20085,682.0
25,20101,682.0
25,20103,682.0
25,20131,682.0
25,20157,682.0
25,20171,686.0
25,20203,686.0
25,20217,686.0
25,20233,686.0
25,20249,686.0
25,20275,686.0
25,20301,686.0
25,20319,686.0
25,20321,686.0
25,20337,686.0
25,20353,686.0
25,20367,686.0
25,20381,686.0
25,20399,686.0
25,20429,686.0
25,20445,686.0
25,20461,686.0
25,20489,686.0
25,20517,686.0
25,20533,686.0
25,20547,686.0
25,20575,686.0
25,20589,686.0
25,20607,686.0
25,20621,686.0
25,20635,686.0
25,20649,686.0
25,20665,686.0
25,20695,686.0
25,20727,686.0
25,20757,686.0
25,20771,686.0
25,20799,686.0
25,20813,686.0
25,20829,686.0
25,20843,686.0
25,20857,686.0
25,20871,686.0
25,20885,686.0
25,20911,686.0
25,20925,686.0
25,20939,686.0
25,20957,686.0
25,20973,686.0
25,20987,686.0
25,21003,686.0
25,21019,686.0
25,21033,686.0
25,21061,686.0
25,21087,686.0
25,21089,686.0
25,21103,686.0
25,21131,686.0
25,21147,686.0
25,21161,686.0
25,21191,686.0
25,21207,686.0
25,21221,686.0
25,21237,686.0
25,21239,686.0
25,21255,686.0
25,21285,686.0
25,21301,686.0
25,21329,686.0
25,21345,686.0
25,21373,686.0
25,21387,686.0
25,21417,686.0
25,21431,686.0
25,21461,686.0
25,21489,686.0
25,21519,686.0
25,21533,686.0
25,21561,686.0
25,21587,686.0
25,21601,686.0
25,21629,686.0
25,21657,686.0
25,21673,686.0
25,21699,686.0
25,21727,686.0
25,21741,686.0
25,21743,686.0
25,21771,686.0
25,21787,686.0
25,21813,686.0
25,21827,686.0
25,21855,686.0
25,21883,686.0
25,21885,686.0
25,21901,686.0
25,21929,686.0
25,21931,686.0
25,21961,686.0
25,21975,686.0
25,21991,686.0
25,22007,686.0
25,22039,686.0
25,22053,686.0
25,22067,686.0
25,22081,686.0
25,22107,686.0
25,22133,686.0
25,22147,686.0
25,22161,686.0
25,22175,686.0
25,22191,686.0
25,22217,686.0
25,22245,686.0
25,22259,686.0
25,22287,686.0
25,22301,686.0
25,22315,686.0
25,22343,686.0
25,22357,686.0
25,22383,686.0
25,22399,686.0
25,22413,686.0
25,22427,686.0
25,22441,686.0
25,22455,686.0
25,22483,686.0
25,22497,686.0
25,22499,686.0
25,22513,686.0
25,22541,686.0
25,22557,686.0
25,22575,686.0
25,22607,686.0
25,22621,686.0
25,22639,686.0
25,22665,686.0
25,22679,686.0
25,22705,686.0
25,22719,686.0
25,22733,686.0
25,22753,686.0
25,22779,686.0
25,22807,686.0
25,22821,686.0
25,22835,686.0
25,22837,686.0
25,22851,686.0
25,22879,686.0
25,22895,686.0
25,22923,686.0
25,22937,686.0
25,22939,686.0
25,22967,686.0
25,22993,686.0
25,23011,686.0
25,23039,686.0
25,23053,686.0
25,23069,686.0
25,23071,686.0
25,23097,686.0
25,23131,686.0
25,23147,686.0
25,23165,686.0
25,23191,686.0
25,23219,686.0
25,23235,686.0
25,23249,686.0
25,23275,686.0
25,23289,686.0
25,23303,686.0
25,23317,686.0
25,23343,686.0
25,23373,686.0
25,23403,686.0
25,23429,686.0
25,23431,686.0
25,23465,686.0
25,23497,686.0
25,23511,686.0
25,23525,686.0
25,23541,686.0
25,23555,686.0
25,23587,686.0
25,23603,686.0
25,23605,686.0
25,23633,686.0
25,23635,686.0
25,23663,686.0
25,23677,686.0
25,23691,686.0
25,23721,686.0
25,23737,686.0
25,23739,686.0
25,23769,686.0
25,23795,686.0
25,23809,686.0
25,23837,686.0
25,23839,686.0
25,23853,686.0
25,23867,686.0
25,23883,686.0
25,23911,686.0
25,23939,686.0
25,23969,686.0
25,23983,686.0
25,23999,686.0
25,24015,686.0
25,24017,686.0
25,24045,686.0
25,24061,686.0
25,24087,686.0
25,24103,686.0
25,24117,686.0
25,24145,686.0
25,24159,686.0
25,24173,686.0
25,24187,686.0
25,24213,686.0
25,24243,686.0
25,24271,686.0
25,24299,686.0
25,24325,686.0
25,24327,686.0
25,24341,686.0
25,24357,686.0
25,24371,686.0
25,24405,686.0
25,24419,686.0
25,24445,686.0
25,24471,686.0
25,24503,686.0
25,24529,686.0
25,24559,686.0
25,24573,686.0
25,24575,686.0
25,24589,686.0
25,24605,686.0
25,24621,686.0
25,24637,686.0
25,24663,686.0
25,24691,686.0
25,24721,686.0
25,24751,686.0
25,24765,686.0
25,24781,686.0
25,24799,686.0
25,24813,686.0
25,24829,686.0
25,24843,689.0
25,24873,689.0
26,15122,429.0
26,15148,429.0
26,15150,429.0
26,15979,429.0
26,15997,429.0
26,15999,429.0
26,16001,429.0
26,16003,429.0
26,16029,496.0
26,16055,496.0
26,16081,496.0
26,16111,496.0
26,16141,496.0
26,16173,496.0
26,16201,496.0
26,16215,496.0
26,16249,496.0
26,16251,496.0
26,16279,496.0
26,16297,496.0
26,16311,496.0
26,16325,496.0
26,16343,496.0
26,16345,496.0
26,16375,496.0
26,16401,541.0
26,16427,541.0
26,16455,541.0
26,16483,541.0
26,16511,541.0
26,16529,541.0
26,16543,541.0
26,16579,541.0
26,16595,541.0
26,16627,541.0
26,16629,541.0
26,16657,541.0
26,16673,586.0
26,16687,586.0
26,16689,586.0
26,16703,586.0
26,16717,586.0
26,16749,586.0
26,16763,586.0
26,16777,586.0
26,16793,586.0
26,16821,586.0
26,16847,586.0
26,16849,586.0
26,16877,586.0
26,16891,586.0
26,16921,586.0
26,16949,586.0
26,16951,586.0
26,16965,586.0
26,16967,586.0
26,16993,586.0
26,17021,586.0
26,17037,586.0
26,17065,586.0
26,17097,586.0
26,17115,586.0
26,17141,586.0
26,17155,586.0
26,17173,586.0
26,17203,586.0
26,17229,586.0
26,17245,586.0
26,17273,586.0
26,17275,598.0
26,17307,598.0
26,17321,598.0
26,17337,598.0
26,17365,598.0
26,17379,598.0
26,17381,598.0
26,17409,598.0
26,17437,598.0
26,17451,598.0
26,17465,611.0
26,17467,611.0
26,17469,611.0
26,17499,611.0
26,17525,611.0
26,17539,611.0
26,17567,611.0
26,17583,611.0
26,17611,611.0
26,17637,625.0
26,17667,625.0
26,17681,625.0
26,17707,625.0
26,17709,625.0
26,17723,625.0
26,17749,625.0
26,17763,625.0
26,17777,625.0
26,17791,625.0
26,17805,625.0
26,17819,625.0
26,17847,631.0
26,17861,631.0
26,17877,631.0
26,17879,631.0
26,17905,631.0
26,17921,631.0
26,17935,631.0
26,17951,631.0
26,17965,631.0
26,17993,631.0
26,18011,635.0
26,18027,635.0
26,18051,635.0
26,18077,635.0
26,18105,635.0
26,18133,635.0
26,18159,635.0
26,18185,635.0
26,18211,635.0
26,18213,635.0
26,18239,635.0
26,18257,635.0
26,18259,635.0
26,18275,635.0
26,18303,635.0
26,18333,635.0
26,18335,635.0
26,18365,635.0
26,18391,635.0
26,18419,635.0
26,18433,650.0
26,18451,650.0
26,18479,650.0
26,18509,664.0
26,18523,664.0
26,18539,664.0
26,18559,664.0
26,18575,664.0
26,18589,664.0
26,18605,664.0
26,18633,664.0
26,18661,664.0
26,18687,664.0
26,18715,664.0
26,18731,664.0
26,18759,664.0
26,18775,664.0
26,18791,664.0
26,18807,664.0
26,18809,664.0
26,18835,664.0
26,18849,664.0
26,18881,664.0
26,18883,664.0
26,18897,672.0
26,18899,672.0
26,18917,672.0
26,18931,672.0
26,18945,672.0
26,18959,672.0
26,18961,672.0
26,18963,672.0
26,18991,672.0
26,19005,672.0
26,19021,672.0
26,19047,672.0
26,19061,672.0
26,19075,672.0
26,19089,672.0
26,19091,672.0
26,19105,672.0
26,19123,672.0
26,19137,672.0
26,19163,672.0
26,19177,672.0
26,19205,672.0
26,19219,672.0
26,19233,672.0
26,19235,672.0
26,19261,672.0
26,19275,672.0
26,19293,672.0
26,19307,672.0
26,19333,672.0
26,19361,672.0
26,19375,672.0
26,19403,672.0
26,19435,672.0
26,19461,672.0
26,19475,672.0
26,19507,672.0
26,19535,672.0
26,19561,672.0
26,19593,672.0
26,19607,672.0
26,19609,672.0
26,19611,672.0
26,19629,672.0
26,19643,672.0
26,19645,672.0
26,19659,672.0
26,19687,672.0
26,19703,672.0
26,19717,672.0
26,19719,672.0
26,19747,672.0
26,19761,672.0
26,19777,672.0
26,19803,672.0
26,19829,672.0
26,19847,672.0
26,19873,672.0
26,19887,672.0
26,19889,672.0
26,19917,672.0
26,19931,672.0
26,19957,672.0
26,19971,672.0
26,19973,672.0
26,19987,672.0
26,20015,672.0
26,20043,672.0
26,20057,672.0
26,20071,672.0
26,20085,672.0
26,20111,672.0
26,20131,672.0
26,20145,672.0
26,20171,672.0
26,20185,672.0
26,20199,672.0
26,20213,672.0
26,20215,672.0
26,20217,672.0
26,20233,672.0
26,20261,672.0
26,20263,672.0
26,20289,672.0
26,20317,672.0
26,20331,672.0
26,20351,672.0
26,20367,672.0
26,20369,672.0
26,20383,672.0
26,20385,672.0
26,20411,672.0
26,20439,672.0
26,20467,672.0
26,20485,672.0
26,20511,672.0
26,20539,672.0
26,20571,672.0
26,20587,672.0
26,20601,672.0
26,20629,672.0
26,20643,672.0
26,20669,672.0
26,20699,672.0
26,20725,672.0
26,20741,672.0
26,20767,672.0
26,20783,672.0
26,20801,672.0
26,20821,672.0
26,20849,672.0
26,20863,672.0
26,20879,672.0
26,20881,672.0
26,20897,672.0
26,20899,672.0
26,20931,672.0
26,20963,672.0
26,20977,672.0
26,21005,672.0
26,21021,672.0
26,21035,672.0
26,21049,672.0
26,21063,672.0
26,21079,672.0
26,21107,672.0
26,21135,672.0
26,21149,672.0
26,21163,672.0
26,21177,672.0
26,21191,672.0
26,21205,672.0
26,21235,672.0
26,21251,672.0
26,21281,672.0
26,21295,672.0
26,21321,672.0
26,21351,672.0
26,21377,672.0
26,21407,672.0
26,21423,672.0
26,21439,672.0
26,21453,672.0
26,21467,672.0
26,21481,672.0
26,21497,672.0
26,21523,672.0
26,21537,672.0
26,21551,672.0
26,21579,672.0
26,21595,672.0
26,21597,672.0
26,21623,672.0
26,21637,672.0
26,21639,672.0
26,21667,672.0
26,21681,672.0
26,21697,672.0
26,21729,672.0
26,21731,672.0
26,21747,672.0
26,21761,672.0
26,21763,672.0
26,21777,672.0
26,21779,672.0
26,21795,672.0
26,21811,672.0
26,21837,672.0
26,21853,672.0
26,21855,672.0
26,21887,672.0
26,21913,672.0
26,21927,672.0
26,21955,672.0
26,21969,672.0
26,22003,672.0
26,22019,672.0
26,22033,672.0
26,22047,672.0
26,22063,672.0
26,22091,672.0
26,22117,672.0
26,22143,672.0
26,22171,672.0
26,22185,672.0
26,22201,672.0
26,22217,672.0
26,22219,672.0
26,22235,672.0
26,22253,672.0
26,22267,672.0
26,22283,672.0
26,22297,672.0
26,22327,672.0
26,22329,672.0
26,22331,672.0
26,22357,672.0
26,22389,672.0
26,22407,672.0
26,22409,672.0
26,22425,672.0
26,22451,672.0
26,22481,672.0
26,22507,672.0
26,22509,672.0
26,22537,672.0
26,22539,672.0
26,22565,672.0
26,22581,672.0
26,22595,672.0
26,22621,672.0
26,22639,672.0
26,22641,672.0
26,22667,672.0
26,22669,672.0
26,22683,672.0
26,22697,672.0
26,22713,672.0
26,22729,672.0
26,22757,672.0
26,22783,672.0
26,22813,672.0
26,22843,672.0
26,22857,672.0
26,22871,672.0
26,22899,672.0
26,22915,672.0
26,22943,672.0
26,22971,672.0
26,22985,672.0
26,22987,672.0
26,23021,672.0
26,23051,672.0
26,23083,672.0
26,23113,672.0
26,23141,672.0
26,23155,672.0
26,23183,672.0
26,23197,672.0
26,23211,672.0
26,23229,672.0
26,23255,672.0
26,23283,672.0
26,23315,672.0
26,23341,672.0
26,23367,672.0
26,23381,672.0
26,23415,672.0
26,23449,672.0
26,23465,672.0
26,23467,672.0
26,23495,672.0
26,23521,672.0
26,23537,672.0
26,23565,672.0
26,23579,672.0
26,23595,672.0
26,23623,672.0
26,23639,672.0
26,23665,672.0
26,23691,672.0
26,23705,672.0
26,23707,672.0
26,23723,672.0
26,23749,672.0
26,23763,672.0
26,23793,672.0
26,23819,672.0
26,23849,672.0
26,23863,672.0
26,23877,672.0
26,23891,678.0
26,23905,678.0
26,23921,678.0
26,23935,678.0
26,23965,678.0
26,23967,678.0
26,23981,678.0
26,24013,678.0
26,24015,678.0
26,24017,678.0
26,24031,678.0
26,24057,678.0
26,24085,678.0
26,24111,678.0
26,24137,678.0
26,24151,678.0
26,24179,678.0
26,24181,678.0
26,24197,678.0
26,24215,678.0
26,24229,678.0
26,24243,678.0
26,24269,678.0
26,24285,678.0
26,24311,686.0
26,24325,686.0
26,24341,686.0
26,24357,686.0
26,24371,686.0
26,24401,686.0
26,24421,686.0
26,24435,686.0
26,24449,686.0
26,24465,686.0
26,24479,686.0
26,24493,686.0
26,24521,686.0
26,24537,686.0
26,24551,686.0
26,24565,686.0
26,24579,686.0
26,24595,686.0
26,24611,686.0
26,24627,686.0
26,24629,686.0
26,24643,686.0
26,24661,686.0
26,24675,686.0
26,24701,686.0
26,24729,686.0
26,24755,686.0
26,24769,686.0
26,24783,686.0
26,24797,686.0
26,24823,686.0
26,24825,686.0
26,24839,686.0
26,24871,686.0
26,24887,686.0
26,24903,686.0
26,24931,686.0
26,24947,686.0
26,24961,686.0
26,24979,686.0
26,25005,686.0
26,25035,686.0
26,25051,686.0
26,25077,686.0
26,25097,686.0
26,25113,686.0
26,25143,686.0
27,14904,437.0
27,14936,437.0
27,14966,455.0
27,14982,455.0
27,14998,455.0
27,15026,455.0
27,15054,455.0
27,15068,455.0
27,15809,455.0
27,15841,455.0
27,15869,455.0
27,15893,455.0
27,15907,455.0
27,15909,455.0
27,15927,455.0
27,15945,455.0
27,15973,455.0
27,15975,455.0
27,15991,455.0
27,16019,455.0
27,16045,455.0
27,16073,455.0
27,16075,455.0
27,16091,455.0
27,16107,455.0
27,16121,455.0
27,16149,504.0
27,16163,504.0
27,16189,504.0
27,16215,504.0
27,16241,548.0
27,16255,594.0
27,16269,594.0
27,16283,594.0
27,16297,594.0
27,16313,594.0
27,16339,594.0
27,16357,594.0
27,16383,594.0
27,16399,594.0
27,16413,594.0
27,16441,594.0
27,16467,594.0
27,16481,594.0
27,16509,594.0
27,16511,594.0
27,16541,594.0
27,16569,594.0
27,16571,594.0
27,16601,594.0
27,16627,594.0
27,16653,620.0
27,16679,620.0
27,16705,631.0
27,16721,631.0
27,16751,631.0
27,16779,631.0
27,16807,631.0
27,16827,631.0
27,16829,631.0
27,16859,631.0
27,16885,631.0
27,16887,631.0
27,16889,631.0
27,16905,631.0
27,16907,631.0
27,16923,631.0
27,16951,641.0
27,16977,641.0
27,16979,641.0
27,16993,641.0
27,17007,641.0
27,17021,641.0
27,17049,641.0
27,17051,641.0
27,17053,641.0
27,17083,649.0
27,17113,649.0
27,17129,649.0
27,17143,649.0
27,17171,649.0
27,17173,649.0
27,17199,649.0
27,17213,649.0
27,17215,649.0
27,17241,649.0
27,17255,649.0
27,17283,649.0
27,17299,649.0
27,17335,649.0
27,17337,649.0
27,17353,649.0
27,17379,649.0
27,17407,649.0
27,17437,649.0
27,17439,649.0
27,17455,649.0
27,17481,649.0
27,17509,649.0
27,17535,649.0
27,17537,649.0
27,17565,649.0
27,17593,649.0
27,17607,649.0
27,17623,649.0
27,17625,649.0
27,17627,649.0
27,17643,649.0
27,17671,649.0
27,17685,649.0
27,17715,649.0
27,17729,649.0
27,17745,649.0
27,17747,649.0
27,17749,649.0
27,17763,649.0
27,17791,649.0
27,17817,649.0
27,17845,649.0
27,17859,649.0
27,17885,649.0
27,17911,649.0
27,17941,649.0
27,17973,649.0
27,17987,649.0
27,18001,649.0
27,18003,649.0
27,18029,649.0
27,18055,649.0
27,18085,649.0
27,18115,649.0
27,18133,649.0
27,18135,649.0
27,18149,649.0
27,18163,649.0
27,18197,649.0
27,18211,649.0
27,18225,649.0
27,18251,649.0
27,18253,649.0
27,18269,649.0
27,18283,649.0
27,18311,649.0
27,18345,649.0
27,18373,658.0
27,18403,658.0
27,18417,658.0
27,18419,658.0
27,18433,658.0
27,18463,658.0
27,18477,658.0
27,18495,658.0
27,18513,658.0
27,18529,658.0
27,18557,658.0
27,18573,658.0
27,18605,658.0
27,18619,658.0
27,18651,658.0
27,18681,658.0
27,18695,658.0
27,18723,658.0
27,18725,658.0
27,18739,658.0
27,18765,658.0
27,18779,658.0
27,18793,658.0
27,18823,658.0
27,18825,658.0
27,18843,658.0
27,18861,658.0
27,18875,658.0
27,18901,658.0
27,18927,658.0
27,18943,658.0
27,18959,658.0
27,18973,658.0
27,18987,658.0
27,18989,658.0
27,19023,658.0
27,19055,658.0
27,19071,658.0
27,19087,658.0
27,19117,658.0
27,19145,658.0
27,19175,658.0
27,19201,658.0
27,19203,658.0
27,19217,658.0
27,19219,658.0
27,19233,658.0
27,19247,658.0
27,19261,661.0
27,19263,661.0
27,19283,661.0
27,19311,661.0
27,19325,661.0
27,19339,661.0
27,19341,661.0
27,19343,661.0
27,19359,661.0
27,19385,661.0
27,19399,661.0
27,19413,661.0
27,19443,661.0
27,19457,661.0
27,19483,661.0
27,19499,661.0
27,19513,661.0
27,19541,661.0
27,19543,661.0
27,19559,661.0
27,19573,661.0
27,19587,661.0
27,19601,661.0
27,19633,661.0
27,19647,661.0
27,19661,661.0
27,19691,661.0
27,19693,661.0
27,19725,661.0
27,19743,661.0
27,19769,661.0
27,19785,661.0
27,19813,661.0
27,19827,661.0
27,19841,661.0
27,19855,661.0
27,19883,661.0
27,19909,661.0
27,19937,661.0
27,19955,661.0
27,19971,661.0
27,19997,661.0
27,20011,661.0
27,20013,661.0
27,20039,661.0
27,20055,661.0
27,20057,661.0
27,20071,661.0
27,20099,661.0
27,20113,661.0
27,20115,661.0
27,20129,661.0
27,20131,661.0
27,20149,661.0
27,20165,661.0
27,20179,661.0
27,20211,661.0
27,20227,661.0
27,20241,661.0
27,20255,661.0
27,20271,661.0
27,20287,661.0
27,20313,661.0
27,20327,661.0
27,20363,661.0
27,20377,661.0
27,20391,661.0
27,20421,661.0
27,20437,661.0
27,20451,661.0
27,20479,661.0
27,20495,661.0
27,20523,661.0
27,20537,661.0
27,20563,661.0
27,20565,661.0
27,20567,661.0
27,20581,661.0
27,20611,661.0
27,20639,661.0
27,20641,661.0
27,20669,661.0
27,20683,661.0
27,20711,669.0
27,20725,669.0
27,20751,669.0
27,20777,669.0
27,20805,669.0
27,20807,669.0
27,20821,669.0
27,20837,669.0
27,20851,669.0
27,20879,669.0
27,20893,669.0
27,20911,669.0
27,20927,669.0
27,20957,669.0
27,20989,669.0
27,21005,669.0
27,21035,669.0
27,21053,669.0
27,21079,669.0
27,21093,669.0
27,21107,669.0
27,21135,669.0
27,21151,669.0
27,21165,669.0
27,21183,669.0
27,21197,669.0
27,21223,669.0
27,21249,669.0
27,21281,669.0
27,21309,669.0
27,21343,669.0
27,21345,669.0
27,21375,669.0
27,21401,669.0
27,21415,669.0
27,21447,669.0
27,21461,669.0
27,21489,669.0
27,21507,669.0
27,21521,669.0
27,21547,669.0
27,21565,669.0
27,21593,669.0
27,21595,669.0
27,21633,669.0
27,21647,669.0
27,21675,669.0
27,21689,669.0
27,21715,669.0
27,21743,669.0
27,21757,669.0
27,21759,669.0
27,21773,669.0
27,21805,669.0
27,21821,669.0
27,21837,669.0
27,21851,669.0
27,21869,669.0
27,21897,670.0
27,21913,670.0
27,21927,670.0
27,21955,670.0
27,21969,670.0
27,21971,670.0
27,22001,670.0
27,22003,670.0
27,22031,670.0
27,22047,670.0
27,22081,670.0
27,22083,670.0
27,22111,670.0
27,22113,670.0
27,22147,670.0
27,22149,670.0
27,22165,670.0
27,22179,670.0
27,22211,670.0
27,22227,670.0
27,22255,671.0
27,22269,671.0
27,22271,671.0
27,22297,671.0
27,22315,671.0
27,22331,671.0
27,22333,671.0
27,22359,671.0
27,22387,671.0
27,22417,671.0
27,22451,671.0
27,22469,671.0
27,22485,671.0
27,22501,671.0
27,22527,671.0
27,22553,671.0
27,22569,671.0
27,22597,671.0
27,22611,671.0
27,22627,671.0
27,22641,671.0
27,22655,671.0
27,22681,671.0
27,22699,671.0
27,22727,671.0
27,22743,671.0
27,22769,671.0
27,22795,673.0
27,22823,673.0
27,22851,673.0
27,22879,673.0
27,22893,673.0
27,22909,673.0
27,22923,673.0
27,22949,673.0
27,22977,673.0
27,23005,673.0
27,23031,673.0
27,23045,673.0
27,23047,673.0
27,23073,673.0
27,23101,673.0
27,23129,673.0
27,23143,673.0
27,23157,673.0
27,23171,673.0
27,23197,673.0
27,23225,673.0
27,23227,673.0
27,23255,673.0
27,23257,673.0
27,23271,673.0
27,23273,673.0
27,23301,673.0
27,23315,673.0
27,23341,673.0
27,23369,673.0
27,23397,673.0
27,23411,673.0
27,23425,676.0
27,23453,676.0
27,23455,676.0
27,23483,676.0
27,23511,676.0
27,23537,676.0
27,23551,676.0
27,23567,676.0
27,23569,676.0
27,23597,676.0
27,23611,676.0
27,23625,676.0
27,23641,676.0
27,23667,676.0
27,23695,676.0
27,23709,676.0
27,23727,676.0
27,23755,676.0
27,23771,676.0
27,23801,676.0
27,23803,676.0
27,23817,676.0
27,23845,676.0
27,23859,676.0
27,23875,676.0
27,23889,676.0
27,23917,676.0
27,23919,676.0
27,23935,676.0
27,23949,676.0
27,23963,678.0
27,23993,678.0
27,24023,678.0
27,24025,678.0
27,24041,678.0
27,24067,678.0
27,24083,678.0
27,24113,678.0
27,24115,678.0
27,24129,678.0
27,24161,678.0
27,24175,678.0
27,24177,678.0
27,24179,678.0
27,24181,678.0
27,24195,678.0
27,24221,678.0
27,24235,678.0
27,24261,678.0
27,24275,678.0
27,24303,678.0
27,24305,678.0
27,24307,678.0
27,24309,678.0
27,24335,678.0
27,24337,678.0
27,24351,678.0
27,24367,678.0
27,24369,678.0
27,24395,678.0
27,24411,678.0
27,24439,678.0
27,24457,678.0
27,24475,678.0
27,24493,678.0
27,24507,678.0
27,24521,678.0
27,24535,678.0
27,24561,678.0
27,24563,678.0
27,24591,678.0
27,24593,678.0
27,24609,678.0
27,24635,678.0
27,24649,678.0
27,24663,678.0
27,24691,678.0
27,24721,678.0
27,24749,678.0
27,24751,678.0
27,24779,678.0
27,24805,678.0
27,24831,678.0
27,24857,678.0
27,24871,678.0
27,24887,678.0
27,24889,678.0
27,24907,678.0
28,14976,423.0
28,15004,451.0
28,15032,451.0
28,15048,451.0
28,15076,468.0
28,15106,468.0
28,15108,468.0
28,15122,468.0
28,15154,468.0
28,15168,468.0
28,15196,474.0
28,15222,474.0
28,15248,474.0
28,15274,509.0
28,15288,509.0
28,15318,509.0
28,15332,509.0
28,15346,509.0
28,15374,509.0
28,15376,509.0
28,15406,509.0
28,15422,509.0
28,15436,509.0
28,15452,509.0
28,15454,509.0
28,15484,509.0
28,15498,509.0
28,15512,509.0
28,15514,509.0
28,15530,509.0
28,15548,509.0
28,15576,509.0
28,15590,509.0
28,15606,509.0
28,15624,509.0
28,15638,509.0
28,15656,509.0
28,15670,552.0
28,15684,552.0
28,16413,552.0
28,16431,552.0
28,16433,552.0
28,16459,552.0
28,16493,552.0
28,16509,552.0
28,16511,552.0
28,16527,552.0
28,16541,552.0
28,16555,552.0
28,16569,552.0
28,16585,552.0
28,16613,552.0
28,16627,552.0
28,16643,552.0
28,16657,552.0
28,16673,552.0
28,16687,552.0
28,16703,552.0
28,16717,552.0
28,16745,552.0
28,16747,552.0
28,16775,552.0
28,16801,580.0
28,16803,580.0
28,16805,580.0
28,16819,580.0
28,16833,580.0
28,16849,580.0
28,16875,580.0
28,16899,580.0
28,16927,580.0
28,16963,580.0
28,16981,580.0
28,17007,580.0
28,17025,580.0
28,17057,580.0
28,17059,580.0
28,17073,580.0
28,17089,580.0
28,17091,580.0
28,17121,580.0
28,17139,580.0
28,17153,580.0
28,17171,580.0
28,17173,580.0
28,17189,580.0
28,17203,580.0
28,17205,580.0
28,17223,580.0
28,17249,580.0
28,17275,599.0
28,17289,599.0
28,17317,599.0
28,17343,599.0
28,17357,599.0
28,17359,599.0
28,17387,599.0
28,17405,599.0
28,17435,607.0
28,17449,607.0
28,17451,607.0
28,17467,607.0
28,17481,607.0
28,17495,622.0
28,17521,622.0
28,17541,622.0
28,17573,622.0
28,17603,628.0
28,17635,628.0
28,17649,628.0
28,17667,628.0
28,17669,628.0
28,17705,628.0
28,17719,628.0
28,17733,628.0
28,17759,628.0
28,17761,628.0
28,17789,628.0
28,17821,628.0
28,17835,628.0
28,17861,628.0
28,17889,628.0
28,17903,628.0
28,17917,628.0
28,17949,628.0
28,17963,632.0
28,17965,632.0
28,17981,632.0
28,17983,632.0
28,17985,632.0
28,18005,632.0
28,18019,632.0
28,18045,632.0
28,18063,632.0
28,18079,632.0
28,18081,632.0
28,18095,632.0
28,18097,632.0
28,18111,632.0
28,18127,632.0
28,18129,632.0
28,18143,632.0
28,18157,632.0
28,18159,632.0
28,18173,637.0
28,18187,637.0
28,18213,637.0
28,18229,637.0
28,18243,637.0
28,18269,637.0
28,18299,637.0
28,18325,637.0
28,18339,637.0
28,18353,637.0
28,18369,637.0
28,18383,637.0
28,18413,637.0
28,18415,637.0
28,18429,637.0
28,18457,637.0
28,18471,637.0
28,18497,637.0
28,18531,637.0
28,18547,637.0
28,18575,637.0
28,18603,637.0
28,18617,637.0
28,18619,637.0
28,18633,637.0
28,18647,637.0
28,18673,637.0
28,18703,637.0
28,18717,638.0
28,18731,638.0
28,18745,641.0
28,18747,641.0
28,18749,641.0
28,18751,641.0
28,18765,641.0
28,18779,641.0
28,18809,641.0
28,18835,646.0
28,18849,646.0
28,18879,646.0
28,18881,646.0
28,18915,646.0
28,18931,646.0
28,18945,646.0
28,18961,646.0
28,18989,646.0
28,19017,646.0
28,19033,646.0
28,19059,646.0
28,19093,646.0
28,19119,646.0
28,19121,646.0
28,19149,646.0
28,19175,646.0
28,19203,646.0
28,19217,646.0
28,19231,646.0
28,19247,646.0
28,19263,646.0
28,19277,646.0
28,19303,646.0
28,19319,646.0
28,19347,646.0
28,19379,646.0
28,19393,646.0
28,19419,646.0
28,19433,655.0
28,19447,655.0
28,19463,655.0
28,19489,655.0
28,19517,655.0
28,19533,655.0
28,19559,655.0
28,19575,655.0
28,19591,655.0
28,19621,655.0
28,19647,660.0
28,19661,660.0
28,19675,660.0
28,19705,660.0
28,19719,660.0
28,19733,660.0
28,19751,660.0
28,19765,660.0
28,19779,660.0
28,19793,660.0
28,19807,660.0
28,19837,660.0
28,19865,660.0
28,19895,660.0
28,19923,660.0
28,19937,660.0
28,19965,660.0
28,19979,660.0
28,19993,660.0
28,20025,660.0
28,20039,660.0
28,20065,660.0
28,20079,660.0
28,20093,660.0
28,20095,660.0
28,20109,660.0
28,20135,660.0
28,20137,660.0
28,20139,660.0
28,20141,660.0
28,20167,660.0
28,20183,660.0
28,20185,660.0
28,20213,660.0
28,20231,660.0
28,20245,660.0
28,20271,660.0
28,20273,660.0
28,20275,660.0
28,20289,660.0
28,20291,660.0
28,20293,660.0
28,20307,660.0
28,20333,660.0
28,20349,660.0
28,20375,660.0
28,20389,660.0
28,20405,660.0
28,20407,660.0
28,20435,660.0
28,20461,660.0
28,20475,665.0
28,20503,665.0
28,20533,665.0
28,20547,665.0
28,20575,665.0
28,20605,665.0
28,20635,665.0
28,20651,665.0
28,20653,665.0
28,20667,665.0
28,20693,665.0
28,20709,665.0
28,20723,665.0
28,20755,665.0
28,20769,665.0
28,20783,665.0
28,20797,665.0
28,20811,665.0
28,20839,665.0
28,20869,665.0
28,20885,665.0
28,20917,665.0
28,20945,665.0
28,20965,665.0
28,20979,665.0
28,20981,665.0
28,20997,665.0
28,21011,665.0
28,21013,665.0
28,21031,665.0
28,21045,665.0
28,21073,665.0
28,21087,665.0
28,21101,665.0
28,21117,665.0
28,21143,665.0
28,21157,665.0
28,21159,665.0
28,21187,665.0
28,21201,665.0
28,21203,665.0
28,21217,665.0
28,21235,665.0
28,21255,665.0
28,21273,665.0
28,21275,665.0
28,21289,665.0
28,21305,665.0
28,21331,665.0
28,21333,665.0
28,21349,665.0
28,21363,665.0
28,21377,665.0
28,21393,665.0
28,21419,665.0
28,21421,665.0
28,21439,665.0
28,21469,665.0
28,21487,665.0
28,21515,665.0
28,21541,665.0
28,21557,665.0
28,21589,665.0
28,21615,665.0
28,21629,665.0
28,21659,665.0
28,21687,665.0
28,21701,665.0
28,21721,665.0
28,21735,665.0
28,21751,665.0
28,21765,665.0
28,21779,665.0
28,21781,665.0
28,21783,665.0
28,21785,665.0
28,21799,665.0
28,21813,665.0
28,21843,665.0
28,21845,665.0
28,21871,665.0
28,21899,665.0
28,21925,665.0
28,21939,665.0
28,21955,665.0
28,21983,665.0
28,21997,665.0
28,22023,665.0
28,22053,665.0
28,22055,665.0
28,22071,665.0
28,22099,665.0
28,22115,665.0
28,22135,665.0
28,22151,665.0
28,22177,665.0
28,22193,665.0
28,22223,665.0
28,22257,665.0
28,22285,665.0
28,22299,665.0
28,22317,665.0
28,22349,665.0
28,22369,665.0
28,22401,665.0
28,22429,665.0
28,22455,665.0
28,22481,665.0
28,22509,670.0
28,22537,670.0
28,22539,670.0
28,22555,670.0
28,22571,670.0
28,22589,670.0
28,22603,670.0
28,22617,670.0
28,22619,670.0
28,22651,670.0
28,22665,670.0
28,22667,670.0
28,22681,670.0
28,22709,670.0
28,22711,670.0
28,22737,670.0
28,22739,670.0
28,22753,670.0
28,22779,670.0
28,22781,670.0
28,22795,670.0
28,22809,670.0
28,22823,670.0
28,22837,670.0
28,22865,670.0
28,22881,670.0
28,22909,670.0
28,22911,670.0
28,22925,670.0
28,22953,670.0
28,22981,670.0
28,22999,670.0
28,23029,670.0
28,23043,670.0
28,23045,670.0
28,23071,670.0
28,23085,671.0
28,23099,671.0
28,23127,671.0
28,23155,671.0
28,23187,671.0
28,23213,671.0
28,23229,671.0
28,23231,671.0
28,23249,671.0
28,23263,671.0
28,23291,671.0
28,23317,671.0
28,23333,671.0
28,23361,671.0
28,23379,671.0
28,23407,671.0
28,23421,671.0
28,23435,671.0
28,23449,671.0
28,23463,671.0
28,23481,671.0
28,23495,671.0
28,23523,671.0
28,23537,671.0
28,23551,671.0
28,23569,671.0
28,23597,671.0
28,23623,671.0
28,23639,671.0
28,23667,671.0
28,23695,671.0
28,23697,671.0
28,23699,671.0
28,23713,671.0
28,23741,671.0
28,23755,671.0
28,23769,671.0
28,23795,671.0
28,23809,671.0
28,23823,671.0
28,23849,671.0
28,23863,671.0
28,23893,671.0
28,23927,671.0
28,23953,671.0
28,23981,677.0
28,23999,677.0
28,24001,677.0
28,24031,677.0
28,24059,677.0
28,24085,677.0
28,24111,677.0
28,24127,677.0
28,24147,677.0
28,24163,677.0
28,24189,677.0
28,24191,677.0
28,24207,677.0
28,24209,677.0
28,24235,677.0
28,24263,677.0
28,24279,677.0
28,24293,677.0
28,24319,677.0
28,24321,677.0
28,24323,677.0
28,24351,677.0
28,24367,677.0
28,24393,677.0
28,24409,677.0
28,24435,677.0
28,24449,677.0
28,24475,677.0
28,24503,677.0
28,24521,677.0
28,24535,677.0
28,24549,677.0
28,24551,677.0
28,24577,677.0
28,24591,677.0
28,24621,677.0
28,24623,677.0
28,24625,677.0
28,24651,677.0
28,24683,677.0
28,24703,677.0
28,24729,677.0
28,24731,677.0
28,24759,677.0
28,24787,677.0
28,24815,677.0
28,24831,677.0
28,24859,677.0
28,24873,677.0
28,24887,677.0
28,24903,677.0
28,24905,677.0
28,24919,677.0
28,24945,677.0
29,15232,399.0
29,15246,399.0
29,15264,399.0
29,15280,399.0
29,16089,399.0
29,16103,400.0
29,16119,400.0
29,16137,400.0
29,16153,400.0
29,16189,400.0
29,16203,400.0
29,16221,400.0
29,16235,400.0
29,16249,400.0
29,16277,400.0
29,16279,400.0
29,16295,400.0
29,16321,400.0
29,16351,400.0
29,16381,400.0
29,16395,400.0
29,16423,471.0
29,16437,471.0
29,16453,471.0
29,16483,471.0
29,16497,471.0
29,16525,471.0
29,16541,471.0
29,16571,471.0
29,16585,471.0
29,16599,471.0
29,16613,524.0
29,16641,524.0
29,16669,524.0
29,16685,524.0
29,16699,524.0
29,16719,524.0
29,16747,524.0
29,16767,524.0
29,16783,524.0
29,16797,524.0
29,16827,524.0
29,16841,524.0
29,16867,524.0
29,16893,524.0
29,16919,524.0
29,16921,524.0
29,16923,524.0
29,16941,524.0
29,16957,524.0
29,16959,524.0
29,16987,524.0
29,16989,524.0
29,17003,524.0
29,17019,524.0
29,17047,524.0
29,17049,524.0
29,17063,524.0
29,17079,524.0
29,17107,524.0
29,17123,524.0
29,17149,526.0
29,17171,526.0
29,17197,526.0
29,17211,526.0
29,17225,526.0
29,17251,526.0
29,17277,526.0
29,17305,526.0
29,17321,526.0
29,17351,526.0
29,17367,526.0
29,17381,526.0
29,17411,539.0
29,17413,539.0
29,17431,539.0
29,17449,539.0
29,17477,539.0
29,17503,554.0
29,17517,554.0
29,17531,554.0
29,17545,554.0
29,17573,554.0
29,17609,554.0
29,17627,554.0
29,17641,554.0
29,17643,554.0
29,17657,554.0
29,17685,554.0
29,17703,554.0
29,17717,554.0
29,17747,554.0
29,17773,554.0
29,17789,554.0
29,17805,554.0
29,17837,554.0
29,17851,554.0
29,17865,554.0
29,17891,554.0
29,17905,554.0
29,17935,554.0
29,17937,554.0
29,17951,554.0
29,17979,554.0
29,18011,570.0
29,18027,570.0
29,18041,570.0
29,18069,570.0
29,18097,570.0
29,18111,570.0
29,18137,582.0
29,18163,607.0
29,18191,607.0
29,18221,607.0
29,18237,607.0
29,18265,607.0
29,18279,607.0
29,18309,607.0
29,18337,607.0
29,18351,607.0
29,18365,607.0
29,18379,607.0
29,18381,607.0
29,18395,607.0
29,18423,607.0
29,18437,607.0
29,18439,607.0
29,18453,607.0
29,18467,607.0
29,18499,607.0
29,18527,607.0
29,18555,607.0
29,18569,607.0
29,18595,622.0
29,18597,622.0
29,18625,622.0
29,18641,622.0
29,18655,622.0
29,18671,622.0
29,18685,622.0
29,18699,622.0
29,18701,622.0
29,18717,622.0
29,18733,622.0
29,18751,622.0
29,18765,622.0
29,18791,622.0
29,18817,622.0
29,18847,626.0
29,18875,626.0
29,18891,626.0
29,18905,626.0
29,18933,626.0
29,18961,626.0
29,18989,626.0
29,19017,626.0
29,19031,626.0
29,19057,636.0
29,19073,636.0
29,19087,636.0
29,19101,642.0
29,19115,642.0
29,19141,642.0
29,19169,642.0
29,19183,642.0
29,19211,642.0
29,19229,642.0
29,19259,642.0
29,19289,642.0
29,19303,652.0
29,19333,652.0
29,19347,652.0
29,19375,652.0
29,19391,652.0
29,19417,652.0
29,19433,652.0
29,19435,652.0
29,19449,652.0
29,19479,652.0
29,19495,652.0
29,19509,655.0
29,19523,655.0
29,19551,655.0
29,19565,655.0
29,19595,655.0
29,19609,655.0
29,19637,655.0
29,19651,655.0
29,19665,655.0
29,19679,655.0
29,19695,655.0
29,19709,655.0
29,19725,655.0
29,19727,655.0
29,19743,655.0
29,19757,655.0
29,19771,655.0
29,19801,655.0
29,19827,655.0
29,19843,655.0
29,19857,655.0
29,19871,655.0
29,19897,655.0
29,19911,655.0
29,19937,655.0
29,19965,655.0
29,19967,655.0
29,19993,655.0
29,20023,655.0
29,20025,655.0
29,20053,655.0
29,20081,655.0
29,20107,655.0
29,20109,655.0
29,20123,655.0
29,20153,655.0
29,20179,655.0
29,20195,655.0
29,20211,655.0
29,20225,655.0
29,20241,655.0
29,20255,655.0
29,20269,656.0
29,20285,656.0
29,20287,656.0
29,20313,656.0
29,20327,656.0
29,20341,656.0
29,20355,656.0
29,20369,656.0
29,20397,656.0
29,20399,656.0
29,20401,656.0
29,20415,656.0
29,20447,656.0
29,20473,658.0
29,20501,658.0
29,20529,658.0
29,20543,658.0
29,20571,658.0
29,20573,658.0
29,20601,658.0
29,20629,658.0
29,20645,658.0
29,20659,658.0
29,20685,661.0
29,20687,661.0
29,20701,661.0
29,20729,661.0
29,20761,661.0
29,20763,661.0
29,20779,661.0
29,20807,661.0
29,20823,661.0
29,20837,661.0
29,20851,661.0
29,20879,661.0
29,20881,661.0
29,20907,661.0
29,20925,661.0
29,20927,661.0
29,20941,661.0
29,20969,661.0
29,20985,661.0
29,20987,661.0
29,20989,661.0
29,21017,661.0
29,21035,661.0
29,21051,661.0
29,21079,661.0
29,21095,661.0
29,21115,661.0
29,21129,661.0
29,21147,661.0
29,21175,661.0
29,21177,661.0
29,21191,661.0
29,21205,661.0
29,21219,661.0
29,21235,661.0
29,21261,661.0
29,21289,661.0
29,21317,661.0
29,21349,661.0
29,21379,661.0
29,21409,661.0
29,21439,661.0
29,21467,661.0
29,21481,661.0
29,21495,661.0
29,21521,661.0
29,21537,661.0
29,21551,661.0
29,21565,661.0
29,21581,661.0
29,21609,661.0
29,21625,661.0
29,21655,661.0
29,21683,661.0
29,21711,661.0
29,21713,661.0
29,21729,661.0
29,21745,661.0
29,21759,661.0
29,21785,661.0
29,21811,661.0
29,21825,661.0
29,21841,661.0
29,21855,661.0
29,21893,661.0
29,21921,661.0
29,21947,661.0
29,21975,661.0
29,22007,661.0
29,22009,661.0
29,22035,661.0
29,22063,661.0
29,22077,661.0
29,22103,661.0
29,22119,661.0
29,22121,661.0
29,22123,661.0
29,22155,661.0
29,22157,661.0
29,22189,661.0
29,22203,661.0
29,22231,661.0
29,22261,661.0
29,22287,670.0
29,22303,670.0
29,22329,670.0
29,22359,670.0
29,22373,670.0
29,22405,670.0
29,22431,670.0
29,22445,670.0
29,22473,670.0
29,22501,670.0
29,22515,670.0
29,22545,670.0
29,22559,670.0
29,22589,670.0
29,22617,670.0
29,22637,670.0
29,22669,670.0
29,22671,670.0
29,22703,670.0
29,22705,670.0
29,22721,670.0
29,22747,670.0
29,22761,670.0
29,22779,670.0
29,22793,670.0
29,22807,670.0
29,22809,670.0
29,22835,670.0
29,22865,670.0
29,22867,670.0
29,22881,670.0
29,22909,670.0
29,22925,670.0
29,22939,670.0
29,22953,670.0
29,22967,670.0
29,22993,670.0
29,23007,670.0
29,23009,670.0
29,23037,670.0
29,23065,670.0
29,23079,670.0
29,23095,670.0
29,23097,670.0
29,23099,670.0
29,23125,670.0
29,23141,670.0
29,23157,670.0
29,23185,670.0
29,23187,670.0
29,23217,670.0
29,23243,670.0
29,23271,670.0
29,23303,670.0
29,23329,670.0
29,23359,670.0
29,23361,670.0
29,23377,670.0
29,23409,670.0
29,23425,670.0
29,23439,670.0
29,23469,670.0
29,23497,670.0
29,23531,670.0
29,23545,670.0
29,23561,670.0
29,23589,670.0
29,23603,670.0
29,23605,670.0
29,23621,670.0
29,23635,670.0
29,23649,670.0
29,23677,670.0
29,23697,670.0
29,23711,670.0
29,23713,670.0
29,23743,670.0
29,23759,670.0
29,23787,670.0
29,23805,670.0
29,23835,670.0
29,23849,670.0
29,23877,670.0
29,23895,670.0
29,23913,670.0
29,23927,670.0
29,23943,670.0
29,23969,670.0
29,23997,670.0
29,24023,670.0
29,24051,670.0
29,24065,670.0
29,24067,670.0
29,24097,670.0
29,24111,670.0
29,24127,670.0
29,24159,670.0
29,24177,670.0
29,24191,676.0
29,24205,676.0
29,24235,676.0
29,24237,676.0
29,24255,676.0
29,24283,676.0
29,24285,676.0
29,24299,676.0
29,24313,676.0
29,24327,676.0
29,24343,676.0
29,24357,676.0
29,24383,676.0
29,24411,676.0
29,24413,676.0
29,24429,676.0
29,24461,676.0
29,24489,676.0
29,24505,676.0
29,24507,676.0
29,24509,676.0
29,24511,676.0
29,24525,676.0
29,24539,676.0
29,24553,676.0
29,24567,676.0
29,24597,676.0
29,24625,676.0
29,24653,676.0
29,24667,676.0
29,24669,676.0
29,24697,676.0
29,24727,676.0
29,24741,676.0
29,24767,676.0
29,24793,676.0
29,24807,676.0
29,24829,676.0
29,24843,680.0
29,24875,680.0
29,24893,680.0
29,24911,680.0
29,24937,680.0
29,24953,680.0
29,24967,680.0
29,24981,680.0
29,25007,680.0
29,25009,680.0
29,25043,680.0
29,25069,680.0
29,25091,680.0
29,25093,680.0
29,25109,680.0
29,25139,680.0
29,25167,686.0
29,25181,686.0
29,25197,686.0
29,25199,686.0
29,25217,686.0
30,15032,470.0
30,15789,486.0
30,15803,486.0
30,15817,486.0
30,15843,501.0
30,15857,501.0
30,15871,501.0
30,15885,501.0
30,15901,501.0
30,15915,501.0
30,15941,501.0
30,15959,501.0
30,15961,501.0
30,15987,501.0
30,16003,501.0
30,16017,501.0
30,16043,501.0
30,16045,501.0
30,16059,501.0
30,16073,501.0
30,16089,501.0
30,16115,521.0
30,16145,521.0
30,16171,522.0
30,16187,522.0
30,16217,522.0
30,16231,522.0
30,16245,522.0
30,16259,522.0
30,16289,522.0
30,16303,522.0
30,16319,522.0
30,16333,522.0
30,16349,522.0
30,16365,522.0
30,16379,522.0
30,16395,522.0
30,16413,522.0
30,16441,522.0
30,16457,522.0
30,16483,536.0
30,16511,536.0
30,16525,536.0
30,16539,558.0
30,16565,558.0
30,16591,584.0
30,16593,584.0
30,16611,584.0
30,16625,584.0
30,16639,584.0
30,16641,584.0
30,16667,584.0
30,16687,584.0
30,16701,584.0
30,16703,584.0
30,16731,584.0
30,16747,584.0
30,16773,584.0
30,16775,584.0
30,16801,584.0
30,16803,584.0
30,16805,584.0
30,16831,584.0
30,16847,584.0
30,16875,584.0
30,16901,584.0
30,16917,584.0
30,16947,584.0
30,16961,584.0
30,16989,584.0
30,17017,584.0
30,17049,584.0
30,17063,584.0
30,17077,584.0
30,17093,584.0
30,17119,598.0
30,17121,598.0
30,17151,598.0
30,17165,598.0
30,17181,598.0
30,17195,598.0
30,17209,598.0
30,17225,598.0
30,17227,598.0
30,17241,598.0
30,17255,598.0
30,17273,598.0
30,17299,598.0
30,17301,598.0
30,17315,598.0
30,17341,609.0
30,17367,609.0
30,17401,609.0
30,17419,609.0
30,17451,609.0
30,17477,613.0
30,17493,613.0
30,17521,613.0
30,17537,613.0
30,17555,613.0
30,17569,613.0
30,17571,613.0
30,17603,613.0
30,17629,613.0
30,17643,613.0
30,17661,613.0
30,17691,613.0
30,17707,613.0
30,17733,613.0
30,17759,613.0
30,17787,613.0
30,17801,634.0
30,17831,634.0
30,17847,634.0
30,17861,634.0
30,17875,634.0
30,17889,634.0
30,17891,634.0
30,17907,634.0
30,17923,634.0
30,17925,634.0
30,17927,634.0
30,17941,634.0
30,17969,634.0
30,17999,634.0
30,18027,634.0
30,18041,643.0
30,18069,658.0
30,18083,658.0
30,18109,658.0
30,18123,658.0
30,18149,658.0
30,18175,658.0
30,18189,658.0
30,18203,658.0
30,18231,658.0
30,18233,658.0
30,18265,658.0
30,18293,658.0
30,18321,658.0
30,18353,658.0
30,18367,658.0
30,18393,658.0
30,18407,658.0
30,18435,658.0
30,18449,658.0
30,18463,658.0
30,18465,658.0
30,18491,658.0
30,18523,658.0
30,18537,658.0
30,18553,658.0
30,18569,658.0
30,18583,658.0
30,18611,658.0
30,18641,658.0
30,18659,658.0
30,18689,658.0
30,18715,658.0
30,18741,658.0
30,18755,658.0
30,18769,661.0
30,18799,661.0
30,18801,661.0
30,18821,661.0
30,18839,661.0
30,18853,661.0
30,18855,661.0
30,18857,661.0
30,18859,661.0
30,18875,661.0
30,18889,661.0
30,18905,661.0
30,18933,661.0
30,18947,661.0
30,18961,661.0
30,18989,661.0
30,19017,661.0
30,19043,661.0
30,19059,665.0
30,19061,665.0
30,19089,665.0
30,19107,665.0
30,19123,665.0
30,19137,665.0
30,19139,665.0
30,19155,665.0
30,19171,665.0
30,19199,665.0
30,19217,665.0
30,19231,665.0
30,19257,665.0
30,19271,665.0
30,19287,665.0
30,19303,665.0
30,19317,665.0
30,19343,665.0
30,19359,665.0
30,19361,665.0
30,19363,665.0
30,19377,665.0
30,19391,665.0
30,19405,665.0
30,19433,665.0
30,19447,665.0
30,19477,665.0
30,19493,665.0
30,19509,665.0
30,19537,665.0
30,19565,665.0
30,19567,665.0
30,19593,665.0
30,19607,665.0
30,19621,665.0
30,19623,665.0
30,19639,665.0
30,19671,665.0
30,19685,665.0
30,19713,665.0
30,19739,665.0
30,19757,665.0
30,19783,665.0
30,19785,665.0
30,19801,665.0
30,19829,665.0
30,19857,665.0
30,19891,665.0
30,19905,665.0
30,19933,665.0
30,19959,665.0
30,19973,665.0
30,19989,665.0
30,20017,665.0
30,20047,665.0
30,20077,665.0
30,20093,665.0
30,20107,665.0
30,20121,665.0
30,20137,665.0
30,20167,665.0
30,20193,665.0
30,20221,667.0
30,20237,667.0
30,20265,667.0
30,20293,667.0
30,20307,667.0
30,20335,667.0
30,20361,667.0
30,20387,667.0
30,20419,667.0
30,20445,667.0
30,20459,667.0
30,20487,667.0
30,20513,667.0
30,20539,674.0
30,20557,674.0
30,20571,674.0
30,20597,674.0
30,20629,674.0
30,20645,674.0
30,20675,674.0
30,20701,674.0
30,20717,674.0
30,20743,674.0
30,20769,674.0
30,20771,674.0
30,20785,674.0
30,20811,674.0
30,20825,674.0
30,20843,674.0
30,20857,674.0
30,20859,674.0
30,20873,676.0
30,20889,676.0
30,20903,676.0
30,20919,676.0
30,20933,676.0
30,20961,676.0
30,20975,676.0
30,21003,676.0
30,21019,676.0
30,21033,676.0
30,21047,679.0
30,21077,679.0
30,21103,679.0
30,21131,679.0
30,21161,679.0
30,21177,679.0
30,21191,679.0
30,21221,679.0
30,21249,679.0
30,21275,679.0
30,21291,679.0
30,21293,679.0
30,21319,679.0
30,21321,679.0
30,21349,679.0
30,21381,679.0
30,21409,679.0
30,21437,679.0
30,21453,679.0
30,21469,679.0
30,21501,679.0
30,21515,679.0
30,21529,679.0
30,21557,679.0
30,21571,679.0
30,21585,679.0
30,21613,679.0
30,21639,679.0
30,21659,679.0
30,21673,679.0
30,21675,679.0
30,21689,679.0
30,21703,679.0
30,21719,679.0
30,21745,679.0
30,21747,679.0
30,21775,679.0
30,21789,679.0
30,21821,679.0
30,21835,679.0
30,21863,679.0
30,21889,679.0
30,21905,679.0
30,21935,679.0
30,21951,679.0
30,21979,679.0
30,22005,679.0
30,22007,679.0
30,22021,679.0
30,22035,679.0
30,22063,679.0
30,22065,679.0
30,22079,679.0
30,22111,679.0
30,22137,679.0
30,22151,679.0
30,22177,679.0
30,22205,679.0
30,22219,689.0
30,22249,689.0
30,22279,689.0
30,22293,689.0
30,22307,689.0
30,22321,689.0
30,22335,689.0
30,22361,689.0
30,22379,689.0
30,22393,689.0
30,22407,689.0
30,22423,689.0
30,22451,689.0
30,22467,689.0
30,22497,689.0
30,22515,689.0
30,22543,689.0
30,22557,689.0
30,22571,689.0
30,22591,689.0
30,22605,689.0
30,22621,689.0
30,22635,689.0
30,22649,689.0
30,22663,689.0
30,22693,689.0
30,22721,689.0
30,22723,689.0
30,22749,689.0
30,22763,689.0
30,22777,689.0
30,22797,689.0
30,22811,689.0
30,22813,689.0
30,22843,689.0
30,22857,689.0
30,22885,689.0
30,22903,689.0
30,22917,689.0
30,22931,689.0
30,22963,689.0
30,22965,689.0
30,22999,689.0
30,23013,689.0
30,23041,689.0
30,23059,689.0
30,23091,689.0
30,23107,689.0
30,23133,689.0
30,23147,689.0
30,23173,689.0
30,23203,689.0
30,23217,689.0
30,23219,689.0
30,23221,689.0
30,23237,689.0
30,23239,689.0
30,23267,689.0
30,23281,689.0
30,23283,689.0
30,23299,689.0
30,23331,689.0
30,23333,689.0
30,23347,689.0
30,23363,689.0
30,23389,689.0
30,23415,689.0
30,23441,689.0
30,23459,689.0
30,23473,689.0
30,23487,689.0
30,23505,689.0
30,23521,689.0
30,23535,689.0
30,23551,689.0
30,23581,689.0
30,23599,689.0
30,23601,689.0
30,23615,689.0
30,23617,689.0
30,23631,689.0
30,23633,689.0
30,23659,689.0
30,23661,689.0
30,23677,689.0
30,23679,689.0
30,23705,689.0
30,23731,689.0
30,23759,689.0
30,23775,689.0
30,23809,689.0
30,23835,689.0
30,23849,689.0
30,23877,689.0
30,23893,689.0
30,23907,689.0
30,23923,689.0
30,23951,689.0
30,23965,689.0
30,23979,689.0
30,23995,689.0
30,24011,689.0
30,24025,689.0
30,24041,689.0
30,24055,689.0
30,24057,689.0
30,24071,689.0
30,24085,689.0
30,24111,689.0
30,24127,689.0
30,24153,689.0
30,24167,689.0
30,24199,689.0
30,24213,689.0
30,24227,689.0
30,24243,689.0
30,24261,689.0
30,24275,689.0
30,24289,689.0
30,24291,689.0
30,24305,689.0
30,24307,689.0
30,24335,689.0
30,24361,689.0
30,24377,689.0
30,24391,689.0
30,24405,689.0
30,24423,689.0
30,24439,689.0
30,24471,689.0
30,24473,689.0
30,24475,689.0
30,24493,689.0
30,24507,689.0
30,24509,689.0
30,24523,689.0
30,24525,689.0
30,24559,689.0
30,24587,689.0
30,24615,689.0
30,24641,690.0
30,24655,690.0
30,24669,690.0
30,24683,690.0
30,24697,690.0
30,24723,690.0
30,24725,690.0
30,24751,690.0
30,24779,690.0
30,24795,690.0
30,24825,690.0
30,24827,690.0
30,24841,690.0
30,24869,690.0
30,24901,690.0
30,24915,690.0
30,24931,690.0
30,24933,690.0
30,24949,690.0
30,24975,690.0
30,24991,690.0
30,24993,690.0
30,25007,690.0
30,25023,690.0
