evaluations raw_y
1 -394.0000000000
2 -371.0000000000
6 -363.0000000000
7 -344.0000000000
19 -341.0000000000
23 -339.0000000000
24 -335.0000000000
49 -331.0000000000
54 -329.0000000000
55 -327.0000000000
65 -325.0000000000
67 -321.0000000000
71 -314.0000000000
96 -310.0000000000
98 -306.0000000000
121 -305.0000000000
122 -303.0000000000
124 -301.0000000000
128 -300.0000000000
140 -298.0000000000
160 -297.0000000000
166 -295.0000000000
183 -293.0000000000
201 -292.0000000000
206 -291.0000000000
220 -290.0000000000
225 -289.0000000000
239 -288.0000000000
286 -287.0000000000
295 -286.0000000000
301 -285.0000000000
326 -283.0000000000
343 -282.0000000000
366 -281.0000000000
383 -280.0000000000
403 -278.0000000000
425 -277.0000000000
441 -275.0000000000
454 -272.0000000000
479 -270.0000000000
506 -269.0000000000
511 -268.0000000000
524 -267.0000000000
534 -265.0000000000
544 -264.0000000000
571 -262.0000000000
586 -261.0000000000
621 -260.0000000000
626 -258.0000000000
630 -257.0000000000
648 -256.0000000000
655 -255.0000000000
667 -254.0000000000
673 -253.0000000000
722 -251.0000000000
731 -250.0000000000
740 -249.0000000000
767 -248.0000000000
773 -247.0000000000
784 -246.0000000000
817 -244.0000000000
832 -243.0000000000
850 -242.0000000000
852 -241.0000000000
874 -240.0000000000
883 -239.0000000000
901 -238.0000000000
926 -237.0000000000
935 -236.0000000000
942 -235.0000000000
953 -234.0000000000
955 -233.0000000000
989 -232.0000000000
990 -230.0000000000
1029 -229.0000000000
1038 -228.0000000000
1041 -227.0000000000
1066 -226.0000000000
1075 -225.0000000000
1084 -224.0000000000
1089 -222.0000000000
1106 -221.0000000000
1134 -219.0000000000
1159 -217.0000000000
1165 -216.0000000000
1191 -215.0000000000
1224 -214.0000000000
1248 -213.0000000000
1258 -212.0000000000
1266 -211.0000000000
1268 -210.0000000000
1295 -209.0000000000
1307 -207.0000000000
1317 -206.0000000000
1340 -205.0000000000
1361 -204.0000000000
1374 -201.0000000000
1423 -200.0000000000
1438 -199.0000000000
1455 -198.0000000000
1478 -197.0000000000
1510 -196.0000000000
1512 -194.0000000000
1558 -193.0000000000
1569 -191.0000000000
1583 -190.0000000000
1588 -189.0000000000
1619 -188.0000000000
1623 -187.0000000000
1629 -186.0000000000
1649 -185.0000000000
1662 -183.0000000000
1695 -182.0000000000
1719 -181.0000000000
1730 -180.0000000000
1744 -179.0000000000
1758 -178.0000000000
1766 -176.0000000000
1779 -175.0000000000
1787 -174.0000000000
1817 -173.0000000000
1841 -172.0000000000
1860 -171.0000000000
1882 -170.0000000000
1890 -169.0000000000
1935 -168.0000000000
1954 -167.0000000000
1955 -165.0000000000
1986 -164.0000000000
1999 -163.0000000000
2011 -162.0000000000
2027 -161.0000000000
2030 -160.0000000000
2053 -157.0000000000
2061 -156.0000000000
2099 -155.0000000000
2102 -154.0000000000
2123 -153.0000000000
2160 -152.0000000000
2206 -151.0000000000
2220 -149.0000000000
2261 -148.0000000000
2274 -147.0000000000
2310 -146.0000000000
2315 -145.0000000000
2345 -144.0000000000
2350 -143.0000000000
2396 -142.0000000000
2413 -141.0000000000
2424 -140.0000000000
2442 -139.0000000000
2454 -138.0000000000
2460 -137.0000000000
2495 -135.0000000000
2507 -134.0000000000
2521 -133.0000000000
2534 -132.0000000000
2552 -131.0000000000
2592 -130.0000000000
2597 -129.0000000000
2664 -128.0000000000
2671 -127.0000000000
2702 -126.0000000000
2716 -125.0000000000
2752 -124.0000000000
2798 -123.0000000000
2847 -122.0000000000
2865 -121.0000000000
2869 -120.0000000000
2883 -119.0000000000
2889 -118.0000000000
2923 -117.0000000000
2945 -116.0000000000
2977 -114.0000000000
3018 -113.0000000000
3024 -112.0000000000
3041 -111.0000000000
3069 -110.0000000000
3106 -109.0000000000
3107 -108.0000000000
3121 -107.0000000000
3128 -106.0000000000
3137 -105.0000000000
3169 -104.0000000000
3189 -103.0000000000
3215 -101.0000000000
3239 -100.0000000000
3250 -98.0000000000
3286 -97.0000000000
3312 -96.0000000000
3343 -95.0000000000
3381 -93.0000000000
3404 -92.0000000000
3406 -91.0000000000
3459 -90.0000000000
3498 -89.0000000000
3512 -88.0000000000
3518 -87.0000000000
3568 -86.0000000000
3580 -85.0000000000
3590 -84.0000000000
3623 -83.0000000000
3630 -81.0000000000
3667 -80.0000000000
3691 -79.0000000000
3701 -78.0000000000
3718 -77.0000000000
3759 -76.0000000000
3770 -75.0000000000
3782 -74.0000000000
3804 -73.0000000000
3827 -72.0000000000
3835 -71.0000000000
3875 -70.0000000000
3910 -69.0000000000
3932 -68.0000000000
3986 -67.0000000000
4018 -66.0000000000
4071 -65.0000000000
4124 -64.0000000000
4139 -63.0000000000
4189 -62.0000000000
4216 -61.0000000000
4243 -60.0000000000
4276 -59.0000000000
4304 -58.0000000000
4315 -57.0000000000
4342 -56.0000000000
4392 -55.0000000000
4460 -54.0000000000
4485 -53.0000000000
4494 -52.0000000000
4509 -51.0000000000
4534 -50.0000000000
4563 -49.0000000000
4591 -48.0000000000
4607 -47.0000000000
4634 -46.0000000000
4646 -45.0000000000
4680 -44.0000000000
4894 -43.0000000000
4962 -42.0000000000
4996 -41.0000000000
5026 -40.0000000000
5046 -39.0000000000
5212 -38.0000000000
5275 -37.0000000000
5319 -36.0000000000
5345 -35.0000000000
5403 -34.0000000000
5429 -33.0000000000
5517 -32.0000000000
5551 -31.0000000000
5612 -29.0000000000
5733 -28.0000000000
5764 -27.0000000000
5815 -26.0000000000
5922 -25.0000000000
5959 -24.0000000000
5996 -23.0000000000
6057 -22.0000000000
6199 -21.0000000000
6528 -20.0000000000
6600 -19.0000000000
6661 -18.0000000000
6714 -17.0000000000
6762 -16.0000000000
6782 -15.0000000000
6835 -14.0000000000
7015 -13.0000000000
7042 -12.0000000000
7179 -11.0000000000
7513 -10.0000000000
7525 -9.0000000000
7722 -8.0000000000
7815 -7.0000000000
7883 -6.0000000000
7955 -5.0000000000
7993 -4.0000000000
8060 -3.0000000000
8119 -2.0000000000
8788 -1.0000000000
9032 540.0000000000
9184 545.0000000000
9266 564.0000000000
9327 568.0000000000
10010 568.0000000000
evaluations raw_y
1 -369.0000000000
3 -362.0000000000
5 -345.0000000000
24 -344.0000000000
27 -337.0000000000
32 -334.0000000000
33 -327.0000000000
42 -324.0000000000
46 -319.0000000000
60 -318.0000000000
62 -315.0000000000
65 -311.0000000000
83 -309.0000000000
86 -303.0000000000
97 -302.0000000000
103 -300.0000000000
108 -299.0000000000
123 -295.0000000000
144 -293.0000000000
146 -292.0000000000
156 -291.0000000000
166 -290.0000000000
178 -289.0000000000
184 -287.0000000000
204 -285.0000000000
223 -283.0000000000
236 -281.0000000000
261 -280.0000000000
264 -279.0000000000
291 -278.0000000000
294 -277.0000000000
326 -276.0000000000
338 -275.0000000000
340 -274.0000000000
357 -273.0000000000
365 -272.0000000000
374 -271.0000000000
389 -270.0000000000
396 -269.0000000000
413 -268.0000000000
428 -267.0000000000
441 -266.0000000000
459 -264.0000000000
460 -263.0000000000
470 -262.0000000000
498 -260.0000000000
507 -259.0000000000
519 -258.0000000000
521 -257.0000000000
527 -256.0000000000
543 -255.0000000000
550 -254.0000000000
558 -253.0000000000
570 -252.0000000000
591 -251.0000000000
599 -250.0000000000
605 -249.0000000000
615 -248.0000000000
622 -247.0000000000
638 -246.0000000000
659 -245.0000000000
664 -244.0000000000
677 -243.0000000000
680 -242.0000000000
695 -240.0000000000
716 -239.0000000000
732 -238.0000000000
772 -237.0000000000
805 -236.0000000000
818 -235.0000000000
822 -234.0000000000
835 -233.0000000000
853 -232.0000000000
863 -231.0000000000
887 -229.0000000000
909 -228.0000000000
916 -227.0000000000
928 -226.0000000000
938 -224.0000000000
939 -222.0000000000
955 -221.0000000000
968 -218.0000000000
998 -217.0000000000
1021 -216.0000000000
1031 -215.0000000000
1048 -214.0000000000
1057 -213.0000000000
1064 -212.0000000000
1088 -211.0000000000
1090 -210.0000000000
1101 -209.0000000000
1145 -208.0000000000
1167 -207.0000000000
1181 -206.0000000000
1192 -205.0000000000
1202 -204.0000000000
1221 -203.0000000000
1226 -202.0000000000
1233 -201.0000000000
1239 -200.0000000000
1269 -199.0000000000
1300 -198.0000000000
1315 -197.0000000000
1324 -195.0000000000
1340 -194.0000000000
1350 -193.0000000000
1373 -192.0000000000
1376 -191.0000000000
1386 -188.0000000000
1412 -187.0000000000
1422 -186.0000000000
1440 -185.0000000000
1457 -184.0000000000
1485 -183.0000000000
1497 -182.0000000000
1508 -181.0000000000
1513 -180.0000000000
1539 -178.0000000000
1550 -177.0000000000
1564 -176.0000000000
1576 -175.0000000000
1601 -174.0000000000
1624 -173.0000000000
1639 -172.0000000000
1651 -171.0000000000
1703 -170.0000000000
1739 -169.0000000000
1755 -168.0000000000
1767 -167.0000000000
1789 -166.0000000000
1798 -165.0000000000
1826 -164.0000000000
1840 -163.0000000000
1845 -162.0000000000
1871 -160.0000000000
1894 -158.0000000000
1922 -157.0000000000
1963 -155.0000000000
1983 -154.0000000000
1993 -153.0000000000
2010 -152.0000000000
2021 -150.0000000000
2040 -149.0000000000
2043 -148.0000000000
2057 -146.0000000000
2082 -145.0000000000
2087 -144.0000000000
2093 -143.0000000000
2119 -142.0000000000
2153 -141.0000000000
2169 -139.0000000000
2186 -138.0000000000
2223 -137.0000000000
2228 -136.0000000000
2242 -135.0000000000
2246 -134.0000000000
2295 -133.0000000000
2322 -132.0000000000
2326 -131.0000000000
2356 -130.0000000000
2369 -129.0000000000
2372 -128.0000000000
2390 -127.0000000000
2417 -126.0000000000
2422 -125.0000000000
2426 -124.0000000000
2440 -123.0000000000
2497 -122.0000000000
2534 -121.0000000000
2566 -120.0000000000
2597 -118.0000000000
2645 -116.0000000000
2667 -115.0000000000
2688 -114.0000000000
2693 -113.0000000000
2700 -112.0000000000
2745 -111.0000000000
2767 -110.0000000000
2785 -109.0000000000
2791 -108.0000000000
2834 -106.0000000000
2876 -105.0000000000
2907 -104.0000000000
2944 -103.0000000000
2967 -102.0000000000
2997 -101.0000000000
3005 -100.0000000000
3053 -99.0000000000
3099 -98.0000000000
3123 -97.0000000000
3140 -96.0000000000
3166 -95.0000000000
3206 -94.0000000000
3255 -93.0000000000
3293 -92.0000000000
3300 -90.0000000000
3317 -88.0000000000
3350 -87.0000000000
3364 -86.0000000000
3408 -85.0000000000
3421 -84.0000000000
3455 -82.0000000000
3487 -81.0000000000
3514 -80.0000000000
3518 -79.0000000000
3534 -78.0000000000
3591 -77.0000000000
3635 -75.0000000000
3665 -74.0000000000
3688 -73.0000000000
3719 -72.0000000000
3765 -71.0000000000
3795 -69.0000000000
3860 -68.0000000000
3887 -67.0000000000
3908 -66.0000000000
3933 -65.0000000000
4009 -64.0000000000
4052 -63.0000000000
4062 -62.0000000000
4081 -60.0000000000
4113 -59.0000000000
4118 -58.0000000000
4177 -57.0000000000
4259 -56.0000000000
4315 -55.0000000000
4349 -54.0000000000
4403 -53.0000000000
4486 -52.0000000000
4512 -51.0000000000
4546 -50.0000000000
4616 -49.0000000000
4665 -48.0000000000
4758 -47.0000000000
4801 -46.0000000000
4814 -45.0000000000
4827 -44.0000000000
4838 -43.0000000000
4889 -42.0000000000
4939 -41.0000000000
4964 -40.0000000000
4974 -39.0000000000
5103 -38.0000000000
5283 -37.0000000000
5323 -36.0000000000
5352 -35.0000000000
5386 -34.0000000000
5428 -33.0000000000
5508 -32.0000000000
5538 -31.0000000000
5651 -30.0000000000
5668 -29.0000000000
5732 -28.0000000000
5788 -27.0000000000
5880 -26.0000000000
5982 -25.0000000000
6023 -24.0000000000
6061 -23.0000000000
6132 -22.0000000000
6142 -21.0000000000
6238 -20.0000000000
6318 -19.0000000000
6397 -18.0000000000
6419 -17.0000000000
6432 -16.0000000000
6487 -15.0000000000
6727 -14.0000000000
6759 -13.0000000000
6791 -12.0000000000
7019 -11.0000000000
7128 -10.0000000000
7145 -9.0000000000
7185 -8.0000000000
7212 -7.0000000000
7291 -6.0000000000
7383 -5.0000000000
7578 -4.0000000000
7594 -3.0000000000
8267 -2.0000000000
8475 -1.0000000000
8750 600.0000000000
10010 600.0000000000
evaluations raw_y
1 -351.0000000000
14 -349.0000000000
16 -347.0000000000
24 -339.0000000000
27 -337.0000000000
50 -332.0000000000
67 -331.0000000000
93 -327.0000000000
106 -326.0000000000
110 -324.0000000000
127 -322.0000000000
138 -321.0000000000
143 -319.0000000000
160 -318.0000000000
177 -317.0000000000
195 -316.0000000000
196 -312.0000000000
211 -311.0000000000
232 -310.0000000000
237 -309.0000000000
242 -308.0000000000
245 -307.0000000000
259 -306.0000000000
261 -304.0000000000
283 -303.0000000000
294 -301.0000000000
322 -300.0000000000
327 -299.0000000000
354 -298.0000000000
356 -297.0000000000
378 -296.0000000000
407 -294.0000000000
426 -293.0000000000
436 -292.0000000000
452 -291.0000000000
469 -290.0000000000
490 -289.0000000000
494 -288.0000000000
509 -287.0000000000
518 -286.0000000000
526 -284.0000000000
528 -282.0000000000
557 -281.0000000000
571 -280.0000000000
583 -279.0000000000
601 -278.0000000000
614 -277.0000000000
619 -276.0000000000
641 -275.0000000000
663 -274.0000000000
668 -271.0000000000
689 -269.0000000000
697 -268.0000000000
700 -267.0000000000
705 -266.0000000000
713 -265.0000000000
719 -264.0000000000
728 -263.0000000000
745 -262.0000000000
755 -260.0000000000
786 -259.0000000000
787 -258.0000000000
792 -257.0000000000
818 -256.0000000000
820 -255.0000000000
835 -254.0000000000
854 -253.0000000000
864 -251.0000000000
880 -250.0000000000
911 -248.0000000000
925 -247.0000000000
938 -246.0000000000
966 -245.0000000000
972 -244.0000000000
983 -243.0000000000
990 -242.0000000000
1007 -239.0000000000
1032 -238.0000000000
1039 -236.0000000000
1056 -234.0000000000
1067 -233.0000000000
1071 -232.0000000000
1088 -231.0000000000
1092 -230.0000000000
1116 -229.0000000000
1129 -228.0000000000
1138 -226.0000000000
1156 -225.0000000000
1164 -224.0000000000
1186 -223.0000000000
1192 -222.0000000000
1194 -221.0000000000
1219 -220.0000000000
1231 -219.0000000000
1241 -218.0000000000
1264 -217.0000000000
1274 -216.0000000000
1307 -215.0000000000
1310 -214.0000000000
1314 -213.0000000000
1331 -212.0000000000
1345 -210.0000000000
1364 -209.0000000000
1379 -208.0000000000
1385 -207.0000000000
1391 -206.0000000000
1419 -205.0000000000
1422 -204.0000000000
1441 -203.0000000000
1463 -202.0000000000
1474 -201.0000000000
1485 -200.0000000000
1511 -199.0000000000
1522 -198.0000000000
1543 -196.0000000000
1551 -195.0000000000
1567 -194.0000000000
1569 -193.0000000000
1590 -191.0000000000
1619 -190.0000000000
1644 -189.0000000000
1651 -188.0000000000
1670 -187.0000000000
1691 -186.0000000000
1694 -185.0000000000
1723 -184.0000000000
1746 -183.0000000000
1749 -182.0000000000
1764 -181.0000000000
1774 -180.0000000000
1804 -179.0000000000
1812 -178.0000000000
1829 -177.0000000000
1851 -176.0000000000
1893 -175.0000000000
1934 -174.0000000000
1937 -173.0000000000
1956 -172.0000000000
1997 -171.0000000000
2009 -170.0000000000
2018 -169.0000000000
2034 -168.0000000000
2056 -167.0000000000
2062 -166.0000000000
2080 -165.0000000000
2085 -164.0000000000
2087 -162.0000000000
2122 -161.0000000000
2134 -160.0000000000
2178 -159.0000000000
2217 -158.0000000000
2220 -157.0000000000
2237 -156.0000000000
2244 -155.0000000000
2263 -153.0000000000
2271 -152.0000000000
2290 -151.0000000000
2359 -150.0000000000
2363 -149.0000000000
2381 -148.0000000000
2423 -147.0000000000
2433 -146.0000000000
2444 -145.0000000000
2469 -144.0000000000
2473 -143.0000000000
2498 -142.0000000000
2527 -141.0000000000
2543 -140.0000000000
2562 -139.0000000000
2586 -138.0000000000
2603 -137.0000000000
2610 -136.0000000000
2629 -135.0000000000
2640 -134.0000000000
2683 -132.0000000000
2708 -131.0000000000
2728 -130.0000000000
2744 -129.0000000000
2789 -127.0000000000
2811 -126.0000000000
2831 -125.0000000000
2858 -124.0000000000
2886 -123.0000000000
2901 -122.0000000000
2931 -121.0000000000
2973 -120.0000000000
2979 -119.0000000000
2996 -118.0000000000
3011 -117.0000000000
3025 -115.0000000000
3047 -114.0000000000
3058 -113.0000000000
3090 -112.0000000000
3092 -111.0000000000
3125 -110.0000000000
3167 -109.0000000000
3181 -108.0000000000
3201 -107.0000000000
3211 -106.0000000000
3223 -105.0000000000
3246 -104.0000000000
3264 -103.0000000000
3282 -102.0000000000
3301 -100.0000000000
3325 -99.0000000000
3355 -98.0000000000
3362 -97.0000000000
3411 -96.0000000000
3442 -95.0000000000
3489 -94.0000000000
3505 -93.0000000000
3564 -92.0000000000
3571 -91.0000000000
3596 -88.0000000000
3631 -87.0000000000
3675 -86.0000000000
3733 -85.0000000000
3792 -84.0000000000
3823 -83.0000000000
3841 -82.0000000000
3857 -81.0000000000
3905 -80.0000000000
3967 -79.0000000000
3996 -78.0000000000
4011 -77.0000000000
4033 -76.0000000000
4044 -75.0000000000
4094 -74.0000000000
4121 -73.0000000000
4124 -72.0000000000
4155 -71.0000000000
4180 -70.0000000000
4205 -69.0000000000
4218 -68.0000000000
4292 -67.0000000000
4371 -66.0000000000
4430 -65.0000000000
4432 -64.0000000000
4492 -63.0000000000
4543 -62.0000000000
4561 -61.0000000000
4570 -60.0000000000
4598 -59.0000000000
4604 -58.0000000000
4626 -57.0000000000
4642 -56.0000000000
4682 -55.0000000000
4716 -54.0000000000
4770 -53.0000000000
4820 -52.0000000000
4844 -51.0000000000
4957 -50.0000000000
4986 -49.0000000000
5052 -48.0000000000
5080 -47.0000000000
5101 -46.0000000000
5143 -45.0000000000
5197 -44.0000000000
5215 -42.0000000000
5230 -41.0000000000
5260 -40.0000000000
5294 -39.0000000000
5517 -38.0000000000
5529 -37.0000000000
5606 -36.0000000000
5647 -35.0000000000
5655 -34.0000000000
5770 -33.0000000000
5775 -32.0000000000
5807 -31.0000000000
5850 -30.0000000000
5946 -29.0000000000
5973 -28.0000000000
6030 -27.0000000000
6065 -26.0000000000
6104 -25.0000000000
6143 -24.0000000000
6148 -23.0000000000
6175 -22.0000000000
6237 -21.0000000000
6322 -20.0000000000
6381 -19.0000000000
6447 -18.0000000000
6525 -17.0000000000
6590 -16.0000000000
6665 -15.0000000000
6708 -14.0000000000
6781 -13.0000000000
6800 -12.0000000000
7036 -11.0000000000
7084 -10.0000000000
7249 -9.0000000000
7320 -8.0000000000
7371 -7.0000000000
7486 -6.0000000000
7502 -5.0000000000
7668 -4.0000000000
7963 -3.0000000000
7993 -2.0000000000
8081 -1.0000000000
8157 587.0000000000
8361 594.0000000000
9327 604.0000000000
9484 622.0000000000
10010 -1.0000000000
evaluations raw_y
1 -375.0000000000
4 -371.0000000000
5 -331.0000000000
33 -328.0000000000
37 -324.0000000000
41 -323.0000000000
50 -321.0000000000
51 -318.0000000000
52 -315.0000000000
61 -310.0000000000
68 -305.0000000000
81 -303.0000000000
84 -302.0000000000
95 -299.0000000000
100 -294.0000000000
129 -293.0000000000
132 -292.0000000000
135 -291.0000000000
139 -290.0000000000
153 -289.0000000000
165 -287.0000000000
184 -286.0000000000
197 -285.0000000000
198 -284.0000000000
219 -282.0000000000
227 -281.0000000000
233 -280.0000000000
242 -279.0000000000
249 -278.0000000000
266 -277.0000000000
281 -276.0000000000
315 -275.0000000000
341 -274.0000000000
359 -273.0000000000
366 -272.0000000000
377 -271.0000000000
384 -270.0000000000
393 -269.0000000000
409 -268.0000000000
423 -266.0000000000
441 -264.0000000000
479 -263.0000000000
496 -261.0000000000
511 -259.0000000000
546 -258.0000000000
552 -257.0000000000
584 -255.0000000000
610 -253.0000000000
618 -252.0000000000
634 -250.0000000000
675 -249.0000000000
684 -248.0000000000
686 -247.0000000000
687 -246.0000000000
700 -245.0000000000
712 -244.0000000000
715 -242.0000000000
739 -241.0000000000
752 -240.0000000000
762 -239.0000000000
806 -238.0000000000
814 -236.0000000000
852 -235.0000000000
862 -234.0000000000
868 -233.0000000000
883 -231.0000000000
918 -230.0000000000
930 -228.0000000000
965 -227.0000000000
986 -226.0000000000
1009 -225.0000000000
1013 -224.0000000000
1028 -223.0000000000
1037 -222.0000000000
1046 -221.0000000000
1075 -220.0000000000
1080 -219.0000000000
1093 -218.0000000000
1114 -216.0000000000
1141 -215.0000000000
1180 -214.0000000000
1207 -213.0000000000
1232 -212.0000000000
1233 -211.0000000000
1250 -210.0000000000
1262 -209.0000000000
1277 -208.0000000000
1286 -207.0000000000
1296 -206.0000000000
1320 -204.0000000000
1349 -202.0000000000
1361 -201.0000000000
1368 -200.0000000000
1397 -199.0000000000
1419 -198.0000000000
1428 -197.0000000000
1444 -195.0000000000
1457 -194.0000000000
1473 -193.0000000000
1481 -191.0000000000
1495 -190.0000000000
1497 -189.0000000000
1527 -188.0000000000
1558 -187.0000000000
1578 -186.0000000000
1601 -185.0000000000
1613 -183.0000000000
1641 -182.0000000000
1670 -181.0000000000
1689 -180.0000000000
1695 -179.0000000000
1708 -178.0000000000
1728 -177.0000000000
1732 -176.0000000000
1759 -175.0000000000
1779 -174.0000000000
1815 -172.0000000000
1858 -171.0000000000
1860 -170.0000000000
1876 -169.0000000000
1879 -168.0000000000
1895 -167.0000000000
1904 -166.0000000000
1947 -165.0000000000
1980 -163.0000000000
2006 -162.0000000000
2011 -161.0000000000
2023 -160.0000000000
2025 -159.0000000000
2043 -158.0000000000
2064 -156.0000000000
2080 -155.0000000000
2087 -154.0000000000
2093 -153.0000000000
2137 -151.0000000000
2156 -150.0000000000
2181 -149.0000000000
2203 -148.0000000000
2210 -147.0000000000
2230 -146.0000000000
2238 -145.0000000000
2261 -143.0000000000
2299 -141.0000000000
2306 -140.0000000000
2346 -139.0000000000
2349 -138.0000000000
2375 -137.0000000000
2408 -136.0000000000
2436 -135.0000000000
2449 -134.0000000000
2485 -133.0000000000
2506 -132.0000000000
2512 -131.0000000000
2534 -130.0000000000
2600 -129.0000000000
2619 -128.0000000000
2651 -127.0000000000
2685 -126.0000000000
2698 -125.0000000000
2740 -124.0000000000
2761 -123.0000000000
2770 -122.0000000000
2794 -121.0000000000
2795 -120.0000000000
2830 -118.0000000000
2837 -117.0000000000
2863 -116.0000000000
2876 -115.0000000000
2886 -113.0000000000
2942 -112.0000000000
3002 -111.0000000000
3022 -110.0000000000
3075 -109.0000000000
3114 -108.0000000000
3155 -107.0000000000
3163 -106.0000000000
3205 -105.0000000000
3222 -104.0000000000
3231 -102.0000000000
3258 -101.0000000000
3276 -100.0000000000
3287 -99.0000000000
3298 -98.0000000000
3326 -97.0000000000
3337 -96.0000000000
3350 -95.0000000000
3369 -94.0000000000
3386 -93.0000000000
3410 -92.0000000000
3429 -91.0000000000
3437 -89.0000000000
3472 -88.0000000000
3494 -87.0000000000
3506 -86.0000000000
3507 -85.0000000000
3535 -84.0000000000
3596 -83.0000000000
3618 -82.0000000000
3626 -81.0000000000
3645 -80.0000000000
3679 -78.0000000000
3724 -77.0000000000
3749 -76.0000000000
3771 -75.0000000000
3811 -74.0000000000
3872 -73.0000000000
3887 -72.0000000000
3900 -71.0000000000
3917 -70.0000000000
3932 -69.0000000000
3948 -68.0000000000
4042 -67.0000000000
4056 -66.0000000000
4083 -65.0000000000
4116 -64.0000000000
4149 -63.0000000000
4195 -62.0000000000
4218 -61.0000000000
4242 -60.0000000000
4259 -59.0000000000
4281 -58.0000000000
4310 -57.0000000000
4347 -56.0000000000
4390 -55.0000000000
4443 -54.0000000000
4450 -53.0000000000
4495 -52.0000000000
4575 -51.0000000000
4696 -49.0000000000
4757 -48.0000000000
4779 -47.0000000000
4838 -46.0000000000
4839 -45.0000000000
4868 -44.0000000000
4887 -43.0000000000
4896 -42.0000000000
4987 -41.0000000000
5014 -39.0000000000
5068 -38.0000000000
5097 -37.0000000000
5136 -36.0000000000
5162 -35.0000000000
5205 -34.0000000000
5298 -33.0000000000
5339 -32.0000000000
5381 -31.0000000000
5407 -30.0000000000
5460 -29.0000000000
5495 -28.0000000000
5518 -27.0000000000
5576 -26.0000000000
5636 -25.0000000000
5656 -24.0000000000
5730 -23.0000000000
5756 -22.0000000000
5800 -21.0000000000
5820 -20.0000000000
5884 -19.0000000000
5953 -18.0000000000
6049 -17.0000000000
6066 -16.0000000000
6094 -15.0000000000
6135 -14.0000000000
6189 -13.0000000000
6256 -12.0000000000
6471 -11.0000000000
6618 -10.0000000000
6649 -9.0000000000
6679 -8.0000000000
6718 -7.0000000000
6943 -6.0000000000
7175 -5.0000000000
7591 -4.0000000000
7920 -3.0000000000
8152 -2.0000000000
8270 -1.0000000000
8517 591.0000000000
8530 616.0000000000
8531 619.0000000000
8866 638.0000000000
9842 654.0000000000
10010 638.0000000000
evaluations raw_y
1 -354.0000000000
7 -343.0000000000
22 -340.0000000000
24 -339.0000000000
25 -337.0000000000
35 -334.0000000000
40 -332.0000000000
51 -325.0000000000
59 -323.0000000000
60 -320.0000000000
70 -317.0000000000
74 -315.0000000000
88 -314.0000000000
94 -309.0000000000
101 -306.0000000000
111 -304.0000000000
119 -299.0000000000
128 -297.0000000000
148 -296.0000000000
151 -295.0000000000
166 -294.0000000000
168 -293.0000000000
179 -292.0000000000
193 -291.0000000000
198 -290.0000000000
209 -289.0000000000
217 -288.0000000000
224 -287.0000000000
229 -286.0000000000
233 -285.0000000000
254 -284.0000000000
265 -282.0000000000
273 -281.0000000000
309 -279.0000000000
314 -278.0000000000
325 -277.0000000000
339 -276.0000000000
343 -275.0000000000
348 -274.0000000000
353 -273.0000000000
388 -272.0000000000
395 -271.0000000000
417 -270.0000000000
439 -269.0000000000
467 -267.0000000000
480 -266.0000000000
485 -265.0000000000
503 -264.0000000000
535 -263.0000000000
546 -262.0000000000
566 -261.0000000000
575 -260.0000000000
594 -258.0000000000
599 -257.0000000000
618 -256.0000000000
632 -255.0000000000
644 -254.0000000000
649 -253.0000000000
671 -252.0000000000
676 -251.0000000000
693 -249.0000000000
713 -248.0000000000
715 -247.0000000000
734 -246.0000000000
743 -245.0000000000
757 -244.0000000000
769 -243.0000000000
772 -242.0000000000
787 -241.0000000000
796 -240.0000000000
832 -239.0000000000
833 -238.0000000000
861 -237.0000000000
883 -236.0000000000
909 -235.0000000000
910 -234.0000000000
916 -233.0000000000
932 -232.0000000000
937 -230.0000000000
946 -229.0000000000
953 -228.0000000000
958 -226.0000000000
980 -225.0000000000
991 -224.0000000000
1004 -223.0000000000
1021 -222.0000000000
1026 -221.0000000000
1053 -219.0000000000
1072 -218.0000000000
1080 -217.0000000000
1089 -216.0000000000
1124 -215.0000000000
1127 -214.0000000000
1166 -213.0000000000
1179 -212.0000000000
1185 -209.0000000000
1218 -208.0000000000
1221 -207.0000000000
1263 -206.0000000000
1288 -205.0000000000
1307 -204.0000000000
1316 -203.0000000000
1323 -202.0000000000
1328 -201.0000000000
1334 -200.0000000000
1348 -199.0000000000
1354 -196.0000000000
1375 -195.0000000000
1392 -194.0000000000
1396 -193.0000000000
1410 -192.0000000000
1416 -191.0000000000
1428 -190.0000000000
1481 -189.0000000000
1500 -188.0000000000
1509 -187.0000000000
1513 -186.0000000000
1531 -185.0000000000
1539 -184.0000000000
1554 -183.0000000000
1566 -182.0000000000
1578 -181.0000000000
1598 -179.0000000000
1632 -178.0000000000
1646 -177.0000000000
1674 -176.0000000000
1695 -175.0000000000
1711 -174.0000000000
1722 -173.0000000000
1748 -172.0000000000
1776 -171.0000000000
1812 -169.0000000000
1824 -168.0000000000
1844 -167.0000000000
1883 -166.0000000000
1890 -165.0000000000
1899 -164.0000000000
1919 -163.0000000000
1927 -162.0000000000
1933 -161.0000000000
1955 -160.0000000000
1963 -159.0000000000
1974 -158.0000000000
1990 -157.0000000000
2010 -156.0000000000
2016 -155.0000000000
2047 -154.0000000000
2050 -153.0000000000
2076 -152.0000000000
2088 -151.0000000000
2102 -150.0000000000
2130 -149.0000000000
2152 -148.0000000000
2188 -147.0000000000
2202 -145.0000000000
2258 -144.0000000000
2278 -143.0000000000
2302 -142.0000000000
2307 -141.0000000000
2321 -140.0000000000
2345 -139.0000000000
2369 -138.0000000000
2378 -137.0000000000
2395 -136.0000000000
2413 -135.0000000000
2443 -134.0000000000
2466 -133.0000000000
2503 -131.0000000000
2532 -129.0000000000
2566 -128.0000000000
2570 -127.0000000000
2583 -126.0000000000
2602 -125.0000000000
2633 -124.0000000000
2641 -123.0000000000
2667 -121.0000000000
2694 -120.0000000000
2714 -119.0000000000
2737 -117.0000000000
2740 -115.0000000000
2751 -114.0000000000
2774 -112.0000000000
2781 -111.0000000000
2794 -110.0000000000
2817 -109.0000000000
2847 -108.0000000000
2874 -106.0000000000
2891 -105.0000000000
2911 -104.0000000000
2953 -103.0000000000
2988 -102.0000000000
2998 -101.0000000000
3010 -100.0000000000
3051 -99.0000000000
3067 -98.0000000000
3103 -95.0000000000
3161 -94.0000000000
3206 -93.0000000000
3223 -92.0000000000
3224 -89.0000000000
3282 -88.0000000000
3307 -87.0000000000
3343 -86.0000000000
3358 -85.0000000000
3433 -84.0000000000
3452 -83.0000000000
3496 -82.0000000000
3538 -81.0000000000
3557 -80.0000000000
3568 -79.0000000000
3576 -78.0000000000
3590 -77.0000000000
3598 -76.0000000000
3627 -75.0000000000
3659 -73.0000000000
3698 -72.0000000000
3734 -71.0000000000
3752 -70.0000000000
3776 -69.0000000000
3954 -68.0000000000
3989 -67.0000000000
4008 -66.0000000000
4017 -65.0000000000
4049 -64.0000000000
4088 -63.0000000000
4135 -62.0000000000
4162 -61.0000000000
4184 -60.0000000000
4213 -59.0000000000
4246 -58.0000000000
4272 -57.0000000000
4297 -56.0000000000
4307 -55.0000000000
4386 -54.0000000000
4401 -53.0000000000
4456 -52.0000000000
4496 -51.0000000000
4530 -50.0000000000
4570 -49.0000000000
4593 -48.0000000000
4632 -47.0000000000
4671 -46.0000000000
4765 -45.0000000000
4788 -44.0000000000
4822 -43.0000000000
4897 -42.0000000000
4915 -41.0000000000
4967 -40.0000000000
5074 -39.0000000000
5085 -38.0000000000
5113 -37.0000000000
5129 -36.0000000000
5180 -35.0000000000
5216 -34.0000000000
5277 -33.0000000000
5284 -32.0000000000
5297 -31.0000000000
5326 -30.0000000000
5364 -29.0000000000
5385 -28.0000000000
5403 -27.0000000000
5486 -26.0000000000
5508 -25.0000000000
5531 -24.0000000000
5541 -23.0000000000
5571 -22.0000000000
5661 -21.0000000000
5662 -20.0000000000
5731 -19.0000000000
5855 -18.0000000000
5887 -17.0000000000
6084 -16.0000000000
6335 -15.0000000000
6483 -14.0000000000
6531 -13.0000000000
6548 -12.0000000000
6650 -11.0000000000
6796 -10.0000000000
6898 -9.0000000000
6984 -8.0000000000
7195 -7.0000000000
7313 -6.0000000000
7496 -5.0000000000
7534 -4.0000000000
7755 -3.0000000000
8786 -2.0000000000
8843 -1.0000000000
8909 605.0000000000
8911 612.0000000000
8915 615.0000000000
9986 618.0000000000
10005 629.0000000000
10010 -1.0000000000
evaluations raw_y
1 -357.0000000000
18 -351.0000000000
25 -343.0000000000
39 -342.0000000000
40 -339.0000000000
46 -336.0000000000
48 -335.0000000000
50 -333.0000000000
69 -330.0000000000
71 -329.0000000000
76 -327.0000000000
94 -324.0000000000
100 -322.0000000000
113 -321.0000000000
120 -319.0000000000
133 -318.0000000000
142 -317.0000000000
145 -316.0000000000
157 -315.0000000000
162 -314.0000000000
163 -313.0000000000
164 -312.0000000000
174 -310.0000000000
187 -309.0000000000
210 -307.0000000000
238 -306.0000000000
241 -305.0000000000
245 -304.0000000000
246 -303.0000000000
259 -302.0000000000
294 -300.0000000000
322 -299.0000000000
325 -298.0000000000
336 -297.0000000000
338 -296.0000000000
340 -295.0000000000
369 -294.0000000000
377 -293.0000000000
391 -292.0000000000
399 -291.0000000000
410 -290.0000000000
412 -289.0000000000
433 -288.0000000000
438 -286.0000000000
460 -285.0000000000
468 -283.0000000000
506 -282.0000000000
529 -281.0000000000
549 -280.0000000000
555 -279.0000000000
568 -277.0000000000
596 -276.0000000000
612 -275.0000000000
623 -274.0000000000
634 -273.0000000000
643 -272.0000000000
671 -271.0000000000
673 -270.0000000000
684 -269.0000000000
717 -268.0000000000
719 -267.0000000000
726 -266.0000000000
741 -265.0000000000
749 -264.0000000000
754 -261.0000000000
764 -260.0000000000
774 -259.0000000000
781 -257.0000000000
807 -256.0000000000
813 -254.0000000000
820 -253.0000000000
835 -252.0000000000
850 -251.0000000000
874 -250.0000000000
883 -249.0000000000
898 -248.0000000000
909 -246.0000000000
916 -245.0000000000
943 -243.0000000000
961 -241.0000000000
994 -240.0000000000
1011 -239.0000000000
1019 -238.0000000000
1029 -237.0000000000
1030 -236.0000000000
1064 -235.0000000000
1092 -234.0000000000
1100 -233.0000000000
1122 -232.0000000000
1133 -231.0000000000
1148 -230.0000000000
1166 -229.0000000000
1169 -228.0000000000
1186 -227.0000000000
1194 -226.0000000000
1196 -225.0000000000
1197 -224.0000000000
1216 -223.0000000000
1231 -222.0000000000
1263 -221.0000000000
1269 -220.0000000000
1283 -219.0000000000
1294 -218.0000000000
1311 -217.0000000000
1329 -216.0000000000
1346 -215.0000000000
1349 -214.0000000000
1355 -212.0000000000
1367 -211.0000000000
1386 -208.0000000000
1406 -207.0000000000
1429 -206.0000000000
1448 -205.0000000000
1466 -204.0000000000
1472 -203.0000000000
1477 -198.0000000000
1488 -197.0000000000
1506 -195.0000000000
1526 -194.0000000000
1536 -193.0000000000
1552 -190.0000000000
1578 -189.0000000000
1580 -188.0000000000
1601 -186.0000000000
1621 -185.0000000000
1644 -184.0000000000
1676 -183.0000000000
1684 -182.0000000000
1708 -181.0000000000
1728 -180.0000000000
1747 -179.0000000000
1751 -178.0000000000
1753 -177.0000000000
1765 -176.0000000000
1776 -175.0000000000
1790 -173.0000000000
1804 -172.0000000000
1816 -170.0000000000
1854 -168.0000000000
1874 -166.0000000000
1909 -165.0000000000
1921 -164.0000000000
1942 -162.0000000000
1976 -161.0000000000
1979 -160.0000000000
1991 -159.0000000000
2004 -158.0000000000
2007 -157.0000000000
2018 -156.0000000000
2059 -155.0000000000
2070 -154.0000000000
2081 -153.0000000000
2094 -152.0000000000
2135 -151.0000000000
2153 -150.0000000000
2163 -149.0000000000
2196 -148.0000000000
2204 -147.0000000000
2218 -146.0000000000
2237 -145.0000000000
2273 -144.0000000000
2296 -143.0000000000
2318 -142.0000000000
2323 -141.0000000000
2346 -140.0000000000
2369 -139.0000000000
2378 -138.0000000000
2382 -137.0000000000
2401 -136.0000000000
2417 -135.0000000000
2445 -134.0000000000
2448 -133.0000000000
2474 -132.0000000000
2499 -131.0000000000
2519 -130.0000000000
2530 -129.0000000000
2551 -128.0000000000
2590 -127.0000000000
2623 -126.0000000000
2641 -125.0000000000
2661 -123.0000000000
2687 -122.0000000000
2717 -121.0000000000
2721 -120.0000000000
2736 -119.0000000000
2742 -118.0000000000
2758 -117.0000000000
2779 -116.0000000000
2797 -115.0000000000
2831 -114.0000000000
2848 -113.0000000000
2877 -111.0000000000
2886 -110.0000000000
2908 -109.0000000000
2973 -108.0000000000
3036 -107.0000000000
3056 -106.0000000000
3112 -105.0000000000
3129 -104.0000000000
3143 -103.0000000000
3181 -102.0000000000
3192 -101.0000000000
3198 -99.0000000000
3218 -98.0000000000
3237 -97.0000000000
3250 -96.0000000000
3306 -94.0000000000
3339 -93.0000000000
3352 -92.0000000000
3368 -91.0000000000
3380 -90.0000000000
3407 -89.0000000000
3461 -88.0000000000
3507 -87.0000000000
3511 -86.0000000000
3514 -85.0000000000
3527 -84.0000000000
3578 -83.0000000000
3607 -82.0000000000
3657 -81.0000000000
3679 -80.0000000000
3716 -79.0000000000
3768 -78.0000000000
3779 -77.0000000000
3801 -76.0000000000
3829 -74.0000000000
3858 -73.0000000000
3884 -72.0000000000
3940 -71.0000000000
3949 -70.0000000000
4001 -69.0000000000
4035 -68.0000000000
4066 -67.0000000000
4089 -66.0000000000
4094 -65.0000000000
4095 -64.0000000000
4119 -63.0000000000
4145 -62.0000000000
4154 -60.0000000000
4192 -59.0000000000
4249 -58.0000000000
4300 -57.0000000000
4326 -56.0000000000
4372 -55.0000000000
4401 -54.0000000000
4426 -53.0000000000
4518 -52.0000000000
4573 -51.0000000000
4614 -50.0000000000
4669 -49.0000000000
4788 -48.0000000000
4857 -47.0000000000
4887 -46.0000000000
4925 -45.0000000000
4931 -44.0000000000
4956 -43.0000000000
4965 -42.0000000000
5025 -41.0000000000
5061 -40.0000000000
5127 -39.0000000000
5133 -38.0000000000
5152 -37.0000000000
5169 -36.0000000000
5202 -35.0000000000
5234 -34.0000000000
5247 -33.0000000000
5293 -32.0000000000
5324 -31.0000000000
5330 -30.0000000000
5334 -29.0000000000
5339 -28.0000000000
5379 -27.0000000000
5427 -26.0000000000
5471 -25.0000000000
5551 -24.0000000000
5652 -23.0000000000
5712 -22.0000000000
5752 -21.0000000000
5826 -20.0000000000
5926 -19.0000000000
5977 -18.0000000000
6055 -17.0000000000
6116 -16.0000000000
6133 -15.0000000000
6173 -14.0000000000
6479 -13.0000000000
6582 -12.0000000000
6603 -11.0000000000
6730 -10.0000000000
6785 -9.0000000000
7061 -8.0000000000
7238 -7.0000000000
7445 -6.0000000000
7584 -5.0000000000
7617 -4.0000000000
7815 -3.0000000000
8119 -2.0000000000
8218 -1.0000000000
8446 545.0000000000
8692 574.0000000000
9078 610.0000000000
10010 -2.0000000000
evaluations raw_y
1 -370.0000000000
8 -363.0000000000
9 -355.0000000000
11 -353.0000000000
16 -352.0000000000
18 -350.0000000000
25 -349.0000000000
32 -348.0000000000
33 -347.0000000000
37 -345.0000000000
46 -340.0000000000
51 -338.0000000000
57 -337.0000000000
61 -336.0000000000
67 -333.0000000000
68 -332.0000000000
70 -331.0000000000
73 -330.0000000000
77 -327.0000000000
90 -321.0000000000
112 -319.0000000000
118 -317.0000000000
142 -316.0000000000
147 -315.0000000000
150 -314.0000000000
164 -313.0000000000
168 -311.0000000000
189 -310.0000000000
196 -309.0000000000
203 -308.0000000000
207 -307.0000000000
209 -306.0000000000
232 -305.0000000000
234 -303.0000000000
235 -302.0000000000
240 -301.0000000000
252 -300.0000000000
255 -299.0000000000
258 -298.0000000000
265 -297.0000000000
268 -295.0000000000
284 -294.0000000000
297 -293.0000000000
311 -292.0000000000
332 -291.0000000000
366 -290.0000000000
368 -289.0000000000
375 -288.0000000000
387 -287.0000000000
399 -286.0000000000
408 -285.0000000000
415 -284.0000000000
431 -283.0000000000
446 -282.0000000000
460 -281.0000000000
473 -278.0000000000
498 -277.0000000000
518 -276.0000000000
525 -275.0000000000
549 -274.0000000000
559 -273.0000000000
568 -272.0000000000
579 -271.0000000000
584 -270.0000000000
597 -267.0000000000
622 -266.0000000000
630 -265.0000000000
633 -264.0000000000
651 -263.0000000000
673 -262.0000000000
698 -261.0000000000
700 -260.0000000000
713 -259.0000000000
733 -258.0000000000
757 -255.0000000000
797 -254.0000000000
803 -252.0000000000
820 -251.0000000000
840 -250.0000000000
845 -249.0000000000
869 -247.0000000000
877 -246.0000000000
900 -245.0000000000
908 -244.0000000000
946 -242.0000000000
967 -241.0000000000
971 -240.0000000000
985 -239.0000000000
992 -238.0000000000
1013 -237.0000000000
1018 -236.0000000000
1024 -235.0000000000
1028 -234.0000000000
1046 -233.0000000000
1071 -232.0000000000
1082 -231.0000000000
1083 -230.0000000000
1105 -228.0000000000
1118 -226.0000000000
1150 -225.0000000000
1154 -224.0000000000
1180 -223.0000000000
1199 -222.0000000000
1219 -221.0000000000
1233 -220.0000000000
1253 -219.0000000000
1266 -218.0000000000
1286 -216.0000000000
1308 -215.0000000000
1328 -213.0000000000
1352 -212.0000000000
1374 -210.0000000000
1388 -209.0000000000
1401 -208.0000000000
1409 -207.0000000000
1424 -206.0000000000
1457 -205.0000000000
1462 -204.0000000000
1497 -203.0000000000
1517 -202.0000000000
1533 -201.0000000000
1536 -200.0000000000
1540 -199.0000000000
1557 -198.0000000000
1588 -197.0000000000
1600 -196.0000000000
1612 -195.0000000000
1620 -194.0000000000
1647 -193.0000000000
1657 -192.0000000000
1666 -190.0000000000
1684 -189.0000000000
1698 -188.0000000000
1708 -187.0000000000
1741 -186.0000000000
1760 -185.0000000000
1767 -184.0000000000
1781 -183.0000000000
1796 -182.0000000000
1802 -181.0000000000
1811 -180.0000000000
1834 -179.0000000000
1854 -178.0000000000
1902 -177.0000000000
1919 -176.0000000000
1930 -175.0000000000
1949 -174.0000000000
1963 -173.0000000000
1980 -172.0000000000
1986 -171.0000000000
2007 -170.0000000000
2010 -169.0000000000
2033 -168.0000000000
2038 -167.0000000000
2043 -166.0000000000
2087 -165.0000000000
2124 -164.0000000000
2144 -163.0000000000
2150 -162.0000000000
2172 -161.0000000000
2191 -160.0000000000
2226 -159.0000000000
2236 -158.0000000000
2238 -157.0000000000
2257 -156.0000000000
2288 -155.0000000000
2314 -154.0000000000
2338 -153.0000000000
2342 -150.0000000000
2376 -149.0000000000
2381 -148.0000000000
2395 -147.0000000000
2422 -146.0000000000
2460 -145.0000000000
2509 -143.0000000000
2538 -142.0000000000
2563 -141.0000000000
2575 -140.0000000000
2582 -139.0000000000
2599 -137.0000000000
2631 -136.0000000000
2665 -135.0000000000
2678 -134.0000000000
2695 -132.0000000000
2714 -131.0000000000
2741 -130.0000000000
2760 -129.0000000000
2788 -128.0000000000
2804 -127.0000000000
2814 -124.0000000000
2820 -123.0000000000
2841 -122.0000000000
2846 -121.0000000000
2860 -119.0000000000
2885 -118.0000000000
2893 -117.0000000000
2914 -116.0000000000
2963 -115.0000000000
2981 -114.0000000000
3006 -112.0000000000
3048 -111.0000000000
3061 -110.0000000000
3086 -109.0000000000
3110 -108.0000000000
3123 -107.0000000000
3156 -106.0000000000
3159 -105.0000000000
3185 -104.0000000000
3203 -102.0000000000
3238 -101.0000000000
3273 -100.0000000000
3298 -99.0000000000
3307 -98.0000000000
3320 -97.0000000000
3335 -96.0000000000
3351 -95.0000000000
3381 -94.0000000000
3394 -93.0000000000
3410 -92.0000000000
3451 -90.0000000000
3497 -89.0000000000
3534 -88.0000000000
3569 -87.0000000000
3576 -86.0000000000
3605 -85.0000000000
3660 -84.0000000000
3684 -83.0000000000
3705 -82.0000000000
3748 -80.0000000000
3760 -79.0000000000
3836 -78.0000000000
3864 -76.0000000000
3882 -75.0000000000
3895 -74.0000000000
3913 -73.0000000000
3946 -72.0000000000
3947 -71.0000000000
3965 -70.0000000000
4017 -69.0000000000
4042 -68.0000000000
4061 -67.0000000000
4119 -66.0000000000
4186 -65.0000000000
4220 -64.0000000000
4266 -63.0000000000
4292 -62.0000000000
4309 -61.0000000000
4337 -60.0000000000
4399 -59.0000000000
4445 -58.0000000000
4472 -57.0000000000
4586 -56.0000000000
4600 -55.0000000000
4713 -54.0000000000
4748 -53.0000000000
4808 -52.0000000000
4865 -51.0000000000
4876 -50.0000000000
4961 -49.0000000000
5051 -48.0000000000
5085 -47.0000000000
5110 -46.0000000000
5173 -45.0000000000
5184 -44.0000000000
5185 -43.0000000000
5232 -42.0000000000
5271 -41.0000000000
5289 -40.0000000000
5353 -39.0000000000
5387 -38.0000000000
5489 -37.0000000000
5736 -36.0000000000
5790 -35.0000000000
5830 -34.0000000000
5868 -33.0000000000
5921 -32.0000000000
5992 -31.0000000000
6107 -30.0000000000
6121 -29.0000000000
6180 -28.0000000000
6215 -27.0000000000
6245 -26.0000000000
6383 -25.0000000000
6417 -24.0000000000
6487 -23.0000000000
6517 -22.0000000000
6550 -21.0000000000
6578 -20.0000000000
6606 -19.0000000000
6651 -18.0000000000
6698 -17.0000000000
6706 -16.0000000000
6827 -15.0000000000
7178 -14.0000000000
7233 -13.0000000000
7293 -12.0000000000
7404 -11.0000000000
7417 -10.0000000000
7463 -9.0000000000
7522 -8.0000000000
7614 -7.0000000000
7748 -6.0000000000
8113 -5.0000000000
8174 -4.0000000000
8227 -3.0000000000
8890 -2.0000000000
8957 -1.0000000000
9130 575.0000000000
10010 -3.0000000000
evaluations raw_y
1 -384.0000000000
2 -365.0000000000
5 -347.0000000000
18 -341.0000000000
19 -337.0000000000
25 -336.0000000000
38 -328.0000000000
39 -326.0000000000
41 -320.0000000000
55 -317.0000000000
63 -316.0000000000
64 -313.0000000000
67 -310.0000000000
83 -308.0000000000
98 -306.0000000000
101 -305.0000000000
114 -304.0000000000
123 -302.0000000000
135 -300.0000000000
142 -299.0000000000
162 -298.0000000000
165 -296.0000000000
176 -295.0000000000
191 -294.0000000000
211 -293.0000000000
214 -292.0000000000
231 -291.0000000000
248 -289.0000000000
272 -288.0000000000
291 -287.0000000000
296 -286.0000000000
313 -285.0000000000
326 -284.0000000000
334 -283.0000000000
356 -282.0000000000
359 -281.0000000000
367 -280.0000000000
390 -279.0000000000
407 -278.0000000000
426 -277.0000000000
429 -275.0000000000
468 -274.0000000000
475 -273.0000000000
476 -272.0000000000
503 -271.0000000000
528 -270.0000000000
536 -269.0000000000
564 -268.0000000000
566 -267.0000000000
586 -266.0000000000
601 -265.0000000000
607 -263.0000000000
640 -262.0000000000
665 -261.0000000000
689 -260.0000000000
707 -258.0000000000
715 -257.0000000000
742 -256.0000000000
746 -255.0000000000
763 -252.0000000000
792 -251.0000000000
798 -248.0000000000
831 -247.0000000000
840 -245.0000000000
841 -243.0000000000
856 -241.0000000000
880 -240.0000000000
897 -239.0000000000
900 -238.0000000000
930 -236.0000000000
945 -235.0000000000
981 -233.0000000000
1001 -232.0000000000
1012 -231.0000000000
1024 -230.0000000000
1036 -229.0000000000
1045 -225.0000000000
1078 -224.0000000000
1098 -223.0000000000
1161 -222.0000000000
1184 -221.0000000000
1198 -220.0000000000
1199 -219.0000000000
1219 -218.0000000000
1222 -217.0000000000
1226 -216.0000000000
1243 -215.0000000000
1256 -214.0000000000
1288 -213.0000000000
1308 -212.0000000000
1332 -211.0000000000
1344 -209.0000000000
1381 -208.0000000000
1389 -207.0000000000
1406 -206.0000000000
1419 -205.0000000000
1427 -204.0000000000
1435 -203.0000000000
1440 -202.0000000000
1457 -201.0000000000
1495 -200.0000000000
1529 -198.0000000000
1542 -197.0000000000
1547 -196.0000000000
1557 -194.0000000000
1582 -193.0000000000
1589 -191.0000000000
1622 -190.0000000000
1623 -189.0000000000
1638 -188.0000000000
1649 -187.0000000000
1662 -186.0000000000
1683 -185.0000000000
1689 -183.0000000000
1728 -182.0000000000
1733 -181.0000000000
1757 -180.0000000000
1766 -179.0000000000
1778 -178.0000000000
1792 -177.0000000000
1801 -176.0000000000
1824 -175.0000000000
1849 -173.0000000000
1869 -171.0000000000
1907 -170.0000000000
1910 -169.0000000000
1922 -168.0000000000
1945 -167.0000000000
1950 -165.0000000000
1980 -164.0000000000
1998 -163.0000000000
2018 -162.0000000000
2038 -161.0000000000
2056 -160.0000000000
2076 -159.0000000000
2081 -158.0000000000
2107 -157.0000000000
2123 -156.0000000000
2136 -155.0000000000
2161 -154.0000000000
2167 -152.0000000000
2183 -151.0000000000
2195 -150.0000000000
2210 -149.0000000000
2225 -148.0000000000
2242 -146.0000000000
2273 -145.0000000000
2281 -144.0000000000
2296 -143.0000000000
2322 -142.0000000000
2342 -141.0000000000
2349 -140.0000000000
2370 -139.0000000000
2382 -138.0000000000
2386 -137.0000000000
2395 -136.0000000000
2423 -135.0000000000
2437 -134.0000000000
2472 -133.0000000000
2504 -132.0000000000
2516 -131.0000000000
2566 -130.0000000000
2586 -129.0000000000
2612 -128.0000000000
2656 -127.0000000000
2660 -126.0000000000
2696 -125.0000000000
2719 -124.0000000000
2725 -123.0000000000
2755 -122.0000000000
2770 -121.0000000000
2772 -120.0000000000
2800 -119.0000000000
2842 -118.0000000000
2848 -117.0000000000
2871 -116.0000000000
2887 -115.0000000000
2901 -114.0000000000
2937 -113.0000000000
2990 -112.0000000000
3027 -111.0000000000
3058 -110.0000000000
3094 -109.0000000000
3145 -108.0000000000
3155 -107.0000000000
3178 -105.0000000000
3208 -104.0000000000
3235 -103.0000000000
3266 -102.0000000000
3271 -101.0000000000
3309 -100.0000000000
3331 -99.0000000000
3356 -98.0000000000
3371 -97.0000000000
3377 -96.0000000000
3388 -95.0000000000
3395 -94.0000000000
3432 -93.0000000000
3439 -92.0000000000
3485 -91.0000000000
3494 -90.0000000000
3523 -89.0000000000
3567 -88.0000000000
3583 -87.0000000000
3601 -86.0000000000
3622 -85.0000000000
3647 -84.0000000000
3688 -83.0000000000
3717 -82.0000000000
3741 -81.0000000000
3753 -80.0000000000
3803 -79.0000000000
3829 -78.0000000000
3860 -77.0000000000
3896 -76.0000000000
3933 -75.0000000000
3962 -73.0000000000
4005 -72.0000000000
4033 -71.0000000000
4038 -70.0000000000
4068 -69.0000000000
4090 -68.0000000000
4130 -67.0000000000
4208 -66.0000000000
4236 -65.0000000000
4266 -64.0000000000
4299 -63.0000000000
4341 -62.0000000000
4364 -61.0000000000
4366 -60.0000000000
4409 -59.0000000000
4447 -58.0000000000
4464 -57.0000000000
4490 -56.0000000000
4509 -55.0000000000
4600 -54.0000000000
4637 -53.0000000000
4699 -52.0000000000
4733 -51.0000000000
4764 -50.0000000000
4786 -49.0000000000
4816 -48.0000000000
4846 -47.0000000000
4877 -46.0000000000
4940 -45.0000000000
4979 -44.0000000000
4995 -43.0000000000
5062 -42.0000000000
5113 -41.0000000000
5132 -40.0000000000
5170 -39.0000000000
5193 -38.0000000000
5200 -37.0000000000
5243 -36.0000000000
5381 -35.0000000000
5402 -34.0000000000
5418 -33.0000000000
5423 -32.0000000000
5482 -31.0000000000
5524 -30.0000000000
5533 -29.0000000000
5559 -28.0000000000
5591 -27.0000000000
5624 -26.0000000000
5629 -25.0000000000
5644 -24.0000000000
5682 -23.0000000000
5695 -22.0000000000
5742 -21.0000000000
5792 -20.0000000000
6219 -19.0000000000
6335 -18.0000000000
6400 -17.0000000000
6419 -16.0000000000
6447 -15.0000000000
6469 -14.0000000000
6515 -13.0000000000
6539 -12.0000000000
6680 -11.0000000000
6966 -10.0000000000
6980 -9.0000000000
6996 -8.0000000000
7072 -7.0000000000
7109 -6.0000000000
7215 -5.0000000000
7389 -4.0000000000
7444 -3.0000000000
7692 -2.0000000000
7960 -1.0000000000
8165 596.0000000000
8486 601.0000000000
8504 608.0000000000
9632 617.0000000000
10010 617.0000000000
evaluations raw_y
1 -364.0000000000
2 -362.0000000000
6 -361.0000000000
7 -360.0000000000
8 -355.0000000000
13 -352.0000000000
16 -348.0000000000
19 -347.0000000000
22 -346.0000000000
25 -345.0000000000
27 -342.0000000000
34 -340.0000000000
40 -339.0000000000
45 -338.0000000000
51 -329.0000000000
64 -327.0000000000
70 -325.0000000000
71 -321.0000000000
80 -319.0000000000
97 -315.0000000000
111 -311.0000000000
134 -310.0000000000
137 -309.0000000000
142 -307.0000000000
145 -303.0000000000
173 -301.0000000000
180 -299.0000000000
182 -298.0000000000
202 -297.0000000000
217 -296.0000000000
238 -295.0000000000
252 -294.0000000000
268 -293.0000000000
287 -292.0000000000
305 -291.0000000000
315 -289.0000000000
333 -287.0000000000
368 -286.0000000000
386 -285.0000000000
397 -284.0000000000
404 -283.0000000000
409 -282.0000000000
444 -281.0000000000
447 -280.0000000000
466 -279.0000000000
477 -278.0000000000
484 -277.0000000000
512 -276.0000000000
526 -275.0000000000
541 -273.0000000000
571 -272.0000000000
596 -271.0000000000
599 -269.0000000000
616 -268.0000000000
624 -267.0000000000
635 -266.0000000000
652 -265.0000000000
667 -264.0000000000
670 -263.0000000000
680 -261.0000000000
719 -260.0000000000
721 -259.0000000000
746 -258.0000000000
760 -257.0000000000
788 -256.0000000000
809 -255.0000000000
835 -254.0000000000
860 -253.0000000000
862 -251.0000000000
888 -250.0000000000
902 -249.0000000000
910 -248.0000000000
926 -247.0000000000
942 -246.0000000000
962 -244.0000000000
987 -243.0000000000
1001 -242.0000000000
1005 -241.0000000000
1020 -240.0000000000
1025 -239.0000000000
1056 -238.0000000000
1064 -237.0000000000
1085 -236.0000000000
1086 -235.0000000000
1093 -234.0000000000
1105 -232.0000000000
1114 -231.0000000000
1131 -230.0000000000
1137 -229.0000000000
1148 -228.0000000000
1167 -227.0000000000
1171 -226.0000000000
1179 -225.0000000000
1201 -223.0000000000
1211 -222.0000000000
1247 -221.0000000000
1262 -220.0000000000
1271 -219.0000000000
1288 -217.0000000000
1300 -216.0000000000
1333 -214.0000000000
1351 -213.0000000000
1361 -212.0000000000
1371 -211.0000000000
1383 -210.0000000000
1395 -209.0000000000
1415 -208.0000000000
1428 -207.0000000000
1437 -206.0000000000
1456 -205.0000000000
1468 -204.0000000000
1497 -203.0000000000
1500 -202.0000000000
1524 -200.0000000000
1550 -199.0000000000
1552 -197.0000000000
1579 -195.0000000000
1581 -194.0000000000
1614 -193.0000000000
1629 -192.0000000000
1633 -191.0000000000
1662 -190.0000000000
1719 -189.0000000000
1730 -188.0000000000
1764 -187.0000000000
1793 -186.0000000000
1812 -185.0000000000
1826 -183.0000000000
1858 -182.0000000000
1870 -181.0000000000
1895 -180.0000000000
1910 -179.0000000000
1940 -178.0000000000
1952 -177.0000000000
1961 -176.0000000000
1970 -174.0000000000
2002 -173.0000000000
2014 -172.0000000000
2028 -171.0000000000
2030 -170.0000000000
2046 -168.0000000000
2064 -167.0000000000
2095 -166.0000000000
2105 -165.0000000000
2136 -163.0000000000
2151 -162.0000000000
2160 -161.0000000000
2173 -160.0000000000
2180 -159.0000000000
2183 -158.0000000000
2197 -157.0000000000
2224 -156.0000000000
2233 -155.0000000000
2245 -154.0000000000
2302 -153.0000000000
2313 -151.0000000000
2331 -150.0000000000
2353 -149.0000000000
2366 -148.0000000000
2382 -145.0000000000
2431 -144.0000000000
2502 -142.0000000000
2542 -141.0000000000
2551 -140.0000000000
2579 -139.0000000000
2610 -138.0000000000
2621 -136.0000000000
2626 -135.0000000000
2642 -134.0000000000
2652 -133.0000000000
2673 -132.0000000000
2692 -131.0000000000
2699 -130.0000000000
2727 -129.0000000000
2741 -128.0000000000
2771 -127.0000000000
2790 -126.0000000000
2821 -124.0000000000
2855 -123.0000000000
2878 -122.0000000000
2900 -121.0000000000
2951 -120.0000000000
2975 -119.0000000000
3031 -118.0000000000
3065 -117.0000000000
3075 -116.0000000000
3103 -115.0000000000
3127 -114.0000000000
3144 -113.0000000000
3177 -112.0000000000
3183 -111.0000000000
3202 -110.0000000000
3218 -108.0000000000
3233 -107.0000000000
3259 -106.0000000000
3291 -105.0000000000
3306 -104.0000000000
3339 -102.0000000000
3357 -101.0000000000
3421 -100.0000000000
3490 -99.0000000000
3512 -98.0000000000
3609 -97.0000000000
3622 -96.0000000000
3642 -95.0000000000
3667 -94.0000000000
3681 -93.0000000000
3686 -92.0000000000
3694 -91.0000000000
3709 -90.0000000000
3728 -89.0000000000
3749 -87.0000000000
3785 -86.0000000000
3800 -85.0000000000
3803 -84.0000000000
3817 -82.0000000000
3822 -81.0000000000
3884 -80.0000000000
3892 -79.0000000000
3895 -78.0000000000
4001 -77.0000000000
4041 -76.0000000000
4044 -74.0000000000
4083 -73.0000000000
4136 -72.0000000000
4150 -71.0000000000
4196 -70.0000000000
4267 -69.0000000000
4328 -68.0000000000
4350 -67.0000000000
4399 -66.0000000000
4428 -65.0000000000
4446 -64.0000000000
4454 -63.0000000000
4521 -62.0000000000
4589 -61.0000000000
4721 -60.0000000000
4752 -59.0000000000
4791 -58.0000000000
4865 -57.0000000000
4883 -56.0000000000
4928 -55.0000000000
4933 -54.0000000000
4993 -53.0000000000
5038 -52.0000000000
5053 -51.0000000000
5081 -50.0000000000
5096 -49.0000000000
5115 -48.0000000000
5190 -47.0000000000
5210 -46.0000000000
5300 -45.0000000000
5347 -44.0000000000
5362 -43.0000000000
5393 -42.0000000000
5414 -41.0000000000
5499 -40.0000000000
5517 -39.0000000000
5557 -38.0000000000
5605 -37.0000000000
5647 -36.0000000000
5671 -35.0000000000
5687 -34.0000000000
5752 -33.0000000000
5774 -32.0000000000
5982 -31.0000000000
6035 -30.0000000000
6059 -29.0000000000
6089 -28.0000000000
6123 -27.0000000000
6126 -26.0000000000
6143 -25.0000000000
6153 -24.0000000000
6272 -23.0000000000
6291 -22.0000000000
6320 -21.0000000000
6403 -20.0000000000
6428 -19.0000000000
6550 -18.0000000000
6628 -17.0000000000
6677 -16.0000000000
6698 -15.0000000000
6703 -14.0000000000
6788 -13.0000000000
6812 -12.0000000000
6888 -11.0000000000
6913 -10.0000000000
6951 -9.0000000000
7058 -8.0000000000
7295 -7.0000000000
7460 -6.0000000000
7583 -5.0000000000
7769 -4.0000000000
7815 -3.0000000000
8073 -2.0000000000
8348 -1.0000000000
8654 555.0000000000
8818 572.0000000000
9153 578.0000000000
9881 587.0000000000
10010 -1.0000000000
evaluations raw_y
1 -359.0000000000
12 -347.0000000000
21 -340.0000000000
26 -337.0000000000
46 -335.0000000000
48 -331.0000000000
52 -326.0000000000
59 -323.0000000000
65 -322.0000000000
68 -321.0000000000
69 -318.0000000000
76 -314.0000000000
80 -311.0000000000
108 -310.0000000000
109 -308.0000000000
127 -303.0000000000
144 -301.0000000000
147 -300.0000000000
166 -298.0000000000
176 -297.0000000000
201 -295.0000000000
232 -294.0000000000
251 -293.0000000000
255 -291.0000000000
300 -290.0000000000
321 -289.0000000000
332 -288.0000000000
337 -287.0000000000
359 -284.0000000000
380 -283.0000000000
391 -282.0000000000
413 -280.0000000000
433 -279.0000000000
442 -278.0000000000
452 -276.0000000000
458 -275.0000000000
476 -273.0000000000
478 -272.0000000000
505 -271.0000000000
507 -270.0000000000
514 -268.0000000000
537 -267.0000000000
557 -266.0000000000
558 -265.0000000000
578 -264.0000000000
584 -263.0000000000
595 -261.0000000000
625 -259.0000000000
645 -258.0000000000
656 -257.0000000000
685 -256.0000000000
696 -255.0000000000
697 -254.0000000000
709 -253.0000000000
724 -252.0000000000
729 -251.0000000000
745 -250.0000000000
755 -249.0000000000
773 -248.0000000000
791 -247.0000000000
801 -246.0000000000
823 -245.0000000000
830 -244.0000000000
833 -243.0000000000
834 -242.0000000000
856 -240.0000000000
879 -239.0000000000
885 -238.0000000000
905 -237.0000000000
934 -236.0000000000
940 -235.0000000000
951 -234.0000000000
956 -233.0000000000
975 -232.0000000000
989 -231.0000000000
1007 -230.0000000000
1046 -229.0000000000
1062 -228.0000000000
1081 -227.0000000000
1093 -226.0000000000
1103 -225.0000000000
1135 -224.0000000000
1149 -223.0000000000
1157 -222.0000000000
1158 -221.0000000000
1189 -220.0000000000
1193 -219.0000000000
1196 -218.0000000000
1205 -216.0000000000
1238 -215.0000000000
1261 -214.0000000000
1275 -213.0000000000
1289 -212.0000000000
1305 -211.0000000000
1320 -210.0000000000
1322 -209.0000000000
1333 -208.0000000000
1344 -206.0000000000
1368 -205.0000000000
1372 -203.0000000000
1415 -202.0000000000
1422 -201.0000000000
1427 -200.0000000000
1443 -199.0000000000
1470 -198.0000000000
1485 -197.0000000000
1502 -196.0000000000
1516 -193.0000000000
1535 -192.0000000000
1555 -191.0000000000
1595 -190.0000000000
1603 -189.0000000000
1606 -188.0000000000
1616 -187.0000000000
1647 -186.0000000000
1664 -184.0000000000
1683 -183.0000000000
1691 -182.0000000000
1699 -181.0000000000
1719 -180.0000000000
1737 -179.0000000000
1762 -178.0000000000
1777 -177.0000000000
1781 -176.0000000000
1799 -175.0000000000
1804 -174.0000000000
1815 -173.0000000000
1855 -172.0000000000
1898 -171.0000000000
1909 -170.0000000000
1930 -169.0000000000
1968 -168.0000000000
1982 -167.0000000000
1983 -166.0000000000
2007 -165.0000000000
2020 -164.0000000000
2031 -163.0000000000
2047 -162.0000000000
2051 -161.0000000000
2085 -160.0000000000
2111 -159.0000000000
2138 -158.0000000000
2142 -157.0000000000
2164 -156.0000000000
2222 -155.0000000000
2259 -154.0000000000
2293 -153.0000000000
2294 -152.0000000000
2313 -151.0000000000
2329 -150.0000000000
2366 -149.0000000000
2395 -148.0000000000
2440 -146.0000000000
2472 -144.0000000000
2506 -143.0000000000
2519 -142.0000000000
2522 -141.0000000000
2530 -140.0000000000
2548 -139.0000000000
2555 -138.0000000000
2558 -137.0000000000
2566 -136.0000000000
2586 -134.0000000000
2611 -133.0000000000
2627 -132.0000000000
2648 -131.0000000000
2651 -130.0000000000
2672 -129.0000000000
2693 -128.0000000000
2703 -127.0000000000
2720 -126.0000000000
2725 -125.0000000000
2752 -124.0000000000
2772 -123.0000000000
2794 -121.0000000000
2846 -120.0000000000
2870 -119.0000000000
2908 -118.0000000000
2939 -117.0000000000
2946 -116.0000000000
2954 -115.0000000000
2991 -114.0000000000
3016 -113.0000000000
3041 -112.0000000000
3058 -111.0000000000
3094 -110.0000000000
3112 -109.0000000000
3116 -108.0000000000
3153 -107.0000000000
3183 -106.0000000000
3201 -105.0000000000
3238 -104.0000000000
3249 -103.0000000000
3291 -102.0000000000
3299 -101.0000000000
3325 -99.0000000000
3339 -98.0000000000
3352 -97.0000000000
3367 -96.0000000000
3408 -95.0000000000
3432 -94.0000000000
3468 -93.0000000000
3495 -92.0000000000
3503 -91.0000000000
3526 -90.0000000000
3573 -89.0000000000
3610 -88.0000000000
3616 -87.0000000000
3621 -86.0000000000
3667 -85.0000000000
3694 -84.0000000000
3748 -83.0000000000
3758 -82.0000000000
3790 -81.0000000000
3814 -80.0000000000
3889 -79.0000000000
3900 -78.0000000000
3950 -77.0000000000
3986 -76.0000000000
3996 -75.0000000000
4034 -74.0000000000
4045 -73.0000000000
4064 -72.0000000000
4121 -71.0000000000
4125 -70.0000000000
4162 -69.0000000000
4166 -68.0000000000
4210 -67.0000000000
4251 -66.0000000000
4275 -65.0000000000
4328 -64.0000000000
4427 -63.0000000000
4441 -62.0000000000
4454 -61.0000000000
4462 -60.0000000000
4515 -59.0000000000
4540 -58.0000000000
4545 -57.0000000000
4572 -56.0000000000
4630 -55.0000000000
4664 -54.0000000000
4772 -53.0000000000
4806 -52.0000000000
4828 -50.0000000000
4898 -49.0000000000
4913 -48.0000000000
4926 -47.0000000000
4940 -46.0000000000
4945 -45.0000000000
4976 -44.0000000000
5075 -43.0000000000
5284 -42.0000000000
5337 -41.0000000000
5367 -40.0000000000
5380 -39.0000000000
5407 -38.0000000000
5428 -37.0000000000
5479 -36.0000000000
5524 -35.0000000000
5621 -34.0000000000
5641 -33.0000000000
5679 -32.0000000000
5695 -31.0000000000
5719 -30.0000000000
5754 -29.0000000000
5766 -28.0000000000
5795 -27.0000000000
5864 -26.0000000000
5964 -25.0000000000
6031 -24.0000000000
6051 -23.0000000000
6187 -22.0000000000
6238 -21.0000000000
6364 -20.0000000000
6561 -19.0000000000
6617 -18.0000000000
6645 -17.0000000000
6689 -16.0000000000
6723 -15.0000000000
6899 -14.0000000000
6909 -13.0000000000
6919 -12.0000000000
7072 -11.0000000000
7115 -10.0000000000
7481 -9.0000000000
7692 -8.0000000000
7729 -7.0000000000
7805 -6.0000000000
8052 -5.0000000000
8091 -4.0000000000
8202 -3.0000000000
8238 -2.0000000000
9116 -1.0000000000
9390 588.0000000000
10008 591.0000000000
10010 588.0000000000
evaluations raw_y
1 -341.0000000000
15 -334.0000000000
31 -331.0000000000
40 -329.0000000000
45 -322.0000000000
52 -321.0000000000
66 -319.0000000000
71 -317.0000000000
78 -310.0000000000
96 -308.0000000000
102 -307.0000000000
107 -305.0000000000
109 -304.0000000000
110 -299.0000000000
111 -298.0000000000
115 -296.0000000000
143 -295.0000000000
160 -292.0000000000
185 -291.0000000000
191 -290.0000000000
199 -289.0000000000
202 -287.0000000000
216 -285.0000000000
225 -283.0000000000
239 -282.0000000000
243 -281.0000000000
247 -280.0000000000
262 -279.0000000000
273 -277.0000000000
280 -276.0000000000
296 -274.0000000000
300 -272.0000000000
331 -271.0000000000
333 -269.0000000000
366 -268.0000000000
370 -267.0000000000
388 -266.0000000000
400 -264.0000000000
409 -262.0000000000
437 -261.0000000000
438 -260.0000000000
444 -259.0000000000
449 -257.0000000000
481 -256.0000000000
487 -255.0000000000
490 -254.0000000000
497 -253.0000000000
525 -251.0000000000
549 -249.0000000000
555 -248.0000000000
571 -247.0000000000
593 -244.0000000000
615 -243.0000000000
633 -242.0000000000
643 -241.0000000000
649 -240.0000000000
666 -239.0000000000
684 -238.0000000000
715 -236.0000000000
717 -235.0000000000
729 -234.0000000000
743 -232.0000000000
757 -231.0000000000
774 -230.0000000000
787 -229.0000000000
796 -228.0000000000
831 -226.0000000000
841 -225.0000000000
859 -223.0000000000
892 -222.0000000000
907 -221.0000000000
934 -220.0000000000
963 -219.0000000000
982 -218.0000000000
1010 -217.0000000000
1031 -216.0000000000
1048 -215.0000000000
1069 -214.0000000000
1080 -213.0000000000
1093 -212.0000000000
1113 -211.0000000000
1126 -210.0000000000
1139 -209.0000000000
1155 -208.0000000000
1160 -206.0000000000
1217 -205.0000000000
1225 -204.0000000000
1238 -203.0000000000
1268 -202.0000000000
1286 -201.0000000000
1310 -200.0000000000
1322 -199.0000000000
1327 -198.0000000000
1351 -197.0000000000
1376 -196.0000000000
1381 -195.0000000000
1397 -194.0000000000
1424 -193.0000000000
1456 -192.0000000000
1474 -191.0000000000
1495 -190.0000000000
1518 -189.0000000000
1525 -188.0000000000
1542 -186.0000000000
1554 -185.0000000000
1560 -184.0000000000
1592 -183.0000000000
1596 -182.0000000000
1623 -181.0000000000
1652 -179.0000000000
1673 -178.0000000000
1693 -177.0000000000
1703 -176.0000000000
1705 -175.0000000000
1725 -174.0000000000
1734 -173.0000000000
1742 -172.0000000000
1790 -171.0000000000
1814 -170.0000000000
1817 -169.0000000000
1831 -168.0000000000
1853 -167.0000000000
1891 -166.0000000000
1909 -165.0000000000
1942 -164.0000000000
1964 -163.0000000000
1981 -162.0000000000
2002 -160.0000000000
2015 -159.0000000000
2021 -157.0000000000
2042 -156.0000000000
2056 -155.0000000000
2095 -154.0000000000
2103 -153.0000000000
2113 -152.0000000000
2124 -150.0000000000
2141 -149.0000000000
2184 -148.0000000000
2201 -147.0000000000
2223 -146.0000000000
2239 -145.0000000000
2256 -144.0000000000
2275 -143.0000000000
2276 -142.0000000000
2291 -141.0000000000
2305 -140.0000000000
2338 -139.0000000000
2348 -138.0000000000
2364 -137.0000000000
2383 -136.0000000000
2406 -134.0000000000
2430 -133.0000000000
2463 -132.0000000000
2480 -131.0000000000
2489 -130.0000000000
2531 -129.0000000000
2545 -128.0000000000
2552 -127.0000000000
2571 -125.0000000000
2595 -124.0000000000
2598 -123.0000000000
2651 -122.0000000000
2683 -121.0000000000
2701 -120.0000000000
2718 -118.0000000000
2744 -117.0000000000
2745 -116.0000000000
2765 -115.0000000000
2782 -114.0000000000
2790 -113.0000000000
2805 -111.0000000000
2838 -110.0000000000
2886 -109.0000000000
2899 -108.0000000000
2955 -107.0000000000
2988 -106.0000000000
3002 -105.0000000000
3040 -103.0000000000
3073 -102.0000000000
3084 -101.0000000000
3105 -100.0000000000
3116 -99.0000000000
3149 -98.0000000000
3230 -97.0000000000
3251 -96.0000000000
3268 -95.0000000000
3295 -94.0000000000
3329 -92.0000000000
3343 -91.0000000000
3369 -90.0000000000
3408 -89.0000000000
3427 -88.0000000000
3445 -87.0000000000
3471 -86.0000000000
3487 -85.0000000000
3517 -84.0000000000
3553 -83.0000000000
3576 -82.0000000000
3623 -81.0000000000
3635 -80.0000000000
3655 -79.0000000000
3675 -78.0000000000
3718 -77.0000000000
3740 -76.0000000000
3760 -75.0000000000
3821 -73.0000000000
3853 -72.0000000000
3864 -71.0000000000
3886 -70.0000000000
3948 -69.0000000000
3955 -68.0000000000
3994 -67.0000000000
4030 -66.0000000000
4080 -65.0000000000
4098 -64.0000000000
4116 -63.0000000000
4150 -62.0000000000
4165 -61.0000000000
4194 -60.0000000000
4242 -59.0000000000
4284 -58.0000000000
4351 -57.0000000000
4392 -56.0000000000
4431 -54.0000000000
4516 -53.0000000000
4559 -52.0000000000
4588 -51.0000000000
4601 -50.0000000000
4669 -49.0000000000
4717 -48.0000000000
4783 -47.0000000000
4817 -46.0000000000
4968 -45.0000000000
4983 -44.0000000000
5022 -43.0000000000
5091 -42.0000000000
5159 -41.0000000000
5190 -40.0000000000
5207 -39.0000000000
5215 -38.0000000000
5251 -37.0000000000
5316 -36.0000000000
5375 -35.0000000000
5425 -34.0000000000
5476 -33.0000000000
5520 -32.0000000000
5541 -31.0000000000
5596 -30.0000000000
5618 -29.0000000000
5699 -28.0000000000
5726 -27.0000000000
5762 -26.0000000000
5823 -25.0000000000
5910 -24.0000000000
6100 -23.0000000000
6228 -22.0000000000
6277 -21.0000000000
6380 -20.0000000000
6388 -19.0000000000
6397 -18.0000000000
6426 -17.0000000000
6447 -16.0000000000
6498 -15.0000000000
6535 -14.0000000000
6589 -13.0000000000
6616 -12.0000000000
6670 -11.0000000000
6717 -10.0000000000
7002 -9.0000000000
7029 -8.0000000000
7140 -7.0000000000
7239 -6.0000000000
7536 -5.0000000000
7549 -4.0000000000
7577 -3.0000000000
7795 -2.0000000000
7862 -1.0000000000
8311 595.0000000000
9075 597.0000000000
9091 622.0000000000
9860 637.0000000000
10010 637.0000000000
evaluations raw_y
1 -393.0000000000
2 -381.0000000000
3 -377.0000000000
4 -373.0000000000
5 -368.0000000000
9 -358.0000000000
20 -345.0000000000
30 -339.0000000000
39 -336.0000000000
42 -335.0000000000
48 -323.0000000000
56 -314.0000000000
62 -313.0000000000
65 -310.0000000000
75 -309.0000000000
76 -307.0000000000
81 -306.0000000000
83 -297.0000000000
126 -295.0000000000
133 -293.0000000000
148 -292.0000000000
149 -291.0000000000
158 -290.0000000000
164 -289.0000000000
173 -286.0000000000
191 -285.0000000000
214 -284.0000000000
216 -283.0000000000
222 -282.0000000000
242 -280.0000000000
265 -279.0000000000
282 -278.0000000000
288 -277.0000000000
305 -276.0000000000
310 -275.0000000000
328 -274.0000000000
352 -272.0000000000
378 -271.0000000000
387 -270.0000000000
392 -269.0000000000
400 -268.0000000000
402 -266.0000000000
425 -264.0000000000
452 -263.0000000000
460 -261.0000000000
466 -260.0000000000
483 -259.0000000000
501 -258.0000000000
504 -257.0000000000
513 -256.0000000000
517 -255.0000000000
521 -254.0000000000
532 -253.0000000000
543 -252.0000000000
551 -251.0000000000
553 -250.0000000000
576 -249.0000000000
581 -248.0000000000
584 -247.0000000000
590 -246.0000000000
606 -245.0000000000
616 -244.0000000000
632 -243.0000000000
652 -242.0000000000
661 -241.0000000000
665 -240.0000000000
679 -238.0000000000
700 -237.0000000000
705 -235.0000000000
716 -233.0000000000
736 -232.0000000000
760 -231.0000000000
779 -230.0000000000
798 -229.0000000000
807 -228.0000000000
822 -227.0000000000
835 -226.0000000000
860 -225.0000000000
869 -224.0000000000
875 -223.0000000000
898 -222.0000000000
916 -221.0000000000
933 -220.0000000000
944 -219.0000000000
952 -218.0000000000
973 -217.0000000000
990 -215.0000000000
1021 -214.0000000000
1035 -213.0000000000
1054 -212.0000000000
1056 -210.0000000000
1102 -209.0000000000
1106 -208.0000000000
1125 -206.0000000000
1145 -205.0000000000
1169 -204.0000000000
1178 -203.0000000000
1209 -202.0000000000
1219 -200.0000000000
1228 -199.0000000000
1245 -198.0000000000
1249 -197.0000000000
1270 -196.0000000000
1280 -195.0000000000
1295 -194.0000000000
1311 -193.0000000000
1341 -192.0000000000
1342 -191.0000000000
1365 -190.0000000000
1402 -189.0000000000
1408 -188.0000000000
1418 -187.0000000000
1426 -186.0000000000
1439 -185.0000000000
1456 -184.0000000000
1478 -182.0000000000
1553 -181.0000000000
1568 -180.0000000000
1576 -179.0000000000
1587 -178.0000000000
1622 -177.0000000000
1626 -175.0000000000
1653 -174.0000000000
1657 -173.0000000000
1670 -172.0000000000
1673 -171.0000000000
1693 -170.0000000000
1703 -169.0000000000
1725 -168.0000000000
1739 -167.0000000000
1740 -166.0000000000
1760 -165.0000000000
1820 -164.0000000000
1822 -163.0000000000
1828 -162.0000000000
1846 -161.0000000000
1854 -160.0000000000
1856 -159.0000000000
1879 -157.0000000000
1904 -156.0000000000
1918 -155.0000000000
1941 -154.0000000000
1976 -153.0000000000
2002 -152.0000000000
2009 -151.0000000000
2051 -150.0000000000
2063 -149.0000000000
2067 -148.0000000000
2084 -147.0000000000
2111 -146.0000000000
2124 -145.0000000000
2132 -144.0000000000
2147 -143.0000000000
2157 -142.0000000000
2162 -140.0000000000
2195 -139.0000000000
2212 -138.0000000000
2220 -137.0000000000
2235 -136.0000000000
2261 -135.0000000000
2273 -134.0000000000
2312 -133.0000000000
2329 -132.0000000000
2338 -131.0000000000
2373 -130.0000000000
2401 -129.0000000000
2423 -128.0000000000
2438 -127.0000000000
2461 -126.0000000000
2492 -125.0000000000
2531 -124.0000000000
2561 -122.0000000000
2585 -120.0000000000
2608 -119.0000000000
2633 -118.0000000000
2642 -117.0000000000
2668 -116.0000000000
2674 -115.0000000000
2678 -114.0000000000
2726 -113.0000000000
2754 -112.0000000000
2762 -111.0000000000
2785 -110.0000000000
2805 -109.0000000000
2833 -108.0000000000
2837 -106.0000000000
2847 -105.0000000000
2865 -104.0000000000
2892 -103.0000000000
2953 -102.0000000000
2976 -101.0000000000
2980 -100.0000000000
2991 -99.0000000000
3031 -98.0000000000
3060 -97.0000000000
3089 -96.0000000000
3111 -95.0000000000
3115 -94.0000000000
3168 -93.0000000000
3191 -92.0000000000
3200 -91.0000000000
3242 -90.0000000000
3254 -89.0000000000
3267 -88.0000000000
3276 -87.0000000000
3286 -86.0000000000
3333 -85.0000000000
3366 -84.0000000000
3398 -83.0000000000
3465 -81.0000000000
3501 -80.0000000000
3518 -79.0000000000
3558 -78.0000000000
3560 -77.0000000000
3578 -76.0000000000
3609 -75.0000000000
3631 -74.0000000000
3668 -73.0000000000
3678 -72.0000000000
3696 -71.0000000000
3710 -70.0000000000
3719 -69.0000000000
3773 -68.0000000000
3800 -67.0000000000
3818 -66.0000000000
3858 -64.0000000000
3930 -63.0000000000
3962 -62.0000000000
4035 -61.0000000000
4078 -60.0000000000
4111 -59.0000000000
4122 -58.0000000000
4144 -57.0000000000
4152 -56.0000000000
4170 -55.0000000000
4216 -54.0000000000
4222 -53.0000000000
4235 -52.0000000000
4265 -51.0000000000
4308 -50.0000000000
4312 -49.0000000000
4471 -48.0000000000
4499 -46.0000000000
4531 -45.0000000000
4561 -44.0000000000
4574 -43.0000000000
4880 -42.0000000000
4921 -41.0000000000
5010 -40.0000000000
5042 -39.0000000000
5065 -38.0000000000
5094 -37.0000000000
5185 -36.0000000000
5382 -35.0000000000
5480 -34.0000000000
5532 -33.0000000000
5568 -32.0000000000
5612 -31.0000000000
5644 -30.0000000000
5665 -29.0000000000
5676 -28.0000000000
5743 -26.0000000000
5801 -25.0000000000
5909 -24.0000000000
5932 -23.0000000000
5965 -22.0000000000
6007 -21.0000000000
6045 -20.0000000000
6087 -19.0000000000
6181 -18.0000000000
6354 -17.0000000000
6570 -16.0000000000
6769 -15.0000000000
6855 -14.0000000000
6986 -13.0000000000
7662 -12.0000000000
7761 -11.0000000000
7854 -10.0000000000
8118 -9.0000000000
8254 -8.0000000000
8493 -7.0000000000
8563 -6.0000000000
8643 -5.0000000000
8790 -4.0000000000
8906 -3.0000000000
8981 -2.0000000000
8999 -1.0000000000
9095 580.0000000000
10010 580.0000000000
evaluations raw_y
1 -368.0000000000
3 -364.0000000000
7 -345.0000000000
18 -343.0000000000
24 -339.0000000000
26 -333.0000000000
38 -329.0000000000
39 -328.0000000000
49 -319.0000000000
55 -312.0000000000
66 -308.0000000000
89 -303.0000000000
97 -302.0000000000
103 -300.0000000000
114 -297.0000000000
122 -296.0000000000
124 -295.0000000000
156 -293.0000000000
164 -292.0000000000
176 -291.0000000000
181 -290.0000000000
189 -289.0000000000
204 -288.0000000000
229 -287.0000000000
239 -286.0000000000
255 -285.0000000000
272 -284.0000000000
282 -283.0000000000
304 -282.0000000000
311 -281.0000000000
317 -280.0000000000
331 -279.0000000000
342 -278.0000000000
360 -277.0000000000
372 -276.0000000000
376 -275.0000000000
385 -274.0000000000
402 -273.0000000000
416 -272.0000000000
471 -270.0000000000
475 -269.0000000000
504 -268.0000000000
520 -267.0000000000
536 -265.0000000000
562 -264.0000000000
569 -263.0000000000
579 -262.0000000000
606 -261.0000000000
638 -260.0000000000
654 -259.0000000000
674 -258.0000000000
685 -257.0000000000
688 -255.0000000000
709 -254.0000000000
732 -253.0000000000
744 -252.0000000000
756 -251.0000000000
775 -249.0000000000
795 -248.0000000000
801 -247.0000000000
830 -246.0000000000
832 -245.0000000000
858 -244.0000000000
874 -243.0000000000
892 -242.0000000000
927 -241.0000000000
937 -239.0000000000
952 -238.0000000000
958 -237.0000000000
983 -236.0000000000
986 -235.0000000000
995 -234.0000000000
1014 -233.0000000000
1021 -232.0000000000
1025 -231.0000000000
1045 -229.0000000000
1059 -228.0000000000
1064 -227.0000000000
1083 -225.0000000000
1087 -224.0000000000
1109 -223.0000000000
1114 -222.0000000000
1128 -221.0000000000
1133 -220.0000000000
1147 -219.0000000000
1161 -218.0000000000
1163 -217.0000000000
1174 -216.0000000000
1182 -215.0000000000
1198 -214.0000000000
1211 -213.0000000000
1220 -212.0000000000
1232 -211.0000000000
1236 -210.0000000000
1264 -209.0000000000
1281 -208.0000000000
1303 -206.0000000000
1330 -204.0000000000
1347 -203.0000000000
1366 -202.0000000000
1372 -201.0000000000
1391 -200.0000000000
1395 -199.0000000000
1412 -198.0000000000
1413 -197.0000000000
1436 -196.0000000000
1451 -195.0000000000
1461 -194.0000000000
1474 -193.0000000000
1502 -191.0000000000
1529 -190.0000000000
1535 -189.0000000000
1553 -188.0000000000
1562 -187.0000000000
1571 -186.0000000000
1583 -185.0000000000
1620 -183.0000000000
1640 -182.0000000000
1659 -181.0000000000
1674 -180.0000000000
1700 -179.0000000000
1716 -178.0000000000
1720 -177.0000000000
1741 -176.0000000000
1763 -174.0000000000
1779 -173.0000000000
1793 -172.0000000000
1800 -171.0000000000
1825 -170.0000000000
1845 -169.0000000000
1899 -168.0000000000
1923 -167.0000000000
1940 -166.0000000000
1956 -165.0000000000
1960 -164.0000000000
2003 -163.0000000000
2007 -162.0000000000
2037 -161.0000000000
2043 -160.0000000000
2044 -159.0000000000
2090 -158.0000000000
2101 -157.0000000000
2106 -156.0000000000
2130 -155.0000000000
2160 -154.0000000000
2184 -153.0000000000
2194 -151.0000000000
2221 -150.0000000000
2248 -149.0000000000
2270 -148.0000000000
2284 -147.0000000000
2311 -146.0000000000
2338 -145.0000000000
2348 -144.0000000000
2369 -142.0000000000
2389 -141.0000000000
2391 -140.0000000000
2423 -139.0000000000
2444 -138.0000000000
2463 -136.0000000000
2495 -135.0000000000
2519 -134.0000000000
2562 -133.0000000000
2569 -132.0000000000
2592 -131.0000000000
2630 -130.0000000000
2633 -129.0000000000
2643 -128.0000000000
2663 -127.0000000000
2681 -126.0000000000
2700 -125.0000000000
2712 -124.0000000000
2714 -122.0000000000
2736 -120.0000000000
2759 -119.0000000000
2795 -118.0000000000
2821 -117.0000000000
2862 -116.0000000000
2882 -115.0000000000
2884 -114.0000000000
2898 -113.0000000000
2913 -111.0000000000
2928 -110.0000000000
2957 -109.0000000000
3018 -108.0000000000
3047 -107.0000000000
3061 -106.0000000000
3073 -105.0000000000
3094 -104.0000000000
3140 -103.0000000000
3150 -102.0000000000
3163 -101.0000000000
3175 -100.0000000000
3197 -99.0000000000
3207 -98.0000000000
3239 -97.0000000000
3243 -96.0000000000
3258 -94.0000000000
3279 -93.0000000000
3301 -92.0000000000
3308 -91.0000000000
3321 -90.0000000000
3331 -89.0000000000
3355 -88.0000000000
3384 -87.0000000000
3403 -86.0000000000
3424 -85.0000000000
3463 -84.0000000000
3487 -83.0000000000
3502 -82.0000000000
3525 -81.0000000000
3571 -80.0000000000
3584 -79.0000000000
3627 -78.0000000000
3683 -77.0000000000
3706 -76.0000000000
3708 -75.0000000000
3738 -74.0000000000
3773 -73.0000000000
3887 -72.0000000000
3904 -71.0000000000
3926 -70.0000000000
3937 -69.0000000000
3959 -68.0000000000
3986 -67.0000000000
4035 -66.0000000000
4056 -65.0000000000
4069 -64.0000000000
4084 -63.0000000000
4091 -62.0000000000
4115 -61.0000000000
4121 -60.0000000000
4144 -59.0000000000
4161 -58.0000000000
4170 -56.0000000000
4212 -55.0000000000
4245 -54.0000000000
4251 -53.0000000000
4281 -52.0000000000
4287 -51.0000000000
4340 -50.0000000000
4400 -49.0000000000
4448 -48.0000000000
4466 -47.0000000000
4495 -46.0000000000
4524 -45.0000000000
4626 -44.0000000000
4756 -43.0000000000
4792 -42.0000000000
4847 -41.0000000000
4886 -40.0000000000
4907 -39.0000000000
4985 -38.0000000000
5005 -37.0000000000
5108 -36.0000000000
5126 -35.0000000000
5185 -34.0000000000
5240 -33.0000000000
5318 -32.0000000000
5355 -31.0000000000
5493 -30.0000000000
5561 -29.0000000000
5591 -28.0000000000
5618 -27.0000000000
5637 -26.0000000000
5723 -25.0000000000
5756 -24.0000000000
5839 -23.0000000000
6030 -22.0000000000
6061 -21.0000000000
6115 -20.0000000000
6147 -19.0000000000
6259 -18.0000000000
6330 -17.0000000000
6674 -16.0000000000
6823 -14.0000000000
7072 -13.0000000000
7083 -12.0000000000
7263 -11.0000000000
7432 -10.0000000000
7642 -9.0000000000
7672 -8.0000000000
7847 -7.0000000000
7957 -6.0000000000
8001 -5.0000000000
8330 -4.0000000000
8480 -3.0000000000
8713 -2.0000000000
9107 -1.0000000000
9296 572.0000000000
9425 588.0000000000
9429 606.0000000000
10010 -1.0000000000
evaluations raw_y
1 -353.0000000000
13 -352.0000000000
23 -347.0000000000
31 -342.0000000000
56 -334.0000000000
62 -332.0000000000
68 -324.0000000000
79 -321.0000000000
89 -320.0000000000
91 -318.0000000000
96 -317.0000000000
102 -316.0000000000
115 -313.0000000000
125 -311.0000000000
135 -308.0000000000
154 -305.0000000000
157 -304.0000000000
183 -302.0000000000
186 -300.0000000000
192 -299.0000000000
201 -298.0000000000
213 -297.0000000000
218 -296.0000000000
239 -295.0000000000
243 -294.0000000000
250 -292.0000000000
252 -291.0000000000
269 -290.0000000000
277 -289.0000000000
303 -287.0000000000
326 -286.0000000000
340 -285.0000000000
350 -284.0000000000
364 -283.0000000000
374 -281.0000000000
413 -280.0000000000
417 -278.0000000000
432 -277.0000000000
454 -276.0000000000
456 -275.0000000000
471 -274.0000000000
473 -273.0000000000
496 -272.0000000000
513 -271.0000000000
519 -270.0000000000
527 -269.0000000000
558 -268.0000000000
581 -267.0000000000
583 -266.0000000000
604 -265.0000000000
608 -264.0000000000
629 -261.0000000000
658 -260.0000000000
672 -259.0000000000
682 -257.0000000000
694 -255.0000000000
731 -254.0000000000
735 -252.0000000000
752 -251.0000000000
761 -250.0000000000
778 -249.0000000000
782 -247.0000000000
809 -245.0000000000
826 -244.0000000000
844 -242.0000000000
855 -241.0000000000
883 -240.0000000000
901 -239.0000000000
927 -237.0000000000
931 -236.0000000000
955 -235.0000000000
969 -234.0000000000
992 -233.0000000000
994 -232.0000000000
1012 -230.0000000000
1038 -228.0000000000
1056 -227.0000000000
1089 -226.0000000000
1096 -225.0000000000
1103 -224.0000000000
1121 -223.0000000000
1127 -221.0000000000
1158 -220.0000000000
1181 -219.0000000000
1202 -218.0000000000
1213 -217.0000000000
1217 -216.0000000000
1229 -215.0000000000
1235 -214.0000000000
1251 -213.0000000000
1272 -210.0000000000
1287 -209.0000000000
1297 -208.0000000000
1323 -207.0000000000
1341 -206.0000000000
1352 -205.0000000000
1367 -204.0000000000
1375 -203.0000000000
1385 -202.0000000000
1389 -201.0000000000
1394 -200.0000000000
1432 -199.0000000000
1435 -198.0000000000
1443 -197.0000000000
1453 -196.0000000000
1470 -194.0000000000
1483 -193.0000000000
1487 -192.0000000000
1501 -190.0000000000
1507 -189.0000000000
1521 -188.0000000000
1541 -187.0000000000
1554 -186.0000000000
1569 -185.0000000000
1576 -184.0000000000
1592 -183.0000000000
1594 -182.0000000000
1638 -181.0000000000
1650 -180.0000000000
1681 -179.0000000000
1697 -177.0000000000
1712 -175.0000000000
1749 -174.0000000000
1754 -172.0000000000
1788 -170.0000000000
1813 -169.0000000000
1837 -168.0000000000
1849 -167.0000000000
1877 -166.0000000000
1881 -165.0000000000
1891 -164.0000000000
1904 -163.0000000000
1916 -162.0000000000
1948 -160.0000000000
1973 -159.0000000000
1998 -158.0000000000
1999 -157.0000000000
2035 -156.0000000000
2039 -154.0000000000
2071 -153.0000000000
2086 -152.0000000000
2122 -151.0000000000
2142 -150.0000000000
2169 -149.0000000000
2181 -148.0000000000
2194 -146.0000000000
2195 -145.0000000000
2222 -144.0000000000
2243 -143.0000000000
2251 -142.0000000000
2274 -141.0000000000
2311 -140.0000000000
2333 -139.0000000000
2361 -137.0000000000
2387 -136.0000000000
2402 -135.0000000000
2427 -133.0000000000
2439 -132.0000000000
2453 -131.0000000000
2466 -130.0000000000
2501 -129.0000000000
2531 -128.0000000000
2550 -127.0000000000
2573 -126.0000000000
2586 -125.0000000000
2606 -124.0000000000
2630 -122.0000000000
2649 -121.0000000000
2670 -120.0000000000
2715 -119.0000000000
2739 -118.0000000000
2755 -117.0000000000
2790 -116.0000000000
2805 -115.0000000000
2840 -114.0000000000
2863 -113.0000000000
2874 -111.0000000000
2896 -110.0000000000
2905 -109.0000000000
2930 -107.0000000000
2955 -106.0000000000
2961 -105.0000000000
2988 -104.0000000000
3029 -103.0000000000
3038 -102.0000000000
3060 -101.0000000000
3087 -100.0000000000
3094 -99.0000000000
3097 -98.0000000000
3124 -97.0000000000
3138 -96.0000000000
3155 -95.0000000000
3165 -94.0000000000
3181 -93.0000000000
3211 -92.0000000000
3244 -90.0000000000
3292 -89.0000000000
3328 -88.0000000000
3350 -87.0000000000
3369 -86.0000000000
3388 -83.0000000000
3450 -82.0000000000
3471 -81.0000000000
3486 -79.0000000000
3520 -78.0000000000
3522 -77.0000000000
3546 -76.0000000000
3562 -75.0000000000
3586 -74.0000000000
3625 -73.0000000000
3659 -72.0000000000
3670 -71.0000000000
3697 -70.0000000000
3745 -69.0000000000
3788 -68.0000000000
3811 -67.0000000000
3927 -66.0000000000
3965 -65.0000000000
3987 -64.0000000000
3995 -63.0000000000
4025 -62.0000000000
4033 -61.0000000000
4048 -60.0000000000
4087 -59.0000000000
4168 -58.0000000000
4190 -57.0000000000
4216 -56.0000000000
4255 -55.0000000000
4264 -54.0000000000
4287 -53.0000000000
4328 -52.0000000000
4380 -51.0000000000
4407 -50.0000000000
4431 -49.0000000000
4492 -48.0000000000
4541 -47.0000000000
4600 -46.0000000000
4628 -45.0000000000
4647 -44.0000000000
4662 -43.0000000000
4669 -41.0000000000
4763 -40.0000000000
4809 -39.0000000000
4847 -38.0000000000
4863 -37.0000000000
4904 -36.0000000000
4951 -35.0000000000
5020 -34.0000000000
5081 -33.0000000000
5123 -32.0000000000
5189 -31.0000000000
5199 -30.0000000000
5225 -29.0000000000
5255 -28.0000000000
5297 -27.0000000000
5347 -26.0000000000
5450 -25.0000000000
5541 -24.0000000000
5611 -23.0000000000
5750 -22.0000000000
5847 -21.0000000000
6153 -20.0000000000
6180 -19.0000000000
6215 -18.0000000000
6296 -17.0000000000
6398 -16.0000000000
6422 -15.0000000000
6715 -14.0000000000
6844 -13.0000000000
6921 -12.0000000000
7038 -11.0000000000
7086 -10.0000000000
7182 -9.0000000000
7243 -8.0000000000
7502 -7.0000000000
7732 -6.0000000000
7866 -5.0000000000
7925 -4.0000000000
8153 -3.0000000000
8307 -2.0000000000
8516 -1.0000000000
8570 540.0000000000
9475 551.0000000000
10010 551.0000000000
evaluations raw_y
1 -387.0000000000
2 -382.0000000000
3 -379.0000000000
4 -368.0000000000
5 -360.0000000000
10 -353.0000000000
13 -344.0000000000
27 -342.0000000000
28 -340.0000000000
30 -339.0000000000
35 -332.0000000000
37 -327.0000000000
49 -326.0000000000
60 -322.0000000000
74 -321.0000000000
94 -318.0000000000
102 -317.0000000000
114 -316.0000000000
120 -313.0000000000
127 -311.0000000000
147 -310.0000000000
159 -308.0000000000
167 -306.0000000000
182 -304.0000000000
187 -303.0000000000
197 -302.0000000000
206 -300.0000000000
219 -299.0000000000
232 -298.0000000000
244 -297.0000000000
253 -294.0000000000
271 -293.0000000000
278 -292.0000000000
293 -291.0000000000
296 -290.0000000000
301 -289.0000000000
352 -287.0000000000
355 -286.0000000000
369 -285.0000000000
392 -284.0000000000
394 -283.0000000000
416 -282.0000000000
433 -281.0000000000
448 -280.0000000000
462 -279.0000000000
472 -277.0000000000
488 -276.0000000000
507 -275.0000000000
515 -274.0000000000
546 -273.0000000000
560 -272.0000000000
566 -271.0000000000
582 -270.0000000000
588 -269.0000000000
596 -268.0000000000
602 -266.0000000000
627 -265.0000000000
645 -264.0000000000
651 -263.0000000000
659 -261.0000000000
684 -260.0000000000
712 -259.0000000000
717 -258.0000000000
726 -257.0000000000
746 -256.0000000000
754 -255.0000000000
776 -254.0000000000
778 -253.0000000000
795 -251.0000000000
827 -250.0000000000
846 -248.0000000000
852 -247.0000000000
853 -246.0000000000
888 -245.0000000000
893 -244.0000000000
906 -243.0000000000
910 -242.0000000000
934 -240.0000000000
952 -239.0000000000
979 -238.0000000000
991 -237.0000000000
997 -236.0000000000
1023 -235.0000000000
1038 -234.0000000000
1039 -232.0000000000
1077 -231.0000000000
1084 -229.0000000000
1104 -228.0000000000
1122 -227.0000000000
1127 -226.0000000000
1148 -225.0000000000
1161 -224.0000000000
1165 -223.0000000000
1189 -222.0000000000
1196 -221.0000000000
1210 -220.0000000000
1212 -219.0000000000
1221 -218.0000000000
1245 -217.0000000000
1266 -216.0000000000
1298 -215.0000000000
1310 -214.0000000000
1328 -213.0000000000
1344 -212.0000000000
1345 -211.0000000000
1362 -210.0000000000
1379 -209.0000000000
1405 -208.0000000000
1425 -207.0000000000
1433 -206.0000000000
1442 -203.0000000000
1473 -202.0000000000
1485 -201.0000000000
1510 -200.0000000000
1524 -199.0000000000
1530 -198.0000000000
1538 -196.0000000000
1542 -195.0000000000
1589 -194.0000000000
1613 -193.0000000000
1652 -192.0000000000
1653 -191.0000000000
1673 -190.0000000000
1680 -189.0000000000
1707 -188.0000000000
1726 -186.0000000000
1757 -185.0000000000
1768 -184.0000000000
1771 -183.0000000000
1793 -182.0000000000
1822 -181.0000000000
1829 -180.0000000000
1832 -179.0000000000
1860 -178.0000000000
1882 -177.0000000000
1905 -176.0000000000
1932 -175.0000000000
1950 -174.0000000000
1959 -173.0000000000
1978 -172.0000000000
1982 -171.0000000000
2002 -170.0000000000
2021 -169.0000000000
2038 -168.0000000000
2049 -167.0000000000
2061 -166.0000000000
2068 -165.0000000000
2090 -163.0000000000
2117 -162.0000000000
2159 -161.0000000000
2185 -159.0000000000
2204 -158.0000000000
2217 -157.0000000000
2222 -156.0000000000
2240 -155.0000000000
2259 -154.0000000000
2273 -153.0000000000
2295 -152.0000000000
2319 -151.0000000000
2332 -150.0000000000
2344 -148.0000000000
2408 -147.0000000000
2423 -145.0000000000
2460 -144.0000000000
2483 -143.0000000000
2493 -142.0000000000
2505 -141.0000000000
2512 -140.0000000000
2516 -139.0000000000
2544 -138.0000000000
2555 -137.0000000000
2589 -133.0000000000
2631 -132.0000000000
2644 -131.0000000000
2687 -130.0000000000
2705 -129.0000000000
2748 -128.0000000000
2749 -127.0000000000
2759 -126.0000000000
2802 -125.0000000000
2803 -124.0000000000
2805 -123.0000000000
2817 -122.0000000000
2820 -121.0000000000
2847 -120.0000000000
2859 -119.0000000000
2894 -118.0000000000
2921 -117.0000000000
2922 -115.0000000000
2941 -114.0000000000
2973 -113.0000000000
2998 -112.0000000000
3037 -111.0000000000
3062 -109.0000000000
3102 -108.0000000000
3109 -107.0000000000
3113 -106.0000000000
3133 -105.0000000000
3169 -104.0000000000
3183 -103.0000000000
3208 -102.0000000000
3221 -101.0000000000
3233 -100.0000000000
3250 -98.0000000000
3310 -97.0000000000
3322 -96.0000000000
3355 -95.0000000000
3389 -94.0000000000
3410 -93.0000000000
3420 -92.0000000000
3455 -91.0000000000
3466 -90.0000000000
3497 -89.0000000000
3508 -88.0000000000
3533 -87.0000000000
3558 -86.0000000000
3629 -85.0000000000
3723 -83.0000000000
3774 -82.0000000000
3802 -81.0000000000
3828 -80.0000000000
3851 -79.0000000000
3876 -78.0000000000
3902 -77.0000000000
3910 -76.0000000000
3933 -75.0000000000
3939 -74.0000000000
3972 -72.0000000000
3997 -71.0000000000
4049 -70.0000000000
4075 -69.0000000000
4091 -68.0000000000
4122 -67.0000000000
4163 -65.0000000000
4214 -64.0000000000
4282 -63.0000000000
4283 -62.0000000000
4345 -61.0000000000
4372 -60.0000000000
4425 -59.0000000000
4461 -58.0000000000
4485 -57.0000000000
4542 -56.0000000000
4644 -55.0000000000
4662 -53.0000000000
4725 -52.0000000000
4771 -51.0000000000
4813 -50.0000000000
4910 -49.0000000000
4935 -48.0000000000
4964 -47.0000000000
4969 -46.0000000000
5037 -45.0000000000
5044 -44.0000000000
5084 -43.0000000000
5142 -42.0000000000
5200 -41.0000000000
5228 -40.0000000000
5268 -39.0000000000
5351 -38.0000000000
5364 -37.0000000000
5470 -36.0000000000
5572 -35.0000000000
5609 -34.0000000000
5632 -33.0000000000
5731 -32.0000000000
5775 -31.0000000000
5814 -30.0000000000
5919 -29.0000000000
5968 -28.0000000000
5991 -27.0000000000
6011 -26.0000000000
6070 -25.0000000000
6119 -24.0000000000
6228 -23.0000000000
6242 -22.0000000000
6267 -21.0000000000
6309 -20.0000000000
6341 -19.0000000000
6371 -18.0000000000
6408 -17.0000000000
6521 -16.0000000000
6774 -15.0000000000
6806 -14.0000000000
6860 -13.0000000000
6943 -12.0000000000
6995 -11.0000000000
7062 -10.0000000000
7120 -9.0000000000
7161 -8.0000000000
7240 -7.0000000000
7349 -6.0000000000
7369 -5.0000000000
7499 -4.0000000000
7666 -3.0000000000
7757 -2.0000000000
8076 -1.0000000000
8173 623.0000000000
8310 624.0000000000
8417 625.0000000000
8447 632.0000000000
10010 -1.0000000000
evaluations raw_y
1 -373.0000000000
2 -369.0000000000
5 -362.0000000000
7 -358.0000000000
16 -345.0000000000
25 -344.0000000000
28 -342.0000000000
29 -339.0000000000
30 -329.0000000000
52 -323.0000000000
69 -322.0000000000
71 -319.0000000000
78 -317.0000000000
79 -313.0000000000
92 -307.0000000000
111 -306.0000000000
117 -303.0000000000
127 -302.0000000000
129 -301.0000000000
133 -299.0000000000
160 -298.0000000000
172 -297.0000000000
180 -295.0000000000
192 -294.0000000000
215 -293.0000000000
216 -292.0000000000
235 -291.0000000000
251 -289.0000000000
263 -288.0000000000
269 -287.0000000000
273 -286.0000000000
286 -285.0000000000
302 -284.0000000000
312 -282.0000000000
330 -281.0000000000
338 -280.0000000000
376 -279.0000000000
389 -278.0000000000
392 -277.0000000000
407 -275.0000000000
414 -274.0000000000
423 -272.0000000000
440 -271.0000000000
447 -270.0000000000
460 -269.0000000000
470 -268.0000000000
493 -267.0000000000
495 -266.0000000000
509 -265.0000000000
515 -264.0000000000
533 -263.0000000000
544 -262.0000000000
560 -261.0000000000
567 -260.0000000000
569 -259.0000000000
587 -258.0000000000
595 -257.0000000000
603 -256.0000000000
618 -255.0000000000
619 -254.0000000000
625 -253.0000000000
648 -251.0000000000
662 -249.0000000000
674 -248.0000000000
677 -245.0000000000
706 -243.0000000000
734 -241.0000000000
738 -240.0000000000
766 -239.0000000000
782 -238.0000000000
797 -237.0000000000
825 -236.0000000000
834 -235.0000000000
842 -234.0000000000
864 -232.0000000000
884 -231.0000000000
892 -229.0000000000
902 -228.0000000000
929 -227.0000000000
933 -226.0000000000
949 -225.0000000000
955 -224.0000000000
961 -223.0000000000
972 -222.0000000000
973 -221.0000000000
1014 -220.0000000000
1015 -219.0000000000
1024 -218.0000000000
1053 -216.0000000000
1066 -215.0000000000
1071 -214.0000000000
1107 -213.0000000000
1123 -212.0000000000
1143 -211.0000000000
1152 -210.0000000000
1155 -209.0000000000
1157 -208.0000000000
1170 -207.0000000000
1195 -206.0000000000
1199 -205.0000000000
1217 -204.0000000000
1235 -203.0000000000
1238 -202.0000000000
1254 -201.0000000000
1274 -200.0000000000
1296 -199.0000000000
1299 -198.0000000000
1314 -197.0000000000
1320 -196.0000000000
1325 -195.0000000000
1343 -194.0000000000
1350 -192.0000000000
1353 -191.0000000000
1366 -190.0000000000
1369 -189.0000000000
1391 -188.0000000000
1409 -187.0000000000
1422 -186.0000000000
1425 -185.0000000000
1447 -183.0000000000
1476 -182.0000000000
1478 -181.0000000000
1488 -180.0000000000
1521 -178.0000000000
1535 -177.0000000000
1565 -176.0000000000
1578 -173.0000000000
1601 -171.0000000000
1613 -169.0000000000
1628 -166.0000000000
1660 -165.0000000000
1664 -164.0000000000
1690 -163.0000000000
1715 -162.0000000000
1725 -161.0000000000
1726 -160.0000000000
1759 -159.0000000000
1776 -158.0000000000
1793 -157.0000000000
1801 -156.0000000000
1828 -154.0000000000
1848 -153.0000000000
1869 -152.0000000000
1878 -151.0000000000
1901 -150.0000000000
1943 -149.0000000000
1955 -148.0000000000
1959 -147.0000000000
1973 -146.0000000000
2003 -145.0000000000
2014 -144.0000000000
2028 -143.0000000000
2064 -142.0000000000
2077 -140.0000000000
2107 -139.0000000000
2148 -138.0000000000
2151 -137.0000000000
2175 -135.0000000000
2199 -134.0000000000
2206 -133.0000000000
2249 -132.0000000000
2251 -131.0000000000
2278 -130.0000000000
2296 -129.0000000000
2302 -128.0000000000
2333 -127.0000000000
2346 -126.0000000000
2369 -125.0000000000
2375 -123.0000000000
2407 -122.0000000000
2415 -121.0000000000
2438 -120.0000000000
2451 -119.0000000000
2455 -118.0000000000
2486 -117.0000000000
2527 -116.0000000000
2536 -115.0000000000
2559 -114.0000000000
2570 -113.0000000000
2572 -112.0000000000
2581 -110.0000000000
2621 -109.0000000000
2649 -108.0000000000
2666 -107.0000000000
2702 -106.0000000000
2729 -105.0000000000
2730 -104.0000000000
2748 -103.0000000000
2775 -102.0000000000
2811 -101.0000000000
2874 -100.0000000000
2907 -99.0000000000
2938 -98.0000000000
2943 -97.0000000000
2965 -96.0000000000
3007 -95.0000000000
3022 -94.0000000000
3053 -93.0000000000
3080 -92.0000000000
3105 -91.0000000000
3154 -90.0000000000
3202 -89.0000000000
3230 -88.0000000000
3263 -87.0000000000
3292 -86.0000000000
3316 -85.0000000000
3345 -84.0000000000
3366 -83.0000000000
3452 -82.0000000000
3494 -80.0000000000
3525 -79.0000000000
3533 -78.0000000000
3571 -77.0000000000
3573 -76.0000000000
3596 -75.0000000000
3625 -74.0000000000
3664 -73.0000000000
3666 -72.0000000000
3696 -70.0000000000
3706 -69.0000000000
3726 -68.0000000000
3727 -67.0000000000
3747 -66.0000000000
3780 -65.0000000000
3818 -64.0000000000
3826 -63.0000000000
3860 -62.0000000000
3880 -61.0000000000
3929 -60.0000000000
3983 -59.0000000000
4024 -58.0000000000
4097 -57.0000000000
4115 -56.0000000000
4175 -55.0000000000
4204 -54.0000000000
4272 -53.0000000000
4312 -52.0000000000
4377 -51.0000000000
4438 -50.0000000000
4467 -49.0000000000
4510 -48.0000000000
4549 -47.0000000000
4581 -46.0000000000
4617 -45.0000000000
4644 -44.0000000000
4669 -43.0000000000
4713 -42.0000000000
4791 -41.0000000000
4811 -40.0000000000
4815 -39.0000000000
4853 -38.0000000000
4949 -37.0000000000
5003 -36.0000000000
5033 -35.0000000000
5056 -34.0000000000
5098 -33.0000000000
5110 -32.0000000000
5145 -31.0000000000
5174 -30.0000000000
5203 -29.0000000000
5264 -28.0000000000
5275 -27.0000000000
5317 -26.0000000000
5334 -25.0000000000
5367 -24.0000000000
5402 -23.0000000000
5415 -22.0000000000
5428 -21.0000000000
5440 -20.0000000000
5508 -19.0000000000
5561 -18.0000000000
5697 -17.0000000000
5748 -16.0000000000
5959 -15.0000000000
6017 -14.0000000000
6032 -13.0000000000
6198 -12.0000000000
6309 -11.0000000000
6416 -10.0000000000
6917 -9.0000000000
6955 -8.0000000000
6971 -7.0000000000
7015 -6.0000000000
7219 -5.0000000000
7358 -4.0000000000
7457 -3.0000000000
7545 -2.0000000000
7842 -1.0000000000
8385 556.0000000000
9809 561.0000000000
9900 572.0000000000
9904 578.0000000000
9967 583.0000000000
9985 590.0000000000
9991 593.0000000000
10010 -1.0000000000
evaluations raw_y
1 -367.0000000000
3 -366.0000000000
5 -345.0000000000
18 -342.0000000000
34 -338.0000000000
38 -328.0000000000
63 -326.0000000000
67 -325.0000000000
71 -324.0000000000
80 -323.0000000000
84 -321.0000000000
94 -319.0000000000
97 -318.0000000000
108 -317.0000000000
112 -316.0000000000
115 -315.0000000000
118 -314.0000000000
128 -313.0000000000
136 -311.0000000000
146 -310.0000000000
153 -309.0000000000
164 -308.0000000000
168 -307.0000000000
175 -306.0000000000
206 -305.0000000000
211 -304.0000000000
226 -303.0000000000
232 -301.0000000000
240 -299.0000000000
255 -298.0000000000
286 -297.0000000000
287 -296.0000000000
293 -295.0000000000
301 -294.0000000000
313 -293.0000000000
345 -292.0000000000
352 -291.0000000000
354 -290.0000000000
359 -289.0000000000
377 -287.0000000000
383 -286.0000000000
403 -285.0000000000
406 -283.0000000000
408 -281.0000000000
444 -280.0000000000
447 -279.0000000000
453 -278.0000000000
466 -277.0000000000
471 -276.0000000000
475 -274.0000000000
498 -273.0000000000
501 -272.0000000000
502 -271.0000000000
510 -269.0000000000
528 -268.0000000000
561 -267.0000000000
569 -266.0000000000
574 -265.0000000000
582 -264.0000000000
591 -263.0000000000
605 -262.0000000000
630 -261.0000000000
631 -260.0000000000
655 -259.0000000000
682 -258.0000000000
685 -256.0000000000
712 -255.0000000000
718 -254.0000000000
735 -252.0000000000
746 -250.0000000000
766 -249.0000000000
797 -248.0000000000
810 -247.0000000000
826 -246.0000000000
829 -245.0000000000
858 -244.0000000000
861 -242.0000000000
872 -240.0000000000
898 -239.0000000000
906 -238.0000000000
912 -237.0000000000
938 -236.0000000000
946 -235.0000000000
967 -234.0000000000
989 -233.0000000000
1011 -232.0000000000
1017 -231.0000000000
1040 -230.0000000000
1048 -229.0000000000
1074 -228.0000000000
1095 -227.0000000000
1101 -226.0000000000
1113 -225.0000000000
1133 -224.0000000000
1141 -223.0000000000
1163 -221.0000000000
1173 -220.0000000000
1202 -219.0000000000
1234 -218.0000000000
1239 -217.0000000000
1270 -216.0000000000
1278 -215.0000000000
1303 -214.0000000000
1313 -213.0000000000
1327 -212.0000000000
1347 -211.0000000000
1355 -210.0000000000
1401 -209.0000000000
1409 -208.0000000000
1411 -207.0000000000
1435 -206.0000000000
1451 -205.0000000000
1469 -204.0000000000
1476 -203.0000000000
1510 -202.0000000000
1523 -201.0000000000
1537 -200.0000000000
1570 -198.0000000000
1586 -197.0000000000
1615 -196.0000000000
1616 -195.0000000000
1617 -194.0000000000
1634 -193.0000000000
1664 -190.0000000000
1686 -189.0000000000
1697 -188.0000000000
1718 -187.0000000000
1734 -186.0000000000
1744 -185.0000000000
1760 -183.0000000000
1782 -182.0000000000
1807 -181.0000000000
1815 -180.0000000000
1839 -178.0000000000
1847 -177.0000000000
1848 -176.0000000000
1861 -175.0000000000
1871 -174.0000000000
1887 -173.0000000000
1916 -172.0000000000
1940 -171.0000000000
1962 -170.0000000000
1973 -169.0000000000
2013 -168.0000000000
2029 -167.0000000000
2046 -166.0000000000
2050 -164.0000000000
2086 -163.0000000000
2106 -162.0000000000
2110 -161.0000000000
2123 -160.0000000000
2152 -159.0000000000
2158 -158.0000000000
2169 -157.0000000000
2184 -155.0000000000
2216 -154.0000000000
2226 -153.0000000000
2276 -151.0000000000
2331 -150.0000000000
2337 -149.0000000000
2376 -148.0000000000
2399 -147.0000000000
2412 -146.0000000000
2424 -145.0000000000
2456 -143.0000000000
2498 -142.0000000000
2513 -141.0000000000
2532 -140.0000000000
2561 -139.0000000000
2574 -138.0000000000
2592 -137.0000000000
2606 -136.0000000000
2610 -135.0000000000
2639 -134.0000000000
2655 -133.0000000000
2679 -132.0000000000
2687 -131.0000000000
2722 -130.0000000000
2723 -128.0000000000
2765 -127.0000000000
2783 -125.0000000000
2793 -123.0000000000
2821 -122.0000000000
2835 -121.0000000000
2855 -119.0000000000
2878 -118.0000000000
2894 -116.0000000000
2932 -114.0000000000
2983 -113.0000000000
2998 -112.0000000000
3011 -111.0000000000
3025 -110.0000000000
3047 -109.0000000000
3056 -108.0000000000
3073 -107.0000000000
3102 -105.0000000000
3153 -104.0000000000
3188 -103.0000000000
3190 -102.0000000000
3219 -101.0000000000
3236 -100.0000000000
3248 -99.0000000000
3273 -98.0000000000
3285 -97.0000000000
3294 -96.0000000000
3369 -95.0000000000
3394 -94.0000000000
3407 -93.0000000000
3415 -92.0000000000
3418 -91.0000000000
3441 -90.0000000000
3455 -89.0000000000
3457 -88.0000000000
3458 -87.0000000000
3472 -86.0000000000
3504 -85.0000000000
3540 -84.0000000000
3550 -83.0000000000
3561 -82.0000000000
3562 -81.0000000000
3587 -80.0000000000
3613 -79.0000000000
3664 -78.0000000000
3700 -77.0000000000
3748 -76.0000000000
3777 -75.0000000000
3814 -74.0000000000
3832 -73.0000000000
3836 -72.0000000000
3847 -71.0000000000
3857 -70.0000000000
3890 -69.0000000000
3907 -68.0000000000
3921 -67.0000000000
3936 -66.0000000000
3974 -65.0000000000
3987 -64.0000000000
4003 -63.0000000000
4033 -62.0000000000
4062 -61.0000000000
4074 -60.0000000000
4109 -59.0000000000
4140 -58.0000000000
4170 -57.0000000000
4178 -56.0000000000
4184 -55.0000000000
4260 -54.0000000000
4281 -53.0000000000
4304 -52.0000000000
4315 -51.0000000000
4321 -50.0000000000
4362 -49.0000000000
4416 -48.0000000000
4435 -47.0000000000
4477 -46.0000000000
4559 -45.0000000000
4626 -44.0000000000
4662 -43.0000000000
4699 -42.0000000000
4735 -41.0000000000
4764 -40.0000000000
4804 -39.0000000000
4817 -38.0000000000
4915 -37.0000000000
4959 -36.0000000000
4979 -35.0000000000
5043 -34.0000000000
5062 -33.0000000000
5105 -32.0000000000
5106 -31.0000000000
5161 -30.0000000000
5221 -29.0000000000
5356 -28.0000000000
5387 -27.0000000000
5515 -26.0000000000
5641 -25.0000000000
5673 -24.0000000000
5723 -23.0000000000
6002 -22.0000000000
6073 -21.0000000000
6174 -20.0000000000
6268 -19.0000000000
6345 -18.0000000000
6412 -17.0000000000
6449 -16.0000000000
6500 -15.0000000000
6956 -14.0000000000
7015 -13.0000000000
7086 -12.0000000000
7272 -11.0000000000
7368 -9.0000000000
7485 -8.0000000000
7512 -7.0000000000
7561 -6.0000000000
7601 -5.0000000000
7752 -4.0000000000
7784 -3.0000000000
7971 -2.0000000000
8115 -1.0000000000
8654 599.0000000000
8767 601.0000000000
8774 604.0000000000
9008 613.0000000000
9016 629.0000000000
9935 649.0000000000
10010 649.0000000000
evaluations raw_y
1 -359.0000000000
6 -356.0000000000
12 -349.0000000000
18 -346.0000000000
19 -343.0000000000
32 -337.0000000000
34 -333.0000000000
45 -327.0000000000
58 -325.0000000000
65 -321.0000000000
69 -318.0000000000
70 -316.0000000000
85 -315.0000000000
89 -313.0000000000
103 -312.0000000000
111 -311.0000000000
135 -310.0000000000
142 -308.0000000000
167 -307.0000000000
181 -306.0000000000
189 -305.0000000000
195 -304.0000000000
214 -302.0000000000
230 -301.0000000000
238 -300.0000000000
262 -299.0000000000
266 -298.0000000000
283 -297.0000000000
294 -296.0000000000
311 -295.0000000000
313 -294.0000000000
318 -293.0000000000
329 -291.0000000000
345 -290.0000000000
366 -289.0000000000
374 -288.0000000000
385 -287.0000000000
387 -286.0000000000
409 -284.0000000000
424 -283.0000000000
448 -282.0000000000
449 -281.0000000000
464 -278.0000000000
484 -277.0000000000
495 -275.0000000000
527 -274.0000000000
533 -273.0000000000
542 -272.0000000000
552 -271.0000000000
554 -270.0000000000
562 -269.0000000000
586 -268.0000000000
592 -267.0000000000
597 -266.0000000000
610 -264.0000000000
619 -262.0000000000
638 -260.0000000000
641 -259.0000000000
656 -258.0000000000
659 -256.0000000000
680 -253.0000000000
696 -252.0000000000
709 -251.0000000000
739 -249.0000000000
752 -247.0000000000
769 -246.0000000000
779 -245.0000000000
791 -244.0000000000
817 -243.0000000000
833 -242.0000000000
836 -241.0000000000
843 -240.0000000000
853 -239.0000000000
873 -237.0000000000
883 -235.0000000000
913 -234.0000000000
930 -233.0000000000
935 -232.0000000000
946 -231.0000000000
956 -230.0000000000
970 -228.0000000000
1010 -226.0000000000
1031 -224.0000000000
1053 -223.0000000000
1075 -222.0000000000
1102 -221.0000000000
1116 -220.0000000000
1126 -219.0000000000
1129 -218.0000000000
1151 -217.0000000000
1171 -215.0000000000
1184 -213.0000000000
1204 -212.0000000000
1241 -211.0000000000
1274 -210.0000000000
1296 -209.0000000000
1319 -208.0000000000
1340 -207.0000000000
1354 -206.0000000000
1373 -205.0000000000
1397 -204.0000000000
1403 -202.0000000000
1421 -201.0000000000
1444 -200.0000000000
1455 -198.0000000000
1509 -197.0000000000
1523 -196.0000000000
1535 -195.0000000000
1584 -194.0000000000
1599 -193.0000000000
1628 -192.0000000000
1652 -191.0000000000
1666 -190.0000000000
1680 -189.0000000000
1708 -187.0000000000
1714 -185.0000000000
1741 -184.0000000000
1772 -182.0000000000
1798 -180.0000000000
1801 -179.0000000000
1806 -178.0000000000
1843 -177.0000000000
1847 -176.0000000000
1875 -175.0000000000
1892 -174.0000000000
1926 -173.0000000000
1949 -172.0000000000
1958 -171.0000000000
1962 -170.0000000000
1979 -169.0000000000
1988 -168.0000000000
2001 -167.0000000000
2015 -166.0000000000
2043 -165.0000000000
2056 -164.0000000000
2063 -162.0000000000
2131 -161.0000000000
2152 -160.0000000000
2156 -159.0000000000
2169 -158.0000000000
2193 -156.0000000000
2205 -155.0000000000
2219 -154.0000000000
2228 -153.0000000000
2248 -152.0000000000
2262 -151.0000000000
2302 -150.0000000000
2319 -149.0000000000
2342 -148.0000000000
2354 -147.0000000000
2390 -146.0000000000
2395 -145.0000000000
2404 -144.0000000000
2425 -142.0000000000
2488 -141.0000000000
2501 -140.0000000000
2524 -139.0000000000
2558 -137.0000000000
2577 -136.0000000000
2604 -135.0000000000
2616 -134.0000000000
2658 -133.0000000000
2674 -132.0000000000
2696 -131.0000000000
2722 -130.0000000000
2734 -129.0000000000
2751 -128.0000000000
2774 -127.0000000000
2802 -126.0000000000
2808 -125.0000000000
2816 -124.0000000000
2822 -123.0000000000
2864 -122.0000000000
2867 -120.0000000000
2891 -119.0000000000
2917 -118.0000000000
2921 -117.0000000000
2961 -116.0000000000
2980 -114.0000000000
3015 -113.0000000000
3043 -112.0000000000
3073 -111.0000000000
3091 -110.0000000000
3094 -109.0000000000
3110 -108.0000000000
3128 -107.0000000000
3139 -106.0000000000
3163 -105.0000000000
3206 -104.0000000000
3212 -103.0000000000
3239 -102.0000000000
3253 -101.0000000000
3257 -100.0000000000
3305 -99.0000000000
3349 -98.0000000000
3351 -97.0000000000
3366 -96.0000000000
3383 -95.0000000000
3411 -93.0000000000
3432 -92.0000000000
3451 -91.0000000000
3501 -90.0000000000
3529 -89.0000000000
3555 -88.0000000000
3598 -87.0000000000
3604 -86.0000000000
3623 -85.0000000000
3633 -84.0000000000
3675 -83.0000000000
3684 -82.0000000000
3695 -81.0000000000
3718 -80.0000000000
3728 -79.0000000000
3803 -78.0000000000
3837 -77.0000000000
3873 -76.0000000000
3946 -74.0000000000
4004 -73.0000000000
4025 -72.0000000000
4066 -71.0000000000
4197 -70.0000000000
4219 -69.0000000000
4228 -68.0000000000
4249 -67.0000000000
4260 -65.0000000000
4305 -64.0000000000
4331 -63.0000000000
4348 -62.0000000000
4361 -61.0000000000
4396 -60.0000000000
4412 -59.0000000000
4417 -58.0000000000
4485 -57.0000000000
4489 -56.0000000000
4617 -55.0000000000
4627 -54.0000000000
4652 -53.0000000000
4695 -52.0000000000
4726 -51.0000000000
4764 -50.0000000000
4802 -49.0000000000
4876 -48.0000000000
4956 -47.0000000000
5024 -46.0000000000
5074 -45.0000000000
5105 -44.0000000000
5114 -43.0000000000
5257 -42.0000000000
5313 -41.0000000000
5367 -40.0000000000
5423 -39.0000000000
5463 -38.0000000000
5501 -37.0000000000
5547 -36.0000000000
5593 -35.0000000000
5641 -34.0000000000
5662 -33.0000000000
5703 -32.0000000000
5729 -31.0000000000
5789 -30.0000000000
5852 -29.0000000000
5927 -28.0000000000
5969 -27.0000000000
5985 -26.0000000000
6049 -25.0000000000
6102 -24.0000000000
6104 -23.0000000000
6225 -22.0000000000
6388 -21.0000000000
6424 -20.0000000000
6453 -19.0000000000
6545 -18.0000000000
6597 -17.0000000000
6687 -16.0000000000
6885 -15.0000000000
6941 -14.0000000000
6966 -13.0000000000
6989 -12.0000000000
7099 -11.0000000000
7123 -10.0000000000
7157 -9.0000000000
7212 -8.0000000000
7405 -7.0000000000
7618 -6.0000000000
7658 -5.0000000000
7751 -4.0000000000
7993 -3.0000000000
8198 -2.0000000000
8275 -1.0000000000
8384 565.0000000000
8654 586.0000000000
8768 589.0000000000
8789 597.0000000000
10010 -1.0000000000
evaluations raw_y
1 -390.0000000000
2 -361.0000000000
6 -354.0000000000
13 -342.0000000000
44 -340.0000000000
48 -339.0000000000
60 -338.0000000000
62 -337.0000000000
63 -333.0000000000
69 -330.0000000000
76 -328.0000000000
77 -325.0000000000
88 -324.0000000000
101 -319.0000000000
110 -315.0000000000
119 -311.0000000000
146 -309.0000000000
166 -307.0000000000
175 -306.0000000000
194 -304.0000000000
195 -303.0000000000
211 -301.0000000000
241 -300.0000000000
254 -297.0000000000
271 -296.0000000000
313 -295.0000000000
316 -294.0000000000
320 -293.0000000000
342 -292.0000000000
358 -290.0000000000
378 -288.0000000000
418 -287.0000000000
422 -286.0000000000
427 -285.0000000000
435 -284.0000000000
447 -282.0000000000
462 -280.0000000000
486 -279.0000000000
489 -277.0000000000
511 -276.0000000000
519 -275.0000000000
532 -274.0000000000
549 -273.0000000000
572 -272.0000000000
583 -271.0000000000
589 -270.0000000000
601 -269.0000000000
617 -267.0000000000
618 -266.0000000000
646 -265.0000000000
658 -264.0000000000
665 -263.0000000000
676 -262.0000000000
691 -261.0000000000
715 -260.0000000000
720 -259.0000000000
732 -258.0000000000
734 -257.0000000000
741 -255.0000000000
755 -254.0000000000
757 -253.0000000000
770 -252.0000000000
785 -251.0000000000
794 -250.0000000000
803 -249.0000000000
805 -248.0000000000
825 -246.0000000000
845 -245.0000000000
849 -243.0000000000
864 -242.0000000000
873 -240.0000000000
883 -239.0000000000
885 -236.0000000000
896 -235.0000000000
906 -233.0000000000
911 -232.0000000000
930 -231.0000000000
945 -230.0000000000
946 -229.0000000000
951 -228.0000000000
952 -227.0000000000
963 -226.0000000000
978 -225.0000000000
984 -224.0000000000
996 -223.0000000000
1007 -221.0000000000
1039 -220.0000000000
1045 -219.0000000000
1059 -218.0000000000
1092 -215.0000000000
1122 -214.0000000000
1124 -213.0000000000
1126 -212.0000000000
1156 -211.0000000000
1157 -210.0000000000
1192 -209.0000000000
1197 -208.0000000000
1199 -207.0000000000
1234 -206.0000000000
1236 -204.0000000000
1242 -203.0000000000
1262 -202.0000000000
1271 -201.0000000000
1279 -200.0000000000
1285 -199.0000000000
1306 -198.0000000000
1315 -197.0000000000
1317 -196.0000000000
1360 -195.0000000000
1368 -194.0000000000
1384 -193.0000000000
1390 -192.0000000000
1409 -191.0000000000
1422 -190.0000000000
1435 -189.0000000000
1444 -188.0000000000
1454 -187.0000000000
1474 -186.0000000000
1480 -185.0000000000
1489 -184.0000000000
1503 -183.0000000000
1524 -182.0000000000
1541 -181.0000000000
1548 -180.0000000000
1554 -178.0000000000
1562 -176.0000000000
1591 -174.0000000000
1626 -173.0000000000
1631 -172.0000000000
1635 -171.0000000000
1644 -170.0000000000
1659 -169.0000000000
1668 -168.0000000000
1676 -167.0000000000
1684 -166.0000000000
1706 -165.0000000000
1734 -164.0000000000
1761 -163.0000000000
1781 -162.0000000000
1787 -161.0000000000
1797 -160.0000000000
1814 -158.0000000000
1828 -156.0000000000
1835 -155.0000000000
1844 -154.0000000000
1870 -153.0000000000
1883 -152.0000000000
1912 -150.0000000000
1951 -149.0000000000
1963 -148.0000000000
1972 -147.0000000000
1994 -146.0000000000
2002 -145.0000000000
2008 -144.0000000000
2030 -143.0000000000
2039 -142.0000000000
2047 -141.0000000000
2052 -140.0000000000
2093 -138.0000000000
2119 -137.0000000000
2125 -136.0000000000
2150 -134.0000000000
2163 -133.0000000000
2165 -132.0000000000
2184 -131.0000000000
2191 -130.0000000000
2197 -129.0000000000
2209 -128.0000000000
2229 -126.0000000000
2275 -124.0000000000
2286 -123.0000000000
2314 -122.0000000000
2361 -121.0000000000
2378 -120.0000000000
2410 -118.0000000000
2438 -117.0000000000
2446 -116.0000000000
2507 -115.0000000000
2519 -114.0000000000
2528 -113.0000000000
2563 -112.0000000000
2593 -111.0000000000
2623 -110.0000000000
2655 -109.0000000000
2659 -108.0000000000
2713 -107.0000000000
2757 -106.0000000000
2773 -105.0000000000
2793 -103.0000000000
2834 -101.0000000000
2836 -100.0000000000
2852 -99.0000000000
2892 -98.0000000000
2893 -97.0000000000
2945 -94.0000000000
2980 -93.0000000000
3024 -92.0000000000
3043 -91.0000000000
3063 -90.0000000000
3151 -89.0000000000
3173 -88.0000000000
3186 -87.0000000000
3236 -86.0000000000
3237 -85.0000000000
3264 -83.0000000000
3344 -82.0000000000
3419 -81.0000000000
3449 -80.0000000000
3488 -79.0000000000
3517 -77.0000000000
3548 -76.0000000000
3578 -75.0000000000
3627 -74.0000000000
3634 -73.0000000000
3646 -72.0000000000
3682 -71.0000000000
3714 -70.0000000000
3756 -69.0000000000
3780 -68.0000000000
3842 -67.0000000000
3861 -66.0000000000
3938 -65.0000000000
3981 -64.0000000000
3995 -63.0000000000
4018 -62.0000000000
4029 -61.0000000000
4078 -59.0000000000
4135 -58.0000000000
4155 -57.0000000000
4209 -56.0000000000
4212 -55.0000000000
4256 -54.0000000000
4273 -53.0000000000
4320 -52.0000000000
4450 -51.0000000000
4513 -50.0000000000
4557 -49.0000000000
4593 -48.0000000000
4656 -47.0000000000
4702 -46.0000000000
4708 -45.0000000000
4757 -44.0000000000
4820 -43.0000000000
4903 -42.0000000000
4907 -41.0000000000
5009 -40.0000000000
5134 -39.0000000000
5177 -36.0000000000
5219 -35.0000000000
5344 -34.0000000000
5355 -33.0000000000
5410 -32.0000000000
5561 -31.0000000000
5606 -30.0000000000
5641 -29.0000000000
5658 -28.0000000000
5690 -27.0000000000
5765 -25.0000000000
5830 -24.0000000000
5853 -23.0000000000
5894 -22.0000000000
5946 -21.0000000000
6153 -20.0000000000
6168 -19.0000000000
6206 -18.0000000000
6222 -17.0000000000
6243 -16.0000000000
6254 -15.0000000000
6314 -14.0000000000
6425 -13.0000000000
6435 -12.0000000000
6490 -11.0000000000
6522 -10.0000000000
6670 -9.0000000000
6712 -8.0000000000
6763 -7.0000000000
6807 -6.0000000000
6881 -5.0000000000
6997 -4.0000000000
7053 -3.0000000000
7151 -2.0000000000
7368 -1.0000000000
7370 590.0000000000
8249 608.0000000000
8946 624.0000000000
10010 624.0000000000
evaluations raw_y
1 -373.0000000000
5 -370.0000000000
6 -359.0000000000
9 -355.0000000000
16 -353.0000000000
19 -351.0000000000
31 -350.0000000000
34 -340.0000000000
46 -338.0000000000
48 -334.0000000000
54 -331.0000000000
60 -325.0000000000
69 -323.0000000000
84 -321.0000000000
102 -318.0000000000
107 -315.0000000000
108 -314.0000000000
114 -313.0000000000
120 -312.0000000000
129 -310.0000000000
132 -309.0000000000
138 -308.0000000000
145 -307.0000000000
164 -306.0000000000
168 -305.0000000000
170 -301.0000000000
217 -300.0000000000
220 -299.0000000000
224 -298.0000000000
229 -296.0000000000
238 -295.0000000000
272 -294.0000000000
281 -293.0000000000
292 -292.0000000000
303 -291.0000000000
314 -290.0000000000
321 -288.0000000000
345 -287.0000000000
367 -286.0000000000
382 -285.0000000000
395 -284.0000000000
396 -283.0000000000
403 -282.0000000000
417 -280.0000000000
433 -279.0000000000
445 -278.0000000000
456 -277.0000000000
484 -276.0000000000
498 -275.0000000000
513 -274.0000000000
517 -273.0000000000
528 -272.0000000000
546 -271.0000000000
561 -270.0000000000
576 -268.0000000000
579 -267.0000000000
593 -266.0000000000
615 -265.0000000000
627 -264.0000000000
633 -263.0000000000
638 -262.0000000000
643 -261.0000000000
659 -260.0000000000
670 -258.0000000000
674 -257.0000000000
688 -255.0000000000
695 -254.0000000000
707 -253.0000000000
720 -252.0000000000
747 -251.0000000000
758 -250.0000000000
770 -249.0000000000
790 -248.0000000000
812 -247.0000000000
824 -246.0000000000
844 -245.0000000000
875 -244.0000000000
898 -243.0000000000
906 -242.0000000000
954 -241.0000000000
966 -240.0000000000
1000 -239.0000000000
1013 -238.0000000000
1053 -237.0000000000
1060 -236.0000000000
1088 -235.0000000000
1098 -234.0000000000
1107 -231.0000000000
1153 -229.0000000000
1204 -227.0000000000
1222 -226.0000000000
1227 -225.0000000000
1232 -223.0000000000
1245 -220.0000000000
1273 -219.0000000000
1274 -218.0000000000
1291 -215.0000000000
1333 -214.0000000000
1336 -213.0000000000
1354 -212.0000000000
1357 -211.0000000000
1390 -207.0000000000
1419 -206.0000000000
1451 -205.0000000000
1464 -204.0000000000
1483 -202.0000000000
1503 -201.0000000000
1516 -200.0000000000
1536 -198.0000000000
1569 -197.0000000000
1593 -196.0000000000
1595 -195.0000000000
1611 -192.0000000000
1631 -191.0000000000
1644 -190.0000000000
1658 -189.0000000000
1673 -188.0000000000
1703 -187.0000000000
1744 -186.0000000000
1766 -185.0000000000
1767 -184.0000000000
1789 -183.0000000000
1790 -182.0000000000
1806 -181.0000000000
1828 -180.0000000000
1840 -179.0000000000
1853 -178.0000000000
1866 -177.0000000000
1886 -176.0000000000
1903 -175.0000000000
1915 -174.0000000000
1918 -172.0000000000
1929 -171.0000000000
1962 -169.0000000000
1990 -167.0000000000
2031 -166.0000000000
2065 -165.0000000000
2083 -164.0000000000
2093 -163.0000000000
2104 -162.0000000000
2137 -161.0000000000
2138 -160.0000000000
2174 -159.0000000000
2208 -158.0000000000
2220 -157.0000000000
2232 -156.0000000000
2239 -155.0000000000
2283 -154.0000000000
2300 -153.0000000000
2305 -152.0000000000
2334 -151.0000000000
2344 -150.0000000000
2375 -149.0000000000
2390 -148.0000000000
2393 -147.0000000000
2419 -146.0000000000
2433 -144.0000000000
2486 -143.0000000000
2509 -142.0000000000
2525 -141.0000000000
2546 -140.0000000000
2567 -139.0000000000
2571 -138.0000000000
2601 -137.0000000000
2622 -136.0000000000
2661 -135.0000000000
2692 -134.0000000000
2698 -133.0000000000
2712 -132.0000000000
2759 -131.0000000000
2771 -130.0000000000
2788 -129.0000000000
2823 -128.0000000000
2856 -127.0000000000
2886 -126.0000000000
2887 -125.0000000000
2908 -124.0000000000
2929 -123.0000000000
2938 -122.0000000000
2955 -121.0000000000
2981 -120.0000000000
2984 -119.0000000000
3045 -118.0000000000
3055 -117.0000000000
3088 -116.0000000000
3135 -115.0000000000
3161 -114.0000000000
3177 -113.0000000000
3207 -112.0000000000
3235 -111.0000000000
3294 -109.0000000000
3326 -108.0000000000
3333 -107.0000000000
3363 -106.0000000000
3378 -105.0000000000
3384 -104.0000000000
3422 -103.0000000000
3451 -102.0000000000
3474 -101.0000000000
3503 -100.0000000000
3521 -99.0000000000
3550 -97.0000000000
3592 -96.0000000000
3619 -95.0000000000
3649 -94.0000000000
3685 -93.0000000000
3697 -92.0000000000
3727 -91.0000000000
3753 -90.0000000000
3776 -89.0000000000
3807 -88.0000000000
3854 -87.0000000000
3925 -86.0000000000
3934 -84.0000000000
3956 -83.0000000000
3977 -80.0000000000
4034 -79.0000000000
4093 -78.0000000000
4115 -77.0000000000
4195 -76.0000000000
4218 -75.0000000000
4227 -74.0000000000
4261 -73.0000000000
4265 -72.0000000000
4288 -71.0000000000
4305 -70.0000000000
4361 -69.0000000000
4365 -68.0000000000
4382 -67.0000000000
4458 -66.0000000000
4505 -65.0000000000
4528 -64.0000000000
4551 -63.0000000000
4581 -62.0000000000
4589 -61.0000000000
4663 -60.0000000000
4665 -59.0000000000
4672 -58.0000000000
4705 -57.0000000000
4736 -56.0000000000
4753 -55.0000000000
4794 -54.0000000000
4816 -53.0000000000
4848 -52.0000000000
4884 -51.0000000000
4920 -50.0000000000
4959 -49.0000000000
4994 -48.0000000000
5036 -47.0000000000
5037 -46.0000000000
5075 -45.0000000000
5130 -44.0000000000
5206 -43.0000000000
5240 -42.0000000000
5283 -41.0000000000
5304 -40.0000000000
5334 -39.0000000000
5377 -38.0000000000
5424 -37.0000000000
5512 -36.0000000000
5709 -35.0000000000
5737 -34.0000000000
5785 -33.0000000000
5833 -32.0000000000
5852 -31.0000000000
5921 -30.0000000000
5947 -29.0000000000
6031 -28.0000000000
6096 -27.0000000000
6148 -26.0000000000
6172 -25.0000000000
6225 -24.0000000000
6286 -23.0000000000
6394 -22.0000000000
6459 -21.0000000000
6604 -20.0000000000
6658 -19.0000000000
6755 -18.0000000000
6862 -17.0000000000
6983 -16.0000000000
7090 -15.0000000000
7182 -14.0000000000
7307 -13.0000000000
7349 -12.0000000000
7428 -11.0000000000
7451 -10.0000000000
7474 -9.0000000000
7659 -8.0000000000
7999 -7.0000000000
8071 -6.0000000000
8234 -5.0000000000
8258 -4.0000000000
8326 -3.0000000000
8615 -2.0000000000
8719 -1.0000000000
8972 590.0000000000
9542 594.0000000000
9851 613.0000000000
10010 613.0000000000
evaluations raw_y
1 -370.0000000000
2 -369.0000000000
5 -358.0000000000
8 -351.0000000000
9 -341.0000000000
24 -340.0000000000
30 -338.0000000000
32 -335.0000000000
35 -329.0000000000
44 -327.0000000000
45 -317.0000000000
60 -315.0000000000
66 -310.0000000000
69 -308.0000000000
72 -306.0000000000
83 -304.0000000000
89 -302.0000000000
101 -301.0000000000
102 -296.0000000000
105 -295.0000000000
108 -294.0000000000
109 -291.0000000000
125 -289.0000000000
144 -287.0000000000
153 -284.0000000000
162 -283.0000000000
179 -282.0000000000
189 -281.0000000000
197 -279.0000000000
226 -278.0000000000
229 -277.0000000000
235 -276.0000000000
256 -275.0000000000
289 -274.0000000000
309 -273.0000000000
323 -272.0000000000
335 -271.0000000000
349 -270.0000000000
352 -269.0000000000
365 -267.0000000000
378 -266.0000000000
390 -265.0000000000
413 -264.0000000000
416 -263.0000000000
430 -262.0000000000
433 -261.0000000000
447 -259.0000000000
456 -258.0000000000
464 -257.0000000000
496 -255.0000000000
508 -254.0000000000
530 -253.0000000000
540 -251.0000000000
574 -249.0000000000
583 -248.0000000000
595 -247.0000000000
620 -246.0000000000
637 -245.0000000000
640 -244.0000000000
662 -243.0000000000
674 -242.0000000000
676 -241.0000000000
690 -240.0000000000
701 -239.0000000000
703 -238.0000000000
720 -237.0000000000
724 -236.0000000000
737 -235.0000000000
758 -233.0000000000
778 -231.0000000000
794 -230.0000000000
797 -229.0000000000
811 -228.0000000000
832 -226.0000000000
868 -224.0000000000
877 -223.0000000000
882 -222.0000000000
906 -221.0000000000
928 -220.0000000000
949 -219.0000000000
973 -217.0000000000
987 -216.0000000000
996 -215.0000000000
1012 -214.0000000000
1013 -213.0000000000
1041 -212.0000000000
1046 -211.0000000000
1083 -210.0000000000
1117 -209.0000000000
1129 -208.0000000000
1153 -207.0000000000
1168 -206.0000000000
1171 -205.0000000000
1199 -204.0000000000
1201 -202.0000000000
1238 -201.0000000000
1242 -200.0000000000
1263 -198.0000000000
1269 -197.0000000000
1302 -196.0000000000
1314 -195.0000000000
1329 -194.0000000000
1347 -193.0000000000
1358 -192.0000000000
1381 -191.0000000000
1387 -190.0000000000
1393 -189.0000000000
1436 -188.0000000000
1478 -187.0000000000
1494 -186.0000000000
1519 -184.0000000000
1527 -183.0000000000
1551 -182.0000000000
1572 -181.0000000000
1579 -179.0000000000
1586 -178.0000000000
1606 -177.0000000000
1624 -174.0000000000
1658 -173.0000000000
1679 -172.0000000000
1694 -171.0000000000
1713 -170.0000000000
1715 -169.0000000000
1720 -167.0000000000
1736 -166.0000000000
1756 -165.0000000000
1787 -164.0000000000
1858 -163.0000000000
1872 -162.0000000000
1875 -161.0000000000
1892 -160.0000000000
1902 -159.0000000000
1907 -158.0000000000
1929 -157.0000000000
1938 -156.0000000000
1945 -155.0000000000
1952 -154.0000000000
1954 -153.0000000000
2016 -152.0000000000
2046 -151.0000000000
2066 -150.0000000000
2084 -149.0000000000
2095 -148.0000000000
2102 -147.0000000000
2114 -146.0000000000
2124 -145.0000000000
2130 -142.0000000000
2171 -140.0000000000
2198 -139.0000000000
2206 -138.0000000000
2212 -137.0000000000
2222 -136.0000000000
2244 -135.0000000000
2256 -134.0000000000
2267 -133.0000000000
2294 -132.0000000000
2319 -130.0000000000
2377 -129.0000000000
2396 -127.0000000000
2410 -126.0000000000
2436 -125.0000000000
2440 -124.0000000000
2441 -123.0000000000
2476 -122.0000000000
2491 -121.0000000000
2523 -120.0000000000
2567 -119.0000000000
2588 -117.0000000000
2619 -116.0000000000
2647 -114.0000000000
2668 -113.0000000000
2680 -112.0000000000
2690 -111.0000000000
2702 -110.0000000000
2724 -109.0000000000
2736 -108.0000000000
2766 -107.0000000000
2795 -106.0000000000
2816 -105.0000000000
2831 -104.0000000000
2852 -103.0000000000
2866 -102.0000000000
2923 -101.0000000000
2938 -100.0000000000
2944 -99.0000000000
2960 -98.0000000000
2974 -97.0000000000
3005 -96.0000000000
3032 -95.0000000000
3063 -92.0000000000
3077 -91.0000000000
3110 -90.0000000000
3143 -89.0000000000
3166 -88.0000000000
3172 -87.0000000000
3200 -86.0000000000
3226 -85.0000000000
3262 -84.0000000000
3295 -83.0000000000
3340 -82.0000000000
3372 -81.0000000000
3412 -79.0000000000
3433 -78.0000000000
3480 -77.0000000000
3549 -76.0000000000
3561 -75.0000000000
3574 -74.0000000000
3581 -73.0000000000
3622 -72.0000000000
3671 -71.0000000000
3673 -70.0000000000
3703 -69.0000000000
3737 -68.0000000000
3783 -67.0000000000
3808 -66.0000000000
3853 -65.0000000000
3871 -64.0000000000
3895 -62.0000000000
3916 -61.0000000000
3930 -60.0000000000
3971 -59.0000000000
4034 -58.0000000000
4081 -57.0000000000
4115 -56.0000000000
4215 -55.0000000000
4268 -54.0000000000
4284 -53.0000000000
4309 -52.0000000000
4384 -51.0000000000
4431 -50.0000000000
4482 -49.0000000000
4570 -48.0000000000
4717 -47.0000000000
4790 -46.0000000000
4811 -44.0000000000
4840 -43.0000000000
4924 -42.0000000000
4944 -41.0000000000
4954 -40.0000000000
5068 -39.0000000000
5086 -38.0000000000
5119 -37.0000000000
5215 -36.0000000000
5247 -35.0000000000
5292 -34.0000000000
5315 -33.0000000000
5337 -32.0000000000
5360 -31.0000000000
5412 -30.0000000000
5467 -29.0000000000
5562 -28.0000000000
5666 -27.0000000000
5726 -26.0000000000
5745 -25.0000000000
5760 -24.0000000000
5765 -23.0000000000
5779 -22.0000000000
5913 -21.0000000000
6012 -20.0000000000
6041 -19.0000000000
6082 -18.0000000000
6140 -17.0000000000
6203 -16.0000000000
6221 -15.0000000000
6356 -14.0000000000
6509 -13.0000000000
6513 -12.0000000000
6569 -11.0000000000
6637 -10.0000000000
6788 -9.0000000000
6872 -8.0000000000
6935 -7.0000000000
7086 -6.0000000000
7154 -5.0000000000
7243 -4.0000000000
7314 -3.0000000000
7491 -2.0000000000
8068 -1.0000000000
8170 584.0000000000
8645 597.0000000000
8676 598.0000000000
8696 608.0000000000
8934 616.0000000000
9003 628.0000000000
9583 637.0000000000
9596 647.0000000000
10010 647.0000000000
evaluations raw_y
1 -358.0000000000
5 -354.0000000000
21 -347.0000000000
28 -343.0000000000
29 -342.0000000000
43 -335.0000000000
55 -326.0000000000
61 -321.0000000000
64 -320.0000000000
66 -318.0000000000
78 -315.0000000000
80 -314.0000000000
99 -313.0000000000
106 -310.0000000000
111 -308.0000000000
115 -306.0000000000
124 -300.0000000000
141 -299.0000000000
154 -296.0000000000
161 -294.0000000000
177 -292.0000000000
192 -291.0000000000
195 -289.0000000000
204 -285.0000000000
221 -284.0000000000
231 -283.0000000000
232 -279.0000000000
282 -278.0000000000
297 -277.0000000000
319 -276.0000000000
323 -275.0000000000
337 -274.0000000000
344 -273.0000000000
348 -271.0000000000
380 -270.0000000000
390 -269.0000000000
393 -268.0000000000
413 -266.0000000000
425 -265.0000000000
429 -264.0000000000
461 -263.0000000000
467 -262.0000000000
470 -261.0000000000
491 -260.0000000000
495 -259.0000000000
509 -258.0000000000
518 -257.0000000000
527 -256.0000000000
541 -255.0000000000
548 -254.0000000000
549 -253.0000000000
576 -252.0000000000
594 -251.0000000000
608 -250.0000000000
621 -248.0000000000
628 -247.0000000000
640 -246.0000000000
693 -245.0000000000
696 -244.0000000000
742 -243.0000000000
759 -242.0000000000
786 -241.0000000000
790 -240.0000000000
792 -239.0000000000
823 -238.0000000000
833 -237.0000000000
834 -236.0000000000
850 -235.0000000000
858 -234.0000000000
900 -233.0000000000
922 -232.0000000000
941 -231.0000000000
945 -230.0000000000
969 -229.0000000000
984 -228.0000000000
1003 -226.0000000000
1028 -224.0000000000
1056 -223.0000000000
1068 -222.0000000000
1093 -220.0000000000
1114 -219.0000000000
1135 -217.0000000000
1149 -216.0000000000
1168 -213.0000000000
1195 -211.0000000000
1229 -210.0000000000
1249 -209.0000000000
1263 -208.0000000000
1266 -207.0000000000
1268 -206.0000000000
1288 -204.0000000000
1325 -202.0000000000
1356 -200.0000000000
1389 -199.0000000000
1412 -198.0000000000
1422 -197.0000000000
1471 -196.0000000000
1498 -195.0000000000
1536 -194.0000000000
1544 -192.0000000000
1564 -191.0000000000
1586 -190.0000000000
1606 -189.0000000000
1627 -188.0000000000
1648 -187.0000000000
1663 -186.0000000000
1699 -185.0000000000
1708 -184.0000000000
1720 -183.0000000000
1736 -182.0000000000
1742 -181.0000000000
1743 -180.0000000000
1766 -179.0000000000
1810 -178.0000000000
1831 -177.0000000000
1875 -176.0000000000
1898 -175.0000000000
1903 -174.0000000000
1921 -173.0000000000
1950 -172.0000000000
1966 -170.0000000000
1979 -168.0000000000
1999 -167.0000000000
2028 -166.0000000000
2041 -165.0000000000
2060 -164.0000000000
2082 -163.0000000000
2097 -161.0000000000
2112 -160.0000000000
2139 -159.0000000000
2145 -158.0000000000
2169 -157.0000000000
2173 -156.0000000000
2192 -155.0000000000
2207 -154.0000000000
2226 -153.0000000000
2242 -152.0000000000
2277 -151.0000000000
2321 -150.0000000000
2356 -149.0000000000
2365 -148.0000000000
2368 -147.0000000000
2404 -145.0000000000
2430 -144.0000000000
2446 -143.0000000000
2459 -142.0000000000
2476 -141.0000000000
2505 -140.0000000000
2520 -139.0000000000
2563 -138.0000000000
2580 -137.0000000000
2586 -136.0000000000
2605 -135.0000000000
2626 -134.0000000000
2646 -132.0000000000
2673 -131.0000000000
2687 -130.0000000000
2700 -129.0000000000
2711 -128.0000000000
2736 -127.0000000000
2749 -125.0000000000
2788 -123.0000000000
2820 -122.0000000000
2832 -121.0000000000
2865 -120.0000000000
2880 -119.0000000000
2886 -118.0000000000
2910 -116.0000000000
2960 -115.0000000000
2975 -114.0000000000
2979 -113.0000000000
3065 -112.0000000000
3097 -111.0000000000
3137 -110.0000000000
3191 -109.0000000000
3233 -108.0000000000
3242 -107.0000000000
3277 -106.0000000000
3288 -105.0000000000
3319 -104.0000000000
3335 -103.0000000000
3379 -102.0000000000
3410 -101.0000000000
3418 -100.0000000000
3441 -99.0000000000
3468 -98.0000000000
3511 -97.0000000000
3550 -95.0000000000
3593 -94.0000000000
3611 -92.0000000000
3639 -91.0000000000
3647 -89.0000000000
3722 -87.0000000000
3756 -86.0000000000
3792 -85.0000000000
3800 -84.0000000000
3867 -83.0000000000
3902 -82.0000000000
3936 -81.0000000000
3984 -80.0000000000
4002 -79.0000000000
4024 -78.0000000000
4057 -77.0000000000
4164 -76.0000000000
4174 -75.0000000000
4201 -73.0000000000
4255 -72.0000000000
4297 -71.0000000000
4354 -70.0000000000
4380 -69.0000000000
4383 -68.0000000000
4433 -67.0000000000
4462 -66.0000000000
4474 -65.0000000000
4486 -64.0000000000
4514 -63.0000000000
4546 -62.0000000000
4576 -61.0000000000
4597 -60.0000000000
4637 -59.0000000000
4737 -58.0000000000
4779 -57.0000000000
4885 -56.0000000000
4939 -55.0000000000
4949 -54.0000000000
4984 -53.0000000000
5036 -52.0000000000
5092 -51.0000000000
5162 -50.0000000000
5211 -49.0000000000
5249 -48.0000000000
5270 -47.0000000000
5321 -46.0000000000
5339 -45.0000000000
5355 -44.0000000000
5463 -43.0000000000
5542 -42.0000000000
5581 -41.0000000000
5613 -40.0000000000
5622 -39.0000000000
5873 -38.0000000000
6021 -37.0000000000
6075 -36.0000000000
6112 -34.0000000000
6212 -33.0000000000
6281 -32.0000000000
6299 -31.0000000000
6340 -30.0000000000
6388 -29.0000000000
6397 -28.0000000000
6424 -27.0000000000
6578 -26.0000000000
6601 -25.0000000000
6639 -24.0000000000
6765 -23.0000000000
6801 -22.0000000000
6821 -21.0000000000
6941 -20.0000000000
6966 -19.0000000000
6987 -18.0000000000
7252 -17.0000000000
7326 -16.0000000000
7354 -15.0000000000
7392 -14.0000000000
7621 -13.0000000000
7689 -12.0000000000
7720 -11.0000000000
7916 -10.0000000000
8363 -9.0000000000
8542 -8.0000000000
8723 -7.0000000000
8756 -6.0000000000
9207 -5.0000000000
9429 -4.0000000000
9570 -3.0000000000
9673 -2.0000000000
9891 -1.0000000000
10010 -2.0000000000
evaluations raw_y
1 -362.0000000000
5 -351.0000000000
22 -350.0000000000
34 -347.0000000000
36 -346.0000000000
37 -344.0000000000
38 -343.0000000000
40 -341.0000000000
42 -336.0000000000
54 -325.0000000000
73 -322.0000000000
88 -316.0000000000
95 -315.0000000000
100 -313.0000000000
104 -312.0000000000
112 -311.0000000000
114 -310.0000000000
115 -297.0000000000
152 -294.0000000000
163 -292.0000000000
171 -289.0000000000
186 -288.0000000000
192 -286.0000000000
202 -285.0000000000
228 -283.0000000000
245 -281.0000000000
252 -280.0000000000
268 -278.0000000000
283 -277.0000000000
295 -276.0000000000
303 -275.0000000000
322 -274.0000000000
323 -273.0000000000
339 -272.0000000000
353 -270.0000000000
378 -269.0000000000
411 -268.0000000000
434 -266.0000000000
452 -265.0000000000
459 -264.0000000000
464 -263.0000000000
475 -262.0000000000
494 -261.0000000000
501 -259.0000000000
517 -258.0000000000
524 -257.0000000000
530 -256.0000000000
533 -255.0000000000
541 -254.0000000000
556 -253.0000000000
583 -252.0000000000
591 -251.0000000000
601 -250.0000000000
617 -246.0000000000
663 -245.0000000000
700 -244.0000000000
713 -243.0000000000
732 -242.0000000000
759 -241.0000000000
769 -240.0000000000
777 -239.0000000000
783 -237.0000000000
811 -235.0000000000
823 -233.0000000000
847 -232.0000000000
854 -231.0000000000
868 -230.0000000000
877 -229.0000000000
888 -228.0000000000
903 -227.0000000000
924 -226.0000000000
929 -224.0000000000
940 -223.0000000000
954 -222.0000000000
961 -221.0000000000
984 -220.0000000000
994 -219.0000000000
1010 -217.0000000000
1027 -216.0000000000
1040 -214.0000000000
1044 -213.0000000000
1091 -212.0000000000
1111 -211.0000000000
1129 -210.0000000000
1136 -209.0000000000
1158 -208.0000000000
1165 -207.0000000000
1171 -206.0000000000
1196 -205.0000000000
1243 -204.0000000000
1264 -203.0000000000
1272 -202.0000000000
1279 -201.0000000000
1285 -199.0000000000
1308 -198.0000000000
1320 -197.0000000000
1330 -196.0000000000
1363 -195.0000000000
1386 -194.0000000000
1402 -193.0000000000
1406 -192.0000000000
1417 -191.0000000000
1425 -190.0000000000
1431 -189.0000000000
1450 -187.0000000000
1472 -186.0000000000
1484 -185.0000000000
1493 -184.0000000000
1512 -183.0000000000
1525 -182.0000000000
1529 -180.0000000000
1554 -178.0000000000
1573 -177.0000000000
1583 -176.0000000000
1592 -175.0000000000
1598 -174.0000000000
1611 -173.0000000000
1625 -171.0000000000
1655 -170.0000000000
1675 -169.0000000000
1684 -168.0000000000
1710 -167.0000000000
1721 -166.0000000000
1725 -165.0000000000
1748 -164.0000000000
1770 -163.0000000000
1799 -162.0000000000
1808 -161.0000000000
1810 -160.0000000000
1818 -159.0000000000
1847 -158.0000000000
1882 -157.0000000000
1902 -156.0000000000
1922 -155.0000000000
1924 -154.0000000000
1933 -153.0000000000
1972 -152.0000000000
2000 -151.0000000000
2020 -150.0000000000
2036 -149.0000000000
2047 -148.0000000000
2081 -147.0000000000
2090 -146.0000000000
2117 -145.0000000000
2126 -144.0000000000
2143 -140.0000000000
2145 -139.0000000000
2183 -138.0000000000
2191 -137.0000000000
2222 -136.0000000000
2243 -135.0000000000
2268 -132.0000000000
2275 -131.0000000000
2298 -130.0000000000
2314 -129.0000000000
2350 -128.0000000000
2359 -127.0000000000
2379 -126.0000000000
2415 -125.0000000000
2419 -124.0000000000
2438 -122.0000000000
2470 -121.0000000000
2488 -119.0000000000
2529 -118.0000000000
2539 -117.0000000000
2564 -116.0000000000
2576 -115.0000000000
2600 -114.0000000000
2606 -113.0000000000
2623 -112.0000000000
2634 -111.0000000000
2646 -110.0000000000
2661 -109.0000000000
2683 -108.0000000000
2696 -107.0000000000
2706 -106.0000000000
2757 -104.0000000000
2776 -102.0000000000
2811 -101.0000000000
2839 -100.0000000000
2847 -99.0000000000
2855 -98.0000000000
2878 -97.0000000000
2910 -96.0000000000
2914 -95.0000000000
2976 -94.0000000000
2997 -93.0000000000
3021 -92.0000000000
3040 -91.0000000000
3043 -90.0000000000
3070 -88.0000000000
3097 -87.0000000000
3143 -86.0000000000
3161 -85.0000000000
3178 -84.0000000000
3263 -83.0000000000
3300 -82.0000000000
3333 -81.0000000000
3353 -80.0000000000
3391 -78.0000000000
3414 -77.0000000000
3429 -76.0000000000
3473 -75.0000000000
3486 -74.0000000000
3506 -73.0000000000
3521 -72.0000000000
3580 -70.0000000000
3615 -69.0000000000
3627 -68.0000000000
3647 -67.0000000000
3681 -66.0000000000
3720 -65.0000000000
3738 -64.0000000000
3786 -63.0000000000
3817 -62.0000000000
3862 -61.0000000000
3907 -60.0000000000
3937 -59.0000000000
3961 -58.0000000000
3984 -57.0000000000
4017 -56.0000000000
4073 -55.0000000000
4110 -54.0000000000
4153 -53.0000000000
4303 -52.0000000000
4348 -51.0000000000
4380 -50.0000000000
4401 -49.0000000000
4427 -48.0000000000
4453 -47.0000000000
4489 -46.0000000000
4525 -45.0000000000
4541 -44.0000000000
4561 -43.0000000000
4569 -42.0000000000
4602 -41.0000000000
4639 -40.0000000000
4774 -39.0000000000
4826 -38.0000000000
4827 -37.0000000000
4868 -36.0000000000
4950 -34.0000000000
5010 -33.0000000000
5025 -32.0000000000
5033 -31.0000000000
5094 -30.0000000000
5300 -29.0000000000
5324 -28.0000000000
5376 -27.0000000000
5422 -26.0000000000
5476 -25.0000000000
5515 -24.0000000000
5560 -23.0000000000
5710 -22.0000000000
5746 -21.0000000000
5782 -20.0000000000
5802 -19.0000000000
5850 -18.0000000000
5907 -17.0000000000
5957 -16.0000000000
6296 -15.0000000000
6414 -14.0000000000
6528 -13.0000000000
6599 -12.0000000000
6640 -11.0000000000
6698 -10.0000000000
6748 -9.0000000000
6761 -8.0000000000
6815 -7.0000000000
6863 -6.0000000000
6940 -5.0000000000
7088 -4.0000000000
7117 -3.0000000000
7560 -2.0000000000
7673 -1.0000000000
7755 592.0000000000
7860 600.0000000000
7923 603.0000000000
8938 606.0000000000
8971 607.0000000000
8985 619.0000000000
10010 619.0000000000
evaluations raw_y
1 -400.0000000000
2 -356.0000000000
16 -355.0000000000
24 -351.0000000000
28 -350.0000000000
36 -348.0000000000
38 -345.0000000000
41 -327.0000000000
53 -324.0000000000
60 -320.0000000000
76 -318.0000000000
79 -314.0000000000
93 -309.0000000000
114 -308.0000000000
115 -304.0000000000
122 -303.0000000000
126 -301.0000000000
140 -300.0000000000
147 -298.0000000000
155 -296.0000000000
165 -295.0000000000
175 -294.0000000000
178 -293.0000000000
192 -291.0000000000
209 -290.0000000000
215 -289.0000000000
227 -287.0000000000
235 -286.0000000000
252 -283.0000000000
259 -282.0000000000
268 -281.0000000000
286 -279.0000000000
298 -278.0000000000
310 -277.0000000000
315 -276.0000000000
328 -275.0000000000
337 -274.0000000000
357 -273.0000000000
367 -272.0000000000
377 -269.0000000000
404 -268.0000000000
417 -267.0000000000
443 -266.0000000000
453 -265.0000000000
479 -264.0000000000
485 -262.0000000000
517 -260.0000000000
536 -259.0000000000
552 -257.0000000000
586 -256.0000000000
594 -255.0000000000
608 -254.0000000000
614 -253.0000000000
623 -252.0000000000
630 -249.0000000000
643 -248.0000000000
679 -246.0000000000
692 -245.0000000000
698 -244.0000000000
715 -242.0000000000
723 -241.0000000000
744 -240.0000000000
778 -239.0000000000
792 -236.0000000000
826 -235.0000000000
846 -234.0000000000
863 -233.0000000000
880 -232.0000000000
884 -231.0000000000
905 -229.0000000000
926 -225.0000000000
958 -223.0000000000
967 -222.0000000000
971 -221.0000000000
973 -220.0000000000
1005 -219.0000000000
1025 -218.0000000000
1038 -217.0000000000
1039 -216.0000000000
1047 -215.0000000000
1051 -214.0000000000
1061 -213.0000000000
1067 -212.0000000000
1080 -211.0000000000
1087 -210.0000000000
1107 -209.0000000000
1118 -208.0000000000
1141 -207.0000000000
1147 -206.0000000000
1160 -205.0000000000
1173 -204.0000000000
1206 -203.0000000000
1217 -202.0000000000
1218 -201.0000000000
1235 -200.0000000000
1255 -199.0000000000
1273 -198.0000000000
1287 -197.0000000000
1294 -196.0000000000
1309 -195.0000000000
1318 -194.0000000000
1327 -193.0000000000
1330 -192.0000000000
1349 -191.0000000000
1368 -190.0000000000
1381 -189.0000000000
1391 -188.0000000000
1401 -187.0000000000
1422 -186.0000000000
1425 -185.0000000000
1436 -184.0000000000
1451 -182.0000000000
1474 -181.0000000000
1507 -180.0000000000
1508 -178.0000000000
1519 -177.0000000000
1535 -176.0000000000
1543 -173.0000000000
1592 -172.0000000000
1601 -171.0000000000
1609 -170.0000000000
1629 -169.0000000000
1632 -168.0000000000
1660 -167.0000000000
1664 -166.0000000000
1667 -165.0000000000
1682 -164.0000000000
1701 -162.0000000000
1719 -161.0000000000
1739 -160.0000000000
1753 -159.0000000000
1759 -157.0000000000
1797 -156.0000000000
1834 -155.0000000000
1860 -154.0000000000
1862 -153.0000000000
1875 -152.0000000000
1890 -151.0000000000
1923 -150.0000000000
1951 -149.0000000000
1965 -148.0000000000
1978 -147.0000000000
2003 -146.0000000000
2011 -145.0000000000
2021 -144.0000000000
2052 -143.0000000000
2066 -142.0000000000
2090 -141.0000000000
2096 -140.0000000000
2108 -139.0000000000
2113 -138.0000000000
2153 -137.0000000000
2162 -135.0000000000
2209 -134.0000000000
2229 -132.0000000000
2259 -131.0000000000
2270 -130.0000000000
2275 -128.0000000000
2294 -127.0000000000
2297 -126.0000000000
2321 -124.0000000000
2325 -123.0000000000
2326 -122.0000000000
2343 -121.0000000000
2375 -120.0000000000
2379 -119.0000000000
2401 -118.0000000000
2410 -117.0000000000
2426 -116.0000000000
2455 -115.0000000000
2466 -114.0000000000
2497 -113.0000000000
2515 -112.0000000000
2597 -111.0000000000
2608 -110.0000000000
2658 -109.0000000000
2705 -108.0000000000
2722 -107.0000000000
2772 -106.0000000000
2817 -105.0000000000
2858 -104.0000000000
2908 -103.0000000000
2957 -102.0000000000
2976 -101.0000000000
3068 -100.0000000000
3116 -99.0000000000
3144 -98.0000000000
3155 -96.0000000000
3169 -95.0000000000
3179 -94.0000000000
3223 -93.0000000000
3288 -92.0000000000
3331 -91.0000000000
3367 -90.0000000000
3400 -89.0000000000
3443 -88.0000000000
3497 -87.0000000000
3511 -86.0000000000
3544 -85.0000000000
3581 -83.0000000000
3603 -82.0000000000
3605 -81.0000000000
3639 -80.0000000000
3688 -78.0000000000
3712 -77.0000000000
3769 -76.0000000000
3811 -75.0000000000
3840 -74.0000000000
3859 -73.0000000000
3893 -72.0000000000
3951 -71.0000000000
4055 -70.0000000000
4082 -69.0000000000
4095 -68.0000000000
4169 -67.0000000000
4186 -66.0000000000
4221 -65.0000000000
4247 -64.0000000000
4269 -63.0000000000
4332 -62.0000000000
4382 -61.0000000000
4420 -60.0000000000
4499 -59.0000000000
4537 -58.0000000000
4589 -57.0000000000
4606 -56.0000000000
4733 -55.0000000000
4762 -54.0000000000
4860 -53.0000000000
4875 -52.0000000000
4907 -51.0000000000
4917 -50.0000000000
4955 -49.0000000000
5009 -48.0000000000
5052 -47.0000000000
5073 -46.0000000000
5087 -45.0000000000
5112 -44.0000000000
5139 -43.0000000000
5148 -42.0000000000
5190 -41.0000000000
5227 -40.0000000000
5324 -39.0000000000
5335 -38.0000000000
5384 -37.0000000000
5440 -36.0000000000
5526 -35.0000000000
5608 -34.0000000000
5636 -33.0000000000
5649 -32.0000000000
5667 -31.0000000000
5697 -30.0000000000
5764 -29.0000000000
5793 -28.0000000000
5877 -27.0000000000
5901 -26.0000000000
5953 -25.0000000000
5973 -24.0000000000
5995 -23.0000000000
6040 -22.0000000000
6079 -21.0000000000
6119 -20.0000000000
6215 -18.0000000000
6299 -17.0000000000
6348 -16.0000000000
6373 -15.0000000000
6411 -14.0000000000
6503 -13.0000000000
6697 -12.0000000000
6720 -11.0000000000
6736 -10.0000000000
6929 -9.0000000000
7130 -8.0000000000
7381 -7.0000000000
7502 -6.0000000000
7530 -5.0000000000
7564 -4.0000000000
7707 -3.0000000000
8014 -2.0000000000
8060 -1.0000000000
8207 567.0000000000
9730 585.0000000000
9776 592.0000000000
10010 -1.0000000000
evaluations raw_y
1 -373.0000000000
4 -368.0000000000
15 -358.0000000000
36 -357.0000000000
37 -345.0000000000
55 -335.0000000000
71 -331.0000000000
80 -328.0000000000
101 -325.0000000000
108 -323.0000000000
117 -322.0000000000
129 -319.0000000000
133 -316.0000000000
139 -313.0000000000
146 -312.0000000000
152 -310.0000000000
174 -309.0000000000
184 -306.0000000000
192 -305.0000000000
201 -304.0000000000
220 -303.0000000000
226 -302.0000000000
260 -301.0000000000
261 -300.0000000000
304 -298.0000000000
311 -296.0000000000
316 -295.0000000000
339 -293.0000000000
362 -292.0000000000
378 -291.0000000000
386 -290.0000000000
401 -289.0000000000
427 -287.0000000000
450 -285.0000000000
473 -284.0000000000
481 -283.0000000000
482 -282.0000000000
484 -281.0000000000
496 -280.0000000000
499 -277.0000000000
516 -276.0000000000
519 -275.0000000000
540 -274.0000000000
542 -273.0000000000
561 -271.0000000000
580 -270.0000000000
584 -269.0000000000
590 -268.0000000000
603 -267.0000000000
624 -266.0000000000
653 -265.0000000000
676 -263.0000000000
698 -262.0000000000
716 -261.0000000000
728 -260.0000000000
735 -259.0000000000
744 -258.0000000000
755 -256.0000000000
768 -255.0000000000
797 -254.0000000000
825 -253.0000000000
842 -252.0000000000
852 -251.0000000000
860 -249.0000000000
902 -247.0000000000
907 -245.0000000000
932 -244.0000000000
938 -242.0000000000
943 -239.0000000000
956 -238.0000000000
983 -237.0000000000
993 -236.0000000000
1001 -235.0000000000
1033 -233.0000000000
1050 -232.0000000000
1058 -231.0000000000
1060 -229.0000000000
1095 -228.0000000000
1105 -227.0000000000
1120 -225.0000000000
1147 -223.0000000000
1164 -222.0000000000
1205 -221.0000000000
1223 -220.0000000000
1237 -218.0000000000
1256 -217.0000000000
1290 -215.0000000000
1347 -214.0000000000
1357 -213.0000000000
1363 -212.0000000000
1387 -211.0000000000
1393 -210.0000000000
1411 -209.0000000000
1412 -207.0000000000
1415 -206.0000000000
1453 -205.0000000000
1467 -204.0000000000
1501 -203.0000000000
1517 -202.0000000000
1518 -201.0000000000
1543 -199.0000000000
1574 -198.0000000000
1582 -197.0000000000
1607 -196.0000000000
1610 -195.0000000000
1620 -194.0000000000
1630 -193.0000000000
1649 -192.0000000000
1678 -191.0000000000
1716 -190.0000000000
1718 -189.0000000000
1750 -188.0000000000
1756 -186.0000000000
1772 -185.0000000000
1797 -183.0000000000
1818 -182.0000000000
1843 -181.0000000000
1868 -180.0000000000
1898 -179.0000000000
1921 -177.0000000000
1922 -176.0000000000
1928 -174.0000000000
1953 -173.0000000000
1985 -172.0000000000
2038 -170.0000000000
2059 -169.0000000000
2063 -168.0000000000
2070 -167.0000000000
2097 -165.0000000000
2116 -164.0000000000
2130 -163.0000000000
2147 -162.0000000000
2163 -161.0000000000
2192 -160.0000000000
2243 -159.0000000000
2257 -158.0000000000
2269 -156.0000000000
2287 -155.0000000000
2288 -154.0000000000
2296 -153.0000000000
2332 -152.0000000000
2357 -151.0000000000
2368 -149.0000000000
2390 -148.0000000000
2415 -147.0000000000
2425 -143.0000000000
2447 -142.0000000000
2468 -141.0000000000
2483 -140.0000000000
2485 -138.0000000000
2521 -137.0000000000
2525 -136.0000000000
2544 -135.0000000000
2558 -134.0000000000
2595 -133.0000000000
2618 -132.0000000000
2619 -131.0000000000
2628 -130.0000000000
2630 -129.0000000000
2644 -127.0000000000
2655 -126.0000000000
2685 -125.0000000000
2686 -124.0000000000
2723 -122.0000000000
2771 -121.0000000000
2782 -119.0000000000
2793 -118.0000000000
2819 -117.0000000000
2828 -116.0000000000
2849 -115.0000000000
2862 -114.0000000000
2898 -113.0000000000
2928 -112.0000000000
2955 -111.0000000000
2986 -110.0000000000
3024 -108.0000000000
3056 -107.0000000000
3072 -106.0000000000
3089 -105.0000000000
3097 -104.0000000000
3109 -103.0000000000
3129 -102.0000000000
3134 -101.0000000000
3155 -100.0000000000
3187 -99.0000000000
3235 -98.0000000000
3245 -97.0000000000
3270 -96.0000000000
3300 -95.0000000000
3354 -94.0000000000
3370 -93.0000000000
3394 -92.0000000000
3431 -91.0000000000
3462 -90.0000000000
3496 -89.0000000000
3527 -88.0000000000
3546 -87.0000000000
3598 -86.0000000000
3621 -85.0000000000
3662 -84.0000000000
3678 -83.0000000000
3714 -82.0000000000
3726 -81.0000000000
3750 -80.0000000000
3767 -79.0000000000
3859 -78.0000000000
3926 -77.0000000000
3951 -76.0000000000
4012 -75.0000000000
4045 -74.0000000000
4062 -73.0000000000
4139 -72.0000000000
4188 -71.0000000000
4241 -68.0000000000
4246 -67.0000000000
4270 -66.0000000000
4272 -65.0000000000
4286 -64.0000000000
4301 -63.0000000000
4306 -62.0000000000
4340 -61.0000000000
4366 -60.0000000000
4388 -59.0000000000
4404 -58.0000000000
4427 -56.0000000000
4442 -55.0000000000
4455 -54.0000000000
4478 -53.0000000000
4524 -52.0000000000
4544 -51.0000000000
4570 -50.0000000000
4632 -49.0000000000
4678 -48.0000000000
4695 -47.0000000000
4738 -45.0000000000
4838 -44.0000000000
4885 -43.0000000000
4907 -42.0000000000
4939 -41.0000000000
5019 -40.0000000000
5045 -39.0000000000
5193 -38.0000000000
5215 -37.0000000000
5218 -36.0000000000
5229 -35.0000000000
5318 -34.0000000000
5657 -33.0000000000
5719 -32.0000000000
5736 -31.0000000000
5773 -30.0000000000
5850 -29.0000000000
5948 -28.0000000000
5985 -27.0000000000
5992 -26.0000000000
6020 -25.0000000000
6044 -24.0000000000
6114 -23.0000000000
6140 -22.0000000000
6177 -21.0000000000
6209 -20.0000000000
6305 -19.0000000000
6353 -18.0000000000
6439 -17.0000000000
6536 -16.0000000000
6636 -15.0000000000
6801 -14.0000000000
6825 -13.0000000000
6846 -12.0000000000
6866 -11.0000000000
6900 -10.0000000000
6927 -9.0000000000
7163 -8.0000000000
7324 -7.0000000000
7337 -6.0000000000
7553 -5.0000000000
7618 -4.0000000000
7898 -3.0000000000
8191 -2.0000000000
8253 -1.0000000000
8271 588.0000000000
10010 588.0000000000
evaluations raw_y
1 -360.0000000000
3 -353.0000000000
15 -345.0000000000
29 -343.0000000000
31 -340.0000000000
40 -338.0000000000
45 -337.0000000000
48 -336.0000000000
49 -335.0000000000
58 -333.0000000000
65 -332.0000000000
67 -326.0000000000
78 -320.0000000000
79 -316.0000000000
102 -315.0000000000
106 -314.0000000000
122 -313.0000000000
130 -307.0000000000
141 -304.0000000000
155 -303.0000000000
166 -302.0000000000
172 -301.0000000000
176 -300.0000000000
184 -299.0000000000
198 -297.0000000000
218 -294.0000000000
235 -293.0000000000
255 -292.0000000000
274 -291.0000000000
298 -290.0000000000
308 -289.0000000000
333 -287.0000000000
344 -286.0000000000
354 -285.0000000000
383 -284.0000000000
390 -283.0000000000
406 -282.0000000000
408 -280.0000000000
445 -279.0000000000
464 -278.0000000000
492 -277.0000000000
494 -276.0000000000
500 -275.0000000000
504 -274.0000000000
529 -273.0000000000
531 -272.0000000000
548 -271.0000000000
583 -270.0000000000
595 -269.0000000000
623 -268.0000000000
638 -267.0000000000
656 -265.0000000000
685 -262.0000000000
701 -261.0000000000
711 -259.0000000000
743 -257.0000000000
749 -256.0000000000
756 -255.0000000000
772 -254.0000000000
773 -253.0000000000
780 -252.0000000000
808 -250.0000000000
821 -249.0000000000
843 -248.0000000000
857 -247.0000000000
871 -246.0000000000
905 -245.0000000000
908 -244.0000000000
920 -243.0000000000
933 -242.0000000000
937 -241.0000000000
940 -240.0000000000
964 -239.0000000000
981 -237.0000000000
990 -236.0000000000
1013 -235.0000000000
1037 -233.0000000000
1073 -232.0000000000
1075 -231.0000000000
1111 -230.0000000000
1120 -229.0000000000
1132 -227.0000000000
1147 -225.0000000000
1164 -224.0000000000
1192 -223.0000000000
1207 -222.0000000000
1222 -220.0000000000
1238 -219.0000000000
1274 -218.0000000000
1299 -217.0000000000
1322 -216.0000000000
1325 -215.0000000000
1344 -214.0000000000
1376 -213.0000000000
1380 -211.0000000000
1407 -210.0000000000
1423 -209.0000000000
1430 -208.0000000000
1472 -207.0000000000
1477 -206.0000000000
1493 -204.0000000000
1521 -203.0000000000
1545 -202.0000000000
1573 -201.0000000000
1580 -200.0000000000
1597 -199.0000000000
1623 -198.0000000000
1640 -197.0000000000
1658 -196.0000000000
1659 -195.0000000000
1675 -194.0000000000
1689 -193.0000000000
1707 -192.0000000000
1708 -191.0000000000
1745 -190.0000000000
1764 -189.0000000000
1781 -188.0000000000
1802 -187.0000000000
1813 -186.0000000000
1828 -185.0000000000
1849 -184.0000000000
1860 -183.0000000000
1862 -182.0000000000
1882 -181.0000000000
1900 -180.0000000000
1911 -179.0000000000
1931 -178.0000000000
1942 -176.0000000000
1955 -175.0000000000
1969 -173.0000000000
1997 -172.0000000000
2005 -171.0000000000
2011 -170.0000000000
2023 -169.0000000000
2030 -168.0000000000
2040 -166.0000000000
2046 -165.0000000000
2050 -164.0000000000
2064 -163.0000000000
2077 -162.0000000000
2081 -160.0000000000
2123 -159.0000000000
2138 -158.0000000000
2145 -157.0000000000
2159 -156.0000000000
2177 -154.0000000000
2204 -153.0000000000
2213 -152.0000000000
2224 -151.0000000000
2265 -150.0000000000
2301 -149.0000000000
2320 -148.0000000000
2345 -147.0000000000
2372 -146.0000000000
2416 -145.0000000000
2456 -144.0000000000
2489 -143.0000000000
2500 -142.0000000000
2523 -141.0000000000
2549 -140.0000000000
2603 -139.0000000000
2627 -138.0000000000
2646 -137.0000000000
2691 -136.0000000000
2699 -135.0000000000
2702 -134.0000000000
2731 -133.0000000000
2750 -132.0000000000
2768 -130.0000000000
2803 -129.0000000000
2853 -128.0000000000
2873 -127.0000000000
2881 -126.0000000000
2921 -125.0000000000
2943 -124.0000000000
2976 -123.0000000000
3007 -122.0000000000
3036 -121.0000000000
3058 -119.0000000000
3095 -118.0000000000
3110 -117.0000000000
3143 -116.0000000000
3153 -115.0000000000
3196 -114.0000000000
3205 -112.0000000000
3237 -111.0000000000
3248 -110.0000000000
3260 -109.0000000000
3272 -108.0000000000
3280 -107.0000000000
3292 -105.0000000000
3310 -104.0000000000
3316 -103.0000000000
3349 -102.0000000000
3362 -100.0000000000
3410 -99.0000000000
3421 -98.0000000000
3442 -97.0000000000
3447 -96.0000000000
3451 -95.0000000000
3479 -94.0000000000
3487 -92.0000000000
3557 -91.0000000000
3572 -90.0000000000
3590 -89.0000000000
3601 -88.0000000000
3616 -87.0000000000
3643 -86.0000000000
3682 -85.0000000000
3707 -84.0000000000
3746 -83.0000000000
3761 -82.0000000000
3782 -81.0000000000
3809 -80.0000000000
3826 -79.0000000000
3828 -78.0000000000
3862 -77.0000000000
3876 -76.0000000000
3889 -74.0000000000
3898 -73.0000000000
3904 -72.0000000000
3941 -71.0000000000
3968 -70.0000000000
3984 -69.0000000000
3993 -68.0000000000
4056 -67.0000000000
4073 -66.0000000000
4080 -65.0000000000
4098 -64.0000000000
4173 -63.0000000000
4187 -62.0000000000
4204 -61.0000000000
4235 -60.0000000000
4259 -59.0000000000
4302 -58.0000000000
4308 -57.0000000000
4355 -56.0000000000
4420 -55.0000000000
4495 -54.0000000000
4537 -53.0000000000
4624 -52.0000000000
4663 -51.0000000000
4709 -50.0000000000
4791 -49.0000000000
4827 -48.0000000000
4868 -47.0000000000
4920 -46.0000000000
4983 -45.0000000000
4996 -44.0000000000
5107 -43.0000000000
5196 -42.0000000000
5215 -41.0000000000
5225 -40.0000000000
5290 -39.0000000000
5377 -38.0000000000
5438 -37.0000000000
5457 -36.0000000000
5472 -35.0000000000
5506 -34.0000000000
5531 -33.0000000000
5573 -32.0000000000
5597 -31.0000000000
5631 -29.0000000000
5695 -28.0000000000
5746 -27.0000000000
5764 -26.0000000000
5813 -25.0000000000
5845 -24.0000000000
5923 -23.0000000000
6001 -22.0000000000
6026 -21.0000000000
6097 -20.0000000000
6227 -18.0000000000
6310 -17.0000000000
6479 -16.0000000000
6559 -15.0000000000
6633 -14.0000000000
6669 -13.0000000000
6851 -12.0000000000
6995 -11.0000000000
7197 -10.0000000000
7230 -9.0000000000
7339 -8.0000000000
7693 -7.0000000000
7745 -6.0000000000
7829 -5.0000000000
7886 -4.0000000000
7915 -3.0000000000
7996 -2.0000000000
8112 -1.0000000000
8215 586.0000000000
9698 602.0000000000
9729 607.0000000000
9739 616.0000000000
10010 616.0000000000
evaluations raw_y
1 -355.0000000000
4 -336.0000000000
27 -322.0000000000
59 -318.0000000000
64 -310.0000000000
85 -309.0000000000
99 -306.0000000000
116 -303.0000000000
139 -302.0000000000
140 -301.0000000000
160 -300.0000000000
171 -299.0000000000
173 -298.0000000000
186 -297.0000000000
189 -296.0000000000
207 -295.0000000000
218 -294.0000000000
251 -293.0000000000
268 -292.0000000000
292 -291.0000000000
300 -290.0000000000
317 -289.0000000000
326 -288.0000000000
330 -287.0000000000
340 -285.0000000000
365 -284.0000000000
376 -283.0000000000
390 -282.0000000000
396 -281.0000000000
408 -280.0000000000
417 -279.0000000000
430 -278.0000000000
446 -275.0000000000
480 -274.0000000000
486 -273.0000000000
489 -272.0000000000
507 -271.0000000000
520 -269.0000000000
536 -268.0000000000
582 -267.0000000000
601 -266.0000000000
606 -265.0000000000
621 -264.0000000000
638 -263.0000000000
641 -262.0000000000
682 -261.0000000000
685 -260.0000000000
704 -259.0000000000
717 -258.0000000000
740 -257.0000000000
754 -256.0000000000
770 -255.0000000000
774 -254.0000000000
789 -253.0000000000
796 -252.0000000000
802 -250.0000000000
810 -249.0000000000
845 -248.0000000000
864 -247.0000000000
888 -246.0000000000
907 -245.0000000000
919 -243.0000000000
939 -241.0000000000
947 -240.0000000000
976 -239.0000000000
987 -238.0000000000
1000 -237.0000000000
1030 -236.0000000000
1042 -235.0000000000
1058 -234.0000000000
1062 -233.0000000000
1083 -232.0000000000
1095 -230.0000000000
1107 -229.0000000000
1123 -228.0000000000
1134 -227.0000000000
1146 -226.0000000000
1168 -225.0000000000
1173 -224.0000000000
1202 -223.0000000000
1218 -222.0000000000
1242 -220.0000000000
1260 -219.0000000000
1274 -218.0000000000
1292 -217.0000000000
1308 -215.0000000000
1335 -214.0000000000
1345 -213.0000000000
1354 -212.0000000000
1357 -211.0000000000
1383 -210.0000000000
1392 -209.0000000000
1415 -207.0000000000
1431 -206.0000000000
1452 -205.0000000000
1461 -204.0000000000
1469 -203.0000000000
1506 -202.0000000000
1522 -201.0000000000
1525 -200.0000000000
1561 -199.0000000000
1584 -198.0000000000
1587 -197.0000000000
1599 -196.0000000000
1612 -195.0000000000
1627 -193.0000000000
1647 -192.0000000000
1677 -191.0000000000
1686 -190.0000000000
1702 -189.0000000000
1716 -188.0000000000
1725 -187.0000000000
1736 -186.0000000000
1767 -185.0000000000
1776 -184.0000000000
1803 -182.0000000000
1814 -181.0000000000
1830 -180.0000000000
1843 -179.0000000000
1862 -178.0000000000
1880 -177.0000000000
1905 -176.0000000000
1932 -175.0000000000
1945 -174.0000000000
1952 -173.0000000000
1955 -172.0000000000
1979 -170.0000000000
1991 -169.0000000000
2012 -168.0000000000
2023 -166.0000000000
2055 -165.0000000000
2065 -164.0000000000
2083 -163.0000000000
2092 -162.0000000000
2093 -161.0000000000
2109 -160.0000000000
2121 -159.0000000000
2161 -158.0000000000
2195 -157.0000000000
2199 -156.0000000000
2223 -155.0000000000
2246 -154.0000000000
2256 -153.0000000000
2275 -152.0000000000
2279 -151.0000000000
2300 -150.0000000000
2314 -149.0000000000
2324 -148.0000000000
2338 -147.0000000000
2387 -146.0000000000
2388 -145.0000000000
2396 -144.0000000000
2462 -143.0000000000
2490 -142.0000000000
2513 -141.0000000000
2546 -140.0000000000
2596 -139.0000000000
2624 -138.0000000000
2627 -137.0000000000
2658 -136.0000000000
2717 -135.0000000000
2743 -134.0000000000
2781 -133.0000000000
2797 -132.0000000000
2819 -131.0000000000
2837 -130.0000000000
2857 -129.0000000000
2871 -128.0000000000
2879 -126.0000000000
2893 -125.0000000000
2932 -124.0000000000
2949 -123.0000000000
2971 -122.0000000000
3013 -121.0000000000
3025 -120.0000000000
3058 -119.0000000000
3060 -118.0000000000
3080 -117.0000000000
3136 -116.0000000000
3185 -115.0000000000
3207 -114.0000000000
3248 -113.0000000000
3264 -112.0000000000
3289 -111.0000000000
3311 -110.0000000000
3350 -109.0000000000
3365 -108.0000000000
3400 -107.0000000000
3417 -106.0000000000
3434 -104.0000000000
3473 -103.0000000000
3493 -101.0000000000
3499 -100.0000000000
3506 -99.0000000000
3516 -98.0000000000
3530 -97.0000000000
3574 -96.0000000000
3583 -95.0000000000
3596 -94.0000000000
3643 -93.0000000000
3672 -92.0000000000
3675 -91.0000000000
3699 -90.0000000000
3730 -89.0000000000
3859 -88.0000000000
3892 -87.0000000000
3939 -85.0000000000
3981 -84.0000000000
3999 -83.0000000000
4013 -82.0000000000
4015 -81.0000000000
4169 -80.0000000000
4213 -79.0000000000
4241 -78.0000000000
4258 -77.0000000000
4374 -76.0000000000
4403 -75.0000000000
4438 -74.0000000000
4451 -73.0000000000
4470 -72.0000000000
4496 -70.0000000000
4528 -69.0000000000
4566 -68.0000000000
4579 -67.0000000000
4596 -66.0000000000
4675 -65.0000000000
4699 -64.0000000000
4731 -62.0000000000
4770 -61.0000000000
4818 -60.0000000000
4859 -59.0000000000
4887 -58.0000000000
4928 -57.0000000000
4992 -56.0000000000
5226 -55.0000000000
5268 -54.0000000000
5307 -53.0000000000
5312 -52.0000000000
5484 -51.0000000000
5673 -50.0000000000
5714 -49.0000000000
5792 -48.0000000000
5819 -47.0000000000
5887 -46.0000000000
5900 -45.0000000000
5954 -44.0000000000
5985 -43.0000000000
6136 -42.0000000000
6194 -41.0000000000
6296 -40.0000000000
6299 -39.0000000000
6342 -38.0000000000
6357 -37.0000000000
6404 -36.0000000000
6442 -35.0000000000
6484 -34.0000000000
6535 -33.0000000000
6581 -32.0000000000
6623 -31.0000000000
6724 -30.0000000000
6760 -29.0000000000
6821 -28.0000000000
6849 -27.0000000000
6906 -26.0000000000
6982 -25.0000000000
7058 -24.0000000000
7081 -23.0000000000
7096 -22.0000000000
7120 -20.0000000000
7185 -19.0000000000
7208 -18.0000000000
7249 -17.0000000000
7270 -16.0000000000
7303 -15.0000000000
7314 -14.0000000000
7336 -13.0000000000
7365 -12.0000000000
7454 -11.0000000000
7850 -10.0000000000
7934 -9.0000000000
7981 -8.0000000000
8031 -6.0000000000
8076 -5.0000000000
8185 -4.0000000000
8365 -3.0000000000
8641 -2.0000000000
8673 -1.0000000000
8753 579.0000000000
9362 584.0000000000
9402 589.0000000000
9409 594.0000000000
10010 594.0000000000
evaluations raw_y
1 -354.0000000000
6 -353.0000000000
20 -342.0000000000
36 -334.0000000000
46 -330.0000000000
47 -328.0000000000
55 -327.0000000000
61 -319.0000000000
85 -313.0000000000
92 -307.0000000000
113 -306.0000000000
115 -304.0000000000
122 -303.0000000000
125 -302.0000000000
134 -299.0000000000
152 -297.0000000000
167 -296.0000000000
179 -295.0000000000
206 -294.0000000000
209 -293.0000000000
213 -292.0000000000
238 -291.0000000000
256 -289.0000000000
268 -288.0000000000
283 -285.0000000000
317 -284.0000000000
327 -283.0000000000
342 -281.0000000000
357 -280.0000000000
366 -278.0000000000
399 -277.0000000000
407 -276.0000000000
415 -275.0000000000
424 -273.0000000000
449 -272.0000000000
464 -270.0000000000
482 -269.0000000000
488 -268.0000000000
509 -267.0000000000
526 -266.0000000000
530 -265.0000000000
556 -264.0000000000
577 -263.0000000000
585 -261.0000000000
609 -260.0000000000
614 -258.0000000000
644 -257.0000000000
654 -256.0000000000
656 -255.0000000000
670 -253.0000000000
717 -251.0000000000
744 -249.0000000000
763 -247.0000000000
779 -246.0000000000
796 -244.0000000000
812 -243.0000000000
829 -242.0000000000
878 -241.0000000000
882 -240.0000000000
897 -239.0000000000
915 -238.0000000000
930 -237.0000000000
950 -235.0000000000
968 -234.0000000000
976 -233.0000000000
992 -232.0000000000
997 -231.0000000000
1020 -230.0000000000
1032 -228.0000000000
1055 -227.0000000000
1063 -226.0000000000
1082 -225.0000000000
1090 -224.0000000000
1115 -223.0000000000
1121 -222.0000000000
1156 -221.0000000000
1166 -220.0000000000
1184 -218.0000000000
1209 -217.0000000000
1227 -216.0000000000
1240 -215.0000000000
1304 -214.0000000000
1329 -213.0000000000
1345 -212.0000000000
1371 -211.0000000000
1374 -210.0000000000
1377 -209.0000000000
1385 -208.0000000000
1407 -207.0000000000
1420 -206.0000000000
1429 -205.0000000000
1434 -204.0000000000
1448 -203.0000000000
1494 -202.0000000000
1504 -201.0000000000
1522 -200.0000000000
1529 -199.0000000000
1530 -198.0000000000
1532 -197.0000000000
1581 -196.0000000000
1595 -194.0000000000
1617 -193.0000000000
1643 -192.0000000000
1657 -191.0000000000
1684 -190.0000000000
1700 -188.0000000000
1728 -187.0000000000
1736 -186.0000000000
1756 -185.0000000000
1780 -184.0000000000
1802 -182.0000000000
1805 -181.0000000000
1814 -180.0000000000
1850 -179.0000000000
1864 -178.0000000000
1886 -177.0000000000
1892 -176.0000000000
1929 -175.0000000000
1937 -174.0000000000
1962 -173.0000000000
1975 -172.0000000000
2019 -171.0000000000
2028 -170.0000000000
2057 -169.0000000000
2086 -168.0000000000
2098 -167.0000000000
2106 -166.0000000000
2121 -164.0000000000
2131 -163.0000000000
2161 -162.0000000000
2179 -161.0000000000
2214 -160.0000000000
2217 -159.0000000000
2231 -158.0000000000
2246 -157.0000000000
2262 -156.0000000000
2271 -155.0000000000
2273 -154.0000000000
2287 -153.0000000000
2303 -152.0000000000
2309 -150.0000000000
2355 -149.0000000000
2383 -148.0000000000
2416 -147.0000000000
2418 -146.0000000000
2436 -145.0000000000
2439 -144.0000000000
2458 -143.0000000000
2461 -142.0000000000
2483 -141.0000000000
2506 -140.0000000000
2534 -139.0000000000
2565 -137.0000000000
2590 -135.0000000000
2638 -134.0000000000
2686 -133.0000000000
2698 -132.0000000000
2751 -131.0000000000
2798 -130.0000000000
2830 -129.0000000000
2837 -128.0000000000
2843 -127.0000000000
2876 -126.0000000000
2905 -125.0000000000
2921 -124.0000000000
2949 -123.0000000000
2954 -122.0000000000
2966 -120.0000000000
2986 -119.0000000000
3010 -117.0000000000
3030 -116.0000000000
3044 -115.0000000000
3053 -114.0000000000
3074 -113.0000000000
3085 -112.0000000000
3126 -111.0000000000
3142 -110.0000000000
3165 -109.0000000000
3173 -107.0000000000
3208 -106.0000000000
3215 -104.0000000000
3248 -103.0000000000
3282 -102.0000000000
3309 -101.0000000000
3318 -100.0000000000
3333 -99.0000000000
3351 -98.0000000000
3363 -97.0000000000
3369 -96.0000000000
3389 -95.0000000000
3398 -94.0000000000
3443 -92.0000000000
3448 -91.0000000000
3482 -90.0000000000
3485 -89.0000000000
3530 -88.0000000000
3564 -87.0000000000
3566 -86.0000000000
3588 -85.0000000000
3643 -84.0000000000
3660 -83.0000000000
3701 -82.0000000000
3766 -81.0000000000
3841 -80.0000000000
3894 -79.0000000000
3911 -78.0000000000
3929 -77.0000000000
3961 -76.0000000000
4029 -75.0000000000
4080 -74.0000000000
4108 -73.0000000000
4172 -72.0000000000
4189 -70.0000000000
4209 -69.0000000000
4251 -67.0000000000
4307 -66.0000000000
4309 -65.0000000000
4342 -64.0000000000
4415 -63.0000000000
4435 -62.0000000000
4459 -61.0000000000
4465 -60.0000000000
4494 -58.0000000000
4527 -56.0000000000
4566 -55.0000000000
4600 -54.0000000000
4616 -53.0000000000
4635 -52.0000000000
4655 -51.0000000000
4672 -50.0000000000
4677 -49.0000000000
4706 -48.0000000000
4737 -47.0000000000
4784 -46.0000000000
4855 -45.0000000000
4863 -44.0000000000
4906 -43.0000000000
4977 -42.0000000000
5031 -41.0000000000
5036 -40.0000000000
5063 -39.0000000000
5073 -38.0000000000
5209 -37.0000000000
5230 -36.0000000000
5300 -35.0000000000
5351 -34.0000000000
5394 -33.0000000000
5450 -32.0000000000
5523 -31.0000000000
5560 -30.0000000000
5593 -29.0000000000
5653 -28.0000000000
5807 -27.0000000000
5896 -26.0000000000
5953 -25.0000000000
5972 -24.0000000000
5983 -23.0000000000
6039 -22.0000000000
6105 -21.0000000000
6164 -20.0000000000
6363 -19.0000000000
6448 -18.0000000000
6498 -17.0000000000
6516 -16.0000000000
6591 -15.0000000000
6640 -14.0000000000
6838 -13.0000000000
7011 -12.0000000000
7036 -11.0000000000
7066 -10.0000000000
7091 -9.0000000000
7093 -8.0000000000
7120 -7.0000000000
7183 -6.0000000000
7409 -5.0000000000
7425 -4.0000000000
7508 -3.0000000000
7848 -2.0000000000
7949 -1.0000000000
8087 556.0000000000
8463 577.0000000000
8751 591.0000000000
10010 -1.0000000000
evaluations raw_y
1 -384.0000000000
2 -375.0000000000
4 -374.0000000000
5 -360.0000000000
6 -352.0000000000
26 -351.0000000000
32 -344.0000000000
41 -335.0000000000
45 -332.0000000000
56 -331.0000000000
57 -316.0000000000
79 -315.0000000000
81 -313.0000000000
89 -305.0000000000
110 -304.0000000000
111 -301.0000000000
115 -300.0000000000
119 -299.0000000000
133 -297.0000000000
136 -295.0000000000
154 -293.0000000000
161 -292.0000000000
162 -290.0000000000
185 -289.0000000000
187 -287.0000000000
210 -285.0000000000
232 -283.0000000000
260 -282.0000000000
284 -281.0000000000
287 -280.0000000000
313 -279.0000000000
333 -278.0000000000
351 -277.0000000000
369 -276.0000000000
372 -275.0000000000
394 -274.0000000000
399 -273.0000000000
400 -272.0000000000
413 -271.0000000000
434 -270.0000000000
440 -268.0000000000
460 -267.0000000000
482 -266.0000000000
483 -265.0000000000
514 -264.0000000000
525 -263.0000000000
534 -262.0000000000
539 -261.0000000000
548 -260.0000000000
555 -259.0000000000
569 -258.0000000000
580 -256.0000000000
619 -255.0000000000
627 -254.0000000000
642 -253.0000000000
643 -250.0000000000
677 -249.0000000000
682 -248.0000000000
719 -246.0000000000
758 -245.0000000000
778 -244.0000000000
781 -243.0000000000
793 -242.0000000000
808 -240.0000000000
829 -239.0000000000
847 -238.0000000000
850 -237.0000000000
871 -236.0000000000
877 -235.0000000000
910 -234.0000000000
920 -233.0000000000
940 -232.0000000000
947 -230.0000000000
956 -229.0000000000
971 -228.0000000000
987 -227.0000000000
1011 -226.0000000000
1017 -225.0000000000
1029 -223.0000000000
1048 -222.0000000000
1056 -221.0000000000
1082 -220.0000000000
1096 -219.0000000000
1113 -218.0000000000
1117 -217.0000000000
1140 -216.0000000000
1161 -215.0000000000
1179 -214.0000000000
1187 -213.0000000000
1195 -212.0000000000
1214 -211.0000000000
1237 -209.0000000000
1264 -207.0000000000
1282 -206.0000000000
1295 -205.0000000000
1322 -204.0000000000
1350 -203.0000000000
1353 -202.0000000000
1387 -201.0000000000
1421 -200.0000000000
1447 -199.0000000000
1457 -198.0000000000
1469 -197.0000000000
1474 -196.0000000000
1487 -195.0000000000
1516 -194.0000000000
1527 -193.0000000000
1543 -192.0000000000
1559 -191.0000000000
1572 -189.0000000000
1582 -188.0000000000
1598 -187.0000000000
1606 -186.0000000000
1609 -185.0000000000
1617 -184.0000000000
1625 -183.0000000000
1645 -182.0000000000
1663 -180.0000000000
1689 -179.0000000000
1705 -177.0000000000
1738 -176.0000000000
1746 -175.0000000000
1749 -174.0000000000
1756 -173.0000000000
1771 -172.0000000000
1802 -171.0000000000
1806 -170.0000000000
1830 -169.0000000000
1858 -168.0000000000
1897 -166.0000000000
1903 -165.0000000000
1934 -164.0000000000
1942 -162.0000000000
1996 -161.0000000000
2003 -160.0000000000
2009 -159.0000000000
2022 -157.0000000000
2074 -156.0000000000
2094 -155.0000000000
2103 -153.0000000000
2138 -151.0000000000
2181 -149.0000000000
2191 -148.0000000000
2216 -147.0000000000
2263 -146.0000000000
2269 -144.0000000000
2302 -143.0000000000
2323 -142.0000000000
2331 -139.0000000000
2370 -138.0000000000
2380 -137.0000000000
2403 -136.0000000000
2426 -134.0000000000
2475 -133.0000000000
2492 -132.0000000000
2512 -131.0000000000
2524 -129.0000000000
2566 -128.0000000000
2595 -127.0000000000
2632 -126.0000000000
2640 -125.0000000000
2684 -124.0000000000
2704 -123.0000000000
2736 -121.0000000000
2755 -120.0000000000
2784 -119.0000000000
2805 -118.0000000000
2827 -117.0000000000
2829 -116.0000000000
2865 -115.0000000000
2878 -113.0000000000
2898 -111.0000000000
2924 -109.0000000000
2941 -108.0000000000
2970 -107.0000000000
2999 -106.0000000000
3042 -105.0000000000
3078 -104.0000000000
3092 -102.0000000000
3122 -101.0000000000
3141 -100.0000000000
3163 -99.0000000000
3212 -98.0000000000
3231 -97.0000000000
3271 -96.0000000000
3284 -95.0000000000
3308 -94.0000000000
3336 -92.0000000000
3374 -91.0000000000
3412 -90.0000000000
3425 -89.0000000000
3435 -88.0000000000
3438 -87.0000000000
3482 -86.0000000000
3490 -85.0000000000
3520 -84.0000000000
3532 -82.0000000000
3549 -81.0000000000
3593 -80.0000000000
3618 -79.0000000000
3676 -78.0000000000
3716 -77.0000000000
3767 -76.0000000000
3813 -75.0000000000
3819 -74.0000000000
3883 -73.0000000000
3923 -72.0000000000
3936 -71.0000000000
3943 -70.0000000000
3978 -69.0000000000
3988 -68.0000000000
4042 -67.0000000000
4044 -66.0000000000
4188 -65.0000000000
4235 -64.0000000000
4263 -63.0000000000
4298 -62.0000000000
4308 -61.0000000000
4345 -60.0000000000
4431 -58.0000000000
4495 -57.0000000000
4534 -56.0000000000
4570 -55.0000000000
4653 -54.0000000000
4680 -52.0000000000
4684 -51.0000000000
4740 -50.0000000000
4772 -49.0000000000
4775 -48.0000000000
4810 -47.0000000000
4853 -46.0000000000
4900 -45.0000000000
4968 -44.0000000000
5060 -43.0000000000
5091 -42.0000000000
5236 -41.0000000000
5280 -40.0000000000
5338 -39.0000000000
5380 -38.0000000000
5405 -37.0000000000
5435 -36.0000000000
5469 -35.0000000000
5487 -32.0000000000
5565 -31.0000000000
5581 -30.0000000000
5634 -29.0000000000
5757 -28.0000000000
5821 -27.0000000000
5840 -26.0000000000
5894 -25.0000000000
5958 -24.0000000000
5994 -23.0000000000
6218 -22.0000000000
6351 -21.0000000000
6408 -20.0000000000
6486 -19.0000000000
6503 -18.0000000000
6540 -17.0000000000
6554 -16.0000000000
6589 -15.0000000000
6651 -14.0000000000
6696 -13.0000000000
6731 -12.0000000000
6740 -11.0000000000
7031 -10.0000000000
7168 -9.0000000000
7207 -8.0000000000
7250 -7.0000000000
7362 -6.0000000000
7479 -5.0000000000
7525 -4.0000000000
7610 -3.0000000000
8472 -2.0000000000
9029 -1.0000000000
9768 524.0000000000
10010 524.0000000000
evaluations raw_y
1 -355.0000000000
3 -352.0000000000
7 -347.0000000000
20 -335.0000000000
30 -331.0000000000
35 -329.0000000000
36 -326.0000000000
42 -323.0000000000
52 -322.0000000000
55 -319.0000000000
73 -315.0000000000
83 -314.0000000000
91 -311.0000000000
93 -304.0000000000
98 -303.0000000000
119 -300.0000000000
128 -299.0000000000
133 -296.0000000000
154 -292.0000000000
171 -290.0000000000
177 -288.0000000000
191 -287.0000000000
199 -286.0000000000
211 -283.0000000000
217 -279.0000000000
249 -277.0000000000
263 -276.0000000000
279 -275.0000000000
283 -274.0000000000
294 -273.0000000000
305 -272.0000000000
315 -270.0000000000
342 -269.0000000000
349 -268.0000000000
354 -267.0000000000
390 -266.0000000000
396 -265.0000000000
400 -264.0000000000
418 -263.0000000000
432 -259.0000000000
488 -258.0000000000
495 -257.0000000000
498 -256.0000000000
527 -255.0000000000
539 -254.0000000000
558 -253.0000000000
560 -252.0000000000
579 -251.0000000000
582 -250.0000000000
588 -249.0000000000
612 -248.0000000000
630 -247.0000000000
640 -246.0000000000
665 -244.0000000000
684 -243.0000000000
686 -242.0000000000
694 -241.0000000000
716 -240.0000000000
728 -239.0000000000
738 -238.0000000000
751 -237.0000000000
774 -235.0000000000
798 -233.0000000000
821 -232.0000000000
834 -231.0000000000
852 -230.0000000000
853 -229.0000000000
855 -227.0000000000
870 -226.0000000000
893 -225.0000000000
900 -223.0000000000
935 -222.0000000000
937 -221.0000000000
953 -220.0000000000
973 -219.0000000000
982 -218.0000000000
1003 -217.0000000000
1008 -216.0000000000
1023 -215.0000000000
1039 -213.0000000000
1065 -212.0000000000
1076 -211.0000000000
1088 -210.0000000000
1090 -209.0000000000
1111 -208.0000000000
1117 -207.0000000000
1149 -206.0000000000
1157 -205.0000000000
1181 -204.0000000000
1216 -202.0000000000
1232 -201.0000000000
1243 -200.0000000000
1264 -199.0000000000
1283 -198.0000000000
1319 -197.0000000000
1328 -196.0000000000
1375 -195.0000000000
1404 -194.0000000000
1413 -193.0000000000
1433 -191.0000000000
1455 -190.0000000000
1472 -189.0000000000
1479 -187.0000000000
1489 -186.0000000000
1512 -185.0000000000
1513 -184.0000000000
1521 -183.0000000000
1532 -182.0000000000
1550 -180.0000000000
1588 -177.0000000000
1630 -175.0000000000
1633 -174.0000000000
1662 -173.0000000000
1665 -172.0000000000
1667 -171.0000000000
1700 -169.0000000000
1721 -168.0000000000
1751 -167.0000000000
1765 -166.0000000000
1790 -165.0000000000
1808 -164.0000000000
1813 -163.0000000000
1835 -162.0000000000
1863 -161.0000000000
1873 -160.0000000000
1891 -159.0000000000
1893 -158.0000000000
1914 -157.0000000000
1917 -156.0000000000
1925 -155.0000000000
1928 -154.0000000000
1937 -153.0000000000
1969 -152.0000000000
1978 -151.0000000000
1993 -150.0000000000
2001 -149.0000000000
2029 -148.0000000000
2069 -147.0000000000
2100 -146.0000000000
2122 -145.0000000000
2145 -144.0000000000
2176 -143.0000000000
2226 -142.0000000000
2269 -141.0000000000
2311 -139.0000000000
2343 -138.0000000000
2357 -137.0000000000
2384 -136.0000000000
2389 -135.0000000000
2405 -134.0000000000
2422 -133.0000000000
2463 -132.0000000000
2506 -131.0000000000
2532 -129.0000000000
2573 -128.0000000000
2592 -127.0000000000
2601 -126.0000000000
2635 -125.0000000000
2639 -124.0000000000
2640 -123.0000000000
2710 -122.0000000000
2743 -121.0000000000
2766 -120.0000000000
2791 -119.0000000000
2813 -118.0000000000
2849 -117.0000000000
2897 -116.0000000000
2936 -115.0000000000
2947 -114.0000000000
2960 -113.0000000000
2973 -112.0000000000
3014 -111.0000000000
3018 -110.0000000000
3053 -109.0000000000
3065 -108.0000000000
3081 -107.0000000000
3115 -106.0000000000
3144 -105.0000000000
3145 -104.0000000000
3151 -103.0000000000
3206 -102.0000000000
3213 -101.0000000000
3234 -100.0000000000
3255 -99.0000000000
3268 -98.0000000000
3298 -97.0000000000
3311 -96.0000000000
3390 -95.0000000000
3426 -94.0000000000
3471 -93.0000000000
3488 -92.0000000000
3491 -91.0000000000
3506 -90.0000000000
3508 -89.0000000000
3520 -88.0000000000
3574 -87.0000000000
3600 -86.0000000000
3623 -85.0000000000
3630 -84.0000000000
3656 -83.0000000000
3668 -82.0000000000
3678 -80.0000000000
3707 -79.0000000000
3739 -78.0000000000
3746 -77.0000000000
3749 -76.0000000000
3766 -75.0000000000
3795 -74.0000000000
3836 -73.0000000000
3852 -71.0000000000
3867 -70.0000000000
3885 -69.0000000000
3912 -68.0000000000
3927 -67.0000000000
3961 -66.0000000000
3992 -65.0000000000
4025 -64.0000000000
4062 -63.0000000000
4072 -62.0000000000
4103 -61.0000000000
4265 -60.0000000000
4298 -59.0000000000
4323 -58.0000000000
4328 -57.0000000000
4359 -56.0000000000
4381 -55.0000000000
4438 -54.0000000000
4472 -53.0000000000
4499 -52.0000000000
4510 -51.0000000000
4539 -50.0000000000
4569 -49.0000000000
4634 -48.0000000000
4668 -47.0000000000
4670 -46.0000000000
4700 -45.0000000000
4730 -44.0000000000
4748 -43.0000000000
4830 -42.0000000000
4878 -41.0000000000
4912 -40.0000000000
5002 -39.0000000000
5085 -38.0000000000
5099 -37.0000000000
5144 -36.0000000000
5211 -35.0000000000
5237 -34.0000000000
5355 -33.0000000000
5435 -32.0000000000
5655 -31.0000000000
5718 -30.0000000000
5746 -29.0000000000
5829 -28.0000000000
5842 -27.0000000000
5861 -26.0000000000
5944 -25.0000000000
6036 -24.0000000000
6062 -23.0000000000
6082 -22.0000000000
6113 -21.0000000000
6169 -20.0000000000
6232 -19.0000000000
6262 -18.0000000000
6302 -17.0000000000
6430 -16.0000000000
6455 -15.0000000000
6517 -14.0000000000
6593 -13.0000000000
6755 -12.0000000000
6806 -11.0000000000
6863 -10.0000000000
7111 -9.0000000000
7125 -8.0000000000
7240 -7.0000000000
7473 -6.0000000000
7501 -5.0000000000
7559 -4.0000000000
7616 -3.0000000000
7691 -2.0000000000
7706 -1.0000000000
8060 563.0000000000
10010 563.0000000000
