evaluations raw_y
1 -217.0000000000
2 -216.0000000000
3 -215.0000000000
7 -214.0000000000
11 -213.0000000000
12 -212.0000000000
14 -211.0000000000
16 -210.0000000000
17 -209.0000000000
18 -208.0000000000
20 -207.0000000000
21 -206.0000000000
22 -205.0000000000
23 -204.0000000000
26 -203.0000000000
27 -202.0000000000
28 -201.0000000000
29 -200.0000000000
30 -199.0000000000
32 -198.0000000000
37 -197.0000000000
38 -196.0000000000
39 -195.0000000000
43 -194.0000000000
45 -193.0000000000
47 -192.0000000000
50 -191.0000000000
51 -190.0000000000
53 -189.0000000000
57 -188.0000000000
59 -187.0000000000
66 -186.0000000000
68 -185.0000000000
71 -184.0000000000
72 -183.0000000000
73 -182.0000000000
74 -181.0000000000
80 -180.0000000000
81 -179.0000000000
85 -178.0000000000
86 -177.0000000000
87 -176.0000000000
89 -175.0000000000
92 -174.0000000000
94 -173.0000000000
96 -172.0000000000
97 -171.0000000000
98 -170.0000000000
100 -169.0000000000
101 -168.0000000000
103 -167.0000000000
104 -166.0000000000
108 -165.0000000000
110 -164.0000000000
114 -163.0000000000
115 -162.0000000000
117 -161.0000000000
119 -160.0000000000
121 -159.0000000000
122 -158.0000000000
123 -157.0000000000
126 -156.0000000000
127 -155.0000000000
130 -154.0000000000
135 -153.0000000000
136 -152.0000000000
137 -151.0000000000
138 -150.0000000000
139 -149.0000000000
140 -148.0000000000
145 -147.0000000000
149 -146.0000000000
150 -145.0000000000
152 -144.0000000000
156 -143.0000000000
157 -142.0000000000
160 -141.0000000000
161 -140.0000000000
164 -139.0000000000
165 -138.0000000000
167 -137.0000000000
168 -136.0000000000
169 -135.0000000000
173 -134.0000000000
178 -133.0000000000
181 -132.0000000000
182 -131.0000000000
183 -130.0000000000
188 -129.0000000000
189 -128.0000000000
191 -127.0000000000
195 -126.0000000000
196 -125.0000000000
204 -124.0000000000
205 -123.0000000000
208 -122.0000000000
213 -121.0000000000
220 -120.0000000000
221 -119.0000000000
224 -118.0000000000
226 -117.0000000000
243 -116.0000000000
245 -115.0000000000
246 -114.0000000000
248 -113.0000000000
249 -112.0000000000
250 -111.0000000000
254 -110.0000000000
256 -109.0000000000
258 -108.0000000000
260 -107.0000000000
263 -106.0000000000
272 -105.0000000000
275 -104.0000000000
279 -103.0000000000
281 -102.0000000000
288 -101.0000000000
290 -100.0000000000
298 -99.0000000000
306 -98.0000000000
307 -97.0000000000
308 -96.0000000000
309 -95.0000000000
314 -94.0000000000
324 -93.0000000000
335 -92.0000000000
347 -91.0000000000
348 -90.0000000000
357 -89.0000000000
360 -88.0000000000
368 -87.0000000000
374 -86.0000000000
384 -85.0000000000
401 -84.0000000000
419 -83.0000000000
426 -82.0000000000
441 -81.0000000000
442 -80.0000000000
445 -79.0000000000
449 -78.0000000000
454 -77.0000000000
458 -76.0000000000
469 -75.0000000000
474 -74.0000000000
477 -73.0000000000
478 -72.0000000000
479 -71.0000000000
482 -70.0000000000
505 -69.0000000000
509 -68.0000000000
536 -67.0000000000
539 -66.0000000000
549 -65.0000000000
554 -64.0000000000
557 -63.0000000000
560 -62.0000000000
585 -61.0000000000
591 -60.0000000000
595 -59.0000000000
598 -58.0000000000
600 -57.0000000000
611 -56.0000000000
613 -55.0000000000
629 -54.0000000000
633 -53.0000000000
636 -52.0000000000
645 -51.0000000000
646 -50.0000000000
648 -49.0000000000
660 -48.0000000000
661 -47.0000000000
677 -46.0000000000
689 -45.0000000000
697 -44.0000000000
711 -43.0000000000
717 -42.0000000000
718 -41.0000000000
736 -40.0000000000
743 -39.0000000000
749 -38.0000000000
750 -37.0000000000
755 -36.0000000000
769 -35.0000000000
770 -34.0000000000
774 -33.0000000000
789 -32.0000000000
812 -31.0000000000
834 -30.0000000000
840 -29.0000000000
842 -28.0000000000
855 -27.0000000000
866 -26.0000000000
899 -25.0000000000
904 -24.0000000000
905 -23.0000000000
907 -22.0000000000
908 -21.0000000000
926 -20.0000000000
957 -19.0000000000
980 -18.0000000000
991 -17.0000000000
997 -16.0000000000
1004 -15.0000000000
1013 -14.0000000000
1022 -13.0000000000
1080 -12.0000000000
1082 -11.0000000000
1116 -10.0000000000
1158 -9.0000000000
1160 -8.0000000000
1240 -7.0000000000
1248 -6.0000000000
1274 -5.0000000000
1279 -4.0000000000
1378 -3.0000000000
1419 -2.0000000000
1599 -1.0000000000
1620 392.0000000000
100001 -1.0000000000
evaluations raw_y
1 -227.0000000000
2 -226.0000000000
3 -225.0000000000
4 -224.0000000000
8 -223.0000000000
9 -222.0000000000
10 -221.0000000000
13 -220.0000000000
14 -219.0000000000
15 -218.0000000000
17 -217.0000000000
18 -216.0000000000
19 -215.0000000000
20 -214.0000000000
21 -213.0000000000
22 -212.0000000000
23 -211.0000000000
24 -210.0000000000
25 -209.0000000000
26 -208.0000000000
28 -207.0000000000
31 -206.0000000000
35 -205.0000000000
36 -204.0000000000
37 -203.0000000000
39 -202.0000000000
41 -201.0000000000
42 -200.0000000000
50 -199.0000000000
51 -198.0000000000
53 -197.0000000000
54 -196.0000000000
58 -195.0000000000
60 -194.0000000000
61 -193.0000000000
62 -192.0000000000
64 -191.0000000000
66 -190.0000000000
67 -189.0000000000
72 -188.0000000000
75 -187.0000000000
77 -186.0000000000
80 -185.0000000000
86 -184.0000000000
87 -183.0000000000
89 -182.0000000000
91 -181.0000000000
92 -180.0000000000
95 -179.0000000000
99 -178.0000000000
102 -177.0000000000
105 -176.0000000000
108 -175.0000000000
113 -174.0000000000
114 -173.0000000000
115 -172.0000000000
117 -171.0000000000
118 -170.0000000000
119 -169.0000000000
120 -168.0000000000
123 -167.0000000000
127 -166.0000000000
128 -165.0000000000
134 -164.0000000000
136 -163.0000000000
139 -162.0000000000
142 -161.0000000000
147 -160.0000000000
148 -159.0000000000
150 -158.0000000000
153 -157.0000000000
158 -156.0000000000
162 -155.0000000000
163 -154.0000000000
169 -153.0000000000
171 -152.0000000000
172 -151.0000000000
174 -150.0000000000
177 -149.0000000000
178 -148.0000000000
182 -147.0000000000
186 -146.0000000000
187 -145.0000000000
188 -144.0000000000
196 -143.0000000000
197 -142.0000000000
204 -141.0000000000
206 -140.0000000000
209 -139.0000000000
210 -138.0000000000
211 -137.0000000000
215 -136.0000000000
216 -135.0000000000
218 -134.0000000000
222 -133.0000000000
223 -132.0000000000
226 -131.0000000000
230 -130.0000000000
235 -129.0000000000
237 -128.0000000000
241 -127.0000000000
247 -126.0000000000
254 -125.0000000000
255 -124.0000000000
257 -123.0000000000
261 -122.0000000000
263 -121.0000000000
264 -120.0000000000
266 -119.0000000000
276 -118.0000000000
277 -117.0000000000
281 -116.0000000000
285 -115.0000000000
287 -114.0000000000
291 -113.0000000000
292 -112.0000000000
296 -111.0000000000
300 -110.0000000000
302 -109.0000000000
304 -108.0000000000
305 -107.0000000000
308 -106.0000000000
314 -105.0000000000
317 -104.0000000000
319 -103.0000000000
327 -102.0000000000
330 -101.0000000000
334 -100.0000000000
335 -99.0000000000
336 -98.0000000000
337 -97.0000000000
338 -96.0000000000
339 -95.0000000000
340 -94.0000000000
343 -93.0000000000
345 -92.0000000000
357 -91.0000000000
358 -90.0000000000
360 -89.0000000000
366 -88.0000000000
377 -87.0000000000
378 -86.0000000000
380 -85.0000000000
381 -84.0000000000
384 -83.0000000000
395 -82.0000000000
396 -81.0000000000
399 -80.0000000000
408 -79.0000000000
409 -78.0000000000
410 -77.0000000000
413 -76.0000000000
418 -75.0000000000
422 -74.0000000000
439 -73.0000000000
440 -72.0000000000
441 -71.0000000000
448 -70.0000000000
449 -69.0000000000
451 -68.0000000000
464 -67.0000000000
465 -66.0000000000
469 -65.0000000000
472 -64.0000000000
474 -63.0000000000
478 -62.0000000000
482 -61.0000000000
498 -60.0000000000
508 -59.0000000000
513 -58.0000000000
516 -57.0000000000
517 -56.0000000000
519 -55.0000000000
522 -54.0000000000
543 -53.0000000000
550 -52.0000000000
558 -51.0000000000
560 -50.0000000000
568 -49.0000000000
572 -48.0000000000
578 -47.0000000000
609 -46.0000000000
632 -45.0000000000
638 -44.0000000000
640 -43.0000000000
647 -42.0000000000
656 -41.0000000000
677 -40.0000000000
678 -39.0000000000
679 -38.0000000000
682 -37.0000000000
686 -36.0000000000
702 -35.0000000000
703 -34.0000000000
712 -33.0000000000
717 -32.0000000000
731 -31.0000000000
747 -30.0000000000
754 -29.0000000000
765 -28.0000000000
775 -27.0000000000
787 -26.0000000000
800 -25.0000000000
829 -24.0000000000
849 -23.0000000000
850 -22.0000000000
859 -21.0000000000
860 -20.0000000000
876 -19.0000000000
879 -18.0000000000
883 -17.0000000000
885 -16.0000000000
893 -15.0000000000
903 -14.0000000000
908 -13.0000000000
917 -12.0000000000
930 -11.0000000000
945 -10.0000000000
997 -9.0000000000
1043 -8.0000000000
1074 -7.0000000000
1132 -6.0000000000
1134 -5.0000000000
1153 -4.0000000000
1166 -3.0000000000
1205 -2.0000000000
1354 -1.0000000000
1366 384.0000000000
100001 -1.0000000000
evaluations raw_y
1 -204.0000000000
7 -203.0000000000
8 -202.0000000000
9 -201.0000000000
11 -200.0000000000
14 -199.0000000000
15 -198.0000000000
16 -197.0000000000
17 -196.0000000000
18 -195.0000000000
19 -194.0000000000
20 -193.0000000000
24 -192.0000000000
26 -191.0000000000
27 -190.0000000000
29 -189.0000000000
30 -188.0000000000
31 -187.0000000000
33 -186.0000000000
37 -185.0000000000
38 -184.0000000000
39 -183.0000000000
47 -182.0000000000
49 -181.0000000000
50 -180.0000000000
52 -179.0000000000
53 -178.0000000000
55 -177.0000000000
57 -176.0000000000
58 -175.0000000000
61 -174.0000000000
66 -173.0000000000
68 -172.0000000000
71 -171.0000000000
72 -170.0000000000
73 -169.0000000000
74 -168.0000000000
75 -167.0000000000
80 -166.0000000000
82 -165.0000000000
83 -164.0000000000
90 -163.0000000000
91 -162.0000000000
94 -161.0000000000
95 -160.0000000000
96 -159.0000000000
97 -158.0000000000
98 -157.0000000000
101 -156.0000000000
104 -155.0000000000
114 -154.0000000000
116 -153.0000000000
117 -152.0000000000
118 -151.0000000000
119 -150.0000000000
127 -149.0000000000
131 -148.0000000000
132 -147.0000000000
135 -146.0000000000
139 -145.0000000000
144 -144.0000000000
145 -143.0000000000
149 -142.0000000000
152 -141.0000000000
156 -140.0000000000
159 -139.0000000000
160 -138.0000000000
165 -137.0000000000
166 -136.0000000000
176 -135.0000000000
178 -134.0000000000
180 -133.0000000000
186 -132.0000000000
198 -131.0000000000
204 -130.0000000000
209 -129.0000000000
210 -128.0000000000
212 -127.0000000000
213 -126.0000000000
214 -125.0000000000
216 -124.0000000000
225 -123.0000000000
226 -122.0000000000
227 -121.0000000000
230 -120.0000000000
231 -119.0000000000
232 -118.0000000000
234 -117.0000000000
238 -116.0000000000
239 -115.0000000000
240 -114.0000000000
249 -113.0000000000
250 -112.0000000000
253 -111.0000000000
254 -110.0000000000
256 -109.0000000000
259 -108.0000000000
262 -107.0000000000
265 -106.0000000000
266 -105.0000000000
270 -104.0000000000
271 -103.0000000000
275 -102.0000000000
276 -101.0000000000
287 -100.0000000000
289 -99.0000000000
290 -98.0000000000
310 -97.0000000000
311 -96.0000000000
312 -95.0000000000
318 -94.0000000000
319 -93.0000000000
320 -92.0000000000
327 -91.0000000000
333 -90.0000000000
338 -89.0000000000
341 -88.0000000000
354 -87.0000000000
357 -86.0000000000
365 -85.0000000000
372 -84.0000000000
373 -83.0000000000
384 -82.0000000000
386 -81.0000000000
387 -80.0000000000
389 -79.0000000000
391 -78.0000000000
395 -77.0000000000
397 -76.0000000000
403 -75.0000000000
405 -74.0000000000
415 -73.0000000000
417 -72.0000000000
420 -71.0000000000
421 -70.0000000000
425 -69.0000000000
430 -68.0000000000
436 -67.0000000000
440 -66.0000000000
443 -65.0000000000
444 -64.0000000000
448 -63.0000000000
454 -62.0000000000
464 -61.0000000000
471 -60.0000000000
475 -59.0000000000
481 -58.0000000000
484 -57.0000000000
489 -56.0000000000
500 -55.0000000000
501 -54.0000000000
504 -53.0000000000
508 -52.0000000000
518 -51.0000000000
520 -50.0000000000
529 -49.0000000000
536 -48.0000000000
550 -47.0000000000
553 -46.0000000000
554 -45.0000000000
579 -44.0000000000
584 -43.0000000000
586 -42.0000000000
589 -41.0000000000
593 -40.0000000000
594 -39.0000000000
595 -38.0000000000
608 -37.0000000000
610 -36.0000000000
616 -35.0000000000
623 -34.0000000000
626 -33.0000000000
642 -32.0000000000
655 -31.0000000000
658 -30.0000000000
673 -29.0000000000
677 -28.0000000000
682 -27.0000000000
698 -26.0000000000
701 -25.0000000000
728 -24.0000000000
734 -23.0000000000
739 -22.0000000000
745 -21.0000000000
752 -20.0000000000
761 -19.0000000000
814 -18.0000000000
835 -17.0000000000
840 -16.0000000000
863 -15.0000000000
882 -14.0000000000
885 -13.0000000000
887 -12.0000000000
902 -11.0000000000
914 -10.0000000000
915 -9.0000000000
927 -8.0000000000
957 -7.0000000000
998 -6.0000000000
1021 -5.0000000000
1089 -4.0000000000
1101 -3.0000000000
1132 -2.0000000000
1160 -1.0000000000
1201 381.0000000000
100001 -1.0000000000
evaluations raw_y
1 -225.0000000000
2 -224.0000000000
3 -223.0000000000
5 -222.0000000000
6 -221.0000000000
9 -220.0000000000
12 -219.0000000000
15 -218.0000000000
16 -217.0000000000
18 -216.0000000000
20 -215.0000000000
22 -214.0000000000
23 -213.0000000000
24 -212.0000000000
25 -211.0000000000
26 -210.0000000000
27 -209.0000000000
30 -208.0000000000
32 -207.0000000000
36 -206.0000000000
37 -205.0000000000
38 -204.0000000000
42 -203.0000000000
43 -202.0000000000
45 -201.0000000000
47 -200.0000000000
48 -199.0000000000
49 -198.0000000000
50 -197.0000000000
54 -196.0000000000
56 -195.0000000000
59 -194.0000000000
62 -193.0000000000
63 -192.0000000000
65 -191.0000000000
67 -190.0000000000
68 -189.0000000000
69 -188.0000000000
72 -187.0000000000
73 -186.0000000000
75 -185.0000000000
76 -184.0000000000
77 -183.0000000000
79 -182.0000000000
84 -181.0000000000
89 -180.0000000000
92 -179.0000000000
94 -178.0000000000
95 -177.0000000000
98 -176.0000000000
102 -175.0000000000
103 -174.0000000000
104 -173.0000000000
105 -172.0000000000
106 -171.0000000000
108 -170.0000000000
117 -169.0000000000
118 -168.0000000000
119 -167.0000000000
123 -166.0000000000
124 -165.0000000000
127 -164.0000000000
130 -163.0000000000
134 -162.0000000000
135 -161.0000000000
137 -160.0000000000
139 -159.0000000000
142 -158.0000000000
143 -157.0000000000
144 -156.0000000000
145 -155.0000000000
146 -154.0000000000
147 -153.0000000000
150 -152.0000000000
151 -151.0000000000
155 -150.0000000000
156 -149.0000000000
157 -148.0000000000
161 -147.0000000000
163 -146.0000000000
165 -145.0000000000
167 -144.0000000000
171 -143.0000000000
172 -142.0000000000
177 -141.0000000000
179 -140.0000000000
181 -139.0000000000
182 -138.0000000000
185 -137.0000000000
189 -136.0000000000
197 -135.0000000000
200 -134.0000000000
201 -133.0000000000
202 -132.0000000000
203 -131.0000000000
204 -130.0000000000
209 -129.0000000000
212 -128.0000000000
217 -127.0000000000
219 -126.0000000000
224 -125.0000000000
225 -124.0000000000
227 -123.0000000000
228 -122.0000000000
231 -121.0000000000
233 -120.0000000000
237 -119.0000000000
245 -118.0000000000
247 -117.0000000000
252 -116.0000000000
256 -115.0000000000
258 -114.0000000000
263 -113.0000000000
264 -112.0000000000
265 -111.0000000000
268 -110.0000000000
270 -109.0000000000
274 -108.0000000000
275 -107.0000000000
282 -106.0000000000
284 -105.0000000000
285 -104.0000000000
288 -103.0000000000
292 -102.0000000000
293 -101.0000000000
295 -100.0000000000
298 -99.0000000000
299 -98.0000000000
301 -97.0000000000
304 -96.0000000000
314 -95.0000000000
328 -94.0000000000
332 -93.0000000000
335 -92.0000000000
340 -91.0000000000
363 -90.0000000000
371 -89.0000000000
377 -88.0000000000
380 -87.0000000000
385 -86.0000000000
388 -85.0000000000
390 -84.0000000000
395 -83.0000000000
398 -82.0000000000
405 -81.0000000000
406 -80.0000000000
420 -79.0000000000
427 -78.0000000000
431 -77.0000000000
432 -76.0000000000
440 -75.0000000000
452 -74.0000000000
461 -73.0000000000
463 -72.0000000000
464 -71.0000000000
480 -70.0000000000
485 -69.0000000000
497 -68.0000000000
500 -67.0000000000
501 -66.0000000000
516 -65.0000000000
520 -64.0000000000
523 -63.0000000000
525 -62.0000000000
537 -61.0000000000
542 -60.0000000000
549 -59.0000000000
552 -58.0000000000
553 -57.0000000000
555 -56.0000000000
567 -55.0000000000
572 -54.0000000000
583 -53.0000000000
588 -52.0000000000
597 -51.0000000000
612 -50.0000000000
617 -49.0000000000
619 -48.0000000000
632 -47.0000000000
633 -46.0000000000
639 -45.0000000000
642 -44.0000000000
652 -43.0000000000
667 -42.0000000000
670 -41.0000000000
671 -40.0000000000
675 -39.0000000000
679 -38.0000000000
694 -37.0000000000
716 -36.0000000000
726 -35.0000000000
729 -34.0000000000
733 -33.0000000000
736 -32.0000000000
770 -31.0000000000
791 -30.0000000000
805 -29.0000000000
812 -28.0000000000
823 -27.0000000000
837 -26.0000000000
861 -25.0000000000
869 -24.0000000000
885 -23.0000000000
897 -22.0000000000
901 -21.0000000000
913 -20.0000000000
943 -19.0000000000
951 -18.0000000000
986 -17.0000000000
1043 -16.0000000000
1151 -15.0000000000
1155 -14.0000000000
1157 -13.0000000000
1213 -12.0000000000
1234 -11.0000000000
1239 -10.0000000000
1263 -9.0000000000
1291 -8.0000000000
1305 -7.0000000000
1367 -6.0000000000
1397 -5.0000000000
1406 -4.0000000000
1426 -3.0000000000
1450 -2.0000000000
1527 -1.0000000000
1554 364.0000000000
100001 -1.0000000000
evaluations raw_y
1 -196.0000000000
2 -195.0000000000
5 -194.0000000000
8 -193.0000000000
9 -192.0000000000
11 -191.0000000000
12 -190.0000000000
13 -189.0000000000
15 -188.0000000000
17 -187.0000000000
18 -186.0000000000
21 -185.0000000000
28 -184.0000000000
30 -183.0000000000
31 -182.0000000000
33 -181.0000000000
34 -180.0000000000
43 -179.0000000000
44 -178.0000000000
51 -177.0000000000
54 -176.0000000000
58 -175.0000000000
61 -174.0000000000
68 -173.0000000000
72 -172.0000000000
74 -171.0000000000
79 -170.0000000000
80 -169.0000000000
82 -168.0000000000
86 -167.0000000000
88 -166.0000000000
91 -165.0000000000
93 -164.0000000000
94 -163.0000000000
96 -162.0000000000
97 -161.0000000000
98 -160.0000000000
99 -159.0000000000
100 -158.0000000000
101 -157.0000000000
102 -156.0000000000
104 -155.0000000000
109 -154.0000000000
111 -153.0000000000
116 -152.0000000000
118 -151.0000000000
121 -150.0000000000
126 -149.0000000000
129 -148.0000000000
131 -147.0000000000
134 -146.0000000000
142 -145.0000000000
145 -144.0000000000
147 -143.0000000000
149 -142.0000000000
151 -141.0000000000
153 -140.0000000000
154 -139.0000000000
155 -138.0000000000
161 -137.0000000000
163 -136.0000000000
170 -135.0000000000
173 -134.0000000000
178 -133.0000000000
179 -132.0000000000
186 -131.0000000000
188 -130.0000000000
190 -129.0000000000
194 -128.0000000000
198 -127.0000000000
200 -126.0000000000
202 -125.0000000000
203 -124.0000000000
208 -123.0000000000
212 -122.0000000000
214 -121.0000000000
215 -120.0000000000
217 -119.0000000000
220 -118.0000000000
222 -117.0000000000
223 -116.0000000000
228 -115.0000000000
239 -114.0000000000
242 -113.0000000000
246 -112.0000000000
252 -111.0000000000
254 -110.0000000000
256 -109.0000000000
258 -108.0000000000
259 -107.0000000000
262 -106.0000000000
263 -105.0000000000
264 -104.0000000000
265 -103.0000000000
267 -102.0000000000
268 -101.0000000000
271 -100.0000000000
272 -99.0000000000
274 -98.0000000000
275 -97.0000000000
283 -96.0000000000
284 -95.0000000000
285 -94.0000000000
290 -93.0000000000
295 -92.0000000000
299 -91.0000000000
308 -90.0000000000
312 -89.0000000000
316 -88.0000000000
317 -87.0000000000
318 -86.0000000000
319 -85.0000000000
327 -84.0000000000
333 -83.0000000000
334 -82.0000000000
335 -81.0000000000
345 -80.0000000000
346 -79.0000000000
350 -78.0000000000
352 -77.0000000000
353 -76.0000000000
359 -75.0000000000
364 -74.0000000000
375 -73.0000000000
388 -72.0000000000
391 -71.0000000000
392 -70.0000000000
397 -69.0000000000
405 -68.0000000000
415 -67.0000000000
427 -66.0000000000
448 -65.0000000000
458 -64.0000000000
466 -63.0000000000
469 -62.0000000000
471 -61.0000000000
483 -60.0000000000
485 -59.0000000000
490 -58.0000000000
493 -57.0000000000
494 -56.0000000000
496 -55.0000000000
504 -54.0000000000
511 -53.0000000000
519 -52.0000000000
529 -51.0000000000
530 -50.0000000000
538 -49.0000000000
539 -48.0000000000
549 -47.0000000000
550 -46.0000000000
559 -45.0000000000
562 -44.0000000000
566 -43.0000000000
586 -42.0000000000
587 -41.0000000000
592 -40.0000000000
608 -39.0000000000
610 -38.0000000000
612 -37.0000000000
621 -36.0000000000
627 -35.0000000000
639 -34.0000000000
640 -33.0000000000
662 -32.0000000000
668 -31.0000000000
682 -30.0000000000
688 -29.0000000000
697 -28.0000000000
702 -27.0000000000
725 -26.0000000000
733 -25.0000000000
771 -24.0000000000
772 -23.0000000000
782 -22.0000000000
789 -21.0000000000
841 -20.0000000000
857 -19.0000000000
890 -18.0000000000
893 -17.0000000000
909 -16.0000000000
922 -15.0000000000
937 -14.0000000000
977 -13.0000000000
1000 -12.0000000000
1008 -11.0000000000
1009 -10.0000000000
1022 -9.0000000000
1028 -8.0000000000
1033 -7.0000000000
1059 -6.0000000000
1069 -5.0000000000
1148 -4.0000000000
1186 -3.0000000000
1217 -2.0000000000
1221 -1.0000000000
1293 367.0000000000
100001 -1.0000000000
evaluations raw_y
1 -209.0000000000
3 -208.0000000000
5 -207.0000000000
6 -206.0000000000
7 -205.0000000000
10 -204.0000000000
13 -203.0000000000
14 -202.0000000000
18 -201.0000000000
21 -200.0000000000
23 -199.0000000000
26 -198.0000000000
28 -197.0000000000
29 -196.0000000000
33 -195.0000000000
34 -194.0000000000
35 -193.0000000000
37 -192.0000000000
39 -191.0000000000
41 -190.0000000000
44 -189.0000000000
46 -188.0000000000
47 -187.0000000000
48 -186.0000000000
51 -185.0000000000
53 -184.0000000000
54 -183.0000000000
60 -182.0000000000
62 -181.0000000000
68 -180.0000000000
74 -179.0000000000
77 -178.0000000000
78 -177.0000000000
80 -176.0000000000
82 -175.0000000000
88 -174.0000000000
89 -173.0000000000
94 -172.0000000000
95 -171.0000000000
99 -170.0000000000
100 -169.0000000000
101 -168.0000000000
104 -167.0000000000
105 -166.0000000000
106 -165.0000000000
107 -164.0000000000
112 -163.0000000000
113 -162.0000000000
114 -161.0000000000
115 -160.0000000000
117 -159.0000000000
118 -158.0000000000
126 -157.0000000000
129 -156.0000000000
131 -155.0000000000
132 -154.0000000000
135 -153.0000000000
137 -152.0000000000
146 -151.0000000000
148 -150.0000000000
151 -149.0000000000
153 -148.0000000000
157 -147.0000000000
160 -146.0000000000
163 -145.0000000000
164 -144.0000000000
167 -143.0000000000
171 -142.0000000000
173 -141.0000000000
175 -140.0000000000
177 -139.0000000000
178 -138.0000000000
180 -137.0000000000
186 -136.0000000000
188 -135.0000000000
194 -134.0000000000
196 -133.0000000000
206 -132.0000000000
207 -131.0000000000
211 -130.0000000000
222 -129.0000000000
223 -128.0000000000
224 -127.0000000000
228 -126.0000000000
231 -125.0000000000
237 -124.0000000000
239 -123.0000000000
251 -122.0000000000
252 -121.0000000000
253 -120.0000000000
258 -119.0000000000
261 -118.0000000000
268 -117.0000000000
271 -116.0000000000
291 -115.0000000000
300 -114.0000000000
302 -113.0000000000
306 -112.0000000000
311 -111.0000000000
313 -110.0000000000
318 -109.0000000000
323 -108.0000000000
325 -107.0000000000
329 -106.0000000000
340 -105.0000000000
343 -104.0000000000
345 -103.0000000000
347 -102.0000000000
353 -101.0000000000
354 -100.0000000000
359 -99.0000000000
362 -98.0000000000
364 -97.0000000000
371 -96.0000000000
378 -95.0000000000
385 -94.0000000000
394 -93.0000000000
396 -92.0000000000
403 -91.0000000000
406 -90.0000000000
409 -89.0000000000
411 -88.0000000000
413 -87.0000000000
420 -86.0000000000
421 -85.0000000000
427 -84.0000000000
429 -83.0000000000
432 -82.0000000000
434 -81.0000000000
439 -80.0000000000
443 -79.0000000000
447 -78.0000000000
455 -77.0000000000
459 -76.0000000000
462 -75.0000000000
463 -74.0000000000
464 -73.0000000000
465 -72.0000000000
470 -71.0000000000
472 -70.0000000000
474 -69.0000000000
477 -68.0000000000
480 -67.0000000000
482 -66.0000000000
490 -65.0000000000
493 -64.0000000000
495 -63.0000000000
496 -62.0000000000
502 -61.0000000000
516 -60.0000000000
517 -59.0000000000
537 -58.0000000000
538 -57.0000000000
542 -56.0000000000
547 -55.0000000000
548 -54.0000000000
552 -53.0000000000
559 -52.0000000000
568 -51.0000000000
571 -50.0000000000
575 -49.0000000000
578 -48.0000000000
583 -47.0000000000
587 -46.0000000000
602 -45.0000000000
604 -44.0000000000
606 -43.0000000000
609 -42.0000000000
610 -41.0000000000
626 -40.0000000000
630 -39.0000000000
642 -38.0000000000
650 -37.0000000000
665 -36.0000000000
669 -35.0000000000
679 -34.0000000000
696 -33.0000000000
711 -32.0000000000
730 -31.0000000000
733 -30.0000000000
760 -29.0000000000
769 -28.0000000000
773 -27.0000000000
803 -26.0000000000
815 -25.0000000000
828 -24.0000000000
830 -23.0000000000
856 -22.0000000000
871 -21.0000000000
885 -20.0000000000
889 -19.0000000000
909 -18.0000000000
912 -17.0000000000
958 -16.0000000000
1000 -15.0000000000
1054 -14.0000000000
1093 -13.0000000000
1127 -12.0000000000
1136 -11.0000000000
1141 -10.0000000000
1145 -9.0000000000
1220 -8.0000000000
1275 -7.0000000000
1295 -6.0000000000
1308 -5.0000000000
1348 -4.0000000000
1358 -3.0000000000
1406 -2.0000000000
1488 -1.0000000000
1523 380.0000000000
100001 -1.0000000000
evaluations raw_y
1 -204.0000000000
2 -203.0000000000
7 -202.0000000000
8 -201.0000000000
10 -200.0000000000
14 -199.0000000000
16 -198.0000000000
18 -197.0000000000
19 -196.0000000000
20 -195.0000000000
22 -194.0000000000
23 -193.0000000000
27 -192.0000000000
28 -191.0000000000
31 -190.0000000000
33 -189.0000000000
39 -188.0000000000
40 -187.0000000000
42 -186.0000000000
47 -185.0000000000
49 -184.0000000000
52 -183.0000000000
53 -182.0000000000
58 -181.0000000000
59 -180.0000000000
64 -179.0000000000
65 -178.0000000000
66 -177.0000000000
67 -176.0000000000
68 -175.0000000000
70 -174.0000000000
72 -173.0000000000
74 -172.0000000000
75 -171.0000000000
76 -170.0000000000
77 -169.0000000000
79 -168.0000000000
81 -167.0000000000
83 -166.0000000000
84 -165.0000000000
87 -164.0000000000
88 -163.0000000000
90 -162.0000000000
96 -161.0000000000
97 -160.0000000000
100 -159.0000000000
102 -158.0000000000
104 -157.0000000000
105 -156.0000000000
109 -155.0000000000
112 -154.0000000000
114 -153.0000000000
117 -152.0000000000
118 -151.0000000000
119 -150.0000000000
121 -149.0000000000
122 -148.0000000000
124 -147.0000000000
125 -146.0000000000
126 -145.0000000000
127 -144.0000000000
135 -143.0000000000
138 -142.0000000000
145 -141.0000000000
146 -140.0000000000
152 -139.0000000000
156 -138.0000000000
157 -137.0000000000
159 -136.0000000000
162 -135.0000000000
163 -134.0000000000
165 -133.0000000000
166 -132.0000000000
170 -131.0000000000
175 -130.0000000000
178 -129.0000000000
188 -128.0000000000
192 -127.0000000000
199 -126.0000000000
203 -125.0000000000
207 -124.0000000000
209 -123.0000000000
211 -122.0000000000
219 -121.0000000000
222 -120.0000000000
231 -119.0000000000
238 -118.0000000000
251 -117.0000000000
256 -116.0000000000
259 -115.0000000000
261 -114.0000000000
262 -113.0000000000
265 -112.0000000000
266 -111.0000000000
267 -110.0000000000
275 -109.0000000000
281 -108.0000000000
283 -107.0000000000
286 -106.0000000000
296 -105.0000000000
297 -104.0000000000
301 -103.0000000000
305 -102.0000000000
308 -101.0000000000
310 -100.0000000000
312 -99.0000000000
314 -98.0000000000
318 -97.0000000000
328 -96.0000000000
332 -95.0000000000
345 -94.0000000000
353 -93.0000000000
362 -92.0000000000
371 -91.0000000000
377 -90.0000000000
380 -89.0000000000
382 -88.0000000000
383 -87.0000000000
390 -86.0000000000
393 -85.0000000000
399 -84.0000000000
401 -83.0000000000
405 -82.0000000000
408 -81.0000000000
412 -80.0000000000
419 -79.0000000000
422 -78.0000000000
432 -77.0000000000
434 -76.0000000000
435 -75.0000000000
438 -74.0000000000
446 -73.0000000000
464 -72.0000000000
468 -71.0000000000
474 -70.0000000000
484 -69.0000000000
491 -68.0000000000
503 -67.0000000000
514 -66.0000000000
515 -65.0000000000
520 -64.0000000000
525 -63.0000000000
538 -62.0000000000
542 -61.0000000000
544 -60.0000000000
548 -59.0000000000
549 -58.0000000000
565 -57.0000000000
566 -56.0000000000
570 -55.0000000000
576 -54.0000000000
577 -53.0000000000
580 -52.0000000000
596 -51.0000000000
599 -50.0000000000
607 -49.0000000000
609 -48.0000000000
611 -47.0000000000
614 -46.0000000000
615 -45.0000000000
620 -44.0000000000
622 -43.0000000000
625 -42.0000000000
626 -41.0000000000
634 -40.0000000000
651 -39.0000000000
661 -38.0000000000
662 -37.0000000000
679 -36.0000000000
704 -35.0000000000
718 -34.0000000000
721 -33.0000000000
725 -32.0000000000
732 -31.0000000000
734 -30.0000000000
738 -29.0000000000
741 -28.0000000000
744 -27.0000000000
746 -26.0000000000
761 -25.0000000000
766 -24.0000000000
780 -23.0000000000
783 -22.0000000000
789 -21.0000000000
811 -20.0000000000
814 -19.0000000000
845 -18.0000000000
860 -17.0000000000
861 -16.0000000000
881 -15.0000000000
888 -14.0000000000
897 -13.0000000000
937 -12.0000000000
949 -11.0000000000
967 -10.0000000000
986 -9.0000000000
1008 -8.0000000000
1034 -7.0000000000
1064 -6.0000000000
1066 -5.0000000000
1084 -4.0000000000
1097 -3.0000000000
1147 -2.0000000000
1148 -1.0000000000
1178 378.0000000000
100001 -1.0000000000
evaluations raw_y
1 -205.0000000000
2 -204.0000000000
4 -203.0000000000
5 -202.0000000000
7 -201.0000000000
9 -200.0000000000
15 -199.0000000000
16 -198.0000000000
17 -197.0000000000
18 -196.0000000000
19 -195.0000000000
20 -194.0000000000
21 -193.0000000000
23 -192.0000000000
27 -191.0000000000
30 -190.0000000000
31 -189.0000000000
35 -188.0000000000
36 -187.0000000000
38 -186.0000000000
39 -185.0000000000
42 -184.0000000000
44 -183.0000000000
47 -182.0000000000
48 -181.0000000000
50 -180.0000000000
51 -179.0000000000
52 -178.0000000000
53 -177.0000000000
59 -176.0000000000
62 -175.0000000000
65 -174.0000000000
74 -173.0000000000
75 -172.0000000000
76 -171.0000000000
78 -170.0000000000
79 -169.0000000000
82 -168.0000000000
84 -167.0000000000
86 -166.0000000000
88 -165.0000000000
90 -164.0000000000
93 -163.0000000000
98 -162.0000000000
106 -161.0000000000
107 -160.0000000000
108 -159.0000000000
109 -158.0000000000
113 -157.0000000000
114 -156.0000000000
119 -155.0000000000
120 -154.0000000000
123 -153.0000000000
126 -152.0000000000
130 -151.0000000000
133 -150.0000000000
134 -149.0000000000
136 -148.0000000000
138 -147.0000000000
140 -146.0000000000
146 -145.0000000000
147 -144.0000000000
150 -143.0000000000
152 -142.0000000000
160 -141.0000000000
161 -140.0000000000
163 -139.0000000000
169 -138.0000000000
170 -137.0000000000
171 -136.0000000000
172 -135.0000000000
176 -134.0000000000
177 -133.0000000000
190 -132.0000000000
191 -131.0000000000
193 -130.0000000000
195 -129.0000000000
197 -128.0000000000
198 -127.0000000000
205 -126.0000000000
220 -125.0000000000
222 -124.0000000000
224 -123.0000000000
232 -122.0000000000
234 -121.0000000000
240 -120.0000000000
241 -119.0000000000
242 -118.0000000000
244 -117.0000000000
246 -116.0000000000
254 -115.0000000000
256 -114.0000000000
258 -113.0000000000
262 -112.0000000000
273 -111.0000000000
277 -110.0000000000
278 -109.0000000000
279 -108.0000000000
280 -107.0000000000
283 -106.0000000000
293 -105.0000000000
297 -104.0000000000
299 -103.0000000000
312 -102.0000000000
313 -101.0000000000
314 -100.0000000000
322 -99.0000000000
324 -98.0000000000
327 -97.0000000000
329 -96.0000000000
330 -95.0000000000
341 -94.0000000000
353 -93.0000000000
386 -92.0000000000
387 -91.0000000000
391 -90.0000000000
401 -89.0000000000
404 -88.0000000000
410 -87.0000000000
414 -86.0000000000
417 -85.0000000000
427 -84.0000000000
432 -83.0000000000
443 -82.0000000000
447 -81.0000000000
459 -80.0000000000
465 -79.0000000000
468 -78.0000000000
478 -77.0000000000
485 -76.0000000000
490 -75.0000000000
493 -74.0000000000
497 -73.0000000000
503 -72.0000000000
513 -71.0000000000
518 -70.0000000000
524 -69.0000000000
531 -68.0000000000
533 -67.0000000000
538 -66.0000000000
542 -65.0000000000
550 -64.0000000000
555 -63.0000000000
563 -62.0000000000
571 -61.0000000000
575 -60.0000000000
577 -59.0000000000
581 -58.0000000000
582 -57.0000000000
585 -56.0000000000
586 -55.0000000000
588 -54.0000000000
590 -53.0000000000
594 -52.0000000000
596 -51.0000000000
607 -50.0000000000
613 -49.0000000000
626 -48.0000000000
638 -47.0000000000
646 -46.0000000000
649 -45.0000000000
653 -44.0000000000
654 -43.0000000000
670 -42.0000000000
674 -41.0000000000
708 -40.0000000000
727 -39.0000000000
729 -38.0000000000
737 -37.0000000000
765 -36.0000000000
767 -35.0000000000
811 -34.0000000000
813 -33.0000000000
819 -32.0000000000
825 -31.0000000000
830 -30.0000000000
832 -29.0000000000
844 -28.0000000000
846 -27.0000000000
850 -26.0000000000
869 -25.0000000000
903 -24.0000000000
907 -23.0000000000
949 -22.0000000000
1003 -21.0000000000
1024 -20.0000000000
1028 -19.0000000000
1035 -18.0000000000
1050 -17.0000000000
1057 -16.0000000000
1059 -15.0000000000
1061 -14.0000000000
1090 -13.0000000000
1099 -12.0000000000
1103 -11.0000000000
1134 -10.0000000000
1170 -9.0000000000
1193 -8.0000000000
1217 -7.0000000000
1237 -6.0000000000
1275 -5.0000000000
1279 -4.0000000000
1312 -3.0000000000
1341 -2.0000000000
1343 -1.0000000000
1409 353.0000000000
100001 -1.0000000000
evaluations raw_y
1 -208.0000000000
3 -207.0000000000
6 -206.0000000000
7 -205.0000000000
9 -204.0000000000
10 -203.0000000000
11 -202.0000000000
12 -201.0000000000
13 -200.0000000000
15 -199.0000000000
16 -198.0000000000
17 -197.0000000000
18 -196.0000000000
19 -195.0000000000
20 -194.0000000000
22 -193.0000000000
24 -192.0000000000
25 -191.0000000000
26 -190.0000000000
28 -189.0000000000
30 -188.0000000000
31 -187.0000000000
33 -186.0000000000
36 -185.0000000000
39 -184.0000000000
40 -183.0000000000
41 -182.0000000000
42 -181.0000000000
47 -180.0000000000
49 -179.0000000000
51 -178.0000000000
52 -177.0000000000
58 -176.0000000000
59 -175.0000000000
60 -174.0000000000
67 -173.0000000000
68 -172.0000000000
69 -171.0000000000
71 -170.0000000000
78 -169.0000000000
80 -168.0000000000
82 -167.0000000000
83 -166.0000000000
87 -165.0000000000
95 -164.0000000000
98 -163.0000000000
100 -162.0000000000
106 -161.0000000000
109 -160.0000000000
112 -159.0000000000
128 -158.0000000000
129 -157.0000000000
132 -156.0000000000
133 -155.0000000000
134 -154.0000000000
135 -153.0000000000
140 -152.0000000000
141 -151.0000000000
145 -150.0000000000
149 -149.0000000000
150 -148.0000000000
151 -147.0000000000
152 -146.0000000000
153 -145.0000000000
155 -144.0000000000
162 -143.0000000000
163 -142.0000000000
169 -141.0000000000
171 -140.0000000000
173 -139.0000000000
174 -138.0000000000
175 -137.0000000000
180 -136.0000000000
184 -135.0000000000
185 -134.0000000000
186 -133.0000000000
188 -132.0000000000
189 -131.0000000000
190 -130.0000000000
193 -129.0000000000
197 -128.0000000000
201 -127.0000000000
202 -126.0000000000
206 -125.0000000000
210 -124.0000000000
212 -123.0000000000
213 -122.0000000000
224 -121.0000000000
226 -120.0000000000
228 -119.0000000000
231 -118.0000000000
238 -117.0000000000
240 -116.0000000000
241 -115.0000000000
245 -114.0000000000
246 -113.0000000000
247 -112.0000000000
248 -111.0000000000
255 -110.0000000000
267 -109.0000000000
269 -108.0000000000
276 -107.0000000000
284 -106.0000000000
287 -105.0000000000
292 -104.0000000000
294 -103.0000000000
299 -102.0000000000
300 -101.0000000000
303 -100.0000000000
304 -99.0000000000
305 -98.0000000000
308 -97.0000000000
312 -96.0000000000
315 -95.0000000000
317 -94.0000000000
335 -93.0000000000
341 -92.0000000000
345 -91.0000000000
348 -90.0000000000
357 -89.0000000000
366 -88.0000000000
367 -87.0000000000
369 -86.0000000000
371 -85.0000000000
372 -84.0000000000
374 -83.0000000000
383 -82.0000000000
389 -81.0000000000
392 -80.0000000000
395 -79.0000000000
399 -78.0000000000
402 -77.0000000000
403 -76.0000000000
405 -75.0000000000
406 -74.0000000000
413 -73.0000000000
416 -72.0000000000
422 -71.0000000000
439 -70.0000000000
451 -69.0000000000
465 -68.0000000000
472 -67.0000000000
481 -66.0000000000
487 -65.0000000000
498 -64.0000000000
503 -63.0000000000
509 -62.0000000000
515 -61.0000000000
520 -60.0000000000
525 -59.0000000000
526 -58.0000000000
530 -57.0000000000
541 -56.0000000000
543 -55.0000000000
548 -54.0000000000
567 -53.0000000000
569 -52.0000000000
585 -51.0000000000
586 -50.0000000000
593 -49.0000000000
603 -48.0000000000
606 -47.0000000000
615 -46.0000000000
618 -45.0000000000
635 -44.0000000000
640 -43.0000000000
641 -42.0000000000
645 -41.0000000000
656 -40.0000000000
678 -39.0000000000
685 -38.0000000000
690 -37.0000000000
694 -36.0000000000
695 -35.0000000000
704 -34.0000000000
708 -33.0000000000
709 -32.0000000000
766 -31.0000000000
769 -30.0000000000
775 -29.0000000000
783 -28.0000000000
799 -27.0000000000
848 -26.0000000000
854 -25.0000000000
863 -24.0000000000
868 -23.0000000000
870 -22.0000000000
882 -21.0000000000
899 -20.0000000000
906 -19.0000000000
908 -18.0000000000
931 -17.0000000000
953 -16.0000000000
989 -15.0000000000
1036 -14.0000000000
1075 -13.0000000000
1128 -12.0000000000
1145 -11.0000000000
1146 -10.0000000000
1191 -9.0000000000
1209 -8.0000000000
1217 -7.0000000000
1222 -6.0000000000
1254 -5.0000000000
1275 -4.0000000000
1305 -3.0000000000
1321 -2.0000000000
1336 -1.0000000000
1374 379.0000000000
100001 -1.0000000000
evaluations raw_y
1 -200.0000000000
2 -199.0000000000
4 -198.0000000000
6 -197.0000000000
9 -196.0000000000
16 -195.0000000000
17 -194.0000000000
18 -193.0000000000
19 -192.0000000000
21 -191.0000000000
22 -190.0000000000
26 -189.0000000000
29 -188.0000000000
31 -187.0000000000
32 -186.0000000000
33 -185.0000000000
35 -184.0000000000
36 -183.0000000000
37 -182.0000000000
38 -181.0000000000
40 -180.0000000000
45 -179.0000000000
46 -178.0000000000
50 -177.0000000000
53 -176.0000000000
55 -175.0000000000
57 -174.0000000000
59 -173.0000000000
62 -172.0000000000
64 -171.0000000000
66 -170.0000000000
76 -169.0000000000
77 -168.0000000000
81 -167.0000000000
86 -166.0000000000
89 -165.0000000000
93 -164.0000000000
94 -163.0000000000
99 -162.0000000000
100 -161.0000000000
101 -160.0000000000
102 -159.0000000000
104 -158.0000000000
105 -157.0000000000
106 -156.0000000000
107 -155.0000000000
108 -154.0000000000
113 -153.0000000000
114 -152.0000000000
115 -151.0000000000
121 -150.0000000000
128 -149.0000000000
130 -148.0000000000
131 -147.0000000000
135 -146.0000000000
136 -145.0000000000
137 -144.0000000000
140 -143.0000000000
144 -142.0000000000
148 -141.0000000000
153 -140.0000000000
156 -139.0000000000
168 -138.0000000000
170 -137.0000000000
173 -136.0000000000
175 -135.0000000000
178 -134.0000000000
180 -133.0000000000
182 -132.0000000000
190 -131.0000000000
191 -130.0000000000
196 -129.0000000000
202 -128.0000000000
204 -127.0000000000
206 -126.0000000000
209 -125.0000000000
215 -124.0000000000
217 -123.0000000000
218 -122.0000000000
220 -121.0000000000
221 -120.0000000000
224 -119.0000000000
227 -118.0000000000
229 -117.0000000000
239 -116.0000000000
242 -115.0000000000
243 -114.0000000000
245 -113.0000000000
250 -112.0000000000
255 -111.0000000000
257 -110.0000000000
260 -109.0000000000
261 -108.0000000000
264 -107.0000000000
265 -106.0000000000
266 -105.0000000000
268 -104.0000000000
269 -103.0000000000
270 -102.0000000000
281 -101.0000000000
289 -100.0000000000
300 -99.0000000000
305 -98.0000000000
311 -97.0000000000
312 -96.0000000000
318 -95.0000000000
323 -94.0000000000
326 -93.0000000000
329 -92.0000000000
330 -91.0000000000
334 -90.0000000000
336 -89.0000000000
337 -88.0000000000
340 -87.0000000000
356 -86.0000000000
365 -85.0000000000
375 -84.0000000000
378 -83.0000000000
381 -82.0000000000
385 -81.0000000000
396 -80.0000000000
397 -79.0000000000
399 -78.0000000000
400 -77.0000000000
413 -76.0000000000
415 -75.0000000000
421 -74.0000000000
423 -73.0000000000
424 -72.0000000000
427 -71.0000000000
438 -70.0000000000
443 -69.0000000000
452 -68.0000000000
468 -67.0000000000
476 -66.0000000000
479 -65.0000000000
486 -64.0000000000
499 -63.0000000000
503 -62.0000000000
514 -61.0000000000
518 -60.0000000000
520 -59.0000000000
539 -58.0000000000
562 -57.0000000000
568 -56.0000000000
569 -55.0000000000
582 -54.0000000000
586 -53.0000000000
589 -52.0000000000
595 -51.0000000000
601 -50.0000000000
605 -49.0000000000
608 -48.0000000000
612 -47.0000000000
616 -46.0000000000
620 -45.0000000000
626 -44.0000000000
643 -43.0000000000
650 -42.0000000000
658 -41.0000000000
668 -40.0000000000
676 -39.0000000000
677 -38.0000000000
680 -37.0000000000
681 -36.0000000000
683 -35.0000000000
684 -34.0000000000
713 -33.0000000000
717 -32.0000000000
743 -31.0000000000
755 -30.0000000000
765 -29.0000000000
794 -28.0000000000
795 -27.0000000000
815 -26.0000000000
818 -25.0000000000
826 -24.0000000000
829 -23.0000000000
838 -22.0000000000
846 -21.0000000000
855 -20.0000000000
884 -19.0000000000
904 -18.0000000000
923 -17.0000000000
924 -16.0000000000
961 -15.0000000000
968 -14.0000000000
1052 -13.0000000000
1087 -12.0000000000
1121 -11.0000000000
1177 -10.0000000000
1180 -9.0000000000
1195 -8.0000000000
1198 -7.0000000000
1221 -6.0000000000
1222 -5.0000000000
1245 -4.0000000000
1274 -3.0000000000
1344 -2.0000000000
1386 -1.0000000000
1387 381.0000000000
100001 -1.0000000000
evaluations raw_y
1 -216.0000000000
4 -215.0000000000
5 -214.0000000000
8 -213.0000000000
9 -212.0000000000
15 -211.0000000000
16 -210.0000000000
20 -209.0000000000
22 -208.0000000000
26 -207.0000000000
28 -206.0000000000
30 -205.0000000000
31 -204.0000000000
32 -203.0000000000
34 -202.0000000000
37 -201.0000000000
39 -200.0000000000
41 -199.0000000000
42 -198.0000000000
47 -197.0000000000
48 -196.0000000000
49 -195.0000000000
51 -194.0000000000
52 -193.0000000000
55 -192.0000000000
56 -191.0000000000
57 -190.0000000000
62 -189.0000000000
63 -188.0000000000
65 -187.0000000000
66 -186.0000000000
67 -185.0000000000
68 -184.0000000000
71 -183.0000000000
75 -182.0000000000
78 -181.0000000000
82 -180.0000000000
84 -179.0000000000
100 -178.0000000000
104 -177.0000000000
106 -176.0000000000
109 -175.0000000000
114 -174.0000000000
115 -173.0000000000
116 -172.0000000000
118 -171.0000000000
121 -170.0000000000
122 -169.0000000000
123 -168.0000000000
125 -167.0000000000
128 -166.0000000000
130 -165.0000000000
132 -164.0000000000
134 -163.0000000000
136 -162.0000000000
137 -161.0000000000
141 -160.0000000000
142 -159.0000000000
146 -158.0000000000
147 -157.0000000000
149 -156.0000000000
150 -155.0000000000
151 -154.0000000000
153 -153.0000000000
154 -152.0000000000
155 -151.0000000000
162 -150.0000000000
163 -149.0000000000
165 -148.0000000000
166 -147.0000000000
168 -146.0000000000
171 -145.0000000000
172 -144.0000000000
174 -143.0000000000
175 -142.0000000000
181 -141.0000000000
182 -140.0000000000
183 -139.0000000000
186 -138.0000000000
187 -137.0000000000
188 -136.0000000000
191 -135.0000000000
198 -134.0000000000
200 -133.0000000000
203 -132.0000000000
207 -131.0000000000
213 -130.0000000000
216 -129.0000000000
218 -128.0000000000
223 -127.0000000000
228 -126.0000000000
230 -125.0000000000
233 -124.0000000000
237 -123.0000000000
238 -122.0000000000
241 -121.0000000000
251 -120.0000000000
255 -119.0000000000
256 -118.0000000000
261 -117.0000000000
263 -116.0000000000
264 -115.0000000000
271 -114.0000000000
273 -113.0000000000
276 -112.0000000000
277 -111.0000000000
278 -110.0000000000
282 -109.0000000000
286 -108.0000000000
292 -107.0000000000
293 -106.0000000000
295 -105.0000000000
299 -104.0000000000
304 -103.0000000000
307 -102.0000000000
308 -101.0000000000
310 -100.0000000000
313 -99.0000000000
318 -98.0000000000
325 -97.0000000000
327 -96.0000000000
332 -95.0000000000
336 -94.0000000000
343 -93.0000000000
345 -92.0000000000
346 -91.0000000000
350 -90.0000000000
351 -89.0000000000
354 -88.0000000000
358 -87.0000000000
361 -86.0000000000
367 -85.0000000000
371 -84.0000000000
372 -83.0000000000
373 -82.0000000000
380 -81.0000000000
394 -80.0000000000
396 -79.0000000000
397 -78.0000000000
400 -77.0000000000
410 -76.0000000000
413 -75.0000000000
416 -74.0000000000
417 -73.0000000000
418 -72.0000000000
419 -71.0000000000
422 -70.0000000000
436 -69.0000000000
438 -68.0000000000
443 -67.0000000000
445 -66.0000000000
448 -65.0000000000
457 -64.0000000000
459 -63.0000000000
463 -62.0000000000
465 -61.0000000000
472 -60.0000000000
482 -59.0000000000
483 -58.0000000000
489 -57.0000000000
495 -56.0000000000
503 -55.0000000000
509 -54.0000000000
516 -53.0000000000
519 -52.0000000000
524 -51.0000000000
530 -50.0000000000
532 -49.0000000000
542 -48.0000000000
544 -47.0000000000
549 -46.0000000000
551 -45.0000000000
565 -44.0000000000
568 -43.0000000000
578 -42.0000000000
590 -41.0000000000
597 -40.0000000000
621 -39.0000000000
623 -38.0000000000
628 -37.0000000000
631 -36.0000000000
635 -35.0000000000
644 -34.0000000000
646 -33.0000000000
661 -32.0000000000
663 -31.0000000000
677 -30.0000000000
682 -29.0000000000
691 -28.0000000000
706 -27.0000000000
709 -26.0000000000
710 -25.0000000000
724 -24.0000000000
746 -23.0000000000
748 -22.0000000000
776 -21.0000000000
785 -20.0000000000
800 -19.0000000000
817 -18.0000000000
820 -17.0000000000
824 -16.0000000000
834 -15.0000000000
838 -14.0000000000
850 -13.0000000000
860 -12.0000000000
868 -11.0000000000
879 -10.0000000000
923 -9.0000000000
936 -8.0000000000
940 -7.0000000000
945 -6.0000000000
980 -5.0000000000
998 -4.0000000000
1013 -3.0000000000
1025 -2.0000000000
1159 -1.0000000000
1174 385.0000000000
100001 -1.0000000000
evaluations raw_y
1 -210.0000000000
2 -209.0000000000
4 -208.0000000000
5 -207.0000000000
9 -206.0000000000
10 -205.0000000000
12 -204.0000000000
13 -203.0000000000
14 -202.0000000000
15 -201.0000000000
16 -200.0000000000
20 -199.0000000000
22 -198.0000000000
27 -197.0000000000
31 -196.0000000000
32 -195.0000000000
33 -194.0000000000
35 -193.0000000000
38 -192.0000000000
40 -191.0000000000
42 -190.0000000000
43 -189.0000000000
48 -188.0000000000
51 -187.0000000000
54 -186.0000000000
61 -185.0000000000
62 -184.0000000000
65 -183.0000000000
66 -182.0000000000
67 -181.0000000000
69 -180.0000000000
70 -179.0000000000
74 -178.0000000000
75 -177.0000000000
77 -176.0000000000
78 -175.0000000000
80 -174.0000000000
83 -173.0000000000
84 -172.0000000000
88 -171.0000000000
89 -170.0000000000
92 -169.0000000000
93 -168.0000000000
98 -167.0000000000
101 -166.0000000000
103 -165.0000000000
104 -164.0000000000
106 -163.0000000000
108 -162.0000000000
109 -161.0000000000
110 -160.0000000000
112 -159.0000000000
116 -158.0000000000
120 -157.0000000000
121 -156.0000000000
122 -155.0000000000
125 -154.0000000000
126 -153.0000000000
129 -152.0000000000
133 -151.0000000000
137 -150.0000000000
138 -149.0000000000
146 -148.0000000000
147 -147.0000000000
150 -146.0000000000
152 -145.0000000000
157 -144.0000000000
158 -143.0000000000
161 -142.0000000000
162 -141.0000000000
170 -140.0000000000
175 -139.0000000000
177 -138.0000000000
179 -137.0000000000
184 -136.0000000000
188 -135.0000000000
190 -134.0000000000
193 -133.0000000000
194 -132.0000000000
196 -131.0000000000
209 -130.0000000000
214 -129.0000000000
216 -128.0000000000
218 -127.0000000000
219 -126.0000000000
220 -125.0000000000
224 -124.0000000000
226 -123.0000000000
227 -122.0000000000
230 -121.0000000000
231 -120.0000000000
236 -119.0000000000
239 -118.0000000000
241 -117.0000000000
245 -116.0000000000
257 -115.0000000000
262 -114.0000000000
270 -113.0000000000
271 -112.0000000000
287 -111.0000000000
295 -110.0000000000
306 -109.0000000000
311 -108.0000000000
315 -107.0000000000
320 -106.0000000000
326 -105.0000000000
329 -104.0000000000
333 -103.0000000000
335 -102.0000000000
355 -101.0000000000
357 -100.0000000000
361 -99.0000000000
367 -98.0000000000
371 -97.0000000000
391 -96.0000000000
392 -95.0000000000
403 -94.0000000000
412 -93.0000000000
414 -92.0000000000
420 -91.0000000000
426 -90.0000000000
431 -89.0000000000
432 -88.0000000000
451 -87.0000000000
454 -86.0000000000
462 -85.0000000000
474 -84.0000000000
477 -83.0000000000
481 -82.0000000000
482 -81.0000000000
483 -80.0000000000
484 -79.0000000000
487 -78.0000000000
488 -77.0000000000
496 -76.0000000000
497 -75.0000000000
505 -74.0000000000
506 -73.0000000000
508 -72.0000000000
519 -71.0000000000
520 -70.0000000000
522 -69.0000000000
525 -68.0000000000
527 -67.0000000000
536 -66.0000000000
541 -65.0000000000
548 -64.0000000000
550 -63.0000000000
554 -62.0000000000
558 -61.0000000000
566 -60.0000000000
568 -59.0000000000
581 -58.0000000000
587 -57.0000000000
597 -56.0000000000
610 -55.0000000000
612 -54.0000000000
618 -53.0000000000
623 -52.0000000000
627 -51.0000000000
638 -50.0000000000
642 -49.0000000000
647 -48.0000000000
665 -47.0000000000
669 -46.0000000000
681 -45.0000000000
686 -44.0000000000
687 -43.0000000000
693 -42.0000000000
699 -41.0000000000
700 -40.0000000000
718 -39.0000000000
722 -38.0000000000
733 -37.0000000000
738 -36.0000000000
747 -35.0000000000
749 -34.0000000000
756 -33.0000000000
761 -32.0000000000
795 -31.0000000000
821 -30.0000000000
822 -29.0000000000
831 -28.0000000000
844 -27.0000000000
862 -26.0000000000
877 -25.0000000000
926 -24.0000000000
957 -23.0000000000
970 -22.0000000000
997 -21.0000000000
1014 -20.0000000000
1019 -19.0000000000
1056 -18.0000000000
1080 -17.0000000000
1100 -16.0000000000
1133 -15.0000000000
1148 -14.0000000000
1152 -13.0000000000
1160 -12.0000000000
1162 -11.0000000000
1216 -10.0000000000
1230 -9.0000000000
1237 -8.0000000000
1248 -7.0000000000
1254 -6.0000000000
1261 -5.0000000000
1310 -4.0000000000
1329 -3.0000000000
1352 -2.0000000000
1421 -1.0000000000
1486 378.0000000000
100001 -1.0000000000
evaluations raw_y
1 -211.0000000000
2 -210.0000000000
3 -209.0000000000
4 -208.0000000000
5 -207.0000000000
7 -206.0000000000
9 -205.0000000000
10 -204.0000000000
11 -203.0000000000
12 -202.0000000000
13 -201.0000000000
15 -200.0000000000
16 -199.0000000000
18 -198.0000000000
19 -197.0000000000
21 -196.0000000000
24 -195.0000000000
25 -194.0000000000
28 -193.0000000000
29 -192.0000000000
31 -191.0000000000
32 -190.0000000000
33 -189.0000000000
35 -188.0000000000
37 -187.0000000000
38 -186.0000000000
41 -185.0000000000
48 -184.0000000000
52 -183.0000000000
55 -182.0000000000
57 -181.0000000000
59 -180.0000000000
63 -179.0000000000
68 -178.0000000000
74 -177.0000000000
77 -176.0000000000
79 -175.0000000000
82 -174.0000000000
85 -173.0000000000
89 -172.0000000000
91 -171.0000000000
94 -170.0000000000
95 -169.0000000000
96 -168.0000000000
98 -167.0000000000
99 -166.0000000000
101 -165.0000000000
112 -164.0000000000
113 -163.0000000000
115 -162.0000000000
117 -161.0000000000
119 -160.0000000000
120 -159.0000000000
124 -158.0000000000
130 -157.0000000000
132 -156.0000000000
133 -155.0000000000
135 -154.0000000000
138 -153.0000000000
139 -152.0000000000
143 -151.0000000000
144 -150.0000000000
146 -149.0000000000
149 -148.0000000000
152 -147.0000000000
154 -146.0000000000
156 -145.0000000000
161 -144.0000000000
163 -143.0000000000
173 -142.0000000000
174 -141.0000000000
176 -140.0000000000
177 -139.0000000000
181 -138.0000000000
184 -137.0000000000
185 -136.0000000000
190 -135.0000000000
197 -134.0000000000
198 -133.0000000000
201 -132.0000000000
205 -131.0000000000
211 -130.0000000000
214 -129.0000000000
216 -128.0000000000
218 -127.0000000000
219 -126.0000000000
222 -125.0000000000
226 -124.0000000000
230 -123.0000000000
235 -122.0000000000
236 -121.0000000000
239 -120.0000000000
245 -119.0000000000
247 -118.0000000000
248 -117.0000000000
249 -116.0000000000
250 -115.0000000000
252 -114.0000000000
254 -113.0000000000
259 -112.0000000000
261 -111.0000000000
264 -110.0000000000
269 -109.0000000000
270 -108.0000000000
272 -107.0000000000
274 -106.0000000000
275 -105.0000000000
282 -104.0000000000
285 -103.0000000000
290 -102.0000000000
294 -101.0000000000
309 -100.0000000000
310 -99.0000000000
314 -98.0000000000
316 -97.0000000000
318 -96.0000000000
319 -95.0000000000
321 -94.0000000000
327 -93.0000000000
329 -92.0000000000
332 -91.0000000000
334 -90.0000000000
341 -89.0000000000
345 -88.0000000000
346 -87.0000000000
350 -86.0000000000
360 -85.0000000000
367 -84.0000000000
368 -83.0000000000
369 -82.0000000000
373 -81.0000000000
381 -80.0000000000
384 -79.0000000000
398 -78.0000000000
400 -77.0000000000
420 -76.0000000000
428 -75.0000000000
440 -74.0000000000
447 -73.0000000000
455 -72.0000000000
457 -71.0000000000
461 -70.0000000000
465 -69.0000000000
468 -68.0000000000
473 -67.0000000000
480 -66.0000000000
483 -65.0000000000
484 -64.0000000000
488 -63.0000000000
489 -62.0000000000
498 -61.0000000000
500 -60.0000000000
507 -59.0000000000
513 -58.0000000000
522 -57.0000000000
527 -56.0000000000
548 -55.0000000000
551 -54.0000000000
562 -53.0000000000
579 -52.0000000000
587 -51.0000000000
589 -50.0000000000
591 -49.0000000000
593 -48.0000000000
594 -47.0000000000
606 -46.0000000000
622 -45.0000000000
624 -44.0000000000
641 -43.0000000000
646 -42.0000000000
652 -41.0000000000
661 -40.0000000000
663 -39.0000000000
670 -38.0000000000
672 -37.0000000000
673 -36.0000000000
675 -35.0000000000
694 -34.0000000000
720 -33.0000000000
733 -32.0000000000
736 -31.0000000000
738 -30.0000000000
749 -29.0000000000
775 -28.0000000000
780 -27.0000000000
806 -26.0000000000
815 -25.0000000000
822 -24.0000000000
829 -23.0000000000
834 -22.0000000000
844 -21.0000000000
853 -20.0000000000
860 -19.0000000000
861 -18.0000000000
887 -17.0000000000
927 -16.0000000000
961 -15.0000000000
966 -14.0000000000
1026 -13.0000000000
1036 -12.0000000000
1037 -11.0000000000
1048 -10.0000000000
1103 -9.0000000000
1118 -8.0000000000
1173 -7.0000000000
1194 -6.0000000000
1279 -5.0000000000
1324 -4.0000000000
1456 -3.0000000000
1464 -2.0000000000
1466 -1.0000000000
1583 375.0000000000
100001 -1.0000000000
evaluations raw_y
1 -205.0000000000
3 -204.0000000000
5 -203.0000000000
6 -202.0000000000
7 -201.0000000000
8 -200.0000000000
9 -199.0000000000
11 -198.0000000000
12 -197.0000000000
14 -196.0000000000
18 -195.0000000000
20 -194.0000000000
21 -193.0000000000
22 -192.0000000000
25 -191.0000000000
27 -190.0000000000
29 -189.0000000000
30 -188.0000000000
34 -187.0000000000
38 -186.0000000000
40 -185.0000000000
42 -184.0000000000
44 -183.0000000000
47 -182.0000000000
48 -181.0000000000
50 -180.0000000000
52 -179.0000000000
57 -178.0000000000
58 -177.0000000000
59 -176.0000000000
61 -175.0000000000
62 -174.0000000000
67 -173.0000000000
69 -172.0000000000
71 -171.0000000000
73 -170.0000000000
77 -169.0000000000
81 -168.0000000000
85 -167.0000000000
88 -166.0000000000
90 -165.0000000000
93 -164.0000000000
94 -163.0000000000
95 -162.0000000000
96 -161.0000000000
97 -160.0000000000
99 -159.0000000000
101 -158.0000000000
102 -157.0000000000
103 -156.0000000000
104 -155.0000000000
106 -154.0000000000
108 -153.0000000000
114 -152.0000000000
119 -151.0000000000
122 -150.0000000000
126 -149.0000000000
127 -148.0000000000
130 -147.0000000000
131 -146.0000000000
132 -145.0000000000
133 -144.0000000000
138 -143.0000000000
139 -142.0000000000
143 -141.0000000000
146 -140.0000000000
152 -139.0000000000
159 -138.0000000000
160 -137.0000000000
166 -136.0000000000
167 -135.0000000000
168 -134.0000000000
170 -133.0000000000
176 -132.0000000000
178 -131.0000000000
183 -130.0000000000
191 -129.0000000000
193 -128.0000000000
194 -127.0000000000
195 -126.0000000000
196 -125.0000000000
202 -124.0000000000
203 -123.0000000000
206 -122.0000000000
207 -121.0000000000
209 -120.0000000000
211 -119.0000000000
216 -118.0000000000
218 -117.0000000000
219 -116.0000000000
223 -115.0000000000
224 -114.0000000000
227 -113.0000000000
232 -112.0000000000
235 -111.0000000000
238 -110.0000000000
242 -109.0000000000
243 -108.0000000000
247 -107.0000000000
248 -106.0000000000
249 -105.0000000000
253 -104.0000000000
265 -103.0000000000
273 -102.0000000000
274 -101.0000000000
276 -100.0000000000
282 -99.0000000000
283 -98.0000000000
285 -97.0000000000
301 -96.0000000000
326 -95.0000000000
327 -94.0000000000
328 -93.0000000000
332 -92.0000000000
340 -91.0000000000
342 -90.0000000000
351 -89.0000000000
353 -88.0000000000
354 -87.0000000000
358 -86.0000000000
360 -85.0000000000
364 -84.0000000000
366 -83.0000000000
370 -82.0000000000
375 -81.0000000000
377 -80.0000000000
379 -79.0000000000
381 -78.0000000000
393 -77.0000000000
395 -76.0000000000
398 -75.0000000000
400 -74.0000000000
417 -73.0000000000
419 -72.0000000000
420 -71.0000000000
425 -70.0000000000
427 -69.0000000000
436 -68.0000000000
437 -67.0000000000
443 -66.0000000000
460 -65.0000000000
468 -64.0000000000
471 -63.0000000000
491 -62.0000000000
493 -61.0000000000
497 -60.0000000000
499 -59.0000000000
501 -58.0000000000
507 -57.0000000000
517 -56.0000000000
523 -55.0000000000
543 -54.0000000000
546 -53.0000000000
550 -52.0000000000
566 -51.0000000000
571 -50.0000000000
576 -49.0000000000
579 -48.0000000000
586 -47.0000000000
588 -46.0000000000
597 -45.0000000000
606 -44.0000000000
611 -43.0000000000
614 -42.0000000000
623 -41.0000000000
645 -40.0000000000
669 -39.0000000000
671 -38.0000000000
674 -37.0000000000
690 -36.0000000000
692 -35.0000000000
698 -34.0000000000
700 -33.0000000000
719 -32.0000000000
721 -31.0000000000
753 -30.0000000000
761 -29.0000000000
777 -28.0000000000
778 -27.0000000000
797 -26.0000000000
801 -25.0000000000
802 -24.0000000000
820 -23.0000000000
831 -22.0000000000
835 -21.0000000000
843 -20.0000000000
847 -19.0000000000
873 -18.0000000000
880 -17.0000000000
885 -16.0000000000
939 -15.0000000000
940 -14.0000000000
943 -13.0000000000
946 -12.0000000000
1040 -11.0000000000
1058 -10.0000000000
1063 -9.0000000000
1099 -8.0000000000
1103 -7.0000000000
1106 -6.0000000000
1146 -5.0000000000
1166 -4.0000000000
1179 -3.0000000000
1189 -2.0000000000
1204 -1.0000000000
1217 388.0000000000
100001 -1.0000000000
evaluations raw_y
1 -215.0000000000
4 -214.0000000000
8 -213.0000000000
10 -212.0000000000
11 -211.0000000000
12 -210.0000000000
14 -209.0000000000
15 -208.0000000000
17 -207.0000000000
20 -206.0000000000
22 -205.0000000000
24 -204.0000000000
26 -203.0000000000
27 -202.0000000000
28 -201.0000000000
29 -200.0000000000
30 -199.0000000000
32 -198.0000000000
33 -197.0000000000
34 -196.0000000000
35 -195.0000000000
36 -194.0000000000
38 -193.0000000000
39 -192.0000000000
41 -191.0000000000
42 -190.0000000000
48 -189.0000000000
56 -188.0000000000
61 -187.0000000000
62 -186.0000000000
64 -185.0000000000
67 -184.0000000000
69 -183.0000000000
72 -182.0000000000
73 -181.0000000000
75 -180.0000000000
77 -179.0000000000
78 -178.0000000000
80 -177.0000000000
85 -176.0000000000
89 -175.0000000000
92 -174.0000000000
94 -173.0000000000
96 -172.0000000000
100 -171.0000000000
103 -170.0000000000
105 -169.0000000000
106 -168.0000000000
109 -167.0000000000
116 -166.0000000000
120 -165.0000000000
123 -164.0000000000
127 -163.0000000000
128 -162.0000000000
130 -161.0000000000
131 -160.0000000000
133 -159.0000000000
135 -158.0000000000
136 -157.0000000000
139 -156.0000000000
140 -155.0000000000
143 -154.0000000000
144 -153.0000000000
149 -152.0000000000
151 -151.0000000000
155 -150.0000000000
160 -149.0000000000
163 -148.0000000000
167 -147.0000000000
168 -146.0000000000
176 -145.0000000000
179 -144.0000000000
180 -143.0000000000
181 -142.0000000000
182 -141.0000000000
183 -140.0000000000
185 -139.0000000000
189 -138.0000000000
199 -137.0000000000
202 -136.0000000000
204 -135.0000000000
205 -134.0000000000
207 -133.0000000000
209 -132.0000000000
215 -131.0000000000
216 -130.0000000000
218 -129.0000000000
222 -128.0000000000
224 -127.0000000000
225 -126.0000000000
226 -125.0000000000
227 -124.0000000000
229 -123.0000000000
231 -122.0000000000
232 -121.0000000000
235 -120.0000000000
246 -119.0000000000
247 -118.0000000000
249 -117.0000000000
250 -116.0000000000
251 -115.0000000000
253 -114.0000000000
254 -113.0000000000
257 -112.0000000000
264 -111.0000000000
265 -110.0000000000
267 -109.0000000000
269 -108.0000000000
274 -107.0000000000
278 -106.0000000000
280 -105.0000000000
284 -104.0000000000
286 -103.0000000000
299 -102.0000000000
315 -101.0000000000
323 -100.0000000000
324 -99.0000000000
328 -98.0000000000
331 -97.0000000000
337 -96.0000000000
342 -95.0000000000
343 -94.0000000000
347 -93.0000000000
353 -92.0000000000
356 -91.0000000000
358 -90.0000000000
361 -89.0000000000
362 -88.0000000000
365 -87.0000000000
371 -86.0000000000
378 -85.0000000000
381 -84.0000000000
383 -83.0000000000
385 -82.0000000000
387 -81.0000000000
390 -80.0000000000
391 -79.0000000000
396 -78.0000000000
399 -77.0000000000
411 -76.0000000000
416 -75.0000000000
425 -74.0000000000
428 -73.0000000000
438 -72.0000000000
439 -71.0000000000
440 -70.0000000000
449 -69.0000000000
452 -68.0000000000
457 -67.0000000000
465 -66.0000000000
467 -65.0000000000
470 -64.0000000000
474 -63.0000000000
485 -62.0000000000
492 -61.0000000000
498 -60.0000000000
501 -59.0000000000
504 -58.0000000000
506 -57.0000000000
520 -56.0000000000
524 -55.0000000000
533 -54.0000000000
534 -53.0000000000
538 -52.0000000000
553 -51.0000000000
554 -50.0000000000
569 -49.0000000000
570 -48.0000000000
574 -47.0000000000
595 -46.0000000000
596 -45.0000000000
602 -44.0000000000
606 -43.0000000000
613 -42.0000000000
619 -41.0000000000
630 -40.0000000000
633 -39.0000000000
638 -38.0000000000
645 -37.0000000000
654 -36.0000000000
675 -35.0000000000
686 -34.0000000000
687 -33.0000000000
688 -32.0000000000
692 -31.0000000000
710 -30.0000000000
714 -29.0000000000
724 -28.0000000000
728 -27.0000000000
745 -26.0000000000
751 -25.0000000000
752 -24.0000000000
791 -23.0000000000
795 -22.0000000000
804 -21.0000000000
833 -20.0000000000
836 -19.0000000000
840 -18.0000000000
849 -17.0000000000
850 -16.0000000000
880 -15.0000000000
889 -14.0000000000
914 -13.0000000000
921 -12.0000000000
924 -11.0000000000
926 -10.0000000000
945 -9.0000000000
961 -8.0000000000
969 -7.0000000000
983 -6.0000000000
991 -5.0000000000
1052 -4.0000000000
1120 -3.0000000000
1139 -2.0000000000
1142 -1.0000000000
1143 381.0000000000
100001 -1.0000000000
evaluations raw_y
1 -217.0000000000
3 -216.0000000000
5 -215.0000000000
7 -214.0000000000
9 -213.0000000000
13 -212.0000000000
14 -211.0000000000
19 -210.0000000000
20 -209.0000000000
21 -208.0000000000
23 -207.0000000000
25 -206.0000000000
26 -205.0000000000
27 -204.0000000000
28 -203.0000000000
32 -202.0000000000
34 -201.0000000000
35 -200.0000000000
40 -199.0000000000
41 -198.0000000000
42 -197.0000000000
43 -196.0000000000
44 -195.0000000000
46 -194.0000000000
47 -193.0000000000
48 -192.0000000000
49 -191.0000000000
52 -190.0000000000
53 -189.0000000000
57 -188.0000000000
59 -187.0000000000
74 -186.0000000000
81 -185.0000000000
83 -184.0000000000
89 -183.0000000000
91 -182.0000000000
93 -181.0000000000
96 -180.0000000000
100 -179.0000000000
102 -178.0000000000
107 -177.0000000000
109 -176.0000000000
111 -175.0000000000
117 -174.0000000000
123 -173.0000000000
124 -172.0000000000
125 -171.0000000000
127 -170.0000000000
130 -169.0000000000
131 -168.0000000000
133 -167.0000000000
134 -166.0000000000
142 -165.0000000000
144 -164.0000000000
151 -163.0000000000
152 -162.0000000000
153 -161.0000000000
157 -160.0000000000
158 -159.0000000000
160 -158.0000000000
163 -157.0000000000
166 -156.0000000000
172 -155.0000000000
175 -154.0000000000
177 -153.0000000000
179 -152.0000000000
186 -151.0000000000
192 -150.0000000000
193 -149.0000000000
194 -148.0000000000
198 -147.0000000000
199 -146.0000000000
205 -145.0000000000
206 -144.0000000000
207 -143.0000000000
210 -142.0000000000
216 -141.0000000000
220 -140.0000000000
221 -139.0000000000
222 -138.0000000000
224 -137.0000000000
229 -136.0000000000
230 -135.0000000000
234 -134.0000000000
243 -133.0000000000
248 -132.0000000000
249 -131.0000000000
251 -130.0000000000
252 -129.0000000000
265 -128.0000000000
266 -127.0000000000
267 -126.0000000000
270 -125.0000000000
271 -124.0000000000
275 -123.0000000000
278 -122.0000000000
281 -121.0000000000
282 -120.0000000000
283 -119.0000000000
284 -118.0000000000
286 -117.0000000000
289 -116.0000000000
290 -115.0000000000
291 -114.0000000000
297 -113.0000000000
299 -112.0000000000
300 -111.0000000000
303 -110.0000000000
306 -109.0000000000
311 -108.0000000000
320 -107.0000000000
321 -106.0000000000
324 -105.0000000000
328 -104.0000000000
329 -103.0000000000
332 -102.0000000000
335 -101.0000000000
336 -100.0000000000
341 -99.0000000000
349 -98.0000000000
352 -97.0000000000
358 -96.0000000000
359 -95.0000000000
363 -94.0000000000
366 -93.0000000000
369 -92.0000000000
374 -91.0000000000
380 -90.0000000000
391 -89.0000000000
395 -88.0000000000
403 -87.0000000000
407 -86.0000000000
416 -85.0000000000
421 -84.0000000000
422 -83.0000000000
424 -82.0000000000
431 -81.0000000000
433 -80.0000000000
436 -79.0000000000
437 -78.0000000000
439 -77.0000000000
453 -76.0000000000
456 -75.0000000000
465 -74.0000000000
466 -73.0000000000
475 -72.0000000000
487 -71.0000000000
492 -70.0000000000
495 -69.0000000000
499 -68.0000000000
500 -67.0000000000
509 -66.0000000000
513 -65.0000000000
546 -64.0000000000
554 -63.0000000000
559 -62.0000000000
561 -61.0000000000
564 -60.0000000000
566 -59.0000000000
568 -58.0000000000
572 -57.0000000000
577 -56.0000000000
585 -55.0000000000
590 -54.0000000000
601 -53.0000000000
605 -52.0000000000
610 -51.0000000000
623 -50.0000000000
641 -49.0000000000
646 -48.0000000000
647 -47.0000000000
650 -46.0000000000
651 -45.0000000000
654 -44.0000000000
670 -43.0000000000
691 -42.0000000000
707 -41.0000000000
708 -40.0000000000
710 -39.0000000000
714 -38.0000000000
731 -37.0000000000
737 -36.0000000000
739 -35.0000000000
744 -34.0000000000
752 -33.0000000000
764 -32.0000000000
771 -31.0000000000
791 -30.0000000000
803 -29.0000000000
808 -28.0000000000
813 -27.0000000000
816 -26.0000000000
832 -25.0000000000
836 -24.0000000000
837 -23.0000000000
845 -22.0000000000
867 -21.0000000000
876 -20.0000000000
887 -19.0000000000
912 -18.0000000000
924 -17.0000000000
949 -16.0000000000
963 -15.0000000000
966 -14.0000000000
997 -13.0000000000
999 -12.0000000000
1019 -11.0000000000
1031 -10.0000000000
1084 -9.0000000000
1130 -8.0000000000
1190 -7.0000000000
1213 -6.0000000000
1245 -5.0000000000
1274 -4.0000000000
1276 -3.0000000000
1351 -2.0000000000
1411 -1.0000000000
1467 386.0000000000
100001 -1.0000000000
evaluations raw_y
1 -201.0000000000
3 -200.0000000000
6 -199.0000000000
10 -198.0000000000
11 -197.0000000000
12 -196.0000000000
14 -195.0000000000
18 -194.0000000000
21 -193.0000000000
22 -192.0000000000
23 -191.0000000000
24 -190.0000000000
25 -189.0000000000
26 -188.0000000000
34 -187.0000000000
35 -186.0000000000
36 -185.0000000000
38 -184.0000000000
39 -183.0000000000
40 -182.0000000000
45 -181.0000000000
47 -180.0000000000
49 -179.0000000000
51 -178.0000000000
52 -177.0000000000
54 -176.0000000000
55 -175.0000000000
57 -174.0000000000
58 -173.0000000000
60 -172.0000000000
62 -171.0000000000
63 -170.0000000000
66 -169.0000000000
67 -168.0000000000
71 -167.0000000000
72 -166.0000000000
74 -165.0000000000
75 -164.0000000000
80 -163.0000000000
88 -162.0000000000
92 -161.0000000000
93 -160.0000000000
96 -159.0000000000
99 -158.0000000000
100 -157.0000000000
104 -156.0000000000
107 -155.0000000000
109 -154.0000000000
110 -153.0000000000
114 -152.0000000000
117 -151.0000000000
122 -150.0000000000
123 -149.0000000000
124 -148.0000000000
129 -147.0000000000
130 -146.0000000000
131 -145.0000000000
132 -144.0000000000
135 -143.0000000000
139 -142.0000000000
140 -141.0000000000
143 -140.0000000000
144 -139.0000000000
151 -138.0000000000
158 -137.0000000000
159 -136.0000000000
161 -135.0000000000
163 -134.0000000000
168 -133.0000000000
170 -132.0000000000
171 -131.0000000000
175 -130.0000000000
176 -129.0000000000
178 -128.0000000000
179 -127.0000000000
180 -126.0000000000
182 -125.0000000000
183 -124.0000000000
190 -123.0000000000
192 -122.0000000000
195 -121.0000000000
204 -120.0000000000
210 -119.0000000000
212 -118.0000000000
215 -117.0000000000
216 -116.0000000000
218 -115.0000000000
219 -114.0000000000
222 -113.0000000000
224 -112.0000000000
232 -111.0000000000
233 -110.0000000000
238 -109.0000000000
246 -108.0000000000
247 -107.0000000000
250 -106.0000000000
259 -105.0000000000
261 -104.0000000000
263 -103.0000000000
268 -102.0000000000
271 -101.0000000000
273 -100.0000000000
274 -99.0000000000
283 -98.0000000000
286 -97.0000000000
289 -96.0000000000
295 -95.0000000000
296 -94.0000000000
297 -93.0000000000
300 -92.0000000000
303 -91.0000000000
307 -90.0000000000
309 -89.0000000000
311 -88.0000000000
312 -87.0000000000
315 -86.0000000000
321 -85.0000000000
324 -84.0000000000
342 -83.0000000000
350 -82.0000000000
359 -81.0000000000
361 -80.0000000000
371 -79.0000000000
373 -78.0000000000
375 -77.0000000000
379 -76.0000000000
387 -75.0000000000
399 -74.0000000000
403 -73.0000000000
405 -72.0000000000
413 -71.0000000000
419 -70.0000000000
420 -69.0000000000
429 -68.0000000000
434 -67.0000000000
435 -66.0000000000
436 -65.0000000000
438 -64.0000000000
445 -63.0000000000
447 -62.0000000000
451 -61.0000000000
471 -60.0000000000
483 -59.0000000000
491 -58.0000000000
501 -57.0000000000
515 -56.0000000000
523 -55.0000000000
524 -54.0000000000
533 -53.0000000000
542 -52.0000000000
559 -51.0000000000
582 -50.0000000000
585 -49.0000000000
603 -48.0000000000
612 -47.0000000000
621 -46.0000000000
642 -45.0000000000
655 -44.0000000000
657 -43.0000000000
664 -42.0000000000
666 -41.0000000000
673 -40.0000000000
674 -39.0000000000
686 -38.0000000000
690 -37.0000000000
697 -36.0000000000
706 -35.0000000000
714 -34.0000000000
732 -33.0000000000
736 -32.0000000000
754 -31.0000000000
755 -30.0000000000
777 -29.0000000000
778 -28.0000000000
817 -27.0000000000
829 -26.0000000000
839 -25.0000000000
842 -24.0000000000
848 -23.0000000000
855 -22.0000000000
868 -21.0000000000
873 -20.0000000000
879 -19.0000000000
881 -18.0000000000
915 -17.0000000000
924 -16.0000000000
932 -15.0000000000
946 -14.0000000000
991 -13.0000000000
992 -12.0000000000
1020 -11.0000000000
1032 -10.0000000000
1063 -9.0000000000
1066 -8.0000000000
1129 -7.0000000000
1138 -6.0000000000
1185 -5.0000000000
1189 -4.0000000000
1194 -3.0000000000
1231 -2.0000000000
1287 -1.0000000000
1296 381.0000000000
100001 -1.0000000000
evaluations raw_y
1 -220.0000000000
2 -219.0000000000
3 -218.0000000000
4 -217.0000000000
6 -216.0000000000
10 -215.0000000000
11 -214.0000000000
16 -213.0000000000
18 -212.0000000000
21 -211.0000000000
22 -210.0000000000
25 -209.0000000000
27 -208.0000000000
30 -207.0000000000
31 -206.0000000000
34 -205.0000000000
35 -204.0000000000
36 -203.0000000000
37 -202.0000000000
38 -201.0000000000
40 -200.0000000000
41 -199.0000000000
43 -198.0000000000
44 -197.0000000000
45 -196.0000000000
46 -195.0000000000
47 -194.0000000000
48 -193.0000000000
49 -192.0000000000
50 -191.0000000000
53 -190.0000000000
54 -189.0000000000
60 -188.0000000000
66 -187.0000000000
67 -186.0000000000
68 -185.0000000000
73 -184.0000000000
74 -183.0000000000
77 -182.0000000000
87 -181.0000000000
90 -180.0000000000
91 -179.0000000000
95 -178.0000000000
97 -177.0000000000
100 -176.0000000000
102 -175.0000000000
106 -174.0000000000
108 -173.0000000000
110 -172.0000000000
111 -171.0000000000
113 -170.0000000000
114 -169.0000000000
115 -168.0000000000
117 -167.0000000000
119 -166.0000000000
120 -165.0000000000
122 -164.0000000000
123 -163.0000000000
125 -162.0000000000
126 -161.0000000000
133 -160.0000000000
134 -159.0000000000
136 -158.0000000000
139 -157.0000000000
141 -156.0000000000
145 -155.0000000000
147 -154.0000000000
148 -153.0000000000
149 -152.0000000000
150 -151.0000000000
151 -150.0000000000
157 -149.0000000000
162 -148.0000000000
165 -147.0000000000
167 -146.0000000000
168 -145.0000000000
170 -144.0000000000
174 -143.0000000000
179 -142.0000000000
180 -141.0000000000
185 -140.0000000000
189 -139.0000000000
199 -138.0000000000
201 -137.0000000000
202 -136.0000000000
203 -135.0000000000
207 -134.0000000000
210 -133.0000000000
214 -132.0000000000
215 -131.0000000000
218 -130.0000000000
220 -129.0000000000
223 -128.0000000000
227 -127.0000000000
231 -126.0000000000
236 -125.0000000000
237 -124.0000000000
240 -123.0000000000
241 -122.0000000000
244 -121.0000000000
246 -120.0000000000
250 -119.0000000000
256 -118.0000000000
258 -117.0000000000
265 -116.0000000000
267 -115.0000000000
279 -114.0000000000
287 -113.0000000000
291 -112.0000000000
294 -111.0000000000
295 -110.0000000000
298 -109.0000000000
302 -108.0000000000
307 -107.0000000000
310 -106.0000000000
311 -105.0000000000
313 -104.0000000000
316 -103.0000000000
319 -102.0000000000
324 -101.0000000000
326 -100.0000000000
346 -99.0000000000
353 -98.0000000000
354 -97.0000000000
358 -96.0000000000
359 -95.0000000000
360 -94.0000000000
368 -93.0000000000
369 -92.0000000000
371 -91.0000000000
374 -90.0000000000
375 -89.0000000000
376 -88.0000000000
382 -87.0000000000
384 -86.0000000000
402 -85.0000000000
408 -84.0000000000
410 -83.0000000000
412 -82.0000000000
415 -81.0000000000
426 -80.0000000000
427 -79.0000000000
438 -78.0000000000
439 -77.0000000000
446 -76.0000000000
461 -75.0000000000
463 -74.0000000000
464 -73.0000000000
466 -72.0000000000
482 -71.0000000000
487 -70.0000000000
490 -69.0000000000
491 -68.0000000000
507 -67.0000000000
514 -66.0000000000
539 -65.0000000000
540 -64.0000000000
542 -63.0000000000
556 -62.0000000000
560 -61.0000000000
561 -60.0000000000
563 -59.0000000000
571 -58.0000000000
577 -57.0000000000
579 -56.0000000000
588 -55.0000000000
608 -54.0000000000
621 -53.0000000000
638 -52.0000000000
644 -51.0000000000
645 -50.0000000000
646 -49.0000000000
655 -48.0000000000
659 -47.0000000000
672 -46.0000000000
673 -45.0000000000
692 -44.0000000000
694 -43.0000000000
697 -42.0000000000
708 -41.0000000000
709 -40.0000000000
717 -39.0000000000
720 -38.0000000000
722 -37.0000000000
731 -36.0000000000
751 -35.0000000000
753 -34.0000000000
761 -33.0000000000
771 -32.0000000000
774 -31.0000000000
775 -30.0000000000
783 -29.0000000000
785 -28.0000000000
803 -27.0000000000
821 -26.0000000000
837 -25.0000000000
871 -24.0000000000
873 -23.0000000000
927 -22.0000000000
931 -21.0000000000
944 -20.0000000000
952 -19.0000000000
980 -18.0000000000
986 -17.0000000000
992 -16.0000000000
993 -15.0000000000
1006 -14.0000000000
1020 -13.0000000000
1023 -12.0000000000
1042 -11.0000000000
1044 -10.0000000000
1096 -9.0000000000
1154 -8.0000000000
1252 -7.0000000000
1329 -6.0000000000
1385 -5.0000000000
1398 -4.0000000000
1411 -3.0000000000
1434 -2.0000000000
1450 -1.0000000000
1486 367.0000000000
100001 -1.0000000000
evaluations raw_y
1 -197.0000000000
2 -196.0000000000
3 -195.0000000000
4 -194.0000000000
7 -193.0000000000
9 -192.0000000000
13 -191.0000000000
18 -190.0000000000
20 -189.0000000000
21 -188.0000000000
22 -187.0000000000
25 -186.0000000000
27 -185.0000000000
28 -184.0000000000
29 -183.0000000000
30 -182.0000000000
32 -181.0000000000
36 -180.0000000000
37 -179.0000000000
40 -178.0000000000
44 -177.0000000000
46 -176.0000000000
47 -175.0000000000
52 -174.0000000000
54 -173.0000000000
55 -172.0000000000
56 -171.0000000000
61 -170.0000000000
62 -169.0000000000
65 -168.0000000000
72 -167.0000000000
75 -166.0000000000
77 -165.0000000000
78 -164.0000000000
79 -163.0000000000
80 -162.0000000000
89 -161.0000000000
92 -160.0000000000
94 -159.0000000000
103 -158.0000000000
105 -157.0000000000
107 -156.0000000000
112 -155.0000000000
115 -154.0000000000
122 -153.0000000000
126 -152.0000000000
128 -151.0000000000
129 -150.0000000000
132 -149.0000000000
133 -148.0000000000
136 -147.0000000000
139 -146.0000000000
140 -145.0000000000
142 -144.0000000000
143 -143.0000000000
151 -142.0000000000
153 -141.0000000000
159 -140.0000000000
161 -139.0000000000
168 -138.0000000000
169 -137.0000000000
171 -136.0000000000
174 -135.0000000000
175 -134.0000000000
176 -133.0000000000
177 -132.0000000000
179 -131.0000000000
183 -130.0000000000
187 -129.0000000000
189 -128.0000000000
196 -127.0000000000
205 -126.0000000000
206 -125.0000000000
207 -124.0000000000
210 -123.0000000000
215 -122.0000000000
218 -121.0000000000
228 -120.0000000000
231 -119.0000000000
238 -118.0000000000
242 -117.0000000000
243 -116.0000000000
244 -115.0000000000
253 -114.0000000000
255 -113.0000000000
256 -112.0000000000
257 -111.0000000000
258 -110.0000000000
260 -109.0000000000
262 -108.0000000000
265 -107.0000000000
267 -106.0000000000
269 -105.0000000000
270 -104.0000000000
274 -103.0000000000
275 -102.0000000000
280 -101.0000000000
282 -100.0000000000
288 -99.0000000000
293 -98.0000000000
294 -97.0000000000
298 -96.0000000000
305 -95.0000000000
318 -94.0000000000
321 -93.0000000000
323 -92.0000000000
326 -91.0000000000
334 -90.0000000000
335 -89.0000000000
337 -88.0000000000
343 -87.0000000000
351 -86.0000000000
352 -85.0000000000
355 -84.0000000000
356 -83.0000000000
364 -82.0000000000
376 -81.0000000000
387 -80.0000000000
388 -79.0000000000
392 -78.0000000000
397 -77.0000000000
410 -76.0000000000
415 -75.0000000000
420 -74.0000000000
428 -73.0000000000
435 -72.0000000000
436 -71.0000000000
437 -70.0000000000
450 -69.0000000000
455 -68.0000000000
457 -67.0000000000
473 -66.0000000000
491 -65.0000000000
498 -64.0000000000
504 -63.0000000000
505 -62.0000000000
519 -61.0000000000
524 -60.0000000000
528 -59.0000000000
529 -58.0000000000
533 -57.0000000000
549 -56.0000000000
554 -55.0000000000
563 -54.0000000000
564 -53.0000000000
570 -52.0000000000
572 -51.0000000000
577 -50.0000000000
591 -49.0000000000
592 -48.0000000000
603 -47.0000000000
616 -46.0000000000
623 -45.0000000000
626 -44.0000000000
634 -43.0000000000
641 -42.0000000000
642 -41.0000000000
658 -40.0000000000
664 -39.0000000000
693 -38.0000000000
740 -37.0000000000
743 -36.0000000000
745 -35.0000000000
765 -34.0000000000
766 -33.0000000000
776 -32.0000000000
781 -31.0000000000
791 -30.0000000000
802 -29.0000000000
814 -28.0000000000
823 -27.0000000000
850 -26.0000000000
853 -25.0000000000
858 -24.0000000000
871 -23.0000000000
934 -22.0000000000
956 -21.0000000000
960 -20.0000000000
969 -19.0000000000
973 -18.0000000000
978 -17.0000000000
987 -16.0000000000
1027 -15.0000000000
1037 -14.0000000000
1042 -13.0000000000
1053 -12.0000000000
1074 -11.0000000000
1076 -10.0000000000
1144 -9.0000000000
1148 -8.0000000000
1177 -7.0000000000
1207 -6.0000000000
1213 -5.0000000000
1268 -4.0000000000
1286 -3.0000000000
1324 -2.0000000000
1398 -1.0000000000
1446 386.0000000000
100001 -1.0000000000
evaluations raw_y
1 -215.0000000000
2 -214.0000000000
3 -213.0000000000
5 -212.0000000000
6 -211.0000000000
7 -210.0000000000
8 -209.0000000000
12 -208.0000000000
13 -207.0000000000
15 -206.0000000000
16 -205.0000000000
17 -204.0000000000
18 -203.0000000000
19 -202.0000000000
20 -201.0000000000
26 -200.0000000000
28 -199.0000000000
29 -198.0000000000
32 -197.0000000000
40 -196.0000000000
41 -195.0000000000
42 -194.0000000000
43 -193.0000000000
46 -192.0000000000
49 -191.0000000000
51 -190.0000000000
52 -189.0000000000
54 -188.0000000000
58 -187.0000000000
60 -186.0000000000
63 -185.0000000000
65 -184.0000000000
67 -183.0000000000
70 -182.0000000000
74 -181.0000000000
75 -180.0000000000
78 -179.0000000000
79 -178.0000000000
80 -177.0000000000
81 -176.0000000000
86 -175.0000000000
87 -174.0000000000
90 -173.0000000000
91 -172.0000000000
93 -171.0000000000
95 -170.0000000000
104 -169.0000000000
106 -168.0000000000
108 -167.0000000000
109 -166.0000000000
110 -165.0000000000
115 -164.0000000000
116 -163.0000000000
121 -162.0000000000
122 -161.0000000000
123 -160.0000000000
131 -159.0000000000
135 -158.0000000000
136 -157.0000000000
138 -156.0000000000
139 -155.0000000000
145 -154.0000000000
146 -153.0000000000
149 -152.0000000000
151 -151.0000000000
152 -150.0000000000
154 -149.0000000000
156 -148.0000000000
157 -147.0000000000
161 -146.0000000000
167 -145.0000000000
168 -144.0000000000
173 -143.0000000000
175 -142.0000000000
185 -141.0000000000
189 -140.0000000000
190 -139.0000000000
192 -138.0000000000
198 -137.0000000000
200 -136.0000000000
201 -135.0000000000
202 -134.0000000000
203 -133.0000000000
205 -132.0000000000
208 -131.0000000000
209 -130.0000000000
210 -129.0000000000
211 -128.0000000000
217 -127.0000000000
221 -126.0000000000
223 -125.0000000000
225 -124.0000000000
241 -123.0000000000
246 -122.0000000000
247 -121.0000000000
249 -120.0000000000
253 -119.0000000000
255 -118.0000000000
256 -117.0000000000
259 -116.0000000000
261 -115.0000000000
263 -114.0000000000
269 -113.0000000000
276 -112.0000000000
284 -111.0000000000
286 -110.0000000000
291 -109.0000000000
294 -108.0000000000
297 -107.0000000000
303 -106.0000000000
305 -105.0000000000
307 -104.0000000000
317 -103.0000000000
318 -102.0000000000
321 -101.0000000000
323 -100.0000000000
329 -99.0000000000
334 -98.0000000000
336 -97.0000000000
349 -96.0000000000
350 -95.0000000000
351 -94.0000000000
352 -93.0000000000
354 -92.0000000000
355 -91.0000000000
361 -90.0000000000
365 -89.0000000000
368 -88.0000000000
370 -87.0000000000
371 -86.0000000000
376 -85.0000000000
386 -84.0000000000
400 -83.0000000000
405 -82.0000000000
407 -81.0000000000
408 -80.0000000000
413 -79.0000000000
420 -78.0000000000
434 -77.0000000000
437 -76.0000000000
449 -75.0000000000
451 -74.0000000000
462 -73.0000000000
469 -72.0000000000
475 -71.0000000000
476 -70.0000000000
494 -69.0000000000
507 -68.0000000000
514 -67.0000000000
515 -66.0000000000
517 -65.0000000000
518 -64.0000000000
519 -63.0000000000
520 -62.0000000000
526 -61.0000000000
541 -60.0000000000
544 -59.0000000000
550 -58.0000000000
557 -57.0000000000
558 -56.0000000000
559 -55.0000000000
564 -54.0000000000
569 -53.0000000000
570 -52.0000000000
579 -51.0000000000
584 -50.0000000000
586 -49.0000000000
596 -48.0000000000
597 -47.0000000000
602 -46.0000000000
608 -45.0000000000
619 -44.0000000000
620 -43.0000000000
625 -42.0000000000
626 -41.0000000000
630 -40.0000000000
642 -39.0000000000
646 -38.0000000000
654 -37.0000000000
657 -36.0000000000
674 -35.0000000000
691 -34.0000000000
693 -33.0000000000
698 -32.0000000000
711 -31.0000000000
722 -30.0000000000
738 -29.0000000000
778 -28.0000000000
790 -27.0000000000
795 -26.0000000000
807 -25.0000000000
808 -24.0000000000
823 -23.0000000000
836 -22.0000000000
837 -21.0000000000
855 -20.0000000000
859 -19.0000000000
869 -18.0000000000
873 -17.0000000000
884 -16.0000000000
885 -15.0000000000
914 -14.0000000000
964 -13.0000000000
975 -12.0000000000
1008 -11.0000000000
1029 -10.0000000000
1064 -9.0000000000
1091 -8.0000000000
1107 -7.0000000000
1124 -6.0000000000
1155 -5.0000000000
1175 -4.0000000000
1248 -3.0000000000
1289 -2.0000000000
1363 -1.0000000000
1390 386.0000000000
100001 -1.0000000000
evaluations raw_y
1 -217.0000000000
2 -216.0000000000
4 -215.0000000000
5 -214.0000000000
6 -213.0000000000
7 -212.0000000000
9 -211.0000000000
10 -210.0000000000
12 -209.0000000000
13 -208.0000000000
14 -207.0000000000
15 -206.0000000000
16 -205.0000000000
19 -204.0000000000
21 -203.0000000000
22 -202.0000000000
25 -201.0000000000
27 -200.0000000000
29 -199.0000000000
30 -198.0000000000
32 -197.0000000000
34 -196.0000000000
37 -195.0000000000
41 -194.0000000000
43 -193.0000000000
45 -192.0000000000
47 -191.0000000000
48 -190.0000000000
50 -189.0000000000
51 -188.0000000000
52 -187.0000000000
53 -186.0000000000
54 -185.0000000000
56 -184.0000000000
57 -183.0000000000
58 -182.0000000000
59 -181.0000000000
62 -180.0000000000
65 -179.0000000000
68 -178.0000000000
69 -177.0000000000
72 -176.0000000000
73 -175.0000000000
77 -174.0000000000
82 -173.0000000000
83 -172.0000000000
89 -171.0000000000
90 -170.0000000000
92 -169.0000000000
93 -168.0000000000
94 -167.0000000000
97 -166.0000000000
98 -165.0000000000
99 -164.0000000000
101 -163.0000000000
103 -162.0000000000
105 -161.0000000000
108 -160.0000000000
109 -159.0000000000
111 -158.0000000000
113 -157.0000000000
114 -156.0000000000
115 -155.0000000000
120 -154.0000000000
121 -153.0000000000
126 -152.0000000000
130 -151.0000000000
131 -150.0000000000
135 -149.0000000000
139 -148.0000000000
141 -147.0000000000
142 -146.0000000000
146 -145.0000000000
151 -144.0000000000
155 -143.0000000000
156 -142.0000000000
158 -141.0000000000
167 -140.0000000000
172 -139.0000000000
174 -138.0000000000
177 -137.0000000000
178 -136.0000000000
182 -135.0000000000
183 -134.0000000000
184 -133.0000000000
187 -132.0000000000
190 -131.0000000000
191 -130.0000000000
193 -129.0000000000
195 -128.0000000000
196 -127.0000000000
198 -126.0000000000
202 -125.0000000000
203 -124.0000000000
205 -123.0000000000
213 -122.0000000000
219 -121.0000000000
222 -120.0000000000
226 -119.0000000000
230 -118.0000000000
231 -117.0000000000
239 -116.0000000000
244 -115.0000000000
246 -114.0000000000
247 -113.0000000000
248 -112.0000000000
249 -111.0000000000
264 -110.0000000000
267 -109.0000000000
275 -108.0000000000
276 -107.0000000000
286 -106.0000000000
292 -105.0000000000
294 -104.0000000000
302 -103.0000000000
304 -102.0000000000
314 -101.0000000000
319 -100.0000000000
322 -99.0000000000
324 -98.0000000000
328 -97.0000000000
331 -96.0000000000
332 -95.0000000000
338 -94.0000000000
341 -93.0000000000
344 -92.0000000000
350 -91.0000000000
352 -90.0000000000
367 -89.0000000000
368 -88.0000000000
379 -87.0000000000
383 -86.0000000000
384 -85.0000000000
392 -84.0000000000
397 -83.0000000000
408 -82.0000000000
410 -81.0000000000
416 -80.0000000000
418 -79.0000000000
421 -78.0000000000
423 -77.0000000000
430 -76.0000000000
444 -75.0000000000
446 -74.0000000000
449 -73.0000000000
453 -72.0000000000
466 -71.0000000000
469 -70.0000000000
472 -69.0000000000
477 -68.0000000000
483 -67.0000000000
486 -66.0000000000
493 -65.0000000000
496 -64.0000000000
500 -63.0000000000
501 -62.0000000000
508 -61.0000000000
509 -60.0000000000
520 -59.0000000000
524 -58.0000000000
532 -57.0000000000
538 -56.0000000000
539 -55.0000000000
556 -54.0000000000
559 -53.0000000000
567 -52.0000000000
575 -51.0000000000
592 -50.0000000000
595 -49.0000000000
605 -48.0000000000
614 -47.0000000000
617 -46.0000000000
618 -45.0000000000
619 -44.0000000000
645 -43.0000000000
659 -42.0000000000
660 -41.0000000000
695 -40.0000000000
706 -39.0000000000
712 -38.0000000000
742 -37.0000000000
744 -36.0000000000
751 -35.0000000000
756 -34.0000000000
757 -33.0000000000
764 -32.0000000000
775 -31.0000000000
787 -30.0000000000
837 -29.0000000000
860 -28.0000000000
865 -27.0000000000
870 -26.0000000000
874 -25.0000000000
884 -24.0000000000
950 -23.0000000000
952 -22.0000000000
972 -21.0000000000
975 -20.0000000000
994 -19.0000000000
1015 -18.0000000000
1018 -17.0000000000
1040 -16.0000000000
1053 -15.0000000000
1054 -14.0000000000
1069 -13.0000000000
1081 -12.0000000000
1082 -11.0000000000
1182 -10.0000000000
1328 -9.0000000000
1363 -8.0000000000
1431 -7.0000000000
1458 -6.0000000000
1513 -5.0000000000
1514 -4.0000000000
1562 -3.0000000000
1601 -2.0000000000
1711 -1.0000000000
1848 387.0000000000
100001 -1.0000000000
evaluations raw_y
1 -200.0000000000
2 -199.0000000000
3 -198.0000000000
8 -197.0000000000
11 -196.0000000000
13 -195.0000000000
14 -194.0000000000
16 -193.0000000000
19 -192.0000000000
22 -191.0000000000
24 -190.0000000000
25 -189.0000000000
27 -188.0000000000
31 -187.0000000000
32 -186.0000000000
33 -185.0000000000
34 -184.0000000000
35 -183.0000000000
38 -182.0000000000
41 -181.0000000000
42 -180.0000000000
44 -179.0000000000
47 -178.0000000000
48 -177.0000000000
49 -176.0000000000
52 -175.0000000000
54 -174.0000000000
55 -173.0000000000
56 -172.0000000000
57 -171.0000000000
58 -170.0000000000
61 -169.0000000000
63 -168.0000000000
67 -167.0000000000
71 -166.0000000000
72 -165.0000000000
73 -164.0000000000
76 -163.0000000000
79 -162.0000000000
82 -161.0000000000
85 -160.0000000000
86 -159.0000000000
90 -158.0000000000
96 -157.0000000000
97 -156.0000000000
102 -155.0000000000
103 -154.0000000000
104 -153.0000000000
106 -152.0000000000
108 -151.0000000000
109 -150.0000000000
111 -149.0000000000
112 -148.0000000000
113 -147.0000000000
120 -146.0000000000
124 -145.0000000000
126 -144.0000000000
127 -143.0000000000
139 -142.0000000000
147 -141.0000000000
150 -140.0000000000
153 -139.0000000000
158 -138.0000000000
159 -137.0000000000
160 -136.0000000000
164 -135.0000000000
165 -134.0000000000
167 -133.0000000000
168 -132.0000000000
172 -131.0000000000
173 -130.0000000000
174 -129.0000000000
176 -128.0000000000
180 -127.0000000000
185 -126.0000000000
202 -125.0000000000
203 -124.0000000000
204 -123.0000000000
205 -122.0000000000
211 -121.0000000000
212 -120.0000000000
215 -119.0000000000
230 -118.0000000000
231 -117.0000000000
233 -116.0000000000
240 -115.0000000000
242 -114.0000000000
243 -113.0000000000
254 -112.0000000000
256 -111.0000000000
259 -110.0000000000
262 -109.0000000000
263 -108.0000000000
278 -107.0000000000
281 -106.0000000000
288 -105.0000000000
290 -104.0000000000
295 -103.0000000000
296 -102.0000000000
298 -101.0000000000
299 -100.0000000000
301 -99.0000000000
307 -98.0000000000
311 -97.0000000000
312 -96.0000000000
314 -95.0000000000
315 -94.0000000000
321 -93.0000000000
325 -92.0000000000
335 -91.0000000000
338 -90.0000000000
344 -89.0000000000
346 -88.0000000000
351 -87.0000000000
353 -86.0000000000
358 -85.0000000000
364 -84.0000000000
365 -83.0000000000
368 -82.0000000000
369 -81.0000000000
374 -80.0000000000
375 -79.0000000000
382 -78.0000000000
385 -77.0000000000
386 -76.0000000000
387 -75.0000000000
388 -74.0000000000
389 -73.0000000000
391 -72.0000000000
406 -71.0000000000
408 -70.0000000000
420 -69.0000000000
426 -68.0000000000
442 -67.0000000000
452 -66.0000000000
465 -65.0000000000
468 -64.0000000000
475 -63.0000000000
476 -62.0000000000
478 -61.0000000000
486 -60.0000000000
489 -59.0000000000
501 -58.0000000000
504 -57.0000000000
505 -56.0000000000
512 -55.0000000000
530 -54.0000000000
536 -53.0000000000
545 -52.0000000000
558 -51.0000000000
575 -50.0000000000
584 -49.0000000000
595 -48.0000000000
608 -47.0000000000
616 -46.0000000000
617 -45.0000000000
622 -44.0000000000
642 -43.0000000000
655 -42.0000000000
658 -41.0000000000
662 -40.0000000000
678 -39.0000000000
685 -38.0000000000
686 -37.0000000000
687 -36.0000000000
715 -35.0000000000
730 -34.0000000000
757 -33.0000000000
759 -32.0000000000
764 -31.0000000000
768 -30.0000000000
774 -29.0000000000
776 -28.0000000000
787 -27.0000000000
791 -26.0000000000
808 -25.0000000000
830 -24.0000000000
834 -23.0000000000
835 -22.0000000000
898 -21.0000000000
901 -20.0000000000
902 -19.0000000000
930 -18.0000000000
963 -17.0000000000
989 -16.0000000000
1005 -15.0000000000
1014 -14.0000000000
1019 -13.0000000000
1075 -12.0000000000
1094 -11.0000000000
1105 -10.0000000000
1106 -9.0000000000
1125 -8.0000000000
1183 -7.0000000000
1194 -6.0000000000
1232 -5.0000000000
1254 -4.0000000000
1289 -3.0000000000
1303 -2.0000000000
1324 -1.0000000000
1339 381.0000000000
100001 -1.0000000000
evaluations raw_y
1 -192.0000000000
2 -191.0000000000
3 -190.0000000000
5 -189.0000000000
7 -188.0000000000
12 -187.0000000000
13 -186.0000000000
15 -185.0000000000
18 -184.0000000000
19 -183.0000000000
21 -182.0000000000
22 -181.0000000000
26 -180.0000000000
29 -179.0000000000
31 -178.0000000000
32 -177.0000000000
35 -176.0000000000
38 -175.0000000000
39 -174.0000000000
42 -173.0000000000
44 -172.0000000000
46 -171.0000000000
49 -170.0000000000
53 -169.0000000000
56 -168.0000000000
59 -167.0000000000
60 -166.0000000000
61 -165.0000000000
63 -164.0000000000
65 -163.0000000000
66 -162.0000000000
68 -161.0000000000
70 -160.0000000000
71 -159.0000000000
78 -158.0000000000
82 -157.0000000000
83 -156.0000000000
87 -155.0000000000
89 -154.0000000000
91 -153.0000000000
94 -152.0000000000
106 -151.0000000000
113 -150.0000000000
117 -149.0000000000
119 -148.0000000000
121 -147.0000000000
123 -146.0000000000
125 -145.0000000000
127 -144.0000000000
128 -143.0000000000
130 -142.0000000000
131 -141.0000000000
134 -140.0000000000
135 -139.0000000000
139 -138.0000000000
143 -137.0000000000
147 -136.0000000000
153 -135.0000000000
156 -134.0000000000
158 -133.0000000000
160 -132.0000000000
161 -131.0000000000
162 -130.0000000000
164 -129.0000000000
166 -128.0000000000
169 -127.0000000000
171 -126.0000000000
172 -125.0000000000
173 -124.0000000000
177 -123.0000000000
181 -122.0000000000
187 -121.0000000000
189 -120.0000000000
191 -119.0000000000
195 -118.0000000000
197 -117.0000000000
200 -116.0000000000
206 -115.0000000000
209 -114.0000000000
212 -113.0000000000
215 -112.0000000000
219 -111.0000000000
220 -110.0000000000
222 -109.0000000000
223 -108.0000000000
224 -107.0000000000
227 -106.0000000000
228 -105.0000000000
229 -104.0000000000
233 -103.0000000000
235 -102.0000000000
236 -101.0000000000
237 -100.0000000000
239 -99.0000000000
241 -98.0000000000
242 -97.0000000000
247 -96.0000000000
249 -95.0000000000
252 -94.0000000000
254 -93.0000000000
255 -92.0000000000
261 -91.0000000000
263 -90.0000000000
268 -89.0000000000
269 -88.0000000000
272 -87.0000000000
282 -86.0000000000
283 -85.0000000000
293 -84.0000000000
301 -83.0000000000
303 -82.0000000000
309 -81.0000000000
312 -80.0000000000
313 -79.0000000000
314 -78.0000000000
316 -77.0000000000
317 -76.0000000000
319 -75.0000000000
329 -74.0000000000
337 -73.0000000000
339 -72.0000000000
341 -71.0000000000
342 -70.0000000000
355 -69.0000000000
359 -68.0000000000
368 -67.0000000000
374 -66.0000000000
375 -65.0000000000
385 -64.0000000000
386 -63.0000000000
388 -62.0000000000
391 -61.0000000000
392 -60.0000000000
401 -59.0000000000
411 -58.0000000000
416 -57.0000000000
419 -56.0000000000
426 -55.0000000000
427 -54.0000000000
435 -53.0000000000
440 -52.0000000000
461 -51.0000000000
462 -50.0000000000
468 -49.0000000000
475 -48.0000000000
476 -47.0000000000
484 -46.0000000000
488 -45.0000000000
493 -44.0000000000
498 -43.0000000000
508 -42.0000000000
518 -41.0000000000
522 -40.0000000000
529 -39.0000000000
546 -38.0000000000
555 -37.0000000000
556 -36.0000000000
563 -35.0000000000
570 -34.0000000000
580 -33.0000000000
583 -32.0000000000
598 -31.0000000000
636 -30.0000000000
648 -29.0000000000
669 -28.0000000000
690 -27.0000000000
696 -26.0000000000
728 -25.0000000000
730 -24.0000000000
753 -23.0000000000
775 -22.0000000000
796 -21.0000000000
798 -20.0000000000
837 -19.0000000000
863 -18.0000000000
872 -17.0000000000
873 -16.0000000000
891 -15.0000000000
899 -14.0000000000
906 -13.0000000000
910 -12.0000000000
925 -11.0000000000
964 -10.0000000000
989 -9.0000000000
1002 -8.0000000000
1026 -7.0000000000
1041 -6.0000000000
1107 -5.0000000000
1111 -4.0000000000
1116 -3.0000000000
1139 -2.0000000000
1219 -1.0000000000
1235 383.0000000000
100001 -1.0000000000
evaluations raw_y
1 -223.0000000000
3 -222.0000000000
4 -221.0000000000
6 -220.0000000000
7 -219.0000000000
8 -218.0000000000
10 -217.0000000000
11 -216.0000000000
12 -215.0000000000
14 -214.0000000000
15 -213.0000000000
18 -212.0000000000
20 -211.0000000000
21 -210.0000000000
24 -209.0000000000
26 -208.0000000000
27 -207.0000000000
31 -206.0000000000
32 -205.0000000000
33 -204.0000000000
34 -203.0000000000
39 -202.0000000000
41 -201.0000000000
43 -200.0000000000
45 -199.0000000000
50 -198.0000000000
53 -197.0000000000
54 -196.0000000000
55 -195.0000000000
56 -194.0000000000
58 -193.0000000000
63 -192.0000000000
65 -191.0000000000
66 -190.0000000000
67 -189.0000000000
68 -188.0000000000
71 -187.0000000000
73 -186.0000000000
74 -185.0000000000
78 -184.0000000000
79 -183.0000000000
82 -182.0000000000
89 -181.0000000000
91 -180.0000000000
93 -179.0000000000
95 -178.0000000000
96 -177.0000000000
99 -176.0000000000
100 -175.0000000000
102 -174.0000000000
103 -173.0000000000
105 -172.0000000000
108 -171.0000000000
109 -170.0000000000
110 -169.0000000000
111 -168.0000000000
113 -167.0000000000
122 -166.0000000000
123 -165.0000000000
127 -164.0000000000
128 -163.0000000000
133 -162.0000000000
136 -161.0000000000
137 -160.0000000000
143 -159.0000000000
146 -158.0000000000
147 -157.0000000000
148 -156.0000000000
151 -155.0000000000
152 -154.0000000000
158 -153.0000000000
159 -152.0000000000
161 -151.0000000000
162 -150.0000000000
165 -149.0000000000
167 -148.0000000000
168 -147.0000000000
169 -146.0000000000
170 -145.0000000000
174 -144.0000000000
176 -143.0000000000
180 -142.0000000000
183 -141.0000000000
186 -140.0000000000
188 -139.0000000000
193 -138.0000000000
195 -137.0000000000
196 -136.0000000000
198 -135.0000000000
199 -134.0000000000
200 -133.0000000000
201 -132.0000000000
202 -131.0000000000
206 -130.0000000000
212 -129.0000000000
214 -128.0000000000
215 -127.0000000000
217 -126.0000000000
218 -125.0000000000
220 -124.0000000000
222 -123.0000000000
228 -122.0000000000
232 -121.0000000000
233 -120.0000000000
234 -119.0000000000
235 -118.0000000000
237 -117.0000000000
238 -116.0000000000
241 -115.0000000000
242 -114.0000000000
243 -113.0000000000
251 -112.0000000000
258 -111.0000000000
259 -110.0000000000
261 -109.0000000000
265 -108.0000000000
268 -107.0000000000
271 -106.0000000000
277 -105.0000000000
282 -104.0000000000
283 -103.0000000000
284 -102.0000000000
285 -101.0000000000
286 -100.0000000000
289 -99.0000000000
292 -98.0000000000
297 -97.0000000000
302 -96.0000000000
335 -95.0000000000
338 -94.0000000000
341 -93.0000000000
342 -92.0000000000
348 -91.0000000000
349 -90.0000000000
360 -89.0000000000
363 -88.0000000000
365 -87.0000000000
367 -86.0000000000
368 -85.0000000000
376 -84.0000000000
385 -83.0000000000
390 -82.0000000000
391 -81.0000000000
399 -80.0000000000
411 -79.0000000000
413 -78.0000000000
420 -77.0000000000
423 -76.0000000000
426 -75.0000000000
435 -74.0000000000
437 -73.0000000000
443 -72.0000000000
446 -71.0000000000
448 -70.0000000000
449 -69.0000000000
464 -68.0000000000
468 -67.0000000000
471 -66.0000000000
480 -65.0000000000
482 -64.0000000000
490 -63.0000000000
495 -62.0000000000
503 -61.0000000000
505 -60.0000000000
511 -59.0000000000
532 -58.0000000000
534 -57.0000000000
584 -56.0000000000
591 -55.0000000000
598 -54.0000000000
599 -53.0000000000
601 -52.0000000000
609 -51.0000000000
616 -50.0000000000
617 -49.0000000000
633 -48.0000000000
635 -47.0000000000
639 -46.0000000000
641 -45.0000000000
644 -44.0000000000
646 -43.0000000000
659 -42.0000000000
662 -41.0000000000
680 -40.0000000000
683 -39.0000000000
687 -38.0000000000
706 -37.0000000000
738 -36.0000000000
748 -35.0000000000
752 -34.0000000000
757 -33.0000000000
762 -32.0000000000
766 -31.0000000000
768 -30.0000000000
771 -29.0000000000
776 -28.0000000000
798 -27.0000000000
799 -26.0000000000
817 -25.0000000000
829 -24.0000000000
840 -23.0000000000
843 -22.0000000000
856 -21.0000000000
891 -20.0000000000
905 -19.0000000000
986 -18.0000000000
1005 -17.0000000000
1038 -16.0000000000
1136 -15.0000000000
1171 -14.0000000000
1179 -13.0000000000
1194 -12.0000000000
1197 -11.0000000000
1216 -10.0000000000
1255 -9.0000000000
1275 -8.0000000000
1283 -7.0000000000
1284 -6.0000000000
1349 -5.0000000000
1351 -4.0000000000
1419 -3.0000000000
1423 -2.0000000000
1467 -1.0000000000
1468 400.0000000000
100001 -1.0000000000
evaluations raw_y
1 -215.0000000000
2 -214.0000000000
4 -213.0000000000
6 -212.0000000000
10 -211.0000000000
12 -210.0000000000
13 -209.0000000000
15 -208.0000000000
17 -207.0000000000
18 -206.0000000000
21 -205.0000000000
27 -204.0000000000
28 -203.0000000000
33 -202.0000000000
35 -201.0000000000
36 -200.0000000000
37 -199.0000000000
38 -198.0000000000
39 -197.0000000000
40 -196.0000000000
42 -195.0000000000
45 -194.0000000000
46 -193.0000000000
47 -192.0000000000
50 -191.0000000000
55 -190.0000000000
58 -189.0000000000
61 -188.0000000000
62 -187.0000000000
63 -186.0000000000
64 -185.0000000000
65 -184.0000000000
67 -183.0000000000
69 -182.0000000000
70 -181.0000000000
71 -180.0000000000
74 -179.0000000000
76 -178.0000000000
77 -177.0000000000
79 -176.0000000000
81 -175.0000000000
84 -174.0000000000
89 -173.0000000000
91 -172.0000000000
92 -171.0000000000
93 -170.0000000000
94 -169.0000000000
97 -168.0000000000
102 -167.0000000000
104 -166.0000000000
105 -165.0000000000
108 -164.0000000000
111 -163.0000000000
117 -162.0000000000
122 -161.0000000000
124 -160.0000000000
128 -159.0000000000
129 -158.0000000000
130 -157.0000000000
133 -156.0000000000
135 -155.0000000000
137 -154.0000000000
138 -153.0000000000
141 -152.0000000000
142 -151.0000000000
143 -150.0000000000
144 -149.0000000000
153 -148.0000000000
154 -147.0000000000
156 -146.0000000000
158 -145.0000000000
159 -144.0000000000
169 -143.0000000000
172 -142.0000000000
174 -141.0000000000
176 -140.0000000000
177 -139.0000000000
194 -138.0000000000
196 -137.0000000000
200 -136.0000000000
206 -135.0000000000
208 -134.0000000000
212 -133.0000000000
213 -132.0000000000
221 -131.0000000000
225 -130.0000000000
227 -129.0000000000
228 -128.0000000000
231 -127.0000000000
234 -126.0000000000
236 -125.0000000000
237 -124.0000000000
238 -123.0000000000
239 -122.0000000000
244 -121.0000000000
247 -120.0000000000
253 -119.0000000000
260 -118.0000000000
264 -117.0000000000
266 -116.0000000000
268 -115.0000000000
269 -114.0000000000
271 -113.0000000000
276 -112.0000000000
277 -111.0000000000
282 -110.0000000000
283 -109.0000000000
286 -108.0000000000
287 -107.0000000000
288 -106.0000000000
291 -105.0000000000
295 -104.0000000000
299 -103.0000000000
303 -102.0000000000
316 -101.0000000000
324 -100.0000000000
326 -99.0000000000
328 -98.0000000000
330 -97.0000000000
333 -96.0000000000
334 -95.0000000000
343 -94.0000000000
349 -93.0000000000
353 -92.0000000000
354 -91.0000000000
355 -90.0000000000
358 -89.0000000000
363 -88.0000000000
369 -87.0000000000
370 -86.0000000000
376 -85.0000000000
379 -84.0000000000
390 -83.0000000000
396 -82.0000000000
397 -81.0000000000
404 -80.0000000000
407 -79.0000000000
408 -78.0000000000
415 -77.0000000000
422 -76.0000000000
429 -75.0000000000
431 -74.0000000000
437 -73.0000000000
443 -72.0000000000
447 -71.0000000000
455 -70.0000000000
457 -69.0000000000
463 -68.0000000000
473 -67.0000000000
481 -66.0000000000
494 -65.0000000000
497 -64.0000000000
500 -63.0000000000
504 -62.0000000000
507 -61.0000000000
509 -60.0000000000
514 -59.0000000000
519 -58.0000000000
525 -57.0000000000
558 -56.0000000000
564 -55.0000000000
585 -54.0000000000
587 -53.0000000000
597 -52.0000000000
601 -51.0000000000
613 -50.0000000000
627 -49.0000000000
632 -48.0000000000
634 -47.0000000000
635 -46.0000000000
653 -45.0000000000
654 -44.0000000000
663 -43.0000000000
665 -42.0000000000
668 -41.0000000000
669 -40.0000000000
682 -39.0000000000
683 -38.0000000000
689 -37.0000000000
708 -36.0000000000
724 -35.0000000000
741 -34.0000000000
744 -33.0000000000
754 -32.0000000000
765 -31.0000000000
766 -30.0000000000
772 -29.0000000000
779 -28.0000000000
792 -27.0000000000
807 -26.0000000000
816 -25.0000000000
820 -24.0000000000
826 -23.0000000000
834 -22.0000000000
866 -21.0000000000
877 -20.0000000000
880 -19.0000000000
883 -18.0000000000
903 -17.0000000000
920 -16.0000000000
944 -15.0000000000
945 -14.0000000000
969 -13.0000000000
979 -12.0000000000
1043 -11.0000000000
1053 -10.0000000000
1067 -9.0000000000
1081 -8.0000000000
1084 -7.0000000000
1100 -6.0000000000
1199 -5.0000000000
1202 -4.0000000000
1253 -3.0000000000
1293 -2.0000000000
1341 -1.0000000000
1354 374.0000000000
100001 -1.0000000000
evaluations raw_y
1 -218.0000000000
3 -217.0000000000
8 -216.0000000000
9 -215.0000000000
10 -214.0000000000
11 -213.0000000000
12 -212.0000000000
13 -211.0000000000
17 -210.0000000000
20 -209.0000000000
21 -208.0000000000
24 -207.0000000000
25 -206.0000000000
27 -205.0000000000
28 -204.0000000000
34 -203.0000000000
35 -202.0000000000
37 -201.0000000000
40 -200.0000000000
41 -199.0000000000
45 -198.0000000000
46 -197.0000000000
48 -196.0000000000
50 -195.0000000000
52 -194.0000000000
55 -193.0000000000
61 -192.0000000000
63 -191.0000000000
64 -190.0000000000
65 -189.0000000000
67 -188.0000000000
68 -187.0000000000
69 -186.0000000000
71 -185.0000000000
73 -184.0000000000
74 -183.0000000000
78 -182.0000000000
84 -181.0000000000
86 -180.0000000000
88 -179.0000000000
89 -178.0000000000
92 -177.0000000000
93 -176.0000000000
95 -175.0000000000
97 -174.0000000000
98 -173.0000000000
100 -172.0000000000
101 -171.0000000000
102 -170.0000000000
104 -169.0000000000
105 -168.0000000000
114 -167.0000000000
117 -166.0000000000
118 -165.0000000000
120 -164.0000000000
123 -163.0000000000
125 -162.0000000000
128 -161.0000000000
134 -160.0000000000
135 -159.0000000000
136 -158.0000000000
137 -157.0000000000
141 -156.0000000000
142 -155.0000000000
145 -154.0000000000
146 -153.0000000000
149 -152.0000000000
151 -151.0000000000
153 -150.0000000000
159 -149.0000000000
160 -148.0000000000
162 -147.0000000000
163 -146.0000000000
172 -145.0000000000
173 -144.0000000000
176 -143.0000000000
177 -142.0000000000
179 -141.0000000000
191 -140.0000000000
196 -139.0000000000
201 -138.0000000000
202 -137.0000000000
203 -136.0000000000
206 -135.0000000000
212 -134.0000000000
218 -133.0000000000
219 -132.0000000000
220 -131.0000000000
227 -130.0000000000
232 -129.0000000000
233 -128.0000000000
234 -127.0000000000
238 -126.0000000000
240 -125.0000000000
243 -124.0000000000
247 -123.0000000000
248 -122.0000000000
255 -121.0000000000
256 -120.0000000000
257 -119.0000000000
263 -118.0000000000
266 -117.0000000000
271 -116.0000000000
273 -115.0000000000
286 -114.0000000000
290 -113.0000000000
295 -112.0000000000
301 -111.0000000000
303 -110.0000000000
304 -109.0000000000
309 -108.0000000000
311 -107.0000000000
315 -106.0000000000
322 -105.0000000000
333 -104.0000000000
336 -103.0000000000
342 -102.0000000000
350 -101.0000000000
356 -100.0000000000
359 -99.0000000000
360 -98.0000000000
367 -97.0000000000
369 -96.0000000000
370 -95.0000000000
372 -94.0000000000
382 -93.0000000000
387 -92.0000000000
389 -91.0000000000
390 -90.0000000000
391 -89.0000000000
397 -88.0000000000
400 -87.0000000000
408 -86.0000000000
409 -85.0000000000
417 -84.0000000000
421 -83.0000000000
424 -82.0000000000
426 -81.0000000000
427 -80.0000000000
430 -79.0000000000
439 -78.0000000000
442 -77.0000000000
443 -76.0000000000
445 -75.0000000000
446 -74.0000000000
452 -73.0000000000
455 -72.0000000000
462 -71.0000000000
476 -70.0000000000
490 -69.0000000000
491 -68.0000000000
511 -67.0000000000
524 -66.0000000000
528 -65.0000000000
532 -64.0000000000
537 -63.0000000000
539 -62.0000000000
551 -61.0000000000
552 -60.0000000000
558 -59.0000000000
571 -58.0000000000
572 -57.0000000000
573 -56.0000000000
584 -55.0000000000
592 -54.0000000000
613 -53.0000000000
635 -52.0000000000
671 -51.0000000000
673 -50.0000000000
674 -49.0000000000
675 -48.0000000000
678 -47.0000000000
679 -46.0000000000
698 -45.0000000000
700 -44.0000000000
701 -43.0000000000
710 -42.0000000000
719 -41.0000000000
720 -40.0000000000
723 -39.0000000000
744 -38.0000000000
768 -37.0000000000
772 -36.0000000000
786 -35.0000000000
791 -34.0000000000
802 -33.0000000000
822 -32.0000000000
823 -31.0000000000
833 -30.0000000000
842 -29.0000000000
846 -28.0000000000
849 -27.0000000000
850 -26.0000000000
860 -25.0000000000
866 -24.0000000000
882 -23.0000000000
883 -22.0000000000
891 -21.0000000000
903 -20.0000000000
909 -19.0000000000
937 -18.0000000000
974 -17.0000000000
989 -16.0000000000
1024 -15.0000000000
1029 -14.0000000000
1046 -13.0000000000
1054 -12.0000000000
1121 -11.0000000000
1178 -10.0000000000
1255 -9.0000000000
1257 -8.0000000000
1273 -7.0000000000
1279 -6.0000000000
1288 -5.0000000000
1414 -4.0000000000
1427 -3.0000000000
1452 -2.0000000000
1482 -1.0000000000
1490 376.0000000000
100001 -1.0000000000
evaluations raw_y
1 -205.0000000000
2 -204.0000000000
3 -203.0000000000
4 -202.0000000000
5 -201.0000000000
6 -200.0000000000
8 -199.0000000000
10 -198.0000000000
12 -197.0000000000
19 -196.0000000000
20 -195.0000000000
21 -194.0000000000
23 -193.0000000000
24 -192.0000000000
29 -191.0000000000
31 -190.0000000000
32 -189.0000000000
33 -188.0000000000
35 -187.0000000000
36 -186.0000000000
37 -185.0000000000
39 -184.0000000000
41 -183.0000000000
42 -182.0000000000
45 -181.0000000000
46 -180.0000000000
47 -179.0000000000
48 -178.0000000000
49 -177.0000000000
50 -176.0000000000
51 -175.0000000000
53 -174.0000000000
57 -173.0000000000
58 -172.0000000000
59 -171.0000000000
62 -170.0000000000
63 -169.0000000000
68 -168.0000000000
74 -167.0000000000
78 -166.0000000000
79 -165.0000000000
80 -164.0000000000
81 -163.0000000000
83 -162.0000000000
86 -161.0000000000
87 -160.0000000000
96 -159.0000000000
98 -158.0000000000
99 -157.0000000000
101 -156.0000000000
117 -155.0000000000
118 -154.0000000000
120 -153.0000000000
123 -152.0000000000
128 -151.0000000000
129 -150.0000000000
133 -149.0000000000
135 -148.0000000000
137 -147.0000000000
138 -146.0000000000
139 -145.0000000000
141 -144.0000000000
143 -143.0000000000
146 -142.0000000000
148 -141.0000000000
154 -140.0000000000
156 -139.0000000000
159 -138.0000000000
160 -137.0000000000
161 -136.0000000000
164 -135.0000000000
168 -134.0000000000
174 -133.0000000000
175 -132.0000000000
176 -131.0000000000
177 -130.0000000000
178 -129.0000000000
183 -128.0000000000
186 -127.0000000000
187 -126.0000000000
190 -125.0000000000
192 -124.0000000000
195 -123.0000000000
196 -122.0000000000
198 -121.0000000000
200 -120.0000000000
210 -119.0000000000
215 -118.0000000000
216 -117.0000000000
224 -116.0000000000
225 -115.0000000000
229 -114.0000000000
230 -113.0000000000
231 -112.0000000000
233 -111.0000000000
244 -110.0000000000
248 -109.0000000000
256 -108.0000000000
257 -107.0000000000
263 -106.0000000000
266 -105.0000000000
271 -104.0000000000
276 -103.0000000000
277 -102.0000000000
280 -101.0000000000
286 -100.0000000000
287 -99.0000000000
291 -98.0000000000
293 -97.0000000000
295 -96.0000000000
297 -95.0000000000
298 -94.0000000000
306 -93.0000000000
314 -92.0000000000
316 -91.0000000000
320 -90.0000000000
322 -89.0000000000
325 -88.0000000000
331 -87.0000000000
334 -86.0000000000
335 -85.0000000000
343 -84.0000000000
372 -83.0000000000
382 -82.0000000000
388 -81.0000000000
389 -80.0000000000
396 -79.0000000000
397 -78.0000000000
414 -77.0000000000
417 -76.0000000000
419 -75.0000000000
421 -74.0000000000
424 -73.0000000000
432 -72.0000000000
433 -71.0000000000
452 -70.0000000000
460 -69.0000000000
465 -68.0000000000
472 -67.0000000000
484 -66.0000000000
488 -65.0000000000
502 -64.0000000000
506 -63.0000000000
507 -62.0000000000
508 -61.0000000000
516 -60.0000000000
519 -59.0000000000
520 -58.0000000000
530 -57.0000000000
531 -56.0000000000
553 -55.0000000000
554 -54.0000000000
557 -53.0000000000
569 -52.0000000000
576 -51.0000000000
581 -50.0000000000
592 -49.0000000000
596 -48.0000000000
599 -47.0000000000
603 -46.0000000000
606 -45.0000000000
607 -44.0000000000
622 -43.0000000000
624 -42.0000000000
633 -41.0000000000
637 -40.0000000000
639 -39.0000000000
648 -38.0000000000
659 -37.0000000000
673 -36.0000000000
682 -35.0000000000
711 -34.0000000000
712 -33.0000000000
725 -32.0000000000
733 -31.0000000000
758 -30.0000000000
762 -29.0000000000
791 -28.0000000000
793 -27.0000000000
802 -26.0000000000
813 -25.0000000000
816 -24.0000000000
824 -23.0000000000
833 -22.0000000000
839 -21.0000000000
841 -20.0000000000
854 -19.0000000000
861 -18.0000000000
866 -17.0000000000
867 -16.0000000000
905 -15.0000000000
959 -14.0000000000
977 -13.0000000000
985 -12.0000000000
992 -11.0000000000
993 -10.0000000000
1010 -9.0000000000
1052 -8.0000000000
1060 -7.0000000000
1089 -6.0000000000
1116 -5.0000000000
1146 -4.0000000000
1154 -3.0000000000
1192 -2.0000000000
1206 -1.0000000000
1260 355.0000000000
100001 -1.0000000000
evaluations raw_y
1 -215.0000000000
2 -214.0000000000
6 -213.0000000000
8 -212.0000000000
9 -211.0000000000
13 -210.0000000000
25 -209.0000000000
26 -208.0000000000
27 -207.0000000000
28 -206.0000000000
30 -205.0000000000
31 -204.0000000000
33 -203.0000000000
35 -202.0000000000
36 -201.0000000000
37 -200.0000000000
40 -199.0000000000
46 -198.0000000000
47 -197.0000000000
48 -196.0000000000
51 -195.0000000000
52 -194.0000000000
53 -193.0000000000
55 -192.0000000000
56 -191.0000000000
60 -190.0000000000
61 -189.0000000000
62 -188.0000000000
63 -187.0000000000
66 -186.0000000000
69 -185.0000000000
70 -184.0000000000
71 -183.0000000000
72 -182.0000000000
76 -181.0000000000
78 -180.0000000000
79 -179.0000000000
80 -178.0000000000
83 -177.0000000000
89 -176.0000000000
90 -175.0000000000
95 -174.0000000000
98 -173.0000000000
99 -172.0000000000
100 -171.0000000000
102 -170.0000000000
103 -169.0000000000
106 -168.0000000000
109 -167.0000000000
113 -166.0000000000
115 -165.0000000000
116 -164.0000000000
117 -163.0000000000
118 -162.0000000000
119 -161.0000000000
120 -160.0000000000
122 -159.0000000000
124 -158.0000000000
125 -157.0000000000
126 -156.0000000000
127 -155.0000000000
129 -154.0000000000
130 -153.0000000000
135 -152.0000000000
136 -151.0000000000
137 -150.0000000000
143 -149.0000000000
145 -148.0000000000
147 -147.0000000000
149 -146.0000000000
154 -145.0000000000
156 -144.0000000000
157 -143.0000000000
159 -142.0000000000
164 -141.0000000000
166 -140.0000000000
170 -139.0000000000
171 -138.0000000000
174 -137.0000000000
175 -136.0000000000
177 -135.0000000000
179 -134.0000000000
181 -133.0000000000
185 -132.0000000000
189 -131.0000000000
190 -130.0000000000
203 -129.0000000000
212 -128.0000000000
215 -127.0000000000
217 -126.0000000000
225 -125.0000000000
232 -124.0000000000
238 -123.0000000000
239 -122.0000000000
240 -121.0000000000
245 -120.0000000000
247 -119.0000000000
254 -118.0000000000
255 -117.0000000000
263 -116.0000000000
269 -115.0000000000
271 -114.0000000000
272 -113.0000000000
273 -112.0000000000
274 -111.0000000000
275 -110.0000000000
276 -109.0000000000
278 -108.0000000000
284 -107.0000000000
293 -106.0000000000
294 -105.0000000000
298 -104.0000000000
301 -103.0000000000
306 -102.0000000000
308 -101.0000000000
310 -100.0000000000
313 -99.0000000000
315 -98.0000000000
321 -97.0000000000
324 -96.0000000000
325 -95.0000000000
326 -94.0000000000
334 -93.0000000000
335 -92.0000000000
345 -91.0000000000
346 -90.0000000000
349 -89.0000000000
351 -88.0000000000
354 -87.0000000000
358 -86.0000000000
369 -85.0000000000
371 -84.0000000000
375 -83.0000000000
376 -82.0000000000
379 -81.0000000000
381 -80.0000000000
387 -79.0000000000
388 -78.0000000000
390 -77.0000000000
391 -76.0000000000
401 -75.0000000000
405 -74.0000000000
407 -73.0000000000
408 -72.0000000000
422 -71.0000000000
424 -70.0000000000
453 -69.0000000000
468 -68.0000000000
469 -67.0000000000
470 -66.0000000000
472 -65.0000000000
480 -64.0000000000
482 -63.0000000000
487 -62.0000000000
488 -61.0000000000
501 -60.0000000000
510 -59.0000000000
524 -58.0000000000
529 -57.0000000000
530 -56.0000000000
547 -55.0000000000
550 -54.0000000000
565 -53.0000000000
577 -52.0000000000
579 -51.0000000000
582 -50.0000000000
583 -49.0000000000
585 -48.0000000000
598 -47.0000000000
600 -46.0000000000
610 -45.0000000000
612 -44.0000000000
618 -43.0000000000
621 -42.0000000000
624 -41.0000000000
641 -40.0000000000
654 -39.0000000000
664 -38.0000000000
667 -37.0000000000
679 -36.0000000000
694 -35.0000000000
709 -34.0000000000
713 -33.0000000000
723 -32.0000000000
755 -31.0000000000
776 -30.0000000000
804 -29.0000000000
829 -28.0000000000
846 -27.0000000000
847 -26.0000000000
870 -25.0000000000
883 -24.0000000000
904 -23.0000000000
915 -22.0000000000
925 -21.0000000000
927 -20.0000000000
928 -19.0000000000
929 -18.0000000000
932 -17.0000000000
939 -16.0000000000
947 -15.0000000000
982 -14.0000000000
987 -13.0000000000
996 -12.0000000000
1023 -11.0000000000
1031 -10.0000000000
1034 -9.0000000000
1046 -8.0000000000
1110 -7.0000000000
1117 -6.0000000000
1133 -5.0000000000
1140 -4.0000000000
1205 -3.0000000000
1229 -2.0000000000
1270 -1.0000000000
1294 383.0000000000
100001 -1.0000000000
evaluations raw_y
1 -199.0000000000
2 -198.0000000000
3 -197.0000000000
6 -196.0000000000
7 -195.0000000000
8 -194.0000000000
9 -193.0000000000
13 -192.0000000000
14 -191.0000000000
20 -190.0000000000
25 -189.0000000000
27 -188.0000000000
28 -187.0000000000
29 -186.0000000000
30 -185.0000000000
31 -184.0000000000
34 -183.0000000000
35 -182.0000000000
38 -181.0000000000
40 -180.0000000000
41 -179.0000000000
42 -178.0000000000
43 -177.0000000000
44 -176.0000000000
47 -175.0000000000
49 -174.0000000000
50 -173.0000000000
53 -172.0000000000
56 -171.0000000000
60 -170.0000000000
61 -169.0000000000
65 -168.0000000000
66 -167.0000000000
68 -166.0000000000
73 -165.0000000000
75 -164.0000000000
76 -163.0000000000
77 -162.0000000000
78 -161.0000000000
82 -160.0000000000
85 -159.0000000000
93 -158.0000000000
94 -157.0000000000
97 -156.0000000000
98 -155.0000000000
100 -154.0000000000
104 -153.0000000000
107 -152.0000000000
122 -151.0000000000
124 -150.0000000000
126 -149.0000000000
131 -148.0000000000
137 -147.0000000000
138 -146.0000000000
141 -145.0000000000
142 -144.0000000000
144 -143.0000000000
148 -142.0000000000
153 -141.0000000000
164 -140.0000000000
165 -139.0000000000
169 -138.0000000000
178 -137.0000000000
180 -136.0000000000
181 -135.0000000000
183 -134.0000000000
192 -133.0000000000
193 -132.0000000000
195 -131.0000000000
202 -130.0000000000
205 -129.0000000000
207 -128.0000000000
211 -127.0000000000
212 -126.0000000000
213 -125.0000000000
218 -124.0000000000
222 -123.0000000000
223 -122.0000000000
224 -121.0000000000
225 -120.0000000000
226 -119.0000000000
232 -118.0000000000
233 -117.0000000000
237 -116.0000000000
244 -115.0000000000
246 -114.0000000000
249 -113.0000000000
255 -112.0000000000
264 -111.0000000000
267 -110.0000000000
268 -109.0000000000
274 -108.0000000000
275 -107.0000000000
280 -106.0000000000
281 -105.0000000000
283 -104.0000000000
284 -103.0000000000
287 -102.0000000000
288 -101.0000000000
290 -100.0000000000
295 -99.0000000000
297 -98.0000000000
298 -97.0000000000
301 -96.0000000000
305 -95.0000000000
308 -94.0000000000
312 -93.0000000000
313 -92.0000000000
314 -91.0000000000
320 -90.0000000000
321 -89.0000000000
323 -88.0000000000
334 -87.0000000000
336 -86.0000000000
337 -85.0000000000
339 -84.0000000000
340 -83.0000000000
341 -82.0000000000
345 -81.0000000000
348 -80.0000000000
351 -79.0000000000
354 -78.0000000000
375 -77.0000000000
378 -76.0000000000
380 -75.0000000000
381 -74.0000000000
387 -73.0000000000
392 -72.0000000000
394 -71.0000000000
398 -70.0000000000
400 -69.0000000000
403 -68.0000000000
417 -67.0000000000
428 -66.0000000000
432 -65.0000000000
436 -64.0000000000
437 -63.0000000000
438 -62.0000000000
443 -61.0000000000
445 -60.0000000000
457 -59.0000000000
458 -58.0000000000
459 -57.0000000000
460 -56.0000000000
468 -55.0000000000
471 -54.0000000000
484 -53.0000000000
491 -52.0000000000
501 -51.0000000000
506 -50.0000000000
509 -49.0000000000
520 -48.0000000000
543 -47.0000000000
563 -46.0000000000
564 -45.0000000000
581 -44.0000000000
584 -43.0000000000
588 -42.0000000000
595 -41.0000000000
607 -40.0000000000
625 -39.0000000000
626 -38.0000000000
650 -37.0000000000
658 -36.0000000000
664 -35.0000000000
665 -34.0000000000
673 -33.0000000000
696 -32.0000000000
705 -31.0000000000
713 -30.0000000000
741 -29.0000000000
749 -28.0000000000
762 -27.0000000000
781 -26.0000000000
785 -25.0000000000
821 -24.0000000000
827 -23.0000000000
834 -22.0000000000
837 -21.0000000000
841 -20.0000000000
845 -19.0000000000
855 -18.0000000000
862 -17.0000000000
874 -16.0000000000
897 -15.0000000000
918 -14.0000000000
956 -13.0000000000
999 -12.0000000000
1015 -11.0000000000
1016 -10.0000000000
1081 -9.0000000000
1110 -8.0000000000
1124 -7.0000000000
1155 -6.0000000000
1177 -5.0000000000
1181 -4.0000000000
1223 -3.0000000000
1277 -2.0000000000
1279 -1.0000000000
1436 375.0000000000
100001 -1.0000000000
evaluations raw_y
1 -231.0000000000
2 -230.0000000000
6 -229.0000000000
7 -228.0000000000
8 -227.0000000000
9 -226.0000000000
10 -225.0000000000
11 -224.0000000000
13 -223.0000000000
14 -222.0000000000
16 -221.0000000000
19 -220.0000000000
20 -219.0000000000
21 -218.0000000000
22 -217.0000000000
23 -216.0000000000
28 -215.0000000000
30 -214.0000000000
36 -213.0000000000
37 -212.0000000000
38 -211.0000000000
39 -210.0000000000
40 -209.0000000000
44 -208.0000000000
45 -207.0000000000
46 -206.0000000000
48 -205.0000000000
49 -204.0000000000
50 -203.0000000000
53 -202.0000000000
56 -201.0000000000
57 -200.0000000000
58 -199.0000000000
60 -198.0000000000
61 -197.0000000000
62 -196.0000000000
63 -195.0000000000
66 -194.0000000000
70 -193.0000000000
74 -192.0000000000
80 -191.0000000000
84 -190.0000000000
86 -189.0000000000
87 -188.0000000000
88 -187.0000000000
89 -186.0000000000
90 -185.0000000000
92 -184.0000000000
96 -183.0000000000
99 -182.0000000000
100 -181.0000000000
101 -180.0000000000
104 -179.0000000000
106 -178.0000000000
108 -177.0000000000
109 -176.0000000000
110 -175.0000000000
112 -174.0000000000
114 -173.0000000000
115 -172.0000000000
118 -171.0000000000
120 -170.0000000000
121 -169.0000000000
123 -168.0000000000
125 -167.0000000000
127 -166.0000000000
128 -165.0000000000
129 -164.0000000000
132 -163.0000000000
136 -162.0000000000
138 -161.0000000000
139 -160.0000000000
140 -159.0000000000
144 -158.0000000000
147 -157.0000000000
149 -156.0000000000
151 -155.0000000000
155 -154.0000000000
156 -153.0000000000
157 -152.0000000000
158 -151.0000000000
160 -150.0000000000
161 -149.0000000000
164 -148.0000000000
165 -147.0000000000
166 -146.0000000000
167 -145.0000000000
168 -144.0000000000
171 -143.0000000000
174 -142.0000000000
178 -141.0000000000
179 -140.0000000000
185 -139.0000000000
189 -138.0000000000
190 -137.0000000000
192 -136.0000000000
193 -135.0000000000
196 -134.0000000000
199 -133.0000000000
203 -132.0000000000
204 -131.0000000000
206 -130.0000000000
215 -129.0000000000
222 -128.0000000000
224 -127.0000000000
230 -126.0000000000
231 -125.0000000000
235 -124.0000000000
236 -123.0000000000
240 -122.0000000000
251 -121.0000000000
254 -120.0000000000
257 -119.0000000000
266 -118.0000000000
267 -117.0000000000
268 -116.0000000000
272 -115.0000000000
276 -114.0000000000
280 -113.0000000000
281 -112.0000000000
282 -111.0000000000
284 -110.0000000000
285 -109.0000000000
287 -108.0000000000
294 -107.0000000000
295 -106.0000000000
303 -105.0000000000
305 -104.0000000000
310 -103.0000000000
311 -102.0000000000
313 -101.0000000000
316 -100.0000000000
318 -99.0000000000
335 -98.0000000000
336 -97.0000000000
338 -96.0000000000
344 -95.0000000000
347 -94.0000000000
350 -93.0000000000
354 -92.0000000000
356 -91.0000000000
359 -90.0000000000
367 -89.0000000000
371 -88.0000000000
372 -87.0000000000
375 -86.0000000000
376 -85.0000000000
391 -84.0000000000
393 -83.0000000000
396 -82.0000000000
402 -81.0000000000
403 -80.0000000000
404 -79.0000000000
405 -78.0000000000
411 -77.0000000000
414 -76.0000000000
415 -75.0000000000
416 -74.0000000000
420 -73.0000000000
422 -72.0000000000
427 -71.0000000000
428 -70.0000000000
430 -69.0000000000
432 -68.0000000000
448 -67.0000000000
450 -66.0000000000
451 -65.0000000000
464 -64.0000000000
478 -63.0000000000
480 -62.0000000000
494 -61.0000000000
496 -60.0000000000
499 -59.0000000000
515 -58.0000000000
522 -57.0000000000
525 -56.0000000000
530 -55.0000000000
534 -54.0000000000
538 -53.0000000000
539 -52.0000000000
546 -51.0000000000
555 -50.0000000000
556 -49.0000000000
558 -48.0000000000
563 -47.0000000000
588 -46.0000000000
590 -45.0000000000
593 -44.0000000000
598 -43.0000000000
605 -42.0000000000
611 -41.0000000000
618 -40.0000000000
625 -39.0000000000
627 -38.0000000000
630 -37.0000000000
631 -36.0000000000
632 -35.0000000000
640 -34.0000000000
643 -33.0000000000
645 -32.0000000000
654 -31.0000000000
656 -30.0000000000
659 -29.0000000000
688 -28.0000000000
697 -27.0000000000
703 -26.0000000000
704 -25.0000000000
716 -24.0000000000
724 -23.0000000000
733 -22.0000000000
734 -21.0000000000
736 -20.0000000000
744 -19.0000000000
758 -18.0000000000
795 -17.0000000000
847 -16.0000000000
867 -15.0000000000
879 -14.0000000000
886 -13.0000000000
902 -12.0000000000
944 -11.0000000000
978 -10.0000000000
1007 -9.0000000000
1028 -8.0000000000
1038 -7.0000000000
1042 -6.0000000000
1047 -5.0000000000
1072 -4.0000000000
1123 -3.0000000000
1137 -2.0000000000
1162 -1.0000000000
1173 371.0000000000
100001 -1.0000000000
