evaluations raw_y
1 -2011.0000000000
3 -1998.0000000000
5 -1980.0000000000
16 -1943.0000000000
25 -1923.0000000000
118 -1922.0000000000
132 -1921.0000000000
173 -1919.0000000000
208 -1918.0000000000
247 -1915.0000000000
305 -1914.0000000000
318 -1912.0000000000
342 -1911.0000000000
351 -1910.0000000000
368 -1908.0000000000
375 -1907.0000000000
430 -1906.0000000000
432 -1904.0000000000
437 -1903.0000000000
493 -1902.0000000000
512 -1901.0000000000
516 -1900.0000000000
554 -1899.0000000000
616 -1898.0000000000
619 -1896.0000000000
717 -1894.0000000000
729 -1893.0000000000
766 -1892.0000000000
767 -1891.0000000000
796 -1890.0000000000
809 -1888.0000000000
835 -1886.0000000000
875 -1885.0000000000
898 -1884.0000000000
929 -1883.0000000000
956 -1882.0000000000
983 -1881.0000000000
1004 -1880.0000000000
1064 -1879.0000000000
1079 -1876.0000000000
1097 -1875.0000000000
1138 -1874.0000000000
1160 -1873.0000000000
1170 -1872.0000000000
1228 -1870.0000000000
1242 -1869.0000000000
1271 -1868.0000000000
1286 -1867.0000000000
1308 -1866.0000000000
1329 -1865.0000000000
1385 -1862.0000000000
1438 -1861.0000000000
1464 -1860.0000000000
1500 -1859.0000000000
1502 -1858.0000000000
1539 -1857.0000000000
1558 -1856.0000000000
1587 -1855.0000000000
1634 -1854.0000000000
1636 -1853.0000000000
1677 -1852.0000000000
1713 -1851.0000000000
1724 -1850.0000000000
1744 -1849.0000000000
1759 -1848.0000000000
1769 -1847.0000000000
1815 -1846.0000000000
1821 -1845.0000000000
1844 -1843.0000000000
1870 -1842.0000000000
1904 -1839.0000000000
1978 -1838.0000000000
2021 -1837.0000000000
2031 -1836.0000000000
2082 -1835.0000000000
2113 -1834.0000000000
2143 -1833.0000000000
2165 -1832.0000000000
2184 -1831.0000000000
2220 -1830.0000000000
2255 -1829.0000000000
2313 -1828.0000000000
2319 -1827.0000000000
2347 -1826.0000000000
2355 -1825.0000000000
2388 -1824.0000000000
2435 -1823.0000000000
2438 -1822.0000000000
2465 -1820.0000000000
2512 -1819.0000000000
2563 -1818.0000000000
2585 -1816.0000000000
2692 -1813.0000000000
2709 -1812.0000000000
2770 -1811.0000000000
2783 -1810.0000000000
2794 -1809.0000000000
2821 -1808.0000000000
2852 -1807.0000000000
2881 -1806.0000000000
2896 -1804.0000000000
2915 -1803.0000000000
2927 -1801.0000000000
2973 -1799.0000000000
3031 -1797.0000000000
3121 -1796.0000000000
3175 -1793.0000000000
3257 -1792.0000000000
3283 -1791.0000000000
3295 -1790.0000000000
3365 -1789.0000000000
3400 -1787.0000000000
3442 -1786.0000000000
3507 -1785.0000000000
3545 -1784.0000000000
3598 -1783.0000000000
3606 -1780.0000000000
3660 -1778.0000000000
3706 -1777.0000000000
3758 -1776.0000000000
3797 -1775.0000000000
3799 -1774.0000000000
3844 -1773.0000000000
3865 -1772.0000000000
3886 -1771.0000000000
3897 -1770.0000000000
3918 -1769.0000000000
3956 -1768.0000000000
4023 -1767.0000000000
4025 -1766.0000000000
4059 -1764.0000000000
4073 -1763.0000000000
4085 -1761.0000000000
4155 -1760.0000000000
4197 -1757.0000000000
4223 -1755.0000000000
4249 -1754.0000000000
4275 -1753.0000000000
4337 -1752.0000000000
4343 -1751.0000000000
4374 -1750.0000000000
4390 -1749.0000000000
4426 -1748.0000000000
4475 -1746.0000000000
4509 -1745.0000000000
4512 -1743.0000000000
4542 -1742.0000000000
4584 -1741.0000000000
4665 -1740.0000000000
4699 -1739.0000000000
4716 -1738.0000000000
4733 -1737.0000000000
4757 -1736.0000000000
4789 -1734.0000000000
4823 -1733.0000000000
4826 -1732.0000000000
4882 -1731.0000000000
4893 -1730.0000000000
4934 -1729.0000000000
4959 -1728.0000000000
4969 -1727.0000000000
4990 -1725.0000000000
4993 -1724.0000000000
5065 -1723.0000000000
5079 -1721.0000000000
5102 -1720.0000000000
5131 -1719.0000000000
5171 -1717.0000000000
5179 -1715.0000000000
5183 -1714.0000000000
5213 -1713.0000000000
5245 -1712.0000000000
5290 -1711.0000000000
5322 -1710.0000000000
5329 -1709.0000000000
5366 -1706.0000000000
5401 -1705.0000000000
5435 -1704.0000000000
5442 -1703.0000000000
5448 -1702.0000000000
5487 -1701.0000000000
5524 -1700.0000000000
5543 -1699.0000000000
5569 -1698.0000000000
5613 -1697.0000000000
5648 -1696.0000000000
5682 -1694.0000000000
5704 -1693.0000000000
5759 -1692.0000000000
5790 -1691.0000000000
5815 -1690.0000000000
5883 -1686.0000000000
5896 -1684.0000000000
6008 -1682.0000000000
6046 -1681.0000000000
6089 -1680.0000000000
6127 -1679.0000000000
6168 -1678.0000000000
6175 -1677.0000000000
6200 -1676.0000000000
6218 -1675.0000000000
6280 -1674.0000000000
6315 -1673.0000000000
6321 -1670.0000000000
6368 -1669.0000000000
6402 -1668.0000000000
6458 -1667.0000000000
6468 -1666.0000000000
6481 -1665.0000000000
6528 -1664.0000000000
6541 -1663.0000000000
6551 -1662.0000000000
6556 -1661.0000000000
6563 -1660.0000000000
6644 -1659.0000000000
6681 -1658.0000000000
6715 -1657.0000000000
6754 -1655.0000000000
6839 -1654.0000000000
6842 -1653.0000000000
6905 -1652.0000000000
6919 -1651.0000000000
6939 -1650.0000000000
6986 -1647.0000000000
7072 -1646.0000000000
7136 -1645.0000000000
7151 -1644.0000000000
7193 -1643.0000000000
7227 -1642.0000000000
7275 -1641.0000000000
7310 -1640.0000000000
7320 -1639.0000000000
7378 -1638.0000000000
7406 -1636.0000000000
7506 -1634.0000000000
7522 -1633.0000000000
7580 -1631.0000000000
7623 -1630.0000000000
7656 -1629.0000000000
7702 -1628.0000000000
7711 -1627.0000000000
7730 -1626.0000000000
7748 -1625.0000000000
7793 -1623.0000000000
7840 -1622.0000000000
7843 -1621.0000000000
7845 -1620.0000000000
7904 -1619.0000000000
7938 -1618.0000000000
7948 -1616.0000000000
8035 -1615.0000000000
8044 -1614.0000000000
8065 -1613.0000000000
8131 -1612.0000000000
8144 -1611.0000000000
8167 -1609.0000000000
8235 -1608.0000000000
8259 -1607.0000000000
8318 -1606.0000000000
8330 -1604.0000000000
8368 -1603.0000000000
8424 -1602.0000000000
8435 -1601.0000000000
8514 -1600.0000000000
8535 -1599.0000000000
8584 -1597.0000000000
8607 -1596.0000000000
8627 -1595.0000000000
8638 -1593.0000000000
8699 -1592.0000000000
8741 -1590.0000000000
8810 -1588.0000000000
8838 -1587.0000000000
8920 -1586.0000000000
8927 -1585.0000000000
8980 -1584.0000000000
9006 -1582.0000000000
9081 -1581.0000000000
9124 -1580.0000000000
9153 -1579.0000000000
9187 -1578.0000000000
9227 -1577.0000000000
9238 -1576.0000000000
9316 -1575.0000000000
9337 -1573.0000000000
9431 -1572.0000000000
9439 -1571.0000000000
9476 -1570.0000000000
9494 -1569.0000000000
9541 -1568.0000000000
9560 -1567.0000000000
9613 -1566.0000000000
9638 -1563.0000000000
9656 -1562.0000000000
9752 -1561.0000000000
9792 -1560.0000000000
9797 -1559.0000000000
9828 -1558.0000000000
9890 -1557.0000000000
9929 -1556.0000000000
9958 -1555.0000000000
10013 -1554.0000000000
10045 -1553.0000000000
10050 -1558.0000000000
evaluations raw_y
1 -1988.0000000000
5 -1957.0000000000
140 -1956.0000000000
182 -1954.0000000000
203 -1953.0000000000
238 -1952.0000000000
276 -1951.0000000000
310 -1950.0000000000
341 -1949.0000000000
354 -1948.0000000000
379 -1947.0000000000
393 -1946.0000000000
404 -1945.0000000000
462 -1944.0000000000
466 -1943.0000000000
515 -1942.0000000000
552 -1940.0000000000
571 -1939.0000000000
621 -1938.0000000000
648 -1935.0000000000
675 -1934.0000000000
709 -1932.0000000000
771 -1931.0000000000
812 -1930.0000000000
841 -1928.0000000000
845 -1927.0000000000
887 -1925.0000000000
910 -1924.0000000000
945 -1923.0000000000
947 -1922.0000000000
964 -1921.0000000000
972 -1919.0000000000
1026 -1917.0000000000
1092 -1916.0000000000
1097 -1914.0000000000
1155 -1912.0000000000
1201 -1911.0000000000
1210 -1910.0000000000
1226 -1909.0000000000
1251 -1908.0000000000
1257 -1907.0000000000
1287 -1906.0000000000
1299 -1905.0000000000
1342 -1904.0000000000
1356 -1903.0000000000
1382 -1901.0000000000
1431 -1900.0000000000
1469 -1899.0000000000
1489 -1898.0000000000
1504 -1897.0000000000
1539 -1896.0000000000
1589 -1894.0000000000
1612 -1892.0000000000
1629 -1891.0000000000
1650 -1889.0000000000
1681 -1888.0000000000
1742 -1887.0000000000
1795 -1886.0000000000
1804 -1885.0000000000
1837 -1884.0000000000
1848 -1883.0000000000
1876 -1882.0000000000
1895 -1881.0000000000
1915 -1879.0000000000
1928 -1878.0000000000
1973 -1877.0000000000
1991 -1876.0000000000
2009 -1875.0000000000
2031 -1874.0000000000
2055 -1873.0000000000
2079 -1872.0000000000
2080 -1871.0000000000
2117 -1870.0000000000
2173 -1868.0000000000
2201 -1867.0000000000
2238 -1866.0000000000
2301 -1865.0000000000
2349 -1864.0000000000
2393 -1863.0000000000
2427 -1862.0000000000
2444 -1861.0000000000
2504 -1860.0000000000
2526 -1859.0000000000
2542 -1858.0000000000
2568 -1857.0000000000
2596 -1856.0000000000
2625 -1855.0000000000
2641 -1854.0000000000
2643 -1853.0000000000
2655 -1852.0000000000
2738 -1851.0000000000
2743 -1850.0000000000
2763 -1849.0000000000
2811 -1848.0000000000
2860 -1847.0000000000
2875 -1846.0000000000
2914 -1844.0000000000
2951 -1843.0000000000
2990 -1842.0000000000
3016 -1841.0000000000
3059 -1840.0000000000
3091 -1839.0000000000
3122 -1838.0000000000
3137 -1837.0000000000
3178 -1836.0000000000
3244 -1835.0000000000
3279 -1834.0000000000
3290 -1833.0000000000
3299 -1832.0000000000
3350 -1831.0000000000
3359 -1830.0000000000
3426 -1828.0000000000
3479 -1827.0000000000
3555 -1825.0000000000
3569 -1824.0000000000
3611 -1823.0000000000
3623 -1821.0000000000
3672 -1820.0000000000
3776 -1819.0000000000
3798 -1817.0000000000
3885 -1815.0000000000
3918 -1814.0000000000
3964 -1813.0000000000
3965 -1812.0000000000
3999 -1811.0000000000
4017 -1810.0000000000
4046 -1809.0000000000
4073 -1807.0000000000
4136 -1805.0000000000
4187 -1804.0000000000
4229 -1803.0000000000
4242 -1802.0000000000
4284 -1801.0000000000
4316 -1800.0000000000
4331 -1799.0000000000
4357 -1798.0000000000
4365 -1796.0000000000
4412 -1794.0000000000
4455 -1792.0000000000
4505 -1791.0000000000
4536 -1789.0000000000
4545 -1788.0000000000
4633 -1787.0000000000
4655 -1786.0000000000
4678 -1782.0000000000
4692 -1781.0000000000
4712 -1780.0000000000
4784 -1779.0000000000
4788 -1778.0000000000
4801 -1777.0000000000
4861 -1776.0000000000
4910 -1775.0000000000
4921 -1774.0000000000
4985 -1773.0000000000
5008 -1772.0000000000
5077 -1769.0000000000
5119 -1767.0000000000
5161 -1766.0000000000
5167 -1765.0000000000
5209 -1764.0000000000
5242 -1762.0000000000
5288 -1761.0000000000
5318 -1760.0000000000
5324 -1759.0000000000
5343 -1758.0000000000
5347 -1757.0000000000
5427 -1756.0000000000
5430 -1755.0000000000
5481 -1753.0000000000
5532 -1752.0000000000
5541 -1751.0000000000
5549 -1750.0000000000
5553 -1749.0000000000
5607 -1747.0000000000
5651 -1745.0000000000
5687 -1744.0000000000
5700 -1743.0000000000
5751 -1740.0000000000
5797 -1739.0000000000
5852 -1738.0000000000
5855 -1737.0000000000
5881 -1736.0000000000
5924 -1735.0000000000
5948 -1734.0000000000
5983 -1733.0000000000
6016 -1732.0000000000
6083 -1730.0000000000
6117 -1728.0000000000
6147 -1727.0000000000
6186 -1725.0000000000
6242 -1724.0000000000
6263 -1723.0000000000
6321 -1722.0000000000
6379 -1721.0000000000
6386 -1720.0000000000
6440 -1719.0000000000
6464 -1718.0000000000
6509 -1717.0000000000
6515 -1716.0000000000
6554 -1715.0000000000
6634 -1714.0000000000
6638 -1713.0000000000
6697 -1712.0000000000
6726 -1711.0000000000
6759 -1710.0000000000
6769 -1708.0000000000
6783 -1707.0000000000
6805 -1706.0000000000
6807 -1705.0000000000
6882 -1704.0000000000
6905 -1703.0000000000
6954 -1701.0000000000
6956 -1700.0000000000
7069 -1699.0000000000
7098 -1698.0000000000
7108 -1697.0000000000
7115 -1696.0000000000
7150 -1694.0000000000
7219 -1693.0000000000
7225 -1692.0000000000
7247 -1691.0000000000
7272 -1689.0000000000
7309 -1688.0000000000
7372 -1687.0000000000
7392 -1686.0000000000
7397 -1685.0000000000
7403 -1684.0000000000
7424 -1683.0000000000
7446 -1682.0000000000
7493 -1681.0000000000
7509 -1679.0000000000
7522 -1678.0000000000
7596 -1677.0000000000
7635 -1676.0000000000
7677 -1675.0000000000
7686 -1674.0000000000
7736 -1673.0000000000
7757 -1672.0000000000
7788 -1671.0000000000
7827 -1670.0000000000
7861 -1669.0000000000
7880 -1668.0000000000
7883 -1667.0000000000
7900 -1666.0000000000
7953 -1665.0000000000
8008 -1664.0000000000
8009 -1663.0000000000
8062 -1662.0000000000
8065 -1661.0000000000
8070 -1660.0000000000
8108 -1658.0000000000
8155 -1657.0000000000
8197 -1656.0000000000
8223 -1655.0000000000
8250 -1653.0000000000
8290 -1651.0000000000
8332 -1650.0000000000
8399 -1649.0000000000
8442 -1648.0000000000
8479 -1647.0000000000
8500 -1646.0000000000
8564 -1645.0000000000
8570 -1644.0000000000
8609 -1643.0000000000
8621 -1640.0000000000
8690 -1639.0000000000
8718 -1638.0000000000
8753 -1637.0000000000
8776 -1636.0000000000
8834 -1635.0000000000
8877 -1634.0000000000
8901 -1633.0000000000
8926 -1632.0000000000
9011 -1631.0000000000
9050 -1630.0000000000
9091 -1628.0000000000
9170 -1627.0000000000
9181 -1626.0000000000
9183 -1625.0000000000
9204 -1624.0000000000
9235 -1623.0000000000
9248 -1622.0000000000
9295 -1621.0000000000
9301 -1620.0000000000
9340 -1619.0000000000
9350 -1618.0000000000
9357 -1617.0000000000
9412 -1616.0000000000
9430 -1615.0000000000
9473 -1614.0000000000
9492 -1612.0000000000
9553 -1611.0000000000
9580 -1609.0000000000
9594 -1608.0000000000
9616 -1607.0000000000
9654 -1606.0000000000
9667 -1605.0000000000
9708 -1604.0000000000
9742 -1603.0000000000
9782 -1602.0000000000
9788 -1601.0000000000
9854 -1600.0000000000
9884 -1599.0000000000
9894 -1598.0000000000
9899 -1597.0000000000
9935 -1596.0000000000
9982 -1594.0000000000
10018 -1593.0000000000
10050 -1599.0000000000
evaluations raw_y
1 -2024.0000000000
2 -2019.0000000000
4 -2002.0000000000
9 -2001.0000000000
11 -1990.0000000000
16 -1956.0000000000
79 -1954.0000000000
140 -1953.0000000000
169 -1952.0000000000
202 -1951.0000000000
215 -1950.0000000000
247 -1949.0000000000
251 -1948.0000000000
314 -1947.0000000000
335 -1945.0000000000
344 -1944.0000000000
361 -1943.0000000000
414 -1942.0000000000
438 -1941.0000000000
448 -1939.0000000000
537 -1938.0000000000
550 -1937.0000000000
593 -1936.0000000000
616 -1935.0000000000
634 -1934.0000000000
645 -1933.0000000000
685 -1932.0000000000
688 -1931.0000000000
777 -1930.0000000000
785 -1929.0000000000
813 -1928.0000000000
824 -1927.0000000000
868 -1925.0000000000
888 -1924.0000000000
923 -1922.0000000000
974 -1920.0000000000
981 -1919.0000000000
1018 -1917.0000000000
1021 -1916.0000000000
1066 -1914.0000000000
1138 -1913.0000000000
1143 -1912.0000000000
1153 -1911.0000000000
1188 -1910.0000000000
1222 -1909.0000000000
1241 -1908.0000000000
1279 -1907.0000000000
1282 -1906.0000000000
1283 -1904.0000000000
1311 -1903.0000000000
1339 -1902.0000000000
1347 -1901.0000000000
1358 -1900.0000000000
1379 -1898.0000000000
1422 -1897.0000000000
1460 -1896.0000000000
1462 -1895.0000000000
1490 -1893.0000000000
1509 -1892.0000000000
1564 -1889.0000000000
1580 -1888.0000000000
1604 -1886.0000000000
1663 -1885.0000000000
1693 -1884.0000000000
1706 -1883.0000000000
1745 -1882.0000000000
1759 -1881.0000000000
1779 -1880.0000000000
1818 -1879.0000000000
1834 -1877.0000000000
1888 -1876.0000000000
1891 -1875.0000000000
1918 -1874.0000000000
1954 -1872.0000000000
2019 -1871.0000000000
2042 -1870.0000000000
2115 -1868.0000000000
2127 -1867.0000000000
2193 -1866.0000000000
2210 -1865.0000000000
2227 -1864.0000000000
2264 -1862.0000000000
2327 -1861.0000000000
2343 -1860.0000000000
2405 -1859.0000000000
2443 -1858.0000000000
2474 -1857.0000000000
2521 -1856.0000000000
2573 -1855.0000000000
2592 -1854.0000000000
2612 -1852.0000000000
2635 -1850.0000000000
2667 -1849.0000000000
2740 -1848.0000000000
2764 -1847.0000000000
2768 -1846.0000000000
2831 -1845.0000000000
2850 -1844.0000000000
2879 -1842.0000000000
2947 -1841.0000000000
2966 -1839.0000000000
2975 -1837.0000000000
3022 -1836.0000000000
3031 -1835.0000000000
3038 -1834.0000000000
3045 -1833.0000000000
3072 -1832.0000000000
3157 -1831.0000000000
3180 -1830.0000000000
3186 -1829.0000000000
3192 -1827.0000000000
3249 -1826.0000000000
3286 -1825.0000000000
3297 -1824.0000000000
3310 -1823.0000000000
3367 -1821.0000000000
3436 -1820.0000000000
3488 -1818.0000000000
3523 -1817.0000000000
3540 -1816.0000000000
3541 -1815.0000000000
3585 -1813.0000000000
3661 -1812.0000000000
3677 -1811.0000000000
3678 -1810.0000000000
3745 -1808.0000000000
3792 -1807.0000000000
3847 -1806.0000000000
3876 -1805.0000000000
3889 -1804.0000000000
3928 -1803.0000000000
3950 -1802.0000000000
3977 -1801.0000000000
3998 -1799.0000000000
4026 -1797.0000000000
4046 -1796.0000000000
4099 -1795.0000000000
4107 -1794.0000000000
4117 -1793.0000000000
4149 -1792.0000000000
4175 -1791.0000000000
4208 -1789.0000000000
4269 -1788.0000000000
4273 -1787.0000000000
4323 -1785.0000000000
4345 -1784.0000000000
4379 -1783.0000000000
4409 -1782.0000000000
4445 -1781.0000000000
4447 -1780.0000000000
4485 -1779.0000000000
4514 -1778.0000000000
4541 -1777.0000000000
4576 -1776.0000000000
4579 -1775.0000000000
4625 -1774.0000000000
4653 -1773.0000000000
4659 -1772.0000000000
4699 -1771.0000000000
4729 -1770.0000000000
4771 -1769.0000000000
4786 -1768.0000000000
4800 -1767.0000000000
4811 -1766.0000000000
4831 -1765.0000000000
4890 -1764.0000000000
4916 -1763.0000000000
4918 -1762.0000000000
4933 -1761.0000000000
4959 -1760.0000000000
4975 -1758.0000000000
5042 -1757.0000000000
5084 -1756.0000000000
5135 -1755.0000000000
5174 -1754.0000000000
5227 -1753.0000000000
5257 -1752.0000000000
5269 -1751.0000000000
5326 -1750.0000000000
5393 -1749.0000000000
5396 -1748.0000000000
5465 -1747.0000000000
5487 -1746.0000000000
5500 -1745.0000000000
5528 -1744.0000000000
5623 -1743.0000000000
5629 -1742.0000000000
5664 -1741.0000000000
5682 -1740.0000000000
5725 -1739.0000000000
5786 -1737.0000000000
5812 -1736.0000000000
5855 -1735.0000000000
5883 -1734.0000000000
5936 -1733.0000000000
5943 -1732.0000000000
5951 -1731.0000000000
5982 -1730.0000000000
5997 -1727.0000000000
6004 -1726.0000000000
6031 -1725.0000000000
6039 -1724.0000000000
6125 -1723.0000000000
6175 -1721.0000000000
6208 -1720.0000000000
6291 -1718.0000000000
6327 -1717.0000000000
6361 -1715.0000000000
6424 -1714.0000000000
6447 -1713.0000000000
6451 -1712.0000000000
6467 -1711.0000000000
6473 -1710.0000000000
6502 -1709.0000000000
6542 -1708.0000000000
6569 -1707.0000000000
6571 -1706.0000000000
6645 -1705.0000000000
6655 -1703.0000000000
6667 -1702.0000000000
6700 -1701.0000000000
6738 -1700.0000000000
6825 -1699.0000000000
6851 -1698.0000000000
6859 -1697.0000000000
6867 -1695.0000000000
6943 -1694.0000000000
6991 -1693.0000000000
7034 -1692.0000000000
7123 -1691.0000000000
7144 -1690.0000000000
7155 -1689.0000000000
7197 -1688.0000000000
7223 -1687.0000000000
7275 -1686.0000000000
7313 -1685.0000000000
7332 -1684.0000000000
7346 -1682.0000000000
7431 -1681.0000000000
7490 -1680.0000000000
7531 -1679.0000000000
7555 -1678.0000000000
7567 -1676.0000000000
7650 -1675.0000000000
7664 -1674.0000000000
7706 -1673.0000000000
7742 -1672.0000000000
7773 -1671.0000000000
7789 -1669.0000000000
7812 -1668.0000000000
7834 -1667.0000000000
7855 -1665.0000000000
7900 -1663.0000000000
7997 -1662.0000000000
8015 -1661.0000000000
8022 -1660.0000000000
8073 -1657.0000000000
8093 -1656.0000000000
8127 -1655.0000000000
8200 -1654.0000000000
8208 -1653.0000000000
8224 -1652.0000000000
8264 -1651.0000000000
8285 -1648.0000000000
8383 -1647.0000000000
8434 -1646.0000000000
8435 -1645.0000000000
8494 -1644.0000000000
8535 -1643.0000000000
8547 -1642.0000000000
8571 -1640.0000000000
8614 -1639.0000000000
8619 -1638.0000000000
8746 -1637.0000000000
8749 -1636.0000000000
8782 -1635.0000000000
8783 -1634.0000000000
8814 -1633.0000000000
8822 -1631.0000000000
8835 -1630.0000000000
8905 -1628.0000000000
8913 -1627.0000000000
9016 -1626.0000000000
9039 -1625.0000000000
9056 -1624.0000000000
9081 -1622.0000000000
9113 -1621.0000000000
9129 -1620.0000000000
9176 -1619.0000000000
9181 -1618.0000000000
9206 -1616.0000000000
9257 -1614.0000000000
9323 -1613.0000000000
9327 -1611.0000000000
9331 -1610.0000000000
9389 -1609.0000000000
9392 -1608.0000000000
9409 -1607.0000000000
9475 -1606.0000000000
9477 -1604.0000000000
9607 -1603.0000000000
9650 -1602.0000000000
9667 -1601.0000000000
9688 -1600.0000000000
9745 -1599.0000000000
9757 -1596.0000000000
9837 -1595.0000000000
9879 -1593.0000000000
9919 -1591.0000000000
9969 -1590.0000000000
10011 -1589.0000000000
10046 -1588.0000000000
10050 -1589.0000000000
evaluations raw_y
1 -2046.0000000000
2 -2025.0000000000
5 -2004.0000000000
9 -1977.0000000000
20 -1954.0000000000
24 -1941.0000000000
128 -1940.0000000000
193 -1938.0000000000
238 -1937.0000000000
278 -1936.0000000000
316 -1935.0000000000
341 -1934.0000000000
390 -1932.0000000000
445 -1930.0000000000
507 -1929.0000000000
540 -1928.0000000000
589 -1926.0000000000
613 -1925.0000000000
630 -1923.0000000000
646 -1922.0000000000
659 -1921.0000000000
726 -1920.0000000000
729 -1919.0000000000
752 -1918.0000000000
787 -1917.0000000000
821 -1916.0000000000
834 -1915.0000000000
848 -1913.0000000000
857 -1912.0000000000
907 -1911.0000000000
957 -1909.0000000000
988 -1908.0000000000
1017 -1906.0000000000
1100 -1905.0000000000
1138 -1904.0000000000
1167 -1903.0000000000
1177 -1901.0000000000
1208 -1900.0000000000
1248 -1899.0000000000
1260 -1897.0000000000
1314 -1895.0000000000
1340 -1892.0000000000
1461 -1890.0000000000
1483 -1889.0000000000
1499 -1888.0000000000
1501 -1886.0000000000
1503 -1885.0000000000
1580 -1884.0000000000
1587 -1883.0000000000
1626 -1881.0000000000
1655 -1880.0000000000
1662 -1879.0000000000
1689 -1878.0000000000
1724 -1877.0000000000
1739 -1876.0000000000
1777 -1875.0000000000
1804 -1874.0000000000
1811 -1873.0000000000
1908 -1872.0000000000
1920 -1871.0000000000
1936 -1868.0000000000
1979 -1867.0000000000
2022 -1866.0000000000
2040 -1865.0000000000
2083 -1864.0000000000
2107 -1863.0000000000
2190 -1862.0000000000
2213 -1861.0000000000
2221 -1859.0000000000
2262 -1858.0000000000
2276 -1856.0000000000
2322 -1855.0000000000
2336 -1854.0000000000
2364 -1853.0000000000
2367 -1852.0000000000
2428 -1851.0000000000
2481 -1850.0000000000
2505 -1849.0000000000
2525 -1848.0000000000
2552 -1847.0000000000
2564 -1846.0000000000
2583 -1845.0000000000
2607 -1844.0000000000
2610 -1843.0000000000
2630 -1842.0000000000
2653 -1841.0000000000
2702 -1840.0000000000
2709 -1839.0000000000
2788 -1838.0000000000
2810 -1837.0000000000
2811 -1835.0000000000
2866 -1834.0000000000
2909 -1833.0000000000
2938 -1832.0000000000
2980 -1830.0000000000
3012 -1829.0000000000
3098 -1828.0000000000
3142 -1826.0000000000
3159 -1824.0000000000
3174 -1823.0000000000
3177 -1822.0000000000
3207 -1821.0000000000
3247 -1820.0000000000
3299 -1819.0000000000
3304 -1817.0000000000
3342 -1816.0000000000
3357 -1815.0000000000
3378 -1813.0000000000
3446 -1812.0000000000
3449 -1810.0000000000
3481 -1808.0000000000
3548 -1806.0000000000
3552 -1805.0000000000
3553 -1804.0000000000
3580 -1803.0000000000
3609 -1801.0000000000
3641 -1800.0000000000
3681 -1799.0000000000
3721 -1798.0000000000
3747 -1796.0000000000
3780 -1795.0000000000
3798 -1794.0000000000
3800 -1793.0000000000
3866 -1792.0000000000
3881 -1790.0000000000
3885 -1789.0000000000
3974 -1788.0000000000
3976 -1787.0000000000
4004 -1786.0000000000
4047 -1785.0000000000
4074 -1784.0000000000
4089 -1783.0000000000
4111 -1782.0000000000
4137 -1781.0000000000
4144 -1780.0000000000
4177 -1779.0000000000
4193 -1778.0000000000
4267 -1777.0000000000
4279 -1776.0000000000
4308 -1775.0000000000
4327 -1774.0000000000
4359 -1773.0000000000
4374 -1772.0000000000
4410 -1771.0000000000
4447 -1769.0000000000
4491 -1768.0000000000
4513 -1767.0000000000
4538 -1765.0000000000
4597 -1764.0000000000
4623 -1763.0000000000
4698 -1762.0000000000
4708 -1761.0000000000
4737 -1759.0000000000
4760 -1758.0000000000
4776 -1757.0000000000
4810 -1756.0000000000
4851 -1755.0000000000
4865 -1754.0000000000
4869 -1753.0000000000
4892 -1752.0000000000
4974 -1751.0000000000
4975 -1750.0000000000
5060 -1748.0000000000
5128 -1745.0000000000
5141 -1744.0000000000
5186 -1743.0000000000
5215 -1742.0000000000
5241 -1740.0000000000
5243 -1739.0000000000
5302 -1738.0000000000
5363 -1737.0000000000
5380 -1734.0000000000
5397 -1733.0000000000
5455 -1732.0000000000
5502 -1731.0000000000
5549 -1730.0000000000
5558 -1729.0000000000
5592 -1728.0000000000
5631 -1727.0000000000
5644 -1726.0000000000
5661 -1725.0000000000
5696 -1724.0000000000
5715 -1723.0000000000
5762 -1721.0000000000
5817 -1720.0000000000
5834 -1719.0000000000
5875 -1717.0000000000
5900 -1716.0000000000
5949 -1715.0000000000
5987 -1714.0000000000
6028 -1713.0000000000
6038 -1712.0000000000
6053 -1711.0000000000
6078 -1710.0000000000
6135 -1709.0000000000
6152 -1707.0000000000
6180 -1706.0000000000
6210 -1704.0000000000
6252 -1703.0000000000
6357 -1701.0000000000
6387 -1699.0000000000
6408 -1698.0000000000
6450 -1697.0000000000
6464 -1695.0000000000
6528 -1694.0000000000
6580 -1693.0000000000
6625 -1692.0000000000
6672 -1691.0000000000
6709 -1689.0000000000
6727 -1688.0000000000
6767 -1687.0000000000
6805 -1685.0000000000
6840 -1684.0000000000
6854 -1682.0000000000
6884 -1681.0000000000
6898 -1680.0000000000
6938 -1679.0000000000
6967 -1678.0000000000
6985 -1677.0000000000
7039 -1676.0000000000
7077 -1674.0000000000
7155 -1673.0000000000
7198 -1672.0000000000
7236 -1670.0000000000
7290 -1669.0000000000
7378 -1668.0000000000
7409 -1666.0000000000
7445 -1665.0000000000
7484 -1664.0000000000
7503 -1663.0000000000
7518 -1661.0000000000
7573 -1660.0000000000
7601 -1659.0000000000
7608 -1658.0000000000
7642 -1657.0000000000
7671 -1656.0000000000
7705 -1655.0000000000
7736 -1653.0000000000
7812 -1652.0000000000
7848 -1651.0000000000
7905 -1650.0000000000
7941 -1649.0000000000
8012 -1648.0000000000
8039 -1647.0000000000
8041 -1645.0000000000
8086 -1644.0000000000
8130 -1642.0000000000
8139 -1641.0000000000
8147 -1640.0000000000
8165 -1639.0000000000
8199 -1638.0000000000
8232 -1636.0000000000
8267 -1634.0000000000
8389 -1633.0000000000
8413 -1632.0000000000
8417 -1631.0000000000
8464 -1630.0000000000
8507 -1629.0000000000
8554 -1628.0000000000
8614 -1625.0000000000
8633 -1624.0000000000
8679 -1622.0000000000
8714 -1621.0000000000
8761 -1618.0000000000
8805 -1616.0000000000
8854 -1615.0000000000
8876 -1614.0000000000
8883 -1613.0000000000
8918 -1612.0000000000
8987 -1611.0000000000
9014 -1610.0000000000
9062 -1609.0000000000
9085 -1606.0000000000
9119 -1605.0000000000
9174 -1604.0000000000
9196 -1603.0000000000
9222 -1602.0000000000
9231 -1601.0000000000
9239 -1600.0000000000
9267 -1599.0000000000
9315 -1598.0000000000
9356 -1596.0000000000
9395 -1594.0000000000
9427 -1593.0000000000
9456 -1592.0000000000
9476 -1591.0000000000
9514 -1589.0000000000
9557 -1587.0000000000
9577 -1586.0000000000
9641 -1585.0000000000
9656 -1584.0000000000
9736 -1583.0000000000
9764 -1581.0000000000
9771 -1580.0000000000
9794 -1579.0000000000
9842 -1578.0000000000
9857 -1576.0000000000
9924 -1575.0000000000
9976 -1574.0000000000
9982 -1572.0000000000
10008 -1571.0000000000
10021 -1570.0000000000
10038 -1569.0000000000
10050 -1571.0000000000
evaluations raw_y
1 -2007.0000000000
4 -1985.0000000000
7 -1958.0000000000
8 -1939.0000000000
123 -1937.0000000000
146 -1936.0000000000
151 -1935.0000000000
194 -1934.0000000000
227 -1932.0000000000
314 -1930.0000000000
350 -1929.0000000000
402 -1928.0000000000
454 -1927.0000000000
517 -1926.0000000000
527 -1925.0000000000
554 -1924.0000000000
571 -1923.0000000000
602 -1922.0000000000
653 -1921.0000000000
707 -1920.0000000000
753 -1919.0000000000
767 -1918.0000000000
831 -1917.0000000000
841 -1916.0000000000
851 -1915.0000000000
870 -1914.0000000000
899 -1913.0000000000
926 -1912.0000000000
935 -1911.0000000000
972 -1910.0000000000
983 -1909.0000000000
1010 -1908.0000000000
1052 -1907.0000000000
1060 -1906.0000000000
1063 -1904.0000000000
1177 -1903.0000000000
1185 -1902.0000000000
1213 -1901.0000000000
1218 -1900.0000000000
1338 -1899.0000000000
1362 -1897.0000000000
1387 -1895.0000000000
1397 -1894.0000000000
1421 -1893.0000000000
1444 -1892.0000000000
1454 -1891.0000000000
1533 -1890.0000000000
1563 -1889.0000000000
1568 -1888.0000000000
1604 -1887.0000000000
1614 -1886.0000000000
1633 -1885.0000000000
1643 -1884.0000000000
1673 -1883.0000000000
1715 -1882.0000000000
1741 -1881.0000000000
1748 -1880.0000000000
1754 -1879.0000000000
1770 -1878.0000000000
1819 -1876.0000000000
1886 -1875.0000000000
1908 -1873.0000000000
1927 -1871.0000000000
1986 -1870.0000000000
2004 -1869.0000000000
2014 -1868.0000000000
2025 -1867.0000000000
2089 -1866.0000000000
2104 -1865.0000000000
2111 -1864.0000000000
2118 -1863.0000000000
2157 -1862.0000000000
2177 -1860.0000000000
2235 -1859.0000000000
2245 -1857.0000000000
2259 -1856.0000000000
2318 -1855.0000000000
2334 -1854.0000000000
2345 -1853.0000000000
2392 -1852.0000000000
2424 -1851.0000000000
2439 -1850.0000000000
2455 -1849.0000000000
2492 -1848.0000000000
2551 -1847.0000000000
2601 -1846.0000000000
2636 -1845.0000000000
2641 -1843.0000000000
2704 -1842.0000000000
2717 -1841.0000000000
2750 -1839.0000000000
2777 -1838.0000000000
2818 -1836.0000000000
2844 -1835.0000000000
2889 -1834.0000000000
2917 -1833.0000000000
2924 -1832.0000000000
2969 -1831.0000000000
3027 -1830.0000000000
3028 -1827.0000000000
3062 -1826.0000000000
3063 -1825.0000000000
3134 -1823.0000000000
3160 -1822.0000000000
3196 -1821.0000000000
3202 -1820.0000000000
3230 -1819.0000000000
3251 -1817.0000000000
3322 -1816.0000000000
3359 -1815.0000000000
3378 -1814.0000000000
3408 -1812.0000000000
3471 -1809.0000000000
3495 -1808.0000000000
3534 -1807.0000000000
3571 -1806.0000000000
3589 -1805.0000000000
3615 -1803.0000000000
3644 -1801.0000000000
3656 -1800.0000000000
3689 -1799.0000000000
3706 -1798.0000000000
3760 -1797.0000000000
3762 -1796.0000000000
3796 -1795.0000000000
3844 -1793.0000000000
3869 -1792.0000000000
3963 -1791.0000000000
3992 -1790.0000000000
4051 -1788.0000000000
4056 -1786.0000000000
4073 -1784.0000000000
4083 -1783.0000000000
4156 -1782.0000000000
4216 -1781.0000000000
4252 -1780.0000000000
4273 -1778.0000000000
4319 -1777.0000000000
4323 -1776.0000000000
4357 -1775.0000000000
4391 -1774.0000000000
4425 -1773.0000000000
4432 -1772.0000000000
4483 -1771.0000000000
4486 -1770.0000000000
4499 -1769.0000000000
4542 -1768.0000000000
4555 -1767.0000000000
4561 -1766.0000000000
4595 -1765.0000000000
4636 -1764.0000000000
4672 -1762.0000000000
4681 -1761.0000000000
4774 -1759.0000000000
4825 -1758.0000000000
4835 -1757.0000000000
4869 -1756.0000000000
4910 -1755.0000000000
4923 -1753.0000000000
4962 -1752.0000000000
4984 -1751.0000000000
5038 -1750.0000000000
5052 -1749.0000000000
5075 -1748.0000000000
5121 -1747.0000000000
5149 -1746.0000000000
5205 -1745.0000000000
5224 -1744.0000000000
5270 -1742.0000000000
5290 -1741.0000000000
5292 -1740.0000000000
5320 -1739.0000000000
5334 -1738.0000000000
5369 -1737.0000000000
5405 -1736.0000000000
5440 -1733.0000000000
5522 -1730.0000000000
5592 -1729.0000000000
5597 -1726.0000000000
5659 -1725.0000000000
5714 -1724.0000000000
5761 -1723.0000000000
5788 -1721.0000000000
5866 -1720.0000000000
5901 -1719.0000000000
5917 -1718.0000000000
5938 -1716.0000000000
5960 -1715.0000000000
6009 -1714.0000000000
6076 -1711.0000000000
6145 -1710.0000000000
6191 -1709.0000000000
6238 -1708.0000000000
6255 -1707.0000000000
6276 -1706.0000000000
6300 -1705.0000000000
6327 -1704.0000000000
6381 -1703.0000000000
6397 -1702.0000000000
6435 -1701.0000000000
6437 -1700.0000000000
6450 -1698.0000000000
6493 -1697.0000000000
6504 -1696.0000000000
6543 -1694.0000000000
6608 -1693.0000000000
6633 -1691.0000000000
6740 -1690.0000000000
6748 -1689.0000000000
6797 -1688.0000000000
6820 -1687.0000000000
6864 -1685.0000000000
6910 -1684.0000000000
6925 -1683.0000000000
6941 -1682.0000000000
6963 -1681.0000000000
6972 -1680.0000000000
6991 -1679.0000000000
7016 -1678.0000000000
7110 -1677.0000000000
7139 -1676.0000000000
7187 -1675.0000000000
7188 -1674.0000000000
7244 -1673.0000000000
7273 -1672.0000000000
7329 -1671.0000000000
7338 -1670.0000000000
7351 -1669.0000000000
7413 -1668.0000000000
7427 -1667.0000000000
7448 -1666.0000000000
7479 -1664.0000000000
7566 -1663.0000000000
7578 -1662.0000000000
7603 -1660.0000000000
7632 -1659.0000000000
7717 -1658.0000000000
7742 -1657.0000000000
7760 -1656.0000000000
7784 -1655.0000000000
7837 -1654.0000000000
7885 -1653.0000000000
7898 -1652.0000000000
7916 -1651.0000000000
7963 -1650.0000000000
7969 -1649.0000000000
8011 -1647.0000000000
8074 -1646.0000000000
8088 -1645.0000000000
8125 -1644.0000000000
8165 -1642.0000000000
8178 -1641.0000000000
8184 -1640.0000000000
8226 -1639.0000000000
8277 -1638.0000000000
8291 -1637.0000000000
8365 -1636.0000000000
8395 -1635.0000000000
8407 -1634.0000000000
8467 -1633.0000000000
8488 -1632.0000000000
8530 -1631.0000000000
8589 -1630.0000000000
8608 -1629.0000000000
8620 -1628.0000000000
8657 -1627.0000000000
8687 -1626.0000000000
8734 -1625.0000000000
8763 -1624.0000000000
8796 -1623.0000000000
8848 -1622.0000000000
8857 -1621.0000000000
8924 -1620.0000000000
8941 -1619.0000000000
8946 -1618.0000000000
8976 -1616.0000000000
9036 -1615.0000000000
9106 -1614.0000000000
9115 -1613.0000000000
9169 -1612.0000000000
9206 -1611.0000000000
9224 -1610.0000000000
9239 -1609.0000000000
9274 -1608.0000000000
9284 -1607.0000000000
9310 -1606.0000000000
9359 -1605.0000000000
9394 -1604.0000000000
9437 -1603.0000000000
9450 -1602.0000000000
9480 -1601.0000000000
9513 -1600.0000000000
9523 -1599.0000000000
9549 -1597.0000000000
9672 -1596.0000000000
9684 -1595.0000000000
9713 -1593.0000000000
9724 -1590.0000000000
9775 -1589.0000000000
9795 -1588.0000000000
9802 -1587.0000000000
9857 -1586.0000000000
9859 -1584.0000000000
9896 -1583.0000000000
9955 -1582.0000000000
9966 -1580.0000000000
10006 -1579.0000000000
10050 -1582.0000000000
evaluations raw_y
1 -1975.0000000000
6 -1948.0000000000
7 -1934.0000000000
139 -1933.0000000000
163 -1932.0000000000
187 -1931.0000000000
215 -1930.0000000000
230 -1929.0000000000
263 -1928.0000000000
269 -1927.0000000000
289 -1926.0000000000
370 -1924.0000000000
442 -1923.0000000000
444 -1922.0000000000
458 -1920.0000000000
490 -1919.0000000000
494 -1918.0000000000
545 -1916.0000000000
622 -1914.0000000000
643 -1913.0000000000
655 -1912.0000000000
706 -1910.0000000000
709 -1909.0000000000
713 -1908.0000000000
743 -1906.0000000000
774 -1905.0000000000
826 -1901.0000000000
853 -1900.0000000000
888 -1899.0000000000
939 -1898.0000000000
977 -1897.0000000000
1030 -1896.0000000000
1041 -1895.0000000000
1050 -1894.0000000000
1091 -1891.0000000000
1124 -1890.0000000000
1143 -1889.0000000000
1146 -1886.0000000000
1247 -1884.0000000000
1322 -1882.0000000000
1350 -1881.0000000000
1353 -1880.0000000000
1410 -1878.0000000000
1418 -1877.0000000000
1475 -1876.0000000000
1498 -1875.0000000000
1501 -1874.0000000000
1549 -1873.0000000000
1585 -1872.0000000000
1608 -1871.0000000000
1609 -1869.0000000000
1681 -1868.0000000000
1715 -1867.0000000000
1732 -1865.0000000000
1773 -1864.0000000000
1785 -1863.0000000000
1814 -1862.0000000000
1838 -1861.0000000000
1854 -1860.0000000000
1855 -1859.0000000000
1872 -1858.0000000000
1912 -1857.0000000000
1930 -1856.0000000000
1966 -1855.0000000000
2010 -1854.0000000000
2043 -1853.0000000000
2074 -1852.0000000000
2086 -1851.0000000000
2126 -1850.0000000000
2142 -1849.0000000000
2151 -1848.0000000000
2173 -1847.0000000000
2209 -1843.0000000000
2275 -1842.0000000000
2313 -1840.0000000000
2319 -1839.0000000000
2321 -1838.0000000000
2339 -1837.0000000000
2360 -1836.0000000000
2363 -1835.0000000000
2365 -1833.0000000000
2413 -1832.0000000000
2419 -1831.0000000000
2504 -1830.0000000000
2516 -1829.0000000000
2562 -1828.0000000000
2567 -1827.0000000000
2580 -1826.0000000000
2654 -1825.0000000000
2670 -1824.0000000000
2676 -1823.0000000000
2691 -1822.0000000000
2698 -1821.0000000000
2726 -1820.0000000000
2780 -1818.0000000000
2790 -1816.0000000000
2896 -1815.0000000000
2935 -1814.0000000000
2949 -1813.0000000000
2955 -1812.0000000000
3020 -1811.0000000000
3038 -1810.0000000000
3052 -1809.0000000000
3122 -1807.0000000000
3136 -1804.0000000000
3227 -1803.0000000000
3254 -1802.0000000000
3256 -1801.0000000000
3294 -1799.0000000000
3334 -1798.0000000000
3347 -1797.0000000000
3355 -1795.0000000000
3365 -1794.0000000000
3398 -1793.0000000000
3401 -1792.0000000000
3444 -1790.0000000000
3505 -1789.0000000000
3528 -1788.0000000000
3596 -1786.0000000000
3605 -1782.0000000000
3632 -1781.0000000000
3642 -1780.0000000000
3663 -1779.0000000000
3707 -1778.0000000000
3719 -1776.0000000000
3754 -1775.0000000000
3757 -1774.0000000000
3777 -1773.0000000000
3802 -1772.0000000000
3842 -1771.0000000000
3881 -1770.0000000000
3909 -1769.0000000000
3958 -1768.0000000000
3983 -1767.0000000000
3995 -1765.0000000000
4035 -1763.0000000000
4113 -1762.0000000000
4126 -1761.0000000000
4210 -1760.0000000000
4237 -1759.0000000000
4249 -1758.0000000000
4273 -1757.0000000000
4317 -1756.0000000000
4351 -1754.0000000000
4385 -1753.0000000000
4431 -1752.0000000000
4451 -1751.0000000000
4455 -1750.0000000000
4492 -1749.0000000000
4520 -1748.0000000000
4522 -1747.0000000000
4530 -1745.0000000000
4562 -1744.0000000000
4586 -1742.0000000000
4630 -1741.0000000000
4668 -1740.0000000000
4689 -1739.0000000000
4738 -1738.0000000000
4756 -1736.0000000000
4779 -1735.0000000000
4787 -1734.0000000000
4796 -1733.0000000000
4829 -1732.0000000000
4859 -1731.0000000000
4893 -1730.0000000000
4909 -1727.0000000000
4928 -1726.0000000000
4970 -1725.0000000000
5037 -1724.0000000000
5056 -1723.0000000000
5108 -1722.0000000000
5111 -1721.0000000000
5152 -1720.0000000000
5169 -1718.0000000000
5251 -1716.0000000000
5352 -1715.0000000000
5364 -1714.0000000000
5415 -1713.0000000000
5436 -1712.0000000000
5488 -1711.0000000000
5520 -1710.0000000000
5525 -1709.0000000000
5540 -1708.0000000000
5559 -1707.0000000000
5587 -1706.0000000000
5642 -1705.0000000000
5678 -1703.0000000000
5731 -1702.0000000000
5777 -1701.0000000000
5789 -1700.0000000000
5822 -1699.0000000000
5842 -1698.0000000000
5867 -1697.0000000000
5932 -1696.0000000000
5970 -1695.0000000000
5987 -1694.0000000000
6000 -1693.0000000000
6030 -1692.0000000000
6081 -1690.0000000000
6085 -1689.0000000000
6154 -1688.0000000000
6166 -1686.0000000000
6215 -1685.0000000000
6282 -1684.0000000000
6353 -1683.0000000000
6364 -1681.0000000000
6407 -1680.0000000000
6408 -1679.0000000000
6456 -1678.0000000000
6457 -1677.0000000000
6492 -1676.0000000000
6508 -1675.0000000000
6509 -1674.0000000000
6524 -1673.0000000000
6565 -1671.0000000000
6606 -1669.0000000000
6647 -1668.0000000000
6734 -1667.0000000000
6758 -1666.0000000000
6802 -1665.0000000000
6819 -1664.0000000000
6849 -1663.0000000000
6893 -1662.0000000000
6914 -1661.0000000000
6931 -1660.0000000000
6933 -1658.0000000000
6965 -1657.0000000000
7062 -1656.0000000000
7095 -1655.0000000000
7102 -1654.0000000000
7151 -1653.0000000000
7207 -1652.0000000000
7234 -1651.0000000000
7295 -1650.0000000000
7316 -1648.0000000000
7325 -1647.0000000000
7353 -1646.0000000000
7393 -1645.0000000000
7429 -1644.0000000000
7449 -1643.0000000000
7488 -1641.0000000000
7567 -1640.0000000000
7613 -1638.0000000000
7633 -1637.0000000000
7722 -1636.0000000000
7765 -1635.0000000000
7804 -1634.0000000000
7811 -1633.0000000000
7850 -1632.0000000000
7856 -1630.0000000000
7863 -1629.0000000000
7903 -1628.0000000000
7936 -1627.0000000000
7995 -1626.0000000000
8035 -1625.0000000000
8049 -1624.0000000000
8064 -1622.0000000000
8125 -1621.0000000000
8171 -1620.0000000000
8182 -1619.0000000000
8230 -1618.0000000000
8246 -1616.0000000000
8282 -1615.0000000000
8298 -1613.0000000000
8307 -1612.0000000000
8372 -1610.0000000000
8417 -1609.0000000000
8433 -1607.0000000000
8479 -1606.0000000000
8514 -1605.0000000000
8553 -1604.0000000000
8581 -1603.0000000000
8592 -1602.0000000000
8615 -1601.0000000000
8650 -1600.0000000000
8720 -1599.0000000000
8736 -1598.0000000000
8747 -1597.0000000000
8765 -1596.0000000000
8775 -1595.0000000000
8796 -1594.0000000000
8828 -1593.0000000000
8843 -1591.0000000000
8904 -1590.0000000000
8946 -1589.0000000000
8991 -1588.0000000000
9039 -1587.0000000000
9091 -1586.0000000000
9131 -1585.0000000000
9138 -1584.0000000000
9151 -1583.0000000000
9160 -1582.0000000000
9214 -1581.0000000000
9239 -1579.0000000000
9251 -1577.0000000000
9323 -1576.0000000000
9359 -1575.0000000000
9412 -1574.0000000000
9454 -1572.0000000000
9503 -1571.0000000000
9538 -1570.0000000000
9549 -1569.0000000000
9582 -1568.0000000000
9594 -1567.0000000000
9603 -1566.0000000000
9611 -1565.0000000000
9641 -1564.0000000000
9698 -1563.0000000000
9711 -1562.0000000000
9717 -1561.0000000000
9774 -1560.0000000000
9781 -1559.0000000000
9795 -1557.0000000000
9812 -1556.0000000000
9900 -1555.0000000000
9962 -1554.0000000000
10001 -1553.0000000000
10038 -1551.0000000000
10047 -1550.0000000000
10050 -1554.0000000000
evaluations raw_y
1 -2019.0000000000
4 -1959.0000000000
21 -1946.0000000000
78 -1945.0000000000
92 -1944.0000000000
99 -1943.0000000000
163 -1942.0000000000
171 -1941.0000000000
184 -1939.0000000000
197 -1938.0000000000
229 -1937.0000000000
254 -1936.0000000000
281 -1935.0000000000
321 -1934.0000000000
337 -1933.0000000000
366 -1932.0000000000
376 -1931.0000000000
395 -1930.0000000000
425 -1928.0000000000
477 -1927.0000000000
523 -1926.0000000000
524 -1925.0000000000
567 -1924.0000000000
604 -1923.0000000000
631 -1922.0000000000
647 -1921.0000000000
653 -1920.0000000000
656 -1919.0000000000
699 -1918.0000000000
734 -1917.0000000000
764 -1916.0000000000
796 -1915.0000000000
837 -1913.0000000000
864 -1912.0000000000
900 -1911.0000000000
904 -1910.0000000000
972 -1909.0000000000
983 -1908.0000000000
1001 -1906.0000000000
1005 -1905.0000000000
1030 -1904.0000000000
1070 -1903.0000000000
1086 -1902.0000000000
1117 -1901.0000000000
1148 -1900.0000000000
1160 -1899.0000000000
1169 -1898.0000000000
1211 -1897.0000000000
1281 -1896.0000000000
1284 -1894.0000000000
1314 -1893.0000000000
1323 -1892.0000000000
1366 -1891.0000000000
1379 -1890.0000000000
1393 -1889.0000000000
1397 -1888.0000000000
1402 -1887.0000000000
1456 -1886.0000000000
1493 -1885.0000000000
1515 -1884.0000000000
1564 -1883.0000000000
1609 -1882.0000000000
1614 -1881.0000000000
1632 -1880.0000000000
1672 -1879.0000000000
1697 -1878.0000000000
1760 -1876.0000000000
1805 -1875.0000000000
1811 -1873.0000000000
1896 -1872.0000000000
1953 -1871.0000000000
1960 -1870.0000000000
1967 -1869.0000000000
1981 -1868.0000000000
2035 -1867.0000000000
2088 -1866.0000000000
2132 -1865.0000000000
2149 -1863.0000000000
2195 -1862.0000000000
2224 -1860.0000000000
2284 -1859.0000000000
2312 -1858.0000000000
2331 -1857.0000000000
2360 -1855.0000000000
2389 -1854.0000000000
2424 -1852.0000000000
2461 -1851.0000000000
2508 -1849.0000000000
2535 -1848.0000000000
2579 -1846.0000000000
2613 -1845.0000000000
2616 -1844.0000000000
2647 -1841.0000000000
2688 -1840.0000000000
2749 -1839.0000000000
2750 -1838.0000000000
2789 -1837.0000000000
2805 -1836.0000000000
2837 -1835.0000000000
2863 -1834.0000000000
2909 -1833.0000000000
2937 -1832.0000000000
2946 -1830.0000000000
2995 -1829.0000000000
3027 -1828.0000000000
3037 -1826.0000000000
3063 -1825.0000000000
3108 -1824.0000000000
3124 -1823.0000000000
3166 -1822.0000000000
3191 -1821.0000000000
3196 -1819.0000000000
3217 -1818.0000000000
3288 -1817.0000000000
3333 -1815.0000000000
3377 -1814.0000000000
3393 -1813.0000000000
3421 -1812.0000000000
3436 -1811.0000000000
3496 -1810.0000000000
3565 -1808.0000000000
3584 -1807.0000000000
3619 -1806.0000000000
3624 -1805.0000000000
3650 -1801.0000000000
3692 -1800.0000000000
3701 -1799.0000000000
3735 -1798.0000000000
3772 -1796.0000000000
3824 -1795.0000000000
3829 -1794.0000000000
3862 -1793.0000000000
3873 -1791.0000000000
3953 -1790.0000000000
3958 -1788.0000000000
4031 -1787.0000000000
4055 -1785.0000000000
4103 -1784.0000000000
4153 -1783.0000000000
4157 -1782.0000000000
4193 -1780.0000000000
4231 -1778.0000000000
4291 -1777.0000000000
4363 -1776.0000000000
4370 -1775.0000000000
4373 -1773.0000000000
4449 -1770.0000000000
4492 -1769.0000000000
4513 -1768.0000000000
4524 -1766.0000000000
4553 -1765.0000000000
4581 -1764.0000000000
4592 -1762.0000000000
4669 -1761.0000000000
4698 -1760.0000000000
4730 -1759.0000000000
4766 -1757.0000000000
4786 -1756.0000000000
4819 -1753.0000000000
4842 -1752.0000000000
4853 -1751.0000000000
4866 -1750.0000000000
4886 -1749.0000000000
4893 -1748.0000000000
4986 -1747.0000000000
4988 -1746.0000000000
5010 -1745.0000000000
5052 -1744.0000000000
5068 -1742.0000000000
5096 -1741.0000000000
5153 -1740.0000000000
5175 -1738.0000000000
5205 -1737.0000000000
5212 -1736.0000000000
5216 -1735.0000000000
5312 -1733.0000000000
5380 -1730.0000000000
5418 -1728.0000000000
5500 -1727.0000000000
5530 -1726.0000000000
5541 -1725.0000000000
5589 -1724.0000000000
5599 -1723.0000000000
5647 -1722.0000000000
5689 -1721.0000000000
5777 -1720.0000000000
5793 -1719.0000000000
5800 -1718.0000000000
5827 -1717.0000000000
5833 -1716.0000000000
5839 -1715.0000000000
5903 -1714.0000000000
5933 -1713.0000000000
5963 -1712.0000000000
5997 -1711.0000000000
6055 -1710.0000000000
6084 -1709.0000000000
6095 -1708.0000000000
6142 -1707.0000000000
6170 -1706.0000000000
6218 -1705.0000000000
6222 -1704.0000000000
6247 -1702.0000000000
6282 -1700.0000000000
6295 -1699.0000000000
6326 -1697.0000000000
6398 -1696.0000000000
6423 -1695.0000000000
6439 -1694.0000000000
6442 -1692.0000000000
6498 -1690.0000000000
6522 -1689.0000000000
6537 -1687.0000000000
6592 -1686.0000000000
6601 -1685.0000000000
6657 -1683.0000000000
6682 -1682.0000000000
6710 -1681.0000000000
6727 -1680.0000000000
6748 -1679.0000000000
6757 -1678.0000000000
6839 -1677.0000000000
6857 -1676.0000000000
6882 -1675.0000000000
6957 -1674.0000000000
6964 -1673.0000000000
6978 -1672.0000000000
7034 -1670.0000000000
7088 -1667.0000000000
7159 -1665.0000000000
7182 -1664.0000000000
7256 -1663.0000000000
7285 -1662.0000000000
7338 -1661.0000000000
7362 -1660.0000000000
7411 -1659.0000000000
7443 -1658.0000000000
7470 -1657.0000000000
7522 -1656.0000000000
7532 -1655.0000000000
7580 -1654.0000000000
7635 -1653.0000000000
7637 -1652.0000000000
7652 -1651.0000000000
7730 -1650.0000000000
7761 -1649.0000000000
7777 -1648.0000000000
7800 -1647.0000000000
7801 -1646.0000000000
7843 -1645.0000000000
7845 -1644.0000000000
7883 -1643.0000000000
7888 -1642.0000000000
7904 -1641.0000000000
7948 -1640.0000000000
7954 -1639.0000000000
7993 -1638.0000000000
8041 -1636.0000000000
8103 -1634.0000000000
8167 -1633.0000000000
8218 -1632.0000000000
8225 -1631.0000000000
8257 -1628.0000000000
8351 -1627.0000000000
8395 -1626.0000000000
8463 -1625.0000000000
8468 -1623.0000000000
8506 -1622.0000000000
8530 -1621.0000000000
8539 -1620.0000000000
8605 -1619.0000000000
8611 -1618.0000000000
8681 -1617.0000000000
8739 -1614.0000000000
8835 -1613.0000000000
8891 -1612.0000000000
8910 -1610.0000000000
8943 -1609.0000000000
8995 -1608.0000000000
9018 -1607.0000000000
9054 -1605.0000000000
9098 -1603.0000000000
9135 -1602.0000000000
9167 -1601.0000000000
9185 -1600.0000000000
9196 -1599.0000000000
9218 -1598.0000000000
9226 -1597.0000000000
9257 -1596.0000000000
9369 -1595.0000000000
9383 -1594.0000000000
9419 -1593.0000000000
9434 -1592.0000000000
9492 -1591.0000000000
9510 -1590.0000000000
9536 -1589.0000000000
9582 -1588.0000000000
9639 -1587.0000000000
9679 -1586.0000000000
9686 -1585.0000000000
9688 -1584.0000000000
9740 -1583.0000000000
9756 -1582.0000000000
9763 -1581.0000000000
9789 -1580.0000000000
9819 -1579.0000000000
9873 -1578.0000000000
9902 -1576.0000000000
9919 -1575.0000000000
9957 -1574.0000000000
9983 -1573.0000000000
10033 -1572.0000000000
10050 -1573.0000000000
evaluations raw_y
1 -1953.0000000000
5 -1943.0000000000
36 -1936.0000000000
77 -1935.0000000000
130 -1933.0000000000
168 -1932.0000000000
184 -1931.0000000000
222 -1930.0000000000
276 -1929.0000000000
295 -1928.0000000000
313 -1926.0000000000
381 -1925.0000000000
460 -1924.0000000000
472 -1923.0000000000
499 -1922.0000000000
534 -1921.0000000000
572 -1920.0000000000
597 -1919.0000000000
654 -1918.0000000000
666 -1917.0000000000
720 -1916.0000000000
765 -1915.0000000000
792 -1913.0000000000
811 -1912.0000000000
841 -1911.0000000000
855 -1910.0000000000
866 -1909.0000000000
961 -1908.0000000000
970 -1905.0000000000
1002 -1903.0000000000
1006 -1902.0000000000
1073 -1900.0000000000
1109 -1897.0000000000
1129 -1896.0000000000
1176 -1895.0000000000
1197 -1893.0000000000
1202 -1892.0000000000
1275 -1891.0000000000
1292 -1890.0000000000
1340 -1889.0000000000
1362 -1888.0000000000
1404 -1887.0000000000
1418 -1886.0000000000
1442 -1885.0000000000
1469 -1884.0000000000
1477 -1883.0000000000
1527 -1882.0000000000
1552 -1881.0000000000
1557 -1880.0000000000
1561 -1879.0000000000
1587 -1878.0000000000
1622 -1876.0000000000
1627 -1875.0000000000
1649 -1874.0000000000
1669 -1872.0000000000
1719 -1871.0000000000
1727 -1870.0000000000
1771 -1869.0000000000
1782 -1868.0000000000
1796 -1867.0000000000
1863 -1865.0000000000
1886 -1864.0000000000
1913 -1863.0000000000
1952 -1862.0000000000
1972 -1860.0000000000
1995 -1859.0000000000
2009 -1858.0000000000
2066 -1857.0000000000
2072 -1856.0000000000
2101 -1855.0000000000
2128 -1854.0000000000
2130 -1853.0000000000
2138 -1852.0000000000
2202 -1851.0000000000
2261 -1850.0000000000
2279 -1849.0000000000
2319 -1848.0000000000
2347 -1845.0000000000
2399 -1844.0000000000
2408 -1843.0000000000
2415 -1842.0000000000
2432 -1841.0000000000
2470 -1840.0000000000
2503 -1839.0000000000
2567 -1838.0000000000
2620 -1837.0000000000
2623 -1836.0000000000
2680 -1834.0000000000
2720 -1833.0000000000
2739 -1832.0000000000
2768 -1830.0000000000
2806 -1828.0000000000
2855 -1827.0000000000
2923 -1826.0000000000
2945 -1825.0000000000
2950 -1824.0000000000
2959 -1821.0000000000
2980 -1820.0000000000
3001 -1819.0000000000
3006 -1818.0000000000
3008 -1817.0000000000
3045 -1815.0000000000
3097 -1814.0000000000
3136 -1813.0000000000
3147 -1812.0000000000
3181 -1811.0000000000
3229 -1810.0000000000
3271 -1809.0000000000
3340 -1808.0000000000
3344 -1807.0000000000
3379 -1806.0000000000
3434 -1805.0000000000
3455 -1804.0000000000
3460 -1803.0000000000
3482 -1802.0000000000
3495 -1801.0000000000
3550 -1800.0000000000
3588 -1798.0000000000
3606 -1797.0000000000
3640 -1795.0000000000
3650 -1793.0000000000
3759 -1791.0000000000
3786 -1790.0000000000
3793 -1789.0000000000
3817 -1788.0000000000
3854 -1787.0000000000
3858 -1785.0000000000
3871 -1784.0000000000
3923 -1783.0000000000
3942 -1782.0000000000
3973 -1781.0000000000
3989 -1779.0000000000
4015 -1778.0000000000
4054 -1776.0000000000
4065 -1775.0000000000
4125 -1774.0000000000
4150 -1773.0000000000
4208 -1772.0000000000
4211 -1771.0000000000
4228 -1770.0000000000
4254 -1769.0000000000
4279 -1768.0000000000
4343 -1767.0000000000
4373 -1765.0000000000
4412 -1764.0000000000
4453 -1763.0000000000
4458 -1762.0000000000
4474 -1761.0000000000
4536 -1760.0000000000
4627 -1759.0000000000
4633 -1758.0000000000
4665 -1757.0000000000
4707 -1756.0000000000
4714 -1755.0000000000
4717 -1754.0000000000
4774 -1753.0000000000
4812 -1752.0000000000
4841 -1751.0000000000
4856 -1750.0000000000
4894 -1749.0000000000
4919 -1748.0000000000
4989 -1747.0000000000
5037 -1746.0000000000
5043 -1745.0000000000
5044 -1744.0000000000
5051 -1742.0000000000
5131 -1741.0000000000
5149 -1740.0000000000
5196 -1739.0000000000
5230 -1738.0000000000
5246 -1737.0000000000
5308 -1735.0000000000
5317 -1734.0000000000
5442 -1733.0000000000
5473 -1732.0000000000
5498 -1731.0000000000
5529 -1730.0000000000
5562 -1729.0000000000
5606 -1728.0000000000
5640 -1727.0000000000
5678 -1726.0000000000
5722 -1725.0000000000
5789 -1724.0000000000
5790 -1723.0000000000
5807 -1722.0000000000
5867 -1721.0000000000
5869 -1720.0000000000
5907 -1719.0000000000
5952 -1718.0000000000
5994 -1717.0000000000
6007 -1715.0000000000
6023 -1713.0000000000
6030 -1711.0000000000
6060 -1710.0000000000
6091 -1709.0000000000
6126 -1708.0000000000
6180 -1706.0000000000
6236 -1705.0000000000
6262 -1704.0000000000
6304 -1702.0000000000
6328 -1701.0000000000
6353 -1700.0000000000
6392 -1697.0000000000
6432 -1695.0000000000
6541 -1694.0000000000
6549 -1693.0000000000
6570 -1692.0000000000
6596 -1690.0000000000
6628 -1689.0000000000
6656 -1688.0000000000
6675 -1687.0000000000
6682 -1686.0000000000
6725 -1685.0000000000
6768 -1684.0000000000
6819 -1683.0000000000
6858 -1682.0000000000
6874 -1681.0000000000
6892 -1680.0000000000
6965 -1679.0000000000
6983 -1676.0000000000
6991 -1674.0000000000
7005 -1673.0000000000
7015 -1671.0000000000
7087 -1670.0000000000
7126 -1669.0000000000
7148 -1668.0000000000
7158 -1667.0000000000
7195 -1666.0000000000
7213 -1665.0000000000
7247 -1664.0000000000
7311 -1663.0000000000
7343 -1662.0000000000
7393 -1661.0000000000
7404 -1660.0000000000
7421 -1659.0000000000
7449 -1658.0000000000
7527 -1657.0000000000
7550 -1656.0000000000
7589 -1655.0000000000
7613 -1654.0000000000
7618 -1653.0000000000
7663 -1652.0000000000
7710 -1651.0000000000
7722 -1650.0000000000
7748 -1649.0000000000
7783 -1647.0000000000
7832 -1646.0000000000
7856 -1645.0000000000
7923 -1644.0000000000
7954 -1643.0000000000
7993 -1642.0000000000
8019 -1641.0000000000
8082 -1640.0000000000
8104 -1639.0000000000
8153 -1638.0000000000
8183 -1637.0000000000
8191 -1636.0000000000
8247 -1634.0000000000
8299 -1633.0000000000
8363 -1632.0000000000
8380 -1631.0000000000
8388 -1630.0000000000
8404 -1629.0000000000
8451 -1628.0000000000
8480 -1626.0000000000
8518 -1625.0000000000
8527 -1624.0000000000
8555 -1622.0000000000
8616 -1621.0000000000
8619 -1620.0000000000
8672 -1618.0000000000
8734 -1617.0000000000
8762 -1616.0000000000
8775 -1615.0000000000
8781 -1614.0000000000
8872 -1612.0000000000
8925 -1611.0000000000
8930 -1610.0000000000
8952 -1609.0000000000
8976 -1608.0000000000
9033 -1606.0000000000
9062 -1604.0000000000
9096 -1602.0000000000
9119 -1601.0000000000
9182 -1599.0000000000
9209 -1597.0000000000
9251 -1596.0000000000
9280 -1595.0000000000
9301 -1594.0000000000
9314 -1593.0000000000
9341 -1592.0000000000
9352 -1591.0000000000
9400 -1590.0000000000
9427 -1589.0000000000
9472 -1588.0000000000
9491 -1587.0000000000
9542 -1586.0000000000
9547 -1585.0000000000
9575 -1583.0000000000
9641 -1582.0000000000
9674 -1581.0000000000
9688 -1580.0000000000
9738 -1578.0000000000
9793 -1577.0000000000
9807 -1576.0000000000
9851 -1575.0000000000
9855 -1573.0000000000
9869 -1572.0000000000
9961 -1571.0000000000
9972 -1570.0000000000
10038 -1569.0000000000
10050 -1570.0000000000
evaluations raw_y
1 -2046.0000000000
2 -2032.0000000000
3 -2020.0000000000
10 -1976.0000000000
12 -1902.0000000000
103 -1901.0000000000
124 -1900.0000000000
149 -1899.0000000000
197 -1898.0000000000
204 -1897.0000000000
215 -1896.0000000000
259 -1895.0000000000
304 -1894.0000000000
313 -1893.0000000000
338 -1892.0000000000
375 -1891.0000000000
410 -1889.0000000000
480 -1888.0000000000
492 -1887.0000000000
513 -1886.0000000000
570 -1885.0000000000
583 -1883.0000000000
658 -1882.0000000000
675 -1881.0000000000
718 -1880.0000000000
733 -1878.0000000000
835 -1877.0000000000
845 -1876.0000000000
883 -1874.0000000000
899 -1873.0000000000
913 -1872.0000000000
932 -1870.0000000000
992 -1869.0000000000
1061 -1868.0000000000
1065 -1867.0000000000
1116 -1866.0000000000
1154 -1865.0000000000
1165 -1864.0000000000
1213 -1863.0000000000
1244 -1862.0000000000
1262 -1861.0000000000
1281 -1860.0000000000
1325 -1859.0000000000
1357 -1858.0000000000
1391 -1857.0000000000
1443 -1856.0000000000
1463 -1855.0000000000
1484 -1854.0000000000
1520 -1853.0000000000
1542 -1852.0000000000
1591 -1851.0000000000
1602 -1850.0000000000
1639 -1849.0000000000
1668 -1848.0000000000
1709 -1847.0000000000
1719 -1846.0000000000
1772 -1845.0000000000
1807 -1844.0000000000
1813 -1843.0000000000
1844 -1842.0000000000
1941 -1841.0000000000
1979 -1840.0000000000
2005 -1839.0000000000
2020 -1838.0000000000
2029 -1837.0000000000
2040 -1835.0000000000
2121 -1832.0000000000
2184 -1831.0000000000
2205 -1830.0000000000
2246 -1829.0000000000
2260 -1828.0000000000
2264 -1827.0000000000
2312 -1825.0000000000
2361 -1824.0000000000
2369 -1823.0000000000
2403 -1822.0000000000
2417 -1821.0000000000
2481 -1820.0000000000
2525 -1819.0000000000
2541 -1818.0000000000
2583 -1817.0000000000
2603 -1816.0000000000
2623 -1815.0000000000
2629 -1814.0000000000
2638 -1812.0000000000
2648 -1811.0000000000
2662 -1810.0000000000
2700 -1809.0000000000
2730 -1808.0000000000
2738 -1807.0000000000
2802 -1806.0000000000
2808 -1805.0000000000
2816 -1804.0000000000
2871 -1800.0000000000
2977 -1799.0000000000
3026 -1797.0000000000
3065 -1796.0000000000
3078 -1795.0000000000
3132 -1794.0000000000
3168 -1793.0000000000
3186 -1792.0000000000
3188 -1791.0000000000
3227 -1790.0000000000
3242 -1788.0000000000
3289 -1787.0000000000
3301 -1786.0000000000
3320 -1785.0000000000
3356 -1784.0000000000
3376 -1782.0000000000
3449 -1780.0000000000
3478 -1779.0000000000
3550 -1778.0000000000
3563 -1777.0000000000
3617 -1775.0000000000
3621 -1774.0000000000
3650 -1773.0000000000
3661 -1772.0000000000
3702 -1771.0000000000
3720 -1770.0000000000
3748 -1769.0000000000
3760 -1768.0000000000
3776 -1766.0000000000
3814 -1765.0000000000
3866 -1764.0000000000
3897 -1763.0000000000
3902 -1762.0000000000
3906 -1761.0000000000
3926 -1760.0000000000
3986 -1759.0000000000
4017 -1758.0000000000
4051 -1757.0000000000
4053 -1756.0000000000
4078 -1755.0000000000
4138 -1754.0000000000
4158 -1753.0000000000
4204 -1752.0000000000
4247 -1751.0000000000
4284 -1750.0000000000
4323 -1749.0000000000
4368 -1748.0000000000
4394 -1747.0000000000
4434 -1745.0000000000
4440 -1744.0000000000
4487 -1743.0000000000
4509 -1742.0000000000
4539 -1741.0000000000
4571 -1740.0000000000
4604 -1738.0000000000
4618 -1737.0000000000
4632 -1736.0000000000
4665 -1735.0000000000
4701 -1734.0000000000
4739 -1733.0000000000
4750 -1732.0000000000
4757 -1731.0000000000
4806 -1729.0000000000
4836 -1728.0000000000
4941 -1727.0000000000
4953 -1726.0000000000
4996 -1725.0000000000
5032 -1724.0000000000
5040 -1723.0000000000
5079 -1722.0000000000
5127 -1721.0000000000
5151 -1720.0000000000
5158 -1719.0000000000
5182 -1717.0000000000
5203 -1716.0000000000
5233 -1714.0000000000
5299 -1712.0000000000
5304 -1711.0000000000
5404 -1710.0000000000
5411 -1707.0000000000
5450 -1706.0000000000
5548 -1705.0000000000
5573 -1704.0000000000
5590 -1703.0000000000
5625 -1702.0000000000
5675 -1700.0000000000
5743 -1698.0000000000
5828 -1697.0000000000
5854 -1696.0000000000
5859 -1695.0000000000
5886 -1694.0000000000
5907 -1693.0000000000
5939 -1692.0000000000
5953 -1691.0000000000
6023 -1690.0000000000
6042 -1689.0000000000
6061 -1687.0000000000
6085 -1686.0000000000
6132 -1684.0000000000
6170 -1683.0000000000
6185 -1682.0000000000
6234 -1681.0000000000
6235 -1680.0000000000
6302 -1679.0000000000
6320 -1677.0000000000
6351 -1674.0000000000
6472 -1673.0000000000
6521 -1672.0000000000
6571 -1671.0000000000
6623 -1670.0000000000
6644 -1668.0000000000
6704 -1666.0000000000
6709 -1665.0000000000
6775 -1663.0000000000
6782 -1662.0000000000
6846 -1661.0000000000
6893 -1660.0000000000
6918 -1659.0000000000
6930 -1658.0000000000
6973 -1657.0000000000
7021 -1656.0000000000
7064 -1655.0000000000
7095 -1654.0000000000
7154 -1653.0000000000
7214 -1652.0000000000
7243 -1651.0000000000
7286 -1650.0000000000
7299 -1649.0000000000
7368 -1647.0000000000
7398 -1646.0000000000
7427 -1645.0000000000
7455 -1644.0000000000
7501 -1643.0000000000
7548 -1642.0000000000
7570 -1641.0000000000
7644 -1638.0000000000
7679 -1637.0000000000
7725 -1635.0000000000
7747 -1634.0000000000
7784 -1633.0000000000
7825 -1632.0000000000
7830 -1631.0000000000
7885 -1630.0000000000
7923 -1629.0000000000
7936 -1628.0000000000
7964 -1627.0000000000
7977 -1625.0000000000
8078 -1623.0000000000
8146 -1622.0000000000
8205 -1621.0000000000
8231 -1620.0000000000
8247 -1619.0000000000
8267 -1616.0000000000
8399 -1615.0000000000
8424 -1614.0000000000
8465 -1613.0000000000
8488 -1612.0000000000
8528 -1611.0000000000
8551 -1610.0000000000
8589 -1609.0000000000
8645 -1608.0000000000
8660 -1607.0000000000
8663 -1606.0000000000
8713 -1605.0000000000
8743 -1604.0000000000
8762 -1603.0000000000
8836 -1602.0000000000
8868 -1601.0000000000
8887 -1600.0000000000
8918 -1599.0000000000
8970 -1598.0000000000
9028 -1597.0000000000
9066 -1596.0000000000
9084 -1595.0000000000
9138 -1594.0000000000
9162 -1593.0000000000
9175 -1592.0000000000
9209 -1591.0000000000
9239 -1590.0000000000
9263 -1589.0000000000
9286 -1587.0000000000
9343 -1586.0000000000
9398 -1584.0000000000
9417 -1582.0000000000
9451 -1581.0000000000
9534 -1580.0000000000
9549 -1579.0000000000
9566 -1578.0000000000
9600 -1577.0000000000
9610 -1576.0000000000
9658 -1575.0000000000
9717 -1574.0000000000
9733 -1573.0000000000
9819 -1572.0000000000
9860 -1571.0000000000
9865 -1570.0000000000
9873 -1569.0000000000
9894 -1568.0000000000
9936 -1567.0000000000
9970 -1566.0000000000
9994 -1565.0000000000
10050 -1567.0000000000
evaluations raw_y
1 -2043.0000000000
2 -1949.0000000000
131 -1948.0000000000
181 -1947.0000000000
206 -1946.0000000000
259 -1945.0000000000
277 -1944.0000000000
289 -1943.0000000000
298 -1942.0000000000
354 -1941.0000000000
370 -1940.0000000000
380 -1939.0000000000
388 -1938.0000000000
404 -1937.0000000000
456 -1936.0000000000
475 -1935.0000000000
493 -1934.0000000000
567 -1933.0000000000
597 -1932.0000000000
617 -1931.0000000000
683 -1930.0000000000
696 -1929.0000000000
705 -1926.0000000000
742 -1924.0000000000
826 -1923.0000000000
828 -1922.0000000000
868 -1921.0000000000
879 -1919.0000000000
881 -1918.0000000000
937 -1917.0000000000
950 -1916.0000000000
971 -1914.0000000000
1027 -1913.0000000000
1052 -1912.0000000000
1068 -1910.0000000000
1136 -1908.0000000000
1196 -1906.0000000000
1207 -1905.0000000000
1280 -1904.0000000000
1309 -1903.0000000000
1332 -1902.0000000000
1371 -1901.0000000000
1380 -1900.0000000000
1399 -1899.0000000000
1412 -1898.0000000000
1455 -1897.0000000000
1462 -1895.0000000000
1518 -1894.0000000000
1544 -1893.0000000000
1553 -1892.0000000000
1572 -1891.0000000000
1594 -1888.0000000000
1610 -1887.0000000000
1655 -1886.0000000000
1696 -1885.0000000000
1729 -1884.0000000000
1739 -1883.0000000000
1761 -1881.0000000000
1805 -1880.0000000000
1847 -1879.0000000000
1877 -1878.0000000000
1892 -1877.0000000000
1907 -1876.0000000000
1934 -1874.0000000000
1964 -1873.0000000000
2005 -1872.0000000000
2013 -1871.0000000000
2060 -1870.0000000000
2061 -1868.0000000000
2077 -1867.0000000000
2190 -1866.0000000000
2212 -1864.0000000000
2229 -1863.0000000000
2241 -1862.0000000000
2268 -1861.0000000000
2303 -1860.0000000000
2312 -1859.0000000000
2362 -1858.0000000000
2389 -1857.0000000000
2400 -1856.0000000000
2427 -1855.0000000000
2449 -1854.0000000000
2485 -1853.0000000000
2489 -1851.0000000000
2498 -1850.0000000000
2524 -1849.0000000000
2540 -1848.0000000000
2562 -1847.0000000000
2653 -1846.0000000000
2674 -1845.0000000000
2690 -1844.0000000000
2702 -1842.0000000000
2750 -1841.0000000000
2782 -1840.0000000000
2806 -1839.0000000000
2863 -1838.0000000000
2883 -1837.0000000000
2938 -1835.0000000000
2963 -1834.0000000000
2966 -1832.0000000000
3011 -1831.0000000000
3061 -1830.0000000000
3068 -1829.0000000000
3071 -1828.0000000000
3126 -1827.0000000000
3164 -1826.0000000000
3196 -1822.0000000000
3230 -1821.0000000000
3284 -1820.0000000000
3366 -1819.0000000000
3382 -1818.0000000000
3409 -1817.0000000000
3414 -1816.0000000000
3429 -1815.0000000000
3489 -1814.0000000000
3503 -1813.0000000000
3570 -1812.0000000000
3615 -1809.0000000000
3658 -1806.0000000000
3663 -1805.0000000000
3669 -1804.0000000000
3712 -1802.0000000000
3777 -1801.0000000000
3798 -1800.0000000000
3849 -1799.0000000000
3872 -1798.0000000000
3901 -1797.0000000000
3957 -1795.0000000000
3982 -1793.0000000000
4058 -1792.0000000000
4084 -1791.0000000000
4122 -1789.0000000000
4148 -1786.0000000000
4208 -1785.0000000000
4247 -1783.0000000000
4268 -1781.0000000000
4308 -1780.0000000000
4334 -1779.0000000000
4362 -1778.0000000000
4396 -1777.0000000000
4463 -1776.0000000000
4464 -1775.0000000000
4487 -1773.0000000000
4543 -1771.0000000000
4581 -1770.0000000000
4601 -1769.0000000000
4660 -1768.0000000000
4729 -1767.0000000000
4748 -1766.0000000000
4790 -1765.0000000000
4817 -1763.0000000000
4835 -1762.0000000000
4875 -1761.0000000000
4887 -1759.0000000000
4942 -1758.0000000000
4958 -1757.0000000000
4997 -1755.0000000000
5067 -1753.0000000000
5102 -1752.0000000000
5150 -1750.0000000000
5185 -1749.0000000000
5193 -1748.0000000000
5226 -1747.0000000000
5257 -1746.0000000000
5291 -1745.0000000000
5295 -1744.0000000000
5311 -1742.0000000000
5376 -1740.0000000000
5415 -1739.0000000000
5444 -1737.0000000000
5502 -1736.0000000000
5537 -1735.0000000000
5556 -1734.0000000000
5610 -1733.0000000000
5660 -1732.0000000000
5692 -1731.0000000000
5703 -1730.0000000000
5714 -1729.0000000000
5774 -1728.0000000000
5807 -1727.0000000000
5843 -1726.0000000000
5869 -1725.0000000000
5907 -1724.0000000000
5943 -1723.0000000000
5972 -1721.0000000000
5994 -1720.0000000000
6026 -1719.0000000000
6064 -1718.0000000000
6081 -1717.0000000000
6176 -1715.0000000000
6278 -1714.0000000000
6323 -1713.0000000000
6325 -1711.0000000000
6340 -1710.0000000000
6395 -1708.0000000000
6464 -1707.0000000000
6489 -1706.0000000000
6525 -1705.0000000000
6577 -1704.0000000000
6625 -1703.0000000000
6652 -1701.0000000000
6666 -1700.0000000000
6671 -1699.0000000000
6712 -1698.0000000000
6716 -1697.0000000000
6731 -1696.0000000000
6733 -1695.0000000000
6782 -1694.0000000000
6804 -1693.0000000000
6850 -1692.0000000000
6925 -1691.0000000000
6939 -1690.0000000000
7013 -1689.0000000000
7032 -1688.0000000000
7052 -1686.0000000000
7078 -1685.0000000000
7147 -1684.0000000000
7148 -1683.0000000000
7153 -1681.0000000000
7200 -1680.0000000000
7216 -1678.0000000000
7237 -1677.0000000000
7259 -1676.0000000000
7327 -1674.0000000000
7332 -1673.0000000000
7383 -1672.0000000000
7396 -1671.0000000000
7419 -1670.0000000000
7475 -1669.0000000000
7483 -1668.0000000000
7486 -1667.0000000000
7550 -1666.0000000000
7582 -1665.0000000000
7630 -1664.0000000000
7661 -1662.0000000000
7674 -1661.0000000000
7722 -1660.0000000000
7766 -1658.0000000000
7780 -1657.0000000000
7863 -1656.0000000000
7889 -1655.0000000000
7925 -1654.0000000000
7970 -1653.0000000000
7984 -1652.0000000000
8051 -1651.0000000000
8091 -1650.0000000000
8152 -1649.0000000000
8156 -1648.0000000000
8198 -1647.0000000000
8259 -1646.0000000000
8269 -1645.0000000000
8301 -1644.0000000000
8346 -1642.0000000000
8403 -1641.0000000000
8406 -1640.0000000000
8413 -1639.0000000000
8457 -1638.0000000000
8483 -1637.0000000000
8535 -1636.0000000000
8577 -1635.0000000000
8588 -1634.0000000000
8609 -1633.0000000000
8634 -1632.0000000000
8666 -1631.0000000000
8674 -1630.0000000000
8709 -1629.0000000000
8714 -1628.0000000000
8741 -1627.0000000000
8764 -1626.0000000000
8810 -1625.0000000000
8829 -1624.0000000000
8835 -1623.0000000000
8884 -1622.0000000000
8909 -1621.0000000000
8956 -1620.0000000000
8957 -1619.0000000000
9021 -1618.0000000000
9025 -1617.0000000000
9028 -1616.0000000000
9055 -1615.0000000000
9077 -1614.0000000000
9120 -1613.0000000000
9142 -1612.0000000000
9237 -1611.0000000000
9280 -1610.0000000000
9283 -1609.0000000000
9288 -1608.0000000000
9373 -1607.0000000000
9408 -1606.0000000000
9427 -1604.0000000000
9446 -1603.0000000000
9497 -1602.0000000000
9518 -1600.0000000000
9522 -1599.0000000000
9580 -1597.0000000000
9594 -1596.0000000000
9611 -1595.0000000000
9667 -1594.0000000000
9713 -1593.0000000000
9741 -1592.0000000000
9774 -1591.0000000000
9797 -1590.0000000000
9836 -1589.0000000000
9879 -1588.0000000000
9883 -1587.0000000000
9920 -1586.0000000000
9956 -1585.0000000000
9958 -1584.0000000000
10020 -1583.0000000000
10050 -1584.0000000000
evaluations raw_y
1 -2027.0000000000
2 -1998.0000000000
3 -1997.0000000000
4 -1962.0000000000
34 -1961.0000000000
56 -1960.0000000000
83 -1959.0000000000
103 -1958.0000000000
134 -1957.0000000000
182 -1955.0000000000
187 -1954.0000000000
224 -1953.0000000000
254 -1950.0000000000
297 -1949.0000000000
344 -1947.0000000000
417 -1946.0000000000
422 -1945.0000000000
460 -1944.0000000000
489 -1943.0000000000
518 -1941.0000000000
569 -1938.0000000000
612 -1937.0000000000
636 -1936.0000000000
667 -1935.0000000000
723 -1934.0000000000
731 -1933.0000000000
744 -1932.0000000000
785 -1930.0000000000
795 -1929.0000000000
810 -1928.0000000000
831 -1927.0000000000
868 -1926.0000000000
869 -1925.0000000000
871 -1923.0000000000
908 -1922.0000000000
912 -1921.0000000000
988 -1920.0000000000
992 -1919.0000000000
1028 -1918.0000000000
1054 -1917.0000000000
1073 -1916.0000000000
1096 -1914.0000000000
1143 -1912.0000000000
1174 -1911.0000000000
1210 -1910.0000000000
1230 -1909.0000000000
1266 -1908.0000000000
1298 -1907.0000000000
1303 -1906.0000000000
1345 -1905.0000000000
1348 -1904.0000000000
1390 -1902.0000000000
1465 -1901.0000000000
1505 -1900.0000000000
1534 -1899.0000000000
1541 -1898.0000000000
1589 -1896.0000000000
1639 -1895.0000000000
1646 -1894.0000000000
1711 -1893.0000000000
1729 -1892.0000000000
1760 -1891.0000000000
1803 -1890.0000000000
1836 -1889.0000000000
1851 -1888.0000000000
1875 -1887.0000000000
1884 -1886.0000000000
1922 -1883.0000000000
1980 -1882.0000000000
1982 -1881.0000000000
2025 -1880.0000000000
2030 -1879.0000000000
2079 -1877.0000000000
2099 -1876.0000000000
2133 -1875.0000000000
2180 -1874.0000000000
2209 -1873.0000000000
2218 -1872.0000000000
2251 -1871.0000000000
2265 -1870.0000000000
2297 -1869.0000000000
2338 -1867.0000000000
2378 -1865.0000000000
2481 -1864.0000000000
2489 -1863.0000000000
2498 -1862.0000000000
2555 -1860.0000000000
2596 -1859.0000000000
2604 -1858.0000000000
2624 -1857.0000000000
2642 -1856.0000000000
2666 -1855.0000000000
2700 -1854.0000000000
2726 -1853.0000000000
2739 -1852.0000000000
2786 -1850.0000000000
2830 -1848.0000000000
2916 -1847.0000000000
2937 -1846.0000000000
2975 -1845.0000000000
2992 -1844.0000000000
3003 -1843.0000000000
3031 -1841.0000000000
3041 -1840.0000000000
3070 -1839.0000000000
3120 -1838.0000000000
3157 -1836.0000000000
3205 -1835.0000000000
3232 -1833.0000000000
3234 -1831.0000000000
3280 -1830.0000000000
3330 -1827.0000000000
3338 -1826.0000000000
3410 -1825.0000000000
3440 -1823.0000000000
3498 -1821.0000000000
3535 -1820.0000000000
3553 -1819.0000000000
3579 -1818.0000000000
3614 -1817.0000000000
3617 -1816.0000000000
3651 -1815.0000000000
3654 -1813.0000000000
3661 -1811.0000000000
3749 -1810.0000000000
3779 -1809.0000000000
3790 -1808.0000000000
3828 -1806.0000000000
3894 -1804.0000000000
3913 -1803.0000000000
3926 -1802.0000000000
3937 -1801.0000000000
3985 -1800.0000000000
4028 -1799.0000000000
4029 -1798.0000000000
4093 -1797.0000000000
4097 -1796.0000000000
4152 -1795.0000000000
4163 -1794.0000000000
4196 -1793.0000000000
4202 -1792.0000000000
4223 -1791.0000000000
4255 -1790.0000000000
4296 -1788.0000000000
4320 -1787.0000000000
4321 -1786.0000000000
4327 -1785.0000000000
4373 -1782.0000000000
4408 -1781.0000000000
4431 -1780.0000000000
4472 -1779.0000000000
4481 -1778.0000000000
4498 -1777.0000000000
4596 -1776.0000000000
4632 -1775.0000000000
4689 -1774.0000000000
4711 -1773.0000000000
4753 -1772.0000000000
4783 -1771.0000000000
4816 -1770.0000000000
4825 -1769.0000000000
4835 -1768.0000000000
4872 -1767.0000000000
4929 -1766.0000000000
4945 -1764.0000000000
5003 -1763.0000000000
5044 -1762.0000000000
5054 -1760.0000000000
5117 -1759.0000000000
5147 -1758.0000000000
5184 -1757.0000000000
5191 -1756.0000000000
5195 -1755.0000000000
5243 -1754.0000000000
5262 -1752.0000000000
5334 -1751.0000000000
5357 -1748.0000000000
5390 -1747.0000000000
5415 -1745.0000000000
5420 -1744.0000000000
5428 -1743.0000000000
5513 -1742.0000000000
5542 -1740.0000000000
5595 -1739.0000000000
5603 -1738.0000000000
5650 -1737.0000000000
5661 -1736.0000000000
5670 -1735.0000000000
5697 -1734.0000000000
5728 -1733.0000000000
5755 -1731.0000000000
5853 -1729.0000000000
5929 -1727.0000000000
5955 -1726.0000000000
6040 -1725.0000000000
6059 -1724.0000000000
6109 -1723.0000000000
6137 -1722.0000000000
6150 -1721.0000000000
6170 -1720.0000000000
6213 -1718.0000000000
6237 -1716.0000000000
6269 -1715.0000000000
6290 -1713.0000000000
6333 -1712.0000000000
6383 -1711.0000000000
6435 -1710.0000000000
6449 -1708.0000000000
6529 -1707.0000000000
6557 -1706.0000000000
6573 -1705.0000000000
6590 -1704.0000000000
6630 -1702.0000000000
6652 -1701.0000000000
6676 -1700.0000000000
6688 -1699.0000000000
6718 -1698.0000000000
6742 -1697.0000000000
6768 -1696.0000000000
6785 -1695.0000000000
6825 -1693.0000000000
6921 -1692.0000000000
6963 -1691.0000000000
6974 -1690.0000000000
6980 -1689.0000000000
7002 -1688.0000000000
7009 -1685.0000000000
7081 -1684.0000000000
7085 -1683.0000000000
7126 -1682.0000000000
7164 -1681.0000000000
7178 -1680.0000000000
7257 -1679.0000000000
7280 -1677.0000000000
7383 -1676.0000000000
7402 -1675.0000000000
7405 -1674.0000000000
7449 -1673.0000000000
7478 -1672.0000000000
7514 -1671.0000000000
7568 -1669.0000000000
7650 -1668.0000000000
7661 -1667.0000000000
7669 -1666.0000000000
7717 -1665.0000000000
7724 -1664.0000000000
7747 -1663.0000000000
7783 -1662.0000000000
7798 -1661.0000000000
7826 -1659.0000000000
7923 -1658.0000000000
7941 -1657.0000000000
7943 -1656.0000000000
7987 -1655.0000000000
8013 -1653.0000000000
8056 -1651.0000000000
8058 -1650.0000000000
8085 -1649.0000000000
8103 -1648.0000000000
8158 -1647.0000000000
8203 -1646.0000000000
8221 -1645.0000000000
8246 -1644.0000000000
8282 -1643.0000000000
8296 -1642.0000000000
8321 -1641.0000000000
8361 -1639.0000000000
8416 -1638.0000000000
8417 -1637.0000000000
8463 -1635.0000000000
8489 -1633.0000000000
8553 -1632.0000000000
8602 -1629.0000000000
8650 -1628.0000000000
8658 -1627.0000000000
8676 -1626.0000000000
8743 -1625.0000000000
8767 -1624.0000000000
8783 -1623.0000000000
8816 -1621.0000000000
8873 -1620.0000000000
8889 -1619.0000000000
8909 -1618.0000000000
8967 -1617.0000000000
9021 -1616.0000000000
9079 -1614.0000000000
9106 -1613.0000000000
9128 -1612.0000000000
9145 -1611.0000000000
9164 -1610.0000000000
9201 -1609.0000000000
9223 -1608.0000000000
9283 -1607.0000000000
9298 -1606.0000000000
9351 -1604.0000000000
9387 -1603.0000000000
9404 -1602.0000000000
9420 -1601.0000000000
9453 -1600.0000000000
9480 -1599.0000000000
9506 -1598.0000000000
9544 -1596.0000000000
9615 -1595.0000000000
9628 -1594.0000000000
9636 -1593.0000000000
9669 -1592.0000000000
9711 -1590.0000000000
9761 -1589.0000000000
9840 -1588.0000000000
9883 -1587.0000000000
9885 -1586.0000000000
9918 -1584.0000000000
10013 -1582.0000000000
10019 -1581.0000000000
10050 -1584.0000000000
evaluations raw_y
1 -1978.0000000000
7 -1959.0000000000
15 -1951.0000000000
42 -1948.0000000000
103 -1947.0000000000
112 -1946.0000000000
134 -1944.0000000000
210 -1943.0000000000
220 -1942.0000000000
271 -1941.0000000000
289 -1940.0000000000
302 -1938.0000000000
333 -1937.0000000000
413 -1936.0000000000
455 -1932.0000000000
478 -1931.0000000000
522 -1930.0000000000
562 -1929.0000000000
571 -1928.0000000000
596 -1927.0000000000
630 -1925.0000000000
685 -1924.0000000000
713 -1921.0000000000
782 -1919.0000000000
875 -1918.0000000000
920 -1917.0000000000
921 -1916.0000000000
933 -1915.0000000000
967 -1913.0000000000
988 -1912.0000000000
997 -1911.0000000000
1024 -1910.0000000000
1034 -1909.0000000000
1076 -1908.0000000000
1090 -1907.0000000000
1145 -1906.0000000000
1147 -1905.0000000000
1193 -1904.0000000000
1245 -1903.0000000000
1251 -1902.0000000000
1270 -1900.0000000000
1310 -1898.0000000000
1347 -1897.0000000000
1383 -1896.0000000000
1392 -1894.0000000000
1416 -1893.0000000000
1427 -1892.0000000000
1454 -1891.0000000000
1505 -1890.0000000000
1509 -1889.0000000000
1589 -1888.0000000000
1597 -1887.0000000000
1621 -1886.0000000000
1680 -1885.0000000000
1700 -1884.0000000000
1731 -1883.0000000000
1777 -1880.0000000000
1890 -1879.0000000000
1942 -1878.0000000000
1954 -1877.0000000000
1966 -1876.0000000000
1999 -1875.0000000000
2004 -1874.0000000000
2066 -1873.0000000000
2110 -1872.0000000000
2148 -1871.0000000000
2153 -1870.0000000000
2159 -1868.0000000000
2212 -1867.0000000000
2241 -1866.0000000000
2282 -1865.0000000000
2298 -1864.0000000000
2352 -1863.0000000000
2356 -1862.0000000000
2397 -1861.0000000000
2421 -1860.0000000000
2442 -1859.0000000000
2473 -1858.0000000000
2502 -1857.0000000000
2554 -1856.0000000000
2577 -1855.0000000000
2600 -1854.0000000000
2657 -1853.0000000000
2661 -1852.0000000000
2701 -1851.0000000000
2737 -1850.0000000000
2754 -1849.0000000000
2774 -1848.0000000000
2841 -1847.0000000000
2855 -1845.0000000000
2857 -1844.0000000000
2898 -1843.0000000000
2911 -1842.0000000000
2972 -1841.0000000000
3002 -1840.0000000000
3060 -1839.0000000000
3063 -1838.0000000000
3094 -1837.0000000000
3125 -1836.0000000000
3150 -1834.0000000000
3191 -1833.0000000000
3207 -1832.0000000000
3273 -1831.0000000000
3282 -1830.0000000000
3306 -1828.0000000000
3336 -1827.0000000000
3341 -1826.0000000000
3355 -1824.0000000000
3423 -1822.0000000000
3506 -1820.0000000000
3528 -1818.0000000000
3587 -1817.0000000000
3597 -1816.0000000000
3658 -1815.0000000000
3698 -1814.0000000000
3738 -1812.0000000000
3763 -1810.0000000000
3802 -1809.0000000000
3825 -1808.0000000000
3872 -1806.0000000000
3912 -1805.0000000000
3963 -1803.0000000000
3980 -1802.0000000000
4054 -1801.0000000000
4058 -1800.0000000000
4079 -1799.0000000000
4112 -1798.0000000000
4113 -1796.0000000000
4184 -1795.0000000000
4200 -1794.0000000000
4205 -1792.0000000000
4282 -1791.0000000000
4290 -1790.0000000000
4307 -1789.0000000000
4330 -1788.0000000000
4341 -1787.0000000000
4402 -1786.0000000000
4426 -1785.0000000000
4471 -1784.0000000000
4493 -1783.0000000000
4525 -1782.0000000000
4532 -1780.0000000000
4584 -1779.0000000000
4638 -1778.0000000000
4640 -1776.0000000000
4687 -1775.0000000000
4706 -1774.0000000000
4714 -1773.0000000000
4756 -1772.0000000000
4772 -1769.0000000000
4857 -1768.0000000000
4863 -1767.0000000000
4916 -1766.0000000000
4930 -1765.0000000000
4970 -1764.0000000000
4992 -1762.0000000000
5005 -1760.0000000000
5033 -1759.0000000000
5057 -1757.0000000000
5104 -1756.0000000000
5135 -1755.0000000000
5168 -1754.0000000000
5230 -1753.0000000000
5274 -1751.0000000000
5340 -1750.0000000000
5401 -1749.0000000000
5414 -1748.0000000000
5424 -1747.0000000000
5456 -1746.0000000000
5510 -1745.0000000000
5533 -1744.0000000000
5583 -1743.0000000000
5603 -1742.0000000000
5623 -1741.0000000000
5643 -1740.0000000000
5682 -1738.0000000000
5685 -1737.0000000000
5689 -1736.0000000000
5772 -1735.0000000000
5783 -1734.0000000000
5812 -1733.0000000000
5892 -1732.0000000000
5894 -1731.0000000000
5933 -1729.0000000000
6005 -1728.0000000000
6009 -1726.0000000000
6064 -1725.0000000000
6096 -1724.0000000000
6100 -1722.0000000000
6149 -1721.0000000000
6178 -1720.0000000000
6208 -1719.0000000000
6242 -1718.0000000000
6255 -1717.0000000000
6276 -1715.0000000000
6324 -1714.0000000000
6329 -1713.0000000000
6343 -1712.0000000000
6357 -1711.0000000000
6373 -1710.0000000000
6427 -1709.0000000000
6464 -1708.0000000000
6511 -1707.0000000000
6517 -1706.0000000000
6534 -1705.0000000000
6535 -1704.0000000000
6595 -1702.0000000000
6599 -1700.0000000000
6624 -1699.0000000000
6648 -1698.0000000000
6654 -1696.0000000000
6726 -1695.0000000000
6745 -1694.0000000000
6778 -1693.0000000000
6813 -1691.0000000000
6855 -1690.0000000000
6871 -1688.0000000000
6954 -1687.0000000000
6980 -1686.0000000000
6987 -1685.0000000000
7031 -1684.0000000000
7032 -1683.0000000000
7100 -1682.0000000000
7126 -1681.0000000000
7132 -1678.0000000000
7173 -1675.0000000000
7195 -1674.0000000000
7253 -1673.0000000000
7266 -1672.0000000000
7318 -1671.0000000000
7371 -1669.0000000000
7467 -1667.0000000000
7486 -1666.0000000000
7592 -1665.0000000000
7625 -1664.0000000000
7636 -1663.0000000000
7702 -1662.0000000000
7711 -1661.0000000000
7785 -1659.0000000000
7789 -1658.0000000000
7814 -1657.0000000000
7825 -1656.0000000000
7856 -1655.0000000000
7896 -1653.0000000000
7947 -1652.0000000000
7965 -1651.0000000000
8025 -1650.0000000000
8058 -1649.0000000000
8065 -1648.0000000000
8122 -1647.0000000000
8171 -1646.0000000000
8185 -1644.0000000000
8193 -1643.0000000000
8241 -1641.0000000000
8279 -1640.0000000000
8292 -1638.0000000000
8361 -1637.0000000000
8371 -1636.0000000000
8414 -1635.0000000000
8459 -1634.0000000000
8497 -1633.0000000000
8533 -1632.0000000000
8545 -1630.0000000000
8610 -1629.0000000000
8612 -1628.0000000000
8627 -1627.0000000000
8653 -1626.0000000000
8659 -1625.0000000000
8702 -1624.0000000000
8769 -1623.0000000000
8850 -1621.0000000000
8859 -1618.0000000000
8873 -1617.0000000000
8880 -1616.0000000000
8881 -1615.0000000000
8981 -1614.0000000000
8993 -1613.0000000000
9014 -1612.0000000000
9016 -1611.0000000000
9101 -1610.0000000000
9122 -1608.0000000000
9179 -1606.0000000000
9187 -1605.0000000000
9265 -1604.0000000000
9321 -1603.0000000000
9329 -1602.0000000000
9384 -1601.0000000000
9412 -1600.0000000000
9436 -1599.0000000000
9495 -1597.0000000000
9583 -1595.0000000000
9595 -1594.0000000000
9638 -1593.0000000000
9676 -1592.0000000000
9690 -1590.0000000000
9732 -1589.0000000000
9765 -1588.0000000000
9787 -1586.0000000000
9824 -1585.0000000000
9871 -1584.0000000000
9906 -1583.0000000000
9938 -1582.0000000000
9974 -1581.0000000000
10001 -1580.0000000000
10044 -1578.0000000000
10050 -1581.0000000000
evaluations raw_y
1 -2006.0000000000
2 -1993.0000000000
7 -1979.0000000000
11 -1959.0000000000
26 -1927.0000000000
121 -1926.0000000000
155 -1925.0000000000
176 -1924.0000000000
217 -1923.0000000000
231 -1922.0000000000
257 -1921.0000000000
309 -1920.0000000000
334 -1919.0000000000
353 -1918.0000000000
407 -1917.0000000000
431 -1916.0000000000
453 -1914.0000000000
469 -1913.0000000000
535 -1911.0000000000
579 -1909.0000000000
610 -1908.0000000000
619 -1906.0000000000
659 -1905.0000000000
662 -1904.0000000000
730 -1903.0000000000
761 -1902.0000000000
798 -1901.0000000000
824 -1900.0000000000
845 -1899.0000000000
882 -1898.0000000000
903 -1896.0000000000
905 -1895.0000000000
922 -1894.0000000000
945 -1893.0000000000
955 -1892.0000000000
959 -1890.0000000000
965 -1888.0000000000
1010 -1887.0000000000
1052 -1884.0000000000
1101 -1882.0000000000
1127 -1881.0000000000
1163 -1880.0000000000
1171 -1879.0000000000
1182 -1877.0000000000
1228 -1875.0000000000
1278 -1874.0000000000
1298 -1872.0000000000
1364 -1871.0000000000
1367 -1870.0000000000
1394 -1869.0000000000
1422 -1867.0000000000
1438 -1865.0000000000
1443 -1864.0000000000
1517 -1863.0000000000
1522 -1862.0000000000
1534 -1861.0000000000
1575 -1859.0000000000
1616 -1858.0000000000
1630 -1857.0000000000
1650 -1856.0000000000
1687 -1855.0000000000
1738 -1854.0000000000
1767 -1851.0000000000
1808 -1848.0000000000
1891 -1847.0000000000
1913 -1846.0000000000
1949 -1845.0000000000
2018 -1844.0000000000
2043 -1842.0000000000
2062 -1841.0000000000
2074 -1840.0000000000
2129 -1839.0000000000
2135 -1838.0000000000
2190 -1837.0000000000
2214 -1836.0000000000
2261 -1834.0000000000
2305 -1833.0000000000
2335 -1832.0000000000
2344 -1831.0000000000
2407 -1830.0000000000
2429 -1829.0000000000
2465 -1828.0000000000
2468 -1827.0000000000
2513 -1826.0000000000
2540 -1825.0000000000
2559 -1823.0000000000
2570 -1822.0000000000
2615 -1821.0000000000
2649 -1820.0000000000
2656 -1819.0000000000
2714 -1817.0000000000
2770 -1815.0000000000
2825 -1814.0000000000
2877 -1813.0000000000
2918 -1812.0000000000
2931 -1811.0000000000
2992 -1810.0000000000
3026 -1808.0000000000
3067 -1807.0000000000
3100 -1806.0000000000
3154 -1805.0000000000
3173 -1804.0000000000
3197 -1803.0000000000
3218 -1802.0000000000
3241 -1801.0000000000
3269 -1800.0000000000
3283 -1798.0000000000
3339 -1797.0000000000
3374 -1796.0000000000
3391 -1795.0000000000
3395 -1794.0000000000
3411 -1793.0000000000
3450 -1792.0000000000
3471 -1791.0000000000
3529 -1790.0000000000
3531 -1788.0000000000
3571 -1787.0000000000
3579 -1786.0000000000
3582 -1785.0000000000
3644 -1784.0000000000
3651 -1783.0000000000
3682 -1782.0000000000
3700 -1781.0000000000
3721 -1780.0000000000
3776 -1779.0000000000
3808 -1777.0000000000
3820 -1776.0000000000
3841 -1775.0000000000
3886 -1774.0000000000
3895 -1773.0000000000
3952 -1770.0000000000
3966 -1769.0000000000
3976 -1768.0000000000
3977 -1766.0000000000
4006 -1765.0000000000
4030 -1763.0000000000
4144 -1762.0000000000
4187 -1760.0000000000
4232 -1759.0000000000
4276 -1758.0000000000
4306 -1757.0000000000
4351 -1756.0000000000
4415 -1755.0000000000
4424 -1754.0000000000
4483 -1752.0000000000
4495 -1751.0000000000
4542 -1750.0000000000
4600 -1747.0000000000
4707 -1746.0000000000
4715 -1745.0000000000
4764 -1744.0000000000
4796 -1743.0000000000
4814 -1742.0000000000
4857 -1740.0000000000
4882 -1739.0000000000
4964 -1737.0000000000
5011 -1736.0000000000
5016 -1735.0000000000
5074 -1734.0000000000
5075 -1733.0000000000
5082 -1731.0000000000
5191 -1730.0000000000
5237 -1729.0000000000
5257 -1727.0000000000
5361 -1726.0000000000
5395 -1725.0000000000
5434 -1724.0000000000
5464 -1723.0000000000
5466 -1722.0000000000
5535 -1721.0000000000
5551 -1720.0000000000
5573 -1719.0000000000
5624 -1718.0000000000
5670 -1716.0000000000
5684 -1715.0000000000
5687 -1714.0000000000
5716 -1713.0000000000
5775 -1712.0000000000
5777 -1711.0000000000
5817 -1710.0000000000
5820 -1709.0000000000
5863 -1707.0000000000
5872 -1706.0000000000
5882 -1704.0000000000
5900 -1701.0000000000
5936 -1700.0000000000
5957 -1699.0000000000
6005 -1698.0000000000
6049 -1697.0000000000
6063 -1696.0000000000
6101 -1695.0000000000
6108 -1694.0000000000
6165 -1693.0000000000
6252 -1692.0000000000
6259 -1691.0000000000
6291 -1690.0000000000
6306 -1689.0000000000
6356 -1688.0000000000
6392 -1687.0000000000
6421 -1686.0000000000
6457 -1684.0000000000
6525 -1682.0000000000
6568 -1681.0000000000
6576 -1680.0000000000
6590 -1679.0000000000
6652 -1677.0000000000
6672 -1676.0000000000
6678 -1675.0000000000
6724 -1674.0000000000
6746 -1673.0000000000
6750 -1672.0000000000
6798 -1671.0000000000
6826 -1670.0000000000
6843 -1669.0000000000
6885 -1668.0000000000
6909 -1667.0000000000
6956 -1666.0000000000
6968 -1665.0000000000
7034 -1664.0000000000
7038 -1663.0000000000
7066 -1662.0000000000
7117 -1660.0000000000
7164 -1659.0000000000
7186 -1657.0000000000
7211 -1656.0000000000
7236 -1655.0000000000
7240 -1653.0000000000
7334 -1652.0000000000
7349 -1650.0000000000
7362 -1647.0000000000
7449 -1646.0000000000
7469 -1645.0000000000
7505 -1644.0000000000
7556 -1643.0000000000
7599 -1642.0000000000
7658 -1641.0000000000
7676 -1640.0000000000
7729 -1639.0000000000
7773 -1638.0000000000
7782 -1637.0000000000
7817 -1635.0000000000
7842 -1634.0000000000
7888 -1633.0000000000
7918 -1632.0000000000
7943 -1631.0000000000
7985 -1630.0000000000
8004 -1629.0000000000
8089 -1628.0000000000
8101 -1626.0000000000
8163 -1625.0000000000
8215 -1623.0000000000
8234 -1622.0000000000
8261 -1621.0000000000
8290 -1620.0000000000
8330 -1619.0000000000
8385 -1618.0000000000
8391 -1616.0000000000
8459 -1615.0000000000
8494 -1614.0000000000
8510 -1613.0000000000
8545 -1612.0000000000
8598 -1611.0000000000
8613 -1610.0000000000
8661 -1609.0000000000
8666 -1608.0000000000
8717 -1606.0000000000
8720 -1605.0000000000
8728 -1604.0000000000
8803 -1603.0000000000
8841 -1602.0000000000
8868 -1601.0000000000
8887 -1599.0000000000
8919 -1598.0000000000
8946 -1597.0000000000
8995 -1596.0000000000
9037 -1595.0000000000
9083 -1593.0000000000
9103 -1592.0000000000
9127 -1591.0000000000
9168 -1590.0000000000
9190 -1589.0000000000
9242 -1588.0000000000
9249 -1587.0000000000
9282 -1586.0000000000
9313 -1585.0000000000
9368 -1584.0000000000
9398 -1583.0000000000
9438 -1582.0000000000
9459 -1581.0000000000
9487 -1580.0000000000
9489 -1577.0000000000
9566 -1576.0000000000
9595 -1574.0000000000
9708 -1573.0000000000
9718 -1572.0000000000
9787 -1570.0000000000
9820 -1569.0000000000
9838 -1568.0000000000
9865 -1567.0000000000
9899 -1566.0000000000
9905 -1565.0000000000
9964 -1564.0000000000
10010 -1563.0000000000
10036 -1562.0000000000
10050 -1563.0000000000
evaluations raw_y
1 -2026.0000000000
5 -1997.0000000000
7 -1983.0000000000
8 -1971.0000000000
24 -1960.0000000000
49 -1942.0000000000
69 -1941.0000000000
121 -1940.0000000000
165 -1939.0000000000
178 -1937.0000000000
241 -1936.0000000000
273 -1934.0000000000
278 -1933.0000000000
350 -1932.0000000000
454 -1931.0000000000
469 -1930.0000000000
487 -1929.0000000000
493 -1928.0000000000
508 -1927.0000000000
542 -1926.0000000000
570 -1925.0000000000
581 -1923.0000000000
632 -1922.0000000000
655 -1921.0000000000
709 -1920.0000000000
714 -1919.0000000000
749 -1918.0000000000
789 -1917.0000000000
792 -1915.0000000000
823 -1913.0000000000
828 -1912.0000000000
848 -1911.0000000000
901 -1910.0000000000
919 -1908.0000000000
966 -1907.0000000000
986 -1906.0000000000
1018 -1905.0000000000
1021 -1904.0000000000
1077 -1902.0000000000
1111 -1901.0000000000
1119 -1900.0000000000
1197 -1899.0000000000
1199 -1896.0000000000
1266 -1895.0000000000
1267 -1893.0000000000
1286 -1892.0000000000
1371 -1891.0000000000
1408 -1889.0000000000
1439 -1888.0000000000
1450 -1887.0000000000
1464 -1886.0000000000
1494 -1884.0000000000
1529 -1883.0000000000
1562 -1882.0000000000
1564 -1881.0000000000
1616 -1880.0000000000
1669 -1879.0000000000
1670 -1878.0000000000
1676 -1876.0000000000
1695 -1875.0000000000
1723 -1873.0000000000
1789 -1871.0000000000
1800 -1870.0000000000
1807 -1869.0000000000
1857 -1868.0000000000
1880 -1867.0000000000
1899 -1865.0000000000
1936 -1864.0000000000
1992 -1863.0000000000
2000 -1862.0000000000
2011 -1861.0000000000
2060 -1860.0000000000
2088 -1859.0000000000
2113 -1858.0000000000
2143 -1856.0000000000
2167 -1855.0000000000
2197 -1854.0000000000
2244 -1853.0000000000
2247 -1852.0000000000
2318 -1851.0000000000
2327 -1850.0000000000
2330 -1848.0000000000
2387 -1847.0000000000
2399 -1846.0000000000
2414 -1845.0000000000
2453 -1844.0000000000
2488 -1843.0000000000
2553 -1842.0000000000
2566 -1841.0000000000
2568 -1840.0000000000
2581 -1839.0000000000
2627 -1838.0000000000
2642 -1837.0000000000
2654 -1836.0000000000
2669 -1835.0000000000
2673 -1834.0000000000
2681 -1833.0000000000
2720 -1832.0000000000
2758 -1831.0000000000
2759 -1830.0000000000
2819 -1829.0000000000
2840 -1828.0000000000
2850 -1827.0000000000
2873 -1826.0000000000
2908 -1825.0000000000
2933 -1824.0000000000
2962 -1822.0000000000
3003 -1821.0000000000
3015 -1819.0000000000
3050 -1818.0000000000
3113 -1816.0000000000
3123 -1815.0000000000
3145 -1814.0000000000
3160 -1813.0000000000
3195 -1812.0000000000
3242 -1810.0000000000
3281 -1809.0000000000
3338 -1808.0000000000
3365 -1807.0000000000
3391 -1806.0000000000
3422 -1805.0000000000
3449 -1804.0000000000
3482 -1803.0000000000
3496 -1802.0000000000
3530 -1801.0000000000
3564 -1800.0000000000
3582 -1799.0000000000
3586 -1797.0000000000
3609 -1796.0000000000
3659 -1795.0000000000
3669 -1794.0000000000
3731 -1793.0000000000
3734 -1792.0000000000
3736 -1791.0000000000
3750 -1790.0000000000
3764 -1789.0000000000
3786 -1788.0000000000
3807 -1787.0000000000
3845 -1784.0000000000
3923 -1783.0000000000
3943 -1782.0000000000
3987 -1781.0000000000
4021 -1780.0000000000
4061 -1779.0000000000
4109 -1778.0000000000
4142 -1776.0000000000
4148 -1775.0000000000
4174 -1774.0000000000
4194 -1773.0000000000
4220 -1772.0000000000
4226 -1771.0000000000
4270 -1770.0000000000
4334 -1769.0000000000
4338 -1768.0000000000
4341 -1767.0000000000
4366 -1766.0000000000
4406 -1765.0000000000
4425 -1764.0000000000
4442 -1763.0000000000
4480 -1762.0000000000
4520 -1761.0000000000
4531 -1760.0000000000
4547 -1759.0000000000
4602 -1758.0000000000
4633 -1757.0000000000
4659 -1756.0000000000
4706 -1754.0000000000
4766 -1752.0000000000
4799 -1751.0000000000
4860 -1750.0000000000
4900 -1749.0000000000
4936 -1747.0000000000
4975 -1746.0000000000
5001 -1745.0000000000
5074 -1744.0000000000
5090 -1743.0000000000
5110 -1742.0000000000
5146 -1741.0000000000
5185 -1739.0000000000
5195 -1738.0000000000
5228 -1737.0000000000
5236 -1736.0000000000
5261 -1735.0000000000
5328 -1734.0000000000
5386 -1733.0000000000
5420 -1732.0000000000
5439 -1731.0000000000
5491 -1730.0000000000
5512 -1729.0000000000
5516 -1728.0000000000
5562 -1727.0000000000
5593 -1726.0000000000
5664 -1725.0000000000
5687 -1723.0000000000
5692 -1722.0000000000
5763 -1721.0000000000
5773 -1720.0000000000
5820 -1719.0000000000
5835 -1718.0000000000
5843 -1717.0000000000
5887 -1716.0000000000
5918 -1715.0000000000
5952 -1714.0000000000
5989 -1713.0000000000
6026 -1711.0000000000
6137 -1710.0000000000
6157 -1709.0000000000
6167 -1708.0000000000
6200 -1706.0000000000
6254 -1704.0000000000
6296 -1703.0000000000
6356 -1701.0000000000
6396 -1699.0000000000
6449 -1698.0000000000
6478 -1697.0000000000
6480 -1696.0000000000
6485 -1695.0000000000
6500 -1693.0000000000
6540 -1692.0000000000
6546 -1691.0000000000
6582 -1690.0000000000
6606 -1689.0000000000
6687 -1688.0000000000
6711 -1685.0000000000
6744 -1684.0000000000
6753 -1683.0000000000
6785 -1682.0000000000
6809 -1681.0000000000
6825 -1680.0000000000
6867 -1679.0000000000
6879 -1678.0000000000
6918 -1677.0000000000
6935 -1676.0000000000
6997 -1675.0000000000
7018 -1674.0000000000
7042 -1673.0000000000
7077 -1671.0000000000
7105 -1670.0000000000
7143 -1669.0000000000
7158 -1668.0000000000
7172 -1667.0000000000
7223 -1666.0000000000
7260 -1665.0000000000
7269 -1664.0000000000
7327 -1663.0000000000
7382 -1662.0000000000
7399 -1661.0000000000
7424 -1659.0000000000
7465 -1658.0000000000
7480 -1657.0000000000
7547 -1656.0000000000
7595 -1655.0000000000
7616 -1654.0000000000
7642 -1653.0000000000
7671 -1652.0000000000
7686 -1651.0000000000
7713 -1650.0000000000
7729 -1649.0000000000
7763 -1648.0000000000
7780 -1647.0000000000
7826 -1646.0000000000
7876 -1644.0000000000
7886 -1642.0000000000
7905 -1641.0000000000
7958 -1640.0000000000
7975 -1639.0000000000
8008 -1637.0000000000
8032 -1636.0000000000
8106 -1635.0000000000
8111 -1632.0000000000
8227 -1631.0000000000
8238 -1630.0000000000
8267 -1627.0000000000
8395 -1626.0000000000
8430 -1625.0000000000
8488 -1624.0000000000
8523 -1623.0000000000
8549 -1622.0000000000
8603 -1621.0000000000
8624 -1620.0000000000
8662 -1619.0000000000
8675 -1618.0000000000
8676 -1617.0000000000
8693 -1616.0000000000
8727 -1614.0000000000
8739 -1613.0000000000
8761 -1612.0000000000
8817 -1611.0000000000
8831 -1610.0000000000
8837 -1608.0000000000
8912 -1607.0000000000
8986 -1606.0000000000
9078 -1605.0000000000
9109 -1604.0000000000
9128 -1603.0000000000
9167 -1602.0000000000
9187 -1601.0000000000
9193 -1600.0000000000
9252 -1599.0000000000
9280 -1598.0000000000
9288 -1597.0000000000
9332 -1596.0000000000
9376 -1595.0000000000
9399 -1593.0000000000
9427 -1590.0000000000
9472 -1588.0000000000
9556 -1587.0000000000
9593 -1586.0000000000
9620 -1585.0000000000
9677 -1584.0000000000
9686 -1583.0000000000
9710 -1582.0000000000
9716 -1581.0000000000
9778 -1580.0000000000
9816 -1579.0000000000
9839 -1578.0000000000
9885 -1577.0000000000
9903 -1576.0000000000
10001 -1575.0000000000
10011 -1574.0000000000
10019 -1573.0000000000
10050 -1576.0000000000
evaluations raw_y
1 -1969.0000000000
8 -1951.0000000000
36 -1946.0000000000
38 -1943.0000000000
75 -1941.0000000000
142 -1940.0000000000
175 -1939.0000000000
177 -1937.0000000000
193 -1936.0000000000
226 -1934.0000000000
232 -1933.0000000000
237 -1932.0000000000
252 -1931.0000000000
317 -1930.0000000000
339 -1929.0000000000
378 -1928.0000000000
404 -1927.0000000000
418 -1926.0000000000
461 -1925.0000000000
496 -1924.0000000000
550 -1923.0000000000
570 -1922.0000000000
572 -1921.0000000000
593 -1920.0000000000
616 -1919.0000000000
648 -1918.0000000000
656 -1917.0000000000
720 -1916.0000000000
738 -1915.0000000000
764 -1914.0000000000
798 -1913.0000000000
811 -1912.0000000000
830 -1911.0000000000
839 -1910.0000000000
851 -1909.0000000000
853 -1908.0000000000
893 -1906.0000000000
913 -1905.0000000000
949 -1904.0000000000
987 -1903.0000000000
1019 -1902.0000000000
1022 -1900.0000000000
1062 -1899.0000000000
1122 -1897.0000000000
1156 -1896.0000000000
1187 -1895.0000000000
1196 -1894.0000000000
1237 -1892.0000000000
1287 -1891.0000000000
1292 -1886.0000000000
1306 -1885.0000000000
1327 -1884.0000000000
1345 -1883.0000000000
1371 -1882.0000000000
1411 -1881.0000000000
1448 -1880.0000000000
1455 -1879.0000000000
1486 -1878.0000000000
1518 -1876.0000000000
1537 -1875.0000000000
1552 -1874.0000000000
1590 -1873.0000000000
1652 -1872.0000000000
1691 -1871.0000000000
1705 -1870.0000000000
1721 -1868.0000000000
1778 -1867.0000000000
1794 -1866.0000000000
1829 -1865.0000000000
1852 -1864.0000000000
1862 -1861.0000000000
1880 -1860.0000000000
1891 -1859.0000000000
1913 -1858.0000000000
1916 -1857.0000000000
1966 -1856.0000000000
1986 -1854.0000000000
2020 -1853.0000000000
2036 -1852.0000000000
2084 -1851.0000000000
2110 -1850.0000000000
2124 -1849.0000000000
2164 -1848.0000000000
2172 -1847.0000000000
2230 -1845.0000000000
2252 -1843.0000000000
2308 -1842.0000000000
2315 -1840.0000000000
2374 -1839.0000000000
2412 -1838.0000000000
2426 -1836.0000000000
2427 -1834.0000000000
2476 -1833.0000000000
2501 -1832.0000000000
2508 -1831.0000000000
2544 -1830.0000000000
2549 -1829.0000000000
2597 -1827.0000000000
2637 -1826.0000000000
2662 -1825.0000000000
2696 -1824.0000000000
2728 -1822.0000000000
2771 -1821.0000000000
2791 -1820.0000000000
2852 -1819.0000000000
2853 -1817.0000000000
2895 -1816.0000000000
2930 -1815.0000000000
2959 -1814.0000000000
3000 -1812.0000000000
3006 -1811.0000000000
3042 -1810.0000000000
3104 -1808.0000000000
3151 -1807.0000000000
3163 -1806.0000000000
3196 -1805.0000000000
3212 -1804.0000000000
3250 -1802.0000000000
3282 -1801.0000000000
3313 -1800.0000000000
3362 -1798.0000000000
3381 -1796.0000000000
3406 -1795.0000000000
3475 -1794.0000000000
3520 -1793.0000000000
3579 -1792.0000000000
3631 -1791.0000000000
3642 -1790.0000000000
3673 -1789.0000000000
3686 -1788.0000000000
3709 -1785.0000000000
3734 -1784.0000000000
3764 -1783.0000000000
3783 -1782.0000000000
3842 -1781.0000000000
3869 -1780.0000000000
3884 -1779.0000000000
3887 -1778.0000000000
3915 -1777.0000000000
3934 -1775.0000000000
3936 -1774.0000000000
3959 -1773.0000000000
3998 -1772.0000000000
4011 -1771.0000000000
4033 -1770.0000000000
4061 -1769.0000000000
4108 -1768.0000000000
4126 -1767.0000000000
4139 -1766.0000000000
4151 -1765.0000000000
4203 -1764.0000000000
4205 -1763.0000000000
4251 -1762.0000000000
4286 -1759.0000000000
4329 -1757.0000000000
4371 -1756.0000000000
4405 -1755.0000000000
4445 -1754.0000000000
4451 -1753.0000000000
4457 -1752.0000000000
4486 -1751.0000000000
4500 -1750.0000000000
4515 -1749.0000000000
4527 -1748.0000000000
4597 -1747.0000000000
4651 -1746.0000000000
4692 -1745.0000000000
4728 -1744.0000000000
4736 -1743.0000000000
4763 -1742.0000000000
4812 -1741.0000000000
4833 -1740.0000000000
4852 -1739.0000000000
4880 -1738.0000000000
4944 -1736.0000000000
4965 -1735.0000000000
4982 -1733.0000000000
5008 -1732.0000000000
5091 -1730.0000000000
5097 -1729.0000000000
5141 -1728.0000000000
5183 -1727.0000000000
5239 -1726.0000000000
5241 -1725.0000000000
5294 -1724.0000000000
5323 -1723.0000000000
5340 -1721.0000000000
5349 -1720.0000000000
5387 -1719.0000000000
5438 -1717.0000000000
5464 -1716.0000000000
5475 -1715.0000000000
5501 -1714.0000000000
5519 -1713.0000000000
5541 -1712.0000000000
5597 -1711.0000000000
5621 -1710.0000000000
5661 -1709.0000000000
5690 -1708.0000000000
5725 -1707.0000000000
5748 -1706.0000000000
5817 -1705.0000000000
5884 -1704.0000000000
5928 -1703.0000000000
5972 -1702.0000000000
5977 -1701.0000000000
5987 -1700.0000000000
6026 -1699.0000000000
6053 -1698.0000000000
6072 -1697.0000000000
6100 -1696.0000000000
6113 -1695.0000000000
6157 -1694.0000000000
6168 -1693.0000000000
6193 -1692.0000000000
6240 -1691.0000000000
6280 -1690.0000000000
6300 -1689.0000000000
6351 -1688.0000000000
6360 -1687.0000000000
6428 -1686.0000000000
6492 -1685.0000000000
6519 -1684.0000000000
6576 -1683.0000000000
6577 -1682.0000000000
6657 -1681.0000000000
6699 -1680.0000000000
6721 -1679.0000000000
6768 -1678.0000000000
6779 -1677.0000000000
6800 -1676.0000000000
6809 -1675.0000000000
6890 -1674.0000000000
6895 -1672.0000000000
6957 -1671.0000000000
6971 -1670.0000000000
7000 -1669.0000000000
7039 -1668.0000000000
7062 -1667.0000000000
7093 -1666.0000000000
7174 -1664.0000000000
7190 -1663.0000000000
7236 -1662.0000000000
7294 -1661.0000000000
7314 -1660.0000000000
7350 -1659.0000000000
7396 -1658.0000000000
7439 -1657.0000000000
7461 -1656.0000000000
7493 -1655.0000000000
7527 -1654.0000000000
7558 -1653.0000000000
7603 -1652.0000000000
7619 -1651.0000000000
7643 -1650.0000000000
7669 -1649.0000000000
7704 -1648.0000000000
7744 -1646.0000000000
7811 -1645.0000000000
7832 -1644.0000000000
7838 -1643.0000000000
7844 -1641.0000000000
7859 -1639.0000000000
7892 -1638.0000000000
7927 -1637.0000000000
7979 -1636.0000000000
8016 -1635.0000000000
8055 -1634.0000000000
8114 -1633.0000000000
8120 -1632.0000000000
8165 -1631.0000000000
8181 -1630.0000000000
8203 -1629.0000000000
8211 -1627.0000000000
8267 -1626.0000000000
8269 -1625.0000000000
8362 -1624.0000000000
8405 -1623.0000000000
8412 -1622.0000000000
8432 -1620.0000000000
8507 -1619.0000000000
8522 -1618.0000000000
8587 -1617.0000000000
8619 -1616.0000000000
8667 -1615.0000000000
8710 -1614.0000000000
8712 -1613.0000000000
8738 -1612.0000000000
8751 -1611.0000000000
8802 -1610.0000000000
8824 -1609.0000000000
8859 -1607.0000000000
8894 -1606.0000000000
8938 -1605.0000000000
8943 -1604.0000000000
8996 -1603.0000000000
9003 -1602.0000000000
9089 -1601.0000000000
9101 -1600.0000000000
9127 -1599.0000000000
9154 -1598.0000000000
9162 -1597.0000000000
9188 -1596.0000000000
9240 -1595.0000000000
9278 -1594.0000000000
9334 -1593.0000000000
9376 -1592.0000000000
9378 -1591.0000000000
9409 -1590.0000000000
9465 -1589.0000000000
9506 -1588.0000000000
9560 -1587.0000000000
9568 -1586.0000000000
9640 -1585.0000000000
9644 -1584.0000000000
9719 -1583.0000000000
9756 -1582.0000000000
9766 -1581.0000000000
9827 -1580.0000000000
9840 -1579.0000000000
9864 -1578.0000000000
9926 -1576.0000000000
9931 -1575.0000000000
9934 -1574.0000000000
9962 -1573.0000000000
10033 -1572.0000000000
10050 -1575.0000000000
evaluations raw_y
1 -1962.0000000000
16 -1959.0000000000
20 -1934.0000000000
58 -1932.0000000000
152 -1931.0000000000
184 -1930.0000000000
202 -1929.0000000000
218 -1928.0000000000
219 -1927.0000000000
276 -1926.0000000000
296 -1925.0000000000
318 -1924.0000000000
331 -1923.0000000000
392 -1922.0000000000
406 -1921.0000000000
436 -1920.0000000000
471 -1919.0000000000
519 -1918.0000000000
555 -1917.0000000000
577 -1916.0000000000
580 -1914.0000000000
611 -1913.0000000000
658 -1912.0000000000
670 -1911.0000000000
671 -1910.0000000000
745 -1908.0000000000
755 -1907.0000000000
814 -1906.0000000000
815 -1905.0000000000
910 -1902.0000000000
948 -1901.0000000000
969 -1900.0000000000
1045 -1899.0000000000
1076 -1898.0000000000
1106 -1896.0000000000
1127 -1894.0000000000
1131 -1892.0000000000
1177 -1891.0000000000
1242 -1890.0000000000
1249 -1889.0000000000
1301 -1888.0000000000
1317 -1886.0000000000
1354 -1885.0000000000
1381 -1884.0000000000
1401 -1883.0000000000
1404 -1882.0000000000
1449 -1881.0000000000
1505 -1880.0000000000
1527 -1879.0000000000
1566 -1878.0000000000
1608 -1877.0000000000
1658 -1876.0000000000
1664 -1875.0000000000
1673 -1874.0000000000
1696 -1873.0000000000
1742 -1872.0000000000
1761 -1871.0000000000
1811 -1870.0000000000
1828 -1869.0000000000
1902 -1868.0000000000
1947 -1866.0000000000
1997 -1865.0000000000
2005 -1864.0000000000
2015 -1863.0000000000
2048 -1862.0000000000
2113 -1861.0000000000
2114 -1860.0000000000
2149 -1859.0000000000
2215 -1858.0000000000
2247 -1857.0000000000
2258 -1856.0000000000
2279 -1855.0000000000
2309 -1854.0000000000
2377 -1853.0000000000
2403 -1851.0000000000
2434 -1850.0000000000
2461 -1848.0000000000
2490 -1847.0000000000
2503 -1846.0000000000
2565 -1845.0000000000
2596 -1844.0000000000
2603 -1842.0000000000
2644 -1841.0000000000
2672 -1840.0000000000
2721 -1839.0000000000
2754 -1838.0000000000
2761 -1837.0000000000
2797 -1836.0000000000
2825 -1834.0000000000
2836 -1832.0000000000
2850 -1831.0000000000
2887 -1830.0000000000
2905 -1829.0000000000
2921 -1828.0000000000
2966 -1825.0000000000
3090 -1823.0000000000
3096 -1822.0000000000
3173 -1819.0000000000
3178 -1818.0000000000
3210 -1817.0000000000
3214 -1816.0000000000
3258 -1815.0000000000
3299 -1813.0000000000
3387 -1812.0000000000
3402 -1811.0000000000
3432 -1810.0000000000
3483 -1809.0000000000
3488 -1808.0000000000
3500 -1807.0000000000
3531 -1806.0000000000
3551 -1805.0000000000
3593 -1804.0000000000
3630 -1803.0000000000
3643 -1802.0000000000
3693 -1801.0000000000
3719 -1800.0000000000
3724 -1799.0000000000
3758 -1798.0000000000
3765 -1797.0000000000
3770 -1796.0000000000
3835 -1794.0000000000
3847 -1793.0000000000
3900 -1792.0000000000
3924 -1791.0000000000
3935 -1790.0000000000
3959 -1789.0000000000
3989 -1787.0000000000
4033 -1786.0000000000
4041 -1785.0000000000
4111 -1784.0000000000
4154 -1783.0000000000
4188 -1781.0000000000
4256 -1780.0000000000
4257 -1779.0000000000
4304 -1778.0000000000
4322 -1777.0000000000
4385 -1776.0000000000
4418 -1774.0000000000
4491 -1773.0000000000
4551 -1771.0000000000
4586 -1770.0000000000
4604 -1769.0000000000
4607 -1768.0000000000
4658 -1767.0000000000
4683 -1765.0000000000
4717 -1764.0000000000
4770 -1763.0000000000
4794 -1762.0000000000
4826 -1761.0000000000
4839 -1760.0000000000
4912 -1758.0000000000
4965 -1757.0000000000
4977 -1756.0000000000
4997 -1755.0000000000
5041 -1754.0000000000
5108 -1753.0000000000
5174 -1752.0000000000
5198 -1750.0000000000
5247 -1749.0000000000
5255 -1748.0000000000
5264 -1747.0000000000
5287 -1746.0000000000
5374 -1745.0000000000
5385 -1744.0000000000
5446 -1742.0000000000
5490 -1740.0000000000
5497 -1739.0000000000
5573 -1738.0000000000
5584 -1737.0000000000
5612 -1736.0000000000
5667 -1735.0000000000
5681 -1733.0000000000
5712 -1732.0000000000
5723 -1731.0000000000
5753 -1729.0000000000
5836 -1728.0000000000
5841 -1727.0000000000
5845 -1726.0000000000
5892 -1725.0000000000
5899 -1724.0000000000
5938 -1723.0000000000
5988 -1722.0000000000
6019 -1721.0000000000
6064 -1720.0000000000
6078 -1719.0000000000
6085 -1718.0000000000
6124 -1717.0000000000
6146 -1716.0000000000
6152 -1715.0000000000
6212 -1714.0000000000
6246 -1712.0000000000
6252 -1710.0000000000
6285 -1707.0000000000
6307 -1706.0000000000
6355 -1705.0000000000
6372 -1704.0000000000
6380 -1703.0000000000
6393 -1702.0000000000
6435 -1701.0000000000
6457 -1700.0000000000
6464 -1699.0000000000
6493 -1697.0000000000
6549 -1696.0000000000
6569 -1695.0000000000
6596 -1692.0000000000
6623 -1691.0000000000
6659 -1690.0000000000
6664 -1688.0000000000
6734 -1687.0000000000
6740 -1686.0000000000
6770 -1685.0000000000
6793 -1684.0000000000
6845 -1683.0000000000
6850 -1682.0000000000
6902 -1681.0000000000
6920 -1680.0000000000
6937 -1679.0000000000
6957 -1678.0000000000
6985 -1677.0000000000
7023 -1676.0000000000
7052 -1675.0000000000
7072 -1674.0000000000
7074 -1673.0000000000
7119 -1671.0000000000
7161 -1670.0000000000
7168 -1669.0000000000
7222 -1668.0000000000
7247 -1667.0000000000
7251 -1666.0000000000
7286 -1665.0000000000
7317 -1664.0000000000
7329 -1663.0000000000
7342 -1662.0000000000
7346 -1661.0000000000
7348 -1660.0000000000
7374 -1659.0000000000
7448 -1658.0000000000
7449 -1657.0000000000
7483 -1656.0000000000
7494 -1655.0000000000
7548 -1654.0000000000
7566 -1653.0000000000
7571 -1652.0000000000
7657 -1651.0000000000
7709 -1650.0000000000
7733 -1649.0000000000
7770 -1648.0000000000
7794 -1647.0000000000
7814 -1646.0000000000
7823 -1644.0000000000
7844 -1643.0000000000
7881 -1642.0000000000
7915 -1640.0000000000
7937 -1639.0000000000
7976 -1638.0000000000
7995 -1637.0000000000
8009 -1635.0000000000
8090 -1634.0000000000
8163 -1633.0000000000
8194 -1632.0000000000
8273 -1630.0000000000
8313 -1629.0000000000
8365 -1626.0000000000
8451 -1625.0000000000
8511 -1624.0000000000
8543 -1623.0000000000
8576 -1622.0000000000
8618 -1621.0000000000
8625 -1620.0000000000
8627 -1619.0000000000
8688 -1618.0000000000
8705 -1617.0000000000
8723 -1616.0000000000
8740 -1615.0000000000
8763 -1614.0000000000
8819 -1613.0000000000
8829 -1612.0000000000
8863 -1611.0000000000
8881 -1610.0000000000
8909 -1609.0000000000
8942 -1608.0000000000
8975 -1607.0000000000
8991 -1606.0000000000
9008 -1605.0000000000
9033 -1604.0000000000
9066 -1603.0000000000
9091 -1602.0000000000
9138 -1601.0000000000
9206 -1599.0000000000
9215 -1598.0000000000
9295 -1597.0000000000
9299 -1596.0000000000
9376 -1595.0000000000
9377 -1594.0000000000
9422 -1593.0000000000
9451 -1592.0000000000
9459 -1591.0000000000
9503 -1590.0000000000
9514 -1589.0000000000
9540 -1588.0000000000
9563 -1587.0000000000
9610 -1586.0000000000
9625 -1585.0000000000
9633 -1582.0000000000
9710 -1581.0000000000
9772 -1579.0000000000
9807 -1577.0000000000
9898 -1576.0000000000
9922 -1575.0000000000
9933 -1574.0000000000
9977 -1573.0000000000
10025 -1572.0000000000
10047 -1571.0000000000
10050 -1571.0000000000
evaluations raw_y
1 -2037.0000000000
2 -1950.0000000000
116 -1949.0000000000
122 -1946.0000000000
171 -1945.0000000000
220 -1943.0000000000
290 -1942.0000000000
308 -1941.0000000000
318 -1940.0000000000
361 -1939.0000000000
363 -1938.0000000000
392 -1937.0000000000
403 -1936.0000000000
446 -1935.0000000000
478 -1934.0000000000
497 -1933.0000000000
554 -1932.0000000000
563 -1931.0000000000
580 -1930.0000000000
619 -1928.0000000000
668 -1927.0000000000
706 -1926.0000000000
713 -1925.0000000000
747 -1924.0000000000
756 -1923.0000000000
800 -1922.0000000000
813 -1921.0000000000
831 -1919.0000000000
883 -1918.0000000000
907 -1916.0000000000
930 -1915.0000000000
940 -1912.0000000000
945 -1911.0000000000
991 -1910.0000000000
996 -1909.0000000000
1060 -1908.0000000000
1096 -1907.0000000000
1097 -1906.0000000000
1109 -1905.0000000000
1148 -1904.0000000000
1173 -1903.0000000000
1188 -1902.0000000000
1195 -1901.0000000000
1203 -1899.0000000000
1213 -1898.0000000000
1280 -1897.0000000000
1302 -1896.0000000000
1322 -1894.0000000000
1350 -1893.0000000000
1377 -1892.0000000000
1385 -1890.0000000000
1397 -1888.0000000000
1454 -1887.0000000000
1459 -1886.0000000000
1511 -1883.0000000000
1587 -1882.0000000000
1651 -1881.0000000000
1704 -1880.0000000000
1735 -1879.0000000000
1778 -1878.0000000000
1789 -1877.0000000000
1838 -1876.0000000000
1850 -1874.0000000000
1880 -1873.0000000000
1900 -1872.0000000000
1911 -1871.0000000000
1924 -1869.0000000000
1926 -1868.0000000000
2012 -1867.0000000000
2052 -1865.0000000000
2053 -1863.0000000000
2109 -1862.0000000000
2154 -1861.0000000000
2166 -1860.0000000000
2178 -1859.0000000000
2200 -1858.0000000000
2252 -1857.0000000000
2284 -1856.0000000000
2303 -1855.0000000000
2341 -1854.0000000000
2351 -1853.0000000000
2354 -1852.0000000000
2384 -1851.0000000000
2442 -1850.0000000000
2449 -1849.0000000000
2470 -1848.0000000000
2510 -1847.0000000000
2532 -1846.0000000000
2570 -1844.0000000000
2609 -1843.0000000000
2640 -1842.0000000000
2663 -1840.0000000000
2704 -1839.0000000000
2716 -1838.0000000000
2752 -1837.0000000000
2776 -1835.0000000000
2850 -1834.0000000000
2884 -1833.0000000000
2912 -1832.0000000000
2965 -1830.0000000000
2971 -1829.0000000000
2979 -1828.0000000000
3024 -1827.0000000000
3044 -1826.0000000000
3077 -1825.0000000000
3130 -1824.0000000000
3136 -1823.0000000000
3198 -1822.0000000000
3207 -1821.0000000000
3231 -1820.0000000000
3253 -1819.0000000000
3310 -1818.0000000000
3358 -1817.0000000000
3401 -1816.0000000000
3410 -1815.0000000000
3441 -1814.0000000000
3460 -1813.0000000000
3461 -1812.0000000000
3504 -1811.0000000000
3553 -1810.0000000000
3573 -1809.0000000000
3603 -1808.0000000000
3629 -1807.0000000000
3677 -1806.0000000000
3689 -1805.0000000000
3713 -1804.0000000000
3718 -1803.0000000000
3788 -1802.0000000000
3813 -1801.0000000000
3828 -1799.0000000000
3877 -1798.0000000000
3896 -1796.0000000000
3952 -1795.0000000000
3992 -1794.0000000000
4049 -1793.0000000000
4072 -1792.0000000000
4099 -1791.0000000000
4116 -1790.0000000000
4134 -1789.0000000000
4159 -1788.0000000000
4161 -1787.0000000000
4165 -1785.0000000000
4204 -1784.0000000000
4247 -1783.0000000000
4270 -1782.0000000000
4278 -1780.0000000000
4299 -1779.0000000000
4349 -1778.0000000000
4383 -1776.0000000000
4403 -1775.0000000000
4442 -1774.0000000000
4453 -1773.0000000000
4489 -1772.0000000000
4521 -1771.0000000000
4597 -1770.0000000000
4641 -1769.0000000000
4692 -1768.0000000000
4710 -1767.0000000000
4737 -1766.0000000000
4781 -1765.0000000000
4787 -1764.0000000000
4792 -1763.0000000000
4821 -1762.0000000000
4850 -1761.0000000000
4875 -1759.0000000000
4928 -1758.0000000000
4957 -1757.0000000000
4987 -1756.0000000000
4993 -1755.0000000000
5014 -1754.0000000000
5031 -1753.0000000000
5041 -1752.0000000000
5103 -1750.0000000000
5149 -1749.0000000000
5202 -1748.0000000000
5243 -1746.0000000000
5283 -1745.0000000000
5285 -1743.0000000000
5301 -1742.0000000000
5303 -1741.0000000000
5374 -1740.0000000000
5428 -1739.0000000000
5445 -1737.0000000000
5464 -1736.0000000000
5497 -1735.0000000000
5511 -1733.0000000000
5534 -1731.0000000000
5633 -1729.0000000000
5642 -1728.0000000000
5689 -1727.0000000000
5737 -1726.0000000000
5770 -1723.0000000000
5806 -1722.0000000000
5810 -1721.0000000000
5854 -1719.0000000000
5883 -1718.0000000000
5918 -1717.0000000000
5950 -1715.0000000000
6007 -1714.0000000000
6050 -1713.0000000000
6055 -1712.0000000000
6100 -1711.0000000000
6122 -1710.0000000000
6191 -1709.0000000000
6224 -1708.0000000000
6228 -1707.0000000000
6249 -1706.0000000000
6261 -1704.0000000000
6291 -1703.0000000000
6305 -1702.0000000000
6335 -1701.0000000000
6366 -1700.0000000000
6411 -1699.0000000000
6471 -1698.0000000000
6497 -1697.0000000000
6518 -1695.0000000000
6527 -1694.0000000000
6600 -1693.0000000000
6628 -1692.0000000000
6649 -1691.0000000000
6697 -1690.0000000000
6732 -1689.0000000000
6776 -1687.0000000000
6849 -1686.0000000000
6871 -1685.0000000000
6936 -1684.0000000000
6988 -1683.0000000000
7008 -1682.0000000000
7037 -1681.0000000000
7069 -1680.0000000000
7116 -1679.0000000000
7156 -1678.0000000000
7217 -1677.0000000000
7234 -1676.0000000000
7259 -1674.0000000000
7324 -1673.0000000000
7337 -1671.0000000000
7388 -1670.0000000000
7447 -1669.0000000000
7472 -1668.0000000000
7521 -1667.0000000000
7545 -1666.0000000000
7576 -1665.0000000000
7581 -1664.0000000000
7646 -1663.0000000000
7657 -1662.0000000000
7687 -1660.0000000000
7763 -1658.0000000000
7766 -1656.0000000000
7875 -1655.0000000000
7898 -1654.0000000000
7919 -1653.0000000000
7945 -1652.0000000000
7994 -1651.0000000000
8046 -1650.0000000000
8051 -1649.0000000000
8125 -1648.0000000000
8160 -1647.0000000000
8170 -1646.0000000000
8210 -1644.0000000000
8221 -1642.0000000000
8289 -1640.0000000000
8365 -1639.0000000000
8422 -1638.0000000000
8525 -1637.0000000000
8569 -1636.0000000000
8604 -1635.0000000000
8622 -1634.0000000000
8669 -1633.0000000000
8674 -1632.0000000000
8687 -1631.0000000000
8723 -1629.0000000000
8747 -1628.0000000000
8752 -1627.0000000000
8755 -1626.0000000000
8806 -1625.0000000000
8862 -1624.0000000000
8876 -1623.0000000000
8935 -1622.0000000000
8952 -1621.0000000000
8985 -1619.0000000000
9009 -1618.0000000000
9044 -1617.0000000000
9082 -1616.0000000000
9126 -1615.0000000000
9140 -1614.0000000000
9215 -1612.0000000000
9272 -1611.0000000000
9297 -1610.0000000000
9313 -1609.0000000000
9342 -1608.0000000000
9391 -1607.0000000000
9419 -1606.0000000000
9471 -1605.0000000000
9497 -1604.0000000000
9513 -1603.0000000000
9546 -1601.0000000000
9601 -1600.0000000000
9612 -1599.0000000000
9666 -1598.0000000000
9696 -1597.0000000000
9724 -1595.0000000000
9787 -1593.0000000000
9851 -1592.0000000000
9888 -1591.0000000000
9893 -1590.0000000000
9933 -1589.0000000000
9974 -1588.0000000000
9984 -1587.0000000000
9996 -1586.0000000000
10007 -1585.0000000000
10050 -1586.0000000000
evaluations raw_y
1 -2037.0000000000
2 -2031.0000000000
3 -1999.0000000000
5 -1986.0000000000
10 -1971.0000000000
12 -1956.0000000000
47 -1952.0000000000
59 -1951.0000000000
79 -1950.0000000000
80 -1949.0000000000
125 -1948.0000000000
129 -1947.0000000000
139 -1946.0000000000
142 -1945.0000000000
170 -1943.0000000000
232 -1941.0000000000
295 -1940.0000000000
320 -1939.0000000000
354 -1938.0000000000
370 -1937.0000000000
428 -1936.0000000000
464 -1934.0000000000
475 -1933.0000000000
498 -1932.0000000000
522 -1931.0000000000
578 -1930.0000000000
596 -1928.0000000000
621 -1927.0000000000
625 -1925.0000000000
673 -1924.0000000000
736 -1923.0000000000
785 -1922.0000000000
798 -1921.0000000000
799 -1920.0000000000
834 -1919.0000000000
848 -1918.0000000000
892 -1917.0000000000
895 -1915.0000000000
920 -1914.0000000000
957 -1913.0000000000
963 -1911.0000000000
994 -1910.0000000000
998 -1909.0000000000
1036 -1907.0000000000
1090 -1905.0000000000
1116 -1904.0000000000
1152 -1903.0000000000
1179 -1902.0000000000
1189 -1901.0000000000
1191 -1900.0000000000
1194 -1899.0000000000
1267 -1898.0000000000
1293 -1897.0000000000
1333 -1896.0000000000
1345 -1895.0000000000
1411 -1894.0000000000
1457 -1893.0000000000
1497 -1892.0000000000
1505 -1891.0000000000
1539 -1890.0000000000
1560 -1889.0000000000
1591 -1888.0000000000
1593 -1887.0000000000
1618 -1886.0000000000
1645 -1885.0000000000
1689 -1884.0000000000
1700 -1883.0000000000
1745 -1882.0000000000
1760 -1881.0000000000
1786 -1880.0000000000
1824 -1879.0000000000
1858 -1878.0000000000
1878 -1877.0000000000
1909 -1876.0000000000
1951 -1875.0000000000
1955 -1874.0000000000
1987 -1873.0000000000
1988 -1872.0000000000
2029 -1871.0000000000
2062 -1870.0000000000
2065 -1868.0000000000
2082 -1867.0000000000
2097 -1866.0000000000
2127 -1865.0000000000
2158 -1864.0000000000
2176 -1863.0000000000
2219 -1862.0000000000
2228 -1861.0000000000
2283 -1860.0000000000
2321 -1855.0000000000
2381 -1854.0000000000
2452 -1853.0000000000
2460 -1852.0000000000
2463 -1851.0000000000
2494 -1850.0000000000
2538 -1849.0000000000
2580 -1846.0000000000
2586 -1845.0000000000
2598 -1844.0000000000
2632 -1843.0000000000
2645 -1840.0000000000
2670 -1839.0000000000
2714 -1838.0000000000
2784 -1836.0000000000
2797 -1835.0000000000
2861 -1833.0000000000
2900 -1832.0000000000
2918 -1831.0000000000
2922 -1829.0000000000
2992 -1828.0000000000
3027 -1827.0000000000
3066 -1825.0000000000
3106 -1824.0000000000
3180 -1823.0000000000
3217 -1822.0000000000
3253 -1820.0000000000
3303 -1818.0000000000
3306 -1817.0000000000
3355 -1816.0000000000
3358 -1815.0000000000
3381 -1814.0000000000
3394 -1812.0000000000
3426 -1811.0000000000
3456 -1810.0000000000
3479 -1809.0000000000
3495 -1808.0000000000
3527 -1807.0000000000
3561 -1806.0000000000
3598 -1805.0000000000
3613 -1804.0000000000
3676 -1803.0000000000
3706 -1802.0000000000
3742 -1801.0000000000
3788 -1800.0000000000
3818 -1798.0000000000
3843 -1797.0000000000
3852 -1795.0000000000
3865 -1794.0000000000
3921 -1793.0000000000
3967 -1792.0000000000
3992 -1790.0000000000
4035 -1788.0000000000
4070 -1787.0000000000
4081 -1786.0000000000
4142 -1784.0000000000
4192 -1783.0000000000
4200 -1782.0000000000
4276 -1781.0000000000
4308 -1779.0000000000
4383 -1778.0000000000
4413 -1777.0000000000
4429 -1776.0000000000
4456 -1775.0000000000
4501 -1773.0000000000
4554 -1772.0000000000
4561 -1771.0000000000
4593 -1770.0000000000
4603 -1768.0000000000
4696 -1767.0000000000
4706 -1766.0000000000
4748 -1765.0000000000
4817 -1764.0000000000
4820 -1762.0000000000
4867 -1761.0000000000
4911 -1759.0000000000
4943 -1757.0000000000
4978 -1755.0000000000
4985 -1754.0000000000
5010 -1753.0000000000
5073 -1752.0000000000
5085 -1751.0000000000
5122 -1750.0000000000
5132 -1749.0000000000
5145 -1748.0000000000
5202 -1747.0000000000
5249 -1746.0000000000
5269 -1745.0000000000
5293 -1744.0000000000
5320 -1740.0000000000
5332 -1739.0000000000
5382 -1738.0000000000
5441 -1737.0000000000
5480 -1736.0000000000
5496 -1735.0000000000
5514 -1734.0000000000
5566 -1733.0000000000
5595 -1732.0000000000
5623 -1731.0000000000
5654 -1730.0000000000
5681 -1729.0000000000
5739 -1728.0000000000
5751 -1726.0000000000
5805 -1725.0000000000
5833 -1724.0000000000
5866 -1723.0000000000
5873 -1721.0000000000
5892 -1719.0000000000
5944 -1718.0000000000
5990 -1717.0000000000
6006 -1716.0000000000
6058 -1715.0000000000
6080 -1714.0000000000
6111 -1712.0000000000
6126 -1709.0000000000
6212 -1708.0000000000
6254 -1707.0000000000
6277 -1706.0000000000
6310 -1705.0000000000
6341 -1704.0000000000
6354 -1703.0000000000
6385 -1702.0000000000
6405 -1700.0000000000
6422 -1699.0000000000
6500 -1698.0000000000
6535 -1697.0000000000
6554 -1696.0000000000
6597 -1695.0000000000
6652 -1693.0000000000
6672 -1691.0000000000
6699 -1689.0000000000
6714 -1688.0000000000
6727 -1687.0000000000
6809 -1686.0000000000
6856 -1685.0000000000
6893 -1684.0000000000
6927 -1683.0000000000
6938 -1682.0000000000
6988 -1681.0000000000
7007 -1680.0000000000
7011 -1679.0000000000
7035 -1678.0000000000
7071 -1677.0000000000
7130 -1676.0000000000
7147 -1675.0000000000
7149 -1673.0000000000
7236 -1672.0000000000
7257 -1671.0000000000
7319 -1670.0000000000
7366 -1669.0000000000
7390 -1667.0000000000
7421 -1666.0000000000
7487 -1665.0000000000
7509 -1664.0000000000
7526 -1663.0000000000
7595 -1662.0000000000
7616 -1661.0000000000
7619 -1660.0000000000
7663 -1659.0000000000
7693 -1658.0000000000
7720 -1657.0000000000
7729 -1656.0000000000
7785 -1655.0000000000
7810 -1653.0000000000
7863 -1652.0000000000
7876 -1651.0000000000
7929 -1650.0000000000
7957 -1648.0000000000
7993 -1647.0000000000
8004 -1646.0000000000
8039 -1645.0000000000
8058 -1644.0000000000
8107 -1643.0000000000
8130 -1642.0000000000
8162 -1641.0000000000
8179 -1640.0000000000
8186 -1639.0000000000
8232 -1638.0000000000
8239 -1637.0000000000
8302 -1636.0000000000
8318 -1635.0000000000
8343 -1634.0000000000
8390 -1633.0000000000
8458 -1632.0000000000
8461 -1631.0000000000
8503 -1630.0000000000
8525 -1629.0000000000
8537 -1627.0000000000
8636 -1626.0000000000
8655 -1625.0000000000
8657 -1624.0000000000
8688 -1623.0000000000
8720 -1622.0000000000
8745 -1621.0000000000
8771 -1620.0000000000
8779 -1619.0000000000
8849 -1618.0000000000
8878 -1617.0000000000
8890 -1616.0000000000
8950 -1615.0000000000
9003 -1614.0000000000
9046 -1613.0000000000
9112 -1612.0000000000
9136 -1611.0000000000
9144 -1610.0000000000
9182 -1609.0000000000
9204 -1608.0000000000
9263 -1607.0000000000
9307 -1606.0000000000
9333 -1605.0000000000
9375 -1604.0000000000
9379 -1603.0000000000
9425 -1602.0000000000
9455 -1601.0000000000
9500 -1599.0000000000
9550 -1598.0000000000
9563 -1597.0000000000
9640 -1596.0000000000
9668 -1595.0000000000
9692 -1594.0000000000
9723 -1593.0000000000
9731 -1592.0000000000
9782 -1590.0000000000
9794 -1589.0000000000
9808 -1588.0000000000
9851 -1587.0000000000
9889 -1586.0000000000
9912 -1585.0000000000
9946 -1584.0000000000
9960 -1582.0000000000
10004 -1581.0000000000
10021 -1580.0000000000
10050 -1584.0000000000
evaluations raw_y
1 -1983.0000000000
2 -1958.0000000000
16 -1951.0000000000
47 -1943.0000000000
172 -1942.0000000000
197 -1941.0000000000
229 -1940.0000000000
238 -1939.0000000000
243 -1938.0000000000
261 -1937.0000000000
315 -1936.0000000000
329 -1935.0000000000
359 -1934.0000000000
387 -1933.0000000000
416 -1931.0000000000
437 -1930.0000000000
494 -1929.0000000000
509 -1928.0000000000
528 -1927.0000000000
543 -1926.0000000000
559 -1925.0000000000
578 -1924.0000000000
619 -1923.0000000000
676 -1920.0000000000
730 -1919.0000000000
796 -1918.0000000000
808 -1917.0000000000
856 -1916.0000000000
886 -1914.0000000000
887 -1912.0000000000
899 -1911.0000000000
955 -1910.0000000000
1010 -1909.0000000000
1015 -1908.0000000000
1033 -1907.0000000000
1067 -1906.0000000000
1080 -1905.0000000000
1103 -1902.0000000000
1179 -1901.0000000000
1190 -1900.0000000000
1225 -1899.0000000000
1234 -1898.0000000000
1276 -1897.0000000000
1311 -1896.0000000000
1314 -1894.0000000000
1366 -1893.0000000000
1435 -1892.0000000000
1452 -1891.0000000000
1499 -1890.0000000000
1514 -1889.0000000000
1544 -1888.0000000000
1582 -1887.0000000000
1626 -1886.0000000000
1660 -1885.0000000000
1694 -1883.0000000000
1755 -1882.0000000000
1840 -1880.0000000000
1878 -1879.0000000000
1924 -1878.0000000000
1960 -1877.0000000000
2000 -1876.0000000000
2046 -1875.0000000000
2069 -1874.0000000000
2077 -1873.0000000000
2080 -1872.0000000000
2127 -1871.0000000000
2155 -1870.0000000000
2163 -1868.0000000000
2183 -1867.0000000000
2200 -1866.0000000000
2241 -1865.0000000000
2289 -1864.0000000000
2297 -1863.0000000000
2360 -1862.0000000000
2399 -1860.0000000000
2424 -1858.0000000000
2429 -1857.0000000000
2477 -1856.0000000000
2510 -1855.0000000000
2534 -1854.0000000000
2539 -1853.0000000000
2551 -1852.0000000000
2553 -1851.0000000000
2607 -1850.0000000000
2648 -1849.0000000000
2649 -1848.0000000000
2738 -1847.0000000000
2780 -1846.0000000000
2820 -1844.0000000000
2870 -1843.0000000000
2885 -1842.0000000000
2934 -1840.0000000000
2937 -1838.0000000000
3045 -1837.0000000000
3081 -1836.0000000000
3099 -1835.0000000000
3114 -1834.0000000000
3163 -1832.0000000000
3246 -1831.0000000000
3267 -1830.0000000000
3293 -1829.0000000000
3307 -1828.0000000000
3330 -1827.0000000000
3332 -1826.0000000000
3394 -1824.0000000000
3422 -1823.0000000000
3494 -1821.0000000000
3544 -1820.0000000000
3554 -1819.0000000000
3555 -1818.0000000000
3623 -1817.0000000000
3655 -1815.0000000000
3690 -1814.0000000000
3710 -1813.0000000000
3747 -1812.0000000000
3768 -1811.0000000000
3814 -1810.0000000000
3864 -1808.0000000000
3960 -1807.0000000000
3970 -1806.0000000000
3994 -1805.0000000000
4024 -1804.0000000000
4045 -1803.0000000000
4047 -1800.0000000000
4075 -1799.0000000000
4101 -1798.0000000000
4141 -1797.0000000000
4161 -1796.0000000000
4180 -1795.0000000000
4240 -1794.0000000000
4278 -1793.0000000000
4308 -1791.0000000000
4353 -1790.0000000000
4379 -1789.0000000000
4433 -1788.0000000000
4436 -1787.0000000000
4503 -1786.0000000000
4536 -1785.0000000000
4585 -1784.0000000000
4591 -1783.0000000000
4622 -1782.0000000000
4659 -1780.0000000000
4707 -1778.0000000000
4747 -1775.0000000000
4795 -1774.0000000000
4843 -1773.0000000000
4891 -1772.0000000000
4901 -1771.0000000000
4938 -1769.0000000000
4966 -1768.0000000000
5041 -1767.0000000000
5073 -1766.0000000000
5104 -1765.0000000000
5141 -1764.0000000000
5161 -1762.0000000000
5216 -1761.0000000000
5254 -1759.0000000000
5289 -1757.0000000000
5337 -1756.0000000000
5371 -1755.0000000000
5408 -1754.0000000000
5411 -1753.0000000000
5434 -1752.0000000000
5443 -1751.0000000000
5521 -1750.0000000000
5523 -1749.0000000000
5561 -1748.0000000000
5567 -1747.0000000000
5617 -1746.0000000000
5648 -1744.0000000000
5681 -1743.0000000000
5703 -1742.0000000000
5739 -1741.0000000000
5755 -1739.0000000000
5767 -1737.0000000000
5784 -1736.0000000000
5788 -1735.0000000000
5843 -1734.0000000000
5870 -1733.0000000000
5916 -1732.0000000000
5927 -1731.0000000000
5942 -1730.0000000000
5990 -1728.0000000000
6066 -1726.0000000000
6099 -1725.0000000000
6127 -1724.0000000000
6157 -1723.0000000000
6198 -1722.0000000000
6243 -1721.0000000000
6261 -1719.0000000000
6338 -1718.0000000000
6362 -1717.0000000000
6370 -1715.0000000000
6400 -1714.0000000000
6431 -1713.0000000000
6437 -1712.0000000000
6465 -1711.0000000000
6505 -1710.0000000000
6525 -1709.0000000000
6564 -1708.0000000000
6609 -1707.0000000000
6621 -1706.0000000000
6633 -1705.0000000000
6682 -1704.0000000000
6735 -1703.0000000000
6738 -1702.0000000000
6760 -1701.0000000000
6778 -1699.0000000000
6827 -1698.0000000000
6872 -1696.0000000000
6896 -1695.0000000000
6945 -1694.0000000000
6983 -1693.0000000000
7010 -1691.0000000000
7081 -1690.0000000000
7099 -1689.0000000000
7104 -1688.0000000000
7108 -1687.0000000000
7128 -1685.0000000000
7170 -1684.0000000000
7233 -1683.0000000000
7295 -1682.0000000000
7322 -1681.0000000000
7331 -1680.0000000000
7340 -1676.0000000000
7387 -1675.0000000000
7424 -1673.0000000000
7467 -1671.0000000000
7477 -1670.0000000000
7504 -1669.0000000000
7548 -1668.0000000000
7583 -1667.0000000000
7655 -1666.0000000000
7672 -1665.0000000000
7714 -1663.0000000000
7765 -1662.0000000000
7788 -1661.0000000000
7828 -1660.0000000000
7855 -1659.0000000000
7943 -1658.0000000000
7968 -1657.0000000000
7994 -1655.0000000000
8011 -1654.0000000000
8029 -1653.0000000000
8073 -1652.0000000000
8082 -1651.0000000000
8105 -1650.0000000000
8121 -1649.0000000000
8138 -1648.0000000000
8191 -1647.0000000000
8223 -1646.0000000000
8261 -1645.0000000000
8271 -1644.0000000000
8281 -1642.0000000000
8296 -1641.0000000000
8337 -1640.0000000000
8347 -1639.0000000000
8402 -1638.0000000000
8411 -1637.0000000000
8433 -1636.0000000000
8435 -1635.0000000000
8454 -1634.0000000000
8472 -1633.0000000000
8514 -1632.0000000000
8530 -1631.0000000000
8568 -1630.0000000000
8589 -1629.0000000000
8655 -1628.0000000000
8696 -1627.0000000000
8767 -1625.0000000000
8832 -1624.0000000000
8891 -1623.0000000000
8912 -1622.0000000000
8920 -1620.0000000000
8955 -1619.0000000000
9029 -1618.0000000000
9042 -1617.0000000000
9072 -1616.0000000000
9150 -1615.0000000000
9165 -1613.0000000000
9230 -1612.0000000000
9277 -1611.0000000000
9320 -1610.0000000000
9327 -1609.0000000000
9387 -1608.0000000000
9412 -1607.0000000000
9424 -1606.0000000000
9468 -1605.0000000000
9494 -1604.0000000000
9530 -1603.0000000000
9569 -1602.0000000000
9586 -1601.0000000000
9634 -1600.0000000000
9676 -1599.0000000000
9699 -1598.0000000000
9751 -1597.0000000000
9753 -1594.0000000000
9820 -1593.0000000000
9855 -1591.0000000000
9895 -1590.0000000000
9921 -1589.0000000000
9977 -1588.0000000000
10018 -1587.0000000000
10020 -1585.0000000000
10050 -1587.0000000000
evaluations raw_y
1 -2021.0000000000
2 -2008.0000000000
3 -1986.0000000000
6 -1950.0000000000
7 -1948.0000000000
13 -1937.0000000000
17 -1930.0000000000
147 -1929.0000000000
165 -1927.0000000000
186 -1926.0000000000
211 -1925.0000000000
241 -1924.0000000000
267 -1923.0000000000
270 -1922.0000000000
290 -1921.0000000000
301 -1919.0000000000
365 -1918.0000000000
368 -1916.0000000000
381 -1914.0000000000
415 -1913.0000000000
434 -1912.0000000000
484 -1911.0000000000
506 -1910.0000000000
517 -1908.0000000000
547 -1906.0000000000
582 -1904.0000000000
630 -1903.0000000000
673 -1902.0000000000
691 -1901.0000000000
717 -1900.0000000000
734 -1899.0000000000
781 -1898.0000000000
805 -1897.0000000000
828 -1895.0000000000
875 -1894.0000000000
904 -1893.0000000000
925 -1892.0000000000
934 -1891.0000000000
968 -1890.0000000000
989 -1889.0000000000
1011 -1888.0000000000
1053 -1886.0000000000
1096 -1885.0000000000
1101 -1884.0000000000
1112 -1883.0000000000
1173 -1882.0000000000
1181 -1881.0000000000
1220 -1880.0000000000
1249 -1879.0000000000
1283 -1878.0000000000
1329 -1877.0000000000
1356 -1876.0000000000
1362 -1875.0000000000
1375 -1874.0000000000
1414 -1872.0000000000
1456 -1871.0000000000
1472 -1870.0000000000
1481 -1869.0000000000
1543 -1868.0000000000
1548 -1867.0000000000
1558 -1866.0000000000
1564 -1865.0000000000
1569 -1864.0000000000
1640 -1863.0000000000
1644 -1862.0000000000
1650 -1861.0000000000
1686 -1859.0000000000
1750 -1856.0000000000
1831 -1855.0000000000
1859 -1853.0000000000
1904 -1852.0000000000
1927 -1851.0000000000
1966 -1850.0000000000
1983 -1849.0000000000
1984 -1848.0000000000
1995 -1847.0000000000
2017 -1846.0000000000
2105 -1845.0000000000
2130 -1844.0000000000
2141 -1843.0000000000
2164 -1841.0000000000
2212 -1840.0000000000
2252 -1839.0000000000
2301 -1838.0000000000
2329 -1837.0000000000
2362 -1836.0000000000
2381 -1835.0000000000
2392 -1834.0000000000
2449 -1833.0000000000
2468 -1832.0000000000
2479 -1831.0000000000
2494 -1830.0000000000
2539 -1829.0000000000
2553 -1828.0000000000
2570 -1827.0000000000
2634 -1826.0000000000
2646 -1825.0000000000
2650 -1824.0000000000
2718 -1823.0000000000
2738 -1822.0000000000
2744 -1821.0000000000
2759 -1820.0000000000
2802 -1819.0000000000
2838 -1818.0000000000
2840 -1817.0000000000
2883 -1816.0000000000
2902 -1815.0000000000
2912 -1814.0000000000
2937 -1813.0000000000
2965 -1812.0000000000
3022 -1811.0000000000
3046 -1810.0000000000
3061 -1809.0000000000
3106 -1808.0000000000
3117 -1807.0000000000
3130 -1806.0000000000
3180 -1805.0000000000
3198 -1804.0000000000
3215 -1803.0000000000
3256 -1801.0000000000
3323 -1800.0000000000
3360 -1798.0000000000
3382 -1797.0000000000
3405 -1796.0000000000
3444 -1795.0000000000
3462 -1792.0000000000
3472 -1791.0000000000
3479 -1790.0000000000
3500 -1789.0000000000
3513 -1788.0000000000
3530 -1787.0000000000
3553 -1786.0000000000
3580 -1785.0000000000
3628 -1784.0000000000
3711 -1783.0000000000
3725 -1781.0000000000
3791 -1780.0000000000
3808 -1779.0000000000
3829 -1778.0000000000
3849 -1777.0000000000
3866 -1776.0000000000
3886 -1775.0000000000
3951 -1774.0000000000
3955 -1773.0000000000
3963 -1772.0000000000
4040 -1771.0000000000
4087 -1770.0000000000
4109 -1769.0000000000
4148 -1768.0000000000
4150 -1767.0000000000
4156 -1766.0000000000
4191 -1765.0000000000
4194 -1764.0000000000
4225 -1763.0000000000
4231 -1761.0000000000
4239 -1760.0000000000
4249 -1759.0000000000
4305 -1758.0000000000
4325 -1757.0000000000
4355 -1756.0000000000
4386 -1755.0000000000
4419 -1754.0000000000
4432 -1753.0000000000
4444 -1752.0000000000
4477 -1748.0000000000
4480 -1747.0000000000
4490 -1746.0000000000
4513 -1745.0000000000
4517 -1744.0000000000
4522 -1742.0000000000
4575 -1740.0000000000
4646 -1739.0000000000
4672 -1738.0000000000
4684 -1737.0000000000
4694 -1736.0000000000
4750 -1735.0000000000
4771 -1734.0000000000
4793 -1733.0000000000
4803 -1732.0000000000
4825 -1731.0000000000
4856 -1730.0000000000
4902 -1729.0000000000
4937 -1728.0000000000
4981 -1727.0000000000
4994 -1726.0000000000
5031 -1725.0000000000
5052 -1724.0000000000
5102 -1723.0000000000
5114 -1722.0000000000
5138 -1721.0000000000
5171 -1720.0000000000
5227 -1718.0000000000
5242 -1717.0000000000
5302 -1715.0000000000
5303 -1714.0000000000
5332 -1713.0000000000
5358 -1712.0000000000
5388 -1711.0000000000
5421 -1710.0000000000
5436 -1709.0000000000
5446 -1708.0000000000
5504 -1707.0000000000
5521 -1706.0000000000
5542 -1705.0000000000
5560 -1704.0000000000
5605 -1703.0000000000
5625 -1701.0000000000
5652 -1700.0000000000
5703 -1699.0000000000
5740 -1698.0000000000
5799 -1696.0000000000
5826 -1695.0000000000
5840 -1693.0000000000
5841 -1691.0000000000
5890 -1690.0000000000
5904 -1689.0000000000
5948 -1688.0000000000
5977 -1687.0000000000
6017 -1686.0000000000
6018 -1685.0000000000
6086 -1682.0000000000
6141 -1681.0000000000
6193 -1680.0000000000
6196 -1679.0000000000
6244 -1678.0000000000
6302 -1677.0000000000
6304 -1676.0000000000
6321 -1675.0000000000
6357 -1674.0000000000
6392 -1672.0000000000
6393 -1671.0000000000
6464 -1670.0000000000
6514 -1669.0000000000
6548 -1668.0000000000
6572 -1667.0000000000
6598 -1666.0000000000
6617 -1665.0000000000
6690 -1664.0000000000
6720 -1662.0000000000
6763 -1661.0000000000
6774 -1660.0000000000
6819 -1659.0000000000
6836 -1658.0000000000
6856 -1657.0000000000
6864 -1656.0000000000
6874 -1654.0000000000
6937 -1653.0000000000
6958 -1652.0000000000
6971 -1649.0000000000
7005 -1648.0000000000
7026 -1647.0000000000
7066 -1645.0000000000
7149 -1644.0000000000
7155 -1642.0000000000
7210 -1641.0000000000
7255 -1640.0000000000
7291 -1639.0000000000
7349 -1637.0000000000
7395 -1636.0000000000
7414 -1635.0000000000
7418 -1634.0000000000
7435 -1633.0000000000
7467 -1632.0000000000
7502 -1631.0000000000
7514 -1630.0000000000
7559 -1628.0000000000
7563 -1624.0000000000
7615 -1622.0000000000
7633 -1621.0000000000
7670 -1620.0000000000
7699 -1619.0000000000
7743 -1618.0000000000
7782 -1617.0000000000
7856 -1616.0000000000
7867 -1615.0000000000
7898 -1614.0000000000
7917 -1613.0000000000
7953 -1612.0000000000
7995 -1611.0000000000
7998 -1610.0000000000
8023 -1609.0000000000
8062 -1607.0000000000
8105 -1606.0000000000
8158 -1604.0000000000
8202 -1603.0000000000
8215 -1602.0000000000
8238 -1601.0000000000
8255 -1600.0000000000
8285 -1599.0000000000
8294 -1598.0000000000
8311 -1597.0000000000
8389 -1596.0000000000
8430 -1594.0000000000
8448 -1593.0000000000
8453 -1592.0000000000
8505 -1591.0000000000
8521 -1590.0000000000
8568 -1589.0000000000
8598 -1588.0000000000
8615 -1587.0000000000
8672 -1586.0000000000
8693 -1584.0000000000
8787 -1583.0000000000
8794 -1582.0000000000
8889 -1581.0000000000
8927 -1580.0000000000
8965 -1578.0000000000
9019 -1577.0000000000
9020 -1576.0000000000
9059 -1575.0000000000
9077 -1574.0000000000
9175 -1573.0000000000
9199 -1572.0000000000
9262 -1571.0000000000
9275 -1570.0000000000
9304 -1569.0000000000
9337 -1568.0000000000
9377 -1567.0000000000
9397 -1566.0000000000
9432 -1565.0000000000
9453 -1562.0000000000
9550 -1561.0000000000
9576 -1559.0000000000
9604 -1558.0000000000
9643 -1557.0000000000
9681 -1556.0000000000
9719 -1555.0000000000
9729 -1554.0000000000
9762 -1553.0000000000
9794 -1551.0000000000
9890 -1550.0000000000
9952 -1548.0000000000
10023 -1546.0000000000
10047 -1545.0000000000
10050 -1546.0000000000
evaluations raw_y
1 -2018.0000000000
6 -2003.0000000000
8 -1989.0000000000
11 -1979.0000000000
14 -1969.0000000000
15 -1961.0000000000
17 -1948.0000000000
18 -1941.0000000000
29 -1933.0000000000
113 -1932.0000000000
168 -1931.0000000000
182 -1930.0000000000
203 -1929.0000000000
211 -1928.0000000000
233 -1927.0000000000
270 -1926.0000000000
312 -1925.0000000000
313 -1923.0000000000
337 -1922.0000000000
342 -1920.0000000000
413 -1919.0000000000
428 -1918.0000000000
469 -1915.0000000000
500 -1914.0000000000
561 -1913.0000000000
591 -1911.0000000000
643 -1910.0000000000
689 -1909.0000000000
717 -1908.0000000000
719 -1907.0000000000
771 -1906.0000000000
808 -1904.0000000000
842 -1902.0000000000
872 -1901.0000000000
902 -1900.0000000000
939 -1898.0000000000
982 -1896.0000000000
993 -1894.0000000000
1047 -1893.0000000000
1077 -1892.0000000000
1095 -1891.0000000000
1129 -1890.0000000000
1133 -1889.0000000000
1158 -1888.0000000000
1177 -1887.0000000000
1229 -1886.0000000000
1261 -1885.0000000000
1266 -1884.0000000000
1283 -1881.0000000000
1345 -1879.0000000000
1394 -1878.0000000000
1401 -1877.0000000000
1443 -1876.0000000000
1526 -1875.0000000000
1569 -1874.0000000000
1573 -1872.0000000000
1624 -1871.0000000000
1640 -1868.0000000000
1702 -1867.0000000000
1732 -1866.0000000000
1742 -1864.0000000000
1763 -1863.0000000000
1829 -1862.0000000000
1865 -1861.0000000000
1892 -1860.0000000000
1943 -1859.0000000000
1946 -1858.0000000000
2007 -1855.0000000000
2015 -1854.0000000000
2026 -1853.0000000000
2039 -1850.0000000000
2049 -1849.0000000000
2093 -1848.0000000000
2109 -1847.0000000000
2119 -1846.0000000000
2201 -1845.0000000000
2211 -1844.0000000000
2276 -1842.0000000000
2335 -1840.0000000000
2355 -1838.0000000000
2379 -1837.0000000000
2442 -1835.0000000000
2463 -1834.0000000000
2477 -1833.0000000000
2519 -1832.0000000000
2542 -1831.0000000000
2593 -1830.0000000000
2605 -1829.0000000000
2645 -1828.0000000000
2668 -1827.0000000000
2684 -1825.0000000000
2734 -1823.0000000000
2775 -1821.0000000000
2807 -1820.0000000000
2879 -1819.0000000000
2943 -1818.0000000000
2956 -1817.0000000000
2998 -1816.0000000000
3012 -1815.0000000000
3032 -1814.0000000000
3055 -1813.0000000000
3096 -1812.0000000000
3103 -1811.0000000000
3142 -1810.0000000000
3160 -1809.0000000000
3211 -1808.0000000000
3273 -1807.0000000000
3294 -1805.0000000000
3318 -1804.0000000000
3348 -1801.0000000000
3360 -1800.0000000000
3414 -1798.0000000000
3424 -1797.0000000000
3455 -1795.0000000000
3505 -1794.0000000000
3560 -1793.0000000000
3567 -1792.0000000000
3613 -1791.0000000000
3635 -1790.0000000000
3729 -1788.0000000000
3753 -1787.0000000000
3801 -1786.0000000000
3818 -1785.0000000000
3842 -1784.0000000000
3869 -1783.0000000000
3915 -1782.0000000000
3932 -1781.0000000000
3949 -1779.0000000000
4009 -1778.0000000000
4018 -1777.0000000000
4111 -1775.0000000000
4156 -1774.0000000000
4181 -1772.0000000000
4183 -1771.0000000000
4258 -1770.0000000000
4260 -1769.0000000000
4331 -1768.0000000000
4354 -1767.0000000000
4405 -1766.0000000000
4430 -1765.0000000000
4456 -1763.0000000000
4539 -1762.0000000000
4549 -1761.0000000000
4561 -1760.0000000000
4565 -1759.0000000000
4621 -1758.0000000000
4646 -1756.0000000000
4682 -1754.0000000000
4694 -1753.0000000000
4699 -1752.0000000000
4730 -1751.0000000000
4769 -1750.0000000000
4796 -1749.0000000000
4818 -1748.0000000000
4843 -1747.0000000000
4861 -1746.0000000000
4889 -1744.0000000000
4897 -1743.0000000000
4940 -1742.0000000000
4968 -1741.0000000000
4989 -1740.0000000000
4993 -1739.0000000000
5049 -1738.0000000000
5060 -1737.0000000000
5069 -1735.0000000000
5141 -1734.0000000000
5164 -1733.0000000000
5180 -1731.0000000000
5193 -1730.0000000000
5235 -1729.0000000000
5251 -1728.0000000000
5279 -1727.0000000000
5342 -1726.0000000000
5390 -1725.0000000000
5403 -1724.0000000000
5479 -1723.0000000000
5501 -1722.0000000000
5536 -1721.0000000000
5550 -1720.0000000000
5589 -1719.0000000000
5611 -1718.0000000000
5626 -1717.0000000000
5650 -1715.0000000000
5671 -1713.0000000000
5699 -1711.0000000000
5709 -1710.0000000000
5730 -1709.0000000000
5739 -1708.0000000000
5754 -1707.0000000000
5763 -1704.0000000000
5771 -1703.0000000000
5825 -1702.0000000000
5849 -1701.0000000000
5886 -1700.0000000000
5931 -1699.0000000000
5950 -1698.0000000000
5971 -1697.0000000000
5991 -1696.0000000000
6000 -1695.0000000000
6045 -1694.0000000000
6085 -1693.0000000000
6125 -1692.0000000000
6186 -1691.0000000000
6198 -1690.0000000000
6208 -1688.0000000000
6256 -1687.0000000000
6291 -1685.0000000000
6356 -1684.0000000000
6372 -1683.0000000000
6425 -1681.0000000000
6432 -1680.0000000000
6504 -1679.0000000000
6533 -1677.0000000000
6594 -1676.0000000000
6628 -1675.0000000000
6631 -1674.0000000000
6688 -1673.0000000000
6696 -1672.0000000000
6734 -1671.0000000000
6749 -1669.0000000000
6822 -1668.0000000000
6866 -1666.0000000000
6889 -1665.0000000000
6909 -1664.0000000000
6980 -1663.0000000000
7003 -1662.0000000000
7013 -1661.0000000000
7056 -1660.0000000000
7123 -1658.0000000000
7171 -1657.0000000000
7232 -1656.0000000000
7279 -1655.0000000000
7293 -1654.0000000000
7336 -1652.0000000000
7404 -1651.0000000000
7432 -1649.0000000000
7508 -1648.0000000000
7529 -1647.0000000000
7537 -1646.0000000000
7551 -1645.0000000000
7572 -1644.0000000000
7596 -1643.0000000000
7640 -1642.0000000000
7641 -1641.0000000000
7721 -1640.0000000000
7727 -1639.0000000000
7780 -1638.0000000000
7828 -1637.0000000000
7864 -1636.0000000000
7874 -1635.0000000000
7930 -1634.0000000000
7932 -1633.0000000000
7968 -1632.0000000000
8009 -1631.0000000000
8063 -1630.0000000000
8082 -1629.0000000000
8115 -1627.0000000000
8165 -1626.0000000000
8201 -1625.0000000000
8252 -1624.0000000000
8269 -1623.0000000000
8329 -1622.0000000000
8351 -1620.0000000000
8384 -1618.0000000000
8461 -1616.0000000000
8523 -1615.0000000000
8527 -1614.0000000000
8537 -1613.0000000000
8568 -1612.0000000000
8673 -1611.0000000000
8694 -1609.0000000000
8717 -1608.0000000000
8722 -1606.0000000000
8762 -1605.0000000000
8821 -1603.0000000000
8910 -1602.0000000000
8932 -1601.0000000000
8959 -1599.0000000000
9013 -1598.0000000000
9040 -1596.0000000000
9087 -1595.0000000000
9121 -1593.0000000000
9225 -1592.0000000000
9240 -1591.0000000000
9275 -1587.0000000000
9294 -1586.0000000000
9329 -1585.0000000000
9372 -1584.0000000000
9406 -1583.0000000000
9424 -1582.0000000000
9443 -1581.0000000000
9456 -1580.0000000000
9518 -1578.0000000000
9528 -1577.0000000000
9591 -1576.0000000000
9623 -1575.0000000000
9673 -1574.0000000000
9714 -1573.0000000000
9742 -1572.0000000000
9765 -1571.0000000000
9782 -1570.0000000000
9832 -1567.0000000000
9911 -1566.0000000000
9923 -1565.0000000000
9945 -1564.0000000000
9967 -1563.0000000000
10034 -1562.0000000000
10050 -1566.0000000000
evaluations raw_y
1 -2041.0000000000
2 -1970.0000000000
12 -1963.0000000000
47 -1960.0000000000
117 -1959.0000000000
132 -1957.0000000000
165 -1956.0000000000
179 -1955.0000000000
218 -1954.0000000000
244 -1953.0000000000
273 -1952.0000000000
278 -1949.0000000000
294 -1948.0000000000
361 -1947.0000000000
387 -1946.0000000000
441 -1945.0000000000
462 -1944.0000000000
483 -1943.0000000000
533 -1942.0000000000
556 -1941.0000000000
558 -1939.0000000000
576 -1938.0000000000
602 -1937.0000000000
613 -1933.0000000000
626 -1930.0000000000
733 -1929.0000000000
754 -1927.0000000000
761 -1925.0000000000
777 -1923.0000000000
791 -1922.0000000000
846 -1921.0000000000
871 -1920.0000000000
891 -1919.0000000000
918 -1918.0000000000
934 -1917.0000000000
953 -1916.0000000000
970 -1915.0000000000
990 -1914.0000000000
1031 -1913.0000000000
1053 -1911.0000000000
1110 -1909.0000000000
1158 -1908.0000000000
1162 -1907.0000000000
1205 -1906.0000000000
1234 -1905.0000000000
1247 -1904.0000000000
1257 -1901.0000000000
1336 -1900.0000000000
1340 -1899.0000000000
1352 -1898.0000000000
1381 -1897.0000000000
1402 -1896.0000000000
1419 -1894.0000000000
1438 -1893.0000000000
1456 -1892.0000000000
1457 -1890.0000000000
1492 -1889.0000000000
1544 -1888.0000000000
1566 -1887.0000000000
1602 -1884.0000000000
1693 -1883.0000000000
1720 -1882.0000000000
1742 -1879.0000000000
1745 -1878.0000000000
1831 -1876.0000000000
1869 -1874.0000000000
1912 -1871.0000000000
1953 -1869.0000000000
1994 -1867.0000000000
2059 -1866.0000000000
2084 -1865.0000000000
2109 -1864.0000000000
2130 -1862.0000000000
2161 -1861.0000000000
2211 -1859.0000000000
2247 -1857.0000000000
2305 -1856.0000000000
2377 -1855.0000000000
2388 -1854.0000000000
2400 -1853.0000000000
2406 -1852.0000000000
2452 -1851.0000000000
2493 -1850.0000000000
2501 -1849.0000000000
2542 -1847.0000000000
2565 -1846.0000000000
2602 -1845.0000000000
2609 -1844.0000000000
2687 -1843.0000000000
2709 -1842.0000000000
2752 -1841.0000000000
2768 -1840.0000000000
2776 -1839.0000000000
2809 -1838.0000000000
2833 -1836.0000000000
2848 -1835.0000000000
2868 -1834.0000000000
2927 -1833.0000000000
2958 -1832.0000000000
2970 -1831.0000000000
2984 -1830.0000000000
3012 -1829.0000000000
3050 -1828.0000000000
3056 -1827.0000000000
3085 -1826.0000000000
3122 -1825.0000000000
3142 -1824.0000000000
3158 -1823.0000000000
3215 -1822.0000000000
3247 -1820.0000000000
3283 -1819.0000000000
3291 -1816.0000000000
3351 -1815.0000000000
3360 -1814.0000000000
3366 -1813.0000000000
3378 -1812.0000000000
3400 -1811.0000000000
3448 -1810.0000000000
3457 -1808.0000000000
3490 -1807.0000000000
3543 -1806.0000000000
3555 -1805.0000000000
3583 -1804.0000000000
3598 -1803.0000000000
3640 -1801.0000000000
3711 -1799.0000000000
3770 -1798.0000000000
3797 -1797.0000000000
3819 -1796.0000000000
3831 -1795.0000000000
3883 -1794.0000000000
3918 -1793.0000000000
3938 -1792.0000000000
3943 -1791.0000000000
3975 -1790.0000000000
4002 -1789.0000000000
4053 -1788.0000000000
4079 -1787.0000000000
4085 -1785.0000000000
4181 -1783.0000000000
4239 -1782.0000000000
4254 -1780.0000000000
4302 -1779.0000000000
4319 -1778.0000000000
4377 -1776.0000000000
4405 -1775.0000000000
4419 -1774.0000000000
4427 -1773.0000000000
4439 -1772.0000000000
4483 -1771.0000000000
4497 -1770.0000000000
4530 -1769.0000000000
4538 -1768.0000000000
4568 -1767.0000000000
4571 -1766.0000000000
4589 -1765.0000000000
4635 -1763.0000000000
4644 -1762.0000000000
4679 -1761.0000000000
4684 -1760.0000000000
4767 -1759.0000000000
4776 -1758.0000000000
4800 -1757.0000000000
4811 -1756.0000000000
4860 -1755.0000000000
4878 -1754.0000000000
4949 -1753.0000000000
4986 -1752.0000000000
5006 -1750.0000000000
5073 -1749.0000000000
5122 -1748.0000000000
5140 -1746.0000000000
5154 -1745.0000000000
5189 -1743.0000000000
5270 -1742.0000000000
5284 -1741.0000000000
5315 -1740.0000000000
5341 -1738.0000000000
5360 -1737.0000000000
5365 -1736.0000000000
5392 -1734.0000000000
5441 -1733.0000000000
5510 -1732.0000000000
5517 -1731.0000000000
5542 -1730.0000000000
5563 -1729.0000000000
5571 -1728.0000000000
5617 -1727.0000000000
5637 -1725.0000000000
5689 -1724.0000000000
5717 -1721.0000000000
5753 -1718.0000000000
5812 -1717.0000000000
5841 -1716.0000000000
5892 -1715.0000000000
5923 -1714.0000000000
5959 -1713.0000000000
5987 -1712.0000000000
5989 -1711.0000000000
6027 -1710.0000000000
6070 -1709.0000000000
6090 -1708.0000000000
6137 -1707.0000000000
6175 -1706.0000000000
6179 -1704.0000000000
6234 -1703.0000000000
6257 -1702.0000000000
6286 -1701.0000000000
6298 -1700.0000000000
6347 -1699.0000000000
6398 -1697.0000000000
6457 -1696.0000000000
6464 -1695.0000000000
6529 -1694.0000000000
6564 -1693.0000000000
6604 -1691.0000000000
6676 -1690.0000000000
6703 -1688.0000000000
6745 -1687.0000000000
6768 -1685.0000000000
6803 -1684.0000000000
6869 -1683.0000000000
6903 -1682.0000000000
6920 -1680.0000000000
6970 -1679.0000000000
6989 -1678.0000000000
7017 -1677.0000000000
7054 -1676.0000000000
7061 -1675.0000000000
7122 -1674.0000000000
7146 -1673.0000000000
7173 -1671.0000000000
7237 -1669.0000000000
7262 -1668.0000000000
7282 -1666.0000000000
7330 -1665.0000000000
7339 -1663.0000000000
7403 -1662.0000000000
7441 -1661.0000000000
7484 -1659.0000000000
7544 -1658.0000000000
7562 -1657.0000000000
7634 -1656.0000000000
7701 -1655.0000000000
7750 -1654.0000000000
7772 -1653.0000000000
7808 -1652.0000000000
7813 -1651.0000000000
7859 -1650.0000000000
7868 -1649.0000000000
7894 -1648.0000000000
7906 -1647.0000000000
7908 -1646.0000000000
7933 -1645.0000000000
7996 -1644.0000000000
8010 -1643.0000000000
8022 -1641.0000000000
8088 -1640.0000000000
8168 -1639.0000000000
8179 -1638.0000000000
8181 -1637.0000000000
8193 -1636.0000000000
8261 -1634.0000000000
8289 -1633.0000000000
8301 -1632.0000000000
8338 -1631.0000000000
8361 -1630.0000000000
8367 -1629.0000000000
8420 -1627.0000000000
8451 -1626.0000000000
8488 -1625.0000000000
8490 -1624.0000000000
8540 -1622.0000000000
8619 -1621.0000000000
8656 -1620.0000000000
8675 -1619.0000000000
8750 -1617.0000000000
8790 -1616.0000000000
8832 -1615.0000000000
8845 -1614.0000000000
8894 -1613.0000000000
8925 -1611.0000000000
8992 -1610.0000000000
9048 -1609.0000000000
9052 -1608.0000000000
9061 -1607.0000000000
9131 -1606.0000000000
9143 -1605.0000000000
9215 -1603.0000000000
9278 -1601.0000000000
9289 -1600.0000000000
9293 -1598.0000000000
9342 -1597.0000000000
9395 -1596.0000000000
9452 -1595.0000000000
9470 -1594.0000000000
9528 -1593.0000000000
9546 -1591.0000000000
9634 -1590.0000000000
9650 -1588.0000000000
9675 -1586.0000000000
9680 -1585.0000000000
9717 -1584.0000000000
9721 -1582.0000000000
9795 -1581.0000000000
9807 -1580.0000000000
9825 -1579.0000000000
9870 -1578.0000000000
9892 -1576.0000000000
9907 -1575.0000000000
9930 -1574.0000000000
10034 -1573.0000000000
10050 -1574.0000000000
evaluations raw_y
1 -1979.0000000000
3 -1961.0000000000
7 -1933.0000000000
26 -1931.0000000000
92 -1930.0000000000
105 -1928.0000000000
180 -1927.0000000000
227 -1926.0000000000
228 -1925.0000000000
251 -1924.0000000000
261 -1923.0000000000
294 -1922.0000000000
342 -1921.0000000000
353 -1920.0000000000
366 -1918.0000000000
399 -1916.0000000000
426 -1915.0000000000
438 -1914.0000000000
445 -1913.0000000000
491 -1912.0000000000
543 -1911.0000000000
561 -1909.0000000000
629 -1906.0000000000
685 -1904.0000000000
736 -1903.0000000000
774 -1902.0000000000
782 -1901.0000000000
840 -1900.0000000000
841 -1898.0000000000
879 -1896.0000000000
919 -1894.0000000000
938 -1891.0000000000
1004 -1890.0000000000
1049 -1889.0000000000
1131 -1888.0000000000
1152 -1887.0000000000
1179 -1886.0000000000
1227 -1885.0000000000
1243 -1884.0000000000
1284 -1883.0000000000
1322 -1882.0000000000
1326 -1881.0000000000
1365 -1878.0000000000
1451 -1877.0000000000
1482 -1876.0000000000
1539 -1874.0000000000
1601 -1873.0000000000
1625 -1872.0000000000
1642 -1871.0000000000
1654 -1870.0000000000
1741 -1869.0000000000
1779 -1868.0000000000
1804 -1867.0000000000
1834 -1866.0000000000
1848 -1865.0000000000
1856 -1864.0000000000
1898 -1863.0000000000
1943 -1862.0000000000
1972 -1860.0000000000
2006 -1859.0000000000
2015 -1857.0000000000
2055 -1856.0000000000
2109 -1855.0000000000
2118 -1853.0000000000
2160 -1851.0000000000
2186 -1850.0000000000
2210 -1848.0000000000
2277 -1847.0000000000
2318 -1846.0000000000
2323 -1844.0000000000
2342 -1843.0000000000
2368 -1842.0000000000
2421 -1841.0000000000
2464 -1839.0000000000
2523 -1838.0000000000
2525 -1837.0000000000
2559 -1836.0000000000
2577 -1835.0000000000
2594 -1834.0000000000
2632 -1833.0000000000
2653 -1831.0000000000
2699 -1829.0000000000
2711 -1828.0000000000
2768 -1827.0000000000
2823 -1826.0000000000
2843 -1824.0000000000
2885 -1823.0000000000
2921 -1822.0000000000
2946 -1821.0000000000
2973 -1820.0000000000
3002 -1819.0000000000
3055 -1818.0000000000
3063 -1816.0000000000
3092 -1815.0000000000
3093 -1814.0000000000
3111 -1813.0000000000
3152 -1812.0000000000
3193 -1811.0000000000
3211 -1810.0000000000
3242 -1809.0000000000
3245 -1808.0000000000
3314 -1807.0000000000
3334 -1806.0000000000
3360 -1804.0000000000
3402 -1803.0000000000
3437 -1802.0000000000
3462 -1801.0000000000
3495 -1799.0000000000
3510 -1798.0000000000
3511 -1797.0000000000
3567 -1794.0000000000
3600 -1793.0000000000
3618 -1792.0000000000
3653 -1791.0000000000
3677 -1789.0000000000
3751 -1788.0000000000
3769 -1787.0000000000
3780 -1786.0000000000
3804 -1785.0000000000
3835 -1784.0000000000
3859 -1782.0000000000
3885 -1781.0000000000
3917 -1780.0000000000
3955 -1779.0000000000
3977 -1778.0000000000
4021 -1777.0000000000
4041 -1776.0000000000
4068 -1775.0000000000
4075 -1774.0000000000
4107 -1772.0000000000
4134 -1770.0000000000
4200 -1769.0000000000
4235 -1767.0000000000
4309 -1765.0000000000
4331 -1764.0000000000
4382 -1763.0000000000
4388 -1762.0000000000
4418 -1761.0000000000
4499 -1759.0000000000
4552 -1758.0000000000
4603 -1757.0000000000
4604 -1756.0000000000
4642 -1755.0000000000
4653 -1754.0000000000
4657 -1753.0000000000
4666 -1752.0000000000
4722 -1751.0000000000
4781 -1750.0000000000
4799 -1749.0000000000
4845 -1747.0000000000
4860 -1746.0000000000
4872 -1745.0000000000
4919 -1744.0000000000
4954 -1743.0000000000
5029 -1742.0000000000
5031 -1741.0000000000
5071 -1740.0000000000
5078 -1739.0000000000
5112 -1738.0000000000
5138 -1737.0000000000
5153 -1736.0000000000
5172 -1735.0000000000
5192 -1732.0000000000
5208 -1731.0000000000
5306 -1730.0000000000
5314 -1729.0000000000
5331 -1728.0000000000
5382 -1726.0000000000
5431 -1724.0000000000
5458 -1723.0000000000
5459 -1722.0000000000
5498 -1721.0000000000
5505 -1720.0000000000
5536 -1719.0000000000
5552 -1718.0000000000
5573 -1717.0000000000
5576 -1716.0000000000
5647 -1715.0000000000
5659 -1714.0000000000
5671 -1713.0000000000
5691 -1712.0000000000
5713 -1711.0000000000
5743 -1710.0000000000
5808 -1708.0000000000
5811 -1707.0000000000
5881 -1704.0000000000
5896 -1703.0000000000
5917 -1702.0000000000
5931 -1701.0000000000
5943 -1699.0000000000
6011 -1698.0000000000
6054 -1697.0000000000
6092 -1696.0000000000
6141 -1695.0000000000
6175 -1694.0000000000
6216 -1693.0000000000
6231 -1692.0000000000
6254 -1691.0000000000
6275 -1690.0000000000
6327 -1689.0000000000
6351 -1688.0000000000
6371 -1687.0000000000
6397 -1686.0000000000
6430 -1685.0000000000
6446 -1682.0000000000
6476 -1681.0000000000
6483 -1680.0000000000
6543 -1679.0000000000
6546 -1678.0000000000
6553 -1677.0000000000
6588 -1676.0000000000
6611 -1675.0000000000
6659 -1674.0000000000
6722 -1673.0000000000
6747 -1672.0000000000
6757 -1671.0000000000
6781 -1670.0000000000
6819 -1669.0000000000
6847 -1668.0000000000
6890 -1667.0000000000
6957 -1666.0000000000
6986 -1665.0000000000
7009 -1663.0000000000
7057 -1662.0000000000
7074 -1661.0000000000
7141 -1660.0000000000
7146 -1658.0000000000
7173 -1656.0000000000
7231 -1655.0000000000
7248 -1653.0000000000
7300 -1652.0000000000
7314 -1651.0000000000
7320 -1650.0000000000
7352 -1648.0000000000
7464 -1647.0000000000
7465 -1646.0000000000
7532 -1645.0000000000
7549 -1644.0000000000
7566 -1643.0000000000
7602 -1641.0000000000
7664 -1640.0000000000
7742 -1638.0000000000
7750 -1637.0000000000
7772 -1636.0000000000
7871 -1635.0000000000
7884 -1634.0000000000
7907 -1633.0000000000
7957 -1632.0000000000
7976 -1630.0000000000
7997 -1629.0000000000
8013 -1628.0000000000
8036 -1627.0000000000
8061 -1626.0000000000
8085 -1625.0000000000
8116 -1623.0000000000
8174 -1622.0000000000
8217 -1621.0000000000
8235 -1620.0000000000
8260 -1618.0000000000
8315 -1617.0000000000
8374 -1615.0000000000
8385 -1613.0000000000
8424 -1612.0000000000
8459 -1611.0000000000
8519 -1610.0000000000
8523 -1608.0000000000
8552 -1607.0000000000
8572 -1606.0000000000
8599 -1605.0000000000
8602 -1604.0000000000
8642 -1603.0000000000
8665 -1602.0000000000
8699 -1601.0000000000
8712 -1600.0000000000
8726 -1598.0000000000
8737 -1596.0000000000
8802 -1595.0000000000
8823 -1593.0000000000
8892 -1591.0000000000
8903 -1590.0000000000
8970 -1588.0000000000
8976 -1587.0000000000
9054 -1586.0000000000
9105 -1585.0000000000
9142 -1584.0000000000
9154 -1583.0000000000
9235 -1582.0000000000
9286 -1581.0000000000
9310 -1580.0000000000
9327 -1579.0000000000
9382 -1578.0000000000
9384 -1577.0000000000
9431 -1576.0000000000
9443 -1573.0000000000
9500 -1572.0000000000
9565 -1571.0000000000
9583 -1569.0000000000
9591 -1567.0000000000
9661 -1566.0000000000
9665 -1565.0000000000
9687 -1564.0000000000
9728 -1563.0000000000
9747 -1562.0000000000
9807 -1561.0000000000
9865 -1560.0000000000
9935 -1559.0000000000
9977 -1558.0000000000
10014 -1557.0000000000
10042 -1555.0000000000
10050 -1560.0000000000
evaluations raw_y
1 -1988.0000000000
10 -1982.0000000000
16 -1948.0000000000
27 -1947.0000000000
43 -1943.0000000000
125 -1942.0000000000
145 -1940.0000000000
205 -1939.0000000000
258 -1938.0000000000
266 -1937.0000000000
327 -1936.0000000000
353 -1935.0000000000
361 -1934.0000000000
383 -1932.0000000000
387 -1931.0000000000
506 -1930.0000000000
543 -1929.0000000000
550 -1928.0000000000
570 -1927.0000000000
596 -1926.0000000000
645 -1925.0000000000
660 -1924.0000000000
693 -1923.0000000000
738 -1921.0000000000
774 -1920.0000000000
811 -1917.0000000000
893 -1916.0000000000
910 -1914.0000000000
962 -1913.0000000000
974 -1912.0000000000
1008 -1911.0000000000
1059 -1910.0000000000
1070 -1909.0000000000
1122 -1907.0000000000
1162 -1906.0000000000
1179 -1903.0000000000
1186 -1902.0000000000
1220 -1901.0000000000
1250 -1900.0000000000
1290 -1897.0000000000
1359 -1896.0000000000
1361 -1895.0000000000
1417 -1894.0000000000
1419 -1893.0000000000
1485 -1892.0000000000
1487 -1891.0000000000
1494 -1890.0000000000
1530 -1888.0000000000
1571 -1886.0000000000
1617 -1885.0000000000
1644 -1883.0000000000
1663 -1882.0000000000
1707 -1881.0000000000
1732 -1880.0000000000
1760 -1878.0000000000
1791 -1877.0000000000
1830 -1876.0000000000
1837 -1875.0000000000
1883 -1874.0000000000
1885 -1873.0000000000
1895 -1872.0000000000
1907 -1871.0000000000
1934 -1870.0000000000
1983 -1869.0000000000
1995 -1868.0000000000
2006 -1867.0000000000
2075 -1866.0000000000
2084 -1864.0000000000
2131 -1863.0000000000
2161 -1862.0000000000
2166 -1861.0000000000
2200 -1859.0000000000
2238 -1857.0000000000
2291 -1856.0000000000
2356 -1855.0000000000
2382 -1854.0000000000
2432 -1853.0000000000
2443 -1852.0000000000
2479 -1851.0000000000
2514 -1850.0000000000
2517 -1848.0000000000
2625 -1847.0000000000
2685 -1846.0000000000
2698 -1845.0000000000
2735 -1843.0000000000
2803 -1842.0000000000
2851 -1841.0000000000
2895 -1839.0000000000
2966 -1838.0000000000
2998 -1837.0000000000
3010 -1836.0000000000
3016 -1835.0000000000
3033 -1833.0000000000
3055 -1832.0000000000
3092 -1831.0000000000
3120 -1830.0000000000
3160 -1829.0000000000
3199 -1828.0000000000
3243 -1827.0000000000
3258 -1826.0000000000
3280 -1825.0000000000
3327 -1824.0000000000
3339 -1823.0000000000
3354 -1821.0000000000
3437 -1820.0000000000
3474 -1819.0000000000
3486 -1815.0000000000
3487 -1814.0000000000
3504 -1812.0000000000
3513 -1811.0000000000
3558 -1810.0000000000
3567 -1808.0000000000
3573 -1806.0000000000
3599 -1805.0000000000
3647 -1804.0000000000
3684 -1803.0000000000
3713 -1802.0000000000
3722 -1801.0000000000
3750 -1799.0000000000
3763 -1798.0000000000
3771 -1797.0000000000
3812 -1796.0000000000
3834 -1795.0000000000
3852 -1793.0000000000
3929 -1792.0000000000
3934 -1791.0000000000
3975 -1790.0000000000
3990 -1788.0000000000
4030 -1787.0000000000
4076 -1785.0000000000
4115 -1784.0000000000
4152 -1783.0000000000
4163 -1782.0000000000
4186 -1781.0000000000
4210 -1779.0000000000
4303 -1777.0000000000
4348 -1775.0000000000
4387 -1773.0000000000
4450 -1772.0000000000
4493 -1771.0000000000
4514 -1770.0000000000
4590 -1769.0000000000
4637 -1768.0000000000
4671 -1766.0000000000
4685 -1764.0000000000
4794 -1763.0000000000
4808 -1762.0000000000
4822 -1761.0000000000
4842 -1760.0000000000
4865 -1759.0000000000
4884 -1757.0000000000
4917 -1756.0000000000
4927 -1755.0000000000
4939 -1754.0000000000
4987 -1753.0000000000
5011 -1752.0000000000
5028 -1751.0000000000
5063 -1750.0000000000
5080 -1749.0000000000
5133 -1748.0000000000
5142 -1747.0000000000
5172 -1746.0000000000
5200 -1745.0000000000
5241 -1744.0000000000
5272 -1743.0000000000
5305 -1742.0000000000
5340 -1741.0000000000
5350 -1740.0000000000
5352 -1739.0000000000
5411 -1737.0000000000
5451 -1736.0000000000
5463 -1735.0000000000
5495 -1734.0000000000
5514 -1733.0000000000
5528 -1732.0000000000
5538 -1731.0000000000
5610 -1730.0000000000
5614 -1729.0000000000
5619 -1728.0000000000
5638 -1727.0000000000
5692 -1726.0000000000
5731 -1725.0000000000
5733 -1724.0000000000
5740 -1722.0000000000
5845 -1721.0000000000
5853 -1720.0000000000
5877 -1719.0000000000
5928 -1718.0000000000
5986 -1717.0000000000
6033 -1716.0000000000
6061 -1713.0000000000
6103 -1712.0000000000
6147 -1711.0000000000
6158 -1710.0000000000
6207 -1709.0000000000
6226 -1708.0000000000
6249 -1707.0000000000
6286 -1706.0000000000
6327 -1705.0000000000
6354 -1704.0000000000
6395 -1703.0000000000
6427 -1702.0000000000
6454 -1701.0000000000
6492 -1700.0000000000
6506 -1699.0000000000
6529 -1695.0000000000
6537 -1694.0000000000
6591 -1693.0000000000
6603 -1692.0000000000
6714 -1691.0000000000
6744 -1689.0000000000
6778 -1688.0000000000
6805 -1686.0000000000
6839 -1685.0000000000
6881 -1683.0000000000
6892 -1682.0000000000
6943 -1681.0000000000
6993 -1680.0000000000
7007 -1678.0000000000
7071 -1677.0000000000
7096 -1676.0000000000
7131 -1675.0000000000
7169 -1674.0000000000
7198 -1672.0000000000
7219 -1670.0000000000
7257 -1668.0000000000
7304 -1667.0000000000
7368 -1666.0000000000
7408 -1665.0000000000
7456 -1664.0000000000
7518 -1662.0000000000
7553 -1661.0000000000
7555 -1660.0000000000
7561 -1659.0000000000
7626 -1657.0000000000
7648 -1656.0000000000
7667 -1655.0000000000
7680 -1654.0000000000
7692 -1653.0000000000
7708 -1652.0000000000
7732 -1651.0000000000
7788 -1650.0000000000
7832 -1649.0000000000
7857 -1647.0000000000
7883 -1646.0000000000
7925 -1645.0000000000
7986 -1644.0000000000
7999 -1643.0000000000
8005 -1642.0000000000
8028 -1641.0000000000
8084 -1640.0000000000
8097 -1639.0000000000
8162 -1638.0000000000
8190 -1637.0000000000
8247 -1636.0000000000
8283 -1634.0000000000
8312 -1633.0000000000
8352 -1632.0000000000
8400 -1631.0000000000
8454 -1630.0000000000
8480 -1629.0000000000
8506 -1628.0000000000
8512 -1626.0000000000
8584 -1625.0000000000
8613 -1623.0000000000
8631 -1622.0000000000
8642 -1620.0000000000
8655 -1619.0000000000
8679 -1618.0000000000
8683 -1617.0000000000
8721 -1616.0000000000
8765 -1614.0000000000
8784 -1613.0000000000
8846 -1612.0000000000
8871 -1611.0000000000
8921 -1610.0000000000
8927 -1609.0000000000
8963 -1608.0000000000
8988 -1607.0000000000
9047 -1606.0000000000
9052 -1605.0000000000
9081 -1603.0000000000
9120 -1602.0000000000
9196 -1601.0000000000
9239 -1600.0000000000
9298 -1599.0000000000
9332 -1598.0000000000
9348 -1597.0000000000
9414 -1594.0000000000
9435 -1593.0000000000
9476 -1592.0000000000
9503 -1591.0000000000
9530 -1590.0000000000
9556 -1589.0000000000
9563 -1588.0000000000
9593 -1587.0000000000
9617 -1586.0000000000
9624 -1584.0000000000
9625 -1583.0000000000
9649 -1582.0000000000
9713 -1581.0000000000
9740 -1580.0000000000
9755 -1579.0000000000
9795 -1578.0000000000
9809 -1577.0000000000
9866 -1576.0000000000
9874 -1575.0000000000
9931 -1574.0000000000
9943 -1573.0000000000
9956 -1572.0000000000
9980 -1571.0000000000
10016 -1570.0000000000
10032 -1569.0000000000
10043 -1568.0000000000
10050 -1571.0000000000
evaluations raw_y
1 -2004.0000000000
6 -1952.0000000000
21 -1943.0000000000
52 -1942.0000000000
109 -1941.0000000000
178 -1940.0000000000
184 -1939.0000000000
190 -1937.0000000000
269 -1936.0000000000
297 -1935.0000000000
333 -1934.0000000000
334 -1933.0000000000
335 -1932.0000000000
375 -1931.0000000000
391 -1928.0000000000
418 -1927.0000000000
466 -1926.0000000000
495 -1925.0000000000
502 -1924.0000000000
529 -1923.0000000000
585 -1922.0000000000
599 -1920.0000000000
663 -1919.0000000000
716 -1918.0000000000
717 -1917.0000000000
728 -1916.0000000000
750 -1915.0000000000
762 -1914.0000000000
824 -1913.0000000000
844 -1912.0000000000
878 -1911.0000000000
907 -1910.0000000000
938 -1909.0000000000
941 -1908.0000000000
977 -1907.0000000000
980 -1906.0000000000
992 -1904.0000000000
1032 -1903.0000000000
1060 -1902.0000000000
1080 -1901.0000000000
1107 -1900.0000000000
1117 -1898.0000000000
1163 -1897.0000000000
1203 -1896.0000000000
1207 -1894.0000000000
1220 -1893.0000000000
1226 -1892.0000000000
1245 -1891.0000000000
1260 -1890.0000000000
1289 -1889.0000000000
1308 -1888.0000000000
1360 -1887.0000000000
1376 -1886.0000000000
1390 -1885.0000000000
1403 -1882.0000000000
1426 -1881.0000000000
1473 -1880.0000000000
1520 -1878.0000000000
1565 -1877.0000000000
1623 -1876.0000000000
1645 -1875.0000000000
1689 -1873.0000000000
1769 -1871.0000000000
1781 -1870.0000000000
1801 -1869.0000000000
1819 -1868.0000000000
1821 -1866.0000000000
1853 -1863.0000000000
1969 -1862.0000000000
2031 -1861.0000000000
2039 -1860.0000000000
2096 -1858.0000000000
2103 -1857.0000000000
2140 -1856.0000000000
2141 -1855.0000000000
2158 -1854.0000000000
2178 -1853.0000000000
2234 -1852.0000000000
2251 -1851.0000000000
2296 -1850.0000000000
2312 -1849.0000000000
2334 -1848.0000000000
2349 -1846.0000000000
2352 -1845.0000000000
2366 -1844.0000000000
2415 -1843.0000000000
2438 -1842.0000000000
2479 -1841.0000000000
2492 -1840.0000000000
2512 -1839.0000000000
2552 -1838.0000000000
2553 -1837.0000000000
2579 -1835.0000000000
2669 -1834.0000000000
2682 -1833.0000000000
2694 -1831.0000000000
2725 -1830.0000000000
2764 -1829.0000000000
2798 -1828.0000000000
2817 -1827.0000000000
2826 -1826.0000000000
2864 -1825.0000000000
2884 -1824.0000000000
2909 -1823.0000000000
2913 -1822.0000000000
2951 -1821.0000000000
2984 -1819.0000000000
3008 -1818.0000000000
3023 -1815.0000000000
3049 -1813.0000000000
3063 -1812.0000000000
3092 -1811.0000000000
3145 -1810.0000000000
3151 -1809.0000000000
3185 -1808.0000000000
3197 -1807.0000000000
3232 -1805.0000000000
3255 -1804.0000000000
3278 -1803.0000000000
3327 -1802.0000000000
3340 -1801.0000000000
3376 -1800.0000000000
3416 -1799.0000000000
3448 -1798.0000000000
3490 -1797.0000000000
3501 -1796.0000000000
3555 -1794.0000000000
3609 -1793.0000000000
3652 -1792.0000000000
3661 -1791.0000000000
3700 -1790.0000000000
3720 -1789.0000000000
3737 -1788.0000000000
3756 -1787.0000000000
3836 -1786.0000000000
3860 -1785.0000000000
3883 -1784.0000000000
3929 -1782.0000000000
3993 -1781.0000000000
4045 -1780.0000000000
4050 -1778.0000000000
4068 -1777.0000000000
4092 -1776.0000000000
4138 -1775.0000000000
4166 -1774.0000000000
4167 -1771.0000000000
4177 -1770.0000000000
4219 -1767.0000000000
4262 -1766.0000000000
4268 -1765.0000000000
4323 -1764.0000000000
4349 -1763.0000000000
4379 -1762.0000000000
4391 -1761.0000000000
4411 -1759.0000000000
4447 -1758.0000000000
4477 -1756.0000000000
4552 -1755.0000000000
4578 -1754.0000000000
4582 -1753.0000000000
4619 -1752.0000000000
4686 -1750.0000000000
4738 -1749.0000000000
4746 -1748.0000000000
4761 -1747.0000000000
4780 -1746.0000000000
4828 -1745.0000000000
4831 -1742.0000000000
4927 -1741.0000000000
4975 -1739.0000000000
5014 -1737.0000000000
5045 -1736.0000000000
5081 -1735.0000000000
5085 -1734.0000000000
5130 -1733.0000000000
5161 -1731.0000000000
5196 -1730.0000000000
5220 -1729.0000000000
5246 -1728.0000000000
5281 -1727.0000000000
5352 -1726.0000000000
5357 -1723.0000000000
5447 -1722.0000000000
5478 -1721.0000000000
5481 -1720.0000000000
5505 -1719.0000000000
5553 -1718.0000000000
5578 -1717.0000000000
5647 -1716.0000000000
5677 -1714.0000000000
5746 -1713.0000000000
5775 -1712.0000000000
5828 -1711.0000000000
5845 -1710.0000000000
5920 -1709.0000000000
5938 -1708.0000000000
5971 -1706.0000000000
6058 -1704.0000000000
6060 -1703.0000000000
6073 -1702.0000000000
6098 -1701.0000000000
6154 -1700.0000000000
6184 -1699.0000000000
6212 -1698.0000000000
6264 -1697.0000000000
6282 -1696.0000000000
6307 -1695.0000000000
6319 -1693.0000000000
6333 -1692.0000000000
6407 -1691.0000000000
6410 -1690.0000000000
6419 -1688.0000000000
6464 -1687.0000000000
6498 -1686.0000000000
6501 -1685.0000000000
6541 -1683.0000000000
6599 -1682.0000000000
6634 -1681.0000000000
6639 -1680.0000000000
6739 -1679.0000000000
6759 -1677.0000000000
6772 -1676.0000000000
6820 -1675.0000000000
6821 -1674.0000000000
6863 -1673.0000000000
6897 -1671.0000000000
6936 -1668.0000000000
6954 -1666.0000000000
6995 -1665.0000000000
6998 -1664.0000000000
7054 -1663.0000000000
7055 -1662.0000000000
7111 -1661.0000000000
7132 -1660.0000000000
7150 -1659.0000000000
7152 -1658.0000000000
7160 -1657.0000000000
7228 -1656.0000000000
7233 -1655.0000000000
7288 -1654.0000000000
7331 -1653.0000000000
7332 -1651.0000000000
7354 -1650.0000000000
7367 -1649.0000000000
7422 -1648.0000000000
7464 -1647.0000000000
7479 -1646.0000000000
7484 -1645.0000000000
7509 -1644.0000000000
7535 -1643.0000000000
7604 -1642.0000000000
7634 -1641.0000000000
7635 -1640.0000000000
7650 -1639.0000000000
7771 -1638.0000000000
7791 -1637.0000000000
7825 -1636.0000000000
7847 -1635.0000000000
7865 -1634.0000000000
7931 -1633.0000000000
7948 -1632.0000000000
7995 -1631.0000000000
8019 -1630.0000000000
8091 -1629.0000000000
8109 -1628.0000000000
8134 -1627.0000000000
8183 -1626.0000000000
8187 -1625.0000000000
8237 -1624.0000000000
8265 -1623.0000000000
8293 -1622.0000000000
8303 -1621.0000000000
8332 -1620.0000000000
8340 -1619.0000000000
8447 -1618.0000000000
8507 -1617.0000000000
8529 -1616.0000000000
8562 -1615.0000000000
8590 -1614.0000000000
8628 -1613.0000000000
8661 -1612.0000000000
8685 -1609.0000000000
8763 -1608.0000000000
8768 -1607.0000000000
8793 -1606.0000000000
8831 -1605.0000000000
8857 -1604.0000000000
8859 -1603.0000000000
8903 -1602.0000000000
8927 -1601.0000000000
8947 -1600.0000000000
8988 -1598.0000000000
9016 -1597.0000000000
9054 -1596.0000000000
9077 -1595.0000000000
9080 -1593.0000000000
9190 -1591.0000000000
9230 -1590.0000000000
9256 -1589.0000000000
9287 -1588.0000000000
9290 -1587.0000000000
9307 -1586.0000000000
9328 -1585.0000000000
9365 -1583.0000000000
9440 -1582.0000000000
9475 -1581.0000000000
9480 -1580.0000000000
9486 -1579.0000000000
9537 -1578.0000000000
9545 -1577.0000000000
9595 -1576.0000000000
9651 -1575.0000000000
9685 -1574.0000000000
9727 -1573.0000000000
9826 -1571.0000000000
9865 -1570.0000000000
9906 -1569.0000000000
9955 -1568.0000000000
9964 -1567.0000000000
10001 -1565.0000000000
10050 -1565.0000000000
evaluations raw_y
1 -2055.0000000000
2 -1978.0000000000
7 -1925.0000000000
113 -1924.0000000000
127 -1923.0000000000
155 -1922.0000000000
190 -1921.0000000000
192 -1920.0000000000
208 -1919.0000000000
230 -1918.0000000000
236 -1917.0000000000
269 -1916.0000000000
273 -1914.0000000000
294 -1913.0000000000
359 -1912.0000000000
387 -1911.0000000000
432 -1910.0000000000
488 -1909.0000000000
499 -1908.0000000000
501 -1907.0000000000
529 -1906.0000000000
547 -1904.0000000000
626 -1902.0000000000
689 -1901.0000000000
754 -1900.0000000000
760 -1899.0000000000
820 -1898.0000000000
839 -1897.0000000000
853 -1896.0000000000
889 -1895.0000000000
900 -1894.0000000000
963 -1893.0000000000
980 -1892.0000000000
995 -1889.0000000000
1071 -1888.0000000000
1075 -1887.0000000000
1108 -1885.0000000000
1145 -1884.0000000000
1176 -1882.0000000000
1218 -1881.0000000000
1247 -1880.0000000000
1253 -1879.0000000000
1280 -1877.0000000000
1303 -1876.0000000000
1306 -1875.0000000000
1332 -1873.0000000000
1359 -1872.0000000000
1392 -1871.0000000000
1395 -1870.0000000000
1407 -1869.0000000000
1443 -1868.0000000000
1466 -1867.0000000000
1468 -1866.0000000000
1507 -1865.0000000000
1539 -1863.0000000000
1564 -1862.0000000000
1573 -1859.0000000000
1619 -1857.0000000000
1632 -1855.0000000000
1728 -1853.0000000000
1745 -1852.0000000000
1781 -1850.0000000000
1783 -1849.0000000000
1835 -1848.0000000000
1849 -1847.0000000000
1885 -1846.0000000000
1954 -1845.0000000000
1975 -1844.0000000000
1995 -1843.0000000000
2035 -1842.0000000000
2069 -1841.0000000000
2128 -1840.0000000000
2149 -1839.0000000000
2201 -1838.0000000000
2221 -1836.0000000000
2228 -1834.0000000000
2284 -1833.0000000000
2316 -1832.0000000000
2373 -1831.0000000000
2396 -1829.0000000000
2448 -1828.0000000000
2485 -1827.0000000000
2503 -1826.0000000000
2520 -1824.0000000000
2576 -1823.0000000000
2605 -1822.0000000000
2622 -1821.0000000000
2639 -1820.0000000000
2643 -1818.0000000000
2656 -1817.0000000000
2710 -1816.0000000000
2741 -1814.0000000000
2759 -1813.0000000000
2763 -1812.0000000000
2786 -1811.0000000000
2822 -1810.0000000000
2872 -1809.0000000000
2912 -1808.0000000000
2913 -1806.0000000000
2921 -1804.0000000000
2956 -1803.0000000000
2979 -1802.0000000000
3022 -1801.0000000000
3050 -1800.0000000000
3075 -1799.0000000000
3090 -1798.0000000000
3125 -1797.0000000000
3164 -1796.0000000000
3174 -1795.0000000000
3187 -1794.0000000000
3223 -1793.0000000000
3226 -1792.0000000000
3270 -1791.0000000000
3277 -1789.0000000000
3292 -1788.0000000000
3325 -1787.0000000000
3362 -1785.0000000000
3459 -1784.0000000000
3481 -1783.0000000000
3500 -1782.0000000000
3527 -1781.0000000000
3599 -1780.0000000000
3609 -1779.0000000000
3639 -1778.0000000000
3672 -1777.0000000000
3693 -1776.0000000000
3747 -1775.0000000000
3809 -1774.0000000000
3836 -1773.0000000000
3858 -1771.0000000000
3874 -1770.0000000000
3901 -1768.0000000000
3938 -1767.0000000000
3985 -1766.0000000000
4041 -1765.0000000000
4049 -1764.0000000000
4067 -1763.0000000000
4129 -1762.0000000000
4151 -1761.0000000000
4192 -1760.0000000000
4271 -1759.0000000000
4280 -1758.0000000000
4320 -1755.0000000000
4371 -1753.0000000000
4384 -1752.0000000000
4403 -1751.0000000000
4431 -1749.0000000000
4487 -1748.0000000000
4515 -1746.0000000000
4531 -1745.0000000000
4566 -1744.0000000000
4594 -1743.0000000000
4635 -1742.0000000000
4661 -1741.0000000000
4696 -1740.0000000000
4722 -1739.0000000000
4759 -1738.0000000000
4772 -1737.0000000000
4843 -1736.0000000000
4864 -1735.0000000000
4871 -1733.0000000000
4916 -1732.0000000000
4945 -1731.0000000000
4962 -1730.0000000000
4981 -1728.0000000000
5035 -1727.0000000000
5046 -1726.0000000000
5115 -1725.0000000000
5161 -1724.0000000000
5168 -1722.0000000000
5171 -1721.0000000000
5191 -1720.0000000000
5216 -1719.0000000000
5236 -1718.0000000000
5255 -1716.0000000000
5349 -1715.0000000000
5371 -1714.0000000000
5384 -1713.0000000000
5433 -1711.0000000000
5480 -1710.0000000000
5529 -1708.0000000000
5537 -1707.0000000000
5619 -1706.0000000000
5633 -1705.0000000000
5665 -1703.0000000000
5710 -1702.0000000000
5721 -1701.0000000000
5736 -1700.0000000000
5806 -1698.0000000000
5823 -1697.0000000000
5828 -1696.0000000000
5858 -1694.0000000000
5874 -1691.0000000000
5969 -1689.0000000000
6007 -1688.0000000000
6052 -1687.0000000000
6112 -1686.0000000000
6137 -1685.0000000000
6156 -1684.0000000000
6179 -1683.0000000000
6236 -1682.0000000000
6280 -1681.0000000000
6330 -1679.0000000000
6374 -1678.0000000000
6407 -1677.0000000000
6411 -1676.0000000000
6423 -1675.0000000000
6438 -1674.0000000000
6471 -1673.0000000000
6515 -1672.0000000000
6545 -1671.0000000000
6550 -1670.0000000000
6571 -1669.0000000000
6575 -1668.0000000000
6587 -1667.0000000000
6631 -1666.0000000000
6688 -1665.0000000000
6744 -1664.0000000000
6777 -1663.0000000000
6812 -1662.0000000000
6863 -1660.0000000000
6872 -1659.0000000000
6972 -1658.0000000000
6984 -1657.0000000000
7033 -1656.0000000000
7047 -1655.0000000000
7089 -1654.0000000000
7149 -1653.0000000000
7158 -1652.0000000000
7265 -1650.0000000000
7317 -1649.0000000000
7337 -1648.0000000000
7339 -1647.0000000000
7406 -1646.0000000000
7428 -1644.0000000000
7461 -1643.0000000000
7528 -1641.0000000000
7588 -1640.0000000000
7601 -1639.0000000000
7629 -1638.0000000000
7673 -1637.0000000000
7685 -1636.0000000000
7715 -1635.0000000000
7761 -1634.0000000000
7775 -1633.0000000000
7812 -1632.0000000000
7833 -1631.0000000000
7887 -1630.0000000000
7948 -1629.0000000000
7952 -1627.0000000000
8014 -1626.0000000000
8038 -1625.0000000000
8072 -1624.0000000000
8087 -1623.0000000000
8119 -1622.0000000000
8161 -1621.0000000000
8186 -1620.0000000000
8228 -1619.0000000000
8273 -1617.0000000000
8321 -1616.0000000000
8357 -1615.0000000000
8362 -1614.0000000000
8409 -1613.0000000000
8420 -1612.0000000000
8442 -1611.0000000000
8451 -1610.0000000000
8463 -1609.0000000000
8595 -1608.0000000000
8638 -1607.0000000000
8665 -1606.0000000000
8699 -1605.0000000000
8754 -1603.0000000000
8776 -1601.0000000000
8854 -1600.0000000000
8865 -1599.0000000000
8875 -1598.0000000000
8925 -1597.0000000000
8966 -1596.0000000000
8989 -1595.0000000000
9053 -1594.0000000000
9084 -1593.0000000000
9115 -1592.0000000000
9154 -1591.0000000000
9169 -1590.0000000000
9252 -1589.0000000000
9253 -1588.0000000000
9334 -1587.0000000000
9348 -1586.0000000000
9397 -1585.0000000000
9429 -1584.0000000000
9460 -1583.0000000000
9480 -1582.0000000000
9514 -1581.0000000000
9545 -1580.0000000000
9573 -1579.0000000000
9610 -1578.0000000000
9635 -1577.0000000000
9652 -1576.0000000000
9686 -1575.0000000000
9695 -1574.0000000000
9734 -1572.0000000000
9821 -1571.0000000000
9859 -1570.0000000000
9869 -1569.0000000000
9880 -1568.0000000000
9945 -1567.0000000000
9999 -1566.0000000000
10031 -1565.0000000000
10045 -1564.0000000000
10050 -1570.0000000000
evaluations raw_y
1 -2004.0000000000
5 -2000.0000000000
10 -1990.0000000000
12 -1977.0000000000
21 -1960.0000000000
30 -1944.0000000000
39 -1921.0000000000
62 -1920.0000000000
116 -1919.0000000000
141 -1918.0000000000
147 -1917.0000000000
158 -1916.0000000000
175 -1915.0000000000
188 -1914.0000000000
240 -1913.0000000000
263 -1912.0000000000
312 -1910.0000000000
358 -1909.0000000000
384 -1908.0000000000
402 -1904.0000000000
411 -1903.0000000000
427 -1902.0000000000
487 -1900.0000000000
564 -1898.0000000000
586 -1896.0000000000
651 -1895.0000000000
684 -1894.0000000000
748 -1893.0000000000
766 -1892.0000000000
797 -1891.0000000000
838 -1890.0000000000
847 -1889.0000000000
862 -1888.0000000000
909 -1887.0000000000
921 -1886.0000000000
945 -1883.0000000000
993 -1882.0000000000
1005 -1881.0000000000
1015 -1880.0000000000
1097 -1879.0000000000
1105 -1877.0000000000
1159 -1876.0000000000
1186 -1875.0000000000
1226 -1874.0000000000
1241 -1873.0000000000
1280 -1872.0000000000
1331 -1871.0000000000
1356 -1868.0000000000
1368 -1867.0000000000
1457 -1866.0000000000
1465 -1865.0000000000
1502 -1864.0000000000
1539 -1862.0000000000
1543 -1861.0000000000
1638 -1860.0000000000
1679 -1859.0000000000
1700 -1856.0000000000
1772 -1855.0000000000
1785 -1854.0000000000
1797 -1853.0000000000
1842 -1852.0000000000
1859 -1850.0000000000
1926 -1849.0000000000
1959 -1848.0000000000
1970 -1847.0000000000
2009 -1846.0000000000
2014 -1845.0000000000
2017 -1844.0000000000
2074 -1842.0000000000
2118 -1841.0000000000
2125 -1839.0000000000
2180 -1838.0000000000
2198 -1837.0000000000
2272 -1835.0000000000
2297 -1834.0000000000
2307 -1833.0000000000
2316 -1832.0000000000
2378 -1831.0000000000
2395 -1829.0000000000
2424 -1828.0000000000
2455 -1825.0000000000
2520 -1824.0000000000
2524 -1823.0000000000
2583 -1822.0000000000
2608 -1821.0000000000
2633 -1820.0000000000
2637 -1819.0000000000
2659 -1818.0000000000
2699 -1817.0000000000
2746 -1816.0000000000
2753 -1815.0000000000
2804 -1814.0000000000
2810 -1813.0000000000
2842 -1811.0000000000
2910 -1810.0000000000
2953 -1808.0000000000
2960 -1806.0000000000
2983 -1804.0000000000
3050 -1803.0000000000
3148 -1802.0000000000
3172 -1800.0000000000
3212 -1799.0000000000
3246 -1798.0000000000
3269 -1797.0000000000
3277 -1795.0000000000
3357 -1794.0000000000
3365 -1793.0000000000
3379 -1791.0000000000
3391 -1790.0000000000
3453 -1788.0000000000
3499 -1787.0000000000
3539 -1786.0000000000
3561 -1785.0000000000
3568 -1784.0000000000
3580 -1783.0000000000
3604 -1782.0000000000
3668 -1781.0000000000
3690 -1780.0000000000
3725 -1779.0000000000
3764 -1778.0000000000
3797 -1777.0000000000
3833 -1776.0000000000
3872 -1775.0000000000
3876 -1774.0000000000
3911 -1773.0000000000
3974 -1772.0000000000
3992 -1771.0000000000
4007 -1770.0000000000
4035 -1769.0000000000
4063 -1768.0000000000
4106 -1767.0000000000
4129 -1766.0000000000
4149 -1765.0000000000
4191 -1764.0000000000
4193 -1763.0000000000
4230 -1762.0000000000
4234 -1761.0000000000
4268 -1760.0000000000
4294 -1758.0000000000
4348 -1757.0000000000
4356 -1755.0000000000
4450 -1754.0000000000
4489 -1753.0000000000
4509 -1752.0000000000
4601 -1751.0000000000
4623 -1750.0000000000
4639 -1749.0000000000
4671 -1748.0000000000
4690 -1747.0000000000
4707 -1745.0000000000
4766 -1744.0000000000
4803 -1743.0000000000
4858 -1742.0000000000
4877 -1741.0000000000
4921 -1740.0000000000
4950 -1738.0000000000
5018 -1737.0000000000
5046 -1736.0000000000
5095 -1735.0000000000
5102 -1734.0000000000
5112 -1733.0000000000
5173 -1732.0000000000
5221 -1731.0000000000
5224 -1730.0000000000
5260 -1728.0000000000
5292 -1727.0000000000
5305 -1726.0000000000
5369 -1724.0000000000
5382 -1723.0000000000
5416 -1722.0000000000
5424 -1721.0000000000
5497 -1720.0000000000
5563 -1719.0000000000
5594 -1718.0000000000
5633 -1717.0000000000
5681 -1716.0000000000
5691 -1715.0000000000
5731 -1714.0000000000
5744 -1711.0000000000
5767 -1709.0000000000
5796 -1708.0000000000
5800 -1707.0000000000
5843 -1704.0000000000
5885 -1703.0000000000
5953 -1701.0000000000
6009 -1700.0000000000
6038 -1699.0000000000
6049 -1698.0000000000
6080 -1697.0000000000
6100 -1696.0000000000
6153 -1695.0000000000
6154 -1694.0000000000
6163 -1693.0000000000
6217 -1692.0000000000
6223 -1691.0000000000
6231 -1690.0000000000
6276 -1689.0000000000
6291 -1688.0000000000
6321 -1687.0000000000
6376 -1686.0000000000
6383 -1685.0000000000
6417 -1684.0000000000
6419 -1683.0000000000
6430 -1682.0000000000
6466 -1681.0000000000
6493 -1680.0000000000
6505 -1679.0000000000
6539 -1677.0000000000
6610 -1676.0000000000
6639 -1674.0000000000
6709 -1673.0000000000
6729 -1672.0000000000
6786 -1671.0000000000
6805 -1670.0000000000
6812 -1669.0000000000
6827 -1668.0000000000
6845 -1666.0000000000
6874 -1663.0000000000
6947 -1662.0000000000
6974 -1661.0000000000
7046 -1660.0000000000
7077 -1659.0000000000
7130 -1658.0000000000
7182 -1657.0000000000
7193 -1656.0000000000
7259 -1655.0000000000
7302 -1654.0000000000
7319 -1653.0000000000
7330 -1652.0000000000
7366 -1650.0000000000
7405 -1647.0000000000
7445 -1646.0000000000
7513 -1645.0000000000
7525 -1643.0000000000
7577 -1642.0000000000
7614 -1641.0000000000
7662 -1640.0000000000
7690 -1639.0000000000
7702 -1638.0000000000
7710 -1636.0000000000
7712 -1634.0000000000
7772 -1633.0000000000
7807 -1632.0000000000
7822 -1631.0000000000
7842 -1630.0000000000
7892 -1629.0000000000
7954 -1628.0000000000
7958 -1627.0000000000
7994 -1626.0000000000
8044 -1624.0000000000
8074 -1622.0000000000
8106 -1621.0000000000
8169 -1619.0000000000
8237 -1618.0000000000
8274 -1617.0000000000
8311 -1616.0000000000
8339 -1615.0000000000
8369 -1614.0000000000
8386 -1613.0000000000
8393 -1612.0000000000
8414 -1611.0000000000
8440 -1610.0000000000
8454 -1609.0000000000
8515 -1607.0000000000
8606 -1606.0000000000
8618 -1605.0000000000
8681 -1604.0000000000
8683 -1602.0000000000
8692 -1600.0000000000
8734 -1599.0000000000
8791 -1598.0000000000
8833 -1597.0000000000
8861 -1596.0000000000
8955 -1595.0000000000
9004 -1594.0000000000
9011 -1593.0000000000
9028 -1592.0000000000
9036 -1591.0000000000
9070 -1590.0000000000
9162 -1589.0000000000
9192 -1588.0000000000
9238 -1587.0000000000
9261 -1586.0000000000
9287 -1585.0000000000
9335 -1584.0000000000
9343 -1583.0000000000
9418 -1582.0000000000
9436 -1581.0000000000
9490 -1580.0000000000
9526 -1579.0000000000
9548 -1578.0000000000
9575 -1577.0000000000
9601 -1576.0000000000
9665 -1575.0000000000
9694 -1574.0000000000
9717 -1573.0000000000
9781 -1569.0000000000
9807 -1567.0000000000
9892 -1566.0000000000
9943 -1565.0000000000
9985 -1564.0000000000
10003 -1563.0000000000
10010 -1562.0000000000
10050 -1565.0000000000
evaluations raw_y
1 -2036.0000000000
2 -1968.0000000000
15 -1964.0000000000
16 -1945.0000000000
34 -1942.0000000000
38 -1920.0000000000
63 -1918.0000000000
74 -1917.0000000000
140 -1916.0000000000
154 -1915.0000000000
156 -1914.0000000000
168 -1913.0000000000
183 -1912.0000000000
223 -1911.0000000000
233 -1909.0000000000
302 -1907.0000000000
365 -1906.0000000000
413 -1904.0000000000
458 -1903.0000000000
487 -1902.0000000000
501 -1901.0000000000
526 -1900.0000000000
547 -1899.0000000000
564 -1898.0000000000
595 -1896.0000000000
634 -1895.0000000000
660 -1892.0000000000
669 -1891.0000000000
714 -1889.0000000000
763 -1888.0000000000
791 -1887.0000000000
840 -1885.0000000000
848 -1884.0000000000
882 -1883.0000000000
934 -1881.0000000000
954 -1880.0000000000
1009 -1879.0000000000
1017 -1878.0000000000
1052 -1877.0000000000
1084 -1876.0000000000
1115 -1875.0000000000
1137 -1874.0000000000
1167 -1873.0000000000
1183 -1872.0000000000
1203 -1871.0000000000
1211 -1870.0000000000
1237 -1869.0000000000
1273 -1868.0000000000
1279 -1867.0000000000
1317 -1866.0000000000
1352 -1865.0000000000
1367 -1864.0000000000
1399 -1863.0000000000
1427 -1861.0000000000
1444 -1860.0000000000
1478 -1859.0000000000
1550 -1858.0000000000
1590 -1857.0000000000
1602 -1856.0000000000
1649 -1855.0000000000
1669 -1854.0000000000
1707 -1853.0000000000
1714 -1851.0000000000
1773 -1850.0000000000
1783 -1849.0000000000
1797 -1848.0000000000
1814 -1846.0000000000
1871 -1845.0000000000
1886 -1844.0000000000
1907 -1843.0000000000
1909 -1842.0000000000
1951 -1841.0000000000
1992 -1840.0000000000
2030 -1839.0000000000
2031 -1837.0000000000
2061 -1835.0000000000
2128 -1834.0000000000
2135 -1832.0000000000
2207 -1831.0000000000
2253 -1830.0000000000
2287 -1829.0000000000
2324 -1828.0000000000
2342 -1827.0000000000
2389 -1826.0000000000
2409 -1825.0000000000
2444 -1823.0000000000
2520 -1822.0000000000
2536 -1821.0000000000
2546 -1817.0000000000
2549 -1815.0000000000
2556 -1814.0000000000
2586 -1813.0000000000
2612 -1812.0000000000
2643 -1811.0000000000
2690 -1810.0000000000
2720 -1808.0000000000
2787 -1806.0000000000
2831 -1804.0000000000
2873 -1803.0000000000
2882 -1802.0000000000
2948 -1801.0000000000
2969 -1800.0000000000
2987 -1799.0000000000
3003 -1797.0000000000
3048 -1796.0000000000
3058 -1794.0000000000
3076 -1792.0000000000
3130 -1791.0000000000
3151 -1790.0000000000
3155 -1789.0000000000
3163 -1788.0000000000
3219 -1787.0000000000
3243 -1786.0000000000
3272 -1785.0000000000
3305 -1784.0000000000
3341 -1783.0000000000
3368 -1782.0000000000
3407 -1781.0000000000
3427 -1780.0000000000
3451 -1779.0000000000
3487 -1777.0000000000
3520 -1776.0000000000
3528 -1775.0000000000
3563 -1774.0000000000
3566 -1773.0000000000
3604 -1772.0000000000
3617 -1771.0000000000
3651 -1770.0000000000
3683 -1769.0000000000
3703 -1768.0000000000
3761 -1767.0000000000
3796 -1766.0000000000
3806 -1765.0000000000
3811 -1764.0000000000
3814 -1763.0000000000
3841 -1762.0000000000
3880 -1761.0000000000
3896 -1757.0000000000
3952 -1756.0000000000
4002 -1755.0000000000
4039 -1754.0000000000
4063 -1753.0000000000
4129 -1752.0000000000
4167 -1751.0000000000
4173 -1750.0000000000
4221 -1749.0000000000
4255 -1748.0000000000
4271 -1746.0000000000
4323 -1745.0000000000
4332 -1743.0000000000
4357 -1742.0000000000
4391 -1741.0000000000
4430 -1740.0000000000
4483 -1739.0000000000
4505 -1737.0000000000
4572 -1736.0000000000
4582 -1734.0000000000
4592 -1733.0000000000
4637 -1731.0000000000
4648 -1730.0000000000
4686 -1729.0000000000
4729 -1728.0000000000
4772 -1727.0000000000
4773 -1726.0000000000
4813 -1724.0000000000
4822 -1722.0000000000
4853 -1720.0000000000
4926 -1719.0000000000
4933 -1718.0000000000
4989 -1717.0000000000
5025 -1716.0000000000
5066 -1714.0000000000
5092 -1713.0000000000
5097 -1712.0000000000
5136 -1710.0000000000
5210 -1708.0000000000
5233 -1707.0000000000
5254 -1706.0000000000
5265 -1705.0000000000
5317 -1704.0000000000
5329 -1703.0000000000
5382 -1702.0000000000
5386 -1701.0000000000
5427 -1699.0000000000
5475 -1698.0000000000
5497 -1696.0000000000
5525 -1695.0000000000
5580 -1694.0000000000
5638 -1693.0000000000
5652 -1692.0000000000
5681 -1691.0000000000
5719 -1690.0000000000
5764 -1689.0000000000
5788 -1688.0000000000
5810 -1687.0000000000
5850 -1686.0000000000
5872 -1683.0000000000
5977 -1682.0000000000
5980 -1681.0000000000
6023 -1680.0000000000
6041 -1679.0000000000
6044 -1678.0000000000
6072 -1677.0000000000
6118 -1675.0000000000
6148 -1674.0000000000
6164 -1673.0000000000
6232 -1672.0000000000
6253 -1671.0000000000
6302 -1670.0000000000
6319 -1669.0000000000
6351 -1667.0000000000
6438 -1666.0000000000
6448 -1665.0000000000
6461 -1664.0000000000
6486 -1662.0000000000
6547 -1661.0000000000
6576 -1660.0000000000
6629 -1659.0000000000
6633 -1658.0000000000
6654 -1655.0000000000
6704 -1654.0000000000
6737 -1652.0000000000
6764 -1651.0000000000
6816 -1650.0000000000
6825 -1649.0000000000
6846 -1648.0000000000
6883 -1646.0000000000
6894 -1645.0000000000
6934 -1644.0000000000
6956 -1643.0000000000
7008 -1642.0000000000
7027 -1640.0000000000
7042 -1638.0000000000
7081 -1637.0000000000
7157 -1635.0000000000
7175 -1634.0000000000
7275 -1633.0000000000
7286 -1632.0000000000
7292 -1631.0000000000
7327 -1628.0000000000
7434 -1626.0000000000
7437 -1624.0000000000
7454 -1623.0000000000
7478 -1622.0000000000
7525 -1621.0000000000
7544 -1620.0000000000
7572 -1619.0000000000
7581 -1618.0000000000
7631 -1617.0000000000
7634 -1616.0000000000
7683 -1614.0000000000
7689 -1613.0000000000
7718 -1612.0000000000
7735 -1611.0000000000
7810 -1610.0000000000
7822 -1609.0000000000
7834 -1608.0000000000
7853 -1607.0000000000
7863 -1605.0000000000
7944 -1604.0000000000
7959 -1603.0000000000
7982 -1602.0000000000
8019 -1601.0000000000
8055 -1600.0000000000
8070 -1599.0000000000
8118 -1598.0000000000
8157 -1597.0000000000
8177 -1596.0000000000
8179 -1595.0000000000
8258 -1594.0000000000
8274 -1592.0000000000
8298 -1591.0000000000
8322 -1590.0000000000
8368 -1588.0000000000
8386 -1587.0000000000
8394 -1586.0000000000
8403 -1585.0000000000
8426 -1584.0000000000
8439 -1583.0000000000
8476 -1582.0000000000
8495 -1581.0000000000
8566 -1580.0000000000
8586 -1579.0000000000
8592 -1578.0000000000
8613 -1576.0000000000
8621 -1574.0000000000
8631 -1572.0000000000
8726 -1571.0000000000
8795 -1570.0000000000
8798 -1569.0000000000
8834 -1567.0000000000
8872 -1566.0000000000
8917 -1565.0000000000
8970 -1563.0000000000
9030 -1562.0000000000
9058 -1561.0000000000
9073 -1560.0000000000
9082 -1559.0000000000
9107 -1558.0000000000
9141 -1557.0000000000
9162 -1556.0000000000
9178 -1555.0000000000
9186 -1554.0000000000
9245 -1553.0000000000
9272 -1552.0000000000
9321 -1551.0000000000
9323 -1550.0000000000
9354 -1549.0000000000
9396 -1548.0000000000
9441 -1547.0000000000
9455 -1546.0000000000
9475 -1545.0000000000
9489 -1544.0000000000
9495 -1543.0000000000
9503 -1542.0000000000
9525 -1541.0000000000
9550 -1540.0000000000
9603 -1539.0000000000
9622 -1538.0000000000
9686 -1537.0000000000
9693 -1536.0000000000
9711 -1535.0000000000
9785 -1534.0000000000
9797 -1533.0000000000
9812 -1532.0000000000
9819 -1531.0000000000
9833 -1530.0000000000
9889 -1529.0000000000
9931 -1528.0000000000
9978 -1527.0000000000
10020 -1526.0000000000
10045 -1525.0000000000
10050 -1528.0000000000
evaluations raw_y
1 -2062.0000000000
2 -2030.0000000000
3 -1986.0000000000
6 -1985.0000000000
8 -1959.0000000000
18 -1926.0000000000
101 -1925.0000000000
111 -1924.0000000000
188 -1923.0000000000
199 -1921.0000000000
212 -1920.0000000000
227 -1918.0000000000
298 -1917.0000000000
332 -1915.0000000000
373 -1913.0000000000
377 -1912.0000000000
425 -1911.0000000000
459 -1910.0000000000
503 -1909.0000000000
510 -1908.0000000000
577 -1907.0000000000
616 -1906.0000000000
635 -1905.0000000000
660 -1904.0000000000
700 -1903.0000000000
716 -1902.0000000000
776 -1901.0000000000
777 -1900.0000000000
815 -1899.0000000000
828 -1898.0000000000
853 -1897.0000000000
882 -1896.0000000000
929 -1895.0000000000
936 -1893.0000000000
970 -1892.0000000000
979 -1891.0000000000
988 -1889.0000000000
996 -1888.0000000000
1052 -1887.0000000000
1061 -1886.0000000000
1108 -1885.0000000000
1153 -1884.0000000000
1171 -1883.0000000000
1199 -1882.0000000000
1233 -1880.0000000000
1286 -1879.0000000000
1305 -1878.0000000000
1311 -1877.0000000000
1385 -1876.0000000000
1402 -1874.0000000000
1435 -1873.0000000000
1454 -1872.0000000000
1486 -1869.0000000000
1565 -1868.0000000000
1619 -1867.0000000000
1637 -1865.0000000000
1674 -1864.0000000000
1682 -1863.0000000000
1713 -1862.0000000000
1734 -1861.0000000000
1769 -1860.0000000000
1774 -1859.0000000000
1780 -1858.0000000000
1795 -1857.0000000000
1828 -1856.0000000000
1869 -1855.0000000000
1903 -1853.0000000000
1934 -1851.0000000000
2037 -1850.0000000000
2076 -1849.0000000000
2098 -1848.0000000000
2114 -1846.0000000000
2167 -1845.0000000000
2205 -1843.0000000000
2240 -1842.0000000000
2274 -1841.0000000000
2288 -1840.0000000000
2345 -1839.0000000000
2382 -1838.0000000000
2390 -1834.0000000000
2512 -1833.0000000000
2520 -1832.0000000000
2532 -1831.0000000000
2571 -1830.0000000000
2635 -1829.0000000000
2654 -1828.0000000000
2663 -1827.0000000000
2709 -1826.0000000000
2713 -1825.0000000000
2752 -1824.0000000000
2795 -1822.0000000000
2821 -1821.0000000000
2845 -1820.0000000000
2873 -1819.0000000000
2920 -1817.0000000000
2930 -1815.0000000000
2977 -1814.0000000000
3002 -1813.0000000000
3004 -1812.0000000000
3046 -1810.0000000000
3062 -1807.0000000000
3115 -1805.0000000000
3183 -1804.0000000000
3200 -1803.0000000000
3238 -1802.0000000000
3256 -1801.0000000000
3289 -1800.0000000000
3316 -1799.0000000000
3340 -1798.0000000000
3400 -1797.0000000000
3428 -1796.0000000000
3446 -1795.0000000000
3509 -1794.0000000000
3573 -1793.0000000000
3580 -1792.0000000000
3593 -1790.0000000000
3703 -1789.0000000000
3724 -1788.0000000000
3752 -1787.0000000000
3765 -1785.0000000000
3831 -1784.0000000000
3859 -1783.0000000000
3866 -1781.0000000000
3895 -1779.0000000000
3928 -1778.0000000000
3965 -1777.0000000000
3996 -1775.0000000000
4060 -1773.0000000000
4106 -1772.0000000000
4152 -1771.0000000000
4168 -1770.0000000000
4170 -1769.0000000000
4227 -1767.0000000000
4237 -1766.0000000000
4251 -1765.0000000000
4261 -1764.0000000000
4326 -1763.0000000000
4342 -1762.0000000000
4361 -1761.0000000000
4370 -1760.0000000000
4418 -1759.0000000000
4425 -1758.0000000000
4473 -1757.0000000000
4512 -1755.0000000000
4548 -1752.0000000000
4588 -1751.0000000000
4636 -1750.0000000000
4680 -1749.0000000000
4731 -1748.0000000000
4737 -1747.0000000000
4774 -1746.0000000000
4850 -1745.0000000000
4911 -1743.0000000000
4922 -1742.0000000000
4954 -1740.0000000000
4992 -1738.0000000000
5036 -1737.0000000000
5048 -1735.0000000000
5109 -1734.0000000000
5114 -1733.0000000000
5130 -1732.0000000000
5193 -1731.0000000000
5257 -1730.0000000000
5281 -1729.0000000000
5336 -1728.0000000000
5349 -1727.0000000000
5390 -1725.0000000000
5417 -1724.0000000000
5433 -1723.0000000000
5474 -1722.0000000000
5547 -1721.0000000000
5601 -1720.0000000000
5638 -1719.0000000000
5663 -1718.0000000000
5691 -1716.0000000000
5720 -1715.0000000000
5768 -1713.0000000000
5847 -1712.0000000000
5874 -1711.0000000000
5897 -1710.0000000000
5911 -1708.0000000000
5973 -1707.0000000000
5986 -1706.0000000000
6009 -1704.0000000000
6081 -1703.0000000000
6104 -1702.0000000000
6137 -1700.0000000000
6152 -1699.0000000000
6169 -1698.0000000000
6255 -1697.0000000000
6284 -1696.0000000000
6293 -1695.0000000000
6326 -1693.0000000000
6390 -1692.0000000000
6398 -1691.0000000000
6420 -1690.0000000000
6456 -1689.0000000000
6464 -1688.0000000000
6502 -1687.0000000000
6537 -1686.0000000000
6595 -1685.0000000000
6614 -1684.0000000000
6621 -1682.0000000000
6677 -1680.0000000000
6680 -1679.0000000000
6749 -1676.0000000000
6844 -1675.0000000000
6887 -1674.0000000000
6930 -1673.0000000000
6939 -1672.0000000000
6945 -1671.0000000000
6957 -1670.0000000000
6998 -1669.0000000000
7009 -1668.0000000000
7024 -1667.0000000000
7059 -1665.0000000000
7113 -1663.0000000000
7123 -1662.0000000000
7155 -1661.0000000000
7201 -1660.0000000000
7235 -1659.0000000000
7247 -1658.0000000000
7297 -1657.0000000000
7347 -1656.0000000000
7367 -1655.0000000000
7427 -1652.0000000000
7463 -1651.0000000000
7514 -1650.0000000000
7541 -1648.0000000000
7641 -1647.0000000000
7644 -1646.0000000000
7703 -1645.0000000000
7729 -1642.0000000000
7790 -1640.0000000000
7872 -1639.0000000000
7886 -1638.0000000000
7937 -1637.0000000000
7945 -1635.0000000000
8051 -1634.0000000000
8054 -1633.0000000000
8077 -1632.0000000000
8173 -1631.0000000000
8177 -1630.0000000000
8202 -1629.0000000000
8221 -1628.0000000000
8285 -1627.0000000000
8337 -1626.0000000000
8338 -1625.0000000000
8368 -1624.0000000000
8397 -1623.0000000000
8412 -1622.0000000000
8480 -1621.0000000000
8527 -1619.0000000000
8572 -1617.0000000000
8649 -1616.0000000000
8669 -1615.0000000000
8743 -1614.0000000000
8773 -1613.0000000000
8817 -1612.0000000000
8856 -1610.0000000000
8882 -1609.0000000000
8929 -1608.0000000000
8946 -1605.0000000000
9006 -1604.0000000000
9011 -1602.0000000000
9087 -1601.0000000000
9127 -1600.0000000000
9181 -1599.0000000000
9195 -1598.0000000000
9209 -1597.0000000000
9233 -1596.0000000000
9262 -1595.0000000000
9284 -1593.0000000000
9314 -1592.0000000000
9403 -1591.0000000000
9430 -1590.0000000000
9446 -1589.0000000000
9469 -1588.0000000000
9486 -1587.0000000000
9505 -1586.0000000000
9515 -1585.0000000000
9522 -1584.0000000000
9557 -1583.0000000000
9581 -1582.0000000000
9601 -1581.0000000000
9660 -1580.0000000000
9662 -1579.0000000000
9678 -1578.0000000000
9748 -1577.0000000000
9751 -1576.0000000000
9765 -1575.0000000000
9804 -1574.0000000000
9835 -1573.0000000000
9873 -1572.0000000000
9928 -1571.0000000000
9951 -1570.0000000000
10023 -1569.0000000000
10050 -1572.0000000000
evaluations raw_y
1 -1981.0000000000
4 -1979.0000000000
6 -1978.0000000000
10 -1974.0000000000
14 -1929.0000000000
28 -1927.0000000000
89 -1925.0000000000
162 -1924.0000000000
186 -1922.0000000000
216 -1921.0000000000
293 -1920.0000000000
313 -1918.0000000000
338 -1917.0000000000
349 -1916.0000000000
404 -1915.0000000000
435 -1914.0000000000
438 -1913.0000000000
453 -1912.0000000000
521 -1911.0000000000
545 -1910.0000000000
564 -1909.0000000000
617 -1908.0000000000
621 -1907.0000000000
627 -1906.0000000000
631 -1904.0000000000
659 -1903.0000000000
714 -1901.0000000000
768 -1900.0000000000
787 -1899.0000000000
833 -1898.0000000000
860 -1897.0000000000
893 -1896.0000000000
937 -1895.0000000000
950 -1894.0000000000
958 -1893.0000000000
961 -1891.0000000000
1016 -1890.0000000000
1028 -1889.0000000000
1036 -1887.0000000000
1081 -1886.0000000000
1098 -1885.0000000000
1161 -1884.0000000000
1170 -1880.0000000000
1190 -1879.0000000000
1222 -1878.0000000000
1243 -1877.0000000000
1262 -1875.0000000000
1307 -1874.0000000000
1360 -1873.0000000000
1377 -1872.0000000000
1436 -1871.0000000000
1454 -1870.0000000000
1484 -1869.0000000000
1498 -1868.0000000000
1530 -1867.0000000000
1560 -1866.0000000000
1570 -1865.0000000000
1628 -1863.0000000000
1674 -1862.0000000000
1714 -1861.0000000000
1727 -1860.0000000000
1733 -1859.0000000000
1776 -1857.0000000000
1822 -1856.0000000000
1844 -1855.0000000000
1859 -1854.0000000000
1908 -1852.0000000000
1917 -1851.0000000000
1953 -1849.0000000000
1988 -1848.0000000000
2012 -1847.0000000000
2029 -1846.0000000000
2036 -1845.0000000000
2089 -1843.0000000000
2101 -1842.0000000000
2136 -1841.0000000000
2177 -1840.0000000000
2184 -1839.0000000000
2185 -1838.0000000000
2205 -1837.0000000000
2254 -1836.0000000000
2273 -1835.0000000000
2316 -1833.0000000000
2386 -1832.0000000000
2401 -1831.0000000000
2413 -1830.0000000000
2417 -1829.0000000000
2447 -1828.0000000000
2469 -1827.0000000000
2519 -1825.0000000000
2551 -1823.0000000000
2665 -1822.0000000000
2683 -1821.0000000000
2728 -1819.0000000000
2783 -1818.0000000000
2791 -1817.0000000000
2809 -1816.0000000000
2841 -1815.0000000000
2877 -1814.0000000000
2886 -1813.0000000000
2917 -1812.0000000000
2968 -1811.0000000000
2990 -1810.0000000000
3053 -1809.0000000000
3070 -1808.0000000000
3075 -1807.0000000000
3115 -1806.0000000000
3141 -1805.0000000000
3170 -1804.0000000000
3171 -1803.0000000000
3175 -1801.0000000000
3235 -1800.0000000000
3282 -1799.0000000000
3303 -1797.0000000000
3327 -1796.0000000000
3334 -1794.0000000000
3386 -1793.0000000000
3414 -1792.0000000000
3456 -1791.0000000000
3498 -1790.0000000000
3505 -1789.0000000000
3518 -1788.0000000000
3531 -1787.0000000000
3587 -1786.0000000000
3628 -1783.0000000000
3709 -1782.0000000000
3740 -1781.0000000000
3761 -1780.0000000000
3793 -1778.0000000000
3805 -1777.0000000000
3812 -1775.0000000000
3869 -1772.0000000000
3959 -1771.0000000000
4010 -1770.0000000000
4037 -1769.0000000000
4055 -1768.0000000000
4059 -1767.0000000000
4098 -1766.0000000000
4100 -1765.0000000000
4106 -1764.0000000000
4138 -1763.0000000000
4145 -1762.0000000000
4155 -1761.0000000000
4169 -1760.0000000000
4218 -1759.0000000000
4241 -1758.0000000000
4251 -1757.0000000000
4323 -1755.0000000000
4386 -1754.0000000000
4401 -1753.0000000000
4473 -1752.0000000000
4486 -1751.0000000000
4518 -1750.0000000000
4545 -1749.0000000000
4594 -1748.0000000000
4595 -1746.0000000000
4673 -1744.0000000000
4702 -1743.0000000000
4717 -1742.0000000000
4740 -1741.0000000000
4758 -1739.0000000000
4822 -1738.0000000000
4850 -1737.0000000000
4902 -1736.0000000000
4908 -1735.0000000000
4929 -1734.0000000000
4947 -1733.0000000000
4955 -1732.0000000000
4994 -1731.0000000000
4997 -1730.0000000000
5001 -1729.0000000000
5010 -1727.0000000000
5053 -1726.0000000000
5083 -1724.0000000000
5138 -1723.0000000000
5141 -1722.0000000000
5186 -1720.0000000000
5226 -1719.0000000000
5310 -1718.0000000000
5325 -1717.0000000000
5366 -1716.0000000000
5413 -1714.0000000000
5445 -1713.0000000000
5460 -1711.0000000000
5496 -1710.0000000000
5552 -1709.0000000000
5578 -1708.0000000000
5606 -1707.0000000000
5619 -1706.0000000000
5650 -1705.0000000000
5703 -1704.0000000000
5726 -1703.0000000000
5750 -1702.0000000000
5819 -1701.0000000000
5855 -1700.0000000000
5892 -1698.0000000000
5993 -1697.0000000000
6011 -1695.0000000000
6048 -1694.0000000000
6073 -1693.0000000000
6147 -1692.0000000000
6156 -1691.0000000000
6162 -1690.0000000000
6227 -1689.0000000000
6230 -1687.0000000000
6266 -1686.0000000000
6298 -1684.0000000000
6316 -1682.0000000000
6319 -1681.0000000000
6388 -1680.0000000000
6418 -1679.0000000000
6433 -1678.0000000000
6456 -1677.0000000000
6480 -1676.0000000000
6528 -1675.0000000000
6533 -1674.0000000000
6567 -1673.0000000000
6618 -1672.0000000000
6628 -1671.0000000000
6673 -1670.0000000000
6721 -1669.0000000000
6748 -1668.0000000000
6784 -1667.0000000000
6794 -1666.0000000000
6833 -1665.0000000000
6859 -1664.0000000000
6884 -1662.0000000000
6980 -1661.0000000000
7000 -1660.0000000000
7002 -1659.0000000000
7050 -1658.0000000000
7060 -1657.0000000000
7081 -1656.0000000000
7129 -1655.0000000000
7137 -1653.0000000000
7203 -1652.0000000000
7223 -1651.0000000000
7229 -1650.0000000000
7293 -1649.0000000000
7299 -1648.0000000000
7313 -1647.0000000000
7352 -1646.0000000000
7394 -1645.0000000000
7412 -1644.0000000000
7431 -1642.0000000000
7485 -1641.0000000000
7541 -1640.0000000000
7553 -1639.0000000000
7592 -1637.0000000000
7662 -1636.0000000000
7687 -1635.0000000000
7721 -1634.0000000000
7772 -1633.0000000000
7803 -1632.0000000000
7810 -1630.0000000000
7826 -1629.0000000000
7881 -1627.0000000000
7949 -1626.0000000000
7955 -1625.0000000000
8028 -1624.0000000000
8044 -1623.0000000000
8051 -1622.0000000000
8110 -1621.0000000000
8139 -1620.0000000000
8178 -1619.0000000000
8203 -1617.0000000000
8240 -1615.0000000000
8293 -1614.0000000000
8348 -1611.0000000000
8359 -1610.0000000000
8372 -1608.0000000000
8443 -1607.0000000000
8491 -1606.0000000000
8535 -1603.0000000000
8598 -1602.0000000000
8652 -1601.0000000000
8696 -1600.0000000000
8761 -1599.0000000000
8778 -1598.0000000000
8809 -1597.0000000000
8819 -1596.0000000000
8842 -1595.0000000000
8906 -1594.0000000000
8945 -1593.0000000000
8959 -1592.0000000000
9000 -1591.0000000000
9003 -1590.0000000000
9034 -1588.0000000000
9102 -1587.0000000000
9141 -1586.0000000000
9159 -1585.0000000000
9165 -1584.0000000000
9201 -1583.0000000000
9228 -1582.0000000000
9265 -1581.0000000000
9294 -1579.0000000000
9357 -1578.0000000000
9363 -1577.0000000000
9435 -1576.0000000000
9456 -1575.0000000000
9509 -1573.0000000000
9538 -1572.0000000000
9551 -1569.0000000000
9565 -1568.0000000000
9587 -1567.0000000000
9641 -1566.0000000000
9659 -1565.0000000000
9674 -1564.0000000000
9697 -1563.0000000000
9707 -1562.0000000000
9742 -1560.0000000000
9795 -1559.0000000000
9819 -1558.0000000000
9846 -1557.0000000000
9879 -1556.0000000000
9891 -1555.0000000000
9909 -1554.0000000000
9988 -1553.0000000000
10019 -1552.0000000000
10041 -1550.0000000000
10050 -1551.0000000000
