evaluations raw_y
1 -239.0000000000
2 -238.0000000000
252 -237.0000000000
253 -236.0000000000
254 -235.0000000000
255 -234.0000000000
256 -233.0000000000
257 -232.0000000000
258 -231.0000000000
259 -230.0000000000
260 -229.0000000000
261 -228.0000000000
262 -227.0000000000
263 -226.0000000000
264 -225.0000000000
265 -224.0000000000
266 -223.0000000000
267 -222.0000000000
268 -221.0000000000
269 -220.0000000000
270 -219.0000000000
271 -218.0000000000
272 -217.0000000000
273 -216.0000000000
274 -215.0000000000
275 -214.0000000000
276 -213.0000000000
277 -212.0000000000
278 -211.0000000000
279 -210.0000000000
280 -209.0000000000
281 -208.0000000000
282 -207.0000000000
283 -206.0000000000
284 -205.0000000000
285 -204.0000000000
286 -203.0000000000
287 -202.0000000000
288 -201.0000000000
289 -200.0000000000
290 -199.0000000000
291 -198.0000000000
292 -197.0000000000
293 -196.0000000000
294 -195.0000000000
295 -194.0000000000
296 -193.0000000000
297 -192.0000000000
298 -191.0000000000
299 -190.0000000000
300 -189.0000000000
301 -188.0000000000
302 -187.0000000000
303 -186.0000000000
304 -185.0000000000
305 -184.0000000000
306 -183.0000000000
307 -182.0000000000
308 -181.0000000000
309 -180.0000000000
310 -179.0000000000
311 -178.0000000000
312 -177.0000000000
313 -176.0000000000
314 -175.0000000000
315 -174.0000000000
316 -173.0000000000
317 -172.0000000000
318 -171.0000000000
319 -170.0000000000
320 -169.0000000000
321 -168.0000000000
322 -167.0000000000
323 -166.0000000000
324 -165.0000000000
325 -164.0000000000
326 -163.0000000000
327 -162.0000000000
328 -161.0000000000
329 -160.0000000000
330 -159.0000000000
331 -158.0000000000
332 -157.0000000000
333 -156.0000000000
334 -155.0000000000
335 -154.0000000000
336 -153.0000000000
337 -152.0000000000
338 -151.0000000000
339 -150.0000000000
340 -149.0000000000
341 -148.0000000000
342 -147.0000000000
343 -146.0000000000
344 -145.0000000000
345 -144.0000000000
346 -143.0000000000
347 -142.0000000000
348 -141.0000000000
349 -140.0000000000
350 -139.0000000000
351 -138.0000000000
352 -137.0000000000
353 -136.0000000000
354 -135.0000000000
355 -134.0000000000
356 -133.0000000000
357 -132.0000000000
358 -131.0000000000
359 -130.0000000000
360 -129.0000000000
361 -128.0000000000
362 -127.0000000000
363 -126.0000000000
364 -125.0000000000
365 -124.0000000000
366 -123.0000000000
367 -122.0000000000
368 -121.0000000000
369 -120.0000000000
370 -119.0000000000
371 -118.0000000000
372 -117.0000000000
373 -116.0000000000
374 -115.0000000000
375 -114.0000000000
376 -113.0000000000
377 -112.0000000000
378 -111.0000000000
379 -110.0000000000
380 -109.0000000000
381 -108.0000000000
382 -107.0000000000
383 -106.0000000000
384 -105.0000000000
385 -104.0000000000
386 -103.0000000000
387 -102.0000000000
388 -101.0000000000
389 -100.0000000000
390 -99.0000000000
391 -98.0000000000
392 -97.0000000000
393 -96.0000000000
394 -95.0000000000
395 -94.0000000000
396 -93.0000000000
397 -92.0000000000
398 -91.0000000000
399 -90.0000000000
400 -89.0000000000
401 -88.0000000000
402 -87.0000000000
403 -86.0000000000
404 -85.0000000000
405 -84.0000000000
406 -83.0000000000
407 -82.0000000000
408 -81.0000000000
409 -80.0000000000
410 -79.0000000000
411 -78.0000000000
412 -77.0000000000
413 -76.0000000000
414 -75.0000000000
415 -74.0000000000
416 -73.0000000000
417 -72.0000000000
418 -71.0000000000
419 -70.0000000000
420 -69.0000000000
421 -68.0000000000
422 -67.0000000000
423 -66.0000000000
424 -65.0000000000
425 -64.0000000000
426 -63.0000000000
427 -62.0000000000
428 -61.0000000000
429 -60.0000000000
430 -59.0000000000
431 -58.0000000000
432 -57.0000000000
433 -56.0000000000
434 -55.0000000000
435 -54.0000000000
436 -53.0000000000
437 -52.0000000000
438 -51.0000000000
439 -50.0000000000
440 -49.0000000000
441 -48.0000000000
442 -47.0000000000
443 -46.0000000000
444 -45.0000000000
445 -44.0000000000
446 -43.0000000000
447 -42.0000000000
448 -41.0000000000
449 -40.0000000000
450 -39.0000000000
451 -38.0000000000
452 -37.0000000000
453 -36.0000000000
454 -35.0000000000
455 -34.0000000000
456 -33.0000000000
457 -32.0000000000
458 -31.0000000000
459 -30.0000000000
460 -29.0000000000
461 -28.0000000000
462 -27.0000000000
463 -26.0000000000
464 -25.0000000000
465 -24.0000000000
466 -23.0000000000
467 -22.0000000000
468 -21.0000000000
469 -20.0000000000
470 -19.0000000000
471 -18.0000000000
472 -17.0000000000
473 -16.0000000000
474 -15.0000000000
475 -14.0000000000
476 -13.0000000000
477 -12.0000000000
478 -11.0000000000
479 -10.0000000000
480 -9.0000000000
481 -8.0000000000
482 -7.0000000000
483 -6.0000000000
484 -5.0000000000
485 -4.0000000000
486 -3.0000000000
487 -2.0000000000
488 -1.0000000000
489 256.0000000000
1423 294.0000000000
8894 307.0000000000
8897 315.0000000000
9453 328.0000000000
9456 331.0000000000
9724 332.0000000000
9729 333.0000000000
9852 338.0000000000
9855 348.0000000000
9858 350.0000000000
9860 353.0000000000
10095 373.0000000000
10100 382.0000000000
10843 386.0000000000
10845 387.0000000000
10847 388.0000000000
11365 390.0000000000
11367 392.0000000000
11368 394.0000000000
11554 396.0000000000
11557 397.0000000000
11560 400.0000000000
11714 402.0000000000
11942 404.0000000000
12205 405.0000000000
12208 407.0000000000
12577 410.0000000000
12579 411.0000000000
12581 412.0000000000
12587 414.0000000000
13071 415.0000000000
13073 416.0000000000
13231 420.0000000000
13237 422.0000000000
13915 427.0000000000
13923 428.0000000000
18865 413.0000000000
evaluations raw_y
1 -219.0000000000
2 -218.0000000000
232 -217.0000000000
233 -216.0000000000
234 -215.0000000000
235 -214.0000000000
236 -213.0000000000
237 -212.0000000000
238 -211.0000000000
239 -210.0000000000
240 -209.0000000000
241 -208.0000000000
242 -207.0000000000
243 -206.0000000000
244 -205.0000000000
245 -204.0000000000
246 -203.0000000000
247 -202.0000000000
248 -201.0000000000
249 -200.0000000000
250 -199.0000000000
251 -198.0000000000
252 -197.0000000000
253 -196.0000000000
254 -195.0000000000
255 -194.0000000000
256 -193.0000000000
257 -192.0000000000
258 -191.0000000000
259 -190.0000000000
260 -189.0000000000
261 -188.0000000000
262 -187.0000000000
263 -186.0000000000
264 -185.0000000000
265 -184.0000000000
266 -183.0000000000
267 -182.0000000000
268 -181.0000000000
269 -180.0000000000
270 -179.0000000000
271 -178.0000000000
272 -177.0000000000
273 -176.0000000000
274 -175.0000000000
275 -174.0000000000
276 -173.0000000000
277 -172.0000000000
278 -171.0000000000
279 -170.0000000000
280 -169.0000000000
281 -168.0000000000
282 -167.0000000000
283 -166.0000000000
284 -165.0000000000
285 -164.0000000000
286 -163.0000000000
287 -162.0000000000
288 -161.0000000000
289 -160.0000000000
290 -159.0000000000
291 -158.0000000000
292 -157.0000000000
293 -156.0000000000
294 -155.0000000000
295 -154.0000000000
296 -153.0000000000
297 -152.0000000000
298 -151.0000000000
299 -150.0000000000
300 -149.0000000000
301 -148.0000000000
302 -147.0000000000
303 -146.0000000000
304 -145.0000000000
305 -144.0000000000
306 -143.0000000000
307 -142.0000000000
308 -141.0000000000
309 -140.0000000000
310 -139.0000000000
311 -138.0000000000
312 -137.0000000000
313 -136.0000000000
314 -135.0000000000
315 -134.0000000000
316 -133.0000000000
317 -132.0000000000
318 -131.0000000000
319 -130.0000000000
320 -129.0000000000
321 -128.0000000000
322 -127.0000000000
323 -126.0000000000
324 -125.0000000000
325 -124.0000000000
326 -123.0000000000
327 -122.0000000000
328 -121.0000000000
329 -120.0000000000
330 -119.0000000000
331 -118.0000000000
332 -117.0000000000
333 -116.0000000000
334 -115.0000000000
335 -114.0000000000
336 -113.0000000000
337 -112.0000000000
338 -111.0000000000
339 -110.0000000000
340 -109.0000000000
341 -108.0000000000
342 -107.0000000000
343 -106.0000000000
344 -105.0000000000
345 -104.0000000000
346 -103.0000000000
347 -102.0000000000
348 -101.0000000000
349 -100.0000000000
350 -99.0000000000
351 -98.0000000000
352 -97.0000000000
353 -96.0000000000
354 -95.0000000000
355 -94.0000000000
356 -93.0000000000
357 -92.0000000000
358 -91.0000000000
359 -90.0000000000
360 -89.0000000000
361 -88.0000000000
362 -87.0000000000
363 -86.0000000000
364 -85.0000000000
365 -84.0000000000
366 -83.0000000000
367 -82.0000000000
368 -81.0000000000
369 -80.0000000000
370 -79.0000000000
371 -78.0000000000
372 -77.0000000000
373 -76.0000000000
374 -75.0000000000
375 -74.0000000000
376 -73.0000000000
377 -72.0000000000
378 -71.0000000000
379 -70.0000000000
380 -69.0000000000
381 -68.0000000000
382 -67.0000000000
383 -66.0000000000
384 -65.0000000000
385 -64.0000000000
386 -63.0000000000
387 -62.0000000000
388 -61.0000000000
389 -60.0000000000
390 -59.0000000000
391 -58.0000000000
392 -57.0000000000
393 -56.0000000000
394 -55.0000000000
395 -54.0000000000
396 -53.0000000000
397 -52.0000000000
398 -51.0000000000
399 -50.0000000000
400 -49.0000000000
401 -48.0000000000
402 -47.0000000000
403 -46.0000000000
404 -45.0000000000
405 -44.0000000000
406 -43.0000000000
407 -42.0000000000
408 -41.0000000000
409 -40.0000000000
410 -39.0000000000
411 -38.0000000000
412 -37.0000000000
413 -36.0000000000
414 -35.0000000000
415 -34.0000000000
416 -33.0000000000
417 -32.0000000000
418 -31.0000000000
419 -30.0000000000
420 -29.0000000000
421 -28.0000000000
422 -27.0000000000
423 -26.0000000000
424 -25.0000000000
425 -24.0000000000
426 -23.0000000000
427 -22.0000000000
428 -21.0000000000
429 -20.0000000000
430 -19.0000000000
431 -18.0000000000
432 -17.0000000000
433 -16.0000000000
434 -15.0000000000
435 -14.0000000000
436 -13.0000000000
437 -12.0000000000
438 -11.0000000000
439 -10.0000000000
440 -9.0000000000
441 -8.0000000000
442 -7.0000000000
443 -6.0000000000
444 -5.0000000000
445 -4.0000000000
446 -3.0000000000
447 -2.0000000000
448 -1.0000000000
449 284.0000000000
3991 285.0000000000
8908 297.0000000000
8909 300.0000000000
8914 301.0000000000
9430 317.0000000000
9435 320.0000000000
9488 321.0000000000
9490 324.0000000000
9494 325.0000000000
9557 333.0000000000
9560 337.0000000000
9561 338.0000000000
9721 340.0000000000
9723 342.0000000000
9745 347.0000000000
9747 360.0000000000
9750 361.0000000000
9752 362.0000000000
10266 364.0000000000
10287 365.0000000000
10592 370.0000000000
10647 380.0000000000
10651 381.0000000000
10794 385.0000000000
10796 393.0000000000
10808 394.0000000000
10811 397.0000000000
10813 400.0000000000
10839 404.0000000000
10850 405.0000000000
10880 406.0000000000
11319 407.0000000000
11565 411.0000000000
12250 418.0000000000
12632 419.0000000000
13077 423.0000000000
15551 426.0000000000
15556 428.0000000000
16729 429.0000000000
18899 413.0000000000
evaluations raw_y
1 -223.0000000000
2 -222.0000000000
236 -221.0000000000
237 -220.0000000000
238 -219.0000000000
239 -218.0000000000
240 -217.0000000000
241 -216.0000000000
242 -215.0000000000
243 -214.0000000000
244 -213.0000000000
245 -212.0000000000
246 -211.0000000000
247 -210.0000000000
248 -209.0000000000
249 -208.0000000000
250 -207.0000000000
251 -206.0000000000
252 -205.0000000000
253 -204.0000000000
254 -203.0000000000
255 -202.0000000000
256 -201.0000000000
257 -200.0000000000
258 -199.0000000000
259 -198.0000000000
260 -197.0000000000
261 -196.0000000000
262 -195.0000000000
263 -194.0000000000
264 -193.0000000000
265 -192.0000000000
266 -191.0000000000
267 -190.0000000000
268 -189.0000000000
269 -188.0000000000
270 -187.0000000000
271 -186.0000000000
272 -185.0000000000
273 -184.0000000000
274 -183.0000000000
275 -182.0000000000
276 -181.0000000000
277 -180.0000000000
278 -179.0000000000
279 -178.0000000000
280 -177.0000000000
281 -176.0000000000
282 -175.0000000000
283 -174.0000000000
284 -173.0000000000
285 -172.0000000000
286 -171.0000000000
287 -170.0000000000
288 -169.0000000000
289 -168.0000000000
290 -167.0000000000
291 -166.0000000000
292 -165.0000000000
293 -164.0000000000
294 -163.0000000000
295 -162.0000000000
296 -161.0000000000
297 -160.0000000000
298 -159.0000000000
299 -158.0000000000
300 -157.0000000000
301 -156.0000000000
302 -155.0000000000
303 -154.0000000000
304 -153.0000000000
305 -152.0000000000
306 -151.0000000000
307 -150.0000000000
308 -149.0000000000
309 -148.0000000000
310 -147.0000000000
311 -146.0000000000
312 -145.0000000000
313 -144.0000000000
314 -143.0000000000
315 -142.0000000000
316 -141.0000000000
317 -140.0000000000
318 -139.0000000000
319 -138.0000000000
320 -137.0000000000
321 -136.0000000000
322 -135.0000000000
323 -134.0000000000
324 -133.0000000000
325 -132.0000000000
326 -131.0000000000
327 -130.0000000000
328 -129.0000000000
329 -128.0000000000
330 -127.0000000000
331 -126.0000000000
332 -125.0000000000
333 -124.0000000000
334 -123.0000000000
335 -122.0000000000
336 -121.0000000000
337 -120.0000000000
338 -119.0000000000
339 -118.0000000000
340 -117.0000000000
341 -116.0000000000
342 -115.0000000000
343 -114.0000000000
344 -113.0000000000
345 -112.0000000000
346 -111.0000000000
347 -110.0000000000
348 -109.0000000000
349 -108.0000000000
350 -107.0000000000
351 -106.0000000000
352 -105.0000000000
353 -104.0000000000
354 -103.0000000000
355 -102.0000000000
356 -101.0000000000
357 -100.0000000000
358 -99.0000000000
359 -98.0000000000
360 -97.0000000000
361 -96.0000000000
362 -95.0000000000
363 -94.0000000000
364 -93.0000000000
365 -92.0000000000
366 -91.0000000000
367 -90.0000000000
368 -89.0000000000
369 -88.0000000000
370 -87.0000000000
371 -86.0000000000
372 -85.0000000000
373 -84.0000000000
374 -83.0000000000
375 -82.0000000000
376 -81.0000000000
377 -80.0000000000
378 -79.0000000000
379 -78.0000000000
380 -77.0000000000
381 -76.0000000000
382 -75.0000000000
383 -74.0000000000
384 -73.0000000000
385 -72.0000000000
386 -71.0000000000
387 -70.0000000000
388 -69.0000000000
389 -68.0000000000
390 -67.0000000000
391 -66.0000000000
392 -65.0000000000
393 -64.0000000000
394 -63.0000000000
395 -62.0000000000
396 -61.0000000000
397 -60.0000000000
398 -59.0000000000
399 -58.0000000000
400 -57.0000000000
401 -56.0000000000
402 -55.0000000000
403 -54.0000000000
404 -53.0000000000
405 -52.0000000000
406 -51.0000000000
407 -50.0000000000
408 -49.0000000000
409 -48.0000000000
410 -47.0000000000
411 -46.0000000000
412 -45.0000000000
413 -44.0000000000
414 -43.0000000000
415 -42.0000000000
416 -41.0000000000
417 -40.0000000000
418 -39.0000000000
419 -38.0000000000
420 -37.0000000000
421 -36.0000000000
422 -35.0000000000
423 -34.0000000000
424 -33.0000000000
425 -32.0000000000
426 -31.0000000000
427 -30.0000000000
428 -29.0000000000
429 -28.0000000000
430 -27.0000000000
431 -26.0000000000
432 -25.0000000000
433 -24.0000000000
434 -23.0000000000
435 -22.0000000000
436 -21.0000000000
437 -20.0000000000
438 -19.0000000000
439 -18.0000000000
440 -17.0000000000
441 -16.0000000000
442 -15.0000000000
443 -14.0000000000
444 -13.0000000000
445 -12.0000000000
446 -11.0000000000
447 -10.0000000000
448 -9.0000000000
449 -8.0000000000
450 -7.0000000000
451 -6.0000000000
452 -5.0000000000
453 -4.0000000000
454 -3.0000000000
455 -2.0000000000
456 -1.0000000000
457 256.0000000000
2704 272.0000000000
3157 276.0000000000
3592 286.0000000000
9520 298.0000000000
9521 301.0000000000
9524 303.0000000000
9547 322.0000000000
9551 323.0000000000
9820 327.0000000000
9821 331.0000000000
9822 333.0000000000
9823 335.0000000000
9933 358.0000000000
9934 360.0000000000
10274 373.0000000000
10276 374.0000000000
10277 376.0000000000
10564 379.0000000000
10566 380.0000000000
10878 387.0000000000
10884 388.0000000000
11009 390.0000000000
11322 391.0000000000
11326 392.0000000000
11338 393.0000000000
11390 395.0000000000
11434 400.0000000000
11436 402.0000000000
11437 407.0000000000
12271 409.0000000000
12962 411.0000000000
13014 412.0000000000
13033 414.0000000000
13180 415.0000000000
13467 419.0000000000
14286 421.0000000000
15379 425.0000000000
18909 425.0000000000
evaluations raw_y
1 -209.0000000000
2 -208.0000000000
222 -207.0000000000
223 -206.0000000000
224 -205.0000000000
225 -204.0000000000
226 -203.0000000000
227 -202.0000000000
228 -201.0000000000
229 -200.0000000000
230 -199.0000000000
231 -198.0000000000
232 -197.0000000000
233 -196.0000000000
234 -195.0000000000
235 -194.0000000000
236 -193.0000000000
237 -192.0000000000
238 -191.0000000000
239 -190.0000000000
240 -189.0000000000
241 -188.0000000000
242 -187.0000000000
243 -186.0000000000
244 -185.0000000000
245 -184.0000000000
246 -183.0000000000
247 -182.0000000000
248 -181.0000000000
249 -180.0000000000
250 -179.0000000000
251 -178.0000000000
252 -177.0000000000
253 -176.0000000000
254 -175.0000000000
255 -174.0000000000
256 -173.0000000000
257 -172.0000000000
258 -171.0000000000
259 -170.0000000000
260 -169.0000000000
261 -168.0000000000
262 -167.0000000000
263 -166.0000000000
264 -165.0000000000
265 -164.0000000000
266 -163.0000000000
267 -162.0000000000
268 -161.0000000000
269 -160.0000000000
270 -159.0000000000
271 -158.0000000000
272 -157.0000000000
273 -156.0000000000
274 -155.0000000000
275 -154.0000000000
276 -153.0000000000
277 -152.0000000000
278 -151.0000000000
279 -150.0000000000
280 -149.0000000000
281 -148.0000000000
282 -147.0000000000
283 -146.0000000000
284 -145.0000000000
285 -144.0000000000
286 -143.0000000000
287 -142.0000000000
288 -141.0000000000
289 -140.0000000000
290 -139.0000000000
291 -138.0000000000
292 -137.0000000000
293 -136.0000000000
294 -135.0000000000
295 -134.0000000000
296 -133.0000000000
297 -132.0000000000
298 -131.0000000000
299 -130.0000000000
300 -129.0000000000
301 -128.0000000000
302 -127.0000000000
303 -126.0000000000
304 -125.0000000000
305 -124.0000000000
306 -123.0000000000
307 -122.0000000000
308 -121.0000000000
309 -120.0000000000
310 -119.0000000000
311 -118.0000000000
312 -117.0000000000
313 -116.0000000000
314 -115.0000000000
315 -114.0000000000
316 -113.0000000000
317 -112.0000000000
318 -111.0000000000
319 -110.0000000000
320 -109.0000000000
321 -108.0000000000
322 -107.0000000000
323 -106.0000000000
324 -105.0000000000
325 -104.0000000000
326 -103.0000000000
327 -102.0000000000
328 -101.0000000000
329 -100.0000000000
330 -99.0000000000
331 -98.0000000000
332 -97.0000000000
333 -96.0000000000
334 -95.0000000000
335 -94.0000000000
336 -93.0000000000
337 -92.0000000000
338 -91.0000000000
339 -90.0000000000
340 -89.0000000000
341 -88.0000000000
342 -87.0000000000
343 -86.0000000000
344 -85.0000000000
345 -84.0000000000
346 -83.0000000000
347 -82.0000000000
348 -81.0000000000
349 -80.0000000000
350 -79.0000000000
351 -78.0000000000
352 -77.0000000000
353 -76.0000000000
354 -75.0000000000
355 -74.0000000000
356 -73.0000000000
357 -72.0000000000
358 -71.0000000000
359 -70.0000000000
360 -69.0000000000
361 -68.0000000000
362 -67.0000000000
363 -66.0000000000
364 -65.0000000000
365 -64.0000000000
366 -63.0000000000
367 -62.0000000000
368 -61.0000000000
369 -60.0000000000
370 -59.0000000000
371 -58.0000000000
372 -57.0000000000
373 -56.0000000000
374 -55.0000000000
375 -54.0000000000
376 -53.0000000000
377 -52.0000000000
378 -51.0000000000
379 -50.0000000000
380 -49.0000000000
381 -48.0000000000
382 -47.0000000000
383 -46.0000000000
384 -45.0000000000
385 -44.0000000000
386 -43.0000000000
387 -42.0000000000
388 -41.0000000000
389 -40.0000000000
390 -39.0000000000
391 -38.0000000000
392 -37.0000000000
393 -36.0000000000
394 -35.0000000000
395 -34.0000000000
396 -33.0000000000
397 -32.0000000000
398 -31.0000000000
399 -30.0000000000
400 -29.0000000000
401 -28.0000000000
402 -27.0000000000
403 -26.0000000000
404 -25.0000000000
405 -24.0000000000
406 -23.0000000000
407 -22.0000000000
408 -21.0000000000
409 -20.0000000000
410 -19.0000000000
411 -18.0000000000
412 -17.0000000000
413 -16.0000000000
414 -15.0000000000
415 -14.0000000000
416 -13.0000000000
417 -12.0000000000
418 -11.0000000000
419 -10.0000000000
420 -9.0000000000
421 -8.0000000000
422 -7.0000000000
423 -6.0000000000
424 -5.0000000000
425 -4.0000000000
426 -3.0000000000
427 -2.0000000000
428 -1.0000000000
429 272.0000000000
868 273.0000000000
1325 286.0000000000
8825 287.0000000000
8847 311.0000000000
8848 314.0000000000
8850 320.0000000000
8851 324.0000000000
8905 326.0000000000
9416 330.0000000000
9420 333.0000000000
9655 335.0000000000
9656 340.0000000000
9683 349.0000000000
9824 350.0000000000
9885 353.0000000000
9891 355.0000000000
9925 356.0000000000
9926 357.0000000000
9928 358.0000000000
10155 361.0000000000
10159 362.0000000000
10302 367.0000000000
10306 372.0000000000
10307 375.0000000000
10309 376.0000000000
10323 378.0000000000
10380 387.0000000000
10555 390.0000000000
10562 397.0000000000
10563 399.0000000000
10616 401.0000000000
11872 405.0000000000
11974 409.0000000000
12983 410.0000000000
12991 412.0000000000
13292 413.0000000000
13294 417.0000000000
13524 418.0000000000
13526 419.0000000000
14628 422.0000000000
14821 425.0000000000
15199 426.0000000000
18574 427.0000000000
18827 411.0000000000
evaluations raw_y
1 -215.0000000000
2 -214.0000000000
228 -213.0000000000
229 -212.0000000000
230 -211.0000000000
231 -210.0000000000
232 -209.0000000000
233 -208.0000000000
234 -207.0000000000
235 -206.0000000000
236 -205.0000000000
237 -204.0000000000
238 -203.0000000000
239 -202.0000000000
240 -201.0000000000
241 -200.0000000000
242 -199.0000000000
243 -198.0000000000
244 -197.0000000000
245 -196.0000000000
246 -195.0000000000
247 -194.0000000000
248 -193.0000000000
249 -192.0000000000
250 -191.0000000000
251 -190.0000000000
252 -189.0000000000
253 -188.0000000000
254 -187.0000000000
255 -186.0000000000
256 -185.0000000000
257 -184.0000000000
258 -183.0000000000
259 -182.0000000000
260 -181.0000000000
261 -180.0000000000
262 -179.0000000000
263 -178.0000000000
264 -177.0000000000
265 -176.0000000000
266 -175.0000000000
267 -174.0000000000
268 -173.0000000000
269 -172.0000000000
270 -171.0000000000
271 -170.0000000000
272 -169.0000000000
273 -168.0000000000
274 -167.0000000000
275 -166.0000000000
276 -165.0000000000
277 -164.0000000000
278 -163.0000000000
279 -162.0000000000
280 -161.0000000000
281 -160.0000000000
282 -159.0000000000
283 -158.0000000000
284 -157.0000000000
285 -156.0000000000
286 -155.0000000000
287 -154.0000000000
288 -153.0000000000
289 -152.0000000000
290 -151.0000000000
291 -150.0000000000
292 -149.0000000000
293 -148.0000000000
294 -147.0000000000
295 -146.0000000000
296 -145.0000000000
297 -144.0000000000
298 -143.0000000000
299 -142.0000000000
300 -141.0000000000
301 -140.0000000000
302 -139.0000000000
303 -138.0000000000
304 -137.0000000000
305 -136.0000000000
306 -135.0000000000
307 -134.0000000000
308 -133.0000000000
309 -132.0000000000
310 -131.0000000000
311 -130.0000000000
312 -129.0000000000
313 -128.0000000000
314 -127.0000000000
315 -126.0000000000
316 -125.0000000000
317 -124.0000000000
318 -123.0000000000
319 -122.0000000000
320 -121.0000000000
321 -120.0000000000
322 -119.0000000000
323 -118.0000000000
324 -117.0000000000
325 -116.0000000000
326 -115.0000000000
327 -114.0000000000
328 -113.0000000000
329 -112.0000000000
330 -111.0000000000
331 -110.0000000000
332 -109.0000000000
333 -108.0000000000
334 -107.0000000000
335 -106.0000000000
336 -105.0000000000
337 -104.0000000000
338 -103.0000000000
339 -102.0000000000
340 -101.0000000000
341 -100.0000000000
342 -99.0000000000
343 -98.0000000000
344 -97.0000000000
345 -96.0000000000
346 -95.0000000000
347 -94.0000000000
348 -93.0000000000
349 -92.0000000000
350 -91.0000000000
351 -90.0000000000
352 -89.0000000000
353 -88.0000000000
354 -87.0000000000
355 -86.0000000000
356 -85.0000000000
357 -84.0000000000
358 -83.0000000000
359 -82.0000000000
360 -81.0000000000
361 -80.0000000000
362 -79.0000000000
363 -78.0000000000
364 -77.0000000000
365 -76.0000000000
366 -75.0000000000
367 -74.0000000000
368 -73.0000000000
369 -72.0000000000
370 -71.0000000000
371 -70.0000000000
372 -69.0000000000
373 -68.0000000000
374 -67.0000000000
375 -66.0000000000
376 -65.0000000000
377 -64.0000000000
378 -63.0000000000
379 -62.0000000000
380 -61.0000000000
381 -60.0000000000
382 -59.0000000000
383 -58.0000000000
384 -57.0000000000
385 -56.0000000000
386 -55.0000000000
387 -54.0000000000
388 -53.0000000000
389 -52.0000000000
390 -51.0000000000
391 -50.0000000000
392 -49.0000000000
393 -48.0000000000
394 -47.0000000000
395 -46.0000000000
396 -45.0000000000
397 -44.0000000000
398 -43.0000000000
399 -42.0000000000
400 -41.0000000000
401 -40.0000000000
402 -39.0000000000
403 -38.0000000000
404 -37.0000000000
405 -36.0000000000
406 -35.0000000000
407 -34.0000000000
408 -33.0000000000
409 -32.0000000000
410 -31.0000000000
411 -30.0000000000
412 -29.0000000000
413 -28.0000000000
414 -27.0000000000
415 -26.0000000000
416 -25.0000000000
417 -24.0000000000
418 -23.0000000000
419 -22.0000000000
420 -21.0000000000
421 -20.0000000000
422 -19.0000000000
423 -18.0000000000
424 -17.0000000000
425 -16.0000000000
426 -15.0000000000
427 -14.0000000000
428 -13.0000000000
429 -12.0000000000
430 -11.0000000000
431 -10.0000000000
432 -9.0000000000
433 -8.0000000000
434 -7.0000000000
435 -6.0000000000
436 -5.0000000000
437 -4.0000000000
438 -3.0000000000
439 -2.0000000000
440 -1.0000000000
441 216.0000000000
856 284.0000000000
2195 289.0000000000
8978 301.0000000000
8983 303.0000000000
8984 305.0000000000
9499 309.0000000000
9511 320.0000000000
9512 337.0000000000
9514 339.0000000000
9516 342.0000000000
9644 345.0000000000
9645 347.0000000000
9648 348.0000000000
9711 357.0000000000
9715 369.0000000000
9716 372.0000000000
10562 375.0000000000
10563 376.0000000000
10874 378.0000000000
10880 379.0000000000
10906 380.0000000000
10911 383.0000000000
10912 386.0000000000
10913 388.0000000000
11099 390.0000000000
11183 392.0000000000
11184 393.0000000000
11191 395.0000000000
11308 408.0000000000
12636 415.0000000000
12737 416.0000000000
13765 419.0000000000
13843 420.0000000000
14131 422.0000000000
16795 425.0000000000
17174 427.0000000000
17977 428.0000000000
18931 420.0000000000
evaluations raw_y
1 -217.0000000000
2 -216.0000000000
230 -215.0000000000
231 -214.0000000000
232 -213.0000000000
233 -212.0000000000
234 -211.0000000000
235 -210.0000000000
236 -209.0000000000
237 -208.0000000000
238 -207.0000000000
239 -206.0000000000
240 -205.0000000000
241 -204.0000000000
242 -203.0000000000
243 -202.0000000000
244 -201.0000000000
245 -200.0000000000
246 -199.0000000000
247 -198.0000000000
248 -197.0000000000
249 -196.0000000000
250 -195.0000000000
251 -194.0000000000
252 -193.0000000000
253 -192.0000000000
254 -191.0000000000
255 -190.0000000000
256 -189.0000000000
257 -188.0000000000
258 -187.0000000000
259 -186.0000000000
260 -185.0000000000
261 -184.0000000000
262 -183.0000000000
263 -182.0000000000
264 -181.0000000000
265 -180.0000000000
266 -179.0000000000
267 -178.0000000000
268 -177.0000000000
269 -176.0000000000
270 -175.0000000000
271 -174.0000000000
272 -173.0000000000
273 -172.0000000000
274 -171.0000000000
275 -170.0000000000
276 -169.0000000000
277 -168.0000000000
278 -167.0000000000
279 -166.0000000000
280 -165.0000000000
281 -164.0000000000
282 -163.0000000000
283 -162.0000000000
284 -161.0000000000
285 -160.0000000000
286 -159.0000000000
287 -158.0000000000
288 -157.0000000000
289 -156.0000000000
290 -155.0000000000
291 -154.0000000000
292 -153.0000000000
293 -152.0000000000
294 -151.0000000000
295 -150.0000000000
296 -149.0000000000
297 -148.0000000000
298 -147.0000000000
299 -146.0000000000
300 -145.0000000000
301 -144.0000000000
302 -143.0000000000
303 -142.0000000000
304 -141.0000000000
305 -140.0000000000
306 -139.0000000000
307 -138.0000000000
308 -137.0000000000
309 -136.0000000000
310 -135.0000000000
311 -134.0000000000
312 -133.0000000000
313 -132.0000000000
314 -131.0000000000
315 -130.0000000000
316 -129.0000000000
317 -128.0000000000
318 -127.0000000000
319 -126.0000000000
320 -125.0000000000
321 -124.0000000000
322 -123.0000000000
323 -122.0000000000
324 -121.0000000000
325 -120.0000000000
326 -119.0000000000
327 -118.0000000000
328 -117.0000000000
329 -116.0000000000
330 -115.0000000000
331 -114.0000000000
332 -113.0000000000
333 -112.0000000000
334 -111.0000000000
335 -110.0000000000
336 -109.0000000000
337 -108.0000000000
338 -107.0000000000
339 -106.0000000000
340 -105.0000000000
341 -104.0000000000
342 -103.0000000000
343 -102.0000000000
344 -101.0000000000
345 -100.0000000000
346 -99.0000000000
347 -98.0000000000
348 -97.0000000000
349 -96.0000000000
350 -95.0000000000
351 -94.0000000000
352 -93.0000000000
353 -92.0000000000
354 -91.0000000000
355 -90.0000000000
356 -89.0000000000
357 -88.0000000000
358 -87.0000000000
359 -86.0000000000
360 -85.0000000000
361 -84.0000000000
362 -83.0000000000
363 -82.0000000000
364 -81.0000000000
365 -80.0000000000
366 -79.0000000000
367 -78.0000000000
368 -77.0000000000
369 -76.0000000000
370 -75.0000000000
371 -74.0000000000
372 -73.0000000000
373 -72.0000000000
374 -71.0000000000
375 -70.0000000000
376 -69.0000000000
377 -68.0000000000
378 -67.0000000000
379 -66.0000000000
380 -65.0000000000
381 -64.0000000000
382 -63.0000000000
383 -62.0000000000
384 -61.0000000000
385 -60.0000000000
386 -59.0000000000
387 -58.0000000000
388 -57.0000000000
389 -56.0000000000
390 -55.0000000000
391 -54.0000000000
392 -53.0000000000
393 -52.0000000000
394 -51.0000000000
395 -50.0000000000
396 -49.0000000000
397 -48.0000000000
398 -47.0000000000
399 -46.0000000000
400 -45.0000000000
401 -44.0000000000
402 -43.0000000000
403 -42.0000000000
404 -41.0000000000
405 -40.0000000000
406 -39.0000000000
407 -38.0000000000
408 -37.0000000000
409 -36.0000000000
410 -35.0000000000
411 -34.0000000000
412 -33.0000000000
413 -32.0000000000
414 -31.0000000000
415 -30.0000000000
416 -29.0000000000
417 -28.0000000000
418 -27.0000000000
419 -26.0000000000
420 -25.0000000000
421 -24.0000000000
422 -23.0000000000
423 -22.0000000000
424 -21.0000000000
425 -20.0000000000
426 -19.0000000000
427 -18.0000000000
428 -17.0000000000
429 -16.0000000000
430 -15.0000000000
431 -14.0000000000
432 -13.0000000000
433 -12.0000000000
434 -11.0000000000
435 -10.0000000000
436 -9.0000000000
437 -8.0000000000
438 -7.0000000000
439 -6.0000000000
440 -5.0000000000
441 -4.0000000000
442 -3.0000000000
443 -2.0000000000
444 -1.0000000000
445 278.0000000000
1746 282.0000000000
4422 291.0000000000
8875 302.0000000000
8876 305.0000000000
8878 312.0000000000
8882 314.0000000000
9090 320.0000000000
9091 323.0000000000
9127 331.0000000000
9130 337.0000000000
9678 347.0000000000
9972 350.0000000000
10010 357.0000000000
10014 360.0000000000
10015 364.0000000000
10022 384.0000000000
10023 385.0000000000
10026 388.0000000000
10028 392.0000000000
10031 393.0000000000
10989 396.0000000000
11623 398.0000000000
11669 408.0000000000
11677 409.0000000000
12316 413.0000000000
13271 415.0000000000
13344 416.0000000000
13509 418.0000000000
14917 421.0000000000
14974 423.0000000000
15233 424.0000000000
15491 426.0000000000
15812 427.0000000000
15814 431.0000000000
18285 432.0000000000
18899 409.0000000000
evaluations raw_y
1 -226.0000000000
2 -225.0000000000
239 -224.0000000000
240 -223.0000000000
241 -222.0000000000
242 -221.0000000000
243 -220.0000000000
244 -219.0000000000
245 -218.0000000000
246 -217.0000000000
247 -216.0000000000
248 -215.0000000000
249 -214.0000000000
250 -213.0000000000
251 -212.0000000000
252 -211.0000000000
253 -210.0000000000
254 -209.0000000000
255 -208.0000000000
256 -207.0000000000
257 -206.0000000000
258 -205.0000000000
259 -204.0000000000
260 -203.0000000000
261 -202.0000000000
262 -201.0000000000
263 -200.0000000000
264 -199.0000000000
265 -198.0000000000
266 -197.0000000000
267 -196.0000000000
268 -195.0000000000
269 -194.0000000000
270 -193.0000000000
271 -192.0000000000
272 -191.0000000000
273 -190.0000000000
274 -189.0000000000
275 -188.0000000000
276 -187.0000000000
277 -186.0000000000
278 -185.0000000000
279 -184.0000000000
280 -183.0000000000
281 -182.0000000000
282 -181.0000000000
283 -180.0000000000
284 -179.0000000000
285 -178.0000000000
286 -177.0000000000
287 -176.0000000000
288 -175.0000000000
289 -174.0000000000
290 -173.0000000000
291 -172.0000000000
292 -171.0000000000
293 -170.0000000000
294 -169.0000000000
295 -168.0000000000
296 -167.0000000000
297 -166.0000000000
298 -165.0000000000
299 -164.0000000000
300 -163.0000000000
301 -162.0000000000
302 -161.0000000000
303 -160.0000000000
304 -159.0000000000
305 -158.0000000000
306 -157.0000000000
307 -156.0000000000
308 -155.0000000000
309 -154.0000000000
310 -153.0000000000
311 -152.0000000000
312 -151.0000000000
313 -150.0000000000
314 -149.0000000000
315 -148.0000000000
316 -147.0000000000
317 -146.0000000000
318 -145.0000000000
319 -144.0000000000
320 -143.0000000000
321 -142.0000000000
322 -141.0000000000
323 -140.0000000000
324 -139.0000000000
325 -138.0000000000
326 -137.0000000000
327 -136.0000000000
328 -135.0000000000
329 -134.0000000000
330 -133.0000000000
331 -132.0000000000
332 -131.0000000000
333 -130.0000000000
334 -129.0000000000
335 -128.0000000000
336 -127.0000000000
337 -126.0000000000
338 -125.0000000000
339 -124.0000000000
340 -123.0000000000
341 -122.0000000000
342 -121.0000000000
343 -120.0000000000
344 -119.0000000000
345 -118.0000000000
346 -117.0000000000
347 -116.0000000000
348 -115.0000000000
349 -114.0000000000
350 -113.0000000000
351 -112.0000000000
352 -111.0000000000
353 -110.0000000000
354 -109.0000000000
355 -108.0000000000
356 -107.0000000000
357 -106.0000000000
358 -105.0000000000
359 -104.0000000000
360 -103.0000000000
361 -102.0000000000
362 -101.0000000000
363 -100.0000000000
364 -99.0000000000
365 -98.0000000000
366 -97.0000000000
367 -96.0000000000
368 -95.0000000000
369 -94.0000000000
370 -93.0000000000
371 -92.0000000000
372 -91.0000000000
373 -90.0000000000
374 -89.0000000000
375 -88.0000000000
376 -87.0000000000
377 -86.0000000000
378 -85.0000000000
379 -84.0000000000
380 -83.0000000000
381 -82.0000000000
382 -81.0000000000
383 -80.0000000000
384 -79.0000000000
385 -78.0000000000
386 -77.0000000000
387 -76.0000000000
388 -75.0000000000
389 -74.0000000000
390 -73.0000000000
391 -72.0000000000
392 -71.0000000000
393 -70.0000000000
394 -69.0000000000
395 -68.0000000000
396 -67.0000000000
397 -66.0000000000
398 -65.0000000000
399 -64.0000000000
400 -63.0000000000
401 -62.0000000000
402 -61.0000000000
403 -60.0000000000
404 -59.0000000000
405 -58.0000000000
406 -57.0000000000
407 -56.0000000000
408 -55.0000000000
409 -54.0000000000
410 -53.0000000000
411 -52.0000000000
412 -51.0000000000
413 -50.0000000000
414 -49.0000000000
415 -48.0000000000
416 -47.0000000000
417 -46.0000000000
418 -45.0000000000
419 -44.0000000000
420 -43.0000000000
421 -42.0000000000
422 -41.0000000000
423 -40.0000000000
424 -39.0000000000
425 -38.0000000000
426 -37.0000000000
427 -36.0000000000
428 -35.0000000000
429 -34.0000000000
430 -33.0000000000
431 -32.0000000000
432 -31.0000000000
433 -30.0000000000
434 -29.0000000000
435 -28.0000000000
436 -27.0000000000
437 -26.0000000000
438 -25.0000000000
439 -24.0000000000
440 -23.0000000000
441 -22.0000000000
442 -21.0000000000
443 -20.0000000000
444 -19.0000000000
445 -18.0000000000
446 -17.0000000000
447 -16.0000000000
448 -15.0000000000
449 -14.0000000000
450 -13.0000000000
451 -12.0000000000
452 -11.0000000000
453 -10.0000000000
454 -9.0000000000
455 -8.0000000000
456 -7.0000000000
457 -6.0000000000
458 -5.0000000000
459 -4.0000000000
460 -3.0000000000
461 -2.0000000000
462 -1.0000000000
463 262.0000000000
914 275.0000000000
1383 279.0000000000
3209 280.0000000000
5005 283.0000000000
5438 285.0000000000
5867 286.0000000000
8557 292.0000000000
9056 302.0000000000
9057 304.0000000000
9061 305.0000000000
9096 314.0000000000
9097 318.0000000000
9098 320.0000000000
9112 328.0000000000
9118 331.0000000000
9193 339.0000000000
9195 340.0000000000
9196 341.0000000000
9197 344.0000000000
9769 349.0000000000
9774 353.0000000000
10018 355.0000000000
10284 378.0000000000
10930 379.0000000000
11001 380.0000000000
11003 385.0000000000
11258 388.0000000000
11260 393.0000000000
11264 394.0000000000
11916 397.0000000000
11980 401.0000000000
11988 402.0000000000
11989 403.0000000000
12008 404.0000000000
12842 406.0000000000
12866 407.0000000000
13541 412.0000000000
13801 413.0000000000
14063 417.0000000000
14064 418.0000000000
14066 421.0000000000
14685 424.0000000000
15080 425.0000000000
16336 426.0000000000
19011 418.0000000000
evaluations raw_y
1 -229.0000000000
2 -228.0000000000
242 -227.0000000000
243 -226.0000000000
244 -225.0000000000
245 -224.0000000000
246 -223.0000000000
247 -222.0000000000
248 -221.0000000000
249 -220.0000000000
250 -219.0000000000
251 -218.0000000000
252 -217.0000000000
253 -216.0000000000
254 -215.0000000000
255 -214.0000000000
256 -213.0000000000
257 -212.0000000000
258 -211.0000000000
259 -210.0000000000
260 -209.0000000000
261 -208.0000000000
262 -207.0000000000
263 -206.0000000000
264 -205.0000000000
265 -204.0000000000
266 -203.0000000000
267 -202.0000000000
268 -201.0000000000
269 -200.0000000000
270 -199.0000000000
271 -198.0000000000
272 -197.0000000000
273 -196.0000000000
274 -195.0000000000
275 -194.0000000000
276 -193.0000000000
277 -192.0000000000
278 -191.0000000000
279 -190.0000000000
280 -189.0000000000
281 -188.0000000000
282 -187.0000000000
283 -186.0000000000
284 -185.0000000000
285 -184.0000000000
286 -183.0000000000
287 -182.0000000000
288 -181.0000000000
289 -180.0000000000
290 -179.0000000000
291 -178.0000000000
292 -177.0000000000
293 -176.0000000000
294 -175.0000000000
295 -174.0000000000
296 -173.0000000000
297 -172.0000000000
298 -171.0000000000
299 -170.0000000000
300 -169.0000000000
301 -168.0000000000
302 -167.0000000000
303 -166.0000000000
304 -165.0000000000
305 -164.0000000000
306 -163.0000000000
307 -162.0000000000
308 -161.0000000000
309 -160.0000000000
310 -159.0000000000
311 -158.0000000000
312 -157.0000000000
313 -156.0000000000
314 -155.0000000000
315 -154.0000000000
316 -153.0000000000
317 -152.0000000000
318 -151.0000000000
319 -150.0000000000
320 -149.0000000000
321 -148.0000000000
322 -147.0000000000
323 -146.0000000000
324 -145.0000000000
325 -144.0000000000
326 -143.0000000000
327 -142.0000000000
328 -141.0000000000
329 -140.0000000000
330 -139.0000000000
331 -138.0000000000
332 -137.0000000000
333 -136.0000000000
334 -135.0000000000
335 -134.0000000000
336 -133.0000000000
337 -132.0000000000
338 -131.0000000000
339 -130.0000000000
340 -129.0000000000
341 -128.0000000000
342 -127.0000000000
343 -126.0000000000
344 -125.0000000000
345 -124.0000000000
346 -123.0000000000
347 -122.0000000000
348 -121.0000000000
349 -120.0000000000
350 -119.0000000000
351 -118.0000000000
352 -117.0000000000
353 -116.0000000000
354 -115.0000000000
355 -114.0000000000
356 -113.0000000000
357 -112.0000000000
358 -111.0000000000
359 -110.0000000000
360 -109.0000000000
361 -108.0000000000
362 -107.0000000000
363 -106.0000000000
364 -105.0000000000
365 -104.0000000000
366 -103.0000000000
367 -102.0000000000
368 -101.0000000000
369 -100.0000000000
370 -99.0000000000
371 -98.0000000000
372 -97.0000000000
373 -96.0000000000
374 -95.0000000000
375 -94.0000000000
376 -93.0000000000
377 -92.0000000000
378 -91.0000000000
379 -90.0000000000
380 -89.0000000000
381 -88.0000000000
382 -87.0000000000
383 -86.0000000000
384 -85.0000000000
385 -84.0000000000
386 -83.0000000000
387 -82.0000000000
388 -81.0000000000
389 -80.0000000000
390 -79.0000000000
391 -78.0000000000
392 -77.0000000000
393 -76.0000000000
394 -75.0000000000
395 -74.0000000000
396 -73.0000000000
397 -72.0000000000
398 -71.0000000000
399 -70.0000000000
400 -69.0000000000
401 -68.0000000000
402 -67.0000000000
403 -66.0000000000
404 -65.0000000000
405 -64.0000000000
406 -63.0000000000
407 -62.0000000000
408 -61.0000000000
409 -60.0000000000
410 -59.0000000000
411 -58.0000000000
412 -57.0000000000
413 -56.0000000000
414 -55.0000000000
415 -54.0000000000
416 -53.0000000000
417 -52.0000000000
418 -51.0000000000
419 -50.0000000000
420 -49.0000000000
421 -48.0000000000
422 -47.0000000000
423 -46.0000000000
424 -45.0000000000
425 -44.0000000000
426 -43.0000000000
427 -42.0000000000
428 -41.0000000000
429 -40.0000000000
430 -39.0000000000
431 -38.0000000000
432 -37.0000000000
433 -36.0000000000
434 -35.0000000000
435 -34.0000000000
436 -33.0000000000
437 -32.0000000000
438 -31.0000000000
439 -30.0000000000
440 -29.0000000000
441 -28.0000000000
442 -27.0000000000
443 -26.0000000000
444 -25.0000000000
445 -24.0000000000
446 -23.0000000000
447 -22.0000000000
448 -21.0000000000
449 -20.0000000000
450 -19.0000000000
451 -18.0000000000
452 -17.0000000000
453 -16.0000000000
454 -15.0000000000
455 -14.0000000000
456 -13.0000000000
457 -12.0000000000
458 -11.0000000000
459 -10.0000000000
460 -9.0000000000
461 -8.0000000000
462 -7.0000000000
463 -6.0000000000
464 -5.0000000000
465 -4.0000000000
466 -3.0000000000
467 -2.0000000000
468 -1.0000000000
469 252.0000000000
910 268.0000000000
1772 282.0000000000
7076 285.0000000000
8912 286.0000000000
8915 289.0000000000
8925 296.0000000000
8926 299.0000000000
8927 305.0000000000
8928 306.0000000000
9511 310.0000000000
9513 311.0000000000
9514 312.0000000000
9680 329.0000000000
9682 336.0000000000
9783 345.0000000000
9785 367.0000000000
9788 369.0000000000
9789 370.0000000000
9871 374.0000000000
9874 377.0000000000
10398 383.0000000000
10820 384.0000000000
10822 391.0000000000
10937 393.0000000000
10940 396.0000000000
11234 397.0000000000
11236 405.0000000000
12982 406.0000000000
13139 410.0000000000
13141 412.0000000000
13146 415.0000000000
13778 417.0000000000
15704 418.0000000000
15713 419.0000000000
16271 421.0000000000
16726 422.0000000000
17365 424.0000000000
17374 427.0000000000
18508 428.0000000000
18907 398.0000000000
evaluations raw_y
1 -207.0000000000
2 -206.0000000000
220 -205.0000000000
221 -204.0000000000
222 -203.0000000000
223 -202.0000000000
224 -201.0000000000
225 -200.0000000000
226 -199.0000000000
227 -198.0000000000
228 -197.0000000000
229 -196.0000000000
230 -195.0000000000
231 -194.0000000000
232 -193.0000000000
233 -192.0000000000
234 -191.0000000000
235 -190.0000000000
236 -189.0000000000
237 -188.0000000000
238 -187.0000000000
239 -186.0000000000
240 -185.0000000000
241 -184.0000000000
242 -183.0000000000
243 -182.0000000000
244 -181.0000000000
245 -180.0000000000
246 -179.0000000000
247 -178.0000000000
248 -177.0000000000
249 -176.0000000000
250 -175.0000000000
251 -174.0000000000
252 -173.0000000000
253 -172.0000000000
254 -171.0000000000
255 -170.0000000000
256 -169.0000000000
257 -168.0000000000
258 -167.0000000000
259 -166.0000000000
260 -165.0000000000
261 -164.0000000000
262 -163.0000000000
263 -162.0000000000
264 -161.0000000000
265 -160.0000000000
266 -159.0000000000
267 -158.0000000000
268 -157.0000000000
269 -156.0000000000
270 -155.0000000000
271 -154.0000000000
272 -153.0000000000
273 -152.0000000000
274 -151.0000000000
275 -150.0000000000
276 -149.0000000000
277 -148.0000000000
278 -147.0000000000
279 -146.0000000000
280 -145.0000000000
281 -144.0000000000
282 -143.0000000000
283 -142.0000000000
284 -141.0000000000
285 -140.0000000000
286 -139.0000000000
287 -138.0000000000
288 -137.0000000000
289 -136.0000000000
290 -135.0000000000
291 -134.0000000000
292 -133.0000000000
293 -132.0000000000
294 -131.0000000000
295 -130.0000000000
296 -129.0000000000
297 -128.0000000000
298 -127.0000000000
299 -126.0000000000
300 -125.0000000000
301 -124.0000000000
302 -123.0000000000
303 -122.0000000000
304 -121.0000000000
305 -120.0000000000
306 -119.0000000000
307 -118.0000000000
308 -117.0000000000
309 -116.0000000000
310 -115.0000000000
311 -114.0000000000
312 -113.0000000000
313 -112.0000000000
314 -111.0000000000
315 -110.0000000000
316 -109.0000000000
317 -108.0000000000
318 -107.0000000000
319 -106.0000000000
320 -105.0000000000
321 -104.0000000000
322 -103.0000000000
323 -102.0000000000
324 -101.0000000000
325 -100.0000000000
326 -99.0000000000
327 -98.0000000000
328 -97.0000000000
329 -96.0000000000
330 -95.0000000000
331 -94.0000000000
332 -93.0000000000
333 -92.0000000000
334 -91.0000000000
335 -90.0000000000
336 -89.0000000000
337 -88.0000000000
338 -87.0000000000
339 -86.0000000000
340 -85.0000000000
341 -84.0000000000
342 -83.0000000000
343 -82.0000000000
344 -81.0000000000
345 -80.0000000000
346 -79.0000000000
347 -78.0000000000
348 -77.0000000000
349 -76.0000000000
350 -75.0000000000
351 -74.0000000000
352 -73.0000000000
353 -72.0000000000
354 -71.0000000000
355 -70.0000000000
356 -69.0000000000
357 -68.0000000000
358 -67.0000000000
359 -66.0000000000
360 -65.0000000000
361 -64.0000000000
362 -63.0000000000
363 -62.0000000000
364 -61.0000000000
365 -60.0000000000
366 -59.0000000000
367 -58.0000000000
368 -57.0000000000
369 -56.0000000000
370 -55.0000000000
371 -54.0000000000
372 -53.0000000000
373 -52.0000000000
374 -51.0000000000
375 -50.0000000000
376 -49.0000000000
377 -48.0000000000
378 -47.0000000000
379 -46.0000000000
380 -45.0000000000
381 -44.0000000000
382 -43.0000000000
383 -42.0000000000
384 -41.0000000000
385 -40.0000000000
386 -39.0000000000
387 -38.0000000000
388 -37.0000000000
389 -36.0000000000
390 -35.0000000000
391 -34.0000000000
392 -33.0000000000
393 -32.0000000000
394 -31.0000000000
395 -30.0000000000
396 -29.0000000000
397 -28.0000000000
398 -27.0000000000
399 -26.0000000000
400 -25.0000000000
401 -24.0000000000
402 -23.0000000000
403 -22.0000000000
404 -21.0000000000
405 -20.0000000000
406 -19.0000000000
407 -18.0000000000
408 -17.0000000000
409 -16.0000000000
410 -15.0000000000
411 -14.0000000000
412 -13.0000000000
413 -12.0000000000
414 -11.0000000000
415 -10.0000000000
416 -9.0000000000
417 -8.0000000000
418 -7.0000000000
419 -6.0000000000
420 -5.0000000000
421 -4.0000000000
422 -3.0000000000
423 -2.0000000000
424 -1.0000000000
425 283.0000000000
1291 296.0000000000
8928 313.0000000000
8931 318.0000000000
8934 320.0000000000
9531 327.0000000000
9534 339.0000000000
9594 344.0000000000
9595 347.0000000000
9597 349.0000000000
9708 351.0000000000
9711 357.0000000000
9712 361.0000000000
9713 363.0000000000
10275 364.0000000000
10277 367.0000000000
10298 368.0000000000
10299 378.0000000000
10446 379.0000000000
10447 380.0000000000
10448 386.0000000000
10454 388.0000000000
10455 390.0000000000
10964 393.0000000000
11202 396.0000000000
11207 398.0000000000
12172 400.0000000000
12173 402.0000000000
12593 406.0000000000
13005 408.0000000000
13175 410.0000000000
13181 411.0000000000
13184 412.0000000000
13523 413.0000000000
13531 414.0000000000
13766 416.0000000000
13958 418.0000000000
13961 422.0000000000
16441 423.0000000000
16669 424.0000000000
16672 429.0000000000
18927 423.0000000000
evaluations raw_y
1 -216.0000000000
2 -215.0000000000
229 -214.0000000000
230 -213.0000000000
231 -212.0000000000
232 -211.0000000000
233 -210.0000000000
234 -209.0000000000
235 -208.0000000000
236 -207.0000000000
237 -206.0000000000
238 -205.0000000000
239 -204.0000000000
240 -203.0000000000
241 -202.0000000000
242 -201.0000000000
243 -200.0000000000
244 -199.0000000000
245 -198.0000000000
246 -197.0000000000
247 -196.0000000000
248 -195.0000000000
249 -194.0000000000
250 -193.0000000000
251 -192.0000000000
252 -191.0000000000
253 -190.0000000000
254 -189.0000000000
255 -188.0000000000
256 -187.0000000000
257 -186.0000000000
258 -185.0000000000
259 -184.0000000000
260 -183.0000000000
261 -182.0000000000
262 -181.0000000000
263 -180.0000000000
264 -179.0000000000
265 -178.0000000000
266 -177.0000000000
267 -176.0000000000
268 -175.0000000000
269 -174.0000000000
270 -173.0000000000
271 -172.0000000000
272 -171.0000000000
273 -170.0000000000
274 -169.0000000000
275 -168.0000000000
276 -167.0000000000
277 -166.0000000000
278 -165.0000000000
279 -164.0000000000
280 -163.0000000000
281 -162.0000000000
282 -161.0000000000
283 -160.0000000000
284 -159.0000000000
285 -158.0000000000
286 -157.0000000000
287 -156.0000000000
288 -155.0000000000
289 -154.0000000000
290 -153.0000000000
291 -152.0000000000
292 -151.0000000000
293 -150.0000000000
294 -149.0000000000
295 -148.0000000000
296 -147.0000000000
297 -146.0000000000
298 -145.0000000000
299 -144.0000000000
300 -143.0000000000
301 -142.0000000000
302 -141.0000000000
303 -140.0000000000
304 -139.0000000000
305 -138.0000000000
306 -137.0000000000
307 -136.0000000000
308 -135.0000000000
309 -134.0000000000
310 -133.0000000000
311 -132.0000000000
312 -131.0000000000
313 -130.0000000000
314 -129.0000000000
315 -128.0000000000
316 -127.0000000000
317 -126.0000000000
318 -125.0000000000
319 -124.0000000000
320 -123.0000000000
321 -122.0000000000
322 -121.0000000000
323 -120.0000000000
324 -119.0000000000
325 -118.0000000000
326 -117.0000000000
327 -116.0000000000
328 -115.0000000000
329 -114.0000000000
330 -113.0000000000
331 -112.0000000000
332 -111.0000000000
333 -110.0000000000
334 -109.0000000000
335 -108.0000000000
336 -107.0000000000
337 -106.0000000000
338 -105.0000000000
339 -104.0000000000
340 -103.0000000000
341 -102.0000000000
342 -101.0000000000
343 -100.0000000000
344 -99.0000000000
345 -98.0000000000
346 -97.0000000000
347 -96.0000000000
348 -95.0000000000
349 -94.0000000000
350 -93.0000000000
351 -92.0000000000
352 -91.0000000000
353 -90.0000000000
354 -89.0000000000
355 -88.0000000000
356 -87.0000000000
357 -86.0000000000
358 -85.0000000000
359 -84.0000000000
360 -83.0000000000
361 -82.0000000000
362 -81.0000000000
363 -80.0000000000
364 -79.0000000000
365 -78.0000000000
366 -77.0000000000
367 -76.0000000000
368 -75.0000000000
369 -74.0000000000
370 -73.0000000000
371 -72.0000000000
372 -71.0000000000
373 -70.0000000000
374 -69.0000000000
375 -68.0000000000
376 -67.0000000000
377 -66.0000000000
378 -65.0000000000
379 -64.0000000000
380 -63.0000000000
381 -62.0000000000
382 -61.0000000000
383 -60.0000000000
384 -59.0000000000
385 -58.0000000000
386 -57.0000000000
387 -56.0000000000
388 -55.0000000000
389 -54.0000000000
390 -53.0000000000
391 -52.0000000000
392 -51.0000000000
393 -50.0000000000
394 -49.0000000000
395 -48.0000000000
396 -47.0000000000
397 -46.0000000000
398 -45.0000000000
399 -44.0000000000
400 -43.0000000000
401 -42.0000000000
402 -41.0000000000
403 -40.0000000000
404 -39.0000000000
405 -38.0000000000
406 -37.0000000000
407 -36.0000000000
408 -35.0000000000
409 -34.0000000000
410 -33.0000000000
411 -32.0000000000
412 -31.0000000000
413 -30.0000000000
414 -29.0000000000
415 -28.0000000000
416 -27.0000000000
417 -26.0000000000
418 -25.0000000000
419 -24.0000000000
420 -23.0000000000
421 -22.0000000000
422 -21.0000000000
423 -20.0000000000
424 -19.0000000000
425 -18.0000000000
426 -17.0000000000
427 -16.0000000000
428 -15.0000000000
429 -14.0000000000
430 -13.0000000000
431 -12.0000000000
432 -11.0000000000
433 -10.0000000000
434 -9.0000000000
435 -8.0000000000
436 -7.0000000000
437 -6.0000000000
438 -5.0000000000
439 -4.0000000000
440 -3.0000000000
441 -2.0000000000
442 -1.0000000000
443 269.0000000000
876 274.0000000000
1744 278.0000000000
2630 281.0000000000
3085 283.0000000000
8842 289.0000000000
8845 321.0000000000
9607 322.0000000000
9649 328.0000000000
9651 331.0000000000
9652 333.0000000000
9767 334.0000000000
9776 336.0000000000
9801 338.0000000000
9921 344.0000000000
9983 351.0000000000
9986 357.0000000000
9991 359.0000000000
10184 363.0000000000
10185 364.0000000000
10186 367.0000000000
10189 368.0000000000
10462 372.0000000000
10466 374.0000000000
10547 378.0000000000
10549 383.0000000000
10991 388.0000000000
10995 391.0000000000
11000 392.0000000000
11339 393.0000000000
11341 394.0000000000
11343 395.0000000000
11381 397.0000000000
11383 402.0000000000
11385 405.0000000000
11752 406.0000000000
11754 411.0000000000
13263 413.0000000000
13400 415.0000000000
13408 417.0000000000
13486 419.0000000000
13806 420.0000000000
14038 422.0000000000
15105 424.0000000000
15106 425.0000000000
17705 426.0000000000
17764 431.0000000000
18847 391.0000000000
evaluations raw_y
1 -217.0000000000
2 -216.0000000000
230 -215.0000000000
231 -214.0000000000
232 -213.0000000000
233 -212.0000000000
234 -211.0000000000
235 -210.0000000000
236 -209.0000000000
237 -208.0000000000
238 -207.0000000000
239 -206.0000000000
240 -205.0000000000
241 -204.0000000000
242 -203.0000000000
243 -202.0000000000
244 -201.0000000000
245 -200.0000000000
246 -199.0000000000
247 -198.0000000000
248 -197.0000000000
249 -196.0000000000
250 -195.0000000000
251 -194.0000000000
252 -193.0000000000
253 -192.0000000000
254 -191.0000000000
255 -190.0000000000
256 -189.0000000000
257 -188.0000000000
258 -187.0000000000
259 -186.0000000000
260 -185.0000000000
261 -184.0000000000
262 -183.0000000000
263 -182.0000000000
264 -181.0000000000
265 -180.0000000000
266 -179.0000000000
267 -178.0000000000
268 -177.0000000000
269 -176.0000000000
270 -175.0000000000
271 -174.0000000000
272 -173.0000000000
273 -172.0000000000
274 -171.0000000000
275 -170.0000000000
276 -169.0000000000
277 -168.0000000000
278 -167.0000000000
279 -166.0000000000
280 -165.0000000000
281 -164.0000000000
282 -163.0000000000
283 -162.0000000000
284 -161.0000000000
285 -160.0000000000
286 -159.0000000000
287 -158.0000000000
288 -157.0000000000
289 -156.0000000000
290 -155.0000000000
291 -154.0000000000
292 -153.0000000000
293 -152.0000000000
294 -151.0000000000
295 -150.0000000000
296 -149.0000000000
297 -148.0000000000
298 -147.0000000000
299 -146.0000000000
300 -145.0000000000
301 -144.0000000000
302 -143.0000000000
303 -142.0000000000
304 -141.0000000000
305 -140.0000000000
306 -139.0000000000
307 -138.0000000000
308 -137.0000000000
309 -136.0000000000
310 -135.0000000000
311 -134.0000000000
312 -133.0000000000
313 -132.0000000000
314 -131.0000000000
315 -130.0000000000
316 -129.0000000000
317 -128.0000000000
318 -127.0000000000
319 -126.0000000000
320 -125.0000000000
321 -124.0000000000
322 -123.0000000000
323 -122.0000000000
324 -121.0000000000
325 -120.0000000000
326 -119.0000000000
327 -118.0000000000
328 -117.0000000000
329 -116.0000000000
330 -115.0000000000
331 -114.0000000000
332 -113.0000000000
333 -112.0000000000
334 -111.0000000000
335 -110.0000000000
336 -109.0000000000
337 -108.0000000000
338 -107.0000000000
339 -106.0000000000
340 -105.0000000000
341 -104.0000000000
342 -103.0000000000
343 -102.0000000000
344 -101.0000000000
345 -100.0000000000
346 -99.0000000000
347 -98.0000000000
348 -97.0000000000
349 -96.0000000000
350 -95.0000000000
351 -94.0000000000
352 -93.0000000000
353 -92.0000000000
354 -91.0000000000
355 -90.0000000000
356 -89.0000000000
357 -88.0000000000
358 -87.0000000000
359 -86.0000000000
360 -85.0000000000
361 -84.0000000000
362 -83.0000000000
363 -82.0000000000
364 -81.0000000000
365 -80.0000000000
366 -79.0000000000
367 -78.0000000000
368 -77.0000000000
369 -76.0000000000
370 -75.0000000000
371 -74.0000000000
372 -73.0000000000
373 -72.0000000000
374 -71.0000000000
375 -70.0000000000
376 -69.0000000000
377 -68.0000000000
378 -67.0000000000
379 -66.0000000000
380 -65.0000000000
381 -64.0000000000
382 -63.0000000000
383 -62.0000000000
384 -61.0000000000
385 -60.0000000000
386 -59.0000000000
387 -58.0000000000
388 -57.0000000000
389 -56.0000000000
390 -55.0000000000
391 -54.0000000000
392 -53.0000000000
393 -52.0000000000
394 -51.0000000000
395 -50.0000000000
396 -49.0000000000
397 -48.0000000000
398 -47.0000000000
399 -46.0000000000
400 -45.0000000000
401 -44.0000000000
402 -43.0000000000
403 -42.0000000000
404 -41.0000000000
405 -40.0000000000
406 -39.0000000000
407 -38.0000000000
408 -37.0000000000
409 -36.0000000000
410 -35.0000000000
411 -34.0000000000
412 -33.0000000000
413 -32.0000000000
414 -31.0000000000
415 -30.0000000000
416 -29.0000000000
417 -28.0000000000
418 -27.0000000000
419 -26.0000000000
420 -25.0000000000
421 -24.0000000000
422 -23.0000000000
423 -22.0000000000
424 -21.0000000000
425 -20.0000000000
426 -19.0000000000
427 -18.0000000000
428 -17.0000000000
429 -16.0000000000
430 -15.0000000000
431 -14.0000000000
432 -13.0000000000
433 -12.0000000000
434 -11.0000000000
435 -10.0000000000
436 -9.0000000000
437 -8.0000000000
438 -7.0000000000
439 -6.0000000000
440 -5.0000000000
441 -4.0000000000
442 -3.0000000000
443 -2.0000000000
444 -1.0000000000
445 282.0000000000
870 291.0000000000
8593 294.0000000000
8594 295.0000000000
8595 299.0000000000
8607 311.0000000000
8608 312.0000000000
8609 315.0000000000
8610 317.0000000000
8613 320.0000000000
8636 330.0000000000
8640 334.0000000000
9469 338.0000000000
9470 339.0000000000
9644 346.0000000000
9650 347.0000000000
9692 348.0000000000
9694 351.0000000000
9804 362.0000000000
9806 368.0000000000
9961 382.0000000000
9964 386.0000000000
9965 390.0000000000
9967 391.0000000000
10174 393.0000000000
10178 398.0000000000
10180 399.0000000000
10183 400.0000000000
10610 405.0000000000
10615 408.0000000000
10616 410.0000000000
11427 411.0000000000
11900 413.0000000000
11957 414.0000000000
12793 415.0000000000
12816 416.0000000000
12820 417.0000000000
12997 418.0000000000
13755 419.0000000000
14016 423.0000000000
15726 427.0000000000
16343 428.0000000000
18613 422.0000000000
evaluations raw_y
1 -218.0000000000
2 -217.0000000000
231 -216.0000000000
232 -215.0000000000
233 -214.0000000000
234 -213.0000000000
235 -212.0000000000
236 -211.0000000000
237 -210.0000000000
238 -209.0000000000
239 -208.0000000000
240 -207.0000000000
241 -206.0000000000
242 -205.0000000000
243 -204.0000000000
244 -203.0000000000
245 -202.0000000000
246 -201.0000000000
247 -200.0000000000
248 -199.0000000000
249 -198.0000000000
250 -197.0000000000
251 -196.0000000000
252 -195.0000000000
253 -194.0000000000
254 -193.0000000000
255 -192.0000000000
256 -191.0000000000
257 -190.0000000000
258 -189.0000000000
259 -188.0000000000
260 -187.0000000000
261 -186.0000000000
262 -185.0000000000
263 -184.0000000000
264 -183.0000000000
265 -182.0000000000
266 -181.0000000000
267 -180.0000000000
268 -179.0000000000
269 -178.0000000000
270 -177.0000000000
271 -176.0000000000
272 -175.0000000000
273 -174.0000000000
274 -173.0000000000
275 -172.0000000000
276 -171.0000000000
277 -170.0000000000
278 -169.0000000000
279 -168.0000000000
280 -167.0000000000
281 -166.0000000000
282 -165.0000000000
283 -164.0000000000
284 -163.0000000000
285 -162.0000000000
286 -161.0000000000
287 -160.0000000000
288 -159.0000000000
289 -158.0000000000
290 -157.0000000000
291 -156.0000000000
292 -155.0000000000
293 -154.0000000000
294 -153.0000000000
295 -152.0000000000
296 -151.0000000000
297 -150.0000000000
298 -149.0000000000
299 -148.0000000000
300 -147.0000000000
301 -146.0000000000
302 -145.0000000000
303 -144.0000000000
304 -143.0000000000
305 -142.0000000000
306 -141.0000000000
307 -140.0000000000
308 -139.0000000000
309 -138.0000000000
310 -137.0000000000
311 -136.0000000000
312 -135.0000000000
313 -134.0000000000
314 -133.0000000000
315 -132.0000000000
316 -131.0000000000
317 -130.0000000000
318 -129.0000000000
319 -128.0000000000
320 -127.0000000000
321 -126.0000000000
322 -125.0000000000
323 -124.0000000000
324 -123.0000000000
325 -122.0000000000
326 -121.0000000000
327 -120.0000000000
328 -119.0000000000
329 -118.0000000000
330 -117.0000000000
331 -116.0000000000
332 -115.0000000000
333 -114.0000000000
334 -113.0000000000
335 -112.0000000000
336 -111.0000000000
337 -110.0000000000
338 -109.0000000000
339 -108.0000000000
340 -107.0000000000
341 -106.0000000000
342 -105.0000000000
343 -104.0000000000
344 -103.0000000000
345 -102.0000000000
346 -101.0000000000
347 -100.0000000000
348 -99.0000000000
349 -98.0000000000
350 -97.0000000000
351 -96.0000000000
352 -95.0000000000
353 -94.0000000000
354 -93.0000000000
355 -92.0000000000
356 -91.0000000000
357 -90.0000000000
358 -89.0000000000
359 -88.0000000000
360 -87.0000000000
361 -86.0000000000
362 -85.0000000000
363 -84.0000000000
364 -83.0000000000
365 -82.0000000000
366 -81.0000000000
367 -80.0000000000
368 -79.0000000000
369 -78.0000000000
370 -77.0000000000
371 -76.0000000000
372 -75.0000000000
373 -74.0000000000
374 -73.0000000000
375 -72.0000000000
376 -71.0000000000
377 -70.0000000000
378 -69.0000000000
379 -68.0000000000
380 -67.0000000000
381 -66.0000000000
382 -65.0000000000
383 -64.0000000000
384 -63.0000000000
385 -62.0000000000
386 -61.0000000000
387 -60.0000000000
388 -59.0000000000
389 -58.0000000000
390 -57.0000000000
391 -56.0000000000
392 -55.0000000000
393 -54.0000000000
394 -53.0000000000
395 -52.0000000000
396 -51.0000000000
397 -50.0000000000
398 -49.0000000000
399 -48.0000000000
400 -47.0000000000
401 -46.0000000000
402 -45.0000000000
403 -44.0000000000
404 -43.0000000000
405 -42.0000000000
406 -41.0000000000
407 -40.0000000000
408 -39.0000000000
409 -38.0000000000
410 -37.0000000000
411 -36.0000000000
412 -35.0000000000
413 -34.0000000000
414 -33.0000000000
415 -32.0000000000
416 -31.0000000000
417 -30.0000000000
418 -29.0000000000
419 -28.0000000000
420 -27.0000000000
421 -26.0000000000
422 -25.0000000000
423 -24.0000000000
424 -23.0000000000
425 -22.0000000000
426 -21.0000000000
427 -20.0000000000
428 -19.0000000000
429 -18.0000000000
430 -17.0000000000
431 -16.0000000000
432 -15.0000000000
433 -14.0000000000
434 -13.0000000000
435 -12.0000000000
436 -11.0000000000
437 -10.0000000000
438 -9.0000000000
439 -8.0000000000
440 -7.0000000000
441 -6.0000000000
442 -5.0000000000
443 -4.0000000000
444 -3.0000000000
445 -2.0000000000
446 -1.0000000000
447 254.0000000000
920 257.0000000000
1361 279.0000000000
3071 301.0000000000
8798 304.0000000000
8799 307.0000000000
8800 315.0000000000
8841 332.0000000000
8843 336.0000000000
8844 338.0000000000
8845 342.0000000000
8847 344.0000000000
8849 345.0000000000
9355 346.0000000000
9356 348.0000000000
9357 355.0000000000
9358 356.0000000000
9492 359.0000000000
10110 363.0000000000
10122 367.0000000000
10123 370.0000000000
10125 371.0000000000
10126 372.0000000000
10406 381.0000000000
10407 384.0000000000
10860 389.0000000000
11048 392.0000000000
11205 393.0000000000
11302 395.0000000000
11684 396.0000000000
11689 399.0000000000
12150 400.0000000000
12153 402.0000000000
12255 403.0000000000
12261 404.0000000000
12266 407.0000000000
12480 409.0000000000
12688 411.0000000000
12691 417.0000000000
13545 419.0000000000
14040 420.0000000000
14361 423.0000000000
15155 426.0000000000
18073 432.0000000000
18811 426.0000000000
evaluations raw_y
1 -205.0000000000
2 -204.0000000000
218 -203.0000000000
219 -202.0000000000
220 -201.0000000000
221 -200.0000000000
222 -199.0000000000
223 -198.0000000000
224 -197.0000000000
225 -196.0000000000
226 -195.0000000000
227 -194.0000000000
228 -193.0000000000
229 -192.0000000000
230 -191.0000000000
231 -190.0000000000
232 -189.0000000000
233 -188.0000000000
234 -187.0000000000
235 -186.0000000000
236 -185.0000000000
237 -184.0000000000
238 -183.0000000000
239 -182.0000000000
240 -181.0000000000
241 -180.0000000000
242 -179.0000000000
243 -178.0000000000
244 -177.0000000000
245 -176.0000000000
246 -175.0000000000
247 -174.0000000000
248 -173.0000000000
249 -172.0000000000
250 -171.0000000000
251 -170.0000000000
252 -169.0000000000
253 -168.0000000000
254 -167.0000000000
255 -166.0000000000
256 -165.0000000000
257 -164.0000000000
258 -163.0000000000
259 -162.0000000000
260 -161.0000000000
261 -160.0000000000
262 -159.0000000000
263 -158.0000000000
264 -157.0000000000
265 -156.0000000000
266 -155.0000000000
267 -154.0000000000
268 -153.0000000000
269 -152.0000000000
270 -151.0000000000
271 -150.0000000000
272 -149.0000000000
273 -148.0000000000
274 -147.0000000000
275 -146.0000000000
276 -145.0000000000
277 -144.0000000000
278 -143.0000000000
279 -142.0000000000
280 -141.0000000000
281 -140.0000000000
282 -139.0000000000
283 -138.0000000000
284 -137.0000000000
285 -136.0000000000
286 -135.0000000000
287 -134.0000000000
288 -133.0000000000
289 -132.0000000000
290 -131.0000000000
291 -130.0000000000
292 -129.0000000000
293 -128.0000000000
294 -127.0000000000
295 -126.0000000000
296 -125.0000000000
297 -124.0000000000
298 -123.0000000000
299 -122.0000000000
300 -121.0000000000
301 -120.0000000000
302 -119.0000000000
303 -118.0000000000
304 -117.0000000000
305 -116.0000000000
306 -115.0000000000
307 -114.0000000000
308 -113.0000000000
309 -112.0000000000
310 -111.0000000000
311 -110.0000000000
312 -109.0000000000
313 -108.0000000000
314 -107.0000000000
315 -106.0000000000
316 -105.0000000000
317 -104.0000000000
318 -103.0000000000
319 -102.0000000000
320 -101.0000000000
321 -100.0000000000
322 -99.0000000000
323 -98.0000000000
324 -97.0000000000
325 -96.0000000000
326 -95.0000000000
327 -94.0000000000
328 -93.0000000000
329 -92.0000000000
330 -91.0000000000
331 -90.0000000000
332 -89.0000000000
333 -88.0000000000
334 -87.0000000000
335 -86.0000000000
336 -85.0000000000
337 -84.0000000000
338 -83.0000000000
339 -82.0000000000
340 -81.0000000000
341 -80.0000000000
342 -79.0000000000
343 -78.0000000000
344 -77.0000000000
345 -76.0000000000
346 -75.0000000000
347 -74.0000000000
348 -73.0000000000
349 -72.0000000000
350 -71.0000000000
351 -70.0000000000
352 -69.0000000000
353 -68.0000000000
354 -67.0000000000
355 -66.0000000000
356 -65.0000000000
357 -64.0000000000
358 -63.0000000000
359 -62.0000000000
360 -61.0000000000
361 -60.0000000000
362 -59.0000000000
363 -58.0000000000
364 -57.0000000000
365 -56.0000000000
366 -55.0000000000
367 -54.0000000000
368 -53.0000000000
369 -52.0000000000
370 -51.0000000000
371 -50.0000000000
372 -49.0000000000
373 -48.0000000000
374 -47.0000000000
375 -46.0000000000
376 -45.0000000000
377 -44.0000000000
378 -43.0000000000
379 -42.0000000000
380 -41.0000000000
381 -40.0000000000
382 -39.0000000000
383 -38.0000000000
384 -37.0000000000
385 -36.0000000000
386 -35.0000000000
387 -34.0000000000
388 -33.0000000000
389 -32.0000000000
390 -31.0000000000
391 -30.0000000000
392 -29.0000000000
393 -28.0000000000
394 -27.0000000000
395 -26.0000000000
396 -25.0000000000
397 -24.0000000000
398 -23.0000000000
399 -22.0000000000
400 -21.0000000000
401 -20.0000000000
402 -19.0000000000
403 -18.0000000000
404 -17.0000000000
405 -16.0000000000
406 -15.0000000000
407 -14.0000000000
408 -13.0000000000
409 -12.0000000000
410 -11.0000000000
411 -10.0000000000
412 -9.0000000000
413 -8.0000000000
414 -7.0000000000
415 -6.0000000000
416 -5.0000000000
417 -4.0000000000
418 -3.0000000000
419 -2.0000000000
420 -1.0000000000
421 270.0000000000
886 272.0000000000
1337 284.0000000000
3917 285.0000000000
6515 286.0000000000
6934 292.0000000000
8650 294.0000000000
8654 307.0000000000
8655 308.0000000000
8656 309.0000000000
8658 313.0000000000
8699 317.0000000000
8700 320.0000000000
8731 323.0000000000
8800 329.0000000000
8801 331.0000000000
8806 332.0000000000
8937 336.0000000000
8963 341.0000000000
9010 348.0000000000
9013 349.0000000000
9546 350.0000000000
9547 353.0000000000
9548 355.0000000000
9549 361.0000000000
9550 362.0000000000
9552 363.0000000000
9554 365.0000000000
9732 370.0000000000
9733 372.0000000000
9734 378.0000000000
9842 379.0000000000
9844 380.0000000000
9846 389.0000000000
10469 391.0000000000
10474 393.0000000000
10475 396.0000000000
10476 398.0000000000
10569 399.0000000000
10707 402.0000000000
11301 404.0000000000
11304 405.0000000000
11305 407.0000000000
11635 413.0000000000
11638 417.0000000000
11957 418.0000000000
12761 419.0000000000
12930 420.0000000000
12933 421.0000000000
12937 425.0000000000
13691 427.0000000000
15952 429.0000000000
17386 432.0000000000
18669 416.0000000000
evaluations raw_y
1 -206.0000000000
2 -205.0000000000
219 -204.0000000000
220 -203.0000000000
221 -202.0000000000
222 -201.0000000000
223 -200.0000000000
224 -199.0000000000
225 -198.0000000000
226 -197.0000000000
227 -196.0000000000
228 -195.0000000000
229 -194.0000000000
230 -193.0000000000
231 -192.0000000000
232 -191.0000000000
233 -190.0000000000
234 -189.0000000000
235 -188.0000000000
236 -187.0000000000
237 -186.0000000000
238 -185.0000000000
239 -184.0000000000
240 -183.0000000000
241 -182.0000000000
242 -181.0000000000
243 -180.0000000000
244 -179.0000000000
245 -178.0000000000
246 -177.0000000000
247 -176.0000000000
248 -175.0000000000
249 -174.0000000000
250 -173.0000000000
251 -172.0000000000
252 -171.0000000000
253 -170.0000000000
254 -169.0000000000
255 -168.0000000000
256 -167.0000000000
257 -166.0000000000
258 -165.0000000000
259 -164.0000000000
260 -163.0000000000
261 -162.0000000000
262 -161.0000000000
263 -160.0000000000
264 -159.0000000000
265 -158.0000000000
266 -157.0000000000
267 -156.0000000000
268 -155.0000000000
269 -154.0000000000
270 -153.0000000000
271 -152.0000000000
272 -151.0000000000
273 -150.0000000000
274 -149.0000000000
275 -148.0000000000
276 -147.0000000000
277 -146.0000000000
278 -145.0000000000
279 -144.0000000000
280 -143.0000000000
281 -142.0000000000
282 -141.0000000000
283 -140.0000000000
284 -139.0000000000
285 -138.0000000000
286 -137.0000000000
287 -136.0000000000
288 -135.0000000000
289 -134.0000000000
290 -133.0000000000
291 -132.0000000000
292 -131.0000000000
293 -130.0000000000
294 -129.0000000000
295 -128.0000000000
296 -127.0000000000
297 -126.0000000000
298 -125.0000000000
299 -124.0000000000
300 -123.0000000000
301 -122.0000000000
302 -121.0000000000
303 -120.0000000000
304 -119.0000000000
305 -118.0000000000
306 -117.0000000000
307 -116.0000000000
308 -115.0000000000
309 -114.0000000000
310 -113.0000000000
311 -112.0000000000
312 -111.0000000000
313 -110.0000000000
314 -109.0000000000
315 -108.0000000000
316 -107.0000000000
317 -106.0000000000
318 -105.0000000000
319 -104.0000000000
320 -103.0000000000
321 -102.0000000000
322 -101.0000000000
323 -100.0000000000
324 -99.0000000000
325 -98.0000000000
326 -97.0000000000
327 -96.0000000000
328 -95.0000000000
329 -94.0000000000
330 -93.0000000000
331 -92.0000000000
332 -91.0000000000
333 -90.0000000000
334 -89.0000000000
335 -88.0000000000
336 -87.0000000000
337 -86.0000000000
338 -85.0000000000
339 -84.0000000000
340 -83.0000000000
341 -82.0000000000
342 -81.0000000000
343 -80.0000000000
344 -79.0000000000
345 -78.0000000000
346 -77.0000000000
347 -76.0000000000
348 -75.0000000000
349 -74.0000000000
350 -73.0000000000
351 -72.0000000000
352 -71.0000000000
353 -70.0000000000
354 -69.0000000000
355 -68.0000000000
356 -67.0000000000
357 -66.0000000000
358 -65.0000000000
359 -64.0000000000
360 -63.0000000000
361 -62.0000000000
362 -61.0000000000
363 -60.0000000000
364 -59.0000000000
365 -58.0000000000
366 -57.0000000000
367 -56.0000000000
368 -55.0000000000
369 -54.0000000000
370 -53.0000000000
371 -52.0000000000
372 -51.0000000000
373 -50.0000000000
374 -49.0000000000
375 -48.0000000000
376 -47.0000000000
377 -46.0000000000
378 -45.0000000000
379 -44.0000000000
380 -43.0000000000
381 -42.0000000000
382 -41.0000000000
383 -40.0000000000
384 -39.0000000000
385 -38.0000000000
386 -37.0000000000
387 -36.0000000000
388 -35.0000000000
389 -34.0000000000
390 -33.0000000000
391 -32.0000000000
392 -31.0000000000
393 -30.0000000000
394 -29.0000000000
395 -28.0000000000
396 -27.0000000000
397 -26.0000000000
398 -25.0000000000
399 -24.0000000000
400 -23.0000000000
401 -22.0000000000
402 -21.0000000000
403 -20.0000000000
404 -19.0000000000
405 -18.0000000000
406 -17.0000000000
407 -16.0000000000
408 -15.0000000000
409 -14.0000000000
410 -13.0000000000
411 -12.0000000000
412 -11.0000000000
413 -10.0000000000
414 -9.0000000000
415 -8.0000000000
416 -7.0000000000
417 -6.0000000000
418 -5.0000000000
419 -4.0000000000
420 -3.0000000000
421 -2.0000000000
422 -1.0000000000
423 249.0000000000
840 280.0000000000
1740 281.0000000000
4829 286.0000000000
5729 289.0000000000
6984 300.0000000000
8728 317.0000000000
8734 318.0000000000
9330 347.0000000000
9685 361.0000000000
9832 366.0000000000
9835 367.0000000000
9839 368.0000000000
9841 378.0000000000
9847 380.0000000000
10240 385.0000000000
10380 387.0000000000
10707 389.0000000000
10708 391.0000000000
10710 399.0000000000
11279 403.0000000000
11659 405.0000000000
11799 407.0000000000
11804 408.0000000000
12579 409.0000000000
12933 410.0000000000
13182 415.0000000000
13184 418.0000000000
13185 419.0000000000
14057 422.0000000000
15482 423.0000000000
17124 425.0000000000
17293 426.0000000000
18751 408.0000000000
evaluations raw_y
1 -239.0000000000
2 -238.0000000000
252 -237.0000000000
253 -236.0000000000
254 -235.0000000000
255 -234.0000000000
256 -233.0000000000
257 -232.0000000000
258 -231.0000000000
259 -230.0000000000
260 -229.0000000000
261 -228.0000000000
262 -227.0000000000
263 -226.0000000000
264 -225.0000000000
265 -224.0000000000
266 -223.0000000000
267 -222.0000000000
268 -221.0000000000
269 -220.0000000000
270 -219.0000000000
271 -218.0000000000
272 -217.0000000000
273 -216.0000000000
274 -215.0000000000
275 -214.0000000000
276 -213.0000000000
277 -212.0000000000
278 -211.0000000000
279 -210.0000000000
280 -209.0000000000
281 -208.0000000000
282 -207.0000000000
283 -206.0000000000
284 -205.0000000000
285 -204.0000000000
286 -203.0000000000
287 -202.0000000000
288 -201.0000000000
289 -200.0000000000
290 -199.0000000000
291 -198.0000000000
292 -197.0000000000
293 -196.0000000000
294 -195.0000000000
295 -194.0000000000
296 -193.0000000000
297 -192.0000000000
298 -191.0000000000
299 -190.0000000000
300 -189.0000000000
301 -188.0000000000
302 -187.0000000000
303 -186.0000000000
304 -185.0000000000
305 -184.0000000000
306 -183.0000000000
307 -182.0000000000
308 -181.0000000000
309 -180.0000000000
310 -179.0000000000
311 -178.0000000000
312 -177.0000000000
313 -176.0000000000
314 -175.0000000000
315 -174.0000000000
316 -173.0000000000
317 -172.0000000000
318 -171.0000000000
319 -170.0000000000
320 -169.0000000000
321 -168.0000000000
322 -167.0000000000
323 -166.0000000000
324 -165.0000000000
325 -164.0000000000
326 -163.0000000000
327 -162.0000000000
328 -161.0000000000
329 -160.0000000000
330 -159.0000000000
331 -158.0000000000
332 -157.0000000000
333 -156.0000000000
334 -155.0000000000
335 -154.0000000000
336 -153.0000000000
337 -152.0000000000
338 -151.0000000000
339 -150.0000000000
340 -149.0000000000
341 -148.0000000000
342 -147.0000000000
343 -146.0000000000
344 -145.0000000000
345 -144.0000000000
346 -143.0000000000
347 -142.0000000000
348 -141.0000000000
349 -140.0000000000
350 -139.0000000000
351 -138.0000000000
352 -137.0000000000
353 -136.0000000000
354 -135.0000000000
355 -134.0000000000
356 -133.0000000000
357 -132.0000000000
358 -131.0000000000
359 -130.0000000000
360 -129.0000000000
361 -128.0000000000
362 -127.0000000000
363 -126.0000000000
364 -125.0000000000
365 -124.0000000000
366 -123.0000000000
367 -122.0000000000
368 -121.0000000000
369 -120.0000000000
370 -119.0000000000
371 -118.0000000000
372 -117.0000000000
373 -116.0000000000
374 -115.0000000000
375 -114.0000000000
376 -113.0000000000
377 -112.0000000000
378 -111.0000000000
379 -110.0000000000
380 -109.0000000000
381 -108.0000000000
382 -107.0000000000
383 -106.0000000000
384 -105.0000000000
385 -104.0000000000
386 -103.0000000000
387 -102.0000000000
388 -101.0000000000
389 -100.0000000000
390 -99.0000000000
391 -98.0000000000
392 -97.0000000000
393 -96.0000000000
394 -95.0000000000
395 -94.0000000000
396 -93.0000000000
397 -92.0000000000
398 -91.0000000000
399 -90.0000000000
400 -89.0000000000
401 -88.0000000000
402 -87.0000000000
403 -86.0000000000
404 -85.0000000000
405 -84.0000000000
406 -83.0000000000
407 -82.0000000000
408 -81.0000000000
409 -80.0000000000
410 -79.0000000000
411 -78.0000000000
412 -77.0000000000
413 -76.0000000000
414 -75.0000000000
415 -74.0000000000
416 -73.0000000000
417 -72.0000000000
418 -71.0000000000
419 -70.0000000000
420 -69.0000000000
421 -68.0000000000
422 -67.0000000000
423 -66.0000000000
424 -65.0000000000
425 -64.0000000000
426 -63.0000000000
427 -62.0000000000
428 -61.0000000000
429 -60.0000000000
430 -59.0000000000
431 -58.0000000000
432 -57.0000000000
433 -56.0000000000
434 -55.0000000000
435 -54.0000000000
436 -53.0000000000
437 -52.0000000000
438 -51.0000000000
439 -50.0000000000
440 -49.0000000000
441 -48.0000000000
442 -47.0000000000
443 -46.0000000000
444 -45.0000000000
445 -44.0000000000
446 -43.0000000000
447 -42.0000000000
448 -41.0000000000
449 -40.0000000000
450 -39.0000000000
451 -38.0000000000
452 -37.0000000000
453 -36.0000000000
454 -35.0000000000
455 -34.0000000000
456 -33.0000000000
457 -32.0000000000
458 -31.0000000000
459 -30.0000000000
460 -29.0000000000
461 -28.0000000000
462 -27.0000000000
463 -26.0000000000
464 -25.0000000000
465 -24.0000000000
466 -23.0000000000
467 -22.0000000000
468 -21.0000000000
469 -20.0000000000
470 -19.0000000000
471 -18.0000000000
472 -17.0000000000
473 -16.0000000000
474 -15.0000000000
475 -14.0000000000
476 -13.0000000000
477 -12.0000000000
478 -11.0000000000
479 -10.0000000000
480 -9.0000000000
481 -8.0000000000
482 -7.0000000000
483 -6.0000000000
484 -5.0000000000
485 -4.0000000000
486 -3.0000000000
487 -2.0000000000
488 -1.0000000000
489 213.0000000000
924 284.0000000000
6657 285.0000000000
8363 286.0000000000
8848 290.0000000000
8850 298.0000000000
8851 300.0000000000
8853 301.0000000000
8855 302.0000000000
8864 306.0000000000
8865 307.0000000000
8868 308.0000000000
8871 310.0000000000
9277 311.0000000000
9519 320.0000000000
9521 322.0000000000
9522 326.0000000000
9662 327.0000000000
9663 329.0000000000
9664 337.0000000000
9665 339.0000000000
9666 341.0000000000
9690 351.0000000000
9692 352.0000000000
9857 354.0000000000
9860 368.0000000000
9863 371.0000000000
9935 374.0000000000
10127 377.0000000000
10129 378.0000000000
10130 380.0000000000
10367 386.0000000000
10370 390.0000000000
10371 391.0000000000
10372 394.0000000000
10441 396.0000000000
10787 400.0000000000
10789 401.0000000000
10791 403.0000000000
10899 404.0000000000
11227 409.0000000000
11228 413.0000000000
11669 414.0000000000
11681 415.0000000000
13151 417.0000000000
13962 418.0000000000
13963 420.0000000000
14356 422.0000000000
14503 424.0000000000
14505 426.0000000000
14506 427.0000000000
17542 430.0000000000
18821 415.0000000000
evaluations raw_y
1 -211.0000000000
2 -210.0000000000
224 -209.0000000000
225 -208.0000000000
226 -207.0000000000
227 -206.0000000000
228 -205.0000000000
229 -204.0000000000
230 -203.0000000000
231 -202.0000000000
232 -201.0000000000
233 -200.0000000000
234 -199.0000000000
235 -198.0000000000
236 -197.0000000000
237 -196.0000000000
238 -195.0000000000
239 -194.0000000000
240 -193.0000000000
241 -192.0000000000
242 -191.0000000000
243 -190.0000000000
244 -189.0000000000
245 -188.0000000000
246 -187.0000000000
247 -186.0000000000
248 -185.0000000000
249 -184.0000000000
250 -183.0000000000
251 -182.0000000000
252 -181.0000000000
253 -180.0000000000
254 -179.0000000000
255 -178.0000000000
256 -177.0000000000
257 -176.0000000000
258 -175.0000000000
259 -174.0000000000
260 -173.0000000000
261 -172.0000000000
262 -171.0000000000
263 -170.0000000000
264 -169.0000000000
265 -168.0000000000
266 -167.0000000000
267 -166.0000000000
268 -165.0000000000
269 -164.0000000000
270 -163.0000000000
271 -162.0000000000
272 -161.0000000000
273 -160.0000000000
274 -159.0000000000
275 -158.0000000000
276 -157.0000000000
277 -156.0000000000
278 -155.0000000000
279 -154.0000000000
280 -153.0000000000
281 -152.0000000000
282 -151.0000000000
283 -150.0000000000
284 -149.0000000000
285 -148.0000000000
286 -147.0000000000
287 -146.0000000000
288 -145.0000000000
289 -144.0000000000
290 -143.0000000000
291 -142.0000000000
292 -141.0000000000
293 -140.0000000000
294 -139.0000000000
295 -138.0000000000
296 -137.0000000000
297 -136.0000000000
298 -135.0000000000
299 -134.0000000000
300 -133.0000000000
301 -132.0000000000
302 -131.0000000000
303 -130.0000000000
304 -129.0000000000
305 -128.0000000000
306 -127.0000000000
307 -126.0000000000
308 -125.0000000000
309 -124.0000000000
310 -123.0000000000
311 -122.0000000000
312 -121.0000000000
313 -120.0000000000
314 -119.0000000000
315 -118.0000000000
316 -117.0000000000
317 -116.0000000000
318 -115.0000000000
319 -114.0000000000
320 -113.0000000000
321 -112.0000000000
322 -111.0000000000
323 -110.0000000000
324 -109.0000000000
325 -108.0000000000
326 -107.0000000000
327 -106.0000000000
328 -105.0000000000
329 -104.0000000000
330 -103.0000000000
331 -102.0000000000
332 -101.0000000000
333 -100.0000000000
334 -99.0000000000
335 -98.0000000000
336 -97.0000000000
337 -96.0000000000
338 -95.0000000000
339 -94.0000000000
340 -93.0000000000
341 -92.0000000000
342 -91.0000000000
343 -90.0000000000
344 -89.0000000000
345 -88.0000000000
346 -87.0000000000
347 -86.0000000000
348 -85.0000000000
349 -84.0000000000
350 -83.0000000000
351 -82.0000000000
352 -81.0000000000
353 -80.0000000000
354 -79.0000000000
355 -78.0000000000
356 -77.0000000000
357 -76.0000000000
358 -75.0000000000
359 -74.0000000000
360 -73.0000000000
361 -72.0000000000
362 -71.0000000000
363 -70.0000000000
364 -69.0000000000
365 -68.0000000000
366 -67.0000000000
367 -66.0000000000
368 -65.0000000000
369 -64.0000000000
370 -63.0000000000
371 -62.0000000000
372 -61.0000000000
373 -60.0000000000
374 -59.0000000000
375 -58.0000000000
376 -57.0000000000
377 -56.0000000000
378 -55.0000000000
379 -54.0000000000
380 -53.0000000000
381 -52.0000000000
382 -51.0000000000
383 -50.0000000000
384 -49.0000000000
385 -48.0000000000
386 -47.0000000000
387 -46.0000000000
388 -45.0000000000
389 -44.0000000000
390 -43.0000000000
391 -42.0000000000
392 -41.0000000000
393 -40.0000000000
394 -39.0000000000
395 -38.0000000000
396 -37.0000000000
397 -36.0000000000
398 -35.0000000000
399 -34.0000000000
400 -33.0000000000
401 -32.0000000000
402 -31.0000000000
403 -30.0000000000
404 -29.0000000000
405 -28.0000000000
406 -27.0000000000
407 -26.0000000000
408 -25.0000000000
409 -24.0000000000
410 -23.0000000000
411 -22.0000000000
412 -21.0000000000
413 -20.0000000000
414 -19.0000000000
415 -18.0000000000
416 -17.0000000000
417 -16.0000000000
418 -15.0000000000
419 -14.0000000000
420 -13.0000000000
421 -12.0000000000
422 -11.0000000000
423 -10.0000000000
424 -9.0000000000
425 -8.0000000000
426 -7.0000000000
427 -6.0000000000
428 -5.0000000000
429 -4.0000000000
430 -3.0000000000
431 -2.0000000000
432 -1.0000000000
433 286.0000000000
3073 288.0000000000
8829 301.0000000000
8832 302.0000000000
8843 326.0000000000
9533 328.0000000000
9536 329.0000000000
9544 336.0000000000
9545 341.0000000000
9561 346.0000000000
9562 351.0000000000
9564 355.0000000000
9565 356.0000000000
9968 367.0000000000
9972 368.0000000000
10014 377.0000000000
10214 378.0000000000
10215 383.0000000000
10217 384.0000000000
10220 385.0000000000
10221 388.0000000000
10223 390.0000000000
10430 391.0000000000
10432 395.0000000000
10866 399.0000000000
12244 401.0000000000
12637 406.0000000000
12643 407.0000000000
12644 410.0000000000
12793 416.0000000000
12802 418.0000000000
12996 420.0000000000
13331 424.0000000000
13930 425.0000000000
14115 426.0000000000
14587 428.0000000000
15573 429.0000000000
16535 430.0000000000
18837 430.0000000000
evaluations raw_y
1 -232.0000000000
2 -231.0000000000
245 -230.0000000000
246 -229.0000000000
247 -228.0000000000
248 -227.0000000000
249 -226.0000000000
250 -225.0000000000
251 -224.0000000000
252 -223.0000000000
253 -222.0000000000
254 -221.0000000000
255 -220.0000000000
256 -219.0000000000
257 -218.0000000000
258 -217.0000000000
259 -216.0000000000
260 -215.0000000000
261 -214.0000000000
262 -213.0000000000
263 -212.0000000000
264 -211.0000000000
265 -210.0000000000
266 -209.0000000000
267 -208.0000000000
268 -207.0000000000
269 -206.0000000000
270 -205.0000000000
271 -204.0000000000
272 -203.0000000000
273 -202.0000000000
274 -201.0000000000
275 -200.0000000000
276 -199.0000000000
277 -198.0000000000
278 -197.0000000000
279 -196.0000000000
280 -195.0000000000
281 -194.0000000000
282 -193.0000000000
283 -192.0000000000
284 -191.0000000000
285 -190.0000000000
286 -189.0000000000
287 -188.0000000000
288 -187.0000000000
289 -186.0000000000
290 -185.0000000000
291 -184.0000000000
292 -183.0000000000
293 -182.0000000000
294 -181.0000000000
295 -180.0000000000
296 -179.0000000000
297 -178.0000000000
298 -177.0000000000
299 -176.0000000000
300 -175.0000000000
301 -174.0000000000
302 -173.0000000000
303 -172.0000000000
304 -171.0000000000
305 -170.0000000000
306 -169.0000000000
307 -168.0000000000
308 -167.0000000000
309 -166.0000000000
310 -165.0000000000
311 -164.0000000000
312 -163.0000000000
313 -162.0000000000
314 -161.0000000000
315 -160.0000000000
316 -159.0000000000
317 -158.0000000000
318 -157.0000000000
319 -156.0000000000
320 -155.0000000000
321 -154.0000000000
322 -153.0000000000
323 -152.0000000000
324 -151.0000000000
325 -150.0000000000
326 -149.0000000000
327 -148.0000000000
328 -147.0000000000
329 -146.0000000000
330 -145.0000000000
331 -144.0000000000
332 -143.0000000000
333 -142.0000000000
334 -141.0000000000
335 -140.0000000000
336 -139.0000000000
337 -138.0000000000
338 -137.0000000000
339 -136.0000000000
340 -135.0000000000
341 -134.0000000000
342 -133.0000000000
343 -132.0000000000
344 -131.0000000000
345 -130.0000000000
346 -129.0000000000
347 -128.0000000000
348 -127.0000000000
349 -126.0000000000
350 -125.0000000000
351 -124.0000000000
352 -123.0000000000
353 -122.0000000000
354 -121.0000000000
355 -120.0000000000
356 -119.0000000000
357 -118.0000000000
358 -117.0000000000
359 -116.0000000000
360 -115.0000000000
361 -114.0000000000
362 -113.0000000000
363 -112.0000000000
364 -111.0000000000
365 -110.0000000000
366 -109.0000000000
367 -108.0000000000
368 -107.0000000000
369 -106.0000000000
370 -105.0000000000
371 -104.0000000000
372 -103.0000000000
373 -102.0000000000
374 -101.0000000000
375 -100.0000000000
376 -99.0000000000
377 -98.0000000000
378 -97.0000000000
379 -96.0000000000
380 -95.0000000000
381 -94.0000000000
382 -93.0000000000
383 -92.0000000000
384 -91.0000000000
385 -90.0000000000
386 -89.0000000000
387 -88.0000000000
388 -87.0000000000
389 -86.0000000000
390 -85.0000000000
391 -84.0000000000
392 -83.0000000000
393 -82.0000000000
394 -81.0000000000
395 -80.0000000000
396 -79.0000000000
397 -78.0000000000
398 -77.0000000000
399 -76.0000000000
400 -75.0000000000
401 -74.0000000000
402 -73.0000000000
403 -72.0000000000
404 -71.0000000000
405 -70.0000000000
406 -69.0000000000
407 -68.0000000000
408 -67.0000000000
409 -66.0000000000
410 -65.0000000000
411 -64.0000000000
412 -63.0000000000
413 -62.0000000000
414 -61.0000000000
415 -60.0000000000
416 -59.0000000000
417 -58.0000000000
418 -57.0000000000
419 -56.0000000000
420 -55.0000000000
421 -54.0000000000
422 -53.0000000000
423 -52.0000000000
424 -51.0000000000
425 -50.0000000000
426 -49.0000000000
427 -48.0000000000
428 -47.0000000000
429 -46.0000000000
430 -45.0000000000
431 -44.0000000000
432 -43.0000000000
433 -42.0000000000
434 -41.0000000000
435 -40.0000000000
436 -39.0000000000
437 -38.0000000000
438 -37.0000000000
439 -36.0000000000
440 -35.0000000000
441 -34.0000000000
442 -33.0000000000
443 -32.0000000000
444 -31.0000000000
445 -30.0000000000
446 -29.0000000000
447 -28.0000000000
448 -27.0000000000
449 -26.0000000000
450 -25.0000000000
451 -24.0000000000
452 -23.0000000000
453 -22.0000000000
454 -21.0000000000
455 -20.0000000000
456 -19.0000000000
457 -18.0000000000
458 -17.0000000000
459 -16.0000000000
460 -15.0000000000
461 -14.0000000000
462 -13.0000000000
463 -12.0000000000
464 -11.0000000000
465 -10.0000000000
466 -9.0000000000
467 -8.0000000000
468 -7.0000000000
469 -6.0000000000
470 -5.0000000000
471 -4.0000000000
472 -3.0000000000
473 -2.0000000000
474 -1.0000000000
475 215.0000000000
932 218.0000000000
1385 272.0000000000
1820 284.0000000000
3163 285.0000000000
4871 288.0000000000
8844 303.0000000000
8847 314.0000000000
8850 315.0000000000
9365 316.0000000000
9370 320.0000000000
9471 329.0000000000
9474 340.0000000000
9711 344.0000000000
9713 345.0000000000
9751 346.0000000000
9752 356.0000000000
9753 357.0000000000
9754 359.0000000000
9755 363.0000000000
9758 367.0000000000
9890 370.0000000000
9894 372.0000000000
9946 374.0000000000
9949 377.0000000000
10017 380.0000000000
10495 382.0000000000
10635 383.0000000000
10639 385.0000000000
10873 388.0000000000
11305 390.0000000000
11307 398.0000000000
11311 403.0000000000
11969 406.0000000000
11973 407.0000000000
12395 410.0000000000
12397 412.0000000000
12400 415.0000000000
12698 417.0000000000
12701 420.0000000000
15873 421.0000000000
18206 422.0000000000
18805 415.0000000000
evaluations raw_y
1 -223.0000000000
2 -222.0000000000
236 -221.0000000000
237 -220.0000000000
238 -219.0000000000
239 -218.0000000000
240 -217.0000000000
241 -216.0000000000
242 -215.0000000000
243 -214.0000000000
244 -213.0000000000
245 -212.0000000000
246 -211.0000000000
247 -210.0000000000
248 -209.0000000000
249 -208.0000000000
250 -207.0000000000
251 -206.0000000000
252 -205.0000000000
253 -204.0000000000
254 -203.0000000000
255 -202.0000000000
256 -201.0000000000
257 -200.0000000000
258 -199.0000000000
259 -198.0000000000
260 -197.0000000000
261 -196.0000000000
262 -195.0000000000
263 -194.0000000000
264 -193.0000000000
265 -192.0000000000
266 -191.0000000000
267 -190.0000000000
268 -189.0000000000
269 -188.0000000000
270 -187.0000000000
271 -186.0000000000
272 -185.0000000000
273 -184.0000000000
274 -183.0000000000
275 -182.0000000000
276 -181.0000000000
277 -180.0000000000
278 -179.0000000000
279 -178.0000000000
280 -177.0000000000
281 -176.0000000000
282 -175.0000000000
283 -174.0000000000
284 -173.0000000000
285 -172.0000000000
286 -171.0000000000
287 -170.0000000000
288 -169.0000000000
289 -168.0000000000
290 -167.0000000000
291 -166.0000000000
292 -165.0000000000
293 -164.0000000000
294 -163.0000000000
295 -162.0000000000
296 -161.0000000000
297 -160.0000000000
298 -159.0000000000
299 -158.0000000000
300 -157.0000000000
301 -156.0000000000
302 -155.0000000000
303 -154.0000000000
304 -153.0000000000
305 -152.0000000000
306 -151.0000000000
307 -150.0000000000
308 -149.0000000000
309 -148.0000000000
310 -147.0000000000
311 -146.0000000000
312 -145.0000000000
313 -144.0000000000
314 -143.0000000000
315 -142.0000000000
316 -141.0000000000
317 -140.0000000000
318 -139.0000000000
319 -138.0000000000
320 -137.0000000000
321 -136.0000000000
322 -135.0000000000
323 -134.0000000000
324 -133.0000000000
325 -132.0000000000
326 -131.0000000000
327 -130.0000000000
328 -129.0000000000
329 -128.0000000000
330 -127.0000000000
331 -126.0000000000
332 -125.0000000000
333 -124.0000000000
334 -123.0000000000
335 -122.0000000000
336 -121.0000000000
337 -120.0000000000
338 -119.0000000000
339 -118.0000000000
340 -117.0000000000
341 -116.0000000000
342 -115.0000000000
343 -114.0000000000
344 -113.0000000000
345 -112.0000000000
346 -111.0000000000
347 -110.0000000000
348 -109.0000000000
349 -108.0000000000
350 -107.0000000000
351 -106.0000000000
352 -105.0000000000
353 -104.0000000000
354 -103.0000000000
355 -102.0000000000
356 -101.0000000000
357 -100.0000000000
358 -99.0000000000
359 -98.0000000000
360 -97.0000000000
361 -96.0000000000
362 -95.0000000000
363 -94.0000000000
364 -93.0000000000
365 -92.0000000000
366 -91.0000000000
367 -90.0000000000
368 -89.0000000000
369 -88.0000000000
370 -87.0000000000
371 -86.0000000000
372 -85.0000000000
373 -84.0000000000
374 -83.0000000000
375 -82.0000000000
376 -81.0000000000
377 -80.0000000000
378 -79.0000000000
379 -78.0000000000
380 -77.0000000000
381 -76.0000000000
382 -75.0000000000
383 -74.0000000000
384 -73.0000000000
385 -72.0000000000
386 -71.0000000000
387 -70.0000000000
388 -69.0000000000
389 -68.0000000000
390 -67.0000000000
391 -66.0000000000
392 -65.0000000000
393 -64.0000000000
394 -63.0000000000
395 -62.0000000000
396 -61.0000000000
397 -60.0000000000
398 -59.0000000000
399 -58.0000000000
400 -57.0000000000
401 -56.0000000000
402 -55.0000000000
403 -54.0000000000
404 -53.0000000000
405 -52.0000000000
406 -51.0000000000
407 -50.0000000000
408 -49.0000000000
409 -48.0000000000
410 -47.0000000000
411 -46.0000000000
412 -45.0000000000
413 -44.0000000000
414 -43.0000000000
415 -42.0000000000
416 -41.0000000000
417 -40.0000000000
418 -39.0000000000
419 -38.0000000000
420 -37.0000000000
421 -36.0000000000
422 -35.0000000000
423 -34.0000000000
424 -33.0000000000
425 -32.0000000000
426 -31.0000000000
427 -30.0000000000
428 -29.0000000000
429 -28.0000000000
430 -27.0000000000
431 -26.0000000000
432 -25.0000000000
433 -24.0000000000
434 -23.0000000000
435 -22.0000000000
436 -21.0000000000
437 -20.0000000000
438 -19.0000000000
439 -18.0000000000
440 -17.0000000000
441 -16.0000000000
442 -15.0000000000
443 -14.0000000000
444 -13.0000000000
445 -12.0000000000
446 -11.0000000000
447 -10.0000000000
448 -9.0000000000
449 -8.0000000000
450 -7.0000000000
451 -6.0000000000
452 -5.0000000000
453 -4.0000000000
454 -3.0000000000
455 -2.0000000000
456 -1.0000000000
457 289.0000000000
9000 298.0000000000
9003 299.0000000000
9028 310.0000000000
9030 319.0000000000
9588 325.0000000000
9589 328.0000000000
9727 335.0000000000
9728 336.0000000000
9729 338.0000000000
9730 339.0000000000
9733 340.0000000000
9763 342.0000000000
9803 343.0000000000
9804 348.0000000000
9805 349.0000000000
9806 350.0000000000
9807 352.0000000000
9858 354.0000000000
9859 356.0000000000
10462 357.0000000000
10491 364.0000000000
10492 366.0000000000
10494 372.0000000000
10495 375.0000000000
10496 376.0000000000
10499 377.0000000000
10640 381.0000000000
10644 386.0000000000
10647 388.0000000000
10855 392.0000000000
10859 395.0000000000
10860 396.0000000000
11202 403.0000000000
11203 406.0000000000
11208 409.0000000000
13111 410.0000000000
13730 412.0000000000
13732 418.0000000000
14124 421.0000000000
14129 425.0000000000
15976 427.0000000000
18166 430.0000000000
18985 418.0000000000
evaluations raw_y
1 -225.0000000000
2 -224.0000000000
238 -223.0000000000
239 -222.0000000000
240 -221.0000000000
241 -220.0000000000
242 -219.0000000000
243 -218.0000000000
244 -217.0000000000
245 -216.0000000000
246 -215.0000000000
247 -214.0000000000
248 -213.0000000000
249 -212.0000000000
250 -211.0000000000
251 -210.0000000000
252 -209.0000000000
253 -208.0000000000
254 -207.0000000000
255 -206.0000000000
256 -205.0000000000
257 -204.0000000000
258 -203.0000000000
259 -202.0000000000
260 -201.0000000000
261 -200.0000000000
262 -199.0000000000
263 -198.0000000000
264 -197.0000000000
265 -196.0000000000
266 -195.0000000000
267 -194.0000000000
268 -193.0000000000
269 -192.0000000000
270 -191.0000000000
271 -190.0000000000
272 -189.0000000000
273 -188.0000000000
274 -187.0000000000
275 -186.0000000000
276 -185.0000000000
277 -184.0000000000
278 -183.0000000000
279 -182.0000000000
280 -181.0000000000
281 -180.0000000000
282 -179.0000000000
283 -178.0000000000
284 -177.0000000000
285 -176.0000000000
286 -175.0000000000
287 -174.0000000000
288 -173.0000000000
289 -172.0000000000
290 -171.0000000000
291 -170.0000000000
292 -169.0000000000
293 -168.0000000000
294 -167.0000000000
295 -166.0000000000
296 -165.0000000000
297 -164.0000000000
298 -163.0000000000
299 -162.0000000000
300 -161.0000000000
301 -160.0000000000
302 -159.0000000000
303 -158.0000000000
304 -157.0000000000
305 -156.0000000000
306 -155.0000000000
307 -154.0000000000
308 -153.0000000000
309 -152.0000000000
310 -151.0000000000
311 -150.0000000000
312 -149.0000000000
313 -148.0000000000
314 -147.0000000000
315 -146.0000000000
316 -145.0000000000
317 -144.0000000000
318 -143.0000000000
319 -142.0000000000
320 -141.0000000000
321 -140.0000000000
322 -139.0000000000
323 -138.0000000000
324 -137.0000000000
325 -136.0000000000
326 -135.0000000000
327 -134.0000000000
328 -133.0000000000
329 -132.0000000000
330 -131.0000000000
331 -130.0000000000
332 -129.0000000000
333 -128.0000000000
334 -127.0000000000
335 -126.0000000000
336 -125.0000000000
337 -124.0000000000
338 -123.0000000000
339 -122.0000000000
340 -121.0000000000
341 -120.0000000000
342 -119.0000000000
343 -118.0000000000
344 -117.0000000000
345 -116.0000000000
346 -115.0000000000
347 -114.0000000000
348 -113.0000000000
349 -112.0000000000
350 -111.0000000000
351 -110.0000000000
352 -109.0000000000
353 -108.0000000000
354 -107.0000000000
355 -106.0000000000
356 -105.0000000000
357 -104.0000000000
358 -103.0000000000
359 -102.0000000000
360 -101.0000000000
361 -100.0000000000
362 -99.0000000000
363 -98.0000000000
364 -97.0000000000
365 -96.0000000000
366 -95.0000000000
367 -94.0000000000
368 -93.0000000000
369 -92.0000000000
370 -91.0000000000
371 -90.0000000000
372 -89.0000000000
373 -88.0000000000
374 -87.0000000000
375 -86.0000000000
376 -85.0000000000
377 -84.0000000000
378 -83.0000000000
379 -82.0000000000
380 -81.0000000000
381 -80.0000000000
382 -79.0000000000
383 -78.0000000000
384 -77.0000000000
385 -76.0000000000
386 -75.0000000000
387 -74.0000000000
388 -73.0000000000
389 -72.0000000000
390 -71.0000000000
391 -70.0000000000
392 -69.0000000000
393 -68.0000000000
394 -67.0000000000
395 -66.0000000000
396 -65.0000000000
397 -64.0000000000
398 -63.0000000000
399 -62.0000000000
400 -61.0000000000
401 -60.0000000000
402 -59.0000000000
403 -58.0000000000
404 -57.0000000000
405 -56.0000000000
406 -55.0000000000
407 -54.0000000000
408 -53.0000000000
409 -52.0000000000
410 -51.0000000000
411 -50.0000000000
412 -49.0000000000
413 -48.0000000000
414 -47.0000000000
415 -46.0000000000
416 -45.0000000000
417 -44.0000000000
418 -43.0000000000
419 -42.0000000000
420 -41.0000000000
421 -40.0000000000
422 -39.0000000000
423 -38.0000000000
424 -37.0000000000
425 -36.0000000000
426 -35.0000000000
427 -34.0000000000
428 -33.0000000000
429 -32.0000000000
430 -31.0000000000
431 -30.0000000000
432 -29.0000000000
433 -28.0000000000
434 -27.0000000000
435 -26.0000000000
436 -25.0000000000
437 -24.0000000000
438 -23.0000000000
439 -22.0000000000
440 -21.0000000000
441 -20.0000000000
442 -19.0000000000
443 -18.0000000000
444 -17.0000000000
445 -16.0000000000
446 -15.0000000000
447 -14.0000000000
448 -13.0000000000
449 -12.0000000000
450 -11.0000000000
451 -10.0000000000
452 -9.0000000000
453 -8.0000000000
454 -7.0000000000
455 -6.0000000000
456 -5.0000000000
457 -4.0000000000
458 -3.0000000000
459 -2.0000000000
460 -1.0000000000
461 258.0000000000
906 271.0000000000
1808 282.0000000000
7944 289.0000000000
8913 306.0000000000
8917 309.0000000000
9079 314.0000000000
9080 320.0000000000
9574 323.0000000000
9578 324.0000000000
9655 329.0000000000
9659 331.0000000000
9660 334.0000000000
9679 357.0000000000
10170 358.0000000000
10203 371.0000000000
10208 373.0000000000
10211 374.0000000000
10212 375.0000000000
10595 379.0000000000
10599 383.0000000000
10863 390.0000000000
10870 391.0000000000
11241 395.0000000000
11242 400.0000000000
11439 401.0000000000
11441 403.0000000000
11443 405.0000000000
11813 409.0000000000
12739 410.0000000000
12746 412.0000000000
12910 415.0000000000
13182 418.0000000000
13184 419.0000000000
15031 420.0000000000
16678 421.0000000000
17883 424.0000000000
17885 425.0000000000
18287 427.0000000000
18915 412.0000000000
evaluations raw_y
1 -211.0000000000
2 -210.0000000000
224 -209.0000000000
225 -208.0000000000
226 -207.0000000000
227 -206.0000000000
228 -205.0000000000
229 -204.0000000000
230 -203.0000000000
231 -202.0000000000
232 -201.0000000000
233 -200.0000000000
234 -199.0000000000
235 -198.0000000000
236 -197.0000000000
237 -196.0000000000
238 -195.0000000000
239 -194.0000000000
240 -193.0000000000
241 -192.0000000000
242 -191.0000000000
243 -190.0000000000
244 -189.0000000000
245 -188.0000000000
246 -187.0000000000
247 -186.0000000000
248 -185.0000000000
249 -184.0000000000
250 -183.0000000000
251 -182.0000000000
252 -181.0000000000
253 -180.0000000000
254 -179.0000000000
255 -178.0000000000
256 -177.0000000000
257 -176.0000000000
258 -175.0000000000
259 -174.0000000000
260 -173.0000000000
261 -172.0000000000
262 -171.0000000000
263 -170.0000000000
264 -169.0000000000
265 -168.0000000000
266 -167.0000000000
267 -166.0000000000
268 -165.0000000000
269 -164.0000000000
270 -163.0000000000
271 -162.0000000000
272 -161.0000000000
273 -160.0000000000
274 -159.0000000000
275 -158.0000000000
276 -157.0000000000
277 -156.0000000000
278 -155.0000000000
279 -154.0000000000
280 -153.0000000000
281 -152.0000000000
282 -151.0000000000
283 -150.0000000000
284 -149.0000000000
285 -148.0000000000
286 -147.0000000000
287 -146.0000000000
288 -145.0000000000
289 -144.0000000000
290 -143.0000000000
291 -142.0000000000
292 -141.0000000000
293 -140.0000000000
294 -139.0000000000
295 -138.0000000000
296 -137.0000000000
297 -136.0000000000
298 -135.0000000000
299 -134.0000000000
300 -133.0000000000
301 -132.0000000000
302 -131.0000000000
303 -130.0000000000
304 -129.0000000000
305 -128.0000000000
306 -127.0000000000
307 -126.0000000000
308 -125.0000000000
309 -124.0000000000
310 -123.0000000000
311 -122.0000000000
312 -121.0000000000
313 -120.0000000000
314 -119.0000000000
315 -118.0000000000
316 -117.0000000000
317 -116.0000000000
318 -115.0000000000
319 -114.0000000000
320 -113.0000000000
321 -112.0000000000
322 -111.0000000000
323 -110.0000000000
324 -109.0000000000
325 -108.0000000000
326 -107.0000000000
327 -106.0000000000
328 -105.0000000000
329 -104.0000000000
330 -103.0000000000
331 -102.0000000000
332 -101.0000000000
333 -100.0000000000
334 -99.0000000000
335 -98.0000000000
336 -97.0000000000
337 -96.0000000000
338 -95.0000000000
339 -94.0000000000
340 -93.0000000000
341 -92.0000000000
342 -91.0000000000
343 -90.0000000000
344 -89.0000000000
345 -88.0000000000
346 -87.0000000000
347 -86.0000000000
348 -85.0000000000
349 -84.0000000000
350 -83.0000000000
351 -82.0000000000
352 -81.0000000000
353 -80.0000000000
354 -79.0000000000
355 -78.0000000000
356 -77.0000000000
357 -76.0000000000
358 -75.0000000000
359 -74.0000000000
360 -73.0000000000
361 -72.0000000000
362 -71.0000000000
363 -70.0000000000
364 -69.0000000000
365 -68.0000000000
366 -67.0000000000
367 -66.0000000000
368 -65.0000000000
369 -64.0000000000
370 -63.0000000000
371 -62.0000000000
372 -61.0000000000
373 -60.0000000000
374 -59.0000000000
375 -58.0000000000
376 -57.0000000000
377 -56.0000000000
378 -55.0000000000
379 -54.0000000000
380 -53.0000000000
381 -52.0000000000
382 -51.0000000000
383 -50.0000000000
384 -49.0000000000
385 -48.0000000000
386 -47.0000000000
387 -46.0000000000
388 -45.0000000000
389 -44.0000000000
390 -43.0000000000
391 -42.0000000000
392 -41.0000000000
393 -40.0000000000
394 -39.0000000000
395 -38.0000000000
396 -37.0000000000
397 -36.0000000000
398 -35.0000000000
399 -34.0000000000
400 -33.0000000000
401 -32.0000000000
402 -31.0000000000
403 -30.0000000000
404 -29.0000000000
405 -28.0000000000
406 -27.0000000000
407 -26.0000000000
408 -25.0000000000
409 -24.0000000000
410 -23.0000000000
411 -22.0000000000
412 -21.0000000000
413 -20.0000000000
414 -19.0000000000
415 -18.0000000000
416 -17.0000000000
417 -16.0000000000
418 -15.0000000000
419 -14.0000000000
420 -13.0000000000
421 -12.0000000000
422 -11.0000000000
423 -10.0000000000
424 -9.0000000000
425 -8.0000000000
426 -7.0000000000
427 -6.0000000000
428 -5.0000000000
429 -4.0000000000
430 -3.0000000000
431 -2.0000000000
432 -1.0000000000
433 277.0000000000
3075 305.0000000000
8787 310.0000000000
8789 311.0000000000
8791 312.0000000000
9282 313.0000000000
9283 316.0000000000
9284 319.0000000000
9499 335.0000000000
9503 337.0000000000
9504 340.0000000000
9505 344.0000000000
9883 348.0000000000
9886 351.0000000000
9888 352.0000000000
9889 355.0000000000
10012 362.0000000000
10016 367.0000000000
10018 371.0000000000
10214 373.0000000000
10240 374.0000000000
10241 375.0000000000
10484 377.0000000000
10552 378.0000000000
10553 381.0000000000
10716 383.0000000000
10718 384.0000000000
10722 387.0000000000
10905 389.0000000000
11329 392.0000000000
11334 393.0000000000
11606 395.0000000000
11607 397.0000000000
11635 399.0000000000
11636 402.0000000000
11708 406.0000000000
12228 407.0000000000
12347 408.0000000000
12464 409.0000000000
12922 410.0000000000
12937 411.0000000000
12965 412.0000000000
13626 414.0000000000
13633 415.0000000000
13718 416.0000000000
13887 418.0000000000
15163 419.0000000000
15283 420.0000000000
15285 421.0000000000
15926 424.0000000000
18721 414.0000000000
evaluations raw_y
1 -220.0000000000
2 -219.0000000000
233 -218.0000000000
234 -217.0000000000
235 -216.0000000000
236 -215.0000000000
237 -214.0000000000
238 -213.0000000000
239 -212.0000000000
240 -211.0000000000
241 -210.0000000000
242 -209.0000000000
243 -208.0000000000
244 -207.0000000000
245 -206.0000000000
246 -205.0000000000
247 -204.0000000000
248 -203.0000000000
249 -202.0000000000
250 -201.0000000000
251 -200.0000000000
252 -199.0000000000
253 -198.0000000000
254 -197.0000000000
255 -196.0000000000
256 -195.0000000000
257 -194.0000000000
258 -193.0000000000
259 -192.0000000000
260 -191.0000000000
261 -190.0000000000
262 -189.0000000000
263 -188.0000000000
264 -187.0000000000
265 -186.0000000000
266 -185.0000000000
267 -184.0000000000
268 -183.0000000000
269 -182.0000000000
270 -181.0000000000
271 -180.0000000000
272 -179.0000000000
273 -178.0000000000
274 -177.0000000000
275 -176.0000000000
276 -175.0000000000
277 -174.0000000000
278 -173.0000000000
279 -172.0000000000
280 -171.0000000000
281 -170.0000000000
282 -169.0000000000
283 -168.0000000000
284 -167.0000000000
285 -166.0000000000
286 -165.0000000000
287 -164.0000000000
288 -163.0000000000
289 -162.0000000000
290 -161.0000000000
291 -160.0000000000
292 -159.0000000000
293 -158.0000000000
294 -157.0000000000
295 -156.0000000000
296 -155.0000000000
297 -154.0000000000
298 -153.0000000000
299 -152.0000000000
300 -151.0000000000
301 -150.0000000000
302 -149.0000000000
303 -148.0000000000
304 -147.0000000000
305 -146.0000000000
306 -145.0000000000
307 -144.0000000000
308 -143.0000000000
309 -142.0000000000
310 -141.0000000000
311 -140.0000000000
312 -139.0000000000
313 -138.0000000000
314 -137.0000000000
315 -136.0000000000
316 -135.0000000000
317 -134.0000000000
318 -133.0000000000
319 -132.0000000000
320 -131.0000000000
321 -130.0000000000
322 -129.0000000000
323 -128.0000000000
324 -127.0000000000
325 -126.0000000000
326 -125.0000000000
327 -124.0000000000
328 -123.0000000000
329 -122.0000000000
330 -121.0000000000
331 -120.0000000000
332 -119.0000000000
333 -118.0000000000
334 -117.0000000000
335 -116.0000000000
336 -115.0000000000
337 -114.0000000000
338 -113.0000000000
339 -112.0000000000
340 -111.0000000000
341 -110.0000000000
342 -109.0000000000
343 -108.0000000000
344 -107.0000000000
345 -106.0000000000
346 -105.0000000000
347 -104.0000000000
348 -103.0000000000
349 -102.0000000000
350 -101.0000000000
351 -100.0000000000
352 -99.0000000000
353 -98.0000000000
354 -97.0000000000
355 -96.0000000000
356 -95.0000000000
357 -94.0000000000
358 -93.0000000000
359 -92.0000000000
360 -91.0000000000
361 -90.0000000000
362 -89.0000000000
363 -88.0000000000
364 -87.0000000000
365 -86.0000000000
366 -85.0000000000
367 -84.0000000000
368 -83.0000000000
369 -82.0000000000
370 -81.0000000000
371 -80.0000000000
372 -79.0000000000
373 -78.0000000000
374 -77.0000000000
375 -76.0000000000
376 -75.0000000000
377 -74.0000000000
378 -73.0000000000
379 -72.0000000000
380 -71.0000000000
381 -70.0000000000
382 -69.0000000000
383 -68.0000000000
384 -67.0000000000
385 -66.0000000000
386 -65.0000000000
387 -64.0000000000
388 -63.0000000000
389 -62.0000000000
390 -61.0000000000
391 -60.0000000000
392 -59.0000000000
393 -58.0000000000
394 -57.0000000000
395 -56.0000000000
396 -55.0000000000
397 -54.0000000000
398 -53.0000000000
399 -52.0000000000
400 -51.0000000000
401 -50.0000000000
402 -49.0000000000
403 -48.0000000000
404 -47.0000000000
405 -46.0000000000
406 -45.0000000000
407 -44.0000000000
408 -43.0000000000
409 -42.0000000000
410 -41.0000000000
411 -40.0000000000
412 -39.0000000000
413 -38.0000000000
414 -37.0000000000
415 -36.0000000000
416 -35.0000000000
417 -34.0000000000
418 -33.0000000000
419 -32.0000000000
420 -31.0000000000
421 -30.0000000000
422 -29.0000000000
423 -28.0000000000
424 -27.0000000000
425 -26.0000000000
426 -25.0000000000
427 -24.0000000000
428 -23.0000000000
429 -22.0000000000
430 -21.0000000000
431 -20.0000000000
432 -19.0000000000
433 -18.0000000000
434 -17.0000000000
435 -16.0000000000
436 -15.0000000000
437 -14.0000000000
438 -13.0000000000
439 -12.0000000000
440 -11.0000000000
441 -10.0000000000
442 -9.0000000000
443 -8.0000000000
444 -7.0000000000
445 -6.0000000000
446 -5.0000000000
447 -4.0000000000
448 -3.0000000000
449 -2.0000000000
450 -1.0000000000
451 286.0000000000
854 287.0000000000
3530 291.0000000000
8787 292.0000000000
8810 313.0000000000
8811 317.0000000000
8814 319.0000000000
9317 320.0000000000
9402 323.0000000000
9410 325.0000000000
9435 338.0000000000
9436 339.0000000000
9437 341.0000000000
9438 343.0000000000
9461 347.0000000000
9462 356.0000000000
9464 358.0000000000
9689 362.0000000000
10080 364.0000000000
10090 367.0000000000
10093 368.0000000000
10146 374.0000000000
10185 383.0000000000
10187 385.0000000000
10190 388.0000000000
10205 390.0000000000
10274 393.0000000000
10278 394.0000000000
10280 395.0000000000
10768 398.0000000000
10773 399.0000000000
11512 405.0000000000
11599 406.0000000000
11602 408.0000000000
12430 413.0000000000
12435 415.0000000000
12588 417.0000000000
13424 419.0000000000
14194 421.0000000000
15259 423.0000000000
16075 424.0000000000
16778 428.0000000000
17947 429.0000000000
18773 403.0000000000
evaluations raw_y
1 -225.0000000000
2 -224.0000000000
238 -223.0000000000
239 -222.0000000000
240 -221.0000000000
241 -220.0000000000
242 -219.0000000000
243 -218.0000000000
244 -217.0000000000
245 -216.0000000000
246 -215.0000000000
247 -214.0000000000
248 -213.0000000000
249 -212.0000000000
250 -211.0000000000
251 -210.0000000000
252 -209.0000000000
253 -208.0000000000
254 -207.0000000000
255 -206.0000000000
256 -205.0000000000
257 -204.0000000000
258 -203.0000000000
259 -202.0000000000
260 -201.0000000000
261 -200.0000000000
262 -199.0000000000
263 -198.0000000000
264 -197.0000000000
265 -196.0000000000
266 -195.0000000000
267 -194.0000000000
268 -193.0000000000
269 -192.0000000000
270 -191.0000000000
271 -190.0000000000
272 -189.0000000000
273 -188.0000000000
274 -187.0000000000
275 -186.0000000000
276 -185.0000000000
277 -184.0000000000
278 -183.0000000000
279 -182.0000000000
280 -181.0000000000
281 -180.0000000000
282 -179.0000000000
283 -178.0000000000
284 -177.0000000000
285 -176.0000000000
286 -175.0000000000
287 -174.0000000000
288 -173.0000000000
289 -172.0000000000
290 -171.0000000000
291 -170.0000000000
292 -169.0000000000
293 -168.0000000000
294 -167.0000000000
295 -166.0000000000
296 -165.0000000000
297 -164.0000000000
298 -163.0000000000
299 -162.0000000000
300 -161.0000000000
301 -160.0000000000
302 -159.0000000000
303 -158.0000000000
304 -157.0000000000
305 -156.0000000000
306 -155.0000000000
307 -154.0000000000
308 -153.0000000000
309 -152.0000000000
310 -151.0000000000
311 -150.0000000000
312 -149.0000000000
313 -148.0000000000
314 -147.0000000000
315 -146.0000000000
316 -145.0000000000
317 -144.0000000000
318 -143.0000000000
319 -142.0000000000
320 -141.0000000000
321 -140.0000000000
322 -139.0000000000
323 -138.0000000000
324 -137.0000000000
325 -136.0000000000
326 -135.0000000000
327 -134.0000000000
328 -133.0000000000
329 -132.0000000000
330 -131.0000000000
331 -130.0000000000
332 -129.0000000000
333 -128.0000000000
334 -127.0000000000
335 -126.0000000000
336 -125.0000000000
337 -124.0000000000
338 -123.0000000000
339 -122.0000000000
340 -121.0000000000
341 -120.0000000000
342 -119.0000000000
343 -118.0000000000
344 -117.0000000000
345 -116.0000000000
346 -115.0000000000
347 -114.0000000000
348 -113.0000000000
349 -112.0000000000
350 -111.0000000000
351 -110.0000000000
352 -109.0000000000
353 -108.0000000000
354 -107.0000000000
355 -106.0000000000
356 -105.0000000000
357 -104.0000000000
358 -103.0000000000
359 -102.0000000000
360 -101.0000000000
361 -100.0000000000
362 -99.0000000000
363 -98.0000000000
364 -97.0000000000
365 -96.0000000000
366 -95.0000000000
367 -94.0000000000
368 -93.0000000000
369 -92.0000000000
370 -91.0000000000
371 -90.0000000000
372 -89.0000000000
373 -88.0000000000
374 -87.0000000000
375 -86.0000000000
376 -85.0000000000
377 -84.0000000000
378 -83.0000000000
379 -82.0000000000
380 -81.0000000000
381 -80.0000000000
382 -79.0000000000
383 -78.0000000000
384 -77.0000000000
385 -76.0000000000
386 -75.0000000000
387 -74.0000000000
388 -73.0000000000
389 -72.0000000000
390 -71.0000000000
391 -70.0000000000
392 -69.0000000000
393 -68.0000000000
394 -67.0000000000
395 -66.0000000000
396 -65.0000000000
397 -64.0000000000
398 -63.0000000000
399 -62.0000000000
400 -61.0000000000
401 -60.0000000000
402 -59.0000000000
403 -58.0000000000
404 -57.0000000000
405 -56.0000000000
406 -55.0000000000
407 -54.0000000000
408 -53.0000000000
409 -52.0000000000
410 -51.0000000000
411 -50.0000000000
412 -49.0000000000
413 -48.0000000000
414 -47.0000000000
415 -46.0000000000
416 -45.0000000000
417 -44.0000000000
418 -43.0000000000
419 -42.0000000000
420 -41.0000000000
421 -40.0000000000
422 -39.0000000000
423 -38.0000000000
424 -37.0000000000
425 -36.0000000000
426 -35.0000000000
427 -34.0000000000
428 -33.0000000000
429 -32.0000000000
430 -31.0000000000
431 -30.0000000000
432 -29.0000000000
433 -28.0000000000
434 -27.0000000000
435 -26.0000000000
436 -25.0000000000
437 -24.0000000000
438 -23.0000000000
439 -22.0000000000
440 -21.0000000000
441 -20.0000000000
442 -19.0000000000
443 -18.0000000000
444 -17.0000000000
445 -16.0000000000
446 -15.0000000000
447 -14.0000000000
448 -13.0000000000
449 -12.0000000000
450 -11.0000000000
451 -10.0000000000
452 -9.0000000000
453 -8.0000000000
454 -7.0000000000
455 -6.0000000000
456 -5.0000000000
457 -4.0000000000
458 -3.0000000000
459 -2.0000000000
460 -1.0000000000
461 276.0000000000
924 278.0000000000
2235 281.0000000000
3099 286.0000000000
5338 289.0000000000
8927 294.0000000000
8928 307.0000000000
9007 309.0000000000
9008 310.0000000000
9011 312.0000000000
9095 314.0000000000
9243 337.0000000000
9247 340.0000000000
9665 342.0000000000
9668 354.0000000000
9895 361.0000000000
9899 363.0000000000
9980 366.0000000000
9981 369.0000000000
9983 370.0000000000
10167 374.0000000000
10209 375.0000000000
10210 376.0000000000
10844 379.0000000000
10847 380.0000000000
10856 383.0000000000
10857 384.0000000000
10859 385.0000000000
10860 386.0000000000
10914 387.0000000000
11099 388.0000000000
11100 389.0000000000
11145 390.0000000000
11208 391.0000000000
11430 394.0000000000
11431 396.0000000000
11781 400.0000000000
11789 401.0000000000
11803 402.0000000000
11926 413.0000000000
11927 416.0000000000
11931 418.0000000000
13361 421.0000000000
14311 423.0000000000
15208 424.0000000000
18012 426.0000000000
18925 403.0000000000
evaluations raw_y
1 -234.0000000000
2 -233.0000000000
247 -232.0000000000
248 -231.0000000000
249 -230.0000000000
250 -229.0000000000
251 -228.0000000000
252 -227.0000000000
253 -226.0000000000
254 -225.0000000000
255 -224.0000000000
256 -223.0000000000
257 -222.0000000000
258 -221.0000000000
259 -220.0000000000
260 -219.0000000000
261 -218.0000000000
262 -217.0000000000
263 -216.0000000000
264 -215.0000000000
265 -214.0000000000
266 -213.0000000000
267 -212.0000000000
268 -211.0000000000
269 -210.0000000000
270 -209.0000000000
271 -208.0000000000
272 -207.0000000000
273 -206.0000000000
274 -205.0000000000
275 -204.0000000000
276 -203.0000000000
277 -202.0000000000
278 -201.0000000000
279 -200.0000000000
280 -199.0000000000
281 -198.0000000000
282 -197.0000000000
283 -196.0000000000
284 -195.0000000000
285 -194.0000000000
286 -193.0000000000
287 -192.0000000000
288 -191.0000000000
289 -190.0000000000
290 -189.0000000000
291 -188.0000000000
292 -187.0000000000
293 -186.0000000000
294 -185.0000000000
295 -184.0000000000
296 -183.0000000000
297 -182.0000000000
298 -181.0000000000
299 -180.0000000000
300 -179.0000000000
301 -178.0000000000
302 -177.0000000000
303 -176.0000000000
304 -175.0000000000
305 -174.0000000000
306 -173.0000000000
307 -172.0000000000
308 -171.0000000000
309 -170.0000000000
310 -169.0000000000
311 -168.0000000000
312 -167.0000000000
313 -166.0000000000
314 -165.0000000000
315 -164.0000000000
316 -163.0000000000
317 -162.0000000000
318 -161.0000000000
319 -160.0000000000
320 -159.0000000000
321 -158.0000000000
322 -157.0000000000
323 -156.0000000000
324 -155.0000000000
325 -154.0000000000
326 -153.0000000000
327 -152.0000000000
328 -151.0000000000
329 -150.0000000000
330 -149.0000000000
331 -148.0000000000
332 -147.0000000000
333 -146.0000000000
334 -145.0000000000
335 -144.0000000000
336 -143.0000000000
337 -142.0000000000
338 -141.0000000000
339 -140.0000000000
340 -139.0000000000
341 -138.0000000000
342 -137.0000000000
343 -136.0000000000
344 -135.0000000000
345 -134.0000000000
346 -133.0000000000
347 -132.0000000000
348 -131.0000000000
349 -130.0000000000
350 -129.0000000000
351 -128.0000000000
352 -127.0000000000
353 -126.0000000000
354 -125.0000000000
355 -124.0000000000
356 -123.0000000000
357 -122.0000000000
358 -121.0000000000
359 -120.0000000000
360 -119.0000000000
361 -118.0000000000
362 -117.0000000000
363 -116.0000000000
364 -115.0000000000
365 -114.0000000000
366 -113.0000000000
367 -112.0000000000
368 -111.0000000000
369 -110.0000000000
370 -109.0000000000
371 -108.0000000000
372 -107.0000000000
373 -106.0000000000
374 -105.0000000000
375 -104.0000000000
376 -103.0000000000
377 -102.0000000000
378 -101.0000000000
379 -100.0000000000
380 -99.0000000000
381 -98.0000000000
382 -97.0000000000
383 -96.0000000000
384 -95.0000000000
385 -94.0000000000
386 -93.0000000000
387 -92.0000000000
388 -91.0000000000
389 -90.0000000000
390 -89.0000000000
391 -88.0000000000
392 -87.0000000000
393 -86.0000000000
394 -85.0000000000
395 -84.0000000000
396 -83.0000000000
397 -82.0000000000
398 -81.0000000000
399 -80.0000000000
400 -79.0000000000
401 -78.0000000000
402 -77.0000000000
403 -76.0000000000
404 -75.0000000000
405 -74.0000000000
406 -73.0000000000
407 -72.0000000000
408 -71.0000000000
409 -70.0000000000
410 -69.0000000000
411 -68.0000000000
412 -67.0000000000
413 -66.0000000000
414 -65.0000000000
415 -64.0000000000
416 -63.0000000000
417 -62.0000000000
418 -61.0000000000
419 -60.0000000000
420 -59.0000000000
421 -58.0000000000
422 -57.0000000000
423 -56.0000000000
424 -55.0000000000
425 -54.0000000000
426 -53.0000000000
427 -52.0000000000
428 -51.0000000000
429 -50.0000000000
430 -49.0000000000
431 -48.0000000000
432 -47.0000000000
433 -46.0000000000
434 -45.0000000000
435 -44.0000000000
436 -43.0000000000
437 -42.0000000000
438 -41.0000000000
439 -40.0000000000
440 -39.0000000000
441 -38.0000000000
442 -37.0000000000
443 -36.0000000000
444 -35.0000000000
445 -34.0000000000
446 -33.0000000000
447 -32.0000000000
448 -31.0000000000
449 -30.0000000000
450 -29.0000000000
451 -28.0000000000
452 -27.0000000000
453 -26.0000000000
454 -25.0000000000
455 -24.0000000000
456 -23.0000000000
457 -22.0000000000
458 -21.0000000000
459 -20.0000000000
460 -19.0000000000
461 -18.0000000000
462 -17.0000000000
463 -16.0000000000
464 -15.0000000000
465 -14.0000000000
466 -13.0000000000
467 -12.0000000000
468 -11.0000000000
469 -10.0000000000
470 -9.0000000000
471 -8.0000000000
472 -7.0000000000
473 -6.0000000000
474 -5.0000000000
475 -4.0000000000
476 -3.0000000000
477 -2.0000000000
478 -1.0000000000
479 272.0000000000
904 281.0000000000
3053 282.0000000000
5272 285.0000000000
7880 289.0000000000
8724 290.0000000000
8728 296.0000000000
8729 301.0000000000
8731 310.0000000000
8733 311.0000000000
9377 318.0000000000
9381 319.0000000000
9382 321.0000000000
9391 323.0000000000
9397 324.0000000000
9461 329.0000000000
9467 331.0000000000
9475 335.0000000000
9477 344.0000000000
9503 359.0000000000
9504 366.0000000000
9507 372.0000000000
9648 377.0000000000
9655 380.0000000000
9657 381.0000000000
10355 382.0000000000
10405 385.0000000000
10408 386.0000000000
10492 392.0000000000
10734 395.0000000000
10735 396.0000000000
10736 397.0000000000
10737 399.0000000000
10827 401.0000000000
10830 402.0000000000
11175 405.0000000000
11176 406.0000000000
11381 408.0000000000
11541 412.0000000000
11805 417.0000000000
11843 423.0000000000
11847 424.0000000000
12184 426.0000000000
12190 427.0000000000
12193 432.0000000000
18725 417.0000000000
evaluations raw_y
1 -228.0000000000
2 -227.0000000000
241 -226.0000000000
242 -225.0000000000
243 -224.0000000000
244 -223.0000000000
245 -222.0000000000
246 -221.0000000000
247 -220.0000000000
248 -219.0000000000
249 -218.0000000000
250 -217.0000000000
251 -216.0000000000
252 -215.0000000000
253 -214.0000000000
254 -213.0000000000
255 -212.0000000000
256 -211.0000000000
257 -210.0000000000
258 -209.0000000000
259 -208.0000000000
260 -207.0000000000
261 -206.0000000000
262 -205.0000000000
263 -204.0000000000
264 -203.0000000000
265 -202.0000000000
266 -201.0000000000
267 -200.0000000000
268 -199.0000000000
269 -198.0000000000
270 -197.0000000000
271 -196.0000000000
272 -195.0000000000
273 -194.0000000000
274 -193.0000000000
275 -192.0000000000
276 -191.0000000000
277 -190.0000000000
278 -189.0000000000
279 -188.0000000000
280 -187.0000000000
281 -186.0000000000
282 -185.0000000000
283 -184.0000000000
284 -183.0000000000
285 -182.0000000000
286 -181.0000000000
287 -180.0000000000
288 -179.0000000000
289 -178.0000000000
290 -177.0000000000
291 -176.0000000000
292 -175.0000000000
293 -174.0000000000
294 -173.0000000000
295 -172.0000000000
296 -171.0000000000
297 -170.0000000000
298 -169.0000000000
299 -168.0000000000
300 -167.0000000000
301 -166.0000000000
302 -165.0000000000
303 -164.0000000000
304 -163.0000000000
305 -162.0000000000
306 -161.0000000000
307 -160.0000000000
308 -159.0000000000
309 -158.0000000000
310 -157.0000000000
311 -156.0000000000
312 -155.0000000000
313 -154.0000000000
314 -153.0000000000
315 -152.0000000000
316 -151.0000000000
317 -150.0000000000
318 -149.0000000000
319 -148.0000000000
320 -147.0000000000
321 -146.0000000000
322 -145.0000000000
323 -144.0000000000
324 -143.0000000000
325 -142.0000000000
326 -141.0000000000
327 -140.0000000000
328 -139.0000000000
329 -138.0000000000
330 -137.0000000000
331 -136.0000000000
332 -135.0000000000
333 -134.0000000000
334 -133.0000000000
335 -132.0000000000
336 -131.0000000000
337 -130.0000000000
338 -129.0000000000
339 -128.0000000000
340 -127.0000000000
341 -126.0000000000
342 -125.0000000000
343 -124.0000000000
344 -123.0000000000
345 -122.0000000000
346 -121.0000000000
347 -120.0000000000
348 -119.0000000000
349 -118.0000000000
350 -117.0000000000
351 -116.0000000000
352 -115.0000000000
353 -114.0000000000
354 -113.0000000000
355 -112.0000000000
356 -111.0000000000
357 -110.0000000000
358 -109.0000000000
359 -108.0000000000
360 -107.0000000000
361 -106.0000000000
362 -105.0000000000
363 -104.0000000000
364 -103.0000000000
365 -102.0000000000
366 -101.0000000000
367 -100.0000000000
368 -99.0000000000
369 -98.0000000000
370 -97.0000000000
371 -96.0000000000
372 -95.0000000000
373 -94.0000000000
374 -93.0000000000
375 -92.0000000000
376 -91.0000000000
377 -90.0000000000
378 -89.0000000000
379 -88.0000000000
380 -87.0000000000
381 -86.0000000000
382 -85.0000000000
383 -84.0000000000
384 -83.0000000000
385 -82.0000000000
386 -81.0000000000
387 -80.0000000000
388 -79.0000000000
389 -78.0000000000
390 -77.0000000000
391 -76.0000000000
392 -75.0000000000
393 -74.0000000000
394 -73.0000000000
395 -72.0000000000
396 -71.0000000000
397 -70.0000000000
398 -69.0000000000
399 -68.0000000000
400 -67.0000000000
401 -66.0000000000
402 -65.0000000000
403 -64.0000000000
404 -63.0000000000
405 -62.0000000000
406 -61.0000000000
407 -60.0000000000
408 -59.0000000000
409 -58.0000000000
410 -57.0000000000
411 -56.0000000000
412 -55.0000000000
413 -54.0000000000
414 -53.0000000000
415 -52.0000000000
416 -51.0000000000
417 -50.0000000000
418 -49.0000000000
419 -48.0000000000
420 -47.0000000000
421 -46.0000000000
422 -45.0000000000
423 -44.0000000000
424 -43.0000000000
425 -42.0000000000
426 -41.0000000000
427 -40.0000000000
428 -39.0000000000
429 -38.0000000000
430 -37.0000000000
431 -36.0000000000
432 -35.0000000000
433 -34.0000000000
434 -33.0000000000
435 -32.0000000000
436 -31.0000000000
437 -30.0000000000
438 -29.0000000000
439 -28.0000000000
440 -27.0000000000
441 -26.0000000000
442 -25.0000000000
443 -24.0000000000
444 -23.0000000000
445 -22.0000000000
446 -21.0000000000
447 -20.0000000000
448 -19.0000000000
449 -18.0000000000
450 -17.0000000000
451 -16.0000000000
452 -15.0000000000
453 -14.0000000000
454 -13.0000000000
455 -12.0000000000
456 -11.0000000000
457 -10.0000000000
458 -9.0000000000
459 -8.0000000000
460 -7.0000000000
461 -6.0000000000
462 -5.0000000000
463 -4.0000000000
464 -3.0000000000
465 -2.0000000000
466 -1.0000000000
467 273.0000000000
908 274.0000000000
1371 282.0000000000
3101 285.0000000000
6200 288.0000000000
8918 297.0000000000
8919 300.0000000000
8920 302.0000000000
9396 314.0000000000
9397 315.0000000000
9398 318.0000000000
9608 334.0000000000
9610 345.0000000000
9616 346.0000000000
9699 348.0000000000
9896 350.0000000000
9900 353.0000000000
10040 356.0000000000
10158 358.0000000000
10334 359.0000000000
10338 370.0000000000
10339 374.0000000000
10424 375.0000000000
10425 378.0000000000
10499 381.0000000000
10502 382.0000000000
10503 387.0000000000
11118 391.0000000000
11317 392.0000000000
11350 399.0000000000
11394 401.0000000000
11467 406.0000000000
11653 410.0000000000
11981 412.0000000000
12666 413.0000000000
12744 415.0000000000
12746 418.0000000000
14273 419.0000000000
14306 420.0000000000
14618 421.0000000000
15617 423.0000000000
15621 428.0000000000
18893 422.0000000000
evaluations raw_y
1 -218.0000000000
2 -217.0000000000
231 -216.0000000000
232 -215.0000000000
233 -214.0000000000
234 -213.0000000000
235 -212.0000000000
236 -211.0000000000
237 -210.0000000000
238 -209.0000000000
239 -208.0000000000
240 -207.0000000000
241 -206.0000000000
242 -205.0000000000
243 -204.0000000000
244 -203.0000000000
245 -202.0000000000
246 -201.0000000000
247 -200.0000000000
248 -199.0000000000
249 -198.0000000000
250 -197.0000000000
251 -196.0000000000
252 -195.0000000000
253 -194.0000000000
254 -193.0000000000
255 -192.0000000000
256 -191.0000000000
257 -190.0000000000
258 -189.0000000000
259 -188.0000000000
260 -187.0000000000
261 -186.0000000000
262 -185.0000000000
263 -184.0000000000
264 -183.0000000000
265 -182.0000000000
266 -181.0000000000
267 -180.0000000000
268 -179.0000000000
269 -178.0000000000
270 -177.0000000000
271 -176.0000000000
272 -175.0000000000
273 -174.0000000000
274 -173.0000000000
275 -172.0000000000
276 -171.0000000000
277 -170.0000000000
278 -169.0000000000
279 -168.0000000000
280 -167.0000000000
281 -166.0000000000
282 -165.0000000000
283 -164.0000000000
284 -163.0000000000
285 -162.0000000000
286 -161.0000000000
287 -160.0000000000
288 -159.0000000000
289 -158.0000000000
290 -157.0000000000
291 -156.0000000000
292 -155.0000000000
293 -154.0000000000
294 -153.0000000000
295 -152.0000000000
296 -151.0000000000
297 -150.0000000000
298 -149.0000000000
299 -148.0000000000
300 -147.0000000000
301 -146.0000000000
302 -145.0000000000
303 -144.0000000000
304 -143.0000000000
305 -142.0000000000
306 -141.0000000000
307 -140.0000000000
308 -139.0000000000
309 -138.0000000000
310 -137.0000000000
311 -136.0000000000
312 -135.0000000000
313 -134.0000000000
314 -133.0000000000
315 -132.0000000000
316 -131.0000000000
317 -130.0000000000
318 -129.0000000000
319 -128.0000000000
320 -127.0000000000
321 -126.0000000000
322 -125.0000000000
323 -124.0000000000
324 -123.0000000000
325 -122.0000000000
326 -121.0000000000
327 -120.0000000000
328 -119.0000000000
329 -118.0000000000
330 -117.0000000000
331 -116.0000000000
332 -115.0000000000
333 -114.0000000000
334 -113.0000000000
335 -112.0000000000
336 -111.0000000000
337 -110.0000000000
338 -109.0000000000
339 -108.0000000000
340 -107.0000000000
341 -106.0000000000
342 -105.0000000000
343 -104.0000000000
344 -103.0000000000
345 -102.0000000000
346 -101.0000000000
347 -100.0000000000
348 -99.0000000000
349 -98.0000000000
350 -97.0000000000
351 -96.0000000000
352 -95.0000000000
353 -94.0000000000
354 -93.0000000000
355 -92.0000000000
356 -91.0000000000
357 -90.0000000000
358 -89.0000000000
359 -88.0000000000
360 -87.0000000000
361 -86.0000000000
362 -85.0000000000
363 -84.0000000000
364 -83.0000000000
365 -82.0000000000
366 -81.0000000000
367 -80.0000000000
368 -79.0000000000
369 -78.0000000000
370 -77.0000000000
371 -76.0000000000
372 -75.0000000000
373 -74.0000000000
374 -73.0000000000
375 -72.0000000000
376 -71.0000000000
377 -70.0000000000
378 -69.0000000000
379 -68.0000000000
380 -67.0000000000
381 -66.0000000000
382 -65.0000000000
383 -64.0000000000
384 -63.0000000000
385 -62.0000000000
386 -61.0000000000
387 -60.0000000000
388 -59.0000000000
389 -58.0000000000
390 -57.0000000000
391 -56.0000000000
392 -55.0000000000
393 -54.0000000000
394 -53.0000000000
395 -52.0000000000
396 -51.0000000000
397 -50.0000000000
398 -49.0000000000
399 -48.0000000000
400 -47.0000000000
401 -46.0000000000
402 -45.0000000000
403 -44.0000000000
404 -43.0000000000
405 -42.0000000000
406 -41.0000000000
407 -40.0000000000
408 -39.0000000000
409 -38.0000000000
410 -37.0000000000
411 -36.0000000000
412 -35.0000000000
413 -34.0000000000
414 -33.0000000000
415 -32.0000000000
416 -31.0000000000
417 -30.0000000000
418 -29.0000000000
419 -28.0000000000
420 -27.0000000000
421 -26.0000000000
422 -25.0000000000
423 -24.0000000000
424 -23.0000000000
425 -22.0000000000
426 -21.0000000000
427 -20.0000000000
428 -19.0000000000
429 -18.0000000000
430 -17.0000000000
431 -16.0000000000
432 -15.0000000000
433 -14.0000000000
434 -13.0000000000
435 -12.0000000000
436 -11.0000000000
437 -10.0000000000
438 -9.0000000000
439 -8.0000000000
440 -7.0000000000
441 -6.0000000000
442 -5.0000000000
443 -4.0000000000
444 -3.0000000000
445 -2.0000000000
446 -1.0000000000
447 217.0000000000
894 218.0000000000
1325 289.0000000000
8737 307.0000000000
8740 313.0000000000
8741 314.0000000000
8743 316.0000000000
9363 322.0000000000
9409 324.0000000000
9411 329.0000000000
9417 330.0000000000
9438 333.0000000000
9439 340.0000000000
9441 344.0000000000
9444 345.0000000000
9445 347.0000000000
9452 354.0000000000
9453 356.0000000000
9454 358.0000000000
9481 363.0000000000
9482 366.0000000000
9950 367.0000000000
9952 371.0000000000
10012 376.0000000000
10013 379.0000000000
10014 380.0000000000
10235 382.0000000000
10377 384.0000000000
10378 388.0000000000
10508 391.0000000000
10510 392.0000000000
10523 393.0000000000
10657 395.0000000000
10660 397.0000000000
10794 398.0000000000
11143 399.0000000000
11145 403.0000000000
12000 404.0000000000
12043 406.0000000000
12146 408.0000000000
12202 410.0000000000
12214 412.0000000000
12215 414.0000000000
12861 421.0000000000
15417 424.0000000000
16694 425.0000000000
17039 426.0000000000
17871 428.0000000000
18524 429.0000000000
18743 406.0000000000
evaluations raw_y
1 -225.0000000000
2 -224.0000000000
238 -223.0000000000
239 -222.0000000000
240 -221.0000000000
241 -220.0000000000
242 -219.0000000000
243 -218.0000000000
244 -217.0000000000
245 -216.0000000000
246 -215.0000000000
247 -214.0000000000
248 -213.0000000000
249 -212.0000000000
250 -211.0000000000
251 -210.0000000000
252 -209.0000000000
253 -208.0000000000
254 -207.0000000000
255 -206.0000000000
256 -205.0000000000
257 -204.0000000000
258 -203.0000000000
259 -202.0000000000
260 -201.0000000000
261 -200.0000000000
262 -199.0000000000
263 -198.0000000000
264 -197.0000000000
265 -196.0000000000
266 -195.0000000000
267 -194.0000000000
268 -193.0000000000
269 -192.0000000000
270 -191.0000000000
271 -190.0000000000
272 -189.0000000000
273 -188.0000000000
274 -187.0000000000
275 -186.0000000000
276 -185.0000000000
277 -184.0000000000
278 -183.0000000000
279 -182.0000000000
280 -181.0000000000
281 -180.0000000000
282 -179.0000000000
283 -178.0000000000
284 -177.0000000000
285 -176.0000000000
286 -175.0000000000
287 -174.0000000000
288 -173.0000000000
289 -172.0000000000
290 -171.0000000000
291 -170.0000000000
292 -169.0000000000
293 -168.0000000000
294 -167.0000000000
295 -166.0000000000
296 -165.0000000000
297 -164.0000000000
298 -163.0000000000
299 -162.0000000000
300 -161.0000000000
301 -160.0000000000
302 -159.0000000000
303 -158.0000000000
304 -157.0000000000
305 -156.0000000000
306 -155.0000000000
307 -154.0000000000
308 -153.0000000000
309 -152.0000000000
310 -151.0000000000
311 -150.0000000000
312 -149.0000000000
313 -148.0000000000
314 -147.0000000000
315 -146.0000000000
316 -145.0000000000
317 -144.0000000000
318 -143.0000000000
319 -142.0000000000
320 -141.0000000000
321 -140.0000000000
322 -139.0000000000
323 -138.0000000000
324 -137.0000000000
325 -136.0000000000
326 -135.0000000000
327 -134.0000000000
328 -133.0000000000
329 -132.0000000000
330 -131.0000000000
331 -130.0000000000
332 -129.0000000000
333 -128.0000000000
334 -127.0000000000
335 -126.0000000000
336 -125.0000000000
337 -124.0000000000
338 -123.0000000000
339 -122.0000000000
340 -121.0000000000
341 -120.0000000000
342 -119.0000000000
343 -118.0000000000
344 -117.0000000000
345 -116.0000000000
346 -115.0000000000
347 -114.0000000000
348 -113.0000000000
349 -112.0000000000
350 -111.0000000000
351 -110.0000000000
352 -109.0000000000
353 -108.0000000000
354 -107.0000000000
355 -106.0000000000
356 -105.0000000000
357 -104.0000000000
358 -103.0000000000
359 -102.0000000000
360 -101.0000000000
361 -100.0000000000
362 -99.0000000000
363 -98.0000000000
364 -97.0000000000
365 -96.0000000000
366 -95.0000000000
367 -94.0000000000
368 -93.0000000000
369 -92.0000000000
370 -91.0000000000
371 -90.0000000000
372 -89.0000000000
373 -88.0000000000
374 -87.0000000000
375 -86.0000000000
376 -85.0000000000
377 -84.0000000000
378 -83.0000000000
379 -82.0000000000
380 -81.0000000000
381 -80.0000000000
382 -79.0000000000
383 -78.0000000000
384 -77.0000000000
385 -76.0000000000
386 -75.0000000000
387 -74.0000000000
388 -73.0000000000
389 -72.0000000000
390 -71.0000000000
391 -70.0000000000
392 -69.0000000000
393 -68.0000000000
394 -67.0000000000
395 -66.0000000000
396 -65.0000000000
397 -64.0000000000
398 -63.0000000000
399 -62.0000000000
400 -61.0000000000
401 -60.0000000000
402 -59.0000000000
403 -58.0000000000
404 -57.0000000000
405 -56.0000000000
406 -55.0000000000
407 -54.0000000000
408 -53.0000000000
409 -52.0000000000
410 -51.0000000000
411 -50.0000000000
412 -49.0000000000
413 -48.0000000000
414 -47.0000000000
415 -46.0000000000
416 -45.0000000000
417 -44.0000000000
418 -43.0000000000
419 -42.0000000000
420 -41.0000000000
421 -40.0000000000
422 -39.0000000000
423 -38.0000000000
424 -37.0000000000
425 -36.0000000000
426 -35.0000000000
427 -34.0000000000
428 -33.0000000000
429 -32.0000000000
430 -31.0000000000
431 -30.0000000000
432 -29.0000000000
433 -28.0000000000
434 -27.0000000000
435 -26.0000000000
436 -25.0000000000
437 -24.0000000000
438 -23.0000000000
439 -22.0000000000
440 -21.0000000000
441 -20.0000000000
442 -19.0000000000
443 -18.0000000000
444 -17.0000000000
445 -16.0000000000
446 -15.0000000000
447 -14.0000000000
448 -13.0000000000
449 -12.0000000000
450 -11.0000000000
451 -10.0000000000
452 -9.0000000000
453 -8.0000000000
454 -7.0000000000
455 -6.0000000000
456 -5.0000000000
457 -4.0000000000
458 -3.0000000000
459 -2.0000000000
460 -1.0000000000
461 273.0000000000
2169 278.0000000000
2590 286.0000000000
7321 314.0000000000
8687 317.0000000000
8751 323.0000000000
8753 326.0000000000
8757 330.0000000000
8780 336.0000000000
8783 339.0000000000
8788 340.0000000000
9296 342.0000000000
9816 368.0000000000
10550 375.0000000000
10720 376.0000000000
10783 378.0000000000
10789 383.0000000000
10792 384.0000000000
10793 385.0000000000
10992 389.0000000000
11030 391.0000000000
11186 400.0000000000
12202 402.0000000000
12205 404.0000000000
12229 405.0000000000
12516 408.0000000000
12517 412.0000000000
12623 413.0000000000
12631 414.0000000000
13691 415.0000000000
13697 416.0000000000
13698 418.0000000000
14103 420.0000000000
15888 421.0000000000
15893 422.0000000000
15896 423.0000000000
17647 425.0000000000
18669 409.0000000000
evaluations raw_y
1 -210.0000000000
2 -209.0000000000
223 -208.0000000000
224 -207.0000000000
225 -206.0000000000
226 -205.0000000000
227 -204.0000000000
228 -203.0000000000
229 -202.0000000000
230 -201.0000000000
231 -200.0000000000
232 -199.0000000000
233 -198.0000000000
234 -197.0000000000
235 -196.0000000000
236 -195.0000000000
237 -194.0000000000
238 -193.0000000000
239 -192.0000000000
240 -191.0000000000
241 -190.0000000000
242 -189.0000000000
243 -188.0000000000
244 -187.0000000000
245 -186.0000000000
246 -185.0000000000
247 -184.0000000000
248 -183.0000000000
249 -182.0000000000
250 -181.0000000000
251 -180.0000000000
252 -179.0000000000
253 -178.0000000000
254 -177.0000000000
255 -176.0000000000
256 -175.0000000000
257 -174.0000000000
258 -173.0000000000
259 -172.0000000000
260 -171.0000000000
261 -170.0000000000
262 -169.0000000000
263 -168.0000000000
264 -167.0000000000
265 -166.0000000000
266 -165.0000000000
267 -164.0000000000
268 -163.0000000000
269 -162.0000000000
270 -161.0000000000
271 -160.0000000000
272 -159.0000000000
273 -158.0000000000
274 -157.0000000000
275 -156.0000000000
276 -155.0000000000
277 -154.0000000000
278 -153.0000000000
279 -152.0000000000
280 -151.0000000000
281 -150.0000000000
282 -149.0000000000
283 -148.0000000000
284 -147.0000000000
285 -146.0000000000
286 -145.0000000000
287 -144.0000000000
288 -143.0000000000
289 -142.0000000000
290 -141.0000000000
291 -140.0000000000
292 -139.0000000000
293 -138.0000000000
294 -137.0000000000
295 -136.0000000000
296 -135.0000000000
297 -134.0000000000
298 -133.0000000000
299 -132.0000000000
300 -131.0000000000
301 -130.0000000000
302 -129.0000000000
303 -128.0000000000
304 -127.0000000000
305 -126.0000000000
306 -125.0000000000
307 -124.0000000000
308 -123.0000000000
309 -122.0000000000
310 -121.0000000000
311 -120.0000000000
312 -119.0000000000
313 -118.0000000000
314 -117.0000000000
315 -116.0000000000
316 -115.0000000000
317 -114.0000000000
318 -113.0000000000
319 -112.0000000000
320 -111.0000000000
321 -110.0000000000
322 -109.0000000000
323 -108.0000000000
324 -107.0000000000
325 -106.0000000000
326 -105.0000000000
327 -104.0000000000
328 -103.0000000000
329 -102.0000000000
330 -101.0000000000
331 -100.0000000000
332 -99.0000000000
333 -98.0000000000
334 -97.0000000000
335 -96.0000000000
336 -95.0000000000
337 -94.0000000000
338 -93.0000000000
339 -92.0000000000
340 -91.0000000000
341 -90.0000000000
342 -89.0000000000
343 -88.0000000000
344 -87.0000000000
345 -86.0000000000
346 -85.0000000000
347 -84.0000000000
348 -83.0000000000
349 -82.0000000000
350 -81.0000000000
351 -80.0000000000
352 -79.0000000000
353 -78.0000000000
354 -77.0000000000
355 -76.0000000000
356 -75.0000000000
357 -74.0000000000
358 -73.0000000000
359 -72.0000000000
360 -71.0000000000
361 -70.0000000000
362 -69.0000000000
363 -68.0000000000
364 -67.0000000000
365 -66.0000000000
366 -65.0000000000
367 -64.0000000000
368 -63.0000000000
369 -62.0000000000
370 -61.0000000000
371 -60.0000000000
372 -59.0000000000
373 -58.0000000000
374 -57.0000000000
375 -56.0000000000
376 -55.0000000000
377 -54.0000000000
378 -53.0000000000
379 -52.0000000000
380 -51.0000000000
381 -50.0000000000
382 -49.0000000000
383 -48.0000000000
384 -47.0000000000
385 -46.0000000000
386 -45.0000000000
387 -44.0000000000
388 -43.0000000000
389 -42.0000000000
390 -41.0000000000
391 -40.0000000000
392 -39.0000000000
393 -38.0000000000
394 -37.0000000000
395 -36.0000000000
396 -35.0000000000
397 -34.0000000000
398 -33.0000000000
399 -32.0000000000
400 -31.0000000000
401 -30.0000000000
402 -29.0000000000
403 -28.0000000000
404 -27.0000000000
405 -26.0000000000
406 -25.0000000000
407 -24.0000000000
408 -23.0000000000
409 -22.0000000000
410 -21.0000000000
411 -20.0000000000
412 -19.0000000000
413 -18.0000000000
414 -17.0000000000
415 -16.0000000000
416 -15.0000000000
417 -14.0000000000
418 -13.0000000000
419 -12.0000000000
420 -11.0000000000
421 -10.0000000000
422 -9.0000000000
423 -8.0000000000
424 -7.0000000000
425 -6.0000000000
426 -5.0000000000
427 -4.0000000000
428 -3.0000000000
429 -2.0000000000
430 -1.0000000000
431 270.0000000000
870 278.0000000000
2608 287.0000000000
8655 289.0000000000
9165 292.0000000000
9190 298.0000000000
9191 299.0000000000
9192 301.0000000000
9193 302.0000000000
9195 303.0000000000
9260 311.0000000000
9262 312.0000000000
9381 322.0000000000
9384 326.0000000000
9385 328.0000000000
9435 336.0000000000
9438 339.0000000000
9624 342.0000000000
9627 358.0000000000
9628 359.0000000000
9756 363.0000000000
9760 381.0000000000
9790 387.0000000000
9791 389.0000000000
10057 390.0000000000
10061 393.0000000000
10062 396.0000000000
10202 399.0000000000
10208 400.0000000000
10311 404.0000000000
11265 405.0000000000
11274 406.0000000000
11275 407.0000000000
11708 409.0000000000
13208 411.0000000000
13209 413.0000000000
13492 415.0000000000
13495 417.0000000000
14986 422.0000000000
15520 423.0000000000
15530 425.0000000000
15898 428.0000000000
18649 416.0000000000
evaluations raw_y
1 -204.0000000000
2 -203.0000000000
217 -202.0000000000
218 -201.0000000000
219 -200.0000000000
220 -199.0000000000
221 -198.0000000000
222 -197.0000000000
223 -196.0000000000
224 -195.0000000000
225 -194.0000000000
226 -193.0000000000
227 -192.0000000000
228 -191.0000000000
229 -190.0000000000
230 -189.0000000000
231 -188.0000000000
232 -187.0000000000
233 -186.0000000000
234 -185.0000000000
235 -184.0000000000
236 -183.0000000000
237 -182.0000000000
238 -181.0000000000
239 -180.0000000000
240 -179.0000000000
241 -178.0000000000
242 -177.0000000000
243 -176.0000000000
244 -175.0000000000
245 -174.0000000000
246 -173.0000000000
247 -172.0000000000
248 -171.0000000000
249 -170.0000000000
250 -169.0000000000
251 -168.0000000000
252 -167.0000000000
253 -166.0000000000
254 -165.0000000000
255 -164.0000000000
256 -163.0000000000
257 -162.0000000000
258 -161.0000000000
259 -160.0000000000
260 -159.0000000000
261 -158.0000000000
262 -157.0000000000
263 -156.0000000000
264 -155.0000000000
265 -154.0000000000
266 -153.0000000000
267 -152.0000000000
268 -151.0000000000
269 -150.0000000000
270 -149.0000000000
271 -148.0000000000
272 -147.0000000000
273 -146.0000000000
274 -145.0000000000
275 -144.0000000000
276 -143.0000000000
277 -142.0000000000
278 -141.0000000000
279 -140.0000000000
280 -139.0000000000
281 -138.0000000000
282 -137.0000000000
283 -136.0000000000
284 -135.0000000000
285 -134.0000000000
286 -133.0000000000
287 -132.0000000000
288 -131.0000000000
289 -130.0000000000
290 -129.0000000000
291 -128.0000000000
292 -127.0000000000
293 -126.0000000000
294 -125.0000000000
295 -124.0000000000
296 -123.0000000000
297 -122.0000000000
298 -121.0000000000
299 -120.0000000000
300 -119.0000000000
301 -118.0000000000
302 -117.0000000000
303 -116.0000000000
304 -115.0000000000
305 -114.0000000000
306 -113.0000000000
307 -112.0000000000
308 -111.0000000000
309 -110.0000000000
310 -109.0000000000
311 -108.0000000000
312 -107.0000000000
313 -106.0000000000
314 -105.0000000000
315 -104.0000000000
316 -103.0000000000
317 -102.0000000000
318 -101.0000000000
319 -100.0000000000
320 -99.0000000000
321 -98.0000000000
322 -97.0000000000
323 -96.0000000000
324 -95.0000000000
325 -94.0000000000
326 -93.0000000000
327 -92.0000000000
328 -91.0000000000
329 -90.0000000000
330 -89.0000000000
331 -88.0000000000
332 -87.0000000000
333 -86.0000000000
334 -85.0000000000
335 -84.0000000000
336 -83.0000000000
337 -82.0000000000
338 -81.0000000000
339 -80.0000000000
340 -79.0000000000
341 -78.0000000000
342 -77.0000000000
343 -76.0000000000
344 -75.0000000000
345 -74.0000000000
346 -73.0000000000
347 -72.0000000000
348 -71.0000000000
349 -70.0000000000
350 -69.0000000000
351 -68.0000000000
352 -67.0000000000
353 -66.0000000000
354 -65.0000000000
355 -64.0000000000
356 -63.0000000000
357 -62.0000000000
358 -61.0000000000
359 -60.0000000000
360 -59.0000000000
361 -58.0000000000
362 -57.0000000000
363 -56.0000000000
364 -55.0000000000
365 -54.0000000000
366 -53.0000000000
367 -52.0000000000
368 -51.0000000000
369 -50.0000000000
370 -49.0000000000
371 -48.0000000000
372 -47.0000000000
373 -46.0000000000
374 -45.0000000000
375 -44.0000000000
376 -43.0000000000
377 -42.0000000000
378 -41.0000000000
379 -40.0000000000
380 -39.0000000000
381 -38.0000000000
382 -37.0000000000
383 -36.0000000000
384 -35.0000000000
385 -34.0000000000
386 -33.0000000000
387 -32.0000000000
388 -31.0000000000
389 -30.0000000000
390 -29.0000000000
391 -28.0000000000
392 -27.0000000000
393 -26.0000000000
394 -25.0000000000
395 -24.0000000000
396 -23.0000000000
397 -22.0000000000
398 -21.0000000000
399 -20.0000000000
400 -19.0000000000
401 -18.0000000000
402 -17.0000000000
403 -16.0000000000
404 -15.0000000000
405 -14.0000000000
406 -13.0000000000
407 -12.0000000000
408 -11.0000000000
409 -10.0000000000
410 -9.0000000000
411 -8.0000000000
412 -7.0000000000
413 -6.0000000000
414 -5.0000000000
415 -4.0000000000
416 -3.0000000000
417 -2.0000000000
418 -1.0000000000
419 253.0000000000
862 274.0000000000
1766 288.0000000000
9100 311.0000000000
9101 313.0000000000
9127 331.0000000000
9128 335.0000000000
9130 336.0000000000
9132 337.0000000000
9679 349.0000000000
9680 353.0000000000
9682 355.0000000000
9980 357.0000000000
10009 359.0000000000
10010 363.0000000000
10218 364.0000000000
10221 366.0000000000
10222 367.0000000000
10258 370.0000000000
10261 371.0000000000
10474 374.0000000000
10477 375.0000000000
10712 382.0000000000
10713 386.0000000000
10718 392.0000000000
10720 393.0000000000
10796 397.0000000000
10797 402.0000000000
10802 408.0000000000
11546 410.0000000000
11917 412.0000000000
12139 414.0000000000
12376 416.0000000000
13796 418.0000000000
14665 419.0000000000
14880 423.0000000000
17149 424.0000000000
19003 405.0000000000
evaluations raw_y
1 -195.0000000000
2 -194.0000000000
208 -193.0000000000
209 -192.0000000000
210 -191.0000000000
211 -190.0000000000
212 -189.0000000000
213 -188.0000000000
214 -187.0000000000
215 -186.0000000000
216 -185.0000000000
217 -184.0000000000
218 -183.0000000000
219 -182.0000000000
220 -181.0000000000
221 -180.0000000000
222 -179.0000000000
223 -178.0000000000
224 -177.0000000000
225 -176.0000000000
226 -175.0000000000
227 -174.0000000000
228 -173.0000000000
229 -172.0000000000
230 -171.0000000000
231 -170.0000000000
232 -169.0000000000
233 -168.0000000000
234 -167.0000000000
235 -166.0000000000
236 -165.0000000000
237 -164.0000000000
238 -163.0000000000
239 -162.0000000000
240 -161.0000000000
241 -160.0000000000
242 -159.0000000000
243 -158.0000000000
244 -157.0000000000
245 -156.0000000000
246 -155.0000000000
247 -154.0000000000
248 -153.0000000000
249 -152.0000000000
250 -151.0000000000
251 -150.0000000000
252 -149.0000000000
253 -148.0000000000
254 -147.0000000000
255 -146.0000000000
256 -145.0000000000
257 -144.0000000000
258 -143.0000000000
259 -142.0000000000
260 -141.0000000000
261 -140.0000000000
262 -139.0000000000
263 -138.0000000000
264 -137.0000000000
265 -136.0000000000
266 -135.0000000000
267 -134.0000000000
268 -133.0000000000
269 -132.0000000000
270 -131.0000000000
271 -130.0000000000
272 -129.0000000000
273 -128.0000000000
274 -127.0000000000
275 -126.0000000000
276 -125.0000000000
277 -124.0000000000
278 -123.0000000000
279 -122.0000000000
280 -121.0000000000
281 -120.0000000000
282 -119.0000000000
283 -118.0000000000
284 -117.0000000000
285 -116.0000000000
286 -115.0000000000
287 -114.0000000000
288 -113.0000000000
289 -112.0000000000
290 -111.0000000000
291 -110.0000000000
292 -109.0000000000
293 -108.0000000000
294 -107.0000000000
295 -106.0000000000
296 -105.0000000000
297 -104.0000000000
298 -103.0000000000
299 -102.0000000000
300 -101.0000000000
301 -100.0000000000
302 -99.0000000000
303 -98.0000000000
304 -97.0000000000
305 -96.0000000000
306 -95.0000000000
307 -94.0000000000
308 -93.0000000000
309 -92.0000000000
310 -91.0000000000
311 -90.0000000000
312 -89.0000000000
313 -88.0000000000
314 -87.0000000000
315 -86.0000000000
316 -85.0000000000
317 -84.0000000000
318 -83.0000000000
319 -82.0000000000
320 -81.0000000000
321 -80.0000000000
322 -79.0000000000
323 -78.0000000000
324 -77.0000000000
325 -76.0000000000
326 -75.0000000000
327 -74.0000000000
328 -73.0000000000
329 -72.0000000000
330 -71.0000000000
331 -70.0000000000
332 -69.0000000000
333 -68.0000000000
334 -67.0000000000
335 -66.0000000000
336 -65.0000000000
337 -64.0000000000
338 -63.0000000000
339 -62.0000000000
340 -61.0000000000
341 -60.0000000000
342 -59.0000000000
343 -58.0000000000
344 -57.0000000000
345 -56.0000000000
346 -55.0000000000
347 -54.0000000000
348 -53.0000000000
349 -52.0000000000
350 -51.0000000000
351 -50.0000000000
352 -49.0000000000
353 -48.0000000000
354 -47.0000000000
355 -46.0000000000
356 -45.0000000000
357 -44.0000000000
358 -43.0000000000
359 -42.0000000000
360 -41.0000000000
361 -40.0000000000
362 -39.0000000000
363 -38.0000000000
364 -37.0000000000
365 -36.0000000000
366 -35.0000000000
367 -34.0000000000
368 -33.0000000000
369 -32.0000000000
370 -31.0000000000
371 -30.0000000000
372 -29.0000000000
373 -28.0000000000
374 -27.0000000000
375 -26.0000000000
376 -25.0000000000
377 -24.0000000000
378 -23.0000000000
379 -22.0000000000
380 -21.0000000000
381 -20.0000000000
382 -19.0000000000
383 -18.0000000000
384 -17.0000000000
385 -16.0000000000
386 -15.0000000000
387 -14.0000000000
388 -13.0000000000
389 -12.0000000000
390 -11.0000000000
391 -10.0000000000
392 -9.0000000000
393 -8.0000000000
394 -7.0000000000
395 -6.0000000000
396 -5.0000000000
397 -4.0000000000
398 -3.0000000000
399 -2.0000000000
400 -1.0000000000
401 288.0000000000
8831 309.0000000000
8832 313.0000000000
8835 314.0000000000
8836 316.0000000000
9412 328.0000000000
9414 331.0000000000
9418 333.0000000000
9441 339.0000000000
9444 341.0000000000
9625 350.0000000000
9627 355.0000000000
9631 356.0000000000
9709 358.0000000000
9710 367.0000000000
9713 370.0000000000
10209 373.0000000000
10310 379.0000000000
10487 380.0000000000
10665 383.0000000000
10718 386.0000000000
10724 387.0000000000
10790 391.0000000000
11240 395.0000000000
11241 397.0000000000
11244 398.0000000000
11245 399.0000000000
12290 401.0000000000
12586 402.0000000000
12636 405.0000000000
13042 407.0000000000
13290 408.0000000000
13293 411.0000000000
13295 413.0000000000
13366 415.0000000000
13917 416.0000000000
14227 419.0000000000
14697 421.0000000000
14698 425.0000000000
14705 426.0000000000
18841 415.0000000000
evaluations raw_y
1 -209.0000000000
2 -208.0000000000
222 -207.0000000000
223 -206.0000000000
224 -205.0000000000
225 -204.0000000000
226 -203.0000000000
227 -202.0000000000
228 -201.0000000000
229 -200.0000000000
230 -199.0000000000
231 -198.0000000000
232 -197.0000000000
233 -196.0000000000
234 -195.0000000000
235 -194.0000000000
236 -193.0000000000
237 -192.0000000000
238 -191.0000000000
239 -190.0000000000
240 -189.0000000000
241 -188.0000000000
242 -187.0000000000
243 -186.0000000000
244 -185.0000000000
245 -184.0000000000
246 -183.0000000000
247 -182.0000000000
248 -181.0000000000
249 -180.0000000000
250 -179.0000000000
251 -178.0000000000
252 -177.0000000000
253 -176.0000000000
254 -175.0000000000
255 -174.0000000000
256 -173.0000000000
257 -172.0000000000
258 -171.0000000000
259 -170.0000000000
260 -169.0000000000
261 -168.0000000000
262 -167.0000000000
263 -166.0000000000
264 -165.0000000000
265 -164.0000000000
266 -163.0000000000
267 -162.0000000000
268 -161.0000000000
269 -160.0000000000
270 -159.0000000000
271 -158.0000000000
272 -157.0000000000
273 -156.0000000000
274 -155.0000000000
275 -154.0000000000
276 -153.0000000000
277 -152.0000000000
278 -151.0000000000
279 -150.0000000000
280 -149.0000000000
281 -148.0000000000
282 -147.0000000000
283 -146.0000000000
284 -145.0000000000
285 -144.0000000000
286 -143.0000000000
287 -142.0000000000
288 -141.0000000000
289 -140.0000000000
290 -139.0000000000
291 -138.0000000000
292 -137.0000000000
293 -136.0000000000
294 -135.0000000000
295 -134.0000000000
296 -133.0000000000
297 -132.0000000000
298 -131.0000000000
299 -130.0000000000
300 -129.0000000000
301 -128.0000000000
302 -127.0000000000
303 -126.0000000000
304 -125.0000000000
305 -124.0000000000
306 -123.0000000000
307 -122.0000000000
308 -121.0000000000
309 -120.0000000000
310 -119.0000000000
311 -118.0000000000
312 -117.0000000000
313 -116.0000000000
314 -115.0000000000
315 -114.0000000000
316 -113.0000000000
317 -112.0000000000
318 -111.0000000000
319 -110.0000000000
320 -109.0000000000
321 -108.0000000000
322 -107.0000000000
323 -106.0000000000
324 -105.0000000000
325 -104.0000000000
326 -103.0000000000
327 -102.0000000000
328 -101.0000000000
329 -100.0000000000
330 -99.0000000000
331 -98.0000000000
332 -97.0000000000
333 -96.0000000000
334 -95.0000000000
335 -94.0000000000
336 -93.0000000000
337 -92.0000000000
338 -91.0000000000
339 -90.0000000000
340 -89.0000000000
341 -88.0000000000
342 -87.0000000000
343 -86.0000000000
344 -85.0000000000
345 -84.0000000000
346 -83.0000000000
347 -82.0000000000
348 -81.0000000000
349 -80.0000000000
350 -79.0000000000
351 -78.0000000000
352 -77.0000000000
353 -76.0000000000
354 -75.0000000000
355 -74.0000000000
356 -73.0000000000
357 -72.0000000000
358 -71.0000000000
359 -70.0000000000
360 -69.0000000000
361 -68.0000000000
362 -67.0000000000
363 -66.0000000000
364 -65.0000000000
365 -64.0000000000
366 -63.0000000000
367 -62.0000000000
368 -61.0000000000
369 -60.0000000000
370 -59.0000000000
371 -58.0000000000
372 -57.0000000000
373 -56.0000000000
374 -55.0000000000
375 -54.0000000000
376 -53.0000000000
377 -52.0000000000
378 -51.0000000000
379 -50.0000000000
380 -49.0000000000
381 -48.0000000000
382 -47.0000000000
383 -46.0000000000
384 -45.0000000000
385 -44.0000000000
386 -43.0000000000
387 -42.0000000000
388 -41.0000000000
389 -40.0000000000
390 -39.0000000000
391 -38.0000000000
392 -37.0000000000
393 -36.0000000000
394 -35.0000000000
395 -34.0000000000
396 -33.0000000000
397 -32.0000000000
398 -31.0000000000
399 -30.0000000000
400 -29.0000000000
401 -28.0000000000
402 -27.0000000000
403 -26.0000000000
404 -25.0000000000
405 -24.0000000000
406 -23.0000000000
407 -22.0000000000
408 -21.0000000000
409 -20.0000000000
410 -19.0000000000
411 -18.0000000000
412 -17.0000000000
413 -16.0000000000
414 -15.0000000000
415 -14.0000000000
416 -13.0000000000
417 -12.0000000000
418 -11.0000000000
419 -10.0000000000
420 -9.0000000000
421 -8.0000000000
422 -7.0000000000
423 -6.0000000000
424 -5.0000000000
425 -4.0000000000
426 -3.0000000000
427 -2.0000000000
428 -1.0000000000
429 282.0000000000
1303 295.0000000000
8842 310.0000000000
8843 312.0000000000
8846 315.0000000000
8849 316.0000000000
9390 332.0000000000
9392 338.0000000000
9393 342.0000000000
9763 343.0000000000
9764 344.0000000000
9772 356.0000000000
9774 359.0000000000
9775 364.0000000000
9777 365.0000000000
9778 366.0000000000
9779 367.0000000000
9984 370.0000000000
9987 371.0000000000
9988 372.0000000000
10155 373.0000000000
10159 374.0000000000
10275 380.0000000000
10332 388.0000000000
10333 392.0000000000
10538 394.0000000000
10539 396.0000000000
10540 397.0000000000
10713 400.0000000000
10714 404.0000000000
11367 407.0000000000
12096 408.0000000000
12100 412.0000000000
12173 413.0000000000
13724 415.0000000000
13729 416.0000000000
13892 417.0000000000
14073 418.0000000000
14103 419.0000000000
14572 420.0000000000
16056 422.0000000000
16061 423.0000000000
16132 424.0000000000
16174 428.0000000000
16177 429.0000000000
18166 431.0000000000
18827 379.0000000000
