run,evaluations,best_so_far
1,22174,294.0
1,22200,297.0
1,22214,297.0
1,22240,307.0
1,22254,307.0
1,22282,307.0
1,22298,307.0
1,22324,309.0
1,22354,309.0
1,22380,319.0
1,22410,319.0
1,22440,321.0
1,22925,321.0
1,22953,321.0
1,22973,323.0
1,22989,323.0
1,23003,323.0
1,23029,323.0
1,23047,323.0
1,23061,323.0
1,23075,323.0
1,23089,323.0
1,23117,323.0
1,23145,323.0
1,23171,323.0
1,23185,323.0
1,23211,323.0
1,23241,323.0
1,23243,323.0
1,23277,325.0
1,23291,325.0
1,23305,343.0
1,23321,343.0
1,23347,349.0
1,23373,349.0
1,23391,349.0
1,23417,349.0
1,23447,349.0
1,23449,349.0
1,23463,349.0
1,23479,349.0
1,23497,349.0
1,23523,350.0
1,23537,350.0
1,23551,350.0
1,23571,350.0
1,23585,350.0
1,23613,350.0
1,23629,350.0
1,23645,350.0
1,23671,350.0
1,23701,350.0
1,23733,350.0
1,23763,360.0
1,23779,360.0
1,23781,360.0
1,23783,360.0
1,23799,360.0
1,23813,360.0
1,23827,360.0
1,23841,360.0
1,23871,360.0
1,23897,360.0
1,23927,360.0
1,23953,360.0
1,23979,360.0
1,23993,360.0
1,24021,360.0
1,24035,360.0
1,24051,360.0
1,24067,360.0
1,24069,360.0
1,24099,360.0
1,24113,360.0
1,24139,360.0
1,24165,360.0
1,24193,360.0
1,24209,360.0
1,24225,360.0
1,24253,360.0
1,24271,360.0
1,24291,360.0
1,24305,360.0
1,24319,360.0
1,24351,360.0
1,24367,360.0
1,24383,360.0
1,24385,360.0
1,24387,360.0
1,24415,360.0
1,24449,360.0
1,24475,364.0
1,24491,364.0
1,24493,364.0
1,24519,364.0
1,24545,364.0
1,24575,364.0
1,24601,364.0
1,24603,364.0
1,24629,371.0
1,24655,371.0
1,24669,371.0
1,24671,371.0
1,24673,371.0
1,24687,373.0
1,24719,373.0
1,24733,373.0
1,24747,373.0
1,24775,373.0
1,24805,373.0
1,24807,373.0
1,24809,373.0
1,24825,373.0
1,24839,373.0
1,24873,373.0
1,24875,373.0
1,24907,373.0
1,24921,373.0
1,24923,373.0
1,24955,373.0
1,24983,373.0
1,24999,373.0
1,25017,373.0
1,25019,373.0
1,25033,373.0
1,25049,373.0
1,25063,373.0
1,25091,373.0
1,25123,373.0
1,25137,373.0
1,25165,373.0
1,25193,377.0
1,25209,377.0
1,25223,377.0
1,25239,377.0
1,25241,377.0
1,25255,377.0
1,25269,377.0
1,25285,377.0
1,25299,377.0
1,25313,377.0
1,25327,377.0
1,25341,377.0
1,25367,377.0
1,25381,377.0
1,25395,377.0
1,25411,377.0
1,25439,377.0
1,25441,377.0
1,25469,377.0
1,25471,377.0
1,25487,377.0
1,25505,377.0
1,25521,377.0
1,25535,377.0
1,25563,377.0
1,25577,377.0
1,25591,377.0
1,25605,377.0
1,25607,377.0
1,25621,378.0
1,25635,378.0
1,25651,378.0
1,25677,378.0
1,25691,378.0
1,25709,378.0
1,25737,378.0
1,25763,378.0
1,25791,378.0
1,25807,378.0
1,25827,378.0
1,25851,378.0
1,25853,378.0
1,25855,378.0
1,25869,378.0
1,25885,378.0
1,25915,378.0
1,25917,378.0
1,25933,378.0
1,25935,378.0
1,25949,378.0
1,25975,378.0
1,25989,378.0
1,26019,378.0
1,26035,378.0
1,26051,378.0
1,26069,378.0
1,26085,378.0
1,26099,378.0
1,26125,378.0
1,26151,387.0
1,26181,387.0
1,26201,387.0
1,26215,387.0
1,26217,387.0
1,26249,387.0
1,26265,387.0
1,26293,387.0
1,26309,387.0
1,26327,387.0
1,26343,387.0
1,26369,395.0
1,26395,395.0
1,26397,395.0
1,26423,395.0
1,26449,395.0
1,26463,395.0
1,26479,395.0
1,26495,395.0
1,26511,395.0
1,26537,402.0
1,26553,402.0
1,26555,402.0
1,26569,402.0
1,26583,402.0
1,26597,402.0
1,26613,402.0
1,26639,402.0
1,26641,402.0
1,26655,402.0
1,26657,402.0
1,26671,402.0
1,26673,402.0
1,26699,402.0
1,26713,402.0
1,26727,402.0
1,26741,402.0
1,26757,402.0
1,26785,402.0
1,26799,402.0
1,26813,402.0
1,26845,402.0
1,26873,402.0
1,26901,402.0
1,26927,402.0
1,26943,402.0
1,26959,402.0
1,26987,402.0
1,27015,402.0
1,27045,402.0
1,27059,402.0
1,27087,402.0
1,27103,402.0
1,27117,402.0
1,27143,402.0
1,27169,402.0
1,27171,402.0
1,27187,402.0
1,27219,402.0
1,27233,402.0
1,27249,402.0
1,27251,402.0
1,27279,402.0
1,27295,402.0
1,27323,402.0
1,27325,402.0
1,27351,402.0
1,27365,402.0
1,27391,402.0
1,27417,402.0
1,27431,402.0
1,27463,402.0
1,27477,402.0
1,27497,402.0
1,27513,402.0
1,27527,402.0
1,27529,402.0
1,27557,402.0
1,27559,402.0
1,27573,402.0
1,27575,402.0
1,27589,402.0
1,27621,402.0
1,27623,402.0
1,27651,407.0
1,27667,407.0
1,27697,407.0
1,27699,407.0
1,27717,407.0
1,27745,407.0
1,27761,407.0
1,27795,407.0
1,27797,407.0
1,27823,407.0
1,27837,407.0
1,27867,407.0
1,27885,407.0
1,27899,407.0
1,27927,407.0
1,27953,407.0
1,27985,407.0
1,28013,407.0
1,28041,407.0
1,28055,407.0
1,28085,407.0
1,28099,407.0
1,28129,407.0
1,28143,407.0
1,28171,407.0
1,28187,407.0
1,28201,407.0
1,28215,407.0
1,28241,407.0
1,28255,407.0
1,28285,407.0
1,28299,407.0
1,28325,407.0
1,28359,407.0
1,28373,407.0
1,28387,407.0
1,28405,407.0
1,28423,407.0
1,28449,407.0
1,28463,407.0
1,28497,407.0
1,28511,407.0
1,28539,407.0
1,28553,407.0
1,28555,407.0
1,28583,407.0
1,28609,407.0
1,28643,407.0
1,28675,407.0
1,28701,407.0
1,28727,407.0
1,28757,407.0
1,28787,407.0
1,28789,407.0
1,28803,407.0
1,28833,407.0
1,28847,407.0
1,28861,407.0
1,28875,407.0
1,28903,407.0
1,28931,407.0
1,28947,407.0
1,28963,407.0
1,28977,407.0
1,29005,407.0
1,29019,407.0
1,29021,407.0
1,29047,407.0
1,29063,407.0
1,29065,407.0
1,29083,407.0
1,29085,407.0
1,29115,407.0
1,29129,407.0
1,29143,407.0
1,29157,407.0
1,29187,407.0
1,29203,407.0
1,29219,407.0
1,29247,407.0
1,29249,407.0
1,29263,407.0
1,29277,407.0
1,29293,407.0
1,29315,407.0
1,29329,407.0
1,29363,407.0
1,29365,407.0
1,29393,407.0
1,29423,407.0
1,29437,407.0
1,29451,407.0
1,29453,407.0
1,29481,407.0
1,29511,407.0
1,29525,416.0
1,29541,416.0
1,29555,416.0
1,29583,416.0
1,29597,416.0
1,29599,416.0
1,29613,416.0
1,29639,416.0
1,29669,416.0
1,29697,416.0
1,29711,416.0
1,29737,416.0
1,29751,416.0
1,29765,416.0
1,29767,416.0
1,29769,416.0
1,29783,416.0
1,29785,416.0
1,29815,416.0
1,29829,416.0
1,29855,416.0
1,29869,416.0
1,29885,416.0
1,29887,416.0
1,29903,416.0
1,29929,416.0
1,29945,416.0
1,29947,416.0
1,29963,416.0
1,29965,416.0
1,29995,416.0
1,30009,416.0
1,30023,416.0
1,30051,416.0
1,30079,416.0
1,30107,416.0
1,30135,416.0
1,30137,416.0
1,30151,416.0
1,30165,416.0
1,30181,416.0
1,30195,416.0
1,30221,416.0
1,30235,416.0
1,30249,416.0
1,30263,416.0
1,30281,416.0
1,30307,416.0
1,30335,416.0
1,30349,416.0
1,30363,416.0
1,30377,416.0
1,30405,416.0
1,30421,416.0
1,30447,416.0
1,30461,416.0
1,30475,416.0
1,30477,416.0
1,30495,416.0
1,30525,416.0
1,30545,416.0
1,30561,416.0
1,30587,416.0
1,30601,416.0
1,30615,416.0
1,30631,416.0
1,30633,416.0
1,30647,416.0
1,30661,416.0
1,30691,416.0
1,30707,416.0
1,30709,416.0
1,30723,416.0
1,30749,416.0
1,30751,416.0
1,30783,416.0
1,30797,416.0
1,30813,416.0
1,30841,416.0
1,30869,416.0
1,30901,416.0
1,30927,416.0
1,30941,416.0
1,30955,416.0
1,30981,416.0
1,30995,416.0
1,30997,416.0
1,30999,416.0
1,31013,416.0
1,31027,416.0
1,31029,416.0
1,31031,416.0
1,31045,416.0
1,31061,416.0
1,31087,416.0
1,31101,416.0
1,31117,416.0
1,31133,416.0
1,31163,416.0
1,31179,416.0
1,31209,416.0
1,31223,416.0
1,31239,416.0
1,31253,416.0
1,31269,416.0
1,31285,416.0
1,31305,416.0
1,31307,416.0
1,31323,416.0
1,31325,416.0
1,31355,416.0
1,31371,416.0
1,31373,416.0
1,31409,416.0
1,31437,416.0
1,31451,416.0
1,31477,416.0
1,31507,416.0
1,31535,416.0
1,31537,416.0
1,31553,416.0
1,31579,416.0
1,31593,416.0
1,31607,416.0
1,31639,416.0
1,31657,416.0
1,31683,416.0
1,31711,416.0
1,31727,416.0
1,31757,416.0
1,31759,416.0
1,31773,416.0
1,31789,416.0
1,31817,416.0
1,31845,416.0
1,31859,416.0
1,31887,416.0
1,31903,416.0
1,31929,416.0
1,31957,416.0
1,31971,416.0
1,32001,416.0
1,32017,416.0
1,32031,416.0
1,32057,416.0
1,32083,416.0
1,32097,416.0
1,32111,416.0
1,32113,416.0
1,32139,416.0
1,32165,416.0
1,32179,416.0
2,21938,303.0
2,21954,303.0
2,21982,303.0
2,22445,303.0
2,22475,303.0
2,22503,303.0
2,22531,315.0
2,22533,315.0
2,22547,315.0
2,22577,315.0
2,22603,315.0
2,22617,315.0
2,22645,315.0
2,22675,318.0
2,22705,318.0
2,22719,318.0
2,22749,318.0
2,22767,318.0
2,22795,323.0
2,22797,323.0
2,22811,323.0
2,22827,323.0
2,22855,323.0
2,22869,323.0
2,22883,323.0
2,22899,323.0
2,22913,326.0
2,22915,326.0
2,22917,326.0
2,22933,326.0
2,22961,326.0
2,22987,326.0
2,23015,326.0
2,23035,326.0
2,23049,326.0
2,23075,326.0
2,23091,326.0
2,23105,326.0
2,23121,326.0
2,23135,327.0
2,23149,327.0
2,23165,327.0
2,23179,327.0
2,23207,327.0
2,23209,327.0
2,23239,327.0
2,23267,328.0
2,23285,328.0
2,23313,328.0
2,23339,346.0
2,23365,346.0
2,23395,346.0
2,23397,346.0
2,23411,346.0
2,23425,346.0
2,23439,355.0
2,23453,355.0
2,23455,355.0
2,23469,355.0
2,23495,355.0
2,23523,355.0
2,23551,355.0
2,23577,355.0
2,23603,367.0
2,23619,367.0
2,23635,367.0
2,23661,367.0
2,23675,367.0
2,23689,367.0
2,23707,367.0
2,23737,367.0
2,23767,367.0
2,23795,367.0
2,23809,367.0
2,23839,367.0
2,23867,367.0
2,23883,367.0
2,23897,367.0
2,23915,367.0
2,23917,367.0
2,23945,367.0
2,23959,367.0
2,23961,367.0
2,23963,367.0
2,23993,367.0
2,24007,367.0
2,24023,367.0
2,24053,367.0
2,24085,367.0
2,24087,367.0
2,24113,367.0
2,24129,367.0
2,24143,367.0
2,24159,375.0
2,24173,375.0
2,24189,375.0
2,24205,375.0
2,24207,375.0
2,24237,375.0
2,24269,375.0
2,24297,375.0
2,24325,375.0
2,24327,375.0
2,24341,375.0
2,24355,375.0
2,24381,375.0
2,24407,381.0
2,24409,381.0
2,24423,381.0
2,24437,381.0
2,24453,381.0
2,24455,381.0
2,24471,381.0
2,24503,381.0
2,24529,381.0
2,24559,381.0
2,24573,381.0
2,24601,381.0
2,24633,381.0
2,24661,381.0
2,24675,381.0
2,24691,381.0
2,24705,381.0
2,24719,381.0
2,24737,381.0
2,24751,384.0
2,24765,384.0
2,24781,384.0
2,24807,384.0
2,24833,384.0
2,24855,384.0
2,24869,384.0
2,24883,384.0
2,24899,384.0
2,24929,384.0
2,24945,384.0
2,24971,386.0
2,24997,386.0
2,25011,386.0
2,25037,386.0
2,25063,386.0
2,25089,386.0
2,25115,390.0
2,25131,390.0
2,25159,390.0
2,25173,390.0
2,25191,390.0
2,25219,390.0
2,25249,390.0
2,25265,390.0
2,25291,390.0
2,25307,390.0
2,25335,390.0
2,25351,390.0
2,25367,390.0
2,25395,390.0
2,25409,390.0
2,25423,390.0
2,25451,390.0
2,25467,390.0
2,25493,390.0
2,25511,390.0
2,25543,390.0
2,25573,390.0
2,25575,390.0
2,25591,390.0
2,25607,390.0
2,25621,390.0
2,25647,390.0
2,25677,390.0
2,25703,390.0
2,25729,390.0
2,25743,390.0
2,25771,390.0
2,25799,390.0
2,25825,395.0
2,25841,395.0
2,25871,395.0
2,25885,395.0
2,25903,395.0
2,25905,395.0
2,25919,395.0
2,25947,395.0
2,25961,395.0
2,25975,395.0
2,25977,395.0
2,26003,395.0
2,26017,395.0
2,26043,400.0
2,26071,400.0
2,26085,400.0
2,26101,400.0
2,26119,400.0
2,26121,400.0
2,26135,400.0
2,26137,400.0
2,26139,400.0
2,26165,400.0
2,26179,400.0
2,26207,400.0
2,26221,400.0
2,26235,400.0
2,26237,400.0
2,26265,400.0
2,26291,400.0
2,26305,400.0
2,26325,400.0
2,26327,400.0
2,26355,402.0
2,26369,402.0
2,26399,402.0
2,26413,402.0
2,26443,402.0
2,26445,402.0
2,26471,402.0
2,26485,402.0
2,26519,402.0
2,26533,402.0
2,26549,402.0
2,26567,402.0
2,26581,402.0
2,26583,402.0
2,26609,402.0
2,26625,402.0
2,26627,402.0
2,26641,402.0
2,26661,402.0
2,26683,402.0
2,26697,402.0
2,26711,402.0
2,26725,402.0
2,26741,402.0
2,26769,402.0
2,26783,402.0
2,26785,402.0
2,26811,402.0
2,26827,402.0
2,26843,402.0
2,26857,402.0
2,26859,402.0
2,26887,402.0
2,26901,402.0
2,26903,402.0
2,26905,402.0
2,26919,402.0
2,26933,402.0
2,26959,402.0
2,26987,402.0
2,27013,402.0
2,27033,402.0
2,27061,402.0
2,27063,402.0
2,27079,402.0
2,27105,402.0
2,27141,402.0
2,27169,402.0
2,27183,402.0
2,27185,402.0
2,27213,402.0
2,27215,402.0
2,27241,402.0
2,27273,402.0
2,27291,402.0
2,27319,402.0
2,27335,402.0
2,27349,402.0
2,27363,402.0
2,27377,402.0
2,27391,402.0
2,27423,402.0
2,27425,402.0
2,27453,402.0
2,27467,402.0
2,27483,402.0
2,27499,402.0
2,27513,402.0
2,27515,402.0
2,27545,402.0
2,27571,402.0
2,27599,402.0
2,27613,402.0
2,27629,402.0
2,27657,402.0
2,27683,402.0
2,27697,402.0
2,27725,402.0
2,27743,402.0
2,27745,402.0
2,27773,402.0
2,27801,402.0
2,27815,402.0
2,27829,402.0
2,27831,402.0
2,27857,402.0
2,27887,402.0
2,27917,402.0
2,27937,402.0
2,27939,402.0
2,27957,402.0
2,27983,404.0
2,27999,404.0
2,28031,404.0
2,28059,412.0
2,28073,412.0
2,28087,412.0
2,28089,412.0
2,28117,412.0
2,28119,412.0
2,28149,412.0
2,28167,412.0
2,28197,412.0
2,28213,412.0
2,28227,412.0
2,28253,412.0
2,28255,412.0
2,28257,412.0
2,28271,412.0
2,28287,412.0
2,28315,412.0
2,28329,412.0
2,28343,412.0
2,28357,412.0
2,28385,412.0
2,28415,412.0
2,28429,412.0
2,28457,412.0
2,28485,412.0
2,28511,412.0
2,28513,412.0
2,28539,412.0
2,28553,412.0
2,28581,412.0
2,28595,412.0
2,28611,412.0
2,28613,412.0
2,28627,412.0
2,28641,412.0
2,28657,412.0
2,28659,412.0
2,28661,412.0
2,28687,412.0
2,28689,412.0
2,28705,412.0
2,28707,412.0
2,28723,412.0
2,28739,412.0
2,28767,412.0
2,28793,412.0
2,28807,412.0
2,28809,412.0
2,28835,412.0
2,28849,412.0
2,28875,412.0
2,28889,421.0
2,28905,421.0
2,28933,421.0
2,28959,421.0
2,28973,421.0
2,28987,421.0
2,29005,421.0
2,29039,421.0
2,29067,421.0
2,29095,421.0
2,29097,421.0
2,29123,421.0
2,29149,421.0
2,29163,421.0
2,29195,421.0
2,29209,421.0
2,29225,421.0
2,29241,421.0
2,29271,421.0
2,29273,421.0
2,29301,421.0
2,29327,421.0
2,29341,421.0
2,29357,421.0
2,29373,421.0
2,29401,421.0
2,29403,421.0
2,29405,421.0
2,29419,421.0
2,29447,421.0
2,29475,421.0
2,29501,421.0
2,29503,421.0
2,29531,421.0
2,29549,421.0
2,29565,421.0
2,29579,421.0
2,29595,421.0
2,29597,421.0
2,29599,421.0
2,29615,421.0
2,29629,421.0
2,29631,421.0
2,29657,421.0
2,29689,421.0
2,29703,421.0
2,29721,421.0
2,29723,421.0
2,29737,421.0
2,29751,421.0
2,29765,421.0
2,29779,421.0
2,29795,421.0
2,29809,421.0
2,29827,421.0
2,29843,421.0
2,29863,421.0
2,29879,421.0
2,29893,421.0
2,29895,421.0
2,29913,421.0
2,29927,421.0
2,29929,421.0
2,29955,421.0
2,29985,421.0
2,30001,421.0
2,30015,421.0
2,30047,421.0
2,30049,421.0
2,30051,421.0
2,30067,421.0
2,30081,421.0
2,30095,421.0
2,30113,421.0
2,30115,421.0
2,30131,421.0
2,30147,421.0
2,30163,421.0
2,30189,421.0
2,30215,421.0
2,30229,421.0
2,30231,421.0
2,30245,421.0
2,30281,421.0
2,30295,421.0
2,30297,421.0
2,30313,421.0
2,30329,421.0
2,30359,421.0
2,30391,421.0
2,30393,421.0
2,30407,421.0
2,30435,421.0
2,30437,421.0
2,30453,421.0
2,30485,421.0
2,30519,421.0
2,30535,421.0
2,30563,421.0
2,30577,421.0
2,30591,421.0
2,30609,421.0
2,30625,421.0
2,30627,421.0
2,30641,421.0
2,30655,421.0
2,30669,421.0
2,30685,421.0
2,30701,421.0
2,30727,421.0
2,30729,421.0
2,30731,421.0
2,30733,421.0
2,30747,421.0
2,30773,421.0
2,30801,421.0
2,30803,421.0
2,30805,421.0
2,30819,421.0
2,30849,421.0
2,30877,421.0
2,30893,421.0
2,30911,421.0
2,30927,421.0
2,30953,421.0
2,30971,421.0
2,30985,421.0
2,30987,421.0
2,31015,421.0
2,31045,421.0
2,31063,421.0
2,31081,421.0
2,31097,421.0
2,31099,421.0
2,31115,421.0
2,31117,421.0
2,31145,421.0
2,31159,421.0
2,31187,421.0
2,31201,421.0
2,31215,421.0
2,31229,421.0
2,31257,421.0
2,31287,421.0
2,31315,421.0
2,31341,421.0
2,31355,421.0
2,31385,421.0
2,31399,421.0
2,31415,421.0
2,31443,421.0
2,31473,421.0
2,31487,421.0
2,31513,421.0
2,31529,421.0
2,31559,421.0
2,31585,421.0
2,31601,421.0
2,31603,421.0
2,31617,421.0
2,31619,421.0
2,31635,421.0
2,31651,421.0
2,31653,421.0
2,31671,421.0
2,31673,421.0
2,31703,421.0
2,31731,421.0
2,31747,421.0
2,31763,421.0
2,31779,421.0
2,31795,421.0
2,31823,421.0
2,31851,421.0
2,31879,421.0
2,31893,421.0
2,31911,421.0
2,31925,421.0
2,31941,421.0
3,22216,288.0
3,22218,288.0
3,22252,288.0
3,22278,316.0
3,22304,316.0
3,22320,316.0
3,22350,316.0
3,22384,316.0
3,22412,316.0
3,22426,316.0
3,22454,316.0
3,22470,316.0
3,22472,316.0
3,22474,316.0
3,22488,316.0
3,22979,316.0
3,22993,316.0
3,23021,316.0
3,23037,316.0
3,23039,316.0
3,23069,316.0
3,23085,319.0
3,23087,319.0
3,23105,319.0
3,23107,319.0
3,23135,319.0
3,23149,319.0
3,23163,342.0
3,23165,342.0
3,23193,342.0
3,23221,342.0
3,23235,342.0
3,23249,342.0
3,23269,342.0
3,23295,342.0
3,23309,342.0
3,23311,344.0
3,23313,344.0
3,23343,344.0
3,23369,344.0
3,23397,344.0
3,23425,344.0
3,23441,344.0
3,23471,344.0
3,23473,344.0
3,23503,344.0
3,23519,344.0
3,23545,344.0
3,23567,344.0
3,23569,344.0
3,23587,344.0
3,23601,344.0
3,23617,344.0
3,23633,351.0
3,23659,351.0
3,23687,351.0
3,23719,351.0
3,23747,351.0
3,23763,351.0
3,23777,351.0
3,23793,351.0
3,23795,351.0
3,23815,351.0
3,23841,351.0
3,23869,351.0
3,23871,351.0
3,23885,351.0
3,23901,351.0
3,23929,351.0
3,23943,351.0
3,23957,351.0
3,23959,351.0
3,23961,351.0
3,23975,351.0
3,24003,351.0
3,24021,351.0
3,24037,351.0
3,24039,351.0
3,24053,351.0
3,24089,351.0
3,24107,351.0
3,24109,351.0
3,24127,351.0
3,24155,351.0
3,24157,351.0
3,24159,351.0
3,24185,351.0
3,24201,351.0
3,24215,351.0
3,24241,351.0
3,24269,351.0
3,24283,351.0
3,24301,351.0
3,24321,351.0
3,24323,351.0
3,24325,351.0
3,24355,351.0
3,24357,351.0
3,24371,351.0
3,24401,351.0
3,24431,357.0
3,24461,357.0
3,24475,357.0
3,24477,357.0
3,24503,357.0
3,24517,357.0
3,24531,357.0
3,24545,357.0
3,24573,357.0
3,24603,357.0
3,24617,357.0
3,24633,357.0
3,24635,357.0
3,24663,357.0
3,24677,357.0
3,24691,357.0
3,24717,357.0
3,24731,357.0
3,24757,357.0
3,24773,357.0
3,24805,357.0
3,24807,357.0
3,24833,357.0
3,24859,357.0
3,24873,357.0
3,24899,357.0
3,24913,357.0
3,24927,357.0
3,24941,357.0
3,24967,357.0
3,24995,359.0
3,25009,359.0
3,25023,359.0
3,25051,359.0
3,25065,362.0
3,25083,362.0
3,25109,362.0
3,25123,362.0
3,25153,366.0
3,25167,366.0
3,25187,366.0
3,25201,376.0
3,25217,376.0
3,25235,376.0
3,25251,376.0
3,25281,376.0
3,25297,376.0
3,25299,376.0
3,25313,376.0
3,25347,376.0
3,25365,376.0
3,25379,376.0
3,25393,376.0
3,25409,376.0
3,25437,376.0
3,25453,376.0
3,25479,376.0
3,25505,376.0
3,25531,376.0
3,25547,376.0
3,25561,376.0
3,25575,376.0
3,25577,376.0
3,25591,376.0
3,25593,376.0
3,25595,376.0
3,25623,377.0
3,25649,377.0
3,25651,377.0
3,25653,377.0
3,25679,379.0
3,25707,379.0
3,25737,379.0
3,25751,379.0
3,25777,379.0
3,25793,379.0
3,25807,379.0
3,25809,379.0
3,25835,379.0
3,25861,379.0
3,25887,391.0
3,25901,391.0
3,25929,391.0
3,25947,391.0
3,25979,391.0
3,26005,391.0
3,26019,391.0
3,26033,391.0
3,26061,391.0
3,26075,391.0
3,26103,391.0
3,26119,391.0
3,26121,391.0
3,26137,391.0
3,26153,391.0
3,26167,391.0
3,26181,391.0
3,26183,391.0
3,26201,391.0
3,26233,391.0
3,26235,391.0
3,26267,391.0
3,26269,391.0
3,26295,391.0
3,26309,391.0
3,26323,391.0
3,26349,391.0
3,26381,391.0
3,26397,391.0
3,26423,394.0
3,26425,394.0
3,26441,399.0
3,26467,399.0
3,26497,399.0
3,26499,399.0
3,26519,399.0
3,26535,399.0
3,26561,399.0
3,26587,399.0
3,26615,399.0
3,26629,399.0
3,26643,405.0
3,26657,405.0
3,26683,409.0
3,26697,409.0
3,26717,409.0
3,26731,409.0
3,26759,409.0
3,26787,409.0
3,26789,409.0
3,26817,409.0
3,26831,409.0
3,26847,409.0
3,26849,409.0
3,26877,409.0
3,26891,409.0
3,26905,409.0
3,26907,409.0
3,26909,409.0
3,26927,409.0
3,26941,409.0
3,26955,409.0
3,26971,409.0
3,26997,409.0
3,27025,409.0
3,27027,409.0
3,27043,409.0
3,27057,409.0
3,27073,409.0
3,27089,409.0
3,27091,409.0
3,27119,409.0
3,27147,409.0
3,27149,409.0
3,27163,409.0
3,27165,409.0
3,27195,409.0
3,27211,409.0
3,27213,409.0
3,27239,409.0
3,27265,409.0
3,27279,409.0
3,27307,409.0
3,27333,409.0
3,27361,409.0
3,27375,409.0
3,27403,409.0
3,27431,409.0
3,27447,409.0
3,27461,409.0
3,27487,409.0
3,27517,409.0
3,27545,409.0
3,27559,409.0
3,27573,409.0
3,27589,409.0
3,27619,409.0
3,27649,409.0
3,27679,409.0
3,27707,409.0
3,27733,409.0
3,27765,409.0
3,27779,409.0
3,27793,409.0
3,27821,409.0
3,27849,410.0
3,27865,410.0
3,27883,410.0
3,27911,410.0
3,27927,410.0
3,27941,410.0
3,27959,410.0
3,27977,410.0
3,28003,410.0
3,28031,410.0
3,28033,410.0
3,28047,410.0
3,28063,410.0
3,28065,410.0
3,28093,410.0
3,28119,410.0
3,28145,410.0
3,28171,410.0
3,28185,410.0
3,28199,410.0
3,28227,410.0
3,28257,410.0
3,28271,410.0
3,28301,410.0
3,28333,410.0
3,28335,410.0
3,28365,410.0
3,28367,410.0
3,28397,410.0
3,28425,410.0
3,28461,410.0
3,28475,410.0
3,28503,410.0
3,28517,410.0
3,28545,410.0
3,28575,410.0
3,28601,412.0
3,28615,412.0
3,28645,412.0
3,28677,412.0
3,28703,412.0
3,28717,412.0
3,28733,412.0
3,28735,412.0
3,28737,412.0
3,28765,412.0
3,28793,412.0
3,28821,412.0
3,28837,412.0
3,28857,412.0
3,28883,412.0
3,28909,412.0
3,28935,412.0
3,28961,412.0
3,28987,412.0
3,29013,412.0
3,29027,412.0
3,29043,412.0
3,29057,412.0
3,29087,412.0
3,29115,412.0
3,29147,412.0
3,29177,412.0
3,29193,412.0
3,29207,412.0
3,29223,412.0
3,29239,412.0
3,29241,412.0
3,29269,412.0
3,29283,412.0
3,29297,412.0
3,29311,412.0
3,29331,412.0
3,29345,412.0
3,29359,412.0
3,29373,412.0
3,29389,412.0
3,29403,412.0
3,29419,412.0
3,29433,412.0
3,29449,412.0
3,29477,412.0
3,29491,412.0
3,29507,412.0
3,29535,412.0
3,29563,412.0
3,29565,412.0
3,29579,412.0
3,29581,412.0
3,29597,412.0
3,29613,412.0
3,29615,412.0
3,29641,412.0
3,29643,412.0
3,29659,412.0
3,29661,412.0
3,29691,412.0
3,29707,412.0
3,29733,412.0
3,29761,412.0
3,29793,412.0
3,29819,412.0
3,29839,412.0
3,29867,412.0
3,29887,412.0
3,29901,412.0
3,29903,412.0
3,29929,412.0
3,29955,412.0
3,29957,412.0
3,29985,412.0
3,30011,412.0
3,30025,412.0
3,30039,412.0
3,30067,412.0
3,30081,412.0
3,30109,412.0
3,30137,412.0
3,30157,412.0
3,30171,412.0
3,30173,412.0
3,30175,412.0
3,30201,412.0
3,30229,412.0
3,30231,412.0
3,30263,412.0
3,30291,412.0
3,30317,412.0
3,30319,412.0
3,30333,412.0
3,30359,412.0
3,30373,412.0
3,30387,412.0
3,30403,412.0
3,30431,412.0
3,30445,412.0
3,30459,412.0
3,30473,412.0
3,30489,412.0
3,30491,412.0
3,30517,412.0
3,30531,412.0
3,30561,412.0
3,30575,412.0
3,30591,412.0
3,30617,412.0
3,30619,412.0
3,30633,412.0
3,30661,412.0
3,30675,412.0
3,30689,412.0
3,30705,412.0
3,30721,412.0
3,30755,412.0
3,30771,412.0
3,30789,412.0
3,30817,412.0
3,30819,412.0
3,30839,412.0
3,30857,412.0
3,30873,412.0
3,30887,412.0
3,30903,412.0
3,30931,412.0
3,30959,412.0
3,30973,412.0
3,30987,412.0
3,31001,412.0
3,31029,412.0
3,31031,412.0
3,31061,412.0
3,31063,412.0
3,31077,412.0
3,31091,412.0
3,31105,412.0
3,31121,412.0
3,31147,412.0
3,31175,412.0
3,31191,412.0
3,31217,412.0
3,31245,412.0
3,31247,412.0
3,31275,412.0
3,31303,412.0
3,31305,412.0
3,31333,412.0
3,31349,412.0
3,31377,412.0
3,31395,412.0
3,31411,412.0
3,31437,412.0
3,31453,412.0
3,31481,412.0
3,31509,412.0
3,31523,412.0
3,31525,412.0
3,31553,419.0
3,31567,419.0
3,31599,419.0
3,31601,419.0
3,31617,419.0
3,31619,419.0
3,31635,419.0
3,31667,419.0
3,31695,419.0
3,31721,419.0
3,31737,419.0
3,31765,419.0
3,31783,419.0
3,31785,419.0
3,31801,419.0
3,31815,419.0
3,31841,419.0
3,31855,419.0
3,31857,419.0
3,31885,419.0
3,31899,419.0
3,31931,419.0
3,31945,419.0
3,31971,419.0
3,31985,419.0
3,31999,419.0
3,32017,419.0
3,32019,419.0
3,32045,419.0
3,32071,419.0
3,32097,419.0
3,32125,419.0
3,32139,419.0
3,32153,419.0
3,32183,419.0
3,32201,419.0
3,32229,419.0
4,21912,286.0
4,21946,286.0
4,21962,286.0
4,22403,307.0
4,22405,307.0
4,22421,307.0
4,22435,307.0
4,22461,307.0
4,22475,312.0
4,22477,312.0
4,22491,312.0
4,22517,312.0
4,22531,321.0
4,22557,321.0
4,22571,321.0
4,22587,321.0
4,22613,321.0
4,22641,321.0
4,22669,328.0
4,22687,328.0
4,22715,328.0
4,22741,328.0
4,22757,328.0
4,22759,328.0
4,22775,328.0
4,22805,328.0
4,22833,333.0
4,22847,333.0
4,22873,333.0
4,22901,333.0
4,22917,333.0
4,22933,333.0
4,22959,333.0
4,22989,333.0
4,22991,333.0
4,23009,333.0
4,23025,333.0
4,23051,333.0
4,23077,333.0
4,23097,333.0
4,23123,333.0
4,23125,333.0
4,23127,333.0
4,23153,333.0
4,23155,333.0
4,23181,333.0
4,23195,349.0
4,23225,349.0
4,23239,349.0
4,23241,349.0
4,23259,349.0
4,23287,349.0
4,23313,349.0
4,23343,349.0
4,23357,349.0
4,23371,349.0
4,23399,349.0
4,23413,363.0
4,23441,363.0
4,23455,363.0
4,23471,363.0
4,23473,363.0
4,23501,380.0
4,23537,380.0
4,23551,380.0
4,23577,380.0
4,23579,380.0
4,23581,380.0
4,23607,380.0
4,23637,380.0
4,23665,380.0
4,23679,380.0
4,23707,380.0
4,23735,380.0
4,23751,380.0
4,23765,380.0
4,23783,380.0
4,23811,380.0
4,23829,380.0
4,23831,380.0
4,23863,380.0
4,23891,380.0
4,23905,380.0
4,23921,380.0
4,23937,380.0
4,23967,380.0
4,23995,380.0
4,23997,380.0
4,24017,380.0
4,24019,380.0
4,24033,380.0
4,24059,380.0
4,24073,380.0
4,24075,380.0
4,24089,380.0
4,24103,380.0
4,24123,380.0
4,24139,380.0
4,24141,380.0
4,24167,380.0
4,24199,380.0
4,24231,380.0
4,24261,380.0
4,24275,380.0
4,24277,380.0
4,24291,380.0
4,24305,380.0
4,24321,380.0
4,24335,380.0
4,24353,380.0
4,24383,380.0
4,24397,380.0
4,24399,380.0
4,24425,380.0
4,24453,380.0
4,24467,380.0
4,24493,380.0
4,24509,380.0
4,24525,380.0
4,24551,380.0
4,24583,380.0
4,24609,380.0
4,24637,380.0
4,24673,380.0
4,24687,380.0
4,24717,380.0
4,24749,380.0
4,24765,380.0
4,24779,380.0
4,24793,380.0
4,24807,380.0
4,24823,380.0
4,24837,380.0
4,24851,380.0
4,24879,380.0
4,24893,380.0
4,24895,380.0
4,24909,380.0
4,24939,380.0
4,24965,380.0
4,24981,380.0
4,24995,380.0
4,25009,380.0
4,25025,380.0
4,25041,380.0
4,25055,380.0
4,25087,380.0
4,25103,380.0
4,25105,380.0
4,25123,380.0
4,25137,380.0
4,25139,380.0
4,25167,380.0
4,25181,380.0
4,25209,395.0
4,25225,395.0
4,25227,395.0
4,25229,395.0
4,25257,395.0
4,25271,395.0
4,25273,395.0
4,25287,395.0
4,25301,395.0
4,25317,395.0
4,25331,395.0
4,25345,395.0
4,25347,395.0
4,25361,395.0
4,25363,395.0
4,25365,395.0
4,25381,395.0
4,25395,395.0
4,25411,395.0
4,25437,395.0
4,25463,399.0
4,25493,399.0
4,25519,399.0
4,25549,399.0
4,25565,399.0
4,25579,399.0
4,25605,399.0
4,25621,399.0
4,25651,404.0
4,25677,404.0
4,25691,404.0
4,25707,404.0
4,25741,404.0
4,25755,404.0
4,25771,404.0
4,25785,404.0
4,25799,404.0
4,25813,404.0
4,25815,404.0
4,25831,404.0
4,25857,404.0
4,25873,404.0
4,25891,404.0
4,25921,404.0
4,25959,404.0
4,25977,404.0
4,26007,404.0
4,26021,404.0
4,26049,404.0
4,26063,404.0
4,26077,404.0
4,26095,404.0
4,26123,404.0
4,26149,404.0
4,26151,404.0
4,26179,404.0
4,26193,404.0
4,26209,404.0
4,26235,404.0
4,26237,404.0
4,26251,404.0
4,26269,404.0
4,26271,404.0
4,26285,404.0
4,26311,404.0
4,26325,404.0
4,26327,404.0
4,26329,404.0
4,26343,404.0
4,26357,404.0
4,26359,404.0
4,26373,404.0
4,26401,404.0
4,26415,404.0
4,26417,404.0
4,26431,404.0
4,26449,404.0
4,26477,404.0
4,26491,409.0
4,26525,409.0
4,26527,409.0
4,26553,409.0
4,26567,409.0
4,26595,409.0
4,26611,409.0
4,26641,409.0
4,26667,409.0
4,26669,409.0
4,26689,409.0
4,26703,409.0
4,26733,409.0
4,26749,409.0
4,26765,409.0
4,26781,409.0
4,26795,409.0
4,26823,409.0
4,26837,409.0
4,26839,409.0
4,26841,409.0
4,26843,409.0
4,26857,409.0
4,26883,409.0
4,26913,409.0
4,26931,409.0
4,26945,409.0
4,26961,409.0
4,26975,409.0
4,27001,409.0
4,27003,409.0
4,27017,409.0
4,27031,409.0
4,27045,409.0
4,27075,409.0
4,27103,409.0
4,27119,409.0
4,27147,409.0
4,27149,409.0
4,27151,409.0
4,27185,409.0
4,27211,409.0
4,27241,409.0
4,27255,409.0
4,27283,409.0
4,27297,409.0
4,27325,409.0
4,27339,409.0
4,27367,409.0
4,27381,409.0
4,27399,409.0
4,27429,409.0
4,27459,409.0
4,27475,409.0
4,27501,409.0
4,27521,409.0
4,27523,409.0
4,27525,409.0
4,27541,409.0
4,27557,409.0
4,27585,409.0
4,27599,409.0
4,27613,409.0
4,27615,409.0
4,27629,409.0
4,27631,409.0
4,27645,409.0
4,27661,409.0
4,27687,409.0
4,27701,409.0
4,27703,409.0
4,27717,409.0
4,27719,409.0
4,27733,409.0
4,27747,409.0
4,27763,409.0
4,27777,409.0
4,27803,409.0
4,27829,409.0
4,27831,409.0
4,27847,409.0
4,27865,409.0
4,27893,409.0
4,27923,409.0
4,27939,409.0
4,27965,409.0
4,27993,409.0
4,28025,409.0
4,28055,409.0
4,28069,409.0
4,28083,409.0
4,28109,409.0
4,28139,409.0
4,28155,409.0
4,28169,409.0
4,28183,409.0
4,28199,409.0
4,28215,409.0
4,28243,409.0
4,28269,409.0
4,28283,409.0
4,28311,409.0
4,28325,409.0
4,28343,409.0
4,28357,409.0
4,28371,409.0
4,28373,409.0
4,28389,409.0
4,28391,409.0
4,28419,409.0
4,28445,409.0
4,28463,409.0
4,28465,409.0
4,28495,409.0
4,28509,409.0
4,28535,409.0
4,28549,409.0
4,28551,409.0
4,28565,411.0
4,28591,411.0
4,28605,411.0
4,28619,411.0
4,28637,411.0
4,28665,411.0
4,28679,411.0
4,28711,411.0
4,28737,411.0
4,28751,411.0
4,28753,411.0
4,28769,411.0
4,28795,416.0
4,28813,416.0
4,28827,416.0
4,28859,416.0
4,28873,416.0
4,28875,416.0
4,28889,416.0
4,28891,416.0
4,28917,416.0
4,28947,416.0
4,28973,416.0
4,28989,416.0
4,29003,416.0
4,29017,416.0
4,29019,416.0
4,29021,416.0
4,29037,416.0
4,29055,416.0
4,29081,416.0
4,29083,416.0
4,29097,416.0
4,29125,416.0
4,29155,416.0
4,29169,416.0
4,29171,416.0
4,29187,416.0
4,29189,416.0
4,29203,417.0
4,29205,417.0
4,29207,417.0
4,29209,417.0
4,29225,417.0
4,29241,417.0
4,29255,417.0
4,29257,417.0
4,29273,417.0
4,29301,417.0
4,29317,417.0
4,29331,417.0
4,29361,417.0
4,29391,417.0
4,29411,417.0
4,29425,417.0
4,29439,417.0
4,29441,417.0
4,29467,417.0
4,29485,417.0
4,29487,417.0
4,29505,417.0
4,29519,417.0
4,29549,417.0
4,29563,417.0
4,29577,417.0
4,29605,417.0
4,29631,417.0
4,29633,417.0
4,29647,417.0
4,29673,417.0
4,29699,417.0
4,29701,417.0
4,29729,417.0
4,29745,417.0
4,29779,417.0
4,29807,417.0
4,29833,417.0
4,29861,417.0
4,29863,417.0
4,29865,417.0
4,29879,417.0
4,29893,417.0
4,29919,417.0
4,29937,417.0
4,29957,417.0
4,29959,417.0
4,29973,417.0
4,29975,417.0
4,29977,417.0
4,30005,417.0
4,30021,417.0
4,30049,417.0
4,30075,417.0
4,30107,417.0
4,30143,417.0
4,30145,417.0
4,30171,417.0
4,30201,417.0
4,30203,417.0
4,30205,417.0
4,30233,417.0
4,30261,417.0
4,30287,417.0
4,30301,417.0
4,30331,417.0
4,30345,417.0
4,30371,417.0
4,30385,417.0
4,30415,417.0
4,30417,417.0
4,30437,417.0
4,30463,417.0
4,30477,417.0
4,30495,417.0
4,30509,417.0
4,30537,417.0
4,30563,417.0
4,30579,417.0
4,30607,417.0
4,30621,417.0
4,30651,417.0
4,30665,417.0
4,30679,417.0
4,30693,417.0
4,30721,417.0
4,30747,417.0
4,30749,417.0
4,30763,417.0
4,30779,417.0
4,30795,417.0
4,30811,417.0
4,30825,417.0
4,30839,417.0
4,30853,419.0
4,30871,419.0
4,30899,419.0
4,30931,419.0
4,30959,419.0
4,30985,419.0
4,31003,419.0
4,31019,419.0
4,31035,419.0
4,31051,419.0
4,31065,419.0
4,31093,419.0
4,31107,419.0
4,31123,419.0
4,31137,419.0
4,31153,419.0
4,31169,419.0
4,31185,419.0
4,31187,419.0
4,31201,419.0
4,31217,419.0
4,31231,419.0
4,31257,419.0
4,31271,419.0
4,31285,419.0
4,31317,419.0
4,31333,419.0
4,31335,419.0
4,31363,419.0
4,31379,419.0
4,31393,419.0
4,31427,419.0
4,31443,419.0
4,31459,419.0
4,31461,419.0
4,31489,419.0
4,31517,419.0
4,31533,419.0
4,31559,419.0
4,31561,419.0
4,31575,419.0
4,31589,419.0
4,31623,419.0
4,31639,419.0
4,31665,419.0
4,31693,419.0
4,31709,419.0
4,31723,419.0
4,31737,419.0
4,31751,419.0
4,31767,419.0
4,31781,419.0
4,31809,419.0
4,31839,419.0
4,31855,419.0
4,31869,419.0
4,31871,419.0
4,31897,419.0
5,22346,305.0
5,22374,305.0
5,22402,305.0
5,22416,305.0
5,22432,305.0
5,22446,306.0
5,22923,306.0
5,22949,330.0
5,22963,330.0
5,22977,330.0
5,22993,330.0
5,23025,330.0
5,23039,330.0
5,23041,330.0
5,23043,330.0
5,23071,330.0
5,23073,330.0
5,23099,330.0
5,23113,330.0
5,23127,330.0
5,23129,330.0
5,23145,330.0
5,23173,330.0
5,23189,330.0
5,23207,330.0
5,23223,330.0
5,23225,330.0
5,23257,330.0
5,23259,330.0
5,23289,330.0
5,23317,330.0
5,23347,330.0
5,23373,355.0
5,23399,355.0
5,23415,355.0
5,23429,355.0
5,23455,355.0
5,23483,355.0
5,23513,355.0
5,23545,355.0
5,23559,355.0
5,23587,355.0
5,23603,355.0
5,23617,355.0
5,23645,355.0
5,23647,355.0
5,23661,355.0
5,23663,355.0
5,23691,355.0
5,23705,355.0
5,23719,355.0
5,23721,355.0
5,23737,355.0
5,23763,355.0
5,23781,355.0
5,23797,355.0
5,23799,355.0
5,23829,355.0
5,23847,355.0
5,23879,355.0
5,23893,355.0
5,23909,355.0
5,23937,355.0
5,23967,355.0
5,23981,355.0
5,24007,355.0
5,24035,355.0
5,24067,355.0
5,24093,355.0
5,24107,355.0
5,24121,355.0
5,24137,355.0
5,24153,355.0
5,24169,355.0
5,24185,355.0
5,24199,355.0
5,24225,355.0
5,24239,355.0
5,24241,355.0
5,24267,355.0
5,24293,355.0
5,24307,363.0
5,24333,363.0
5,24347,363.0
5,24373,370.0
5,24389,370.0
5,24391,370.0
5,24417,370.0
5,24435,370.0
5,24457,370.0
5,24497,370.0
5,24513,370.0
5,24515,370.0
5,24531,370.0
5,24549,370.0
5,24575,370.0
5,24601,370.0
5,24615,370.0
5,24629,370.0
5,24643,370.0
5,24671,370.0
5,24685,370.0
5,24711,370.0
5,24741,370.0
5,24743,370.0
5,24745,370.0
5,24747,370.0
5,24761,370.0
5,24777,370.0
5,24791,370.0
5,24823,370.0
5,24849,370.0
5,24881,370.0
5,24907,370.0
5,24943,370.0
5,24957,370.0
5,24977,370.0
5,25007,370.0
5,25009,370.0
5,25037,370.0
5,25065,370.0
5,25079,370.0
5,25093,370.0
5,25107,370.0
5,25133,382.0
5,25159,382.0
5,25173,382.0
5,25205,382.0
5,25233,382.0
5,25247,382.0
5,25273,382.0
5,25287,382.0
5,25301,382.0
5,25303,382.0
5,25319,382.0
5,25321,382.0
5,25349,382.0
5,25365,382.0
5,25381,382.0
5,25395,382.0
5,25397,382.0
5,25413,382.0
5,25427,382.0
5,25453,382.0
5,25455,382.0
5,25483,382.0
5,25485,382.0
5,25487,382.0
5,25503,382.0
5,25517,382.0
5,25533,382.0
5,25549,382.0
5,25551,382.0
5,25565,382.0
5,25567,382.0
5,25599,382.0
5,25615,382.0
5,25641,382.0
5,25657,382.0
5,25673,382.0
5,25703,382.0
5,25719,382.0
5,25749,382.0
5,25777,382.0
5,25793,382.0
5,25809,382.0
5,25841,382.0
5,25855,382.0
5,25887,382.0
5,25915,382.0
5,25917,382.0
5,25945,382.0
5,25959,382.0
5,25985,382.0
5,26003,382.0
5,26005,382.0
5,26007,382.0
5,26033,382.0
5,26047,382.0
5,26081,382.0
5,26097,382.0
5,26113,382.0
5,26127,382.0
5,26143,382.0
5,26157,382.0
5,26187,382.0
5,26201,382.0
5,26227,382.0
5,26241,382.0
5,26273,382.0
5,26289,382.0
5,26319,382.0
5,26335,382.0
5,26349,382.0
5,26351,382.0
5,26367,382.0
5,26387,382.0
5,26421,382.0
5,26435,382.0
5,26437,382.0
5,26463,382.0
5,26465,382.0
5,26483,382.0
5,26511,382.0
5,26525,382.0
5,26551,382.0
5,26553,382.0
5,26583,382.0
5,26609,382.0
5,26611,382.0
5,26637,382.0
5,26655,382.0
5,26683,382.0
5,26709,382.0
5,26711,382.0
5,26713,382.0
5,26745,382.0
5,26759,382.0
5,26761,382.0
5,26787,382.0
5,26817,382.0
5,26819,382.0
5,26821,382.0
5,26839,382.0
5,26853,382.0
5,26879,382.0
5,26893,382.0
5,26895,382.0
5,26927,382.0
5,26959,382.0
5,26989,382.0
5,27021,382.0
5,27023,382.0
5,27049,382.0
5,27063,403.0
5,27079,403.0
5,27093,403.0
5,27119,403.0
5,27145,403.0
5,27159,403.0
5,27173,403.0
5,27201,403.0
5,27217,403.0
5,27231,403.0
5,27245,403.0
5,27271,403.0
5,27297,403.0
5,27311,403.0
5,27327,403.0
5,27345,403.0
5,27371,403.0
5,27373,403.0
5,27387,403.0
5,27413,403.0
5,27429,403.0
5,27445,403.0
5,27471,403.0
5,27501,403.0
5,27503,403.0
5,27517,403.0
5,27545,403.0
5,27573,403.0
5,27601,403.0
5,27617,403.0
5,27647,403.0
5,27649,403.0
5,27663,403.0
5,27679,403.0
5,27693,403.0
5,27695,403.0
5,27721,403.0
5,27737,403.0
5,27757,403.0
5,27783,403.0
5,27797,403.0
5,27825,403.0
5,27845,403.0
5,27873,403.0
5,27901,403.0
5,27929,403.0
5,27959,403.0
5,27973,403.0
5,27975,403.0
5,27977,403.0
5,28003,403.0
5,28029,403.0
5,28043,403.0
5,28075,403.0
5,28091,403.0
5,28121,403.0
5,28135,403.0
5,28165,403.0
5,28193,403.0
5,28219,403.0
5,28221,403.0
5,28235,403.0
5,28249,403.0
5,28271,403.0
5,28299,403.0
5,28313,403.0
5,28329,403.0
5,28355,403.0
5,28371,403.0
5,28387,403.0
5,28415,403.0
5,28441,403.0
5,28467,403.0
5,28481,403.0
5,28503,403.0
5,28517,403.0
5,28531,403.0
5,28563,403.0
5,28577,403.0
5,28593,403.0
5,28611,403.0
5,28639,403.0
5,28655,403.0
5,28683,403.0
5,28701,403.0
5,28719,403.0
5,28721,403.0
5,28723,403.0
5,28725,403.0
5,28727,403.0
5,28741,403.0
5,28767,403.0
5,28793,403.0
5,28827,403.0
5,28847,403.0
5,28873,403.0
5,28875,403.0
5,28905,403.0
5,28907,403.0
5,28923,403.0
5,28937,403.0
5,28953,403.0
5,28981,403.0
5,29011,403.0
5,29039,403.0
5,29065,403.0
5,29083,403.0
5,29109,403.0
5,29133,403.0
5,29147,408.0
5,29163,408.0
5,29177,408.0
5,29205,408.0
5,29221,408.0
5,29249,408.0
5,29263,408.0
5,29265,408.0
5,29291,408.0
5,29317,408.0
5,29343,408.0
5,29373,410.0
5,29387,410.0
5,29389,410.0
5,29407,410.0
5,29435,410.0
5,29437,410.0
5,29439,410.0
5,29469,410.0
5,29485,410.0
5,29511,410.0
5,29525,410.0
5,29553,410.0
5,29569,410.0
5,29571,410.0
5,29597,410.0
5,29613,410.0
5,29615,410.0
5,29631,410.0
5,29657,410.0
5,29689,410.0
5,29691,410.0
5,29721,410.0
5,29735,410.0
5,29753,410.0
5,29769,410.0
5,29785,410.0
5,29815,410.0
5,29845,410.0
5,29859,410.0
5,29875,410.0
5,29893,410.0
5,29919,410.0
5,29921,410.0
5,29953,410.0
5,29979,410.0
5,30009,410.0
5,30023,410.0
5,30037,410.0
5,30063,410.0
5,30091,410.0
5,30117,410.0
5,30131,410.0
5,30159,410.0
5,30175,410.0
5,30191,410.0
5,30225,410.0
5,30227,410.0
5,30229,410.0
5,30243,410.0
5,30269,410.0
5,30295,410.0
5,30297,410.0
5,30313,410.0
5,30327,410.0
5,30365,410.0
5,30367,410.0
5,30387,410.0
5,30419,410.0
5,30433,410.0
5,30463,410.0
5,30479,410.0
5,30497,410.0
5,30527,410.0
5,30541,410.0
5,30567,410.0
5,30599,410.0
5,30613,410.0
5,30615,410.0
5,30641,410.0
5,30655,410.0
5,30685,410.0
5,30713,410.0
5,30743,410.0
5,30775,410.0
5,30789,410.0
5,30791,410.0
5,30805,410.0
5,30833,410.0
5,30863,410.0
5,30865,410.0
5,30879,410.0
5,30895,410.0
5,30909,410.0
5,30927,410.0
5,30941,410.0
5,30967,410.0
5,30993,410.0
5,31007,410.0
5,31021,410.0
5,31049,410.0
5,31063,410.0
5,31079,410.0
5,31093,410.0
5,31119,410.0
5,31147,410.0
5,31173,411.0
5,31203,411.0
5,31205,411.0
5,31219,411.0
5,31237,411.0
5,31253,411.0
5,31279,411.0
5,31295,411.0
5,31321,411.0
5,31351,411.0
5,31365,411.0
5,31367,411.0
5,31381,411.0
5,31395,411.0
5,31411,411.0
5,31437,411.0
5,31451,411.0
5,31481,411.0
5,31495,411.0
5,31521,411.0
5,31537,411.0
5,31565,411.0
5,31581,411.0
5,31609,411.0
5,31611,411.0
5,31625,411.0
5,31639,411.0
5,31667,411.0
5,31699,411.0
5,31713,411.0
5,31731,411.0
5,31745,411.0
5,31773,411.0
5,31799,411.0
5,31831,411.0
5,31845,411.0
5,31871,411.0
5,31887,411.0
5,31913,411.0
5,31941,411.0
5,31969,411.0
5,31995,411.0
5,32009,412.0
5,32035,412.0
5,32067,412.0
5,32095,412.0
5,32113,412.0
5,32127,412.0
5,32129,412.0
5,32131,412.0
5,32159,412.0
5,32173,412.0
5,32175,412.0
5,32189,413.0
5,32219,413.0
5,32251,413.0
5,32281,413.0
5,32307,413.0
5,32309,413.0
5,32323,413.0
6,22018,325.0
6,22044,325.0
6,22074,325.0
6,22094,325.0
6,22108,325.0
6,22122,325.0
6,22138,325.0
6,22605,325.0
6,22631,325.0
6,22649,325.0
6,22675,325.0
6,22689,325.0
6,22717,325.0
6,22719,325.0
6,22749,325.0
6,22751,325.0
6,22765,325.0
6,22767,325.0
6,22783,325.0
6,22813,325.0
6,22839,325.0
6,22853,325.0
6,22867,334.0
6,22897,334.0
6,22923,334.0
6,22925,334.0
6,22953,334.0
6,22983,334.0
6,22999,334.0
6,23015,334.0
6,23045,334.0
6,23059,334.0
6,23089,334.0
6,23103,334.0
6,23137,334.0
6,23151,334.0
6,23153,334.0
6,23183,334.0
6,23197,334.0
6,23223,334.0
6,23237,334.0
6,23253,339.0
6,23269,339.0
6,23297,360.0
6,23325,360.0
6,23339,360.0
6,23357,360.0
6,23371,360.0
6,23387,360.0
6,23415,360.0
6,23429,360.0
6,23431,360.0
6,23461,360.0
6,23489,360.0
6,23491,360.0
6,23519,360.0
6,23551,360.0
6,23565,360.0
6,23579,360.0
6,23607,360.0
6,23633,360.0
6,23647,360.0
6,23673,360.0
6,23699,373.0
6,23727,373.0
6,23753,373.0
6,23767,373.0
6,23783,373.0
6,23785,373.0
6,23813,373.0
6,23827,373.0
6,23841,373.0
6,23843,373.0
6,23857,373.0
6,23871,373.0
6,23887,373.0
6,23901,373.0
6,23903,373.0
6,23919,373.0
6,23933,373.0
6,23959,373.0
6,23985,373.0
6,23999,373.0
6,24013,373.0
6,24027,373.0
6,24045,373.0
6,24059,373.0
6,24073,373.0
6,24101,373.0
6,24103,373.0
6,24117,373.0
6,24133,373.0
6,24163,373.0
6,24177,373.0
6,24191,373.0
6,24207,373.0
6,24221,373.0
6,24235,373.0
6,24261,373.0
6,24275,373.0
6,24277,373.0
6,24315,373.0
6,24329,373.0
6,24359,373.0
6,24385,374.0
6,24399,375.0
6,24413,375.0
6,24415,375.0
6,24429,375.0
6,24457,375.0
6,24459,375.0
6,24487,375.0
6,24501,375.0
6,24529,375.0
6,24531,375.0
6,24547,375.0
6,24581,375.0
6,24595,375.0
6,24609,375.0
6,24623,375.0
6,24637,375.0
6,24665,375.0
6,24667,375.0
6,24681,375.0
6,24695,375.0
6,24721,375.0
6,24755,375.0
6,24769,377.0
6,24783,377.0
6,24799,377.0
6,24815,377.0
6,24829,377.0
6,24859,377.0
6,24875,377.0
6,24891,377.0
6,24917,377.0
6,24931,377.0
6,24959,377.0
6,24989,377.0
6,25017,377.0
6,25047,377.0
6,25049,377.0
6,25065,377.0
6,25081,377.0
6,25095,377.0
6,25109,377.0
6,25137,394.0
6,25151,394.0
6,25177,394.0
6,25193,394.0
6,25221,394.0
6,25241,394.0
6,25243,394.0
6,25245,394.0
6,25259,394.0
6,25295,394.0
6,25297,394.0
6,25329,399.0
6,25343,399.0
6,25359,399.0
6,25377,399.0
6,25391,399.0
6,25405,399.0
6,25433,399.0
6,25449,399.0
6,25477,399.0
6,25503,399.0
6,25521,399.0
6,25535,399.0
6,25549,399.0
6,25565,399.0
6,25579,399.0
6,25581,399.0
6,25583,399.0
6,25599,399.0
6,25613,407.0
6,25629,407.0
6,25661,407.0
6,25689,407.0
6,25709,407.0
6,25723,407.0
6,25737,407.0
6,25751,407.0
6,25753,407.0
6,25767,407.0
6,25785,407.0
6,25787,407.0
6,25817,407.0
6,25819,407.0
6,25821,407.0
6,25847,407.0
6,25861,407.0
6,25889,407.0
6,25917,407.0
6,25935,407.0
6,25963,407.0
6,25977,407.0
6,26005,407.0
6,26035,407.0
6,26063,407.0
6,26091,407.0
6,26093,407.0
6,26107,407.0
6,26137,407.0
6,26163,407.0
6,26179,407.0
6,26181,407.0
6,26207,407.0
6,26209,407.0
6,26211,407.0
6,26229,407.0
6,26247,407.0
6,26273,407.0
6,26275,407.0
6,26277,407.0
6,26303,407.0
6,26319,407.0
6,26337,407.0
6,26353,407.0
6,26367,407.0
6,26369,407.0
6,26389,407.0
6,26405,407.0
6,26423,407.0
6,26425,407.0
6,26451,407.0
6,26465,407.0
6,26497,407.0
6,26513,407.0
6,26529,407.0
6,26543,407.0
6,26559,407.0
6,26591,407.0
6,26621,407.0
6,26635,407.0
6,26649,407.0
6,26675,407.0
6,26689,407.0
6,26719,407.0
6,26733,407.0
6,26761,407.0
6,26777,407.0
6,26797,407.0
6,26811,407.0
6,26837,407.0
6,26863,407.0
6,26895,407.0
6,26909,407.0
6,26925,407.0
6,26939,407.0
6,26967,407.0
6,26983,407.0
6,26997,407.0
6,26999,407.0
6,27015,407.0
6,27043,407.0
6,27059,407.0
6,27073,407.0
6,27075,407.0
6,27093,407.0
6,27111,407.0
6,27113,407.0
6,27127,407.0
6,27129,407.0
6,27143,407.0
6,27159,407.0
6,27161,407.0
6,27191,407.0
6,27219,407.0
6,27249,407.0
6,27251,407.0
6,27279,407.0
6,27293,407.0
6,27307,407.0
6,27321,407.0
6,27335,407.0
6,27353,407.0
6,27387,407.0
6,27403,407.0
6,27429,407.0
6,27445,407.0
6,27473,407.0
6,27503,407.0
6,27505,407.0
6,27519,407.0
6,27521,407.0
6,27535,407.0
6,27565,407.0
6,27593,407.0
6,27621,407.0
6,27623,407.0
6,27651,407.0
6,27653,407.0
6,27667,407.0
6,27697,407.0
6,27723,407.0
6,27725,407.0
6,27739,407.0
6,27755,407.0
6,27757,407.0
6,27783,407.0
6,27785,407.0
6,27801,407.0
6,27827,407.0
6,27841,407.0
6,27867,407.0
6,27893,407.0
6,27923,407.0
6,27937,407.0
6,27939,407.0
6,27941,407.0
6,27967,407.0
6,27995,407.0
6,28021,407.0
6,28023,407.0
6,28053,407.0
6,28083,407.0
6,28097,407.0
6,28123,407.0
6,28137,407.0
6,28157,407.0
6,28171,413.0
6,28201,413.0
6,28203,413.0
6,28233,413.0
6,28249,413.0
6,28277,413.0
6,28279,413.0
6,28315,413.0
6,28343,413.0
6,28369,413.0
6,28387,413.0
6,28415,413.0
6,28417,413.0
6,28419,413.0
6,28445,413.0
6,28459,413.0
6,28487,413.0
6,28517,413.0
6,28531,413.0
6,28547,413.0
6,28561,413.0
6,28587,413.0
6,28601,413.0
6,28603,413.0
6,28617,413.0
6,28647,413.0
6,28661,413.0
6,28675,413.0
6,28689,413.0
6,28691,413.0
6,28705,413.0
6,28737,413.0
6,28751,413.0
6,28779,413.0
6,28811,413.0
6,28813,413.0
6,28815,413.0
6,28829,413.0
6,28847,413.0
6,28863,413.0
6,28881,413.0
6,28911,413.0
6,28939,413.0
6,28953,413.0
6,28981,413.0
6,28995,413.0
6,29025,413.0
6,29059,413.0
6,29073,413.0
6,29075,413.0
6,29089,413.0
6,29117,413.0
6,29133,413.0
6,29153,413.0
6,29167,413.0
6,29181,413.0
6,29195,413.0
6,29223,413.0
6,29225,413.0
6,29239,413.0
6,29253,413.0
6,29283,413.0
6,29299,413.0
6,29313,413.0
6,29339,413.0
6,29341,413.0
6,29355,413.0
6,29371,413.0
6,29397,413.0
6,29413,413.0
6,29431,413.0
6,29459,413.0
6,29461,413.0
6,29463,413.0
6,29477,413.0
6,29505,413.0
6,29533,413.0
6,29551,413.0
6,29581,413.0
6,29607,413.0
6,29621,413.0
6,29623,413.0
6,29637,413.0
6,29667,413.0
6,29685,413.0
6,29715,413.0
6,29743,413.0
6,29757,413.0
6,29773,413.0
6,29787,413.0
6,29817,413.0
6,29833,413.0
6,29859,413.0
6,29877,413.0
6,29891,413.0
6,29907,413.0
6,29909,413.0
6,29925,413.0
6,29941,413.0
6,29969,413.0
6,29995,413.0
6,30023,413.0
6,30049,413.0
6,30077,413.0
6,30093,413.0
6,30125,413.0
6,30155,413.0
6,30169,413.0
6,30183,413.0
6,30211,413.0
6,30239,413.0
6,30241,413.0
6,30269,413.0
6,30283,413.0
6,30303,413.0
6,30305,413.0
6,30307,413.0
6,30321,413.0
6,30335,413.0
6,30337,413.0
6,30355,413.0
6,30383,413.0
6,30411,413.0
6,30425,413.0
6,30441,413.0
6,30467,413.0
6,30469,413.0
6,30497,413.0
6,30523,413.0
6,30525,413.0
6,30553,413.0
6,30567,413.0
6,30585,413.0
6,30613,413.0
6,30615,413.0
6,30645,413.0
6,30647,413.0
6,30677,413.0
6,30691,413.0
6,30707,413.0
6,30733,413.0
6,30759,413.0
6,30775,413.0
6,30789,413.0
6,30805,413.0
6,30831,413.0
6,30833,413.0
6,30863,413.0
6,30877,413.0
6,30879,413.0
6,30895,413.0
6,30909,413.0
6,30923,413.0
6,30953,413.0
6,30979,413.0
6,30997,413.0
6,31027,413.0
6,31043,413.0
6,31057,413.0
6,31059,413.0
6,31085,414.0
6,31115,414.0
6,31129,414.0
6,31157,416.0
6,31171,416.0
6,31187,416.0
6,31201,416.0
6,31227,416.0
6,31255,416.0
6,31257,416.0
6,31285,416.0
6,31299,416.0
6,31327,416.0
6,31353,416.0
6,31371,416.0
6,31373,416.0
6,31375,416.0
6,31389,416.0
6,31391,416.0
6,31405,416.0
6,31421,416.0
6,31437,416.0
6,31451,416.0
6,31465,416.0
6,31495,416.0
6,31509,416.0
6,31511,416.0
6,31543,416.0
6,31557,416.0
6,31575,416.0
6,31589,416.0
6,31619,416.0
6,31621,416.0
6,31635,416.0
6,31663,416.0
6,31693,416.0
6,31707,416.0
6,31723,416.0
6,31737,416.0
6,31753,416.0
6,31767,416.0
6,31769,416.0
6,31785,416.0
6,31811,416.0
6,31837,416.0
6,31867,416.0
6,31881,416.0
6,31907,416.0
6,31935,416.0
6,31951,416.0
6,31977,417.0
6,31993,417.0
7,22340,298.0
7,22368,306.0
7,22799,306.0
7,22815,306.0
7,22829,322.0
7,22857,322.0
7,22871,322.0
7,22887,322.0
7,22915,322.0
7,22917,322.0
7,22931,322.0
7,22961,322.0
7,22975,322.0
7,22989,322.0
7,23003,322.0
7,23031,322.0
7,23049,322.0
7,23079,322.0
7,23093,322.0
7,23107,322.0
7,23133,322.0
7,23135,322.0
7,23163,345.0
7,23191,345.0
7,23217,345.0
7,23233,345.0
7,23247,345.0
7,23261,345.0
7,23289,345.0
7,23303,345.0
7,23331,345.0
7,23357,345.0
7,23385,345.0
7,23411,345.0
7,23439,345.0
7,23471,345.0
7,23497,345.0
7,23523,345.0
7,23549,345.0
7,23551,345.0
7,23587,345.0
7,23603,345.0
7,23619,345.0
7,23637,345.0
7,23651,345.0
7,23681,345.0
7,23697,345.0
7,23711,345.0
7,23713,345.0
7,23729,345.0
7,23731,345.0
7,23749,345.0
7,23775,345.0
7,23789,345.0
7,23805,345.0
7,23831,351.0
7,23833,351.0
7,23835,351.0
7,23861,351.0
7,23891,351.0
7,23923,351.0
7,23949,351.0
7,23965,351.0
7,23991,351.0
7,24007,351.0
7,24025,351.0
7,24027,351.0
7,24053,351.0
7,24077,351.0
7,24091,351.0
7,24119,351.0
7,24135,351.0
7,24163,351.0
7,24179,351.0
7,24209,351.0
7,24223,351.0
7,24249,354.0
7,24265,354.0
7,24291,354.0
7,24305,354.0
7,24337,354.0
7,24353,354.0
7,24367,358.0
7,24381,358.0
7,24395,358.0
7,24409,358.0
7,24425,358.0
7,24441,358.0
7,24455,358.0
7,24475,358.0
7,24501,358.0
7,24503,358.0
7,24517,358.0
7,24531,358.0
7,24533,358.0
7,24547,358.0
7,24579,358.0
7,24581,358.0
7,24609,358.0
7,24623,358.0
7,24641,358.0
7,24669,358.0
7,24695,358.0
7,24723,358.0
7,24725,358.0
7,24757,365.0
7,24771,365.0
7,24785,365.0
7,24811,365.0
7,24839,368.0
7,24853,368.0
7,24871,368.0
7,24873,368.0
7,24887,368.0
7,24901,368.0
7,24915,370.0
7,24947,370.0
7,24979,370.0
7,24981,370.0
7,24995,370.0
7,25021,370.0
7,25035,370.0
7,25049,370.0
7,25077,370.0
7,25091,370.0
7,25105,370.0
7,25119,370.0
7,25121,370.0
7,25137,370.0
7,25163,375.0
7,25165,375.0
7,25179,375.0
7,25211,375.0
7,25227,375.0
7,25229,375.0
7,25257,375.0
7,25283,375.0
7,25297,375.0
7,25327,375.0
7,25341,375.0
7,25355,375.0
7,25395,375.0
7,25425,375.0
7,25439,375.0
7,25465,375.0
7,25495,375.0
7,25509,375.0
7,25523,375.0
7,25541,375.0
7,25557,375.0
7,25559,375.0
7,25575,375.0
7,25589,375.0
7,25605,375.0
7,25619,375.0
7,25645,375.0
7,25659,375.0
7,25687,375.0
7,25701,375.0
7,25731,375.0
7,25745,375.0
7,25747,375.0
7,25765,375.0
7,25781,375.0
7,25813,375.0
7,25815,375.0
7,25831,375.0
7,25845,375.0
7,25863,375.0
7,25889,375.0
7,25917,375.0
7,25945,375.0
7,25971,375.0
7,25985,375.0
7,25987,375.0
7,26005,375.0
7,26021,375.0
7,26049,375.0
7,26051,375.0
7,26069,375.0
7,26083,375.0
7,26099,375.0
7,26101,375.0
7,26115,375.0
7,26131,375.0
7,26159,375.0
7,26173,375.0
7,26189,375.0
7,26205,375.0
7,26231,375.0
7,26257,375.0
7,26271,382.0
7,26301,382.0
7,26329,382.0
7,26343,382.0
7,26363,382.0
7,26377,382.0
7,26403,382.0
7,26417,382.0
7,26445,383.0
7,26459,391.0
7,26473,391.0
7,26505,391.0
7,26507,391.0
7,26537,391.0
7,26539,391.0
7,26553,391.0
7,26579,391.0
7,26593,391.0
7,26621,391.0
7,26623,391.0
7,26625,391.0
7,26627,391.0
7,26641,391.0
7,26643,391.0
7,26669,391.0
7,26697,391.0
7,26723,399.0
7,26737,399.0
7,26751,399.0
7,26777,404.0
7,26795,404.0
7,26809,404.0
7,26837,404.0
7,26839,404.0
7,26869,404.0
7,26885,404.0
7,26903,404.0
7,26919,404.0
7,26945,404.0
7,26947,404.0
7,26965,404.0
7,26979,404.0
7,26995,404.0
7,27023,404.0
7,27053,404.0
7,27081,404.0
7,27095,404.0
7,27097,404.0
7,27099,404.0
7,27115,404.0
7,27141,404.0
7,27171,404.0
7,27199,404.0
7,27215,404.0
7,27243,404.0
7,27273,404.0
7,27299,404.0
7,27325,404.0
7,27353,404.0
7,27367,405.0
7,27381,405.0
7,27409,405.0
7,27435,405.0
7,27449,405.0
7,27483,405.0
7,27511,405.0
7,27541,405.0
7,27569,405.0
7,27583,405.0
7,27599,405.0
7,27629,405.0
7,27655,405.0
7,27671,405.0
7,27685,405.0
7,27711,405.0
7,27729,405.0
7,27743,405.0
7,27745,405.0
7,27747,405.0
7,27773,405.0
7,27805,405.0
7,27833,405.0
7,27847,405.0
7,27861,405.0
7,27891,405.0
7,27907,405.0
7,27935,405.0
7,27949,405.0
7,27975,405.0
7,28001,405.0
7,28017,405.0
7,28031,405.0
7,28033,405.0
7,28059,405.0
7,28087,405.0
7,28113,405.0
7,28141,405.0
7,28155,405.0
7,28171,405.0
7,28199,405.0
7,28231,405.0
7,28259,405.0
7,28279,405.0
7,28293,405.0
7,28307,405.0
7,28323,405.0
7,28349,405.0
7,28379,405.0
7,28395,405.0
7,28397,405.0
7,28411,405.0
7,28437,405.0
7,28463,405.0
7,28495,405.0
7,28497,405.0
7,28511,408.0
7,28527,408.0
7,28541,408.0
7,28543,408.0
7,28559,408.0
7,28591,408.0
7,28607,408.0
7,28609,408.0
7,28637,408.0
7,28651,408.0
7,28667,408.0
7,28683,408.0
7,28713,408.0
7,28739,408.0
7,28753,408.0
7,28779,408.0
7,28795,408.0
7,28825,408.0
7,28827,408.0
7,28857,408.0
7,28889,408.0
7,28903,408.0
7,28917,408.0
7,28951,408.0
7,28967,408.0
7,28969,408.0
7,28983,408.0
7,29001,408.0
7,29027,408.0
7,29041,408.0
7,29069,408.0
7,29083,408.0
7,29109,408.0
7,29123,408.0
7,29155,408.0
7,29183,408.0
7,29199,408.0
7,29215,408.0
7,29229,408.0
7,29231,408.0
7,29245,408.0
7,29259,408.0
7,29273,408.0
7,29303,408.0
7,29339,408.0
7,29353,408.0
7,29381,408.0
7,29395,408.0
7,29415,408.0
7,29429,408.0
7,29445,408.0
7,29473,408.0
7,29503,410.0
7,29517,410.0
7,29543,410.0
7,29545,410.0
7,29561,410.0
7,29575,410.0
7,29589,410.0
7,29591,410.0
7,29607,410.0
7,29621,410.0
7,29647,410.0
7,29673,410.0
7,29687,410.0
7,29701,410.0
7,29717,410.0
7,29719,410.0
7,29737,410.0
7,29769,410.0
7,29791,410.0
7,29805,410.0
7,29821,410.0
7,29823,410.0
7,29825,410.0
7,29853,410.0
7,29867,410.0
7,29881,410.0
7,29895,410.0
7,29927,410.0
7,29955,410.0
7,29969,410.0
7,29997,410.0
7,29999,410.0
7,30027,410.0
7,30029,410.0
7,30043,410.0
7,30045,410.0
7,30047,410.0
7,30063,410.0
7,30077,410.0
7,30091,410.0
7,30117,410.0
7,30147,410.0
7,30161,410.0
7,30193,410.0
7,30219,410.0
7,30233,410.0
7,30235,410.0
7,30251,410.0
7,30253,410.0
7,30279,410.0
7,30309,410.0
7,30339,410.0
7,30353,410.0
7,30355,410.0
7,30357,410.0
7,30385,413.0
7,30401,413.0
7,30415,413.0
7,30429,413.0
7,30443,413.0
7,30477,413.0
7,30503,413.0
7,30531,413.0
7,30545,413.0
7,30547,413.0
7,30573,413.0
7,30587,413.0
7,30601,413.0
7,30615,413.0
7,30631,413.0
7,30645,413.0
7,30675,413.0
7,30705,413.0
7,30719,413.0
7,30745,413.0
7,30777,413.0
7,30793,413.0
7,30807,413.0
7,30833,413.0
7,30863,413.0
7,30879,413.0
7,30881,413.0
7,30895,413.0
7,30923,413.0
7,30925,413.0
7,30953,413.0
7,30979,413.0
7,30993,413.0
7,31019,413.0
7,31033,413.0
7,31059,413.0
7,31061,413.0
7,31091,413.0
7,31113,413.0
7,31127,413.0
7,31155,413.0
7,31169,413.0
7,31195,413.0
7,31197,413.0
7,31215,413.0
7,31217,413.0
7,31219,413.0
7,31235,413.0
7,31251,413.0
7,31285,413.0
7,31303,413.0
7,31333,413.0
7,31359,413.0
7,31389,413.0
7,31419,413.0
7,31435,413.0
7,31461,413.0
7,31489,413.0
7,31503,413.0
7,31529,413.0
7,31543,413.0
7,31569,413.0
7,31597,413.0
7,31625,413.0
7,31627,413.0
7,31643,413.0
7,31673,413.0
7,31705,413.0
7,31737,413.0
7,31753,413.0
7,31769,413.0
7,31795,413.0
7,31809,413.0
7,31835,413.0
7,31837,413.0
7,31865,413.0
7,31879,413.0
7,31881,413.0
7,31909,413.0
7,31923,413.0
7,31937,413.0
7,31951,413.0
7,31965,413.0
7,31993,413.0
7,32019,413.0
7,32045,413.0
7,32073,413.0
7,32101,413.0
7,32115,413.0
7,32141,413.0
7,32171,413.0
7,32187,413.0
7,32201,413.0
7,32231,413.0
7,32259,413.0
7,32287,413.0
7,32289,413.0
7,32303,413.0
7,32317,413.0
7,32331,413.0
8,22214,291.0
8,22228,307.0
8,22246,307.0
8,22681,307.0
8,22695,307.0
8,22697,307.0
8,22729,307.0
8,22745,307.0
8,22773,314.0
8,22787,314.0
8,22801,323.0
8,22817,323.0
8,22831,323.0
8,22845,323.0
8,22873,323.0
8,22901,323.0
8,22929,323.0
8,22943,323.0
8,22975,323.0
8,22989,323.0
8,23007,323.0
8,23021,323.0
8,23039,323.0
8,23055,323.0
8,23057,323.0
8,23071,323.0
8,23097,343.0
8,23125,343.0
8,23157,343.0
8,23187,343.0
8,23189,343.0
8,23215,343.0
8,23229,343.0
8,23243,343.0
8,23257,343.0
8,23259,343.0
8,23287,343.0
8,23303,343.0
8,23319,343.0
8,23349,343.0
8,23363,343.0
8,23365,343.0
8,23393,343.0
8,23419,343.0
8,23449,345.0
8,23463,345.0
8,23477,345.0
8,23479,345.0
8,23509,345.0
8,23527,345.0
8,23543,345.0
8,23559,345.0
8,23573,345.0
8,23589,345.0
8,23603,345.0
8,23629,345.0
8,23655,345.0
8,23681,347.0
8,23709,347.0
8,23723,347.0
8,23749,347.0
8,23765,347.0
8,23781,347.0
8,23795,347.0
8,23809,351.0
8,23811,351.0
8,23841,351.0
8,23843,351.0
8,23857,351.0
8,23871,363.0
8,23903,363.0
8,23919,363.0
8,23921,363.0
8,23947,363.0
8,23975,363.0
8,23989,363.0
8,24003,363.0
8,24031,363.0
8,24045,363.0
8,24047,363.0
8,24061,363.0
8,24093,363.0
8,24107,376.0
8,24137,376.0
8,24151,376.0
8,24179,376.0
8,24193,376.0
8,24221,376.0
8,24237,376.0
8,24263,376.0
8,24277,376.0
8,24303,376.0
8,24317,376.0
8,24345,376.0
8,24375,376.0
8,24401,376.0
8,24415,376.0
8,24443,376.0
8,24457,376.0
8,24471,376.0
8,24491,376.0
8,24517,376.0
8,24519,376.0
8,24521,376.0
8,24551,387.0
8,24565,387.0
8,24583,387.0
8,24617,387.0
8,24643,387.0
8,24669,387.0
8,24683,387.0
8,24699,387.0
8,24701,387.0
8,24719,387.0
8,24737,387.0
8,24755,387.0
8,24781,387.0
8,24799,387.0
8,24825,387.0
8,24843,387.0
8,24861,387.0
8,24875,387.0
8,24877,387.0
8,24891,387.0
8,24893,387.0
8,24919,392.0
8,24947,392.0
8,24961,392.0
8,24987,392.0
8,25013,392.0
8,25027,392.0
8,25041,393.0
8,25067,393.0
8,25097,393.0
8,25111,393.0
8,25137,393.0
8,25139,393.0
8,25173,393.0
8,25187,393.0
8,25201,393.0
8,25229,393.0
8,25247,393.0
8,25249,393.0
8,25263,393.0
8,25279,393.0
8,25293,393.0
8,25323,393.0
8,25339,393.0
8,25369,393.0
8,25395,393.0
8,25423,400.0
8,25451,400.0
8,25467,400.0
8,25483,400.0
8,25499,400.0
8,25533,400.0
8,25559,400.0
8,25561,400.0
8,25563,400.0
8,25589,400.0
8,25603,400.0
8,25629,400.0
8,25631,400.0
8,25645,400.0
8,25647,400.0
8,25679,400.0
8,25693,400.0
8,25721,400.0
8,25749,400.0
8,25763,400.0
8,25795,400.0
8,25813,400.0
8,25841,400.0
8,25869,400.0
8,25903,400.0
8,25933,400.0
8,25947,400.0
8,25961,400.0
8,25975,400.0
8,26001,404.0
8,26033,404.0
8,26047,404.0
8,26061,404.0
8,26063,404.0
8,26077,404.0
8,26105,404.0
8,26107,404.0
8,26121,404.0
8,26151,404.0
8,26181,404.0
8,26197,404.0
8,26227,404.0
8,26259,404.0
8,26285,404.0
8,26299,404.0
8,26301,404.0
8,26315,404.0
8,26335,404.0
8,26351,404.0
8,26353,404.0
8,26369,404.0
8,26371,404.0
8,26397,404.0
8,26411,404.0
8,26439,404.0
8,26457,404.0
8,26487,404.0
8,26501,404.0
8,26529,404.0
8,26559,404.0
8,26573,404.0
8,26575,404.0
8,26603,404.0
8,26631,404.0
8,26649,404.0
8,26679,404.0
8,26693,404.0
8,26707,404.0
8,26709,404.0
8,26723,404.0
8,26739,404.0
8,26765,404.0
8,26781,404.0
8,26797,404.0
8,26829,404.0
8,26843,404.0
8,26857,407.0
8,26883,407.0
8,26897,407.0
8,26925,407.0
8,26943,407.0
8,26975,407.0
8,27001,407.0
8,27015,407.0
8,27029,407.0
8,27051,407.0
8,27077,407.0
8,27079,407.0
8,27081,407.0
8,27097,407.0
8,27127,407.0
8,27157,407.0
8,27185,407.0
8,27211,407.0
8,27225,410.0
8,27253,410.0
8,27269,410.0
8,27271,410.0
8,27301,410.0
8,27315,410.0
8,27329,410.0
8,27363,410.0
8,27377,410.0
8,27407,410.0
8,27433,410.0
8,27435,410.0
8,27463,410.0
8,27477,410.0
8,27505,410.0
8,27519,410.0
8,27533,410.0
8,27559,410.0
8,27585,410.0
8,27599,410.0
8,27613,410.0
8,27647,410.0
8,27679,410.0
8,27707,410.0
8,27721,410.0
8,27751,410.0
8,27765,410.0
8,27767,410.0
8,27781,410.0
8,27795,410.0
8,27809,410.0
8,27825,410.0
8,27839,416.0
8,27853,416.0
8,27871,416.0
8,27885,416.0
8,27913,416.0
8,27915,416.0
8,27929,416.0
8,27955,416.0
8,27971,416.0
8,27997,416.0
8,28029,416.0
8,28043,416.0
8,28073,416.0
8,28087,416.0
8,28117,416.0
8,28145,416.0
8,28173,416.0
8,28187,416.0
8,28215,416.0
8,28241,416.0
8,28271,416.0
8,28309,416.0
8,28337,416.0
8,28371,416.0
8,28397,416.0
8,28413,416.0
8,28443,416.0
8,28457,416.0
8,28471,416.0
8,28487,416.0
8,28501,416.0
8,28527,416.0
8,28553,416.0
8,28585,416.0
8,28601,416.0
8,28617,416.0
8,28635,416.0
8,28651,416.0
8,28667,416.0
8,28695,416.0
8,28721,416.0
8,28735,416.0
8,28763,416.0
8,28791,416.0
8,28793,416.0
8,28821,416.0
8,28835,416.0
8,28851,416.0
8,28877,416.0
8,28907,416.0
8,28935,416.0
8,28961,416.0
8,28977,416.0
8,29003,416.0
8,29005,416.0
8,29019,416.0
8,29021,416.0
8,29051,416.0
8,29065,416.0
8,29091,416.0
8,29105,416.0
8,29137,416.0
8,29165,416.0
8,29193,416.0
8,29211,416.0
8,29225,416.0
8,29227,416.0
8,29253,416.0
8,29267,416.0
8,29281,416.0
8,29295,416.0
8,29297,416.0
8,29313,416.0
8,29315,416.0
8,29341,416.0
8,29355,416.0
8,29369,416.0
8,29397,416.0
8,29413,416.0
8,29441,416.0
8,29469,416.0
8,29483,416.0
8,29509,416.0
8,29539,416.0
8,29553,416.0
8,29567,416.0
8,29585,416.0
8,29601,416.0
8,29615,416.0
8,29631,416.0
8,29645,416.0
8,29647,416.0
8,29673,416.0
8,29703,416.0
8,29733,416.0
8,29747,416.0
8,29777,416.0
8,29797,416.0
8,29813,416.0
8,29815,416.0
8,29817,416.0
8,29845,416.0
8,29847,416.0
8,29863,416.0
8,29877,416.0
8,29891,416.0
8,29893,416.0
8,29923,416.0
8,29953,416.0
8,29983,416.0
8,30009,416.0
8,30037,416.0
8,30051,416.0
8,30079,416.0
8,30111,416.0
8,30113,416.0
8,30129,416.0
8,30157,416.0
8,30183,416.0
8,30197,416.0
8,30211,416.0
8,30213,416.0
8,30243,416.0
8,30263,416.0
8,30277,416.0
8,30293,416.0
8,30323,416.0
8,30337,416.0
8,30365,416.0
8,30383,416.0
8,30399,416.0
8,30431,416.0
8,30457,416.0
8,30473,416.0
8,30487,416.0
8,30515,416.0
8,30531,416.0
8,30557,416.0
8,30575,416.0
8,30591,416.0
8,30593,416.0
8,30595,416.0
8,30597,416.0
8,30611,416.0
8,30631,416.0
8,30647,416.0
8,30649,416.0
8,30651,416.0
8,30665,416.0
8,30681,416.0
8,30697,416.0
8,30699,416.0
8,30727,416.0
8,30743,416.0
8,30757,416.0
8,30771,416.0
8,30785,416.0
8,30787,416.0
8,30815,416.0
8,30833,416.0
8,30835,416.0
8,30851,416.0
8,30877,416.0
8,30879,416.0
8,30895,416.0
8,30909,416.0
8,30937,416.0
8,30965,416.0
8,30967,416.0
8,30995,416.0
8,31009,416.0
8,31035,416.0
8,31051,416.0
8,31079,416.0
8,31093,416.0
8,31107,416.0
8,31133,416.0
8,31165,416.0
8,31179,416.0
8,31195,416.0
8,31209,416.0
8,31227,416.0
8,31243,416.0
8,31259,416.0
8,31277,416.0
8,31305,416.0
8,31321,416.0
8,31351,416.0
8,31377,416.0
8,31391,416.0
8,31421,416.0
8,31435,416.0
8,31451,416.0
8,31453,416.0
8,31467,416.0
8,31497,416.0
8,31525,416.0
8,31541,416.0
8,31557,416.0
8,31571,416.0
8,31587,416.0
8,31601,416.0
8,31615,416.0
8,31617,416.0
8,31647,416.0
8,31663,416.0
8,31679,416.0
8,31693,416.0
8,31719,416.0
8,31721,416.0
8,31735,416.0
8,31751,416.0
8,31767,416.0
8,31783,416.0
8,31811,416.0
8,31837,416.0
8,31853,416.0
8,31883,416.0
8,31911,416.0
8,31937,416.0
8,31939,416.0
8,31969,416.0
8,31983,416.0
8,32013,416.0
8,32027,416.0
8,32055,416.0
8,32071,416.0
8,32099,416.0
8,32119,416.0
8,32149,416.0
8,32179,416.0
8,32207,416.0
8,32209,416.0
8,32235,416.0
9,21974,296.0
9,21992,296.0
9,22008,296.0
9,22022,306.0
9,22038,306.0
9,22070,306.0
9,22098,318.0
9,22563,318.0
9,22577,318.0
9,22591,318.0
9,22617,368.0
9,22635,368.0
9,22649,368.0
9,22663,368.0
9,22677,368.0
9,22705,368.0
9,22707,368.0
9,22709,368.0
9,22735,368.0
9,22737,368.0
9,22751,368.0
9,22779,368.0
9,22793,368.0
9,22821,368.0
9,22835,368.0
9,22853,368.0
9,22855,368.0
9,22883,368.0
9,22913,368.0
9,22941,368.0
9,22955,368.0
9,22983,371.0
9,23015,371.0
9,23045,371.0
9,23059,371.0
9,23061,371.0
9,23077,371.0
9,23093,371.0
9,23123,371.0
9,23153,371.0
9,23181,371.0
9,23199,371.0
9,23215,371.0
9,23231,371.0
9,23233,371.0
9,23261,371.0
9,23289,371.0
9,23305,371.0
9,23333,371.0
9,23347,371.0
9,23373,371.0
9,23401,371.0
9,23421,371.0
9,23449,371.0
9,23463,371.0
9,23499,371.0
9,23529,371.0
9,23557,371.0
9,23589,371.0
9,23607,371.0
9,23633,371.0
9,23649,371.0
9,23667,371.0
9,23693,371.0
9,23711,371.0
9,23725,371.0
9,23753,371.0
9,23785,371.0
9,23787,371.0
9,23801,371.0
9,23817,371.0
9,23819,371.0
9,23845,371.0
9,23847,371.0
9,23865,371.0
9,23893,371.0
9,23907,371.0
9,23923,371.0
9,23939,371.0
9,23969,371.0
9,23985,371.0
9,24001,371.0
9,24027,371.0
9,24041,371.0
9,24055,371.0
9,24083,371.0
9,24097,371.0
9,24099,371.0
9,24101,371.0
9,24123,371.0
9,24139,371.0
9,24153,371.0
9,24167,371.0
9,24183,371.0
9,24197,371.0
9,24227,371.0
9,24247,371.0
9,24249,371.0
9,24265,371.0
9,24291,371.0
9,24293,371.0
9,24321,371.0
9,24337,371.0
9,24351,371.0
9,24367,371.0
9,24389,371.0
9,24391,371.0
9,24405,373.0
9,24407,373.0
9,24423,373.0
9,24453,373.0
9,24467,373.0
9,24499,373.0
9,24501,373.0
9,24517,373.0
9,24535,373.0
9,24565,373.0
9,24583,373.0
9,24599,373.0
9,24613,373.0
9,24641,373.0
9,24657,373.0
9,24659,373.0
9,24661,373.0
9,24675,373.0
9,24701,373.0
9,24703,373.0
9,24729,373.0
9,24743,373.0
9,24745,373.0
9,24771,373.0
9,24799,373.0
9,24829,373.0
9,24843,373.0
9,24857,373.0
9,24887,373.0
9,24913,373.0
9,24929,373.0
9,24961,373.0
9,24987,373.0
9,25001,373.0
9,25003,373.0
9,25031,373.0
9,25049,373.0
9,25065,373.0
9,25079,373.0
9,25093,373.0
9,25107,373.0
9,25121,374.0
9,25149,374.0
9,25165,374.0
9,25191,382.0
9,25217,382.0
9,25219,382.0
9,25233,382.0
9,25247,382.0
9,25261,382.0
9,25291,382.0
9,25307,382.0
9,25321,382.0
9,25351,382.0
9,25365,382.0
9,25393,382.0
9,25407,382.0
9,25425,382.0
9,25451,382.0
9,25465,382.0
9,25481,382.0
9,25495,382.0
9,25511,382.0
9,25537,382.0
9,25563,382.0
9,25579,382.0
9,25605,389.0
9,25633,389.0
9,25649,389.0
9,25663,389.0
9,25677,389.0
9,25691,389.0
9,25707,389.0
9,25723,389.0
9,25739,389.0
9,25753,389.0
9,25767,389.0
9,25795,389.0
9,25797,389.0
9,25811,389.0
9,25827,389.0
9,25841,389.0
9,25869,389.0
9,25895,393.0
9,25929,393.0
9,25945,393.0
9,25959,393.0
9,25973,393.0
9,25999,394.0
9,26039,394.0
9,26053,394.0
9,26067,394.0
9,26081,394.0
9,26107,394.0
9,26121,394.0
9,26135,394.0
9,26149,394.0
9,26163,394.0
9,26193,394.0
9,26207,394.0
9,26221,394.0
9,26239,394.0
9,26255,394.0
9,26257,394.0
9,26259,394.0
9,26261,394.0
9,26277,394.0
9,26305,394.0
9,26319,394.0
9,26333,394.0
9,26347,394.0
9,26363,394.0
9,26377,394.0
9,26403,394.0
9,26437,394.0
9,26463,398.0
9,26489,398.0
9,26519,398.0
9,26533,398.0
9,26547,398.0
9,26549,398.0
9,26567,398.0
9,26581,399.0
9,26599,399.0
9,26627,399.0
9,26641,399.0
9,26667,399.0
9,26697,399.0
9,26711,399.0
9,26725,399.0
9,26739,399.0
9,26755,399.0
9,26769,399.0
9,26783,399.0
9,26811,399.0
9,26825,399.0
9,26841,399.0
9,26843,399.0
9,26857,399.0
9,26859,399.0
9,26861,399.0
9,26875,399.0
9,26889,399.0
9,26907,399.0
9,26921,399.0
9,26947,399.0
9,26963,399.0
9,26979,399.0
9,26981,399.0
9,26995,399.0
9,27011,399.0
9,27025,399.0
9,27051,399.0
9,27083,399.0
9,27117,399.0
9,27145,399.0
9,27173,399.0
9,27175,399.0
9,27201,399.0
9,27231,399.0
9,27233,399.0
9,27235,399.0
9,27249,399.0
9,27279,399.0
9,27293,399.0
9,27321,399.0
9,27349,399.0
9,27363,399.0
9,27393,399.0
9,27407,408.0
9,27423,408.0
9,27449,408.0
9,27463,408.0
9,27481,408.0
9,27509,408.0
9,27525,408.0
9,27553,408.0
9,27569,408.0
9,27571,408.0
9,27573,408.0
9,27601,408.0
9,27615,408.0
9,27631,408.0
9,27645,408.0
9,27673,408.0
9,27675,408.0
9,27677,408.0
9,27679,408.0
9,27709,408.0
9,27711,408.0
9,27737,408.0
9,27753,408.0
9,27755,408.0
9,27787,412.0
9,27813,412.0
9,27827,412.0
9,27855,413.0
9,27869,413.0
9,27897,413.0
9,27925,413.0
9,27955,413.0
9,27983,413.0
9,28001,413.0
9,28027,413.0
9,28029,413.0
9,28057,413.0
9,28083,413.0
9,28097,413.0
9,28129,413.0
9,28147,413.0
9,28149,413.0
9,28167,413.0
9,28183,413.0
9,28211,413.0
9,28241,413.0
9,28267,413.0
9,28269,413.0
9,28283,413.0
9,28297,413.0
9,28311,413.0
9,28327,413.0
9,28359,413.0
9,28379,413.0
9,28405,413.0
9,28421,413.0
9,28435,413.0
9,28449,413.0
9,28451,413.0
9,28477,413.0
9,28503,413.0
9,28517,413.0
9,28535,413.0
9,28549,413.0
9,28575,413.0
9,28589,413.0
9,28617,413.0
9,28619,413.0
9,28645,413.0
9,28659,413.0
9,28687,413.0
9,28717,413.0
9,28733,413.0
9,28747,413.0
9,28761,413.0
9,28793,413.0
9,28809,413.0
9,28835,413.0
9,28849,413.0
9,28863,413.0
9,28891,413.0
9,28917,413.0
9,28931,413.0
9,28959,413.0
9,28987,413.0
9,28989,413.0
9,29015,413.0
9,29031,413.0
9,29045,413.0
9,29061,413.0
9,29095,413.0
9,29109,413.0
9,29137,413.0
9,29151,413.0
9,29181,413.0
9,29195,413.0
9,29209,413.0
9,29225,413.0
9,29239,413.0
9,29241,413.0
9,29255,413.0
9,29269,413.0
9,29271,413.0
9,29299,413.0
9,29331,413.0
9,29345,413.0
9,29359,413.0
9,29361,413.0
9,29375,413.0
9,29389,413.0
9,29391,413.0
9,29417,413.0
9,29431,413.0
9,29445,413.0
9,29459,413.0
9,29461,413.0
9,29487,413.0
9,29501,413.0
9,29515,413.0
9,29517,413.0
9,29543,413.0
9,29557,413.0
9,29575,413.0
9,29605,413.0
9,29631,413.0
9,29661,413.0
9,29663,413.0
9,29691,413.0
9,29707,413.0
9,29725,413.0
9,29739,413.0
9,29753,414.0
9,29755,414.0
9,29769,414.0
9,29795,414.0
9,29797,414.0
9,29811,414.0
9,29825,414.0
9,29853,414.0
9,29883,414.0
9,29899,414.0
9,29901,414.0
9,29917,414.0
9,29933,414.0
9,29947,414.0
9,29949,414.0
9,29951,414.0
9,29967,414.0
9,29983,414.0
9,30009,414.0
9,30011,414.0
9,30039,414.0
9,30065,414.0
9,30067,414.0
9,30081,414.0
9,30109,414.0
9,30111,414.0
9,30125,414.0
9,30139,414.0
9,30153,414.0
9,30169,414.0
9,30183,414.0
9,30209,414.0
9,30235,414.0
9,30261,414.0
9,30275,414.0
9,30291,414.0
9,30293,414.0
9,30327,414.0
9,30357,414.0
9,30371,414.0
9,30385,414.0
9,30413,414.0
9,30427,414.0
9,30457,414.0
9,30471,414.0
9,30485,414.0
9,30487,414.0
9,30501,414.0
9,30529,414.0
9,30531,414.0
9,30557,414.0
9,30571,414.0
9,30585,414.0
9,30617,414.0
9,30635,414.0
9,30663,414.0
9,30689,414.0
9,30691,414.0
9,30705,414.0
9,30733,414.0
9,30759,414.0
9,30773,414.0
9,30789,414.0
9,30815,414.0
9,30829,414.0
9,30855,414.0
9,30857,414.0
9,30859,414.0
9,30875,414.0
9,30877,414.0
9,30891,414.0
9,30911,414.0
9,30929,414.0
9,30955,414.0
9,30969,414.0
9,30999,414.0
9,31001,414.0
9,31015,414.0
9,31029,414.0
9,31059,414.0
9,31089,414.0
9,31117,414.0
9,31119,414.0
9,31121,414.0
9,31137,414.0
9,31151,414.0
9,31177,414.0
9,31193,414.0
9,31219,414.0
9,31233,414.0
9,31247,414.0
9,31261,414.0
9,31289,415.0
9,31303,420.0
9,31305,420.0
9,31319,420.0
9,31349,421.0
9,31365,421.0
9,31379,421.0
9,31393,421.0
9,31421,421.0
9,31449,421.0
9,31479,421.0
9,31493,421.0
9,31507,421.0
9,31533,421.0
9,31549,421.0
9,31563,421.0
9,31595,421.0
9,31609,421.0
9,31623,421.0
9,31641,421.0
9,31671,421.0
9,31685,421.0
9,31711,421.0
9,31737,421.0
9,31739,421.0
9,31753,421.0
9,31781,421.0
9,31783,421.0
9,31785,421.0
9,31799,421.0
9,31815,421.0
9,31829,421.0
9,31843,421.0
9,31869,421.0
9,31885,421.0
9,31899,421.0
9,31917,421.0
9,31943,421.0
9,31973,421.0
10,22048,291.0
10,22074,291.0
10,22100,319.0
10,22102,319.0
10,22118,319.0
10,22146,319.0
10,22180,320.0
10,22214,320.0
10,22240,320.0
10,22254,321.0
10,22282,321.0
10,22298,321.0
10,22316,321.0
10,22344,321.0
10,22346,321.0
10,22362,321.0
10,22817,321.0
10,22831,321.0
10,22845,321.0
10,22871,321.0
10,22897,321.0
10,22923,321.0
10,22951,321.0
10,22967,321.0
10,22981,330.0
10,22995,330.0
10,22997,330.0
10,23023,330.0
10,23049,344.0
10,23051,344.0
10,23081,344.0
10,23109,344.0
10,23123,344.0
10,23139,344.0
10,23165,362.0
10,23181,362.0
10,23195,362.0
10,23213,362.0
10,23241,362.0
10,23257,362.0
10,23287,362.0
10,23301,362.0
10,23331,362.0
10,23359,362.0
10,23385,362.0
10,23399,362.0
10,23413,362.0
10,23415,362.0
10,23429,362.0
10,23431,362.0
10,23457,362.0
10,23471,362.0
10,23487,362.0
10,23489,362.0
10,23491,362.0
10,23509,362.0
10,23525,362.0
10,23539,362.0
10,23553,362.0
10,23579,362.0
10,23609,362.0
10,23637,362.0
10,23651,362.0
10,23653,362.0
10,23667,362.0
10,23693,362.0
10,23709,362.0
10,23725,362.0
10,23739,362.0
10,23753,366.0
10,23781,366.0
10,23807,366.0
10,23833,366.0
10,23849,366.0
10,23875,366.0
10,23889,373.0
10,23917,373.0
10,23945,373.0
10,23975,373.0
10,23989,373.0
10,24019,373.0
10,24033,373.0
10,24061,373.0
10,24075,373.0
10,24077,373.0
10,24079,373.0
10,24093,373.0
10,24095,373.0
10,24123,373.0
10,24125,373.0
10,24139,373.0
10,24153,373.0
10,24179,373.0
10,24193,373.0
10,24209,373.0
10,24225,373.0
10,24255,373.0
10,24257,373.0
10,24285,373.0
10,24287,374.0
10,24301,376.0
10,24327,376.0
10,24359,376.0
10,24373,376.0
10,24389,376.0
10,24403,385.0
10,24429,385.0
10,24457,400.0
10,24473,400.0
10,24503,410.0
10,24505,410.0
10,24531,410.0
10,24545,410.0
10,24571,410.0
10,24599,410.0
10,24601,410.0
10,24621,410.0
10,24637,410.0
10,24651,410.0
10,24677,410.0
10,24707,410.0
10,24723,410.0
10,24739,410.0
10,24753,410.0
10,24767,410.0
10,24785,410.0
10,24813,410.0
10,24827,410.0
10,24841,410.0
10,24869,410.0
10,24885,410.0
10,24899,410.0
10,24913,410.0
10,24927,410.0
10,24941,410.0
10,24967,410.0
10,24995,410.0
10,25023,410.0
10,25025,410.0
10,25041,410.0
10,25055,410.0
10,25069,410.0
10,25101,410.0
10,25115,410.0
10,25129,410.0
10,25155,410.0
10,25187,410.0
10,25205,410.0
10,25231,410.0
10,25233,410.0
10,25251,410.0
10,25253,410.0
10,25283,410.0
10,25297,410.0
10,25299,410.0
10,25313,410.0
10,25329,410.0
10,25343,410.0
10,25361,410.0
10,25377,410.0
10,25391,410.0
10,25409,410.0
10,25425,410.0
10,25453,410.0
10,25481,410.0
10,25483,410.0
10,25513,410.0
10,25529,410.0
10,25555,410.0
10,25583,410.0
10,25597,410.0
10,25615,410.0
10,25645,410.0
10,25675,410.0
10,25689,410.0
10,25691,410.0
10,25723,410.0
10,25737,410.0
10,25765,410.0
10,25793,410.0
10,25795,410.0
10,25825,410.0
10,25839,410.0
10,25855,410.0
10,25881,410.0
10,25897,410.0
10,25925,410.0
10,25959,410.0
10,25975,410.0
10,25989,410.0
10,26003,410.0
10,26017,410.0
10,26035,410.0
10,26065,410.0
10,26095,410.0
10,26097,410.0
10,26111,410.0
10,26125,410.0
10,26151,410.0
10,26153,410.0
10,26167,410.0
10,26181,412.0
10,26195,412.0
10,26209,412.0
10,26245,412.0
10,26259,412.0
10,26273,412.0
10,26299,412.0
10,26315,412.0
10,26345,412.0
10,26371,412.0
10,26387,412.0
10,26405,412.0
10,26435,412.0
10,26463,412.0
10,26465,412.0
10,26481,412.0
10,26509,412.0
10,26541,412.0
10,26569,412.0
10,26583,412.0
10,26601,412.0
10,26603,412.0
10,26631,412.0
10,26645,412.0
10,26673,412.0
10,26689,412.0
10,26715,412.0
10,26731,412.0
10,26759,412.0
10,26773,412.0
10,26801,412.0
10,26803,412.0
10,26831,412.0
10,26833,412.0
10,26859,412.0
10,26875,412.0
10,26891,412.0
10,26921,412.0
10,26937,412.0
10,26965,412.0
10,26979,412.0
10,26981,412.0
10,27017,412.0
10,27043,412.0
10,27045,412.0
10,27073,412.0
10,27087,412.0
10,27103,412.0
10,27135,412.0
10,27149,412.0
10,27163,412.0
10,27191,412.0
10,27217,412.0
10,27231,412.0
10,27257,412.0
10,27271,412.0
10,27299,412.0
10,27327,412.0
10,27341,412.0
10,27355,412.0
10,27369,412.0
10,27385,412.0
10,27401,412.0
10,27429,412.0
10,27457,412.0
10,27471,412.0
10,27499,412.0
10,27529,412.0
10,27543,412.0
10,27557,412.0
10,27571,412.0
10,27605,412.0
10,27623,412.0
10,27641,412.0
10,27643,412.0
10,27657,412.0
10,27687,412.0
10,27701,414.0
10,27727,414.0
10,27743,414.0
10,27757,414.0
10,27773,414.0
10,27801,414.0
10,27803,414.0
10,27817,414.0
10,27831,414.0
10,27859,414.0
10,27887,414.0
10,27913,414.0
10,27939,414.0
10,27965,414.0
10,27995,414.0
10,28009,414.0
10,28025,414.0
10,28045,414.0
10,28059,414.0
10,28061,414.0
10,28075,414.0
10,28077,414.0
10,28095,414.0
10,28097,414.0
10,28123,414.0
10,28149,414.0
10,28151,414.0
10,28165,414.0
10,28195,414.0
10,28213,414.0
10,28229,414.0
10,28243,414.0
10,28269,414.0
10,28285,414.0
10,28299,414.0
10,28313,414.0
10,28327,422.0
10,28357,422.0
10,28385,422.0
10,28411,422.0
10,28425,422.0
10,28427,422.0
10,28429,422.0
10,28455,422.0
10,28481,422.0
10,28483,422.0
10,28499,422.0
10,28513,422.0
10,28541,422.0
10,28569,422.0
10,28597,422.0
10,28625,422.0
10,28639,422.0
10,28657,422.0
10,28671,422.0
10,28697,422.0
10,28713,422.0
10,28729,422.0
10,28755,422.0
10,28769,422.0
10,28783,425.0
10,28797,425.0
10,28799,425.0
10,28827,425.0
10,28841,425.0
10,28843,425.0
10,28845,425.0
10,28863,425.0
10,28865,425.0
10,28895,425.0
10,28911,425.0
10,28937,425.0
10,28965,425.0
10,28981,425.0
10,28995,425.0
10,29009,425.0
10,29027,425.0
10,29043,425.0
10,29069,425.0
10,29083,425.0
10,29109,425.0
10,29123,425.0
10,29137,425.0
10,29155,425.0
10,29169,425.0
10,29195,425.0
10,29223,425.0
10,29237,425.0
10,29255,425.0
10,29257,425.0
10,29271,425.0
10,29299,425.0
10,29301,425.0
10,29315,425.0
10,29341,425.0
10,29355,425.0
10,29369,425.0
10,29371,425.0
10,29373,425.0
10,29387,425.0
10,29415,425.0
10,29445,425.0
10,29475,425.0
10,29489,425.0
10,29517,425.0
10,29519,425.0
10,29545,425.0
10,29571,425.0
10,29597,425.0
10,29611,425.0
10,29649,425.0
10,29663,425.0
10,29693,425.0
10,29707,425.0
10,29721,425.0
10,29723,425.0
10,29725,425.0
10,29753,425.0
10,29779,425.0
10,29795,425.0
10,29809,425.0
10,29837,425.0
10,29865,425.0
10,29867,425.0
10,29893,425.0
10,29919,425.0
10,29935,425.0
10,29949,425.0
10,29975,425.0
10,29989,425.0
10,30003,425.0
10,30017,425.0
10,30043,425.0
10,30059,425.0
10,30089,425.0
10,30105,425.0
10,30119,425.0
10,30133,425.0
10,30147,425.0
10,30149,425.0
10,30151,425.0
10,30165,425.0
10,30179,425.0
10,30205,425.0
10,30221,425.0
10,30235,425.0
10,30261,425.0
10,30275,425.0
10,30289,425.0
10,30303,425.0
10,30321,425.0
10,30335,425.0
10,30349,425.0
10,30351,425.0
10,30379,425.0
10,30393,425.0
10,30409,425.0
10,30439,425.0
10,30473,425.0
10,30501,425.0
10,30527,425.0
10,30543,425.0
10,30571,425.0
10,30597,425.0
10,30613,425.0
10,30629,425.0
10,30643,425.0
10,30659,425.0
10,30685,425.0
10,30701,425.0
10,30729,425.0
10,30755,425.0
10,30769,425.0
10,30787,425.0
10,30789,425.0
10,30817,425.0
10,30833,425.0
10,30847,425.0
10,30861,425.0
10,30887,425.0
10,30913,425.0
10,30915,425.0
10,30947,425.0
10,30975,425.0
10,30977,425.0
10,30991,425.0
10,31005,425.0
10,31007,425.0
10,31021,425.0
10,31049,425.0
10,31075,425.0
10,31093,425.0
10,31095,425.0
10,31109,425.0
10,31129,425.0
10,31159,425.0
10,31175,425.0
10,31189,425.0
10,31217,425.0
10,31231,425.0
10,31259,425.0
10,31261,425.0
10,31275,425.0
10,31277,425.0
10,31295,425.0
10,31309,425.0
10,31337,425.0
10,31365,425.0
10,31379,425.0
10,31405,425.0
10,31431,425.0
10,31433,425.0
10,31449,425.0
10,31465,425.0
10,31467,425.0
10,31481,425.0
10,31511,425.0
10,31537,425.0
10,31551,425.0
10,31553,425.0
10,31555,425.0
10,31569,425.0
10,31597,425.0
10,31623,425.0
10,31625,425.0
10,31627,425.0
10,31655,425.0
10,31683,425.0
10,31709,425.0
10,31739,425.0
10,31755,425.0
10,31769,425.0
10,31785,425.0
10,31799,425.0
10,31825,425.0
10,31841,425.0
10,31869,425.0
10,31885,425.0
10,31887,425.0
10,31917,425.0
10,31931,425.0
10,31957,425.0
10,31983,425.0
10,32011,425.0
10,32027,425.0
10,32041,425.0
11,21796,302.0
11,22249,302.0
11,22263,302.0
11,22265,302.0
11,22291,304.0
11,22319,309.0
11,22345,314.0
11,22361,314.0
11,22389,314.0
11,22415,314.0
11,22417,314.0
11,22431,314.0
11,22459,314.0
11,22475,314.0
11,22503,314.0
11,22517,314.0
11,22545,314.0
11,22561,314.0
11,22577,314.0
11,22607,314.0
11,22639,314.0
11,22665,316.0
11,22697,316.0
11,22723,319.0
11,22737,334.0
11,22739,334.0
11,22757,334.0
11,22773,334.0
11,22787,334.0
11,22815,334.0
11,22843,334.0
11,22871,334.0
11,22885,357.0
11,22901,357.0
11,22917,357.0
11,22945,357.0
11,22959,357.0
11,22987,357.0
11,23001,357.0
11,23031,357.0
11,23057,357.0
11,23085,357.0
11,23099,357.0
11,23113,357.0
11,23131,357.0
11,23145,357.0
11,23163,357.0
11,23191,357.0
11,23207,357.0
11,23221,357.0
11,23247,357.0
11,23265,357.0
11,23293,357.0
11,23295,357.0
11,23321,357.0
11,23323,357.0
11,23353,357.0
11,23387,357.0
11,23413,357.0
11,23415,357.0
11,23443,357.0
11,23457,357.0
11,23485,357.0
11,23511,357.0
11,23527,357.0
11,23529,357.0
11,23555,357.0
11,23569,357.0
11,23585,357.0
11,23599,357.0
11,23613,357.0
11,23627,385.0
11,23643,385.0
11,23657,385.0
11,23683,385.0
11,23699,385.0
11,23701,385.0
11,23715,385.0
11,23729,385.0
11,23743,385.0
11,23757,385.0
11,23785,385.0
11,23801,385.0
11,23815,385.0
11,23841,385.0
11,23857,385.0
11,23873,385.0
11,23889,385.0
11,23903,385.0
11,23935,385.0
11,23961,392.0
11,23975,392.0
11,23989,392.0
11,24017,392.0
11,24055,392.0
11,24083,392.0
11,24113,392.0
11,24139,392.0
11,24141,392.0
11,24169,392.0
11,24195,392.0
11,24211,392.0
11,24227,392.0
11,24241,392.0
11,24255,392.0
11,24269,392.0
11,24297,392.0
11,24299,392.0
11,24315,392.0
11,24317,392.0
11,24333,392.0
11,24349,392.0
11,24351,392.0
11,24371,392.0
11,24397,392.0
11,24429,392.0
11,24459,392.0
11,24475,392.0
11,24507,392.0
11,24533,392.0
11,24535,392.0
11,24549,392.0
11,24565,392.0
11,24579,392.0
11,24593,392.0
11,24627,392.0
11,24629,392.0
11,24643,392.0
11,24671,392.0
11,24687,392.0
11,24701,392.0
11,24731,392.0
11,24745,392.0
11,24777,392.0
11,24793,392.0
11,24795,392.0
11,24809,392.0
11,24837,392.0
11,24853,392.0
11,24871,392.0
11,24885,392.0
11,24901,392.0
11,24903,392.0
11,24917,392.0
11,24945,392.0
11,24959,392.0
11,24961,392.0
11,24975,392.0
11,24991,392.0
11,25007,392.0
11,25033,392.0
11,25061,392.0
11,25075,392.0
11,25093,392.0
11,25109,392.0
11,25135,392.0
11,25149,392.0
11,25165,392.0
11,25179,392.0
11,25195,392.0
11,25197,392.0
11,25225,392.0
11,25239,392.0
11,25253,392.0
11,25267,392.0
11,25285,392.0
11,25301,392.0
11,25333,392.0
11,25361,392.0
11,25363,392.0
11,25391,392.0
11,25407,392.0
11,25423,392.0
11,25425,392.0
11,25441,392.0
11,25455,392.0
11,25469,392.0
11,25483,392.0
11,25509,392.0
11,25535,392.0
11,25561,392.0
11,25579,392.0
11,25581,392.0
11,25595,392.0
11,25609,392.0
11,25611,392.0
11,25641,392.0
11,25643,392.0
11,25659,392.0
11,25673,392.0
11,25699,392.0
11,25725,394.0
11,25727,394.0
11,25741,394.0
11,25767,394.0
11,25795,394.0
11,25825,394.0
11,25853,394.0
11,25867,394.0
11,25893,394.0
11,25907,398.0
11,25923,398.0
11,25939,398.0
11,25967,398.0
11,25981,398.0
11,25995,398.0
11,26009,398.0
11,26023,398.0
11,26037,398.0
11,26039,398.0
11,26069,398.0
11,26085,398.0
11,26099,398.0
11,26101,398.0
11,26117,398.0
11,26119,398.0
11,26135,398.0
11,26149,398.0
11,26163,398.0
11,26165,398.0
11,26195,398.0
11,26209,398.0
11,26237,398.0
11,26251,398.0
11,26283,398.0
11,26299,398.0
11,26313,398.0
11,26343,398.0
11,26361,398.0
11,26377,398.0
11,26405,398.0
11,26435,398.0
11,26465,398.0
11,26495,398.0
11,26511,398.0
11,26525,398.0
11,26539,398.0
11,26567,398.0
11,26597,398.0
11,26627,398.0
11,26645,398.0
11,26659,398.0
11,26661,398.0
11,26689,398.0
11,26705,398.0
11,26719,398.0
11,26747,398.0
11,26761,398.0
11,26777,398.0
11,26793,398.0
11,26811,398.0
11,26827,398.0
11,26847,399.0
11,26861,399.0
11,26887,399.0
11,26901,399.0
11,26931,399.0
11,26959,399.0
11,26973,399.0
11,26987,399.0
11,27015,399.0
11,27029,399.0
11,27043,399.0
11,27069,399.0
11,27085,399.0
11,27087,399.0
11,27101,399.0
11,27127,399.0
11,27155,399.0
11,27169,399.0
11,27185,399.0
11,27217,399.0
11,27243,399.0
11,27257,399.0
11,27259,399.0
11,27273,399.0
11,27287,399.0
11,27313,399.0
11,27327,399.0
11,27357,399.0
11,27373,399.0
11,27389,399.0
11,27403,399.0
11,27419,399.0
11,27433,399.0
11,27461,399.0
11,27495,399.0
11,27511,399.0
11,27525,399.0
11,27527,399.0
11,27541,399.0
11,27569,399.0
11,27603,399.0
11,27623,399.0
11,27655,405.0
11,27683,405.0
11,27701,405.0
11,27715,405.0
11,27717,405.0
11,27733,405.0
11,27759,405.0
11,27761,405.0
11,27777,405.0
11,27795,405.0
11,27809,405.0
11,27811,405.0
11,27825,405.0
11,27851,405.0
11,27867,405.0
11,27893,405.0
11,27895,405.0
11,27909,405.0
11,27911,405.0
11,27925,405.0
11,27939,405.0
11,27953,405.0
11,27981,405.0
11,27983,405.0
11,27999,405.0
11,28029,405.0
11,28031,405.0
11,28061,405.0
11,28063,405.0
11,28079,405.0
11,28105,405.0
11,28119,405.0
11,28151,405.0
11,28153,405.0
11,28167,405.0
11,28193,405.0
11,28207,405.0
11,28235,408.0
11,28251,408.0
11,28267,408.0
11,28285,408.0
11,28301,408.0
11,28303,408.0
11,28319,408.0
11,28333,408.0
11,28361,408.0
11,28375,408.0
11,28401,408.0
11,28415,408.0
11,28431,408.0
11,28447,408.0
11,28477,408.0
11,28491,408.0
11,28517,408.0
11,28519,408.0
11,28551,408.0
11,28567,408.0
11,28569,408.0
11,28587,408.0
11,28613,408.0
11,28641,408.0
11,28643,408.0
11,28669,408.0
11,28697,408.0
11,28727,408.0
11,28743,408.0
11,28773,408.0
11,28787,408.0
11,28801,408.0
11,28803,408.0
11,28805,408.0
11,28819,408.0
11,28833,408.0
11,28835,408.0
11,28837,408.0
11,28865,408.0
11,28867,408.0
11,28893,408.0
11,28895,408.0
11,28897,408.0
11,28923,408.0
11,28957,408.0
11,28989,408.0
11,29003,408.0
11,29019,408.0
11,29045,408.0
11,29047,408.0
11,29049,408.0
11,29063,408.0
11,29095,408.0
11,29111,408.0
11,29139,408.0
11,29141,408.0
11,29169,408.0
11,29183,408.0
11,29209,408.0
11,29235,408.0
11,29251,408.0
11,29267,408.0
11,29281,408.0
11,29309,408.0
11,29325,408.0
11,29351,408.0
11,29377,408.0
11,29407,408.0
11,29423,408.0
11,29437,408.0
11,29439,408.0
11,29467,408.0
11,29481,408.0
11,29507,412.0
11,29523,412.0
11,29549,412.0
11,29565,412.0
11,29591,412.0
11,29605,412.0
11,29607,412.0
11,29637,412.0
11,29667,412.0
11,29681,412.0
11,29695,412.0
11,29723,412.0
11,29737,412.0
11,29751,412.0
11,29767,412.0
11,29769,412.0
11,29801,412.0
11,29829,412.0
11,29855,412.0
11,29881,412.0
11,29895,412.0
11,29911,412.0
11,29937,412.0
11,29953,412.0
11,29983,412.0
11,29997,412.0
11,29999,412.0
11,30029,412.0
11,30031,412.0
11,30057,412.0
11,30091,412.0
11,30119,412.0
11,30135,412.0
11,30151,412.0
11,30177,412.0
11,30205,412.0
11,30231,412.0
11,30261,412.0
11,30275,412.0
11,30305,412.0
11,30319,412.0
11,30333,412.0
11,30349,412.0
11,30377,412.0
11,30379,412.0
11,30393,412.0
11,30407,412.0
11,30437,412.0
11,30451,412.0
11,30479,412.0
11,30507,412.0
11,30523,412.0
11,30539,412.0
11,30569,412.0
11,30599,412.0
11,30627,412.0
11,30657,412.0
11,30673,412.0
11,30703,412.0
11,30705,412.0
11,30719,412.0
11,30733,412.0
11,30759,412.0
11,30761,412.0
11,30783,412.0
11,30807,412.0
11,30821,412.0
11,30849,412.0
11,30863,412.0
11,30877,412.0
11,30891,412.0
11,30893,412.0
11,30907,412.0
11,30939,412.0
11,30953,412.0
11,30955,412.0
11,30981,412.0
11,30997,412.0
11,31025,412.0
11,31039,412.0
11,31065,412.0
11,31079,412.0
11,31093,412.0
11,31121,412.0
11,31135,415.0
11,31165,415.0
11,31167,415.0
11,31193,415.0
11,31209,415.0
11,31239,415.0
11,31253,415.0
11,31269,415.0
11,31285,415.0
11,31301,415.0
11,31329,415.0
11,31363,415.0
11,31389,415.0
11,31415,415.0
11,31429,415.0
11,31447,415.0
11,31473,415.0
11,31499,415.0
11,31515,415.0
11,31517,415.0
11,31531,415.0
11,31557,415.0
11,31559,415.0
11,31561,415.0
11,31575,415.0
11,31589,415.0
11,31617,415.0
11,31619,415.0
11,31633,415.0
11,31663,415.0
11,31693,415.0
11,31695,415.0
11,31725,415.0
11,31739,415.0
11,31765,415.0
11,31783,415.0
12,21960,307.0
12,21976,307.0
12,21992,307.0
12,21994,307.0
12,22012,307.0
12,22038,318.0
12,22052,318.0
12,22068,318.0
12,22096,318.0
12,22122,318.0
12,22136,318.0
12,22152,318.0
12,22178,318.0
12,22192,318.0
12,22194,318.0
12,22196,318.0
12,22224,318.0
12,22238,318.0
12,22268,318.0
12,22282,324.0
12,22284,324.0
12,22745,324.0
12,22775,324.0
12,22803,324.0
12,22835,324.0
12,22849,324.0
12,22879,324.0
12,22893,324.0
12,22925,324.0
12,22927,324.0
12,22953,324.0
12,22979,324.0
12,23007,324.0
12,23035,324.0
12,23069,324.0
12,23095,324.0
12,23109,324.0
12,23111,324.0
12,23113,324.0
12,23129,324.0
12,23131,324.0
12,23159,324.0
12,23185,340.0
12,23187,340.0
12,23201,340.0
12,23229,340.0
12,23245,340.0
12,23271,340.0
12,23273,340.0
12,23287,340.0
12,23289,340.0
12,23319,340.0
12,23347,340.0
12,23377,340.0
12,23403,342.0
12,23437,342.0
12,23463,342.0
12,23491,342.0
12,23493,342.0
12,23523,342.0
12,23539,342.0
12,23553,342.0
12,23569,342.0
12,23583,342.0
12,23611,345.0
12,23613,345.0
12,23615,345.0
12,23629,345.0
12,23643,345.0
12,23675,345.0
12,23705,345.0
12,23707,345.0
12,23735,345.0
12,23755,345.0
12,23783,346.0
12,23811,346.0
12,23827,346.0
12,23857,346.0
12,23873,346.0
12,23887,346.0
12,23913,346.0
12,23939,346.0
12,23953,346.0
12,23981,346.0
12,23983,346.0
12,23999,346.0
12,24013,346.0
12,24027,346.0
12,24045,346.0
12,24061,346.0
12,24083,346.0
12,24111,346.0
12,24127,346.0
12,24141,346.0
12,24167,356.0
12,24197,356.0
12,24223,356.0
12,24251,356.0
12,24265,356.0
12,24297,356.0
12,24317,356.0
12,24353,356.0
12,24379,359.0
12,24381,359.0
12,24395,359.0
12,24409,359.0
12,24425,359.0
12,24427,359.0
12,24455,368.0
12,24469,368.0
12,24497,368.0
12,24529,368.0
12,24543,368.0
12,24563,368.0
12,24579,368.0
12,24581,368.0
12,24607,368.0
12,24623,368.0
12,24649,368.0
12,24665,368.0
12,24679,368.0
12,24681,368.0
12,24695,368.0
12,24697,368.0
12,24713,368.0
12,24729,368.0
12,24743,368.0
12,24757,368.0
12,24787,368.0
12,24801,368.0
12,24815,372.0
12,24817,372.0
12,24819,372.0
12,24847,374.0
12,24873,374.0
12,24889,374.0
12,24903,374.0
12,24917,375.0
12,24919,375.0
12,24935,375.0
12,24949,375.0
12,24975,375.0
12,24989,375.0
12,25015,375.0
12,25041,375.0
12,25043,375.0
12,25059,375.0
12,25073,375.0
12,25103,375.0
12,25105,375.0
12,25119,375.0
12,25121,375.0
12,25157,375.0
12,25187,375.0
12,25213,375.0
12,25227,375.0
12,25241,390.0
12,25267,390.0
12,25269,390.0
12,25287,390.0
12,25315,390.0
12,25341,390.0
12,25357,390.0
12,25359,390.0
12,25389,390.0
12,25391,390.0
12,25393,390.0
12,25407,390.0
12,25433,390.0
12,25451,390.0
12,25465,390.0
12,25479,390.0
12,25493,390.0
12,25495,390.0
12,25511,390.0
12,25541,390.0
12,25567,390.0
12,25581,390.0
12,25607,390.0
12,25633,390.0
12,25635,390.0
12,25649,390.0
12,25665,390.0
12,25679,390.0
12,25709,390.0
12,25735,390.0
12,25737,390.0
12,25751,406.0
12,25779,406.0
12,25807,406.0
12,25821,406.0
12,25839,406.0
12,25853,406.0
12,25867,406.0
12,25869,406.0
12,25887,406.0
12,25913,406.0
12,25927,406.0
12,25941,406.0
12,25971,406.0
12,25973,406.0
12,25999,406.0
12,26015,406.0
12,26017,406.0
12,26033,406.0
12,26051,406.0
12,26067,406.0
12,26081,406.0
12,26097,406.0
12,26127,406.0
12,26141,406.0
12,26155,406.0
12,26183,406.0
12,26197,406.0
12,26225,406.0
12,26239,406.0
12,26253,406.0
12,26267,406.0
12,26293,406.0
12,26323,406.0
12,26351,406.0
12,26369,406.0
12,26399,406.0
12,26425,406.0
12,26439,406.0
12,26457,406.0
12,26487,406.0
12,26501,406.0
12,26519,406.0
12,26533,406.0
12,26561,406.0
12,26575,406.0
12,26603,406.0
12,26617,406.0
12,26619,406.0
12,26647,406.0
12,26667,406.0
12,26697,406.0
12,26727,406.0
12,26729,406.0
12,26743,406.0
12,26757,406.0
12,26771,406.0
12,26785,406.0
12,26801,406.0
12,26827,406.0
12,26841,406.0
12,26855,406.0
12,26883,406.0
12,26909,406.0
12,26923,406.0
12,26925,406.0
12,26953,406.0
12,26983,406.0
12,27009,406.0
12,27035,411.0
12,27037,411.0
12,27063,411.0
12,27065,411.0
12,27081,411.0
12,27107,411.0
12,27133,411.0
12,27147,411.0
12,27149,411.0
12,27165,411.0
12,27191,411.0
12,27207,411.0
12,27221,411.0
12,27239,411.0
12,27267,411.0
12,27293,411.0
12,27307,413.0
12,27323,413.0
12,27339,413.0
12,27353,413.0
12,27355,413.0
12,27369,413.0
12,27395,413.0
12,27397,413.0
12,27433,413.0
12,27447,413.0
12,27475,413.0
12,27489,413.0
12,27515,413.0
12,27517,413.0
12,27519,413.0
12,27545,413.0
12,27561,413.0
12,27591,413.0
12,27607,413.0
12,27621,413.0
12,27647,413.0
12,27661,413.0
12,27675,413.0
12,27693,413.0
12,27709,413.0
12,27725,413.0
12,27741,413.0
12,27771,413.0
12,27773,413.0
12,27805,413.0
12,27819,413.0
12,27821,413.0
12,27837,413.0
12,27865,413.0
12,27893,413.0
12,27907,413.0
12,27921,413.0
12,27935,413.0
12,27951,413.0
12,27965,413.0
12,27979,413.0
12,27993,413.0
12,28007,413.0
12,28023,413.0
12,28025,413.0
12,28053,413.0
12,28081,413.0
12,28095,413.0
12,28097,413.0
12,28111,413.0
12,28139,413.0
12,28167,413.0
12,28169,413.0
12,28183,413.0
12,28205,413.0
12,28207,413.0
12,28235,413.0
12,28261,413.0
12,28291,413.0
12,28293,413.0
12,28295,413.0
12,28309,413.0
12,28337,413.0
12,28367,413.0
12,28381,413.0
12,28413,413.0
12,28415,413.0
12,28441,413.0
12,28467,413.0
12,28481,413.0
12,28509,413.0
12,28525,413.0
12,28559,413.0
12,28585,413.0
12,28599,413.0
12,28617,413.0
12,28647,413.0
12,28649,413.0
12,28667,413.0
12,28695,413.0
12,28725,413.0
12,28751,413.0
12,28767,413.0
12,28795,413.0
12,28821,413.0
12,28837,413.0
12,28851,413.0
12,28877,413.0
12,28897,413.0
12,28923,413.0
12,28953,413.0
12,28967,413.0
12,28983,413.0
12,29001,413.0
12,29017,413.0
12,29043,413.0
12,29071,413.0
12,29087,413.0
12,29101,413.0
12,29115,413.0
12,29143,413.0
12,29171,413.0
12,29185,413.0
12,29217,413.0
12,29251,413.0
12,29281,413.0
12,29283,413.0
12,29297,413.0
12,29311,413.0
12,29337,413.0
12,29351,413.0
12,29367,413.0
12,29385,413.0
12,29411,413.0
12,29439,413.0
12,29441,413.0
12,29455,413.0
12,29457,413.0
12,29487,413.0
12,29517,413.0
12,29519,413.0
12,29545,413.0
12,29559,415.0
12,29561,415.0
12,29575,415.0
12,29603,415.0
12,29617,415.0
12,29649,415.0
12,29677,415.0
12,29691,415.0
12,29707,415.0
12,29735,415.0
12,29737,415.0
12,29753,415.0
12,29779,415.0
12,29805,415.0
12,29819,415.0
12,29833,415.0
12,29849,415.0
12,29863,415.0
12,29879,415.0
12,29897,415.0
12,29911,415.0
12,29927,415.0
12,29953,415.0
12,29971,415.0
12,29985,415.0
12,29999,415.0
12,30027,415.0
12,30045,415.0
12,30059,415.0
12,30061,415.0
12,30089,415.0
12,30117,415.0
12,30145,417.0
12,30175,417.0
12,30201,417.0
12,30241,417.0
12,30269,417.0
12,30283,417.0
12,30297,417.0
12,30299,417.0
12,30327,417.0
12,30341,417.0
12,30355,417.0
12,30375,417.0
12,30389,417.0
12,30403,417.0
12,30419,417.0
12,30421,417.0
12,30437,417.0
12,30463,417.0
12,30481,417.0
12,30509,417.0
12,30539,417.0
12,30555,417.0
12,30573,417.0
12,30587,417.0
12,30613,417.0
12,30615,417.0
12,30629,417.0
12,30655,417.0
12,30685,417.0
12,30713,417.0
12,30739,417.0
12,30765,417.0
12,30783,417.0
12,30813,417.0
12,30815,417.0
12,30829,417.0
12,30843,417.0
12,30873,417.0
12,30899,417.0
12,30901,417.0
12,30917,417.0
12,30931,417.0
12,30947,417.0
12,30961,417.0
12,30979,417.0
12,30993,417.0
12,31007,417.0
12,31023,417.0
12,31037,417.0
12,31055,417.0
12,31057,417.0
12,31059,417.0
12,31075,417.0
12,31089,417.0
12,31117,417.0
12,31143,417.0
12,31159,417.0
12,31173,417.0
12,31207,417.0
12,31235,417.0
12,31249,417.0
12,31265,417.0
12,31291,417.0
12,31305,417.0
12,31319,417.0
12,31347,417.0
12,31373,417.0
12,31387,417.0
12,31401,417.0
12,31415,417.0
12,31431,417.0
12,31457,417.0
12,31489,417.0
12,31515,417.0
12,31529,417.0
12,31543,417.0
12,31559,417.0
12,31575,417.0
12,31601,417.0
12,31615,417.0
12,31631,417.0
12,31649,417.0
12,31663,417.0
12,31679,417.0
12,31705,417.0
12,31735,417.0
12,31763,417.0
12,31789,417.0
12,31803,417.0
12,31817,417.0
12,31847,417.0
12,31863,417.0
12,31877,417.0
12,31893,417.0
12,31919,417.0
12,31921,417.0
12,31949,417.0
13,21978,294.0
13,21992,294.0
13,22006,305.0
13,22008,305.0
13,22024,305.0
13,22042,305.0
13,22525,307.0
13,22543,307.0
13,22559,307.0
13,22573,307.0
13,22605,307.0
13,22621,307.0
13,22647,307.0
13,22665,307.0
13,22691,307.0
13,22709,307.0
13,22723,307.0
13,22739,307.0
13,22755,307.0
13,22783,307.0
13,22785,307.0
13,22799,307.0
13,22831,307.0
13,22845,311.0
13,22847,311.0
13,22849,311.0
13,22877,319.0
13,22895,319.0
13,22925,319.0
13,22927,319.0
13,22929,319.0
13,22959,326.0
13,22987,326.0
13,22989,326.0
13,23019,326.0
13,23047,344.0
13,23073,344.0
13,23091,344.0
13,23105,344.0
13,23119,344.0
13,23147,344.0
13,23175,344.0
13,23193,344.0
13,23195,344.0
13,23197,344.0
13,23199,344.0
13,23231,344.0
13,23247,344.0
13,23277,344.0
13,23291,344.0
13,23293,344.0
13,23307,344.0
13,23335,344.0
13,23349,344.0
13,23363,344.0
13,23379,344.0
13,23395,344.0
13,23409,344.0
13,23427,344.0
13,23441,344.0
13,23469,344.0
13,23471,344.0
13,23497,344.0
13,23511,344.0
13,23525,344.0
13,23527,344.0
13,23541,344.0
13,23573,344.0
13,23599,346.0
13,23601,346.0
13,23603,346.0
13,23629,346.0
13,23643,346.0
13,23645,346.0
13,23675,346.0
13,23691,346.0
13,23717,346.0
13,23743,346.0
13,23759,346.0
13,23773,346.0
13,23787,346.0
13,23813,361.0
13,23841,361.0
13,23867,361.0
13,23883,361.0
13,23901,361.0
13,23929,374.0
13,23957,374.0
13,23983,374.0
13,23997,374.0
13,23999,374.0
13,24025,374.0
13,24027,374.0
13,24041,374.0
13,24043,374.0
13,24077,374.0
13,24105,374.0
13,24137,374.0
13,24151,374.0
13,24167,374.0
13,24185,374.0
13,24199,374.0
13,24215,374.0
13,24231,374.0
13,24247,374.0
13,24261,374.0
13,24289,374.0
13,24291,374.0
13,24317,374.0
13,24345,374.0
13,24347,374.0
13,24373,374.0
13,24389,374.0
13,24403,374.0
13,24417,374.0
13,24419,374.0
13,24447,374.0
13,24461,374.0
13,24463,374.0
13,24477,374.0
13,24491,374.0
13,24493,374.0
13,24507,374.0
13,24509,374.0
13,24523,374.0
13,24555,374.0
13,24557,374.0
13,24583,374.0
13,24601,374.0
13,24617,374.0
13,24647,374.0
13,24649,374.0
13,24651,374.0
13,24667,374.0
13,24687,374.0
13,24715,374.0
13,24729,374.0
13,24755,374.0
13,24785,374.0
13,24799,374.0
13,24813,374.0
13,24843,374.0
13,24873,374.0
13,24875,374.0
13,24877,374.0
13,24905,374.0
13,24919,374.0
13,24951,374.0
13,24977,374.0
13,24991,374.0
13,24993,374.0
13,25019,374.0
13,25035,374.0
13,25065,374.0
13,25079,378.0
13,25093,378.0
13,25123,378.0
13,25141,378.0
13,25155,378.0
13,25169,378.0
13,25185,378.0
13,25187,378.0
13,25201,378.0
13,25215,378.0
13,25229,378.0
13,25247,378.0
13,25261,378.0
13,25275,378.0
13,25291,378.0
13,25293,378.0
13,25295,378.0
13,25309,378.0
13,25337,378.0
13,25355,378.0
13,25371,378.0
13,25387,378.0
13,25407,378.0
13,25435,378.0
13,25463,378.0
13,25465,378.0
13,25481,378.0
13,25495,389.0
13,25497,389.0
13,25527,389.0
13,25529,389.0
13,25543,389.0
13,25545,389.0
13,25577,389.0
13,25605,389.0
13,25619,389.0
13,25633,389.0
13,25661,389.0
13,25689,389.0
13,25705,389.0
13,25733,389.0
13,25747,389.0
13,25763,389.0
13,25777,389.0
13,25791,389.0
13,25807,389.0
13,25821,389.0
13,25835,389.0
13,25849,389.0
13,25875,389.0
13,25891,389.0
13,25893,389.0
13,25907,389.0
13,25909,389.0
13,25939,389.0
13,25955,389.0
13,25971,389.0
13,25985,389.0
13,25987,389.0
13,26001,396.0
13,26015,396.0
13,26051,396.0
13,26077,396.0
13,26107,396.0
13,26135,396.0
13,26151,396.0
13,26153,396.0
13,26155,396.0
13,26181,396.0
13,26213,396.0
13,26229,396.0
13,26243,396.0
13,26257,396.0
13,26271,396.0
13,26285,396.0
13,26299,396.0
13,26333,396.0
13,26347,396.0
13,26375,396.0
13,26389,396.0
13,26391,396.0
13,26421,396.0
13,26435,396.0
13,26449,396.0
13,26477,396.0
13,26505,396.0
13,26543,396.0
13,26557,396.0
13,26575,396.0
13,26589,396.0
13,26603,396.0
13,26617,396.0
13,26645,396.0
13,26647,396.0
13,26663,396.0
13,26691,396.0
13,26709,396.0
13,26723,396.0
13,26751,396.0
13,26765,396.0
13,26767,396.0
13,26783,396.0
13,26797,396.0
13,26811,396.0
13,26839,396.0
13,26867,396.0
13,26881,396.0
13,26909,396.0
13,26937,396.0
13,26967,396.0
13,26993,396.0
13,27009,396.0
13,27023,399.0
13,27039,399.0
13,27067,399.0
13,27069,399.0
13,27085,399.0
13,27087,399.0
13,27101,405.0
13,27127,405.0
13,27141,405.0
13,27169,405.0
13,27201,405.0
13,27203,405.0
13,27233,405.0
13,27259,405.0
13,27261,405.0
13,27275,405.0
13,27303,409.0
13,27329,409.0
13,27355,409.0
13,27383,409.0
13,27401,409.0
13,27417,409.0
13,27433,409.0
13,27461,409.0
13,27475,409.0
13,27497,409.0
13,27525,409.0
13,27539,409.0
13,27567,409.0
13,27583,411.0
13,27585,411.0
13,27599,411.0
13,27619,411.0
13,27635,411.0
13,27663,411.0
13,27693,411.0
13,27707,411.0
13,27735,411.0
13,27751,411.0
13,27765,411.0
13,27791,411.0
13,27805,411.0
13,27835,411.0
13,27851,411.0
13,27877,411.0
13,27907,411.0
13,27921,411.0
13,27937,411.0
13,27965,411.0
13,27997,411.0
13,28011,411.0
13,28039,411.0
13,28055,411.0
13,28085,411.0
13,28101,411.0
13,28119,411.0
13,28133,411.0
13,28147,411.0
13,28173,411.0
13,28189,411.0
13,28215,411.0
13,28233,411.0
13,28235,411.0
13,28261,411.0
13,28291,411.0
13,28305,411.0
13,28307,411.0
13,28339,411.0
13,28341,411.0
13,28343,411.0
13,28369,411.0
13,28383,411.0
13,28409,411.0
13,28441,411.0
13,28443,411.0
13,28445,411.0
13,28459,411.0
13,28485,411.0
13,28499,411.0
13,28515,411.0
13,28529,415.0
13,28545,415.0
13,28577,415.0
13,28605,415.0
13,28607,415.0
13,28621,415.0
13,28623,415.0
13,28637,415.0
13,28663,415.0
13,28677,415.0
13,28691,415.0
13,28705,415.0
13,28731,415.0
13,28747,415.0
13,28761,415.0
13,28775,415.0
13,28789,415.0
13,28817,415.0
13,28833,415.0
13,28847,415.0
13,28861,415.0
13,28863,415.0
13,28865,415.0
13,28891,415.0
13,28921,415.0
13,28935,415.0
13,28961,415.0
13,28975,415.0
13,28989,415.0
13,28991,415.0
13,29005,415.0
13,29033,415.0
13,29049,415.0
13,29075,415.0
13,29089,415.0
13,29117,415.0
13,29133,415.0
13,29163,415.0
13,29189,415.0
13,29215,415.0
13,29217,415.0
13,29231,415.0
13,29233,415.0
13,29247,415.0
13,29263,415.0
13,29279,415.0
13,29305,415.0
13,29319,415.0
13,29345,415.0
13,29363,415.0
13,29383,415.0
13,29399,415.0
13,29427,415.0
13,29453,415.0
13,29467,415.0
13,29483,415.0
13,29513,415.0
13,29515,415.0
13,29531,415.0
13,29557,415.0
13,29575,415.0
13,29601,415.0
13,29615,415.0
13,29645,415.0
13,29647,415.0
13,29673,415.0
13,29675,415.0
13,29689,415.0
13,29719,415.0
13,29745,415.0
13,29761,415.0
13,29777,415.0
13,29795,415.0
13,29821,415.0
13,29823,415.0
13,29839,415.0
13,29869,415.0
13,29899,415.0
13,29917,415.0
13,29945,415.0
13,29961,415.0
13,29975,415.0
13,29989,415.0
13,30003,415.0
13,30017,415.0
13,30045,415.0
13,30059,415.0
13,30087,415.0
13,30103,415.0
13,30117,415.0
13,30131,415.0
13,30133,415.0
13,30135,415.0
13,30149,415.0
13,30167,415.0
13,30181,415.0
13,30207,415.0
13,30221,415.0
13,30251,415.0
13,30253,415.0
13,30267,415.0
13,30269,415.0
13,30285,415.0
13,30299,415.0
13,30301,415.0
13,30327,415.0
13,30347,415.0
13,30349,415.0
13,30365,415.0
13,30393,415.0
13,30407,415.0
13,30435,415.0
13,30451,415.0
13,30465,415.0
13,30479,415.0
13,30493,415.0
13,30521,415.0
13,30535,415.0
13,30549,415.0
13,30575,415.0
13,30607,415.0
13,30621,415.0
13,30635,415.0
13,30649,415.0
13,30677,415.0
13,30709,415.0
13,30711,415.0
13,30739,415.0
13,30769,415.0
13,30783,415.0
13,30811,419.0
13,30839,419.0
13,30841,419.0
13,30857,419.0
13,30883,419.0
13,30911,419.0
13,30913,419.0
13,30927,419.0
13,30953,419.0
13,30969,419.0
13,30983,419.0
13,31015,419.0
13,31029,419.0
13,31043,419.0
13,31069,419.0
13,31085,419.0
13,31111,419.0
13,31143,419.0
13,31173,419.0
13,31201,419.0
13,31231,419.0
13,31245,419.0
13,31261,419.0
13,31263,419.0
13,31277,419.0
13,31303,419.0
13,31323,419.0
13,31351,419.0
13,31369,419.0
13,31383,419.0
13,31399,419.0
13,31401,419.0
13,31415,419.0
13,31433,419.0
13,31435,419.0
13,31463,419.0
13,31477,419.0
13,31495,419.0
13,31521,419.0
13,31535,419.0
13,31563,419.0
13,31577,419.0
13,31591,419.0
13,31593,419.0
13,31607,419.0
13,31621,419.0
13,31647,419.0
13,31649,419.0
13,31679,419.0
13,31693,419.0
13,31695,419.0
13,31725,419.0
13,31739,419.0
13,31765,419.0
13,31791,419.0
13,31793,419.0
13,31819,419.0
13,31835,419.0
13,31861,419.0
13,31875,419.0
13,31903,419.0
13,31905,419.0
13,31921,419.0
13,31935,419.0
13,31955,419.0
13,31969,419.0
13,31995,419.0
14,22419,300.0
14,22433,311.0
14,22449,311.0
14,22465,311.0
14,22491,311.0
14,22505,311.0
14,22519,311.0
14,22533,311.0
14,22561,311.0
14,22563,311.0
14,22589,311.0
14,22605,311.0
14,22639,311.0
14,22667,311.0
14,22681,323.0
14,22695,323.0
14,22709,323.0
14,22735,323.0
14,22753,323.0
14,22767,323.0
14,22769,323.0
14,22803,323.0
14,22817,323.0
14,22831,323.0
14,22845,323.0
14,22871,342.0
14,22897,342.0
14,22923,342.0
14,22925,342.0
14,22939,342.0
14,22965,342.0
14,22967,342.0
14,22995,342.0
14,23009,345.0
14,23011,345.0
14,23041,345.0
14,23043,345.0
14,23059,345.0
14,23087,360.0
14,23115,369.0
14,23131,369.0
14,23145,369.0
14,23159,369.0
14,23187,369.0
14,23213,369.0
14,23245,369.0
14,23273,369.0
14,23303,369.0
14,23317,369.0
14,23349,369.0
14,23379,369.0
14,23393,369.0
14,23407,369.0
14,23423,369.0
14,23437,369.0
14,23451,369.0
14,23481,369.0
14,23483,369.0
14,23513,369.0
14,23529,369.0
14,23545,369.0
14,23547,369.0
14,23579,378.0
14,23593,378.0
14,23627,378.0
14,23655,378.0
14,23689,378.0
14,23703,378.0
14,23705,378.0
14,23733,378.0
14,23735,378.0
14,23751,378.0
14,23781,378.0
14,23809,378.0
14,23811,378.0
14,23825,378.0
14,23839,385.0
14,23853,385.0
14,23883,385.0
14,23909,385.0
14,23939,385.0
14,23953,385.0
14,23967,385.0
14,23993,385.0
14,24021,385.0
14,24053,385.0
14,24067,385.0
14,24069,385.0
14,24083,385.0
14,24097,386.0
14,24111,386.0
14,24137,386.0
14,24151,386.0
14,24181,386.0
14,24197,386.0
14,24225,386.0
14,24227,386.0
14,24241,386.0
14,24267,386.0
14,24269,386.0
14,24285,386.0
14,24299,386.0
14,24313,386.0
14,24327,386.0
14,24341,386.0
14,24355,386.0
14,24373,386.0
14,24399,386.0
14,24415,386.0
14,24437,386.0
14,24453,386.0
14,24483,386.0
14,24499,386.0
14,24527,386.0
14,24541,386.0
14,24543,386.0
14,24557,386.0
14,24571,386.0
14,24597,386.0
14,24613,386.0
14,24615,386.0
14,24641,386.0
14,24669,386.0
14,24671,386.0
14,24697,386.0
14,24711,386.0
14,24725,386.0
14,24739,386.0
14,24741,386.0
14,24755,386.0
14,24781,386.0
14,24795,386.0
14,24811,386.0
14,24825,386.0
14,24841,386.0
14,24867,386.0
14,24895,386.0
14,24913,388.0
14,24941,392.0
14,24955,392.0
14,24957,392.0
14,24973,392.0
14,25001,392.0
14,25027,392.0
14,25045,392.0
14,25059,392.0
14,25075,392.0
14,25077,392.0
14,25107,392.0
14,25123,392.0
14,25125,392.0
14,25139,392.0
14,25165,392.0
14,25179,392.0
14,25209,392.0
14,25235,392.0
14,25261,392.0
14,25275,392.0
14,25277,392.0
14,25305,396.0
14,25319,396.0
14,25335,396.0
14,25349,396.0
14,25375,396.0
14,25389,396.0
14,25403,396.0
14,25417,403.0
14,25443,403.0
14,25475,403.0
14,25503,403.0
14,25531,403.0
14,25557,403.0
14,25575,403.0
14,25601,403.0
14,25615,403.0
14,25629,403.0
14,25643,403.0
14,25673,403.0
14,25687,403.0
14,25701,403.0
14,25715,403.0
14,25743,403.0
14,25759,403.0
14,25773,403.0
14,25775,403.0
14,25793,403.0
14,25809,403.0
14,25827,403.0
14,25829,403.0
14,25857,403.0
14,25883,403.0
14,25897,403.0
14,25911,403.0
14,25925,403.0
14,25953,408.0
14,25979,408.0
14,25993,408.0
14,25995,408.0
14,26009,408.0
14,26023,408.0
14,26037,408.0
14,26067,408.0
14,26081,408.0
14,26101,408.0
14,26117,408.0
14,26145,408.0
14,26159,408.0
14,26173,408.0
14,26175,408.0
14,26189,408.0
14,26203,408.0
14,26233,410.0
14,26247,410.0
14,26261,410.0
14,26275,410.0
14,26291,410.0
14,26293,410.0
14,26307,410.0
14,26333,410.0
14,26347,410.0
14,26375,410.0
14,26401,410.0
14,26403,410.0
14,26417,410.0
14,26445,410.0
14,26475,410.0
14,26503,410.0
14,26505,410.0
14,26519,410.0
14,26521,410.0
14,26547,410.0
14,26561,410.0
14,26575,410.0
14,26603,410.0
14,26605,410.0
14,26637,410.0
14,26653,410.0
14,26667,410.0
14,26697,410.0
14,26723,413.0
14,26749,413.0
14,26751,413.0
14,26777,413.0
14,26793,413.0
14,26807,413.0
14,26821,413.0
14,26823,413.0
14,26851,413.0
14,26865,413.0
14,26879,413.0
14,26881,413.0
14,26909,413.0
14,26939,413.0
14,26953,413.0
14,26967,413.0
14,26983,413.0
14,26985,413.0
14,27001,413.0
14,27027,413.0
14,27041,413.0
14,27069,413.0
14,27083,413.0
14,27099,413.0
14,27129,413.0
14,27157,413.0
14,27187,413.0
14,27215,413.0
14,27217,413.0
14,27233,413.0
14,27261,413.0
14,27289,413.0
14,27303,413.0
14,27319,413.0
14,27335,413.0
14,27337,413.0
14,27353,413.0
14,27367,413.0
14,27397,413.0
14,27423,413.0
14,27437,413.0
14,27455,413.0
14,27471,413.0
14,27485,413.0
14,27515,413.0
14,27529,413.0
14,27543,413.0
14,27545,413.0
14,27559,413.0
14,27561,413.0
14,27591,413.0
14,27605,413.0
14,27607,413.0
14,27623,413.0
14,27655,413.0
14,27669,413.0
14,27671,413.0
14,27673,413.0
14,27703,413.0
14,27717,413.0
14,27747,413.0
14,27775,413.0
14,27789,413.0
14,27817,413.0
14,27819,413.0
14,27821,413.0
14,27835,413.0
14,27861,413.0
14,27875,413.0
14,27901,413.0
14,27927,413.0
14,27955,413.0
14,27969,413.0
14,28005,413.0
14,28019,413.0
14,28053,413.0
14,28071,413.0
14,28085,413.0
14,28099,413.0
14,28129,413.0
14,28159,413.0
14,28161,413.0
14,28177,413.0
14,28179,413.0
14,28207,413.0
14,28235,413.0
14,28249,413.0
14,28263,413.0
14,28277,413.0
14,28279,413.0
14,28307,413.0
14,28309,413.0
14,28337,413.0
14,28363,413.0
14,28383,413.0
14,28385,413.0
14,28399,413.0
14,28413,413.0
14,28427,413.0
14,28441,413.0
14,28457,413.0
14,28471,413.0
14,28487,413.0
14,28501,413.0
14,28527,413.0
14,28553,413.0
14,28567,413.0
14,28581,413.0
14,28607,413.0
14,28621,413.0
14,28635,413.0
14,28665,413.0
14,28683,413.0
14,28699,413.0
14,28713,416.0
14,28727,416.0
14,28741,416.0
14,28767,416.0
14,28781,416.0
14,28797,416.0
14,28823,416.0
14,28825,416.0
14,28839,416.0
14,28855,416.0
14,28881,416.0
14,28909,416.0
14,28911,416.0
14,28939,416.0
14,28977,416.0
14,28979,416.0
14,28993,416.0
14,29007,416.0
14,29033,416.0
14,29035,416.0
14,29061,416.0
14,29075,416.0
14,29089,416.0
14,29091,416.0
14,29107,416.0
14,29121,416.0
14,29135,416.0
14,29149,416.0
14,29167,416.0
14,29185,416.0
14,29213,416.0
14,29227,416.0
14,29241,416.0
14,29269,416.0
14,29283,416.0
14,29309,416.0
14,29325,416.0
14,29327,416.0
14,29341,416.0
14,29343,416.0
14,29369,416.0
14,29383,416.0
14,29397,416.0
14,29429,416.0
14,29431,416.0
14,29433,416.0
14,29449,416.0
14,29463,416.0
14,29477,416.0
14,29513,416.0
14,29527,416.0
14,29541,416.0
14,29567,416.0
14,29581,416.0
14,29583,416.0
14,29597,416.0
14,29611,416.0
14,29625,416.0
14,29643,416.0
14,29657,416.0
14,29673,416.0
14,29689,416.0
14,29717,416.0
14,29731,416.0
14,29763,416.0
14,29779,416.0
14,29781,416.0
14,29797,416.0
14,29799,416.0
14,29813,416.0
14,29827,416.0
14,29829,416.0
14,29831,416.0
14,29845,416.0
14,29859,416.0
14,29887,416.0
14,29889,416.0
14,29891,416.0
14,29919,416.0
14,29921,416.0
14,29957,416.0
14,29987,416.0
14,30003,416.0
14,30017,416.0
14,30047,416.0
14,30077,416.0
14,30091,416.0
14,30119,416.0
14,30133,416.0
14,30149,416.0
14,30163,416.0
14,30177,416.0
14,30191,416.0
14,30205,416.0
14,30235,416.0
14,30265,416.0
14,30279,416.0
14,30305,416.0
14,30331,416.0
14,30333,416.0
14,30347,416.0
14,30365,416.0
14,30379,416.0
14,30399,416.0
14,30429,416.0
14,30443,422.0
14,30475,422.0
14,30477,422.0
14,30503,422.0
14,30533,422.0
14,30563,422.0
14,30577,422.0
14,30591,422.0
14,30607,422.0
14,30621,422.0
14,30623,422.0
14,30657,422.0
14,30687,422.0
14,30701,422.0
14,30727,422.0
14,30755,422.0
14,30771,422.0
14,30787,422.0
14,30817,422.0
14,30843,422.0
14,30857,422.0
14,30885,422.0
14,30915,422.0
14,30943,422.0
14,30961,422.0
14,30991,422.0
14,31005,422.0
14,31019,422.0
14,31037,422.0
14,31065,422.0
14,31067,422.0
14,31081,422.0
14,31095,422.0
14,31111,422.0
14,31137,422.0
14,31163,422.0
14,31165,422.0
14,31183,422.0
14,31213,422.0
14,31229,422.0
14,31243,422.0
14,31269,422.0
14,31271,422.0
14,31285,422.0
14,31287,422.0
14,31303,422.0
14,31317,422.0
14,31333,422.0
14,31359,422.0
14,31373,422.0
14,31387,422.0
14,31401,422.0
14,31415,422.0
14,31443,422.0
14,31469,422.0
14,31485,422.0
14,31501,422.0
14,31529,422.0
14,31555,422.0
14,31571,422.0
14,31597,422.0
14,31611,422.0
14,31613,422.0
14,31627,422.0
14,31655,422.0
14,31669,422.0
14,31683,422.0
14,31701,422.0
14,31703,422.0
14,31735,422.0
14,31763,422.0
14,31789,422.0
14,31803,422.0
14,31817,422.0
14,31849,422.0
14,31877,422.0
14,31909,422.0
14,31937,422.0
14,31939,422.0
14,31969,422.0
15,22142,293.0
15,22172,293.0
15,22174,293.0
15,22200,300.0
15,22709,321.0
15,22711,321.0
15,22737,334.0
15,22739,334.0
15,22753,334.0
15,22769,334.0
15,22797,334.0
15,22799,334.0
15,22815,334.0
15,22829,334.0
15,22845,334.0
15,22873,334.0
15,22887,334.0
15,22901,334.0
15,22927,334.0
15,22953,334.0
15,22983,334.0
15,22985,334.0
15,23011,341.0
15,23039,341.0
15,23067,341.0
15,23083,341.0
15,23097,341.0
15,23111,341.0
15,23125,341.0
15,23153,341.0
15,23175,341.0
15,23201,341.0
15,23203,341.0
15,23229,341.0
15,23255,341.0
15,23257,341.0
15,23287,341.0
15,23315,341.0
15,23329,341.0
15,23355,341.0
15,23381,341.0
15,23383,341.0
15,23401,341.0
15,23421,341.0
15,23451,341.0
15,23465,341.0
15,23493,341.0
15,23495,341.0
15,23523,341.0
15,23553,341.0
15,23555,341.0
15,23569,341.0
15,23599,341.0
15,23601,341.0
15,23631,341.0
15,23657,341.0
15,23683,341.0
15,23697,341.0
15,23713,341.0
15,23727,341.0
15,23729,341.0
15,23731,346.0
15,23747,346.0
15,23749,346.0
15,23775,353.0
15,23803,362.0
15,23819,362.0
15,23821,362.0
15,23837,362.0
15,23869,362.0
15,23883,362.0
15,23911,362.0
15,23927,362.0
15,23961,362.0
15,23989,362.0
15,24003,383.0
15,24021,383.0
15,24037,383.0
15,24053,383.0
15,24055,383.0
15,24069,383.0
15,24085,383.0
15,24113,383.0
15,24131,383.0
15,24147,383.0
15,24163,383.0
15,24165,383.0
15,24181,383.0
15,24197,383.0
15,24199,383.0
15,24229,383.0
15,24255,383.0
15,24275,383.0
15,24307,383.0
15,24333,383.0
15,24359,383.0
15,24373,383.0
15,24401,383.0
15,24415,383.0
15,24429,383.0
15,24457,383.0
15,24471,383.0
15,24487,383.0
15,24503,383.0
15,24529,383.0
15,24555,383.0
15,24583,383.0
15,24585,383.0
15,24601,383.0
15,24633,383.0
15,24649,383.0
15,24677,383.0
15,24703,383.0
15,24719,383.0
15,24733,391.0
15,24763,391.0
15,24777,391.0
15,24797,391.0
15,24811,391.0
15,24825,391.0
15,24839,391.0
15,24865,391.0
15,24893,391.0
15,24909,391.0
15,24911,391.0
15,24927,391.0
15,24941,391.0
15,24955,391.0
15,24971,391.0
15,24985,391.0
15,24999,391.0
15,25025,391.0
15,25039,391.0
15,25053,391.0
15,25081,391.0
15,25109,391.0
15,25137,391.0
15,25151,391.0
15,25179,391.0
15,25207,395.0
15,25233,395.0
15,25259,395.0
15,25287,395.0
15,25303,395.0
15,25305,395.0
15,25321,395.0
15,25335,395.0
15,25337,395.0
15,25355,395.0
15,25369,395.0
15,25371,395.0
15,25385,395.0
15,25399,395.0
15,25417,395.0
15,25435,395.0
15,25451,395.0
15,25465,395.0
15,25481,395.0
15,25483,395.0
15,25511,395.0
15,25537,395.0
15,25551,395.0
15,25577,395.0
15,25609,395.0
15,25611,395.0
15,25613,395.0
15,25641,395.0
15,25643,395.0
15,25657,395.0
15,25689,395.0
15,25691,395.0
15,25721,395.0
15,25747,395.0
15,25761,395.0
15,25791,395.0
15,25809,395.0
15,25823,395.0
15,25825,395.0
15,25851,395.0
15,25881,395.0
15,25909,395.0
15,25935,395.0
15,25953,395.0
15,25955,395.0
15,25969,395.0
15,25971,395.0
15,25997,395.0
15,26027,395.0
15,26043,395.0
15,26073,395.0
15,26099,395.0
15,26117,395.0
15,26145,395.0
15,26147,395.0
15,26161,395.0
15,26187,395.0
15,26207,395.0
15,26237,395.0
15,26263,395.0
15,26295,395.0
15,26309,395.0
15,26335,395.0
15,26337,395.0
15,26371,395.0
15,26385,395.0
15,26401,395.0
15,26417,395.0
15,26435,395.0
15,26449,395.0
15,26467,395.0
15,26495,395.0
15,26521,395.0
15,26535,395.0
15,26551,395.0
15,26579,395.0
15,26599,395.0
15,26613,395.0
15,26641,395.0
15,26659,395.0
15,26673,395.0
15,26701,395.0
15,26717,395.0
15,26733,395.0
15,26749,395.0
15,26775,395.0
15,26777,395.0
15,26791,395.0
15,26823,395.0
15,26839,395.0
15,26853,395.0
15,26869,395.0
15,26883,397.0
15,26885,397.0
15,26887,397.0
15,26889,397.0
15,26909,397.0
15,26925,397.0
15,26927,397.0
15,26941,397.0
15,26971,397.0
15,26973,397.0
15,27001,397.0
15,27003,397.0
15,27005,397.0
15,27023,397.0
15,27039,397.0
15,27053,397.0
15,27083,397.0
15,27097,397.0
15,27111,397.0
15,27125,397.0
15,27153,397.0
15,27185,397.0
15,27211,397.0
15,27225,397.0
15,27241,397.0
15,27255,397.0
15,27257,397.0
15,27259,397.0
15,27275,397.0
15,27301,397.0
15,27315,397.0
15,27347,397.0
15,27361,397.0
15,27387,397.0
15,27401,397.0
15,27403,397.0
15,27417,397.0
15,27439,397.0
15,27441,397.0
15,27455,405.0
15,27483,405.0
15,27485,405.0
15,27487,405.0
15,27489,405.0
15,27491,405.0
15,27505,405.0
15,27531,405.0
15,27545,405.0
15,27561,405.0
15,27563,405.0
15,27597,405.0
15,27599,405.0
15,27629,405.0
15,27643,405.0
15,27657,405.0
15,27659,405.0
15,27677,405.0
15,27709,405.0
15,27723,405.0
15,27737,405.0
15,27753,405.0
15,27769,405.0
15,27801,405.0
15,27817,405.0
15,27833,405.0
15,27847,405.0
15,27863,405.0
15,27865,405.0
15,27881,405.0
15,27907,405.0
15,27933,405.0
15,27947,405.0
15,27973,407.0
15,28001,407.0
15,28017,407.0
15,28031,407.0
15,28045,407.0
15,28071,407.0
15,28087,407.0
15,28103,407.0
15,28119,407.0
15,28151,407.0
15,28167,407.0
15,28181,407.0
15,28195,407.0
15,28209,407.0
15,28243,407.0
15,28259,407.0
15,28287,407.0
15,28301,407.0
15,28315,407.0
15,28329,407.0
15,28355,407.0
15,28371,407.0
15,28387,407.0
15,28401,407.0
15,28403,407.0
15,28429,407.0
15,28461,407.0
15,28463,407.0
15,28493,407.0
15,28519,407.0
15,28533,407.0
15,28563,407.0
15,28591,407.0
15,28619,407.0
15,28645,407.0
15,28647,407.0
15,28675,407.0
15,28691,407.0
15,28705,407.0
15,28731,407.0
15,28745,407.0
15,28773,407.0
15,28787,407.0
15,28817,407.0
15,28831,411.0
15,28845,411.0
15,28847,411.0
15,28863,411.0
15,28889,411.0
15,28907,411.0
15,28923,411.0
15,28951,411.0
15,28981,411.0
15,29007,411.0
15,29033,411.0
15,29047,411.0
15,29079,411.0
15,29113,411.0
15,29145,411.0
15,29161,411.0
15,29177,411.0
15,29193,411.0
15,29207,411.0
15,29209,411.0
15,29211,411.0
15,29227,411.0
15,29241,411.0
15,29255,411.0
15,29269,411.0
15,29271,411.0
15,29299,411.0
15,29325,411.0
15,29339,411.0
15,29365,411.0
15,29379,411.0
15,29409,411.0
15,29411,411.0
15,29427,411.0
15,29445,411.0
15,29471,411.0
15,29487,411.0
15,29515,411.0
15,29529,411.0
15,29543,411.0
15,29569,411.0
15,29597,411.0
15,29627,411.0
15,29653,411.0
15,29667,411.0
15,29693,411.0
15,29707,411.0
15,29721,411.0
15,29747,411.0
15,29761,411.0
15,29779,411.0
15,29793,411.0
15,29795,411.0
15,29809,411.0
15,29825,411.0
15,29839,411.0
15,29865,411.0
15,29867,411.0
15,29895,411.0
15,29921,411.0
15,29949,411.0
15,29963,411.0
15,29977,411.0
15,29991,411.0
15,29993,411.0
15,30011,411.0
15,30027,411.0
15,30057,411.0
15,30085,411.0
15,30111,411.0
15,30129,411.0
15,30143,411.0
15,30157,411.0
15,30171,415.0
15,30189,415.0
15,30207,415.0
15,30221,415.0
15,30239,415.0
15,30255,415.0
15,30269,415.0
15,30283,415.0
15,30285,415.0
15,30299,415.0
15,30301,415.0
15,30319,415.0
15,30333,415.0
15,30347,415.0
15,30349,415.0
15,30375,415.0
15,30401,415.0
15,30415,415.0
15,30429,415.0
15,30447,415.0
15,30461,415.0
15,30489,415.0
15,30517,415.0
15,30547,415.0
15,30563,415.0
15,30589,415.0
15,30605,415.0
15,30635,415.0
15,30637,415.0
15,30651,415.0
15,30679,415.0
15,30709,415.0
15,30737,415.0
15,30763,415.0
15,30779,415.0
15,30781,415.0
15,30795,415.0
15,30825,415.0
15,30843,415.0
15,30845,415.0
15,30875,415.0
15,30893,415.0
15,30895,415.0
15,30911,415.0
15,30925,415.0
15,30927,415.0
15,30941,415.0
15,30971,415.0
15,30973,415.0
15,31003,415.0
15,31031,415.0
15,31047,415.0
15,31077,415.0
15,31091,415.0
15,31105,415.0
15,31123,415.0
15,31149,415.0
15,31177,415.0
15,31195,415.0
15,31209,415.0
15,31235,415.0
15,31249,415.0
15,31267,415.0
15,31297,415.0
15,31325,415.0
15,31355,415.0
15,31373,415.0
15,31401,415.0
15,31415,415.0
15,31429,415.0
15,31465,415.0
15,31479,415.0
15,31507,415.0
15,31521,415.0
15,31549,415.0
15,31563,415.0
15,31591,415.0
15,31607,415.0
15,31621,415.0
15,31635,415.0
15,31665,415.0
15,31679,415.0
15,31681,415.0
15,31695,415.0
15,31721,415.0
15,31739,415.0
15,31767,415.0
15,31795,415.0
15,31821,415.0
15,31835,415.0
15,31865,415.0
15,31891,415.0
15,31909,415.0
15,31927,415.0
15,31953,415.0
15,31967,415.0
15,31983,415.0
15,31997,415.0
15,32015,415.0
15,32049,415.0
15,32075,415.0
15,32077,415.0
15,32091,415.0
15,32119,415.0
15,32147,415.0
16,22354,288.0
16,22370,288.0
16,22791,296.0
16,22793,296.0
16,22819,307.0
16,22833,327.0
16,22863,327.0
16,22879,327.0
16,22881,327.0
16,22915,327.0
16,22941,338.0
16,22973,338.0
16,23003,338.0
16,23029,338.0
16,23043,338.0
16,23045,338.0
16,23047,338.0
16,23075,338.0
16,23089,340.0
16,23103,340.0
16,23123,340.0
16,23137,340.0
16,23139,340.0
16,23157,340.0
16,23183,340.0
16,23201,340.0
16,23229,343.0
16,23243,343.0
16,23273,343.0
16,23287,343.0
16,23301,343.0
16,23317,343.0
16,23331,343.0
16,23357,343.0
16,23387,343.0
16,23403,343.0
16,23405,343.0
16,23419,343.0
16,23435,343.0
16,23463,343.0
16,23465,343.0
16,23479,343.0
16,23507,356.0
16,23521,356.0
16,23535,356.0
16,23563,356.0
16,23589,356.0
16,23607,356.0
16,23609,356.0
16,23623,356.0
16,23653,356.0
16,23683,356.0
16,23697,356.0
16,23723,356.0
16,23745,356.0
16,23761,356.0
16,23793,356.0
16,23795,356.0
16,23813,356.0
16,23815,356.0
16,23817,356.0
16,23843,356.0
16,23857,356.0
16,23889,356.0
16,23903,356.0
16,23919,356.0
16,23939,356.0
16,23953,356.0
16,23967,356.0
16,23987,356.0
16,24013,356.0
16,24029,356.0
16,24055,364.0
16,24057,364.0
16,24071,364.0
16,24087,364.0
16,24089,364.0
16,24091,364.0
16,24105,364.0
16,24119,364.0
16,24139,364.0
16,24153,364.0
16,24181,364.0
16,24195,364.0
16,24211,364.0
16,24227,364.0
16,24257,364.0
16,24271,364.0
16,24299,364.0
16,24313,364.0
16,24315,364.0
16,24329,364.0
16,24343,364.0
16,24357,364.0
16,24385,364.0
16,24399,364.0
16,24413,364.0
16,24415,364.0
16,24441,364.0
16,24471,364.0
16,24501,364.0
16,24527,364.0
16,24543,364.0
16,24571,364.0
16,24585,364.0
16,24617,364.0
16,24635,364.0
16,24663,364.0
16,24677,364.0
16,24691,364.0
16,24707,364.0
16,24723,364.0
16,24751,364.0
16,24767,364.0
16,24781,364.0
16,24783,364.0
16,24797,364.0
16,24823,369.0
16,24825,369.0
16,24841,373.0
16,24873,373.0
16,24889,373.0
16,24903,373.0
16,24931,373.0
16,24947,373.0
16,24975,373.0
16,24989,373.0
16,25019,373.0
16,25021,373.0
16,25053,373.0
16,25055,373.0
16,25069,373.0
16,25083,377.0
16,25111,377.0
16,25125,377.0
16,25153,377.0
16,25155,377.0
16,25171,377.0
16,25199,377.0
16,25213,382.0
16,25241,382.0
16,25255,382.0
16,25271,382.0
16,25305,382.0
16,25319,382.0
16,25333,382.0
16,25361,382.0
16,25375,382.0
16,25389,382.0
16,25415,382.0
16,25417,382.0
16,25443,388.0
16,25469,388.0
16,25499,388.0
16,25529,388.0
16,25565,388.0
16,25593,388.0
16,25619,388.0
16,25645,388.0
16,25659,388.0
16,25687,388.0
16,25689,388.0
16,25703,388.0
16,25735,388.0
16,25765,388.0
16,25779,388.0
16,25807,388.0
16,25821,388.0
16,25847,388.0
16,25873,388.0
16,25887,388.0
16,25901,388.0
16,25929,388.0
16,25957,388.0
16,25959,388.0
16,25975,388.0
16,26003,388.0
16,26017,388.0
16,26031,388.0
16,26049,388.0
16,26063,388.0
16,26093,388.0
16,26111,388.0
16,26113,388.0
16,26129,388.0
16,26157,388.0
16,26159,388.0
16,26185,388.0
16,26199,388.0
16,26201,388.0
16,26217,388.0
16,26245,388.0
16,26261,388.0
16,26275,388.0
16,26289,388.0
16,26321,388.0
16,26335,388.0
16,26363,388.0
16,26365,388.0
16,26391,388.0
16,26417,388.0
16,26431,388.0
16,26457,388.0
16,26471,388.0
16,26489,388.0
16,26505,388.0
16,26533,388.0
16,26535,388.0
16,26565,388.0
16,26595,388.0
16,26621,388.0
16,26635,388.0
16,26649,388.0
16,26675,388.0
16,26693,388.0
16,26695,388.0
16,26709,388.0
16,26727,388.0
16,26741,388.0
16,26755,388.0
16,26757,388.0
16,26773,388.0
16,26799,388.0
16,26825,388.0
16,26841,388.0
16,26867,388.0
16,26881,388.0
16,26907,388.0
16,26933,388.0
16,26935,388.0
16,26937,388.0
16,26951,388.0
16,26953,388.0
16,26967,388.0
16,26981,388.0
16,26995,388.0
16,27015,388.0
16,27043,388.0
16,27045,388.0
16,27061,388.0
16,27075,396.0
16,27091,396.0
16,27093,396.0
16,27109,396.0
16,27135,396.0
16,27161,396.0
16,27189,396.0
16,27225,396.0
16,27227,396.0
16,27229,396.0
16,27245,396.0
16,27277,396.0
16,27307,396.0
16,27321,396.0
16,27347,396.0
16,27363,396.0
16,27365,396.0
16,27393,396.0
16,27419,396.0
16,27421,396.0
16,27447,396.0
16,27449,396.0
16,27463,396.0
16,27491,396.0
16,27509,396.0
16,27537,396.0
16,27553,396.0
16,27567,396.0
16,27595,396.0
16,27611,396.0
16,27639,397.0
16,27665,397.0
16,27679,397.0
16,27695,397.0
16,27709,397.0
16,27735,399.0
16,27749,399.0
16,27763,399.0
16,27777,399.0
16,27793,399.0
16,27795,399.0
16,27825,399.0
16,27839,399.0
16,27855,399.0
16,27871,399.0
16,27873,399.0
16,27901,399.0
16,27903,399.0
16,27929,399.0
16,27947,399.0
16,27975,399.0
16,27995,399.0
16,28009,399.0
16,28041,399.0
16,28069,399.0
16,28085,399.0
16,28099,399.0
16,28115,399.0
16,28143,399.0
16,28171,399.0
16,28185,399.0
16,28213,399.0
16,28227,399.0
16,28243,399.0
16,28259,399.0
16,28285,399.0
16,28303,399.0
16,28305,399.0
16,28333,399.0
16,28361,399.0
16,28389,399.0
16,28403,399.0
16,28419,399.0
16,28433,399.0
16,28435,399.0
16,28465,399.0
16,28479,399.0
16,28511,399.0
16,28527,399.0
16,28541,399.0
16,28557,399.0
16,28573,399.0
16,28575,399.0
16,28577,399.0
16,28603,399.0
16,28623,399.0
16,28649,403.0
16,28651,403.0
16,28667,403.0
16,28681,403.0
16,28707,403.0
16,28733,403.0
16,28761,403.0
16,28789,403.0
16,28805,403.0
16,28819,403.0
16,28845,406.0
16,28847,406.0
16,28861,406.0
16,28891,406.0
16,28917,406.0
16,28949,406.0
16,28963,406.0
16,28993,406.0
16,29009,406.0
16,29041,406.0
16,29067,406.0
16,29081,406.0
16,29107,406.0
16,29125,406.0
16,29157,406.0
16,29171,406.0
16,29201,406.0
16,29231,406.0
16,29263,406.0
16,29277,406.0
16,29303,406.0
16,29317,406.0
16,29319,406.0
16,29321,406.0
16,29351,406.0
16,29353,406.0
16,29369,406.0
16,29383,406.0
16,29385,406.0
16,29387,406.0
16,29389,406.0
16,29417,406.0
16,29419,406.0
16,29421,406.0
16,29449,406.0
16,29481,406.0
16,29509,406.0
16,29525,406.0
16,29551,409.0
16,29577,409.0
16,29591,409.0
16,29621,409.0
16,29637,409.0
16,29651,409.0
16,29679,409.0
16,29711,409.0
16,29725,409.0
16,29743,409.0
16,29775,409.0
16,29805,409.0
16,29833,409.0
16,29849,409.0
16,29875,409.0
16,29889,409.0
16,29907,409.0
16,29923,409.0
16,29955,409.0
16,29981,409.0
16,29995,409.0
16,29997,409.0
16,29999,409.0
16,30029,409.0
16,30043,409.0
16,30071,409.0
16,30087,409.0
16,30103,409.0
16,30129,409.0
16,30159,409.0
16,30173,409.0
16,30193,409.0
16,30219,409.0
16,30221,409.0
16,30247,409.0
16,30261,409.0
16,30263,409.0
16,30291,409.0
16,30319,409.0
16,30335,409.0
16,30349,409.0
16,30351,409.0
16,30353,409.0
16,30367,409.0
16,30387,409.0
16,30403,409.0
16,30433,409.0
16,30447,409.0
16,30461,409.0
16,30475,409.0
16,30495,409.0
16,30523,409.0
16,30525,409.0
16,30539,409.0
16,30575,409.0
16,30601,409.0
16,30615,409.0
16,30631,409.0
16,30649,409.0
16,30663,409.0
16,30691,409.0
16,30717,409.0
16,30719,409.0
16,30749,409.0
16,30751,409.0
16,30765,409.0
16,30781,409.0
16,30795,409.0
16,30823,409.0
16,30853,409.0
16,30855,409.0
16,30881,409.0
16,30897,409.0
16,30923,409.0
16,30937,409.0
16,30965,409.0
16,30993,409.0
16,31007,409.0
16,31009,409.0
16,31037,412.0
16,31051,412.0
16,31065,412.0
16,31081,412.0
16,31097,412.0
16,31111,412.0
16,31125,412.0
16,31141,412.0
16,31167,412.0
16,31197,412.0
16,31215,412.0
16,31243,412.0
16,31271,412.0
16,31285,412.0
16,31311,412.0
16,31325,412.0
16,31339,412.0
16,31341,412.0
16,31355,412.0
16,31357,412.0
16,31373,412.0
16,31393,412.0
16,31407,412.0
16,31421,412.0
16,31449,412.0
16,31477,412.0
16,31495,412.0
16,31513,412.0
16,31527,412.0
16,31543,412.0
16,31561,412.0
16,31563,412.0
16,31593,412.0
16,31607,412.0
16,31609,412.0
16,31639,412.0
16,31653,412.0
16,31667,412.0
16,31669,412.0
16,31685,412.0
16,31699,412.0
16,31727,412.0
16,31741,412.0
16,31769,412.0
16,31795,412.0
16,31809,412.0
16,31837,412.0
16,31863,412.0
16,31891,412.0
16,31919,412.0
16,31933,412.0
16,31961,412.0
16,31979,412.0
16,32009,412.0
16,32037,412.0
16,32055,412.0
16,32081,412.0
16,32109,412.0
16,32137,412.0
16,32151,412.0
16,32165,412.0
16,32179,412.0
16,32193,412.0
16,32223,412.0
16,32237,412.0
16,32251,412.0
16,32267,412.0
16,32299,412.0
16,32329,412.0
16,32345,412.0
17,22202,309.0
17,22216,310.0
17,22218,310.0
17,22232,320.0
17,22250,320.0
17,22268,320.0
17,22270,320.0
17,22296,325.0
17,22322,325.0
17,22336,325.0
17,22362,325.0
17,22376,335.0
17,22402,335.0
17,22416,335.0
17,22444,335.0
17,22446,335.0
17,22482,335.0
17,22498,335.0
17,22971,335.0
17,22987,335.0
17,22989,335.0
17,23005,335.0
17,23031,335.0
17,23033,335.0
17,23035,335.0
17,23061,338.0
17,23075,338.0
17,23101,340.0
17,23117,340.0
17,23143,340.0
17,23163,340.0
17,23189,340.0
17,23217,344.0
17,23231,344.0
17,23233,344.0
17,23261,344.0
17,23291,344.0
17,23319,344.0
17,23335,344.0
17,23337,344.0
17,23339,344.0
17,23367,344.0
17,23395,344.0
17,23423,344.0
17,23437,344.0
17,23439,344.0
17,23467,344.0
17,23469,344.0
17,23499,344.0
17,23501,344.0
17,23529,344.0
17,23543,344.0
17,23557,344.0
17,23583,344.0
17,23601,344.0
17,23617,344.0
17,23631,344.0
17,23647,344.0
17,23663,344.0
17,23665,344.0
17,23693,344.0
17,23721,362.0
17,23723,362.0
17,23739,362.0
17,23767,362.0
17,23781,362.0
17,23795,362.0
17,23809,362.0
17,23825,362.0
17,23851,362.0
17,23865,362.0
17,23891,362.0
17,23907,362.0
17,23921,362.0
17,23947,367.0
17,23961,367.0
17,23989,367.0
17,23991,367.0
17,24005,367.0
17,24033,367.0
17,24047,367.0
17,24065,367.0
17,24067,367.0
17,24093,373.0
17,24111,373.0
17,24113,373.0
17,24131,373.0
17,24145,373.0
17,24159,373.0
17,24185,373.0
17,24199,373.0
17,24213,373.0
17,24229,373.0
17,24243,373.0
17,24273,373.0
17,24303,373.0
17,24305,373.0
17,24333,373.0
17,24359,373.0
17,24387,373.0
17,24415,373.0
17,24417,373.0
17,24433,373.0
17,24447,373.0
17,24477,373.0
17,24491,373.0
17,24509,373.0
17,24523,373.0
17,24537,373.0
17,24551,373.0
17,24565,373.0
17,24581,373.0
17,24595,373.0
17,24613,373.0
17,24639,373.0
17,24655,373.0
17,24669,373.0
17,24695,386.0
17,24711,386.0
17,24727,386.0
17,24729,386.0
17,24755,386.0
17,24783,386.0
17,24799,386.0
17,24801,386.0
17,24815,386.0
17,24841,386.0
17,24855,386.0
17,24871,386.0
17,24897,386.0
17,24911,386.0
17,24925,386.0
17,24927,386.0
17,24941,386.0
17,24969,386.0
17,24999,386.0
17,25025,386.0
17,25047,386.0
17,25061,386.0
17,25075,386.0
17,25077,386.0
17,25105,386.0
17,25119,386.0
17,25133,386.0
17,25151,386.0
17,25165,386.0
17,25179,386.0
17,25193,386.0
17,25207,386.0
17,25223,386.0
17,25239,386.0
17,25265,386.0
17,25281,386.0
17,25299,386.0
17,25313,386.0
17,25331,386.0
17,25357,386.0
17,25371,386.0
17,25385,386.0
17,25415,386.0
17,25431,386.0
17,25457,386.0
17,25489,386.0
17,25503,386.0
17,25521,386.0
17,25549,386.0
17,25551,386.0
17,25567,386.0
17,25581,386.0
17,25583,386.0
17,25615,386.0
17,25629,386.0
17,25643,386.0
17,25673,386.0
17,25701,386.0
17,25733,386.0
17,25763,386.0
17,25765,386.0
17,25779,386.0
17,25807,386.0
17,25833,386.0
17,25859,386.0
17,25873,386.0
17,25905,386.0
17,25931,386.0
17,25933,386.0
17,25947,398.0
17,25961,398.0
17,25975,398.0
17,26007,398.0
17,26021,403.0
17,26051,403.0
17,26053,403.0
17,26067,403.0
17,26093,403.0
17,26107,403.0
17,26139,403.0
17,26167,403.0
17,26169,403.0
17,26185,403.0
17,26211,403.0
17,26227,403.0
17,26241,403.0
17,26243,403.0
17,26269,403.0
17,26289,403.0
17,26315,403.0
17,26331,403.0
17,26333,403.0
17,26361,403.0
17,26389,403.0
17,26405,403.0
17,26419,403.0
17,26433,403.0
17,26459,403.0
17,26473,403.0
17,26501,403.0
17,26529,403.0
17,26557,403.0
17,26573,403.0
17,26589,403.0
17,26617,403.0
17,26647,403.0
17,26677,403.0
17,26691,403.0
17,26717,403.0
17,26743,403.0
17,26745,403.0
17,26759,403.0
17,26785,403.0
17,26817,403.0
17,26831,403.0
17,26847,403.0
17,26875,403.0
17,26889,403.0
17,26905,403.0
17,26907,403.0
17,26909,403.0
17,26911,403.0
17,26925,403.0
17,26939,403.0
17,26971,403.0
17,26999,403.0
17,27025,403.0
17,27039,403.0
17,27053,403.0
17,27069,403.0
17,27083,403.0
17,27111,405.0
17,27125,405.0
17,27127,405.0
17,27155,405.0
17,27157,405.0
17,27187,405.0
17,27207,405.0
17,27223,405.0
17,27249,405.0
17,27267,405.0
17,27269,405.0
17,27297,405.0
17,27325,405.0
17,27357,405.0
17,27387,405.0
17,27389,405.0
17,27405,405.0
17,27419,405.0
17,27433,405.0
17,27447,405.0
17,27461,405.0
17,27487,405.0
17,27501,405.0
17,27531,405.0
17,27545,405.0
17,27547,405.0
17,27561,405.0
17,27589,405.0
17,27603,405.0
17,27621,405.0
17,27647,405.0
17,27649,405.0
17,27663,405.0
17,27677,405.0
17,27705,405.0
17,27719,405.0
17,27733,405.0
17,27749,405.0
17,27775,405.0
17,27791,405.0
17,27793,405.0
17,27807,405.0
17,27833,405.0
17,27849,405.0
17,27851,405.0
17,27885,405.0
17,27901,405.0
17,27917,405.0
17,27931,405.0
17,27945,405.0
17,27959,405.0
17,27961,405.0
17,27987,405.0
17,28001,405.0
17,28015,405.0
17,28045,405.0
17,28047,405.0
17,28081,405.0
17,28107,405.0
17,28133,405.0
17,28151,405.0
17,28165,405.0
17,28179,405.0
17,28207,405.0
17,28235,405.0
17,28249,405.0
17,28265,405.0
17,28291,405.0
17,28305,405.0
17,28319,405.0
17,28347,405.0
17,28361,405.0
17,28389,405.0
17,28417,405.0
17,28431,405.0
17,28445,405.0
17,28463,405.0
17,28477,405.0
17,28491,405.0
17,28517,405.0
17,28531,405.0
17,28557,405.0
17,28571,405.0
17,28599,405.0
17,28615,405.0
17,28633,405.0
17,28663,405.0
17,28665,405.0
17,28667,405.0
17,28681,405.0
17,28697,405.0
17,28711,405.0
17,28725,405.0
17,28739,405.0
17,28765,405.0
17,28779,405.0
17,28807,405.0
17,28833,405.0
17,28859,405.0
17,28889,405.0
17,28903,405.0
17,28919,405.0
17,28947,405.0
17,28977,405.0
17,29009,405.0
17,29023,405.0
17,29025,405.0
17,29039,405.0
17,29065,405.0
17,29081,405.0
17,29107,412.0
17,29133,412.0
17,29159,412.0
17,29189,412.0
17,29203,412.0
17,29221,412.0
17,29223,412.0
17,29237,412.0
17,29263,412.0
17,29291,412.0
17,29305,412.0
17,29319,412.0
17,29333,412.0
17,29363,412.0
17,29381,412.0
17,29401,412.0
17,29403,412.0
17,29417,412.0
17,29431,412.0
17,29459,412.0
17,29461,412.0
17,29477,412.0
17,29491,412.0
17,29519,412.0
17,29521,412.0
17,29537,412.0
17,29553,412.0
17,29567,412.0
17,29581,412.0
17,29609,412.0
17,29635,412.0
17,29653,412.0
17,29687,412.0
17,29715,412.0
17,29733,412.0
17,29753,412.0
17,29755,412.0
17,29771,412.0
17,29799,412.0
17,29825,412.0
17,29839,412.0
17,29841,412.0
17,29843,412.0
17,29845,412.0
17,29859,412.0
17,29889,412.0
17,29903,412.0
17,29917,412.0
17,29943,412.0
17,29957,412.0
17,29985,412.0
17,29987,412.0
17,30003,412.0
17,30031,412.0
17,30059,412.0
17,30073,412.0
17,30099,412.0
17,30113,412.0
17,30127,412.0
17,30129,412.0
17,30143,412.0
17,30145,412.0
17,30173,412.0
17,30193,412.0
17,30221,412.0
17,30239,412.0
17,30253,412.0
17,30281,412.0
17,30295,412.0
17,30313,412.0
17,30331,412.0
17,30345,412.0
17,30347,412.0
17,30375,412.0
17,30377,412.0
17,30391,412.0
17,30393,412.0
17,30411,412.0
17,30439,412.0
17,30465,412.0
17,30483,412.0
17,30499,412.0
17,30513,412.0
17,30527,414.0
17,30543,414.0
17,30557,414.0
17,30575,414.0
17,30589,414.0
17,30617,414.0
17,30633,414.0
17,30647,414.0
17,30665,414.0
17,30679,414.0
17,30693,414.0
17,30725,414.0
17,30741,414.0
17,30743,414.0
17,30757,414.0
17,30771,414.0
17,30785,414.0
17,30811,414.0
17,30813,414.0
17,30831,414.0
17,30859,414.0
17,30889,414.0
17,30915,414.0
17,30929,414.0
17,30947,414.0
17,30963,414.0
17,30979,414.0
17,30993,414.0
17,31007,414.0
17,31021,414.0
17,31023,414.0
17,31025,414.0
17,31039,414.0
17,31055,414.0
17,31083,414.0
17,31111,414.0
17,31125,414.0
17,31151,418.0
17,31165,418.0
17,31191,418.0
17,31205,418.0
17,31219,418.0
17,31233,418.0
17,31249,418.0
17,31263,418.0
17,31291,418.0
17,31293,418.0
17,31307,418.0
17,31321,418.0
17,31349,418.0
17,31365,418.0
17,31391,418.0
17,31393,418.0
17,31407,418.0
17,31435,418.0
17,31451,418.0
17,31467,418.0
17,31469,418.0
17,31485,418.0
17,31499,418.0
17,31525,418.0
17,31527,418.0
17,31553,418.0
17,31555,418.0
17,31557,418.0
17,31583,418.0
17,31601,418.0
17,31621,418.0
17,31649,418.0
17,31675,418.0
17,31677,418.0
17,31693,418.0
17,31695,418.0
17,31709,418.0
17,31723,418.0
17,31751,418.0
17,31753,418.0
17,31767,418.0
17,31785,418.0
17,31811,418.0
17,31825,418.0
17,31839,418.0
17,31853,418.0
17,31869,418.0
17,31871,418.0
17,31873,418.0
17,31901,418.0
17,31917,418.0
17,31931,418.0
17,31933,418.0
17,31947,418.0
17,31949,418.0
17,31965,418.0
17,31983,418.0
17,32011,418.0
17,32025,418.0
17,32039,418.0
17,32057,418.0
17,32073,418.0
17,32101,418.0
17,32103,418.0
17,32121,418.0
17,32135,418.0
17,32153,418.0
17,32169,418.0
17,32171,418.0
17,32203,418.0
18,22190,295.0
18,22208,295.0
18,22234,304.0
18,22260,304.0
18,22262,304.0
18,22294,304.0
18,22320,304.0
18,22334,304.0
18,22348,318.0
18,22819,318.0
18,22833,318.0
18,22859,326.0
18,22873,326.0
18,22899,327.0
18,22915,327.0
18,22931,327.0
18,22961,327.0
18,22963,327.0
18,22965,327.0
18,22993,327.0
18,23023,327.0
18,23025,327.0
18,23039,327.0
18,23067,327.0
18,23095,327.0
18,23121,332.0
18,23123,332.0
18,23137,332.0
18,23139,332.0
18,23153,332.0
18,23183,332.0
18,23201,332.0
18,23215,332.0
18,23247,332.0
18,23263,332.0
18,23289,332.0
18,23303,332.0
18,23335,332.0
18,23365,332.0
18,23391,347.0
18,23393,347.0
18,23395,347.0
18,23397,347.0
18,23433,347.0
18,23447,347.0
18,23461,347.0
18,23487,347.0
18,23501,347.0
18,23531,347.0
18,23559,347.0
18,23585,347.0
18,23599,347.0
18,23615,347.0
18,23629,347.0
18,23655,347.0
18,23657,347.0
18,23671,348.0
18,23685,348.0
18,23713,348.0
18,23727,348.0
18,23757,348.0
18,23775,348.0
18,23791,348.0
18,23821,348.0
18,23823,348.0
18,23843,348.0
18,23845,348.0
18,23847,348.0
18,23849,348.0
18,23863,348.0
18,23897,348.0
18,23899,348.0
18,23933,351.0
18,23961,351.0
18,23989,351.0
18,24017,351.0
18,24031,351.0
18,24033,351.0
18,24061,351.0
18,24087,351.0
18,24115,351.0
18,24129,351.0
18,24145,351.0
18,24173,351.0
18,24201,351.0
18,24233,351.0
18,24247,351.0
18,24261,351.0
18,24291,351.0
18,24293,351.0
18,24321,351.0
18,24335,351.0
18,24349,357.0
18,24351,357.0
18,24369,357.0
18,24395,357.0
18,24411,357.0
18,24441,357.0
18,24455,357.0
18,24483,357.0
18,24497,372.0
18,24523,372.0
18,24553,372.0
18,24555,372.0
18,24585,372.0
18,24599,372.0
18,24617,372.0
18,24633,372.0
18,24653,372.0
18,24679,372.0
18,24707,372.0
18,24723,372.0
18,24725,372.0
18,24739,372.0
18,24769,372.0
18,24785,372.0
18,24799,372.0
18,24813,372.0
18,24815,372.0
18,24829,372.0
18,24843,372.0
18,24873,372.0
18,24899,372.0
18,24901,372.0
18,24929,376.0
18,24955,376.0
18,24969,376.0
18,24985,376.0
18,24987,376.0
18,25001,376.0
18,25015,376.0
18,25017,376.0
18,25019,376.0
18,25033,384.0
18,25047,384.0
18,25079,384.0
18,25093,384.0
18,25123,384.0
18,25159,384.0
18,25173,384.0
18,25205,384.0
18,25223,384.0
18,25249,384.0
18,25263,384.0
18,25277,384.0
18,25279,384.0
18,25309,384.0
18,25323,384.0
18,25339,384.0
18,25371,384.0
18,25397,384.0
18,25425,384.0
18,25451,384.0
18,25467,384.0
18,25495,384.0
18,25497,384.0
18,25531,384.0
18,25557,394.0
18,25559,394.0
18,25575,394.0
18,25601,394.0
18,25627,394.0
18,25641,394.0
18,25643,394.0
18,25659,394.0
18,25661,394.0
18,25675,394.0
18,25677,394.0
18,25703,394.0
18,25719,394.0
18,25733,394.0
18,25761,394.0
18,25775,394.0
18,25777,394.0
18,25791,394.0
18,25819,394.0
18,25845,394.0
18,25859,394.0
18,25885,394.0
18,25899,394.0
18,25917,394.0
18,25943,394.0
18,25945,394.0
18,25963,394.0
18,25965,394.0
18,25979,394.0
18,25981,394.0
18,25995,394.0
18,26023,394.0
18,26025,394.0
18,26039,394.0
18,26053,394.0
18,26055,394.0
18,26089,394.0
18,26115,394.0
18,26129,394.0
18,26145,394.0
18,26159,394.0
18,26187,394.0
18,26201,394.0
18,26227,394.0
18,26229,394.0
18,26243,394.0
18,26275,394.0
18,26305,394.0
18,26323,394.0
18,26341,394.0
18,26359,394.0
18,26373,407.0
18,26387,407.0
18,26401,407.0
18,26417,407.0
18,26433,407.0
18,26461,407.0
18,26475,407.0
18,26477,407.0
18,26503,407.0
18,26529,407.0
18,26547,407.0
18,26563,407.0
18,26577,407.0
18,26593,407.0
18,26609,407.0
18,26629,407.0
18,26665,407.0
18,26691,407.0
18,26705,407.0
18,26707,407.0
18,26733,407.0
18,26747,407.0
18,26761,408.0
18,26799,408.0
18,26801,408.0
18,26815,408.0
18,26843,408.0
18,26857,408.0
18,26871,408.0
18,26873,408.0
18,26893,408.0
18,26921,408.0
18,26947,408.0
18,26975,409.0
18,26989,409.0
18,27021,409.0
18,27035,409.0
18,27061,409.0
18,27089,409.0
18,27117,409.0
18,27131,409.0
18,27145,409.0
18,27147,409.0
18,27173,409.0
18,27175,409.0
18,27207,409.0
18,27233,409.0
18,27247,409.0
18,27273,409.0
18,27305,409.0
18,27321,409.0
18,27351,409.0
18,27365,409.0
18,27379,411.0
18,27397,411.0
18,27411,411.0
18,27425,411.0
18,27439,411.0
18,27467,411.0
18,27493,411.0
18,27507,411.0
18,27533,411.0
18,27547,411.0
18,27563,411.0
18,27577,411.0
18,27593,411.0
18,27619,411.0
18,27637,411.0
18,27639,411.0
18,27653,411.0
18,27667,411.0
18,27703,411.0
18,27719,411.0
18,27721,411.0
18,27735,411.0
18,27761,411.0
18,27763,411.0
18,27777,411.0
18,27791,411.0
18,27807,411.0
18,27835,411.0
18,27851,411.0
18,27881,411.0
18,27897,411.0
18,27911,411.0
18,27925,421.0
18,27927,421.0
18,27943,421.0
18,27957,421.0
18,27959,421.0
18,27973,421.0
18,27989,421.0
18,28015,421.0
18,28017,421.0
18,28031,421.0
18,28045,421.0
18,28061,421.0
18,28091,421.0
18,28105,421.0
18,28107,421.0
18,28133,421.0
18,28163,421.0
18,28189,421.0
18,28207,421.0
18,28235,421.0
18,28263,421.0
18,28277,421.0
18,28305,421.0
18,28319,422.0
18,28335,422.0
18,28337,422.0
18,28351,422.0
18,28353,422.0
18,28367,422.0
18,28399,422.0
18,28425,422.0
18,28439,422.0
18,28453,422.0
18,28467,422.0
18,28469,422.0
18,28485,422.0
18,28515,422.0
18,28541,422.0
18,28543,422.0
18,28571,422.0
18,28585,422.0
18,28611,422.0
18,28627,422.0
18,28653,422.0
18,28669,422.0
18,28699,422.0
18,28713,422.0
18,28741,422.0
18,28771,422.0
18,28785,422.0
18,28813,422.0
18,28841,422.0
18,28871,422.0
18,28887,422.0
18,28901,422.0
18,28931,422.0
18,28949,422.0
18,28977,422.0
18,28995,422.0
18,28997,422.0
18,29015,422.0
18,29029,422.0
18,29059,422.0
18,29061,422.0
18,29063,422.0
18,29079,422.0
18,29093,422.0
18,29109,422.0
18,29111,422.0
18,29127,422.0
18,29141,422.0
18,29171,422.0
18,29185,422.0
18,29211,422.0
18,29225,422.0
18,29241,422.0
18,29243,422.0
18,29271,422.0
18,29285,422.0
18,29313,422.0
18,29339,422.0
18,29341,422.0
18,29361,422.0
18,29379,422.0
18,29395,422.0
18,29411,422.0
18,29437,422.0
18,29451,422.0
18,29453,422.0
18,29467,422.0
18,29481,422.0
18,29509,422.0
18,29523,422.0
18,29549,422.0
18,29563,422.0
18,29577,422.0
18,29593,422.0
18,29609,422.0
18,29611,422.0
18,29625,422.0
18,29655,422.0
18,29669,422.0
18,29683,422.0
18,29699,422.0
18,29727,422.0
18,29741,422.0
18,29743,422.0
18,29769,422.0
18,29783,422.0
18,29801,422.0
18,29831,422.0
18,29847,422.0
18,29863,422.0
18,29881,422.0
18,29909,422.0
18,29923,422.0
18,29951,422.0
18,29967,422.0
18,29997,422.0
18,30011,422.0
18,30037,422.0
18,30057,422.0
18,30087,422.0
18,30117,422.0
18,30145,422.0
18,30159,422.0
18,30161,422.0
18,30175,422.0
18,30191,422.0
18,30207,422.0
18,30209,422.0
18,30237,422.0
18,30255,422.0
18,30285,422.0
18,30313,422.0
18,30327,422.0
18,30357,422.0
18,30371,422.0
18,30389,422.0
18,30417,422.0
18,30431,423.0
18,30445,423.0
18,30447,423.0
18,30475,423.0
18,30491,423.0
18,30519,423.0
18,30535,423.0
18,30561,423.0
18,30577,423.0
18,30591,423.0
18,30593,423.0
18,30609,423.0
18,30625,423.0
18,30651,423.0
18,30667,423.0
18,30669,423.0
18,30683,423.0
18,30715,423.0
18,30745,423.0
18,30773,423.0
18,30787,423.0
18,30813,423.0
18,30827,423.0
18,30841,423.0
18,30855,423.0
18,30871,423.0
18,30873,423.0
18,30887,423.0
18,30889,423.0
18,30915,423.0
18,30929,423.0
18,30943,423.0
18,30969,423.0
18,30997,423.0
18,31011,423.0
18,31013,423.0
18,31039,423.0
18,31055,423.0
18,31095,423.0
18,31121,423.0
18,31135,423.0
18,31153,423.0
18,31167,423.0
18,31193,423.0
18,31207,423.0
18,31221,423.0
18,31251,423.0
18,31267,423.0
18,31281,423.0
18,31295,423.0
18,31297,423.0
18,31311,423.0
18,31329,423.0
18,31343,423.0
18,31357,423.0
18,31371,423.0
18,31385,423.0
18,31387,423.0
18,31415,423.0
18,31429,423.0
18,31431,423.0
18,31445,423.0
18,31461,423.0
18,31463,423.0
18,31477,423.0
18,31491,423.0
18,31517,423.0
18,31545,423.0
18,31561,423.0
18,31563,423.0
18,31591,423.0
18,31619,423.0
18,31621,423.0
18,31649,423.0
18,31675,423.0
18,31677,423.0
18,31705,423.0
18,31725,423.0
18,31739,423.0
18,31767,423.0
18,31783,423.0
18,31801,423.0
18,31829,423.0
18,31847,423.0
18,31863,423.0
18,31865,423.0
18,31893,423.0
18,31907,423.0
18,31923,423.0
18,31951,423.0
18,31985,423.0
18,31999,423.0
18,32001,423.0
18,32003,423.0
18,32031,423.0
18,32063,423.0
18,32089,423.0
18,32105,423.0
18,32133,423.0
18,32147,423.0
18,32179,423.0
19,22254,291.0
19,22721,320.0
19,22723,320.0
19,22739,320.0
19,22767,320.0
19,22781,320.0
19,22811,320.0
19,22813,320.0
19,22827,320.0
19,22841,320.0
19,22869,320.0
19,22895,326.0
19,22921,326.0
19,22935,326.0
19,22951,326.0
19,22965,326.0
19,22979,326.0
19,22995,326.0
19,22997,326.0
19,23031,326.0
19,23045,326.0
19,23047,326.0
19,23061,326.0
19,23089,326.0
19,23107,326.0
19,23133,326.0
19,23147,326.0
19,23177,326.0
19,23193,326.0
19,23207,353.0
19,23209,353.0
19,23211,353.0
19,23225,353.0
19,23251,353.0
19,23267,353.0
19,23297,353.0
19,23311,353.0
19,23325,353.0
19,23351,353.0
19,23353,353.0
19,23383,353.0
19,23397,353.0
19,23423,353.0
19,23439,353.0
19,23469,353.0
19,23485,353.0
19,23487,353.0
19,23517,353.0
19,23531,353.0
19,23559,353.0
19,23573,353.0
19,23599,353.0
19,23629,353.0
19,23631,353.0
19,23661,353.0
19,23693,353.0
19,23711,353.0
19,23727,353.0
19,23729,353.0
19,23755,353.0
19,23769,353.0
19,23797,353.0
19,23799,353.0
19,23827,353.0
19,23857,353.0
19,23885,353.0
19,23913,353.0
19,23927,353.0
19,23943,353.0
19,23969,353.0
19,23971,353.0
19,23985,353.0
19,23999,353.0
19,24027,353.0
19,24041,353.0
19,24069,353.0
19,24083,353.0
19,24097,353.0
19,24111,353.0
19,24113,353.0
19,24129,371.0
19,24131,371.0
19,24145,371.0
19,24173,371.0
19,24187,371.0
19,24201,371.0
19,24215,371.0
19,24217,371.0
19,24233,371.0
19,24259,371.0
19,24289,371.0
19,24303,371.0
19,24331,371.0
19,24345,371.0
19,24359,371.0
19,24361,371.0
19,24387,371.0
19,24401,371.0
19,24427,371.0
19,24429,371.0
19,24431,371.0
19,24445,371.0
19,24463,371.0
19,24477,371.0
19,24505,371.0
19,24521,371.0
19,24549,371.0
19,24579,371.0
19,24593,371.0
19,24607,371.0
19,24621,371.0
19,24639,371.0
19,24653,375.0
19,24681,375.0
19,24711,375.0
19,24713,375.0
19,24727,375.0
19,24741,375.0
19,24769,375.0
19,24795,382.0
19,24797,382.0
19,24811,382.0
19,24827,382.0
19,24841,382.0
19,24843,382.0
19,24857,382.0
19,24885,382.0
19,24913,386.0
19,24929,386.0
19,24945,386.0
19,24959,393.0
19,24989,393.0
19,25017,393.0
19,25045,393.0
19,25059,393.0
19,25089,393.0
19,25091,393.0
19,25105,393.0
19,25135,393.0
19,25153,393.0
19,25167,393.0
19,25195,393.0
19,25211,393.0
19,25243,393.0
19,25245,393.0
19,25261,393.0
19,25279,393.0
19,25293,393.0
19,25307,393.0
19,25337,393.0
19,25355,393.0
19,25371,393.0
19,25387,393.0
19,25401,393.0
19,25417,393.0
19,25435,393.0
19,25449,393.0
19,25463,393.0
19,25465,393.0
19,25491,393.0
19,25519,393.0
19,25547,393.0
19,25563,393.0
19,25565,393.0
19,25591,393.0
19,25621,393.0
19,25647,393.0
19,25673,393.0
19,25703,393.0
19,25717,393.0
19,25733,393.0
19,25749,393.0
19,25763,393.0
19,25777,393.0
19,25793,393.0
19,25819,393.0
19,25851,393.0
19,25879,393.0
19,25881,393.0
19,25909,393.0
19,25925,393.0
19,25955,393.0
19,25981,393.0
19,26009,393.0
19,26035,393.0
19,26063,393.0
19,26077,393.0
19,26079,393.0
19,26107,393.0
19,26137,401.0
19,26139,401.0
19,26153,401.0
19,26169,401.0
19,26183,401.0
19,26211,401.0
19,26241,401.0
19,26243,401.0
19,26271,401.0
19,26285,401.0
19,26313,401.0
19,26339,401.0
19,26341,401.0
19,26355,401.0
19,26369,407.0
19,26371,407.0
19,26373,407.0
19,26375,407.0
19,26389,407.0
19,26391,407.0
19,26417,407.0
19,26433,407.0
19,26447,407.0
19,26461,407.0
19,26475,407.0
19,26501,407.0
19,26515,407.0
19,26541,407.0
19,26543,407.0
19,26575,407.0
19,26593,407.0
19,26621,407.0
19,26651,407.0
19,26667,407.0
19,26683,407.0
19,26697,407.0
19,26727,407.0
19,26745,407.0
19,26775,407.0
19,26777,407.0
19,26791,407.0
19,26807,407.0
19,26809,407.0
19,26839,407.0
19,26855,407.0
19,26869,407.0
19,26887,407.0
19,26901,407.0
19,26929,407.0
19,26957,407.0
19,26959,407.0
19,26961,407.0
19,26977,407.0
19,27003,407.0
19,27017,407.0
19,27031,407.0
19,27059,407.0
19,27073,407.0
19,27099,407.0
19,27115,407.0
19,27147,407.0
19,27165,407.0
19,27193,407.0
19,27195,407.0
19,27209,407.0
19,27237,407.0
19,27269,407.0
19,27283,407.0
19,27285,407.0
19,27299,407.0
19,27313,407.0
19,27341,407.0
19,27355,407.0
19,27369,407.0
19,27395,407.0
19,27423,412.0
19,27451,412.0
19,27465,412.0
19,27491,412.0
19,27493,412.0
19,27495,412.0
19,27509,412.0
19,27525,412.0
19,27561,412.0
19,27577,412.0
19,27593,412.0
19,27621,412.0
19,27635,412.0
19,27649,412.0
19,27663,412.0
19,27691,412.0
19,27717,412.0
19,27735,412.0
19,27749,412.0
19,27763,412.0
19,27789,412.0
19,27803,412.0
19,27817,412.0
19,27831,412.0
19,27861,412.0
19,27863,412.0
19,27877,412.0
19,27905,412.0
19,27919,412.0
19,27945,412.0
19,27947,412.0
19,27965,412.0
19,27979,412.0
19,27995,412.0
19,27997,412.0
19,28011,412.0
19,28039,412.0
19,28055,412.0
19,28057,412.0
19,28071,414.0
19,28085,414.0
19,28111,414.0
19,28125,414.0
19,28151,414.0
19,28167,414.0
19,28181,414.0
19,28195,414.0
19,28211,414.0
19,28225,414.0
19,28239,414.0
19,28255,414.0
19,28283,414.0
19,28285,414.0
19,28299,414.0
19,28327,414.0
19,28343,414.0
19,28373,414.0
19,28403,414.0
19,28429,414.0
19,28463,414.0
19,28479,414.0
19,28493,414.0
19,28507,414.0
19,28509,414.0
19,28511,414.0
19,28513,414.0
19,28515,414.0
19,28545,414.0
19,28559,414.0
19,28573,414.0
19,28599,414.0
19,28613,414.0
19,28627,414.0
19,28643,414.0
19,28645,414.0
19,28647,414.0
19,28677,414.0
19,28679,414.0
19,28705,414.0
19,28721,414.0
19,28735,414.0
19,28763,414.0
19,28781,414.0
19,28799,414.0
19,28813,414.0
19,28827,414.0
19,28829,414.0
19,28857,414.0
19,28885,414.0
19,28903,414.0
19,28931,414.0
19,28933,414.0
19,28947,414.0
19,28949,414.0
19,28963,414.0
19,28993,414.0
19,29019,414.0
19,29045,414.0
19,29061,414.0
19,29075,414.0
19,29089,414.0
19,29103,419.0
19,29121,419.0
19,29123,419.0
19,29137,419.0
19,29169,419.0
19,29203,419.0
19,29205,419.0
19,29231,419.0
19,29261,419.0
19,29275,419.0
19,29293,419.0
19,29295,419.0
19,29309,419.0
19,29323,421.0
19,29325,421.0
19,29343,421.0
19,29357,421.0
19,29383,421.0
19,29409,421.0
19,29411,421.0
19,29441,421.0
19,29455,421.0
19,29473,421.0
19,29503,421.0
19,29533,421.0
19,29547,421.0
19,29563,421.0
19,29593,421.0
19,29595,421.0
19,29629,421.0
19,29647,421.0
19,29673,421.0
19,29687,421.0
19,29689,421.0
19,29703,421.0
19,29717,421.0
19,29719,421.0
19,29733,421.0
19,29759,421.0
19,29773,421.0
19,29801,421.0
19,29803,421.0
19,29805,421.0
19,29831,421.0
19,29845,421.0
19,29861,421.0
19,29877,421.0
19,29907,421.0
19,29933,421.0
19,29963,421.0
19,29977,421.0
19,29979,421.0
19,29993,421.0
19,30019,421.0
19,30033,421.0
19,30049,421.0
19,30075,421.0
19,30103,421.0
19,30129,421.0
19,30161,421.0
19,30163,421.0
19,30181,421.0
19,30199,421.0
19,30213,421.0
19,30227,421.0
19,30229,421.0
19,30243,421.0
19,30257,421.0
19,30271,421.0
19,30301,421.0
19,30317,421.0
19,30331,421.0
19,30347,421.0
19,30373,421.0
19,30387,421.0
19,30403,421.0
19,30419,421.0
19,30437,421.0
19,30439,421.0
19,30441,421.0
19,30469,421.0
19,30485,421.0
19,30499,421.0
19,30515,421.0
19,30533,421.0
19,30535,421.0
19,30561,421.0
19,30589,421.0
19,30605,421.0
19,30607,421.0
19,30625,421.0
19,30651,421.0
19,30665,421.0
19,30681,421.0
19,30697,421.0
19,30711,421.0
19,30713,421.0
19,30743,421.0
19,30769,421.0
19,30783,421.0
19,30799,421.0
19,30813,421.0
19,30839,421.0
19,30867,421.0
19,30883,421.0
19,30911,421.0
19,30925,421.0
19,30951,421.0
19,30967,421.0
19,30995,422.0
19,31009,422.0
19,31025,422.0
19,31053,422.0
19,31071,422.0
19,31085,422.0
19,31087,422.0
19,31117,422.0
19,31131,422.0
19,31157,422.0
19,31173,422.0
19,31205,422.0
19,31219,422.0
19,31247,422.0
19,31273,422.0
19,31303,422.0
19,31305,422.0
19,31323,422.0
19,31325,422.0
19,31351,422.0
19,31365,422.0
19,31379,422.0
19,31395,422.0
19,31413,422.0
19,31441,422.0
19,31469,422.0
19,31497,422.0
19,31529,422.0
19,31543,422.0
19,31559,422.0
19,31561,422.0
19,31591,422.0
19,31605,422.0
19,31607,422.0
19,31621,422.0
19,31647,422.0
19,31649,422.0
19,31663,422.0
19,31677,422.0
19,31691,422.0
19,31693,422.0
19,31719,422.0
19,31747,422.0
19,31773,422.0
19,31799,422.0
19,31801,422.0
19,31829,422.0
19,31843,422.0
19,31845,422.0
19,31873,422.0
19,31899,422.0
19,31915,422.0
19,31945,422.0
19,31959,422.0
19,31985,422.0
19,32001,422.0
19,32015,422.0
19,32045,422.0
19,32059,422.0
19,32061,422.0
19,32095,422.0
19,32121,422.0
19,32149,422.0
19,32165,422.0
19,32181,422.0
19,32183,422.0
19,32209,422.0
19,32235,422.0
19,32249,422.0
20,21944,305.0
20,21958,324.0
20,21974,324.0
20,22002,324.0
20,22004,324.0
20,22030,324.0
20,22060,324.0
20,22076,324.0
20,22106,324.0
20,22122,324.0
20,22136,324.0
20,22166,324.0
20,22196,324.0
20,22198,324.0
20,22212,324.0
20,22681,324.0
20,22695,324.0
20,22711,324.0
20,22725,324.0
20,22753,324.0
20,22781,345.0
20,22797,345.0
20,22823,345.0
20,22837,345.0
20,22855,345.0
20,22857,345.0
20,22883,345.0
20,22897,345.0
20,22911,345.0
20,22913,345.0
20,22929,345.0
20,22957,345.0
20,22959,345.0
20,22993,345.0
20,23009,345.0
20,23025,345.0
20,23027,345.0
20,23043,345.0
20,23075,345.0
20,23095,345.0
20,23111,345.0
20,23139,364.0
20,23165,364.0
20,23179,364.0
20,23209,364.0
20,23237,364.0
20,23251,364.0
20,23265,364.0
20,23279,364.0
20,23295,364.0
20,23297,364.0
20,23325,364.0
20,23339,364.0
20,23353,364.0
20,23381,364.0
20,23395,364.0
20,23409,364.0
20,23425,364.0
20,23451,364.0
20,23479,364.0
20,23495,364.0
20,23497,364.0
20,23525,364.0
20,23541,364.0
20,23555,364.0
20,23557,364.0
20,23559,364.0
20,23573,364.0
20,23599,364.0
20,23613,364.0
20,23627,370.0
20,23653,370.0
20,23681,370.0
20,23695,370.0
20,23709,370.0
20,23739,370.0
20,23767,370.0
20,23769,370.0
20,23771,370.0
20,23797,370.0
20,23799,370.0
20,23829,370.0
20,23845,370.0
20,23847,370.0
20,23861,371.0
20,23875,371.0
20,23889,371.0
20,23917,371.0
20,23943,371.0
20,23957,371.0
20,23977,371.0
20,23991,371.0
20,24005,371.0
20,24033,371.0
20,24047,371.0
20,24061,371.0
20,24087,371.0
20,24115,371.0
20,24143,371.0
20,24145,371.0
20,24161,371.0
20,24163,371.0
20,24189,371.0
20,24191,371.0
20,24219,371.0
20,24221,371.0
20,24237,371.0
20,24239,371.0
20,24267,371.0
20,24281,371.0
20,24297,371.0
20,24313,371.0
20,24343,371.0
20,24357,371.0
20,24371,371.0
20,24385,371.0
20,24387,371.0
20,24407,371.0
20,24435,371.0
20,24453,371.0
20,24467,371.0
20,24495,378.0
20,24515,378.0
20,24547,384.0
20,24575,384.0
20,24591,384.0
20,24593,384.0
20,24619,384.0
20,24649,391.0
20,24679,391.0
20,24681,391.0
20,24695,391.0
20,24697,391.0
20,24711,391.0
20,24737,391.0
20,24751,391.0
20,24765,391.0
20,24795,391.0
20,24809,391.0
20,24823,393.0
20,24849,393.0
20,24869,393.0
20,24871,393.0
20,24901,393.0
20,24915,393.0
20,24941,393.0
20,24969,393.0
20,24999,393.0
20,25025,393.0
20,25051,393.0
20,25065,393.0
20,25093,393.0
20,25119,393.0
20,25145,393.0
20,25159,393.0
20,25173,393.0
20,25189,393.0
20,25203,393.0
20,25231,393.0
20,25259,393.0
20,25285,393.0
20,25299,393.0
20,25327,393.0
20,25353,393.0
20,25385,393.0
20,25413,393.0
20,25427,393.0
20,25443,393.0
20,25471,393.0
20,25485,393.0
20,25505,393.0
20,25521,393.0
20,25523,393.0
20,25541,393.0
20,25543,393.0
20,25573,393.0
20,25575,393.0
20,25601,393.0
20,25627,393.0
20,25657,393.0
20,25691,401.0
20,25705,401.0
20,25723,401.0
20,25725,401.0
20,25727,401.0
20,25743,401.0
20,25757,401.0
20,25771,401.0
20,25773,401.0
20,25775,401.0
20,25789,401.0
20,25817,401.0
20,25847,401.0
20,25879,401.0
20,25897,401.0
20,25915,401.0
20,25929,401.0
20,25943,401.0
20,25963,401.0
20,25965,401.0
20,25991,401.0
20,26007,401.0
20,26033,401.0
20,26059,401.0
20,26077,401.0
20,26111,401.0
20,26125,401.0
20,26127,401.0
20,26141,402.0
20,26155,410.0
20,26169,410.0
20,26195,410.0
20,26209,410.0
20,26243,410.0
20,26271,410.0
20,26285,410.0
20,26313,410.0
20,26329,410.0
20,26357,410.0
20,26359,410.0
20,26375,410.0
20,26403,410.0
20,26429,410.0
20,26457,410.0
20,26487,410.0
20,26513,410.0
20,26539,410.0
20,26553,410.0
20,26567,410.0
20,26581,410.0
20,26613,410.0
20,26645,410.0
20,26659,410.0
20,26689,410.0
20,26707,410.0
20,26725,410.0
20,26739,410.0
20,26753,410.0
20,26755,410.0
20,26757,410.0
20,26785,410.0
20,26813,410.0
20,26815,410.0
20,26817,410.0
20,26831,410.0
20,26863,410.0
20,26865,410.0
20,26899,410.0
20,26901,410.0
20,26915,410.0
20,26941,410.0
20,26971,410.0
20,26999,410.0
20,27027,410.0
20,27045,410.0
20,27047,410.0
20,27061,410.0
20,27075,410.0
20,27089,410.0
20,27105,410.0
20,27131,410.0
20,27161,410.0
20,27175,410.0
20,27189,410.0
20,27203,410.0
20,27231,410.0
20,27261,410.0
20,27277,410.0
20,27293,410.0
20,27295,410.0
20,27325,410.0
20,27353,410.0
20,27367,410.0
20,27393,410.0
20,27419,410.0
20,27435,410.0
20,27449,410.0
20,27451,410.0
20,27479,410.0
20,27505,410.0
20,27519,410.0
20,27551,410.0
20,27565,416.0
20,27593,416.0
20,27595,416.0
20,27609,416.0
20,27623,416.0
20,27625,416.0
20,27653,416.0
20,27667,416.0
20,27695,416.0
20,27723,416.0
20,27737,416.0
20,27765,416.0
20,27793,416.0
20,27807,416.0
20,27835,416.0
20,27851,416.0
20,27881,416.0
20,27895,416.0
20,27921,416.0
20,27949,416.0
20,27963,416.0
20,27989,416.0
20,28003,416.0
20,28017,416.0
20,28045,416.0
20,28075,416.0
20,28103,416.0
20,28129,416.0
20,28145,416.0
20,28173,416.0
20,28175,416.0
20,28201,416.0
20,28229,416.0
20,28255,416.0
20,28285,416.0
20,28299,416.0
20,28313,416.0
20,28327,416.0
20,28353,416.0
20,28379,416.0
20,28407,416.0
20,28437,416.0
20,28465,416.0
20,28481,416.0
20,28495,416.0
20,28497,416.0
20,28527,416.0
20,28561,416.0
20,28587,416.0
20,28613,416.0
20,28639,416.0
20,28653,416.0
20,28655,416.0
20,28657,416.0
20,28685,416.0
20,28687,416.0
20,28715,416.0
20,28729,416.0
20,28745,416.0
20,28759,416.0
20,28775,416.0
20,28793,416.0
20,28809,416.0
20,28827,416.0
20,28855,416.0
20,28881,416.0
20,28883,416.0
20,28885,416.0
20,28917,416.0
20,28919,416.0
20,28945,416.0
20,28959,416.0
20,28975,416.0
20,28991,416.0
20,29005,416.0
20,29023,416.0
20,29053,416.0
20,29081,416.0
20,29095,416.0
20,29109,416.0
20,29111,416.0
20,29127,416.0
20,29129,416.0
20,29157,416.0
20,29159,416.0
20,29187,416.0
20,29189,416.0
20,29191,416.0
20,29207,416.0
20,29235,416.0
20,29251,416.0
20,29267,416.0
20,29283,416.0
20,29301,416.0
20,29327,416.0
20,29341,416.0
20,29343,416.0
20,29357,416.0
20,29393,416.0
20,29407,416.0
20,29423,416.0
20,29451,416.0
20,29477,416.0
20,29479,416.0
20,29481,416.0
20,29495,416.0
20,29527,416.0
20,29543,416.0
20,29545,416.0
20,29559,416.0
20,29573,416.0
20,29575,416.0
20,29603,416.0
20,29605,416.0
20,29631,416.0
20,29645,416.0
20,29647,416.0
20,29677,416.0
20,29679,416.0
20,29693,416.0
20,29707,416.0
20,29733,416.0
20,29749,416.0
20,29765,416.0
20,29793,416.0
20,29819,416.0
20,29833,416.0
20,29853,416.0
20,29869,416.0
20,29871,416.0
20,29885,416.0
20,29899,416.0
20,29913,416.0
20,29943,416.0
20,29959,416.0
20,29985,416.0
20,30001,416.0
20,30015,416.0
20,30033,416.0
20,30063,416.0
20,30079,416.0
20,30109,416.0
20,30145,416.0
20,30159,416.0
20,30187,416.0
20,30215,416.0
20,30245,416.0
20,30261,416.0
20,30275,416.0
20,30289,416.0
20,30303,416.0
20,30331,416.0
20,30359,416.0
20,30361,416.0
20,30363,416.0
20,30381,416.0
20,30383,416.0
20,30397,416.0
20,30415,416.0
20,30441,416.0
20,30467,416.0
20,30469,416.0
20,30497,416.0
20,30511,416.0
20,30527,416.0
20,30559,416.0
20,30573,416.0
20,30605,416.0
20,30619,416.0
20,30633,416.0
20,30647,416.0
20,30649,416.0
20,30675,416.0
20,30677,416.0
20,30693,416.0
20,30711,416.0
20,30713,416.0
20,30715,416.0
20,30741,416.0
20,30743,416.0
20,30745,416.0
20,30759,416.0
20,30791,416.0
20,30821,416.0
20,30823,416.0
20,30825,416.0
20,30839,416.0
20,30853,416.0
20,30867,416.0
20,30881,416.0
20,30915,416.0
20,30943,416.0
20,30957,416.0
20,30987,416.0
20,31003,416.0
20,31017,416.0
20,31019,416.0
20,31033,416.0
20,31047,416.0
20,31073,416.0
20,31089,416.0
20,31115,416.0
20,31143,416.0
20,31161,416.0
20,31175,416.0
20,31189,416.0
20,31191,416.0
20,31209,416.0
20,31237,416.0
20,31267,416.0
20,31293,416.0
20,31309,416.0
20,31339,416.0
20,31353,416.0
20,31355,416.0
20,31369,416.0
20,31383,416.0
20,31399,416.0
20,31413,416.0
20,31441,416.0
20,31443,416.0
20,31469,416.0
20,31497,416.0
20,31533,416.0
20,31547,416.0
20,31549,416.0
20,31565,416.0
20,31579,416.0
20,31609,416.0
20,31623,416.0
20,31651,416.0
20,31685,416.0
20,31715,416.0
20,31729,416.0
20,31743,416.0
20,31769,416.0
20,31771,416.0
20,31799,418.0
20,31827,418.0
20,31841,418.0
20,31871,418.0
20,31885,418.0
20,31899,418.0
20,31927,418.0
20,31943,418.0
21,22194,301.0
21,22208,301.0
21,22226,301.0
21,22242,301.0
21,22274,302.0
21,22276,302.0
21,22292,302.0
21,22308,302.0
21,22322,315.0
21,22352,315.0
21,22368,315.0
21,22851,315.0
21,22865,315.0
21,22881,315.0
21,22911,315.0
21,22943,315.0
21,22969,336.0
21,22983,336.0
21,23011,336.0
21,23013,336.0
21,23041,336.0
21,23043,336.0
21,23057,336.0
21,23071,336.0
21,23073,336.0
21,23107,336.0
21,23123,336.0
21,23125,336.0
21,23139,336.0
21,23153,336.0
21,23155,336.0
21,23181,336.0
21,23201,336.0
21,23233,336.0
21,23249,336.0
21,23275,336.0
21,23303,336.0
21,23321,336.0
21,23335,336.0
21,23337,336.0
21,23363,350.0
21,23377,350.0
21,23403,350.0
21,23433,350.0
21,23461,350.0
21,23475,350.0
21,23491,350.0
21,23493,350.0
21,23507,350.0
21,23509,350.0
21,23525,350.0
21,23545,350.0
21,23559,350.0
21,23589,350.0
21,23617,350.0
21,23643,368.0
21,23657,368.0
21,23671,368.0
21,23685,368.0
21,23717,368.0
21,23731,368.0
21,23759,368.0
21,23773,368.0
21,23789,368.0
21,23807,368.0
21,23835,368.0
21,23849,368.0
21,23877,368.0
21,23891,368.0
21,23923,368.0
21,23925,368.0
21,23965,368.0
21,23991,368.0
21,24007,368.0
21,24021,368.0
21,24037,368.0
21,24055,368.0
21,24069,368.0
21,24083,368.0
21,24111,368.0
21,24139,368.0
21,24171,368.0
21,24185,368.0
21,24217,368.0
21,24219,368.0
21,24251,368.0
21,24265,368.0
21,24267,368.0
21,24283,368.0
21,24297,368.0
21,24313,368.0
21,24347,368.0
21,24361,368.0
21,24389,368.0
21,24409,368.0
21,24411,368.0
21,24437,368.0
21,24467,368.0
21,24493,368.0
21,24509,368.0
21,24537,368.0
21,24563,368.0
21,24579,368.0
21,24609,368.0
21,24623,368.0
21,24649,368.0
21,24651,368.0
21,24665,368.0
21,24683,368.0
21,24711,368.0
21,24713,368.0
21,24729,368.0
21,24755,368.0
21,24769,368.0
21,24795,368.0
21,24809,368.0
21,24823,370.0
21,24839,370.0
21,24867,370.0
21,24893,370.0
21,24895,370.0
21,24927,370.0
21,24955,370.0
21,24969,377.0
21,24971,377.0
21,24997,377.0
21,24999,377.0
21,25027,377.0
21,25059,377.0
21,25073,377.0
21,25075,377.0
21,25089,377.0
21,25103,380.0
21,25131,380.0
21,25133,380.0
21,25147,380.0
21,25161,380.0
21,25187,380.0
21,25189,380.0
21,25203,380.0
21,25229,383.0
21,25257,384.0
21,25271,384.0
21,25299,384.0
21,25313,384.0
21,25327,384.0
21,25345,384.0
21,25371,384.0
21,25373,384.0
21,25401,384.0
21,25415,384.0
21,25429,385.0
21,25431,385.0
21,25445,385.0
21,25473,385.0
21,25501,385.0
21,25521,385.0
21,25523,385.0
21,25551,385.0
21,25567,385.0
21,25569,385.0
21,25583,385.0
21,25599,385.0
21,25625,392.0
21,25651,392.0
21,25667,392.0
21,25693,392.0
21,25695,392.0
21,25721,392.0
21,25735,392.0
21,25761,392.0
21,25775,392.0
21,25777,392.0
21,25793,392.0
21,25807,392.0
21,25821,392.0
21,25835,392.0
21,25863,392.0
21,25889,392.0
21,25903,392.0
21,25905,392.0
21,25919,392.0
21,25933,392.0
21,25947,392.0
21,25967,392.0
21,25997,392.0
21,26031,392.0
21,26033,392.0
21,26035,392.0
21,26037,392.0
21,26051,396.0
21,26053,396.0
21,26055,396.0
21,26073,396.0
21,26101,396.0
21,26115,396.0
21,26141,396.0
21,26143,396.0
21,26171,396.0
21,26185,396.0
21,26199,396.0
21,26215,396.0
21,26241,396.0
21,26269,396.0
21,26283,396.0
21,26311,396.0
21,26345,396.0
21,26347,396.0
21,26373,396.0
21,26387,396.0
21,26401,396.0
21,26415,396.0
21,26445,396.0
21,26461,396.0
21,26475,396.0
21,26505,396.0
21,26519,396.0
21,26535,396.0
21,26549,396.0
21,26563,403.0
21,26579,403.0
21,26597,403.0
21,26611,403.0
21,26625,403.0
21,26653,403.0
21,26669,403.0
21,26683,403.0
21,26697,403.0
21,26711,403.0
21,26725,403.0
21,26753,403.0
21,26769,403.0
21,26795,403.0
21,26809,403.0
21,26811,403.0
21,26839,403.0
21,26865,403.0
21,26897,403.0
21,26913,403.0
21,26915,403.0
21,26941,403.0
21,26955,403.0
21,26983,403.0
21,26997,403.0
21,27011,403.0
21,27043,403.0
21,27069,403.0
21,27083,403.0
21,27097,403.0
21,27123,403.0
21,27155,403.0
21,27171,403.0
21,27187,403.0
21,27213,403.0
21,27239,403.0
21,27241,403.0
21,27267,406.0
21,27269,406.0
21,27287,406.0
21,27321,406.0
21,27353,406.0
21,27381,406.0
21,27395,406.0
21,27413,406.0
21,27441,406.0
21,27455,406.0
21,27469,406.0
21,27471,406.0
21,27485,406.0
21,27513,406.0
21,27527,406.0
21,27529,406.0
21,27545,406.0
21,27573,406.0
21,27591,406.0
21,27605,406.0
21,27621,406.0
21,27635,406.0
21,27649,406.0
21,27675,406.0
21,27689,406.0
21,27703,406.0
21,27719,406.0
21,27721,406.0
21,27739,406.0
21,27753,406.0
21,27779,406.0
21,27793,406.0
21,27807,406.0
21,27833,406.0
21,27863,406.0
21,27889,406.0
21,27903,406.0
21,27917,406.0
21,27931,406.0
21,27933,406.0
21,27935,406.0
21,27937,406.0
21,27951,406.0
21,27981,406.0
21,27997,406.0
21,28011,406.0
21,28025,406.0
21,28041,406.0
21,28055,406.0
21,28083,406.0
21,28109,406.0
21,28127,406.0
21,28155,406.0
21,28169,406.0
21,28171,406.0
21,28185,406.0
21,28201,406.0
21,28227,406.0
21,28245,406.0
21,28263,406.0
21,28277,406.0
21,28303,406.0
21,28317,406.0
21,28331,406.0
21,28345,406.0
21,28371,406.0
21,28385,406.0
21,28401,406.0
21,28431,406.0
21,28445,406.0
21,28477,406.0
21,28495,406.0
21,28511,406.0
21,28525,406.0
21,28539,406.0
21,28569,406.0
21,28571,406.0
21,28597,406.0
21,28611,406.0
21,28639,406.0
21,28653,406.0
21,28655,406.0
21,28683,406.0
21,28697,406.0
21,28699,406.0
21,28713,406.0
21,28727,406.0
21,28741,406.0
21,28757,406.0
21,28773,406.0
21,28775,406.0
21,28791,406.0
21,28805,406.0
21,28823,406.0
21,28837,406.0
21,28851,406.0
21,28865,406.0
21,28867,406.0
21,28881,406.0
21,28907,406.0
21,28923,406.0
21,28939,406.0
21,28969,406.0
21,29001,406.0
21,29029,406.0
21,29055,409.0
21,29081,412.0
21,29083,412.0
21,29101,412.0
21,29103,412.0
21,29135,412.0
21,29165,412.0
21,29181,412.0
21,29197,412.0
21,29213,412.0
21,29227,412.0
21,29257,412.0
21,29283,416.0
21,29311,416.0
21,29331,416.0
21,29347,416.0
21,29349,416.0
21,29375,416.0
21,29391,416.0
21,29425,416.0
21,29455,416.0
21,29469,416.0
21,29485,416.0
21,29487,416.0
21,29503,416.0
21,29519,416.0
21,29521,416.0
21,29523,416.0
21,29551,416.0
21,29579,416.0
21,29605,416.0
21,29631,416.0
21,29645,416.0
21,29671,416.0
21,29689,416.0
21,29717,416.0
21,29745,416.0
21,29759,416.0
21,29785,416.0
21,29799,416.0
21,29813,416.0
21,29815,416.0
21,29841,416.0
21,29857,416.0
21,29885,416.0
21,29915,416.0
21,29945,416.0
21,29959,416.0
21,29973,416.0
21,29987,416.0
21,30001,416.0
21,30031,416.0
21,30033,416.0
21,30047,416.0
21,30079,416.0
21,30107,416.0
21,30109,416.0
21,30123,416.0
21,30141,416.0
21,30159,416.0
21,30173,416.0
21,30199,416.0
21,30215,416.0
21,30217,416.0
21,30247,416.0
21,30277,416.0
21,30279,416.0
21,30305,416.0
21,30331,416.0
21,30347,416.0
21,30377,416.0
21,30405,416.0
21,30419,416.0
21,30421,416.0
21,30435,416.0
21,30437,416.0
21,30453,416.0
21,30471,416.0
21,30489,416.0
21,30503,416.0
21,30531,416.0
21,30547,416.0
21,30573,416.0
21,30591,416.0
21,30609,416.0
21,30639,416.0
21,30667,416.0
21,30683,416.0
21,30699,416.0
21,30727,416.0
21,30741,416.0
21,30771,416.0
21,30797,416.0
21,30823,416.0
21,30843,416.0
21,30871,416.0
21,30889,416.0
21,30903,416.0
21,30929,416.0
21,30955,416.0
21,30969,416.0
21,30983,416.0
21,30985,416.0
21,31013,416.0
21,31015,416.0
21,31017,416.0
21,31031,416.0
21,31059,416.0
21,31061,416.0
21,31087,416.0
21,31115,416.0
21,31147,416.0
21,31161,416.0
21,31163,416.0
21,31179,416.0
21,31195,416.0
21,31209,416.0
21,31235,416.0
21,31251,416.0
21,31253,416.0
21,31279,416.0
21,31309,416.0
21,31337,416.0
21,31351,416.0
21,31365,416.0
21,31385,416.0
21,31401,416.0
21,31403,416.0
21,31429,416.0
21,31455,416.0
21,31469,416.0
21,31471,416.0
21,31485,416.0
21,31501,416.0
21,31531,416.0
21,31559,416.0
21,31585,416.0
21,31601,416.0
21,31603,416.0
21,31605,416.0
21,31633,416.0
21,31635,416.0
21,31661,416.0
21,31677,416.0
21,31679,416.0
21,31705,416.0
21,31723,416.0
21,31737,416.0
21,31775,416.0
21,31791,416.0
21,31819,416.0
21,31835,416.0
21,31851,416.0
21,31877,416.0
21,31891,416.0
21,31905,416.0
21,31919,416.0
21,31921,416.0
21,31935,416.0
21,31949,416.0
21,31965,416.0
21,31983,416.0
21,32009,416.0
21,32023,416.0
21,32039,416.0
21,32053,416.0
21,32067,416.0
21,32081,416.0
21,32107,416.0
21,32109,416.0
21,32139,416.0
21,32155,416.0
21,32181,416.0
22,21776,289.0
22,21804,289.0
22,21834,289.0
22,21848,289.0
22,21850,289.0
22,22295,317.0
22,22309,317.0
22,22311,317.0
22,22343,317.0
22,22361,317.0
22,22375,326.0
22,22391,326.0
22,22393,326.0
22,22395,326.0
22,22409,326.0
22,22423,343.0
22,22439,343.0
22,22465,343.0
22,22479,343.0
22,22507,343.0
22,22539,343.0
22,22553,343.0
22,22569,343.0
22,22597,343.0
22,22629,343.0
22,22645,343.0
22,22671,343.0
22,22685,343.0
22,22699,343.0
22,22717,343.0
22,22749,343.0
22,22775,343.0
22,22791,343.0
22,22819,343.0
22,22821,343.0
22,22843,343.0
22,22857,343.0
22,22885,343.0
22,22913,343.0
22,22915,343.0
22,22945,343.0
22,22959,343.0
22,22973,343.0
22,22989,343.0
22,23003,343.0
22,23017,343.0
22,23031,343.0
22,23045,343.0
22,23059,343.0
22,23087,343.0
22,23117,343.0
22,23143,343.0
22,23165,343.0
22,23191,343.0
22,23205,343.0
22,23221,343.0
22,23223,343.0
22,23239,343.0
22,23269,343.0
22,23297,343.0
22,23311,345.0
22,23325,345.0
22,23341,345.0
22,23343,345.0
22,23369,356.0
22,23383,356.0
22,23409,356.0
22,23425,356.0
22,23439,356.0
22,23453,356.0
22,23469,356.0
22,23483,356.0
22,23509,356.0
22,23539,359.0
22,23553,359.0
22,23579,359.0
22,23593,359.0
22,23595,359.0
22,23611,359.0
22,23639,359.0
22,23655,359.0
22,23681,359.0
22,23709,359.0
22,23711,359.0
22,23741,365.0
22,23755,365.0
22,23771,365.0
22,23773,365.0
22,23803,365.0
22,23829,365.0
22,23843,365.0
22,23871,365.0
22,23889,365.0
22,23907,365.0
22,23921,365.0
22,23947,365.0
22,23949,365.0
22,23963,365.0
22,23991,365.0
22,24009,365.0
22,24023,365.0
22,24039,365.0
22,24065,365.0
22,24079,365.0
22,24081,365.0
22,24107,365.0
22,24125,365.0
22,24139,372.0
22,24155,372.0
22,24181,372.0
22,24195,372.0
22,24197,372.0
22,24211,372.0
22,24227,372.0
22,24253,372.0
22,24269,372.0
22,24297,372.0
22,24311,372.0
22,24339,372.0
22,24373,372.0
22,24387,399.0
22,24401,399.0
22,24415,399.0
22,24433,399.0
22,24447,399.0
22,24473,399.0
22,24503,399.0
22,24519,399.0
22,24545,399.0
22,24571,399.0
22,24573,399.0
22,24587,399.0
22,24603,399.0
22,24623,399.0
22,24639,399.0
22,24665,399.0
22,24667,399.0
22,24681,399.0
22,24713,399.0
22,24739,399.0
22,24765,399.0
22,24767,399.0
22,24797,399.0
22,24823,399.0
22,24855,399.0
22,24869,399.0
22,24899,399.0
22,24913,399.0
22,24915,399.0
22,24929,399.0
22,24947,399.0
22,24965,399.0
22,24981,399.0
22,24983,399.0
22,24999,399.0
22,25025,399.0
22,25039,399.0
22,25053,400.0
22,25055,400.0
22,25057,400.0
22,25071,400.0
22,25073,400.0
22,25101,400.0
22,25115,400.0
22,25131,400.0
22,25145,400.0
22,25159,400.0
22,25177,400.0
22,25205,403.0
22,25207,403.0
22,25223,403.0
22,25249,403.0
22,25251,403.0
22,25267,403.0
22,25281,403.0
22,25283,403.0
22,25311,403.0
22,25325,403.0
22,25355,403.0
22,25357,403.0
22,25385,403.0
22,25413,403.0
22,25415,403.0
22,25445,403.0
22,25473,403.0
22,25475,403.0
22,25507,403.0
22,25521,403.0
22,25523,403.0
22,25541,403.0
22,25567,403.0
22,25593,405.0
22,25607,405.0
22,25635,405.0
22,25649,405.0
22,25675,405.0
22,25707,405.0
22,25735,405.0
22,25737,405.0
22,25767,405.0
22,25795,405.0
22,25797,405.0
22,25811,405.0
22,25825,405.0
22,25851,405.0
22,25865,405.0
22,25895,405.0
22,25897,405.0
22,25899,405.0
22,25913,405.0
22,25929,405.0
22,25959,405.0
22,25973,405.0
22,25999,406.0
22,26029,406.0
22,26057,406.0
22,26071,406.0
22,26085,406.0
22,26113,406.0
22,26115,406.0
22,26129,406.0
22,26155,406.0
22,26183,406.0
22,26199,406.0
22,26201,406.0
22,26215,406.0
22,26217,406.0
22,26231,406.0
22,26247,406.0
22,26261,406.0
22,26277,406.0
22,26291,406.0
22,26307,406.0
22,26333,406.0
22,26361,406.0
22,26377,406.0
22,26405,406.0
22,26423,406.0
22,26453,406.0
22,26481,406.0
22,26517,406.0
22,26543,406.0
22,26569,406.0
22,26583,406.0
22,26609,406.0
22,26639,406.0
22,26665,406.0
22,26695,406.0
22,26723,406.0
22,26739,406.0
22,26753,406.0
22,26769,406.0
22,26783,406.0
22,26799,406.0
22,26801,406.0
22,26815,415.0
22,26843,415.0
22,26845,415.0
22,26847,415.0
22,26883,415.0
22,26899,415.0
22,26927,415.0
22,26959,415.0
22,26961,415.0
22,26975,415.0
22,27005,415.0
22,27021,415.0
22,27049,415.0
22,27067,415.0
22,27069,415.0
22,27085,415.0
22,27099,415.0
22,27117,415.0
22,27119,415.0
22,27133,415.0
22,27159,415.0
22,27173,415.0
22,27199,415.0
22,27229,415.0
22,27243,415.0
22,27271,415.0
22,27297,415.0
22,27311,415.0
22,27325,415.0
22,27357,415.0
22,27371,415.0
22,27403,415.0
22,27405,415.0
22,27421,415.0
22,27435,415.0
22,27461,415.0
22,27479,415.0
22,27505,415.0
22,27519,415.0
22,27549,415.0
22,27563,415.0
22,27579,415.0
22,27593,415.0
22,27621,415.0
22,27635,415.0
22,27663,415.0
22,27665,415.0
22,27691,415.0
22,27705,415.0
22,27733,415.0
22,27735,415.0
22,27749,415.0
22,27751,415.0
22,27777,415.0
22,27779,415.0
22,27793,415.0
22,27821,415.0
22,27835,415.0
22,27837,415.0
22,27869,415.0
22,27871,415.0
22,27887,415.0
22,27913,415.0
22,27927,415.0
22,27955,415.0
22,27971,415.0
22,27999,415.0
22,28001,415.0
22,28019,415.0
22,28049,415.0
22,28065,415.0
22,28079,415.0
22,28093,415.0
22,28109,415.0
22,28111,415.0
22,28125,415.0
22,28155,415.0
22,28157,415.0
22,28159,415.0
22,28173,415.0
22,28199,415.0
22,28213,415.0
22,28245,415.0
22,28277,415.0
22,28279,415.0
22,28295,415.0
22,28311,415.0
22,28325,415.0
22,28341,415.0
22,28367,415.0
22,28381,415.0
22,28407,415.0
22,28421,415.0
22,28447,415.0
22,28461,415.0
22,28487,415.0
22,28519,415.0
22,28547,415.0
22,28575,415.0
22,28605,415.0
22,28621,415.0
22,28649,415.0
22,28677,415.0
22,28691,415.0
22,28719,415.0
22,28735,415.0
22,28763,415.0
22,28791,415.0
22,28805,415.0
22,28807,415.0
22,28809,415.0
22,28811,415.0
22,28813,415.0
22,28815,415.0
22,28829,415.0
22,28843,415.0
22,28857,415.0
22,28871,415.0
22,28873,415.0
22,28887,415.0
22,28901,415.0
22,28933,415.0
22,28947,415.0
22,28961,415.0
22,28975,415.0
22,28989,415.0
22,29003,415.0
22,29017,415.0
22,29019,415.0
22,29049,415.0
22,29051,415.0
22,29053,415.0
22,29067,415.0
22,29083,415.0
22,29111,415.0
22,29125,415.0
22,29153,415.0
22,29169,415.0
22,29183,415.0
22,29211,415.0
22,29243,415.0
22,29259,415.0
22,29287,415.0
22,29319,415.0
22,29345,415.0
22,29347,415.0
22,29377,415.0
22,29405,415.0
22,29419,415.0
22,29433,415.0
22,29463,415.0
22,29491,415.0
22,29519,415.0
22,29549,415.0
22,29571,415.0
22,29587,415.0
22,29607,415.0
22,29609,415.0
22,29623,415.0
22,29651,415.0
22,29653,415.0
22,29687,415.0
22,29715,415.0
22,29731,415.0
22,29747,415.0
22,29749,415.0
22,29777,415.0
22,29791,415.0
22,29807,415.0
22,29823,415.0
22,29837,415.0
22,29867,415.0
22,29881,415.0
22,29899,415.0
22,29915,415.0
22,29929,415.0
22,29959,417.0
22,29989,417.0
22,30005,417.0
22,30007,417.0
22,30035,417.0
22,30051,417.0
22,30077,417.0
22,30091,417.0
22,30119,417.0
22,30147,417.0
22,30149,417.0
22,30163,417.0
22,30191,417.0
22,30221,417.0
22,30237,417.0
22,30239,417.0
22,30253,417.0
22,30281,417.0
22,30309,417.0
22,30337,417.0
22,30351,417.0
22,30367,417.0
22,30369,417.0
22,30387,417.0
22,30389,417.0
22,30403,417.0
22,30417,417.0
22,30433,417.0
22,30461,417.0
22,30491,417.0
22,30505,417.0
22,30535,417.0
22,30537,417.0
22,30565,417.0
22,30567,417.0
22,30569,417.0
22,30599,417.0
22,30613,417.0
22,30627,417.0
22,30629,417.0
22,30661,417.0
22,30675,417.0
22,30689,417.0
22,30691,417.0
22,30693,417.0
22,30713,417.0
22,30727,417.0
22,30755,417.0
22,30769,417.0
22,30783,417.0
22,30811,417.0
22,30813,417.0
22,30815,417.0
22,30829,417.0
22,30845,417.0
22,30873,417.0
22,30901,417.0
22,30915,417.0
22,30931,417.0
22,30945,417.0
22,30959,417.0
22,30987,417.0
22,31003,417.0
22,31019,417.0
22,31033,417.0
22,31059,417.0
22,31089,417.0
22,31091,417.0
22,31105,417.0
22,31123,417.0
22,31153,417.0
22,31181,417.0
22,31195,423.0
22,31221,423.0
22,31251,423.0
22,31283,423.0
22,31297,423.0
22,31311,423.0
22,31327,423.0
22,31341,423.0
22,31371,423.0
22,31389,423.0
22,31403,423.0
22,31429,423.0
22,31455,423.0
22,31469,423.0
22,31487,423.0
22,31513,423.0
22,31515,423.0
22,31543,423.0
22,31571,423.0
22,31587,423.0
22,31615,423.0
22,31629,423.0
22,31655,423.0
22,31669,423.0
22,31697,423.0
22,31699,423.0
22,31725,423.0
22,31753,423.0
22,31769,423.0
23,22016,307.0
23,22032,307.0
23,22046,311.0
23,22060,311.0
23,22076,311.0
23,22102,313.0
23,22553,313.0
23,22579,314.0
23,22607,347.0
23,22621,347.0
23,22635,347.0
23,22637,347.0
23,22669,347.0
23,22683,347.0
23,22711,347.0
23,22725,347.0
23,22755,347.0
23,22785,347.0
23,22801,347.0
23,22831,347.0
23,22857,347.0
23,22859,347.0
23,22891,347.0
23,22905,347.0
23,22923,347.0
23,22939,347.0
23,22953,347.0
23,22967,347.0
23,22995,347.0
23,22997,347.0
23,23011,347.0
23,23025,347.0
23,23043,347.0
23,23073,347.0
23,23099,347.0
23,23113,347.0
23,23129,347.0
23,23159,347.0
23,23187,352.0
23,23201,352.0
23,23229,352.0
23,23257,352.0
23,23273,352.0
23,23287,352.0
23,23289,352.0
23,23319,352.0
23,23333,352.0
23,23361,352.0
23,23389,352.0
23,23415,352.0
23,23429,352.0
23,23459,364.0
23,23477,364.0
23,23491,364.0
23,23517,364.0
23,23531,364.0
23,23559,364.0
23,23577,364.0
23,23579,364.0
23,23581,364.0
23,23595,364.0
23,23611,364.0
23,23625,364.0
23,23651,364.0
23,23681,364.0
23,23699,364.0
23,23725,364.0
23,23757,364.0
23,23771,364.0
23,23785,364.0
23,23799,364.0
23,23801,364.0
23,23815,364.0
23,23847,364.0
23,23877,364.0
23,23891,364.0
23,23907,364.0
23,23923,364.0
23,23939,364.0
23,23973,364.0
23,23987,364.0
23,24013,368.0
23,24027,368.0
23,24041,368.0
23,24069,368.0
23,24083,368.0
23,24097,368.0
23,24113,368.0
23,24115,368.0
23,24117,368.0
23,24131,368.0
23,24133,368.0
23,24159,368.0
23,24173,386.0
23,24187,386.0
23,24189,386.0
23,24203,386.0
23,24205,386.0
23,24221,386.0
23,24247,386.0
23,24261,386.0
23,24277,386.0
23,24293,386.0
23,24309,386.0
23,24325,386.0
23,24327,386.0
23,24359,386.0
23,24373,386.0
23,24389,386.0
23,24405,386.0
23,24419,386.0
23,24433,386.0
23,24447,386.0
23,24461,386.0
23,24475,387.0
23,24501,387.0
23,24529,387.0
23,24559,387.0
23,24573,387.0
23,24587,387.0
23,24589,387.0
23,24603,387.0
23,24617,387.0
23,24631,387.0
23,24633,387.0
23,24663,387.0
23,24693,387.0
23,24723,387.0
23,24737,387.0
23,24751,387.0
23,24767,387.0
23,24769,387.0
23,24783,387.0
23,24811,387.0
23,24837,387.0
23,24851,387.0
23,24877,387.0
23,24903,387.0
23,24917,387.0
23,24943,387.0
23,24959,387.0
23,24973,387.0
23,24987,387.0
23,25017,387.0
23,25051,387.0
23,25081,387.0
23,25095,387.0
23,25111,387.0
23,25129,387.0
23,25143,387.0
23,25169,387.0
23,25183,387.0
23,25199,387.0
23,25201,387.0
23,25217,387.0
23,25231,387.0
23,25245,387.0
23,25261,387.0
23,25263,387.0
23,25277,387.0
23,25293,387.0
23,25321,387.0
23,25335,387.0
23,25361,387.0
23,25363,387.0
23,25377,387.0
23,25395,387.0
23,25397,387.0
23,25411,387.0
23,25437,387.0
23,25463,387.0
23,25479,387.0
23,25493,387.0
23,25523,387.0
23,25551,387.0
23,25577,396.0
23,25591,396.0
23,25617,396.0
23,25619,396.0
23,25647,405.0
23,25663,405.0
23,25681,405.0
23,25697,405.0
23,25725,405.0
23,25739,405.0
23,25767,405.0
23,25783,405.0
23,25797,405.0
23,25799,405.0
23,25825,405.0
23,25855,405.0
23,25873,405.0
23,25887,405.0
23,25903,405.0
23,25919,405.0
23,25935,405.0
23,25961,405.0
23,25989,405.0
23,26019,405.0
23,26045,405.0
23,26061,405.0
23,26087,405.0
23,26101,405.0
23,26131,405.0
23,26157,405.0
23,26183,405.0
23,26211,405.0
23,26229,405.0
23,26243,405.0
23,26269,405.0
23,26283,405.0
23,26311,405.0
23,26325,405.0
23,26351,405.0
23,26383,405.0
23,26411,405.0
23,26437,406.0
23,26453,406.0
23,26481,406.0
23,26517,406.0
23,26543,413.0
23,26557,413.0
23,26583,414.0
23,26599,414.0
23,26613,414.0
23,26639,414.0
23,26653,414.0
23,26683,414.0
23,26709,414.0
23,26723,414.0
23,26737,414.0
23,26753,414.0
23,26769,414.0
23,26783,414.0
23,26811,414.0
23,26837,414.0
23,26863,414.0
23,26865,414.0
23,26867,414.0
23,26895,414.0
23,26921,414.0
23,26947,414.0
23,26963,414.0
23,26989,414.0
23,27005,414.0
23,27033,414.0
23,27035,414.0
23,27061,414.0
23,27077,414.0
23,27107,414.0
23,27121,414.0
23,27137,414.0
23,27139,414.0
23,27167,414.0
23,27181,414.0
23,27195,414.0
23,27213,414.0
23,27215,414.0
23,27241,414.0
23,27255,414.0
23,27283,414.0
23,27311,414.0
23,27329,414.0
23,27345,414.0
23,27361,414.0
23,27389,414.0
23,27391,414.0
23,27405,414.0
23,27419,414.0
23,27421,414.0
23,27435,414.0
23,27463,414.0
23,27491,414.0
23,27493,414.0
23,27507,414.0
23,27521,414.0
23,27535,414.0
23,27551,414.0
23,27569,414.0
23,27583,414.0
23,27611,414.0
23,27613,414.0
23,27627,414.0
23,27643,414.0
23,27659,414.0
23,27661,414.0
23,27675,414.0
23,27677,414.0
23,27705,414.0
23,27719,414.0
23,27721,414.0
23,27735,414.0
23,27761,414.0
23,27779,414.0
23,27809,414.0
23,27823,414.0
23,27837,414.0
23,27853,414.0
23,27883,414.0
23,27897,414.0
23,27911,414.0
23,27925,414.0
23,27941,414.0
23,27973,414.0
23,27999,414.0
23,28015,414.0
23,28031,414.0
23,28059,414.0
23,28089,414.0
23,28119,414.0
23,28135,414.0
23,28161,414.0
23,28179,414.0
23,28197,414.0
23,28225,414.0
23,28255,414.0
23,28271,414.0
23,28287,414.0
23,28315,414.0
23,28317,414.0
23,28343,414.0
23,28357,414.0
23,28383,414.0
23,28413,414.0
23,28427,414.0
23,28441,414.0
23,28443,414.0
23,28459,414.0
23,28485,414.0
23,28517,414.0
23,28531,414.0
23,28559,414.0
23,28561,414.0
23,28589,414.0
23,28615,414.0
23,28641,414.0
23,28655,414.0
23,28657,414.0
23,28685,414.0
23,28713,414.0
23,28715,414.0
23,28729,414.0
23,28731,414.0
23,28761,414.0
23,28763,414.0
23,28777,414.0
23,28803,414.0
23,28829,414.0
23,28843,414.0
23,28865,414.0
23,28897,414.0
23,28911,414.0
23,28937,414.0
23,28963,414.0
23,28979,414.0
23,28997,414.0
23,29013,414.0
23,29027,414.0
23,29043,414.0
23,29045,414.0
23,29073,414.0
23,29087,414.0
23,29101,414.0
23,29117,414.0
23,29143,414.0
23,29145,414.0
23,29175,414.0
23,29203,414.0
23,29217,414.0
23,29243,414.0
23,29269,414.0
23,29295,414.0
23,29309,414.0
23,29337,414.0
23,29351,414.0
23,29353,414.0
23,29379,414.0
23,29393,414.0
23,29417,414.0
23,29431,414.0
23,29459,414.0
23,29485,414.0
23,29487,414.0
23,29501,414.0
23,29515,414.0
23,29545,414.0
23,29559,414.0
23,29573,414.0
23,29601,414.0
23,29617,414.0
23,29645,414.0
23,29647,414.0
23,29675,414.0
23,29691,414.0
23,29711,414.0
23,29739,414.0
23,29753,414.0
23,29769,414.0
23,29785,414.0
23,29813,414.0
23,29827,414.0
23,29841,414.0
23,29855,414.0
23,29883,414.0
23,29909,414.0
23,29935,414.0
23,29961,414.0
23,29977,414.0
23,29991,414.0
23,30005,414.0
23,30033,414.0
23,30059,416.0
23,30089,416.0
23,30103,416.0
23,30117,416.0
23,30145,416.0
23,30171,416.0
23,30173,416.0
23,30189,416.0
23,30215,416.0
23,30217,416.0
23,30231,416.0
23,30247,416.0
23,30261,416.0
23,30293,416.0
23,30295,416.0
23,30323,416.0
23,30325,416.0
23,30351,416.0
23,30377,416.0
23,30393,416.0
23,30421,416.0
23,30435,416.0
23,30467,416.0
23,30483,416.0
23,30485,416.0
23,30499,416.0
23,30515,416.0
23,30541,416.0
23,30555,416.0
23,30569,416.0
23,30571,416.0
23,30587,416.0
23,30589,416.0
23,30619,416.0
23,30645,416.0
23,30647,416.0
23,30665,416.0
23,30693,416.0
23,30719,416.0
23,30721,416.0
23,30735,416.0
23,30763,416.0
23,30765,416.0
23,30767,416.0
23,30781,416.0
23,30795,416.0
23,30811,416.0
23,30825,416.0
23,30841,416.0
23,30843,416.0
23,30859,416.0
23,30885,416.0
23,30901,416.0
23,30927,416.0
23,30943,416.0
23,30945,416.0
23,30959,416.0
23,30975,416.0
23,31003,416.0
23,31019,416.0
23,31049,416.0
23,31065,416.0
23,31067,416.0
23,31069,416.0
23,31095,416.0
23,31111,417.0
23,31113,417.0
23,31115,417.0
23,31117,417.0
23,31133,417.0
23,31159,417.0
23,31161,417.0
23,31177,417.0
23,31191,417.0
23,31205,417.0
23,31219,417.0
23,31245,417.0
23,31247,417.0
23,31249,417.0
23,31263,417.0
23,31291,417.0
23,31305,417.0
23,31307,417.0
23,31321,417.0
23,31335,417.0
23,31349,417.0
23,31363,417.0
23,31389,417.0
23,31391,417.0
23,31409,417.0
23,31425,417.0
23,31439,417.0
23,31453,417.0
23,31455,417.0
23,31469,417.0
23,31471,417.0
23,31487,417.0
23,31515,417.0
23,31543,417.0
23,31557,417.0
23,31559,417.0
23,31573,417.0
23,31587,417.0
23,31601,417.0
23,31615,417.0
23,31631,417.0
23,31647,417.0
23,31649,417.0
23,31679,417.0
23,31681,417.0
23,31709,417.0
23,31723,417.0
23,31737,417.0
23,31753,417.0
23,31779,418.0
23,31807,418.0
23,31835,418.0
23,31869,418.0
23,31883,418.0
23,31913,418.0
23,31943,418.0
23,31959,418.0
23,31961,418.0
23,31975,418.0
23,31977,418.0
23,31979,418.0
23,32005,418.0
24,22268,288.0
24,22284,288.0
24,22312,303.0
24,22328,303.0
24,22358,317.0
24,22388,317.0
24,22404,317.0
24,22418,317.0
24,22444,322.0
24,22460,322.0
24,22945,322.0
24,22971,322.0
24,22985,322.0
24,22999,322.0
24,23025,322.0
24,23041,322.0
24,23055,322.0
24,23069,322.0
24,23097,322.0
24,23129,322.0
24,23155,322.0
24,23169,322.0
24,23195,322.0
24,23225,322.0
24,23251,343.0
24,23281,343.0
24,23309,343.0
24,23337,343.0
24,23351,343.0
24,23377,343.0
24,23391,343.0
24,23409,343.0
24,23437,343.0
24,23439,343.0
24,23453,343.0
24,23455,343.0
24,23487,343.0
24,23489,343.0
24,23503,343.0
24,23531,343.0
24,23547,343.0
24,23561,343.0
24,23587,343.0
24,23601,343.0
24,23627,352.0
24,23641,352.0
24,23655,354.0
24,23683,354.0
24,23711,354.0
24,23725,354.0
24,23739,354.0
24,23755,354.0
24,23775,354.0
24,23801,354.0
24,23831,354.0
24,23857,354.0
24,23871,366.0
24,23899,366.0
24,23929,366.0
24,23931,366.0
24,23961,366.0
24,23989,366.0
24,24005,366.0
24,24031,366.0
24,24045,366.0
24,24075,366.0
24,24101,366.0
24,24131,366.0
24,24145,366.0
24,24173,366.0
24,24175,366.0
24,24177,366.0
24,24195,366.0
24,24209,366.0
24,24223,373.0
24,24239,373.0
24,24253,373.0
24,24279,373.0
24,24307,373.0
24,24333,373.0
24,24335,373.0
24,24349,373.0
24,24369,373.0
24,24371,373.0
24,24385,373.0
24,24413,373.0
24,24427,374.0
24,24453,374.0
24,24481,374.0
24,24495,374.0
24,24509,374.0
24,24511,374.0
24,24525,374.0
24,24539,374.0
24,24553,374.0
24,24569,374.0
24,24585,374.0
24,24615,374.0
24,24631,374.0
24,24657,374.0
24,24671,376.0
24,24699,376.0
24,24713,376.0
24,24743,376.0
24,24757,376.0
24,24787,376.0
24,24815,379.0
24,24833,379.0
24,24861,379.0
24,24877,379.0
24,24907,379.0
24,24941,379.0
24,24967,379.0
24,24981,379.0
24,25009,379.0
24,25023,379.0
24,25037,379.0
24,25053,379.0
24,25081,379.0
24,25111,379.0
24,25143,379.0
24,25159,379.0
24,25173,379.0
24,25203,382.0
24,25217,382.0
24,25247,382.0
24,25273,382.0
24,25301,382.0
24,25333,382.0
24,25335,382.0
24,25361,382.0
24,25377,382.0
24,25403,382.0
24,25435,382.0
24,25449,382.0
24,25465,382.0
24,25495,382.0
24,25497,382.0
24,25511,382.0
24,25537,382.0
24,25569,382.0
24,25595,382.0
24,25611,382.0
24,25637,387.0
24,25667,387.0
24,25681,387.0
24,25707,397.0
24,25725,397.0
24,25755,397.0
24,25783,397.0
24,25797,397.0
24,25823,397.0
24,25825,397.0
24,25839,397.0
24,25871,397.0
24,25897,397.0
24,25913,397.0
24,25927,397.0
24,25955,397.0
24,25971,397.0
24,25997,398.0
24,26023,398.0
24,26041,398.0
24,26055,398.0
24,26081,398.0
24,26107,398.0
24,26135,398.0
24,26149,398.0
24,26165,398.0
24,26195,398.0
24,26221,398.0
24,26235,398.0
24,26263,398.0
24,26293,398.0
24,26321,398.0
24,26351,398.0
24,26371,398.0
24,26403,398.0
24,26417,398.0
24,26435,398.0
24,26437,398.0
24,26465,398.0
24,26467,398.0
24,26483,398.0
24,26499,398.0
24,26517,398.0
24,26531,398.0
24,26545,398.0
24,26573,398.0
24,26575,398.0
24,26589,398.0
24,26617,398.0
24,26619,398.0
24,26645,398.0
24,26663,398.0
24,26681,398.0
24,26683,398.0
24,26711,398.0
24,26743,398.0
24,26763,398.0
24,26781,398.0
24,26783,398.0
24,26799,398.0
24,26813,398.0
24,26841,398.0
24,26867,398.0
24,26893,401.0
24,26907,401.0
24,26909,401.0
24,26925,401.0
24,26951,401.0
24,26979,401.0
24,26995,401.0
24,26997,401.0
24,27025,401.0
24,27039,401.0
24,27041,401.0
24,27067,401.0
24,27081,407.0
24,27109,407.0
24,27111,407.0
24,27137,409.0
24,27153,409.0
24,27167,409.0
24,27169,409.0
24,27183,409.0
24,27209,409.0
24,27237,409.0
24,27263,409.0
24,27289,409.0
24,27303,409.0
24,27319,409.0
24,27333,409.0
24,27335,409.0
24,27351,409.0
24,27353,409.0
24,27383,409.0
24,27409,409.0
24,27423,409.0
24,27439,409.0
24,27453,409.0
24,27479,409.0
24,27505,409.0
24,27521,409.0
24,27549,409.0
24,27563,409.0
24,27589,409.0
24,27603,409.0
24,27631,412.0
24,27645,412.0
24,27647,412.0
24,27675,412.0
24,27689,412.0
24,27717,412.0
24,27719,412.0
24,27745,412.0
24,27759,412.0
24,27775,412.0
24,27789,412.0
24,27805,412.0
24,27835,412.0
24,27849,412.0
24,27863,412.0
24,27891,412.0
24,27907,412.0
24,27933,412.0
24,27963,412.0
24,27993,412.0
24,27995,412.0
24,28023,412.0
24,28025,412.0
24,28051,412.0
24,28065,412.0
24,28081,412.0
24,28095,412.0
24,28121,412.0
24,28123,412.0
24,28137,412.0
24,28165,412.0
24,28193,412.0
24,28219,412.0
24,28247,412.0
24,28275,412.0
24,28303,412.0
24,28317,412.0
24,28347,412.0
24,28373,412.0
24,28375,412.0
24,28389,412.0
24,28405,412.0
24,28441,412.0
24,28467,412.0
24,28481,412.0
24,28483,412.0
24,28515,412.0
24,28529,412.0
24,28531,412.0
24,28533,412.0
24,28561,412.0
24,28575,412.0
24,28589,412.0
24,28615,412.0
24,28629,412.0
24,28643,412.0
24,28661,412.0
24,28677,412.0
24,28691,412.0
24,28721,412.0
24,28735,412.0
24,28737,412.0
24,28751,412.0
24,28767,412.0
24,28795,412.0
24,28811,412.0
24,28813,412.0
24,28841,414.0
24,28855,414.0
24,28891,414.0
24,28907,414.0
24,28921,414.0
24,28949,414.0
24,28951,414.0
24,28979,414.0
24,28993,414.0
24,29009,414.0
24,29025,414.0
24,29051,414.0
24,29065,414.0
24,29079,414.0
24,29105,414.0
24,29107,414.0
24,29135,414.0
24,29153,414.0
24,29155,414.0
24,29157,414.0
24,29171,414.0
24,29189,414.0
24,29203,414.0
24,29219,414.0
24,29221,414.0
24,29249,414.0
24,29275,414.0
24,29301,414.0
24,29315,414.0
24,29331,414.0
24,29345,414.0
24,29359,414.0
24,29361,414.0
24,29391,414.0
24,29393,414.0
24,29407,414.0
24,29421,414.0
24,29449,414.0
24,29475,414.0
24,29501,414.0
24,29517,414.0
24,29519,414.0
24,29533,414.0
24,29547,414.0
24,29561,414.0
24,29577,414.0
24,29603,414.0
24,29617,414.0
24,29649,414.0
24,29665,414.0
24,29679,414.0
24,29709,414.0
24,29711,414.0
24,29739,414.0
24,29753,414.0
24,29771,414.0
24,29785,414.0
24,29801,414.0
24,29815,414.0
24,29829,414.0
24,29861,414.0
24,29893,414.0
24,29919,414.0
24,29921,414.0
24,29935,414.0
24,29949,414.0
24,29963,414.0
24,29977,414.0
24,29991,414.0
24,30007,414.0
24,30009,414.0
24,30011,414.0
24,30027,414.0
24,30053,414.0
24,30067,414.0
24,30069,414.0
24,30083,414.0
24,30085,414.0
24,30115,414.0
24,30141,418.0
24,30169,418.0
24,30183,418.0
24,30209,418.0
24,30237,418.0
24,30239,418.0
24,30267,418.0
24,30297,418.0
24,30299,418.0
24,30325,418.0
24,30339,418.0
24,30353,418.0
24,30367,418.0
24,30381,418.0
24,30397,418.0
24,30413,418.0
24,30415,418.0
24,30441,418.0
24,30455,418.0
24,30469,418.0
24,30471,418.0
24,30499,418.0
24,30527,418.0
24,30543,418.0
24,30573,418.0
24,30587,418.0
24,30589,418.0
24,30619,418.0
24,30621,418.0
24,30635,418.0
24,30649,418.0
24,30665,418.0
24,30695,418.0
24,30721,418.0
24,30749,418.0
24,30751,418.0
24,30777,418.0
24,30779,418.0
24,30805,418.0
24,30831,418.0
24,30845,418.0
24,30859,418.0
24,30875,418.0
24,30891,418.0
24,30907,418.0
24,30937,418.0
24,30953,418.0
24,30981,418.0
24,30997,418.0
24,30999,418.0
24,31001,418.0
24,31015,418.0
24,31029,418.0
24,31045,418.0
24,31061,418.0
24,31075,418.0
24,31077,418.0
24,31079,418.0
24,31109,418.0
24,31137,418.0
24,31139,418.0
24,31153,418.0
24,31155,418.0
24,31183,418.0
24,31197,418.0
24,31223,418.0
24,31249,418.0
24,31251,418.0
24,31271,418.0
24,31303,418.0
24,31331,418.0
24,31357,418.0
24,31371,418.0
24,31403,418.0
24,31421,418.0
24,31437,418.0
24,31451,418.0
24,31467,418.0
24,31497,418.0
24,31511,418.0
24,31527,418.0
24,31541,419.0
24,31569,419.0
24,31599,419.0
24,31615,419.0
24,31645,419.0
24,31659,419.0
24,31689,419.0
24,31703,419.0
24,31719,419.0
24,31721,419.0
24,31735,419.0
24,31765,419.0
24,31779,419.0
24,31795,419.0
24,31825,419.0
24,31851,419.0
24,31879,419.0
24,31905,419.0
24,31921,419.0
24,31937,419.0
24,31953,419.0
24,31979,419.0
24,31997,419.0
24,31999,419.0
24,32025,419.0
24,32039,419.0
24,32041,419.0
24,32043,419.0
24,32057,419.0
24,32087,419.0
24,32105,419.0
24,32107,419.0
24,32133,419.0
24,32135,419.0
24,32149,419.0
24,32151,419.0
24,32179,419.0
24,32205,419.0
24,32219,419.0
24,32233,419.0
24,32249,419.0
24,32281,419.0
25,21596,298.0
25,21622,308.0
25,21648,308.0
25,21676,308.0
25,21704,319.0
25,21736,323.0
25,21738,323.0
25,21752,323.0
25,21766,331.0
25,21786,331.0
25,21812,331.0
25,21826,356.0
25,21828,356.0
25,21844,356.0
25,21860,356.0
25,21876,356.0
25,21904,356.0
25,21920,356.0
25,22361,356.0
25,22375,356.0
25,22391,356.0
25,22421,356.0
25,22449,356.0
25,22451,356.0
25,22453,356.0
25,22469,356.0
25,22497,356.0
25,22523,356.0
25,22551,356.0
25,22553,356.0
25,22555,356.0
25,22569,356.0
25,22585,356.0
25,22615,356.0
25,22647,356.0
25,22675,356.0
25,22689,356.0
25,22707,356.0
25,22723,356.0
25,22725,356.0
25,22755,356.0
25,22757,356.0
25,22785,356.0
25,22813,356.0
25,22839,356.0
25,22853,356.0
25,22869,356.0
25,22895,356.0
25,22925,356.0
25,22939,356.0
25,22969,356.0
25,22983,356.0
25,23013,356.0
25,23027,356.0
25,23043,356.0
25,23057,356.0
25,23083,372.0
25,23113,372.0
25,23133,372.0
25,23163,372.0
25,23179,372.0
25,23181,372.0
25,23209,373.0
25,23225,373.0
25,23241,373.0
25,23255,373.0
25,23269,373.0
25,23287,373.0
25,23305,373.0
25,23319,373.0
25,23345,373.0
25,23361,373.0
25,23377,373.0
25,23409,373.0
25,23437,373.0
25,23455,373.0
25,23473,373.0
25,23487,373.0
25,23503,373.0
25,23505,373.0
25,23519,373.0
25,23533,373.0
25,23559,373.0
25,23561,373.0
25,23563,373.0
25,23591,373.0
25,23605,373.0
25,23619,373.0
25,23647,373.0
25,23673,373.0
25,23707,373.0
25,23721,373.0
25,23737,373.0
25,23751,373.0
25,23779,373.0
25,23795,373.0
25,23797,373.0
25,23823,373.0
25,23837,373.0
25,23839,373.0
25,23865,373.0
25,23881,373.0
25,23911,373.0
25,23925,383.0
25,23939,383.0
25,23941,383.0
25,23955,383.0
25,23957,383.0
25,23973,383.0
25,23975,383.0
25,23989,383.0
25,24017,383.0
25,24031,383.0
25,24045,383.0
25,24047,383.0
25,24061,383.0
25,24089,383.0
25,24091,383.0
25,24093,383.0
25,24109,383.0
25,24135,383.0
25,24165,383.0
25,24181,383.0
25,24197,383.0
25,24199,383.0
25,24201,383.0
25,24227,396.0
25,24241,396.0
25,24267,396.0
25,24283,396.0
25,24311,396.0
25,24337,396.0
25,24353,396.0
25,24367,396.0
25,24381,396.0
25,24397,396.0
25,24423,396.0
25,24425,396.0
25,24427,396.0
25,24445,396.0
25,24447,396.0
25,24461,396.0
25,24475,396.0
25,24503,396.0
25,24517,396.0
25,24545,396.0
25,24559,396.0
25,24575,396.0
25,24577,396.0
25,24591,396.0
25,24607,396.0
25,24625,396.0
25,24643,396.0
25,24663,396.0
25,24679,396.0
25,24693,396.0
25,24713,396.0
25,24727,396.0
25,24729,396.0
25,24745,396.0
25,24761,396.0
25,24763,396.0
25,24765,396.0
25,24791,396.0
25,24805,396.0
25,24807,396.0
25,24809,396.0
25,24837,396.0
25,24839,396.0
25,24867,396.0
25,24881,396.0
25,24899,396.0
25,24927,396.0
25,24953,396.0
25,24967,396.0
25,24981,396.0
25,25007,396.0
25,25021,402.0
25,25047,402.0
25,25065,402.0
25,25095,402.0
25,25121,402.0
25,25135,402.0
25,25137,402.0
25,25163,402.0
25,25189,402.0
25,25191,402.0
25,25205,402.0
25,25219,402.0
25,25247,402.0
25,25261,402.0
25,25275,402.0
25,25291,402.0
25,25293,402.0
25,25307,402.0
25,25321,402.0
25,25337,402.0
25,25363,402.0
25,25391,402.0
25,25405,402.0
25,25431,402.0
25,25457,402.0
25,25491,402.0
25,25505,402.0
25,25531,402.0
25,25557,402.0
25,25571,402.0
25,25587,402.0
25,25601,402.0
25,25617,402.0
25,25631,402.0
25,25645,402.0
25,25659,402.0
25,25675,402.0
25,25689,402.0
25,25715,402.0
25,25729,402.0
25,25757,402.0
25,25787,402.0
25,25801,402.0
25,25829,402.0
25,25849,402.0
25,25875,402.0
25,25901,402.0
25,25917,402.0
25,25931,402.0
25,25945,402.0
25,25959,402.0
25,25993,402.0
25,26007,402.0
25,26035,402.0
25,26049,402.0
25,26067,402.0
25,26069,402.0
25,26071,402.0
25,26097,402.0
25,26123,402.0
25,26137,402.0
25,26151,402.0
25,26165,402.0
25,26193,402.0
25,26207,405.0
25,26221,405.0
25,26235,405.0
25,26237,405.0
25,26263,405.0
25,26265,405.0
25,26291,405.0
25,26293,405.0
25,26307,405.0
25,26339,405.0
25,26355,405.0
25,26381,405.0
25,26395,405.0
25,26397,405.0
25,26423,405.0
25,26453,405.0
25,26467,405.0
25,26481,405.0
25,26497,405.0
25,26527,405.0
25,26553,406.0
25,26567,406.0
25,26569,406.0
25,26583,406.0
25,26585,406.0
25,26587,406.0
25,26615,406.0
25,26631,406.0
25,26649,406.0
25,26651,406.0
25,26679,406.0
25,26681,406.0
25,26695,406.0
25,26697,406.0
25,26713,406.0
25,26739,406.0
25,26765,406.0
25,26793,406.0
25,26821,406.0
25,26823,406.0
25,26853,406.0
25,26855,406.0
25,26869,406.0
25,26899,406.0
25,26915,406.0
25,26941,406.0
25,26969,406.0
25,26983,406.0
25,27011,406.0
25,27025,406.0
25,27043,406.0
25,27045,406.0
25,27071,411.0
25,27085,411.0
25,27113,411.0
25,27141,411.0
25,27173,411.0
25,27201,411.0
25,27227,411.0
25,27229,411.0
25,27231,411.0
25,27245,411.0
25,27259,411.0
25,27291,411.0
25,27319,411.0
25,27333,411.0
25,27347,411.0
25,27365,411.0
25,27367,411.0
25,27393,411.0
25,27395,411.0
25,27409,411.0
25,27411,411.0
25,27445,411.0
25,27471,411.0
25,27499,411.0
25,27525,411.0
25,27539,411.0
25,27541,411.0
25,27555,411.0
25,27557,411.0
25,27571,411.0
25,27573,411.0
25,27575,411.0
25,27593,411.0
25,27609,411.0
25,27637,411.0
25,27651,411.0
25,27653,411.0
25,27667,411.0
25,27693,411.0
25,27695,411.0
25,27721,411.0
25,27747,411.0
25,27749,411.0
25,27777,411.0
25,27791,411.0
25,27793,411.0
25,27807,411.0
25,27835,411.0
25,27863,411.0
25,27865,411.0
25,27891,411.0
25,27905,411.0
25,27925,411.0
25,27939,411.0
25,27967,411.0
25,27981,411.0
25,28013,411.0
25,28015,411.0
25,28029,411.0
25,28045,411.0
25,28063,411.0
25,28089,411.0
25,28091,411.0
25,28117,411.0
25,28147,411.0
25,28163,411.0
25,28177,411.0
25,28191,411.0
25,28219,411.0
25,28241,411.0
25,28267,411.0
25,28295,411.0
25,28313,420.0
25,28329,420.0
25,28331,420.0
25,28345,420.0
25,28361,420.0
25,28391,420.0
25,28393,420.0
25,28407,420.0
25,28421,420.0
25,28449,420.0
25,28477,420.0
25,28493,420.0
25,28495,420.0
25,28509,420.0
25,28511,420.0
25,28525,420.0
25,28553,420.0
25,28555,420.0
25,28569,420.0
25,28597,420.0
25,28599,420.0
25,28615,420.0
25,28643,420.0
25,28671,420.0
25,28673,420.0
25,28701,420.0
25,28731,420.0
25,28733,420.0
25,28735,420.0
25,28749,420.0
25,28775,420.0
25,28789,420.0
25,28821,420.0
25,28823,420.0
25,28849,420.0
25,28865,420.0
25,28893,420.0
25,28919,420.0
25,28945,420.0
25,28979,420.0
25,28993,420.0
25,29009,420.0
25,29035,420.0
25,29063,420.0
25,29077,420.0
25,29097,420.0
25,29111,420.0
25,29125,420.0
25,29127,420.0
25,29157,420.0
25,29171,420.0
25,29185,420.0
25,29215,420.0
25,29241,420.0
25,29257,420.0
25,29259,420.0
25,29289,420.0
25,29303,420.0
25,29317,420.0
25,29343,420.0
25,29371,420.0
25,29387,420.0
25,29415,420.0
25,29417,420.0
25,29443,420.0
25,29457,420.0
25,29459,420.0
25,29489,420.0
25,29503,420.0
25,29519,420.0
25,29547,420.0
25,29549,420.0
25,29563,420.0
25,29577,420.0
25,29591,420.0
25,29617,420.0
25,29635,420.0
25,29667,420.0
25,29681,420.0
25,29695,420.0
25,29727,420.0
25,29729,420.0
25,29743,420.0
25,29757,420.0
25,29787,420.0
25,29801,420.0
25,29817,420.0
25,29843,420.0
25,29857,420.0
25,29873,420.0
25,29901,420.0
25,29915,420.0
25,29931,420.0
25,29961,420.0
25,29977,420.0
25,29991,420.0
25,30017,420.0
25,30019,420.0
25,30045,420.0
25,30073,420.0
25,30087,420.0
25,30115,420.0
25,30129,420.0
25,30131,420.0
25,30163,420.0
25,30193,420.0
25,30195,420.0
25,30209,420.0
25,30211,420.0
25,30225,420.0
25,30239,420.0
25,30241,420.0
25,30243,420.0
25,30269,420.0
25,30283,420.0
25,30299,420.0
25,30327,420.0
25,30329,420.0
25,30345,420.0
25,30363,420.0
25,30389,420.0
25,30403,420.0
25,30431,420.0
25,30433,420.0
25,30467,420.0
25,30469,420.0
25,30483,420.0
25,30497,420.0
25,30499,420.0
25,30513,420.0
25,30539,420.0
25,30557,420.0
25,30559,420.0
25,30587,420.0
25,30617,420.0
25,30631,420.0
25,30645,420.0
25,30671,420.0
25,30699,420.0
25,30701,420.0
25,30715,420.0
25,30741,420.0
25,30767,420.0
25,30783,420.0
25,30785,420.0
25,30787,420.0
25,30789,420.0
25,30817,420.0
25,30819,420.0
25,30821,420.0
25,30849,420.0
25,30881,420.0
25,30911,420.0
25,30941,420.0
25,30971,420.0
25,31001,420.0
25,31029,420.0
25,31045,420.0
25,31059,420.0
25,31087,420.0
25,31103,420.0
25,31117,420.0
25,31137,420.0
25,31151,420.0
25,31179,420.0
25,31195,420.0
25,31215,420.0
25,31217,420.0
25,31247,420.0
25,31275,420.0
25,31295,420.0
25,31323,420.0
25,31337,420.0
25,31367,420.0
25,31395,420.0
25,31411,420.0
25,31437,420.0
25,31439,420.0
25,31441,420.0
25,31471,420.0
25,31473,420.0
25,31487,420.0
25,31515,420.0
25,31529,420.0
25,31531,420.0
25,31559,420.0
25,31573,420.0
25,31589,420.0
25,31605,420.0
26,21886,314.0
26,22337,322.0
26,22363,322.0
26,22391,322.0
26,22417,322.0
26,22419,322.0
26,22421,322.0
26,22423,322.0
26,22437,322.0
26,22469,330.0
26,22483,330.0
26,22511,349.0
26,22525,349.0
26,22541,349.0
26,22555,349.0
26,22583,349.0
26,22597,349.0
26,22611,349.0
26,22641,349.0
26,22655,349.0
26,22681,349.0
26,22697,349.0
26,22713,349.0
26,22727,357.0
26,22759,357.0
26,22773,357.0
26,22791,357.0
26,22805,357.0
26,22831,365.0
26,22861,365.0
26,22891,365.0
26,22917,365.0
26,22947,365.0
26,22975,365.0
26,23005,365.0
26,23021,365.0
26,23035,365.0
26,23063,365.0
26,23077,365.0
26,23093,365.0
26,23095,365.0
26,23121,365.0
26,23135,365.0
26,23149,365.0
26,23165,365.0
26,23183,365.0
26,23199,365.0
26,23215,365.0
26,23229,365.0
26,23249,365.0
26,23265,365.0
26,23279,365.0
26,23293,365.0
26,23307,365.0
26,23309,365.0
26,23341,365.0
26,23369,365.0
26,23383,365.0
26,23401,365.0
26,23415,365.0
26,23417,365.0
26,23447,365.0
26,23461,365.0
26,23491,365.0
26,23517,365.0
26,23549,365.0
26,23579,365.0
26,23607,365.0
26,23623,365.0
26,23653,365.0
26,23655,365.0
26,23669,365.0
26,23671,365.0
26,23699,365.0
26,23725,365.0
26,23751,365.0
26,23781,365.0
26,23807,368.0
26,23835,368.0
26,23849,368.0
26,23851,368.0
26,23867,368.0
26,23895,368.0
26,23909,368.0
26,23939,368.0
26,23957,368.0
26,23975,368.0
26,23993,368.0
26,24007,368.0
26,24033,372.0
26,24049,372.0
26,24051,372.0
26,24079,372.0
26,24095,372.0
26,24097,372.0
26,24125,372.0
26,24139,372.0
26,24171,372.0
26,24173,372.0
26,24175,372.0
26,24177,372.0
26,24219,372.0
26,24245,372.0
26,24247,372.0
26,24249,372.0
26,24277,372.0
26,24291,372.0
26,24319,372.0
26,24333,372.0
26,24349,372.0
26,24363,372.0
26,24377,372.0
26,24379,372.0
26,24407,372.0
26,24421,374.0
26,24451,374.0
26,24453,374.0
26,24467,374.0
26,24495,374.0
26,24521,374.0
26,24549,374.0
26,24563,374.0
26,24591,374.0
26,24605,374.0
26,24619,374.0
26,24621,374.0
26,24647,374.0
26,24663,374.0
26,24665,374.0
26,24691,374.0
26,24719,374.0
26,24745,374.0
26,24773,374.0
26,24787,374.0
26,24801,374.0
26,24803,374.0
26,24819,374.0
26,24847,374.0
26,24879,374.0
26,24895,374.0
26,24911,374.0
26,24943,374.0
26,24961,374.0
26,24987,386.0
26,25001,386.0
26,25019,386.0
26,25047,386.0
26,25061,386.0
26,25075,386.0
26,25091,386.0
26,25093,386.0
26,25121,386.0
26,25137,386.0
26,25151,386.0
26,25165,386.0
26,25191,386.0
26,25193,386.0
26,25207,386.0
26,25235,386.0
26,25249,386.0
26,25267,386.0
26,25281,386.0
26,25313,386.0
26,25327,386.0
26,25355,386.0
26,25383,386.0
26,25411,386.0
26,25437,386.0
26,25467,386.0
26,25495,386.0
26,25525,386.0
26,25551,386.0
26,25571,386.0
26,25597,386.0
26,25615,386.0
26,25629,386.0
26,25659,386.0
26,25673,386.0
26,25699,386.0
26,25725,386.0
26,25739,386.0
26,25753,386.0
26,25779,386.0
26,25807,386.0
26,25809,386.0
26,25823,386.0
26,25825,386.0
26,25855,386.0
26,25869,386.0
26,25885,386.0
26,25911,386.0
26,25939,386.0
26,25953,386.0
26,25967,386.0
26,25995,386.0
26,25997,386.0
26,26011,386.0
26,26039,386.0
26,26053,386.0
26,26083,386.0
26,26097,386.0
26,26111,386.0
26,26129,386.0
26,26143,386.0
26,26159,386.0
26,26175,386.0
26,26189,386.0
26,26215,388.0
26,26229,388.0
26,26255,388.0
26,26281,388.0
26,26297,388.0
26,26329,388.0
26,26331,388.0
26,26363,388.0
26,26381,388.0
26,26413,388.0
26,26439,388.0
26,26467,388.0
26,26501,388.0
26,26529,388.0
26,26547,388.0
26,26561,391.0
26,26563,391.0
26,26577,394.0
26,26591,394.0
26,26605,394.0
26,26635,394.0
26,26653,394.0
26,26667,394.0
26,26697,394.0
26,26711,394.0
26,26739,394.0
26,26767,395.0
26,26793,395.0
26,26819,395.0
26,26853,395.0
26,26867,395.0
26,26881,395.0
26,26897,395.0
26,26929,395.0
26,26955,403.0
26,26981,403.0
26,27007,403.0
26,27023,403.0
26,27037,403.0
26,27067,403.0
26,27081,404.0
26,27083,404.0
26,27099,404.0
26,27115,404.0
26,27129,404.0
26,27143,404.0
26,27157,404.0
26,27171,404.0
26,27173,404.0
26,27175,404.0
26,27205,404.0
26,27219,404.0
26,27235,404.0
26,27263,404.0
26,27279,404.0
26,27281,404.0
26,27297,404.0
26,27311,404.0
26,27329,404.0
26,27343,404.0
26,27369,404.0
26,27371,404.0
26,27385,404.0
26,27401,404.0
26,27403,404.0
26,27417,404.0
26,27431,404.0
26,27449,404.0
26,27477,404.0
26,27491,404.0
26,27505,404.0
26,27519,404.0
26,27535,404.0
26,27549,404.0
26,27551,404.0
26,27577,404.0
26,27605,404.0
26,27631,404.0
26,27647,404.0
26,27673,404.0
26,27701,404.0
26,27715,404.0
26,27731,404.0
26,27759,404.0
26,27787,404.0
26,27807,404.0
26,27809,404.0
26,27837,404.0
26,27839,404.0
26,27865,404.0
26,27883,404.0
26,27897,404.0
26,27923,404.0
26,27939,404.0
26,27953,404.0
26,27955,404.0
26,27969,404.0
26,27971,404.0
26,27987,404.0
26,28001,404.0
26,28017,404.0
26,28031,404.0
26,28045,404.0
26,28061,404.0
26,28093,404.0
26,28095,404.0
26,28109,404.0
26,28135,404.0
26,28151,404.0
26,28181,404.0
26,28183,404.0
26,28197,404.0
26,28211,404.0
26,28225,404.0
26,28255,404.0
26,28283,407.0
26,28299,407.0
26,28313,407.0
26,28331,407.0
26,28357,407.0
26,28385,407.0
26,28413,407.0
26,28427,407.0
26,28459,407.0
26,28489,407.0
26,28507,407.0
26,28509,407.0
26,28539,407.0
26,28553,411.0
26,28567,411.0
26,28581,411.0
26,28599,411.0
26,28613,411.0
26,28627,411.0
26,28655,411.0
26,28687,411.0
26,28715,411.0
26,28745,411.0
26,28759,411.0
26,28761,411.0
26,28779,411.0
26,28809,411.0
26,28835,411.0
26,28851,411.0
26,28877,411.0
26,28879,411.0
26,28893,411.0
26,28925,411.0
26,28939,411.0
26,28971,411.0
26,28973,411.0
26,29003,411.0
26,29029,411.0
26,29045,411.0
26,29059,411.0
26,29089,411.0
26,29117,411.0
26,29133,411.0
26,29151,411.0
26,29181,411.0
26,29197,411.0
26,29199,411.0
26,29213,411.0
26,29215,411.0
26,29245,411.0
26,29273,411.0
26,29299,411.0
26,29313,411.0
26,29329,411.0
26,29345,411.0
26,29347,411.0
26,29377,411.0
26,29405,411.0
26,29407,411.0
26,29423,411.0
26,29439,411.0
26,29455,411.0
26,29469,411.0
26,29483,411.0
26,29515,411.0
26,29517,411.0
26,29519,411.0
26,29547,411.0
26,29577,411.0
26,29607,411.0
26,29623,411.0
26,29625,411.0
26,29653,411.0
26,29667,411.0
26,29681,411.0
26,29711,411.0
26,29713,411.0
26,29749,411.0
26,29763,411.0
26,29779,411.0
26,29807,411.0
26,29821,411.0
26,29853,411.0
26,29883,411.0
26,29909,411.0
26,29911,411.0
26,29927,411.0
26,29929,411.0
26,29957,411.0
26,29971,411.0
26,29989,411.0
26,30005,411.0
26,30031,411.0
26,30059,411.0
26,30075,411.0
26,30089,411.0
26,30115,413.0
26,30145,413.0
26,30147,413.0
26,30161,413.0
26,30189,413.0
26,30219,413.0
26,30245,413.0
26,30271,413.0
26,30285,413.0
26,30299,413.0
26,30315,413.0
26,30329,421.0
26,30367,421.0
26,30383,421.0
26,30411,421.0
26,30437,421.0
26,30453,421.0
26,30483,421.0
26,30497,421.0
26,30511,421.0
26,30513,421.0
26,30535,421.0
26,30553,421.0
26,30555,421.0
26,30585,421.0
26,30601,421.0
26,30627,421.0
26,30641,421.0
26,30669,421.0
26,30685,421.0
26,30687,421.0
26,30701,421.0
26,30733,421.0
26,30763,421.0
26,30765,421.0
26,30795,421.0
26,30823,421.0
26,30837,421.0
26,30851,421.0
26,30877,421.0
26,30891,421.0
26,30905,421.0
26,30925,421.0
26,30939,421.0
26,30953,421.0
26,30969,421.0
26,30997,421.0
26,31011,421.0
26,31013,421.0
26,31039,421.0
26,31041,421.0
26,31043,421.0
26,31057,421.0
26,31071,421.0
26,31085,421.0
26,31119,421.0
26,31135,421.0
26,31163,421.0
26,31189,421.0
26,31203,421.0
26,31219,421.0
26,31221,421.0
26,31235,421.0
26,31249,421.0
26,31277,421.0
26,31291,421.0
26,31319,421.0
26,31345,421.0
26,31375,421.0
26,31389,421.0
26,31417,421.0
26,31431,421.0
26,31447,421.0
26,31449,421.0
26,31477,421.0
26,31503,421.0
26,31505,421.0
26,31519,421.0
26,31533,421.0
26,31561,421.0
26,31575,421.0
26,31577,421.0
26,31603,421.0
26,31605,421.0
26,31621,421.0
26,31637,421.0
26,31665,421.0
26,31695,421.0
26,31709,421.0
26,31723,421.0
26,31753,421.0
26,31779,421.0
26,31781,421.0
26,31783,421.0
26,31809,421.0
26,31837,421.0
26,31851,421.0
26,31853,421.0
26,31855,421.0
26,31871,421.0
26,31885,421.0
27,21900,303.0
27,21926,306.0
27,21940,308.0
27,21968,308.0
27,21982,312.0
27,21998,312.0
27,22024,312.0
27,22052,312.0
27,22066,312.0
27,22080,312.0
27,22082,312.0
27,22096,326.0
27,22098,326.0
27,22100,326.0
27,22557,326.0
27,22589,326.0
27,22603,326.0
27,22633,326.0
27,22649,326.0
27,22665,326.0
27,22679,326.0
27,22693,326.0
27,22707,326.0
27,22737,326.0
27,22753,326.0
27,22781,326.0
27,22809,326.0
27,22823,330.0
27,22849,341.0
27,22865,341.0
27,22879,357.0
27,22893,357.0
27,22919,357.0
27,22933,357.0
27,22947,357.0
27,22973,357.0
27,22999,357.0
27,23017,357.0
27,23045,357.0
27,23047,357.0
27,23061,357.0
27,23077,357.0
27,23091,357.0
27,23093,357.0
27,23107,357.0
27,23133,357.0
27,23161,357.0
27,23191,357.0
27,23205,357.0
27,23221,357.0
27,23235,357.0
27,23251,357.0
27,23279,357.0
27,23293,357.0
27,23319,357.0
27,23335,357.0
27,23337,357.0
27,23351,357.0
27,23377,357.0
27,23379,357.0
27,23405,357.0
27,23407,357.0
27,23425,357.0
27,23451,358.0
27,23477,364.0
27,23495,364.0
27,23511,364.0
27,23525,368.0
27,23539,368.0
27,23567,368.0
27,23569,368.0
27,23585,368.0
27,23611,368.0
27,23639,368.0
27,23653,368.0
27,23681,368.0
27,23695,368.0
27,23725,368.0
27,23753,368.0
27,23785,368.0
27,23799,368.0
27,23825,368.0
27,23841,368.0
27,23855,368.0
27,23869,368.0
27,23883,368.0
27,23897,368.0
27,23927,368.0
27,23953,368.0
27,23955,368.0
27,23981,368.0
27,24009,368.0
27,24025,368.0
27,24053,368.0
27,24067,368.0
27,24095,368.0
27,24125,370.0
27,24151,370.0
27,24179,370.0
27,24193,370.0
27,24211,370.0
27,24241,370.0
27,24255,370.0
27,24281,371.0
27,24297,371.0
27,24323,371.0
27,24337,371.0
27,24339,371.0
27,24353,371.0
27,24385,371.0
27,24387,371.0
27,24403,371.0
27,24405,371.0
27,24431,383.0
27,24461,383.0
27,24475,383.0
27,24489,383.0
27,24503,383.0
27,24529,383.0
27,24545,383.0
27,24547,383.0
27,24561,383.0
27,24563,383.0
27,24591,383.0
27,24605,383.0
27,24621,383.0
27,24637,383.0
27,24653,383.0
27,24669,383.0
27,24683,383.0
27,24685,383.0
27,24713,383.0
27,24727,383.0
27,24753,383.0
27,24767,383.0
27,24783,383.0
27,24799,383.0
27,24813,383.0
27,24815,383.0
27,24835,383.0
27,24849,383.0
27,24865,383.0
27,24881,383.0
27,24915,383.0
27,24941,383.0
27,24967,383.0
27,24995,383.0
27,25021,383.0
27,25037,383.0
27,25053,383.0
27,25067,383.0
27,25085,383.0
27,25119,383.0
27,25133,383.0
27,25161,383.0
27,25189,383.0
27,25191,383.0
27,25219,383.0
27,25233,383.0
27,25265,383.0
27,25279,383.0
27,25295,383.0
27,25323,383.0
27,25337,383.0
27,25369,383.0
27,25383,383.0
27,25397,383.0
27,25399,383.0
27,25427,383.0
27,25443,383.0
27,25459,383.0
27,25475,383.0
27,25489,383.0
27,25505,383.0
27,25533,383.0
27,25547,383.0
27,25575,383.0
27,25591,383.0
27,25607,383.0
27,25635,383.0
27,25661,383.0
27,25675,383.0
27,25705,383.0
27,25731,383.0
27,25759,383.0
27,25773,383.0
27,25787,386.0
27,25805,386.0
27,25833,386.0
27,25849,386.0
27,25879,386.0
27,25905,386.0
27,25937,386.0
27,25965,386.0
27,25993,386.0
27,26009,386.0
27,26039,386.0
27,26053,386.0
27,26079,386.0
27,26097,386.0
27,26123,386.0
27,26137,386.0
27,26139,386.0
27,26141,386.0
27,26167,386.0
27,26193,386.0
27,26219,386.0
27,26245,386.0
27,26263,386.0
27,26289,386.0
27,26303,386.0
27,26305,386.0
27,26319,386.0
27,26347,386.0
27,26363,386.0
27,26389,389.0
27,26403,389.0
27,26419,389.0
27,26447,389.0
27,26461,389.0
27,26489,389.0
27,26503,389.0
27,26531,389.0
27,26545,389.0
27,26573,389.0
27,26587,389.0
27,26589,389.0
27,26591,389.0
27,26621,389.0
27,26647,389.0
27,26661,389.0
27,26677,389.0
27,26693,389.0
27,26695,389.0
27,26727,389.0
27,26729,389.0
27,26745,389.0
27,26773,389.0
27,26799,389.0
27,26813,398.0
27,26839,398.0
27,26857,398.0
27,26871,398.0
27,26885,398.0
27,26915,398.0
27,26929,398.0
27,26931,398.0
27,26933,398.0
27,26947,398.0
27,26949,398.0
27,26963,398.0
27,26979,398.0
27,27007,398.0
27,27025,398.0
27,27027,398.0
27,27041,398.0
27,27043,398.0
27,27071,398.0
27,27099,398.0
27,27127,398.0
27,27147,398.0
27,27177,398.0
27,27179,398.0
27,27195,398.0
27,27223,398.0
27,27251,398.0
27,27265,398.0
27,27295,398.0
27,27309,398.0
27,27337,398.0
27,27367,398.0
27,27383,398.0
27,27385,398.0
27,27413,398.0
27,27441,398.0
27,27469,398.0
27,27495,398.0
27,27509,398.0
27,27525,398.0
27,27541,398.0
27,27555,398.0
27,27571,398.0
27,27585,398.0
27,27603,398.0
27,27631,398.0
27,27649,398.0
27,27651,398.0
27,27679,398.0
27,27693,398.0
27,27723,398.0
27,27725,398.0
27,27741,398.0
27,27743,398.0
27,27775,398.0
27,27789,398.0
27,27791,398.0
27,27805,408.0
27,27837,408.0
27,27851,408.0
27,27877,408.0
27,27879,408.0
27,27905,408.0
27,27937,408.0
27,27951,408.0
27,27977,408.0
27,28005,408.0
27,28007,408.0
27,28021,408.0
27,28051,408.0
27,28083,408.0
27,28085,408.0
27,28101,408.0
27,28119,408.0
27,28121,408.0
27,28149,408.0
27,28163,408.0
27,28177,408.0
27,28193,408.0
27,28207,408.0
27,28221,408.0
27,28237,408.0
27,28265,408.0
27,28295,408.0
27,28309,408.0
27,28325,408.0
27,28353,408.0
27,28381,408.0
27,28383,408.0
27,28409,408.0
27,28435,408.0
27,28449,408.0
27,28481,408.0
27,28499,408.0
27,28527,412.0
27,28553,412.0
27,28567,412.0
27,28587,412.0
27,28615,412.0
27,28631,412.0
27,28645,412.0
27,28673,412.0
27,28699,412.0
27,28727,412.0
27,28757,412.0
27,28771,412.0
27,28785,412.0
27,28801,412.0
27,28827,412.0
27,28859,412.0
27,28875,412.0
27,28891,412.0
27,28909,412.0
27,28939,412.0
27,28953,412.0
27,28969,412.0
27,28971,412.0
27,28985,412.0
27,28999,412.0
27,29013,412.0
27,29015,412.0
27,29029,412.0
27,29057,412.0
27,29071,412.0
27,29073,412.0
27,29099,412.0
27,29127,412.0
27,29141,412.0
27,29171,412.0
27,29197,412.0
27,29213,412.0
27,29241,412.0
27,29267,412.0
27,29299,412.0
27,29301,412.0
27,29317,412.0
27,29343,412.0
27,29345,412.0
27,29359,412.0
27,29375,412.0
27,29403,412.0
27,29419,412.0
27,29433,412.0
27,29435,412.0
27,29465,412.0
27,29479,412.0
27,29497,412.0
27,29499,412.0
27,29527,412.0
27,29541,412.0
27,29557,412.0
27,29585,412.0
27,29611,412.0
27,29625,412.0
27,29641,412.0
27,29657,412.0
27,29659,412.0
27,29673,412.0
27,29687,412.0
27,29701,412.0
27,29715,412.0
27,29743,412.0
27,29745,412.0
27,29771,412.0
27,29797,412.0
27,29823,412.0
27,29841,412.0
27,29873,412.0
27,29891,412.0
27,29917,412.0
27,29919,412.0
27,29939,412.0
27,29955,412.0
27,29969,412.0
27,29983,412.0
27,30015,412.0
27,30031,412.0
27,30045,412.0
27,30071,412.0
27,30073,412.0
27,30091,412.0
27,30093,412.0
27,30095,412.0
27,30109,412.0
27,30127,412.0
27,30143,412.0
27,30171,412.0
27,30197,412.0
27,30227,412.0
27,30253,412.0
27,30267,412.0
27,30283,412.0
27,30311,412.0
27,30325,412.0
27,30341,412.0
27,30355,412.0
27,30371,412.0
27,30387,412.0
27,30401,412.0
27,30419,412.0
27,30421,412.0
27,30449,412.0
27,30451,412.0
27,30465,412.0
27,30481,412.0
27,30511,412.0
27,30539,412.0
27,30571,412.0
27,30585,412.0
27,30599,412.0
27,30627,412.0
27,30641,412.0
27,30657,412.0
27,30675,412.0
27,30689,412.0
27,30703,412.0
27,30717,412.0
27,30733,412.0
27,30735,412.0
27,30751,412.0
27,30779,412.0
27,30807,412.0
27,30835,412.0
27,30853,412.0
27,30869,412.0
27,30885,412.0
27,30901,412.0
27,30917,412.0
27,30943,420.0
27,30957,420.0
27,30985,420.0
27,31001,420.0
27,31015,420.0
27,31017,420.0
27,31031,420.0
27,31047,420.0
27,31063,420.0
27,31065,420.0
27,31067,420.0
27,31081,420.0
27,31107,420.0
27,31133,420.0
27,31147,420.0
27,31149,420.0
27,31163,420.0
27,31191,420.0
27,31223,420.0
27,31257,420.0
27,31283,420.0
27,31301,420.0
27,31315,420.0
27,31329,420.0
27,31343,420.0
27,31369,420.0
27,31397,420.0
27,31411,420.0
27,31437,420.0
27,31453,420.0
27,31481,420.0
27,31495,420.0
27,31497,420.0
27,31531,420.0
27,31557,420.0
27,31571,420.0
27,31597,420.0
27,31613,420.0
27,31615,420.0
27,31629,420.0
27,31631,420.0
27,31647,420.0
27,31661,420.0
27,31687,420.0
27,31715,420.0
27,31741,420.0
27,31767,420.0
27,31783,420.0
27,31811,420.0
27,31839,420.0
27,31853,420.0
27,31883,420.0
28,22372,299.0
28,22386,303.0
28,22869,303.0
28,22885,303.0
28,22899,303.0
28,22915,303.0
28,22947,303.0
28,22975,303.0
28,22989,303.0
28,23015,337.0
28,23029,358.0
28,23043,358.0
28,23069,358.0
28,23095,358.0
28,23129,358.0
28,23131,358.0
28,23147,358.0
28,23149,358.0
28,23165,358.0
28,23191,358.0
28,23205,358.0
28,23235,358.0
28,23263,358.0
28,23277,358.0
28,23291,358.0
28,23319,358.0
28,23333,358.0
28,23349,358.0
28,23365,358.0
28,23395,358.0
28,23425,358.0
28,23453,358.0
28,23469,358.0
28,23471,358.0
28,23473,358.0
28,23475,358.0
28,23503,358.0
28,23517,358.0
28,23531,358.0
28,23533,358.0
28,23547,358.0
28,23561,358.0
28,23589,358.0
28,23619,358.0
28,23645,358.0
28,23671,358.0
28,23689,358.0
28,23717,358.0
28,23747,358.0
28,23749,358.0
28,23763,358.0
28,23777,358.0
28,23791,373.0
28,23817,373.0
28,23833,373.0
28,23835,373.0
28,23861,373.0
28,23877,373.0
28,23891,373.0
28,23907,373.0
28,23921,373.0
28,23923,373.0
28,23939,373.0
28,23957,373.0
28,23985,373.0
28,24001,373.0
28,24027,373.0
28,24057,373.0
28,24071,373.0
28,24097,373.0
28,24123,373.0
28,24139,373.0
28,24141,373.0
28,24157,373.0
28,24185,373.0
28,24187,373.0
28,24215,373.0
28,24229,373.0
28,24259,373.0
28,24289,373.0
28,24303,373.0
28,24305,373.0
28,24319,374.0
28,24333,374.0
28,24347,374.0
28,24349,374.0
28,24375,374.0
28,24393,374.0
28,24407,374.0
28,24421,374.0
28,24447,374.0
28,24461,374.0
28,24489,374.0
28,24491,374.0
28,24519,374.0
28,24535,374.0
28,24563,374.0
28,24589,394.0
28,24603,394.0
28,24605,394.0
28,24619,394.0
28,24635,394.0
28,24653,394.0
28,24683,394.0
28,24697,394.0
28,24699,394.0
28,24727,394.0
28,24741,394.0
28,24757,394.0
28,24759,394.0
28,24773,394.0
28,24799,394.0
28,24813,394.0
28,24847,394.0
28,24875,394.0
28,24893,394.0
28,24907,394.0
28,24909,394.0
28,24935,394.0
28,24949,394.0
28,24963,395.0
28,24977,395.0
28,25007,395.0
28,25025,395.0
28,25041,395.0
28,25067,395.0
28,25103,395.0
28,25105,395.0
28,25137,395.0
28,25153,395.0
28,25179,395.0
28,25181,395.0
28,25207,395.0
28,25237,395.0
28,25263,395.0
28,25277,395.0
28,25293,395.0
28,25307,395.0
28,25333,395.0
28,25347,395.0
28,25349,395.0
28,25367,395.0
28,25369,395.0
28,25383,395.0
28,25385,395.0
28,25413,395.0
28,25427,395.0
28,25453,395.0
28,25483,395.0
28,25497,395.0
28,25523,395.0
28,25549,395.0
28,25565,395.0
28,25591,395.0
28,25609,395.0
28,25641,395.0
28,25657,395.0
28,25659,395.0
28,25675,395.0
28,25705,395.0
28,25731,395.0
28,25757,395.0
28,25775,395.0
28,25789,395.0
28,25791,395.0
28,25805,395.0
28,25835,395.0
28,25849,395.0
28,25879,395.0
28,25881,395.0
28,25909,395.0
28,25941,395.0
28,25955,395.0
28,25957,395.0
28,25983,406.0
28,26009,406.0
28,26025,406.0
28,26043,406.0
28,26069,406.0
28,26071,406.0
28,26099,406.0
28,26131,406.0
28,26145,406.0
28,26147,406.0
28,26161,406.0
28,26193,406.0
28,26207,406.0
28,26209,406.0
28,26223,406.0
28,26251,406.0
28,26265,406.0
28,26267,406.0
28,26293,406.0
28,26307,406.0
28,26333,406.0
28,26363,406.0
28,26377,406.0
28,26403,414.0
28,26429,414.0
28,26445,414.0
28,26459,414.0
28,26461,414.0
28,26487,414.0
28,26489,414.0
28,26503,414.0
28,26505,414.0
28,26533,414.0
28,26547,414.0
28,26549,414.0
28,26563,414.0
28,26591,414.0
28,26619,414.0
28,26649,414.0
28,26677,414.0
28,26691,414.0
28,26705,414.0
28,26707,414.0
28,26709,414.0
28,26735,414.0
28,26737,414.0
28,26767,414.0
28,26781,414.0
28,26795,414.0
28,26821,414.0
28,26823,414.0
28,26837,414.0
28,26863,414.0
28,26877,414.0
28,26879,414.0
28,26893,414.0
28,26907,414.0
28,26921,414.0
28,26951,414.0
28,26977,414.0
28,26993,414.0
28,27019,414.0
28,27049,414.0
28,27063,414.0
28,27093,414.0
28,27121,414.0
28,27147,414.0
28,27173,414.0
28,27201,414.0
28,27215,414.0
28,27241,414.0
28,27271,414.0
28,27285,414.0
28,27313,414.0
28,27315,414.0
28,27331,414.0
28,27361,414.0
28,27387,414.0
28,27401,414.0
28,27415,414.0
28,27441,414.0
28,27467,415.0
28,27497,415.0
28,27529,415.0
28,27543,415.0
28,27573,415.0
28,27589,415.0
28,27603,415.0
28,27619,415.0
28,27635,415.0
28,27663,415.0
28,27695,415.0
28,27709,415.0
28,27735,415.0
28,27763,415.0
28,27793,415.0
28,27807,415.0
28,27837,415.0
28,27863,415.0
28,27865,415.0
28,27895,415.0
28,27933,415.0
28,27961,415.0
28,27977,415.0
28,28003,415.0
28,28017,415.0
28,28049,415.0
28,28063,415.0
28,28079,415.0
28,28095,415.0
28,28123,415.0
28,28141,415.0
28,28155,415.0
28,28169,415.0
28,28183,415.0
28,28199,415.0
28,28213,415.0
28,28227,415.0
28,28255,415.0
28,28257,415.0
28,28271,415.0
28,28297,415.0
28,28299,415.0
28,28313,415.0
28,28327,415.0
28,28341,415.0
28,28355,415.0
28,28369,415.0
28,28385,415.0
28,28405,415.0
28,28431,415.0
28,28461,415.0
28,28475,415.0
28,28491,415.0
28,28517,415.0
28,28531,415.0
28,28549,415.0
28,28565,415.0
28,28567,415.0
28,28595,415.0
28,28597,415.0
28,28627,415.0
28,28643,415.0
28,28679,415.0
28,28707,415.0
28,28741,415.0
28,28767,415.0
28,28797,415.0
28,28825,415.0
28,28839,415.0
28,28841,415.0
28,28875,415.0
28,28889,415.0
28,28907,415.0
28,28909,415.0
28,28925,415.0
28,28939,415.0
28,28971,415.0
28,28973,415.0
28,28975,415.0
28,28977,415.0
28,28993,415.0
28,29007,415.0
28,29021,415.0
28,29057,415.0
28,29073,415.0
28,29099,415.0
28,29101,415.0
28,29103,415.0
28,29105,415.0
28,29135,415.0
28,29137,415.0
28,29167,415.0
28,29181,415.0
28,29211,415.0
28,29227,415.0
28,29259,415.0
28,29285,415.0
28,29299,415.0
28,29327,415.0
28,29341,419.0
28,29343,419.0
28,29345,419.0
28,29377,419.0
28,29391,419.0
28,29393,419.0
28,29395,419.0
28,29421,419.0
28,29447,419.0
28,29461,419.0
28,29479,419.0
28,29481,419.0
28,29511,419.0
28,29513,419.0
28,29539,419.0
28,29557,419.0
28,29559,419.0
28,29585,419.0
28,29611,419.0
28,29613,419.0
28,29627,419.0
28,29653,419.0
28,29667,419.0
28,29695,419.0
28,29723,419.0
28,29737,419.0
28,29767,419.0
28,29781,419.0
28,29811,419.0
28,29839,419.0
28,29855,419.0
28,29881,419.0
28,29895,419.0
28,29911,419.0
28,29937,419.0
28,29939,419.0
28,29967,419.0
28,29993,419.0
28,29995,419.0
28,30025,419.0
28,30039,419.0
28,30067,419.0
28,30099,419.0
28,30115,419.0
28,30143,419.0
28,30157,419.0
28,30173,419.0
28,30189,419.0
28,30191,419.0
28,30193,419.0
28,30209,419.0
28,30225,419.0
28,30259,419.0
28,30261,419.0
28,30275,419.0
28,30289,419.0
28,30315,419.0
28,30331,419.0
28,30345,419.0
28,30359,419.0
28,30361,419.0
28,30375,419.0
28,30389,419.0
28,30403,419.0
28,30417,419.0
28,30443,419.0
28,30473,419.0
28,30487,419.0
28,30503,419.0
28,30505,419.0
28,30507,419.0
28,30533,419.0
28,30547,419.0
28,30549,419.0
28,30563,419.0
28,30589,419.0
28,30619,419.0
28,30649,419.0
28,30665,419.0
28,30693,419.0
28,30695,419.0
28,30727,419.0
28,30729,419.0
28,30743,419.0
28,30769,419.0
28,30783,419.0
28,30797,419.0
28,30811,419.0
28,30839,419.0
28,30853,419.0
28,30885,421.0
28,30913,421.0
28,30915,421.0
28,30943,421.0
28,30973,421.0
28,30989,421.0
28,31021,421.0
28,31037,421.0
28,31051,421.0
28,31079,421.0
28,31093,421.0
28,31107,421.0
28,31121,421.0
28,31139,421.0
28,31167,421.0
28,31193,421.0
28,31207,421.0
28,31209,421.0
28,31223,421.0
28,31245,421.0
28,31263,421.0
28,31295,421.0
28,31297,421.0
28,31323,421.0
28,31351,421.0
28,31353,421.0
28,31383,421.0
28,31385,421.0
28,31399,421.0
28,31425,421.0
28,31439,421.0
28,31455,421.0
28,31457,421.0
28,31471,421.0
28,31485,421.0
28,31515,421.0
28,31531,421.0
28,31545,421.0
28,31559,421.0
28,31585,421.0
28,31587,421.0
28,31601,421.0
28,31619,421.0
28,31645,421.0
28,31671,421.0
28,31705,421.0
28,31721,421.0
28,31737,421.0
28,31765,421.0
28,31779,421.0
28,31781,421.0
28,31795,421.0
28,31797,421.0
28,31813,421.0
28,31815,421.0
28,31831,421.0
28,31867,421.0
28,31869,421.0
28,31883,421.0
28,31897,421.0
28,31923,421.0
28,31953,421.0
28,31955,421.0
28,31957,421.0
28,31959,421.0
28,31961,421.0
28,31963,421.0
28,31977,421.0
28,31991,421.0
28,32019,421.0
28,32049,421.0
28,32075,421.0
28,32089,421.0
28,32105,421.0
28,32119,421.0
28,32121,421.0
28,32135,421.0
28,32149,421.0
28,32175,421.0
28,32203,421.0
28,32229,421.0
28,32245,421.0
28,32263,421.0
28,32277,421.0
28,32303,421.0
28,32321,421.0
28,32349,421.0
28,32363,421.0
29,22336,291.0
29,22793,291.0
29,22807,291.0
29,22821,300.0
29,22847,306.0
29,22875,306.0
29,22893,306.0
29,22919,306.0
29,22933,306.0
29,22963,306.0
29,22979,306.0
29,23011,306.0
29,23029,306.0
29,23055,315.0
29,23071,315.0
29,23099,315.0
29,23101,315.0
29,23115,315.0
29,23131,315.0
29,23161,315.0
29,23189,315.0
29,23191,315.0
29,23217,315.0
29,23245,345.0
29,23277,345.0
29,23279,345.0
29,23305,345.0
29,23319,345.0
29,23347,345.0
29,23371,345.0
29,23397,345.0
29,23423,345.0
29,23451,345.0
29,23453,345.0
29,23469,345.0
29,23495,345.0
29,23523,345.0
29,23537,345.0
29,23563,345.0
29,23565,345.0
29,23581,345.0
29,23583,345.0
29,23603,345.0
29,23631,345.0
29,23657,345.0
29,23671,345.0
29,23701,345.0
29,23715,345.0
29,23717,345.0
29,23747,345.0
29,23765,345.0
29,23779,345.0
29,23807,345.0
29,23835,345.0
29,23869,345.0
29,23885,345.0
29,23915,345.0
29,23929,345.0
29,23955,345.0
29,23973,345.0
29,23987,345.0
29,24003,345.0
29,24031,345.0
29,24047,345.0
29,24077,345.0
29,24091,345.0
29,24093,345.0
29,24119,345.0
29,24135,345.0
29,24137,345.0
29,24139,345.0
29,24141,345.0
29,24167,345.0
29,24183,345.0
29,24197,345.0
29,24213,345.0
29,24227,345.0
29,24229,345.0
29,24245,345.0
29,24273,345.0
29,24301,345.0
29,24315,345.0
29,24345,345.0
29,24347,345.0
29,24373,345.0
29,24375,345.0
29,24389,345.0
29,24391,345.0
29,24407,345.0
29,24421,345.0
29,24451,345.0
29,24469,345.0
29,24495,353.0
29,24525,353.0
29,24557,353.0
29,24583,353.0
29,24597,353.0
29,24611,353.0
29,24637,353.0
29,24671,353.0
29,24697,353.0
29,24711,353.0
29,24725,353.0
29,24751,353.0
29,24785,353.0
29,24801,353.0
29,24831,353.0
29,24847,353.0
29,24875,353.0
29,24905,353.0
29,24919,353.0
29,24933,353.0
29,24963,353.0
29,24981,353.0
29,25015,353.0
29,25031,353.0
29,25045,353.0
29,25071,353.0
29,25107,353.0
29,25121,353.0
29,25123,353.0
29,25151,353.0
29,25167,353.0
29,25201,353.0
29,25215,353.0
29,25231,353.0
29,25249,353.0
29,25265,353.0
29,25293,353.0
29,25295,353.0
29,25321,353.0
29,25349,366.0
29,25365,366.0
29,25379,366.0
29,25405,366.0
29,25407,366.0
29,25435,366.0
29,25451,366.0
29,25481,366.0
29,25507,366.0
29,25521,371.0
29,25549,371.0
29,25563,371.0
29,25577,371.0
29,25591,371.0
29,25607,371.0
29,25621,371.0
29,25637,371.0
29,25665,371.0
29,25679,371.0
29,25707,371.0
29,25735,371.0
29,25749,371.0
29,25751,371.0
29,25777,371.0
29,25803,371.0
29,25823,371.0
29,25839,371.0
29,25853,371.0
29,25879,371.0
29,25881,371.0
29,25909,371.0
29,25927,371.0
29,25941,371.0
29,25957,371.0
29,25985,371.0
29,25999,371.0
29,26015,371.0
29,26045,371.0
29,26061,371.0
29,26089,371.0
29,26103,371.0
29,26133,371.0
29,26149,371.0
29,26151,371.0
29,26165,371.0
29,26181,371.0
29,26195,371.0
29,26197,371.0
29,26211,371.0
29,26239,371.0
29,26253,371.0
29,26281,371.0
29,26299,371.0
29,26313,371.0
29,26327,371.0
29,26341,371.0
29,26359,371.0
29,26361,371.0
29,26363,371.0
29,26389,371.0
29,26403,371.0
29,26429,379.0
29,26447,379.0
29,26449,379.0
29,26451,379.0
29,26479,379.0
29,26511,379.0
29,26527,379.0
29,26541,379.0
29,26561,379.0
29,26591,379.0
29,26607,379.0
29,26639,379.0
29,26641,379.0
29,26643,379.0
29,26657,379.0
29,26671,379.0
29,26673,379.0
29,26691,379.0
29,26723,379.0
29,26725,379.0
29,26739,379.0
29,26765,379.0
29,26767,379.0
29,26783,379.0
29,26785,379.0
29,26799,379.0
29,26825,379.0
29,26827,379.0
29,26829,379.0
29,26831,379.0
29,26845,379.0
29,26847,379.0
29,26849,379.0
29,26865,379.0
29,26881,379.0
29,26895,379.0
29,26921,379.0
29,26947,379.0
29,26977,379.0
29,26991,379.0
29,26993,379.0
29,27021,379.0
29,27051,379.0
29,27065,379.0
29,27091,379.0
29,27105,379.0
29,27133,379.0
29,27149,379.0
29,27177,379.0
29,27203,380.0
29,27229,380.0
29,27255,380.0
29,27269,380.0
29,27299,380.0
29,27301,380.0
29,27329,389.0
29,27357,389.0
29,27359,389.0
29,27387,389.0
29,27403,389.0
29,27429,389.0
29,27457,389.0
29,27471,389.0
29,27485,389.0
29,27515,389.0
29,27531,389.0
29,27533,389.0
29,27559,389.0
29,27587,389.0
29,27601,389.0
29,27627,399.0
29,27659,399.0
29,27695,399.0
29,27725,399.0
29,27739,399.0
29,27753,399.0
29,27781,399.0
29,27799,399.0
29,27813,399.0
29,27831,399.0
29,27847,399.0
29,27849,399.0
29,27875,399.0
29,27893,399.0
29,27919,399.0
29,27947,399.0
29,27961,399.0
29,27963,399.0
29,27977,399.0
29,28007,399.0
29,28021,399.0
29,28035,399.0
29,28049,399.0
29,28075,399.0
29,28077,399.0
29,28093,399.0
29,28109,399.0
29,28123,399.0
29,28137,399.0
29,28163,399.0
29,28191,399.0
29,28193,399.0
29,28221,399.0
29,28247,399.0
29,28265,399.0
29,28279,409.0
29,28293,409.0
29,28307,409.0
29,28323,409.0
29,28339,409.0
29,28353,409.0
29,28381,409.0
29,28415,409.0
29,28431,409.0
29,28447,409.0
29,28473,409.0
29,28487,409.0
29,28489,409.0
29,28491,409.0
29,28509,409.0
29,28541,409.0
29,28557,409.0
29,28585,409.0
29,28599,409.0
29,28613,409.0
29,28615,409.0
29,28631,409.0
29,28633,409.0
29,28649,409.0
29,28675,409.0
29,28689,409.0
29,28703,409.0
29,28717,409.0
29,28719,409.0
29,28733,409.0
29,28747,409.0
29,28761,409.0
29,28763,409.0
29,28791,409.0
29,28805,409.0
29,28835,409.0
29,28861,409.0
29,28893,409.0
29,28919,409.0
29,28921,409.0
29,28937,409.0
29,28953,409.0
29,28981,409.0
29,29011,409.0
29,29037,409.0
29,29053,409.0
29,29067,409.0
29,29093,409.0
29,29107,409.0
29,29121,409.0
29,29149,409.0
29,29163,409.0
29,29165,409.0
29,29179,409.0
29,29195,409.0
29,29197,409.0
29,29199,409.0
29,29225,409.0
29,29245,409.0
29,29273,409.0
29,29293,409.0
29,29295,409.0
29,29297,409.0
29,29311,409.0
29,29325,409.0
29,29351,409.0
29,29367,409.0
29,29381,409.0
29,29395,409.0
29,29421,409.0
29,29439,409.0
29,29453,409.0
29,29467,409.0
29,29481,409.0
29,29507,409.0
29,29523,409.0
29,29525,409.0
29,29551,409.0
29,29553,409.0
29,29581,409.0
29,29595,409.0
29,29623,409.0
29,29625,409.0
29,29639,409.0
29,29667,409.0
29,29695,409.0
29,29709,409.0
29,29725,409.0
29,29739,409.0
29,29753,409.0
29,29779,409.0
29,29805,409.0
29,29833,409.0
29,29835,409.0
29,29867,409.0
29,29893,409.0
29,29895,409.0
29,29909,409.0
29,29923,412.0
29,29925,412.0
29,29945,412.0
29,29959,412.0
29,29973,412.0
29,29987,412.0
29,29989,412.0
29,30019,412.0
29,30037,412.0
29,30039,412.0
29,30041,412.0
29,30043,412.0
29,30059,412.0
29,30085,412.0
29,30113,412.0
29,30127,412.0
29,30141,412.0
29,30155,412.0
29,30181,412.0
29,30195,412.0
29,30221,412.0
29,30235,412.0
29,30249,412.0
29,30251,412.0
29,30265,412.0
29,30267,412.0
29,30295,412.0
29,30321,412.0
29,30335,412.0
29,30349,412.0
29,30363,412.0
29,30393,412.0
29,30407,412.0
29,30433,412.0
29,30435,412.0
29,30465,412.0
29,30493,412.0
29,30495,412.0
29,30509,412.0
29,30541,412.0
29,30567,412.0
29,30595,412.0
29,30597,412.0
29,30631,412.0
29,30645,415.0
29,30659,415.0
29,30675,415.0
29,30689,415.0
29,30703,415.0
29,30705,415.0
29,30733,415.0
29,30765,415.0
29,30791,415.0
29,30805,415.0
29,30835,415.0
29,30849,415.0
29,30851,415.0
29,30877,415.0
29,30891,415.0
29,30919,415.0
29,30945,415.0
29,30971,415.0
29,30997,415.0
29,31023,415.0
29,31039,415.0
29,31069,415.0
29,31099,415.0
29,31113,415.0
29,31127,415.0
29,31141,415.0
29,31167,415.0
29,31195,415.0
29,31221,415.0
29,31247,415.0
29,31263,415.0
29,31277,415.0
29,31307,415.0
29,31333,415.0
29,31351,415.0
29,31365,415.0
29,31381,415.0
29,31383,415.0
29,31399,415.0
29,31425,415.0
29,31427,415.0
29,31459,415.0
29,31477,415.0
29,31491,415.0
29,31521,415.0
29,31549,415.0
29,31551,415.0
29,31567,415.0
29,31569,415.0
29,31571,415.0
29,31573,415.0
29,31587,415.0
29,31607,415.0
29,31623,415.0
29,31649,415.0
29,31677,415.0
29,31705,415.0
29,31723,415.0
29,31737,415.0
29,31739,415.0
29,31765,415.0
29,31791,415.0
29,31817,415.0
29,31831,415.0
29,31833,415.0
29,31869,415.0
29,31871,415.0
29,31885,415.0
29,31913,415.0
29,31941,415.0
29,31971,415.0
29,31973,415.0
29,32001,415.0
29,32017,415.0
29,32051,415.0
29,32077,415.0
29,32105,415.0
29,32119,415.0
29,32145,415.0
29,32159,415.0
29,32173,415.0
29,32175,415.0
29,32205,415.0
29,32231,415.0
29,32247,415.0
29,32277,415.0
29,32307,415.0
29,32321,415.0
29,32349,415.0
30,22074,295.0
30,22076,295.0
30,22078,295.0
30,22108,311.0
30,22140,311.0
30,22170,311.0
30,22184,311.0
30,22198,311.0
30,22224,311.0
30,22238,311.0
30,22677,311.0
30,22679,311.0
30,22693,311.0
30,22709,311.0
30,22735,321.0
30,22753,321.0
30,22769,321.0
30,22783,321.0
30,22801,321.0
30,22803,321.0
30,22805,321.0
30,22833,321.0
30,22851,321.0
30,22877,321.0
30,22891,321.0
30,22893,321.0
30,22895,321.0
30,22897,321.0
30,22913,321.0
30,22929,321.0
30,22957,321.0
30,22983,335.0
30,22997,335.0
30,22999,335.0
30,23013,335.0
30,23015,335.0
30,23017,335.0
30,23043,335.0
30,23045,335.0
30,23059,335.0
30,23075,335.0
30,23101,356.0
30,23115,356.0
30,23143,356.0
30,23171,356.0
30,23201,356.0
30,23215,356.0
30,23241,356.0
30,23271,363.0
30,23297,363.0
30,23327,363.0
30,23343,363.0
30,23357,363.0
30,23373,363.0
30,23399,363.0
30,23401,363.0
30,23427,363.0
30,23459,363.0
30,23473,363.0
30,23487,363.0
30,23503,363.0
30,23505,363.0
30,23533,363.0
30,23547,363.0
30,23577,363.0
30,23593,363.0
30,23607,363.0
30,23625,363.0
30,23653,363.0
30,23681,363.0
30,23697,363.0
30,23723,363.0
30,23725,363.0
30,23753,363.0
30,23767,363.0
30,23785,363.0
30,23813,370.0
30,23827,370.0
30,23841,370.0
30,23855,370.0
30,23857,370.0
30,23873,370.0
30,23875,370.0
30,23893,370.0
30,23921,370.0
30,23947,370.0
30,23961,370.0
30,23963,370.0
30,23977,370.0
30,24007,370.0
30,24025,370.0
30,24039,370.0
30,24069,370.0
30,24071,370.0
30,24099,370.0
30,24125,370.0
30,24141,370.0
30,24167,370.0
30,24169,370.0
30,24199,370.0
30,24213,384.0
30,24227,384.0
30,24243,384.0
30,24273,384.0
30,24287,384.0
30,24303,384.0
30,24305,384.0
30,24333,384.0
30,24347,384.0
30,24361,384.0
30,24375,384.0
30,24391,384.0
30,24405,384.0
30,24433,384.0
30,24459,387.0
30,24473,387.0
30,24499,387.0
30,24515,387.0
30,24543,387.0
30,24569,387.0
30,24587,387.0
30,24613,387.0
30,24627,387.0
30,24641,387.0
30,24667,387.0
30,24681,387.0
30,24711,387.0
30,24739,387.0
30,24765,387.0
30,24767,387.0
30,24781,387.0
30,24795,387.0
30,24829,387.0
30,24857,387.0
30,24873,387.0
30,24887,387.0
30,24919,387.0
30,24947,387.0
30,24963,387.0
30,24993,387.0
30,25019,387.0
30,25045,387.0
30,25059,387.0
30,25085,387.0
30,25099,387.0
30,25113,387.0
30,25139,387.0
30,25167,387.0
30,25193,387.0
30,25225,387.0
30,25259,387.0
30,25287,387.0
30,25301,387.0
30,25331,387.0
30,25363,387.0
30,25365,387.0
30,25379,387.0
30,25393,387.0
30,25411,387.0
30,25437,389.0
30,25439,389.0
30,25441,389.0
30,25455,389.0
30,25469,389.0
30,25483,389.0
30,25499,389.0
30,25513,389.0
30,25529,389.0
30,25543,389.0
30,25569,389.0
30,25597,389.0
30,25627,389.0
30,25643,389.0
30,25671,389.0
30,25673,389.0
30,25687,389.0
30,25725,389.0
30,25753,389.0
30,25785,389.0
30,25813,389.0
30,25841,389.0
30,25869,389.0
30,25895,389.0
30,25921,389.0
30,25937,389.0
30,25951,389.0
30,25979,389.0
30,25993,392.0
30,26011,392.0
30,26025,392.0
30,26055,392.0
30,26069,392.0
30,26083,392.0
30,26099,392.0
30,26115,392.0
30,26143,392.0
30,26157,392.0
30,26175,392.0
30,26191,392.0
30,26217,392.0
30,26231,401.0
30,26257,401.0
30,26259,401.0
30,26275,401.0
30,26301,401.0
30,26329,401.0
30,26343,401.0
30,26357,401.0
30,26371,401.0
30,26399,401.0
30,26413,401.0
30,26441,401.0
30,26455,401.0
30,26485,401.0
30,26517,401.0
30,26543,401.0
30,26569,401.0
30,26583,411.0
30,26597,411.0
30,26625,411.0
30,26639,411.0
30,26665,411.0
30,26695,411.0
30,26711,411.0
30,26737,412.0
30,26751,412.0
30,26783,412.0
30,26797,412.0
30,26823,412.0
30,26837,412.0
30,26851,412.0
30,26877,412.0
30,26879,412.0
30,26893,412.0
30,26895,412.0
30,26911,412.0
30,26925,412.0
30,26943,412.0
30,26945,412.0
30,26971,412.0
30,26985,412.0
30,26987,412.0
30,27017,412.0
30,27031,412.0
30,27045,412.0
30,27059,412.0
30,27085,412.0
30,27101,412.0
30,27121,412.0
30,27137,412.0
30,27153,412.0
30,27173,412.0
30,27175,412.0
30,27203,412.0
30,27221,412.0
30,27237,412.0
30,27251,412.0
30,27253,412.0
30,27279,412.0
30,27295,412.0
30,27311,412.0
30,27339,412.0
30,27353,412.0
30,27369,412.0
30,27397,412.0
30,27413,412.0
30,27433,412.0
30,27461,412.0
30,27489,412.0
30,27519,412.0
30,27521,412.0
30,27549,412.0
30,27565,412.0
30,27567,412.0
30,27581,412.0
30,27597,412.0
30,27627,412.0
30,27641,412.0
30,27655,412.0
30,27681,412.0
30,27699,412.0
30,27713,412.0
30,27715,412.0
30,27731,412.0
30,27747,412.0
30,27749,412.0
30,27765,412.0
30,27791,412.0
30,27823,412.0
30,27837,412.0
30,27869,412.0
30,27871,412.0
30,27885,412.0
30,27899,412.0
30,27913,412.0
30,27927,412.0
30,27955,412.0
30,27957,412.0
30,27959,412.0
30,27989,412.0
30,27991,412.0
30,28005,412.0
30,28021,412.0
30,28037,412.0
30,28051,412.0
30,28053,412.0
30,28083,412.0
30,28097,412.0
30,28111,412.0
30,28137,412.0
30,28139,412.0
30,28141,412.0
30,28143,412.0
30,28145,412.0
30,28159,412.0
30,28185,412.0
30,28199,412.0
30,28213,412.0
30,28239,412.0
30,28265,412.0
30,28279,412.0
30,28281,412.0
30,28309,412.0
30,28327,412.0
30,28341,412.0
30,28355,412.0
30,28369,412.0
30,28391,412.0
30,28407,412.0
30,28433,412.0
30,28453,412.0
30,28467,412.0
30,28503,412.0
30,28517,412.0
30,28531,412.0
30,28557,412.0
30,28571,417.0
30,28585,417.0
30,28599,417.0
30,28631,417.0
30,28633,417.0
30,28647,417.0
30,28661,417.0
30,28679,417.0
30,28707,417.0
30,28709,417.0
30,28739,417.0
30,28753,417.0
30,28769,417.0
30,28785,417.0
30,28799,417.0
30,28815,417.0
30,28829,417.0
30,28859,417.0
30,28889,419.0
30,28915,419.0
30,28929,419.0
30,28955,419.0
30,28969,419.0
30,29001,419.0
30,29017,419.0
30,29019,419.0
30,29047,419.0
30,29063,419.0
30,29079,419.0
30,29093,419.0
30,29095,419.0
30,29109,419.0
30,29111,419.0
30,29113,419.0
30,29115,419.0
30,29129,419.0
30,29143,419.0
30,29145,419.0
30,29163,419.0
30,29195,419.0
30,29221,419.0
30,29249,419.0
30,29267,419.0
30,29295,419.0
30,29297,419.0
30,29299,419.0
30,29333,419.0
30,29359,419.0
30,29385,419.0
30,29415,419.0
30,29441,419.0
30,29469,419.0
30,29487,419.0
30,29513,419.0
30,29539,419.0
30,29569,419.0
30,29571,419.0
30,29587,419.0
30,29601,419.0
30,29617,419.0
30,29645,419.0
30,29659,419.0
30,29675,419.0
30,29707,419.0
30,29723,419.0
30,29737,419.0
30,29739,419.0
30,29753,419.0
30,29769,419.0
30,29783,419.0
30,29809,419.0
30,29827,419.0
30,29841,419.0
30,29855,419.0
30,29869,419.0
30,29895,419.0
30,29909,419.0
30,29937,419.0
30,29951,419.0
30,29965,419.0
30,29979,419.0
30,29981,419.0
30,30011,419.0
30,30027,419.0
30,30041,419.0
30,30043,419.0
30,30075,419.0
30,30105,419.0
30,30123,419.0
30,30151,419.0
30,30165,419.0
30,30181,419.0
30,30195,419.0
30,30221,419.0
30,30235,419.0
30,30251,419.0
30,30267,419.0
30,30281,419.0
30,30283,419.0
30,30309,419.0
30,30323,419.0
30,30337,419.0
30,30353,419.0
30,30367,419.0
30,30381,419.0
30,30399,419.0
30,30429,419.0
30,30445,419.0
30,30461,419.0
30,30475,419.0
30,30489,419.0
30,30519,419.0
30,30537,419.0
30,30563,419.0
30,30577,419.0
30,30611,419.0
30,30639,419.0
30,30655,419.0
30,30669,419.0
30,30697,419.0
30,30711,419.0
30,30737,419.0
30,30771,419.0
30,30797,419.0
30,30811,419.0
30,30825,419.0
30,30851,419.0
30,30867,419.0
30,30897,419.0
30,30913,419.0
30,30941,419.0
30,30969,419.0
30,31001,419.0
30,31027,419.0
30,31041,419.0
30,31073,419.0
30,31099,419.0
30,31101,419.0
30,31131,419.0
30,31145,419.0
30,31159,419.0
30,31173,419.0
30,31187,419.0
30,31205,419.0
30,31207,419.0
30,31221,419.0
30,31235,419.0
30,31265,419.0
30,31299,419.0
30,31329,419.0
30,31343,419.0
30,31371,419.0
30,31385,419.0
30,31399,419.0
30,31429,419.0
30,31431,419.0
30,31461,419.0
30,31463,419.0
30,31477,419.0
30,31503,419.0
30,31519,419.0
30,31547,419.0
30,31575,419.0
30,31591,419.0
30,31593,419.0
30,31609,419.0
30,31635,419.0
30,31661,419.0
30,31675,419.0
30,31689,419.0
30,31705,419.0
30,31731,419.0
30,31733,419.0
30,31751,419.0
30,31779,419.0
30,31793,419.0
30,31795,419.0
30,31821,419.0
30,31837,419.0
30,31853,419.0
30,31855,419.0
30,31857,419.0
30,31887,419.0
30,31915,419.0
30,31917,419.0
30,31933,419.0
30,31947,419.0
30,31961,419.0
30,31975,419.0
30,31989,419.0
30,32019,419.0
30,32045,420.0
30,32061,420.0
30,32063,420.0
30,32089,420.0
